<?xml version="1.0" encoding="UTF-8"?>
<gpx version="1.0" creator="OpenStreetMap.org" xmlns="http://www.topografix.com/GPX/1/0">
  <trk>
    <name>2022_03_11_22_34_35_2022_03_11_22_34_35.gpx</name>
    <desc>driving</desc>
    <url>/user/abhimanyu003/traces/4176567</url>
    <trkseg>
      <trkpt lat="26.8478033" lon="75.8029767">
        <time>2022-03-11T17:12:29Z</time>
      </trkpt>
      <trkpt lat="26.8476650" lon="75.8029517">
        <time>2022-03-11T17:12:30Z</time>
      </trkpt>
      <trkpt lat="26.8475250" lon="75.8029300">
        <time>2022-03-11T17:12:31Z</time>
      </trkpt>
      <trkpt lat="26.8473833" lon="75.8029067">
        <time>2022-03-11T17:12:32Z</time>
      </trkpt>
      <trkpt lat="26.8472383" lon="75.8028717">
        <time>2022-03-11T17:12:33Z</time>
      </trkpt>
      <trkpt lat="26.8470833" lon="75.8028383">
        <time>2022-03-11T17:12:34Z</time>
      </trkpt>
      <trkpt lat="26.8469267" lon="75.8028133">
        <time>2022-03-11T17:12:35Z</time>
      </trkpt>
      <trkpt lat="26.8467900" lon="75.8027733">
        <time>2022-03-11T17:12:36Z</time>
      </trkpt>
      <trkpt lat="26.8466500" lon="75.8027383">
        <time>2022-03-11T17:12:37Z</time>
      </trkpt>
      <trkpt lat="26.8465067" lon="75.8026950">
        <time>2022-03-11T17:12:38Z</time>
      </trkpt>
      <trkpt lat="26.8463667" lon="75.8026600">
        <time>2022-03-11T17:12:39Z</time>
      </trkpt>
      <trkpt lat="26.8462283" lon="75.8026200">
        <time>2022-03-11T17:12:40Z</time>
      </trkpt>
      <trkpt lat="26.8461017" lon="75.8025917">
        <time>2022-03-11T17:12:41Z</time>
      </trkpt>
      <trkpt lat="26.8459983" lon="75.8025400">
        <time>2022-03-11T17:12:42Z</time>
      </trkpt>
      <trkpt lat="26.8458900" lon="75.8025050">
        <time>2022-03-11T17:12:43Z</time>
      </trkpt>
      <trkpt lat="26.8457817" lon="75.8024767">
        <time>2022-03-11T17:12:44Z</time>
      </trkpt>
      <trkpt lat="26.8456783" lon="75.8024450">
        <time>2022-03-11T17:12:45Z</time>
      </trkpt>
      <trkpt lat="26.8455683" lon="75.8024183">
        <time>2022-03-11T17:12:46Z</time>
      </trkpt>
      <trkpt lat="26.8454600" lon="75.8024017">
        <time>2022-03-11T17:12:47Z</time>
      </trkpt>
      <trkpt lat="26.8453567" lon="75.8023817">
        <time>2022-03-11T17:12:48Z</time>
      </trkpt>
      <trkpt lat="26.8452517" lon="75.8023533">
        <time>2022-03-11T17:12:49Z</time>
      </trkpt>
      <trkpt lat="26.8451450" lon="75.8023317">
        <time>2022-03-11T17:12:50Z</time>
      </trkpt>
      <trkpt lat="26.8450317" lon="75.8023067">
        <time>2022-03-11T17:12:51Z</time>
      </trkpt>
      <trkpt lat="26.8449267" lon="75.8022917">
        <time>2022-03-11T17:12:52Z</time>
      </trkpt>
      <trkpt lat="26.8448167" lon="75.8022667">
        <time>2022-03-11T17:12:53Z</time>
      </trkpt>
      <trkpt lat="26.8447050" lon="75.8022450">
        <time>2022-03-11T17:12:54Z</time>
      </trkpt>
      <trkpt lat="26.8445950" lon="75.8022233">
        <time>2022-03-11T17:12:55Z</time>
      </trkpt>
      <trkpt lat="26.8444900" lon="75.8022000">
        <time>2022-03-11T17:12:56Z</time>
      </trkpt>
      <trkpt lat="26.8443767" lon="75.8021733">
        <time>2022-03-11T17:12:57Z</time>
      </trkpt>
      <trkpt lat="26.8442600" lon="75.8021483">
        <time>2022-03-11T17:12:58Z</time>
      </trkpt>
      <trkpt lat="26.8441433" lon="75.8021267">
        <time>2022-03-11T17:12:59Z</time>
      </trkpt>
      <trkpt lat="26.8440383" lon="75.8021067">
        <time>2022-03-11T17:13:00Z</time>
      </trkpt>
      <trkpt lat="26.8439383" lon="75.8020850">
        <time>2022-03-11T17:13:01Z</time>
      </trkpt>
      <trkpt lat="26.8438450" lon="75.8020667">
        <time>2022-03-11T17:13:02Z</time>
      </trkpt>
      <trkpt lat="26.8437467" lon="75.8020433">
        <time>2022-03-11T17:13:03Z</time>
      </trkpt>
      <trkpt lat="26.8436433" lon="75.8020150">
        <time>2022-03-11T17:13:04Z</time>
      </trkpt>
      <trkpt lat="26.8435433" lon="75.8019850">
        <time>2022-03-11T17:13:05Z</time>
      </trkpt>
      <trkpt lat="26.8434417" lon="75.8019600">
        <time>2022-03-11T17:13:06Z</time>
      </trkpt>
      <trkpt lat="26.8433417" lon="75.8019400">
        <time>2022-03-11T17:13:07Z</time>
      </trkpt>
      <trkpt lat="26.8432350" lon="75.8019150">
        <time>2022-03-11T17:13:08Z</time>
      </trkpt>
      <trkpt lat="26.8431333" lon="75.8018900">
        <time>2022-03-11T17:13:09Z</time>
      </trkpt>
      <trkpt lat="26.8430283" lon="75.8018667">
        <time>2022-03-11T17:13:10Z</time>
      </trkpt>
      <trkpt lat="26.8429233" lon="75.8018400">
        <time>2022-03-11T17:13:11Z</time>
      </trkpt>
      <trkpt lat="26.8428150" lon="75.8018083">
        <time>2022-03-11T17:13:12Z</time>
      </trkpt>
      <trkpt lat="26.8427133" lon="75.8017783">
        <time>2022-03-11T17:13:13Z</time>
      </trkpt>
      <trkpt lat="26.8426250" lon="75.8017517">
        <time>2022-03-11T17:13:14Z</time>
      </trkpt>
      <trkpt lat="26.8425467" lon="75.8017350">
        <time>2022-03-11T17:13:15Z</time>
      </trkpt>
      <trkpt lat="26.8424800" lon="75.8017250">
        <time>2022-03-11T17:13:16Z</time>
      </trkpt>
      <trkpt lat="26.8424200" lon="75.8017150">
        <time>2022-03-11T17:13:17Z</time>
      </trkpt>
      <trkpt lat="26.8423600" lon="75.8017150">
        <time>2022-03-11T17:13:18Z</time>
      </trkpt>
      <trkpt lat="26.8422983" lon="75.8017267">
        <time>2022-03-11T17:13:19Z</time>
      </trkpt>
      <trkpt lat="26.8422383" lon="75.8017450">
        <time>2022-03-11T17:13:20Z</time>
      </trkpt>
      <trkpt lat="26.8421767" lon="75.8017750">
        <time>2022-03-11T17:13:21Z</time>
      </trkpt>
      <trkpt lat="26.8421183" lon="75.8018100">
        <time>2022-03-11T17:13:22Z</time>
      </trkpt>
      <trkpt lat="26.8420650" lon="75.8018617">
        <time>2022-03-11T17:13:23Z</time>
      </trkpt>
      <trkpt lat="26.8420200" lon="75.8019183">
        <time>2022-03-11T17:13:24Z</time>
      </trkpt>
      <trkpt lat="26.8419717" lon="75.8019867">
        <time>2022-03-11T17:13:25Z</time>
      </trkpt>
      <trkpt lat="26.8419250" lon="75.8020567">
        <time>2022-03-11T17:13:26Z</time>
      </trkpt>
      <trkpt lat="26.8418667" lon="75.8021350">
        <time>2022-03-11T17:13:27Z</time>
      </trkpt>
      <trkpt lat="26.8418067" lon="75.8022200">
        <time>2022-03-11T17:13:28Z</time>
      </trkpt>
      <trkpt lat="26.8417383" lon="75.8023017">
        <time>2022-03-11T17:13:29Z</time>
      </trkpt>
      <trkpt lat="26.8416717" lon="75.8023917">
        <time>2022-03-11T17:13:30Z</time>
      </trkpt>
      <trkpt lat="26.8416000" lon="75.8024867">
        <time>2022-03-11T17:13:31Z</time>
      </trkpt>
      <trkpt lat="26.8415283" lon="75.8025667">
        <time>2022-03-11T17:13:32Z</time>
      </trkpt>
      <trkpt lat="26.8414533" lon="75.8026550">
        <time>2022-03-11T17:13:33Z</time>
      </trkpt>
      <trkpt lat="26.8413817" lon="75.8027450">
        <time>2022-03-11T17:13:34Z</time>
      </trkpt>
      <trkpt lat="26.8413050" lon="75.8028333">
        <time>2022-03-11T17:13:35Z</time>
      </trkpt>
      <trkpt lat="26.8412233" lon="75.8029133">
        <time>2022-03-11T17:13:36Z</time>
      </trkpt>
      <trkpt lat="26.8411333" lon="75.8029850">
        <time>2022-03-11T17:13:37Z</time>
      </trkpt>
      <trkpt lat="26.8410483" lon="75.8030533">
        <time>2022-03-11T17:13:38Z</time>
      </trkpt>
      <trkpt lat="26.8409650" lon="75.8031167">
        <time>2022-03-11T17:13:39Z</time>
      </trkpt>
      <trkpt lat="26.8408750" lon="75.8031750">
        <time>2022-03-11T17:13:40Z</time>
      </trkpt>
      <trkpt lat="26.8407767" lon="75.8032300">
        <time>2022-03-11T17:13:41Z</time>
      </trkpt>
      <trkpt lat="26.8406633" lon="75.8032650">
        <time>2022-03-11T17:13:42Z</time>
      </trkpt>
      <trkpt lat="26.8405517" lon="75.8033033">
        <time>2022-03-11T17:13:43Z</time>
      </trkpt>
      <trkpt lat="26.8404383" lon="75.8033417">
        <time>2022-03-11T17:13:44Z</time>
      </trkpt>
      <trkpt lat="26.8403217" lon="75.8033733">
        <time>2022-03-11T17:13:45Z</time>
      </trkpt>
      <trkpt lat="26.8402117" lon="75.8033983">
        <time>2022-03-11T17:13:46Z</time>
      </trkpt>
      <trkpt lat="26.8401033" lon="75.8034133">
        <time>2022-03-11T17:13:47Z</time>
      </trkpt>
      <trkpt lat="26.8399933" lon="75.8034183">
        <time>2022-03-11T17:13:48Z</time>
      </trkpt>
      <trkpt lat="26.8398967" lon="75.8034167">
        <time>2022-03-11T17:13:49Z</time>
      </trkpt>
      <trkpt lat="26.8398133" lon="75.8034083">
        <time>2022-03-11T17:13:50Z</time>
      </trkpt>
      <trkpt lat="26.8397333" lon="75.8034083">
        <time>2022-03-11T17:13:51Z</time>
      </trkpt>
      <trkpt lat="26.8396450" lon="75.8034100">
        <time>2022-03-11T17:13:52Z</time>
      </trkpt>
      <trkpt lat="26.8395567" lon="75.8034050">
        <time>2022-03-11T17:13:53Z</time>
      </trkpt>
      <trkpt lat="26.8394650" lon="75.8033883">
        <time>2022-03-11T17:13:54Z</time>
      </trkpt>
      <trkpt lat="26.8393750" lon="75.8033683">
        <time>2022-03-11T17:13:55Z</time>
      </trkpt>
      <trkpt lat="26.8392900" lon="75.8033450">
        <time>2022-03-11T17:13:56Z</time>
      </trkpt>
      <trkpt lat="26.8391933" lon="75.8033150">
        <time>2022-03-11T17:13:57Z</time>
      </trkpt>
      <trkpt lat="26.8390950" lon="75.8032733">
        <time>2022-03-11T17:13:58Z</time>
      </trkpt>
      <trkpt lat="26.8389983" lon="75.8032217">
        <time>2022-03-11T17:13:59Z</time>
      </trkpt>
      <trkpt lat="26.8389050" lon="75.8031700">
        <time>2022-03-11T17:14:00Z</time>
      </trkpt>
      <trkpt lat="26.8388083" lon="75.8031267">
        <time>2022-03-11T17:14:01Z</time>
      </trkpt>
      <trkpt lat="26.8387217" lon="75.8030883">
        <time>2022-03-11T17:14:02Z</time>
      </trkpt>
      <trkpt lat="26.8386483" lon="75.8030467">
        <time>2022-03-11T17:14:03Z</time>
      </trkpt>
      <trkpt lat="26.8385650" lon="75.8029867">
        <time>2022-03-11T17:14:04Z</time>
      </trkpt>
      <trkpt lat="26.8384900" lon="75.8029433">
        <time>2022-03-11T17:14:05Z</time>
      </trkpt>
      <trkpt lat="26.8384217" lon="75.8028733">
        <time>2022-03-11T17:14:06Z</time>
      </trkpt>
      <trkpt lat="26.8383750" lon="75.8028050">
        <time>2022-03-11T17:14:07Z</time>
      </trkpt>
      <trkpt lat="26.8383233" lon="75.8027350">
        <time>2022-03-11T17:14:08Z</time>
      </trkpt>
      <trkpt lat="26.8382717" lon="75.8026633">
        <time>2022-03-11T17:14:09Z</time>
      </trkpt>
      <trkpt lat="26.8382100" lon="75.8025950">
        <time>2022-03-11T17:14:10Z</time>
      </trkpt>
      <trkpt lat="26.8381517" lon="75.8025183">
        <time>2022-03-11T17:14:11Z</time>
      </trkpt>
      <trkpt lat="26.8380900" lon="75.8024417">
        <time>2022-03-11T17:14:12Z</time>
      </trkpt>
      <trkpt lat="26.8380367" lon="75.8023633">
        <time>2022-03-11T17:14:13Z</time>
      </trkpt>
      <trkpt lat="26.8379817" lon="75.8022817">
        <time>2022-03-11T17:14:14Z</time>
      </trkpt>
      <trkpt lat="26.8379350" lon="75.8022050">
        <time>2022-03-11T17:14:15Z</time>
      </trkpt>
      <trkpt lat="26.8378883" lon="75.8021150">
        <time>2022-03-11T17:14:16Z</time>
      </trkpt>
      <trkpt lat="26.8378533" lon="75.8020300">
        <time>2022-03-11T17:14:17Z</time>
      </trkpt>
      <trkpt lat="26.8378150" lon="75.8019417">
        <time>2022-03-11T17:14:18Z</time>
      </trkpt>
      <trkpt lat="26.8377817" lon="75.8018467">
        <time>2022-03-11T17:14:19Z</time>
      </trkpt>
      <trkpt lat="26.8377417" lon="75.8017450">
        <time>2022-03-11T17:14:20Z</time>
      </trkpt>
      <trkpt lat="26.8377100" lon="75.8016333">
        <time>2022-03-11T17:14:21Z</time>
      </trkpt>
      <trkpt lat="26.8376833" lon="75.8015133">
        <time>2022-03-11T17:14:22Z</time>
      </trkpt>
      <trkpt lat="26.8376617" lon="75.8013867">
        <time>2022-03-11T17:14:23Z</time>
      </trkpt>
      <trkpt lat="26.8376500" lon="75.8012650">
        <time>2022-03-11T17:14:24Z</time>
      </trkpt>
      <trkpt lat="26.8376467" lon="75.8011417">
        <time>2022-03-11T17:14:25Z</time>
      </trkpt>
      <trkpt lat="26.8376317" lon="75.8010083">
        <time>2022-03-11T17:14:26Z</time>
      </trkpt>
      <trkpt lat="26.8376233" lon="75.8008800">
        <time>2022-03-11T17:14:27Z</time>
      </trkpt>
      <trkpt lat="26.8376233" lon="75.8007483">
        <time>2022-03-11T17:14:28Z</time>
      </trkpt>
      <trkpt lat="26.8376350" lon="75.8006083">
        <time>2022-03-11T17:14:29Z</time>
      </trkpt>
      <trkpt lat="26.8376550" lon="75.8004700">
        <time>2022-03-11T17:14:30Z</time>
      </trkpt>
      <trkpt lat="26.8376967" lon="75.8003350">
        <time>2022-03-11T17:14:31Z</time>
      </trkpt>
      <trkpt lat="26.8377417" lon="75.8002000">
        <time>2022-03-11T17:14:32Z</time>
      </trkpt>
      <trkpt lat="26.8378017" lon="75.8000750">
        <time>2022-03-11T17:14:33Z</time>
      </trkpt>
      <trkpt lat="26.8378700" lon="75.7999600">
        <time>2022-03-11T17:14:34Z</time>
      </trkpt>
      <trkpt lat="26.8379400" lon="75.7998383">
        <time>2022-03-11T17:14:35Z</time>
      </trkpt>
      <trkpt lat="26.8380000" lon="75.7997067">
        <time>2022-03-11T17:14:36Z</time>
      </trkpt>
      <trkpt lat="26.8380750" lon="75.7995683">
        <time>2022-03-11T17:14:37Z</time>
      </trkpt>
      <trkpt lat="26.8381550" lon="75.7994350">
        <time>2022-03-11T17:14:38Z</time>
      </trkpt>
      <trkpt lat="26.8382517" lon="75.7993133">
        <time>2022-03-11T17:14:39Z</time>
      </trkpt>
      <trkpt lat="26.8383600" lon="75.7992067">
        <time>2022-03-11T17:14:40Z</time>
      </trkpt>
      <trkpt lat="26.8384717" lon="75.7990933">
        <time>2022-03-11T17:14:41Z</time>
      </trkpt>
      <trkpt lat="26.8385817" lon="75.7989933">
        <time>2022-03-11T17:14:42Z</time>
      </trkpt>
      <trkpt lat="26.8387050" lon="75.7989050">
        <time>2022-03-11T17:14:43Z</time>
      </trkpt>
      <trkpt lat="26.8388150" lon="75.7988267">
        <time>2022-03-11T17:14:44Z</time>
      </trkpt>
      <trkpt lat="26.8389300" lon="75.7987600">
        <time>2022-03-11T17:14:45Z</time>
      </trkpt>
      <trkpt lat="26.8390667" lon="75.7987067">
        <time>2022-03-11T17:14:46Z</time>
      </trkpt>
      <trkpt lat="26.8391950" lon="75.7986567">
        <time>2022-03-11T17:14:47Z</time>
      </trkpt>
      <trkpt lat="26.8393183" lon="75.7986083">
        <time>2022-03-11T17:14:48Z</time>
      </trkpt>
      <trkpt lat="26.8394467" lon="75.7985833">
        <time>2022-03-11T17:14:49Z</time>
      </trkpt>
      <trkpt lat="26.8395750" lon="75.7985700">
        <time>2022-03-11T17:14:50Z</time>
      </trkpt>
      <trkpt lat="26.8397117" lon="75.7985633">
        <time>2022-03-11T17:14:51Z</time>
      </trkpt>
      <trkpt lat="26.8398333" lon="75.7985500">
        <time>2022-03-11T17:14:52Z</time>
      </trkpt>
      <trkpt lat="26.8399533" lon="75.7985450">
        <time>2022-03-11T17:14:53Z</time>
      </trkpt>
      <trkpt lat="26.8400683" lon="75.7985517">
        <time>2022-03-11T17:14:54Z</time>
      </trkpt>
      <trkpt lat="26.8401833" lon="75.7985633">
        <time>2022-03-11T17:14:55Z</time>
      </trkpt>
      <trkpt lat="26.8403150" lon="75.7985900">
        <time>2022-03-11T17:14:56Z</time>
      </trkpt>
      <trkpt lat="26.8404483" lon="75.7986267">
        <time>2022-03-11T17:14:57Z</time>
      </trkpt>
      <trkpt lat="26.8405850" lon="75.7986717">
        <time>2022-03-11T17:14:58Z</time>
      </trkpt>
      <trkpt lat="26.8407217" lon="75.7987217">
        <time>2022-03-11T17:14:59Z</time>
      </trkpt>
      <trkpt lat="26.8408500" lon="75.7987733">
        <time>2022-03-11T17:15:00Z</time>
      </trkpt>
      <trkpt lat="26.8409667" lon="75.7988333">
        <time>2022-03-11T17:15:01Z</time>
      </trkpt>
      <trkpt lat="26.8410783" lon="75.7989017">
        <time>2022-03-11T17:15:02Z</time>
      </trkpt>
      <trkpt lat="26.8411817" lon="75.7989917">
        <time>2022-03-11T17:15:03Z</time>
      </trkpt>
      <trkpt lat="26.8412900" lon="75.7990967">
        <time>2022-03-11T17:15:04Z</time>
      </trkpt>
      <trkpt lat="26.8414017" lon="75.7992133">
        <time>2022-03-11T17:15:05Z</time>
      </trkpt>
      <trkpt lat="26.8415167" lon="75.7993400">
        <time>2022-03-11T17:15:06Z</time>
      </trkpt>
      <trkpt lat="26.8416267" lon="75.7994767">
        <time>2022-03-11T17:15:07Z</time>
      </trkpt>
      <trkpt lat="26.8417317" lon="75.7996217">
        <time>2022-03-11T17:15:08Z</time>
      </trkpt>
      <trkpt lat="26.8418183" lon="75.7997717">
        <time>2022-03-11T17:15:09Z</time>
      </trkpt>
      <trkpt lat="26.8418817" lon="75.7999283">
        <time>2022-03-11T17:15:10Z</time>
      </trkpt>
      <trkpt lat="26.8419350" lon="75.8000967">
        <time>2022-03-11T17:15:11Z</time>
      </trkpt>
      <trkpt lat="26.8419783" lon="75.8002467">
        <time>2022-03-11T17:15:12Z</time>
      </trkpt>
      <trkpt lat="26.8420067" lon="75.8004000">
        <time>2022-03-11T17:15:13Z</time>
      </trkpt>
      <trkpt lat="26.8420350" lon="75.8005383">
        <time>2022-03-11T17:15:14Z</time>
      </trkpt>
      <trkpt lat="26.8420617" lon="75.8006900">
        <time>2022-03-11T17:15:15Z</time>
      </trkpt>
      <trkpt lat="26.8420900" lon="75.8008300">
        <time>2022-03-11T17:15:16Z</time>
      </trkpt>
      <trkpt lat="26.8421183" lon="75.8009617">
        <time>2022-03-11T17:15:17Z</time>
      </trkpt>
      <trkpt lat="26.8421533" lon="75.8010633">
        <time>2022-03-11T17:15:18Z</time>
      </trkpt>
      <trkpt lat="26.8421917" lon="75.8011650">
        <time>2022-03-11T17:15:19Z</time>
      </trkpt>
      <trkpt lat="26.8422250" lon="75.8012567">
        <time>2022-03-11T17:15:20Z</time>
      </trkpt>
      <trkpt lat="26.8422683" lon="75.8013333">
        <time>2022-03-11T17:15:21Z</time>
      </trkpt>
      <trkpt lat="26.8423217" lon="75.8014100">
        <time>2022-03-11T17:15:22Z</time>
      </trkpt>
      <trkpt lat="26.8423800" lon="75.8014767">
        <time>2022-03-11T17:15:23Z</time>
      </trkpt>
      <trkpt lat="26.8424500" lon="75.8015383">
        <time>2022-03-11T17:15:24Z</time>
      </trkpt>
      <trkpt lat="26.8425400" lon="75.8015633">
        <time>2022-03-11T17:15:25Z</time>
      </trkpt>
      <trkpt lat="26.8426433" lon="75.8015750">
        <time>2022-03-11T17:15:26Z</time>
      </trkpt>
      <trkpt lat="26.8427450" lon="75.8016083">
        <time>2022-03-11T17:15:27Z</time>
      </trkpt>
      <trkpt lat="26.8428533" lon="75.8016433">
        <time>2022-03-11T17:15:28Z</time>
      </trkpt>
      <trkpt lat="26.8429583" lon="75.8016817">
        <time>2022-03-11T17:15:29Z</time>
      </trkpt>
      <trkpt lat="26.8430817" lon="75.8017200">
        <time>2022-03-11T17:15:30Z</time>
      </trkpt>
      <trkpt lat="26.8432100" lon="75.8017600">
        <time>2022-03-11T17:15:31Z</time>
      </trkpt>
      <trkpt lat="26.8433383" lon="75.8018050">
        <time>2022-03-11T17:15:32Z</time>
      </trkpt>
      <trkpt lat="26.8434683" lon="75.8018500">
        <time>2022-03-11T17:15:33Z</time>
      </trkpt>
      <trkpt lat="26.8435917" lon="75.8018817">
        <time>2022-03-11T17:15:34Z</time>
      </trkpt>
      <trkpt lat="26.8437167" lon="75.8019150">
        <time>2022-03-11T17:15:35Z</time>
      </trkpt>
      <trkpt lat="26.8438433" lon="75.8019483">
        <time>2022-03-11T17:15:36Z</time>
      </trkpt>
      <trkpt lat="26.8439700" lon="75.8019800">
        <time>2022-03-11T17:15:37Z</time>
      </trkpt>
      <trkpt lat="26.8440950" lon="75.8020067">
        <time>2022-03-11T17:15:38Z</time>
      </trkpt>
      <trkpt lat="26.8442283" lon="75.8020383">
        <time>2022-03-11T17:15:39Z</time>
      </trkpt>
      <trkpt lat="26.8443517" lon="75.8020633">
        <time>2022-03-11T17:15:40Z</time>
      </trkpt>
      <trkpt lat="26.8444733" lon="75.8020883">
        <time>2022-03-11T17:15:41Z</time>
      </trkpt>
      <trkpt lat="26.8446033" lon="75.8021200">
        <time>2022-03-11T17:15:42Z</time>
      </trkpt>
      <trkpt lat="26.8447367" lon="75.8021383">
        <time>2022-03-11T17:15:43Z</time>
      </trkpt>
      <trkpt lat="26.8448600" lon="75.8021617">
        <time>2022-03-11T17:15:44Z</time>
      </trkpt>
      <trkpt lat="26.8449900" lon="75.8021917">
        <time>2022-03-11T17:15:45Z</time>
      </trkpt>
      <trkpt lat="26.8451167" lon="75.8022283">
        <time>2022-03-11T17:15:46Z</time>
      </trkpt>
      <trkpt lat="26.8452517" lon="75.8022600">
        <time>2022-03-11T17:15:47Z</time>
      </trkpt>
      <trkpt lat="26.8453800" lon="75.8022967">
        <time>2022-03-11T17:15:48Z</time>
      </trkpt>
      <trkpt lat="26.8455150" lon="75.8023300">
        <time>2022-03-11T17:15:49Z</time>
      </trkpt>
      <trkpt lat="26.8456483" lon="75.8023617">
        <time>2022-03-11T17:15:50Z</time>
      </trkpt>
      <trkpt lat="26.8457800" lon="75.8023917">
        <time>2022-03-11T17:15:51Z</time>
      </trkpt>
      <trkpt lat="26.8459083" lon="75.8024250">
        <time>2022-03-11T17:15:52Z</time>
      </trkpt>
      <trkpt lat="26.8460367" lon="75.8024600">
        <time>2022-03-11T17:15:53Z</time>
      </trkpt>
      <trkpt lat="26.8461633" lon="75.8024950">
        <time>2022-03-11T17:15:54Z</time>
      </trkpt>
      <trkpt lat="26.8462817" lon="75.8025267">
        <time>2022-03-11T17:15:55Z</time>
      </trkpt>
      <trkpt lat="26.8464200" lon="75.8025533">
        <time>2022-03-11T17:15:56Z</time>
      </trkpt>
      <trkpt lat="26.8465600" lon="75.8025850">
        <time>2022-03-11T17:15:57Z</time>
      </trkpt>
      <trkpt lat="26.8466917" lon="75.8026150">
        <time>2022-03-11T17:15:58Z</time>
      </trkpt>
      <trkpt lat="26.8468300" lon="75.8026417">
        <time>2022-03-11T17:15:59Z</time>
      </trkpt>
      <trkpt lat="26.8469800" lon="75.8026767">
        <time>2022-03-11T17:16:00Z</time>
      </trkpt>
      <trkpt lat="26.8471267" lon="75.8027067">
        <time>2022-03-11T17:16:01Z</time>
      </trkpt>
      <trkpt lat="26.8472533" lon="75.8027383">
        <time>2022-03-11T17:16:02Z</time>
      </trkpt>
      <trkpt lat="26.8473717" lon="75.8027700">
        <time>2022-03-11T17:16:03Z</time>
      </trkpt>
      <trkpt lat="26.8474750" lon="75.8028000">
        <time>2022-03-11T17:16:04Z</time>
      </trkpt>
      <trkpt lat="26.8475883" lon="75.8028283">
        <time>2022-03-11T17:16:05Z</time>
      </trkpt>
      <trkpt lat="26.8477167" lon="75.8028583">
        <time>2022-03-11T17:16:06Z</time>
      </trkpt>
      <trkpt lat="26.8478517" lon="75.8028867">
        <time>2022-03-11T17:16:07Z</time>
      </trkpt>
      <trkpt lat="26.8479700" lon="75.8029267">
        <time>2022-03-11T17:16:08Z</time>
      </trkpt>
      <trkpt lat="26.8480967" lon="75.8029683">
        <time>2022-03-11T17:16:09Z</time>
      </trkpt>
      <trkpt lat="26.8482067" lon="75.8030000">
        <time>2022-03-11T17:16:10Z</time>
      </trkpt>
      <trkpt lat="26.8483133" lon="75.8030283">
        <time>2022-03-11T17:16:11Z</time>
      </trkpt>
      <trkpt lat="26.8484133" lon="75.8030550">
        <time>2022-03-11T17:16:12Z</time>
      </trkpt>
      <trkpt lat="26.8485067" lon="75.8030750">
        <time>2022-03-11T17:16:13Z</time>
      </trkpt>
      <trkpt lat="26.8485900" lon="75.8030917">
        <time>2022-03-11T17:16:14Z</time>
      </trkpt>
      <trkpt lat="26.8486567" lon="75.8031067">
        <time>2022-03-11T17:16:15Z</time>
      </trkpt>
      <trkpt lat="26.8487133" lon="75.8031167">
        <time>2022-03-11T17:16:16Z</time>
      </trkpt>
      <trkpt lat="26.8487417" lon="75.8031283">
        <time>2022-03-11T17:16:17Z</time>
      </trkpt>
      <trkpt lat="26.8487583" lon="75.8031350">
        <time>2022-03-11T17:16:18Z</time>
      </trkpt>
      <trkpt lat="26.8487850" lon="75.8031467">
        <time>2022-03-11T17:16:19Z</time>
      </trkpt>
      <trkpt lat="26.8488200" lon="75.8031667">
        <time>2022-03-11T17:16:20Z</time>
      </trkpt>
      <trkpt lat="26.8488667" lon="75.8031800">
        <time>2022-03-11T17:16:21Z</time>
      </trkpt>
      <trkpt lat="26.8489217" lon="75.8031917">
        <time>2022-03-11T17:16:22Z</time>
      </trkpt>
      <trkpt lat="26.8489917" lon="75.8032133">
        <time>2022-03-11T17:16:23Z</time>
      </trkpt>
      <trkpt lat="26.8490683" lon="75.8032383">
        <time>2022-03-11T17:16:24Z</time>
      </trkpt>
      <trkpt lat="26.8491417" lon="75.8032533">
        <time>2022-03-11T17:16:25Z</time>
      </trkpt>
      <trkpt lat="26.8492083" lon="75.8032733">
        <time>2022-03-11T17:16:26Z</time>
      </trkpt>
      <trkpt lat="26.8492783" lon="75.8032950">
        <time>2022-03-11T17:16:27Z</time>
      </trkpt>
      <trkpt lat="26.8493450" lon="75.8033083">
        <time>2022-03-11T17:16:28Z</time>
      </trkpt>
      <trkpt lat="26.8494167" lon="75.8033167">
        <time>2022-03-11T17:16:29Z</time>
      </trkpt>
      <trkpt lat="26.8495183" lon="75.8033283">
        <time>2022-03-11T17:16:30Z</time>
      </trkpt>
      <trkpt lat="26.8496250" lon="75.8033400">
        <time>2022-03-11T17:16:31Z</time>
      </trkpt>
      <trkpt lat="26.8497267" lon="75.8033700">
        <time>2022-03-11T17:16:32Z</time>
      </trkpt>
      <trkpt lat="26.8498200" lon="75.8034000">
        <time>2022-03-11T17:16:33Z</time>
      </trkpt>
      <trkpt lat="26.8499083" lon="75.8034300">
        <time>2022-03-11T17:16:34Z</time>
      </trkpt>
      <trkpt lat="26.8499883" lon="75.8034517">
        <time>2022-03-11T17:16:35Z</time>
      </trkpt>
      <trkpt lat="26.8500667" lon="75.8034750">
        <time>2022-03-11T17:16:36Z</time>
      </trkpt>
    </trkseg>
  </trk>
  <trk>
    <name>2022_03_11_21_12_08_2022_03_11_21_12_08.gpx</name>
    <desc>madhyam marg</desc>
    <url>/user/abhimanyu003/traces/4176413</url>
    <trkseg>
      <trkpt lat="26.8594617" lon="75.7591550">
        <time>2022-03-11T15:42:11Z</time>
      </trkpt>
      <trkpt lat="26.8597350" lon="75.7596517">
        <time>2022-03-11T15:42:12Z</time>
      </trkpt>
      <trkpt lat="26.8602217" lon="75.7604450">
        <time>2022-03-11T15:42:13Z</time>
      </trkpt>
      <trkpt lat="26.8602383" lon="75.7603750">
        <time>2022-03-11T15:42:15Z</time>
      </trkpt>
      <trkpt lat="26.8602383" lon="75.7603750">
        <time>2022-03-11T15:42:15Z</time>
      </trkpt>
      <trkpt lat="26.8602533" lon="75.7603800">
        <time>2022-03-11T15:42:16Z</time>
      </trkpt>
      <trkpt lat="26.8602533" lon="75.7603850">
        <time>2022-03-11T15:42:17Z</time>
      </trkpt>
      <trkpt lat="26.8602683" lon="75.7604083">
        <time>2022-03-11T15:42:18Z</time>
      </trkpt>
      <trkpt lat="26.8602800" lon="75.7603950">
        <time>2022-03-11T15:42:19Z</time>
      </trkpt>
      <trkpt lat="26.8602783" lon="75.7603833">
        <time>2022-03-11T15:42:20Z</time>
      </trkpt>
      <trkpt lat="26.8602833" lon="75.7603683">
        <time>2022-03-11T15:42:21Z</time>
      </trkpt>
      <trkpt lat="26.8602900" lon="75.7603550">
        <time>2022-03-11T15:42:22Z</time>
      </trkpt>
      <trkpt lat="26.8602967" lon="75.7603533">
        <time>2022-03-11T15:42:23Z</time>
      </trkpt>
      <trkpt lat="26.8603100" lon="75.7603500">
        <time>2022-03-11T15:42:24Z</time>
      </trkpt>
      <trkpt lat="26.8603183" lon="75.7603467">
        <time>2022-03-11T15:42:25Z</time>
      </trkpt>
      <trkpt lat="26.8603250" lon="75.7603467">
        <time>2022-03-11T15:42:25Z</time>
      </trkpt>
      <trkpt lat="26.8603317" lon="75.7603483">
        <time>2022-03-11T15:42:26Z</time>
      </trkpt>
      <trkpt lat="26.8603417" lon="75.7603550">
        <time>2022-03-11T15:42:26Z</time>
      </trkpt>
      <trkpt lat="26.8603483" lon="75.7603583">
        <time>2022-03-11T15:42:27Z</time>
      </trkpt>
      <trkpt lat="26.8603667" lon="75.7603650">
        <time>2022-03-11T15:42:28Z</time>
      </trkpt>
      <trkpt lat="26.8603883" lon="75.7603767">
        <time>2022-03-11T15:42:29Z</time>
      </trkpt>
      <trkpt lat="26.8604067" lon="75.7603883">
        <time>2022-03-11T15:42:30Z</time>
      </trkpt>
      <trkpt lat="26.8604233" lon="75.7603983">
        <time>2022-03-11T15:42:31Z</time>
      </trkpt>
      <trkpt lat="26.8604350" lon="75.7604133">
        <time>2022-03-11T15:42:32Z</time>
      </trkpt>
      <trkpt lat="26.8604417" lon="75.7604300">
        <time>2022-03-11T15:42:33Z</time>
      </trkpt>
      <trkpt lat="26.8604467" lon="75.7604517">
        <time>2022-03-11T15:42:34Z</time>
      </trkpt>
      <trkpt lat="26.8604450" lon="75.7604733">
        <time>2022-03-11T15:42:35Z</time>
      </trkpt>
      <trkpt lat="26.8604400" lon="75.7604983">
        <time>2022-03-11T15:42:36Z</time>
      </trkpt>
      <trkpt lat="26.8604267" lon="75.7605233">
        <time>2022-03-11T15:42:37Z</time>
      </trkpt>
      <trkpt lat="26.8604067" lon="75.7605517">
        <time>2022-03-11T15:42:38Z</time>
      </trkpt>
      <trkpt lat="26.8603833" lon="75.7605783">
        <time>2022-03-11T15:42:39Z</time>
      </trkpt>
      <trkpt lat="26.8603567" lon="75.7606083">
        <time>2022-03-11T15:42:40Z</time>
      </trkpt>
      <trkpt lat="26.8603217" lon="75.7606483">
        <time>2022-03-11T15:42:41Z</time>
      </trkpt>
      <trkpt lat="26.8602833" lon="75.7606867">
        <time>2022-03-11T15:42:42Z</time>
      </trkpt>
      <trkpt lat="26.8602400" lon="75.7607233">
        <time>2022-03-11T15:42:43Z</time>
      </trkpt>
      <trkpt lat="26.8601917" lon="75.7607650">
        <time>2022-03-11T15:42:44Z</time>
      </trkpt>
      <trkpt lat="26.8601550" lon="75.7608000">
        <time>2022-03-11T15:42:45Z</time>
      </trkpt>
      <trkpt lat="26.8601083" lon="75.7608417">
        <time>2022-03-11T15:42:46Z</time>
      </trkpt>
      <trkpt lat="26.8600900" lon="75.7608633">
        <time>2022-03-11T15:42:47Z</time>
      </trkpt>
      <trkpt lat="26.8600700" lon="75.7608767">
        <time>2022-03-11T15:42:48Z</time>
      </trkpt>
      <trkpt lat="26.8600433" lon="75.7609017">
        <time>2022-03-11T15:42:49Z</time>
      </trkpt>
      <trkpt lat="26.8600233" lon="75.7609133">
        <time>2022-03-11T15:42:50Z</time>
      </trkpt>
      <trkpt lat="26.8600000" lon="75.7609133">
        <time>2022-03-11T15:42:51Z</time>
      </trkpt>
      <trkpt lat="26.8599833" lon="75.7609067">
        <time>2022-03-11T15:42:52Z</time>
      </trkpt>
      <trkpt lat="26.8599667" lon="75.7609000">
        <time>2022-03-11T15:42:53Z</time>
      </trkpt>
      <trkpt lat="26.8599467" lon="75.7608900">
        <time>2022-03-11T15:42:54Z</time>
      </trkpt>
      <trkpt lat="26.8599283" lon="75.7608817">
        <time>2022-03-11T15:42:55Z</time>
      </trkpt>
      <trkpt lat="26.8599100" lon="75.7608883">
        <time>2022-03-11T15:42:56Z</time>
      </trkpt>
      <trkpt lat="26.8598900" lon="75.7608933">
        <time>2022-03-11T15:42:57Z</time>
      </trkpt>
      <trkpt lat="26.8598683" lon="75.7609050">
        <time>2022-03-11T15:42:58Z</time>
      </trkpt>
      <trkpt lat="26.8598400" lon="75.7609300">
        <time>2022-03-11T15:42:59Z</time>
      </trkpt>
      <trkpt lat="26.8598083" lon="75.7609567">
        <time>2022-03-11T15:43:00Z</time>
      </trkpt>
      <trkpt lat="26.8597800" lon="75.7609817">
        <time>2022-03-11T15:43:01Z</time>
      </trkpt>
      <trkpt lat="26.8597533" lon="75.7610033">
        <time>2022-03-11T15:43:02Z</time>
      </trkpt>
      <trkpt lat="26.8597217" lon="75.7610350">
        <time>2022-03-11T15:43:03Z</time>
      </trkpt>
      <trkpt lat="26.8596833" lon="75.7610650">
        <time>2022-03-11T15:43:04Z</time>
      </trkpt>
      <trkpt lat="26.8596550" lon="75.7611033">
        <time>2022-03-11T15:43:05Z</time>
      </trkpt>
      <trkpt lat="26.8596217" lon="75.7611483">
        <time>2022-03-11T15:43:06Z</time>
      </trkpt>
      <trkpt lat="26.8595667" lon="75.7611767">
        <time>2022-03-11T15:43:07Z</time>
      </trkpt>
      <trkpt lat="26.8595250" lon="75.7612050">
        <time>2022-03-11T15:43:08Z</time>
      </trkpt>
      <trkpt lat="26.8594933" lon="75.7612367">
        <time>2022-03-11T15:43:09Z</time>
      </trkpt>
      <trkpt lat="26.8594633" lon="75.7612667">
        <time>2022-03-11T15:43:10Z</time>
      </trkpt>
      <trkpt lat="26.8594367" lon="75.7612950">
        <time>2022-03-11T15:43:11Z</time>
      </trkpt>
      <trkpt lat="26.8594067" lon="75.7613250">
        <time>2022-03-11T15:43:12Z</time>
      </trkpt>
      <trkpt lat="26.8593767" lon="75.7613517">
        <time>2022-03-11T15:43:13Z</time>
      </trkpt>
      <trkpt lat="26.8593433" lon="75.7613933">
        <time>2022-03-11T15:43:14Z</time>
      </trkpt>
      <trkpt lat="26.8593100" lon="75.7614300">
        <time>2022-03-11T15:43:15Z</time>
      </trkpt>
      <trkpt lat="26.8592767" lon="75.7614700">
        <time>2022-03-11T15:43:16Z</time>
      </trkpt>
      <trkpt lat="26.8592550" lon="75.7615000">
        <time>2022-03-11T15:43:17Z</time>
      </trkpt>
      <trkpt lat="26.8592383" lon="75.7615267">
        <time>2022-03-11T15:43:18Z</time>
      </trkpt>
      <trkpt lat="26.8592317" lon="75.7615617">
        <time>2022-03-11T15:43:19Z</time>
      </trkpt>
      <trkpt lat="26.8592350" lon="75.7615983">
        <time>2022-03-11T15:43:20Z</time>
      </trkpt>
      <trkpt lat="26.8592500" lon="75.7616283">
        <time>2022-03-11T15:43:21Z</time>
      </trkpt>
      <trkpt lat="26.8592750" lon="75.7616650">
        <time>2022-03-11T15:43:22Z</time>
      </trkpt>
      <trkpt lat="26.8593100" lon="75.7617050">
        <time>2022-03-11T15:43:23Z</time>
      </trkpt>
      <trkpt lat="26.8593617" lon="75.7617583">
        <time>2022-03-11T15:43:24Z</time>
      </trkpt>
      <trkpt lat="26.8594233" lon="75.7618383">
        <time>2022-03-11T15:43:25Z</time>
      </trkpt>
      <trkpt lat="26.8594967" lon="75.7619483">
        <time>2022-03-11T15:43:26Z</time>
      </trkpt>
      <trkpt lat="26.8595733" lon="75.7620467">
        <time>2022-03-11T15:43:27Z</time>
      </trkpt>
      <trkpt lat="26.8596533" lon="75.7621467">
        <time>2022-03-11T15:43:28Z</time>
      </trkpt>
      <trkpt lat="26.8597333" lon="75.7622533">
        <time>2022-03-11T15:43:29Z</time>
      </trkpt>
      <trkpt lat="26.8598250" lon="75.7623617">
        <time>2022-03-11T15:43:30Z</time>
      </trkpt>
      <trkpt lat="26.8599200" lon="75.7624750">
        <time>2022-03-11T15:43:31Z</time>
      </trkpt>
      <trkpt lat="26.8600150" lon="75.7625867">
        <time>2022-03-11T15:43:32Z</time>
      </trkpt>
      <trkpt lat="26.8601150" lon="75.7627000">
        <time>2022-03-11T15:43:33Z</time>
      </trkpt>
      <trkpt lat="26.8602133" lon="75.7628167">
        <time>2022-03-11T15:43:34Z</time>
      </trkpt>
      <trkpt lat="26.8603167" lon="75.7629333">
        <time>2022-03-11T15:43:35Z</time>
      </trkpt>
      <trkpt lat="26.8604167" lon="75.7630450">
        <time>2022-03-11T15:43:36Z</time>
      </trkpt>
      <trkpt lat="26.8605133" lon="75.7631417">
        <time>2022-03-11T15:43:37Z</time>
      </trkpt>
      <trkpt lat="26.8606050" lon="75.7632417">
        <time>2022-03-11T15:43:38Z</time>
      </trkpt>
      <trkpt lat="26.8606800" lon="75.7633300">
        <time>2022-03-11T15:43:39Z</time>
      </trkpt>
      <trkpt lat="26.8607417" lon="75.7634033">
        <time>2022-03-11T15:43:40Z</time>
      </trkpt>
      <trkpt lat="26.8607867" lon="75.7634567">
        <time>2022-03-11T15:43:41Z</time>
      </trkpt>
      <trkpt lat="26.8608183" lon="75.7634950">
        <time>2022-03-11T15:43:42Z</time>
      </trkpt>
      <trkpt lat="26.8608367" lon="75.7635250">
        <time>2022-03-11T15:43:43Z</time>
      </trkpt>
      <trkpt lat="26.8608483" lon="75.7635467">
        <time>2022-03-11T15:43:44Z</time>
      </trkpt>
      <trkpt lat="26.8608500" lon="75.7635633">
        <time>2022-03-11T15:43:45Z</time>
      </trkpt>
      <trkpt lat="26.8608483" lon="75.7635667">
        <time>2022-03-11T15:43:46Z</time>
      </trkpt>
      <trkpt lat="26.8608483" lon="75.7635650">
        <time>2022-03-11T15:43:47Z</time>
      </trkpt>
      <trkpt lat="26.8608483" lon="75.7635633">
        <time>2022-03-11T15:43:48Z</time>
      </trkpt>
      <trkpt lat="26.8608483" lon="75.7635633">
        <time>2022-03-11T15:43:49Z</time>
      </trkpt>
      <trkpt lat="26.8608483" lon="75.7635633">
        <time>2022-03-11T15:43:50Z</time>
      </trkpt>
      <trkpt lat="26.8608483" lon="75.7635633">
        <time>2022-03-11T15:43:51Z</time>
      </trkpt>
      <trkpt lat="26.8608483" lon="75.7635633">
        <time>2022-03-11T15:43:52Z</time>
      </trkpt>
      <trkpt lat="26.8608483" lon="75.7635633">
        <time>2022-03-11T15:43:53Z</time>
      </trkpt>
      <trkpt lat="26.8608483" lon="75.7635633">
        <time>2022-03-11T15:43:54Z</time>
      </trkpt>
      <trkpt lat="26.8608483" lon="75.7635633">
        <time>2022-03-11T15:43:55Z</time>
      </trkpt>
      <trkpt lat="26.8608483" lon="75.7635633">
        <time>2022-03-11T15:43:56Z</time>
      </trkpt>
      <trkpt lat="26.8608483" lon="75.7635633">
        <time>2022-03-11T15:43:57Z</time>
      </trkpt>
      <trkpt lat="26.8608483" lon="75.7635633">
        <time>2022-03-11T15:43:58Z</time>
      </trkpt>
      <trkpt lat="26.8608483" lon="75.7635633">
        <time>2022-03-11T15:43:59Z</time>
      </trkpt>
      <trkpt lat="26.8608483" lon="75.7635633">
        <time>2022-03-11T15:44:00Z</time>
      </trkpt>
      <trkpt lat="26.8608483" lon="75.7635633">
        <time>2022-03-11T15:44:01Z</time>
      </trkpt>
      <trkpt lat="26.8608483" lon="75.7635633">
        <time>2022-03-11T15:44:02Z</time>
      </trkpt>
      <trkpt lat="26.8608483" lon="75.7635633">
        <time>2022-03-11T15:44:03Z</time>
      </trkpt>
      <trkpt lat="26.8608483" lon="75.7635633">
        <time>2022-03-11T15:44:04Z</time>
      </trkpt>
      <trkpt lat="26.8608483" lon="75.7635633">
        <time>2022-03-11T15:44:05Z</time>
      </trkpt>
      <trkpt lat="26.8608483" lon="75.7635633">
        <time>2022-03-11T15:44:06Z</time>
      </trkpt>
      <trkpt lat="26.8608483" lon="75.7635633">
        <time>2022-03-11T15:44:07Z</time>
      </trkpt>
      <trkpt lat="26.8608483" lon="75.7635633">
        <time>2022-03-11T15:44:08Z</time>
      </trkpt>
      <trkpt lat="26.8608483" lon="75.7635633">
        <time>2022-03-11T15:44:09Z</time>
      </trkpt>
      <trkpt lat="26.8608483" lon="75.7635633">
        <time>2022-03-11T15:44:10Z</time>
      </trkpt>
      <trkpt lat="26.8608483" lon="75.7635633">
        <time>2022-03-11T15:44:11Z</time>
      </trkpt>
      <trkpt lat="26.8608500" lon="75.7635800">
        <time>2022-03-11T15:44:12Z</time>
      </trkpt>
      <trkpt lat="26.8608450" lon="75.7636117">
        <time>2022-03-11T15:44:13Z</time>
      </trkpt>
      <trkpt lat="26.8608367" lon="75.7636650">
        <time>2022-03-11T15:44:14Z</time>
      </trkpt>
      <trkpt lat="26.8608183" lon="75.7637183">
        <time>2022-03-11T15:44:15Z</time>
      </trkpt>
      <trkpt lat="26.8607833" lon="75.7637700">
        <time>2022-03-11T15:44:16Z</time>
      </trkpt>
      <trkpt lat="26.8607450" lon="75.7638183">
        <time>2022-03-11T15:44:17Z</time>
      </trkpt>
      <trkpt lat="26.8606833" lon="75.7638900">
        <time>2022-03-11T15:44:18Z</time>
      </trkpt>
      <trkpt lat="26.8606083" lon="75.7639700">
        <time>2022-03-11T15:44:19Z</time>
      </trkpt>
      <trkpt lat="26.8605250" lon="75.7640583">
        <time>2022-03-11T15:44:20Z</time>
      </trkpt>
      <trkpt lat="26.8604350" lon="75.7641467">
        <time>2022-03-11T15:44:21Z</time>
      </trkpt>
      <trkpt lat="26.8603433" lon="75.7642450">
        <time>2022-03-11T15:44:22Z</time>
      </trkpt>
      <trkpt lat="26.8602417" lon="75.7643500">
        <time>2022-03-11T15:44:23Z</time>
      </trkpt>
      <trkpt lat="26.8601300" lon="75.7644667">
        <time>2022-03-11T15:44:24Z</time>
      </trkpt>
      <trkpt lat="26.8600267" lon="75.7645800">
        <time>2022-03-11T15:44:25Z</time>
      </trkpt>
      <trkpt lat="26.8599133" lon="75.7646917">
        <time>2022-03-11T15:44:26Z</time>
      </trkpt>
      <trkpt lat="26.8598000" lon="75.7648133">
        <time>2022-03-11T15:44:27Z</time>
      </trkpt>
      <trkpt lat="26.8596800" lon="75.7649317">
        <time>2022-03-11T15:44:28Z</time>
      </trkpt>
      <trkpt lat="26.8595550" lon="75.7650500">
        <time>2022-03-11T15:44:29Z</time>
      </trkpt>
      <trkpt lat="26.8594433" lon="75.7651517">
        <time>2022-03-11T15:44:30Z</time>
      </trkpt>
      <trkpt lat="26.8593433" lon="75.7652500">
        <time>2022-03-11T15:44:31Z</time>
      </trkpt>
      <trkpt lat="26.8592567" lon="75.7653350">
        <time>2022-03-11T15:44:32Z</time>
      </trkpt>
      <trkpt lat="26.8591817" lon="75.7653967">
        <time>2022-03-11T15:44:33Z</time>
      </trkpt>
      <trkpt lat="26.8591200" lon="75.7654533">
        <time>2022-03-11T15:44:34Z</time>
      </trkpt>
      <trkpt lat="26.8590633" lon="75.7655083">
        <time>2022-03-11T15:44:35Z</time>
      </trkpt>
      <trkpt lat="26.8590050" lon="75.7655567">
        <time>2022-03-11T15:44:36Z</time>
      </trkpt>
      <trkpt lat="26.8589517" lon="75.7656000">
        <time>2022-03-11T15:44:37Z</time>
      </trkpt>
      <trkpt lat="26.8588967" lon="75.7656483">
        <time>2022-03-11T15:44:38Z</time>
      </trkpt>
      <trkpt lat="26.8588383" lon="75.7657017">
        <time>2022-03-11T15:44:39Z</time>
      </trkpt>
      <trkpt lat="26.8587783" lon="75.7657600">
        <time>2022-03-11T15:44:40Z</time>
      </trkpt>
      <trkpt lat="26.8587067" lon="75.7658233">
        <time>2022-03-11T15:44:41Z</time>
      </trkpt>
      <trkpt lat="26.8586317" lon="75.7658950">
        <time>2022-03-11T15:44:42Z</time>
      </trkpt>
      <trkpt lat="26.8585483" lon="75.7659733">
        <time>2022-03-11T15:44:43Z</time>
      </trkpt>
      <trkpt lat="26.8584583" lon="75.7660583">
        <time>2022-03-11T15:44:44Z</time>
      </trkpt>
      <trkpt lat="26.8583717" lon="75.7661400">
        <time>2022-03-11T15:44:45Z</time>
      </trkpt>
      <trkpt lat="26.8582850" lon="75.7662083">
        <time>2022-03-11T15:44:46Z</time>
      </trkpt>
      <trkpt lat="26.8581817" lon="75.7662550">
        <time>2022-03-11T15:44:47Z</time>
      </trkpt>
      <trkpt lat="26.8580583" lon="75.7662817">
        <time>2022-03-11T15:44:48Z</time>
      </trkpt>
      <trkpt lat="26.8579283" lon="75.7662900">
        <time>2022-03-11T15:44:49Z</time>
      </trkpt>
      <trkpt lat="26.8577800" lon="75.7662933">
        <time>2022-03-11T15:44:50Z</time>
      </trkpt>
      <trkpt lat="26.8576333" lon="75.7662867">
        <time>2022-03-11T15:44:51Z</time>
      </trkpt>
      <trkpt lat="26.8574767" lon="75.7662817">
        <time>2022-03-11T15:44:52Z</time>
      </trkpt>
      <trkpt lat="26.8573217" lon="75.7662800">
        <time>2022-03-11T15:44:53Z</time>
      </trkpt>
      <trkpt lat="26.8571583" lon="75.7662733">
        <time>2022-03-11T15:44:54Z</time>
      </trkpt>
      <trkpt lat="26.8569950" lon="75.7662700">
        <time>2022-03-11T15:44:55Z</time>
      </trkpt>
      <trkpt lat="26.8568467" lon="75.7662583">
        <time>2022-03-11T15:44:56Z</time>
      </trkpt>
      <trkpt lat="26.8567250" lon="75.7662483">
        <time>2022-03-11T15:44:57Z</time>
      </trkpt>
      <trkpt lat="26.8566233" lon="75.7662433">
        <time>2022-03-11T15:44:58Z</time>
      </trkpt>
      <trkpt lat="26.8565383" lon="75.7662550">
        <time>2022-03-11T15:44:59Z</time>
      </trkpt>
      <trkpt lat="26.8564717" lon="75.7662500">
        <time>2022-03-11T15:45:00Z</time>
      </trkpt>
      <trkpt lat="26.8564083" lon="75.7662317">
        <time>2022-03-11T15:45:01Z</time>
      </trkpt>
      <trkpt lat="26.8563433" lon="75.7662367">
        <time>2022-03-11T15:45:02Z</time>
      </trkpt>
      <trkpt lat="26.8562783" lon="75.7662383">
        <time>2022-03-11T15:45:03Z</time>
      </trkpt>
      <trkpt lat="26.8562067" lon="75.7662433">
        <time>2022-03-11T15:45:04Z</time>
      </trkpt>
      <trkpt lat="26.8561250" lon="75.7662517">
        <time>2022-03-11T15:45:05Z</time>
      </trkpt>
      <trkpt lat="26.8560250" lon="75.7662483">
        <time>2022-03-11T15:45:06Z</time>
      </trkpt>
      <trkpt lat="26.8559250" lon="75.7662450">
        <time>2022-03-11T15:45:07Z</time>
      </trkpt>
      <trkpt lat="26.8558400" lon="75.7662433">
        <time>2022-03-11T15:45:08Z</time>
      </trkpt>
      <trkpt lat="26.8557533" lon="75.7662417">
        <time>2022-03-11T15:45:09Z</time>
      </trkpt>
      <trkpt lat="26.8556700" lon="75.7662417">
        <time>2022-03-11T15:45:10Z</time>
      </trkpt>
      <trkpt lat="26.8555933" lon="75.7662433">
        <time>2022-03-11T15:45:11Z</time>
      </trkpt>
      <trkpt lat="26.8555150" lon="75.7662450">
        <time>2022-03-11T15:45:12Z</time>
      </trkpt>
      <trkpt lat="26.8554467" lon="75.7662483">
        <time>2022-03-11T15:45:13Z</time>
      </trkpt>
      <trkpt lat="26.8553767" lon="75.7662450">
        <time>2022-03-11T15:45:14Z</time>
      </trkpt>
      <trkpt lat="26.8553083" lon="75.7662517">
        <time>2022-03-11T15:45:15Z</time>
      </trkpt>
      <trkpt lat="26.8552367" lon="75.7662583">
        <time>2022-03-11T15:45:16Z</time>
      </trkpt>
      <trkpt lat="26.8551683" lon="75.7662600">
        <time>2022-03-11T15:45:17Z</time>
      </trkpt>
      <trkpt lat="26.8550983" lon="75.7662617">
        <time>2022-03-11T15:45:18Z</time>
      </trkpt>
      <trkpt lat="26.8550333" lon="75.7662617">
        <time>2022-03-11T15:45:19Z</time>
      </trkpt>
      <trkpt lat="26.8549867" lon="75.7662583">
        <time>2022-03-11T15:45:20Z</time>
      </trkpt>
      <trkpt lat="26.8549467" lon="75.7662650">
        <time>2022-03-11T15:45:21Z</time>
      </trkpt>
      <trkpt lat="26.8549067" lon="75.7662717">
        <time>2022-03-11T15:45:22Z</time>
      </trkpt>
      <trkpt lat="26.8548667" lon="75.7662800">
        <time>2022-03-11T15:45:23Z</time>
      </trkpt>
      <trkpt lat="26.8548183" lon="75.7662800">
        <time>2022-03-11T15:45:24Z</time>
      </trkpt>
      <trkpt lat="26.8547600" lon="75.7662767">
        <time>2022-03-11T15:45:25Z</time>
      </trkpt>
      <trkpt lat="26.8546983" lon="75.7662833">
        <time>2022-03-11T15:45:26Z</time>
      </trkpt>
      <trkpt lat="26.8546433" lon="75.7662900">
        <time>2022-03-11T15:45:27Z</time>
      </trkpt>
      <trkpt lat="26.8545950" lon="75.7662967">
        <time>2022-03-11T15:45:28Z</time>
      </trkpt>
      <trkpt lat="26.8545500" lon="75.7663067">
        <time>2022-03-11T15:45:29Z</time>
      </trkpt>
      <trkpt lat="26.8545033" lon="75.7663167">
        <time>2022-03-11T15:45:30Z</time>
      </trkpt>
      <trkpt lat="26.8544533" lon="75.7663300">
        <time>2022-03-11T15:45:31Z</time>
      </trkpt>
      <trkpt lat="26.8544033" lon="75.7663500">
        <time>2022-03-11T15:45:32Z</time>
      </trkpt>
      <trkpt lat="26.8543483" lon="75.7663800">
        <time>2022-03-11T15:45:33Z</time>
      </trkpt>
      <trkpt lat="26.8542850" lon="75.7664150">
        <time>2022-03-11T15:45:34Z</time>
      </trkpt>
      <trkpt lat="26.8542200" lon="75.7664517">
        <time>2022-03-11T15:45:35Z</time>
      </trkpt>
      <trkpt lat="26.8541567" lon="75.7664850">
        <time>2022-03-11T15:45:36Z</time>
      </trkpt>
      <trkpt lat="26.8540900" lon="75.7665200">
        <time>2022-03-11T15:45:37Z</time>
      </trkpt>
      <trkpt lat="26.8540300" lon="75.7665450">
        <time>2022-03-11T15:45:38Z</time>
      </trkpt>
      <trkpt lat="26.8539717" lon="75.7665767">
        <time>2022-03-11T15:45:39Z</time>
      </trkpt>
      <trkpt lat="26.8539017" lon="75.7666133">
        <time>2022-03-11T15:45:40Z</time>
      </trkpt>
      <trkpt lat="26.8538250" lon="75.7666533">
        <time>2022-03-11T15:45:41Z</time>
      </trkpt>
      <trkpt lat="26.8537367" lon="75.7667033">
        <time>2022-03-11T15:45:42Z</time>
      </trkpt>
      <trkpt lat="26.8536467" lon="75.7667550">
        <time>2022-03-11T15:45:43Z</time>
      </trkpt>
      <trkpt lat="26.8535550" lon="75.7668100">
        <time>2022-03-11T15:45:44Z</time>
      </trkpt>
      <trkpt lat="26.8534683" lon="75.7668533">
        <time>2022-03-11T15:45:45Z</time>
      </trkpt>
      <trkpt lat="26.8533883" lon="75.7668933">
        <time>2022-03-11T15:45:46Z</time>
      </trkpt>
      <trkpt lat="26.8533150" lon="75.7669283">
        <time>2022-03-11T15:45:47Z</time>
      </trkpt>
      <trkpt lat="26.8532433" lon="75.7669600">
        <time>2022-03-11T15:45:48Z</time>
      </trkpt>
      <trkpt lat="26.8531767" lon="75.7669950">
        <time>2022-03-11T15:45:49Z</time>
      </trkpt>
      <trkpt lat="26.8531100" lon="75.7670167">
        <time>2022-03-11T15:45:50Z</time>
      </trkpt>
      <trkpt lat="26.8530433" lon="75.7670483">
        <time>2022-03-11T15:45:51Z</time>
      </trkpt>
      <trkpt lat="26.8529817" lon="75.7670833">
        <time>2022-03-11T15:45:52Z</time>
      </trkpt>
      <trkpt lat="26.8529167" lon="75.7671167">
        <time>2022-03-11T15:45:53Z</time>
      </trkpt>
      <trkpt lat="26.8528533" lon="75.7671467">
        <time>2022-03-11T15:45:54Z</time>
      </trkpt>
      <trkpt lat="26.8527917" lon="75.7671767">
        <time>2022-03-11T15:45:55Z</time>
      </trkpt>
      <trkpt lat="26.8527267" lon="75.7672033">
        <time>2022-03-11T15:45:56Z</time>
      </trkpt>
      <trkpt lat="26.8526717" lon="75.7672300">
        <time>2022-03-11T15:45:57Z</time>
      </trkpt>
      <trkpt lat="26.8526233" lon="75.7672583">
        <time>2022-03-11T15:45:58Z</time>
      </trkpt>
      <trkpt lat="26.8525817" lon="75.7672867">
        <time>2022-03-11T15:45:59Z</time>
      </trkpt>
      <trkpt lat="26.8525500" lon="75.7673133">
        <time>2022-03-11T15:46:00Z</time>
      </trkpt>
      <trkpt lat="26.8525217" lon="75.7673400">
        <time>2022-03-11T15:46:01Z</time>
      </trkpt>
      <trkpt lat="26.8525050" lon="75.7673483">
        <time>2022-03-11T15:46:02Z</time>
      </trkpt>
      <trkpt lat="26.8524933" lon="75.7673550">
        <time>2022-03-11T15:46:03Z</time>
      </trkpt>
      <trkpt lat="26.8524867" lon="75.7673567">
        <time>2022-03-11T15:46:04Z</time>
      </trkpt>
      <trkpt lat="26.8524867" lon="75.7673567">
        <time>2022-03-11T15:46:05Z</time>
      </trkpt>
      <trkpt lat="26.8524833" lon="75.7673567">
        <time>2022-03-11T15:46:06Z</time>
      </trkpt>
      <trkpt lat="26.8524833" lon="75.7673567">
        <time>2022-03-11T15:46:07Z</time>
      </trkpt>
      <trkpt lat="26.8524483" lon="75.7673750">
        <time>2022-03-11T15:46:08Z</time>
      </trkpt>
      <trkpt lat="26.8524067" lon="75.7674083">
        <time>2022-03-11T15:46:09Z</time>
      </trkpt>
      <trkpt lat="26.8523533" lon="75.7674317">
        <time>2022-03-11T15:46:10Z</time>
      </trkpt>
      <trkpt lat="26.8522950" lon="75.7674550">
        <time>2022-03-11T15:46:11Z</time>
      </trkpt>
      <trkpt lat="26.8522300" lon="75.7674783">
        <time>2022-03-11T15:46:12Z</time>
      </trkpt>
      <trkpt lat="26.8521617" lon="75.7675067">
        <time>2022-03-11T15:46:13Z</time>
      </trkpt>
      <trkpt lat="26.8520750" lon="75.7675433">
        <time>2022-03-11T15:46:14Z</time>
      </trkpt>
      <trkpt lat="26.8519833" lon="75.7675817">
        <time>2022-03-11T15:46:15Z</time>
      </trkpt>
      <trkpt lat="26.8519033" lon="75.7676067">
        <time>2022-03-11T15:46:16Z</time>
      </trkpt>
      <trkpt lat="26.8518183" lon="75.7676550">
        <time>2022-03-11T15:46:17Z</time>
      </trkpt>
      <trkpt lat="26.8517333" lon="75.7676900">
        <time>2022-03-11T15:46:18Z</time>
      </trkpt>
      <trkpt lat="26.8516417" lon="75.7677300">
        <time>2022-03-11T15:46:19Z</time>
      </trkpt>
      <trkpt lat="26.8515433" lon="75.7677800">
        <time>2022-03-11T15:46:20Z</time>
      </trkpt>
      <trkpt lat="26.8514467" lon="75.7678283">
        <time>2022-03-11T15:46:21Z</time>
      </trkpt>
      <trkpt lat="26.8513450" lon="75.7678783">
        <time>2022-03-11T15:46:22Z</time>
      </trkpt>
      <trkpt lat="26.8512433" lon="75.7679317">
        <time>2022-03-11T15:46:23Z</time>
      </trkpt>
      <trkpt lat="26.8511333" lon="75.7679750">
        <time>2022-03-11T15:46:24Z</time>
      </trkpt>
      <trkpt lat="26.8510267" lon="75.7680133">
        <time>2022-03-11T15:46:25Z</time>
      </trkpt>
      <trkpt lat="26.8509267" lon="75.7680683">
        <time>2022-03-11T15:46:26Z</time>
      </trkpt>
      <trkpt lat="26.8508300" lon="75.7681200">
        <time>2022-03-11T15:46:27Z</time>
      </trkpt>
      <trkpt lat="26.8507417" lon="75.7681600">
        <time>2022-03-11T15:46:28Z</time>
      </trkpt>
      <trkpt lat="26.8506717" lon="75.7681950">
        <time>2022-03-11T15:46:29Z</time>
      </trkpt>
      <trkpt lat="26.8506117" lon="75.7682233">
        <time>2022-03-11T15:46:30Z</time>
      </trkpt>
      <trkpt lat="26.8505550" lon="75.7682500">
        <time>2022-03-11T15:46:31Z</time>
      </trkpt>
      <trkpt lat="26.8505033" lon="75.7682667">
        <time>2022-03-11T15:46:32Z</time>
      </trkpt>
      <trkpt lat="26.8504450" lon="75.7682900">
        <time>2022-03-11T15:46:33Z</time>
      </trkpt>
      <trkpt lat="26.8503867" lon="75.7683217">
        <time>2022-03-11T15:46:34Z</time>
      </trkpt>
      <trkpt lat="26.8503217" lon="75.7683483">
        <time>2022-03-11T15:46:35Z</time>
      </trkpt>
      <trkpt lat="26.8502633" lon="75.7683700">
        <time>2022-03-11T15:46:36Z</time>
      </trkpt>
      <trkpt lat="26.8502150" lon="75.7683867">
        <time>2022-03-11T15:46:37Z</time>
      </trkpt>
      <trkpt lat="26.8501800" lon="75.7684000">
        <time>2022-03-11T15:46:38Z</time>
      </trkpt>
      <trkpt lat="26.8501500" lon="75.7684133">
        <time>2022-03-11T15:46:39Z</time>
      </trkpt>
      <trkpt lat="26.8501183" lon="75.7684250">
        <time>2022-03-11T15:46:40Z</time>
      </trkpt>
      <trkpt lat="26.8500817" lon="75.7684350">
        <time>2022-03-11T15:46:41Z</time>
      </trkpt>
      <trkpt lat="26.8500283" lon="75.7684500">
        <time>2022-03-11T15:46:42Z</time>
      </trkpt>
      <trkpt lat="26.8499633" lon="75.7684733">
        <time>2022-03-11T15:46:43Z</time>
      </trkpt>
      <trkpt lat="26.8499000" lon="75.7684867">
        <time>2022-03-11T15:46:44Z</time>
      </trkpt>
      <trkpt lat="26.8498383" lon="75.7685100">
        <time>2022-03-11T15:46:45Z</time>
      </trkpt>
      <trkpt lat="26.8497950" lon="75.7685200">
        <time>2022-03-11T15:46:46Z</time>
      </trkpt>
      <trkpt lat="26.8497583" lon="75.7685350">
        <time>2022-03-11T15:46:47Z</time>
      </trkpt>
      <trkpt lat="26.8497183" lon="75.7685483">
        <time>2022-03-11T15:46:48Z</time>
      </trkpt>
      <trkpt lat="26.8496717" lon="75.7685667">
        <time>2022-03-11T15:46:49Z</time>
      </trkpt>
      <trkpt lat="26.8496183" lon="75.7685900">
        <time>2022-03-11T15:46:50Z</time>
      </trkpt>
      <trkpt lat="26.8495633" lon="75.7686117">
        <time>2022-03-11T15:46:51Z</time>
      </trkpt>
      <trkpt lat="26.8495000" lon="75.7686367">
        <time>2022-03-11T15:46:52Z</time>
      </trkpt>
      <trkpt lat="26.8494283" lon="75.7686683">
        <time>2022-03-11T15:46:53Z</time>
      </trkpt>
      <trkpt lat="26.8493567" lon="75.7687033">
        <time>2022-03-11T15:46:54Z</time>
      </trkpt>
      <trkpt lat="26.8492883" lon="75.7687383">
        <time>2022-03-11T15:46:55Z</time>
      </trkpt>
      <trkpt lat="26.8492117" lon="75.7687750">
        <time>2022-03-11T15:46:56Z</time>
      </trkpt>
      <trkpt lat="26.8491233" lon="75.7688233">
        <time>2022-03-11T15:46:57Z</time>
      </trkpt>
      <trkpt lat="26.8490433" lon="75.7688717">
        <time>2022-03-11T15:46:58Z</time>
      </trkpt>
      <trkpt lat="26.8489667" lon="75.7689083">
        <time>2022-03-11T15:46:59Z</time>
      </trkpt>
      <trkpt lat="26.8488933" lon="75.7689450">
        <time>2022-03-11T15:47:00Z</time>
      </trkpt>
      <trkpt lat="26.8488200" lon="75.7689800">
        <time>2022-03-11T15:47:01Z</time>
      </trkpt>
      <trkpt lat="26.8487483" lon="75.7690167">
        <time>2022-03-11T15:47:02Z</time>
      </trkpt>
      <trkpt lat="26.8486783" lon="75.7690450">
        <time>2022-03-11T15:47:03Z</time>
      </trkpt>
      <trkpt lat="26.8485967" lon="75.7690733">
        <time>2022-03-11T15:47:04Z</time>
      </trkpt>
      <trkpt lat="26.8485200" lon="75.7690983">
        <time>2022-03-11T15:47:05Z</time>
      </trkpt>
      <trkpt lat="26.8484700" lon="75.7691183">
        <time>2022-03-11T15:47:06Z</time>
      </trkpt>
      <trkpt lat="26.8484283" lon="75.7691417">
        <time>2022-03-11T15:47:07Z</time>
      </trkpt>
      <trkpt lat="26.8483700" lon="75.7691650">
        <time>2022-03-11T15:47:08Z</time>
      </trkpt>
      <trkpt lat="26.8483150" lon="75.7691850">
        <time>2022-03-11T15:47:09Z</time>
      </trkpt>
      <trkpt lat="26.8482633" lon="75.7692133">
        <time>2022-03-11T15:47:10Z</time>
      </trkpt>
      <trkpt lat="26.8482233" lon="75.7692350">
        <time>2022-03-11T15:47:11Z</time>
      </trkpt>
      <trkpt lat="26.8481800" lon="75.7692500">
        <time>2022-03-11T15:47:12Z</time>
      </trkpt>
      <trkpt lat="26.8481367" lon="75.7692667">
        <time>2022-03-11T15:47:13Z</time>
      </trkpt>
      <trkpt lat="26.8480933" lon="75.7692883">
        <time>2022-03-11T15:47:14Z</time>
      </trkpt>
      <trkpt lat="26.8480633" lon="75.7693050">
        <time>2022-03-11T15:47:15Z</time>
      </trkpt>
      <trkpt lat="26.8480350" lon="75.7693183">
        <time>2022-03-11T15:47:16Z</time>
      </trkpt>
      <trkpt lat="26.8480050" lon="75.7693317">
        <time>2022-03-11T15:47:17Z</time>
      </trkpt>
      <trkpt lat="26.8479717" lon="75.7693483">
        <time>2022-03-11T15:47:18Z</time>
      </trkpt>
      <trkpt lat="26.8479467" lon="75.7693617">
        <time>2022-03-11T15:47:19Z</time>
      </trkpt>
      <trkpt lat="26.8479350" lon="75.7693700">
        <time>2022-03-11T15:47:20Z</time>
      </trkpt>
      <trkpt lat="26.8479267" lon="75.7693750">
        <time>2022-03-11T15:47:21Z</time>
      </trkpt>
      <trkpt lat="26.8479067" lon="75.7693833">
        <time>2022-03-11T15:47:22Z</time>
      </trkpt>
      <trkpt lat="26.8479067" lon="75.7693833">
        <time>2022-03-11T15:47:23Z</time>
      </trkpt>
      <trkpt lat="26.8478633" lon="75.7694000">
        <time>2022-03-11T15:47:24Z</time>
      </trkpt>
      <trkpt lat="26.8478300" lon="75.7694117">
        <time>2022-03-11T15:47:25Z</time>
      </trkpt>
      <trkpt lat="26.8478000" lon="75.7694350">
        <time>2022-03-11T15:47:26Z</time>
      </trkpt>
      <trkpt lat="26.8477700" lon="75.7694567">
        <time>2022-03-11T15:47:27Z</time>
      </trkpt>
      <trkpt lat="26.8477267" lon="75.7694800">
        <time>2022-03-11T15:47:28Z</time>
      </trkpt>
      <trkpt lat="26.8476750" lon="75.7695033">
        <time>2022-03-11T15:47:29Z</time>
      </trkpt>
      <trkpt lat="26.8476300" lon="75.7695200">
        <time>2022-03-11T15:47:30Z</time>
      </trkpt>
      <trkpt lat="26.8475967" lon="75.7695367">
        <time>2022-03-11T15:47:31Z</time>
      </trkpt>
      <trkpt lat="26.8475583" lon="75.7695583">
        <time>2022-03-11T15:47:32Z</time>
      </trkpt>
      <trkpt lat="26.8475067" lon="75.7695833">
        <time>2022-03-11T15:47:33Z</time>
      </trkpt>
      <trkpt lat="26.8474450" lon="75.7696033">
        <time>2022-03-11T15:47:34Z</time>
      </trkpt>
      <trkpt lat="26.8473883" lon="75.7696317">
        <time>2022-03-11T15:47:35Z</time>
      </trkpt>
      <trkpt lat="26.8473383" lon="75.7696467">
        <time>2022-03-11T15:47:36Z</time>
      </trkpt>
      <trkpt lat="26.8472867" lon="75.7696617">
        <time>2022-03-11T15:47:37Z</time>
      </trkpt>
      <trkpt lat="26.8472233" lon="75.7696867">
        <time>2022-03-11T15:47:38Z</time>
      </trkpt>
      <trkpt lat="26.8471500" lon="75.7697183">
        <time>2022-03-11T15:47:39Z</time>
      </trkpt>
      <trkpt lat="26.8470867" lon="75.7697633">
        <time>2022-03-11T15:47:40Z</time>
      </trkpt>
      <trkpt lat="26.8470150" lon="75.7697950">
        <time>2022-03-11T15:47:41Z</time>
      </trkpt>
      <trkpt lat="26.8469467" lon="75.7698250">
        <time>2022-03-11T15:47:42Z</time>
      </trkpt>
      <trkpt lat="26.8468700" lon="75.7698633">
        <time>2022-03-11T15:47:43Z</time>
      </trkpt>
      <trkpt lat="26.8467850" lon="75.7699033">
        <time>2022-03-11T15:47:44Z</time>
      </trkpt>
      <trkpt lat="26.8466950" lon="75.7699417">
        <time>2022-03-11T15:47:45Z</time>
      </trkpt>
      <trkpt lat="26.8466017" lon="75.7699850">
        <time>2022-03-11T15:47:46Z</time>
      </trkpt>
      <trkpt lat="26.8465083" lon="75.7700250">
        <time>2022-03-11T15:47:47Z</time>
      </trkpt>
      <trkpt lat="26.8464183" lon="75.7700733">
        <time>2022-03-11T15:47:48Z</time>
      </trkpt>
      <trkpt lat="26.8463267" lon="75.7701200">
        <time>2022-03-11T15:47:49Z</time>
      </trkpt>
      <trkpt lat="26.8462367" lon="75.7701650">
        <time>2022-03-11T15:47:50Z</time>
      </trkpt>
      <trkpt lat="26.8461367" lon="75.7702283">
        <time>2022-03-11T15:47:51Z</time>
      </trkpt>
      <trkpt lat="26.8460283" lon="75.7702817">
        <time>2022-03-11T15:47:52Z</time>
      </trkpt>
      <trkpt lat="26.8459233" lon="75.7703333">
        <time>2022-03-11T15:47:53Z</time>
      </trkpt>
      <trkpt lat="26.8458217" lon="75.7703767">
        <time>2022-03-11T15:47:54Z</time>
      </trkpt>
      <trkpt lat="26.8457217" lon="75.7704217">
        <time>2022-03-11T15:47:55Z</time>
      </trkpt>
      <trkpt lat="26.8456217" lon="75.7704567">
        <time>2022-03-11T15:47:56Z</time>
      </trkpt>
      <trkpt lat="26.8455417" lon="75.7704950">
        <time>2022-03-11T15:47:57Z</time>
      </trkpt>
      <trkpt lat="26.8454617" lon="75.7705383">
        <time>2022-03-11T15:47:58Z</time>
      </trkpt>
      <trkpt lat="26.8453850" lon="75.7705800">
        <time>2022-03-11T15:47:59Z</time>
      </trkpt>
      <trkpt lat="26.8452933" lon="75.7706200">
        <time>2022-03-11T15:48:00Z</time>
      </trkpt>
      <trkpt lat="26.8452100" lon="75.7706583">
        <time>2022-03-11T15:48:01Z</time>
      </trkpt>
      <trkpt lat="26.8451300" lon="75.7706950">
        <time>2022-03-11T15:48:02Z</time>
      </trkpt>
      <trkpt lat="26.8450567" lon="75.7707367">
        <time>2022-03-11T15:48:03Z</time>
      </trkpt>
      <trkpt lat="26.8449833" lon="75.7707750">
        <time>2022-03-11T15:48:04Z</time>
      </trkpt>
      <trkpt lat="26.8449083" lon="75.7707967">
        <time>2022-03-11T15:48:05Z</time>
      </trkpt>
      <trkpt lat="26.8448367" lon="75.7708067">
        <time>2022-03-11T15:48:06Z</time>
      </trkpt>
      <trkpt lat="26.8447617" lon="75.7708000">
        <time>2022-03-11T15:48:07Z</time>
      </trkpt>
      <trkpt lat="26.8446867" lon="75.7707783">
        <time>2022-03-11T15:48:08Z</time>
      </trkpt>
      <trkpt lat="26.8446100" lon="75.7707583">
        <time>2022-03-11T15:48:09Z</time>
      </trkpt>
      <trkpt lat="26.8445433" lon="75.7707367">
        <time>2022-03-11T15:48:10Z</time>
      </trkpt>
      <trkpt lat="26.8444900" lon="75.7707250">
        <time>2022-03-11T15:48:11Z</time>
      </trkpt>
      <trkpt lat="26.8444467" lon="75.7707200">
        <time>2022-03-11T15:48:12Z</time>
      </trkpt>
      <trkpt lat="26.8444117" lon="75.7707117">
        <time>2022-03-11T15:48:13Z</time>
      </trkpt>
      <trkpt lat="26.8443867" lon="75.7707033">
        <time>2022-03-11T15:48:14Z</time>
      </trkpt>
      <trkpt lat="26.8443667" lon="75.7707000">
        <time>2022-03-11T15:48:15Z</time>
      </trkpt>
      <trkpt lat="26.8443483" lon="75.7706950">
        <time>2022-03-11T15:48:16Z</time>
      </trkpt>
      <trkpt lat="26.8443267" lon="75.7706917">
        <time>2022-03-11T15:48:17Z</time>
      </trkpt>
      <trkpt lat="26.8443067" lon="75.7706850">
        <time>2022-03-11T15:48:18Z</time>
      </trkpt>
      <trkpt lat="26.8442933" lon="75.7706817">
        <time>2022-03-11T15:48:19Z</time>
      </trkpt>
      <trkpt lat="26.8442800" lon="75.7706833">
        <time>2022-03-11T15:48:20Z</time>
      </trkpt>
      <trkpt lat="26.8442700" lon="75.7706817">
        <time>2022-03-11T15:48:21Z</time>
      </trkpt>
      <trkpt lat="26.8442567" lon="75.7706800">
        <time>2022-03-11T15:48:22Z</time>
      </trkpt>
      <trkpt lat="26.8442400" lon="75.7706767">
        <time>2022-03-11T15:48:23Z</time>
      </trkpt>
      <trkpt lat="26.8442217" lon="75.7706700">
        <time>2022-03-11T15:48:24Z</time>
      </trkpt>
      <trkpt lat="26.8441983" lon="75.7706633">
        <time>2022-03-11T15:48:25Z</time>
      </trkpt>
      <trkpt lat="26.8441700" lon="75.7706600">
        <time>2022-03-11T15:48:26Z</time>
      </trkpt>
      <trkpt lat="26.8441417" lon="75.7706550">
        <time>2022-03-11T15:48:27Z</time>
      </trkpt>
      <trkpt lat="26.8441183" lon="75.7706467">
        <time>2022-03-11T15:48:28Z</time>
      </trkpt>
      <trkpt lat="26.8440850" lon="75.7706533">
        <time>2022-03-11T15:48:29Z</time>
      </trkpt>
      <trkpt lat="26.8440633" lon="75.7706483">
        <time>2022-03-11T15:48:30Z</time>
      </trkpt>
      <trkpt lat="26.8440417" lon="75.7706450">
        <time>2022-03-11T15:48:31Z</time>
      </trkpt>
      <trkpt lat="26.8440250" lon="75.7706417">
        <time>2022-03-11T15:48:32Z</time>
      </trkpt>
    </trkseg>
  </trk>
  <trk>
    <name>2022_03_09_17_48_33_2022_03_09_17_48_33.gpx</name>
    <desc>Driving track</desc>
    <url>/user/abhimanyu003/traces/4171315</url>
    <trkseg>
      <trkpt lat="26.8448533" lon="75.7582650">
        <time>2022-03-09T12:18:43Z</time>
      </trkpt>
      <trkpt lat="26.8448583" lon="75.7582817">
        <time>2022-03-09T12:18:44Z</time>
      </trkpt>
      <trkpt lat="26.8448117" lon="75.7583217">
        <time>2022-03-09T12:18:45Z</time>
      </trkpt>
      <trkpt lat="26.8448017" lon="75.7583417">
        <time>2022-03-09T12:18:46Z</time>
      </trkpt>
      <trkpt lat="26.8447983" lon="75.7583500">
        <time>2022-03-09T12:18:47Z</time>
      </trkpt>
      <trkpt lat="26.8447983" lon="75.7583500">
        <time>2022-03-09T12:18:47Z</time>
      </trkpt>
      <trkpt lat="26.8447833" lon="75.7583550">
        <time>2022-03-09T12:18:48Z</time>
      </trkpt>
      <trkpt lat="26.8447733" lon="75.7583333">
        <time>2022-03-09T12:18:49Z</time>
      </trkpt>
      <trkpt lat="26.8447700" lon="75.7583333">
        <time>2022-03-09T12:18:50Z</time>
      </trkpt>
      <trkpt lat="26.8447633" lon="75.7583433">
        <time>2022-03-09T12:18:51Z</time>
      </trkpt>
      <trkpt lat="26.8447500" lon="75.7583583">
        <time>2022-03-09T12:18:52Z</time>
      </trkpt>
      <trkpt lat="26.8447350" lon="75.7583717">
        <time>2022-03-09T12:18:53Z</time>
      </trkpt>
      <trkpt lat="26.8447167" lon="75.7583867">
        <time>2022-03-09T12:18:54Z</time>
      </trkpt>
      <trkpt lat="26.8447100" lon="75.7584167">
        <time>2022-03-09T12:18:55Z</time>
      </trkpt>
      <trkpt lat="26.8447050" lon="75.7584450">
        <time>2022-03-09T12:18:56Z</time>
      </trkpt>
      <trkpt lat="26.8446967" lon="75.7584733">
        <time>2022-03-09T12:18:57Z</time>
      </trkpt>
      <trkpt lat="26.8446983" lon="75.7584950">
        <time>2022-03-09T12:18:58Z</time>
      </trkpt>
      <trkpt lat="26.8446933" lon="75.7585233">
        <time>2022-03-09T12:18:59Z</time>
      </trkpt>
      <trkpt lat="26.8447017" lon="75.7585483">
        <time>2022-03-09T12:19:00Z</time>
      </trkpt>
      <trkpt lat="26.8447033" lon="75.7585750">
        <time>2022-03-09T12:19:01Z</time>
      </trkpt>
      <trkpt lat="26.8447133" lon="75.7585950">
        <time>2022-03-09T12:19:02Z</time>
      </trkpt>
      <trkpt lat="26.8447033" lon="75.7586067">
        <time>2022-03-09T12:19:03Z</time>
      </trkpt>
      <trkpt lat="26.8446983" lon="75.7586150">
        <time>2022-03-09T12:19:04Z</time>
      </trkpt>
      <trkpt lat="26.8446900" lon="75.7586217">
        <time>2022-03-09T12:19:05Z</time>
      </trkpt>
      <trkpt lat="26.8446850" lon="75.7586350">
        <time>2022-03-09T12:19:06Z</time>
      </trkpt>
      <trkpt lat="26.8446767" lon="75.7586483">
        <time>2022-03-09T12:19:07Z</time>
      </trkpt>
      <trkpt lat="26.8446683" lon="75.7586733">
        <time>2022-03-09T12:19:08Z</time>
      </trkpt>
      <trkpt lat="26.8446583" lon="75.7587050">
        <time>2022-03-09T12:19:09Z</time>
      </trkpt>
      <trkpt lat="26.8446400" lon="75.7587467">
        <time>2022-03-09T12:19:10Z</time>
      </trkpt>
      <trkpt lat="26.8446233" lon="75.7588017">
        <time>2022-03-09T12:19:11Z</time>
      </trkpt>
      <trkpt lat="26.8445933" lon="75.7588700">
        <time>2022-03-09T12:19:13Z</time>
      </trkpt>
      <trkpt lat="26.8445717" lon="75.7589117">
        <time>2022-03-09T12:19:14Z</time>
      </trkpt>
      <trkpt lat="26.8445517" lon="75.7589467">
        <time>2022-03-09T12:19:15Z</time>
      </trkpt>
      <trkpt lat="26.8445283" lon="75.7589883">
        <time>2022-03-09T12:19:16Z</time>
      </trkpt>
      <trkpt lat="26.8445067" lon="75.7590333">
        <time>2022-03-09T12:19:17Z</time>
      </trkpt>
      <trkpt lat="26.8444900" lon="75.7590867">
        <time>2022-03-09T12:19:18Z</time>
      </trkpt>
      <trkpt lat="26.8444817" lon="75.7591250">
        <time>2022-03-09T12:19:19Z</time>
      </trkpt>
      <trkpt lat="26.8444750" lon="75.7591533">
        <time>2022-03-09T12:19:20Z</time>
      </trkpt>
      <trkpt lat="26.8444683" lon="75.7591683">
        <time>2022-03-09T12:19:21Z</time>
      </trkpt>
      <trkpt lat="26.8444700" lon="75.7591917">
        <time>2022-03-09T12:19:22Z</time>
      </trkpt>
      <trkpt lat="26.8444667" lon="75.7592083">
        <time>2022-03-09T12:19:23Z</time>
      </trkpt>
      <trkpt lat="26.8444550" lon="75.7592333">
        <time>2022-03-09T12:19:24Z</time>
      </trkpt>
      <trkpt lat="26.8444433" lon="75.7592650">
        <time>2022-03-09T12:19:25Z</time>
      </trkpt>
      <trkpt lat="26.8444367" lon="75.7592967">
        <time>2022-03-09T12:19:26Z</time>
      </trkpt>
      <trkpt lat="26.8444350" lon="75.7593250">
        <time>2022-03-09T12:19:27Z</time>
      </trkpt>
      <trkpt lat="26.8444250" lon="75.7593567">
        <time>2022-03-09T12:19:28Z</time>
      </trkpt>
      <trkpt lat="26.8444067" lon="75.7593900">
        <time>2022-03-09T12:19:29Z</time>
      </trkpt>
      <trkpt lat="26.8443900" lon="75.7594350">
        <time>2022-03-09T12:19:30Z</time>
      </trkpt>
      <trkpt lat="26.8443650" lon="75.7594917">
        <time>2022-03-09T12:19:31Z</time>
      </trkpt>
      <trkpt lat="26.8443383" lon="75.7595533">
        <time>2022-03-09T12:19:32Z</time>
      </trkpt>
      <trkpt lat="26.8443050" lon="75.7596233">
        <time>2022-03-09T12:19:33Z</time>
      </trkpt>
      <trkpt lat="26.8442783" lon="75.7596833">
        <time>2022-03-09T12:19:34Z</time>
      </trkpt>
      <trkpt lat="26.8442517" lon="75.7597417">
        <time>2022-03-09T12:19:35Z</time>
      </trkpt>
      <trkpt lat="26.8442283" lon="75.7597650">
        <time>2022-03-09T12:19:36Z</time>
      </trkpt>
      <trkpt lat="26.8442183" lon="75.7597733">
        <time>2022-03-09T12:19:37Z</time>
      </trkpt>
      <trkpt lat="26.8442133" lon="75.7597800">
        <time>2022-03-09T12:19:38Z</time>
      </trkpt>
      <trkpt lat="26.8442100" lon="75.7597867">
        <time>2022-03-09T12:19:39Z</time>
      </trkpt>
      <trkpt lat="26.8442050" lon="75.7597967">
        <time>2022-03-09T12:19:40Z</time>
      </trkpt>
      <trkpt lat="26.8442017" lon="75.7598150">
        <time>2022-03-09T12:19:41Z</time>
      </trkpt>
      <trkpt lat="26.8441933" lon="75.7598417">
        <time>2022-03-09T12:19:42Z</time>
      </trkpt>
      <trkpt lat="26.8441767" lon="75.7598750">
        <time>2022-03-09T12:19:43Z</time>
      </trkpt>
      <trkpt lat="26.8441683" lon="75.7599050">
        <time>2022-03-09T12:19:44Z</time>
      </trkpt>
      <trkpt lat="26.8441517" lon="75.7599417">
        <time>2022-03-09T12:19:45Z</time>
      </trkpt>
      <trkpt lat="26.8441333" lon="75.7599817">
        <time>2022-03-09T12:19:46Z</time>
      </trkpt>
      <trkpt lat="26.8441050" lon="75.7600467">
        <time>2022-03-09T12:19:47Z</time>
      </trkpt>
      <trkpt lat="26.8440767" lon="75.7601083">
        <time>2022-03-09T12:19:48Z</time>
      </trkpt>
      <trkpt lat="26.8440450" lon="75.7601750">
        <time>2022-03-09T12:19:49Z</time>
      </trkpt>
      <trkpt lat="26.8440100" lon="75.7602167">
        <time>2022-03-09T12:19:50Z</time>
      </trkpt>
      <trkpt lat="26.8439833" lon="75.7602517">
        <time>2022-03-09T12:19:51Z</time>
      </trkpt>
      <trkpt lat="26.8439550" lon="75.7602833">
        <time>2022-03-09T12:19:52Z</time>
      </trkpt>
      <trkpt lat="26.8439400" lon="75.7603117">
        <time>2022-03-09T12:19:53Z</time>
      </trkpt>
      <trkpt lat="26.8439250" lon="75.7603383">
        <time>2022-03-09T12:19:54Z</time>
      </trkpt>
      <trkpt lat="26.8439133" lon="75.7603583">
        <time>2022-03-09T12:19:55Z</time>
      </trkpt>
      <trkpt lat="26.8439100" lon="75.7603767">
        <time>2022-03-09T12:19:56Z</time>
      </trkpt>
      <trkpt lat="26.8439050" lon="75.7603967">
        <time>2022-03-09T12:19:57Z</time>
      </trkpt>
      <trkpt lat="26.8438950" lon="75.7604117">
        <time>2022-03-09T12:19:58Z</time>
      </trkpt>
      <trkpt lat="26.8438883" lon="75.7604200">
        <time>2022-03-09T12:19:59Z</time>
      </trkpt>
      <trkpt lat="26.8438867" lon="75.7604333">
        <time>2022-03-09T12:20:00Z</time>
      </trkpt>
      <trkpt lat="26.8438817" lon="75.7604450">
        <time>2022-03-09T12:20:01Z</time>
      </trkpt>
      <trkpt lat="26.8438617" lon="75.7604533">
        <time>2022-03-09T12:20:02Z</time>
      </trkpt>
      <trkpt lat="26.8438433" lon="75.7604717">
        <time>2022-03-09T12:20:03Z</time>
      </trkpt>
      <trkpt lat="26.8438267" lon="75.7605050">
        <time>2022-03-09T12:20:04Z</time>
      </trkpt>
      <trkpt lat="26.8438150" lon="75.7605367">
        <time>2022-03-09T12:20:05Z</time>
      </trkpt>
      <trkpt lat="26.8438017" lon="75.7605683">
        <time>2022-03-09T12:20:06Z</time>
      </trkpt>
      <trkpt lat="26.8437883" lon="75.7605933">
        <time>2022-03-09T12:20:07Z</time>
      </trkpt>
      <trkpt lat="26.8437817" lon="75.7606083">
        <time>2022-03-09T12:20:08Z</time>
      </trkpt>
      <trkpt lat="26.8437650" lon="75.7606333">
        <time>2022-03-09T12:20:09Z</time>
      </trkpt>
      <trkpt lat="26.8437567" lon="75.7606617">
        <time>2022-03-09T12:20:10Z</time>
      </trkpt>
      <trkpt lat="26.8437433" lon="75.7606733">
        <time>2022-03-09T12:20:11Z</time>
      </trkpt>
      <trkpt lat="26.8437333" lon="75.7606833">
        <time>2022-03-09T12:20:12Z</time>
      </trkpt>
      <trkpt lat="26.8437300" lon="75.7606950">
        <time>2022-03-09T12:20:13Z</time>
      </trkpt>
      <trkpt lat="26.8437267" lon="75.7607133">
        <time>2022-03-09T12:20:14Z</time>
      </trkpt>
      <trkpt lat="26.8437233" lon="75.7607350">
        <time>2022-03-09T12:20:15Z</time>
      </trkpt>
      <trkpt lat="26.8437150" lon="75.7607700">
        <time>2022-03-09T12:20:16Z</time>
      </trkpt>
      <trkpt lat="26.8437000" lon="75.7608067">
        <time>2022-03-09T12:20:17Z</time>
      </trkpt>
      <trkpt lat="26.8436650" lon="75.7608850">
        <time>2022-03-09T12:20:18Z</time>
      </trkpt>
      <trkpt lat="26.8436383" lon="75.7609567">
        <time>2022-03-09T12:20:19Z</time>
      </trkpt>
      <trkpt lat="26.8436033" lon="75.7610317">
        <time>2022-03-09T12:20:20Z</time>
      </trkpt>
      <trkpt lat="26.8435717" lon="75.7611050">
        <time>2022-03-09T12:20:21Z</time>
      </trkpt>
      <trkpt lat="26.8435433" lon="75.7611683">
        <time>2022-03-09T12:20:22Z</time>
      </trkpt>
      <trkpt lat="26.8435133" lon="75.7612367">
        <time>2022-03-09T12:20:23Z</time>
      </trkpt>
      <trkpt lat="26.8434800" lon="75.7613017">
        <time>2022-03-09T12:20:24Z</time>
      </trkpt>
      <trkpt lat="26.8434517" lon="75.7613717">
        <time>2022-03-09T12:20:25Z</time>
      </trkpt>
      <trkpt lat="26.8434233" lon="75.7614383">
        <time>2022-03-09T12:20:26Z</time>
      </trkpt>
      <trkpt lat="26.8434050" lon="75.7615033">
        <time>2022-03-09T12:20:27Z</time>
      </trkpt>
      <trkpt lat="26.8433817" lon="75.7615717">
        <time>2022-03-09T12:20:28Z</time>
      </trkpt>
      <trkpt lat="26.8433550" lon="75.7616333">
        <time>2022-03-09T12:20:29Z</time>
      </trkpt>
      <trkpt lat="26.8433383" lon="75.7616900">
        <time>2022-03-09T12:20:30Z</time>
      </trkpt>
      <trkpt lat="26.8433117" lon="75.7617450">
        <time>2022-03-09T12:20:31Z</time>
      </trkpt>
      <trkpt lat="26.8432883" lon="75.7617967">
        <time>2022-03-09T12:20:32Z</time>
      </trkpt>
      <trkpt lat="26.8432667" lon="75.7618500">
        <time>2022-03-09T12:20:33Z</time>
      </trkpt>
      <trkpt lat="26.8432417" lon="75.7619183">
        <time>2022-03-09T12:20:34Z</time>
      </trkpt>
      <trkpt lat="26.8432083" lon="75.7619817">
        <time>2022-03-09T12:20:35Z</time>
      </trkpt>
      <trkpt lat="26.8431750" lon="75.7620567">
        <time>2022-03-09T12:20:36Z</time>
      </trkpt>
      <trkpt lat="26.8431450" lon="75.7621467">
        <time>2022-03-09T12:20:37Z</time>
      </trkpt>
      <trkpt lat="26.8431317" lon="75.7622150">
        <time>2022-03-09T12:20:38Z</time>
      </trkpt>
      <trkpt lat="26.8431100" lon="75.7622650">
        <time>2022-03-09T12:20:39Z</time>
      </trkpt>
      <trkpt lat="26.8430950" lon="75.7622833">
        <time>2022-03-09T12:20:40Z</time>
      </trkpt>
      <trkpt lat="26.8430867" lon="75.7623100">
        <time>2022-03-09T12:20:41Z</time>
      </trkpt>
      <trkpt lat="26.8430767" lon="75.7623283">
        <time>2022-03-09T12:20:42Z</time>
      </trkpt>
      <trkpt lat="26.8430750" lon="75.7623467">
        <time>2022-03-09T12:20:43Z</time>
      </trkpt>
      <trkpt lat="26.8430800" lon="75.7623700">
        <time>2022-03-09T12:20:44Z</time>
      </trkpt>
      <trkpt lat="26.8430817" lon="75.7623867">
        <time>2022-03-09T12:20:45Z</time>
      </trkpt>
      <trkpt lat="26.8431033" lon="75.7624233">
        <time>2022-03-09T12:20:46Z</time>
      </trkpt>
      <trkpt lat="26.8431517" lon="75.7624467">
        <time>2022-03-09T12:20:47Z</time>
      </trkpt>
      <trkpt lat="26.8432117" lon="75.7624800">
        <time>2022-03-09T12:20:48Z</time>
      </trkpt>
      <trkpt lat="26.8432917" lon="75.7625150">
        <time>2022-03-09T12:20:49Z</time>
      </trkpt>
      <trkpt lat="26.8433867" lon="75.7625583">
        <time>2022-03-09T12:20:50Z</time>
      </trkpt>
      <trkpt lat="26.8434850" lon="75.7626000">
        <time>2022-03-09T12:20:51Z</time>
      </trkpt>
      <trkpt lat="26.8435733" lon="75.7626383">
        <time>2022-03-09T12:20:52Z</time>
      </trkpt>
      <trkpt lat="26.8436550" lon="75.7626650">
        <time>2022-03-09T12:20:53Z</time>
      </trkpt>
      <trkpt lat="26.8437250" lon="75.7626933">
        <time>2022-03-09T12:20:54Z</time>
      </trkpt>
      <trkpt lat="26.8437683" lon="75.7627150">
        <time>2022-03-09T12:20:55Z</time>
      </trkpt>
      <trkpt lat="26.8437983" lon="75.7627417">
        <time>2022-03-09T12:20:56Z</time>
      </trkpt>
      <trkpt lat="26.8438183" lon="75.7627550">
        <time>2022-03-09T12:20:57Z</time>
      </trkpt>
      <trkpt lat="26.8438283" lon="75.7627617">
        <time>2022-03-09T12:20:58Z</time>
      </trkpt>
      <trkpt lat="26.8438267" lon="75.7627667">
        <time>2022-03-09T12:20:59Z</time>
      </trkpt>
      <trkpt lat="26.8438217" lon="75.7627683">
        <time>2022-03-09T12:21:00Z</time>
      </trkpt>
      <trkpt lat="26.8438183" lon="75.7627733">
        <time>2022-03-09T12:21:01Z</time>
      </trkpt>
      <trkpt lat="26.8438183" lon="75.7627733">
        <time>2022-03-09T12:21:02Z</time>
      </trkpt>
      <trkpt lat="26.8438183" lon="75.7627733">
        <time>2022-03-09T12:21:03Z</time>
      </trkpt>
      <trkpt lat="26.8438183" lon="75.7627733">
        <time>2022-03-09T12:21:04Z</time>
      </trkpt>
      <trkpt lat="26.8438183" lon="75.7627733">
        <time>2022-03-09T12:21:05Z</time>
      </trkpt>
      <trkpt lat="26.8438183" lon="75.7627733">
        <time>2022-03-09T12:21:06Z</time>
      </trkpt>
      <trkpt lat="26.8438183" lon="75.7627733">
        <time>2022-03-09T12:21:07Z</time>
      </trkpt>
      <trkpt lat="26.8438183" lon="75.7627733">
        <time>2022-03-09T12:21:08Z</time>
      </trkpt>
      <trkpt lat="26.8438183" lon="75.7627733">
        <time>2022-03-09T12:21:09Z</time>
      </trkpt>
      <trkpt lat="26.8438183" lon="75.7627733">
        <time>2022-03-09T12:21:10Z</time>
      </trkpt>
      <trkpt lat="26.8438183" lon="75.7627733">
        <time>2022-03-09T12:21:11Z</time>
      </trkpt>
      <trkpt lat="26.8438183" lon="75.7627733">
        <time>2022-03-09T12:21:12Z</time>
      </trkpt>
      <trkpt lat="26.8438183" lon="75.7627733">
        <time>2022-03-09T12:21:13Z</time>
      </trkpt>
      <trkpt lat="26.8438183" lon="75.7627733">
        <time>2022-03-09T12:21:14Z</time>
      </trkpt>
      <trkpt lat="26.8438183" lon="75.7627733">
        <time>2022-03-09T12:21:15Z</time>
      </trkpt>
      <trkpt lat="26.8438183" lon="75.7627733">
        <time>2022-03-09T12:21:16Z</time>
      </trkpt>
      <trkpt lat="26.8438183" lon="75.7627733">
        <time>2022-03-09T12:21:17Z</time>
      </trkpt>
      <trkpt lat="26.8438183" lon="75.7627733">
        <time>2022-03-09T12:21:18Z</time>
      </trkpt>
      <trkpt lat="26.8438183" lon="75.7627733">
        <time>2022-03-09T12:21:19Z</time>
      </trkpt>
      <trkpt lat="26.8438183" lon="75.7627733">
        <time>2022-03-09T12:21:20Z</time>
      </trkpt>
      <trkpt lat="26.8438183" lon="75.7627733">
        <time>2022-03-09T12:21:21Z</time>
      </trkpt>
      <trkpt lat="26.8438183" lon="75.7627733">
        <time>2022-03-09T12:21:22Z</time>
      </trkpt>
      <trkpt lat="26.8438183" lon="75.7627733">
        <time>2022-03-09T12:21:23Z</time>
      </trkpt>
      <trkpt lat="26.8438183" lon="75.7627733">
        <time>2022-03-09T12:21:24Z</time>
      </trkpt>
      <trkpt lat="26.8438183" lon="75.7627733">
        <time>2022-03-09T12:21:25Z</time>
      </trkpt>
      <trkpt lat="26.8437967" lon="75.7627950">
        <time>2022-03-09T12:21:26Z</time>
      </trkpt>
      <trkpt lat="26.8437700" lon="75.7628017">
        <time>2022-03-09T12:21:27Z</time>
      </trkpt>
      <trkpt lat="26.8437300" lon="75.7627900">
        <time>2022-03-09T12:21:28Z</time>
      </trkpt>
      <trkpt lat="26.8436800" lon="75.7627600">
        <time>2022-03-09T12:21:29Z</time>
      </trkpt>
      <trkpt lat="26.8436150" lon="75.7627250">
        <time>2022-03-09T12:21:30Z</time>
      </trkpt>
      <trkpt lat="26.8435467" lon="75.7626917">
        <time>2022-03-09T12:21:31Z</time>
      </trkpt>
      <trkpt lat="26.8434733" lon="75.7626483">
        <time>2022-03-09T12:21:32Z</time>
      </trkpt>
      <trkpt lat="26.8433983" lon="75.7626167">
        <time>2022-03-09T12:21:33Z</time>
      </trkpt>
      <trkpt lat="26.8433300" lon="75.7625850">
        <time>2022-03-09T12:21:34Z</time>
      </trkpt>
      <trkpt lat="26.8432633" lon="75.7625467">
        <time>2022-03-09T12:21:35Z</time>
      </trkpt>
      <trkpt lat="26.8431900" lon="75.7624967">
        <time>2022-03-09T12:21:36Z</time>
      </trkpt>
      <trkpt lat="26.8431117" lon="75.7624517">
        <time>2022-03-09T12:21:37Z</time>
      </trkpt>
      <trkpt lat="26.8430333" lon="75.7624067">
        <time>2022-03-09T12:21:38Z</time>
      </trkpt>
      <trkpt lat="26.8429400" lon="75.7623650">
        <time>2022-03-09T12:21:39Z</time>
      </trkpt>
      <trkpt lat="26.8428450" lon="75.7623067">
        <time>2022-03-09T12:21:40Z</time>
      </trkpt>
      <trkpt lat="26.8427417" lon="75.7622533">
        <time>2022-03-09T12:21:41Z</time>
      </trkpt>
      <trkpt lat="26.8426450" lon="75.7621917">
        <time>2022-03-09T12:21:42Z</time>
      </trkpt>
      <trkpt lat="26.8425483" lon="75.7621300">
        <time>2022-03-09T12:21:43Z</time>
      </trkpt>
      <trkpt lat="26.8424367" lon="75.7620783">
        <time>2022-03-09T12:21:44Z</time>
      </trkpt>
      <trkpt lat="26.8423417" lon="75.7620033">
        <time>2022-03-09T12:21:45Z</time>
      </trkpt>
      <trkpt lat="26.8422550" lon="75.7619283">
        <time>2022-03-09T12:21:46Z</time>
      </trkpt>
      <trkpt lat="26.8421567" lon="75.7618550">
        <time>2022-03-09T12:21:47Z</time>
      </trkpt>
      <trkpt lat="26.8420700" lon="75.7617783">
        <time>2022-03-09T12:21:48Z</time>
      </trkpt>
      <trkpt lat="26.8420700" lon="75.7617783">
        <time>2022-03-09T12:21:48Z</time>
      </trkpt>
      <trkpt lat="26.8419950" lon="75.7617100">
        <time>2022-03-09T12:21:49Z</time>
      </trkpt>
      <trkpt lat="26.8419000" lon="75.7616433">
        <time>2022-03-09T12:21:50Z</time>
      </trkpt>
      <trkpt lat="26.8418167" lon="75.7615883">
        <time>2022-03-09T12:21:51Z</time>
      </trkpt>
      <trkpt lat="26.8417450" lon="75.7615417">
        <time>2022-03-09T12:21:52Z</time>
      </trkpt>
      <trkpt lat="26.8416800" lon="75.7615050">
        <time>2022-03-09T12:21:53Z</time>
      </trkpt>
      <trkpt lat="26.8416167" lon="75.7614700">
        <time>2022-03-09T12:21:54Z</time>
      </trkpt>
      <trkpt lat="26.8415533" lon="75.7614333">
        <time>2022-03-09T12:21:55Z</time>
      </trkpt>
      <trkpt lat="26.8414950" lon="75.7613967">
        <time>2022-03-09T12:21:56Z</time>
      </trkpt>
      <trkpt lat="26.8414333" lon="75.7613567">
        <time>2022-03-09T12:21:57Z</time>
      </trkpt>
      <trkpt lat="26.8413683" lon="75.7613267">
        <time>2022-03-09T12:21:58Z</time>
      </trkpt>
      <trkpt lat="26.8413117" lon="75.7613017">
        <time>2022-03-09T12:21:59Z</time>
      </trkpt>
      <trkpt lat="26.8412450" lon="75.7612833">
        <time>2022-03-09T12:22:00Z</time>
      </trkpt>
      <trkpt lat="26.8411700" lon="75.7612483">
        <time>2022-03-09T12:22:01Z</time>
      </trkpt>
      <trkpt lat="26.8410983" lon="75.7611967">
        <time>2022-03-09T12:22:02Z</time>
      </trkpt>
      <trkpt lat="26.8410200" lon="75.7611433">
        <time>2022-03-09T12:22:03Z</time>
      </trkpt>
      <trkpt lat="26.8409500" lon="75.7611017">
        <time>2022-03-09T12:22:04Z</time>
      </trkpt>
      <trkpt lat="26.8408800" lon="75.7610633">
        <time>2022-03-09T12:22:05Z</time>
      </trkpt>
      <trkpt lat="26.8408000" lon="75.7610283">
        <time>2022-03-09T12:22:06Z</time>
      </trkpt>
      <trkpt lat="26.8407167" lon="75.7609867">
        <time>2022-03-09T12:22:07Z</time>
      </trkpt>
      <trkpt lat="26.8406350" lon="75.7609433">
        <time>2022-03-09T12:22:08Z</time>
      </trkpt>
      <trkpt lat="26.8405417" lon="75.7608883">
        <time>2022-03-09T12:22:09Z</time>
      </trkpt>
      <trkpt lat="26.8404517" lon="75.7608350">
        <time>2022-03-09T12:22:10Z</time>
      </trkpt>
      <trkpt lat="26.8403600" lon="75.7607800">
        <time>2022-03-09T12:22:11Z</time>
      </trkpt>
      <trkpt lat="26.8402700" lon="75.7607267">
        <time>2022-03-09T12:22:12Z</time>
      </trkpt>
      <trkpt lat="26.8401783" lon="75.7606717">
        <time>2022-03-09T12:22:13Z</time>
      </trkpt>
      <trkpt lat="26.8400900" lon="75.7606133">
        <time>2022-03-09T12:22:14Z</time>
      </trkpt>
      <trkpt lat="26.8400017" lon="75.7605517">
        <time>2022-03-09T12:22:15Z</time>
      </trkpt>
      <trkpt lat="26.8399167" lon="75.7604983">
        <time>2022-03-09T12:22:16Z</time>
      </trkpt>
      <trkpt lat="26.8398450" lon="75.7604550">
        <time>2022-03-09T12:22:17Z</time>
      </trkpt>
      <trkpt lat="26.8397683" lon="75.7604117">
        <time>2022-03-09T12:22:18Z</time>
      </trkpt>
      <trkpt lat="26.8396917" lon="75.7603700">
        <time>2022-03-09T12:22:19Z</time>
      </trkpt>
      <trkpt lat="26.8396283" lon="75.7603300">
        <time>2022-03-09T12:22:20Z</time>
      </trkpt>
      <trkpt lat="26.8395683" lon="75.7602933">
        <time>2022-03-09T12:22:21Z</time>
      </trkpt>
      <trkpt lat="26.8395150" lon="75.7602683">
        <time>2022-03-09T12:22:22Z</time>
      </trkpt>
      <trkpt lat="26.8394450" lon="75.7602183">
        <time>2022-03-09T12:22:23Z</time>
      </trkpt>
      <trkpt lat="26.8393600" lon="75.7601667">
        <time>2022-03-09T12:22:24Z</time>
      </trkpt>
      <trkpt lat="26.8392817" lon="75.7601167">
        <time>2022-03-09T12:22:25Z</time>
      </trkpt>
      <trkpt lat="26.8392067" lon="75.7600733">
        <time>2022-03-09T12:22:26Z</time>
      </trkpt>
      <trkpt lat="26.8391200" lon="75.7600283">
        <time>2022-03-09T12:22:27Z</time>
      </trkpt>
      <trkpt lat="26.8390317" lon="75.7599833">
        <time>2022-03-09T12:22:28Z</time>
      </trkpt>
      <trkpt lat="26.8389500" lon="75.7599317">
        <time>2022-03-09T12:22:29Z</time>
      </trkpt>
      <trkpt lat="26.8388633" lon="75.7598800">
        <time>2022-03-09T12:22:30Z</time>
      </trkpt>
      <trkpt lat="26.8387667" lon="75.7598317">
        <time>2022-03-09T12:22:31Z</time>
      </trkpt>
      <trkpt lat="26.8386800" lon="75.7597783">
        <time>2022-03-09T12:22:32Z</time>
      </trkpt>
      <trkpt lat="26.8385867" lon="75.7597367">
        <time>2022-03-09T12:22:33Z</time>
      </trkpt>
      <trkpt lat="26.8384983" lon="75.7596883">
        <time>2022-03-09T12:22:34Z</time>
      </trkpt>
      <trkpt lat="26.8383983" lon="75.7596333">
        <time>2022-03-09T12:22:35Z</time>
      </trkpt>
      <trkpt lat="26.8383050" lon="75.7595750">
        <time>2022-03-09T12:22:36Z</time>
      </trkpt>
      <trkpt lat="26.8382200" lon="75.7595250">
        <time>2022-03-09T12:22:37Z</time>
      </trkpt>
      <trkpt lat="26.8381317" lon="75.7594633">
        <time>2022-03-09T12:22:38Z</time>
      </trkpt>
      <trkpt lat="26.8380433" lon="75.7594100">
        <time>2022-03-09T12:22:39Z</time>
      </trkpt>
      <trkpt lat="26.8379633" lon="75.7593633">
        <time>2022-03-09T12:22:40Z</time>
      </trkpt>
      <trkpt lat="26.8378883" lon="75.7593183">
        <time>2022-03-09T12:22:41Z</time>
      </trkpt>
      <trkpt lat="26.8378200" lon="75.7592733">
        <time>2022-03-09T12:22:42Z</time>
      </trkpt>
      <trkpt lat="26.8377550" lon="75.7592367">
        <time>2022-03-09T12:22:43Z</time>
      </trkpt>
      <trkpt lat="26.8376850" lon="75.7591967">
        <time>2022-03-09T12:22:44Z</time>
      </trkpt>
      <trkpt lat="26.8376150" lon="75.7591517">
        <time>2022-03-09T12:22:45Z</time>
      </trkpt>
      <trkpt lat="26.8375467" lon="75.7591133">
        <time>2022-03-09T12:22:46Z</time>
      </trkpt>
      <trkpt lat="26.8374717" lon="75.7590700">
        <time>2022-03-09T12:22:47Z</time>
      </trkpt>
      <trkpt lat="26.8373983" lon="75.7590383">
        <time>2022-03-09T12:22:48Z</time>
      </trkpt>
      <trkpt lat="26.8373200" lon="75.7589983">
        <time>2022-03-09T12:22:49Z</time>
      </trkpt>
      <trkpt lat="26.8372433" lon="75.7589667">
        <time>2022-03-09T12:22:50Z</time>
      </trkpt>
      <trkpt lat="26.8371750" lon="75.7589450">
        <time>2022-03-09T12:22:51Z</time>
      </trkpt>
      <trkpt lat="26.8370867" lon="75.7588967">
        <time>2022-03-09T12:22:52Z</time>
      </trkpt>
      <trkpt lat="26.8370067" lon="75.7588450">
        <time>2022-03-09T12:22:53Z</time>
      </trkpt>
      <trkpt lat="26.8369383" lon="75.7587933">
        <time>2022-03-09T12:22:54Z</time>
      </trkpt>
      <trkpt lat="26.8368517" lon="75.7587400">
        <time>2022-03-09T12:22:55Z</time>
      </trkpt>
      <trkpt lat="26.8367850" lon="75.7586967">
        <time>2022-03-09T12:22:56Z</time>
      </trkpt>
      <trkpt lat="26.8367317" lon="75.7586750">
        <time>2022-03-09T12:22:57Z</time>
      </trkpt>
      <trkpt lat="26.8366817" lon="75.7586467">
        <time>2022-03-09T12:22:58Z</time>
      </trkpt>
      <trkpt lat="26.8366250" lon="75.7586167">
        <time>2022-03-09T12:22:59Z</time>
      </trkpt>
      <trkpt lat="26.8365883" lon="75.7586167">
        <time>2022-03-09T12:23:00Z</time>
      </trkpt>
      <trkpt lat="26.8365617" lon="75.7585933">
        <time>2022-03-09T12:23:01Z</time>
      </trkpt>
      <trkpt lat="26.8365217" lon="75.7585717">
        <time>2022-03-09T12:23:02Z</time>
      </trkpt>
      <trkpt lat="26.8364833" lon="75.7585433">
        <time>2022-03-09T12:23:03Z</time>
      </trkpt>
      <trkpt lat="26.8364433" lon="75.7585183">
        <time>2022-03-09T12:23:04Z</time>
      </trkpt>
      <trkpt lat="26.8364067" lon="75.7584967">
        <time>2022-03-09T12:23:05Z</time>
      </trkpt>
      <trkpt lat="26.8363600" lon="75.7584733">
        <time>2022-03-09T12:23:06Z</time>
      </trkpt>
      <trkpt lat="26.8363217" lon="75.7584550">
        <time>2022-03-09T12:23:07Z</time>
      </trkpt>
      <trkpt lat="26.8362767" lon="75.7584300">
        <time>2022-03-09T12:23:08Z</time>
      </trkpt>
      <trkpt lat="26.8362267" lon="75.7583983">
        <time>2022-03-09T12:23:09Z</time>
      </trkpt>
      <trkpt lat="26.8361767" lon="75.7583633">
        <time>2022-03-09T12:23:10Z</time>
      </trkpt>
      <trkpt lat="26.8361283" lon="75.7583333">
        <time>2022-03-09T12:23:11Z</time>
      </trkpt>
      <trkpt lat="26.8360650" lon="75.7582983">
        <time>2022-03-09T12:23:12Z</time>
      </trkpt>
      <trkpt lat="26.8359900" lon="75.7582467">
        <time>2022-03-09T12:23:13Z</time>
      </trkpt>
      <trkpt lat="26.8358900" lon="75.7581833">
        <time>2022-03-09T12:23:14Z</time>
      </trkpt>
      <trkpt lat="26.8357733" lon="75.7581167">
        <time>2022-03-09T12:23:15Z</time>
      </trkpt>
      <trkpt lat="26.8356500" lon="75.7580417">
        <time>2022-03-09T12:23:16Z</time>
      </trkpt>
      <trkpt lat="26.8355383" lon="75.7579867">
        <time>2022-03-09T12:23:17Z</time>
      </trkpt>
      <trkpt lat="26.8354367" lon="75.7579100">
        <time>2022-03-09T12:23:18Z</time>
      </trkpt>
      <trkpt lat="26.8353217" lon="75.7578417">
        <time>2022-03-09T12:23:19Z</time>
      </trkpt>
      <trkpt lat="26.8352133" lon="75.7577733">
        <time>2022-03-09T12:23:20Z</time>
      </trkpt>
      <trkpt lat="26.8351000" lon="75.7577333">
        <time>2022-03-09T12:23:21Z</time>
      </trkpt>
      <trkpt lat="26.8349950" lon="75.7576817">
        <time>2022-03-09T12:23:22Z</time>
      </trkpt>
      <trkpt lat="26.8348883" lon="75.7576233">
        <time>2022-03-09T12:23:23Z</time>
      </trkpt>
      <trkpt lat="26.8347867" lon="75.7575733">
        <time>2022-03-09T12:23:24Z</time>
      </trkpt>
      <trkpt lat="26.8346767" lon="75.7575233">
        <time>2022-03-09T12:23:25Z</time>
      </trkpt>
      <trkpt lat="26.8345683" lon="75.7574633">
        <time>2022-03-09T12:23:26Z</time>
      </trkpt>
      <trkpt lat="26.8344633" lon="75.7573983">
        <time>2022-03-09T12:23:27Z</time>
      </trkpt>
      <trkpt lat="26.8343600" lon="75.7573500">
        <time>2022-03-09T12:23:28Z</time>
      </trkpt>
      <trkpt lat="26.8342533" lon="75.7572817">
        <time>2022-03-09T12:23:29Z</time>
      </trkpt>
      <trkpt lat="26.8341483" lon="75.7572267">
        <time>2022-03-09T12:23:30Z</time>
      </trkpt>
      <trkpt lat="26.8340417" lon="75.7571767">
        <time>2022-03-09T12:23:31Z</time>
      </trkpt>
      <trkpt lat="26.8339367" lon="75.7571300">
        <time>2022-03-09T12:23:32Z</time>
      </trkpt>
      <trkpt lat="26.8338233" lon="75.7570967">
        <time>2022-03-09T12:23:33Z</time>
      </trkpt>
      <trkpt lat="26.8337150" lon="75.7570550">
        <time>2022-03-09T12:23:34Z</time>
      </trkpt>
      <trkpt lat="26.8336033" lon="75.7570067">
        <time>2022-03-09T12:23:35Z</time>
      </trkpt>
      <trkpt lat="26.8335033" lon="75.7569583">
        <time>2022-03-09T12:23:36Z</time>
      </trkpt>
      <trkpt lat="26.8334133" lon="75.7569183">
        <time>2022-03-09T12:23:37Z</time>
      </trkpt>
      <trkpt lat="26.8333200" lon="75.7568650">
        <time>2022-03-09T12:23:38Z</time>
      </trkpt>
      <trkpt lat="26.8332283" lon="75.7568167">
        <time>2022-03-09T12:23:39Z</time>
      </trkpt>
      <trkpt lat="26.8331350" lon="75.7567733">
        <time>2022-03-09T12:23:40Z</time>
      </trkpt>
      <trkpt lat="26.8330367" lon="75.7567083">
        <time>2022-03-09T12:23:41Z</time>
      </trkpt>
      <trkpt lat="26.8329350" lon="75.7566433">
        <time>2022-03-09T12:23:42Z</time>
      </trkpt>
      <trkpt lat="26.8328317" lon="75.7565733">
        <time>2022-03-09T12:23:43Z</time>
      </trkpt>
      <trkpt lat="26.8327267" lon="75.7565083">
        <time>2022-03-09T12:23:44Z</time>
      </trkpt>
      <trkpt lat="26.8326283" lon="75.7564417">
        <time>2022-03-09T12:23:45Z</time>
      </trkpt>
      <trkpt lat="26.8325300" lon="75.7563717">
        <time>2022-03-09T12:23:46Z</time>
      </trkpt>
      <trkpt lat="26.8324383" lon="75.7563083">
        <time>2022-03-09T12:23:47Z</time>
      </trkpt>
      <trkpt lat="26.8323433" lon="75.7562433">
        <time>2022-03-09T12:23:48Z</time>
      </trkpt>
      <trkpt lat="26.8322500" lon="75.7561850">
        <time>2022-03-09T12:23:49Z</time>
      </trkpt>
      <trkpt lat="26.8321567" lon="75.7561250">
        <time>2022-03-09T12:23:50Z</time>
      </trkpt>
      <trkpt lat="26.8320700" lon="75.7560633">
        <time>2022-03-09T12:23:51Z</time>
      </trkpt>
      <trkpt lat="26.8319700" lon="75.7559900">
        <time>2022-03-09T12:23:52Z</time>
      </trkpt>
      <trkpt lat="26.8318883" lon="75.7559217">
        <time>2022-03-09T12:23:53Z</time>
      </trkpt>
      <trkpt lat="26.8318033" lon="75.7558567">
        <time>2022-03-09T12:23:54Z</time>
      </trkpt>
      <trkpt lat="26.8317233" lon="75.7557850">
        <time>2022-03-09T12:23:55Z</time>
      </trkpt>
      <trkpt lat="26.8316400" lon="75.7557100">
        <time>2022-03-09T12:23:56Z</time>
      </trkpt>
      <trkpt lat="26.8315533" lon="75.7556333">
        <time>2022-03-09T12:23:57Z</time>
      </trkpt>
      <trkpt lat="26.8314650" lon="75.7555583">
        <time>2022-03-09T12:23:58Z</time>
      </trkpt>
      <trkpt lat="26.8313733" lon="75.7554833">
        <time>2022-03-09T12:23:59Z</time>
      </trkpt>
      <trkpt lat="26.8312833" lon="75.7554167">
        <time>2022-03-09T12:24:00Z</time>
      </trkpt>
      <trkpt lat="26.8311883" lon="75.7553483">
        <time>2022-03-09T12:24:01Z</time>
      </trkpt>
      <trkpt lat="26.8310967" lon="75.7552750">
        <time>2022-03-09T12:24:02Z</time>
      </trkpt>
      <trkpt lat="26.8310000" lon="75.7552017">
        <time>2022-03-09T12:24:03Z</time>
      </trkpt>
      <trkpt lat="26.8309067" lon="75.7551267">
        <time>2022-03-09T12:24:04Z</time>
      </trkpt>
      <trkpt lat="26.8308217" lon="75.7550550">
        <time>2022-03-09T12:24:05Z</time>
      </trkpt>
      <trkpt lat="26.8307333" lon="75.7549800">
        <time>2022-03-09T12:24:06Z</time>
      </trkpt>
      <trkpt lat="26.8306400" lon="75.7548933">
        <time>2022-03-09T12:24:07Z</time>
      </trkpt>
      <trkpt lat="26.8305417" lon="75.7548117">
        <time>2022-03-09T12:24:08Z</time>
      </trkpt>
      <trkpt lat="26.8304383" lon="75.7547283">
        <time>2022-03-09T12:24:09Z</time>
      </trkpt>
      <trkpt lat="26.8303500" lon="75.7546517">
        <time>2022-03-09T12:24:10Z</time>
      </trkpt>
      <trkpt lat="26.8302500" lon="75.7545733">
        <time>2022-03-09T12:24:11Z</time>
      </trkpt>
      <trkpt lat="26.8301617" lon="75.7545033">
        <time>2022-03-09T12:24:12Z</time>
      </trkpt>
      <trkpt lat="26.8300817" lon="75.7544400">
        <time>2022-03-09T12:24:13Z</time>
      </trkpt>
      <trkpt lat="26.8300017" lon="75.7543700">
        <time>2022-03-09T12:24:14Z</time>
      </trkpt>
      <trkpt lat="26.8299183" lon="75.7543017">
        <time>2022-03-09T12:24:15Z</time>
      </trkpt>
      <trkpt lat="26.8298317" lon="75.7542383">
        <time>2022-03-09T12:24:16Z</time>
      </trkpt>
      <trkpt lat="26.8297400" lon="75.7541850">
        <time>2022-03-09T12:24:17Z</time>
      </trkpt>
      <trkpt lat="26.8296583" lon="75.7541317">
        <time>2022-03-09T12:24:18Z</time>
      </trkpt>
      <trkpt lat="26.8295783" lon="75.7540850">
        <time>2022-03-09T12:24:19Z</time>
      </trkpt>
      <trkpt lat="26.8295050" lon="75.7540467">
        <time>2022-03-09T12:24:20Z</time>
      </trkpt>
      <trkpt lat="26.8294367" lon="75.7539917">
        <time>2022-03-09T12:24:21Z</time>
      </trkpt>
      <trkpt lat="26.8293633" lon="75.7539400">
        <time>2022-03-09T12:24:22Z</time>
      </trkpt>
      <trkpt lat="26.8292850" lon="75.7539000">
        <time>2022-03-09T12:24:23Z</time>
      </trkpt>
      <trkpt lat="26.8292117" lon="75.7538567">
        <time>2022-03-09T12:24:24Z</time>
      </trkpt>
      <trkpt lat="26.8291267" lon="75.7538083">
        <time>2022-03-09T12:24:25Z</time>
      </trkpt>
      <trkpt lat="26.8290417" lon="75.7537583">
        <time>2022-03-09T12:24:26Z</time>
      </trkpt>
      <trkpt lat="26.8289583" lon="75.7537017">
        <time>2022-03-09T12:24:27Z</time>
      </trkpt>
      <trkpt lat="26.8288783" lon="75.7536450">
        <time>2022-03-09T12:24:28Z</time>
      </trkpt>
      <trkpt lat="26.8287917" lon="75.7535883">
        <time>2022-03-09T12:24:29Z</time>
      </trkpt>
      <trkpt lat="26.8287017" lon="75.7535367">
        <time>2022-03-09T12:24:30Z</time>
      </trkpt>
      <trkpt lat="26.8286083" lon="75.7534883">
        <time>2022-03-09T12:24:31Z</time>
      </trkpt>
      <trkpt lat="26.8285200" lon="75.7534317">
        <time>2022-03-09T12:24:32Z</time>
      </trkpt>
      <trkpt lat="26.8284350" lon="75.7533817">
        <time>2022-03-09T12:24:33Z</time>
      </trkpt>
      <trkpt lat="26.8283267" lon="75.7533250">
        <time>2022-03-09T12:24:34Z</time>
      </trkpt>
      <trkpt lat="26.8282317" lon="75.7532683">
        <time>2022-03-09T12:24:35Z</time>
      </trkpt>
      <trkpt lat="26.8281300" lon="75.7532150">
        <time>2022-03-09T12:24:36Z</time>
      </trkpt>
      <trkpt lat="26.8280283" lon="75.7531650">
        <time>2022-03-09T12:24:37Z</time>
      </trkpt>
      <trkpt lat="26.8279150" lon="75.7531150">
        <time>2022-03-09T12:24:38Z</time>
      </trkpt>
      <trkpt lat="26.8278050" lon="75.7530683">
        <time>2022-03-09T12:24:39Z</time>
      </trkpt>
      <trkpt lat="26.8276983" lon="75.7530267">
        <time>2022-03-09T12:24:40Z</time>
      </trkpt>
      <trkpt lat="26.8275983" lon="75.7529883">
        <time>2022-03-09T12:24:41Z</time>
      </trkpt>
      <trkpt lat="26.8274917" lon="75.7529367">
        <time>2022-03-09T12:24:42Z</time>
      </trkpt>
      <trkpt lat="26.8273817" lon="75.7528833">
        <time>2022-03-09T12:24:43Z</time>
      </trkpt>
      <trkpt lat="26.8272717" lon="75.7528350">
        <time>2022-03-09T12:24:44Z</time>
      </trkpt>
      <trkpt lat="26.8271733" lon="75.7527883">
        <time>2022-03-09T12:24:45Z</time>
      </trkpt>
      <trkpt lat="26.8270817" lon="75.7527450">
        <time>2022-03-09T12:24:46Z</time>
      </trkpt>
      <trkpt lat="26.8270000" lon="75.7527017">
        <time>2022-03-09T12:24:47Z</time>
      </trkpt>
      <trkpt lat="26.8269183" lon="75.7526567">
        <time>2022-03-09T12:24:48Z</time>
      </trkpt>
      <trkpt lat="26.8268383" lon="75.7526200">
        <time>2022-03-09T12:24:49Z</time>
      </trkpt>
      <trkpt lat="26.8267583" lon="75.7525883">
        <time>2022-03-09T12:24:50Z</time>
      </trkpt>
      <trkpt lat="26.8266833" lon="75.7525667">
        <time>2022-03-09T12:24:51Z</time>
      </trkpt>
      <trkpt lat="26.8266117" lon="75.7525583">
        <time>2022-03-09T12:24:52Z</time>
      </trkpt>
      <trkpt lat="26.8265267" lon="75.7525417">
        <time>2022-03-09T12:24:53Z</time>
      </trkpt>
      <trkpt lat="26.8264417" lon="75.7525217">
        <time>2022-03-09T12:24:54Z</time>
      </trkpt>
      <trkpt lat="26.8263567" lon="75.7525000">
        <time>2022-03-09T12:24:55Z</time>
      </trkpt>
      <trkpt lat="26.8262783" lon="75.7524750">
        <time>2022-03-09T12:24:56Z</time>
      </trkpt>
      <trkpt lat="26.8262050" lon="75.7524483">
        <time>2022-03-09T12:24:57Z</time>
      </trkpt>
      <trkpt lat="26.8261267" lon="75.7524083">
        <time>2022-03-09T12:24:58Z</time>
      </trkpt>
      <trkpt lat="26.8260517" lon="75.7523633">
        <time>2022-03-09T12:24:59Z</time>
      </trkpt>
      <trkpt lat="26.8259700" lon="75.7523133">
        <time>2022-03-09T12:25:00Z</time>
      </trkpt>
      <trkpt lat="26.8258917" lon="75.7522583">
        <time>2022-03-09T12:25:01Z</time>
      </trkpt>
      <trkpt lat="26.8258133" lon="75.7522167">
        <time>2022-03-09T12:25:02Z</time>
      </trkpt>
      <trkpt lat="26.8257333" lon="75.7521750">
        <time>2022-03-09T12:25:03Z</time>
      </trkpt>
      <trkpt lat="26.8256433" lon="75.7521283">
        <time>2022-03-09T12:25:04Z</time>
      </trkpt>
      <trkpt lat="26.8255550" lon="75.7520833">
        <time>2022-03-09T12:25:05Z</time>
      </trkpt>
      <trkpt lat="26.8254683" lon="75.7520467">
        <time>2022-03-09T12:25:06Z</time>
      </trkpt>
      <trkpt lat="26.8253817" lon="75.7520167">
        <time>2022-03-09T12:25:07Z</time>
      </trkpt>
      <trkpt lat="26.8253000" lon="75.7519800">
        <time>2022-03-09T12:25:08Z</time>
      </trkpt>
      <trkpt lat="26.8252183" lon="75.7519400">
        <time>2022-03-09T12:25:09Z</time>
      </trkpt>
      <trkpt lat="26.8251467" lon="75.7519017">
        <time>2022-03-09T12:25:10Z</time>
      </trkpt>
      <trkpt lat="26.8250683" lon="75.7518683">
        <time>2022-03-09T12:25:11Z</time>
      </trkpt>
      <trkpt lat="26.8249900" lon="75.7518483">
        <time>2022-03-09T12:25:12Z</time>
      </trkpt>
      <trkpt lat="26.8249167" lon="75.7518333">
        <time>2022-03-09T12:25:13Z</time>
      </trkpt>
      <trkpt lat="26.8248383" lon="75.7518133">
        <time>2022-03-09T12:25:14Z</time>
      </trkpt>
      <trkpt lat="26.8247600" lon="75.7517867">
        <time>2022-03-09T12:25:15Z</time>
      </trkpt>
      <trkpt lat="26.8246783" lon="75.7517417">
        <time>2022-03-09T12:25:16Z</time>
      </trkpt>
      <trkpt lat="26.8245917" lon="75.7516933">
        <time>2022-03-09T12:25:17Z</time>
      </trkpt>
      <trkpt lat="26.8245150" lon="75.7516500">
        <time>2022-03-09T12:25:18Z</time>
      </trkpt>
      <trkpt lat="26.8244400" lon="75.7516033">
        <time>2022-03-09T12:25:19Z</time>
      </trkpt>
      <trkpt lat="26.8243633" lon="75.7515717">
        <time>2022-03-09T12:25:20Z</time>
      </trkpt>
      <trkpt lat="26.8242850" lon="75.7515417">
        <time>2022-03-09T12:25:21Z</time>
      </trkpt>
      <trkpt lat="26.8242100" lon="75.7515100">
        <time>2022-03-09T12:25:22Z</time>
      </trkpt>
      <trkpt lat="26.8241317" lon="75.7514900">
        <time>2022-03-09T12:25:23Z</time>
      </trkpt>
      <trkpt lat="26.8240567" lon="75.7514617">
        <time>2022-03-09T12:25:24Z</time>
      </trkpt>
      <trkpt lat="26.8239717" lon="75.7514233">
        <time>2022-03-09T12:25:25Z</time>
      </trkpt>
      <trkpt lat="26.8238883" lon="75.7513950">
        <time>2022-03-09T12:25:26Z</time>
      </trkpt>
      <trkpt lat="26.8237933" lon="75.7513483">
        <time>2022-03-09T12:25:27Z</time>
      </trkpt>
      <trkpt lat="26.8236983" lon="75.7513017">
        <time>2022-03-09T12:25:28Z</time>
      </trkpt>
      <trkpt lat="26.8236050" lon="75.7512517">
        <time>2022-03-09T12:25:29Z</time>
      </trkpt>
      <trkpt lat="26.8235117" lon="75.7512183">
        <time>2022-03-09T12:25:30Z</time>
      </trkpt>
      <trkpt lat="26.8234317" lon="75.7511900">
        <time>2022-03-09T12:25:31Z</time>
      </trkpt>
      <trkpt lat="26.8233600" lon="75.7511617">
        <time>2022-03-09T12:25:32Z</time>
      </trkpt>
      <trkpt lat="26.8232983" lon="75.7511383">
        <time>2022-03-09T12:25:33Z</time>
      </trkpt>
      <trkpt lat="26.8232317" lon="75.7511067">
        <time>2022-03-09T12:25:34Z</time>
      </trkpt>
      <trkpt lat="26.8231817" lon="75.7510817">
        <time>2022-03-09T12:25:35Z</time>
      </trkpt>
      <trkpt lat="26.8231483" lon="75.7510583">
        <time>2022-03-09T12:25:36Z</time>
      </trkpt>
      <trkpt lat="26.8231133" lon="75.7510500">
        <time>2022-03-09T12:25:37Z</time>
      </trkpt>
      <trkpt lat="26.8230967" lon="75.7510400">
        <time>2022-03-09T12:25:38Z</time>
      </trkpt>
      <trkpt lat="26.8230867" lon="75.7510333">
        <time>2022-03-09T12:25:39Z</time>
      </trkpt>
      <trkpt lat="26.8230800" lon="75.7510217">
        <time>2022-03-09T12:25:40Z</time>
      </trkpt>
      <trkpt lat="26.8230717" lon="75.7509950">
        <time>2022-03-09T12:25:41Z</time>
      </trkpt>
      <trkpt lat="26.8230667" lon="75.7509667">
        <time>2022-03-09T12:25:42Z</time>
      </trkpt>
      <trkpt lat="26.8230567" lon="75.7509417">
        <time>2022-03-09T12:25:43Z</time>
      </trkpt>
      <trkpt lat="26.8230450" lon="75.7509150">
        <time>2022-03-09T12:25:44Z</time>
      </trkpt>
      <trkpt lat="26.8230483" lon="75.7508767">
        <time>2022-03-09T12:25:45Z</time>
      </trkpt>
      <trkpt lat="26.8230550" lon="75.7508400">
        <time>2022-03-09T12:25:46Z</time>
      </trkpt>
      <trkpt lat="26.8230750" lon="75.7508083">
        <time>2022-03-09T12:25:47Z</time>
      </trkpt>
      <trkpt lat="26.8230867" lon="75.7507850">
        <time>2022-03-09T12:25:48Z</time>
      </trkpt>
      <trkpt lat="26.8231000" lon="75.7507600">
        <time>2022-03-09T12:25:49Z</time>
      </trkpt>
      <trkpt lat="26.8231133" lon="75.7507250">
        <time>2022-03-09T12:25:50Z</time>
      </trkpt>
      <trkpt lat="26.8231333" lon="75.7506833">
        <time>2022-03-09T12:25:51Z</time>
      </trkpt>
      <trkpt lat="26.8231450" lon="75.7506200">
        <time>2022-03-09T12:25:52Z</time>
      </trkpt>
      <trkpt lat="26.8231600" lon="75.7505433">
        <time>2022-03-09T12:25:53Z</time>
      </trkpt>
      <trkpt lat="26.8231717" lon="75.7504633">
        <time>2022-03-09T12:25:54Z</time>
      </trkpt>
      <trkpt lat="26.8232000" lon="75.7503767">
        <time>2022-03-09T12:25:55Z</time>
      </trkpt>
      <trkpt lat="26.8232217" lon="75.7502700">
        <time>2022-03-09T12:25:56Z</time>
      </trkpt>
      <trkpt lat="26.8232517" lon="75.7501500">
        <time>2022-03-09T12:25:57Z</time>
      </trkpt>
      <trkpt lat="26.8232783" lon="75.7500283">
        <time>2022-03-09T12:25:58Z</time>
      </trkpt>
      <trkpt lat="26.8233100" lon="75.7499117">
        <time>2022-03-09T12:25:59Z</time>
      </trkpt>
      <trkpt lat="26.8233333" lon="75.7497967">
        <time>2022-03-09T12:26:00Z</time>
      </trkpt>
      <trkpt lat="26.8233617" lon="75.7496700">
        <time>2022-03-09T12:26:01Z</time>
      </trkpt>
      <trkpt lat="26.8233950" lon="75.7495500">
        <time>2022-03-09T12:26:02Z</time>
      </trkpt>
      <trkpt lat="26.8234350" lon="75.7494317">
        <time>2022-03-09T12:26:03Z</time>
      </trkpt>
      <trkpt lat="26.8234717" lon="75.7493083">
        <time>2022-03-09T12:26:04Z</time>
      </trkpt>
      <trkpt lat="26.8235050" lon="75.7491950">
        <time>2022-03-09T12:26:05Z</time>
      </trkpt>
      <trkpt lat="26.8235267" lon="75.7490983">
        <time>2022-03-09T12:26:06Z</time>
      </trkpt>
      <trkpt lat="26.8235533" lon="75.7490150">
        <time>2022-03-09T12:26:07Z</time>
      </trkpt>
      <trkpt lat="26.8235783" lon="75.7489417">
        <time>2022-03-09T12:26:08Z</time>
      </trkpt>
      <trkpt lat="26.8235967" lon="75.7488700">
        <time>2022-03-09T12:26:09Z</time>
      </trkpt>
      <trkpt lat="26.8236217" lon="75.7487967">
        <time>2022-03-09T12:26:10Z</time>
      </trkpt>
      <trkpt lat="26.8236433" lon="75.7487050">
        <time>2022-03-09T12:26:11Z</time>
      </trkpt>
      <trkpt lat="26.8236733" lon="75.7486117">
        <time>2022-03-09T12:26:12Z</time>
      </trkpt>
      <trkpt lat="26.8237017" lon="75.7485150">
        <time>2022-03-09T12:26:13Z</time>
      </trkpt>
      <trkpt lat="26.8237317" lon="75.7484117">
        <time>2022-03-09T12:26:14Z</time>
      </trkpt>
      <trkpt lat="26.8237567" lon="75.7483100">
        <time>2022-03-09T12:26:15Z</time>
      </trkpt>
      <trkpt lat="26.8237800" lon="75.7482000">
        <time>2022-03-09T12:26:16Z</time>
      </trkpt>
      <trkpt lat="26.8238067" lon="75.7480900">
        <time>2022-03-09T12:26:17Z</time>
      </trkpt>
      <trkpt lat="26.8238300" lon="75.7479683">
        <time>2022-03-09T12:26:18Z</time>
      </trkpt>
      <trkpt lat="26.8238567" lon="75.7478417">
        <time>2022-03-09T12:26:19Z</time>
      </trkpt>
      <trkpt lat="26.8238733" lon="75.7477083">
        <time>2022-03-09T12:26:20Z</time>
      </trkpt>
      <trkpt lat="26.8238850" lon="75.7475600">
        <time>2022-03-09T12:26:21Z</time>
      </trkpt>
      <trkpt lat="26.8238967" lon="75.7474067">
        <time>2022-03-09T12:26:22Z</time>
      </trkpt>
      <trkpt lat="26.8239117" lon="75.7472550">
        <time>2022-03-09T12:26:23Z</time>
      </trkpt>
      <trkpt lat="26.8239283" lon="75.7471017">
        <time>2022-03-09T12:26:24Z</time>
      </trkpt>
      <trkpt lat="26.8239433" lon="75.7469467">
        <time>2022-03-09T12:26:25Z</time>
      </trkpt>
      <trkpt lat="26.8239750" lon="75.7467917">
        <time>2022-03-09T12:26:26Z</time>
      </trkpt>
      <trkpt lat="26.8239783" lon="75.7466217">
        <time>2022-03-09T12:26:27Z</time>
      </trkpt>
      <trkpt lat="26.8239833" lon="75.7464550">
        <time>2022-03-09T12:26:28Z</time>
      </trkpt>
      <trkpt lat="26.8239950" lon="75.7462867">
        <time>2022-03-09T12:26:29Z</time>
      </trkpt>
      <trkpt lat="26.8240117" lon="75.7461267">
        <time>2022-03-09T12:26:30Z</time>
      </trkpt>
      <trkpt lat="26.8240267" lon="75.7459650">
        <time>2022-03-09T12:26:31Z</time>
      </trkpt>
      <trkpt lat="26.8240400" lon="75.7458117">
        <time>2022-03-09T12:26:32Z</time>
      </trkpt>
      <trkpt lat="26.8240300" lon="75.7456700">
        <time>2022-03-09T12:26:33Z</time>
      </trkpt>
      <trkpt lat="26.8239967" lon="75.7455267">
        <time>2022-03-09T12:26:34Z</time>
      </trkpt>
      <trkpt lat="26.8239317" lon="75.7453817">
        <time>2022-03-09T12:26:35Z</time>
      </trkpt>
      <trkpt lat="26.8238933" lon="75.7452433">
        <time>2022-03-09T12:26:36Z</time>
      </trkpt>
      <trkpt lat="26.8238600" lon="75.7450883">
        <time>2022-03-09T12:26:37Z</time>
      </trkpt>
      <trkpt lat="26.8238383" lon="75.7449300">
        <time>2022-03-09T12:26:38Z</time>
      </trkpt>
      <trkpt lat="26.8238333" lon="75.7447750">
        <time>2022-03-09T12:26:39Z</time>
      </trkpt>
      <trkpt lat="26.8238433" lon="75.7446400">
        <time>2022-03-09T12:26:40Z</time>
      </trkpt>
      <trkpt lat="26.8238467" lon="75.7445150">
        <time>2022-03-09T12:26:41Z</time>
      </trkpt>
      <trkpt lat="26.8238583" lon="75.7443933">
        <time>2022-03-09T12:26:42Z</time>
      </trkpt>
      <trkpt lat="26.8238700" lon="75.7442650">
        <time>2022-03-09T12:26:43Z</time>
      </trkpt>
      <trkpt lat="26.8238683" lon="75.7441317">
        <time>2022-03-09T12:26:44Z</time>
      </trkpt>
      <trkpt lat="26.8238717" lon="75.7440100">
        <time>2022-03-09T12:26:45Z</time>
      </trkpt>
      <trkpt lat="26.8238733" lon="75.7438883">
        <time>2022-03-09T12:26:46Z</time>
      </trkpt>
      <trkpt lat="26.8238633" lon="75.7437567">
        <time>2022-03-09T12:26:47Z</time>
      </trkpt>
      <trkpt lat="26.8238517" lon="75.7436300">
        <time>2022-03-09T12:26:48Z</time>
      </trkpt>
      <trkpt lat="26.8238500" lon="75.7435050">
        <time>2022-03-09T12:26:49Z</time>
      </trkpt>
      <trkpt lat="26.8238450" lon="75.7433933">
        <time>2022-03-09T12:26:50Z</time>
      </trkpt>
      <trkpt lat="26.8238450" lon="75.7432850">
        <time>2022-03-09T12:26:51Z</time>
      </trkpt>
      <trkpt lat="26.8238517" lon="75.7431833">
        <time>2022-03-09T12:26:52Z</time>
      </trkpt>
      <trkpt lat="26.8238617" lon="75.7430833">
        <time>2022-03-09T12:26:53Z</time>
      </trkpt>
      <trkpt lat="26.8238583" lon="75.7429667">
        <time>2022-03-09T12:26:54Z</time>
      </trkpt>
      <trkpt lat="26.8238533" lon="75.7428517">
        <time>2022-03-09T12:26:55Z</time>
      </trkpt>
      <trkpt lat="26.8238450" lon="75.7427250">
        <time>2022-03-09T12:26:56Z</time>
      </trkpt>
      <trkpt lat="26.8238400" lon="75.7425967">
        <time>2022-03-09T12:26:57Z</time>
      </trkpt>
      <trkpt lat="26.8238333" lon="75.7424650">
        <time>2022-03-09T12:26:58Z</time>
      </trkpt>
      <trkpt lat="26.8238250" lon="75.7423333">
        <time>2022-03-09T12:26:59Z</time>
      </trkpt>
      <trkpt lat="26.8238250" lon="75.7422117">
        <time>2022-03-09T12:27:00Z</time>
      </trkpt>
      <trkpt lat="26.8238400" lon="75.7420833">
        <time>2022-03-09T12:27:01Z</time>
      </trkpt>
      <trkpt lat="26.8238567" lon="75.7419567">
        <time>2022-03-09T12:27:02Z</time>
      </trkpt>
      <trkpt lat="26.8238917" lon="75.7418283">
        <time>2022-03-09T12:27:03Z</time>
      </trkpt>
      <trkpt lat="26.8239483" lon="75.7417000">
        <time>2022-03-09T12:27:04Z</time>
      </trkpt>
      <trkpt lat="26.8240383" lon="75.7415867">
        <time>2022-03-09T12:27:05Z</time>
      </trkpt>
      <trkpt lat="26.8241233" lon="75.7414683">
        <time>2022-03-09T12:27:06Z</time>
      </trkpt>
      <trkpt lat="26.8242067" lon="75.7413483">
        <time>2022-03-09T12:27:07Z</time>
      </trkpt>
      <trkpt lat="26.8242950" lon="75.7412267">
        <time>2022-03-09T12:27:08Z</time>
      </trkpt>
      <trkpt lat="26.8243850" lon="75.7410933">
        <time>2022-03-09T12:27:09Z</time>
      </trkpt>
      <trkpt lat="26.8244633" lon="75.7409867">
        <time>2022-03-09T12:27:10Z</time>
      </trkpt>
      <trkpt lat="26.8245367" lon="75.7408917">
        <time>2022-03-09T12:27:11Z</time>
      </trkpt>
      <trkpt lat="26.8246017" lon="75.7407967">
        <time>2022-03-09T12:27:12Z</time>
      </trkpt>
      <trkpt lat="26.8246650" lon="75.7407000">
        <time>2022-03-09T12:27:13Z</time>
      </trkpt>
      <trkpt lat="26.8247333" lon="75.7406117">
        <time>2022-03-09T12:27:14Z</time>
      </trkpt>
      <trkpt lat="26.8248100" lon="75.7405300">
        <time>2022-03-09T12:27:15Z</time>
      </trkpt>
      <trkpt lat="26.8248850" lon="75.7404617">
        <time>2022-03-09T12:27:16Z</time>
      </trkpt>
      <trkpt lat="26.8249750" lon="75.7404217">
        <time>2022-03-09T12:27:17Z</time>
      </trkpt>
      <trkpt lat="26.8250650" lon="75.7404050">
        <time>2022-03-09T12:27:18Z</time>
      </trkpt>
      <trkpt lat="26.8251733" lon="75.7404033">
        <time>2022-03-09T12:27:19Z</time>
      </trkpt>
      <trkpt lat="26.8252900" lon="75.7404117">
        <time>2022-03-09T12:27:20Z</time>
      </trkpt>
      <trkpt lat="26.8254083" lon="75.7404233">
        <time>2022-03-09T12:27:21Z</time>
      </trkpt>
      <trkpt lat="26.8255083" lon="75.7404267">
        <time>2022-03-09T12:27:22Z</time>
      </trkpt>
      <trkpt lat="26.8256167" lon="75.7404183">
        <time>2022-03-09T12:27:23Z</time>
      </trkpt>
      <trkpt lat="26.8257250" lon="75.7404017">
        <time>2022-03-09T12:27:24Z</time>
      </trkpt>
      <trkpt lat="26.8258333" lon="75.7403767">
        <time>2022-03-09T12:27:25Z</time>
      </trkpt>
      <trkpt lat="26.8259383" lon="75.7403583">
        <time>2022-03-09T12:27:26Z</time>
      </trkpt>
      <trkpt lat="26.8260400" lon="75.7403383">
        <time>2022-03-09T12:27:27Z</time>
      </trkpt>
      <trkpt lat="26.8261533" lon="75.7403183">
        <time>2022-03-09T12:27:28Z</time>
      </trkpt>
      <trkpt lat="26.8262717" lon="75.7402867">
        <time>2022-03-09T12:27:29Z</time>
      </trkpt>
      <trkpt lat="26.8264017" lon="75.7402483">
        <time>2022-03-09T12:27:30Z</time>
      </trkpt>
      <trkpt lat="26.8265217" lon="75.7402200">
        <time>2022-03-09T12:27:31Z</time>
      </trkpt>
      <trkpt lat="26.8266267" lon="75.7401867">
        <time>2022-03-09T12:27:32Z</time>
      </trkpt>
      <trkpt lat="26.8267283" lon="75.7401683">
        <time>2022-03-09T12:27:33Z</time>
      </trkpt>
      <trkpt lat="26.8268350" lon="75.7401433">
        <time>2022-03-09T12:27:34Z</time>
      </trkpt>
      <trkpt lat="26.8269367" lon="75.7401183">
        <time>2022-03-09T12:27:35Z</time>
      </trkpt>
      <trkpt lat="26.8270317" lon="75.7400867">
        <time>2022-03-09T12:27:36Z</time>
      </trkpt>
      <trkpt lat="26.8271133" lon="75.7400333">
        <time>2022-03-09T12:27:37Z</time>
      </trkpt>
      <trkpt lat="26.8271900" lon="75.7399650">
        <time>2022-03-09T12:27:38Z</time>
      </trkpt>
      <trkpt lat="26.8272700" lon="75.7398800">
        <time>2022-03-09T12:27:39Z</time>
      </trkpt>
      <trkpt lat="26.8273350" lon="75.7397933">
        <time>2022-03-09T12:27:40Z</time>
      </trkpt>
      <trkpt lat="26.8274033" lon="75.7396883">
        <time>2022-03-09T12:27:41Z</time>
      </trkpt>
      <trkpt lat="26.8274550" lon="75.7395817">
        <time>2022-03-09T12:27:42Z</time>
      </trkpt>
      <trkpt lat="26.8275050" lon="75.7394850">
        <time>2022-03-09T12:27:43Z</time>
      </trkpt>
      <trkpt lat="26.8275400" lon="75.7393850">
        <time>2022-03-09T12:27:44Z</time>
      </trkpt>
      <trkpt lat="26.8275683" lon="75.7393000">
        <time>2022-03-09T12:27:45Z</time>
      </trkpt>
      <trkpt lat="26.8275867" lon="75.7392383">
        <time>2022-03-09T12:27:46Z</time>
      </trkpt>
      <trkpt lat="26.8275983" lon="75.7392000">
        <time>2022-03-09T12:27:47Z</time>
      </trkpt>
      <trkpt lat="26.8276017" lon="75.7391733">
        <time>2022-03-09T12:27:48Z</time>
      </trkpt>
      <trkpt lat="26.8276133" lon="75.7391483">
        <time>2022-03-09T12:27:49Z</time>
      </trkpt>
      <trkpt lat="26.8276250" lon="75.7391167">
        <time>2022-03-09T12:27:50Z</time>
      </trkpt>
      <trkpt lat="26.8276383" lon="75.7391050">
        <time>2022-03-09T12:27:51Z</time>
      </trkpt>
      <trkpt lat="26.8276583" lon="75.7391017">
        <time>2022-03-09T12:27:52Z</time>
      </trkpt>
      <trkpt lat="26.8276733" lon="75.7391000">
        <time>2022-03-09T12:27:53Z</time>
      </trkpt>
      <trkpt lat="26.8276917" lon="75.7391067">
        <time>2022-03-09T12:27:54Z</time>
      </trkpt>
      <trkpt lat="26.8277183" lon="75.7391200">
        <time>2022-03-09T12:27:55Z</time>
      </trkpt>
      <trkpt lat="26.8277467" lon="75.7391417">
        <time>2022-03-09T12:27:56Z</time>
      </trkpt>
      <trkpt lat="26.8277767" lon="75.7391600">
        <time>2022-03-09T12:27:57Z</time>
      </trkpt>
      <trkpt lat="26.8278217" lon="75.7391900">
        <time>2022-03-09T12:27:58Z</time>
      </trkpt>
      <trkpt lat="26.8278783" lon="75.7392300">
        <time>2022-03-09T12:27:59Z</time>
      </trkpt>
      <trkpt lat="26.8279517" lon="75.7392833">
        <time>2022-03-09T12:28:00Z</time>
      </trkpt>
      <trkpt lat="26.8280317" lon="75.7393367">
        <time>2022-03-09T12:28:01Z</time>
      </trkpt>
      <trkpt lat="26.8281167" lon="75.7393917">
        <time>2022-03-09T12:28:02Z</time>
      </trkpt>
      <trkpt lat="26.8282050" lon="75.7394483">
        <time>2022-03-09T12:28:03Z</time>
      </trkpt>
      <trkpt lat="26.8282983" lon="75.7395100">
        <time>2022-03-09T12:28:04Z</time>
      </trkpt>
      <trkpt lat="26.8283900" lon="75.7395817">
        <time>2022-03-09T12:28:05Z</time>
      </trkpt>
      <trkpt lat="26.8284933" lon="75.7396633">
        <time>2022-03-09T12:28:06Z</time>
      </trkpt>
      <trkpt lat="26.8286267" lon="75.7397667">
        <time>2022-03-09T12:28:07Z</time>
      </trkpt>
      <trkpt lat="26.8287533" lon="75.7398650">
        <time>2022-03-09T12:28:08Z</time>
      </trkpt>
      <trkpt lat="26.8288600" lon="75.7399417">
        <time>2022-03-09T12:28:09Z</time>
      </trkpt>
      <trkpt lat="26.8289517" lon="75.7400000">
        <time>2022-03-09T12:28:10Z</time>
      </trkpt>
      <trkpt lat="26.8290550" lon="75.7400700">
        <time>2022-03-09T12:28:11Z</time>
      </trkpt>
      <trkpt lat="26.8291533" lon="75.7401450">
        <time>2022-03-09T12:28:12Z</time>
      </trkpt>
      <trkpt lat="26.8292467" lon="75.7402183">
        <time>2022-03-09T12:28:13Z</time>
      </trkpt>
      <trkpt lat="26.8293317" lon="75.7402767">
        <time>2022-03-09T12:28:14Z</time>
      </trkpt>
      <trkpt lat="26.8294033" lon="75.7403333">
        <time>2022-03-09T12:28:15Z</time>
      </trkpt>
      <trkpt lat="26.8294650" lon="75.7403817">
        <time>2022-03-09T12:28:16Z</time>
      </trkpt>
      <trkpt lat="26.8295200" lon="75.7404283">
        <time>2022-03-09T12:28:17Z</time>
      </trkpt>
      <trkpt lat="26.8295683" lon="75.7404683">
        <time>2022-03-09T12:28:18Z</time>
      </trkpt>
      <trkpt lat="26.8296133" lon="75.7405033">
        <time>2022-03-09T12:28:19Z</time>
      </trkpt>
      <trkpt lat="26.8296583" lon="75.7405383">
        <time>2022-03-09T12:28:20Z</time>
      </trkpt>
      <trkpt lat="26.8297000" lon="75.7405583">
        <time>2022-03-09T12:28:21Z</time>
      </trkpt>
      <trkpt lat="26.8297517" lon="75.7406017">
        <time>2022-03-09T12:28:22Z</time>
      </trkpt>
      <trkpt lat="26.8298117" lon="75.7406550">
        <time>2022-03-09T12:28:23Z</time>
      </trkpt>
      <trkpt lat="26.8298800" lon="75.7407067">
        <time>2022-03-09T12:28:24Z</time>
      </trkpt>
      <trkpt lat="26.8299583" lon="75.7407583">
        <time>2022-03-09T12:28:25Z</time>
      </trkpt>
      <trkpt lat="26.8300383" lon="75.7408117">
        <time>2022-03-09T12:28:26Z</time>
      </trkpt>
      <trkpt lat="26.8301117" lon="75.7408817">
        <time>2022-03-09T12:28:27Z</time>
      </trkpt>
      <trkpt lat="26.8301950" lon="75.7409400">
        <time>2022-03-09T12:28:28Z</time>
      </trkpt>
      <trkpt lat="26.8302883" lon="75.7409917">
        <time>2022-03-09T12:28:29Z</time>
      </trkpt>
      <trkpt lat="26.8303833" lon="75.7410367">
        <time>2022-03-09T12:28:30Z</time>
      </trkpt>
      <trkpt lat="26.8304700" lon="75.7410850">
        <time>2022-03-09T12:28:31Z</time>
      </trkpt>
      <trkpt lat="26.8305733" lon="75.7411300">
        <time>2022-03-09T12:28:32Z</time>
      </trkpt>
      <trkpt lat="26.8306800" lon="75.7411717">
        <time>2022-03-09T12:28:33Z</time>
      </trkpt>
      <trkpt lat="26.8307850" lon="75.7412083">
        <time>2022-03-09T12:28:34Z</time>
      </trkpt>
      <trkpt lat="26.8308967" lon="75.7412517">
        <time>2022-03-09T12:28:35Z</time>
      </trkpt>
      <trkpt lat="26.8310067" lon="75.7413000">
        <time>2022-03-09T12:28:36Z</time>
      </trkpt>
      <trkpt lat="26.8311150" lon="75.7413583">
        <time>2022-03-09T12:28:37Z</time>
      </trkpt>
      <trkpt lat="26.8312217" lon="75.7414150">
        <time>2022-03-09T12:28:38Z</time>
      </trkpt>
      <trkpt lat="26.8313317" lon="75.7414683">
        <time>2022-03-09T12:28:39Z</time>
      </trkpt>
      <trkpt lat="26.8314450" lon="75.7415250">
        <time>2022-03-09T12:28:40Z</time>
      </trkpt>
      <trkpt lat="26.8315733" lon="75.7415850">
        <time>2022-03-09T12:28:41Z</time>
      </trkpt>
      <trkpt lat="26.8316983" lon="75.7416483">
        <time>2022-03-09T12:28:42Z</time>
      </trkpt>
      <trkpt lat="26.8318233" lon="75.7417100">
        <time>2022-03-09T12:28:43Z</time>
      </trkpt>
      <trkpt lat="26.8319500" lon="75.7417767">
        <time>2022-03-09T12:28:44Z</time>
      </trkpt>
      <trkpt lat="26.8320733" lon="75.7418267">
        <time>2022-03-09T12:28:45Z</time>
      </trkpt>
      <trkpt lat="26.8321933" lon="75.7418667">
        <time>2022-03-09T12:28:46Z</time>
      </trkpt>
      <trkpt lat="26.8322950" lon="75.7419067">
        <time>2022-03-09T12:28:47Z</time>
      </trkpt>
      <trkpt lat="26.8323900" lon="75.7419500">
        <time>2022-03-09T12:28:48Z</time>
      </trkpt>
      <trkpt lat="26.8324767" lon="75.7419883">
        <time>2022-03-09T12:28:49Z</time>
      </trkpt>
      <trkpt lat="26.8325733" lon="75.7420383">
        <time>2022-03-09T12:28:50Z</time>
      </trkpt>
      <trkpt lat="26.8326733" lon="75.7421000">
        <time>2022-03-09T12:28:51Z</time>
      </trkpt>
      <trkpt lat="26.8327750" lon="75.7421683">
        <time>2022-03-09T12:28:52Z</time>
      </trkpt>
      <trkpt lat="26.8328683" lon="75.7422317">
        <time>2022-03-09T12:28:53Z</time>
      </trkpt>
      <trkpt lat="26.8329450" lon="75.7422783">
        <time>2022-03-09T12:28:54Z</time>
      </trkpt>
      <trkpt lat="26.8330000" lon="75.7423100">
        <time>2022-03-09T12:28:55Z</time>
      </trkpt>
      <trkpt lat="26.8330400" lon="75.7423317">
        <time>2022-03-09T12:28:56Z</time>
      </trkpt>
      <trkpt lat="26.8330667" lon="75.7423517">
        <time>2022-03-09T12:28:57Z</time>
      </trkpt>
      <trkpt lat="26.8330933" lon="75.7423700">
        <time>2022-03-09T12:28:58Z</time>
      </trkpt>
      <trkpt lat="26.8331250" lon="75.7423867">
        <time>2022-03-09T12:28:59Z</time>
      </trkpt>
      <trkpt lat="26.8331633" lon="75.7424083">
        <time>2022-03-09T12:29:00Z</time>
      </trkpt>
      <trkpt lat="26.8332133" lon="75.7424333">
        <time>2022-03-09T12:29:01Z</time>
      </trkpt>
      <trkpt lat="26.8332733" lon="75.7424700">
        <time>2022-03-09T12:29:02Z</time>
      </trkpt>
      <trkpt lat="26.8333300" lon="75.7425117">
        <time>2022-03-09T12:29:03Z</time>
      </trkpt>
      <trkpt lat="26.8333833" lon="75.7425550">
        <time>2022-03-09T12:29:04Z</time>
      </trkpt>
      <trkpt lat="26.8334267" lon="75.7426133">
        <time>2022-03-09T12:29:05Z</time>
      </trkpt>
      <trkpt lat="26.8334600" lon="75.7426750">
        <time>2022-03-09T12:29:06Z</time>
      </trkpt>
      <trkpt lat="26.8334750" lon="75.7427517">
        <time>2022-03-09T12:29:07Z</time>
      </trkpt>
      <trkpt lat="26.8334683" lon="75.7428383">
        <time>2022-03-09T12:29:08Z</time>
      </trkpt>
      <trkpt lat="26.8334417" lon="75.7429400">
        <time>2022-03-09T12:29:09Z</time>
      </trkpt>
      <trkpt lat="26.8334250" lon="75.7430383">
        <time>2022-03-09T12:29:10Z</time>
      </trkpt>
      <trkpt lat="26.8333983" lon="75.7431500">
        <time>2022-03-09T12:29:11Z</time>
      </trkpt>
      <trkpt lat="26.8333650" lon="75.7432533">
        <time>2022-03-09T12:29:12Z</time>
      </trkpt>
      <trkpt lat="26.8333400" lon="75.7433367">
        <time>2022-03-09T12:29:13Z</time>
      </trkpt>
      <trkpt lat="26.8333267" lon="75.7434117">
        <time>2022-03-09T12:29:14Z</time>
      </trkpt>
      <trkpt lat="26.8333200" lon="75.7434767">
        <time>2022-03-09T12:29:15Z</time>
      </trkpt>
      <trkpt lat="26.8333133" lon="75.7435467">
        <time>2022-03-09T12:29:16Z</time>
      </trkpt>
      <trkpt lat="26.8333000" lon="75.7436017">
        <time>2022-03-09T12:29:17Z</time>
      </trkpt>
      <trkpt lat="26.8332917" lon="75.7436450">
        <time>2022-03-09T12:29:18Z</time>
      </trkpt>
      <trkpt lat="26.8332967" lon="75.7436767">
        <time>2022-03-09T12:29:19Z</time>
      </trkpt>
      <trkpt lat="26.8333150" lon="75.7437000">
        <time>2022-03-09T12:29:20Z</time>
      </trkpt>
      <trkpt lat="26.8333417" lon="75.7437083">
        <time>2022-03-09T12:29:21Z</time>
      </trkpt>
      <trkpt lat="26.8333783" lon="75.7437133">
        <time>2022-03-09T12:29:22Z</time>
      </trkpt>
      <trkpt lat="26.8334167" lon="75.7437117">
        <time>2022-03-09T12:29:23Z</time>
      </trkpt>
      <trkpt lat="26.8334433" lon="75.7437150">
        <time>2022-03-09T12:29:24Z</time>
      </trkpt>
      <trkpt lat="26.8334567" lon="75.7437150">
        <time>2022-03-09T12:29:25Z</time>
      </trkpt>
      <trkpt lat="26.8334800" lon="75.7437100">
        <time>2022-03-09T12:29:26Z</time>
      </trkpt>
      <trkpt lat="26.8335200" lon="75.7437117">
        <time>2022-03-09T12:29:27Z</time>
      </trkpt>
      <trkpt lat="26.8335783" lon="75.7437167">
        <time>2022-03-09T12:29:28Z</time>
      </trkpt>
      <trkpt lat="26.8336533" lon="75.7437417">
        <time>2022-03-09T12:29:29Z</time>
      </trkpt>
      <trkpt lat="26.8337450" lon="75.7437750">
        <time>2022-03-09T12:29:30Z</time>
      </trkpt>
      <trkpt lat="26.8338483" lon="75.7438117">
        <time>2022-03-09T12:29:31Z</time>
      </trkpt>
      <trkpt lat="26.8339533" lon="75.7438483">
        <time>2022-03-09T12:29:32Z</time>
      </trkpt>
      <trkpt lat="26.8340583" lon="75.7438833">
        <time>2022-03-09T12:29:33Z</time>
      </trkpt>
      <trkpt lat="26.8341667" lon="75.7439183">
        <time>2022-03-09T12:29:34Z</time>
      </trkpt>
      <trkpt lat="26.8342917" lon="75.7439700">
        <time>2022-03-09T12:29:35Z</time>
      </trkpt>
      <trkpt lat="26.8344250" lon="75.7440217">
        <time>2022-03-09T12:29:36Z</time>
      </trkpt>
      <trkpt lat="26.8345583" lon="75.7440717">
        <time>2022-03-09T12:29:37Z</time>
      </trkpt>
      <trkpt lat="26.8346900" lon="75.7441100">
        <time>2022-03-09T12:29:38Z</time>
      </trkpt>
      <trkpt lat="26.8348150" lon="75.7441383">
        <time>2022-03-09T12:29:39Z</time>
      </trkpt>
      <trkpt lat="26.8349383" lon="75.7441700">
        <time>2022-03-09T12:29:40Z</time>
      </trkpt>
      <trkpt lat="26.8350617" lon="75.7441900">
        <time>2022-03-09T12:29:41Z</time>
      </trkpt>
      <trkpt lat="26.8351817" lon="75.7441850">
        <time>2022-03-09T12:29:42Z</time>
      </trkpt>
      <trkpt lat="26.8352983" lon="75.7441833">
        <time>2022-03-09T12:29:43Z</time>
      </trkpt>
      <trkpt lat="26.8354150" lon="75.7441750">
        <time>2022-03-09T12:29:44Z</time>
      </trkpt>
      <trkpt lat="26.8355383" lon="75.7441733">
        <time>2022-03-09T12:29:45Z</time>
      </trkpt>
      <trkpt lat="26.8356550" lon="75.7441733">
        <time>2022-03-09T12:29:46Z</time>
      </trkpt>
      <trkpt lat="26.8357667" lon="75.7441783">
        <time>2022-03-09T12:29:47Z</time>
      </trkpt>
      <trkpt lat="26.8358550" lon="75.7441517">
        <time>2022-03-09T12:29:48Z</time>
      </trkpt>
      <trkpt lat="26.8359450" lon="75.7441383">
        <time>2022-03-09T12:29:49Z</time>
      </trkpt>
      <trkpt lat="26.8360200" lon="75.7441250">
        <time>2022-03-09T12:29:50Z</time>
      </trkpt>
      <trkpt lat="26.8360900" lon="75.7441017">
        <time>2022-03-09T12:29:51Z</time>
      </trkpt>
      <trkpt lat="26.8361583" lon="75.7440850">
        <time>2022-03-09T12:29:52Z</time>
      </trkpt>
      <trkpt lat="26.8362367" lon="75.7440667">
        <time>2022-03-09T12:29:53Z</time>
      </trkpt>
      <trkpt lat="26.8363233" lon="75.7440467">
        <time>2022-03-09T12:29:54Z</time>
      </trkpt>
      <trkpt lat="26.8364000" lon="75.7440300">
        <time>2022-03-09T12:29:55Z</time>
      </trkpt>
      <trkpt lat="26.8364883" lon="75.7440050">
        <time>2022-03-09T12:29:56Z</time>
      </trkpt>
      <trkpt lat="26.8365750" lon="75.7439800">
        <time>2022-03-09T12:29:57Z</time>
      </trkpt>
      <trkpt lat="26.8366533" lon="75.7439567">
        <time>2022-03-09T12:29:58Z</time>
      </trkpt>
      <trkpt lat="26.8367317" lon="75.7439400">
        <time>2022-03-09T12:29:59Z</time>
      </trkpt>
      <trkpt lat="26.8367933" lon="75.7439317">
        <time>2022-03-09T12:30:00Z</time>
      </trkpt>
      <trkpt lat="26.8368317" lon="75.7439233">
        <time>2022-03-09T12:30:01Z</time>
      </trkpt>
      <trkpt lat="26.8368600" lon="75.7439117">
        <time>2022-03-09T12:30:02Z</time>
      </trkpt>
      <trkpt lat="26.8369083" lon="75.7439067">
        <time>2022-03-09T12:30:03Z</time>
      </trkpt>
      <trkpt lat="26.8369500" lon="75.7438967">
        <time>2022-03-09T12:30:04Z</time>
      </trkpt>
      <trkpt lat="26.8369983" lon="75.7438700">
        <time>2022-03-09T12:30:05Z</time>
      </trkpt>
      <trkpt lat="26.8370483" lon="75.7438383">
        <time>2022-03-09T12:30:06Z</time>
      </trkpt>
      <trkpt lat="26.8371000" lon="75.7437933">
        <time>2022-03-09T12:30:07Z</time>
      </trkpt>
      <trkpt lat="26.8371450" lon="75.7437400">
        <time>2022-03-09T12:30:08Z</time>
      </trkpt>
      <trkpt lat="26.8371850" lon="75.7436617">
        <time>2022-03-09T12:30:09Z</time>
      </trkpt>
      <trkpt lat="26.8372183" lon="75.7435733">
        <time>2022-03-09T12:30:10Z</time>
      </trkpt>
      <trkpt lat="26.8372617" lon="75.7434850">
        <time>2022-03-09T12:30:11Z</time>
      </trkpt>
      <trkpt lat="26.8372933" lon="75.7433850">
        <time>2022-03-09T12:30:12Z</time>
      </trkpt>
      <trkpt lat="26.8373183" lon="75.7433000">
        <time>2022-03-09T12:30:13Z</time>
      </trkpt>
      <trkpt lat="26.8373483" lon="75.7432167">
        <time>2022-03-09T12:30:14Z</time>
      </trkpt>
      <trkpt lat="26.8373717" lon="75.7431500">
        <time>2022-03-09T12:30:15Z</time>
      </trkpt>
      <trkpt lat="26.8373867" lon="75.7430933">
        <time>2022-03-09T12:30:16Z</time>
      </trkpt>
      <trkpt lat="26.8374117" lon="75.7430367">
        <time>2022-03-09T12:30:17Z</time>
      </trkpt>
      <trkpt lat="26.8374417" lon="75.7429917">
        <time>2022-03-09T12:30:18Z</time>
      </trkpt>
      <trkpt lat="26.8374600" lon="75.7429750">
        <time>2022-03-09T12:30:18Z</time>
      </trkpt>
      <trkpt lat="26.8374917" lon="75.7429533">
        <time>2022-03-09T12:30:19Z</time>
      </trkpt>
      <trkpt lat="26.8374767" lon="75.7429617">
        <time>2022-03-09T12:30:19Z</time>
      </trkpt>
      <trkpt lat="26.8375050" lon="75.7429467">
        <time>2022-03-09T12:30:20Z</time>
      </trkpt>
      <trkpt lat="26.8375383" lon="75.7429383">
        <time>2022-03-09T12:30:21Z</time>
      </trkpt>
      <trkpt lat="26.8375767" lon="75.7429267">
        <time>2022-03-09T12:30:22Z</time>
      </trkpt>
      <trkpt lat="26.8376267" lon="75.7429250">
        <time>2022-03-09T12:30:23Z</time>
      </trkpt>
      <trkpt lat="26.8376800" lon="75.7429333">
        <time>2022-03-09T12:30:24Z</time>
      </trkpt>
      <trkpt lat="26.8377283" lon="75.7429483">
        <time>2022-03-09T12:30:25Z</time>
      </trkpt>
      <trkpt lat="26.8377833" lon="75.7429583">
        <time>2022-03-09T12:30:26Z</time>
      </trkpt>
      <trkpt lat="26.8378417" lon="75.7429767">
        <time>2022-03-09T12:30:27Z</time>
      </trkpt>
      <trkpt lat="26.8378867" lon="75.7429883">
        <time>2022-03-09T12:30:28Z</time>
      </trkpt>
      <trkpt lat="26.8379250" lon="75.7429967">
        <time>2022-03-09T12:30:29Z</time>
      </trkpt>
      <trkpt lat="26.8379850" lon="75.7430200">
        <time>2022-03-09T12:30:30Z</time>
      </trkpt>
      <trkpt lat="26.8380517" lon="75.7430400">
        <time>2022-03-09T12:30:31Z</time>
      </trkpt>
      <trkpt lat="26.8381117" lon="75.7430650">
        <time>2022-03-09T12:30:32Z</time>
      </trkpt>
      <trkpt lat="26.8381850" lon="75.7430917">
        <time>2022-03-09T12:30:33Z</time>
      </trkpt>
      <trkpt lat="26.8382500" lon="75.7431133">
        <time>2022-03-09T12:30:34Z</time>
      </trkpt>
      <trkpt lat="26.8383117" lon="75.7431383">
        <time>2022-03-09T12:30:35Z</time>
      </trkpt>
      <trkpt lat="26.8383817" lon="75.7431617">
        <time>2022-03-09T12:30:36Z</time>
      </trkpt>
      <trkpt lat="26.8384567" lon="75.7431817">
        <time>2022-03-09T12:30:37Z</time>
      </trkpt>
      <trkpt lat="26.8385383" lon="75.7432083">
        <time>2022-03-09T12:30:38Z</time>
      </trkpt>
      <trkpt lat="26.8386267" lon="75.7432267">
        <time>2022-03-09T12:30:39Z</time>
      </trkpt>
      <trkpt lat="26.8387100" lon="75.7432433">
        <time>2022-03-09T12:30:40Z</time>
      </trkpt>
      <trkpt lat="26.8387933" lon="75.7432717">
        <time>2022-03-09T12:30:41Z</time>
      </trkpt>
      <trkpt lat="26.8388733" lon="75.7433100">
        <time>2022-03-09T12:30:42Z</time>
      </trkpt>
      <trkpt lat="26.8389483" lon="75.7433483">
        <time>2022-03-09T12:30:43Z</time>
      </trkpt>
      <trkpt lat="26.8390233" lon="75.7433817">
        <time>2022-03-09T12:30:44Z</time>
      </trkpt>
      <trkpt lat="26.8390933" lon="75.7434133">
        <time>2022-03-09T12:30:45Z</time>
      </trkpt>
      <trkpt lat="26.8391617" lon="75.7434483">
        <time>2022-03-09T12:30:46Z</time>
      </trkpt>
      <trkpt lat="26.8392250" lon="75.7434850">
        <time>2022-03-09T12:30:47Z</time>
      </trkpt>
      <trkpt lat="26.8392950" lon="75.7435433">
        <time>2022-03-09T12:30:48Z</time>
      </trkpt>
      <trkpt lat="26.8393550" lon="75.7435950">
        <time>2022-03-09T12:30:49Z</time>
      </trkpt>
      <trkpt lat="26.8393883" lon="75.7436467">
        <time>2022-03-09T12:30:50Z</time>
      </trkpt>
      <trkpt lat="26.8394217" lon="75.7436850">
        <time>2022-03-09T12:30:51Z</time>
      </trkpt>
      <trkpt lat="26.8394367" lon="75.7437267">
        <time>2022-03-09T12:30:52Z</time>
      </trkpt>
      <trkpt lat="26.8394617" lon="75.7437683">
        <time>2022-03-09T12:30:53Z</time>
      </trkpt>
      <trkpt lat="26.8394883" lon="75.7438183">
        <time>2022-03-09T12:30:54Z</time>
      </trkpt>
      <trkpt lat="26.8395167" lon="75.7438767">
        <time>2022-03-09T12:30:55Z</time>
      </trkpt>
      <trkpt lat="26.8395450" lon="75.7439367">
        <time>2022-03-09T12:30:56Z</time>
      </trkpt>
      <trkpt lat="26.8395900" lon="75.7439983">
        <time>2022-03-09T12:30:57Z</time>
      </trkpt>
      <trkpt lat="26.8396383" lon="75.7440717">
        <time>2022-03-09T12:30:58Z</time>
      </trkpt>
      <trkpt lat="26.8396883" lon="75.7441483">
        <time>2022-03-09T12:30:59Z</time>
      </trkpt>
      <trkpt lat="26.8397500" lon="75.7442233">
        <time>2022-03-09T12:31:00Z</time>
      </trkpt>
      <trkpt lat="26.8398067" lon="75.7442900">
        <time>2022-03-09T12:31:01Z</time>
      </trkpt>
      <trkpt lat="26.8398500" lon="75.7443433">
        <time>2022-03-09T12:31:02Z</time>
      </trkpt>
      <trkpt lat="26.8398867" lon="75.7444000">
        <time>2022-03-09T12:31:03Z</time>
      </trkpt>
      <trkpt lat="26.8399233" lon="75.7444450">
        <time>2022-03-09T12:31:04Z</time>
      </trkpt>
      <trkpt lat="26.8399500" lon="75.7444783">
        <time>2022-03-09T12:31:05Z</time>
      </trkpt>
      <trkpt lat="26.8399767" lon="75.7445200">
        <time>2022-03-09T12:31:06Z</time>
      </trkpt>
      <trkpt lat="26.8400033" lon="75.7445633">
        <time>2022-03-09T12:31:07Z</time>
      </trkpt>
      <trkpt lat="26.8400350" lon="75.7446033">
        <time>2022-03-09T12:31:08Z</time>
      </trkpt>
      <trkpt lat="26.8400700" lon="75.7446350">
        <time>2022-03-09T12:31:09Z</time>
      </trkpt>
      <trkpt lat="26.8401100" lon="75.7446867">
        <time>2022-03-09T12:31:10Z</time>
      </trkpt>
      <trkpt lat="26.8401517" lon="75.7447333">
        <time>2022-03-09T12:31:11Z</time>
      </trkpt>
      <trkpt lat="26.8401833" lon="75.7447783">
        <time>2022-03-09T12:31:12Z</time>
      </trkpt>
      <trkpt lat="26.8402083" lon="75.7448033">
        <time>2022-03-09T12:31:13Z</time>
      </trkpt>
      <trkpt lat="26.8402333" lon="75.7448383">
        <time>2022-03-09T12:31:14Z</time>
      </trkpt>
      <trkpt lat="26.8402617" lon="75.7448767">
        <time>2022-03-09T12:31:15Z</time>
      </trkpt>
      <trkpt lat="26.8403083" lon="75.7449150">
        <time>2022-03-09T12:31:16Z</time>
      </trkpt>
      <trkpt lat="26.8403633" lon="75.7449533">
        <time>2022-03-09T12:31:17Z</time>
      </trkpt>
      <trkpt lat="26.8404183" lon="75.7449917">
        <time>2022-03-09T12:31:18Z</time>
      </trkpt>
      <trkpt lat="26.8404850" lon="75.7450233">
        <time>2022-03-09T12:31:19Z</time>
      </trkpt>
      <trkpt lat="26.8405567" lon="75.7450650">
        <time>2022-03-09T12:31:20Z</time>
      </trkpt>
      <trkpt lat="26.8406267" lon="75.7451150">
        <time>2022-03-09T12:31:21Z</time>
      </trkpt>
      <trkpt lat="26.8407033" lon="75.7451717">
        <time>2022-03-09T12:31:22Z</time>
      </trkpt>
      <trkpt lat="26.8407900" lon="75.7452383">
        <time>2022-03-09T12:31:23Z</time>
      </trkpt>
      <trkpt lat="26.8408750" lon="75.7453050">
        <time>2022-03-09T12:31:24Z</time>
      </trkpt>
      <trkpt lat="26.8409600" lon="75.7453633">
        <time>2022-03-09T12:31:25Z</time>
      </trkpt>
      <trkpt lat="26.8410483" lon="75.7454017">
        <time>2022-03-09T12:31:26Z</time>
      </trkpt>
      <trkpt lat="26.8411250" lon="75.7454317">
        <time>2022-03-09T12:31:27Z</time>
      </trkpt>
      <trkpt lat="26.8411833" lon="75.7454617">
        <time>2022-03-09T12:31:28Z</time>
      </trkpt>
      <trkpt lat="26.8412267" lon="75.7454917">
        <time>2022-03-09T12:31:29Z</time>
      </trkpt>
      <trkpt lat="26.8412367" lon="75.7455067">
        <time>2022-03-09T12:31:30Z</time>
      </trkpt>
      <trkpt lat="26.8412417" lon="75.7455133">
        <time>2022-03-09T12:31:31Z</time>
      </trkpt>
      <trkpt lat="26.8412733" lon="75.7455367">
        <time>2022-03-09T12:31:32Z</time>
      </trkpt>
      <trkpt lat="26.8413083" lon="75.7455550">
        <time>2022-03-09T12:31:33Z</time>
      </trkpt>
      <trkpt lat="26.8413533" lon="75.7455750">
        <time>2022-03-09T12:31:34Z</time>
      </trkpt>
      <trkpt lat="26.8413950" lon="75.7456067">
        <time>2022-03-09T12:31:35Z</time>
      </trkpt>
      <trkpt lat="26.8414417" lon="75.7456417">
        <time>2022-03-09T12:31:36Z</time>
      </trkpt>
      <trkpt lat="26.8414900" lon="75.7456783">
        <time>2022-03-09T12:31:37Z</time>
      </trkpt>
      <trkpt lat="26.8415417" lon="75.7457133">
        <time>2022-03-09T12:31:38Z</time>
      </trkpt>
      <trkpt lat="26.8415867" lon="75.7457400">
        <time>2022-03-09T12:31:39Z</time>
      </trkpt>
      <trkpt lat="26.8416317" lon="75.7457650">
        <time>2022-03-09T12:31:40Z</time>
      </trkpt>
      <trkpt lat="26.8416617" lon="75.7457800">
        <time>2022-03-09T12:31:41Z</time>
      </trkpt>
      <trkpt lat="26.8416833" lon="75.7457950">
        <time>2022-03-09T12:31:42Z</time>
      </trkpt>
      <trkpt lat="26.8416983" lon="75.7458117">
        <time>2022-03-09T12:31:43Z</time>
      </trkpt>
      <trkpt lat="26.8417183" lon="75.7458383">
        <time>2022-03-09T12:31:44Z</time>
      </trkpt>
      <trkpt lat="26.8417433" lon="75.7458717">
        <time>2022-03-09T12:31:45Z</time>
      </trkpt>
      <trkpt lat="26.8417567" lon="75.7459067">
        <time>2022-03-09T12:31:46Z</time>
      </trkpt>
      <trkpt lat="26.8417683" lon="75.7459500">
        <time>2022-03-09T12:31:47Z</time>
      </trkpt>
      <trkpt lat="26.8417950" lon="75.7460150">
        <time>2022-03-09T12:31:48Z</time>
      </trkpt>
      <trkpt lat="26.8418050" lon="75.7460717">
        <time>2022-03-09T12:31:49Z</time>
      </trkpt>
      <trkpt lat="26.8418233" lon="75.7461233">
        <time>2022-03-09T12:31:50Z</time>
      </trkpt>
      <trkpt lat="26.8418417" lon="75.7461633">
        <time>2022-03-09T12:31:51Z</time>
      </trkpt>
      <trkpt lat="26.8418750" lon="75.7461850">
        <time>2022-03-09T12:31:52Z</time>
      </trkpt>
      <trkpt lat="26.8419233" lon="75.7461883">
        <time>2022-03-09T12:31:53Z</time>
      </trkpt>
      <trkpt lat="26.8419583" lon="75.7461650">
        <time>2022-03-09T12:31:54Z</time>
      </trkpt>
      <trkpt lat="26.8420083" lon="75.7461250">
        <time>2022-03-09T12:31:55Z</time>
      </trkpt>
      <trkpt lat="26.8420717" lon="75.7460750">
        <time>2022-03-09T12:31:56Z</time>
      </trkpt>
      <trkpt lat="26.8421467" lon="75.7460200">
        <time>2022-03-09T12:31:57Z</time>
      </trkpt>
      <trkpt lat="26.8422300" lon="75.7459650">
        <time>2022-03-09T12:31:58Z</time>
      </trkpt>
      <trkpt lat="26.8423067" lon="75.7459217">
        <time>2022-03-09T12:31:59Z</time>
      </trkpt>
      <trkpt lat="26.8423633" lon="75.7458750">
        <time>2022-03-09T12:32:00Z</time>
      </trkpt>
      <trkpt lat="26.8424267" lon="75.7458350">
        <time>2022-03-09T12:32:01Z</time>
      </trkpt>
      <trkpt lat="26.8424933" lon="75.7458033">
        <time>2022-03-09T12:32:02Z</time>
      </trkpt>
      <trkpt lat="26.8425517" lon="75.7457717">
        <time>2022-03-09T12:32:03Z</time>
      </trkpt>
      <trkpt lat="26.8425817" lon="75.7457533">
        <time>2022-03-09T12:32:04Z</time>
      </trkpt>
      <trkpt lat="26.8426067" lon="75.7457517">
        <time>2022-03-09T12:32:05Z</time>
      </trkpt>
      <trkpt lat="26.8426383" lon="75.7457483">
        <time>2022-03-09T12:32:06Z</time>
      </trkpt>
      <trkpt lat="26.8426617" lon="75.7457500">
        <time>2022-03-09T12:32:07Z</time>
      </trkpt>
      <trkpt lat="26.8426833" lon="75.7457517">
        <time>2022-03-09T12:32:08Z</time>
      </trkpt>
      <trkpt lat="26.8427117" lon="75.7457650">
        <time>2022-03-09T12:32:09Z</time>
      </trkpt>
      <trkpt lat="26.8427417" lon="75.7457900">
        <time>2022-03-09T12:32:10Z</time>
      </trkpt>
      <trkpt lat="26.8427733" lon="75.7458150">
        <time>2022-03-09T12:32:11Z</time>
      </trkpt>
      <trkpt lat="26.8428033" lon="75.7458433">
        <time>2022-03-09T12:32:12Z</time>
      </trkpt>
      <trkpt lat="26.8428350" lon="75.7458733">
        <time>2022-03-09T12:32:13Z</time>
      </trkpt>
      <trkpt lat="26.8428517" lon="75.7459200">
        <time>2022-03-09T12:32:14Z</time>
      </trkpt>
      <trkpt lat="26.8428567" lon="75.7459400">
        <time>2022-03-09T12:32:15Z</time>
      </trkpt>
      <trkpt lat="26.8428583" lon="75.7459533">
        <time>2022-03-09T12:32:16Z</time>
      </trkpt>
      <trkpt lat="26.8428533" lon="75.7459633">
        <time>2022-03-09T12:32:17Z</time>
      </trkpt>
      <trkpt lat="26.8428417" lon="75.7459850">
        <time>2022-03-09T12:32:18Z</time>
      </trkpt>
      <trkpt lat="26.8428167" lon="75.7460150">
        <time>2022-03-09T12:32:19Z</time>
      </trkpt>
      <trkpt lat="26.8427833" lon="75.7460433">
        <time>2022-03-09T12:32:20Z</time>
      </trkpt>
      <trkpt lat="26.8427333" lon="75.7460783">
        <time>2022-03-09T12:32:21Z</time>
      </trkpt>
      <trkpt lat="26.8426683" lon="75.7461233">
        <time>2022-03-09T12:32:22Z</time>
      </trkpt>
      <trkpt lat="26.8425817" lon="75.7461783">
        <time>2022-03-09T12:32:23Z</time>
      </trkpt>
      <trkpt lat="26.8424933" lon="75.7462417">
        <time>2022-03-09T12:32:24Z</time>
      </trkpt>
      <trkpt lat="26.8424017" lon="75.7463117">
        <time>2022-03-09T12:32:25Z</time>
      </trkpt>
      <trkpt lat="26.8423100" lon="75.7463817">
        <time>2022-03-09T12:32:26Z</time>
      </trkpt>
      <trkpt lat="26.8422133" lon="75.7464567">
        <time>2022-03-09T12:32:27Z</time>
      </trkpt>
      <trkpt lat="26.8421133" lon="75.7465367">
        <time>2022-03-09T12:32:28Z</time>
      </trkpt>
      <trkpt lat="26.8420133" lon="75.7466133">
        <time>2022-03-09T12:32:29Z</time>
      </trkpt>
      <trkpt lat="26.8419183" lon="75.7466817">
        <time>2022-03-09T12:32:30Z</time>
      </trkpt>
      <trkpt lat="26.8418267" lon="75.7467450">
        <time>2022-03-09T12:32:31Z</time>
      </trkpt>
      <trkpt lat="26.8417533" lon="75.7468083">
        <time>2022-03-09T12:32:32Z</time>
      </trkpt>
      <trkpt lat="26.8416917" lon="75.7468700">
        <time>2022-03-09T12:32:33Z</time>
      </trkpt>
      <trkpt lat="26.8416350" lon="75.7469317">
        <time>2022-03-09T12:32:34Z</time>
      </trkpt>
      <trkpt lat="26.8415917" lon="75.7469850">
        <time>2022-03-09T12:32:35Z</time>
      </trkpt>
      <trkpt lat="26.8415600" lon="75.7470350">
        <time>2022-03-09T12:32:36Z</time>
      </trkpt>
      <trkpt lat="26.8415500" lon="75.7470883">
        <time>2022-03-09T12:32:37Z</time>
      </trkpt>
      <trkpt lat="26.8415500" lon="75.7471367">
        <time>2022-03-09T12:32:38Z</time>
      </trkpt>
      <trkpt lat="26.8415650" lon="75.7471917">
        <time>2022-03-09T12:32:39Z</time>
      </trkpt>
      <trkpt lat="26.8415917" lon="75.7472383">
        <time>2022-03-09T12:32:40Z</time>
      </trkpt>
      <trkpt lat="26.8416283" lon="75.7472983">
        <time>2022-03-09T12:32:41Z</time>
      </trkpt>
      <trkpt lat="26.8416717" lon="75.7473600">
        <time>2022-03-09T12:32:42Z</time>
      </trkpt>
      <trkpt lat="26.8417250" lon="75.7474117">
        <time>2022-03-09T12:32:43Z</time>
      </trkpt>
      <trkpt lat="26.8417933" lon="75.7474600">
        <time>2022-03-09T12:32:44Z</time>
      </trkpt>
      <trkpt lat="26.8418750" lon="75.7475067">
        <time>2022-03-09T12:32:45Z</time>
      </trkpt>
      <trkpt lat="26.8419683" lon="75.7475500">
        <time>2022-03-09T12:32:46Z</time>
      </trkpt>
      <trkpt lat="26.8420733" lon="75.7475983">
        <time>2022-03-09T12:32:47Z</time>
      </trkpt>
      <trkpt lat="26.8421867" lon="75.7476550">
        <time>2022-03-09T12:32:48Z</time>
      </trkpt>
      <trkpt lat="26.8423000" lon="75.7477083">
        <time>2022-03-09T12:32:49Z</time>
      </trkpt>
      <trkpt lat="26.8424267" lon="75.7477617">
        <time>2022-03-09T12:32:50Z</time>
      </trkpt>
      <trkpt lat="26.8425483" lon="75.7478167">
        <time>2022-03-09T12:32:51Z</time>
      </trkpt>
      <trkpt lat="26.8426883" lon="75.7478950">
        <time>2022-03-09T12:32:52Z</time>
      </trkpt>
      <trkpt lat="26.8428200" lon="75.7479667">
        <time>2022-03-09T12:32:53Z</time>
      </trkpt>
      <trkpt lat="26.8429500" lon="75.7480450">
        <time>2022-03-09T12:32:54Z</time>
      </trkpt>
      <trkpt lat="26.8430817" lon="75.7481300">
        <time>2022-03-09T12:32:55Z</time>
      </trkpt>
      <trkpt lat="26.8432100" lon="75.7482067">
        <time>2022-03-09T12:32:56Z</time>
      </trkpt>
      <trkpt lat="26.8433133" lon="75.7482800">
        <time>2022-03-09T12:32:57Z</time>
      </trkpt>
      <trkpt lat="26.8433867" lon="75.7483300">
        <time>2022-03-09T12:32:58Z</time>
      </trkpt>
      <trkpt lat="26.8434400" lon="75.7483717">
        <time>2022-03-09T12:32:59Z</time>
      </trkpt>
      <trkpt lat="26.8435000" lon="75.7484083">
        <time>2022-03-09T12:33:00Z</time>
      </trkpt>
      <trkpt lat="26.8435600" lon="75.7484567">
        <time>2022-03-09T12:33:01Z</time>
      </trkpt>
      <trkpt lat="26.8436283" lon="75.7485150">
        <time>2022-03-09T12:33:02Z</time>
      </trkpt>
      <trkpt lat="26.8436900" lon="75.7485783">
        <time>2022-03-09T12:33:03Z</time>
      </trkpt>
      <trkpt lat="26.8437650" lon="75.7486383">
        <time>2022-03-09T12:33:04Z</time>
      </trkpt>
      <trkpt lat="26.8438467" lon="75.7487000">
        <time>2022-03-09T12:33:05Z</time>
      </trkpt>
      <trkpt lat="26.8439267" lon="75.7487733">
        <time>2022-03-09T12:33:06Z</time>
      </trkpt>
      <trkpt lat="26.8440133" lon="75.7488433">
        <time>2022-03-09T12:33:07Z</time>
      </trkpt>
      <trkpt lat="26.8441100" lon="75.7489033">
        <time>2022-03-09T12:33:08Z</time>
      </trkpt>
      <trkpt lat="26.8442117" lon="75.7489683">
        <time>2022-03-09T12:33:09Z</time>
      </trkpt>
      <trkpt lat="26.8443117" lon="75.7490400">
        <time>2022-03-09T12:33:10Z</time>
      </trkpt>
      <trkpt lat="26.8444283" lon="75.7490917">
        <time>2022-03-09T12:33:11Z</time>
      </trkpt>
      <trkpt lat="26.8445250" lon="75.7491550">
        <time>2022-03-09T12:33:12Z</time>
      </trkpt>
      <trkpt lat="26.8446067" lon="75.7492150">
        <time>2022-03-09T12:33:13Z</time>
      </trkpt>
      <trkpt lat="26.8446817" lon="75.7492683">
        <time>2022-03-09T12:33:14Z</time>
      </trkpt>
      <trkpt lat="26.8447383" lon="75.7493050">
        <time>2022-03-09T12:33:15Z</time>
      </trkpt>
      <trkpt lat="26.8447733" lon="75.7493400">
        <time>2022-03-09T12:33:16Z</time>
      </trkpt>
      <trkpt lat="26.8448067" lon="75.7493800">
        <time>2022-03-09T12:33:17Z</time>
      </trkpt>
      <trkpt lat="26.8448217" lon="75.7494300">
        <time>2022-03-09T12:33:18Z</time>
      </trkpt>
      <trkpt lat="26.8448400" lon="75.7494733">
        <time>2022-03-09T12:33:19Z</time>
      </trkpt>
      <trkpt lat="26.8448367" lon="75.7495133">
        <time>2022-03-09T12:33:20Z</time>
      </trkpt>
      <trkpt lat="26.8448300" lon="75.7495333">
        <time>2022-03-09T12:33:21Z</time>
      </trkpt>
      <trkpt lat="26.8448300" lon="75.7495550">
        <time>2022-03-09T12:33:22Z</time>
      </trkpt>
      <trkpt lat="26.8448267" lon="75.7495833">
        <time>2022-03-09T12:33:23Z</time>
      </trkpt>
      <trkpt lat="26.8448217" lon="75.7496150">
        <time>2022-03-09T12:33:24Z</time>
      </trkpt>
      <trkpt lat="26.8448117" lon="75.7496617">
        <time>2022-03-09T12:33:25Z</time>
      </trkpt>
      <trkpt lat="26.8447933" lon="75.7497167">
        <time>2022-03-09T12:33:26Z</time>
      </trkpt>
      <trkpt lat="26.8447767" lon="75.7497800">
        <time>2022-03-09T12:33:27Z</time>
      </trkpt>
      <trkpt lat="26.8447600" lon="75.7498533">
        <time>2022-03-09T12:33:28Z</time>
      </trkpt>
      <trkpt lat="26.8447433" lon="75.7499367">
        <time>2022-03-09T12:33:29Z</time>
      </trkpt>
      <trkpt lat="26.8447233" lon="75.7500350">
        <time>2022-03-09T12:33:30Z</time>
      </trkpt>
      <trkpt lat="26.8447017" lon="75.7501383">
        <time>2022-03-09T12:33:31Z</time>
      </trkpt>
      <trkpt lat="26.8446767" lon="75.7502467">
        <time>2022-03-09T12:33:32Z</time>
      </trkpt>
      <trkpt lat="26.8446450" lon="75.7503667">
        <time>2022-03-09T12:33:33Z</time>
      </trkpt>
      <trkpt lat="26.8446217" lon="75.7504917">
        <time>2022-03-09T12:33:34Z</time>
      </trkpt>
      <trkpt lat="26.8445967" lon="75.7506167">
        <time>2022-03-09T12:33:35Z</time>
      </trkpt>
      <trkpt lat="26.8445733" lon="75.7507317">
        <time>2022-03-09T12:33:36Z</time>
      </trkpt>
      <trkpt lat="26.8445500" lon="75.7508300">
        <time>2022-03-09T12:33:37Z</time>
      </trkpt>
      <trkpt lat="26.8445267" lon="75.7509250">
        <time>2022-03-09T12:33:38Z</time>
      </trkpt>
      <trkpt lat="26.8445100" lon="75.7510133">
        <time>2022-03-09T12:33:39Z</time>
      </trkpt>
      <trkpt lat="26.8444933" lon="75.7510917">
        <time>2022-03-09T12:33:40Z</time>
      </trkpt>
      <trkpt lat="26.8444750" lon="75.7511833">
        <time>2022-03-09T12:33:41Z</time>
      </trkpt>
      <trkpt lat="26.8444567" lon="75.7512733">
        <time>2022-03-09T12:33:42Z</time>
      </trkpt>
      <trkpt lat="26.8444417" lon="75.7513600">
        <time>2022-03-09T12:33:43Z</time>
      </trkpt>
      <trkpt lat="26.8444267" lon="75.7514367">
        <time>2022-03-09T12:33:44Z</time>
      </trkpt>
      <trkpt lat="26.8444217" lon="75.7514950">
        <time>2022-03-09T12:33:45Z</time>
      </trkpt>
      <trkpt lat="26.8444417" lon="75.7515550">
        <time>2022-03-09T12:33:46Z</time>
      </trkpt>
      <trkpt lat="26.8444650" lon="75.7516100">
        <time>2022-03-09T12:33:47Z</time>
      </trkpt>
      <trkpt lat="26.8445200" lon="75.7516450">
        <time>2022-03-09T12:33:48Z</time>
      </trkpt>
      <trkpt lat="26.8445883" lon="75.7516517">
        <time>2022-03-09T12:33:49Z</time>
      </trkpt>
      <trkpt lat="26.8446633" lon="75.7516683">
        <time>2022-03-09T12:33:50Z</time>
      </trkpt>
      <trkpt lat="26.8447350" lon="75.7516883">
        <time>2022-03-09T12:33:51Z</time>
      </trkpt>
      <trkpt lat="26.8448150" lon="75.7517133">
        <time>2022-03-09T12:33:52Z</time>
      </trkpt>
      <trkpt lat="26.8449017" lon="75.7517383">
        <time>2022-03-09T12:33:53Z</time>
      </trkpt>
      <trkpt lat="26.8449950" lon="75.7517650">
        <time>2022-03-09T12:33:54Z</time>
      </trkpt>
      <trkpt lat="26.8450917" lon="75.7517917">
        <time>2022-03-09T12:33:55Z</time>
      </trkpt>
      <trkpt lat="26.8451917" lon="75.7518217">
        <time>2022-03-09T12:33:56Z</time>
      </trkpt>
      <trkpt lat="26.8452967" lon="75.7518517">
        <time>2022-03-09T12:33:57Z</time>
      </trkpt>
      <trkpt lat="26.8454100" lon="75.7518783">
        <time>2022-03-09T12:33:58Z</time>
      </trkpt>
      <trkpt lat="26.8455217" lon="75.7519117">
        <time>2022-03-09T12:33:59Z</time>
      </trkpt>
      <trkpt lat="26.8456250" lon="75.7519383">
        <time>2022-03-09T12:34:00Z</time>
      </trkpt>
      <trkpt lat="26.8457250" lon="75.7519667">
        <time>2022-03-09T12:34:01Z</time>
      </trkpt>
      <trkpt lat="26.8458250" lon="75.7519967">
        <time>2022-03-09T12:34:02Z</time>
      </trkpt>
      <trkpt lat="26.8459200" lon="75.7520167">
        <time>2022-03-09T12:34:03Z</time>
      </trkpt>
      <trkpt lat="26.8460133" lon="75.7520383">
        <time>2022-03-09T12:34:04Z</time>
      </trkpt>
      <trkpt lat="26.8461000" lon="75.7520700">
        <time>2022-03-09T12:34:05Z</time>
      </trkpt>
      <trkpt lat="26.8461867" lon="75.7520883">
        <time>2022-03-09T12:34:06Z</time>
      </trkpt>
      <trkpt lat="26.8462800" lon="75.7521217">
        <time>2022-03-09T12:34:07Z</time>
      </trkpt>
      <trkpt lat="26.8463650" lon="75.7521533">
        <time>2022-03-09T12:34:08Z</time>
      </trkpt>
      <trkpt lat="26.8464567" lon="75.7521917">
        <time>2022-03-09T12:34:09Z</time>
      </trkpt>
      <trkpt lat="26.8465533" lon="75.7522367">
        <time>2022-03-09T12:34:10Z</time>
      </trkpt>
      <trkpt lat="26.8466433" lon="75.7522883">
        <time>2022-03-09T12:34:11Z</time>
      </trkpt>
      <trkpt lat="26.8467383" lon="75.7523533">
        <time>2022-03-09T12:34:12Z</time>
      </trkpt>
      <trkpt lat="26.8468333" lon="75.7524233">
        <time>2022-03-09T12:34:13Z</time>
      </trkpt>
      <trkpt lat="26.8469267" lon="75.7524983">
        <time>2022-03-09T12:34:14Z</time>
      </trkpt>
      <trkpt lat="26.8470317" lon="75.7525783">
        <time>2022-03-09T12:34:15Z</time>
      </trkpt>
      <trkpt lat="26.8471417" lon="75.7526583">
        <time>2022-03-09T12:34:16Z</time>
      </trkpt>
      <trkpt lat="26.8472417" lon="75.7527317">
        <time>2022-03-09T12:34:17Z</time>
      </trkpt>
      <trkpt lat="26.8473433" lon="75.7527967">
        <time>2022-03-09T12:34:18Z</time>
      </trkpt>
      <trkpt lat="26.8474517" lon="75.7528667">
        <time>2022-03-09T12:34:19Z</time>
      </trkpt>
      <trkpt lat="26.8475367" lon="75.7529217">
        <time>2022-03-09T12:34:20Z</time>
      </trkpt>
      <trkpt lat="26.8476117" lon="75.7529700">
        <time>2022-03-09T12:34:21Z</time>
      </trkpt>
      <trkpt lat="26.8476767" lon="75.7530133">
        <time>2022-03-09T12:34:22Z</time>
      </trkpt>
      <trkpt lat="26.8477300" lon="75.7530350">
        <time>2022-03-09T12:34:23Z</time>
      </trkpt>
      <trkpt lat="26.8477883" lon="75.7530383">
        <time>2022-03-09T12:34:24Z</time>
      </trkpt>
      <trkpt lat="26.8478233" lon="75.7530283">
        <time>2022-03-09T12:34:25Z</time>
      </trkpt>
      <trkpt lat="26.8478550" lon="75.7530000">
        <time>2022-03-09T12:34:26Z</time>
      </trkpt>
      <trkpt lat="26.8478867" lon="75.7529517">
        <time>2022-03-09T12:34:27Z</time>
      </trkpt>
      <trkpt lat="26.8479200" lon="75.7528983">
        <time>2022-03-09T12:34:28Z</time>
      </trkpt>
      <trkpt lat="26.8479350" lon="75.7528417">
        <time>2022-03-09T12:34:29Z</time>
      </trkpt>
      <trkpt lat="26.8479417" lon="75.7527683">
        <time>2022-03-09T12:34:30Z</time>
      </trkpt>
      <trkpt lat="26.8479600" lon="75.7527033">
        <time>2022-03-09T12:34:31Z</time>
      </trkpt>
      <trkpt lat="26.8479800" lon="75.7526383">
        <time>2022-03-09T12:34:32Z</time>
      </trkpt>
      <trkpt lat="26.8480000" lon="75.7525950">
        <time>2022-03-09T12:34:33Z</time>
      </trkpt>
      <trkpt lat="26.8480217" lon="75.7525717">
        <time>2022-03-09T12:34:34Z</time>
      </trkpt>
      <trkpt lat="26.8480417" lon="75.7525650">
        <time>2022-03-09T12:34:35Z</time>
      </trkpt>
      <trkpt lat="26.8480583" lon="75.7525633">
        <time>2022-03-09T12:34:36Z</time>
      </trkpt>
      <trkpt lat="26.8480650" lon="75.7525583">
        <time>2022-03-09T12:34:37Z</time>
      </trkpt>
      <trkpt lat="26.8480683" lon="75.7525550">
        <time>2022-03-09T12:34:38Z</time>
      </trkpt>
      <trkpt lat="26.8480833" lon="75.7525533">
        <time>2022-03-09T12:34:39Z</time>
      </trkpt>
      <trkpt lat="26.8481117" lon="75.7525617">
        <time>2022-03-09T12:34:40Z</time>
      </trkpt>
      <trkpt lat="26.8481550" lon="75.7525733">
        <time>2022-03-09T12:34:41Z</time>
      </trkpt>
      <trkpt lat="26.8482033" lon="75.7526017">
        <time>2022-03-09T12:34:42Z</time>
      </trkpt>
      <trkpt lat="26.8482700" lon="75.7526400">
        <time>2022-03-09T12:34:43Z</time>
      </trkpt>
      <trkpt lat="26.8483433" lon="75.7526800">
        <time>2022-03-09T12:34:44Z</time>
      </trkpt>
      <trkpt lat="26.8484317" lon="75.7527300">
        <time>2022-03-09T12:34:45Z</time>
      </trkpt>
      <trkpt lat="26.8485267" lon="75.7527917">
        <time>2022-03-09T12:34:46Z</time>
      </trkpt>
      <trkpt lat="26.8486150" lon="75.7528433">
        <time>2022-03-09T12:34:47Z</time>
      </trkpt>
      <trkpt lat="26.8487067" lon="75.7529000">
        <time>2022-03-09T12:34:48Z</time>
      </trkpt>
      <trkpt lat="26.8488017" lon="75.7529583">
        <time>2022-03-09T12:34:49Z</time>
      </trkpt>
      <trkpt lat="26.8489000" lon="75.7530250">
        <time>2022-03-09T12:34:50Z</time>
      </trkpt>
      <trkpt lat="26.8489900" lon="75.7530900">
        <time>2022-03-09T12:34:51Z</time>
      </trkpt>
      <trkpt lat="26.8490833" lon="75.7531717">
        <time>2022-03-09T12:34:52Z</time>
      </trkpt>
      <trkpt lat="26.8491650" lon="75.7532467">
        <time>2022-03-09T12:34:53Z</time>
      </trkpt>
      <trkpt lat="26.8492483" lon="75.7533233">
        <time>2022-03-09T12:34:54Z</time>
      </trkpt>
      <trkpt lat="26.8493217" lon="75.7533733">
        <time>2022-03-09T12:34:55Z</time>
      </trkpt>
      <trkpt lat="26.8493917" lon="75.7534233">
        <time>2022-03-09T12:34:56Z</time>
      </trkpt>
      <trkpt lat="26.8494633" lon="75.7534783">
        <time>2022-03-09T12:34:57Z</time>
      </trkpt>
      <trkpt lat="26.8495383" lon="75.7535383">
        <time>2022-03-09T12:34:58Z</time>
      </trkpt>
      <trkpt lat="26.8496233" lon="75.7536033">
        <time>2022-03-09T12:34:59Z</time>
      </trkpt>
      <trkpt lat="26.8497117" lon="75.7536617">
        <time>2022-03-09T12:35:00Z</time>
      </trkpt>
      <trkpt lat="26.8497967" lon="75.7537167">
        <time>2022-03-09T12:35:01Z</time>
      </trkpt>
      <trkpt lat="26.8498767" lon="75.7537950">
        <time>2022-03-09T12:35:02Z</time>
      </trkpt>
      <trkpt lat="26.8499567" lon="75.7538700">
        <time>2022-03-09T12:35:03Z</time>
      </trkpt>
      <trkpt lat="26.8500333" lon="75.7539550">
        <time>2022-03-09T12:35:04Z</time>
      </trkpt>
      <trkpt lat="26.8501117" lon="75.7540350">
        <time>2022-03-09T12:35:05Z</time>
      </trkpt>
      <trkpt lat="26.8501900" lon="75.7541000">
        <time>2022-03-09T12:35:06Z</time>
      </trkpt>
      <trkpt lat="26.8502783" lon="75.7541717">
        <time>2022-03-09T12:35:07Z</time>
      </trkpt>
      <trkpt lat="26.8503717" lon="75.7542517">
        <time>2022-03-09T12:35:08Z</time>
      </trkpt>
      <trkpt lat="26.8504617" lon="75.7543467">
        <time>2022-03-09T12:35:09Z</time>
      </trkpt>
      <trkpt lat="26.8505650" lon="75.7544383">
        <time>2022-03-09T12:35:10Z</time>
      </trkpt>
      <trkpt lat="26.8506617" lon="75.7545283">
        <time>2022-03-09T12:35:11Z</time>
      </trkpt>
      <trkpt lat="26.8507583" lon="75.7546133">
        <time>2022-03-09T12:35:12Z</time>
      </trkpt>
      <trkpt lat="26.8508500" lon="75.7546983">
        <time>2022-03-09T12:35:13Z</time>
      </trkpt>
      <trkpt lat="26.8509383" lon="75.7547767">
        <time>2022-03-09T12:35:14Z</time>
      </trkpt>
      <trkpt lat="26.8510217" lon="75.7548450">
        <time>2022-03-09T12:35:15Z</time>
      </trkpt>
      <trkpt lat="26.8510983" lon="75.7549033">
        <time>2022-03-09T12:35:16Z</time>
      </trkpt>
      <trkpt lat="26.8511750" lon="75.7549600">
        <time>2022-03-09T12:35:17Z</time>
      </trkpt>
      <trkpt lat="26.8512517" lon="75.7550300">
        <time>2022-03-09T12:35:18Z</time>
      </trkpt>
      <trkpt lat="26.8513317" lon="75.7551067">
        <time>2022-03-09T12:35:19Z</time>
      </trkpt>
      <trkpt lat="26.8514183" lon="75.7551900">
        <time>2022-03-09T12:35:20Z</time>
      </trkpt>
      <trkpt lat="26.8515067" lon="75.7552633">
        <time>2022-03-09T12:35:21Z</time>
      </trkpt>
      <trkpt lat="26.8515983" lon="75.7553333">
        <time>2022-03-09T12:35:22Z</time>
      </trkpt>
      <trkpt lat="26.8516667" lon="75.7553983">
        <time>2022-03-09T12:35:23Z</time>
      </trkpt>
      <trkpt lat="26.8517250" lon="75.7554483">
        <time>2022-03-09T12:35:24Z</time>
      </trkpt>
      <trkpt lat="26.8517850" lon="75.7554833">
        <time>2022-03-09T12:35:25Z</time>
      </trkpt>
      <trkpt lat="26.8518550" lon="75.7555150">
        <time>2022-03-09T12:35:26Z</time>
      </trkpt>
      <trkpt lat="26.8519250" lon="75.7555550">
        <time>2022-03-09T12:35:27Z</time>
      </trkpt>
      <trkpt lat="26.8520000" lon="75.7555933">
        <time>2022-03-09T12:35:28Z</time>
      </trkpt>
      <trkpt lat="26.8520733" lon="75.7556383">
        <time>2022-03-09T12:35:29Z</time>
      </trkpt>
      <trkpt lat="26.8521433" lon="75.7556800">
        <time>2022-03-09T12:35:30Z</time>
      </trkpt>
      <trkpt lat="26.8522150" lon="75.7557233">
        <time>2022-03-09T12:35:31Z</time>
      </trkpt>
      <trkpt lat="26.8522850" lon="75.7557617">
        <time>2022-03-09T12:35:32Z</time>
      </trkpt>
      <trkpt lat="26.8523600" lon="75.7557950">
        <time>2022-03-09T12:35:33Z</time>
      </trkpt>
      <trkpt lat="26.8524383" lon="75.7558200">
        <time>2022-03-09T12:35:34Z</time>
      </trkpt>
      <trkpt lat="26.8525183" lon="75.7558267">
        <time>2022-03-09T12:35:35Z</time>
      </trkpt>
      <trkpt lat="26.8525933" lon="75.7558267">
        <time>2022-03-09T12:35:36Z</time>
      </trkpt>
      <trkpt lat="26.8526650" lon="75.7558267">
        <time>2022-03-09T12:35:37Z</time>
      </trkpt>
      <trkpt lat="26.8527417" lon="75.7558200">
        <time>2022-03-09T12:35:38Z</time>
      </trkpt>
      <trkpt lat="26.8528200" lon="75.7558167">
        <time>2022-03-09T12:35:39Z</time>
      </trkpt>
      <trkpt lat="26.8529050" lon="75.7558233">
        <time>2022-03-09T12:35:40Z</time>
      </trkpt>
      <trkpt lat="26.8530000" lon="75.7558300">
        <time>2022-03-09T12:35:41Z</time>
      </trkpt>
      <trkpt lat="26.8530800" lon="75.7558433">
        <time>2022-03-09T12:35:42Z</time>
      </trkpt>
      <trkpt lat="26.8531617" lon="75.7558700">
        <time>2022-03-09T12:35:43Z</time>
      </trkpt>
      <trkpt lat="26.8532383" lon="75.7559033">
        <time>2022-03-09T12:35:44Z</time>
      </trkpt>
      <trkpt lat="26.8533100" lon="75.7559450">
        <time>2022-03-09T12:35:45Z</time>
      </trkpt>
      <trkpt lat="26.8533800" lon="75.7559950">
        <time>2022-03-09T12:35:46Z</time>
      </trkpt>
      <trkpt lat="26.8534533" lon="75.7560500">
        <time>2022-03-09T12:35:47Z</time>
      </trkpt>
      <trkpt lat="26.8535283" lon="75.7561067">
        <time>2022-03-09T12:35:48Z</time>
      </trkpt>
      <trkpt lat="26.8535967" lon="75.7561550">
        <time>2022-03-09T12:35:49Z</time>
      </trkpt>
      <trkpt lat="26.8536650" lon="75.7562033">
        <time>2022-03-09T12:35:50Z</time>
      </trkpt>
      <trkpt lat="26.8537400" lon="75.7562617">
        <time>2022-03-09T12:35:51Z</time>
      </trkpt>
      <trkpt lat="26.8538350" lon="75.7563333">
        <time>2022-03-09T12:35:52Z</time>
      </trkpt>
      <trkpt lat="26.8539233" lon="75.7564200">
        <time>2022-03-09T12:35:53Z</time>
      </trkpt>
      <trkpt lat="26.8540233" lon="75.7565067">
        <time>2022-03-09T12:35:54Z</time>
      </trkpt>
      <trkpt lat="26.8541283" lon="75.7566017">
        <time>2022-03-09T12:35:55Z</time>
      </trkpt>
      <trkpt lat="26.8542550" lon="75.7566833">
        <time>2022-03-09T12:35:56Z</time>
      </trkpt>
      <trkpt lat="26.8543683" lon="75.7567533">
        <time>2022-03-09T12:35:57Z</time>
      </trkpt>
      <trkpt lat="26.8544767" lon="75.7568333">
        <time>2022-03-09T12:35:58Z</time>
      </trkpt>
      <trkpt lat="26.8545667" lon="75.7569033">
        <time>2022-03-09T12:35:59Z</time>
      </trkpt>
      <trkpt lat="26.8546633" lon="75.7569733">
        <time>2022-03-09T12:36:00Z</time>
      </trkpt>
      <trkpt lat="26.8547567" lon="75.7570417">
        <time>2022-03-09T12:36:01Z</time>
      </trkpt>
      <trkpt lat="26.8548450" lon="75.7571150">
        <time>2022-03-09T12:36:02Z</time>
      </trkpt>
      <trkpt lat="26.8549300" lon="75.7571867">
        <time>2022-03-09T12:36:03Z</time>
      </trkpt>
      <trkpt lat="26.8550150" lon="75.7572550">
        <time>2022-03-09T12:36:04Z</time>
      </trkpt>
      <trkpt lat="26.8550967" lon="75.7573167">
        <time>2022-03-09T12:36:05Z</time>
      </trkpt>
      <trkpt lat="26.8551833" lon="75.7573817">
        <time>2022-03-09T12:36:06Z</time>
      </trkpt>
      <trkpt lat="26.8552700" lon="75.7574350">
        <time>2022-03-09T12:36:07Z</time>
      </trkpt>
      <trkpt lat="26.8553517" lon="75.7574883">
        <time>2022-03-09T12:36:08Z</time>
      </trkpt>
      <trkpt lat="26.8554267" lon="75.7575417">
        <time>2022-03-09T12:36:09Z</time>
      </trkpt>
      <trkpt lat="26.8554883" lon="75.7575900">
        <time>2022-03-09T12:36:10Z</time>
      </trkpt>
      <trkpt lat="26.8555467" lon="75.7576367">
        <time>2022-03-09T12:36:11Z</time>
      </trkpt>
      <trkpt lat="26.8556083" lon="75.7576950">
        <time>2022-03-09T12:36:12Z</time>
      </trkpt>
      <trkpt lat="26.8556733" lon="75.7577533">
        <time>2022-03-09T12:36:13Z</time>
      </trkpt>
      <trkpt lat="26.8557367" lon="75.7578033">
        <time>2022-03-09T12:36:14Z</time>
      </trkpt>
      <trkpt lat="26.8558050" lon="75.7578433">
        <time>2022-03-09T12:36:15Z</time>
      </trkpt>
      <trkpt lat="26.8558750" lon="75.7578850">
        <time>2022-03-09T12:36:16Z</time>
      </trkpt>
      <trkpt lat="26.8559400" lon="75.7579300">
        <time>2022-03-09T12:36:17Z</time>
      </trkpt>
      <trkpt lat="26.8560033" lon="75.7579650">
        <time>2022-03-09T12:36:18Z</time>
      </trkpt>
      <trkpt lat="26.8560650" lon="75.7580017">
        <time>2022-03-09T12:36:19Z</time>
      </trkpt>
      <trkpt lat="26.8561283" lon="75.7580383">
        <time>2022-03-09T12:36:20Z</time>
      </trkpt>
      <trkpt lat="26.8561883" lon="75.7580733">
        <time>2022-03-09T12:36:21Z</time>
      </trkpt>
      <trkpt lat="26.8562450" lon="75.7581133">
        <time>2022-03-09T12:36:22Z</time>
      </trkpt>
      <trkpt lat="26.8562917" lon="75.7581550">
        <time>2022-03-09T12:36:23Z</time>
      </trkpt>
      <trkpt lat="26.8563250" lon="75.7581867">
        <time>2022-03-09T12:36:24Z</time>
      </trkpt>
      <trkpt lat="26.8563467" lon="75.7582083">
        <time>2022-03-09T12:36:25Z</time>
      </trkpt>
      <trkpt lat="26.8563600" lon="75.7582183">
        <time>2022-03-09T12:36:26Z</time>
      </trkpt>
      <trkpt lat="26.8563650" lon="75.7582200">
        <time>2022-03-09T12:36:27Z</time>
      </trkpt>
      <trkpt lat="26.8563650" lon="75.7582217">
        <time>2022-03-09T12:36:28Z</time>
      </trkpt>
      <trkpt lat="26.8563650" lon="75.7582217">
        <time>2022-03-09T12:36:29Z</time>
      </trkpt>
    </trkseg>
  </trk>
  <trk>
    <name>123</name>
    <desc>To Petrol Pump</desc>
    <url>/user/abhimanyu003/traces/4169475</url>
    <trkseg>
      <trkpt lat="26.8602717" lon="75.7602733">
        <time>2022-03-08T09:14:22Z</time>
      </trkpt>
      <trkpt lat="26.8602683" lon="75.7602733">
        <time>2022-03-08T09:14:23Z</time>
      </trkpt>
      <trkpt lat="26.8602717" lon="75.7602733">
        <time>2022-03-08T09:14:25Z</time>
      </trkpt>
      <trkpt lat="26.8602717" lon="75.7602700">
        <time>2022-03-08T09:14:26Z</time>
      </trkpt>
      <trkpt lat="26.8602700" lon="75.7602683">
        <time>2022-03-08T09:14:27Z</time>
      </trkpt>
      <trkpt lat="26.8602700" lon="75.7602683">
        <time>2022-03-08T09:14:27Z</time>
      </trkpt>
      <trkpt lat="26.8602733" lon="75.7602650">
        <time>2022-03-08T09:14:28Z</time>
      </trkpt>
      <trkpt lat="26.8602733" lon="75.7602667">
        <time>2022-03-08T09:14:29Z</time>
      </trkpt>
      <trkpt lat="26.8602733" lon="75.7602667">
        <time>2022-03-08T09:14:30Z</time>
      </trkpt>
      <trkpt lat="26.8602767" lon="75.7602667">
        <time>2022-03-08T09:14:31Z</time>
      </trkpt>
      <trkpt lat="26.8602933" lon="75.7602767">
        <time>2022-03-08T09:14:32Z</time>
      </trkpt>
      <trkpt lat="26.8602967" lon="75.7602867">
        <time>2022-03-08T09:14:33Z</time>
      </trkpt>
      <trkpt lat="26.8603067" lon="75.7602967">
        <time>2022-03-08T09:14:34Z</time>
      </trkpt>
      <trkpt lat="26.8603217" lon="75.7603117">
        <time>2022-03-08T09:14:35Z</time>
      </trkpt>
      <trkpt lat="26.8603367" lon="75.7603300">
        <time>2022-03-08T09:14:36Z</time>
      </trkpt>
      <trkpt lat="26.8603500" lon="75.7603450">
        <time>2022-03-08T09:14:37Z</time>
      </trkpt>
      <trkpt lat="26.8603650" lon="75.7603617">
        <time>2022-03-08T09:14:38Z</time>
      </trkpt>
      <trkpt lat="26.8603800" lon="75.7603767">
        <time>2022-03-08T09:14:39Z</time>
      </trkpt>
      <trkpt lat="26.8603950" lon="75.7603933">
        <time>2022-03-08T09:14:40Z</time>
      </trkpt>
      <trkpt lat="26.8604000" lon="75.7604083">
        <time>2022-03-08T09:14:41Z</time>
      </trkpt>
      <trkpt lat="26.8604017" lon="75.7604233">
        <time>2022-03-08T09:14:42Z</time>
      </trkpt>
      <trkpt lat="26.8603983" lon="75.7604350">
        <time>2022-03-08T09:14:43Z</time>
      </trkpt>
      <trkpt lat="26.8603967" lon="75.7604433">
        <time>2022-03-08T09:14:44Z</time>
      </trkpt>
      <trkpt lat="26.8603983" lon="75.7604450">
        <time>2022-03-08T09:14:45Z</time>
      </trkpt>
      <trkpt lat="26.8604000" lon="75.7604433">
        <time>2022-03-08T09:14:46Z</time>
      </trkpt>
      <trkpt lat="26.8603867" lon="75.7604633">
        <time>2022-03-08T09:14:47Z</time>
      </trkpt>
      <trkpt lat="26.8603800" lon="75.7604917">
        <time>2022-03-08T09:14:48Z</time>
      </trkpt>
      <trkpt lat="26.8603600" lon="75.7605200">
        <time>2022-03-08T09:14:49Z</time>
      </trkpt>
      <trkpt lat="26.8603533" lon="75.7605317">
        <time>2022-03-08T09:14:50Z</time>
      </trkpt>
      <trkpt lat="26.8603467" lon="75.7605433">
        <time>2022-03-08T09:14:51Z</time>
      </trkpt>
      <trkpt lat="26.8603417" lon="75.7605533">
        <time>2022-03-08T09:14:52Z</time>
      </trkpt>
      <trkpt lat="26.8603117" lon="75.7606050">
        <time>2022-03-08T09:14:53Z</time>
      </trkpt>
      <trkpt lat="26.8602783" lon="75.7606400">
        <time>2022-03-08T09:14:54Z</time>
      </trkpt>
      <trkpt lat="26.8602483" lon="75.7606667">
        <time>2022-03-08T09:14:55Z</time>
      </trkpt>
      <trkpt lat="26.8602167" lon="75.7606933">
        <time>2022-03-08T09:14:56Z</time>
      </trkpt>
      <trkpt lat="26.8601867" lon="75.7607250">
        <time>2022-03-08T09:14:57Z</time>
      </trkpt>
      <trkpt lat="26.8601517" lon="75.7607717">
        <time>2022-03-08T09:14:58Z</time>
      </trkpt>
      <trkpt lat="26.8601233" lon="75.7608033">
        <time>2022-03-08T09:14:59Z</time>
      </trkpt>
      <trkpt lat="26.8600983" lon="75.7608183">
        <time>2022-03-08T09:15:00Z</time>
      </trkpt>
      <trkpt lat="26.8600767" lon="75.7608283">
        <time>2022-03-08T09:15:01Z</time>
      </trkpt>
      <trkpt lat="26.8600500" lon="75.7608317">
        <time>2022-03-08T09:15:02Z</time>
      </trkpt>
      <trkpt lat="26.8600183" lon="75.7608267">
        <time>2022-03-08T09:15:03Z</time>
      </trkpt>
      <trkpt lat="26.8599850" lon="75.7608050">
        <time>2022-03-08T09:15:04Z</time>
      </trkpt>
      <trkpt lat="26.8599367" lon="75.7607867">
        <time>2022-03-08T09:15:05Z</time>
      </trkpt>
      <trkpt lat="26.8598917" lon="75.7607500">
        <time>2022-03-08T09:15:06Z</time>
      </trkpt>
      <trkpt lat="26.8598483" lon="75.7607133">
        <time>2022-03-08T09:15:07Z</time>
      </trkpt>
      <trkpt lat="26.8598000" lon="75.7606783">
        <time>2022-03-08T09:15:08Z</time>
      </trkpt>
      <trkpt lat="26.8597550" lon="75.7606333">
        <time>2022-03-08T09:15:09Z</time>
      </trkpt>
      <trkpt lat="26.8597117" lon="75.7605850">
        <time>2022-03-08T09:15:10Z</time>
      </trkpt>
      <trkpt lat="26.8596583" lon="75.7605333">
        <time>2022-03-08T09:15:11Z</time>
      </trkpt>
      <trkpt lat="26.8596100" lon="75.7604767">
        <time>2022-03-08T09:15:12Z</time>
      </trkpt>
      <trkpt lat="26.8595450" lon="75.7604133">
        <time>2022-03-08T09:15:13Z</time>
      </trkpt>
      <trkpt lat="26.8594933" lon="75.7603517">
        <time>2022-03-08T09:15:14Z</time>
      </trkpt>
      <trkpt lat="26.8594583" lon="75.7602917">
        <time>2022-03-08T09:15:15Z</time>
      </trkpt>
      <trkpt lat="26.8594283" lon="75.7602400">
        <time>2022-03-08T09:15:16Z</time>
      </trkpt>
      <trkpt lat="26.8594033" lon="75.7602117">
        <time>2022-03-08T09:15:17Z</time>
      </trkpt>
      <trkpt lat="26.8593883" lon="75.7601967">
        <time>2022-03-08T09:15:18Z</time>
      </trkpt>
      <trkpt lat="26.8593900" lon="75.7601850">
        <time>2022-03-08T09:15:19Z</time>
      </trkpt>
      <trkpt lat="26.8593950" lon="75.7601833">
        <time>2022-03-08T09:15:20Z</time>
      </trkpt>
      <trkpt lat="26.8593933" lon="75.7601783">
        <time>2022-03-08T09:15:21Z</time>
      </trkpt>
      <trkpt lat="26.8593933" lon="75.7601783">
        <time>2022-03-08T09:15:22Z</time>
      </trkpt>
      <trkpt lat="26.8594083" lon="75.7601333">
        <time>2022-03-08T09:15:23Z</time>
      </trkpt>
      <trkpt lat="26.8594250" lon="75.7600967">
        <time>2022-03-08T09:15:24Z</time>
      </trkpt>
      <trkpt lat="26.8594517" lon="75.7600633">
        <time>2022-03-08T09:15:25Z</time>
      </trkpt>
      <trkpt lat="26.8594950" lon="75.7600200">
        <time>2022-03-08T09:15:26Z</time>
      </trkpt>
      <trkpt lat="26.8595433" lon="75.7599867">
        <time>2022-03-08T09:15:27Z</time>
      </trkpt>
      <trkpt lat="26.8595950" lon="75.7599450">
        <time>2022-03-08T09:15:28Z</time>
      </trkpt>
      <trkpt lat="26.8596567" lon="75.7598917">
        <time>2022-03-08T09:15:29Z</time>
      </trkpt>
      <trkpt lat="26.8597217" lon="75.7598333">
        <time>2022-03-08T09:15:30Z</time>
      </trkpt>
      <trkpt lat="26.8597850" lon="75.7597633">
        <time>2022-03-08T09:15:31Z</time>
      </trkpt>
      <trkpt lat="26.8598517" lon="75.7596983">
        <time>2022-03-08T09:15:32Z</time>
      </trkpt>
      <trkpt lat="26.8599183" lon="75.7596400">
        <time>2022-03-08T09:15:33Z</time>
      </trkpt>
      <trkpt lat="26.8599733" lon="75.7595750">
        <time>2022-03-08T09:15:34Z</time>
      </trkpt>
      <trkpt lat="26.8600367" lon="75.7595033">
        <time>2022-03-08T09:15:35Z</time>
      </trkpt>
      <trkpt lat="26.8601033" lon="75.7594317">
        <time>2022-03-08T09:15:36Z</time>
      </trkpt>
      <trkpt lat="26.8601650" lon="75.7593683">
        <time>2022-03-08T09:15:37Z</time>
      </trkpt>
      <trkpt lat="26.8602283" lon="75.7593017">
        <time>2022-03-08T09:15:38Z</time>
      </trkpt>
      <trkpt lat="26.8602900" lon="75.7592350">
        <time>2022-03-08T09:15:39Z</time>
      </trkpt>
      <trkpt lat="26.8603483" lon="75.7591650">
        <time>2022-03-08T09:15:40Z</time>
      </trkpt>
      <trkpt lat="26.8604183" lon="75.7591150">
        <time>2022-03-08T09:15:41Z</time>
      </trkpt>
      <trkpt lat="26.8604767" lon="75.7590617">
        <time>2022-03-08T09:15:42Z</time>
      </trkpt>
      <trkpt lat="26.8605283" lon="75.7590200">
        <time>2022-03-08T09:15:43Z</time>
      </trkpt>
      <trkpt lat="26.8605683" lon="75.7589767">
        <time>2022-03-08T09:15:44Z</time>
      </trkpt>
      <trkpt lat="26.8605950" lon="75.7589350">
        <time>2022-03-08T09:15:45Z</time>
      </trkpt>
      <trkpt lat="26.8606317" lon="75.7588950">
        <time>2022-03-08T09:15:46Z</time>
      </trkpt>
      <trkpt lat="26.8606683" lon="75.7588550">
        <time>2022-03-08T09:15:47Z</time>
      </trkpt>
      <trkpt lat="26.8607100" lon="75.7588150">
        <time>2022-03-08T09:15:48Z</time>
      </trkpt>
      <trkpt lat="26.8607550" lon="75.7587800">
        <time>2022-03-08T09:15:49Z</time>
      </trkpt>
      <trkpt lat="26.8608017" lon="75.7587483">
        <time>2022-03-08T09:15:50Z</time>
      </trkpt>
      <trkpt lat="26.8608400" lon="75.7587183">
        <time>2022-03-08T09:15:51Z</time>
      </trkpt>
      <trkpt lat="26.8608883" lon="75.7586933">
        <time>2022-03-08T09:15:52Z</time>
      </trkpt>
      <trkpt lat="26.8609333" lon="75.7586650">
        <time>2022-03-08T09:15:53Z</time>
      </trkpt>
      <trkpt lat="26.8609817" lon="75.7586367">
        <time>2022-03-08T09:15:54Z</time>
      </trkpt>
      <trkpt lat="26.8610300" lon="75.7585950">
        <time>2022-03-08T09:15:55Z</time>
      </trkpt>
      <trkpt lat="26.8610800" lon="75.7585650">
        <time>2022-03-08T09:15:56Z</time>
      </trkpt>
      <trkpt lat="26.8611233" lon="75.7585483">
        <time>2022-03-08T09:15:57Z</time>
      </trkpt>
      <trkpt lat="26.8611533" lon="75.7585350">
        <time>2022-03-08T09:15:58Z</time>
      </trkpt>
      <trkpt lat="26.8611667" lon="75.7585150">
        <time>2022-03-08T09:15:59Z</time>
      </trkpt>
      <trkpt lat="26.8611667" lon="75.7584800">
        <time>2022-03-08T09:16:00Z</time>
      </trkpt>
      <trkpt lat="26.8611600" lon="75.7584450">
        <time>2022-03-08T09:16:01Z</time>
      </trkpt>
      <trkpt lat="26.8611500" lon="75.7583867">
        <time>2022-03-08T09:16:02Z</time>
      </trkpt>
      <trkpt lat="26.8611367" lon="75.7583217">
        <time>2022-03-08T09:16:03Z</time>
      </trkpt>
      <trkpt lat="26.8611167" lon="75.7582600">
        <time>2022-03-08T09:16:04Z</time>
      </trkpt>
      <trkpt lat="26.8610917" lon="75.7581933">
        <time>2022-03-08T09:16:05Z</time>
      </trkpt>
      <trkpt lat="26.8610717" lon="75.7581383">
        <time>2022-03-08T09:16:06Z</time>
      </trkpt>
      <trkpt lat="26.8610450" lon="75.7580833">
        <time>2022-03-08T09:16:07Z</time>
      </trkpt>
      <trkpt lat="26.8610200" lon="75.7580200">
        <time>2022-03-08T09:16:08Z</time>
      </trkpt>
      <trkpt lat="26.8609867" lon="75.7579633">
        <time>2022-03-08T09:16:09Z</time>
      </trkpt>
      <trkpt lat="26.8609650" lon="75.7579033">
        <time>2022-03-08T09:16:10Z</time>
      </trkpt>
      <trkpt lat="26.8609467" lon="75.7578333">
        <time>2022-03-08T09:16:11Z</time>
      </trkpt>
      <trkpt lat="26.8609150" lon="75.7577633">
        <time>2022-03-08T09:16:12Z</time>
      </trkpt>
      <trkpt lat="26.8608783" lon="75.7576833">
        <time>2022-03-08T09:16:13Z</time>
      </trkpt>
      <trkpt lat="26.8608400" lon="75.7576050">
        <time>2022-03-08T09:16:14Z</time>
      </trkpt>
      <trkpt lat="26.8607950" lon="75.7575267">
        <time>2022-03-08T09:16:15Z</time>
      </trkpt>
      <trkpt lat="26.8607583" lon="75.7574350">
        <time>2022-03-08T09:16:16Z</time>
      </trkpt>
      <trkpt lat="26.8607217" lon="75.7573417">
        <time>2022-03-08T09:16:17Z</time>
      </trkpt>
      <trkpt lat="26.8606750" lon="75.7572400">
        <time>2022-03-08T09:16:18Z</time>
      </trkpt>
      <trkpt lat="26.8606383" lon="75.7571400">
        <time>2022-03-08T09:16:19Z</time>
      </trkpt>
      <trkpt lat="26.8605983" lon="75.7570433">
        <time>2022-03-08T09:16:20Z</time>
      </trkpt>
      <trkpt lat="26.8605500" lon="75.7569517">
        <time>2022-03-08T09:16:21Z</time>
      </trkpt>
      <trkpt lat="26.8605117" lon="75.7568667">
        <time>2022-03-08T09:16:22Z</time>
      </trkpt>
      <trkpt lat="26.8604750" lon="75.7567850">
        <time>2022-03-08T09:16:23Z</time>
      </trkpt>
      <trkpt lat="26.8604400" lon="75.7567050">
        <time>2022-03-08T09:16:24Z</time>
      </trkpt>
      <trkpt lat="26.8604133" lon="75.7566117">
        <time>2022-03-08T09:16:25Z</time>
      </trkpt>
      <trkpt lat="26.8603833" lon="75.7565183">
        <time>2022-03-08T09:16:26Z</time>
      </trkpt>
      <trkpt lat="26.8603517" lon="75.7564250">
        <time>2022-03-08T09:16:27Z</time>
      </trkpt>
      <trkpt lat="26.8603200" lon="75.7563233">
        <time>2022-03-08T09:16:28Z</time>
      </trkpt>
      <trkpt lat="26.8602817" lon="75.7562183">
        <time>2022-03-08T09:16:29Z</time>
      </trkpt>
      <trkpt lat="26.8602433" lon="75.7561167">
        <time>2022-03-08T09:16:30Z</time>
      </trkpt>
      <trkpt lat="26.8602067" lon="75.7560267">
        <time>2022-03-08T09:16:31Z</time>
      </trkpt>
      <trkpt lat="26.8601883" lon="75.7559400">
        <time>2022-03-08T09:16:32Z</time>
      </trkpt>
      <trkpt lat="26.8601700" lon="75.7558883">
        <time>2022-03-08T09:16:33Z</time>
      </trkpt>
      <trkpt lat="26.8601550" lon="75.7558500">
        <time>2022-03-08T09:16:34Z</time>
      </trkpt>
      <trkpt lat="26.8601417" lon="75.7558150">
        <time>2022-03-08T09:16:35Z</time>
      </trkpt>
      <trkpt lat="26.8601267" lon="75.7558000">
        <time>2022-03-08T09:16:36Z</time>
      </trkpt>
      <trkpt lat="26.8601150" lon="75.7557867">
        <time>2022-03-08T09:16:37Z</time>
      </trkpt>
      <trkpt lat="26.8601083" lon="75.7557867">
        <time>2022-03-08T09:16:38Z</time>
      </trkpt>
      <trkpt lat="26.8601033" lon="75.7557950">
        <time>2022-03-08T09:16:39Z</time>
      </trkpt>
      <trkpt lat="26.8601033" lon="75.7558017">
        <time>2022-03-08T09:16:40Z</time>
      </trkpt>
      <trkpt lat="26.8601033" lon="75.7558017">
        <time>2022-03-08T09:16:41Z</time>
      </trkpt>
      <trkpt lat="26.8601033" lon="75.7558017">
        <time>2022-03-08T09:16:42Z</time>
      </trkpt>
      <trkpt lat="26.8601033" lon="75.7558017">
        <time>2022-03-08T09:16:43Z</time>
      </trkpt>
      <trkpt lat="26.8601033" lon="75.7558017">
        <time>2022-03-08T09:16:44Z</time>
      </trkpt>
      <trkpt lat="26.8601033" lon="75.7558017">
        <time>2022-03-08T09:16:45Z</time>
      </trkpt>
      <trkpt lat="26.8601033" lon="75.7558017">
        <time>2022-03-08T09:16:46Z</time>
      </trkpt>
      <trkpt lat="26.8601033" lon="75.7558017">
        <time>2022-03-08T09:16:47Z</time>
      </trkpt>
    </trkseg>
  </trk>
  <trk>
    <name>12_Jul_2021_3_30_27_pm</name>
    <desc>Cycle</desc>
    <url>/user/Varun%20Batra/traces/3736190</url>
    <trkseg>
      <trkpt lat="26.8054455" lon="75.8706766">
        <time>2021-07-12T10:01:56Z</time>
      </trkpt>
      <trkpt lat="26.8054574" lon="75.8707893">
        <time>2021-07-12T10:02:00Z</time>
      </trkpt>
      <trkpt lat="26.8054146" lon="75.8709026">
        <time>2021-07-12T10:02:05Z</time>
      </trkpt>
      <trkpt lat="26.8053011" lon="75.8709124">
        <time>2021-07-12T10:02:09Z</time>
      </trkpt>
      <trkpt lat="26.8052012" lon="75.8709090">
        <time>2021-07-12T10:02:12Z</time>
      </trkpt>
      <trkpt lat="26.8051104" lon="75.8708823">
        <time>2021-07-12T10:02:15Z</time>
      </trkpt>
      <trkpt lat="26.8050154" lon="75.8708782">
        <time>2021-07-12T10:02:18Z</time>
      </trkpt>
      <trkpt lat="26.8049197" lon="75.8708772">
        <time>2021-07-12T10:02:21Z</time>
      </trkpt>
      <trkpt lat="26.8048204" lon="75.8708944">
        <time>2021-07-12T10:02:24Z</time>
      </trkpt>
      <trkpt lat="26.8047011" lon="75.8708783">
        <time>2021-07-12T10:02:27Z</time>
      </trkpt>
      <trkpt lat="26.8045948" lon="75.8708720">
        <time>2021-07-12T10:02:30Z</time>
      </trkpt>
      <trkpt lat="26.8044760" lon="75.8708565">
        <time>2021-07-12T10:02:33Z</time>
      </trkpt>
      <trkpt lat="26.8043822" lon="75.8708548">
        <time>2021-07-12T10:02:35Z</time>
      </trkpt>
      <trkpt lat="26.8042889" lon="75.8708573">
        <time>2021-07-12T10:02:37Z</time>
      </trkpt>
      <trkpt lat="26.8041648" lon="75.8708706">
        <time>2021-07-12T10:02:40Z</time>
      </trkpt>
      <trkpt lat="26.8040722" lon="75.8708760">
        <time>2021-07-12T10:02:42Z</time>
      </trkpt>
      <trkpt lat="26.8039483" lon="75.8708783">
        <time>2021-07-12T10:02:45Z</time>
      </trkpt>
      <trkpt lat="26.8038275" lon="75.8708780">
        <time>2021-07-12T10:02:48Z</time>
      </trkpt>
      <trkpt lat="26.8037001" lon="75.8708582">
        <time>2021-07-12T10:02:51Z</time>
      </trkpt>
      <trkpt lat="26.8035829" lon="75.8708686">
        <time>2021-07-12T10:02:54Z</time>
      </trkpt>
      <trkpt lat="26.8034731" lon="75.8708811">
        <time>2021-07-12T10:02:57Z</time>
      </trkpt>
      <trkpt lat="26.8033687" lon="75.8708677">
        <time>2021-07-12T10:03:00Z</time>
      </trkpt>
      <trkpt lat="26.8032666" lon="75.8708822">
        <time>2021-07-12T10:03:03Z</time>
      </trkpt>
      <trkpt lat="26.8032362" lon="75.8710077">
        <time>2021-07-12T10:03:07Z</time>
      </trkpt>
      <trkpt lat="26.8032398" lon="75.8711292">
        <time>2021-07-12T10:03:10Z</time>
      </trkpt>
      <trkpt lat="26.8032290" lon="75.8712690">
        <time>2021-07-12T10:03:13Z</time>
      </trkpt>
      <trkpt lat="26.8032249" lon="75.8713770">
        <time>2021-07-12T10:03:15Z</time>
      </trkpt>
      <trkpt lat="26.8032196" lon="75.8714895">
        <time>2021-07-12T10:03:17Z</time>
      </trkpt>
      <trkpt lat="26.8032153" lon="75.8715936">
        <time>2021-07-12T10:03:19Z</time>
      </trkpt>
      <trkpt lat="26.8032074" lon="75.8717335">
        <time>2021-07-12T10:03:22Z</time>
      </trkpt>
      <trkpt lat="26.8031980" lon="75.8718744">
        <time>2021-07-12T10:03:25Z</time>
      </trkpt>
      <trkpt lat="26.8031922" lon="75.8720238">
        <time>2021-07-12T10:03:28Z</time>
      </trkpt>
      <trkpt lat="26.8031873" lon="75.8721252">
        <time>2021-07-12T10:03:30Z</time>
      </trkpt>
      <trkpt lat="26.8031857" lon="75.8722644">
        <time>2021-07-12T10:03:33Z</time>
      </trkpt>
      <trkpt lat="26.8031839" lon="75.8723917">
        <time>2021-07-12T10:03:36Z</time>
      </trkpt>
      <trkpt lat="26.8032007" lon="75.8725288">
        <time>2021-07-12T10:03:39Z</time>
      </trkpt>
      <trkpt lat="26.8031989" lon="75.8726451">
        <time>2021-07-12T10:03:42Z</time>
      </trkpt>
      <trkpt lat="26.8032024" lon="75.8727696">
        <time>2021-07-12T10:03:46Z</time>
      </trkpt>
      <trkpt lat="26.8033073" lon="75.8728408">
        <time>2021-07-12T10:03:50Z</time>
      </trkpt>
      <trkpt lat="26.8033994" lon="75.8728775">
        <time>2021-07-12T10:03:53Z</time>
      </trkpt>
      <trkpt lat="26.8034953" lon="75.8729132">
        <time>2021-07-12T10:03:56Z</time>
      </trkpt>
      <trkpt lat="26.8035875" lon="75.8729641">
        <time>2021-07-12T10:03:59Z</time>
      </trkpt>
      <trkpt lat="26.8036819" lon="75.8730050">
        <time>2021-07-12T10:04:02Z</time>
      </trkpt>
      <trkpt lat="26.8037707" lon="75.8730438">
        <time>2021-07-12T10:04:05Z</time>
      </trkpt>
      <trkpt lat="26.8038529" lon="75.8730887">
        <time>2021-07-12T10:04:08Z</time>
      </trkpt>
      <trkpt lat="26.8039615" lon="75.8731337">
        <time>2021-07-12T10:04:12Z</time>
      </trkpt>
      <trkpt lat="26.8040513" lon="75.8731755">
        <time>2021-07-12T10:04:15Z</time>
      </trkpt>
      <trkpt lat="26.8041522" lon="75.8732324">
        <time>2021-07-12T10:04:19Z</time>
      </trkpt>
      <trkpt lat="26.8042553" lon="75.8732680">
        <time>2021-07-12T10:04:23Z</time>
      </trkpt>
      <trkpt lat="26.8043642" lon="75.8733105">
        <time>2021-07-12T10:04:27Z</time>
      </trkpt>
      <trkpt lat="26.8044742" lon="75.8733269">
        <time>2021-07-12T10:04:31Z</time>
      </trkpt>
      <trkpt lat="26.8045773" lon="75.8733253">
        <time>2021-07-12T10:04:35Z</time>
      </trkpt>
      <trkpt lat="26.8046900" lon="75.8733333">
        <time>2021-07-12T10:04:39Z</time>
      </trkpt>
      <trkpt lat="26.8047981" lon="75.8733377">
        <time>2021-07-12T10:04:43Z</time>
      </trkpt>
      <trkpt lat="26.8049148" lon="75.8733480">
        <time>2021-07-12T10:04:47Z</time>
      </trkpt>
      <trkpt lat="26.8050248" lon="75.8733551">
        <time>2021-07-12T10:04:51Z</time>
      </trkpt>
      <trkpt lat="26.8051471" lon="75.8733641">
        <time>2021-07-12T10:04:55Z</time>
      </trkpt>
      <trkpt lat="26.8052635" lon="75.8733833">
        <time>2021-07-12T10:04:59Z</time>
      </trkpt>
      <trkpt lat="26.8053781" lon="75.8733879">
        <time>2021-07-12T10:05:03Z</time>
      </trkpt>
      <trkpt lat="26.8054932" lon="75.8733948">
        <time>2021-07-12T10:05:07Z</time>
      </trkpt>
      <trkpt lat="26.8056096" lon="75.8734062">
        <time>2021-07-12T10:05:11Z</time>
      </trkpt>
      <trkpt lat="26.8057212" lon="75.8734074">
        <time>2021-07-12T10:05:15Z</time>
      </trkpt>
      <trkpt lat="26.8058410" lon="75.8734193">
        <time>2021-07-12T10:05:19Z</time>
      </trkpt>
      <trkpt lat="26.8059588" lon="75.8734242">
        <time>2021-07-12T10:05:23Z</time>
      </trkpt>
      <trkpt lat="26.8060751" lon="75.8734428">
        <time>2021-07-12T10:05:27Z</time>
      </trkpt>
      <trkpt lat="26.8061652" lon="75.8734587">
        <time>2021-07-12T10:05:31Z</time>
      </trkpt>
      <trkpt lat="26.8062743" lon="75.8734554">
        <time>2021-07-12T10:05:35Z</time>
      </trkpt>
      <trkpt lat="26.8063681" lon="75.8734468">
        <time>2021-07-12T10:05:38Z</time>
      </trkpt>
      <trkpt lat="26.8064606" lon="75.8734553">
        <time>2021-07-12T10:05:41Z</time>
      </trkpt>
      <trkpt lat="26.8065542" lon="75.8734549">
        <time>2021-07-12T10:05:44Z</time>
      </trkpt>
      <trkpt lat="26.8066563" lon="75.8734628">
        <time>2021-07-12T10:05:48Z</time>
      </trkpt>
      <trkpt lat="26.8067517" lon="75.8734605">
        <time>2021-07-12T10:05:52Z</time>
      </trkpt>
      <trkpt lat="26.8068511" lon="75.8734683">
        <time>2021-07-12T10:05:56Z</time>
      </trkpt>
      <trkpt lat="26.8069584" lon="75.8734973">
        <time>2021-07-12T10:06:01Z</time>
      </trkpt>
      <trkpt lat="26.8070711" lon="75.8734884">
        <time>2021-07-12T10:06:05Z</time>
      </trkpt>
      <trkpt lat="26.8071625" lon="75.8735009">
        <time>2021-07-12T10:06:08Z</time>
      </trkpt>
      <trkpt lat="26.8072647" lon="75.8735118">
        <time>2021-07-12T10:06:11Z</time>
      </trkpt>
      <trkpt lat="26.8073713" lon="75.8735204">
        <time>2021-07-12T10:06:14Z</time>
      </trkpt>
      <trkpt lat="26.8074672" lon="75.8735257">
        <time>2021-07-12T10:06:17Z</time>
      </trkpt>
      <trkpt lat="26.8075703" lon="75.8735383">
        <time>2021-07-12T10:06:21Z</time>
      </trkpt>
      <trkpt lat="26.8076716" lon="75.8735356">
        <time>2021-07-12T10:06:25Z</time>
      </trkpt>
      <trkpt lat="26.8077651" lon="75.8735383">
        <time>2021-07-12T10:06:28Z</time>
      </trkpt>
      <trkpt lat="26.8078828" lon="75.8735419">
        <time>2021-07-12T10:06:32Z</time>
      </trkpt>
      <trkpt lat="26.8079916" lon="75.8735456">
        <time>2021-07-12T10:06:35Z</time>
      </trkpt>
      <trkpt lat="26.8080845" lon="75.8735627">
        <time>2021-07-12T10:06:38Z</time>
      </trkpt>
      <trkpt lat="26.8081795" lon="75.8735774">
        <time>2021-07-12T10:06:42Z</time>
      </trkpt>
      <trkpt lat="26.8082854" lon="75.8735850">
        <time>2021-07-12T10:06:46Z</time>
      </trkpt>
      <trkpt lat="26.8083768" lon="75.8735879">
        <time>2021-07-12T10:06:49Z</time>
      </trkpt>
      <trkpt lat="26.8084736" lon="75.8736005">
        <time>2021-07-12T10:06:52Z</time>
      </trkpt>
      <trkpt lat="26.8085734" lon="75.8736111">
        <time>2021-07-12T10:06:55Z</time>
      </trkpt>
      <trkpt lat="26.8086643" lon="75.8736115">
        <time>2021-07-12T10:06:58Z</time>
      </trkpt>
      <trkpt lat="26.8087559" lon="75.8736181">
        <time>2021-07-12T10:07:01Z</time>
      </trkpt>
      <trkpt lat="26.8088562" lon="75.8736230">
        <time>2021-07-12T10:07:04Z</time>
      </trkpt>
      <trkpt lat="26.8089727" lon="75.8736308">
        <time>2021-07-12T10:07:08Z</time>
      </trkpt>
      <trkpt lat="26.8090666" lon="75.8736335">
        <time>2021-07-12T10:07:11Z</time>
      </trkpt>
      <trkpt lat="26.8091834" lon="75.8736408">
        <time>2021-07-12T10:07:15Z</time>
      </trkpt>
      <trkpt lat="26.8092786" lon="75.8736479">
        <time>2021-07-12T10:07:18Z</time>
      </trkpt>
      <trkpt lat="26.8093760" lon="75.8736523">
        <time>2021-07-12T10:07:21Z</time>
      </trkpt>
      <trkpt lat="26.8094737" lon="75.8736702">
        <time>2021-07-12T10:07:24Z</time>
      </trkpt>
      <trkpt lat="26.8095694" lon="75.8736724">
        <time>2021-07-12T10:07:27Z</time>
      </trkpt>
      <trkpt lat="26.8096806" lon="75.8736813">
        <time>2021-07-12T10:07:31Z</time>
      </trkpt>
      <trkpt lat="26.8097735" lon="75.8736901">
        <time>2021-07-12T10:07:34Z</time>
      </trkpt>
      <trkpt lat="26.8098642" lon="75.8736978">
        <time>2021-07-12T10:07:37Z</time>
      </trkpt>
      <trkpt lat="26.8099566" lon="75.8736982">
        <time>2021-07-12T10:07:40Z</time>
      </trkpt>
      <trkpt lat="26.8100482" lon="75.8737081">
        <time>2021-07-12T10:07:43Z</time>
      </trkpt>
      <trkpt lat="26.8101649" lon="75.8737144">
        <time>2021-07-12T10:07:47Z</time>
      </trkpt>
      <trkpt lat="26.8102666" lon="75.8737303">
        <time>2021-07-12T10:07:51Z</time>
      </trkpt>
      <trkpt lat="26.8103613" lon="75.8737407">
        <time>2021-07-12T10:07:56Z</time>
      </trkpt>
      <trkpt lat="26.8105082" lon="75.8737696">
        <time>2021-07-12T10:08:53Z</time>
      </trkpt>
      <trkpt lat="26.8106133" lon="75.8738015">
        <time>2021-07-12T10:08:57Z</time>
      </trkpt>
      <trkpt lat="26.8107332" lon="75.8738145">
        <time>2021-07-12T10:09:01Z</time>
      </trkpt>
      <trkpt lat="26.8108371" lon="75.8738162">
        <time>2021-07-12T10:09:04Z</time>
      </trkpt>
      <trkpt lat="26.8109369" lon="75.8738244">
        <time>2021-07-12T10:09:07Z</time>
      </trkpt>
      <trkpt lat="26.8110335" lon="75.8738377">
        <time>2021-07-12T10:09:10Z</time>
      </trkpt>
      <trkpt lat="26.8111440" lon="75.8738459">
        <time>2021-07-12T10:09:14Z</time>
      </trkpt>
      <trkpt lat="26.8112536" lon="75.8738048">
        <time>2021-07-12T10:09:18Z</time>
      </trkpt>
      <trkpt lat="26.8113690" lon="75.8738544">
        <time>2021-07-12T10:09:21Z</time>
      </trkpt>
      <trkpt lat="26.8114812" lon="75.8738589">
        <time>2021-07-12T10:09:24Z</time>
      </trkpt>
      <trkpt lat="26.8115973" lon="75.8738711">
        <time>2021-07-12T10:09:27Z</time>
      </trkpt>
      <trkpt lat="26.8117017" lon="75.8738869">
        <time>2021-07-12T10:09:30Z</time>
      </trkpt>
      <trkpt lat="26.8117916" lon="75.8738962">
        <time>2021-07-12T10:09:33Z</time>
      </trkpt>
      <trkpt lat="26.8119038" lon="75.8739034">
        <time>2021-07-12T10:09:37Z</time>
      </trkpt>
      <trkpt lat="26.8119932" lon="75.8739187">
        <time>2021-07-12T10:09:40Z</time>
      </trkpt>
      <trkpt lat="26.8120969" lon="75.8739192">
        <time>2021-07-12T10:09:43Z</time>
      </trkpt>
      <trkpt lat="26.8121997" lon="75.8739346">
        <time>2021-07-12T10:09:46Z</time>
      </trkpt>
      <trkpt lat="26.8123001" lon="75.8739419">
        <time>2021-07-12T10:09:49Z</time>
      </trkpt>
      <trkpt lat="26.8124092" lon="75.8739444">
        <time>2021-07-12T10:09:52Z</time>
      </trkpt>
      <trkpt lat="26.8125158" lon="75.8739443">
        <time>2021-07-12T10:09:55Z</time>
      </trkpt>
      <trkpt lat="26.8126184" lon="75.8739530">
        <time>2021-07-12T10:09:58Z</time>
      </trkpt>
      <trkpt lat="26.8127298" lon="75.8739585">
        <time>2021-07-12T10:10:01Z</time>
      </trkpt>
      <trkpt lat="26.8128298" lon="75.8739582">
        <time>2021-07-12T10:10:04Z</time>
      </trkpt>
      <trkpt lat="26.8129484" lon="75.8739645">
        <time>2021-07-12T10:10:08Z</time>
      </trkpt>
      <trkpt lat="26.8130491" lon="75.8739470">
        <time>2021-07-12T10:10:11Z</time>
      </trkpt>
      <trkpt lat="26.8131513" lon="75.8739844">
        <time>2021-07-12T10:10:14Z</time>
      </trkpt>
      <trkpt lat="26.8132478" lon="75.8739914">
        <time>2021-07-12T10:10:17Z</time>
      </trkpt>
      <trkpt lat="26.8133601" lon="75.8740119">
        <time>2021-07-12T10:10:21Z</time>
      </trkpt>
      <trkpt lat="26.8134648" lon="75.8740211">
        <time>2021-07-12T10:10:25Z</time>
      </trkpt>
      <trkpt lat="26.8135690" lon="75.8740323">
        <time>2021-07-12T10:10:29Z</time>
      </trkpt>
      <trkpt lat="26.8136806" lon="75.8740478">
        <time>2021-07-12T10:10:33Z</time>
      </trkpt>
      <trkpt lat="26.8137744" lon="75.8740353">
        <time>2021-07-12T10:10:36Z</time>
      </trkpt>
      <trkpt lat="26.8138763" lon="75.8740336">
        <time>2021-07-12T10:10:39Z</time>
      </trkpt>
      <trkpt lat="26.8139846" lon="75.8740290">
        <time>2021-07-12T10:10:42Z</time>
      </trkpt>
      <trkpt lat="26.8140822" lon="75.8740425">
        <time>2021-07-12T10:10:45Z</time>
      </trkpt>
      <trkpt lat="26.8141936" lon="75.8740230">
        <time>2021-07-12T10:10:49Z</time>
      </trkpt>
      <trkpt lat="26.8142847" lon="75.8740426">
        <time>2021-07-12T10:10:52Z</time>
      </trkpt>
      <trkpt lat="26.8143779" lon="75.8740515">
        <time>2021-07-12T10:10:55Z</time>
      </trkpt>
      <trkpt lat="26.8144771" lon="75.8740656">
        <time>2021-07-12T10:10:58Z</time>
      </trkpt>
      <trkpt lat="26.8145726" lon="75.8740745">
        <time>2021-07-12T10:11:01Z</time>
      </trkpt>
      <trkpt lat="26.8146761" lon="75.8740839">
        <time>2021-07-12T10:11:04Z</time>
      </trkpt>
      <trkpt lat="26.8147796" lon="75.8740774">
        <time>2021-07-12T10:11:07Z</time>
      </trkpt>
      <trkpt lat="26.8148957" lon="75.8740797">
        <time>2021-07-12T10:11:11Z</time>
      </trkpt>
      <trkpt lat="26.8150160" lon="75.8740691">
        <time>2021-07-12T10:11:15Z</time>
      </trkpt>
      <trkpt lat="26.8151278" lon="75.8740849">
        <time>2021-07-12T10:11:18Z</time>
      </trkpt>
      <trkpt lat="26.8152297" lon="75.8741038">
        <time>2021-07-12T10:11:21Z</time>
      </trkpt>
      <trkpt lat="26.8153289" lon="75.8741175">
        <time>2021-07-12T10:11:24Z</time>
      </trkpt>
      <trkpt lat="26.8154346" lon="75.8741299">
        <time>2021-07-12T10:11:27Z</time>
      </trkpt>
      <trkpt lat="26.8155468" lon="75.8741353">
        <time>2021-07-12T10:11:30Z</time>
      </trkpt>
      <trkpt lat="26.8156600" lon="75.8741452">
        <time>2021-07-12T10:11:33Z</time>
      </trkpt>
      <trkpt lat="26.8157601" lon="75.8741519">
        <time>2021-07-12T10:11:36Z</time>
      </trkpt>
      <trkpt lat="26.8158620" lon="75.8741597">
        <time>2021-07-12T10:11:39Z</time>
      </trkpt>
      <trkpt lat="26.8159683" lon="75.8741729">
        <time>2021-07-12T10:11:42Z</time>
      </trkpt>
      <trkpt lat="26.8160828" lon="75.8741808">
        <time>2021-07-12T10:11:45Z</time>
      </trkpt>
      <trkpt lat="26.8161879" lon="75.8741934">
        <time>2021-07-12T10:11:48Z</time>
      </trkpt>
      <trkpt lat="26.8162938" lon="75.8741962">
        <time>2021-07-12T10:11:51Z</time>
      </trkpt>
      <trkpt lat="26.8163957" lon="75.8741946">
        <time>2021-07-12T10:11:54Z</time>
      </trkpt>
      <trkpt lat="26.8164992" lon="75.8741991">
        <time>2021-07-12T10:11:57Z</time>
      </trkpt>
      <trkpt lat="26.8165937" lon="75.8742135">
        <time>2021-07-12T10:12:00Z</time>
      </trkpt>
      <trkpt lat="26.8166930" lon="75.8742201">
        <time>2021-07-12T10:12:03Z</time>
      </trkpt>
      <trkpt lat="26.8167943" lon="75.8742249">
        <time>2021-07-12T10:12:06Z</time>
      </trkpt>
      <trkpt lat="26.8168994" lon="75.8742387">
        <time>2021-07-12T10:12:09Z</time>
      </trkpt>
      <trkpt lat="26.8170004" lon="75.8742617">
        <time>2021-07-12T10:12:12Z</time>
      </trkpt>
      <trkpt lat="26.8171181" lon="75.8742685">
        <time>2021-07-12T10:12:16Z</time>
      </trkpt>
      <trkpt lat="26.8172066" lon="75.8743333">
        <time>2021-07-12T10:12:21Z</time>
      </trkpt>
      <trkpt lat="26.8171567" lon="75.8744360">
        <time>2021-07-12T10:12:27Z</time>
      </trkpt>
      <trkpt lat="26.8170674" lon="75.8744126">
        <time>2021-07-12T10:12:31Z</time>
      </trkpt>
      <trkpt lat="26.8169486" lon="75.8744082">
        <time>2021-07-12T10:12:35Z</time>
      </trkpt>
      <trkpt lat="26.8168485" lon="75.8744036">
        <time>2021-07-12T10:12:38Z</time>
      </trkpt>
      <trkpt lat="26.8167337" lon="75.8743901">
        <time>2021-07-12T10:12:41Z</time>
      </trkpt>
      <trkpt lat="26.8166040" lon="75.8743726">
        <time>2021-07-12T10:12:44Z</time>
      </trkpt>
      <trkpt lat="26.8165018" lon="75.8743674">
        <time>2021-07-12T10:12:46Z</time>
      </trkpt>
      <trkpt lat="26.8163866" lon="75.8743636">
        <time>2021-07-12T10:12:48Z</time>
      </trkpt>
      <trkpt lat="26.8162665" lon="75.8743568">
        <time>2021-07-12T10:12:50Z</time>
      </trkpt>
      <trkpt lat="26.8161391" lon="75.8743464">
        <time>2021-07-12T10:12:52Z</time>
      </trkpt>
      <trkpt lat="26.8160221" lon="75.8743348">
        <time>2021-07-12T10:12:54Z</time>
      </trkpt>
      <trkpt lat="26.8159068" lon="75.8743223">
        <time>2021-07-12T10:12:56Z</time>
      </trkpt>
      <trkpt lat="26.8158037" lon="75.8743167">
        <time>2021-07-12T10:12:58Z</time>
      </trkpt>
      <trkpt lat="26.8156989" lon="75.8743190">
        <time>2021-07-12T10:13:00Z</time>
      </trkpt>
      <trkpt lat="26.8155979" lon="75.8743083">
        <time>2021-07-12T10:13:02Z</time>
      </trkpt>
      <trkpt lat="26.8154979" lon="75.8742985">
        <time>2021-07-12T10:13:04Z</time>
      </trkpt>
      <trkpt lat="26.8154043" lon="75.8742909">
        <time>2021-07-12T10:13:06Z</time>
      </trkpt>
      <trkpt lat="26.8153137" lon="75.8742822">
        <time>2021-07-12T10:13:08Z</time>
      </trkpt>
      <trkpt lat="26.8152162" lon="75.8742762">
        <time>2021-07-12T10:13:10Z</time>
      </trkpt>
      <trkpt lat="26.8151204" lon="75.8742777">
        <time>2021-07-12T10:13:12Z</time>
      </trkpt>
      <trkpt lat="26.8150163" lon="75.8742690">
        <time>2021-07-12T10:13:14Z</time>
      </trkpt>
      <trkpt lat="26.8149114" lon="75.8742577">
        <time>2021-07-12T10:13:16Z</time>
      </trkpt>
      <trkpt lat="26.8147998" lon="75.8742533">
        <time>2021-07-12T10:13:18Z</time>
      </trkpt>
      <trkpt lat="26.8146901" lon="75.8742474">
        <time>2021-07-12T10:13:20Z</time>
      </trkpt>
      <trkpt lat="26.8145858" lon="75.8742455">
        <time>2021-07-12T10:13:22Z</time>
      </trkpt>
      <trkpt lat="26.8144860" lon="75.8742406">
        <time>2021-07-12T10:13:24Z</time>
      </trkpt>
      <trkpt lat="26.8143906" lon="75.8742317">
        <time>2021-07-12T10:13:26Z</time>
      </trkpt>
      <trkpt lat="26.8142993" lon="75.8742246">
        <time>2021-07-12T10:13:28Z</time>
      </trkpt>
      <trkpt lat="26.8141645" lon="75.8742101">
        <time>2021-07-12T10:13:31Z</time>
      </trkpt>
      <trkpt lat="26.8140671" lon="75.8742003">
        <time>2021-07-12T10:13:33Z</time>
      </trkpt>
      <trkpt lat="26.8139742" lon="75.8741932">
        <time>2021-07-12T10:13:35Z</time>
      </trkpt>
      <trkpt lat="26.8138785" lon="75.8741813">
        <time>2021-07-12T10:13:37Z</time>
      </trkpt>
      <trkpt lat="26.8137860" lon="75.8741738">
        <time>2021-07-12T10:13:39Z</time>
      </trkpt>
      <trkpt lat="26.8136931" lon="75.8741663">
        <time>2021-07-12T10:13:41Z</time>
      </trkpt>
      <trkpt lat="26.8135908" lon="75.8741656">
        <time>2021-07-12T10:13:43Z</time>
      </trkpt>
      <trkpt lat="26.8134883" lon="75.8741565">
        <time>2021-07-12T10:13:45Z</time>
      </trkpt>
      <trkpt lat="26.8133749" lon="75.8741407">
        <time>2021-07-12T10:13:47Z</time>
      </trkpt>
      <trkpt lat="26.8132579" lon="75.8741314">
        <time>2021-07-12T10:13:49Z</time>
      </trkpt>
      <trkpt lat="26.8131351" lon="75.8741219">
        <time>2021-07-12T10:13:51Z</time>
      </trkpt>
      <trkpt lat="26.8130149" lon="75.8741142">
        <time>2021-07-12T10:13:53Z</time>
      </trkpt>
      <trkpt lat="26.8128883" lon="75.8741023">
        <time>2021-07-12T10:13:55Z</time>
      </trkpt>
      <trkpt lat="26.8127560" lon="75.8740971">
        <time>2021-07-12T10:13:57Z</time>
      </trkpt>
      <trkpt lat="26.8126208" lon="75.8740818">
        <time>2021-07-12T10:13:59Z</time>
      </trkpt>
      <trkpt lat="26.8124834" lon="75.8740686">
        <time>2021-07-12T10:14:01Z</time>
      </trkpt>
      <trkpt lat="26.8123447" lon="75.8740580">
        <time>2021-07-12T10:14:03Z</time>
      </trkpt>
      <trkpt lat="26.8122085" lon="75.8740464">
        <time>2021-07-12T10:14:05Z</time>
      </trkpt>
      <trkpt lat="26.8120729" lon="75.8740370">
        <time>2021-07-12T10:14:07Z</time>
      </trkpt>
      <trkpt lat="26.8119464" lon="75.8740277">
        <time>2021-07-12T10:14:09Z</time>
      </trkpt>
      <trkpt lat="26.8118296" lon="75.8740178">
        <time>2021-07-12T10:14:11Z</time>
      </trkpt>
      <trkpt lat="26.8117360" lon="75.8740184">
        <time>2021-07-12T10:14:13Z</time>
      </trkpt>
      <trkpt lat="26.8116384" lon="75.8740088">
        <time>2021-07-12T10:14:15Z</time>
      </trkpt>
      <trkpt lat="26.8115332" lon="75.8739921">
        <time>2021-07-12T10:14:17Z</time>
      </trkpt>
      <trkpt lat="26.8114199" lon="75.8739881">
        <time>2021-07-12T10:14:19Z</time>
      </trkpt>
      <trkpt lat="26.8112998" lon="75.8739769">
        <time>2021-07-12T10:14:21Z</time>
      </trkpt>
      <trkpt lat="26.8111746" lon="75.8739679">
        <time>2021-07-12T10:14:23Z</time>
      </trkpt>
      <trkpt lat="26.8110429" lon="75.8739499">
        <time>2021-07-12T10:14:25Z</time>
      </trkpt>
      <trkpt lat="26.8109105" lon="75.8739448">
        <time>2021-07-12T10:14:27Z</time>
      </trkpt>
      <trkpt lat="26.8107805" lon="75.8739423">
        <time>2021-07-12T10:14:29Z</time>
      </trkpt>
      <trkpt lat="26.8106566" lon="75.8739408">
        <time>2021-07-12T10:14:31Z</time>
      </trkpt>
      <trkpt lat="26.8105350" lon="75.8739283">
        <time>2021-07-12T10:14:33Z</time>
      </trkpt>
      <trkpt lat="26.8104184" lon="75.8739229">
        <time>2021-07-12T10:14:35Z</time>
      </trkpt>
      <trkpt lat="26.8103108" lon="75.8739167">
        <time>2021-07-12T10:14:37Z</time>
      </trkpt>
      <trkpt lat="26.8102055" lon="75.8739106">
        <time>2021-07-12T10:14:39Z</time>
      </trkpt>
      <trkpt lat="26.8100991" lon="75.8739117">
        <time>2021-07-12T10:14:41Z</time>
      </trkpt>
      <trkpt lat="26.8099920" lon="75.8739035">
        <time>2021-07-12T10:14:43Z</time>
      </trkpt>
      <trkpt lat="26.8098750" lon="75.8738908">
        <time>2021-07-12T10:14:45Z</time>
      </trkpt>
      <trkpt lat="26.8097582" lon="75.8738838">
        <time>2021-07-12T10:14:47Z</time>
      </trkpt>
      <trkpt lat="26.8096352" lon="75.8738727">
        <time>2021-07-12T10:14:49Z</time>
      </trkpt>
      <trkpt lat="26.8095113" lon="75.8738701">
        <time>2021-07-12T10:14:51Z</time>
      </trkpt>
      <trkpt lat="26.8093825" lon="75.8738579">
        <time>2021-07-12T10:14:53Z</time>
      </trkpt>
      <trkpt lat="26.8092580" lon="75.8738448">
        <time>2021-07-12T10:14:55Z</time>
      </trkpt>
      <trkpt lat="26.8091455" lon="75.8738337">
        <time>2021-07-12T10:14:57Z</time>
      </trkpt>
      <trkpt lat="26.8090344" lon="75.8738193">
        <time>2021-07-12T10:14:59Z</time>
      </trkpt>
      <trkpt lat="26.8089306" lon="75.8738087">
        <time>2021-07-12T10:15:01Z</time>
      </trkpt>
      <trkpt lat="26.8088244" lon="75.8738048">
        <time>2021-07-12T10:15:03Z</time>
      </trkpt>
      <trkpt lat="26.8087261" lon="75.8737988">
        <time>2021-07-12T10:15:05Z</time>
      </trkpt>
      <trkpt lat="26.8086193" lon="75.8737899">
        <time>2021-07-12T10:15:07Z</time>
      </trkpt>
      <trkpt lat="26.8085129" lon="75.8737823">
        <time>2021-07-12T10:15:09Z</time>
      </trkpt>
      <trkpt lat="26.8084046" lon="75.8737768">
        <time>2021-07-12T10:15:11Z</time>
      </trkpt>
      <trkpt lat="26.8082942" lon="75.8737597">
        <time>2021-07-12T10:15:13Z</time>
      </trkpt>
      <trkpt lat="26.8081865" lon="75.8737577">
        <time>2021-07-12T10:15:15Z</time>
      </trkpt>
      <trkpt lat="26.8080838" lon="75.8737538">
        <time>2021-07-12T10:15:17Z</time>
      </trkpt>
      <trkpt lat="26.8079890" lon="75.8737464">
        <time>2021-07-12T10:15:19Z</time>
      </trkpt>
      <trkpt lat="26.8078912" lon="75.8737461">
        <time>2021-07-12T10:15:21Z</time>
      </trkpt>
      <trkpt lat="26.8077921" lon="75.8737419">
        <time>2021-07-12T10:15:23Z</time>
      </trkpt>
      <trkpt lat="26.8076827" lon="75.8737340">
        <time>2021-07-12T10:15:25Z</time>
      </trkpt>
      <trkpt lat="26.8075697" lon="75.8737271">
        <time>2021-07-12T10:15:27Z</time>
      </trkpt>
      <trkpt lat="26.8074592" lon="75.8737193">
        <time>2021-07-12T10:15:29Z</time>
      </trkpt>
      <trkpt lat="26.8073484" lon="75.8737105">
        <time>2021-07-12T10:15:31Z</time>
      </trkpt>
      <trkpt lat="26.8072373" lon="75.8737043">
        <time>2021-07-12T10:15:33Z</time>
      </trkpt>
      <trkpt lat="26.8071322" lon="75.8736930">
        <time>2021-07-12T10:15:35Z</time>
      </trkpt>
      <trkpt lat="26.8070264" lon="75.8736852">
        <time>2021-07-12T10:15:37Z</time>
      </trkpt>
      <trkpt lat="26.8069203" lon="75.8736798">
        <time>2021-07-12T10:15:39Z</time>
      </trkpt>
      <trkpt lat="26.8068298" lon="75.8736733">
        <time>2021-07-12T10:15:41Z</time>
      </trkpt>
      <trkpt lat="26.8067377" lon="75.8736695">
        <time>2021-07-12T10:15:43Z</time>
      </trkpt>
      <trkpt lat="26.8066395" lon="75.8736633">
        <time>2021-07-12T10:15:45Z</time>
      </trkpt>
      <trkpt lat="26.8065476" lon="75.8736564">
        <time>2021-07-12T10:15:47Z</time>
      </trkpt>
      <trkpt lat="26.8064355" lon="75.8735902">
        <time>2021-07-12T10:15:50Z</time>
      </trkpt>
      <trkpt lat="26.8064466" lon="75.8734882">
        <time>2021-07-12T10:15:53Z</time>
      </trkpt>
      <trkpt lat="26.8065366" lon="75.8734866">
        <time>2021-07-12T10:15:56Z</time>
      </trkpt>
      <trkpt lat="26.8066423" lon="75.8734936">
        <time>2021-07-12T10:15:59Z</time>
      </trkpt>
      <trkpt lat="26.8067644" lon="75.8734952">
        <time>2021-07-12T10:16:02Z</time>
      </trkpt>
      <trkpt lat="26.8068953" lon="75.8735077">
        <time>2021-07-12T10:16:05Z</time>
      </trkpt>
      <trkpt lat="26.8069862" lon="75.8735035">
        <time>2021-07-12T10:16:07Z</time>
      </trkpt>
      <trkpt lat="26.8070787" lon="75.8735150">
        <time>2021-07-12T10:16:09Z</time>
      </trkpt>
      <trkpt lat="26.8071757" lon="75.8735198">
        <time>2021-07-12T10:16:11Z</time>
      </trkpt>
      <trkpt lat="26.8072752" lon="75.8735222">
        <time>2021-07-12T10:16:13Z</time>
      </trkpt>
      <trkpt lat="26.8073768" lon="75.8735331">
        <time>2021-07-12T10:16:15Z</time>
      </trkpt>
      <trkpt lat="26.8074747" lon="75.8735384">
        <time>2021-07-12T10:16:17Z</time>
      </trkpt>
      <trkpt lat="26.8075785" lon="75.8735454">
        <time>2021-07-12T10:16:19Z</time>
      </trkpt>
      <trkpt lat="26.8076808" lon="75.8735517">
        <time>2021-07-12T10:16:21Z</time>
      </trkpt>
      <trkpt lat="26.8077764" lon="75.8735567">
        <time>2021-07-12T10:16:23Z</time>
      </trkpt>
      <trkpt lat="26.8078984" lon="75.8735635">
        <time>2021-07-12T10:16:26Z</time>
      </trkpt>
      <trkpt lat="26.8080157" lon="75.8735730">
        <time>2021-07-12T10:16:29Z</time>
      </trkpt>
      <trkpt lat="26.8081377" lon="75.8735805">
        <time>2021-07-12T10:16:32Z</time>
      </trkpt>
      <trkpt lat="26.8082642" lon="75.8735875">
        <time>2021-07-12T10:16:35Z</time>
      </trkpt>
      <trkpt lat="26.8083932" lon="75.8735977">
        <time>2021-07-12T10:16:38Z</time>
      </trkpt>
      <trkpt lat="26.8085232" lon="75.8736059">
        <time>2021-07-12T10:16:41Z</time>
      </trkpt>
      <trkpt lat="26.8086459" lon="75.8736144">
        <time>2021-07-12T10:16:44Z</time>
      </trkpt>
      <trkpt lat="26.8087513" lon="75.8736215">
        <time>2021-07-12T10:16:47Z</time>
      </trkpt>
      <trkpt lat="26.8088536" lon="75.8736292">
        <time>2021-07-12T10:16:50Z</time>
      </trkpt>
      <trkpt lat="26.8089559" lon="75.8736335">
        <time>2021-07-12T10:16:53Z</time>
      </trkpt>
      <trkpt lat="26.8090636" lon="75.8736340">
        <time>2021-07-12T10:16:56Z</time>
      </trkpt>
      <trkpt lat="26.8091633" lon="75.8736433">
        <time>2021-07-12T10:16:59Z</time>
      </trkpt>
      <trkpt lat="26.8092680" lon="75.8736421">
        <time>2021-07-12T10:17:03Z</time>
      </trkpt>
      <trkpt lat="26.8093799" lon="75.8736501">
        <time>2021-07-12T10:17:07Z</time>
      </trkpt>
      <trkpt lat="26.8094723" lon="75.8736573">
        <time>2021-07-12T10:17:10Z</time>
      </trkpt>
      <trkpt lat="26.8095740" lon="75.8736675">
        <time>2021-07-12T10:17:13Z</time>
      </trkpt>
      <trkpt lat="26.8096732" lon="75.8736733">
        <time>2021-07-12T10:17:16Z</time>
      </trkpt>
      <trkpt lat="26.8097816" lon="75.8736925">
        <time>2021-07-12T10:17:19Z</time>
      </trkpt>
      <trkpt lat="26.8098713" lon="75.8737094">
        <time>2021-07-12T10:17:22Z</time>
      </trkpt>
      <trkpt lat="26.8099784" lon="75.8736893">
        <time>2021-07-12T10:17:26Z</time>
      </trkpt>
      <trkpt lat="26.8100918" lon="75.8737024">
        <time>2021-07-12T10:17:30Z</time>
      </trkpt>
      <trkpt lat="26.8101858" lon="75.8737046">
        <time>2021-07-12T10:17:33Z</time>
      </trkpt>
      <trkpt lat="26.8102843" lon="75.8737252">
        <time>2021-07-12T10:17:36Z</time>
      </trkpt>
      <trkpt lat="26.8103882" lon="75.8737346">
        <time>2021-07-12T10:17:39Z</time>
      </trkpt>
      <trkpt lat="26.8105031" lon="75.8737469">
        <time>2021-07-12T10:17:42Z</time>
      </trkpt>
      <trkpt lat="26.8106047" lon="75.8737606">
        <time>2021-07-12T10:17:45Z</time>
      </trkpt>
      <trkpt lat="26.8107037" lon="75.8737671">
        <time>2021-07-12T10:17:48Z</time>
      </trkpt>
      <trkpt lat="26.8108002" lon="75.8737706">
        <time>2021-07-12T10:17:51Z</time>
      </trkpt>
      <trkpt lat="26.8109030" lon="75.8737773">
        <time>2021-07-12T10:17:54Z</time>
      </trkpt>
      <trkpt lat="26.8109934" lon="75.8737897">
        <time>2021-07-12T10:17:57Z</time>
      </trkpt>
      <trkpt lat="26.8110843" lon="75.8737765">
        <time>2021-07-12T10:18:01Z</time>
      </trkpt>
      <trkpt lat="26.8111758" lon="75.8737830">
        <time>2021-07-12T10:18:05Z</time>
      </trkpt>
      <trkpt lat="26.8112828" lon="75.8738111">
        <time>2021-07-12T10:18:09Z</time>
      </trkpt>
      <trkpt lat="26.8113975" lon="75.8738099">
        <time>2021-07-12T10:18:13Z</time>
      </trkpt>
      <trkpt lat="26.8115097" lon="75.8738221">
        <time>2021-07-12T10:18:17Z</time>
      </trkpt>
      <trkpt lat="26.8116203" lon="75.8738337">
        <time>2021-07-12T10:18:21Z</time>
      </trkpt>
      <trkpt lat="26.8117290" lon="75.8738550">
        <time>2021-07-12T10:18:25Z</time>
      </trkpt>
      <trkpt lat="26.8118215" lon="75.8738611">
        <time>2021-07-12T10:18:29Z</time>
      </trkpt>
      <trkpt lat="26.8119434" lon="75.8738948">
        <time>2021-07-12T10:19:42Z</time>
      </trkpt>
      <trkpt lat="26.8120354" lon="75.8739182">
        <time>2021-07-12T10:19:46Z</time>
      </trkpt>
      <trkpt lat="26.8121512" lon="75.8739267">
        <time>2021-07-12T10:19:50Z</time>
      </trkpt>
      <trkpt lat="26.8122459" lon="75.8739453">
        <time>2021-07-12T10:19:53Z</time>
      </trkpt>
      <trkpt lat="26.8123474" lon="75.8739499">
        <time>2021-07-12T10:19:56Z</time>
      </trkpt>
      <trkpt lat="26.8124503" lon="75.8739551">
        <time>2021-07-12T10:19:59Z</time>
      </trkpt>
      <trkpt lat="26.8125622" lon="75.8739584">
        <time>2021-07-12T10:20:02Z</time>
      </trkpt>
      <trkpt lat="26.8126825" lon="75.8739587">
        <time>2021-07-12T10:20:05Z</time>
      </trkpt>
      <trkpt lat="26.8128095" lon="75.8739662">
        <time>2021-07-12T10:20:08Z</time>
      </trkpt>
      <trkpt lat="26.8129263" lon="75.8739675">
        <time>2021-07-12T10:20:11Z</time>
      </trkpt>
      <trkpt lat="26.8130329" lon="75.8739678">
        <time>2021-07-12T10:20:14Z</time>
      </trkpt>
      <trkpt lat="26.8131453" lon="75.8739709">
        <time>2021-07-12T10:20:17Z</time>
      </trkpt>
      <trkpt lat="26.8132496" lon="75.8739726">
        <time>2021-07-12T10:20:20Z</time>
      </trkpt>
      <trkpt lat="26.8133438" lon="75.8739760">
        <time>2021-07-12T10:20:23Z</time>
      </trkpt>
      <trkpt lat="26.8134444" lon="75.8739839">
        <time>2021-07-12T10:20:26Z</time>
      </trkpt>
      <trkpt lat="26.8135360" lon="75.8739997">
        <time>2021-07-12T10:20:29Z</time>
      </trkpt>
      <trkpt lat="26.8136291" lon="75.8740217">
        <time>2021-07-12T10:20:32Z</time>
      </trkpt>
      <trkpt lat="26.8137251" lon="75.8740170">
        <time>2021-07-12T10:20:35Z</time>
      </trkpt>
      <trkpt lat="26.8138236" lon="75.8740213">
        <time>2021-07-12T10:20:38Z</time>
      </trkpt>
      <trkpt lat="26.8139307" lon="75.8740130">
        <time>2021-07-12T10:20:41Z</time>
      </trkpt>
      <trkpt lat="26.8140266" lon="75.8740127">
        <time>2021-07-12T10:20:44Z</time>
      </trkpt>
      <trkpt lat="26.8141474" lon="75.8740226">
        <time>2021-07-12T10:20:48Z</time>
      </trkpt>
      <trkpt lat="26.8142472" lon="75.8740292">
        <time>2021-07-12T10:20:51Z</time>
      </trkpt>
      <trkpt lat="26.8143526" lon="75.8740323">
        <time>2021-07-12T10:20:54Z</time>
      </trkpt>
      <trkpt lat="26.8144545" lon="75.8740352">
        <time>2021-07-12T10:20:57Z</time>
      </trkpt>
      <trkpt lat="26.8145483" lon="75.8740465">
        <time>2021-07-12T10:21:00Z</time>
      </trkpt>
      <trkpt lat="26.8146459" lon="75.8740486">
        <time>2021-07-12T10:21:03Z</time>
      </trkpt>
      <trkpt lat="26.8147412" lon="75.8740563">
        <time>2021-07-12T10:21:06Z</time>
      </trkpt>
      <trkpt lat="26.8148380" lon="75.8740622">
        <time>2021-07-12T10:21:09Z</time>
      </trkpt>
      <trkpt lat="26.8149368" lon="75.8740655">
        <time>2021-07-12T10:21:12Z</time>
      </trkpt>
      <trkpt lat="26.8150438" lon="75.8740707">
        <time>2021-07-12T10:21:15Z</time>
      </trkpt>
      <trkpt lat="26.8151455" lon="75.8740817">
        <time>2021-07-12T10:21:18Z</time>
      </trkpt>
      <trkpt lat="26.8152526" lon="75.8740942">
        <time>2021-07-12T10:21:21Z</time>
      </trkpt>
      <trkpt lat="26.8153622" lon="75.8741004">
        <time>2021-07-12T10:21:24Z</time>
      </trkpt>
      <trkpt lat="26.8154640" lon="75.8741094">
        <time>2021-07-12T10:21:27Z</time>
      </trkpt>
      <trkpt lat="26.8155789" lon="75.8741161">
        <time>2021-07-12T10:21:31Z</time>
      </trkpt>
      <trkpt lat="26.8156992" lon="75.8740959">
        <time>2021-07-12T10:21:34Z</time>
      </trkpt>
      <trkpt lat="26.8158007" lon="75.8741060">
        <time>2021-07-12T10:21:37Z</time>
      </trkpt>
      <trkpt lat="26.8159061" lon="75.8741295">
        <time>2021-07-12T10:21:40Z</time>
      </trkpt>
      <trkpt lat="26.8160027" lon="75.8741509">
        <time>2021-07-12T10:21:43Z</time>
      </trkpt>
      <trkpt lat="26.8161232" lon="75.8741579">
        <time>2021-07-12T10:21:47Z</time>
      </trkpt>
      <trkpt lat="26.8162190" lon="75.8741665">
        <time>2021-07-12T10:21:50Z</time>
      </trkpt>
      <trkpt lat="26.8163218" lon="75.8741613">
        <time>2021-07-12T10:21:53Z</time>
      </trkpt>
      <trkpt lat="26.8164337" lon="75.8741690">
        <time>2021-07-12T10:21:56Z</time>
      </trkpt>
      <trkpt lat="26.8165463" lon="75.8741821">
        <time>2021-07-12T10:21:59Z</time>
      </trkpt>
      <trkpt lat="26.8166465" lon="75.8741987">
        <time>2021-07-12T10:22:02Z</time>
      </trkpt>
      <trkpt lat="26.8167569" lon="75.8742068">
        <time>2021-07-12T10:22:05Z</time>
      </trkpt>
      <trkpt lat="26.8168586" lon="75.8742136">
        <time>2021-07-12T10:22:08Z</time>
      </trkpt>
      <trkpt lat="26.8169703" lon="75.8742034">
        <time>2021-07-12T10:22:11Z</time>
      </trkpt>
      <trkpt lat="26.8170756" lon="75.8742194">
        <time>2021-07-12T10:22:15Z</time>
      </trkpt>
      <trkpt lat="26.8171668" lon="75.8742788">
        <time>2021-07-12T10:22:20Z</time>
      </trkpt>
      <trkpt lat="26.8171451" lon="75.8743789">
        <time>2021-07-12T10:22:25Z</time>
      </trkpt>
      <trkpt lat="26.8170482" lon="75.8743990">
        <time>2021-07-12T10:22:29Z</time>
      </trkpt>
      <trkpt lat="26.8169326" lon="75.8743996">
        <time>2021-07-12T10:22:33Z</time>
      </trkpt>
      <trkpt lat="26.8168404" lon="75.8743970">
        <time>2021-07-12T10:22:36Z</time>
      </trkpt>
      <trkpt lat="26.8167383" lon="75.8743945">
        <time>2021-07-12T10:22:39Z</time>
      </trkpt>
      <trkpt lat="26.8166245" lon="75.8743905">
        <time>2021-07-12T10:22:42Z</time>
      </trkpt>
      <trkpt lat="26.8165111" lon="75.8743870">
        <time>2021-07-12T10:22:45Z</time>
      </trkpt>
      <trkpt lat="26.8163967" lon="75.8743810">
        <time>2021-07-12T10:22:48Z</time>
      </trkpt>
      <trkpt lat="26.8162697" lon="75.8743652">
        <time>2021-07-12T10:22:51Z</time>
      </trkpt>
      <trkpt lat="26.8161442" lon="75.8743614">
        <time>2021-07-12T10:22:54Z</time>
      </trkpt>
      <trkpt lat="26.8160148" lon="75.8743536">
        <time>2021-07-12T10:22:57Z</time>
      </trkpt>
      <trkpt lat="26.8158895" lon="75.8743367">
        <time>2021-07-12T10:23:00Z</time>
      </trkpt>
      <trkpt lat="26.8157718" lon="75.8743253">
        <time>2021-07-12T10:23:03Z</time>
      </trkpt>
      <trkpt lat="26.8156741" lon="75.8743186">
        <time>2021-07-12T10:23:05Z</time>
      </trkpt>
      <trkpt lat="26.8155590" lon="75.8743036">
        <time>2021-07-12T10:23:08Z</time>
      </trkpt>
      <trkpt lat="26.8154319" lon="75.8742922">
        <time>2021-07-12T10:23:11Z</time>
      </trkpt>
      <trkpt lat="26.8153104" lon="75.8742802">
        <time>2021-07-12T10:23:14Z</time>
      </trkpt>
      <trkpt lat="26.8151859" lon="75.8742702">
        <time>2021-07-12T10:23:17Z</time>
      </trkpt>
      <trkpt lat="26.8150942" lon="75.8742625">
        <time>2021-07-12T10:23:19Z</time>
      </trkpt>
      <trkpt lat="26.8149207" lon="75.8742582">
        <time>2021-07-12T10:23:23Z</time>
      </trkpt>
      <trkpt lat="26.8148043" lon="75.8742509">
        <time>2021-07-12T10:23:26Z</time>
      </trkpt>
      <trkpt lat="26.8146951" lon="75.8742449">
        <time>2021-07-12T10:23:29Z</time>
      </trkpt>
      <trkpt lat="26.8145847" lon="75.8742414">
        <time>2021-07-12T10:23:32Z</time>
      </trkpt>
      <trkpt lat="26.8144802" lon="75.8742330">
        <time>2021-07-12T10:23:35Z</time>
      </trkpt>
      <trkpt lat="26.8143801" lon="75.8742245">
        <time>2021-07-12T10:23:38Z</time>
      </trkpt>
      <trkpt lat="26.8142747" lon="75.8742090">
        <time>2021-07-12T10:23:41Z</time>
      </trkpt>
      <trkpt lat="26.8141554" lon="75.8742099">
        <time>2021-07-12T10:23:44Z</time>
      </trkpt>
      <trkpt lat="26.8140358" lon="75.8742022">
        <time>2021-07-12T10:23:47Z</time>
      </trkpt>
      <trkpt lat="26.8139221" lon="75.8741950">
        <time>2021-07-12T10:23:50Z</time>
      </trkpt>
      <trkpt lat="26.8137983" lon="75.8741799">
        <time>2021-07-12T10:23:53Z</time>
      </trkpt>
      <trkpt lat="26.8136987" lon="75.8741710">
        <time>2021-07-12T10:23:56Z</time>
      </trkpt>
      <trkpt lat="26.8135835" lon="75.8741671">
        <time>2021-07-12T10:23:59Z</time>
      </trkpt>
      <trkpt lat="26.8134536" lon="75.8741545">
        <time>2021-07-12T10:24:02Z</time>
      </trkpt>
      <trkpt lat="26.8133532" lon="75.8741479">
        <time>2021-07-12T10:24:04Z</time>
      </trkpt>
      <trkpt lat="26.8132476" lon="75.8741423">
        <time>2021-07-12T10:24:06Z</time>
      </trkpt>
      <trkpt lat="26.8131379" lon="75.8741351">
        <time>2021-07-12T10:24:08Z</time>
      </trkpt>
      <trkpt lat="26.8130265" lon="75.8741305">
        <time>2021-07-12T10:24:10Z</time>
      </trkpt>
      <trkpt lat="26.8129162" lon="75.8741189">
        <time>2021-07-12T10:24:12Z</time>
      </trkpt>
      <trkpt lat="26.8128022" lon="75.8741129">
        <time>2021-07-12T10:24:14Z</time>
      </trkpt>
      <trkpt lat="26.8126889" lon="75.8741068">
        <time>2021-07-12T10:24:16Z</time>
      </trkpt>
      <trkpt lat="26.8125795" lon="75.8740984">
        <time>2021-07-12T10:24:18Z</time>
      </trkpt>
      <trkpt lat="26.8124741" lon="75.8740891">
        <time>2021-07-12T10:24:20Z</time>
      </trkpt>
      <trkpt lat="26.8123774" lon="75.8740760">
        <time>2021-07-12T10:24:22Z</time>
      </trkpt>
      <trkpt lat="26.8122791" lon="75.8740715">
        <time>2021-07-12T10:24:24Z</time>
      </trkpt>
      <trkpt lat="26.8121822" lon="75.8740659">
        <time>2021-07-12T10:24:26Z</time>
      </trkpt>
      <trkpt lat="26.8120857" lon="75.8740646">
        <time>2021-07-12T10:24:28Z</time>
      </trkpt>
      <trkpt lat="26.8119936" lon="75.8740562">
        <time>2021-07-12T10:24:30Z</time>
      </trkpt>
      <trkpt lat="26.8119038" lon="75.8740471">
        <time>2021-07-12T10:24:32Z</time>
      </trkpt>
      <trkpt lat="26.8117760" lon="75.8740401">
        <time>2021-07-12T10:24:35Z</time>
      </trkpt>
      <trkpt lat="26.8116615" lon="75.8740333">
        <time>2021-07-12T10:24:38Z</time>
      </trkpt>
      <trkpt lat="26.8115548" lon="75.8740170">
        <time>2021-07-12T10:24:41Z</time>
      </trkpt>
      <trkpt lat="26.8114394" lon="75.8740121">
        <time>2021-07-12T10:24:44Z</time>
      </trkpt>
      <trkpt lat="26.8113188" lon="75.8740009">
        <time>2021-07-12T10:24:47Z</time>
      </trkpt>
      <trkpt lat="26.8112260" lon="75.8739952">
        <time>2021-07-12T10:24:49Z</time>
      </trkpt>
      <trkpt lat="26.8111279" lon="75.8739897">
        <time>2021-07-12T10:24:51Z</time>
      </trkpt>
      <trkpt lat="26.8110309" lon="75.8739828">
        <time>2021-07-12T10:24:53Z</time>
      </trkpt>
      <trkpt lat="26.8108989" lon="75.8739754">
        <time>2021-07-12T10:24:56Z</time>
      </trkpt>
      <trkpt lat="26.8107784" lon="75.8739723">
        <time>2021-07-12T10:24:59Z</time>
      </trkpt>
      <trkpt lat="26.8106590" lon="75.8739647">
        <time>2021-07-12T10:25:02Z</time>
      </trkpt>
      <trkpt lat="26.8105477" lon="75.8739545">
        <time>2021-07-12T10:25:05Z</time>
      </trkpt>
      <trkpt lat="26.8104462" lon="75.8739403">
        <time>2021-07-12T10:25:08Z</time>
      </trkpt>
      <trkpt lat="26.8103506" lon="75.8739358">
        <time>2021-07-12T10:25:11Z</time>
      </trkpt>
      <trkpt lat="26.8102500" lon="75.8739282">
        <time>2021-07-12T10:25:14Z</time>
      </trkpt>
      <trkpt lat="26.8101414" lon="75.8739221">
        <time>2021-07-12T10:25:17Z</time>
      </trkpt>
      <trkpt lat="26.8100293" lon="75.8739175">
        <time>2021-07-12T10:25:20Z</time>
      </trkpt>
      <trkpt lat="26.8099082" lon="75.8739070">
        <time>2021-07-12T10:25:23Z</time>
      </trkpt>
      <trkpt lat="26.8097803" lon="75.8739032">
        <time>2021-07-12T10:25:26Z</time>
      </trkpt>
      <trkpt lat="26.8096486" lon="75.8738916">
        <time>2021-07-12T10:25:29Z</time>
      </trkpt>
      <trkpt lat="26.8095256" lon="75.8738864">
        <time>2021-07-12T10:25:32Z</time>
      </trkpt>
      <trkpt lat="26.8094107" lon="75.8738757">
        <time>2021-07-12T10:25:35Z</time>
      </trkpt>
      <trkpt lat="26.8092993" lon="75.8738685">
        <time>2021-07-12T10:25:38Z</time>
      </trkpt>
      <trkpt lat="26.8092060" lon="75.8738658">
        <time>2021-07-12T10:25:40Z</time>
      </trkpt>
      <trkpt lat="26.8091103" lon="75.8738539">
        <time>2021-07-12T10:25:43Z</time>
      </trkpt>
      <trkpt lat="26.8090137" lon="75.8738528">
        <time>2021-07-12T10:25:46Z</time>
      </trkpt>
      <trkpt lat="26.8089044" lon="75.8738451">
        <time>2021-07-12T10:25:49Z</time>
      </trkpt>
      <trkpt lat="26.8087887" lon="75.8738355">
        <time>2021-07-12T10:25:52Z</time>
      </trkpt>
      <trkpt lat="26.8086632" lon="75.8738329">
        <time>2021-07-12T10:25:55Z</time>
      </trkpt>
      <trkpt lat="26.8085448" lon="75.8738178">
        <time>2021-07-12T10:25:58Z</time>
      </trkpt>
      <trkpt lat="26.8084321" lon="75.8738082">
        <time>2021-07-12T10:26:01Z</time>
      </trkpt>
      <trkpt lat="26.8083247" lon="75.8737979">
        <time>2021-07-12T10:26:04Z</time>
      </trkpt>
      <trkpt lat="26.8082330" lon="75.8737978">
        <time>2021-07-12T10:26:06Z</time>
      </trkpt>
      <trkpt lat="26.8081155" lon="75.8737848">
        <time>2021-07-12T10:26:10Z</time>
      </trkpt>
      <trkpt lat="26.8080003" lon="75.8737753">
        <time>2021-07-12T10:26:14Z</time>
      </trkpt>
      <trkpt lat="26.8078915" lon="75.8737690">
        <time>2021-07-12T10:26:18Z</time>
      </trkpt>
      <trkpt lat="26.8077871" lon="75.8737610">
        <time>2021-07-12T10:26:22Z</time>
      </trkpt>
      <trkpt lat="26.8076968" lon="75.8737549">
        <time>2021-07-12T10:26:25Z</time>
      </trkpt>
      <trkpt lat="26.8075899" lon="75.8737504">
        <time>2021-07-12T10:26:28Z</time>
      </trkpt>
      <trkpt lat="26.8074691" lon="75.8737332">
        <time>2021-07-12T10:26:31Z</time>
      </trkpt>
      <trkpt lat="26.8073774" lon="75.8737320">
        <time>2021-07-12T10:26:33Z</time>
      </trkpt>
      <trkpt lat="26.8072845" lon="75.8737221">
        <time>2021-07-12T10:26:35Z</time>
      </trkpt>
      <trkpt lat="26.8071861" lon="75.8737169">
        <time>2021-07-12T10:26:37Z</time>
      </trkpt>
      <trkpt lat="26.8070779" lon="75.8737109">
        <time>2021-07-12T10:26:39Z</time>
      </trkpt>
      <trkpt lat="26.8069753" lon="75.8736952">
        <time>2021-07-12T10:26:41Z</time>
      </trkpt>
      <trkpt lat="26.8068672" lon="75.8736789">
        <time>2021-07-12T10:26:43Z</time>
      </trkpt>
      <trkpt lat="26.8067544" lon="75.8736785">
        <time>2021-07-12T10:26:45Z</time>
      </trkpt>
      <trkpt lat="26.8066453" lon="75.8736720">
        <time>2021-07-12T10:26:47Z</time>
      </trkpt>
      <trkpt lat="26.8065420" lon="75.8736639">
        <time>2021-07-12T10:26:49Z</time>
      </trkpt>
      <trkpt lat="26.8064394" lon="75.8736585">
        <time>2021-07-12T10:26:51Z</time>
      </trkpt>
      <trkpt lat="26.8063424" lon="75.8736493">
        <time>2021-07-12T10:26:53Z</time>
      </trkpt>
      <trkpt lat="26.8062099" lon="75.8736439">
        <time>2021-07-12T10:26:56Z</time>
      </trkpt>
      <trkpt lat="26.8061161" lon="75.8736365">
        <time>2021-07-12T10:26:58Z</time>
      </trkpt>
      <trkpt lat="26.8060220" lon="75.8736243">
        <time>2021-07-12T10:27:00Z</time>
      </trkpt>
      <trkpt lat="26.8059210" lon="75.8736167">
        <time>2021-07-12T10:27:02Z</time>
      </trkpt>
      <trkpt lat="26.8058214" lon="75.8736066">
        <time>2021-07-12T10:27:04Z</time>
      </trkpt>
      <trkpt lat="26.8057192" lon="75.8735965">
        <time>2021-07-12T10:27:06Z</time>
      </trkpt>
      <trkpt lat="26.8056148" lon="75.8735870">
        <time>2021-07-12T10:27:08Z</time>
      </trkpt>
      <trkpt lat="26.8055088" lon="75.8735777">
        <time>2021-07-12T10:27:10Z</time>
      </trkpt>
      <trkpt lat="26.8053994" lon="75.8735692">
        <time>2021-07-12T10:27:12Z</time>
      </trkpt>
      <trkpt lat="26.8052936" lon="75.8735691">
        <time>2021-07-12T10:27:14Z</time>
      </trkpt>
      <trkpt lat="26.8051945" lon="75.8735657">
        <time>2021-07-12T10:27:16Z</time>
      </trkpt>
      <trkpt lat="26.8050935" lon="75.8735608">
        <time>2021-07-12T10:27:18Z</time>
      </trkpt>
      <trkpt lat="26.8050012" lon="75.8735583">
        <time>2021-07-12T10:27:20Z</time>
      </trkpt>
      <trkpt lat="26.8048710" lon="75.8735482">
        <time>2021-07-12T10:27:23Z</time>
      </trkpt>
      <trkpt lat="26.8047468" lon="75.8735395">
        <time>2021-07-12T10:27:26Z</time>
      </trkpt>
      <trkpt lat="26.8046293" lon="75.8735308">
        <time>2021-07-12T10:27:29Z</time>
      </trkpt>
      <trkpt lat="26.8045267" lon="75.8735198">
        <time>2021-07-12T10:27:32Z</time>
      </trkpt>
      <trkpt lat="26.8044271" lon="75.8735034">
        <time>2021-07-12T10:27:35Z</time>
      </trkpt>
      <trkpt lat="26.8043332" lon="75.8734693">
        <time>2021-07-12T10:27:38Z</time>
      </trkpt>
      <trkpt lat="26.8042206" lon="75.8734246">
        <time>2021-07-12T10:27:41Z</time>
      </trkpt>
      <trkpt lat="26.8041165" lon="75.8733764">
        <time>2021-07-12T10:27:44Z</time>
      </trkpt>
      <trkpt lat="26.8040199" lon="75.8733314">
        <time>2021-07-12T10:27:47Z</time>
      </trkpt>
      <trkpt lat="26.8039199" lon="75.8732787">
        <time>2021-07-12T10:27:50Z</time>
      </trkpt>
      <trkpt lat="26.8038142" lon="75.8732218">
        <time>2021-07-12T10:27:53Z</time>
      </trkpt>
      <trkpt lat="26.8037033" lon="75.8731683">
        <time>2021-07-12T10:27:56Z</time>
      </trkpt>
      <trkpt lat="26.8035882" lon="75.8731312">
        <time>2021-07-12T10:27:59Z</time>
      </trkpt>
      <trkpt lat="26.8034887" lon="75.8730824">
        <time>2021-07-12T10:28:02Z</time>
      </trkpt>
      <trkpt lat="26.8033969" lon="75.8730339">
        <time>2021-07-12T10:28:05Z</time>
      </trkpt>
      <trkpt lat="26.8033300" lon="75.8729365">
        <time>2021-07-12T10:28:09Z</time>
      </trkpt>
      <trkpt lat="26.8034152" lon="75.8728806">
        <time>2021-07-12T10:28:13Z</time>
      </trkpt>
      <trkpt lat="26.8035249" lon="75.8729126">
        <time>2021-07-12T10:28:17Z</time>
      </trkpt>
      <trkpt lat="26.8036143" lon="75.8729552">
        <time>2021-07-12T10:28:20Z</time>
      </trkpt>
      <trkpt lat="26.8036949" lon="75.8730095">
        <time>2021-07-12T10:28:23Z</time>
      </trkpt>
      <trkpt lat="26.8037845" lon="75.8730511">
        <time>2021-07-12T10:28:26Z</time>
      </trkpt>
      <trkpt lat="26.8038758" lon="75.8730999">
        <time>2021-07-12T10:28:29Z</time>
      </trkpt>
      <trkpt lat="26.8039663" lon="75.8731389">
        <time>2021-07-12T10:28:32Z</time>
      </trkpt>
      <trkpt lat="26.8040622" lon="75.8731740">
        <time>2021-07-12T10:28:35Z</time>
      </trkpt>
      <trkpt lat="26.8041567" lon="75.8732167">
        <time>2021-07-12T10:28:38Z</time>
      </trkpt>
      <trkpt lat="26.8042493" lon="75.8732713">
        <time>2021-07-12T10:28:41Z</time>
      </trkpt>
      <trkpt lat="26.8043337" lon="75.8733094">
        <time>2021-07-12T10:28:44Z</time>
      </trkpt>
      <trkpt lat="26.8044330" lon="75.8733409">
        <time>2021-07-12T10:28:48Z</time>
      </trkpt>
      <trkpt lat="26.8045423" lon="75.8733567">
        <time>2021-07-12T10:28:53Z</time>
      </trkpt>
      <trkpt lat="26.8046459" lon="75.8733351">
        <time>2021-07-12T10:28:58Z</time>
      </trkpt>
      <trkpt lat="26.8047372" lon="75.8733641">
        <time>2021-07-12T10:29:02Z</time>
      </trkpt>
      <trkpt lat="26.8048456" lon="75.8733783">
        <time>2021-07-12T10:29:06Z</time>
      </trkpt>
      <trkpt lat="26.8049584" lon="75.8733678">
        <time>2021-07-12T10:29:10Z</time>
      </trkpt>
      <trkpt lat="26.8050523" lon="75.8733695">
        <time>2021-07-12T10:29:13Z</time>
      </trkpt>
      <trkpt lat="26.8051462" lon="75.8733796">
        <time>2021-07-12T10:29:16Z</time>
      </trkpt>
      <trkpt lat="26.8052381" lon="75.8733881">
        <time>2021-07-12T10:29:19Z</time>
      </trkpt>
      <trkpt lat="26.8053353" lon="75.8733953">
        <time>2021-07-12T10:29:23Z</time>
      </trkpt>
      <trkpt lat="26.8051643" lon="75.8733852">
        <time>2021-07-12T10:29:37Z</time>
      </trkpt>
      <trkpt lat="26.8050404" lon="75.8733729">
        <time>2021-07-12T10:29:41Z</time>
      </trkpt>
      <trkpt lat="26.8049232" lon="75.8733690">
        <time>2021-07-12T10:29:44Z</time>
      </trkpt>
      <trkpt lat="26.8048017" lon="75.8733649">
        <time>2021-07-12T10:29:47Z</time>
      </trkpt>
      <trkpt lat="26.8046800" lon="75.8733534">
        <time>2021-07-12T10:29:50Z</time>
      </trkpt>
      <trkpt lat="26.8045671" lon="75.8733444">
        <time>2021-07-12T10:29:53Z</time>
      </trkpt>
      <trkpt lat="26.8044546" lon="75.8733323">
        <time>2021-07-12T10:29:56Z</time>
      </trkpt>
      <trkpt lat="26.8043386" lon="75.8732961">
        <time>2021-07-12T10:29:59Z</time>
      </trkpt>
      <trkpt lat="26.8042160" lon="75.8732413">
        <time>2021-07-12T10:30:02Z</time>
      </trkpt>
      <trkpt lat="26.8041292" lon="75.8732073">
        <time>2021-07-12T10:30:04Z</time>
      </trkpt>
      <trkpt lat="26.8040439" lon="75.8731720">
        <time>2021-07-12T10:30:06Z</time>
      </trkpt>
      <trkpt lat="26.8039551" lon="75.8731336">
        <time>2021-07-12T10:30:08Z</time>
      </trkpt>
      <trkpt lat="26.8038675" lon="75.8730905">
        <time>2021-07-12T10:30:10Z</time>
      </trkpt>
      <trkpt lat="26.8037838" lon="75.8730497">
        <time>2021-07-12T10:30:12Z</time>
      </trkpt>
      <trkpt lat="26.8036716" lon="75.8730326">
        <time>2021-07-12T10:30:14Z</time>
      </trkpt>
      <trkpt lat="26.8035596" lon="75.8729716">
        <time>2021-07-12T10:30:17Z</time>
      </trkpt>
      <trkpt lat="26.8034501" lon="75.8729246">
        <time>2021-07-12T10:30:20Z</time>
      </trkpt>
      <trkpt lat="26.8033475" lon="75.8728906">
        <time>2021-07-12T10:30:23Z</time>
      </trkpt>
      <trkpt lat="26.8032472" lon="75.8728427">
        <time>2021-07-12T10:30:26Z</time>
      </trkpt>
      <trkpt lat="26.8031792" lon="75.8727299">
        <time>2021-07-12T10:30:29Z</time>
      </trkpt>
      <trkpt lat="26.8031783" lon="75.8726227">
        <time>2021-07-12T10:30:31Z</time>
      </trkpt>
      <trkpt lat="26.8031762" lon="75.8725217">
        <time>2021-07-12T10:30:33Z</time>
      </trkpt>
      <trkpt lat="26.8031793" lon="75.8724115">
        <time>2021-07-12T10:30:35Z</time>
      </trkpt>
      <trkpt lat="26.8031868" lon="75.8722983">
        <time>2021-07-12T10:30:37Z</time>
      </trkpt>
      <trkpt lat="26.8031839" lon="75.8721831">
        <time>2021-07-12T10:30:39Z</time>
      </trkpt>
      <trkpt lat="26.8031824" lon="75.8720599">
        <time>2021-07-12T10:30:41Z</time>
      </trkpt>
      <trkpt lat="26.8031880" lon="75.8719354">
        <time>2021-07-12T10:30:43Z</time>
      </trkpt>
      <trkpt lat="26.8031940" lon="75.8718155">
        <time>2021-07-12T10:30:45Z</time>
      </trkpt>
      <trkpt lat="26.8031964" lon="75.8717050">
        <time>2021-07-12T10:30:47Z</time>
      </trkpt>
      <trkpt lat="26.8032000" lon="75.8716008">
        <time>2021-07-12T10:30:49Z</time>
      </trkpt>
      <trkpt lat="26.8032046" lon="75.8714958">
        <time>2021-07-12T10:30:51Z</time>
      </trkpt>
      <trkpt lat="26.8032107" lon="75.8713947">
        <time>2021-07-12T10:30:53Z</time>
      </trkpt>
      <trkpt lat="26.8032160" lon="75.8712549">
        <time>2021-07-12T10:30:56Z</time>
      </trkpt>
      <trkpt lat="26.8032212" lon="75.8711185">
        <time>2021-07-12T10:30:59Z</time>
      </trkpt>
      <trkpt lat="26.8032216" lon="75.8709828">
        <time>2021-07-12T10:31:02Z</time>
      </trkpt>
      <trkpt lat="26.8032543" lon="75.8708640">
        <time>2021-07-12T10:31:05Z</time>
      </trkpt>
      <trkpt lat="26.8033668" lon="75.8708514">
        <time>2021-07-12T10:31:08Z</time>
      </trkpt>
      <trkpt lat="26.8034670" lon="75.8708284">
        <time>2021-07-12T10:31:11Z</time>
      </trkpt>
      <trkpt lat="26.8035697" lon="75.8708364">
        <time>2021-07-12T10:31:14Z</time>
      </trkpt>
      <trkpt lat="26.8036688" lon="75.8708603">
        <time>2021-07-12T10:31:17Z</time>
      </trkpt>
      <trkpt lat="26.8037740" lon="75.8708604">
        <time>2021-07-12T10:31:20Z</time>
      </trkpt>
      <trkpt lat="26.8038680" lon="75.8708590">
        <time>2021-07-12T10:31:23Z</time>
      </trkpt>
      <trkpt lat="26.8039760" lon="75.8708378">
        <time>2021-07-12T10:31:27Z</time>
      </trkpt>
      <trkpt lat="26.8040836" lon="75.8708290">
        <time>2021-07-12T10:31:32Z</time>
      </trkpt>
      <trkpt lat="26.8041911" lon="75.8708334">
        <time>2021-07-12T10:31:37Z</time>
      </trkpt>
      <trkpt lat="26.8042826" lon="75.8708436">
        <time>2021-07-12T10:31:41Z</time>
      </trkpt>
      <trkpt lat="26.8043940" lon="75.8708561">
        <time>2021-07-12T10:31:45Z</time>
      </trkpt>
      <trkpt lat="26.8045035" lon="75.8708455">
        <time>2021-07-12T10:31:50Z</time>
      </trkpt>
      <trkpt lat="26.8046138" lon="75.8708483">
        <time>2021-07-12T10:31:55Z</time>
      </trkpt>
      <trkpt lat="26.8047136" lon="75.8708512">
        <time>2021-07-12T10:32:00Z</time>
      </trkpt>
      <trkpt lat="26.8048037" lon="75.8708546">
        <time>2021-07-12T10:32:04Z</time>
      </trkpt>
    </trkseg>
  </trk>
  <trk>
    <name>20200106_091016.gpx</name>
    <desc>JAI takeoff</desc>
    <url>/user/Yashsvi%20Dixit/traces/3409882</url>
    <trkseg>
      <trkpt lat="26.8255297" lon="75.8160225">
        <time>2020-01-06T03:40:16Z</time>
      </trkpt>
      <trkpt lat="26.8254687" lon="75.8160074">
        <time>2020-01-06T03:40:17Z</time>
      </trkpt>
      <trkpt lat="26.8254200" lon="75.8159747">
        <time>2020-01-06T03:40:18Z</time>
      </trkpt>
      <trkpt lat="26.8253894" lon="75.8159855">
        <time>2020-01-06T03:40:19Z</time>
      </trkpt>
      <trkpt lat="26.8253559" lon="75.8159953">
        <time>2020-01-06T03:40:20Z</time>
      </trkpt>
      <trkpt lat="26.8253153" lon="75.8159964">
        <time>2020-01-06T03:40:21Z</time>
      </trkpt>
      <trkpt lat="26.8252727" lon="75.8159969">
        <time>2020-01-06T03:40:22Z</time>
      </trkpt>
      <trkpt lat="26.8252309" lon="75.8159991">
        <time>2020-01-06T03:40:23Z</time>
      </trkpt>
      <trkpt lat="26.8251854" lon="75.8159997">
        <time>2020-01-06T03:40:24Z</time>
      </trkpt>
      <trkpt lat="26.8251352" lon="75.8160037">
        <time>2020-01-06T03:40:25Z</time>
      </trkpt>
      <trkpt lat="26.8250885" lon="75.8160110">
        <time>2020-01-06T03:40:26Z</time>
      </trkpt>
      <trkpt lat="26.8250380" lon="75.8160204">
        <time>2020-01-06T03:40:27Z</time>
      </trkpt>
      <trkpt lat="26.8249888" lon="75.8160371">
        <time>2020-01-06T03:40:28Z</time>
      </trkpt>
      <trkpt lat="26.8249406" lon="75.8160571">
        <time>2020-01-06T03:40:29Z</time>
      </trkpt>
      <trkpt lat="26.8248941" lon="75.8160863">
        <time>2020-01-06T03:40:30Z</time>
      </trkpt>
      <trkpt lat="26.8248560" lon="75.8161255">
        <time>2020-01-06T03:40:31Z</time>
      </trkpt>
      <trkpt lat="26.8248162" lon="75.8161683">
        <time>2020-01-06T03:40:32Z</time>
      </trkpt>
      <trkpt lat="26.8247833" lon="75.8162128">
        <time>2020-01-06T03:40:33Z</time>
      </trkpt>
      <trkpt lat="26.8247537" lon="75.8162600">
        <time>2020-01-06T03:40:34Z</time>
      </trkpt>
      <trkpt lat="26.8247269" lon="75.8163190">
        <time>2020-01-06T03:40:35Z</time>
      </trkpt>
      <trkpt lat="26.8247102" lon="75.8163713">
        <time>2020-01-06T03:40:36Z</time>
      </trkpt>
      <trkpt lat="26.8246927" lon="75.8164273">
        <time>2020-01-06T03:40:37Z</time>
      </trkpt>
      <trkpt lat="26.8246836" lon="75.8164822">
        <time>2020-01-06T03:40:38Z</time>
      </trkpt>
      <trkpt lat="26.8246810" lon="75.8165427">
        <time>2020-01-06T03:40:39Z</time>
      </trkpt>
      <trkpt lat="26.8246781" lon="75.8166022">
        <time>2020-01-06T03:40:40Z</time>
      </trkpt>
      <trkpt lat="26.8246772" lon="75.8166660">
        <time>2020-01-06T03:40:41Z</time>
      </trkpt>
      <trkpt lat="26.8246766" lon="75.8167222">
        <time>2020-01-06T03:40:42Z</time>
      </trkpt>
      <trkpt lat="26.8246816" lon="75.8167848">
        <time>2020-01-06T03:40:43Z</time>
      </trkpt>
      <trkpt lat="26.8246873" lon="75.8168465">
        <time>2020-01-06T03:40:44Z</time>
      </trkpt>
      <trkpt lat="26.8246915" lon="75.8169103">
        <time>2020-01-06T03:40:45Z</time>
      </trkpt>
      <trkpt lat="26.8246932" lon="75.8169739">
        <time>2020-01-06T03:40:46Z</time>
      </trkpt>
      <trkpt lat="26.8246882" lon="75.8170343">
        <time>2020-01-06T03:40:47Z</time>
      </trkpt>
      <trkpt lat="26.8246948" lon="75.8170988">
        <time>2020-01-06T03:40:48Z</time>
      </trkpt>
      <trkpt lat="26.8247017" lon="75.8171596">
        <time>2020-01-06T03:40:49Z</time>
      </trkpt>
      <trkpt lat="26.8247078" lon="75.8172222">
        <time>2020-01-06T03:40:50Z</time>
      </trkpt>
      <trkpt lat="26.8247128" lon="75.8172906">
        <time>2020-01-06T03:40:51Z</time>
      </trkpt>
      <trkpt lat="26.8247175" lon="75.8173589">
        <time>2020-01-06T03:40:52Z</time>
      </trkpt>
      <trkpt lat="26.8247196" lon="75.8174308">
        <time>2020-01-06T03:40:53Z</time>
      </trkpt>
      <trkpt lat="26.8247251" lon="75.8175023">
        <time>2020-01-06T03:40:54Z</time>
      </trkpt>
      <trkpt lat="26.8247314" lon="75.8175734">
        <time>2020-01-06T03:40:55Z</time>
      </trkpt>
      <trkpt lat="26.8247387" lon="75.8176481">
        <time>2020-01-06T03:40:56Z</time>
      </trkpt>
      <trkpt lat="26.8247443" lon="75.8177209">
        <time>2020-01-06T03:40:57Z</time>
      </trkpt>
      <trkpt lat="26.8247453" lon="75.8177941">
        <time>2020-01-06T03:40:58Z</time>
      </trkpt>
      <trkpt lat="26.8247523" lon="75.8178708">
        <time>2020-01-06T03:40:59Z</time>
      </trkpt>
      <trkpt lat="26.8247595" lon="75.8179483">
        <time>2020-01-06T03:41:00Z</time>
      </trkpt>
      <trkpt lat="26.8247664" lon="75.8180278">
        <time>2020-01-06T03:41:01Z</time>
      </trkpt>
      <trkpt lat="26.8247711" lon="75.8181084">
        <time>2020-01-06T03:41:02Z</time>
      </trkpt>
      <trkpt lat="26.8247777" lon="75.8181908">
        <time>2020-01-06T03:41:03Z</time>
      </trkpt>
      <trkpt lat="26.8247815" lon="75.8182730">
        <time>2020-01-06T03:41:04Z</time>
      </trkpt>
      <trkpt lat="26.8247829" lon="75.8183623">
        <time>2020-01-06T03:41:05Z</time>
      </trkpt>
      <trkpt lat="26.8247835" lon="75.8184540">
        <time>2020-01-06T03:41:06Z</time>
      </trkpt>
      <trkpt lat="26.8247907" lon="75.8185462">
        <time>2020-01-06T03:41:07Z</time>
      </trkpt>
      <trkpt lat="26.8247963" lon="75.8186421">
        <time>2020-01-06T03:41:08Z</time>
      </trkpt>
      <trkpt lat="26.8248108" lon="75.8187379">
        <time>2020-01-06T03:41:09Z</time>
      </trkpt>
      <trkpt lat="26.8248236" lon="75.8188310">
        <time>2020-01-06T03:41:10Z</time>
      </trkpt>
      <trkpt lat="26.8248343" lon="75.8189283">
        <time>2020-01-06T03:41:11Z</time>
      </trkpt>
      <trkpt lat="26.8248419" lon="75.8190285">
        <time>2020-01-06T03:41:12Z</time>
      </trkpt>
      <trkpt lat="26.8248518" lon="75.8191266">
        <time>2020-01-06T03:41:13Z</time>
      </trkpt>
      <trkpt lat="26.8248584" lon="75.8192252">
        <time>2020-01-06T03:41:14Z</time>
      </trkpt>
      <trkpt lat="26.8248672" lon="75.8193262">
        <time>2020-01-06T03:41:15Z</time>
      </trkpt>
      <trkpt lat="26.8248727" lon="75.8194275">
        <time>2020-01-06T03:41:16Z</time>
      </trkpt>
      <trkpt lat="26.8248782" lon="75.8195317">
        <time>2020-01-06T03:41:17Z</time>
      </trkpt>
      <trkpt lat="26.8248882" lon="75.8196375">
        <time>2020-01-06T03:41:18Z</time>
      </trkpt>
      <trkpt lat="26.8248979" lon="75.8197396">
        <time>2020-01-06T03:41:19Z</time>
      </trkpt>
      <trkpt lat="26.8249081" lon="75.8198477">
        <time>2020-01-06T03:41:20Z</time>
      </trkpt>
      <trkpt lat="26.8249184" lon="75.8199507">
        <time>2020-01-06T03:41:21Z</time>
      </trkpt>
      <trkpt lat="26.8249262" lon="75.8200564">
        <time>2020-01-06T03:41:22Z</time>
      </trkpt>
      <trkpt lat="26.8249365" lon="75.8201625">
        <time>2020-01-06T03:41:23Z</time>
      </trkpt>
      <trkpt lat="26.8249502" lon="75.8202705">
        <time>2020-01-06T03:41:24Z</time>
      </trkpt>
      <trkpt lat="26.8249588" lon="75.8203732">
        <time>2020-01-06T03:41:25Z</time>
      </trkpt>
      <trkpt lat="26.8249653" lon="75.8204828">
        <time>2020-01-06T03:41:26Z</time>
      </trkpt>
      <trkpt lat="26.8249719" lon="75.8205919">
        <time>2020-01-06T03:41:27Z</time>
      </trkpt>
      <trkpt lat="26.8249824" lon="75.8206990">
        <time>2020-01-06T03:41:28Z</time>
      </trkpt>
      <trkpt lat="26.8249940" lon="75.8208125">
        <time>2020-01-06T03:41:29Z</time>
      </trkpt>
      <trkpt lat="26.8250035" lon="75.8209280">
        <time>2020-01-06T03:41:30Z</time>
      </trkpt>
      <trkpt lat="26.8250126" lon="75.8210394">
        <time>2020-01-06T03:41:31Z</time>
      </trkpt>
      <trkpt lat="26.8250244" lon="75.8211519">
        <time>2020-01-06T03:41:32Z</time>
      </trkpt>
      <trkpt lat="26.8250318" lon="75.8212653">
        <time>2020-01-06T03:41:33Z</time>
      </trkpt>
      <trkpt lat="26.8250403" lon="75.8213788">
        <time>2020-01-06T03:41:34Z</time>
      </trkpt>
      <trkpt lat="26.8250502" lon="75.8214957">
        <time>2020-01-06T03:41:35Z</time>
      </trkpt>
      <trkpt lat="26.8250643" lon="75.8216086">
        <time>2020-01-06T03:41:36Z</time>
      </trkpt>
      <trkpt lat="26.8250763" lon="75.8217243">
        <time>2020-01-06T03:41:37Z</time>
      </trkpt>
      <trkpt lat="26.8250945" lon="75.8218434">
        <time>2020-01-06T03:41:38Z</time>
      </trkpt>
      <trkpt lat="26.8251025" lon="75.8219613">
        <time>2020-01-06T03:41:39Z</time>
      </trkpt>
      <trkpt lat="26.8251133" lon="75.8220795">
        <time>2020-01-06T03:41:40Z</time>
      </trkpt>
      <trkpt lat="26.8251284" lon="75.8221959">
        <time>2020-01-06T03:41:41Z</time>
      </trkpt>
      <trkpt lat="26.8251362" lon="75.8223154">
        <time>2020-01-06T03:41:42Z</time>
      </trkpt>
      <trkpt lat="26.8251440" lon="75.8224405">
        <time>2020-01-06T03:41:43Z</time>
      </trkpt>
      <trkpt lat="26.8251560" lon="75.8225600">
        <time>2020-01-06T03:41:44Z</time>
      </trkpt>
      <trkpt lat="26.8251668" lon="75.8226776">
        <time>2020-01-06T03:41:45Z</time>
      </trkpt>
      <trkpt lat="26.8251801" lon="75.8228037">
        <time>2020-01-06T03:41:46Z</time>
      </trkpt>
      <trkpt lat="26.8251937" lon="75.8229230">
        <time>2020-01-06T03:41:47Z</time>
      </trkpt>
      <trkpt lat="26.8252028" lon="75.8230456">
        <time>2020-01-06T03:41:48Z</time>
      </trkpt>
      <trkpt lat="26.8252167" lon="75.8231702">
        <time>2020-01-06T03:41:49Z</time>
      </trkpt>
      <trkpt lat="26.8252252" lon="75.8232914">
        <time>2020-01-06T03:41:50Z</time>
      </trkpt>
      <trkpt lat="26.8252366" lon="75.8234117">
        <time>2020-01-06T03:41:51Z</time>
      </trkpt>
      <trkpt lat="26.8252484" lon="75.8235312">
        <time>2020-01-06T03:41:52Z</time>
      </trkpt>
      <trkpt lat="26.8252593" lon="75.8236528">
        <time>2020-01-06T03:41:53Z</time>
      </trkpt>
      <trkpt lat="26.8252714" lon="75.8237690">
        <time>2020-01-06T03:41:54Z</time>
      </trkpt>
      <trkpt lat="26.8252820" lon="75.8238876">
        <time>2020-01-06T03:41:55Z</time>
      </trkpt>
      <trkpt lat="26.8252947" lon="75.8240008">
        <time>2020-01-06T03:41:56Z</time>
      </trkpt>
      <trkpt lat="26.8253056" lon="75.8241120">
        <time>2020-01-06T03:41:57Z</time>
      </trkpt>
      <trkpt lat="26.8253163" lon="75.8242194">
        <time>2020-01-06T03:41:58Z</time>
      </trkpt>
      <trkpt lat="26.8253258" lon="75.8243241">
        <time>2020-01-06T03:41:59Z</time>
      </trkpt>
      <trkpt lat="26.8253342" lon="75.8244228">
        <time>2020-01-06T03:42:00Z</time>
      </trkpt>
      <trkpt lat="26.8253414" lon="75.8245181">
        <time>2020-01-06T03:42:01Z</time>
      </trkpt>
      <trkpt lat="26.8253526" lon="75.8246049">
        <time>2020-01-06T03:42:02Z</time>
      </trkpt>
      <trkpt lat="26.8253609" lon="75.8246824">
        <time>2020-01-06T03:42:03Z</time>
      </trkpt>
      <trkpt lat="26.8253687" lon="75.8247536">
        <time>2020-01-06T03:42:04Z</time>
      </trkpt>
      <trkpt lat="26.8253856" lon="75.8248140">
        <time>2020-01-06T03:42:05Z</time>
      </trkpt>
      <trkpt lat="26.8254009" lon="75.8248691">
        <time>2020-01-06T03:42:06Z</time>
      </trkpt>
      <trkpt lat="26.8254176" lon="75.8249248">
        <time>2020-01-06T03:42:07Z</time>
      </trkpt>
      <trkpt lat="26.8254380" lon="75.8249794">
        <time>2020-01-06T03:42:08Z</time>
      </trkpt>
      <trkpt lat="26.8254599" lon="75.8250350">
        <time>2020-01-06T03:42:09Z</time>
      </trkpt>
      <trkpt lat="26.8254886" lon="75.8250888">
        <time>2020-01-06T03:42:10Z</time>
      </trkpt>
      <trkpt lat="26.8255147" lon="75.8251415">
        <time>2020-01-06T03:42:11Z</time>
      </trkpt>
      <trkpt lat="26.8255448" lon="75.8251916">
        <time>2020-01-06T03:42:12Z</time>
      </trkpt>
      <trkpt lat="26.8255790" lon="75.8252444">
        <time>2020-01-06T03:42:13Z</time>
      </trkpt>
      <trkpt lat="26.8256121" lon="75.8252958">
        <time>2020-01-06T03:42:14Z</time>
      </trkpt>
      <trkpt lat="26.8256458" lon="75.8253467">
        <time>2020-01-06T03:42:15Z</time>
      </trkpt>
      <trkpt lat="26.8256710" lon="75.8253930">
        <time>2020-01-06T03:42:16Z</time>
      </trkpt>
      <trkpt lat="26.8256974" lon="75.8254388">
        <time>2020-01-06T03:42:17Z</time>
      </trkpt>
      <trkpt lat="26.8257115" lon="75.8254806">
        <time>2020-01-06T03:42:18Z</time>
      </trkpt>
      <trkpt lat="26.8257365" lon="75.8255250">
        <time>2020-01-06T03:42:19Z</time>
      </trkpt>
      <trkpt lat="26.8257605" lon="75.8255671">
        <time>2020-01-06T03:42:20Z</time>
      </trkpt>
      <trkpt lat="26.8257833" lon="75.8256152">
        <time>2020-01-06T03:42:21Z</time>
      </trkpt>
      <trkpt lat="26.8258044" lon="75.8256639">
        <time>2020-01-06T03:42:22Z</time>
      </trkpt>
      <trkpt lat="26.8258223" lon="75.8257122">
        <time>2020-01-06T03:42:23Z</time>
      </trkpt>
      <trkpt lat="26.8258384" lon="75.8257615">
        <time>2020-01-06T03:42:24Z</time>
      </trkpt>
      <trkpt lat="26.8258476" lon="75.8258147">
        <time>2020-01-06T03:42:25Z</time>
      </trkpt>
      <trkpt lat="26.8258548" lon="75.8258603">
        <time>2020-01-06T03:42:26Z</time>
      </trkpt>
      <trkpt lat="26.8258599" lon="75.8259019">
        <time>2020-01-06T03:42:27Z</time>
      </trkpt>
      <trkpt lat="26.8258643" lon="75.8259428">
        <time>2020-01-06T03:42:28Z</time>
      </trkpt>
      <trkpt lat="26.8258612" lon="75.8259808">
        <time>2020-01-06T03:42:29Z</time>
      </trkpt>
      <trkpt lat="26.8258548" lon="75.8260130">
        <time>2020-01-06T03:42:30Z</time>
      </trkpt>
      <trkpt lat="26.8258435" lon="75.8260510">
        <time>2020-01-06T03:42:31Z</time>
      </trkpt>
      <trkpt lat="26.8258334" lon="75.8260840">
        <time>2020-01-06T03:42:32Z</time>
      </trkpt>
      <trkpt lat="26.8258207" lon="75.8261126">
        <time>2020-01-06T03:42:33Z</time>
      </trkpt>
      <trkpt lat="26.8258028" lon="75.8261407">
        <time>2020-01-06T03:42:34Z</time>
      </trkpt>
      <trkpt lat="26.8257813" lon="75.8261673">
        <time>2020-01-06T03:42:35Z</time>
      </trkpt>
      <trkpt lat="26.8257584" lon="75.8261897">
        <time>2020-01-06T03:42:36Z</time>
      </trkpt>
      <trkpt lat="26.8257331" lon="75.8262081">
        <time>2020-01-06T03:42:37Z</time>
      </trkpt>
      <trkpt lat="26.8257054" lon="75.8262231">
        <time>2020-01-06T03:42:38Z</time>
      </trkpt>
      <trkpt lat="26.8256765" lon="75.8262352">
        <time>2020-01-06T03:42:39Z</time>
      </trkpt>
      <trkpt lat="26.8256463" lon="75.8262460">
        <time>2020-01-06T03:42:40Z</time>
      </trkpt>
      <trkpt lat="26.8256154" lon="75.8262539">
        <time>2020-01-06T03:42:41Z</time>
      </trkpt>
      <trkpt lat="26.8255867" lon="75.8262577">
        <time>2020-01-06T03:42:42Z</time>
      </trkpt>
      <trkpt lat="26.8255590" lon="75.8262562">
        <time>2020-01-06T03:42:43Z</time>
      </trkpt>
      <trkpt lat="26.8255372" lon="75.8262465">
        <time>2020-01-06T03:42:44Z</time>
      </trkpt>
      <trkpt lat="26.8255202" lon="75.8262275">
        <time>2020-01-06T03:42:45Z</time>
      </trkpt>
      <trkpt lat="26.8255086" lon="75.8261976">
        <time>2020-01-06T03:42:46Z</time>
      </trkpt>
      <trkpt lat="26.8255012" lon="75.8261706">
        <time>2020-01-06T03:42:47Z</time>
      </trkpt>
      <trkpt lat="26.8255020" lon="75.8261543">
        <time>2020-01-06T03:42:48Z</time>
      </trkpt>
      <trkpt lat="26.8255170" lon="75.8261282">
        <time>2020-01-06T03:42:49Z</time>
      </trkpt>
      <trkpt lat="26.8255287" lon="75.8261051">
        <time>2020-01-06T03:42:50Z</time>
      </trkpt>
      <trkpt lat="26.8255368" lon="75.8260903">
        <time>2020-01-06T03:42:51Z</time>
      </trkpt>
      <trkpt lat="26.8255400" lon="75.8260806">
        <time>2020-01-06T03:42:52Z</time>
      </trkpt>
      <trkpt lat="26.8255461" lon="75.8260673">
        <time>2020-01-06T03:42:53Z</time>
      </trkpt>
      <trkpt lat="26.8255520" lon="75.8260559">
        <time>2020-01-06T03:42:54Z</time>
      </trkpt>
      <trkpt lat="26.8255544" lon="75.8260458">
        <time>2020-01-06T03:42:55Z</time>
      </trkpt>
      <trkpt lat="26.8255566" lon="75.8260375">
        <time>2020-01-06T03:42:56Z</time>
      </trkpt>
      <trkpt lat="26.8255597" lon="75.8260301">
        <time>2020-01-06T03:42:57Z</time>
      </trkpt>
      <trkpt lat="26.8255594" lon="75.8260208">
        <time>2020-01-06T03:42:58Z</time>
      </trkpt>
      <trkpt lat="26.8255586" lon="75.8260111">
        <time>2020-01-06T03:42:59Z</time>
      </trkpt>
      <trkpt lat="26.8255566" lon="75.8260016">
        <time>2020-01-06T03:43:00Z</time>
      </trkpt>
      <trkpt lat="26.8255534" lon="75.8259918">
        <time>2020-01-06T03:43:01Z</time>
      </trkpt>
      <trkpt lat="26.8255501" lon="75.8259818">
        <time>2020-01-06T03:43:02Z</time>
      </trkpt>
      <trkpt lat="26.8255465" lon="75.8259712">
        <time>2020-01-06T03:43:03Z</time>
      </trkpt>
      <trkpt lat="26.8255414" lon="75.8259601">
        <time>2020-01-06T03:43:04Z</time>
      </trkpt>
      <trkpt lat="26.8255367" lon="75.8259485">
        <time>2020-01-06T03:43:05Z</time>
      </trkpt>
      <trkpt lat="26.8255298" lon="75.8259359">
        <time>2020-01-06T03:43:06Z</time>
      </trkpt>
      <trkpt lat="26.8255208" lon="75.8259218">
        <time>2020-01-06T03:43:07Z</time>
      </trkpt>
      <trkpt lat="26.8255256" lon="75.8258794">
        <time>2020-01-06T03:43:08Z</time>
      </trkpt>
      <trkpt lat="26.8255312" lon="75.8258299">
        <time>2020-01-06T03:43:09Z</time>
      </trkpt>
      <trkpt lat="26.8255352" lon="75.8257770">
        <time>2020-01-06T03:43:10Z</time>
      </trkpt>
      <trkpt lat="26.8255414" lon="75.8257023">
        <time>2020-01-06T03:43:11Z</time>
      </trkpt>
      <trkpt lat="26.8255484" lon="75.8256358">
        <time>2020-01-06T03:43:12Z</time>
      </trkpt>
      <trkpt lat="26.8255342" lon="75.8255607">
        <time>2020-01-06T03:43:13Z</time>
      </trkpt>
      <trkpt lat="26.8255255" lon="75.8254693">
        <time>2020-01-06T03:43:14Z</time>
      </trkpt>
      <trkpt lat="26.8255209" lon="75.8253548">
        <time>2020-01-06T03:43:15Z</time>
      </trkpt>
      <trkpt lat="26.8255121" lon="75.8252146">
        <time>2020-01-06T03:43:16Z</time>
      </trkpt>
      <trkpt lat="26.8254941" lon="75.8250689">
        <time>2020-01-06T03:43:17Z</time>
      </trkpt>
      <trkpt lat="26.8254810" lon="75.8248984">
        <time>2020-01-06T03:43:18Z</time>
      </trkpt>
      <trkpt lat="26.8254694" lon="75.8246891">
        <time>2020-01-06T03:43:19Z</time>
      </trkpt>
      <trkpt lat="26.8254723" lon="75.8244642">
        <time>2020-01-06T03:43:20Z</time>
      </trkpt>
      <trkpt lat="26.8254351" lon="75.8242042">
        <time>2020-01-06T03:43:21Z</time>
      </trkpt>
      <trkpt lat="26.8253844" lon="75.8238219">
        <time>2020-01-06T03:43:22Z</time>
      </trkpt>
      <trkpt lat="26.8253447" lon="75.8234997">
        <time>2020-01-06T03:43:23Z</time>
      </trkpt>
      <trkpt lat="26.8252957" lon="75.8231434">
        <time>2020-01-06T03:43:24Z</time>
      </trkpt>
      <trkpt lat="26.8252716" lon="75.8227659">
        <time>2020-01-06T03:43:25Z</time>
      </trkpt>
      <trkpt lat="26.8252305" lon="75.8223652">
        <time>2020-01-06T03:43:26Z</time>
      </trkpt>
      <trkpt lat="26.8251937" lon="75.8219440">
        <time>2020-01-06T03:43:27Z</time>
      </trkpt>
      <trkpt lat="26.8251458" lon="75.8214908">
        <time>2020-01-06T03:43:28Z</time>
      </trkpt>
      <trkpt lat="26.8250989" lon="75.8210138">
        <time>2020-01-06T03:43:29Z</time>
      </trkpt>
      <trkpt lat="26.8250495" lon="75.8205128">
        <time>2020-01-06T03:43:30Z</time>
      </trkpt>
      <trkpt lat="26.8249981" lon="75.8199836">
        <time>2020-01-06T03:43:31Z</time>
      </trkpt>
      <trkpt lat="26.8249523" lon="75.8194310">
        <time>2020-01-06T03:43:32Z</time>
      </trkpt>
      <trkpt lat="26.8249041" lon="75.8188552">
        <time>2020-01-06T03:43:33Z</time>
      </trkpt>
      <trkpt lat="26.8248437" lon="75.8182543">
        <time>2020-01-06T03:43:34Z</time>
      </trkpt>
      <trkpt lat="26.8247785" lon="75.8176318">
        <time>2020-01-06T03:43:35Z</time>
      </trkpt>
      <trkpt lat="26.8247232" lon="75.8169817">
        <time>2020-01-06T03:43:36Z</time>
      </trkpt>
      <trkpt lat="26.8246600" lon="75.8163129">
        <time>2020-01-06T03:43:37Z</time>
      </trkpt>
      <trkpt lat="26.8246082" lon="75.8156185">
        <time>2020-01-06T03:43:38Z</time>
      </trkpt>
      <trkpt lat="26.8245499" lon="75.8149068">
        <time>2020-01-06T03:43:39Z</time>
      </trkpt>
      <trkpt lat="26.8244853" lon="75.8141712">
        <time>2020-01-06T03:43:40Z</time>
      </trkpt>
      <trkpt lat="26.8244082" lon="75.8134159">
        <time>2020-01-06T03:43:41Z</time>
      </trkpt>
      <trkpt lat="26.8243377" lon="75.8126394">
        <time>2020-01-06T03:43:42Z</time>
      </trkpt>
      <trkpt lat="26.8242605" lon="75.8118394">
        <time>2020-01-06T03:43:43Z</time>
      </trkpt>
      <trkpt lat="26.8241708" lon="75.8110226">
        <time>2020-01-06T03:43:44Z</time>
      </trkpt>
      <trkpt lat="26.8240890" lon="75.8101833">
        <time>2020-01-06T03:43:45Z</time>
      </trkpt>
      <trkpt lat="26.8240048" lon="75.8093244">
        <time>2020-01-06T03:43:46Z</time>
      </trkpt>
      <trkpt lat="26.8239204" lon="75.8084524">
        <time>2020-01-06T03:43:47Z</time>
      </trkpt>
      <trkpt lat="26.8238336" lon="75.8075605">
        <time>2020-01-06T03:43:48Z</time>
      </trkpt>
      <trkpt lat="26.8237597" lon="75.8066548">
        <time>2020-01-06T03:43:49Z</time>
      </trkpt>
      <trkpt lat="26.8236786" lon="75.8057375">
        <time>2020-01-06T03:43:50Z</time>
      </trkpt>
      <trkpt lat="26.8235984" lon="75.8048123">
        <time>2020-01-06T03:43:51Z</time>
      </trkpt>
      <trkpt lat="26.8235186" lon="75.8038839">
        <time>2020-01-06T03:43:52Z</time>
      </trkpt>
      <trkpt lat="26.8234390" lon="75.8029543">
        <time>2020-01-06T03:43:53Z</time>
      </trkpt>
      <trkpt lat="26.8233683" lon="75.8020245">
        <time>2020-01-06T03:43:54Z</time>
      </trkpt>
      <trkpt lat="26.8232998" lon="75.8010945">
        <time>2020-01-06T03:43:55Z</time>
      </trkpt>
      <trkpt lat="26.8232286" lon="75.8001680">
        <time>2020-01-06T03:43:56Z</time>
      </trkpt>
      <trkpt lat="26.8231576" lon="75.7992477">
        <time>2020-01-06T03:43:57Z</time>
      </trkpt>
      <trkpt lat="26.8230891" lon="75.7983308">
        <time>2020-01-06T03:43:58Z</time>
      </trkpt>
      <trkpt lat="26.8230190" lon="75.7974161">
        <time>2020-01-06T03:43:59Z</time>
      </trkpt>
      <trkpt lat="26.8229434" lon="75.7965040">
        <time>2020-01-06T03:44:00Z</time>
      </trkpt>
      <trkpt lat="26.8228670" lon="75.7955880">
        <time>2020-01-06T03:44:01Z</time>
      </trkpt>
      <trkpt lat="26.8228023" lon="75.7946664">
        <time>2020-01-06T03:44:02Z</time>
      </trkpt>
      <trkpt lat="26.8227207" lon="75.7937545">
        <time>2020-01-06T03:44:03Z</time>
      </trkpt>
      <trkpt lat="26.8226429" lon="75.7928423">
        <time>2020-01-06T03:44:04Z</time>
      </trkpt>
      <trkpt lat="26.8225637" lon="75.7919184">
        <time>2020-01-06T03:44:05Z</time>
      </trkpt>
      <trkpt lat="26.8224868" lon="75.7910037">
        <time>2020-01-06T03:44:06Z</time>
      </trkpt>
      <trkpt lat="26.8224193" lon="75.7900862">
        <time>2020-01-06T03:44:07Z</time>
      </trkpt>
      <trkpt lat="26.8223292" lon="75.7891722">
        <time>2020-01-06T03:44:08Z</time>
      </trkpt>
      <trkpt lat="26.8222552" lon="75.7882538">
        <time>2020-01-06T03:44:09Z</time>
      </trkpt>
      <trkpt lat="26.8221702" lon="75.7873400">
        <time>2020-01-06T03:44:10Z</time>
      </trkpt>
      <trkpt lat="26.8220875" lon="75.7864245">
        <time>2020-01-06T03:44:11Z</time>
      </trkpt>
      <trkpt lat="26.8219897" lon="75.7855151">
        <time>2020-01-06T03:44:12Z</time>
      </trkpt>
      <trkpt lat="26.8219147" lon="75.7845980">
        <time>2020-01-06T03:44:13Z</time>
      </trkpt>
      <trkpt lat="26.8218345" lon="75.7836840">
        <time>2020-01-06T03:44:14Z</time>
      </trkpt>
      <trkpt lat="26.8217510" lon="75.7827715">
        <time>2020-01-06T03:44:15Z</time>
      </trkpt>
      <trkpt lat="26.8216647" lon="75.7818597">
        <time>2020-01-06T03:44:16Z</time>
      </trkpt>
      <trkpt lat="26.8215794" lon="75.7809462">
        <time>2020-01-06T03:44:17Z</time>
      </trkpt>
      <trkpt lat="26.8214896" lon="75.7800315">
        <time>2020-01-06T03:44:18Z</time>
      </trkpt>
      <trkpt lat="26.8213897" lon="75.7791208">
        <time>2020-01-06T03:44:19Z</time>
      </trkpt>
      <trkpt lat="26.8212940" lon="75.7782005">
        <time>2020-01-06T03:44:20Z</time>
      </trkpt>
      <trkpt lat="26.8211964" lon="75.7772747">
        <time>2020-01-06T03:44:21Z</time>
      </trkpt>
      <trkpt lat="26.8210894" lon="75.7763442">
        <time>2020-01-06T03:44:22Z</time>
      </trkpt>
      <trkpt lat="26.8209892" lon="75.7754105">
        <time>2020-01-06T03:44:23Z</time>
      </trkpt>
      <trkpt lat="26.8208858" lon="75.7744646">
        <time>2020-01-06T03:44:24Z</time>
      </trkpt>
      <trkpt lat="26.8207849" lon="75.7735138">
        <time>2020-01-06T03:44:25Z</time>
      </trkpt>
      <trkpt lat="26.8206850" lon="75.7725543">
        <time>2020-01-06T03:44:26Z</time>
      </trkpt>
      <trkpt lat="26.8205771" lon="75.7715880">
        <time>2020-01-06T03:44:27Z</time>
      </trkpt>
      <trkpt lat="26.8204702" lon="75.7706194">
        <time>2020-01-06T03:44:28Z</time>
      </trkpt>
      <trkpt lat="26.8203532" lon="75.7696527">
        <time>2020-01-06T03:44:29Z</time>
      </trkpt>
      <trkpt lat="26.8202299" lon="75.7686799">
        <time>2020-01-06T03:44:30Z</time>
      </trkpt>
      <trkpt lat="26.8201208" lon="75.7677006">
        <time>2020-01-06T03:44:31Z</time>
      </trkpt>
      <trkpt lat="26.8200094" lon="75.7667201">
        <time>2020-01-06T03:44:32Z</time>
      </trkpt>
      <trkpt lat="26.8198791" lon="75.7657446">
        <time>2020-01-06T03:44:33Z</time>
      </trkpt>
      <trkpt lat="26.8197530" lon="75.7647546">
        <time>2020-01-06T03:44:34Z</time>
      </trkpt>
      <trkpt lat="26.8196456" lon="75.7637735">
        <time>2020-01-06T03:44:35Z</time>
      </trkpt>
      <trkpt lat="26.8195298" lon="75.7627843">
        <time>2020-01-06T03:44:36Z</time>
      </trkpt>
      <trkpt lat="26.8194001" lon="75.7617991">
        <time>2020-01-06T03:44:37Z</time>
      </trkpt>
      <trkpt lat="26.8192545" lon="75.7608116">
        <time>2020-01-06T03:44:38Z</time>
      </trkpt>
      <trkpt lat="26.8190958" lon="75.7598283">
        <time>2020-01-06T03:44:39Z</time>
      </trkpt>
      <trkpt lat="26.8189067" lon="75.7588507">
        <time>2020-01-06T03:44:40Z</time>
      </trkpt>
      <trkpt lat="26.8187022" lon="75.7578730">
        <time>2020-01-06T03:44:41Z</time>
      </trkpt>
      <trkpt lat="26.8184609" lon="75.7569078">
        <time>2020-01-06T03:44:42Z</time>
      </trkpt>
      <trkpt lat="26.8181854" lon="75.7559561">
        <time>2020-01-06T03:44:43Z</time>
      </trkpt>
      <trkpt lat="26.8178868" lon="75.7550154">
        <time>2020-01-06T03:44:44Z</time>
      </trkpt>
      <trkpt lat="26.8175603" lon="75.7540875">
        <time>2020-01-06T03:44:45Z</time>
      </trkpt>
      <trkpt lat="26.8171991" lon="75.7531708">
        <time>2020-01-06T03:44:46Z</time>
      </trkpt>
      <trkpt lat="26.8168029" lon="75.7522729">
        <time>2020-01-06T03:44:47Z</time>
      </trkpt>
      <trkpt lat="26.8163852" lon="75.7513870">
        <time>2020-01-06T03:44:48Z</time>
      </trkpt>
      <trkpt lat="26.8159241" lon="75.7505202">
        <time>2020-01-06T03:44:49Z</time>
      </trkpt>
      <trkpt lat="26.8154456" lon="75.7496658">
        <time>2020-01-06T03:44:50Z</time>
      </trkpt>
      <trkpt lat="26.8149276" lon="75.7488311">
        <time>2020-01-06T03:44:51Z</time>
      </trkpt>
      <trkpt lat="26.8143875" lon="75.7480148">
        <time>2020-01-06T03:44:52Z</time>
      </trkpt>
      <trkpt lat="26.8138100" lon="75.7472212">
        <time>2020-01-06T03:44:53Z</time>
      </trkpt>
      <trkpt lat="26.8131972" lon="75.7464503">
        <time>2020-01-06T03:44:54Z</time>
      </trkpt>
      <trkpt lat="26.8125534" lon="75.7457059">
        <time>2020-01-06T03:44:55Z</time>
      </trkpt>
      <trkpt lat="26.8118896" lon="75.7449826">
        <time>2020-01-06T03:44:56Z</time>
      </trkpt>
      <trkpt lat="26.8112088" lon="75.7442788">
        <time>2020-01-06T03:44:57Z</time>
      </trkpt>
      <trkpt lat="26.8104916" lon="75.7436033">
        <time>2020-01-06T03:44:58Z</time>
      </trkpt>
      <trkpt lat="26.8097431" lon="75.7429690">
        <time>2020-01-06T03:44:59Z</time>
      </trkpt>
      <trkpt lat="26.8089666" lon="75.7423569">
        <time>2020-01-06T03:45:00Z</time>
      </trkpt>
      <trkpt lat="26.8081584" lon="75.7417608">
        <time>2020-01-06T03:45:01Z</time>
      </trkpt>
      <trkpt lat="26.8073303" lon="75.7412096">
        <time>2020-01-06T03:45:02Z</time>
      </trkpt>
      <trkpt lat="26.8064868" lon="75.7406834">
        <time>2020-01-06T03:45:03Z</time>
      </trkpt>
      <trkpt lat="26.8056184" lon="75.7401872">
        <time>2020-01-06T03:45:04Z</time>
      </trkpt>
      <trkpt lat="26.8047508" lon="75.7396972">
        <time>2020-01-06T03:45:05Z</time>
      </trkpt>
      <trkpt lat="26.8038066" lon="75.7393216">
        <time>2020-01-06T03:45:06Z</time>
      </trkpt>
      <trkpt lat="26.8028780" lon="75.7389268">
        <time>2020-01-06T03:45:07Z</time>
      </trkpt>
      <trkpt lat="26.8019369" lon="75.7385612">
        <time>2020-01-06T03:45:08Z</time>
      </trkpt>
      <trkpt lat="26.8009617" lon="75.7382434">
        <time>2020-01-06T03:45:09Z</time>
      </trkpt>
    </trkseg>
  </trk>
  <trk>
    <name>20200808_091121.gpx</name>
    <desc>JAI to BLR takeoff</desc>
    <url>/user/Yashsvi%20Dixit/traces/3409868</url>
    <trkseg>
      <trkpt lat="26.8248125" lon="75.8000888">
        <time>2020-08-08T03:41:21Z</time>
      </trkpt>
      <trkpt lat="26.8248095" lon="75.8000344">
        <time>2020-08-08T03:41:22Z</time>
      </trkpt>
      <trkpt lat="26.8248025" lon="75.7999814">
        <time>2020-08-08T03:41:23Z</time>
      </trkpt>
      <trkpt lat="26.8247970" lon="75.7999317">
        <time>2020-08-08T03:41:24Z</time>
      </trkpt>
      <trkpt lat="26.8247940" lon="75.7998795">
        <time>2020-08-08T03:41:25Z</time>
      </trkpt>
      <trkpt lat="26.8247871" lon="75.7998323">
        <time>2020-08-08T03:41:26Z</time>
      </trkpt>
      <trkpt lat="26.8247800" lon="75.7997829">
        <time>2020-08-08T03:41:27Z</time>
      </trkpt>
      <trkpt lat="26.8247749" lon="75.7997360">
        <time>2020-08-08T03:41:28Z</time>
      </trkpt>
      <trkpt lat="26.8247642" lon="75.7996923">
        <time>2020-08-08T03:41:29Z</time>
      </trkpt>
      <trkpt lat="26.8247534" lon="75.7996466">
        <time>2020-08-08T03:41:30Z</time>
      </trkpt>
      <trkpt lat="26.8247388" lon="75.7996061">
        <time>2020-08-08T03:41:31Z</time>
      </trkpt>
      <trkpt lat="26.8247226" lon="75.7995656">
        <time>2020-08-08T03:41:32Z</time>
      </trkpt>
      <trkpt lat="26.8247064" lon="75.7995274">
        <time>2020-08-08T03:41:33Z</time>
      </trkpt>
      <trkpt lat="26.8246882" lon="75.7994894">
        <time>2020-08-08T03:41:34Z</time>
      </trkpt>
      <trkpt lat="26.8246653" lon="75.7994525">
        <time>2020-08-08T03:41:35Z</time>
      </trkpt>
      <trkpt lat="26.8246394" lon="75.7994181">
        <time>2020-08-08T03:41:36Z</time>
      </trkpt>
      <trkpt lat="26.8246140" lon="75.7993868">
        <time>2020-08-08T03:41:37Z</time>
      </trkpt>
      <trkpt lat="26.8245874" lon="75.7993603">
        <time>2020-08-08T03:41:38Z</time>
      </trkpt>
      <trkpt lat="26.8245604" lon="75.7993371">
        <time>2020-08-08T03:41:39Z</time>
      </trkpt>
      <trkpt lat="26.8245332" lon="75.7993170">
        <time>2020-08-08T03:41:40Z</time>
      </trkpt>
      <trkpt lat="26.8245050" lon="75.7993002">
        <time>2020-08-08T03:41:41Z</time>
      </trkpt>
      <trkpt lat="26.8244764" lon="75.7992854">
        <time>2020-08-08T03:41:42Z</time>
      </trkpt>
      <trkpt lat="26.8244468" lon="75.7992765">
        <time>2020-08-08T03:41:43Z</time>
      </trkpt>
      <trkpt lat="26.8244164" lon="75.7992705">
        <time>2020-08-08T03:41:44Z</time>
      </trkpt>
      <trkpt lat="26.8243842" lon="75.7992666">
        <time>2020-08-08T03:41:45Z</time>
      </trkpt>
      <trkpt lat="26.8243504" lon="75.7992657">
        <time>2020-08-08T03:41:46Z</time>
      </trkpt>
      <trkpt lat="26.8243162" lon="75.7992674">
        <time>2020-08-08T03:41:47Z</time>
      </trkpt>
      <trkpt lat="26.8242811" lon="75.7992705">
        <time>2020-08-08T03:41:48Z</time>
      </trkpt>
      <trkpt lat="26.8242446" lon="75.7992751">
        <time>2020-08-08T03:41:49Z</time>
      </trkpt>
      <trkpt lat="26.8242075" lon="75.7992794">
        <time>2020-08-08T03:41:50Z</time>
      </trkpt>
      <trkpt lat="26.8241688" lon="75.7992852">
        <time>2020-08-08T03:41:51Z</time>
      </trkpt>
      <trkpt lat="26.8241295" lon="75.7992903">
        <time>2020-08-08T03:41:52Z</time>
      </trkpt>
      <trkpt lat="26.8240892" lon="75.7992952">
        <time>2020-08-08T03:41:53Z</time>
      </trkpt>
      <trkpt lat="26.8240485" lon="75.7993009">
        <time>2020-08-08T03:41:54Z</time>
      </trkpt>
      <trkpt lat="26.8240071" lon="75.7993068">
        <time>2020-08-08T03:41:55Z</time>
      </trkpt>
      <trkpt lat="26.8239633" lon="75.7993071">
        <time>2020-08-08T03:41:56Z</time>
      </trkpt>
      <trkpt lat="26.8239194" lon="75.7993077">
        <time>2020-08-08T03:41:57Z</time>
      </trkpt>
      <trkpt lat="26.8238760" lon="75.7993096">
        <time>2020-08-08T03:41:58Z</time>
      </trkpt>
      <trkpt lat="26.8238327" lon="75.7993138">
        <time>2020-08-08T03:41:59Z</time>
      </trkpt>
      <trkpt lat="26.8237890" lon="75.7993179">
        <time>2020-08-08T03:42:00Z</time>
      </trkpt>
      <trkpt lat="26.8237449" lon="75.7993225">
        <time>2020-08-08T03:42:01Z</time>
      </trkpt>
      <trkpt lat="26.8236999" lon="75.7993269">
        <time>2020-08-08T03:42:02Z</time>
      </trkpt>
      <trkpt lat="26.8236546" lon="75.7993297">
        <time>2020-08-08T03:42:03Z</time>
      </trkpt>
      <trkpt lat="26.8236099" lon="75.7993341">
        <time>2020-08-08T03:42:04Z</time>
      </trkpt>
      <trkpt lat="26.8235671" lon="75.7993397">
        <time>2020-08-08T03:42:05Z</time>
      </trkpt>
      <trkpt lat="26.8235270" lon="75.7993484">
        <time>2020-08-08T03:42:06Z</time>
      </trkpt>
      <trkpt lat="26.8234890" lon="75.7993600">
        <time>2020-08-08T03:42:07Z</time>
      </trkpt>
      <trkpt lat="26.8234527" lon="75.7993702">
        <time>2020-08-08T03:42:08Z</time>
      </trkpt>
      <trkpt lat="26.8234161" lon="75.7993794">
        <time>2020-08-08T03:42:09Z</time>
      </trkpt>
      <trkpt lat="26.8233812" lon="75.7993878">
        <time>2020-08-08T03:42:10Z</time>
      </trkpt>
      <trkpt lat="26.8233486" lon="75.7993978">
        <time>2020-08-08T03:42:11Z</time>
      </trkpt>
      <trkpt lat="26.8233173" lon="75.7994087">
        <time>2020-08-08T03:42:12Z</time>
      </trkpt>
      <trkpt lat="26.8232868" lon="75.7994227">
        <time>2020-08-08T03:42:13Z</time>
      </trkpt>
      <trkpt lat="26.8232579" lon="75.7994392">
        <time>2020-08-08T03:42:14Z</time>
      </trkpt>
      <trkpt lat="26.8232305" lon="75.7994551">
        <time>2020-08-08T03:42:15Z</time>
      </trkpt>
      <trkpt lat="26.8232047" lon="75.7994737">
        <time>2020-08-08T03:42:16Z</time>
      </trkpt>
      <trkpt lat="26.8231809" lon="75.7994885">
        <time>2020-08-08T03:42:17Z</time>
      </trkpt>
      <trkpt lat="26.8231586" lon="75.7995052">
        <time>2020-08-08T03:42:18Z</time>
      </trkpt>
      <trkpt lat="26.8231380" lon="75.7995287">
        <time>2020-08-08T03:42:19Z</time>
      </trkpt>
      <trkpt lat="26.8231200" lon="75.7995517">
        <time>2020-08-08T03:42:20Z</time>
      </trkpt>
      <trkpt lat="26.8231042" lon="75.7995798">
        <time>2020-08-08T03:42:21Z</time>
      </trkpt>
      <trkpt lat="26.8230907" lon="75.7996038">
        <time>2020-08-08T03:42:22Z</time>
      </trkpt>
      <trkpt lat="26.8230800" lon="75.7996268">
        <time>2020-08-08T03:42:23Z</time>
      </trkpt>
      <trkpt lat="26.8230716" lon="75.7996507">
        <time>2020-08-08T03:42:24Z</time>
      </trkpt>
      <trkpt lat="26.8230670" lon="75.7996765">
        <time>2020-08-08T03:42:25Z</time>
      </trkpt>
      <trkpt lat="26.8230637" lon="75.7997021">
        <time>2020-08-08T03:42:26Z</time>
      </trkpt>
      <trkpt lat="26.8230626" lon="75.7997264">
        <time>2020-08-08T03:42:27Z</time>
      </trkpt>
      <trkpt lat="26.8230621" lon="75.7997482">
        <time>2020-08-08T03:42:28Z</time>
      </trkpt>
      <trkpt lat="26.8230627" lon="75.7997663">
        <time>2020-08-08T03:42:29Z</time>
      </trkpt>
      <trkpt lat="26.8230643" lon="75.7997851">
        <time>2020-08-08T03:42:30Z</time>
      </trkpt>
      <trkpt lat="26.8230657" lon="75.7998048">
        <time>2020-08-08T03:42:31Z</time>
      </trkpt>
      <trkpt lat="26.8230687" lon="75.7998253">
        <time>2020-08-08T03:42:32Z</time>
      </trkpt>
      <trkpt lat="26.8230702" lon="75.7998467">
        <time>2020-08-08T03:42:33Z</time>
      </trkpt>
      <trkpt lat="26.8230717" lon="75.7998686">
        <time>2020-08-08T03:42:34Z</time>
      </trkpt>
      <trkpt lat="26.8230738" lon="75.7998927">
        <time>2020-08-08T03:42:35Z</time>
      </trkpt>
      <trkpt lat="26.8230752" lon="75.7999170">
        <time>2020-08-08T03:42:36Z</time>
      </trkpt>
      <trkpt lat="26.8230775" lon="75.7999415">
        <time>2020-08-08T03:42:37Z</time>
      </trkpt>
      <trkpt lat="26.8230798" lon="75.7999676">
        <time>2020-08-08T03:42:38Z</time>
      </trkpt>
      <trkpt lat="26.8230829" lon="75.7999956">
        <time>2020-08-08T03:42:39Z</time>
      </trkpt>
      <trkpt lat="26.8230870" lon="75.8000268">
        <time>2020-08-08T03:42:40Z</time>
      </trkpt>
      <trkpt lat="26.8230907" lon="75.8000619">
        <time>2020-08-08T03:42:41Z</time>
      </trkpt>
      <trkpt lat="26.8230948" lon="75.8001032">
        <time>2020-08-08T03:42:42Z</time>
      </trkpt>
      <trkpt lat="26.8230996" lon="75.8001508">
        <time>2020-08-08T03:42:43Z</time>
      </trkpt>
      <trkpt lat="26.8231107" lon="75.8002143">
        <time>2020-08-08T03:42:44Z</time>
      </trkpt>
      <trkpt lat="26.8231172" lon="75.8002831">
        <time>2020-08-08T03:42:45Z</time>
      </trkpt>
      <trkpt lat="26.8231260" lon="75.8003560">
        <time>2020-08-08T03:42:46Z</time>
      </trkpt>
      <trkpt lat="26.8231390" lon="75.8004402">
        <time>2020-08-08T03:42:47Z</time>
      </trkpt>
      <trkpt lat="26.8231509" lon="75.8005386">
        <time>2020-08-08T03:42:48Z</time>
      </trkpt>
      <trkpt lat="26.8231617" lon="75.8006571">
        <time>2020-08-08T03:42:49Z</time>
      </trkpt>
      <trkpt lat="26.8231795" lon="75.8008052">
        <time>2020-08-08T03:42:50Z</time>
      </trkpt>
      <trkpt lat="26.8231975" lon="75.8009783">
        <time>2020-08-08T03:42:51Z</time>
      </trkpt>
      <trkpt lat="26.8232172" lon="75.8011795">
        <time>2020-08-08T03:42:52Z</time>
      </trkpt>
      <trkpt lat="26.8232378" lon="75.8014027">
        <time>2020-08-08T03:42:53Z</time>
      </trkpt>
      <trkpt lat="26.8232610" lon="75.8016526">
        <time>2020-08-08T03:42:54Z</time>
      </trkpt>
      <trkpt lat="26.8232906" lon="75.8019315">
        <time>2020-08-08T03:42:55Z</time>
      </trkpt>
      <trkpt lat="26.8233172" lon="75.8022406">
        <time>2020-08-08T03:42:56Z</time>
      </trkpt>
      <trkpt lat="26.8233515" lon="75.8025686">
        <time>2020-08-08T03:42:57Z</time>
      </trkpt>
      <trkpt lat="26.8233848" lon="75.8029249">
        <time>2020-08-08T03:42:58Z</time>
      </trkpt>
      <trkpt lat="26.8234240" lon="75.8033114">
        <time>2020-08-08T03:42:59Z</time>
      </trkpt>
      <trkpt lat="26.8234660" lon="75.8037169">
        <time>2020-08-08T03:43:00Z</time>
      </trkpt>
      <trkpt lat="26.8235055" lon="75.8041473">
        <time>2020-08-08T03:43:01Z</time>
      </trkpt>
      <trkpt lat="26.8235432" lon="75.8046037">
        <time>2020-08-08T03:43:02Z</time>
      </trkpt>
      <trkpt lat="26.8235825" lon="75.8050834">
        <time>2020-08-08T03:43:03Z</time>
      </trkpt>
      <trkpt lat="26.8236271" lon="75.8055856">
        <time>2020-08-08T03:43:04Z</time>
      </trkpt>
      <trkpt lat="26.8236763" lon="75.8061136">
        <time>2020-08-08T03:43:05Z</time>
      </trkpt>
      <trkpt lat="26.8237269" lon="75.8066658">
        <time>2020-08-08T03:43:06Z</time>
      </trkpt>
      <trkpt lat="26.8237818" lon="75.8072381">
        <time>2020-08-08T03:43:07Z</time>
      </trkpt>
      <trkpt lat="26.8238384" lon="75.8078375">
        <time>2020-08-08T03:43:08Z</time>
      </trkpt>
      <trkpt lat="26.8238951" lon="75.8084601">
        <time>2020-08-08T03:43:09Z</time>
      </trkpt>
      <trkpt lat="26.8239534" lon="75.8091048">
        <time>2020-08-08T03:43:10Z</time>
      </trkpt>
      <trkpt lat="26.8240184" lon="75.8097711">
        <time>2020-08-08T03:43:11Z</time>
      </trkpt>
      <trkpt lat="26.8240841" lon="75.8104566">
        <time>2020-08-08T03:43:12Z</time>
      </trkpt>
      <trkpt lat="26.8241493" lon="75.8111576">
        <time>2020-08-08T03:43:13Z</time>
      </trkpt>
      <trkpt lat="26.8242136" lon="75.8118800">
        <time>2020-08-08T03:43:14Z</time>
      </trkpt>
      <trkpt lat="26.8242816" lon="75.8126261">
        <time>2020-08-08T03:43:15Z</time>
      </trkpt>
      <trkpt lat="26.8243514" lon="75.8133868">
        <time>2020-08-08T03:43:16Z</time>
      </trkpt>
      <trkpt lat="26.8244228" lon="75.8141705">
        <time>2020-08-08T03:43:17Z</time>
      </trkpt>
      <trkpt lat="26.8245031" lon="75.8149762">
        <time>2020-08-08T03:43:18Z</time>
      </trkpt>
      <trkpt lat="26.8245792" lon="75.8157900">
        <time>2020-08-08T03:43:19Z</time>
      </trkpt>
      <trkpt lat="26.8246627" lon="75.8166234">
        <time>2020-08-08T03:43:20Z</time>
      </trkpt>
      <trkpt lat="26.8247420" lon="75.8174725">
        <time>2020-08-08T03:43:21Z</time>
      </trkpt>
      <trkpt lat="26.8248253" lon="75.8183367">
        <time>2020-08-08T03:43:22Z</time>
      </trkpt>
      <trkpt lat="26.8249232" lon="75.8192099">
        <time>2020-08-08T03:43:23Z</time>
      </trkpt>
      <trkpt lat="26.8250057" lon="75.8200833">
        <time>2020-08-08T03:43:24Z</time>
      </trkpt>
      <trkpt lat="26.8250960" lon="75.8209510">
        <time>2020-08-08T03:43:25Z</time>
      </trkpt>
      <trkpt lat="26.8251951" lon="75.8218175">
        <time>2020-08-08T03:43:26Z</time>
      </trkpt>
      <trkpt lat="26.8252883" lon="75.8226746">
        <time>2020-08-08T03:43:27Z</time>
      </trkpt>
      <trkpt lat="26.8253786" lon="75.8235291">
        <time>2020-08-08T03:43:28Z</time>
      </trkpt>
      <trkpt lat="26.8254675" lon="75.8243808">
        <time>2020-08-08T03:43:29Z</time>
      </trkpt>
      <trkpt lat="26.8255629" lon="75.8252272">
        <time>2020-08-08T03:43:30Z</time>
      </trkpt>
      <trkpt lat="26.8256551" lon="75.8260707">
        <time>2020-08-08T03:43:31Z</time>
      </trkpt>
      <trkpt lat="26.8257495" lon="75.8269127">
        <time>2020-08-08T03:43:32Z</time>
      </trkpt>
      <trkpt lat="26.8258412" lon="75.8277565">
        <time>2020-08-08T03:43:33Z</time>
      </trkpt>
      <trkpt lat="26.8259377" lon="75.8286065">
        <time>2020-08-08T03:43:34Z</time>
      </trkpt>
      <trkpt lat="26.8260268" lon="75.8294574">
        <time>2020-08-08T03:43:35Z</time>
      </trkpt>
      <trkpt lat="26.8261142" lon="75.8303092">
        <time>2020-08-08T03:43:36Z</time>
      </trkpt>
      <trkpt lat="26.8262036" lon="75.8311616">
        <time>2020-08-08T03:43:37Z</time>
      </trkpt>
      <trkpt lat="26.8262905" lon="75.8320094">
        <time>2020-08-08T03:43:38Z</time>
      </trkpt>
      <trkpt lat="26.8263748" lon="75.8328602">
        <time>2020-08-08T03:43:39Z</time>
      </trkpt>
      <trkpt lat="26.8264558" lon="75.8337120">
        <time>2020-08-08T03:43:40Z</time>
      </trkpt>
      <trkpt lat="26.8265403" lon="75.8345668">
        <time>2020-08-08T03:43:41Z</time>
      </trkpt>
      <trkpt lat="26.8266270" lon="75.8354142">
        <time>2020-08-08T03:43:42Z</time>
      </trkpt>
      <trkpt lat="26.8267123" lon="75.8362599">
        <time>2020-08-08T03:43:43Z</time>
      </trkpt>
      <trkpt lat="26.8267914" lon="75.8371060">
        <time>2020-08-08T03:43:44Z</time>
      </trkpt>
      <trkpt lat="26.8268665" lon="75.8379522">
        <time>2020-08-08T03:43:45Z</time>
      </trkpt>
      <trkpt lat="26.8269432" lon="75.8387966">
        <time>2020-08-08T03:43:46Z</time>
      </trkpt>
      <trkpt lat="26.8270229" lon="75.8396464">
        <time>2020-08-08T03:43:47Z</time>
      </trkpt>
      <trkpt lat="26.8271038" lon="75.8404992">
        <time>2020-08-08T03:43:48Z</time>
      </trkpt>
      <trkpt lat="26.8271841" lon="75.8413530">
        <time>2020-08-08T03:43:49Z</time>
      </trkpt>
      <trkpt lat="26.8272631" lon="75.8422161">
        <time>2020-08-08T03:43:50Z</time>
      </trkpt>
      <trkpt lat="26.8273397" lon="75.8430879">
        <time>2020-08-08T03:43:51Z</time>
      </trkpt>
      <trkpt lat="26.8274166" lon="75.8439659">
        <time>2020-08-08T03:43:52Z</time>
      </trkpt>
      <trkpt lat="26.8274906" lon="75.8448502">
        <time>2020-08-08T03:43:53Z</time>
      </trkpt>
      <trkpt lat="26.8275530" lon="75.8457419">
        <time>2020-08-08T03:43:54Z</time>
      </trkpt>
      <trkpt lat="26.8275948" lon="75.8466428">
        <time>2020-08-08T03:43:55Z</time>
      </trkpt>
      <trkpt lat="26.8276076" lon="75.8475537">
        <time>2020-08-08T03:43:56Z</time>
      </trkpt>
      <trkpt lat="26.8275926" lon="75.8484687">
        <time>2020-08-08T03:43:57Z</time>
      </trkpt>
      <trkpt lat="26.8275411" lon="75.8493916">
        <time>2020-08-08T03:43:58Z</time>
      </trkpt>
      <trkpt lat="26.8274515" lon="75.8503187">
        <time>2020-08-08T03:43:59Z</time>
      </trkpt>
      <trkpt lat="26.8273326" lon="75.8512428">
        <time>2020-08-08T03:44:00Z</time>
      </trkpt>
      <trkpt lat="26.8271879" lon="75.8521728">
        <time>2020-08-08T03:44:01Z</time>
      </trkpt>
      <trkpt lat="26.8269653" lon="75.8530985">
        <time>2020-08-08T03:44:02Z</time>
      </trkpt>
      <trkpt lat="26.8267282" lon="75.8540209">
        <time>2020-08-08T03:44:03Z</time>
      </trkpt>
      <trkpt lat="26.8264611" lon="75.8549327">
        <time>2020-08-08T03:44:04Z</time>
      </trkpt>
      <trkpt lat="26.8261423" lon="75.8558460">
        <time>2020-08-08T03:44:05Z</time>
      </trkpt>
      <trkpt lat="26.8257872" lon="75.8567515">
        <time>2020-08-08T03:44:06Z</time>
      </trkpt>
      <trkpt lat="26.8254123" lon="75.8576386">
        <time>2020-08-08T03:44:07Z</time>
      </trkpt>
      <trkpt lat="26.8249808" lon="75.8585219">
        <time>2020-08-08T03:44:08Z</time>
      </trkpt>
      <trkpt lat="26.8245329" lon="75.8593905">
        <time>2020-08-08T03:44:09Z</time>
      </trkpt>
      <trkpt lat="26.8240816" lon="75.8602624">
        <time>2020-08-08T03:44:10Z</time>
      </trkpt>
      <trkpt lat="26.8236113" lon="75.8611048">
        <time>2020-08-08T03:44:11Z</time>
      </trkpt>
      <trkpt lat="26.8230249" lon="75.8619475">
        <time>2020-08-08T03:44:12Z</time>
      </trkpt>
      <trkpt lat="26.8224339" lon="75.8627730">
        <time>2020-08-08T03:44:13Z</time>
      </trkpt>
      <trkpt lat="26.8218149" lon="75.8635554">
        <time>2020-08-08T03:44:14Z</time>
      </trkpt>
      <trkpt lat="26.8211695" lon="75.8643146">
        <time>2020-08-08T03:44:15Z</time>
      </trkpt>
      <trkpt lat="26.8204921" lon="75.8650489">
        <time>2020-08-08T03:44:16Z</time>
      </trkpt>
      <trkpt lat="26.8197628" lon="75.8657367">
        <time>2020-08-08T03:44:17Z</time>
      </trkpt>
      <trkpt lat="26.8190247" lon="75.8664242">
        <time>2020-08-08T03:44:18Z</time>
      </trkpt>
      <trkpt lat="26.8182592" lon="75.8670742">
        <time>2020-08-08T03:44:19Z</time>
      </trkpt>
      <trkpt lat="26.8174712" lon="75.8677028">
        <time>2020-08-08T03:44:20Z</time>
      </trkpt>
      <trkpt lat="26.8165871" lon="75.8682857">
        <time>2020-08-08T03:44:21Z</time>
      </trkpt>
      <trkpt lat="26.8157528" lon="75.8688845">
        <time>2020-08-08T03:44:22Z</time>
      </trkpt>
      <trkpt lat="26.8149027" lon="75.8694603">
        <time>2020-08-08T03:44:23Z</time>
      </trkpt>
      <trkpt lat="26.8139911" lon="75.8699703">
        <time>2020-08-08T03:44:24Z</time>
      </trkpt>
      <trkpt lat="26.8130951" lon="75.8704975">
        <time>2020-08-08T03:44:25Z</time>
      </trkpt>
      <trkpt lat="26.8121997" lon="75.8710234">
        <time>2020-08-08T03:44:26Z</time>
      </trkpt>
      <trkpt lat="26.8112896" lon="75.8715413">
        <time>2020-08-08T03:44:27Z</time>
      </trkpt>
      <trkpt lat="26.8103685" lon="75.8720463">
        <time>2020-08-08T03:44:28Z</time>
      </trkpt>
      <trkpt lat="26.8094567" lon="75.8725615">
        <time>2020-08-08T03:44:29Z</time>
      </trkpt>
      <trkpt lat="26.8085289" lon="75.8730677">
        <time>2020-08-08T03:44:30Z</time>
      </trkpt>
      <trkpt lat="26.8075908" lon="75.8735639">
        <time>2020-08-08T03:44:31Z</time>
      </trkpt>
      <trkpt lat="26.8066474" lon="75.8740617">
        <time>2020-08-08T03:44:32Z</time>
      </trkpt>
      <trkpt lat="26.8056965" lon="75.8745635">
        <time>2020-08-08T03:44:33Z</time>
      </trkpt>
      <trkpt lat="26.8047409" lon="75.8750595">
        <time>2020-08-08T03:44:34Z</time>
      </trkpt>
      <trkpt lat="26.8037813" lon="75.8755597">
        <time>2020-08-08T03:44:35Z</time>
      </trkpt>
      <trkpt lat="26.8028167" lon="75.8760631">
        <time>2020-08-08T03:44:36Z</time>
      </trkpt>
      <trkpt lat="26.8018477" lon="75.8765662">
        <time>2020-08-08T03:44:37Z</time>
      </trkpt>
      <trkpt lat="26.8008747" lon="75.8770714">
        <time>2020-08-08T03:44:38Z</time>
      </trkpt>
    </trkseg>
  </trk>
  <trk>
    <name>20200809_141718.gpx</name>
    <desc>JAI approach</desc>
    <url>/user/Yashsvi%20Dixit/traces/3409863</url>
    <trkseg>
      <trkpt lat="26.8327656" lon="75.8996480">
        <time>2020-08-09T09:20:13Z</time>
      </trkpt>
      <trkpt lat="26.8327423" lon="75.8988688">
        <time>2020-08-09T09:20:14Z</time>
      </trkpt>
      <trkpt lat="26.8326687" lon="75.8981278">
        <time>2020-08-09T09:20:15Z</time>
      </trkpt>
      <trkpt lat="26.8325971" lon="75.8973494">
        <time>2020-08-09T09:20:16Z</time>
      </trkpt>
      <trkpt lat="26.8324558" lon="75.8966131">
        <time>2020-08-09T09:20:17Z</time>
      </trkpt>
      <trkpt lat="26.8323483" lon="75.8958580">
        <time>2020-08-09T09:20:18Z</time>
      </trkpt>
      <trkpt lat="26.8322126" lon="75.8951217">
        <time>2020-08-09T09:20:19Z</time>
      </trkpt>
      <trkpt lat="26.8321129" lon="75.8943732">
        <time>2020-08-09T09:20:20Z</time>
      </trkpt>
      <trkpt lat="26.8320290" lon="75.8936194">
        <time>2020-08-09T09:20:21Z</time>
      </trkpt>
      <trkpt lat="26.8319427" lon="75.8928688">
        <time>2020-08-09T09:20:22Z</time>
      </trkpt>
      <trkpt lat="26.8318657" lon="75.8921210">
        <time>2020-08-09T09:20:23Z</time>
      </trkpt>
      <trkpt lat="26.8317814" lon="75.8913749">
        <time>2020-08-09T09:20:24Z</time>
      </trkpt>
      <trkpt lat="26.8316928" lon="75.8906084">
        <time>2020-08-09T09:20:25Z</time>
      </trkpt>
      <trkpt lat="26.8316181" lon="75.8898512">
        <time>2020-08-09T09:20:26Z</time>
      </trkpt>
      <trkpt lat="26.8315348" lon="75.8890896">
        <time>2020-08-09T09:20:27Z</time>
      </trkpt>
      <trkpt lat="26.8314529" lon="75.8883232">
        <time>2020-08-09T09:20:28Z</time>
      </trkpt>
      <trkpt lat="26.8313767" lon="75.8875636">
        <time>2020-08-09T09:20:29Z</time>
      </trkpt>
      <trkpt lat="26.8313086" lon="75.8868111">
        <time>2020-08-09T09:20:30Z</time>
      </trkpt>
      <trkpt lat="26.8312378" lon="75.8860580">
        <time>2020-08-09T09:20:31Z</time>
      </trkpt>
      <trkpt lat="26.8311674" lon="75.8853053">
        <time>2020-08-09T09:20:32Z</time>
      </trkpt>
      <trkpt lat="26.8310971" lon="75.8845602">
        <time>2020-08-09T09:20:33Z</time>
      </trkpt>
      <trkpt lat="26.8310225" lon="75.8838151">
        <time>2020-08-09T09:20:34Z</time>
      </trkpt>
      <trkpt lat="26.8309470" lon="75.8830643">
        <time>2020-08-09T09:20:35Z</time>
      </trkpt>
      <trkpt lat="26.8308737" lon="75.8823145">
        <time>2020-08-09T09:20:36Z</time>
      </trkpt>
      <trkpt lat="26.8308021" lon="75.8815685">
        <time>2020-08-09T09:20:37Z</time>
      </trkpt>
      <trkpt lat="26.8307344" lon="75.8808203">
        <time>2020-08-09T09:20:38Z</time>
      </trkpt>
      <trkpt lat="26.8306649" lon="75.8800793">
        <time>2020-08-09T09:20:39Z</time>
      </trkpt>
      <trkpt lat="26.8305948" lon="75.8793360">
        <time>2020-08-09T09:20:40Z</time>
      </trkpt>
      <trkpt lat="26.8305197" lon="75.8785899">
        <time>2020-08-09T09:20:41Z</time>
      </trkpt>
      <trkpt lat="26.8304531" lon="75.8778458">
        <time>2020-08-09T09:20:42Z</time>
      </trkpt>
      <trkpt lat="26.8303797" lon="75.8771059">
        <time>2020-08-09T09:20:43Z</time>
      </trkpt>
      <trkpt lat="26.8303115" lon="75.8763612">
        <time>2020-08-09T09:20:44Z</time>
      </trkpt>
      <trkpt lat="26.8302413" lon="75.8756193">
        <time>2020-08-09T09:20:45Z</time>
      </trkpt>
      <trkpt lat="26.8301733" lon="75.8748745">
        <time>2020-08-09T09:20:46Z</time>
      </trkpt>
      <trkpt lat="26.8300995" lon="75.8741304">
        <time>2020-08-09T09:20:47Z</time>
      </trkpt>
      <trkpt lat="26.8300332" lon="75.8733848">
        <time>2020-08-09T09:20:48Z</time>
      </trkpt>
      <trkpt lat="26.8299624" lon="75.8726361">
        <time>2020-08-09T09:20:49Z</time>
      </trkpt>
      <trkpt lat="26.8298927" lon="75.8718842">
        <time>2020-08-09T09:20:50Z</time>
      </trkpt>
      <trkpt lat="26.8298212" lon="75.8711329">
        <time>2020-08-09T09:20:51Z</time>
      </trkpt>
      <trkpt lat="26.8297552" lon="75.8703773">
        <time>2020-08-09T09:20:52Z</time>
      </trkpt>
      <trkpt lat="26.8296852" lon="75.8696212">
        <time>2020-08-09T09:20:53Z</time>
      </trkpt>
      <trkpt lat="26.8296189" lon="75.8688664">
        <time>2020-08-09T09:20:54Z</time>
      </trkpt>
      <trkpt lat="26.8295482" lon="75.8681086">
        <time>2020-08-09T09:20:55Z</time>
      </trkpt>
      <trkpt lat="26.8294813" lon="75.8673519">
        <time>2020-08-09T09:20:56Z</time>
      </trkpt>
      <trkpt lat="26.8241476" lon="75.8036036">
        <time>2020-08-09T09:23:23Z</time>
      </trkpt>
      <trkpt lat="26.8242032" lon="75.8035679">
        <time>2020-08-09T09:23:24Z</time>
      </trkpt>
      <trkpt lat="26.8242467" lon="75.8035381">
        <time>2020-08-09T09:23:25Z</time>
      </trkpt>
      <trkpt lat="26.8242895" lon="75.8035305">
        <time>2020-08-09T09:23:26Z</time>
      </trkpt>
      <trkpt lat="26.8243299" lon="75.8035145">
        <time>2020-08-09T09:23:27Z</time>
      </trkpt>
      <trkpt lat="26.8243770" lon="75.8034373">
        <time>2020-08-09T09:23:28Z</time>
      </trkpt>
      <trkpt lat="26.8244268" lon="75.8034166">
        <time>2020-08-09T09:23:29Z</time>
      </trkpt>
      <trkpt lat="26.8244595" lon="75.8033792">
        <time>2020-08-09T09:23:30Z</time>
      </trkpt>
      <trkpt lat="26.8245075" lon="75.8033564">
        <time>2020-08-09T09:23:31Z</time>
      </trkpt>
      <trkpt lat="26.8245382" lon="75.8033212">
        <time>2020-08-09T09:23:32Z</time>
      </trkpt>
      <trkpt lat="26.8245735" lon="75.8032891">
        <time>2020-08-09T09:23:33Z</time>
      </trkpt>
      <trkpt lat="26.8246023" lon="75.8032694">
        <time>2020-08-09T09:23:34Z</time>
      </trkpt>
      <trkpt lat="26.8246311" lon="75.8032488">
        <time>2020-08-09T09:23:35Z</time>
      </trkpt>
      <trkpt lat="26.8246555" lon="75.8032285">
        <time>2020-08-09T09:23:36Z</time>
      </trkpt>
      <trkpt lat="26.8246797" lon="75.8032105">
        <time>2020-08-09T09:23:37Z</time>
      </trkpt>
      <trkpt lat="26.8247026" lon="75.8031925">
        <time>2020-08-09T09:23:38Z</time>
      </trkpt>
      <trkpt lat="26.8247272" lon="75.8031711">
        <time>2020-08-09T09:23:39Z</time>
      </trkpt>
      <trkpt lat="26.8247532" lon="75.8031528">
        <time>2020-08-09T09:23:40Z</time>
      </trkpt>
      <trkpt lat="26.8247792" lon="75.8031360">
        <time>2020-08-09T09:23:41Z</time>
      </trkpt>
      <trkpt lat="26.8248054" lon="75.8031180">
        <time>2020-08-09T09:23:42Z</time>
      </trkpt>
      <trkpt lat="26.8248330" lon="75.8031030">
        <time>2020-08-09T09:23:43Z</time>
      </trkpt>
      <trkpt lat="26.8248616" lon="75.8030900">
        <time>2020-08-09T09:23:44Z</time>
      </trkpt>
      <trkpt lat="26.8248899" lon="75.8030786">
        <time>2020-08-09T09:23:45Z</time>
      </trkpt>
      <trkpt lat="26.8249179" lon="75.8030690">
        <time>2020-08-09T09:23:46Z</time>
      </trkpt>
      <trkpt lat="26.8249472" lon="75.8030603">
        <time>2020-08-09T09:23:47Z</time>
      </trkpt>
      <trkpt lat="26.8249780" lon="75.8030554">
        <time>2020-08-09T09:23:48Z</time>
      </trkpt>
      <trkpt lat="26.8250083" lon="75.8030531">
        <time>2020-08-09T09:23:49Z</time>
      </trkpt>
      <trkpt lat="26.8250434" lon="75.8030566">
        <time>2020-08-09T09:23:50Z</time>
      </trkpt>
      <trkpt lat="26.8250787" lon="75.8030628">
        <time>2020-08-09T09:23:51Z</time>
      </trkpt>
      <trkpt lat="26.8251142" lon="75.8030728">
        <time>2020-08-09T09:23:52Z</time>
      </trkpt>
      <trkpt lat="26.8251485" lon="75.8030841">
        <time>2020-08-09T09:23:53Z</time>
      </trkpt>
      <trkpt lat="26.8251834" lon="75.8031010">
        <time>2020-08-09T09:23:54Z</time>
      </trkpt>
      <trkpt lat="26.8252192" lon="75.8031214">
        <time>2020-08-09T09:23:55Z</time>
      </trkpt>
      <trkpt lat="26.8252543" lon="75.8031459">
        <time>2020-08-09T09:23:56Z</time>
      </trkpt>
      <trkpt lat="26.8252888" lon="75.8031704">
        <time>2020-08-09T09:23:57Z</time>
      </trkpt>
      <trkpt lat="26.8253229" lon="75.8031944">
        <time>2020-08-09T09:23:58Z</time>
      </trkpt>
      <trkpt lat="26.8253547" lon="75.8032168">
        <time>2020-08-09T09:23:59Z</time>
      </trkpt>
      <trkpt lat="26.8253844" lon="75.8032398">
        <time>2020-08-09T09:24:00Z</time>
      </trkpt>
      <trkpt lat="26.8254133" lon="75.8032621">
        <time>2020-08-09T09:24:01Z</time>
      </trkpt>
      <trkpt lat="26.8254396" lon="75.8032826">
        <time>2020-08-09T09:24:02Z</time>
      </trkpt>
      <trkpt lat="26.8254652" lon="75.8033047">
        <time>2020-08-09T09:24:03Z</time>
      </trkpt>
      <trkpt lat="26.8258202" lon="75.8036720">
        <time>2020-08-09T09:24:16Z</time>
      </trkpt>
      <trkpt lat="26.8258350" lon="75.8037215">
        <time>2020-08-09T09:24:17Z</time>
      </trkpt>
      <trkpt lat="26.8258434" lon="75.8037734">
        <time>2020-08-09T09:24:18Z</time>
      </trkpt>
      <trkpt lat="26.8258568" lon="75.8038157">
        <time>2020-08-09T09:24:19Z</time>
      </trkpt>
      <trkpt lat="26.8258602" lon="75.8038645">
        <time>2020-08-09T09:24:20Z</time>
      </trkpt>
      <trkpt lat="26.8258628" lon="75.8039114">
        <time>2020-08-09T09:24:21Z</time>
      </trkpt>
      <trkpt lat="26.8258395" lon="75.8039634">
        <time>2020-08-09T09:24:22Z</time>
      </trkpt>
      <trkpt lat="26.8258271" lon="75.8040079">
        <time>2020-08-09T09:24:23Z</time>
      </trkpt>
      <trkpt lat="26.8258366" lon="75.8040378">
        <time>2020-08-09T09:24:24Z</time>
      </trkpt>
      <trkpt lat="26.8258426" lon="75.8040768">
        <time>2020-08-09T09:24:25Z</time>
      </trkpt>
      <trkpt lat="26.8258489" lon="75.8041148">
        <time>2020-08-09T09:24:26Z</time>
      </trkpt>
      <trkpt lat="26.8258481" lon="75.8041527">
        <time>2020-08-09T09:24:27Z</time>
      </trkpt>
      <trkpt lat="26.8258472" lon="75.8041888">
        <time>2020-08-09T09:24:28Z</time>
      </trkpt>
      <trkpt lat="26.8258471" lon="75.8042217">
        <time>2020-08-09T09:24:29Z</time>
      </trkpt>
      <trkpt lat="26.8258488" lon="75.8042523">
        <time>2020-08-09T09:24:30Z</time>
      </trkpt>
      <trkpt lat="26.8258563" lon="75.8042822">
        <time>2020-08-09T09:24:31Z</time>
      </trkpt>
      <trkpt lat="26.8258648" lon="75.8043134">
        <time>2020-08-09T09:24:32Z</time>
      </trkpt>
      <trkpt lat="26.8258769" lon="75.8043443">
        <time>2020-08-09T09:24:33Z</time>
      </trkpt>
      <trkpt lat="26.8258938" lon="75.8043800">
        <time>2020-08-09T09:24:34Z</time>
      </trkpt>
      <trkpt lat="26.8259122" lon="75.8044192">
        <time>2020-08-09T09:24:35Z</time>
      </trkpt>
      <trkpt lat="26.8259310" lon="75.8044569">
        <time>2020-08-09T09:24:36Z</time>
      </trkpt>
      <trkpt lat="26.8259525" lon="75.8044929">
        <time>2020-08-09T09:24:37Z</time>
      </trkpt>
      <trkpt lat="26.8259831" lon="75.8045232">
        <time>2020-08-09T09:24:38Z</time>
      </trkpt>
      <trkpt lat="26.8260205" lon="75.8045464">
        <time>2020-08-09T09:24:39Z</time>
      </trkpt>
      <trkpt lat="26.8260566" lon="75.8045609">
        <time>2020-08-09T09:24:40Z</time>
      </trkpt>
      <trkpt lat="26.8260905" lon="75.8045793">
        <time>2020-08-09T09:24:41Z</time>
      </trkpt>
      <trkpt lat="26.8261255" lon="75.8045916">
        <time>2020-08-09T09:24:42Z</time>
      </trkpt>
      <trkpt lat="26.8261573" lon="75.8045957">
        <time>2020-08-09T09:24:43Z</time>
      </trkpt>
      <trkpt lat="26.8261907" lon="75.8045959">
        <time>2020-08-09T09:24:44Z</time>
      </trkpt>
      <trkpt lat="26.8262277" lon="75.8045997">
        <time>2020-08-09T09:24:45Z</time>
      </trkpt>
      <trkpt lat="26.8262540" lon="75.8046036">
        <time>2020-08-09T09:24:46Z</time>
      </trkpt>
      <trkpt lat="26.8262730" lon="75.8046063">
        <time>2020-08-09T09:24:47Z</time>
      </trkpt>
      <trkpt lat="26.8262937" lon="75.8046030">
        <time>2020-08-09T09:24:48Z</time>
      </trkpt>
      <trkpt lat="26.8263179" lon="75.8045994">
        <time>2020-08-09T09:24:49Z</time>
      </trkpt>
      <trkpt lat="26.8263450" lon="75.8045942">
        <time>2020-08-09T09:24:50Z</time>
      </trkpt>
      <trkpt lat="26.8263727" lon="75.8045905">
        <time>2020-08-09T09:24:51Z</time>
      </trkpt>
      <trkpt lat="26.8263999" lon="75.8045837">
        <time>2020-08-09T09:24:52Z</time>
      </trkpt>
      <trkpt lat="26.8264240" lon="75.8045808">
        <time>2020-08-09T09:24:53Z</time>
      </trkpt>
      <trkpt lat="26.8264503" lon="75.8045742">
        <time>2020-08-09T09:24:54Z</time>
      </trkpt>
      <trkpt lat="26.8264754" lon="75.8045712">
        <time>2020-08-09T09:24:55Z</time>
      </trkpt>
      <trkpt lat="26.8264999" lon="75.8045691">
        <time>2020-08-09T09:24:56Z</time>
      </trkpt>
      <trkpt lat="26.8265210" lon="75.8045672">
        <time>2020-08-09T09:24:57Z</time>
      </trkpt>
      <trkpt lat="26.8265386" lon="75.8045666">
        <time>2020-08-09T09:24:58Z</time>
      </trkpt>
      <trkpt lat="26.8265533" lon="75.8045666">
        <time>2020-08-09T09:24:59Z</time>
      </trkpt>
      <trkpt lat="26.8265658" lon="75.8045671">
        <time>2020-08-09T09:25:00Z</time>
      </trkpt>
      <trkpt lat="26.8265763" lon="75.8045674">
        <time>2020-08-09T09:25:01Z</time>
      </trkpt>
      <trkpt lat="26.8265863" lon="75.8045656">
        <time>2020-08-09T09:25:02Z</time>
      </trkpt>
      <trkpt lat="26.8265957" lon="75.8045646">
        <time>2020-08-09T09:25:03Z</time>
      </trkpt>
      <trkpt lat="26.8266047" lon="75.8045664">
        <time>2020-08-09T09:25:04Z</time>
      </trkpt>
      <trkpt lat="26.8266149" lon="75.8045682">
        <time>2020-08-09T09:25:05Z</time>
      </trkpt>
      <trkpt lat="26.8266253" lon="75.8045703">
        <time>2020-08-09T09:25:06Z</time>
      </trkpt>
      <trkpt lat="26.8266350" lon="75.8045714">
        <time>2020-08-09T09:25:07Z</time>
      </trkpt>
      <trkpt lat="26.8266443" lon="75.8045719">
        <time>2020-08-09T09:25:08Z</time>
      </trkpt>
      <trkpt lat="26.8266525" lon="75.8045728">
        <time>2020-08-09T09:25:09Z</time>
      </trkpt>
      <trkpt lat="26.8266595" lon="75.8045759">
        <time>2020-08-09T09:25:10Z</time>
      </trkpt>
      <trkpt lat="26.8266655" lon="75.8045779">
        <time>2020-08-09T09:25:11Z</time>
      </trkpt>
      <trkpt lat="26.8266719" lon="75.8045790">
        <time>2020-08-09T09:25:12Z</time>
      </trkpt>
      <trkpt lat="26.8266782" lon="75.8045798">
        <time>2020-08-09T09:25:13Z</time>
      </trkpt>
      <trkpt lat="26.8266841" lon="75.8045798">
        <time>2020-08-09T09:25:14Z</time>
      </trkpt>
      <trkpt lat="26.8266907" lon="75.8045784">
        <time>2020-08-09T09:25:15Z</time>
      </trkpt>
      <trkpt lat="26.8266970" lon="75.8045767">
        <time>2020-08-09T09:25:16Z</time>
      </trkpt>
      <trkpt lat="26.8267025" lon="75.8045758">
        <time>2020-08-09T09:25:17Z</time>
      </trkpt>
      <trkpt lat="26.8267074" lon="75.8045749">
        <time>2020-08-09T09:25:18Z</time>
      </trkpt>
      <trkpt lat="26.8267113" lon="75.8045761">
        <time>2020-08-09T09:25:19Z</time>
      </trkpt>
      <trkpt lat="26.8267146" lon="75.8045762">
        <time>2020-08-09T09:25:20Z</time>
      </trkpt>
      <trkpt lat="26.8267169" lon="75.8045754">
        <time>2020-08-09T09:25:21Z</time>
      </trkpt>
      <trkpt lat="26.8267162" lon="75.8045743">
        <time>2020-08-09T09:25:22Z</time>
      </trkpt>
      <trkpt lat="26.8267157" lon="75.8045737">
        <time>2020-08-09T09:25:23Z</time>
      </trkpt>
      <trkpt lat="26.8267152" lon="75.8045733">
        <time>2020-08-09T09:25:24Z</time>
      </trkpt>
      <trkpt lat="26.8267153" lon="75.8045740">
        <time>2020-08-09T09:25:25Z</time>
      </trkpt>
      <trkpt lat="26.8267149" lon="75.8045735">
        <time>2020-08-09T09:25:26Z</time>
      </trkpt>
      <trkpt lat="26.8267144" lon="75.8045733">
        <time>2020-08-09T09:25:27Z</time>
      </trkpt>
      <trkpt lat="26.8267142" lon="75.8045735">
        <time>2020-08-09T09:25:28Z</time>
      </trkpt>
      <trkpt lat="26.8267137" lon="75.8045737">
        <time>2020-08-09T09:25:29Z</time>
      </trkpt>
      <trkpt lat="26.8267132" lon="75.8045737">
        <time>2020-08-09T09:25:30Z</time>
      </trkpt>
      <trkpt lat="26.8267133" lon="75.8045742">
        <time>2020-08-09T09:25:31Z</time>
      </trkpt>
      <trkpt lat="26.8267130" lon="75.8045748">
        <time>2020-08-09T09:25:32Z</time>
      </trkpt>
      <trkpt lat="26.8267125" lon="75.8045744">
        <time>2020-08-09T09:25:33Z</time>
      </trkpt>
      <trkpt lat="26.8267123" lon="75.8045739">
        <time>2020-08-09T09:25:34Z</time>
      </trkpt>
      <trkpt lat="26.8267122" lon="75.8045742">
        <time>2020-08-09T09:25:35Z</time>
      </trkpt>
      <trkpt lat="26.8267121" lon="75.8045741">
        <time>2020-08-09T09:25:36Z</time>
      </trkpt>
      <trkpt lat="26.8267120" lon="75.8045743">
        <time>2020-08-09T09:25:37Z</time>
      </trkpt>
      <trkpt lat="26.8267119" lon="75.8045743">
        <time>2020-08-09T09:25:38Z</time>
      </trkpt>
      <trkpt lat="26.8267119" lon="75.8045742">
        <time>2020-08-09T09:25:39Z</time>
      </trkpt>
      <trkpt lat="26.8267119" lon="75.8045742">
        <time>2020-08-09T09:25:40Z</time>
      </trkpt>
      <trkpt lat="26.8267119" lon="75.8045742">
        <time>2020-08-09T09:25:41Z</time>
      </trkpt>
      <trkpt lat="26.8267119" lon="75.8045742">
        <time>2020-08-09T09:25:42Z</time>
      </trkpt>
    </trkseg>
  </trk>
  <trk>
    <trkseg>
      <trkpt lat="26.9828137" lon="75.8530321">
        <time>2020-02-20T04:13:06Z</time>
      </trkpt>
      <trkpt lat="26.9828111" lon="75.8530344">
        <time>2020-02-20T04:13:12Z</time>
      </trkpt>
      <trkpt lat="26.9828070" lon="75.8530259">
        <time>2020-02-20T04:13:18Z</time>
      </trkpt>
      <trkpt lat="26.9828100" lon="75.8529673">
        <time>2020-02-20T04:13:24Z</time>
      </trkpt>
      <trkpt lat="26.9828066" lon="75.8529650">
        <time>2020-02-20T04:13:30Z</time>
      </trkpt>
      <trkpt lat="26.9828033" lon="75.8529570">
        <time>2020-02-20T04:13:36Z</time>
      </trkpt>
      <trkpt lat="26.9828014" lon="75.8529560">
        <time>2020-02-20T04:13:42Z</time>
      </trkpt>
      <trkpt lat="26.9828016" lon="75.8529550">
        <time>2020-02-20T04:13:48Z</time>
      </trkpt>
      <trkpt lat="26.9828017" lon="75.8529552">
        <time>2020-02-20T04:13:54Z</time>
      </trkpt>
      <trkpt lat="26.9828018" lon="75.8529548">
        <time>2020-02-20T04:14:00Z</time>
      </trkpt>
      <trkpt lat="26.9828013" lon="75.8529569">
        <time>2020-02-20T04:14:05Z</time>
      </trkpt>
      <trkpt lat="26.9828014" lon="75.8529561">
        <time>2020-02-20T04:14:10Z</time>
      </trkpt>
      <trkpt lat="26.9828016" lon="75.8529561">
        <time>2020-02-20T04:14:16Z</time>
      </trkpt>
      <trkpt lat="26.9828016" lon="75.8529548">
        <time>2020-02-20T04:14:22Z</time>
      </trkpt>
      <trkpt lat="26.9828017" lon="75.8529531">
        <time>2020-02-20T04:14:28Z</time>
      </trkpt>
      <trkpt lat="26.9828018" lon="75.8529523">
        <time>2020-02-20T04:14:34Z</time>
      </trkpt>
      <trkpt lat="26.9828017" lon="75.8529519">
        <time>2020-02-20T04:14:39Z</time>
      </trkpt>
      <trkpt lat="26.9828018" lon="75.8529516">
        <time>2020-02-20T04:14:45Z</time>
      </trkpt>
      <trkpt lat="26.9828018" lon="75.8529515">
        <time>2020-02-20T04:14:51Z</time>
      </trkpt>
      <trkpt lat="26.9828018" lon="75.8529510">
        <time>2020-02-20T04:14:57Z</time>
      </trkpt>
      <trkpt lat="26.9828015" lon="75.8529506">
        <time>2020-02-20T04:15:03Z</time>
      </trkpt>
      <trkpt lat="26.9828015" lon="75.8529504">
        <time>2020-02-20T04:15:09Z</time>
      </trkpt>
      <trkpt lat="26.9828014" lon="75.8529499">
        <time>2020-02-20T04:15:14Z</time>
      </trkpt>
      <trkpt lat="26.9828008" lon="75.8529478">
        <time>2020-02-20T04:15:20Z</time>
      </trkpt>
      <trkpt lat="26.9828164" lon="75.8529604">
        <time>2020-02-20T04:15:26Z</time>
      </trkpt>
      <trkpt lat="26.9828321" lon="75.8529756">
        <time>2020-02-20T04:15:31Z</time>
      </trkpt>
      <trkpt lat="26.9828962" lon="75.8530005">
        <time>2020-02-20T04:15:36Z</time>
      </trkpt>
      <trkpt lat="26.9830312" lon="75.8531064">
        <time>2020-02-20T04:15:42Z</time>
      </trkpt>
      <trkpt lat="26.9830410" lon="75.8531671">
        <time>2020-02-20T04:15:47Z</time>
      </trkpt>
      <trkpt lat="26.9831217" lon="75.8532776">
        <time>2020-02-20T04:15:53Z</time>
      </trkpt>
      <trkpt lat="26.9835110" lon="75.8535092">
        <time>2020-02-20T04:15:59Z</time>
      </trkpt>
      <trkpt lat="26.9839131" lon="75.8536553">
        <time>2020-02-20T04:16:04Z</time>
      </trkpt>
      <trkpt lat="26.9845125" lon="75.8538693">
        <time>2020-02-20T04:16:10Z</time>
      </trkpt>
      <trkpt lat="26.9849795" lon="75.8540006">
        <time>2020-02-20T04:16:15Z</time>
      </trkpt>
      <trkpt lat="26.9852904" lon="75.8540471">
        <time>2020-02-20T04:16:21Z</time>
      </trkpt>
      <trkpt lat="26.9855973" lon="75.8540366">
        <time>2020-02-20T04:16:27Z</time>
      </trkpt>
      <trkpt lat="26.9857746" lon="75.8540073">
        <time>2020-02-20T04:16:32Z</time>
      </trkpt>
      <trkpt lat="26.9860086" lon="75.8539862">
        <time>2020-02-20T04:16:38Z</time>
      </trkpt>
      <trkpt lat="26.9861781" lon="75.8539559">
        <time>2020-02-20T04:16:44Z</time>
      </trkpt>
      <trkpt lat="26.9863026" lon="75.8539648">
        <time>2020-02-20T04:16:49Z</time>
      </trkpt>
      <trkpt lat="26.9865207" lon="75.8540580">
        <time>2020-02-20T04:16:54Z</time>
      </trkpt>
      <trkpt lat="26.9866897" lon="75.8541625">
        <time>2020-02-20T04:16:59Z</time>
      </trkpt>
      <trkpt lat="26.9869359" lon="75.8543217">
        <time>2020-02-20T04:17:05Z</time>
      </trkpt>
      <trkpt lat="26.9871806" lon="75.8544644">
        <time>2020-02-20T04:17:11Z</time>
      </trkpt>
      <trkpt lat="26.9873551" lon="75.8546332">
        <time>2020-02-20T04:17:17Z</time>
      </trkpt>
      <trkpt lat="26.9874412" lon="75.8547311">
        <time>2020-02-20T04:17:22Z</time>
      </trkpt>
      <trkpt lat="26.9876189" lon="75.8548782">
        <time>2020-02-20T04:17:28Z</time>
      </trkpt>
      <trkpt lat="26.9877815" lon="75.8550157">
        <time>2020-02-20T04:17:34Z</time>
      </trkpt>
      <trkpt lat="26.9879615" lon="75.8551350">
        <time>2020-02-20T04:17:40Z</time>
      </trkpt>
      <trkpt lat="26.9881578" lon="75.8552615">
        <time>2020-02-20T04:17:46Z</time>
      </trkpt>
      <trkpt lat="26.9883093" lon="75.8554263">
        <time>2020-02-20T04:17:51Z</time>
      </trkpt>
      <trkpt lat="26.9884428" lon="75.8555610">
        <time>2020-02-20T04:17:57Z</time>
      </trkpt>
      <trkpt lat="26.9885213" lon="75.8556125">
        <time>2020-02-20T04:18:02Z</time>
      </trkpt>
      <trkpt lat="26.9885965" lon="75.8556178">
        <time>2020-02-20T04:18:08Z</time>
      </trkpt>
      <trkpt lat="26.9887580" lon="75.8556372">
        <time>2020-02-20T04:18:14Z</time>
      </trkpt>
      <trkpt lat="26.9888809" lon="75.8556311">
        <time>2020-02-20T04:18:20Z</time>
      </trkpt>
      <trkpt lat="26.9889717" lon="75.8556317">
        <time>2020-02-20T04:18:26Z</time>
      </trkpt>
      <trkpt lat="26.9889934" lon="75.8556417">
        <time>2020-02-20T04:18:32Z</time>
      </trkpt>
      <trkpt lat="26.9889905" lon="75.8556456">
        <time>2020-02-20T04:18:37Z</time>
      </trkpt>
      <trkpt lat="26.9889923" lon="75.8556492">
        <time>2020-02-20T04:18:43Z</time>
      </trkpt>
      <trkpt lat="26.9889922" lon="75.8556485">
        <time>2020-02-20T04:18:48Z</time>
      </trkpt>
      <trkpt lat="26.9890931" lon="75.8556316">
        <time>2020-02-20T04:18:54Z</time>
      </trkpt>
      <trkpt lat="26.9891462" lon="75.8556188">
        <time>2020-02-20T04:19:00Z</time>
      </trkpt>
      <trkpt lat="26.9891336" lon="75.8556354">
        <time>2020-02-20T04:19:06Z</time>
      </trkpt>
      <trkpt lat="26.9891285" lon="75.8556298">
        <time>2020-02-20T04:19:12Z</time>
      </trkpt>
      <trkpt lat="26.9891736" lon="75.8556107">
        <time>2020-02-20T04:19:18Z</time>
      </trkpt>
      <trkpt lat="26.9891889" lon="75.8556026">
        <time>2020-02-20T04:19:24Z</time>
      </trkpt>
      <trkpt lat="26.9891937" lon="75.8556013">
        <time>2020-02-20T04:19:30Z</time>
      </trkpt>
      <trkpt lat="26.9891998" lon="75.8556058">
        <time>2020-02-20T04:19:36Z</time>
      </trkpt>
      <trkpt lat="26.9891950" lon="75.8556049">
        <time>2020-02-20T04:19:41Z</time>
      </trkpt>
      <trkpt lat="26.9891987" lon="75.8556057">
        <time>2020-02-20T04:19:47Z</time>
      </trkpt>
      <trkpt lat="26.9892000" lon="75.8556044">
        <time>2020-02-20T04:19:52Z</time>
      </trkpt>
      <trkpt lat="26.9892107" lon="75.8556087">
        <time>2020-02-20T04:19:58Z</time>
      </trkpt>
      <trkpt lat="26.9892164" lon="75.8556138">
        <time>2020-02-20T04:20:04Z</time>
      </trkpt>
      <trkpt lat="26.9893036" lon="75.8555909">
        <time>2020-02-20T04:20:10Z</time>
      </trkpt>
      <trkpt lat="26.9895302" lon="75.8555488">
        <time>2020-02-20T04:20:16Z</time>
      </trkpt>
      <trkpt lat="26.9898252" lon="75.8554840">
        <time>2020-02-20T04:20:22Z</time>
      </trkpt>
      <trkpt lat="26.9899852" lon="75.8553529">
        <time>2020-02-20T04:20:28Z</time>
      </trkpt>
      <trkpt lat="26.9901346" lon="75.8550293">
        <time>2020-02-20T04:20:33Z</time>
      </trkpt>
      <trkpt lat="26.9903130" lon="75.8546080">
        <time>2020-02-20T04:20:39Z</time>
      </trkpt>
      <trkpt lat="26.9904813" lon="75.8541359">
        <time>2020-02-20T04:20:45Z</time>
      </trkpt>
      <trkpt lat="26.9906807" lon="75.8536300">
        <time>2020-02-20T04:20:51Z</time>
      </trkpt>
      <trkpt lat="26.9906968" lon="75.8532821">
        <time>2020-02-20T04:20:57Z</time>
      </trkpt>
      <trkpt lat="26.9904986" lon="75.8529903">
        <time>2020-02-20T04:21:03Z</time>
      </trkpt>
      <trkpt lat="26.9903334" lon="75.8526944">
        <time>2020-02-20T04:21:08Z</time>
      </trkpt>
      <trkpt lat="26.9904682" lon="75.8523243">
        <time>2020-02-20T04:21:14Z</time>
      </trkpt>
      <trkpt lat="26.9907840" lon="75.8519490">
        <time>2020-02-20T04:21:20Z</time>
      </trkpt>
      <trkpt lat="26.9911425" lon="75.8516958">
        <time>2020-02-20T04:21:25Z</time>
      </trkpt>
      <trkpt lat="26.9915609" lon="75.8514259">
        <time>2020-02-20T04:21:31Z</time>
      </trkpt>
      <trkpt lat="26.9919743" lon="75.8510626">
        <time>2020-02-20T04:21:37Z</time>
      </trkpt>
      <trkpt lat="26.9922813" lon="75.8506622">
        <time>2020-02-20T04:21:43Z</time>
      </trkpt>
      <trkpt lat="26.9922861" lon="75.8505456">
        <time>2020-02-20T04:21:49Z</time>
      </trkpt>
      <trkpt lat="26.9922120" lon="75.8505439">
        <time>2020-02-20T04:21:54Z</time>
      </trkpt>
      <trkpt lat="26.9920196" lon="75.8506335">
        <time>2020-02-20T04:21:59Z</time>
      </trkpt>
      <trkpt lat="26.9919224" lon="75.8506886">
        <time>2020-02-20T04:22:05Z</time>
      </trkpt>
      <trkpt lat="26.9917753" lon="75.8507222">
        <time>2020-02-20T04:22:11Z</time>
      </trkpt>
      <trkpt lat="26.9916000" lon="75.8508184">
        <time>2020-02-20T04:22:17Z</time>
      </trkpt>
      <trkpt lat="26.9914499" lon="75.8509438">
        <time>2020-02-20T04:22:23Z</time>
      </trkpt>
      <trkpt lat="26.9912578" lon="75.8510049">
        <time>2020-02-20T04:22:29Z</time>
      </trkpt>
      <trkpt lat="26.9911021" lon="75.8510936">
        <time>2020-02-20T04:22:34Z</time>
      </trkpt>
      <trkpt lat="26.9909253" lon="75.8512236">
        <time>2020-02-20T04:22:39Z</time>
      </trkpt>
      <trkpt lat="26.9907915" lon="75.8514071">
        <time>2020-02-20T04:22:45Z</time>
      </trkpt>
      <trkpt lat="26.9906586" lon="75.8514906">
        <time>2020-02-20T04:22:51Z</time>
      </trkpt>
      <trkpt lat="26.9905450" lon="75.8515197">
        <time>2020-02-20T04:22:56Z</time>
      </trkpt>
      <trkpt lat="26.9904311" lon="75.8516282">
        <time>2020-02-20T04:23:01Z</time>
      </trkpt>
      <trkpt lat="26.9904260" lon="75.8516607">
        <time>2020-02-20T04:23:07Z</time>
      </trkpt>
      <trkpt lat="26.9904188" lon="75.8516585">
        <time>2020-02-20T04:23:12Z</time>
      </trkpt>
      <trkpt lat="26.9904092" lon="75.8516556">
        <time>2020-02-20T04:23:17Z</time>
      </trkpt>
      <trkpt lat="26.9904076" lon="75.8516582">
        <time>2020-02-20T04:23:23Z</time>
      </trkpt>
      <trkpt lat="26.9904068" lon="75.8516577">
        <time>2020-02-20T04:23:29Z</time>
      </trkpt>
      <trkpt lat="26.9904067" lon="75.8516578">
        <time>2020-02-20T04:23:35Z</time>
      </trkpt>
      <trkpt lat="26.9904067" lon="75.8516578">
        <time>2020-02-20T04:23:40Z</time>
      </trkpt>
      <trkpt lat="26.9904066" lon="75.8516577">
        <time>2020-02-20T04:23:45Z</time>
      </trkpt>
      <trkpt lat="26.9904064" lon="75.8516577">
        <time>2020-02-20T04:23:50Z</time>
      </trkpt>
      <trkpt lat="26.9904061" lon="75.8516576">
        <time>2020-02-20T04:23:56Z</time>
      </trkpt>
      <trkpt lat="26.9904060" lon="75.8516575">
        <time>2020-02-20T04:24:01Z</time>
      </trkpt>
      <trkpt lat="26.9904062" lon="75.8516577">
        <time>2020-02-20T04:24:07Z</time>
      </trkpt>
      <trkpt lat="26.9904061" lon="75.8516578">
        <time>2020-02-20T04:24:13Z</time>
      </trkpt>
      <trkpt lat="26.9904060" lon="75.8516578">
        <time>2020-02-20T04:24:19Z</time>
      </trkpt>
      <trkpt lat="26.9904060" lon="75.8516579">
        <time>2020-02-20T04:24:25Z</time>
      </trkpt>
      <trkpt lat="26.9904056" lon="75.8516578">
        <time>2020-02-20T04:24:31Z</time>
      </trkpt>
      <trkpt lat="26.9904055" lon="75.8516578">
        <time>2020-02-20T04:24:37Z</time>
      </trkpt>
      <trkpt lat="26.9904054" lon="75.8516577">
        <time>2020-02-20T04:24:43Z</time>
      </trkpt>
      <trkpt lat="26.9904054" lon="75.8516578">
        <time>2020-02-20T04:24:49Z</time>
      </trkpt>
      <trkpt lat="26.9904053" lon="75.8516577">
        <time>2020-02-20T04:24:55Z</time>
      </trkpt>
      <trkpt lat="26.9904054" lon="75.8516579">
        <time>2020-02-20T04:25:01Z</time>
      </trkpt>
      <trkpt lat="26.9904054" lon="75.8516579">
        <time>2020-02-20T04:25:07Z</time>
      </trkpt>
      <trkpt lat="26.9904055" lon="75.8516582">
        <time>2020-02-20T04:25:12Z</time>
      </trkpt>
      <trkpt lat="26.9904055" lon="75.8516582">
        <time>2020-02-20T04:25:17Z</time>
      </trkpt>
      <trkpt lat="26.9904054" lon="75.8516583">
        <time>2020-02-20T04:25:23Z</time>
      </trkpt>
      <trkpt lat="26.9903293" lon="75.8517569">
        <time>2020-02-20T04:25:28Z</time>
      </trkpt>
      <trkpt lat="26.9901702" lon="75.8519048">
        <time>2020-02-20T04:25:34Z</time>
      </trkpt>
      <trkpt lat="26.9899843" lon="75.8520317">
        <time>2020-02-20T04:25:40Z</time>
      </trkpt>
      <trkpt lat="26.9898574" lon="75.8520308">
        <time>2020-02-20T04:25:45Z</time>
      </trkpt>
      <trkpt lat="26.9897424" lon="75.8519943">
        <time>2020-02-20T04:25:50Z</time>
      </trkpt>
      <trkpt lat="26.9896821" lon="75.8519916">
        <time>2020-02-20T04:25:56Z</time>
      </trkpt>
      <trkpt lat="26.9896033" lon="75.8519856">
        <time>2020-02-20T04:26:02Z</time>
      </trkpt>
      <trkpt lat="26.9895229" lon="75.8519747">
        <time>2020-02-20T04:26:08Z</time>
      </trkpt>
      <trkpt lat="26.9894841" lon="75.8519703">
        <time>2020-02-20T04:26:13Z</time>
      </trkpt>
      <trkpt lat="26.9894728" lon="75.8519604">
        <time>2020-02-20T04:26:18Z</time>
      </trkpt>
      <trkpt lat="26.9894739" lon="75.8519652">
        <time>2020-02-20T04:26:24Z</time>
      </trkpt>
      <trkpt lat="26.9894733" lon="75.8519653">
        <time>2020-02-20T04:26:29Z</time>
      </trkpt>
      <trkpt lat="26.9894498" lon="75.8519656">
        <time>2020-02-20T04:26:35Z</time>
      </trkpt>
      <trkpt lat="26.9894062" lon="75.8518404">
        <time>2020-02-20T04:26:41Z</time>
      </trkpt>
      <trkpt lat="26.9893566" lon="75.8515890">
        <time>2020-02-20T04:26:46Z</time>
      </trkpt>
      <trkpt lat="26.9892499" lon="75.8513611">
        <time>2020-02-20T04:26:52Z</time>
      </trkpt>
      <trkpt lat="26.9891348" lon="75.8511946">
        <time>2020-02-20T04:26:57Z</time>
      </trkpt>
      <trkpt lat="26.9890015" lon="75.8510530">
        <time>2020-02-20T04:27:03Z</time>
      </trkpt>
      <trkpt lat="26.9888847" lon="75.8508072">
        <time>2020-02-20T04:27:08Z</time>
      </trkpt>
      <trkpt lat="26.9887442" lon="75.8506548">
        <time>2020-02-20T04:27:13Z</time>
      </trkpt>
      <trkpt lat="26.9886174" lon="75.8505089">
        <time>2020-02-20T04:27:18Z</time>
      </trkpt>
      <trkpt lat="26.9885001" lon="75.8503806">
        <time>2020-02-20T04:27:23Z</time>
      </trkpt>
      <trkpt lat="26.9883682" lon="75.8502483">
        <time>2020-02-20T04:27:29Z</time>
      </trkpt>
      <trkpt lat="26.9882200" lon="75.8501834">
        <time>2020-02-20T04:27:35Z</time>
      </trkpt>
      <trkpt lat="26.9881418" lon="75.8501761">
        <time>2020-02-20T04:27:41Z</time>
      </trkpt>
      <trkpt lat="26.9881362" lon="75.8501757">
        <time>2020-02-20T04:27:47Z</time>
      </trkpt>
      <trkpt lat="26.9881332" lon="75.8501758">
        <time>2020-02-20T04:27:53Z</time>
      </trkpt>
      <trkpt lat="26.9881332" lon="75.8501755">
        <time>2020-02-20T04:27:58Z</time>
      </trkpt>
      <trkpt lat="26.9880341" lon="75.8501272">
        <time>2020-02-20T04:28:04Z</time>
      </trkpt>
      <trkpt lat="26.9880155" lon="75.8501054">
        <time>2020-02-20T04:28:09Z</time>
      </trkpt>
      <trkpt lat="26.9879483" lon="75.8500760">
        <time>2020-02-20T04:28:15Z</time>
      </trkpt>
      <trkpt lat="26.9879055" lon="75.8500723">
        <time>2020-02-20T04:28:20Z</time>
      </trkpt>
      <trkpt lat="26.9879051" lon="75.8500758">
        <time>2020-02-20T04:28:26Z</time>
      </trkpt>
      <trkpt lat="26.9878192" lon="75.8500836">
        <time>2020-02-20T04:28:32Z</time>
      </trkpt>
      <trkpt lat="26.9877698" lon="75.8500878">
        <time>2020-02-20T04:28:37Z</time>
      </trkpt>
      <trkpt lat="26.9876935" lon="75.8500678">
        <time>2020-02-20T04:28:42Z</time>
      </trkpt>
      <trkpt lat="26.9876827" lon="75.8500628">
        <time>2020-02-20T04:28:48Z</time>
      </trkpt>
      <trkpt lat="26.9876784" lon="75.8500614">
        <time>2020-02-20T04:28:54Z</time>
      </trkpt>
      <trkpt lat="26.9876796" lon="75.8500618">
        <time>2020-02-20T04:29:00Z</time>
      </trkpt>
      <trkpt lat="26.9876793" lon="75.8500622">
        <time>2020-02-20T04:29:05Z</time>
      </trkpt>
      <trkpt lat="26.9876792" lon="75.8500619">
        <time>2020-02-20T04:29:11Z</time>
      </trkpt>
      <trkpt lat="26.9876794" lon="75.8500618">
        <time>2020-02-20T04:29:17Z</time>
      </trkpt>
      <trkpt lat="26.9876794" lon="75.8500616">
        <time>2020-02-20T04:29:22Z</time>
      </trkpt>
      <trkpt lat="26.9876774" lon="75.8500615">
        <time>2020-02-20T04:29:28Z</time>
      </trkpt>
      <trkpt lat="26.9876176" lon="75.8499819">
        <time>2020-02-20T04:29:34Z</time>
      </trkpt>
      <trkpt lat="26.9875800" lon="75.8499486">
        <time>2020-02-20T04:29:39Z</time>
      </trkpt>
      <trkpt lat="26.9875838" lon="75.8499479">
        <time>2020-02-20T04:29:45Z</time>
      </trkpt>
      <trkpt lat="26.9875700" lon="75.8499356">
        <time>2020-02-20T04:29:51Z</time>
      </trkpt>
      <trkpt lat="26.9875191" lon="75.8499153">
        <time>2020-02-20T04:29:56Z</time>
      </trkpt>
      <trkpt lat="26.9874438" lon="75.8498689">
        <time>2020-02-20T04:30:02Z</time>
      </trkpt>
      <trkpt lat="26.9873804" lon="75.8498961">
        <time>2020-02-20T04:30:08Z</time>
      </trkpt>
      <trkpt lat="26.9873752" lon="75.8498996">
        <time>2020-02-20T04:30:13Z</time>
      </trkpt>
      <trkpt lat="26.9871929" lon="75.8498422">
        <time>2020-02-20T04:30:19Z</time>
      </trkpt>
      <trkpt lat="26.9869701" lon="75.8498310">
        <time>2020-02-20T04:30:25Z</time>
      </trkpt>
      <trkpt lat="26.9867935" lon="75.8498451">
        <time>2020-02-20T04:30:30Z</time>
      </trkpt>
      <trkpt lat="26.9866566" lon="75.8499580">
        <time>2020-02-20T04:30:36Z</time>
      </trkpt>
      <trkpt lat="26.9866297" lon="75.8500506">
        <time>2020-02-20T04:30:42Z</time>
      </trkpt>
      <trkpt lat="26.9867332" lon="75.8501427">
        <time>2020-02-20T04:30:47Z</time>
      </trkpt>
      <trkpt lat="26.9868761" lon="75.8502210">
        <time>2020-02-20T04:30:53Z</time>
      </trkpt>
      <trkpt lat="26.9870067" lon="75.8503222">
        <time>2020-02-20T04:30:59Z</time>
      </trkpt>
      <trkpt lat="26.9871416" lon="75.8504395">
        <time>2020-02-20T04:31:05Z</time>
      </trkpt>
      <trkpt lat="26.9872520" lon="75.8505203">
        <time>2020-02-20T04:31:10Z</time>
      </trkpt>
      <trkpt lat="26.9873552" lon="75.8506196">
        <time>2020-02-20T04:31:16Z</time>
      </trkpt>
      <trkpt lat="26.9874236" lon="75.8506919">
        <time>2020-02-20T04:31:22Z</time>
      </trkpt>
      <trkpt lat="26.9874302" lon="75.8507049">
        <time>2020-02-20T04:31:27Z</time>
      </trkpt>
      <trkpt lat="26.9874293" lon="75.8507048">
        <time>2020-02-20T04:31:33Z</time>
      </trkpt>
      <trkpt lat="26.9874321" lon="75.8507046">
        <time>2020-02-20T04:31:39Z</time>
      </trkpt>
      <trkpt lat="26.9874321" lon="75.8507046">
        <time>2020-02-20T04:31:45Z</time>
      </trkpt>
      <trkpt lat="26.9874336" lon="75.8507064">
        <time>2020-02-20T04:31:51Z</time>
      </trkpt>
      <trkpt lat="26.9874384" lon="75.8507108">
        <time>2020-02-20T04:31:56Z</time>
      </trkpt>
      <trkpt lat="26.9874430" lon="75.8508285">
        <time>2020-02-20T04:32:01Z</time>
      </trkpt>
      <trkpt lat="26.9874528" lon="75.8508747">
        <time>2020-02-20T04:32:07Z</time>
      </trkpt>
      <trkpt lat="26.9874531" lon="75.8508683">
        <time>2020-02-20T04:32:13Z</time>
      </trkpt>
      <trkpt lat="26.9874531" lon="75.8508566">
        <time>2020-02-20T04:32:19Z</time>
      </trkpt>
      <trkpt lat="26.9874524" lon="75.8508755">
        <time>2020-02-20T04:32:25Z</time>
      </trkpt>
      <trkpt lat="26.9874442" lon="75.8508776">
        <time>2020-02-20T04:32:31Z</time>
      </trkpt>
      <trkpt lat="26.9874372" lon="75.8508740">
        <time>2020-02-20T04:32:37Z</time>
      </trkpt>
      <trkpt lat="26.9874272" lon="75.8508618">
        <time>2020-02-20T04:32:43Z</time>
      </trkpt>
      <trkpt lat="26.9874273" lon="75.8508590">
        <time>2020-02-20T04:32:49Z</time>
      </trkpt>
      <trkpt lat="26.9874238" lon="75.8508502">
        <time>2020-02-20T04:32:55Z</time>
      </trkpt>
      <trkpt lat="26.9874173" lon="75.8508262">
        <time>2020-02-20T04:33:01Z</time>
      </trkpt>
      <trkpt lat="26.9873913" lon="75.8508060">
        <time>2020-02-20T04:33:07Z</time>
      </trkpt>
      <trkpt lat="26.9873573" lon="75.8507883">
        <time>2020-02-20T04:33:13Z</time>
      </trkpt>
      <trkpt lat="26.9873372" lon="75.8507938">
        <time>2020-02-20T04:33:19Z</time>
      </trkpt>
      <trkpt lat="26.9873101" lon="75.8508084">
        <time>2020-02-20T04:33:25Z</time>
      </trkpt>
      <trkpt lat="26.9873008" lon="75.8507986">
        <time>2020-02-20T04:33:30Z</time>
      </trkpt>
      <trkpt lat="26.9873024" lon="75.8507962">
        <time>2020-02-20T04:33:36Z</time>
      </trkpt>
      <trkpt lat="26.9873034" lon="75.8508006">
        <time>2020-02-20T04:33:41Z</time>
      </trkpt>
      <trkpt lat="26.9872946" lon="75.8507964">
        <time>2020-02-20T04:33:47Z</time>
      </trkpt>
      <trkpt lat="26.9872818" lon="75.8508019">
        <time>2020-02-20T04:33:53Z</time>
      </trkpt>
      <trkpt lat="26.9872753" lon="75.8508062">
        <time>2020-02-20T04:33:59Z</time>
      </trkpt>
      <trkpt lat="26.9872739" lon="75.8508061">
        <time>2020-02-20T04:34:04Z</time>
      </trkpt>
      <trkpt lat="26.9872738" lon="75.8508061">
        <time>2020-02-20T04:34:10Z</time>
      </trkpt>
      <trkpt lat="26.9872783" lon="75.8507993">
        <time>2020-02-20T04:34:15Z</time>
      </trkpt>
      <trkpt lat="26.9872896" lon="75.8507897">
        <time>2020-02-20T04:34:21Z</time>
      </trkpt>
      <trkpt lat="26.9872707" lon="75.8507729">
        <time>2020-02-20T04:34:26Z</time>
      </trkpt>
      <trkpt lat="26.9872678" lon="75.8507620">
        <time>2020-02-20T04:34:32Z</time>
      </trkpt>
      <trkpt lat="26.9872662" lon="75.8507565">
        <time>2020-02-20T04:34:37Z</time>
      </trkpt>
      <trkpt lat="26.9872614" lon="75.8507501">
        <time>2020-02-20T04:34:43Z</time>
      </trkpt>
      <trkpt lat="26.9872411" lon="75.8507571">
        <time>2020-02-20T04:34:49Z</time>
      </trkpt>
      <trkpt lat="26.9872169" lon="75.8507914">
        <time>2020-02-20T04:34:54Z</time>
      </trkpt>
      <trkpt lat="26.9872127" lon="75.8507938">
        <time>2020-02-20T04:35:00Z</time>
      </trkpt>
      <trkpt lat="26.9872505" lon="75.8507873">
        <time>2020-02-20T04:35:06Z</time>
      </trkpt>
      <trkpt lat="26.9872614" lon="75.8507976">
        <time>2020-02-20T04:35:12Z</time>
      </trkpt>
      <trkpt lat="26.9872400" lon="75.8508521">
        <time>2020-02-20T04:35:18Z</time>
      </trkpt>
      <trkpt lat="26.9872809" lon="75.8508811">
        <time>2020-02-20T04:35:23Z</time>
      </trkpt>
      <trkpt lat="26.9873388" lon="75.8509143">
        <time>2020-02-20T04:35:28Z</time>
      </trkpt>
      <trkpt lat="26.9873740" lon="75.8509400">
        <time>2020-02-20T04:35:34Z</time>
      </trkpt>
      <trkpt lat="26.9873920" lon="75.8509741">
        <time>2020-02-20T04:35:40Z</time>
      </trkpt>
      <trkpt lat="26.9873715" lon="75.8510132">
        <time>2020-02-20T04:35:46Z</time>
      </trkpt>
      <trkpt lat="26.9873577" lon="75.8510160">
        <time>2020-02-20T04:35:52Z</time>
      </trkpt>
      <trkpt lat="26.9873170" lon="75.8509875">
        <time>2020-02-20T04:35:58Z</time>
      </trkpt>
      <trkpt lat="26.9872710" lon="75.8509670">
        <time>2020-02-20T04:36:04Z</time>
      </trkpt>
      <trkpt lat="26.9872480" lon="75.8509390">
        <time>2020-02-20T04:36:09Z</time>
      </trkpt>
      <trkpt lat="26.9872162" lon="75.8509260">
        <time>2020-02-20T04:36:15Z</time>
      </trkpt>
      <trkpt lat="26.9872054" lon="75.8509224">
        <time>2020-02-20T04:36:20Z</time>
      </trkpt>
      <trkpt lat="26.9871668" lon="75.8509601">
        <time>2020-02-20T04:36:26Z</time>
      </trkpt>
      <trkpt lat="26.9871643" lon="75.8509338">
        <time>2020-02-20T04:36:32Z</time>
      </trkpt>
      <trkpt lat="26.9871389" lon="75.8509477">
        <time>2020-02-20T04:36:38Z</time>
      </trkpt>
      <trkpt lat="26.9871246" lon="75.8509593">
        <time>2020-02-20T04:36:43Z</time>
      </trkpt>
      <trkpt lat="26.9871135" lon="75.8509610">
        <time>2020-02-20T04:36:48Z</time>
      </trkpt>
      <trkpt lat="26.9871010" lon="75.8509669">
        <time>2020-02-20T04:36:54Z</time>
      </trkpt>
      <trkpt lat="26.9870941" lon="75.8509670">
        <time>2020-02-20T04:37:00Z</time>
      </trkpt>
      <trkpt lat="26.9870924" lon="75.8509652">
        <time>2020-02-20T04:37:05Z</time>
      </trkpt>
      <trkpt lat="26.9870879" lon="75.8509811">
        <time>2020-02-20T04:37:11Z</time>
      </trkpt>
      <trkpt lat="26.9870939" lon="75.8509821">
        <time>2020-02-20T04:37:17Z</time>
      </trkpt>
      <trkpt lat="26.9870808" lon="75.8509794">
        <time>2020-02-20T04:37:23Z</time>
      </trkpt>
      <trkpt lat="26.9870765" lon="75.8509782">
        <time>2020-02-20T04:37:29Z</time>
      </trkpt>
      <trkpt lat="26.9870789" lon="75.8509801">
        <time>2020-02-20T04:37:34Z</time>
      </trkpt>
      <trkpt lat="26.9870813" lon="75.8509775">
        <time>2020-02-20T04:37:40Z</time>
      </trkpt>
      <trkpt lat="26.9870806" lon="75.8509740">
        <time>2020-02-20T04:37:45Z</time>
      </trkpt>
      <trkpt lat="26.9870805" lon="75.8509739">
        <time>2020-02-20T04:37:50Z</time>
      </trkpt>
      <trkpt lat="26.9870804" lon="75.8509740">
        <time>2020-02-20T04:37:56Z</time>
      </trkpt>
      <trkpt lat="26.9870805" lon="75.8509741">
        <time>2020-02-20T04:38:01Z</time>
      </trkpt>
      <trkpt lat="26.9870806" lon="75.8509741">
        <time>2020-02-20T04:38:07Z</time>
      </trkpt>
      <trkpt lat="26.9870807" lon="75.8509740">
        <time>2020-02-20T04:38:12Z</time>
      </trkpt>
      <trkpt lat="26.9870806" lon="75.8509734">
        <time>2020-02-20T04:38:17Z</time>
      </trkpt>
      <trkpt lat="26.9870805" lon="75.8509734">
        <time>2020-02-20T04:38:23Z</time>
      </trkpt>
      <trkpt lat="26.9870806" lon="75.8509737">
        <time>2020-02-20T04:38:29Z</time>
      </trkpt>
      <trkpt lat="26.9870806" lon="75.8509738">
        <time>2020-02-20T04:38:34Z</time>
      </trkpt>
      <trkpt lat="26.9870804" lon="75.8509742">
        <time>2020-02-20T04:38:40Z</time>
      </trkpt>
      <trkpt lat="26.9870804" lon="75.8509741">
        <time>2020-02-20T04:38:46Z</time>
      </trkpt>
      <trkpt lat="26.9870792" lon="75.8509724">
        <time>2020-02-20T04:38:52Z</time>
      </trkpt>
      <trkpt lat="26.9870537" lon="75.8509844">
        <time>2020-02-20T04:38:57Z</time>
      </trkpt>
      <trkpt lat="26.9870586" lon="75.8509844">
        <time>2020-02-20T04:39:02Z</time>
      </trkpt>
      <trkpt lat="26.9870542" lon="75.8509884">
        <time>2020-02-20T04:39:08Z</time>
      </trkpt>
      <trkpt lat="26.9870488" lon="75.8509944">
        <time>2020-02-20T04:39:14Z</time>
      </trkpt>
      <trkpt lat="26.9870482" lon="75.8509950">
        <time>2020-02-20T04:39:20Z</time>
      </trkpt>
      <trkpt lat="26.9870481" lon="75.8509951">
        <time>2020-02-20T04:39:25Z</time>
      </trkpt>
      <trkpt lat="26.9870482" lon="75.8509951">
        <time>2020-02-20T04:39:31Z</time>
      </trkpt>
      <trkpt lat="26.9870482" lon="75.8509951">
        <time>2020-02-20T04:39:36Z</time>
      </trkpt>
      <trkpt lat="26.9870481" lon="75.8509952">
        <time>2020-02-20T04:39:41Z</time>
      </trkpt>
      <trkpt lat="26.9870481" lon="75.8509953">
        <time>2020-02-20T04:39:47Z</time>
      </trkpt>
      <trkpt lat="26.9870483" lon="75.8509952">
        <time>2020-02-20T04:39:52Z</time>
      </trkpt>
      <trkpt lat="26.9870484" lon="75.8509951">
        <time>2020-02-20T04:39:58Z</time>
      </trkpt>
      <trkpt lat="26.9870485" lon="75.8509950">
        <time>2020-02-20T04:40:04Z</time>
      </trkpt>
      <trkpt lat="26.9870594" lon="75.8510266">
        <time>2020-02-20T04:40:10Z</time>
      </trkpt>
      <trkpt lat="26.9870616" lon="75.8510302">
        <time>2020-02-20T04:40:16Z</time>
      </trkpt>
      <trkpt lat="26.9870619" lon="75.8510309">
        <time>2020-02-20T04:40:22Z</time>
      </trkpt>
      <trkpt lat="26.9870619" lon="75.8510310">
        <time>2020-02-20T04:40:27Z</time>
      </trkpt>
      <trkpt lat="26.9870618" lon="75.8510309">
        <time>2020-02-20T04:40:33Z</time>
      </trkpt>
      <trkpt lat="26.9870619" lon="75.8510309">
        <time>2020-02-20T04:40:39Z</time>
      </trkpt>
      <trkpt lat="26.9870618" lon="75.8510309">
        <time>2020-02-20T04:40:44Z</time>
      </trkpt>
      <trkpt lat="26.9870467" lon="75.8510303">
        <time>2020-02-20T04:40:50Z</time>
      </trkpt>
      <trkpt lat="26.9870195" lon="75.8509856">
        <time>2020-02-20T04:40:56Z</time>
      </trkpt>
      <trkpt lat="26.9869913" lon="75.8509554">
        <time>2020-02-20T04:41:01Z</time>
      </trkpt>
      <trkpt lat="26.9869556" lon="75.8509239">
        <time>2020-02-20T04:41:07Z</time>
      </trkpt>
      <trkpt lat="26.9869358" lon="75.8509145">
        <time>2020-02-20T04:41:12Z</time>
      </trkpt>
      <trkpt lat="26.9869232" lon="75.8509073">
        <time>2020-02-20T04:41:17Z</time>
      </trkpt>
      <trkpt lat="26.9869226" lon="75.8509033">
        <time>2020-02-20T04:41:23Z</time>
      </trkpt>
      <trkpt lat="26.9869115" lon="75.8508980">
        <time>2020-02-20T04:41:29Z</time>
      </trkpt>
      <trkpt lat="26.9869028" lon="75.8508804">
        <time>2020-02-20T04:41:35Z</time>
      </trkpt>
      <trkpt lat="26.9869038" lon="75.8508787">
        <time>2020-02-20T04:41:41Z</time>
      </trkpt>
      <trkpt lat="26.9868940" lon="75.8508724">
        <time>2020-02-20T04:41:47Z</time>
      </trkpt>
      <trkpt lat="26.9868888" lon="75.8508634">
        <time>2020-02-20T04:41:52Z</time>
      </trkpt>
      <trkpt lat="26.9868389" lon="75.8508336">
        <time>2020-02-20T04:41:58Z</time>
      </trkpt>
      <trkpt lat="26.9868111" lon="75.8508047">
        <time>2020-02-20T04:42:03Z</time>
      </trkpt>
      <trkpt lat="26.9867741" lon="75.8507818">
        <time>2020-02-20T04:42:08Z</time>
      </trkpt>
      <trkpt lat="26.9867448" lon="75.8507519">
        <time>2020-02-20T04:42:14Z</time>
      </trkpt>
      <trkpt lat="26.9867438" lon="75.8507468">
        <time>2020-02-20T04:42:20Z</time>
      </trkpt>
      <trkpt lat="26.9867441" lon="75.8507470">
        <time>2020-02-20T04:42:25Z</time>
      </trkpt>
      <trkpt lat="26.9867423" lon="75.8507394">
        <time>2020-02-20T04:42:30Z</time>
      </trkpt>
      <trkpt lat="26.9867481" lon="75.8507411">
        <time>2020-02-20T04:42:36Z</time>
      </trkpt>
      <trkpt lat="26.9867291" lon="75.8507485">
        <time>2020-02-20T04:42:42Z</time>
      </trkpt>
      <trkpt lat="26.9867233" lon="75.8507454">
        <time>2020-02-20T04:42:47Z</time>
      </trkpt>
      <trkpt lat="26.9867155" lon="75.8507443">
        <time>2020-02-20T04:42:52Z</time>
      </trkpt>
      <trkpt lat="26.9867159" lon="75.8507352">
        <time>2020-02-20T04:42:58Z</time>
      </trkpt>
      <trkpt lat="26.9866864" lon="75.8507245">
        <time>2020-02-20T04:43:03Z</time>
      </trkpt>
      <trkpt lat="26.9866725" lon="75.8507153">
        <time>2020-02-20T04:43:09Z</time>
      </trkpt>
      <trkpt lat="26.9866429" lon="75.8506856">
        <time>2020-02-20T04:43:15Z</time>
      </trkpt>
      <trkpt lat="26.9866261" lon="75.8506537">
        <time>2020-02-20T04:43:21Z</time>
      </trkpt>
      <trkpt lat="26.9866204" lon="75.8506399">
        <time>2020-02-20T04:43:26Z</time>
      </trkpt>
      <trkpt lat="26.9866176" lon="75.8506266">
        <time>2020-02-20T04:43:31Z</time>
      </trkpt>
      <trkpt lat="26.9866193" lon="75.8506132">
        <time>2020-02-20T04:43:37Z</time>
      </trkpt>
      <trkpt lat="26.9866098" lon="75.8505999">
        <time>2020-02-20T04:43:42Z</time>
      </trkpt>
      <trkpt lat="26.9865988" lon="75.8505970">
        <time>2020-02-20T04:43:48Z</time>
      </trkpt>
      <trkpt lat="26.9866031" lon="75.8505996">
        <time>2020-02-20T04:43:54Z</time>
      </trkpt>
      <trkpt lat="26.9866147" lon="75.8505989">
        <time>2020-02-20T04:43:59Z</time>
      </trkpt>
      <trkpt lat="26.9866150" lon="75.8505993">
        <time>2020-02-20T04:44:05Z</time>
      </trkpt>
      <trkpt lat="26.9866081" lon="75.8506045">
        <time>2020-02-20T04:44:11Z</time>
      </trkpt>
      <trkpt lat="26.9866120" lon="75.8506190">
        <time>2020-02-20T04:44:17Z</time>
      </trkpt>
      <trkpt lat="26.9866218" lon="75.8506072">
        <time>2020-02-20T04:44:23Z</time>
      </trkpt>
      <trkpt lat="26.9866382" lon="75.8506184">
        <time>2020-02-20T04:44:29Z</time>
      </trkpt>
      <trkpt lat="26.9866524" lon="75.8506284">
        <time>2020-02-20T04:44:34Z</time>
      </trkpt>
      <trkpt lat="26.9866611" lon="75.8506455">
        <time>2020-02-20T04:44:40Z</time>
      </trkpt>
      <trkpt lat="26.9866695" lon="75.8506100">
        <time>2020-02-20T04:44:46Z</time>
      </trkpt>
      <trkpt lat="26.9866611" lon="75.8505904">
        <time>2020-02-20T04:44:52Z</time>
      </trkpt>
      <trkpt lat="26.9866477" lon="75.8505739">
        <time>2020-02-20T04:44:58Z</time>
      </trkpt>
      <trkpt lat="26.9866337" lon="75.8505730">
        <time>2020-02-20T04:45:03Z</time>
      </trkpt>
      <trkpt lat="26.9866344" lon="75.8505706">
        <time>2020-02-20T04:45:08Z</time>
      </trkpt>
      <trkpt lat="26.9866319" lon="75.8505711">
        <time>2020-02-20T04:45:14Z</time>
      </trkpt>
      <trkpt lat="26.9866299" lon="75.8505713">
        <time>2020-02-20T04:45:20Z</time>
      </trkpt>
      <trkpt lat="26.9866271" lon="75.8505730">
        <time>2020-02-20T04:45:26Z</time>
      </trkpt>
      <trkpt lat="26.9866235" lon="75.8505644">
        <time>2020-02-20T04:45:31Z</time>
      </trkpt>
      <trkpt lat="26.9866240" lon="75.8505488">
        <time>2020-02-20T04:45:37Z</time>
      </trkpt>
      <trkpt lat="26.9866055" lon="75.8505177">
        <time>2020-02-20T04:45:42Z</time>
      </trkpt>
      <trkpt lat="26.9866324" lon="75.8504960">
        <time>2020-02-20T04:45:48Z</time>
      </trkpt>
      <trkpt lat="26.9866094" lon="75.8505106">
        <time>2020-02-20T04:45:54Z</time>
      </trkpt>
      <trkpt lat="26.9866317" lon="75.8505439">
        <time>2020-02-20T04:46:00Z</time>
      </trkpt>
      <trkpt lat="26.9866292" lon="75.8505505">
        <time>2020-02-20T04:46:06Z</time>
      </trkpt>
      <trkpt lat="26.9866743" lon="75.8506168">
        <time>2020-02-20T04:46:12Z</time>
      </trkpt>
      <trkpt lat="26.9867157" lon="75.8506356">
        <time>2020-02-20T04:46:18Z</time>
      </trkpt>
      <trkpt lat="26.9867742" lon="75.8506627">
        <time>2020-02-20T04:46:24Z</time>
      </trkpt>
      <trkpt lat="26.9868066" lon="75.8506555">
        <time>2020-02-20T04:46:29Z</time>
      </trkpt>
      <trkpt lat="26.9868078" lon="75.8506566">
        <time>2020-02-20T04:46:35Z</time>
      </trkpt>
      <trkpt lat="26.9868078" lon="75.8506576">
        <time>2020-02-20T04:46:41Z</time>
      </trkpt>
      <trkpt lat="26.9868078" lon="75.8506577">
        <time>2020-02-20T04:46:47Z</time>
      </trkpt>
      <trkpt lat="26.9868081" lon="75.8506567">
        <time>2020-02-20T04:46:53Z</time>
      </trkpt>
      <trkpt lat="26.9868081" lon="75.8506568">
        <time>2020-02-20T04:46:58Z</time>
      </trkpt>
      <trkpt lat="26.9868082" lon="75.8506565">
        <time>2020-02-20T04:47:03Z</time>
      </trkpt>
      <trkpt lat="26.9868103" lon="75.8506542">
        <time>2020-02-20T04:48:57Z</time>
      </trkpt>
      <trkpt lat="26.9868127" lon="75.8506520">
        <time>2020-02-20T04:49:03Z</time>
      </trkpt>
      <trkpt lat="26.9868212" lon="75.8506597">
        <time>2020-02-20T04:49:09Z</time>
      </trkpt>
      <trkpt lat="26.9868281" lon="75.8507044">
        <time>2020-02-20T04:49:14Z</time>
      </trkpt>
      <trkpt lat="26.9868458" lon="75.8507251">
        <time>2020-02-20T04:49:20Z</time>
      </trkpt>
      <trkpt lat="26.9868611" lon="75.8507099">
        <time>2020-02-20T04:49:26Z</time>
      </trkpt>
      <trkpt lat="26.9868722" lon="75.8507217">
        <time>2020-02-20T04:49:32Z</time>
      </trkpt>
      <trkpt lat="26.9868754" lon="75.8507174">
        <time>2020-02-20T04:49:37Z</time>
      </trkpt>
      <trkpt lat="26.9868760" lon="75.8507188">
        <time>2020-02-20T04:49:43Z</time>
      </trkpt>
      <trkpt lat="26.9868760" lon="75.8507189">
        <time>2020-02-20T04:49:48Z</time>
      </trkpt>
      <trkpt lat="26.9868640" lon="75.8506957">
        <time>2020-02-20T04:49:54Z</time>
      </trkpt>
      <trkpt lat="26.9869273" lon="75.8506634">
        <time>2020-02-20T04:50:00Z</time>
      </trkpt>
      <trkpt lat="26.9869192" lon="75.8506906">
        <time>2020-02-20T04:50:06Z</time>
      </trkpt>
      <trkpt lat="26.9868958" lon="75.8507012">
        <time>2020-02-20T04:50:12Z</time>
      </trkpt>
      <trkpt lat="26.9868640" lon="75.8507145">
        <time>2020-02-20T04:50:18Z</time>
      </trkpt>
      <trkpt lat="26.9868632" lon="75.8507086">
        <time>2020-02-20T04:50:23Z</time>
      </trkpt>
      <trkpt lat="26.9868558" lon="75.8507120">
        <time>2020-02-20T04:50:29Z</time>
      </trkpt>
      <trkpt lat="26.9868564" lon="75.8507070">
        <time>2020-02-20T04:50:35Z</time>
      </trkpt>
      <trkpt lat="26.9868562" lon="75.8507072">
        <time>2020-02-20T04:50:40Z</time>
      </trkpt>
      <trkpt lat="26.9868562" lon="75.8507074">
        <time>2020-02-20T04:50:45Z</time>
      </trkpt>
      <trkpt lat="26.9868466" lon="75.8507130">
        <time>2020-02-20T04:50:51Z</time>
      </trkpt>
      <trkpt lat="26.9868405" lon="75.8507186">
        <time>2020-02-20T04:50:57Z</time>
      </trkpt>
      <trkpt lat="26.9868386" lon="75.8507180">
        <time>2020-02-20T04:51:02Z</time>
      </trkpt>
      <trkpt lat="26.9868362" lon="75.8507164">
        <time>2020-02-20T04:51:08Z</time>
      </trkpt>
      <trkpt lat="26.9868111" lon="75.8507141">
        <time>2020-02-20T04:51:14Z</time>
      </trkpt>
      <trkpt lat="26.9867728" lon="75.8507098">
        <time>2020-02-20T04:51:19Z</time>
      </trkpt>
      <trkpt lat="26.9867463" lon="75.8507023">
        <time>2020-02-20T04:51:25Z</time>
      </trkpt>
      <trkpt lat="26.9867169" lon="75.8507042">
        <time>2020-02-20T04:51:30Z</time>
      </trkpt>
      <trkpt lat="26.9866815" lon="75.8506626">
        <time>2020-02-20T04:51:36Z</time>
      </trkpt>
      <trkpt lat="26.9866512" lon="75.8506293">
        <time>2020-02-20T04:51:42Z</time>
      </trkpt>
      <trkpt lat="26.9866238" lon="75.8506053">
        <time>2020-02-20T04:51:47Z</time>
      </trkpt>
      <trkpt lat="26.9865957" lon="75.8505925">
        <time>2020-02-20T04:51:53Z</time>
      </trkpt>
      <trkpt lat="26.9865606" lon="75.8505830">
        <time>2020-02-20T04:51:59Z</time>
      </trkpt>
      <trkpt lat="26.9865561" lon="75.8505753">
        <time>2020-02-20T04:52:04Z</time>
      </trkpt>
      <trkpt lat="26.9865451" lon="75.8505831">
        <time>2020-02-20T04:52:10Z</time>
      </trkpt>
      <trkpt lat="26.9865423" lon="75.8505764">
        <time>2020-02-20T04:52:16Z</time>
      </trkpt>
      <trkpt lat="26.9865191" lon="75.8505878">
        <time>2020-02-20T04:52:22Z</time>
      </trkpt>
      <trkpt lat="26.9865323" lon="75.8505318">
        <time>2020-02-20T04:52:27Z</time>
      </trkpt>
      <trkpt lat="26.9863764" lon="75.8505602">
        <time>2020-02-20T04:52:32Z</time>
      </trkpt>
      <trkpt lat="26.9864506" lon="75.8506460">
        <time>2020-02-20T04:52:38Z</time>
      </trkpt>
      <trkpt lat="26.9864520" lon="75.8506633">
        <time>2020-02-20T04:52:44Z</time>
      </trkpt>
      <trkpt lat="26.9864444" lon="75.8506732">
        <time>2020-02-20T04:52:50Z</time>
      </trkpt>
      <trkpt lat="26.9864454" lon="75.8506740">
        <time>2020-02-20T04:52:56Z</time>
      </trkpt>
      <trkpt lat="26.9864349" lon="75.8506798">
        <time>2020-02-20T04:53:02Z</time>
      </trkpt>
      <trkpt lat="26.9864300" lon="75.8506806">
        <time>2020-02-20T04:53:08Z</time>
      </trkpt>
      <trkpt lat="26.9864245" lon="75.8506848">
        <time>2020-02-20T04:53:14Z</time>
      </trkpt>
      <trkpt lat="26.9864244" lon="75.8506850">
        <time>2020-02-20T04:53:20Z</time>
      </trkpt>
      <trkpt lat="26.9864243" lon="75.8506851">
        <time>2020-02-20T04:53:25Z</time>
      </trkpt>
      <trkpt lat="26.9864243" lon="75.8506852">
        <time>2020-02-20T04:53:31Z</time>
      </trkpt>
      <trkpt lat="26.9864242" lon="75.8506852">
        <time>2020-02-20T04:53:37Z</time>
      </trkpt>
      <trkpt lat="26.9864242" lon="75.8506852">
        <time>2020-02-20T04:53:43Z</time>
      </trkpt>
      <trkpt lat="26.9864242" lon="75.8506852">
        <time>2020-02-20T04:53:48Z</time>
      </trkpt>
      <trkpt lat="26.9864242" lon="75.8506855">
        <time>2020-02-20T04:53:54Z</time>
      </trkpt>
      <trkpt lat="26.9864241" lon="75.8506855">
        <time>2020-02-20T04:53:59Z</time>
      </trkpt>
      <trkpt lat="26.9864241" lon="75.8506855">
        <time>2020-02-20T04:54:05Z</time>
      </trkpt>
      <trkpt lat="26.9864252" lon="75.8506887">
        <time>2020-02-20T04:54:11Z</time>
      </trkpt>
      <trkpt lat="26.9864370" lon="75.8507009">
        <time>2020-02-20T04:54:17Z</time>
      </trkpt>
      <trkpt lat="26.9864640" lon="75.8507167">
        <time>2020-02-20T04:54:22Z</time>
      </trkpt>
      <trkpt lat="26.9864779" lon="75.8507196">
        <time>2020-02-20T04:54:28Z</time>
      </trkpt>
      <trkpt lat="26.9864890" lon="75.8507235">
        <time>2020-02-20T04:54:33Z</time>
      </trkpt>
      <trkpt lat="26.9864898" lon="75.8507240">
        <time>2020-02-20T04:54:39Z</time>
      </trkpt>
      <trkpt lat="26.9864898" lon="75.8507239">
        <time>2020-02-20T04:54:45Z</time>
      </trkpt>
      <trkpt lat="26.9864903" lon="75.8507242">
        <time>2020-02-20T04:54:51Z</time>
      </trkpt>
      <trkpt lat="26.9864904" lon="75.8507242">
        <time>2020-02-20T04:54:56Z</time>
      </trkpt>
      <trkpt lat="26.9864905" lon="75.8507243">
        <time>2020-02-20T04:55:02Z</time>
      </trkpt>
      <trkpt lat="26.9864905" lon="75.8507244">
        <time>2020-02-20T04:55:08Z</time>
      </trkpt>
      <trkpt lat="26.9864905" lon="75.8507243">
        <time>2020-02-20T04:55:14Z</time>
      </trkpt>
      <trkpt lat="26.9864781" lon="75.8507437">
        <time>2020-02-20T04:55:20Z</time>
      </trkpt>
      <trkpt lat="26.9864634" lon="75.8507667">
        <time>2020-02-20T04:55:26Z</time>
      </trkpt>
      <trkpt lat="26.9864436" lon="75.8507880">
        <time>2020-02-20T04:55:32Z</time>
      </trkpt>
      <trkpt lat="26.9864403" lon="75.8507910">
        <time>2020-02-20T04:55:37Z</time>
      </trkpt>
      <trkpt lat="26.9864430" lon="75.8508165">
        <time>2020-02-20T04:55:43Z</time>
      </trkpt>
      <trkpt lat="26.9864400" lon="75.8508396">
        <time>2020-02-20T04:55:49Z</time>
      </trkpt>
      <trkpt lat="26.9864326" lon="75.8508456">
        <time>2020-02-20T04:55:55Z</time>
      </trkpt>
      <trkpt lat="26.9864109" lon="75.8508259">
        <time>2020-02-20T04:56:01Z</time>
      </trkpt>
      <trkpt lat="26.9863927" lon="75.8508126">
        <time>2020-02-20T04:56:06Z</time>
      </trkpt>
      <trkpt lat="26.9863555" lon="75.8508104">
        <time>2020-02-20T04:56:12Z</time>
      </trkpt>
      <trkpt lat="26.9863184" lon="75.8507898">
        <time>2020-02-20T04:56:18Z</time>
      </trkpt>
      <trkpt lat="26.9862822" lon="75.8507644">
        <time>2020-02-20T04:56:24Z</time>
      </trkpt>
      <trkpt lat="26.9862611" lon="75.8507492">
        <time>2020-02-20T04:56:30Z</time>
      </trkpt>
      <trkpt lat="26.9862342" lon="75.8507322">
        <time>2020-02-20T04:56:36Z</time>
      </trkpt>
      <trkpt lat="26.9862117" lon="75.8507356">
        <time>2020-02-20T04:56:41Z</time>
      </trkpt>
      <trkpt lat="26.9862128" lon="75.8507335">
        <time>2020-02-20T04:56:46Z</time>
      </trkpt>
      <trkpt lat="26.9862092" lon="75.8507358">
        <time>2020-02-20T04:56:52Z</time>
      </trkpt>
      <trkpt lat="26.9862050" lon="75.8507384">
        <time>2020-02-20T04:56:58Z</time>
      </trkpt>
      <trkpt lat="26.9862041" lon="75.8507437">
        <time>2020-02-20T04:57:03Z</time>
      </trkpt>
      <trkpt lat="26.9862014" lon="75.8507440">
        <time>2020-02-20T04:57:09Z</time>
      </trkpt>
      <trkpt lat="26.9862000" lon="75.8507509">
        <time>2020-02-20T04:57:15Z</time>
      </trkpt>
      <trkpt lat="26.9861965" lon="75.8507516">
        <time>2020-02-20T04:57:21Z</time>
      </trkpt>
      <trkpt lat="26.9861897" lon="75.8507418">
        <time>2020-02-20T04:57:26Z</time>
      </trkpt>
      <trkpt lat="26.9861664" lon="75.8507066">
        <time>2020-02-20T04:57:31Z</time>
      </trkpt>
      <trkpt lat="26.9861383" lon="75.8506707">
        <time>2020-02-20T04:57:37Z</time>
      </trkpt>
      <trkpt lat="26.9861351" lon="75.8506738">
        <time>2020-02-20T04:57:42Z</time>
      </trkpt>
      <trkpt lat="26.9861365" lon="75.8506729">
        <time>2020-02-20T04:57:48Z</time>
      </trkpt>
      <trkpt lat="26.9861141" lon="75.8506404">
        <time>2020-02-20T04:57:54Z</time>
      </trkpt>
      <trkpt lat="26.9861024" lon="75.8506366">
        <time>2020-02-20T04:57:59Z</time>
      </trkpt>
      <trkpt lat="26.9860964" lon="75.8506350">
        <time>2020-02-20T04:58:05Z</time>
      </trkpt>
      <trkpt lat="26.9860903" lon="75.8506329">
        <time>2020-02-20T04:58:11Z</time>
      </trkpt>
      <trkpt lat="26.9860721" lon="75.8506200">
        <time>2020-02-20T04:58:17Z</time>
      </trkpt>
      <trkpt lat="26.9860273" lon="75.8506148">
        <time>2020-02-20T04:58:23Z</time>
      </trkpt>
      <trkpt lat="26.9859893" lon="75.8506527">
        <time>2020-02-20T04:58:29Z</time>
      </trkpt>
      <trkpt lat="26.9859466" lon="75.8506487">
        <time>2020-02-20T04:58:35Z</time>
      </trkpt>
      <trkpt lat="26.9860193" lon="75.8505854">
        <time>2020-02-20T04:58:40Z</time>
      </trkpt>
      <trkpt lat="26.9859983" lon="75.8504975">
        <time>2020-02-20T04:58:45Z</time>
      </trkpt>
      <trkpt lat="26.9859958" lon="75.8504925">
        <time>2020-02-20T04:58:50Z</time>
      </trkpt>
      <trkpt lat="26.9860028" lon="75.8505293">
        <time>2020-02-20T04:58:56Z</time>
      </trkpt>
      <trkpt lat="26.9859710" lon="75.8505832">
        <time>2020-02-20T04:59:02Z</time>
      </trkpt>
      <trkpt lat="26.9859525" lon="75.8505700">
        <time>2020-02-20T04:59:08Z</time>
      </trkpt>
      <trkpt lat="26.9859320" lon="75.8505854">
        <time>2020-02-20T04:59:14Z</time>
      </trkpt>
      <trkpt lat="26.9859059" lon="75.8506245">
        <time>2020-02-20T04:59:19Z</time>
      </trkpt>
      <trkpt lat="26.9858996" lon="75.8506823">
        <time>2020-02-20T04:59:25Z</time>
      </trkpt>
      <trkpt lat="26.9859081" lon="75.8506911">
        <time>2020-02-20T04:59:30Z</time>
      </trkpt>
      <trkpt lat="26.9859077" lon="75.8506929">
        <time>2020-02-20T04:59:35Z</time>
      </trkpt>
      <trkpt lat="26.9858982" lon="75.8507056">
        <time>2020-02-20T04:59:41Z</time>
      </trkpt>
      <trkpt lat="26.9858676" lon="75.8507176">
        <time>2020-02-20T04:59:47Z</time>
      </trkpt>
      <trkpt lat="26.9858676" lon="75.8507190">
        <time>2020-02-20T04:59:52Z</time>
      </trkpt>
      <trkpt lat="26.9858579" lon="75.8507077">
        <time>2020-02-20T04:59:57Z</time>
      </trkpt>
      <trkpt lat="26.9858554" lon="75.8507044">
        <time>2020-02-20T05:00:03Z</time>
      </trkpt>
      <trkpt lat="26.9858552" lon="75.8507042">
        <time>2020-02-20T05:00:09Z</time>
      </trkpt>
      <trkpt lat="26.9858550" lon="75.8507040">
        <time>2020-02-20T05:00:15Z</time>
      </trkpt>
      <trkpt lat="26.9858549" lon="75.8507040">
        <time>2020-02-20T05:00:20Z</time>
      </trkpt>
      <trkpt lat="26.9858548" lon="75.8507039">
        <time>2020-02-20T05:00:26Z</time>
      </trkpt>
      <trkpt lat="26.9858547" lon="75.8507038">
        <time>2020-02-20T05:00:31Z</time>
      </trkpt>
      <trkpt lat="26.9858546" lon="75.8507037">
        <time>2020-02-20T05:00:37Z</time>
      </trkpt>
      <trkpt lat="26.9858544" lon="75.8507036">
        <time>2020-02-20T05:00:42Z</time>
      </trkpt>
      <trkpt lat="26.9858543" lon="75.8507035">
        <time>2020-02-20T05:00:47Z</time>
      </trkpt>
      <trkpt lat="26.9858542" lon="75.8507034">
        <time>2020-02-20T05:00:53Z</time>
      </trkpt>
      <trkpt lat="26.9858541" lon="75.8507034">
        <time>2020-02-20T05:00:58Z</time>
      </trkpt>
      <trkpt lat="26.9858540" lon="75.8507033">
        <time>2020-02-20T05:01:04Z</time>
      </trkpt>
      <trkpt lat="26.9858497" lon="75.8506823">
        <time>2020-02-20T05:01:10Z</time>
      </trkpt>
      <trkpt lat="26.9858406" lon="75.8506862">
        <time>2020-02-20T05:01:15Z</time>
      </trkpt>
      <trkpt lat="26.9858349" lon="75.8507069">
        <time>2020-02-20T05:01:21Z</time>
      </trkpt>
      <trkpt lat="26.9858332" lon="75.8507087">
        <time>2020-02-20T05:01:27Z</time>
      </trkpt>
      <trkpt lat="26.9858319" lon="75.8507088">
        <time>2020-02-20T05:01:32Z</time>
      </trkpt>
      <trkpt lat="26.9858239" lon="75.8507136">
        <time>2020-02-20T05:01:38Z</time>
      </trkpt>
      <trkpt lat="26.9858157" lon="75.8507064">
        <time>2020-02-20T05:01:44Z</time>
      </trkpt>
      <trkpt lat="26.9858400" lon="75.8507151">
        <time>2020-02-20T05:01:50Z</time>
      </trkpt>
      <trkpt lat="26.9858465" lon="75.8507155">
        <time>2020-02-20T05:01:56Z</time>
      </trkpt>
      <trkpt lat="26.9858492" lon="75.8507162">
        <time>2020-02-20T05:02:02Z</time>
      </trkpt>
      <trkpt lat="26.9858482" lon="75.8507160">
        <time>2020-02-20T05:02:08Z</time>
      </trkpt>
      <trkpt lat="26.9858481" lon="75.8507162">
        <time>2020-02-20T05:02:13Z</time>
      </trkpt>
      <trkpt lat="26.9858490" lon="75.8507163">
        <time>2020-02-20T05:02:19Z</time>
      </trkpt>
      <trkpt lat="26.9858488" lon="75.8507162">
        <time>2020-02-20T05:02:25Z</time>
      </trkpt>
      <trkpt lat="26.9858491" lon="75.8507158">
        <time>2020-02-20T05:02:31Z</time>
      </trkpt>
      <trkpt lat="26.9858491" lon="75.8507157">
        <time>2020-02-20T05:02:36Z</time>
      </trkpt>
      <trkpt lat="26.9858490" lon="75.8507155">
        <time>2020-02-20T05:02:42Z</time>
      </trkpt>
      <trkpt lat="26.9858489" lon="75.8507153">
        <time>2020-02-20T05:02:48Z</time>
      </trkpt>
      <trkpt lat="26.9858453" lon="75.8506935">
        <time>2020-02-20T05:02:54Z</time>
      </trkpt>
      <trkpt lat="26.9858457" lon="75.8506785">
        <time>2020-02-20T05:03:00Z</time>
      </trkpt>
      <trkpt lat="26.9858469" lon="75.8506694">
        <time>2020-02-20T05:03:06Z</time>
      </trkpt>
      <trkpt lat="26.9858382" lon="75.8506697">
        <time>2020-02-20T05:03:12Z</time>
      </trkpt>
      <trkpt lat="26.9858371" lon="75.8506670">
        <time>2020-02-20T05:03:17Z</time>
      </trkpt>
      <trkpt lat="26.9858376" lon="75.8506667">
        <time>2020-02-20T05:03:23Z</time>
      </trkpt>
      <trkpt lat="26.9858372" lon="75.8506658">
        <time>2020-02-20T05:03:29Z</time>
      </trkpt>
      <trkpt lat="26.9858382" lon="75.8506655">
        <time>2020-02-20T05:03:35Z</time>
      </trkpt>
      <trkpt lat="26.9858382" lon="75.8506652">
        <time>2020-02-20T05:03:41Z</time>
      </trkpt>
      <trkpt lat="26.9858381" lon="75.8506652">
        <time>2020-02-20T05:03:46Z</time>
      </trkpt>
      <trkpt lat="26.9858553" lon="75.8506943">
        <time>2020-02-20T05:03:52Z</time>
      </trkpt>
      <trkpt lat="26.9857419" lon="75.8507483">
        <time>2020-02-20T05:03:57Z</time>
      </trkpt>
      <trkpt lat="26.9857428" lon="75.8506958">
        <time>2020-02-20T05:04:03Z</time>
      </trkpt>
      <trkpt lat="26.9857658" lon="75.8506664">
        <time>2020-02-20T05:04:09Z</time>
      </trkpt>
      <trkpt lat="26.9857668" lon="75.8506600">
        <time>2020-02-20T05:04:15Z</time>
      </trkpt>
      <trkpt lat="26.9858049" lon="75.8506180">
        <time>2020-02-20T05:04:21Z</time>
      </trkpt>
      <trkpt lat="26.9858088" lon="75.8506152">
        <time>2020-02-20T05:04:27Z</time>
      </trkpt>
      <trkpt lat="26.9858203" lon="75.8506092">
        <time>2020-02-20T05:04:33Z</time>
      </trkpt>
      <trkpt lat="26.9858212" lon="75.8506050">
        <time>2020-02-20T05:04:38Z</time>
      </trkpt>
      <trkpt lat="26.9858247" lon="75.8505928">
        <time>2020-02-20T05:04:44Z</time>
      </trkpt>
      <trkpt lat="26.9858206" lon="75.8505938">
        <time>2020-02-20T05:04:49Z</time>
      </trkpt>
      <trkpt lat="26.9858199" lon="75.8505942">
        <time>2020-02-20T05:04:54Z</time>
      </trkpt>
      <trkpt lat="26.9858204" lon="75.8505932">
        <time>2020-02-20T05:05:00Z</time>
      </trkpt>
      <trkpt lat="26.9858203" lon="75.8505928">
        <time>2020-02-20T05:05:05Z</time>
      </trkpt>
      <trkpt lat="26.9858204" lon="75.8505920">
        <time>2020-02-20T05:05:11Z</time>
      </trkpt>
      <trkpt lat="26.9858204" lon="75.8505916">
        <time>2020-02-20T05:05:16Z</time>
      </trkpt>
      <trkpt lat="26.9858215" lon="75.8505867">
        <time>2020-02-20T05:05:22Z</time>
      </trkpt>
      <trkpt lat="26.9858219" lon="75.8505853">
        <time>2020-02-20T05:05:27Z</time>
      </trkpt>
      <trkpt lat="26.9858220" lon="75.8505842">
        <time>2020-02-20T05:05:33Z</time>
      </trkpt>
      <trkpt lat="26.9858220" lon="75.8505837">
        <time>2020-02-20T05:05:39Z</time>
      </trkpt>
      <trkpt lat="26.9858042" lon="75.8505433">
        <time>2020-02-20T05:05:45Z</time>
      </trkpt>
      <trkpt lat="26.9857249" lon="75.8505198">
        <time>2020-02-20T05:05:50Z</time>
      </trkpt>
      <trkpt lat="26.9856819" lon="75.8505296">
        <time>2020-02-20T05:05:56Z</time>
      </trkpt>
      <trkpt lat="26.9856922" lon="75.8504952">
        <time>2020-02-20T05:06:01Z</time>
      </trkpt>
      <trkpt lat="26.9856917" lon="75.8504894">
        <time>2020-02-20T05:06:07Z</time>
      </trkpt>
      <trkpt lat="26.9856917" lon="75.8504740">
        <time>2020-02-20T05:06:13Z</time>
      </trkpt>
      <trkpt lat="26.9856926" lon="75.8504752">
        <time>2020-02-20T05:06:18Z</time>
      </trkpt>
      <trkpt lat="26.9856923" lon="75.8504788">
        <time>2020-02-20T05:06:24Z</time>
      </trkpt>
      <trkpt lat="26.9856926" lon="75.8504776">
        <time>2020-02-20T05:06:30Z</time>
      </trkpt>
      <trkpt lat="26.9856919" lon="75.8504806">
        <time>2020-02-20T05:06:35Z</time>
      </trkpt>
      <trkpt lat="26.9856918" lon="75.8504806">
        <time>2020-02-20T05:06:41Z</time>
      </trkpt>
      <trkpt lat="26.9856928" lon="75.8504793">
        <time>2020-02-20T05:06:46Z</time>
      </trkpt>
      <trkpt lat="26.9856943" lon="75.8504754">
        <time>2020-02-20T05:06:52Z</time>
      </trkpt>
      <trkpt lat="26.9856225" lon="75.8505400">
        <time>2020-02-20T05:06:58Z</time>
      </trkpt>
      <trkpt lat="26.9856156" lon="75.8505238">
        <time>2020-02-20T05:07:04Z</time>
      </trkpt>
      <trkpt lat="26.9855922" lon="75.8505376">
        <time>2020-02-20T05:07:10Z</time>
      </trkpt>
      <trkpt lat="26.9855979" lon="75.8505317">
        <time>2020-02-20T05:07:15Z</time>
      </trkpt>
      <trkpt lat="26.9855967" lon="75.8505348">
        <time>2020-02-20T05:07:20Z</time>
      </trkpt>
      <trkpt lat="26.9856034" lon="75.8505446">
        <time>2020-02-20T05:07:25Z</time>
      </trkpt>
      <trkpt lat="26.9856014" lon="75.8505424">
        <time>2020-02-20T05:07:31Z</time>
      </trkpt>
      <trkpt lat="26.9856011" lon="75.8505428">
        <time>2020-02-20T05:08:32Z</time>
      </trkpt>
      <trkpt lat="26.9855938" lon="75.8505398">
        <time>2020-02-20T05:08:37Z</time>
      </trkpt>
      <trkpt lat="26.9855432" lon="75.8505354">
        <time>2020-02-20T05:08:43Z</time>
      </trkpt>
      <trkpt lat="26.9855430" lon="75.8505355">
        <time>2020-02-20T05:08:49Z</time>
      </trkpt>
      <trkpt lat="26.9855408" lon="75.8505359">
        <time>2020-02-20T05:08:54Z</time>
      </trkpt>
      <trkpt lat="26.9855431" lon="75.8505364">
        <time>2020-02-20T05:09:00Z</time>
      </trkpt>
      <trkpt lat="26.9855438" lon="75.8505365">
        <time>2020-02-20T05:09:06Z</time>
      </trkpt>
      <trkpt lat="26.9855435" lon="75.8505367">
        <time>2020-02-20T05:09:12Z</time>
      </trkpt>
      <trkpt lat="26.9855434" lon="75.8505367">
        <time>2020-02-20T05:09:17Z</time>
      </trkpt>
      <trkpt lat="26.9855428" lon="75.8505368">
        <time>2020-02-20T05:09:23Z</time>
      </trkpt>
      <trkpt lat="26.9855479" lon="75.8505671">
        <time>2020-02-20T05:09:28Z</time>
      </trkpt>
      <trkpt lat="26.9855461" lon="75.8505725">
        <time>2020-02-20T05:09:33Z</time>
      </trkpt>
      <trkpt lat="26.9855446" lon="75.8505836">
        <time>2020-02-20T05:09:39Z</time>
      </trkpt>
      <trkpt lat="26.9855468" lon="75.8505780">
        <time>2020-02-20T05:09:45Z</time>
      </trkpt>
      <trkpt lat="26.9855570" lon="75.8505630">
        <time>2020-02-20T05:09:51Z</time>
      </trkpt>
      <trkpt lat="26.9855538" lon="75.8505320">
        <time>2020-02-20T05:09:57Z</time>
      </trkpt>
      <trkpt lat="26.9855810" lon="75.8504909">
        <time>2020-02-20T05:10:03Z</time>
      </trkpt>
    </trkseg>
  </trk>
  <trk>
    <trkseg>
      <trkpt lat="26.9856024" lon="75.8504408">
        <time>2020-02-20T05:10:09Z</time>
      </trkpt>
      <trkpt lat="26.9856409" lon="75.8503963">
        <time>2020-02-20T05:10:14Z</time>
      </trkpt>
      <trkpt lat="26.9856475" lon="75.8503465">
        <time>2020-02-20T05:10:20Z</time>
      </trkpt>
      <trkpt lat="26.9856985" lon="75.8502953">
        <time>2020-02-20T05:10:26Z</time>
      </trkpt>
    </trkseg>
    <trkseg>
      <trkpt lat="26.9860505" lon="75.8501396">
        <time>2020-02-20T06:09:02Z</time>
      </trkpt>
      <trkpt lat="26.9860384" lon="75.8501541">
        <time>2020-02-20T06:09:07Z</time>
      </trkpt>
      <trkpt lat="26.9860718" lon="75.8500494">
        <time>2020-02-20T06:09:12Z</time>
      </trkpt>
      <trkpt lat="26.9861158" lon="75.8499720">
        <time>2020-02-20T06:09:18Z</time>
      </trkpt>
      <trkpt lat="26.9861301" lon="75.8499650">
        <time>2020-02-20T06:09:23Z</time>
      </trkpt>
      <trkpt lat="26.9861226" lon="75.8501754">
        <time>2020-02-20T06:09:29Z</time>
      </trkpt>
      <trkpt lat="26.9861775" lon="75.8501087">
        <time>2020-02-20T06:09:35Z</time>
      </trkpt>
      <trkpt lat="26.9862184" lon="75.8500449">
        <time>2020-02-20T06:09:41Z</time>
      </trkpt>
      <trkpt lat="26.9860886" lon="75.8501270">
        <time>2020-02-20T06:09:47Z</time>
      </trkpt>
      <trkpt lat="26.9862333" lon="75.8500876">
        <time>2020-02-20T06:09:53Z</time>
      </trkpt>
      <trkpt lat="26.9862370" lon="75.8501233">
        <time>2020-02-20T06:09:58Z</time>
      </trkpt>
      <trkpt lat="26.9862404" lon="75.8501229">
        <time>2020-02-20T06:10:04Z</time>
      </trkpt>
      <trkpt lat="26.9862496" lon="75.8501261">
        <time>2020-02-20T06:10:09Z</time>
      </trkpt>
      <trkpt lat="26.9862508" lon="75.8501248">
        <time>2020-02-20T06:10:15Z</time>
      </trkpt>
      <trkpt lat="26.9862551" lon="75.8501360">
        <time>2020-02-20T06:10:21Z</time>
      </trkpt>
      <trkpt lat="26.9862787" lon="75.8501730">
        <time>2020-02-20T06:10:27Z</time>
      </trkpt>
      <trkpt lat="26.9863249" lon="75.8501977">
        <time>2020-02-20T06:10:32Z</time>
      </trkpt>
      <trkpt lat="26.9863368" lon="75.8502162">
        <time>2020-02-20T06:10:38Z</time>
      </trkpt>
      <trkpt lat="26.9863274" lon="75.8502242">
        <time>2020-02-20T06:10:44Z</time>
      </trkpt>
      <trkpt lat="26.9863234" lon="75.8502400">
        <time>2020-02-20T06:10:50Z</time>
      </trkpt>
      <trkpt lat="26.9863386" lon="75.8502150">
        <time>2020-02-20T06:10:56Z</time>
      </trkpt>
      <trkpt lat="26.9863368" lon="75.8502411">
        <time>2020-02-20T06:11:02Z</time>
      </trkpt>
      <trkpt lat="26.9863504" lon="75.8502470">
        <time>2020-02-20T06:11:07Z</time>
      </trkpt>
      <trkpt lat="26.9863932" lon="75.8502500">
        <time>2020-02-20T06:11:12Z</time>
      </trkpt>
      <trkpt lat="26.9864206" lon="75.8502460">
        <time>2020-02-20T06:11:18Z</time>
      </trkpt>
      <trkpt lat="26.9864205" lon="75.8502458">
        <time>2020-02-20T06:11:23Z</time>
      </trkpt>
      <trkpt lat="26.9864206" lon="75.8502457">
        <time>2020-02-20T06:11:29Z</time>
      </trkpt>
      <trkpt lat="26.9864351" lon="75.8502134">
        <time>2020-02-20T06:11:35Z</time>
      </trkpt>
      <trkpt lat="26.9864447" lon="75.8502178">
        <time>2020-02-20T06:11:40Z</time>
      </trkpt>
      <trkpt lat="26.9864435" lon="75.8502170">
        <time>2020-02-20T06:11:46Z</time>
      </trkpt>
      <trkpt lat="26.9864203" lon="75.8502246">
        <time>2020-02-20T06:11:51Z</time>
      </trkpt>
      <trkpt lat="26.9864246" lon="75.8502249">
        <time>2020-02-20T06:11:57Z</time>
      </trkpt>
      <trkpt lat="26.9863788" lon="75.8502154">
        <time>2020-02-20T06:12:03Z</time>
      </trkpt>
      <trkpt lat="26.9863870" lon="75.8502184">
        <time>2020-02-20T06:12:08Z</time>
      </trkpt>
      <trkpt lat="26.9863950" lon="75.8502194">
        <time>2020-02-20T06:12:14Z</time>
      </trkpt>
      <trkpt lat="26.9863949" lon="75.8502194">
        <time>2020-02-20T06:12:20Z</time>
      </trkpt>
      <trkpt lat="26.9863956" lon="75.8502194">
        <time>2020-02-20T06:12:26Z</time>
      </trkpt>
      <trkpt lat="26.9863921" lon="75.8502054">
        <time>2020-02-20T06:12:32Z</time>
      </trkpt>
      <trkpt lat="26.9863685" lon="75.8501994">
        <time>2020-02-20T06:12:38Z</time>
      </trkpt>
      <trkpt lat="26.9863819" lon="75.8501969">
        <time>2020-02-20T06:12:43Z</time>
      </trkpt>
      <trkpt lat="26.9863826" lon="75.8501973">
        <time>2020-02-20T06:12:48Z</time>
      </trkpt>
      <trkpt lat="26.9863830" lon="75.8501974">
        <time>2020-02-20T06:12:53Z</time>
      </trkpt>
      <trkpt lat="26.9863872" lon="75.8501917">
        <time>2020-02-20T06:12:58Z</time>
      </trkpt>
      <trkpt lat="26.9863870" lon="75.8501954">
        <time>2020-02-20T06:13:04Z</time>
      </trkpt>
      <trkpt lat="26.9864054" lon="75.8501658">
        <time>2020-02-20T06:13:10Z</time>
      </trkpt>
      <trkpt lat="26.9864092" lon="75.8501749">
        <time>2020-02-20T06:13:15Z</time>
      </trkpt>
      <trkpt lat="26.9864116" lon="75.8501704">
        <time>2020-02-20T06:13:21Z</time>
      </trkpt>
      <trkpt lat="26.9864101" lon="75.8501637">
        <time>2020-02-20T06:13:27Z</time>
      </trkpt>
      <trkpt lat="26.9864119" lon="75.8501638">
        <time>2020-02-20T06:13:32Z</time>
      </trkpt>
      <trkpt lat="26.9864147" lon="75.8501626">
        <time>2020-02-20T06:13:38Z</time>
      </trkpt>
      <trkpt lat="26.9864143" lon="75.8501627">
        <time>2020-02-20T06:13:43Z</time>
      </trkpt>
      <trkpt lat="26.9864147" lon="75.8501626">
        <time>2020-02-20T06:13:48Z</time>
      </trkpt>
      <trkpt lat="26.9864150" lon="75.8501626">
        <time>2020-02-20T06:13:54Z</time>
      </trkpt>
      <trkpt lat="26.9864150" lon="75.8501626">
        <time>2020-02-20T06:13:59Z</time>
      </trkpt>
      <trkpt lat="26.9864150" lon="75.8501626">
        <time>2020-02-20T06:14:05Z</time>
      </trkpt>
      <trkpt lat="26.9864151" lon="75.8501626">
        <time>2020-02-20T06:14:11Z</time>
      </trkpt>
      <trkpt lat="26.9864150" lon="75.8501627">
        <time>2020-02-20T06:14:17Z</time>
      </trkpt>
      <trkpt lat="26.9864150" lon="75.8501627">
        <time>2020-02-20T06:14:23Z</time>
      </trkpt>
      <trkpt lat="26.9864150" lon="75.8501627">
        <time>2020-02-20T06:14:29Z</time>
      </trkpt>
      <trkpt lat="26.9864150" lon="75.8501627">
        <time>2020-02-20T06:14:35Z</time>
      </trkpt>
      <trkpt lat="26.9864150" lon="75.8501626">
        <time>2020-02-20T06:14:41Z</time>
      </trkpt>
      <trkpt lat="26.9864150" lon="75.8501627">
        <time>2020-02-20T06:14:47Z</time>
      </trkpt>
      <trkpt lat="26.9864150" lon="75.8501627">
        <time>2020-02-20T06:14:52Z</time>
      </trkpt>
      <trkpt lat="26.9864151" lon="75.8501627">
        <time>2020-02-20T06:14:58Z</time>
      </trkpt>
      <trkpt lat="26.9864151" lon="75.8501627">
        <time>2020-02-20T06:15:03Z</time>
      </trkpt>
      <trkpt lat="26.9864151" lon="75.8501627">
        <time>2020-02-20T06:15:08Z</time>
      </trkpt>
      <trkpt lat="26.9864151" lon="75.8501627">
        <time>2020-02-20T06:15:14Z</time>
      </trkpt>
      <trkpt lat="26.9864151" lon="75.8501627">
        <time>2020-02-20T06:15:20Z</time>
      </trkpt>
      <trkpt lat="26.9864151" lon="75.8501627">
        <time>2020-02-20T06:15:26Z</time>
      </trkpt>
      <trkpt lat="26.9864151" lon="75.8501627">
        <time>2020-02-20T06:15:32Z</time>
      </trkpt>
      <trkpt lat="26.9864151" lon="75.8501627">
        <time>2020-02-20T06:15:39Z</time>
      </trkpt>
      <trkpt lat="26.9864151" lon="75.8501627">
        <time>2020-02-20T06:15:44Z</time>
      </trkpt>
      <trkpt lat="26.9864151" lon="75.8501627">
        <time>2020-02-20T06:15:50Z</time>
      </trkpt>
      <trkpt lat="26.9864150" lon="75.8501628">
        <time>2020-02-20T06:15:56Z</time>
      </trkpt>
      <trkpt lat="26.9864150" lon="75.8501628">
        <time>2020-02-20T06:16:02Z</time>
      </trkpt>
      <trkpt lat="26.9864151" lon="75.8501628">
        <time>2020-02-20T06:16:07Z</time>
      </trkpt>
      <trkpt lat="26.9864151" lon="75.8501628">
        <time>2020-02-20T06:16:12Z</time>
      </trkpt>
      <trkpt lat="26.9864151" lon="75.8501628">
        <time>2020-02-20T06:16:18Z</time>
      </trkpt>
      <trkpt lat="26.9864151" lon="75.8501628">
        <time>2020-02-20T06:16:24Z</time>
      </trkpt>
      <trkpt lat="26.9864152" lon="75.8501628">
        <time>2020-02-20T06:16:30Z</time>
      </trkpt>
      <trkpt lat="26.9864152" lon="75.8501628">
        <time>2020-02-20T06:16:36Z</time>
      </trkpt>
      <trkpt lat="26.9864152" lon="75.8501628">
        <time>2020-02-20T06:16:42Z</time>
      </trkpt>
      <trkpt lat="26.9864152" lon="75.8501628">
        <time>2020-02-20T06:16:48Z</time>
      </trkpt>
      <trkpt lat="26.9864151" lon="75.8501628">
        <time>2020-02-20T06:16:54Z</time>
      </trkpt>
      <trkpt lat="26.9864150" lon="75.8501628">
        <time>2020-02-20T06:16:59Z</time>
      </trkpt>
      <trkpt lat="26.9864151" lon="75.8501628">
        <time>2020-02-20T06:17:04Z</time>
      </trkpt>
      <trkpt lat="26.9864151" lon="75.8501628">
        <time>2020-02-20T06:17:09Z</time>
      </trkpt>
      <trkpt lat="26.9864150" lon="75.8501628">
        <time>2020-02-20T06:17:15Z</time>
      </trkpt>
      <trkpt lat="26.9864150" lon="75.8501628">
        <time>2020-02-20T06:17:20Z</time>
      </trkpt>
      <trkpt lat="26.9864149" lon="75.8501628">
        <time>2020-02-20T06:17:26Z</time>
      </trkpt>
      <trkpt lat="26.9864149" lon="75.8501629">
        <time>2020-02-20T06:17:31Z</time>
      </trkpt>
      <trkpt lat="26.9864149" lon="75.8501629">
        <time>2020-02-20T06:17:36Z</time>
      </trkpt>
      <trkpt lat="26.9864149" lon="75.8501629">
        <time>2020-02-20T06:17:41Z</time>
      </trkpt>
      <trkpt lat="26.9864149" lon="75.8501630">
        <time>2020-02-20T06:17:47Z</time>
      </trkpt>
      <trkpt lat="26.9864149" lon="75.8501630">
        <time>2020-02-20T06:17:53Z</time>
      </trkpt>
      <trkpt lat="26.9864149" lon="75.8501630">
        <time>2020-02-20T06:17:59Z</time>
      </trkpt>
      <trkpt lat="26.9864149" lon="75.8501630">
        <time>2020-02-20T06:18:05Z</time>
      </trkpt>
      <trkpt lat="26.9864148" lon="75.8501630">
        <time>2020-02-20T06:18:11Z</time>
      </trkpt>
      <trkpt lat="26.9864148" lon="75.8501630">
        <time>2020-02-20T06:18:17Z</time>
      </trkpt>
      <trkpt lat="26.9864149" lon="75.8501630">
        <time>2020-02-20T06:18:22Z</time>
      </trkpt>
      <trkpt lat="26.9864149" lon="75.8501629">
        <time>2020-02-20T06:18:28Z</time>
      </trkpt>
      <trkpt lat="26.9864148" lon="75.8501630">
        <time>2020-02-20T06:18:33Z</time>
      </trkpt>
      <trkpt lat="26.9864148" lon="75.8501630">
        <time>2020-02-20T06:18:39Z</time>
      </trkpt>
      <trkpt lat="26.9864149" lon="75.8501630">
        <time>2020-02-20T06:18:45Z</time>
      </trkpt>
      <trkpt lat="26.9864149" lon="75.8501630">
        <time>2020-02-20T06:18:50Z</time>
      </trkpt>
      <trkpt lat="26.9864149" lon="75.8501630">
        <time>2020-02-20T06:18:56Z</time>
      </trkpt>
      <trkpt lat="26.9864143" lon="75.8501393">
        <time>2020-02-20T06:19:02Z</time>
      </trkpt>
      <trkpt lat="26.9864328" lon="75.8501363">
        <time>2020-02-20T06:19:07Z</time>
      </trkpt>
      <trkpt lat="26.9864211" lon="75.8501641">
        <time>2020-02-20T06:19:13Z</time>
      </trkpt>
      <trkpt lat="26.9864082" lon="75.8501958">
        <time>2020-02-20T06:19:19Z</time>
      </trkpt>
      <trkpt lat="26.9864088" lon="75.8502011">
        <time>2020-02-20T06:19:25Z</time>
      </trkpt>
      <trkpt lat="26.9863938" lon="75.8502229">
        <time>2020-02-20T06:19:31Z</time>
      </trkpt>
      <trkpt lat="26.9863932" lon="75.8502118">
        <time>2020-02-20T06:19:37Z</time>
      </trkpt>
      <trkpt lat="26.9864206" lon="75.8502339">
        <time>2020-02-20T06:19:43Z</time>
      </trkpt>
      <trkpt lat="26.9864209" lon="75.8502245">
        <time>2020-02-20T06:19:49Z</time>
      </trkpt>
      <trkpt lat="26.9864214" lon="75.8502302">
        <time>2020-02-20T06:19:54Z</time>
      </trkpt>
      <trkpt lat="26.9864185" lon="75.8502264">
        <time>2020-02-20T06:20:00Z</time>
      </trkpt>
      <trkpt lat="26.9864173" lon="75.8502237">
        <time>2020-02-20T06:20:05Z</time>
      </trkpt>
      <trkpt lat="26.9864167" lon="75.8502225">
        <time>2020-02-20T06:20:10Z</time>
      </trkpt>
      <trkpt lat="26.9866816" lon="75.8502932">
        <time>2020-02-20T06:21:07Z</time>
      </trkpt>
      <trkpt lat="26.9868070" lon="75.8503209">
        <time>2020-02-20T06:21:12Z</time>
      </trkpt>
      <trkpt lat="26.9868861" lon="75.8505398">
        <time>2020-02-20T06:21:18Z</time>
      </trkpt>
      <trkpt lat="26.9869381" lon="75.8506830">
        <time>2020-02-20T06:21:23Z</time>
      </trkpt>
      <trkpt lat="26.9869448" lon="75.8507594">
        <time>2020-02-20T06:21:28Z</time>
      </trkpt>
      <trkpt lat="26.9869624" lon="75.8507890">
        <time>2020-02-20T06:21:34Z</time>
      </trkpt>
      <trkpt lat="26.9869707" lon="75.8508079">
        <time>2020-02-20T06:21:40Z</time>
      </trkpt>
      <trkpt lat="26.9869688" lon="75.8508167">
        <time>2020-02-20T06:21:45Z</time>
      </trkpt>
      <trkpt lat="26.9869695" lon="75.8508186">
        <time>2020-02-20T06:21:51Z</time>
      </trkpt>
      <trkpt lat="26.9869695" lon="75.8508187">
        <time>2020-02-20T06:21:57Z</time>
      </trkpt>
      <trkpt lat="26.9869693" lon="75.8508197">
        <time>2020-02-20T06:22:03Z</time>
      </trkpt>
      <trkpt lat="26.9869787" lon="75.8508065">
        <time>2020-02-20T06:22:08Z</time>
      </trkpt>
      <trkpt lat="26.9869777" lon="75.8508088">
        <time>2020-02-20T06:22:13Z</time>
      </trkpt>
      <trkpt lat="26.9869804" lon="75.8508100">
        <time>2020-02-20T06:22:19Z</time>
      </trkpt>
      <trkpt lat="26.9869804" lon="75.8508105">
        <time>2020-02-20T06:22:24Z</time>
      </trkpt>
      <trkpt lat="26.9869804" lon="75.8508113">
        <time>2020-02-20T06:22:30Z</time>
      </trkpt>
      <trkpt lat="26.9869804" lon="75.8508117">
        <time>2020-02-20T06:22:35Z</time>
      </trkpt>
      <trkpt lat="26.9869804" lon="75.8508123">
        <time>2020-02-20T06:22:41Z</time>
      </trkpt>
      <trkpt lat="26.9869858" lon="75.8508084">
        <time>2020-02-20T06:22:47Z</time>
      </trkpt>
      <trkpt lat="26.9869946" lon="75.8508229">
        <time>2020-02-20T06:22:53Z</time>
      </trkpt>
      <trkpt lat="26.9869985" lon="75.8508322">
        <time>2020-02-20T06:22:59Z</time>
      </trkpt>
      <trkpt lat="26.9869975" lon="75.8508299">
        <time>2020-02-20T06:23:05Z</time>
      </trkpt>
      <trkpt lat="26.9869976" lon="75.8508299">
        <time>2020-02-20T06:23:11Z</time>
      </trkpt>
      <trkpt lat="26.9869976" lon="75.8508300">
        <time>2020-02-20T06:23:17Z</time>
      </trkpt>
      <trkpt lat="26.9869977" lon="75.8508302">
        <time>2020-02-20T06:23:23Z</time>
      </trkpt>
      <trkpt lat="26.9869978" lon="75.8508303">
        <time>2020-02-20T06:23:29Z</time>
      </trkpt>
      <trkpt lat="26.9869951" lon="75.8508305">
        <time>2020-02-20T06:23:35Z</time>
      </trkpt>
      <trkpt lat="26.9869912" lon="75.8508380">
        <time>2020-02-20T06:23:40Z</time>
      </trkpt>
      <trkpt lat="26.9869855" lon="75.8508389">
        <time>2020-02-20T06:23:46Z</time>
      </trkpt>
      <trkpt lat="26.9869857" lon="75.8508393">
        <time>2020-02-20T06:23:51Z</time>
      </trkpt>
      <trkpt lat="26.9869818" lon="75.8508408">
        <time>2020-02-20T06:23:57Z</time>
      </trkpt>
      <trkpt lat="26.9869828" lon="75.8508358">
        <time>2020-02-20T06:24:03Z</time>
      </trkpt>
      <trkpt lat="26.9869832" lon="75.8508354">
        <time>2020-02-20T06:24:08Z</time>
      </trkpt>
      <trkpt lat="26.9869832" lon="75.8508355">
        <time>2020-02-20T06:24:14Z</time>
      </trkpt>
      <trkpt lat="26.9869832" lon="75.8508355">
        <time>2020-02-20T06:24:20Z</time>
      </trkpt>
      <trkpt lat="26.9869832" lon="75.8508356">
        <time>2020-02-20T06:24:26Z</time>
      </trkpt>
      <trkpt lat="26.9869832" lon="75.8508339">
        <time>2020-02-20T06:24:31Z</time>
      </trkpt>
      <trkpt lat="26.9869974" lon="75.8508500">
        <time>2020-02-20T06:24:37Z</time>
      </trkpt>
      <trkpt lat="26.9870388" lon="75.8508493">
        <time>2020-02-20T06:24:43Z</time>
      </trkpt>
      <trkpt lat="26.9870687" lon="75.8508730">
        <time>2020-02-20T06:24:49Z</time>
      </trkpt>
      <trkpt lat="26.9870707" lon="75.8508998">
        <time>2020-02-20T06:24:55Z</time>
      </trkpt>
      <trkpt lat="26.9870893" lon="75.8509193">
        <time>2020-02-20T06:25:01Z</time>
      </trkpt>
      <trkpt lat="26.9871237" lon="75.8509142">
        <time>2020-02-20T06:25:07Z</time>
      </trkpt>
      <trkpt lat="26.9871343" lon="75.8509120">
        <time>2020-02-20T06:25:13Z</time>
      </trkpt>
      <trkpt lat="26.9871518" lon="75.8509042">
        <time>2020-02-20T06:25:18Z</time>
      </trkpt>
      <trkpt lat="26.9871704" lon="75.8508941">
        <time>2020-02-20T06:25:23Z</time>
      </trkpt>
      <trkpt lat="26.9871977" lon="75.8508776">
        <time>2020-02-20T06:25:29Z</time>
      </trkpt>
      <trkpt lat="26.9872376" lon="75.8508980">
        <time>2020-02-20T06:25:34Z</time>
      </trkpt>
      <trkpt lat="26.9872876" lon="75.8509353">
        <time>2020-02-20T06:25:40Z</time>
      </trkpt>
      <trkpt lat="26.9873412" lon="75.8509445">
        <time>2020-02-20T06:25:46Z</time>
      </trkpt>
      <trkpt lat="26.9873859" lon="75.8509434">
        <time>2020-02-20T06:25:51Z</time>
      </trkpt>
      <trkpt lat="26.9873842" lon="75.8509311">
        <time>2020-02-20T06:25:57Z</time>
      </trkpt>
      <trkpt lat="26.9873610" lon="75.8509123">
        <time>2020-02-20T06:26:03Z</time>
      </trkpt>
      <trkpt lat="26.9873321" lon="75.8508912">
        <time>2020-02-20T06:26:09Z</time>
      </trkpt>
      <trkpt lat="26.9873033" lon="75.8508734">
        <time>2020-02-20T06:26:14Z</time>
      </trkpt>
      <trkpt lat="26.9872804" lon="75.8508513">
        <time>2020-02-20T06:26:19Z</time>
      </trkpt>
      <trkpt lat="26.9872606" lon="75.8508356">
        <time>2020-02-20T06:26:25Z</time>
      </trkpt>
      <trkpt lat="26.9872259" lon="75.8508188">
        <time>2020-02-20T06:26:31Z</time>
      </trkpt>
      <trkpt lat="26.9872086" lon="75.8508048">
        <time>2020-02-20T06:26:37Z</time>
      </trkpt>
      <trkpt lat="26.9871937" lon="75.8508071">
        <time>2020-02-20T06:26:42Z</time>
      </trkpt>
      <trkpt lat="26.9871725" lon="75.8507950">
        <time>2020-02-20T06:26:47Z</time>
      </trkpt>
      <trkpt lat="26.9871593" lon="75.8507845">
        <time>2020-02-20T06:26:53Z</time>
      </trkpt>
      <trkpt lat="26.9871863" lon="75.8507672">
        <time>2020-02-20T06:26:59Z</time>
      </trkpt>
      <trkpt lat="26.9872424" lon="75.8507763">
        <time>2020-02-20T06:27:05Z</time>
      </trkpt>
      <trkpt lat="26.9872687" lon="75.8507795">
        <time>2020-02-20T06:27:11Z</time>
      </trkpt>
      <trkpt lat="26.9873045" lon="75.8507862">
        <time>2020-02-20T06:27:16Z</time>
      </trkpt>
      <trkpt lat="26.9873460" lon="75.8508122">
        <time>2020-02-20T06:27:22Z</time>
      </trkpt>
    </trkseg>
    <trkseg>
      <trkpt lat="26.9873854" lon="75.8508483">
        <time>2020-02-20T06:27:36Z</time>
      </trkpt>
      <trkpt lat="26.9874012" lon="75.8508737">
        <time>2020-02-20T06:27:42Z</time>
      </trkpt>
      <trkpt lat="26.9874294" lon="75.8508924">
        <time>2020-02-20T06:27:48Z</time>
      </trkpt>
      <trkpt lat="26.9874456" lon="75.8509204">
        <time>2020-02-20T06:27:54Z</time>
      </trkpt>
      <trkpt lat="26.9874610" lon="75.8509264">
        <time>2020-02-20T06:27:59Z</time>
      </trkpt>
      <trkpt lat="26.9874708" lon="75.8509529">
        <time>2020-02-20T06:28:05Z</time>
      </trkpt>
      <trkpt lat="26.9874904" lon="75.8509658">
        <time>2020-02-20T06:28:10Z</time>
      </trkpt>
      <trkpt lat="26.9875269" lon="75.8509805">
        <time>2020-02-20T06:28:16Z</time>
      </trkpt>
      <trkpt lat="26.9875500" lon="75.8509885">
        <time>2020-02-20T06:28:22Z</time>
      </trkpt>
      <trkpt lat="26.9875626" lon="75.8510031">
        <time>2020-02-20T06:28:27Z</time>
      </trkpt>
      <trkpt lat="26.9875771" lon="75.8510132">
        <time>2020-02-20T06:28:33Z</time>
      </trkpt>
      <trkpt lat="26.9875970" lon="75.8510217">
        <time>2020-02-20T06:28:38Z</time>
      </trkpt>
      <trkpt lat="26.9876129" lon="75.8510236">
        <time>2020-02-20T06:28:43Z</time>
      </trkpt>
      <trkpt lat="26.9876184" lon="75.8510218">
        <time>2020-02-20T06:28:49Z</time>
      </trkpt>
      <trkpt lat="26.9876193" lon="75.8510232">
        <time>2020-02-20T06:28:54Z</time>
      </trkpt>
      <trkpt lat="26.9876087" lon="75.8510246">
        <time>2020-02-20T06:29:00Z</time>
      </trkpt>
      <trkpt lat="26.9876074" lon="75.8510336">
        <time>2020-02-20T06:29:06Z</time>
      </trkpt>
      <trkpt lat="26.9876088" lon="75.8510443">
        <time>2020-02-20T06:29:12Z</time>
      </trkpt>
      <trkpt lat="26.9876085" lon="75.8510456">
        <time>2020-02-20T06:29:17Z</time>
      </trkpt>
      <trkpt lat="26.9876084" lon="75.8510458">
        <time>2020-02-20T06:29:23Z</time>
      </trkpt>
      <trkpt lat="26.9876083" lon="75.8510458">
        <time>2020-02-20T06:29:28Z</time>
      </trkpt>
      <trkpt lat="26.9876083" lon="75.8510457">
        <time>2020-02-20T06:29:34Z</time>
      </trkpt>
      <trkpt lat="26.9876083" lon="75.8510455">
        <time>2020-02-20T06:29:40Z</time>
      </trkpt>
      <trkpt lat="26.9876080" lon="75.8510454">
        <time>2020-02-20T06:29:46Z</time>
      </trkpt>
      <trkpt lat="26.9876079" lon="75.8510454">
        <time>2020-02-20T06:29:52Z</time>
      </trkpt>
      <trkpt lat="26.9876098" lon="75.8510388">
        <time>2020-02-20T06:29:57Z</time>
      </trkpt>
      <trkpt lat="26.9876056" lon="75.8510384">
        <time>2020-02-20T06:30:03Z</time>
      </trkpt>
      <trkpt lat="26.9876116" lon="75.8510309">
        <time>2020-02-20T06:30:09Z</time>
      </trkpt>
      <trkpt lat="26.9876223" lon="75.8510412">
        <time>2020-02-20T06:30:14Z</time>
      </trkpt>
      <trkpt lat="26.9876480" lon="75.8511004">
        <time>2020-02-20T06:30:20Z</time>
      </trkpt>
      <trkpt lat="26.9876520" lon="75.8511094">
        <time>2020-02-20T06:30:25Z</time>
      </trkpt>
      <trkpt lat="26.9876545" lon="75.8511143">
        <time>2020-02-20T06:30:30Z</time>
      </trkpt>
      <trkpt lat="26.9876553" lon="75.8511138">
        <time>2020-02-20T06:30:36Z</time>
      </trkpt>
      <trkpt lat="26.9876805" lon="75.8511394">
        <time>2020-02-20T06:30:42Z</time>
      </trkpt>
      <trkpt lat="26.9877045" lon="75.8511656">
        <time>2020-02-20T06:30:47Z</time>
      </trkpt>
      <trkpt lat="26.9877233" lon="75.8511966">
        <time>2020-02-20T06:30:53Z</time>
      </trkpt>
      <trkpt lat="26.9877516" lon="75.8512294">
        <time>2020-02-20T06:30:59Z</time>
      </trkpt>
      <trkpt lat="26.9877512" lon="75.8512349">
        <time>2020-02-20T06:31:05Z</time>
      </trkpt>
      <trkpt lat="26.9877518" lon="75.8512661">
        <time>2020-02-20T06:31:11Z</time>
      </trkpt>
      <trkpt lat="26.9877652" lon="75.8512851">
        <time>2020-02-20T06:31:17Z</time>
      </trkpt>
      <trkpt lat="26.9877793" lon="75.8513024">
        <time>2020-02-20T06:31:22Z</time>
      </trkpt>
      <trkpt lat="26.9877913" lon="75.8513080">
        <time>2020-02-20T06:31:28Z</time>
      </trkpt>
      <trkpt lat="26.9878112" lon="75.8513302">
        <time>2020-02-20T06:31:34Z</time>
      </trkpt>
      <trkpt lat="26.9878249" lon="75.8513447">
        <time>2020-02-20T06:31:39Z</time>
      </trkpt>
      <trkpt lat="26.9878627" lon="75.8513658">
        <time>2020-02-20T06:31:45Z</time>
      </trkpt>
      <trkpt lat="26.9878715" lon="75.8513710">
        <time>2020-02-20T06:31:51Z</time>
      </trkpt>
      <trkpt lat="26.9878770" lon="75.8513818">
        <time>2020-02-20T06:31:57Z</time>
      </trkpt>
      <trkpt lat="26.9878739" lon="75.8513965">
        <time>2020-02-20T06:32:03Z</time>
      </trkpt>
      <trkpt lat="26.9878806" lon="75.8514016">
        <time>2020-02-20T06:32:08Z</time>
      </trkpt>
      <trkpt lat="26.9878988" lon="75.8514285">
        <time>2020-02-20T06:32:13Z</time>
      </trkpt>
      <trkpt lat="26.9879059" lon="75.8514249">
        <time>2020-02-20T06:32:19Z</time>
      </trkpt>
      <trkpt lat="26.9879039" lon="75.8514250">
        <time>2020-02-20T06:32:24Z</time>
      </trkpt>
      <trkpt lat="26.9879116" lon="75.8514465">
        <time>2020-02-20T06:32:30Z</time>
      </trkpt>
      <trkpt lat="26.9879163" lon="75.8514856">
        <time>2020-02-20T06:32:35Z</time>
      </trkpt>
      <trkpt lat="26.9879234" lon="75.8515029">
        <time>2020-02-20T06:32:41Z</time>
      </trkpt>
      <trkpt lat="26.9879210" lon="75.8515447">
        <time>2020-02-20T06:32:47Z</time>
      </trkpt>
      <trkpt lat="26.9879007" lon="75.8515848">
        <time>2020-02-20T06:32:53Z</time>
      </trkpt>
      <trkpt lat="26.9879109" lon="75.8516170">
        <time>2020-02-20T06:32:58Z</time>
      </trkpt>
      <trkpt lat="26.9879237" lon="75.8516523">
        <time>2020-02-20T06:33:04Z</time>
      </trkpt>
      <trkpt lat="26.9879258" lon="75.8516930">
        <time>2020-02-20T06:33:10Z</time>
      </trkpt>
      <trkpt lat="26.9879167" lon="75.8517155">
        <time>2020-02-20T06:33:15Z</time>
      </trkpt>
      <trkpt lat="26.9879010" lon="75.8517353">
        <time>2020-02-20T06:33:21Z</time>
      </trkpt>
      <trkpt lat="26.9878828" lon="75.8517450">
        <time>2020-02-20T06:33:26Z</time>
      </trkpt>
      <trkpt lat="26.9878468" lon="75.8517609">
        <time>2020-02-20T06:33:31Z</time>
      </trkpt>
      <trkpt lat="26.9878038" lon="75.8517828">
        <time>2020-02-20T06:33:37Z</time>
      </trkpt>
      <trkpt lat="26.9877866" lon="75.8517905">
        <time>2020-02-20T06:33:43Z</time>
      </trkpt>
      <trkpt lat="26.9877553" lon="75.8517820">
        <time>2020-02-20T06:33:48Z</time>
      </trkpt>
      <trkpt lat="26.9876872" lon="75.8517826">
        <time>2020-02-20T06:33:54Z</time>
      </trkpt>
      <trkpt lat="26.9876212" lon="75.8517984">
        <time>2020-02-20T06:34:00Z</time>
      </trkpt>
      <trkpt lat="26.9875662" lon="75.8517894">
        <time>2020-02-20T06:34:06Z</time>
      </trkpt>
      <trkpt lat="26.9874981" lon="75.8517556">
        <time>2020-02-20T06:34:12Z</time>
      </trkpt>
      <trkpt lat="26.9874527" lon="75.8517111">
        <time>2020-02-20T06:34:18Z</time>
      </trkpt>
      <trkpt lat="26.9874400" lon="75.8517011">
        <time>2020-02-20T06:34:23Z</time>
      </trkpt>
      <trkpt lat="26.9874461" lon="75.8516946">
        <time>2020-02-20T06:34:29Z</time>
      </trkpt>
      <trkpt lat="26.9874463" lon="75.8516887">
        <time>2020-02-20T06:34:35Z</time>
      </trkpt>
      <trkpt lat="26.9874413" lon="75.8516784">
        <time>2020-02-20T06:34:40Z</time>
      </trkpt>
      <trkpt lat="26.9874427" lon="75.8516744">
        <time>2020-02-20T06:34:45Z</time>
      </trkpt>
      <trkpt lat="26.9874400" lon="75.8516761">
        <time>2020-02-20T06:34:51Z</time>
      </trkpt>
      <trkpt lat="26.9874371" lon="75.8516713">
        <time>2020-02-20T06:34:56Z</time>
      </trkpt>
      <trkpt lat="26.9874335" lon="75.8516653">
        <time>2020-02-20T06:35:01Z</time>
      </trkpt>
      <trkpt lat="26.9874317" lon="75.8516650">
        <time>2020-02-20T06:35:06Z</time>
      </trkpt>
      <trkpt lat="26.9874317" lon="75.8516649">
        <time>2020-02-20T06:35:11Z</time>
      </trkpt>
      <trkpt lat="26.9874323" lon="75.8516636">
        <time>2020-02-20T06:35:17Z</time>
      </trkpt>
      <trkpt lat="26.9874292" lon="75.8516706">
        <time>2020-02-20T06:35:23Z</time>
      </trkpt>
      <trkpt lat="26.9874281" lon="75.8516710">
        <time>2020-02-20T06:35:29Z</time>
      </trkpt>
      <trkpt lat="26.9874280" lon="75.8516711">
        <time>2020-02-20T06:35:34Z</time>
      </trkpt>
      <trkpt lat="26.9874279" lon="75.8516713">
        <time>2020-02-20T06:35:39Z</time>
      </trkpt>
      <trkpt lat="26.9874278" lon="75.8516712">
        <time>2020-02-20T06:35:45Z</time>
      </trkpt>
      <trkpt lat="26.9874278" lon="75.8516712">
        <time>2020-02-20T06:35:50Z</time>
      </trkpt>
      <trkpt lat="26.9874278" lon="75.8516711">
        <time>2020-02-20T06:35:56Z</time>
      </trkpt>
      <trkpt lat="26.9874278" lon="75.8516711">
        <time>2020-02-20T06:36:02Z</time>
      </trkpt>
      <trkpt lat="26.9874278" lon="75.8516711">
        <time>2020-02-20T06:36:07Z</time>
      </trkpt>
      <trkpt lat="26.9874277" lon="75.8516709">
        <time>2020-02-20T06:36:13Z</time>
      </trkpt>
      <trkpt lat="26.9874276" lon="75.8516710">
        <time>2020-02-20T06:36:19Z</time>
      </trkpt>
      <trkpt lat="26.9874276" lon="75.8516710">
        <time>2020-02-20T06:36:24Z</time>
      </trkpt>
      <trkpt lat="26.9874340" lon="75.8517028">
        <time>2020-02-20T06:36:30Z</time>
      </trkpt>
      <trkpt lat="26.9875154" lon="75.8517648">
        <time>2020-02-20T06:36:36Z</time>
      </trkpt>
      <trkpt lat="26.9875660" lon="75.8517838">
        <time>2020-02-20T06:36:42Z</time>
      </trkpt>
      <trkpt lat="26.9876050" lon="75.8517959">
        <time>2020-02-20T06:36:47Z</time>
      </trkpt>
      <trkpt lat="26.9877033" lon="75.8518132">
        <time>2020-02-20T06:36:53Z</time>
      </trkpt>
      <trkpt lat="26.9877474" lon="75.8518106">
        <time>2020-02-20T06:36:58Z</time>
      </trkpt>
      <trkpt lat="26.9877810" lon="75.8518265">
        <time>2020-02-20T06:37:04Z</time>
      </trkpt>
      <trkpt lat="26.9877907" lon="75.8518251">
        <time>2020-02-20T06:37:10Z</time>
      </trkpt>
      <trkpt lat="26.9877917" lon="75.8518232">
        <time>2020-02-20T06:37:15Z</time>
      </trkpt>
      <trkpt lat="26.9877930" lon="75.8518237">
        <time>2020-02-20T06:37:21Z</time>
      </trkpt>
      <trkpt lat="26.9877930" lon="75.8518239">
        <time>2020-02-20T06:37:26Z</time>
      </trkpt>
      <trkpt lat="26.9877929" lon="75.8518243">
        <time>2020-02-20T06:37:32Z</time>
      </trkpt>
      <trkpt lat="26.9877929" lon="75.8518243">
        <time>2020-02-20T06:37:37Z</time>
      </trkpt>
      <trkpt lat="26.9877929" lon="75.8518243">
        <time>2020-02-20T06:37:43Z</time>
      </trkpt>
      <trkpt lat="26.9877929" lon="75.8518244">
        <time>2020-02-20T06:37:48Z</time>
      </trkpt>
      <trkpt lat="26.9877929" lon="75.8518243">
        <time>2020-02-20T06:37:54Z</time>
      </trkpt>
      <trkpt lat="26.9877929" lon="75.8518243">
        <time>2020-02-20T06:37:59Z</time>
      </trkpt>
      <trkpt lat="26.9877929" lon="75.8518243">
        <time>2020-02-20T06:38:05Z</time>
      </trkpt>
      <trkpt lat="26.9877929" lon="75.8518244">
        <time>2020-02-20T06:38:10Z</time>
      </trkpt>
      <trkpt lat="26.9878215" lon="75.8518187">
        <time>2020-02-20T06:38:16Z</time>
      </trkpt>
      <trkpt lat="26.9878962" lon="75.8517878">
        <time>2020-02-20T06:38:21Z</time>
      </trkpt>
      <trkpt lat="26.9879388" lon="75.8518015">
        <time>2020-02-20T06:38:26Z</time>
      </trkpt>
      <trkpt lat="26.9879396" lon="75.8517972">
        <time>2020-02-20T06:38:32Z</time>
      </trkpt>
      <trkpt lat="26.9879533" lon="75.8518643">
        <time>2020-02-20T06:38:38Z</time>
      </trkpt>
      <trkpt lat="26.9879187" lon="75.8519462">
        <time>2020-02-20T06:38:43Z</time>
      </trkpt>
      <trkpt lat="26.9878068" lon="75.8519916">
        <time>2020-02-20T06:38:49Z</time>
      </trkpt>
      <trkpt lat="26.9876749" lon="75.8520180">
        <time>2020-02-20T06:38:54Z</time>
      </trkpt>
      <trkpt lat="26.9875460" lon="75.8520436">
        <time>2020-02-20T06:39:00Z</time>
      </trkpt>
      <trkpt lat="26.9874367" lon="75.8520607">
        <time>2020-02-20T06:39:05Z</time>
      </trkpt>
      <trkpt lat="26.9873148" lon="75.8520304">
        <time>2020-02-20T06:39:11Z</time>
      </trkpt>
      <trkpt lat="26.9871423" lon="75.8519640">
        <time>2020-02-20T06:39:17Z</time>
      </trkpt>
      <trkpt lat="26.9870898" lon="75.8519588">
        <time>2020-02-20T06:39:22Z</time>
      </trkpt>
      <trkpt lat="26.9871282" lon="75.8520605">
        <time>2020-02-20T06:39:28Z</time>
      </trkpt>
      <trkpt lat="26.9872553" lon="75.8521531">
        <time>2020-02-20T06:39:34Z</time>
      </trkpt>
      <trkpt lat="26.9873910" lon="75.8522415">
        <time>2020-02-20T06:39:40Z</time>
      </trkpt>
      <trkpt lat="26.9875077" lon="75.8523512">
        <time>2020-02-20T06:39:46Z</time>
      </trkpt>
      <trkpt lat="26.9876731" lon="75.8524710">
        <time>2020-02-20T06:39:52Z</time>
      </trkpt>
      <trkpt lat="26.9878444" lon="75.8525740">
        <time>2020-02-20T06:39:58Z</time>
      </trkpt>
      <trkpt lat="26.9880565" lon="75.8526755">
        <time>2020-02-20T06:40:04Z</time>
      </trkpt>
      <trkpt lat="26.9882391" lon="75.8527596">
        <time>2020-02-20T06:40:10Z</time>
      </trkpt>
      <trkpt lat="26.9884080" lon="75.8528381">
        <time>2020-02-20T06:40:15Z</time>
      </trkpt>
      <trkpt lat="26.9885780" lon="75.8528864">
        <time>2020-02-20T06:40:21Z</time>
      </trkpt>
      <trkpt lat="26.9887074" lon="75.8529809">
        <time>2020-02-20T06:40:27Z</time>
      </trkpt>
      <trkpt lat="26.9887944" lon="75.8530345">
        <time>2020-02-20T06:40:32Z</time>
      </trkpt>
      <trkpt lat="26.9888627" lon="75.8530933">
        <time>2020-02-20T06:40:38Z</time>
      </trkpt>
      <trkpt lat="26.9889027" lon="75.8531446">
        <time>2020-02-20T06:40:44Z</time>
      </trkpt>
      <trkpt lat="26.9889021" lon="75.8531376">
        <time>2020-02-20T06:40:49Z</time>
      </trkpt>
      <trkpt lat="26.9889671" lon="75.8531870">
        <time>2020-02-20T06:40:55Z</time>
      </trkpt>
      <trkpt lat="26.9890643" lon="75.8532621">
        <time>2020-02-20T06:41:01Z</time>
      </trkpt>
      <trkpt lat="26.9891238" lon="75.8533266">
        <time>2020-02-20T06:41:07Z</time>
      </trkpt>
      <trkpt lat="26.9891061" lon="75.8535022">
        <time>2020-02-20T06:41:13Z</time>
      </trkpt>
      <trkpt lat="26.9890125" lon="75.8536877">
        <time>2020-02-20T06:41:19Z</time>
      </trkpt>
      <trkpt lat="26.9888697" lon="75.8538900">
        <time>2020-02-20T06:41:24Z</time>
      </trkpt>
      <trkpt lat="26.9886849" lon="75.8541194">
        <time>2020-02-20T06:41:30Z</time>
      </trkpt>
      <trkpt lat="26.9885884" lon="75.8543022">
        <time>2020-02-20T06:41:36Z</time>
      </trkpt>
      <trkpt lat="26.9884901" lon="75.8544528">
        <time>2020-02-20T06:41:41Z</time>
      </trkpt>
      <trkpt lat="26.9884517" lon="75.8546236">
        <time>2020-02-20T06:41:47Z</time>
      </trkpt>
      <trkpt lat="26.9884160" lon="75.8548025">
        <time>2020-02-20T06:41:53Z</time>
      </trkpt>
      <trkpt lat="26.9883968" lon="75.8549729">
        <time>2020-02-20T06:41:58Z</time>
      </trkpt>
      <trkpt lat="26.9883781" lon="75.8551829">
        <time>2020-02-20T06:42:03Z</time>
      </trkpt>
      <trkpt lat="26.9883373" lon="75.8552909">
        <time>2020-02-20T06:42:08Z</time>
      </trkpt>
      <trkpt lat="26.9883288" lon="75.8552950">
        <time>2020-02-20T06:42:14Z</time>
      </trkpt>
      <trkpt lat="26.9883262" lon="75.8552917">
        <time>2020-02-20T06:42:20Z</time>
      </trkpt>
      <trkpt lat="26.9883260" lon="75.8552935">
        <time>2020-02-20T06:42:26Z</time>
      </trkpt>
      <trkpt lat="26.9883214" lon="75.8552956">
        <time>2020-02-20T06:42:32Z</time>
      </trkpt>
      <trkpt lat="26.9883117" lon="75.8553039">
        <time>2020-02-20T06:42:38Z</time>
      </trkpt>
      <trkpt lat="26.9882559" lon="75.8553348">
        <time>2020-02-20T06:42:43Z</time>
      </trkpt>
      <trkpt lat="26.9880370" lon="75.8552032">
        <time>2020-02-20T06:42:49Z</time>
      </trkpt>
      <trkpt lat="26.9878445" lon="75.8550747">
        <time>2020-02-20T06:42:54Z</time>
      </trkpt>
      <trkpt lat="26.9876760" lon="75.8549032">
        <time>2020-02-20T06:43:00Z</time>
      </trkpt>
      <trkpt lat="26.9875042" lon="75.8547386">
        <time>2020-02-20T06:43:05Z</time>
      </trkpt>
      <trkpt lat="26.9873438" lon="75.8546143">
        <time>2020-02-20T06:43:11Z</time>
      </trkpt>
      <trkpt lat="26.9871559" lon="75.8544533">
        <time>2020-02-20T06:43:16Z</time>
      </trkpt>
      <trkpt lat="26.9869058" lon="75.8543169">
        <time>2020-02-20T06:43:22Z</time>
      </trkpt>
      <trkpt lat="26.9867369" lon="75.8541946">
        <time>2020-02-20T06:43:28Z</time>
      </trkpt>
      <trkpt lat="26.9864640" lon="75.8540478">
        <time>2020-02-20T06:43:34Z</time>
      </trkpt>
      <trkpt lat="26.9861784" lon="75.8539719">
        <time>2020-02-20T06:43:40Z</time>
      </trkpt>
      <trkpt lat="26.9859304" lon="75.8539955">
        <time>2020-02-20T06:43:46Z</time>
      </trkpt>
      <trkpt lat="26.9857139" lon="75.8540277">
        <time>2020-02-20T06:43:51Z</time>
      </trkpt>
      <trkpt lat="26.9854961" lon="75.8540375">
        <time>2020-02-20T06:43:57Z</time>
      </trkpt>
      <trkpt lat="26.9852197" lon="75.8540087">
        <time>2020-02-20T06:44:03Z</time>
      </trkpt>
      <trkpt lat="26.9849215" lon="75.8539689">
        <time>2020-02-20T06:44:09Z</time>
      </trkpt>
      <trkpt lat="26.9845906" lon="75.8538885">
        <time>2020-02-20T06:44:14Z</time>
      </trkpt>
      <trkpt lat="26.9841626" lon="75.8537375">
        <time>2020-02-20T06:44:20Z</time>
      </trkpt>
      <trkpt lat="26.9836817" lon="75.8535509">
        <time>2020-02-20T06:44:26Z</time>
      </trkpt>
      <trkpt lat="26.9833110" lon="75.8533810">
        <time>2020-02-20T06:44:31Z</time>
      </trkpt>
      <trkpt lat="26.9829097" lon="75.8531151">
        <time>2020-02-20T06:44:37Z</time>
      </trkpt>
      <trkpt lat="26.9824998" lon="75.8529086">
        <time>2020-02-20T06:44:43Z</time>
      </trkpt>
      <trkpt lat="26.9819956" lon="75.8527964">
        <time>2020-02-20T06:44:49Z</time>
      </trkpt>
      <trkpt lat="26.9814595" lon="75.8526412">
        <time>2020-02-20T06:44:55Z</time>
      </trkpt>
      <trkpt lat="26.9809390" lon="75.8525537">
        <time>2020-02-20T06:45:01Z</time>
      </trkpt>
      <trkpt lat="26.9804558" lon="75.8525028">
        <time>2020-02-20T06:45:07Z</time>
      </trkpt>
      <trkpt lat="26.9801213" lon="75.8524874">
        <time>2020-02-20T06:45:12Z</time>
      </trkpt>
      <trkpt lat="26.9799325" lon="75.8524954">
        <time>2020-02-20T06:45:18Z</time>
      </trkpt>
      <trkpt lat="26.9797413" lon="75.8524719">
        <time>2020-02-20T06:45:23Z</time>
      </trkpt>
      <trkpt lat="26.9796098" lon="75.8524632">
        <time>2020-02-20T06:45:29Z</time>
      </trkpt>
      <trkpt lat="26.9792516" lon="75.8524099">
        <time>2020-02-20T06:45:35Z</time>
      </trkpt>
      <trkpt lat="26.9787451" lon="75.8523193">
        <time>2020-02-20T06:45:41Z</time>
      </trkpt>
      <trkpt lat="26.9782138" lon="75.8522158">
        <time>2020-02-20T06:45:47Z</time>
      </trkpt>
      <trkpt lat="26.9777033" lon="75.8521222">
        <time>2020-02-20T06:45:52Z</time>
      </trkpt>
      <trkpt lat="26.9771793" lon="75.8519907">
        <time>2020-02-20T06:45:57Z</time>
      </trkpt>
      <trkpt lat="26.9766636" lon="75.8517694">
        <time>2020-02-20T06:46:03Z</time>
      </trkpt>
      <trkpt lat="26.9762584" lon="75.8514374">
        <time>2020-02-20T06:46:09Z</time>
      </trkpt>
      <trkpt lat="26.9757986" lon="75.8512077">
        <time>2020-02-20T06:46:15Z</time>
      </trkpt>
      <trkpt lat="26.9753805" lon="75.8513518">
        <time>2020-02-20T06:46:21Z</time>
      </trkpt>
      <trkpt lat="26.9750330" lon="75.8515764">
        <time>2020-02-20T06:46:26Z</time>
      </trkpt>
      <trkpt lat="26.9746412" lon="75.8517157">
        <time>2020-02-20T06:46:31Z</time>
      </trkpt>
      <trkpt lat="26.9741966" lon="75.8518113">
        <time>2020-02-20T06:46:37Z</time>
      </trkpt>
      <trkpt lat="26.9737103" lon="75.8518221">
        <time>2020-02-20T06:46:43Z</time>
      </trkpt>
      <trkpt lat="26.9733310" lon="75.8517059">
        <time>2020-02-20T06:46:48Z</time>
      </trkpt>
      <trkpt lat="26.9729396" lon="75.8516971">
        <time>2020-02-20T06:46:53Z</time>
      </trkpt>
      <trkpt lat="26.9724734" lon="75.8517604">
        <time>2020-02-20T06:46:59Z</time>
      </trkpt>
      <trkpt lat="26.9719746" lon="75.8516775">
        <time>2020-02-20T06:47:05Z</time>
      </trkpt>
      <trkpt lat="26.9714842" lon="75.8516197">
        <time>2020-02-20T06:47:11Z</time>
      </trkpt>
      <trkpt lat="26.9710907" lon="75.8516287">
        <time>2020-02-20T06:47:17Z</time>
      </trkpt>
      <trkpt lat="26.9706854" lon="75.8514924">
        <time>2020-02-20T06:47:23Z</time>
      </trkpt>
      <trkpt lat="26.9704821" lon="75.8513136">
        <time>2020-02-20T06:47:28Z</time>
      </trkpt>
      <trkpt lat="26.9702458" lon="75.8511965">
        <time>2020-02-20T06:47:33Z</time>
      </trkpt>
      <trkpt lat="26.9700572" lon="75.8509566">
        <time>2020-02-20T06:47:39Z</time>
      </trkpt>
      <trkpt lat="26.9700642" lon="75.8506600">
        <time>2020-02-20T06:47:44Z</time>
      </trkpt>
      <trkpt lat="26.9701226" lon="75.8503024">
        <time>2020-02-20T06:47:49Z</time>
      </trkpt>
      <trkpt lat="26.9701669" lon="75.8498541">
        <time>2020-02-20T06:47:55Z</time>
      </trkpt>
      <trkpt lat="26.9699290" lon="75.8494291">
        <time>2020-02-20T06:48:01Z</time>
      </trkpt>
      <trkpt lat="26.9695941" lon="75.8492064">
        <time>2020-02-20T06:48:07Z</time>
      </trkpt>
      <trkpt lat="26.9692111" lon="75.8491628">
        <time>2020-02-20T06:48:13Z</time>
      </trkpt>
      <trkpt lat="26.9689283" lon="75.8491439">
        <time>2020-02-20T06:48:18Z</time>
      </trkpt>
      <trkpt lat="26.9685324" lon="75.8490055">
        <time>2020-02-20T06:48:24Z</time>
      </trkpt>
      <trkpt lat="26.9681928" lon="75.8486096">
        <time>2020-02-20T06:48:29Z</time>
      </trkpt>
      <trkpt lat="26.9679414" lon="75.8480578">
        <time>2020-02-20T06:48:35Z</time>
      </trkpt>
      <trkpt lat="26.9676156" lon="75.8476056">
        <time>2020-02-20T06:48:41Z</time>
      </trkpt>
      <trkpt lat="26.9672423" lon="75.8471002">
        <time>2020-02-20T06:48:47Z</time>
      </trkpt>
      <trkpt lat="26.9669804" lon="75.8467458">
        <time>2020-02-20T06:48:52Z</time>
      </trkpt>
      <trkpt lat="26.9667206" lon="75.8465069">
        <time>2020-02-20T06:48:58Z</time>
      </trkpt>
      <trkpt lat="26.9663241" lon="75.8464813">
        <time>2020-02-20T06:49:04Z</time>
      </trkpt>
      <trkpt lat="26.9660335" lon="75.8464885">
        <time>2020-02-20T06:49:09Z</time>
      </trkpt>
      <trkpt lat="26.9656985" lon="75.8464981">
        <time>2020-02-20T06:49:15Z</time>
      </trkpt>
      <trkpt lat="26.9654164" lon="75.8465730">
        <time>2020-02-20T06:49:20Z</time>
      </trkpt>
      <trkpt lat="26.9651742" lon="75.8466235">
        <time>2020-02-20T06:49:25Z</time>
      </trkpt>
      <trkpt lat="26.9648862" lon="75.8467513">
        <time>2020-02-20T06:49:31Z</time>
      </trkpt>
      <trkpt lat="26.9645930" lon="75.8467631">
        <time>2020-02-20T06:49:37Z</time>
      </trkpt>
      <trkpt lat="26.9642481" lon="75.8466935">
        <time>2020-02-20T06:49:42Z</time>
      </trkpt>
      <trkpt lat="26.9639026" lon="75.8465318">
        <time>2020-02-20T06:49:48Z</time>
      </trkpt>
      <trkpt lat="26.9636189" lon="75.8463885">
        <time>2020-02-20T06:49:53Z</time>
      </trkpt>
      <trkpt lat="26.9633550" lon="75.8462418">
        <time>2020-02-20T06:49:59Z</time>
      </trkpt>
      <trkpt lat="26.9629988" lon="75.8460923">
        <time>2020-02-20T06:50:05Z</time>
      </trkpt>
      <trkpt lat="26.9625340" lon="75.8459002">
        <time>2020-02-20T06:50:11Z</time>
      </trkpt>
      <trkpt lat="26.9621313" lon="75.8457104">
        <time>2020-02-20T06:50:16Z</time>
      </trkpt>
      <trkpt lat="26.9616453" lon="75.8454786">
        <time>2020-02-20T06:50:22Z</time>
      </trkpt>
      <trkpt lat="26.9611695" lon="75.8452834">
        <time>2020-02-20T06:50:28Z</time>
      </trkpt>
      <trkpt lat="26.9607439" lon="75.8451048">
        <time>2020-02-20T06:50:34Z</time>
      </trkpt>
      <trkpt lat="26.9602988" lon="75.8450141">
        <time>2020-02-20T06:50:40Z</time>
      </trkpt>
      <trkpt lat="26.9598882" lon="75.8448884">
        <time>2020-02-20T06:50:46Z</time>
      </trkpt>
      <trkpt lat="26.9594945" lon="75.8447205">
        <time>2020-02-20T06:50:52Z</time>
      </trkpt>
      <trkpt lat="26.9591994" lon="75.8445718">
        <time>2020-02-20T06:50:57Z</time>
      </trkpt>
      <trkpt lat="26.9589592" lon="75.8444735">
        <time>2020-02-20T06:51:02Z</time>
      </trkpt>
      <trkpt lat="26.9587545" lon="75.8444059">
        <time>2020-02-20T06:51:08Z</time>
      </trkpt>
      <trkpt lat="26.9586916" lon="75.8443730">
        <time>2020-02-20T06:51:13Z</time>
      </trkpt>
      <trkpt lat="26.9586442" lon="75.8444087">
        <time>2020-02-20T06:51:19Z</time>
      </trkpt>
      <trkpt lat="26.9586505" lon="75.8443921">
        <time>2020-02-20T06:51:24Z</time>
      </trkpt>
      <trkpt lat="26.9586542" lon="75.8444017">
        <time>2020-02-20T06:51:30Z</time>
      </trkpt>
      <trkpt lat="26.9586576" lon="75.8444109">
        <time>2020-02-20T06:51:36Z</time>
      </trkpt>
      <trkpt lat="26.9586593" lon="75.8444119">
        <time>2020-02-20T06:51:42Z</time>
      </trkpt>
      <trkpt lat="26.9586582" lon="75.8444119">
        <time>2020-02-20T06:51:47Z</time>
      </trkpt>
      <trkpt lat="26.9586575" lon="75.8444124">
        <time>2020-02-20T06:51:53Z</time>
      </trkpt>
      <trkpt lat="26.9586575" lon="75.8444127">
        <time>2020-02-20T06:51:59Z</time>
      </trkpt>
      <trkpt lat="26.9586578" lon="75.8444129">
        <time>2020-02-20T06:52:04Z</time>
      </trkpt>
      <trkpt lat="26.9586578" lon="75.8444127">
        <time>2020-02-20T06:52:10Z</time>
      </trkpt>
      <trkpt lat="26.9586578" lon="75.8444127">
        <time>2020-02-20T06:52:15Z</time>
      </trkpt>
      <trkpt lat="26.9586578" lon="75.8444127">
        <time>2020-02-20T06:52:20Z</time>
      </trkpt>
      <trkpt lat="26.9586578" lon="75.8444126">
        <time>2020-02-20T06:52:26Z</time>
      </trkpt>
      <trkpt lat="26.9586577" lon="75.8444127">
        <time>2020-02-20T06:52:31Z</time>
      </trkpt>
      <trkpt lat="26.9586576" lon="75.8444127">
        <time>2020-02-20T06:52:37Z</time>
      </trkpt>
      <trkpt lat="26.9586575" lon="75.8444128">
        <time>2020-02-20T06:52:42Z</time>
      </trkpt>
      <trkpt lat="26.9586574" lon="75.8444129">
        <time>2020-02-20T06:52:48Z</time>
      </trkpt>
      <trkpt lat="26.9586573" lon="75.8444130">
        <time>2020-02-20T06:52:54Z</time>
      </trkpt>
      <trkpt lat="26.9586572" lon="75.8444130">
        <time>2020-02-20T06:52:59Z</time>
      </trkpt>
      <trkpt lat="26.9586571" lon="75.8444130">
        <time>2020-02-20T06:53:04Z</time>
      </trkpt>
      <trkpt lat="26.9586571" lon="75.8444130">
        <time>2020-02-20T06:53:10Z</time>
      </trkpt>
      <trkpt lat="26.9586570" lon="75.8444130">
        <time>2020-02-20T06:53:16Z</time>
      </trkpt>
      <trkpt lat="26.9586569" lon="75.8444129">
        <time>2020-02-20T06:53:21Z</time>
      </trkpt>
      <trkpt lat="26.9586568" lon="75.8444129">
        <time>2020-02-20T06:53:27Z</time>
      </trkpt>
      <trkpt lat="26.9586568" lon="75.8444131">
        <time>2020-02-20T06:53:32Z</time>
      </trkpt>
      <trkpt lat="26.9586568" lon="75.8444131">
        <time>2020-02-20T06:53:38Z</time>
      </trkpt>
      <trkpt lat="26.9586568" lon="75.8444132">
        <time>2020-02-20T06:53:44Z</time>
      </trkpt>
      <trkpt lat="26.9586568" lon="75.8444133">
        <time>2020-02-20T06:53:49Z</time>
      </trkpt>
      <trkpt lat="26.9586566" lon="75.8444135">
        <time>2020-02-20T06:53:55Z</time>
      </trkpt>
      <trkpt lat="26.9586567" lon="75.8444137">
        <time>2020-02-20T06:54:00Z</time>
      </trkpt>
      <trkpt lat="26.9586568" lon="75.8444139">
        <time>2020-02-20T06:54:06Z</time>
      </trkpt>
      <trkpt lat="26.9586568" lon="75.8444141">
        <time>2020-02-20T06:54:11Z</time>
      </trkpt>
      <trkpt lat="26.9586567" lon="75.8444140">
        <time>2020-02-20T06:54:17Z</time>
      </trkpt>
      <trkpt lat="26.9586567" lon="75.8444141">
        <time>2020-02-20T06:54:22Z</time>
      </trkpt>
      <trkpt lat="26.9586567" lon="75.8444141">
        <time>2020-02-20T06:54:28Z</time>
      </trkpt>
      <trkpt lat="26.9586567" lon="75.8444143">
        <time>2020-02-20T06:54:34Z</time>
      </trkpt>
      <trkpt lat="26.9586567" lon="75.8444145">
        <time>2020-02-20T06:54:40Z</time>
      </trkpt>
      <trkpt lat="26.9586567" lon="75.8444145">
        <time>2020-02-20T06:54:45Z</time>
      </trkpt>
      <trkpt lat="26.9586567" lon="75.8444144">
        <time>2020-02-20T06:54:51Z</time>
      </trkpt>
      <trkpt lat="26.9586567" lon="75.8444146">
        <time>2020-02-20T06:54:57Z</time>
      </trkpt>
      <trkpt lat="26.9586567" lon="75.8444147">
        <time>2020-02-20T06:55:03Z</time>
      </trkpt>
      <trkpt lat="26.9586568" lon="75.8444147">
        <time>2020-02-20T06:55:09Z</time>
      </trkpt>
      <trkpt lat="26.9586568" lon="75.8444148">
        <time>2020-02-20T06:55:15Z</time>
      </trkpt>
      <trkpt lat="26.9586569" lon="75.8444148">
        <time>2020-02-20T06:55:21Z</time>
      </trkpt>
      <trkpt lat="26.9586568" lon="75.8444146">
        <time>2020-02-20T06:55:26Z</time>
      </trkpt>
      <trkpt lat="26.9586568" lon="75.8444146">
        <time>2020-02-20T06:55:32Z</time>
      </trkpt>
      <trkpt lat="26.9586568" lon="75.8444145">
        <time>2020-02-20T06:55:37Z</time>
      </trkpt>
      <trkpt lat="26.9586569" lon="75.8444146">
        <time>2020-02-20T06:55:42Z</time>
      </trkpt>
      <trkpt lat="26.9586569" lon="75.8444146">
        <time>2020-02-20T06:55:47Z</time>
      </trkpt>
      <trkpt lat="26.9586569" lon="75.8444146">
        <time>2020-02-20T06:55:52Z</time>
      </trkpt>
      <trkpt lat="26.9586570" lon="75.8444147">
        <time>2020-02-20T06:55:58Z</time>
      </trkpt>
      <trkpt lat="26.9586570" lon="75.8444147">
        <time>2020-02-20T06:56:04Z</time>
      </trkpt>
      <trkpt lat="26.9586570" lon="75.8444146">
        <time>2020-02-20T06:56:09Z</time>
      </trkpt>
      <trkpt lat="26.9586571" lon="75.8444144">
        <time>2020-02-20T06:56:15Z</time>
      </trkpt>
      <trkpt lat="26.9586571" lon="75.8444143">
        <time>2020-02-20T06:56:21Z</time>
      </trkpt>
      <trkpt lat="26.9586572" lon="75.8444143">
        <time>2020-02-20T06:56:27Z</time>
      </trkpt>
      <trkpt lat="26.9586572" lon="75.8444143">
        <time>2020-02-20T06:56:32Z</time>
      </trkpt>
      <trkpt lat="26.9586572" lon="75.8444144">
        <time>2020-02-20T06:56:38Z</time>
      </trkpt>
      <trkpt lat="26.9586571" lon="75.8444144">
        <time>2020-02-20T06:56:44Z</time>
      </trkpt>
      <trkpt lat="26.9586571" lon="75.8444144">
        <time>2020-02-20T06:56:50Z</time>
      </trkpt>
      <trkpt lat="26.9586570" lon="75.8444145">
        <time>2020-02-20T06:56:56Z</time>
      </trkpt>
      <trkpt lat="26.9586606" lon="75.8444080">
        <time>2020-02-20T06:57:01Z</time>
      </trkpt>
      <trkpt lat="26.9586646" lon="75.8443898">
        <time>2020-02-20T06:57:07Z</time>
      </trkpt>
      <trkpt lat="26.9586648" lon="75.8443964">
        <time>2020-02-20T06:57:13Z</time>
      </trkpt>
      <trkpt lat="26.9586692" lon="75.8443919">
        <time>2020-02-20T06:57:19Z</time>
      </trkpt>
      <trkpt lat="26.9586494" lon="75.8443670">
        <time>2020-02-20T06:57:24Z</time>
      </trkpt>
      <trkpt lat="26.9586521" lon="75.8442819">
        <time>2020-02-20T06:57:30Z</time>
      </trkpt>
      <trkpt lat="26.9586289" lon="75.8442224">
        <time>2020-02-20T06:57:36Z</time>
      </trkpt>
      <trkpt lat="26.9586379" lon="75.8441579">
        <time>2020-02-20T06:57:41Z</time>
      </trkpt>
      <trkpt lat="26.9586808" lon="75.8441002">
        <time>2020-02-20T06:57:47Z</time>
      </trkpt>
      <trkpt lat="26.9587217" lon="75.8440698">
        <time>2020-02-20T06:57:53Z</time>
      </trkpt>
      <trkpt lat="26.9587562" lon="75.8440337">
        <time>2020-02-20T06:57:58Z</time>
      </trkpt>
      <trkpt lat="26.9588117" lon="75.8439835">
        <time>2020-02-20T06:58:04Z</time>
      </trkpt>
      <trkpt lat="26.9588452" lon="75.8439393">
        <time>2020-02-20T06:58:09Z</time>
      </trkpt>
      <trkpt lat="26.9588794" lon="75.8438777">
        <time>2020-02-20T06:58:15Z</time>
      </trkpt>
      <trkpt lat="26.9589032" lon="75.8438198">
        <time>2020-02-20T06:58:20Z</time>
      </trkpt>
      <trkpt lat="26.9589386" lon="75.8437518">
        <time>2020-02-20T06:58:26Z</time>
      </trkpt>
      <trkpt lat="26.9589704" lon="75.8436888">
        <time>2020-02-20T06:58:32Z</time>
      </trkpt>
      <trkpt lat="26.9589960" lon="75.8436187">
        <time>2020-02-20T06:58:38Z</time>
      </trkpt>
      <trkpt lat="26.9590203" lon="75.8435584">
        <time>2020-02-20T06:58:43Z</time>
      </trkpt>
      <trkpt lat="26.9590405" lon="75.8435095">
        <time>2020-02-20T06:58:48Z</time>
      </trkpt>
      <trkpt lat="26.9590691" lon="75.8434608">
        <time>2020-02-20T06:58:54Z</time>
      </trkpt>
      <trkpt lat="26.9590585" lon="75.8434547">
        <time>2020-02-20T06:58:59Z</time>
      </trkpt>
      <trkpt lat="26.9590503" lon="75.8434474">
        <time>2020-02-20T06:59:05Z</time>
      </trkpt>
      <trkpt lat="26.9590497" lon="75.8434488">
        <time>2020-02-20T06:59:10Z</time>
      </trkpt>
      <trkpt lat="26.9590498" lon="75.8434496">
        <time>2020-02-20T06:59:15Z</time>
      </trkpt>
      <trkpt lat="26.9590499" lon="75.8434495">
        <time>2020-02-20T06:59:21Z</time>
      </trkpt>
      <trkpt lat="26.9590503" lon="75.8434497">
        <time>2020-02-20T06:59:26Z</time>
      </trkpt>
      <trkpt lat="26.9590508" lon="75.8434504">
        <time>2020-02-20T06:59:32Z</time>
      </trkpt>
      <trkpt lat="26.9590508" lon="75.8434506">
        <time>2020-02-20T06:59:38Z</time>
      </trkpt>
      <trkpt lat="26.9590509" lon="75.8434506">
        <time>2020-02-20T06:59:43Z</time>
      </trkpt>
      <trkpt lat="26.9590509" lon="75.8434506">
        <time>2020-02-20T06:59:48Z</time>
      </trkpt>
      <trkpt lat="26.9590508" lon="75.8434506">
        <time>2020-02-20T06:59:54Z</time>
      </trkpt>
      <trkpt lat="26.9590508" lon="75.8434506">
        <time>2020-02-20T06:59:59Z</time>
      </trkpt>
      <trkpt lat="26.9590509" lon="75.8434506">
        <time>2020-02-20T07:00:05Z</time>
      </trkpt>
      <trkpt lat="26.9590508" lon="75.8434506">
        <time>2020-02-20T07:00:11Z</time>
      </trkpt>
      <trkpt lat="26.9590508" lon="75.8434506">
        <time>2020-02-20T07:00:16Z</time>
      </trkpt>
      <trkpt lat="26.9590509" lon="75.8434506">
        <time>2020-02-20T07:00:21Z</time>
      </trkpt>
      <trkpt lat="26.9590509" lon="75.8434506">
        <time>2020-02-20T07:00:27Z</time>
      </trkpt>
      <trkpt lat="26.9590509" lon="75.8434506">
        <time>2020-02-20T07:00:33Z</time>
      </trkpt>
      <trkpt lat="26.9590508" lon="75.8434504">
        <time>2020-02-20T07:00:39Z</time>
      </trkpt>
      <trkpt lat="26.9590507" lon="75.8434504">
        <time>2020-02-20T07:00:45Z</time>
      </trkpt>
      <trkpt lat="26.9590507" lon="75.8434503">
        <time>2020-02-20T07:00:51Z</time>
      </trkpt>
      <trkpt lat="26.9590506" lon="75.8434503">
        <time>2020-02-20T07:00:56Z</time>
      </trkpt>
      <trkpt lat="26.9590505" lon="75.8434503">
        <time>2020-02-20T07:01:02Z</time>
      </trkpt>
      <trkpt lat="26.9590504" lon="75.8434503">
        <time>2020-02-20T07:01:07Z</time>
      </trkpt>
      <trkpt lat="26.9590504" lon="75.8434503">
        <time>2020-02-20T07:01:13Z</time>
      </trkpt>
      <trkpt lat="26.9590503" lon="75.8434503">
        <time>2020-02-20T07:01:19Z</time>
      </trkpt>
      <trkpt lat="26.9590502" lon="75.8434503">
        <time>2020-02-20T07:01:25Z</time>
      </trkpt>
      <trkpt lat="26.9590502" lon="75.8434504">
        <time>2020-02-20T07:01:30Z</time>
      </trkpt>
      <trkpt lat="26.9590505" lon="75.8434508">
        <time>2020-02-20T07:01:36Z</time>
      </trkpt>
      <trkpt lat="26.9590504" lon="75.8434508">
        <time>2020-02-20T07:01:42Z</time>
      </trkpt>
      <trkpt lat="26.9590505" lon="75.8434509">
        <time>2020-02-20T07:01:48Z</time>
      </trkpt>
      <trkpt lat="26.9590505" lon="75.8434510">
        <time>2020-02-20T07:01:53Z</time>
      </trkpt>
      <trkpt lat="26.9590504" lon="75.8434509">
        <time>2020-02-20T07:01:59Z</time>
      </trkpt>
      <trkpt lat="26.9590503" lon="75.8434509">
        <time>2020-02-20T07:02:05Z</time>
      </trkpt>
      <trkpt lat="26.9590501" lon="75.8434508">
        <time>2020-02-20T07:02:11Z</time>
      </trkpt>
      <trkpt lat="26.9590500" lon="75.8434507">
        <time>2020-02-20T07:02:16Z</time>
      </trkpt>
      <trkpt lat="26.9590499" lon="75.8434507">
        <time>2020-02-20T07:02:22Z</time>
      </trkpt>
      <trkpt lat="26.9590498" lon="75.8434507">
        <time>2020-02-20T07:02:27Z</time>
      </trkpt>
      <trkpt lat="26.9590497" lon="75.8434507">
        <time>2020-02-20T07:02:33Z</time>
      </trkpt>
      <trkpt lat="26.9590496" lon="75.8434508">
        <time>2020-02-20T07:02:39Z</time>
      </trkpt>
      <trkpt lat="26.9590496" lon="75.8434508">
        <time>2020-02-20T07:02:44Z</time>
      </trkpt>
      <trkpt lat="26.9590496" lon="75.8434491">
        <time>2020-02-20T07:02:49Z</time>
      </trkpt>
      <trkpt lat="26.9590417" lon="75.8434918">
        <time>2020-02-20T07:02:54Z</time>
      </trkpt>
      <trkpt lat="26.9590415" lon="75.8434943">
        <time>2020-02-20T07:03:00Z</time>
      </trkpt>
      <trkpt lat="26.9590420" lon="75.8434940">
        <time>2020-02-20T07:03:06Z</time>
      </trkpt>
      <trkpt lat="26.9590419" lon="75.8434948">
        <time>2020-02-20T07:03:11Z</time>
      </trkpt>
      <trkpt lat="26.9590418" lon="75.8434956">
        <time>2020-02-20T07:03:17Z</time>
      </trkpt>
      <trkpt lat="26.9590418" lon="75.8434962">
        <time>2020-02-20T07:03:23Z</time>
      </trkpt>
    </trkseg>
    <trkseg>
      <trkpt lat="26.9591076" lon="75.8432875">
        <time>2020-02-20T07:10:46Z</time>
      </trkpt>
      <trkpt lat="26.9590475" lon="75.8434104">
        <time>2020-02-20T07:10:52Z</time>
      </trkpt>
      <trkpt lat="26.9589941" lon="75.8434064">
        <time>2020-02-20T07:10:57Z</time>
      </trkpt>
      <trkpt lat="26.9589820" lon="75.8434598">
        <time>2020-02-20T07:11:03Z</time>
      </trkpt>
      <trkpt lat="26.9589679" lon="75.8435090">
        <time>2020-02-20T07:11:08Z</time>
      </trkpt>
      <trkpt lat="26.9589481" lon="75.8435653">
        <time>2020-02-20T07:11:14Z</time>
      </trkpt>
      <trkpt lat="26.9589188" lon="75.8436124">
        <time>2020-02-20T07:11:19Z</time>
      </trkpt>
      <trkpt lat="26.9589058" lon="75.8436653">
        <time>2020-02-20T07:11:25Z</time>
      </trkpt>
      <trkpt lat="26.9588917" lon="75.8437113">
        <time>2020-02-20T07:11:30Z</time>
      </trkpt>
      <trkpt lat="26.9588752" lon="75.8437588">
        <time>2020-02-20T07:11:35Z</time>
      </trkpt>
      <trkpt lat="26.9588612" lon="75.8438210">
        <time>2020-02-20T07:11:41Z</time>
      </trkpt>
      <trkpt lat="26.9588507" lon="75.8438688">
        <time>2020-02-20T07:11:46Z</time>
      </trkpt>
      <trkpt lat="26.9588278" lon="75.8439253">
        <time>2020-02-20T07:11:51Z</time>
      </trkpt>
      <trkpt lat="26.9588029" lon="75.8439641">
        <time>2020-02-20T07:11:56Z</time>
      </trkpt>
      <trkpt lat="26.9588084" lon="75.8439807">
        <time>2020-02-20T07:12:02Z</time>
      </trkpt>
      <trkpt lat="26.9588080" lon="75.8439868">
        <time>2020-02-20T07:12:08Z</time>
      </trkpt>
      <trkpt lat="26.9588137" lon="75.8439837">
        <time>2020-02-20T07:12:14Z</time>
      </trkpt>
      <trkpt lat="26.9588157" lon="75.8439782">
        <time>2020-02-20T07:12:20Z</time>
      </trkpt>
      <trkpt lat="26.9588140" lon="75.8439792">
        <time>2020-02-20T07:12:25Z</time>
      </trkpt>
      <trkpt lat="26.9588140" lon="75.8439792">
        <time>2020-02-20T07:12:30Z</time>
      </trkpt>
      <trkpt lat="26.9588140" lon="75.8439793">
        <time>2020-02-20T07:12:35Z</time>
      </trkpt>
      <trkpt lat="26.9588140" lon="75.8439794">
        <time>2020-02-20T07:12:40Z</time>
      </trkpt>
      <trkpt lat="26.9588139" lon="75.8439796">
        <time>2020-02-20T07:12:46Z</time>
      </trkpt>
      <trkpt lat="26.9588137" lon="75.8439800">
        <time>2020-02-20T07:12:51Z</time>
      </trkpt>
      <trkpt lat="26.9588047" lon="75.8439818">
        <time>2020-02-20T07:12:56Z</time>
      </trkpt>
      <trkpt lat="26.9587874" lon="75.8439839">
        <time>2020-02-20T07:13:01Z</time>
      </trkpt>
      <trkpt lat="26.9587407" lon="75.8440127">
        <time>2020-02-20T07:13:07Z</time>
      </trkpt>
      <trkpt lat="26.9586938" lon="75.8440513">
        <time>2020-02-20T07:13:13Z</time>
      </trkpt>
      <trkpt lat="26.9586620" lon="75.8440819">
        <time>2020-02-20T07:13:19Z</time>
      </trkpt>
      <trkpt lat="26.9586297" lon="75.8441584">
        <time>2020-02-20T07:13:25Z</time>
      </trkpt>
      <trkpt lat="26.9586156" lon="75.8442187">
        <time>2020-02-20T07:13:30Z</time>
      </trkpt>
      <trkpt lat="26.9586292" lon="75.8443001">
        <time>2020-02-20T07:13:36Z</time>
      </trkpt>
      <trkpt lat="26.9586412" lon="75.8443495">
        <time>2020-02-20T07:13:41Z</time>
      </trkpt>
      <trkpt lat="26.9586618" lon="75.8443954">
        <time>2020-02-20T07:13:46Z</time>
      </trkpt>
      <trkpt lat="26.9586653" lon="75.8444240">
        <time>2020-02-20T07:13:51Z</time>
      </trkpt>
      <trkpt lat="26.9586658" lon="75.8444228">
        <time>2020-02-20T07:13:56Z</time>
      </trkpt>
      <trkpt lat="26.9586656" lon="75.8444256">
        <time>2020-02-20T07:14:02Z</time>
      </trkpt>
      <trkpt lat="26.9586650" lon="75.8444264">
        <time>2020-02-20T07:14:08Z</time>
      </trkpt>
      <trkpt lat="26.9586650" lon="75.8444264">
        <time>2020-02-20T07:14:13Z</time>
      </trkpt>
      <trkpt lat="26.9586650" lon="75.8444265">
        <time>2020-02-20T07:14:19Z</time>
      </trkpt>
      <trkpt lat="26.9586650" lon="75.8444265">
        <time>2020-02-20T07:14:25Z</time>
      </trkpt>
      <trkpt lat="26.9586649" lon="75.8444265">
        <time>2020-02-20T07:14:30Z</time>
      </trkpt>
      <trkpt lat="26.9586649" lon="75.8444265">
        <time>2020-02-20T07:14:36Z</time>
      </trkpt>
      <trkpt lat="26.9586649" lon="75.8444265">
        <time>2020-02-20T07:14:41Z</time>
      </trkpt>
      <trkpt lat="26.9586649" lon="75.8444265">
        <time>2020-02-20T07:14:46Z</time>
      </trkpt>
      <trkpt lat="26.9586649" lon="75.8444265">
        <time>2020-02-20T07:14:52Z</time>
      </trkpt>
      <trkpt lat="26.9586649" lon="75.8444265">
        <time>2020-02-20T07:14:57Z</time>
      </trkpt>
      <trkpt lat="26.9586649" lon="75.8444265">
        <time>2020-02-20T07:15:02Z</time>
      </trkpt>
      <trkpt lat="26.9586648" lon="75.8444265">
        <time>2020-02-20T07:15:07Z</time>
      </trkpt>
      <trkpt lat="26.9586649" lon="75.8444265">
        <time>2020-02-20T07:15:13Z</time>
      </trkpt>
      <trkpt lat="26.9586649" lon="75.8444266">
        <time>2020-02-20T07:15:18Z</time>
      </trkpt>
      <trkpt lat="26.9586728" lon="75.8444206">
        <time>2020-02-20T07:15:24Z</time>
      </trkpt>
      <trkpt lat="26.9586881" lon="75.8444282">
        <time>2020-02-20T07:15:29Z</time>
      </trkpt>
      <trkpt lat="26.9585924" lon="75.8443729">
        <time>2020-02-20T07:15:35Z</time>
      </trkpt>
      <trkpt lat="26.9583503" lon="75.8442083">
        <time>2020-02-20T07:15:41Z</time>
      </trkpt>
      <trkpt lat="26.9579823" lon="75.8439871">
        <time>2020-02-20T07:15:47Z</time>
      </trkpt>
      <trkpt lat="26.9575559" lon="75.8437733">
        <time>2020-02-20T07:15:53Z</time>
      </trkpt>
      <trkpt lat="26.9571224" lon="75.8435722">
        <time>2020-02-20T07:15:58Z</time>
      </trkpt>
      <trkpt lat="26.9566473" lon="75.8433482">
        <time>2020-02-20T07:16:04Z</time>
      </trkpt>
      <trkpt lat="26.9561287" lon="75.8431304">
        <time>2020-02-20T07:16:10Z</time>
      </trkpt>
      <trkpt lat="26.9556592" lon="75.8429304">
        <time>2020-02-20T07:16:16Z</time>
      </trkpt>
      <trkpt lat="26.9554289" lon="75.8428777">
        <time>2020-02-20T07:16:21Z</time>
      </trkpt>
      <trkpt lat="26.9551166" lon="75.8428140">
        <time>2020-02-20T07:16:26Z</time>
      </trkpt>
      <trkpt lat="26.9546648" lon="75.8426096">
        <time>2020-02-20T07:16:32Z</time>
      </trkpt>
      <trkpt lat="26.9543018" lon="75.8425139">
        <time>2020-02-20T07:16:37Z</time>
      </trkpt>
      <trkpt lat="26.9541080" lon="75.8424905">
        <time>2020-02-20T07:16:43Z</time>
      </trkpt>
      <trkpt lat="26.9539951" lon="75.8424296">
        <time>2020-02-20T07:16:48Z</time>
      </trkpt>
      <trkpt lat="26.9537396" lon="75.8423150">
        <time>2020-02-20T07:16:54Z</time>
      </trkpt>
      <trkpt lat="26.9534474" lon="75.8422900">
        <time>2020-02-20T07:16:59Z</time>
      </trkpt>
      <trkpt lat="26.9530263" lon="75.8421456">
        <time>2020-02-20T07:17:05Z</time>
      </trkpt>
      <trkpt lat="26.9525894" lon="75.8419955">
        <time>2020-02-20T07:17:10Z</time>
      </trkpt>
      <trkpt lat="26.9521188" lon="75.8418538">
        <time>2020-02-20T07:17:15Z</time>
      </trkpt>
      <trkpt lat="26.9516749" lon="75.8417502">
        <time>2020-02-20T07:17:20Z</time>
      </trkpt>
      <trkpt lat="26.9512836" lon="75.8416696">
        <time>2020-02-20T07:17:25Z</time>
      </trkpt>
      <trkpt lat="26.9507201" lon="75.8414679">
        <time>2020-02-20T07:17:31Z</time>
      </trkpt>
      <trkpt lat="26.9502480" lon="75.8413237">
        <time>2020-02-20T07:17:36Z</time>
      </trkpt>
      <trkpt lat="26.9497123" lon="75.8411018">
        <time>2020-02-20T07:17:42Z</time>
      </trkpt>
      <trkpt lat="26.9491905" lon="75.8409477">
        <time>2020-02-20T07:17:48Z</time>
      </trkpt>
      <trkpt lat="26.9487239" lon="75.8408461">
        <time>2020-02-20T07:17:54Z</time>
      </trkpt>
      <trkpt lat="26.9484043" lon="75.8407728">
        <time>2020-02-20T07:17:59Z</time>
      </trkpt>
      <trkpt lat="26.9480743" lon="75.8406846">
        <time>2020-02-20T07:18:05Z</time>
      </trkpt>
      <trkpt lat="26.9477576" lon="75.8406023">
        <time>2020-02-20T07:18:10Z</time>
      </trkpt>
      <trkpt lat="26.9473877" lon="75.8404070">
        <time>2020-02-20T07:18:16Z</time>
      </trkpt>
      <trkpt lat="26.9471641" lon="75.8403360">
        <time>2020-02-20T07:18:21Z</time>
      </trkpt>
      <trkpt lat="26.9469530" lon="75.8402962">
        <time>2020-02-20T07:18:26Z</time>
      </trkpt>
      <trkpt lat="26.9468152" lon="75.8402660">
        <time>2020-02-20T07:18:31Z</time>
      </trkpt>
      <trkpt lat="26.9466768" lon="75.8402475">
        <time>2020-02-20T07:18:37Z</time>
      </trkpt>
      <trkpt lat="26.9464678" lon="75.8402016">
        <time>2020-02-20T07:18:43Z</time>
      </trkpt>
      <trkpt lat="26.9463595" lon="75.8401660">
        <time>2020-02-20T07:18:49Z</time>
      </trkpt>
      <trkpt lat="26.9462086" lon="75.8401338">
        <time>2020-02-20T07:18:54Z</time>
      </trkpt>
      <trkpt lat="26.9460718" lon="75.8400621">
        <time>2020-02-20T07:19:00Z</time>
      </trkpt>
      <trkpt lat="26.9459865" lon="75.8400619">
        <time>2020-02-20T07:19:05Z</time>
      </trkpt>
      <trkpt lat="26.9457793" lon="75.8400059">
        <time>2020-02-20T07:19:10Z</time>
      </trkpt>
      <trkpt lat="26.9454821" lon="75.8399350">
        <time>2020-02-20T07:19:16Z</time>
      </trkpt>
      <trkpt lat="26.9451482" lon="75.8398444">
        <time>2020-02-20T07:19:22Z</time>
      </trkpt>
      <trkpt lat="26.9447199" lon="75.8397471">
        <time>2020-02-20T07:19:27Z</time>
      </trkpt>
      <trkpt lat="26.9443296" lon="75.8396878">
        <time>2020-02-20T07:19:33Z</time>
      </trkpt>
      <trkpt lat="26.9441285" lon="75.8396593">
        <time>2020-02-20T07:19:38Z</time>
      </trkpt>
      <trkpt lat="26.9439526" lon="75.8395956">
        <time>2020-02-20T07:19:44Z</time>
      </trkpt>
      <trkpt lat="26.9437400" lon="75.8395492">
        <time>2020-02-20T07:19:51Z</time>
      </trkpt>
      <trkpt lat="26.9433597" lon="75.8394690">
        <time>2020-02-20T07:19:56Z</time>
      </trkpt>
      <trkpt lat="26.9429185" lon="75.8393815">
        <time>2020-02-20T07:20:02Z</time>
      </trkpt>
      <trkpt lat="26.9425820" lon="75.8392474">
        <time>2020-02-20T07:20:07Z</time>
      </trkpt>
      <trkpt lat="26.9422647" lon="75.8390597">
        <time>2020-02-20T07:20:12Z</time>
      </trkpt>
      <trkpt lat="26.9420088" lon="75.8388855">
        <time>2020-02-20T07:20:17Z</time>
      </trkpt>
      <trkpt lat="26.9417128" lon="75.8386998">
        <time>2020-02-20T07:20:23Z</time>
      </trkpt>
      <trkpt lat="26.9413966" lon="75.8384858">
        <time>2020-02-20T07:20:29Z</time>
      </trkpt>
      <trkpt lat="26.9409969" lon="75.8382104">
        <time>2020-02-20T07:20:34Z</time>
      </trkpt>
      <trkpt lat="26.9406829" lon="75.8380067">
        <time>2020-02-20T07:20:39Z</time>
      </trkpt>
      <trkpt lat="26.9403295" lon="75.8377766">
        <time>2020-02-20T07:20:45Z</time>
      </trkpt>
      <trkpt lat="26.9400500" lon="75.8375545">
        <time>2020-02-20T07:20:51Z</time>
      </trkpt>
      <trkpt lat="26.9397771" lon="75.8373706">
        <time>2020-02-20T07:20:56Z</time>
      </trkpt>
      <trkpt lat="26.9395843" lon="75.8372012">
        <time>2020-02-20T07:21:01Z</time>
      </trkpt>
      <trkpt lat="26.9393952" lon="75.8370431">
        <time>2020-02-20T07:21:07Z</time>
      </trkpt>
      <trkpt lat="26.9392996" lon="75.8369586">
        <time>2020-02-20T07:21:12Z</time>
      </trkpt>
      <trkpt lat="26.9390098" lon="75.8367147">
        <time>2020-02-20T07:21:17Z</time>
      </trkpt>
      <trkpt lat="26.9386926" lon="75.8363846">
        <time>2020-02-20T07:21:22Z</time>
      </trkpt>
      <trkpt lat="26.9384076" lon="75.8360767">
        <time>2020-02-20T07:21:28Z</time>
      </trkpt>
      <trkpt lat="26.9381923" lon="75.8358394">
        <time>2020-02-20T07:21:33Z</time>
      </trkpt>
      <trkpt lat="26.9379490" lon="75.8355811">
        <time>2020-02-20T07:21:39Z</time>
      </trkpt>
      <trkpt lat="26.9376740" lon="75.8353178">
        <time>2020-02-20T07:21:45Z</time>
      </trkpt>
      <trkpt lat="26.9374514" lon="75.8351159">
        <time>2020-02-20T07:21:51Z</time>
      </trkpt>
      <trkpt lat="26.9372181" lon="75.8348726">
        <time>2020-02-20T07:21:56Z</time>
      </trkpt>
      <trkpt lat="26.9370941" lon="75.8347415">
        <time>2020-02-20T07:22:02Z</time>
      </trkpt>
      <trkpt lat="26.9370001" lon="75.8346550">
        <time>2020-02-20T07:22:07Z</time>
      </trkpt>
      <trkpt lat="26.9369981" lon="75.8346623">
        <time>2020-02-20T07:22:13Z</time>
      </trkpt>
      <trkpt lat="26.9369444" lon="75.8346142">
        <time>2020-02-20T07:22:18Z</time>
      </trkpt>
      <trkpt lat="26.9367504" lon="75.8344310">
        <time>2020-02-20T07:22:23Z</time>
      </trkpt>
      <trkpt lat="26.9364288" lon="75.8341666">
        <time>2020-02-20T07:22:28Z</time>
      </trkpt>
      <trkpt lat="26.9361064" lon="75.8338844">
        <time>2020-02-20T07:22:33Z</time>
      </trkpt>
      <trkpt lat="26.9357696" lon="75.8336744">
        <time>2020-02-20T07:22:39Z</time>
      </trkpt>
      <trkpt lat="26.9355130" lon="75.8335588">
        <time>2020-02-20T07:22:44Z</time>
      </trkpt>
      <trkpt lat="26.9351458" lon="75.8334133">
        <time>2020-02-20T07:22:51Z</time>
      </trkpt>
      <trkpt lat="26.9347766" lon="75.8333132">
        <time>2020-02-20T07:22:57Z</time>
      </trkpt>
      <trkpt lat="26.9344103" lon="75.8332198">
        <time>2020-02-20T07:23:03Z</time>
      </trkpt>
      <trkpt lat="26.9340398" lon="75.8331408">
        <time>2020-02-20T07:23:08Z</time>
      </trkpt>
      <trkpt lat="26.9337236" lon="75.8330451">
        <time>2020-02-20T07:23:13Z</time>
      </trkpt>
      <trkpt lat="26.9334460" lon="75.8329909">
        <time>2020-02-20T07:23:19Z</time>
      </trkpt>
      <trkpt lat="26.9331466" lon="75.8328907">
        <time>2020-02-20T07:23:25Z</time>
      </trkpt>
      <trkpt lat="26.9328245" lon="75.8327932">
        <time>2020-02-20T07:23:30Z</time>
      </trkpt>
      <trkpt lat="26.9325754" lon="75.8327286">
        <time>2020-02-20T07:23:36Z</time>
      </trkpt>
      <trkpt lat="26.9323682" lon="75.8326588">
        <time>2020-02-20T07:23:41Z</time>
      </trkpt>
      <trkpt lat="26.9321139" lon="75.8325527">
        <time>2020-02-20T07:23:46Z</time>
      </trkpt>
      <trkpt lat="26.9318346" lon="75.8324794">
        <time>2020-02-20T07:23:52Z</time>
      </trkpt>
      <trkpt lat="26.9314844" lon="75.8323883">
        <time>2020-02-20T07:23:57Z</time>
      </trkpt>
      <trkpt lat="26.9312251" lon="75.8323119">
        <time>2020-02-20T07:24:03Z</time>
      </trkpt>
      <trkpt lat="26.9308140" lon="75.8322050">
        <time>2020-02-20T07:24:08Z</time>
      </trkpt>
      <trkpt lat="26.9305161" lon="75.8321096">
        <time>2020-02-20T07:24:13Z</time>
      </trkpt>
      <trkpt lat="26.9303598" lon="75.8320759">
        <time>2020-02-20T07:24:18Z</time>
      </trkpt>
      <trkpt lat="26.9301180" lon="75.8320112">
        <time>2020-02-20T07:24:24Z</time>
      </trkpt>
      <trkpt lat="26.9299990" lon="75.8319793">
        <time>2020-02-20T07:24:30Z</time>
      </trkpt>
      <trkpt lat="26.9299279" lon="75.8319551">
        <time>2020-02-20T07:24:35Z</time>
      </trkpt>
      <trkpt lat="26.9297070" lon="75.8318871">
        <time>2020-02-20T07:24:41Z</time>
      </trkpt>
      <trkpt lat="26.9294134" lon="75.8318348">
        <time>2020-02-20T07:24:46Z</time>
      </trkpt>
      <trkpt lat="26.9291800" lon="75.8318132">
        <time>2020-02-20T07:24:52Z</time>
      </trkpt>
      <trkpt lat="26.9291290" lon="75.8315562">
        <time>2020-02-20T07:24:58Z</time>
      </trkpt>
      <trkpt lat="26.9292162" lon="75.8312519">
        <time>2020-02-20T07:25:04Z</time>
      </trkpt>
      <trkpt lat="26.9292925" lon="75.8309424">
        <time>2020-02-20T07:25:10Z</time>
      </trkpt>
      <trkpt lat="26.9293519" lon="75.8306775">
        <time>2020-02-20T07:25:16Z</time>
      </trkpt>
      <trkpt lat="26.9294485" lon="75.8305041">
        <time>2020-02-20T07:25:21Z</time>
      </trkpt>
      <trkpt lat="26.9295342" lon="75.8302884">
        <time>2020-02-20T07:25:27Z</time>
      </trkpt>
      <trkpt lat="26.9295878" lon="75.8300248">
        <time>2020-02-20T07:25:32Z</time>
      </trkpt>
      <trkpt lat="26.9296181" lon="75.8298061">
        <time>2020-02-20T07:25:37Z</time>
      </trkpt>
      <trkpt lat="26.9296418" lon="75.8295317">
        <time>2020-02-20T07:25:42Z</time>
      </trkpt>
      <trkpt lat="26.9296707" lon="75.8292244">
        <time>2020-02-20T07:25:48Z</time>
      </trkpt>
      <trkpt lat="26.9297354" lon="75.8289633">
        <time>2020-02-20T07:25:55Z</time>
      </trkpt>
      <trkpt lat="26.9296664" lon="75.8287538">
        <time>2020-02-20T07:26:00Z</time>
      </trkpt>
      <trkpt lat="26.9294793" lon="75.8286861">
        <time>2020-02-20T07:26:06Z</time>
      </trkpt>
      <trkpt lat="26.9293678" lon="75.8286563">
        <time>2020-02-20T07:26:11Z</time>
      </trkpt>
      <trkpt lat="26.9293079" lon="75.8286350">
        <time>2020-02-20T07:26:16Z</time>
      </trkpt>
      <trkpt lat="26.9292587" lon="75.8286152">
        <time>2020-02-20T07:26:22Z</time>
      </trkpt>
      <trkpt lat="26.9292108" lon="75.8286102">
        <time>2020-02-20T07:26:28Z</time>
      </trkpt>
      <trkpt lat="26.9290113" lon="75.8285529">
        <time>2020-02-20T07:26:34Z</time>
      </trkpt>
      <trkpt lat="26.9286862" lon="75.8284507">
        <time>2020-02-20T07:26:39Z</time>
      </trkpt>
      <trkpt lat="26.9284634" lon="75.8283863">
        <time>2020-02-20T07:26:44Z</time>
      </trkpt>
      <trkpt lat="26.9282057" lon="75.8283264">
        <time>2020-02-20T07:26:50Z</time>
      </trkpt>
      <trkpt lat="26.9279870" lon="75.8282587">
        <time>2020-02-20T07:26:55Z</time>
      </trkpt>
      <trkpt lat="26.9275442" lon="75.8281381">
        <time>2020-02-20T07:27:01Z</time>
      </trkpt>
      <trkpt lat="26.9271668" lon="75.8280390">
        <time>2020-02-20T07:27:06Z</time>
      </trkpt>
      <trkpt lat="26.9268700" lon="75.8279644">
        <time>2020-02-20T07:27:12Z</time>
      </trkpt>
      <trkpt lat="26.9266674" lon="75.8278995">
        <time>2020-02-20T07:27:19Z</time>
      </trkpt>
      <trkpt lat="26.9263068" lon="75.8278073">
        <time>2020-02-20T07:27:24Z</time>
      </trkpt>
      <trkpt lat="26.9261311" lon="75.8277250">
        <time>2020-02-20T07:27:29Z</time>
      </trkpt>
      <trkpt lat="26.9261157" lon="75.8277098">
        <time>2020-02-20T07:27:35Z</time>
      </trkpt>
      <trkpt lat="26.9261133" lon="75.8275780">
        <time>2020-02-20T07:27:41Z</time>
      </trkpt>
      <trkpt lat="26.9261556" lon="75.8273128">
        <time>2020-02-20T07:27:47Z</time>
      </trkpt>
      <trkpt lat="26.9261842" lon="75.8270523">
        <time>2020-02-20T07:27:52Z</time>
      </trkpt>
      <trkpt lat="26.9261983" lon="75.8268514">
        <time>2020-02-20T07:27:58Z</time>
      </trkpt>
      <trkpt lat="26.9261993" lon="75.8268053">
        <time>2020-02-20T07:28:03Z</time>
      </trkpt>
      <trkpt lat="26.9262114" lon="75.8268100">
        <time>2020-02-20T07:28:09Z</time>
      </trkpt>
      <trkpt lat="26.9262038" lon="75.8268014">
        <time>2020-02-20T07:28:14Z</time>
      </trkpt>
      <trkpt lat="26.9262046" lon="75.8268019">
        <time>2020-02-20T07:28:20Z</time>
      </trkpt>
      <trkpt lat="26.9262064" lon="75.8268036">
        <time>2020-02-20T07:28:26Z</time>
      </trkpt>
      <trkpt lat="26.9262070" lon="75.8268040">
        <time>2020-02-20T07:28:31Z</time>
      </trkpt>
      <trkpt lat="26.9262074" lon="75.8268043">
        <time>2020-02-20T07:28:37Z</time>
      </trkpt>
      <trkpt lat="26.9262073" lon="75.8268042">
        <time>2020-02-20T07:28:42Z</time>
      </trkpt>
      <trkpt lat="26.9262074" lon="75.8268042">
        <time>2020-02-20T07:28:47Z</time>
      </trkpt>
      <trkpt lat="26.9262074" lon="75.8268042">
        <time>2020-02-20T07:28:52Z</time>
      </trkpt>
      <trkpt lat="26.9262076" lon="75.8268044">
        <time>2020-02-20T07:28:57Z</time>
      </trkpt>
      <trkpt lat="26.9262143" lon="75.8267942">
        <time>2020-02-20T07:29:03Z</time>
      </trkpt>
      <trkpt lat="26.9262355" lon="75.8267847">
        <time>2020-02-20T07:29:08Z</time>
      </trkpt>
      <trkpt lat="26.9262375" lon="75.8267609">
        <time>2020-02-20T07:29:14Z</time>
      </trkpt>
      <trkpt lat="26.9262385" lon="75.8267590">
        <time>2020-02-20T07:29:19Z</time>
      </trkpt>
      <trkpt lat="26.9262385" lon="75.8267591">
        <time>2020-02-20T07:29:25Z</time>
      </trkpt>
      <trkpt lat="26.9262329" lon="75.8267190">
        <time>2020-02-20T07:29:30Z</time>
      </trkpt>
      <trkpt lat="26.9262331" lon="75.8266987">
        <time>2020-02-20T07:29:35Z</time>
      </trkpt>
      <trkpt lat="26.9262473" lon="75.8263758">
        <time>2020-02-20T07:29:41Z</time>
      </trkpt>
      <trkpt lat="26.9263612" lon="75.8260379">
        <time>2020-02-20T07:29:46Z</time>
      </trkpt>
      <trkpt lat="26.9264247" lon="75.8257724">
        <time>2020-02-20T07:29:52Z</time>
      </trkpt>
      <trkpt lat="26.9265000" lon="75.8255358">
        <time>2020-02-20T07:29:58Z</time>
      </trkpt>
      <trkpt lat="26.9265542" lon="75.8252441">
        <time>2020-02-20T07:30:04Z</time>
      </trkpt>
      <trkpt lat="26.9265583" lon="75.8251376">
        <time>2020-02-20T07:30:10Z</time>
      </trkpt>
      <trkpt lat="26.9265536" lon="75.8251270">
        <time>2020-02-20T07:30:15Z</time>
      </trkpt>
      <trkpt lat="26.9265605" lon="75.8251210">
        <time>2020-02-20T07:30:20Z</time>
      </trkpt>
      <trkpt lat="26.9265738" lon="75.8251304">
        <time>2020-02-20T07:30:26Z</time>
      </trkpt>
      <trkpt lat="26.9265746" lon="75.8251296">
        <time>2020-02-20T07:30:32Z</time>
      </trkpt>
      <trkpt lat="26.9265745" lon="75.8251310">
        <time>2020-02-20T07:30:38Z</time>
      </trkpt>
      <trkpt lat="26.9265765" lon="75.8251331">
        <time>2020-02-20T07:30:43Z</time>
      </trkpt>
      <trkpt lat="26.9265769" lon="75.8251338">
        <time>2020-02-20T07:30:49Z</time>
      </trkpt>
      <trkpt lat="26.9265668" lon="75.8251172">
        <time>2020-02-20T07:30:55Z</time>
      </trkpt>
      <trkpt lat="26.9265543" lon="75.8251104">
        <time>2020-02-20T07:31:00Z</time>
      </trkpt>
      <trkpt lat="26.9265564" lon="75.8251230">
        <time>2020-02-20T07:31:05Z</time>
      </trkpt>
      <trkpt lat="26.9265566" lon="75.8251245">
        <time>2020-02-20T07:31:10Z</time>
      </trkpt>
      <trkpt lat="26.9265678" lon="75.8251341">
        <time>2020-02-20T07:31:16Z</time>
      </trkpt>
      <trkpt lat="26.9265690" lon="75.8251538">
        <time>2020-02-20T07:31:22Z</time>
      </trkpt>
      <trkpt lat="26.9265694" lon="75.8251614">
        <time>2020-02-20T07:31:27Z</time>
      </trkpt>
      <trkpt lat="26.9265410" lon="75.8251715">
        <time>2020-02-20T07:31:33Z</time>
      </trkpt>
      <trkpt lat="26.9265412" lon="75.8251739">
        <time>2020-02-20T07:31:38Z</time>
      </trkpt>
      <trkpt lat="26.9265430" lon="75.8251722">
        <time>2020-02-20T07:31:44Z</time>
      </trkpt>
      <trkpt lat="26.9265397" lon="75.8251716">
        <time>2020-02-20T07:31:49Z</time>
      </trkpt>
      <trkpt lat="26.9265444" lon="75.8251620">
        <time>2020-02-20T07:31:55Z</time>
      </trkpt>
      <trkpt lat="26.9265501" lon="75.8251587">
        <time>2020-02-20T07:32:00Z</time>
      </trkpt>
      <trkpt lat="26.9265494" lon="75.8251521">
        <time>2020-02-20T07:32:06Z</time>
      </trkpt>
      <trkpt lat="26.9265657" lon="75.8251232">
        <time>2020-02-20T07:32:11Z</time>
      </trkpt>
      <trkpt lat="26.9265807" lon="75.8251020">
        <time>2020-02-20T07:32:17Z</time>
      </trkpt>
      <trkpt lat="26.9265946" lon="75.8250571">
        <time>2020-02-20T07:32:22Z</time>
      </trkpt>
      <trkpt lat="26.9266233" lon="75.8250352">
        <time>2020-02-20T07:32:27Z</time>
      </trkpt>
      <trkpt lat="26.9266332" lon="75.8250260">
        <time>2020-02-20T07:32:32Z</time>
      </trkpt>
      <trkpt lat="26.9266451" lon="75.8250289">
        <time>2020-02-20T07:32:38Z</time>
      </trkpt>
      <trkpt lat="26.9266468" lon="75.8250260">
        <time>2020-02-20T07:32:43Z</time>
      </trkpt>
      <trkpt lat="26.9266706" lon="75.8249825">
        <time>2020-02-20T07:32:49Z</time>
      </trkpt>
      <trkpt lat="26.9266861" lon="75.8249428">
        <time>2020-02-20T07:32:54Z</time>
      </trkpt>
      <trkpt lat="26.9266792" lon="75.8249187">
        <time>2020-02-20T07:33:00Z</time>
      </trkpt>
      <trkpt lat="26.9266711" lon="75.8248630">
        <time>2020-02-20T07:33:06Z</time>
      </trkpt>
      <trkpt lat="26.9266741" lon="75.8248338">
        <time>2020-02-20T07:33:11Z</time>
      </trkpt>
      <trkpt lat="26.9266700" lon="75.8248082">
        <time>2020-02-20T07:33:17Z</time>
      </trkpt>
      <trkpt lat="26.9266826" lon="75.8248362">
        <time>2020-02-20T07:33:23Z</time>
      </trkpt>
      <trkpt lat="26.9266830" lon="75.8248412">
        <time>2020-02-20T07:33:28Z</time>
      </trkpt>
      <trkpt lat="26.9266828" lon="75.8248408">
        <time>2020-02-20T07:33:34Z</time>
      </trkpt>
      <trkpt lat="26.9266225" lon="75.8248166">
        <time>2020-02-20T07:33:40Z</time>
      </trkpt>
      <trkpt lat="26.9266348" lon="75.8248220">
        <time>2020-02-20T07:33:46Z</time>
      </trkpt>
      <trkpt lat="26.9266482" lon="75.8248246">
        <time>2020-02-20T07:33:51Z</time>
      </trkpt>
      <trkpt lat="26.9266459" lon="75.8248230">
        <time>2020-02-20T07:33:57Z</time>
      </trkpt>
      <trkpt lat="26.9266457" lon="75.8248228">
        <time>2020-02-20T07:34:02Z</time>
      </trkpt>
      <trkpt lat="26.9266457" lon="75.8248228">
        <time>2020-02-20T07:34:07Z</time>
      </trkpt>
      <trkpt lat="26.9266459" lon="75.8248229">
        <time>2020-02-20T07:34:12Z</time>
      </trkpt>
      <trkpt lat="26.9266459" lon="75.8248228">
        <time>2020-02-20T07:34:17Z</time>
      </trkpt>
      <trkpt lat="26.9266462" lon="75.8248231">
        <time>2020-02-20T07:34:23Z</time>
      </trkpt>
      <trkpt lat="26.9266491" lon="75.8248254">
        <time>2020-02-20T07:34:29Z</time>
      </trkpt>
      <trkpt lat="26.9266483" lon="75.8248239">
        <time>2020-02-20T07:34:34Z</time>
      </trkpt>
      <trkpt lat="26.9266480" lon="75.8248234">
        <time>2020-02-20T07:34:40Z</time>
      </trkpt>
      <trkpt lat="26.9266462" lon="75.8248194">
        <time>2020-02-20T07:34:45Z</time>
      </trkpt>
      <trkpt lat="26.9266475" lon="75.8248174">
        <time>2020-02-20T07:34:51Z</time>
      </trkpt>
      <trkpt lat="26.9266484" lon="75.8248172">
        <time>2020-02-20T07:34:57Z</time>
      </trkpt>
      <trkpt lat="26.9266494" lon="75.8248165">
        <time>2020-02-20T07:35:02Z</time>
      </trkpt>
      <trkpt lat="26.9266496" lon="75.8248163">
        <time>2020-02-20T07:35:07Z</time>
      </trkpt>
      <trkpt lat="26.9266493" lon="75.8248163">
        <time>2020-02-20T07:35:13Z</time>
      </trkpt>
      <trkpt lat="26.9266492" lon="75.8248164">
        <time>2020-02-20T07:35:18Z</time>
      </trkpt>
      <trkpt lat="26.9266493" lon="75.8248162">
        <time>2020-02-20T07:35:24Z</time>
      </trkpt>
      <trkpt lat="26.9266492" lon="75.8248163">
        <time>2020-02-20T07:35:29Z</time>
      </trkpt>
      <trkpt lat="26.9266490" lon="75.8248163">
        <time>2020-02-20T07:35:35Z</time>
      </trkpt>
      <trkpt lat="26.9266489" lon="75.8248165">
        <time>2020-02-20T07:35:41Z</time>
      </trkpt>
      <trkpt lat="26.9266489" lon="75.8248166">
        <time>2020-02-20T07:35:47Z</time>
      </trkpt>
      <trkpt lat="26.9266505" lon="75.8248159">
        <time>2020-02-20T07:35:53Z</time>
      </trkpt>
      <trkpt lat="26.9266743" lon="75.8248108">
        <time>2020-02-20T07:35:58Z</time>
      </trkpt>
      <trkpt lat="26.9266860" lon="75.8248026">
        <time>2020-02-20T07:36:04Z</time>
      </trkpt>
      <trkpt lat="26.9266870" lon="75.8248008">
        <time>2020-02-20T07:36:10Z</time>
      </trkpt>
      <trkpt lat="26.9266830" lon="75.8247892">
        <time>2020-02-20T07:36:16Z</time>
      </trkpt>
      <trkpt lat="26.9266925" lon="75.8247828">
        <time>2020-02-20T07:36:22Z</time>
      </trkpt>
      <trkpt lat="26.9266951" lon="75.8247399">
        <time>2020-02-20T07:36:28Z</time>
      </trkpt>
      <trkpt lat="26.9266988" lon="75.8247034">
        <time>2020-02-20T07:36:34Z</time>
      </trkpt>
      <trkpt lat="26.9267054" lon="75.8246593">
        <time>2020-02-20T07:36:40Z</time>
      </trkpt>
      <trkpt lat="26.9267190" lon="75.8246139">
        <time>2020-02-20T07:36:46Z</time>
      </trkpt>
      <trkpt lat="26.9267343" lon="75.8246038">
        <time>2020-02-20T07:36:51Z</time>
      </trkpt>
      <trkpt lat="26.9267332" lon="75.8245944">
        <time>2020-02-20T07:36:56Z</time>
      </trkpt>
      <trkpt lat="26.9267321" lon="75.8245916">
        <time>2020-02-20T07:37:02Z</time>
      </trkpt>
      <trkpt lat="26.9267279" lon="75.8245847">
        <time>2020-02-20T07:37:07Z</time>
      </trkpt>
      <trkpt lat="26.9267372" lon="75.8245718">
        <time>2020-02-20T07:37:12Z</time>
      </trkpt>
      <trkpt lat="26.9267299" lon="75.8245716">
        <time>2020-02-20T07:37:18Z</time>
      </trkpt>
      <trkpt lat="26.9267285" lon="75.8245692">
        <time>2020-02-20T07:37:23Z</time>
      </trkpt>
      <trkpt lat="26.9267307" lon="75.8245713">
        <time>2020-02-20T07:37:29Z</time>
      </trkpt>
      <trkpt lat="26.9267371" lon="75.8245763">
        <time>2020-02-20T07:37:35Z</time>
      </trkpt>
      <trkpt lat="26.9267337" lon="75.8245984">
        <time>2020-02-20T07:37:41Z</time>
      </trkpt>
      <trkpt lat="26.9267250" lon="75.8246368">
        <time>2020-02-20T07:37:47Z</time>
      </trkpt>
      <trkpt lat="26.9267133" lon="75.8246659">
        <time>2020-02-20T07:37:53Z</time>
      </trkpt>
      <trkpt lat="26.9267064" lon="75.8247054">
        <time>2020-02-20T07:37:59Z</time>
      </trkpt>
      <trkpt lat="26.9267024" lon="75.8247118">
        <time>2020-02-20T07:38:04Z</time>
      </trkpt>
      <trkpt lat="26.9267009" lon="75.8247136">
        <time>2020-02-20T07:38:10Z</time>
      </trkpt>
      <trkpt lat="26.9267014" lon="75.8247141">
        <time>2020-02-20T07:38:16Z</time>
      </trkpt>
      <trkpt lat="26.9267011" lon="75.8247140">
        <time>2020-02-20T07:38:22Z</time>
      </trkpt>
      <trkpt lat="26.9267011" lon="75.8247139">
        <time>2020-02-20T07:38:28Z</time>
      </trkpt>
      <trkpt lat="26.9266793" lon="75.8247031">
        <time>2020-02-20T07:38:34Z</time>
      </trkpt>
      <trkpt lat="26.9266792" lon="75.8247184">
        <time>2020-02-20T07:38:40Z</time>
      </trkpt>
      <trkpt lat="26.9266806" lon="75.8247209">
        <time>2020-02-20T07:38:46Z</time>
      </trkpt>
      <trkpt lat="26.9266788" lon="75.8247215">
        <time>2020-02-20T07:38:52Z</time>
      </trkpt>
      <trkpt lat="26.9266788" lon="75.8247215">
        <time>2020-02-20T07:38:57Z</time>
      </trkpt>
      <trkpt lat="26.9266788" lon="75.8247215">
        <time>2020-02-20T07:39:02Z</time>
      </trkpt>
      <trkpt lat="26.9266788" lon="75.8247215">
        <time>2020-02-20T07:39:08Z</time>
      </trkpt>
      <trkpt lat="26.9266788" lon="75.8247216">
        <time>2020-02-20T07:39:14Z</time>
      </trkpt>
      <trkpt lat="26.9266788" lon="75.8247216">
        <time>2020-02-20T07:39:20Z</time>
      </trkpt>
      <trkpt lat="26.9266788" lon="75.8247215">
        <time>2020-02-20T07:39:25Z</time>
      </trkpt>
      <trkpt lat="26.9266787" lon="75.8247216">
        <time>2020-02-20T07:39:31Z</time>
      </trkpt>
      <trkpt lat="26.9266787" lon="75.8247217">
        <time>2020-02-20T07:39:37Z</time>
      </trkpt>
      <trkpt lat="26.9266787" lon="75.8247217">
        <time>2020-02-20T07:39:43Z</time>
      </trkpt>
      <trkpt lat="26.9266787" lon="75.8247216">
        <time>2020-02-20T07:39:49Z</time>
      </trkpt>
      <trkpt lat="26.9266788" lon="75.8247218">
        <time>2020-02-20T07:39:54Z</time>
      </trkpt>
      <trkpt lat="26.9266786" lon="75.8247216">
        <time>2020-02-20T07:39:59Z</time>
      </trkpt>
      <trkpt lat="26.9266785" lon="75.8247216">
        <time>2020-02-20T07:40:05Z</time>
      </trkpt>
      <trkpt lat="26.9266785" lon="75.8247214">
        <time>2020-02-20T07:40:10Z</time>
      </trkpt>
      <trkpt lat="26.9266785" lon="75.8247215">
        <time>2020-02-20T07:40:15Z</time>
      </trkpt>
      <trkpt lat="26.9266794" lon="75.8247223">
        <time>2020-02-20T07:40:21Z</time>
      </trkpt>
      <trkpt lat="26.9266794" lon="75.8247223">
        <time>2020-02-20T07:40:27Z</time>
      </trkpt>
      <trkpt lat="26.9266797" lon="75.8247228">
        <time>2020-02-20T07:40:33Z</time>
      </trkpt>
      <trkpt lat="26.9266805" lon="75.8247236">
        <time>2020-02-20T07:40:38Z</time>
      </trkpt>
      <trkpt lat="26.9266806" lon="75.8247238">
        <time>2020-02-20T07:40:44Z</time>
      </trkpt>
      <trkpt lat="26.9266805" lon="75.8247237">
        <time>2020-02-20T07:40:50Z</time>
      </trkpt>
      <trkpt lat="26.9266806" lon="75.8247237">
        <time>2020-02-20T07:40:56Z</time>
      </trkpt>
      <trkpt lat="26.9266805" lon="75.8247237">
        <time>2020-02-20T07:41:01Z</time>
      </trkpt>
      <trkpt lat="26.9266804" lon="75.8247236">
        <time>2020-02-20T07:41:07Z</time>
      </trkpt>
      <trkpt lat="26.9266805" lon="75.8247237">
        <time>2020-02-20T07:41:13Z</time>
      </trkpt>
      <trkpt lat="26.9266804" lon="75.8247237">
        <time>2020-02-20T07:41:19Z</time>
      </trkpt>
      <trkpt lat="26.9266804" lon="75.8247237">
        <time>2020-02-20T07:41:25Z</time>
      </trkpt>
      <trkpt lat="26.9266804" lon="75.8247237">
        <time>2020-02-20T07:41:31Z</time>
      </trkpt>
      <trkpt lat="26.9266803" lon="75.8247237">
        <time>2020-02-20T07:41:37Z</time>
      </trkpt>
      <trkpt lat="26.9266802" lon="75.8247237">
        <time>2020-02-20T07:41:43Z</time>
      </trkpt>
      <trkpt lat="26.9266802" lon="75.8247237">
        <time>2020-02-20T07:41:49Z</time>
      </trkpt>
      <trkpt lat="26.9266802" lon="75.8247238">
        <time>2020-02-20T07:41:55Z</time>
      </trkpt>
      <trkpt lat="26.9266801" lon="75.8247237">
        <time>2020-02-20T07:42:01Z</time>
      </trkpt>
      <trkpt lat="26.9266803" lon="75.8247238">
        <time>2020-02-20T07:42:07Z</time>
      </trkpt>
      <trkpt lat="26.9266802" lon="75.8247238">
        <time>2020-02-20T07:42:13Z</time>
      </trkpt>
      <trkpt lat="26.9266802" lon="75.8247239">
        <time>2020-02-20T07:42:19Z</time>
      </trkpt>
      <trkpt lat="26.9266802" lon="75.8247239">
        <time>2020-02-20T07:42:25Z</time>
      </trkpt>
      <trkpt lat="26.9266802" lon="75.8247239">
        <time>2020-02-20T07:42:31Z</time>
      </trkpt>
      <trkpt lat="26.9266802" lon="75.8247239">
        <time>2020-02-20T07:42:37Z</time>
      </trkpt>
      <trkpt lat="26.9266802" lon="75.8247240">
        <time>2020-02-20T07:42:42Z</time>
      </trkpt>
      <trkpt lat="26.9266802" lon="75.8247239">
        <time>2020-02-20T07:42:48Z</time>
      </trkpt>
      <trkpt lat="26.9266802" lon="75.8247239">
        <time>2020-02-20T07:42:53Z</time>
      </trkpt>
      <trkpt lat="26.9266802" lon="75.8247239">
        <time>2020-02-20T07:42:59Z</time>
      </trkpt>
      <trkpt lat="26.9266802" lon="75.8247239">
        <time>2020-02-20T07:43:05Z</time>
      </trkpt>
      <trkpt lat="26.9266804" lon="75.8247267">
        <time>2020-02-20T07:43:11Z</time>
      </trkpt>
      <trkpt lat="26.9266686" lon="75.8247175">
        <time>2020-02-20T07:43:17Z</time>
      </trkpt>
      <trkpt lat="26.9266683" lon="75.8247180">
        <time>2020-02-20T07:43:22Z</time>
      </trkpt>
      <trkpt lat="26.9266682" lon="75.8247182">
        <time>2020-02-20T07:43:28Z</time>
      </trkpt>
      <trkpt lat="26.9266683" lon="75.8247182">
        <time>2020-02-20T07:43:33Z</time>
      </trkpt>
      <trkpt lat="26.9266683" lon="75.8247182">
        <time>2020-02-20T07:43:39Z</time>
      </trkpt>
      <trkpt lat="26.9266684" lon="75.8247183">
        <time>2020-02-20T07:43:45Z</time>
      </trkpt>
      <trkpt lat="26.9266689" lon="75.8247188">
        <time>2020-02-20T07:43:51Z</time>
      </trkpt>
      <trkpt lat="26.9266689" lon="75.8247188">
        <time>2020-02-20T07:43:56Z</time>
      </trkpt>
      <trkpt lat="26.9266692" lon="75.8247191">
        <time>2020-02-20T07:44:02Z</time>
      </trkpt>
      <trkpt lat="26.9266693" lon="75.8247192">
        <time>2020-02-20T07:44:07Z</time>
      </trkpt>
      <trkpt lat="26.9266696" lon="75.8247194">
        <time>2020-02-20T07:44:13Z</time>
      </trkpt>
      <trkpt lat="26.9266698" lon="75.8247196">
        <time>2020-02-20T07:44:19Z</time>
      </trkpt>
      <trkpt lat="26.9266701" lon="75.8247199">
        <time>2020-02-20T07:44:25Z</time>
      </trkpt>
      <trkpt lat="26.9266705" lon="75.8247202">
        <time>2020-02-20T07:44:31Z</time>
      </trkpt>
      <trkpt lat="26.9266707" lon="75.8247202">
        <time>2020-02-20T07:44:36Z</time>
      </trkpt>
      <trkpt lat="26.9266709" lon="75.8247204">
        <time>2020-02-20T07:44:42Z</time>
      </trkpt>
      <trkpt lat="26.9266727" lon="75.8247272">
        <time>2020-02-20T07:44:48Z</time>
      </trkpt>
      <trkpt lat="26.9266764" lon="75.8247310">
        <time>2020-02-20T07:44:53Z</time>
      </trkpt>
      <trkpt lat="26.9266784" lon="75.8247687">
        <time>2020-02-20T07:44:59Z</time>
      </trkpt>
      <trkpt lat="26.9266922" lon="75.8248178">
        <time>2020-02-20T07:45:05Z</time>
      </trkpt>
      <trkpt lat="26.9267000" lon="75.8248230">
        <time>2020-02-20T07:45:10Z</time>
      </trkpt>
      <trkpt lat="26.9267010" lon="75.8248239">
        <time>2020-02-20T07:45:16Z</time>
      </trkpt>
      <trkpt lat="26.9267188" lon="75.8248502">
        <time>2020-02-20T07:45:22Z</time>
      </trkpt>
      <trkpt lat="26.9267378" lon="75.8248650">
        <time>2020-02-20T07:45:28Z</time>
      </trkpt>
      <trkpt lat="26.9267330" lon="75.8248627">
        <time>2020-02-20T07:45:34Z</time>
      </trkpt>
      <trkpt lat="26.9267376" lon="75.8248613">
        <time>2020-02-20T07:45:40Z</time>
      </trkpt>
      <trkpt lat="26.9267400" lon="75.8248781">
        <time>2020-02-20T07:45:46Z</time>
      </trkpt>
      <trkpt lat="26.9267465" lon="75.8248892">
        <time>2020-02-20T07:45:52Z</time>
      </trkpt>
      <trkpt lat="26.9267649" lon="75.8249052">
        <time>2020-02-20T07:45:58Z</time>
      </trkpt>
      <trkpt lat="26.9267665" lon="75.8249662">
        <time>2020-02-20T07:46:03Z</time>
      </trkpt>
      <trkpt lat="26.9267292" lon="75.8249844">
        <time>2020-02-20T07:46:08Z</time>
      </trkpt>
      <trkpt lat="26.9266453" lon="75.8250220">
        <time>2020-02-20T07:46:14Z</time>
      </trkpt>
      <trkpt lat="26.9266380" lon="75.8250406">
        <time>2020-02-20T07:46:20Z</time>
      </trkpt>
      <trkpt lat="26.9265782" lon="75.8250383">
        <time>2020-02-20T07:46:26Z</time>
      </trkpt>
      <trkpt lat="26.9265265" lon="75.8250282">
        <time>2020-02-20T07:46:31Z</time>
      </trkpt>
      <trkpt lat="26.9264677" lon="75.8250171">
        <time>2020-02-20T07:46:37Z</time>
      </trkpt>
      <trkpt lat="26.9264268" lon="75.8250161">
        <time>2020-02-20T07:46:42Z</time>
      </trkpt>
      <trkpt lat="26.9263958" lon="75.8250221">
        <time>2020-02-20T07:46:47Z</time>
      </trkpt>
      <trkpt lat="26.9263730" lon="75.8250308">
        <time>2020-02-20T07:46:52Z</time>
      </trkpt>
      <trkpt lat="26.9263280" lon="75.8250379">
        <time>2020-02-20T07:46:58Z</time>
      </trkpt>
      <trkpt lat="26.9263093" lon="75.8250200">
        <time>2020-02-20T07:47:03Z</time>
      </trkpt>
      <trkpt lat="26.9262616" lon="75.8249979">
        <time>2020-02-20T07:47:09Z</time>
      </trkpt>
      <trkpt lat="26.9261923" lon="75.8250009">
        <time>2020-02-20T07:47:15Z</time>
      </trkpt>
      <trkpt lat="26.9261462" lon="75.8249920">
        <time>2020-02-20T07:47:20Z</time>
      </trkpt>
      <trkpt lat="26.9260990" lon="75.8249896">
        <time>2020-02-20T07:47:26Z</time>
      </trkpt>
      <trkpt lat="26.9260634" lon="75.8250100">
        <time>2020-02-20T07:47:32Z</time>
      </trkpt>
      <trkpt lat="26.9260618" lon="75.8250199">
        <time>2020-02-20T07:47:38Z</time>
      </trkpt>
      <trkpt lat="26.9260591" lon="75.8250184">
        <time>2020-02-20T07:47:44Z</time>
      </trkpt>
      <trkpt lat="26.9260618" lon="75.8250361">
        <time>2020-02-20T07:47:50Z</time>
      </trkpt>
      <trkpt lat="26.9260590" lon="75.8250387">
        <time>2020-02-20T07:47:56Z</time>
      </trkpt>
      <trkpt lat="26.9260611" lon="75.8250420">
        <time>2020-02-20T07:48:01Z</time>
      </trkpt>
      <trkpt lat="26.9260573" lon="75.8250430">
        <time>2020-02-20T07:48:07Z</time>
      </trkpt>
      <trkpt lat="26.9260525" lon="75.8250500">
        <time>2020-02-20T07:48:12Z</time>
      </trkpt>
      <trkpt lat="26.9260524" lon="75.8250506">
        <time>2020-02-20T07:48:18Z</time>
      </trkpt>
      <trkpt lat="26.9260524" lon="75.8250512">
        <time>2020-02-20T07:48:24Z</time>
      </trkpt>
      <trkpt lat="26.9260523" lon="75.8250512">
        <time>2020-02-20T07:48:29Z</time>
      </trkpt>
      <trkpt lat="26.9260523" lon="75.8250512">
        <time>2020-02-20T07:48:35Z</time>
      </trkpt>
      <trkpt lat="26.9260521" lon="75.8250514">
        <time>2020-02-20T07:48:41Z</time>
      </trkpt>
      <trkpt lat="26.9260521" lon="75.8250515">
        <time>2020-02-20T07:48:47Z</time>
      </trkpt>
      <trkpt lat="26.9260520" lon="75.8250516">
        <time>2020-02-20T07:48:53Z</time>
      </trkpt>
      <trkpt lat="26.9260520" lon="75.8250516">
        <time>2020-02-20T07:48:58Z</time>
      </trkpt>
      <trkpt lat="26.9260520" lon="75.8250516">
        <time>2020-02-20T07:49:04Z</time>
      </trkpt>
      <trkpt lat="26.9260504" lon="75.8250414">
        <time>2020-02-20T07:49:09Z</time>
      </trkpt>
      <trkpt lat="26.9260301" lon="75.8250659">
        <time>2020-02-20T07:49:15Z</time>
      </trkpt>
      <trkpt lat="26.9259623" lon="75.8250617">
        <time>2020-02-20T07:49:21Z</time>
      </trkpt>
      <trkpt lat="26.9259440" lon="75.8251128">
        <time>2020-02-20T07:49:27Z</time>
      </trkpt>
      <trkpt lat="26.9259332" lon="75.8251820">
        <time>2020-02-20T07:49:33Z</time>
      </trkpt>
      <trkpt lat="26.9259043" lon="75.8252400">
        <time>2020-02-20T07:49:39Z</time>
      </trkpt>
      <trkpt lat="26.9258419" lon="75.8252604">
        <time>2020-02-20T07:49:45Z</time>
      </trkpt>
      <trkpt lat="26.9258160" lon="75.8253229">
        <time>2020-02-20T07:49:51Z</time>
      </trkpt>
      <trkpt lat="26.9258083" lon="75.8253724">
        <time>2020-02-20T07:49:57Z</time>
      </trkpt>
      <trkpt lat="26.9257808" lon="75.8254168">
        <time>2020-02-20T07:50:03Z</time>
      </trkpt>
      <trkpt lat="26.9257567" lon="75.8254279">
        <time>2020-02-20T07:50:09Z</time>
      </trkpt>
      <trkpt lat="26.9257599" lon="75.8254333">
        <time>2020-02-20T07:50:15Z</time>
      </trkpt>
      <trkpt lat="26.9257564" lon="75.8254306">
        <time>2020-02-20T07:50:21Z</time>
      </trkpt>
      <trkpt lat="26.9257561" lon="75.8254303">
        <time>2020-02-20T07:50:26Z</time>
      </trkpt>
      <trkpt lat="26.9257561" lon="75.8254303">
        <time>2020-02-20T07:50:32Z</time>
      </trkpt>
      <trkpt lat="26.9257551" lon="75.8254270">
        <time>2020-02-20T07:50:38Z</time>
      </trkpt>
      <trkpt lat="26.9256137" lon="75.8253834">
        <time>2020-02-20T07:50:44Z</time>
      </trkpt>
      <trkpt lat="26.9255671" lon="75.8253780">
        <time>2020-02-20T07:50:49Z</time>
      </trkpt>
      <trkpt lat="26.9255483" lon="75.8253436">
        <time>2020-02-20T07:50:54Z</time>
      </trkpt>
      <trkpt lat="26.9255441" lon="75.8252920">
        <time>2020-02-20T07:51:00Z</time>
      </trkpt>
      <trkpt lat="26.9255110" lon="75.8252769">
        <time>2020-02-20T07:51:05Z</time>
      </trkpt>
      <trkpt lat="26.9255185" lon="75.8252252">
        <time>2020-02-20T07:51:11Z</time>
      </trkpt>
      <trkpt lat="26.9255250" lon="75.8251514">
        <time>2020-02-20T07:51:17Z</time>
      </trkpt>
      <trkpt lat="26.9255283" lon="75.8250951">
        <time>2020-02-20T07:51:23Z</time>
      </trkpt>
      <trkpt lat="26.9255393" lon="75.8250403">
        <time>2020-02-20T07:51:29Z</time>
      </trkpt>
      <trkpt lat="26.9255453" lon="75.8250097">
        <time>2020-02-20T07:51:35Z</time>
      </trkpt>
      <trkpt lat="26.9255627" lon="75.8249574">
        <time>2020-02-20T07:51:41Z</time>
      </trkpt>
      <trkpt lat="26.9255734" lon="75.8249113">
        <time>2020-02-20T07:51:47Z</time>
      </trkpt>
      <trkpt lat="26.9255835" lon="75.8248576">
        <time>2020-02-20T07:51:53Z</time>
      </trkpt>
      <trkpt lat="26.9255945" lon="75.8247948">
        <time>2020-02-20T07:51:59Z</time>
      </trkpt>
      <trkpt lat="26.9255979" lon="75.8247553">
        <time>2020-02-20T07:52:04Z</time>
      </trkpt>
      <trkpt lat="26.9256009" lon="75.8246917">
        <time>2020-02-20T07:52:10Z</time>
      </trkpt>
      <trkpt lat="26.9256078" lon="75.8246360">
        <time>2020-02-20T07:52:16Z</time>
      </trkpt>
      <trkpt lat="26.9256088" lon="75.8245698">
        <time>2020-02-20T07:52:22Z</time>
      </trkpt>
      <trkpt lat="26.9256145" lon="75.8245181">
        <time>2020-02-20T07:52:28Z</time>
      </trkpt>
      <trkpt lat="26.9256054" lon="75.8244868">
        <time>2020-02-20T07:52:33Z</time>
      </trkpt>
      <trkpt lat="26.9256187" lon="75.8244483">
        <time>2020-02-20T07:52:39Z</time>
      </trkpt>
      <trkpt lat="26.9256237" lon="75.8244086">
        <time>2020-02-20T07:52:45Z</time>
      </trkpt>
      <trkpt lat="26.9256284" lon="75.8244018">
        <time>2020-02-20T07:52:51Z</time>
      </trkpt>
      <trkpt lat="26.9256327" lon="75.8244028">
        <time>2020-02-20T07:52:56Z</time>
      </trkpt>
      <trkpt lat="26.9256278" lon="75.8243952">
        <time>2020-02-20T07:53:02Z</time>
      </trkpt>
      <trkpt lat="26.9255980" lon="75.8243731">
        <time>2020-02-20T07:53:07Z</time>
      </trkpt>
      <trkpt lat="26.9255939" lon="75.8243652">
        <time>2020-02-20T07:53:13Z</time>
      </trkpt>
      <trkpt lat="26.9255944" lon="75.8243667">
        <time>2020-02-20T07:53:18Z</time>
      </trkpt>
      <trkpt lat="26.9255946" lon="75.8243664">
        <time>2020-02-20T07:53:24Z</time>
      </trkpt>
      <trkpt lat="26.9255867" lon="75.8243598">
        <time>2020-02-20T07:53:30Z</time>
      </trkpt>
      <trkpt lat="26.9255434" lon="75.8243533">
        <time>2020-02-20T07:53:36Z</time>
      </trkpt>
      <trkpt lat="26.9255178" lon="75.8243100">
        <time>2020-02-20T07:53:42Z</time>
      </trkpt>
      <trkpt lat="26.9254736" lon="75.8242986">
        <time>2020-02-20T07:53:48Z</time>
      </trkpt>
      <trkpt lat="26.9254190" lon="75.8242816">
        <time>2020-02-20T07:53:53Z</time>
      </trkpt>
      <trkpt lat="26.9253658" lon="75.8242636">
        <time>2020-02-20T07:53:59Z</time>
      </trkpt>
      <trkpt lat="26.9253293" lon="75.8242619">
        <time>2020-02-20T07:54:05Z</time>
      </trkpt>
      <trkpt lat="26.9252962" lon="75.8242516">
        <time>2020-02-20T07:54:11Z</time>
      </trkpt>
      <trkpt lat="26.9252898" lon="75.8242448">
        <time>2020-02-20T07:54:17Z</time>
      </trkpt>
      <trkpt lat="26.9252896" lon="75.8242452">
        <time>2020-02-20T07:54:22Z</time>
      </trkpt>
      <trkpt lat="26.9252896" lon="75.8242453">
        <time>2020-02-20T07:54:28Z</time>
      </trkpt>
      <trkpt lat="26.9252897" lon="75.8242452">
        <time>2020-02-20T07:54:34Z</time>
      </trkpt>
      <trkpt lat="26.9252897" lon="75.8242452">
        <time>2020-02-20T07:54:39Z</time>
      </trkpt>
      <trkpt lat="26.9252877" lon="75.8242489">
        <time>2020-02-20T07:54:45Z</time>
      </trkpt>
      <trkpt lat="26.9252702" lon="75.8242286">
        <time>2020-02-20T07:54:51Z</time>
      </trkpt>
      <trkpt lat="26.9252410" lon="75.8241961">
        <time>2020-02-20T07:54:56Z</time>
      </trkpt>
      <trkpt lat="26.9252033" lon="75.8241604">
        <time>2020-02-20T07:55:01Z</time>
      </trkpt>
      <trkpt lat="26.9252114" lon="75.8241069">
        <time>2020-02-20T07:55:07Z</time>
      </trkpt>
      <trkpt lat="26.9252135" lon="75.8240229">
        <time>2020-02-20T07:55:13Z</time>
      </trkpt>
      <trkpt lat="26.9252089" lon="75.8240084">
        <time>2020-02-20T07:55:19Z</time>
      </trkpt>
      <trkpt lat="26.9252157" lon="75.8239864">
        <time>2020-02-20T07:55:25Z</time>
      </trkpt>
      <trkpt lat="26.9252365" lon="75.8239332">
        <time>2020-02-20T07:55:31Z</time>
      </trkpt>
      <trkpt lat="26.9252245" lon="75.8238588">
        <time>2020-02-20T07:55:37Z</time>
      </trkpt>
      <trkpt lat="26.9252247" lon="75.8238218">
        <time>2020-02-20T07:55:43Z</time>
      </trkpt>
      <trkpt lat="26.9252246" lon="75.8237931">
        <time>2020-02-20T07:55:48Z</time>
      </trkpt>
      <trkpt lat="26.9252321" lon="75.8237528">
        <time>2020-02-20T07:55:53Z</time>
      </trkpt>
      <trkpt lat="26.9252375" lon="75.8236734">
        <time>2020-02-20T07:55:59Z</time>
      </trkpt>
      <trkpt lat="26.9252242" lon="75.8235706">
        <time>2020-02-20T07:56:05Z</time>
      </trkpt>
      <trkpt lat="26.9252727" lon="75.8235632">
        <time>2020-02-20T07:56:11Z</time>
      </trkpt>
      <trkpt lat="26.9252768" lon="75.8235475">
        <time>2020-02-20T07:56:17Z</time>
      </trkpt>
      <trkpt lat="26.9252992" lon="75.8234889">
        <time>2020-02-20T07:56:23Z</time>
      </trkpt>
      <trkpt lat="26.9252863" lon="75.8234551">
        <time>2020-02-20T07:56:28Z</time>
      </trkpt>
      <trkpt lat="26.9252765" lon="75.8234331">
        <time>2020-02-20T07:56:33Z</time>
      </trkpt>
      <trkpt lat="26.9252761" lon="75.8234121">
        <time>2020-02-20T07:56:39Z</time>
      </trkpt>
      <trkpt lat="26.9252762" lon="75.8234107">
        <time>2020-02-20T07:56:44Z</time>
      </trkpt>
      <trkpt lat="26.9252751" lon="75.8234093">
        <time>2020-02-20T07:56:49Z</time>
      </trkpt>
      <trkpt lat="26.9252663" lon="75.8233923">
        <time>2020-02-20T07:56:55Z</time>
      </trkpt>
      <trkpt lat="26.9252693" lon="75.8233669">
        <time>2020-02-20T07:57:00Z</time>
      </trkpt>
      <trkpt lat="26.9252705" lon="75.8233670">
        <time>2020-02-20T07:57:06Z</time>
      </trkpt>
      <trkpt lat="26.9252709" lon="75.8233671">
        <time>2020-02-20T07:57:12Z</time>
      </trkpt>
      <trkpt lat="26.9252709" lon="75.8233654">
        <time>2020-02-20T07:57:18Z</time>
      </trkpt>
      <trkpt lat="26.9252829" lon="75.8233472">
        <time>2020-02-20T07:57:24Z</time>
      </trkpt>
      <trkpt lat="26.9252918" lon="75.8233463">
        <time>2020-02-20T07:57:30Z</time>
      </trkpt>
      <trkpt lat="26.9252917" lon="75.8233463">
        <time>2020-02-20T07:57:36Z</time>
      </trkpt>
      <trkpt lat="26.9252972" lon="75.8233454">
        <time>2020-02-20T07:57:42Z</time>
      </trkpt>
      <trkpt lat="26.9252549" lon="75.8232877">
        <time>2020-02-20T07:57:48Z</time>
      </trkpt>
      <trkpt lat="26.9252520" lon="75.8231980">
        <time>2020-02-20T07:57:55Z</time>
      </trkpt>
      <trkpt lat="26.9252275" lon="75.8231328">
        <time>2020-02-20T07:58:01Z</time>
      </trkpt>
      <trkpt lat="26.9251941" lon="75.8230737">
        <time>2020-02-20T07:58:06Z</time>
      </trkpt>
      <trkpt lat="26.9251487" lon="75.8230362">
        <time>2020-02-20T07:58:12Z</time>
      </trkpt>
      <trkpt lat="26.9251038" lon="75.8230156">
        <time>2020-02-20T07:58:18Z</time>
      </trkpt>
      <trkpt lat="26.9250545" lon="75.8229746">
        <time>2020-02-20T07:58:24Z</time>
      </trkpt>
      <trkpt lat="26.9249980" lon="75.8229449">
        <time>2020-02-20T07:58:30Z</time>
      </trkpt>
      <trkpt lat="26.9249565" lon="75.8229116">
        <time>2020-02-20T07:58:35Z</time>
      </trkpt>
      <trkpt lat="26.9249133" lon="75.8228856">
        <time>2020-02-20T07:58:41Z</time>
      </trkpt>
      <trkpt lat="26.9248981" lon="75.8228776">
        <time>2020-02-20T07:58:47Z</time>
      </trkpt>
      <trkpt lat="26.9248749" lon="75.8228593">
        <time>2020-02-20T07:58:53Z</time>
      </trkpt>
      <trkpt lat="26.9248365" lon="75.8228131">
        <time>2020-02-20T07:58:59Z</time>
      </trkpt>
      <trkpt lat="26.9248158" lon="75.8227820">
        <time>2020-02-20T07:59:05Z</time>
      </trkpt>
      <trkpt lat="26.9248020" lon="75.8227533">
        <time>2020-02-20T07:59:10Z</time>
      </trkpt>
      <trkpt lat="26.9248168" lon="75.8226776">
        <time>2020-02-20T07:59:16Z</time>
      </trkpt>
      <trkpt lat="26.9247916" lon="75.8226092">
        <time>2020-02-20T07:59:21Z</time>
      </trkpt>
      <trkpt lat="26.9247751" lon="75.8225588">
        <time>2020-02-20T07:59:27Z</time>
      </trkpt>
      <trkpt lat="26.9247753" lon="75.8225161">
        <time>2020-02-20T07:59:32Z</time>
      </trkpt>
      <trkpt lat="26.9247942" lon="75.8225024">
        <time>2020-02-20T07:59:38Z</time>
      </trkpt>
      <trkpt lat="26.9247967" lon="75.8224731">
        <time>2020-02-20T07:59:44Z</time>
      </trkpt>
      <trkpt lat="26.9247918" lon="75.8224609">
        <time>2020-02-20T07:59:50Z</time>
      </trkpt>
      <trkpt lat="26.9247365" lon="75.8224445">
        <time>2020-02-20T07:59:56Z</time>
      </trkpt>
      <trkpt lat="26.9246443" lon="75.8224242">
        <time>2020-02-20T08:00:02Z</time>
      </trkpt>
      <trkpt lat="26.9245791" lon="75.8223902">
        <time>2020-02-20T08:00:08Z</time>
      </trkpt>
      <trkpt lat="26.9245190" lon="75.8223807">
        <time>2020-02-20T08:00:13Z</time>
      </trkpt>
      <trkpt lat="26.9244572" lon="75.8223792">
        <time>2020-02-20T08:00:19Z</time>
      </trkpt>
      <trkpt lat="26.9244048" lon="75.8223675">
        <time>2020-02-20T08:00:25Z</time>
      </trkpt>
      <trkpt lat="26.9243571" lon="75.8223489">
        <time>2020-02-20T08:00:30Z</time>
      </trkpt>
      <trkpt lat="26.9242969" lon="75.8223234">
        <time>2020-02-20T08:00:36Z</time>
      </trkpt>
      <trkpt lat="26.9242580" lon="75.8223085">
        <time>2020-02-20T08:00:42Z</time>
      </trkpt>
      <trkpt lat="26.9242083" lon="75.8222974">
        <time>2020-02-20T08:00:48Z</time>
      </trkpt>
      <trkpt lat="26.9241672" lon="75.8223122">
        <time>2020-02-20T08:00:54Z</time>
      </trkpt>
      <trkpt lat="26.9240923" lon="75.8222764">
        <time>2020-02-20T08:00:59Z</time>
      </trkpt>
      <trkpt lat="26.9240816" lon="75.8223143">
        <time>2020-02-20T08:01:05Z</time>
      </trkpt>
      <trkpt lat="26.9240831" lon="75.8222888">
        <time>2020-02-20T08:01:10Z</time>
      </trkpt>
      <trkpt lat="26.9240498" lon="75.8222668">
        <time>2020-02-20T08:01:16Z</time>
      </trkpt>
      <trkpt lat="26.9240403" lon="75.8222755">
        <time>2020-02-20T08:01:22Z</time>
      </trkpt>
      <trkpt lat="26.9240391" lon="75.8222758">
        <time>2020-02-20T08:01:28Z</time>
      </trkpt>
      <trkpt lat="26.9240391" lon="75.8222754">
        <time>2020-02-20T08:01:34Z</time>
      </trkpt>
      <trkpt lat="26.9240390" lon="75.8222753">
        <time>2020-02-20T08:01:40Z</time>
      </trkpt>
      <trkpt lat="26.9240387" lon="75.8222752">
        <time>2020-02-20T08:01:46Z</time>
      </trkpt>
      <trkpt lat="26.9240338" lon="75.8222771">
        <time>2020-02-20T08:01:51Z</time>
      </trkpt>
      <trkpt lat="26.9240327" lon="75.8222774">
        <time>2020-02-20T08:01:56Z</time>
      </trkpt>
      <trkpt lat="26.9240319" lon="75.8222771">
        <time>2020-02-20T08:02:02Z</time>
      </trkpt>
      <trkpt lat="26.9240316" lon="75.8222773">
        <time>2020-02-20T08:02:08Z</time>
      </trkpt>
      <trkpt lat="26.9240309" lon="75.8222772">
        <time>2020-02-20T08:02:14Z</time>
      </trkpt>
      <trkpt lat="26.9240301" lon="75.8222782">
        <time>2020-02-20T08:02:20Z</time>
      </trkpt>
      <trkpt lat="26.9240301" lon="75.8222773">
        <time>2020-02-20T08:02:26Z</time>
      </trkpt>
      <trkpt lat="26.9240299" lon="75.8222776">
        <time>2020-02-20T08:02:32Z</time>
      </trkpt>
      <trkpt lat="26.9240297" lon="75.8222832">
        <time>2020-02-20T08:02:37Z</time>
      </trkpt>
      <trkpt lat="26.9240255" lon="75.8222564">
        <time>2020-02-20T08:02:43Z</time>
      </trkpt>
      <trkpt lat="26.9240583" lon="75.8222127">
        <time>2020-02-20T08:02:49Z</time>
      </trkpt>
      <trkpt lat="26.9240703" lon="75.8221877">
        <time>2020-02-20T08:02:55Z</time>
      </trkpt>
      <trkpt lat="26.9241009" lon="75.8221150">
        <time>2020-02-20T08:03:01Z</time>
      </trkpt>
      <trkpt lat="26.9240916" lon="75.8220767">
        <time>2020-02-20T08:03:07Z</time>
      </trkpt>
      <trkpt lat="26.9240884" lon="75.8219997">
        <time>2020-02-20T08:03:13Z</time>
      </trkpt>
      <trkpt lat="26.9240783" lon="75.8219099">
        <time>2020-02-20T08:03:19Z</time>
      </trkpt>
      <trkpt lat="26.9241015" lon="75.8218609">
        <time>2020-02-20T08:03:25Z</time>
      </trkpt>
      <trkpt lat="26.9241241" lon="75.8218092">
        <time>2020-02-20T08:03:31Z</time>
      </trkpt>
      <trkpt lat="26.9241348" lon="75.8217577">
        <time>2020-02-20T08:03:37Z</time>
      </trkpt>
      <trkpt lat="26.9241295" lon="75.8217128">
        <time>2020-02-20T08:03:43Z</time>
      </trkpt>
      <trkpt lat="26.9241389" lon="75.8216747">
        <time>2020-02-20T08:03:49Z</time>
      </trkpt>
      <trkpt lat="26.9241278" lon="75.8216448">
        <time>2020-02-20T08:03:55Z</time>
      </trkpt>
      <trkpt lat="26.9241196" lon="75.8216167">
        <time>2020-02-20T08:04:00Z</time>
      </trkpt>
      <trkpt lat="26.9241498" lon="75.8215498">
        <time>2020-02-20T08:04:05Z</time>
      </trkpt>
      <trkpt lat="26.9241652" lon="75.8214821">
        <time>2020-02-20T08:04:11Z</time>
      </trkpt>
      <trkpt lat="26.9241894" lon="75.8214309">
        <time>2020-02-20T08:04:16Z</time>
      </trkpt>
      <trkpt lat="26.9242308" lon="75.8213759">
        <time>2020-02-20T08:04:21Z</time>
      </trkpt>
      <trkpt lat="26.9242230" lon="75.8213309">
        <time>2020-02-20T08:04:26Z</time>
      </trkpt>
      <trkpt lat="26.9242328" lon="75.8212864">
        <time>2020-02-20T08:04:32Z</time>
      </trkpt>
      <trkpt lat="26.9242364" lon="75.8212168">
        <time>2020-02-20T08:04:38Z</time>
      </trkpt>
      <trkpt lat="26.9242484" lon="75.8211699">
        <time>2020-02-20T08:04:44Z</time>
      </trkpt>
      <trkpt lat="26.9242679" lon="75.8211187">
        <time>2020-02-20T08:04:50Z</time>
      </trkpt>
      <trkpt lat="26.9242553" lon="75.8210606">
        <time>2020-02-20T08:04:56Z</time>
      </trkpt>
      <trkpt lat="26.9242674" lon="75.8210101">
        <time>2020-02-20T08:05:02Z</time>
      </trkpt>
      <trkpt lat="26.9242724" lon="75.8209620">
        <time>2020-02-20T08:05:08Z</time>
      </trkpt>
      <trkpt lat="26.9242582" lon="75.8208966">
        <time>2020-02-20T08:05:14Z</time>
      </trkpt>
      <trkpt lat="26.9242450" lon="75.8208518">
        <time>2020-02-20T08:05:19Z</time>
      </trkpt>
      <trkpt lat="26.9242785" lon="75.8207929">
        <time>2020-02-20T08:05:25Z</time>
      </trkpt>
      <trkpt lat="26.9242896" lon="75.8207404">
        <time>2020-02-20T08:05:30Z</time>
      </trkpt>
      <trkpt lat="26.9243320" lon="75.8206523">
        <time>2020-02-20T08:05:36Z</time>
      </trkpt>
      <trkpt lat="26.9243600" lon="75.8205978">
        <time>2020-02-20T08:05:42Z</time>
      </trkpt>
      <trkpt lat="26.9243689" lon="75.8205490">
        <time>2020-02-20T08:05:48Z</time>
      </trkpt>
      <trkpt lat="26.9243902" lon="75.8204840">
        <time>2020-02-20T08:05:54Z</time>
      </trkpt>
      <trkpt lat="26.9243755" lon="75.8204519">
        <time>2020-02-20T08:06:00Z</time>
      </trkpt>
      <trkpt lat="26.9243720" lon="75.8204476">
        <time>2020-02-20T08:06:06Z</time>
      </trkpt>
      <trkpt lat="26.9243704" lon="75.8204492">
        <time>2020-02-20T08:06:12Z</time>
      </trkpt>
      <trkpt lat="26.9243714" lon="75.8204504">
        <time>2020-02-20T08:06:18Z</time>
      </trkpt>
      <trkpt lat="26.9243724" lon="75.8204511">
        <time>2020-02-20T08:06:24Z</time>
      </trkpt>
      <trkpt lat="26.9243725" lon="75.8204510">
        <time>2020-02-20T08:06:30Z</time>
      </trkpt>
      <trkpt lat="26.9243713" lon="75.8204483">
        <time>2020-02-20T08:06:36Z</time>
      </trkpt>
      <trkpt lat="26.9243884" lon="75.8204139">
        <time>2020-02-20T08:06:42Z</time>
      </trkpt>
      <trkpt lat="26.9243766" lon="75.8204136">
        <time>2020-02-20T08:06:48Z</time>
      </trkpt>
      <trkpt lat="26.9243702" lon="75.8204168">
        <time>2020-02-20T08:06:54Z</time>
      </trkpt>
      <trkpt lat="26.9243706" lon="75.8204156">
        <time>2020-02-20T08:07:00Z</time>
      </trkpt>
      <trkpt lat="26.9243712" lon="75.8204152">
        <time>2020-02-20T08:07:06Z</time>
      </trkpt>
      <trkpt lat="26.9243710" lon="75.8204149">
        <time>2020-02-20T08:07:11Z</time>
      </trkpt>
      <trkpt lat="26.9243702" lon="75.8204144">
        <time>2020-02-20T08:07:17Z</time>
      </trkpt>
      <trkpt lat="26.9243700" lon="75.8204140">
        <time>2020-02-20T08:07:23Z</time>
      </trkpt>
      <trkpt lat="26.9243901" lon="75.8203542">
        <time>2020-02-20T08:07:29Z</time>
      </trkpt>
      <trkpt lat="26.9243945" lon="75.8203421">
        <time>2020-02-20T08:07:35Z</time>
      </trkpt>
      <trkpt lat="26.9243732" lon="75.8202983">
        <time>2020-02-20T08:07:41Z</time>
      </trkpt>
      <trkpt lat="26.9243790" lon="75.8202900">
        <time>2020-02-20T08:07:46Z</time>
      </trkpt>
      <trkpt lat="26.9243747" lon="75.8202604">
        <time>2020-02-20T08:07:52Z</time>
      </trkpt>
      <trkpt lat="26.9244078" lon="75.8202124">
        <time>2020-02-20T08:07:58Z</time>
      </trkpt>
      <trkpt lat="26.9244322" lon="75.8201313">
        <time>2020-02-20T08:08:04Z</time>
      </trkpt>
      <trkpt lat="26.9244137" lon="75.8200944">
        <time>2020-02-20T08:08:10Z</time>
      </trkpt>
      <trkpt lat="26.9244017" lon="75.8200784">
        <time>2020-02-20T08:08:16Z</time>
      </trkpt>
      <trkpt lat="26.9243983" lon="75.8200762">
        <time>2020-02-20T08:08:22Z</time>
      </trkpt>
      <trkpt lat="26.9244195" lon="75.8200018">
        <time>2020-02-20T08:08:28Z</time>
      </trkpt>
      <trkpt lat="26.9244353" lon="75.8198955">
        <time>2020-02-20T08:08:34Z</time>
      </trkpt>
      <trkpt lat="26.9244572" lon="75.8198277">
        <time>2020-02-20T08:08:39Z</time>
      </trkpt>
      <trkpt lat="26.9244574" lon="75.8198009">
        <time>2020-02-20T08:08:45Z</time>
      </trkpt>
      <trkpt lat="26.9244600" lon="75.8197928">
        <time>2020-02-20T08:08:50Z</time>
      </trkpt>
      <trkpt lat="26.9244595" lon="75.8197920">
        <time>2020-02-20T08:08:55Z</time>
      </trkpt>
      <trkpt lat="26.9244914" lon="75.8197186">
        <time>2020-02-20T08:09:01Z</time>
      </trkpt>
      <trkpt lat="26.9244868" lon="75.8196098">
        <time>2020-02-20T08:09:06Z</time>
      </trkpt>
      <trkpt lat="26.9245110" lon="75.8194893">
        <time>2020-02-20T08:09:12Z</time>
      </trkpt>
      <trkpt lat="26.9245403" lon="75.8194102">
        <time>2020-02-20T08:09:18Z</time>
      </trkpt>
      <trkpt lat="26.9245509" lon="75.8193828">
        <time>2020-02-20T08:09:24Z</time>
      </trkpt>
      <trkpt lat="26.9245511" lon="75.8193694">
        <time>2020-02-20T08:09:30Z</time>
      </trkpt>
      <trkpt lat="26.9245488" lon="75.8193692">
        <time>2020-02-20T08:09:36Z</time>
      </trkpt>
      <trkpt lat="26.9245474" lon="75.8193685">
        <time>2020-02-20T08:09:42Z</time>
      </trkpt>
      <trkpt lat="26.9245473" lon="75.8193683">
        <time>2020-02-20T08:09:48Z</time>
      </trkpt>
      <trkpt lat="26.9245472" lon="75.8193682">
        <time>2020-02-20T08:09:54Z</time>
      </trkpt>
      <trkpt lat="26.9245469" lon="75.8193682">
        <time>2020-02-20T08:09:59Z</time>
      </trkpt>
      <trkpt lat="26.9245468" lon="75.8193681">
        <time>2020-02-20T08:10:05Z</time>
      </trkpt>
      <trkpt lat="26.9245469" lon="75.8193679">
        <time>2020-02-20T08:10:11Z</time>
      </trkpt>
      <trkpt lat="26.9245467" lon="75.8193679">
        <time>2020-02-20T08:10:17Z</time>
      </trkpt>
      <trkpt lat="26.9245468" lon="75.8193678">
        <time>2020-02-20T08:10:23Z</time>
      </trkpt>
      <trkpt lat="26.9245468" lon="75.8193676">
        <time>2020-02-20T08:10:29Z</time>
      </trkpt>
      <trkpt lat="26.9245466" lon="75.8193674">
        <time>2020-02-20T08:10:35Z</time>
      </trkpt>
      <trkpt lat="26.9245465" lon="75.8193673">
        <time>2020-02-20T08:10:41Z</time>
      </trkpt>
      <trkpt lat="26.9245462" lon="75.8193671">
        <time>2020-02-20T08:10:47Z</time>
      </trkpt>
      <trkpt lat="26.9245460" lon="75.8193670">
        <time>2020-02-20T08:10:53Z</time>
      </trkpt>
      <trkpt lat="26.9245458" lon="75.8193668">
        <time>2020-02-20T08:10:59Z</time>
      </trkpt>
      <trkpt lat="26.9245456" lon="75.8193667">
        <time>2020-02-20T08:11:05Z</time>
      </trkpt>
      <trkpt lat="26.9245456" lon="75.8193666">
        <time>2020-02-20T08:11:10Z</time>
      </trkpt>
      <trkpt lat="26.9245455" lon="75.8193665">
        <time>2020-02-20T08:11:16Z</time>
      </trkpt>
      <trkpt lat="26.9245455" lon="75.8193664">
        <time>2020-02-20T08:11:22Z</time>
      </trkpt>
      <trkpt lat="26.9245721" lon="75.8193061">
        <time>2020-02-20T08:11:28Z</time>
      </trkpt>
      <trkpt lat="26.9245740" lon="75.8192496">
        <time>2020-02-20T08:11:34Z</time>
      </trkpt>
      <trkpt lat="26.9246133" lon="75.8191655">
        <time>2020-02-20T08:11:40Z</time>
      </trkpt>
      <trkpt lat="26.9246241" lon="75.8191068">
        <time>2020-02-20T08:11:46Z</time>
      </trkpt>
      <trkpt lat="26.9246290" lon="75.8190725">
        <time>2020-02-20T08:11:52Z</time>
      </trkpt>
      <trkpt lat="26.9246666" lon="75.8190455">
        <time>2020-02-20T08:11:58Z</time>
      </trkpt>
      <trkpt lat="26.9246838" lon="75.8190388">
        <time>2020-02-20T08:12:03Z</time>
      </trkpt>
      <trkpt lat="26.9246998" lon="75.8190370">
        <time>2020-02-20T08:12:09Z</time>
      </trkpt>
      <trkpt lat="26.9247107" lon="75.8190433">
        <time>2020-02-20T08:12:15Z</time>
      </trkpt>
      <trkpt lat="26.9247219" lon="75.8190473">
        <time>2020-02-20T08:12:21Z</time>
      </trkpt>
      <trkpt lat="26.9247215" lon="75.8190469">
        <time>2020-02-20T08:12:27Z</time>
      </trkpt>
      <trkpt lat="26.9247215" lon="75.8190471">
        <time>2020-02-20T08:12:33Z</time>
      </trkpt>
      <trkpt lat="26.9247216" lon="75.8190472">
        <time>2020-02-20T08:12:39Z</time>
      </trkpt>
      <trkpt lat="26.9247216" lon="75.8190472">
        <time>2020-02-20T08:12:45Z</time>
      </trkpt>
      <trkpt lat="26.9247128" lon="75.8190649">
        <time>2020-02-20T08:12:51Z</time>
      </trkpt>
      <trkpt lat="26.9246705" lon="75.8190805">
        <time>2020-02-20T08:12:57Z</time>
      </trkpt>
      <trkpt lat="26.9246444" lon="75.8191137">
        <time>2020-02-20T08:13:03Z</time>
      </trkpt>
      <trkpt lat="26.9246254" lon="75.8191424">
        <time>2020-02-20T08:13:09Z</time>
      </trkpt>
      <trkpt lat="26.9246316" lon="75.8191498">
        <time>2020-02-20T08:13:14Z</time>
      </trkpt>
      <trkpt lat="26.9246306" lon="75.8192330">
        <time>2020-02-20T08:13:20Z</time>
      </trkpt>
      <trkpt lat="26.9246252" lon="75.8192453">
        <time>2020-02-20T08:13:26Z</time>
      </trkpt>
      <trkpt lat="26.9246247" lon="75.8192632">
        <time>2020-02-20T08:13:32Z</time>
      </trkpt>
      <trkpt lat="26.9246192" lon="75.8192654">
        <time>2020-02-20T08:13:38Z</time>
      </trkpt>
      <trkpt lat="26.9245691" lon="75.8192769">
        <time>2020-02-20T08:13:44Z</time>
      </trkpt>
      <trkpt lat="26.9245392" lon="75.8193045">
        <time>2020-02-20T08:13:50Z</time>
      </trkpt>
      <trkpt lat="26.9244952" lon="75.8193274">
        <time>2020-02-20T08:13:56Z</time>
      </trkpt>
      <trkpt lat="26.9244672" lon="75.8193514">
        <time>2020-02-20T08:14:02Z</time>
      </trkpt>
      <trkpt lat="26.9244592" lon="75.8193531">
        <time>2020-02-20T08:14:08Z</time>
      </trkpt>
      <trkpt lat="26.9244603" lon="75.8193581">
        <time>2020-02-20T08:14:13Z</time>
      </trkpt>
      <trkpt lat="26.9244647" lon="75.8193649">
        <time>2020-02-20T08:14:18Z</time>
      </trkpt>
      <trkpt lat="26.9244517" lon="75.8193541">
        <time>2020-02-20T08:14:24Z</time>
      </trkpt>
      <trkpt lat="26.9244364" lon="75.8193607">
        <time>2020-02-20T08:14:30Z</time>
      </trkpt>
      <trkpt lat="26.9244337" lon="75.8193523">
        <time>2020-02-20T08:14:36Z</time>
      </trkpt>
      <trkpt lat="26.9244308" lon="75.8193506">
        <time>2020-02-20T08:14:42Z</time>
      </trkpt>
      <trkpt lat="26.9244279" lon="75.8193499">
        <time>2020-02-20T08:14:48Z</time>
      </trkpt>
      <trkpt lat="26.9244218" lon="75.8193495">
        <time>2020-02-20T08:14:54Z</time>
      </trkpt>
      <trkpt lat="26.9243833" lon="75.8193365">
        <time>2020-02-20T08:15:00Z</time>
      </trkpt>
      <trkpt lat="26.9243710" lon="75.8193207">
        <time>2020-02-20T08:15:06Z</time>
      </trkpt>
      <trkpt lat="26.9243666" lon="75.8193187">
        <time>2020-02-20T08:15:12Z</time>
      </trkpt>
      <trkpt lat="26.9243588" lon="75.8193171">
        <time>2020-02-20T08:15:18Z</time>
      </trkpt>
      <trkpt lat="26.9243570" lon="75.8193177">
        <time>2020-02-20T08:15:24Z</time>
      </trkpt>
      <trkpt lat="26.9243565" lon="75.8193169">
        <time>2020-02-20T08:15:30Z</time>
      </trkpt>
      <trkpt lat="26.9243565" lon="75.8193170">
        <time>2020-02-20T08:15:36Z</time>
      </trkpt>
      <trkpt lat="26.9243562" lon="75.8193169">
        <time>2020-02-20T08:15:45Z</time>
      </trkpt>
      <trkpt lat="26.9243559" lon="75.8193167">
        <time>2020-02-20T08:15:51Z</time>
      </trkpt>
      <trkpt lat="26.9243518" lon="75.8193188">
        <time>2020-02-20T08:15:57Z</time>
      </trkpt>
      <trkpt lat="26.9243431" lon="75.8193031">
        <time>2020-02-20T08:16:03Z</time>
      </trkpt>
      <trkpt lat="26.9241811" lon="75.8193041">
        <time>2020-02-20T08:16:09Z</time>
      </trkpt>
      <trkpt lat="26.9242057" lon="75.8193002">
        <time>2020-02-20T08:16:15Z</time>
      </trkpt>
      <trkpt lat="26.9242177" lon="75.8193073">
        <time>2020-02-20T08:16:21Z</time>
      </trkpt>
      <trkpt lat="26.9242162" lon="75.8193367">
        <time>2020-02-20T08:16:27Z</time>
      </trkpt>
      <trkpt lat="26.9242113" lon="75.8193547">
        <time>2020-02-20T08:16:33Z</time>
      </trkpt>
      <trkpt lat="26.9242112" lon="75.8193563">
        <time>2020-02-20T08:16:39Z</time>
      </trkpt>
      <trkpt lat="26.9242402" lon="75.8194505">
        <time>2020-02-20T08:16:45Z</time>
      </trkpt>
      <trkpt lat="26.9241478" lon="75.8195531">
        <time>2020-02-20T08:16:50Z</time>
      </trkpt>
      <trkpt lat="26.9241170" lon="75.8195626">
        <time>2020-02-20T08:16:55Z</time>
      </trkpt>
      <trkpt lat="26.9241312" lon="75.8195656">
        <time>2020-02-20T08:17:00Z</time>
      </trkpt>
      <trkpt lat="26.9241311" lon="75.8195762">
        <time>2020-02-20T08:17:06Z</time>
      </trkpt>
      <trkpt lat="26.9241377" lon="75.8195772">
        <time>2020-02-20T08:17:11Z</time>
      </trkpt>
      <trkpt lat="26.9241438" lon="75.8195858">
        <time>2020-02-20T08:17:17Z</time>
      </trkpt>
      <trkpt lat="26.9241434" lon="75.8195871">
        <time>2020-02-20T08:17:23Z</time>
      </trkpt>
      <trkpt lat="26.9241425" lon="75.8195862">
        <time>2020-02-20T08:17:29Z</time>
      </trkpt>
      <trkpt lat="26.9241706" lon="75.8195768">
        <time>2020-02-20T08:17:35Z</time>
      </trkpt>
      <trkpt lat="26.9241777" lon="75.8195556">
        <time>2020-02-20T08:17:41Z</time>
      </trkpt>
      <trkpt lat="26.9241818" lon="75.8195479">
        <time>2020-02-20T08:17:47Z</time>
      </trkpt>
      <trkpt lat="26.9241818" lon="75.8195479">
        <time>2020-02-20T08:17:53Z</time>
      </trkpt>
      <trkpt lat="26.9241823" lon="75.8195474">
        <time>2020-02-20T08:17:58Z</time>
      </trkpt>
      <trkpt lat="26.9241825" lon="75.8195467">
        <time>2020-02-20T08:18:04Z</time>
      </trkpt>
      <trkpt lat="26.9241832" lon="75.8195456">
        <time>2020-02-20T08:18:10Z</time>
      </trkpt>
      <trkpt lat="26.9242150" lon="75.8195077">
        <time>2020-02-20T08:18:16Z</time>
      </trkpt>
      <trkpt lat="26.9242171" lon="75.8194157">
        <time>2020-02-20T08:18:22Z</time>
      </trkpt>
      <trkpt lat="26.9242399" lon="75.8193759">
        <time>2020-02-20T08:18:28Z</time>
      </trkpt>
      <trkpt lat="26.9242584" lon="75.8193690">
        <time>2020-02-20T08:18:34Z</time>
      </trkpt>
      <trkpt lat="26.9242994" lon="75.8193455">
        <time>2020-02-20T08:18:40Z</time>
      </trkpt>
      <trkpt lat="26.9243013" lon="75.8193548">
        <time>2020-02-20T08:18:46Z</time>
      </trkpt>
      <trkpt lat="26.9243027" lon="75.8193552">
        <time>2020-02-20T08:18:52Z</time>
      </trkpt>
      <trkpt lat="26.9243419" lon="75.8194125">
        <time>2020-02-20T08:18:57Z</time>
      </trkpt>
      <trkpt lat="26.9243506" lon="75.8194323">
        <time>2020-02-20T08:19:02Z</time>
      </trkpt>
      <trkpt lat="26.9243561" lon="75.8194534">
        <time>2020-02-20T08:19:07Z</time>
      </trkpt>
      <trkpt lat="26.9243579" lon="75.8194654">
        <time>2020-02-20T08:19:13Z</time>
      </trkpt>
      <trkpt lat="26.9243889" lon="75.8195351">
        <time>2020-02-20T08:19:19Z</time>
      </trkpt>
      <trkpt lat="26.9243651" lon="75.8195979">
        <time>2020-02-20T08:19:25Z</time>
      </trkpt>
      <trkpt lat="26.9243826" lon="75.8196321">
        <time>2020-02-20T08:19:31Z</time>
      </trkpt>
      <trkpt lat="26.9243717" lon="75.8196544">
        <time>2020-02-20T08:19:37Z</time>
      </trkpt>
      <trkpt lat="26.9243766" lon="75.8196927">
        <time>2020-02-20T08:19:43Z</time>
      </trkpt>
      <trkpt lat="26.9243693" lon="75.8197192">
        <time>2020-02-20T08:19:49Z</time>
      </trkpt>
      <trkpt lat="26.9243573" lon="75.8197388">
        <time>2020-02-20T08:19:55Z</time>
      </trkpt>
      <trkpt lat="26.9243761" lon="75.8197520">
        <time>2020-02-20T08:20:01Z</time>
      </trkpt>
      <trkpt lat="26.9243769" lon="75.8197598">
        <time>2020-02-20T08:20:07Z</time>
      </trkpt>
      <trkpt lat="26.9243635" lon="75.8197731">
        <time>2020-02-20T08:20:13Z</time>
      </trkpt>
      <trkpt lat="26.9243557" lon="75.8197792">
        <time>2020-02-20T08:20:19Z</time>
      </trkpt>
      <trkpt lat="26.9243557" lon="75.8197792">
        <time>2020-02-20T08:20:25Z</time>
      </trkpt>
      <trkpt lat="26.9243573" lon="75.8197796">
        <time>2020-02-20T08:20:31Z</time>
      </trkpt>
      <trkpt lat="26.9243572" lon="75.8197797">
        <time>2020-02-20T08:20:37Z</time>
      </trkpt>
      <trkpt lat="26.9243760" lon="75.8198587">
        <time>2020-02-20T08:20:43Z</time>
      </trkpt>
      <trkpt lat="26.9244033" lon="75.8198995">
        <time>2020-02-20T08:20:48Z</time>
      </trkpt>
      <trkpt lat="26.9243675" lon="75.8199239">
        <time>2020-02-20T08:20:53Z</time>
      </trkpt>
      <trkpt lat="26.9243601" lon="75.8199626">
        <time>2020-02-20T08:20:59Z</time>
      </trkpt>
      <trkpt lat="26.9243418" lon="75.8199812">
        <time>2020-02-20T08:21:05Z</time>
      </trkpt>
      <trkpt lat="26.9243230" lon="75.8200325">
        <time>2020-02-20T08:21:11Z</time>
      </trkpt>
      <trkpt lat="26.9243086" lon="75.8200838">
        <time>2020-02-20T08:21:17Z</time>
      </trkpt>
      <trkpt lat="26.9243036" lon="75.8201490">
        <time>2020-02-20T08:21:23Z</time>
      </trkpt>
      <trkpt lat="26.9243094" lon="75.8201774">
        <time>2020-02-20T08:21:29Z</time>
      </trkpt>
      <trkpt lat="26.9243045" lon="75.8202305">
        <time>2020-02-20T08:21:35Z</time>
      </trkpt>
      <trkpt lat="26.9242984" lon="75.8202584">
        <time>2020-02-20T08:21:41Z</time>
      </trkpt>
      <trkpt lat="26.9242906" lon="75.8202945">
        <time>2020-02-20T08:21:47Z</time>
      </trkpt>
      <trkpt lat="26.9242729" lon="75.8203085">
        <time>2020-02-20T08:21:53Z</time>
      </trkpt>
      <trkpt lat="26.9242582" lon="75.8203178">
        <time>2020-02-20T08:21:59Z</time>
      </trkpt>
      <trkpt lat="26.9242636" lon="75.8203202">
        <time>2020-02-20T08:22:05Z</time>
      </trkpt>
      <trkpt lat="26.9242640" lon="75.8203206">
        <time>2020-02-20T08:22:11Z</time>
      </trkpt>
      <trkpt lat="26.9242637" lon="75.8203209">
        <time>2020-02-20T08:22:17Z</time>
      </trkpt>
      <trkpt lat="26.9242603" lon="75.8203200">
        <time>2020-02-20T08:22:23Z</time>
      </trkpt>
      <trkpt lat="26.9241704" lon="75.8202947">
        <time>2020-02-20T08:22:29Z</time>
      </trkpt>
      <trkpt lat="26.9241147" lon="75.8202410">
        <time>2020-02-20T08:22:35Z</time>
      </trkpt>
      <trkpt lat="26.9240694" lon="75.8202364">
        <time>2020-02-20T08:22:41Z</time>
      </trkpt>
      <trkpt lat="26.9240629" lon="75.8202339">
        <time>2020-02-20T08:22:47Z</time>
      </trkpt>
      <trkpt lat="26.9240598" lon="75.8202338">
        <time>2020-02-20T08:22:53Z</time>
      </trkpt>
      <trkpt lat="26.9240377" lon="75.8202361">
        <time>2020-02-20T08:22:59Z</time>
      </trkpt>
      <trkpt lat="26.9240206" lon="75.8202504">
        <time>2020-02-20T08:23:05Z</time>
      </trkpt>
      <trkpt lat="26.9240159" lon="75.8202415">
        <time>2020-02-20T08:23:11Z</time>
      </trkpt>
      <trkpt lat="26.9239861" lon="75.8202259">
        <time>2020-02-20T08:23:17Z</time>
      </trkpt>
      <trkpt lat="26.9239882" lon="75.8202154">
        <time>2020-02-20T08:23:23Z</time>
      </trkpt>
      <trkpt lat="26.9239961" lon="75.8202100">
        <time>2020-02-20T08:23:29Z</time>
      </trkpt>
      <trkpt lat="26.9239961" lon="75.8202151">
        <time>2020-02-20T08:23:35Z</time>
      </trkpt>
      <trkpt lat="26.9239992" lon="75.8202009">
        <time>2020-02-20T08:23:40Z</time>
      </trkpt>
    </trkseg>
  </trk>
</gpx>
