<?xml version="1.0" encoding="UTF-8"?>
<gpx version="1.0" creator="OpenStreetMap.org" xmlns="http://www.topografix.com/GPX/1/0">
  <trk>
    <name>2024_03_13_01_33_Wed_Mandore_Express_Jaipur_to_Delh_.gpx</name>
    <desc>2024-03-13_01-33_Wed_Mandore_Express_Jaipur_to_Delh)</desc>
    <url>/user/ravidwivedi/traces/11305830</url>
    <trkseg>
      <trkpt lat="26.9029947" lon="75.7902575">
        <time>2024-03-12T20:07:02Z</time>
      </trkpt>
      <trkpt lat="26.9029088" lon="75.7902694">
        <time>2024-03-12T20:07:03Z</time>
      </trkpt>
      <trkpt lat="26.9028199" lon="75.7902853">
        <time>2024-03-12T20:07:04Z</time>
      </trkpt>
      <trkpt lat="26.9027364" lon="75.7903010">
        <time>2024-03-12T20:07:05Z</time>
      </trkpt>
      <trkpt lat="26.9026581" lon="75.7903188">
        <time>2024-03-12T20:07:06Z</time>
      </trkpt>
      <trkpt lat="26.9025939" lon="75.7903309">
        <time>2024-03-12T20:07:07Z</time>
      </trkpt>
      <trkpt lat="26.9025249" lon="75.7903489">
        <time>2024-03-12T20:07:08Z</time>
      </trkpt>
      <trkpt lat="26.9024517" lon="75.7903739">
        <time>2024-03-12T20:07:09Z</time>
      </trkpt>
      <trkpt lat="26.9023860" lon="75.7903902">
        <time>2024-03-12T20:07:10Z</time>
      </trkpt>
      <trkpt lat="26.9023337" lon="75.7903959">
        <time>2024-03-12T20:07:11Z</time>
      </trkpt>
      <trkpt lat="26.9022720" lon="75.7904097">
        <time>2024-03-12T20:07:12Z</time>
      </trkpt>
      <trkpt lat="26.9022109" lon="75.7904205">
        <time>2024-03-12T20:07:13Z</time>
      </trkpt>
      <trkpt lat="26.9021557" lon="75.7904326">
        <time>2024-03-12T20:07:14Z</time>
      </trkpt>
      <trkpt lat="26.9021056" lon="75.7904399">
        <time>2024-03-12T20:07:15Z</time>
      </trkpt>
      <trkpt lat="26.9020567" lon="75.7904482">
        <time>2024-03-12T20:07:16Z</time>
      </trkpt>
      <trkpt lat="26.9019994" lon="75.7904637">
        <time>2024-03-12T20:07:17Z</time>
      </trkpt>
      <trkpt lat="26.9019421" lon="75.7904750">
        <time>2024-03-12T20:07:18Z</time>
      </trkpt>
      <trkpt lat="26.9018882" lon="75.7904894">
        <time>2024-03-12T20:07:19Z</time>
      </trkpt>
      <trkpt lat="26.9018328" lon="75.7905096">
        <time>2024-03-12T20:07:20Z</time>
      </trkpt>
      <trkpt lat="26.9017758" lon="75.7905255">
        <time>2024-03-12T20:07:21Z</time>
      </trkpt>
      <trkpt lat="26.9017108" lon="75.7905440">
        <time>2024-03-12T20:07:22Z</time>
      </trkpt>
      <trkpt lat="26.9016555" lon="75.7905572">
        <time>2024-03-12T20:07:23Z</time>
      </trkpt>
      <trkpt lat="26.9015989" lon="75.7905765">
        <time>2024-03-12T20:07:24Z</time>
      </trkpt>
      <trkpt lat="26.9015405" lon="75.7905929">
        <time>2024-03-12T20:07:25Z</time>
      </trkpt>
      <trkpt lat="26.9014814" lon="75.7906107">
        <time>2024-03-12T20:07:26Z</time>
      </trkpt>
      <trkpt lat="26.9014162" lon="75.7906277">
        <time>2024-03-12T20:07:27Z</time>
      </trkpt>
      <trkpt lat="26.9013495" lon="75.7906517">
        <time>2024-03-12T20:07:28Z</time>
      </trkpt>
      <trkpt lat="26.9012888" lon="75.7906694">
        <time>2024-03-12T20:07:29Z</time>
      </trkpt>
      <trkpt lat="26.9012272" lon="75.7906873">
        <time>2024-03-12T20:07:30Z</time>
      </trkpt>
      <trkpt lat="26.9011624" lon="75.7907040">
        <time>2024-03-12T20:07:31Z</time>
      </trkpt>
      <trkpt lat="26.9010969" lon="75.7907222">
        <time>2024-03-12T20:07:32Z</time>
      </trkpt>
      <trkpt lat="26.9010350" lon="75.7907486">
        <time>2024-03-12T20:07:33Z</time>
      </trkpt>
      <trkpt lat="26.9009679" lon="75.7907731">
        <time>2024-03-12T20:07:34Z</time>
      </trkpt>
      <trkpt lat="26.9009011" lon="75.7907980">
        <time>2024-03-12T20:07:35Z</time>
      </trkpt>
      <trkpt lat="26.9008333" lon="75.7908162">
        <time>2024-03-12T20:07:36Z</time>
      </trkpt>
      <trkpt lat="26.9007603" lon="75.7908394">
        <time>2024-03-12T20:07:37Z</time>
      </trkpt>
      <trkpt lat="26.9006885" lon="75.7908565">
        <time>2024-03-12T20:07:38Z</time>
      </trkpt>
      <trkpt lat="26.9006143" lon="75.7908754">
        <time>2024-03-12T20:07:39Z</time>
      </trkpt>
      <trkpt lat="26.9005439" lon="75.7908947">
        <time>2024-03-12T20:07:40Z</time>
      </trkpt>
      <trkpt lat="26.9004717" lon="75.7909134">
        <time>2024-03-12T20:07:41Z</time>
      </trkpt>
      <trkpt lat="26.9003998" lon="75.7909329">
        <time>2024-03-12T20:07:42Z</time>
      </trkpt>
      <trkpt lat="26.9003210" lon="75.7909553">
        <time>2024-03-12T20:07:43Z</time>
      </trkpt>
      <trkpt lat="26.9002394" lon="75.7909760">
        <time>2024-03-12T20:07:44Z</time>
      </trkpt>
      <trkpt lat="26.9001658" lon="75.7910003">
        <time>2024-03-12T20:07:45Z</time>
      </trkpt>
      <trkpt lat="26.9000872" lon="75.7910245">
        <time>2024-03-12T20:07:46Z</time>
      </trkpt>
      <trkpt lat="26.9000096" lon="75.7910486">
        <time>2024-03-12T20:07:47Z</time>
      </trkpt>
      <trkpt lat="26.8999270" lon="75.7910675">
        <time>2024-03-12T20:07:48Z</time>
      </trkpt>
      <trkpt lat="26.8998446" lon="75.7910910">
        <time>2024-03-12T20:07:49Z</time>
      </trkpt>
      <trkpt lat="26.8997569" lon="75.7911131">
        <time>2024-03-12T20:07:50Z</time>
      </trkpt>
      <trkpt lat="26.8996693" lon="75.7911351">
        <time>2024-03-12T20:07:51Z</time>
      </trkpt>
      <trkpt lat="26.8995873" lon="75.7911608">
        <time>2024-03-12T20:07:52Z</time>
      </trkpt>
      <trkpt lat="26.8995009" lon="75.7911914">
        <time>2024-03-12T20:07:53Z</time>
      </trkpt>
      <trkpt lat="26.8994142" lon="75.7912214">
        <time>2024-03-12T20:07:54Z</time>
      </trkpt>
      <trkpt lat="26.8993245" lon="75.7912522">
        <time>2024-03-12T20:07:55Z</time>
      </trkpt>
      <trkpt lat="26.8992351" lon="75.7912761">
        <time>2024-03-12T20:07:56Z</time>
      </trkpt>
      <trkpt lat="26.8991448" lon="75.7913036">
        <time>2024-03-12T20:07:57Z</time>
      </trkpt>
      <trkpt lat="26.8990526" lon="75.7913369">
        <time>2024-03-12T20:07:58Z</time>
      </trkpt>
      <trkpt lat="26.8989584" lon="75.7913660">
        <time>2024-03-12T20:07:59Z</time>
      </trkpt>
      <trkpt lat="26.8988640" lon="75.7913904">
        <time>2024-03-12T20:08:00Z</time>
      </trkpt>
      <trkpt lat="26.8987706" lon="75.7914195">
        <time>2024-03-12T20:08:01Z</time>
      </trkpt>
      <trkpt lat="26.8986759" lon="75.7914476">
        <time>2024-03-12T20:08:02Z</time>
      </trkpt>
      <trkpt lat="26.8985771" lon="75.7914733">
        <time>2024-03-12T20:08:03Z</time>
      </trkpt>
      <trkpt lat="26.8984764" lon="75.7915005">
        <time>2024-03-12T20:08:04Z</time>
      </trkpt>
      <trkpt lat="26.8983752" lon="75.7915298">
        <time>2024-03-12T20:08:05Z</time>
      </trkpt>
      <trkpt lat="26.8982742" lon="75.7915606">
        <time>2024-03-12T20:08:06Z</time>
      </trkpt>
      <trkpt lat="26.8981693" lon="75.7915931">
        <time>2024-03-12T20:08:07Z</time>
      </trkpt>
      <trkpt lat="26.8980687" lon="75.7916230">
        <time>2024-03-12T20:08:08Z</time>
      </trkpt>
      <trkpt lat="26.8979630" lon="75.7916568">
        <time>2024-03-12T20:08:09Z</time>
      </trkpt>
      <trkpt lat="26.8978552" lon="75.7916880">
        <time>2024-03-12T20:08:10Z</time>
      </trkpt>
      <trkpt lat="26.8977460" lon="75.7917229">
        <time>2024-03-12T20:08:11Z</time>
      </trkpt>
      <trkpt lat="26.8976414" lon="75.7917529">
        <time>2024-03-12T20:08:12Z</time>
      </trkpt>
      <trkpt lat="26.8975344" lon="75.7917851">
        <time>2024-03-12T20:08:13Z</time>
      </trkpt>
      <trkpt lat="26.8974239" lon="75.7918208">
        <time>2024-03-12T20:08:14Z</time>
      </trkpt>
      <trkpt lat="26.8973138" lon="75.7918547">
        <time>2024-03-12T20:08:15Z</time>
      </trkpt>
      <trkpt lat="26.8971979" lon="75.7918839">
        <time>2024-03-12T20:08:16Z</time>
      </trkpt>
      <trkpt lat="26.8970880" lon="75.7919178">
        <time>2024-03-12T20:08:17Z</time>
      </trkpt>
      <trkpt lat="26.8969730" lon="75.7919514">
        <time>2024-03-12T20:08:18Z</time>
      </trkpt>
      <trkpt lat="26.8968547" lon="75.7919880">
        <time>2024-03-12T20:08:19Z</time>
      </trkpt>
      <trkpt lat="26.8967368" lon="75.7920206">
        <time>2024-03-12T20:08:20Z</time>
      </trkpt>
      <trkpt lat="26.8966214" lon="75.7920591">
        <time>2024-03-12T20:08:21Z</time>
      </trkpt>
      <trkpt lat="26.8965042" lon="75.7920955">
        <time>2024-03-12T20:08:22Z</time>
      </trkpt>
      <trkpt lat="26.8963898" lon="75.7921360">
        <time>2024-03-12T20:08:23Z</time>
      </trkpt>
      <trkpt lat="26.8962690" lon="75.7921728">
        <time>2024-03-12T20:08:24Z</time>
      </trkpt>
      <trkpt lat="26.8961480" lon="75.7922143">
        <time>2024-03-12T20:08:25Z</time>
      </trkpt>
      <trkpt lat="26.8960271" lon="75.7922498">
        <time>2024-03-12T20:08:26Z</time>
      </trkpt>
      <trkpt lat="26.8959039" lon="75.7922826">
        <time>2024-03-12T20:08:27Z</time>
      </trkpt>
      <trkpt lat="26.8957797" lon="75.7923216">
        <time>2024-03-12T20:08:28Z</time>
      </trkpt>
      <trkpt lat="26.8956548" lon="75.7923572">
        <time>2024-03-12T20:08:29Z</time>
      </trkpt>
      <trkpt lat="26.8955280" lon="75.7923930">
        <time>2024-03-12T20:08:30Z</time>
      </trkpt>
      <trkpt lat="26.8953993" lon="75.7924311">
        <time>2024-03-12T20:08:31Z</time>
      </trkpt>
      <trkpt lat="26.8952719" lon="75.7924722">
        <time>2024-03-12T20:08:32Z</time>
      </trkpt>
      <trkpt lat="26.8951448" lon="75.7925091">
        <time>2024-03-12T20:08:33Z</time>
      </trkpt>
      <trkpt lat="26.8950187" lon="75.7925490">
        <time>2024-03-12T20:08:34Z</time>
      </trkpt>
      <trkpt lat="26.8948888" lon="75.7925861">
        <time>2024-03-12T20:08:35Z</time>
      </trkpt>
      <trkpt lat="26.8947589" lon="75.7926223">
        <time>2024-03-12T20:08:36Z</time>
      </trkpt>
      <trkpt lat="26.8946310" lon="75.7926645">
        <time>2024-03-12T20:08:37Z</time>
      </trkpt>
      <trkpt lat="26.8944976" lon="75.7926989">
        <time>2024-03-12T20:08:38Z</time>
      </trkpt>
      <trkpt lat="26.8943629" lon="75.7927440">
        <time>2024-03-12T20:08:39Z</time>
      </trkpt>
      <trkpt lat="26.8942329" lon="75.7927843">
        <time>2024-03-12T20:08:40Z</time>
      </trkpt>
      <trkpt lat="26.8941018" lon="75.7928250">
        <time>2024-03-12T20:08:41Z</time>
      </trkpt>
      <trkpt lat="26.8939673" lon="75.7928632">
        <time>2024-03-12T20:08:42Z</time>
      </trkpt>
      <trkpt lat="26.8938324" lon="75.7929036">
        <time>2024-03-12T20:08:43Z</time>
      </trkpt>
      <trkpt lat="26.8936955" lon="75.7929446">
        <time>2024-03-12T20:08:44Z</time>
      </trkpt>
      <trkpt lat="26.8935560" lon="75.7929813">
        <time>2024-03-12T20:08:45Z</time>
      </trkpt>
      <trkpt lat="26.8934230" lon="75.7930202">
        <time>2024-03-12T20:08:46Z</time>
      </trkpt>
      <trkpt lat="26.8932852" lon="75.7930592">
        <time>2024-03-12T20:08:47Z</time>
      </trkpt>
      <trkpt lat="26.8931486" lon="75.7931014">
        <time>2024-03-12T20:08:48Z</time>
      </trkpt>
      <trkpt lat="26.8930122" lon="75.7931422">
        <time>2024-03-12T20:08:49Z</time>
      </trkpt>
      <trkpt lat="26.8928748" lon="75.7931818">
        <time>2024-03-12T20:08:50Z</time>
      </trkpt>
      <trkpt lat="26.8927334" lon="75.7932235">
        <time>2024-03-12T20:08:51Z</time>
      </trkpt>
      <trkpt lat="26.8925937" lon="75.7932662">
        <time>2024-03-12T20:08:52Z</time>
      </trkpt>
      <trkpt lat="26.8924502" lon="75.7933105">
        <time>2024-03-12T20:08:53Z</time>
      </trkpt>
      <trkpt lat="26.8923095" lon="75.7933538">
        <time>2024-03-12T20:08:54Z</time>
      </trkpt>
      <trkpt lat="26.8921688" lon="75.7933967">
        <time>2024-03-12T20:08:55Z</time>
      </trkpt>
      <trkpt lat="26.8920281" lon="75.7934370">
        <time>2024-03-12T20:08:56Z</time>
      </trkpt>
      <trkpt lat="26.8918858" lon="75.7934787">
        <time>2024-03-12T20:08:57Z</time>
      </trkpt>
      <trkpt lat="26.8917420" lon="75.7935215">
        <time>2024-03-12T20:08:58Z</time>
      </trkpt>
      <trkpt lat="26.8915962" lon="75.7935687">
        <time>2024-03-12T20:08:59Z</time>
      </trkpt>
      <trkpt lat="26.8914505" lon="75.7936123">
        <time>2024-03-12T20:09:00Z</time>
      </trkpt>
      <trkpt lat="26.8913036" lon="75.7936582">
        <time>2024-03-12T20:09:01Z</time>
      </trkpt>
      <trkpt lat="26.8911577" lon="75.7937013">
        <time>2024-03-12T20:09:02Z</time>
      </trkpt>
      <trkpt lat="26.8910094" lon="75.7937462">
        <time>2024-03-12T20:09:03Z</time>
      </trkpt>
      <trkpt lat="26.8908629" lon="75.7937909">
        <time>2024-03-12T20:09:04Z</time>
      </trkpt>
      <trkpt lat="26.8907122" lon="75.7938338">
        <time>2024-03-12T20:09:05Z</time>
      </trkpt>
      <trkpt lat="26.8905589" lon="75.7938800">
        <time>2024-03-12T20:09:06Z</time>
      </trkpt>
      <trkpt lat="26.8904093" lon="75.7939240">
        <time>2024-03-12T20:09:07Z</time>
      </trkpt>
      <trkpt lat="26.8902577" lon="75.7939684">
        <time>2024-03-12T20:09:08Z</time>
      </trkpt>
      <trkpt lat="26.8901084" lon="75.7940168">
        <time>2024-03-12T20:09:09Z</time>
      </trkpt>
      <trkpt lat="26.8899551" lon="75.7940639">
        <time>2024-03-12T20:09:10Z</time>
      </trkpt>
      <trkpt lat="26.8898014" lon="75.7941092">
        <time>2024-03-12T20:09:11Z</time>
      </trkpt>
      <trkpt lat="26.8896485" lon="75.7941566">
        <time>2024-03-12T20:09:12Z</time>
      </trkpt>
      <trkpt lat="26.8894967" lon="75.7942012">
        <time>2024-03-12T20:09:13Z</time>
      </trkpt>
      <trkpt lat="26.8893410" lon="75.7942424">
        <time>2024-03-12T20:09:14Z</time>
      </trkpt>
      <trkpt lat="26.8891864" lon="75.7942888">
        <time>2024-03-12T20:09:15Z</time>
      </trkpt>
      <trkpt lat="26.8890280" lon="75.7943335">
        <time>2024-03-12T20:09:16Z</time>
      </trkpt>
      <trkpt lat="26.8888706" lon="75.7943814">
        <time>2024-03-12T20:09:17Z</time>
      </trkpt>
      <trkpt lat="26.8887147" lon="75.7944256">
        <time>2024-03-12T20:09:18Z</time>
      </trkpt>
      <trkpt lat="26.8885534" lon="75.7944746">
        <time>2024-03-12T20:09:19Z</time>
      </trkpt>
      <trkpt lat="26.8883977" lon="75.7945223">
        <time>2024-03-12T20:09:20Z</time>
      </trkpt>
      <trkpt lat="26.8882395" lon="75.7945716">
        <time>2024-03-12T20:09:21Z</time>
      </trkpt>
      <trkpt lat="26.8880826" lon="75.7946191">
        <time>2024-03-12T20:09:22Z</time>
      </trkpt>
      <trkpt lat="26.8879218" lon="75.7946696">
        <time>2024-03-12T20:09:23Z</time>
      </trkpt>
      <trkpt lat="26.8877632" lon="75.7947178">
        <time>2024-03-12T20:09:24Z</time>
      </trkpt>
      <trkpt lat="26.8875998" lon="75.7947647">
        <time>2024-03-12T20:09:25Z</time>
      </trkpt>
      <trkpt lat="26.8874394" lon="75.7948126">
        <time>2024-03-12T20:09:26Z</time>
      </trkpt>
      <trkpt lat="26.8872758" lon="75.7948603">
        <time>2024-03-12T20:09:27Z</time>
      </trkpt>
      <trkpt lat="26.8871121" lon="75.7949099">
        <time>2024-03-12T20:09:28Z</time>
      </trkpt>
      <trkpt lat="26.8869493" lon="75.7949580">
        <time>2024-03-12T20:09:29Z</time>
      </trkpt>
      <trkpt lat="26.8867850" lon="75.7950059">
        <time>2024-03-12T20:09:30Z</time>
      </trkpt>
      <trkpt lat="26.8866191" lon="75.7950547">
        <time>2024-03-12T20:09:31Z</time>
      </trkpt>
      <trkpt lat="26.8864539" lon="75.7951057">
        <time>2024-03-12T20:09:32Z</time>
      </trkpt>
      <trkpt lat="26.8862884" lon="75.7951619">
        <time>2024-03-12T20:09:33Z</time>
      </trkpt>
      <trkpt lat="26.8861218" lon="75.7952108">
        <time>2024-03-12T20:09:34Z</time>
      </trkpt>
      <trkpt lat="26.8859508" lon="75.7952598">
        <time>2024-03-12T20:09:35Z</time>
      </trkpt>
      <trkpt lat="26.8857819" lon="75.7953074">
        <time>2024-03-12T20:09:36Z</time>
      </trkpt>
      <trkpt lat="26.8856124" lon="75.7953567">
        <time>2024-03-12T20:09:37Z</time>
      </trkpt>
      <trkpt lat="26.8854466" lon="75.7954099">
        <time>2024-03-12T20:09:38Z</time>
      </trkpt>
      <trkpt lat="26.8852798" lon="75.7954620">
        <time>2024-03-12T20:09:39Z</time>
      </trkpt>
      <trkpt lat="26.8851101" lon="75.7955128">
        <time>2024-03-12T20:09:40Z</time>
      </trkpt>
      <trkpt lat="26.8849397" lon="75.7955604">
        <time>2024-03-12T20:09:41Z</time>
      </trkpt>
      <trkpt lat="26.8847661" lon="75.7956095">
        <time>2024-03-12T20:09:42Z</time>
      </trkpt>
      <trkpt lat="26.8845950" lon="75.7956646">
        <time>2024-03-12T20:09:43Z</time>
      </trkpt>
      <trkpt lat="26.8844237" lon="75.7957156">
        <time>2024-03-12T20:09:44Z</time>
      </trkpt>
      <trkpt lat="26.8842537" lon="75.7957690">
        <time>2024-03-12T20:09:45Z</time>
      </trkpt>
      <trkpt lat="26.8840754" lon="75.7958196">
        <time>2024-03-12T20:09:46Z</time>
      </trkpt>
      <trkpt lat="26.8838999" lon="75.7958726">
        <time>2024-03-12T20:09:47Z</time>
      </trkpt>
      <trkpt lat="26.8837277" lon="75.7959228">
        <time>2024-03-12T20:09:48Z</time>
      </trkpt>
      <trkpt lat="26.8835503" lon="75.7959752">
        <time>2024-03-12T20:09:49Z</time>
      </trkpt>
      <trkpt lat="26.8833785" lon="75.7960289">
        <time>2024-03-12T20:09:50Z</time>
      </trkpt>
      <trkpt lat="26.8831988" lon="75.7960833">
        <time>2024-03-12T20:09:51Z</time>
      </trkpt>
      <trkpt lat="26.8830249" lon="75.7961361">
        <time>2024-03-12T20:09:52Z</time>
      </trkpt>
      <trkpt lat="26.8828454" lon="75.7961902">
        <time>2024-03-12T20:09:53Z</time>
      </trkpt>
      <trkpt lat="26.8826667" lon="75.7962487">
        <time>2024-03-12T20:09:54Z</time>
      </trkpt>
      <trkpt lat="26.8824899" lon="75.7963014">
        <time>2024-03-12T20:09:55Z</time>
      </trkpt>
      <trkpt lat="26.8823116" lon="75.7963592">
        <time>2024-03-12T20:09:56Z</time>
      </trkpt>
      <trkpt lat="26.8821331" lon="75.7964134">
        <time>2024-03-12T20:09:57Z</time>
      </trkpt>
      <trkpt lat="26.8819554" lon="75.7964668">
        <time>2024-03-12T20:09:58Z</time>
      </trkpt>
      <trkpt lat="26.8817748" lon="75.7965199">
        <time>2024-03-12T20:09:59Z</time>
      </trkpt>
      <trkpt lat="26.8815942" lon="75.7965706">
        <time>2024-03-12T20:10:00Z</time>
      </trkpt>
      <trkpt lat="26.8814146" lon="75.7966222">
        <time>2024-03-12T20:10:01Z</time>
      </trkpt>
      <trkpt lat="26.8812349" lon="75.7966744">
        <time>2024-03-12T20:10:02Z</time>
      </trkpt>
      <trkpt lat="26.8810572" lon="75.7967322">
        <time>2024-03-12T20:10:03Z</time>
      </trkpt>
      <trkpt lat="26.8808757" lon="75.7967904">
        <time>2024-03-12T20:10:04Z</time>
      </trkpt>
      <trkpt lat="26.8806931" lon="75.7968440">
        <time>2024-03-12T20:10:05Z</time>
      </trkpt>
      <trkpt lat="26.8805091" lon="75.7968965">
        <time>2024-03-12T20:10:06Z</time>
      </trkpt>
      <trkpt lat="26.8803201" lon="75.7969506">
        <time>2024-03-12T20:10:07Z</time>
      </trkpt>
      <trkpt lat="26.8801279" lon="75.7970048">
        <time>2024-03-12T20:10:08Z</time>
      </trkpt>
      <trkpt lat="26.8799425" lon="75.7970589">
        <time>2024-03-12T20:10:09Z</time>
      </trkpt>
      <trkpt lat="26.8797556" lon="75.7971159">
        <time>2024-03-12T20:10:10Z</time>
      </trkpt>
      <trkpt lat="26.8795675" lon="75.7971724">
        <time>2024-03-12T20:10:11Z</time>
      </trkpt>
      <trkpt lat="26.8793790" lon="75.7972254">
        <time>2024-03-12T20:10:12Z</time>
      </trkpt>
      <trkpt lat="26.8791924" lon="75.7972818">
        <time>2024-03-12T20:10:13Z</time>
      </trkpt>
      <trkpt lat="26.8790078" lon="75.7973414">
        <time>2024-03-12T20:10:14Z</time>
      </trkpt>
      <trkpt lat="26.8788210" lon="75.7973958">
        <time>2024-03-12T20:10:15Z</time>
      </trkpt>
      <trkpt lat="26.8786345" lon="75.7974487">
        <time>2024-03-12T20:10:16Z</time>
      </trkpt>
      <trkpt lat="26.8784447" lon="75.7975028">
        <time>2024-03-12T20:10:17Z</time>
      </trkpt>
      <trkpt lat="26.8782512" lon="75.7975554">
        <time>2024-03-12T20:10:18Z</time>
      </trkpt>
      <trkpt lat="26.8780590" lon="75.7976116">
        <time>2024-03-12T20:10:19Z</time>
      </trkpt>
      <trkpt lat="26.8778660" lon="75.7976627">
        <time>2024-03-12T20:10:20Z</time>
      </trkpt>
      <trkpt lat="26.8776741" lon="75.7977219">
        <time>2024-03-12T20:10:21Z</time>
      </trkpt>
      <trkpt lat="26.8774837" lon="75.7977785">
        <time>2024-03-12T20:10:22Z</time>
      </trkpt>
      <trkpt lat="26.8772876" lon="75.7978362">
        <time>2024-03-12T20:10:23Z</time>
      </trkpt>
      <trkpt lat="26.8770927" lon="75.7978973">
        <time>2024-03-12T20:10:24Z</time>
      </trkpt>
      <trkpt lat="26.8768980" lon="75.7979507">
        <time>2024-03-12T20:10:25Z</time>
      </trkpt>
      <trkpt lat="26.8767010" lon="75.7980039">
        <time>2024-03-12T20:10:26Z</time>
      </trkpt>
      <trkpt lat="26.8765066" lon="75.7980592">
        <time>2024-03-12T20:10:27Z</time>
      </trkpt>
      <trkpt lat="26.8763033" lon="75.7981113">
        <time>2024-03-12T20:10:28Z</time>
      </trkpt>
      <trkpt lat="26.8761055" lon="75.7981825">
        <time>2024-03-12T20:10:29Z</time>
      </trkpt>
      <trkpt lat="26.8759118" lon="75.7982361">
        <time>2024-03-12T20:10:30Z</time>
      </trkpt>
      <trkpt lat="26.8757153" lon="75.7982972">
        <time>2024-03-12T20:10:31Z</time>
      </trkpt>
      <trkpt lat="26.8755143" lon="75.7983527">
        <time>2024-03-12T20:10:32Z</time>
      </trkpt>
      <trkpt lat="26.8753193" lon="75.7984180">
        <time>2024-03-12T20:10:33Z</time>
      </trkpt>
      <trkpt lat="26.8751201" lon="75.7984843">
        <time>2024-03-12T20:10:34Z</time>
      </trkpt>
      <trkpt lat="26.8749217" lon="75.7985442">
        <time>2024-03-12T20:10:35Z</time>
      </trkpt>
      <trkpt lat="26.8747191" lon="75.7986043">
        <time>2024-03-12T20:10:36Z</time>
      </trkpt>
      <trkpt lat="26.8745183" lon="75.7986616">
        <time>2024-03-12T20:10:37Z</time>
      </trkpt>
      <trkpt lat="26.8743170" lon="75.7987205">
        <time>2024-03-12T20:10:38Z</time>
      </trkpt>
      <trkpt lat="26.8741135" lon="75.7987778">
        <time>2024-03-12T20:10:39Z</time>
      </trkpt>
      <trkpt lat="26.8739158" lon="75.7988374">
        <time>2024-03-12T20:10:40Z</time>
      </trkpt>
      <trkpt lat="26.8737123" lon="75.7989000">
        <time>2024-03-12T20:10:41Z</time>
      </trkpt>
      <trkpt lat="26.8735088" lon="75.7989577">
        <time>2024-03-12T20:10:42Z</time>
      </trkpt>
      <trkpt lat="26.8732998" lon="75.7990226">
        <time>2024-03-12T20:10:43Z</time>
      </trkpt>
      <trkpt lat="26.8730970" lon="75.7990867">
        <time>2024-03-12T20:10:44Z</time>
      </trkpt>
      <trkpt lat="26.8728985" lon="75.7991505">
        <time>2024-03-12T20:10:45Z</time>
      </trkpt>
      <trkpt lat="26.8726964" lon="75.7992124">
        <time>2024-03-12T20:10:46Z</time>
      </trkpt>
      <trkpt lat="26.8724910" lon="75.7992777">
        <time>2024-03-12T20:10:47Z</time>
      </trkpt>
      <trkpt lat="26.8722831" lon="75.7993397">
        <time>2024-03-12T20:10:48Z</time>
      </trkpt>
      <trkpt lat="26.8720723" lon="75.7994012">
        <time>2024-03-12T20:10:49Z</time>
      </trkpt>
      <trkpt lat="26.8718675" lon="75.7994656">
        <time>2024-03-12T20:10:50Z</time>
      </trkpt>
      <trkpt lat="26.8716569" lon="75.7995287">
        <time>2024-03-12T20:10:51Z</time>
      </trkpt>
      <trkpt lat="26.8714458" lon="75.7995861">
        <time>2024-03-12T20:10:52Z</time>
      </trkpt>
      <trkpt lat="26.8712360" lon="75.7996488">
        <time>2024-03-12T20:10:53Z</time>
      </trkpt>
      <trkpt lat="26.8710260" lon="75.7997112">
        <time>2024-03-12T20:10:54Z</time>
      </trkpt>
      <trkpt lat="26.8708178" lon="75.7997779">
        <time>2024-03-12T20:10:55Z</time>
      </trkpt>
      <trkpt lat="26.8706027" lon="75.7998447">
        <time>2024-03-12T20:10:56Z</time>
      </trkpt>
      <trkpt lat="26.8703903" lon="75.7999106">
        <time>2024-03-12T20:10:57Z</time>
      </trkpt>
      <trkpt lat="26.8701789" lon="75.7999755">
        <time>2024-03-12T20:10:58Z</time>
      </trkpt>
      <trkpt lat="26.8699652" lon="75.8000411">
        <time>2024-03-12T20:10:59Z</time>
      </trkpt>
      <trkpt lat="26.8697510" lon="75.8001024">
        <time>2024-03-12T20:11:00Z</time>
      </trkpt>
      <trkpt lat="26.8695340" lon="75.8001733">
        <time>2024-03-12T20:11:01Z</time>
      </trkpt>
      <trkpt lat="26.8693191" lon="75.8002376">
        <time>2024-03-12T20:11:02Z</time>
      </trkpt>
      <trkpt lat="26.8691036" lon="75.8003018">
        <time>2024-03-12T20:11:03Z</time>
      </trkpt>
      <trkpt lat="26.8688863" lon="75.8003667">
        <time>2024-03-12T20:11:04Z</time>
      </trkpt>
      <trkpt lat="26.8686665" lon="75.8004336">
        <time>2024-03-12T20:11:05Z</time>
      </trkpt>
      <trkpt lat="26.8684424" lon="75.8004948">
        <time>2024-03-12T20:11:06Z</time>
      </trkpt>
      <trkpt lat="26.8682238" lon="75.8005618">
        <time>2024-03-12T20:11:07Z</time>
      </trkpt>
      <trkpt lat="26.8679977" lon="75.8006254">
        <time>2024-03-12T20:11:08Z</time>
      </trkpt>
      <trkpt lat="26.8677750" lon="75.8006919">
        <time>2024-03-12T20:11:09Z</time>
      </trkpt>
      <trkpt lat="26.8675513" lon="75.8007625">
        <time>2024-03-12T20:11:10Z</time>
      </trkpt>
      <trkpt lat="26.8673288" lon="75.8008319">
        <time>2024-03-12T20:11:11Z</time>
      </trkpt>
      <trkpt lat="26.8671070" lon="75.8008949">
        <time>2024-03-12T20:11:12Z</time>
      </trkpt>
      <trkpt lat="26.8668833" lon="75.8009646">
        <time>2024-03-12T20:11:13Z</time>
      </trkpt>
      <trkpt lat="26.8666541" lon="75.8010292">
        <time>2024-03-12T20:11:14Z</time>
      </trkpt>
      <trkpt lat="26.8664258" lon="75.8010962">
        <time>2024-03-12T20:11:15Z</time>
      </trkpt>
      <trkpt lat="26.8661992" lon="75.8011651">
        <time>2024-03-12T20:11:16Z</time>
      </trkpt>
      <trkpt lat="26.8659702" lon="75.8012323">
        <time>2024-03-12T20:11:17Z</time>
      </trkpt>
      <trkpt lat="26.8657470" lon="75.8013050">
        <time>2024-03-12T20:11:18Z</time>
      </trkpt>
      <trkpt lat="26.8655211" lon="75.8013759">
        <time>2024-03-12T20:11:19Z</time>
      </trkpt>
      <trkpt lat="26.8652928" lon="75.8014554">
        <time>2024-03-12T20:11:20Z</time>
      </trkpt>
      <trkpt lat="26.8650643" lon="75.8015333">
        <time>2024-03-12T20:11:21Z</time>
      </trkpt>
      <trkpt lat="26.8648383" lon="75.8016195">
        <time>2024-03-12T20:11:22Z</time>
      </trkpt>
      <trkpt lat="26.8646100" lon="75.8017078">
        <time>2024-03-12T20:11:23Z</time>
      </trkpt>
      <trkpt lat="26.8643842" lon="75.8018101">
        <time>2024-03-12T20:11:24Z</time>
      </trkpt>
      <trkpt lat="26.8641640" lon="75.8019224">
        <time>2024-03-12T20:11:25Z</time>
      </trkpt>
      <trkpt lat="26.8639412" lon="75.8020411">
        <time>2024-03-12T20:11:26Z</time>
      </trkpt>
      <trkpt lat="26.8637259" lon="75.8021650">
        <time>2024-03-12T20:11:27Z</time>
      </trkpt>
      <trkpt lat="26.8635152" lon="75.8022967">
        <time>2024-03-12T20:11:28Z</time>
      </trkpt>
      <trkpt lat="26.8633035" lon="75.8024403">
        <time>2024-03-12T20:11:29Z</time>
      </trkpt>
      <trkpt lat="26.8630946" lon="75.8025886">
        <time>2024-03-12T20:11:30Z</time>
      </trkpt>
      <trkpt lat="26.8628871" lon="75.8027436">
        <time>2024-03-12T20:11:31Z</time>
      </trkpt>
      <trkpt lat="26.8626816" lon="75.8028973">
        <time>2024-03-12T20:11:32Z</time>
      </trkpt>
      <trkpt lat="26.8624811" lon="75.8030551">
        <time>2024-03-12T20:11:33Z</time>
      </trkpt>
      <trkpt lat="26.8622724" lon="75.8032158">
        <time>2024-03-12T20:11:34Z</time>
      </trkpt>
      <trkpt lat="26.8620670" lon="75.8033753">
        <time>2024-03-12T20:11:35Z</time>
      </trkpt>
      <trkpt lat="26.8618580" lon="75.8035377">
        <time>2024-03-12T20:11:36Z</time>
      </trkpt>
      <trkpt lat="26.8616507" lon="75.8037022">
        <time>2024-03-12T20:11:37Z</time>
      </trkpt>
      <trkpt lat="26.8614439" lon="75.8038651">
        <time>2024-03-12T20:11:38Z</time>
      </trkpt>
      <trkpt lat="26.8612336" lon="75.8040263">
        <time>2024-03-12T20:11:39Z</time>
      </trkpt>
      <trkpt lat="26.8610245" lon="75.8041909">
        <time>2024-03-12T20:11:40Z</time>
      </trkpt>
      <trkpt lat="26.8608159" lon="75.8043517">
        <time>2024-03-12T20:11:41Z</time>
      </trkpt>
      <trkpt lat="26.8606010" lon="75.8045156">
        <time>2024-03-12T20:11:42Z</time>
      </trkpt>
      <trkpt lat="26.8603930" lon="75.8046816">
        <time>2024-03-12T20:11:43Z</time>
      </trkpt>
      <trkpt lat="26.8601793" lon="75.8048410">
        <time>2024-03-12T20:11:44Z</time>
      </trkpt>
      <trkpt lat="26.8599690" lon="75.8050058">
        <time>2024-03-12T20:11:45Z</time>
      </trkpt>
      <trkpt lat="26.8597545" lon="75.8051706">
        <time>2024-03-12T20:11:46Z</time>
      </trkpt>
      <trkpt lat="26.8595419" lon="75.8053343">
        <time>2024-03-12T20:11:47Z</time>
      </trkpt>
      <trkpt lat="26.8593280" lon="75.8054997">
        <time>2024-03-12T20:11:48Z</time>
      </trkpt>
      <trkpt lat="26.8591130" lon="75.8056649">
        <time>2024-03-12T20:11:49Z</time>
      </trkpt>
      <trkpt lat="26.8588968" lon="75.8058326">
        <time>2024-03-12T20:11:50Z</time>
      </trkpt>
      <trkpt lat="26.8586767" lon="75.8060036">
        <time>2024-03-12T20:11:51Z</time>
      </trkpt>
      <trkpt lat="26.8584559" lon="75.8061718">
        <time>2024-03-12T20:11:52Z</time>
      </trkpt>
      <trkpt lat="26.8582391" lon="75.8063409">
        <time>2024-03-12T20:11:53Z</time>
      </trkpt>
      <trkpt lat="26.8580144" lon="75.8065097">
        <time>2024-03-12T20:11:54Z</time>
      </trkpt>
      <trkpt lat="26.8577907" lon="75.8066749">
        <time>2024-03-12T20:11:55Z</time>
      </trkpt>
      <trkpt lat="26.8575712" lon="75.8068434">
        <time>2024-03-12T20:11:56Z</time>
      </trkpt>
      <trkpt lat="26.8573512" lon="75.8070058">
        <time>2024-03-12T20:11:57Z</time>
      </trkpt>
      <trkpt lat="26.8571278" lon="75.8071672">
        <time>2024-03-12T20:11:58Z</time>
      </trkpt>
      <trkpt lat="26.8569075" lon="75.8073311">
        <time>2024-03-12T20:11:59Z</time>
      </trkpt>
      <trkpt lat="26.8566876" lon="75.8074974">
        <time>2024-03-12T20:12:00Z</time>
      </trkpt>
      <trkpt lat="26.8564666" lon="75.8076646">
        <time>2024-03-12T20:12:01Z</time>
      </trkpt>
      <trkpt lat="26.8562437" lon="75.8078348">
        <time>2024-03-12T20:12:02Z</time>
      </trkpt>
      <trkpt lat="26.8560228" lon="75.8080113">
        <time>2024-03-12T20:12:03Z</time>
      </trkpt>
      <trkpt lat="26.8558003" lon="75.8081835">
        <time>2024-03-12T20:12:04Z</time>
      </trkpt>
      <trkpt lat="26.8555815" lon="75.8083573">
        <time>2024-03-12T20:12:05Z</time>
      </trkpt>
      <trkpt lat="26.8553601" lon="75.8085260">
        <time>2024-03-12T20:12:06Z</time>
      </trkpt>
      <trkpt lat="26.8551377" lon="75.8086993">
        <time>2024-03-12T20:12:07Z</time>
      </trkpt>
      <trkpt lat="26.8549158" lon="75.8088694">
        <time>2024-03-12T20:12:08Z</time>
      </trkpt>
      <trkpt lat="26.8546916" lon="75.8090413">
        <time>2024-03-12T20:12:09Z</time>
      </trkpt>
      <trkpt lat="26.8544683" lon="75.8092111">
        <time>2024-03-12T20:12:10Z</time>
      </trkpt>
      <trkpt lat="26.8542485" lon="75.8093834">
        <time>2024-03-12T20:12:11Z</time>
      </trkpt>
      <trkpt lat="26.8540223" lon="75.8095574">
        <time>2024-03-12T20:12:12Z</time>
      </trkpt>
      <trkpt lat="26.8537973" lon="75.8097307">
        <time>2024-03-12T20:12:13Z</time>
      </trkpt>
      <trkpt lat="26.8535735" lon="75.8099025">
        <time>2024-03-12T20:12:14Z</time>
      </trkpt>
      <trkpt lat="26.8533520" lon="75.8100771">
        <time>2024-03-12T20:12:15Z</time>
      </trkpt>
      <trkpt lat="26.8531214" lon="75.8102493">
        <time>2024-03-12T20:12:16Z</time>
      </trkpt>
      <trkpt lat="26.8528960" lon="75.8104251">
        <time>2024-03-12T20:12:17Z</time>
      </trkpt>
      <trkpt lat="26.8526767" lon="75.8105993">
        <time>2024-03-12T20:12:18Z</time>
      </trkpt>
      <trkpt lat="26.8524529" lon="75.8107724">
        <time>2024-03-12T20:12:19Z</time>
      </trkpt>
      <trkpt lat="26.8522259" lon="75.8109450">
        <time>2024-03-12T20:12:20Z</time>
      </trkpt>
      <trkpt lat="26.8519985" lon="75.8111179">
        <time>2024-03-12T20:12:21Z</time>
      </trkpt>
      <trkpt lat="26.8517691" lon="75.8112891">
        <time>2024-03-12T20:12:22Z</time>
      </trkpt>
      <trkpt lat="26.8515417" lon="75.8114672">
        <time>2024-03-12T20:12:23Z</time>
      </trkpt>
      <trkpt lat="26.8513149" lon="75.8116448">
        <time>2024-03-12T20:12:24Z</time>
      </trkpt>
      <trkpt lat="26.8510892" lon="75.8118202">
        <time>2024-03-12T20:12:25Z</time>
      </trkpt>
      <trkpt lat="26.8508601" lon="75.8119943">
        <time>2024-03-12T20:12:26Z</time>
      </trkpt>
      <trkpt lat="26.8506341" lon="75.8121736">
        <time>2024-03-12T20:12:27Z</time>
      </trkpt>
      <trkpt lat="26.8504081" lon="75.8123509">
        <time>2024-03-12T20:12:28Z</time>
      </trkpt>
      <trkpt lat="26.8501788" lon="75.8125246">
        <time>2024-03-12T20:12:29Z</time>
      </trkpt>
      <trkpt lat="26.8499525" lon="75.8127005">
        <time>2024-03-12T20:12:30Z</time>
      </trkpt>
      <trkpt lat="26.8497249" lon="75.8128753">
        <time>2024-03-12T20:12:31Z</time>
      </trkpt>
      <trkpt lat="26.8494988" lon="75.8130524">
        <time>2024-03-12T20:12:32Z</time>
      </trkpt>
      <trkpt lat="26.8492712" lon="75.8132245">
        <time>2024-03-12T20:12:33Z</time>
      </trkpt>
      <trkpt lat="26.8490473" lon="75.8134016">
        <time>2024-03-12T20:12:34Z</time>
      </trkpt>
      <trkpt lat="26.8488197" lon="75.8135719">
        <time>2024-03-12T20:12:35Z</time>
      </trkpt>
      <trkpt lat="26.8485968" lon="75.8137486">
        <time>2024-03-12T20:12:36Z</time>
      </trkpt>
      <trkpt lat="26.8483705" lon="75.8139252">
        <time>2024-03-12T20:12:37Z</time>
      </trkpt>
      <trkpt lat="26.8481432" lon="75.8141010">
        <time>2024-03-12T20:12:38Z</time>
      </trkpt>
      <trkpt lat="26.8479211" lon="75.8142759">
        <time>2024-03-12T20:12:39Z</time>
      </trkpt>
      <trkpt lat="26.8476963" lon="75.8144489">
        <time>2024-03-12T20:12:40Z</time>
      </trkpt>
      <trkpt lat="26.8474697" lon="75.8146262">
        <time>2024-03-12T20:12:41Z</time>
      </trkpt>
      <trkpt lat="26.8472444" lon="75.8147967">
        <time>2024-03-12T20:12:42Z</time>
      </trkpt>
      <trkpt lat="26.8470232" lon="75.8149671">
        <time>2024-03-12T20:12:43Z</time>
      </trkpt>
      <trkpt lat="26.8468021" lon="75.8151323">
        <time>2024-03-12T20:12:44Z</time>
      </trkpt>
      <trkpt lat="26.8465783" lon="75.8153049">
        <time>2024-03-12T20:12:45Z</time>
      </trkpt>
      <trkpt lat="26.8463544" lon="75.8154753">
        <time>2024-03-12T20:12:46Z</time>
      </trkpt>
      <trkpt lat="26.8461281" lon="75.8156423">
        <time>2024-03-12T20:12:47Z</time>
      </trkpt>
      <trkpt lat="26.8459068" lon="75.8158171">
        <time>2024-03-12T20:12:48Z</time>
      </trkpt>
      <trkpt lat="26.8456866" lon="75.8159830">
        <time>2024-03-12T20:12:49Z</time>
      </trkpt>
      <trkpt lat="26.8454676" lon="75.8161518">
        <time>2024-03-12T20:12:50Z</time>
      </trkpt>
      <trkpt lat="26.8452448" lon="75.8163177">
        <time>2024-03-12T20:12:51Z</time>
      </trkpt>
      <trkpt lat="26.8450244" lon="75.8164855">
        <time>2024-03-12T20:12:52Z</time>
      </trkpt>
      <trkpt lat="26.8448086" lon="75.8166571">
        <time>2024-03-12T20:12:53Z</time>
      </trkpt>
      <trkpt lat="26.8445890" lon="75.8168316">
        <time>2024-03-12T20:12:54Z</time>
      </trkpt>
      <trkpt lat="26.8443769" lon="75.8170083">
        <time>2024-03-12T20:12:55Z</time>
      </trkpt>
      <trkpt lat="26.8441672" lon="75.8171934">
        <time>2024-03-12T20:12:56Z</time>
      </trkpt>
      <trkpt lat="26.8439610" lon="75.8173848">
        <time>2024-03-12T20:12:57Z</time>
      </trkpt>
      <trkpt lat="26.8437643" lon="75.8175883">
        <time>2024-03-12T20:12:58Z</time>
      </trkpt>
      <trkpt lat="26.8435715" lon="75.8178001">
        <time>2024-03-12T20:12:59Z</time>
      </trkpt>
      <trkpt lat="26.8433854" lon="75.8180195">
        <time>2024-03-12T20:13:00Z</time>
      </trkpt>
      <trkpt lat="26.8432094" lon="75.8182434">
        <time>2024-03-12T20:13:01Z</time>
      </trkpt>
      <trkpt lat="26.8430351" lon="75.8184778">
        <time>2024-03-12T20:13:02Z</time>
      </trkpt>
      <trkpt lat="26.8428706" lon="75.8187204">
        <time>2024-03-12T20:13:03Z</time>
      </trkpt>
      <trkpt lat="26.8427132" lon="75.8189661">
        <time>2024-03-12T20:13:04Z</time>
      </trkpt>
      <trkpt lat="26.8425626" lon="75.8192154">
        <time>2024-03-12T20:13:05Z</time>
      </trkpt>
      <trkpt lat="26.8424166" lon="75.8194734">
        <time>2024-03-12T20:13:06Z</time>
      </trkpt>
      <trkpt lat="26.8422790" lon="75.8197370">
        <time>2024-03-12T20:13:07Z</time>
      </trkpt>
      <trkpt lat="26.8421547" lon="75.8200048">
        <time>2024-03-12T20:13:08Z</time>
      </trkpt>
      <trkpt lat="26.8420286" lon="75.8202732">
        <time>2024-03-12T20:13:09Z</time>
      </trkpt>
      <trkpt lat="26.8419100" lon="75.8205428">
        <time>2024-03-12T20:13:10Z</time>
      </trkpt>
      <trkpt lat="26.8417894" lon="75.8208139">
        <time>2024-03-12T20:13:11Z</time>
      </trkpt>
      <trkpt lat="26.8416636" lon="75.8210810">
        <time>2024-03-12T20:13:12Z</time>
      </trkpt>
      <trkpt lat="26.8415430" lon="75.8213469">
        <time>2024-03-12T20:13:13Z</time>
      </trkpt>
      <trkpt lat="26.8414242" lon="75.8216070">
        <time>2024-03-12T20:13:14Z</time>
      </trkpt>
      <trkpt lat="26.8413069" lon="75.8218713">
        <time>2024-03-12T20:13:15Z</time>
      </trkpt>
      <trkpt lat="26.8411912" lon="75.8221324">
        <time>2024-03-12T20:13:16Z</time>
      </trkpt>
      <trkpt lat="26.8410724" lon="75.8223903">
        <time>2024-03-12T20:13:17Z</time>
      </trkpt>
      <trkpt lat="26.8409551" lon="75.8226458">
        <time>2024-03-12T20:13:18Z</time>
      </trkpt>
      <trkpt lat="26.8408405" lon="75.8228972">
        <time>2024-03-12T20:13:19Z</time>
      </trkpt>
      <trkpt lat="26.8407266" lon="75.8231448">
        <time>2024-03-12T20:13:20Z</time>
      </trkpt>
      <trkpt lat="26.8406207" lon="75.8233897">
        <time>2024-03-12T20:13:21Z</time>
      </trkpt>
      <trkpt lat="26.8405168" lon="75.8236371">
        <time>2024-03-12T20:13:22Z</time>
      </trkpt>
      <trkpt lat="26.8404181" lon="75.8238800">
        <time>2024-03-12T20:13:23Z</time>
      </trkpt>
      <trkpt lat="26.8403174" lon="75.8241195">
        <time>2024-03-12T20:13:24Z</time>
      </trkpt>
      <trkpt lat="26.8402246" lon="75.8243537">
        <time>2024-03-12T20:13:25Z</time>
      </trkpt>
      <trkpt lat="26.8401305" lon="75.8245840">
        <time>2024-03-12T20:13:26Z</time>
      </trkpt>
      <trkpt lat="26.8400400" lon="75.8248070">
        <time>2024-03-12T20:13:27Z</time>
      </trkpt>
      <trkpt lat="26.8399490" lon="75.8250244">
        <time>2024-03-12T20:13:28Z</time>
      </trkpt>
      <trkpt lat="26.8398537" lon="75.8252372">
        <time>2024-03-12T20:13:29Z</time>
      </trkpt>
      <trkpt lat="26.8397608" lon="75.8254444">
        <time>2024-03-12T20:13:30Z</time>
      </trkpt>
      <trkpt lat="26.8396664" lon="75.8256492">
        <time>2024-03-12T20:13:31Z</time>
      </trkpt>
      <trkpt lat="26.8395730" lon="75.8258484">
        <time>2024-03-12T20:13:32Z</time>
      </trkpt>
      <trkpt lat="26.8394774" lon="75.8260451">
        <time>2024-03-12T20:13:33Z</time>
      </trkpt>
      <trkpt lat="26.8393847" lon="75.8262450">
        <time>2024-03-12T20:13:34Z</time>
      </trkpt>
      <trkpt lat="26.8392972" lon="75.8264417">
        <time>2024-03-12T20:13:35Z</time>
      </trkpt>
      <trkpt lat="26.8392076" lon="75.8266321">
        <time>2024-03-12T20:13:36Z</time>
      </trkpt>
      <trkpt lat="26.8391176" lon="75.8268179">
        <time>2024-03-12T20:13:37Z</time>
      </trkpt>
      <trkpt lat="26.8390260" lon="75.8270059">
        <time>2024-03-12T20:13:38Z</time>
      </trkpt>
      <trkpt lat="26.8389441" lon="75.8271928">
        <time>2024-03-12T20:13:39Z</time>
      </trkpt>
      <trkpt lat="26.8388573" lon="75.8273840">
        <time>2024-03-12T20:13:40Z</time>
      </trkpt>
      <trkpt lat="26.8387766" lon="75.8275742">
        <time>2024-03-12T20:13:41Z</time>
      </trkpt>
      <trkpt lat="26.8386911" lon="75.8277582">
        <time>2024-03-12T20:13:42Z</time>
      </trkpt>
      <trkpt lat="26.8386062" lon="75.8279431">
        <time>2024-03-12T20:13:43Z</time>
      </trkpt>
      <trkpt lat="26.8385205" lon="75.8281273">
        <time>2024-03-12T20:13:44Z</time>
      </trkpt>
      <trkpt lat="26.8384315" lon="75.8283161">
        <time>2024-03-12T20:13:45Z</time>
      </trkpt>
      <trkpt lat="26.8383462" lon="75.8285025">
        <time>2024-03-12T20:13:46Z</time>
      </trkpt>
      <trkpt lat="26.8382608" lon="75.8286877">
        <time>2024-03-12T20:13:47Z</time>
      </trkpt>
      <trkpt lat="26.8381730" lon="75.8288706">
        <time>2024-03-12T20:13:48Z</time>
      </trkpt>
      <trkpt lat="26.8380876" lon="75.8290608">
        <time>2024-03-12T20:13:49Z</time>
      </trkpt>
      <trkpt lat="26.8380036" lon="75.8292494">
        <time>2024-03-12T20:13:50Z</time>
      </trkpt>
      <trkpt lat="26.8379163" lon="75.8294371">
        <time>2024-03-12T20:13:51Z</time>
      </trkpt>
      <trkpt lat="26.8378313" lon="75.8296242">
        <time>2024-03-12T20:13:52Z</time>
      </trkpt>
      <trkpt lat="26.8377452" lon="75.8298105">
        <time>2024-03-12T20:13:53Z</time>
      </trkpt>
      <trkpt lat="26.8376584" lon="75.8300002">
        <time>2024-03-12T20:13:54Z</time>
      </trkpt>
      <trkpt lat="26.8375692" lon="75.8301897">
        <time>2024-03-12T20:13:55Z</time>
      </trkpt>
      <trkpt lat="26.8374780" lon="75.8303741">
        <time>2024-03-12T20:13:56Z</time>
      </trkpt>
      <trkpt lat="26.8373910" lon="75.8305564">
        <time>2024-03-12T20:13:57Z</time>
      </trkpt>
      <trkpt lat="26.8373042" lon="75.8307439">
        <time>2024-03-12T20:13:58Z</time>
      </trkpt>
      <trkpt lat="26.8372186" lon="75.8309326">
        <time>2024-03-12T20:13:59Z</time>
      </trkpt>
      <trkpt lat="26.8371312" lon="75.8311171">
        <time>2024-03-12T20:14:00Z</time>
      </trkpt>
      <trkpt lat="26.8370439" lon="75.8313085">
        <time>2024-03-12T20:14:01Z</time>
      </trkpt>
      <trkpt lat="26.8369577" lon="75.8314956">
        <time>2024-03-12T20:14:02Z</time>
      </trkpt>
      <trkpt lat="26.8368760" lon="75.8316827">
        <time>2024-03-12T20:14:03Z</time>
      </trkpt>
      <trkpt lat="26.8367840" lon="75.8318723">
        <time>2024-03-12T20:14:04Z</time>
      </trkpt>
      <trkpt lat="26.8366997" lon="75.8320645">
        <time>2024-03-12T20:14:05Z</time>
      </trkpt>
      <trkpt lat="26.8366130" lon="75.8322544">
        <time>2024-03-12T20:14:06Z</time>
      </trkpt>
      <trkpt lat="26.8365282" lon="75.8324416">
        <time>2024-03-12T20:14:07Z</time>
      </trkpt>
      <trkpt lat="26.8364440" lon="75.8326296">
        <time>2024-03-12T20:14:08Z</time>
      </trkpt>
      <trkpt lat="26.8363564" lon="75.8328181">
        <time>2024-03-12T20:14:09Z</time>
      </trkpt>
      <trkpt lat="26.8362704" lon="75.8330049">
        <time>2024-03-12T20:14:10Z</time>
      </trkpt>
      <trkpt lat="26.8361834" lon="75.8331888">
        <time>2024-03-12T20:14:11Z</time>
      </trkpt>
      <trkpt lat="26.8360944" lon="75.8333760">
        <time>2024-03-12T20:14:12Z</time>
      </trkpt>
      <trkpt lat="26.8360094" lon="75.8335640">
        <time>2024-03-12T20:14:13Z</time>
      </trkpt>
      <trkpt lat="26.8359222" lon="75.8337525">
        <time>2024-03-12T20:14:14Z</time>
      </trkpt>
      <trkpt lat="26.8358388" lon="75.8339412">
        <time>2024-03-12T20:14:15Z</time>
      </trkpt>
      <trkpt lat="26.8357524" lon="75.8341328">
        <time>2024-03-12T20:14:16Z</time>
      </trkpt>
      <trkpt lat="26.8356639" lon="75.8343242">
        <time>2024-03-12T20:14:17Z</time>
      </trkpt>
      <trkpt lat="26.8355745" lon="75.8345130">
        <time>2024-03-12T20:14:18Z</time>
      </trkpt>
      <trkpt lat="26.8354900" lon="75.8347039">
        <time>2024-03-12T20:14:19Z</time>
      </trkpt>
      <trkpt lat="26.8354073" lon="75.8348953">
        <time>2024-03-12T20:14:20Z</time>
      </trkpt>
      <trkpt lat="26.8353202" lon="75.8350877">
        <time>2024-03-12T20:14:21Z</time>
      </trkpt>
      <trkpt lat="26.8352351" lon="75.8352834">
        <time>2024-03-12T20:14:22Z</time>
      </trkpt>
      <trkpt lat="26.8351541" lon="75.8354812">
        <time>2024-03-12T20:14:23Z</time>
      </trkpt>
      <trkpt lat="26.8350839" lon="75.8356800">
        <time>2024-03-12T20:14:24Z</time>
      </trkpt>
      <trkpt lat="26.8350167" lon="75.8358869">
        <time>2024-03-12T20:14:25Z</time>
      </trkpt>
      <trkpt lat="26.8349654" lon="75.8360947">
        <time>2024-03-12T20:14:26Z</time>
      </trkpt>
      <trkpt lat="26.8349261" lon="75.8363054">
        <time>2024-03-12T20:14:27Z</time>
      </trkpt>
      <trkpt lat="26.8348870" lon="75.8365066">
        <time>2024-03-12T20:14:28Z</time>
      </trkpt>
      <trkpt lat="26.8348593" lon="75.8367334">
        <time>2024-03-12T20:14:29Z</time>
      </trkpt>
      <trkpt lat="26.8348302" lon="75.8369567">
        <time>2024-03-12T20:14:30Z</time>
      </trkpt>
      <trkpt lat="26.8348174" lon="75.8371642">
        <time>2024-03-12T20:14:31Z</time>
      </trkpt>
      <trkpt lat="26.8348047" lon="75.8373849">
        <time>2024-03-12T20:14:32Z</time>
      </trkpt>
      <trkpt lat="26.8348036" lon="75.8376058">
        <time>2024-03-12T20:14:33Z</time>
      </trkpt>
      <trkpt lat="26.8348017" lon="75.8378232">
        <time>2024-03-12T20:14:34Z</time>
      </trkpt>
      <trkpt lat="26.8348105" lon="75.8380440">
        <time>2024-03-12T20:14:35Z</time>
      </trkpt>
      <trkpt lat="26.8348143" lon="75.8382628">
        <time>2024-03-12T20:14:36Z</time>
      </trkpt>
      <trkpt lat="26.8348199" lon="75.8384860">
        <time>2024-03-12T20:14:37Z</time>
      </trkpt>
      <trkpt lat="26.8348250" lon="75.8387060">
        <time>2024-03-12T20:14:38Z</time>
      </trkpt>
      <trkpt lat="26.8348285" lon="75.8389318">
        <time>2024-03-12T20:14:39Z</time>
      </trkpt>
      <trkpt lat="26.8348350" lon="75.8391506">
        <time>2024-03-12T20:14:40Z</time>
      </trkpt>
      <trkpt lat="26.8348419" lon="75.8393732">
        <time>2024-03-12T20:14:41Z</time>
      </trkpt>
      <trkpt lat="26.8348472" lon="75.8395953">
        <time>2024-03-12T20:14:42Z</time>
      </trkpt>
      <trkpt lat="26.8348526" lon="75.8398196">
        <time>2024-03-12T20:14:43Z</time>
      </trkpt>
      <trkpt lat="26.8348610" lon="75.8400447">
        <time>2024-03-12T20:14:44Z</time>
      </trkpt>
      <trkpt lat="26.8348687" lon="75.8402658">
        <time>2024-03-12T20:14:45Z</time>
      </trkpt>
      <trkpt lat="26.8348736" lon="75.8404891">
        <time>2024-03-12T20:14:46Z</time>
      </trkpt>
      <trkpt lat="26.8348811" lon="75.8407097">
        <time>2024-03-12T20:14:47Z</time>
      </trkpt>
      <trkpt lat="26.8348865" lon="75.8409348">
        <time>2024-03-12T20:14:48Z</time>
      </trkpt>
      <trkpt lat="26.8348893" lon="75.8411597">
        <time>2024-03-12T20:14:49Z</time>
      </trkpt>
      <trkpt lat="26.8348962" lon="75.8413894">
        <time>2024-03-12T20:14:50Z</time>
      </trkpt>
      <trkpt lat="26.8349034" lon="75.8416172">
        <time>2024-03-12T20:14:51Z</time>
      </trkpt>
      <trkpt lat="26.8349082" lon="75.8418440">
        <time>2024-03-12T20:14:52Z</time>
      </trkpt>
      <trkpt lat="26.8349122" lon="75.8420672">
        <time>2024-03-12T20:14:53Z</time>
      </trkpt>
      <trkpt lat="26.8349189" lon="75.8422921">
        <time>2024-03-12T20:14:54Z</time>
      </trkpt>
      <trkpt lat="26.8349206" lon="75.8425183">
        <time>2024-03-12T20:14:55Z</time>
      </trkpt>
      <trkpt lat="26.8349218" lon="75.8427465">
        <time>2024-03-12T20:14:56Z</time>
      </trkpt>
      <trkpt lat="26.8349262" lon="75.8429777">
        <time>2024-03-12T20:14:57Z</time>
      </trkpt>
      <trkpt lat="26.8349299" lon="75.8432062">
        <time>2024-03-12T20:14:58Z</time>
      </trkpt>
      <trkpt lat="26.8349354" lon="75.8434342">
        <time>2024-03-12T20:14:59Z</time>
      </trkpt>
      <trkpt lat="26.8349441" lon="75.8436654">
        <time>2024-03-12T20:15:00Z</time>
      </trkpt>
      <trkpt lat="26.8349454" lon="75.8438976">
        <time>2024-03-12T20:15:01Z</time>
      </trkpt>
      <trkpt lat="26.8349531" lon="75.8441293">
        <time>2024-03-12T20:15:02Z</time>
      </trkpt>
      <trkpt lat="26.8349610" lon="75.8443656">
        <time>2024-03-12T20:15:03Z</time>
      </trkpt>
      <trkpt lat="26.8349628" lon="75.8446021">
        <time>2024-03-12T20:15:04Z</time>
      </trkpt>
      <trkpt lat="26.8349704" lon="75.8448342">
        <time>2024-03-12T20:15:05Z</time>
      </trkpt>
      <trkpt lat="26.8349760" lon="75.8450660">
        <time>2024-03-12T20:15:06Z</time>
      </trkpt>
      <trkpt lat="26.8349818" lon="75.8453004">
        <time>2024-03-12T20:15:07Z</time>
      </trkpt>
      <trkpt lat="26.8349880" lon="75.8455350">
        <time>2024-03-12T20:15:08Z</time>
      </trkpt>
      <trkpt lat="26.8349934" lon="75.8457716">
        <time>2024-03-12T20:15:09Z</time>
      </trkpt>
      <trkpt lat="26.8349994" lon="75.8460087">
        <time>2024-03-12T20:15:10Z</time>
      </trkpt>
      <trkpt lat="26.8350083" lon="75.8462501">
        <time>2024-03-12T20:15:11Z</time>
      </trkpt>
      <trkpt lat="26.8350138" lon="75.8464880">
        <time>2024-03-12T20:15:12Z</time>
      </trkpt>
      <trkpt lat="26.8350174" lon="75.8467263">
        <time>2024-03-12T20:15:13Z</time>
      </trkpt>
      <trkpt lat="26.8350240" lon="75.8469678">
        <time>2024-03-12T20:15:14Z</time>
      </trkpt>
      <trkpt lat="26.8350283" lon="75.8472094">
        <time>2024-03-12T20:15:15Z</time>
      </trkpt>
      <trkpt lat="26.8350295" lon="75.8474444">
        <time>2024-03-12T20:15:16Z</time>
      </trkpt>
      <trkpt lat="26.8350356" lon="75.8476895">
        <time>2024-03-12T20:15:17Z</time>
      </trkpt>
      <trkpt lat="26.8350398" lon="75.8479341">
        <time>2024-03-12T20:15:18Z</time>
      </trkpt>
      <trkpt lat="26.8350449" lon="75.8481774">
        <time>2024-03-12T20:15:19Z</time>
      </trkpt>
      <trkpt lat="26.8350509" lon="75.8484213">
        <time>2024-03-12T20:15:20Z</time>
      </trkpt>
      <trkpt lat="26.8350560" lon="75.8486680">
        <time>2024-03-12T20:15:21Z</time>
      </trkpt>
      <trkpt lat="26.8350655" lon="75.8489095">
        <time>2024-03-12T20:15:22Z</time>
      </trkpt>
      <trkpt lat="26.8350703" lon="75.8491579">
        <time>2024-03-12T20:15:23Z</time>
      </trkpt>
      <trkpt lat="26.8350746" lon="75.8494059">
        <time>2024-03-12T20:15:24Z</time>
      </trkpt>
      <trkpt lat="26.8350817" lon="75.8496533">
        <time>2024-03-12T20:15:25Z</time>
      </trkpt>
      <trkpt lat="26.8350864" lon="75.8499032">
        <time>2024-03-12T20:15:26Z</time>
      </trkpt>
      <trkpt lat="26.8350884" lon="75.8501546">
        <time>2024-03-12T20:15:27Z</time>
      </trkpt>
      <trkpt lat="26.8350951" lon="75.8504023">
        <time>2024-03-12T20:15:28Z</time>
      </trkpt>
      <trkpt lat="26.8351061" lon="75.8506542">
        <time>2024-03-12T20:15:29Z</time>
      </trkpt>
      <trkpt lat="26.8351100" lon="75.8509076">
        <time>2024-03-12T20:15:30Z</time>
      </trkpt>
      <trkpt lat="26.8351137" lon="75.8511607">
        <time>2024-03-12T20:15:31Z</time>
      </trkpt>
      <trkpt lat="26.8351191" lon="75.8514164">
        <time>2024-03-12T20:15:32Z</time>
      </trkpt>
      <trkpt lat="26.8351261" lon="75.8516720">
        <time>2024-03-12T20:15:33Z</time>
      </trkpt>
      <trkpt lat="26.8351295" lon="75.8519253">
        <time>2024-03-12T20:15:34Z</time>
      </trkpt>
      <trkpt lat="26.8351352" lon="75.8521817">
        <time>2024-03-12T20:15:35Z</time>
      </trkpt>
      <trkpt lat="26.8351438" lon="75.8524350">
        <time>2024-03-12T20:15:36Z</time>
      </trkpt>
      <trkpt lat="26.8351479" lon="75.8526914">
        <time>2024-03-12T20:15:37Z</time>
      </trkpt>
      <trkpt lat="26.8351547" lon="75.8529498">
        <time>2024-03-12T20:15:38Z</time>
      </trkpt>
      <trkpt lat="26.8351669" lon="75.8532131">
        <time>2024-03-12T20:15:39Z</time>
      </trkpt>
      <trkpt lat="26.8351702" lon="75.8534736">
        <time>2024-03-12T20:15:40Z</time>
      </trkpt>
      <trkpt lat="26.8351768" lon="75.8537360">
        <time>2024-03-12T20:15:41Z</time>
      </trkpt>
      <trkpt lat="26.8351839" lon="75.8539986">
        <time>2024-03-12T20:15:42Z</time>
      </trkpt>
      <trkpt lat="26.8351878" lon="75.8542598">
        <time>2024-03-12T20:15:43Z</time>
      </trkpt>
      <trkpt lat="26.8351914" lon="75.8545217">
        <time>2024-03-12T20:15:44Z</time>
      </trkpt>
      <trkpt lat="26.8352004" lon="75.8547840">
        <time>2024-03-12T20:15:45Z</time>
      </trkpt>
      <trkpt lat="26.8352079" lon="75.8550513">
        <time>2024-03-12T20:15:46Z</time>
      </trkpt>
      <trkpt lat="26.8352150" lon="75.8553176">
        <time>2024-03-12T20:15:47Z</time>
      </trkpt>
      <trkpt lat="26.8352211" lon="75.8555841">
        <time>2024-03-12T20:15:48Z</time>
      </trkpt>
      <trkpt lat="26.8352274" lon="75.8558519">
        <time>2024-03-12T20:15:49Z</time>
      </trkpt>
      <trkpt lat="26.8352287" lon="75.8561213">
        <time>2024-03-12T20:15:50Z</time>
      </trkpt>
      <trkpt lat="26.8352311" lon="75.8563858">
        <time>2024-03-12T20:15:51Z</time>
      </trkpt>
      <trkpt lat="26.8352343" lon="75.8566574">
        <time>2024-03-12T20:15:52Z</time>
      </trkpt>
      <trkpt lat="26.8352418" lon="75.8569280">
        <time>2024-03-12T20:15:53Z</time>
      </trkpt>
      <trkpt lat="26.8352469" lon="75.8571988">
        <time>2024-03-12T20:15:54Z</time>
      </trkpt>
      <trkpt lat="26.8352524" lon="75.8574723">
        <time>2024-03-12T20:15:55Z</time>
      </trkpt>
      <trkpt lat="26.8352596" lon="75.8577456">
        <time>2024-03-12T20:15:56Z</time>
      </trkpt>
      <trkpt lat="26.8352720" lon="75.8580188">
        <time>2024-03-12T20:15:57Z</time>
      </trkpt>
      <trkpt lat="26.8352778" lon="75.8582949">
        <time>2024-03-12T20:15:58Z</time>
      </trkpt>
      <trkpt lat="26.8352822" lon="75.8585720">
        <time>2024-03-12T20:15:59Z</time>
      </trkpt>
      <trkpt lat="26.8352883" lon="75.8588522">
        <time>2024-03-12T20:16:00Z</time>
      </trkpt>
      <trkpt lat="26.8352898" lon="75.8591286">
        <time>2024-03-12T20:16:01Z</time>
      </trkpt>
      <trkpt lat="26.8353004" lon="75.8594046">
        <time>2024-03-12T20:16:02Z</time>
      </trkpt>
      <trkpt lat="26.8353079" lon="75.8596860">
        <time>2024-03-12T20:16:03Z</time>
      </trkpt>
      <trkpt lat="26.8353153" lon="75.8599658">
        <time>2024-03-12T20:16:04Z</time>
      </trkpt>
      <trkpt lat="26.8353222" lon="75.8602483">
        <time>2024-03-12T20:16:05Z</time>
      </trkpt>
      <trkpt lat="26.8353292" lon="75.8605286">
        <time>2024-03-12T20:16:06Z</time>
      </trkpt>
      <trkpt lat="26.8353318" lon="75.8608084">
        <time>2024-03-12T20:16:07Z</time>
      </trkpt>
      <trkpt lat="26.8353385" lon="75.8610913">
        <time>2024-03-12T20:16:08Z</time>
      </trkpt>
      <trkpt lat="26.8353428" lon="75.8613727">
        <time>2024-03-12T20:16:09Z</time>
      </trkpt>
      <trkpt lat="26.8353478" lon="75.8616562">
        <time>2024-03-12T20:16:10Z</time>
      </trkpt>
      <trkpt lat="26.8353512" lon="75.8619402">
        <time>2024-03-12T20:16:11Z</time>
      </trkpt>
      <trkpt lat="26.8353567" lon="75.8622231">
        <time>2024-03-12T20:16:12Z</time>
      </trkpt>
      <trkpt lat="26.8353631" lon="75.8625092">
        <time>2024-03-12T20:16:13Z</time>
      </trkpt>
      <trkpt lat="26.8353684" lon="75.8627918">
        <time>2024-03-12T20:16:14Z</time>
      </trkpt>
      <trkpt lat="26.8353727" lon="75.8630746">
        <time>2024-03-12T20:16:15Z</time>
      </trkpt>
      <trkpt lat="26.8353853" lon="75.8633594">
        <time>2024-03-12T20:16:16Z</time>
      </trkpt>
      <trkpt lat="26.8353953" lon="75.8636458">
        <time>2024-03-12T20:16:17Z</time>
      </trkpt>
      <trkpt lat="26.8353988" lon="75.8639304">
        <time>2024-03-12T20:16:18Z</time>
      </trkpt>
      <trkpt lat="26.8354038" lon="75.8642195">
        <time>2024-03-12T20:16:19Z</time>
      </trkpt>
      <trkpt lat="26.8354100" lon="75.8645050">
        <time>2024-03-12T20:16:20Z</time>
      </trkpt>
      <trkpt lat="26.8354165" lon="75.8647896">
        <time>2024-03-12T20:16:21Z</time>
      </trkpt>
      <trkpt lat="26.8354223" lon="75.8650781">
        <time>2024-03-12T20:16:22Z</time>
      </trkpt>
      <trkpt lat="26.8354305" lon="75.8653648">
        <time>2024-03-12T20:16:23Z</time>
      </trkpt>
      <trkpt lat="26.8354380" lon="75.8656522">
        <time>2024-03-12T20:16:24Z</time>
      </trkpt>
      <trkpt lat="26.8354435" lon="75.8659390">
        <time>2024-03-12T20:16:25Z</time>
      </trkpt>
      <trkpt lat="26.8354498" lon="75.8662246">
        <time>2024-03-12T20:16:26Z</time>
      </trkpt>
      <trkpt lat="26.8354549" lon="75.8665141">
        <time>2024-03-12T20:16:27Z</time>
      </trkpt>
      <trkpt lat="26.8354618" lon="75.8667980">
        <time>2024-03-12T20:16:28Z</time>
      </trkpt>
      <trkpt lat="26.8354686" lon="75.8670854">
        <time>2024-03-12T20:16:29Z</time>
      </trkpt>
      <trkpt lat="26.8354751" lon="75.8673722">
        <time>2024-03-12T20:16:30Z</time>
      </trkpt>
      <trkpt lat="26.8354805" lon="75.8676619">
        <time>2024-03-12T20:16:31Z</time>
      </trkpt>
      <trkpt lat="26.8354907" lon="75.8679490">
        <time>2024-03-12T20:16:32Z</time>
      </trkpt>
      <trkpt lat="26.8354948" lon="75.8682391">
        <time>2024-03-12T20:16:33Z</time>
      </trkpt>
      <trkpt lat="26.8354995" lon="75.8685240">
        <time>2024-03-12T20:16:34Z</time>
      </trkpt>
      <trkpt lat="26.8355076" lon="75.8688126">
        <time>2024-03-12T20:16:35Z</time>
      </trkpt>
      <trkpt lat="26.8355102" lon="75.8691017">
        <time>2024-03-12T20:16:36Z</time>
      </trkpt>
      <trkpt lat="26.8355148" lon="75.8693880">
        <time>2024-03-12T20:16:37Z</time>
      </trkpt>
      <trkpt lat="26.8355205" lon="75.8696779">
        <time>2024-03-12T20:16:38Z</time>
      </trkpt>
      <trkpt lat="26.8355245" lon="75.8699662">
        <time>2024-03-12T20:16:39Z</time>
      </trkpt>
      <trkpt lat="26.8355296" lon="75.8702535">
        <time>2024-03-12T20:16:40Z</time>
      </trkpt>
      <trkpt lat="26.8355412" lon="75.8705452">
        <time>2024-03-12T20:16:41Z</time>
      </trkpt>
      <trkpt lat="26.8355439" lon="75.8708315">
        <time>2024-03-12T20:16:42Z</time>
      </trkpt>
      <trkpt lat="26.8355488" lon="75.8711199">
        <time>2024-03-12T20:16:43Z</time>
      </trkpt>
      <trkpt lat="26.8355553" lon="75.8714090">
        <time>2024-03-12T20:16:44Z</time>
      </trkpt>
      <trkpt lat="26.8355637" lon="75.8717000">
        <time>2024-03-12T20:16:45Z</time>
      </trkpt>
      <trkpt lat="26.8355742" lon="75.8719912">
        <time>2024-03-12T20:16:46Z</time>
      </trkpt>
      <trkpt lat="26.8355804" lon="75.8722813">
        <time>2024-03-12T20:16:47Z</time>
      </trkpt>
      <trkpt lat="26.8355850" lon="75.8725702">
        <time>2024-03-12T20:16:48Z</time>
      </trkpt>
      <trkpt lat="26.8355923" lon="75.8728571">
        <time>2024-03-12T20:16:49Z</time>
      </trkpt>
      <trkpt lat="26.8355983" lon="75.8731434">
        <time>2024-03-12T20:16:50Z</time>
      </trkpt>
      <trkpt lat="26.8356092" lon="75.8734307">
        <time>2024-03-12T20:16:51Z</time>
      </trkpt>
      <trkpt lat="26.8356112" lon="75.8737152">
        <time>2024-03-12T20:16:52Z</time>
      </trkpt>
      <trkpt lat="26.8356175" lon="75.8740017">
        <time>2024-03-12T20:16:53Z</time>
      </trkpt>
      <trkpt lat="26.8356227" lon="75.8742836">
        <time>2024-03-12T20:16:54Z</time>
      </trkpt>
      <trkpt lat="26.8356300" lon="75.8745692">
        <time>2024-03-12T20:16:55Z</time>
      </trkpt>
      <trkpt lat="26.8356368" lon="75.8748508">
        <time>2024-03-12T20:16:56Z</time>
      </trkpt>
      <trkpt lat="26.8356446" lon="75.8751329">
        <time>2024-03-12T20:16:57Z</time>
      </trkpt>
      <trkpt lat="26.8356507" lon="75.8754170">
        <time>2024-03-12T20:16:58Z</time>
      </trkpt>
      <trkpt lat="26.8356554" lon="75.8756984">
        <time>2024-03-12T20:16:59Z</time>
      </trkpt>
      <trkpt lat="26.8356600" lon="75.8759775">
        <time>2024-03-12T20:17:00Z</time>
      </trkpt>
      <trkpt lat="26.8356679" lon="75.8762562">
        <time>2024-03-12T20:17:01Z</time>
      </trkpt>
      <trkpt lat="26.8356779" lon="75.8765361">
        <time>2024-03-12T20:17:02Z</time>
      </trkpt>
      <trkpt lat="26.8356828" lon="75.8768159">
        <time>2024-03-12T20:17:03Z</time>
      </trkpt>
      <trkpt lat="26.8356909" lon="75.8770893">
        <time>2024-03-12T20:17:04Z</time>
      </trkpt>
      <trkpt lat="26.8356929" lon="75.8773671">
        <time>2024-03-12T20:17:05Z</time>
      </trkpt>
      <trkpt lat="26.8357003" lon="75.8776399">
        <time>2024-03-12T20:17:06Z</time>
      </trkpt>
      <trkpt lat="26.8357052" lon="75.8779132">
        <time>2024-03-12T20:17:07Z</time>
      </trkpt>
      <trkpt lat="26.8357118" lon="75.8781842">
        <time>2024-03-12T20:17:08Z</time>
      </trkpt>
      <trkpt lat="26.8357198" lon="75.8784504">
        <time>2024-03-12T20:17:09Z</time>
      </trkpt>
      <trkpt lat="26.8357280" lon="75.8787182">
        <time>2024-03-12T20:17:10Z</time>
      </trkpt>
      <trkpt lat="26.8357355" lon="75.8789840">
        <time>2024-03-12T20:17:11Z</time>
      </trkpt>
      <trkpt lat="26.8357422" lon="75.8792466">
        <time>2024-03-12T20:17:12Z</time>
      </trkpt>
      <trkpt lat="26.8357450" lon="75.8795022">
        <time>2024-03-12T20:17:13Z</time>
      </trkpt>
      <trkpt lat="26.8357510" lon="75.8797560">
        <time>2024-03-12T20:17:14Z</time>
      </trkpt>
      <trkpt lat="26.8357574" lon="75.8800069">
        <time>2024-03-12T20:17:15Z</time>
      </trkpt>
      <trkpt lat="26.8357602" lon="75.8802473">
        <time>2024-03-12T20:17:16Z</time>
      </trkpt>
      <trkpt lat="26.8357668" lon="75.8804912">
        <time>2024-03-12T20:17:17Z</time>
      </trkpt>
      <trkpt lat="26.8357727" lon="75.8807254">
        <time>2024-03-12T20:17:18Z</time>
      </trkpt>
      <trkpt lat="26.8357764" lon="75.8809604">
        <time>2024-03-12T20:17:19Z</time>
      </trkpt>
      <trkpt lat="26.8357819" lon="75.8811858">
        <time>2024-03-12T20:17:20Z</time>
      </trkpt>
      <trkpt lat="26.8357896" lon="75.8814079">
        <time>2024-03-12T20:17:21Z</time>
      </trkpt>
      <trkpt lat="26.8357919" lon="75.8816244">
        <time>2024-03-12T20:17:22Z</time>
      </trkpt>
      <trkpt lat="26.8357971" lon="75.8818370">
        <time>2024-03-12T20:17:23Z</time>
      </trkpt>
      <trkpt lat="26.8357991" lon="75.8820401">
        <time>2024-03-12T20:17:24Z</time>
      </trkpt>
      <trkpt lat="26.8358054" lon="75.8822390">
        <time>2024-03-12T20:17:25Z</time>
      </trkpt>
      <trkpt lat="26.8358094" lon="75.8824328">
        <time>2024-03-12T20:17:26Z</time>
      </trkpt>
      <trkpt lat="26.8358148" lon="75.8826245">
        <time>2024-03-12T20:17:27Z</time>
      </trkpt>
      <trkpt lat="26.8358191" lon="75.8828102">
        <time>2024-03-12T20:17:28Z</time>
      </trkpt>
      <trkpt lat="26.8358204" lon="75.8829849">
        <time>2024-03-12T20:17:29Z</time>
      </trkpt>
      <trkpt lat="26.8358251" lon="75.8831552">
        <time>2024-03-12T20:17:30Z</time>
      </trkpt>
      <trkpt lat="26.8358286" lon="75.8833210">
        <time>2024-03-12T20:17:31Z</time>
      </trkpt>
      <trkpt lat="26.8358298" lon="75.8834859">
        <time>2024-03-12T20:17:32Z</time>
      </trkpt>
      <trkpt lat="26.8358336" lon="75.8836446">
        <time>2024-03-12T20:17:33Z</time>
      </trkpt>
      <trkpt lat="26.8358368" lon="75.8837996">
        <time>2024-03-12T20:17:34Z</time>
      </trkpt>
      <trkpt lat="26.8358402" lon="75.8839526">
        <time>2024-03-12T20:17:35Z</time>
      </trkpt>
      <trkpt lat="26.8358470" lon="75.8841002">
        <time>2024-03-12T20:17:36Z</time>
      </trkpt>
      <trkpt lat="26.8358511" lon="75.8842498">
        <time>2024-03-12T20:17:37Z</time>
      </trkpt>
      <trkpt lat="26.8358528" lon="75.8843950">
        <time>2024-03-12T20:17:38Z</time>
      </trkpt>
      <trkpt lat="26.8358556" lon="75.8845371">
        <time>2024-03-12T20:17:39Z</time>
      </trkpt>
      <trkpt lat="26.8358563" lon="75.8846758">
        <time>2024-03-12T20:17:40Z</time>
      </trkpt>
      <trkpt lat="26.8358650" lon="75.8848156">
        <time>2024-03-12T20:17:41Z</time>
      </trkpt>
      <trkpt lat="26.8358698" lon="75.8849543">
        <time>2024-03-12T20:17:42Z</time>
      </trkpt>
      <trkpt lat="26.8358739" lon="75.8850929">
        <time>2024-03-12T20:17:43Z</time>
      </trkpt>
      <trkpt lat="26.8358774" lon="75.8852312">
        <time>2024-03-12T20:17:44Z</time>
      </trkpt>
      <trkpt lat="26.8358792" lon="75.8853692">
        <time>2024-03-12T20:17:45Z</time>
      </trkpt>
      <trkpt lat="26.8358825" lon="75.8855036">
        <time>2024-03-12T20:17:46Z</time>
      </trkpt>
      <trkpt lat="26.8358837" lon="75.8856407">
        <time>2024-03-12T20:17:47Z</time>
      </trkpt>
      <trkpt lat="26.8358857" lon="75.8857735">
        <time>2024-03-12T20:17:48Z</time>
      </trkpt>
      <trkpt lat="26.8358867" lon="75.8859058">
        <time>2024-03-12T20:17:49Z</time>
      </trkpt>
      <trkpt lat="26.8358896" lon="75.8860338">
        <time>2024-03-12T20:17:50Z</time>
      </trkpt>
      <trkpt lat="26.8358927" lon="75.8861625">
        <time>2024-03-12T20:17:51Z</time>
      </trkpt>
      <trkpt lat="26.8358927" lon="75.8862866">
        <time>2024-03-12T20:17:52Z</time>
      </trkpt>
      <trkpt lat="26.8358928" lon="75.8864101">
        <time>2024-03-12T20:17:53Z</time>
      </trkpt>
      <trkpt lat="26.8359000" lon="75.8865272">
        <time>2024-03-12T20:17:54Z</time>
      </trkpt>
      <trkpt lat="26.8359028" lon="75.8866446">
        <time>2024-03-12T20:17:55Z</time>
      </trkpt>
      <trkpt lat="26.8359054" lon="75.8867606">
        <time>2024-03-12T20:17:56Z</time>
      </trkpt>
      <trkpt lat="26.8359051" lon="75.8868684">
        <time>2024-03-12T20:17:57Z</time>
      </trkpt>
      <trkpt lat="26.8359068" lon="75.8869701">
        <time>2024-03-12T20:17:58Z</time>
      </trkpt>
      <trkpt lat="26.8359062" lon="75.8870672">
        <time>2024-03-12T20:17:59Z</time>
      </trkpt>
      <trkpt lat="26.8359062" lon="75.8871610">
        <time>2024-03-12T20:18:00Z</time>
      </trkpt>
      <trkpt lat="26.8359073" lon="75.8872536">
        <time>2024-03-12T20:18:01Z</time>
      </trkpt>
      <trkpt lat="26.8359104" lon="75.8873477">
        <time>2024-03-12T20:18:02Z</time>
      </trkpt>
      <trkpt lat="26.8359121" lon="75.8874350">
        <time>2024-03-12T20:18:03Z</time>
      </trkpt>
      <trkpt lat="26.8359123" lon="75.8875213">
        <time>2024-03-12T20:18:04Z</time>
      </trkpt>
      <trkpt lat="26.8359142" lon="75.8876004">
        <time>2024-03-12T20:18:05Z</time>
      </trkpt>
      <trkpt lat="26.8359177" lon="75.8876772">
        <time>2024-03-12T20:18:06Z</time>
      </trkpt>
      <trkpt lat="26.8359202" lon="75.8877525">
        <time>2024-03-12T20:18:07Z</time>
      </trkpt>
      <trkpt lat="26.8359225" lon="75.8878301">
        <time>2024-03-12T20:18:08Z</time>
      </trkpt>
      <trkpt lat="26.8359274" lon="75.8878998">
        <time>2024-03-12T20:18:09Z</time>
      </trkpt>
      <trkpt lat="26.8359284" lon="75.8879680">
        <time>2024-03-12T20:18:10Z</time>
      </trkpt>
      <trkpt lat="26.8359292" lon="75.8880358">
        <time>2024-03-12T20:18:11Z</time>
      </trkpt>
      <trkpt lat="26.8359328" lon="75.8881074">
        <time>2024-03-12T20:18:12Z</time>
      </trkpt>
      <trkpt lat="26.8359353" lon="75.8881748">
        <time>2024-03-12T20:18:13Z</time>
      </trkpt>
      <trkpt lat="26.8359399" lon="75.8882376">
        <time>2024-03-12T20:18:14Z</time>
      </trkpt>
      <trkpt lat="26.8359411" lon="75.8883022">
        <time>2024-03-12T20:18:15Z</time>
      </trkpt>
      <trkpt lat="26.8359433" lon="75.8883664">
        <time>2024-03-12T20:18:16Z</time>
      </trkpt>
      <trkpt lat="26.8359412" lon="75.8884290">
        <time>2024-03-12T20:18:17Z</time>
      </trkpt>
      <trkpt lat="26.8359393" lon="75.8884930">
        <time>2024-03-12T20:18:18Z</time>
      </trkpt>
      <trkpt lat="26.8359418" lon="75.8885577">
        <time>2024-03-12T20:18:19Z</time>
      </trkpt>
      <trkpt lat="26.8359457" lon="75.8886223">
        <time>2024-03-12T20:18:20Z</time>
      </trkpt>
      <trkpt lat="26.8359482" lon="75.8886863">
        <time>2024-03-12T20:18:21Z</time>
      </trkpt>
      <trkpt lat="26.8359549" lon="75.8887514">
        <time>2024-03-12T20:18:22Z</time>
      </trkpt>
      <trkpt lat="26.8359570" lon="75.8888123">
        <time>2024-03-12T20:18:23Z</time>
      </trkpt>
      <trkpt lat="26.8359540" lon="75.8888778">
        <time>2024-03-12T20:18:24Z</time>
      </trkpt>
      <trkpt lat="26.8359544" lon="75.8889424">
        <time>2024-03-12T20:18:25Z</time>
      </trkpt>
      <trkpt lat="26.8359554" lon="75.8890046">
        <time>2024-03-12T20:18:26Z</time>
      </trkpt>
      <trkpt lat="26.8359563" lon="75.8890680">
        <time>2024-03-12T20:18:27Z</time>
      </trkpt>
      <trkpt lat="26.8359552" lon="75.8891310">
        <time>2024-03-12T20:18:28Z</time>
      </trkpt>
      <trkpt lat="26.8359580" lon="75.8891920">
        <time>2024-03-12T20:18:29Z</time>
      </trkpt>
      <trkpt lat="26.8359554" lon="75.8892557">
        <time>2024-03-12T20:18:30Z</time>
      </trkpt>
      <trkpt lat="26.8359568" lon="75.8893170">
        <time>2024-03-12T20:18:31Z</time>
      </trkpt>
      <trkpt lat="26.8359579" lon="75.8893785">
        <time>2024-03-12T20:18:32Z</time>
      </trkpt>
      <trkpt lat="26.8359571" lon="75.8894428">
        <time>2024-03-12T20:18:33Z</time>
      </trkpt>
      <trkpt lat="26.8359590" lon="75.8895056">
        <time>2024-03-12T20:18:34Z</time>
      </trkpt>
      <trkpt lat="26.8359613" lon="75.8895679">
        <time>2024-03-12T20:18:35Z</time>
      </trkpt>
      <trkpt lat="26.8359602" lon="75.8896304">
        <time>2024-03-12T20:18:36Z</time>
      </trkpt>
      <trkpt lat="26.8359625" lon="75.8896895">
        <time>2024-03-12T20:18:37Z</time>
      </trkpt>
      <trkpt lat="26.8359639" lon="75.8897475">
        <time>2024-03-12T20:18:38Z</time>
      </trkpt>
      <trkpt lat="26.8359647" lon="75.8898046">
        <time>2024-03-12T20:18:39Z</time>
      </trkpt>
      <trkpt lat="26.8359637" lon="75.8898624">
        <time>2024-03-12T20:18:40Z</time>
      </trkpt>
      <trkpt lat="26.8359679" lon="75.8899230">
        <time>2024-03-12T20:18:41Z</time>
      </trkpt>
      <trkpt lat="26.8359720" lon="75.8899806">
        <time>2024-03-12T20:18:42Z</time>
      </trkpt>
      <trkpt lat="26.8359708" lon="75.8900361">
        <time>2024-03-12T20:18:43Z</time>
      </trkpt>
      <trkpt lat="26.8359749" lon="75.8900937">
        <time>2024-03-12T20:18:44Z</time>
      </trkpt>
      <trkpt lat="26.8359771" lon="75.8901504">
        <time>2024-03-12T20:18:45Z</time>
      </trkpt>
      <trkpt lat="26.8359786" lon="75.8902110">
        <time>2024-03-12T20:18:46Z</time>
      </trkpt>
      <trkpt lat="26.8359802" lon="75.8902691">
        <time>2024-03-12T20:18:47Z</time>
      </trkpt>
      <trkpt lat="26.8359781" lon="75.8903292">
        <time>2024-03-12T20:18:48Z</time>
      </trkpt>
      <trkpt lat="26.8359787" lon="75.8903867">
        <time>2024-03-12T20:18:49Z</time>
      </trkpt>
      <trkpt lat="26.8359747" lon="75.8904484">
        <time>2024-03-12T20:18:50Z</time>
      </trkpt>
      <trkpt lat="26.8359740" lon="75.8905071">
        <time>2024-03-12T20:18:51Z</time>
      </trkpt>
      <trkpt lat="26.8359741" lon="75.8905681">
        <time>2024-03-12T20:18:52Z</time>
      </trkpt>
      <trkpt lat="26.8359748" lon="75.8906272">
        <time>2024-03-12T20:18:53Z</time>
      </trkpt>
      <trkpt lat="26.8359801" lon="75.8906824">
        <time>2024-03-12T20:18:54Z</time>
      </trkpt>
      <trkpt lat="26.8359815" lon="75.8907389">
        <time>2024-03-12T20:18:55Z</time>
      </trkpt>
      <trkpt lat="26.8359801" lon="75.8907938">
        <time>2024-03-12T20:18:56Z</time>
      </trkpt>
      <trkpt lat="26.8359812" lon="75.8908498">
        <time>2024-03-12T20:18:57Z</time>
      </trkpt>
      <trkpt lat="26.8359838" lon="75.8909024">
        <time>2024-03-12T20:18:58Z</time>
      </trkpt>
      <trkpt lat="26.8359840" lon="75.8909558">
        <time>2024-03-12T20:18:59Z</time>
      </trkpt>
      <trkpt lat="26.8359842" lon="75.8910110">
        <time>2024-03-12T20:19:00Z</time>
      </trkpt>
      <trkpt lat="26.8359814" lon="75.8910693">
        <time>2024-03-12T20:19:01Z</time>
      </trkpt>
      <trkpt lat="26.8359812" lon="75.8911313">
        <time>2024-03-12T20:19:02Z</time>
      </trkpt>
      <trkpt lat="26.8359813" lon="75.8911869">
        <time>2024-03-12T20:19:03Z</time>
      </trkpt>
      <trkpt lat="26.8359816" lon="75.8912414">
        <time>2024-03-12T20:19:04Z</time>
      </trkpt>
      <trkpt lat="26.8359861" lon="75.8913005">
        <time>2024-03-12T20:19:05Z</time>
      </trkpt>
      <trkpt lat="26.8359874" lon="75.8913578">
        <time>2024-03-12T20:19:06Z</time>
      </trkpt>
      <trkpt lat="26.8359890" lon="75.8914173">
        <time>2024-03-12T20:19:07Z</time>
      </trkpt>
      <trkpt lat="26.8359920" lon="75.8914683">
        <time>2024-03-12T20:19:08Z</time>
      </trkpt>
      <trkpt lat="26.8359918" lon="75.8915242">
        <time>2024-03-12T20:19:09Z</time>
      </trkpt>
      <trkpt lat="26.8359936" lon="75.8915875">
        <time>2024-03-12T20:19:10Z</time>
      </trkpt>
      <trkpt lat="26.8359975" lon="75.8916482">
        <time>2024-03-12T20:19:11Z</time>
      </trkpt>
      <trkpt lat="26.8359986" lon="75.8917072">
        <time>2024-03-12T20:19:12Z</time>
      </trkpt>
      <trkpt lat="26.8359985" lon="75.8917702">
        <time>2024-03-12T20:19:13Z</time>
      </trkpt>
      <trkpt lat="26.8360038" lon="75.8918246">
        <time>2024-03-12T20:19:14Z</time>
      </trkpt>
      <trkpt lat="26.8360068" lon="75.8918778">
        <time>2024-03-12T20:19:15Z</time>
      </trkpt>
      <trkpt lat="26.8360093" lon="75.8919278">
        <time>2024-03-12T20:19:16Z</time>
      </trkpt>
      <trkpt lat="26.8360066" lon="75.8919835">
        <time>2024-03-12T20:19:17Z</time>
      </trkpt>
      <trkpt lat="26.8360043" lon="75.8920399">
        <time>2024-03-12T20:19:18Z</time>
      </trkpt>
      <trkpt lat="26.8360027" lon="75.8920943">
        <time>2024-03-12T20:19:19Z</time>
      </trkpt>
      <trkpt lat="26.8360071" lon="75.8921490">
        <time>2024-03-12T20:19:20Z</time>
      </trkpt>
      <trkpt lat="26.8360071" lon="75.8921999">
        <time>2024-03-12T20:19:21Z</time>
      </trkpt>
      <trkpt lat="26.8360066" lon="75.8922518">
        <time>2024-03-12T20:19:22Z</time>
      </trkpt>
      <trkpt lat="26.8360123" lon="75.8923100">
        <time>2024-03-12T20:19:23Z</time>
      </trkpt>
      <trkpt lat="26.8360176" lon="75.8923664">
        <time>2024-03-12T20:19:24Z</time>
      </trkpt>
      <trkpt lat="26.8360194" lon="75.8924199">
        <time>2024-03-12T20:19:25Z</time>
      </trkpt>
      <trkpt lat="26.8360214" lon="75.8924763">
        <time>2024-03-12T20:19:26Z</time>
      </trkpt>
      <trkpt lat="26.8360261" lon="75.8925304">
        <time>2024-03-12T20:19:27Z</time>
      </trkpt>
      <trkpt lat="26.8360258" lon="75.8925861">
        <time>2024-03-12T20:19:28Z</time>
      </trkpt>
      <trkpt lat="26.8360252" lon="75.8926428">
        <time>2024-03-12T20:19:29Z</time>
      </trkpt>
      <trkpt lat="26.8360258" lon="75.8926988">
        <time>2024-03-12T20:19:30Z</time>
      </trkpt>
      <trkpt lat="26.8360303" lon="75.8927587">
        <time>2024-03-12T20:19:31Z</time>
      </trkpt>
      <trkpt lat="26.8360302" lon="75.8928141">
        <time>2024-03-12T20:19:32Z</time>
      </trkpt>
      <trkpt lat="26.8360309" lon="75.8928670">
        <time>2024-03-12T20:19:33Z</time>
      </trkpt>
      <trkpt lat="26.8360309" lon="75.8929200">
        <time>2024-03-12T20:19:34Z</time>
      </trkpt>
      <trkpt lat="26.8360319" lon="75.8929754">
        <time>2024-03-12T20:19:35Z</time>
      </trkpt>
      <trkpt lat="26.8360344" lon="75.8930251">
        <time>2024-03-12T20:19:36Z</time>
      </trkpt>
      <trkpt lat="26.8360384" lon="75.8930754">
        <time>2024-03-12T20:19:37Z</time>
      </trkpt>
      <trkpt lat="26.8360382" lon="75.8931290">
        <time>2024-03-12T20:19:38Z</time>
      </trkpt>
      <trkpt lat="26.8360364" lon="75.8931825">
        <time>2024-03-12T20:19:39Z</time>
      </trkpt>
      <trkpt lat="26.8360344" lon="75.8932339">
        <time>2024-03-12T20:19:40Z</time>
      </trkpt>
      <trkpt lat="26.8360358" lon="75.8932819">
        <time>2024-03-12T20:19:41Z</time>
      </trkpt>
      <trkpt lat="26.8360366" lon="75.8933328">
        <time>2024-03-12T20:19:42Z</time>
      </trkpt>
      <trkpt lat="26.8360384" lon="75.8933832">
        <time>2024-03-12T20:19:43Z</time>
      </trkpt>
      <trkpt lat="26.8360379" lon="75.8934373">
        <time>2024-03-12T20:19:44Z</time>
      </trkpt>
      <trkpt lat="26.8360390" lon="75.8934897">
        <time>2024-03-12T20:19:45Z</time>
      </trkpt>
      <trkpt lat="26.8360418" lon="75.8935416">
        <time>2024-03-12T20:19:46Z</time>
      </trkpt>
      <trkpt lat="26.8360473" lon="75.8935961">
        <time>2024-03-12T20:19:47Z</time>
      </trkpt>
      <trkpt lat="26.8360494" lon="75.8936439">
        <time>2024-03-12T20:19:48Z</time>
      </trkpt>
      <trkpt lat="26.8360485" lon="75.8936975">
        <time>2024-03-12T20:19:49Z</time>
      </trkpt>
      <trkpt lat="26.8360496" lon="75.8937472">
        <time>2024-03-12T20:19:50Z</time>
      </trkpt>
      <trkpt lat="26.8360520" lon="75.8937988">
        <time>2024-03-12T20:19:51Z</time>
      </trkpt>
      <trkpt lat="26.8360534" lon="75.8938499">
        <time>2024-03-12T20:19:52Z</time>
      </trkpt>
      <trkpt lat="26.8360509" lon="75.8939045">
        <time>2024-03-12T20:19:53Z</time>
      </trkpt>
      <trkpt lat="26.8360475" lon="75.8939614">
        <time>2024-03-12T20:19:54Z</time>
      </trkpt>
      <trkpt lat="26.8360527" lon="75.8940154">
        <time>2024-03-12T20:19:55Z</time>
      </trkpt>
      <trkpt lat="26.8360581" lon="75.8940716">
        <time>2024-03-12T20:19:56Z</time>
      </trkpt>
      <trkpt lat="26.8360595" lon="75.8941248">
        <time>2024-03-12T20:19:57Z</time>
      </trkpt>
      <trkpt lat="26.8360608" lon="75.8941743">
        <time>2024-03-12T20:19:58Z</time>
      </trkpt>
      <trkpt lat="26.8360601" lon="75.8942256">
        <time>2024-03-12T20:19:59Z</time>
      </trkpt>
      <trkpt lat="26.8360617" lon="75.8942769">
        <time>2024-03-12T20:20:00Z</time>
      </trkpt>
      <trkpt lat="26.8360612" lon="75.8943343">
        <time>2024-03-12T20:20:01Z</time>
      </trkpt>
      <trkpt lat="26.8360632" lon="75.8943878">
        <time>2024-03-12T20:20:02Z</time>
      </trkpt>
      <trkpt lat="26.8360621" lon="75.8944442">
        <time>2024-03-12T20:20:03Z</time>
      </trkpt>
      <trkpt lat="26.8360645" lon="75.8944989">
        <time>2024-03-12T20:20:04Z</time>
      </trkpt>
      <trkpt lat="26.8360659" lon="75.8945556">
        <time>2024-03-12T20:20:05Z</time>
      </trkpt>
      <trkpt lat="26.8360685" lon="75.8946067">
        <time>2024-03-12T20:20:06Z</time>
      </trkpt>
      <trkpt lat="26.8360691" lon="75.8946572">
        <time>2024-03-12T20:20:07Z</time>
      </trkpt>
      <trkpt lat="26.8360716" lon="75.8947104">
        <time>2024-03-12T20:20:08Z</time>
      </trkpt>
      <trkpt lat="26.8360718" lon="75.8947639">
        <time>2024-03-12T20:20:09Z</time>
      </trkpt>
      <trkpt lat="26.8360748" lon="75.8948140">
        <time>2024-03-12T20:20:10Z</time>
      </trkpt>
      <trkpt lat="26.8360757" lon="75.8948747">
        <time>2024-03-12T20:20:11Z</time>
      </trkpt>
      <trkpt lat="26.8360771" lon="75.8949286">
        <time>2024-03-12T20:20:12Z</time>
      </trkpt>
      <trkpt lat="26.8360803" lon="75.8949793">
        <time>2024-03-12T20:20:13Z</time>
      </trkpt>
      <trkpt lat="26.8360817" lon="75.8950340">
        <time>2024-03-12T20:20:14Z</time>
      </trkpt>
      <trkpt lat="26.8360827" lon="75.8950870">
        <time>2024-03-12T20:20:15Z</time>
      </trkpt>
      <trkpt lat="26.8360864" lon="75.8951407">
        <time>2024-03-12T20:20:16Z</time>
      </trkpt>
      <trkpt lat="26.8360874" lon="75.8951940">
        <time>2024-03-12T20:20:17Z</time>
      </trkpt>
      <trkpt lat="26.8360857" lon="75.8952478">
        <time>2024-03-12T20:20:18Z</time>
      </trkpt>
      <trkpt lat="26.8360871" lon="75.8952985">
        <time>2024-03-12T20:20:19Z</time>
      </trkpt>
      <trkpt lat="26.8360864" lon="75.8953502">
        <time>2024-03-12T20:20:20Z</time>
      </trkpt>
      <trkpt lat="26.8360917" lon="75.8953932">
        <time>2024-03-12T20:20:21Z</time>
      </trkpt>
      <trkpt lat="26.8360932" lon="75.8954398">
        <time>2024-03-12T20:20:22Z</time>
      </trkpt>
      <trkpt lat="26.8360941" lon="75.8954881">
        <time>2024-03-12T20:20:23Z</time>
      </trkpt>
      <trkpt lat="26.8360952" lon="75.8955376">
        <time>2024-03-12T20:20:24Z</time>
      </trkpt>
      <trkpt lat="26.8360954" lon="75.8955863">
        <time>2024-03-12T20:20:25Z</time>
      </trkpt>
      <trkpt lat="26.8360955" lon="75.8956351">
        <time>2024-03-12T20:20:26Z</time>
      </trkpt>
      <trkpt lat="26.8360965" lon="75.8956836">
        <time>2024-03-12T20:20:27Z</time>
      </trkpt>
      <trkpt lat="26.8360966" lon="75.8957328">
        <time>2024-03-12T20:20:28Z</time>
      </trkpt>
      <trkpt lat="26.8360968" lon="75.8957814">
        <time>2024-03-12T20:20:29Z</time>
      </trkpt>
      <trkpt lat="26.8360968" lon="75.8958296">
        <time>2024-03-12T20:20:30Z</time>
      </trkpt>
      <trkpt lat="26.8360972" lon="75.8958782">
        <time>2024-03-12T20:20:31Z</time>
      </trkpt>
      <trkpt lat="26.8360972" lon="75.8959259">
        <time>2024-03-12T20:20:32Z</time>
      </trkpt>
      <trkpt lat="26.8360984" lon="75.8959732">
        <time>2024-03-12T20:20:33Z</time>
      </trkpt>
      <trkpt lat="26.8360997" lon="75.8960212">
        <time>2024-03-12T20:20:34Z</time>
      </trkpt>
      <trkpt lat="26.8361014" lon="75.8960704">
        <time>2024-03-12T20:20:35Z</time>
      </trkpt>
      <trkpt lat="26.8361023" lon="75.8961197">
        <time>2024-03-12T20:20:36Z</time>
      </trkpt>
      <trkpt lat="26.8361025" lon="75.8961688">
        <time>2024-03-12T20:20:37Z</time>
      </trkpt>
      <trkpt lat="26.8361032" lon="75.8962172">
        <time>2024-03-12T20:20:38Z</time>
      </trkpt>
      <trkpt lat="26.8361050" lon="75.8962678">
        <time>2024-03-12T20:20:39Z</time>
      </trkpt>
      <trkpt lat="26.8361061" lon="75.8963201">
        <time>2024-03-12T20:20:40Z</time>
      </trkpt>
      <trkpt lat="26.8361064" lon="75.8963750">
        <time>2024-03-12T20:20:41Z</time>
      </trkpt>
      <trkpt lat="26.8361084" lon="75.8964228">
        <time>2024-03-12T20:20:42Z</time>
      </trkpt>
      <trkpt lat="26.8361114" lon="75.8964719">
        <time>2024-03-12T20:20:43Z</time>
      </trkpt>
      <trkpt lat="26.8361172" lon="75.8965241">
        <time>2024-03-12T20:20:44Z</time>
      </trkpt>
      <trkpt lat="26.8361172" lon="75.8965739">
        <time>2024-03-12T20:20:45Z</time>
      </trkpt>
      <trkpt lat="26.8361199" lon="75.8966317">
        <time>2024-03-12T20:20:46Z</time>
      </trkpt>
      <trkpt lat="26.8361201" lon="75.8966861">
        <time>2024-03-12T20:20:47Z</time>
      </trkpt>
      <trkpt lat="26.8361179" lon="75.8967389">
        <time>2024-03-12T20:20:48Z</time>
      </trkpt>
      <trkpt lat="26.8361231" lon="75.8967848">
        <time>2024-03-12T20:20:49Z</time>
      </trkpt>
      <trkpt lat="26.8361277" lon="75.8968385">
        <time>2024-03-12T20:20:50Z</time>
      </trkpt>
      <trkpt lat="26.8361282" lon="75.8968878">
        <time>2024-03-12T20:20:51Z</time>
      </trkpt>
      <trkpt lat="26.8361322" lon="75.8969393">
        <time>2024-03-12T20:20:52Z</time>
      </trkpt>
      <trkpt lat="26.8361317" lon="75.8969919">
        <time>2024-03-12T20:20:53Z</time>
      </trkpt>
      <trkpt lat="26.8361295" lon="75.8970462">
        <time>2024-03-12T20:20:54Z</time>
      </trkpt>
      <trkpt lat="26.8361311" lon="75.8970979">
        <time>2024-03-12T20:20:55Z</time>
      </trkpt>
      <trkpt lat="26.8361294" lon="75.8971504">
        <time>2024-03-12T20:20:56Z</time>
      </trkpt>
      <trkpt lat="26.8361296" lon="75.8972029">
        <time>2024-03-12T20:20:57Z</time>
      </trkpt>
      <trkpt lat="26.8361314" lon="75.8972553">
        <time>2024-03-12T20:20:58Z</time>
      </trkpt>
      <trkpt lat="26.8361372" lon="75.8973112">
        <time>2024-03-12T20:20:59Z</time>
      </trkpt>
      <trkpt lat="26.8361384" lon="75.8973652">
        <time>2024-03-12T20:21:00Z</time>
      </trkpt>
      <trkpt lat="26.8361405" lon="75.8974219">
        <time>2024-03-12T20:21:01Z</time>
      </trkpt>
      <trkpt lat="26.8361403" lon="75.8974763">
        <time>2024-03-12T20:21:02Z</time>
      </trkpt>
      <trkpt lat="26.8361423" lon="75.8975332">
        <time>2024-03-12T20:21:03Z</time>
      </trkpt>
      <trkpt lat="26.8361424" lon="75.8975867">
        <time>2024-03-12T20:21:04Z</time>
      </trkpt>
      <trkpt lat="26.8361473" lon="75.8976447">
        <time>2024-03-12T20:21:05Z</time>
      </trkpt>
      <trkpt lat="26.8361507" lon="75.8976988">
        <time>2024-03-12T20:21:06Z</time>
      </trkpt>
      <trkpt lat="26.8361526" lon="75.8977542">
        <time>2024-03-12T20:21:07Z</time>
      </trkpt>
      <trkpt lat="26.8361497" lon="75.8978102">
        <time>2024-03-12T20:21:08Z</time>
      </trkpt>
      <trkpt lat="26.8361517" lon="75.8978660">
        <time>2024-03-12T20:21:09Z</time>
      </trkpt>
      <trkpt lat="26.8361526" lon="75.8979177">
        <time>2024-03-12T20:21:10Z</time>
      </trkpt>
      <trkpt lat="26.8361559" lon="75.8979704">
        <time>2024-03-12T20:21:11Z</time>
      </trkpt>
      <trkpt lat="26.8361585" lon="75.8980221">
        <time>2024-03-12T20:21:12Z</time>
      </trkpt>
      <trkpt lat="26.8361618" lon="75.8980715">
        <time>2024-03-12T20:21:13Z</time>
      </trkpt>
      <trkpt lat="26.8361610" lon="75.8981217">
        <time>2024-03-12T20:21:14Z</time>
      </trkpt>
      <trkpt lat="26.8361707" lon="75.8981772">
        <time>2024-03-12T20:21:15Z</time>
      </trkpt>
      <trkpt lat="26.8361575" lon="75.8982300">
        <time>2024-03-12T20:21:16Z</time>
      </trkpt>
      <trkpt lat="26.8361587" lon="75.8982829">
        <time>2024-03-12T20:21:17Z</time>
      </trkpt>
      <trkpt lat="26.8361550" lon="75.8983359">
        <time>2024-03-12T20:21:18Z</time>
      </trkpt>
      <trkpt lat="26.8361503" lon="75.8983922">
        <time>2024-03-12T20:21:19Z</time>
      </trkpt>
      <trkpt lat="26.8361496" lon="75.8984433">
        <time>2024-03-12T20:21:20Z</time>
      </trkpt>
      <trkpt lat="26.8361512" lon="75.8984950">
        <time>2024-03-12T20:21:21Z</time>
      </trkpt>
      <trkpt lat="26.8361515" lon="75.8985426">
        <time>2024-03-12T20:21:22Z</time>
      </trkpt>
      <trkpt lat="26.8361549" lon="75.8985907">
        <time>2024-03-12T20:21:23Z</time>
      </trkpt>
      <trkpt lat="26.8361560" lon="75.8986442">
        <time>2024-03-12T20:21:24Z</time>
      </trkpt>
      <trkpt lat="26.8361566" lon="75.8986979">
        <time>2024-03-12T20:21:25Z</time>
      </trkpt>
      <trkpt lat="26.8361567" lon="75.8987509">
        <time>2024-03-12T20:21:26Z</time>
      </trkpt>
      <trkpt lat="26.8361630" lon="75.8988010">
        <time>2024-03-12T20:21:27Z</time>
      </trkpt>
      <trkpt lat="26.8361673" lon="75.8988484">
        <time>2024-03-12T20:21:28Z</time>
      </trkpt>
      <trkpt lat="26.8361670" lon="75.8989027">
        <time>2024-03-12T20:21:29Z</time>
      </trkpt>
      <trkpt lat="26.8361681" lon="75.8989585">
        <time>2024-03-12T20:21:30Z</time>
      </trkpt>
      <trkpt lat="26.8361707" lon="75.8990136">
        <time>2024-03-12T20:21:31Z</time>
      </trkpt>
      <trkpt lat="26.8361695" lon="75.8990683">
        <time>2024-03-12T20:21:32Z</time>
      </trkpt>
      <trkpt lat="26.8361750" lon="75.8991227">
        <time>2024-03-12T20:21:33Z</time>
      </trkpt>
      <trkpt lat="26.8361750" lon="75.8991794">
        <time>2024-03-12T20:21:34Z</time>
      </trkpt>
      <trkpt lat="26.8361732" lon="75.8992394">
        <time>2024-03-12T20:21:35Z</time>
      </trkpt>
      <trkpt lat="26.8361732" lon="75.8992956">
        <time>2024-03-12T20:21:36Z</time>
      </trkpt>
      <trkpt lat="26.8361762" lon="75.8993536">
        <time>2024-03-12T20:21:37Z</time>
      </trkpt>
      <trkpt lat="26.8361754" lon="75.8994101">
        <time>2024-03-12T20:21:38Z</time>
      </trkpt>
      <trkpt lat="26.8361761" lon="75.8994714">
        <time>2024-03-12T20:21:39Z</time>
      </trkpt>
      <trkpt lat="26.8361782" lon="75.8995314">
        <time>2024-03-12T20:21:40Z</time>
      </trkpt>
      <trkpt lat="26.8361806" lon="75.8995915">
        <time>2024-03-12T20:21:41Z</time>
      </trkpt>
      <trkpt lat="26.8361823" lon="75.8996523">
        <time>2024-03-12T20:21:42Z</time>
      </trkpt>
      <trkpt lat="26.8361859" lon="75.8997094">
        <time>2024-03-12T20:21:43Z</time>
      </trkpt>
      <trkpt lat="26.8361853" lon="75.8997658">
        <time>2024-03-12T20:21:44Z</time>
      </trkpt>
      <trkpt lat="26.8361900" lon="75.8998281">
        <time>2024-03-12T20:21:45Z</time>
      </trkpt>
      <trkpt lat="26.8361927" lon="75.8998823">
        <time>2024-03-12T20:21:46Z</time>
      </trkpt>
      <trkpt lat="26.8361964" lon="75.8999395">
        <time>2024-03-12T20:21:47Z</time>
      </trkpt>
      <trkpt lat="26.8361938" lon="75.8999978">
        <time>2024-03-12T20:21:48Z</time>
      </trkpt>
    </trkseg>
  </trk>
  <trk>
    <name>20240215_110622___Home_to_Inshorts__1_.gpx</name>
    <desc>Jaipur to Noida, Delhi-Mumbai Expressway</desc>
    <url>/user/Yashsvi%20Dixit/traces/11304115</url>
    <trkseg>
      <trkpt lat="26.8018012" lon="75.8488768">
        <time>2024-02-15T05:36:22Z</time>
      </trkpt>
      <trkpt lat="26.8017971" lon="75.8488826">
        <time>2024-02-15T05:36:23Z</time>
      </trkpt>
      <trkpt lat="26.8017991" lon="75.8488860">
        <time>2024-02-15T05:36:24Z</time>
      </trkpt>
      <trkpt lat="26.8017947" lon="75.8488830">
        <time>2024-02-15T05:36:25Z</time>
      </trkpt>
      <trkpt lat="26.8017887" lon="75.8488816">
        <time>2024-02-15T05:36:26Z</time>
      </trkpt>
      <trkpt lat="26.8017847" lon="75.8488820">
        <time>2024-02-15T05:36:27Z</time>
      </trkpt>
      <trkpt lat="26.8017813" lon="75.8488892">
        <time>2024-02-15T05:36:28Z</time>
      </trkpt>
      <trkpt lat="26.8017800" lon="75.8488924">
        <time>2024-02-15T05:36:29Z</time>
      </trkpt>
      <trkpt lat="26.8017800" lon="75.8488941">
        <time>2024-02-15T05:36:30Z</time>
      </trkpt>
      <trkpt lat="26.8017788" lon="75.8488956">
        <time>2024-02-15T05:36:31Z</time>
      </trkpt>
      <trkpt lat="26.8017790" lon="75.8488962">
        <time>2024-02-15T05:36:32Z</time>
      </trkpt>
      <trkpt lat="26.8017786" lon="75.8488963">
        <time>2024-02-15T05:36:33Z</time>
      </trkpt>
      <trkpt lat="26.8017785" lon="75.8488968">
        <time>2024-02-15T05:36:34Z</time>
      </trkpt>
      <trkpt lat="26.8017785" lon="75.8488968">
        <time>2024-02-15T05:36:35Z</time>
      </trkpt>
      <trkpt lat="26.8017785" lon="75.8488968">
        <time>2024-02-15T05:36:36Z</time>
      </trkpt>
      <trkpt lat="26.8017785" lon="75.8488969">
        <time>2024-02-15T05:36:37Z</time>
      </trkpt>
      <trkpt lat="26.8017785" lon="75.8488968">
        <time>2024-02-15T05:36:38Z</time>
      </trkpt>
      <trkpt lat="26.8017785" lon="75.8488968">
        <time>2024-02-15T05:36:39Z</time>
      </trkpt>
      <trkpt lat="26.8017785" lon="75.8488968">
        <time>2024-02-15T05:36:40Z</time>
      </trkpt>
      <trkpt lat="26.8017785" lon="75.8488968">
        <time>2024-02-15T05:36:41Z</time>
      </trkpt>
      <trkpt lat="26.8017785" lon="75.8488968">
        <time>2024-02-15T05:36:42Z</time>
      </trkpt>
      <trkpt lat="26.8017785" lon="75.8488968">
        <time>2024-02-15T05:36:43Z</time>
      </trkpt>
      <trkpt lat="26.8017785" lon="75.8488967">
        <time>2024-02-15T05:36:44Z</time>
      </trkpt>
      <trkpt lat="26.8017785" lon="75.8488967">
        <time>2024-02-15T05:36:45Z</time>
      </trkpt>
      <trkpt lat="26.8017786" lon="75.8488967">
        <time>2024-02-15T05:36:46Z</time>
      </trkpt>
      <trkpt lat="26.8017785" lon="75.8488967">
        <time>2024-02-15T05:36:47Z</time>
      </trkpt>
      <trkpt lat="26.8017786" lon="75.8488967">
        <time>2024-02-15T05:36:48Z</time>
      </trkpt>
      <trkpt lat="26.8017785" lon="75.8488967">
        <time>2024-02-15T05:36:49Z</time>
      </trkpt>
      <trkpt lat="26.8017786" lon="75.8488966">
        <time>2024-02-15T05:36:50Z</time>
      </trkpt>
      <trkpt lat="26.8017787" lon="75.8488966">
        <time>2024-02-15T05:36:51Z</time>
      </trkpt>
      <trkpt lat="26.8017787" lon="75.8488965">
        <time>2024-02-15T05:36:52Z</time>
      </trkpt>
      <trkpt lat="26.8017743" lon="75.8489052">
        <time>2024-02-15T05:36:53Z</time>
      </trkpt>
      <trkpt lat="26.8017747" lon="75.8489201">
        <time>2024-02-15T05:36:54Z</time>
      </trkpt>
      <trkpt lat="26.8017757" lon="75.8489503">
        <time>2024-02-15T05:36:55Z</time>
      </trkpt>
      <trkpt lat="26.8017787" lon="75.8489828">
        <time>2024-02-15T05:36:56Z</time>
      </trkpt>
      <trkpt lat="26.8017830" lon="75.8490207">
        <time>2024-02-15T05:36:57Z</time>
      </trkpt>
      <trkpt lat="26.8017850" lon="75.8490658">
        <time>2024-02-15T05:36:58Z</time>
      </trkpt>
      <trkpt lat="26.8017876" lon="75.8491248">
        <time>2024-02-15T05:36:59Z</time>
      </trkpt>
      <trkpt lat="26.8017976" lon="75.8491971">
        <time>2024-02-15T05:37:00Z</time>
      </trkpt>
      <trkpt lat="26.8018034" lon="75.8492794">
        <time>2024-02-15T05:37:01Z</time>
      </trkpt>
      <trkpt lat="26.8018107" lon="75.8493663">
        <time>2024-02-15T05:37:02Z</time>
      </trkpt>
      <trkpt lat="26.8018139" lon="75.8494471">
        <time>2024-02-15T05:37:03Z</time>
      </trkpt>
      <trkpt lat="26.8018151" lon="75.8495393">
        <time>2024-02-15T05:37:04Z</time>
      </trkpt>
      <trkpt lat="26.8018155" lon="75.8496410">
        <time>2024-02-15T05:37:05Z</time>
      </trkpt>
      <trkpt lat="26.8018229" lon="75.8497492">
        <time>2024-02-15T05:37:06Z</time>
      </trkpt>
      <trkpt lat="26.8018273" lon="75.8498664">
        <time>2024-02-15T05:37:07Z</time>
      </trkpt>
      <trkpt lat="26.8018328" lon="75.8499848">
        <time>2024-02-15T05:37:08Z</time>
      </trkpt>
      <trkpt lat="26.8018340" lon="75.8501046">
        <time>2024-02-15T05:37:09Z</time>
      </trkpt>
      <trkpt lat="26.8018373" lon="75.8502191">
        <time>2024-02-15T05:37:10Z</time>
      </trkpt>
      <trkpt lat="26.8018369" lon="75.8503447">
        <time>2024-02-15T05:37:11Z</time>
      </trkpt>
      <trkpt lat="26.8018474" lon="75.8504713">
        <time>2024-02-15T05:37:12Z</time>
      </trkpt>
      <trkpt lat="26.8018582" lon="75.8506015">
        <time>2024-02-15T05:37:13Z</time>
      </trkpt>
      <trkpt lat="26.8018679" lon="75.8507281">
        <time>2024-02-15T05:37:14Z</time>
      </trkpt>
      <trkpt lat="26.8018805" lon="75.8508435">
        <time>2024-02-15T05:37:15Z</time>
      </trkpt>
      <trkpt lat="26.8018879" lon="75.8509602">
        <time>2024-02-15T05:37:16Z</time>
      </trkpt>
      <trkpt lat="26.8018933" lon="75.8510687">
        <time>2024-02-15T05:37:17Z</time>
      </trkpt>
      <trkpt lat="26.8018966" lon="75.8511496">
        <time>2024-02-15T05:37:18Z</time>
      </trkpt>
      <trkpt lat="26.8019029" lon="75.8512008">
        <time>2024-02-15T05:37:19Z</time>
      </trkpt>
      <trkpt lat="26.8019075" lon="75.8512382">
        <time>2024-02-15T05:37:20Z</time>
      </trkpt>
      <trkpt lat="26.8019141" lon="75.8512612">
        <time>2024-02-15T05:37:21Z</time>
      </trkpt>
      <trkpt lat="26.8019191" lon="75.8512852">
        <time>2024-02-15T05:37:22Z</time>
      </trkpt>
      <trkpt lat="26.8019211" lon="75.8513282">
        <time>2024-02-15T05:37:23Z</time>
      </trkpt>
      <trkpt lat="26.8019259" lon="75.8513669">
        <time>2024-02-15T05:37:24Z</time>
      </trkpt>
      <trkpt lat="26.8019293" lon="75.8514065">
        <time>2024-02-15T05:37:25Z</time>
      </trkpt>
      <trkpt lat="26.8019376" lon="75.8514448">
        <time>2024-02-15T05:37:26Z</time>
      </trkpt>
      <trkpt lat="26.8019465" lon="75.8515135">
        <time>2024-02-15T05:37:27Z</time>
      </trkpt>
      <trkpt lat="26.8019590" lon="75.8515900">
        <time>2024-02-15T05:37:28Z</time>
      </trkpt>
      <trkpt lat="26.8019748" lon="75.8516674">
        <time>2024-02-15T05:37:29Z</time>
      </trkpt>
      <trkpt lat="26.8019948" lon="75.8517489">
        <time>2024-02-15T05:37:30Z</time>
      </trkpt>
      <trkpt lat="26.8020092" lon="75.8518364">
        <time>2024-02-15T05:37:31Z</time>
      </trkpt>
      <trkpt lat="26.8020307" lon="75.8519291">
        <time>2024-02-15T05:37:32Z</time>
      </trkpt>
      <trkpt lat="26.8020447" lon="75.8520337">
        <time>2024-02-15T05:37:33Z</time>
      </trkpt>
      <trkpt lat="26.8020637" lon="75.8521433">
        <time>2024-02-15T05:37:34Z</time>
      </trkpt>
      <trkpt lat="26.8020848" lon="75.8522634">
        <time>2024-02-15T05:37:35Z</time>
      </trkpt>
      <trkpt lat="26.8021055" lon="75.8523780">
        <time>2024-02-15T05:37:36Z</time>
      </trkpt>
      <trkpt lat="26.8021215" lon="75.8524907">
        <time>2024-02-15T05:37:37Z</time>
      </trkpt>
      <trkpt lat="26.8021429" lon="75.8526147">
        <time>2024-02-15T05:37:38Z</time>
      </trkpt>
      <trkpt lat="26.8021638" lon="75.8527397">
        <time>2024-02-15T05:37:39Z</time>
      </trkpt>
      <trkpt lat="26.8021883" lon="75.8528645">
        <time>2024-02-15T05:37:40Z</time>
      </trkpt>
      <trkpt lat="26.8022097" lon="75.8529930">
        <time>2024-02-15T05:37:41Z</time>
      </trkpt>
      <trkpt lat="26.8022312" lon="75.8531294">
        <time>2024-02-15T05:37:42Z</time>
      </trkpt>
      <trkpt lat="26.8022550" lon="75.8532691">
        <time>2024-02-15T05:37:43Z</time>
      </trkpt>
      <trkpt lat="26.8022797" lon="75.8534107">
        <time>2024-02-15T05:37:44Z</time>
      </trkpt>
      <trkpt lat="26.8023074" lon="75.8535565">
        <time>2024-02-15T05:37:45Z</time>
      </trkpt>
      <trkpt lat="26.8023349" lon="75.8537118">
        <time>2024-02-15T05:37:46Z</time>
      </trkpt>
      <trkpt lat="26.8023589" lon="75.8538579">
        <time>2024-02-15T05:37:47Z</time>
      </trkpt>
      <trkpt lat="26.8023823" lon="75.8540028">
        <time>2024-02-15T05:37:48Z</time>
      </trkpt>
      <trkpt lat="26.8024114" lon="75.8541394">
        <time>2024-02-15T05:37:49Z</time>
      </trkpt>
      <trkpt lat="26.8024318" lon="75.8542809">
        <time>2024-02-15T05:37:50Z</time>
      </trkpt>
      <trkpt lat="26.8024567" lon="75.8544242">
        <time>2024-02-15T05:37:51Z</time>
      </trkpt>
      <trkpt lat="26.8024786" lon="75.8545613">
        <time>2024-02-15T05:37:52Z</time>
      </trkpt>
      <trkpt lat="26.8025008" lon="75.8547074">
        <time>2024-02-15T05:37:53Z</time>
      </trkpt>
      <trkpt lat="26.8025225" lon="75.8548474">
        <time>2024-02-15T05:37:54Z</time>
      </trkpt>
      <trkpt lat="26.8025468" lon="75.8549833">
        <time>2024-02-15T05:37:55Z</time>
      </trkpt>
      <trkpt lat="26.8025749" lon="75.8551105">
        <time>2024-02-15T05:37:56Z</time>
      </trkpt>
      <trkpt lat="26.8026025" lon="75.8552381">
        <time>2024-02-15T05:37:57Z</time>
      </trkpt>
      <trkpt lat="26.8026275" lon="75.8553648">
        <time>2024-02-15T05:37:58Z</time>
      </trkpt>
      <trkpt lat="26.8026563" lon="75.8554848">
        <time>2024-02-15T05:37:59Z</time>
      </trkpt>
      <trkpt lat="26.8026804" lon="75.8556084">
        <time>2024-02-15T05:38:00Z</time>
      </trkpt>
      <trkpt lat="26.8027007" lon="75.8557130">
        <time>2024-02-15T05:38:01Z</time>
      </trkpt>
      <trkpt lat="26.8027215" lon="75.8558106">
        <time>2024-02-15T05:38:02Z</time>
      </trkpt>
      <trkpt lat="26.8027363" lon="75.8558926">
        <time>2024-02-15T05:38:03Z</time>
      </trkpt>
      <trkpt lat="26.8027473" lon="75.8559469">
        <time>2024-02-15T05:38:04Z</time>
      </trkpt>
      <trkpt lat="26.8027575" lon="75.8559801">
        <time>2024-02-15T05:38:05Z</time>
      </trkpt>
      <trkpt lat="26.8027599" lon="75.8560182">
        <time>2024-02-15T05:38:06Z</time>
      </trkpt>
      <trkpt lat="26.8027670" lon="75.8560519">
        <time>2024-02-15T05:38:07Z</time>
      </trkpt>
      <trkpt lat="26.8027749" lon="75.8560948">
        <time>2024-02-15T05:38:08Z</time>
      </trkpt>
      <trkpt lat="26.8027868" lon="75.8561410">
        <time>2024-02-15T05:38:09Z</time>
      </trkpt>
      <trkpt lat="26.8028030" lon="75.8561973">
        <time>2024-02-15T05:38:10Z</time>
      </trkpt>
      <trkpt lat="26.8028250" lon="75.8562616">
        <time>2024-02-15T05:38:11Z</time>
      </trkpt>
      <trkpt lat="26.8028427" lon="75.8563307">
        <time>2024-02-15T05:38:12Z</time>
      </trkpt>
      <trkpt lat="26.8028591" lon="75.8564020">
        <time>2024-02-15T05:38:13Z</time>
      </trkpt>
      <trkpt lat="26.8028747" lon="75.8564671">
        <time>2024-02-15T05:38:14Z</time>
      </trkpt>
      <trkpt lat="26.8028842" lon="75.8565295">
        <time>2024-02-15T05:38:15Z</time>
      </trkpt>
      <trkpt lat="26.8028997" lon="75.8565854">
        <time>2024-02-15T05:38:16Z</time>
      </trkpt>
      <trkpt lat="26.8029122" lon="75.8566445">
        <time>2024-02-15T05:38:17Z</time>
      </trkpt>
      <trkpt lat="26.8029190" lon="75.8566969">
        <time>2024-02-15T05:38:18Z</time>
      </trkpt>
      <trkpt lat="26.8029279" lon="75.8567328">
        <time>2024-02-15T05:38:19Z</time>
      </trkpt>
      <trkpt lat="26.8029360" lon="75.8567650">
        <time>2024-02-15T05:38:20Z</time>
      </trkpt>
      <trkpt lat="26.8029434" lon="75.8567972">
        <time>2024-02-15T05:38:21Z</time>
      </trkpt>
      <trkpt lat="26.8029545" lon="75.8568234">
        <time>2024-02-15T05:38:22Z</time>
      </trkpt>
      <trkpt lat="26.8029634" lon="75.8568490">
        <time>2024-02-15T05:38:23Z</time>
      </trkpt>
      <trkpt lat="26.8029673" lon="75.8568651">
        <time>2024-02-15T05:38:24Z</time>
      </trkpt>
      <trkpt lat="26.8029681" lon="75.8568736">
        <time>2024-02-15T05:38:25Z</time>
      </trkpt>
      <trkpt lat="26.8029703" lon="75.8568776">
        <time>2024-02-15T05:38:26Z</time>
      </trkpt>
      <trkpt lat="26.8029706" lon="75.8568816">
        <time>2024-02-15T05:38:27Z</time>
      </trkpt>
      <trkpt lat="26.8029711" lon="75.8568843">
        <time>2024-02-15T05:38:28Z</time>
      </trkpt>
      <trkpt lat="26.8029742" lon="75.8568893">
        <time>2024-02-15T05:38:29Z</time>
      </trkpt>
      <trkpt lat="26.8029803" lon="75.8568998">
        <time>2024-02-15T05:38:30Z</time>
      </trkpt>
      <trkpt lat="26.8029868" lon="75.8569189">
        <time>2024-02-15T05:38:31Z</time>
      </trkpt>
      <trkpt lat="26.8029911" lon="75.8569418">
        <time>2024-02-15T05:38:32Z</time>
      </trkpt>
      <trkpt lat="26.8029963" lon="75.8569696">
        <time>2024-02-15T05:38:33Z</time>
      </trkpt>
      <trkpt lat="26.8030025" lon="75.8570026">
        <time>2024-02-15T05:38:34Z</time>
      </trkpt>
      <trkpt lat="26.8030101" lon="75.8570363">
        <time>2024-02-15T05:38:35Z</time>
      </trkpt>
      <trkpt lat="26.8030217" lon="75.8570688">
        <time>2024-02-15T05:38:36Z</time>
      </trkpt>
      <trkpt lat="26.8030405" lon="75.8571028">
        <time>2024-02-15T05:38:37Z</time>
      </trkpt>
      <trkpt lat="26.8030745" lon="75.8571266">
        <time>2024-02-15T05:38:38Z</time>
      </trkpt>
      <trkpt lat="26.8031255" lon="75.8571493">
        <time>2024-02-15T05:38:39Z</time>
      </trkpt>
      <trkpt lat="26.8031870" lon="75.8571527">
        <time>2024-02-15T05:38:40Z</time>
      </trkpt>
      <trkpt lat="26.8032531" lon="75.8571445">
        <time>2024-02-15T05:38:41Z</time>
      </trkpt>
      <trkpt lat="26.8033285" lon="75.8571219">
        <time>2024-02-15T05:38:42Z</time>
      </trkpt>
      <trkpt lat="26.8033952" lon="75.8571050">
        <time>2024-02-15T05:38:43Z</time>
      </trkpt>
      <trkpt lat="26.8034643" lon="75.8570803">
        <time>2024-02-15T05:38:44Z</time>
      </trkpt>
      <trkpt lat="26.8035417" lon="75.8570445">
        <time>2024-02-15T05:38:45Z</time>
      </trkpt>
      <trkpt lat="26.8036186" lon="75.8570029">
        <time>2024-02-15T05:38:46Z</time>
      </trkpt>
      <trkpt lat="26.8037094" lon="75.8569681">
        <time>2024-02-15T05:38:47Z</time>
      </trkpt>
      <trkpt lat="26.8038028" lon="75.8569303">
        <time>2024-02-15T05:38:48Z</time>
      </trkpt>
      <trkpt lat="26.8039034" lon="75.8568870">
        <time>2024-02-15T05:38:49Z</time>
      </trkpt>
      <trkpt lat="26.8040104" lon="75.8568385">
        <time>2024-02-15T05:38:50Z</time>
      </trkpt>
      <trkpt lat="26.8041155" lon="75.8567983">
        <time>2024-02-15T05:38:51Z</time>
      </trkpt>
      <trkpt lat="26.8042202" lon="75.8567495">
        <time>2024-02-15T05:38:52Z</time>
      </trkpt>
      <trkpt lat="26.8043242" lon="75.8566944">
        <time>2024-02-15T05:38:53Z</time>
      </trkpt>
      <trkpt lat="26.8044331" lon="75.8566523">
        <time>2024-02-15T05:38:54Z</time>
      </trkpt>
      <trkpt lat="26.8045392" lon="75.8566100">
        <time>2024-02-15T05:38:55Z</time>
      </trkpt>
      <trkpt lat="26.8046276" lon="75.8565839">
        <time>2024-02-15T05:38:56Z</time>
      </trkpt>
      <trkpt lat="26.8046853" lon="75.8565562">
        <time>2024-02-15T05:38:57Z</time>
      </trkpt>
      <trkpt lat="26.8047306" lon="75.8565333">
        <time>2024-02-15T05:38:58Z</time>
      </trkpt>
      <trkpt lat="26.8047630" lon="75.8565165">
        <time>2024-02-15T05:38:59Z</time>
      </trkpt>
      <trkpt lat="26.8047929" lon="75.8565081">
        <time>2024-02-15T05:39:00Z</time>
      </trkpt>
      <trkpt lat="26.8048228" lon="75.8564953">
        <time>2024-02-15T05:39:01Z</time>
      </trkpt>
      <trkpt lat="26.8048630" lon="75.8564799">
        <time>2024-02-15T05:39:02Z</time>
      </trkpt>
      <trkpt lat="26.8049121" lon="75.8564724">
        <time>2024-02-15T05:39:03Z</time>
      </trkpt>
      <trkpt lat="26.8049658" lon="75.8564537">
        <time>2024-02-15T05:39:04Z</time>
      </trkpt>
      <trkpt lat="26.8050104" lon="75.8564349">
        <time>2024-02-15T05:39:05Z</time>
      </trkpt>
      <trkpt lat="26.8050724" lon="75.8564062">
        <time>2024-02-15T05:39:06Z</time>
      </trkpt>
      <trkpt lat="26.8051297" lon="75.8563744">
        <time>2024-02-15T05:39:07Z</time>
      </trkpt>
      <trkpt lat="26.8051932" lon="75.8563410">
        <time>2024-02-15T05:39:08Z</time>
      </trkpt>
      <trkpt lat="26.8052675" lon="75.8563022">
        <time>2024-02-15T05:39:09Z</time>
      </trkpt>
      <trkpt lat="26.8053514" lon="75.8562653">
        <time>2024-02-15T05:39:10Z</time>
      </trkpt>
      <trkpt lat="26.8054400" lon="75.8562216">
        <time>2024-02-15T05:39:11Z</time>
      </trkpt>
      <trkpt lat="26.8055301" lon="75.8561700">
        <time>2024-02-15T05:39:12Z</time>
      </trkpt>
      <trkpt lat="26.8056335" lon="75.8561213">
        <time>2024-02-15T05:39:13Z</time>
      </trkpt>
      <trkpt lat="26.8057396" lon="75.8560738">
        <time>2024-02-15T05:39:14Z</time>
      </trkpt>
      <trkpt lat="26.8058508" lon="75.8560285">
        <time>2024-02-15T05:39:15Z</time>
      </trkpt>
      <trkpt lat="26.8059566" lon="75.8559823">
        <time>2024-02-15T05:39:16Z</time>
      </trkpt>
      <trkpt lat="26.8060678" lon="75.8559278">
        <time>2024-02-15T05:39:17Z</time>
      </trkpt>
      <trkpt lat="26.8061811" lon="75.8558800">
        <time>2024-02-15T05:39:18Z</time>
      </trkpt>
      <trkpt lat="26.8063080" lon="75.8558254">
        <time>2024-02-15T05:39:19Z</time>
      </trkpt>
      <trkpt lat="26.8064324" lon="75.8557659">
        <time>2024-02-15T05:39:20Z</time>
      </trkpt>
      <trkpt lat="26.8065587" lon="75.8557040">
        <time>2024-02-15T05:39:21Z</time>
      </trkpt>
      <trkpt lat="26.8066942" lon="75.8556363">
        <time>2024-02-15T05:39:22Z</time>
      </trkpt>
      <trkpt lat="26.8068302" lon="75.8555699">
        <time>2024-02-15T05:39:23Z</time>
      </trkpt>
      <trkpt lat="26.8069630" lon="75.8555052">
        <time>2024-02-15T05:39:24Z</time>
      </trkpt>
      <trkpt lat="26.8070897" lon="75.8554386">
        <time>2024-02-15T05:39:25Z</time>
      </trkpt>
      <trkpt lat="26.8072258" lon="75.8553743">
        <time>2024-02-15T05:39:26Z</time>
      </trkpt>
      <trkpt lat="26.8073613" lon="75.8553109">
        <time>2024-02-15T05:39:27Z</time>
      </trkpt>
      <trkpt lat="26.8074999" lon="75.8552454">
        <time>2024-02-15T05:39:28Z</time>
      </trkpt>
      <trkpt lat="26.8076383" lon="75.8551798">
        <time>2024-02-15T05:39:29Z</time>
      </trkpt>
      <trkpt lat="26.8077769" lon="75.8551158">
        <time>2024-02-15T05:39:30Z</time>
      </trkpt>
      <trkpt lat="26.8079136" lon="75.8550448">
        <time>2024-02-15T05:39:31Z</time>
      </trkpt>
      <trkpt lat="26.8080579" lon="75.8549748">
        <time>2024-02-15T05:39:32Z</time>
      </trkpt>
      <trkpt lat="26.8081937" lon="75.8549011">
        <time>2024-02-15T05:39:33Z</time>
      </trkpt>
      <trkpt lat="26.8083440" lon="75.8548229">
        <time>2024-02-15T05:39:34Z</time>
      </trkpt>
      <trkpt lat="26.8084882" lon="75.8547432">
        <time>2024-02-15T05:39:35Z</time>
      </trkpt>
      <trkpt lat="26.8086361" lon="75.8546656">
        <time>2024-02-15T05:39:36Z</time>
      </trkpt>
      <trkpt lat="26.8087875" lon="75.8545901">
        <time>2024-02-15T05:39:37Z</time>
      </trkpt>
      <trkpt lat="26.8089420" lon="75.8545119">
        <time>2024-02-15T05:39:38Z</time>
      </trkpt>
      <trkpt lat="26.8090953" lon="75.8544319">
        <time>2024-02-15T05:39:39Z</time>
      </trkpt>
      <trkpt lat="26.8092498" lon="75.8543545">
        <time>2024-02-15T05:39:40Z</time>
      </trkpt>
      <trkpt lat="26.8094032" lon="75.8542720">
        <time>2024-02-15T05:39:41Z</time>
      </trkpt>
      <trkpt lat="26.8095636" lon="75.8541915">
        <time>2024-02-15T05:39:42Z</time>
      </trkpt>
      <trkpt lat="26.8097217" lon="75.8541059">
        <time>2024-02-15T05:39:43Z</time>
      </trkpt>
      <trkpt lat="26.8098800" lon="75.8540246">
        <time>2024-02-15T05:39:44Z</time>
      </trkpt>
      <trkpt lat="26.8100444" lon="75.8539365">
        <time>2024-02-15T05:39:45Z</time>
      </trkpt>
      <trkpt lat="26.8102044" lon="75.8538489">
        <time>2024-02-15T05:39:46Z</time>
      </trkpt>
      <trkpt lat="26.8103698" lon="75.8537664">
        <time>2024-02-15T05:39:47Z</time>
      </trkpt>
      <trkpt lat="26.8105418" lon="75.8536808">
        <time>2024-02-15T05:39:48Z</time>
      </trkpt>
      <trkpt lat="26.8107148" lon="75.8535960">
        <time>2024-02-15T05:39:49Z</time>
      </trkpt>
      <trkpt lat="26.8108877" lon="75.8535072">
        <time>2024-02-15T05:39:50Z</time>
      </trkpt>
      <trkpt lat="26.8110608" lon="75.8534247">
        <time>2024-02-15T05:39:51Z</time>
      </trkpt>
      <trkpt lat="26.8112336" lon="75.8533382">
        <time>2024-02-15T05:39:52Z</time>
      </trkpt>
      <trkpt lat="26.8114088" lon="75.8532585">
        <time>2024-02-15T05:39:53Z</time>
      </trkpt>
      <trkpt lat="26.8115850" lon="75.8531718">
        <time>2024-02-15T05:39:54Z</time>
      </trkpt>
      <trkpt lat="26.8117629" lon="75.8530859">
        <time>2024-02-15T05:39:55Z</time>
      </trkpt>
      <trkpt lat="26.8119334" lon="75.8530057">
        <time>2024-02-15T05:39:56Z</time>
      </trkpt>
      <trkpt lat="26.8121137" lon="75.8529177">
        <time>2024-02-15T05:39:57Z</time>
      </trkpt>
      <trkpt lat="26.8122901" lon="75.8528348">
        <time>2024-02-15T05:39:58Z</time>
      </trkpt>
      <trkpt lat="26.8124652" lon="75.8527489">
        <time>2024-02-15T05:39:59Z</time>
      </trkpt>
      <trkpt lat="26.8126396" lon="75.8526628">
        <time>2024-02-15T05:40:00Z</time>
      </trkpt>
      <trkpt lat="26.8128144" lon="75.8525734">
        <time>2024-02-15T05:40:01Z</time>
      </trkpt>
      <trkpt lat="26.8129933" lon="75.8524897">
        <time>2024-02-15T05:40:02Z</time>
      </trkpt>
      <trkpt lat="26.8131659" lon="75.8524080">
        <time>2024-02-15T05:40:03Z</time>
      </trkpt>
      <trkpt lat="26.8133398" lon="75.8523191">
        <time>2024-02-15T05:40:04Z</time>
      </trkpt>
      <trkpt lat="26.8135078" lon="75.8522347">
        <time>2024-02-15T05:40:05Z</time>
      </trkpt>
      <trkpt lat="26.8136843" lon="75.8521469">
        <time>2024-02-15T05:40:06Z</time>
      </trkpt>
      <trkpt lat="26.8138586" lon="75.8520573">
        <time>2024-02-15T05:40:07Z</time>
      </trkpt>
      <trkpt lat="26.8140340" lon="75.8519700">
        <time>2024-02-15T05:40:08Z</time>
      </trkpt>
      <trkpt lat="26.8142119" lon="75.8518835">
        <time>2024-02-15T05:40:09Z</time>
      </trkpt>
      <trkpt lat="26.8143870" lon="75.8518007">
        <time>2024-02-15T05:40:10Z</time>
      </trkpt>
      <trkpt lat="26.8145623" lon="75.8517143">
        <time>2024-02-15T05:40:11Z</time>
      </trkpt>
      <trkpt lat="26.8147380" lon="75.8516247">
        <time>2024-02-15T05:40:12Z</time>
      </trkpt>
      <trkpt lat="26.8149084" lon="75.8515376">
        <time>2024-02-15T05:40:13Z</time>
      </trkpt>
      <trkpt lat="26.8150848" lon="75.8514525">
        <time>2024-02-15T05:40:14Z</time>
      </trkpt>
      <trkpt lat="26.8152659" lon="75.8513705">
        <time>2024-02-15T05:40:15Z</time>
      </trkpt>
      <trkpt lat="26.8154382" lon="75.8512846">
        <time>2024-02-15T05:40:16Z</time>
      </trkpt>
      <trkpt lat="26.8156106" lon="75.8512073">
        <time>2024-02-15T05:40:17Z</time>
      </trkpt>
      <trkpt lat="26.8157804" lon="75.8511263">
        <time>2024-02-15T05:40:18Z</time>
      </trkpt>
      <trkpt lat="26.8159397" lon="75.8510498">
        <time>2024-02-15T05:40:19Z</time>
      </trkpt>
      <trkpt lat="26.8160702" lon="75.8509839">
        <time>2024-02-15T05:40:20Z</time>
      </trkpt>
      <trkpt lat="26.8161934" lon="75.8509308">
        <time>2024-02-15T05:40:21Z</time>
      </trkpt>
      <trkpt lat="26.8163093" lon="75.8508812">
        <time>2024-02-15T05:40:22Z</time>
      </trkpt>
      <trkpt lat="26.8164180" lon="75.8508325">
        <time>2024-02-15T05:40:23Z</time>
      </trkpt>
      <trkpt lat="26.8165261" lon="75.8507851">
        <time>2024-02-15T05:40:24Z</time>
      </trkpt>
      <trkpt lat="26.8166242" lon="75.8507384">
        <time>2024-02-15T05:40:25Z</time>
      </trkpt>
      <trkpt lat="26.8166989" lon="75.8507146">
        <time>2024-02-15T05:40:26Z</time>
      </trkpt>
      <trkpt lat="26.8167602" lon="75.8506886">
        <time>2024-02-15T05:40:27Z</time>
      </trkpt>
      <trkpt lat="26.8168235" lon="75.8506680">
        <time>2024-02-15T05:40:28Z</time>
      </trkpt>
      <trkpt lat="26.8168812" lon="75.8506359">
        <time>2024-02-15T05:40:29Z</time>
      </trkpt>
      <trkpt lat="26.8169395" lon="75.8506075">
        <time>2024-02-15T05:40:30Z</time>
      </trkpt>
      <trkpt lat="26.8169998" lon="75.8505803">
        <time>2024-02-15T05:40:31Z</time>
      </trkpt>
      <trkpt lat="26.8170515" lon="75.8505555">
        <time>2024-02-15T05:40:32Z</time>
      </trkpt>
      <trkpt lat="26.8171002" lon="75.8505281">
        <time>2024-02-15T05:40:33Z</time>
      </trkpt>
      <trkpt lat="26.8171422" lon="75.8505115">
        <time>2024-02-15T05:40:34Z</time>
      </trkpt>
      <trkpt lat="26.8171791" lon="75.8504963">
        <time>2024-02-15T05:40:35Z</time>
      </trkpt>
      <trkpt lat="26.8172161" lon="75.8504752">
        <time>2024-02-15T05:40:36Z</time>
      </trkpt>
      <trkpt lat="26.8172635" lon="75.8504476">
        <time>2024-02-15T05:40:37Z</time>
      </trkpt>
      <trkpt lat="26.8173180" lon="75.8504212">
        <time>2024-02-15T05:40:38Z</time>
      </trkpt>
      <trkpt lat="26.8173698" lon="75.8503953">
        <time>2024-02-15T05:40:39Z</time>
      </trkpt>
      <trkpt lat="26.8174136" lon="75.8503753">
        <time>2024-02-15T05:40:40Z</time>
      </trkpt>
      <trkpt lat="26.8174689" lon="75.8503497">
        <time>2024-02-15T05:40:41Z</time>
      </trkpt>
      <trkpt lat="26.8175336" lon="75.8503268">
        <time>2024-02-15T05:40:42Z</time>
      </trkpt>
      <trkpt lat="26.8176058" lon="75.8502910">
        <time>2024-02-15T05:40:43Z</time>
      </trkpt>
      <trkpt lat="26.8176782" lon="75.8502599">
        <time>2024-02-15T05:40:44Z</time>
      </trkpt>
      <trkpt lat="26.8177508" lon="75.8502339">
        <time>2024-02-15T05:40:45Z</time>
      </trkpt>
      <trkpt lat="26.8178250" lon="75.8502041">
        <time>2024-02-15T05:40:46Z</time>
      </trkpt>
      <trkpt lat="26.8179004" lon="75.8501718">
        <time>2024-02-15T05:40:47Z</time>
      </trkpt>
      <trkpt lat="26.8179801" lon="75.8501400">
        <time>2024-02-15T05:40:48Z</time>
      </trkpt>
      <trkpt lat="26.8180627" lon="75.8501102">
        <time>2024-02-15T05:40:49Z</time>
      </trkpt>
      <trkpt lat="26.8181496" lon="75.8500758">
        <time>2024-02-15T05:40:50Z</time>
      </trkpt>
      <trkpt lat="26.8182297" lon="75.8500370">
        <time>2024-02-15T05:40:51Z</time>
      </trkpt>
      <trkpt lat="26.8183099" lon="75.8499932">
        <time>2024-02-15T05:40:52Z</time>
      </trkpt>
      <trkpt lat="26.8183972" lon="75.8499508">
        <time>2024-02-15T05:40:53Z</time>
      </trkpt>
      <trkpt lat="26.8184873" lon="75.8499117">
        <time>2024-02-15T05:40:54Z</time>
      </trkpt>
      <trkpt lat="26.8185745" lon="75.8498726">
        <time>2024-02-15T05:40:55Z</time>
      </trkpt>
      <trkpt lat="26.8186675" lon="75.8498235">
        <time>2024-02-15T05:40:56Z</time>
      </trkpt>
      <trkpt lat="26.8187695" lon="75.8497741">
        <time>2024-02-15T05:40:57Z</time>
      </trkpt>
      <trkpt lat="26.8188771" lon="75.8497287">
        <time>2024-02-15T05:40:58Z</time>
      </trkpt>
      <trkpt lat="26.8189835" lon="75.8496802">
        <time>2024-02-15T05:40:59Z</time>
      </trkpt>
      <trkpt lat="26.8190896" lon="75.8496295">
        <time>2024-02-15T05:41:00Z</time>
      </trkpt>
      <trkpt lat="26.8192007" lon="75.8495828">
        <time>2024-02-15T05:41:01Z</time>
      </trkpt>
      <trkpt lat="26.8193116" lon="75.8495329">
        <time>2024-02-15T05:41:02Z</time>
      </trkpt>
      <trkpt lat="26.8194249" lon="75.8494793">
        <time>2024-02-15T05:41:03Z</time>
      </trkpt>
      <trkpt lat="26.8195390" lon="75.8494240">
        <time>2024-02-15T05:41:04Z</time>
      </trkpt>
      <trkpt lat="26.8196546" lon="75.8493746">
        <time>2024-02-15T05:41:05Z</time>
      </trkpt>
      <trkpt lat="26.8197642" lon="75.8493142">
        <time>2024-02-15T05:41:06Z</time>
      </trkpt>
      <trkpt lat="26.8198749" lon="75.8492630">
        <time>2024-02-15T05:41:07Z</time>
      </trkpt>
      <trkpt lat="26.8199861" lon="75.8492085">
        <time>2024-02-15T05:41:08Z</time>
      </trkpt>
      <trkpt lat="26.8201017" lon="75.8491518">
        <time>2024-02-15T05:41:09Z</time>
      </trkpt>
      <trkpt lat="26.8202145" lon="75.8490912">
        <time>2024-02-15T05:41:10Z</time>
      </trkpt>
      <trkpt lat="26.8203400" lon="75.8490316">
        <time>2024-02-15T05:41:11Z</time>
      </trkpt>
      <trkpt lat="26.8204660" lon="75.8489700">
        <time>2024-02-15T05:41:12Z</time>
      </trkpt>
      <trkpt lat="26.8205934" lon="75.8489089">
        <time>2024-02-15T05:41:13Z</time>
      </trkpt>
      <trkpt lat="26.8207256" lon="75.8488453">
        <time>2024-02-15T05:41:14Z</time>
      </trkpt>
      <trkpt lat="26.8208498" lon="75.8487911">
        <time>2024-02-15T05:41:15Z</time>
      </trkpt>
      <trkpt lat="26.8209764" lon="75.8487328">
        <time>2024-02-15T05:41:16Z</time>
      </trkpt>
      <trkpt lat="26.8211105" lon="75.8486804">
        <time>2024-02-15T05:41:17Z</time>
      </trkpt>
      <trkpt lat="26.8212502" lon="75.8486192">
        <time>2024-02-15T05:41:18Z</time>
      </trkpt>
      <trkpt lat="26.8213859" lon="75.8485574">
        <time>2024-02-15T05:41:19Z</time>
      </trkpt>
      <trkpt lat="26.8215242" lon="75.8484929">
        <time>2024-02-15T05:41:20Z</time>
      </trkpt>
      <trkpt lat="26.8216617" lon="75.8484218">
        <time>2024-02-15T05:41:21Z</time>
      </trkpt>
      <trkpt lat="26.8218055" lon="75.8483632">
        <time>2024-02-15T05:41:22Z</time>
      </trkpt>
      <trkpt lat="26.8219449" lon="75.8482964">
        <time>2024-02-15T05:41:23Z</time>
      </trkpt>
      <trkpt lat="26.8220887" lon="75.8482301">
        <time>2024-02-15T05:41:24Z</time>
      </trkpt>
      <trkpt lat="26.8222211" lon="75.8481642">
        <time>2024-02-15T05:41:25Z</time>
      </trkpt>
      <trkpt lat="26.8223543" lon="75.8480990">
        <time>2024-02-15T05:41:26Z</time>
      </trkpt>
      <trkpt lat="26.8224853" lon="75.8480344">
        <time>2024-02-15T05:41:27Z</time>
      </trkpt>
      <trkpt lat="26.8226187" lon="75.8479706">
        <time>2024-02-15T05:41:28Z</time>
      </trkpt>
      <trkpt lat="26.8227455" lon="75.8479088">
        <time>2024-02-15T05:41:29Z</time>
      </trkpt>
      <trkpt lat="26.8228748" lon="75.8478428">
        <time>2024-02-15T05:41:30Z</time>
      </trkpt>
      <trkpt lat="26.8230052" lon="75.8477778">
        <time>2024-02-15T05:41:31Z</time>
      </trkpt>
      <trkpt lat="26.8231454" lon="75.8477126">
        <time>2024-02-15T05:41:32Z</time>
      </trkpt>
      <trkpt lat="26.8232805" lon="75.8476610">
        <time>2024-02-15T05:41:33Z</time>
      </trkpt>
      <trkpt lat="26.8234190" lon="75.8475968">
        <time>2024-02-15T05:41:34Z</time>
      </trkpt>
      <trkpt lat="26.8235526" lon="75.8475328">
        <time>2024-02-15T05:41:35Z</time>
      </trkpt>
      <trkpt lat="26.8236846" lon="75.8474686">
        <time>2024-02-15T05:41:36Z</time>
      </trkpt>
      <trkpt lat="26.8238142" lon="75.8474062">
        <time>2024-02-15T05:41:37Z</time>
      </trkpt>
      <trkpt lat="26.8239397" lon="75.8473427">
        <time>2024-02-15T05:41:38Z</time>
      </trkpt>
      <trkpt lat="26.8240655" lon="75.8472847">
        <time>2024-02-15T05:41:39Z</time>
      </trkpt>
      <trkpt lat="26.8241838" lon="75.8472246">
        <time>2024-02-15T05:41:40Z</time>
      </trkpt>
      <trkpt lat="26.8242977" lon="75.8471692">
        <time>2024-02-15T05:41:41Z</time>
      </trkpt>
      <trkpt lat="26.8244063" lon="75.8471152">
        <time>2024-02-15T05:41:42Z</time>
      </trkpt>
      <trkpt lat="26.8245133" lon="75.8470588">
        <time>2024-02-15T05:41:43Z</time>
      </trkpt>
      <trkpt lat="26.8246151" lon="75.8470100">
        <time>2024-02-15T05:41:44Z</time>
      </trkpt>
      <trkpt lat="26.8247085" lon="75.8469648">
        <time>2024-02-15T05:41:45Z</time>
      </trkpt>
      <trkpt lat="26.8248040" lon="75.8469166">
        <time>2024-02-15T05:41:46Z</time>
      </trkpt>
      <trkpt lat="26.8248906" lon="75.8468658">
        <time>2024-02-15T05:41:47Z</time>
      </trkpt>
      <trkpt lat="26.8249732" lon="75.8468188">
        <time>2024-02-15T05:41:48Z</time>
      </trkpt>
      <trkpt lat="26.8250548" lon="75.8467801">
        <time>2024-02-15T05:41:49Z</time>
      </trkpt>
      <trkpt lat="26.8251293" lon="75.8467451">
        <time>2024-02-15T05:41:50Z</time>
      </trkpt>
      <trkpt lat="26.8251838" lon="75.8467152">
        <time>2024-02-15T05:41:51Z</time>
      </trkpt>
      <trkpt lat="26.8252204" lon="75.8466938">
        <time>2024-02-15T05:41:52Z</time>
      </trkpt>
      <trkpt lat="26.8252480" lon="75.8466781">
        <time>2024-02-15T05:41:53Z</time>
      </trkpt>
      <trkpt lat="26.8252706" lon="75.8466691">
        <time>2024-02-15T05:41:54Z</time>
      </trkpt>
      <trkpt lat="26.8252884" lon="75.8466591">
        <time>2024-02-15T05:41:55Z</time>
      </trkpt>
      <trkpt lat="26.8253111" lon="75.8466552">
        <time>2024-02-15T05:41:56Z</time>
      </trkpt>
      <trkpt lat="26.8253309" lon="75.8466523">
        <time>2024-02-15T05:41:57Z</time>
      </trkpt>
      <trkpt lat="26.8253562" lon="75.8466459">
        <time>2024-02-15T05:41:58Z</time>
      </trkpt>
      <trkpt lat="26.8253893" lon="75.8466365">
        <time>2024-02-15T05:41:59Z</time>
      </trkpt>
      <trkpt lat="26.8254331" lon="75.8466264">
        <time>2024-02-15T05:42:00Z</time>
      </trkpt>
      <trkpt lat="26.8254769" lon="75.8466103">
        <time>2024-02-15T05:42:01Z</time>
      </trkpt>
      <trkpt lat="26.8255295" lon="75.8465839">
        <time>2024-02-15T05:42:02Z</time>
      </trkpt>
      <trkpt lat="26.8255798" lon="75.8465638">
        <time>2024-02-15T05:42:03Z</time>
      </trkpt>
      <trkpt lat="26.8256333" lon="75.8465346">
        <time>2024-02-15T05:42:04Z</time>
      </trkpt>
      <trkpt lat="26.8256940" lon="75.8465051">
        <time>2024-02-15T05:42:05Z</time>
      </trkpt>
      <trkpt lat="26.8257571" lon="75.8464741">
        <time>2024-02-15T05:42:06Z</time>
      </trkpt>
      <trkpt lat="26.8258285" lon="75.8464422">
        <time>2024-02-15T05:42:07Z</time>
      </trkpt>
      <trkpt lat="26.8259061" lon="75.8464053">
        <time>2024-02-15T05:42:08Z</time>
      </trkpt>
      <trkpt lat="26.8259903" lon="75.8463663">
        <time>2024-02-15T05:42:09Z</time>
      </trkpt>
      <trkpt lat="26.8260790" lon="75.8463262">
        <time>2024-02-15T05:42:10Z</time>
      </trkpt>
      <trkpt lat="26.8261644" lon="75.8462833">
        <time>2024-02-15T05:42:11Z</time>
      </trkpt>
      <trkpt lat="26.8262446" lon="75.8462408">
        <time>2024-02-15T05:42:12Z</time>
      </trkpt>
      <trkpt lat="26.8263330" lon="75.8461939">
        <time>2024-02-15T05:42:13Z</time>
      </trkpt>
      <trkpt lat="26.8264190" lon="75.8461492">
        <time>2024-02-15T05:42:14Z</time>
      </trkpt>
      <trkpt lat="26.8265098" lon="75.8461009">
        <time>2024-02-15T05:42:15Z</time>
      </trkpt>
      <trkpt lat="26.8266049" lon="75.8460482">
        <time>2024-02-15T05:42:16Z</time>
      </trkpt>
      <trkpt lat="26.8267080" lon="75.8460056">
        <time>2024-02-15T05:42:17Z</time>
      </trkpt>
      <trkpt lat="26.8268081" lon="75.8459474">
        <time>2024-02-15T05:42:18Z</time>
      </trkpt>
      <trkpt lat="26.8269074" lon="75.8458982">
        <time>2024-02-15T05:42:19Z</time>
      </trkpt>
      <trkpt lat="26.8270109" lon="75.8458445">
        <time>2024-02-15T05:42:20Z</time>
      </trkpt>
      <trkpt lat="26.8271100" lon="75.8457897">
        <time>2024-02-15T05:42:21Z</time>
      </trkpt>
      <trkpt lat="26.8272053" lon="75.8457324">
        <time>2024-02-15T05:42:22Z</time>
      </trkpt>
      <trkpt lat="26.8272971" lon="75.8456795">
        <time>2024-02-15T05:42:23Z</time>
      </trkpt>
      <trkpt lat="26.8273864" lon="75.8456249">
        <time>2024-02-15T05:42:24Z</time>
      </trkpt>
      <trkpt lat="26.8274701" lon="75.8455778">
        <time>2024-02-15T05:42:25Z</time>
      </trkpt>
      <trkpt lat="26.8275465" lon="75.8455321">
        <time>2024-02-15T05:42:26Z</time>
      </trkpt>
      <trkpt lat="26.8276195" lon="75.8454804">
        <time>2024-02-15T05:42:27Z</time>
      </trkpt>
      <trkpt lat="26.8276850" lon="75.8454339">
        <time>2024-02-15T05:42:28Z</time>
      </trkpt>
      <trkpt lat="26.8277396" lon="75.8453868">
        <time>2024-02-15T05:42:29Z</time>
      </trkpt>
      <trkpt lat="26.8277861" lon="75.8453506">
        <time>2024-02-15T05:42:30Z</time>
      </trkpt>
      <trkpt lat="26.8278226" lon="75.8453197">
        <time>2024-02-15T05:42:31Z</time>
      </trkpt>
      <trkpt lat="26.8278589" lon="75.8452924">
        <time>2024-02-15T05:42:32Z</time>
      </trkpt>
      <trkpt lat="26.8278934" lon="75.8452704">
        <time>2024-02-15T05:42:33Z</time>
      </trkpt>
      <trkpt lat="26.8279234" lon="75.8452431">
        <time>2024-02-15T05:42:34Z</time>
      </trkpt>
      <trkpt lat="26.8279525" lon="75.8452131">
        <time>2024-02-15T05:42:35Z</time>
      </trkpt>
      <trkpt lat="26.8279866" lon="75.8451858">
        <time>2024-02-15T05:42:36Z</time>
      </trkpt>
      <trkpt lat="26.8280158" lon="75.8451645">
        <time>2024-02-15T05:42:37Z</time>
      </trkpt>
      <trkpt lat="26.8280439" lon="75.8451421">
        <time>2024-02-15T05:42:38Z</time>
      </trkpt>
      <trkpt lat="26.8280756" lon="75.8451163">
        <time>2024-02-15T05:42:39Z</time>
      </trkpt>
      <trkpt lat="26.8281099" lon="75.8450803">
        <time>2024-02-15T05:42:40Z</time>
      </trkpt>
      <trkpt lat="26.8281540" lon="75.8450424">
        <time>2024-02-15T05:42:41Z</time>
      </trkpt>
      <trkpt lat="26.8282031" lon="75.8450002">
        <time>2024-02-15T05:42:42Z</time>
      </trkpt>
      <trkpt lat="26.8282626" lon="75.8449589">
        <time>2024-02-15T05:42:43Z</time>
      </trkpt>
      <trkpt lat="26.8283130" lon="75.8449155">
        <time>2024-02-15T05:42:44Z</time>
      </trkpt>
      <trkpt lat="26.8283673" lon="75.8448660">
        <time>2024-02-15T05:42:45Z</time>
      </trkpt>
      <trkpt lat="26.8284252" lon="75.8448156">
        <time>2024-02-15T05:42:46Z</time>
      </trkpt>
      <trkpt lat="26.8284955" lon="75.8447599">
        <time>2024-02-15T05:42:47Z</time>
      </trkpt>
      <trkpt lat="26.8285670" lon="75.8446995">
        <time>2024-02-15T05:42:48Z</time>
      </trkpt>
      <trkpt lat="26.8286420" lon="75.8446355">
        <time>2024-02-15T05:42:49Z</time>
      </trkpt>
      <trkpt lat="26.8287225" lon="75.8445697">
        <time>2024-02-15T05:42:50Z</time>
      </trkpt>
      <trkpt lat="26.8288085" lon="75.8444971">
        <time>2024-02-15T05:42:51Z</time>
      </trkpt>
      <trkpt lat="26.8289015" lon="75.8444314">
        <time>2024-02-15T05:42:52Z</time>
      </trkpt>
      <trkpt lat="26.8289907" lon="75.8443560">
        <time>2024-02-15T05:42:53Z</time>
      </trkpt>
      <trkpt lat="26.8290821" lon="75.8442809">
        <time>2024-02-15T05:42:54Z</time>
      </trkpt>
      <trkpt lat="26.8291749" lon="75.8442062">
        <time>2024-02-15T05:42:55Z</time>
      </trkpt>
      <trkpt lat="26.8292677" lon="75.8441319">
        <time>2024-02-15T05:42:56Z</time>
      </trkpt>
      <trkpt lat="26.8293641" lon="75.8440533">
        <time>2024-02-15T05:42:57Z</time>
      </trkpt>
      <trkpt lat="26.8294656" lon="75.8439621">
        <time>2024-02-15T05:42:58Z</time>
      </trkpt>
      <trkpt lat="26.8295700" lon="75.8438753">
        <time>2024-02-15T05:42:59Z</time>
      </trkpt>
      <trkpt lat="26.8296753" lon="75.8437826">
        <time>2024-02-15T05:43:00Z</time>
      </trkpt>
      <trkpt lat="26.8297845" lon="75.8436959">
        <time>2024-02-15T05:43:01Z</time>
      </trkpt>
      <trkpt lat="26.8298876" lon="75.8436063">
        <time>2024-02-15T05:43:02Z</time>
      </trkpt>
      <trkpt lat="26.8299872" lon="75.8435187">
        <time>2024-02-15T05:43:03Z</time>
      </trkpt>
      <trkpt lat="26.8300898" lon="75.8434251">
        <time>2024-02-15T05:43:04Z</time>
      </trkpt>
      <trkpt lat="26.8302030" lon="75.8433349">
        <time>2024-02-15T05:43:05Z</time>
      </trkpt>
      <trkpt lat="26.8303057" lon="75.8432358">
        <time>2024-02-15T05:43:06Z</time>
      </trkpt>
      <trkpt lat="26.8304069" lon="75.8431288">
        <time>2024-02-15T05:43:07Z</time>
      </trkpt>
      <trkpt lat="26.8305085" lon="75.8430216">
        <time>2024-02-15T05:43:08Z</time>
      </trkpt>
      <trkpt lat="26.8306106" lon="75.8429121">
        <time>2024-02-15T05:43:09Z</time>
      </trkpt>
      <trkpt lat="26.8307095" lon="75.8428002">
        <time>2024-02-15T05:43:10Z</time>
      </trkpt>
      <trkpt lat="26.8308046" lon="75.8426981">
        <time>2024-02-15T05:43:11Z</time>
      </trkpt>
      <trkpt lat="26.8309031" lon="75.8425941">
        <time>2024-02-15T05:43:12Z</time>
      </trkpt>
      <trkpt lat="26.8309962" lon="75.8424856">
        <time>2024-02-15T05:43:13Z</time>
      </trkpt>
      <trkpt lat="26.8310953" lon="75.8423768">
        <time>2024-02-15T05:43:14Z</time>
      </trkpt>
      <trkpt lat="26.8311937" lon="75.8422611">
        <time>2024-02-15T05:43:15Z</time>
      </trkpt>
      <trkpt lat="26.8312920" lon="75.8421403">
        <time>2024-02-15T05:43:16Z</time>
      </trkpt>
      <trkpt lat="26.8313954" lon="75.8420132">
        <time>2024-02-15T05:43:17Z</time>
      </trkpt>
      <trkpt lat="26.8314993" lon="75.8418901">
        <time>2024-02-15T05:43:18Z</time>
      </trkpt>
      <trkpt lat="26.8316039" lon="75.8417712">
        <time>2024-02-15T05:43:19Z</time>
      </trkpt>
      <trkpt lat="26.8316971" lon="75.8416531">
        <time>2024-02-15T05:43:20Z</time>
      </trkpt>
      <trkpt lat="26.8317857" lon="75.8415340">
        <time>2024-02-15T05:43:21Z</time>
      </trkpt>
      <trkpt lat="26.8318720" lon="75.8414181">
        <time>2024-02-15T05:43:22Z</time>
      </trkpt>
      <trkpt lat="26.8319599" lon="75.8413037">
        <time>2024-02-15T05:43:23Z</time>
      </trkpt>
      <trkpt lat="26.8320443" lon="75.8411913">
        <time>2024-02-15T05:43:24Z</time>
      </trkpt>
      <trkpt lat="26.8321277" lon="75.8410776">
        <time>2024-02-15T05:43:25Z</time>
      </trkpt>
      <trkpt lat="26.8322069" lon="75.8409653">
        <time>2024-02-15T05:43:26Z</time>
      </trkpt>
      <trkpt lat="26.8322867" lon="75.8408615">
        <time>2024-02-15T05:43:27Z</time>
      </trkpt>
      <trkpt lat="26.8323638" lon="75.8407561">
        <time>2024-02-15T05:43:28Z</time>
      </trkpt>
      <trkpt lat="26.8324329" lon="75.8406560">
        <time>2024-02-15T05:43:29Z</time>
      </trkpt>
      <trkpt lat="26.8324975" lon="75.8405574">
        <time>2024-02-15T05:43:30Z</time>
      </trkpt>
      <trkpt lat="26.8325572" lon="75.8404580">
        <time>2024-02-15T05:43:31Z</time>
      </trkpt>
      <trkpt lat="26.8326135" lon="75.8403643">
        <time>2024-02-15T05:43:32Z</time>
      </trkpt>
      <trkpt lat="26.8326767" lon="75.8402586">
        <time>2024-02-15T05:43:33Z</time>
      </trkpt>
      <trkpt lat="26.8327370" lon="75.8401660">
        <time>2024-02-15T05:43:34Z</time>
      </trkpt>
      <trkpt lat="26.8328014" lon="75.8400619">
        <time>2024-02-15T05:43:35Z</time>
      </trkpt>
      <trkpt lat="26.8328640" lon="75.8399577">
        <time>2024-02-15T05:43:36Z</time>
      </trkpt>
      <trkpt lat="26.8329306" lon="75.8398547">
        <time>2024-02-15T05:43:37Z</time>
      </trkpt>
      <trkpt lat="26.8329930" lon="75.8397501">
        <time>2024-02-15T05:43:38Z</time>
      </trkpt>
      <trkpt lat="26.8330569" lon="75.8396417">
        <time>2024-02-15T05:43:39Z</time>
      </trkpt>
      <trkpt lat="26.8331238" lon="75.8395360">
        <time>2024-02-15T05:43:40Z</time>
      </trkpt>
      <trkpt lat="26.8331839" lon="75.8394308">
        <time>2024-02-15T05:43:41Z</time>
      </trkpt>
      <trkpt lat="26.8332377" lon="75.8393329">
        <time>2024-02-15T05:43:42Z</time>
      </trkpt>
      <trkpt lat="26.8332879" lon="75.8392304">
        <time>2024-02-15T05:43:43Z</time>
      </trkpt>
      <trkpt lat="26.8333377" lon="75.8391400">
        <time>2024-02-15T05:43:44Z</time>
      </trkpt>
      <trkpt lat="26.8333852" lon="75.8390439">
        <time>2024-02-15T05:43:45Z</time>
      </trkpt>
      <trkpt lat="26.8334281" lon="75.8389507">
        <time>2024-02-15T05:43:46Z</time>
      </trkpt>
      <trkpt lat="26.8334690" lon="75.8388646">
        <time>2024-02-15T05:43:47Z</time>
      </trkpt>
      <trkpt lat="26.8335102" lon="75.8387734">
        <time>2024-02-15T05:43:48Z</time>
      </trkpt>
      <trkpt lat="26.8335531" lon="75.8386900">
        <time>2024-02-15T05:43:49Z</time>
      </trkpt>
      <trkpt lat="26.8335974" lon="75.8386000">
        <time>2024-02-15T05:43:50Z</time>
      </trkpt>
      <trkpt lat="26.8336399" lon="75.8385090">
        <time>2024-02-15T05:43:51Z</time>
      </trkpt>
      <trkpt lat="26.8336853" lon="75.8384143">
        <time>2024-02-15T05:43:52Z</time>
      </trkpt>
      <trkpt lat="26.8337294" lon="75.8383146">
        <time>2024-02-15T05:43:53Z</time>
      </trkpt>
      <trkpt lat="26.8337743" lon="75.8382177">
        <time>2024-02-15T05:43:54Z</time>
      </trkpt>
      <trkpt lat="26.8338240" lon="75.8381202">
        <time>2024-02-15T05:43:55Z</time>
      </trkpt>
      <trkpt lat="26.8338761" lon="75.8380309">
        <time>2024-02-15T05:43:56Z</time>
      </trkpt>
      <trkpt lat="26.8339259" lon="75.8379309">
        <time>2024-02-15T05:43:57Z</time>
      </trkpt>
      <trkpt lat="26.8339762" lon="75.8378343">
        <time>2024-02-15T05:43:58Z</time>
      </trkpt>
      <trkpt lat="26.8340243" lon="75.8377297">
        <time>2024-02-15T05:43:59Z</time>
      </trkpt>
      <trkpt lat="26.8340677" lon="75.8376226">
        <time>2024-02-15T05:44:00Z</time>
      </trkpt>
      <trkpt lat="26.8341180" lon="75.8375246">
        <time>2024-02-15T05:44:01Z</time>
      </trkpt>
      <trkpt lat="26.8341628" lon="75.8374309">
        <time>2024-02-15T05:44:02Z</time>
      </trkpt>
      <trkpt lat="26.8342069" lon="75.8373503">
        <time>2024-02-15T05:44:03Z</time>
      </trkpt>
      <trkpt lat="26.8342483" lon="75.8372732">
        <time>2024-02-15T05:44:04Z</time>
      </trkpt>
      <trkpt lat="26.8342932" lon="75.8371892">
        <time>2024-02-15T05:44:05Z</time>
      </trkpt>
      <trkpt lat="26.8343353" lon="75.8371112">
        <time>2024-02-15T05:44:06Z</time>
      </trkpt>
      <trkpt lat="26.8343805" lon="75.8370312">
        <time>2024-02-15T05:44:07Z</time>
      </trkpt>
      <trkpt lat="26.8344333" lon="75.8369490">
        <time>2024-02-15T05:44:08Z</time>
      </trkpt>
      <trkpt lat="26.8344824" lon="75.8368740">
        <time>2024-02-15T05:44:09Z</time>
      </trkpt>
      <trkpt lat="26.8345312" lon="75.8367931">
        <time>2024-02-15T05:44:10Z</time>
      </trkpt>
      <trkpt lat="26.8345881" lon="75.8367105">
        <time>2024-02-15T05:44:11Z</time>
      </trkpt>
      <trkpt lat="26.8346443" lon="75.8366296">
        <time>2024-02-15T05:44:12Z</time>
      </trkpt>
      <trkpt lat="26.8347017" lon="75.8365427">
        <time>2024-02-15T05:44:13Z</time>
      </trkpt>
      <trkpt lat="26.8347573" lon="75.8364526">
        <time>2024-02-15T05:44:14Z</time>
      </trkpt>
      <trkpt lat="26.8348146" lon="75.8363622">
        <time>2024-02-15T05:44:15Z</time>
      </trkpt>
      <trkpt lat="26.8348788" lon="75.8362759">
        <time>2024-02-15T05:44:16Z</time>
      </trkpt>
      <trkpt lat="26.8349431" lon="75.8361910">
        <time>2024-02-15T05:44:17Z</time>
      </trkpt>
      <trkpt lat="26.8350107" lon="75.8361098">
        <time>2024-02-15T05:44:18Z</time>
      </trkpt>
      <trkpt lat="26.8350812" lon="75.8360299">
        <time>2024-02-15T05:44:19Z</time>
      </trkpt>
      <trkpt lat="26.8351545" lon="75.8359476">
        <time>2024-02-15T05:44:20Z</time>
      </trkpt>
      <trkpt lat="26.8352315" lon="75.8358663">
        <time>2024-02-15T05:44:21Z</time>
      </trkpt>
      <trkpt lat="26.8353091" lon="75.8357805">
        <time>2024-02-15T05:44:22Z</time>
      </trkpt>
      <trkpt lat="26.8353974" lon="75.8356932">
        <time>2024-02-15T05:44:23Z</time>
      </trkpt>
      <trkpt lat="26.8354842" lon="75.8356064">
        <time>2024-02-15T05:44:24Z</time>
      </trkpt>
      <trkpt lat="26.8355778" lon="75.8355248">
        <time>2024-02-15T05:44:25Z</time>
      </trkpt>
      <trkpt lat="26.8356774" lon="75.8354425">
        <time>2024-02-15T05:44:26Z</time>
      </trkpt>
      <trkpt lat="26.8357775" lon="75.8353569">
        <time>2024-02-15T05:44:27Z</time>
      </trkpt>
      <trkpt lat="26.8358814" lon="75.8352779">
        <time>2024-02-15T05:44:28Z</time>
      </trkpt>
      <trkpt lat="26.8359848" lon="75.8351987">
        <time>2024-02-15T05:44:29Z</time>
      </trkpt>
      <trkpt lat="26.8360927" lon="75.8351208">
        <time>2024-02-15T05:44:30Z</time>
      </trkpt>
      <trkpt lat="26.8362032" lon="75.8350438">
        <time>2024-02-15T05:44:31Z</time>
      </trkpt>
      <trkpt lat="26.8363126" lon="75.8349710">
        <time>2024-02-15T05:44:32Z</time>
      </trkpt>
      <trkpt lat="26.8364253" lon="75.8349063">
        <time>2024-02-15T05:44:33Z</time>
      </trkpt>
      <trkpt lat="26.8365458" lon="75.8348376">
        <time>2024-02-15T05:44:34Z</time>
      </trkpt>
      <trkpt lat="26.8366622" lon="75.8347761">
        <time>2024-02-15T05:44:35Z</time>
      </trkpt>
      <trkpt lat="26.8367803" lon="75.8347180">
        <time>2024-02-15T05:44:36Z</time>
      </trkpt>
      <trkpt lat="26.8368987" lon="75.8346551">
        <time>2024-02-15T05:44:37Z</time>
      </trkpt>
      <trkpt lat="26.8370194" lon="75.8345941">
        <time>2024-02-15T05:44:38Z</time>
      </trkpt>
      <trkpt lat="26.8371420" lon="75.8345334">
        <time>2024-02-15T05:44:39Z</time>
      </trkpt>
      <trkpt lat="26.8372622" lon="75.8344687">
        <time>2024-02-15T05:44:40Z</time>
      </trkpt>
      <trkpt lat="26.8373878" lon="75.8344019">
        <time>2024-02-15T05:44:41Z</time>
      </trkpt>
      <trkpt lat="26.8375138" lon="75.8343362">
        <time>2024-02-15T05:44:42Z</time>
      </trkpt>
      <trkpt lat="26.8376409" lon="75.8342699">
        <time>2024-02-15T05:44:43Z</time>
      </trkpt>
      <trkpt lat="26.8377634" lon="75.8342008">
        <time>2024-02-15T05:44:44Z</time>
      </trkpt>
      <trkpt lat="26.8378864" lon="75.8341406">
        <time>2024-02-15T05:44:45Z</time>
      </trkpt>
      <trkpt lat="26.8380095" lon="75.8340783">
        <time>2024-02-15T05:44:46Z</time>
      </trkpt>
      <trkpt lat="26.8381358" lon="75.8340114">
        <time>2024-02-15T05:44:47Z</time>
      </trkpt>
      <trkpt lat="26.8382611" lon="75.8339444">
        <time>2024-02-15T05:44:48Z</time>
      </trkpt>
      <trkpt lat="26.8383819" lon="75.8338810">
        <time>2024-02-15T05:44:49Z</time>
      </trkpt>
      <trkpt lat="26.8385021" lon="75.8338211">
        <time>2024-02-15T05:44:50Z</time>
      </trkpt>
      <trkpt lat="26.8386164" lon="75.8337659">
        <time>2024-02-15T05:44:51Z</time>
      </trkpt>
      <trkpt lat="26.8387274" lon="75.8337037">
        <time>2024-02-15T05:44:52Z</time>
      </trkpt>
      <trkpt lat="26.8388346" lon="75.8336489">
        <time>2024-02-15T05:44:53Z</time>
      </trkpt>
      <trkpt lat="26.8389386" lon="75.8335943">
        <time>2024-02-15T05:44:54Z</time>
      </trkpt>
      <trkpt lat="26.8390422" lon="75.8335474">
        <time>2024-02-15T05:44:55Z</time>
      </trkpt>
      <trkpt lat="26.8391466" lon="75.8334919">
        <time>2024-02-15T05:44:56Z</time>
      </trkpt>
      <trkpt lat="26.8392445" lon="75.8334413">
        <time>2024-02-15T05:44:57Z</time>
      </trkpt>
      <trkpt lat="26.8393440" lon="75.8333907">
        <time>2024-02-15T05:44:58Z</time>
      </trkpt>
      <trkpt lat="26.8394430" lon="75.8333294">
        <time>2024-02-15T05:44:59Z</time>
      </trkpt>
      <trkpt lat="26.8395390" lon="75.8332748">
        <time>2024-02-15T05:45:00Z</time>
      </trkpt>
      <trkpt lat="26.8396356" lon="75.8332153">
        <time>2024-02-15T05:45:01Z</time>
      </trkpt>
      <trkpt lat="26.8397263" lon="75.8331511">
        <time>2024-02-15T05:45:02Z</time>
      </trkpt>
      <trkpt lat="26.8398179" lon="75.8330808">
        <time>2024-02-15T05:45:03Z</time>
      </trkpt>
      <trkpt lat="26.8399091" lon="75.8330110">
        <time>2024-02-15T05:45:04Z</time>
      </trkpt>
      <trkpt lat="26.8399998" lon="75.8329432">
        <time>2024-02-15T05:45:05Z</time>
      </trkpt>
      <trkpt lat="26.8400910" lon="75.8328732">
        <time>2024-02-15T05:45:06Z</time>
      </trkpt>
      <trkpt lat="26.8401812" lon="75.8328075">
        <time>2024-02-15T05:45:07Z</time>
      </trkpt>
      <trkpt lat="26.8402695" lon="75.8327375">
        <time>2024-02-15T05:45:08Z</time>
      </trkpt>
      <trkpt lat="26.8403557" lon="75.8326709">
        <time>2024-02-15T05:45:09Z</time>
      </trkpt>
      <trkpt lat="26.8404432" lon="75.8326022">
        <time>2024-02-15T05:45:10Z</time>
      </trkpt>
      <trkpt lat="26.8405311" lon="75.8325349">
        <time>2024-02-15T05:45:11Z</time>
      </trkpt>
      <trkpt lat="26.8406167" lon="75.8324615">
        <time>2024-02-15T05:45:12Z</time>
      </trkpt>
      <trkpt lat="26.8407066" lon="75.8323910">
        <time>2024-02-15T05:45:13Z</time>
      </trkpt>
      <trkpt lat="26.8407953" lon="75.8323175">
        <time>2024-02-15T05:45:14Z</time>
      </trkpt>
      <trkpt lat="26.8408842" lon="75.8322470">
        <time>2024-02-15T05:45:15Z</time>
      </trkpt>
      <trkpt lat="26.8409788" lon="75.8321751">
        <time>2024-02-15T05:45:16Z</time>
      </trkpt>
      <trkpt lat="26.8410736" lon="75.8321068">
        <time>2024-02-15T05:45:17Z</time>
      </trkpt>
      <trkpt lat="26.8411700" lon="75.8320393">
        <time>2024-02-15T05:45:18Z</time>
      </trkpt>
      <trkpt lat="26.8412676" lon="75.8319736">
        <time>2024-02-15T05:45:19Z</time>
      </trkpt>
      <trkpt lat="26.8413636" lon="75.8319077">
        <time>2024-02-15T05:45:20Z</time>
      </trkpt>
      <trkpt lat="26.8414576" lon="75.8318427">
        <time>2024-02-15T05:45:21Z</time>
      </trkpt>
      <trkpt lat="26.8415503" lon="75.8317728">
        <time>2024-02-15T05:45:22Z</time>
      </trkpt>
      <trkpt lat="26.8416489" lon="75.8316983">
        <time>2024-02-15T05:45:23Z</time>
      </trkpt>
      <trkpt lat="26.8417436" lon="75.8316260">
        <time>2024-02-15T05:45:24Z</time>
      </trkpt>
      <trkpt lat="26.8418410" lon="75.8315485">
        <time>2024-02-15T05:45:25Z</time>
      </trkpt>
      <trkpt lat="26.8419371" lon="75.8314797">
        <time>2024-02-15T05:45:26Z</time>
      </trkpt>
      <trkpt lat="26.8420382" lon="75.8314094">
        <time>2024-02-15T05:45:27Z</time>
      </trkpt>
      <trkpt lat="26.8421340" lon="75.8313338">
        <time>2024-02-15T05:45:28Z</time>
      </trkpt>
      <trkpt lat="26.8422300" lon="75.8312647">
        <time>2024-02-15T05:45:29Z</time>
      </trkpt>
      <trkpt lat="26.8423241" lon="75.8312005">
        <time>2024-02-15T05:45:30Z</time>
      </trkpt>
      <trkpt lat="26.8424225" lon="75.8311384">
        <time>2024-02-15T05:45:31Z</time>
      </trkpt>
      <trkpt lat="26.8425156" lon="75.8310727">
        <time>2024-02-15T05:45:32Z</time>
      </trkpt>
      <trkpt lat="26.8425739" lon="75.8310321">
        <time>2024-02-15T05:45:33Z</time>
      </trkpt>
      <trkpt lat="26.8426449" lon="75.8309810">
        <time>2024-02-15T05:45:34Z</time>
      </trkpt>
      <trkpt lat="26.8426594" lon="75.8309715">
        <time>2024-02-15T05:45:35Z</time>
      </trkpt>
      <trkpt lat="26.8426984" lon="75.8309537">
        <time>2024-02-15T05:45:36Z</time>
      </trkpt>
      <trkpt lat="26.8427468" lon="75.8309281">
        <time>2024-02-15T05:45:37Z</time>
      </trkpt>
      <trkpt lat="26.8427821" lon="75.8309033">
        <time>2024-02-15T05:45:38Z</time>
      </trkpt>
      <trkpt lat="26.8428122" lon="75.8308709">
        <time>2024-02-15T05:45:39Z</time>
      </trkpt>
      <trkpt lat="26.8428491" lon="75.8308445">
        <time>2024-02-15T05:45:40Z</time>
      </trkpt>
      <trkpt lat="26.8428852" lon="75.8308116">
        <time>2024-02-15T05:45:41Z</time>
      </trkpt>
      <trkpt lat="26.8429409" lon="75.8307817">
        <time>2024-02-15T05:45:42Z</time>
      </trkpt>
      <trkpt lat="26.8429907" lon="75.8307400">
        <time>2024-02-15T05:45:43Z</time>
      </trkpt>
      <trkpt lat="26.8430487" lon="75.8307035">
        <time>2024-02-15T05:45:44Z</time>
      </trkpt>
      <trkpt lat="26.8431114" lon="75.8306611">
        <time>2024-02-15T05:45:45Z</time>
      </trkpt>
      <trkpt lat="26.8431748" lon="75.8306151">
        <time>2024-02-15T05:45:46Z</time>
      </trkpt>
      <trkpt lat="26.8432289" lon="75.8305648">
        <time>2024-02-15T05:45:47Z</time>
      </trkpt>
      <trkpt lat="26.8433119" lon="75.8305256">
        <time>2024-02-15T05:45:48Z</time>
      </trkpt>
      <trkpt lat="26.8433816" lon="75.8304787">
        <time>2024-02-15T05:45:49Z</time>
      </trkpt>
      <trkpt lat="26.8434631" lon="75.8304209">
        <time>2024-02-15T05:45:50Z</time>
      </trkpt>
      <trkpt lat="26.8435383" lon="75.8303642">
        <time>2024-02-15T05:45:51Z</time>
      </trkpt>
      <trkpt lat="26.8436073" lon="75.8303157">
        <time>2024-02-15T05:45:52Z</time>
      </trkpt>
      <trkpt lat="26.8436751" lon="75.8302615">
        <time>2024-02-15T05:45:53Z</time>
      </trkpt>
      <trkpt lat="26.8437443" lon="75.8302077">
        <time>2024-02-15T05:45:54Z</time>
      </trkpt>
      <trkpt lat="26.8438067" lon="75.8301532">
        <time>2024-02-15T05:45:55Z</time>
      </trkpt>
      <trkpt lat="26.8438725" lon="75.8301028">
        <time>2024-02-15T05:45:56Z</time>
      </trkpt>
      <trkpt lat="26.8439235" lon="75.8300705">
        <time>2024-02-15T05:45:57Z</time>
      </trkpt>
      <trkpt lat="26.8439616" lon="75.8300397">
        <time>2024-02-15T05:45:58Z</time>
      </trkpt>
      <trkpt lat="26.8440031" lon="75.8300083">
        <time>2024-02-15T05:45:59Z</time>
      </trkpt>
      <trkpt lat="26.8440308" lon="75.8299875">
        <time>2024-02-15T05:46:00Z</time>
      </trkpt>
      <trkpt lat="26.8440596" lon="75.8299651">
        <time>2024-02-15T05:46:01Z</time>
      </trkpt>
      <trkpt lat="26.8440843" lon="75.8299500">
        <time>2024-02-15T05:46:02Z</time>
      </trkpt>
      <trkpt lat="26.8440988" lon="75.8299371">
        <time>2024-02-15T05:46:03Z</time>
      </trkpt>
      <trkpt lat="26.8441142" lon="75.8299310">
        <time>2024-02-15T05:46:04Z</time>
      </trkpt>
      <trkpt lat="26.8441195" lon="75.8299258">
        <time>2024-02-15T05:46:05Z</time>
      </trkpt>
      <trkpt lat="26.8441262" lon="75.8299262">
        <time>2024-02-15T05:46:06Z</time>
      </trkpt>
      <trkpt lat="26.8441260" lon="75.8299271">
        <time>2024-02-15T05:46:07Z</time>
      </trkpt>
      <trkpt lat="26.8441277" lon="75.8299258">
        <time>2024-02-15T05:46:08Z</time>
      </trkpt>
      <trkpt lat="26.8441379" lon="75.8299168">
        <time>2024-02-15T05:46:09Z</time>
      </trkpt>
      <trkpt lat="26.8441559" lon="75.8299042">
        <time>2024-02-15T05:46:10Z</time>
      </trkpt>
      <trkpt lat="26.8441820" lon="75.8298841">
        <time>2024-02-15T05:46:11Z</time>
      </trkpt>
      <trkpt lat="26.8442134" lon="75.8298608">
        <time>2024-02-15T05:46:12Z</time>
      </trkpt>
      <trkpt lat="26.8442450" lon="75.8298378">
        <time>2024-02-15T05:46:13Z</time>
      </trkpt>
      <trkpt lat="26.8442795" lon="75.8298125">
        <time>2024-02-15T05:46:14Z</time>
      </trkpt>
      <trkpt lat="26.8443160" lon="75.8297806">
        <time>2024-02-15T05:46:15Z</time>
      </trkpt>
      <trkpt lat="26.8443675" lon="75.8297427">
        <time>2024-02-15T05:46:16Z</time>
      </trkpt>
      <trkpt lat="26.8444296" lon="75.8296988">
        <time>2024-02-15T05:46:17Z</time>
      </trkpt>
      <trkpt lat="26.8444823" lon="75.8296574">
        <time>2024-02-15T05:46:18Z</time>
      </trkpt>
      <trkpt lat="26.8445386" lon="75.8296160">
        <time>2024-02-15T05:46:19Z</time>
      </trkpt>
      <trkpt lat="26.8445960" lon="75.8295751">
        <time>2024-02-15T05:46:20Z</time>
      </trkpt>
      <trkpt lat="26.8446645" lon="75.8295364">
        <time>2024-02-15T05:46:21Z</time>
      </trkpt>
      <trkpt lat="26.8447385" lon="75.8294948">
        <time>2024-02-15T05:46:22Z</time>
      </trkpt>
      <trkpt lat="26.8448077" lon="75.8294430">
        <time>2024-02-15T05:46:23Z</time>
      </trkpt>
      <trkpt lat="26.8448799" lon="75.8293909">
        <time>2024-02-15T05:46:24Z</time>
      </trkpt>
      <trkpt lat="26.8449593" lon="75.8293393">
        <time>2024-02-15T05:46:25Z</time>
      </trkpt>
      <trkpt lat="26.8450430" lon="75.8292789">
        <time>2024-02-15T05:46:26Z</time>
      </trkpt>
      <trkpt lat="26.8451287" lon="75.8292131">
        <time>2024-02-15T05:46:27Z</time>
      </trkpt>
      <trkpt lat="26.8452228" lon="75.8291419">
        <time>2024-02-15T05:46:28Z</time>
      </trkpt>
      <trkpt lat="26.8453260" lon="75.8290780">
        <time>2024-02-15T05:46:29Z</time>
      </trkpt>
      <trkpt lat="26.8454228" lon="75.8290111">
        <time>2024-02-15T05:46:30Z</time>
      </trkpt>
      <trkpt lat="26.8455208" lon="75.8289461">
        <time>2024-02-15T05:46:31Z</time>
      </trkpt>
      <trkpt lat="26.8456175" lon="75.8288776">
        <time>2024-02-15T05:46:32Z</time>
      </trkpt>
      <trkpt lat="26.8457134" lon="75.8288105">
        <time>2024-02-15T05:46:33Z</time>
      </trkpt>
      <trkpt lat="26.8458100" lon="75.8287404">
        <time>2024-02-15T05:46:34Z</time>
      </trkpt>
      <trkpt lat="26.8459030" lon="75.8286712">
        <time>2024-02-15T05:46:35Z</time>
      </trkpt>
      <trkpt lat="26.8459999" lon="75.8286082">
        <time>2024-02-15T05:46:36Z</time>
      </trkpt>
      <trkpt lat="26.8460962" lon="75.8285408">
        <time>2024-02-15T05:46:37Z</time>
      </trkpt>
      <trkpt lat="26.8461914" lon="75.8284748">
        <time>2024-02-15T05:46:38Z</time>
      </trkpt>
      <trkpt lat="26.8462873" lon="75.8284110">
        <time>2024-02-15T05:46:39Z</time>
      </trkpt>
      <trkpt lat="26.8463776" lon="75.8283444">
        <time>2024-02-15T05:46:40Z</time>
      </trkpt>
      <trkpt lat="26.8464746" lon="75.8282795">
        <time>2024-02-15T05:46:41Z</time>
      </trkpt>
      <trkpt lat="26.8465726" lon="75.8282109">
        <time>2024-02-15T05:46:42Z</time>
      </trkpt>
      <trkpt lat="26.8466665" lon="75.8281405">
        <time>2024-02-15T05:46:43Z</time>
      </trkpt>
      <trkpt lat="26.8467687" lon="75.8280660">
        <time>2024-02-15T05:46:44Z</time>
      </trkpt>
      <trkpt lat="26.8468736" lon="75.8279885">
        <time>2024-02-15T05:46:45Z</time>
      </trkpt>
      <trkpt lat="26.8469656" lon="75.8279135">
        <time>2024-02-15T05:46:46Z</time>
      </trkpt>
      <trkpt lat="26.8470662" lon="75.8278430">
        <time>2024-02-15T05:46:47Z</time>
      </trkpt>
      <trkpt lat="26.8471659" lon="75.8277693">
        <time>2024-02-15T05:46:48Z</time>
      </trkpt>
      <trkpt lat="26.8472607" lon="75.8277075">
        <time>2024-02-15T05:46:49Z</time>
      </trkpt>
      <trkpt lat="26.8473546" lon="75.8276370">
        <time>2024-02-15T05:46:50Z</time>
      </trkpt>
      <trkpt lat="26.8474417" lon="75.8275749">
        <time>2024-02-15T05:46:51Z</time>
      </trkpt>
      <trkpt lat="26.8475257" lon="75.8275084">
        <time>2024-02-15T05:46:52Z</time>
      </trkpt>
      <trkpt lat="26.8476042" lon="75.8274459">
        <time>2024-02-15T05:46:53Z</time>
      </trkpt>
      <trkpt lat="26.8476797" lon="75.8273804">
        <time>2024-02-15T05:46:54Z</time>
      </trkpt>
      <trkpt lat="26.8477699" lon="75.8273198">
        <time>2024-02-15T05:46:55Z</time>
      </trkpt>
      <trkpt lat="26.8478486" lon="75.8272597">
        <time>2024-02-15T05:46:56Z</time>
      </trkpt>
      <trkpt lat="26.8479255" lon="75.8272129">
        <time>2024-02-15T05:46:57Z</time>
      </trkpt>
      <trkpt lat="26.8479972" lon="75.8271594">
        <time>2024-02-15T05:46:58Z</time>
      </trkpt>
      <trkpt lat="26.8480759" lon="75.8271033">
        <time>2024-02-15T05:46:59Z</time>
      </trkpt>
      <trkpt lat="26.8481475" lon="75.8270438">
        <time>2024-02-15T05:47:00Z</time>
      </trkpt>
      <trkpt lat="26.8482247" lon="75.8269859">
        <time>2024-02-15T05:47:01Z</time>
      </trkpt>
      <trkpt lat="26.8483064" lon="75.8269240">
        <time>2024-02-15T05:47:02Z</time>
      </trkpt>
      <trkpt lat="26.8483901" lon="75.8268677">
        <time>2024-02-15T05:47:03Z</time>
      </trkpt>
      <trkpt lat="26.8484796" lon="75.8268050">
        <time>2024-02-15T05:47:04Z</time>
      </trkpt>
      <trkpt lat="26.8485665" lon="75.8267386">
        <time>2024-02-15T05:47:05Z</time>
      </trkpt>
      <trkpt lat="26.8486587" lon="75.8266716">
        <time>2024-02-15T05:47:06Z</time>
      </trkpt>
      <trkpt lat="26.8487531" lon="75.8265994">
        <time>2024-02-15T05:47:07Z</time>
      </trkpt>
      <trkpt lat="26.8488534" lon="75.8265239">
        <time>2024-02-15T05:47:08Z</time>
      </trkpt>
      <trkpt lat="26.8489549" lon="75.8264423">
        <time>2024-02-15T05:47:09Z</time>
      </trkpt>
      <trkpt lat="26.8490625" lon="75.8263655">
        <time>2024-02-15T05:47:10Z</time>
      </trkpt>
      <trkpt lat="26.8491758" lon="75.8262825">
        <time>2024-02-15T05:47:11Z</time>
      </trkpt>
      <trkpt lat="26.8492806" lon="75.8261985">
        <time>2024-02-15T05:47:12Z</time>
      </trkpt>
      <trkpt lat="26.8493869" lon="75.8261225">
        <time>2024-02-15T05:47:13Z</time>
      </trkpt>
      <trkpt lat="26.8494866" lon="75.8260462">
        <time>2024-02-15T05:47:14Z</time>
      </trkpt>
      <trkpt lat="26.8495837" lon="75.8259695">
        <time>2024-02-15T05:47:15Z</time>
      </trkpt>
      <trkpt lat="26.8496778" lon="75.8258928">
        <time>2024-02-15T05:47:16Z</time>
      </trkpt>
      <trkpt lat="26.8497773" lon="75.8258105">
        <time>2024-02-15T05:47:17Z</time>
      </trkpt>
      <trkpt lat="26.8498835" lon="75.8257213">
        <time>2024-02-15T05:47:18Z</time>
      </trkpt>
      <trkpt lat="26.8499830" lon="75.8256430">
        <time>2024-02-15T05:47:19Z</time>
      </trkpt>
      <trkpt lat="26.8500791" lon="75.8255572">
        <time>2024-02-15T05:47:20Z</time>
      </trkpt>
      <trkpt lat="26.8501698" lon="75.8254800">
        <time>2024-02-15T05:47:21Z</time>
      </trkpt>
      <trkpt lat="26.8502450" lon="75.8254138">
        <time>2024-02-15T05:47:22Z</time>
      </trkpt>
      <trkpt lat="26.8503097" lon="75.8253504">
        <time>2024-02-15T05:47:23Z</time>
      </trkpt>
      <trkpt lat="26.8503658" lon="75.8253075">
        <time>2024-02-15T05:47:24Z</time>
      </trkpt>
      <trkpt lat="26.8504079" lon="75.8252492">
        <time>2024-02-15T05:47:25Z</time>
      </trkpt>
      <trkpt lat="26.8504422" lon="75.8252113">
        <time>2024-02-15T05:47:26Z</time>
      </trkpt>
      <trkpt lat="26.8504720" lon="75.8251834">
        <time>2024-02-15T05:47:27Z</time>
      </trkpt>
      <trkpt lat="26.8505004" lon="75.8251537">
        <time>2024-02-15T05:47:28Z</time>
      </trkpt>
      <trkpt lat="26.8505280" lon="75.8251260">
        <time>2024-02-15T05:47:29Z</time>
      </trkpt>
      <trkpt lat="26.8505437" lon="75.8251028">
        <time>2024-02-15T05:47:30Z</time>
      </trkpt>
      <trkpt lat="26.8505573" lon="75.8250957">
        <time>2024-02-15T05:47:31Z</time>
      </trkpt>
      <trkpt lat="26.8505607" lon="75.8250891">
        <time>2024-02-15T05:47:32Z</time>
      </trkpt>
      <trkpt lat="26.8505611" lon="75.8250891">
        <time>2024-02-15T05:47:33Z</time>
      </trkpt>
      <trkpt lat="26.8505587" lon="75.8250931">
        <time>2024-02-15T05:47:34Z</time>
      </trkpt>
      <trkpt lat="26.8505582" lon="75.8250944">
        <time>2024-02-15T05:47:35Z</time>
      </trkpt>
      <trkpt lat="26.8505570" lon="75.8250968">
        <time>2024-02-15T05:47:36Z</time>
      </trkpt>
      <trkpt lat="26.8505548" lon="75.8250971">
        <time>2024-02-15T05:47:37Z</time>
      </trkpt>
      <trkpt lat="26.8505555" lon="75.8250978">
        <time>2024-02-15T05:47:38Z</time>
      </trkpt>
      <trkpt lat="26.8505549" lon="75.8250984">
        <time>2024-02-15T05:47:39Z</time>
      </trkpt>
      <trkpt lat="26.8505561" lon="75.8250997">
        <time>2024-02-15T05:47:40Z</time>
      </trkpt>
      <trkpt lat="26.8505552" lon="75.8250998">
        <time>2024-02-15T05:47:41Z</time>
      </trkpt>
      <trkpt lat="26.8505549" lon="75.8251008">
        <time>2024-02-15T05:47:42Z</time>
      </trkpt>
      <trkpt lat="26.8505542" lon="75.8251006">
        <time>2024-02-15T05:47:43Z</time>
      </trkpt>
      <trkpt lat="26.8505543" lon="75.8251007">
        <time>2024-02-15T05:47:44Z</time>
      </trkpt>
      <trkpt lat="26.8505540" lon="75.8251007">
        <time>2024-02-15T05:47:45Z</time>
      </trkpt>
      <trkpt lat="26.8505540" lon="75.8251009">
        <time>2024-02-15T05:47:46Z</time>
      </trkpt>
      <trkpt lat="26.8505540" lon="75.8251010">
        <time>2024-02-15T05:47:47Z</time>
      </trkpt>
      <trkpt lat="26.8505540" lon="75.8251011">
        <time>2024-02-15T05:47:48Z</time>
      </trkpt>
      <trkpt lat="26.8505540" lon="75.8251011">
        <time>2024-02-15T05:47:49Z</time>
      </trkpt>
      <trkpt lat="26.8505540" lon="75.8251012">
        <time>2024-02-15T05:47:50Z</time>
      </trkpt>
      <trkpt lat="26.8505539" lon="75.8251012">
        <time>2024-02-15T05:47:51Z</time>
      </trkpt>
      <trkpt lat="26.8505539" lon="75.8251012">
        <time>2024-02-15T05:47:52Z</time>
      </trkpt>
      <trkpt lat="26.8505539" lon="75.8251012">
        <time>2024-02-15T05:47:53Z</time>
      </trkpt>
      <trkpt lat="26.8505539" lon="75.8251012">
        <time>2024-02-15T05:47:54Z</time>
      </trkpt>
      <trkpt lat="26.8505539" lon="75.8251013">
        <time>2024-02-15T05:47:55Z</time>
      </trkpt>
      <trkpt lat="26.8505539" lon="75.8251013">
        <time>2024-02-15T05:47:56Z</time>
      </trkpt>
      <trkpt lat="26.8505539" lon="75.8251013">
        <time>2024-02-15T05:47:57Z</time>
      </trkpt>
      <trkpt lat="26.8505539" lon="75.8251013">
        <time>2024-02-15T05:47:58Z</time>
      </trkpt>
      <trkpt lat="26.8505538" lon="75.8251013">
        <time>2024-02-15T05:47:59Z</time>
      </trkpt>
      <trkpt lat="26.8505538" lon="75.8251013">
        <time>2024-02-15T05:48:00Z</time>
      </trkpt>
      <trkpt lat="26.8505538" lon="75.8251014">
        <time>2024-02-15T05:48:01Z</time>
      </trkpt>
      <trkpt lat="26.8505538" lon="75.8251014">
        <time>2024-02-15T05:48:02Z</time>
      </trkpt>
      <trkpt lat="26.8505538" lon="75.8251014">
        <time>2024-02-15T05:48:03Z</time>
      </trkpt>
      <trkpt lat="26.8505538" lon="75.8251014">
        <time>2024-02-15T05:48:04Z</time>
      </trkpt>
      <trkpt lat="26.8505538" lon="75.8251014">
        <time>2024-02-15T05:48:05Z</time>
      </trkpt>
      <trkpt lat="26.8505538" lon="75.8251014">
        <time>2024-02-15T05:48:06Z</time>
      </trkpt>
      <trkpt lat="26.8505538" lon="75.8251014">
        <time>2024-02-15T05:48:07Z</time>
      </trkpt>
      <trkpt lat="26.8505537" lon="75.8251014">
        <time>2024-02-15T05:48:08Z</time>
      </trkpt>
      <trkpt lat="26.8505537" lon="75.8251015">
        <time>2024-02-15T05:48:09Z</time>
      </trkpt>
      <trkpt lat="26.8505537" lon="75.8251014">
        <time>2024-02-15T05:48:10Z</time>
      </trkpt>
      <trkpt lat="26.8505537" lon="75.8251015">
        <time>2024-02-15T05:48:11Z</time>
      </trkpt>
      <trkpt lat="26.8505537" lon="75.8251015">
        <time>2024-02-15T05:48:12Z</time>
      </trkpt>
      <trkpt lat="26.8505537" lon="75.8251014">
        <time>2024-02-15T05:48:13Z</time>
      </trkpt>
      <trkpt lat="26.8505537" lon="75.8251014">
        <time>2024-02-15T05:48:14Z</time>
      </trkpt>
      <trkpt lat="26.8505550" lon="75.8250982">
        <time>2024-02-15T05:48:15Z</time>
      </trkpt>
      <trkpt lat="26.8505627" lon="75.8250905">
        <time>2024-02-15T05:48:16Z</time>
      </trkpt>
      <trkpt lat="26.8505754" lon="75.8250788">
        <time>2024-02-15T05:48:17Z</time>
      </trkpt>
      <trkpt lat="26.8505939" lon="75.8250639">
        <time>2024-02-15T05:48:18Z</time>
      </trkpt>
      <trkpt lat="26.8506194" lon="75.8250415">
        <time>2024-02-15T05:48:19Z</time>
      </trkpt>
      <trkpt lat="26.8506524" lon="75.8250127">
        <time>2024-02-15T05:48:20Z</time>
      </trkpt>
      <trkpt lat="26.8506844" lon="75.8249840">
        <time>2024-02-15T05:48:21Z</time>
      </trkpt>
      <trkpt lat="26.8507177" lon="75.8249560">
        <time>2024-02-15T05:48:22Z</time>
      </trkpt>
      <trkpt lat="26.8507536" lon="75.8249253">
        <time>2024-02-15T05:48:23Z</time>
      </trkpt>
      <trkpt lat="26.8507940" lon="75.8248934">
        <time>2024-02-15T05:48:24Z</time>
      </trkpt>
      <trkpt lat="26.8508339" lon="75.8248730">
        <time>2024-02-15T05:48:25Z</time>
      </trkpt>
      <trkpt lat="26.8508830" lon="75.8248499">
        <time>2024-02-15T05:48:26Z</time>
      </trkpt>
      <trkpt lat="26.8509354" lon="75.8248233">
        <time>2024-02-15T05:48:27Z</time>
      </trkpt>
      <trkpt lat="26.8509966" lon="75.8248015">
        <time>2024-02-15T05:48:28Z</time>
      </trkpt>
      <trkpt lat="26.8510610" lon="75.8247870">
        <time>2024-02-15T05:48:29Z</time>
      </trkpt>
      <trkpt lat="26.8511285" lon="75.8247734">
        <time>2024-02-15T05:48:30Z</time>
      </trkpt>
      <trkpt lat="26.8512035" lon="75.8247743">
        <time>2024-02-15T05:48:31Z</time>
      </trkpt>
      <trkpt lat="26.8512847" lon="75.8247713">
        <time>2024-02-15T05:48:32Z</time>
      </trkpt>
      <trkpt lat="26.8513781" lon="75.8247664">
        <time>2024-02-15T05:48:33Z</time>
      </trkpt>
      <trkpt lat="26.8514765" lon="75.8247628">
        <time>2024-02-15T05:48:34Z</time>
      </trkpt>
      <trkpt lat="26.8515748" lon="75.8247597">
        <time>2024-02-15T05:48:35Z</time>
      </trkpt>
      <trkpt lat="26.8516795" lon="75.8247527">
        <time>2024-02-15T05:48:36Z</time>
      </trkpt>
      <trkpt lat="26.8517823" lon="75.8247413">
        <time>2024-02-15T05:48:37Z</time>
      </trkpt>
      <trkpt lat="26.8518869" lon="75.8247219">
        <time>2024-02-15T05:48:38Z</time>
      </trkpt>
      <trkpt lat="26.8519962" lon="75.8247076">
        <time>2024-02-15T05:48:39Z</time>
      </trkpt>
      <trkpt lat="26.8521112" lon="75.8246908">
        <time>2024-02-15T05:48:40Z</time>
      </trkpt>
      <trkpt lat="26.8522290" lon="75.8246743">
        <time>2024-02-15T05:48:41Z</time>
      </trkpt>
      <trkpt lat="26.8523378" lon="75.8246571">
        <time>2024-02-15T05:48:42Z</time>
      </trkpt>
      <trkpt lat="26.8524394" lon="75.8246373">
        <time>2024-02-15T05:48:43Z</time>
      </trkpt>
      <trkpt lat="26.8525400" lon="75.8246201">
        <time>2024-02-15T05:48:44Z</time>
      </trkpt>
      <trkpt lat="26.8526433" lon="75.8246013">
        <time>2024-02-15T05:48:45Z</time>
      </trkpt>
      <trkpt lat="26.8527419" lon="75.8245860">
        <time>2024-02-15T05:48:46Z</time>
      </trkpt>
      <trkpt lat="26.8528343" lon="75.8245722">
        <time>2024-02-15T05:48:47Z</time>
      </trkpt>
      <trkpt lat="26.8529286" lon="75.8245582">
        <time>2024-02-15T05:48:48Z</time>
      </trkpt>
      <trkpt lat="26.8530247" lon="75.8245382">
        <time>2024-02-15T05:48:49Z</time>
      </trkpt>
      <trkpt lat="26.8531149" lon="75.8245216">
        <time>2024-02-15T05:48:50Z</time>
      </trkpt>
      <trkpt lat="26.8531993" lon="75.8245038">
        <time>2024-02-15T05:48:51Z</time>
      </trkpt>
      <trkpt lat="26.8532875" lon="75.8244899">
        <time>2024-02-15T05:48:52Z</time>
      </trkpt>
      <trkpt lat="26.8533712" lon="75.8244781">
        <time>2024-02-15T05:48:53Z</time>
      </trkpt>
      <trkpt lat="26.8534526" lon="75.8244664">
        <time>2024-02-15T05:48:54Z</time>
      </trkpt>
      <trkpt lat="26.8535359" lon="75.8244535">
        <time>2024-02-15T05:48:55Z</time>
      </trkpt>
      <trkpt lat="26.8536179" lon="75.8244399">
        <time>2024-02-15T05:48:56Z</time>
      </trkpt>
      <trkpt lat="26.8537060" lon="75.8244209">
        <time>2024-02-15T05:48:57Z</time>
      </trkpt>
      <trkpt lat="26.8537909" lon="75.8244054">
        <time>2024-02-15T05:48:58Z</time>
      </trkpt>
      <trkpt lat="26.8538741" lon="75.8243891">
        <time>2024-02-15T05:48:59Z</time>
      </trkpt>
      <trkpt lat="26.8539572" lon="75.8243754">
        <time>2024-02-15T05:49:00Z</time>
      </trkpt>
      <trkpt lat="26.8540377" lon="75.8243615">
        <time>2024-02-15T05:49:01Z</time>
      </trkpt>
      <trkpt lat="26.8541143" lon="75.8243477">
        <time>2024-02-15T05:49:02Z</time>
      </trkpt>
      <trkpt lat="26.8541831" lon="75.8243349">
        <time>2024-02-15T05:49:03Z</time>
      </trkpt>
      <trkpt lat="26.8542518" lon="75.8243217">
        <time>2024-02-15T05:49:04Z</time>
      </trkpt>
      <trkpt lat="26.8543203" lon="75.8243076">
        <time>2024-02-15T05:49:05Z</time>
      </trkpt>
      <trkpt lat="26.8543818" lon="75.8242961">
        <time>2024-02-15T05:49:06Z</time>
      </trkpt>
      <trkpt lat="26.8544324" lon="75.8242879">
        <time>2024-02-15T05:49:07Z</time>
      </trkpt>
      <trkpt lat="26.8544829" lon="75.8242861">
        <time>2024-02-15T05:49:08Z</time>
      </trkpt>
      <trkpt lat="26.8545297" lon="75.8242818">
        <time>2024-02-15T05:49:09Z</time>
      </trkpt>
      <trkpt lat="26.8545715" lon="75.8242676">
        <time>2024-02-15T05:49:10Z</time>
      </trkpt>
      <trkpt lat="26.8546000" lon="75.8242570">
        <time>2024-02-15T05:49:11Z</time>
      </trkpt>
      <trkpt lat="26.8546151" lon="75.8242501">
        <time>2024-02-15T05:49:12Z</time>
      </trkpt>
      <trkpt lat="26.8546248" lon="75.8242452">
        <time>2024-02-15T05:49:13Z</time>
      </trkpt>
      <trkpt lat="26.8546333" lon="75.8242421">
        <time>2024-02-15T05:49:14Z</time>
      </trkpt>
      <trkpt lat="26.8546467" lon="75.8242350">
        <time>2024-02-15T05:49:15Z</time>
      </trkpt>
      <trkpt lat="26.8546617" lon="75.8242258">
        <time>2024-02-15T05:49:16Z</time>
      </trkpt>
      <trkpt lat="26.8546759" lon="75.8242160">
        <time>2024-02-15T05:49:17Z</time>
      </trkpt>
      <trkpt lat="26.8546921" lon="75.8242061">
        <time>2024-02-15T05:49:18Z</time>
      </trkpt>
      <trkpt lat="26.8547113" lon="75.8241945">
        <time>2024-02-15T05:49:19Z</time>
      </trkpt>
      <trkpt lat="26.8547320" lon="75.8241805">
        <time>2024-02-15T05:49:20Z</time>
      </trkpt>
      <trkpt lat="26.8547537" lon="75.8241679">
        <time>2024-02-15T05:49:21Z</time>
      </trkpt>
      <trkpt lat="26.8547819" lon="75.8241529">
        <time>2024-02-15T05:49:22Z</time>
      </trkpt>
      <trkpt lat="26.8548181" lon="75.8241416">
        <time>2024-02-15T05:49:23Z</time>
      </trkpt>
      <trkpt lat="26.8548559" lon="75.8241352">
        <time>2024-02-15T05:49:24Z</time>
      </trkpt>
      <trkpt lat="26.8548976" lon="75.8241316">
        <time>2024-02-15T05:49:25Z</time>
      </trkpt>
      <trkpt lat="26.8549351" lon="75.8241305">
        <time>2024-02-15T05:49:26Z</time>
      </trkpt>
      <trkpt lat="26.8549562" lon="75.8241316">
        <time>2024-02-15T05:49:27Z</time>
      </trkpt>
      <trkpt lat="26.8549654" lon="75.8241318">
        <time>2024-02-15T05:49:28Z</time>
      </trkpt>
      <trkpt lat="26.8549683" lon="75.8241317">
        <time>2024-02-15T05:49:29Z</time>
      </trkpt>
      <trkpt lat="26.8549712" lon="75.8241317">
        <time>2024-02-15T05:49:30Z</time>
      </trkpt>
      <trkpt lat="26.8549744" lon="75.8241324">
        <time>2024-02-15T05:49:31Z</time>
      </trkpt>
      <trkpt lat="26.8549742" lon="75.8241323">
        <time>2024-02-15T05:49:32Z</time>
      </trkpt>
      <trkpt lat="26.8549820" lon="75.8241307">
        <time>2024-02-15T05:49:33Z</time>
      </trkpt>
      <trkpt lat="26.8549862" lon="75.8241310">
        <time>2024-02-15T05:49:34Z</time>
      </trkpt>
      <trkpt lat="26.8549857" lon="75.8241309">
        <time>2024-02-15T05:49:35Z</time>
      </trkpt>
      <trkpt lat="26.8549857" lon="75.8241309">
        <time>2024-02-15T05:49:36Z</time>
      </trkpt>
      <trkpt lat="26.8549903" lon="75.8241311">
        <time>2024-02-15T05:49:37Z</time>
      </trkpt>
      <trkpt lat="26.8549967" lon="75.8241319">
        <time>2024-02-15T05:49:38Z</time>
      </trkpt>
      <trkpt lat="26.8550087" lon="75.8241336">
        <time>2024-02-15T05:49:39Z</time>
      </trkpt>
      <trkpt lat="26.8550277" lon="75.8241373">
        <time>2024-02-15T05:49:40Z</time>
      </trkpt>
      <trkpt lat="26.8550482" lon="75.8241435">
        <time>2024-02-15T05:49:41Z</time>
      </trkpt>
      <trkpt lat="26.8550665" lon="75.8241486">
        <time>2024-02-15T05:49:42Z</time>
      </trkpt>
      <trkpt lat="26.8550876" lon="75.8241542">
        <time>2024-02-15T05:49:43Z</time>
      </trkpt>
      <trkpt lat="26.8551199" lon="75.8241637">
        <time>2024-02-15T05:49:44Z</time>
      </trkpt>
      <trkpt lat="26.8551599" lon="75.8241729">
        <time>2024-02-15T05:49:45Z</time>
      </trkpt>
      <trkpt lat="26.8551992" lon="75.8241831">
        <time>2024-02-15T05:49:46Z</time>
      </trkpt>
      <trkpt lat="26.8552433" lon="75.8241953">
        <time>2024-02-15T05:49:47Z</time>
      </trkpt>
      <trkpt lat="26.8553007" lon="75.8242039">
        <time>2024-02-15T05:49:48Z</time>
      </trkpt>
      <trkpt lat="26.8553653" lon="75.8242086">
        <time>2024-02-15T05:49:49Z</time>
      </trkpt>
      <trkpt lat="26.8554406" lon="75.8242091">
        <time>2024-02-15T05:49:50Z</time>
      </trkpt>
      <trkpt lat="26.8555144" lon="75.8242054">
        <time>2024-02-15T05:49:51Z</time>
      </trkpt>
      <trkpt lat="26.8555907" lon="75.8241969">
        <time>2024-02-15T05:49:52Z</time>
      </trkpt>
      <trkpt lat="26.8556725" lon="75.8241860">
        <time>2024-02-15T05:49:53Z</time>
      </trkpt>
      <trkpt lat="26.8557574" lon="75.8241723">
        <time>2024-02-15T05:49:54Z</time>
      </trkpt>
      <trkpt lat="26.8558478" lon="75.8241583">
        <time>2024-02-15T05:49:55Z</time>
      </trkpt>
      <trkpt lat="26.8559400" lon="75.8241461">
        <time>2024-02-15T05:49:56Z</time>
      </trkpt>
      <trkpt lat="26.8560287" lon="75.8241340">
        <time>2024-02-15T05:49:57Z</time>
      </trkpt>
      <trkpt lat="26.8561192" lon="75.8241220">
        <time>2024-02-15T05:49:58Z</time>
      </trkpt>
      <trkpt lat="26.8562136" lon="75.8241090">
        <time>2024-02-15T05:49:59Z</time>
      </trkpt>
      <trkpt lat="26.8563157" lon="75.8240927">
        <time>2024-02-15T05:50:00Z</time>
      </trkpt>
      <trkpt lat="26.8564208" lon="75.8240778">
        <time>2024-02-15T05:50:01Z</time>
      </trkpt>
      <trkpt lat="26.8565221" lon="75.8240622">
        <time>2024-02-15T05:50:02Z</time>
      </trkpt>
      <trkpt lat="26.8566235" lon="75.8240473">
        <time>2024-02-15T05:50:03Z</time>
      </trkpt>
      <trkpt lat="26.8567380" lon="75.8240297">
        <time>2024-02-15T05:50:04Z</time>
      </trkpt>
      <trkpt lat="26.8568504" lon="75.8240138">
        <time>2024-02-15T05:50:05Z</time>
      </trkpt>
      <trkpt lat="26.8569606" lon="75.8239980">
        <time>2024-02-15T05:50:06Z</time>
      </trkpt>
      <trkpt lat="26.8570625" lon="75.8239842">
        <time>2024-02-15T05:50:07Z</time>
      </trkpt>
      <trkpt lat="26.8571649" lon="75.8239697">
        <time>2024-02-15T05:50:08Z</time>
      </trkpt>
      <trkpt lat="26.8572646" lon="75.8239545">
        <time>2024-02-15T05:50:09Z</time>
      </trkpt>
      <trkpt lat="26.8573547" lon="75.8239410">
        <time>2024-02-15T05:50:10Z</time>
      </trkpt>
      <trkpt lat="26.8574410" lon="75.8239290">
        <time>2024-02-15T05:50:11Z</time>
      </trkpt>
      <trkpt lat="26.8575198" lon="75.8239167">
        <time>2024-02-15T05:50:12Z</time>
      </trkpt>
      <trkpt lat="26.8575826" lon="75.8239080">
        <time>2024-02-15T05:50:13Z</time>
      </trkpt>
      <trkpt lat="26.8576288" lon="75.8239015">
        <time>2024-02-15T05:50:14Z</time>
      </trkpt>
      <trkpt lat="26.8576604" lon="75.8238985">
        <time>2024-02-15T05:50:15Z</time>
      </trkpt>
      <trkpt lat="26.8576889" lon="75.8238963">
        <time>2024-02-15T05:50:16Z</time>
      </trkpt>
      <trkpt lat="26.8577157" lon="75.8238921">
        <time>2024-02-15T05:50:17Z</time>
      </trkpt>
      <trkpt lat="26.8577411" lon="75.8238879">
        <time>2024-02-15T05:50:18Z</time>
      </trkpt>
      <trkpt lat="26.8577664" lon="75.8238867">
        <time>2024-02-15T05:50:19Z</time>
      </trkpt>
      <trkpt lat="26.8577956" lon="75.8238813">
        <time>2024-02-15T05:50:20Z</time>
      </trkpt>
      <trkpt lat="26.8578275" lon="75.8238718">
        <time>2024-02-15T05:50:21Z</time>
      </trkpt>
      <trkpt lat="26.8578633" lon="75.8238656">
        <time>2024-02-15T05:50:22Z</time>
      </trkpt>
      <trkpt lat="26.8579065" lon="75.8238585">
        <time>2024-02-15T05:50:23Z</time>
      </trkpt>
      <trkpt lat="26.8579613" lon="75.8238494">
        <time>2024-02-15T05:50:24Z</time>
      </trkpt>
      <trkpt lat="26.8580189" lon="75.8238392">
        <time>2024-02-15T05:50:25Z</time>
      </trkpt>
      <trkpt lat="26.8580728" lon="75.8238284">
        <time>2024-02-15T05:50:26Z</time>
      </trkpt>
      <trkpt lat="26.8581325" lon="75.8238175">
        <time>2024-02-15T05:50:27Z</time>
      </trkpt>
      <trkpt lat="26.8581990" lon="75.8238057">
        <time>2024-02-15T05:50:28Z</time>
      </trkpt>
      <trkpt lat="26.8582697" lon="75.8237950">
        <time>2024-02-15T05:50:29Z</time>
      </trkpt>
      <trkpt lat="26.8583431" lon="75.8237844">
        <time>2024-02-15T05:50:30Z</time>
      </trkpt>
      <trkpt lat="26.8584128" lon="75.8237801">
        <time>2024-02-15T05:50:31Z</time>
      </trkpt>
      <trkpt lat="26.8585004" lon="75.8237556">
        <time>2024-02-15T05:50:32Z</time>
      </trkpt>
      <trkpt lat="26.8585901" lon="75.8237559">
        <time>2024-02-15T05:50:33Z</time>
      </trkpt>
      <trkpt lat="26.8586674" lon="75.8237512">
        <time>2024-02-15T05:50:34Z</time>
      </trkpt>
      <trkpt lat="26.8587518" lon="75.8237447">
        <time>2024-02-15T05:50:35Z</time>
      </trkpt>
      <trkpt lat="26.8588333" lon="75.8237345">
        <time>2024-02-15T05:50:36Z</time>
      </trkpt>
      <trkpt lat="26.8589146" lon="75.8237215">
        <time>2024-02-15T05:50:37Z</time>
      </trkpt>
      <trkpt lat="26.8589994" lon="75.8237082">
        <time>2024-02-15T05:50:38Z</time>
      </trkpt>
      <trkpt lat="26.8590740" lon="75.8236882">
        <time>2024-02-15T05:50:39Z</time>
      </trkpt>
      <trkpt lat="26.8591471" lon="75.8236737">
        <time>2024-02-15T05:50:40Z</time>
      </trkpt>
      <trkpt lat="26.8592269" lon="75.8236622">
        <time>2024-02-15T05:50:41Z</time>
      </trkpt>
      <trkpt lat="26.8593068" lon="75.8236523">
        <time>2024-02-15T05:50:42Z</time>
      </trkpt>
      <trkpt lat="26.8593827" lon="75.8236383">
        <time>2024-02-15T05:50:43Z</time>
      </trkpt>
      <trkpt lat="26.8594641" lon="75.8236159">
        <time>2024-02-15T05:50:44Z</time>
      </trkpt>
      <trkpt lat="26.8595455" lon="75.8235972">
        <time>2024-02-15T05:50:45Z</time>
      </trkpt>
      <trkpt lat="26.8596209" lon="75.8235754">
        <time>2024-02-15T05:50:46Z</time>
      </trkpt>
      <trkpt lat="26.8597039" lon="75.8235541">
        <time>2024-02-15T05:50:47Z</time>
      </trkpt>
      <trkpt lat="26.8597782" lon="75.8235342">
        <time>2024-02-15T05:50:48Z</time>
      </trkpt>
      <trkpt lat="26.8598538" lon="75.8235219">
        <time>2024-02-15T05:50:49Z</time>
      </trkpt>
      <trkpt lat="26.8599276" lon="75.8235072">
        <time>2024-02-15T05:50:50Z</time>
      </trkpt>
      <trkpt lat="26.8599680" lon="75.8234916">
        <time>2024-02-15T05:50:51Z</time>
      </trkpt>
      <trkpt lat="26.8600319" lon="75.8234760">
        <time>2024-02-15T05:50:52Z</time>
      </trkpt>
      <trkpt lat="26.8600860" lon="75.8234612">
        <time>2024-02-15T05:50:53Z</time>
      </trkpt>
      <trkpt lat="26.8601402" lon="75.8234516">
        <time>2024-02-15T05:50:54Z</time>
      </trkpt>
      <trkpt lat="26.8601844" lon="75.8234405">
        <time>2024-02-15T05:50:55Z</time>
      </trkpt>
      <trkpt lat="26.8602284" lon="75.8234283">
        <time>2024-02-15T05:50:56Z</time>
      </trkpt>
      <trkpt lat="26.8602544" lon="75.8234228">
        <time>2024-02-15T05:50:57Z</time>
      </trkpt>
      <trkpt lat="26.8602525" lon="75.8234176">
        <time>2024-02-15T05:50:58Z</time>
      </trkpt>
      <trkpt lat="26.8602438" lon="75.8234172">
        <time>2024-02-15T05:50:59Z</time>
      </trkpt>
      <trkpt lat="26.8602354" lon="75.8234133">
        <time>2024-02-15T05:51:00Z</time>
      </trkpt>
      <trkpt lat="26.8602347" lon="75.8234105">
        <time>2024-02-15T05:51:01Z</time>
      </trkpt>
      <trkpt lat="26.8602312" lon="75.8234074">
        <time>2024-02-15T05:51:02Z</time>
      </trkpt>
      <trkpt lat="26.8602338" lon="75.8234041">
        <time>2024-02-15T05:51:03Z</time>
      </trkpt>
      <trkpt lat="26.8602301" lon="75.8234052">
        <time>2024-02-15T05:51:04Z</time>
      </trkpt>
      <trkpt lat="26.8602304" lon="75.8234029">
        <time>2024-02-15T05:51:05Z</time>
      </trkpt>
      <trkpt lat="26.8602256" lon="75.8234011">
        <time>2024-02-15T05:51:06Z</time>
      </trkpt>
      <trkpt lat="26.8602229" lon="75.8234007">
        <time>2024-02-15T05:51:07Z</time>
      </trkpt>
      <trkpt lat="26.8602231" lon="75.8234000">
        <time>2024-02-15T05:51:08Z</time>
      </trkpt>
      <trkpt lat="26.8602224" lon="75.8233988">
        <time>2024-02-15T05:51:09Z</time>
      </trkpt>
      <trkpt lat="26.8602215" lon="75.8233987">
        <time>2024-02-15T05:51:10Z</time>
      </trkpt>
      <trkpt lat="26.8602217" lon="75.8233986">
        <time>2024-02-15T05:51:11Z</time>
      </trkpt>
      <trkpt lat="26.8602218" lon="75.8233986">
        <time>2024-02-15T05:51:12Z</time>
      </trkpt>
      <trkpt lat="26.8602523" lon="75.8233971">
        <time>2024-02-15T05:51:13Z</time>
      </trkpt>
      <trkpt lat="26.8602850" lon="75.8233905">
        <time>2024-02-15T05:51:14Z</time>
      </trkpt>
      <trkpt lat="26.8603283" lon="75.8233869">
        <time>2024-02-15T05:51:15Z</time>
      </trkpt>
      <trkpt lat="26.8603710" lon="75.8233822">
        <time>2024-02-15T05:51:16Z</time>
      </trkpt>
      <trkpt lat="26.8604259" lon="75.8233643">
        <time>2024-02-15T05:51:17Z</time>
      </trkpt>
      <trkpt lat="26.8604897" lon="75.8233557">
        <time>2024-02-15T05:51:18Z</time>
      </trkpt>
      <trkpt lat="26.8605652" lon="75.8233431">
        <time>2024-02-15T05:51:19Z</time>
      </trkpt>
      <trkpt lat="26.8606380" lon="75.8233262">
        <time>2024-02-15T05:51:20Z</time>
      </trkpt>
      <trkpt lat="26.8607223" lon="75.8233184">
        <time>2024-02-15T05:51:21Z</time>
      </trkpt>
      <trkpt lat="26.8608136" lon="75.8233102">
        <time>2024-02-15T05:51:22Z</time>
      </trkpt>
      <trkpt lat="26.8609169" lon="75.8233015">
        <time>2024-02-15T05:51:23Z</time>
      </trkpt>
      <trkpt lat="26.8610281" lon="75.8232893">
        <time>2024-02-15T05:51:24Z</time>
      </trkpt>
      <trkpt lat="26.8611474" lon="75.8232731">
        <time>2024-02-15T05:51:25Z</time>
      </trkpt>
      <trkpt lat="26.8612734" lon="75.8232497">
        <time>2024-02-15T05:51:26Z</time>
      </trkpt>
      <trkpt lat="26.8614033" lon="75.8232238">
        <time>2024-02-15T05:51:27Z</time>
      </trkpt>
      <trkpt lat="26.8615445" lon="75.8232003">
        <time>2024-02-15T05:51:28Z</time>
      </trkpt>
      <trkpt lat="26.8616862" lon="75.8231770">
        <time>2024-02-15T05:51:29Z</time>
      </trkpt>
      <trkpt lat="26.8618201" lon="75.8231587">
        <time>2024-02-15T05:51:30Z</time>
      </trkpt>
      <trkpt lat="26.8619489" lon="75.8231428">
        <time>2024-02-15T05:51:31Z</time>
      </trkpt>
      <trkpt lat="26.8620710" lon="75.8231280">
        <time>2024-02-15T05:51:32Z</time>
      </trkpt>
      <trkpt lat="26.8621986" lon="75.8231080">
        <time>2024-02-15T05:51:33Z</time>
      </trkpt>
      <trkpt lat="26.8623342" lon="75.8230871">
        <time>2024-02-15T05:51:34Z</time>
      </trkpt>
      <trkpt lat="26.8624654" lon="75.8230677">
        <time>2024-02-15T05:51:35Z</time>
      </trkpt>
      <trkpt lat="26.8625880" lon="75.8230528">
        <time>2024-02-15T05:51:36Z</time>
      </trkpt>
      <trkpt lat="26.8627052" lon="75.8230387">
        <time>2024-02-15T05:51:37Z</time>
      </trkpt>
      <trkpt lat="26.8628196" lon="75.8230273">
        <time>2024-02-15T05:51:38Z</time>
      </trkpt>
      <trkpt lat="26.8629300" lon="75.8230189">
        <time>2024-02-15T05:51:39Z</time>
      </trkpt>
      <trkpt lat="26.8630494" lon="75.8230160">
        <time>2024-02-15T05:51:40Z</time>
      </trkpt>
      <trkpt lat="26.8631692" lon="75.8230100">
        <time>2024-02-15T05:51:41Z</time>
      </trkpt>
      <trkpt lat="26.8632922" lon="75.8229913">
        <time>2024-02-15T05:51:42Z</time>
      </trkpt>
      <trkpt lat="26.8634151" lon="75.8229803">
        <time>2024-02-15T05:51:43Z</time>
      </trkpt>
      <trkpt lat="26.8635453" lon="75.8229580">
        <time>2024-02-15T05:51:44Z</time>
      </trkpt>
      <trkpt lat="26.8636769" lon="75.8229368">
        <time>2024-02-15T05:51:45Z</time>
      </trkpt>
      <trkpt lat="26.8638109" lon="75.8229117">
        <time>2024-02-15T05:51:46Z</time>
      </trkpt>
      <trkpt lat="26.8639458" lon="75.8228854">
        <time>2024-02-15T05:51:47Z</time>
      </trkpt>
      <trkpt lat="26.8640803" lon="75.8228603">
        <time>2024-02-15T05:51:48Z</time>
      </trkpt>
      <trkpt lat="26.8642196" lon="75.8228429">
        <time>2024-02-15T05:51:49Z</time>
      </trkpt>
      <trkpt lat="26.8643553" lon="75.8228203">
        <time>2024-02-15T05:51:50Z</time>
      </trkpt>
      <trkpt lat="26.8644907" lon="75.8227982">
        <time>2024-02-15T05:51:51Z</time>
      </trkpt>
      <trkpt lat="26.8646219" lon="75.8227768">
        <time>2024-02-15T05:51:52Z</time>
      </trkpt>
      <trkpt lat="26.8647427" lon="75.8227539">
        <time>2024-02-15T05:51:53Z</time>
      </trkpt>
      <trkpt lat="26.8648628" lon="75.8227332">
        <time>2024-02-15T05:51:54Z</time>
      </trkpt>
      <trkpt lat="26.8649781" lon="75.8227059">
        <time>2024-02-15T05:51:55Z</time>
      </trkpt>
      <trkpt lat="26.8650825" lon="75.8226879">
        <time>2024-02-15T05:51:56Z</time>
      </trkpt>
      <trkpt lat="26.8651911" lon="75.8226672">
        <time>2024-02-15T05:51:57Z</time>
      </trkpt>
      <trkpt lat="26.8652918" lon="75.8226524">
        <time>2024-02-15T05:51:58Z</time>
      </trkpt>
      <trkpt lat="26.8653818" lon="75.8226382">
        <time>2024-02-15T05:51:59Z</time>
      </trkpt>
      <trkpt lat="26.8654741" lon="75.8226246">
        <time>2024-02-15T05:52:00Z</time>
      </trkpt>
      <trkpt lat="26.8655651" lon="75.8226141">
        <time>2024-02-15T05:52:01Z</time>
      </trkpt>
      <trkpt lat="26.8656516" lon="75.8225978">
        <time>2024-02-15T05:52:02Z</time>
      </trkpt>
      <trkpt lat="26.8657328" lon="75.8225864">
        <time>2024-02-15T05:52:03Z</time>
      </trkpt>
      <trkpt lat="26.8658126" lon="75.8225730">
        <time>2024-02-15T05:52:04Z</time>
      </trkpt>
      <trkpt lat="26.8658875" lon="75.8225618">
        <time>2024-02-15T05:52:05Z</time>
      </trkpt>
      <trkpt lat="26.8659632" lon="75.8225527">
        <time>2024-02-15T05:52:06Z</time>
      </trkpt>
      <trkpt lat="26.8660367" lon="75.8225435">
        <time>2024-02-15T05:52:07Z</time>
      </trkpt>
      <trkpt lat="26.8661078" lon="75.8225332">
        <time>2024-02-15T05:52:08Z</time>
      </trkpt>
      <trkpt lat="26.8661718" lon="75.8225285">
        <time>2024-02-15T05:52:09Z</time>
      </trkpt>
      <trkpt lat="26.8662497" lon="75.8225098">
        <time>2024-02-15T05:52:10Z</time>
      </trkpt>
      <trkpt lat="26.8663115" lon="75.8224980">
        <time>2024-02-15T05:52:11Z</time>
      </trkpt>
      <trkpt lat="26.8663791" lon="75.8224880">
        <time>2024-02-15T05:52:12Z</time>
      </trkpt>
      <trkpt lat="26.8664342" lon="75.8224837">
        <time>2024-02-15T05:52:13Z</time>
      </trkpt>
      <trkpt lat="26.8664929" lon="75.8224791">
        <time>2024-02-15T05:52:14Z</time>
      </trkpt>
      <trkpt lat="26.8665527" lon="75.8224739">
        <time>2024-02-15T05:52:15Z</time>
      </trkpt>
      <trkpt lat="26.8666146" lon="75.8224710">
        <time>2024-02-15T05:52:16Z</time>
      </trkpt>
      <trkpt lat="26.8666822" lon="75.8224695">
        <time>2024-02-15T05:52:17Z</time>
      </trkpt>
      <trkpt lat="26.8667488" lon="75.8224694">
        <time>2024-02-15T05:52:18Z</time>
      </trkpt>
      <trkpt lat="26.8668152" lon="75.8224670">
        <time>2024-02-15T05:52:19Z</time>
      </trkpt>
      <trkpt lat="26.8668796" lon="75.8224642">
        <time>2024-02-15T05:52:20Z</time>
      </trkpt>
      <trkpt lat="26.8669445" lon="75.8224566">
        <time>2024-02-15T05:52:21Z</time>
      </trkpt>
      <trkpt lat="26.8670044" lon="75.8224506">
        <time>2024-02-15T05:52:22Z</time>
      </trkpt>
      <trkpt lat="26.8670659" lon="75.8224462">
        <time>2024-02-15T05:52:23Z</time>
      </trkpt>
      <trkpt lat="26.8671301" lon="75.8224401">
        <time>2024-02-15T05:52:24Z</time>
      </trkpt>
      <trkpt lat="26.8671991" lon="75.8224330">
        <time>2024-02-15T05:52:25Z</time>
      </trkpt>
      <trkpt lat="26.8672782" lon="75.8224211">
        <time>2024-02-15T05:52:26Z</time>
      </trkpt>
      <trkpt lat="26.8673558" lon="75.8224246">
        <time>2024-02-15T05:52:27Z</time>
      </trkpt>
      <trkpt lat="26.8674276" lon="75.8224229">
        <time>2024-02-15T05:52:28Z</time>
      </trkpt>
      <trkpt lat="26.8674975" lon="75.8224215">
        <time>2024-02-15T05:52:29Z</time>
      </trkpt>
      <trkpt lat="26.8675753" lon="75.8224152">
        <time>2024-02-15T05:52:30Z</time>
      </trkpt>
      <trkpt lat="26.8676551" lon="75.8224091">
        <time>2024-02-15T05:52:31Z</time>
      </trkpt>
      <trkpt lat="26.8677390" lon="75.8224022">
        <time>2024-02-15T05:52:32Z</time>
      </trkpt>
      <trkpt lat="26.8678282" lon="75.8223955">
        <time>2024-02-15T05:52:33Z</time>
      </trkpt>
      <trkpt lat="26.8679121" lon="75.8223841">
        <time>2024-02-15T05:52:34Z</time>
      </trkpt>
      <trkpt lat="26.8679892" lon="75.8223724">
        <time>2024-02-15T05:52:35Z</time>
      </trkpt>
      <trkpt lat="26.8680724" lon="75.8223632">
        <time>2024-02-15T05:52:36Z</time>
      </trkpt>
      <trkpt lat="26.8681548" lon="75.8223557">
        <time>2024-02-15T05:52:37Z</time>
      </trkpt>
      <trkpt lat="26.8682400" lon="75.8223443">
        <time>2024-02-15T05:52:38Z</time>
      </trkpt>
      <trkpt lat="26.8683288" lon="75.8223356">
        <time>2024-02-15T05:52:39Z</time>
      </trkpt>
      <trkpt lat="26.8684155" lon="75.8223268">
        <time>2024-02-15T05:52:40Z</time>
      </trkpt>
      <trkpt lat="26.8684987" lon="75.8223144">
        <time>2024-02-15T05:52:41Z</time>
      </trkpt>
      <trkpt lat="26.8685847" lon="75.8223020">
        <time>2024-02-15T05:52:42Z</time>
      </trkpt>
      <trkpt lat="26.8686680" lon="75.8222883">
        <time>2024-02-15T05:52:43Z</time>
      </trkpt>
      <trkpt lat="26.8687520" lon="75.8222767">
        <time>2024-02-15T05:52:44Z</time>
      </trkpt>
      <trkpt lat="26.8688418" lon="75.8222605">
        <time>2024-02-15T05:52:45Z</time>
      </trkpt>
      <trkpt lat="26.8689393" lon="75.8222449">
        <time>2024-02-15T05:52:46Z</time>
      </trkpt>
      <trkpt lat="26.8690349" lon="75.8222266">
        <time>2024-02-15T05:52:47Z</time>
      </trkpt>
      <trkpt lat="26.8691282" lon="75.8222089">
        <time>2024-02-15T05:52:48Z</time>
      </trkpt>
      <trkpt lat="26.8692280" lon="75.8221837">
        <time>2024-02-15T05:52:49Z</time>
      </trkpt>
      <trkpt lat="26.8693298" lon="75.8221542">
        <time>2024-02-15T05:52:50Z</time>
      </trkpt>
      <trkpt lat="26.8694409" lon="75.8221290">
        <time>2024-02-15T05:52:51Z</time>
      </trkpt>
      <trkpt lat="26.8695497" lon="75.8221033">
        <time>2024-02-15T05:52:52Z</time>
      </trkpt>
      <trkpt lat="26.8696634" lon="75.8220711">
        <time>2024-02-15T05:52:53Z</time>
      </trkpt>
      <trkpt lat="26.8697727" lon="75.8220414">
        <time>2024-02-15T05:52:54Z</time>
      </trkpt>
      <trkpt lat="26.8698856" lon="75.8220080">
        <time>2024-02-15T05:52:55Z</time>
      </trkpt>
      <trkpt lat="26.8699938" lon="75.8219688">
        <time>2024-02-15T05:52:56Z</time>
      </trkpt>
      <trkpt lat="26.8701010" lon="75.8219272">
        <time>2024-02-15T05:52:57Z</time>
      </trkpt>
      <trkpt lat="26.8702108" lon="75.8218852">
        <time>2024-02-15T05:52:58Z</time>
      </trkpt>
      <trkpt lat="26.8703232" lon="75.8218454">
        <time>2024-02-15T05:52:59Z</time>
      </trkpt>
      <trkpt lat="26.8704297" lon="75.8218036">
        <time>2024-02-15T05:53:00Z</time>
      </trkpt>
      <trkpt lat="26.8705430" lon="75.8217620">
        <time>2024-02-15T05:53:01Z</time>
      </trkpt>
      <trkpt lat="26.8706556" lon="75.8217220">
        <time>2024-02-15T05:53:02Z</time>
      </trkpt>
      <trkpt lat="26.8707569" lon="75.8216830">
        <time>2024-02-15T05:53:03Z</time>
      </trkpt>
      <trkpt lat="26.8708614" lon="75.8216456">
        <time>2024-02-15T05:53:04Z</time>
      </trkpt>
      <trkpt lat="26.8709600" lon="75.8216072">
        <time>2024-02-15T05:53:05Z</time>
      </trkpt>
      <trkpt lat="26.8710456" lon="75.8215729">
        <time>2024-02-15T05:53:06Z</time>
      </trkpt>
      <trkpt lat="26.8711288" lon="75.8215452">
        <time>2024-02-15T05:53:07Z</time>
      </trkpt>
      <trkpt lat="26.8712067" lon="75.8215162">
        <time>2024-02-15T05:53:08Z</time>
      </trkpt>
      <trkpt lat="26.8712772" lon="75.8214950">
        <time>2024-02-15T05:53:09Z</time>
      </trkpt>
      <trkpt lat="26.8713407" lon="75.8214700">
        <time>2024-02-15T05:53:10Z</time>
      </trkpt>
      <trkpt lat="26.8714060" lon="75.8214552">
        <time>2024-02-15T05:53:11Z</time>
      </trkpt>
      <trkpt lat="26.8714667" lon="75.8214402">
        <time>2024-02-15T05:53:12Z</time>
      </trkpt>
      <trkpt lat="26.8715307" lon="75.8214284">
        <time>2024-02-15T05:53:13Z</time>
      </trkpt>
      <trkpt lat="26.8715877" lon="75.8214169">
        <time>2024-02-15T05:53:14Z</time>
      </trkpt>
      <trkpt lat="26.8716320" lon="75.8214076">
        <time>2024-02-15T05:53:15Z</time>
      </trkpt>
      <trkpt lat="26.8716649" lon="75.8214016">
        <time>2024-02-15T05:53:16Z</time>
      </trkpt>
      <trkpt lat="26.8716766" lon="75.8213954">
        <time>2024-02-15T05:53:17Z</time>
      </trkpt>
      <trkpt lat="26.8716938" lon="75.8213890">
        <time>2024-02-15T05:53:18Z</time>
      </trkpt>
      <trkpt lat="26.8717233" lon="75.8213820">
        <time>2024-02-15T05:53:19Z</time>
      </trkpt>
      <trkpt lat="26.8717562" lon="75.8213736">
        <time>2024-02-15T05:53:20Z</time>
      </trkpt>
      <trkpt lat="26.8717930" lon="75.8213648">
        <time>2024-02-15T05:53:21Z</time>
      </trkpt>
      <trkpt lat="26.8718354" lon="75.8213576">
        <time>2024-02-15T05:53:22Z</time>
      </trkpt>
      <trkpt lat="26.8718923" lon="75.8213461">
        <time>2024-02-15T05:53:23Z</time>
      </trkpt>
      <trkpt lat="26.8719530" lon="75.8213350">
        <time>2024-02-15T05:53:24Z</time>
      </trkpt>
      <trkpt lat="26.8720174" lon="75.8213086">
        <time>2024-02-15T05:53:25Z</time>
      </trkpt>
      <trkpt lat="26.8720846" lon="75.8212915">
        <time>2024-02-15T05:53:26Z</time>
      </trkpt>
      <trkpt lat="26.8721566" lon="75.8212744">
        <time>2024-02-15T05:53:27Z</time>
      </trkpt>
      <trkpt lat="26.8722381" lon="75.8212544">
        <time>2024-02-15T05:53:28Z</time>
      </trkpt>
      <trkpt lat="26.8723278" lon="75.8212334">
        <time>2024-02-15T05:53:29Z</time>
      </trkpt>
      <trkpt lat="26.8724155" lon="75.8212075">
        <time>2024-02-15T05:53:30Z</time>
      </trkpt>
      <trkpt lat="26.8724988" lon="75.8211835">
        <time>2024-02-15T05:53:31Z</time>
      </trkpt>
      <trkpt lat="26.8725906" lon="75.8211601">
        <time>2024-02-15T05:53:32Z</time>
      </trkpt>
      <trkpt lat="26.8726866" lon="75.8211379">
        <time>2024-02-15T05:53:33Z</time>
      </trkpt>
      <trkpt lat="26.8727901" lon="75.8211156">
        <time>2024-02-15T05:53:34Z</time>
      </trkpt>
      <trkpt lat="26.8728953" lon="75.8210926">
        <time>2024-02-15T05:53:35Z</time>
      </trkpt>
      <trkpt lat="26.8730009" lon="75.8210719">
        <time>2024-02-15T05:53:36Z</time>
      </trkpt>
      <trkpt lat="26.8731039" lon="75.8210480">
        <time>2024-02-15T05:53:37Z</time>
      </trkpt>
      <trkpt lat="26.8732161" lon="75.8210219">
        <time>2024-02-15T05:53:38Z</time>
      </trkpt>
      <trkpt lat="26.8733367" lon="75.8209948">
        <time>2024-02-15T05:53:39Z</time>
      </trkpt>
      <trkpt lat="26.8734619" lon="75.8209629">
        <time>2024-02-15T05:53:40Z</time>
      </trkpt>
      <trkpt lat="26.8735870" lon="75.8209352">
        <time>2024-02-15T05:53:41Z</time>
      </trkpt>
      <trkpt lat="26.8737155" lon="75.8209004">
        <time>2024-02-15T05:53:42Z</time>
      </trkpt>
      <trkpt lat="26.8738512" lon="75.8208647">
        <time>2024-02-15T05:53:43Z</time>
      </trkpt>
      <trkpt lat="26.8739866" lon="75.8208252">
        <time>2024-02-15T05:53:44Z</time>
      </trkpt>
      <trkpt lat="26.8741161" lon="75.8207919">
        <time>2024-02-15T05:53:45Z</time>
      </trkpt>
      <trkpt lat="26.8742437" lon="75.8207517">
        <time>2024-02-15T05:53:46Z</time>
      </trkpt>
      <trkpt lat="26.8743634" lon="75.8207227">
        <time>2024-02-15T05:53:47Z</time>
      </trkpt>
      <trkpt lat="26.8744882" lon="75.8206977">
        <time>2024-02-15T05:53:48Z</time>
      </trkpt>
      <trkpt lat="26.8746053" lon="75.8206719">
        <time>2024-02-15T05:53:49Z</time>
      </trkpt>
      <trkpt lat="26.8747201" lon="75.8206432">
        <time>2024-02-15T05:53:50Z</time>
      </trkpt>
      <trkpt lat="26.8748286" lon="75.8206150">
        <time>2024-02-15T05:53:51Z</time>
      </trkpt>
      <trkpt lat="26.8749398" lon="75.8205725">
        <time>2024-02-15T05:53:52Z</time>
      </trkpt>
      <trkpt lat="26.8750423" lon="75.8205489">
        <time>2024-02-15T05:53:53Z</time>
      </trkpt>
      <trkpt lat="26.8751442" lon="75.8205210">
        <time>2024-02-15T05:53:54Z</time>
      </trkpt>
      <trkpt lat="26.8752197" lon="75.8205007">
        <time>2024-02-15T05:53:55Z</time>
      </trkpt>
      <trkpt lat="26.8752746" lon="75.8204911">
        <time>2024-02-15T05:53:56Z</time>
      </trkpt>
      <trkpt lat="26.8753104" lon="75.8204852">
        <time>2024-02-15T05:53:57Z</time>
      </trkpt>
      <trkpt lat="26.8753443" lon="75.8204790">
        <time>2024-02-15T05:53:58Z</time>
      </trkpt>
      <trkpt lat="26.8753758" lon="75.8204744">
        <time>2024-02-15T05:53:59Z</time>
      </trkpt>
      <trkpt lat="26.8754044" lon="75.8204634">
        <time>2024-02-15T05:54:00Z</time>
      </trkpt>
      <trkpt lat="26.8754318" lon="75.8204594">
        <time>2024-02-15T05:54:01Z</time>
      </trkpt>
      <trkpt lat="26.8754474" lon="75.8204554">
        <time>2024-02-15T05:54:02Z</time>
      </trkpt>
      <trkpt lat="26.8754555" lon="75.8204536">
        <time>2024-02-15T05:54:03Z</time>
      </trkpt>
      <trkpt lat="26.8754620" lon="75.8204502">
        <time>2024-02-15T05:54:04Z</time>
      </trkpt>
      <trkpt lat="26.8754674" lon="75.8204490">
        <time>2024-02-15T05:54:05Z</time>
      </trkpt>
      <trkpt lat="26.8754699" lon="75.8204504">
        <time>2024-02-15T05:54:06Z</time>
      </trkpt>
      <trkpt lat="26.8754673" lon="75.8204517">
        <time>2024-02-15T05:54:07Z</time>
      </trkpt>
      <trkpt lat="26.8754647" lon="75.8204535">
        <time>2024-02-15T05:54:08Z</time>
      </trkpt>
      <trkpt lat="26.8754657" lon="75.8204555">
        <time>2024-02-15T05:54:09Z</time>
      </trkpt>
      <trkpt lat="26.8754655" lon="75.8204559">
        <time>2024-02-15T05:54:10Z</time>
      </trkpt>
      <trkpt lat="26.8754652" lon="75.8204547">
        <time>2024-02-15T05:54:11Z</time>
      </trkpt>
      <trkpt lat="26.8754653" lon="75.8204562">
        <time>2024-02-15T05:54:12Z</time>
      </trkpt>
      <trkpt lat="26.8754657" lon="75.8204565">
        <time>2024-02-15T05:54:13Z</time>
      </trkpt>
      <trkpt lat="26.8754655" lon="75.8204558">
        <time>2024-02-15T05:54:14Z</time>
      </trkpt>
      <trkpt lat="26.8754641" lon="75.8204555">
        <time>2024-02-15T05:54:15Z</time>
      </trkpt>
      <trkpt lat="26.8754633" lon="75.8204555">
        <time>2024-02-15T05:54:16Z</time>
      </trkpt>
      <trkpt lat="26.8754631" lon="75.8204558">
        <time>2024-02-15T05:54:17Z</time>
      </trkpt>
      <trkpt lat="26.8754629" lon="75.8204560">
        <time>2024-02-15T05:54:18Z</time>
      </trkpt>
      <trkpt lat="26.8754625" lon="75.8204555">
        <time>2024-02-15T05:54:19Z</time>
      </trkpt>
      <trkpt lat="26.8754625" lon="75.8204553">
        <time>2024-02-15T05:54:20Z</time>
      </trkpt>
      <trkpt lat="26.8754635" lon="75.8204533">
        <time>2024-02-15T05:54:21Z</time>
      </trkpt>
      <trkpt lat="26.8754638" lon="75.8204528">
        <time>2024-02-15T05:54:22Z</time>
      </trkpt>
      <trkpt lat="26.8754638" lon="75.8204526">
        <time>2024-02-15T05:54:23Z</time>
      </trkpt>
      <trkpt lat="26.8754638" lon="75.8204526">
        <time>2024-02-15T05:54:24Z</time>
      </trkpt>
      <trkpt lat="26.8754639" lon="75.8204526">
        <time>2024-02-15T05:54:25Z</time>
      </trkpt>
      <trkpt lat="26.8754639" lon="75.8204526">
        <time>2024-02-15T05:54:26Z</time>
      </trkpt>
      <trkpt lat="26.8754639" lon="75.8204525">
        <time>2024-02-15T05:54:27Z</time>
      </trkpt>
      <trkpt lat="26.8754639" lon="75.8204525">
        <time>2024-02-15T05:54:28Z</time>
      </trkpt>
      <trkpt lat="26.8754639" lon="75.8204525">
        <time>2024-02-15T05:54:29Z</time>
      </trkpt>
      <trkpt lat="26.8754639" lon="75.8204525">
        <time>2024-02-15T05:54:30Z</time>
      </trkpt>
      <trkpt lat="26.8754664" lon="75.8204523">
        <time>2024-02-15T05:54:31Z</time>
      </trkpt>
      <trkpt lat="26.8754650" lon="75.8204514">
        <time>2024-02-15T05:54:32Z</time>
      </trkpt>
      <trkpt lat="26.8754661" lon="75.8204506">
        <time>2024-02-15T05:54:33Z</time>
      </trkpt>
      <trkpt lat="26.8754679" lon="75.8204516">
        <time>2024-02-15T05:54:34Z</time>
      </trkpt>
      <trkpt lat="26.8754776" lon="75.8204528">
        <time>2024-02-15T05:54:35Z</time>
      </trkpt>
      <trkpt lat="26.8754927" lon="75.8204499">
        <time>2024-02-15T05:54:36Z</time>
      </trkpt>
      <trkpt lat="26.8755145" lon="75.8204492">
        <time>2024-02-15T05:54:37Z</time>
      </trkpt>
      <trkpt lat="26.8755435" lon="75.8204445">
        <time>2024-02-15T05:54:38Z</time>
      </trkpt>
      <trkpt lat="26.8755750" lon="75.8204390">
        <time>2024-02-15T05:54:39Z</time>
      </trkpt>
      <trkpt lat="26.8756059" lon="75.8204354">
        <time>2024-02-15T05:54:40Z</time>
      </trkpt>
      <trkpt lat="26.8756326" lon="75.8204326">
        <time>2024-02-15T05:54:41Z</time>
      </trkpt>
      <trkpt lat="26.8756546" lon="75.8204325">
        <time>2024-02-15T05:54:42Z</time>
      </trkpt>
      <trkpt lat="26.8756718" lon="75.8204300">
        <time>2024-02-15T05:54:43Z</time>
      </trkpt>
      <trkpt lat="26.8756977" lon="75.8204264">
        <time>2024-02-15T05:54:44Z</time>
      </trkpt>
      <trkpt lat="26.8757334" lon="75.8204197">
        <time>2024-02-15T05:54:45Z</time>
      </trkpt>
      <trkpt lat="26.8757741" lon="75.8204117">
        <time>2024-02-15T05:54:46Z</time>
      </trkpt>
      <trkpt lat="26.8758184" lon="75.8204043">
        <time>2024-02-15T05:54:47Z</time>
      </trkpt>
      <trkpt lat="26.8758721" lon="75.8203953">
        <time>2024-02-15T05:54:48Z</time>
      </trkpt>
      <trkpt lat="26.8759362" lon="75.8203842">
        <time>2024-02-15T05:54:49Z</time>
      </trkpt>
      <trkpt lat="26.8760046" lon="75.8203726">
        <time>2024-02-15T05:54:50Z</time>
      </trkpt>
      <trkpt lat="26.8760817" lon="75.8203587">
        <time>2024-02-15T05:54:51Z</time>
      </trkpt>
      <trkpt lat="26.8761699" lon="75.8203285">
        <time>2024-02-15T05:54:52Z</time>
      </trkpt>
      <trkpt lat="26.8762572" lon="75.8203095">
        <time>2024-02-15T05:54:53Z</time>
      </trkpt>
      <trkpt lat="26.8763427" lon="75.8202912">
        <time>2024-02-15T05:54:54Z</time>
      </trkpt>
      <trkpt lat="26.8764398" lon="75.8202702">
        <time>2024-02-15T05:54:55Z</time>
      </trkpt>
      <trkpt lat="26.8765412" lon="75.8202492">
        <time>2024-02-15T05:54:56Z</time>
      </trkpt>
      <trkpt lat="26.8766397" lon="75.8202243">
        <time>2024-02-15T05:54:57Z</time>
      </trkpt>
      <trkpt lat="26.8767492" lon="75.8202035">
        <time>2024-02-15T05:54:58Z</time>
      </trkpt>
      <trkpt lat="26.8768535" lon="75.8201910">
        <time>2024-02-15T05:54:59Z</time>
      </trkpt>
      <trkpt lat="26.8769615" lon="75.8201664">
        <time>2024-02-15T05:55:00Z</time>
      </trkpt>
      <trkpt lat="26.8770697" lon="75.8201412">
        <time>2024-02-15T05:55:01Z</time>
      </trkpt>
      <trkpt lat="26.8771703" lon="75.8201195">
        <time>2024-02-15T05:55:02Z</time>
      </trkpt>
      <trkpt lat="26.8772723" lon="75.8200930">
        <time>2024-02-15T05:55:03Z</time>
      </trkpt>
      <trkpt lat="26.8773778" lon="75.8200674">
        <time>2024-02-15T05:55:04Z</time>
      </trkpt>
      <trkpt lat="26.8774793" lon="75.8200389">
        <time>2024-02-15T05:55:05Z</time>
      </trkpt>
      <trkpt lat="26.8775905" lon="75.8200080">
        <time>2024-02-15T05:55:06Z</time>
      </trkpt>
      <trkpt lat="26.8777009" lon="75.8199826">
        <time>2024-02-15T05:55:07Z</time>
      </trkpt>
      <trkpt lat="26.8778156" lon="75.8199605">
        <time>2024-02-15T05:55:08Z</time>
      </trkpt>
      <trkpt lat="26.8779308" lon="75.8199347">
        <time>2024-02-15T05:55:09Z</time>
      </trkpt>
      <trkpt lat="26.8780526" lon="75.8199033">
        <time>2024-02-15T05:55:10Z</time>
      </trkpt>
      <trkpt lat="26.8781747" lon="75.8198725">
        <time>2024-02-15T05:55:11Z</time>
      </trkpt>
      <trkpt lat="26.8783052" lon="75.8198399">
        <time>2024-02-15T05:55:12Z</time>
      </trkpt>
      <trkpt lat="26.8784323" lon="75.8198086">
        <time>2024-02-15T05:55:13Z</time>
      </trkpt>
      <trkpt lat="26.8785543" lon="75.8197806">
        <time>2024-02-15T05:55:14Z</time>
      </trkpt>
      <trkpt lat="26.8786802" lon="75.8197540">
        <time>2024-02-15T05:55:15Z</time>
      </trkpt>
      <trkpt lat="26.8788079" lon="75.8197207">
        <time>2024-02-15T05:55:16Z</time>
      </trkpt>
      <trkpt lat="26.8789384" lon="75.8196864">
        <time>2024-02-15T05:55:17Z</time>
      </trkpt>
      <trkpt lat="26.8790702" lon="75.8196565">
        <time>2024-02-15T05:55:18Z</time>
      </trkpt>
      <trkpt lat="26.8791980" lon="75.8196202">
        <time>2024-02-15T05:55:19Z</time>
      </trkpt>
      <trkpt lat="26.8793288" lon="75.8195853">
        <time>2024-02-15T05:55:20Z</time>
      </trkpt>
      <trkpt lat="26.8794658" lon="75.8195623">
        <time>2024-02-15T05:55:21Z</time>
      </trkpt>
      <trkpt lat="26.8796017" lon="75.8195343">
        <time>2024-02-15T05:55:22Z</time>
      </trkpt>
      <trkpt lat="26.8797411" lon="75.8195066">
        <time>2024-02-15T05:55:23Z</time>
      </trkpt>
      <trkpt lat="26.8798802" lon="75.8194713">
        <time>2024-02-15T05:55:24Z</time>
      </trkpt>
      <trkpt lat="26.8800224" lon="75.8194377">
        <time>2024-02-15T05:55:25Z</time>
      </trkpt>
      <trkpt lat="26.8801720" lon="75.8194053">
        <time>2024-02-15T05:55:26Z</time>
      </trkpt>
      <trkpt lat="26.8803208" lon="75.8193660">
        <time>2024-02-15T05:55:27Z</time>
      </trkpt>
      <trkpt lat="26.8804711" lon="75.8193234">
        <time>2024-02-15T05:55:28Z</time>
      </trkpt>
      <trkpt lat="26.8806308" lon="75.8192799">
        <time>2024-02-15T05:55:29Z</time>
      </trkpt>
      <trkpt lat="26.8807840" lon="75.8192428">
        <time>2024-02-15T05:55:30Z</time>
      </trkpt>
      <trkpt lat="26.8809442" lon="75.8192019">
        <time>2024-02-15T05:55:31Z</time>
      </trkpt>
      <trkpt lat="26.8811058" lon="75.8191663">
        <time>2024-02-15T05:55:32Z</time>
      </trkpt>
      <trkpt lat="26.8812692" lon="75.8191353">
        <time>2024-02-15T05:55:33Z</time>
      </trkpt>
      <trkpt lat="26.8814376" lon="75.8190960">
        <time>2024-02-15T05:55:34Z</time>
      </trkpt>
      <trkpt lat="26.8816086" lon="75.8190661">
        <time>2024-02-15T05:55:35Z</time>
      </trkpt>
      <trkpt lat="26.8817809" lon="75.8190292">
        <time>2024-02-15T05:55:36Z</time>
      </trkpt>
      <trkpt lat="26.8819490" lon="75.8189903">
        <time>2024-02-15T05:55:37Z</time>
      </trkpt>
      <trkpt lat="26.8821146" lon="75.8189570">
        <time>2024-02-15T05:55:38Z</time>
      </trkpt>
      <trkpt lat="26.8822704" lon="75.8189214">
        <time>2024-02-15T05:55:39Z</time>
      </trkpt>
      <trkpt lat="26.8824298" lon="75.8188871">
        <time>2024-02-15T05:55:40Z</time>
      </trkpt>
      <trkpt lat="26.8825835" lon="75.8188518">
        <time>2024-02-15T05:55:41Z</time>
      </trkpt>
      <trkpt lat="26.8827352" lon="75.8188227">
        <time>2024-02-15T05:55:42Z</time>
      </trkpt>
      <trkpt lat="26.8828749" lon="75.8187885">
        <time>2024-02-15T05:55:43Z</time>
      </trkpt>
      <trkpt lat="26.8829942" lon="75.8187609">
        <time>2024-02-15T05:55:44Z</time>
      </trkpt>
      <trkpt lat="26.8830969" lon="75.8187308">
        <time>2024-02-15T05:55:45Z</time>
      </trkpt>
      <trkpt lat="26.8831863" lon="75.8186967">
        <time>2024-02-15T05:55:46Z</time>
      </trkpt>
      <trkpt lat="26.8832607" lon="75.8186553">
        <time>2024-02-15T05:55:47Z</time>
      </trkpt>
      <trkpt lat="26.8833248" lon="75.8185900">
        <time>2024-02-15T05:55:48Z</time>
      </trkpt>
      <trkpt lat="26.8833692" lon="75.8185071">
        <time>2024-02-15T05:55:49Z</time>
      </trkpt>
      <trkpt lat="26.8833981" lon="75.8184080">
        <time>2024-02-15T05:55:50Z</time>
      </trkpt>
      <trkpt lat="26.8834293" lon="75.8182966">
        <time>2024-02-15T05:55:51Z</time>
      </trkpt>
      <trkpt lat="26.8834553" lon="75.8181823">
        <time>2024-02-15T05:55:52Z</time>
      </trkpt>
      <trkpt lat="26.8834718" lon="75.8180641">
        <time>2024-02-15T05:55:53Z</time>
      </trkpt>
      <trkpt lat="26.8834976" lon="75.8179459">
        <time>2024-02-15T05:55:54Z</time>
      </trkpt>
      <trkpt lat="26.8835225" lon="75.8178129">
        <time>2024-02-15T05:55:55Z</time>
      </trkpt>
      <trkpt lat="26.8835428" lon="75.8176838">
        <time>2024-02-15T05:55:56Z</time>
      </trkpt>
      <trkpt lat="26.8835717" lon="75.8175431">
        <time>2024-02-15T05:55:57Z</time>
      </trkpt>
      <trkpt lat="26.8835923" lon="75.8174132">
        <time>2024-02-15T05:55:58Z</time>
      </trkpt>
      <trkpt lat="26.8836164" lon="75.8172806">
        <time>2024-02-15T05:55:59Z</time>
      </trkpt>
      <trkpt lat="26.8836531" lon="75.8171497">
        <time>2024-02-15T05:56:00Z</time>
      </trkpt>
      <trkpt lat="26.8836826" lon="75.8170165">
        <time>2024-02-15T05:56:01Z</time>
      </trkpt>
      <trkpt lat="26.8837088" lon="75.8168814">
        <time>2024-02-15T05:56:02Z</time>
      </trkpt>
      <trkpt lat="26.8837431" lon="75.8167510">
        <time>2024-02-15T05:56:03Z</time>
      </trkpt>
      <trkpt lat="26.8837767" lon="75.8166207">
        <time>2024-02-15T05:56:04Z</time>
      </trkpt>
      <trkpt lat="26.8838085" lon="75.8164889">
        <time>2024-02-15T05:56:05Z</time>
      </trkpt>
      <trkpt lat="26.8838360" lon="75.8163539">
        <time>2024-02-15T05:56:06Z</time>
      </trkpt>
      <trkpt lat="26.8838586" lon="75.8162124">
        <time>2024-02-15T05:56:07Z</time>
      </trkpt>
      <trkpt lat="26.8838851" lon="75.8160674">
        <time>2024-02-15T05:56:08Z</time>
      </trkpt>
      <trkpt lat="26.8839114" lon="75.8159316">
        <time>2024-02-15T05:56:09Z</time>
      </trkpt>
      <trkpt lat="26.8839418" lon="75.8157937">
        <time>2024-02-15T05:56:10Z</time>
      </trkpt>
      <trkpt lat="26.8839631" lon="75.8156522">
        <time>2024-02-15T05:56:11Z</time>
      </trkpt>
      <trkpt lat="26.8839911" lon="75.8155221">
        <time>2024-02-15T05:56:12Z</time>
      </trkpt>
      <trkpt lat="26.8840168" lon="75.8153971">
        <time>2024-02-15T05:56:13Z</time>
      </trkpt>
      <trkpt lat="26.8840447" lon="75.8152734">
        <time>2024-02-15T05:56:14Z</time>
      </trkpt>
      <trkpt lat="26.8840679" lon="75.8151487">
        <time>2024-02-15T05:56:15Z</time>
      </trkpt>
      <trkpt lat="26.8840861" lon="75.8150262">
        <time>2024-02-15T05:56:16Z</time>
      </trkpt>
      <trkpt lat="26.8841016" lon="75.8149270">
        <time>2024-02-15T05:56:17Z</time>
      </trkpt>
      <trkpt lat="26.8841224" lon="75.8148334">
        <time>2024-02-15T05:56:18Z</time>
      </trkpt>
      <trkpt lat="26.8841476" lon="75.8147288">
        <time>2024-02-15T05:56:19Z</time>
      </trkpt>
      <trkpt lat="26.8841767" lon="75.8146231">
        <time>2024-02-15T05:56:20Z</time>
      </trkpt>
      <trkpt lat="26.8841975" lon="75.8145089">
        <time>2024-02-15T05:56:21Z</time>
      </trkpt>
      <trkpt lat="26.8842247" lon="75.8143943">
        <time>2024-02-15T05:56:22Z</time>
      </trkpt>
      <trkpt lat="26.8842464" lon="75.8142736">
        <time>2024-02-15T05:56:23Z</time>
      </trkpt>
      <trkpt lat="26.8842769" lon="75.8141579">
        <time>2024-02-15T05:56:24Z</time>
      </trkpt>
      <trkpt lat="26.8843086" lon="75.8140468">
        <time>2024-02-15T05:56:25Z</time>
      </trkpt>
      <trkpt lat="26.8843323" lon="75.8139316">
        <time>2024-02-15T05:56:26Z</time>
      </trkpt>
      <trkpt lat="26.8843580" lon="75.8138251">
        <time>2024-02-15T05:56:27Z</time>
      </trkpt>
      <trkpt lat="26.8843780" lon="75.8137167">
        <time>2024-02-15T05:56:28Z</time>
      </trkpt>
      <trkpt lat="26.8844053" lon="75.8136163">
        <time>2024-02-15T05:56:29Z</time>
      </trkpt>
      <trkpt lat="26.8844217" lon="75.8135089">
        <time>2024-02-15T05:56:30Z</time>
      </trkpt>
      <trkpt lat="26.8844378" lon="75.8134066">
        <time>2024-02-15T05:56:31Z</time>
      </trkpt>
      <trkpt lat="26.8844362" lon="75.8133124">
        <time>2024-02-15T05:56:32Z</time>
      </trkpt>
      <trkpt lat="26.8844452" lon="75.8132173">
        <time>2024-02-15T05:56:33Z</time>
      </trkpt>
      <trkpt lat="26.8844511" lon="75.8131307">
        <time>2024-02-15T05:56:34Z</time>
      </trkpt>
      <trkpt lat="26.8844608" lon="75.8130465">
        <time>2024-02-15T05:56:35Z</time>
      </trkpt>
      <trkpt lat="26.8844607" lon="75.8129787">
        <time>2024-02-15T05:56:36Z</time>
      </trkpt>
      <trkpt lat="26.8844548" lon="75.8129136">
        <time>2024-02-15T05:56:37Z</time>
      </trkpt>
      <trkpt lat="26.8844453" lon="75.8128570">
        <time>2024-02-15T05:56:38Z</time>
      </trkpt>
      <trkpt lat="26.8844260" lon="75.8128075">
        <time>2024-02-15T05:56:39Z</time>
      </trkpt>
      <trkpt lat="26.8844000" lon="75.8127555">
        <time>2024-02-15T05:56:40Z</time>
      </trkpt>
      <trkpt lat="26.8843744" lon="75.8127263">
        <time>2024-02-15T05:56:41Z</time>
      </trkpt>
      <trkpt lat="26.8843552" lon="75.8127010">
        <time>2024-02-15T05:56:42Z</time>
      </trkpt>
      <trkpt lat="26.8843414" lon="75.8126853">
        <time>2024-02-15T05:56:43Z</time>
      </trkpt>
      <trkpt lat="26.8843339" lon="75.8126718">
        <time>2024-02-15T05:56:44Z</time>
      </trkpt>
      <trkpt lat="26.8843311" lon="75.8126676">
        <time>2024-02-15T05:56:45Z</time>
      </trkpt>
      <trkpt lat="26.8843306" lon="75.8126686">
        <time>2024-02-15T05:56:46Z</time>
      </trkpt>
      <trkpt lat="26.8843296" lon="75.8126730">
        <time>2024-02-15T05:56:47Z</time>
      </trkpt>
      <trkpt lat="26.8843296" lon="75.8126744">
        <time>2024-02-15T05:56:48Z</time>
      </trkpt>
      <trkpt lat="26.8843307" lon="75.8126759">
        <time>2024-02-15T05:56:49Z</time>
      </trkpt>
      <trkpt lat="26.8843318" lon="75.8126762">
        <time>2024-02-15T05:56:50Z</time>
      </trkpt>
      <trkpt lat="26.8843323" lon="75.8126772">
        <time>2024-02-15T05:56:51Z</time>
      </trkpt>
      <trkpt lat="26.8843319" lon="75.8126771">
        <time>2024-02-15T05:56:52Z</time>
      </trkpt>
      <trkpt lat="26.8843340" lon="75.8126773">
        <time>2024-02-15T05:56:53Z</time>
      </trkpt>
      <trkpt lat="26.8843346" lon="75.8126763">
        <time>2024-02-15T05:56:54Z</time>
      </trkpt>
      <trkpt lat="26.8843371" lon="75.8126774">
        <time>2024-02-15T05:56:55Z</time>
      </trkpt>
      <trkpt lat="26.8843398" lon="75.8126774">
        <time>2024-02-15T05:56:56Z</time>
      </trkpt>
      <trkpt lat="26.8843406" lon="75.8126767">
        <time>2024-02-15T05:56:57Z</time>
      </trkpt>
      <trkpt lat="26.8843408" lon="75.8126764">
        <time>2024-02-15T05:56:58Z</time>
      </trkpt>
      <trkpt lat="26.8843404" lon="75.8126759">
        <time>2024-02-15T05:56:59Z</time>
      </trkpt>
      <trkpt lat="26.8843398" lon="75.8126757">
        <time>2024-02-15T05:57:00Z</time>
      </trkpt>
      <trkpt lat="26.8843342" lon="75.8126727">
        <time>2024-02-15T05:57:01Z</time>
      </trkpt>
      <trkpt lat="26.8843250" lon="75.8126644">
        <time>2024-02-15T05:57:02Z</time>
      </trkpt>
      <trkpt lat="26.8843190" lon="75.8126629">
        <time>2024-02-15T05:57:03Z</time>
      </trkpt>
      <trkpt lat="26.8843144" lon="75.8126616">
        <time>2024-02-15T05:57:04Z</time>
      </trkpt>
      <trkpt lat="26.8843119" lon="75.8126596">
        <time>2024-02-15T05:57:05Z</time>
      </trkpt>
      <trkpt lat="26.8843096" lon="75.8126553">
        <time>2024-02-15T05:57:06Z</time>
      </trkpt>
      <trkpt lat="26.8843056" lon="75.8126490">
        <time>2024-02-15T05:57:07Z</time>
      </trkpt>
      <trkpt lat="26.8842941" lon="75.8126390">
        <time>2024-02-15T05:57:08Z</time>
      </trkpt>
      <trkpt lat="26.8842745" lon="75.8126227">
        <time>2024-02-15T05:57:09Z</time>
      </trkpt>
      <trkpt lat="26.8842444" lon="75.8125988">
        <time>2024-02-15T05:57:10Z</time>
      </trkpt>
      <trkpt lat="26.8842084" lon="75.8125745">
        <time>2024-02-15T05:57:11Z</time>
      </trkpt>
      <trkpt lat="26.8841702" lon="75.8125488">
        <time>2024-02-15T05:57:12Z</time>
      </trkpt>
      <trkpt lat="26.8841135" lon="75.8125202">
        <time>2024-02-15T05:57:13Z</time>
      </trkpt>
      <trkpt lat="26.8840449" lon="75.8124818">
        <time>2024-02-15T05:57:14Z</time>
      </trkpt>
      <trkpt lat="26.8839690" lon="75.8124440">
        <time>2024-02-15T05:57:15Z</time>
      </trkpt>
      <trkpt lat="26.8838776" lon="75.8124065">
        <time>2024-02-15T05:57:16Z</time>
      </trkpt>
      <trkpt lat="26.8837875" lon="75.8123805">
        <time>2024-02-15T05:57:17Z</time>
      </trkpt>
      <trkpt lat="26.8836881" lon="75.8123430">
        <time>2024-02-15T05:57:18Z</time>
      </trkpt>
      <trkpt lat="26.8835817" lon="75.8123095">
        <time>2024-02-15T05:57:19Z</time>
      </trkpt>
      <trkpt lat="26.8834616" lon="75.8122660">
        <time>2024-02-15T05:57:20Z</time>
      </trkpt>
      <trkpt lat="26.8833418" lon="75.8122277">
        <time>2024-02-15T05:57:21Z</time>
      </trkpt>
      <trkpt lat="26.8832266" lon="75.8121921">
        <time>2024-02-15T05:57:22Z</time>
      </trkpt>
      <trkpt lat="26.8830955" lon="75.8121595">
        <time>2024-02-15T05:57:23Z</time>
      </trkpt>
      <trkpt lat="26.8829588" lon="75.8121354">
        <time>2024-02-15T05:57:24Z</time>
      </trkpt>
      <trkpt lat="26.8828277" lon="75.8121027">
        <time>2024-02-15T05:57:25Z</time>
      </trkpt>
      <trkpt lat="26.8826909" lon="75.8120634">
        <time>2024-02-15T05:57:26Z</time>
      </trkpt>
      <trkpt lat="26.8825457" lon="75.8120089">
        <time>2024-02-15T05:57:27Z</time>
      </trkpt>
      <trkpt lat="26.8823996" lon="75.8119690">
        <time>2024-02-15T05:57:28Z</time>
      </trkpt>
      <trkpt lat="26.8822479" lon="75.8119221">
        <time>2024-02-15T05:57:29Z</time>
      </trkpt>
      <trkpt lat="26.8820891" lon="75.8118786">
        <time>2024-02-15T05:57:30Z</time>
      </trkpt>
      <trkpt lat="26.8819412" lon="75.8118397">
        <time>2024-02-15T05:57:31Z</time>
      </trkpt>
      <trkpt lat="26.8817552" lon="75.8117907">
        <time>2024-02-15T05:57:32Z</time>
      </trkpt>
      <trkpt lat="26.8815852" lon="75.8117444">
        <time>2024-02-15T05:57:33Z</time>
      </trkpt>
      <trkpt lat="26.8814170" lon="75.8116948">
        <time>2024-02-15T05:57:34Z</time>
      </trkpt>
      <trkpt lat="26.8812474" lon="75.8116505">
        <time>2024-02-15T05:57:35Z</time>
      </trkpt>
      <trkpt lat="26.8810566" lon="75.8115998">
        <time>2024-02-15T05:57:36Z</time>
      </trkpt>
      <trkpt lat="26.8808710" lon="75.8115523">
        <time>2024-02-15T05:57:37Z</time>
      </trkpt>
      <trkpt lat="26.8806855" lon="75.8115074">
        <time>2024-02-15T05:57:38Z</time>
      </trkpt>
      <trkpt lat="26.8804956" lon="75.8114641">
        <time>2024-02-15T05:57:39Z</time>
      </trkpt>
      <trkpt lat="26.8803183" lon="75.8114182">
        <time>2024-02-15T05:57:40Z</time>
      </trkpt>
      <trkpt lat="26.8801406" lon="75.8113736">
        <time>2024-02-15T05:57:41Z</time>
      </trkpt>
      <trkpt lat="26.8799511" lon="75.8113296">
        <time>2024-02-15T05:57:42Z</time>
      </trkpt>
      <trkpt lat="26.8797720" lon="75.8112846">
        <time>2024-02-15T05:57:43Z</time>
      </trkpt>
      <trkpt lat="26.8795958" lon="75.8112433">
        <time>2024-02-15T05:57:44Z</time>
      </trkpt>
      <trkpt lat="26.8794273" lon="75.8112050">
        <time>2024-02-15T05:57:45Z</time>
      </trkpt>
      <trkpt lat="26.8792576" lon="75.8111567">
        <time>2024-02-15T05:57:46Z</time>
      </trkpt>
      <trkpt lat="26.8790857" lon="75.8111148">
        <time>2024-02-15T05:57:47Z</time>
      </trkpt>
      <trkpt lat="26.8789223" lon="75.8110759">
        <time>2024-02-15T05:57:48Z</time>
      </trkpt>
      <trkpt lat="26.8787613" lon="75.8110319">
        <time>2024-02-15T05:57:49Z</time>
      </trkpt>
      <trkpt lat="26.8786027" lon="75.8109899">
        <time>2024-02-15T05:57:50Z</time>
      </trkpt>
      <trkpt lat="26.8784500" lon="75.8109506">
        <time>2024-02-15T05:57:51Z</time>
      </trkpt>
      <trkpt lat="26.8783010" lon="75.8109122">
        <time>2024-02-15T05:57:52Z</time>
      </trkpt>
      <trkpt lat="26.8781562" lon="75.8108729">
        <time>2024-02-15T05:57:53Z</time>
      </trkpt>
      <trkpt lat="26.8780071" lon="75.8108318">
        <time>2024-02-15T05:57:54Z</time>
      </trkpt>
      <trkpt lat="26.8778611" lon="75.8107909">
        <time>2024-02-15T05:57:55Z</time>
      </trkpt>
      <trkpt lat="26.8777169" lon="75.8107535">
        <time>2024-02-15T05:57:56Z</time>
      </trkpt>
      <trkpt lat="26.8775772" lon="75.8107158">
        <time>2024-02-15T05:57:57Z</time>
      </trkpt>
      <trkpt lat="26.8774337" lon="75.8106787">
        <time>2024-02-15T05:57:58Z</time>
      </trkpt>
      <trkpt lat="26.8772891" lon="75.8106413">
        <time>2024-02-15T05:57:59Z</time>
      </trkpt>
      <trkpt lat="26.8771538" lon="75.8106097">
        <time>2024-02-15T05:58:00Z</time>
      </trkpt>
      <trkpt lat="26.8770064" lon="75.8105709">
        <time>2024-02-15T05:58:01Z</time>
      </trkpt>
      <trkpt lat="26.8768589" lon="75.8105311">
        <time>2024-02-15T05:58:02Z</time>
      </trkpt>
      <trkpt lat="26.8767146" lon="75.8104926">
        <time>2024-02-15T05:58:03Z</time>
      </trkpt>
      <trkpt lat="26.8765757" lon="75.8104516">
        <time>2024-02-15T05:58:04Z</time>
      </trkpt>
      <trkpt lat="26.8764427" lon="75.8104186">
        <time>2024-02-15T05:58:05Z</time>
      </trkpt>
      <trkpt lat="26.8763073" lon="75.8103884">
        <time>2024-02-15T05:58:06Z</time>
      </trkpt>
      <trkpt lat="26.8761763" lon="75.8103576">
        <time>2024-02-15T05:58:07Z</time>
      </trkpt>
      <trkpt lat="26.8760516" lon="75.8103266">
        <time>2024-02-15T05:58:08Z</time>
      </trkpt>
      <trkpt lat="26.8759362" lon="75.8102952">
        <time>2024-02-15T05:58:09Z</time>
      </trkpt>
      <trkpt lat="26.8758454" lon="75.8102710">
        <time>2024-02-15T05:58:10Z</time>
      </trkpt>
      <trkpt lat="26.8757649" lon="75.8102455">
        <time>2024-02-15T05:58:11Z</time>
      </trkpt>
      <trkpt lat="26.8756885" lon="75.8102248">
        <time>2024-02-15T05:58:12Z</time>
      </trkpt>
      <trkpt lat="26.8756325" lon="75.8102042">
        <time>2024-02-15T05:58:13Z</time>
      </trkpt>
      <trkpt lat="26.8756004" lon="75.8101956">
        <time>2024-02-15T05:58:14Z</time>
      </trkpt>
      <trkpt lat="26.8755786" lon="75.8101868">
        <time>2024-02-15T05:58:15Z</time>
      </trkpt>
      <trkpt lat="26.8755710" lon="75.8101779">
        <time>2024-02-15T05:58:16Z</time>
      </trkpt>
      <trkpt lat="26.8755596" lon="75.8101712">
        <time>2024-02-15T05:58:17Z</time>
      </trkpt>
      <trkpt lat="26.8755507" lon="75.8101699">
        <time>2024-02-15T05:58:18Z</time>
      </trkpt>
      <trkpt lat="26.8755402" lon="75.8101711">
        <time>2024-02-15T05:58:19Z</time>
      </trkpt>
      <trkpt lat="26.8755352" lon="75.8101715">
        <time>2024-02-15T05:58:20Z</time>
      </trkpt>
      <trkpt lat="26.8755288" lon="75.8101752">
        <time>2024-02-15T05:58:21Z</time>
      </trkpt>
      <trkpt lat="26.8755294" lon="75.8101761">
        <time>2024-02-15T05:58:22Z</time>
      </trkpt>
      <trkpt lat="26.8755309" lon="75.8101766">
        <time>2024-02-15T05:58:23Z</time>
      </trkpt>
      <trkpt lat="26.8755304" lon="75.8101759">
        <time>2024-02-15T05:58:24Z</time>
      </trkpt>
      <trkpt lat="26.8755296" lon="75.8101762">
        <time>2024-02-15T05:58:25Z</time>
      </trkpt>
      <trkpt lat="26.8755307" lon="75.8101757">
        <time>2024-02-15T05:58:26Z</time>
      </trkpt>
      <trkpt lat="26.8755312" lon="75.8101760">
        <time>2024-02-15T05:58:27Z</time>
      </trkpt>
      <trkpt lat="26.8755310" lon="75.8101768">
        <time>2024-02-15T05:58:28Z</time>
      </trkpt>
      <trkpt lat="26.8755290" lon="75.8101750">
        <time>2024-02-15T05:58:29Z</time>
      </trkpt>
      <trkpt lat="26.8755298" lon="75.8101743">
        <time>2024-02-15T05:58:30Z</time>
      </trkpt>
      <trkpt lat="26.8755293" lon="75.8101751">
        <time>2024-02-15T05:58:31Z</time>
      </trkpt>
      <trkpt lat="26.8755289" lon="75.8101751">
        <time>2024-02-15T05:58:32Z</time>
      </trkpt>
      <trkpt lat="26.8755289" lon="75.8101752">
        <time>2024-02-15T05:58:33Z</time>
      </trkpt>
      <trkpt lat="26.8755293" lon="75.8101749">
        <time>2024-02-15T05:58:34Z</time>
      </trkpt>
      <trkpt lat="26.8755295" lon="75.8101748">
        <time>2024-02-15T05:58:35Z</time>
      </trkpt>
      <trkpt lat="26.8755294" lon="75.8101748">
        <time>2024-02-15T05:58:36Z</time>
      </trkpt>
      <trkpt lat="26.8755294" lon="75.8101747">
        <time>2024-02-15T05:58:37Z</time>
      </trkpt>
      <trkpt lat="26.8755295" lon="75.8101748">
        <time>2024-02-15T05:58:38Z</time>
      </trkpt>
      <trkpt lat="26.8755295" lon="75.8101747">
        <time>2024-02-15T05:58:39Z</time>
      </trkpt>
      <trkpt lat="26.8755295" lon="75.8101747">
        <time>2024-02-15T05:58:40Z</time>
      </trkpt>
      <trkpt lat="26.8755295" lon="75.8101747">
        <time>2024-02-15T05:58:41Z</time>
      </trkpt>
      <trkpt lat="26.8755294" lon="75.8101748">
        <time>2024-02-15T05:58:42Z</time>
      </trkpt>
      <trkpt lat="26.8755294" lon="75.8101748">
        <time>2024-02-15T05:58:43Z</time>
      </trkpt>
      <trkpt lat="26.8755294" lon="75.8101748">
        <time>2024-02-15T05:58:44Z</time>
      </trkpt>
      <trkpt lat="26.8755294" lon="75.8101748">
        <time>2024-02-15T05:58:45Z</time>
      </trkpt>
      <trkpt lat="26.8755294" lon="75.8101748">
        <time>2024-02-15T05:58:46Z</time>
      </trkpt>
      <trkpt lat="26.8755293" lon="75.8101748">
        <time>2024-02-15T05:58:47Z</time>
      </trkpt>
      <trkpt lat="26.8755294" lon="75.8101748">
        <time>2024-02-15T05:58:48Z</time>
      </trkpt>
      <trkpt lat="26.8755294" lon="75.8101748">
        <time>2024-02-15T05:58:49Z</time>
      </trkpt>
      <trkpt lat="26.8755294" lon="75.8101748">
        <time>2024-02-15T05:58:50Z</time>
      </trkpt>
      <trkpt lat="26.8755294" lon="75.8101748">
        <time>2024-02-15T05:58:51Z</time>
      </trkpt>
      <trkpt lat="26.8755294" lon="75.8101748">
        <time>2024-02-15T05:58:52Z</time>
      </trkpt>
      <trkpt lat="26.8755294" lon="75.8101748">
        <time>2024-02-15T05:58:53Z</time>
      </trkpt>
      <trkpt lat="26.8755294" lon="75.8101748">
        <time>2024-02-15T05:58:54Z</time>
      </trkpt>
      <trkpt lat="26.8755293" lon="75.8101748">
        <time>2024-02-15T05:58:55Z</time>
      </trkpt>
      <trkpt lat="26.8755293" lon="75.8101748">
        <time>2024-02-15T05:58:56Z</time>
      </trkpt>
      <trkpt lat="26.8755293" lon="75.8101748">
        <time>2024-02-15T05:58:57Z</time>
      </trkpt>
      <trkpt lat="26.8755293" lon="75.8101748">
        <time>2024-02-15T05:58:58Z</time>
      </trkpt>
      <trkpt lat="26.8755293" lon="75.8101748">
        <time>2024-02-15T05:58:59Z</time>
      </trkpt>
      <trkpt lat="26.8755292" lon="75.8101748">
        <time>2024-02-15T05:59:00Z</time>
      </trkpt>
      <trkpt lat="26.8755292" lon="75.8101747">
        <time>2024-02-15T05:59:01Z</time>
      </trkpt>
      <trkpt lat="26.8755292" lon="75.8101747">
        <time>2024-02-15T05:59:02Z</time>
      </trkpt>
      <trkpt lat="26.8755292" lon="75.8101747">
        <time>2024-02-15T05:59:03Z</time>
      </trkpt>
      <trkpt lat="26.8755156" lon="75.8101704">
        <time>2024-02-15T05:59:04Z</time>
      </trkpt>
      <trkpt lat="26.8754943" lon="75.8101631">
        <time>2024-02-15T05:59:05Z</time>
      </trkpt>
      <trkpt lat="26.8754682" lon="75.8101510">
        <time>2024-02-15T05:59:06Z</time>
      </trkpt>
      <trkpt lat="26.8754404" lon="75.8101290">
        <time>2024-02-15T05:59:07Z</time>
      </trkpt>
      <trkpt lat="26.8754117" lon="75.8100982">
        <time>2024-02-15T05:59:08Z</time>
      </trkpt>
      <trkpt lat="26.8753750" lon="75.8100595">
        <time>2024-02-15T05:59:09Z</time>
      </trkpt>
      <trkpt lat="26.8753579" lon="75.8100034">
        <time>2024-02-15T05:59:10Z</time>
      </trkpt>
      <trkpt lat="26.8753582" lon="75.8099375">
        <time>2024-02-15T05:59:11Z</time>
      </trkpt>
      <trkpt lat="26.8753712" lon="75.8098634">
        <time>2024-02-15T05:59:12Z</time>
      </trkpt>
      <trkpt lat="26.8753849" lon="75.8097798">
        <time>2024-02-15T05:59:13Z</time>
      </trkpt>
      <trkpt lat="26.8753980" lon="75.8096898">
        <time>2024-02-15T05:59:14Z</time>
      </trkpt>
      <trkpt lat="26.8754183" lon="75.8096028">
        <time>2024-02-15T05:59:15Z</time>
      </trkpt>
      <trkpt lat="26.8754408" lon="75.8094923">
        <time>2024-02-15T05:59:16Z</time>
      </trkpt>
      <trkpt lat="26.8754716" lon="75.8093918">
        <time>2024-02-15T05:59:17Z</time>
      </trkpt>
      <trkpt lat="26.8754950" lon="75.8092825">
        <time>2024-02-15T05:59:18Z</time>
      </trkpt>
      <trkpt lat="26.8755141" lon="75.8091896">
        <time>2024-02-15T05:59:19Z</time>
      </trkpt>
      <trkpt lat="26.8755283" lon="75.8091188">
        <time>2024-02-15T05:59:20Z</time>
      </trkpt>
      <trkpt lat="26.8755426" lon="75.8090409">
        <time>2024-02-15T05:59:21Z</time>
      </trkpt>
      <trkpt lat="26.8755426" lon="75.8089872">
        <time>2024-02-15T05:59:22Z</time>
      </trkpt>
      <trkpt lat="26.8755506" lon="75.8089524">
        <time>2024-02-15T05:59:23Z</time>
      </trkpt>
      <trkpt lat="26.8755594" lon="75.8089275">
        <time>2024-02-15T05:59:24Z</time>
      </trkpt>
      <trkpt lat="26.8755746" lon="75.8089139">
        <time>2024-02-15T05:59:25Z</time>
      </trkpt>
      <trkpt lat="26.8755840" lon="75.8089079">
        <time>2024-02-15T05:59:26Z</time>
      </trkpt>
      <trkpt lat="26.8755990" lon="75.8089110">
        <time>2024-02-15T05:59:27Z</time>
      </trkpt>
      <trkpt lat="26.8756163" lon="75.8089201">
        <time>2024-02-15T05:59:28Z</time>
      </trkpt>
      <trkpt lat="26.8756314" lon="75.8089427">
        <time>2024-02-15T05:59:29Z</time>
      </trkpt>
      <trkpt lat="26.8756348" lon="75.8089784">
        <time>2024-02-15T05:59:30Z</time>
      </trkpt>
      <trkpt lat="26.8756274" lon="75.8090162">
        <time>2024-02-15T05:59:31Z</time>
      </trkpt>
      <trkpt lat="26.8756177" lon="75.8090564">
        <time>2024-02-15T05:59:32Z</time>
      </trkpt>
      <trkpt lat="26.8756063" lon="75.8091136">
        <time>2024-02-15T05:59:33Z</time>
      </trkpt>
      <trkpt lat="26.8755889" lon="75.8091736">
        <time>2024-02-15T05:59:34Z</time>
      </trkpt>
      <trkpt lat="26.8755746" lon="75.8092463">
        <time>2024-02-15T05:59:35Z</time>
      </trkpt>
      <trkpt lat="26.8755592" lon="75.8093229">
        <time>2024-02-15T05:59:36Z</time>
      </trkpt>
      <trkpt lat="26.8755380" lon="75.8094052">
        <time>2024-02-15T05:59:37Z</time>
      </trkpt>
      <trkpt lat="26.8755193" lon="75.8094894">
        <time>2024-02-15T05:59:38Z</time>
      </trkpt>
      <trkpt lat="26.8754978" lon="75.8095721">
        <time>2024-02-15T05:59:39Z</time>
      </trkpt>
      <trkpt lat="26.8754843" lon="75.8096513">
        <time>2024-02-15T05:59:40Z</time>
      </trkpt>
      <trkpt lat="26.8754761" lon="75.8097236">
        <time>2024-02-15T05:59:41Z</time>
      </trkpt>
      <trkpt lat="26.8754728" lon="75.8097833">
        <time>2024-02-15T05:59:42Z</time>
      </trkpt>
      <trkpt lat="26.8754808" lon="75.8098414">
        <time>2024-02-15T05:59:43Z</time>
      </trkpt>
      <trkpt lat="26.8755069" lon="75.8098949">
        <time>2024-02-15T05:59:44Z</time>
      </trkpt>
      <trkpt lat="26.8755324" lon="75.8099450">
        <time>2024-02-15T05:59:45Z</time>
      </trkpt>
      <trkpt lat="26.8755496" lon="75.8099812">
        <time>2024-02-15T05:59:46Z</time>
      </trkpt>
      <trkpt lat="26.8755773" lon="75.8100142">
        <time>2024-02-15T05:59:47Z</time>
      </trkpt>
      <trkpt lat="26.8756167" lon="75.8100337">
        <time>2024-02-15T05:59:48Z</time>
      </trkpt>
      <trkpt lat="26.8756456" lon="75.8100410">
        <time>2024-02-15T05:59:49Z</time>
      </trkpt>
      <trkpt lat="26.8756794" lon="75.8100485">
        <time>2024-02-15T05:59:50Z</time>
      </trkpt>
      <trkpt lat="26.8757054" lon="75.8100526">
        <time>2024-02-15T05:59:51Z</time>
      </trkpt>
      <trkpt lat="26.8757210" lon="75.8100528">
        <time>2024-02-15T05:59:52Z</time>
      </trkpt>
      <trkpt lat="26.8757245" lon="75.8100573">
        <time>2024-02-15T05:59:53Z</time>
      </trkpt>
      <trkpt lat="26.8757286" lon="75.8100577">
        <time>2024-02-15T05:59:54Z</time>
      </trkpt>
      <trkpt lat="26.8757306" lon="75.8100617">
        <time>2024-02-15T05:59:55Z</time>
      </trkpt>
      <trkpt lat="26.8757321" lon="75.8100609">
        <time>2024-02-15T05:59:56Z</time>
      </trkpt>
      <trkpt lat="26.8757324" lon="75.8100639">
        <time>2024-02-15T05:59:57Z</time>
      </trkpt>
      <trkpt lat="26.8757307" lon="75.8100622">
        <time>2024-02-15T05:59:58Z</time>
      </trkpt>
      <trkpt lat="26.8757301" lon="75.8100657">
        <time>2024-02-15T05:59:59Z</time>
      </trkpt>
      <trkpt lat="26.8757317" lon="75.8100660">
        <time>2024-02-15T06:00:00Z</time>
      </trkpt>
      <trkpt lat="26.8757341" lon="75.8100657">
        <time>2024-02-15T06:00:01Z</time>
      </trkpt>
      <trkpt lat="26.8757353" lon="75.8100665">
        <time>2024-02-15T06:00:02Z</time>
      </trkpt>
      <trkpt lat="26.8757367" lon="75.8100663">
        <time>2024-02-15T06:00:03Z</time>
      </trkpt>
      <trkpt lat="26.8757382" lon="75.8100666">
        <time>2024-02-15T06:00:04Z</time>
      </trkpt>
      <trkpt lat="26.8757394" lon="75.8100672">
        <time>2024-02-15T06:00:05Z</time>
      </trkpt>
      <trkpt lat="26.8757400" lon="75.8100673">
        <time>2024-02-15T06:00:06Z</time>
      </trkpt>
      <trkpt lat="26.8757402" lon="75.8100670">
        <time>2024-02-15T06:00:07Z</time>
      </trkpt>
      <trkpt lat="26.8757410" lon="75.8100662">
        <time>2024-02-15T06:00:08Z</time>
      </trkpt>
      <trkpt lat="26.8757412" lon="75.8100661">
        <time>2024-02-15T06:00:09Z</time>
      </trkpt>
      <trkpt lat="26.8757412" lon="75.8100659">
        <time>2024-02-15T06:00:10Z</time>
      </trkpt>
      <trkpt lat="26.8757413" lon="75.8100661">
        <time>2024-02-15T06:00:11Z</time>
      </trkpt>
      <trkpt lat="26.8757411" lon="75.8100665">
        <time>2024-02-15T06:00:12Z</time>
      </trkpt>
      <trkpt lat="26.8757411" lon="75.8100666">
        <time>2024-02-15T06:00:13Z</time>
      </trkpt>
      <trkpt lat="26.8757417" lon="75.8100701">
        <time>2024-02-15T06:00:14Z</time>
      </trkpt>
      <trkpt lat="26.8757402" lon="75.8100719">
        <time>2024-02-15T06:00:15Z</time>
      </trkpt>
      <trkpt lat="26.8757396" lon="75.8100709">
        <time>2024-02-15T06:00:16Z</time>
      </trkpt>
      <trkpt lat="26.8757400" lon="75.8100715">
        <time>2024-02-15T06:00:17Z</time>
      </trkpt>
      <trkpt lat="26.8757407" lon="75.8100702">
        <time>2024-02-15T06:00:18Z</time>
      </trkpt>
      <trkpt lat="26.8757423" lon="75.8100698">
        <time>2024-02-15T06:00:19Z</time>
      </trkpt>
      <trkpt lat="26.8757452" lon="75.8100735">
        <time>2024-02-15T06:00:20Z</time>
      </trkpt>
      <trkpt lat="26.8757479" lon="75.8100746">
        <time>2024-02-15T06:00:21Z</time>
      </trkpt>
      <trkpt lat="26.8757510" lon="75.8100759">
        <time>2024-02-15T06:00:22Z</time>
      </trkpt>
      <trkpt lat="26.8757520" lon="75.8100762">
        <time>2024-02-15T06:00:23Z</time>
      </trkpt>
      <trkpt lat="26.8757543" lon="75.8100740">
        <time>2024-02-15T06:00:24Z</time>
      </trkpt>
      <trkpt lat="26.8757554" lon="75.8100731">
        <time>2024-02-15T06:00:25Z</time>
      </trkpt>
      <trkpt lat="26.8757575" lon="75.8100732">
        <time>2024-02-15T06:00:26Z</time>
      </trkpt>
      <trkpt lat="26.8757580" lon="75.8100736">
        <time>2024-02-15T06:00:27Z</time>
      </trkpt>
      <trkpt lat="26.8757589" lon="75.8100745">
        <time>2024-02-15T06:00:28Z</time>
      </trkpt>
      <trkpt lat="26.8757595" lon="75.8100748">
        <time>2024-02-15T06:00:29Z</time>
      </trkpt>
      <trkpt lat="26.8757595" lon="75.8100749">
        <time>2024-02-15T06:00:30Z</time>
      </trkpt>
      <trkpt lat="26.8757596" lon="75.8100750">
        <time>2024-02-15T06:00:31Z</time>
      </trkpt>
      <trkpt lat="26.8757596" lon="75.8100746">
        <time>2024-02-15T06:00:32Z</time>
      </trkpt>
      <trkpt lat="26.8757596" lon="75.8100745">
        <time>2024-02-15T06:00:33Z</time>
      </trkpt>
      <trkpt lat="26.8757808" lon="75.8100829">
        <time>2024-02-15T06:00:34Z</time>
      </trkpt>
      <trkpt lat="26.8757840" lon="75.8100887">
        <time>2024-02-15T06:00:35Z</time>
      </trkpt>
      <trkpt lat="26.8757898" lon="75.8100970">
        <time>2024-02-15T06:00:36Z</time>
      </trkpt>
      <trkpt lat="26.8758143" lon="75.8101036">
        <time>2024-02-15T06:00:37Z</time>
      </trkpt>
      <trkpt lat="26.8758351" lon="75.8101093">
        <time>2024-02-15T06:00:38Z</time>
      </trkpt>
      <trkpt lat="26.8758564" lon="75.8101087">
        <time>2024-02-15T06:00:39Z</time>
      </trkpt>
      <trkpt lat="26.8758737" lon="75.8101000">
        <time>2024-02-15T06:00:40Z</time>
      </trkpt>
      <trkpt lat="26.8758891" lon="75.8100912">
        <time>2024-02-15T06:00:41Z</time>
      </trkpt>
      <trkpt lat="26.8759038" lon="75.8100909">
        <time>2024-02-15T06:00:42Z</time>
      </trkpt>
      <trkpt lat="26.8759172" lon="75.8101003">
        <time>2024-02-15T06:00:43Z</time>
      </trkpt>
      <trkpt lat="26.8759210" lon="75.8101072">
        <time>2024-02-15T06:00:44Z</time>
      </trkpt>
      <trkpt lat="26.8759189" lon="75.8101168">
        <time>2024-02-15T06:00:45Z</time>
      </trkpt>
      <trkpt lat="26.8759192" lon="75.8101191">
        <time>2024-02-15T06:00:46Z</time>
      </trkpt>
      <trkpt lat="26.8759211" lon="75.8101222">
        <time>2024-02-15T06:00:47Z</time>
      </trkpt>
      <trkpt lat="26.8759213" lon="75.8101240">
        <time>2024-02-15T06:00:48Z</time>
      </trkpt>
      <trkpt lat="26.8759213" lon="75.8101244">
        <time>2024-02-15T06:00:49Z</time>
      </trkpt>
      <trkpt lat="26.8759206" lon="75.8101244">
        <time>2024-02-15T06:00:50Z</time>
      </trkpt>
      <trkpt lat="26.8759192" lon="75.8101305">
        <time>2024-02-15T06:00:51Z</time>
      </trkpt>
      <trkpt lat="26.8759179" lon="75.8101337">
        <time>2024-02-15T06:00:52Z</time>
      </trkpt>
      <trkpt lat="26.8759109" lon="75.8101291">
        <time>2024-02-15T06:00:53Z</time>
      </trkpt>
      <trkpt lat="26.8759111" lon="75.8101220">
        <time>2024-02-15T06:00:54Z</time>
      </trkpt>
      <trkpt lat="26.8759131" lon="75.8101160">
        <time>2024-02-15T06:00:55Z</time>
      </trkpt>
      <trkpt lat="26.8759168" lon="75.8101077">
        <time>2024-02-15T06:00:56Z</time>
      </trkpt>
      <trkpt lat="26.8759218" lon="75.8101038">
        <time>2024-02-15T06:00:57Z</time>
      </trkpt>
      <trkpt lat="26.8759217" lon="75.8100987">
        <time>2024-02-15T06:00:58Z</time>
      </trkpt>
      <trkpt lat="26.8759211" lon="75.8100980">
        <time>2024-02-15T06:00:59Z</time>
      </trkpt>
      <trkpt lat="26.8759211" lon="75.8101007">
        <time>2024-02-15T06:01:00Z</time>
      </trkpt>
      <trkpt lat="26.8759185" lon="75.8101020">
        <time>2024-02-15T06:01:01Z</time>
      </trkpt>
      <trkpt lat="26.8759189" lon="75.8101031">
        <time>2024-02-15T06:01:02Z</time>
      </trkpt>
      <trkpt lat="26.8759215" lon="75.8101056">
        <time>2024-02-15T06:01:03Z</time>
      </trkpt>
      <trkpt lat="26.8759344" lon="75.8101119">
        <time>2024-02-15T06:01:04Z</time>
      </trkpt>
      <trkpt lat="26.8759440" lon="75.8101139">
        <time>2024-02-15T06:01:05Z</time>
      </trkpt>
      <trkpt lat="26.8759470" lon="75.8101075">
        <time>2024-02-15T06:01:06Z</time>
      </trkpt>
      <trkpt lat="26.8759489" lon="75.8101081">
        <time>2024-02-15T06:01:07Z</time>
      </trkpt>
      <trkpt lat="26.8759492" lon="75.8101082">
        <time>2024-02-15T06:01:08Z</time>
      </trkpt>
      <trkpt lat="26.8759498" lon="75.8101098">
        <time>2024-02-15T06:01:09Z</time>
      </trkpt>
      <trkpt lat="26.8759497" lon="75.8101099">
        <time>2024-02-15T06:01:10Z</time>
      </trkpt>
      <trkpt lat="26.8759480" lon="75.8101114">
        <time>2024-02-15T06:01:11Z</time>
      </trkpt>
      <trkpt lat="26.8759471" lon="75.8101122">
        <time>2024-02-15T06:01:12Z</time>
      </trkpt>
      <trkpt lat="26.8759462" lon="75.8101126">
        <time>2024-02-15T06:01:13Z</time>
      </trkpt>
      <trkpt lat="26.8759452" lon="75.8101132">
        <time>2024-02-15T06:01:14Z</time>
      </trkpt>
      <trkpt lat="26.8759445" lon="75.8101126">
        <time>2024-02-15T06:01:15Z</time>
      </trkpt>
      <trkpt lat="26.8759446" lon="75.8101132">
        <time>2024-02-15T06:01:16Z</time>
      </trkpt>
      <trkpt lat="26.8759443" lon="75.8101143">
        <time>2024-02-15T06:01:17Z</time>
      </trkpt>
      <trkpt lat="26.8759435" lon="75.8101145">
        <time>2024-02-15T06:01:18Z</time>
      </trkpt>
      <trkpt lat="26.8759433" lon="75.8101154">
        <time>2024-02-15T06:01:19Z</time>
      </trkpt>
      <trkpt lat="26.8759432" lon="75.8101159">
        <time>2024-02-15T06:01:20Z</time>
      </trkpt>
      <trkpt lat="26.8759431" lon="75.8101161">
        <time>2024-02-15T06:01:21Z</time>
      </trkpt>
      <trkpt lat="26.8759429" lon="75.8101165">
        <time>2024-02-15T06:01:22Z</time>
      </trkpt>
      <trkpt lat="26.8759434" lon="75.8101167">
        <time>2024-02-15T06:01:23Z</time>
      </trkpt>
      <trkpt lat="26.8759434" lon="75.8101167">
        <time>2024-02-15T06:01:24Z</time>
      </trkpt>
      <trkpt lat="26.8759434" lon="75.8101167">
        <time>2024-02-15T06:01:25Z</time>
      </trkpt>
      <trkpt lat="26.8759434" lon="75.8101167">
        <time>2024-02-15T06:01:26Z</time>
      </trkpt>
      <trkpt lat="26.8759434" lon="75.8101167">
        <time>2024-02-15T06:01:27Z</time>
      </trkpt>
      <trkpt lat="26.8759434" lon="75.8101167">
        <time>2024-02-15T06:01:28Z</time>
      </trkpt>
      <trkpt lat="26.8759434" lon="75.8101167">
        <time>2024-02-15T06:01:29Z</time>
      </trkpt>
      <trkpt lat="26.8759431" lon="75.8101167">
        <time>2024-02-15T06:01:30Z</time>
      </trkpt>
      <trkpt lat="26.8759427" lon="75.8101168">
        <time>2024-02-15T06:01:31Z</time>
      </trkpt>
      <trkpt lat="26.8759425" lon="75.8101169">
        <time>2024-02-15T06:01:32Z</time>
      </trkpt>
      <trkpt lat="26.8759427" lon="75.8101170">
        <time>2024-02-15T06:01:33Z</time>
      </trkpt>
      <trkpt lat="26.8759427" lon="75.8101170">
        <time>2024-02-15T06:01:34Z</time>
      </trkpt>
      <trkpt lat="26.8759427" lon="75.8101170">
        <time>2024-02-15T06:01:35Z</time>
      </trkpt>
      <trkpt lat="26.8759427" lon="75.8101170">
        <time>2024-02-15T06:01:36Z</time>
      </trkpt>
      <trkpt lat="26.8759427" lon="75.8101170">
        <time>2024-02-15T06:01:37Z</time>
      </trkpt>
      <trkpt lat="26.8759427" lon="75.8101170">
        <time>2024-02-15T06:01:38Z</time>
      </trkpt>
      <trkpt lat="26.8759429" lon="75.8101170">
        <time>2024-02-15T06:01:39Z</time>
      </trkpt>
      <trkpt lat="26.8759430" lon="75.8101170">
        <time>2024-02-15T06:01:40Z</time>
      </trkpt>
      <trkpt lat="26.8759433" lon="75.8101169">
        <time>2024-02-15T06:01:41Z</time>
      </trkpt>
      <trkpt lat="26.8759434" lon="75.8101169">
        <time>2024-02-15T06:01:42Z</time>
      </trkpt>
      <trkpt lat="26.8759435" lon="75.8101169">
        <time>2024-02-15T06:01:43Z</time>
      </trkpt>
      <trkpt lat="26.8759435" lon="75.8101169">
        <time>2024-02-15T06:01:44Z</time>
      </trkpt>
      <trkpt lat="26.8759435" lon="75.8101170">
        <time>2024-02-15T06:01:45Z</time>
      </trkpt>
      <trkpt lat="26.8759435" lon="75.8101170">
        <time>2024-02-15T06:01:46Z</time>
      </trkpt>
      <trkpt lat="26.8759435" lon="75.8101170">
        <time>2024-02-15T06:01:47Z</time>
      </trkpt>
      <trkpt lat="26.8759435" lon="75.8101170">
        <time>2024-02-15T06:01:48Z</time>
      </trkpt>
      <trkpt lat="26.8759435" lon="75.8101170">
        <time>2024-02-15T06:01:49Z</time>
      </trkpt>
      <trkpt lat="26.8759435" lon="75.8101170">
        <time>2024-02-15T06:01:50Z</time>
      </trkpt>
      <trkpt lat="26.8759435" lon="75.8101169">
        <time>2024-02-15T06:01:51Z</time>
      </trkpt>
      <trkpt lat="26.8759435" lon="75.8101170">
        <time>2024-02-15T06:01:52Z</time>
      </trkpt>
      <trkpt lat="26.8759435" lon="75.8101170">
        <time>2024-02-15T06:01:53Z</time>
      </trkpt>
      <trkpt lat="26.8759436" lon="75.8101170">
        <time>2024-02-15T06:01:54Z</time>
      </trkpt>
      <trkpt lat="26.8759436" lon="75.8101169">
        <time>2024-02-15T06:01:55Z</time>
      </trkpt>
      <trkpt lat="26.8759436" lon="75.8101169">
        <time>2024-02-15T06:01:56Z</time>
      </trkpt>
      <trkpt lat="26.8759436" lon="75.8101169">
        <time>2024-02-15T06:01:57Z</time>
      </trkpt>
      <trkpt lat="26.8759436" lon="75.8101169">
        <time>2024-02-15T06:01:58Z</time>
      </trkpt>
      <trkpt lat="26.8759436" lon="75.8101169">
        <time>2024-02-15T06:01:59Z</time>
      </trkpt>
      <trkpt lat="26.8759436" lon="75.8101169">
        <time>2024-02-15T06:02:00Z</time>
      </trkpt>
      <trkpt lat="26.8759575" lon="75.8101274">
        <time>2024-02-15T06:02:01Z</time>
      </trkpt>
      <trkpt lat="26.8759764" lon="75.8101395">
        <time>2024-02-15T06:02:02Z</time>
      </trkpt>
      <trkpt lat="26.8759994" lon="75.8101518">
        <time>2024-02-15T06:02:03Z</time>
      </trkpt>
      <trkpt lat="26.8760271" lon="75.8101585">
        <time>2024-02-15T06:02:04Z</time>
      </trkpt>
      <trkpt lat="26.8760566" lon="75.8101660">
        <time>2024-02-15T06:02:05Z</time>
      </trkpt>
      <trkpt lat="26.8760914" lon="75.8101647">
        <time>2024-02-15T06:02:06Z</time>
      </trkpt>
      <trkpt lat="26.8761199" lon="75.8101697">
        <time>2024-02-15T06:02:07Z</time>
      </trkpt>
      <trkpt lat="26.8761497" lon="75.8101751">
        <time>2024-02-15T06:02:08Z</time>
      </trkpt>
      <trkpt lat="26.8761865" lon="75.8101845">
        <time>2024-02-15T06:02:09Z</time>
      </trkpt>
      <trkpt lat="26.8762245" lon="75.8101932">
        <time>2024-02-15T06:02:10Z</time>
      </trkpt>
      <trkpt lat="26.8762633" lon="75.8102023">
        <time>2024-02-15T06:02:11Z</time>
      </trkpt>
      <trkpt lat="26.8763028" lon="75.8102127">
        <time>2024-02-15T06:02:12Z</time>
      </trkpt>
      <trkpt lat="26.8763436" lon="75.8102234">
        <time>2024-02-15T06:02:13Z</time>
      </trkpt>
      <trkpt lat="26.8763811" lon="75.8102335">
        <time>2024-02-15T06:02:14Z</time>
      </trkpt>
      <trkpt lat="26.8764187" lon="75.8102458">
        <time>2024-02-15T06:02:15Z</time>
      </trkpt>
      <trkpt lat="26.8764540" lon="75.8102531">
        <time>2024-02-15T06:02:16Z</time>
      </trkpt>
      <trkpt lat="26.8764888" lon="75.8102579">
        <time>2024-02-15T06:02:17Z</time>
      </trkpt>
      <trkpt lat="26.8765187" lon="75.8102649">
        <time>2024-02-15T06:02:18Z</time>
      </trkpt>
      <trkpt lat="26.8765371" lon="75.8102724">
        <time>2024-02-15T06:02:19Z</time>
      </trkpt>
      <trkpt lat="26.8765384" lon="75.8102784">
        <time>2024-02-15T06:02:20Z</time>
      </trkpt>
      <trkpt lat="26.8765377" lon="75.8102777">
        <time>2024-02-15T06:02:21Z</time>
      </trkpt>
      <trkpt lat="26.8765367" lon="75.8102762">
        <time>2024-02-15T06:02:22Z</time>
      </trkpt>
      <trkpt lat="26.8765359" lon="75.8102745">
        <time>2024-02-15T06:02:23Z</time>
      </trkpt>
      <trkpt lat="26.8765369" lon="75.8102753">
        <time>2024-02-15T06:02:24Z</time>
      </trkpt>
      <trkpt lat="26.8765380" lon="75.8102760">
        <time>2024-02-15T06:02:25Z</time>
      </trkpt>
      <trkpt lat="26.8765389" lon="75.8102764">
        <time>2024-02-15T06:02:26Z</time>
      </trkpt>
      <trkpt lat="26.8765386" lon="75.8102760">
        <time>2024-02-15T06:02:27Z</time>
      </trkpt>
      <trkpt lat="26.8765380" lon="75.8102760">
        <time>2024-02-15T06:02:28Z</time>
      </trkpt>
      <trkpt lat="26.8765377" lon="75.8102750">
        <time>2024-02-15T06:02:29Z</time>
      </trkpt>
      <trkpt lat="26.8765365" lon="75.8102742">
        <time>2024-02-15T06:02:30Z</time>
      </trkpt>
      <trkpt lat="26.8765364" lon="75.8102741">
        <time>2024-02-15T06:02:31Z</time>
      </trkpt>
      <trkpt lat="26.8765366" lon="75.8102740">
        <time>2024-02-15T06:02:32Z</time>
      </trkpt>
      <trkpt lat="26.8765366" lon="75.8102740">
        <time>2024-02-15T06:02:33Z</time>
      </trkpt>
      <trkpt lat="26.8765359" lon="75.8102724">
        <time>2024-02-15T06:02:34Z</time>
      </trkpt>
      <trkpt lat="26.8765358" lon="75.8102720">
        <time>2024-02-15T06:02:35Z</time>
      </trkpt>
      <trkpt lat="26.8765358" lon="75.8102719">
        <time>2024-02-15T06:02:36Z</time>
      </trkpt>
      <trkpt lat="26.8765607" lon="75.8102788">
        <time>2024-02-15T06:02:37Z</time>
      </trkpt>
      <trkpt lat="26.8765987" lon="75.8102905">
        <time>2024-02-15T06:02:38Z</time>
      </trkpt>
      <trkpt lat="26.8766415" lon="75.8103001">
        <time>2024-02-15T06:02:39Z</time>
      </trkpt>
      <trkpt lat="26.8766843" lon="75.8103071">
        <time>2024-02-15T06:02:40Z</time>
      </trkpt>
      <trkpt lat="26.8767388" lon="75.8103162">
        <time>2024-02-15T06:02:41Z</time>
      </trkpt>
      <trkpt lat="26.8767925" lon="75.8103337">
        <time>2024-02-15T06:02:42Z</time>
      </trkpt>
      <trkpt lat="26.8768427" lon="75.8103516">
        <time>2024-02-15T06:02:43Z</time>
      </trkpt>
      <trkpt lat="26.8769046" lon="75.8103746">
        <time>2024-02-15T06:02:44Z</time>
      </trkpt>
      <trkpt lat="26.8769615" lon="75.8103933">
        <time>2024-02-15T06:02:45Z</time>
      </trkpt>
      <trkpt lat="26.8770164" lon="75.8104133">
        <time>2024-02-15T06:02:46Z</time>
      </trkpt>
      <trkpt lat="26.8770765" lon="75.8104291">
        <time>2024-02-15T06:02:47Z</time>
      </trkpt>
      <trkpt lat="26.8771369" lon="75.8104414">
        <time>2024-02-15T06:02:48Z</time>
      </trkpt>
      <trkpt lat="26.8771950" lon="75.8104587">
        <time>2024-02-15T06:02:49Z</time>
      </trkpt>
      <trkpt lat="26.8772558" lon="75.8104672">
        <time>2024-02-15T06:02:50Z</time>
      </trkpt>
      <trkpt lat="26.8773240" lon="75.8104887">
        <time>2024-02-15T06:02:51Z</time>
      </trkpt>
      <trkpt lat="26.8773895" lon="75.8105045">
        <time>2024-02-15T06:02:52Z</time>
      </trkpt>
      <trkpt lat="26.8774560" lon="75.8105217">
        <time>2024-02-15T06:02:53Z</time>
      </trkpt>
      <trkpt lat="26.8775251" lon="75.8105393">
        <time>2024-02-15T06:02:54Z</time>
      </trkpt>
      <trkpt lat="26.8775852" lon="75.8105519">
        <time>2024-02-15T06:02:55Z</time>
      </trkpt>
      <trkpt lat="26.8776465" lon="75.8105698">
        <time>2024-02-15T06:02:56Z</time>
      </trkpt>
      <trkpt lat="26.8777093" lon="75.8105861">
        <time>2024-02-15T06:02:57Z</time>
      </trkpt>
      <trkpt lat="26.8777687" lon="75.8106097">
        <time>2024-02-15T06:02:58Z</time>
      </trkpt>
      <trkpt lat="26.8778301" lon="75.8106255">
        <time>2024-02-15T06:02:59Z</time>
      </trkpt>
      <trkpt lat="26.8778885" lon="75.8106399">
        <time>2024-02-15T06:03:00Z</time>
      </trkpt>
      <trkpt lat="26.8779402" lon="75.8106573">
        <time>2024-02-15T06:03:01Z</time>
      </trkpt>
      <trkpt lat="26.8779840" lon="75.8106613">
        <time>2024-02-15T06:03:02Z</time>
      </trkpt>
      <trkpt lat="26.8780029" lon="75.8106615">
        <time>2024-02-15T06:03:03Z</time>
      </trkpt>
      <trkpt lat="26.8780138" lon="75.8106544">
        <time>2024-02-15T06:03:04Z</time>
      </trkpt>
      <trkpt lat="26.8780268" lon="75.8106499">
        <time>2024-02-15T06:03:05Z</time>
      </trkpt>
      <trkpt lat="26.8780439" lon="75.8106443">
        <time>2024-02-15T06:03:06Z</time>
      </trkpt>
      <trkpt lat="26.8780599" lon="75.8106363">
        <time>2024-02-15T06:03:07Z</time>
      </trkpt>
      <trkpt lat="26.8780725" lon="75.8106271">
        <time>2024-02-15T06:03:08Z</time>
      </trkpt>
      <trkpt lat="26.8780915" lon="75.8106151">
        <time>2024-02-15T06:03:09Z</time>
      </trkpt>
      <trkpt lat="26.8781155" lon="75.8106077">
        <time>2024-02-15T06:03:10Z</time>
      </trkpt>
      <trkpt lat="26.8781413" lon="75.8106020">
        <time>2024-02-15T06:03:11Z</time>
      </trkpt>
      <trkpt lat="26.8781661" lon="75.8106192">
        <time>2024-02-15T06:03:12Z</time>
      </trkpt>
      <trkpt lat="26.8781858" lon="75.8106253">
        <time>2024-02-15T06:03:13Z</time>
      </trkpt>
      <trkpt lat="26.8782078" lon="75.8106345">
        <time>2024-02-15T06:03:14Z</time>
      </trkpt>
      <trkpt lat="26.8782390" lon="75.8106429">
        <time>2024-02-15T06:03:15Z</time>
      </trkpt>
      <trkpt lat="26.8782603" lon="75.8106499">
        <time>2024-02-15T06:03:16Z</time>
      </trkpt>
      <trkpt lat="26.8782765" lon="75.8106548">
        <time>2024-02-15T06:03:17Z</time>
      </trkpt>
      <trkpt lat="26.8782925" lon="75.8106587">
        <time>2024-02-15T06:03:18Z</time>
      </trkpt>
      <trkpt lat="26.8782937" lon="75.8106705">
        <time>2024-02-15T06:03:19Z</time>
      </trkpt>
      <trkpt lat="26.8782957" lon="75.8106654">
        <time>2024-02-15T06:03:20Z</time>
      </trkpt>
      <trkpt lat="26.8783023" lon="75.8106633">
        <time>2024-02-15T06:03:21Z</time>
      </trkpt>
      <trkpt lat="26.8783071" lon="75.8106627">
        <time>2024-02-15T06:03:22Z</time>
      </trkpt>
      <trkpt lat="26.8783084" lon="75.8106646">
        <time>2024-02-15T06:03:23Z</time>
      </trkpt>
      <trkpt lat="26.8783090" lon="75.8106654">
        <time>2024-02-15T06:03:24Z</time>
      </trkpt>
      <trkpt lat="26.8783103" lon="75.8106641">
        <time>2024-02-15T06:03:25Z</time>
      </trkpt>
      <trkpt lat="26.8783096" lon="75.8106644">
        <time>2024-02-15T06:03:26Z</time>
      </trkpt>
      <trkpt lat="26.8783106" lon="75.8106648">
        <time>2024-02-15T06:03:27Z</time>
      </trkpt>
      <trkpt lat="26.8783104" lon="75.8106634">
        <time>2024-02-15T06:03:28Z</time>
      </trkpt>
      <trkpt lat="26.8783104" lon="75.8106631">
        <time>2024-02-15T06:03:29Z</time>
      </trkpt>
      <trkpt lat="26.8783131" lon="75.8106623">
        <time>2024-02-15T06:03:30Z</time>
      </trkpt>
      <trkpt lat="26.8783135" lon="75.8106622">
        <time>2024-02-15T06:03:31Z</time>
      </trkpt>
      <trkpt lat="26.8783132" lon="75.8106631">
        <time>2024-02-15T06:03:32Z</time>
      </trkpt>
      <trkpt lat="26.8783107" lon="75.8106631">
        <time>2024-02-15T06:03:33Z</time>
      </trkpt>
      <trkpt lat="26.8783105" lon="75.8106630">
        <time>2024-02-15T06:03:34Z</time>
      </trkpt>
      <trkpt lat="26.8783112" lon="75.8106621">
        <time>2024-02-15T06:03:35Z</time>
      </trkpt>
      <trkpt lat="26.8783109" lon="75.8106622">
        <time>2024-02-15T06:03:36Z</time>
      </trkpt>
      <trkpt lat="26.8783108" lon="75.8106622">
        <time>2024-02-15T06:03:37Z</time>
      </trkpt>
      <trkpt lat="26.8783107" lon="75.8106622">
        <time>2024-02-15T06:03:38Z</time>
      </trkpt>
      <trkpt lat="26.8783107" lon="75.8106622">
        <time>2024-02-15T06:03:39Z</time>
      </trkpt>
      <trkpt lat="26.8783107" lon="75.8106622">
        <time>2024-02-15T06:03:40Z</time>
      </trkpt>
      <trkpt lat="26.8783107" lon="75.8106622">
        <time>2024-02-15T06:03:41Z</time>
      </trkpt>
      <trkpt lat="26.8783107" lon="75.8106622">
        <time>2024-02-15T06:03:42Z</time>
      </trkpt>
      <trkpt lat="26.8783108" lon="75.8106621">
        <time>2024-02-15T06:03:43Z</time>
      </trkpt>
      <trkpt lat="26.8783108" lon="75.8106621">
        <time>2024-02-15T06:03:44Z</time>
      </trkpt>
      <trkpt lat="26.8783113" lon="75.8106621">
        <time>2024-02-15T06:03:45Z</time>
      </trkpt>
      <trkpt lat="26.8783114" lon="75.8106621">
        <time>2024-02-15T06:03:46Z</time>
      </trkpt>
      <trkpt lat="26.8783115" lon="75.8106621">
        <time>2024-02-15T06:03:47Z</time>
      </trkpt>
      <trkpt lat="26.8783114" lon="75.8106621">
        <time>2024-02-15T06:03:48Z</time>
      </trkpt>
      <trkpt lat="26.8783114" lon="75.8106620">
        <time>2024-02-15T06:03:49Z</time>
      </trkpt>
      <trkpt lat="26.8783114" lon="75.8106620">
        <time>2024-02-15T06:03:50Z</time>
      </trkpt>
      <trkpt lat="26.8783114" lon="75.8106621">
        <time>2024-02-15T06:03:51Z</time>
      </trkpt>
      <trkpt lat="26.8783115" lon="75.8106621">
        <time>2024-02-15T06:03:52Z</time>
      </trkpt>
      <trkpt lat="26.8783115" lon="75.8106621">
        <time>2024-02-15T06:03:53Z</time>
      </trkpt>
      <trkpt lat="26.8783115" lon="75.8106621">
        <time>2024-02-15T06:03:54Z</time>
      </trkpt>
      <trkpt lat="26.8783115" lon="75.8106621">
        <time>2024-02-15T06:03:55Z</time>
      </trkpt>
      <trkpt lat="26.8783115" lon="75.8106620">
        <time>2024-02-15T06:03:56Z</time>
      </trkpt>
      <trkpt lat="26.8783114" lon="75.8106620">
        <time>2024-02-15T06:03:57Z</time>
      </trkpt>
      <trkpt lat="26.8783113" lon="75.8106621">
        <time>2024-02-15T06:03:58Z</time>
      </trkpt>
      <trkpt lat="26.8783109" lon="75.8106622">
        <time>2024-02-15T06:03:59Z</time>
      </trkpt>
      <trkpt lat="26.8783108" lon="75.8106622">
        <time>2024-02-15T06:04:00Z</time>
      </trkpt>
      <trkpt lat="26.8783108" lon="75.8106622">
        <time>2024-02-15T06:04:01Z</time>
      </trkpt>
      <trkpt lat="26.8783111" lon="75.8106622">
        <time>2024-02-15T06:04:02Z</time>
      </trkpt>
      <trkpt lat="26.8783115" lon="75.8106621">
        <time>2024-02-15T06:04:03Z</time>
      </trkpt>
      <trkpt lat="26.8783116" lon="75.8106621">
        <time>2024-02-15T06:04:04Z</time>
      </trkpt>
      <trkpt lat="26.8783116" lon="75.8106621">
        <time>2024-02-15T06:04:05Z</time>
      </trkpt>
      <trkpt lat="26.8783116" lon="75.8106621">
        <time>2024-02-15T06:04:06Z</time>
      </trkpt>
      <trkpt lat="26.8783116" lon="75.8106620">
        <time>2024-02-15T06:04:07Z</time>
      </trkpt>
      <trkpt lat="26.8783113" lon="75.8106620">
        <time>2024-02-15T06:04:08Z</time>
      </trkpt>
      <trkpt lat="26.8783113" lon="75.8106620">
        <time>2024-02-15T06:04:09Z</time>
      </trkpt>
      <trkpt lat="26.8783112" lon="75.8106619">
        <time>2024-02-15T06:04:10Z</time>
      </trkpt>
      <trkpt lat="26.8783112" lon="75.8106619">
        <time>2024-02-15T06:04:11Z</time>
      </trkpt>
      <trkpt lat="26.8783111" lon="75.8106620">
        <time>2024-02-15T06:04:12Z</time>
      </trkpt>
      <trkpt lat="26.8783110" lon="75.8106622">
        <time>2024-02-15T06:04:13Z</time>
      </trkpt>
      <trkpt lat="26.8783108" lon="75.8106623">
        <time>2024-02-15T06:04:14Z</time>
      </trkpt>
      <trkpt lat="26.8783107" lon="75.8106623">
        <time>2024-02-15T06:04:15Z</time>
      </trkpt>
      <trkpt lat="26.8783105" lon="75.8106623">
        <time>2024-02-15T06:04:16Z</time>
      </trkpt>
      <trkpt lat="26.8783105" lon="75.8106623">
        <time>2024-02-15T06:04:17Z</time>
      </trkpt>
      <trkpt lat="26.8783105" lon="75.8106623">
        <time>2024-02-15T06:04:18Z</time>
      </trkpt>
      <trkpt lat="26.8783108" lon="75.8106623">
        <time>2024-02-15T06:04:19Z</time>
      </trkpt>
      <trkpt lat="26.8783113" lon="75.8106623">
        <time>2024-02-15T06:04:20Z</time>
      </trkpt>
      <trkpt lat="26.8783114" lon="75.8106624">
        <time>2024-02-15T06:04:21Z</time>
      </trkpt>
      <trkpt lat="26.8783114" lon="75.8106623">
        <time>2024-02-15T06:04:22Z</time>
      </trkpt>
      <trkpt lat="26.8783114" lon="75.8106623">
        <time>2024-02-15T06:04:23Z</time>
      </trkpt>
      <trkpt lat="26.8783114" lon="75.8106623">
        <time>2024-02-15T06:04:24Z</time>
      </trkpt>
      <trkpt lat="26.8783111" lon="75.8106626">
        <time>2024-02-15T06:04:25Z</time>
      </trkpt>
      <trkpt lat="26.8783111" lon="75.8106626">
        <time>2024-02-15T06:04:26Z</time>
      </trkpt>
      <trkpt lat="26.8783111" lon="75.8106627">
        <time>2024-02-15T06:04:27Z</time>
      </trkpt>
      <trkpt lat="26.8783111" lon="75.8106627">
        <time>2024-02-15T06:04:28Z</time>
      </trkpt>
      <trkpt lat="26.8783111" lon="75.8106627">
        <time>2024-02-15T06:04:29Z</time>
      </trkpt>
      <trkpt lat="26.8783111" lon="75.8106627">
        <time>2024-02-15T06:04:30Z</time>
      </trkpt>
      <trkpt lat="26.8783111" lon="75.8106626">
        <time>2024-02-15T06:04:31Z</time>
      </trkpt>
      <trkpt lat="26.8783111" lon="75.8106626">
        <time>2024-02-15T06:04:32Z</time>
      </trkpt>
      <trkpt lat="26.8783111" lon="75.8106626">
        <time>2024-02-15T06:04:33Z</time>
      </trkpt>
      <trkpt lat="26.8783111" lon="75.8106626">
        <time>2024-02-15T06:04:34Z</time>
      </trkpt>
      <trkpt lat="26.8783111" lon="75.8106626">
        <time>2024-02-15T06:04:35Z</time>
      </trkpt>
      <trkpt lat="26.8783111" lon="75.8106626">
        <time>2024-02-15T06:04:36Z</time>
      </trkpt>
      <trkpt lat="26.8783111" lon="75.8106626">
        <time>2024-02-15T06:04:37Z</time>
      </trkpt>
      <trkpt lat="26.8783112" lon="75.8106625">
        <time>2024-02-15T06:04:38Z</time>
      </trkpt>
      <trkpt lat="26.8783112" lon="75.8106626">
        <time>2024-02-15T06:04:39Z</time>
      </trkpt>
      <trkpt lat="26.8783112" lon="75.8106625">
        <time>2024-02-15T06:04:40Z</time>
      </trkpt>
      <trkpt lat="26.8783111" lon="75.8106626">
        <time>2024-02-15T06:04:41Z</time>
      </trkpt>
      <trkpt lat="26.8783111" lon="75.8106626">
        <time>2024-02-15T06:04:42Z</time>
      </trkpt>
      <trkpt lat="26.8783112" lon="75.8106626">
        <time>2024-02-15T06:04:43Z</time>
      </trkpt>
      <trkpt lat="26.8783118" lon="75.8106627">
        <time>2024-02-15T06:04:44Z</time>
      </trkpt>
      <trkpt lat="26.8783121" lon="75.8106628">
        <time>2024-02-15T06:04:45Z</time>
      </trkpt>
      <trkpt lat="26.8783122" lon="75.8106628">
        <time>2024-02-15T06:04:46Z</time>
      </trkpt>
      <trkpt lat="26.8783122" lon="75.8106628">
        <time>2024-02-15T06:04:47Z</time>
      </trkpt>
      <trkpt lat="26.8783122" lon="75.8106628">
        <time>2024-02-15T06:04:48Z</time>
      </trkpt>
      <trkpt lat="26.8783122" lon="75.8106628">
        <time>2024-02-15T06:04:49Z</time>
      </trkpt>
      <trkpt lat="26.8783123" lon="75.8106628">
        <time>2024-02-15T06:04:50Z</time>
      </trkpt>
      <trkpt lat="26.8783123" lon="75.8106628">
        <time>2024-02-15T06:04:51Z</time>
      </trkpt>
      <trkpt lat="26.8783123" lon="75.8106628">
        <time>2024-02-15T06:04:52Z</time>
      </trkpt>
      <trkpt lat="26.8783123" lon="75.8106628">
        <time>2024-02-15T06:04:53Z</time>
      </trkpt>
      <trkpt lat="26.8783123" lon="75.8106627">
        <time>2024-02-15T06:04:54Z</time>
      </trkpt>
      <trkpt lat="26.8783122" lon="75.8106627">
        <time>2024-02-15T06:04:55Z</time>
      </trkpt>
      <trkpt lat="26.8783122" lon="75.8106627">
        <time>2024-02-15T06:04:56Z</time>
      </trkpt>
      <trkpt lat="26.8783122" lon="75.8106627">
        <time>2024-02-15T06:04:57Z</time>
      </trkpt>
      <trkpt lat="26.8783123" lon="75.8106627">
        <time>2024-02-15T06:04:58Z</time>
      </trkpt>
      <trkpt lat="26.8783122" lon="75.8106627">
        <time>2024-02-15T06:04:59Z</time>
      </trkpt>
      <trkpt lat="26.8783123" lon="75.8106627">
        <time>2024-02-15T06:05:00Z</time>
      </trkpt>
      <trkpt lat="26.8783122" lon="75.8106627">
        <time>2024-02-15T06:05:01Z</time>
      </trkpt>
      <trkpt lat="26.8783122" lon="75.8106627">
        <time>2024-02-15T06:05:02Z</time>
      </trkpt>
      <trkpt lat="26.8783122" lon="75.8106627">
        <time>2024-02-15T06:05:03Z</time>
      </trkpt>
      <trkpt lat="26.8783122" lon="75.8106626">
        <time>2024-02-15T06:05:04Z</time>
      </trkpt>
      <trkpt lat="26.8783122" lon="75.8106627">
        <time>2024-02-15T06:05:05Z</time>
      </trkpt>
      <trkpt lat="26.8783122" lon="75.8106626">
        <time>2024-02-15T06:05:06Z</time>
      </trkpt>
      <trkpt lat="26.8783122" lon="75.8106626">
        <time>2024-02-15T06:05:07Z</time>
      </trkpt>
      <trkpt lat="26.8783122" lon="75.8106626">
        <time>2024-02-15T06:05:08Z</time>
      </trkpt>
      <trkpt lat="26.8783122" lon="75.8106626">
        <time>2024-02-15T06:05:09Z</time>
      </trkpt>
      <trkpt lat="26.8783122" lon="75.8106626">
        <time>2024-02-15T06:05:10Z</time>
      </trkpt>
      <trkpt lat="26.8783122" lon="75.8106626">
        <time>2024-02-15T06:05:11Z</time>
      </trkpt>
      <trkpt lat="26.8783122" lon="75.8106626">
        <time>2024-02-15T06:05:12Z</time>
      </trkpt>
      <trkpt lat="26.8783121" lon="75.8106626">
        <time>2024-02-15T06:05:13Z</time>
      </trkpt>
      <trkpt lat="26.8783122" lon="75.8106626">
        <time>2024-02-15T06:05:14Z</time>
      </trkpt>
      <trkpt lat="26.8783122" lon="75.8106626">
        <time>2024-02-15T06:05:15Z</time>
      </trkpt>
      <trkpt lat="26.8783122" lon="75.8106626">
        <time>2024-02-15T06:05:16Z</time>
      </trkpt>
      <trkpt lat="26.8783122" lon="75.8106626">
        <time>2024-02-15T06:05:17Z</time>
      </trkpt>
      <trkpt lat="26.8783122" lon="75.8106626">
        <time>2024-02-15T06:05:18Z</time>
      </trkpt>
      <trkpt lat="26.8783121" lon="75.8106626">
        <time>2024-02-15T06:05:19Z</time>
      </trkpt>
      <trkpt lat="26.8783121" lon="75.8106626">
        <time>2024-02-15T06:05:20Z</time>
      </trkpt>
      <trkpt lat="26.8783121" lon="75.8106625">
        <time>2024-02-15T06:05:21Z</time>
      </trkpt>
      <trkpt lat="26.8783121" lon="75.8106625">
        <time>2024-02-15T06:05:22Z</time>
      </trkpt>
      <trkpt lat="26.8783121" lon="75.8106625">
        <time>2024-02-15T06:05:23Z</time>
      </trkpt>
      <trkpt lat="26.8783121" lon="75.8106625">
        <time>2024-02-15T06:05:24Z</time>
      </trkpt>
      <trkpt lat="26.8783121" lon="75.8106625">
        <time>2024-02-15T06:05:25Z</time>
      </trkpt>
      <trkpt lat="26.8783121" lon="75.8106625">
        <time>2024-02-15T06:05:26Z</time>
      </trkpt>
      <trkpt lat="26.8783121" lon="75.8106625">
        <time>2024-02-15T06:05:27Z</time>
      </trkpt>
      <trkpt lat="26.8783121" lon="75.8106625">
        <time>2024-02-15T06:05:28Z</time>
      </trkpt>
      <trkpt lat="26.8783121" lon="75.8106625">
        <time>2024-02-15T06:05:29Z</time>
      </trkpt>
      <trkpt lat="26.8783121" lon="75.8106625">
        <time>2024-02-15T06:05:30Z</time>
      </trkpt>
      <trkpt lat="26.8783121" lon="75.8106624">
        <time>2024-02-15T06:05:31Z</time>
      </trkpt>
      <trkpt lat="26.8783121" lon="75.8106624">
        <time>2024-02-15T06:05:32Z</time>
      </trkpt>
      <trkpt lat="26.8783121" lon="75.8106624">
        <time>2024-02-15T06:05:33Z</time>
      </trkpt>
      <trkpt lat="26.8783121" lon="75.8106624">
        <time>2024-02-15T06:05:34Z</time>
      </trkpt>
      <trkpt lat="26.8783121" lon="75.8106624">
        <time>2024-02-15T06:05:35Z</time>
      </trkpt>
      <trkpt lat="26.8783120" lon="75.8106624">
        <time>2024-02-15T06:05:36Z</time>
      </trkpt>
      <trkpt lat="26.8783120" lon="75.8106624">
        <time>2024-02-15T06:05:37Z</time>
      </trkpt>
      <trkpt lat="26.8783120" lon="75.8106624">
        <time>2024-02-15T06:05:38Z</time>
      </trkpt>
      <trkpt lat="26.8783120" lon="75.8106624">
        <time>2024-02-15T06:05:39Z</time>
      </trkpt>
      <trkpt lat="26.8783120" lon="75.8106623">
        <time>2024-02-15T06:05:40Z</time>
      </trkpt>
      <trkpt lat="26.8783120" lon="75.8106623">
        <time>2024-02-15T06:05:41Z</time>
      </trkpt>
      <trkpt lat="26.8783120" lon="75.8106623">
        <time>2024-02-15T06:05:42Z</time>
      </trkpt>
      <trkpt lat="26.8783120" lon="75.8106622">
        <time>2024-02-15T06:05:43Z</time>
      </trkpt>
      <trkpt lat="26.8783120" lon="75.8106622">
        <time>2024-02-15T06:05:44Z</time>
      </trkpt>
      <trkpt lat="26.8783120" lon="75.8106622">
        <time>2024-02-15T06:05:45Z</time>
      </trkpt>
      <trkpt lat="26.8783120" lon="75.8106622">
        <time>2024-02-15T06:05:46Z</time>
      </trkpt>
      <trkpt lat="26.8783120" lon="75.8106622">
        <time>2024-02-15T06:05:47Z</time>
      </trkpt>
      <trkpt lat="26.8783120" lon="75.8106622">
        <time>2024-02-15T06:05:48Z</time>
      </trkpt>
      <trkpt lat="26.8783120" lon="75.8106622">
        <time>2024-02-15T06:05:49Z</time>
      </trkpt>
      <trkpt lat="26.8783120" lon="75.8106623">
        <time>2024-02-15T06:05:50Z</time>
      </trkpt>
      <trkpt lat="26.8783120" lon="75.8106623">
        <time>2024-02-15T06:05:51Z</time>
      </trkpt>
      <trkpt lat="26.8783121" lon="75.8106622">
        <time>2024-02-15T06:05:52Z</time>
      </trkpt>
      <trkpt lat="26.8783121" lon="75.8106622">
        <time>2024-02-15T06:05:53Z</time>
      </trkpt>
      <trkpt lat="26.8783121" lon="75.8106622">
        <time>2024-02-15T06:05:54Z</time>
      </trkpt>
      <trkpt lat="26.8783121" lon="75.8106623">
        <time>2024-02-15T06:05:55Z</time>
      </trkpt>
      <trkpt lat="26.8783121" lon="75.8106623">
        <time>2024-02-15T06:05:56Z</time>
      </trkpt>
      <trkpt lat="26.8783121" lon="75.8106623">
        <time>2024-02-15T06:05:57Z</time>
      </trkpt>
      <trkpt lat="26.8783117" lon="75.8106629">
        <time>2024-02-15T06:05:58Z</time>
      </trkpt>
      <trkpt lat="26.8783368" lon="75.8106652">
        <time>2024-02-15T06:05:59Z</time>
      </trkpt>
      <trkpt lat="26.8783663" lon="75.8106691">
        <time>2024-02-15T06:06:00Z</time>
      </trkpt>
      <trkpt lat="26.8784027" lon="75.8106750">
        <time>2024-02-15T06:06:01Z</time>
      </trkpt>
      <trkpt lat="26.8784428" lon="75.8106860">
        <time>2024-02-15T06:06:02Z</time>
      </trkpt>
      <trkpt lat="26.8784844" lon="75.8106982">
        <time>2024-02-15T06:06:03Z</time>
      </trkpt>
      <trkpt lat="26.8785207" lon="75.8107094">
        <time>2024-02-15T06:06:04Z</time>
      </trkpt>
      <trkpt lat="26.8785648" lon="75.8107197">
        <time>2024-02-15T06:06:05Z</time>
      </trkpt>
      <trkpt lat="26.8786342" lon="75.8107365">
        <time>2024-02-15T06:06:06Z</time>
      </trkpt>
      <trkpt lat="26.8786960" lon="75.8107541">
        <time>2024-02-15T06:06:07Z</time>
      </trkpt>
      <trkpt lat="26.8787447" lon="75.8107715">
        <time>2024-02-15T06:06:08Z</time>
      </trkpt>
      <trkpt lat="26.8787951" lon="75.8107818">
        <time>2024-02-15T06:06:09Z</time>
      </trkpt>
      <trkpt lat="26.8788546" lon="75.8108003">
        <time>2024-02-15T06:06:10Z</time>
      </trkpt>
      <trkpt lat="26.8789058" lon="75.8108194">
        <time>2024-02-15T06:06:11Z</time>
      </trkpt>
      <trkpt lat="26.8789568" lon="75.8108334">
        <time>2024-02-15T06:06:12Z</time>
      </trkpt>
      <trkpt lat="26.8790067" lon="75.8108426">
        <time>2024-02-15T06:06:13Z</time>
      </trkpt>
      <trkpt lat="26.8790618" lon="75.8108562">
        <time>2024-02-15T06:06:14Z</time>
      </trkpt>
      <trkpt lat="26.8790979" lon="75.8108633">
        <time>2024-02-15T06:06:15Z</time>
      </trkpt>
      <trkpt lat="26.8791248" lon="75.8108669">
        <time>2024-02-15T06:06:16Z</time>
      </trkpt>
      <trkpt lat="26.8791505" lon="75.8108740">
        <time>2024-02-15T06:06:17Z</time>
      </trkpt>
      <trkpt lat="26.8791754" lon="75.8108821">
        <time>2024-02-15T06:06:18Z</time>
      </trkpt>
      <trkpt lat="26.8792061" lon="75.8108912">
        <time>2024-02-15T06:06:19Z</time>
      </trkpt>
      <trkpt lat="26.8792338" lon="75.8108987">
        <time>2024-02-15T06:06:20Z</time>
      </trkpt>
      <trkpt lat="26.8792687" lon="75.8109044">
        <time>2024-02-15T06:06:21Z</time>
      </trkpt>
      <trkpt lat="26.8793107" lon="75.8109116">
        <time>2024-02-15T06:06:22Z</time>
      </trkpt>
      <trkpt lat="26.8793494" lon="75.8109194">
        <time>2024-02-15T06:06:23Z</time>
      </trkpt>
      <trkpt lat="26.8793874" lon="75.8109335">
        <time>2024-02-15T06:06:24Z</time>
      </trkpt>
      <trkpt lat="26.8794249" lon="75.8109502">
        <time>2024-02-15T06:06:25Z</time>
      </trkpt>
      <trkpt lat="26.8794629" lon="75.8109668">
        <time>2024-02-15T06:06:26Z</time>
      </trkpt>
      <trkpt lat="26.8795078" lon="75.8109828">
        <time>2024-02-15T06:06:27Z</time>
      </trkpt>
      <trkpt lat="26.8795551" lon="75.8109943">
        <time>2024-02-15T06:06:28Z</time>
      </trkpt>
      <trkpt lat="26.8796121" lon="75.8110082">
        <time>2024-02-15T06:06:29Z</time>
      </trkpt>
      <trkpt lat="26.8796530" lon="75.8110145">
        <time>2024-02-15T06:06:30Z</time>
      </trkpt>
      <trkpt lat="26.8796954" lon="75.8110314">
        <time>2024-02-15T06:06:31Z</time>
      </trkpt>
      <trkpt lat="26.8797293" lon="75.8110466">
        <time>2024-02-15T06:06:32Z</time>
      </trkpt>
      <trkpt lat="26.8797613" lon="75.8110645">
        <time>2024-02-15T06:06:33Z</time>
      </trkpt>
      <trkpt lat="26.8797713" lon="75.8110763">
        <time>2024-02-15T06:06:34Z</time>
      </trkpt>
      <trkpt lat="26.8797638" lon="75.8110658">
        <time>2024-02-15T06:06:35Z</time>
      </trkpt>
      <trkpt lat="26.8797650" lon="75.8110629">
        <time>2024-02-15T06:06:36Z</time>
      </trkpt>
      <trkpt lat="26.8797660" lon="75.8110620">
        <time>2024-02-15T06:06:37Z</time>
      </trkpt>
      <trkpt lat="26.8797665" lon="75.8110615">
        <time>2024-02-15T06:06:38Z</time>
      </trkpt>
      <trkpt lat="26.8797658" lon="75.8110618">
        <time>2024-02-15T06:06:39Z</time>
      </trkpt>
      <trkpt lat="26.8797650" lon="75.8110623">
        <time>2024-02-15T06:06:40Z</time>
      </trkpt>
      <trkpt lat="26.8797653" lon="75.8110631">
        <time>2024-02-15T06:06:41Z</time>
      </trkpt>
      <trkpt lat="26.8797670" lon="75.8110637">
        <time>2024-02-15T06:06:42Z</time>
      </trkpt>
      <trkpt lat="26.8797673" lon="75.8110638">
        <time>2024-02-15T06:06:43Z</time>
      </trkpt>
      <trkpt lat="26.8797674" lon="75.8110638">
        <time>2024-02-15T06:06:44Z</time>
      </trkpt>
      <trkpt lat="26.8797702" lon="75.8110615">
        <time>2024-02-15T06:06:45Z</time>
      </trkpt>
      <trkpt lat="26.8797724" lon="75.8110605">
        <time>2024-02-15T06:06:46Z</time>
      </trkpt>
      <trkpt lat="26.8797735" lon="75.8110586">
        <time>2024-02-15T06:06:47Z</time>
      </trkpt>
      <trkpt lat="26.8797754" lon="75.8110579">
        <time>2024-02-15T06:06:48Z</time>
      </trkpt>
      <trkpt lat="26.8797764" lon="75.8110579">
        <time>2024-02-15T06:06:49Z</time>
      </trkpt>
      <trkpt lat="26.8797764" lon="75.8110580">
        <time>2024-02-15T06:06:50Z</time>
      </trkpt>
      <trkpt lat="26.8797767" lon="75.8110583">
        <time>2024-02-15T06:06:51Z</time>
      </trkpt>
      <trkpt lat="26.8797770" lon="75.8110582">
        <time>2024-02-15T06:06:52Z</time>
      </trkpt>
      <trkpt lat="26.8797745" lon="75.8110575">
        <time>2024-02-15T06:06:53Z</time>
      </trkpt>
      <trkpt lat="26.8797739" lon="75.8110572">
        <time>2024-02-15T06:06:54Z</time>
      </trkpt>
      <trkpt lat="26.8797738" lon="75.8110572">
        <time>2024-02-15T06:06:55Z</time>
      </trkpt>
      <trkpt lat="26.8797744" lon="75.8110574">
        <time>2024-02-15T06:06:56Z</time>
      </trkpt>
      <trkpt lat="26.8797745" lon="75.8110574">
        <time>2024-02-15T06:06:57Z</time>
      </trkpt>
      <trkpt lat="26.8797745" lon="75.8110574">
        <time>2024-02-15T06:06:58Z</time>
      </trkpt>
      <trkpt lat="26.8797745" lon="75.8110575">
        <time>2024-02-15T06:06:59Z</time>
      </trkpt>
      <trkpt lat="26.8797744" lon="75.8110574">
        <time>2024-02-15T06:07:00Z</time>
      </trkpt>
      <trkpt lat="26.8797749" lon="75.8110576">
        <time>2024-02-15T06:07:01Z</time>
      </trkpt>
      <trkpt lat="26.8797754" lon="75.8110578">
        <time>2024-02-15T06:07:02Z</time>
      </trkpt>
      <trkpt lat="26.8797755" lon="75.8110578">
        <time>2024-02-15T06:07:03Z</time>
      </trkpt>
      <trkpt lat="26.8797756" lon="75.8110578">
        <time>2024-02-15T06:07:04Z</time>
      </trkpt>
      <trkpt lat="26.8797756" lon="75.8110578">
        <time>2024-02-15T06:07:05Z</time>
      </trkpt>
      <trkpt lat="26.8797756" lon="75.8110578">
        <time>2024-02-15T06:07:06Z</time>
      </trkpt>
      <trkpt lat="26.8797756" lon="75.8110578">
        <time>2024-02-15T06:07:07Z</time>
      </trkpt>
      <trkpt lat="26.8797755" lon="75.8110578">
        <time>2024-02-15T06:07:08Z</time>
      </trkpt>
      <trkpt lat="26.8797755" lon="75.8110578">
        <time>2024-02-15T06:07:09Z</time>
      </trkpt>
      <trkpt lat="26.8797755" lon="75.8110578">
        <time>2024-02-15T06:07:10Z</time>
      </trkpt>
      <trkpt lat="26.8797755" lon="75.8110578">
        <time>2024-02-15T06:07:11Z</time>
      </trkpt>
      <trkpt lat="26.8797755" lon="75.8110578">
        <time>2024-02-15T06:07:12Z</time>
      </trkpt>
      <trkpt lat="26.8797755" lon="75.8110578">
        <time>2024-02-15T06:07:13Z</time>
      </trkpt>
      <trkpt lat="26.8797755" lon="75.8110578">
        <time>2024-02-15T06:07:14Z</time>
      </trkpt>
      <trkpt lat="26.8797755" lon="75.8110578">
        <time>2024-02-15T06:07:15Z</time>
      </trkpt>
      <trkpt lat="26.8797755" lon="75.8110577">
        <time>2024-02-15T06:07:16Z</time>
      </trkpt>
      <trkpt lat="26.8797754" lon="75.8110577">
        <time>2024-02-15T06:07:17Z</time>
      </trkpt>
      <trkpt lat="26.8797754" lon="75.8110578">
        <time>2024-02-15T06:07:18Z</time>
      </trkpt>
      <trkpt lat="26.8797754" lon="75.8110578">
        <time>2024-02-15T06:07:19Z</time>
      </trkpt>
      <trkpt lat="26.8797754" lon="75.8110578">
        <time>2024-02-15T06:07:20Z</time>
      </trkpt>
      <trkpt lat="26.8797754" lon="75.8110577">
        <time>2024-02-15T06:07:21Z</time>
      </trkpt>
      <trkpt lat="26.8797754" lon="75.8110577">
        <time>2024-02-15T06:07:22Z</time>
      </trkpt>
      <trkpt lat="26.8797756" lon="75.8110578">
        <time>2024-02-15T06:07:23Z</time>
      </trkpt>
      <trkpt lat="26.8797756" lon="75.8110578">
        <time>2024-02-15T06:07:24Z</time>
      </trkpt>
      <trkpt lat="26.8797757" lon="75.8110579">
        <time>2024-02-15T06:07:25Z</time>
      </trkpt>
      <trkpt lat="26.8797757" lon="75.8110579">
        <time>2024-02-15T06:07:26Z</time>
      </trkpt>
      <trkpt lat="26.8797757" lon="75.8110579">
        <time>2024-02-15T06:07:27Z</time>
      </trkpt>
      <trkpt lat="26.8797756" lon="75.8110580">
        <time>2024-02-15T06:07:28Z</time>
      </trkpt>
      <trkpt lat="26.8797756" lon="75.8110580">
        <time>2024-02-15T06:07:29Z</time>
      </trkpt>
      <trkpt lat="26.8797756" lon="75.8110580">
        <time>2024-02-15T06:07:30Z</time>
      </trkpt>
      <trkpt lat="26.8797757" lon="75.8110580">
        <time>2024-02-15T06:07:31Z</time>
      </trkpt>
      <trkpt lat="26.8797757" lon="75.8110580">
        <time>2024-02-15T06:07:32Z</time>
      </trkpt>
      <trkpt lat="26.8797757" lon="75.8110579">
        <time>2024-02-15T06:07:33Z</time>
      </trkpt>
      <trkpt lat="26.8797757" lon="75.8110579">
        <time>2024-02-15T06:07:34Z</time>
      </trkpt>
      <trkpt lat="26.8797756" lon="75.8110579">
        <time>2024-02-15T06:07:35Z</time>
      </trkpt>
      <trkpt lat="26.8797760" lon="75.8110580">
        <time>2024-02-15T06:07:36Z</time>
      </trkpt>
      <trkpt lat="26.8797766" lon="75.8110582">
        <time>2024-02-15T06:07:37Z</time>
      </trkpt>
      <trkpt lat="26.8797767" lon="75.8110582">
        <time>2024-02-15T06:07:38Z</time>
      </trkpt>
      <trkpt lat="26.8797767" lon="75.8110582">
        <time>2024-02-15T06:07:39Z</time>
      </trkpt>
      <trkpt lat="26.8797771" lon="75.8110583">
        <time>2024-02-15T06:07:40Z</time>
      </trkpt>
      <trkpt lat="26.8797771" lon="75.8110584">
        <time>2024-02-15T06:07:41Z</time>
      </trkpt>
      <trkpt lat="26.8797771" lon="75.8110583">
        <time>2024-02-15T06:07:42Z</time>
      </trkpt>
      <trkpt lat="26.8797771" lon="75.8110583">
        <time>2024-02-15T06:07:43Z</time>
      </trkpt>
      <trkpt lat="26.8797771" lon="75.8110583">
        <time>2024-02-15T06:07:44Z</time>
      </trkpt>
      <trkpt lat="26.8797771" lon="75.8110582">
        <time>2024-02-15T06:07:45Z</time>
      </trkpt>
      <trkpt lat="26.8797771" lon="75.8110582">
        <time>2024-02-15T06:07:46Z</time>
      </trkpt>
      <trkpt lat="26.8797771" lon="75.8110582">
        <time>2024-02-15T06:07:47Z</time>
      </trkpt>
      <trkpt lat="26.8797771" lon="75.8110582">
        <time>2024-02-15T06:07:48Z</time>
      </trkpt>
      <trkpt lat="26.8797771" lon="75.8110582">
        <time>2024-02-15T06:07:49Z</time>
      </trkpt>
      <trkpt lat="26.8797771" lon="75.8110582">
        <time>2024-02-15T06:07:50Z</time>
      </trkpt>
      <trkpt lat="26.8797771" lon="75.8110582">
        <time>2024-02-15T06:07:51Z</time>
      </trkpt>
      <trkpt lat="26.8797771" lon="75.8110582">
        <time>2024-02-15T06:07:52Z</time>
      </trkpt>
      <trkpt lat="26.8797771" lon="75.8110582">
        <time>2024-02-15T06:07:53Z</time>
      </trkpt>
      <trkpt lat="26.8797771" lon="75.8110582">
        <time>2024-02-15T06:07:54Z</time>
      </trkpt>
      <trkpt lat="26.8797771" lon="75.8110582">
        <time>2024-02-15T06:07:55Z</time>
      </trkpt>
      <trkpt lat="26.8797771" lon="75.8110582">
        <time>2024-02-15T06:07:56Z</time>
      </trkpt>
      <trkpt lat="26.8797771" lon="75.8110582">
        <time>2024-02-15T06:07:57Z</time>
      </trkpt>
      <trkpt lat="26.8797771" lon="75.8110582">
        <time>2024-02-15T06:07:58Z</time>
      </trkpt>
      <trkpt lat="26.8797771" lon="75.8110582">
        <time>2024-02-15T06:07:59Z</time>
      </trkpt>
      <trkpt lat="26.8797771" lon="75.8110581">
        <time>2024-02-15T06:08:00Z</time>
      </trkpt>
      <trkpt lat="26.8797771" lon="75.8110581">
        <time>2024-02-15T06:08:01Z</time>
      </trkpt>
      <trkpt lat="26.8797771" lon="75.8110581">
        <time>2024-02-15T06:08:02Z</time>
      </trkpt>
      <trkpt lat="26.8797771" lon="75.8110581">
        <time>2024-02-15T06:08:03Z</time>
      </trkpt>
      <trkpt lat="26.8797772" lon="75.8110581">
        <time>2024-02-15T06:08:04Z</time>
      </trkpt>
      <trkpt lat="26.8797772" lon="75.8110581">
        <time>2024-02-15T06:08:05Z</time>
      </trkpt>
      <trkpt lat="26.8797772" lon="75.8110582">
        <time>2024-02-15T06:08:06Z</time>
      </trkpt>
      <trkpt lat="26.8797772" lon="75.8110582">
        <time>2024-02-15T06:08:07Z</time>
      </trkpt>
      <trkpt lat="26.8797771" lon="75.8110582">
        <time>2024-02-15T06:08:08Z</time>
      </trkpt>
      <trkpt lat="26.8797771" lon="75.8110581">
        <time>2024-02-15T06:08:09Z</time>
      </trkpt>
      <trkpt lat="26.8797771" lon="75.8110581">
        <time>2024-02-15T06:08:10Z</time>
      </trkpt>
      <trkpt lat="26.8797771" lon="75.8110581">
        <time>2024-02-15T06:08:11Z</time>
      </trkpt>
      <trkpt lat="26.8797771" lon="75.8110581">
        <time>2024-02-15T06:08:12Z</time>
      </trkpt>
      <trkpt lat="26.8797770" lon="75.8110581">
        <time>2024-02-15T06:08:13Z</time>
      </trkpt>
      <trkpt lat="26.8797770" lon="75.8110581">
        <time>2024-02-15T06:08:14Z</time>
      </trkpt>
      <trkpt lat="26.8797770" lon="75.8110581">
        <time>2024-02-15T06:08:15Z</time>
      </trkpt>
      <trkpt lat="26.8797770" lon="75.8110581">
        <time>2024-02-15T06:08:16Z</time>
      </trkpt>
      <trkpt lat="26.8797768" lon="75.8110580">
        <time>2024-02-15T06:08:17Z</time>
      </trkpt>
      <trkpt lat="26.8797768" lon="75.8110580">
        <time>2024-02-15T06:08:18Z</time>
      </trkpt>
      <trkpt lat="26.8797769" lon="75.8110580">
        <time>2024-02-15T06:08:19Z</time>
      </trkpt>
      <trkpt lat="26.8797769" lon="75.8110580">
        <time>2024-02-15T06:08:20Z</time>
      </trkpt>
      <trkpt lat="26.8797769" lon="75.8110580">
        <time>2024-02-15T06:08:21Z</time>
      </trkpt>
      <trkpt lat="26.8797769" lon="75.8110580">
        <time>2024-02-15T06:08:22Z</time>
      </trkpt>
      <trkpt lat="26.8797769" lon="75.8110580">
        <time>2024-02-15T06:08:23Z</time>
      </trkpt>
      <trkpt lat="26.8797769" lon="75.8110580">
        <time>2024-02-15T06:08:24Z</time>
      </trkpt>
      <trkpt lat="26.8797769" lon="75.8110580">
        <time>2024-02-15T06:08:25Z</time>
      </trkpt>
      <trkpt lat="26.8797769" lon="75.8110580">
        <time>2024-02-15T06:08:26Z</time>
      </trkpt>
      <trkpt lat="26.8797769" lon="75.8110580">
        <time>2024-02-15T06:08:27Z</time>
      </trkpt>
      <trkpt lat="26.8797769" lon="75.8110580">
        <time>2024-02-15T06:08:28Z</time>
      </trkpt>
      <trkpt lat="26.8797769" lon="75.8110580">
        <time>2024-02-15T06:08:29Z</time>
      </trkpt>
      <trkpt lat="26.8797769" lon="75.8110580">
        <time>2024-02-15T06:08:30Z</time>
      </trkpt>
      <trkpt lat="26.8797769" lon="75.8110580">
        <time>2024-02-15T06:08:31Z</time>
      </trkpt>
      <trkpt lat="26.8797769" lon="75.8110580">
        <time>2024-02-15T06:08:32Z</time>
      </trkpt>
      <trkpt lat="26.8797769" lon="75.8110580">
        <time>2024-02-15T06:08:33Z</time>
      </trkpt>
      <trkpt lat="26.8797769" lon="75.8110580">
        <time>2024-02-15T06:08:34Z</time>
      </trkpt>
      <trkpt lat="26.8797769" lon="75.8110580">
        <time>2024-02-15T06:08:35Z</time>
      </trkpt>
      <trkpt lat="26.8797769" lon="75.8110580">
        <time>2024-02-15T06:08:36Z</time>
      </trkpt>
      <trkpt lat="26.8797769" lon="75.8110580">
        <time>2024-02-15T06:08:37Z</time>
      </trkpt>
      <trkpt lat="26.8797769" lon="75.8110580">
        <time>2024-02-15T06:08:38Z</time>
      </trkpt>
      <trkpt lat="26.8797769" lon="75.8110580">
        <time>2024-02-15T06:08:39Z</time>
      </trkpt>
      <trkpt lat="26.8797769" lon="75.8110580">
        <time>2024-02-15T06:08:40Z</time>
      </trkpt>
      <trkpt lat="26.8797769" lon="75.8110580">
        <time>2024-02-15T06:08:41Z</time>
      </trkpt>
      <trkpt lat="26.8797769" lon="75.8110581">
        <time>2024-02-15T06:08:42Z</time>
      </trkpt>
      <trkpt lat="26.8797769" lon="75.8110581">
        <time>2024-02-15T06:08:43Z</time>
      </trkpt>
      <trkpt lat="26.8797769" lon="75.8110581">
        <time>2024-02-15T06:08:44Z</time>
      </trkpt>
      <trkpt lat="26.8797769" lon="75.8110581">
        <time>2024-02-15T06:08:45Z</time>
      </trkpt>
      <trkpt lat="26.8797769" lon="75.8110581">
        <time>2024-02-15T06:08:46Z</time>
      </trkpt>
      <trkpt lat="26.8797769" lon="75.8110581">
        <time>2024-02-15T06:08:47Z</time>
      </trkpt>
      <trkpt lat="26.8797768" lon="75.8110581">
        <time>2024-02-15T06:08:48Z</time>
      </trkpt>
      <trkpt lat="26.8797768" lon="75.8110581">
        <time>2024-02-15T06:08:49Z</time>
      </trkpt>
      <trkpt lat="26.8797769" lon="75.8110581">
        <time>2024-02-15T06:08:50Z</time>
      </trkpt>
      <trkpt lat="26.8797769" lon="75.8110581">
        <time>2024-02-15T06:08:51Z</time>
      </trkpt>
      <trkpt lat="26.8797769" lon="75.8110581">
        <time>2024-02-15T06:08:52Z</time>
      </trkpt>
      <trkpt lat="26.8797769" lon="75.8110581">
        <time>2024-02-15T06:08:53Z</time>
      </trkpt>
      <trkpt lat="26.8797770" lon="75.8110581">
        <time>2024-02-15T06:08:54Z</time>
      </trkpt>
      <trkpt lat="26.8797772" lon="75.8110580">
        <time>2024-02-15T06:08:55Z</time>
      </trkpt>
      <trkpt lat="26.8797774" lon="75.8110579">
        <time>2024-02-15T06:08:56Z</time>
      </trkpt>
      <trkpt lat="26.8797775" lon="75.8110577">
        <time>2024-02-15T06:08:57Z</time>
      </trkpt>
      <trkpt lat="26.8797774" lon="75.8110574">
        <time>2024-02-15T06:08:58Z</time>
      </trkpt>
      <trkpt lat="26.8797774" lon="75.8110574">
        <time>2024-02-15T06:08:59Z</time>
      </trkpt>
      <trkpt lat="26.8797774" lon="75.8110573">
        <time>2024-02-15T06:09:00Z</time>
      </trkpt>
      <trkpt lat="26.8797774" lon="75.8110574">
        <time>2024-02-15T06:09:01Z</time>
      </trkpt>
      <trkpt lat="26.8797774" lon="75.8110573">
        <time>2024-02-15T06:09:02Z</time>
      </trkpt>
      <trkpt lat="26.8797774" lon="75.8110573">
        <time>2024-02-15T06:09:03Z</time>
      </trkpt>
      <trkpt lat="26.8797774" lon="75.8110573">
        <time>2024-02-15T06:09:04Z</time>
      </trkpt>
      <trkpt lat="26.8797773" lon="75.8110573">
        <time>2024-02-15T06:09:05Z</time>
      </trkpt>
      <trkpt lat="26.8797773" lon="75.8110573">
        <time>2024-02-15T06:09:06Z</time>
      </trkpt>
      <trkpt lat="26.8797773" lon="75.8110573">
        <time>2024-02-15T06:09:07Z</time>
      </trkpt>
      <trkpt lat="26.8797773" lon="75.8110573">
        <time>2024-02-15T06:09:08Z</time>
      </trkpt>
      <trkpt lat="26.8797773" lon="75.8110573">
        <time>2024-02-15T06:09:09Z</time>
      </trkpt>
      <trkpt lat="26.8797773" lon="75.8110573">
        <time>2024-02-15T06:09:10Z</time>
      </trkpt>
      <trkpt lat="26.8797773" lon="75.8110573">
        <time>2024-02-15T06:09:11Z</time>
      </trkpt>
      <trkpt lat="26.8797773" lon="75.8110573">
        <time>2024-02-15T06:09:12Z</time>
      </trkpt>
      <trkpt lat="26.8797772" lon="75.8110573">
        <time>2024-02-15T06:09:13Z</time>
      </trkpt>
      <trkpt lat="26.8797773" lon="75.8110573">
        <time>2024-02-15T06:09:14Z</time>
      </trkpt>
      <trkpt lat="26.8797773" lon="75.8110573">
        <time>2024-02-15T06:09:15Z</time>
      </trkpt>
      <trkpt lat="26.8797772" lon="75.8110574">
        <time>2024-02-15T06:09:16Z</time>
      </trkpt>
      <trkpt lat="26.8797772" lon="75.8110573">
        <time>2024-02-15T06:09:17Z</time>
      </trkpt>
      <trkpt lat="26.8797772" lon="75.8110574">
        <time>2024-02-15T06:09:18Z</time>
      </trkpt>
      <trkpt lat="26.8797772" lon="75.8110574">
        <time>2024-02-15T06:09:19Z</time>
      </trkpt>
      <trkpt lat="26.8797772" lon="75.8110574">
        <time>2024-02-15T06:09:20Z</time>
      </trkpt>
      <trkpt lat="26.8797772" lon="75.8110574">
        <time>2024-02-15T06:09:21Z</time>
      </trkpt>
      <trkpt lat="26.8797772" lon="75.8110574">
        <time>2024-02-15T06:09:22Z</time>
      </trkpt>
      <trkpt lat="26.8797772" lon="75.8110574">
        <time>2024-02-15T06:09:23Z</time>
      </trkpt>
      <trkpt lat="26.8797773" lon="75.8110574">
        <time>2024-02-15T06:09:24Z</time>
      </trkpt>
      <trkpt lat="26.8797773" lon="75.8110574">
        <time>2024-02-15T06:09:25Z</time>
      </trkpt>
      <trkpt lat="26.8797773" lon="75.8110574">
        <time>2024-02-15T06:09:26Z</time>
      </trkpt>
      <trkpt lat="26.8797773" lon="75.8110574">
        <time>2024-02-15T06:09:27Z</time>
      </trkpt>
      <trkpt lat="26.8797773" lon="75.8110574">
        <time>2024-02-15T06:09:28Z</time>
      </trkpt>
      <trkpt lat="26.8797772" lon="75.8110574">
        <time>2024-02-15T06:09:29Z</time>
      </trkpt>
      <trkpt lat="26.8797772" lon="75.8110574">
        <time>2024-02-15T06:09:30Z</time>
      </trkpt>
      <trkpt lat="26.8797772" lon="75.8110574">
        <time>2024-02-15T06:09:31Z</time>
      </trkpt>
      <trkpt lat="26.8797772" lon="75.8110574">
        <time>2024-02-15T06:09:32Z</time>
      </trkpt>
      <trkpt lat="26.8797773" lon="75.8110574">
        <time>2024-02-15T06:09:33Z</time>
      </trkpt>
      <trkpt lat="26.8797773" lon="75.8110574">
        <time>2024-02-15T06:09:34Z</time>
      </trkpt>
      <trkpt lat="26.8797773" lon="75.8110574">
        <time>2024-02-15T06:09:35Z</time>
      </trkpt>
      <trkpt lat="26.8797773" lon="75.8110574">
        <time>2024-02-15T06:09:36Z</time>
      </trkpt>
      <trkpt lat="26.8797773" lon="75.8110574">
        <time>2024-02-15T06:09:37Z</time>
      </trkpt>
      <trkpt lat="26.8797773" lon="75.8110574">
        <time>2024-02-15T06:09:38Z</time>
      </trkpt>
      <trkpt lat="26.8797773" lon="75.8110574">
        <time>2024-02-15T06:09:39Z</time>
      </trkpt>
      <trkpt lat="26.8797773" lon="75.8110574">
        <time>2024-02-15T06:09:40Z</time>
      </trkpt>
      <trkpt lat="26.8797773" lon="75.8110574">
        <time>2024-02-15T06:09:41Z</time>
      </trkpt>
      <trkpt lat="26.8797773" lon="75.8110574">
        <time>2024-02-15T06:09:42Z</time>
      </trkpt>
      <trkpt lat="26.8797773" lon="75.8110574">
        <time>2024-02-15T06:09:43Z</time>
      </trkpt>
      <trkpt lat="26.8797773" lon="75.8110574">
        <time>2024-02-15T06:09:44Z</time>
      </trkpt>
      <trkpt lat="26.8797773" lon="75.8110574">
        <time>2024-02-15T06:09:45Z</time>
      </trkpt>
      <trkpt lat="26.8797773" lon="75.8110574">
        <time>2024-02-15T06:09:46Z</time>
      </trkpt>
      <trkpt lat="26.8797773" lon="75.8110575">
        <time>2024-02-15T06:09:47Z</time>
      </trkpt>
      <trkpt lat="26.8797773" lon="75.8110575">
        <time>2024-02-15T06:09:48Z</time>
      </trkpt>
      <trkpt lat="26.8797773" lon="75.8110575">
        <time>2024-02-15T06:09:49Z</time>
      </trkpt>
      <trkpt lat="26.8797773" lon="75.8110575">
        <time>2024-02-15T06:09:50Z</time>
      </trkpt>
      <trkpt lat="26.8797773" lon="75.8110574">
        <time>2024-02-15T06:09:51Z</time>
      </trkpt>
      <trkpt lat="26.8797774" lon="75.8110575">
        <time>2024-02-15T06:09:52Z</time>
      </trkpt>
      <trkpt lat="26.8797774" lon="75.8110575">
        <time>2024-02-15T06:09:53Z</time>
      </trkpt>
      <trkpt lat="26.8797774" lon="75.8110575">
        <time>2024-02-15T06:09:54Z</time>
      </trkpt>
      <trkpt lat="26.8797774" lon="75.8110575">
        <time>2024-02-15T06:09:55Z</time>
      </trkpt>
      <trkpt lat="26.8797774" lon="75.8110575">
        <time>2024-02-15T06:09:56Z</time>
      </trkpt>
      <trkpt lat="26.8797775" lon="75.8110575">
        <time>2024-02-15T06:09:57Z</time>
      </trkpt>
      <trkpt lat="26.8797775" lon="75.8110574">
        <time>2024-02-15T06:09:58Z</time>
      </trkpt>
      <trkpt lat="26.8797775" lon="75.8110575">
        <time>2024-02-15T06:09:59Z</time>
      </trkpt>
      <trkpt lat="26.8797776" lon="75.8110574">
        <time>2024-02-15T06:10:00Z</time>
      </trkpt>
      <trkpt lat="26.8797776" lon="75.8110574">
        <time>2024-02-15T06:10:01Z</time>
      </trkpt>
      <trkpt lat="26.8797776" lon="75.8110574">
        <time>2024-02-15T06:10:02Z</time>
      </trkpt>
      <trkpt lat="26.8797775" lon="75.8110574">
        <time>2024-02-15T06:10:03Z</time>
      </trkpt>
      <trkpt lat="26.8797776" lon="75.8110574">
        <time>2024-02-15T06:10:04Z</time>
      </trkpt>
      <trkpt lat="26.8797776" lon="75.8110574">
        <time>2024-02-15T06:10:05Z</time>
      </trkpt>
      <trkpt lat="26.8797776" lon="75.8110574">
        <time>2024-02-15T06:10:06Z</time>
      </trkpt>
      <trkpt lat="26.8797776" lon="75.8110574">
        <time>2024-02-15T06:10:07Z</time>
      </trkpt>
      <trkpt lat="26.8797776" lon="75.8110574">
        <time>2024-02-15T06:10:08Z</time>
      </trkpt>
      <trkpt lat="26.8797906" lon="75.8110585">
        <time>2024-02-15T06:10:09Z</time>
      </trkpt>
      <trkpt lat="26.8798159" lon="75.8110670">
        <time>2024-02-15T06:10:10Z</time>
      </trkpt>
      <trkpt lat="26.8798378" lon="75.8110800">
        <time>2024-02-15T06:10:11Z</time>
      </trkpt>
      <trkpt lat="26.8798608" lon="75.8110942">
        <time>2024-02-15T06:10:12Z</time>
      </trkpt>
      <trkpt lat="26.8798864" lon="75.8111081">
        <time>2024-02-15T06:10:13Z</time>
      </trkpt>
      <trkpt lat="26.8799129" lon="75.8111271">
        <time>2024-02-15T06:10:14Z</time>
      </trkpt>
      <trkpt lat="26.8799350" lon="75.8111528">
        <time>2024-02-15T06:10:15Z</time>
      </trkpt>
      <trkpt lat="26.8799569" lon="75.8111798">
        <time>2024-02-15T06:10:16Z</time>
      </trkpt>
      <trkpt lat="26.8799867" lon="75.8112061">
        <time>2024-02-15T06:10:17Z</time>
      </trkpt>
      <trkpt lat="26.8800330" lon="75.8112210">
        <time>2024-02-15T06:10:18Z</time>
      </trkpt>
      <trkpt lat="26.8800943" lon="75.8112433">
        <time>2024-02-15T06:10:19Z</time>
      </trkpt>
      <trkpt lat="26.8801578" lon="75.8112629">
        <time>2024-02-15T06:10:20Z</time>
      </trkpt>
      <trkpt lat="26.8802185" lon="75.8112832">
        <time>2024-02-15T06:10:21Z</time>
      </trkpt>
      <trkpt lat="26.8802888" lon="75.8113030">
        <time>2024-02-15T06:10:22Z</time>
      </trkpt>
      <trkpt lat="26.8803626" lon="75.8113273">
        <time>2024-02-15T06:10:23Z</time>
      </trkpt>
      <trkpt lat="26.8804389" lon="75.8113455">
        <time>2024-02-15T06:10:24Z</time>
      </trkpt>
      <trkpt lat="26.8805202" lon="75.8113719">
        <time>2024-02-15T06:10:25Z</time>
      </trkpt>
      <trkpt lat="26.8806149" lon="75.8113980">
        <time>2024-02-15T06:10:26Z</time>
      </trkpt>
      <trkpt lat="26.8807129" lon="75.8114245">
        <time>2024-02-15T06:10:27Z</time>
      </trkpt>
      <trkpt lat="26.8808101" lon="75.8114490">
        <time>2024-02-15T06:10:28Z</time>
      </trkpt>
      <trkpt lat="26.8809058" lon="75.8114841">
        <time>2024-02-15T06:10:29Z</time>
      </trkpt>
      <trkpt lat="26.8810092" lon="75.8115103">
        <time>2024-02-15T06:10:30Z</time>
      </trkpt>
      <trkpt lat="26.8811108" lon="75.8115360">
        <time>2024-02-15T06:10:31Z</time>
      </trkpt>
      <trkpt lat="26.8812233" lon="75.8115688">
        <time>2024-02-15T06:10:32Z</time>
      </trkpt>
      <trkpt lat="26.8813413" lon="75.8115960">
        <time>2024-02-15T06:10:33Z</time>
      </trkpt>
      <trkpt lat="26.8814668" lon="75.8116250">
        <time>2024-02-15T06:10:34Z</time>
      </trkpt>
      <trkpt lat="26.8815932" lon="75.8116556">
        <time>2024-02-15T06:10:35Z</time>
      </trkpt>
      <trkpt lat="26.8817209" lon="75.8116889">
        <time>2024-02-15T06:10:36Z</time>
      </trkpt>
      <trkpt lat="26.8818534" lon="75.8117205">
        <time>2024-02-15T06:10:37Z</time>
      </trkpt>
      <trkpt lat="26.8819879" lon="75.8117523">
        <time>2024-02-15T06:10:38Z</time>
      </trkpt>
      <trkpt lat="26.8821222" lon="75.8117860">
        <time>2024-02-15T06:10:39Z</time>
      </trkpt>
      <trkpt lat="26.8822605" lon="75.8118264">
        <time>2024-02-15T06:10:40Z</time>
      </trkpt>
      <trkpt lat="26.8823950" lon="75.8118598">
        <time>2024-02-15T06:10:41Z</time>
      </trkpt>
      <trkpt lat="26.8825332" lon="75.8118998">
        <time>2024-02-15T06:10:42Z</time>
      </trkpt>
      <trkpt lat="26.8826657" lon="75.8119340">
        <time>2024-02-15T06:10:43Z</time>
      </trkpt>
      <trkpt lat="26.8828085" lon="75.8119631">
        <time>2024-02-15T06:10:44Z</time>
      </trkpt>
      <trkpt lat="26.8829534" lon="75.8119988">
        <time>2024-02-15T06:10:45Z</time>
      </trkpt>
      <trkpt lat="26.8830969" lon="75.8120362">
        <time>2024-02-15T06:10:46Z</time>
      </trkpt>
      <trkpt lat="26.8832370" lon="75.8120700">
        <time>2024-02-15T06:10:47Z</time>
      </trkpt>
      <trkpt lat="26.8833702" lon="75.8121028">
        <time>2024-02-15T06:10:48Z</time>
      </trkpt>
      <trkpt lat="26.8835081" lon="75.8121311">
        <time>2024-02-15T06:10:49Z</time>
      </trkpt>
      <trkpt lat="26.8836382" lon="75.8121605">
        <time>2024-02-15T06:10:50Z</time>
      </trkpt>
      <trkpt lat="26.8837610" lon="75.8121872">
        <time>2024-02-15T06:10:51Z</time>
      </trkpt>
      <trkpt lat="26.8838790" lon="75.8122092">
        <time>2024-02-15T06:10:52Z</time>
      </trkpt>
      <trkpt lat="26.8840007" lon="75.8122346">
        <time>2024-02-15T06:10:53Z</time>
      </trkpt>
      <trkpt lat="26.8841055" lon="75.8122538">
        <time>2024-02-15T06:10:54Z</time>
      </trkpt>
      <trkpt lat="26.8841919" lon="75.8122607">
        <time>2024-02-15T06:10:55Z</time>
      </trkpt>
      <trkpt lat="26.8842598" lon="75.8122662">
        <time>2024-02-15T06:10:56Z</time>
      </trkpt>
      <trkpt lat="26.8843153" lon="75.8122674">
        <time>2024-02-15T06:10:57Z</time>
      </trkpt>
      <trkpt lat="26.8843495" lon="75.8122655">
        <time>2024-02-15T06:10:58Z</time>
      </trkpt>
      <trkpt lat="26.8843784" lon="75.8122693">
        <time>2024-02-15T06:10:59Z</time>
      </trkpt>
      <trkpt lat="26.8844065" lon="75.8122726">
        <time>2024-02-15T06:11:00Z</time>
      </trkpt>
      <trkpt lat="26.8844376" lon="75.8122776">
        <time>2024-02-15T06:11:01Z</time>
      </trkpt>
      <trkpt lat="26.8844807" lon="75.8122702">
        <time>2024-02-15T06:11:02Z</time>
      </trkpt>
      <trkpt lat="26.8845236" lon="75.8122654">
        <time>2024-02-15T06:11:03Z</time>
      </trkpt>
      <trkpt lat="26.8845749" lon="75.8122566">
        <time>2024-02-15T06:11:04Z</time>
      </trkpt>
      <trkpt lat="26.8846217" lon="75.8122547">
        <time>2024-02-15T06:11:05Z</time>
      </trkpt>
      <trkpt lat="26.8846645" lon="75.8122608">
        <time>2024-02-15T06:11:06Z</time>
      </trkpt>
      <trkpt lat="26.8847091" lon="75.8122671">
        <time>2024-02-15T06:11:07Z</time>
      </trkpt>
      <trkpt lat="26.8847527" lon="75.8122758">
        <time>2024-02-15T06:11:08Z</time>
      </trkpt>
      <trkpt lat="26.8847994" lon="75.8122927">
        <time>2024-02-15T06:11:09Z</time>
      </trkpt>
      <trkpt lat="26.8848375" lon="75.8123067">
        <time>2024-02-15T06:11:10Z</time>
      </trkpt>
      <trkpt lat="26.8848770" lon="75.8123250">
        <time>2024-02-15T06:11:11Z</time>
      </trkpt>
      <trkpt lat="26.8849216" lon="75.8123493">
        <time>2024-02-15T06:11:12Z</time>
      </trkpt>
      <trkpt lat="26.8849565" lon="75.8123837">
        <time>2024-02-15T06:11:13Z</time>
      </trkpt>
      <trkpt lat="26.8849964" lon="75.8124318">
        <time>2024-02-15T06:11:14Z</time>
      </trkpt>
      <trkpt lat="26.8850390" lon="75.8124717">
        <time>2024-02-15T06:11:15Z</time>
      </trkpt>
      <trkpt lat="26.8850842" lon="75.8125024">
        <time>2024-02-15T06:11:16Z</time>
      </trkpt>
      <trkpt lat="26.8851319" lon="75.8125312">
        <time>2024-02-15T06:11:17Z</time>
      </trkpt>
      <trkpt lat="26.8851882" lon="75.8125629">
        <time>2024-02-15T06:11:18Z</time>
      </trkpt>
      <trkpt lat="26.8852492" lon="75.8125892">
        <time>2024-02-15T06:11:19Z</time>
      </trkpt>
      <trkpt lat="26.8853033" lon="75.8126194">
        <time>2024-02-15T06:11:20Z</time>
      </trkpt>
      <trkpt lat="26.8853712" lon="75.8126431">
        <time>2024-02-15T06:11:21Z</time>
      </trkpt>
      <trkpt lat="26.8854399" lon="75.8126681">
        <time>2024-02-15T06:11:22Z</time>
      </trkpt>
      <trkpt lat="26.8855158" lon="75.8126960">
        <time>2024-02-15T06:11:23Z</time>
      </trkpt>
      <trkpt lat="26.8855996" lon="75.8127228">
        <time>2024-02-15T06:11:24Z</time>
      </trkpt>
      <trkpt lat="26.8856874" lon="75.8127464">
        <time>2024-02-15T06:11:25Z</time>
      </trkpt>
      <trkpt lat="26.8857787" lon="75.8127693">
        <time>2024-02-15T06:11:26Z</time>
      </trkpt>
      <trkpt lat="26.8858719" lon="75.8127916">
        <time>2024-02-15T06:11:27Z</time>
      </trkpt>
      <trkpt lat="26.8859659" lon="75.8128189">
        <time>2024-02-15T06:11:28Z</time>
      </trkpt>
      <trkpt lat="26.8860730" lon="75.8128460">
        <time>2024-02-15T06:11:29Z</time>
      </trkpt>
      <trkpt lat="26.8861800" lon="75.8128702">
        <time>2024-02-15T06:11:30Z</time>
      </trkpt>
      <trkpt lat="26.8862954" lon="75.8129017">
        <time>2024-02-15T06:11:31Z</time>
      </trkpt>
      <trkpt lat="26.8864166" lon="75.8129359">
        <time>2024-02-15T06:11:32Z</time>
      </trkpt>
      <trkpt lat="26.8865315" lon="75.8129667">
        <time>2024-02-15T06:11:33Z</time>
      </trkpt>
      <trkpt lat="26.8866382" lon="75.8129957">
        <time>2024-02-15T06:11:34Z</time>
      </trkpt>
      <trkpt lat="26.8867428" lon="75.8130187">
        <time>2024-02-15T06:11:35Z</time>
      </trkpt>
      <trkpt lat="26.8868506" lon="75.8130416">
        <time>2024-02-15T06:11:36Z</time>
      </trkpt>
      <trkpt lat="26.8869552" lon="75.8130744">
        <time>2024-02-15T06:11:37Z</time>
      </trkpt>
      <trkpt lat="26.8870716" lon="75.8131072">
        <time>2024-02-15T06:11:38Z</time>
      </trkpt>
      <trkpt lat="26.8871944" lon="75.8131386">
        <time>2024-02-15T06:11:39Z</time>
      </trkpt>
      <trkpt lat="26.8873214" lon="75.8131690">
        <time>2024-02-15T06:11:40Z</time>
      </trkpt>
      <trkpt lat="26.8874530" lon="75.8132034">
        <time>2024-02-15T06:11:41Z</time>
      </trkpt>
      <trkpt lat="26.8875921" lon="75.8132371">
        <time>2024-02-15T06:11:42Z</time>
      </trkpt>
      <trkpt lat="26.8877295" lon="75.8132769">
        <time>2024-02-15T06:11:43Z</time>
      </trkpt>
      <trkpt lat="26.8878714" lon="75.8133136">
        <time>2024-02-15T06:11:44Z</time>
      </trkpt>
      <trkpt lat="26.8880057" lon="75.8133474">
        <time>2024-02-15T06:11:45Z</time>
      </trkpt>
      <trkpt lat="26.8881340" lon="75.8133783">
        <time>2024-02-15T06:11:46Z</time>
      </trkpt>
      <trkpt lat="26.8882600" lon="75.8134083">
        <time>2024-02-15T06:11:47Z</time>
      </trkpt>
      <trkpt lat="26.8883875" lon="75.8134402">
        <time>2024-02-15T06:11:48Z</time>
      </trkpt>
      <trkpt lat="26.8885093" lon="75.8134663">
        <time>2024-02-15T06:11:49Z</time>
      </trkpt>
      <trkpt lat="26.8886240" lon="75.8134939">
        <time>2024-02-15T06:11:50Z</time>
      </trkpt>
      <trkpt lat="26.8887438" lon="75.8135128">
        <time>2024-02-15T06:11:51Z</time>
      </trkpt>
      <trkpt lat="26.8888572" lon="75.8135401">
        <time>2024-02-15T06:11:52Z</time>
      </trkpt>
      <trkpt lat="26.8889754" lon="75.8135704">
        <time>2024-02-15T06:11:53Z</time>
      </trkpt>
      <trkpt lat="26.8890954" lon="75.8136092">
        <time>2024-02-15T06:11:54Z</time>
      </trkpt>
      <trkpt lat="26.8892186" lon="75.8136432">
        <time>2024-02-15T06:11:55Z</time>
      </trkpt>
      <trkpt lat="26.8893420" lon="75.8136760">
        <time>2024-02-15T06:11:56Z</time>
      </trkpt>
      <trkpt lat="26.8894514" lon="75.8137075">
        <time>2024-02-15T06:11:57Z</time>
      </trkpt>
      <trkpt lat="26.8895625" lon="75.8137388">
        <time>2024-02-15T06:11:58Z</time>
      </trkpt>
      <trkpt lat="26.8896692" lon="75.8137629">
        <time>2024-02-15T06:11:59Z</time>
      </trkpt>
      <trkpt lat="26.8897690" lon="75.8137930">
        <time>2024-02-15T06:12:00Z</time>
      </trkpt>
      <trkpt lat="26.8898613" lon="75.8138171">
        <time>2024-02-15T06:12:01Z</time>
      </trkpt>
      <trkpt lat="26.8899504" lon="75.8138390">
        <time>2024-02-15T06:12:02Z</time>
      </trkpt>
      <trkpt lat="26.8900325" lon="75.8138563">
        <time>2024-02-15T06:12:03Z</time>
      </trkpt>
      <trkpt lat="26.8901135" lon="75.8138713">
        <time>2024-02-15T06:12:04Z</time>
      </trkpt>
      <trkpt lat="26.8901937" lon="75.8138905">
        <time>2024-02-15T06:12:05Z</time>
      </trkpt>
      <trkpt lat="26.8902784" lon="75.8139140">
        <time>2024-02-15T06:12:06Z</time>
      </trkpt>
      <trkpt lat="26.8903635" lon="75.8139386">
        <time>2024-02-15T06:12:07Z</time>
      </trkpt>
      <trkpt lat="26.8904434" lon="75.8139609">
        <time>2024-02-15T06:12:08Z</time>
      </trkpt>
      <trkpt lat="26.8905231" lon="75.8139793">
        <time>2024-02-15T06:12:09Z</time>
      </trkpt>
      <trkpt lat="26.8905991" lon="75.8139942">
        <time>2024-02-15T06:12:10Z</time>
      </trkpt>
      <trkpt lat="26.8906649" lon="75.8140096">
        <time>2024-02-15T06:12:11Z</time>
      </trkpt>
      <trkpt lat="26.8907255" lon="75.8140207">
        <time>2024-02-15T06:12:12Z</time>
      </trkpt>
      <trkpt lat="26.8907819" lon="75.8140378">
        <time>2024-02-15T06:12:13Z</time>
      </trkpt>
      <trkpt lat="26.8908364" lon="75.8140526">
        <time>2024-02-15T06:12:14Z</time>
      </trkpt>
      <trkpt lat="26.8908875" lon="75.8140698">
        <time>2024-02-15T06:12:15Z</time>
      </trkpt>
      <trkpt lat="26.8909327" lon="75.8140809">
        <time>2024-02-15T06:12:16Z</time>
      </trkpt>
      <trkpt lat="26.8909680" lon="75.8140885">
        <time>2024-02-15T06:12:17Z</time>
      </trkpt>
      <trkpt lat="26.8909995" lon="75.8140920">
        <time>2024-02-15T06:12:18Z</time>
      </trkpt>
      <trkpt lat="26.8910215" lon="75.8140979">
        <time>2024-02-15T06:12:19Z</time>
      </trkpt>
      <trkpt lat="26.8910420" lon="75.8141006">
        <time>2024-02-15T06:12:20Z</time>
      </trkpt>
      <trkpt lat="26.8910569" lon="75.8141068">
        <time>2024-02-15T06:12:21Z</time>
      </trkpt>
      <trkpt lat="26.8910682" lon="75.8141059">
        <time>2024-02-15T06:12:22Z</time>
      </trkpt>
      <trkpt lat="26.8910700" lon="75.8141071">
        <time>2024-02-15T06:12:23Z</time>
      </trkpt>
      <trkpt lat="26.8910718" lon="75.8141090">
        <time>2024-02-15T06:12:24Z</time>
      </trkpt>
      <trkpt lat="26.8910723" lon="75.8141091">
        <time>2024-02-15T06:12:25Z</time>
      </trkpt>
      <trkpt lat="26.8910756" lon="75.8141091">
        <time>2024-02-15T06:12:26Z</time>
      </trkpt>
      <trkpt lat="26.8910771" lon="75.8141084">
        <time>2024-02-15T06:12:27Z</time>
      </trkpt>
      <trkpt lat="26.8910779" lon="75.8141093">
        <time>2024-02-15T06:12:28Z</time>
      </trkpt>
      <trkpt lat="26.8910772" lon="75.8141092">
        <time>2024-02-15T06:12:29Z</time>
      </trkpt>
      <trkpt lat="26.8910764" lon="75.8141112">
        <time>2024-02-15T06:12:30Z</time>
      </trkpt>
      <trkpt lat="26.8910753" lon="75.8141109">
        <time>2024-02-15T06:12:31Z</time>
      </trkpt>
      <trkpt lat="26.8910757" lon="75.8141108">
        <time>2024-02-15T06:12:32Z</time>
      </trkpt>
      <trkpt lat="26.8910749" lon="75.8141100">
        <time>2024-02-15T06:12:33Z</time>
      </trkpt>
      <trkpt lat="26.8910756" lon="75.8141095">
        <time>2024-02-15T06:12:34Z</time>
      </trkpt>
      <trkpt lat="26.8910763" lon="75.8141096">
        <time>2024-02-15T06:12:35Z</time>
      </trkpt>
      <trkpt lat="26.8910770" lon="75.8141097">
        <time>2024-02-15T06:12:36Z</time>
      </trkpt>
      <trkpt lat="26.8910772" lon="75.8141097">
        <time>2024-02-15T06:12:37Z</time>
      </trkpt>
      <trkpt lat="26.8910773" lon="75.8141097">
        <time>2024-02-15T06:12:38Z</time>
      </trkpt>
      <trkpt lat="26.8910773" lon="75.8141098">
        <time>2024-02-15T06:12:39Z</time>
      </trkpt>
      <trkpt lat="26.8910773" lon="75.8141097">
        <time>2024-02-15T06:12:40Z</time>
      </trkpt>
      <trkpt lat="26.8910773" lon="75.8141098">
        <time>2024-02-15T06:12:41Z</time>
      </trkpt>
      <trkpt lat="26.8910773" lon="75.8141098">
        <time>2024-02-15T06:12:42Z</time>
      </trkpt>
      <trkpt lat="26.8910773" lon="75.8141098">
        <time>2024-02-15T06:12:43Z</time>
      </trkpt>
      <trkpt lat="26.8910773" lon="75.8141098">
        <time>2024-02-15T06:12:44Z</time>
      </trkpt>
      <trkpt lat="26.8910773" lon="75.8141098">
        <time>2024-02-15T06:12:45Z</time>
      </trkpt>
      <trkpt lat="26.8910773" lon="75.8141098">
        <time>2024-02-15T06:12:46Z</time>
      </trkpt>
      <trkpt lat="26.8910769" lon="75.8141099">
        <time>2024-02-15T06:12:47Z</time>
      </trkpt>
      <trkpt lat="26.8910769" lon="75.8141099">
        <time>2024-02-15T06:12:48Z</time>
      </trkpt>
      <trkpt lat="26.8910768" lon="75.8141099">
        <time>2024-02-15T06:12:49Z</time>
      </trkpt>
      <trkpt lat="26.8910768" lon="75.8141099">
        <time>2024-02-15T06:12:50Z</time>
      </trkpt>
      <trkpt lat="26.8910768" lon="75.8141099">
        <time>2024-02-15T06:12:51Z</time>
      </trkpt>
      <trkpt lat="26.8910769" lon="75.8141099">
        <time>2024-02-15T06:12:52Z</time>
      </trkpt>
      <trkpt lat="26.8910769" lon="75.8141099">
        <time>2024-02-15T06:12:53Z</time>
      </trkpt>
      <trkpt lat="26.8910769" lon="75.8141099">
        <time>2024-02-15T06:12:54Z</time>
      </trkpt>
      <trkpt lat="26.8910842" lon="75.8141120">
        <time>2024-02-15T06:12:55Z</time>
      </trkpt>
      <trkpt lat="26.8910966" lon="75.8141149">
        <time>2024-02-15T06:12:56Z</time>
      </trkpt>
      <trkpt lat="26.8911105" lon="75.8141200">
        <time>2024-02-15T06:12:57Z</time>
      </trkpt>
      <trkpt lat="26.8911277" lon="75.8141248">
        <time>2024-02-15T06:12:58Z</time>
      </trkpt>
      <trkpt lat="26.8911493" lon="75.8141305">
        <time>2024-02-15T06:12:59Z</time>
      </trkpt>
      <trkpt lat="26.8911707" lon="75.8141371">
        <time>2024-02-15T06:13:00Z</time>
      </trkpt>
      <trkpt lat="26.8911911" lon="75.8141423">
        <time>2024-02-15T06:13:01Z</time>
      </trkpt>
      <trkpt lat="26.8912125" lon="75.8141471">
        <time>2024-02-15T06:13:02Z</time>
      </trkpt>
      <trkpt lat="26.8912402" lon="75.8141547">
        <time>2024-02-15T06:13:03Z</time>
      </trkpt>
      <trkpt lat="26.8912693" lon="75.8141642">
        <time>2024-02-15T06:13:04Z</time>
      </trkpt>
      <trkpt lat="26.8912947" lon="75.8141702">
        <time>2024-02-15T06:13:05Z</time>
      </trkpt>
      <trkpt lat="26.8913227" lon="75.8141775">
        <time>2024-02-15T06:13:06Z</time>
      </trkpt>
      <trkpt lat="26.8913535" lon="75.8141903">
        <time>2024-02-15T06:13:07Z</time>
      </trkpt>
      <trkpt lat="26.8913820" lon="75.8142036">
        <time>2024-02-15T06:13:08Z</time>
      </trkpt>
      <trkpt lat="26.8914132" lon="75.8142144">
        <time>2024-02-15T06:13:09Z</time>
      </trkpt>
      <trkpt lat="26.8914448" lon="75.8142336">
        <time>2024-02-15T06:13:10Z</time>
      </trkpt>
      <trkpt lat="26.8914696" lon="75.8142446">
        <time>2024-02-15T06:13:11Z</time>
      </trkpt>
      <trkpt lat="26.8914970" lon="75.8142527">
        <time>2024-02-15T06:13:12Z</time>
      </trkpt>
      <trkpt lat="26.8915238" lon="75.8142600">
        <time>2024-02-15T06:13:13Z</time>
      </trkpt>
      <trkpt lat="26.8915535" lon="75.8142668">
        <time>2024-02-15T06:13:14Z</time>
      </trkpt>
      <trkpt lat="26.8915828" lon="75.8142662">
        <time>2024-02-15T06:13:15Z</time>
      </trkpt>
      <trkpt lat="26.8916160" lon="75.8142701">
        <time>2024-02-15T06:13:16Z</time>
      </trkpt>
      <trkpt lat="26.8916441" lon="75.8142747">
        <time>2024-02-15T06:13:17Z</time>
      </trkpt>
      <trkpt lat="26.8916596" lon="75.8142758">
        <time>2024-02-15T06:13:18Z</time>
      </trkpt>
      <trkpt lat="26.8916686" lon="75.8142791">
        <time>2024-02-15T06:13:19Z</time>
      </trkpt>
      <trkpt lat="26.8916717" lon="75.8142817">
        <time>2024-02-15T06:13:20Z</time>
      </trkpt>
      <trkpt lat="26.8916735" lon="75.8142827">
        <time>2024-02-15T06:13:21Z</time>
      </trkpt>
      <trkpt lat="26.8916804" lon="75.8142861">
        <time>2024-02-15T06:13:22Z</time>
      </trkpt>
      <trkpt lat="26.8916811" lon="75.8142850">
        <time>2024-02-15T06:13:23Z</time>
      </trkpt>
      <trkpt lat="26.8916868" lon="75.8142825">
        <time>2024-02-15T06:13:24Z</time>
      </trkpt>
      <trkpt lat="26.8916875" lon="75.8142809">
        <time>2024-02-15T06:13:25Z</time>
      </trkpt>
      <trkpt lat="26.8916876" lon="75.8142806">
        <time>2024-02-15T06:13:26Z</time>
      </trkpt>
      <trkpt lat="26.8916883" lon="75.8142810">
        <time>2024-02-15T06:13:27Z</time>
      </trkpt>
      <trkpt lat="26.8916868" lon="75.8142803">
        <time>2024-02-15T06:13:28Z</time>
      </trkpt>
      <trkpt lat="26.8916935" lon="75.8142806">
        <time>2024-02-15T06:13:29Z</time>
      </trkpt>
      <trkpt lat="26.8916943" lon="75.8142804">
        <time>2024-02-15T06:13:30Z</time>
      </trkpt>
      <trkpt lat="26.8916969" lon="75.8142809">
        <time>2024-02-15T06:13:31Z</time>
      </trkpt>
      <trkpt lat="26.8916983" lon="75.8142813">
        <time>2024-02-15T06:13:32Z</time>
      </trkpt>
      <trkpt lat="26.8916988" lon="75.8142807">
        <time>2024-02-15T06:13:33Z</time>
      </trkpt>
      <trkpt lat="26.8916988" lon="75.8142806">
        <time>2024-02-15T06:13:34Z</time>
      </trkpt>
      <trkpt lat="26.8916978" lon="75.8142805">
        <time>2024-02-15T06:13:35Z</time>
      </trkpt>
      <trkpt lat="26.8916976" lon="75.8142806">
        <time>2024-02-15T06:13:36Z</time>
      </trkpt>
      <trkpt lat="26.8916959" lon="75.8142807">
        <time>2024-02-15T06:13:37Z</time>
      </trkpt>
      <trkpt lat="26.8916956" lon="75.8142807">
        <time>2024-02-15T06:13:38Z</time>
      </trkpt>
      <trkpt lat="26.8916938" lon="75.8142806">
        <time>2024-02-15T06:13:39Z</time>
      </trkpt>
      <trkpt lat="26.8916936" lon="75.8142806">
        <time>2024-02-15T06:13:40Z</time>
      </trkpt>
      <trkpt lat="26.8916934" lon="75.8142806">
        <time>2024-02-15T06:13:41Z</time>
      </trkpt>
      <trkpt lat="26.8916933" lon="75.8142806">
        <time>2024-02-15T06:13:42Z</time>
      </trkpt>
      <trkpt lat="26.8916933" lon="75.8142806">
        <time>2024-02-15T06:13:43Z</time>
      </trkpt>
      <trkpt lat="26.8916934" lon="75.8142806">
        <time>2024-02-15T06:13:44Z</time>
      </trkpt>
      <trkpt lat="26.8916934" lon="75.8142806">
        <time>2024-02-15T06:13:45Z</time>
      </trkpt>
      <trkpt lat="26.8916934" lon="75.8142806">
        <time>2024-02-15T06:13:46Z</time>
      </trkpt>
      <trkpt lat="26.8916934" lon="75.8142806">
        <time>2024-02-15T06:13:47Z</time>
      </trkpt>
      <trkpt lat="26.8916934" lon="75.8142806">
        <time>2024-02-15T06:13:48Z</time>
      </trkpt>
      <trkpt lat="26.8916934" lon="75.8142806">
        <time>2024-02-15T06:13:49Z</time>
      </trkpt>
      <trkpt lat="26.8916933" lon="75.8142806">
        <time>2024-02-15T06:13:50Z</time>
      </trkpt>
      <trkpt lat="26.8916933" lon="75.8142806">
        <time>2024-02-15T06:13:51Z</time>
      </trkpt>
      <trkpt lat="26.8916933" lon="75.8142806">
        <time>2024-02-15T06:13:52Z</time>
      </trkpt>
      <trkpt lat="26.8916933" lon="75.8142806">
        <time>2024-02-15T06:13:53Z</time>
      </trkpt>
      <trkpt lat="26.8916936" lon="75.8142805">
        <time>2024-02-15T06:13:54Z</time>
      </trkpt>
      <trkpt lat="26.8916936" lon="75.8142805">
        <time>2024-02-15T06:13:55Z</time>
      </trkpt>
      <trkpt lat="26.8916936" lon="75.8142805">
        <time>2024-02-15T06:13:56Z</time>
      </trkpt>
      <trkpt lat="26.8916936" lon="75.8142805">
        <time>2024-02-15T06:13:57Z</time>
      </trkpt>
      <trkpt lat="26.8916936" lon="75.8142805">
        <time>2024-02-15T06:13:58Z</time>
      </trkpt>
      <trkpt lat="26.8916936" lon="75.8142805">
        <time>2024-02-15T06:13:59Z</time>
      </trkpt>
      <trkpt lat="26.8916936" lon="75.8142805">
        <time>2024-02-15T06:14:00Z</time>
      </trkpt>
      <trkpt lat="26.8916935" lon="75.8142805">
        <time>2024-02-15T06:14:01Z</time>
      </trkpt>
      <trkpt lat="26.8916935" lon="75.8142805">
        <time>2024-02-15T06:14:02Z</time>
      </trkpt>
      <trkpt lat="26.8916935" lon="75.8142805">
        <time>2024-02-15T06:14:03Z</time>
      </trkpt>
      <trkpt lat="26.8916935" lon="75.8142805">
        <time>2024-02-15T06:14:04Z</time>
      </trkpt>
      <trkpt lat="26.8916934" lon="75.8142805">
        <time>2024-02-15T06:14:05Z</time>
      </trkpt>
      <trkpt lat="26.8916934" lon="75.8142805">
        <time>2024-02-15T06:14:06Z</time>
      </trkpt>
      <trkpt lat="26.8916934" lon="75.8142805">
        <time>2024-02-15T06:14:07Z</time>
      </trkpt>
      <trkpt lat="26.8916934" lon="75.8142804">
        <time>2024-02-15T06:14:08Z</time>
      </trkpt>
      <trkpt lat="26.8916933" lon="75.8142804">
        <time>2024-02-15T06:14:09Z</time>
      </trkpt>
      <trkpt lat="26.8916933" lon="75.8142805">
        <time>2024-02-15T06:14:10Z</time>
      </trkpt>
      <trkpt lat="26.8916933" lon="75.8142805">
        <time>2024-02-15T06:14:11Z</time>
      </trkpt>
      <trkpt lat="26.8916933" lon="75.8142806">
        <time>2024-02-15T06:14:12Z</time>
      </trkpt>
      <trkpt lat="26.8916932" lon="75.8142806">
        <time>2024-02-15T06:14:13Z</time>
      </trkpt>
      <trkpt lat="26.8916932" lon="75.8142807">
        <time>2024-02-15T06:14:14Z</time>
      </trkpt>
      <trkpt lat="26.8916932" lon="75.8142807">
        <time>2024-02-15T06:14:15Z</time>
      </trkpt>
      <trkpt lat="26.8916933" lon="75.8142807">
        <time>2024-02-15T06:14:16Z</time>
      </trkpt>
      <trkpt lat="26.8916933" lon="75.8142807">
        <time>2024-02-15T06:14:17Z</time>
      </trkpt>
      <trkpt lat="26.8916933" lon="75.8142807">
        <time>2024-02-15T06:14:18Z</time>
      </trkpt>
      <trkpt lat="26.8916934" lon="75.8142807">
        <time>2024-02-15T06:14:19Z</time>
      </trkpt>
      <trkpt lat="26.8916934" lon="75.8142806">
        <time>2024-02-15T06:14:20Z</time>
      </trkpt>
      <trkpt lat="26.8916933" lon="75.8142805">
        <time>2024-02-15T06:14:21Z</time>
      </trkpt>
      <trkpt lat="26.8916933" lon="75.8142805">
        <time>2024-02-15T06:14:22Z</time>
      </trkpt>
      <trkpt lat="26.8916933" lon="75.8142805">
        <time>2024-02-15T06:14:23Z</time>
      </trkpt>
      <trkpt lat="26.8916933" lon="75.8142805">
        <time>2024-02-15T06:14:24Z</time>
      </trkpt>
      <trkpt lat="26.8916932" lon="75.8142805">
        <time>2024-02-15T06:14:25Z</time>
      </trkpt>
      <trkpt lat="26.8916932" lon="75.8142805">
        <time>2024-02-15T06:14:26Z</time>
      </trkpt>
      <trkpt lat="26.8916932" lon="75.8142805">
        <time>2024-02-15T06:14:27Z</time>
      </trkpt>
      <trkpt lat="26.8916932" lon="75.8142805">
        <time>2024-02-15T06:14:28Z</time>
      </trkpt>
      <trkpt lat="26.8916932" lon="75.8142805">
        <time>2024-02-15T06:14:29Z</time>
      </trkpt>
      <trkpt lat="26.8916932" lon="75.8142805">
        <time>2024-02-15T06:14:30Z</time>
      </trkpt>
      <trkpt lat="26.8916931" lon="75.8142805">
        <time>2024-02-15T06:14:31Z</time>
      </trkpt>
      <trkpt lat="26.8916938" lon="75.8142804">
        <time>2024-02-15T06:14:32Z</time>
      </trkpt>
      <trkpt lat="26.8916940" lon="75.8142804">
        <time>2024-02-15T06:14:33Z</time>
      </trkpt>
      <trkpt lat="26.8916940" lon="75.8142803">
        <time>2024-02-15T06:14:34Z</time>
      </trkpt>
      <trkpt lat="26.8916940" lon="75.8142803">
        <time>2024-02-15T06:14:35Z</time>
      </trkpt>
      <trkpt lat="26.8916939" lon="75.8142803">
        <time>2024-02-15T06:14:36Z</time>
      </trkpt>
      <trkpt lat="26.8916939" lon="75.8142803">
        <time>2024-02-15T06:14:37Z</time>
      </trkpt>
      <trkpt lat="26.8916939" lon="75.8142803">
        <time>2024-02-15T06:14:38Z</time>
      </trkpt>
      <trkpt lat="26.8916939" lon="75.8142803">
        <time>2024-02-15T06:14:39Z</time>
      </trkpt>
      <trkpt lat="26.8916939" lon="75.8142803">
        <time>2024-02-15T06:14:40Z</time>
      </trkpt>
      <trkpt lat="26.8916939" lon="75.8142803">
        <time>2024-02-15T06:14:41Z</time>
      </trkpt>
      <trkpt lat="26.8916940" lon="75.8142803">
        <time>2024-02-15T06:14:42Z</time>
      </trkpt>
      <trkpt lat="26.8916940" lon="75.8142803">
        <time>2024-02-15T06:14:43Z</time>
      </trkpt>
      <trkpt lat="26.8916939" lon="75.8142802">
        <time>2024-02-15T06:14:44Z</time>
      </trkpt>
      <trkpt lat="26.8916938" lon="75.8142802">
        <time>2024-02-15T06:14:45Z</time>
      </trkpt>
      <trkpt lat="26.8916935" lon="75.8142801">
        <time>2024-02-15T06:14:46Z</time>
      </trkpt>
      <trkpt lat="26.8916934" lon="75.8142801">
        <time>2024-02-15T06:14:47Z</time>
      </trkpt>
      <trkpt lat="26.8916933" lon="75.8142801">
        <time>2024-02-15T06:14:48Z</time>
      </trkpt>
      <trkpt lat="26.8916933" lon="75.8142801">
        <time>2024-02-15T06:14:49Z</time>
      </trkpt>
      <trkpt lat="26.8916933" lon="75.8142801">
        <time>2024-02-15T06:14:50Z</time>
      </trkpt>
      <trkpt lat="26.8916933" lon="75.8142801">
        <time>2024-02-15T06:14:51Z</time>
      </trkpt>
      <trkpt lat="26.8916933" lon="75.8142801">
        <time>2024-02-15T06:14:52Z</time>
      </trkpt>
      <trkpt lat="26.8916933" lon="75.8142801">
        <time>2024-02-15T06:14:53Z</time>
      </trkpt>
      <trkpt lat="26.8916933" lon="75.8142801">
        <time>2024-02-15T06:14:54Z</time>
      </trkpt>
      <trkpt lat="26.8916933" lon="75.8142800">
        <time>2024-02-15T06:14:55Z</time>
      </trkpt>
      <trkpt lat="26.8916932" lon="75.8142800">
        <time>2024-02-15T06:14:56Z</time>
      </trkpt>
      <trkpt lat="26.8916932" lon="75.8142798">
        <time>2024-02-15T06:14:57Z</time>
      </trkpt>
      <trkpt lat="26.8916937" lon="75.8142797">
        <time>2024-02-15T06:14:58Z</time>
      </trkpt>
      <trkpt lat="26.8916941" lon="75.8142797">
        <time>2024-02-15T06:14:59Z</time>
      </trkpt>
      <trkpt lat="26.8916943" lon="75.8142797">
        <time>2024-02-15T06:15:00Z</time>
      </trkpt>
      <trkpt lat="26.8916943" lon="75.8142797">
        <time>2024-02-15T06:15:01Z</time>
      </trkpt>
      <trkpt lat="26.8916944" lon="75.8142799">
        <time>2024-02-15T06:15:02Z</time>
      </trkpt>
      <trkpt lat="26.8916943" lon="75.8142799">
        <time>2024-02-15T06:15:03Z</time>
      </trkpt>
      <trkpt lat="26.8916943" lon="75.8142799">
        <time>2024-02-15T06:15:04Z</time>
      </trkpt>
      <trkpt lat="26.8916942" lon="75.8142799">
        <time>2024-02-15T06:15:05Z</time>
      </trkpt>
      <trkpt lat="26.8916942" lon="75.8142799">
        <time>2024-02-15T06:15:06Z</time>
      </trkpt>
      <trkpt lat="26.8916942" lon="75.8142799">
        <time>2024-02-15T06:15:07Z</time>
      </trkpt>
      <trkpt lat="26.8916942" lon="75.8142799">
        <time>2024-02-15T06:15:08Z</time>
      </trkpt>
      <trkpt lat="26.8916941" lon="75.8142799">
        <time>2024-02-15T06:15:09Z</time>
      </trkpt>
      <trkpt lat="26.8916941" lon="75.8142799">
        <time>2024-02-15T06:15:10Z</time>
      </trkpt>
      <trkpt lat="26.8916942" lon="75.8142799">
        <time>2024-02-15T06:15:11Z</time>
      </trkpt>
      <trkpt lat="26.8916943" lon="75.8142799">
        <time>2024-02-15T06:15:12Z</time>
      </trkpt>
      <trkpt lat="26.8916942" lon="75.8142799">
        <time>2024-02-15T06:15:13Z</time>
      </trkpt>
      <trkpt lat="26.8916941" lon="75.8142799">
        <time>2024-02-15T06:15:14Z</time>
      </trkpt>
      <trkpt lat="26.8916941" lon="75.8142798">
        <time>2024-02-15T06:15:15Z</time>
      </trkpt>
      <trkpt lat="26.8916941" lon="75.8142798">
        <time>2024-02-15T06:15:16Z</time>
      </trkpt>
      <trkpt lat="26.8916940" lon="75.8142798">
        <time>2024-02-15T06:15:17Z</time>
      </trkpt>
      <trkpt lat="26.8916940" lon="75.8142798">
        <time>2024-02-15T06:15:18Z</time>
      </trkpt>
      <trkpt lat="26.8916940" lon="75.8142798">
        <time>2024-02-15T06:15:19Z</time>
      </trkpt>
      <trkpt lat="26.8916939" lon="75.8142798">
        <time>2024-02-15T06:15:20Z</time>
      </trkpt>
      <trkpt lat="26.8916940" lon="75.8142798">
        <time>2024-02-15T06:15:21Z</time>
      </trkpt>
      <trkpt lat="26.8916940" lon="75.8142798">
        <time>2024-02-15T06:15:22Z</time>
      </trkpt>
      <trkpt lat="26.8916939" lon="75.8142799">
        <time>2024-02-15T06:15:23Z</time>
      </trkpt>
      <trkpt lat="26.8916939" lon="75.8142799">
        <time>2024-02-15T06:15:24Z</time>
      </trkpt>
      <trkpt lat="26.8916939" lon="75.8142798">
        <time>2024-02-15T06:15:25Z</time>
      </trkpt>
      <trkpt lat="26.8916938" lon="75.8142798">
        <time>2024-02-15T06:15:26Z</time>
      </trkpt>
      <trkpt lat="26.8916938" lon="75.8142798">
        <time>2024-02-15T06:15:27Z</time>
      </trkpt>
      <trkpt lat="26.8916938" lon="75.8142798">
        <time>2024-02-15T06:15:28Z</time>
      </trkpt>
      <trkpt lat="26.8916937" lon="75.8142798">
        <time>2024-02-15T06:15:29Z</time>
      </trkpt>
      <trkpt lat="26.8916937" lon="75.8142798">
        <time>2024-02-15T06:15:30Z</time>
      </trkpt>
      <trkpt lat="26.8916936" lon="75.8142798">
        <time>2024-02-15T06:15:31Z</time>
      </trkpt>
      <trkpt lat="26.8916936" lon="75.8142798">
        <time>2024-02-15T06:15:32Z</time>
      </trkpt>
      <trkpt lat="26.8916936" lon="75.8142798">
        <time>2024-02-15T06:15:33Z</time>
      </trkpt>
      <trkpt lat="26.8916959" lon="75.8142800">
        <time>2024-02-15T06:15:34Z</time>
      </trkpt>
      <trkpt lat="26.8917045" lon="75.8142829">
        <time>2024-02-15T06:15:35Z</time>
      </trkpt>
      <trkpt lat="26.8917181" lon="75.8142886">
        <time>2024-02-15T06:15:36Z</time>
      </trkpt>
      <trkpt lat="26.8917303" lon="75.8142919">
        <time>2024-02-15T06:15:37Z</time>
      </trkpt>
      <trkpt lat="26.8917442" lon="75.8142946">
        <time>2024-02-15T06:15:38Z</time>
      </trkpt>
      <trkpt lat="26.8917615" lon="75.8142984">
        <time>2024-02-15T06:15:39Z</time>
      </trkpt>
      <trkpt lat="26.8917783" lon="75.8143032">
        <time>2024-02-15T06:15:40Z</time>
      </trkpt>
      <trkpt lat="26.8917939" lon="75.8143073">
        <time>2024-02-15T06:15:41Z</time>
      </trkpt>
      <trkpt lat="26.8918083" lon="75.8143112">
        <time>2024-02-15T06:15:42Z</time>
      </trkpt>
      <trkpt lat="26.8918244" lon="75.8143162">
        <time>2024-02-15T06:15:43Z</time>
      </trkpt>
      <trkpt lat="26.8918485" lon="75.8143251">
        <time>2024-02-15T06:15:44Z</time>
      </trkpt>
      <trkpt lat="26.8918781" lon="75.8143345">
        <time>2024-02-15T06:15:45Z</time>
      </trkpt>
      <trkpt lat="26.8919095" lon="75.8143459">
        <time>2024-02-15T06:15:46Z</time>
      </trkpt>
      <trkpt lat="26.8919408" lon="75.8143595">
        <time>2024-02-15T06:15:47Z</time>
      </trkpt>
      <trkpt lat="26.8919784" lon="75.8143938">
        <time>2024-02-15T06:15:48Z</time>
      </trkpt>
      <trkpt lat="26.8920082" lon="75.8144391">
        <time>2024-02-15T06:15:49Z</time>
      </trkpt>
      <trkpt lat="26.8920245" lon="75.8144955">
        <time>2024-02-15T06:15:50Z</time>
      </trkpt>
      <trkpt lat="26.8920319" lon="75.8145632">
        <time>2024-02-15T06:15:51Z</time>
      </trkpt>
      <trkpt lat="26.8920288" lon="75.8146391">
        <time>2024-02-15T06:15:52Z</time>
      </trkpt>
      <trkpt lat="26.8920229" lon="75.8147140">
        <time>2024-02-15T06:15:53Z</time>
      </trkpt>
      <trkpt lat="26.8919929" lon="75.8147922">
        <time>2024-02-15T06:15:54Z</time>
      </trkpt>
      <trkpt lat="26.8919534" lon="75.8148793">
        <time>2024-02-15T06:15:55Z</time>
      </trkpt>
      <trkpt lat="26.8919053" lon="75.8149653">
        <time>2024-02-15T06:15:56Z</time>
      </trkpt>
      <trkpt lat="26.8918533" lon="75.8150704">
        <time>2024-02-15T06:15:57Z</time>
      </trkpt>
      <trkpt lat="26.8917982" lon="75.8151667">
        <time>2024-02-15T06:15:58Z</time>
      </trkpt>
      <trkpt lat="26.8917458" lon="75.8152726">
        <time>2024-02-15T06:15:59Z</time>
      </trkpt>
      <trkpt lat="26.8916975" lon="75.8153702">
        <time>2024-02-15T06:16:00Z</time>
      </trkpt>
      <trkpt lat="26.8916443" lon="75.8154813">
        <time>2024-02-15T06:16:01Z</time>
      </trkpt>
      <trkpt lat="26.8915884" lon="75.8155840">
        <time>2024-02-15T06:16:02Z</time>
      </trkpt>
      <trkpt lat="26.8915319" lon="75.8156849">
        <time>2024-02-15T06:16:03Z</time>
      </trkpt>
      <trkpt lat="26.8914754" lon="75.8157821">
        <time>2024-02-15T06:16:04Z</time>
      </trkpt>
      <trkpt lat="26.8914278" lon="75.8158571">
        <time>2024-02-15T06:16:05Z</time>
      </trkpt>
      <trkpt lat="26.8913828" lon="75.8159314">
        <time>2024-02-15T06:16:06Z</time>
      </trkpt>
      <trkpt lat="26.8913456" lon="75.8159974">
        <time>2024-02-15T06:16:07Z</time>
      </trkpt>
      <trkpt lat="26.8913066" lon="75.8160643">
        <time>2024-02-15T06:16:08Z</time>
      </trkpt>
      <trkpt lat="26.8912611" lon="75.8161328">
        <time>2024-02-15T06:16:09Z</time>
      </trkpt>
      <trkpt lat="26.8912159" lon="75.8162023">
        <time>2024-02-15T06:16:10Z</time>
      </trkpt>
      <trkpt lat="26.8911648" lon="75.8162786">
        <time>2024-02-15T06:16:11Z</time>
      </trkpt>
      <trkpt lat="26.8911170" lon="75.8163520">
        <time>2024-02-15T06:16:12Z</time>
      </trkpt>
      <trkpt lat="26.8910624" lon="75.8164267">
        <time>2024-02-15T06:16:13Z</time>
      </trkpt>
      <trkpt lat="26.8910120" lon="75.8165036">
        <time>2024-02-15T06:16:14Z</time>
      </trkpt>
      <trkpt lat="26.8909667" lon="75.8165796">
        <time>2024-02-15T06:16:15Z</time>
      </trkpt>
      <trkpt lat="26.8909221" lon="75.8166597">
        <time>2024-02-15T06:16:16Z</time>
      </trkpt>
      <trkpt lat="26.8908927" lon="75.8167372">
        <time>2024-02-15T06:16:17Z</time>
      </trkpt>
      <trkpt lat="26.8908639" lon="75.8168197">
        <time>2024-02-15T06:16:18Z</time>
      </trkpt>
      <trkpt lat="26.8908336" lon="75.8169003">
        <time>2024-02-15T06:16:19Z</time>
      </trkpt>
      <trkpt lat="26.8908074" lon="75.8169847">
        <time>2024-02-15T06:16:20Z</time>
      </trkpt>
      <trkpt lat="26.8907814" lon="75.8170554">
        <time>2024-02-15T06:16:21Z</time>
      </trkpt>
      <trkpt lat="26.8907598" lon="75.8171332">
        <time>2024-02-15T06:16:22Z</time>
      </trkpt>
      <trkpt lat="26.8907342" lon="75.8172153">
        <time>2024-02-15T06:16:23Z</time>
      </trkpt>
      <trkpt lat="26.8907084" lon="75.8172948">
        <time>2024-02-15T06:16:24Z</time>
      </trkpt>
      <trkpt lat="26.8906827" lon="75.8173704">
        <time>2024-02-15T06:16:25Z</time>
      </trkpt>
      <trkpt lat="26.8906543" lon="75.8174410">
        <time>2024-02-15T06:16:26Z</time>
      </trkpt>
      <trkpt lat="26.8906286" lon="75.8175150">
        <time>2024-02-15T06:16:27Z</time>
      </trkpt>
      <trkpt lat="26.8906052" lon="75.8175923">
        <time>2024-02-15T06:16:28Z</time>
      </trkpt>
      <trkpt lat="26.8905776" lon="75.8176640">
        <time>2024-02-15T06:16:29Z</time>
      </trkpt>
      <trkpt lat="26.8905573" lon="75.8177283">
        <time>2024-02-15T06:16:30Z</time>
      </trkpt>
      <trkpt lat="26.8905381" lon="75.8177908">
        <time>2024-02-15T06:16:31Z</time>
      </trkpt>
      <trkpt lat="26.8905159" lon="75.8178535">
        <time>2024-02-15T06:16:32Z</time>
      </trkpt>
      <trkpt lat="26.8904970" lon="75.8179201">
        <time>2024-02-15T06:16:33Z</time>
      </trkpt>
      <trkpt lat="26.8904745" lon="75.8179827">
        <time>2024-02-15T06:16:34Z</time>
      </trkpt>
      <trkpt lat="26.8904538" lon="75.8180498">
        <time>2024-02-15T06:16:35Z</time>
      </trkpt>
      <trkpt lat="26.8904330" lon="75.8181153">
        <time>2024-02-15T06:16:36Z</time>
      </trkpt>
      <trkpt lat="26.8904056" lon="75.8181855">
        <time>2024-02-15T06:16:37Z</time>
      </trkpt>
      <trkpt lat="26.8903853" lon="75.8182567">
        <time>2024-02-15T06:16:38Z</time>
      </trkpt>
      <trkpt lat="26.8903539" lon="75.8183255">
        <time>2024-02-15T06:16:39Z</time>
      </trkpt>
      <trkpt lat="26.8903334" lon="75.8183900">
        <time>2024-02-15T06:16:40Z</time>
      </trkpt>
      <trkpt lat="26.8903281" lon="75.8184623">
        <time>2024-02-15T06:16:41Z</time>
      </trkpt>
      <trkpt lat="26.8903097" lon="75.8185281">
        <time>2024-02-15T06:16:42Z</time>
      </trkpt>
      <trkpt lat="26.8902891" lon="75.8185814">
        <time>2024-02-15T06:16:43Z</time>
      </trkpt>
      <trkpt lat="26.8902724" lon="75.8186249">
        <time>2024-02-15T06:16:44Z</time>
      </trkpt>
      <trkpt lat="26.8902694" lon="75.8186700">
        <time>2024-02-15T06:16:45Z</time>
      </trkpt>
      <trkpt lat="26.8902627" lon="75.8187345">
        <time>2024-02-15T06:16:46Z</time>
      </trkpt>
      <trkpt lat="26.8902536" lon="75.8187903">
        <time>2024-02-15T06:16:47Z</time>
      </trkpt>
      <trkpt lat="26.8902469" lon="75.8188674">
        <time>2024-02-15T06:16:48Z</time>
      </trkpt>
      <trkpt lat="26.8902283" lon="75.8189439">
        <time>2024-02-15T06:16:49Z</time>
      </trkpt>
      <trkpt lat="26.8902206" lon="75.8190210">
        <time>2024-02-15T06:16:50Z</time>
      </trkpt>
      <trkpt lat="26.8902129" lon="75.8190937">
        <time>2024-02-15T06:16:51Z</time>
      </trkpt>
      <trkpt lat="26.8902075" lon="75.8191668">
        <time>2024-02-15T06:16:52Z</time>
      </trkpt>
      <trkpt lat="26.8902125" lon="75.8192367">
        <time>2024-02-15T06:16:53Z</time>
      </trkpt>
      <trkpt lat="26.8902151" lon="75.8193046">
        <time>2024-02-15T06:16:54Z</time>
      </trkpt>
      <trkpt lat="26.8902061" lon="75.8193731">
        <time>2024-02-15T06:16:55Z</time>
      </trkpt>
      <trkpt lat="26.8901897" lon="75.8194498">
        <time>2024-02-15T06:16:56Z</time>
      </trkpt>
      <trkpt lat="26.8901689" lon="75.8195363">
        <time>2024-02-15T06:16:57Z</time>
      </trkpt>
      <trkpt lat="26.8901496" lon="75.8196207">
        <time>2024-02-15T06:16:58Z</time>
      </trkpt>
      <trkpt lat="26.8901192" lon="75.8197034">
        <time>2024-02-15T06:16:59Z</time>
      </trkpt>
      <trkpt lat="26.8900879" lon="75.8197849">
        <time>2024-02-15T06:17:00Z</time>
      </trkpt>
      <trkpt lat="26.8900546" lon="75.8198736">
        <time>2024-02-15T06:17:01Z</time>
      </trkpt>
      <trkpt lat="26.8900155" lon="75.8199645">
        <time>2024-02-15T06:17:02Z</time>
      </trkpt>
      <trkpt lat="26.8899772" lon="75.8200630">
        <time>2024-02-15T06:17:03Z</time>
      </trkpt>
      <trkpt lat="26.8899251" lon="75.8201656">
        <time>2024-02-15T06:17:04Z</time>
      </trkpt>
      <trkpt lat="26.8898767" lon="75.8202750">
        <time>2024-02-15T06:17:05Z</time>
      </trkpt>
      <trkpt lat="26.8898274" lon="75.8203948">
        <time>2024-02-15T06:17:06Z</time>
      </trkpt>
      <trkpt lat="26.8897763" lon="75.8205136">
        <time>2024-02-15T06:17:07Z</time>
      </trkpt>
      <trkpt lat="26.8897319" lon="75.8206318">
        <time>2024-02-15T06:17:08Z</time>
      </trkpt>
      <trkpt lat="26.8896865" lon="75.8207569">
        <time>2024-02-15T06:17:09Z</time>
      </trkpt>
      <trkpt lat="26.8896334" lon="75.8208773">
        <time>2024-02-15T06:17:10Z</time>
      </trkpt>
      <trkpt lat="26.8895835" lon="75.8209973">
        <time>2024-02-15T06:17:11Z</time>
      </trkpt>
      <trkpt lat="26.8895374" lon="75.8211096">
        <time>2024-02-15T06:17:12Z</time>
      </trkpt>
      <trkpt lat="26.8894878" lon="75.8212323">
        <time>2024-02-15T06:17:13Z</time>
      </trkpt>
      <trkpt lat="26.8894382" lon="75.8213486">
        <time>2024-02-15T06:17:14Z</time>
      </trkpt>
      <trkpt lat="26.8893922" lon="75.8214628">
        <time>2024-02-15T06:17:15Z</time>
      </trkpt>
      <trkpt lat="26.8893461" lon="75.8215732">
        <time>2024-02-15T06:17:16Z</time>
      </trkpt>
      <trkpt lat="26.8893008" lon="75.8216795">
        <time>2024-02-15T06:17:17Z</time>
      </trkpt>
      <trkpt lat="26.8892582" lon="75.8217831">
        <time>2024-02-15T06:17:18Z</time>
      </trkpt>
      <trkpt lat="26.8892123" lon="75.8218769">
        <time>2024-02-15T06:17:19Z</time>
      </trkpt>
      <trkpt lat="26.8891683" lon="75.8219729">
        <time>2024-02-15T06:17:20Z</time>
      </trkpt>
      <trkpt lat="26.8891244" lon="75.8220746">
        <time>2024-02-15T06:17:21Z</time>
      </trkpt>
      <trkpt lat="26.8890843" lon="75.8221785">
        <time>2024-02-15T06:17:22Z</time>
      </trkpt>
      <trkpt lat="26.8890468" lon="75.8222856">
        <time>2024-02-15T06:17:23Z</time>
      </trkpt>
      <trkpt lat="26.8890093" lon="75.8223923">
        <time>2024-02-15T06:17:24Z</time>
      </trkpt>
      <trkpt lat="26.8889722" lon="75.8225004">
        <time>2024-02-15T06:17:25Z</time>
      </trkpt>
      <trkpt lat="26.8889350" lon="75.8226056">
        <time>2024-02-15T06:17:26Z</time>
      </trkpt>
      <trkpt lat="26.8888963" lon="75.8227131">
        <time>2024-02-15T06:17:27Z</time>
      </trkpt>
      <trkpt lat="26.8888578" lon="75.8228192">
        <time>2024-02-15T06:17:28Z</time>
      </trkpt>
      <trkpt lat="26.8888156" lon="75.8229320">
        <time>2024-02-15T06:17:29Z</time>
      </trkpt>
      <trkpt lat="26.8887748" lon="75.8230389">
        <time>2024-02-15T06:17:30Z</time>
      </trkpt>
      <trkpt lat="26.8887332" lon="75.8231398">
        <time>2024-02-15T06:17:31Z</time>
      </trkpt>
      <trkpt lat="26.8886893" lon="75.8232465">
        <time>2024-02-15T06:17:32Z</time>
      </trkpt>
      <trkpt lat="26.8886451" lon="75.8233515">
        <time>2024-02-15T06:17:33Z</time>
      </trkpt>
      <trkpt lat="26.8885995" lon="75.8234594">
        <time>2024-02-15T06:17:34Z</time>
      </trkpt>
      <trkpt lat="26.8885519" lon="75.8235706">
        <time>2024-02-15T06:17:35Z</time>
      </trkpt>
      <trkpt lat="26.8885061" lon="75.8236814">
        <time>2024-02-15T06:17:36Z</time>
      </trkpt>
      <trkpt lat="26.8884552" lon="75.8238062">
        <time>2024-02-15T06:17:37Z</time>
      </trkpt>
      <trkpt lat="26.8884021" lon="75.8239304">
        <time>2024-02-15T06:17:38Z</time>
      </trkpt>
      <trkpt lat="26.8883483" lon="75.8240562">
        <time>2024-02-15T06:17:39Z</time>
      </trkpt>
      <trkpt lat="26.8882910" lon="75.8241874">
        <time>2024-02-15T06:17:40Z</time>
      </trkpt>
      <trkpt lat="26.8882306" lon="75.8243203">
        <time>2024-02-15T06:17:41Z</time>
      </trkpt>
      <trkpt lat="26.8881706" lon="75.8244591">
        <time>2024-02-15T06:17:42Z</time>
      </trkpt>
      <trkpt lat="26.8881100" lon="75.8246062">
        <time>2024-02-15T06:17:43Z</time>
      </trkpt>
      <trkpt lat="26.8880514" lon="75.8247534">
        <time>2024-02-15T06:17:44Z</time>
      </trkpt>
      <trkpt lat="26.8879927" lon="75.8249050">
        <time>2024-02-15T06:17:45Z</time>
      </trkpt>
      <trkpt lat="26.8879354" lon="75.8250537">
        <time>2024-02-15T06:17:46Z</time>
      </trkpt>
      <trkpt lat="26.8878774" lon="75.8252075">
        <time>2024-02-15T06:17:47Z</time>
      </trkpt>
      <trkpt lat="26.8878147" lon="75.8253590">
        <time>2024-02-15T06:17:48Z</time>
      </trkpt>
      <trkpt lat="26.8877494" lon="75.8255123">
        <time>2024-02-15T06:17:49Z</time>
      </trkpt>
      <trkpt lat="26.8876830" lon="75.8256656">
        <time>2024-02-15T06:17:50Z</time>
      </trkpt>
      <trkpt lat="26.8876185" lon="75.8258154">
        <time>2024-02-15T06:17:51Z</time>
      </trkpt>
      <trkpt lat="26.8875534" lon="75.8259656">
        <time>2024-02-15T06:17:52Z</time>
      </trkpt>
      <trkpt lat="26.8874890" lon="75.8261189">
        <time>2024-02-15T06:17:53Z</time>
      </trkpt>
      <trkpt lat="26.8874288" lon="75.8262627">
        <time>2024-02-15T06:17:54Z</time>
      </trkpt>
      <trkpt lat="26.8873720" lon="75.8264013">
        <time>2024-02-15T06:17:55Z</time>
      </trkpt>
      <trkpt lat="26.8873164" lon="75.8265364">
        <time>2024-02-15T06:17:56Z</time>
      </trkpt>
      <trkpt lat="26.8872605" lon="75.8266668">
        <time>2024-02-15T06:17:57Z</time>
      </trkpt>
      <trkpt lat="26.8872137" lon="75.8267829">
        <time>2024-02-15T06:17:58Z</time>
      </trkpt>
      <trkpt lat="26.8871726" lon="75.8268916">
        <time>2024-02-15T06:17:59Z</time>
      </trkpt>
      <trkpt lat="26.8871342" lon="75.8269876">
        <time>2024-02-15T06:18:00Z</time>
      </trkpt>
      <trkpt lat="26.8870992" lon="75.8270818">
        <time>2024-02-15T06:18:01Z</time>
      </trkpt>
      <trkpt lat="26.8870718" lon="75.8271571">
        <time>2024-02-15T06:18:02Z</time>
      </trkpt>
      <trkpt lat="26.8870511" lon="75.8272157">
        <time>2024-02-15T06:18:03Z</time>
      </trkpt>
      <trkpt lat="26.8870412" lon="75.8272727">
        <time>2024-02-15T06:18:04Z</time>
      </trkpt>
      <trkpt lat="26.8870514" lon="75.8273259">
        <time>2024-02-15T06:18:05Z</time>
      </trkpt>
      <trkpt lat="26.8870779" lon="75.8273720">
        <time>2024-02-15T06:18:06Z</time>
      </trkpt>
      <trkpt lat="26.8871145" lon="75.8274097">
        <time>2024-02-15T06:18:07Z</time>
      </trkpt>
      <trkpt lat="26.8871516" lon="75.8274446">
        <time>2024-02-15T06:18:08Z</time>
      </trkpt>
      <trkpt lat="26.8872003" lon="75.8274838">
        <time>2024-02-15T06:18:09Z</time>
      </trkpt>
      <trkpt lat="26.8872470" lon="75.8275247">
        <time>2024-02-15T06:18:10Z</time>
      </trkpt>
      <trkpt lat="26.8872933" lon="75.8275663">
        <time>2024-02-15T06:18:11Z</time>
      </trkpt>
      <trkpt lat="26.8873394" lon="75.8276068">
        <time>2024-02-15T06:18:12Z</time>
      </trkpt>
      <trkpt lat="26.8873830" lon="75.8276457">
        <time>2024-02-15T06:18:13Z</time>
      </trkpt>
      <trkpt lat="26.8874259" lon="75.8276830">
        <time>2024-02-15T06:18:14Z</time>
      </trkpt>
      <trkpt lat="26.8874712" lon="75.8277187">
        <time>2024-02-15T06:18:15Z</time>
      </trkpt>
      <trkpt lat="26.8875102" lon="75.8277586">
        <time>2024-02-15T06:18:16Z</time>
      </trkpt>
      <trkpt lat="26.8875478" lon="75.8277910">
        <time>2024-02-15T06:18:17Z</time>
      </trkpt>
      <trkpt lat="26.8875715" lon="75.8278106">
        <time>2024-02-15T06:18:18Z</time>
      </trkpt>
      <trkpt lat="26.8875838" lon="75.8278214">
        <time>2024-02-15T06:18:19Z</time>
      </trkpt>
      <trkpt lat="26.8875868" lon="75.8278246">
        <time>2024-02-15T06:18:20Z</time>
      </trkpt>
      <trkpt lat="26.8875868" lon="75.8278245">
        <time>2024-02-15T06:18:21Z</time>
      </trkpt>
      <trkpt lat="26.8875868" lon="75.8278245">
        <time>2024-02-15T06:18:22Z</time>
      </trkpt>
      <trkpt lat="26.8875868" lon="75.8278245">
        <time>2024-02-15T06:18:23Z</time>
      </trkpt>
      <trkpt lat="26.8875868" lon="75.8278245">
        <time>2024-02-15T06:18:24Z</time>
      </trkpt>
      <trkpt lat="26.8875868" lon="75.8278245">
        <time>2024-02-15T06:18:25Z</time>
      </trkpt>
      <trkpt lat="26.8875868" lon="75.8278245">
        <time>2024-02-15T06:18:26Z</time>
      </trkpt>
      <trkpt lat="26.8875868" lon="75.8278245">
        <time>2024-02-15T06:18:27Z</time>
      </trkpt>
      <trkpt lat="26.8875868" lon="75.8278245">
        <time>2024-02-15T06:18:28Z</time>
      </trkpt>
      <trkpt lat="26.8875868" lon="75.8278245">
        <time>2024-02-15T06:18:29Z</time>
      </trkpt>
      <trkpt lat="26.8875868" lon="75.8278245">
        <time>2024-02-15T06:18:30Z</time>
      </trkpt>
      <trkpt lat="26.8875868" lon="75.8278245">
        <time>2024-02-15T06:18:31Z</time>
      </trkpt>
      <trkpt lat="26.8875868" lon="75.8278245">
        <time>2024-02-15T06:18:32Z</time>
      </trkpt>
      <trkpt lat="26.8875868" lon="75.8278245">
        <time>2024-02-15T06:18:33Z</time>
      </trkpt>
      <trkpt lat="26.8875868" lon="75.8278245">
        <time>2024-02-15T06:18:34Z</time>
      </trkpt>
      <trkpt lat="26.8875868" lon="75.8278245">
        <time>2024-02-15T06:18:35Z</time>
      </trkpt>
      <trkpt lat="26.8875868" lon="75.8278245">
        <time>2024-02-15T06:18:36Z</time>
      </trkpt>
      <trkpt lat="26.8875868" lon="75.8278245">
        <time>2024-02-15T06:18:37Z</time>
      </trkpt>
      <trkpt lat="26.8875868" lon="75.8278245">
        <time>2024-02-15T06:18:38Z</time>
      </trkpt>
      <trkpt lat="26.8875868" lon="75.8278245">
        <time>2024-02-15T06:18:39Z</time>
      </trkpt>
      <trkpt lat="26.8875895" lon="75.8278322">
        <time>2024-02-15T06:18:40Z</time>
      </trkpt>
      <trkpt lat="26.8875979" lon="75.8278435">
        <time>2024-02-15T06:18:41Z</time>
      </trkpt>
      <trkpt lat="26.8876069" lon="75.8278658">
        <time>2024-02-15T06:18:42Z</time>
      </trkpt>
      <trkpt lat="26.8876210" lon="75.8278893">
        <time>2024-02-15T06:18:43Z</time>
      </trkpt>
      <trkpt lat="26.8876426" lon="75.8279188">
        <time>2024-02-15T06:18:44Z</time>
      </trkpt>
      <trkpt lat="26.8876655" lon="75.8279462">
        <time>2024-02-15T06:18:45Z</time>
      </trkpt>
      <trkpt lat="26.8876921" lon="75.8279747">
        <time>2024-02-15T06:18:46Z</time>
      </trkpt>
      <trkpt lat="26.8877222" lon="75.8280041">
        <time>2024-02-15T06:18:47Z</time>
      </trkpt>
      <trkpt lat="26.8877605" lon="75.8280428">
        <time>2024-02-15T06:18:48Z</time>
      </trkpt>
      <trkpt lat="26.8878104" lon="75.8280905">
        <time>2024-02-15T06:18:49Z</time>
      </trkpt>
      <trkpt lat="26.8878579" lon="75.8281421">
        <time>2024-02-15T06:18:50Z</time>
      </trkpt>
      <trkpt lat="26.8879081" lon="75.8281944">
        <time>2024-02-15T06:18:51Z</time>
      </trkpt>
      <trkpt lat="26.8879542" lon="75.8282402">
        <time>2024-02-15T06:18:52Z</time>
      </trkpt>
      <trkpt lat="26.8880003" lon="75.8282873">
        <time>2024-02-15T06:18:53Z</time>
      </trkpt>
      <trkpt lat="26.8880483" lon="75.8283374">
        <time>2024-02-15T06:18:54Z</time>
      </trkpt>
      <trkpt lat="26.8881024" lon="75.8283924">
        <time>2024-02-15T06:18:55Z</time>
      </trkpt>
      <trkpt lat="26.8881588" lon="75.8284501">
        <time>2024-02-15T06:18:56Z</time>
      </trkpt>
      <trkpt lat="26.8882243" lon="75.8285157">
        <time>2024-02-15T06:18:57Z</time>
      </trkpt>
      <trkpt lat="26.8882915" lon="75.8285828">
        <time>2024-02-15T06:18:58Z</time>
      </trkpt>
      <trkpt lat="26.8883564" lon="75.8286476">
        <time>2024-02-15T06:18:59Z</time>
      </trkpt>
      <trkpt lat="26.8884255" lon="75.8287187">
        <time>2024-02-15T06:19:00Z</time>
      </trkpt>
      <trkpt lat="26.8884904" lon="75.8287864">
        <time>2024-02-15T06:19:01Z</time>
      </trkpt>
      <trkpt lat="26.8885541" lon="75.8288535">
        <time>2024-02-15T06:19:02Z</time>
      </trkpt>
      <trkpt lat="26.8886173" lon="75.8289204">
        <time>2024-02-15T06:19:03Z</time>
      </trkpt>
      <trkpt lat="26.8886814" lon="75.8289861">
        <time>2024-02-15T06:19:04Z</time>
      </trkpt>
      <trkpt lat="26.8887510" lon="75.8290550">
        <time>2024-02-15T06:19:05Z</time>
      </trkpt>
      <trkpt lat="26.8888209" lon="75.8291218">
        <time>2024-02-15T06:19:06Z</time>
      </trkpt>
      <trkpt lat="26.8888908" lon="75.8291907">
        <time>2024-02-15T06:19:07Z</time>
      </trkpt>
      <trkpt lat="26.8889619" lon="75.8292581">
        <time>2024-02-15T06:19:08Z</time>
      </trkpt>
      <trkpt lat="26.8890337" lon="75.8293270">
        <time>2024-02-15T06:19:09Z</time>
      </trkpt>
      <trkpt lat="26.8891067" lon="75.8294032">
        <time>2024-02-15T06:19:10Z</time>
      </trkpt>
      <trkpt lat="26.8891835" lon="75.8294812">
        <time>2024-02-15T06:19:11Z</time>
      </trkpt>
      <trkpt lat="26.8892618" lon="75.8295605">
        <time>2024-02-15T06:19:12Z</time>
      </trkpt>
      <trkpt lat="26.8893475" lon="75.8296470">
        <time>2024-02-15T06:19:13Z</time>
      </trkpt>
      <trkpt lat="26.8894331" lon="75.8297322">
        <time>2024-02-15T06:19:14Z</time>
      </trkpt>
      <trkpt lat="26.8895123" lon="75.8298103">
        <time>2024-02-15T06:19:15Z</time>
      </trkpt>
      <trkpt lat="26.8895896" lon="75.8298882">
        <time>2024-02-15T06:19:16Z</time>
      </trkpt>
      <trkpt lat="26.8896693" lon="75.8299682">
        <time>2024-02-15T06:19:17Z</time>
      </trkpt>
      <trkpt lat="26.8897488" lon="75.8300488">
        <time>2024-02-15T06:19:18Z</time>
      </trkpt>
      <trkpt lat="26.8898275" lon="75.8301271">
        <time>2024-02-15T06:19:19Z</time>
      </trkpt>
      <trkpt lat="26.8898996" lon="75.8302022">
        <time>2024-02-15T06:19:20Z</time>
      </trkpt>
      <trkpt lat="26.8899616" lon="75.8302703">
        <time>2024-02-15T06:19:21Z</time>
      </trkpt>
      <trkpt lat="26.8900137" lon="75.8303267">
        <time>2024-02-15T06:19:22Z</time>
      </trkpt>
      <trkpt lat="26.8900522" lon="75.8303655">
        <time>2024-02-15T06:19:23Z</time>
      </trkpt>
      <trkpt lat="26.8900780" lon="75.8303885">
        <time>2024-02-15T06:19:24Z</time>
      </trkpt>
      <trkpt lat="26.8900928" lon="75.8304049">
        <time>2024-02-15T06:19:25Z</time>
      </trkpt>
      <trkpt lat="26.8901034" lon="75.8304146">
        <time>2024-02-15T06:19:26Z</time>
      </trkpt>
      <trkpt lat="26.8901140" lon="75.8304248">
        <time>2024-02-15T06:19:27Z</time>
      </trkpt>
      <trkpt lat="26.8901272" lon="75.8304345">
        <time>2024-02-15T06:19:28Z</time>
      </trkpt>
      <trkpt lat="26.8901420" lon="75.8304511">
        <time>2024-02-15T06:19:29Z</time>
      </trkpt>
      <trkpt lat="26.8901559" lon="75.8304658">
        <time>2024-02-15T06:19:30Z</time>
      </trkpt>
      <trkpt lat="26.8901680" lon="75.8304792">
        <time>2024-02-15T06:19:31Z</time>
      </trkpt>
      <trkpt lat="26.8901891" lon="75.8305031">
        <time>2024-02-15T06:19:32Z</time>
      </trkpt>
      <trkpt lat="26.8902100" lon="75.8305249">
        <time>2024-02-15T06:19:33Z</time>
      </trkpt>
      <trkpt lat="26.8902314" lon="75.8305489">
        <time>2024-02-15T06:19:34Z</time>
      </trkpt>
      <trkpt lat="26.8902556" lon="75.8305746">
        <time>2024-02-15T06:19:35Z</time>
      </trkpt>
      <trkpt lat="26.8902838" lon="75.8306045">
        <time>2024-02-15T06:19:36Z</time>
      </trkpt>
      <trkpt lat="26.8903193" lon="75.8306407">
        <time>2024-02-15T06:19:37Z</time>
      </trkpt>
      <trkpt lat="26.8903585" lon="75.8306785">
        <time>2024-02-15T06:19:38Z</time>
      </trkpt>
      <trkpt lat="26.8903975" lon="75.8307200">
        <time>2024-02-15T06:19:39Z</time>
      </trkpt>
      <trkpt lat="26.8904445" lon="75.8307668">
        <time>2024-02-15T06:19:40Z</time>
      </trkpt>
      <trkpt lat="26.8904936" lon="75.8308164">
        <time>2024-02-15T06:19:41Z</time>
      </trkpt>
      <trkpt lat="26.8905435" lon="75.8308673">
        <time>2024-02-15T06:19:42Z</time>
      </trkpt>
      <trkpt lat="26.8905877" lon="75.8309171">
        <time>2024-02-15T06:19:43Z</time>
      </trkpt>
      <trkpt lat="26.8906338" lon="75.8309655">
        <time>2024-02-15T06:19:44Z</time>
      </trkpt>
      <trkpt lat="26.8906825" lon="75.8310131">
        <time>2024-02-15T06:19:45Z</time>
      </trkpt>
      <trkpt lat="26.8907301" lon="75.8310604">
        <time>2024-02-15T06:19:46Z</time>
      </trkpt>
      <trkpt lat="26.8907772" lon="75.8311081">
        <time>2024-02-15T06:19:47Z</time>
      </trkpt>
      <trkpt lat="26.8908278" lon="75.8311598">
        <time>2024-02-15T06:19:48Z</time>
      </trkpt>
      <trkpt lat="26.8908788" lon="75.8312123">
        <time>2024-02-15T06:19:49Z</time>
      </trkpt>
      <trkpt lat="26.8909315" lon="75.8312679">
        <time>2024-02-15T06:19:50Z</time>
      </trkpt>
      <trkpt lat="26.8909865" lon="75.8313244">
        <time>2024-02-15T06:19:51Z</time>
      </trkpt>
      <trkpt lat="26.8910410" lon="75.8313799">
        <time>2024-02-15T06:19:52Z</time>
      </trkpt>
      <trkpt lat="26.8910981" lon="75.8314369">
        <time>2024-02-15T06:19:53Z</time>
      </trkpt>
      <trkpt lat="26.8911550" lon="75.8314918">
        <time>2024-02-15T06:19:54Z</time>
      </trkpt>
      <trkpt lat="26.8912082" lon="75.8315428">
        <time>2024-02-15T06:19:55Z</time>
      </trkpt>
      <trkpt lat="26.8912616" lon="75.8315946">
        <time>2024-02-15T06:19:56Z</time>
      </trkpt>
      <trkpt lat="26.8913106" lon="75.8316458">
        <time>2024-02-15T06:19:57Z</time>
      </trkpt>
      <trkpt lat="26.8913578" lon="75.8316976">
        <time>2024-02-15T06:19:58Z</time>
      </trkpt>
      <trkpt lat="26.8914074" lon="75.8317464">
        <time>2024-02-15T06:19:59Z</time>
      </trkpt>
      <trkpt lat="26.8914593" lon="75.8317938">
        <time>2024-02-15T06:20:00Z</time>
      </trkpt>
      <trkpt lat="26.8915100" lon="75.8318410">
        <time>2024-02-15T06:20:01Z</time>
      </trkpt>
      <trkpt lat="26.8915517" lon="75.8318821">
        <time>2024-02-15T06:20:02Z</time>
      </trkpt>
      <trkpt lat="26.8915887" lon="75.8319198">
        <time>2024-02-15T06:20:03Z</time>
      </trkpt>
      <trkpt lat="26.8916238" lon="75.8319524">
        <time>2024-02-15T06:20:04Z</time>
      </trkpt>
      <trkpt lat="26.8916583" lon="75.8319849">
        <time>2024-02-15T06:20:05Z</time>
      </trkpt>
      <trkpt lat="26.8916922" lon="75.8320167">
        <time>2024-02-15T06:20:06Z</time>
      </trkpt>
      <trkpt lat="26.8917279" lon="75.8320501">
        <time>2024-02-15T06:20:07Z</time>
      </trkpt>
      <trkpt lat="26.8917680" lon="75.8320893">
        <time>2024-02-15T06:20:08Z</time>
      </trkpt>
      <trkpt lat="26.8918121" lon="75.8321341">
        <time>2024-02-15T06:20:09Z</time>
      </trkpt>
      <trkpt lat="26.8918559" lon="75.8321774">
        <time>2024-02-15T06:20:10Z</time>
      </trkpt>
      <trkpt lat="26.8918963" lon="75.8322206">
        <time>2024-02-15T06:20:11Z</time>
      </trkpt>
      <trkpt lat="26.8919285" lon="75.8322606">
        <time>2024-02-15T06:20:12Z</time>
      </trkpt>
      <trkpt lat="26.8919539" lon="75.8322939">
        <time>2024-02-15T06:20:13Z</time>
      </trkpt>
      <trkpt lat="26.8919847" lon="75.8323391">
        <time>2024-02-15T06:20:14Z</time>
      </trkpt>
      <trkpt lat="26.8920282" lon="75.8323894">
        <time>2024-02-15T06:20:15Z</time>
      </trkpt>
      <trkpt lat="26.8920815" lon="75.8324426">
        <time>2024-02-15T06:20:16Z</time>
      </trkpt>
      <trkpt lat="26.8921411" lon="75.8324932">
        <time>2024-02-15T06:20:17Z</time>
      </trkpt>
      <trkpt lat="26.8921969" lon="75.8325409">
        <time>2024-02-15T06:20:18Z</time>
      </trkpt>
      <trkpt lat="26.8922466" lon="75.8325868">
        <time>2024-02-15T06:20:19Z</time>
      </trkpt>
      <trkpt lat="26.8922962" lon="75.8326346">
        <time>2024-02-15T06:20:20Z</time>
      </trkpt>
      <trkpt lat="26.8923347" lon="75.8326725">
        <time>2024-02-15T06:20:21Z</time>
      </trkpt>
      <trkpt lat="26.8923663" lon="75.8327041">
        <time>2024-02-15T06:20:22Z</time>
      </trkpt>
      <trkpt lat="26.8923905" lon="75.8327277">
        <time>2024-02-15T06:20:23Z</time>
      </trkpt>
      <trkpt lat="26.8924123" lon="75.8327481">
        <time>2024-02-15T06:20:24Z</time>
      </trkpt>
      <trkpt lat="26.8924316" lon="75.8327661">
        <time>2024-02-15T06:20:25Z</time>
      </trkpt>
      <trkpt lat="26.8924416" lon="75.8327755">
        <time>2024-02-15T06:20:26Z</time>
      </trkpt>
      <trkpt lat="26.8924473" lon="75.8327805">
        <time>2024-02-15T06:20:27Z</time>
      </trkpt>
      <trkpt lat="26.8924517" lon="75.8327841">
        <time>2024-02-15T06:20:28Z</time>
      </trkpt>
      <trkpt lat="26.8924566" lon="75.8327895">
        <time>2024-02-15T06:20:29Z</time>
      </trkpt>
      <trkpt lat="26.8924669" lon="75.8327986">
        <time>2024-02-15T06:20:30Z</time>
      </trkpt>
      <trkpt lat="26.8924786" lon="75.8328094">
        <time>2024-02-15T06:20:31Z</time>
      </trkpt>
      <trkpt lat="26.8924878" lon="75.8328191">
        <time>2024-02-15T06:20:32Z</time>
      </trkpt>
      <trkpt lat="26.8925002" lon="75.8328279">
        <time>2024-02-15T06:20:33Z</time>
      </trkpt>
      <trkpt lat="26.8925147" lon="75.8328422">
        <time>2024-02-15T06:20:34Z</time>
      </trkpt>
      <trkpt lat="26.8925383" lon="75.8328625">
        <time>2024-02-15T06:20:35Z</time>
      </trkpt>
      <trkpt lat="26.8925652" lon="75.8328857">
        <time>2024-02-15T06:20:36Z</time>
      </trkpt>
      <trkpt lat="26.8925939" lon="75.8329146">
        <time>2024-02-15T06:20:37Z</time>
      </trkpt>
      <trkpt lat="26.8926295" lon="75.8329522">
        <time>2024-02-15T06:20:38Z</time>
      </trkpt>
      <trkpt lat="26.8926703" lon="75.8330010">
        <time>2024-02-15T06:20:39Z</time>
      </trkpt>
      <trkpt lat="26.8927162" lon="75.8330508">
        <time>2024-02-15T06:20:40Z</time>
      </trkpt>
      <trkpt lat="26.8927633" lon="75.8331018">
        <time>2024-02-15T06:20:41Z</time>
      </trkpt>
      <trkpt lat="26.8928161" lon="75.8331540">
        <time>2024-02-15T06:20:42Z</time>
      </trkpt>
      <trkpt lat="26.8928763" lon="75.8332097">
        <time>2024-02-15T06:20:43Z</time>
      </trkpt>
      <trkpt lat="26.8929422" lon="75.8332737">
        <time>2024-02-15T06:20:44Z</time>
      </trkpt>
      <trkpt lat="26.8930098" lon="75.8333391">
        <time>2024-02-15T06:20:45Z</time>
      </trkpt>
      <trkpt lat="26.8930768" lon="75.8334059">
        <time>2024-02-15T06:20:46Z</time>
      </trkpt>
      <trkpt lat="26.8931428" lon="75.8334715">
        <time>2024-02-15T06:20:47Z</time>
      </trkpt>
      <trkpt lat="26.8932065" lon="75.8335342">
        <time>2024-02-15T06:20:48Z</time>
      </trkpt>
      <trkpt lat="26.8932726" lon="75.8335975">
        <time>2024-02-15T06:20:49Z</time>
      </trkpt>
      <trkpt lat="26.8933360" lon="75.8336593">
        <time>2024-02-15T06:20:50Z</time>
      </trkpt>
      <trkpt lat="26.8933955" lon="75.8337195">
        <time>2024-02-15T06:20:51Z</time>
      </trkpt>
      <trkpt lat="26.8934573" lon="75.8337855">
        <time>2024-02-15T06:20:52Z</time>
      </trkpt>
      <trkpt lat="26.8935166" lon="75.8338494">
        <time>2024-02-15T06:20:53Z</time>
      </trkpt>
      <trkpt lat="26.8935697" lon="75.8339030">
        <time>2024-02-15T06:20:54Z</time>
      </trkpt>
      <trkpt lat="26.8936148" lon="75.8339487">
        <time>2024-02-15T06:20:55Z</time>
      </trkpt>
      <trkpt lat="26.8936590" lon="75.8339976">
        <time>2024-02-15T06:20:56Z</time>
      </trkpt>
      <trkpt lat="26.8937083" lon="75.8340548">
        <time>2024-02-15T06:20:57Z</time>
      </trkpt>
      <trkpt lat="26.8937668" lon="75.8341146">
        <time>2024-02-15T06:20:58Z</time>
      </trkpt>
      <trkpt lat="26.8938317" lon="75.8341738">
        <time>2024-02-15T06:20:59Z</time>
      </trkpt>
      <trkpt lat="26.8939068" lon="75.8342395">
        <time>2024-02-15T06:21:00Z</time>
      </trkpt>
      <trkpt lat="26.8939801" lon="75.8343059">
        <time>2024-02-15T06:21:01Z</time>
      </trkpt>
      <trkpt lat="26.8940567" lon="75.8343761">
        <time>2024-02-15T06:21:02Z</time>
      </trkpt>
      <trkpt lat="26.8941317" lon="75.8344493">
        <time>2024-02-15T06:21:03Z</time>
      </trkpt>
      <trkpt lat="26.8942080" lon="75.8345294">
        <time>2024-02-15T06:21:04Z</time>
      </trkpt>
      <trkpt lat="26.8942923" lon="75.8346156">
        <time>2024-02-15T06:21:05Z</time>
      </trkpt>
      <trkpt lat="26.8943769" lon="75.8347036">
        <time>2024-02-15T06:21:06Z</time>
      </trkpt>
      <trkpt lat="26.8944642" lon="75.8347937">
        <time>2024-02-15T06:21:07Z</time>
      </trkpt>
      <trkpt lat="26.8945521" lon="75.8348835">
        <time>2024-02-15T06:21:08Z</time>
      </trkpt>
      <trkpt lat="26.8946382" lon="75.8349676">
        <time>2024-02-15T06:21:09Z</time>
      </trkpt>
      <trkpt lat="26.8947027" lon="75.8350313">
        <time>2024-02-15T06:21:10Z</time>
      </trkpt>
      <trkpt lat="26.8947569" lon="75.8350873">
        <time>2024-02-15T06:21:11Z</time>
      </trkpt>
      <trkpt lat="26.8948111" lon="75.8351456">
        <time>2024-02-15T06:21:12Z</time>
      </trkpt>
      <trkpt lat="26.8948718" lon="75.8352072">
        <time>2024-02-15T06:21:13Z</time>
      </trkpt>
      <trkpt lat="26.8949343" lon="75.8352722">
        <time>2024-02-15T06:21:14Z</time>
      </trkpt>
      <trkpt lat="26.8950003" lon="75.8353353">
        <time>2024-02-15T06:21:15Z</time>
      </trkpt>
      <trkpt lat="26.8950717" lon="75.8354053">
        <time>2024-02-15T06:21:16Z</time>
      </trkpt>
      <trkpt lat="26.8951409" lon="75.8354770">
        <time>2024-02-15T06:21:17Z</time>
      </trkpt>
      <trkpt lat="26.8952076" lon="75.8355477">
        <time>2024-02-15T06:21:18Z</time>
      </trkpt>
      <trkpt lat="26.8952739" lon="75.8356186">
        <time>2024-02-15T06:21:19Z</time>
      </trkpt>
      <trkpt lat="26.8953417" lon="75.8356890">
        <time>2024-02-15T06:21:20Z</time>
      </trkpt>
      <trkpt lat="26.8954071" lon="75.8357522">
        <time>2024-02-15T06:21:21Z</time>
      </trkpt>
      <trkpt lat="26.8954724" lon="75.8358088">
        <time>2024-02-15T06:21:22Z</time>
      </trkpt>
      <trkpt lat="26.8955332" lon="75.8358688">
        <time>2024-02-15T06:21:23Z</time>
      </trkpt>
      <trkpt lat="26.8955973" lon="75.8359394">
        <time>2024-02-15T06:21:24Z</time>
      </trkpt>
      <trkpt lat="26.8956595" lon="75.8360080">
        <time>2024-02-15T06:21:25Z</time>
      </trkpt>
      <trkpt lat="26.8957201" lon="75.8360735">
        <time>2024-02-15T06:21:26Z</time>
      </trkpt>
      <trkpt lat="26.8957771" lon="75.8361322">
        <time>2024-02-15T06:21:27Z</time>
      </trkpt>
      <trkpt lat="26.8958314" lon="75.8361850">
        <time>2024-02-15T06:21:28Z</time>
      </trkpt>
      <trkpt lat="26.8958823" lon="75.8362349">
        <time>2024-02-15T06:21:29Z</time>
      </trkpt>
      <trkpt lat="26.8959202" lon="75.8362673">
        <time>2024-02-15T06:21:30Z</time>
      </trkpt>
      <trkpt lat="26.8959389" lon="75.8362859">
        <time>2024-02-15T06:21:31Z</time>
      </trkpt>
      <trkpt lat="26.8959488" lon="75.8362941">
        <time>2024-02-15T06:21:32Z</time>
      </trkpt>
      <trkpt lat="26.8959561" lon="75.8362994">
        <time>2024-02-15T06:21:33Z</time>
      </trkpt>
      <trkpt lat="26.8959622" lon="75.8363042">
        <time>2024-02-15T06:21:34Z</time>
      </trkpt>
      <trkpt lat="26.8959679" lon="75.8363089">
        <time>2024-02-15T06:21:35Z</time>
      </trkpt>
      <trkpt lat="26.8959753" lon="75.8363159">
        <time>2024-02-15T06:21:36Z</time>
      </trkpt>
      <trkpt lat="26.8959841" lon="75.8363213">
        <time>2024-02-15T06:21:37Z</time>
      </trkpt>
      <trkpt lat="26.8959987" lon="75.8363340">
        <time>2024-02-15T06:21:38Z</time>
      </trkpt>
      <trkpt lat="26.8960216" lon="75.8363524">
        <time>2024-02-15T06:21:39Z</time>
      </trkpt>
      <trkpt lat="26.8960449" lon="75.8363755">
        <time>2024-02-15T06:21:40Z</time>
      </trkpt>
      <trkpt lat="26.8960703" lon="75.8364015">
        <time>2024-02-15T06:21:41Z</time>
      </trkpt>
      <trkpt lat="26.8960952" lon="75.8364258">
        <time>2024-02-15T06:21:42Z</time>
      </trkpt>
      <trkpt lat="26.8961167" lon="75.8364474">
        <time>2024-02-15T06:21:43Z</time>
      </trkpt>
      <trkpt lat="26.8961366" lon="75.8364690">
        <time>2024-02-15T06:21:44Z</time>
      </trkpt>
      <trkpt lat="26.8961577" lon="75.8364906">
        <time>2024-02-15T06:21:45Z</time>
      </trkpt>
      <trkpt lat="26.8961756" lon="75.8365068">
        <time>2024-02-15T06:21:46Z</time>
      </trkpt>
      <trkpt lat="26.8961944" lon="75.8365258">
        <time>2024-02-15T06:21:47Z</time>
      </trkpt>
      <trkpt lat="26.8962135" lon="75.8365457">
        <time>2024-02-15T06:21:48Z</time>
      </trkpt>
      <trkpt lat="26.8962320" lon="75.8365683">
        <time>2024-02-15T06:21:49Z</time>
      </trkpt>
      <trkpt lat="26.8962559" lon="75.8365959">
        <time>2024-02-15T06:21:50Z</time>
      </trkpt>
      <trkpt lat="26.8962818" lon="75.8366215">
        <time>2024-02-15T06:21:51Z</time>
      </trkpt>
      <trkpt lat="26.8963104" lon="75.8366469">
        <time>2024-02-15T06:21:52Z</time>
      </trkpt>
      <trkpt lat="26.8963440" lon="75.8366753">
        <time>2024-02-15T06:21:53Z</time>
      </trkpt>
      <trkpt lat="26.8963801" lon="75.8367059">
        <time>2024-02-15T06:21:54Z</time>
      </trkpt>
      <trkpt lat="26.8964196" lon="75.8367418">
        <time>2024-02-15T06:21:55Z</time>
      </trkpt>
      <trkpt lat="26.8964593" lon="75.8367793">
        <time>2024-02-15T06:21:56Z</time>
      </trkpt>
      <trkpt lat="26.8964941" lon="75.8368132">
        <time>2024-02-15T06:21:57Z</time>
      </trkpt>
      <trkpt lat="26.8965285" lon="75.8368453">
        <time>2024-02-15T06:21:58Z</time>
      </trkpt>
      <trkpt lat="26.8965563" lon="75.8368726">
        <time>2024-02-15T06:21:59Z</time>
      </trkpt>
      <trkpt lat="26.8965853" lon="75.8369002">
        <time>2024-02-15T06:22:00Z</time>
      </trkpt>
      <trkpt lat="26.8966130" lon="75.8369291">
        <time>2024-02-15T06:22:01Z</time>
      </trkpt>
      <trkpt lat="26.8966385" lon="75.8369570">
        <time>2024-02-15T06:22:02Z</time>
      </trkpt>
      <trkpt lat="26.8966656" lon="75.8369823">
        <time>2024-02-15T06:22:03Z</time>
      </trkpt>
      <trkpt lat="26.8966969" lon="75.8370113">
        <time>2024-02-15T06:22:04Z</time>
      </trkpt>
      <trkpt lat="26.8967250" lon="75.8370390">
        <time>2024-02-15T06:22:05Z</time>
      </trkpt>
      <trkpt lat="26.8967561" lon="75.8370711">
        <time>2024-02-15T06:22:06Z</time>
      </trkpt>
      <trkpt lat="26.8967892" lon="75.8371068">
        <time>2024-02-15T06:22:07Z</time>
      </trkpt>
      <trkpt lat="26.8968243" lon="75.8371408">
        <time>2024-02-15T06:22:08Z</time>
      </trkpt>
      <trkpt lat="26.8968605" lon="75.8371771">
        <time>2024-02-15T06:22:09Z</time>
      </trkpt>
      <trkpt lat="26.8968985" lon="75.8372141">
        <time>2024-02-15T06:22:10Z</time>
      </trkpt>
      <trkpt lat="26.8969312" lon="75.8372448">
        <time>2024-02-15T06:22:11Z</time>
      </trkpt>
      <trkpt lat="26.8969557" lon="75.8372702">
        <time>2024-02-15T06:22:12Z</time>
      </trkpt>
      <trkpt lat="26.8969764" lon="75.8372915">
        <time>2024-02-15T06:22:13Z</time>
      </trkpt>
      <trkpt lat="26.8969933" lon="75.8373101">
        <time>2024-02-15T06:22:14Z</time>
      </trkpt>
      <trkpt lat="26.8970088" lon="75.8373293">
        <time>2024-02-15T06:22:15Z</time>
      </trkpt>
      <trkpt lat="26.8970323" lon="75.8373548">
        <time>2024-02-15T06:22:16Z</time>
      </trkpt>
      <trkpt lat="26.8970609" lon="75.8373862">
        <time>2024-02-15T06:22:17Z</time>
      </trkpt>
      <trkpt lat="26.8970884" lon="75.8374144">
        <time>2024-02-15T06:22:18Z</time>
      </trkpt>
      <trkpt lat="26.8971184" lon="75.8374448">
        <time>2024-02-15T06:22:19Z</time>
      </trkpt>
      <trkpt lat="26.8971571" lon="75.8374832">
        <time>2024-02-15T06:22:20Z</time>
      </trkpt>
      <trkpt lat="26.8972033" lon="75.8375295">
        <time>2024-02-15T06:22:21Z</time>
      </trkpt>
      <trkpt lat="26.8972532" lon="75.8375779">
        <time>2024-02-15T06:22:22Z</time>
      </trkpt>
      <trkpt lat="26.8972996" lon="75.8376259">
        <time>2024-02-15T06:22:23Z</time>
      </trkpt>
      <trkpt lat="26.8973475" lon="75.8376742">
        <time>2024-02-15T06:22:24Z</time>
      </trkpt>
      <trkpt lat="26.8973990" lon="75.8377280">
        <time>2024-02-15T06:22:25Z</time>
      </trkpt>
      <trkpt lat="26.8974477" lon="75.8377770">
        <time>2024-02-15T06:22:26Z</time>
      </trkpt>
      <trkpt lat="26.8974970" lon="75.8378248">
        <time>2024-02-15T06:22:27Z</time>
      </trkpt>
      <trkpt lat="26.8975499" lon="75.8378693">
        <time>2024-02-15T06:22:28Z</time>
      </trkpt>
      <trkpt lat="26.8975990" lon="75.8379112">
        <time>2024-02-15T06:22:29Z</time>
      </trkpt>
      <trkpt lat="26.8976441" lon="75.8379515">
        <time>2024-02-15T06:22:30Z</time>
      </trkpt>
      <trkpt lat="26.8976867" lon="75.8379902">
        <time>2024-02-15T06:22:31Z</time>
      </trkpt>
      <trkpt lat="26.8977270" lon="75.8380329">
        <time>2024-02-15T06:22:32Z</time>
      </trkpt>
      <trkpt lat="26.8977670" lon="75.8380770">
        <time>2024-02-15T06:22:33Z</time>
      </trkpt>
      <trkpt lat="26.8978067" lon="75.8381167">
        <time>2024-02-15T06:22:34Z</time>
      </trkpt>
      <trkpt lat="26.8978455" lon="75.8381568">
        <time>2024-02-15T06:22:35Z</time>
      </trkpt>
      <trkpt lat="26.8978879" lon="75.8381966">
        <time>2024-02-15T06:22:36Z</time>
      </trkpt>
      <trkpt lat="26.8979257" lon="75.8382312">
        <time>2024-02-15T06:22:37Z</time>
      </trkpt>
      <trkpt lat="26.8979537" lon="75.8382566">
        <time>2024-02-15T06:22:38Z</time>
      </trkpt>
      <trkpt lat="26.8979690" lon="75.8382730">
        <time>2024-02-15T06:22:39Z</time>
      </trkpt>
      <trkpt lat="26.8979817" lon="75.8382843">
        <time>2024-02-15T06:22:40Z</time>
      </trkpt>
      <trkpt lat="26.8979955" lon="75.8382968">
        <time>2024-02-15T06:22:41Z</time>
      </trkpt>
      <trkpt lat="26.8980096" lon="75.8383117">
        <time>2024-02-15T06:22:42Z</time>
      </trkpt>
      <trkpt lat="26.8980301" lon="75.8383316">
        <time>2024-02-15T06:22:43Z</time>
      </trkpt>
      <trkpt lat="26.8980553" lon="75.8383561">
        <time>2024-02-15T06:22:44Z</time>
      </trkpt>
      <trkpt lat="26.8980751" lon="75.8383799">
        <time>2024-02-15T06:22:45Z</time>
      </trkpt>
      <trkpt lat="26.8980904" lon="75.8384112">
        <time>2024-02-15T06:22:46Z</time>
      </trkpt>
      <trkpt lat="26.8980981" lon="75.8384411">
        <time>2024-02-15T06:22:47Z</time>
      </trkpt>
      <trkpt lat="26.8980900" lon="75.8384775">
        <time>2024-02-15T06:22:48Z</time>
      </trkpt>
      <trkpt lat="26.8980668" lon="75.8385190">
        <time>2024-02-15T06:22:49Z</time>
      </trkpt>
      <trkpt lat="26.8980373" lon="75.8385658">
        <time>2024-02-15T06:22:50Z</time>
      </trkpt>
      <trkpt lat="26.8979992" lon="75.8386141">
        <time>2024-02-15T06:22:51Z</time>
      </trkpt>
      <trkpt lat="26.8979530" lon="75.8386676">
        <time>2024-02-15T06:22:52Z</time>
      </trkpt>
      <trkpt lat="26.8979100" lon="75.8387163">
        <time>2024-02-15T06:22:53Z</time>
      </trkpt>
      <trkpt lat="26.8978665" lon="75.8387629">
        <time>2024-02-15T06:22:54Z</time>
      </trkpt>
      <trkpt lat="26.8978280" lon="75.8388020">
        <time>2024-02-15T06:22:55Z</time>
      </trkpt>
      <trkpt lat="26.8977999" lon="75.8388325">
        <time>2024-02-15T06:22:56Z</time>
      </trkpt>
      <trkpt lat="26.8977773" lon="75.8388567">
        <time>2024-02-15T06:22:57Z</time>
      </trkpt>
      <trkpt lat="26.8977566" lon="75.8388795">
        <time>2024-02-15T06:22:58Z</time>
      </trkpt>
      <trkpt lat="26.8977384" lon="75.8389017">
        <time>2024-02-15T06:22:59Z</time>
      </trkpt>
      <trkpt lat="26.8977216" lon="75.8389239">
        <time>2024-02-15T06:23:00Z</time>
      </trkpt>
      <trkpt lat="26.8977075" lon="75.8389488">
        <time>2024-02-15T06:23:01Z</time>
      </trkpt>
      <trkpt lat="26.8976902" lon="75.8389721">
        <time>2024-02-15T06:23:02Z</time>
      </trkpt>
      <trkpt lat="26.8976649" lon="75.8389992">
        <time>2024-02-15T06:23:03Z</time>
      </trkpt>
      <trkpt lat="26.8976380" lon="75.8390267">
        <time>2024-02-15T06:23:04Z</time>
      </trkpt>
      <trkpt lat="26.8976042" lon="75.8390584">
        <time>2024-02-15T06:23:05Z</time>
      </trkpt>
      <trkpt lat="26.8975713" lon="75.8390912">
        <time>2024-02-15T06:23:06Z</time>
      </trkpt>
      <trkpt lat="26.8975456" lon="75.8391240">
        <time>2024-02-15T06:23:07Z</time>
      </trkpt>
      <trkpt lat="26.8975213" lon="75.8391567">
        <time>2024-02-15T06:23:08Z</time>
      </trkpt>
      <trkpt lat="26.8974970" lon="75.8391927">
        <time>2024-02-15T06:23:09Z</time>
      </trkpt>
      <trkpt lat="26.8974724" lon="75.8392274">
        <time>2024-02-15T06:23:10Z</time>
      </trkpt>
      <trkpt lat="26.8974480" lon="75.8392641">
        <time>2024-02-15T06:23:11Z</time>
      </trkpt>
      <trkpt lat="26.8974194" lon="75.8393016">
        <time>2024-02-15T06:23:12Z</time>
      </trkpt>
      <trkpt lat="26.8973887" lon="75.8393396">
        <time>2024-02-15T06:23:13Z</time>
      </trkpt>
      <trkpt lat="26.8973570" lon="75.8393770">
        <time>2024-02-15T06:23:14Z</time>
      </trkpt>
      <trkpt lat="26.8973239" lon="75.8394146">
        <time>2024-02-15T06:23:15Z</time>
      </trkpt>
      <trkpt lat="26.8972908" lon="75.8394540">
        <time>2024-02-15T06:23:16Z</time>
      </trkpt>
      <trkpt lat="26.8972637" lon="75.8394906">
        <time>2024-02-15T06:23:17Z</time>
      </trkpt>
      <trkpt lat="26.8972406" lon="75.8395229">
        <time>2024-02-15T06:23:18Z</time>
      </trkpt>
      <trkpt lat="26.8972148" lon="75.8395567">
        <time>2024-02-15T06:23:19Z</time>
      </trkpt>
      <trkpt lat="26.8971854" lon="75.8395949">
        <time>2024-02-15T06:23:20Z</time>
      </trkpt>
      <trkpt lat="26.8971510" lon="75.8396354">
        <time>2024-02-15T06:23:21Z</time>
      </trkpt>
      <trkpt lat="26.8971185" lon="75.8396740">
        <time>2024-02-15T06:23:22Z</time>
      </trkpt>
      <trkpt lat="26.8970852" lon="75.8397144">
        <time>2024-02-15T06:23:23Z</time>
      </trkpt>
      <trkpt lat="26.8970513" lon="75.8397572">
        <time>2024-02-15T06:23:24Z</time>
      </trkpt>
      <trkpt lat="26.8970221" lon="75.8397944">
        <time>2024-02-15T06:23:25Z</time>
      </trkpt>
      <trkpt lat="26.8969977" lon="75.8398280">
        <time>2024-02-15T06:23:26Z</time>
      </trkpt>
      <trkpt lat="26.8969736" lon="75.8398604">
        <time>2024-02-15T06:23:27Z</time>
      </trkpt>
      <trkpt lat="26.8969582" lon="75.8398941">
        <time>2024-02-15T06:23:28Z</time>
      </trkpt>
      <trkpt lat="26.8969541" lon="75.8399322">
        <time>2024-02-15T06:23:29Z</time>
      </trkpt>
      <trkpt lat="26.8969760" lon="75.8399663">
        <time>2024-02-15T06:23:30Z</time>
      </trkpt>
      <trkpt lat="26.8970071" lon="75.8400003">
        <time>2024-02-15T06:23:31Z</time>
      </trkpt>
      <trkpt lat="26.8970471" lon="75.8400438">
        <time>2024-02-15T06:23:32Z</time>
      </trkpt>
      <trkpt lat="26.8970923" lon="75.8400927">
        <time>2024-02-15T06:23:33Z</time>
      </trkpt>
      <trkpt lat="26.8971390" lon="75.8401455">
        <time>2024-02-15T06:23:34Z</time>
      </trkpt>
      <trkpt lat="26.8971876" lon="75.8401959">
        <time>2024-02-15T06:23:35Z</time>
      </trkpt>
      <trkpt lat="26.8972386" lon="75.8402450">
        <time>2024-02-15T06:23:36Z</time>
      </trkpt>
      <trkpt lat="26.8972953" lon="75.8403034">
        <time>2024-02-15T06:23:37Z</time>
      </trkpt>
      <trkpt lat="26.8973549" lon="75.8403615">
        <time>2024-02-15T06:23:38Z</time>
      </trkpt>
      <trkpt lat="26.8974173" lon="75.8404212">
        <time>2024-02-15T06:23:39Z</time>
      </trkpt>
      <trkpt lat="26.8974853" lon="75.8404897">
        <time>2024-02-15T06:23:40Z</time>
      </trkpt>
      <trkpt lat="26.8975510" lon="75.8405571">
        <time>2024-02-15T06:23:41Z</time>
      </trkpt>
      <trkpt lat="26.8976160" lon="75.8406238">
        <time>2024-02-15T06:23:42Z</time>
      </trkpt>
      <trkpt lat="26.8976842" lon="75.8406896">
        <time>2024-02-15T06:23:43Z</time>
      </trkpt>
      <trkpt lat="26.8977501" lon="75.8407569">
        <time>2024-02-15T06:23:44Z</time>
      </trkpt>
      <trkpt lat="26.8978210" lon="75.8408294">
        <time>2024-02-15T06:23:45Z</time>
      </trkpt>
      <trkpt lat="26.8978906" lon="75.8409015">
        <time>2024-02-15T06:23:46Z</time>
      </trkpt>
      <trkpt lat="26.8979604" lon="75.8409739">
        <time>2024-02-15T06:23:47Z</time>
      </trkpt>
      <trkpt lat="26.8980354" lon="75.8410493">
        <time>2024-02-15T06:23:48Z</time>
      </trkpt>
      <trkpt lat="26.8981101" lon="75.8411209">
        <time>2024-02-15T06:23:49Z</time>
      </trkpt>
      <trkpt lat="26.8981841" lon="75.8411900">
        <time>2024-02-15T06:23:50Z</time>
      </trkpt>
      <trkpt lat="26.8982550" lon="75.8412574">
        <time>2024-02-15T06:23:51Z</time>
      </trkpt>
      <trkpt lat="26.8983204" lon="75.8413240">
        <time>2024-02-15T06:23:52Z</time>
      </trkpt>
      <trkpt lat="26.8983845" lon="75.8413919">
        <time>2024-02-15T06:23:53Z</time>
      </trkpt>
      <trkpt lat="26.8984438" lon="75.8414542">
        <time>2024-02-15T06:23:54Z</time>
      </trkpt>
      <trkpt lat="26.8985020" lon="75.8415132">
        <time>2024-02-15T06:23:55Z</time>
      </trkpt>
      <trkpt lat="26.8985505" lon="75.8415770">
        <time>2024-02-15T06:23:56Z</time>
      </trkpt>
      <trkpt lat="26.8985993" lon="75.8416314">
        <time>2024-02-15T06:23:57Z</time>
      </trkpt>
      <trkpt lat="26.8986382" lon="75.8416706">
        <time>2024-02-15T06:23:58Z</time>
      </trkpt>
      <trkpt lat="26.8986585" lon="75.8416896">
        <time>2024-02-15T06:23:59Z</time>
      </trkpt>
      <trkpt lat="26.8986703" lon="75.8417008">
        <time>2024-02-15T06:24:00Z</time>
      </trkpt>
      <trkpt lat="26.8986816" lon="75.8417119">
        <time>2024-02-15T06:24:01Z</time>
      </trkpt>
      <trkpt lat="26.8986952" lon="75.8417220">
        <time>2024-02-15T06:24:02Z</time>
      </trkpt>
      <trkpt lat="26.8987094" lon="75.8417355">
        <time>2024-02-15T06:24:03Z</time>
      </trkpt>
      <trkpt lat="26.8987208" lon="75.8417527">
        <time>2024-02-15T06:24:04Z</time>
      </trkpt>
      <trkpt lat="26.8987255" lon="75.8417809">
        <time>2024-02-15T06:24:05Z</time>
      </trkpt>
      <trkpt lat="26.8987229" lon="75.8418218">
        <time>2024-02-15T06:24:06Z</time>
      </trkpt>
      <trkpt lat="26.8987096" lon="75.8418625">
        <time>2024-02-15T06:24:07Z</time>
      </trkpt>
      <trkpt lat="26.8986923" lon="75.8418990">
        <time>2024-02-15T06:24:08Z</time>
      </trkpt>
      <trkpt lat="26.8986683" lon="75.8419441">
        <time>2024-02-15T06:24:09Z</time>
      </trkpt>
      <trkpt lat="26.8986389" lon="75.8419936">
        <time>2024-02-15T06:24:10Z</time>
      </trkpt>
      <trkpt lat="26.8986022" lon="75.8420522">
        <time>2024-02-15T06:24:11Z</time>
      </trkpt>
      <trkpt lat="26.8985581" lon="75.8421196">
        <time>2024-02-15T06:24:12Z</time>
      </trkpt>
      <trkpt lat="26.8985190" lon="75.8421851">
        <time>2024-02-15T06:24:13Z</time>
      </trkpt>
      <trkpt lat="26.8984778" lon="75.8422523">
        <time>2024-02-15T06:24:14Z</time>
      </trkpt>
      <trkpt lat="26.8984387" lon="75.8423259">
        <time>2024-02-15T06:24:15Z</time>
      </trkpt>
      <trkpt lat="26.8984011" lon="75.8424062">
        <time>2024-02-15T06:24:16Z</time>
      </trkpt>
      <trkpt lat="26.8983596" lon="75.8424873">
        <time>2024-02-15T06:24:17Z</time>
      </trkpt>
      <trkpt lat="26.8983267" lon="75.8425515">
        <time>2024-02-15T06:24:18Z</time>
      </trkpt>
      <trkpt lat="26.8983024" lon="75.8426093">
        <time>2024-02-15T06:24:19Z</time>
      </trkpt>
      <trkpt lat="26.8982861" lon="75.8426594">
        <time>2024-02-15T06:24:20Z</time>
      </trkpt>
      <trkpt lat="26.8982651" lon="75.8427053">
        <time>2024-02-15T06:24:21Z</time>
      </trkpt>
      <trkpt lat="26.8982479" lon="75.8427602">
        <time>2024-02-15T06:24:22Z</time>
      </trkpt>
      <trkpt lat="26.8982292" lon="75.8428203">
        <time>2024-02-15T06:24:23Z</time>
      </trkpt>
      <trkpt lat="26.8982129" lon="75.8428835">
        <time>2024-02-15T06:24:24Z</time>
      </trkpt>
      <trkpt lat="26.8982027" lon="75.8429460">
        <time>2024-02-15T06:24:25Z</time>
      </trkpt>
      <trkpt lat="26.8981960" lon="75.8430063">
        <time>2024-02-15T06:24:26Z</time>
      </trkpt>
      <trkpt lat="26.8981904" lon="75.8430691">
        <time>2024-02-15T06:24:27Z</time>
      </trkpt>
      <trkpt lat="26.8981858" lon="75.8431335">
        <time>2024-02-15T06:24:28Z</time>
      </trkpt>
      <trkpt lat="26.8981825" lon="75.8431908">
        <time>2024-02-15T06:24:29Z</time>
      </trkpt>
      <trkpt lat="26.8981812" lon="75.8432409">
        <time>2024-02-15T06:24:30Z</time>
      </trkpt>
      <trkpt lat="26.8981815" lon="75.8432885">
        <time>2024-02-15T06:24:31Z</time>
      </trkpt>
      <trkpt lat="26.8981826" lon="75.8433301">
        <time>2024-02-15T06:24:32Z</time>
      </trkpt>
      <trkpt lat="26.8981885" lon="75.8433625">
        <time>2024-02-15T06:24:33Z</time>
      </trkpt>
      <trkpt lat="26.8981982" lon="75.8433867">
        <time>2024-02-15T06:24:34Z</time>
      </trkpt>
      <trkpt lat="26.8982136" lon="75.8434058">
        <time>2024-02-15T06:24:35Z</time>
      </trkpt>
      <trkpt lat="26.8982390" lon="75.8434243">
        <time>2024-02-15T06:24:36Z</time>
      </trkpt>
      <trkpt lat="26.8982779" lon="75.8434303">
        <time>2024-02-15T06:24:37Z</time>
      </trkpt>
      <trkpt lat="26.8983184" lon="75.8434363">
        <time>2024-02-15T06:24:38Z</time>
      </trkpt>
      <trkpt lat="26.8983594" lon="75.8434342">
        <time>2024-02-15T06:24:39Z</time>
      </trkpt>
      <trkpt lat="26.8983967" lon="75.8434332">
        <time>2024-02-15T06:24:40Z</time>
      </trkpt>
      <trkpt lat="26.8984328" lon="75.8434355">
        <time>2024-02-15T06:24:41Z</time>
      </trkpt>
      <trkpt lat="26.8984699" lon="75.8434431">
        <time>2024-02-15T06:24:42Z</time>
      </trkpt>
      <trkpt lat="26.8985093" lon="75.8434569">
        <time>2024-02-15T06:24:43Z</time>
      </trkpt>
      <trkpt lat="26.8985557" lon="75.8434705">
        <time>2024-02-15T06:24:44Z</time>
      </trkpt>
      <trkpt lat="26.8986026" lon="75.8434799">
        <time>2024-02-15T06:24:45Z</time>
      </trkpt>
      <trkpt lat="26.8986542" lon="75.8434861">
        <time>2024-02-15T06:24:46Z</time>
      </trkpt>
      <trkpt lat="26.8987120" lon="75.8434940">
        <time>2024-02-15T06:24:47Z</time>
      </trkpt>
      <trkpt lat="26.8987719" lon="75.8434984">
        <time>2024-02-15T06:24:48Z</time>
      </trkpt>
      <trkpt lat="26.8988351" lon="75.8435025">
        <time>2024-02-15T06:24:49Z</time>
      </trkpt>
      <trkpt lat="26.8988983" lon="75.8435050">
        <time>2024-02-15T06:24:50Z</time>
      </trkpt>
      <trkpt lat="26.8989714" lon="75.8435120">
        <time>2024-02-15T06:24:51Z</time>
      </trkpt>
      <trkpt lat="26.8990484" lon="75.8435157">
        <time>2024-02-15T06:24:52Z</time>
      </trkpt>
      <trkpt lat="26.8991252" lon="75.8435180">
        <time>2024-02-15T06:24:53Z</time>
      </trkpt>
      <trkpt lat="26.8992046" lon="75.8435186">
        <time>2024-02-15T06:24:54Z</time>
      </trkpt>
      <trkpt lat="26.8992848" lon="75.8435199">
        <time>2024-02-15T06:24:55Z</time>
      </trkpt>
      <trkpt lat="26.8993754" lon="75.8435227">
        <time>2024-02-15T06:24:56Z</time>
      </trkpt>
      <trkpt lat="26.8994735" lon="75.8435278">
        <time>2024-02-15T06:24:57Z</time>
      </trkpt>
      <trkpt lat="26.8995783" lon="75.8435316">
        <time>2024-02-15T06:24:58Z</time>
      </trkpt>
      <trkpt lat="26.8996774" lon="75.8435341">
        <time>2024-02-15T06:24:59Z</time>
      </trkpt>
      <trkpt lat="26.8997807" lon="75.8435341">
        <time>2024-02-15T06:25:00Z</time>
      </trkpt>
      <trkpt lat="26.8998796" lon="75.8435343">
        <time>2024-02-15T06:25:01Z</time>
      </trkpt>
      <trkpt lat="26.8999755" lon="75.8435338">
        <time>2024-02-15T06:25:02Z</time>
      </trkpt>
      <trkpt lat="26.9000719" lon="75.8435327">
        <time>2024-02-15T06:25:03Z</time>
      </trkpt>
      <trkpt lat="26.9001676" lon="75.8435337">
        <time>2024-02-15T06:25:04Z</time>
      </trkpt>
      <trkpt lat="26.9002633" lon="75.8435345">
        <time>2024-02-15T06:25:05Z</time>
      </trkpt>
      <trkpt lat="26.9003568" lon="75.8435343">
        <time>2024-02-15T06:25:06Z</time>
      </trkpt>
      <trkpt lat="26.9004430" lon="75.8435340">
        <time>2024-02-15T06:25:07Z</time>
      </trkpt>
      <trkpt lat="26.9005341" lon="75.8435335">
        <time>2024-02-15T06:25:08Z</time>
      </trkpt>
      <trkpt lat="26.9006115" lon="75.8435330">
        <time>2024-02-15T06:25:09Z</time>
      </trkpt>
      <trkpt lat="26.9006617" lon="75.8435319">
        <time>2024-02-15T06:25:10Z</time>
      </trkpt>
      <trkpt lat="26.9006962" lon="75.8435315">
        <time>2024-02-15T06:25:11Z</time>
      </trkpt>
      <trkpt lat="26.9007260" lon="75.8435308">
        <time>2024-02-15T06:25:12Z</time>
      </trkpt>
      <trkpt lat="26.9007607" lon="75.8435305">
        <time>2024-02-15T06:25:13Z</time>
      </trkpt>
      <trkpt lat="26.9008023" lon="75.8435349">
        <time>2024-02-15T06:25:14Z</time>
      </trkpt>
      <trkpt lat="26.9008525" lon="75.8435359">
        <time>2024-02-15T06:25:15Z</time>
      </trkpt>
      <trkpt lat="26.9009040" lon="75.8435436">
        <time>2024-02-15T06:25:16Z</time>
      </trkpt>
      <trkpt lat="26.9009555" lon="75.8435572">
        <time>2024-02-15T06:25:17Z</time>
      </trkpt>
      <trkpt lat="26.9010048" lon="75.8435806">
        <time>2024-02-15T06:25:18Z</time>
      </trkpt>
      <trkpt lat="26.9010477" lon="75.8436145">
        <time>2024-02-15T06:25:19Z</time>
      </trkpt>
      <trkpt lat="26.9010842" lon="75.8436588">
        <time>2024-02-15T06:25:20Z</time>
      </trkpt>
      <trkpt lat="26.9011139" lon="75.8437084">
        <time>2024-02-15T06:25:21Z</time>
      </trkpt>
      <trkpt lat="26.9011308" lon="75.8437553">
        <time>2024-02-15T06:25:22Z</time>
      </trkpt>
      <trkpt lat="26.9011374" lon="75.8438074">
        <time>2024-02-15T06:25:23Z</time>
      </trkpt>
      <trkpt lat="26.9011415" lon="75.8438535">
        <time>2024-02-15T06:25:24Z</time>
      </trkpt>
      <trkpt lat="26.9011403" lon="75.8438898">
        <time>2024-02-15T06:25:25Z</time>
      </trkpt>
      <trkpt lat="26.9011397" lon="75.8439166">
        <time>2024-02-15T06:25:26Z</time>
      </trkpt>
      <trkpt lat="26.9011382" lon="75.8439408">
        <time>2024-02-15T06:25:27Z</time>
      </trkpt>
      <trkpt lat="26.9011369" lon="75.8439644">
        <time>2024-02-15T06:25:28Z</time>
      </trkpt>
      <trkpt lat="26.9011325" lon="75.8439891">
        <time>2024-02-15T06:25:29Z</time>
      </trkpt>
      <trkpt lat="26.9011280" lon="75.8440119">
        <time>2024-02-15T06:25:30Z</time>
      </trkpt>
      <trkpt lat="26.9011225" lon="75.8440321">
        <time>2024-02-15T06:25:31Z</time>
      </trkpt>
      <trkpt lat="26.9011109" lon="75.8440622">
        <time>2024-02-15T06:25:32Z</time>
      </trkpt>
      <trkpt lat="26.9010999" lon="75.8440974">
        <time>2024-02-15T06:25:33Z</time>
      </trkpt>
      <trkpt lat="26.9010884" lon="75.8441312">
        <time>2024-02-15T06:25:34Z</time>
      </trkpt>
      <trkpt lat="26.9010746" lon="75.8441712">
        <time>2024-02-15T06:25:35Z</time>
      </trkpt>
      <trkpt lat="26.9010608" lon="75.8442241">
        <time>2024-02-15T06:25:36Z</time>
      </trkpt>
      <trkpt lat="26.9010474" lon="75.8442946">
        <time>2024-02-15T06:25:37Z</time>
      </trkpt>
      <trkpt lat="26.9010401" lon="75.8443754">
        <time>2024-02-15T06:25:38Z</time>
      </trkpt>
      <trkpt lat="26.9010364" lon="75.8444590">
        <time>2024-02-15T06:25:39Z</time>
      </trkpt>
      <trkpt lat="26.9010368" lon="75.8445547">
        <time>2024-02-15T06:25:40Z</time>
      </trkpt>
      <trkpt lat="26.9010404" lon="75.8446564">
        <time>2024-02-15T06:25:41Z</time>
      </trkpt>
      <trkpt lat="26.9010453" lon="75.8447643">
        <time>2024-02-15T06:25:42Z</time>
      </trkpt>
      <trkpt lat="26.9010492" lon="75.8448852">
        <time>2024-02-15T06:25:43Z</time>
      </trkpt>
      <trkpt lat="26.9010526" lon="75.8450135">
        <time>2024-02-15T06:25:44Z</time>
      </trkpt>
      <trkpt lat="26.9010506" lon="75.8451459">
        <time>2024-02-15T06:25:45Z</time>
      </trkpt>
      <trkpt lat="26.9010455" lon="75.8452732">
        <time>2024-02-15T06:25:46Z</time>
      </trkpt>
      <trkpt lat="26.9010357" lon="75.8454109">
        <time>2024-02-15T06:25:47Z</time>
      </trkpt>
      <trkpt lat="26.9010200" lon="75.8455562">
        <time>2024-02-15T06:25:48Z</time>
      </trkpt>
      <trkpt lat="26.9009992" lon="75.8457012">
        <time>2024-02-15T06:25:49Z</time>
      </trkpt>
      <trkpt lat="26.9009737" lon="75.8458501">
        <time>2024-02-15T06:25:50Z</time>
      </trkpt>
      <trkpt lat="26.9009446" lon="75.8459971">
        <time>2024-02-15T06:25:51Z</time>
      </trkpt>
      <trkpt lat="26.9009057" lon="75.8461480">
        <time>2024-02-15T06:25:52Z</time>
      </trkpt>
      <trkpt lat="26.9008580" lon="75.8463016">
        <time>2024-02-15T06:25:53Z</time>
      </trkpt>
      <trkpt lat="26.9008021" lon="75.8464427">
        <time>2024-02-15T06:25:54Z</time>
      </trkpt>
      <trkpt lat="26.9007311" lon="75.8465817">
        <time>2024-02-15T06:25:55Z</time>
      </trkpt>
      <trkpt lat="26.9006462" lon="75.8467178">
        <time>2024-02-15T06:25:56Z</time>
      </trkpt>
      <trkpt lat="26.9005478" lon="75.8468382">
        <time>2024-02-15T06:25:57Z</time>
      </trkpt>
      <trkpt lat="26.9004512" lon="75.8469388">
        <time>2024-02-15T06:25:58Z</time>
      </trkpt>
      <trkpt lat="26.9003582" lon="75.8470186">
        <time>2024-02-15T06:25:59Z</time>
      </trkpt>
      <trkpt lat="26.9002793" lon="75.8470745">
        <time>2024-02-15T06:26:00Z</time>
      </trkpt>
      <trkpt lat="26.9002202" lon="75.8471138">
        <time>2024-02-15T06:26:01Z</time>
      </trkpt>
      <trkpt lat="26.9001810" lon="75.8471399">
        <time>2024-02-15T06:26:02Z</time>
      </trkpt>
      <trkpt lat="26.9001543" lon="75.8471566">
        <time>2024-02-15T06:26:03Z</time>
      </trkpt>
      <trkpt lat="26.9001277" lon="75.8471762">
        <time>2024-02-15T06:26:04Z</time>
      </trkpt>
      <trkpt lat="26.9001017" lon="75.8471916">
        <time>2024-02-15T06:26:05Z</time>
      </trkpt>
      <trkpt lat="26.9000770" lon="75.8472068">
        <time>2024-02-15T06:26:06Z</time>
      </trkpt>
      <trkpt lat="26.9000460" lon="75.8472262">
        <time>2024-02-15T06:26:07Z</time>
      </trkpt>
      <trkpt lat="26.9000102" lon="75.8472502">
        <time>2024-02-15T06:26:08Z</time>
      </trkpt>
      <trkpt lat="26.8999714" lon="75.8472753">
        <time>2024-02-15T06:26:09Z</time>
      </trkpt>
      <trkpt lat="26.8999332" lon="75.8472982">
        <time>2024-02-15T06:26:10Z</time>
      </trkpt>
      <trkpt lat="26.8998969" lon="75.8473196">
        <time>2024-02-15T06:26:11Z</time>
      </trkpt>
      <trkpt lat="26.8998568" lon="75.8473420">
        <time>2024-02-15T06:26:12Z</time>
      </trkpt>
      <trkpt lat="26.8998184" lon="75.8473644">
        <time>2024-02-15T06:26:13Z</time>
      </trkpt>
      <trkpt lat="26.8997855" lon="75.8473835">
        <time>2024-02-15T06:26:14Z</time>
      </trkpt>
      <trkpt lat="26.8997633" lon="75.8473970">
        <time>2024-02-15T06:26:15Z</time>
      </trkpt>
      <trkpt lat="26.8997453" lon="75.8474076">
        <time>2024-02-15T06:26:16Z</time>
      </trkpt>
      <trkpt lat="26.8997285" lon="75.8474178">
        <time>2024-02-15T06:26:17Z</time>
      </trkpt>
      <trkpt lat="26.8997104" lon="75.8474276">
        <time>2024-02-15T06:26:18Z</time>
      </trkpt>
      <trkpt lat="26.8996927" lon="75.8474363">
        <time>2024-02-15T06:26:19Z</time>
      </trkpt>
      <trkpt lat="26.8996754" lon="75.8474437">
        <time>2024-02-15T06:26:20Z</time>
      </trkpt>
      <trkpt lat="26.8996598" lon="75.8474492">
        <time>2024-02-15T06:26:21Z</time>
      </trkpt>
      <trkpt lat="26.8996451" lon="75.8474542">
        <time>2024-02-15T06:26:22Z</time>
      </trkpt>
      <trkpt lat="26.8996289" lon="75.8474595">
        <time>2024-02-15T06:26:23Z</time>
      </trkpt>
      <trkpt lat="26.8996139" lon="75.8474637">
        <time>2024-02-15T06:26:24Z</time>
      </trkpt>
      <trkpt lat="26.8995989" lon="75.8474687">
        <time>2024-02-15T06:26:25Z</time>
      </trkpt>
      <trkpt lat="26.8995832" lon="75.8474721">
        <time>2024-02-15T06:26:26Z</time>
      </trkpt>
      <trkpt lat="26.8995689" lon="75.8474756">
        <time>2024-02-15T06:26:27Z</time>
      </trkpt>
      <trkpt lat="26.8995542" lon="75.8474796">
        <time>2024-02-15T06:26:28Z</time>
      </trkpt>
      <trkpt lat="26.8995348" lon="75.8474837">
        <time>2024-02-15T06:26:29Z</time>
      </trkpt>
      <trkpt lat="26.8995122" lon="75.8474884">
        <time>2024-02-15T06:26:30Z</time>
      </trkpt>
      <trkpt lat="26.8994815" lon="75.8474932">
        <time>2024-02-15T06:26:31Z</time>
      </trkpt>
      <trkpt lat="26.8994466" lon="75.8475029">
        <time>2024-02-15T06:26:32Z</time>
      </trkpt>
      <trkpt lat="26.8994087" lon="75.8475089">
        <time>2024-02-15T06:26:33Z</time>
      </trkpt>
      <trkpt lat="26.8993617" lon="75.8475125">
        <time>2024-02-15T06:26:34Z</time>
      </trkpt>
      <trkpt lat="26.8993022" lon="75.8475106">
        <time>2024-02-15T06:26:35Z</time>
      </trkpt>
      <trkpt lat="26.8992308" lon="75.8475119">
        <time>2024-02-15T06:26:36Z</time>
      </trkpt>
      <trkpt lat="26.8991528" lon="75.8475147">
        <time>2024-02-15T06:26:37Z</time>
      </trkpt>
      <trkpt lat="26.8990755" lon="75.8475193">
        <time>2024-02-15T06:26:38Z</time>
      </trkpt>
      <trkpt lat="26.8989908" lon="75.8475256">
        <time>2024-02-15T06:26:39Z</time>
      </trkpt>
      <trkpt lat="26.8988986" lon="75.8475310">
        <time>2024-02-15T06:26:40Z</time>
      </trkpt>
      <trkpt lat="26.8987969" lon="75.8475348">
        <time>2024-02-15T06:26:41Z</time>
      </trkpt>
      <trkpt lat="26.8986961" lon="75.8475366">
        <time>2024-02-15T06:26:42Z</time>
      </trkpt>
      <trkpt lat="26.8985936" lon="75.8475414">
        <time>2024-02-15T06:26:43Z</time>
      </trkpt>
      <trkpt lat="26.8985010" lon="75.8475486">
        <time>2024-02-15T06:26:44Z</time>
      </trkpt>
      <trkpt lat="26.8984354" lon="75.8475557">
        <time>2024-02-15T06:26:45Z</time>
      </trkpt>
      <trkpt lat="26.8983939" lon="75.8475622">
        <time>2024-02-15T06:26:46Z</time>
      </trkpt>
      <trkpt lat="26.8983653" lon="75.8475676">
        <time>2024-02-15T06:26:47Z</time>
      </trkpt>
      <trkpt lat="26.8983410" lon="75.8475726">
        <time>2024-02-15T06:26:48Z</time>
      </trkpt>
      <trkpt lat="26.8983158" lon="75.8475786">
        <time>2024-02-15T06:26:49Z</time>
      </trkpt>
      <trkpt lat="26.8982899" lon="75.8475845">
        <time>2024-02-15T06:26:50Z</time>
      </trkpt>
      <trkpt lat="26.8982594" lon="75.8475912">
        <time>2024-02-15T06:26:51Z</time>
      </trkpt>
      <trkpt lat="26.8982203" lon="75.8475976">
        <time>2024-02-15T06:26:52Z</time>
      </trkpt>
      <trkpt lat="26.8981671" lon="75.8476081">
        <time>2024-02-15T06:26:53Z</time>
      </trkpt>
      <trkpt lat="26.8981035" lon="75.8476179">
        <time>2024-02-15T06:26:54Z</time>
      </trkpt>
      <trkpt lat="26.8980348" lon="75.8476291">
        <time>2024-02-15T06:26:55Z</time>
      </trkpt>
      <trkpt lat="26.8979647" lon="75.8476404">
        <time>2024-02-15T06:26:56Z</time>
      </trkpt>
      <trkpt lat="26.8978851" lon="75.8476532">
        <time>2024-02-15T06:26:57Z</time>
      </trkpt>
      <trkpt lat="26.8977967" lon="75.8476690">
        <time>2024-02-15T06:26:58Z</time>
      </trkpt>
      <trkpt lat="26.8977030" lon="75.8476867">
        <time>2024-02-15T06:26:59Z</time>
      </trkpt>
      <trkpt lat="26.8975954" lon="75.8477094">
        <time>2024-02-15T06:27:00Z</time>
      </trkpt>
      <trkpt lat="26.8974891" lon="75.8477380">
        <time>2024-02-15T06:27:01Z</time>
      </trkpt>
      <trkpt lat="26.8973856" lon="75.8477737">
        <time>2024-02-15T06:27:02Z</time>
      </trkpt>
      <trkpt lat="26.8972819" lon="75.8478193">
        <time>2024-02-15T06:27:03Z</time>
      </trkpt>
      <trkpt lat="26.8971809" lon="75.8478723">
        <time>2024-02-15T06:27:04Z</time>
      </trkpt>
      <trkpt lat="26.8970800" lon="75.8479401">
        <time>2024-02-15T06:27:05Z</time>
      </trkpt>
      <trkpt lat="26.8969916" lon="75.8480112">
        <time>2024-02-15T06:27:06Z</time>
      </trkpt>
      <trkpt lat="26.8969048" lon="75.8480924">
        <time>2024-02-15T06:27:07Z</time>
      </trkpt>
      <trkpt lat="26.8968199" lon="75.8481861">
        <time>2024-02-15T06:27:08Z</time>
      </trkpt>
      <trkpt lat="26.8967467" lon="75.8482845">
        <time>2024-02-15T06:27:09Z</time>
      </trkpt>
      <trkpt lat="26.8966808" lon="75.8483878">
        <time>2024-02-15T06:27:10Z</time>
      </trkpt>
      <trkpt lat="26.8966237" lon="75.8484928">
        <time>2024-02-15T06:27:11Z</time>
      </trkpt>
      <trkpt lat="26.8965772" lon="75.8485903">
        <time>2024-02-15T06:27:12Z</time>
      </trkpt>
      <trkpt lat="26.8965411" lon="75.8486750">
        <time>2024-02-15T06:27:13Z</time>
      </trkpt>
      <trkpt lat="26.8965149" lon="75.8487404">
        <time>2024-02-15T06:27:14Z</time>
      </trkpt>
      <trkpt lat="26.8964931" lon="75.8487939">
        <time>2024-02-15T06:27:15Z</time>
      </trkpt>
      <trkpt lat="26.8964741" lon="75.8488413">
        <time>2024-02-15T06:27:16Z</time>
      </trkpt>
      <trkpt lat="26.8964603" lon="75.8488767">
        <time>2024-02-15T06:27:17Z</time>
      </trkpt>
      <trkpt lat="26.8964511" lon="75.8488997">
        <time>2024-02-15T06:27:18Z</time>
      </trkpt>
      <trkpt lat="26.8964428" lon="75.8489209">
        <time>2024-02-15T06:27:19Z</time>
      </trkpt>
      <trkpt lat="26.8964332" lon="75.8489455">
        <time>2024-02-15T06:27:20Z</time>
      </trkpt>
      <trkpt lat="26.8964206" lon="75.8489752">
        <time>2024-02-15T06:27:21Z</time>
      </trkpt>
      <trkpt lat="26.8964077" lon="75.8490091">
        <time>2024-02-15T06:27:22Z</time>
      </trkpt>
      <trkpt lat="26.8963910" lon="75.8490509">
        <time>2024-02-15T06:27:23Z</time>
      </trkpt>
      <trkpt lat="26.8963708" lon="75.8491061">
        <time>2024-02-15T06:27:24Z</time>
      </trkpt>
      <trkpt lat="26.8963484" lon="75.8491694">
        <time>2024-02-15T06:27:25Z</time>
      </trkpt>
      <trkpt lat="26.8963244" lon="75.8492420">
        <time>2024-02-15T06:27:26Z</time>
      </trkpt>
      <trkpt lat="26.8962961" lon="75.8493249">
        <time>2024-02-15T06:27:27Z</time>
      </trkpt>
      <trkpt lat="26.8962658" lon="75.8494143">
        <time>2024-02-15T06:27:28Z</time>
      </trkpt>
      <trkpt lat="26.8962331" lon="75.8495098">
        <time>2024-02-15T06:27:29Z</time>
      </trkpt>
      <trkpt lat="26.8961998" lon="75.8496077">
        <time>2024-02-15T06:27:30Z</time>
      </trkpt>
      <trkpt lat="26.8961637" lon="75.8497139">
        <time>2024-02-15T06:27:31Z</time>
      </trkpt>
      <trkpt lat="26.8961250" lon="75.8498250">
        <time>2024-02-15T06:27:32Z</time>
      </trkpt>
      <trkpt lat="26.8960853" lon="75.8499367">
        <time>2024-02-15T06:27:33Z</time>
      </trkpt>
      <trkpt lat="26.8960453" lon="75.8500500">
        <time>2024-02-15T06:27:34Z</time>
      </trkpt>
      <trkpt lat="26.8960033" lon="75.8501707">
        <time>2024-02-15T06:27:35Z</time>
      </trkpt>
      <trkpt lat="26.8959612" lon="75.8502943">
        <time>2024-02-15T06:27:36Z</time>
      </trkpt>
      <trkpt lat="26.8959159" lon="75.8504290">
        <time>2024-02-15T06:27:37Z</time>
      </trkpt>
      <trkpt lat="26.8958717" lon="75.8505604">
        <time>2024-02-15T06:27:38Z</time>
      </trkpt>
      <trkpt lat="26.8958266" lon="75.8506945">
        <time>2024-02-15T06:27:39Z</time>
      </trkpt>
      <trkpt lat="26.8957772" lon="75.8508400">
        <time>2024-02-15T06:27:40Z</time>
      </trkpt>
      <trkpt lat="26.8957287" lon="75.8509821">
        <time>2024-02-15T06:27:41Z</time>
      </trkpt>
      <trkpt lat="26.8956764" lon="75.8511337">
        <time>2024-02-15T06:27:42Z</time>
      </trkpt>
      <trkpt lat="26.8956249" lon="75.8512852">
        <time>2024-02-15T06:27:43Z</time>
      </trkpt>
      <trkpt lat="26.8955721" lon="75.8514394">
        <time>2024-02-15T06:27:44Z</time>
      </trkpt>
      <trkpt lat="26.8955168" lon="75.8516024">
        <time>2024-02-15T06:27:45Z</time>
      </trkpt>
      <trkpt lat="26.8954623" lon="75.8517617">
        <time>2024-02-15T06:27:46Z</time>
      </trkpt>
      <trkpt lat="26.8954057" lon="75.8519280">
        <time>2024-02-15T06:27:47Z</time>
      </trkpt>
      <trkpt lat="26.8953488" lon="75.8520957">
        <time>2024-02-15T06:27:48Z</time>
      </trkpt>
      <trkpt lat="26.8952924" lon="75.8522616">
        <time>2024-02-15T06:27:49Z</time>
      </trkpt>
      <trkpt lat="26.8952366" lon="75.8524280">
        <time>2024-02-15T06:27:50Z</time>
      </trkpt>
      <trkpt lat="26.8951808" lon="75.8525973">
        <time>2024-02-15T06:27:51Z</time>
      </trkpt>
      <trkpt lat="26.8951262" lon="75.8527652">
        <time>2024-02-15T06:27:52Z</time>
      </trkpt>
      <trkpt lat="26.8950701" lon="75.8529369">
        <time>2024-02-15T06:27:53Z</time>
      </trkpt>
      <trkpt lat="26.8950162" lon="75.8531031">
        <time>2024-02-15T06:27:54Z</time>
      </trkpt>
      <trkpt lat="26.8949633" lon="75.8532633">
        <time>2024-02-15T06:27:55Z</time>
      </trkpt>
      <trkpt lat="26.8949080" lon="75.8534304">
        <time>2024-02-15T06:27:56Z</time>
      </trkpt>
      <trkpt lat="26.8948543" lon="75.8535899">
        <time>2024-02-15T06:27:57Z</time>
      </trkpt>
      <trkpt lat="26.8948021" lon="75.8537431">
        <time>2024-02-15T06:27:58Z</time>
      </trkpt>
      <trkpt lat="26.8947425" lon="75.8539184">
        <time>2024-02-15T06:27:59Z</time>
      </trkpt>
      <trkpt lat="26.8936012" lon="75.8585024">
        <time>2024-02-15T06:28:24Z</time>
      </trkpt>
      <trkpt lat="26.8936280" lon="75.8586435">
        <time>2024-02-15T06:28:25Z</time>
      </trkpt>
      <trkpt lat="26.8936647" lon="75.8587855">
        <time>2024-02-15T06:28:26Z</time>
      </trkpt>
      <trkpt lat="26.8937122" lon="75.8589198">
        <time>2024-02-15T06:28:27Z</time>
      </trkpt>
      <trkpt lat="26.8937631" lon="75.8590563">
        <time>2024-02-15T06:28:28Z</time>
      </trkpt>
      <trkpt lat="26.8938215" lon="75.8591835">
        <time>2024-02-15T06:28:29Z</time>
      </trkpt>
      <trkpt lat="26.8938777" lon="75.8593093">
        <time>2024-02-15T06:28:30Z</time>
      </trkpt>
      <trkpt lat="26.8939431" lon="75.8594389">
        <time>2024-02-15T06:28:31Z</time>
      </trkpt>
      <trkpt lat="26.8940204" lon="75.8595642">
        <time>2024-02-15T06:28:32Z</time>
      </trkpt>
      <trkpt lat="26.8941021" lon="75.8596909">
        <time>2024-02-15T06:28:33Z</time>
      </trkpt>
      <trkpt lat="26.8941853" lon="75.8598102">
        <time>2024-02-15T06:28:34Z</time>
      </trkpt>
      <trkpt lat="26.8942755" lon="75.8599265">
        <time>2024-02-15T06:28:35Z</time>
      </trkpt>
      <trkpt lat="26.8943740" lon="75.8600416">
        <time>2024-02-15T06:28:36Z</time>
      </trkpt>
      <trkpt lat="26.8944729" lon="75.8601518">
        <time>2024-02-15T06:28:37Z</time>
      </trkpt>
      <trkpt lat="26.8945755" lon="75.8602701">
        <time>2024-02-15T06:28:38Z</time>
      </trkpt>
      <trkpt lat="26.8946781" lon="75.8603875">
        <time>2024-02-15T06:28:39Z</time>
      </trkpt>
      <trkpt lat="26.8947825" lon="75.8605044">
        <time>2024-02-15T06:28:40Z</time>
      </trkpt>
      <trkpt lat="26.8948899" lon="75.8606250">
        <time>2024-02-15T06:28:41Z</time>
      </trkpt>
      <trkpt lat="26.8949841" lon="75.8607447">
        <time>2024-02-15T06:28:42Z</time>
      </trkpt>
      <trkpt lat="26.8950762" lon="75.8608685">
        <time>2024-02-15T06:28:43Z</time>
      </trkpt>
      <trkpt lat="26.8951569" lon="75.8610002">
        <time>2024-02-15T06:28:44Z</time>
      </trkpt>
      <trkpt lat="26.8952203" lon="75.8611312">
        <time>2024-02-15T06:28:45Z</time>
      </trkpt>
      <trkpt lat="26.8952686" lon="75.8612592">
        <time>2024-02-15T06:28:46Z</time>
      </trkpt>
      <trkpt lat="26.8953103" lon="75.8613884">
        <time>2024-02-15T06:28:47Z</time>
      </trkpt>
      <trkpt lat="26.8953414" lon="75.8615180">
        <time>2024-02-15T06:28:48Z</time>
      </trkpt>
      <trkpt lat="26.8953651" lon="75.8616494">
        <time>2024-02-15T06:28:49Z</time>
      </trkpt>
      <trkpt lat="26.8953773" lon="75.8617712">
        <time>2024-02-15T06:28:50Z</time>
      </trkpt>
      <trkpt lat="26.8953816" lon="75.8618973">
        <time>2024-02-15T06:28:51Z</time>
      </trkpt>
      <trkpt lat="26.8953784" lon="75.8620248">
        <time>2024-02-15T06:28:52Z</time>
      </trkpt>
      <trkpt lat="26.8953666" lon="75.8621530">
        <time>2024-02-15T06:28:53Z</time>
      </trkpt>
      <trkpt lat="26.8953464" lon="75.8622809">
        <time>2024-02-15T06:28:54Z</time>
      </trkpt>
      <trkpt lat="26.8953178" lon="75.8624160">
        <time>2024-02-15T06:28:55Z</time>
      </trkpt>
      <trkpt lat="26.8952810" lon="75.8625567">
        <time>2024-02-15T06:28:56Z</time>
      </trkpt>
      <trkpt lat="26.8952400" lon="75.8627044">
        <time>2024-02-15T06:28:57Z</time>
      </trkpt>
      <trkpt lat="26.8951936" lon="75.8628586">
        <time>2024-02-15T06:28:58Z</time>
      </trkpt>
      <trkpt lat="26.8951435" lon="75.8630143">
        <time>2024-02-15T06:28:59Z</time>
      </trkpt>
      <trkpt lat="26.8950886" lon="75.8631756">
        <time>2024-02-15T06:29:00Z</time>
      </trkpt>
      <trkpt lat="26.8950351" lon="75.8633314">
        <time>2024-02-15T06:29:01Z</time>
      </trkpt>
      <trkpt lat="26.8949826" lon="75.8634795">
        <time>2024-02-15T06:29:02Z</time>
      </trkpt>
      <trkpt lat="26.8949219" lon="75.8636314">
        <time>2024-02-15T06:29:03Z</time>
      </trkpt>
      <trkpt lat="26.8948551" lon="75.8637773">
        <time>2024-02-15T06:29:04Z</time>
      </trkpt>
      <trkpt lat="26.8947782" lon="75.8639252">
        <time>2024-02-15T06:29:05Z</time>
      </trkpt>
      <trkpt lat="26.8947024" lon="75.8640607">
        <time>2024-02-15T06:29:06Z</time>
      </trkpt>
      <trkpt lat="26.8946194" lon="75.8641994">
        <time>2024-02-15T06:29:07Z</time>
      </trkpt>
      <trkpt lat="26.8945339" lon="75.8643407">
        <time>2024-02-15T06:29:08Z</time>
      </trkpt>
      <trkpt lat="26.8944511" lon="75.8644730">
        <time>2024-02-15T06:29:09Z</time>
      </trkpt>
      <trkpt lat="26.8943634" lon="75.8646087">
        <time>2024-02-15T06:29:10Z</time>
      </trkpt>
      <trkpt lat="26.8942778" lon="75.8647375">
        <time>2024-02-15T06:29:11Z</time>
      </trkpt>
      <trkpt lat="26.8942022" lon="75.8648554">
        <time>2024-02-15T06:29:12Z</time>
      </trkpt>
      <trkpt lat="26.8941249" lon="75.8649672">
        <time>2024-02-15T06:29:13Z</time>
      </trkpt>
      <trkpt lat="26.8940505" lon="75.8650708">
        <time>2024-02-15T06:29:14Z</time>
      </trkpt>
      <trkpt lat="26.8939709" lon="75.8651815">
        <time>2024-02-15T06:29:15Z</time>
      </trkpt>
      <trkpt lat="26.8938931" lon="75.8653005">
        <time>2024-02-15T06:29:16Z</time>
      </trkpt>
      <trkpt lat="26.8938165" lon="75.8654164">
        <time>2024-02-15T06:29:17Z</time>
      </trkpt>
      <trkpt lat="26.8937444" lon="75.8655306">
        <time>2024-02-15T06:29:18Z</time>
      </trkpt>
      <trkpt lat="26.8936691" lon="75.8656538">
        <time>2024-02-15T06:29:19Z</time>
      </trkpt>
      <trkpt lat="26.8935976" lon="75.8657841">
        <time>2024-02-15T06:29:20Z</time>
      </trkpt>
      <trkpt lat="26.8935278" lon="75.8659189">
        <time>2024-02-15T06:29:21Z</time>
      </trkpt>
      <trkpt lat="26.8934647" lon="75.8660482">
        <time>2024-02-15T06:29:22Z</time>
      </trkpt>
      <trkpt lat="26.8934048" lon="75.8661804">
        <time>2024-02-15T06:29:23Z</time>
      </trkpt>
      <trkpt lat="26.8933489" lon="75.8663208">
        <time>2024-02-15T06:29:24Z</time>
      </trkpt>
      <trkpt lat="26.8932928" lon="75.8664596">
        <time>2024-02-15T06:29:25Z</time>
      </trkpt>
      <trkpt lat="26.8932408" lon="75.8665934">
        <time>2024-02-15T06:29:26Z</time>
      </trkpt>
      <trkpt lat="26.8931885" lon="75.8667317">
        <time>2024-02-15T06:29:27Z</time>
      </trkpt>
      <trkpt lat="26.8931379" lon="75.8668687">
        <time>2024-02-15T06:29:28Z</time>
      </trkpt>
      <trkpt lat="26.8930846" lon="75.8670083">
        <time>2024-02-15T06:29:29Z</time>
      </trkpt>
      <trkpt lat="26.8930344" lon="75.8671375">
        <time>2024-02-15T06:29:30Z</time>
      </trkpt>
      <trkpt lat="26.8929853" lon="75.8672619">
        <time>2024-02-15T06:29:31Z</time>
      </trkpt>
      <trkpt lat="26.8929422" lon="75.8673753">
        <time>2024-02-15T06:29:32Z</time>
      </trkpt>
      <trkpt lat="26.8929052" lon="75.8674726">
        <time>2024-02-15T06:29:33Z</time>
      </trkpt>
      <trkpt lat="26.8928722" lon="75.8675588">
        <time>2024-02-15T06:29:34Z</time>
      </trkpt>
      <trkpt lat="26.8928405" lon="75.8676442">
        <time>2024-02-15T06:29:35Z</time>
      </trkpt>
      <trkpt lat="26.8928089" lon="75.8677330">
        <time>2024-02-15T06:29:36Z</time>
      </trkpt>
      <trkpt lat="26.8927757" lon="75.8678257">
        <time>2024-02-15T06:29:37Z</time>
      </trkpt>
      <trkpt lat="26.8927450" lon="75.8679140">
        <time>2024-02-15T06:29:38Z</time>
      </trkpt>
      <trkpt lat="26.8927129" lon="75.8680033">
        <time>2024-02-15T06:29:39Z</time>
      </trkpt>
      <trkpt lat="26.8926782" lon="75.8680995">
        <time>2024-02-15T06:29:40Z</time>
      </trkpt>
      <trkpt lat="26.8926417" lon="75.8682020">
        <time>2024-02-15T06:29:41Z</time>
      </trkpt>
      <trkpt lat="26.8926041" lon="75.8683093">
        <time>2024-02-15T06:29:42Z</time>
      </trkpt>
      <trkpt lat="26.8925605" lon="75.8684298">
        <time>2024-02-15T06:29:43Z</time>
      </trkpt>
      <trkpt lat="26.8925164" lon="75.8685561">
        <time>2024-02-15T06:29:44Z</time>
      </trkpt>
      <trkpt lat="26.8924712" lon="75.8686848">
        <time>2024-02-15T06:29:45Z</time>
      </trkpt>
      <trkpt lat="26.8924240" lon="75.8688212">
        <time>2024-02-15T06:29:46Z</time>
      </trkpt>
      <trkpt lat="26.8923776" lon="75.8689587">
        <time>2024-02-15T06:29:47Z</time>
      </trkpt>
      <trkpt lat="26.8923268" lon="75.8691100">
        <time>2024-02-15T06:29:48Z</time>
      </trkpt>
      <trkpt lat="26.8922734" lon="75.8692640">
        <time>2024-02-15T06:29:49Z</time>
      </trkpt>
      <trkpt lat="26.8922252" lon="75.8694193">
        <time>2024-02-15T06:29:50Z</time>
      </trkpt>
      <trkpt lat="26.8921674" lon="75.8695885">
        <time>2024-02-15T06:29:51Z</time>
      </trkpt>
      <trkpt lat="26.8921114" lon="75.8697628">
        <time>2024-02-15T06:29:52Z</time>
      </trkpt>
      <trkpt lat="26.8920567" lon="75.8699384">
        <time>2024-02-15T06:29:53Z</time>
      </trkpt>
      <trkpt lat="26.8920024" lon="75.8701153">
        <time>2024-02-15T06:29:54Z</time>
      </trkpt>
      <trkpt lat="26.8919480" lon="75.8702958">
        <time>2024-02-15T06:29:55Z</time>
      </trkpt>
      <trkpt lat="26.8918911" lon="75.8704860">
        <time>2024-02-15T06:29:56Z</time>
      </trkpt>
      <trkpt lat="26.8918364" lon="75.8706739">
        <time>2024-02-15T06:29:57Z</time>
      </trkpt>
      <trkpt lat="26.8917828" lon="75.8708599">
        <time>2024-02-15T06:29:58Z</time>
      </trkpt>
      <trkpt lat="26.8917289" lon="75.8710509">
        <time>2024-02-15T06:29:59Z</time>
      </trkpt>
      <trkpt lat="26.8916753" lon="75.8712407">
        <time>2024-02-15T06:30:00Z</time>
      </trkpt>
      <trkpt lat="26.8916192" lon="75.8714396">
        <time>2024-02-15T06:30:01Z</time>
      </trkpt>
      <trkpt lat="26.8915670" lon="75.8716238">
        <time>2024-02-15T06:30:02Z</time>
      </trkpt>
      <trkpt lat="26.8915142" lon="75.8718125">
        <time>2024-02-15T06:30:03Z</time>
      </trkpt>
      <trkpt lat="26.8914608" lon="75.8720047">
        <time>2024-02-15T06:30:04Z</time>
      </trkpt>
      <trkpt lat="26.8914095" lon="75.8721875">
        <time>2024-02-15T06:30:05Z</time>
      </trkpt>
      <trkpt lat="26.8913591" lon="75.8723633">
        <time>2024-02-15T06:30:06Z</time>
      </trkpt>
      <trkpt lat="26.8913085" lon="75.8725403">
        <time>2024-02-15T06:30:07Z</time>
      </trkpt>
      <trkpt lat="26.8912579" lon="75.8727153">
        <time>2024-02-15T06:30:08Z</time>
      </trkpt>
      <trkpt lat="26.8912063" lon="75.8728928">
        <time>2024-02-15T06:30:09Z</time>
      </trkpt>
      <trkpt lat="26.8911596" lon="75.8730568">
        <time>2024-02-15T06:30:10Z</time>
      </trkpt>
      <trkpt lat="26.8911114" lon="75.8732266">
        <time>2024-02-15T06:30:11Z</time>
      </trkpt>
      <trkpt lat="26.8910636" lon="75.8733972">
        <time>2024-02-15T06:30:12Z</time>
      </trkpt>
      <trkpt lat="26.8910194" lon="75.8735590">
        <time>2024-02-15T06:30:13Z</time>
      </trkpt>
      <trkpt lat="26.8909770" lon="75.8737147">
        <time>2024-02-15T06:30:14Z</time>
      </trkpt>
      <trkpt lat="26.8909342" lon="75.8738722">
        <time>2024-02-15T06:30:15Z</time>
      </trkpt>
      <trkpt lat="26.8908946" lon="75.8740193">
        <time>2024-02-15T06:30:16Z</time>
      </trkpt>
      <trkpt lat="26.8908567" lon="75.8741603">
        <time>2024-02-15T06:30:17Z</time>
      </trkpt>
      <trkpt lat="26.8908237" lon="75.8742948">
        <time>2024-02-15T06:30:18Z</time>
      </trkpt>
      <trkpt lat="26.8907925" lon="75.8744273">
        <time>2024-02-15T06:30:19Z</time>
      </trkpt>
      <trkpt lat="26.8907578" lon="75.8745603">
        <time>2024-02-15T06:30:20Z</time>
      </trkpt>
      <trkpt lat="26.8907190" lon="75.8746859">
        <time>2024-02-15T06:30:21Z</time>
      </trkpt>
      <trkpt lat="26.8906790" lon="75.8748047">
        <time>2024-02-15T06:30:22Z</time>
      </trkpt>
      <trkpt lat="26.8906381" lon="75.8749292">
        <time>2024-02-15T06:30:23Z</time>
      </trkpt>
      <trkpt lat="26.8905987" lon="75.8750524">
        <time>2024-02-15T06:30:24Z</time>
      </trkpt>
      <trkpt lat="26.8905594" lon="75.8751816">
        <time>2024-02-15T06:30:25Z</time>
      </trkpt>
      <trkpt lat="26.8905228" lon="75.8753037">
        <time>2024-02-15T06:30:26Z</time>
      </trkpt>
      <trkpt lat="26.8904847" lon="75.8754317">
        <time>2024-02-15T06:30:27Z</time>
      </trkpt>
      <trkpt lat="26.8904459" lon="75.8755671">
        <time>2024-02-15T06:30:28Z</time>
      </trkpt>
      <trkpt lat="26.8904101" lon="75.8756947">
        <time>2024-02-15T06:30:29Z</time>
      </trkpt>
      <trkpt lat="26.8903726" lon="75.8758285">
        <time>2024-02-15T06:30:30Z</time>
      </trkpt>
      <trkpt lat="26.8903344" lon="75.8759660">
        <time>2024-02-15T06:30:31Z</time>
      </trkpt>
      <trkpt lat="26.8902953" lon="75.8761046">
        <time>2024-02-15T06:30:32Z</time>
      </trkpt>
      <trkpt lat="26.8902547" lon="75.8762501">
        <time>2024-02-15T06:30:33Z</time>
      </trkpt>
      <trkpt lat="26.8902163" lon="75.8763892">
        <time>2024-02-15T06:30:34Z</time>
      </trkpt>
      <trkpt lat="26.8901767" lon="75.8765348">
        <time>2024-02-15T06:30:35Z</time>
      </trkpt>
      <trkpt lat="26.8901337" lon="75.8766886">
        <time>2024-02-15T06:30:36Z</time>
      </trkpt>
      <trkpt lat="26.8900920" lon="75.8768380">
        <time>2024-02-15T06:30:37Z</time>
      </trkpt>
      <trkpt lat="26.8900514" lon="75.8769842">
        <time>2024-02-15T06:30:38Z</time>
      </trkpt>
      <trkpt lat="26.8900084" lon="75.8771377">
        <time>2024-02-15T06:30:39Z</time>
      </trkpt>
      <trkpt lat="26.8899657" lon="75.8772942">
        <time>2024-02-15T06:30:40Z</time>
      </trkpt>
      <trkpt lat="26.8899210" lon="75.8774574">
        <time>2024-02-15T06:30:41Z</time>
      </trkpt>
      <trkpt lat="26.8898784" lon="75.8776146">
        <time>2024-02-15T06:30:42Z</time>
      </trkpt>
      <trkpt lat="26.8898342" lon="75.8777767">
        <time>2024-02-15T06:30:43Z</time>
      </trkpt>
      <trkpt lat="26.8897876" lon="75.8779456">
        <time>2024-02-15T06:30:44Z</time>
      </trkpt>
      <trkpt lat="26.8897438" lon="75.8781116">
        <time>2024-02-15T06:30:45Z</time>
      </trkpt>
      <trkpt lat="26.8897020" lon="75.8782754">
        <time>2024-02-15T06:30:46Z</time>
      </trkpt>
      <trkpt lat="26.8896580" lon="75.8784457">
        <time>2024-02-15T06:30:47Z</time>
      </trkpt>
      <trkpt lat="26.8896138" lon="75.8786204">
        <time>2024-02-15T06:30:48Z</time>
      </trkpt>
      <trkpt lat="26.8895692" lon="75.8787941">
        <time>2024-02-15T06:30:49Z</time>
      </trkpt>
      <trkpt lat="26.8895254" lon="75.8789683">
        <time>2024-02-15T06:30:50Z</time>
      </trkpt>
      <trkpt lat="26.8894810" lon="75.8791422">
        <time>2024-02-15T06:30:51Z</time>
      </trkpt>
      <trkpt lat="26.8894356" lon="75.8793212">
        <time>2024-02-15T06:30:52Z</time>
      </trkpt>
      <trkpt lat="26.8893917" lon="75.8794936">
        <time>2024-02-15T06:30:53Z</time>
      </trkpt>
      <trkpt lat="26.8893497" lon="75.8796618">
        <time>2024-02-15T06:30:54Z</time>
      </trkpt>
      <trkpt lat="26.8893072" lon="75.8798348">
        <time>2024-02-15T06:30:55Z</time>
      </trkpt>
      <trkpt lat="26.8892648" lon="75.8800097">
        <time>2024-02-15T06:30:56Z</time>
      </trkpt>
      <trkpt lat="26.8892220" lon="75.8801908">
        <time>2024-02-15T06:30:57Z</time>
      </trkpt>
      <trkpt lat="26.8891815" lon="75.8803613">
        <time>2024-02-15T06:30:58Z</time>
      </trkpt>
      <trkpt lat="26.8891380" lon="75.8805393">
        <time>2024-02-15T06:30:59Z</time>
      </trkpt>
      <trkpt lat="26.8890915" lon="75.8807268">
        <time>2024-02-15T06:31:00Z</time>
      </trkpt>
      <trkpt lat="26.8890459" lon="75.8809061">
        <time>2024-02-15T06:31:01Z</time>
      </trkpt>
      <trkpt lat="26.8890006" lon="75.8810838">
        <time>2024-02-15T06:31:02Z</time>
      </trkpt>
      <trkpt lat="26.8889551" lon="75.8812662">
        <time>2024-02-15T06:31:03Z</time>
      </trkpt>
      <trkpt lat="26.8889099" lon="75.8814478">
        <time>2024-02-15T06:31:04Z</time>
      </trkpt>
      <trkpt lat="26.8888624" lon="75.8816321">
        <time>2024-02-15T06:31:05Z</time>
      </trkpt>
      <trkpt lat="26.8888187" lon="75.8818008">
        <time>2024-02-15T06:31:06Z</time>
      </trkpt>
      <trkpt lat="26.8887734" lon="75.8819740">
        <time>2024-02-15T06:31:07Z</time>
      </trkpt>
      <trkpt lat="26.8887289" lon="75.8821500">
        <time>2024-02-15T06:31:08Z</time>
      </trkpt>
      <trkpt lat="26.8886888" lon="75.8823207">
        <time>2024-02-15T06:31:09Z</time>
      </trkpt>
      <trkpt lat="26.8886505" lon="75.8824857">
        <time>2024-02-15T06:31:10Z</time>
      </trkpt>
      <trkpt lat="26.8886120" lon="75.8826515">
        <time>2024-02-15T06:31:11Z</time>
      </trkpt>
      <trkpt lat="26.8885760" lon="75.8828147">
        <time>2024-02-15T06:31:12Z</time>
      </trkpt>
      <trkpt lat="26.8885386" lon="75.8829846">
        <time>2024-02-15T06:31:13Z</time>
      </trkpt>
      <trkpt lat="26.8885013" lon="75.8831441">
        <time>2024-02-15T06:31:14Z</time>
      </trkpt>
      <trkpt lat="26.8884610" lon="75.8833020">
        <time>2024-02-15T06:31:15Z</time>
      </trkpt>
      <trkpt lat="26.8884220" lon="75.8834490">
        <time>2024-02-15T06:31:16Z</time>
      </trkpt>
      <trkpt lat="26.8883865" lon="75.8835775">
        <time>2024-02-15T06:31:17Z</time>
      </trkpt>
      <trkpt lat="26.8883529" lon="75.8836970">
        <time>2024-02-15T06:31:18Z</time>
      </trkpt>
      <trkpt lat="26.8883172" lon="75.8838210">
        <time>2024-02-15T06:31:19Z</time>
      </trkpt>
      <trkpt lat="26.8882806" lon="75.8839485">
        <time>2024-02-15T06:31:20Z</time>
      </trkpt>
      <trkpt lat="26.8882438" lon="75.8840789">
        <time>2024-02-15T06:31:21Z</time>
      </trkpt>
      <trkpt lat="26.8882063" lon="75.8842137">
        <time>2024-02-15T06:31:22Z</time>
      </trkpt>
      <trkpt lat="26.8881694" lon="75.8843520">
        <time>2024-02-15T06:31:23Z</time>
      </trkpt>
      <trkpt lat="26.8881321" lon="75.8844940">
        <time>2024-02-15T06:31:24Z</time>
      </trkpt>
      <trkpt lat="26.8880981" lon="75.8846270">
        <time>2024-02-15T06:31:25Z</time>
      </trkpt>
      <trkpt lat="26.8880640" lon="75.8847623">
        <time>2024-02-15T06:31:26Z</time>
      </trkpt>
      <trkpt lat="26.8880286" lon="75.8848991">
        <time>2024-02-15T06:31:27Z</time>
      </trkpt>
      <trkpt lat="26.8879926" lon="75.8850402">
        <time>2024-02-15T06:31:28Z</time>
      </trkpt>
      <trkpt lat="26.8879549" lon="75.8851909">
        <time>2024-02-15T06:31:29Z</time>
      </trkpt>
      <trkpt lat="26.8879191" lon="75.8853373">
        <time>2024-02-15T06:31:30Z</time>
      </trkpt>
      <trkpt lat="26.8878800" lon="75.8854934">
        <time>2024-02-15T06:31:31Z</time>
      </trkpt>
      <trkpt lat="26.8878375" lon="75.8856589">
        <time>2024-02-15T06:31:32Z</time>
      </trkpt>
      <trkpt lat="26.8877955" lon="75.8858179">
        <time>2024-02-15T06:31:33Z</time>
      </trkpt>
      <trkpt lat="26.8877557" lon="75.8859701">
        <time>2024-02-15T06:31:34Z</time>
      </trkpt>
      <trkpt lat="26.8877161" lon="75.8861258">
        <time>2024-02-15T06:31:35Z</time>
      </trkpt>
      <trkpt lat="26.8876779" lon="75.8862792">
        <time>2024-02-15T06:31:36Z</time>
      </trkpt>
      <trkpt lat="26.8876391" lon="75.8864316">
        <time>2024-02-15T06:31:37Z</time>
      </trkpt>
      <trkpt lat="26.8876010" lon="75.8865798">
        <time>2024-02-15T06:31:38Z</time>
      </trkpt>
      <trkpt lat="26.8875632" lon="75.8867269">
        <time>2024-02-15T06:31:39Z</time>
      </trkpt>
      <trkpt lat="26.8875235" lon="75.8868797">
        <time>2024-02-15T06:31:40Z</time>
      </trkpt>
      <trkpt lat="26.8874848" lon="75.8870298">
        <time>2024-02-15T06:31:41Z</time>
      </trkpt>
      <trkpt lat="26.8874464" lon="75.8871759">
        <time>2024-02-15T06:31:42Z</time>
      </trkpt>
      <trkpt lat="26.8874058" lon="75.8873284">
        <time>2024-02-15T06:31:43Z</time>
      </trkpt>
      <trkpt lat="26.8873637" lon="75.8874849">
        <time>2024-02-15T06:31:44Z</time>
      </trkpt>
      <trkpt lat="26.8873224" lon="75.8876407">
        <time>2024-02-15T06:31:45Z</time>
      </trkpt>
      <trkpt lat="26.8872806" lon="75.8877996">
        <time>2024-02-15T06:31:46Z</time>
      </trkpt>
      <trkpt lat="26.8872385" lon="75.8879606">
        <time>2024-02-15T06:31:47Z</time>
      </trkpt>
      <trkpt lat="26.8871956" lon="75.8881281">
        <time>2024-02-15T06:31:48Z</time>
      </trkpt>
      <trkpt lat="26.8871534" lon="75.8882888">
        <time>2024-02-15T06:31:49Z</time>
      </trkpt>
      <trkpt lat="26.8871124" lon="75.8884430">
        <time>2024-02-15T06:31:50Z</time>
      </trkpt>
      <trkpt lat="26.8870702" lon="75.8885981">
        <time>2024-02-15T06:31:51Z</time>
      </trkpt>
      <trkpt lat="26.8870317" lon="75.8887427">
        <time>2024-02-15T06:31:52Z</time>
      </trkpt>
      <trkpt lat="26.8869970" lon="75.8888788">
        <time>2024-02-15T06:31:53Z</time>
      </trkpt>
      <trkpt lat="26.8869676" lon="75.8889902">
        <time>2024-02-15T06:31:54Z</time>
      </trkpt>
      <trkpt lat="26.8869402" lon="75.8890929">
        <time>2024-02-15T06:31:55Z</time>
      </trkpt>
      <trkpt lat="26.8869127" lon="75.8891958">
        <time>2024-02-15T06:31:56Z</time>
      </trkpt>
      <trkpt lat="26.8868864" lon="75.8892944">
        <time>2024-02-15T06:31:57Z</time>
      </trkpt>
      <trkpt lat="26.8868600" lon="75.8893979">
        <time>2024-02-15T06:31:58Z</time>
      </trkpt>
      <trkpt lat="26.8868328" lon="75.8895075">
        <time>2024-02-15T06:31:59Z</time>
      </trkpt>
      <trkpt lat="26.8868026" lon="75.8896230">
        <time>2024-02-15T06:32:00Z</time>
      </trkpt>
      <trkpt lat="26.8867705" lon="75.8897480">
        <time>2024-02-15T06:32:01Z</time>
      </trkpt>
      <trkpt lat="26.8867374" lon="75.8898714">
        <time>2024-02-15T06:32:02Z</time>
      </trkpt>
      <trkpt lat="26.8867017" lon="75.8900046">
        <time>2024-02-15T06:32:03Z</time>
      </trkpt>
      <trkpt lat="26.8866645" lon="75.8901469">
        <time>2024-02-15T06:32:04Z</time>
      </trkpt>
      <trkpt lat="26.8866279" lon="75.8902912">
        <time>2024-02-15T06:32:05Z</time>
      </trkpt>
      <trkpt lat="26.8865912" lon="75.8904330">
        <time>2024-02-15T06:32:06Z</time>
      </trkpt>
      <trkpt lat="26.8865554" lon="75.8905779">
        <time>2024-02-15T06:32:07Z</time>
      </trkpt>
      <trkpt lat="26.8865210" lon="75.8907192">
        <time>2024-02-15T06:32:08Z</time>
      </trkpt>
      <trkpt lat="26.8864890" lon="75.8908604">
        <time>2024-02-15T06:32:09Z</time>
      </trkpt>
      <trkpt lat="26.8864561" lon="75.8909964">
        <time>2024-02-15T06:32:10Z</time>
      </trkpt>
      <trkpt lat="26.8864205" lon="75.8911294">
        <time>2024-02-15T06:32:11Z</time>
      </trkpt>
      <trkpt lat="26.8863847" lon="75.8912644">
        <time>2024-02-15T06:32:12Z</time>
      </trkpt>
      <trkpt lat="26.8863492" lon="75.8913884">
        <time>2024-02-15T06:32:13Z</time>
      </trkpt>
      <trkpt lat="26.8863139" lon="75.8915057">
        <time>2024-02-15T06:32:14Z</time>
      </trkpt>
      <trkpt lat="26.8862784" lon="75.8916295">
        <time>2024-02-15T06:32:15Z</time>
      </trkpt>
      <trkpt lat="26.8862430" lon="75.8917541">
        <time>2024-02-15T06:32:16Z</time>
      </trkpt>
      <trkpt lat="26.8862063" lon="75.8918849">
        <time>2024-02-15T06:32:17Z</time>
      </trkpt>
      <trkpt lat="26.8861692" lon="75.8920192">
        <time>2024-02-15T06:32:18Z</time>
      </trkpt>
      <trkpt lat="26.8861306" lon="75.8921559">
        <time>2024-02-15T06:32:19Z</time>
      </trkpt>
      <trkpt lat="26.8860909" lon="75.8922992">
        <time>2024-02-15T06:32:20Z</time>
      </trkpt>
      <trkpt lat="26.8860517" lon="75.8924395">
        <time>2024-02-15T06:32:21Z</time>
      </trkpt>
      <trkpt lat="26.8860126" lon="75.8925788">
        <time>2024-02-15T06:32:22Z</time>
      </trkpt>
      <trkpt lat="26.8859728" lon="75.8927231">
        <time>2024-02-15T06:32:23Z</time>
      </trkpt>
      <trkpt lat="26.8859328" lon="75.8928679">
        <time>2024-02-15T06:32:24Z</time>
      </trkpt>
      <trkpt lat="26.8858907" lon="75.8930184">
        <time>2024-02-15T06:32:25Z</time>
      </trkpt>
      <trkpt lat="26.8858507" lon="75.8931585">
        <time>2024-02-15T06:32:26Z</time>
      </trkpt>
      <trkpt lat="26.8858089" lon="75.8933035">
        <time>2024-02-15T06:32:27Z</time>
      </trkpt>
      <trkpt lat="26.8857663" lon="75.8934560">
        <time>2024-02-15T06:32:28Z</time>
      </trkpt>
      <trkpt lat="26.8857258" lon="75.8936043">
        <time>2024-02-15T06:32:29Z</time>
      </trkpt>
      <trkpt lat="26.8856864" lon="75.8937495">
        <time>2024-02-15T06:32:30Z</time>
      </trkpt>
      <trkpt lat="26.8856451" lon="75.8939004">
        <time>2024-02-15T06:32:31Z</time>
      </trkpt>
      <trkpt lat="26.8856044" lon="75.8940505">
        <time>2024-02-15T06:32:32Z</time>
      </trkpt>
      <trkpt lat="26.8855631" lon="75.8942056">
        <time>2024-02-15T06:32:33Z</time>
      </trkpt>
      <trkpt lat="26.8855232" lon="75.8943529">
        <time>2024-02-15T06:32:34Z</time>
      </trkpt>
      <trkpt lat="26.8854828" lon="75.8945050">
        <time>2024-02-15T06:32:35Z</time>
      </trkpt>
      <trkpt lat="26.8854410" lon="75.8946623">
        <time>2024-02-15T06:32:36Z</time>
      </trkpt>
      <trkpt lat="26.8854008" lon="75.8948142">
        <time>2024-02-15T06:32:37Z</time>
      </trkpt>
      <trkpt lat="26.8853618" lon="75.8949588">
        <time>2024-02-15T06:32:38Z</time>
      </trkpt>
      <trkpt lat="26.8853219" lon="75.8951057">
        <time>2024-02-15T06:32:39Z</time>
      </trkpt>
      <trkpt lat="26.8852812" lon="75.8952542">
        <time>2024-02-15T06:32:40Z</time>
      </trkpt>
      <trkpt lat="26.8852406" lon="75.8954006">
        <time>2024-02-15T06:32:41Z</time>
      </trkpt>
      <trkpt lat="26.8852000" lon="75.8955488">
        <time>2024-02-15T06:32:42Z</time>
      </trkpt>
      <trkpt lat="26.8851603" lon="75.8956976">
        <time>2024-02-15T06:32:43Z</time>
      </trkpt>
      <trkpt lat="26.8851190" lon="75.8958515">
        <time>2024-02-15T06:32:44Z</time>
      </trkpt>
      <trkpt lat="26.8850784" lon="75.8959994">
        <time>2024-02-15T06:32:45Z</time>
      </trkpt>
      <trkpt lat="26.8850396" lon="75.8961419">
        <time>2024-02-15T06:32:46Z</time>
      </trkpt>
      <trkpt lat="26.8849995" lon="75.8962900">
        <time>2024-02-15T06:32:47Z</time>
      </trkpt>
      <trkpt lat="26.8849596" lon="75.8964366">
        <time>2024-02-15T06:32:48Z</time>
      </trkpt>
      <trkpt lat="26.8849189" lon="75.8965866">
        <time>2024-02-15T06:32:49Z</time>
      </trkpt>
      <trkpt lat="26.8848829" lon="75.8967247">
        <time>2024-02-15T06:32:50Z</time>
      </trkpt>
      <trkpt lat="26.8848487" lon="75.8968641">
        <time>2024-02-15T06:32:51Z</time>
      </trkpt>
      <trkpt lat="26.8848163" lon="75.8969975">
        <time>2024-02-15T06:32:52Z</time>
      </trkpt>
      <trkpt lat="26.8847872" lon="75.8971157">
        <time>2024-02-15T06:32:53Z</time>
      </trkpt>
      <trkpt lat="26.8847590" lon="75.8972259">
        <time>2024-02-15T06:32:54Z</time>
      </trkpt>
      <trkpt lat="26.8847298" lon="75.8973302">
        <time>2024-02-15T06:32:55Z</time>
      </trkpt>
      <trkpt lat="26.8847000" lon="75.8974351">
        <time>2024-02-15T06:32:56Z</time>
      </trkpt>
      <trkpt lat="26.8846692" lon="75.8975476">
        <time>2024-02-15T06:32:57Z</time>
      </trkpt>
      <trkpt lat="26.8846399" lon="75.8976567">
        <time>2024-02-15T06:32:58Z</time>
      </trkpt>
      <trkpt lat="26.8846072" lon="75.8977738">
        <time>2024-02-15T06:32:59Z</time>
      </trkpt>
      <trkpt lat="26.8845719" lon="75.8978985">
        <time>2024-02-15T06:33:00Z</time>
      </trkpt>
      <trkpt lat="26.8845369" lon="75.8980241">
        <time>2024-02-15T06:33:01Z</time>
      </trkpt>
      <trkpt lat="26.8845018" lon="75.8981494">
        <time>2024-02-15T06:33:02Z</time>
      </trkpt>
      <trkpt lat="26.8844645" lon="75.8982819">
        <time>2024-02-15T06:33:03Z</time>
      </trkpt>
      <trkpt lat="26.8844250" lon="75.8984184">
        <time>2024-02-15T06:33:04Z</time>
      </trkpt>
      <trkpt lat="26.8843833" lon="75.8985581">
        <time>2024-02-15T06:33:05Z</time>
      </trkpt>
      <trkpt lat="26.8843409" lon="75.8986994">
        <time>2024-02-15T06:33:06Z</time>
      </trkpt>
      <trkpt lat="26.8842978" lon="75.8988437">
        <time>2024-02-15T06:33:07Z</time>
      </trkpt>
      <trkpt lat="26.8842550" lon="75.8989928">
        <time>2024-02-15T06:33:08Z</time>
      </trkpt>
      <trkpt lat="26.8842149" lon="75.8991353">
        <time>2024-02-15T06:33:09Z</time>
      </trkpt>
      <trkpt lat="26.8841764" lon="75.8992734">
        <time>2024-02-15T06:33:10Z</time>
      </trkpt>
      <trkpt lat="26.8841369" lon="75.8994158">
        <time>2024-02-15T06:33:11Z</time>
      </trkpt>
      <trkpt lat="26.8840972" lon="75.8995619">
        <time>2024-02-15T06:33:12Z</time>
      </trkpt>
      <trkpt lat="26.8840559" lon="75.8997126">
        <time>2024-02-15T06:33:13Z</time>
      </trkpt>
      <trkpt lat="26.8840158" lon="75.8998547">
        <time>2024-02-15T06:33:14Z</time>
      </trkpt>
    </trkseg>
  </trk>
  <trk>
    <name>2023_01_01_05_11_Sun.gpx.gz</name>
    <desc>Chandigarh to Jaipur</desc>
    <url>/user/apnkpr/traces/5802351</url>
    <trkseg>
      <trkpt lat="26.9998034" lon="75.8763601">
        <time>2023-01-01T07:41:15Z</time>
      </trkpt>
      <trkpt lat="26.9988735" lon="75.8763921">
        <time>2023-01-01T07:41:21Z</time>
      </trkpt>
      <trkpt lat="26.9979231" lon="75.8764033">
        <time>2023-01-01T07:41:27Z</time>
      </trkpt>
      <trkpt lat="26.9970135" lon="75.8764502">
        <time>2023-01-01T07:41:32Z</time>
      </trkpt>
      <trkpt lat="26.9962769" lon="75.8764468">
        <time>2023-01-01T07:41:37Z</time>
      </trkpt>
      <trkpt lat="26.9959071" lon="75.8763841">
        <time>2023-01-01T07:41:43Z</time>
      </trkpt>
      <trkpt lat="26.9954994" lon="75.8762676">
        <time>2023-01-01T07:41:48Z</time>
      </trkpt>
      <trkpt lat="26.9950690" lon="75.8761790">
        <time>2023-01-01T07:41:53Z</time>
      </trkpt>
      <trkpt lat="26.9947405" lon="75.8760653">
        <time>2023-01-01T07:41:59Z</time>
      </trkpt>
      <trkpt lat="26.9943037" lon="75.8759608">
        <time>2023-01-01T07:42:04Z</time>
      </trkpt>
      <trkpt lat="26.9937489" lon="75.8758498">
        <time>2023-01-01T07:42:10Z</time>
      </trkpt>
      <trkpt lat="26.9932486" lon="75.8757112">
        <time>2023-01-01T07:42:16Z</time>
      </trkpt>
      <trkpt lat="26.9927141" lon="75.8755941">
        <time>2023-01-01T07:42:21Z</time>
      </trkpt>
      <trkpt lat="26.9920387" lon="75.8754319">
        <time>2023-01-01T07:42:26Z</time>
      </trkpt>
      <trkpt lat="26.9910988" lon="75.8752133">
        <time>2023-01-01T07:42:32Z</time>
      </trkpt>
      <trkpt lat="26.9902095" lon="75.8752062">
        <time>2023-01-01T07:42:37Z</time>
      </trkpt>
      <trkpt lat="26.9892317" lon="75.8753496">
        <time>2023-01-01T07:42:42Z</time>
      </trkpt>
      <trkpt lat="26.9882088" lon="75.8755174">
        <time>2023-01-01T07:42:48Z</time>
      </trkpt>
      <trkpt lat="26.9873919" lon="75.8756288">
        <time>2023-01-01T07:42:53Z</time>
      </trkpt>
      <trkpt lat="26.9865708" lon="75.8757479">
        <time>2023-01-01T07:42:59Z</time>
      </trkpt>
      <trkpt lat="26.9857544" lon="75.8757540">
        <time>2023-01-01T07:43:05Z</time>
      </trkpt>
      <trkpt lat="26.9848296" lon="75.8756747">
        <time>2023-01-01T07:43:11Z</time>
      </trkpt>
      <trkpt lat="26.9841089" lon="75.8755840">
        <time>2023-01-01T07:43:16Z</time>
      </trkpt>
      <trkpt lat="26.9833952" lon="75.8754059">
        <time>2023-01-01T07:43:21Z</time>
      </trkpt>
      <trkpt lat="26.9825404" lon="75.8750599">
        <time>2023-01-01T07:43:27Z</time>
      </trkpt>
      <trkpt lat="26.9815430" lon="75.8745961">
        <time>2023-01-01T07:43:33Z</time>
      </trkpt>
      <trkpt lat="26.9806991" lon="75.8742171">
        <time>2023-01-01T07:43:38Z</time>
      </trkpt>
      <trkpt lat="26.9796460" lon="75.8736745">
        <time>2023-01-01T07:43:44Z</time>
      </trkpt>
      <trkpt lat="26.9785261" lon="75.8730987">
        <time>2023-01-01T07:43:50Z</time>
      </trkpt>
      <trkpt lat="26.9776219" lon="75.8726325">
        <time>2023-01-01T07:43:55Z</time>
      </trkpt>
      <trkpt lat="26.9767154" lon="75.8721864">
        <time>2023-01-01T07:44:01Z</time>
      </trkpt>
      <trkpt lat="26.9757547" lon="75.8718878">
        <time>2023-01-01T07:44:07Z</time>
      </trkpt>
      <trkpt lat="26.9747469" lon="75.8717658">
        <time>2023-01-01T07:44:13Z</time>
      </trkpt>
      <trkpt lat="26.9740591" lon="75.8717019">
        <time>2023-01-01T07:44:19Z</time>
      </trkpt>
      <trkpt lat="26.9733791" lon="75.8716290">
        <time>2023-01-01T07:44:25Z</time>
      </trkpt>
      <trkpt lat="26.9726471" lon="75.8715567">
        <time>2023-01-01T07:44:30Z</time>
      </trkpt>
      <trkpt lat="26.9719370" lon="75.8714866">
        <time>2023-01-01T07:44:35Z</time>
      </trkpt>
      <trkpt lat="26.9713271" lon="75.8714462">
        <time>2023-01-01T07:44:40Z</time>
      </trkpt>
      <trkpt lat="26.9707914" lon="75.8713998">
        <time>2023-01-01T07:44:45Z</time>
      </trkpt>
      <trkpt lat="26.9700664" lon="75.8712978">
        <time>2023-01-01T07:44:51Z</time>
      </trkpt>
      <trkpt lat="26.9694423" lon="75.8712568">
        <time>2023-01-01T07:44:56Z</time>
      </trkpt>
      <trkpt lat="26.9688460" lon="75.8711908">
        <time>2023-01-01T07:45:02Z</time>
      </trkpt>
      <trkpt lat="26.9681137" lon="75.8710976">
        <time>2023-01-01T07:45:08Z</time>
      </trkpt>
      <trkpt lat="26.9673406" lon="75.8709968">
        <time>2023-01-01T07:45:13Z</time>
      </trkpt>
      <trkpt lat="26.9663263" lon="75.8707530">
        <time>2023-01-01T07:45:19Z</time>
      </trkpt>
      <trkpt lat="26.9656000" lon="75.8704576">
        <time>2023-01-01T07:45:24Z</time>
      </trkpt>
      <trkpt lat="26.9647724" lon="75.8700545">
        <time>2023-01-01T07:45:30Z</time>
      </trkpt>
      <trkpt lat="26.9640164" lon="75.8695333">
        <time>2023-01-01T07:45:36Z</time>
      </trkpt>
      <trkpt lat="26.9632206" lon="75.8689482">
        <time>2023-01-01T07:45:42Z</time>
      </trkpt>
      <trkpt lat="26.9624270" lon="75.8683907">
        <time>2023-01-01T07:45:48Z</time>
      </trkpt>
      <trkpt lat="26.9618600" lon="75.8680047">
        <time>2023-01-01T07:45:53Z</time>
      </trkpt>
      <trkpt lat="26.9613553" lon="75.8676493">
        <time>2023-01-01T07:45:59Z</time>
      </trkpt>
      <trkpt lat="26.9611753" lon="75.8675222">
        <time>2023-01-01T07:46:04Z</time>
      </trkpt>
      <trkpt lat="26.9610007" lon="75.8674113">
        <time>2023-01-01T07:46:10Z</time>
      </trkpt>
      <trkpt lat="26.9607231" lon="75.8672007">
        <time>2023-01-01T07:46:16Z</time>
      </trkpt>
      <trkpt lat="26.9604634" lon="75.8670043">
        <time>2023-01-01T07:46:22Z</time>
      </trkpt>
      <trkpt lat="26.9601844" lon="75.8668065">
        <time>2023-01-01T07:46:27Z</time>
      </trkpt>
      <trkpt lat="26.9597407" lon="75.8666168">
        <time>2023-01-01T07:46:33Z</time>
      </trkpt>
      <trkpt lat="26.9592638" lon="75.8664848">
        <time>2023-01-01T07:46:39Z</time>
      </trkpt>
      <trkpt lat="26.9587130" lon="75.8663309">
        <time>2023-01-01T07:46:45Z</time>
      </trkpt>
      <trkpt lat="26.9579881" lon="75.8661352">
        <time>2023-01-01T07:46:51Z</time>
      </trkpt>
      <trkpt lat="26.9572803" lon="75.8659623">
        <time>2023-01-01T07:46:57Z</time>
      </trkpt>
      <trkpt lat="26.9567187" lon="75.8658339">
        <time>2023-01-01T07:47:02Z</time>
      </trkpt>
      <trkpt lat="26.9559947" lon="75.8656699">
        <time>2023-01-01T07:47:08Z</time>
      </trkpt>
      <trkpt lat="26.9553110" lon="75.8655042">
        <time>2023-01-01T07:47:13Z</time>
      </trkpt>
      <trkpt lat="26.9545578" lon="75.8652705">
        <time>2023-01-01T07:47:19Z</time>
      </trkpt>
      <trkpt lat="26.9539065" lon="75.8649703">
        <time>2023-01-01T07:47:25Z</time>
      </trkpt>
      <trkpt lat="26.9534018" lon="75.8646655">
        <time>2023-01-01T07:47:30Z</time>
      </trkpt>
      <trkpt lat="26.9528296" lon="75.8642100">
        <time>2023-01-01T07:47:36Z</time>
      </trkpt>
      <trkpt lat="26.9523247" lon="75.8636458">
        <time>2023-01-01T07:47:42Z</time>
      </trkpt>
      <trkpt lat="26.9519716" lon="75.8631682">
        <time>2023-01-01T07:47:48Z</time>
      </trkpt>
      <trkpt lat="26.9515861" lon="75.8626824">
        <time>2023-01-01T07:47:53Z</time>
      </trkpt>
      <trkpt lat="26.9514316" lon="75.8624993">
        <time>2023-01-01T07:47:59Z</time>
      </trkpt>
      <trkpt lat="26.9514208" lon="75.8624852">
        <time>2023-01-01T07:48:04Z</time>
      </trkpt>
      <trkpt lat="26.9514208" lon="75.8624852">
        <time>2023-01-01T07:48:09Z</time>
      </trkpt>
      <trkpt lat="26.9514208" lon="75.8624852">
        <time>2023-01-01T07:48:14Z</time>
      </trkpt>
      <trkpt lat="26.9514208" lon="75.8624852">
        <time>2023-01-01T07:48:19Z</time>
      </trkpt>
      <trkpt lat="26.9514208" lon="75.8624852">
        <time>2023-01-01T07:48:25Z</time>
      </trkpt>
      <trkpt lat="26.9514208" lon="75.8624852">
        <time>2023-01-01T07:48:30Z</time>
      </trkpt>
      <trkpt lat="26.9514208" lon="75.8624852">
        <time>2023-01-01T07:48:35Z</time>
      </trkpt>
      <trkpt lat="26.9514208" lon="75.8624852">
        <time>2023-01-01T07:48:41Z</time>
      </trkpt>
      <trkpt lat="26.9514208" lon="75.8624852">
        <time>2023-01-01T07:48:47Z</time>
      </trkpt>
      <trkpt lat="26.9513779" lon="75.8624432">
        <time>2023-01-01T07:48:53Z</time>
      </trkpt>
      <trkpt lat="26.9513109" lon="75.8623506">
        <time>2023-01-01T07:48:59Z</time>
      </trkpt>
      <trkpt lat="26.9512266" lon="75.8622436">
        <time>2023-01-01T07:49:05Z</time>
      </trkpt>
      <trkpt lat="26.9510922" lon="75.8620417">
        <time>2023-01-01T07:49:11Z</time>
      </trkpt>
      <trkpt lat="26.9510105" lon="75.8619414">
        <time>2023-01-01T07:49:16Z</time>
      </trkpt>
      <trkpt lat="26.9507906" lon="75.8616264">
        <time>2023-01-01T07:49:22Z</time>
      </trkpt>
      <trkpt lat="26.9505383" lon="75.8611685">
        <time>2023-01-01T07:49:28Z</time>
      </trkpt>
      <trkpt lat="26.9503596" lon="75.8605209">
        <time>2023-01-01T07:49:34Z</time>
      </trkpt>
      <trkpt lat="26.9502392" lon="75.8598126">
        <time>2023-01-01T07:49:40Z</time>
      </trkpt>
      <trkpt lat="26.9501494" lon="75.8591755">
        <time>2023-01-01T07:49:45Z</time>
      </trkpt>
      <trkpt lat="26.9500986" lon="75.8584311">
        <time>2023-01-01T07:49:51Z</time>
      </trkpt>
      <trkpt lat="26.9500671" lon="75.8578418">
        <time>2023-01-01T07:49:56Z</time>
      </trkpt>
      <trkpt lat="26.9500137" lon="75.8571888">
        <time>2023-01-01T07:50:02Z</time>
      </trkpt>
      <trkpt lat="26.9499359" lon="75.8566183">
        <time>2023-01-01T07:50:08Z</time>
      </trkpt>
      <trkpt lat="26.9498669" lon="75.8561183">
        <time>2023-01-01T07:50:13Z</time>
      </trkpt>
      <trkpt lat="26.9496877" lon="75.8556587">
        <time>2023-01-01T07:50:18Z</time>
      </trkpt>
      <trkpt lat="26.9493419" lon="75.8551337">
        <time>2023-01-01T07:50:24Z</time>
      </trkpt>
      <trkpt lat="26.9490107" lon="75.8546474">
        <time>2023-01-01T07:50:29Z</time>
      </trkpt>
      <trkpt lat="26.9485675" lon="75.8539852">
        <time>2023-01-01T07:50:35Z</time>
      </trkpt>
      <trkpt lat="26.9482545" lon="75.8535095">
        <time>2023-01-01T07:50:40Z</time>
      </trkpt>
      <trkpt lat="26.9479072" lon="75.8529884">
        <time>2023-01-01T07:50:46Z</time>
      </trkpt>
      <trkpt lat="26.9475131" lon="75.8524031">
        <time>2023-01-01T07:50:52Z</time>
      </trkpt>
      <trkpt lat="26.9470894" lon="75.8518121">
        <time>2023-01-01T07:50:58Z</time>
      </trkpt>
      <trkpt lat="26.9467376" lon="75.8513375">
        <time>2023-01-01T07:51:03Z</time>
      </trkpt>
      <trkpt lat="26.9464663" lon="75.8509621">
        <time>2023-01-01T07:51:09Z</time>
      </trkpt>
      <trkpt lat="26.9463702" lon="75.8508388">
        <time>2023-01-01T07:51:15Z</time>
      </trkpt>
      <trkpt lat="26.9462907" lon="75.8507855">
        <time>2023-01-01T07:51:21Z</time>
      </trkpt>
      <trkpt lat="26.9462282" lon="75.8507263">
        <time>2023-01-01T07:51:27Z</time>
      </trkpt>
      <trkpt lat="26.9462082" lon="75.8507070">
        <time>2023-01-01T07:51:33Z</time>
      </trkpt>
      <trkpt lat="26.9461616" lon="75.8506620">
        <time>2023-01-01T07:51:39Z</time>
      </trkpt>
      <trkpt lat="26.9461324" lon="75.8506365">
        <time>2023-01-01T07:51:44Z</time>
      </trkpt>
      <trkpt lat="26.9461322" lon="75.8506366">
        <time>2023-01-01T07:51:50Z</time>
      </trkpt>
      <trkpt lat="26.9461322" lon="75.8506366">
        <time>2023-01-01T07:51:55Z</time>
      </trkpt>
      <trkpt lat="26.9461322" lon="75.8506366">
        <time>2023-01-01T07:52:01Z</time>
      </trkpt>
      <trkpt lat="26.9461322" lon="75.8506366">
        <time>2023-01-01T07:52:07Z</time>
      </trkpt>
      <trkpt lat="26.9461322" lon="75.8506366">
        <time>2023-01-01T07:52:12Z</time>
      </trkpt>
      <trkpt lat="26.9461322" lon="75.8506366">
        <time>2023-01-01T07:52:17Z</time>
      </trkpt>
      <trkpt lat="26.9461277" lon="75.8506258">
        <time>2023-01-01T07:52:23Z</time>
      </trkpt>
      <trkpt lat="26.9459761" lon="75.8504984">
        <time>2023-01-01T07:52:29Z</time>
      </trkpt>
      <trkpt lat="26.9458125" lon="75.8503732">
        <time>2023-01-01T07:52:34Z</time>
      </trkpt>
      <trkpt lat="26.9455126" lon="75.8502276">
        <time>2023-01-01T07:52:40Z</time>
      </trkpt>
      <trkpt lat="26.9450294" lon="75.8501348">
        <time>2023-01-01T07:52:46Z</time>
      </trkpt>
      <trkpt lat="26.9445236" lon="75.8500679">
        <time>2023-01-01T07:52:51Z</time>
      </trkpt>
      <trkpt lat="26.9438709" lon="75.8498897">
        <time>2023-01-01T07:52:57Z</time>
      </trkpt>
      <trkpt lat="26.9433883" lon="75.8496907">
        <time>2023-01-01T07:53:02Z</time>
      </trkpt>
      <trkpt lat="26.9430579" lon="75.8495317">
        <time>2023-01-01T07:53:07Z</time>
      </trkpt>
      <trkpt lat="26.9426673" lon="75.8493593">
        <time>2023-01-01T07:53:12Z</time>
      </trkpt>
      <trkpt lat="26.9421226" lon="75.8491251">
        <time>2023-01-01T07:53:18Z</time>
      </trkpt>
      <trkpt lat="26.9417300" lon="75.8489570">
        <time>2023-01-01T07:53:23Z</time>
      </trkpt>
      <trkpt lat="26.9413978" lon="75.8487855">
        <time>2023-01-01T07:53:29Z</time>
      </trkpt>
      <trkpt lat="26.9409951" lon="75.8485850">
        <time>2023-01-01T07:53:35Z</time>
      </trkpt>
      <trkpt lat="26.9407023" lon="75.8483926">
        <time>2023-01-01T07:53:41Z</time>
      </trkpt>
      <trkpt lat="26.9404755" lon="75.8482154">
        <time>2023-01-01T07:53:46Z</time>
      </trkpt>
      <trkpt lat="26.9401739" lon="75.8479580">
        <time>2023-01-01T07:53:52Z</time>
      </trkpt>
      <trkpt lat="26.9397020" lon="75.8475955">
        <time>2023-01-01T07:53:58Z</time>
      </trkpt>
      <trkpt lat="26.9393183" lon="75.8472993">
        <time>2023-01-01T07:54:04Z</time>
      </trkpt>
      <trkpt lat="26.9391044" lon="75.8471509">
        <time>2023-01-01T07:54:09Z</time>
      </trkpt>
      <trkpt lat="26.9390504" lon="75.8471163">
        <time>2023-01-01T07:54:15Z</time>
      </trkpt>
      <trkpt lat="26.9390504" lon="75.8471163">
        <time>2023-01-01T07:54:20Z</time>
      </trkpt>
      <trkpt lat="26.9390504" lon="75.8471163">
        <time>2023-01-01T07:54:26Z</time>
      </trkpt>
      <trkpt lat="26.9390504" lon="75.8471163">
        <time>2023-01-01T07:54:32Z</time>
      </trkpt>
      <trkpt lat="26.9390504" lon="75.8471163">
        <time>2023-01-01T07:54:38Z</time>
      </trkpt>
      <trkpt lat="26.9389024" lon="75.8470179">
        <time>2023-01-01T07:54:43Z</time>
      </trkpt>
      <trkpt lat="26.9387957" lon="75.8469551">
        <time>2023-01-01T07:54:48Z</time>
      </trkpt>
      <trkpt lat="26.9383904" lon="75.8467701">
        <time>2023-01-01T07:54:54Z</time>
      </trkpt>
      <trkpt lat="26.9377337" lon="75.8465621">
        <time>2023-01-01T07:55:00Z</time>
      </trkpt>
      <trkpt lat="26.9370778" lon="75.8464032">
        <time>2023-01-01T07:55:05Z</time>
      </trkpt>
      <trkpt lat="26.9362633" lon="75.8462802">
        <time>2023-01-01T07:55:11Z</time>
      </trkpt>
      <trkpt lat="26.9356100" lon="75.8461704">
        <time>2023-01-01T07:55:16Z</time>
      </trkpt>
      <trkpt lat="26.9350193" lon="75.8460748">
        <time>2023-01-01T07:55:21Z</time>
      </trkpt>
      <trkpt lat="26.9344322" lon="75.8459626">
        <time>2023-01-01T07:55:27Z</time>
      </trkpt>
      <trkpt lat="26.9341805" lon="75.8458970">
        <time>2023-01-01T07:55:32Z</time>
      </trkpt>
      <trkpt lat="26.9337379" lon="75.8458020">
        <time>2023-01-01T07:55:38Z</time>
      </trkpt>
      <trkpt lat="26.9333543" lon="75.8457336">
        <time>2023-01-01T07:55:43Z</time>
      </trkpt>
      <trkpt lat="26.9327787" lon="75.8456175">
        <time>2023-01-01T07:55:49Z</time>
      </trkpt>
      <trkpt lat="26.9322845" lon="75.8455035">
        <time>2023-01-01T07:55:54Z</time>
      </trkpt>
      <trkpt lat="26.9317145" lon="75.8453754">
        <time>2023-01-01T07:56:00Z</time>
      </trkpt>
      <trkpt lat="26.9313610" lon="75.8453112">
        <time>2023-01-01T07:56:05Z</time>
      </trkpt>
      <trkpt lat="26.9311475" lon="75.8452826">
        <time>2023-01-01T07:56:10Z</time>
      </trkpt>
      <trkpt lat="26.9309811" lon="75.8452634">
        <time>2023-01-01T07:56:16Z</time>
      </trkpt>
      <trkpt lat="26.9309153" lon="75.8452516">
        <time>2023-01-01T07:56:22Z</time>
      </trkpt>
      <trkpt lat="26.9308444" lon="75.8452368">
        <time>2023-01-01T07:56:27Z</time>
      </trkpt>
      <trkpt lat="26.9307710" lon="75.8452210">
        <time>2023-01-01T07:56:33Z</time>
      </trkpt>
      <trkpt lat="26.9305170" lon="75.8451718">
        <time>2023-01-01T07:56:39Z</time>
      </trkpt>
      <trkpt lat="26.9300174" lon="75.8450666">
        <time>2023-01-01T07:56:45Z</time>
      </trkpt>
      <trkpt lat="26.9296195" lon="75.8449881">
        <time>2023-01-01T07:56:50Z</time>
      </trkpt>
      <trkpt lat="26.9291843" lon="75.8449348">
        <time>2023-01-01T07:56:56Z</time>
      </trkpt>
      <trkpt lat="26.9285490" lon="75.8449614">
        <time>2023-01-01T07:57:02Z</time>
      </trkpt>
      <trkpt lat="26.9278465" lon="75.8450634">
        <time>2023-01-01T07:57:08Z</time>
      </trkpt>
      <trkpt lat="26.9272570" lon="75.8451611">
        <time>2023-01-01T07:57:13Z</time>
      </trkpt>
      <trkpt lat="26.9267734" lon="75.8452319">
        <time>2023-01-01T07:57:18Z</time>
      </trkpt>
      <trkpt lat="26.9263103" lon="75.8453245">
        <time>2023-01-01T07:57:23Z</time>
      </trkpt>
      <trkpt lat="26.9258480" lon="75.8454091">
        <time>2023-01-01T07:57:29Z</time>
      </trkpt>
      <trkpt lat="26.9254388" lon="75.8454997">
        <time>2023-01-01T07:57:34Z</time>
      </trkpt>
      <trkpt lat="26.9249176" lon="75.8455212">
        <time>2023-01-01T07:57:40Z</time>
      </trkpt>
      <trkpt lat="26.9242641" lon="75.8455591">
        <time>2023-01-01T07:57:46Z</time>
      </trkpt>
      <trkpt lat="26.9235813" lon="75.8456770">
        <time>2023-01-01T07:57:53Z</time>
      </trkpt>
      <trkpt lat="26.9229139" lon="75.8459896">
        <time>2023-01-01T07:57:58Z</time>
      </trkpt>
      <trkpt lat="26.9223021" lon="75.8464247">
        <time>2023-01-01T07:58:04Z</time>
      </trkpt>
      <trkpt lat="26.9218757" lon="75.8467750">
        <time>2023-01-01T07:58:09Z</time>
      </trkpt>
      <trkpt lat="26.9216784" lon="75.8469346">
        <time>2023-01-01T07:58:15Z</time>
      </trkpt>
      <trkpt lat="26.9216208" lon="75.8469738">
        <time>2023-01-01T07:58:20Z</time>
      </trkpt>
      <trkpt lat="26.9215986" lon="75.8469878">
        <time>2023-01-01T07:58:25Z</time>
      </trkpt>
      <trkpt lat="26.9215112" lon="75.8470569">
        <time>2023-01-01T07:58:31Z</time>
      </trkpt>
      <trkpt lat="26.9213571" lon="75.8471925">
        <time>2023-01-01T07:58:37Z</time>
      </trkpt>
      <trkpt lat="26.9210970" lon="75.8473992">
        <time>2023-01-01T07:58:43Z</time>
      </trkpt>
      <trkpt lat="26.9208505" lon="75.8476144">
        <time>2023-01-01T07:58:48Z</time>
      </trkpt>
      <trkpt lat="26.9203861" lon="75.8480107">
        <time>2023-01-01T07:58:54Z</time>
      </trkpt>
      <trkpt lat="26.9198625" lon="75.8484313">
        <time>2023-01-01T07:59:00Z</time>
      </trkpt>
      <trkpt lat="26.9194542" lon="75.8487020">
        <time>2023-01-01T07:59:05Z</time>
      </trkpt>
      <trkpt lat="26.9192743" lon="75.8487957">
        <time>2023-01-01T07:59:11Z</time>
      </trkpt>
      <trkpt lat="26.9192213" lon="75.8488219">
        <time>2023-01-01T07:59:16Z</time>
      </trkpt>
      <trkpt lat="26.9191551" lon="75.8488476">
        <time>2023-01-01T07:59:22Z</time>
      </trkpt>
      <trkpt lat="26.9189705" lon="75.8488875">
        <time>2023-01-01T07:59:27Z</time>
      </trkpt>
      <trkpt lat="26.9186687" lon="75.8489501">
        <time>2023-01-01T07:59:33Z</time>
      </trkpt>
      <trkpt lat="26.9183874" lon="75.8489811">
        <time>2023-01-01T07:59:39Z</time>
      </trkpt>
      <trkpt lat="26.9180474" lon="75.8489685">
        <time>2023-01-01T07:59:44Z</time>
      </trkpt>
      <trkpt lat="26.9176163" lon="75.8489057">
        <time>2023-01-01T07:59:50Z</time>
      </trkpt>
      <trkpt lat="26.9171638" lon="75.8487960">
        <time>2023-01-01T07:59:55Z</time>
      </trkpt>
      <trkpt lat="26.9166294" lon="75.8486766">
        <time>2023-01-01T08:00:00Z</time>
      </trkpt>
      <trkpt lat="26.9160008" lon="75.8485319">
        <time>2023-01-01T08:00:06Z</time>
      </trkpt>
      <trkpt lat="26.9154596" lon="75.8484083">
        <time>2023-01-01T08:00:12Z</time>
      </trkpt>
      <trkpt lat="26.9150083" lon="75.8483224">
        <time>2023-01-01T08:00:18Z</time>
      </trkpt>
      <trkpt lat="26.9146091" lon="75.8482316">
        <time>2023-01-01T08:00:23Z</time>
      </trkpt>
      <trkpt lat="26.9139674" lon="75.8480746">
        <time>2023-01-01T08:00:29Z</time>
      </trkpt>
      <trkpt lat="26.9131861" lon="75.8478817">
        <time>2023-01-01T08:00:35Z</time>
      </trkpt>
      <trkpt lat="26.9124837" lon="75.8477237">
        <time>2023-01-01T08:00:41Z</time>
      </trkpt>
      <trkpt lat="26.9121961" lon="75.8476526">
        <time>2023-01-01T08:00:46Z</time>
      </trkpt>
      <trkpt lat="26.9118819" lon="75.8475934">
        <time>2023-01-01T08:00:52Z</time>
      </trkpt>
      <trkpt lat="26.9114594" lon="75.8475099">
        <time>2023-01-01T08:00:58Z</time>
      </trkpt>
      <trkpt lat="26.9112394" lon="75.8474674">
        <time>2023-01-01T08:01:03Z</time>
      </trkpt>
      <trkpt lat="26.9110334" lon="75.8474190">
        <time>2023-01-01T08:01:09Z</time>
      </trkpt>
      <trkpt lat="26.9107714" lon="75.8473713">
        <time>2023-01-01T08:01:15Z</time>
      </trkpt>
      <trkpt lat="26.9104235" lon="75.8472948">
        <time>2023-01-01T08:01:21Z</time>
      </trkpt>
      <trkpt lat="26.9100576" lon="75.8472277">
        <time>2023-01-01T08:01:27Z</time>
      </trkpt>
      <trkpt lat="26.9096905" lon="75.8471462">
        <time>2023-01-01T08:01:33Z</time>
      </trkpt>
      <trkpt lat="26.9095021" lon="75.8471217">
        <time>2023-01-01T08:01:38Z</time>
      </trkpt>
      <trkpt lat="26.9093368" lon="75.8471173">
        <time>2023-01-01T08:01:44Z</time>
      </trkpt>
      <trkpt lat="26.9092208" lon="75.8471065">
        <time>2023-01-01T08:01:49Z</time>
      </trkpt>
      <trkpt lat="26.9090477" lon="75.8470487">
        <time>2023-01-01T08:01:54Z</time>
      </trkpt>
      <trkpt lat="26.9087416" lon="75.8469816">
        <time>2023-01-01T08:02:00Z</time>
      </trkpt>
      <trkpt lat="26.9083941" lon="75.8468983">
        <time>2023-01-01T08:02:06Z</time>
      </trkpt>
      <trkpt lat="26.9079959" lon="75.8468176">
        <time>2023-01-01T08:02:12Z</time>
      </trkpt>
      <trkpt lat="26.9075870" lon="75.8467216">
        <time>2023-01-01T08:02:18Z</time>
      </trkpt>
      <trkpt lat="26.9071485" lon="75.8465916">
        <time>2023-01-01T08:02:24Z</time>
      </trkpt>
      <trkpt lat="26.9067452" lon="75.8463937">
        <time>2023-01-01T08:02:30Z</time>
      </trkpt>
      <trkpt lat="26.9064681" lon="75.8462718">
        <time>2023-01-01T08:02:35Z</time>
      </trkpt>
      <trkpt lat="26.9061406" lon="75.8460516">
        <time>2023-01-01T08:02:41Z</time>
      </trkpt>
      <trkpt lat="26.9058692" lon="75.8458679">
        <time>2023-01-01T08:02:47Z</time>
      </trkpt>
      <trkpt lat="26.9056488" lon="75.8457023">
        <time>2023-01-01T08:02:53Z</time>
      </trkpt>
      <trkpt lat="26.9054898" lon="75.8455550">
        <time>2023-01-01T08:02:58Z</time>
      </trkpt>
      <trkpt lat="26.9053123" lon="75.8454090">
        <time>2023-01-01T08:03:04Z</time>
      </trkpt>
      <trkpt lat="26.9052162" lon="75.8453411">
        <time>2023-01-01T08:03:09Z</time>
      </trkpt>
      <trkpt lat="26.9050971" lon="75.8452603">
        <time>2023-01-01T08:03:15Z</time>
      </trkpt>
      <trkpt lat="26.9049758" lon="75.8451608">
        <time>2023-01-01T08:03:20Z</time>
      </trkpt>
      <trkpt lat="26.9048749" lon="75.8450732">
        <time>2023-01-01T08:03:26Z</time>
      </trkpt>
      <trkpt lat="26.9048035" lon="75.8450220">
        <time>2023-01-01T08:03:32Z</time>
      </trkpt>
      <trkpt lat="26.9047976" lon="75.8450185">
        <time>2023-01-01T08:03:38Z</time>
      </trkpt>
      <trkpt lat="26.9047976" lon="75.8450185">
        <time>2023-01-01T08:03:43Z</time>
      </trkpt>
      <trkpt lat="26.9047512" lon="75.8449811">
        <time>2023-01-01T08:03:48Z</time>
      </trkpt>
      <trkpt lat="26.9046820" lon="75.8448972">
        <time>2023-01-01T08:03:54Z</time>
      </trkpt>
      <trkpt lat="26.9046293" lon="75.8448300">
        <time>2023-01-01T08:03:59Z</time>
      </trkpt>
      <trkpt lat="26.9045219" lon="75.8447524">
        <time>2023-01-01T08:04:05Z</time>
      </trkpt>
      <trkpt lat="26.9044868" lon="75.8447277">
        <time>2023-01-01T08:04:11Z</time>
      </trkpt>
      <trkpt lat="26.9044859" lon="75.8447263">
        <time>2023-01-01T08:04:17Z</time>
      </trkpt>
      <trkpt lat="26.9044814" lon="75.8446953">
        <time>2023-01-01T08:04:23Z</time>
      </trkpt>
      <trkpt lat="26.9044576" lon="75.8446915">
        <time>2023-01-01T08:04:29Z</time>
      </trkpt>
      <trkpt lat="26.9043958" lon="75.8446573">
        <time>2023-01-01T08:04:35Z</time>
      </trkpt>
      <trkpt lat="26.9043417" lon="75.8446392">
        <time>2023-01-01T08:04:40Z</time>
      </trkpt>
      <trkpt lat="26.9042831" lon="75.8446045">
        <time>2023-01-01T08:04:45Z</time>
      </trkpt>
      <trkpt lat="26.9042494" lon="75.8445653">
        <time>2023-01-01T08:04:51Z</time>
      </trkpt>
      <trkpt lat="26.9042209" lon="75.8445184">
        <time>2023-01-01T08:04:56Z</time>
      </trkpt>
      <trkpt lat="26.9041622" lon="75.8444647">
        <time>2023-01-01T08:05:01Z</time>
      </trkpt>
      <trkpt lat="26.9040059" lon="75.8443391">
        <time>2023-01-01T08:05:07Z</time>
      </trkpt>
      <trkpt lat="26.9038397" lon="75.8442054">
        <time>2023-01-01T08:05:13Z</time>
      </trkpt>
      <trkpt lat="26.9037026" lon="75.8440955">
        <time>2023-01-01T08:05:19Z</time>
      </trkpt>
      <trkpt lat="26.9033506" lon="75.8438446">
        <time>2023-01-01T08:05:25Z</time>
      </trkpt>
      <trkpt lat="26.9027402" lon="75.8436854">
        <time>2023-01-01T08:05:31Z</time>
      </trkpt>
      <trkpt lat="26.9021353" lon="75.8436871">
        <time>2023-01-01T08:05:37Z</time>
      </trkpt>
      <trkpt lat="26.9016960" lon="75.8437131">
        <time>2023-01-01T08:05:43Z</time>
      </trkpt>
      <trkpt lat="26.9015554" lon="75.8437350">
        <time>2023-01-01T08:05:48Z</time>
      </trkpt>
      <trkpt lat="26.9013188" lon="75.8438589">
        <time>2023-01-01T08:05:54Z</time>
      </trkpt>
      <trkpt lat="26.9011035" lon="75.8440689">
        <time>2023-01-01T08:06:00Z</time>
      </trkpt>
      <trkpt lat="26.9008664" lon="75.8442082">
        <time>2023-01-01T08:06:05Z</time>
      </trkpt>
      <trkpt lat="26.9006549" lon="75.8440729">
        <time>2023-01-01T08:06:10Z</time>
      </trkpt>
      <trkpt lat="26.9005586" lon="75.8438025">
        <time>2023-01-01T08:06:15Z</time>
      </trkpt>
      <trkpt lat="26.9005091" lon="75.8436881">
        <time>2023-01-01T08:06:20Z</time>
      </trkpt>
      <trkpt lat="26.9003203" lon="75.8435877">
        <time>2023-01-01T08:06:26Z</time>
      </trkpt>
      <trkpt lat="26.9000310" lon="75.8435819">
        <time>2023-01-01T08:06:32Z</time>
      </trkpt>
      <trkpt lat="26.8996767" lon="75.8435925">
        <time>2023-01-01T08:06:38Z</time>
      </trkpt>
      <trkpt lat="26.8993999" lon="75.8435848">
        <time>2023-01-01T08:06:44Z</time>
      </trkpt>
      <trkpt lat="26.8992415" lon="75.8435795">
        <time>2023-01-01T08:06:50Z</time>
      </trkpt>
      <trkpt lat="26.8990861" lon="75.8435691">
        <time>2023-01-01T08:06:55Z</time>
      </trkpt>
      <trkpt lat="26.8989698" lon="75.8435543">
        <time>2023-01-01T08:07:01Z</time>
      </trkpt>
      <trkpt lat="26.8989639" lon="75.8435436">
        <time>2023-01-01T08:07:06Z</time>
      </trkpt>
      <trkpt lat="26.8988760" lon="75.8435505">
        <time>2023-01-01T08:07:12Z</time>
      </trkpt>
      <trkpt lat="26.8987533" lon="75.8435415">
        <time>2023-01-01T08:07:17Z</time>
      </trkpt>
      <trkpt lat="26.8986489" lon="75.8435277">
        <time>2023-01-01T08:07:22Z</time>
      </trkpt>
      <trkpt lat="26.8985641" lon="75.8435058">
        <time>2023-01-01T08:07:28Z</time>
      </trkpt>
      <trkpt lat="26.8984757" lon="75.8434923">
        <time>2023-01-01T08:07:33Z</time>
      </trkpt>
      <trkpt lat="26.8984031" lon="75.8434928">
        <time>2023-01-01T08:07:38Z</time>
      </trkpt>
      <trkpt lat="26.8982959" lon="75.8434810">
        <time>2023-01-01T08:07:44Z</time>
      </trkpt>
      <trkpt lat="26.8982312" lon="75.8434783">
        <time>2023-01-01T08:07:49Z</time>
      </trkpt>
      <trkpt lat="26.8982266" lon="75.8434831">
        <time>2023-01-01T08:07:54Z</time>
      </trkpt>
      <trkpt lat="26.8981853" lon="75.8434847">
        <time>2023-01-01T08:08:00Z</time>
      </trkpt>
      <trkpt lat="26.8981613" lon="75.8434764">
        <time>2023-01-01T08:08:05Z</time>
      </trkpt>
      <trkpt lat="26.8981359" lon="75.8434456">
        <time>2023-01-01T08:08:11Z</time>
      </trkpt>
      <trkpt lat="26.8981359" lon="75.8434456">
        <time>2023-01-01T08:08:17Z</time>
      </trkpt>
      <trkpt lat="26.8981296" lon="75.8433865">
        <time>2023-01-01T08:08:22Z</time>
      </trkpt>
      <trkpt lat="26.8981406" lon="75.8432302">
        <time>2023-01-01T08:08:28Z</time>
      </trkpt>
      <trkpt lat="26.8981508" lon="75.8430054">
        <time>2023-01-01T08:08:33Z</time>
      </trkpt>
      <trkpt lat="26.8981800" lon="75.8428567">
        <time>2023-01-01T08:08:39Z</time>
      </trkpt>
      <trkpt lat="26.8982347" lon="75.8426497">
        <time>2023-01-01T08:08:45Z</time>
      </trkpt>
      <trkpt lat="26.8983244" lon="75.8424014">
        <time>2023-01-01T08:08:51Z</time>
      </trkpt>
      <trkpt lat="26.8984429" lon="75.8421911">
        <time>2023-01-01T08:08:57Z</time>
      </trkpt>
      <trkpt lat="26.8985637" lon="75.8420125">
        <time>2023-01-01T08:09:02Z</time>
      </trkpt>
      <trkpt lat="26.8986137" lon="75.8419432">
        <time>2023-01-01T08:09:08Z</time>
      </trkpt>
      <trkpt lat="26.8986976" lon="75.8418419">
        <time>2023-01-01T08:09:13Z</time>
      </trkpt>
      <trkpt lat="26.8988351" lon="75.8416604">
        <time>2023-01-01T08:09:18Z</time>
      </trkpt>
      <trkpt lat="26.8990457" lon="75.8414095">
        <time>2023-01-01T08:09:24Z</time>
      </trkpt>
      <trkpt lat="26.8992194" lon="75.8411597">
        <time>2023-01-01T08:09:29Z</time>
      </trkpt>
      <trkpt lat="26.8994341" lon="75.8408971">
        <time>2023-01-01T08:09:35Z</time>
      </trkpt>
      <trkpt lat="26.8995273" lon="75.8407435">
        <time>2023-01-01T08:09:41Z</time>
      </trkpt>
      <trkpt lat="26.8995349" lon="75.8407252">
        <time>2023-01-01T08:09:47Z</time>
      </trkpt>
      <trkpt lat="26.8995349" lon="75.8407252">
        <time>2023-01-01T08:09:52Z</time>
      </trkpt>
      <trkpt lat="26.8995349" lon="75.8407252">
        <time>2023-01-01T08:09:58Z</time>
      </trkpt>
      <trkpt lat="26.8995349" lon="75.8407252">
        <time>2023-01-01T08:10:03Z</time>
      </trkpt>
      <trkpt lat="26.8995497" lon="75.8407236">
        <time>2023-01-01T08:10:09Z</time>
      </trkpt>
      <trkpt lat="26.8996701" lon="75.8407942">
        <time>2023-01-01T08:10:15Z</time>
      </trkpt>
      <trkpt lat="26.8997142" lon="75.8408852">
        <time>2023-01-01T08:10:20Z</time>
      </trkpt>
      <trkpt lat="26.8997339" lon="75.8409389">
        <time>2023-01-01T08:10:26Z</time>
      </trkpt>
      <trkpt lat="26.8997340" lon="75.8409489">
        <time>2023-01-01T08:10:31Z</time>
      </trkpt>
      <trkpt lat="26.8997300" lon="75.8409449">
        <time>2023-01-01T08:10:37Z</time>
      </trkpt>
      <trkpt lat="26.8997479" lon="75.8409497">
        <time>2023-01-01T08:10:43Z</time>
      </trkpt>
      <trkpt lat="26.8997510" lon="75.8409609">
        <time>2023-01-01T08:10:48Z</time>
      </trkpt>
      <trkpt lat="26.8997406" lon="75.8409567">
        <time>2023-01-01T08:10:53Z</time>
      </trkpt>
      <trkpt lat="26.8997403" lon="75.8409585">
        <time>2023-01-01T08:10:59Z</time>
      </trkpt>
      <trkpt lat="26.8997403" lon="75.8409585">
        <time>2023-01-01T08:11:05Z</time>
      </trkpt>
      <trkpt lat="26.8997355" lon="75.8409553">
        <time>2023-01-01T08:11:10Z</time>
      </trkpt>
      <trkpt lat="26.8997339" lon="75.8409422">
        <time>2023-01-01T08:11:15Z</time>
      </trkpt>
      <trkpt lat="26.8997130" lon="75.8409451">
        <time>2023-01-01T08:11:21Z</time>
      </trkpt>
      <trkpt lat="26.8997277" lon="75.8409525">
        <time>2023-01-01T08:11:27Z</time>
      </trkpt>
      <trkpt lat="26.8997559" lon="75.8409623">
        <time>2023-01-01T08:11:32Z</time>
      </trkpt>
      <trkpt lat="26.8997530" lon="75.8409590">
        <time>2023-01-01T08:11:38Z</time>
      </trkpt>
      <trkpt lat="26.8997470" lon="75.8409565">
        <time>2023-01-01T08:11:44Z</time>
      </trkpt>
      <trkpt lat="26.8997472" lon="75.8409566">
        <time>2023-01-01T08:11:50Z</time>
      </trkpt>
    </trkseg>
  </trk>
  <trk>
    <name>2022_03_13_19_03_55_2022_03_13_19_03_55.gpx</name>
    <desc>Mansarovar</desc>
    <url>/user/abhimanyu003/traces/4180372</url>
    <trkseg>
      <trkpt lat="26.8426000" lon="75.7444933">
        <time>2022-03-13T13:33:59Z</time>
      </trkpt>
      <trkpt lat="26.8434567" lon="75.7451600">
        <time>2022-03-13T13:34:01Z</time>
      </trkpt>
      <trkpt lat="26.8437050" lon="75.7452467">
        <time>2022-03-13T13:34:02Z</time>
      </trkpt>
      <trkpt lat="26.8438200" lon="75.7451617">
        <time>2022-03-13T13:34:04Z</time>
      </trkpt>
      <trkpt lat="26.8438200" lon="75.7451617">
        <time>2022-03-13T13:34:04Z</time>
      </trkpt>
      <trkpt lat="26.8438850" lon="75.7451050">
        <time>2022-03-13T13:34:05Z</time>
      </trkpt>
      <trkpt lat="26.8439500" lon="75.7450517">
        <time>2022-03-13T13:34:06Z</time>
      </trkpt>
      <trkpt lat="26.8440150" lon="75.7450083">
        <time>2022-03-13T13:34:07Z</time>
      </trkpt>
      <trkpt lat="26.8440767" lon="75.7449633">
        <time>2022-03-13T13:34:08Z</time>
      </trkpt>
      <trkpt lat="26.8441417" lon="75.7449100">
        <time>2022-03-13T13:34:09Z</time>
      </trkpt>
      <trkpt lat="26.8442083" lon="75.7448583">
        <time>2022-03-13T13:34:10Z</time>
      </trkpt>
      <trkpt lat="26.8442833" lon="75.7448033">
        <time>2022-03-13T13:34:11Z</time>
      </trkpt>
      <trkpt lat="26.8443600" lon="75.7447533">
        <time>2022-03-13T13:34:12Z</time>
      </trkpt>
      <trkpt lat="26.8444383" lon="75.7446933">
        <time>2022-03-13T13:34:13Z</time>
      </trkpt>
      <trkpt lat="26.8444650" lon="75.7446567">
        <time>2022-03-13T13:34:13Z</time>
      </trkpt>
      <trkpt lat="26.8445083" lon="75.7446250">
        <time>2022-03-13T13:34:14Z</time>
      </trkpt>
      <trkpt lat="26.8445500" lon="75.7445950">
        <time>2022-03-13T13:34:14Z</time>
      </trkpt>
      <trkpt lat="26.8446933" lon="75.7444933">
        <time>2022-03-13T13:34:16Z</time>
      </trkpt>
      <trkpt lat="26.8447933" lon="75.7444167">
        <time>2022-03-13T13:34:17Z</time>
      </trkpt>
      <trkpt lat="26.8448950" lon="75.7443450">
        <time>2022-03-13T13:34:18Z</time>
      </trkpt>
      <trkpt lat="26.8449950" lon="75.7442683">
        <time>2022-03-13T13:34:19Z</time>
      </trkpt>
      <trkpt lat="26.8451017" lon="75.7441867">
        <time>2022-03-13T13:34:20Z</time>
      </trkpt>
      <trkpt lat="26.8452133" lon="75.7441017">
        <time>2022-03-13T13:34:21Z</time>
      </trkpt>
      <trkpt lat="26.8453283" lon="75.7440117">
        <time>2022-03-13T13:34:22Z</time>
      </trkpt>
      <trkpt lat="26.8454417" lon="75.7439250">
        <time>2022-03-13T13:34:23Z</time>
      </trkpt>
      <trkpt lat="26.8455483" lon="75.7438400">
        <time>2022-03-13T13:34:24Z</time>
      </trkpt>
      <trkpt lat="26.8456500" lon="75.7437667">
        <time>2022-03-13T13:34:25Z</time>
      </trkpt>
      <trkpt lat="26.8457583" lon="75.7436783">
        <time>2022-03-13T13:34:26Z</time>
      </trkpt>
      <trkpt lat="26.8458683" lon="75.7435867">
        <time>2022-03-13T13:34:27Z</time>
      </trkpt>
      <trkpt lat="26.8459783" lon="75.7435033">
        <time>2022-03-13T13:34:28Z</time>
      </trkpt>
      <trkpt lat="26.8460800" lon="75.7434217">
        <time>2022-03-13T13:34:29Z</time>
      </trkpt>
      <trkpt lat="26.8461817" lon="75.7433500">
        <time>2022-03-13T13:34:30Z</time>
      </trkpt>
      <trkpt lat="26.8462833" lon="75.7432750">
        <time>2022-03-13T13:34:31Z</time>
      </trkpt>
      <trkpt lat="26.8463867" lon="75.7432000">
        <time>2022-03-13T13:34:32Z</time>
      </trkpt>
      <trkpt lat="26.8465000" lon="75.7431200">
        <time>2022-03-13T13:34:33Z</time>
      </trkpt>
      <trkpt lat="26.8466133" lon="75.7430383">
        <time>2022-03-13T13:34:34Z</time>
      </trkpt>
      <trkpt lat="26.8467283" lon="75.7429533">
        <time>2022-03-13T13:34:35Z</time>
      </trkpt>
      <trkpt lat="26.8468367" lon="75.7428717">
        <time>2022-03-13T13:34:36Z</time>
      </trkpt>
      <trkpt lat="26.8469483" lon="75.7427900">
        <time>2022-03-13T13:34:37Z</time>
      </trkpt>
      <trkpt lat="26.8470583" lon="75.7427033">
        <time>2022-03-13T13:34:38Z</time>
      </trkpt>
      <trkpt lat="26.8471650" lon="75.7426150">
        <time>2022-03-13T13:34:39Z</time>
      </trkpt>
      <trkpt lat="26.8472650" lon="75.7425283">
        <time>2022-03-13T13:34:40Z</time>
      </trkpt>
      <trkpt lat="26.8473700" lon="75.7424383">
        <time>2022-03-13T13:34:41Z</time>
      </trkpt>
      <trkpt lat="26.8474650" lon="75.7423533">
        <time>2022-03-13T13:34:42Z</time>
      </trkpt>
      <trkpt lat="26.8475367" lon="75.7422583">
        <time>2022-03-13T13:34:43Z</time>
      </trkpt>
      <trkpt lat="26.8475967" lon="75.7421650">
        <time>2022-03-13T13:34:44Z</time>
      </trkpt>
      <trkpt lat="26.8476517" lon="75.7420817">
        <time>2022-03-13T13:34:45Z</time>
      </trkpt>
      <trkpt lat="26.8477067" lon="75.7419983">
        <time>2022-03-13T13:34:46Z</time>
      </trkpt>
      <trkpt lat="26.8477700" lon="75.7419267">
        <time>2022-03-13T13:34:47Z</time>
      </trkpt>
      <trkpt lat="26.8478383" lon="75.7418617">
        <time>2022-03-13T13:34:48Z</time>
      </trkpt>
      <trkpt lat="26.8479050" lon="75.7418117">
        <time>2022-03-13T13:34:49Z</time>
      </trkpt>
      <trkpt lat="26.8479850" lon="75.7417800">
        <time>2022-03-13T13:34:50Z</time>
      </trkpt>
      <trkpt lat="26.8480800" lon="75.7417717">
        <time>2022-03-13T13:34:51Z</time>
      </trkpt>
      <trkpt lat="26.8481783" lon="75.7417500">
        <time>2022-03-13T13:34:52Z</time>
      </trkpt>
      <trkpt lat="26.8482867" lon="75.7417183">
        <time>2022-03-13T13:34:53Z</time>
      </trkpt>
      <trkpt lat="26.8483933" lon="75.7416717">
        <time>2022-03-13T13:34:54Z</time>
      </trkpt>
      <trkpt lat="26.8485017" lon="75.7416167">
        <time>2022-03-13T13:34:55Z</time>
      </trkpt>
      <trkpt lat="26.8486083" lon="75.7415567">
        <time>2022-03-13T13:34:56Z</time>
      </trkpt>
      <trkpt lat="26.8487150" lon="75.7414833">
        <time>2022-03-13T13:34:57Z</time>
      </trkpt>
      <trkpt lat="26.8488250" lon="75.7414017">
        <time>2022-03-13T13:34:58Z</time>
      </trkpt>
      <trkpt lat="26.8489467" lon="75.7413183">
        <time>2022-03-13T13:34:59Z</time>
      </trkpt>
      <trkpt lat="26.8490700" lon="75.7412283">
        <time>2022-03-13T13:35:00Z</time>
      </trkpt>
      <trkpt lat="26.8491917" lon="75.7411317">
        <time>2022-03-13T13:35:01Z</time>
      </trkpt>
      <trkpt lat="26.8493100" lon="75.7410400">
        <time>2022-03-13T13:35:02Z</time>
      </trkpt>
      <trkpt lat="26.8494300" lon="75.7409517">
        <time>2022-03-13T13:35:03Z</time>
      </trkpt>
      <trkpt lat="26.8495417" lon="75.7408633">
        <time>2022-03-13T13:35:04Z</time>
      </trkpt>
      <trkpt lat="26.8496500" lon="75.7407767">
        <time>2022-03-13T13:35:05Z</time>
      </trkpt>
      <trkpt lat="26.8497533" lon="75.7406900">
        <time>2022-03-13T13:35:06Z</time>
      </trkpt>
      <trkpt lat="26.8498633" lon="75.7406117">
        <time>2022-03-13T13:35:07Z</time>
      </trkpt>
      <trkpt lat="26.8499683" lon="75.7405317">
        <time>2022-03-13T13:35:08Z</time>
      </trkpt>
      <trkpt lat="26.8500750" lon="75.7404500">
        <time>2022-03-13T13:35:09Z</time>
      </trkpt>
      <trkpt lat="26.8501833" lon="75.7403750">
        <time>2022-03-13T13:35:10Z</time>
      </trkpt>
      <trkpt lat="26.8502900" lon="75.7403000">
        <time>2022-03-13T13:35:11Z</time>
      </trkpt>
      <trkpt lat="26.8503867" lon="75.7402267">
        <time>2022-03-13T13:35:12Z</time>
      </trkpt>
      <trkpt lat="26.8504917" lon="75.7401483">
        <time>2022-03-13T13:35:13Z</time>
      </trkpt>
      <trkpt lat="26.8505967" lon="75.7400683">
        <time>2022-03-13T13:35:14Z</time>
      </trkpt>
      <trkpt lat="26.8506983" lon="75.7399883">
        <time>2022-03-13T13:35:15Z</time>
      </trkpt>
      <trkpt lat="26.8508017" lon="75.7399183">
        <time>2022-03-13T13:35:16Z</time>
      </trkpt>
      <trkpt lat="26.8509017" lon="75.7398467">
        <time>2022-03-13T13:35:17Z</time>
      </trkpt>
      <trkpt lat="26.8510000" lon="75.7397817">
        <time>2022-03-13T13:35:18Z</time>
      </trkpt>
      <trkpt lat="26.8510900" lon="75.7397117">
        <time>2022-03-13T13:35:19Z</time>
      </trkpt>
      <trkpt lat="26.8511833" lon="75.7396417">
        <time>2022-03-13T13:35:20Z</time>
      </trkpt>
      <trkpt lat="26.8512783" lon="75.7395733">
        <time>2022-03-13T13:35:21Z</time>
      </trkpt>
      <trkpt lat="26.8513667" lon="75.7394983">
        <time>2022-03-13T13:35:22Z</time>
      </trkpt>
      <trkpt lat="26.8514617" lon="75.7394333">
        <time>2022-03-13T13:35:23Z</time>
      </trkpt>
      <trkpt lat="26.8515567" lon="75.7393667">
        <time>2022-03-13T13:35:24Z</time>
      </trkpt>
      <trkpt lat="26.8516500" lon="75.7392967">
        <time>2022-03-13T13:35:25Z</time>
      </trkpt>
      <trkpt lat="26.8517367" lon="75.7392250">
        <time>2022-03-13T13:35:26Z</time>
      </trkpt>
      <trkpt lat="26.8518367" lon="75.7391600">
        <time>2022-03-13T13:35:27Z</time>
      </trkpt>
      <trkpt lat="26.8519250" lon="75.7390933">
        <time>2022-03-13T13:35:28Z</time>
      </trkpt>
      <trkpt lat="26.8520167" lon="75.7390283">
        <time>2022-03-13T13:35:29Z</time>
      </trkpt>
      <trkpt lat="26.8521150" lon="75.7389567">
        <time>2022-03-13T13:35:30Z</time>
      </trkpt>
      <trkpt lat="26.8522167" lon="75.7388900">
        <time>2022-03-13T13:35:31Z</time>
      </trkpt>
      <trkpt lat="26.8523117" lon="75.7388167">
        <time>2022-03-13T13:35:32Z</time>
      </trkpt>
      <trkpt lat="26.8524083" lon="75.7387400">
        <time>2022-03-13T13:35:33Z</time>
      </trkpt>
      <trkpt lat="26.8525067" lon="75.7386700">
        <time>2022-03-13T13:35:34Z</time>
      </trkpt>
      <trkpt lat="26.8526017" lon="75.7386033">
        <time>2022-03-13T13:35:35Z</time>
      </trkpt>
      <trkpt lat="26.8526950" lon="75.7385367">
        <time>2022-03-13T13:35:36Z</time>
      </trkpt>
      <trkpt lat="26.8527917" lon="75.7384700">
        <time>2022-03-13T13:35:37Z</time>
      </trkpt>
      <trkpt lat="26.8528850" lon="75.7384017">
        <time>2022-03-13T13:35:38Z</time>
      </trkpt>
      <trkpt lat="26.8529683" lon="75.7383383">
        <time>2022-03-13T13:35:39Z</time>
      </trkpt>
      <trkpt lat="26.8530550" lon="75.7382733">
        <time>2022-03-13T13:35:40Z</time>
      </trkpt>
      <trkpt lat="26.8531433" lon="75.7382033">
        <time>2022-03-13T13:35:41Z</time>
      </trkpt>
      <trkpt lat="26.8532333" lon="75.7381333">
        <time>2022-03-13T13:35:42Z</time>
      </trkpt>
      <trkpt lat="26.8533283" lon="75.7380633">
        <time>2022-03-13T13:35:43Z</time>
      </trkpt>
      <trkpt lat="26.8534183" lon="75.7379883">
        <time>2022-03-13T13:35:44Z</time>
      </trkpt>
      <trkpt lat="26.8535067" lon="75.7379183">
        <time>2022-03-13T13:35:45Z</time>
      </trkpt>
      <trkpt lat="26.8535933" lon="75.7378500">
        <time>2022-03-13T13:35:46Z</time>
      </trkpt>
      <trkpt lat="26.8536900" lon="75.7377800">
        <time>2022-03-13T13:35:47Z</time>
      </trkpt>
      <trkpt lat="26.8537817" lon="75.7377150">
        <time>2022-03-13T13:35:48Z</time>
      </trkpt>
      <trkpt lat="26.8538683" lon="75.7376450">
        <time>2022-03-13T13:35:49Z</time>
      </trkpt>
      <trkpt lat="26.8539450" lon="75.7375850">
        <time>2022-03-13T13:35:50Z</time>
      </trkpt>
      <trkpt lat="26.8540250" lon="75.7375200">
        <time>2022-03-13T13:35:51Z</time>
      </trkpt>
      <trkpt lat="26.8541133" lon="75.7374533">
        <time>2022-03-13T13:35:52Z</time>
      </trkpt>
      <trkpt lat="26.8542050" lon="75.7373867">
        <time>2022-03-13T13:35:53Z</time>
      </trkpt>
      <trkpt lat="26.8542967" lon="75.7373267">
        <time>2022-03-13T13:35:54Z</time>
      </trkpt>
      <trkpt lat="26.8543800" lon="75.7372650">
        <time>2022-03-13T13:35:55Z</time>
      </trkpt>
      <trkpt lat="26.8544650" lon="75.7372017">
        <time>2022-03-13T13:35:56Z</time>
      </trkpt>
      <trkpt lat="26.8545683" lon="75.7371300">
        <time>2022-03-13T13:35:57Z</time>
      </trkpt>
      <trkpt lat="26.8546767" lon="75.7370533">
        <time>2022-03-13T13:35:58Z</time>
      </trkpt>
      <trkpt lat="26.8547800" lon="75.7369867">
        <time>2022-03-13T13:35:59Z</time>
      </trkpt>
      <trkpt lat="26.8548917" lon="75.7369083">
        <time>2022-03-13T13:36:00Z</time>
      </trkpt>
      <trkpt lat="26.8549967" lon="75.7368267">
        <time>2022-03-13T13:36:01Z</time>
      </trkpt>
      <trkpt lat="26.8551033" lon="75.7367400">
        <time>2022-03-13T13:36:02Z</time>
      </trkpt>
      <trkpt lat="26.8552083" lon="75.7366533">
        <time>2022-03-13T13:36:03Z</time>
      </trkpt>
      <trkpt lat="26.8553200" lon="75.7365767">
        <time>2022-03-13T13:36:04Z</time>
      </trkpt>
      <trkpt lat="26.8554283" lon="75.7364933">
        <time>2022-03-13T13:36:05Z</time>
      </trkpt>
      <trkpt lat="26.8555367" lon="75.7364183">
        <time>2022-03-13T13:36:06Z</time>
      </trkpt>
      <trkpt lat="26.8556400" lon="75.7363383">
        <time>2022-03-13T13:36:07Z</time>
      </trkpt>
      <trkpt lat="26.8557400" lon="75.7362550">
        <time>2022-03-13T13:36:08Z</time>
      </trkpt>
      <trkpt lat="26.8558417" lon="75.7361783">
        <time>2022-03-13T13:36:09Z</time>
      </trkpt>
      <trkpt lat="26.8559450" lon="75.7360967">
        <time>2022-03-13T13:36:10Z</time>
      </trkpt>
      <trkpt lat="26.8560367" lon="75.7360200">
        <time>2022-03-13T13:36:11Z</time>
      </trkpt>
      <trkpt lat="26.8561300" lon="75.7359433">
        <time>2022-03-13T13:36:12Z</time>
      </trkpt>
      <trkpt lat="26.8562267" lon="75.7358667">
        <time>2022-03-13T13:36:13Z</time>
      </trkpt>
      <trkpt lat="26.8563317" lon="75.7357950">
        <time>2022-03-13T13:36:14Z</time>
      </trkpt>
      <trkpt lat="26.8564383" lon="75.7357200">
        <time>2022-03-13T13:36:15Z</time>
      </trkpt>
      <trkpt lat="26.8565383" lon="75.7356467">
        <time>2022-03-13T13:36:16Z</time>
      </trkpt>
      <trkpt lat="26.8566383" lon="75.7355683">
        <time>2022-03-13T13:36:17Z</time>
      </trkpt>
      <trkpt lat="26.8567383" lon="75.7354900">
        <time>2022-03-13T13:36:18Z</time>
      </trkpt>
      <trkpt lat="26.8568467" lon="75.7354150">
        <time>2022-03-13T13:36:19Z</time>
      </trkpt>
      <trkpt lat="26.8569550" lon="75.7353333">
        <time>2022-03-13T13:36:20Z</time>
      </trkpt>
      <trkpt lat="26.8570667" lon="75.7352550">
        <time>2022-03-13T13:36:21Z</time>
      </trkpt>
      <trkpt lat="26.8571750" lon="75.7351733">
        <time>2022-03-13T13:36:22Z</time>
      </trkpt>
      <trkpt lat="26.8572817" lon="75.7350883">
        <time>2022-03-13T13:36:23Z</time>
      </trkpt>
      <trkpt lat="26.8573917" lon="75.7350017">
        <time>2022-03-13T13:36:24Z</time>
      </trkpt>
      <trkpt lat="26.8575050" lon="75.7349133">
        <time>2022-03-13T13:36:25Z</time>
      </trkpt>
      <trkpt lat="26.8576233" lon="75.7348267">
        <time>2022-03-13T13:36:26Z</time>
      </trkpt>
      <trkpt lat="26.8577383" lon="75.7347417">
        <time>2022-03-13T13:36:27Z</time>
      </trkpt>
      <trkpt lat="26.8578567" lon="75.7346567">
        <time>2022-03-13T13:36:28Z</time>
      </trkpt>
      <trkpt lat="26.8579700" lon="75.7345800">
        <time>2022-03-13T13:36:29Z</time>
      </trkpt>
      <trkpt lat="26.8580800" lon="75.7344983">
        <time>2022-03-13T13:36:30Z</time>
      </trkpt>
      <trkpt lat="26.8582000" lon="75.7344217">
        <time>2022-03-13T13:36:31Z</time>
      </trkpt>
      <trkpt lat="26.8583017" lon="75.7343483">
        <time>2022-03-13T13:36:32Z</time>
      </trkpt>
      <trkpt lat="26.8583967" lon="75.7342767">
        <time>2022-03-13T13:36:33Z</time>
      </trkpt>
      <trkpt lat="26.8584883" lon="75.7342083">
        <time>2022-03-13T13:36:34Z</time>
      </trkpt>
      <trkpt lat="26.8585833" lon="75.7341333">
        <time>2022-03-13T13:36:35Z</time>
      </trkpt>
      <trkpt lat="26.8586900" lon="75.7340600">
        <time>2022-03-13T13:36:36Z</time>
      </trkpt>
      <trkpt lat="26.8587833" lon="75.7340000">
        <time>2022-03-13T13:36:37Z</time>
      </trkpt>
      <trkpt lat="26.8588750" lon="75.7339367">
        <time>2022-03-13T13:36:38Z</time>
      </trkpt>
      <trkpt lat="26.8589683" lon="75.7338700">
        <time>2022-03-13T13:36:39Z</time>
      </trkpt>
      <trkpt lat="26.8590650" lon="75.7338033">
        <time>2022-03-13T13:36:40Z</time>
      </trkpt>
      <trkpt lat="26.8591633" lon="75.7337250">
        <time>2022-03-13T13:36:41Z</time>
      </trkpt>
      <trkpt lat="26.8592700" lon="75.7336400">
        <time>2022-03-13T13:36:42Z</time>
      </trkpt>
      <trkpt lat="26.8593833" lon="75.7335617">
        <time>2022-03-13T13:36:43Z</time>
      </trkpt>
      <trkpt lat="26.8594867" lon="75.7334817">
        <time>2022-03-13T13:36:44Z</time>
      </trkpt>
      <trkpt lat="26.8595950" lon="75.7333983">
        <time>2022-03-13T13:36:45Z</time>
      </trkpt>
      <trkpt lat="26.8596950" lon="75.7333167">
        <time>2022-03-13T13:36:46Z</time>
      </trkpt>
      <trkpt lat="26.8598050" lon="75.7332350">
        <time>2022-03-13T13:36:47Z</time>
      </trkpt>
      <trkpt lat="26.8599067" lon="75.7331467">
        <time>2022-03-13T13:36:48Z</time>
      </trkpt>
      <trkpt lat="26.8600083" lon="75.7330617">
        <time>2022-03-13T13:36:49Z</time>
      </trkpt>
      <trkpt lat="26.8601183" lon="75.7329850">
        <time>2022-03-13T13:36:50Z</time>
      </trkpt>
      <trkpt lat="26.8602233" lon="75.7329050">
        <time>2022-03-13T13:36:51Z</time>
      </trkpt>
      <trkpt lat="26.8603283" lon="75.7328233">
        <time>2022-03-13T13:36:52Z</time>
      </trkpt>
      <trkpt lat="26.8604350" lon="75.7327433">
        <time>2022-03-13T13:36:53Z</time>
      </trkpt>
      <trkpt lat="26.8605333" lon="75.7326733">
        <time>2022-03-13T13:36:54Z</time>
      </trkpt>
      <trkpt lat="26.8606350" lon="75.7326017">
        <time>2022-03-13T13:36:55Z</time>
      </trkpt>
      <trkpt lat="26.8607350" lon="75.7325283">
        <time>2022-03-13T13:36:56Z</time>
      </trkpt>
      <trkpt lat="26.8608233" lon="75.7324600">
        <time>2022-03-13T13:36:57Z</time>
      </trkpt>
      <trkpt lat="26.8609017" lon="75.7323867">
        <time>2022-03-13T13:36:58Z</time>
      </trkpt>
      <trkpt lat="26.8609633" lon="75.7323350">
        <time>2022-03-13T13:36:59Z</time>
      </trkpt>
      <trkpt lat="26.8610233" lon="75.7322800">
        <time>2022-03-13T13:37:00Z</time>
      </trkpt>
      <trkpt lat="26.8610633" lon="75.7322283">
        <time>2022-03-13T13:37:01Z</time>
      </trkpt>
      <trkpt lat="26.8611000" lon="75.7321617">
        <time>2022-03-13T13:37:02Z</time>
      </trkpt>
      <trkpt lat="26.8611267" lon="75.7320717">
        <time>2022-03-13T13:37:03Z</time>
      </trkpt>
      <trkpt lat="26.8611400" lon="75.7319817">
        <time>2022-03-13T13:37:04Z</time>
      </trkpt>
      <trkpt lat="26.8611450" lon="75.7318817">
        <time>2022-03-13T13:37:05Z</time>
      </trkpt>
      <trkpt lat="26.8611300" lon="75.7317800">
        <time>2022-03-13T13:37:06Z</time>
      </trkpt>
      <trkpt lat="26.8611117" lon="75.7316767">
        <time>2022-03-13T13:37:07Z</time>
      </trkpt>
      <trkpt lat="26.8610683" lon="75.7315583">
        <time>2022-03-13T13:37:08Z</time>
      </trkpt>
      <trkpt lat="26.8610183" lon="75.7314567">
        <time>2022-03-13T13:37:09Z</time>
      </trkpt>
      <trkpt lat="26.8609650" lon="75.7313533">
        <time>2022-03-13T13:37:10Z</time>
      </trkpt>
      <trkpt lat="26.8609033" lon="75.7312433">
        <time>2022-03-13T13:37:11Z</time>
      </trkpt>
      <trkpt lat="26.8608483" lon="75.7311383">
        <time>2022-03-13T13:37:12Z</time>
      </trkpt>
      <trkpt lat="26.8607833" lon="75.7310250">
        <time>2022-03-13T13:37:13Z</time>
      </trkpt>
      <trkpt lat="26.8607217" lon="75.7309217">
        <time>2022-03-13T13:37:14Z</time>
      </trkpt>
      <trkpt lat="26.8606600" lon="75.7308233">
        <time>2022-03-13T13:37:15Z</time>
      </trkpt>
      <trkpt lat="26.8605950" lon="75.7307167">
        <time>2022-03-13T13:37:16Z</time>
      </trkpt>
      <trkpt lat="26.8605283" lon="75.7306117">
        <time>2022-03-13T13:37:17Z</time>
      </trkpt>
      <trkpt lat="26.8604633" lon="75.7305067">
        <time>2022-03-13T13:37:18Z</time>
      </trkpt>
      <trkpt lat="26.8603967" lon="75.7303950">
        <time>2022-03-13T13:37:19Z</time>
      </trkpt>
      <trkpt lat="26.8603317" lon="75.7302800">
        <time>2022-03-13T13:37:20Z</time>
      </trkpt>
      <trkpt lat="26.8602633" lon="75.7301783">
        <time>2022-03-13T13:37:21Z</time>
      </trkpt>
      <trkpt lat="26.8602000" lon="75.7300717">
        <time>2022-03-13T13:37:22Z</time>
      </trkpt>
      <trkpt lat="26.8601350" lon="75.7299667">
        <time>2022-03-13T13:37:23Z</time>
      </trkpt>
      <trkpt lat="26.8600717" lon="75.7298583">
        <time>2022-03-13T13:37:24Z</time>
      </trkpt>
      <trkpt lat="26.8600083" lon="75.7297483">
        <time>2022-03-13T13:37:25Z</time>
      </trkpt>
      <trkpt lat="26.8599450" lon="75.7296433">
        <time>2022-03-13T13:37:26Z</time>
      </trkpt>
      <trkpt lat="26.8598783" lon="75.7295317">
        <time>2022-03-13T13:37:27Z</time>
      </trkpt>
      <trkpt lat="26.8598117" lon="75.7294217">
        <time>2022-03-13T13:37:28Z</time>
      </trkpt>
      <trkpt lat="26.8597467" lon="75.7293133">
        <time>2022-03-13T13:37:29Z</time>
      </trkpt>
      <trkpt lat="26.8596817" lon="75.7292083">
        <time>2022-03-13T13:37:30Z</time>
      </trkpt>
      <trkpt lat="26.8596133" lon="75.7290967">
        <time>2022-03-13T13:37:31Z</time>
      </trkpt>
      <trkpt lat="26.8595450" lon="75.7289883">
        <time>2022-03-13T13:37:32Z</time>
      </trkpt>
      <trkpt lat="26.8594783" lon="75.7288833">
        <time>2022-03-13T13:37:33Z</time>
      </trkpt>
      <trkpt lat="26.8594067" lon="75.7287717">
        <time>2022-03-13T13:37:34Z</time>
      </trkpt>
      <trkpt lat="26.8593283" lon="75.7286600">
        <time>2022-03-13T13:37:35Z</time>
      </trkpt>
      <trkpt lat="26.8592600" lon="75.7285433">
        <time>2022-03-13T13:37:36Z</time>
      </trkpt>
      <trkpt lat="26.8591950" lon="75.7284350">
        <time>2022-03-13T13:37:37Z</time>
      </trkpt>
      <trkpt lat="26.8591317" lon="75.7283450">
        <time>2022-03-13T13:37:38Z</time>
      </trkpt>
      <trkpt lat="26.8590617" lon="75.7282433">
        <time>2022-03-13T13:37:39Z</time>
      </trkpt>
      <trkpt lat="26.8590017" lon="75.7281433">
        <time>2022-03-13T13:37:40Z</time>
      </trkpt>
      <trkpt lat="26.8589450" lon="75.7280383">
        <time>2022-03-13T13:37:41Z</time>
      </trkpt>
      <trkpt lat="26.8588950" lon="75.7279417">
        <time>2022-03-13T13:37:42Z</time>
      </trkpt>
      <trkpt lat="26.8588467" lon="75.7278433">
        <time>2022-03-13T13:37:43Z</time>
      </trkpt>
      <trkpt lat="26.8587983" lon="75.7277433">
        <time>2022-03-13T13:37:44Z</time>
      </trkpt>
      <trkpt lat="26.8587400" lon="75.7276567">
        <time>2022-03-13T13:37:45Z</time>
      </trkpt>
      <trkpt lat="26.8586867" lon="75.7275667">
        <time>2022-03-13T13:37:46Z</time>
      </trkpt>
      <trkpt lat="26.8586417" lon="75.7274783">
        <time>2022-03-13T13:37:47Z</time>
      </trkpt>
      <trkpt lat="26.8585883" lon="75.7273833">
        <time>2022-03-13T13:37:48Z</time>
      </trkpt>
      <trkpt lat="26.8585283" lon="75.7272850">
        <time>2022-03-13T13:37:49Z</time>
      </trkpt>
      <trkpt lat="26.8584683" lon="75.7271917">
        <time>2022-03-13T13:37:50Z</time>
      </trkpt>
      <trkpt lat="26.8584167" lon="75.7271050">
        <time>2022-03-13T13:37:51Z</time>
      </trkpt>
      <trkpt lat="26.8583650" lon="75.7270167">
        <time>2022-03-13T13:37:52Z</time>
      </trkpt>
      <trkpt lat="26.8583150" lon="75.7269417">
        <time>2022-03-13T13:37:53Z</time>
      </trkpt>
      <trkpt lat="26.8582750" lon="75.7268750">
        <time>2022-03-13T13:37:54Z</time>
      </trkpt>
      <trkpt lat="26.8582483" lon="75.7268133">
        <time>2022-03-13T13:37:55Z</time>
      </trkpt>
      <trkpt lat="26.8582383" lon="75.7267750">
        <time>2022-03-13T13:37:56Z</time>
      </trkpt>
      <trkpt lat="26.8582450" lon="75.7267450">
        <time>2022-03-13T13:37:57Z</time>
      </trkpt>
      <trkpt lat="26.8582667" lon="75.7267267">
        <time>2022-03-13T13:37:58Z</time>
      </trkpt>
      <trkpt lat="26.8582983" lon="75.7267183">
        <time>2022-03-13T13:37:59Z</time>
      </trkpt>
      <trkpt lat="26.8583300" lon="75.7267250">
        <time>2022-03-13T13:38:00Z</time>
      </trkpt>
      <trkpt lat="26.8583683" lon="75.7267500">
        <time>2022-03-13T13:38:01Z</time>
      </trkpt>
      <trkpt lat="26.8584017" lon="75.7267917">
        <time>2022-03-13T13:38:02Z</time>
      </trkpt>
      <trkpt lat="26.8584433" lon="75.7268483">
        <time>2022-03-13T13:38:03Z</time>
      </trkpt>
      <trkpt lat="26.8584783" lon="75.7268983">
        <time>2022-03-13T13:38:04Z</time>
      </trkpt>
      <trkpt lat="26.8585033" lon="75.7269450">
        <time>2022-03-13T13:38:05Z</time>
      </trkpt>
      <trkpt lat="26.8585267" lon="75.7269933">
        <time>2022-03-13T13:38:06Z</time>
      </trkpt>
      <trkpt lat="26.8585500" lon="75.7270467">
        <time>2022-03-13T13:38:07Z</time>
      </trkpt>
      <trkpt lat="26.8585833" lon="75.7271050">
        <time>2022-03-13T13:38:08Z</time>
      </trkpt>
      <trkpt lat="26.8586233" lon="75.7271750">
        <time>2022-03-13T13:38:09Z</time>
      </trkpt>
      <trkpt lat="26.8586650" lon="75.7272467">
        <time>2022-03-13T13:38:10Z</time>
      </trkpt>
      <trkpt lat="26.8587033" lon="75.7273283">
        <time>2022-03-13T13:38:11Z</time>
      </trkpt>
      <trkpt lat="26.8587533" lon="75.7274167">
        <time>2022-03-13T13:38:12Z</time>
      </trkpt>
      <trkpt lat="26.8588083" lon="75.7275033">
        <time>2022-03-13T13:38:13Z</time>
      </trkpt>
      <trkpt lat="26.8588700" lon="75.7276033">
        <time>2022-03-13T13:38:14Z</time>
      </trkpt>
      <trkpt lat="26.8589300" lon="75.7277017">
        <time>2022-03-13T13:38:15Z</time>
      </trkpt>
      <trkpt lat="26.8589917" lon="75.7278017">
        <time>2022-03-13T13:38:16Z</time>
      </trkpt>
      <trkpt lat="26.8590583" lon="75.7279067">
        <time>2022-03-13T13:38:17Z</time>
      </trkpt>
      <trkpt lat="26.8591283" lon="75.7280133">
        <time>2022-03-13T13:38:18Z</time>
      </trkpt>
      <trkpt lat="26.8591967" lon="75.7281150">
        <time>2022-03-13T13:38:19Z</time>
      </trkpt>
      <trkpt lat="26.8592700" lon="75.7282250">
        <time>2022-03-13T13:38:20Z</time>
      </trkpt>
      <trkpt lat="26.8593433" lon="75.7283317">
        <time>2022-03-13T13:38:21Z</time>
      </trkpt>
      <trkpt lat="26.8594133" lon="75.7284383">
        <time>2022-03-13T13:38:22Z</time>
      </trkpt>
      <trkpt lat="26.8594800" lon="75.7285450">
        <time>2022-03-13T13:38:23Z</time>
      </trkpt>
      <trkpt lat="26.8595350" lon="75.7286450">
        <time>2022-03-13T13:38:24Z</time>
      </trkpt>
      <trkpt lat="26.8596000" lon="75.7287483">
        <time>2022-03-13T13:38:25Z</time>
      </trkpt>
      <trkpt lat="26.8596617" lon="75.7288567">
        <time>2022-03-13T13:38:26Z</time>
      </trkpt>
      <trkpt lat="26.8597233" lon="75.7289617">
        <time>2022-03-13T13:38:27Z</time>
      </trkpt>
      <trkpt lat="26.8597883" lon="75.7290667">
        <time>2022-03-13T13:38:28Z</time>
      </trkpt>
      <trkpt lat="26.8598550" lon="75.7291750">
        <time>2022-03-13T13:38:29Z</time>
      </trkpt>
      <trkpt lat="26.8599250" lon="75.7292867">
        <time>2022-03-13T13:38:30Z</time>
      </trkpt>
      <trkpt lat="26.8599950" lon="75.7294000">
        <time>2022-03-13T13:38:31Z</time>
      </trkpt>
      <trkpt lat="26.8600633" lon="75.7295117">
        <time>2022-03-13T13:38:32Z</time>
      </trkpt>
      <trkpt lat="26.8601333" lon="75.7296250">
        <time>2022-03-13T13:38:33Z</time>
      </trkpt>
      <trkpt lat="26.8601983" lon="75.7297350">
        <time>2022-03-13T13:38:34Z</time>
      </trkpt>
      <trkpt lat="26.8602583" lon="75.7298467">
        <time>2022-03-13T13:38:35Z</time>
      </trkpt>
      <trkpt lat="26.8603167" lon="75.7299567">
        <time>2022-03-13T13:38:36Z</time>
      </trkpt>
      <trkpt lat="26.8603767" lon="75.7300617">
        <time>2022-03-13T13:38:37Z</time>
      </trkpt>
      <trkpt lat="26.8604350" lon="75.7301717">
        <time>2022-03-13T13:38:38Z</time>
      </trkpt>
      <trkpt lat="26.8604967" lon="75.7302800">
        <time>2022-03-13T13:38:39Z</time>
      </trkpt>
      <trkpt lat="26.8605667" lon="75.7303817">
        <time>2022-03-13T13:38:40Z</time>
      </trkpt>
      <trkpt lat="26.8606200" lon="75.7304833">
        <time>2022-03-13T13:38:41Z</time>
      </trkpt>
      <trkpt lat="26.8606783" lon="75.7305817">
        <time>2022-03-13T13:38:42Z</time>
      </trkpt>
      <trkpt lat="26.8607467" lon="75.7306817">
        <time>2022-03-13T13:38:43Z</time>
      </trkpt>
      <trkpt lat="26.8608083" lon="75.7307800">
        <time>2022-03-13T13:38:44Z</time>
      </trkpt>
      <trkpt lat="26.8608683" lon="75.7308767">
        <time>2022-03-13T13:38:45Z</time>
      </trkpt>
      <trkpt lat="26.8609283" lon="75.7309750">
        <time>2022-03-13T13:38:46Z</time>
      </trkpt>
      <trkpt lat="26.8609850" lon="75.7310733">
        <time>2022-03-13T13:38:47Z</time>
      </trkpt>
      <trkpt lat="26.8610400" lon="75.7311667">
        <time>2022-03-13T13:38:48Z</time>
      </trkpt>
      <trkpt lat="26.8610900" lon="75.7312500">
        <time>2022-03-13T13:38:49Z</time>
      </trkpt>
      <trkpt lat="26.8611367" lon="75.7313233">
        <time>2022-03-13T13:38:50Z</time>
      </trkpt>
      <trkpt lat="26.8611750" lon="75.7313800">
        <time>2022-03-13T13:38:51Z</time>
      </trkpt>
      <trkpt lat="26.8612083" lon="75.7314317">
        <time>2022-03-13T13:38:52Z</time>
      </trkpt>
      <trkpt lat="26.8612283" lon="75.7314667">
        <time>2022-03-13T13:38:53Z</time>
      </trkpt>
      <trkpt lat="26.8612417" lon="75.7314917">
        <time>2022-03-13T13:38:54Z</time>
      </trkpt>
      <trkpt lat="26.8612450" lon="75.7315050">
        <time>2022-03-13T13:38:55Z</time>
      </trkpt>
      <trkpt lat="26.8612417" lon="75.7315033">
        <time>2022-03-13T13:38:56Z</time>
      </trkpt>
      <trkpt lat="26.8612417" lon="75.7315017">
        <time>2022-03-13T13:38:57Z</time>
      </trkpt>
      <trkpt lat="26.8612417" lon="75.7315017">
        <time>2022-03-13T13:38:58Z</time>
      </trkpt>
      <trkpt lat="26.8612417" lon="75.7315017">
        <time>2022-03-13T13:38:59Z</time>
      </trkpt>
      <trkpt lat="26.8612417" lon="75.7315017">
        <time>2022-03-13T13:39:00Z</time>
      </trkpt>
      <trkpt lat="26.8612417" lon="75.7315017">
        <time>2022-03-13T13:39:01Z</time>
      </trkpt>
      <trkpt lat="26.8612417" lon="75.7315017">
        <time>2022-03-13T13:39:02Z</time>
      </trkpt>
      <trkpt lat="26.8612417" lon="75.7315017">
        <time>2022-03-13T13:39:03Z</time>
      </trkpt>
      <trkpt lat="26.8612417" lon="75.7315017">
        <time>2022-03-13T13:39:04Z</time>
      </trkpt>
      <trkpt lat="26.8612417" lon="75.7315017">
        <time>2022-03-13T13:39:05Z</time>
      </trkpt>
      <trkpt lat="26.8612633" lon="75.7315267">
        <time>2022-03-13T13:39:06Z</time>
      </trkpt>
      <trkpt lat="26.8612717" lon="75.7315417">
        <time>2022-03-13T13:39:07Z</time>
      </trkpt>
      <trkpt lat="26.8612783" lon="75.7315533">
        <time>2022-03-13T13:39:08Z</time>
      </trkpt>
      <trkpt lat="26.8612833" lon="75.7315650">
        <time>2022-03-13T13:39:09Z</time>
      </trkpt>
      <trkpt lat="26.8612900" lon="75.7315717">
        <time>2022-03-13T13:39:10Z</time>
      </trkpt>
      <trkpt lat="26.8612967" lon="75.7315817">
        <time>2022-03-13T13:39:11Z</time>
      </trkpt>
      <trkpt lat="26.8613017" lon="75.7315900">
        <time>2022-03-13T13:39:12Z</time>
      </trkpt>
      <trkpt lat="26.8613083" lon="75.7316017">
        <time>2022-03-13T13:39:13Z</time>
      </trkpt>
      <trkpt lat="26.8613133" lon="75.7316150">
        <time>2022-03-13T13:39:14Z</time>
      </trkpt>
      <trkpt lat="26.8613217" lon="75.7316233">
        <time>2022-03-13T13:39:15Z</time>
      </trkpt>
      <trkpt lat="26.8613300" lon="75.7316317">
        <time>2022-03-13T13:39:16Z</time>
      </trkpt>
      <trkpt lat="26.8613400" lon="75.7316467">
        <time>2022-03-13T13:39:17Z</time>
      </trkpt>
      <trkpt lat="26.8613500" lon="75.7316617">
        <time>2022-03-13T13:39:18Z</time>
      </trkpt>
      <trkpt lat="26.8613633" lon="75.7316833">
        <time>2022-03-13T13:39:19Z</time>
      </trkpt>
      <trkpt lat="26.8613800" lon="75.7317067">
        <time>2022-03-13T13:39:20Z</time>
      </trkpt>
      <trkpt lat="26.8614000" lon="75.7317300">
        <time>2022-03-13T13:39:21Z</time>
      </trkpt>
      <trkpt lat="26.8614150" lon="75.7317483">
        <time>2022-03-13T13:39:22Z</time>
      </trkpt>
      <trkpt lat="26.8614267" lon="75.7317617">
        <time>2022-03-13T13:39:23Z</time>
      </trkpt>
      <trkpt lat="26.8614317" lon="75.7317700">
        <time>2022-03-13T13:39:24Z</time>
      </trkpt>
      <trkpt lat="26.8614350" lon="75.7317750">
        <time>2022-03-13T13:39:25Z</time>
      </trkpt>
      <trkpt lat="26.8614433" lon="75.7317800">
        <time>2022-03-13T13:39:26Z</time>
      </trkpt>
      <trkpt lat="26.8614533" lon="75.7317833">
        <time>2022-03-13T13:39:27Z</time>
      </trkpt>
      <trkpt lat="26.8614667" lon="75.7317900">
        <time>2022-03-13T13:39:28Z</time>
      </trkpt>
      <trkpt lat="26.8614833" lon="75.7318067">
        <time>2022-03-13T13:39:29Z</time>
      </trkpt>
      <trkpt lat="26.8615067" lon="75.7318250">
        <time>2022-03-13T13:39:30Z</time>
      </trkpt>
      <trkpt lat="26.8615383" lon="75.7318450">
        <time>2022-03-13T13:39:31Z</time>
      </trkpt>
      <trkpt lat="26.8615750" lon="75.7318717">
        <time>2022-03-13T13:39:32Z</time>
      </trkpt>
      <trkpt lat="26.8616100" lon="75.7319000">
        <time>2022-03-13T13:39:33Z</time>
      </trkpt>
      <trkpt lat="26.8616367" lon="75.7319300">
        <time>2022-03-13T13:39:34Z</time>
      </trkpt>
      <trkpt lat="26.8616600" lon="75.7319683">
        <time>2022-03-13T13:39:35Z</time>
      </trkpt>
      <trkpt lat="26.8616817" lon="75.7320000">
        <time>2022-03-13T13:39:36Z</time>
      </trkpt>
      <trkpt lat="26.8616967" lon="75.7320333">
        <time>2022-03-13T13:39:37Z</time>
      </trkpt>
      <trkpt lat="26.8617017" lon="75.7320767">
        <time>2022-03-13T13:39:38Z</time>
      </trkpt>
      <trkpt lat="26.8617000" lon="75.7321167">
        <time>2022-03-13T13:39:39Z</time>
      </trkpt>
      <trkpt lat="26.8616900" lon="75.7321650">
        <time>2022-03-13T13:39:40Z</time>
      </trkpt>
      <trkpt lat="26.8616733" lon="75.7322217">
        <time>2022-03-13T13:39:41Z</time>
      </trkpt>
      <trkpt lat="26.8616500" lon="75.7322767">
        <time>2022-03-13T13:39:42Z</time>
      </trkpt>
      <trkpt lat="26.8616183" lon="75.7323217">
        <time>2022-03-13T13:39:43Z</time>
      </trkpt>
      <trkpt lat="26.8615817" lon="75.7323567">
        <time>2022-03-13T13:39:44Z</time>
      </trkpt>
      <trkpt lat="26.8615450" lon="75.7323783">
        <time>2022-03-13T13:39:45Z</time>
      </trkpt>
      <trkpt lat="26.8615100" lon="75.7323900">
        <time>2022-03-13T13:39:46Z</time>
      </trkpt>
      <trkpt lat="26.8614633" lon="75.7323983">
        <time>2022-03-13T13:39:47Z</time>
      </trkpt>
      <trkpt lat="26.8614050" lon="75.7324117">
        <time>2022-03-13T13:39:48Z</time>
      </trkpt>
      <trkpt lat="26.8613400" lon="75.7324267">
        <time>2022-03-13T13:39:49Z</time>
      </trkpt>
      <trkpt lat="26.8612683" lon="75.7324500">
        <time>2022-03-13T13:39:50Z</time>
      </trkpt>
      <trkpt lat="26.8611967" lon="75.7324900">
        <time>2022-03-13T13:39:51Z</time>
      </trkpt>
      <trkpt lat="26.8611167" lon="75.7325333">
        <time>2022-03-13T13:39:52Z</time>
      </trkpt>
      <trkpt lat="26.8610367" lon="75.7325817">
        <time>2022-03-13T13:39:53Z</time>
      </trkpt>
      <trkpt lat="26.8609483" lon="75.7326317">
        <time>2022-03-13T13:39:54Z</time>
      </trkpt>
      <trkpt lat="26.8608550" lon="75.7326967">
        <time>2022-03-13T13:39:55Z</time>
      </trkpt>
      <trkpt lat="26.8607617" lon="75.7327583">
        <time>2022-03-13T13:39:56Z</time>
      </trkpt>
      <trkpt lat="26.8606700" lon="75.7328283">
        <time>2022-03-13T13:39:57Z</time>
      </trkpt>
      <trkpt lat="26.8605767" lon="75.7328883">
        <time>2022-03-13T13:39:58Z</time>
      </trkpt>
      <trkpt lat="26.8604850" lon="75.7329450">
        <time>2022-03-13T13:39:59Z</time>
      </trkpt>
      <trkpt lat="26.8604050" lon="75.7330033">
        <time>2022-03-13T13:40:00Z</time>
      </trkpt>
      <trkpt lat="26.8603183" lon="75.7330717">
        <time>2022-03-13T13:40:01Z</time>
      </trkpt>
      <trkpt lat="26.8602300" lon="75.7331383">
        <time>2022-03-13T13:40:02Z</time>
      </trkpt>
      <trkpt lat="26.8601333" lon="75.7332100">
        <time>2022-03-13T13:40:03Z</time>
      </trkpt>
      <trkpt lat="26.8600433" lon="75.7332833">
        <time>2022-03-13T13:40:04Z</time>
      </trkpt>
      <trkpt lat="26.8599500" lon="75.7333550">
        <time>2022-03-13T13:40:05Z</time>
      </trkpt>
      <trkpt lat="26.8598583" lon="75.7334333">
        <time>2022-03-13T13:40:06Z</time>
      </trkpt>
      <trkpt lat="26.8597600" lon="75.7335117">
        <time>2022-03-13T13:40:07Z</time>
      </trkpt>
      <trkpt lat="26.8596567" lon="75.7335933">
        <time>2022-03-13T13:40:08Z</time>
      </trkpt>
      <trkpt lat="26.8595617" lon="75.7336667">
        <time>2022-03-13T13:40:09Z</time>
      </trkpt>
      <trkpt lat="26.8594633" lon="75.7337450">
        <time>2022-03-13T13:40:10Z</time>
      </trkpt>
      <trkpt lat="26.8593633" lon="75.7338200">
        <time>2022-03-13T13:40:11Z</time>
      </trkpt>
      <trkpt lat="26.8592650" lon="75.7338983">
        <time>2022-03-13T13:40:12Z</time>
      </trkpt>
      <trkpt lat="26.8591483" lon="75.7339683">
        <time>2022-03-13T13:40:13Z</time>
      </trkpt>
      <trkpt lat="26.8590383" lon="75.7340517">
        <time>2022-03-13T13:40:14Z</time>
      </trkpt>
      <trkpt lat="26.8589267" lon="75.7341367">
        <time>2022-03-13T13:40:15Z</time>
      </trkpt>
      <trkpt lat="26.8588167" lon="75.7342250">
        <time>2022-03-13T13:40:16Z</time>
      </trkpt>
      <trkpt lat="26.8587050" lon="75.7343083">
        <time>2022-03-13T13:40:17Z</time>
      </trkpt>
      <trkpt lat="26.8585833" lon="75.7343833">
        <time>2022-03-13T13:40:18Z</time>
      </trkpt>
      <trkpt lat="26.8584667" lon="75.7344683">
        <time>2022-03-13T13:40:19Z</time>
      </trkpt>
      <trkpt lat="26.8583483" lon="75.7345500">
        <time>2022-03-13T13:40:20Z</time>
      </trkpt>
      <trkpt lat="26.8582317" lon="75.7346317">
        <time>2022-03-13T13:40:21Z</time>
      </trkpt>
      <trkpt lat="26.8581183" lon="75.7347133">
        <time>2022-03-13T13:40:22Z</time>
      </trkpt>
      <trkpt lat="26.8580100" lon="75.7347950">
        <time>2022-03-13T13:40:23Z</time>
      </trkpt>
      <trkpt lat="26.8578900" lon="75.7348800">
        <time>2022-03-13T13:40:24Z</time>
      </trkpt>
      <trkpt lat="26.8577633" lon="75.7349633">
        <time>2022-03-13T13:40:25Z</time>
      </trkpt>
      <trkpt lat="26.8576367" lon="75.7350550">
        <time>2022-03-13T13:40:26Z</time>
      </trkpt>
      <trkpt lat="26.8575100" lon="75.7351417">
        <time>2022-03-13T13:40:27Z</time>
      </trkpt>
      <trkpt lat="26.8573817" lon="75.7352367">
        <time>2022-03-13T13:40:28Z</time>
      </trkpt>
      <trkpt lat="26.8572533" lon="75.7353267">
        <time>2022-03-13T13:40:29Z</time>
      </trkpt>
      <trkpt lat="26.8571267" lon="75.7354217">
        <time>2022-03-13T13:40:30Z</time>
      </trkpt>
      <trkpt lat="26.8569983" lon="75.7355217">
        <time>2022-03-13T13:40:31Z</time>
      </trkpt>
      <trkpt lat="26.8568700" lon="75.7356283">
        <time>2022-03-13T13:40:32Z</time>
      </trkpt>
      <trkpt lat="26.8567400" lon="75.7357300">
        <time>2022-03-13T13:40:33Z</time>
      </trkpt>
      <trkpt lat="26.8566117" lon="75.7358300">
        <time>2022-03-13T13:40:34Z</time>
      </trkpt>
    </trkseg>
  </trk>
</gpx>
