<?xml version="1.0" encoding="UTF-8"?>
<gpx version="1.0" creator="OpenStreetMap.org" xmlns="http://www.topografix.com/GPX/1/0">
  <trk>
    <trkseg>
      <trkpt lat="26.9161615" lon="75.8172289">
        <time>2018-10-10T15:59:10Z</time>
      </trkpt>
      <trkpt lat="26.9162663" lon="75.8172705">
        <time>2018-10-10T15:59:21Z</time>
      </trkpt>
      <trkpt lat="26.9163936" lon="75.8173001">
        <time>2018-10-10T15:59:32Z</time>
      </trkpt>
      <trkpt lat="26.9164874" lon="75.8173118">
        <time>2018-10-10T15:59:42Z</time>
      </trkpt>
      <trkpt lat="26.9165283" lon="75.8172299">
        <time>2018-10-10T15:59:52Z</time>
      </trkpt>
      <trkpt lat="26.9165906" lon="75.8170524">
        <time>2018-10-10T16:00:03Z</time>
      </trkpt>
      <trkpt lat="26.9166429" lon="75.8169066">
        <time>2018-10-10T16:00:13Z</time>
      </trkpt>
      <trkpt lat="26.9167174" lon="75.8167962">
        <time>2018-10-10T16:00:23Z</time>
      </trkpt>
      <trkpt lat="26.9167510" lon="75.8166733">
        <time>2018-10-10T16:00:34Z</time>
      </trkpt>
      <trkpt lat="26.9167791" lon="75.8165606">
        <time>2018-10-10T16:00:44Z</time>
      </trkpt>
      <trkpt lat="26.9167945" lon="75.8164457">
        <time>2018-10-10T16:00:54Z</time>
      </trkpt>
      <trkpt lat="26.9168071" lon="75.8162642">
        <time>2018-10-10T16:01:05Z</time>
      </trkpt>
      <trkpt lat="26.9169271" lon="75.8162430">
        <time>2018-10-10T16:01:16Z</time>
      </trkpt>
      <trkpt lat="26.9169271" lon="75.8162430">
        <time>2018-10-10T16:01:27Z</time>
      </trkpt>
      <trkpt lat="26.9169271" lon="75.8162430">
        <time>2018-10-10T16:01:37Z</time>
      </trkpt>
      <trkpt lat="26.9169271" lon="75.8162430">
        <time>2018-10-10T16:01:48Z</time>
      </trkpt>
      <trkpt lat="26.9169271" lon="75.8162430">
        <time>2018-10-10T16:01:58Z</time>
      </trkpt>
      <trkpt lat="26.9169331" lon="75.8162469">
        <time>2018-10-10T16:02:09Z</time>
      </trkpt>
      <trkpt lat="26.9169520" lon="75.8162568">
        <time>2018-10-10T16:02:19Z</time>
      </trkpt>
      <trkpt lat="26.9170108" lon="75.8162447">
        <time>2018-10-10T16:02:30Z</time>
      </trkpt>
      <trkpt lat="26.9170101" lon="75.8161198">
        <time>2018-10-10T16:02:40Z</time>
      </trkpt>
      <trkpt lat="26.9169891" lon="75.8159750">
        <time>2018-10-10T16:02:50Z</time>
      </trkpt>
      <trkpt lat="26.9169811" lon="75.8158225">
        <time>2018-10-10T16:03:00Z</time>
      </trkpt>
      <trkpt lat="26.9169702" lon="75.8156709">
        <time>2018-10-10T16:03:11Z</time>
      </trkpt>
      <trkpt lat="26.9169305" lon="75.8155067">
        <time>2018-10-10T16:03:21Z</time>
      </trkpt>
      <trkpt lat="26.9169221" lon="75.8153517">
        <time>2018-10-10T16:03:32Z</time>
      </trkpt>
      <trkpt lat="26.9168922" lon="75.8152167">
        <time>2018-10-10T16:03:42Z</time>
      </trkpt>
      <trkpt lat="26.9168589" lon="75.8150904">
        <time>2018-10-10T16:03:52Z</time>
      </trkpt>
      <trkpt lat="26.9168570" lon="75.8149531">
        <time>2018-10-10T16:04:03Z</time>
      </trkpt>
      <trkpt lat="26.9168350" lon="75.8147730">
        <time>2018-10-10T16:04:14Z</time>
      </trkpt>
      <trkpt lat="26.9167797" lon="75.8146405">
        <time>2018-10-10T16:04:25Z</time>
      </trkpt>
      <trkpt lat="26.9167637" lon="75.8145165">
        <time>2018-10-10T16:04:36Z</time>
      </trkpt>
      <trkpt lat="26.9167196" lon="75.8143867">
        <time>2018-10-10T16:04:46Z</time>
      </trkpt>
      <trkpt lat="26.9167099" lon="75.8142243">
        <time>2018-10-10T16:04:57Z</time>
      </trkpt>
      <trkpt lat="26.9167037" lon="75.8140999">
        <time>2018-10-10T16:05:08Z</time>
      </trkpt>
      <trkpt lat="26.9167985" lon="75.8139858">
        <time>2018-10-10T16:05:19Z</time>
      </trkpt>
      <trkpt lat="26.9167575" lon="75.8138733">
        <time>2018-10-10T16:05:29Z</time>
      </trkpt>
      <trkpt lat="26.9167758" lon="75.8137208">
        <time>2018-10-10T16:05:40Z</time>
      </trkpt>
      <trkpt lat="26.9168160" lon="75.8135903">
        <time>2018-10-10T16:05:51Z</time>
      </trkpt>
      <trkpt lat="26.9168087" lon="75.8134363">
        <time>2018-10-10T16:06:02Z</time>
      </trkpt>
      <trkpt lat="26.9167760" lon="75.8132779">
        <time>2018-10-10T16:06:13Z</time>
      </trkpt>
      <trkpt lat="26.9167561" lon="75.8131349">
        <time>2018-10-10T16:06:23Z</time>
      </trkpt>
      <trkpt lat="26.9167448" lon="75.8129770">
        <time>2018-10-10T16:06:34Z</time>
      </trkpt>
      <trkpt lat="26.9167345" lon="75.8128345">
        <time>2018-10-10T16:06:44Z</time>
      </trkpt>
      <trkpt lat="26.9167297" lon="75.8126976">
        <time>2018-10-10T16:06:55Z</time>
      </trkpt>
      <trkpt lat="26.9167381" lon="75.8125483">
        <time>2018-10-10T16:07:06Z</time>
      </trkpt>
      <trkpt lat="26.9167093" lon="75.8124215">
        <time>2018-10-10T16:07:16Z</time>
      </trkpt>
      <trkpt lat="26.9167279" lon="75.8122882">
        <time>2018-10-10T16:07:27Z</time>
      </trkpt>
      <trkpt lat="26.9166886" lon="75.8121318">
        <time>2018-10-10T16:07:38Z</time>
      </trkpt>
      <trkpt lat="26.9166621" lon="75.8119683">
        <time>2018-10-10T16:07:49Z</time>
      </trkpt>
      <trkpt lat="26.9166137" lon="75.8118364">
        <time>2018-10-10T16:07:59Z</time>
      </trkpt>
      <trkpt lat="26.9165517" lon="75.8116787">
        <time>2018-10-10T16:08:10Z</time>
      </trkpt>
      <trkpt lat="26.9164873" lon="75.8115711">
        <time>2018-10-10T16:08:20Z</time>
      </trkpt>
      <trkpt lat="26.9164547" lon="75.8114158">
        <time>2018-10-10T16:08:31Z</time>
      </trkpt>
      <trkpt lat="26.9164092" lon="75.8112923">
        <time>2018-10-10T16:08:42Z</time>
      </trkpt>
      <trkpt lat="26.9163714" lon="75.8111542">
        <time>2018-10-10T16:08:52Z</time>
      </trkpt>
      <trkpt lat="26.9163069" lon="75.8110401">
        <time>2018-10-10T16:09:03Z</time>
      </trkpt>
      <trkpt lat="26.9163311" lon="75.8109777">
        <time>2018-10-10T16:09:13Z</time>
      </trkpt>
      <trkpt lat="26.9163520" lon="75.8108226">
        <time>2018-10-10T16:09:24Z</time>
      </trkpt>
      <trkpt lat="26.9163695" lon="75.8106931">
        <time>2018-10-10T16:09:35Z</time>
      </trkpt>
      <trkpt lat="26.9163271" lon="75.8105330">
        <time>2018-10-10T16:09:46Z</time>
      </trkpt>
      <trkpt lat="26.9163052" lon="75.8103897">
        <time>2018-10-10T16:09:56Z</time>
      </trkpt>
      <trkpt lat="26.9162232" lon="75.8102468">
        <time>2018-10-10T16:10:07Z</time>
      </trkpt>
      <trkpt lat="26.9161726" lon="75.8100796">
        <time>2018-10-10T16:10:17Z</time>
      </trkpt>
      <trkpt lat="26.9163551" lon="75.8099685">
        <time>2018-10-10T16:10:28Z</time>
      </trkpt>
      <trkpt lat="26.9164165" lon="75.8099774">
        <time>2018-10-10T16:10:39Z</time>
      </trkpt>
      <trkpt lat="26.9164139" lon="75.8099306">
        <time>2018-10-10T16:10:50Z</time>
      </trkpt>
      <trkpt lat="26.9164068" lon="75.8097991">
        <time>2018-10-10T16:11:01Z</time>
      </trkpt>
      <trkpt lat="26.9163244" lon="75.8096368">
        <time>2018-10-10T16:11:11Z</time>
      </trkpt>
      <trkpt lat="26.9163325" lon="75.8095062">
        <time>2018-10-10T16:11:21Z</time>
      </trkpt>
      <trkpt lat="26.9163830" lon="75.8093578">
        <time>2018-10-10T16:11:32Z</time>
      </trkpt>
      <trkpt lat="26.9164455" lon="75.8091938">
        <time>2018-10-10T16:11:43Z</time>
      </trkpt>
      <trkpt lat="26.9164735" lon="75.8090500">
        <time>2018-10-10T16:11:53Z</time>
      </trkpt>
      <trkpt lat="26.9164533" lon="75.8089056">
        <time>2018-10-10T16:12:04Z</time>
      </trkpt>
      <trkpt lat="26.9164537" lon="75.8087605">
        <time>2018-10-10T16:12:14Z</time>
      </trkpt>
      <trkpt lat="26.9164770" lon="75.8085931">
        <time>2018-10-10T16:12:25Z</time>
      </trkpt>
      <trkpt lat="26.9164917" lon="75.8084660">
        <time>2018-10-10T16:12:35Z</time>
      </trkpt>
      <trkpt lat="26.9164923" lon="75.8083004">
        <time>2018-10-10T16:12:46Z</time>
      </trkpt>
      <trkpt lat="26.9164834" lon="75.8081449">
        <time>2018-10-10T16:12:56Z</time>
      </trkpt>
      <trkpt lat="26.9165063" lon="75.8079884">
        <time>2018-10-10T16:13:06Z</time>
      </trkpt>
      <trkpt lat="26.9165068" lon="75.8078288">
        <time>2018-10-10T16:13:17Z</time>
      </trkpt>
      <trkpt lat="26.9165322" lon="75.8076853">
        <time>2018-10-10T16:13:28Z</time>
      </trkpt>
      <trkpt lat="26.9165456" lon="75.8075405">
        <time>2018-10-10T16:13:39Z</time>
      </trkpt>
      <trkpt lat="26.9165386" lon="75.8073927">
        <time>2018-10-10T16:13:49Z</time>
      </trkpt>
      <trkpt lat="26.9166304" lon="75.8072617">
        <time>2018-10-10T16:14:00Z</time>
      </trkpt>
      <trkpt lat="26.9166581" lon="75.8072477">
        <time>2018-10-10T16:14:10Z</time>
      </trkpt>
      <trkpt lat="26.9167278" lon="75.8072560">
        <time>2018-10-10T16:14:20Z</time>
      </trkpt>
      <trkpt lat="26.9166518" lon="75.8072084">
        <time>2018-10-10T16:14:31Z</time>
      </trkpt>
      <trkpt lat="26.9166220" lon="75.8070561">
        <time>2018-10-10T16:14:42Z</time>
      </trkpt>
      <trkpt lat="26.9166337" lon="75.8069775">
        <time>2018-10-10T16:14:52Z</time>
      </trkpt>
      <trkpt lat="26.9166066" lon="75.8068498">
        <time>2018-10-10T16:15:03Z</time>
      </trkpt>
      <trkpt lat="26.9167358" lon="75.8067639">
        <time>2018-10-10T16:15:14Z</time>
      </trkpt>
      <trkpt lat="26.9168870" lon="75.8067867">
        <time>2018-10-10T16:15:25Z</time>
      </trkpt>
      <trkpt lat="26.9170357" lon="75.8068432">
        <time>2018-10-10T16:15:36Z</time>
      </trkpt>
      <trkpt lat="26.9171572" lon="75.8068589">
        <time>2018-10-10T16:15:46Z</time>
      </trkpt>
      <trkpt lat="26.9172864" lon="75.8069234">
        <time>2018-10-10T16:15:57Z</time>
      </trkpt>
      <trkpt lat="26.9173762" lon="75.8068819">
        <time>2018-10-10T16:16:08Z</time>
      </trkpt>
      <trkpt lat="26.9174365" lon="75.8067240">
        <time>2018-10-10T16:16:18Z</time>
      </trkpt>
      <trkpt lat="26.9174739" lon="75.8065411">
        <time>2018-10-10T16:16:29Z</time>
      </trkpt>
      <trkpt lat="26.9175656" lon="75.8064936">
        <time>2018-10-10T16:16:40Z</time>
      </trkpt>
      <trkpt lat="26.9176964" lon="75.8065748">
        <time>2018-10-10T16:16:51Z</time>
      </trkpt>
      <trkpt lat="26.9178372" lon="75.8066147">
        <time>2018-10-10T16:17:02Z</time>
      </trkpt>
      <trkpt lat="26.9178829" lon="75.8067207">
        <time>2018-10-10T16:17:13Z</time>
      </trkpt>
      <trkpt lat="26.9178794" lon="75.8068510">
        <time>2018-10-10T16:17:23Z</time>
      </trkpt>
      <trkpt lat="26.9178382" lon="75.8069623">
        <time>2018-10-10T16:17:33Z</time>
      </trkpt>
      <trkpt lat="26.9177910" lon="75.8070935">
        <time>2018-10-10T16:17:44Z</time>
      </trkpt>
      <trkpt lat="26.9177460" lon="75.8072387">
        <time>2018-10-10T16:17:55Z</time>
      </trkpt>
      <trkpt lat="26.9176969" lon="75.8073922">
        <time>2018-10-10T16:18:05Z</time>
      </trkpt>
      <trkpt lat="26.9176666" lon="75.8075220">
        <time>2018-10-10T16:18:15Z</time>
      </trkpt>
      <trkpt lat="26.9176255" lon="75.8075387">
        <time>2018-10-10T16:18:26Z</time>
      </trkpt>
      <trkpt lat="26.9175798" lon="75.8075300">
        <time>2018-10-10T16:18:36Z</time>
      </trkpt>
      <trkpt lat="26.9175145" lon="75.8075223">
        <time>2018-10-10T16:18:47Z</time>
      </trkpt>
      <trkpt lat="26.9175159" lon="75.8075661">
        <time>2018-10-10T16:18:57Z</time>
      </trkpt>
      <trkpt lat="26.9175150" lon="75.8075752">
        <time>2018-10-10T16:19:08Z</time>
      </trkpt>
      <trkpt lat="26.9175150" lon="75.8075752">
        <time>2018-10-10T16:19:19Z</time>
      </trkpt>
      <trkpt lat="26.9175150" lon="75.8075752">
        <time>2018-10-10T16:19:29Z</time>
      </trkpt>
      <trkpt lat="26.9175108" lon="75.8076073">
        <time>2018-10-10T16:19:40Z</time>
      </trkpt>
      <trkpt lat="26.9175108" lon="75.8076073">
        <time>2018-10-10T16:19:51Z</time>
      </trkpt>
      <trkpt lat="26.9174685" lon="75.8076026">
        <time>2018-10-10T16:20:01Z</time>
      </trkpt>
      <trkpt lat="26.9174686" lon="75.8076025">
        <time>2018-10-10T16:20:12Z</time>
      </trkpt>
      <trkpt lat="26.9174686" lon="75.8076025">
        <time>2018-10-10T16:20:22Z</time>
      </trkpt>
      <trkpt lat="26.9174686" lon="75.8076025">
        <time>2018-10-10T16:20:33Z</time>
      </trkpt>
      <trkpt lat="26.9174686" lon="75.8076025">
        <time>2018-10-10T16:20:43Z</time>
      </trkpt>
      <trkpt lat="26.9174686" lon="75.8076025">
        <time>2018-10-10T16:20:54Z</time>
      </trkpt>
      <trkpt lat="26.9174686" lon="75.8076025">
        <time>2018-10-10T16:21:04Z</time>
      </trkpt>
      <trkpt lat="26.9174686" lon="75.8076025">
        <time>2018-10-10T16:21:15Z</time>
      </trkpt>
      <trkpt lat="26.9174686" lon="75.8076025">
        <time>2018-10-10T16:21:25Z</time>
      </trkpt>
      <trkpt lat="26.9174686" lon="75.8076025">
        <time>2018-10-10T16:21:36Z</time>
      </trkpt>
      <trkpt lat="26.9174686" lon="75.8076025">
        <time>2018-10-10T16:21:46Z</time>
      </trkpt>
      <trkpt lat="26.9174686" lon="75.8076025">
        <time>2018-10-10T16:21:57Z</time>
      </trkpt>
      <trkpt lat="26.9174686" lon="75.8076025">
        <time>2018-10-10T16:22:08Z</time>
      </trkpt>
      <trkpt lat="26.9174686" lon="75.8076025">
        <time>2018-10-10T16:22:18Z</time>
      </trkpt>
      <trkpt lat="26.9174686" lon="75.8076025">
        <time>2018-10-10T16:22:28Z</time>
      </trkpt>
      <trkpt lat="26.9174686" lon="75.8076025">
        <time>2018-10-10T16:22:39Z</time>
      </trkpt>
      <trkpt lat="26.9174686" lon="75.8076025">
        <time>2018-10-10T16:22:49Z</time>
      </trkpt>
      <trkpt lat="26.9174686" lon="75.8076025">
        <time>2018-10-10T16:23:00Z</time>
      </trkpt>
      <trkpt lat="26.9174686" lon="75.8076025">
        <time>2018-10-10T16:23:10Z</time>
      </trkpt>
      <trkpt lat="26.9174686" lon="75.8076025">
        <time>2018-10-10T16:23:21Z</time>
      </trkpt>
      <trkpt lat="26.9174686" lon="75.8076025">
        <time>2018-10-10T16:23:32Z</time>
      </trkpt>
      <trkpt lat="26.9174686" lon="75.8076025">
        <time>2018-10-10T16:23:42Z</time>
      </trkpt>
      <trkpt lat="26.9174592" lon="75.8076203">
        <time>2018-10-10T16:23:53Z</time>
      </trkpt>
      <trkpt lat="26.9174592" lon="75.8076203">
        <time>2018-10-10T16:24:03Z</time>
      </trkpt>
      <trkpt lat="26.9174555" lon="75.8076294">
        <time>2018-10-10T16:24:13Z</time>
      </trkpt>
      <trkpt lat="26.9174598" lon="75.8076356">
        <time>2018-10-10T16:24:24Z</time>
      </trkpt>
      <trkpt lat="26.9174598" lon="75.8076356">
        <time>2018-10-10T16:24:35Z</time>
      </trkpt>
      <trkpt lat="26.9174598" lon="75.8076356">
        <time>2018-10-10T16:24:46Z</time>
      </trkpt>
      <trkpt lat="26.9174553" lon="75.8076374">
        <time>2018-10-10T16:24:57Z</time>
      </trkpt>
      <trkpt lat="26.9174553" lon="75.8076374">
        <time>2018-10-10T16:25:08Z</time>
      </trkpt>
      <trkpt lat="26.9174553" lon="75.8076374">
        <time>2018-10-10T16:25:18Z</time>
      </trkpt>
      <trkpt lat="26.9174553" lon="75.8076374">
        <time>2018-10-10T16:25:29Z</time>
      </trkpt>
      <trkpt lat="26.9174553" lon="75.8076374">
        <time>2018-10-10T16:25:40Z</time>
      </trkpt>
      <trkpt lat="26.9174553" lon="75.8076374">
        <time>2018-10-10T16:25:51Z</time>
      </trkpt>
      <trkpt lat="26.9174553" lon="75.8076374">
        <time>2018-10-10T16:26:02Z</time>
      </trkpt>
      <trkpt lat="26.9174553" lon="75.8076374">
        <time>2018-10-10T16:26:12Z</time>
      </trkpt>
      <trkpt lat="26.9174553" lon="75.8076374">
        <time>2018-10-10T16:26:22Z</time>
      </trkpt>
      <trkpt lat="26.9174553" lon="75.8076374">
        <time>2018-10-10T16:26:33Z</time>
      </trkpt>
      <trkpt lat="26.9174553" lon="75.8076374">
        <time>2018-10-10T16:26:44Z</time>
      </trkpt>
      <trkpt lat="26.9174553" lon="75.8076374">
        <time>2018-10-10T16:26:55Z</time>
      </trkpt>
      <trkpt lat="26.9174553" lon="75.8076374">
        <time>2018-10-10T16:27:06Z</time>
      </trkpt>
      <trkpt lat="26.9174553" lon="75.8076374">
        <time>2018-10-10T16:27:16Z</time>
      </trkpt>
      <trkpt lat="26.9174553" lon="75.8076374">
        <time>2018-10-10T16:27:27Z</time>
      </trkpt>
      <trkpt lat="26.9174555" lon="75.8076424">
        <time>2018-10-10T16:27:37Z</time>
      </trkpt>
      <trkpt lat="26.9174560" lon="75.8076423">
        <time>2018-10-10T16:27:47Z</time>
      </trkpt>
      <trkpt lat="26.9174558" lon="75.8076420">
        <time>2018-10-10T16:27:58Z</time>
      </trkpt>
      <trkpt lat="26.9174555" lon="75.8076418">
        <time>2018-10-10T16:28:08Z</time>
      </trkpt>
      <trkpt lat="26.9174509" lon="75.8076486">
        <time>2018-10-10T16:28:18Z</time>
      </trkpt>
      <trkpt lat="26.9174509" lon="75.8076486">
        <time>2018-10-10T16:28:29Z</time>
      </trkpt>
      <trkpt lat="26.9174509" lon="75.8076486">
        <time>2018-10-10T16:28:39Z</time>
      </trkpt>
      <trkpt lat="26.9174511" lon="75.8076468">
        <time>2018-10-10T16:28:49Z</time>
      </trkpt>
      <trkpt lat="26.9174512" lon="75.8076466">
        <time>2018-10-10T16:29:00Z</time>
      </trkpt>
      <trkpt lat="26.9174512" lon="75.8076466">
        <time>2018-10-10T16:29:10Z</time>
      </trkpt>
      <trkpt lat="26.9174540" lon="75.8076420">
        <time>2018-10-10T16:29:21Z</time>
      </trkpt>
      <trkpt lat="26.9174540" lon="75.8076420">
        <time>2018-10-10T16:29:31Z</time>
      </trkpt>
      <trkpt lat="26.9174540" lon="75.8076420">
        <time>2018-10-10T16:29:42Z</time>
      </trkpt>
      <trkpt lat="26.9174540" lon="75.8076420">
        <time>2018-10-10T16:29:53Z</time>
      </trkpt>
      <trkpt lat="26.9174540" lon="75.8076420">
        <time>2018-10-10T16:30:03Z</time>
      </trkpt>
      <trkpt lat="26.9174540" lon="75.8076420">
        <time>2018-10-10T16:30:14Z</time>
      </trkpt>
      <trkpt lat="26.9174540" lon="75.8076420">
        <time>2018-10-10T16:30:24Z</time>
      </trkpt>
      <trkpt lat="26.9174540" lon="75.8076420">
        <time>2018-10-10T16:30:35Z</time>
      </trkpt>
      <trkpt lat="26.9174540" lon="75.8076420">
        <time>2018-10-10T16:30:45Z</time>
      </trkpt>
      <trkpt lat="26.9174540" lon="75.8076420">
        <time>2018-10-10T16:30:56Z</time>
      </trkpt>
      <trkpt lat="26.9174540" lon="75.8076420">
        <time>2018-10-10T16:31:06Z</time>
      </trkpt>
      <trkpt lat="26.9174540" lon="75.8076420">
        <time>2018-10-10T16:31:17Z</time>
      </trkpt>
      <trkpt lat="26.9174540" lon="75.8076420">
        <time>2018-10-10T16:31:28Z</time>
      </trkpt>
      <trkpt lat="26.9174540" lon="75.8076420">
        <time>2018-10-10T16:31:38Z</time>
      </trkpt>
      <trkpt lat="26.9174540" lon="75.8076420">
        <time>2018-10-10T16:31:48Z</time>
      </trkpt>
      <trkpt lat="26.9174540" lon="75.8076420">
        <time>2018-10-10T16:31:58Z</time>
      </trkpt>
      <trkpt lat="26.9174540" lon="75.8076420">
        <time>2018-10-10T16:32:09Z</time>
      </trkpt>
      <trkpt lat="26.9174540" lon="75.8076420">
        <time>2018-10-10T16:32:19Z</time>
      </trkpt>
      <trkpt lat="26.9174540" lon="75.8076420">
        <time>2018-10-10T16:32:30Z</time>
      </trkpt>
      <trkpt lat="26.9174540" lon="75.8076420">
        <time>2018-10-10T16:32:41Z</time>
      </trkpt>
      <trkpt lat="26.9174540" lon="75.8076420">
        <time>2018-10-10T16:32:52Z</time>
      </trkpt>
      <trkpt lat="26.9174540" lon="75.8076420">
        <time>2018-10-10T16:33:02Z</time>
      </trkpt>
      <trkpt lat="26.9174540" lon="75.8076420">
        <time>2018-10-10T16:33:13Z</time>
      </trkpt>
      <trkpt lat="26.9174540" lon="75.8076420">
        <time>2018-10-10T16:33:23Z</time>
      </trkpt>
      <trkpt lat="26.9174540" lon="75.8076420">
        <time>2018-10-10T16:33:34Z</time>
      </trkpt>
      <trkpt lat="26.9174540" lon="75.8076420">
        <time>2018-10-10T16:33:45Z</time>
      </trkpt>
      <trkpt lat="26.9174540" lon="75.8076420">
        <time>2018-10-10T16:33:56Z</time>
      </trkpt>
      <trkpt lat="26.9174540" lon="75.8076420">
        <time>2018-10-10T16:34:07Z</time>
      </trkpt>
      <trkpt lat="26.9174577" lon="75.8076501">
        <time>2018-10-10T16:34:17Z</time>
      </trkpt>
      <trkpt lat="26.9174577" lon="75.8076501">
        <time>2018-10-10T16:34:27Z</time>
      </trkpt>
      <trkpt lat="26.9174557" lon="75.8076359">
        <time>2018-10-10T16:34:38Z</time>
      </trkpt>
      <trkpt lat="26.9174557" lon="75.8076359">
        <time>2018-10-10T16:34:48Z</time>
      </trkpt>
      <trkpt lat="26.9174557" lon="75.8076359">
        <time>2018-10-10T16:34:59Z</time>
      </trkpt>
      <trkpt lat="26.9174557" lon="75.8076359">
        <time>2018-10-10T16:35:09Z</time>
      </trkpt>
      <trkpt lat="26.9174557" lon="75.8076359">
        <time>2018-10-10T16:35:20Z</time>
      </trkpt>
      <trkpt lat="26.9174557" lon="75.8076359">
        <time>2018-10-10T16:35:30Z</time>
      </trkpt>
      <trkpt lat="26.9174557" lon="75.8076359">
        <time>2018-10-10T16:35:41Z</time>
      </trkpt>
      <trkpt lat="26.9174557" lon="75.8076359">
        <time>2018-10-10T16:35:52Z</time>
      </trkpt>
      <trkpt lat="26.9174557" lon="75.8076359">
        <time>2018-10-10T16:36:03Z</time>
      </trkpt>
      <trkpt lat="26.9174557" lon="75.8076359">
        <time>2018-10-10T16:36:14Z</time>
      </trkpt>
      <trkpt lat="26.9174557" lon="75.8076359">
        <time>2018-10-10T16:36:25Z</time>
      </trkpt>
      <trkpt lat="26.9174557" lon="75.8076359">
        <time>2018-10-10T16:36:35Z</time>
      </trkpt>
      <trkpt lat="26.9174557" lon="75.8076359">
        <time>2018-10-10T16:36:45Z</time>
      </trkpt>
      <trkpt lat="26.9174557" lon="75.8076359">
        <time>2018-10-10T16:36:56Z</time>
      </trkpt>
      <trkpt lat="26.9174557" lon="75.8076359">
        <time>2018-10-10T16:37:07Z</time>
      </trkpt>
      <trkpt lat="26.9174557" lon="75.8076359">
        <time>2018-10-10T16:37:17Z</time>
      </trkpt>
      <trkpt lat="26.9174557" lon="75.8076359">
        <time>2018-10-10T16:37:27Z</time>
      </trkpt>
      <trkpt lat="26.9174557" lon="75.8076359">
        <time>2018-10-10T16:37:38Z</time>
      </trkpt>
      <trkpt lat="26.9174557" lon="75.8076359">
        <time>2018-10-10T16:37:48Z</time>
      </trkpt>
      <trkpt lat="26.9174557" lon="75.8076359">
        <time>2018-10-10T16:37:59Z</time>
      </trkpt>
      <trkpt lat="26.9174557" lon="75.8076359">
        <time>2018-10-10T16:38:09Z</time>
      </trkpt>
      <trkpt lat="26.9174557" lon="75.8076359">
        <time>2018-10-10T16:38:20Z</time>
      </trkpt>
      <trkpt lat="26.9174557" lon="75.8076359">
        <time>2018-10-10T16:38:31Z</time>
      </trkpt>
      <trkpt lat="26.9174557" lon="75.8076359">
        <time>2018-10-10T16:38:41Z</time>
      </trkpt>
      <trkpt lat="26.9174557" lon="75.8076359">
        <time>2018-10-10T16:38:52Z</time>
      </trkpt>
      <trkpt lat="26.9174557" lon="75.8076359">
        <time>2018-10-10T16:39:02Z</time>
      </trkpt>
      <trkpt lat="26.9174557" lon="75.8076359">
        <time>2018-10-10T16:39:13Z</time>
      </trkpt>
      <trkpt lat="26.9174557" lon="75.8076359">
        <time>2018-10-10T16:39:24Z</time>
      </trkpt>
      <trkpt lat="26.9174557" lon="75.8076359">
        <time>2018-10-10T16:39:34Z</time>
      </trkpt>
      <trkpt lat="26.9174557" lon="75.8076359">
        <time>2018-10-10T16:39:45Z</time>
      </trkpt>
      <trkpt lat="26.9174557" lon="75.8076359">
        <time>2018-10-10T16:39:55Z</time>
      </trkpt>
      <trkpt lat="26.9174557" lon="75.8076359">
        <time>2018-10-10T16:40:05Z</time>
      </trkpt>
      <trkpt lat="26.9174557" lon="75.8076359">
        <time>2018-10-10T16:40:16Z</time>
      </trkpt>
      <trkpt lat="26.9174557" lon="75.8076359">
        <time>2018-10-10T16:40:26Z</time>
      </trkpt>
      <trkpt lat="26.9174557" lon="75.8076359">
        <time>2018-10-10T16:40:36Z</time>
      </trkpt>
      <trkpt lat="26.9174557" lon="75.8076359">
        <time>2018-10-10T16:40:46Z</time>
      </trkpt>
      <trkpt lat="26.9174557" lon="75.8076359">
        <time>2018-10-10T16:40:57Z</time>
      </trkpt>
      <trkpt lat="26.9174557" lon="75.8076359">
        <time>2018-10-10T16:41:08Z</time>
      </trkpt>
      <trkpt lat="26.9174557" lon="75.8076359">
        <time>2018-10-10T16:41:18Z</time>
      </trkpt>
      <trkpt lat="26.9174557" lon="75.8076359">
        <time>2018-10-10T16:41:29Z</time>
      </trkpt>
      <trkpt lat="26.9174557" lon="75.8076359">
        <time>2018-10-10T16:41:40Z</time>
      </trkpt>
      <trkpt lat="26.9174557" lon="75.8076359">
        <time>2018-10-10T16:41:51Z</time>
      </trkpt>
      <trkpt lat="26.9174557" lon="75.8076359">
        <time>2018-10-10T16:42:01Z</time>
      </trkpt>
      <trkpt lat="26.9174557" lon="75.8076359">
        <time>2018-10-10T16:42:11Z</time>
      </trkpt>
      <trkpt lat="26.9174557" lon="75.8076359">
        <time>2018-10-10T16:42:22Z</time>
      </trkpt>
      <trkpt lat="26.9174557" lon="75.8076359">
        <time>2018-10-10T16:42:32Z</time>
      </trkpt>
      <trkpt lat="26.9174557" lon="75.8076359">
        <time>2018-10-10T16:42:42Z</time>
      </trkpt>
      <trkpt lat="26.9174557" lon="75.8076359">
        <time>2018-10-10T16:42:53Z</time>
      </trkpt>
      <trkpt lat="26.9174557" lon="75.8076359">
        <time>2018-10-10T16:43:04Z</time>
      </trkpt>
      <trkpt lat="26.9174557" lon="75.8076359">
        <time>2018-10-10T16:43:15Z</time>
      </trkpt>
      <trkpt lat="26.9174557" lon="75.8076359">
        <time>2018-10-10T16:43:26Z</time>
      </trkpt>
      <trkpt lat="26.9174557" lon="75.8076359">
        <time>2018-10-10T16:43:37Z</time>
      </trkpt>
      <trkpt lat="26.9174557" lon="75.8076359">
        <time>2018-10-10T16:43:48Z</time>
      </trkpt>
      <trkpt lat="26.9174557" lon="75.8076359">
        <time>2018-10-10T16:43:59Z</time>
      </trkpt>
      <trkpt lat="26.9174557" lon="75.8076359">
        <time>2018-10-10T16:44:09Z</time>
      </trkpt>
      <trkpt lat="26.9174557" lon="75.8076359">
        <time>2018-10-10T16:44:19Z</time>
      </trkpt>
      <trkpt lat="26.9174557" lon="75.8076359">
        <time>2018-10-10T16:44:30Z</time>
      </trkpt>
      <trkpt lat="26.9174557" lon="75.8076359">
        <time>2018-10-10T16:44:40Z</time>
      </trkpt>
      <trkpt lat="26.9174557" lon="75.8076359">
        <time>2018-10-10T16:44:51Z</time>
      </trkpt>
      <trkpt lat="26.9174557" lon="75.8076359">
        <time>2018-10-10T16:45:02Z</time>
      </trkpt>
      <trkpt lat="26.9174557" lon="75.8076359">
        <time>2018-10-10T16:45:12Z</time>
      </trkpt>
      <trkpt lat="26.9174557" lon="75.8076359">
        <time>2018-10-10T16:45:23Z</time>
      </trkpt>
      <trkpt lat="26.9174557" lon="75.8076359">
        <time>2018-10-10T16:45:34Z</time>
      </trkpt>
      <trkpt lat="26.9174557" lon="75.8076359">
        <time>2018-10-10T16:45:45Z</time>
      </trkpt>
      <trkpt lat="26.9174557" lon="75.8076359">
        <time>2018-10-10T16:45:55Z</time>
      </trkpt>
      <trkpt lat="26.9174557" lon="75.8076359">
        <time>2018-10-10T16:46:05Z</time>
      </trkpt>
      <trkpt lat="26.9174557" lon="75.8076359">
        <time>2018-10-10T16:46:15Z</time>
      </trkpt>
      <trkpt lat="26.9174557" lon="75.8076359">
        <time>2018-10-10T16:46:26Z</time>
      </trkpt>
      <trkpt lat="26.9174557" lon="75.8076359">
        <time>2018-10-10T16:46:37Z</time>
      </trkpt>
      <trkpt lat="26.9174557" lon="75.8076359">
        <time>2018-10-10T16:46:48Z</time>
      </trkpt>
      <trkpt lat="26.9174557" lon="75.8076359">
        <time>2018-10-10T16:46:59Z</time>
      </trkpt>
      <trkpt lat="26.9174557" lon="75.8076359">
        <time>2018-10-10T16:47:10Z</time>
      </trkpt>
      <trkpt lat="26.9174557" lon="75.8076359">
        <time>2018-10-10T16:47:21Z</time>
      </trkpt>
      <trkpt lat="26.9174557" lon="75.8076359">
        <time>2018-10-10T16:47:31Z</time>
      </trkpt>
      <trkpt lat="26.9174557" lon="75.8076359">
        <time>2018-10-10T16:47:41Z</time>
      </trkpt>
      <trkpt lat="26.9174557" lon="75.8076359">
        <time>2018-10-10T16:47:52Z</time>
      </trkpt>
      <trkpt lat="26.9174557" lon="75.8076359">
        <time>2018-10-10T16:48:02Z</time>
      </trkpt>
      <trkpt lat="26.9174557" lon="75.8076359">
        <time>2018-10-10T16:48:13Z</time>
      </trkpt>
      <trkpt lat="26.9174557" lon="75.8076359">
        <time>2018-10-10T16:48:24Z</time>
      </trkpt>
      <trkpt lat="26.9174557" lon="75.8076359">
        <time>2018-10-10T16:48:35Z</time>
      </trkpt>
      <trkpt lat="26.9174557" lon="75.8076359">
        <time>2018-10-10T16:48:45Z</time>
      </trkpt>
      <trkpt lat="26.9174557" lon="75.8076359">
        <time>2018-10-10T16:48:56Z</time>
      </trkpt>
      <trkpt lat="26.9174557" lon="75.8076359">
        <time>2018-10-10T16:49:06Z</time>
      </trkpt>
      <trkpt lat="26.9174557" lon="75.8076359">
        <time>2018-10-10T16:49:16Z</time>
      </trkpt>
      <trkpt lat="26.9174557" lon="75.8076359">
        <time>2018-10-10T16:49:27Z</time>
      </trkpt>
      <trkpt lat="26.9174557" lon="75.8076359">
        <time>2018-10-10T16:49:38Z</time>
      </trkpt>
      <trkpt lat="26.9174557" lon="75.8076359">
        <time>2018-10-10T16:49:48Z</time>
      </trkpt>
      <trkpt lat="26.9174557" lon="75.8076359">
        <time>2018-10-10T16:49:58Z</time>
      </trkpt>
      <trkpt lat="26.9174557" lon="75.8076359">
        <time>2018-10-10T16:50:09Z</time>
      </trkpt>
      <trkpt lat="26.9174557" lon="75.8076359">
        <time>2018-10-10T16:50:20Z</time>
      </trkpt>
      <trkpt lat="26.9174557" lon="75.8076359">
        <time>2018-10-10T16:50:30Z</time>
      </trkpt>
      <trkpt lat="26.9174557" lon="75.8076359">
        <time>2018-10-10T16:50:41Z</time>
      </trkpt>
      <trkpt lat="26.9174557" lon="75.8076359">
        <time>2018-10-10T16:50:52Z</time>
      </trkpt>
      <trkpt lat="26.9174557" lon="75.8076359">
        <time>2018-10-10T16:51:03Z</time>
      </trkpt>
      <trkpt lat="26.9174557" lon="75.8076359">
        <time>2018-10-10T16:51:14Z</time>
      </trkpt>
      <trkpt lat="26.9174557" lon="75.8076359">
        <time>2018-10-10T16:51:25Z</time>
      </trkpt>
      <trkpt lat="26.9174557" lon="75.8076359">
        <time>2018-10-10T16:51:36Z</time>
      </trkpt>
      <trkpt lat="26.9174557" lon="75.8076359">
        <time>2018-10-10T16:51:46Z</time>
      </trkpt>
      <trkpt lat="26.9174557" lon="75.8076359">
        <time>2018-10-10T16:51:57Z</time>
      </trkpt>
      <trkpt lat="26.9174557" lon="75.8076359">
        <time>2018-10-10T16:52:07Z</time>
      </trkpt>
      <trkpt lat="26.9174557" lon="75.8076359">
        <time>2018-10-10T16:52:18Z</time>
      </trkpt>
      <trkpt lat="26.9174557" lon="75.8076359">
        <time>2018-10-10T16:52:29Z</time>
      </trkpt>
      <trkpt lat="26.9174557" lon="75.8076359">
        <time>2018-10-10T16:52:39Z</time>
      </trkpt>
      <trkpt lat="26.9174557" lon="75.8076359">
        <time>2018-10-10T16:52:50Z</time>
      </trkpt>
      <trkpt lat="26.9174557" lon="75.8076359">
        <time>2018-10-10T16:53:01Z</time>
      </trkpt>
      <trkpt lat="26.9174557" lon="75.8076359">
        <time>2018-10-10T16:53:12Z</time>
      </trkpt>
      <trkpt lat="26.9174557" lon="75.8076359">
        <time>2018-10-10T16:53:22Z</time>
      </trkpt>
      <trkpt lat="26.9174557" lon="75.8076359">
        <time>2018-10-10T16:53:32Z</time>
      </trkpt>
      <trkpt lat="26.9174557" lon="75.8076359">
        <time>2018-10-10T16:53:43Z</time>
      </trkpt>
      <trkpt lat="26.9174557" lon="75.8076359">
        <time>2018-10-10T16:53:53Z</time>
      </trkpt>
      <trkpt lat="26.9174557" lon="75.8076359">
        <time>2018-10-10T16:54:04Z</time>
      </trkpt>
      <trkpt lat="26.9174557" lon="75.8076359">
        <time>2018-10-10T16:54:15Z</time>
      </trkpt>
      <trkpt lat="26.9174557" lon="75.8076359">
        <time>2018-10-10T16:54:26Z</time>
      </trkpt>
      <trkpt lat="26.9174557" lon="75.8076359">
        <time>2018-10-10T16:54:36Z</time>
      </trkpt>
      <trkpt lat="26.9174557" lon="75.8076359">
        <time>2018-10-10T16:54:46Z</time>
      </trkpt>
      <trkpt lat="26.9174557" lon="75.8076359">
        <time>2018-10-10T16:54:56Z</time>
      </trkpt>
      <trkpt lat="26.9174557" lon="75.8076359">
        <time>2018-10-10T16:55:07Z</time>
      </trkpt>
      <trkpt lat="26.9174557" lon="75.8076359">
        <time>2018-10-10T16:55:17Z</time>
      </trkpt>
      <trkpt lat="26.9174557" lon="75.8076359">
        <time>2018-10-10T16:55:28Z</time>
      </trkpt>
      <trkpt lat="26.9174557" lon="75.8076359">
        <time>2018-10-10T16:55:38Z</time>
      </trkpt>
      <trkpt lat="26.9174557" lon="75.8076359">
        <time>2018-10-10T16:55:49Z</time>
      </trkpt>
      <trkpt lat="26.9174557" lon="75.8076359">
        <time>2018-10-10T16:55:59Z</time>
      </trkpt>
      <trkpt lat="26.9174557" lon="75.8076359">
        <time>2018-10-10T16:56:09Z</time>
      </trkpt>
      <trkpt lat="26.9174563" lon="75.8076350">
        <time>2018-10-10T16:56:20Z</time>
      </trkpt>
      <trkpt lat="26.9174563" lon="75.8076350">
        <time>2018-10-10T16:56:31Z</time>
      </trkpt>
      <trkpt lat="26.9174563" lon="75.8076350">
        <time>2018-10-10T16:56:41Z</time>
      </trkpt>
      <trkpt lat="26.9174563" lon="75.8076350">
        <time>2018-10-10T16:56:51Z</time>
      </trkpt>
      <trkpt lat="26.9174563" lon="75.8076350">
        <time>2018-10-10T16:57:01Z</time>
      </trkpt>
      <trkpt lat="26.9174563" lon="75.8076350">
        <time>2018-10-10T16:57:12Z</time>
      </trkpt>
      <trkpt lat="26.9174563" lon="75.8076350">
        <time>2018-10-10T16:57:22Z</time>
      </trkpt>
      <trkpt lat="26.9174563" lon="75.8076350">
        <time>2018-10-10T16:57:33Z</time>
      </trkpt>
      <trkpt lat="26.9174563" lon="75.8076350">
        <time>2018-10-10T16:57:43Z</time>
      </trkpt>
      <trkpt lat="26.9174563" lon="75.8076350">
        <time>2018-10-10T16:57:54Z</time>
      </trkpt>
      <trkpt lat="26.9174563" lon="75.8076350">
        <time>2018-10-10T16:58:04Z</time>
      </trkpt>
      <trkpt lat="26.9174563" lon="75.8076350">
        <time>2018-10-10T16:58:14Z</time>
      </trkpt>
      <trkpt lat="26.9174563" lon="75.8076350">
        <time>2018-10-10T16:58:25Z</time>
      </trkpt>
      <trkpt lat="26.9174563" lon="75.8076350">
        <time>2018-10-10T16:58:36Z</time>
      </trkpt>
      <trkpt lat="26.9174563" lon="75.8076350">
        <time>2018-10-10T16:58:46Z</time>
      </trkpt>
      <trkpt lat="26.9174563" lon="75.8076350">
        <time>2018-10-10T16:58:57Z</time>
      </trkpt>
      <trkpt lat="26.9174563" lon="75.8076350">
        <time>2018-10-10T16:59:08Z</time>
      </trkpt>
      <trkpt lat="26.9174563" lon="75.8076350">
        <time>2018-10-10T16:59:18Z</time>
      </trkpt>
      <trkpt lat="26.9174563" lon="75.8076350">
        <time>2018-10-10T16:59:29Z</time>
      </trkpt>
      <trkpt lat="26.9174563" lon="75.8076350">
        <time>2018-10-10T16:59:39Z</time>
      </trkpt>
      <trkpt lat="26.9174563" lon="75.8076350">
        <time>2018-10-10T16:59:49Z</time>
      </trkpt>
      <trkpt lat="26.9174563" lon="75.8076350">
        <time>2018-10-10T17:00:00Z</time>
      </trkpt>
      <trkpt lat="26.9174563" lon="75.8076350">
        <time>2018-10-10T17:00:11Z</time>
      </trkpt>
      <trkpt lat="26.9174563" lon="75.8076350">
        <time>2018-10-10T17:00:21Z</time>
      </trkpt>
      <trkpt lat="26.9174563" lon="75.8076350">
        <time>2018-10-10T17:00:32Z</time>
      </trkpt>
      <trkpt lat="26.9174563" lon="75.8076350">
        <time>2018-10-10T17:00:42Z</time>
      </trkpt>
      <trkpt lat="26.9174563" lon="75.8076350">
        <time>2018-10-10T17:00:52Z</time>
      </trkpt>
      <trkpt lat="26.9174563" lon="75.8076350">
        <time>2018-10-10T17:01:03Z</time>
      </trkpt>
      <trkpt lat="26.9174563" lon="75.8076350">
        <time>2018-10-10T17:01:13Z</time>
      </trkpt>
      <trkpt lat="26.9174563" lon="75.8076350">
        <time>2018-10-10T17:01:24Z</time>
      </trkpt>
      <trkpt lat="26.9174563" lon="75.8076350">
        <time>2018-10-10T17:01:34Z</time>
      </trkpt>
      <trkpt lat="26.9174563" lon="75.8076350">
        <time>2018-10-10T17:01:45Z</time>
      </trkpt>
      <trkpt lat="26.9174563" lon="75.8076350">
        <time>2018-10-10T17:01:55Z</time>
      </trkpt>
      <trkpt lat="26.9174563" lon="75.8076350">
        <time>2018-10-10T17:02:06Z</time>
      </trkpt>
      <trkpt lat="26.9174563" lon="75.8076350">
        <time>2018-10-10T17:02:16Z</time>
      </trkpt>
      <trkpt lat="26.9174563" lon="75.8076350">
        <time>2018-10-10T17:02:26Z</time>
      </trkpt>
      <trkpt lat="26.9174563" lon="75.8076350">
        <time>2018-10-10T17:02:37Z</time>
      </trkpt>
      <trkpt lat="26.9174563" lon="75.8076350">
        <time>2018-10-10T17:02:48Z</time>
      </trkpt>
      <trkpt lat="26.9174563" lon="75.8076350">
        <time>2018-10-10T17:02:59Z</time>
      </trkpt>
      <trkpt lat="26.9174563" lon="75.8076350">
        <time>2018-10-10T17:03:10Z</time>
      </trkpt>
      <trkpt lat="26.9174563" lon="75.8076350">
        <time>2018-10-10T17:03:20Z</time>
      </trkpt>
      <trkpt lat="26.9174563" lon="75.8076350">
        <time>2018-10-10T17:03:31Z</time>
      </trkpt>
      <trkpt lat="26.9174563" lon="75.8076350">
        <time>2018-10-10T17:03:41Z</time>
      </trkpt>
      <trkpt lat="26.9174563" lon="75.8076350">
        <time>2018-10-10T17:03:51Z</time>
      </trkpt>
      <trkpt lat="26.9174563" lon="75.8076350">
        <time>2018-10-10T17:04:02Z</time>
      </trkpt>
      <trkpt lat="26.9174563" lon="75.8076350">
        <time>2018-10-10T17:04:12Z</time>
      </trkpt>
      <trkpt lat="26.9174563" lon="75.8076350">
        <time>2018-10-10T17:04:23Z</time>
      </trkpt>
      <trkpt lat="26.9174563" lon="75.8076350">
        <time>2018-10-10T17:04:34Z</time>
      </trkpt>
      <trkpt lat="26.9174391" lon="75.8076269">
        <time>2018-10-10T17:04:44Z</time>
      </trkpt>
      <trkpt lat="26.9174269" lon="75.8076192">
        <time>2018-10-10T17:04:54Z</time>
      </trkpt>
      <trkpt lat="26.9174234" lon="75.8076178">
        <time>2018-10-10T17:05:05Z</time>
      </trkpt>
      <trkpt lat="26.9174234" lon="75.8076178">
        <time>2018-10-10T17:05:15Z</time>
      </trkpt>
      <trkpt lat="26.9174215" lon="75.8076188">
        <time>2018-10-10T17:05:26Z</time>
      </trkpt>
      <trkpt lat="26.9174215" lon="75.8076188">
        <time>2018-10-10T17:05:36Z</time>
      </trkpt>
      <trkpt lat="26.9174215" lon="75.8076188">
        <time>2018-10-10T17:05:47Z</time>
      </trkpt>
      <trkpt lat="26.9174066" lon="75.8076187">
        <time>2018-10-10T17:05:58Z</time>
      </trkpt>
      <trkpt lat="26.9174066" lon="75.8076187">
        <time>2018-10-10T17:06:09Z</time>
      </trkpt>
      <trkpt lat="26.9174066" lon="75.8076187">
        <time>2018-10-10T17:06:19Z</time>
      </trkpt>
      <trkpt lat="26.9174066" lon="75.8076187">
        <time>2018-10-10T17:06:30Z</time>
      </trkpt>
      <trkpt lat="26.9174066" lon="75.8076187">
        <time>2018-10-10T17:06:40Z</time>
      </trkpt>
      <trkpt lat="26.9174066" lon="75.8076187">
        <time>2018-10-10T17:06:51Z</time>
      </trkpt>
      <trkpt lat="26.9174066" lon="75.8076187">
        <time>2018-10-10T17:07:02Z</time>
      </trkpt>
      <trkpt lat="26.9174066" lon="75.8076187">
        <time>2018-10-10T17:07:12Z</time>
      </trkpt>
      <trkpt lat="26.9174066" lon="75.8076187">
        <time>2018-10-10T17:07:22Z</time>
      </trkpt>
      <trkpt lat="26.9174066" lon="75.8076187">
        <time>2018-10-10T17:07:33Z</time>
      </trkpt>
      <trkpt lat="26.9174066" lon="75.8076187">
        <time>2018-10-10T17:07:44Z</time>
      </trkpt>
      <trkpt lat="26.9174066" lon="75.8076187">
        <time>2018-10-10T17:07:54Z</time>
      </trkpt>
      <trkpt lat="26.9174066" lon="75.8076187">
        <time>2018-10-10T17:08:05Z</time>
      </trkpt>
      <trkpt lat="26.9174066" lon="75.8076187">
        <time>2018-10-10T17:08:15Z</time>
      </trkpt>
      <trkpt lat="26.9174066" lon="75.8076187">
        <time>2018-10-10T17:08:26Z</time>
      </trkpt>
      <trkpt lat="26.9174066" lon="75.8076187">
        <time>2018-10-10T17:08:37Z</time>
      </trkpt>
      <trkpt lat="26.9174066" lon="75.8076187">
        <time>2018-10-10T17:08:48Z</time>
      </trkpt>
      <trkpt lat="26.9174066" lon="75.8076187">
        <time>2018-10-10T17:08:58Z</time>
      </trkpt>
      <trkpt lat="26.9174066" lon="75.8076187">
        <time>2018-10-10T17:09:09Z</time>
      </trkpt>
      <trkpt lat="26.9174066" lon="75.8076187">
        <time>2018-10-10T17:09:19Z</time>
      </trkpt>
      <trkpt lat="26.9174066" lon="75.8076187">
        <time>2018-10-10T17:09:29Z</time>
      </trkpt>
      <trkpt lat="26.9174066" lon="75.8076187">
        <time>2018-10-10T17:09:40Z</time>
      </trkpt>
      <trkpt lat="26.9174066" lon="75.8076187">
        <time>2018-10-10T17:09:51Z</time>
      </trkpt>
      <trkpt lat="26.9174066" lon="75.8076187">
        <time>2018-10-10T17:10:01Z</time>
      </trkpt>
      <trkpt lat="26.9174066" lon="75.8076187">
        <time>2018-10-10T17:10:12Z</time>
      </trkpt>
      <trkpt lat="26.9174097" lon="75.8076201">
        <time>2018-10-10T17:10:22Z</time>
      </trkpt>
      <trkpt lat="26.9174097" lon="75.8076201">
        <time>2018-10-10T17:10:33Z</time>
      </trkpt>
      <trkpt lat="26.9174097" lon="75.8076201">
        <time>2018-10-10T17:10:43Z</time>
      </trkpt>
      <trkpt lat="26.9174089" lon="75.8076192">
        <time>2018-10-10T17:10:53Z</time>
      </trkpt>
      <trkpt lat="26.9174094" lon="75.8076181">
        <time>2018-10-10T17:11:04Z</time>
      </trkpt>
      <trkpt lat="26.9174094" lon="75.8076181">
        <time>2018-10-10T17:11:14Z</time>
      </trkpt>
      <trkpt lat="26.9174094" lon="75.8076181">
        <time>2018-10-10T17:11:25Z</time>
      </trkpt>
      <trkpt lat="26.9174094" lon="75.8076181">
        <time>2018-10-10T17:11:35Z</time>
      </trkpt>
      <trkpt lat="26.9174122" lon="75.8076123">
        <time>2018-10-10T17:11:45Z</time>
      </trkpt>
      <trkpt lat="26.9174122" lon="75.8076121">
        <time>2018-10-10T17:11:56Z</time>
      </trkpt>
      <trkpt lat="26.9174121" lon="75.8076114">
        <time>2018-10-10T17:12:07Z</time>
      </trkpt>
      <trkpt lat="26.9174121" lon="75.8076114">
        <time>2018-10-10T17:12:17Z</time>
      </trkpt>
      <trkpt lat="26.9174121" lon="75.8076114">
        <time>2018-10-10T17:12:27Z</time>
      </trkpt>
      <trkpt lat="26.9174121" lon="75.8076114">
        <time>2018-10-10T17:12:38Z</time>
      </trkpt>
      <trkpt lat="26.9174121" lon="75.8076114">
        <time>2018-10-10T17:12:48Z</time>
      </trkpt>
      <trkpt lat="26.9174121" lon="75.8076114">
        <time>2018-10-10T17:12:58Z</time>
      </trkpt>
      <trkpt lat="26.9174121" lon="75.8076114">
        <time>2018-10-10T17:13:08Z</time>
      </trkpt>
      <trkpt lat="26.9174121" lon="75.8076114">
        <time>2018-10-10T17:13:19Z</time>
      </trkpt>
      <trkpt lat="26.9174121" lon="75.8076114">
        <time>2018-10-10T17:13:30Z</time>
      </trkpt>
      <trkpt lat="26.9174121" lon="75.8076114">
        <time>2018-10-10T17:13:40Z</time>
      </trkpt>
      <trkpt lat="26.9174121" lon="75.8076114">
        <time>2018-10-10T17:13:51Z</time>
      </trkpt>
      <trkpt lat="26.9174121" lon="75.8076114">
        <time>2018-10-10T17:14:01Z</time>
      </trkpt>
      <trkpt lat="26.9174121" lon="75.8076114">
        <time>2018-10-10T17:14:12Z</time>
      </trkpt>
      <trkpt lat="26.9174121" lon="75.8076114">
        <time>2018-10-10T17:14:23Z</time>
      </trkpt>
      <trkpt lat="26.9174121" lon="75.8076114">
        <time>2018-10-10T17:14:33Z</time>
      </trkpt>
      <trkpt lat="26.9174121" lon="75.8076114">
        <time>2018-10-10T17:14:44Z</time>
      </trkpt>
      <trkpt lat="26.9174116" lon="75.8076117">
        <time>2018-10-10T17:14:55Z</time>
      </trkpt>
      <trkpt lat="26.9174115" lon="75.8076116">
        <time>2018-10-10T17:15:06Z</time>
      </trkpt>
      <trkpt lat="26.9174115" lon="75.8076116">
        <time>2018-10-10T17:15:16Z</time>
      </trkpt>
      <trkpt lat="26.9174131" lon="75.8076124">
        <time>2018-10-10T17:15:27Z</time>
      </trkpt>
      <trkpt lat="26.9174138" lon="75.8076113">
        <time>2018-10-10T17:15:38Z</time>
      </trkpt>
      <trkpt lat="26.9174141" lon="75.8076149">
        <time>2018-10-10T17:15:48Z</time>
      </trkpt>
      <trkpt lat="26.9174141" lon="75.8076153">
        <time>2018-10-10T17:15:58Z</time>
      </trkpt>
      <trkpt lat="26.9174152" lon="75.8076152">
        <time>2018-10-10T17:16:09Z</time>
      </trkpt>
      <trkpt lat="26.9174152" lon="75.8076152">
        <time>2018-10-10T17:16:19Z</time>
      </trkpt>
      <trkpt lat="26.9174151" lon="75.8076156">
        <time>2018-10-10T17:16:30Z</time>
      </trkpt>
      <trkpt lat="26.9174151" lon="75.8076156">
        <time>2018-10-10T17:16:40Z</time>
      </trkpt>
      <trkpt lat="26.9174151" lon="75.8076156">
        <time>2018-10-10T17:16:50Z</time>
      </trkpt>
      <trkpt lat="26.9174151" lon="75.8076156">
        <time>2018-10-10T17:17:01Z</time>
      </trkpt>
      <trkpt lat="26.9174151" lon="75.8076156">
        <time>2018-10-10T17:17:11Z</time>
      </trkpt>
      <trkpt lat="26.9174151" lon="75.8076156">
        <time>2018-10-10T17:17:22Z</time>
      </trkpt>
      <trkpt lat="26.9174151" lon="75.8076156">
        <time>2018-10-10T17:17:33Z</time>
      </trkpt>
      <trkpt lat="26.9174151" lon="75.8076156">
        <time>2018-10-10T17:17:44Z</time>
      </trkpt>
      <trkpt lat="26.9174151" lon="75.8076156">
        <time>2018-10-10T17:17:54Z</time>
      </trkpt>
      <trkpt lat="26.9174151" lon="75.8076156">
        <time>2018-10-10T17:18:04Z</time>
      </trkpt>
      <trkpt lat="26.9174151" lon="75.8076156">
        <time>2018-10-10T17:18:14Z</time>
      </trkpt>
      <trkpt lat="26.9174151" lon="75.8076156">
        <time>2018-10-10T17:18:25Z</time>
      </trkpt>
      <trkpt lat="26.9174151" lon="75.8076156">
        <time>2018-10-10T17:18:35Z</time>
      </trkpt>
      <trkpt lat="26.9174151" lon="75.8076156">
        <time>2018-10-10T17:18:46Z</time>
      </trkpt>
      <trkpt lat="26.9174151" lon="75.8076156">
        <time>2018-10-10T17:18:56Z</time>
      </trkpt>
      <trkpt lat="26.9174151" lon="75.8076156">
        <time>2018-10-10T17:19:06Z</time>
      </trkpt>
      <trkpt lat="26.9174151" lon="75.8076156">
        <time>2018-10-10T17:19:16Z</time>
      </trkpt>
      <trkpt lat="26.9174151" lon="75.8076156">
        <time>2018-10-10T17:19:27Z</time>
      </trkpt>
      <trkpt lat="26.9174151" lon="75.8076156">
        <time>2018-10-10T17:19:38Z</time>
      </trkpt>
      <trkpt lat="26.9174151" lon="75.8076156">
        <time>2018-10-10T17:19:48Z</time>
      </trkpt>
      <trkpt lat="26.9174151" lon="75.8076156">
        <time>2018-10-10T17:19:59Z</time>
      </trkpt>
      <trkpt lat="26.9174151" lon="75.8076156">
        <time>2018-10-10T17:20:10Z</time>
      </trkpt>
      <trkpt lat="26.9174151" lon="75.8076156">
        <time>2018-10-10T17:20:20Z</time>
      </trkpt>
      <trkpt lat="26.9174151" lon="75.8076156">
        <time>2018-10-10T17:20:31Z</time>
      </trkpt>
      <trkpt lat="26.9174151" lon="75.8076156">
        <time>2018-10-10T17:20:41Z</time>
      </trkpt>
      <trkpt lat="26.9174151" lon="75.8076156">
        <time>2018-10-10T17:20:52Z</time>
      </trkpt>
      <trkpt lat="26.9174151" lon="75.8076156">
        <time>2018-10-10T17:21:03Z</time>
      </trkpt>
      <trkpt lat="26.9174151" lon="75.8076156">
        <time>2018-10-10T17:21:14Z</time>
      </trkpt>
      <trkpt lat="26.9174151" lon="75.8076156">
        <time>2018-10-10T17:21:25Z</time>
      </trkpt>
      <trkpt lat="26.9174151" lon="75.8076156">
        <time>2018-10-10T17:21:35Z</time>
      </trkpt>
      <trkpt lat="26.9174151" lon="75.8076156">
        <time>2018-10-10T17:21:45Z</time>
      </trkpt>
      <trkpt lat="26.9174151" lon="75.8076156">
        <time>2018-10-10T17:21:55Z</time>
      </trkpt>
      <trkpt lat="26.9174151" lon="75.8076156">
        <time>2018-10-10T17:22:06Z</time>
      </trkpt>
      <trkpt lat="26.9174151" lon="75.8076156">
        <time>2018-10-10T17:22:17Z</time>
      </trkpt>
      <trkpt lat="26.9174151" lon="75.8076156">
        <time>2018-10-10T17:22:28Z</time>
      </trkpt>
      <trkpt lat="26.9174151" lon="75.8076156">
        <time>2018-10-10T17:22:38Z</time>
      </trkpt>
      <trkpt lat="26.9174151" lon="75.8076156">
        <time>2018-10-10T17:22:48Z</time>
      </trkpt>
      <trkpt lat="26.9174151" lon="75.8076156">
        <time>2018-10-10T17:22:59Z</time>
      </trkpt>
      <trkpt lat="26.9174151" lon="75.8076156">
        <time>2018-10-10T17:23:10Z</time>
      </trkpt>
      <trkpt lat="26.9174151" lon="75.8076156">
        <time>2018-10-10T17:23:21Z</time>
      </trkpt>
      <trkpt lat="26.9174151" lon="75.8076156">
        <time>2018-10-10T17:23:32Z</time>
      </trkpt>
      <trkpt lat="26.9174151" lon="75.8076156">
        <time>2018-10-10T17:23:43Z</time>
      </trkpt>
      <trkpt lat="26.9174151" lon="75.8076156">
        <time>2018-10-10T17:23:53Z</time>
      </trkpt>
      <trkpt lat="26.9174151" lon="75.8076156">
        <time>2018-10-10T17:24:03Z</time>
      </trkpt>
      <trkpt lat="26.9174151" lon="75.8076156">
        <time>2018-10-10T17:24:13Z</time>
      </trkpt>
      <trkpt lat="26.9174151" lon="75.8076156">
        <time>2018-10-10T17:24:24Z</time>
      </trkpt>
      <trkpt lat="26.9174151" lon="75.8076156">
        <time>2018-10-10T17:24:35Z</time>
      </trkpt>
      <trkpt lat="26.9174151" lon="75.8076156">
        <time>2018-10-10T17:24:45Z</time>
      </trkpt>
      <trkpt lat="26.9174151" lon="75.8076156">
        <time>2018-10-10T17:24:56Z</time>
      </trkpt>
      <trkpt lat="26.9174156" lon="75.8076162">
        <time>2018-10-10T17:25:06Z</time>
      </trkpt>
      <trkpt lat="26.9174156" lon="75.8076162">
        <time>2018-10-10T17:25:17Z</time>
      </trkpt>
      <trkpt lat="26.9174156" lon="75.8076162">
        <time>2018-10-10T17:25:28Z</time>
      </trkpt>
      <trkpt lat="26.9174156" lon="75.8076162">
        <time>2018-10-10T17:25:39Z</time>
      </trkpt>
      <trkpt lat="26.9174156" lon="75.8076162">
        <time>2018-10-10T17:25:49Z</time>
      </trkpt>
      <trkpt lat="26.9174156" lon="75.8076162">
        <time>2018-10-10T17:25:59Z</time>
      </trkpt>
      <trkpt lat="26.9174156" lon="75.8076162">
        <time>2018-10-10T17:26:09Z</time>
      </trkpt>
      <trkpt lat="26.9174156" lon="75.8076162">
        <time>2018-10-10T17:26:20Z</time>
      </trkpt>
      <trkpt lat="26.9174156" lon="75.8076162">
        <time>2018-10-10T17:26:31Z</time>
      </trkpt>
      <trkpt lat="26.9174016" lon="75.8075958">
        <time>2018-10-10T17:26:41Z</time>
      </trkpt>
      <trkpt lat="26.9174016" lon="75.8075958">
        <time>2018-10-10T17:26:52Z</time>
      </trkpt>
      <trkpt lat="26.9174016" lon="75.8075958">
        <time>2018-10-10T17:27:03Z</time>
      </trkpt>
      <trkpt lat="26.9174016" lon="75.8075958">
        <time>2018-10-10T17:27:13Z</time>
      </trkpt>
      <trkpt lat="26.9174016" lon="75.8075958">
        <time>2018-10-10T17:27:24Z</time>
      </trkpt>
      <trkpt lat="26.9173809" lon="75.8075737">
        <time>2018-10-10T17:27:34Z</time>
      </trkpt>
      <trkpt lat="26.9173670" lon="75.8075494">
        <time>2018-10-10T17:27:45Z</time>
      </trkpt>
      <trkpt lat="26.9173462" lon="75.8075202">
        <time>2018-10-10T17:27:56Z</time>
      </trkpt>
      <trkpt lat="26.9173411" lon="75.8075165">
        <time>2018-10-10T17:28:07Z</time>
      </trkpt>
      <trkpt lat="26.9173411" lon="75.8075165">
        <time>2018-10-10T17:28:17Z</time>
      </trkpt>
      <trkpt lat="26.9173411" lon="75.8075165">
        <time>2018-10-10T17:28:27Z</time>
      </trkpt>
      <trkpt lat="26.9173400" lon="75.8075139">
        <time>2018-10-10T17:28:38Z</time>
      </trkpt>
      <trkpt lat="26.9173403" lon="75.8075139">
        <time>2018-10-10T17:28:48Z</time>
      </trkpt>
      <trkpt lat="26.9173403" lon="75.8075139">
        <time>2018-10-10T17:28:59Z</time>
      </trkpt>
      <trkpt lat="26.9173403" lon="75.8075139">
        <time>2018-10-10T17:29:10Z</time>
      </trkpt>
      <trkpt lat="26.9173435" lon="75.8075098">
        <time>2018-10-10T17:29:20Z</time>
      </trkpt>
      <trkpt lat="26.9173437" lon="75.8075095">
        <time>2018-10-10T17:29:31Z</time>
      </trkpt>
      <trkpt lat="26.9173437" lon="75.8075095">
        <time>2018-10-10T17:29:41Z</time>
      </trkpt>
      <trkpt lat="26.9173437" lon="75.8075095">
        <time>2018-10-10T17:29:52Z</time>
      </trkpt>
      <trkpt lat="26.9173437" lon="75.8075095">
        <time>2018-10-10T17:30:03Z</time>
      </trkpt>
      <trkpt lat="26.9173437" lon="75.8075095">
        <time>2018-10-10T17:30:13Z</time>
      </trkpt>
      <trkpt lat="26.9173437" lon="75.8075095">
        <time>2018-10-10T17:30:24Z</time>
      </trkpt>
      <trkpt lat="26.9173437" lon="75.8075095">
        <time>2018-10-10T17:30:35Z</time>
      </trkpt>
      <trkpt lat="26.9173634" lon="75.8075206">
        <time>2018-10-10T17:30:46Z</time>
      </trkpt>
      <trkpt lat="26.9173634" lon="75.8075206">
        <time>2018-10-10T17:30:57Z</time>
      </trkpt>
      <trkpt lat="26.9173634" lon="75.8075206">
        <time>2018-10-10T17:31:07Z</time>
      </trkpt>
      <trkpt lat="26.9173634" lon="75.8075206">
        <time>2018-10-10T17:31:17Z</time>
      </trkpt>
      <trkpt lat="26.9173634" lon="75.8075206">
        <time>2018-10-10T17:31:27Z</time>
      </trkpt>
      <trkpt lat="26.9173634" lon="75.8075206">
        <time>2018-10-10T17:31:37Z</time>
      </trkpt>
      <trkpt lat="26.9173634" lon="75.8075206">
        <time>2018-10-10T17:31:47Z</time>
      </trkpt>
      <trkpt lat="26.9173634" lon="75.8075206">
        <time>2018-10-10T17:31:58Z</time>
      </trkpt>
      <trkpt lat="26.9173634" lon="75.8075206">
        <time>2018-10-10T17:32:09Z</time>
      </trkpt>
      <trkpt lat="26.9173634" lon="75.8075206">
        <time>2018-10-10T17:32:20Z</time>
      </trkpt>
      <trkpt lat="26.9173634" lon="75.8075206">
        <time>2018-10-10T17:32:31Z</time>
      </trkpt>
      <trkpt lat="26.9173634" lon="75.8075206">
        <time>2018-10-10T17:32:41Z</time>
      </trkpt>
      <trkpt lat="26.9173634" lon="75.8075206">
        <time>2018-10-10T17:32:52Z</time>
      </trkpt>
      <trkpt lat="26.9173967" lon="75.8075572">
        <time>2018-10-10T17:33:03Z</time>
      </trkpt>
      <trkpt lat="26.9173967" lon="75.8075572">
        <time>2018-10-10T17:33:13Z</time>
      </trkpt>
      <trkpt lat="26.9173967" lon="75.8075572">
        <time>2018-10-10T17:33:23Z</time>
      </trkpt>
      <trkpt lat="26.9173967" lon="75.8075572">
        <time>2018-10-10T17:33:34Z</time>
      </trkpt>
      <trkpt lat="26.9173967" lon="75.8075572">
        <time>2018-10-10T17:33:44Z</time>
      </trkpt>
      <trkpt lat="26.9173967" lon="75.8075572">
        <time>2018-10-10T17:33:55Z</time>
      </trkpt>
      <trkpt lat="26.9173967" lon="75.8075572">
        <time>2018-10-10T17:34:05Z</time>
      </trkpt>
      <trkpt lat="26.9173967" lon="75.8075572">
        <time>2018-10-10T17:34:16Z</time>
      </trkpt>
      <trkpt lat="26.9173967" lon="75.8075572">
        <time>2018-10-10T17:34:26Z</time>
      </trkpt>
      <trkpt lat="26.9173967" lon="75.8075572">
        <time>2018-10-10T17:34:37Z</time>
      </trkpt>
      <trkpt lat="26.9173967" lon="75.8075572">
        <time>2018-10-10T17:34:47Z</time>
      </trkpt>
      <trkpt lat="26.9174021" lon="75.8075944">
        <time>2018-10-10T17:34:58Z</time>
      </trkpt>
      <trkpt lat="26.9174037" lon="75.8075950">
        <time>2018-10-10T17:35:08Z</time>
      </trkpt>
      <trkpt lat="26.9174135" lon="75.8076263">
        <time>2018-10-10T17:35:19Z</time>
      </trkpt>
      <trkpt lat="26.9174135" lon="75.8076263">
        <time>2018-10-10T17:35:30Z</time>
      </trkpt>
      <trkpt lat="26.9174491" lon="75.8076354">
        <time>2018-10-10T17:35:40Z</time>
      </trkpt>
      <trkpt lat="26.9174490" lon="75.8076352">
        <time>2018-10-10T17:35:50Z</time>
      </trkpt>
      <trkpt lat="26.9174838" lon="75.8076330">
        <time>2018-10-10T17:36:01Z</time>
      </trkpt>
      <trkpt lat="26.9174843" lon="75.8076377">
        <time>2018-10-10T17:36:11Z</time>
      </trkpt>
      <trkpt lat="26.9174843" lon="75.8076377">
        <time>2018-10-10T17:36:22Z</time>
      </trkpt>
      <trkpt lat="26.9174843" lon="75.8076377">
        <time>2018-10-10T17:36:33Z</time>
      </trkpt>
      <trkpt lat="26.9174843" lon="75.8076377">
        <time>2018-10-10T17:36:43Z</time>
      </trkpt>
      <trkpt lat="26.9174843" lon="75.8076377">
        <time>2018-10-10T17:36:53Z</time>
      </trkpt>
      <trkpt lat="26.9174843" lon="75.8076377">
        <time>2018-10-10T17:37:04Z</time>
      </trkpt>
      <trkpt lat="26.9174843" lon="75.8076377">
        <time>2018-10-10T17:37:14Z</time>
      </trkpt>
      <trkpt lat="26.9174805" lon="75.8076373">
        <time>2018-10-10T17:37:25Z</time>
      </trkpt>
      <trkpt lat="26.9174788" lon="75.8076373">
        <time>2018-10-10T17:37:36Z</time>
      </trkpt>
      <trkpt lat="26.9174788" lon="75.8076373">
        <time>2018-10-10T17:37:47Z</time>
      </trkpt>
      <trkpt lat="26.9174788" lon="75.8076373">
        <time>2018-10-10T17:37:58Z</time>
      </trkpt>
      <trkpt lat="26.9174788" lon="75.8076373">
        <time>2018-10-10T17:38:09Z</time>
      </trkpt>
      <trkpt lat="26.9174788" lon="75.8076373">
        <time>2018-10-10T17:38:19Z</time>
      </trkpt>
      <trkpt lat="26.9174788" lon="75.8076373">
        <time>2018-10-10T17:38:29Z</time>
      </trkpt>
      <trkpt lat="26.9174788" lon="75.8076373">
        <time>2018-10-10T17:38:40Z</time>
      </trkpt>
      <trkpt lat="26.9174788" lon="75.8076373">
        <time>2018-10-10T17:38:50Z</time>
      </trkpt>
      <trkpt lat="26.9174788" lon="75.8076373">
        <time>2018-10-10T17:39:00Z</time>
      </trkpt>
      <trkpt lat="26.9174788" lon="75.8076373">
        <time>2018-10-10T17:39:11Z</time>
      </trkpt>
      <trkpt lat="26.9174788" lon="75.8076373">
        <time>2018-10-10T17:39:22Z</time>
      </trkpt>
      <trkpt lat="26.9174788" lon="75.8076373">
        <time>2018-10-10T17:39:32Z</time>
      </trkpt>
      <trkpt lat="26.9174788" lon="75.8076373">
        <time>2018-10-10T17:39:42Z</time>
      </trkpt>
      <trkpt lat="26.9174788" lon="75.8076373">
        <time>2018-10-10T17:39:52Z</time>
      </trkpt>
      <trkpt lat="26.9174788" lon="75.8076373">
        <time>2018-10-10T17:40:02Z</time>
      </trkpt>
      <trkpt lat="26.9174808" lon="75.8076352">
        <time>2018-10-10T17:40:13Z</time>
      </trkpt>
      <trkpt lat="26.9174809" lon="75.8076351">
        <time>2018-10-10T17:40:23Z</time>
      </trkpt>
      <trkpt lat="26.9174809" lon="75.8076351">
        <time>2018-10-10T17:40:34Z</time>
      </trkpt>
      <trkpt lat="26.9174809" lon="75.8076351">
        <time>2018-10-10T17:40:45Z</time>
      </trkpt>
      <trkpt lat="26.9174852" lon="75.8076337">
        <time>2018-10-10T17:40:55Z</time>
      </trkpt>
      <trkpt lat="26.9174852" lon="75.8076337">
        <time>2018-10-10T17:41:05Z</time>
      </trkpt>
      <trkpt lat="26.9174852" lon="75.8076337">
        <time>2018-10-10T17:41:16Z</time>
      </trkpt>
      <trkpt lat="26.9174852" lon="75.8076337">
        <time>2018-10-10T17:41:27Z</time>
      </trkpt>
      <trkpt lat="26.9174877" lon="75.8076329">
        <time>2018-10-10T17:41:38Z</time>
      </trkpt>
      <trkpt lat="26.9174877" lon="75.8076329">
        <time>2018-10-10T17:41:48Z</time>
      </trkpt>
      <trkpt lat="26.9174877" lon="75.8076329">
        <time>2018-10-10T17:41:59Z</time>
      </trkpt>
      <trkpt lat="26.9174877" lon="75.8076329">
        <time>2018-10-10T17:42:09Z</time>
      </trkpt>
      <trkpt lat="26.9174877" lon="75.8076329">
        <time>2018-10-10T17:42:20Z</time>
      </trkpt>
      <trkpt lat="26.9174877" lon="75.8076329">
        <time>2018-10-10T17:42:30Z</time>
      </trkpt>
      <trkpt lat="26.9174890" lon="75.8076302">
        <time>2018-10-10T17:42:41Z</time>
      </trkpt>
      <trkpt lat="26.9174887" lon="75.8076301">
        <time>2018-10-10T17:42:51Z</time>
      </trkpt>
      <trkpt lat="26.9174874" lon="75.8076281">
        <time>2018-10-10T17:43:02Z</time>
      </trkpt>
      <trkpt lat="26.9174860" lon="75.8076280">
        <time>2018-10-10T17:43:12Z</time>
      </trkpt>
      <trkpt lat="26.9174846" lon="75.8076290">
        <time>2018-10-10T17:43:23Z</time>
      </trkpt>
      <trkpt lat="26.9174846" lon="75.8076290">
        <time>2018-10-10T17:43:33Z</time>
      </trkpt>
      <trkpt lat="26.9174846" lon="75.8076290">
        <time>2018-10-10T17:43:43Z</time>
      </trkpt>
      <trkpt lat="26.9174846" lon="75.8076290">
        <time>2018-10-10T17:43:54Z</time>
      </trkpt>
      <trkpt lat="26.9174846" lon="75.8076290">
        <time>2018-10-10T17:44:04Z</time>
      </trkpt>
      <trkpt lat="26.9174846" lon="75.8076290">
        <time>2018-10-10T17:44:15Z</time>
      </trkpt>
      <trkpt lat="26.9174846" lon="75.8076290">
        <time>2018-10-10T17:44:26Z</time>
      </trkpt>
      <trkpt lat="26.9174846" lon="75.8076290">
        <time>2018-10-10T17:44:37Z</time>
      </trkpt>
      <trkpt lat="26.9174846" lon="75.8076290">
        <time>2018-10-10T17:44:47Z</time>
      </trkpt>
      <trkpt lat="26.9174846" lon="75.8076290">
        <time>2018-10-10T17:44:58Z</time>
      </trkpt>
      <trkpt lat="26.9174846" lon="75.8076290">
        <time>2018-10-10T17:45:09Z</time>
      </trkpt>
      <trkpt lat="26.9174846" lon="75.8076290">
        <time>2018-10-10T17:45:20Z</time>
      </trkpt>
      <trkpt lat="26.9174846" lon="75.8076290">
        <time>2018-10-10T17:45:31Z</time>
      </trkpt>
      <trkpt lat="26.9174846" lon="75.8076290">
        <time>2018-10-10T17:45:41Z</time>
      </trkpt>
      <trkpt lat="26.9174846" lon="75.8076290">
        <time>2018-10-10T17:45:52Z</time>
      </trkpt>
      <trkpt lat="26.9174846" lon="75.8076290">
        <time>2018-10-10T17:46:02Z</time>
      </trkpt>
      <trkpt lat="26.9174846" lon="75.8076290">
        <time>2018-10-10T17:46:12Z</time>
      </trkpt>
      <trkpt lat="26.9174846" lon="75.8076290">
        <time>2018-10-10T17:46:22Z</time>
      </trkpt>
      <trkpt lat="26.9174846" lon="75.8076290">
        <time>2018-10-10T17:46:32Z</time>
      </trkpt>
      <trkpt lat="26.9174846" lon="75.8076290">
        <time>2018-10-10T17:46:43Z</time>
      </trkpt>
      <trkpt lat="26.9174846" lon="75.8076290">
        <time>2018-10-10T17:46:54Z</time>
      </trkpt>
      <trkpt lat="26.9174846" lon="75.8076290">
        <time>2018-10-10T17:47:04Z</time>
      </trkpt>
      <trkpt lat="26.9174826" lon="75.8076294">
        <time>2018-10-10T17:47:15Z</time>
      </trkpt>
      <trkpt lat="26.9174826" lon="75.8076294">
        <time>2018-10-10T17:47:25Z</time>
      </trkpt>
      <trkpt lat="26.9174826" lon="75.8076294">
        <time>2018-10-10T17:47:35Z</time>
      </trkpt>
      <trkpt lat="26.9174826" lon="75.8076294">
        <time>2018-10-10T17:47:46Z</time>
      </trkpt>
      <trkpt lat="26.9174826" lon="75.8076294">
        <time>2018-10-10T17:47:56Z</time>
      </trkpt>
      <trkpt lat="26.9174826" lon="75.8076294">
        <time>2018-10-10T17:48:06Z</time>
      </trkpt>
      <trkpt lat="26.9174826" lon="75.8076294">
        <time>2018-10-10T17:48:16Z</time>
      </trkpt>
      <trkpt lat="26.9174826" lon="75.8076294">
        <time>2018-10-10T17:48:26Z</time>
      </trkpt>
      <trkpt lat="26.9174826" lon="75.8076294">
        <time>2018-10-10T17:48:37Z</time>
      </trkpt>
      <trkpt lat="26.9174826" lon="75.8076294">
        <time>2018-10-10T17:48:48Z</time>
      </trkpt>
      <trkpt lat="26.9174826" lon="75.8076294">
        <time>2018-10-10T17:48:59Z</time>
      </trkpt>
      <trkpt lat="26.9174826" lon="75.8076294">
        <time>2018-10-10T17:49:09Z</time>
      </trkpt>
      <trkpt lat="26.9174826" lon="75.8076294">
        <time>2018-10-10T17:49:19Z</time>
      </trkpt>
      <trkpt lat="26.9174826" lon="75.8076294">
        <time>2018-10-10T17:49:30Z</time>
      </trkpt>
      <trkpt lat="26.9174826" lon="75.8076294">
        <time>2018-10-10T17:49:40Z</time>
      </trkpt>
      <trkpt lat="26.9174826" lon="75.8076294">
        <time>2018-10-10T17:49:51Z</time>
      </trkpt>
      <trkpt lat="26.9174826" lon="75.8076294">
        <time>2018-10-10T17:50:01Z</time>
      </trkpt>
      <trkpt lat="26.9174826" lon="75.8076294">
        <time>2018-10-10T17:50:11Z</time>
      </trkpt>
      <trkpt lat="26.9174826" lon="75.8076294">
        <time>2018-10-10T17:50:22Z</time>
      </trkpt>
      <trkpt lat="26.9174826" lon="75.8076294">
        <time>2018-10-10T17:50:33Z</time>
      </trkpt>
      <trkpt lat="26.9174826" lon="75.8076294">
        <time>2018-10-10T17:50:43Z</time>
      </trkpt>
      <trkpt lat="26.9174826" lon="75.8076294">
        <time>2018-10-10T17:50:54Z</time>
      </trkpt>
      <trkpt lat="26.9174826" lon="75.8076294">
        <time>2018-10-10T17:51:04Z</time>
      </trkpt>
      <trkpt lat="26.9174826" lon="75.8076294">
        <time>2018-10-10T17:51:14Z</time>
      </trkpt>
      <trkpt lat="26.9174826" lon="75.8076294">
        <time>2018-10-10T17:51:24Z</time>
      </trkpt>
      <trkpt lat="26.9174826" lon="75.8076294">
        <time>2018-10-10T17:51:34Z</time>
      </trkpt>
      <trkpt lat="26.9174726" lon="75.8076292">
        <time>2018-10-10T17:51:44Z</time>
      </trkpt>
      <trkpt lat="26.9174721" lon="75.8076278">
        <time>2018-10-10T17:51:55Z</time>
      </trkpt>
      <trkpt lat="26.9174721" lon="75.8076278">
        <time>2018-10-10T17:52:06Z</time>
      </trkpt>
      <trkpt lat="26.9174721" lon="75.8076278">
        <time>2018-10-10T17:52:16Z</time>
      </trkpt>
      <trkpt lat="26.9174721" lon="75.8076278">
        <time>2018-10-10T17:52:27Z</time>
      </trkpt>
      <trkpt lat="26.9174721" lon="75.8076278">
        <time>2018-10-10T17:52:38Z</time>
      </trkpt>
      <trkpt lat="26.9174721" lon="75.8076278">
        <time>2018-10-10T17:52:49Z</time>
      </trkpt>
      <trkpt lat="26.9174721" lon="75.8076278">
        <time>2018-10-10T17:52:59Z</time>
      </trkpt>
      <trkpt lat="26.9174721" lon="75.8076278">
        <time>2018-10-10T17:53:10Z</time>
      </trkpt>
      <trkpt lat="26.9174721" lon="75.8076278">
        <time>2018-10-10T17:53:21Z</time>
      </trkpt>
      <trkpt lat="26.9174721" lon="75.8076278">
        <time>2018-10-10T17:53:32Z</time>
      </trkpt>
      <trkpt lat="26.9174721" lon="75.8076278">
        <time>2018-10-10T17:53:43Z</time>
      </trkpt>
      <trkpt lat="26.9174721" lon="75.8076278">
        <time>2018-10-10T17:53:53Z</time>
      </trkpt>
      <trkpt lat="26.9174721" lon="75.8076278">
        <time>2018-10-10T17:54:04Z</time>
      </trkpt>
      <trkpt lat="26.9174721" lon="75.8076278">
        <time>2018-10-10T17:54:14Z</time>
      </trkpt>
      <trkpt lat="26.9174721" lon="75.8076278">
        <time>2018-10-10T17:54:25Z</time>
      </trkpt>
      <trkpt lat="26.9174721" lon="75.8076278">
        <time>2018-10-10T17:54:35Z</time>
      </trkpt>
      <trkpt lat="26.9174721" lon="75.8076278">
        <time>2018-10-10T17:54:46Z</time>
      </trkpt>
      <trkpt lat="26.9174721" lon="75.8076278">
        <time>2018-10-10T17:54:56Z</time>
      </trkpt>
      <trkpt lat="26.9174721" lon="75.8076278">
        <time>2018-10-10T17:55:06Z</time>
      </trkpt>
      <trkpt lat="26.9174721" lon="75.8076278">
        <time>2018-10-10T17:55:17Z</time>
      </trkpt>
      <trkpt lat="26.9174721" lon="75.8076278">
        <time>2018-10-10T17:55:27Z</time>
      </trkpt>
      <trkpt lat="26.9174721" lon="75.8076278">
        <time>2018-10-10T17:55:38Z</time>
      </trkpt>
      <trkpt lat="26.9174721" lon="75.8076278">
        <time>2018-10-10T17:55:49Z</time>
      </trkpt>
      <trkpt lat="26.9174721" lon="75.8076278">
        <time>2018-10-10T17:56:00Z</time>
      </trkpt>
      <trkpt lat="26.9174721" lon="75.8076278">
        <time>2018-10-10T17:56:10Z</time>
      </trkpt>
      <trkpt lat="26.9174721" lon="75.8076278">
        <time>2018-10-10T17:56:20Z</time>
      </trkpt>
      <trkpt lat="26.9174721" lon="75.8076278">
        <time>2018-10-10T17:56:31Z</time>
      </trkpt>
      <trkpt lat="26.9174721" lon="75.8076278">
        <time>2018-10-10T17:56:42Z</time>
      </trkpt>
      <trkpt lat="26.9174638" lon="75.8076232">
        <time>2018-10-10T17:56:53Z</time>
      </trkpt>
      <trkpt lat="26.9174624" lon="75.8076233">
        <time>2018-10-10T17:57:04Z</time>
      </trkpt>
      <trkpt lat="26.9174611" lon="75.8076233">
        <time>2018-10-10T17:57:15Z</time>
      </trkpt>
      <trkpt lat="26.9174609" lon="75.8076233">
        <time>2018-10-10T17:57:26Z</time>
      </trkpt>
      <trkpt lat="26.9174609" lon="75.8076233">
        <time>2018-10-10T17:57:37Z</time>
      </trkpt>
      <trkpt lat="26.9174609" lon="75.8076233">
        <time>2018-10-10T17:57:48Z</time>
      </trkpt>
      <trkpt lat="26.9174609" lon="75.8076233">
        <time>2018-10-10T17:57:58Z</time>
      </trkpt>
      <trkpt lat="26.9174483" lon="75.8076236">
        <time>2018-10-10T17:58:08Z</time>
      </trkpt>
      <trkpt lat="26.9174483" lon="75.8076236">
        <time>2018-10-10T17:58:19Z</time>
      </trkpt>
      <trkpt lat="26.9174483" lon="75.8076236">
        <time>2018-10-10T17:58:29Z</time>
      </trkpt>
      <trkpt lat="26.9174483" lon="75.8076236">
        <time>2018-10-10T17:58:39Z</time>
      </trkpt>
      <trkpt lat="26.9174483" lon="75.8076236">
        <time>2018-10-10T17:58:50Z</time>
      </trkpt>
      <trkpt lat="26.9174483" lon="75.8076236">
        <time>2018-10-10T17:59:01Z</time>
      </trkpt>
      <trkpt lat="26.9174483" lon="75.8076236">
        <time>2018-10-10T17:59:12Z</time>
      </trkpt>
      <trkpt lat="26.9174483" lon="75.8076236">
        <time>2018-10-10T17:59:23Z</time>
      </trkpt>
      <trkpt lat="26.9174483" lon="75.8076236">
        <time>2018-10-10T17:59:33Z</time>
      </trkpt>
      <trkpt lat="26.9174483" lon="75.8076236">
        <time>2018-10-10T17:59:43Z</time>
      </trkpt>
      <trkpt lat="26.9174483" lon="75.8076236">
        <time>2018-10-10T17:59:54Z</time>
      </trkpt>
      <trkpt lat="26.9174483" lon="75.8076236">
        <time>2018-10-10T18:00:05Z</time>
      </trkpt>
      <trkpt lat="26.9174483" lon="75.8076236">
        <time>2018-10-10T18:00:16Z</time>
      </trkpt>
      <trkpt lat="26.9174483" lon="75.8076236">
        <time>2018-10-10T18:00:26Z</time>
      </trkpt>
      <trkpt lat="26.9174483" lon="75.8076236">
        <time>2018-10-10T18:00:36Z</time>
      </trkpt>
      <trkpt lat="26.9174483" lon="75.8076236">
        <time>2018-10-10T18:00:46Z</time>
      </trkpt>
      <trkpt lat="26.9174483" lon="75.8076236">
        <time>2018-10-10T18:00:57Z</time>
      </trkpt>
      <trkpt lat="26.9174483" lon="75.8076236">
        <time>2018-10-10T18:01:08Z</time>
      </trkpt>
      <trkpt lat="26.9174483" lon="75.8076236">
        <time>2018-10-10T18:01:18Z</time>
      </trkpt>
      <trkpt lat="26.9174483" lon="75.8076236">
        <time>2018-10-10T18:01:28Z</time>
      </trkpt>
      <trkpt lat="26.9174483" lon="75.8076236">
        <time>2018-10-10T18:01:38Z</time>
      </trkpt>
      <trkpt lat="26.9174483" lon="75.8076236">
        <time>2018-10-10T18:01:49Z</time>
      </trkpt>
      <trkpt lat="26.9174483" lon="75.8076236">
        <time>2018-10-10T18:02:00Z</time>
      </trkpt>
      <trkpt lat="26.9174483" lon="75.8076236">
        <time>2018-10-10T18:02:10Z</time>
      </trkpt>
      <trkpt lat="26.9174483" lon="75.8076236">
        <time>2018-10-10T18:02:21Z</time>
      </trkpt>
      <trkpt lat="26.9174483" lon="75.8076236">
        <time>2018-10-10T18:02:32Z</time>
      </trkpt>
      <trkpt lat="26.9174483" lon="75.8076236">
        <time>2018-10-10T18:02:42Z</time>
      </trkpt>
      <trkpt lat="26.9174483" lon="75.8076236">
        <time>2018-10-10T18:02:52Z</time>
      </trkpt>
      <trkpt lat="26.9174483" lon="75.8076236">
        <time>2018-10-10T18:03:02Z</time>
      </trkpt>
      <trkpt lat="26.9174483" lon="75.8076236">
        <time>2018-10-10T18:03:13Z</time>
      </trkpt>
      <trkpt lat="26.9174490" lon="75.8076237">
        <time>2018-10-10T18:03:23Z</time>
      </trkpt>
      <trkpt lat="26.9174490" lon="75.8076237">
        <time>2018-10-10T18:03:34Z</time>
      </trkpt>
      <trkpt lat="26.9174490" lon="75.8076237">
        <time>2018-10-10T18:03:45Z</time>
      </trkpt>
      <trkpt lat="26.9174490" lon="75.8076237">
        <time>2018-10-10T18:03:56Z</time>
      </trkpt>
      <trkpt lat="26.9174490" lon="75.8076237">
        <time>2018-10-10T18:04:06Z</time>
      </trkpt>
      <trkpt lat="26.9174490" lon="75.8076237">
        <time>2018-10-10T18:04:17Z</time>
      </trkpt>
      <trkpt lat="26.9174490" lon="75.8076237">
        <time>2018-10-10T18:04:27Z</time>
      </trkpt>
      <trkpt lat="26.9174490" lon="75.8076237">
        <time>2018-10-10T18:04:37Z</time>
      </trkpt>
      <trkpt lat="26.9174490" lon="75.8076237">
        <time>2018-10-10T18:04:48Z</time>
      </trkpt>
      <trkpt lat="26.9174490" lon="75.8076237">
        <time>2018-10-10T18:04:59Z</time>
      </trkpt>
      <trkpt lat="26.9174490" lon="75.8076237">
        <time>2018-10-10T18:05:10Z</time>
      </trkpt>
      <trkpt lat="26.9174490" lon="75.8076237">
        <time>2018-10-10T18:05:20Z</time>
      </trkpt>
      <trkpt lat="26.9174490" lon="75.8076237">
        <time>2018-10-10T18:05:31Z</time>
      </trkpt>
      <trkpt lat="26.9174490" lon="75.8076237">
        <time>2018-10-10T18:05:42Z</time>
      </trkpt>
      <trkpt lat="26.9174490" lon="75.8076237">
        <time>2018-10-10T18:05:52Z</time>
      </trkpt>
      <trkpt lat="26.9174490" lon="75.8076237">
        <time>2018-10-10T18:06:03Z</time>
      </trkpt>
      <trkpt lat="26.9174490" lon="75.8076237">
        <time>2018-10-10T18:06:14Z</time>
      </trkpt>
      <trkpt lat="26.9174490" lon="75.8076237">
        <time>2018-10-10T18:06:24Z</time>
      </trkpt>
      <trkpt lat="26.9174490" lon="75.8076237">
        <time>2018-10-10T18:06:35Z</time>
      </trkpt>
      <trkpt lat="26.9174490" lon="75.8076237">
        <time>2018-10-10T18:06:45Z</time>
      </trkpt>
      <trkpt lat="26.9174490" lon="75.8076237">
        <time>2018-10-10T18:06:55Z</time>
      </trkpt>
      <trkpt lat="26.9174490" lon="75.8076237">
        <time>2018-10-10T18:07:06Z</time>
      </trkpt>
      <trkpt lat="26.9174490" lon="75.8076237">
        <time>2018-10-10T18:07:17Z</time>
      </trkpt>
      <trkpt lat="26.9174490" lon="75.8076237">
        <time>2018-10-10T18:07:28Z</time>
      </trkpt>
      <trkpt lat="26.9174490" lon="75.8076237">
        <time>2018-10-10T18:07:39Z</time>
      </trkpt>
      <trkpt lat="26.9174490" lon="75.8076237">
        <time>2018-10-10T18:07:50Z</time>
      </trkpt>
      <trkpt lat="26.9174490" lon="75.8076237">
        <time>2018-10-10T18:08:00Z</time>
      </trkpt>
      <trkpt lat="26.9174490" lon="75.8076237">
        <time>2018-10-10T18:08:11Z</time>
      </trkpt>
      <trkpt lat="26.9174490" lon="75.8076237">
        <time>2018-10-10T18:08:22Z</time>
      </trkpt>
      <trkpt lat="26.9174490" lon="75.8076237">
        <time>2018-10-10T18:08:33Z</time>
      </trkpt>
      <trkpt lat="26.9174490" lon="75.8076237">
        <time>2018-10-10T18:08:43Z</time>
      </trkpt>
      <trkpt lat="26.9174490" lon="75.8076237">
        <time>2018-10-10T18:08:53Z</time>
      </trkpt>
      <trkpt lat="26.9174490" lon="75.8076237">
        <time>2018-10-10T18:09:04Z</time>
      </trkpt>
      <trkpt lat="26.9174490" lon="75.8076237">
        <time>2018-10-10T18:09:15Z</time>
      </trkpt>
      <trkpt lat="26.9174490" lon="75.8076237">
        <time>2018-10-10T18:09:25Z</time>
      </trkpt>
      <trkpt lat="26.9174490" lon="75.8076237">
        <time>2018-10-10T18:09:36Z</time>
      </trkpt>
      <trkpt lat="26.9174490" lon="75.8076237">
        <time>2018-10-10T18:09:47Z</time>
      </trkpt>
      <trkpt lat="26.9174490" lon="75.8076237">
        <time>2018-10-10T18:09:58Z</time>
      </trkpt>
      <trkpt lat="26.9174490" lon="75.8076237">
        <time>2018-10-10T18:10:08Z</time>
      </trkpt>
      <trkpt lat="26.9174490" lon="75.8076237">
        <time>2018-10-10T18:10:18Z</time>
      </trkpt>
      <trkpt lat="26.9174490" lon="75.8076237">
        <time>2018-10-10T18:10:28Z</time>
      </trkpt>
      <trkpt lat="26.9174490" lon="75.8076237">
        <time>2018-10-10T18:10:38Z</time>
      </trkpt>
      <trkpt lat="26.9174490" lon="75.8076237">
        <time>2018-10-10T18:10:49Z</time>
      </trkpt>
      <trkpt lat="26.9174490" lon="75.8076237">
        <time>2018-10-10T18:10:59Z</time>
      </trkpt>
      <trkpt lat="26.9174490" lon="75.8076237">
        <time>2018-10-10T18:11:09Z</time>
      </trkpt>
      <trkpt lat="26.9174490" lon="75.8076237">
        <time>2018-10-10T18:11:20Z</time>
      </trkpt>
      <trkpt lat="26.9174490" lon="75.8076237">
        <time>2018-10-10T18:11:31Z</time>
      </trkpt>
      <trkpt lat="26.9174490" lon="75.8076237">
        <time>2018-10-10T18:11:42Z</time>
      </trkpt>
      <trkpt lat="26.9174490" lon="75.8076237">
        <time>2018-10-10T18:11:52Z</time>
      </trkpt>
      <trkpt lat="26.9174490" lon="75.8076237">
        <time>2018-10-10T18:12:03Z</time>
      </trkpt>
      <trkpt lat="26.9174490" lon="75.8076237">
        <time>2018-10-10T18:12:14Z</time>
      </trkpt>
      <trkpt lat="26.9174490" lon="75.8076237">
        <time>2018-10-10T18:12:25Z</time>
      </trkpt>
      <trkpt lat="26.9174490" lon="75.8076237">
        <time>2018-10-10T18:12:36Z</time>
      </trkpt>
      <trkpt lat="26.9174490" lon="75.8076237">
        <time>2018-10-10T18:12:46Z</time>
      </trkpt>
      <trkpt lat="26.9174490" lon="75.8076237">
        <time>2018-10-10T18:12:57Z</time>
      </trkpt>
      <trkpt lat="26.9174490" lon="75.8076237">
        <time>2018-10-10T18:13:08Z</time>
      </trkpt>
      <trkpt lat="26.9174490" lon="75.8076237">
        <time>2018-10-10T18:13:18Z</time>
      </trkpt>
      <trkpt lat="26.9174490" lon="75.8076237">
        <time>2018-10-10T18:13:29Z</time>
      </trkpt>
      <trkpt lat="26.9174490" lon="75.8076237">
        <time>2018-10-10T18:13:40Z</time>
      </trkpt>
      <trkpt lat="26.9174490" lon="75.8076237">
        <time>2018-10-10T18:13:50Z</time>
      </trkpt>
      <trkpt lat="26.9174490" lon="75.8076237">
        <time>2018-10-10T18:14:00Z</time>
      </trkpt>
      <trkpt lat="26.9174490" lon="75.8076237">
        <time>2018-10-10T18:14:11Z</time>
      </trkpt>
      <trkpt lat="26.9174490" lon="75.8076237">
        <time>2018-10-10T18:14:21Z</time>
      </trkpt>
      <trkpt lat="26.9174490" lon="75.8076237">
        <time>2018-10-10T18:14:31Z</time>
      </trkpt>
      <trkpt lat="26.9174490" lon="75.8076237">
        <time>2018-10-10T18:14:42Z</time>
      </trkpt>
      <trkpt lat="26.9174490" lon="75.8076237">
        <time>2018-10-10T18:14:53Z</time>
      </trkpt>
      <trkpt lat="26.9174490" lon="75.8076237">
        <time>2018-10-10T18:15:04Z</time>
      </trkpt>
      <trkpt lat="26.9174490" lon="75.8076237">
        <time>2018-10-10T18:15:14Z</time>
      </trkpt>
      <trkpt lat="26.9174490" lon="75.8076237">
        <time>2018-10-10T18:15:25Z</time>
      </trkpt>
      <trkpt lat="26.9174490" lon="75.8076237">
        <time>2018-10-10T18:15:36Z</time>
      </trkpt>
      <trkpt lat="26.9174490" lon="75.8076237">
        <time>2018-10-10T18:15:47Z</time>
      </trkpt>
      <trkpt lat="26.9174490" lon="75.8076237">
        <time>2018-10-10T18:15:57Z</time>
      </trkpt>
      <trkpt lat="26.9174490" lon="75.8076237">
        <time>2018-10-10T18:16:08Z</time>
      </trkpt>
      <trkpt lat="26.9174490" lon="75.8076237">
        <time>2018-10-10T18:16:18Z</time>
      </trkpt>
      <trkpt lat="26.9174490" lon="75.8076237">
        <time>2018-10-10T18:16:28Z</time>
      </trkpt>
      <trkpt lat="26.9174490" lon="75.8076237">
        <time>2018-10-10T18:16:39Z</time>
      </trkpt>
      <trkpt lat="26.9174490" lon="75.8076237">
        <time>2018-10-10T18:16:50Z</time>
      </trkpt>
      <trkpt lat="26.9174490" lon="75.8076237">
        <time>2018-10-10T18:17:01Z</time>
      </trkpt>
      <trkpt lat="26.9174490" lon="75.8076237">
        <time>2018-10-10T18:17:12Z</time>
      </trkpt>
      <trkpt lat="26.9174490" lon="75.8076237">
        <time>2018-10-10T18:17:22Z</time>
      </trkpt>
      <trkpt lat="26.9174490" lon="75.8076237">
        <time>2018-10-10T18:17:33Z</time>
      </trkpt>
      <trkpt lat="26.9174490" lon="75.8076237">
        <time>2018-10-10T18:17:43Z</time>
      </trkpt>
      <trkpt lat="26.9174490" lon="75.8076237">
        <time>2018-10-10T18:17:54Z</time>
      </trkpt>
      <trkpt lat="26.9174490" lon="75.8076237">
        <time>2018-10-10T18:18:04Z</time>
      </trkpt>
      <trkpt lat="26.9174490" lon="75.8076237">
        <time>2018-10-10T18:18:15Z</time>
      </trkpt>
      <trkpt lat="26.9174490" lon="75.8076237">
        <time>2018-10-10T18:18:25Z</time>
      </trkpt>
      <trkpt lat="26.9174490" lon="75.8076237">
        <time>2018-10-10T18:18:36Z</time>
      </trkpt>
      <trkpt lat="26.9174490" lon="75.8076237">
        <time>2018-10-10T18:18:46Z</time>
      </trkpt>
      <trkpt lat="26.9174490" lon="75.8076237">
        <time>2018-10-10T18:18:57Z</time>
      </trkpt>
      <trkpt lat="26.9174490" lon="75.8076237">
        <time>2018-10-10T18:19:07Z</time>
      </trkpt>
      <trkpt lat="26.9174490" lon="75.8076237">
        <time>2018-10-10T18:19:18Z</time>
      </trkpt>
      <trkpt lat="26.9174490" lon="75.8076237">
        <time>2018-10-10T18:19:28Z</time>
      </trkpt>
      <trkpt lat="26.9174490" lon="75.8076237">
        <time>2018-10-10T18:19:39Z</time>
      </trkpt>
      <trkpt lat="26.9174490" lon="75.8076237">
        <time>2018-10-10T18:19:50Z</time>
      </trkpt>
      <trkpt lat="26.9174490" lon="75.8076237">
        <time>2018-10-10T18:20:01Z</time>
      </trkpt>
      <trkpt lat="26.9174490" lon="75.8076237">
        <time>2018-10-10T18:20:11Z</time>
      </trkpt>
      <trkpt lat="26.9174490" lon="75.8076237">
        <time>2018-10-10T18:20:22Z</time>
      </trkpt>
      <trkpt lat="26.9174490" lon="75.8076237">
        <time>2018-10-10T18:20:32Z</time>
      </trkpt>
      <trkpt lat="26.9174490" lon="75.8076237">
        <time>2018-10-10T18:20:43Z</time>
      </trkpt>
      <trkpt lat="26.9174490" lon="75.8076237">
        <time>2018-10-10T18:20:54Z</time>
      </trkpt>
      <trkpt lat="26.9174490" lon="75.8076237">
        <time>2018-10-10T18:21:05Z</time>
      </trkpt>
      <trkpt lat="26.9174490" lon="75.8076237">
        <time>2018-10-10T18:21:15Z</time>
      </trkpt>
      <trkpt lat="26.9174490" lon="75.8076237">
        <time>2018-10-10T18:21:26Z</time>
      </trkpt>
      <trkpt lat="26.9174490" lon="75.8076237">
        <time>2018-10-10T18:21:37Z</time>
      </trkpt>
      <trkpt lat="26.9174490" lon="75.8076237">
        <time>2018-10-10T18:21:47Z</time>
      </trkpt>
      <trkpt lat="26.9174490" lon="75.8076237">
        <time>2018-10-10T18:21:58Z</time>
      </trkpt>
      <trkpt lat="26.9174490" lon="75.8076237">
        <time>2018-10-10T18:22:09Z</time>
      </trkpt>
      <trkpt lat="26.9174490" lon="75.8076237">
        <time>2018-10-10T18:22:19Z</time>
      </trkpt>
      <trkpt lat="26.9174490" lon="75.8076237">
        <time>2018-10-10T18:22:30Z</time>
      </trkpt>
      <trkpt lat="26.9174490" lon="75.8076237">
        <time>2018-10-10T18:22:41Z</time>
      </trkpt>
      <trkpt lat="26.9174490" lon="75.8076237">
        <time>2018-10-10T18:22:51Z</time>
      </trkpt>
      <trkpt lat="26.9174490" lon="75.8076237">
        <time>2018-10-10T18:23:02Z</time>
      </trkpt>
      <trkpt lat="26.9174490" lon="75.8076237">
        <time>2018-10-10T18:23:12Z</time>
      </trkpt>
      <trkpt lat="26.9174490" lon="75.8076237">
        <time>2018-10-10T18:23:23Z</time>
      </trkpt>
      <trkpt lat="26.9174490" lon="75.8076237">
        <time>2018-10-10T18:23:34Z</time>
      </trkpt>
      <trkpt lat="26.9174490" lon="75.8076237">
        <time>2018-10-10T18:23:44Z</time>
      </trkpt>
      <trkpt lat="26.9174490" lon="75.8076237">
        <time>2018-10-10T18:23:54Z</time>
      </trkpt>
      <trkpt lat="26.9174490" lon="75.8076237">
        <time>2018-10-10T18:24:05Z</time>
      </trkpt>
      <trkpt lat="26.9174490" lon="75.8076237">
        <time>2018-10-10T18:24:15Z</time>
      </trkpt>
      <trkpt lat="26.9174490" lon="75.8076237">
        <time>2018-10-10T18:24:26Z</time>
      </trkpt>
      <trkpt lat="26.9174490" lon="75.8076237">
        <time>2018-10-10T18:24:36Z</time>
      </trkpt>
      <trkpt lat="26.9174490" lon="75.8076237">
        <time>2018-10-10T18:24:47Z</time>
      </trkpt>
      <trkpt lat="26.9174490" lon="75.8076237">
        <time>2018-10-10T18:24:57Z</time>
      </trkpt>
      <trkpt lat="26.9174490" lon="75.8076237">
        <time>2018-10-10T18:25:08Z</time>
      </trkpt>
      <trkpt lat="26.9174490" lon="75.8076237">
        <time>2018-10-10T18:25:18Z</time>
      </trkpt>
      <trkpt lat="26.9174490" lon="75.8076237">
        <time>2018-10-10T18:25:29Z</time>
      </trkpt>
      <trkpt lat="26.9174490" lon="75.8076237">
        <time>2018-10-10T18:25:40Z</time>
      </trkpt>
      <trkpt lat="26.9174490" lon="75.8076237">
        <time>2018-10-10T18:25:50Z</time>
      </trkpt>
      <trkpt lat="26.9174490" lon="75.8076237">
        <time>2018-10-10T18:26:00Z</time>
      </trkpt>
      <trkpt lat="26.9174490" lon="75.8076237">
        <time>2018-10-10T18:26:11Z</time>
      </trkpt>
      <trkpt lat="26.9174490" lon="75.8076237">
        <time>2018-10-10T18:26:22Z</time>
      </trkpt>
      <trkpt lat="26.9174490" lon="75.8076237">
        <time>2018-10-10T18:26:33Z</time>
      </trkpt>
      <trkpt lat="26.9174490" lon="75.8076237">
        <time>2018-10-10T18:26:43Z</time>
      </trkpt>
      <trkpt lat="26.9174490" lon="75.8076237">
        <time>2018-10-10T18:26:54Z</time>
      </trkpt>
      <trkpt lat="26.9174490" lon="75.8076237">
        <time>2018-10-10T18:27:05Z</time>
      </trkpt>
      <trkpt lat="26.9174490" lon="75.8076237">
        <time>2018-10-10T18:27:15Z</time>
      </trkpt>
      <trkpt lat="26.9174490" lon="75.8076237">
        <time>2018-10-10T18:27:26Z</time>
      </trkpt>
      <trkpt lat="26.9174490" lon="75.8076237">
        <time>2018-10-10T18:27:37Z</time>
      </trkpt>
      <trkpt lat="26.9174490" lon="75.8076237">
        <time>2018-10-10T18:27:47Z</time>
      </trkpt>
      <trkpt lat="26.9174490" lon="75.8076237">
        <time>2018-10-10T18:27:57Z</time>
      </trkpt>
      <trkpt lat="26.9174490" lon="75.8076237">
        <time>2018-10-10T18:28:08Z</time>
      </trkpt>
      <trkpt lat="26.9174490" lon="75.8076237">
        <time>2018-10-10T18:28:19Z</time>
      </trkpt>
      <trkpt lat="26.9174490" lon="75.8076237">
        <time>2018-10-10T18:28:30Z</time>
      </trkpt>
      <trkpt lat="26.9174490" lon="75.8076237">
        <time>2018-10-10T18:28:41Z</time>
      </trkpt>
      <trkpt lat="26.9174490" lon="75.8076237">
        <time>2018-10-10T18:28:51Z</time>
      </trkpt>
      <trkpt lat="26.9174490" lon="75.8076237">
        <time>2018-10-10T18:29:02Z</time>
      </trkpt>
      <trkpt lat="26.9174490" lon="75.8076237">
        <time>2018-10-10T18:29:13Z</time>
      </trkpt>
      <trkpt lat="26.9174490" lon="75.8076237">
        <time>2018-10-10T18:29:23Z</time>
      </trkpt>
      <trkpt lat="26.9174490" lon="75.8076237">
        <time>2018-10-10T18:29:34Z</time>
      </trkpt>
      <trkpt lat="26.9174490" lon="75.8076237">
        <time>2018-10-10T18:29:45Z</time>
      </trkpt>
      <trkpt lat="26.9174490" lon="75.8076237">
        <time>2018-10-10T18:29:56Z</time>
      </trkpt>
      <trkpt lat="26.9174490" lon="75.8076237">
        <time>2018-10-10T18:30:06Z</time>
      </trkpt>
      <trkpt lat="26.9174490" lon="75.8076237">
        <time>2018-10-10T18:30:16Z</time>
      </trkpt>
      <trkpt lat="26.9174490" lon="75.8076237">
        <time>2018-10-10T18:30:27Z</time>
      </trkpt>
      <trkpt lat="26.9174490" lon="75.8076237">
        <time>2018-10-10T18:30:37Z</time>
      </trkpt>
      <trkpt lat="26.9174490" lon="75.8076237">
        <time>2018-10-10T18:30:48Z</time>
      </trkpt>
      <trkpt lat="26.9174490" lon="75.8076237">
        <time>2018-10-10T18:30:59Z</time>
      </trkpt>
      <trkpt lat="26.9174490" lon="75.8076237">
        <time>2018-10-10T18:31:10Z</time>
      </trkpt>
      <trkpt lat="26.9174490" lon="75.8076237">
        <time>2018-10-10T18:31:20Z</time>
      </trkpt>
      <trkpt lat="26.9174490" lon="75.8076237">
        <time>2018-10-10T18:31:30Z</time>
      </trkpt>
      <trkpt lat="26.9174490" lon="75.8076237">
        <time>2018-10-10T18:31:40Z</time>
      </trkpt>
      <trkpt lat="26.9174490" lon="75.8076237">
        <time>2018-10-10T18:31:51Z</time>
      </trkpt>
      <trkpt lat="26.9174490" lon="75.8076237">
        <time>2018-10-10T18:32:02Z</time>
      </trkpt>
      <trkpt lat="26.9174490" lon="75.8076237">
        <time>2018-10-10T18:32:13Z</time>
      </trkpt>
      <trkpt lat="26.9174490" lon="75.8076237">
        <time>2018-10-10T18:32:24Z</time>
      </trkpt>
      <trkpt lat="26.9174490" lon="75.8076237">
        <time>2018-10-10T18:32:35Z</time>
      </trkpt>
      <trkpt lat="26.9174490" lon="75.8076237">
        <time>2018-10-10T18:32:46Z</time>
      </trkpt>
      <trkpt lat="26.9174490" lon="75.8076237">
        <time>2018-10-10T18:32:57Z</time>
      </trkpt>
      <trkpt lat="26.9174490" lon="75.8076237">
        <time>2018-10-10T18:33:08Z</time>
      </trkpt>
      <trkpt lat="26.9174490" lon="75.8076237">
        <time>2018-10-10T18:33:18Z</time>
      </trkpt>
      <trkpt lat="26.9174490" lon="75.8076237">
        <time>2018-10-10T18:33:29Z</time>
      </trkpt>
      <trkpt lat="26.9174482" lon="75.8076218">
        <time>2018-10-10T18:33:39Z</time>
      </trkpt>
      <trkpt lat="26.9174482" lon="75.8076218">
        <time>2018-10-10T18:33:49Z</time>
      </trkpt>
      <trkpt lat="26.9174482" lon="75.8076218">
        <time>2018-10-10T18:34:00Z</time>
      </trkpt>
      <trkpt lat="26.9174482" lon="75.8076218">
        <time>2018-10-10T18:34:11Z</time>
      </trkpt>
      <trkpt lat="26.9174482" lon="75.8076218">
        <time>2018-10-10T18:34:21Z</time>
      </trkpt>
      <trkpt lat="26.9174482" lon="75.8076218">
        <time>2018-10-10T18:34:32Z</time>
      </trkpt>
      <trkpt lat="26.9174482" lon="75.8076218">
        <time>2018-10-10T18:34:42Z</time>
      </trkpt>
      <trkpt lat="26.9174482" lon="75.8076218">
        <time>2018-10-10T18:34:52Z</time>
      </trkpt>
      <trkpt lat="26.9174482" lon="75.8076218">
        <time>2018-10-10T18:35:03Z</time>
      </trkpt>
      <trkpt lat="26.9174482" lon="75.8076218">
        <time>2018-10-10T18:35:14Z</time>
      </trkpt>
      <trkpt lat="26.9174482" lon="75.8076218">
        <time>2018-10-10T18:35:25Z</time>
      </trkpt>
      <trkpt lat="26.9174482" lon="75.8076218">
        <time>2018-10-10T18:35:36Z</time>
      </trkpt>
      <trkpt lat="26.9174480" lon="75.8076238">
        <time>2018-10-10T18:35:46Z</time>
      </trkpt>
      <trkpt lat="26.9174480" lon="75.8076238">
        <time>2018-10-10T18:35:56Z</time>
      </trkpt>
      <trkpt lat="26.9174480" lon="75.8076238">
        <time>2018-10-10T18:36:06Z</time>
      </trkpt>
      <trkpt lat="26.9174494" lon="75.8076244">
        <time>2018-10-10T18:36:16Z</time>
      </trkpt>
      <trkpt lat="26.9174496" lon="75.8076244">
        <time>2018-10-10T18:36:26Z</time>
      </trkpt>
      <trkpt lat="26.9174505" lon="75.8076245">
        <time>2018-10-10T18:36:37Z</time>
      </trkpt>
      <trkpt lat="26.9174509" lon="75.8076248">
        <time>2018-10-10T18:36:47Z</time>
      </trkpt>
      <trkpt lat="26.9174511" lon="75.8076250">
        <time>2018-10-10T18:36:58Z</time>
      </trkpt>
      <trkpt lat="26.9174511" lon="75.8076250">
        <time>2018-10-10T18:37:08Z</time>
      </trkpt>
      <trkpt lat="26.9174511" lon="75.8076250">
        <time>2018-10-10T18:37:19Z</time>
      </trkpt>
      <trkpt lat="26.9174511" lon="75.8076250">
        <time>2018-10-10T18:37:29Z</time>
      </trkpt>
      <trkpt lat="26.9174511" lon="75.8076250">
        <time>2018-10-10T18:37:40Z</time>
      </trkpt>
      <trkpt lat="26.9174511" lon="75.8076250">
        <time>2018-10-10T18:37:50Z</time>
      </trkpt>
      <trkpt lat="26.9174511" lon="75.8076250">
        <time>2018-10-10T18:38:01Z</time>
      </trkpt>
      <trkpt lat="26.9174511" lon="75.8076250">
        <time>2018-10-10T18:38:11Z</time>
      </trkpt>
      <trkpt lat="26.9174511" lon="75.8076250">
        <time>2018-10-10T18:38:22Z</time>
      </trkpt>
      <trkpt lat="26.9174511" lon="75.8076250">
        <time>2018-10-10T18:38:32Z</time>
      </trkpt>
      <trkpt lat="26.9174511" lon="75.8076250">
        <time>2018-10-10T18:38:43Z</time>
      </trkpt>
      <trkpt lat="26.9174490" lon="75.8076282">
        <time>2018-10-10T18:38:54Z</time>
      </trkpt>
      <trkpt lat="26.9174490" lon="75.8076281">
        <time>2018-10-10T18:39:05Z</time>
      </trkpt>
      <trkpt lat="26.9174490" lon="75.8076281">
        <time>2018-10-10T18:39:15Z</time>
      </trkpt>
      <trkpt lat="26.9174490" lon="75.8076281">
        <time>2018-10-10T18:39:26Z</time>
      </trkpt>
      <trkpt lat="26.9174483" lon="75.8076281">
        <time>2018-10-10T18:39:36Z</time>
      </trkpt>
      <trkpt lat="26.9174479" lon="75.8076282">
        <time>2018-10-10T18:39:46Z</time>
      </trkpt>
      <trkpt lat="26.9174479" lon="75.8076282">
        <time>2018-10-10T18:39:57Z</time>
      </trkpt>
      <trkpt lat="26.9174474" lon="75.8076303">
        <time>2018-10-10T18:40:07Z</time>
      </trkpt>
      <trkpt lat="26.9174474" lon="75.8076309">
        <time>2018-10-10T18:40:17Z</time>
      </trkpt>
      <trkpt lat="26.9174472" lon="75.8076322">
        <time>2018-10-10T18:40:28Z</time>
      </trkpt>
      <trkpt lat="26.9174469" lon="75.8076331">
        <time>2018-10-10T18:40:39Z</time>
      </trkpt>
      <trkpt lat="26.9174456" lon="75.8076340">
        <time>2018-10-10T18:40:49Z</time>
      </trkpt>
      <trkpt lat="26.9174446" lon="75.8076357">
        <time>2018-10-10T18:40:59Z</time>
      </trkpt>
      <trkpt lat="26.9174451" lon="75.8076371">
        <time>2018-10-10T18:41:10Z</time>
      </trkpt>
      <trkpt lat="26.9174451" lon="75.8076372">
        <time>2018-10-10T18:41:20Z</time>
      </trkpt>
      <trkpt lat="26.9174453" lon="75.8076385">
        <time>2018-10-10T18:41:30Z</time>
      </trkpt>
      <trkpt lat="26.9174453" lon="75.8076385">
        <time>2018-10-10T18:41:41Z</time>
      </trkpt>
      <trkpt lat="26.9174453" lon="75.8076385">
        <time>2018-10-10T18:41:52Z</time>
      </trkpt>
      <trkpt lat="26.9174453" lon="75.8076385">
        <time>2018-10-10T18:42:03Z</time>
      </trkpt>
      <trkpt lat="26.9174453" lon="75.8076385">
        <time>2018-10-10T18:42:14Z</time>
      </trkpt>
      <trkpt lat="26.9174453" lon="75.8076385">
        <time>2018-10-10T18:42:25Z</time>
      </trkpt>
      <trkpt lat="26.9174453" lon="75.8076385">
        <time>2018-10-10T18:42:36Z</time>
      </trkpt>
      <trkpt lat="26.9174465" lon="75.8076390">
        <time>2018-10-10T18:42:46Z</time>
      </trkpt>
      <trkpt lat="26.9174465" lon="75.8076390">
        <time>2018-10-10T18:42:56Z</time>
      </trkpt>
      <trkpt lat="26.9174472" lon="75.8076384">
        <time>2018-10-10T18:43:07Z</time>
      </trkpt>
      <trkpt lat="26.9174472" lon="75.8076384">
        <time>2018-10-10T18:43:18Z</time>
      </trkpt>
      <trkpt lat="26.9174482" lon="75.8076374">
        <time>2018-10-10T18:43:29Z</time>
      </trkpt>
      <trkpt lat="26.9174488" lon="75.8076371">
        <time>2018-10-10T18:43:40Z</time>
      </trkpt>
      <trkpt lat="26.9174488" lon="75.8076371">
        <time>2018-10-10T18:43:51Z</time>
      </trkpt>
      <trkpt lat="26.9174488" lon="75.8076371">
        <time>2018-10-10T18:44:01Z</time>
      </trkpt>
      <trkpt lat="26.9174488" lon="75.8076371">
        <time>2018-10-10T18:44:11Z</time>
      </trkpt>
      <trkpt lat="26.9174488" lon="75.8076371">
        <time>2018-10-10T18:44:21Z</time>
      </trkpt>
      <trkpt lat="26.9174488" lon="75.8076371">
        <time>2018-10-10T18:44:31Z</time>
      </trkpt>
      <trkpt lat="26.9174488" lon="75.8076371">
        <time>2018-10-10T18:44:42Z</time>
      </trkpt>
      <trkpt lat="26.9174488" lon="75.8076371">
        <time>2018-10-10T18:44:53Z</time>
      </trkpt>
      <trkpt lat="26.9174488" lon="75.8076371">
        <time>2018-10-10T18:45:03Z</time>
      </trkpt>
      <trkpt lat="26.9174488" lon="75.8076371">
        <time>2018-10-10T18:45:14Z</time>
      </trkpt>
      <trkpt lat="26.9174488" lon="75.8076371">
        <time>2018-10-10T18:45:24Z</time>
      </trkpt>
      <trkpt lat="26.9174488" lon="75.8076371">
        <time>2018-10-10T18:45:34Z</time>
      </trkpt>
      <trkpt lat="26.9174488" lon="75.8076371">
        <time>2018-10-10T18:45:45Z</time>
      </trkpt>
      <trkpt lat="26.9174488" lon="75.8076371">
        <time>2018-10-10T18:45:55Z</time>
      </trkpt>
      <trkpt lat="26.9174488" lon="75.8076371">
        <time>2018-10-10T18:46:06Z</time>
      </trkpt>
      <trkpt lat="26.9174488" lon="75.8076371">
        <time>2018-10-10T18:46:17Z</time>
      </trkpt>
      <trkpt lat="26.9174488" lon="75.8076371">
        <time>2018-10-10T18:46:28Z</time>
      </trkpt>
      <trkpt lat="26.9174488" lon="75.8076371">
        <time>2018-10-10T18:46:38Z</time>
      </trkpt>
      <trkpt lat="26.9174488" lon="75.8076371">
        <time>2018-10-10T18:46:49Z</time>
      </trkpt>
      <trkpt lat="26.9174488" lon="75.8076371">
        <time>2018-10-10T18:46:59Z</time>
      </trkpt>
      <trkpt lat="26.9174488" lon="75.8076371">
        <time>2018-10-10T18:47:10Z</time>
      </trkpt>
      <trkpt lat="26.9174488" lon="75.8076371">
        <time>2018-10-10T18:47:21Z</time>
      </trkpt>
      <trkpt lat="26.9174488" lon="75.8076371">
        <time>2018-10-10T18:47:32Z</time>
      </trkpt>
      <trkpt lat="26.9174488" lon="75.8076371">
        <time>2018-10-10T18:47:42Z</time>
      </trkpt>
      <trkpt lat="26.9174488" lon="75.8076371">
        <time>2018-10-10T18:47:53Z</time>
      </trkpt>
      <trkpt lat="26.9174488" lon="75.8076371">
        <time>2018-10-10T18:48:03Z</time>
      </trkpt>
      <trkpt lat="26.9174488" lon="75.8076371">
        <time>2018-10-10T18:48:14Z</time>
      </trkpt>
      <trkpt lat="26.9174488" lon="75.8076371">
        <time>2018-10-10T18:48:25Z</time>
      </trkpt>
      <trkpt lat="26.9174488" lon="75.8076371">
        <time>2018-10-10T18:48:36Z</time>
      </trkpt>
      <trkpt lat="26.9174488" lon="75.8076371">
        <time>2018-10-10T18:48:46Z</time>
      </trkpt>
      <trkpt lat="26.9174488" lon="75.8076371">
        <time>2018-10-10T18:48:56Z</time>
      </trkpt>
      <trkpt lat="26.9174488" lon="75.8076371">
        <time>2018-10-10T18:49:06Z</time>
      </trkpt>
      <trkpt lat="26.9174488" lon="75.8076371">
        <time>2018-10-10T18:49:17Z</time>
      </trkpt>
      <trkpt lat="26.9174488" lon="75.8076371">
        <time>2018-10-10T18:49:28Z</time>
      </trkpt>
      <trkpt lat="26.9174488" lon="75.8076371">
        <time>2018-10-10T18:49:38Z</time>
      </trkpt>
      <trkpt lat="26.9174488" lon="75.8076371">
        <time>2018-10-10T18:49:49Z</time>
      </trkpt>
      <trkpt lat="26.9174488" lon="75.8076371">
        <time>2018-10-10T18:50:00Z</time>
      </trkpt>
      <trkpt lat="26.9174488" lon="75.8076371">
        <time>2018-10-10T18:50:10Z</time>
      </trkpt>
      <trkpt lat="26.9174488" lon="75.8076371">
        <time>2018-10-10T18:50:20Z</time>
      </trkpt>
      <trkpt lat="26.9174488" lon="75.8076371">
        <time>2018-10-10T18:50:31Z</time>
      </trkpt>
      <trkpt lat="26.9174488" lon="75.8076371">
        <time>2018-10-10T18:50:41Z</time>
      </trkpt>
      <trkpt lat="26.9174488" lon="75.8076371">
        <time>2018-10-10T18:50:52Z</time>
      </trkpt>
      <trkpt lat="26.9174488" lon="75.8076371">
        <time>2018-10-10T18:51:02Z</time>
      </trkpt>
      <trkpt lat="26.9174488" lon="75.8076371">
        <time>2018-10-10T18:51:12Z</time>
      </trkpt>
      <trkpt lat="26.9174488" lon="75.8076371">
        <time>2018-10-10T18:51:22Z</time>
      </trkpt>
      <trkpt lat="26.9174619" lon="75.8076288">
        <time>2018-10-10T18:51:33Z</time>
      </trkpt>
      <trkpt lat="26.9174619" lon="75.8076288">
        <time>2018-10-10T18:51:44Z</time>
      </trkpt>
      <trkpt lat="26.9174619" lon="75.8076288">
        <time>2018-10-10T18:51:54Z</time>
      </trkpt>
      <trkpt lat="26.9174619" lon="75.8076288">
        <time>2018-10-10T18:52:04Z</time>
      </trkpt>
      <trkpt lat="26.9174619" lon="75.8076288">
        <time>2018-10-10T18:52:15Z</time>
      </trkpt>
      <trkpt lat="26.9174619" lon="75.8076288">
        <time>2018-10-10T18:52:25Z</time>
      </trkpt>
      <trkpt lat="26.9174619" lon="75.8076288">
        <time>2018-10-10T18:52:36Z</time>
      </trkpt>
      <trkpt lat="26.9174619" lon="75.8076288">
        <time>2018-10-10T18:52:47Z</time>
      </trkpt>
      <trkpt lat="26.9174619" lon="75.8076288">
        <time>2018-10-10T18:52:57Z</time>
      </trkpt>
      <trkpt lat="26.9174619" lon="75.8076288">
        <time>2018-10-10T18:53:08Z</time>
      </trkpt>
      <trkpt lat="26.9174586" lon="75.8076358">
        <time>2018-10-10T18:53:18Z</time>
      </trkpt>
      <trkpt lat="26.9174583" lon="75.8076361">
        <time>2018-10-10T18:53:28Z</time>
      </trkpt>
      <trkpt lat="26.9174583" lon="75.8076358">
        <time>2018-10-10T18:53:39Z</time>
      </trkpt>
      <trkpt lat="26.9174583" lon="75.8076358">
        <time>2018-10-10T18:53:50Z</time>
      </trkpt>
      <trkpt lat="26.9174583" lon="75.8076358">
        <time>2018-10-10T18:54:00Z</time>
      </trkpt>
      <trkpt lat="26.9174592" lon="75.8076356">
        <time>2018-10-10T18:54:11Z</time>
      </trkpt>
      <trkpt lat="26.9174592" lon="75.8076356">
        <time>2018-10-10T18:54:21Z</time>
      </trkpt>
      <trkpt lat="26.9174652" lon="75.8076295">
        <time>2018-10-10T18:54:32Z</time>
      </trkpt>
      <trkpt lat="26.9174652" lon="75.8076295">
        <time>2018-10-10T18:54:43Z</time>
      </trkpt>
      <trkpt lat="26.9174652" lon="75.8076295">
        <time>2018-10-10T18:54:53Z</time>
      </trkpt>
      <trkpt lat="26.9174652" lon="75.8076295">
        <time>2018-10-10T18:55:04Z</time>
      </trkpt>
      <trkpt lat="26.9174652" lon="75.8076295">
        <time>2018-10-10T18:55:14Z</time>
      </trkpt>
      <trkpt lat="26.9174652" lon="75.8076295">
        <time>2018-10-10T18:55:25Z</time>
      </trkpt>
      <trkpt lat="26.9174652" lon="75.8076295">
        <time>2018-10-10T18:55:35Z</time>
      </trkpt>
      <trkpt lat="26.9174652" lon="75.8076295">
        <time>2018-10-10T18:55:45Z</time>
      </trkpt>
      <trkpt lat="26.9174652" lon="75.8076295">
        <time>2018-10-10T18:55:55Z</time>
      </trkpt>
      <trkpt lat="26.9174652" lon="75.8076295">
        <time>2018-10-10T18:56:05Z</time>
      </trkpt>
      <trkpt lat="26.9174652" lon="75.8076295">
        <time>2018-10-10T18:56:16Z</time>
      </trkpt>
      <trkpt lat="26.9174652" lon="75.8076295">
        <time>2018-10-10T18:56:27Z</time>
      </trkpt>
      <trkpt lat="26.9174652" lon="75.8076295">
        <time>2018-10-10T18:56:38Z</time>
      </trkpt>
      <trkpt lat="26.9174652" lon="75.8076295">
        <time>2018-10-10T18:56:49Z</time>
      </trkpt>
      <trkpt lat="26.9174652" lon="75.8076295">
        <time>2018-10-10T18:56:59Z</time>
      </trkpt>
      <trkpt lat="26.9174652" lon="75.8076295">
        <time>2018-10-10T18:57:10Z</time>
      </trkpt>
      <trkpt lat="26.9174652" lon="75.8076295">
        <time>2018-10-10T18:57:20Z</time>
      </trkpt>
      <trkpt lat="26.9174652" lon="75.8076295">
        <time>2018-10-10T18:57:30Z</time>
      </trkpt>
      <trkpt lat="26.9174652" lon="75.8076295">
        <time>2018-10-10T18:57:40Z</time>
      </trkpt>
      <trkpt lat="26.9174652" lon="75.8076295">
        <time>2018-10-10T18:57:51Z</time>
      </trkpt>
      <trkpt lat="26.9174652" lon="75.8076295">
        <time>2018-10-10T18:58:01Z</time>
      </trkpt>
      <trkpt lat="26.9174652" lon="75.8076295">
        <time>2018-10-10T18:58:11Z</time>
      </trkpt>
      <trkpt lat="26.9174652" lon="75.8076295">
        <time>2018-10-10T18:58:22Z</time>
      </trkpt>
      <trkpt lat="26.9174652" lon="75.8076295">
        <time>2018-10-10T18:58:32Z</time>
      </trkpt>
      <trkpt lat="26.9174652" lon="75.8076295">
        <time>2018-10-10T18:58:43Z</time>
      </trkpt>
      <trkpt lat="26.9174652" lon="75.8076295">
        <time>2018-10-10T18:58:54Z</time>
      </trkpt>
      <trkpt lat="26.9174652" lon="75.8076295">
        <time>2018-10-10T18:59:04Z</time>
      </trkpt>
      <trkpt lat="26.9174652" lon="75.8076295">
        <time>2018-10-10T18:59:15Z</time>
      </trkpt>
      <trkpt lat="26.9174652" lon="75.8076295">
        <time>2018-10-10T18:59:26Z</time>
      </trkpt>
      <trkpt lat="26.9174652" lon="75.8076295">
        <time>2018-10-10T18:59:37Z</time>
      </trkpt>
      <trkpt lat="26.9174652" lon="75.8076295">
        <time>2018-10-10T18:59:48Z</time>
      </trkpt>
      <trkpt lat="26.9174652" lon="75.8076295">
        <time>2018-10-10T18:59:58Z</time>
      </trkpt>
      <trkpt lat="26.9174652" lon="75.8076295">
        <time>2018-10-10T19:00:09Z</time>
      </trkpt>
      <trkpt lat="26.9174652" lon="75.8076295">
        <time>2018-10-10T19:00:19Z</time>
      </trkpt>
      <trkpt lat="26.9174652" lon="75.8076295">
        <time>2018-10-10T19:00:30Z</time>
      </trkpt>
      <trkpt lat="26.9174652" lon="75.8076295">
        <time>2018-10-10T19:00:41Z</time>
      </trkpt>
      <trkpt lat="26.9174652" lon="75.8076295">
        <time>2018-10-10T19:00:51Z</time>
      </trkpt>
      <trkpt lat="26.9174652" lon="75.8076295">
        <time>2018-10-10T19:01:01Z</time>
      </trkpt>
      <trkpt lat="26.9174652" lon="75.8076295">
        <time>2018-10-10T19:01:11Z</time>
      </trkpt>
      <trkpt lat="26.9174652" lon="75.8076295">
        <time>2018-10-10T19:01:22Z</time>
      </trkpt>
      <trkpt lat="26.9174652" lon="75.8076295">
        <time>2018-10-10T19:01:32Z</time>
      </trkpt>
      <trkpt lat="26.9174652" lon="75.8076295">
        <time>2018-10-10T19:01:43Z</time>
      </trkpt>
      <trkpt lat="26.9174652" lon="75.8076295">
        <time>2018-10-10T19:01:54Z</time>
      </trkpt>
      <trkpt lat="26.9174652" lon="75.8076295">
        <time>2018-10-10T19:02:05Z</time>
      </trkpt>
      <trkpt lat="26.9174652" lon="75.8076295">
        <time>2018-10-10T19:02:15Z</time>
      </trkpt>
      <trkpt lat="26.9174652" lon="75.8076295">
        <time>2018-10-10T19:02:26Z</time>
      </trkpt>
      <trkpt lat="26.9174652" lon="75.8076295">
        <time>2018-10-10T19:02:37Z</time>
      </trkpt>
      <trkpt lat="26.9174652" lon="75.8076295">
        <time>2018-10-10T19:02:48Z</time>
      </trkpt>
      <trkpt lat="26.9174652" lon="75.8076295">
        <time>2018-10-10T19:02:59Z</time>
      </trkpt>
      <trkpt lat="26.9174652" lon="75.8076295">
        <time>2018-10-10T19:03:10Z</time>
      </trkpt>
      <trkpt lat="26.9174652" lon="75.8076295">
        <time>2018-10-10T19:03:20Z</time>
      </trkpt>
      <trkpt lat="26.9174652" lon="75.8076295">
        <time>2018-10-10T19:03:31Z</time>
      </trkpt>
      <trkpt lat="26.9174652" lon="75.8076295">
        <time>2018-10-10T19:03:42Z</time>
      </trkpt>
      <trkpt lat="26.9174652" lon="75.8076295">
        <time>2018-10-10T19:03:53Z</time>
      </trkpt>
      <trkpt lat="26.9174652" lon="75.8076295">
        <time>2018-10-10T19:04:04Z</time>
      </trkpt>
      <trkpt lat="26.9174652" lon="75.8076295">
        <time>2018-10-10T19:04:15Z</time>
      </trkpt>
      <trkpt lat="26.9174652" lon="75.8076295">
        <time>2018-10-10T19:04:26Z</time>
      </trkpt>
      <trkpt lat="26.9174652" lon="75.8076295">
        <time>2018-10-10T19:04:36Z</time>
      </trkpt>
      <trkpt lat="26.9174652" lon="75.8076295">
        <time>2018-10-10T19:04:47Z</time>
      </trkpt>
      <trkpt lat="26.9174652" lon="75.8076295">
        <time>2018-10-10T19:04:58Z</time>
      </trkpt>
      <trkpt lat="26.9174652" lon="75.8076295">
        <time>2018-10-10T19:05:08Z</time>
      </trkpt>
      <trkpt lat="26.9174652" lon="75.8076295">
        <time>2018-10-10T19:05:19Z</time>
      </trkpt>
      <trkpt lat="26.9174652" lon="75.8076295">
        <time>2018-10-10T19:05:30Z</time>
      </trkpt>
      <trkpt lat="26.9174652" lon="75.8076295">
        <time>2018-10-10T19:05:40Z</time>
      </trkpt>
      <trkpt lat="26.9174652" lon="75.8076295">
        <time>2018-10-10T19:05:51Z</time>
      </trkpt>
      <trkpt lat="26.9174652" lon="75.8076295">
        <time>2018-10-10T19:06:02Z</time>
      </trkpt>
      <trkpt lat="26.9174652" lon="75.8076295">
        <time>2018-10-10T19:06:13Z</time>
      </trkpt>
      <trkpt lat="26.9174652" lon="75.8076295">
        <time>2018-10-10T19:06:24Z</time>
      </trkpt>
      <trkpt lat="26.9174652" lon="75.8076295">
        <time>2018-10-10T19:06:35Z</time>
      </trkpt>
      <trkpt lat="26.9174652" lon="75.8076295">
        <time>2018-10-10T19:06:46Z</time>
      </trkpt>
      <trkpt lat="26.9174652" lon="75.8076295">
        <time>2018-10-10T19:06:56Z</time>
      </trkpt>
      <trkpt lat="26.9174652" lon="75.8076295">
        <time>2018-10-10T19:07:07Z</time>
      </trkpt>
      <trkpt lat="26.9174652" lon="75.8076295">
        <time>2018-10-10T19:07:17Z</time>
      </trkpt>
      <trkpt lat="26.9174652" lon="75.8076295">
        <time>2018-10-10T19:07:27Z</time>
      </trkpt>
      <trkpt lat="26.9174652" lon="75.8076295">
        <time>2018-10-10T19:07:38Z</time>
      </trkpt>
      <trkpt lat="26.9174652" lon="75.8076295">
        <time>2018-10-10T19:07:48Z</time>
      </trkpt>
      <trkpt lat="26.9174652" lon="75.8076295">
        <time>2018-10-10T19:07:59Z</time>
      </trkpt>
      <trkpt lat="26.9174652" lon="75.8076295">
        <time>2018-10-10T19:08:09Z</time>
      </trkpt>
      <trkpt lat="26.9174652" lon="75.8076295">
        <time>2018-10-10T19:08:20Z</time>
      </trkpt>
      <trkpt lat="26.9174652" lon="75.8076295">
        <time>2018-10-10T19:08:30Z</time>
      </trkpt>
      <trkpt lat="26.9174652" lon="75.8076295">
        <time>2018-10-10T19:08:40Z</time>
      </trkpt>
      <trkpt lat="26.9174652" lon="75.8076295">
        <time>2018-10-10T19:08:51Z</time>
      </trkpt>
      <trkpt lat="26.9174652" lon="75.8076295">
        <time>2018-10-10T19:09:02Z</time>
      </trkpt>
      <trkpt lat="26.9174652" lon="75.8076295">
        <time>2018-10-10T19:09:13Z</time>
      </trkpt>
      <trkpt lat="26.9174652" lon="75.8076295">
        <time>2018-10-10T19:09:23Z</time>
      </trkpt>
      <trkpt lat="26.9174652" lon="75.8076295">
        <time>2018-10-10T19:09:34Z</time>
      </trkpt>
      <trkpt lat="26.9174652" lon="75.8076295">
        <time>2018-10-10T19:09:44Z</time>
      </trkpt>
      <trkpt lat="26.9174652" lon="75.8076295">
        <time>2018-10-10T19:09:55Z</time>
      </trkpt>
      <trkpt lat="26.9174652" lon="75.8076295">
        <time>2018-10-10T19:10:05Z</time>
      </trkpt>
      <trkpt lat="26.9174652" lon="75.8076295">
        <time>2018-10-10T19:10:16Z</time>
      </trkpt>
      <trkpt lat="26.9174652" lon="75.8076295">
        <time>2018-10-10T19:10:27Z</time>
      </trkpt>
      <trkpt lat="26.9174652" lon="75.8076295">
        <time>2018-10-10T19:10:37Z</time>
      </trkpt>
      <trkpt lat="26.9174652" lon="75.8076295">
        <time>2018-10-10T19:10:48Z</time>
      </trkpt>
      <trkpt lat="26.9174652" lon="75.8076295">
        <time>2018-10-10T19:10:58Z</time>
      </trkpt>
      <trkpt lat="26.9174652" lon="75.8076295">
        <time>2018-10-10T19:11:09Z</time>
      </trkpt>
      <trkpt lat="26.9174652" lon="75.8076295">
        <time>2018-10-10T19:11:20Z</time>
      </trkpt>
      <trkpt lat="26.9174652" lon="75.8076295">
        <time>2018-10-10T19:11:30Z</time>
      </trkpt>
      <trkpt lat="26.9174620" lon="75.8076316">
        <time>2018-10-10T19:11:41Z</time>
      </trkpt>
      <trkpt lat="26.9174620" lon="75.8076316">
        <time>2018-10-10T19:11:51Z</time>
      </trkpt>
      <trkpt lat="26.9174620" lon="75.8076316">
        <time>2018-10-10T19:12:01Z</time>
      </trkpt>
      <trkpt lat="26.9174620" lon="75.8076316">
        <time>2018-10-10T19:12:11Z</time>
      </trkpt>
      <trkpt lat="26.9174609" lon="75.8076320">
        <time>2018-10-10T19:12:22Z</time>
      </trkpt>
      <trkpt lat="26.9174609" lon="75.8076320">
        <time>2018-10-10T19:12:32Z</time>
      </trkpt>
      <trkpt lat="26.9174609" lon="75.8076320">
        <time>2018-10-10T19:12:42Z</time>
      </trkpt>
      <trkpt lat="26.9174609" lon="75.8076320">
        <time>2018-10-10T19:12:52Z</time>
      </trkpt>
      <trkpt lat="26.9174609" lon="75.8076320">
        <time>2018-10-10T19:13:02Z</time>
      </trkpt>
      <trkpt lat="26.9174609" lon="75.8076320">
        <time>2018-10-10T19:13:13Z</time>
      </trkpt>
      <trkpt lat="26.9174609" lon="75.8076320">
        <time>2018-10-10T19:13:23Z</time>
      </trkpt>
      <trkpt lat="26.9174609" lon="75.8076320">
        <time>2018-10-10T19:13:34Z</time>
      </trkpt>
      <trkpt lat="26.9174609" lon="75.8076320">
        <time>2018-10-10T19:13:44Z</time>
      </trkpt>
      <trkpt lat="26.9174609" lon="75.8076320">
        <time>2018-10-10T19:13:55Z</time>
      </trkpt>
      <trkpt lat="26.9174609" lon="75.8076320">
        <time>2018-10-10T19:14:06Z</time>
      </trkpt>
      <trkpt lat="26.9174609" lon="75.8076320">
        <time>2018-10-10T19:14:17Z</time>
      </trkpt>
      <trkpt lat="26.9174609" lon="75.8076320">
        <time>2018-10-10T19:14:27Z</time>
      </trkpt>
      <trkpt lat="26.9174609" lon="75.8076320">
        <time>2018-10-10T19:14:38Z</time>
      </trkpt>
      <trkpt lat="26.9174609" lon="75.8076320">
        <time>2018-10-10T19:14:48Z</time>
      </trkpt>
      <trkpt lat="26.9174609" lon="75.8076320">
        <time>2018-10-10T19:14:59Z</time>
      </trkpt>
      <trkpt lat="26.9174609" lon="75.8076320">
        <time>2018-10-10T19:15:09Z</time>
      </trkpt>
      <trkpt lat="26.9174609" lon="75.8076320">
        <time>2018-10-10T19:15:20Z</time>
      </trkpt>
      <trkpt lat="26.9174609" lon="75.8076320">
        <time>2018-10-10T19:15:30Z</time>
      </trkpt>
      <trkpt lat="26.9174578" lon="75.8076334">
        <time>2018-10-10T19:15:40Z</time>
      </trkpt>
      <trkpt lat="26.9174578" lon="75.8076334">
        <time>2018-10-10T19:15:50Z</time>
      </trkpt>
      <trkpt lat="26.9174578" lon="75.8076334">
        <time>2018-10-10T19:16:01Z</time>
      </trkpt>
      <trkpt lat="26.9174578" lon="75.8076334">
        <time>2018-10-10T19:16:11Z</time>
      </trkpt>
      <trkpt lat="26.9174578" lon="75.8076334">
        <time>2018-10-10T19:16:22Z</time>
      </trkpt>
      <trkpt lat="26.9174578" lon="75.8076334">
        <time>2018-10-10T19:16:32Z</time>
      </trkpt>
      <trkpt lat="26.9174578" lon="75.8076334">
        <time>2018-10-10T19:16:43Z</time>
      </trkpt>
      <trkpt lat="26.9174578" lon="75.8076334">
        <time>2018-10-10T19:16:53Z</time>
      </trkpt>
      <trkpt lat="26.9174578" lon="75.8076334">
        <time>2018-10-10T19:17:03Z</time>
      </trkpt>
      <trkpt lat="26.9174578" lon="75.8076334">
        <time>2018-10-10T19:17:14Z</time>
      </trkpt>
      <trkpt lat="26.9174578" lon="75.8076334">
        <time>2018-10-10T19:17:24Z</time>
      </trkpt>
      <trkpt lat="26.9174578" lon="75.8076334">
        <time>2018-10-10T19:17:34Z</time>
      </trkpt>
      <trkpt lat="26.9174578" lon="75.8076334">
        <time>2018-10-10T19:17:44Z</time>
      </trkpt>
      <trkpt lat="26.9174578" lon="75.8076334">
        <time>2018-10-10T19:17:55Z</time>
      </trkpt>
      <trkpt lat="26.9174578" lon="75.8076334">
        <time>2018-10-10T19:18:05Z</time>
      </trkpt>
      <trkpt lat="26.9174578" lon="75.8076334">
        <time>2018-10-10T19:18:16Z</time>
      </trkpt>
      <trkpt lat="26.9174578" lon="75.8076334">
        <time>2018-10-10T19:18:27Z</time>
      </trkpt>
      <trkpt lat="26.9174578" lon="75.8076334">
        <time>2018-10-10T19:18:37Z</time>
      </trkpt>
      <trkpt lat="26.9174578" lon="75.8076334">
        <time>2018-10-10T19:18:47Z</time>
      </trkpt>
      <trkpt lat="26.9174578" lon="75.8076334">
        <time>2018-10-10T19:18:57Z</time>
      </trkpt>
      <trkpt lat="26.9174578" lon="75.8076334">
        <time>2018-10-10T19:19:07Z</time>
      </trkpt>
      <trkpt lat="26.9174578" lon="75.8076334">
        <time>2018-10-10T19:19:17Z</time>
      </trkpt>
      <trkpt lat="26.9174578" lon="75.8076334">
        <time>2018-10-10T19:19:28Z</time>
      </trkpt>
      <trkpt lat="26.9174578" lon="75.8076334">
        <time>2018-10-10T19:19:38Z</time>
      </trkpt>
      <trkpt lat="26.9174578" lon="75.8076334">
        <time>2018-10-10T19:19:48Z</time>
      </trkpt>
      <trkpt lat="26.9174578" lon="75.8076334">
        <time>2018-10-10T19:19:59Z</time>
      </trkpt>
      <trkpt lat="26.9174578" lon="75.8076334">
        <time>2018-10-10T19:20:10Z</time>
      </trkpt>
      <trkpt lat="26.9174578" lon="75.8076334">
        <time>2018-10-10T19:20:20Z</time>
      </trkpt>
      <trkpt lat="26.9174578" lon="75.8076334">
        <time>2018-10-10T19:20:30Z</time>
      </trkpt>
      <trkpt lat="26.9174578" lon="75.8076334">
        <time>2018-10-10T19:20:41Z</time>
      </trkpt>
      <trkpt lat="26.9174578" lon="75.8076334">
        <time>2018-10-10T19:20:52Z</time>
      </trkpt>
      <trkpt lat="26.9174578" lon="75.8076334">
        <time>2018-10-10T19:21:02Z</time>
      </trkpt>
      <trkpt lat="26.9174578" lon="75.8076334">
        <time>2018-10-10T19:21:12Z</time>
      </trkpt>
      <trkpt lat="26.9174578" lon="75.8076334">
        <time>2018-10-10T19:21:22Z</time>
      </trkpt>
      <trkpt lat="26.9174578" lon="75.8076334">
        <time>2018-10-10T19:21:32Z</time>
      </trkpt>
      <trkpt lat="26.9174578" lon="75.8076334">
        <time>2018-10-10T19:21:43Z</time>
      </trkpt>
      <trkpt lat="26.9174578" lon="75.8076334">
        <time>2018-10-10T19:21:53Z</time>
      </trkpt>
      <trkpt lat="26.9174578" lon="75.8076334">
        <time>2018-10-10T19:22:03Z</time>
      </trkpt>
      <trkpt lat="26.9174578" lon="75.8076334">
        <time>2018-10-10T19:22:14Z</time>
      </trkpt>
      <trkpt lat="26.9174578" lon="75.8076334">
        <time>2018-10-10T19:22:25Z</time>
      </trkpt>
      <trkpt lat="26.9174578" lon="75.8076334">
        <time>2018-10-10T19:22:36Z</time>
      </trkpt>
      <trkpt lat="26.9174578" lon="75.8076334">
        <time>2018-10-10T19:22:46Z</time>
      </trkpt>
      <trkpt lat="26.9174578" lon="75.8076334">
        <time>2018-10-10T19:22:57Z</time>
      </trkpt>
      <trkpt lat="26.9174578" lon="75.8076334">
        <time>2018-10-10T19:23:07Z</time>
      </trkpt>
      <trkpt lat="26.9174578" lon="75.8076334">
        <time>2018-10-10T19:23:18Z</time>
      </trkpt>
      <trkpt lat="26.9174578" lon="75.8076334">
        <time>2018-10-10T19:23:28Z</time>
      </trkpt>
      <trkpt lat="26.9174578" lon="75.8076334">
        <time>2018-10-10T19:23:38Z</time>
      </trkpt>
      <trkpt lat="26.9174578" lon="75.8076334">
        <time>2018-10-10T19:23:49Z</time>
      </trkpt>
      <trkpt lat="26.9174578" lon="75.8076334">
        <time>2018-10-10T19:23:59Z</time>
      </trkpt>
      <trkpt lat="26.9174578" lon="75.8076334">
        <time>2018-10-10T19:24:10Z</time>
      </trkpt>
      <trkpt lat="26.9174578" lon="75.8076334">
        <time>2018-10-10T19:24:21Z</time>
      </trkpt>
      <trkpt lat="26.9174578" lon="75.8076334">
        <time>2018-10-10T19:24:32Z</time>
      </trkpt>
      <trkpt lat="26.9174578" lon="75.8076334">
        <time>2018-10-10T19:24:42Z</time>
      </trkpt>
      <trkpt lat="26.9174578" lon="75.8076334">
        <time>2018-10-10T19:24:52Z</time>
      </trkpt>
      <trkpt lat="26.9174578" lon="75.8076334">
        <time>2018-10-10T19:25:03Z</time>
      </trkpt>
      <trkpt lat="26.9174578" lon="75.8076334">
        <time>2018-10-10T19:25:14Z</time>
      </trkpt>
      <trkpt lat="26.9174578" lon="75.8076334">
        <time>2018-10-10T19:25:24Z</time>
      </trkpt>
      <trkpt lat="26.9174578" lon="75.8076334">
        <time>2018-10-10T19:25:34Z</time>
      </trkpt>
      <trkpt lat="26.9174578" lon="75.8076334">
        <time>2018-10-10T19:25:45Z</time>
      </trkpt>
      <trkpt lat="26.9174578" lon="75.8076334">
        <time>2018-10-10T19:25:56Z</time>
      </trkpt>
      <trkpt lat="26.9174578" lon="75.8076334">
        <time>2018-10-10T19:26:07Z</time>
      </trkpt>
      <trkpt lat="26.9174578" lon="75.8076334">
        <time>2018-10-10T19:26:18Z</time>
      </trkpt>
      <trkpt lat="26.9174578" lon="75.8076334">
        <time>2018-10-10T19:26:28Z</time>
      </trkpt>
      <trkpt lat="26.9174578" lon="75.8076334">
        <time>2018-10-10T19:26:38Z</time>
      </trkpt>
      <trkpt lat="26.9174578" lon="75.8076334">
        <time>2018-10-10T19:26:49Z</time>
      </trkpt>
      <trkpt lat="26.9174578" lon="75.8076334">
        <time>2018-10-10T19:27:00Z</time>
      </trkpt>
      <trkpt lat="26.9174578" lon="75.8076334">
        <time>2018-10-10T19:27:11Z</time>
      </trkpt>
      <trkpt lat="26.9174578" lon="75.8076334">
        <time>2018-10-10T19:27:21Z</time>
      </trkpt>
      <trkpt lat="26.9174578" lon="75.8076334">
        <time>2018-10-10T19:27:31Z</time>
      </trkpt>
      <trkpt lat="26.9174578" lon="75.8076334">
        <time>2018-10-10T19:27:41Z</time>
      </trkpt>
      <trkpt lat="26.9174578" lon="75.8076334">
        <time>2018-10-10T19:27:52Z</time>
      </trkpt>
      <trkpt lat="26.9174578" lon="75.8076334">
        <time>2018-10-10T19:28:02Z</time>
      </trkpt>
      <trkpt lat="26.9174578" lon="75.8076334">
        <time>2018-10-10T19:28:13Z</time>
      </trkpt>
      <trkpt lat="26.9174578" lon="75.8076334">
        <time>2018-10-10T19:28:24Z</time>
      </trkpt>
      <trkpt lat="26.9174578" lon="75.8076334">
        <time>2018-10-10T19:28:34Z</time>
      </trkpt>
      <trkpt lat="26.9174578" lon="75.8076334">
        <time>2018-10-10T19:28:45Z</time>
      </trkpt>
      <trkpt lat="26.9174578" lon="75.8076334">
        <time>2018-10-10T19:28:56Z</time>
      </trkpt>
      <trkpt lat="26.9174578" lon="75.8076334">
        <time>2018-10-10T19:29:07Z</time>
      </trkpt>
      <trkpt lat="26.9174578" lon="75.8076334">
        <time>2018-10-10T19:29:17Z</time>
      </trkpt>
      <trkpt lat="26.9174578" lon="75.8076334">
        <time>2018-10-10T19:29:28Z</time>
      </trkpt>
      <trkpt lat="26.9174578" lon="75.8076334">
        <time>2018-10-10T19:29:39Z</time>
      </trkpt>
      <trkpt lat="26.9174578" lon="75.8076334">
        <time>2018-10-10T19:29:49Z</time>
      </trkpt>
      <trkpt lat="26.9174578" lon="75.8076334">
        <time>2018-10-10T19:29:59Z</time>
      </trkpt>
      <trkpt lat="26.9174578" lon="75.8076334">
        <time>2018-10-10T19:30:10Z</time>
      </trkpt>
      <trkpt lat="26.9174578" lon="75.8076334">
        <time>2018-10-10T19:30:21Z</time>
      </trkpt>
      <trkpt lat="26.9174578" lon="75.8076334">
        <time>2018-10-10T19:30:31Z</time>
      </trkpt>
      <trkpt lat="26.9174578" lon="75.8076334">
        <time>2018-10-10T19:30:41Z</time>
      </trkpt>
      <trkpt lat="26.9174578" lon="75.8076334">
        <time>2018-10-10T19:30:51Z</time>
      </trkpt>
      <trkpt lat="26.9174578" lon="75.8076334">
        <time>2018-10-10T19:31:01Z</time>
      </trkpt>
      <trkpt lat="26.9174578" lon="75.8076334">
        <time>2018-10-10T19:31:11Z</time>
      </trkpt>
      <trkpt lat="26.9174578" lon="75.8076334">
        <time>2018-10-10T19:31:22Z</time>
      </trkpt>
      <trkpt lat="26.9174578" lon="75.8076334">
        <time>2018-10-10T19:31:33Z</time>
      </trkpt>
      <trkpt lat="26.9174578" lon="75.8076334">
        <time>2018-10-10T19:31:44Z</time>
      </trkpt>
      <trkpt lat="26.9174578" lon="75.8076334">
        <time>2018-10-10T19:31:55Z</time>
      </trkpt>
      <trkpt lat="26.9174578" lon="75.8076334">
        <time>2018-10-10T19:32:05Z</time>
      </trkpt>
      <trkpt lat="26.9174549" lon="75.8076326">
        <time>2018-10-10T19:32:16Z</time>
      </trkpt>
      <trkpt lat="26.9174547" lon="75.8076328">
        <time>2018-10-10T19:32:26Z</time>
      </trkpt>
      <trkpt lat="26.9174547" lon="75.8076328">
        <time>2018-10-10T19:32:36Z</time>
      </trkpt>
      <trkpt lat="26.9174547" lon="75.8076328">
        <time>2018-10-10T19:32:46Z</time>
      </trkpt>
      <trkpt lat="26.9174547" lon="75.8076328">
        <time>2018-10-10T19:32:57Z</time>
      </trkpt>
      <trkpt lat="26.9174547" lon="75.8076328">
        <time>2018-10-10T19:33:09Z</time>
      </trkpt>
      <trkpt lat="26.9174547" lon="75.8076328">
        <time>2018-10-10T19:33:19Z</time>
      </trkpt>
      <trkpt lat="26.9174547" lon="75.8076328">
        <time>2018-10-10T19:33:30Z</time>
      </trkpt>
      <trkpt lat="26.9174547" lon="75.8076328">
        <time>2018-10-10T19:33:41Z</time>
      </trkpt>
      <trkpt lat="26.9174547" lon="75.8076328">
        <time>2018-10-10T19:33:52Z</time>
      </trkpt>
      <trkpt lat="26.9174547" lon="75.8076328">
        <time>2018-10-10T19:34:03Z</time>
      </trkpt>
      <trkpt lat="26.9174547" lon="75.8076328">
        <time>2018-10-10T19:34:13Z</time>
      </trkpt>
      <trkpt lat="26.9174547" lon="75.8076328">
        <time>2018-10-10T19:34:24Z</time>
      </trkpt>
      <trkpt lat="26.9174547" lon="75.8076328">
        <time>2018-10-10T19:34:34Z</time>
      </trkpt>
      <trkpt lat="26.9174547" lon="75.8076328">
        <time>2018-10-10T19:34:44Z</time>
      </trkpt>
      <trkpt lat="26.9174547" lon="75.8076328">
        <time>2018-10-10T19:34:54Z</time>
      </trkpt>
      <trkpt lat="26.9174547" lon="75.8076328">
        <time>2018-10-10T19:35:04Z</time>
      </trkpt>
      <trkpt lat="26.9174547" lon="75.8076328">
        <time>2018-10-10T19:35:14Z</time>
      </trkpt>
      <trkpt lat="26.9174547" lon="75.8076328">
        <time>2018-10-10T19:35:25Z</time>
      </trkpt>
      <trkpt lat="26.9174547" lon="75.8076328">
        <time>2018-10-10T19:35:35Z</time>
      </trkpt>
      <trkpt lat="26.9174547" lon="75.8076328">
        <time>2018-10-10T19:35:46Z</time>
      </trkpt>
      <trkpt lat="26.9174547" lon="75.8076328">
        <time>2018-10-10T19:35:57Z</time>
      </trkpt>
      <trkpt lat="26.9174547" lon="75.8076328">
        <time>2018-10-10T19:36:07Z</time>
      </trkpt>
      <trkpt lat="26.9174547" lon="75.8076328">
        <time>2018-10-10T19:36:17Z</time>
      </trkpt>
      <trkpt lat="26.9174547" lon="75.8076328">
        <time>2018-10-10T19:36:29Z</time>
      </trkpt>
      <trkpt lat="26.9174547" lon="75.8076328">
        <time>2018-10-10T19:36:39Z</time>
      </trkpt>
      <trkpt lat="26.9174547" lon="75.8076328">
        <time>2018-10-10T19:36:49Z</time>
      </trkpt>
      <trkpt lat="26.9174547" lon="75.8076328">
        <time>2018-10-10T19:36:59Z</time>
      </trkpt>
      <trkpt lat="26.9174547" lon="75.8076328">
        <time>2018-10-10T19:37:09Z</time>
      </trkpt>
      <trkpt lat="26.9174547" lon="75.8076328">
        <time>2018-10-10T19:37:19Z</time>
      </trkpt>
      <trkpt lat="26.9174547" lon="75.8076328">
        <time>2018-10-10T19:37:30Z</time>
      </trkpt>
      <trkpt lat="26.9174547" lon="75.8076328">
        <time>2018-10-10T19:37:41Z</time>
      </trkpt>
      <trkpt lat="26.9174547" lon="75.8076328">
        <time>2018-10-10T19:37:52Z</time>
      </trkpt>
      <trkpt lat="26.9174547" lon="75.8076328">
        <time>2018-10-10T19:38:02Z</time>
      </trkpt>
      <trkpt lat="26.9174547" lon="75.8076328">
        <time>2018-10-10T19:38:13Z</time>
      </trkpt>
      <trkpt lat="26.9174547" lon="75.8076328">
        <time>2018-10-10T19:38:23Z</time>
      </trkpt>
      <trkpt lat="26.9174547" lon="75.8076328">
        <time>2018-10-10T19:38:33Z</time>
      </trkpt>
      <trkpt lat="26.9174547" lon="75.8076328">
        <time>2018-10-10T19:38:43Z</time>
      </trkpt>
      <trkpt lat="26.9174547" lon="75.8076328">
        <time>2018-10-10T19:38:54Z</time>
      </trkpt>
      <trkpt lat="26.9174547" lon="75.8076328">
        <time>2018-10-10T19:39:04Z</time>
      </trkpt>
      <trkpt lat="26.9174547" lon="75.8076328">
        <time>2018-10-10T19:39:15Z</time>
      </trkpt>
      <trkpt lat="26.9174547" lon="75.8076328">
        <time>2018-10-10T19:39:25Z</time>
      </trkpt>
      <trkpt lat="26.9174547" lon="75.8076328">
        <time>2018-10-10T19:39:35Z</time>
      </trkpt>
      <trkpt lat="26.9174547" lon="75.8076328">
        <time>2018-10-10T19:39:46Z</time>
      </trkpt>
      <trkpt lat="26.9174547" lon="75.8076328">
        <time>2018-10-10T19:39:57Z</time>
      </trkpt>
      <trkpt lat="26.9174547" lon="75.8076328">
        <time>2018-10-10T19:40:07Z</time>
      </trkpt>
      <trkpt lat="26.9174547" lon="75.8076328">
        <time>2018-10-10T19:40:18Z</time>
      </trkpt>
      <trkpt lat="26.9174547" lon="75.8076328">
        <time>2018-10-10T19:40:28Z</time>
      </trkpt>
      <trkpt lat="26.9174547" lon="75.8076328">
        <time>2018-10-10T19:40:40Z</time>
      </trkpt>
      <trkpt lat="26.9174547" lon="75.8076328">
        <time>2018-10-10T19:40:50Z</time>
      </trkpt>
      <trkpt lat="26.9174547" lon="75.8076328">
        <time>2018-10-10T19:41:00Z</time>
      </trkpt>
      <trkpt lat="26.9174547" lon="75.8076328">
        <time>2018-10-10T19:41:11Z</time>
      </trkpt>
      <trkpt lat="26.9174547" lon="75.8076328">
        <time>2018-10-10T19:41:21Z</time>
      </trkpt>
      <trkpt lat="26.9174547" lon="75.8076328">
        <time>2018-10-10T19:41:32Z</time>
      </trkpt>
      <trkpt lat="26.9174547" lon="75.8076328">
        <time>2018-10-10T19:41:42Z</time>
      </trkpt>
      <trkpt lat="26.9174547" lon="75.8076328">
        <time>2018-10-10T19:41:53Z</time>
      </trkpt>
      <trkpt lat="26.9174547" lon="75.8076328">
        <time>2018-10-10T19:42:03Z</time>
      </trkpt>
      <trkpt lat="26.9174547" lon="75.8076328">
        <time>2018-10-10T19:42:14Z</time>
      </trkpt>
      <trkpt lat="26.9174547" lon="75.8076328">
        <time>2018-10-10T19:42:24Z</time>
      </trkpt>
      <trkpt lat="26.9174547" lon="75.8076328">
        <time>2018-10-10T19:42:35Z</time>
      </trkpt>
      <trkpt lat="26.9174547" lon="75.8076328">
        <time>2018-10-10T19:42:46Z</time>
      </trkpt>
      <trkpt lat="26.9174547" lon="75.8076328">
        <time>2018-10-10T19:42:56Z</time>
      </trkpt>
      <trkpt lat="26.9174547" lon="75.8076328">
        <time>2018-10-10T19:43:07Z</time>
      </trkpt>
      <trkpt lat="26.9174547" lon="75.8076328">
        <time>2018-10-10T19:43:18Z</time>
      </trkpt>
      <trkpt lat="26.9174547" lon="75.8076328">
        <time>2018-10-10T19:43:29Z</time>
      </trkpt>
      <trkpt lat="26.9174547" lon="75.8076328">
        <time>2018-10-10T19:43:39Z</time>
      </trkpt>
      <trkpt lat="26.9174547" lon="75.8076328">
        <time>2018-10-10T19:43:50Z</time>
      </trkpt>
      <trkpt lat="26.9174547" lon="75.8076328">
        <time>2018-10-10T19:44:01Z</time>
      </trkpt>
      <trkpt lat="26.9174547" lon="75.8076328">
        <time>2018-10-10T19:44:12Z</time>
      </trkpt>
      <trkpt lat="26.9174547" lon="75.8076328">
        <time>2018-10-10T19:44:22Z</time>
      </trkpt>
      <trkpt lat="26.9174547" lon="75.8076328">
        <time>2018-10-10T19:44:32Z</time>
      </trkpt>
      <trkpt lat="26.9174547" lon="75.8076328">
        <time>2018-10-10T19:44:43Z</time>
      </trkpt>
      <trkpt lat="26.9174547" lon="75.8076328">
        <time>2018-10-10T19:44:53Z</time>
      </trkpt>
      <trkpt lat="26.9174547" lon="75.8076328">
        <time>2018-10-10T19:45:04Z</time>
      </trkpt>
      <trkpt lat="26.9174547" lon="75.8076328">
        <time>2018-10-10T19:45:14Z</time>
      </trkpt>
      <trkpt lat="26.9174547" lon="75.8076328">
        <time>2018-10-10T19:45:24Z</time>
      </trkpt>
      <trkpt lat="26.9174547" lon="75.8076328">
        <time>2018-10-10T19:45:35Z</time>
      </trkpt>
      <trkpt lat="26.9174547" lon="75.8076328">
        <time>2018-10-10T19:45:46Z</time>
      </trkpt>
      <trkpt lat="26.9174547" lon="75.8076328">
        <time>2018-10-10T19:45:56Z</time>
      </trkpt>
      <trkpt lat="26.9174547" lon="75.8076328">
        <time>2018-10-10T19:46:07Z</time>
      </trkpt>
      <trkpt lat="26.9174547" lon="75.8076328">
        <time>2018-10-10T19:46:18Z</time>
      </trkpt>
      <trkpt lat="26.9174547" lon="75.8076328">
        <time>2018-10-10T19:46:29Z</time>
      </trkpt>
      <trkpt lat="26.9174547" lon="75.8076328">
        <time>2018-10-10T19:46:39Z</time>
      </trkpt>
      <trkpt lat="26.9174547" lon="75.8076328">
        <time>2018-10-10T19:46:49Z</time>
      </trkpt>
      <trkpt lat="26.9174547" lon="75.8076328">
        <time>2018-10-10T19:47:01Z</time>
      </trkpt>
      <trkpt lat="26.9174547" lon="75.8076328">
        <time>2018-10-10T19:47:11Z</time>
      </trkpt>
      <trkpt lat="26.9174547" lon="75.8076328">
        <time>2018-10-10T19:47:21Z</time>
      </trkpt>
      <trkpt lat="26.9174547" lon="75.8076328">
        <time>2018-10-10T19:47:32Z</time>
      </trkpt>
      <trkpt lat="26.9174547" lon="75.8076328">
        <time>2018-10-10T19:47:42Z</time>
      </trkpt>
      <trkpt lat="26.9174547" lon="75.8076328">
        <time>2018-10-10T19:47:53Z</time>
      </trkpt>
      <trkpt lat="26.9174547" lon="75.8076328">
        <time>2018-10-10T19:48:04Z</time>
      </trkpt>
      <trkpt lat="26.9174547" lon="75.8076328">
        <time>2018-10-10T19:48:14Z</time>
      </trkpt>
      <trkpt lat="26.9174547" lon="75.8076328">
        <time>2018-10-10T19:48:24Z</time>
      </trkpt>
      <trkpt lat="26.9174542" lon="75.8076330">
        <time>2018-10-10T19:48:35Z</time>
      </trkpt>
      <trkpt lat="26.9174542" lon="75.8076330">
        <time>2018-10-10T19:48:46Z</time>
      </trkpt>
      <trkpt lat="26.9174542" lon="75.8076330">
        <time>2018-10-10T19:48:57Z</time>
      </trkpt>
      <trkpt lat="26.9174542" lon="75.8076330">
        <time>2018-10-10T19:49:07Z</time>
      </trkpt>
      <trkpt lat="26.9174542" lon="75.8076330">
        <time>2018-10-10T19:49:17Z</time>
      </trkpt>
      <trkpt lat="26.9174542" lon="75.8076330">
        <time>2018-10-10T19:49:28Z</time>
      </trkpt>
      <trkpt lat="26.9174542" lon="75.8076330">
        <time>2018-10-10T19:49:39Z</time>
      </trkpt>
      <trkpt lat="26.9174542" lon="75.8076330">
        <time>2018-10-10T19:49:49Z</time>
      </trkpt>
      <trkpt lat="26.9174542" lon="75.8076330">
        <time>2018-10-10T19:50:01Z</time>
      </trkpt>
      <trkpt lat="26.9174542" lon="75.8076330">
        <time>2018-10-10T19:50:11Z</time>
      </trkpt>
      <trkpt lat="26.9174542" lon="75.8076330">
        <time>2018-10-10T19:50:22Z</time>
      </trkpt>
      <trkpt lat="26.9174542" lon="75.8076330">
        <time>2018-10-10T19:50:32Z</time>
      </trkpt>
      <trkpt lat="26.9174542" lon="75.8076330">
        <time>2018-10-10T19:50:42Z</time>
      </trkpt>
      <trkpt lat="26.9174542" lon="75.8076330">
        <time>2018-10-10T19:50:52Z</time>
      </trkpt>
      <trkpt lat="26.9174542" lon="75.8076330">
        <time>2018-10-10T19:51:03Z</time>
      </trkpt>
      <trkpt lat="26.9174542" lon="75.8076330">
        <time>2018-10-10T19:51:13Z</time>
      </trkpt>
      <trkpt lat="26.9174542" lon="75.8076330">
        <time>2018-10-10T19:51:24Z</time>
      </trkpt>
      <trkpt lat="26.9174542" lon="75.8076330">
        <time>2018-10-10T19:51:35Z</time>
      </trkpt>
      <trkpt lat="26.9174542" lon="75.8076330">
        <time>2018-10-10T19:51:46Z</time>
      </trkpt>
      <trkpt lat="26.9174542" lon="75.8076330">
        <time>2018-10-10T19:51:57Z</time>
      </trkpt>
      <trkpt lat="26.9174542" lon="75.8076330">
        <time>2018-10-10T19:52:07Z</time>
      </trkpt>
      <trkpt lat="26.9174542" lon="75.8076330">
        <time>2018-10-10T19:52:17Z</time>
      </trkpt>
      <trkpt lat="26.9174542" lon="75.8076330">
        <time>2018-10-10T19:52:28Z</time>
      </trkpt>
      <trkpt lat="26.9174542" lon="75.8076330">
        <time>2018-10-10T19:52:39Z</time>
      </trkpt>
      <trkpt lat="26.9174542" lon="75.8076330">
        <time>2018-10-10T19:52:50Z</time>
      </trkpt>
      <trkpt lat="26.9174542" lon="75.8076330">
        <time>2018-10-10T19:53:00Z</time>
      </trkpt>
      <trkpt lat="26.9174542" lon="75.8076330">
        <time>2018-10-10T19:53:11Z</time>
      </trkpt>
      <trkpt lat="26.9174542" lon="75.8076330">
        <time>2018-10-10T19:53:22Z</time>
      </trkpt>
      <trkpt lat="26.9174542" lon="75.8076330">
        <time>2018-10-10T19:53:33Z</time>
      </trkpt>
      <trkpt lat="26.9174542" lon="75.8076330">
        <time>2018-10-10T19:53:44Z</time>
      </trkpt>
      <trkpt lat="26.9174542" lon="75.8076330">
        <time>2018-10-10T19:53:55Z</time>
      </trkpt>
      <trkpt lat="26.9174542" lon="75.8076330">
        <time>2018-10-10T19:54:05Z</time>
      </trkpt>
      <trkpt lat="26.9174542" lon="75.8076330">
        <time>2018-10-10T19:54:15Z</time>
      </trkpt>
      <trkpt lat="26.9174542" lon="75.8076330">
        <time>2018-10-10T19:54:26Z</time>
      </trkpt>
      <trkpt lat="26.9174542" lon="75.8076330">
        <time>2018-10-10T19:54:37Z</time>
      </trkpt>
      <trkpt lat="26.9174542" lon="75.8076330">
        <time>2018-10-10T19:54:48Z</time>
      </trkpt>
      <trkpt lat="26.9174542" lon="75.8076330">
        <time>2018-10-10T19:54:58Z</time>
      </trkpt>
      <trkpt lat="26.9174542" lon="75.8076330">
        <time>2018-10-10T19:55:09Z</time>
      </trkpt>
      <trkpt lat="26.9174542" lon="75.8076330">
        <time>2018-10-10T19:55:19Z</time>
      </trkpt>
      <trkpt lat="26.9174542" lon="75.8076330">
        <time>2018-10-10T19:55:30Z</time>
      </trkpt>
      <trkpt lat="26.9174542" lon="75.8076330">
        <time>2018-10-10T19:55:40Z</time>
      </trkpt>
      <trkpt lat="26.9174542" lon="75.8076330">
        <time>2018-10-10T19:55:51Z</time>
      </trkpt>
      <trkpt lat="26.9174542" lon="75.8076330">
        <time>2018-10-10T19:56:01Z</time>
      </trkpt>
      <trkpt lat="26.9174542" lon="75.8076330">
        <time>2018-10-10T19:56:11Z</time>
      </trkpt>
      <trkpt lat="26.9174542" lon="75.8076330">
        <time>2018-10-10T19:56:21Z</time>
      </trkpt>
      <trkpt lat="26.9174542" lon="75.8076330">
        <time>2018-10-10T19:56:31Z</time>
      </trkpt>
      <trkpt lat="26.9174542" lon="75.8076330">
        <time>2018-10-10T19:56:42Z</time>
      </trkpt>
      <trkpt lat="26.9174542" lon="75.8076330">
        <time>2018-10-10T19:56:52Z</time>
      </trkpt>
      <trkpt lat="26.9174542" lon="75.8076330">
        <time>2018-10-10T19:57:02Z</time>
      </trkpt>
      <trkpt lat="26.9174542" lon="75.8076330">
        <time>2018-10-10T19:57:13Z</time>
      </trkpt>
      <trkpt lat="26.9174542" lon="75.8076330">
        <time>2018-10-10T19:57:23Z</time>
      </trkpt>
      <trkpt lat="26.9174542" lon="75.8076330">
        <time>2018-10-10T19:57:33Z</time>
      </trkpt>
      <trkpt lat="26.9174542" lon="75.8076330">
        <time>2018-10-10T19:57:44Z</time>
      </trkpt>
      <trkpt lat="26.9174542" lon="75.8076330">
        <time>2018-10-10T19:57:55Z</time>
      </trkpt>
      <trkpt lat="26.9174542" lon="75.8076330">
        <time>2018-10-10T19:58:06Z</time>
      </trkpt>
      <trkpt lat="26.9174542" lon="75.8076330">
        <time>2018-10-10T19:58:17Z</time>
      </trkpt>
      <trkpt lat="26.9174542" lon="75.8076330">
        <time>2018-10-10T19:58:28Z</time>
      </trkpt>
      <trkpt lat="26.9174542" lon="75.8076330">
        <time>2018-10-10T19:58:38Z</time>
      </trkpt>
      <trkpt lat="26.9174542" lon="75.8076330">
        <time>2018-10-10T19:58:49Z</time>
      </trkpt>
      <trkpt lat="26.9174542" lon="75.8076330">
        <time>2018-10-10T19:59:00Z</time>
      </trkpt>
      <trkpt lat="26.9174542" lon="75.8076330">
        <time>2018-10-10T19:59:11Z</time>
      </trkpt>
      <trkpt lat="26.9174542" lon="75.8076330">
        <time>2018-10-10T19:59:21Z</time>
      </trkpt>
      <trkpt lat="26.9174542" lon="75.8076330">
        <time>2018-10-10T19:59:31Z</time>
      </trkpt>
      <trkpt lat="26.9174542" lon="75.8076330">
        <time>2018-10-10T19:59:42Z</time>
      </trkpt>
      <trkpt lat="26.9174542" lon="75.8076330">
        <time>2018-10-10T19:59:53Z</time>
      </trkpt>
      <trkpt lat="26.9174542" lon="75.8076330">
        <time>2018-10-10T20:00:04Z</time>
      </trkpt>
      <trkpt lat="26.9174537" lon="75.8076324">
        <time>2018-10-10T20:00:15Z</time>
      </trkpt>
      <trkpt lat="26.9174538" lon="75.8076324">
        <time>2018-10-10T20:00:25Z</time>
      </trkpt>
      <trkpt lat="26.9174541" lon="75.8076328">
        <time>2018-10-10T20:00:36Z</time>
      </trkpt>
      <trkpt lat="26.9174541" lon="75.8076328">
        <time>2018-10-10T20:00:46Z</time>
      </trkpt>
      <trkpt lat="26.9174536" lon="75.8076330">
        <time>2018-10-10T20:00:57Z</time>
      </trkpt>
      <trkpt lat="26.9174536" lon="75.8076330">
        <time>2018-10-10T20:01:07Z</time>
      </trkpt>
      <trkpt lat="26.9174536" lon="75.8076330">
        <time>2018-10-10T20:01:18Z</time>
      </trkpt>
      <trkpt lat="26.9174536" lon="75.8076330">
        <time>2018-10-10T20:01:28Z</time>
      </trkpt>
      <trkpt lat="26.9174536" lon="75.8076330">
        <time>2018-10-10T20:01:39Z</time>
      </trkpt>
      <trkpt lat="26.9174536" lon="75.8076330">
        <time>2018-10-10T20:01:50Z</time>
      </trkpt>
      <trkpt lat="26.9174536" lon="75.8076330">
        <time>2018-10-10T20:02:01Z</time>
      </trkpt>
      <trkpt lat="26.9174536" lon="75.8076330">
        <time>2018-10-10T20:02:11Z</time>
      </trkpt>
      <trkpt lat="26.9174536" lon="75.8076330">
        <time>2018-10-10T20:02:22Z</time>
      </trkpt>
      <trkpt lat="26.9174536" lon="75.8076330">
        <time>2018-10-10T20:02:32Z</time>
      </trkpt>
      <trkpt lat="26.9174536" lon="75.8076330">
        <time>2018-10-10T20:02:43Z</time>
      </trkpt>
      <trkpt lat="26.9174536" lon="75.8076330">
        <time>2018-10-10T20:02:54Z</time>
      </trkpt>
      <trkpt lat="26.9174536" lon="75.8076330">
        <time>2018-10-10T20:03:04Z</time>
      </trkpt>
      <trkpt lat="26.9174536" lon="75.8076330">
        <time>2018-10-10T20:03:15Z</time>
      </trkpt>
      <trkpt lat="26.9174536" lon="75.8076330">
        <time>2018-10-10T20:03:25Z</time>
      </trkpt>
      <trkpt lat="26.9174536" lon="75.8076330">
        <time>2018-10-10T20:03:36Z</time>
      </trkpt>
      <trkpt lat="26.9174536" lon="75.8076330">
        <time>2018-10-10T20:03:46Z</time>
      </trkpt>
      <trkpt lat="26.9174536" lon="75.8076330">
        <time>2018-10-10T20:03:57Z</time>
      </trkpt>
      <trkpt lat="26.9174536" lon="75.8076330">
        <time>2018-10-10T20:04:07Z</time>
      </trkpt>
      <trkpt lat="26.9174536" lon="75.8076330">
        <time>2018-10-10T20:04:17Z</time>
      </trkpt>
      <trkpt lat="26.9174536" lon="75.8076330">
        <time>2018-10-10T20:04:27Z</time>
      </trkpt>
      <trkpt lat="26.9174536" lon="75.8076330">
        <time>2018-10-10T20:04:38Z</time>
      </trkpt>
      <trkpt lat="26.9174536" lon="75.8076330">
        <time>2018-10-10T20:04:49Z</time>
      </trkpt>
      <trkpt lat="26.9174536" lon="75.8076330">
        <time>2018-10-10T20:04:59Z</time>
      </trkpt>
      <trkpt lat="26.9174536" lon="75.8076330">
        <time>2018-10-10T20:05:10Z</time>
      </trkpt>
      <trkpt lat="26.9174536" lon="75.8076330">
        <time>2018-10-10T20:05:20Z</time>
      </trkpt>
      <trkpt lat="26.9174536" lon="75.8076330">
        <time>2018-10-10T20:05:30Z</time>
      </trkpt>
      <trkpt lat="26.9174536" lon="75.8076330">
        <time>2018-10-10T20:05:41Z</time>
      </trkpt>
      <trkpt lat="26.9174536" lon="75.8076330">
        <time>2018-10-10T20:05:51Z</time>
      </trkpt>
      <trkpt lat="26.9174536" lon="75.8076330">
        <time>2018-10-10T20:06:01Z</time>
      </trkpt>
      <trkpt lat="26.9174536" lon="75.8076330">
        <time>2018-10-10T20:06:11Z</time>
      </trkpt>
      <trkpt lat="26.9174536" lon="75.8076330">
        <time>2018-10-10T20:06:22Z</time>
      </trkpt>
      <trkpt lat="26.9174536" lon="75.8076330">
        <time>2018-10-10T20:06:32Z</time>
      </trkpt>
      <trkpt lat="26.9174536" lon="75.8076330">
        <time>2018-10-10T20:06:43Z</time>
      </trkpt>
      <trkpt lat="26.9174536" lon="75.8076330">
        <time>2018-10-10T20:06:53Z</time>
      </trkpt>
      <trkpt lat="26.9174536" lon="75.8076330">
        <time>2018-10-10T20:07:04Z</time>
      </trkpt>
      <trkpt lat="26.9174536" lon="75.8076330">
        <time>2018-10-10T20:07:15Z</time>
      </trkpt>
      <trkpt lat="26.9174536" lon="75.8076330">
        <time>2018-10-10T20:07:26Z</time>
      </trkpt>
      <trkpt lat="26.9174536" lon="75.8076330">
        <time>2018-10-10T20:07:37Z</time>
      </trkpt>
      <trkpt lat="26.9174536" lon="75.8076330">
        <time>2018-10-10T20:07:48Z</time>
      </trkpt>
      <trkpt lat="26.9174536" lon="75.8076330">
        <time>2018-10-10T20:07:58Z</time>
      </trkpt>
      <trkpt lat="26.9174536" lon="75.8076330">
        <time>2018-10-10T20:08:08Z</time>
      </trkpt>
      <trkpt lat="26.9174536" lon="75.8076330">
        <time>2018-10-10T20:08:19Z</time>
      </trkpt>
      <trkpt lat="26.9174536" lon="75.8076330">
        <time>2018-10-10T20:08:29Z</time>
      </trkpt>
      <trkpt lat="26.9174536" lon="75.8076330">
        <time>2018-10-10T20:08:40Z</time>
      </trkpt>
      <trkpt lat="26.9174536" lon="75.8076330">
        <time>2018-10-10T20:08:51Z</time>
      </trkpt>
      <trkpt lat="26.9174536" lon="75.8076330">
        <time>2018-10-10T20:09:01Z</time>
      </trkpt>
      <trkpt lat="26.9174536" lon="75.8076330">
        <time>2018-10-10T20:09:11Z</time>
      </trkpt>
      <trkpt lat="26.9174536" lon="75.8076330">
        <time>2018-10-10T20:09:22Z</time>
      </trkpt>
      <trkpt lat="26.9174536" lon="75.8076330">
        <time>2018-10-10T20:09:33Z</time>
      </trkpt>
      <trkpt lat="26.9174536" lon="75.8076330">
        <time>2018-10-10T20:09:43Z</time>
      </trkpt>
      <trkpt lat="26.9174536" lon="75.8076330">
        <time>2018-10-10T20:09:54Z</time>
      </trkpt>
      <trkpt lat="26.9174536" lon="75.8076330">
        <time>2018-10-10T20:10:05Z</time>
      </trkpt>
      <trkpt lat="26.9174536" lon="75.8076330">
        <time>2018-10-10T20:10:15Z</time>
      </trkpt>
      <trkpt lat="26.9174536" lon="75.8076330">
        <time>2018-10-10T20:10:26Z</time>
      </trkpt>
      <trkpt lat="26.9174536" lon="75.8076330">
        <time>2018-10-10T20:10:37Z</time>
      </trkpt>
      <trkpt lat="26.9174536" lon="75.8076330">
        <time>2018-10-10T20:10:47Z</time>
      </trkpt>
      <trkpt lat="26.9174536" lon="75.8076330">
        <time>2018-10-10T20:10:57Z</time>
      </trkpt>
      <trkpt lat="26.9174536" lon="75.8076330">
        <time>2018-10-10T20:11:08Z</time>
      </trkpt>
      <trkpt lat="26.9174536" lon="75.8076330">
        <time>2018-10-10T20:11:19Z</time>
      </trkpt>
      <trkpt lat="26.9174536" lon="75.8076330">
        <time>2018-10-10T20:11:30Z</time>
      </trkpt>
      <trkpt lat="26.9174536" lon="75.8076330">
        <time>2018-10-10T20:11:40Z</time>
      </trkpt>
      <trkpt lat="26.9174536" lon="75.8076330">
        <time>2018-10-10T20:11:50Z</time>
      </trkpt>
      <trkpt lat="26.9174536" lon="75.8076330">
        <time>2018-10-10T20:12:00Z</time>
      </trkpt>
      <trkpt lat="26.9174536" lon="75.8076330">
        <time>2018-10-10T20:12:10Z</time>
      </trkpt>
      <trkpt lat="26.9174536" lon="75.8076330">
        <time>2018-10-10T20:12:20Z</time>
      </trkpt>
      <trkpt lat="26.9174536" lon="75.8076330">
        <time>2018-10-10T20:12:31Z</time>
      </trkpt>
      <trkpt lat="26.9174536" lon="75.8076330">
        <time>2018-10-10T20:12:41Z</time>
      </trkpt>
      <trkpt lat="26.9174536" lon="75.8076330">
        <time>2018-10-10T20:12:51Z</time>
      </trkpt>
      <trkpt lat="26.9174536" lon="75.8076330">
        <time>2018-10-10T20:13:02Z</time>
      </trkpt>
      <trkpt lat="26.9174536" lon="75.8076330">
        <time>2018-10-10T20:13:13Z</time>
      </trkpt>
      <trkpt lat="26.9174501" lon="75.8076279">
        <time>2018-10-10T20:13:23Z</time>
      </trkpt>
      <trkpt lat="26.9174501" lon="75.8076279">
        <time>2018-10-10T20:13:33Z</time>
      </trkpt>
      <trkpt lat="26.9174501" lon="75.8076279">
        <time>2018-10-10T20:13:44Z</time>
      </trkpt>
      <trkpt lat="26.9174501" lon="75.8076279">
        <time>2018-10-10T20:13:55Z</time>
      </trkpt>
      <trkpt lat="26.9174501" lon="75.8076279">
        <time>2018-10-10T20:14:06Z</time>
      </trkpt>
      <trkpt lat="26.9174501" lon="75.8076279">
        <time>2018-10-10T20:14:17Z</time>
      </trkpt>
      <trkpt lat="26.9174501" lon="75.8076279">
        <time>2018-10-10T20:14:27Z</time>
      </trkpt>
      <trkpt lat="26.9174501" lon="75.8076279">
        <time>2018-10-10T20:14:38Z</time>
      </trkpt>
      <trkpt lat="26.9174501" lon="75.8076279">
        <time>2018-10-10T20:14:48Z</time>
      </trkpt>
      <trkpt lat="26.9174501" lon="75.8076279">
        <time>2018-10-10T20:14:59Z</time>
      </trkpt>
      <trkpt lat="26.9174501" lon="75.8076279">
        <time>2018-10-10T20:15:09Z</time>
      </trkpt>
      <trkpt lat="26.9174501" lon="75.8076279">
        <time>2018-10-10T20:15:19Z</time>
      </trkpt>
      <trkpt lat="26.9174501" lon="75.8076279">
        <time>2018-10-10T20:15:30Z</time>
      </trkpt>
      <trkpt lat="26.9174501" lon="75.8076279">
        <time>2018-10-10T20:15:40Z</time>
      </trkpt>
      <trkpt lat="26.9174501" lon="75.8076279">
        <time>2018-10-10T20:15:51Z</time>
      </trkpt>
      <trkpt lat="26.9174501" lon="75.8076279">
        <time>2018-10-10T20:16:02Z</time>
      </trkpt>
      <trkpt lat="26.9174501" lon="75.8076279">
        <time>2018-10-10T20:16:12Z</time>
      </trkpt>
      <trkpt lat="26.9174501" lon="75.8076279">
        <time>2018-10-10T20:16:23Z</time>
      </trkpt>
      <trkpt lat="26.9174501" lon="75.8076279">
        <time>2018-10-10T20:16:33Z</time>
      </trkpt>
      <trkpt lat="26.9174501" lon="75.8076279">
        <time>2018-10-10T20:16:43Z</time>
      </trkpt>
      <trkpt lat="26.9174501" lon="75.8076279">
        <time>2018-10-10T20:16:54Z</time>
      </trkpt>
      <trkpt lat="26.9174501" lon="75.8076279">
        <time>2018-10-10T20:17:05Z</time>
      </trkpt>
      <trkpt lat="26.9174501" lon="75.8076279">
        <time>2018-10-10T20:17:15Z</time>
      </trkpt>
      <trkpt lat="26.9174501" lon="75.8076279">
        <time>2018-10-10T20:17:26Z</time>
      </trkpt>
      <trkpt lat="26.9174501" lon="75.8076279">
        <time>2018-10-10T20:17:36Z</time>
      </trkpt>
      <trkpt lat="26.9174501" lon="75.8076279">
        <time>2018-10-10T20:17:47Z</time>
      </trkpt>
      <trkpt lat="26.9174501" lon="75.8076279">
        <time>2018-10-10T20:17:58Z</time>
      </trkpt>
      <trkpt lat="26.9174501" lon="75.8076279">
        <time>2018-10-10T20:18:08Z</time>
      </trkpt>
      <trkpt lat="26.9174501" lon="75.8076279">
        <time>2018-10-10T20:18:19Z</time>
      </trkpt>
      <trkpt lat="26.9174501" lon="75.8076279">
        <time>2018-10-10T20:18:30Z</time>
      </trkpt>
      <trkpt lat="26.9174501" lon="75.8076279">
        <time>2018-10-10T20:18:40Z</time>
      </trkpt>
      <trkpt lat="26.9174501" lon="75.8076279">
        <time>2018-10-10T20:18:51Z</time>
      </trkpt>
      <trkpt lat="26.9174501" lon="75.8076279">
        <time>2018-10-10T20:19:01Z</time>
      </trkpt>
      <trkpt lat="26.9174501" lon="75.8076279">
        <time>2018-10-10T20:19:12Z</time>
      </trkpt>
      <trkpt lat="26.9174501" lon="75.8076279">
        <time>2018-10-10T20:19:23Z</time>
      </trkpt>
      <trkpt lat="26.9174501" lon="75.8076279">
        <time>2018-10-10T20:19:34Z</time>
      </trkpt>
      <trkpt lat="26.9174501" lon="75.8076279">
        <time>2018-10-10T20:19:44Z</time>
      </trkpt>
      <trkpt lat="26.9174501" lon="75.8076279">
        <time>2018-10-10T20:19:55Z</time>
      </trkpt>
      <trkpt lat="26.9174501" lon="75.8076279">
        <time>2018-10-10T20:20:05Z</time>
      </trkpt>
      <trkpt lat="26.9174501" lon="75.8076279">
        <time>2018-10-10T20:20:16Z</time>
      </trkpt>
      <trkpt lat="26.9174501" lon="75.8076279">
        <time>2018-10-10T20:20:27Z</time>
      </trkpt>
      <trkpt lat="26.9174501" lon="75.8076279">
        <time>2018-10-10T20:20:37Z</time>
      </trkpt>
      <trkpt lat="26.9174501" lon="75.8076279">
        <time>2018-10-10T20:20:48Z</time>
      </trkpt>
      <trkpt lat="26.9174501" lon="75.8076279">
        <time>2018-10-10T20:20:58Z</time>
      </trkpt>
      <trkpt lat="26.9174501" lon="75.8076279">
        <time>2018-10-10T20:21:08Z</time>
      </trkpt>
      <trkpt lat="26.9174501" lon="75.8076279">
        <time>2018-10-10T20:21:19Z</time>
      </trkpt>
      <trkpt lat="26.9174501" lon="75.8076279">
        <time>2018-10-10T20:21:29Z</time>
      </trkpt>
      <trkpt lat="26.9174501" lon="75.8076279">
        <time>2018-10-10T20:21:39Z</time>
      </trkpt>
      <trkpt lat="26.9174501" lon="75.8076279">
        <time>2018-10-10T20:21:50Z</time>
      </trkpt>
      <trkpt lat="26.9174501" lon="75.8076279">
        <time>2018-10-10T20:22:00Z</time>
      </trkpt>
      <trkpt lat="26.9174501" lon="75.8076279">
        <time>2018-10-10T20:22:10Z</time>
      </trkpt>
      <trkpt lat="26.9174501" lon="75.8076279">
        <time>2018-10-10T20:22:20Z</time>
      </trkpt>
      <trkpt lat="26.9174501" lon="75.8076279">
        <time>2018-10-10T20:22:30Z</time>
      </trkpt>
      <trkpt lat="26.9174501" lon="75.8076279">
        <time>2018-10-10T20:22:40Z</time>
      </trkpt>
      <trkpt lat="26.9174501" lon="75.8076279">
        <time>2018-10-10T20:22:50Z</time>
      </trkpt>
      <trkpt lat="26.9174501" lon="75.8076279">
        <time>2018-10-10T20:23:01Z</time>
      </trkpt>
      <trkpt lat="26.9174501" lon="75.8076279">
        <time>2018-10-10T20:23:11Z</time>
      </trkpt>
      <trkpt lat="26.9174501" lon="75.8076279">
        <time>2018-10-10T20:23:22Z</time>
      </trkpt>
      <trkpt lat="26.9174501" lon="75.8076279">
        <time>2018-10-10T20:23:33Z</time>
      </trkpt>
      <trkpt lat="26.9174501" lon="75.8076279">
        <time>2018-10-10T20:23:43Z</time>
      </trkpt>
      <trkpt lat="26.9174501" lon="75.8076279">
        <time>2018-10-10T20:23:54Z</time>
      </trkpt>
      <trkpt lat="26.9174501" lon="75.8076279">
        <time>2018-10-10T20:24:04Z</time>
      </trkpt>
      <trkpt lat="26.9174501" lon="75.8076279">
        <time>2018-10-10T20:24:15Z</time>
      </trkpt>
      <trkpt lat="26.9174501" lon="75.8076279">
        <time>2018-10-10T20:24:26Z</time>
      </trkpt>
      <trkpt lat="26.9174501" lon="75.8076279">
        <time>2018-10-10T20:24:37Z</time>
      </trkpt>
      <trkpt lat="26.9174501" lon="75.8076279">
        <time>2018-10-10T20:24:47Z</time>
      </trkpt>
      <trkpt lat="26.9174501" lon="75.8076279">
        <time>2018-10-10T20:24:57Z</time>
      </trkpt>
      <trkpt lat="26.9174501" lon="75.8076279">
        <time>2018-10-10T20:25:08Z</time>
      </trkpt>
      <trkpt lat="26.9174507" lon="75.8076270">
        <time>2018-10-10T20:25:18Z</time>
      </trkpt>
      <trkpt lat="26.9174507" lon="75.8076270">
        <time>2018-10-10T20:25:29Z</time>
      </trkpt>
      <trkpt lat="26.9174507" lon="75.8076270">
        <time>2018-10-10T20:25:39Z</time>
      </trkpt>
      <trkpt lat="26.9174507" lon="75.8076270">
        <time>2018-10-10T20:25:50Z</time>
      </trkpt>
      <trkpt lat="26.9174507" lon="75.8076270">
        <time>2018-10-10T20:26:00Z</time>
      </trkpt>
      <trkpt lat="26.9174507" lon="75.8076270">
        <time>2018-10-10T20:26:11Z</time>
      </trkpt>
      <trkpt lat="26.9174507" lon="75.8076270">
        <time>2018-10-10T20:26:21Z</time>
      </trkpt>
      <trkpt lat="26.9174507" lon="75.8076270">
        <time>2018-10-10T20:26:31Z</time>
      </trkpt>
      <trkpt lat="26.9174507" lon="75.8076270">
        <time>2018-10-10T20:26:42Z</time>
      </trkpt>
      <trkpt lat="26.9174507" lon="75.8076270">
        <time>2018-10-10T20:26:53Z</time>
      </trkpt>
      <trkpt lat="26.9174507" lon="75.8076270">
        <time>2018-10-10T20:27:03Z</time>
      </trkpt>
      <trkpt lat="26.9174507" lon="75.8076270">
        <time>2018-10-10T20:27:13Z</time>
      </trkpt>
      <trkpt lat="26.9174507" lon="75.8076270">
        <time>2018-10-10T20:27:24Z</time>
      </trkpt>
      <trkpt lat="26.9174507" lon="75.8076270">
        <time>2018-10-10T20:27:35Z</time>
      </trkpt>
      <trkpt lat="26.9174507" lon="75.8076270">
        <time>2018-10-10T20:27:46Z</time>
      </trkpt>
      <trkpt lat="26.9174507" lon="75.8076270">
        <time>2018-10-10T20:27:57Z</time>
      </trkpt>
      <trkpt lat="26.9174507" lon="75.8076270">
        <time>2018-10-10T20:28:07Z</time>
      </trkpt>
      <trkpt lat="26.9174507" lon="75.8076270">
        <time>2018-10-10T20:28:18Z</time>
      </trkpt>
      <trkpt lat="26.9174507" lon="75.8076270">
        <time>2018-10-10T20:28:29Z</time>
      </trkpt>
      <trkpt lat="26.9174507" lon="75.8076270">
        <time>2018-10-10T20:28:40Z</time>
      </trkpt>
      <trkpt lat="26.9174507" lon="75.8076270">
        <time>2018-10-10T20:28:50Z</time>
      </trkpt>
      <trkpt lat="26.9174507" lon="75.8076270">
        <time>2018-10-10T20:29:00Z</time>
      </trkpt>
      <trkpt lat="26.9174507" lon="75.8076270">
        <time>2018-10-10T20:29:11Z</time>
      </trkpt>
      <trkpt lat="26.9174507" lon="75.8076270">
        <time>2018-10-10T20:29:22Z</time>
      </trkpt>
      <trkpt lat="26.9174507" lon="75.8076270">
        <time>2018-10-10T20:29:33Z</time>
      </trkpt>
      <trkpt lat="26.9174507" lon="75.8076270">
        <time>2018-10-10T20:29:43Z</time>
      </trkpt>
      <trkpt lat="26.9174507" lon="75.8076270">
        <time>2018-10-10T20:29:54Z</time>
      </trkpt>
      <trkpt lat="26.9174507" lon="75.8076270">
        <time>2018-10-10T20:30:05Z</time>
      </trkpt>
      <trkpt lat="26.9174507" lon="75.8076270">
        <time>2018-10-10T20:30:15Z</time>
      </trkpt>
      <trkpt lat="26.9174507" lon="75.8076270">
        <time>2018-10-10T20:30:26Z</time>
      </trkpt>
      <trkpt lat="26.9174507" lon="75.8076270">
        <time>2018-10-10T20:30:36Z</time>
      </trkpt>
      <trkpt lat="26.9174507" lon="75.8076270">
        <time>2018-10-10T20:30:46Z</time>
      </trkpt>
      <trkpt lat="26.9174507" lon="75.8076270">
        <time>2018-10-10T20:30:56Z</time>
      </trkpt>
      <trkpt lat="26.9174507" lon="75.8076270">
        <time>2018-10-10T20:31:07Z</time>
      </trkpt>
      <trkpt lat="26.9174507" lon="75.8076270">
        <time>2018-10-10T20:31:18Z</time>
      </trkpt>
      <trkpt lat="26.9174507" lon="75.8076270">
        <time>2018-10-10T20:31:29Z</time>
      </trkpt>
      <trkpt lat="26.9174507" lon="75.8076270">
        <time>2018-10-10T20:31:40Z</time>
      </trkpt>
      <trkpt lat="26.9174507" lon="75.8076270">
        <time>2018-10-10T20:31:50Z</time>
      </trkpt>
      <trkpt lat="26.9174507" lon="75.8076270">
        <time>2018-10-10T20:32:01Z</time>
      </trkpt>
      <trkpt lat="26.9174507" lon="75.8076270">
        <time>2018-10-10T20:32:12Z</time>
      </trkpt>
      <trkpt lat="26.9174507" lon="75.8076270">
        <time>2018-10-10T20:32:22Z</time>
      </trkpt>
      <trkpt lat="26.9174507" lon="75.8076270">
        <time>2018-10-10T20:32:32Z</time>
      </trkpt>
      <trkpt lat="26.9174507" lon="75.8076270">
        <time>2018-10-10T20:32:43Z</time>
      </trkpt>
      <trkpt lat="26.9174507" lon="75.8076270">
        <time>2018-10-10T20:32:53Z</time>
      </trkpt>
      <trkpt lat="26.9174507" lon="75.8076270">
        <time>2018-10-10T20:33:04Z</time>
      </trkpt>
      <trkpt lat="26.9174507" lon="75.8076270">
        <time>2018-10-10T20:33:14Z</time>
      </trkpt>
      <trkpt lat="26.9174507" lon="75.8076270">
        <time>2018-10-10T20:33:24Z</time>
      </trkpt>
      <trkpt lat="26.9174507" lon="75.8076270">
        <time>2018-10-10T20:33:35Z</time>
      </trkpt>
      <trkpt lat="26.9174507" lon="75.8076270">
        <time>2018-10-10T20:33:45Z</time>
      </trkpt>
      <trkpt lat="26.9174507" lon="75.8076270">
        <time>2018-10-10T20:33:56Z</time>
      </trkpt>
      <trkpt lat="26.9174507" lon="75.8076270">
        <time>2018-10-10T20:34:06Z</time>
      </trkpt>
      <trkpt lat="26.9174507" lon="75.8076270">
        <time>2018-10-10T20:34:17Z</time>
      </trkpt>
      <trkpt lat="26.9174507" lon="75.8076270">
        <time>2018-10-10T20:34:28Z</time>
      </trkpt>
      <trkpt lat="26.9174507" lon="75.8076270">
        <time>2018-10-10T20:34:38Z</time>
      </trkpt>
      <trkpt lat="26.9174507" lon="75.8076270">
        <time>2018-10-10T20:34:48Z</time>
      </trkpt>
      <trkpt lat="26.9174507" lon="75.8076270">
        <time>2018-10-10T20:34:58Z</time>
      </trkpt>
      <trkpt lat="26.9174507" lon="75.8076270">
        <time>2018-10-10T20:35:09Z</time>
      </trkpt>
      <trkpt lat="26.9174507" lon="75.8076270">
        <time>2018-10-10T20:35:20Z</time>
      </trkpt>
      <trkpt lat="26.9174507" lon="75.8076270">
        <time>2018-10-10T20:35:30Z</time>
      </trkpt>
      <trkpt lat="26.9174507" lon="75.8076270">
        <time>2018-10-10T20:35:41Z</time>
      </trkpt>
      <trkpt lat="26.9174507" lon="75.8076270">
        <time>2018-10-10T20:35:51Z</time>
      </trkpt>
      <trkpt lat="26.9174507" lon="75.8076270">
        <time>2018-10-10T20:36:01Z</time>
      </trkpt>
      <trkpt lat="26.9174507" lon="75.8076270">
        <time>2018-10-10T20:36:12Z</time>
      </trkpt>
      <trkpt lat="26.9174507" lon="75.8076270">
        <time>2018-10-10T20:36:23Z</time>
      </trkpt>
      <trkpt lat="26.9174507" lon="75.8076270">
        <time>2018-10-10T20:36:34Z</time>
      </trkpt>
      <trkpt lat="26.9174507" lon="75.8076270">
        <time>2018-10-10T20:36:44Z</time>
      </trkpt>
      <trkpt lat="26.9174507" lon="75.8076270">
        <time>2018-10-10T20:36:55Z</time>
      </trkpt>
      <trkpt lat="26.9174507" lon="75.8076270">
        <time>2018-10-10T20:37:05Z</time>
      </trkpt>
      <trkpt lat="26.9174507" lon="75.8076270">
        <time>2018-10-10T20:37:15Z</time>
      </trkpt>
      <trkpt lat="26.9174507" lon="75.8076270">
        <time>2018-10-10T20:37:26Z</time>
      </trkpt>
      <trkpt lat="26.9174507" lon="75.8076270">
        <time>2018-10-10T20:37:37Z</time>
      </trkpt>
      <trkpt lat="26.9174507" lon="75.8076270">
        <time>2018-10-10T20:37:47Z</time>
      </trkpt>
      <trkpt lat="26.9174507" lon="75.8076270">
        <time>2018-10-10T20:37:58Z</time>
      </trkpt>
      <trkpt lat="26.9174507" lon="75.8076270">
        <time>2018-10-10T20:38:09Z</time>
      </trkpt>
      <trkpt lat="26.9174507" lon="75.8076270">
        <time>2018-10-10T20:38:19Z</time>
      </trkpt>
      <trkpt lat="26.9174507" lon="75.8076270">
        <time>2018-10-10T20:38:29Z</time>
      </trkpt>
      <trkpt lat="26.9174507" lon="75.8076270">
        <time>2018-10-10T20:38:39Z</time>
      </trkpt>
      <trkpt lat="26.9174507" lon="75.8076270">
        <time>2018-10-10T20:38:50Z</time>
      </trkpt>
      <trkpt lat="26.9174507" lon="75.8076270">
        <time>2018-10-10T20:39:01Z</time>
      </trkpt>
      <trkpt lat="26.9174507" lon="75.8076270">
        <time>2018-10-10T20:39:11Z</time>
      </trkpt>
      <trkpt lat="26.9174507" lon="75.8076270">
        <time>2018-10-10T20:39:22Z</time>
      </trkpt>
      <trkpt lat="26.9174507" lon="75.8076270">
        <time>2018-10-10T20:39:32Z</time>
      </trkpt>
      <trkpt lat="26.9174507" lon="75.8076270">
        <time>2018-10-10T20:39:43Z</time>
      </trkpt>
      <trkpt lat="26.9174507" lon="75.8076270">
        <time>2018-10-10T20:39:53Z</time>
      </trkpt>
      <trkpt lat="26.9174507" lon="75.8076270">
        <time>2018-10-10T20:40:03Z</time>
      </trkpt>
      <trkpt lat="26.9174507" lon="75.8076270">
        <time>2018-10-10T20:40:14Z</time>
      </trkpt>
      <trkpt lat="26.9174507" lon="75.8076270">
        <time>2018-10-10T20:40:24Z</time>
      </trkpt>
      <trkpt lat="26.9174507" lon="75.8076270">
        <time>2018-10-10T20:40:35Z</time>
      </trkpt>
      <trkpt lat="26.9174507" lon="75.8076270">
        <time>2018-10-10T20:40:45Z</time>
      </trkpt>
      <trkpt lat="26.9174507" lon="75.8076270">
        <time>2018-10-10T20:40:56Z</time>
      </trkpt>
      <trkpt lat="26.9174507" lon="75.8076270">
        <time>2018-10-10T20:41:06Z</time>
      </trkpt>
      <trkpt lat="26.9174507" lon="75.8076270">
        <time>2018-10-10T20:41:17Z</time>
      </trkpt>
      <trkpt lat="26.9174507" lon="75.8076270">
        <time>2018-10-10T20:41:27Z</time>
      </trkpt>
      <trkpt lat="26.9174507" lon="75.8076270">
        <time>2018-10-10T20:41:37Z</time>
      </trkpt>
      <trkpt lat="26.9174507" lon="75.8076270">
        <time>2018-10-10T20:41:47Z</time>
      </trkpt>
      <trkpt lat="26.9174507" lon="75.8076270">
        <time>2018-10-10T20:41:57Z</time>
      </trkpt>
      <trkpt lat="26.9174507" lon="75.8076270">
        <time>2018-10-10T20:42:08Z</time>
      </trkpt>
      <trkpt lat="26.9174507" lon="75.8076270">
        <time>2018-10-10T20:42:18Z</time>
      </trkpt>
      <trkpt lat="26.9174507" lon="75.8076270">
        <time>2018-10-10T20:42:28Z</time>
      </trkpt>
      <trkpt lat="26.9174507" lon="75.8076270">
        <time>2018-10-10T20:42:39Z</time>
      </trkpt>
      <trkpt lat="26.9174507" lon="75.8076270">
        <time>2018-10-10T20:42:50Z</time>
      </trkpt>
      <trkpt lat="26.9174507" lon="75.8076270">
        <time>2018-10-10T20:43:00Z</time>
      </trkpt>
      <trkpt lat="26.9174507" lon="75.8076270">
        <time>2018-10-10T20:43:11Z</time>
      </trkpt>
      <trkpt lat="26.9174507" lon="75.8076270">
        <time>2018-10-10T20:43:21Z</time>
      </trkpt>
      <trkpt lat="26.9174507" lon="75.8076270">
        <time>2018-10-10T20:43:32Z</time>
      </trkpt>
      <trkpt lat="26.9174507" lon="75.8076270">
        <time>2018-10-10T20:43:42Z</time>
      </trkpt>
      <trkpt lat="26.9174507" lon="75.8076270">
        <time>2018-10-10T20:43:52Z</time>
      </trkpt>
      <trkpt lat="26.9174509" lon="75.8076254">
        <time>2018-10-10T20:44:02Z</time>
      </trkpt>
      <trkpt lat="26.9174509" lon="75.8076253">
        <time>2018-10-10T20:44:13Z</time>
      </trkpt>
      <trkpt lat="26.9174509" lon="75.8076253">
        <time>2018-10-10T20:44:23Z</time>
      </trkpt>
      <trkpt lat="26.9174509" lon="75.8076253">
        <time>2018-10-10T20:44:34Z</time>
      </trkpt>
      <trkpt lat="26.9174509" lon="75.8076253">
        <time>2018-10-10T20:44:44Z</time>
      </trkpt>
      <trkpt lat="26.9174509" lon="75.8076253">
        <time>2018-10-10T20:44:55Z</time>
      </trkpt>
      <trkpt lat="26.9174509" lon="75.8076253">
        <time>2018-10-10T20:45:06Z</time>
      </trkpt>
      <trkpt lat="26.9174509" lon="75.8076253">
        <time>2018-10-10T20:45:16Z</time>
      </trkpt>
      <trkpt lat="26.9174509" lon="75.8076253">
        <time>2018-10-10T20:45:27Z</time>
      </trkpt>
      <trkpt lat="26.9174509" lon="75.8076253">
        <time>2018-10-10T20:45:38Z</time>
      </trkpt>
      <trkpt lat="26.9174509" lon="75.8076253">
        <time>2018-10-10T20:45:49Z</time>
      </trkpt>
      <trkpt lat="26.9174509" lon="75.8076253">
        <time>2018-10-10T20:45:59Z</time>
      </trkpt>
      <trkpt lat="26.9174509" lon="75.8076253">
        <time>2018-10-10T20:46:09Z</time>
      </trkpt>
      <trkpt lat="26.9174509" lon="75.8076253">
        <time>2018-10-10T20:46:19Z</time>
      </trkpt>
      <trkpt lat="26.9174509" lon="75.8076253">
        <time>2018-10-10T20:46:29Z</time>
      </trkpt>
      <trkpt lat="26.9174509" lon="75.8076253">
        <time>2018-10-10T20:46:39Z</time>
      </trkpt>
      <trkpt lat="26.9174509" lon="75.8076253">
        <time>2018-10-10T20:46:49Z</time>
      </trkpt>
      <trkpt lat="26.9174509" lon="75.8076253">
        <time>2018-10-10T20:46:59Z</time>
      </trkpt>
      <trkpt lat="26.9174509" lon="75.8076253">
        <time>2018-10-10T20:47:10Z</time>
      </trkpt>
      <trkpt lat="26.9174509" lon="75.8076253">
        <time>2018-10-10T20:47:20Z</time>
      </trkpt>
      <trkpt lat="26.9174509" lon="75.8076253">
        <time>2018-10-10T20:47:30Z</time>
      </trkpt>
      <trkpt lat="26.9174509" lon="75.8076253">
        <time>2018-10-10T20:47:40Z</time>
      </trkpt>
      <trkpt lat="26.9174509" lon="75.8076253">
        <time>2018-10-10T20:47:50Z</time>
      </trkpt>
      <trkpt lat="26.9174509" lon="75.8076253">
        <time>2018-10-10T20:48:01Z</time>
      </trkpt>
      <trkpt lat="26.9174509" lon="75.8076253">
        <time>2018-10-10T20:48:12Z</time>
      </trkpt>
      <trkpt lat="26.9174509" lon="75.8076253">
        <time>2018-10-10T20:48:22Z</time>
      </trkpt>
      <trkpt lat="26.9174509" lon="75.8076253">
        <time>2018-10-10T20:48:33Z</time>
      </trkpt>
      <trkpt lat="26.9174509" lon="75.8076253">
        <time>2018-10-10T20:48:43Z</time>
      </trkpt>
      <trkpt lat="26.9174509" lon="75.8076253">
        <time>2018-10-10T20:48:53Z</time>
      </trkpt>
      <trkpt lat="26.9174509" lon="75.8076253">
        <time>2018-10-10T20:49:04Z</time>
      </trkpt>
      <trkpt lat="26.9174509" lon="75.8076253">
        <time>2018-10-10T20:49:15Z</time>
      </trkpt>
      <trkpt lat="26.9174509" lon="75.8076253">
        <time>2018-10-10T20:49:25Z</time>
      </trkpt>
      <trkpt lat="26.9174509" lon="75.8076253">
        <time>2018-10-10T20:49:36Z</time>
      </trkpt>
      <trkpt lat="26.9174509" lon="75.8076253">
        <time>2018-10-10T20:49:46Z</time>
      </trkpt>
      <trkpt lat="26.9174509" lon="75.8076253">
        <time>2018-10-10T20:49:57Z</time>
      </trkpt>
      <trkpt lat="26.9174509" lon="75.8076253">
        <time>2018-10-10T20:50:07Z</time>
      </trkpt>
      <trkpt lat="26.9174509" lon="75.8076253">
        <time>2018-10-10T20:50:17Z</time>
      </trkpt>
      <trkpt lat="26.9174509" lon="75.8076253">
        <time>2018-10-10T20:50:29Z</time>
      </trkpt>
      <trkpt lat="26.9174509" lon="75.8076253">
        <time>2018-10-10T20:50:39Z</time>
      </trkpt>
      <trkpt lat="26.9174509" lon="75.8076253">
        <time>2018-10-10T20:50:49Z</time>
      </trkpt>
      <trkpt lat="26.9174509" lon="75.8076253">
        <time>2018-10-10T20:51:00Z</time>
      </trkpt>
      <trkpt lat="26.9174509" lon="75.8076253">
        <time>2018-10-10T20:51:10Z</time>
      </trkpt>
      <trkpt lat="26.9174509" lon="75.8076253">
        <time>2018-10-10T20:51:20Z</time>
      </trkpt>
      <trkpt lat="26.9174509" lon="75.8076253">
        <time>2018-10-10T20:51:31Z</time>
      </trkpt>
      <trkpt lat="26.9174509" lon="75.8076253">
        <time>2018-10-10T20:51:41Z</time>
      </trkpt>
      <trkpt lat="26.9174509" lon="75.8076253">
        <time>2018-10-10T20:51:51Z</time>
      </trkpt>
      <trkpt lat="26.9174509" lon="75.8076253">
        <time>2018-10-10T20:52:02Z</time>
      </trkpt>
      <trkpt lat="26.9174509" lon="75.8076253">
        <time>2018-10-10T20:52:12Z</time>
      </trkpt>
      <trkpt lat="26.9174509" lon="75.8076253">
        <time>2018-10-10T20:52:23Z</time>
      </trkpt>
      <trkpt lat="26.9174509" lon="75.8076253">
        <time>2018-10-10T20:52:33Z</time>
      </trkpt>
      <trkpt lat="26.9174509" lon="75.8076253">
        <time>2018-10-10T20:52:43Z</time>
      </trkpt>
      <trkpt lat="26.9174509" lon="75.8076253">
        <time>2018-10-10T20:52:54Z</time>
      </trkpt>
      <trkpt lat="26.9174509" lon="75.8076253">
        <time>2018-10-10T20:53:05Z</time>
      </trkpt>
      <trkpt lat="26.9174509" lon="75.8076253">
        <time>2018-10-10T20:53:15Z</time>
      </trkpt>
      <trkpt lat="26.9174509" lon="75.8076253">
        <time>2018-10-10T20:53:26Z</time>
      </trkpt>
      <trkpt lat="26.9174509" lon="75.8076253">
        <time>2018-10-10T20:53:37Z</time>
      </trkpt>
      <trkpt lat="26.9174509" lon="75.8076253">
        <time>2018-10-10T20:53:48Z</time>
      </trkpt>
      <trkpt lat="26.9174509" lon="75.8076253">
        <time>2018-10-10T20:53:58Z</time>
      </trkpt>
      <trkpt lat="26.9174509" lon="75.8076253">
        <time>2018-10-10T20:54:08Z</time>
      </trkpt>
      <trkpt lat="26.9174509" lon="75.8076253">
        <time>2018-10-10T20:54:18Z</time>
      </trkpt>
      <trkpt lat="26.9174509" lon="75.8076253">
        <time>2018-10-10T20:54:29Z</time>
      </trkpt>
      <trkpt lat="26.9174509" lon="75.8076253">
        <time>2018-10-10T20:54:40Z</time>
      </trkpt>
      <trkpt lat="26.9174509" lon="75.8076253">
        <time>2018-10-10T20:54:50Z</time>
      </trkpt>
      <trkpt lat="26.9174509" lon="75.8076253">
        <time>2018-10-10T20:55:01Z</time>
      </trkpt>
      <trkpt lat="26.9174506" lon="75.8076265">
        <time>2018-10-10T20:55:12Z</time>
      </trkpt>
      <trkpt lat="26.9174506" lon="75.8076265">
        <time>2018-10-10T20:55:22Z</time>
      </trkpt>
      <trkpt lat="26.9174506" lon="75.8076265">
        <time>2018-10-10T20:55:33Z</time>
      </trkpt>
      <trkpt lat="26.9174506" lon="75.8076265">
        <time>2018-10-10T20:55:43Z</time>
      </trkpt>
      <trkpt lat="26.9174506" lon="75.8076265">
        <time>2018-10-10T20:55:54Z</time>
      </trkpt>
      <trkpt lat="26.9174506" lon="75.8076265">
        <time>2018-10-10T20:56:04Z</time>
      </trkpt>
      <trkpt lat="26.9174506" lon="75.8076265">
        <time>2018-10-10T20:56:15Z</time>
      </trkpt>
      <trkpt lat="26.9174506" lon="75.8076265">
        <time>2018-10-10T20:56:26Z</time>
      </trkpt>
      <trkpt lat="26.9174506" lon="75.8076265">
        <time>2018-10-10T20:56:36Z</time>
      </trkpt>
      <trkpt lat="26.9174506" lon="75.8076265">
        <time>2018-10-10T20:56:47Z</time>
      </trkpt>
      <trkpt lat="26.9174506" lon="75.8076265">
        <time>2018-10-10T20:56:58Z</time>
      </trkpt>
      <trkpt lat="26.9174506" lon="75.8076265">
        <time>2018-10-10T20:57:08Z</time>
      </trkpt>
      <trkpt lat="26.9174506" lon="75.8076265">
        <time>2018-10-10T20:57:18Z</time>
      </trkpt>
      <trkpt lat="26.9174506" lon="75.8076265">
        <time>2018-10-10T20:57:28Z</time>
      </trkpt>
      <trkpt lat="26.9174509" lon="75.8076265">
        <time>2018-10-10T20:57:38Z</time>
      </trkpt>
      <trkpt lat="26.9174509" lon="75.8076265">
        <time>2018-10-10T20:57:48Z</time>
      </trkpt>
      <trkpt lat="26.9174510" lon="75.8076263">
        <time>2018-10-10T20:57:58Z</time>
      </trkpt>
      <trkpt lat="26.9174510" lon="75.8076263">
        <time>2018-10-10T20:58:09Z</time>
      </trkpt>
      <trkpt lat="26.9174510" lon="75.8076263">
        <time>2018-10-10T20:58:20Z</time>
      </trkpt>
      <trkpt lat="26.9174510" lon="75.8076263">
        <time>2018-10-10T20:58:31Z</time>
      </trkpt>
      <trkpt lat="26.9174510" lon="75.8076263">
        <time>2018-10-10T20:58:41Z</time>
      </trkpt>
      <trkpt lat="26.9174510" lon="75.8076263">
        <time>2018-10-10T20:58:51Z</time>
      </trkpt>
      <trkpt lat="26.9174510" lon="75.8076263">
        <time>2018-10-10T20:59:01Z</time>
      </trkpt>
      <trkpt lat="26.9174510" lon="75.8076263">
        <time>2018-10-10T20:59:11Z</time>
      </trkpt>
      <trkpt lat="26.9174510" lon="75.8076263">
        <time>2018-10-10T20:59:22Z</time>
      </trkpt>
      <trkpt lat="26.9174510" lon="75.8076263">
        <time>2018-10-10T20:59:33Z</time>
      </trkpt>
      <trkpt lat="26.9174510" lon="75.8076263">
        <time>2018-10-10T20:59:43Z</time>
      </trkpt>
      <trkpt lat="26.9174510" lon="75.8076263">
        <time>2018-10-10T20:59:53Z</time>
      </trkpt>
      <trkpt lat="26.9174510" lon="75.8076263">
        <time>2018-10-10T21:00:03Z</time>
      </trkpt>
      <trkpt lat="26.9174510" lon="75.8076263">
        <time>2018-10-10T21:00:13Z</time>
      </trkpt>
      <trkpt lat="26.9174510" lon="75.8076263">
        <time>2018-10-10T21:00:24Z</time>
      </trkpt>
      <trkpt lat="26.9174510" lon="75.8076263">
        <time>2018-10-10T21:00:35Z</time>
      </trkpt>
      <trkpt lat="26.9174510" lon="75.8076263">
        <time>2018-10-10T21:00:45Z</time>
      </trkpt>
      <trkpt lat="26.9174510" lon="75.8076263">
        <time>2018-10-10T21:00:56Z</time>
      </trkpt>
      <trkpt lat="26.9174510" lon="75.8076263">
        <time>2018-10-10T21:01:06Z</time>
      </trkpt>
      <trkpt lat="26.9174510" lon="75.8076263">
        <time>2018-10-10T21:01:16Z</time>
      </trkpt>
      <trkpt lat="26.9174510" lon="75.8076263">
        <time>2018-10-10T21:01:27Z</time>
      </trkpt>
      <trkpt lat="26.9174510" lon="75.8076263">
        <time>2018-10-10T21:01:38Z</time>
      </trkpt>
      <trkpt lat="26.9174510" lon="75.8076263">
        <time>2018-10-10T21:01:49Z</time>
      </trkpt>
      <trkpt lat="26.9174510" lon="75.8076263">
        <time>2018-10-10T21:01:59Z</time>
      </trkpt>
      <trkpt lat="26.9174510" lon="75.8076263">
        <time>2018-10-10T21:02:10Z</time>
      </trkpt>
      <trkpt lat="26.9174510" lon="75.8076263">
        <time>2018-10-10T21:02:20Z</time>
      </trkpt>
      <trkpt lat="26.9174510" lon="75.8076263">
        <time>2018-10-10T21:02:30Z</time>
      </trkpt>
      <trkpt lat="26.9174510" lon="75.8076263">
        <time>2018-10-10T21:02:41Z</time>
      </trkpt>
      <trkpt lat="26.9174510" lon="75.8076263">
        <time>2018-10-10T21:02:51Z</time>
      </trkpt>
      <trkpt lat="26.9174510" lon="75.8076263">
        <time>2018-10-10T21:03:01Z</time>
      </trkpt>
      <trkpt lat="26.9174510" lon="75.8076263">
        <time>2018-10-10T21:03:12Z</time>
      </trkpt>
      <trkpt lat="26.9174510" lon="75.8076263">
        <time>2018-10-10T21:03:23Z</time>
      </trkpt>
      <trkpt lat="26.9174510" lon="75.8076263">
        <time>2018-10-10T21:03:34Z</time>
      </trkpt>
      <trkpt lat="26.9174510" lon="75.8076263">
        <time>2018-10-10T21:03:44Z</time>
      </trkpt>
      <trkpt lat="26.9174510" lon="75.8076263">
        <time>2018-10-10T21:03:54Z</time>
      </trkpt>
      <trkpt lat="26.9174510" lon="75.8076263">
        <time>2018-10-10T21:04:05Z</time>
      </trkpt>
      <trkpt lat="26.9174510" lon="75.8076263">
        <time>2018-10-10T21:04:15Z</time>
      </trkpt>
      <trkpt lat="26.9174510" lon="75.8076263">
        <time>2018-10-10T21:04:26Z</time>
      </trkpt>
      <trkpt lat="26.9174510" lon="75.8076263">
        <time>2018-10-10T21:04:37Z</time>
      </trkpt>
      <trkpt lat="26.9174510" lon="75.8076263">
        <time>2018-10-10T21:04:48Z</time>
      </trkpt>
      <trkpt lat="26.9174510" lon="75.8076263">
        <time>2018-10-10T21:04:59Z</time>
      </trkpt>
      <trkpt lat="26.9174510" lon="75.8076263">
        <time>2018-10-10T21:05:10Z</time>
      </trkpt>
      <trkpt lat="26.9174510" lon="75.8076263">
        <time>2018-10-10T21:05:20Z</time>
      </trkpt>
      <trkpt lat="26.9174510" lon="75.8076263">
        <time>2018-10-10T21:05:31Z</time>
      </trkpt>
      <trkpt lat="26.9174510" lon="75.8076263">
        <time>2018-10-10T21:05:41Z</time>
      </trkpt>
      <trkpt lat="26.9174510" lon="75.8076263">
        <time>2018-10-10T21:05:52Z</time>
      </trkpt>
      <trkpt lat="26.9174510" lon="75.8076263">
        <time>2018-10-10T21:06:02Z</time>
      </trkpt>
      <trkpt lat="26.9174510" lon="75.8076263">
        <time>2018-10-10T21:06:13Z</time>
      </trkpt>
      <trkpt lat="26.9174510" lon="75.8076263">
        <time>2018-10-10T21:06:23Z</time>
      </trkpt>
      <trkpt lat="26.9174510" lon="75.8076263">
        <time>2018-10-10T21:06:34Z</time>
      </trkpt>
      <trkpt lat="26.9174510" lon="75.8076263">
        <time>2018-10-10T21:06:44Z</time>
      </trkpt>
      <trkpt lat="26.9174510" lon="75.8076263">
        <time>2018-10-10T21:06:54Z</time>
      </trkpt>
      <trkpt lat="26.9174510" lon="75.8076263">
        <time>2018-10-10T21:07:05Z</time>
      </trkpt>
      <trkpt lat="26.9174510" lon="75.8076263">
        <time>2018-10-10T21:07:15Z</time>
      </trkpt>
      <trkpt lat="26.9174510" lon="75.8076263">
        <time>2018-10-10T21:07:26Z</time>
      </trkpt>
      <trkpt lat="26.9174510" lon="75.8076263">
        <time>2018-10-10T21:07:37Z</time>
      </trkpt>
      <trkpt lat="26.9174510" lon="75.8076263">
        <time>2018-10-10T21:07:48Z</time>
      </trkpt>
      <trkpt lat="26.9174510" lon="75.8076263">
        <time>2018-10-10T21:07:58Z</time>
      </trkpt>
      <trkpt lat="26.9174510" lon="75.8076263">
        <time>2018-10-10T21:08:08Z</time>
      </trkpt>
      <trkpt lat="26.9174510" lon="75.8076263">
        <time>2018-10-10T21:08:18Z</time>
      </trkpt>
      <trkpt lat="26.9174510" lon="75.8076263">
        <time>2018-10-10T21:08:29Z</time>
      </trkpt>
      <trkpt lat="26.9174510" lon="75.8076263">
        <time>2018-10-10T21:08:39Z</time>
      </trkpt>
      <trkpt lat="26.9174510" lon="75.8076263">
        <time>2018-10-10T21:08:50Z</time>
      </trkpt>
      <trkpt lat="26.9174510" lon="75.8076263">
        <time>2018-10-10T21:09:01Z</time>
      </trkpt>
      <trkpt lat="26.9174510" lon="75.8076263">
        <time>2018-10-10T21:09:12Z</time>
      </trkpt>
      <trkpt lat="26.9174510" lon="75.8076263">
        <time>2018-10-10T21:09:23Z</time>
      </trkpt>
      <trkpt lat="26.9174510" lon="75.8076263">
        <time>2018-10-10T21:09:33Z</time>
      </trkpt>
      <trkpt lat="26.9174510" lon="75.8076263">
        <time>2018-10-10T21:09:44Z</time>
      </trkpt>
      <trkpt lat="26.9174510" lon="75.8076263">
        <time>2018-10-10T21:09:55Z</time>
      </trkpt>
      <trkpt lat="26.9174523" lon="75.8076279">
        <time>2018-10-10T21:10:06Z</time>
      </trkpt>
      <trkpt lat="26.9174540" lon="75.8076264">
        <time>2018-10-10T21:10:16Z</time>
      </trkpt>
      <trkpt lat="26.9174546" lon="75.8076264">
        <time>2018-10-10T21:10:27Z</time>
      </trkpt>
      <trkpt lat="26.9174546" lon="75.8076264">
        <time>2018-10-10T21:10:38Z</time>
      </trkpt>
      <trkpt lat="26.9174546" lon="75.8076264">
        <time>2018-10-10T21:10:49Z</time>
      </trkpt>
      <trkpt lat="26.9174547" lon="75.8076256">
        <time>2018-10-10T21:11:00Z</time>
      </trkpt>
      <trkpt lat="26.9174550" lon="75.8076249">
        <time>2018-10-10T21:11:11Z</time>
      </trkpt>
      <trkpt lat="26.9174553" lon="75.8076203">
        <time>2018-10-10T21:11:22Z</time>
      </trkpt>
      <trkpt lat="26.9174553" lon="75.8076203">
        <time>2018-10-10T21:11:32Z</time>
      </trkpt>
      <trkpt lat="26.9174553" lon="75.8076203">
        <time>2018-10-10T21:11:42Z</time>
      </trkpt>
      <trkpt lat="26.9174562" lon="75.8076183">
        <time>2018-10-10T21:11:52Z</time>
      </trkpt>
      <trkpt lat="26.9174562" lon="75.8076183">
        <time>2018-10-10T21:12:03Z</time>
      </trkpt>
      <trkpt lat="26.9174562" lon="75.8076183">
        <time>2018-10-10T21:12:13Z</time>
      </trkpt>
      <trkpt lat="26.9174562" lon="75.8076183">
        <time>2018-10-10T21:12:24Z</time>
      </trkpt>
      <trkpt lat="26.9174562" lon="75.8076183">
        <time>2018-10-10T21:12:35Z</time>
      </trkpt>
      <trkpt lat="26.9174562" lon="75.8076183">
        <time>2018-10-10T21:12:45Z</time>
      </trkpt>
      <trkpt lat="26.9174562" lon="75.8076183">
        <time>2018-10-10T21:12:55Z</time>
      </trkpt>
      <trkpt lat="26.9174562" lon="75.8076183">
        <time>2018-10-10T21:13:06Z</time>
      </trkpt>
      <trkpt lat="26.9174562" lon="75.8076183">
        <time>2018-10-10T21:13:16Z</time>
      </trkpt>
      <trkpt lat="26.9174562" lon="75.8076183">
        <time>2018-10-10T21:13:27Z</time>
      </trkpt>
      <trkpt lat="26.9174562" lon="75.8076183">
        <time>2018-10-10T21:13:37Z</time>
      </trkpt>
      <trkpt lat="26.9174572" lon="75.8076186">
        <time>2018-10-10T21:13:48Z</time>
      </trkpt>
      <trkpt lat="26.9174573" lon="75.8076186">
        <time>2018-10-10T21:13:59Z</time>
      </trkpt>
      <trkpt lat="26.9174573" lon="75.8076186">
        <time>2018-10-10T21:14:10Z</time>
      </trkpt>
      <trkpt lat="26.9174573" lon="75.8076186">
        <time>2018-10-10T21:14:21Z</time>
      </trkpt>
      <trkpt lat="26.9174573" lon="75.8076186">
        <time>2018-10-10T21:14:32Z</time>
      </trkpt>
      <trkpt lat="26.9174573" lon="75.8076186">
        <time>2018-10-10T21:14:42Z</time>
      </trkpt>
      <trkpt lat="26.9174573" lon="75.8076186">
        <time>2018-10-10T21:14:53Z</time>
      </trkpt>
      <trkpt lat="26.9174573" lon="75.8076186">
        <time>2018-10-10T21:15:04Z</time>
      </trkpt>
      <trkpt lat="26.9174573" lon="75.8076186">
        <time>2018-10-10T21:15:14Z</time>
      </trkpt>
      <trkpt lat="26.9174573" lon="75.8076186">
        <time>2018-10-10T21:15:25Z</time>
      </trkpt>
      <trkpt lat="26.9174566" lon="75.8076217">
        <time>2018-10-10T21:15:36Z</time>
      </trkpt>
      <trkpt lat="26.9174566" lon="75.8076217">
        <time>2018-10-10T21:15:46Z</time>
      </trkpt>
      <trkpt lat="26.9174566" lon="75.8076217">
        <time>2018-10-10T21:15:57Z</time>
      </trkpt>
      <trkpt lat="26.9174566" lon="75.8076217">
        <time>2018-10-10T21:16:08Z</time>
      </trkpt>
      <trkpt lat="26.9174566" lon="75.8076217">
        <time>2018-10-10T21:16:18Z</time>
      </trkpt>
      <trkpt lat="26.9174566" lon="75.8076217">
        <time>2018-10-10T21:16:29Z</time>
      </trkpt>
      <trkpt lat="26.9174566" lon="75.8076217">
        <time>2018-10-10T21:16:40Z</time>
      </trkpt>
      <trkpt lat="26.9174566" lon="75.8076217">
        <time>2018-10-10T21:16:51Z</time>
      </trkpt>
      <trkpt lat="26.9174566" lon="75.8076217">
        <time>2018-10-10T21:17:02Z</time>
      </trkpt>
      <trkpt lat="26.9174566" lon="75.8076217">
        <time>2018-10-10T21:17:12Z</time>
      </trkpt>
      <trkpt lat="26.9174566" lon="75.8076217">
        <time>2018-10-10T21:17:23Z</time>
      </trkpt>
      <trkpt lat="26.9174566" lon="75.8076217">
        <time>2018-10-10T21:17:33Z</time>
      </trkpt>
      <trkpt lat="26.9174566" lon="75.8076217">
        <time>2018-10-10T21:17:44Z</time>
      </trkpt>
      <trkpt lat="26.9174566" lon="75.8076217">
        <time>2018-10-10T21:17:55Z</time>
      </trkpt>
      <trkpt lat="26.9174566" lon="75.8076217">
        <time>2018-10-10T21:18:06Z</time>
      </trkpt>
      <trkpt lat="26.9174566" lon="75.8076217">
        <time>2018-10-10T21:18:16Z</time>
      </trkpt>
      <trkpt lat="26.9174566" lon="75.8076217">
        <time>2018-10-10T21:18:26Z</time>
      </trkpt>
      <trkpt lat="26.9174566" lon="75.8076217">
        <time>2018-10-10T21:18:36Z</time>
      </trkpt>
      <trkpt lat="26.9174566" lon="75.8076217">
        <time>2018-10-10T21:18:47Z</time>
      </trkpt>
      <trkpt lat="26.9174566" lon="75.8076217">
        <time>2018-10-10T21:18:57Z</time>
      </trkpt>
      <trkpt lat="26.9174566" lon="75.8076217">
        <time>2018-10-10T21:19:08Z</time>
      </trkpt>
      <trkpt lat="26.9174566" lon="75.8076217">
        <time>2018-10-10T21:19:18Z</time>
      </trkpt>
      <trkpt lat="26.9174566" lon="75.8076217">
        <time>2018-10-10T21:19:28Z</time>
      </trkpt>
      <trkpt lat="26.9174566" lon="75.8076217">
        <time>2018-10-10T21:19:38Z</time>
      </trkpt>
      <trkpt lat="26.9174566" lon="75.8076217">
        <time>2018-10-10T21:19:48Z</time>
      </trkpt>
      <trkpt lat="26.9174566" lon="75.8076217">
        <time>2018-10-10T21:19:59Z</time>
      </trkpt>
      <trkpt lat="26.9174566" lon="75.8076217">
        <time>2018-10-10T21:20:10Z</time>
      </trkpt>
      <trkpt lat="26.9174566" lon="75.8076217">
        <time>2018-10-10T21:20:20Z</time>
      </trkpt>
      <trkpt lat="26.9174566" lon="75.8076217">
        <time>2018-10-10T21:20:31Z</time>
      </trkpt>
      <trkpt lat="26.9174566" lon="75.8076217">
        <time>2018-10-10T21:20:41Z</time>
      </trkpt>
      <trkpt lat="26.9174566" lon="75.8076217">
        <time>2018-10-10T21:20:51Z</time>
      </trkpt>
      <trkpt lat="26.9174566" lon="75.8076217">
        <time>2018-10-10T21:21:02Z</time>
      </trkpt>
      <trkpt lat="26.9174566" lon="75.8076217">
        <time>2018-10-10T21:21:12Z</time>
      </trkpt>
      <trkpt lat="26.9174566" lon="75.8076217">
        <time>2018-10-10T21:21:23Z</time>
      </trkpt>
      <trkpt lat="26.9174566" lon="75.8076217">
        <time>2018-10-10T21:21:34Z</time>
      </trkpt>
      <trkpt lat="26.9174566" lon="75.8076217">
        <time>2018-10-10T21:21:45Z</time>
      </trkpt>
      <trkpt lat="26.9174566" lon="75.8076217">
        <time>2018-10-10T21:21:55Z</time>
      </trkpt>
      <trkpt lat="26.9174566" lon="75.8076217">
        <time>2018-10-10T21:22:06Z</time>
      </trkpt>
      <trkpt lat="26.9174566" lon="75.8076217">
        <time>2018-10-10T21:22:17Z</time>
      </trkpt>
      <trkpt lat="26.9174566" lon="75.8076217">
        <time>2018-10-10T21:22:27Z</time>
      </trkpt>
      <trkpt lat="26.9174566" lon="75.8076217">
        <time>2018-10-10T21:22:38Z</time>
      </trkpt>
      <trkpt lat="26.9174566" lon="75.8076217">
        <time>2018-10-10T21:22:49Z</time>
      </trkpt>
      <trkpt lat="26.9174566" lon="75.8076217">
        <time>2018-10-10T21:23:00Z</time>
      </trkpt>
      <trkpt lat="26.9174566" lon="75.8076217">
        <time>2018-10-10T21:23:10Z</time>
      </trkpt>
      <trkpt lat="26.9174566" lon="75.8076217">
        <time>2018-10-10T21:23:20Z</time>
      </trkpt>
      <trkpt lat="26.9174566" lon="75.8076217">
        <time>2018-10-10T21:23:31Z</time>
      </trkpt>
      <trkpt lat="26.9174566" lon="75.8076217">
        <time>2018-10-10T21:23:42Z</time>
      </trkpt>
      <trkpt lat="26.9174566" lon="75.8076217">
        <time>2018-10-10T21:23:52Z</time>
      </trkpt>
      <trkpt lat="26.9174566" lon="75.8076217">
        <time>2018-10-10T21:24:03Z</time>
      </trkpt>
      <trkpt lat="26.9174566" lon="75.8076217">
        <time>2018-10-10T21:24:13Z</time>
      </trkpt>
      <trkpt lat="26.9174566" lon="75.8076217">
        <time>2018-10-10T21:24:23Z</time>
      </trkpt>
      <trkpt lat="26.9174566" lon="75.8076217">
        <time>2018-10-10T21:24:33Z</time>
      </trkpt>
      <trkpt lat="26.9174566" lon="75.8076217">
        <time>2018-10-10T21:24:43Z</time>
      </trkpt>
      <trkpt lat="26.9174566" lon="75.8076217">
        <time>2018-10-10T21:24:53Z</time>
      </trkpt>
      <trkpt lat="26.9174566" lon="75.8076217">
        <time>2018-10-10T21:25:04Z</time>
      </trkpt>
      <trkpt lat="26.9174566" lon="75.8076217">
        <time>2018-10-10T21:25:14Z</time>
      </trkpt>
      <trkpt lat="26.9174566" lon="75.8076217">
        <time>2018-10-10T21:25:24Z</time>
      </trkpt>
      <trkpt lat="26.9174566" lon="75.8076217">
        <time>2018-10-10T21:25:35Z</time>
      </trkpt>
      <trkpt lat="26.9174566" lon="75.8076217">
        <time>2018-10-10T21:25:46Z</time>
      </trkpt>
      <trkpt lat="26.9174566" lon="75.8076217">
        <time>2018-10-10T21:25:57Z</time>
      </trkpt>
      <trkpt lat="26.9174566" lon="75.8076217">
        <time>2018-10-10T21:26:08Z</time>
      </trkpt>
      <trkpt lat="26.9174566" lon="75.8076217">
        <time>2018-10-10T21:26:19Z</time>
      </trkpt>
      <trkpt lat="26.9174566" lon="75.8076217">
        <time>2018-10-10T21:26:29Z</time>
      </trkpt>
      <trkpt lat="26.9174566" lon="75.8076217">
        <time>2018-10-10T21:26:39Z</time>
      </trkpt>
      <trkpt lat="26.9174566" lon="75.8076217">
        <time>2018-10-10T21:26:50Z</time>
      </trkpt>
      <trkpt lat="26.9174566" lon="75.8076217">
        <time>2018-10-10T21:27:00Z</time>
      </trkpt>
      <trkpt lat="26.9174566" lon="75.8076217">
        <time>2018-10-10T21:27:11Z</time>
      </trkpt>
      <trkpt lat="26.9174566" lon="75.8076217">
        <time>2018-10-10T21:27:21Z</time>
      </trkpt>
      <trkpt lat="26.9174566" lon="75.8076217">
        <time>2018-10-10T21:27:32Z</time>
      </trkpt>
      <trkpt lat="26.9174566" lon="75.8076217">
        <time>2018-10-10T21:27:43Z</time>
      </trkpt>
      <trkpt lat="26.9174566" lon="75.8076217">
        <time>2018-10-10T21:27:53Z</time>
      </trkpt>
      <trkpt lat="26.9174566" lon="75.8076217">
        <time>2018-10-10T21:28:04Z</time>
      </trkpt>
      <trkpt lat="26.9174566" lon="75.8076217">
        <time>2018-10-10T21:28:15Z</time>
      </trkpt>
      <trkpt lat="26.9174566" lon="75.8076217">
        <time>2018-10-10T21:28:26Z</time>
      </trkpt>
      <trkpt lat="26.9174566" lon="75.8076217">
        <time>2018-10-10T21:28:36Z</time>
      </trkpt>
      <trkpt lat="26.9174566" lon="75.8076217">
        <time>2018-10-10T21:28:46Z</time>
      </trkpt>
      <trkpt lat="26.9174566" lon="75.8076217">
        <time>2018-10-10T21:28:56Z</time>
      </trkpt>
      <trkpt lat="26.9174566" lon="75.8076217">
        <time>2018-10-10T21:29:07Z</time>
      </trkpt>
      <trkpt lat="26.9174566" lon="75.8076217">
        <time>2018-10-10T21:29:17Z</time>
      </trkpt>
      <trkpt lat="26.9174566" lon="75.8076217">
        <time>2018-10-10T21:29:27Z</time>
      </trkpt>
      <trkpt lat="26.9174566" lon="75.8076217">
        <time>2018-10-10T21:29:38Z</time>
      </trkpt>
      <trkpt lat="26.9174566" lon="75.8076217">
        <time>2018-10-10T21:29:48Z</time>
      </trkpt>
      <trkpt lat="26.9174566" lon="75.8076217">
        <time>2018-10-10T21:29:59Z</time>
      </trkpt>
      <trkpt lat="26.9174566" lon="75.8076217">
        <time>2018-10-10T21:30:09Z</time>
      </trkpt>
      <trkpt lat="26.9174566" lon="75.8076217">
        <time>2018-10-10T21:30:20Z</time>
      </trkpt>
      <trkpt lat="26.9174566" lon="75.8076217">
        <time>2018-10-10T21:30:31Z</time>
      </trkpt>
      <trkpt lat="26.9174566" lon="75.8076217">
        <time>2018-10-10T21:30:42Z</time>
      </trkpt>
      <trkpt lat="26.9174566" lon="75.8076217">
        <time>2018-10-10T21:30:53Z</time>
      </trkpt>
      <trkpt lat="26.9174566" lon="75.8076217">
        <time>2018-10-10T21:31:04Z</time>
      </trkpt>
      <trkpt lat="26.9174566" lon="75.8076217">
        <time>2018-10-10T21:31:14Z</time>
      </trkpt>
      <trkpt lat="26.9174566" lon="75.8076217">
        <time>2018-10-10T21:31:25Z</time>
      </trkpt>
      <trkpt lat="26.9174566" lon="75.8076217">
        <time>2018-10-10T21:31:35Z</time>
      </trkpt>
      <trkpt lat="26.9174566" lon="75.8076217">
        <time>2018-10-10T21:31:45Z</time>
      </trkpt>
      <trkpt lat="26.9174566" lon="75.8076217">
        <time>2018-10-10T21:31:55Z</time>
      </trkpt>
      <trkpt lat="26.9174555" lon="75.8076201">
        <time>2018-10-10T21:32:06Z</time>
      </trkpt>
      <trkpt lat="26.9174558" lon="75.8076206">
        <time>2018-10-10T21:32:16Z</time>
      </trkpt>
      <trkpt lat="26.9174553" lon="75.8076201">
        <time>2018-10-10T21:32:26Z</time>
      </trkpt>
      <trkpt lat="26.9174553" lon="75.8076201">
        <time>2018-10-10T21:32:36Z</time>
      </trkpt>
      <trkpt lat="26.9174553" lon="75.8076201">
        <time>2018-10-10T21:32:46Z</time>
      </trkpt>
      <trkpt lat="26.9174553" lon="75.8076201">
        <time>2018-10-10T21:32:57Z</time>
      </trkpt>
      <trkpt lat="26.9174553" lon="75.8076201">
        <time>2018-10-10T21:33:07Z</time>
      </trkpt>
      <trkpt lat="26.9174553" lon="75.8076201">
        <time>2018-10-10T21:33:17Z</time>
      </trkpt>
      <trkpt lat="26.9174553" lon="75.8076201">
        <time>2018-10-10T21:33:27Z</time>
      </trkpt>
      <trkpt lat="26.9174553" lon="75.8076201">
        <time>2018-10-10T21:33:38Z</time>
      </trkpt>
      <trkpt lat="26.9174553" lon="75.8076201">
        <time>2018-10-10T21:33:49Z</time>
      </trkpt>
      <trkpt lat="26.9174553" lon="75.8076201">
        <time>2018-10-10T21:33:59Z</time>
      </trkpt>
      <trkpt lat="26.9174553" lon="75.8076201">
        <time>2018-10-10T21:34:10Z</time>
      </trkpt>
      <trkpt lat="26.9174553" lon="75.8076201">
        <time>2018-10-10T21:34:20Z</time>
      </trkpt>
      <trkpt lat="26.9174553" lon="75.8076201">
        <time>2018-10-10T21:34:30Z</time>
      </trkpt>
      <trkpt lat="26.9174553" lon="75.8076201">
        <time>2018-10-10T21:34:41Z</time>
      </trkpt>
      <trkpt lat="26.9174553" lon="75.8076201">
        <time>2018-10-10T21:34:51Z</time>
      </trkpt>
      <trkpt lat="26.9174553" lon="75.8076201">
        <time>2018-10-10T21:35:02Z</time>
      </trkpt>
      <trkpt lat="26.9174553" lon="75.8076201">
        <time>2018-10-10T21:35:13Z</time>
      </trkpt>
      <trkpt lat="26.9174553" lon="75.8076201">
        <time>2018-10-10T21:35:23Z</time>
      </trkpt>
      <trkpt lat="26.9174553" lon="75.8076201">
        <time>2018-10-10T21:35:33Z</time>
      </trkpt>
      <trkpt lat="26.9174553" lon="75.8076201">
        <time>2018-10-10T21:35:44Z</time>
      </trkpt>
      <trkpt lat="26.9174553" lon="75.8076201">
        <time>2018-10-10T21:35:55Z</time>
      </trkpt>
      <trkpt lat="26.9174553" lon="75.8076201">
        <time>2018-10-10T21:36:05Z</time>
      </trkpt>
      <trkpt lat="26.9174553" lon="75.8076201">
        <time>2018-10-10T21:36:15Z</time>
      </trkpt>
      <trkpt lat="26.9174553" lon="75.8076201">
        <time>2018-10-10T21:36:26Z</time>
      </trkpt>
      <trkpt lat="26.9174553" lon="75.8076201">
        <time>2018-10-10T21:36:36Z</time>
      </trkpt>
      <trkpt lat="26.9174553" lon="75.8076201">
        <time>2018-10-10T21:36:47Z</time>
      </trkpt>
      <trkpt lat="26.9174553" lon="75.8076201">
        <time>2018-10-10T21:36:57Z</time>
      </trkpt>
      <trkpt lat="26.9174553" lon="75.8076201">
        <time>2018-10-10T21:37:08Z</time>
      </trkpt>
      <trkpt lat="26.9174553" lon="75.8076201">
        <time>2018-10-10T21:37:19Z</time>
      </trkpt>
      <trkpt lat="26.9174553" lon="75.8076201">
        <time>2018-10-10T21:37:29Z</time>
      </trkpt>
      <trkpt lat="26.9174550" lon="75.8076191">
        <time>2018-10-10T21:37:40Z</time>
      </trkpt>
      <trkpt lat="26.9174550" lon="75.8076191">
        <time>2018-10-10T21:37:51Z</time>
      </trkpt>
      <trkpt lat="26.9174550" lon="75.8076191">
        <time>2018-10-10T21:38:02Z</time>
      </trkpt>
      <trkpt lat="26.9174550" lon="75.8076191">
        <time>2018-10-10T21:38:13Z</time>
      </trkpt>
      <trkpt lat="26.9174550" lon="75.8076191">
        <time>2018-10-10T21:38:23Z</time>
      </trkpt>
      <trkpt lat="26.9174550" lon="75.8076191">
        <time>2018-10-10T21:38:33Z</time>
      </trkpt>
      <trkpt lat="26.9174550" lon="75.8076191">
        <time>2018-10-10T21:38:44Z</time>
      </trkpt>
      <trkpt lat="26.9174550" lon="75.8076191">
        <time>2018-10-10T21:38:55Z</time>
      </trkpt>
      <trkpt lat="26.9174550" lon="75.8076191">
        <time>2018-10-10T21:39:05Z</time>
      </trkpt>
      <trkpt lat="26.9174550" lon="75.8076191">
        <time>2018-10-10T21:39:15Z</time>
      </trkpt>
      <trkpt lat="26.9174550" lon="75.8076191">
        <time>2018-10-10T21:39:26Z</time>
      </trkpt>
      <trkpt lat="26.9174550" lon="75.8076191">
        <time>2018-10-10T21:39:36Z</time>
      </trkpt>
      <trkpt lat="26.9174550" lon="75.8076191">
        <time>2018-10-10T21:39:47Z</time>
      </trkpt>
      <trkpt lat="26.9174550" lon="75.8076191">
        <time>2018-10-10T21:39:57Z</time>
      </trkpt>
      <trkpt lat="26.9174550" lon="75.8076191">
        <time>2018-10-10T21:40:08Z</time>
      </trkpt>
      <trkpt lat="26.9174550" lon="75.8076191">
        <time>2018-10-10T21:40:18Z</time>
      </trkpt>
      <trkpt lat="26.9174550" lon="75.8076191">
        <time>2018-10-10T21:40:28Z</time>
      </trkpt>
      <trkpt lat="26.9174550" lon="75.8076191">
        <time>2018-10-10T21:40:39Z</time>
      </trkpt>
      <trkpt lat="26.9174540" lon="75.8076199">
        <time>2018-10-10T21:40:49Z</time>
      </trkpt>
      <trkpt lat="26.9174539" lon="75.8076198">
        <time>2018-10-10T21:40:59Z</time>
      </trkpt>
      <trkpt lat="26.9174542" lon="75.8076201">
        <time>2018-10-10T21:41:10Z</time>
      </trkpt>
      <trkpt lat="26.9174542" lon="75.8076201">
        <time>2018-10-10T21:41:20Z</time>
      </trkpt>
      <trkpt lat="26.9174542" lon="75.8076201">
        <time>2018-10-10T21:41:30Z</time>
      </trkpt>
      <trkpt lat="26.9174540" lon="75.8076190">
        <time>2018-10-10T21:41:41Z</time>
      </trkpt>
      <trkpt lat="26.9174540" lon="75.8076187">
        <time>2018-10-10T21:41:51Z</time>
      </trkpt>
      <trkpt lat="26.9174540" lon="75.8076187">
        <time>2018-10-10T21:42:01Z</time>
      </trkpt>
      <trkpt lat="26.9174540" lon="75.8076187">
        <time>2018-10-10T21:42:11Z</time>
      </trkpt>
      <trkpt lat="26.9174540" lon="75.8076187">
        <time>2018-10-10T21:42:22Z</time>
      </trkpt>
      <trkpt lat="26.9174540" lon="75.8076187">
        <time>2018-10-10T21:42:32Z</time>
      </trkpt>
      <trkpt lat="26.9174540" lon="75.8076187">
        <time>2018-10-10T21:42:42Z</time>
      </trkpt>
      <trkpt lat="26.9174540" lon="75.8076187">
        <time>2018-10-10T21:42:53Z</time>
      </trkpt>
      <trkpt lat="26.9174540" lon="75.8076187">
        <time>2018-10-10T21:43:03Z</time>
      </trkpt>
      <trkpt lat="26.9174540" lon="75.8076187">
        <time>2018-10-10T21:43:14Z</time>
      </trkpt>
      <trkpt lat="26.9174540" lon="75.8076187">
        <time>2018-10-10T21:43:25Z</time>
      </trkpt>
      <trkpt lat="26.9174540" lon="75.8076187">
        <time>2018-10-10T21:43:35Z</time>
      </trkpt>
      <trkpt lat="26.9174540" lon="75.8076187">
        <time>2018-10-10T21:43:46Z</time>
      </trkpt>
      <trkpt lat="26.9174540" lon="75.8076187">
        <time>2018-10-10T21:43:56Z</time>
      </trkpt>
      <trkpt lat="26.9174540" lon="75.8076187">
        <time>2018-10-10T21:44:07Z</time>
      </trkpt>
      <trkpt lat="26.9174540" lon="75.8076187">
        <time>2018-10-10T21:44:18Z</time>
      </trkpt>
      <trkpt lat="26.9174540" lon="75.8076187">
        <time>2018-10-10T21:44:28Z</time>
      </trkpt>
      <trkpt lat="26.9174540" lon="75.8076187">
        <time>2018-10-10T21:44:39Z</time>
      </trkpt>
      <trkpt lat="26.9174540" lon="75.8076187">
        <time>2018-10-10T21:44:50Z</time>
      </trkpt>
      <trkpt lat="26.9174540" lon="75.8076187">
        <time>2018-10-10T21:45:01Z</time>
      </trkpt>
      <trkpt lat="26.9174540" lon="75.8076187">
        <time>2018-10-10T21:45:11Z</time>
      </trkpt>
      <trkpt lat="26.9174540" lon="75.8076187">
        <time>2018-10-10T21:45:21Z</time>
      </trkpt>
      <trkpt lat="26.9174540" lon="75.8076187">
        <time>2018-10-10T21:45:31Z</time>
      </trkpt>
      <trkpt lat="26.9174540" lon="75.8076187">
        <time>2018-10-10T21:45:42Z</time>
      </trkpt>
      <trkpt lat="26.9174540" lon="75.8076187">
        <time>2018-10-10T21:45:52Z</time>
      </trkpt>
      <trkpt lat="26.9174540" lon="75.8076187">
        <time>2018-10-10T21:46:02Z</time>
      </trkpt>
      <trkpt lat="26.9174540" lon="75.8076187">
        <time>2018-10-10T21:46:13Z</time>
      </trkpt>
      <trkpt lat="26.9174540" lon="75.8076187">
        <time>2018-10-10T21:46:24Z</time>
      </trkpt>
      <trkpt lat="26.9174540" lon="75.8076187">
        <time>2018-10-10T21:46:35Z</time>
      </trkpt>
      <trkpt lat="26.9174539" lon="75.8076186">
        <time>2018-10-10T21:46:46Z</time>
      </trkpt>
      <trkpt lat="26.9174538" lon="75.8076186">
        <time>2018-10-10T21:46:57Z</time>
      </trkpt>
      <trkpt lat="26.9174539" lon="75.8076186">
        <time>2018-10-10T21:47:07Z</time>
      </trkpt>
      <trkpt lat="26.9174539" lon="75.8076186">
        <time>2018-10-10T21:47:17Z</time>
      </trkpt>
      <trkpt lat="26.9174552" lon="75.8076217">
        <time>2018-10-10T21:47:27Z</time>
      </trkpt>
      <trkpt lat="26.9174553" lon="75.8076217">
        <time>2018-10-10T21:47:38Z</time>
      </trkpt>
      <trkpt lat="26.9174553" lon="75.8076217">
        <time>2018-10-10T21:47:48Z</time>
      </trkpt>
      <trkpt lat="26.9174556" lon="75.8076221">
        <time>2018-10-10T21:47:58Z</time>
      </trkpt>
      <trkpt lat="26.9174556" lon="75.8076221">
        <time>2018-10-10T21:48:09Z</time>
      </trkpt>
      <trkpt lat="26.9174556" lon="75.8076221">
        <time>2018-10-10T21:48:19Z</time>
      </trkpt>
      <trkpt lat="26.9174553" lon="75.8076225">
        <time>2018-10-10T21:48:29Z</time>
      </trkpt>
      <trkpt lat="26.9174553" lon="75.8076227">
        <time>2018-10-10T21:48:40Z</time>
      </trkpt>
      <trkpt lat="26.9174553" lon="75.8076227">
        <time>2018-10-10T21:48:51Z</time>
      </trkpt>
      <trkpt lat="26.9174553" lon="75.8076227">
        <time>2018-10-10T21:49:02Z</time>
      </trkpt>
      <trkpt lat="26.9174553" lon="75.8076227">
        <time>2018-10-10T21:49:12Z</time>
      </trkpt>
      <trkpt lat="26.9174553" lon="75.8076227">
        <time>2018-10-10T21:49:22Z</time>
      </trkpt>
      <trkpt lat="26.9174553" lon="75.8076227">
        <time>2018-10-10T21:49:33Z</time>
      </trkpt>
      <trkpt lat="26.9174553" lon="75.8076227">
        <time>2018-10-10T21:49:44Z</time>
      </trkpt>
      <trkpt lat="26.9174553" lon="75.8076227">
        <time>2018-10-10T21:49:54Z</time>
      </trkpt>
      <trkpt lat="26.9174553" lon="75.8076227">
        <time>2018-10-10T21:50:05Z</time>
      </trkpt>
      <trkpt lat="26.9174553" lon="75.8076227">
        <time>2018-10-10T21:50:16Z</time>
      </trkpt>
      <trkpt lat="26.9174553" lon="75.8076227">
        <time>2018-10-10T21:50:27Z</time>
      </trkpt>
      <trkpt lat="26.9174553" lon="75.8076227">
        <time>2018-10-10T21:50:38Z</time>
      </trkpt>
      <trkpt lat="26.9174553" lon="75.8076227">
        <time>2018-10-10T21:50:49Z</time>
      </trkpt>
      <trkpt lat="26.9174553" lon="75.8076227">
        <time>2018-10-10T21:51:00Z</time>
      </trkpt>
      <trkpt lat="26.9174553" lon="75.8076227">
        <time>2018-10-10T21:51:11Z</time>
      </trkpt>
      <trkpt lat="26.9174553" lon="75.8076227">
        <time>2018-10-10T21:51:21Z</time>
      </trkpt>
      <trkpt lat="26.9174553" lon="75.8076227">
        <time>2018-10-10T21:51:31Z</time>
      </trkpt>
      <trkpt lat="26.9174553" lon="75.8076227">
        <time>2018-10-10T21:51:42Z</time>
      </trkpt>
      <trkpt lat="26.9174553" lon="75.8076227">
        <time>2018-10-10T21:51:52Z</time>
      </trkpt>
      <trkpt lat="26.9174553" lon="75.8076227">
        <time>2018-10-10T21:52:03Z</time>
      </trkpt>
      <trkpt lat="26.9174553" lon="75.8076227">
        <time>2018-10-10T21:52:13Z</time>
      </trkpt>
      <trkpt lat="26.9174553" lon="75.8076227">
        <time>2018-10-10T21:52:24Z</time>
      </trkpt>
      <trkpt lat="26.9174553" lon="75.8076227">
        <time>2018-10-10T21:52:35Z</time>
      </trkpt>
      <trkpt lat="26.9174553" lon="75.8076227">
        <time>2018-10-10T21:52:46Z</time>
      </trkpt>
      <trkpt lat="26.9174553" lon="75.8076227">
        <time>2018-10-10T21:52:56Z</time>
      </trkpt>
      <trkpt lat="26.9174553" lon="75.8076227">
        <time>2018-10-10T21:53:06Z</time>
      </trkpt>
      <trkpt lat="26.9174553" lon="75.8076227">
        <time>2018-10-10T21:53:17Z</time>
      </trkpt>
      <trkpt lat="26.9174553" lon="75.8076227">
        <time>2018-10-10T21:53:28Z</time>
      </trkpt>
      <trkpt lat="26.9174553" lon="75.8076227">
        <time>2018-10-10T21:53:38Z</time>
      </trkpt>
      <trkpt lat="26.9174553" lon="75.8076227">
        <time>2018-10-10T21:53:49Z</time>
      </trkpt>
      <trkpt lat="26.9174553" lon="75.8076227">
        <time>2018-10-10T21:54:00Z</time>
      </trkpt>
      <trkpt lat="26.9174553" lon="75.8076227">
        <time>2018-10-10T21:54:11Z</time>
      </trkpt>
      <trkpt lat="26.9174553" lon="75.8076227">
        <time>2018-10-10T21:54:22Z</time>
      </trkpt>
      <trkpt lat="26.9174553" lon="75.8076227">
        <time>2018-10-10T21:54:32Z</time>
      </trkpt>
      <trkpt lat="26.9174553" lon="75.8076227">
        <time>2018-10-10T21:54:43Z</time>
      </trkpt>
      <trkpt lat="26.9174553" lon="75.8076227">
        <time>2018-10-10T21:54:53Z</time>
      </trkpt>
      <trkpt lat="26.9174553" lon="75.8076227">
        <time>2018-10-10T21:55:04Z</time>
      </trkpt>
      <trkpt lat="26.9174553" lon="75.8076227">
        <time>2018-10-10T21:55:15Z</time>
      </trkpt>
      <trkpt lat="26.9174553" lon="75.8076227">
        <time>2018-10-10T21:55:25Z</time>
      </trkpt>
      <trkpt lat="26.9174553" lon="75.8076227">
        <time>2018-10-10T21:55:35Z</time>
      </trkpt>
      <trkpt lat="26.9174553" lon="75.8076227">
        <time>2018-10-10T21:55:45Z</time>
      </trkpt>
      <trkpt lat="26.9174553" lon="75.8076227">
        <time>2018-10-10T21:55:56Z</time>
      </trkpt>
      <trkpt lat="26.9174553" lon="75.8076227">
        <time>2018-10-10T21:56:07Z</time>
      </trkpt>
      <trkpt lat="26.9174553" lon="75.8076227">
        <time>2018-10-10T21:56:18Z</time>
      </trkpt>
      <trkpt lat="26.9174553" lon="75.8076227">
        <time>2018-10-10T21:56:28Z</time>
      </trkpt>
      <trkpt lat="26.9174553" lon="75.8076227">
        <time>2018-10-10T21:56:38Z</time>
      </trkpt>
      <trkpt lat="26.9174553" lon="75.8076227">
        <time>2018-10-10T21:56:48Z</time>
      </trkpt>
      <trkpt lat="26.9174553" lon="75.8076227">
        <time>2018-10-10T21:56:59Z</time>
      </trkpt>
      <trkpt lat="26.9174553" lon="75.8076227">
        <time>2018-10-10T21:57:09Z</time>
      </trkpt>
      <trkpt lat="26.9174553" lon="75.8076227">
        <time>2018-10-10T21:57:20Z</time>
      </trkpt>
      <trkpt lat="26.9174553" lon="75.8076227">
        <time>2018-10-10T21:57:30Z</time>
      </trkpt>
      <trkpt lat="26.9174553" lon="75.8076227">
        <time>2018-10-10T21:57:41Z</time>
      </trkpt>
      <trkpt lat="26.9174553" lon="75.8076227">
        <time>2018-10-10T21:57:52Z</time>
      </trkpt>
      <trkpt lat="26.9174553" lon="75.8076227">
        <time>2018-10-10T21:58:02Z</time>
      </trkpt>
      <trkpt lat="26.9174553" lon="75.8076227">
        <time>2018-10-10T21:58:12Z</time>
      </trkpt>
      <trkpt lat="26.9174553" lon="75.8076227">
        <time>2018-10-10T21:58:23Z</time>
      </trkpt>
      <trkpt lat="26.9174553" lon="75.8076227">
        <time>2018-10-10T21:58:33Z</time>
      </trkpt>
      <trkpt lat="26.9174553" lon="75.8076227">
        <time>2018-10-10T21:58:43Z</time>
      </trkpt>
      <trkpt lat="26.9174553" lon="75.8076227">
        <time>2018-10-10T21:58:54Z</time>
      </trkpt>
      <trkpt lat="26.9174553" lon="75.8076227">
        <time>2018-10-10T21:59:04Z</time>
      </trkpt>
      <trkpt lat="26.9174553" lon="75.8076227">
        <time>2018-10-10T21:59:15Z</time>
      </trkpt>
      <trkpt lat="26.9174553" lon="75.8076227">
        <time>2018-10-10T21:59:25Z</time>
      </trkpt>
      <trkpt lat="26.9174553" lon="75.8076227">
        <time>2018-10-10T21:59:36Z</time>
      </trkpt>
      <trkpt lat="26.9174553" lon="75.8076227">
        <time>2018-10-10T21:59:46Z</time>
      </trkpt>
      <trkpt lat="26.9174553" lon="75.8076227">
        <time>2018-10-10T21:59:56Z</time>
      </trkpt>
      <trkpt lat="26.9174553" lon="75.8076227">
        <time>2018-10-10T22:00:07Z</time>
      </trkpt>
      <trkpt lat="26.9174553" lon="75.8076227">
        <time>2018-10-10T22:00:17Z</time>
      </trkpt>
      <trkpt lat="26.9174553" lon="75.8076227">
        <time>2018-10-10T22:00:28Z</time>
      </trkpt>
      <trkpt lat="26.9174553" lon="75.8076227">
        <time>2018-10-10T22:00:39Z</time>
      </trkpt>
      <trkpt lat="26.9174568" lon="75.8076217">
        <time>2018-10-10T22:00:50Z</time>
      </trkpt>
      <trkpt lat="26.9174568" lon="75.8076217">
        <time>2018-10-10T22:01:01Z</time>
      </trkpt>
      <trkpt lat="26.9174568" lon="75.8076217">
        <time>2018-10-10T22:01:12Z</time>
      </trkpt>
      <trkpt lat="26.9174568" lon="75.8076217">
        <time>2018-10-10T22:01:22Z</time>
      </trkpt>
      <trkpt lat="26.9174568" lon="75.8076217">
        <time>2018-10-10T22:01:33Z</time>
      </trkpt>
      <trkpt lat="26.9174568" lon="75.8076217">
        <time>2018-10-10T22:01:44Z</time>
      </trkpt>
      <trkpt lat="26.9174568" lon="75.8076217">
        <time>2018-10-10T22:01:54Z</time>
      </trkpt>
      <trkpt lat="26.9174568" lon="75.8076217">
        <time>2018-10-10T22:02:04Z</time>
      </trkpt>
      <trkpt lat="26.9174568" lon="75.8076217">
        <time>2018-10-10T22:02:15Z</time>
      </trkpt>
      <trkpt lat="26.9174568" lon="75.8076217">
        <time>2018-10-10T22:02:26Z</time>
      </trkpt>
      <trkpt lat="26.9174568" lon="75.8076217">
        <time>2018-10-10T22:02:36Z</time>
      </trkpt>
      <trkpt lat="26.9174568" lon="75.8076217">
        <time>2018-10-10T22:02:46Z</time>
      </trkpt>
      <trkpt lat="26.9174568" lon="75.8076217">
        <time>2018-10-10T22:02:57Z</time>
      </trkpt>
      <trkpt lat="26.9174568" lon="75.8076217">
        <time>2018-10-10T22:03:07Z</time>
      </trkpt>
      <trkpt lat="26.9174568" lon="75.8076217">
        <time>2018-10-10T22:03:17Z</time>
      </trkpt>
      <trkpt lat="26.9174568" lon="75.8076217">
        <time>2018-10-10T22:03:28Z</time>
      </trkpt>
      <trkpt lat="26.9174568" lon="75.8076217">
        <time>2018-10-10T22:03:38Z</time>
      </trkpt>
      <trkpt lat="26.9174568" lon="75.8076217">
        <time>2018-10-10T22:03:49Z</time>
      </trkpt>
      <trkpt lat="26.9174568" lon="75.8076217">
        <time>2018-10-10T22:03:59Z</time>
      </trkpt>
      <trkpt lat="26.9174568" lon="75.8076217">
        <time>2018-10-10T22:04:10Z</time>
      </trkpt>
      <trkpt lat="26.9174568" lon="75.8076217">
        <time>2018-10-10T22:04:21Z</time>
      </trkpt>
      <trkpt lat="26.9174568" lon="75.8076217">
        <time>2018-10-10T22:04:31Z</time>
      </trkpt>
      <trkpt lat="26.9174568" lon="75.8076217">
        <time>2018-10-10T22:04:41Z</time>
      </trkpt>
      <trkpt lat="26.9174568" lon="75.8076217">
        <time>2018-10-10T22:04:51Z</time>
      </trkpt>
      <trkpt lat="26.9174568" lon="75.8076217">
        <time>2018-10-10T22:05:02Z</time>
      </trkpt>
      <trkpt lat="26.9174568" lon="75.8076217">
        <time>2018-10-10T22:05:13Z</time>
      </trkpt>
      <trkpt lat="26.9174568" lon="75.8076217">
        <time>2018-10-10T22:05:24Z</time>
      </trkpt>
      <trkpt lat="26.9174568" lon="75.8076217">
        <time>2018-10-10T22:05:35Z</time>
      </trkpt>
      <trkpt lat="26.9174568" lon="75.8076217">
        <time>2018-10-10T22:05:45Z</time>
      </trkpt>
      <trkpt lat="26.9174568" lon="75.8076217">
        <time>2018-10-10T22:05:56Z</time>
      </trkpt>
      <trkpt lat="26.9174568" lon="75.8076217">
        <time>2018-10-10T22:06:07Z</time>
      </trkpt>
      <trkpt lat="26.9174568" lon="75.8076217">
        <time>2018-10-10T22:06:17Z</time>
      </trkpt>
      <trkpt lat="26.9174568" lon="75.8076217">
        <time>2018-10-10T22:06:28Z</time>
      </trkpt>
      <trkpt lat="26.9174568" lon="75.8076217">
        <time>2018-10-10T22:06:39Z</time>
      </trkpt>
      <trkpt lat="26.9174568" lon="75.8076217">
        <time>2018-10-10T22:06:50Z</time>
      </trkpt>
      <trkpt lat="26.9174568" lon="75.8076217">
        <time>2018-10-10T22:07:00Z</time>
      </trkpt>
      <trkpt lat="26.9174568" lon="75.8076217">
        <time>2018-10-10T22:07:11Z</time>
      </trkpt>
      <trkpt lat="26.9174568" lon="75.8076217">
        <time>2018-10-10T22:07:21Z</time>
      </trkpt>
      <trkpt lat="26.9174568" lon="75.8076217">
        <time>2018-10-10T22:07:32Z</time>
      </trkpt>
      <trkpt lat="26.9174568" lon="75.8076217">
        <time>2018-10-10T22:07:43Z</time>
      </trkpt>
      <trkpt lat="26.9174568" lon="75.8076217">
        <time>2018-10-10T22:07:54Z</time>
      </trkpt>
      <trkpt lat="26.9174568" lon="75.8076217">
        <time>2018-10-10T22:08:04Z</time>
      </trkpt>
      <trkpt lat="26.9174568" lon="75.8076217">
        <time>2018-10-10T22:08:15Z</time>
      </trkpt>
      <trkpt lat="26.9174568" lon="75.8076217">
        <time>2018-10-10T22:08:25Z</time>
      </trkpt>
      <trkpt lat="26.9174568" lon="75.8076217">
        <time>2018-10-10T22:08:36Z</time>
      </trkpt>
      <trkpt lat="26.9174568" lon="75.8076217">
        <time>2018-10-10T22:08:47Z</time>
      </trkpt>
      <trkpt lat="26.9174568" lon="75.8076217">
        <time>2018-10-10T22:08:57Z</time>
      </trkpt>
      <trkpt lat="26.9174568" lon="75.8076217">
        <time>2018-10-10T22:09:07Z</time>
      </trkpt>
      <trkpt lat="26.9174568" lon="75.8076217">
        <time>2018-10-10T22:09:18Z</time>
      </trkpt>
      <trkpt lat="26.9174568" lon="75.8076217">
        <time>2018-10-10T22:09:29Z</time>
      </trkpt>
      <trkpt lat="26.9174568" lon="75.8076217">
        <time>2018-10-10T22:09:39Z</time>
      </trkpt>
      <trkpt lat="26.9174568" lon="75.8076217">
        <time>2018-10-10T22:09:50Z</time>
      </trkpt>
      <trkpt lat="26.9174568" lon="75.8076217">
        <time>2018-10-10T22:10:01Z</time>
      </trkpt>
      <trkpt lat="26.9174568" lon="75.8076217">
        <time>2018-10-10T22:10:11Z</time>
      </trkpt>
      <trkpt lat="26.9174568" lon="75.8076217">
        <time>2018-10-10T22:10:21Z</time>
      </trkpt>
      <trkpt lat="26.9174568" lon="75.8076217">
        <time>2018-10-10T22:10:31Z</time>
      </trkpt>
      <trkpt lat="26.9174568" lon="75.8076217">
        <time>2018-10-10T22:10:42Z</time>
      </trkpt>
      <trkpt lat="26.9174568" lon="75.8076217">
        <time>2018-10-10T22:10:52Z</time>
      </trkpt>
      <trkpt lat="26.9174533" lon="75.8076215">
        <time>2018-10-10T22:11:03Z</time>
      </trkpt>
      <trkpt lat="26.9174533" lon="75.8076215">
        <time>2018-10-10T22:11:13Z</time>
      </trkpt>
      <trkpt lat="26.9174533" lon="75.8076215">
        <time>2018-10-10T22:11:23Z</time>
      </trkpt>
      <trkpt lat="26.9174533" lon="75.8076215">
        <time>2018-10-10T22:11:33Z</time>
      </trkpt>
      <trkpt lat="26.9174533" lon="75.8076215">
        <time>2018-10-10T22:11:44Z</time>
      </trkpt>
      <trkpt lat="26.9174533" lon="75.8076215">
        <time>2018-10-10T22:11:54Z</time>
      </trkpt>
      <trkpt lat="26.9174533" lon="75.8076215">
        <time>2018-10-10T22:12:05Z</time>
      </trkpt>
      <trkpt lat="26.9174533" lon="75.8076215">
        <time>2018-10-10T22:12:16Z</time>
      </trkpt>
      <trkpt lat="26.9174533" lon="75.8076215">
        <time>2018-10-10T22:12:26Z</time>
      </trkpt>
      <trkpt lat="26.9174533" lon="75.8076215">
        <time>2018-10-10T22:12:37Z</time>
      </trkpt>
      <trkpt lat="26.9174533" lon="75.8076215">
        <time>2018-10-10T22:12:48Z</time>
      </trkpt>
      <trkpt lat="26.9174533" lon="75.8076215">
        <time>2018-10-10T22:12:59Z</time>
      </trkpt>
      <trkpt lat="26.9174533" lon="75.8076215">
        <time>2018-10-10T22:13:09Z</time>
      </trkpt>
      <trkpt lat="26.9174533" lon="75.8076215">
        <time>2018-10-10T22:13:19Z</time>
      </trkpt>
      <trkpt lat="26.9174533" lon="75.8076215">
        <time>2018-10-10T22:13:30Z</time>
      </trkpt>
      <trkpt lat="26.9174533" lon="75.8076215">
        <time>2018-10-10T22:13:41Z</time>
      </trkpt>
      <trkpt lat="26.9174533" lon="75.8076215">
        <time>2018-10-10T22:13:51Z</time>
      </trkpt>
      <trkpt lat="26.9174533" lon="75.8076215">
        <time>2018-10-10T22:14:02Z</time>
      </trkpt>
      <trkpt lat="26.9174533" lon="75.8076215">
        <time>2018-10-10T22:14:13Z</time>
      </trkpt>
      <trkpt lat="26.9174533" lon="75.8076215">
        <time>2018-10-10T22:14:24Z</time>
      </trkpt>
      <trkpt lat="26.9174533" lon="75.8076215">
        <time>2018-10-10T22:14:34Z</time>
      </trkpt>
      <trkpt lat="26.9174533" lon="75.8076215">
        <time>2018-10-10T22:14:44Z</time>
      </trkpt>
      <trkpt lat="26.9174533" lon="75.8076215">
        <time>2018-10-10T22:14:54Z</time>
      </trkpt>
      <trkpt lat="26.9174533" lon="75.8076215">
        <time>2018-10-10T22:15:04Z</time>
      </trkpt>
      <trkpt lat="26.9174533" lon="75.8076215">
        <time>2018-10-10T22:15:15Z</time>
      </trkpt>
      <trkpt lat="26.9174533" lon="75.8076215">
        <time>2018-10-10T22:15:26Z</time>
      </trkpt>
      <trkpt lat="26.9174533" lon="75.8076215">
        <time>2018-10-10T22:15:37Z</time>
      </trkpt>
      <trkpt lat="26.9174533" lon="75.8076215">
        <time>2018-10-10T22:15:47Z</time>
      </trkpt>
      <trkpt lat="26.9174533" lon="75.8076215">
        <time>2018-10-10T22:15:58Z</time>
      </trkpt>
      <trkpt lat="26.9174533" lon="75.8076215">
        <time>2018-10-10T22:16:09Z</time>
      </trkpt>
      <trkpt lat="26.9174533" lon="75.8076215">
        <time>2018-10-10T22:16:20Z</time>
      </trkpt>
      <trkpt lat="26.9174533" lon="75.8076215">
        <time>2018-10-10T22:16:31Z</time>
      </trkpt>
      <trkpt lat="26.9174533" lon="75.8076215">
        <time>2018-10-10T22:16:41Z</time>
      </trkpt>
      <trkpt lat="26.9174533" lon="75.8076215">
        <time>2018-10-10T22:16:52Z</time>
      </trkpt>
      <trkpt lat="26.9174533" lon="75.8076215">
        <time>2018-10-10T22:17:03Z</time>
      </trkpt>
      <trkpt lat="26.9174533" lon="75.8076215">
        <time>2018-10-10T22:17:13Z</time>
      </trkpt>
      <trkpt lat="26.9174533" lon="75.8076215">
        <time>2018-10-10T22:17:23Z</time>
      </trkpt>
      <trkpt lat="26.9174533" lon="75.8076215">
        <time>2018-10-10T22:17:34Z</time>
      </trkpt>
      <trkpt lat="26.9174533" lon="75.8076215">
        <time>2018-10-10T22:17:45Z</time>
      </trkpt>
      <trkpt lat="26.9174533" lon="75.8076215">
        <time>2018-10-10T22:17:56Z</time>
      </trkpt>
      <trkpt lat="26.9174533" lon="75.8076215">
        <time>2018-10-10T22:18:06Z</time>
      </trkpt>
      <trkpt lat="26.9174533" lon="75.8076215">
        <time>2018-10-10T22:18:17Z</time>
      </trkpt>
      <trkpt lat="26.9174533" lon="75.8076215">
        <time>2018-10-10T22:18:28Z</time>
      </trkpt>
      <trkpt lat="26.9174533" lon="75.8076215">
        <time>2018-10-10T22:18:39Z</time>
      </trkpt>
      <trkpt lat="26.9174533" lon="75.8076215">
        <time>2018-10-10T22:18:49Z</time>
      </trkpt>
      <trkpt lat="26.9174533" lon="75.8076215">
        <time>2018-10-10T22:19:00Z</time>
      </trkpt>
      <trkpt lat="26.9174533" lon="75.8076215">
        <time>2018-10-10T22:19:11Z</time>
      </trkpt>
      <trkpt lat="26.9174533" lon="75.8076215">
        <time>2018-10-10T22:19:22Z</time>
      </trkpt>
      <trkpt lat="26.9174533" lon="75.8076215">
        <time>2018-10-10T22:19:32Z</time>
      </trkpt>
      <trkpt lat="26.9174533" lon="75.8076215">
        <time>2018-10-10T22:19:42Z</time>
      </trkpt>
      <trkpt lat="26.9174533" lon="75.8076215">
        <time>2018-10-10T22:19:52Z</time>
      </trkpt>
      <trkpt lat="26.9174533" lon="75.8076215">
        <time>2018-10-10T22:20:03Z</time>
      </trkpt>
      <trkpt lat="26.9174533" lon="75.8076215">
        <time>2018-10-10T22:20:13Z</time>
      </trkpt>
      <trkpt lat="26.9174533" lon="75.8076215">
        <time>2018-10-10T22:20:23Z</time>
      </trkpt>
      <trkpt lat="26.9174533" lon="75.8076215">
        <time>2018-10-10T22:20:34Z</time>
      </trkpt>
      <trkpt lat="26.9174533" lon="75.8076215">
        <time>2018-10-10T22:20:44Z</time>
      </trkpt>
      <trkpt lat="26.9174533" lon="75.8076215">
        <time>2018-10-10T22:20:54Z</time>
      </trkpt>
      <trkpt lat="26.9174533" lon="75.8076215">
        <time>2018-10-10T22:21:05Z</time>
      </trkpt>
      <trkpt lat="26.9174533" lon="75.8076215">
        <time>2018-10-10T22:21:15Z</time>
      </trkpt>
      <trkpt lat="26.9174533" lon="75.8076215">
        <time>2018-10-10T22:21:26Z</time>
      </trkpt>
      <trkpt lat="26.9174533" lon="75.8076215">
        <time>2018-10-10T22:21:36Z</time>
      </trkpt>
      <trkpt lat="26.9174533" lon="75.8076215">
        <time>2018-10-10T22:21:46Z</time>
      </trkpt>
      <trkpt lat="26.9174533" lon="75.8076215">
        <time>2018-10-10T22:21:57Z</time>
      </trkpt>
      <trkpt lat="26.9174533" lon="75.8076215">
        <time>2018-10-10T22:22:08Z</time>
      </trkpt>
      <trkpt lat="26.9174533" lon="75.8076215">
        <time>2018-10-10T22:22:18Z</time>
      </trkpt>
      <trkpt lat="26.9174533" lon="75.8076215">
        <time>2018-10-10T22:22:28Z</time>
      </trkpt>
      <trkpt lat="26.9174533" lon="75.8076215">
        <time>2018-10-10T22:22:38Z</time>
      </trkpt>
      <trkpt lat="26.9174533" lon="75.8076215">
        <time>2018-10-10T22:22:49Z</time>
      </trkpt>
      <trkpt lat="26.9174533" lon="75.8076215">
        <time>2018-10-10T22:22:59Z</time>
      </trkpt>
      <trkpt lat="26.9174533" lon="75.8076215">
        <time>2018-10-10T22:23:10Z</time>
      </trkpt>
      <trkpt lat="26.9174533" lon="75.8076215">
        <time>2018-10-10T22:23:21Z</time>
      </trkpt>
      <trkpt lat="26.9174533" lon="75.8076215">
        <time>2018-10-10T22:23:31Z</time>
      </trkpt>
      <trkpt lat="26.9174533" lon="75.8076215">
        <time>2018-10-10T22:23:42Z</time>
      </trkpt>
      <trkpt lat="26.9174533" lon="75.8076215">
        <time>2018-10-10T22:23:52Z</time>
      </trkpt>
      <trkpt lat="26.9174533" lon="75.8076215">
        <time>2018-10-10T22:24:02Z</time>
      </trkpt>
      <trkpt lat="26.9174513" lon="75.8076202">
        <time>2018-10-10T22:24:13Z</time>
      </trkpt>
      <trkpt lat="26.9174513" lon="75.8076196">
        <time>2018-10-10T22:24:24Z</time>
      </trkpt>
      <trkpt lat="26.9174513" lon="75.8076196">
        <time>2018-10-10T22:24:35Z</time>
      </trkpt>
      <trkpt lat="26.9174513" lon="75.8076196">
        <time>2018-10-10T22:24:45Z</time>
      </trkpt>
      <trkpt lat="26.9174513" lon="75.8076196">
        <time>2018-10-10T22:24:55Z</time>
      </trkpt>
      <trkpt lat="26.9174513" lon="75.8076196">
        <time>2018-10-10T22:25:05Z</time>
      </trkpt>
      <trkpt lat="26.9174513" lon="75.8076196">
        <time>2018-10-10T22:25:15Z</time>
      </trkpt>
      <trkpt lat="26.9174513" lon="75.8076196">
        <time>2018-10-10T22:25:26Z</time>
      </trkpt>
      <trkpt lat="26.9174513" lon="75.8076196">
        <time>2018-10-10T22:25:36Z</time>
      </trkpt>
      <trkpt lat="26.9174511" lon="75.8076186">
        <time>2018-10-10T22:25:47Z</time>
      </trkpt>
      <trkpt lat="26.9174511" lon="75.8076186">
        <time>2018-10-10T22:25:58Z</time>
      </trkpt>
      <trkpt lat="26.9174521" lon="75.8076155">
        <time>2018-10-10T22:26:08Z</time>
      </trkpt>
      <trkpt lat="26.9174521" lon="75.8076155">
        <time>2018-10-10T22:26:19Z</time>
      </trkpt>
      <trkpt lat="26.9174521" lon="75.8076155">
        <time>2018-10-10T22:26:29Z</time>
      </trkpt>
      <trkpt lat="26.9174521" lon="75.8076155">
        <time>2018-10-10T22:26:40Z</time>
      </trkpt>
      <trkpt lat="26.9174522" lon="75.8076133">
        <time>2018-10-10T22:26:50Z</time>
      </trkpt>
      <trkpt lat="26.9174522" lon="75.8076133">
        <time>2018-10-10T22:27:01Z</time>
      </trkpt>
      <trkpt lat="26.9174522" lon="75.8076133">
        <time>2018-10-10T22:27:11Z</time>
      </trkpt>
      <trkpt lat="26.9174522" lon="75.8076133">
        <time>2018-10-10T22:27:22Z</time>
      </trkpt>
      <trkpt lat="26.9174522" lon="75.8076133">
        <time>2018-10-10T22:27:33Z</time>
      </trkpt>
      <trkpt lat="26.9174522" lon="75.8076133">
        <time>2018-10-10T22:27:44Z</time>
      </trkpt>
      <trkpt lat="26.9174522" lon="75.8076133">
        <time>2018-10-10T22:27:54Z</time>
      </trkpt>
      <trkpt lat="26.9174522" lon="75.8076129">
        <time>2018-10-10T22:28:04Z</time>
      </trkpt>
      <trkpt lat="26.9174533" lon="75.8076106">
        <time>2018-10-10T22:28:14Z</time>
      </trkpt>
      <trkpt lat="26.9174533" lon="75.8076106">
        <time>2018-10-10T22:28:25Z</time>
      </trkpt>
      <trkpt lat="26.9174533" lon="75.8076106">
        <time>2018-10-10T22:28:36Z</time>
      </trkpt>
      <trkpt lat="26.9174533" lon="75.8076106">
        <time>2018-10-10T22:28:47Z</time>
      </trkpt>
      <trkpt lat="26.9174533" lon="75.8076106">
        <time>2018-10-10T22:28:58Z</time>
      </trkpt>
      <trkpt lat="26.9174533" lon="75.8076106">
        <time>2018-10-10T22:29:08Z</time>
      </trkpt>
      <trkpt lat="26.9174533" lon="75.8076106">
        <time>2018-10-10T22:29:19Z</time>
      </trkpt>
      <trkpt lat="26.9174533" lon="75.8076106">
        <time>2018-10-10T22:29:30Z</time>
      </trkpt>
      <trkpt lat="26.9174533" lon="75.8076106">
        <time>2018-10-10T22:29:40Z</time>
      </trkpt>
      <trkpt lat="26.9174533" lon="75.8076106">
        <time>2018-10-10T22:29:51Z</time>
      </trkpt>
      <trkpt lat="26.9174533" lon="75.8076106">
        <time>2018-10-10T22:30:02Z</time>
      </trkpt>
      <trkpt lat="26.9174533" lon="75.8076106">
        <time>2018-10-10T22:30:13Z</time>
      </trkpt>
      <trkpt lat="26.9174533" lon="75.8076106">
        <time>2018-10-10T22:30:23Z</time>
      </trkpt>
      <trkpt lat="26.9174533" lon="75.8076106">
        <time>2018-10-10T22:30:33Z</time>
      </trkpt>
      <trkpt lat="26.9174533" lon="75.8076106">
        <time>2018-10-10T22:30:44Z</time>
      </trkpt>
      <trkpt lat="26.9174533" lon="75.8076106">
        <time>2018-10-10T22:30:54Z</time>
      </trkpt>
      <trkpt lat="26.9174533" lon="75.8076106">
        <time>2018-10-10T22:31:04Z</time>
      </trkpt>
      <trkpt lat="26.9174533" lon="75.8076106">
        <time>2018-10-10T22:31:14Z</time>
      </trkpt>
      <trkpt lat="26.9174533" lon="75.8076106">
        <time>2018-10-10T22:31:24Z</time>
      </trkpt>
      <trkpt lat="26.9174533" lon="75.8076106">
        <time>2018-10-10T22:31:35Z</time>
      </trkpt>
      <trkpt lat="26.9174533" lon="75.8076106">
        <time>2018-10-10T22:31:45Z</time>
      </trkpt>
      <trkpt lat="26.9174533" lon="75.8076106">
        <time>2018-10-10T22:31:56Z</time>
      </trkpt>
      <trkpt lat="26.9174533" lon="75.8076106">
        <time>2018-10-10T22:32:06Z</time>
      </trkpt>
      <trkpt lat="26.9174533" lon="75.8076106">
        <time>2018-10-10T22:32:17Z</time>
      </trkpt>
      <trkpt lat="26.9174533" lon="75.8076106">
        <time>2018-10-10T22:32:27Z</time>
      </trkpt>
      <trkpt lat="26.9174533" lon="75.8076106">
        <time>2018-10-10T22:32:37Z</time>
      </trkpt>
      <trkpt lat="26.9174533" lon="75.8076106">
        <time>2018-10-10T22:32:47Z</time>
      </trkpt>
      <trkpt lat="26.9174533" lon="75.8076106">
        <time>2018-10-10T22:32:57Z</time>
      </trkpt>
      <trkpt lat="26.9174533" lon="75.8076106">
        <time>2018-10-10T22:33:08Z</time>
      </trkpt>
      <trkpt lat="26.9174533" lon="75.8076106">
        <time>2018-10-10T22:33:18Z</time>
      </trkpt>
      <trkpt lat="26.9174533" lon="75.8076106">
        <time>2018-10-10T22:33:29Z</time>
      </trkpt>
      <trkpt lat="26.9174533" lon="75.8076106">
        <time>2018-10-10T22:33:39Z</time>
      </trkpt>
      <trkpt lat="26.9174533" lon="75.8076106">
        <time>2018-10-10T22:33:50Z</time>
      </trkpt>
      <trkpt lat="26.9174533" lon="75.8076106">
        <time>2018-10-10T22:34:00Z</time>
      </trkpt>
      <trkpt lat="26.9174533" lon="75.8076106">
        <time>2018-10-10T22:34:11Z</time>
      </trkpt>
      <trkpt lat="26.9174533" lon="75.8076106">
        <time>2018-10-10T22:34:22Z</time>
      </trkpt>
      <trkpt lat="26.9174533" lon="75.8076106">
        <time>2018-10-10T22:34:32Z</time>
      </trkpt>
      <trkpt lat="26.9174533" lon="75.8076106">
        <time>2018-10-10T22:34:43Z</time>
      </trkpt>
      <trkpt lat="26.9174533" lon="75.8076106">
        <time>2018-10-10T22:34:53Z</time>
      </trkpt>
      <trkpt lat="26.9174533" lon="75.8076106">
        <time>2018-10-10T22:35:04Z</time>
      </trkpt>
      <trkpt lat="26.9174533" lon="75.8076106">
        <time>2018-10-10T22:35:14Z</time>
      </trkpt>
      <trkpt lat="26.9174533" lon="75.8076106">
        <time>2018-10-10T22:35:25Z</time>
      </trkpt>
      <trkpt lat="26.9174533" lon="75.8076106">
        <time>2018-10-10T22:35:35Z</time>
      </trkpt>
      <trkpt lat="26.9174533" lon="75.8076106">
        <time>2018-10-10T22:35:47Z</time>
      </trkpt>
      <trkpt lat="26.9174533" lon="75.8076106">
        <time>2018-10-10T22:35:57Z</time>
      </trkpt>
      <trkpt lat="26.9174533" lon="75.8076106">
        <time>2018-10-10T22:36:08Z</time>
      </trkpt>
      <trkpt lat="26.9174533" lon="75.8076106">
        <time>2018-10-10T22:36:18Z</time>
      </trkpt>
      <trkpt lat="26.9174533" lon="75.8076106">
        <time>2018-10-10T22:36:28Z</time>
      </trkpt>
      <trkpt lat="26.9174533" lon="75.8076106">
        <time>2018-10-10T22:36:38Z</time>
      </trkpt>
      <trkpt lat="26.9174533" lon="75.8076106">
        <time>2018-10-10T22:36:49Z</time>
      </trkpt>
      <trkpt lat="26.9174533" lon="75.8076106">
        <time>2018-10-10T22:37:00Z</time>
      </trkpt>
      <trkpt lat="26.9174533" lon="75.8076106">
        <time>2018-10-10T22:37:10Z</time>
      </trkpt>
      <trkpt lat="26.9174533" lon="75.8076106">
        <time>2018-10-10T22:37:20Z</time>
      </trkpt>
      <trkpt lat="26.9174533" lon="75.8076106">
        <time>2018-10-10T22:37:30Z</time>
      </trkpt>
      <trkpt lat="26.9174533" lon="75.8076106">
        <time>2018-10-10T22:37:40Z</time>
      </trkpt>
      <trkpt lat="26.9174553" lon="75.8076087">
        <time>2018-10-10T22:37:51Z</time>
      </trkpt>
      <trkpt lat="26.9174553" lon="75.8076087">
        <time>2018-10-10T22:38:01Z</time>
      </trkpt>
      <trkpt lat="26.9174553" lon="75.8076087">
        <time>2018-10-10T22:38:12Z</time>
      </trkpt>
      <trkpt lat="26.9174553" lon="75.8076087">
        <time>2018-10-10T22:38:23Z</time>
      </trkpt>
      <trkpt lat="26.9174553" lon="75.8076087">
        <time>2018-10-10T22:38:33Z</time>
      </trkpt>
      <trkpt lat="26.9174553" lon="75.8076087">
        <time>2018-10-10T22:38:44Z</time>
      </trkpt>
      <trkpt lat="26.9174553" lon="75.8076087">
        <time>2018-10-10T22:38:54Z</time>
      </trkpt>
      <trkpt lat="26.9174553" lon="75.8076087">
        <time>2018-10-10T22:39:05Z</time>
      </trkpt>
      <trkpt lat="26.9174553" lon="75.8076087">
        <time>2018-10-10T22:39:15Z</time>
      </trkpt>
      <trkpt lat="26.9174553" lon="75.8076087">
        <time>2018-10-10T22:39:26Z</time>
      </trkpt>
      <trkpt lat="26.9174553" lon="75.8076087">
        <time>2018-10-10T22:39:37Z</time>
      </trkpt>
      <trkpt lat="26.9174553" lon="75.8076087">
        <time>2018-10-10T22:39:48Z</time>
      </trkpt>
      <trkpt lat="26.9174553" lon="75.8076087">
        <time>2018-10-10T22:39:58Z</time>
      </trkpt>
      <trkpt lat="26.9174553" lon="75.8076087">
        <time>2018-10-10T22:40:09Z</time>
      </trkpt>
      <trkpt lat="26.9174553" lon="75.8076087">
        <time>2018-10-10T22:40:19Z</time>
      </trkpt>
      <trkpt lat="26.9174553" lon="75.8076087">
        <time>2018-10-10T22:40:30Z</time>
      </trkpt>
      <trkpt lat="26.9174553" lon="75.8076087">
        <time>2018-10-10T22:40:40Z</time>
      </trkpt>
      <trkpt lat="26.9174553" lon="75.8076087">
        <time>2018-10-10T22:40:50Z</time>
      </trkpt>
      <trkpt lat="26.9174553" lon="75.8076087">
        <time>2018-10-10T22:41:01Z</time>
      </trkpt>
      <trkpt lat="26.9174553" lon="75.8076087">
        <time>2018-10-10T22:41:12Z</time>
      </trkpt>
      <trkpt lat="26.9174553" lon="75.8076087">
        <time>2018-10-10T22:41:23Z</time>
      </trkpt>
      <trkpt lat="26.9174553" lon="75.8076087">
        <time>2018-10-10T22:41:34Z</time>
      </trkpt>
      <trkpt lat="26.9174553" lon="75.8076087">
        <time>2018-10-10T22:41:44Z</time>
      </trkpt>
      <trkpt lat="26.9174553" lon="75.8076087">
        <time>2018-10-10T22:41:54Z</time>
      </trkpt>
      <trkpt lat="26.9174553" lon="75.8076087">
        <time>2018-10-10T22:42:05Z</time>
      </trkpt>
      <trkpt lat="26.9174553" lon="75.8076087">
        <time>2018-10-10T22:42:15Z</time>
      </trkpt>
      <trkpt lat="26.9174553" lon="75.8076087">
        <time>2018-10-10T22:42:25Z</time>
      </trkpt>
      <trkpt lat="26.9174553" lon="75.8076087">
        <time>2018-10-10T22:42:36Z</time>
      </trkpt>
      <trkpt lat="26.9174553" lon="75.8076087">
        <time>2018-10-10T22:42:47Z</time>
      </trkpt>
      <trkpt lat="26.9174553" lon="75.8076087">
        <time>2018-10-10T22:42:58Z</time>
      </trkpt>
      <trkpt lat="26.9174553" lon="75.8076087">
        <time>2018-10-10T22:43:08Z</time>
      </trkpt>
      <trkpt lat="26.9174553" lon="75.8076087">
        <time>2018-10-10T22:43:18Z</time>
      </trkpt>
      <trkpt lat="26.9174553" lon="75.8076087">
        <time>2018-10-10T22:43:28Z</time>
      </trkpt>
      <trkpt lat="26.9174553" lon="75.8076087">
        <time>2018-10-10T22:43:38Z</time>
      </trkpt>
      <trkpt lat="26.9174553" lon="75.8076087">
        <time>2018-10-10T22:43:49Z</time>
      </trkpt>
      <trkpt lat="26.9174553" lon="75.8076087">
        <time>2018-10-10T22:43:59Z</time>
      </trkpt>
      <trkpt lat="26.9174553" lon="75.8076087">
        <time>2018-10-10T22:44:09Z</time>
      </trkpt>
      <trkpt lat="26.9174553" lon="75.8076087">
        <time>2018-10-10T22:44:20Z</time>
      </trkpt>
      <trkpt lat="26.9174553" lon="75.8076087">
        <time>2018-10-10T22:44:30Z</time>
      </trkpt>
      <trkpt lat="26.9174553" lon="75.8076087">
        <time>2018-10-10T22:44:41Z</time>
      </trkpt>
      <trkpt lat="26.9174553" lon="75.8076087">
        <time>2018-10-10T22:44:52Z</time>
      </trkpt>
      <trkpt lat="26.9174553" lon="75.8076087">
        <time>2018-10-10T22:45:03Z</time>
      </trkpt>
      <trkpt lat="26.9174553" lon="75.8076087">
        <time>2018-10-10T22:45:13Z</time>
      </trkpt>
      <trkpt lat="26.9174553" lon="75.8076087">
        <time>2018-10-10T22:45:25Z</time>
      </trkpt>
      <trkpt lat="26.9174553" lon="75.8076087">
        <time>2018-10-10T22:45:35Z</time>
      </trkpt>
      <trkpt lat="26.9174553" lon="75.8076087">
        <time>2018-10-10T22:45:46Z</time>
      </trkpt>
      <trkpt lat="26.9174553" lon="75.8076087">
        <time>2018-10-10T22:45:56Z</time>
      </trkpt>
      <trkpt lat="26.9174553" lon="75.8076087">
        <time>2018-10-10T22:46:06Z</time>
      </trkpt>
      <trkpt lat="26.9174553" lon="75.8076087">
        <time>2018-10-10T22:46:17Z</time>
      </trkpt>
      <trkpt lat="26.9174553" lon="75.8076087">
        <time>2018-10-10T22:46:27Z</time>
      </trkpt>
      <trkpt lat="26.9174553" lon="75.8076087">
        <time>2018-10-10T22:46:38Z</time>
      </trkpt>
      <trkpt lat="26.9174553" lon="75.8076087">
        <time>2018-10-10T22:46:48Z</time>
      </trkpt>
      <trkpt lat="26.9174553" lon="75.8076087">
        <time>2018-10-10T22:46:58Z</time>
      </trkpt>
      <trkpt lat="26.9174553" lon="75.8076087">
        <time>2018-10-10T22:47:09Z</time>
      </trkpt>
      <trkpt lat="26.9174553" lon="75.8076087">
        <time>2018-10-10T22:47:19Z</time>
      </trkpt>
      <trkpt lat="26.9174553" lon="75.8076087">
        <time>2018-10-10T22:47:30Z</time>
      </trkpt>
      <trkpt lat="26.9174553" lon="75.8076087">
        <time>2018-10-10T22:47:40Z</time>
      </trkpt>
      <trkpt lat="26.9174553" lon="75.8076087">
        <time>2018-10-10T22:47:51Z</time>
      </trkpt>
      <trkpt lat="26.9174553" lon="75.8076087">
        <time>2018-10-10T22:48:01Z</time>
      </trkpt>
      <trkpt lat="26.9174553" lon="75.8076087">
        <time>2018-10-10T22:48:12Z</time>
      </trkpt>
      <trkpt lat="26.9174553" lon="75.8076087">
        <time>2018-10-10T22:48:23Z</time>
      </trkpt>
      <trkpt lat="26.9174553" lon="75.8076087">
        <time>2018-10-10T22:48:34Z</time>
      </trkpt>
      <trkpt lat="26.9174553" lon="75.8076087">
        <time>2018-10-10T22:48:45Z</time>
      </trkpt>
      <trkpt lat="26.9174553" lon="75.8076087">
        <time>2018-10-10T22:48:56Z</time>
      </trkpt>
      <trkpt lat="26.9174553" lon="75.8076087">
        <time>2018-10-10T22:49:06Z</time>
      </trkpt>
      <trkpt lat="26.9174553" lon="75.8076087">
        <time>2018-10-10T22:49:17Z</time>
      </trkpt>
      <trkpt lat="26.9174553" lon="75.8076087">
        <time>2018-10-10T22:49:27Z</time>
      </trkpt>
      <trkpt lat="26.9174553" lon="75.8076087">
        <time>2018-10-10T22:49:38Z</time>
      </trkpt>
      <trkpt lat="26.9174553" lon="75.8076087">
        <time>2018-10-10T22:49:49Z</time>
      </trkpt>
      <trkpt lat="26.9174553" lon="75.8076087">
        <time>2018-10-10T22:49:59Z</time>
      </trkpt>
      <trkpt lat="26.9174553" lon="75.8076087">
        <time>2018-10-10T22:50:10Z</time>
      </trkpt>
      <trkpt lat="26.9174553" lon="75.8076087">
        <time>2018-10-10T22:50:20Z</time>
      </trkpt>
      <trkpt lat="26.9174553" lon="75.8076087">
        <time>2018-10-10T22:50:31Z</time>
      </trkpt>
      <trkpt lat="26.9174553" lon="75.8076087">
        <time>2018-10-10T22:50:41Z</time>
      </trkpt>
      <trkpt lat="26.9174553" lon="75.8076087">
        <time>2018-10-10T22:50:52Z</time>
      </trkpt>
      <trkpt lat="26.9174553" lon="75.8076087">
        <time>2018-10-10T22:51:02Z</time>
      </trkpt>
      <trkpt lat="26.9174553" lon="75.8076087">
        <time>2018-10-10T22:51:13Z</time>
      </trkpt>
      <trkpt lat="26.9174553" lon="75.8076087">
        <time>2018-10-10T22:51:23Z</time>
      </trkpt>
      <trkpt lat="26.9174553" lon="75.8076087">
        <time>2018-10-10T22:51:33Z</time>
      </trkpt>
      <trkpt lat="26.9174553" lon="75.8076087">
        <time>2018-10-10T22:51:44Z</time>
      </trkpt>
      <trkpt lat="26.9174553" lon="75.8076087">
        <time>2018-10-10T22:51:55Z</time>
      </trkpt>
      <trkpt lat="26.9174553" lon="75.8076087">
        <time>2018-10-10T22:52:06Z</time>
      </trkpt>
      <trkpt lat="26.9174553" lon="75.8076087">
        <time>2018-10-10T22:52:17Z</time>
      </trkpt>
      <trkpt lat="26.9174553" lon="75.8076087">
        <time>2018-10-10T22:52:28Z</time>
      </trkpt>
      <trkpt lat="26.9174553" lon="75.8076087">
        <time>2018-10-10T22:52:38Z</time>
      </trkpt>
      <trkpt lat="26.9174553" lon="75.8076087">
        <time>2018-10-10T22:52:49Z</time>
      </trkpt>
      <trkpt lat="26.9174553" lon="75.8076087">
        <time>2018-10-10T22:52:59Z</time>
      </trkpt>
      <trkpt lat="26.9174553" lon="75.8076087">
        <time>2018-10-10T22:53:10Z</time>
      </trkpt>
      <trkpt lat="26.9174553" lon="75.8076087">
        <time>2018-10-10T22:53:21Z</time>
      </trkpt>
      <trkpt lat="26.9174553" lon="75.8076087">
        <time>2018-10-10T22:53:32Z</time>
      </trkpt>
      <trkpt lat="26.9174553" lon="75.8076087">
        <time>2018-10-10T22:53:42Z</time>
      </trkpt>
      <trkpt lat="26.9174553" lon="75.8076087">
        <time>2018-10-10T22:53:53Z</time>
      </trkpt>
      <trkpt lat="26.9174553" lon="75.8076087">
        <time>2018-10-10T22:54:03Z</time>
      </trkpt>
      <trkpt lat="26.9174553" lon="75.8076087">
        <time>2018-10-10T22:54:14Z</time>
      </trkpt>
      <trkpt lat="26.9174553" lon="75.8076087">
        <time>2018-10-10T22:54:25Z</time>
      </trkpt>
      <trkpt lat="26.9174553" lon="75.8076087">
        <time>2018-10-10T22:54:35Z</time>
      </trkpt>
      <trkpt lat="26.9174553" lon="75.8076087">
        <time>2018-10-10T22:54:46Z</time>
      </trkpt>
      <trkpt lat="26.9174553" lon="75.8076087">
        <time>2018-10-10T22:54:57Z</time>
      </trkpt>
      <trkpt lat="26.9174553" lon="75.8076087">
        <time>2018-10-10T22:55:07Z</time>
      </trkpt>
      <trkpt lat="26.9174553" lon="75.8076087">
        <time>2018-10-10T22:55:18Z</time>
      </trkpt>
      <trkpt lat="26.9174553" lon="75.8076087">
        <time>2018-10-10T22:55:29Z</time>
      </trkpt>
      <trkpt lat="26.9174553" lon="75.8076087">
        <time>2018-10-10T22:55:40Z</time>
      </trkpt>
      <trkpt lat="26.9174553" lon="75.8076087">
        <time>2018-10-10T22:55:51Z</time>
      </trkpt>
      <trkpt lat="26.9174553" lon="75.8076087">
        <time>2018-10-10T22:56:01Z</time>
      </trkpt>
      <trkpt lat="26.9174553" lon="75.8076087">
        <time>2018-10-10T22:56:11Z</time>
      </trkpt>
      <trkpt lat="26.9174553" lon="75.8076087">
        <time>2018-10-10T22:56:23Z</time>
      </trkpt>
      <trkpt lat="26.9174553" lon="75.8076087">
        <time>2018-10-10T22:56:33Z</time>
      </trkpt>
      <trkpt lat="26.9174553" lon="75.8076087">
        <time>2018-10-10T22:56:43Z</time>
      </trkpt>
      <trkpt lat="26.9174553" lon="75.8076087">
        <time>2018-10-10T22:56:54Z</time>
      </trkpt>
      <trkpt lat="26.9174553" lon="75.8076087">
        <time>2018-10-10T22:57:05Z</time>
      </trkpt>
      <trkpt lat="26.9174553" lon="75.8076087">
        <time>2018-10-10T22:57:15Z</time>
      </trkpt>
      <trkpt lat="26.9174553" lon="75.8076087">
        <time>2018-10-10T22:57:25Z</time>
      </trkpt>
      <trkpt lat="26.9174553" lon="75.8076087">
        <time>2018-10-10T22:57:36Z</time>
      </trkpt>
      <trkpt lat="26.9174553" lon="75.8076087">
        <time>2018-10-10T22:57:46Z</time>
      </trkpt>
      <trkpt lat="26.9174553" lon="75.8076087">
        <time>2018-10-10T22:57:57Z</time>
      </trkpt>
      <trkpt lat="26.9174553" lon="75.8076087">
        <time>2018-10-10T22:58:08Z</time>
      </trkpt>
      <trkpt lat="26.9174553" lon="75.8076087">
        <time>2018-10-10T22:58:18Z</time>
      </trkpt>
      <trkpt lat="26.9174553" lon="75.8076087">
        <time>2018-10-10T22:58:29Z</time>
      </trkpt>
      <trkpt lat="26.9174553" lon="75.8076087">
        <time>2018-10-10T22:58:39Z</time>
      </trkpt>
      <trkpt lat="26.9174553" lon="75.8076087">
        <time>2018-10-10T22:58:49Z</time>
      </trkpt>
      <trkpt lat="26.9174553" lon="75.8076087">
        <time>2018-10-10T22:59:00Z</time>
      </trkpt>
      <trkpt lat="26.9174553" lon="75.8076087">
        <time>2018-10-10T22:59:10Z</time>
      </trkpt>
      <trkpt lat="26.9174553" lon="75.8076087">
        <time>2018-10-10T22:59:21Z</time>
      </trkpt>
      <trkpt lat="26.9174553" lon="75.8076087">
        <time>2018-10-10T22:59:32Z</time>
      </trkpt>
      <trkpt lat="26.9174553" lon="75.8076087">
        <time>2018-10-10T22:59:42Z</time>
      </trkpt>
      <trkpt lat="26.9174553" lon="75.8076087">
        <time>2018-10-10T22:59:52Z</time>
      </trkpt>
      <trkpt lat="26.9174553" lon="75.8076087">
        <time>2018-10-10T23:00:02Z</time>
      </trkpt>
      <trkpt lat="26.9174553" lon="75.8076087">
        <time>2018-10-10T23:00:12Z</time>
      </trkpt>
      <trkpt lat="26.9174553" lon="75.8076087">
        <time>2018-10-10T23:00:23Z</time>
      </trkpt>
      <trkpt lat="26.9174553" lon="75.8076087">
        <time>2018-10-10T23:00:34Z</time>
      </trkpt>
      <trkpt lat="26.9174553" lon="75.8076087">
        <time>2018-10-10T23:00:44Z</time>
      </trkpt>
      <trkpt lat="26.9174553" lon="75.8076087">
        <time>2018-10-10T23:00:54Z</time>
      </trkpt>
      <trkpt lat="26.9174553" lon="75.8076087">
        <time>2018-10-10T23:01:04Z</time>
      </trkpt>
      <trkpt lat="26.9174553" lon="75.8076087">
        <time>2018-10-10T23:01:15Z</time>
      </trkpt>
      <trkpt lat="26.9174553" lon="75.8076087">
        <time>2018-10-10T23:01:25Z</time>
      </trkpt>
      <trkpt lat="26.9174553" lon="75.8076087">
        <time>2018-10-10T23:01:36Z</time>
      </trkpt>
      <trkpt lat="26.9174553" lon="75.8076087">
        <time>2018-10-10T23:01:47Z</time>
      </trkpt>
      <trkpt lat="26.9174553" lon="75.8076087">
        <time>2018-10-10T23:01:58Z</time>
      </trkpt>
      <trkpt lat="26.9174553" lon="75.8076087">
        <time>2018-10-10T23:02:08Z</time>
      </trkpt>
      <trkpt lat="26.9174553" lon="75.8076087">
        <time>2018-10-10T23:02:19Z</time>
      </trkpt>
      <trkpt lat="26.9174553" lon="75.8076087">
        <time>2018-10-10T23:02:29Z</time>
      </trkpt>
      <trkpt lat="26.9174553" lon="75.8076087">
        <time>2018-10-10T23:02:40Z</time>
      </trkpt>
      <trkpt lat="26.9174553" lon="75.8076087">
        <time>2018-10-10T23:02:51Z</time>
      </trkpt>
      <trkpt lat="26.9174553" lon="75.8076087">
        <time>2018-10-10T23:03:02Z</time>
      </trkpt>
      <trkpt lat="26.9174553" lon="75.8076087">
        <time>2018-10-10T23:03:13Z</time>
      </trkpt>
      <trkpt lat="26.9174553" lon="75.8076087">
        <time>2018-10-10T23:03:23Z</time>
      </trkpt>
      <trkpt lat="26.9174553" lon="75.8076087">
        <time>2018-10-10T23:03:34Z</time>
      </trkpt>
      <trkpt lat="26.9174553" lon="75.8076087">
        <time>2018-10-10T23:03:44Z</time>
      </trkpt>
      <trkpt lat="26.9174553" lon="75.8076087">
        <time>2018-10-10T23:03:55Z</time>
      </trkpt>
      <trkpt lat="26.9174553" lon="75.8076087">
        <time>2018-10-10T23:04:06Z</time>
      </trkpt>
      <trkpt lat="26.9174553" lon="75.8076087">
        <time>2018-10-10T23:04:17Z</time>
      </trkpt>
      <trkpt lat="26.9174553" lon="75.8076087">
        <time>2018-10-10T23:04:27Z</time>
      </trkpt>
      <trkpt lat="26.9174553" lon="75.8076087">
        <time>2018-10-10T23:04:38Z</time>
      </trkpt>
      <trkpt lat="26.9174553" lon="75.8076087">
        <time>2018-10-10T23:04:48Z</time>
      </trkpt>
      <trkpt lat="26.9174553" lon="75.8076087">
        <time>2018-10-10T23:04:59Z</time>
      </trkpt>
      <trkpt lat="26.9174553" lon="75.8076087">
        <time>2018-10-10T23:05:10Z</time>
      </trkpt>
      <trkpt lat="26.9174553" lon="75.8076087">
        <time>2018-10-10T23:05:20Z</time>
      </trkpt>
      <trkpt lat="26.9174553" lon="75.8076087">
        <time>2018-10-10T23:05:31Z</time>
      </trkpt>
      <trkpt lat="26.9174553" lon="75.8076087">
        <time>2018-10-10T23:05:42Z</time>
      </trkpt>
      <trkpt lat="26.9174553" lon="75.8076087">
        <time>2018-10-10T23:05:53Z</time>
      </trkpt>
      <trkpt lat="26.9174582" lon="75.8075931">
        <time>2018-10-10T23:06:03Z</time>
      </trkpt>
      <trkpt lat="26.9174582" lon="75.8075931">
        <time>2018-10-10T23:06:13Z</time>
      </trkpt>
      <trkpt lat="26.9174691" lon="75.8075860">
        <time>2018-10-10T23:06:24Z</time>
      </trkpt>
      <trkpt lat="26.9174691" lon="75.8075860">
        <time>2018-10-10T23:06:34Z</time>
      </trkpt>
      <trkpt lat="26.9174691" lon="75.8075860">
        <time>2018-10-10T23:06:45Z</time>
      </trkpt>
      <trkpt lat="26.9174691" lon="75.8075860">
        <time>2018-10-10T23:06:55Z</time>
      </trkpt>
      <trkpt lat="26.9174691" lon="75.8075860">
        <time>2018-10-10T23:07:05Z</time>
      </trkpt>
      <trkpt lat="26.9174691" lon="75.8075860">
        <time>2018-10-10T23:07:15Z</time>
      </trkpt>
      <trkpt lat="26.9174691" lon="75.8075860">
        <time>2018-10-10T23:07:25Z</time>
      </trkpt>
      <trkpt lat="26.9174691" lon="75.8075860">
        <time>2018-10-10T23:07:35Z</time>
      </trkpt>
      <trkpt lat="26.9174691" lon="75.8075860">
        <time>2018-10-10T23:07:46Z</time>
      </trkpt>
      <trkpt lat="26.9174691" lon="75.8075860">
        <time>2018-10-10T23:07:56Z</time>
      </trkpt>
      <trkpt lat="26.9174691" lon="75.8075860">
        <time>2018-10-10T23:08:06Z</time>
      </trkpt>
      <trkpt lat="26.9174691" lon="75.8075860">
        <time>2018-10-10T23:08:17Z</time>
      </trkpt>
      <trkpt lat="26.9174691" lon="75.8075860">
        <time>2018-10-10T23:08:28Z</time>
      </trkpt>
      <trkpt lat="26.9174691" lon="75.8075860">
        <time>2018-10-10T23:08:38Z</time>
      </trkpt>
      <trkpt lat="26.9174691" lon="75.8075860">
        <time>2018-10-10T23:08:49Z</time>
      </trkpt>
      <trkpt lat="26.9174691" lon="75.8075860">
        <time>2018-10-10T23:09:00Z</time>
      </trkpt>
      <trkpt lat="26.9174691" lon="75.8075860">
        <time>2018-10-10T23:09:10Z</time>
      </trkpt>
      <trkpt lat="26.9174691" lon="75.8075860">
        <time>2018-10-10T23:09:21Z</time>
      </trkpt>
      <trkpt lat="26.9174691" lon="75.8075860">
        <time>2018-10-10T23:09:31Z</time>
      </trkpt>
      <trkpt lat="26.9174691" lon="75.8075860">
        <time>2018-10-10T23:09:42Z</time>
      </trkpt>
      <trkpt lat="26.9174691" lon="75.8075860">
        <time>2018-10-10T23:09:53Z</time>
      </trkpt>
      <trkpt lat="26.9174691" lon="75.8075860">
        <time>2018-10-10T23:10:03Z</time>
      </trkpt>
      <trkpt lat="26.9174691" lon="75.8075860">
        <time>2018-10-10T23:10:14Z</time>
      </trkpt>
      <trkpt lat="26.9174691" lon="75.8075860">
        <time>2018-10-10T23:10:24Z</time>
      </trkpt>
      <trkpt lat="26.9174691" lon="75.8075860">
        <time>2018-10-10T23:10:35Z</time>
      </trkpt>
      <trkpt lat="26.9174691" lon="75.8075860">
        <time>2018-10-10T23:10:46Z</time>
      </trkpt>
      <trkpt lat="26.9174691" lon="75.8075860">
        <time>2018-10-10T23:10:56Z</time>
      </trkpt>
      <trkpt lat="26.9174691" lon="75.8075860">
        <time>2018-10-10T23:11:06Z</time>
      </trkpt>
      <trkpt lat="26.9174691" lon="75.8075860">
        <time>2018-10-10T23:11:17Z</time>
      </trkpt>
      <trkpt lat="26.9174691" lon="75.8075860">
        <time>2018-10-10T23:11:28Z</time>
      </trkpt>
      <trkpt lat="26.9174691" lon="75.8075860">
        <time>2018-10-10T23:11:39Z</time>
      </trkpt>
      <trkpt lat="26.9174691" lon="75.8075860">
        <time>2018-10-10T23:11:50Z</time>
      </trkpt>
      <trkpt lat="26.9174691" lon="75.8075860">
        <time>2018-10-10T23:12:00Z</time>
      </trkpt>
      <trkpt lat="26.9174691" lon="75.8075860">
        <time>2018-10-10T23:12:11Z</time>
      </trkpt>
      <trkpt lat="26.9174691" lon="75.8075860">
        <time>2018-10-10T23:12:21Z</time>
      </trkpt>
      <trkpt lat="26.9174691" lon="75.8075860">
        <time>2018-10-10T23:12:32Z</time>
      </trkpt>
      <trkpt lat="26.9174691" lon="75.8075860">
        <time>2018-10-10T23:12:43Z</time>
      </trkpt>
      <trkpt lat="26.9174691" lon="75.8075860">
        <time>2018-10-10T23:12:54Z</time>
      </trkpt>
      <trkpt lat="26.9174691" lon="75.8075860">
        <time>2018-10-10T23:13:04Z</time>
      </trkpt>
      <trkpt lat="26.9174691" lon="75.8075860">
        <time>2018-10-10T23:13:14Z</time>
      </trkpt>
      <trkpt lat="26.9174691" lon="75.8075860">
        <time>2018-10-10T23:13:25Z</time>
      </trkpt>
      <trkpt lat="26.9174691" lon="75.8075860">
        <time>2018-10-10T23:13:35Z</time>
      </trkpt>
      <trkpt lat="26.9174691" lon="75.8075860">
        <time>2018-10-10T23:13:46Z</time>
      </trkpt>
      <trkpt lat="26.9174691" lon="75.8075860">
        <time>2018-10-10T23:13:56Z</time>
      </trkpt>
      <trkpt lat="26.9174691" lon="75.8075860">
        <time>2018-10-10T23:14:07Z</time>
      </trkpt>
      <trkpt lat="26.9174691" lon="75.8075860">
        <time>2018-10-10T23:14:17Z</time>
      </trkpt>
      <trkpt lat="26.9174691" lon="75.8075860">
        <time>2018-10-10T23:14:27Z</time>
      </trkpt>
      <trkpt lat="26.9174691" lon="75.8075860">
        <time>2018-10-10T23:14:38Z</time>
      </trkpt>
      <trkpt lat="26.9174691" lon="75.8075860">
        <time>2018-10-10T23:14:48Z</time>
      </trkpt>
      <trkpt lat="26.9174691" lon="75.8075860">
        <time>2018-10-10T23:14:59Z</time>
      </trkpt>
      <trkpt lat="26.9174691" lon="75.8075860">
        <time>2018-10-10T23:15:09Z</time>
      </trkpt>
      <trkpt lat="26.9174691" lon="75.8075860">
        <time>2018-10-10T23:15:19Z</time>
      </trkpt>
      <trkpt lat="26.9174691" lon="75.8075860">
        <time>2018-10-10T23:15:30Z</time>
      </trkpt>
      <trkpt lat="26.9174691" lon="75.8075860">
        <time>2018-10-10T23:15:41Z</time>
      </trkpt>
      <trkpt lat="26.9174691" lon="75.8075860">
        <time>2018-10-10T23:15:51Z</time>
      </trkpt>
      <trkpt lat="26.9174691" lon="75.8075860">
        <time>2018-10-10T23:16:01Z</time>
      </trkpt>
      <trkpt lat="26.9174691" lon="75.8075860">
        <time>2018-10-10T23:16:11Z</time>
      </trkpt>
      <trkpt lat="26.9174691" lon="75.8075860">
        <time>2018-10-10T23:16:21Z</time>
      </trkpt>
      <trkpt lat="26.9174691" lon="75.8075860">
        <time>2018-10-10T23:16:32Z</time>
      </trkpt>
      <trkpt lat="26.9174691" lon="75.8075860">
        <time>2018-10-10T23:16:42Z</time>
      </trkpt>
      <trkpt lat="26.9174691" lon="75.8075860">
        <time>2018-10-10T23:16:53Z</time>
      </trkpt>
      <trkpt lat="26.9174691" lon="75.8075860">
        <time>2018-10-10T23:17:04Z</time>
      </trkpt>
      <trkpt lat="26.9174691" lon="75.8075860">
        <time>2018-10-10T23:17:14Z</time>
      </trkpt>
      <trkpt lat="26.9174691" lon="75.8075860">
        <time>2018-10-10T23:17:25Z</time>
      </trkpt>
      <trkpt lat="26.9174691" lon="75.8075860">
        <time>2018-10-10T23:17:36Z</time>
      </trkpt>
      <trkpt lat="26.9174691" lon="75.8075860">
        <time>2018-10-10T23:17:47Z</time>
      </trkpt>
      <trkpt lat="26.9174691" lon="75.8075860">
        <time>2018-10-10T23:17:57Z</time>
      </trkpt>
      <trkpt lat="26.9174691" lon="75.8075860">
        <time>2018-10-10T23:18:08Z</time>
      </trkpt>
      <trkpt lat="26.9174691" lon="75.8075860">
        <time>2018-10-10T23:18:18Z</time>
      </trkpt>
      <trkpt lat="26.9174691" lon="75.8075860">
        <time>2018-10-10T23:18:28Z</time>
      </trkpt>
      <trkpt lat="26.9174691" lon="75.8075860">
        <time>2018-10-10T23:18:39Z</time>
      </trkpt>
      <trkpt lat="26.9174691" lon="75.8075860">
        <time>2018-10-10T23:18:49Z</time>
      </trkpt>
      <trkpt lat="26.9174691" lon="75.8075860">
        <time>2018-10-10T23:19:00Z</time>
      </trkpt>
      <trkpt lat="26.9174691" lon="75.8075860">
        <time>2018-10-10T23:19:10Z</time>
      </trkpt>
      <trkpt lat="26.9174691" lon="75.8075860">
        <time>2018-10-10T23:19:20Z</time>
      </trkpt>
      <trkpt lat="26.9174691" lon="75.8075860">
        <time>2018-10-10T23:19:30Z</time>
      </trkpt>
      <trkpt lat="26.9174691" lon="75.8075860">
        <time>2018-10-10T23:19:41Z</time>
      </trkpt>
      <trkpt lat="26.9174691" lon="75.8075860">
        <time>2018-10-10T23:19:52Z</time>
      </trkpt>
      <trkpt lat="26.9174691" lon="75.8075860">
        <time>2018-10-10T23:20:03Z</time>
      </trkpt>
      <trkpt lat="26.9174691" lon="75.8075860">
        <time>2018-10-10T23:20:14Z</time>
      </trkpt>
      <trkpt lat="26.9174691" lon="75.8075860">
        <time>2018-10-10T23:20:24Z</time>
      </trkpt>
      <trkpt lat="26.9174691" lon="75.8075860">
        <time>2018-10-10T23:20:35Z</time>
      </trkpt>
      <trkpt lat="26.9174691" lon="75.8075860">
        <time>2018-10-10T23:20:45Z</time>
      </trkpt>
      <trkpt lat="26.9174691" lon="75.8075860">
        <time>2018-10-10T23:20:55Z</time>
      </trkpt>
      <trkpt lat="26.9174691" lon="75.8075860">
        <time>2018-10-10T23:21:06Z</time>
      </trkpt>
      <trkpt lat="26.9174691" lon="75.8075860">
        <time>2018-10-10T23:21:16Z</time>
      </trkpt>
      <trkpt lat="26.9174691" lon="75.8075860">
        <time>2018-10-10T23:21:26Z</time>
      </trkpt>
      <trkpt lat="26.9174691" lon="75.8075860">
        <time>2018-10-10T23:21:36Z</time>
      </trkpt>
      <trkpt lat="26.9174691" lon="75.8075860">
        <time>2018-10-10T23:21:46Z</time>
      </trkpt>
      <trkpt lat="26.9174691" lon="75.8075860">
        <time>2018-10-10T23:21:57Z</time>
      </trkpt>
      <trkpt lat="26.9174691" lon="75.8075860">
        <time>2018-10-10T23:22:07Z</time>
      </trkpt>
      <trkpt lat="26.9174691" lon="75.8075860">
        <time>2018-10-10T23:22:18Z</time>
      </trkpt>
      <trkpt lat="26.9174691" lon="75.8075860">
        <time>2018-10-10T23:22:29Z</time>
      </trkpt>
      <trkpt lat="26.9174691" lon="75.8075860">
        <time>2018-10-10T23:22:40Z</time>
      </trkpt>
      <trkpt lat="26.9174691" lon="75.8075860">
        <time>2018-10-10T23:22:50Z</time>
      </trkpt>
      <trkpt lat="26.9174691" lon="75.8075860">
        <time>2018-10-10T23:23:01Z</time>
      </trkpt>
      <trkpt lat="26.9174691" lon="75.8075860">
        <time>2018-10-10T23:23:11Z</time>
      </trkpt>
      <trkpt lat="26.9174691" lon="75.8075860">
        <time>2018-10-10T23:23:22Z</time>
      </trkpt>
      <trkpt lat="26.9174691" lon="75.8075860">
        <time>2018-10-10T23:23:33Z</time>
      </trkpt>
      <trkpt lat="26.9174691" lon="75.8075860">
        <time>2018-10-10T23:23:44Z</time>
      </trkpt>
      <trkpt lat="26.9174691" lon="75.8075860">
        <time>2018-10-10T23:23:55Z</time>
      </trkpt>
      <trkpt lat="26.9174691" lon="75.8075860">
        <time>2018-10-10T23:24:05Z</time>
      </trkpt>
      <trkpt lat="26.9174691" lon="75.8075860">
        <time>2018-10-10T23:24:16Z</time>
      </trkpt>
      <trkpt lat="26.9174691" lon="75.8075860">
        <time>2018-10-10T23:24:27Z</time>
      </trkpt>
      <trkpt lat="26.9174691" lon="75.8075860">
        <time>2018-10-10T23:24:37Z</time>
      </trkpt>
      <trkpt lat="26.9174691" lon="75.8075860">
        <time>2018-10-10T23:24:47Z</time>
      </trkpt>
      <trkpt lat="26.9174691" lon="75.8075860">
        <time>2018-10-10T23:24:57Z</time>
      </trkpt>
      <trkpt lat="26.9174691" lon="75.8075860">
        <time>2018-10-10T23:25:07Z</time>
      </trkpt>
      <trkpt lat="26.9174691" lon="75.8075860">
        <time>2018-10-10T23:25:18Z</time>
      </trkpt>
      <trkpt lat="26.9174691" lon="75.8075860">
        <time>2018-10-10T23:25:29Z</time>
      </trkpt>
      <trkpt lat="26.9174691" lon="75.8075860">
        <time>2018-10-10T23:25:39Z</time>
      </trkpt>
      <trkpt lat="26.9174691" lon="75.8075860">
        <time>2018-10-10T23:25:50Z</time>
      </trkpt>
      <trkpt lat="26.9174691" lon="75.8075860">
        <time>2018-10-10T23:26:01Z</time>
      </trkpt>
      <trkpt lat="26.9174691" lon="75.8075860">
        <time>2018-10-10T23:26:11Z</time>
      </trkpt>
      <trkpt lat="26.9174691" lon="75.8075860">
        <time>2018-10-10T23:26:21Z</time>
      </trkpt>
      <trkpt lat="26.9174691" lon="75.8075860">
        <time>2018-10-10T23:26:32Z</time>
      </trkpt>
      <trkpt lat="26.9174691" lon="75.8075860">
        <time>2018-10-10T23:26:43Z</time>
      </trkpt>
      <trkpt lat="26.9174691" lon="75.8075860">
        <time>2018-10-10T23:26:54Z</time>
      </trkpt>
      <trkpt lat="26.9174691" lon="75.8075860">
        <time>2018-10-10T23:27:05Z</time>
      </trkpt>
      <trkpt lat="26.9174691" lon="75.8075860">
        <time>2018-10-10T23:27:15Z</time>
      </trkpt>
      <trkpt lat="26.9174691" lon="75.8075860">
        <time>2018-10-10T23:27:26Z</time>
      </trkpt>
      <trkpt lat="26.9174691" lon="75.8075860">
        <time>2018-10-10T23:27:37Z</time>
      </trkpt>
      <trkpt lat="26.9174691" lon="75.8075860">
        <time>2018-10-10T23:27:48Z</time>
      </trkpt>
      <trkpt lat="26.9174691" lon="75.8075860">
        <time>2018-10-10T23:27:59Z</time>
      </trkpt>
      <trkpt lat="26.9174691" lon="75.8075860">
        <time>2018-10-10T23:28:09Z</time>
      </trkpt>
      <trkpt lat="26.9174691" lon="75.8075860">
        <time>2018-10-10T23:28:19Z</time>
      </trkpt>
      <trkpt lat="26.9174691" lon="75.8075860">
        <time>2018-10-10T23:28:30Z</time>
      </trkpt>
      <trkpt lat="26.9174691" lon="75.8075860">
        <time>2018-10-10T23:28:41Z</time>
      </trkpt>
      <trkpt lat="26.9174691" lon="75.8075860">
        <time>2018-10-10T23:28:52Z</time>
      </trkpt>
      <trkpt lat="26.9174691" lon="75.8075860">
        <time>2018-10-10T23:29:02Z</time>
      </trkpt>
      <trkpt lat="26.9174691" lon="75.8075860">
        <time>2018-10-10T23:29:12Z</time>
      </trkpt>
      <trkpt lat="26.9174691" lon="75.8075860">
        <time>2018-10-10T23:29:23Z</time>
      </trkpt>
      <trkpt lat="26.9174691" lon="75.8075860">
        <time>2018-10-10T23:29:33Z</time>
      </trkpt>
      <trkpt lat="26.9174691" lon="75.8075860">
        <time>2018-10-10T23:29:44Z</time>
      </trkpt>
      <trkpt lat="26.9174691" lon="75.8075860">
        <time>2018-10-10T23:29:54Z</time>
      </trkpt>
      <trkpt lat="26.9174679" lon="75.8075923">
        <time>2018-10-10T23:30:05Z</time>
      </trkpt>
      <trkpt lat="26.9174679" lon="75.8075923">
        <time>2018-10-10T23:30:15Z</time>
      </trkpt>
      <trkpt lat="26.9174679" lon="75.8075923">
        <time>2018-10-10T23:30:26Z</time>
      </trkpt>
      <trkpt lat="26.9174679" lon="75.8075923">
        <time>2018-10-10T23:30:36Z</time>
      </trkpt>
      <trkpt lat="26.9174679" lon="75.8075923">
        <time>2018-10-10T23:30:47Z</time>
      </trkpt>
      <trkpt lat="26.9174679" lon="75.8075923">
        <time>2018-10-10T23:30:57Z</time>
      </trkpt>
      <trkpt lat="26.9174679" lon="75.8075923">
        <time>2018-10-10T23:31:07Z</time>
      </trkpt>
      <trkpt lat="26.9174679" lon="75.8075923">
        <time>2018-10-10T23:31:17Z</time>
      </trkpt>
      <trkpt lat="26.9174679" lon="75.8075923">
        <time>2018-10-10T23:31:28Z</time>
      </trkpt>
      <trkpt lat="26.9174679" lon="75.8075923">
        <time>2018-10-10T23:31:38Z</time>
      </trkpt>
      <trkpt lat="26.9174679" lon="75.8075923">
        <time>2018-10-10T23:31:48Z</time>
      </trkpt>
      <trkpt lat="26.9174679" lon="75.8075923">
        <time>2018-10-10T23:31:59Z</time>
      </trkpt>
      <trkpt lat="26.9174679" lon="75.8075923">
        <time>2018-10-10T23:32:10Z</time>
      </trkpt>
      <trkpt lat="26.9174679" lon="75.8075923">
        <time>2018-10-10T23:32:21Z</time>
      </trkpt>
      <trkpt lat="26.9174679" lon="75.8075923">
        <time>2018-10-10T23:32:31Z</time>
      </trkpt>
      <trkpt lat="26.9174679" lon="75.8075923">
        <time>2018-10-10T23:32:42Z</time>
      </trkpt>
      <trkpt lat="26.9174679" lon="75.8075923">
        <time>2018-10-10T23:32:52Z</time>
      </trkpt>
      <trkpt lat="26.9174679" lon="75.8075923">
        <time>2018-10-10T23:33:02Z</time>
      </trkpt>
      <trkpt lat="26.9174679" lon="75.8075923">
        <time>2018-10-10T23:33:13Z</time>
      </trkpt>
      <trkpt lat="26.9174679" lon="75.8075923">
        <time>2018-10-10T23:33:24Z</time>
      </trkpt>
      <trkpt lat="26.9174679" lon="75.8075923">
        <time>2018-10-10T23:33:34Z</time>
      </trkpt>
      <trkpt lat="26.9174679" lon="75.8075923">
        <time>2018-10-10T23:33:44Z</time>
      </trkpt>
      <trkpt lat="26.9174679" lon="75.8075923">
        <time>2018-10-10T23:33:55Z</time>
      </trkpt>
      <trkpt lat="26.9174679" lon="75.8075923">
        <time>2018-10-10T23:34:06Z</time>
      </trkpt>
      <trkpt lat="26.9174679" lon="75.8075923">
        <time>2018-10-10T23:34:17Z</time>
      </trkpt>
      <trkpt lat="26.9174679" lon="75.8075923">
        <time>2018-10-10T23:34:28Z</time>
      </trkpt>
      <trkpt lat="26.9174679" lon="75.8075923">
        <time>2018-10-10T23:34:39Z</time>
      </trkpt>
      <trkpt lat="26.9174679" lon="75.8075923">
        <time>2018-10-10T23:34:50Z</time>
      </trkpt>
      <trkpt lat="26.9174679" lon="75.8075923">
        <time>2018-10-10T23:35:01Z</time>
      </trkpt>
      <trkpt lat="26.9174679" lon="75.8075923">
        <time>2018-10-10T23:35:11Z</time>
      </trkpt>
      <trkpt lat="26.9174679" lon="75.8075923">
        <time>2018-10-10T23:35:22Z</time>
      </trkpt>
      <trkpt lat="26.9174679" lon="75.8075923">
        <time>2018-10-10T23:35:32Z</time>
      </trkpt>
      <trkpt lat="26.9174679" lon="75.8075923">
        <time>2018-10-10T23:35:43Z</time>
      </trkpt>
      <trkpt lat="26.9174679" lon="75.8075923">
        <time>2018-10-10T23:35:53Z</time>
      </trkpt>
      <trkpt lat="26.9174679" lon="75.8075923">
        <time>2018-10-10T23:36:04Z</time>
      </trkpt>
      <trkpt lat="26.9174679" lon="75.8075923">
        <time>2018-10-10T23:36:14Z</time>
      </trkpt>
      <trkpt lat="26.9174679" lon="75.8075923">
        <time>2018-10-10T23:36:25Z</time>
      </trkpt>
      <trkpt lat="26.9174679" lon="75.8075923">
        <time>2018-10-10T23:36:35Z</time>
      </trkpt>
      <trkpt lat="26.9174679" lon="75.8075923">
        <time>2018-10-10T23:36:46Z</time>
      </trkpt>
      <trkpt lat="26.9174679" lon="75.8075923">
        <time>2018-10-10T23:36:57Z</time>
      </trkpt>
      <trkpt lat="26.9174679" lon="75.8075923">
        <time>2018-10-10T23:37:08Z</time>
      </trkpt>
      <trkpt lat="26.9174679" lon="75.8075923">
        <time>2018-10-10T23:37:18Z</time>
      </trkpt>
      <trkpt lat="26.9174679" lon="75.8075923">
        <time>2018-10-10T23:37:29Z</time>
      </trkpt>
      <trkpt lat="26.9174679" lon="75.8075923">
        <time>2018-10-10T23:37:39Z</time>
      </trkpt>
      <trkpt lat="26.9174679" lon="75.8075923">
        <time>2018-10-10T23:37:49Z</time>
      </trkpt>
      <trkpt lat="26.9174679" lon="75.8075923">
        <time>2018-10-10T23:37:59Z</time>
      </trkpt>
      <trkpt lat="26.9174679" lon="75.8075923">
        <time>2018-10-10T23:38:09Z</time>
      </trkpt>
      <trkpt lat="26.9174679" lon="75.8075923">
        <time>2018-10-10T23:38:20Z</time>
      </trkpt>
      <trkpt lat="26.9174679" lon="75.8075923">
        <time>2018-10-10T23:38:31Z</time>
      </trkpt>
      <trkpt lat="26.9174679" lon="75.8075923">
        <time>2018-10-10T23:38:41Z</time>
      </trkpt>
      <trkpt lat="26.9174679" lon="75.8075923">
        <time>2018-10-10T23:38:51Z</time>
      </trkpt>
      <trkpt lat="26.9174679" lon="75.8075923">
        <time>2018-10-10T23:39:01Z</time>
      </trkpt>
      <trkpt lat="26.9174679" lon="75.8075923">
        <time>2018-10-10T23:39:12Z</time>
      </trkpt>
      <trkpt lat="26.9174679" lon="75.8075923">
        <time>2018-10-10T23:39:23Z</time>
      </trkpt>
      <trkpt lat="26.9174679" lon="75.8075923">
        <time>2018-10-10T23:39:33Z</time>
      </trkpt>
      <trkpt lat="26.9174679" lon="75.8075923">
        <time>2018-10-10T23:39:44Z</time>
      </trkpt>
      <trkpt lat="26.9174679" lon="75.8075923">
        <time>2018-10-10T23:39:54Z</time>
      </trkpt>
      <trkpt lat="26.9174679" lon="75.8075923">
        <time>2018-10-10T23:40:04Z</time>
      </trkpt>
      <trkpt lat="26.9174679" lon="75.8075923">
        <time>2018-10-10T23:40:15Z</time>
      </trkpt>
      <trkpt lat="26.9174679" lon="75.8075923">
        <time>2018-10-10T23:40:25Z</time>
      </trkpt>
      <trkpt lat="26.9174679" lon="75.8075923">
        <time>2018-10-10T23:40:36Z</time>
      </trkpt>
      <trkpt lat="26.9174679" lon="75.8075923">
        <time>2018-10-10T23:40:46Z</time>
      </trkpt>
      <trkpt lat="26.9174679" lon="75.8075923">
        <time>2018-10-10T23:40:57Z</time>
      </trkpt>
      <trkpt lat="26.9174679" lon="75.8075923">
        <time>2018-10-10T23:41:07Z</time>
      </trkpt>
      <trkpt lat="26.9174679" lon="75.8075923">
        <time>2018-10-10T23:41:17Z</time>
      </trkpt>
      <trkpt lat="26.9174679" lon="75.8075923">
        <time>2018-10-10T23:41:28Z</time>
      </trkpt>
      <trkpt lat="26.9174679" lon="75.8075923">
        <time>2018-10-10T23:41:38Z</time>
      </trkpt>
      <trkpt lat="26.9174679" lon="75.8075923">
        <time>2018-10-10T23:41:49Z</time>
      </trkpt>
      <trkpt lat="26.9174679" lon="75.8075923">
        <time>2018-10-10T23:41:59Z</time>
      </trkpt>
      <trkpt lat="26.9174679" lon="75.8075923">
        <time>2018-10-10T23:42:10Z</time>
      </trkpt>
      <trkpt lat="26.9174679" lon="75.8075923">
        <time>2018-10-10T23:42:20Z</time>
      </trkpt>
      <trkpt lat="26.9174679" lon="75.8075923">
        <time>2018-10-10T23:42:31Z</time>
      </trkpt>
      <trkpt lat="26.9174679" lon="75.8075923">
        <time>2018-10-10T23:42:42Z</time>
      </trkpt>
      <trkpt lat="26.9174679" lon="75.8075923">
        <time>2018-10-10T23:42:52Z</time>
      </trkpt>
      <trkpt lat="26.9174679" lon="75.8075923">
        <time>2018-10-10T23:43:03Z</time>
      </trkpt>
      <trkpt lat="26.9174679" lon="75.8075923">
        <time>2018-10-10T23:43:13Z</time>
      </trkpt>
      <trkpt lat="26.9174679" lon="75.8075923">
        <time>2018-10-10T23:43:24Z</time>
      </trkpt>
      <trkpt lat="26.9174679" lon="75.8075923">
        <time>2018-10-10T23:43:34Z</time>
      </trkpt>
      <trkpt lat="26.9174679" lon="75.8075923">
        <time>2018-10-10T23:43:44Z</time>
      </trkpt>
      <trkpt lat="26.9174679" lon="75.8075923">
        <time>2018-10-10T23:43:55Z</time>
      </trkpt>
      <trkpt lat="26.9174679" lon="75.8075923">
        <time>2018-10-10T23:44:06Z</time>
      </trkpt>
      <trkpt lat="26.9174679" lon="75.8075923">
        <time>2018-10-10T23:44:16Z</time>
      </trkpt>
      <trkpt lat="26.9174679" lon="75.8075923">
        <time>2018-10-10T23:44:26Z</time>
      </trkpt>
      <trkpt lat="26.9174679" lon="75.8075923">
        <time>2018-10-10T23:44:37Z</time>
      </trkpt>
      <trkpt lat="26.9174679" lon="75.8075923">
        <time>2018-10-10T23:44:47Z</time>
      </trkpt>
      <trkpt lat="26.9174679" lon="75.8075923">
        <time>2018-10-10T23:44:57Z</time>
      </trkpt>
      <trkpt lat="26.9174679" lon="75.8075923">
        <time>2018-10-10T23:45:08Z</time>
      </trkpt>
      <trkpt lat="26.9174679" lon="75.8075923">
        <time>2018-10-10T23:45:18Z</time>
      </trkpt>
      <trkpt lat="26.9174679" lon="75.8075923">
        <time>2018-10-10T23:45:29Z</time>
      </trkpt>
      <trkpt lat="26.9174679" lon="75.8075923">
        <time>2018-10-10T23:45:39Z</time>
      </trkpt>
      <trkpt lat="26.9174679" lon="75.8075923">
        <time>2018-10-10T23:45:49Z</time>
      </trkpt>
      <trkpt lat="26.9174679" lon="75.8075923">
        <time>2018-10-10T23:46:00Z</time>
      </trkpt>
      <trkpt lat="26.9174679" lon="75.8075923">
        <time>2018-10-10T23:46:11Z</time>
      </trkpt>
      <trkpt lat="26.9174679" lon="75.8075923">
        <time>2018-10-10T23:46:22Z</time>
      </trkpt>
      <trkpt lat="26.9174679" lon="75.8075923">
        <time>2018-10-10T23:46:32Z</time>
      </trkpt>
      <trkpt lat="26.9174679" lon="75.8075923">
        <time>2018-10-10T23:46:43Z</time>
      </trkpt>
      <trkpt lat="26.9174679" lon="75.8075923">
        <time>2018-10-10T23:46:53Z</time>
      </trkpt>
      <trkpt lat="26.9174631" lon="75.8075959">
        <time>2018-10-10T23:47:04Z</time>
      </trkpt>
      <trkpt lat="26.9174630" lon="75.8075960">
        <time>2018-10-10T23:47:14Z</time>
      </trkpt>
      <trkpt lat="26.9174630" lon="75.8075960">
        <time>2018-10-10T23:47:25Z</time>
      </trkpt>
      <trkpt lat="26.9174630" lon="75.8075960">
        <time>2018-10-10T23:47:35Z</time>
      </trkpt>
      <trkpt lat="26.9174630" lon="75.8075960">
        <time>2018-10-10T23:47:46Z</time>
      </trkpt>
      <trkpt lat="26.9174630" lon="75.8075960">
        <time>2018-10-10T23:47:56Z</time>
      </trkpt>
      <trkpt lat="26.9174630" lon="75.8075960">
        <time>2018-10-10T23:48:07Z</time>
      </trkpt>
      <trkpt lat="26.9174630" lon="75.8075960">
        <time>2018-10-10T23:48:17Z</time>
      </trkpt>
      <trkpt lat="26.9174630" lon="75.8075960">
        <time>2018-10-10T23:48:28Z</time>
      </trkpt>
      <trkpt lat="26.9174630" lon="75.8075960">
        <time>2018-10-10T23:48:39Z</time>
      </trkpt>
      <trkpt lat="26.9174630" lon="75.8075960">
        <time>2018-10-10T23:48:49Z</time>
      </trkpt>
      <trkpt lat="26.9174630" lon="75.8075960">
        <time>2018-10-10T23:48:59Z</time>
      </trkpt>
      <trkpt lat="26.9174630" lon="75.8075960">
        <time>2018-10-10T23:49:10Z</time>
      </trkpt>
      <trkpt lat="26.9174630" lon="75.8075960">
        <time>2018-10-10T23:49:21Z</time>
      </trkpt>
      <trkpt lat="26.9174630" lon="75.8075960">
        <time>2018-10-10T23:49:31Z</time>
      </trkpt>
      <trkpt lat="26.9174630" lon="75.8075960">
        <time>2018-10-10T23:49:42Z</time>
      </trkpt>
      <trkpt lat="26.9174630" lon="75.8075960">
        <time>2018-10-10T23:49:53Z</time>
      </trkpt>
      <trkpt lat="26.9174630" lon="75.8075960">
        <time>2018-10-10T23:50:04Z</time>
      </trkpt>
      <trkpt lat="26.9174630" lon="75.8075960">
        <time>2018-10-10T23:50:15Z</time>
      </trkpt>
      <trkpt lat="26.9174614" lon="75.8075997">
        <time>2018-10-10T23:50:25Z</time>
      </trkpt>
      <trkpt lat="26.9174614" lon="75.8075997">
        <time>2018-10-10T23:50:36Z</time>
      </trkpt>
      <trkpt lat="26.9174614" lon="75.8075997">
        <time>2018-10-10T23:50:47Z</time>
      </trkpt>
      <trkpt lat="26.9174587" lon="75.8076012">
        <time>2018-10-10T23:50:57Z</time>
      </trkpt>
      <trkpt lat="26.9174587" lon="75.8076012">
        <time>2018-10-10T23:51:08Z</time>
      </trkpt>
      <trkpt lat="26.9174587" lon="75.8076012">
        <time>2018-10-10T23:51:18Z</time>
      </trkpt>
      <trkpt lat="26.9174587" lon="75.8076012">
        <time>2018-10-10T23:51:29Z</time>
      </trkpt>
      <trkpt lat="26.9174587" lon="75.8076012">
        <time>2018-10-10T23:51:39Z</time>
      </trkpt>
      <trkpt lat="26.9174587" lon="75.8076012">
        <time>2018-10-10T23:51:50Z</time>
      </trkpt>
      <trkpt lat="26.9174569" lon="75.8076027">
        <time>2018-10-10T23:52:01Z</time>
      </trkpt>
      <trkpt lat="26.9174569" lon="75.8076027">
        <time>2018-10-10T23:52:11Z</time>
      </trkpt>
      <trkpt lat="26.9174569" lon="75.8076027">
        <time>2018-10-10T23:52:21Z</time>
      </trkpt>
      <trkpt lat="26.9174569" lon="75.8076027">
        <time>2018-10-10T23:52:32Z</time>
      </trkpt>
      <trkpt lat="26.9174569" lon="75.8076027">
        <time>2018-10-10T23:52:43Z</time>
      </trkpt>
      <trkpt lat="26.9174569" lon="75.8076027">
        <time>2018-10-10T23:52:53Z</time>
      </trkpt>
      <trkpt lat="26.9174569" lon="75.8076027">
        <time>2018-10-10T23:53:04Z</time>
      </trkpt>
      <trkpt lat="26.9174569" lon="75.8076027">
        <time>2018-10-10T23:53:14Z</time>
      </trkpt>
      <trkpt lat="26.9174569" lon="75.8076027">
        <time>2018-10-10T23:53:25Z</time>
      </trkpt>
      <trkpt lat="26.9174569" lon="75.8076027">
        <time>2018-10-10T23:53:35Z</time>
      </trkpt>
      <trkpt lat="26.9174569" lon="75.8076027">
        <time>2018-10-10T23:53:45Z</time>
      </trkpt>
      <trkpt lat="26.9174569" lon="75.8076027">
        <time>2018-10-10T23:53:56Z</time>
      </trkpt>
      <trkpt lat="26.9174569" lon="75.8076027">
        <time>2018-10-10T23:54:07Z</time>
      </trkpt>
      <trkpt lat="26.9174569" lon="75.8076027">
        <time>2018-10-10T23:54:17Z</time>
      </trkpt>
      <trkpt lat="26.9174569" lon="75.8076027">
        <time>2018-10-10T23:54:28Z</time>
      </trkpt>
      <trkpt lat="26.9174569" lon="75.8076027">
        <time>2018-10-10T23:54:39Z</time>
      </trkpt>
      <trkpt lat="26.9174569" lon="75.8076027">
        <time>2018-10-10T23:54:49Z</time>
      </trkpt>
      <trkpt lat="26.9174569" lon="75.8076027">
        <time>2018-10-10T23:54:59Z</time>
      </trkpt>
      <trkpt lat="26.9174569" lon="75.8076027">
        <time>2018-10-10T23:55:10Z</time>
      </trkpt>
      <trkpt lat="26.9174569" lon="75.8076027">
        <time>2018-10-10T23:55:20Z</time>
      </trkpt>
      <trkpt lat="26.9174569" lon="75.8076027">
        <time>2018-10-10T23:55:31Z</time>
      </trkpt>
      <trkpt lat="26.9174569" lon="75.8076027">
        <time>2018-10-10T23:55:42Z</time>
      </trkpt>
      <trkpt lat="26.9174569" lon="75.8076027">
        <time>2018-10-10T23:55:53Z</time>
      </trkpt>
      <trkpt lat="26.9174569" lon="75.8076027">
        <time>2018-10-10T23:56:04Z</time>
      </trkpt>
      <trkpt lat="26.9174569" lon="75.8076027">
        <time>2018-10-10T23:56:15Z</time>
      </trkpt>
      <trkpt lat="26.9174569" lon="75.8076027">
        <time>2018-10-10T23:56:26Z</time>
      </trkpt>
      <trkpt lat="26.9174569" lon="75.8076027">
        <time>2018-10-10T23:56:37Z</time>
      </trkpt>
      <trkpt lat="26.9174569" lon="75.8076027">
        <time>2018-10-10T23:56:48Z</time>
      </trkpt>
      <trkpt lat="26.9174569" lon="75.8076027">
        <time>2018-10-10T23:56:58Z</time>
      </trkpt>
      <trkpt lat="26.9174569" lon="75.8076027">
        <time>2018-10-10T23:57:09Z</time>
      </trkpt>
      <trkpt lat="26.9174569" lon="75.8076027">
        <time>2018-10-10T23:57:19Z</time>
      </trkpt>
      <trkpt lat="26.9174569" lon="75.8076027">
        <time>2018-10-10T23:57:29Z</time>
      </trkpt>
      <trkpt lat="26.9174569" lon="75.8076027">
        <time>2018-10-10T23:57:40Z</time>
      </trkpt>
      <trkpt lat="26.9174569" lon="75.8076027">
        <time>2018-10-10T23:57:50Z</time>
      </trkpt>
      <trkpt lat="26.9174569" lon="75.8076027">
        <time>2018-10-10T23:58:00Z</time>
      </trkpt>
      <trkpt lat="26.9174569" lon="75.8076027">
        <time>2018-10-10T23:58:11Z</time>
      </trkpt>
      <trkpt lat="26.9174569" lon="75.8076027">
        <time>2018-10-10T23:58:21Z</time>
      </trkpt>
      <trkpt lat="26.9174569" lon="75.8076027">
        <time>2018-10-10T23:58:32Z</time>
      </trkpt>
      <trkpt lat="26.9174569" lon="75.8076027">
        <time>2018-10-10T23:58:42Z</time>
      </trkpt>
      <trkpt lat="26.9174569" lon="75.8076027">
        <time>2018-10-10T23:58:52Z</time>
      </trkpt>
      <trkpt lat="26.9174569" lon="75.8076027">
        <time>2018-10-10T23:59:03Z</time>
      </trkpt>
      <trkpt lat="26.9174569" lon="75.8076027">
        <time>2018-10-10T23:59:13Z</time>
      </trkpt>
      <trkpt lat="26.9174569" lon="75.8076027">
        <time>2018-10-10T23:59:24Z</time>
      </trkpt>
      <trkpt lat="26.9174569" lon="75.8076027">
        <time>2018-10-10T23:59:35Z</time>
      </trkpt>
      <trkpt lat="26.9174569" lon="75.8076027">
        <time>2018-10-10T23:59:45Z</time>
      </trkpt>
      <trkpt lat="26.9174569" lon="75.8076027">
        <time>2018-10-10T23:59:56Z</time>
      </trkpt>
      <trkpt lat="26.9174569" lon="75.8076027">
        <time>2018-10-11T00:00:07Z</time>
      </trkpt>
      <trkpt lat="26.9174569" lon="75.8076027">
        <time>2018-10-11T00:00:17Z</time>
      </trkpt>
      <trkpt lat="26.9174569" lon="75.8076027">
        <time>2018-10-11T00:00:28Z</time>
      </trkpt>
      <trkpt lat="26.9174569" lon="75.8076027">
        <time>2018-10-11T00:00:38Z</time>
      </trkpt>
      <trkpt lat="26.9174569" lon="75.8076027">
        <time>2018-10-11T00:00:48Z</time>
      </trkpt>
      <trkpt lat="26.9174569" lon="75.8076027">
        <time>2018-10-11T00:00:59Z</time>
      </trkpt>
      <trkpt lat="26.9174569" lon="75.8076027">
        <time>2018-10-11T00:01:10Z</time>
      </trkpt>
      <trkpt lat="26.9174569" lon="75.8076027">
        <time>2018-10-11T00:01:20Z</time>
      </trkpt>
      <trkpt lat="26.9174569" lon="75.8076027">
        <time>2018-10-11T00:01:31Z</time>
      </trkpt>
      <trkpt lat="26.9174569" lon="75.8076027">
        <time>2018-10-11T00:01:42Z</time>
      </trkpt>
      <trkpt lat="26.9174569" lon="75.8076027">
        <time>2018-10-11T00:01:52Z</time>
      </trkpt>
      <trkpt lat="26.9174569" lon="75.8076027">
        <time>2018-10-11T00:02:03Z</time>
      </trkpt>
      <trkpt lat="26.9174569" lon="75.8076027">
        <time>2018-10-11T00:02:14Z</time>
      </trkpt>
      <trkpt lat="26.9174569" lon="75.8076027">
        <time>2018-10-11T00:02:24Z</time>
      </trkpt>
      <trkpt lat="26.9174569" lon="75.8076027">
        <time>2018-10-11T00:02:35Z</time>
      </trkpt>
      <trkpt lat="26.9174569" lon="75.8076027">
        <time>2018-10-11T00:02:45Z</time>
      </trkpt>
      <trkpt lat="26.9174569" lon="75.8076027">
        <time>2018-10-11T00:02:56Z</time>
      </trkpt>
      <trkpt lat="26.9174569" lon="75.8076027">
        <time>2018-10-11T00:03:06Z</time>
      </trkpt>
      <trkpt lat="26.9174569" lon="75.8076027">
        <time>2018-10-11T00:03:17Z</time>
      </trkpt>
      <trkpt lat="26.9174569" lon="75.8076027">
        <time>2018-10-11T00:03:27Z</time>
      </trkpt>
      <trkpt lat="26.9174569" lon="75.8076027">
        <time>2018-10-11T00:03:38Z</time>
      </trkpt>
      <trkpt lat="26.9174569" lon="75.8076027">
        <time>2018-10-11T00:03:49Z</time>
      </trkpt>
      <trkpt lat="26.9174569" lon="75.8076027">
        <time>2018-10-11T00:03:59Z</time>
      </trkpt>
      <trkpt lat="26.9174569" lon="75.8076027">
        <time>2018-10-11T00:04:10Z</time>
      </trkpt>
      <trkpt lat="26.9174569" lon="75.8076027">
        <time>2018-10-11T00:04:20Z</time>
      </trkpt>
      <trkpt lat="26.9174407" lon="75.8075984">
        <time>2018-10-11T00:04:31Z</time>
      </trkpt>
      <trkpt lat="26.9174407" lon="75.8075984">
        <time>2018-10-11T00:04:42Z</time>
      </trkpt>
      <trkpt lat="26.9174407" lon="75.8075984">
        <time>2018-10-11T00:04:52Z</time>
      </trkpt>
      <trkpt lat="26.9174407" lon="75.8075984">
        <time>2018-10-11T00:05:03Z</time>
      </trkpt>
      <trkpt lat="26.9174365" lon="75.8075990">
        <time>2018-10-11T00:05:14Z</time>
      </trkpt>
      <trkpt lat="26.9174347" lon="75.8076036">
        <time>2018-10-11T00:05:24Z</time>
      </trkpt>
      <trkpt lat="26.9174359" lon="75.8076077">
        <time>2018-10-11T00:05:34Z</time>
      </trkpt>
      <trkpt lat="26.9174357" lon="75.8076080">
        <time>2018-10-11T00:05:45Z</time>
      </trkpt>
      <trkpt lat="26.9174357" lon="75.8076080">
        <time>2018-10-11T00:05:55Z</time>
      </trkpt>
      <trkpt lat="26.9174357" lon="75.8076080">
        <time>2018-10-11T00:06:06Z</time>
      </trkpt>
      <trkpt lat="26.9174357" lon="75.8076080">
        <time>2018-10-11T00:06:16Z</time>
      </trkpt>
      <trkpt lat="26.9174357" lon="75.8076080">
        <time>2018-10-11T00:06:27Z</time>
      </trkpt>
      <trkpt lat="26.9174357" lon="75.8076080">
        <time>2018-10-11T00:06:38Z</time>
      </trkpt>
      <trkpt lat="26.9174357" lon="75.8076080">
        <time>2018-10-11T00:06:49Z</time>
      </trkpt>
      <trkpt lat="26.9174357" lon="75.8076080">
        <time>2018-10-11T00:07:00Z</time>
      </trkpt>
      <trkpt lat="26.9174357" lon="75.8076080">
        <time>2018-10-11T00:07:11Z</time>
      </trkpt>
      <trkpt lat="26.9174357" lon="75.8076080">
        <time>2018-10-11T00:07:21Z</time>
      </trkpt>
      <trkpt lat="26.9174357" lon="75.8076080">
        <time>2018-10-11T00:07:32Z</time>
      </trkpt>
      <trkpt lat="26.9174357" lon="75.8076080">
        <time>2018-10-11T00:07:42Z</time>
      </trkpt>
      <trkpt lat="26.9174357" lon="75.8076080">
        <time>2018-10-11T00:07:53Z</time>
      </trkpt>
      <trkpt lat="26.9174357" lon="75.8076080">
        <time>2018-10-11T00:08:03Z</time>
      </trkpt>
      <trkpt lat="26.9174357" lon="75.8076080">
        <time>2018-10-11T00:08:14Z</time>
      </trkpt>
      <trkpt lat="26.9174357" lon="75.8076080">
        <time>2018-10-11T00:08:25Z</time>
      </trkpt>
      <trkpt lat="26.9174357" lon="75.8076080">
        <time>2018-10-11T00:08:35Z</time>
      </trkpt>
      <trkpt lat="26.9174357" lon="75.8076080">
        <time>2018-10-11T00:08:46Z</time>
      </trkpt>
      <trkpt lat="26.9174357" lon="75.8076080">
        <time>2018-10-11T00:08:56Z</time>
      </trkpt>
      <trkpt lat="26.9174357" lon="75.8076080">
        <time>2018-10-11T00:09:06Z</time>
      </trkpt>
      <trkpt lat="26.9174357" lon="75.8076080">
        <time>2018-10-11T00:09:16Z</time>
      </trkpt>
      <trkpt lat="26.9174357" lon="75.8076080">
        <time>2018-10-11T00:09:27Z</time>
      </trkpt>
      <trkpt lat="26.9174357" lon="75.8076080">
        <time>2018-10-11T00:09:38Z</time>
      </trkpt>
      <trkpt lat="26.9174357" lon="75.8076080">
        <time>2018-10-11T00:09:48Z</time>
      </trkpt>
      <trkpt lat="26.9174357" lon="75.8076080">
        <time>2018-10-11T00:09:59Z</time>
      </trkpt>
      <trkpt lat="26.9174339" lon="75.8076141">
        <time>2018-10-11T00:10:10Z</time>
      </trkpt>
      <trkpt lat="26.9174302" lon="75.8076142">
        <time>2018-10-11T00:10:21Z</time>
      </trkpt>
      <trkpt lat="26.9174302" lon="75.8076142">
        <time>2018-10-11T00:10:31Z</time>
      </trkpt>
      <trkpt lat="26.9174302" lon="75.8076142">
        <time>2018-10-11T00:10:41Z</time>
      </trkpt>
      <trkpt lat="26.9174291" lon="75.8076170">
        <time>2018-10-11T00:10:52Z</time>
      </trkpt>
      <trkpt lat="26.9174291" lon="75.8076170">
        <time>2018-10-11T00:11:03Z</time>
      </trkpt>
      <trkpt lat="26.9174291" lon="75.8076170">
        <time>2018-10-11T00:11:13Z</time>
      </trkpt>
      <trkpt lat="26.9174291" lon="75.8076170">
        <time>2018-10-11T00:11:23Z</time>
      </trkpt>
      <trkpt lat="26.9174291" lon="75.8076170">
        <time>2018-10-11T00:11:33Z</time>
      </trkpt>
      <trkpt lat="26.9174291" lon="75.8076170">
        <time>2018-10-11T00:11:43Z</time>
      </trkpt>
      <trkpt lat="26.9174291" lon="75.8076170">
        <time>2018-10-11T00:11:54Z</time>
      </trkpt>
      <trkpt lat="26.9174291" lon="75.8076170">
        <time>2018-10-11T00:12:05Z</time>
      </trkpt>
      <trkpt lat="26.9174291" lon="75.8076170">
        <time>2018-10-11T00:12:15Z</time>
      </trkpt>
      <trkpt lat="26.9174291" lon="75.8076170">
        <time>2018-10-11T00:12:25Z</time>
      </trkpt>
      <trkpt lat="26.9174291" lon="75.8076170">
        <time>2018-10-11T00:12:36Z</time>
      </trkpt>
      <trkpt lat="26.9174291" lon="75.8076170">
        <time>2018-10-11T00:12:46Z</time>
      </trkpt>
      <trkpt lat="26.9174291" lon="75.8076170">
        <time>2018-10-11T00:12:56Z</time>
      </trkpt>
      <trkpt lat="26.9174291" lon="75.8076170">
        <time>2018-10-11T00:13:06Z</time>
      </trkpt>
      <trkpt lat="26.9174291" lon="75.8076170">
        <time>2018-10-11T00:13:17Z</time>
      </trkpt>
      <trkpt lat="26.9174291" lon="75.8076170">
        <time>2018-10-11T00:13:28Z</time>
      </trkpt>
      <trkpt lat="26.9174291" lon="75.8076170">
        <time>2018-10-11T00:13:38Z</time>
      </trkpt>
      <trkpt lat="26.9174291" lon="75.8076170">
        <time>2018-10-11T00:13:48Z</time>
      </trkpt>
      <trkpt lat="26.9174291" lon="75.8076170">
        <time>2018-10-11T00:13:59Z</time>
      </trkpt>
      <trkpt lat="26.9174291" lon="75.8076170">
        <time>2018-10-11T00:14:10Z</time>
      </trkpt>
      <trkpt lat="26.9174291" lon="75.8076170">
        <time>2018-10-11T00:14:21Z</time>
      </trkpt>
      <trkpt lat="26.9174291" lon="75.8076170">
        <time>2018-10-11T00:14:32Z</time>
      </trkpt>
      <trkpt lat="26.9174291" lon="75.8076170">
        <time>2018-10-11T00:14:43Z</time>
      </trkpt>
      <trkpt lat="26.9174291" lon="75.8076170">
        <time>2018-10-11T00:14:54Z</time>
      </trkpt>
      <trkpt lat="26.9174291" lon="75.8076170">
        <time>2018-10-11T00:15:04Z</time>
      </trkpt>
      <trkpt lat="26.9174291" lon="75.8076170">
        <time>2018-10-11T00:15:15Z</time>
      </trkpt>
      <trkpt lat="26.9174291" lon="75.8076170">
        <time>2018-10-11T00:15:25Z</time>
      </trkpt>
      <trkpt lat="26.9174291" lon="75.8076170">
        <time>2018-10-11T00:15:36Z</time>
      </trkpt>
      <trkpt lat="26.9174291" lon="75.8076170">
        <time>2018-10-11T00:15:46Z</time>
      </trkpt>
      <trkpt lat="26.9174291" lon="75.8076170">
        <time>2018-10-11T00:15:57Z</time>
      </trkpt>
      <trkpt lat="26.9174291" lon="75.8076170">
        <time>2018-10-11T00:16:08Z</time>
      </trkpt>
      <trkpt lat="26.9174291" lon="75.8076170">
        <time>2018-10-11T00:16:18Z</time>
      </trkpt>
      <trkpt lat="26.9174291" lon="75.8076170">
        <time>2018-10-11T00:16:29Z</time>
      </trkpt>
      <trkpt lat="26.9174291" lon="75.8076170">
        <time>2018-10-11T00:16:40Z</time>
      </trkpt>
      <trkpt lat="26.9174291" lon="75.8076170">
        <time>2018-10-11T00:16:51Z</time>
      </trkpt>
      <trkpt lat="26.9174291" lon="75.8076170">
        <time>2018-10-11T00:17:01Z</time>
      </trkpt>
      <trkpt lat="26.9174291" lon="75.8076170">
        <time>2018-10-11T00:17:12Z</time>
      </trkpt>
      <trkpt lat="26.9174291" lon="75.8076170">
        <time>2018-10-11T00:17:22Z</time>
      </trkpt>
      <trkpt lat="26.9174291" lon="75.8076170">
        <time>2018-10-11T00:17:33Z</time>
      </trkpt>
      <trkpt lat="26.9174291" lon="75.8076170">
        <time>2018-10-11T00:17:43Z</time>
      </trkpt>
      <trkpt lat="26.9174291" lon="75.8076170">
        <time>2018-10-11T00:17:53Z</time>
      </trkpt>
      <trkpt lat="26.9174291" lon="75.8076170">
        <time>2018-10-11T00:18:04Z</time>
      </trkpt>
      <trkpt lat="26.9174291" lon="75.8076170">
        <time>2018-10-11T00:18:14Z</time>
      </trkpt>
      <trkpt lat="26.9174291" lon="75.8076170">
        <time>2018-10-11T00:18:25Z</time>
      </trkpt>
      <trkpt lat="26.9174291" lon="75.8076170">
        <time>2018-10-11T00:18:36Z</time>
      </trkpt>
      <trkpt lat="26.9174291" lon="75.8076170">
        <time>2018-10-11T00:18:46Z</time>
      </trkpt>
      <trkpt lat="26.9174291" lon="75.8076170">
        <time>2018-10-11T00:18:57Z</time>
      </trkpt>
      <trkpt lat="26.9174291" lon="75.8076170">
        <time>2018-10-11T00:19:07Z</time>
      </trkpt>
      <trkpt lat="26.9174291" lon="75.8076170">
        <time>2018-10-11T00:19:18Z</time>
      </trkpt>
      <trkpt lat="26.9174291" lon="75.8076170">
        <time>2018-10-11T00:19:28Z</time>
      </trkpt>
      <trkpt lat="26.9174291" lon="75.8076170">
        <time>2018-10-11T00:19:39Z</time>
      </trkpt>
      <trkpt lat="26.9174291" lon="75.8076170">
        <time>2018-10-11T00:19:50Z</time>
      </trkpt>
      <trkpt lat="26.9174291" lon="75.8076170">
        <time>2018-10-11T00:20:01Z</time>
      </trkpt>
      <trkpt lat="26.9174291" lon="75.8076170">
        <time>2018-10-11T00:20:12Z</time>
      </trkpt>
      <trkpt lat="26.9174291" lon="75.8076170">
        <time>2018-10-11T00:20:23Z</time>
      </trkpt>
      <trkpt lat="26.9174291" lon="75.8076170">
        <time>2018-10-11T00:20:34Z</time>
      </trkpt>
      <trkpt lat="26.9174291" lon="75.8076170">
        <time>2018-10-11T00:20:44Z</time>
      </trkpt>
      <trkpt lat="26.9174291" lon="75.8076170">
        <time>2018-10-11T00:20:55Z</time>
      </trkpt>
      <trkpt lat="26.9174291" lon="75.8076170">
        <time>2018-10-11T00:21:06Z</time>
      </trkpt>
      <trkpt lat="26.9174291" lon="75.8076170">
        <time>2018-10-11T00:21:16Z</time>
      </trkpt>
      <trkpt lat="26.9174291" lon="75.8076170">
        <time>2018-10-11T00:21:27Z</time>
      </trkpt>
      <trkpt lat="26.9174291" lon="75.8076170">
        <time>2018-10-11T00:21:37Z</time>
      </trkpt>
      <trkpt lat="26.9174291" lon="75.8076170">
        <time>2018-10-11T00:21:47Z</time>
      </trkpt>
      <trkpt lat="26.9174291" lon="75.8076170">
        <time>2018-10-11T00:21:58Z</time>
      </trkpt>
      <trkpt lat="26.9174291" lon="75.8076170">
        <time>2018-10-11T00:22:08Z</time>
      </trkpt>
      <trkpt lat="26.9174291" lon="75.8076170">
        <time>2018-10-11T00:22:19Z</time>
      </trkpt>
      <trkpt lat="26.9174291" lon="75.8076170">
        <time>2018-10-11T00:22:29Z</time>
      </trkpt>
      <trkpt lat="26.9174291" lon="75.8076170">
        <time>2018-10-11T00:22:39Z</time>
      </trkpt>
      <trkpt lat="26.9174291" lon="75.8076170">
        <time>2018-10-11T00:22:50Z</time>
      </trkpt>
      <trkpt lat="26.9174291" lon="75.8076170">
        <time>2018-10-11T00:23:01Z</time>
      </trkpt>
      <trkpt lat="26.9174291" lon="75.8076170">
        <time>2018-10-11T00:23:11Z</time>
      </trkpt>
      <trkpt lat="26.9174291" lon="75.8076170">
        <time>2018-10-11T00:23:22Z</time>
      </trkpt>
      <trkpt lat="26.9174291" lon="75.8076170">
        <time>2018-10-11T00:23:33Z</time>
      </trkpt>
      <trkpt lat="26.9174291" lon="75.8076170">
        <time>2018-10-11T00:23:43Z</time>
      </trkpt>
      <trkpt lat="26.9174291" lon="75.8076170">
        <time>2018-10-11T00:23:53Z</time>
      </trkpt>
      <trkpt lat="26.9174291" lon="75.8076170">
        <time>2018-10-11T00:24:04Z</time>
      </trkpt>
      <trkpt lat="26.9174251" lon="75.8076238">
        <time>2018-10-11T00:24:14Z</time>
      </trkpt>
      <trkpt lat="26.9174224" lon="75.8076297">
        <time>2018-10-11T00:24:24Z</time>
      </trkpt>
      <trkpt lat="26.9174168" lon="75.8076341">
        <time>2018-10-11T00:24:35Z</time>
      </trkpt>
      <trkpt lat="26.9174161" lon="75.8076343">
        <time>2018-10-11T00:24:45Z</time>
      </trkpt>
      <trkpt lat="26.9174155" lon="75.8076340">
        <time>2018-10-11T00:24:55Z</time>
      </trkpt>
      <trkpt lat="26.9174142" lon="75.8076337">
        <time>2018-10-11T00:25:06Z</time>
      </trkpt>
      <trkpt lat="26.9174131" lon="75.8076338">
        <time>2018-10-11T00:25:17Z</time>
      </trkpt>
      <trkpt lat="26.9174131" lon="75.8076339">
        <time>2018-10-11T00:25:27Z</time>
      </trkpt>
      <trkpt lat="26.9174131" lon="75.8076339">
        <time>2018-10-11T00:25:37Z</time>
      </trkpt>
      <trkpt lat="26.9174131" lon="75.8076339">
        <time>2018-10-11T00:25:48Z</time>
      </trkpt>
      <trkpt lat="26.9174148" lon="75.8076391">
        <time>2018-10-11T00:25:58Z</time>
      </trkpt>
      <trkpt lat="26.9174148" lon="75.8076391">
        <time>2018-10-11T00:26:09Z</time>
      </trkpt>
      <trkpt lat="26.9174148" lon="75.8076391">
        <time>2018-10-11T00:26:20Z</time>
      </trkpt>
      <trkpt lat="26.9174148" lon="75.8076391">
        <time>2018-10-11T00:26:30Z</time>
      </trkpt>
      <trkpt lat="26.9174148" lon="75.8076391">
        <time>2018-10-11T00:26:40Z</time>
      </trkpt>
      <trkpt lat="26.9174148" lon="75.8076391">
        <time>2018-10-11T00:26:51Z</time>
      </trkpt>
      <trkpt lat="26.9174148" lon="75.8076391">
        <time>2018-10-11T00:27:01Z</time>
      </trkpt>
      <trkpt lat="26.9174148" lon="75.8076391">
        <time>2018-10-11T00:27:12Z</time>
      </trkpt>
      <trkpt lat="26.9174148" lon="75.8076391">
        <time>2018-10-11T00:27:23Z</time>
      </trkpt>
      <trkpt lat="26.9174148" lon="75.8076391">
        <time>2018-10-11T00:27:34Z</time>
      </trkpt>
      <trkpt lat="26.9174148" lon="75.8076391">
        <time>2018-10-11T00:27:44Z</time>
      </trkpt>
      <trkpt lat="26.9174148" lon="75.8076391">
        <time>2018-10-11T00:27:54Z</time>
      </trkpt>
      <trkpt lat="26.9174148" lon="75.8076391">
        <time>2018-10-11T00:28:04Z</time>
      </trkpt>
      <trkpt lat="26.9174148" lon="75.8076391">
        <time>2018-10-11T00:28:15Z</time>
      </trkpt>
      <trkpt lat="26.9174148" lon="75.8076391">
        <time>2018-10-11T00:28:25Z</time>
      </trkpt>
      <trkpt lat="26.9174148" lon="75.8076391">
        <time>2018-10-11T00:28:36Z</time>
      </trkpt>
      <trkpt lat="26.9174148" lon="75.8076391">
        <time>2018-10-11T00:28:46Z</time>
      </trkpt>
      <trkpt lat="26.9174148" lon="75.8076391">
        <time>2018-10-11T00:28:57Z</time>
      </trkpt>
      <trkpt lat="26.9174148" lon="75.8076391">
        <time>2018-10-11T00:29:08Z</time>
      </trkpt>
      <trkpt lat="26.9174148" lon="75.8076391">
        <time>2018-10-11T00:29:18Z</time>
      </trkpt>
      <trkpt lat="26.9174148" lon="75.8076391">
        <time>2018-10-11T00:29:29Z</time>
      </trkpt>
      <trkpt lat="26.9174148" lon="75.8076391">
        <time>2018-10-11T00:29:39Z</time>
      </trkpt>
      <trkpt lat="26.9174148" lon="75.8076391">
        <time>2018-10-11T00:29:50Z</time>
      </trkpt>
      <trkpt lat="26.9174148" lon="75.8076391">
        <time>2018-10-11T00:30:00Z</time>
      </trkpt>
      <trkpt lat="26.9174148" lon="75.8076391">
        <time>2018-10-11T00:30:10Z</time>
      </trkpt>
      <trkpt lat="26.9174148" lon="75.8076391">
        <time>2018-10-11T00:30:21Z</time>
      </trkpt>
      <trkpt lat="26.9174148" lon="75.8076391">
        <time>2018-10-11T00:30:31Z</time>
      </trkpt>
      <trkpt lat="26.9174148" lon="75.8076391">
        <time>2018-10-11T00:30:42Z</time>
      </trkpt>
      <trkpt lat="26.9174148" lon="75.8076391">
        <time>2018-10-11T00:30:53Z</time>
      </trkpt>
      <trkpt lat="26.9174148" lon="75.8076391">
        <time>2018-10-11T00:31:03Z</time>
      </trkpt>
      <trkpt lat="26.9174148" lon="75.8076391">
        <time>2018-10-11T00:31:14Z</time>
      </trkpt>
      <trkpt lat="26.9174148" lon="75.8076391">
        <time>2018-10-11T00:31:25Z</time>
      </trkpt>
      <trkpt lat="26.9174148" lon="75.8076391">
        <time>2018-10-11T00:31:35Z</time>
      </trkpt>
      <trkpt lat="26.9174148" lon="75.8076391">
        <time>2018-10-11T00:31:45Z</time>
      </trkpt>
      <trkpt lat="26.9174148" lon="75.8076391">
        <time>2018-10-11T00:31:55Z</time>
      </trkpt>
      <trkpt lat="26.9174148" lon="75.8076391">
        <time>2018-10-11T00:32:06Z</time>
      </trkpt>
      <trkpt lat="26.9174148" lon="75.8076391">
        <time>2018-10-11T00:32:16Z</time>
      </trkpt>
      <trkpt lat="26.9174148" lon="75.8076391">
        <time>2018-10-11T00:32:27Z</time>
      </trkpt>
      <trkpt lat="26.9174148" lon="75.8076391">
        <time>2018-10-11T00:32:38Z</time>
      </trkpt>
      <trkpt lat="26.9174148" lon="75.8076391">
        <time>2018-10-11T00:32:49Z</time>
      </trkpt>
      <trkpt lat="26.9174148" lon="75.8076391">
        <time>2018-10-11T00:32:59Z</time>
      </trkpt>
      <trkpt lat="26.9174148" lon="75.8076391">
        <time>2018-10-11T00:33:09Z</time>
      </trkpt>
      <trkpt lat="26.9174148" lon="75.8076391">
        <time>2018-10-11T00:33:20Z</time>
      </trkpt>
      <trkpt lat="26.9174148" lon="75.8076391">
        <time>2018-10-11T00:33:31Z</time>
      </trkpt>
      <trkpt lat="26.9174148" lon="75.8076391">
        <time>2018-10-11T00:33:41Z</time>
      </trkpt>
      <trkpt lat="26.9174148" lon="75.8076391">
        <time>2018-10-11T00:33:51Z</time>
      </trkpt>
      <trkpt lat="26.9174148" lon="75.8076391">
        <time>2018-10-11T00:34:02Z</time>
      </trkpt>
      <trkpt lat="26.9174148" lon="75.8076391">
        <time>2018-10-11T00:34:12Z</time>
      </trkpt>
      <trkpt lat="26.9174148" lon="75.8076391">
        <time>2018-10-11T00:34:22Z</time>
      </trkpt>
      <trkpt lat="26.9174148" lon="75.8076391">
        <time>2018-10-11T00:34:33Z</time>
      </trkpt>
      <trkpt lat="26.9174148" lon="75.8076391">
        <time>2018-10-11T00:34:44Z</time>
      </trkpt>
      <trkpt lat="26.9174148" lon="75.8076391">
        <time>2018-10-11T00:34:55Z</time>
      </trkpt>
      <trkpt lat="26.9174148" lon="75.8076391">
        <time>2018-10-11T00:35:06Z</time>
      </trkpt>
      <trkpt lat="26.9174148" lon="75.8076391">
        <time>2018-10-11T00:35:17Z</time>
      </trkpt>
      <trkpt lat="26.9174148" lon="75.8076391">
        <time>2018-10-11T00:35:27Z</time>
      </trkpt>
      <trkpt lat="26.9174148" lon="75.8076391">
        <time>2018-10-11T00:35:38Z</time>
      </trkpt>
      <trkpt lat="26.9174148" lon="75.8076391">
        <time>2018-10-11T00:35:49Z</time>
      </trkpt>
      <trkpt lat="26.9174148" lon="75.8076391">
        <time>2018-10-11T00:36:00Z</time>
      </trkpt>
      <trkpt lat="26.9174148" lon="75.8076391">
        <time>2018-10-11T00:36:10Z</time>
      </trkpt>
      <trkpt lat="26.9174148" lon="75.8076391">
        <time>2018-10-11T00:36:20Z</time>
      </trkpt>
      <trkpt lat="26.9174148" lon="75.8076391">
        <time>2018-10-11T00:36:31Z</time>
      </trkpt>
      <trkpt lat="26.9174148" lon="75.8076391">
        <time>2018-10-11T00:36:41Z</time>
      </trkpt>
      <trkpt lat="26.9174148" lon="75.8076391">
        <time>2018-10-11T00:36:52Z</time>
      </trkpt>
      <trkpt lat="26.9174148" lon="75.8076391">
        <time>2018-10-11T00:37:03Z</time>
      </trkpt>
      <trkpt lat="26.9174148" lon="75.8076391">
        <time>2018-10-11T00:37:13Z</time>
      </trkpt>
      <trkpt lat="26.9174148" lon="75.8076391">
        <time>2018-10-11T00:37:24Z</time>
      </trkpt>
      <trkpt lat="26.9174148" lon="75.8076391">
        <time>2018-10-11T00:37:34Z</time>
      </trkpt>
      <trkpt lat="26.9174148" lon="75.8076391">
        <time>2018-10-11T00:37:45Z</time>
      </trkpt>
      <trkpt lat="26.9174148" lon="75.8076391">
        <time>2018-10-11T00:37:55Z</time>
      </trkpt>
      <trkpt lat="26.9174148" lon="75.8076391">
        <time>2018-10-11T00:38:05Z</time>
      </trkpt>
      <trkpt lat="26.9174148" lon="75.8076391">
        <time>2018-10-11T00:38:16Z</time>
      </trkpt>
      <trkpt lat="26.9174148" lon="75.8076391">
        <time>2018-10-11T00:38:26Z</time>
      </trkpt>
      <trkpt lat="26.9174148" lon="75.8076391">
        <time>2018-10-11T00:38:36Z</time>
      </trkpt>
      <trkpt lat="26.9174148" lon="75.8076391">
        <time>2018-10-11T00:38:46Z</time>
      </trkpt>
      <trkpt lat="26.9174148" lon="75.8076391">
        <time>2018-10-11T00:38:57Z</time>
      </trkpt>
      <trkpt lat="26.9174148" lon="75.8076391">
        <time>2018-10-11T00:39:08Z</time>
      </trkpt>
      <trkpt lat="26.9174148" lon="75.8076391">
        <time>2018-10-11T00:39:18Z</time>
      </trkpt>
      <trkpt lat="26.9174148" lon="75.8076391">
        <time>2018-10-11T00:39:29Z</time>
      </trkpt>
      <trkpt lat="26.9174148" lon="75.8076391">
        <time>2018-10-11T00:39:39Z</time>
      </trkpt>
      <trkpt lat="26.9174148" lon="75.8076391">
        <time>2018-10-11T00:39:50Z</time>
      </trkpt>
      <trkpt lat="26.9174148" lon="75.8076391">
        <time>2018-10-11T00:40:00Z</time>
      </trkpt>
      <trkpt lat="26.9174148" lon="75.8076391">
        <time>2018-10-11T00:40:11Z</time>
      </trkpt>
      <trkpt lat="26.9174148" lon="75.8076391">
        <time>2018-10-11T00:40:21Z</time>
      </trkpt>
      <trkpt lat="26.9174148" lon="75.8076391">
        <time>2018-10-11T00:40:31Z</time>
      </trkpt>
      <trkpt lat="26.9174148" lon="75.8076391">
        <time>2018-10-11T00:40:41Z</time>
      </trkpt>
      <trkpt lat="26.9174148" lon="75.8076391">
        <time>2018-10-11T00:40:52Z</time>
      </trkpt>
      <trkpt lat="26.9174148" lon="75.8076391">
        <time>2018-10-11T00:41:02Z</time>
      </trkpt>
      <trkpt lat="26.9174148" lon="75.8076391">
        <time>2018-10-11T00:41:12Z</time>
      </trkpt>
      <trkpt lat="26.9174148" lon="75.8076391">
        <time>2018-10-11T00:41:23Z</time>
      </trkpt>
      <trkpt lat="26.9174148" lon="75.8076391">
        <time>2018-10-11T00:41:34Z</time>
      </trkpt>
      <trkpt lat="26.9174148" lon="75.8076391">
        <time>2018-10-11T00:41:44Z</time>
      </trkpt>
      <trkpt lat="26.9174148" lon="75.8076391">
        <time>2018-10-11T00:41:55Z</time>
      </trkpt>
      <trkpt lat="26.9174148" lon="75.8076391">
        <time>2018-10-11T00:42:05Z</time>
      </trkpt>
      <trkpt lat="26.9174148" lon="75.8076391">
        <time>2018-10-11T00:42:16Z</time>
      </trkpt>
      <trkpt lat="26.9174148" lon="75.8076391">
        <time>2018-10-11T00:42:26Z</time>
      </trkpt>
      <trkpt lat="26.9174148" lon="75.8076391">
        <time>2018-10-11T00:42:37Z</time>
      </trkpt>
      <trkpt lat="26.9174148" lon="75.8076391">
        <time>2018-10-11T00:42:47Z</time>
      </trkpt>
      <trkpt lat="26.9174148" lon="75.8076391">
        <time>2018-10-11T00:42:58Z</time>
      </trkpt>
      <trkpt lat="26.9174148" lon="75.8076391">
        <time>2018-10-11T00:43:08Z</time>
      </trkpt>
      <trkpt lat="26.9174148" lon="75.8076391">
        <time>2018-10-11T00:43:18Z</time>
      </trkpt>
      <trkpt lat="26.9174148" lon="75.8076391">
        <time>2018-10-11T00:43:28Z</time>
      </trkpt>
      <trkpt lat="26.9174148" lon="75.8076391">
        <time>2018-10-11T00:43:39Z</time>
      </trkpt>
      <trkpt lat="26.9174148" lon="75.8076391">
        <time>2018-10-11T00:43:50Z</time>
      </trkpt>
      <trkpt lat="26.9174148" lon="75.8076391">
        <time>2018-10-11T00:44:00Z</time>
      </trkpt>
      <trkpt lat="26.9174148" lon="75.8076391">
        <time>2018-10-11T00:44:11Z</time>
      </trkpt>
      <trkpt lat="26.9174148" lon="75.8076391">
        <time>2018-10-11T00:44:22Z</time>
      </trkpt>
      <trkpt lat="26.9174148" lon="75.8076391">
        <time>2018-10-11T00:44:33Z</time>
      </trkpt>
      <trkpt lat="26.9174148" lon="75.8076391">
        <time>2018-10-11T00:44:43Z</time>
      </trkpt>
      <trkpt lat="26.9174148" lon="75.8076391">
        <time>2018-10-11T00:44:53Z</time>
      </trkpt>
      <trkpt lat="26.9174148" lon="75.8076391">
        <time>2018-10-11T00:45:03Z</time>
      </trkpt>
      <trkpt lat="26.9174148" lon="75.8076391">
        <time>2018-10-11T00:45:13Z</time>
      </trkpt>
      <trkpt lat="26.9174148" lon="75.8076391">
        <time>2018-10-11T00:45:24Z</time>
      </trkpt>
      <trkpt lat="26.9174158" lon="75.8076379">
        <time>2018-10-11T00:45:35Z</time>
      </trkpt>
      <trkpt lat="26.9174158" lon="75.8076379">
        <time>2018-10-11T00:45:45Z</time>
      </trkpt>
      <trkpt lat="26.9174158" lon="75.8076379">
        <time>2018-10-11T00:45:56Z</time>
      </trkpt>
      <trkpt lat="26.9174158" lon="75.8076379">
        <time>2018-10-11T00:46:07Z</time>
      </trkpt>
      <trkpt lat="26.9174158" lon="75.8076379">
        <time>2018-10-11T00:46:17Z</time>
      </trkpt>
      <trkpt lat="26.9174158" lon="75.8076379">
        <time>2018-10-11T00:46:28Z</time>
      </trkpt>
      <trkpt lat="26.9174158" lon="75.8076379">
        <time>2018-10-11T00:46:38Z</time>
      </trkpt>
      <trkpt lat="26.9174158" lon="75.8076379">
        <time>2018-10-11T00:46:48Z</time>
      </trkpt>
      <trkpt lat="26.9174155" lon="75.8076377">
        <time>2018-10-11T00:46:59Z</time>
      </trkpt>
      <trkpt lat="26.9174156" lon="75.8076376">
        <time>2018-10-11T00:47:10Z</time>
      </trkpt>
      <trkpt lat="26.9174156" lon="75.8076376">
        <time>2018-10-11T00:47:21Z</time>
      </trkpt>
      <trkpt lat="26.9174156" lon="75.8076376">
        <time>2018-10-11T00:47:31Z</time>
      </trkpt>
      <trkpt lat="26.9174156" lon="75.8076376">
        <time>2018-10-11T00:47:42Z</time>
      </trkpt>
      <trkpt lat="26.9174156" lon="75.8076376">
        <time>2018-10-11T00:47:53Z</time>
      </trkpt>
      <trkpt lat="26.9174156" lon="75.8076376">
        <time>2018-10-11T00:48:03Z</time>
      </trkpt>
      <trkpt lat="26.9174156" lon="75.8076376">
        <time>2018-10-11T00:48:14Z</time>
      </trkpt>
      <trkpt lat="26.9174156" lon="75.8076376">
        <time>2018-10-11T00:48:24Z</time>
      </trkpt>
      <trkpt lat="26.9174156" lon="75.8076376">
        <time>2018-10-11T00:48:34Z</time>
      </trkpt>
      <trkpt lat="26.9174156" lon="75.8076376">
        <time>2018-10-11T00:48:45Z</time>
      </trkpt>
      <trkpt lat="26.9174156" lon="75.8076376">
        <time>2018-10-11T00:48:55Z</time>
      </trkpt>
      <trkpt lat="26.9174156" lon="75.8076376">
        <time>2018-10-11T00:49:06Z</time>
      </trkpt>
      <trkpt lat="26.9174156" lon="75.8076376">
        <time>2018-10-11T00:49:16Z</time>
      </trkpt>
      <trkpt lat="26.9174156" lon="75.8076376">
        <time>2018-10-11T00:49:27Z</time>
      </trkpt>
      <trkpt lat="26.9174156" lon="75.8076376">
        <time>2018-10-11T00:49:37Z</time>
      </trkpt>
      <trkpt lat="26.9174156" lon="75.8076376">
        <time>2018-10-11T00:49:48Z</time>
      </trkpt>
      <trkpt lat="26.9174156" lon="75.8076376">
        <time>2018-10-11T00:49:58Z</time>
      </trkpt>
      <trkpt lat="26.9174156" lon="75.8076376">
        <time>2018-10-11T00:50:08Z</time>
      </trkpt>
      <trkpt lat="26.9174156" lon="75.8076376">
        <time>2018-10-11T00:50:19Z</time>
      </trkpt>
      <trkpt lat="26.9174156" lon="75.8076376">
        <time>2018-10-11T00:50:29Z</time>
      </trkpt>
      <trkpt lat="26.9174113" lon="75.8076374">
        <time>2018-10-11T00:50:40Z</time>
      </trkpt>
      <trkpt lat="26.9174103" lon="75.8076376">
        <time>2018-10-11T00:50:50Z</time>
      </trkpt>
      <trkpt lat="26.9174102" lon="75.8076377">
        <time>2018-10-11T00:51:01Z</time>
      </trkpt>
      <trkpt lat="26.9174090" lon="75.8076378">
        <time>2018-10-11T00:51:12Z</time>
      </trkpt>
      <trkpt lat="26.9174088" lon="75.8076384">
        <time>2018-10-11T00:51:22Z</time>
      </trkpt>
      <trkpt lat="26.9174089" lon="75.8076396">
        <time>2018-10-11T00:51:33Z</time>
      </trkpt>
      <trkpt lat="26.9174089" lon="75.8076396">
        <time>2018-10-11T00:51:44Z</time>
      </trkpt>
      <trkpt lat="26.9174097" lon="75.8076399">
        <time>2018-10-11T00:51:54Z</time>
      </trkpt>
      <trkpt lat="26.9174097" lon="75.8076403">
        <time>2018-10-11T00:52:04Z</time>
      </trkpt>
      <trkpt lat="26.9174102" lon="75.8076401">
        <time>2018-10-11T00:52:15Z</time>
      </trkpt>
      <trkpt lat="26.9174102" lon="75.8076401">
        <time>2018-10-11T00:52:26Z</time>
      </trkpt>
      <trkpt lat="26.9174104" lon="75.8076371">
        <time>2018-10-11T00:52:37Z</time>
      </trkpt>
      <trkpt lat="26.9174101" lon="75.8076351">
        <time>2018-10-11T00:52:48Z</time>
      </trkpt>
      <trkpt lat="26.9174094" lon="75.8076345">
        <time>2018-10-11T00:52:59Z</time>
      </trkpt>
      <trkpt lat="26.9174089" lon="75.8076333">
        <time>2018-10-11T00:53:10Z</time>
      </trkpt>
      <trkpt lat="26.9174086" lon="75.8076327">
        <time>2018-10-11T00:53:21Z</time>
      </trkpt>
      <trkpt lat="26.9174086" lon="75.8076327">
        <time>2018-10-11T00:53:31Z</time>
      </trkpt>
      <trkpt lat="26.9174085" lon="75.8076324">
        <time>2018-10-11T00:53:42Z</time>
      </trkpt>
      <trkpt lat="26.9174100" lon="75.8076319">
        <time>2018-10-11T00:53:52Z</time>
      </trkpt>
      <trkpt lat="26.9174100" lon="75.8076319">
        <time>2018-10-11T00:54:03Z</time>
      </trkpt>
      <trkpt lat="26.9174103" lon="75.8076320">
        <time>2018-10-11T00:54:14Z</time>
      </trkpt>
      <trkpt lat="26.9174103" lon="75.8076320">
        <time>2018-10-11T00:54:24Z</time>
      </trkpt>
      <trkpt lat="26.9174103" lon="75.8076325">
        <time>2018-10-11T00:54:35Z</time>
      </trkpt>
      <trkpt lat="26.9174103" lon="75.8076325">
        <time>2018-10-11T00:54:45Z</time>
      </trkpt>
      <trkpt lat="26.9174109" lon="75.8076317">
        <time>2018-10-11T00:54:56Z</time>
      </trkpt>
      <trkpt lat="26.9174115" lon="75.8076305">
        <time>2018-10-11T00:55:06Z</time>
      </trkpt>
      <trkpt lat="26.9174119" lon="75.8076284">
        <time>2018-10-11T00:55:17Z</time>
      </trkpt>
      <trkpt lat="26.9174119" lon="75.8076284">
        <time>2018-10-11T00:55:27Z</time>
      </trkpt>
      <trkpt lat="26.9174134" lon="75.8076246">
        <time>2018-10-11T00:55:37Z</time>
      </trkpt>
      <trkpt lat="26.9174135" lon="75.8076245">
        <time>2018-10-11T00:55:48Z</time>
      </trkpt>
      <trkpt lat="26.9174136" lon="75.8076249">
        <time>2018-10-11T00:55:58Z</time>
      </trkpt>
      <trkpt lat="26.9174136" lon="75.8076249">
        <time>2018-10-11T00:56:09Z</time>
      </trkpt>
      <trkpt lat="26.9174136" lon="75.8076249">
        <time>2018-10-11T00:56:20Z</time>
      </trkpt>
      <trkpt lat="26.9174136" lon="75.8076249">
        <time>2018-10-11T00:56:30Z</time>
      </trkpt>
      <trkpt lat="26.9174136" lon="75.8076249">
        <time>2018-10-11T00:56:41Z</time>
      </trkpt>
      <trkpt lat="26.9174136" lon="75.8076249">
        <time>2018-10-11T00:56:52Z</time>
      </trkpt>
      <trkpt lat="26.9174136" lon="75.8076249">
        <time>2018-10-11T00:57:02Z</time>
      </trkpt>
      <trkpt lat="26.9174136" lon="75.8076249">
        <time>2018-10-11T00:57:13Z</time>
      </trkpt>
      <trkpt lat="26.9174136" lon="75.8076249">
        <time>2018-10-11T00:57:23Z</time>
      </trkpt>
      <trkpt lat="26.9174143" lon="75.8076261">
        <time>2018-10-11T00:57:33Z</time>
      </trkpt>
      <trkpt lat="26.9174143" lon="75.8076261">
        <time>2018-10-11T00:57:44Z</time>
      </trkpt>
      <trkpt lat="26.9174149" lon="75.8076268">
        <time>2018-10-11T00:57:55Z</time>
      </trkpt>
      <trkpt lat="26.9174147" lon="75.8076268">
        <time>2018-10-11T00:58:06Z</time>
      </trkpt>
      <trkpt lat="26.9174154" lon="75.8076265">
        <time>2018-10-11T00:58:16Z</time>
      </trkpt>
      <trkpt lat="26.9174154" lon="75.8076265">
        <time>2018-10-11T00:58:27Z</time>
      </trkpt>
      <trkpt lat="26.9174154" lon="75.8076265">
        <time>2018-10-11T00:58:37Z</time>
      </trkpt>
      <trkpt lat="26.9174154" lon="75.8076265">
        <time>2018-10-11T00:58:48Z</time>
      </trkpt>
      <trkpt lat="26.9174154" lon="75.8076265">
        <time>2018-10-11T00:58:58Z</time>
      </trkpt>
      <trkpt lat="26.9174154" lon="75.8076265">
        <time>2018-10-11T00:59:09Z</time>
      </trkpt>
      <trkpt lat="26.9174154" lon="75.8076265">
        <time>2018-10-11T00:59:20Z</time>
      </trkpt>
      <trkpt lat="26.9174154" lon="75.8076265">
        <time>2018-10-11T00:59:30Z</time>
      </trkpt>
      <trkpt lat="26.9174154" lon="75.8076265">
        <time>2018-10-11T00:59:41Z</time>
      </trkpt>
      <trkpt lat="26.9174154" lon="75.8076265">
        <time>2018-10-11T00:59:51Z</time>
      </trkpt>
      <trkpt lat="26.9174154" lon="75.8076265">
        <time>2018-10-11T01:00:02Z</time>
      </trkpt>
      <trkpt lat="26.9174154" lon="75.8076265">
        <time>2018-10-11T01:00:13Z</time>
      </trkpt>
      <trkpt lat="26.9174154" lon="75.8076265">
        <time>2018-10-11T01:00:24Z</time>
      </trkpt>
      <trkpt lat="26.9174154" lon="75.8076265">
        <time>2018-10-11T01:00:34Z</time>
      </trkpt>
      <trkpt lat="26.9174154" lon="75.8076265">
        <time>2018-10-11T01:00:44Z</time>
      </trkpt>
      <trkpt lat="26.9174154" lon="75.8076265">
        <time>2018-10-11T01:00:54Z</time>
      </trkpt>
      <trkpt lat="26.9174154" lon="75.8076265">
        <time>2018-10-11T01:01:04Z</time>
      </trkpt>
      <trkpt lat="26.9174154" lon="75.8076265">
        <time>2018-10-11T01:01:14Z</time>
      </trkpt>
      <trkpt lat="26.9174154" lon="75.8076265">
        <time>2018-10-11T01:01:25Z</time>
      </trkpt>
      <trkpt lat="26.9174154" lon="75.8076265">
        <time>2018-10-11T01:01:35Z</time>
      </trkpt>
      <trkpt lat="26.9174154" lon="75.8076265">
        <time>2018-10-11T01:01:45Z</time>
      </trkpt>
      <trkpt lat="26.9174154" lon="75.8076265">
        <time>2018-10-11T01:01:55Z</time>
      </trkpt>
      <trkpt lat="26.9174154" lon="75.8076265">
        <time>2018-10-11T01:02:06Z</time>
      </trkpt>
      <trkpt lat="26.9174169" lon="75.8076270">
        <time>2018-10-11T01:02:16Z</time>
      </trkpt>
      <trkpt lat="26.9174172" lon="75.8076277">
        <time>2018-10-11T01:02:26Z</time>
      </trkpt>
      <trkpt lat="26.9174172" lon="75.8076277">
        <time>2018-10-11T01:02:36Z</time>
      </trkpt>
      <trkpt lat="26.9174172" lon="75.8076277">
        <time>2018-10-11T01:02:46Z</time>
      </trkpt>
      <trkpt lat="26.9174172" lon="75.8076277">
        <time>2018-10-11T01:02:56Z</time>
      </trkpt>
      <trkpt lat="26.9174172" lon="75.8076277">
        <time>2018-10-11T01:03:07Z</time>
      </trkpt>
      <trkpt lat="26.9174172" lon="75.8076277">
        <time>2018-10-11T01:03:17Z</time>
      </trkpt>
      <trkpt lat="26.9174172" lon="75.8076277">
        <time>2018-10-11T01:03:28Z</time>
      </trkpt>
      <trkpt lat="26.9174172" lon="75.8076277">
        <time>2018-10-11T01:03:39Z</time>
      </trkpt>
      <trkpt lat="26.9174172" lon="75.8076277">
        <time>2018-10-11T01:03:50Z</time>
      </trkpt>
      <trkpt lat="26.9174172" lon="75.8076277">
        <time>2018-10-11T01:04:00Z</time>
      </trkpt>
      <trkpt lat="26.9174172" lon="75.8076277">
        <time>2018-10-11T01:04:10Z</time>
      </trkpt>
      <trkpt lat="26.9174172" lon="75.8076277">
        <time>2018-10-11T01:04:21Z</time>
      </trkpt>
      <trkpt lat="26.9174172" lon="75.8076277">
        <time>2018-10-11T01:04:31Z</time>
      </trkpt>
      <trkpt lat="26.9174172" lon="75.8076277">
        <time>2018-10-11T01:04:42Z</time>
      </trkpt>
      <trkpt lat="26.9174172" lon="75.8076277">
        <time>2018-10-11T01:04:52Z</time>
      </trkpt>
      <trkpt lat="26.9174172" lon="75.8076277">
        <time>2018-10-11T01:05:02Z</time>
      </trkpt>
      <trkpt lat="26.9174172" lon="75.8076277">
        <time>2018-10-11T01:05:13Z</time>
      </trkpt>
      <trkpt lat="26.9174172" lon="75.8076277">
        <time>2018-10-11T01:05:23Z</time>
      </trkpt>
      <trkpt lat="26.9174172" lon="75.8076277">
        <time>2018-10-11T01:05:34Z</time>
      </trkpt>
      <trkpt lat="26.9174172" lon="75.8076277">
        <time>2018-10-11T01:05:44Z</time>
      </trkpt>
      <trkpt lat="26.9174172" lon="75.8076277">
        <time>2018-10-11T01:05:54Z</time>
      </trkpt>
      <trkpt lat="26.9174172" lon="75.8076277">
        <time>2018-10-11T01:06:05Z</time>
      </trkpt>
      <trkpt lat="26.9174172" lon="75.8076277">
        <time>2018-10-11T01:06:16Z</time>
      </trkpt>
      <trkpt lat="26.9174172" lon="75.8076277">
        <time>2018-10-11T01:06:26Z</time>
      </trkpt>
      <trkpt lat="26.9174172" lon="75.8076277">
        <time>2018-10-11T01:06:36Z</time>
      </trkpt>
      <trkpt lat="26.9174172" lon="75.8076277">
        <time>2018-10-11T01:06:47Z</time>
      </trkpt>
      <trkpt lat="26.9174172" lon="75.8076277">
        <time>2018-10-11T01:06:58Z</time>
      </trkpt>
      <trkpt lat="26.9174172" lon="75.8076277">
        <time>2018-10-11T01:07:09Z</time>
      </trkpt>
      <trkpt lat="26.9174172" lon="75.8076277">
        <time>2018-10-11T01:07:20Z</time>
      </trkpt>
      <trkpt lat="26.9174172" lon="75.8076277">
        <time>2018-10-11T01:07:31Z</time>
      </trkpt>
      <trkpt lat="26.9174172" lon="75.8076277">
        <time>2018-10-11T01:07:41Z</time>
      </trkpt>
      <trkpt lat="26.9174172" lon="75.8076277">
        <time>2018-10-11T01:07:51Z</time>
      </trkpt>
      <trkpt lat="26.9174172" lon="75.8076277">
        <time>2018-10-11T01:08:02Z</time>
      </trkpt>
      <trkpt lat="26.9174172" lon="75.8076277">
        <time>2018-10-11T01:08:12Z</time>
      </trkpt>
      <trkpt lat="26.9174172" lon="75.8076277">
        <time>2018-10-11T01:08:23Z</time>
      </trkpt>
      <trkpt lat="26.9174172" lon="75.8076277">
        <time>2018-10-11T01:08:34Z</time>
      </trkpt>
      <trkpt lat="26.9174172" lon="75.8076277">
        <time>2018-10-11T01:08:44Z</time>
      </trkpt>
      <trkpt lat="26.9174172" lon="75.8076277">
        <time>2018-10-11T01:08:54Z</time>
      </trkpt>
      <trkpt lat="26.9174172" lon="75.8076277">
        <time>2018-10-11T01:09:05Z</time>
      </trkpt>
      <trkpt lat="26.9174172" lon="75.8076277">
        <time>2018-10-11T01:09:15Z</time>
      </trkpt>
      <trkpt lat="26.9174172" lon="75.8076277">
        <time>2018-10-11T01:09:26Z</time>
      </trkpt>
      <trkpt lat="26.9174172" lon="75.8076277">
        <time>2018-10-11T01:09:36Z</time>
      </trkpt>
      <trkpt lat="26.9174172" lon="75.8076277">
        <time>2018-10-11T01:09:47Z</time>
      </trkpt>
      <trkpt lat="26.9174172" lon="75.8076277">
        <time>2018-10-11T01:09:57Z</time>
      </trkpt>
      <trkpt lat="26.9174172" lon="75.8076277">
        <time>2018-10-11T01:10:07Z</time>
      </trkpt>
      <trkpt lat="26.9174172" lon="75.8076277">
        <time>2018-10-11T01:10:17Z</time>
      </trkpt>
      <trkpt lat="26.9174172" lon="75.8076277">
        <time>2018-10-11T01:10:28Z</time>
      </trkpt>
      <trkpt lat="26.9174172" lon="75.8076277">
        <time>2018-10-11T01:10:39Z</time>
      </trkpt>
      <trkpt lat="26.9174172" lon="75.8076277">
        <time>2018-10-11T01:10:50Z</time>
      </trkpt>
      <trkpt lat="26.9174172" lon="75.8076277">
        <time>2018-10-11T01:11:01Z</time>
      </trkpt>
      <trkpt lat="26.9174172" lon="75.8076277">
        <time>2018-10-11T01:11:11Z</time>
      </trkpt>
      <trkpt lat="26.9174172" lon="75.8076277">
        <time>2018-10-11T01:11:22Z</time>
      </trkpt>
      <trkpt lat="26.9174172" lon="75.8076277">
        <time>2018-10-11T01:11:32Z</time>
      </trkpt>
      <trkpt lat="26.9174172" lon="75.8076277">
        <time>2018-10-11T01:11:43Z</time>
      </trkpt>
      <trkpt lat="26.9174172" lon="75.8076277">
        <time>2018-10-11T01:11:54Z</time>
      </trkpt>
      <trkpt lat="26.9174172" lon="75.8076277">
        <time>2018-10-11T01:12:05Z</time>
      </trkpt>
      <trkpt lat="26.9174172" lon="75.8076277">
        <time>2018-10-11T01:12:15Z</time>
      </trkpt>
      <trkpt lat="26.9174172" lon="75.8076277">
        <time>2018-10-11T01:12:26Z</time>
      </trkpt>
      <trkpt lat="26.9174172" lon="75.8076277">
        <time>2018-10-11T01:12:36Z</time>
      </trkpt>
      <trkpt lat="26.9174172" lon="75.8076277">
        <time>2018-10-11T01:12:46Z</time>
      </trkpt>
      <trkpt lat="26.9174172" lon="75.8076277">
        <time>2018-10-11T01:12:57Z</time>
      </trkpt>
      <trkpt lat="26.9174172" lon="75.8076277">
        <time>2018-10-11T01:13:08Z</time>
      </trkpt>
      <trkpt lat="26.9174172" lon="75.8076277">
        <time>2018-10-11T01:13:18Z</time>
      </trkpt>
      <trkpt lat="26.9174172" lon="75.8076277">
        <time>2018-10-11T01:13:28Z</time>
      </trkpt>
      <trkpt lat="26.9174172" lon="75.8076277">
        <time>2018-10-11T01:13:39Z</time>
      </trkpt>
      <trkpt lat="26.9174172" lon="75.8076277">
        <time>2018-10-11T01:13:49Z</time>
      </trkpt>
      <trkpt lat="26.9174172" lon="75.8076277">
        <time>2018-10-11T01:14:00Z</time>
      </trkpt>
      <trkpt lat="26.9174172" lon="75.8076277">
        <time>2018-10-11T01:14:10Z</time>
      </trkpt>
      <trkpt lat="26.9174172" lon="75.8076277">
        <time>2018-10-11T01:14:21Z</time>
      </trkpt>
      <trkpt lat="26.9174172" lon="75.8076277">
        <time>2018-10-11T01:14:32Z</time>
      </trkpt>
      <trkpt lat="26.9174172" lon="75.8076277">
        <time>2018-10-11T01:14:42Z</time>
      </trkpt>
      <trkpt lat="26.9174172" lon="75.8076277">
        <time>2018-10-11T01:14:53Z</time>
      </trkpt>
      <trkpt lat="26.9174172" lon="75.8076277">
        <time>2018-10-11T01:15:04Z</time>
      </trkpt>
      <trkpt lat="26.9174172" lon="75.8076277">
        <time>2018-10-11T01:15:14Z</time>
      </trkpt>
      <trkpt lat="26.9174172" lon="75.8076277">
        <time>2018-10-11T01:15:25Z</time>
      </trkpt>
      <trkpt lat="26.9174172" lon="75.8076277">
        <time>2018-10-11T01:15:35Z</time>
      </trkpt>
      <trkpt lat="26.9174172" lon="75.8076277">
        <time>2018-10-11T01:15:45Z</time>
      </trkpt>
      <trkpt lat="26.9174172" lon="75.8076277">
        <time>2018-10-11T01:15:55Z</time>
      </trkpt>
      <trkpt lat="26.9174172" lon="75.8076277">
        <time>2018-10-11T01:16:06Z</time>
      </trkpt>
      <trkpt lat="26.9174172" lon="75.8076277">
        <time>2018-10-11T01:16:16Z</time>
      </trkpt>
      <trkpt lat="26.9174172" lon="75.8076277">
        <time>2018-10-11T01:16:27Z</time>
      </trkpt>
      <trkpt lat="26.9174172" lon="75.8076277">
        <time>2018-10-11T01:16:38Z</time>
      </trkpt>
      <trkpt lat="26.9174172" lon="75.8076277">
        <time>2018-10-11T01:16:48Z</time>
      </trkpt>
      <trkpt lat="26.9174172" lon="75.8076277">
        <time>2018-10-11T01:16:59Z</time>
      </trkpt>
      <trkpt lat="26.9174172" lon="75.8076277">
        <time>2018-10-11T01:17:09Z</time>
      </trkpt>
      <trkpt lat="26.9174172" lon="75.8076277">
        <time>2018-10-11T01:17:19Z</time>
      </trkpt>
      <trkpt lat="26.9174172" lon="75.8076277">
        <time>2018-10-11T01:17:29Z</time>
      </trkpt>
      <trkpt lat="26.9174172" lon="75.8076277">
        <time>2018-10-11T01:17:40Z</time>
      </trkpt>
      <trkpt lat="26.9174172" lon="75.8076277">
        <time>2018-10-11T01:17:50Z</time>
      </trkpt>
      <trkpt lat="26.9174172" lon="75.8076277">
        <time>2018-10-11T01:18:01Z</time>
      </trkpt>
      <trkpt lat="26.9174172" lon="75.8076277">
        <time>2018-10-11T01:18:12Z</time>
      </trkpt>
      <trkpt lat="26.9174172" lon="75.8076277">
        <time>2018-10-11T01:18:23Z</time>
      </trkpt>
      <trkpt lat="26.9174172" lon="75.8076277">
        <time>2018-10-11T01:18:34Z</time>
      </trkpt>
      <trkpt lat="26.9174172" lon="75.8076277">
        <time>2018-10-11T01:18:44Z</time>
      </trkpt>
      <trkpt lat="26.9174172" lon="75.8076277">
        <time>2018-10-11T01:18:54Z</time>
      </trkpt>
      <trkpt lat="26.9174172" lon="75.8076277">
        <time>2018-10-11T01:19:05Z</time>
      </trkpt>
      <trkpt lat="26.9174172" lon="75.8076277">
        <time>2018-10-11T01:19:16Z</time>
      </trkpt>
      <trkpt lat="26.9174172" lon="75.8076277">
        <time>2018-10-11T01:19:27Z</time>
      </trkpt>
      <trkpt lat="26.9174172" lon="75.8076277">
        <time>2018-10-11T01:19:37Z</time>
      </trkpt>
      <trkpt lat="26.9174172" lon="75.8076277">
        <time>2018-10-11T01:19:48Z</time>
      </trkpt>
      <trkpt lat="26.9174164" lon="75.8076258">
        <time>2018-10-11T01:19:58Z</time>
      </trkpt>
      <trkpt lat="26.9174164" lon="75.8076258">
        <time>2018-10-11T01:20:09Z</time>
      </trkpt>
      <trkpt lat="26.9174164" lon="75.8076258">
        <time>2018-10-11T01:20:20Z</time>
      </trkpt>
      <trkpt lat="26.9174164" lon="75.8076258">
        <time>2018-10-11T01:20:30Z</time>
      </trkpt>
      <trkpt lat="26.9174164" lon="75.8076258">
        <time>2018-10-11T01:20:41Z</time>
      </trkpt>
      <trkpt lat="26.9174164" lon="75.8076258">
        <time>2018-10-11T01:20:52Z</time>
      </trkpt>
      <trkpt lat="26.9174164" lon="75.8076258">
        <time>2018-10-11T01:21:03Z</time>
      </trkpt>
      <trkpt lat="26.9174164" lon="75.8076258">
        <time>2018-10-11T01:21:13Z</time>
      </trkpt>
      <trkpt lat="26.9174164" lon="75.8076258">
        <time>2018-10-11T01:21:24Z</time>
      </trkpt>
      <trkpt lat="26.9174164" lon="75.8076258">
        <time>2018-10-11T01:21:34Z</time>
      </trkpt>
      <trkpt lat="26.9174164" lon="75.8076258">
        <time>2018-10-11T01:21:45Z</time>
      </trkpt>
      <trkpt lat="26.9174164" lon="75.8076258">
        <time>2018-10-11T01:21:55Z</time>
      </trkpt>
      <trkpt lat="26.9174164" lon="75.8076258">
        <time>2018-10-11T01:22:05Z</time>
      </trkpt>
      <trkpt lat="26.9174164" lon="75.8076258">
        <time>2018-10-11T01:22:16Z</time>
      </trkpt>
      <trkpt lat="26.9174164" lon="75.8076258">
        <time>2018-10-11T01:22:26Z</time>
      </trkpt>
      <trkpt lat="26.9174164" lon="75.8076258">
        <time>2018-10-11T01:22:36Z</time>
      </trkpt>
      <trkpt lat="26.9174164" lon="75.8076258">
        <time>2018-10-11T01:22:47Z</time>
      </trkpt>
      <trkpt lat="26.9174164" lon="75.8076258">
        <time>2018-10-11T01:22:57Z</time>
      </trkpt>
      <trkpt lat="26.9174164" lon="75.8076258">
        <time>2018-10-11T01:23:08Z</time>
      </trkpt>
      <trkpt lat="26.9174164" lon="75.8076258">
        <time>2018-10-11T01:23:18Z</time>
      </trkpt>
      <trkpt lat="26.9174164" lon="75.8076258">
        <time>2018-10-11T01:23:29Z</time>
      </trkpt>
      <trkpt lat="26.9174164" lon="75.8076258">
        <time>2018-10-11T01:23:40Z</time>
      </trkpt>
      <trkpt lat="26.9174164" lon="75.8076258">
        <time>2018-10-11T01:23:50Z</time>
      </trkpt>
      <trkpt lat="26.9174164" lon="75.8076258">
        <time>2018-10-11T01:24:01Z</time>
      </trkpt>
      <trkpt lat="26.9174164" lon="75.8076258">
        <time>2018-10-11T01:24:11Z</time>
      </trkpt>
      <trkpt lat="26.9174164" lon="75.8076258">
        <time>2018-10-11T01:24:21Z</time>
      </trkpt>
      <trkpt lat="26.9174164" lon="75.8076258">
        <time>2018-10-11T01:24:32Z</time>
      </trkpt>
      <trkpt lat="26.9174164" lon="75.8076258">
        <time>2018-10-11T01:24:42Z</time>
      </trkpt>
      <trkpt lat="26.9174164" lon="75.8076258">
        <time>2018-10-11T01:24:53Z</time>
      </trkpt>
      <trkpt lat="26.9174164" lon="75.8076258">
        <time>2018-10-11T01:25:03Z</time>
      </trkpt>
      <trkpt lat="26.9174164" lon="75.8076258">
        <time>2018-10-11T01:25:14Z</time>
      </trkpt>
      <trkpt lat="26.9174164" lon="75.8076258">
        <time>2018-10-11T01:25:24Z</time>
      </trkpt>
      <trkpt lat="26.9174164" lon="75.8076258">
        <time>2018-10-11T01:25:34Z</time>
      </trkpt>
      <trkpt lat="26.9174164" lon="75.8076258">
        <time>2018-10-11T01:25:45Z</time>
      </trkpt>
      <trkpt lat="26.9174164" lon="75.8076258">
        <time>2018-10-11T01:25:56Z</time>
      </trkpt>
      <trkpt lat="26.9174164" lon="75.8076258">
        <time>2018-10-11T01:26:07Z</time>
      </trkpt>
      <trkpt lat="26.9174164" lon="75.8076258">
        <time>2018-10-11T01:26:17Z</time>
      </trkpt>
      <trkpt lat="26.9174164" lon="75.8076258">
        <time>2018-10-11T01:26:28Z</time>
      </trkpt>
      <trkpt lat="26.9174164" lon="75.8076258">
        <time>2018-10-11T01:26:38Z</time>
      </trkpt>
      <trkpt lat="26.9174164" lon="75.8076258">
        <time>2018-10-11T01:26:49Z</time>
      </trkpt>
      <trkpt lat="26.9174164" lon="75.8076258">
        <time>2018-10-11T01:27:00Z</time>
      </trkpt>
      <trkpt lat="26.9174164" lon="75.8076258">
        <time>2018-10-11T01:27:10Z</time>
      </trkpt>
      <trkpt lat="26.9174164" lon="75.8076258">
        <time>2018-10-11T01:27:20Z</time>
      </trkpt>
      <trkpt lat="26.9174164" lon="75.8076258">
        <time>2018-10-11T01:27:32Z</time>
      </trkpt>
      <trkpt lat="26.9174164" lon="75.8076258">
        <time>2018-10-11T01:27:42Z</time>
      </trkpt>
      <trkpt lat="26.9174164" lon="75.8076258">
        <time>2018-10-11T01:27:53Z</time>
      </trkpt>
      <trkpt lat="26.9174164" lon="75.8076258">
        <time>2018-10-11T01:28:03Z</time>
      </trkpt>
      <trkpt lat="26.9174164" lon="75.8076258">
        <time>2018-10-11T01:28:13Z</time>
      </trkpt>
      <trkpt lat="26.9174164" lon="75.8076258">
        <time>2018-10-11T01:28:24Z</time>
      </trkpt>
      <trkpt lat="26.9174164" lon="75.8076258">
        <time>2018-10-11T01:28:35Z</time>
      </trkpt>
      <trkpt lat="26.9174164" lon="75.8076258">
        <time>2018-10-11T01:28:45Z</time>
      </trkpt>
      <trkpt lat="26.9174164" lon="75.8076258">
        <time>2018-10-11T01:28:56Z</time>
      </trkpt>
      <trkpt lat="26.9174164" lon="75.8076258">
        <time>2018-10-11T01:29:06Z</time>
      </trkpt>
      <trkpt lat="26.9174164" lon="75.8076258">
        <time>2018-10-11T01:29:17Z</time>
      </trkpt>
      <trkpt lat="26.9174164" lon="75.8076258">
        <time>2018-10-11T01:29:27Z</time>
      </trkpt>
      <trkpt lat="26.9174164" lon="75.8076258">
        <time>2018-10-11T01:29:38Z</time>
      </trkpt>
      <trkpt lat="26.9174164" lon="75.8076258">
        <time>2018-10-11T01:29:48Z</time>
      </trkpt>
      <trkpt lat="26.9174164" lon="75.8076258">
        <time>2018-10-11T01:29:58Z</time>
      </trkpt>
      <trkpt lat="26.9174164" lon="75.8076258">
        <time>2018-10-11T01:30:09Z</time>
      </trkpt>
      <trkpt lat="26.9174164" lon="75.8076258">
        <time>2018-10-11T01:30:20Z</time>
      </trkpt>
      <trkpt lat="26.9174164" lon="75.8076258">
        <time>2018-10-11T01:30:30Z</time>
      </trkpt>
      <trkpt lat="26.9174164" lon="75.8076258">
        <time>2018-10-11T01:30:41Z</time>
      </trkpt>
      <trkpt lat="26.9174164" lon="75.8076258">
        <time>2018-10-11T01:30:51Z</time>
      </trkpt>
      <trkpt lat="26.9174164" lon="75.8076258">
        <time>2018-10-11T01:31:02Z</time>
      </trkpt>
      <trkpt lat="26.9174164" lon="75.8076258">
        <time>2018-10-11T01:31:12Z</time>
      </trkpt>
      <trkpt lat="26.9174164" lon="75.8076258">
        <time>2018-10-11T01:31:22Z</time>
      </trkpt>
      <trkpt lat="26.9174164" lon="75.8076258">
        <time>2018-10-11T01:31:33Z</time>
      </trkpt>
      <trkpt lat="26.9174164" lon="75.8076258">
        <time>2018-10-11T01:31:43Z</time>
      </trkpt>
      <trkpt lat="26.9174164" lon="75.8076258">
        <time>2018-10-11T01:31:53Z</time>
      </trkpt>
      <trkpt lat="26.9174164" lon="75.8076258">
        <time>2018-10-11T01:32:04Z</time>
      </trkpt>
      <trkpt lat="26.9174164" lon="75.8076258">
        <time>2018-10-11T01:32:14Z</time>
      </trkpt>
      <trkpt lat="26.9174164" lon="75.8076258">
        <time>2018-10-11T01:32:25Z</time>
      </trkpt>
      <trkpt lat="26.9174164" lon="75.8076258">
        <time>2018-10-11T01:32:36Z</time>
      </trkpt>
      <trkpt lat="26.9174164" lon="75.8076258">
        <time>2018-10-11T01:32:46Z</time>
      </trkpt>
      <trkpt lat="26.9174164" lon="75.8076258">
        <time>2018-10-11T01:32:56Z</time>
      </trkpt>
      <trkpt lat="26.9174164" lon="75.8076258">
        <time>2018-10-11T01:33:07Z</time>
      </trkpt>
      <trkpt lat="26.9174164" lon="75.8076258">
        <time>2018-10-11T01:33:18Z</time>
      </trkpt>
      <trkpt lat="26.9174164" lon="75.8076258">
        <time>2018-10-11T01:33:29Z</time>
      </trkpt>
      <trkpt lat="26.9174164" lon="75.8076258">
        <time>2018-10-11T01:33:39Z</time>
      </trkpt>
      <trkpt lat="26.9174164" lon="75.8076258">
        <time>2018-10-11T01:33:49Z</time>
      </trkpt>
      <trkpt lat="26.9174164" lon="75.8076258">
        <time>2018-10-11T01:33:59Z</time>
      </trkpt>
      <trkpt lat="26.9174164" lon="75.8076258">
        <time>2018-10-11T01:34:09Z</time>
      </trkpt>
      <trkpt lat="26.9174164" lon="75.8076258">
        <time>2018-10-11T01:34:20Z</time>
      </trkpt>
      <trkpt lat="26.9174164" lon="75.8076258">
        <time>2018-10-11T01:34:31Z</time>
      </trkpt>
      <trkpt lat="26.9174164" lon="75.8076258">
        <time>2018-10-11T01:34:42Z</time>
      </trkpt>
      <trkpt lat="26.9174164" lon="75.8076258">
        <time>2018-10-11T01:34:53Z</time>
      </trkpt>
      <trkpt lat="26.9174164" lon="75.8076258">
        <time>2018-10-11T01:35:04Z</time>
      </trkpt>
      <trkpt lat="26.9174164" lon="75.8076258">
        <time>2018-10-11T01:35:14Z</time>
      </trkpt>
      <trkpt lat="26.9174164" lon="75.8076258">
        <time>2018-10-11T01:35:24Z</time>
      </trkpt>
      <trkpt lat="26.9174164" lon="75.8076258">
        <time>2018-10-11T01:35:35Z</time>
      </trkpt>
      <trkpt lat="26.9174164" lon="75.8076258">
        <time>2018-10-11T01:35:45Z</time>
      </trkpt>
      <trkpt lat="26.9174164" lon="75.8076258">
        <time>2018-10-11T01:35:55Z</time>
      </trkpt>
      <trkpt lat="26.9174164" lon="75.8076258">
        <time>2018-10-11T01:36:06Z</time>
      </trkpt>
      <trkpt lat="26.9174164" lon="75.8076258">
        <time>2018-10-11T01:36:16Z</time>
      </trkpt>
      <trkpt lat="26.9174164" lon="75.8076258">
        <time>2018-10-11T01:36:27Z</time>
      </trkpt>
      <trkpt lat="26.9174164" lon="75.8076258">
        <time>2018-10-11T01:36:37Z</time>
      </trkpt>
      <trkpt lat="26.9174164" lon="75.8076258">
        <time>2018-10-11T01:36:48Z</time>
      </trkpt>
      <trkpt lat="26.9174164" lon="75.8076258">
        <time>2018-10-11T01:36:58Z</time>
      </trkpt>
      <trkpt lat="26.9174164" lon="75.8076258">
        <time>2018-10-11T01:37:09Z</time>
      </trkpt>
      <trkpt lat="26.9174164" lon="75.8076258">
        <time>2018-10-11T01:37:20Z</time>
      </trkpt>
      <trkpt lat="26.9174164" lon="75.8076258">
        <time>2018-10-11T01:37:30Z</time>
      </trkpt>
      <trkpt lat="26.9174164" lon="75.8076258">
        <time>2018-10-11T01:37:41Z</time>
      </trkpt>
      <trkpt lat="26.9174164" lon="75.8076258">
        <time>2018-10-11T01:37:51Z</time>
      </trkpt>
      <trkpt lat="26.9174164" lon="75.8076258">
        <time>2018-10-11T01:38:01Z</time>
      </trkpt>
      <trkpt lat="26.9174164" lon="75.8076258">
        <time>2018-10-11T01:38:12Z</time>
      </trkpt>
      <trkpt lat="26.9174164" lon="75.8076258">
        <time>2018-10-11T01:38:22Z</time>
      </trkpt>
      <trkpt lat="26.9174164" lon="75.8076258">
        <time>2018-10-11T01:38:33Z</time>
      </trkpt>
      <trkpt lat="26.9174164" lon="75.8076258">
        <time>2018-10-11T01:38:44Z</time>
      </trkpt>
      <trkpt lat="26.9174164" lon="75.8076258">
        <time>2018-10-11T01:38:55Z</time>
      </trkpt>
      <trkpt lat="26.9174164" lon="75.8076258">
        <time>2018-10-11T01:39:06Z</time>
      </trkpt>
      <trkpt lat="26.9174164" lon="75.8076258">
        <time>2018-10-11T01:39:16Z</time>
      </trkpt>
      <trkpt lat="26.9174164" lon="75.8076258">
        <time>2018-10-11T01:39:27Z</time>
      </trkpt>
      <trkpt lat="26.9174164" lon="75.8076258">
        <time>2018-10-11T01:39:38Z</time>
      </trkpt>
      <trkpt lat="26.9174164" lon="75.8076258">
        <time>2018-10-11T01:39:49Z</time>
      </trkpt>
      <trkpt lat="26.9174164" lon="75.8076258">
        <time>2018-10-11T01:39:59Z</time>
      </trkpt>
      <trkpt lat="26.9174164" lon="75.8076258">
        <time>2018-10-11T01:40:10Z</time>
      </trkpt>
      <trkpt lat="26.9174164" lon="75.8076258">
        <time>2018-10-11T01:40:20Z</time>
      </trkpt>
      <trkpt lat="26.9174164" lon="75.8076258">
        <time>2018-10-11T01:40:30Z</time>
      </trkpt>
      <trkpt lat="26.9174164" lon="75.8076258">
        <time>2018-10-11T01:40:41Z</time>
      </trkpt>
      <trkpt lat="26.9174164" lon="75.8076258">
        <time>2018-10-11T01:40:52Z</time>
      </trkpt>
      <trkpt lat="26.9174164" lon="75.8076258">
        <time>2018-10-11T01:41:03Z</time>
      </trkpt>
      <trkpt lat="26.9174164" lon="75.8076258">
        <time>2018-10-11T01:41:13Z</time>
      </trkpt>
      <trkpt lat="26.9174164" lon="75.8076258">
        <time>2018-10-11T01:41:24Z</time>
      </trkpt>
      <trkpt lat="26.9174164" lon="75.8076258">
        <time>2018-10-11T01:41:35Z</time>
      </trkpt>
      <trkpt lat="26.9174164" lon="75.8076258">
        <time>2018-10-11T01:41:46Z</time>
      </trkpt>
      <trkpt lat="26.9174164" lon="75.8076258">
        <time>2018-10-11T01:41:56Z</time>
      </trkpt>
      <trkpt lat="26.9174164" lon="75.8076258">
        <time>2018-10-11T01:42:06Z</time>
      </trkpt>
      <trkpt lat="26.9174164" lon="75.8076258">
        <time>2018-10-11T01:42:16Z</time>
      </trkpt>
      <trkpt lat="26.9174164" lon="75.8076258">
        <time>2018-10-11T01:42:27Z</time>
      </trkpt>
      <trkpt lat="26.9174164" lon="75.8076258">
        <time>2018-10-11T01:42:37Z</time>
      </trkpt>
      <trkpt lat="26.9174164" lon="75.8076258">
        <time>2018-10-11T01:42:48Z</time>
      </trkpt>
      <trkpt lat="26.9174164" lon="75.8076258">
        <time>2018-10-11T01:42:58Z</time>
      </trkpt>
      <trkpt lat="26.9174164" lon="75.8076258">
        <time>2018-10-11T01:43:09Z</time>
      </trkpt>
      <trkpt lat="26.9174164" lon="75.8076258">
        <time>2018-10-11T01:43:20Z</time>
      </trkpt>
      <trkpt lat="26.9174164" lon="75.8076258">
        <time>2018-10-11T01:43:30Z</time>
      </trkpt>
      <trkpt lat="26.9174164" lon="75.8076258">
        <time>2018-10-11T01:43:41Z</time>
      </trkpt>
      <trkpt lat="26.9174164" lon="75.8076258">
        <time>2018-10-11T01:43:51Z</time>
      </trkpt>
      <trkpt lat="26.9174164" lon="75.8076258">
        <time>2018-10-11T01:44:02Z</time>
      </trkpt>
      <trkpt lat="26.9174164" lon="75.8076258">
        <time>2018-10-11T01:44:13Z</time>
      </trkpt>
      <trkpt lat="26.9174164" lon="75.8076258">
        <time>2018-10-11T01:44:23Z</time>
      </trkpt>
      <trkpt lat="26.9174164" lon="75.8076258">
        <time>2018-10-11T01:44:33Z</time>
      </trkpt>
      <trkpt lat="26.9174164" lon="75.8076258">
        <time>2018-10-11T01:44:44Z</time>
      </trkpt>
      <trkpt lat="26.9174164" lon="75.8076258">
        <time>2018-10-11T01:44:55Z</time>
      </trkpt>
      <trkpt lat="26.9174164" lon="75.8076258">
        <time>2018-10-11T01:45:05Z</time>
      </trkpt>
      <trkpt lat="26.9174164" lon="75.8076258">
        <time>2018-10-11T01:45:16Z</time>
      </trkpt>
      <trkpt lat="26.9174164" lon="75.8076258">
        <time>2018-10-11T01:45:27Z</time>
      </trkpt>
      <trkpt lat="26.9174164" lon="75.8076258">
        <time>2018-10-11T01:45:37Z</time>
      </trkpt>
      <trkpt lat="26.9174164" lon="75.8076258">
        <time>2018-10-11T01:45:48Z</time>
      </trkpt>
      <trkpt lat="26.9174164" lon="75.8076258">
        <time>2018-10-11T01:45:58Z</time>
      </trkpt>
      <trkpt lat="26.9174164" lon="75.8076258">
        <time>2018-10-11T01:46:08Z</time>
      </trkpt>
      <trkpt lat="26.9174164" lon="75.8076258">
        <time>2018-10-11T01:46:18Z</time>
      </trkpt>
      <trkpt lat="26.9174164" lon="75.8076258">
        <time>2018-10-11T01:46:28Z</time>
      </trkpt>
      <trkpt lat="26.9174164" lon="75.8076258">
        <time>2018-10-11T01:46:38Z</time>
      </trkpt>
      <trkpt lat="26.9174164" lon="75.8076258">
        <time>2018-10-11T01:46:49Z</time>
      </trkpt>
      <trkpt lat="26.9174164" lon="75.8076258">
        <time>2018-10-11T01:47:00Z</time>
      </trkpt>
      <trkpt lat="26.9174164" lon="75.8076258">
        <time>2018-10-11T01:47:10Z</time>
      </trkpt>
      <trkpt lat="26.9174164" lon="75.8076258">
        <time>2018-10-11T01:47:21Z</time>
      </trkpt>
      <trkpt lat="26.9174178" lon="75.8076250">
        <time>2018-10-11T01:47:31Z</time>
      </trkpt>
      <trkpt lat="26.9174180" lon="75.8076250">
        <time>2018-10-11T01:47:42Z</time>
      </trkpt>
      <trkpt lat="26.9174180" lon="75.8076250">
        <time>2018-10-11T01:47:53Z</time>
      </trkpt>
      <trkpt lat="26.9174193" lon="75.8076244">
        <time>2018-10-11T01:48:03Z</time>
      </trkpt>
      <trkpt lat="26.9174266" lon="75.8076244">
        <time>2018-10-11T01:48:14Z</time>
      </trkpt>
      <trkpt lat="26.9174329" lon="75.8076282">
        <time>2018-10-11T01:48:24Z</time>
      </trkpt>
      <trkpt lat="26.9174332" lon="75.8076291">
        <time>2018-10-11T01:48:34Z</time>
      </trkpt>
      <trkpt lat="26.9174332" lon="75.8076295">
        <time>2018-10-11T01:48:45Z</time>
      </trkpt>
      <trkpt lat="26.9174338" lon="75.8076306">
        <time>2018-10-11T01:48:55Z</time>
      </trkpt>
      <trkpt lat="26.9174341" lon="75.8076309">
        <time>2018-10-11T01:49:06Z</time>
      </trkpt>
      <trkpt lat="26.9174339" lon="75.8076315">
        <time>2018-10-11T01:49:16Z</time>
      </trkpt>
      <trkpt lat="26.9174338" lon="75.8076317">
        <time>2018-10-11T01:49:26Z</time>
      </trkpt>
      <trkpt lat="26.9174331" lon="75.8076329">
        <time>2018-10-11T01:49:37Z</time>
      </trkpt>
      <trkpt lat="26.9174344" lon="75.8076333">
        <time>2018-10-11T01:49:47Z</time>
      </trkpt>
      <trkpt lat="26.9174345" lon="75.8076350">
        <time>2018-10-11T01:49:58Z</time>
      </trkpt>
      <trkpt lat="26.9174346" lon="75.8076370">
        <time>2018-10-11T01:50:08Z</time>
      </trkpt>
      <trkpt lat="26.9174340" lon="75.8076377">
        <time>2018-10-11T01:50:19Z</time>
      </trkpt>
      <trkpt lat="26.9174340" lon="75.8076377">
        <time>2018-10-11T01:50:30Z</time>
      </trkpt>
      <trkpt lat="26.9174340" lon="75.8076377">
        <time>2018-10-11T01:50:40Z</time>
      </trkpt>
      <trkpt lat="26.9174333" lon="75.8076385">
        <time>2018-10-11T01:50:51Z</time>
      </trkpt>
      <trkpt lat="26.9174333" lon="75.8076385">
        <time>2018-10-11T01:51:01Z</time>
      </trkpt>
      <trkpt lat="26.9174333" lon="75.8076385">
        <time>2018-10-11T01:51:12Z</time>
      </trkpt>
      <trkpt lat="26.9174333" lon="75.8076385">
        <time>2018-10-11T01:51:23Z</time>
      </trkpt>
      <trkpt lat="26.9174333" lon="75.8076385">
        <time>2018-10-11T01:51:33Z</time>
      </trkpt>
      <trkpt lat="26.9174333" lon="75.8076385">
        <time>2018-10-11T01:51:43Z</time>
      </trkpt>
      <trkpt lat="26.9174333" lon="75.8076385">
        <time>2018-10-11T01:51:54Z</time>
      </trkpt>
      <trkpt lat="26.9174333" lon="75.8076385">
        <time>2018-10-11T01:52:04Z</time>
      </trkpt>
      <trkpt lat="26.9174333" lon="75.8076385">
        <time>2018-10-11T01:52:15Z</time>
      </trkpt>
      <trkpt lat="26.9174333" lon="75.8076385">
        <time>2018-10-11T01:52:25Z</time>
      </trkpt>
      <trkpt lat="26.9174333" lon="75.8076385">
        <time>2018-10-11T01:52:35Z</time>
      </trkpt>
      <trkpt lat="26.9174333" lon="75.8076385">
        <time>2018-10-11T01:52:46Z</time>
      </trkpt>
      <trkpt lat="26.9174333" lon="75.8076385">
        <time>2018-10-11T01:52:56Z</time>
      </trkpt>
      <trkpt lat="26.9174333" lon="75.8076385">
        <time>2018-10-11T01:53:06Z</time>
      </trkpt>
      <trkpt lat="26.9174333" lon="75.8076385">
        <time>2018-10-11T01:53:17Z</time>
      </trkpt>
      <trkpt lat="26.9174333" lon="75.8076385">
        <time>2018-10-11T01:53:28Z</time>
      </trkpt>
      <trkpt lat="26.9174333" lon="75.8076385">
        <time>2018-10-11T01:53:39Z</time>
      </trkpt>
      <trkpt lat="26.9174275" lon="75.8076347">
        <time>2018-10-11T01:53:50Z</time>
      </trkpt>
      <trkpt lat="26.9174275" lon="75.8076347">
        <time>2018-10-11T01:54:00Z</time>
      </trkpt>
      <trkpt lat="26.9174275" lon="75.8076347">
        <time>2018-10-11T01:54:11Z</time>
      </trkpt>
      <trkpt lat="26.9174275" lon="75.8076347">
        <time>2018-10-11T01:54:21Z</time>
      </trkpt>
      <trkpt lat="26.9174275" lon="75.8076347">
        <time>2018-10-11T01:54:31Z</time>
      </trkpt>
      <trkpt lat="26.9174275" lon="75.8076347">
        <time>2018-10-11T01:54:42Z</time>
      </trkpt>
      <trkpt lat="26.9174275" lon="75.8076347">
        <time>2018-10-11T01:54:52Z</time>
      </trkpt>
      <trkpt lat="26.9174275" lon="75.8076347">
        <time>2018-10-11T01:55:03Z</time>
      </trkpt>
      <trkpt lat="26.9174275" lon="75.8076347">
        <time>2018-10-11T01:55:13Z</time>
      </trkpt>
      <trkpt lat="26.9174275" lon="75.8076347">
        <time>2018-10-11T01:55:24Z</time>
      </trkpt>
      <trkpt lat="26.9174275" lon="75.8076347">
        <time>2018-10-11T01:55:34Z</time>
      </trkpt>
      <trkpt lat="26.9174275" lon="75.8076347">
        <time>2018-10-11T01:55:45Z</time>
      </trkpt>
      <trkpt lat="26.9174275" lon="75.8076347">
        <time>2018-10-11T01:55:55Z</time>
      </trkpt>
      <trkpt lat="26.9174275" lon="75.8076347">
        <time>2018-10-11T01:56:06Z</time>
      </trkpt>
      <trkpt lat="26.9174275" lon="75.8076347">
        <time>2018-10-11T01:56:17Z</time>
      </trkpt>
      <trkpt lat="26.9174275" lon="75.8076347">
        <time>2018-10-11T01:56:27Z</time>
      </trkpt>
      <trkpt lat="26.9174275" lon="75.8076347">
        <time>2018-10-11T01:56:37Z</time>
      </trkpt>
      <trkpt lat="26.9174275" lon="75.8076347">
        <time>2018-10-11T01:56:48Z</time>
      </trkpt>
      <trkpt lat="26.9174275" lon="75.8076347">
        <time>2018-10-11T01:56:58Z</time>
      </trkpt>
      <trkpt lat="26.9174275" lon="75.8076347">
        <time>2018-10-11T01:57:09Z</time>
      </trkpt>
      <trkpt lat="26.9174275" lon="75.8076347">
        <time>2018-10-11T01:57:19Z</time>
      </trkpt>
      <trkpt lat="26.9174275" lon="75.8076347">
        <time>2018-10-11T01:57:29Z</time>
      </trkpt>
      <trkpt lat="26.9174275" lon="75.8076347">
        <time>2018-10-11T01:57:39Z</time>
      </trkpt>
      <trkpt lat="26.9174275" lon="75.8076347">
        <time>2018-10-11T01:57:50Z</time>
      </trkpt>
      <trkpt lat="26.9174275" lon="75.8076347">
        <time>2018-10-11T01:58:00Z</time>
      </trkpt>
      <trkpt lat="26.9174275" lon="75.8076347">
        <time>2018-10-11T01:58:11Z</time>
      </trkpt>
      <trkpt lat="26.9174275" lon="75.8076347">
        <time>2018-10-11T01:58:21Z</time>
      </trkpt>
      <trkpt lat="26.9174275" lon="75.8076347">
        <time>2018-10-11T01:58:31Z</time>
      </trkpt>
      <trkpt lat="26.9174275" lon="75.8076347">
        <time>2018-10-11T01:58:42Z</time>
      </trkpt>
      <trkpt lat="26.9174275" lon="75.8076347">
        <time>2018-10-11T01:58:53Z</time>
      </trkpt>
      <trkpt lat="26.9174275" lon="75.8076347">
        <time>2018-10-11T01:59:03Z</time>
      </trkpt>
      <trkpt lat="26.9174275" lon="75.8076347">
        <time>2018-10-11T01:59:13Z</time>
      </trkpt>
      <trkpt lat="26.9174275" lon="75.8076347">
        <time>2018-10-11T01:59:23Z</time>
      </trkpt>
      <trkpt lat="26.9174275" lon="75.8076347">
        <time>2018-10-11T01:59:34Z</time>
      </trkpt>
      <trkpt lat="26.9174275" lon="75.8076347">
        <time>2018-10-11T01:59:45Z</time>
      </trkpt>
      <trkpt lat="26.9174275" lon="75.8076347">
        <time>2018-10-11T01:59:55Z</time>
      </trkpt>
      <trkpt lat="26.9174275" lon="75.8076347">
        <time>2018-10-11T02:00:06Z</time>
      </trkpt>
      <trkpt lat="26.9174275" lon="75.8076347">
        <time>2018-10-11T02:00:17Z</time>
      </trkpt>
      <trkpt lat="26.9174275" lon="75.8076347">
        <time>2018-10-11T02:00:27Z</time>
      </trkpt>
      <trkpt lat="26.9174275" lon="75.8076347">
        <time>2018-10-11T02:00:38Z</time>
      </trkpt>
      <trkpt lat="26.9174275" lon="75.8076347">
        <time>2018-10-11T02:00:48Z</time>
      </trkpt>
      <trkpt lat="26.9174275" lon="75.8076347">
        <time>2018-10-11T02:00:59Z</time>
      </trkpt>
      <trkpt lat="26.9174275" lon="75.8076347">
        <time>2018-10-11T02:01:10Z</time>
      </trkpt>
      <trkpt lat="26.9174275" lon="75.8076347">
        <time>2018-10-11T02:01:20Z</time>
      </trkpt>
      <trkpt lat="26.9174275" lon="75.8076347">
        <time>2018-10-11T02:01:30Z</time>
      </trkpt>
      <trkpt lat="26.9174275" lon="75.8076347">
        <time>2018-10-11T02:01:41Z</time>
      </trkpt>
      <trkpt lat="26.9174275" lon="75.8076347">
        <time>2018-10-11T02:01:51Z</time>
      </trkpt>
      <trkpt lat="26.9174275" lon="75.8076347">
        <time>2018-10-11T02:02:02Z</time>
      </trkpt>
      <trkpt lat="26.9174275" lon="75.8076347">
        <time>2018-10-11T02:02:13Z</time>
      </trkpt>
      <trkpt lat="26.9174275" lon="75.8076347">
        <time>2018-10-11T02:02:23Z</time>
      </trkpt>
      <trkpt lat="26.9174275" lon="75.8076347">
        <time>2018-10-11T02:02:34Z</time>
      </trkpt>
      <trkpt lat="26.9174275" lon="75.8076347">
        <time>2018-10-11T02:02:44Z</time>
      </trkpt>
      <trkpt lat="26.9174275" lon="75.8076347">
        <time>2018-10-11T02:02:54Z</time>
      </trkpt>
      <trkpt lat="26.9174275" lon="75.8076347">
        <time>2018-10-11T02:03:05Z</time>
      </trkpt>
      <trkpt lat="26.9174275" lon="75.8076347">
        <time>2018-10-11T02:03:16Z</time>
      </trkpt>
      <trkpt lat="26.9174275" lon="75.8076347">
        <time>2018-10-11T02:03:26Z</time>
      </trkpt>
      <trkpt lat="26.9174275" lon="75.8076347">
        <time>2018-10-11T02:03:37Z</time>
      </trkpt>
      <trkpt lat="26.9174275" lon="75.8076347">
        <time>2018-10-11T02:03:47Z</time>
      </trkpt>
      <trkpt lat="26.9174275" lon="75.8076347">
        <time>2018-10-11T02:03:58Z</time>
      </trkpt>
      <trkpt lat="26.9174275" lon="75.8076347">
        <time>2018-10-11T02:04:09Z</time>
      </trkpt>
      <trkpt lat="26.9174275" lon="75.8076347">
        <time>2018-10-11T02:04:19Z</time>
      </trkpt>
      <trkpt lat="26.9174275" lon="75.8076347">
        <time>2018-10-11T02:04:29Z</time>
      </trkpt>
      <trkpt lat="26.9174275" lon="75.8076347">
        <time>2018-10-11T02:04:40Z</time>
      </trkpt>
      <trkpt lat="26.9174275" lon="75.8076347">
        <time>2018-10-11T02:04:51Z</time>
      </trkpt>
      <trkpt lat="26.9174275" lon="75.8076347">
        <time>2018-10-11T02:05:01Z</time>
      </trkpt>
      <trkpt lat="26.9174275" lon="75.8076347">
        <time>2018-10-11T02:05:11Z</time>
      </trkpt>
      <trkpt lat="26.9174275" lon="75.8076347">
        <time>2018-10-11T02:05:22Z</time>
      </trkpt>
      <trkpt lat="26.9174275" lon="75.8076347">
        <time>2018-10-11T02:05:32Z</time>
      </trkpt>
      <trkpt lat="26.9174275" lon="75.8076347">
        <time>2018-10-11T02:05:42Z</time>
      </trkpt>
      <trkpt lat="26.9174275" lon="75.8076347">
        <time>2018-10-11T02:05:53Z</time>
      </trkpt>
      <trkpt lat="26.9174275" lon="75.8076347">
        <time>2018-10-11T02:06:04Z</time>
      </trkpt>
      <trkpt lat="26.9174275" lon="75.8076347">
        <time>2018-10-11T02:06:14Z</time>
      </trkpt>
      <trkpt lat="26.9174275" lon="75.8076347">
        <time>2018-10-11T02:06:24Z</time>
      </trkpt>
      <trkpt lat="26.9174275" lon="75.8076347">
        <time>2018-10-11T02:06:35Z</time>
      </trkpt>
      <trkpt lat="26.9174275" lon="75.8076347">
        <time>2018-10-11T02:06:45Z</time>
      </trkpt>
      <trkpt lat="26.9174275" lon="75.8076347">
        <time>2018-10-11T02:06:56Z</time>
      </trkpt>
      <trkpt lat="26.9174275" lon="75.8076347">
        <time>2018-10-11T02:07:07Z</time>
      </trkpt>
      <trkpt lat="26.9174275" lon="75.8076347">
        <time>2018-10-11T02:07:18Z</time>
      </trkpt>
      <trkpt lat="26.9174275" lon="75.8076347">
        <time>2018-10-11T02:07:28Z</time>
      </trkpt>
      <trkpt lat="26.9174275" lon="75.8076347">
        <time>2018-10-11T02:07:39Z</time>
      </trkpt>
      <trkpt lat="26.9174275" lon="75.8076347">
        <time>2018-10-11T02:07:49Z</time>
      </trkpt>
      <trkpt lat="26.9174275" lon="75.8076347">
        <time>2018-10-11T02:07:59Z</time>
      </trkpt>
      <trkpt lat="26.9174254" lon="75.8076233">
        <time>2018-10-11T02:08:09Z</time>
      </trkpt>
      <trkpt lat="26.9174254" lon="75.8076233">
        <time>2018-10-11T02:08:20Z</time>
      </trkpt>
      <trkpt lat="26.9174254" lon="75.8076233">
        <time>2018-10-11T02:08:30Z</time>
      </trkpt>
      <trkpt lat="26.9174254" lon="75.8076233">
        <time>2018-10-11T02:08:41Z</time>
      </trkpt>
      <trkpt lat="26.9174254" lon="75.8076233">
        <time>2018-10-11T02:08:51Z</time>
      </trkpt>
      <trkpt lat="26.9174254" lon="75.8076233">
        <time>2018-10-11T02:09:01Z</time>
      </trkpt>
      <trkpt lat="26.9174254" lon="75.8076233">
        <time>2018-10-11T02:09:11Z</time>
      </trkpt>
      <trkpt lat="26.9174254" lon="75.8076233">
        <time>2018-10-11T02:09:21Z</time>
      </trkpt>
      <trkpt lat="26.9174254" lon="75.8076233">
        <time>2018-10-11T02:09:32Z</time>
      </trkpt>
      <trkpt lat="26.9174254" lon="75.8076233">
        <time>2018-10-11T02:09:42Z</time>
      </trkpt>
      <trkpt lat="26.9174254" lon="75.8076233">
        <time>2018-10-11T02:09:53Z</time>
      </trkpt>
      <trkpt lat="26.9174254" lon="75.8076233">
        <time>2018-10-11T02:10:04Z</time>
      </trkpt>
      <trkpt lat="26.9174254" lon="75.8076233">
        <time>2018-10-11T02:10:14Z</time>
      </trkpt>
      <trkpt lat="26.9174254" lon="75.8076233">
        <time>2018-10-11T02:10:25Z</time>
      </trkpt>
      <trkpt lat="26.9174254" lon="75.8076233">
        <time>2018-10-11T02:10:35Z</time>
      </trkpt>
      <trkpt lat="26.9174254" lon="75.8076233">
        <time>2018-10-11T02:10:45Z</time>
      </trkpt>
      <trkpt lat="26.9174254" lon="75.8076233">
        <time>2018-10-11T02:10:55Z</time>
      </trkpt>
      <trkpt lat="26.9174254" lon="75.8076233">
        <time>2018-10-11T02:11:05Z</time>
      </trkpt>
      <trkpt lat="26.9174254" lon="75.8076233">
        <time>2018-10-11T02:11:16Z</time>
      </trkpt>
      <trkpt lat="26.9174254" lon="75.8076233">
        <time>2018-10-11T02:11:26Z</time>
      </trkpt>
      <trkpt lat="26.9174254" lon="75.8076233">
        <time>2018-10-11T02:11:37Z</time>
      </trkpt>
      <trkpt lat="26.9174254" lon="75.8076233">
        <time>2018-10-11T02:11:47Z</time>
      </trkpt>
      <trkpt lat="26.9174254" lon="75.8076233">
        <time>2018-10-11T02:11:58Z</time>
      </trkpt>
      <trkpt lat="26.9174254" lon="75.8076233">
        <time>2018-10-11T02:12:09Z</time>
      </trkpt>
      <trkpt lat="26.9174254" lon="75.8076233">
        <time>2018-10-11T02:12:19Z</time>
      </trkpt>
      <trkpt lat="26.9174254" lon="75.8076233">
        <time>2018-10-11T02:12:30Z</time>
      </trkpt>
      <trkpt lat="26.9174254" lon="75.8076233">
        <time>2018-10-11T02:12:41Z</time>
      </trkpt>
      <trkpt lat="26.9174254" lon="75.8076233">
        <time>2018-10-11T02:12:52Z</time>
      </trkpt>
      <trkpt lat="26.9174254" lon="75.8076233">
        <time>2018-10-11T02:13:02Z</time>
      </trkpt>
      <trkpt lat="26.9174254" lon="75.8076233">
        <time>2018-10-11T02:13:13Z</time>
      </trkpt>
      <trkpt lat="26.9174254" lon="75.8076233">
        <time>2018-10-11T02:13:23Z</time>
      </trkpt>
      <trkpt lat="26.9174254" lon="75.8076233">
        <time>2018-10-11T02:13:34Z</time>
      </trkpt>
      <trkpt lat="26.9174254" lon="75.8076233">
        <time>2018-10-11T02:13:45Z</time>
      </trkpt>
      <trkpt lat="26.9174254" lon="75.8076233">
        <time>2018-10-11T02:13:55Z</time>
      </trkpt>
      <trkpt lat="26.9174254" lon="75.8076233">
        <time>2018-10-11T02:14:06Z</time>
      </trkpt>
      <trkpt lat="26.9174254" lon="75.8076233">
        <time>2018-10-11T02:14:16Z</time>
      </trkpt>
      <trkpt lat="26.9174254" lon="75.8076233">
        <time>2018-10-11T02:14:26Z</time>
      </trkpt>
      <trkpt lat="26.9174254" lon="75.8076233">
        <time>2018-10-11T02:14:37Z</time>
      </trkpt>
      <trkpt lat="26.9174254" lon="75.8076233">
        <time>2018-10-11T02:14:48Z</time>
      </trkpt>
      <trkpt lat="26.9174254" lon="75.8076233">
        <time>2018-10-11T02:14:58Z</time>
      </trkpt>
      <trkpt lat="26.9174254" lon="75.8076233">
        <time>2018-10-11T02:15:09Z</time>
      </trkpt>
      <trkpt lat="26.9174254" lon="75.8076233">
        <time>2018-10-11T02:15:20Z</time>
      </trkpt>
      <trkpt lat="26.9174254" lon="75.8076233">
        <time>2018-10-11T02:15:31Z</time>
      </trkpt>
      <trkpt lat="26.9174254" lon="75.8076233">
        <time>2018-10-11T02:15:41Z</time>
      </trkpt>
      <trkpt lat="26.9174254" lon="75.8076233">
        <time>2018-10-11T02:15:51Z</time>
      </trkpt>
      <trkpt lat="26.9174254" lon="75.8076233">
        <time>2018-10-11T02:16:01Z</time>
      </trkpt>
      <trkpt lat="26.9174254" lon="75.8076233">
        <time>2018-10-11T02:16:12Z</time>
      </trkpt>
      <trkpt lat="26.9174254" lon="75.8076233">
        <time>2018-10-11T02:16:23Z</time>
      </trkpt>
      <trkpt lat="26.9174254" lon="75.8076233">
        <time>2018-10-11T02:16:34Z</time>
      </trkpt>
      <trkpt lat="26.9174254" lon="75.8076233">
        <time>2018-10-11T02:16:44Z</time>
      </trkpt>
      <trkpt lat="26.9174254" lon="75.8076233">
        <time>2018-10-11T02:16:54Z</time>
      </trkpt>
      <trkpt lat="26.9174254" lon="75.8076233">
        <time>2018-10-11T02:17:04Z</time>
      </trkpt>
      <trkpt lat="26.9174184" lon="75.8076263">
        <time>2018-10-11T02:17:14Z</time>
      </trkpt>
      <trkpt lat="26.9174179" lon="75.8076258">
        <time>2018-10-11T02:17:24Z</time>
      </trkpt>
      <trkpt lat="26.9174173" lon="75.8076252">
        <time>2018-10-11T02:17:35Z</time>
      </trkpt>
      <trkpt lat="26.9174189" lon="75.8076272">
        <time>2018-10-11T02:17:46Z</time>
      </trkpt>
      <trkpt lat="26.9174189" lon="75.8076272">
        <time>2018-10-11T02:17:57Z</time>
      </trkpt>
      <trkpt lat="26.9174189" lon="75.8076272">
        <time>2018-10-11T02:18:08Z</time>
      </trkpt>
      <trkpt lat="26.9174189" lon="75.8076272">
        <time>2018-10-11T02:18:18Z</time>
      </trkpt>
      <trkpt lat="26.9174189" lon="75.8076272">
        <time>2018-10-11T02:18:29Z</time>
      </trkpt>
      <trkpt lat="26.9174189" lon="75.8076272">
        <time>2018-10-11T02:18:40Z</time>
      </trkpt>
      <trkpt lat="26.9174228" lon="75.8076244">
        <time>2018-10-11T02:18:50Z</time>
      </trkpt>
      <trkpt lat="26.9174263" lon="75.8076228">
        <time>2018-10-11T02:19:01Z</time>
      </trkpt>
      <trkpt lat="26.9174296" lon="75.8076185">
        <time>2018-10-11T02:19:11Z</time>
      </trkpt>
      <trkpt lat="26.9174307" lon="75.8076170">
        <time>2018-10-11T02:19:21Z</time>
      </trkpt>
      <trkpt lat="26.9174377" lon="75.8076151">
        <time>2018-10-11T02:19:32Z</time>
      </trkpt>
      <trkpt lat="26.9174368" lon="75.8076138">
        <time>2018-10-11T02:19:43Z</time>
      </trkpt>
      <trkpt lat="26.9174333" lon="75.8076150">
        <time>2018-10-11T02:19:54Z</time>
      </trkpt>
      <trkpt lat="26.9174330" lon="75.8076166">
        <time>2018-10-11T02:20:05Z</time>
      </trkpt>
      <trkpt lat="26.9174320" lon="75.8076155">
        <time>2018-10-11T02:20:15Z</time>
      </trkpt>
      <trkpt lat="26.9174321" lon="75.8076155">
        <time>2018-10-11T02:20:25Z</time>
      </trkpt>
      <trkpt lat="26.9174307" lon="75.8076180">
        <time>2018-10-11T02:20:36Z</time>
      </trkpt>
      <trkpt lat="26.9174304" lon="75.8076174">
        <time>2018-10-11T02:20:46Z</time>
      </trkpt>
      <trkpt lat="26.9174301" lon="75.8076166">
        <time>2018-10-11T02:20:57Z</time>
      </trkpt>
      <trkpt lat="26.9174300" lon="75.8076164">
        <time>2018-10-11T02:21:09Z</time>
      </trkpt>
      <trkpt lat="26.9174302" lon="75.8076152">
        <time>2018-10-11T02:21:19Z</time>
      </trkpt>
      <trkpt lat="26.9174302" lon="75.8076152">
        <time>2018-10-11T02:21:30Z</time>
      </trkpt>
      <trkpt lat="26.9174302" lon="75.8076152">
        <time>2018-10-11T02:21:41Z</time>
      </trkpt>
      <trkpt lat="26.9174302" lon="75.8076152">
        <time>2018-10-11T02:21:51Z</time>
      </trkpt>
      <trkpt lat="26.9174302" lon="75.8076152">
        <time>2018-10-11T02:22:02Z</time>
      </trkpt>
      <trkpt lat="26.9174302" lon="75.8076152">
        <time>2018-10-11T02:22:12Z</time>
      </trkpt>
      <trkpt lat="26.9174302" lon="75.8076152">
        <time>2018-10-11T02:22:22Z</time>
      </trkpt>
      <trkpt lat="26.9174302" lon="75.8076152">
        <time>2018-10-11T02:22:33Z</time>
      </trkpt>
      <trkpt lat="26.9174302" lon="75.8076152">
        <time>2018-10-11T02:22:43Z</time>
      </trkpt>
      <trkpt lat="26.9174302" lon="75.8076152">
        <time>2018-10-11T02:22:54Z</time>
      </trkpt>
      <trkpt lat="26.9174302" lon="75.8076152">
        <time>2018-10-11T02:23:05Z</time>
      </trkpt>
      <trkpt lat="26.9174302" lon="75.8076152">
        <time>2018-10-11T02:23:15Z</time>
      </trkpt>
      <trkpt lat="26.9174302" lon="75.8076152">
        <time>2018-10-11T02:23:26Z</time>
      </trkpt>
      <trkpt lat="26.9174302" lon="75.8076152">
        <time>2018-10-11T02:23:36Z</time>
      </trkpt>
      <trkpt lat="26.9174302" lon="75.8076152">
        <time>2018-10-11T02:23:47Z</time>
      </trkpt>
      <trkpt lat="26.9174302" lon="75.8076152">
        <time>2018-10-11T02:23:58Z</time>
      </trkpt>
      <trkpt lat="26.9174302" lon="75.8076152">
        <time>2018-10-11T02:24:09Z</time>
      </trkpt>
      <trkpt lat="26.9174302" lon="75.8076152">
        <time>2018-10-11T02:24:19Z</time>
      </trkpt>
      <trkpt lat="26.9174302" lon="75.8076152">
        <time>2018-10-11T02:24:30Z</time>
      </trkpt>
      <trkpt lat="26.9174302" lon="75.8076152">
        <time>2018-10-11T02:24:41Z</time>
      </trkpt>
      <trkpt lat="26.9174302" lon="75.8076152">
        <time>2018-10-11T02:24:51Z</time>
      </trkpt>
      <trkpt lat="26.9174275" lon="75.8076136">
        <time>2018-10-11T02:25:01Z</time>
      </trkpt>
      <trkpt lat="26.9174275" lon="75.8076136">
        <time>2018-10-11T02:25:12Z</time>
      </trkpt>
      <trkpt lat="26.9174275" lon="75.8076136">
        <time>2018-10-11T02:25:23Z</time>
      </trkpt>
      <trkpt lat="26.9174275" lon="75.8076136">
        <time>2018-10-11T02:25:33Z</time>
      </trkpt>
      <trkpt lat="26.9174275" lon="75.8076136">
        <time>2018-10-11T02:25:43Z</time>
      </trkpt>
      <trkpt lat="26.9174275" lon="75.8076136">
        <time>2018-10-11T02:25:54Z</time>
      </trkpt>
      <trkpt lat="26.9174275" lon="75.8076136">
        <time>2018-10-11T02:26:04Z</time>
      </trkpt>
      <trkpt lat="26.9174275" lon="75.8076136">
        <time>2018-10-11T02:26:15Z</time>
      </trkpt>
      <trkpt lat="26.9174275" lon="75.8076136">
        <time>2018-10-11T02:26:25Z</time>
      </trkpt>
      <trkpt lat="26.9174275" lon="75.8076136">
        <time>2018-10-11T02:26:36Z</time>
      </trkpt>
      <trkpt lat="26.9174275" lon="75.8076136">
        <time>2018-10-11T02:26:47Z</time>
      </trkpt>
      <trkpt lat="26.9174275" lon="75.8076136">
        <time>2018-10-11T02:26:58Z</time>
      </trkpt>
      <trkpt lat="26.9174275" lon="75.8076136">
        <time>2018-10-11T02:27:08Z</time>
      </trkpt>
      <trkpt lat="26.9174275" lon="75.8076136">
        <time>2018-10-11T02:27:19Z</time>
      </trkpt>
      <trkpt lat="26.9174275" lon="75.8076136">
        <time>2018-10-11T02:27:30Z</time>
      </trkpt>
      <trkpt lat="26.9174275" lon="75.8076136">
        <time>2018-10-11T02:27:40Z</time>
      </trkpt>
      <trkpt lat="26.9174275" lon="75.8076136">
        <time>2018-10-11T02:27:50Z</time>
      </trkpt>
      <trkpt lat="26.9174275" lon="75.8076136">
        <time>2018-10-11T02:28:01Z</time>
      </trkpt>
      <trkpt lat="26.9174275" lon="75.8076136">
        <time>2018-10-11T02:28:12Z</time>
      </trkpt>
      <trkpt lat="26.9174275" lon="75.8076136">
        <time>2018-10-11T02:28:22Z</time>
      </trkpt>
      <trkpt lat="26.9174275" lon="75.8076136">
        <time>2018-10-11T02:28:33Z</time>
      </trkpt>
      <trkpt lat="26.9174275" lon="75.8076136">
        <time>2018-10-11T02:28:43Z</time>
      </trkpt>
      <trkpt lat="26.9174275" lon="75.8076136">
        <time>2018-10-11T02:28:53Z</time>
      </trkpt>
      <trkpt lat="26.9174275" lon="75.8076136">
        <time>2018-10-11T02:29:04Z</time>
      </trkpt>
      <trkpt lat="26.9174275" lon="75.8076136">
        <time>2018-10-11T02:29:15Z</time>
      </trkpt>
      <trkpt lat="26.9174275" lon="75.8076136">
        <time>2018-10-11T02:29:25Z</time>
      </trkpt>
      <trkpt lat="26.9174275" lon="75.8076136">
        <time>2018-10-11T02:29:36Z</time>
      </trkpt>
      <trkpt lat="26.9174275" lon="75.8076136">
        <time>2018-10-11T02:29:47Z</time>
      </trkpt>
      <trkpt lat="26.9174275" lon="75.8076136">
        <time>2018-10-11T02:29:57Z</time>
      </trkpt>
      <trkpt lat="26.9174275" lon="75.8076136">
        <time>2018-10-11T02:30:08Z</time>
      </trkpt>
      <trkpt lat="26.9174275" lon="75.8076136">
        <time>2018-10-11T02:30:18Z</time>
      </trkpt>
      <trkpt lat="26.9174275" lon="75.8076136">
        <time>2018-10-11T02:30:28Z</time>
      </trkpt>
      <trkpt lat="26.9174275" lon="75.8076136">
        <time>2018-10-11T02:30:39Z</time>
      </trkpt>
      <trkpt lat="26.9174275" lon="75.8076136">
        <time>2018-10-11T02:30:50Z</time>
      </trkpt>
      <trkpt lat="26.9174275" lon="75.8076136">
        <time>2018-10-11T02:31:00Z</time>
      </trkpt>
      <trkpt lat="26.9174275" lon="75.8076136">
        <time>2018-10-11T02:31:11Z</time>
      </trkpt>
      <trkpt lat="26.9174275" lon="75.8076136">
        <time>2018-10-11T02:31:21Z</time>
      </trkpt>
      <trkpt lat="26.9174275" lon="75.8076136">
        <time>2018-10-11T02:31:32Z</time>
      </trkpt>
      <trkpt lat="26.9174275" lon="75.8076136">
        <time>2018-10-11T02:31:42Z</time>
      </trkpt>
      <trkpt lat="26.9174275" lon="75.8076136">
        <time>2018-10-11T02:31:52Z</time>
      </trkpt>
      <trkpt lat="26.9174275" lon="75.8076136">
        <time>2018-10-11T02:32:03Z</time>
      </trkpt>
      <trkpt lat="26.9174275" lon="75.8076136">
        <time>2018-10-11T02:32:14Z</time>
      </trkpt>
      <trkpt lat="26.9174275" lon="75.8076136">
        <time>2018-10-11T02:32:25Z</time>
      </trkpt>
      <trkpt lat="26.9174275" lon="75.8076136">
        <time>2018-10-11T02:32:35Z</time>
      </trkpt>
      <trkpt lat="26.9174275" lon="75.8076136">
        <time>2018-10-11T02:32:46Z</time>
      </trkpt>
      <trkpt lat="26.9174275" lon="75.8076136">
        <time>2018-10-11T02:32:57Z</time>
      </trkpt>
      <trkpt lat="26.9174275" lon="75.8076136">
        <time>2018-10-11T02:33:07Z</time>
      </trkpt>
      <trkpt lat="26.9174275" lon="75.8076136">
        <time>2018-10-11T02:33:18Z</time>
      </trkpt>
      <trkpt lat="26.9174275" lon="75.8076136">
        <time>2018-10-11T02:33:28Z</time>
      </trkpt>
      <trkpt lat="26.9174275" lon="75.8076136">
        <time>2018-10-11T02:33:39Z</time>
      </trkpt>
      <trkpt lat="26.9174275" lon="75.8076136">
        <time>2018-10-11T02:33:49Z</time>
      </trkpt>
      <trkpt lat="26.9174275" lon="75.8076136">
        <time>2018-10-11T02:34:00Z</time>
      </trkpt>
      <trkpt lat="26.9174275" lon="75.8076136">
        <time>2018-10-11T02:34:10Z</time>
      </trkpt>
      <trkpt lat="26.9174275" lon="75.8076136">
        <time>2018-10-11T02:34:21Z</time>
      </trkpt>
      <trkpt lat="26.9174275" lon="75.8076136">
        <time>2018-10-11T02:34:32Z</time>
      </trkpt>
      <trkpt lat="26.9174275" lon="75.8076136">
        <time>2018-10-11T02:34:43Z</time>
      </trkpt>
      <trkpt lat="26.9174275" lon="75.8076136">
        <time>2018-10-11T02:34:53Z</time>
      </trkpt>
      <trkpt lat="26.9174275" lon="75.8076136">
        <time>2018-10-11T02:35:04Z</time>
      </trkpt>
      <trkpt lat="26.9174275" lon="75.8076136">
        <time>2018-10-11T02:35:14Z</time>
      </trkpt>
      <trkpt lat="26.9174275" lon="75.8076136">
        <time>2018-10-11T02:35:25Z</time>
      </trkpt>
      <trkpt lat="26.9174275" lon="75.8076136">
        <time>2018-10-11T02:35:35Z</time>
      </trkpt>
      <trkpt lat="26.9174275" lon="75.8076136">
        <time>2018-10-11T02:35:46Z</time>
      </trkpt>
      <trkpt lat="26.9174275" lon="75.8076136">
        <time>2018-10-11T02:35:56Z</time>
      </trkpt>
      <trkpt lat="26.9174275" lon="75.8076136">
        <time>2018-10-11T02:36:07Z</time>
      </trkpt>
      <trkpt lat="26.9174275" lon="75.8076136">
        <time>2018-10-11T02:36:18Z</time>
      </trkpt>
      <trkpt lat="26.9174275" lon="75.8076136">
        <time>2018-10-11T02:36:29Z</time>
      </trkpt>
      <trkpt lat="26.9174275" lon="75.8076136">
        <time>2018-10-11T02:36:40Z</time>
      </trkpt>
      <trkpt lat="26.9174275" lon="75.8076136">
        <time>2018-10-11T02:36:50Z</time>
      </trkpt>
      <trkpt lat="26.9174275" lon="75.8076136">
        <time>2018-10-11T02:37:01Z</time>
      </trkpt>
      <trkpt lat="26.9174275" lon="75.8076136">
        <time>2018-10-11T02:37:12Z</time>
      </trkpt>
      <trkpt lat="26.9174275" lon="75.8076136">
        <time>2018-10-11T02:37:22Z</time>
      </trkpt>
      <trkpt lat="26.9174275" lon="75.8076136">
        <time>2018-10-11T02:37:33Z</time>
      </trkpt>
      <trkpt lat="26.9174275" lon="75.8076136">
        <time>2018-10-11T02:37:44Z</time>
      </trkpt>
      <trkpt lat="26.9174275" lon="75.8076136">
        <time>2018-10-11T02:37:55Z</time>
      </trkpt>
      <trkpt lat="26.9174275" lon="75.8076136">
        <time>2018-10-11T02:38:06Z</time>
      </trkpt>
      <trkpt lat="26.9174275" lon="75.8076136">
        <time>2018-10-11T02:38:17Z</time>
      </trkpt>
      <trkpt lat="26.9174275" lon="75.8076136">
        <time>2018-10-11T02:38:28Z</time>
      </trkpt>
      <trkpt lat="26.9174275" lon="75.8076136">
        <time>2018-10-11T02:38:38Z</time>
      </trkpt>
      <trkpt lat="26.9174275" lon="75.8076136">
        <time>2018-10-11T02:38:49Z</time>
      </trkpt>
      <trkpt lat="26.9174275" lon="75.8076136">
        <time>2018-10-11T02:39:00Z</time>
      </trkpt>
      <trkpt lat="26.9174275" lon="75.8076136">
        <time>2018-10-11T02:39:11Z</time>
      </trkpt>
      <trkpt lat="26.9174275" lon="75.8076136">
        <time>2018-10-11T02:39:21Z</time>
      </trkpt>
      <trkpt lat="26.9174275" lon="75.8076136">
        <time>2018-10-11T02:39:31Z</time>
      </trkpt>
      <trkpt lat="26.9174275" lon="75.8076136">
        <time>2018-10-11T02:39:41Z</time>
      </trkpt>
      <trkpt lat="26.9174275" lon="75.8076136">
        <time>2018-10-11T02:39:52Z</time>
      </trkpt>
      <trkpt lat="26.9174275" lon="75.8076136">
        <time>2018-10-11T02:40:03Z</time>
      </trkpt>
      <trkpt lat="26.9174275" lon="75.8076136">
        <time>2018-10-11T02:40:13Z</time>
      </trkpt>
      <trkpt lat="26.9174275" lon="75.8076136">
        <time>2018-10-11T02:40:24Z</time>
      </trkpt>
      <trkpt lat="26.9174275" lon="75.8076136">
        <time>2018-10-11T02:40:34Z</time>
      </trkpt>
      <trkpt lat="26.9174275" lon="75.8076136">
        <time>2018-10-11T02:40:45Z</time>
      </trkpt>
      <trkpt lat="26.9174275" lon="75.8076136">
        <time>2018-10-11T02:40:55Z</time>
      </trkpt>
      <trkpt lat="26.9174275" lon="75.8076136">
        <time>2018-10-11T02:41:06Z</time>
      </trkpt>
      <trkpt lat="26.9174275" lon="75.8076136">
        <time>2018-10-11T02:41:17Z</time>
      </trkpt>
      <trkpt lat="26.9174275" lon="75.8076136">
        <time>2018-10-11T02:41:28Z</time>
      </trkpt>
      <trkpt lat="26.9174275" lon="75.8076136">
        <time>2018-10-11T02:41:38Z</time>
      </trkpt>
      <trkpt lat="26.9174275" lon="75.8076136">
        <time>2018-10-11T02:41:48Z</time>
      </trkpt>
      <trkpt lat="26.9174275" lon="75.8076136">
        <time>2018-10-11T02:41:59Z</time>
      </trkpt>
      <trkpt lat="26.9174275" lon="75.8076136">
        <time>2018-10-11T02:42:09Z</time>
      </trkpt>
      <trkpt lat="26.9174275" lon="75.8076136">
        <time>2018-10-11T02:42:20Z</time>
      </trkpt>
      <trkpt lat="26.9174275" lon="75.8076136">
        <time>2018-10-11T02:42:31Z</time>
      </trkpt>
      <trkpt lat="26.9174275" lon="75.8076136">
        <time>2018-10-11T02:42:41Z</time>
      </trkpt>
      <trkpt lat="26.9174275" lon="75.8076136">
        <time>2018-10-11T02:42:51Z</time>
      </trkpt>
      <trkpt lat="26.9174275" lon="75.8076136">
        <time>2018-10-11T02:43:02Z</time>
      </trkpt>
      <trkpt lat="26.9174275" lon="75.8076136">
        <time>2018-10-11T02:43:13Z</time>
      </trkpt>
      <trkpt lat="26.9174275" lon="75.8076136">
        <time>2018-10-11T02:43:23Z</time>
      </trkpt>
      <trkpt lat="26.9174275" lon="75.8076136">
        <time>2018-10-11T02:43:34Z</time>
      </trkpt>
      <trkpt lat="26.9174275" lon="75.8076136">
        <time>2018-10-11T02:43:45Z</time>
      </trkpt>
      <trkpt lat="26.9174275" lon="75.8076136">
        <time>2018-10-11T02:43:55Z</time>
      </trkpt>
      <trkpt lat="26.9174275" lon="75.8076136">
        <time>2018-10-11T02:44:06Z</time>
      </trkpt>
      <trkpt lat="26.9174275" lon="75.8076136">
        <time>2018-10-11T02:44:16Z</time>
      </trkpt>
      <trkpt lat="26.9174275" lon="75.8076136">
        <time>2018-10-11T02:44:26Z</time>
      </trkpt>
      <trkpt lat="26.9174275" lon="75.8076136">
        <time>2018-10-11T02:44:37Z</time>
      </trkpt>
      <trkpt lat="26.9174275" lon="75.8076136">
        <time>2018-10-11T02:44:47Z</time>
      </trkpt>
      <trkpt lat="26.9174275" lon="75.8076136">
        <time>2018-10-11T02:44:57Z</time>
      </trkpt>
      <trkpt lat="26.9174275" lon="75.8076136">
        <time>2018-10-11T02:45:07Z</time>
      </trkpt>
      <trkpt lat="26.9174275" lon="75.8076136">
        <time>2018-10-11T02:45:18Z</time>
      </trkpt>
      <trkpt lat="26.9174275" lon="75.8076136">
        <time>2018-10-11T02:45:29Z</time>
      </trkpt>
      <trkpt lat="26.9174275" lon="75.8076136">
        <time>2018-10-11T02:45:39Z</time>
      </trkpt>
      <trkpt lat="26.9174275" lon="75.8076136">
        <time>2018-10-11T02:45:50Z</time>
      </trkpt>
      <trkpt lat="26.9174275" lon="75.8076136">
        <time>2018-10-11T02:46:00Z</time>
      </trkpt>
      <trkpt lat="26.9174275" lon="75.8076136">
        <time>2018-10-11T02:46:11Z</time>
      </trkpt>
      <trkpt lat="26.9174275" lon="75.8076136">
        <time>2018-10-11T02:46:21Z</time>
      </trkpt>
      <trkpt lat="26.9174275" lon="75.8076136">
        <time>2018-10-11T02:46:31Z</time>
      </trkpt>
      <trkpt lat="26.9174275" lon="75.8076136">
        <time>2018-10-11T02:46:42Z</time>
      </trkpt>
      <trkpt lat="26.9174275" lon="75.8076136">
        <time>2018-10-11T02:46:53Z</time>
      </trkpt>
      <trkpt lat="26.9174275" lon="75.8076136">
        <time>2018-10-11T02:47:03Z</time>
      </trkpt>
      <trkpt lat="26.9174275" lon="75.8076136">
        <time>2018-10-11T02:47:14Z</time>
      </trkpt>
      <trkpt lat="26.9174275" lon="75.8076136">
        <time>2018-10-11T02:47:24Z</time>
      </trkpt>
      <trkpt lat="26.9174275" lon="75.8076136">
        <time>2018-10-11T02:47:34Z</time>
      </trkpt>
      <trkpt lat="26.9174275" lon="75.8076136">
        <time>2018-10-11T02:47:45Z</time>
      </trkpt>
      <trkpt lat="26.9174275" lon="75.8076136">
        <time>2018-10-11T02:47:56Z</time>
      </trkpt>
      <trkpt lat="26.9174275" lon="75.8076136">
        <time>2018-10-11T02:48:07Z</time>
      </trkpt>
      <trkpt lat="26.9174267" lon="75.8076154">
        <time>2018-10-11T02:48:17Z</time>
      </trkpt>
      <trkpt lat="26.9174267" lon="75.8076154">
        <time>2018-10-11T02:48:28Z</time>
      </trkpt>
      <trkpt lat="26.9174267" lon="75.8076154">
        <time>2018-10-11T02:48:39Z</time>
      </trkpt>
      <trkpt lat="26.9174267" lon="75.8076154">
        <time>2018-10-11T02:48:50Z</time>
      </trkpt>
      <trkpt lat="26.9174267" lon="75.8076154">
        <time>2018-10-11T02:49:01Z</time>
      </trkpt>
      <trkpt lat="26.9174267" lon="75.8076154">
        <time>2018-10-11T02:49:12Z</time>
      </trkpt>
      <trkpt lat="26.9174267" lon="75.8076154">
        <time>2018-10-11T02:49:22Z</time>
      </trkpt>
      <trkpt lat="26.9174267" lon="75.8076154">
        <time>2018-10-11T02:49:32Z</time>
      </trkpt>
      <trkpt lat="26.9174267" lon="75.8076154">
        <time>2018-10-11T02:49:43Z</time>
      </trkpt>
      <trkpt lat="26.9174267" lon="75.8076154">
        <time>2018-10-11T02:49:54Z</time>
      </trkpt>
      <trkpt lat="26.9174267" lon="75.8076154">
        <time>2018-10-11T02:50:05Z</time>
      </trkpt>
      <trkpt lat="26.9174267" lon="75.8076154">
        <time>2018-10-11T02:50:15Z</time>
      </trkpt>
      <trkpt lat="26.9174267" lon="75.8076154">
        <time>2018-10-11T02:50:26Z</time>
      </trkpt>
      <trkpt lat="26.9174267" lon="75.8076154">
        <time>2018-10-11T02:50:36Z</time>
      </trkpt>
      <trkpt lat="26.9174267" lon="75.8076154">
        <time>2018-10-11T02:50:46Z</time>
      </trkpt>
      <trkpt lat="26.9174267" lon="75.8076154">
        <time>2018-10-11T02:50:56Z</time>
      </trkpt>
      <trkpt lat="26.9174267" lon="75.8076154">
        <time>2018-10-11T02:51:07Z</time>
      </trkpt>
      <trkpt lat="26.9174267" lon="75.8076154">
        <time>2018-10-11T02:51:17Z</time>
      </trkpt>
      <trkpt lat="26.9174267" lon="75.8076154">
        <time>2018-10-11T02:51:28Z</time>
      </trkpt>
      <trkpt lat="26.9174267" lon="75.8076154">
        <time>2018-10-11T02:51:38Z</time>
      </trkpt>
      <trkpt lat="26.9174267" lon="75.8076154">
        <time>2018-10-11T02:51:49Z</time>
      </trkpt>
      <trkpt lat="26.9174267" lon="75.8076154">
        <time>2018-10-11T02:51:59Z</time>
      </trkpt>
      <trkpt lat="26.9174267" lon="75.8076154">
        <time>2018-10-11T02:52:09Z</time>
      </trkpt>
      <trkpt lat="26.9174267" lon="75.8076154">
        <time>2018-10-11T02:52:19Z</time>
      </trkpt>
      <trkpt lat="26.9174267" lon="75.8076154">
        <time>2018-10-11T02:52:29Z</time>
      </trkpt>
      <trkpt lat="26.9174267" lon="75.8076154">
        <time>2018-10-11T02:52:40Z</time>
      </trkpt>
      <trkpt lat="26.9174267" lon="75.8076154">
        <time>2018-10-11T02:52:50Z</time>
      </trkpt>
      <trkpt lat="26.9174267" lon="75.8076154">
        <time>2018-10-11T02:53:00Z</time>
      </trkpt>
      <trkpt lat="26.9174267" lon="75.8076154">
        <time>2018-10-11T02:53:11Z</time>
      </trkpt>
      <trkpt lat="26.9174267" lon="75.8076154">
        <time>2018-10-11T02:53:22Z</time>
      </trkpt>
      <trkpt lat="26.9174267" lon="75.8076154">
        <time>2018-10-11T02:53:33Z</time>
      </trkpt>
      <trkpt lat="26.9174267" lon="75.8076154">
        <time>2018-10-11T02:53:44Z</time>
      </trkpt>
      <trkpt lat="26.9174267" lon="75.8076154">
        <time>2018-10-11T02:53:55Z</time>
      </trkpt>
      <trkpt lat="26.9174267" lon="75.8076154">
        <time>2018-10-11T02:54:05Z</time>
      </trkpt>
      <trkpt lat="26.9174267" lon="75.8076154">
        <time>2018-10-11T02:54:16Z</time>
      </trkpt>
      <trkpt lat="26.9174267" lon="75.8076154">
        <time>2018-10-11T02:54:26Z</time>
      </trkpt>
      <trkpt lat="26.9174267" lon="75.8076154">
        <time>2018-10-11T02:54:36Z</time>
      </trkpt>
      <trkpt lat="26.9174267" lon="75.8076154">
        <time>2018-10-11T02:54:47Z</time>
      </trkpt>
      <trkpt lat="26.9174267" lon="75.8076154">
        <time>2018-10-11T02:54:58Z</time>
      </trkpt>
      <trkpt lat="26.9174267" lon="75.8076154">
        <time>2018-10-11T02:55:09Z</time>
      </trkpt>
      <trkpt lat="26.9174267" lon="75.8076154">
        <time>2018-10-11T02:55:19Z</time>
      </trkpt>
      <trkpt lat="26.9174267" lon="75.8076154">
        <time>2018-10-11T02:55:30Z</time>
      </trkpt>
      <trkpt lat="26.9174267" lon="75.8076154">
        <time>2018-10-11T02:55:41Z</time>
      </trkpt>
      <trkpt lat="26.9174267" lon="75.8076154">
        <time>2018-10-11T02:55:52Z</time>
      </trkpt>
      <trkpt lat="26.9174267" lon="75.8076154">
        <time>2018-10-11T02:56:02Z</time>
      </trkpt>
      <trkpt lat="26.9174267" lon="75.8076154">
        <time>2018-10-11T02:56:12Z</time>
      </trkpt>
      <trkpt lat="26.9174267" lon="75.8076154">
        <time>2018-10-11T02:56:23Z</time>
      </trkpt>
      <trkpt lat="26.9174267" lon="75.8076154">
        <time>2018-10-11T02:56:34Z</time>
      </trkpt>
      <trkpt lat="26.9174267" lon="75.8076154">
        <time>2018-10-11T02:56:44Z</time>
      </trkpt>
      <trkpt lat="26.9174267" lon="75.8076154">
        <time>2018-10-11T02:56:54Z</time>
      </trkpt>
      <trkpt lat="26.9174267" lon="75.8076154">
        <time>2018-10-11T02:57:05Z</time>
      </trkpt>
      <trkpt lat="26.9174267" lon="75.8076154">
        <time>2018-10-11T02:57:15Z</time>
      </trkpt>
      <trkpt lat="26.9174259" lon="75.8076179">
        <time>2018-10-11T02:57:26Z</time>
      </trkpt>
      <trkpt lat="26.9174257" lon="75.8076179">
        <time>2018-10-11T02:57:37Z</time>
      </trkpt>
      <trkpt lat="26.9174257" lon="75.8076179">
        <time>2018-10-11T02:57:48Z</time>
      </trkpt>
      <trkpt lat="26.9174257" lon="75.8076179">
        <time>2018-10-11T02:57:59Z</time>
      </trkpt>
      <trkpt lat="26.9174253" lon="75.8076186">
        <time>2018-10-11T02:58:10Z</time>
      </trkpt>
      <trkpt lat="26.9174253" lon="75.8076186">
        <time>2018-10-11T02:58:21Z</time>
      </trkpt>
      <trkpt lat="26.9174253" lon="75.8076186">
        <time>2018-10-11T02:58:32Z</time>
      </trkpt>
      <trkpt lat="26.9174253" lon="75.8076186">
        <time>2018-10-11T02:58:43Z</time>
      </trkpt>
      <trkpt lat="26.9174253" lon="75.8076186">
        <time>2018-10-11T02:58:54Z</time>
      </trkpt>
      <trkpt lat="26.9174253" lon="75.8076186">
        <time>2018-10-11T02:59:05Z</time>
      </trkpt>
      <trkpt lat="26.9174253" lon="75.8076186">
        <time>2018-10-11T02:59:16Z</time>
      </trkpt>
      <trkpt lat="26.9174253" lon="75.8076186">
        <time>2018-10-11T02:59:26Z</time>
      </trkpt>
      <trkpt lat="26.9174253" lon="75.8076186">
        <time>2018-10-11T02:59:37Z</time>
      </trkpt>
      <trkpt lat="26.9174253" lon="75.8076186">
        <time>2018-10-11T02:59:48Z</time>
      </trkpt>
      <trkpt lat="26.9174253" lon="75.8076186">
        <time>2018-10-11T02:59:59Z</time>
      </trkpt>
      <trkpt lat="26.9174253" lon="75.8076186">
        <time>2018-10-11T03:00:10Z</time>
      </trkpt>
      <trkpt lat="26.9174253" lon="75.8076186">
        <time>2018-10-11T03:00:20Z</time>
      </trkpt>
      <trkpt lat="26.9174253" lon="75.8076186">
        <time>2018-10-11T03:00:31Z</time>
      </trkpt>
      <trkpt lat="26.9174253" lon="75.8076186">
        <time>2018-10-11T03:00:42Z</time>
      </trkpt>
      <trkpt lat="26.9174253" lon="75.8076186">
        <time>2018-10-11T03:00:52Z</time>
      </trkpt>
      <trkpt lat="26.9174253" lon="75.8076186">
        <time>2018-10-11T03:01:03Z</time>
      </trkpt>
      <trkpt lat="26.9174253" lon="75.8076186">
        <time>2018-10-11T03:01:14Z</time>
      </trkpt>
      <trkpt lat="26.9174253" lon="75.8076186">
        <time>2018-10-11T03:01:25Z</time>
      </trkpt>
      <trkpt lat="26.9174253" lon="75.8076186">
        <time>2018-10-11T03:01:36Z</time>
      </trkpt>
      <trkpt lat="26.9174253" lon="75.8076186">
        <time>2018-10-11T03:01:46Z</time>
      </trkpt>
      <trkpt lat="26.9174253" lon="75.8076186">
        <time>2018-10-11T03:01:57Z</time>
      </trkpt>
      <trkpt lat="26.9174253" lon="75.8076186">
        <time>2018-10-11T03:02:08Z</time>
      </trkpt>
      <trkpt lat="26.9174253" lon="75.8076186">
        <time>2018-10-11T03:02:19Z</time>
      </trkpt>
      <trkpt lat="26.9174253" lon="75.8076186">
        <time>2018-10-11T03:02:29Z</time>
      </trkpt>
      <trkpt lat="26.9174253" lon="75.8076186">
        <time>2018-10-11T03:02:39Z</time>
      </trkpt>
      <trkpt lat="26.9174253" lon="75.8076186">
        <time>2018-10-11T03:02:50Z</time>
      </trkpt>
      <trkpt lat="26.9174253" lon="75.8076186">
        <time>2018-10-11T03:03:01Z</time>
      </trkpt>
      <trkpt lat="26.9174253" lon="75.8076186">
        <time>2018-10-11T03:03:11Z</time>
      </trkpt>
      <trkpt lat="26.9174209" lon="75.8076160">
        <time>2018-10-11T03:03:21Z</time>
      </trkpt>
      <trkpt lat="26.9174209" lon="75.8076160">
        <time>2018-10-11T03:03:31Z</time>
      </trkpt>
      <trkpt lat="26.9174192" lon="75.8076155">
        <time>2018-10-11T03:03:42Z</time>
      </trkpt>
      <trkpt lat="26.9174192" lon="75.8076155">
        <time>2018-10-11T03:03:52Z</time>
      </trkpt>
      <trkpt lat="26.9174191" lon="75.8076149">
        <time>2018-10-11T03:04:02Z</time>
      </trkpt>
      <trkpt lat="26.9174191" lon="75.8076149">
        <time>2018-10-11T03:04:13Z</time>
      </trkpt>
      <trkpt lat="26.9174298" lon="75.8076032">
        <time>2018-10-11T03:04:24Z</time>
      </trkpt>
      <trkpt lat="26.9174389" lon="75.8075956">
        <time>2018-10-11T03:04:34Z</time>
      </trkpt>
      <trkpt lat="26.9174389" lon="75.8075956">
        <time>2018-10-11T03:04:45Z</time>
      </trkpt>
      <trkpt lat="26.9174389" lon="75.8075956">
        <time>2018-10-11T03:04:55Z</time>
      </trkpt>
      <trkpt lat="26.9174389" lon="75.8075956">
        <time>2018-10-11T03:05:05Z</time>
      </trkpt>
      <trkpt lat="26.9174389" lon="75.8075956">
        <time>2018-10-11T03:05:16Z</time>
      </trkpt>
      <trkpt lat="26.9174389" lon="75.8075956">
        <time>2018-10-11T03:05:27Z</time>
      </trkpt>
      <trkpt lat="26.9174389" lon="75.8075956">
        <time>2018-10-11T03:05:37Z</time>
      </trkpt>
      <trkpt lat="26.9174389" lon="75.8075956">
        <time>2018-10-11T03:05:47Z</time>
      </trkpt>
      <trkpt lat="26.9174389" lon="75.8075956">
        <time>2018-10-11T03:05:58Z</time>
      </trkpt>
      <trkpt lat="26.9174389" lon="75.8075956">
        <time>2018-10-11T03:06:08Z</time>
      </trkpt>
      <trkpt lat="26.9174389" lon="75.8075956">
        <time>2018-10-11T03:06:18Z</time>
      </trkpt>
      <trkpt lat="26.9174389" lon="75.8075956">
        <time>2018-10-11T03:06:29Z</time>
      </trkpt>
      <trkpt lat="26.9174389" lon="75.8075956">
        <time>2018-10-11T03:06:40Z</time>
      </trkpt>
      <trkpt lat="26.9174389" lon="75.8075956">
        <time>2018-10-11T03:06:51Z</time>
      </trkpt>
      <trkpt lat="26.9174389" lon="75.8075956">
        <time>2018-10-11T03:07:02Z</time>
      </trkpt>
      <trkpt lat="26.9174389" lon="75.8075956">
        <time>2018-10-11T03:07:12Z</time>
      </trkpt>
      <trkpt lat="26.9174389" lon="75.8075956">
        <time>2018-10-11T03:07:23Z</time>
      </trkpt>
      <trkpt lat="26.9174389" lon="75.8075956">
        <time>2018-10-11T03:07:33Z</time>
      </trkpt>
      <trkpt lat="26.9174389" lon="75.8075956">
        <time>2018-10-11T03:07:43Z</time>
      </trkpt>
      <trkpt lat="26.9174389" lon="75.8075956">
        <time>2018-10-11T03:07:53Z</time>
      </trkpt>
      <trkpt lat="26.9174389" lon="75.8075956">
        <time>2018-10-11T03:08:03Z</time>
      </trkpt>
      <trkpt lat="26.9174389" lon="75.8075956">
        <time>2018-10-11T03:08:14Z</time>
      </trkpt>
      <trkpt lat="26.9174389" lon="75.8075956">
        <time>2018-10-11T03:08:25Z</time>
      </trkpt>
      <trkpt lat="26.9174389" lon="75.8075956">
        <time>2018-10-11T03:08:35Z</time>
      </trkpt>
      <trkpt lat="26.9174389" lon="75.8075956">
        <time>2018-10-11T03:08:46Z</time>
      </trkpt>
      <trkpt lat="26.9174389" lon="75.8075956">
        <time>2018-10-11T03:08:57Z</time>
      </trkpt>
      <trkpt lat="26.9174389" lon="75.8075956">
        <time>2018-10-11T03:09:07Z</time>
      </trkpt>
      <trkpt lat="26.9174389" lon="75.8075956">
        <time>2018-10-11T03:09:17Z</time>
      </trkpt>
      <trkpt lat="26.9174389" lon="75.8075956">
        <time>2018-10-11T03:09:28Z</time>
      </trkpt>
      <trkpt lat="26.9174389" lon="75.8075956">
        <time>2018-10-11T03:09:39Z</time>
      </trkpt>
      <trkpt lat="26.9174389" lon="75.8075956">
        <time>2018-10-11T03:09:50Z</time>
      </trkpt>
      <trkpt lat="26.9174389" lon="75.8075956">
        <time>2018-10-11T03:10:00Z</time>
      </trkpt>
      <trkpt lat="26.9174389" lon="75.8075956">
        <time>2018-10-11T03:10:11Z</time>
      </trkpt>
      <trkpt lat="26.9174389" lon="75.8075956">
        <time>2018-10-11T03:10:21Z</time>
      </trkpt>
      <trkpt lat="26.9174389" lon="75.8075956">
        <time>2018-10-11T03:10:32Z</time>
      </trkpt>
      <trkpt lat="26.9174389" lon="75.8075956">
        <time>2018-10-11T03:10:42Z</time>
      </trkpt>
      <trkpt lat="26.9174389" lon="75.8075956">
        <time>2018-10-11T03:10:53Z</time>
      </trkpt>
      <trkpt lat="26.9174389" lon="75.8075956">
        <time>2018-10-11T03:11:04Z</time>
      </trkpt>
      <trkpt lat="26.9174389" lon="75.8075956">
        <time>2018-10-11T03:11:15Z</time>
      </trkpt>
      <trkpt lat="26.9174389" lon="75.8075956">
        <time>2018-10-11T03:11:25Z</time>
      </trkpt>
      <trkpt lat="26.9174389" lon="75.8075956">
        <time>2018-10-11T03:11:36Z</time>
      </trkpt>
      <trkpt lat="26.9174389" lon="75.8075956">
        <time>2018-10-11T03:11:47Z</time>
      </trkpt>
      <trkpt lat="26.9174388" lon="75.8075990">
        <time>2018-10-11T03:11:57Z</time>
      </trkpt>
      <trkpt lat="26.9174388" lon="75.8075990">
        <time>2018-10-11T03:12:08Z</time>
      </trkpt>
      <trkpt lat="26.9174388" lon="75.8075990">
        <time>2018-10-11T03:12:18Z</time>
      </trkpt>
      <trkpt lat="26.9174388" lon="75.8075990">
        <time>2018-10-11T03:12:29Z</time>
      </trkpt>
      <trkpt lat="26.9174363" lon="75.8075982">
        <time>2018-10-11T03:12:40Z</time>
      </trkpt>
      <trkpt lat="26.9174351" lon="75.8076021">
        <time>2018-10-11T03:12:50Z</time>
      </trkpt>
      <trkpt lat="26.9174356" lon="75.8076027">
        <time>2018-10-11T03:13:00Z</time>
      </trkpt>
      <trkpt lat="26.9174356" lon="75.8076027">
        <time>2018-10-11T03:13:10Z</time>
      </trkpt>
      <trkpt lat="26.9174356" lon="75.8076027">
        <time>2018-10-11T03:13:20Z</time>
      </trkpt>
      <trkpt lat="26.9174356" lon="75.8076027">
        <time>2018-10-11T03:13:30Z</time>
      </trkpt>
      <trkpt lat="26.9174356" lon="75.8076027">
        <time>2018-10-11T03:13:41Z</time>
      </trkpt>
      <trkpt lat="26.9174356" lon="75.8076027">
        <time>2018-10-11T03:13:51Z</time>
      </trkpt>
      <trkpt lat="26.9174356" lon="75.8076027">
        <time>2018-10-11T03:14:01Z</time>
      </trkpt>
      <trkpt lat="26.9174356" lon="75.8076027">
        <time>2018-10-11T03:14:12Z</time>
      </trkpt>
      <trkpt lat="26.9174356" lon="75.8076027">
        <time>2018-10-11T03:14:23Z</time>
      </trkpt>
      <trkpt lat="26.9174356" lon="75.8076027">
        <time>2018-10-11T03:14:33Z</time>
      </trkpt>
      <trkpt lat="26.9174317" lon="75.8076094">
        <time>2018-10-11T03:14:43Z</time>
      </trkpt>
      <trkpt lat="26.9174329" lon="75.8076098">
        <time>2018-10-11T03:14:53Z</time>
      </trkpt>
      <trkpt lat="26.9174330" lon="75.8076103">
        <time>2018-10-11T03:15:03Z</time>
      </trkpt>
      <trkpt lat="26.9174330" lon="75.8076103">
        <time>2018-10-11T03:15:14Z</time>
      </trkpt>
      <trkpt lat="26.9174213" lon="75.8076184">
        <time>2018-10-11T03:15:25Z</time>
      </trkpt>
      <trkpt lat="26.9174169" lon="75.8076239">
        <time>2018-10-11T03:15:36Z</time>
      </trkpt>
      <trkpt lat="26.9174131" lon="75.8076281">
        <time>2018-10-11T03:15:47Z</time>
      </trkpt>
      <trkpt lat="26.9174131" lon="75.8076281">
        <time>2018-10-11T03:15:57Z</time>
      </trkpt>
      <trkpt lat="26.9174089" lon="75.8076277">
        <time>2018-10-11T03:16:08Z</time>
      </trkpt>
      <trkpt lat="26.9174082" lon="75.8076280">
        <time>2018-10-11T03:16:18Z</time>
      </trkpt>
      <trkpt lat="26.9174082" lon="75.8076280">
        <time>2018-10-11T03:16:28Z</time>
      </trkpt>
      <trkpt lat="26.9174062" lon="75.8076255">
        <time>2018-10-11T03:16:39Z</time>
      </trkpt>
      <trkpt lat="26.9174062" lon="75.8076255">
        <time>2018-10-11T03:16:49Z</time>
      </trkpt>
      <trkpt lat="26.9174062" lon="75.8076255">
        <time>2018-10-11T03:17:00Z</time>
      </trkpt>
      <trkpt lat="26.9173899" lon="75.8076134">
        <time>2018-10-11T03:17:10Z</time>
      </trkpt>
      <trkpt lat="26.9173786" lon="75.8076074">
        <time>2018-10-11T03:17:21Z</time>
      </trkpt>
      <trkpt lat="26.9173786" lon="75.8076074">
        <time>2018-10-11T03:17:31Z</time>
      </trkpt>
      <trkpt lat="26.9173786" lon="75.8076074">
        <time>2018-10-11T03:17:42Z</time>
      </trkpt>
      <trkpt lat="26.9173786" lon="75.8076074">
        <time>2018-10-11T03:17:53Z</time>
      </trkpt>
      <trkpt lat="26.9173786" lon="75.8076074">
        <time>2018-10-11T03:18:04Z</time>
      </trkpt>
      <trkpt lat="26.9173786" lon="75.8076074">
        <time>2018-10-11T03:18:15Z</time>
      </trkpt>
      <trkpt lat="26.9173786" lon="75.8076074">
        <time>2018-10-11T03:18:25Z</time>
      </trkpt>
      <trkpt lat="26.9173786" lon="75.8076074">
        <time>2018-10-11T03:18:36Z</time>
      </trkpt>
      <trkpt lat="26.9173786" lon="75.8076074">
        <time>2018-10-11T03:18:47Z</time>
      </trkpt>
      <trkpt lat="26.9173786" lon="75.8076074">
        <time>2018-10-11T03:18:58Z</time>
      </trkpt>
      <trkpt lat="26.9173786" lon="75.8076074">
        <time>2018-10-11T03:19:09Z</time>
      </trkpt>
      <trkpt lat="26.9173786" lon="75.8076074">
        <time>2018-10-11T03:19:19Z</time>
      </trkpt>
      <trkpt lat="26.9173786" lon="75.8076074">
        <time>2018-10-11T03:19:30Z</time>
      </trkpt>
      <trkpt lat="26.9173786" lon="75.8076074">
        <time>2018-10-11T03:19:41Z</time>
      </trkpt>
      <trkpt lat="26.9173786" lon="75.8076074">
        <time>2018-10-11T03:19:51Z</time>
      </trkpt>
      <trkpt lat="26.9173786" lon="75.8076074">
        <time>2018-10-11T03:20:02Z</time>
      </trkpt>
      <trkpt lat="26.9173786" lon="75.8076074">
        <time>2018-10-11T03:20:13Z</time>
      </trkpt>
      <trkpt lat="26.9173786" lon="75.8076074">
        <time>2018-10-11T03:20:24Z</time>
      </trkpt>
      <trkpt lat="26.9173786" lon="75.8076074">
        <time>2018-10-11T03:20:35Z</time>
      </trkpt>
      <trkpt lat="26.9173786" lon="75.8076074">
        <time>2018-10-11T03:20:45Z</time>
      </trkpt>
      <trkpt lat="26.9173786" lon="75.8076074">
        <time>2018-10-11T03:20:56Z</time>
      </trkpt>
      <trkpt lat="26.9173786" lon="75.8076074">
        <time>2018-10-11T03:21:07Z</time>
      </trkpt>
      <trkpt lat="26.9173786" lon="75.8076074">
        <time>2018-10-11T03:21:17Z</time>
      </trkpt>
      <trkpt lat="26.9173786" lon="75.8076074">
        <time>2018-10-11T03:21:28Z</time>
      </trkpt>
      <trkpt lat="26.9173786" lon="75.8076074">
        <time>2018-10-11T03:21:38Z</time>
      </trkpt>
      <trkpt lat="26.9173786" lon="75.8076074">
        <time>2018-10-11T03:21:49Z</time>
      </trkpt>
      <trkpt lat="26.9173786" lon="75.8076074">
        <time>2018-10-11T03:21:59Z</time>
      </trkpt>
      <trkpt lat="26.9173786" lon="75.8076074">
        <time>2018-10-11T03:22:09Z</time>
      </trkpt>
      <trkpt lat="26.9173786" lon="75.8076074">
        <time>2018-10-11T03:22:19Z</time>
      </trkpt>
      <trkpt lat="26.9173786" lon="75.8076074">
        <time>2018-10-11T03:22:29Z</time>
      </trkpt>
      <trkpt lat="26.9173786" lon="75.8076074">
        <time>2018-10-11T03:22:40Z</time>
      </trkpt>
      <trkpt lat="26.9173786" lon="75.8076074">
        <time>2018-10-11T03:22:50Z</time>
      </trkpt>
      <trkpt lat="26.9173786" lon="75.8076074">
        <time>2018-10-11T03:23:01Z</time>
      </trkpt>
      <trkpt lat="26.9173786" lon="75.8076074">
        <time>2018-10-11T03:23:11Z</time>
      </trkpt>
      <trkpt lat="26.9173738" lon="75.8076119">
        <time>2018-10-11T03:23:21Z</time>
      </trkpt>
      <trkpt lat="26.9173571" lon="75.8076165">
        <time>2018-10-11T03:23:31Z</time>
      </trkpt>
      <trkpt lat="26.9173537" lon="75.8076180">
        <time>2018-10-11T03:23:42Z</time>
      </trkpt>
      <trkpt lat="26.9173537" lon="75.8076181">
        <time>2018-10-11T03:23:52Z</time>
      </trkpt>
      <trkpt lat="26.9173537" lon="75.8076181">
        <time>2018-10-11T03:24:03Z</time>
      </trkpt>
      <trkpt lat="26.9173537" lon="75.8076181">
        <time>2018-10-11T03:24:13Z</time>
      </trkpt>
      <trkpt lat="26.9173537" lon="75.8076181">
        <time>2018-10-11T03:24:24Z</time>
      </trkpt>
      <trkpt lat="26.9173537" lon="75.8076181">
        <time>2018-10-11T03:24:35Z</time>
      </trkpt>
      <trkpt lat="26.9173537" lon="75.8076181">
        <time>2018-10-11T03:24:46Z</time>
      </trkpt>
      <trkpt lat="26.9173537" lon="75.8076181">
        <time>2018-10-11T03:24:56Z</time>
      </trkpt>
      <trkpt lat="26.9173537" lon="75.8076181">
        <time>2018-10-11T03:25:08Z</time>
      </trkpt>
      <trkpt lat="26.9173537" lon="75.8076181">
        <time>2018-10-11T03:25:18Z</time>
      </trkpt>
      <trkpt lat="26.9173537" lon="75.8076181">
        <time>2018-10-11T03:25:28Z</time>
      </trkpt>
      <trkpt lat="26.9173537" lon="75.8076181">
        <time>2018-10-11T03:25:39Z</time>
      </trkpt>
      <trkpt lat="26.9173537" lon="75.8076181">
        <time>2018-10-11T03:25:50Z</time>
      </trkpt>
      <trkpt lat="26.9173537" lon="75.8076181">
        <time>2018-10-11T03:26:01Z</time>
      </trkpt>
      <trkpt lat="26.9173537" lon="75.8076181">
        <time>2018-10-11T03:26:11Z</time>
      </trkpt>
      <trkpt lat="26.9173537" lon="75.8076181">
        <time>2018-10-11T03:26:22Z</time>
      </trkpt>
      <trkpt lat="26.9173538" lon="75.8076207">
        <time>2018-10-11T03:26:33Z</time>
      </trkpt>
      <trkpt lat="26.9173538" lon="75.8076207">
        <time>2018-10-11T03:26:44Z</time>
      </trkpt>
      <trkpt lat="26.9173538" lon="75.8076207">
        <time>2018-10-11T03:26:55Z</time>
      </trkpt>
      <trkpt lat="26.9173538" lon="75.8076207">
        <time>2018-10-11T03:27:06Z</time>
      </trkpt>
      <trkpt lat="26.9173538" lon="75.8076207">
        <time>2018-10-11T03:27:17Z</time>
      </trkpt>
      <trkpt lat="26.9173538" lon="75.8076207">
        <time>2018-10-11T03:27:27Z</time>
      </trkpt>
      <trkpt lat="26.9173538" lon="75.8076207">
        <time>2018-10-11T03:27:38Z</time>
      </trkpt>
      <trkpt lat="26.9173538" lon="75.8076207">
        <time>2018-10-11T03:27:48Z</time>
      </trkpt>
      <trkpt lat="26.9173538" lon="75.8076207">
        <time>2018-10-11T03:27:58Z</time>
      </trkpt>
      <trkpt lat="26.9173538" lon="75.8076207">
        <time>2018-10-11T03:28:09Z</time>
      </trkpt>
      <trkpt lat="26.9173538" lon="75.8076207">
        <time>2018-10-11T03:28:20Z</time>
      </trkpt>
      <trkpt lat="26.9173538" lon="75.8076207">
        <time>2018-10-11T03:28:31Z</time>
      </trkpt>
      <trkpt lat="26.9173538" lon="75.8076207">
        <time>2018-10-11T03:28:41Z</time>
      </trkpt>
      <trkpt lat="26.9173538" lon="75.8076207">
        <time>2018-10-11T03:28:52Z</time>
      </trkpt>
      <trkpt lat="26.9173538" lon="75.8076207">
        <time>2018-10-11T03:29:03Z</time>
      </trkpt>
      <trkpt lat="26.9173538" lon="75.8076207">
        <time>2018-10-11T03:29:13Z</time>
      </trkpt>
      <trkpt lat="26.9173538" lon="75.8076207">
        <time>2018-10-11T03:29:23Z</time>
      </trkpt>
      <trkpt lat="26.9173538" lon="75.8076207">
        <time>2018-10-11T03:29:33Z</time>
      </trkpt>
      <trkpt lat="26.9173538" lon="75.8076207">
        <time>2018-10-11T03:29:44Z</time>
      </trkpt>
      <trkpt lat="26.9173538" lon="75.8076207">
        <time>2018-10-11T03:29:55Z</time>
      </trkpt>
      <trkpt lat="26.9173538" lon="75.8076207">
        <time>2018-10-11T03:30:05Z</time>
      </trkpt>
      <trkpt lat="26.9173538" lon="75.8076207">
        <time>2018-10-11T03:30:15Z</time>
      </trkpt>
      <trkpt lat="26.9173538" lon="75.8076207">
        <time>2018-10-11T03:30:26Z</time>
      </trkpt>
      <trkpt lat="26.9173538" lon="75.8076207">
        <time>2018-10-11T03:30:36Z</time>
      </trkpt>
      <trkpt lat="26.9173538" lon="75.8076207">
        <time>2018-10-11T03:30:47Z</time>
      </trkpt>
      <trkpt lat="26.9173538" lon="75.8076207">
        <time>2018-10-11T03:30:58Z</time>
      </trkpt>
      <trkpt lat="26.9173538" lon="75.8076207">
        <time>2018-10-11T03:31:09Z</time>
      </trkpt>
      <trkpt lat="26.9173538" lon="75.8076207">
        <time>2018-10-11T03:31:19Z</time>
      </trkpt>
      <trkpt lat="26.9173538" lon="75.8076207">
        <time>2018-10-11T03:31:30Z</time>
      </trkpt>
      <trkpt lat="26.9173538" lon="75.8076207">
        <time>2018-10-11T03:31:41Z</time>
      </trkpt>
      <trkpt lat="26.9173538" lon="75.8076207">
        <time>2018-10-11T03:31:52Z</time>
      </trkpt>
      <trkpt lat="26.9173538" lon="75.8076207">
        <time>2018-10-11T03:32:02Z</time>
      </trkpt>
      <trkpt lat="26.9173538" lon="75.8076207">
        <time>2018-10-11T03:32:13Z</time>
      </trkpt>
      <trkpt lat="26.9173538" lon="75.8076207">
        <time>2018-10-11T03:32:23Z</time>
      </trkpt>
      <trkpt lat="26.9173538" lon="75.8076207">
        <time>2018-10-11T03:32:33Z</time>
      </trkpt>
      <trkpt lat="26.9173538" lon="75.8076207">
        <time>2018-10-11T03:32:43Z</time>
      </trkpt>
      <trkpt lat="26.9173538" lon="75.8076207">
        <time>2018-10-11T03:32:54Z</time>
      </trkpt>
      <trkpt lat="26.9173538" lon="75.8076207">
        <time>2018-10-11T03:33:04Z</time>
      </trkpt>
      <trkpt lat="26.9173538" lon="75.8076207">
        <time>2018-10-11T03:33:14Z</time>
      </trkpt>
      <trkpt lat="26.9173538" lon="75.8076207">
        <time>2018-10-11T03:33:24Z</time>
      </trkpt>
      <trkpt lat="26.9173538" lon="75.8076207">
        <time>2018-10-11T03:33:34Z</time>
      </trkpt>
      <trkpt lat="26.9173538" lon="75.8076207">
        <time>2018-10-11T03:33:45Z</time>
      </trkpt>
      <trkpt lat="26.9173538" lon="75.8076207">
        <time>2018-10-11T03:33:55Z</time>
      </trkpt>
      <trkpt lat="26.9173538" lon="75.8076207">
        <time>2018-10-11T03:34:05Z</time>
      </trkpt>
      <trkpt lat="26.9173538" lon="75.8076207">
        <time>2018-10-11T03:34:15Z</time>
      </trkpt>
      <trkpt lat="26.9173538" lon="75.8076207">
        <time>2018-10-11T03:34:25Z</time>
      </trkpt>
      <trkpt lat="26.9173538" lon="75.8076207">
        <time>2018-10-11T03:34:36Z</time>
      </trkpt>
      <trkpt lat="26.9173538" lon="75.8076207">
        <time>2018-10-11T03:34:47Z</time>
      </trkpt>
      <trkpt lat="26.9173538" lon="75.8076207">
        <time>2018-10-11T03:34:57Z</time>
      </trkpt>
      <trkpt lat="26.9173538" lon="75.8076207">
        <time>2018-10-11T03:35:08Z</time>
      </trkpt>
      <trkpt lat="26.9173580" lon="75.8076238">
        <time>2018-10-11T03:35:19Z</time>
      </trkpt>
      <trkpt lat="26.9173580" lon="75.8076238">
        <time>2018-10-11T03:35:29Z</time>
      </trkpt>
      <trkpt lat="26.9173580" lon="75.8076238">
        <time>2018-10-11T03:35:39Z</time>
      </trkpt>
      <trkpt lat="26.9173580" lon="75.8076238">
        <time>2018-10-11T03:35:49Z</time>
      </trkpt>
      <trkpt lat="26.9173580" lon="75.8076238">
        <time>2018-10-11T03:36:00Z</time>
      </trkpt>
      <trkpt lat="26.9173580" lon="75.8076238">
        <time>2018-10-11T03:36:11Z</time>
      </trkpt>
      <trkpt lat="26.9173580" lon="75.8076238">
        <time>2018-10-11T03:36:22Z</time>
      </trkpt>
      <trkpt lat="26.9173580" lon="75.8076238">
        <time>2018-10-11T03:36:32Z</time>
      </trkpt>
      <trkpt lat="26.9173580" lon="75.8076238">
        <time>2018-10-11T03:36:43Z</time>
      </trkpt>
      <trkpt lat="26.9173580" lon="75.8076238">
        <time>2018-10-11T03:36:54Z</time>
      </trkpt>
      <trkpt lat="26.9173580" lon="75.8076238">
        <time>2018-10-11T03:37:05Z</time>
      </trkpt>
      <trkpt lat="26.9173580" lon="75.8076238">
        <time>2018-10-11T03:37:16Z</time>
      </trkpt>
      <trkpt lat="26.9173580" lon="75.8076238">
        <time>2018-10-11T03:37:26Z</time>
      </trkpt>
      <trkpt lat="26.9173580" lon="75.8076238">
        <time>2018-10-11T03:37:37Z</time>
      </trkpt>
      <trkpt lat="26.9173580" lon="75.8076238">
        <time>2018-10-11T03:37:48Z</time>
      </trkpt>
      <trkpt lat="26.9173580" lon="75.8076238">
        <time>2018-10-11T03:37:58Z</time>
      </trkpt>
      <trkpt lat="26.9173580" lon="75.8076238">
        <time>2018-10-11T03:38:08Z</time>
      </trkpt>
      <trkpt lat="26.9173580" lon="75.8076238">
        <time>2018-10-11T03:38:19Z</time>
      </trkpt>
      <trkpt lat="26.9173580" lon="75.8076238">
        <time>2018-10-11T03:38:29Z</time>
      </trkpt>
      <trkpt lat="26.9173580" lon="75.8076238">
        <time>2018-10-11T03:38:40Z</time>
      </trkpt>
      <trkpt lat="26.9173580" lon="75.8076238">
        <time>2018-10-11T03:38:51Z</time>
      </trkpt>
      <trkpt lat="26.9173580" lon="75.8076238">
        <time>2018-10-11T03:39:02Z</time>
      </trkpt>
      <trkpt lat="26.9173580" lon="75.8076238">
        <time>2018-10-11T03:39:12Z</time>
      </trkpt>
      <trkpt lat="26.9173580" lon="75.8076238">
        <time>2018-10-11T03:39:22Z</time>
      </trkpt>
      <trkpt lat="26.9173580" lon="75.8076238">
        <time>2018-10-11T03:39:33Z</time>
      </trkpt>
      <trkpt lat="26.9173580" lon="75.8076238">
        <time>2018-10-11T03:39:43Z</time>
      </trkpt>
      <trkpt lat="26.9173580" lon="75.8076238">
        <time>2018-10-11T03:39:54Z</time>
      </trkpt>
      <trkpt lat="26.9173580" lon="75.8076238">
        <time>2018-10-11T03:40:04Z</time>
      </trkpt>
      <trkpt lat="26.9173580" lon="75.8076238">
        <time>2018-10-11T03:40:15Z</time>
      </trkpt>
      <trkpt lat="26.9173580" lon="75.8076238">
        <time>2018-10-11T03:40:25Z</time>
      </trkpt>
      <trkpt lat="26.9173580" lon="75.8076238">
        <time>2018-10-11T03:40:36Z</time>
      </trkpt>
      <trkpt lat="26.9173580" lon="75.8076238">
        <time>2018-10-11T03:40:47Z</time>
      </trkpt>
      <trkpt lat="26.9173580" lon="75.8076238">
        <time>2018-10-11T03:40:57Z</time>
      </trkpt>
      <trkpt lat="26.9173580" lon="75.8076238">
        <time>2018-10-11T03:41:08Z</time>
      </trkpt>
      <trkpt lat="26.9173580" lon="75.8076238">
        <time>2018-10-11T03:41:18Z</time>
      </trkpt>
      <trkpt lat="26.9173580" lon="75.8076238">
        <time>2018-10-11T03:41:28Z</time>
      </trkpt>
      <trkpt lat="26.9173580" lon="75.8076238">
        <time>2018-10-11T03:41:38Z</time>
      </trkpt>
      <trkpt lat="26.9173580" lon="75.8076238">
        <time>2018-10-11T03:41:48Z</time>
      </trkpt>
      <trkpt lat="26.9173580" lon="75.8076238">
        <time>2018-10-11T03:41:58Z</time>
      </trkpt>
      <trkpt lat="26.9173580" lon="75.8076238">
        <time>2018-10-11T03:42:09Z</time>
      </trkpt>
      <trkpt lat="26.9173580" lon="75.8076238">
        <time>2018-10-11T03:42:19Z</time>
      </trkpt>
      <trkpt lat="26.9173580" lon="75.8076238">
        <time>2018-10-11T03:42:30Z</time>
      </trkpt>
      <trkpt lat="26.9173580" lon="75.8076238">
        <time>2018-10-11T03:42:41Z</time>
      </trkpt>
      <trkpt lat="26.9173580" lon="75.8076238">
        <time>2018-10-11T03:42:51Z</time>
      </trkpt>
      <trkpt lat="26.9173580" lon="75.8076238">
        <time>2018-10-11T03:43:02Z</time>
      </trkpt>
      <trkpt lat="26.9173580" lon="75.8076238">
        <time>2018-10-11T03:43:12Z</time>
      </trkpt>
      <trkpt lat="26.9173580" lon="75.8076238">
        <time>2018-10-11T03:43:23Z</time>
      </trkpt>
      <trkpt lat="26.9173580" lon="75.8076238">
        <time>2018-10-11T03:43:33Z</time>
      </trkpt>
      <trkpt lat="26.9173580" lon="75.8076238">
        <time>2018-10-11T03:43:43Z</time>
      </trkpt>
      <trkpt lat="26.9173580" lon="75.8076238">
        <time>2018-10-11T03:43:54Z</time>
      </trkpt>
      <trkpt lat="26.9173580" lon="75.8076238">
        <time>2018-10-11T03:44:04Z</time>
      </trkpt>
      <trkpt lat="26.9173580" lon="75.8076238">
        <time>2018-10-11T03:44:15Z</time>
      </trkpt>
      <trkpt lat="26.9173580" lon="75.8076238">
        <time>2018-10-11T03:44:25Z</time>
      </trkpt>
      <trkpt lat="26.9173580" lon="75.8076238">
        <time>2018-10-11T03:44:36Z</time>
      </trkpt>
      <trkpt lat="26.9173580" lon="75.8076238">
        <time>2018-10-11T03:44:46Z</time>
      </trkpt>
      <trkpt lat="26.9173580" lon="75.8076238">
        <time>2018-10-11T03:44:57Z</time>
      </trkpt>
      <trkpt lat="26.9173580" lon="75.8076238">
        <time>2018-10-11T03:45:07Z</time>
      </trkpt>
      <trkpt lat="26.9173580" lon="75.8076238">
        <time>2018-10-11T03:45:17Z</time>
      </trkpt>
      <trkpt lat="26.9173580" lon="75.8076238">
        <time>2018-10-11T03:45:28Z</time>
      </trkpt>
      <trkpt lat="26.9173580" lon="75.8076238">
        <time>2018-10-11T03:45:39Z</time>
      </trkpt>
      <trkpt lat="26.9173580" lon="75.8076238">
        <time>2018-10-11T03:45:49Z</time>
      </trkpt>
      <trkpt lat="26.9173580" lon="75.8076238">
        <time>2018-10-11T03:45:59Z</time>
      </trkpt>
      <trkpt lat="26.9173590" lon="75.8076106">
        <time>2018-10-11T03:46:10Z</time>
      </trkpt>
      <trkpt lat="26.9173590" lon="75.8076106">
        <time>2018-10-11T03:46:21Z</time>
      </trkpt>
      <trkpt lat="26.9173590" lon="75.8076106">
        <time>2018-10-11T03:46:31Z</time>
      </trkpt>
      <trkpt lat="26.9173652" lon="75.8076135">
        <time>2018-10-11T03:46:42Z</time>
      </trkpt>
      <trkpt lat="26.9173655" lon="75.8076137">
        <time>2018-10-11T03:46:52Z</time>
      </trkpt>
      <trkpt lat="26.9173655" lon="75.8076137">
        <time>2018-10-11T03:47:03Z</time>
      </trkpt>
      <trkpt lat="26.9173655" lon="75.8076137">
        <time>2018-10-11T03:47:13Z</time>
      </trkpt>
      <trkpt lat="26.9173655" lon="75.8076137">
        <time>2018-10-11T03:47:24Z</time>
      </trkpt>
      <trkpt lat="26.9173655" lon="75.8076137">
        <time>2018-10-11T03:47:34Z</time>
      </trkpt>
      <trkpt lat="26.9173655" lon="75.8076137">
        <time>2018-10-11T03:47:45Z</time>
      </trkpt>
      <trkpt lat="26.9173655" lon="75.8076137">
        <time>2018-10-11T03:47:55Z</time>
      </trkpt>
      <trkpt lat="26.9173688" lon="75.8076140">
        <time>2018-10-11T03:48:06Z</time>
      </trkpt>
      <trkpt lat="26.9173688" lon="75.8076140">
        <time>2018-10-11T03:48:17Z</time>
      </trkpt>
      <trkpt lat="26.9173756" lon="75.8076139">
        <time>2018-10-11T03:48:27Z</time>
      </trkpt>
      <trkpt lat="26.9173765" lon="75.8076129">
        <time>2018-10-11T03:48:38Z</time>
      </trkpt>
      <trkpt lat="26.9173804" lon="75.8076164">
        <time>2018-10-11T03:48:48Z</time>
      </trkpt>
      <trkpt lat="26.9173806" lon="75.8076166">
        <time>2018-10-11T03:48:58Z</time>
      </trkpt>
      <trkpt lat="26.9173806" lon="75.8076166">
        <time>2018-10-11T03:49:09Z</time>
      </trkpt>
      <trkpt lat="26.9173806" lon="75.8076166">
        <time>2018-10-11T03:49:19Z</time>
      </trkpt>
      <trkpt lat="26.9173806" lon="75.8076166">
        <time>2018-10-11T03:49:30Z</time>
      </trkpt>
      <trkpt lat="26.9173806" lon="75.8076166">
        <time>2018-10-11T03:49:41Z</time>
      </trkpt>
      <trkpt lat="26.9173806" lon="75.8076166">
        <time>2018-10-11T03:49:53Z</time>
      </trkpt>
    </trkseg>
  </trk>
  <trk>
    <trkseg>
      <trkpt lat="26.9216589" lon="75.7872015">
        <time>2018-10-13T09:54:21Z</time>
      </trkpt>
      <trkpt lat="26.9217211" lon="75.7870594">
        <time>2018-10-13T09:54:31Z</time>
      </trkpt>
      <trkpt lat="26.9217926" lon="75.7870290">
        <time>2018-10-13T09:54:42Z</time>
      </trkpt>
      <trkpt lat="26.9217788" lon="75.7870858">
        <time>2018-10-13T09:54:53Z</time>
      </trkpt>
      <trkpt lat="26.9218467" lon="75.7869127">
        <time>2018-10-13T09:55:04Z</time>
      </trkpt>
      <trkpt lat="26.9219121" lon="75.7868761">
        <time>2018-10-13T09:55:14Z</time>
      </trkpt>
      <trkpt lat="26.9219785" lon="75.7867707">
        <time>2018-10-13T09:55:25Z</time>
      </trkpt>
      <trkpt lat="26.9219850" lon="75.7867568">
        <time>2018-10-13T09:55:36Z</time>
      </trkpt>
      <trkpt lat="26.9219850" lon="75.7867568">
        <time>2018-10-13T09:55:47Z</time>
      </trkpt>
      <trkpt lat="26.9219850" lon="75.7867568">
        <time>2018-10-13T09:55:57Z</time>
      </trkpt>
      <trkpt lat="26.9220006" lon="75.7867446">
        <time>2018-10-13T09:56:08Z</time>
      </trkpt>
      <trkpt lat="26.9220029" lon="75.7867676">
        <time>2018-10-13T09:56:19Z</time>
      </trkpt>
      <trkpt lat="26.9220499" lon="75.7866685">
        <time>2018-10-13T09:56:29Z</time>
      </trkpt>
      <trkpt lat="26.9222482" lon="75.7864642">
        <time>2018-10-13T09:56:39Z</time>
      </trkpt>
      <trkpt lat="26.9226072" lon="75.7860469">
        <time>2018-10-13T09:56:49Z</time>
      </trkpt>
      <trkpt lat="26.9228063" lon="75.7858012">
        <time>2018-10-13T09:56:59Z</time>
      </trkpt>
      <trkpt lat="26.9230324" lon="75.7855051">
        <time>2018-10-13T09:57:10Z</time>
      </trkpt>
      <trkpt lat="26.9235338" lon="75.7849884">
        <time>2018-10-13T09:57:21Z</time>
      </trkpt>
      <trkpt lat="26.9244049" lon="75.7849723">
        <time>2018-10-13T09:57:31Z</time>
      </trkpt>
      <trkpt lat="26.9254875" lon="75.7849110">
        <time>2018-10-13T09:57:42Z</time>
      </trkpt>
      <trkpt lat="26.9262019" lon="75.7848995">
        <time>2018-10-13T09:57:53Z</time>
      </trkpt>
      <trkpt lat="26.9267805" lon="75.7848743">
        <time>2018-10-13T09:58:03Z</time>
      </trkpt>
      <trkpt lat="26.9277468" lon="75.7848324">
        <time>2018-10-13T09:58:13Z</time>
      </trkpt>
      <trkpt lat="26.9291050" lon="75.7847396">
        <time>2018-10-13T09:58:24Z</time>
      </trkpt>
      <trkpt lat="26.9303322" lon="75.7846631">
        <time>2018-10-13T09:58:34Z</time>
      </trkpt>
      <trkpt lat="26.9314413" lon="75.7847190">
        <time>2018-10-13T09:58:45Z</time>
      </trkpt>
      <trkpt lat="26.9314942" lon="75.7847392">
        <time>2018-10-13T09:58:55Z</time>
      </trkpt>
      <trkpt lat="26.9314942" lon="75.7847392">
        <time>2018-10-13T09:59:06Z</time>
      </trkpt>
      <trkpt lat="26.9314889" lon="75.7847381">
        <time>2018-10-13T09:59:16Z</time>
      </trkpt>
      <trkpt lat="26.9314889" lon="75.7847381">
        <time>2018-10-13T09:59:26Z</time>
      </trkpt>
      <trkpt lat="26.9316267" lon="75.7847546">
        <time>2018-10-13T09:59:36Z</time>
      </trkpt>
      <trkpt lat="26.9319628" lon="75.7848258">
        <time>2018-10-13T09:59:47Z</time>
      </trkpt>
      <trkpt lat="26.9321403" lon="75.7848140">
        <time>2018-10-13T09:59:57Z</time>
      </trkpt>
      <trkpt lat="26.9321621" lon="75.7848184">
        <time>2018-10-13T10:00:07Z</time>
      </trkpt>
      <trkpt lat="26.9322760" lon="75.7848354">
        <time>2018-10-13T10:00:18Z</time>
      </trkpt>
      <trkpt lat="26.9328399" lon="75.7849348">
        <time>2018-10-13T10:00:29Z</time>
      </trkpt>
      <trkpt lat="26.9337974" lon="75.7850892">
        <time>2018-10-13T10:00:40Z</time>
      </trkpt>
      <trkpt lat="26.9350240" lon="75.7853030">
        <time>2018-10-13T10:00:51Z</time>
      </trkpt>
      <trkpt lat="26.9361203" lon="75.7854517">
        <time>2018-10-13T10:01:01Z</time>
      </trkpt>
      <trkpt lat="26.9373685" lon="75.7856883">
        <time>2018-10-13T10:01:11Z</time>
      </trkpt>
      <trkpt lat="26.9384340" lon="75.7859098">
        <time>2018-10-13T10:01:22Z</time>
      </trkpt>
      <trkpt lat="26.9390532" lon="75.7859941">
        <time>2018-10-13T10:01:33Z</time>
      </trkpt>
      <trkpt lat="26.9399402" lon="75.7857321">
        <time>2018-10-13T10:01:44Z</time>
      </trkpt>
      <trkpt lat="26.9407250" lon="75.7847163">
        <time>2018-10-13T10:01:54Z</time>
      </trkpt>
      <trkpt lat="26.9407327" lon="75.7835302">
        <time>2018-10-13T10:02:05Z</time>
      </trkpt>
      <trkpt lat="26.9402677" lon="75.7825305">
        <time>2018-10-13T10:02:15Z</time>
      </trkpt>
      <trkpt lat="26.9400250" lon="75.7820092">
        <time>2018-10-13T10:02:26Z</time>
      </trkpt>
      <trkpt lat="26.9396963" lon="75.7812466">
        <time>2018-10-13T10:02:36Z</time>
      </trkpt>
      <trkpt lat="26.9396385" lon="75.7803976">
        <time>2018-10-13T10:02:47Z</time>
      </trkpt>
      <trkpt lat="26.9397010" lon="75.7794034">
        <time>2018-10-13T10:02:58Z</time>
      </trkpt>
      <trkpt lat="26.9397597" lon="75.7785332">
        <time>2018-10-13T10:03:08Z</time>
      </trkpt>
      <trkpt lat="26.9397918" lon="75.7779010">
        <time>2018-10-13T10:03:18Z</time>
      </trkpt>
      <trkpt lat="26.9398592" lon="75.7772291">
        <time>2018-10-13T10:03:28Z</time>
      </trkpt>
      <trkpt lat="26.9399382" lon="75.7762184">
        <time>2018-10-13T10:03:39Z</time>
      </trkpt>
      <trkpt lat="26.9399710" lon="75.7752109">
        <time>2018-10-13T10:03:50Z</time>
      </trkpt>
      <trkpt lat="26.9400033" lon="75.7744005">
        <time>2018-10-13T10:04:00Z</time>
      </trkpt>
      <trkpt lat="26.9400283" lon="75.7741418">
        <time>2018-10-13T10:04:11Z</time>
      </trkpt>
      <trkpt lat="26.9400949" lon="75.7739810">
        <time>2018-10-13T10:04:22Z</time>
      </trkpt>
      <trkpt lat="26.9401670" lon="75.7737557">
        <time>2018-10-13T10:04:32Z</time>
      </trkpt>
      <trkpt lat="26.9401740" lon="75.7737477">
        <time>2018-10-13T10:04:43Z</time>
      </trkpt>
      <trkpt lat="26.9401740" lon="75.7737477">
        <time>2018-10-13T10:04:53Z</time>
      </trkpt>
      <trkpt lat="26.9402487" lon="75.7736912">
        <time>2018-10-13T10:05:04Z</time>
      </trkpt>
      <trkpt lat="26.9404069" lon="75.7736452">
        <time>2018-10-13T10:05:15Z</time>
      </trkpt>
      <trkpt lat="26.9409416" lon="75.7736801">
        <time>2018-10-13T10:05:25Z</time>
      </trkpt>
      <trkpt lat="26.9414680" lon="75.7736064">
        <time>2018-10-13T10:05:36Z</time>
      </trkpt>
      <trkpt lat="26.9418082" lon="75.7735553">
        <time>2018-10-13T10:05:47Z</time>
      </trkpt>
      <trkpt lat="26.9418825" lon="75.7734865">
        <time>2018-10-13T10:05:58Z</time>
      </trkpt>
      <trkpt lat="26.9419079" lon="75.7734744">
        <time>2018-10-13T10:06:08Z</time>
      </trkpt>
      <trkpt lat="26.9421340" lon="75.7733931">
        <time>2018-10-13T10:06:18Z</time>
      </trkpt>
      <trkpt lat="26.9421373" lon="75.7733914">
        <time>2018-10-13T10:06:29Z</time>
      </trkpt>
      <trkpt lat="26.9421373" lon="75.7733914">
        <time>2018-10-13T10:06:40Z</time>
      </trkpt>
      <trkpt lat="26.9421369" lon="75.7733735">
        <time>2018-10-13T10:06:51Z</time>
      </trkpt>
      <trkpt lat="26.9421369" lon="75.7733735">
        <time>2018-10-13T10:07:02Z</time>
      </trkpt>
      <trkpt lat="26.9421369" lon="75.7733735">
        <time>2018-10-13T10:07:12Z</time>
      </trkpt>
      <trkpt lat="26.9421369" lon="75.7733735">
        <time>2018-10-13T10:07:23Z</time>
      </trkpt>
      <trkpt lat="26.9421364" lon="75.7733833">
        <time>2018-10-13T10:07:33Z</time>
      </trkpt>
      <trkpt lat="26.9421364" lon="75.7733833">
        <time>2018-10-13T10:07:44Z</time>
      </trkpt>
      <trkpt lat="26.9421364" lon="75.7733833">
        <time>2018-10-13T10:07:54Z</time>
      </trkpt>
      <trkpt lat="26.9421364" lon="75.7733833">
        <time>2018-10-13T10:08:05Z</time>
      </trkpt>
      <trkpt lat="26.9421364" lon="75.7733833">
        <time>2018-10-13T10:08:15Z</time>
      </trkpt>
      <trkpt lat="26.9421364" lon="75.7733833">
        <time>2018-10-13T10:08:25Z</time>
      </trkpt>
      <trkpt lat="26.9421364" lon="75.7733833">
        <time>2018-10-13T10:08:36Z</time>
      </trkpt>
      <trkpt lat="26.9421364" lon="75.7733833">
        <time>2018-10-13T10:08:46Z</time>
      </trkpt>
      <trkpt lat="26.9421407" lon="75.7733819">
        <time>2018-10-13T10:08:56Z</time>
      </trkpt>
      <trkpt lat="26.9421408" lon="75.7733823">
        <time>2018-10-13T10:09:07Z</time>
      </trkpt>
      <trkpt lat="26.9421408" lon="75.7733823">
        <time>2018-10-13T10:09:18Z</time>
      </trkpt>
      <trkpt lat="26.9421450" lon="75.7733800">
        <time>2018-10-13T10:09:28Z</time>
      </trkpt>
      <trkpt lat="26.9421450" lon="75.7733800">
        <time>2018-10-13T10:09:38Z</time>
      </trkpt>
      <trkpt lat="26.9421455" lon="75.7733880">
        <time>2018-10-13T10:09:49Z</time>
      </trkpt>
      <trkpt lat="26.9421594" lon="75.7733963">
        <time>2018-10-13T10:10:00Z</time>
      </trkpt>
      <trkpt lat="26.9423669" lon="75.7733978">
        <time>2018-10-13T10:10:10Z</time>
      </trkpt>
      <trkpt lat="26.9429535" lon="75.7733757">
        <time>2018-10-13T10:10:21Z</time>
      </trkpt>
      <trkpt lat="26.9439465" lon="75.7733201">
        <time>2018-10-13T10:10:31Z</time>
      </trkpt>
      <trkpt lat="26.9451356" lon="75.7732437">
        <time>2018-10-13T10:10:41Z</time>
      </trkpt>
      <trkpt lat="26.9461608" lon="75.7731306">
        <time>2018-10-13T10:10:52Z</time>
      </trkpt>
      <trkpt lat="26.9468310" lon="75.7731238">
        <time>2018-10-13T10:11:03Z</time>
      </trkpt>
      <trkpt lat="26.9478613" lon="75.7730218">
        <time>2018-10-13T10:11:13Z</time>
      </trkpt>
      <trkpt lat="26.9493080" lon="75.7725037">
        <time>2018-10-13T10:11:24Z</time>
      </trkpt>
      <trkpt lat="26.9505456" lon="75.7716739">
        <time>2018-10-13T10:11:34Z</time>
      </trkpt>
      <trkpt lat="26.9512239" lon="75.7714005">
        <time>2018-10-13T10:11:44Z</time>
      </trkpt>
      <trkpt lat="26.9512648" lon="75.7713827">
        <time>2018-10-13T10:11:55Z</time>
      </trkpt>
      <trkpt lat="26.9513723" lon="75.7713737">
        <time>2018-10-13T10:12:06Z</time>
      </trkpt>
      <trkpt lat="26.9521528" lon="75.7713967">
        <time>2018-10-13T10:12:17Z</time>
      </trkpt>
      <trkpt lat="26.9533075" lon="75.7714191">
        <time>2018-10-13T10:12:28Z</time>
      </trkpt>
      <trkpt lat="26.9546638" lon="75.7714288">
        <time>2018-10-13T10:12:39Z</time>
      </trkpt>
      <trkpt lat="26.9557861" lon="75.7714515">
        <time>2018-10-13T10:12:49Z</time>
      </trkpt>
      <trkpt lat="26.9571794" lon="75.7714895">
        <time>2018-10-13T10:13:00Z</time>
      </trkpt>
      <trkpt lat="26.9586073" lon="75.7714820">
        <time>2018-10-13T10:13:10Z</time>
      </trkpt>
      <trkpt lat="26.9594825" lon="75.7715201">
        <time>2018-10-13T10:13:21Z</time>
      </trkpt>
      <trkpt lat="26.9605339" lon="75.7715504">
        <time>2018-10-13T10:13:32Z</time>
      </trkpt>
      <trkpt lat="26.9620061" lon="75.7716305">
        <time>2018-10-13T10:13:42Z</time>
      </trkpt>
      <trkpt lat="26.9633855" lon="75.7718142">
        <time>2018-10-13T10:13:52Z</time>
      </trkpt>
      <trkpt lat="26.9644906" lon="75.7720141">
        <time>2018-10-13T10:14:03Z</time>
      </trkpt>
      <trkpt lat="26.9657365" lon="75.7721739">
        <time>2018-10-13T10:14:13Z</time>
      </trkpt>
      <trkpt lat="26.9664022" lon="75.7722837">
        <time>2018-10-13T10:14:24Z</time>
      </trkpt>
      <trkpt lat="26.9668208" lon="75.7723522">
        <time>2018-10-13T10:14:35Z</time>
      </trkpt>
      <trkpt lat="26.9676110" lon="75.7724689">
        <time>2018-10-13T10:14:46Z</time>
      </trkpt>
      <trkpt lat="26.9687681" lon="75.7724849">
        <time>2018-10-13T10:14:56Z</time>
      </trkpt>
      <trkpt lat="26.9702086" lon="75.7723615">
        <time>2018-10-13T10:15:07Z</time>
      </trkpt>
      <trkpt lat="26.9707692" lon="75.7723297">
        <time>2018-10-13T10:15:17Z</time>
      </trkpt>
      <trkpt lat="26.9711102" lon="75.7723828">
        <time>2018-10-13T10:15:27Z</time>
      </trkpt>
      <trkpt lat="26.9712180" lon="75.7723774">
        <time>2018-10-13T10:15:38Z</time>
      </trkpt>
      <trkpt lat="26.9712352" lon="75.7723850">
        <time>2018-10-13T10:15:48Z</time>
      </trkpt>
      <trkpt lat="26.9712430" lon="75.7723845">
        <time>2018-10-13T10:15:59Z</time>
      </trkpt>
      <trkpt lat="26.9712503" lon="75.7723792">
        <time>2018-10-13T10:16:09Z</time>
      </trkpt>
      <trkpt lat="26.9715105" lon="75.7723887">
        <time>2018-10-13T10:16:19Z</time>
      </trkpt>
      <trkpt lat="26.9723182" lon="75.7723053">
        <time>2018-10-13T10:16:30Z</time>
      </trkpt>
      <trkpt lat="26.9734455" lon="75.7722430">
        <time>2018-10-13T10:16:41Z</time>
      </trkpt>
      <trkpt lat="26.9743535" lon="75.7722315">
        <time>2018-10-13T10:16:52Z</time>
      </trkpt>
      <trkpt lat="26.9748755" lon="75.7722912">
        <time>2018-10-13T10:17:02Z</time>
      </trkpt>
      <trkpt lat="26.9758491" lon="75.7724567">
        <time>2018-10-13T10:17:13Z</time>
      </trkpt>
      <trkpt lat="26.9770741" lon="75.7730173">
        <time>2018-10-13T10:17:25Z</time>
      </trkpt>
      <trkpt lat="26.9785227" lon="75.7736774">
        <time>2018-10-13T10:17:35Z</time>
      </trkpt>
      <trkpt lat="26.9793090" lon="75.7740660">
        <time>2018-10-13T10:17:46Z</time>
      </trkpt>
      <trkpt lat="26.9800895" lon="75.7743190">
        <time>2018-10-13T10:17:56Z</time>
      </trkpt>
      <trkpt lat="26.9812280" lon="75.7744649">
        <time>2018-10-13T10:18:06Z</time>
      </trkpt>
      <trkpt lat="26.9825530" lon="75.7743245">
        <time>2018-10-13T10:18:16Z</time>
      </trkpt>
      <trkpt lat="26.9839272" lon="75.7739183">
        <time>2018-10-13T10:18:27Z</time>
      </trkpt>
    </trkseg>
  </trk>
  <trk>
    <trkseg>
      <trkpt lat="26.9174507" lon="75.8076084">
        <time>2018-10-03T12:10:50Z</time>
      </trkpt>
      <trkpt lat="26.9174507" lon="75.8076084">
        <time>2018-10-03T12:11:01Z</time>
      </trkpt>
      <trkpt lat="26.9174507" lon="75.8076084">
        <time>2018-10-03T12:11:12Z</time>
      </trkpt>
      <trkpt lat="26.9174507" lon="75.8076084">
        <time>2018-10-03T12:11:23Z</time>
      </trkpt>
      <trkpt lat="26.9174507" lon="75.8076084">
        <time>2018-10-03T12:11:34Z</time>
      </trkpt>
      <trkpt lat="26.9174507" lon="75.8076084">
        <time>2018-10-03T12:11:45Z</time>
      </trkpt>
      <trkpt lat="26.9174591" lon="75.8076084">
        <time>2018-10-03T12:11:55Z</time>
      </trkpt>
      <trkpt lat="26.9174591" lon="75.8076049">
        <time>2018-10-03T12:12:06Z</time>
      </trkpt>
      <trkpt lat="26.9174618" lon="75.8075966">
        <time>2018-10-03T12:12:16Z</time>
      </trkpt>
      <trkpt lat="26.9174579" lon="75.8075797">
        <time>2018-10-03T12:12:26Z</time>
      </trkpt>
      <trkpt lat="26.9174588" lon="75.8075749">
        <time>2018-10-03T12:12:37Z</time>
      </trkpt>
      <trkpt lat="26.9174594" lon="75.8075748">
        <time>2018-10-03T12:12:47Z</time>
      </trkpt>
      <trkpt lat="26.9174594" lon="75.8075748">
        <time>2018-10-03T12:12:58Z</time>
      </trkpt>
      <trkpt lat="26.9174594" lon="75.8075748">
        <time>2018-10-03T12:13:09Z</time>
      </trkpt>
      <trkpt lat="26.9174594" lon="75.8075748">
        <time>2018-10-03T12:13:19Z</time>
      </trkpt>
      <trkpt lat="26.9174594" lon="75.8075748">
        <time>2018-10-03T12:13:30Z</time>
      </trkpt>
      <trkpt lat="26.9174641" lon="75.8075707">
        <time>2018-10-03T12:13:41Z</time>
      </trkpt>
      <trkpt lat="26.9174641" lon="75.8075707">
        <time>2018-10-03T12:13:52Z</time>
      </trkpt>
      <trkpt lat="26.9174641" lon="75.8075707">
        <time>2018-10-03T12:14:03Z</time>
      </trkpt>
      <trkpt lat="26.9174641" lon="75.8075707">
        <time>2018-10-03T12:14:13Z</time>
      </trkpt>
      <trkpt lat="26.9174641" lon="75.8075707">
        <time>2018-10-03T12:14:23Z</time>
      </trkpt>
      <trkpt lat="26.9174641" lon="75.8075707">
        <time>2018-10-03T12:14:34Z</time>
      </trkpt>
      <trkpt lat="26.9174641" lon="75.8075707">
        <time>2018-10-03T12:14:45Z</time>
      </trkpt>
      <trkpt lat="26.9174641" lon="75.8075707">
        <time>2018-10-03T12:14:55Z</time>
      </trkpt>
      <trkpt lat="26.9174641" lon="75.8075707">
        <time>2018-10-03T12:15:06Z</time>
      </trkpt>
      <trkpt lat="26.9174641" lon="75.8075707">
        <time>2018-10-03T12:15:16Z</time>
      </trkpt>
      <trkpt lat="26.9174641" lon="75.8075707">
        <time>2018-10-03T12:15:27Z</time>
      </trkpt>
      <trkpt lat="26.9174641" lon="75.8075707">
        <time>2018-10-03T12:15:38Z</time>
      </trkpt>
      <trkpt lat="26.9174641" lon="75.8075707">
        <time>2018-10-03T12:15:48Z</time>
      </trkpt>
      <trkpt lat="26.9174641" lon="75.8075707">
        <time>2018-10-03T12:15:59Z</time>
      </trkpt>
      <trkpt lat="26.9174641" lon="75.8075707">
        <time>2018-10-03T12:16:10Z</time>
      </trkpt>
      <trkpt lat="26.9174641" lon="75.8075707">
        <time>2018-10-03T12:16:21Z</time>
      </trkpt>
      <trkpt lat="26.9174641" lon="75.8075707">
        <time>2018-10-03T12:16:31Z</time>
      </trkpt>
      <trkpt lat="26.9174641" lon="75.8075707">
        <time>2018-10-03T12:16:42Z</time>
      </trkpt>
      <trkpt lat="26.9174641" lon="75.8075707">
        <time>2018-10-03T12:16:53Z</time>
      </trkpt>
      <trkpt lat="26.9174641" lon="75.8075707">
        <time>2018-10-03T12:17:03Z</time>
      </trkpt>
      <trkpt lat="26.9174641" lon="75.8075707">
        <time>2018-10-03T12:17:13Z</time>
      </trkpt>
      <trkpt lat="26.9174641" lon="75.8075707">
        <time>2018-10-03T12:17:23Z</time>
      </trkpt>
      <trkpt lat="26.9174641" lon="75.8075707">
        <time>2018-10-03T12:17:34Z</time>
      </trkpt>
      <trkpt lat="26.9174641" lon="75.8075707">
        <time>2018-10-03T12:17:45Z</time>
      </trkpt>
      <trkpt lat="26.9174641" lon="75.8075707">
        <time>2018-10-03T12:17:56Z</time>
      </trkpt>
      <trkpt lat="26.9174641" lon="75.8075707">
        <time>2018-10-03T12:18:07Z</time>
      </trkpt>
      <trkpt lat="26.9174641" lon="75.8075707">
        <time>2018-10-03T12:18:18Z</time>
      </trkpt>
      <trkpt lat="26.9174690" lon="75.8075741">
        <time>2018-10-03T12:18:29Z</time>
      </trkpt>
      <trkpt lat="26.9174748" lon="75.8075792">
        <time>2018-10-03T12:18:40Z</time>
      </trkpt>
      <trkpt lat="26.9174748" lon="75.8075792">
        <time>2018-10-03T12:18:51Z</time>
      </trkpt>
      <trkpt lat="26.9174748" lon="75.8075792">
        <time>2018-10-03T12:19:01Z</time>
      </trkpt>
      <trkpt lat="26.9174748" lon="75.8075792">
        <time>2018-10-03T12:19:11Z</time>
      </trkpt>
      <trkpt lat="26.9174748" lon="75.8075792">
        <time>2018-10-03T12:19:21Z</time>
      </trkpt>
      <trkpt lat="26.9174748" lon="75.8075792">
        <time>2018-10-03T12:19:31Z</time>
      </trkpt>
      <trkpt lat="26.9174748" lon="75.8075792">
        <time>2018-10-03T12:19:42Z</time>
      </trkpt>
      <trkpt lat="26.9174748" lon="75.8075792">
        <time>2018-10-03T12:19:52Z</time>
      </trkpt>
      <trkpt lat="26.9174748" lon="75.8075792">
        <time>2018-10-03T12:20:02Z</time>
      </trkpt>
      <trkpt lat="26.9174743" lon="75.8075829">
        <time>2018-10-03T12:20:13Z</time>
      </trkpt>
      <trkpt lat="26.9174739" lon="75.8075857">
        <time>2018-10-03T12:20:23Z</time>
      </trkpt>
      <trkpt lat="26.9174739" lon="75.8075857">
        <time>2018-10-03T12:20:34Z</time>
      </trkpt>
      <trkpt lat="26.9174739" lon="75.8075857">
        <time>2018-10-03T12:20:44Z</time>
      </trkpt>
      <trkpt lat="26.9174739" lon="75.8075857">
        <time>2018-10-03T12:20:55Z</time>
      </trkpt>
      <trkpt lat="26.9174739" lon="75.8075857">
        <time>2018-10-03T12:21:06Z</time>
      </trkpt>
      <trkpt lat="26.9174682" lon="75.8075932">
        <time>2018-10-03T12:21:16Z</time>
      </trkpt>
      <trkpt lat="26.9174682" lon="75.8075932">
        <time>2018-10-03T12:21:27Z</time>
      </trkpt>
      <trkpt lat="26.9174682" lon="75.8075932">
        <time>2018-10-03T12:21:37Z</time>
      </trkpt>
      <trkpt lat="26.9174682" lon="75.8075932">
        <time>2018-10-03T12:21:47Z</time>
      </trkpt>
      <trkpt lat="26.9174682" lon="75.8075932">
        <time>2018-10-03T12:21:57Z</time>
      </trkpt>
      <trkpt lat="26.9174682" lon="75.8075932">
        <time>2018-10-03T12:22:08Z</time>
      </trkpt>
      <trkpt lat="26.9174682" lon="75.8075932">
        <time>2018-10-03T12:22:18Z</time>
      </trkpt>
      <trkpt lat="26.9174682" lon="75.8075932">
        <time>2018-10-03T12:22:29Z</time>
      </trkpt>
      <trkpt lat="26.9174682" lon="75.8075932">
        <time>2018-10-03T12:22:39Z</time>
      </trkpt>
      <trkpt lat="26.9174682" lon="75.8075932">
        <time>2018-10-03T12:22:49Z</time>
      </trkpt>
      <trkpt lat="26.9174682" lon="75.8075932">
        <time>2018-10-03T12:22:59Z</time>
      </trkpt>
      <trkpt lat="26.9174682" lon="75.8075932">
        <time>2018-10-03T12:23:10Z</time>
      </trkpt>
      <trkpt lat="26.9174682" lon="75.8075932">
        <time>2018-10-03T12:23:21Z</time>
      </trkpt>
      <trkpt lat="26.9174682" lon="75.8075932">
        <time>2018-10-03T12:23:32Z</time>
      </trkpt>
      <trkpt lat="26.9174682" lon="75.8075932">
        <time>2018-10-03T12:23:43Z</time>
      </trkpt>
      <trkpt lat="26.9174682" lon="75.8075932">
        <time>2018-10-03T12:23:53Z</time>
      </trkpt>
      <trkpt lat="26.9174682" lon="75.8075932">
        <time>2018-10-03T12:24:04Z</time>
      </trkpt>
      <trkpt lat="26.9174682" lon="75.8075932">
        <time>2018-10-03T12:24:14Z</time>
      </trkpt>
      <trkpt lat="26.9174682" lon="75.8075932">
        <time>2018-10-03T12:24:24Z</time>
      </trkpt>
      <trkpt lat="26.9174682" lon="75.8075932">
        <time>2018-10-03T12:24:35Z</time>
      </trkpt>
      <trkpt lat="26.9174682" lon="75.8075932">
        <time>2018-10-03T12:24:45Z</time>
      </trkpt>
      <trkpt lat="26.9174682" lon="75.8075932">
        <time>2018-10-03T12:24:56Z</time>
      </trkpt>
      <trkpt lat="26.9174682" lon="75.8075932">
        <time>2018-10-03T12:25:06Z</time>
      </trkpt>
      <trkpt lat="26.9174682" lon="75.8075932">
        <time>2018-10-03T12:25:16Z</time>
      </trkpt>
      <trkpt lat="26.9174682" lon="75.8075932">
        <time>2018-10-03T12:25:27Z</time>
      </trkpt>
      <trkpt lat="26.9174682" lon="75.8075932">
        <time>2018-10-03T12:25:37Z</time>
      </trkpt>
      <trkpt lat="26.9174682" lon="75.8075932">
        <time>2018-10-03T12:25:48Z</time>
      </trkpt>
      <trkpt lat="26.9174682" lon="75.8075932">
        <time>2018-10-03T12:25:58Z</time>
      </trkpt>
      <trkpt lat="26.9174682" lon="75.8075932">
        <time>2018-10-03T12:26:08Z</time>
      </trkpt>
      <trkpt lat="26.9174682" lon="75.8075932">
        <time>2018-10-03T12:26:18Z</time>
      </trkpt>
      <trkpt lat="26.9174682" lon="75.8075932">
        <time>2018-10-03T12:26:28Z</time>
      </trkpt>
      <trkpt lat="26.9174682" lon="75.8075932">
        <time>2018-10-03T12:26:38Z</time>
      </trkpt>
      <trkpt lat="26.9174682" lon="75.8075932">
        <time>2018-10-03T12:26:50Z</time>
      </trkpt>
      <trkpt lat="26.9174682" lon="75.8075932">
        <time>2018-10-03T12:27:00Z</time>
      </trkpt>
      <trkpt lat="26.9174682" lon="75.8075932">
        <time>2018-10-03T12:27:11Z</time>
      </trkpt>
      <trkpt lat="26.9174682" lon="75.8075932">
        <time>2018-10-03T12:27:22Z</time>
      </trkpt>
      <trkpt lat="26.9174682" lon="75.8075932">
        <time>2018-10-03T12:27:32Z</time>
      </trkpt>
      <trkpt lat="26.9174682" lon="75.8075932">
        <time>2018-10-03T12:27:43Z</time>
      </trkpt>
      <trkpt lat="26.9174632" lon="75.8076190">
        <time>2018-10-03T12:27:53Z</time>
      </trkpt>
      <trkpt lat="26.9174375" lon="75.8076155">
        <time>2018-10-03T12:28:03Z</time>
      </trkpt>
      <trkpt lat="26.9174253" lon="75.8076082">
        <time>2018-10-03T12:28:13Z</time>
      </trkpt>
      <trkpt lat="26.9174418" lon="75.8075950">
        <time>2018-10-03T12:28:24Z</time>
      </trkpt>
      <trkpt lat="26.9174337" lon="75.8076059">
        <time>2018-10-03T12:28:34Z</time>
      </trkpt>
      <trkpt lat="26.9174369" lon="75.8076189">
        <time>2018-10-03T12:28:45Z</time>
      </trkpt>
      <trkpt lat="26.9174344" lon="75.8076164">
        <time>2018-10-03T12:28:55Z</time>
      </trkpt>
      <trkpt lat="26.9174344" lon="75.8076164">
        <time>2018-10-03T12:29:05Z</time>
      </trkpt>
      <trkpt lat="26.9174344" lon="75.8076164">
        <time>2018-10-03T12:29:15Z</time>
      </trkpt>
      <trkpt lat="26.9174001" lon="75.8076191">
        <time>2018-10-03T12:29:25Z</time>
      </trkpt>
      <trkpt lat="26.9174001" lon="75.8076191">
        <time>2018-10-03T12:29:36Z</time>
      </trkpt>
      <trkpt lat="26.9174001" lon="75.8076191">
        <time>2018-10-03T12:29:47Z</time>
      </trkpt>
      <trkpt lat="26.9174001" lon="75.8076191">
        <time>2018-10-03T12:29:57Z</time>
      </trkpt>
      <trkpt lat="26.9174001" lon="75.8076191">
        <time>2018-10-03T12:30:07Z</time>
      </trkpt>
      <trkpt lat="26.9174114" lon="75.8076315">
        <time>2018-10-03T12:30:18Z</time>
      </trkpt>
      <trkpt lat="26.9173480" lon="75.8076212">
        <time>2018-10-03T12:30:29Z</time>
      </trkpt>
      <trkpt lat="26.9174712" lon="75.8075775">
        <time>2018-10-03T12:30:39Z</time>
      </trkpt>
      <trkpt lat="26.9174829" lon="75.8075585">
        <time>2018-10-03T12:30:50Z</time>
      </trkpt>
      <trkpt lat="26.9174620" lon="75.8076009">
        <time>2018-10-03T12:31:00Z</time>
      </trkpt>
      <trkpt lat="26.9174620" lon="75.8076009">
        <time>2018-10-03T12:31:10Z</time>
      </trkpt>
      <trkpt lat="26.9174477" lon="75.8076153">
        <time>2018-10-03T12:31:21Z</time>
      </trkpt>
      <trkpt lat="26.9174410" lon="75.8076061">
        <time>2018-10-03T12:31:32Z</time>
      </trkpt>
      <trkpt lat="26.9174488" lon="75.8075740">
        <time>2018-10-03T12:31:42Z</time>
      </trkpt>
      <trkpt lat="26.9174488" lon="75.8075740">
        <time>2018-10-03T12:31:52Z</time>
      </trkpt>
      <trkpt lat="26.9174983" lon="75.8075532">
        <time>2018-10-03T12:32:03Z</time>
      </trkpt>
      <trkpt lat="26.9175024" lon="75.8075533">
        <time>2018-10-03T12:32:13Z</time>
      </trkpt>
      <trkpt lat="26.9175119" lon="75.8075928">
        <time>2018-10-03T12:32:23Z</time>
      </trkpt>
      <trkpt lat="26.9175223" lon="75.8075852">
        <time>2018-10-03T12:32:33Z</time>
      </trkpt>
      <trkpt lat="26.9175754" lon="75.8075858">
        <time>2018-10-03T12:32:43Z</time>
      </trkpt>
      <trkpt lat="26.9176884" lon="75.8076196">
        <time>2018-10-03T12:32:54Z</time>
      </trkpt>
      <trkpt lat="26.9178176" lon="75.8076504">
        <time>2018-10-03T12:33:05Z</time>
      </trkpt>
      <trkpt lat="26.9179309" lon="75.8076938">
        <time>2018-10-03T12:33:15Z</time>
      </trkpt>
      <trkpt lat="26.9180767" lon="75.8077369">
        <time>2018-10-03T12:33:26Z</time>
      </trkpt>
      <trkpt lat="26.9181714" lon="75.8077750">
        <time>2018-10-03T12:33:36Z</time>
      </trkpt>
      <trkpt lat="26.9182835" lon="75.8078216">
        <time>2018-10-03T12:33:46Z</time>
      </trkpt>
      <trkpt lat="26.9183856" lon="75.8078307">
        <time>2018-10-03T12:33:56Z</time>
      </trkpt>
      <trkpt lat="26.9184957" lon="75.8078460">
        <time>2018-10-03T12:34:07Z</time>
      </trkpt>
      <trkpt lat="26.9185224" lon="75.8077201">
        <time>2018-10-03T12:34:17Z</time>
      </trkpt>
      <trkpt lat="26.9185366" lon="75.8075735">
        <time>2018-10-03T12:34:28Z</time>
      </trkpt>
      <trkpt lat="26.9185508" lon="75.8074419">
        <time>2018-10-03T12:34:38Z</time>
      </trkpt>
      <trkpt lat="26.9185607" lon="75.8073210">
        <time>2018-10-03T12:34:48Z</time>
      </trkpt>
      <trkpt lat="26.9186185" lon="75.8071937">
        <time>2018-10-03T12:34:59Z</time>
      </trkpt>
      <trkpt lat="26.9186491" lon="75.8070735">
        <time>2018-10-03T12:35:09Z</time>
      </trkpt>
      <trkpt lat="26.9186279" lon="75.8070032">
        <time>2018-10-03T12:35:20Z</time>
      </trkpt>
      <trkpt lat="26.9186294" lon="75.8068817">
        <time>2018-10-03T12:35:31Z</time>
      </trkpt>
      <trkpt lat="26.9186506" lon="75.8067698">
        <time>2018-10-03T12:35:41Z</time>
      </trkpt>
      <trkpt lat="26.9186832" lon="75.8066181">
        <time>2018-10-03T12:35:52Z</time>
      </trkpt>
      <trkpt lat="26.9187262" lon="75.8065008">
        <time>2018-10-03T12:36:02Z</time>
      </trkpt>
      <trkpt lat="26.9187441" lon="75.8063680">
        <time>2018-10-03T12:36:13Z</time>
      </trkpt>
      <trkpt lat="26.9187660" lon="75.8062387">
        <time>2018-10-03T12:36:24Z</time>
      </trkpt>
      <trkpt lat="26.9187784" lon="75.8061388">
        <time>2018-10-03T12:36:34Z</time>
      </trkpt>
      <trkpt lat="26.9187932" lon="75.8060146">
        <time>2018-10-03T12:36:44Z</time>
      </trkpt>
      <trkpt lat="26.9188095" lon="75.8058730">
        <time>2018-10-03T12:36:55Z</time>
      </trkpt>
      <trkpt lat="26.9188442" lon="75.8057323">
        <time>2018-10-03T12:37:05Z</time>
      </trkpt>
      <trkpt lat="26.9188760" lon="75.8056052">
        <time>2018-10-03T12:37:15Z</time>
      </trkpt>
      <trkpt lat="26.9188984" lon="75.8054739">
        <time>2018-10-03T12:37:26Z</time>
      </trkpt>
      <trkpt lat="26.9189168" lon="75.8053585">
        <time>2018-10-03T12:37:37Z</time>
      </trkpt>
      <trkpt lat="26.9189331" lon="75.8052240">
        <time>2018-10-03T12:37:49Z</time>
      </trkpt>
      <trkpt lat="26.9189457" lon="75.8050757">
        <time>2018-10-03T12:37:59Z</time>
      </trkpt>
      <trkpt lat="26.9189640" lon="75.8049451">
        <time>2018-10-03T12:38:09Z</time>
      </trkpt>
      <trkpt lat="26.9190093" lon="75.8048126">
        <time>2018-10-03T12:38:20Z</time>
      </trkpt>
      <trkpt lat="26.9190578" lon="75.8046906">
        <time>2018-10-03T12:38:31Z</time>
      </trkpt>
      <trkpt lat="26.9190790" lon="75.8045944">
        <time>2018-10-03T12:38:41Z</time>
      </trkpt>
      <trkpt lat="26.9191010" lon="75.8044835">
        <time>2018-10-03T12:38:52Z</time>
      </trkpt>
      <trkpt lat="26.9191218" lon="75.8043391">
        <time>2018-10-03T12:39:03Z</time>
      </trkpt>
      <trkpt lat="26.9191448" lon="75.8042051">
        <time>2018-10-03T12:39:13Z</time>
      </trkpt>
      <trkpt lat="26.9191679" lon="75.8041122">
        <time>2018-10-03T12:39:23Z</time>
      </trkpt>
      <trkpt lat="26.9191474" lon="75.8040321">
        <time>2018-10-03T12:39:33Z</time>
      </trkpt>
      <trkpt lat="26.9190027" lon="75.8039671">
        <time>2018-10-03T12:39:44Z</time>
      </trkpt>
      <trkpt lat="26.9189499" lon="75.8039005">
        <time>2018-10-03T12:39:54Z</time>
      </trkpt>
      <trkpt lat="26.9189235" lon="75.8038235">
        <time>2018-10-03T12:40:05Z</time>
      </trkpt>
      <trkpt lat="26.9189512" lon="75.8036830">
        <time>2018-10-03T12:40:15Z</time>
      </trkpt>
      <trkpt lat="26.9189733" lon="75.8035636">
        <time>2018-10-03T12:40:25Z</time>
      </trkpt>
      <trkpt lat="26.9190027" lon="75.8034346">
        <time>2018-10-03T12:40:36Z</time>
      </trkpt>
      <trkpt lat="26.9190399" lon="75.8033495">
        <time>2018-10-03T12:40:46Z</time>
      </trkpt>
      <trkpt lat="26.9190720" lon="75.8032463">
        <time>2018-10-03T12:40:57Z</time>
      </trkpt>
      <trkpt lat="26.9191186" lon="75.8031067">
        <time>2018-10-03T12:41:08Z</time>
      </trkpt>
      <trkpt lat="26.9191508" lon="75.8030000">
        <time>2018-10-03T12:41:18Z</time>
      </trkpt>
      <trkpt lat="26.9191824" lon="75.8028855">
        <time>2018-10-03T12:41:28Z</time>
      </trkpt>
      <trkpt lat="26.9192129" lon="75.8027539">
        <time>2018-10-03T12:41:39Z</time>
      </trkpt>
      <trkpt lat="26.9192399" lon="75.8026932">
        <time>2018-10-03T12:41:49Z</time>
      </trkpt>
      <trkpt lat="26.9192780" lon="75.8025801">
        <time>2018-10-03T12:42:00Z</time>
      </trkpt>
      <trkpt lat="26.9193262" lon="75.8024399">
        <time>2018-10-03T12:42:11Z</time>
      </trkpt>
      <trkpt lat="26.9193809" lon="75.8023364">
        <time>2018-10-03T12:42:21Z</time>
      </trkpt>
      <trkpt lat="26.9194485" lon="75.8022296">
        <time>2018-10-03T12:42:32Z</time>
      </trkpt>
      <trkpt lat="26.9194703" lon="75.8021800">
        <time>2018-10-03T12:42:43Z</time>
      </trkpt>
      <trkpt lat="26.9193883" lon="75.8021765">
        <time>2018-10-03T12:42:53Z</time>
      </trkpt>
      <trkpt lat="26.9193605" lon="75.8020173">
        <time>2018-10-03T12:43:04Z</time>
      </trkpt>
      <trkpt lat="26.9192866" lon="75.8019502">
        <time>2018-10-03T12:43:15Z</time>
      </trkpt>
      <trkpt lat="26.9192069" lon="75.8019105">
        <time>2018-10-03T12:43:25Z</time>
      </trkpt>
      <trkpt lat="26.9190859" lon="75.8018763">
        <time>2018-10-03T12:43:36Z</time>
      </trkpt>
      <trkpt lat="26.9189361" lon="75.8018476">
        <time>2018-10-03T12:43:46Z</time>
      </trkpt>
      <trkpt lat="26.9187888" lon="75.8018082">
        <time>2018-10-03T12:43:57Z</time>
      </trkpt>
      <trkpt lat="26.9186773" lon="75.8017904">
        <time>2018-10-03T12:44:07Z</time>
      </trkpt>
      <trkpt lat="26.9185360" lon="75.8017356">
        <time>2018-10-03T12:44:18Z</time>
      </trkpt>
      <trkpt lat="26.9184127" lon="75.8017112">
        <time>2018-10-03T12:44:29Z</time>
      </trkpt>
      <trkpt lat="26.9182512" lon="75.8016572">
        <time>2018-10-03T12:44:39Z</time>
      </trkpt>
      <trkpt lat="26.9181027" lon="75.8016531">
        <time>2018-10-03T12:44:50Z</time>
      </trkpt>
      <trkpt lat="26.9180290" lon="75.8016013">
        <time>2018-10-03T12:45:00Z</time>
      </trkpt>
      <trkpt lat="26.9179793" lon="75.8014528">
        <time>2018-10-03T12:45:11Z</time>
      </trkpt>
      <trkpt lat="26.9180266" lon="75.8012811">
        <time>2018-10-03T12:45:21Z</time>
      </trkpt>
      <trkpt lat="26.9180354" lon="75.8011751">
        <time>2018-10-03T12:45:31Z</time>
      </trkpt>
      <trkpt lat="26.9180450" lon="75.8011728">
        <time>2018-10-03T12:45:42Z</time>
      </trkpt>
      <trkpt lat="26.9180450" lon="75.8011728">
        <time>2018-10-03T12:45:53Z</time>
      </trkpt>
      <trkpt lat="26.9180450" lon="75.8011728">
        <time>2018-10-03T12:46:03Z</time>
      </trkpt>
      <trkpt lat="26.9180450" lon="75.8011728">
        <time>2018-10-03T12:46:14Z</time>
      </trkpt>
      <trkpt lat="26.9179646" lon="75.8011682">
        <time>2018-10-03T12:46:25Z</time>
      </trkpt>
      <trkpt lat="26.9178477" lon="75.8011275">
        <time>2018-10-03T12:46:35Z</time>
      </trkpt>
      <trkpt lat="26.9177277" lon="75.8011163">
        <time>2018-10-03T12:46:45Z</time>
      </trkpt>
      <trkpt lat="26.9175994" lon="75.8011589">
        <time>2018-10-03T12:46:56Z</time>
      </trkpt>
      <trkpt lat="26.9174768" lon="75.8011424">
        <time>2018-10-03T12:47:07Z</time>
      </trkpt>
      <trkpt lat="26.9173717" lon="75.8010614">
        <time>2018-10-03T12:47:17Z</time>
      </trkpt>
      <trkpt lat="26.9172484" lon="75.8010134">
        <time>2018-10-03T12:47:28Z</time>
      </trkpt>
      <trkpt lat="26.9171971" lon="75.8009456">
        <time>2018-10-03T12:47:38Z</time>
      </trkpt>
      <trkpt lat="26.9171178" lon="75.8008384">
        <time>2018-10-03T12:47:48Z</time>
      </trkpt>
      <trkpt lat="26.9170182" lon="75.8007280">
        <time>2018-10-03T12:47:59Z</time>
      </trkpt>
      <trkpt lat="26.9169558" lon="75.8005969">
        <time>2018-10-03T12:48:09Z</time>
      </trkpt>
      <trkpt lat="26.9169078" lon="75.8004877">
        <time>2018-10-03T12:48:20Z</time>
      </trkpt>
      <trkpt lat="26.9169091" lon="75.8003907">
        <time>2018-10-03T12:48:31Z</time>
      </trkpt>
      <trkpt lat="26.9169588" lon="75.8003523">
        <time>2018-10-03T12:48:41Z</time>
      </trkpt>
      <trkpt lat="26.9170133" lon="75.8004070">
        <time>2018-10-03T12:48:52Z</time>
      </trkpt>
      <trkpt lat="26.9170608" lon="75.8005894">
        <time>2018-10-03T12:54:46Z</time>
      </trkpt>
      <trkpt lat="26.9170254" lon="75.8006126">
        <time>2018-10-03T12:54:56Z</time>
      </trkpt>
      <trkpt lat="26.9170247" lon="75.8006226">
        <time>2018-10-03T12:55:07Z</time>
      </trkpt>
      <trkpt lat="26.9170569" lon="75.8004974">
        <time>2018-10-03T12:55:17Z</time>
      </trkpt>
      <trkpt lat="26.9170285" lon="75.8004948">
        <time>2018-10-03T12:55:27Z</time>
      </trkpt>
      <trkpt lat="26.9170296" lon="75.8004765">
        <time>2018-10-03T12:55:38Z</time>
      </trkpt>
      <trkpt lat="26.9170204" lon="75.8004695">
        <time>2018-10-03T12:55:48Z</time>
      </trkpt>
      <trkpt lat="26.9170709" lon="75.8004625">
        <time>2018-10-03T12:55:59Z</time>
      </trkpt>
      <trkpt lat="26.9170648" lon="75.8005022">
        <time>2018-10-03T12:56:09Z</time>
      </trkpt>
      <trkpt lat="26.9170312" lon="75.8004250">
        <time>2018-10-03T12:56:20Z</time>
      </trkpt>
      <trkpt lat="26.9170667" lon="75.8004586">
        <time>2018-10-03T12:56:30Z</time>
      </trkpt>
      <trkpt lat="26.9170809" lon="75.8004416">
        <time>2018-10-03T12:56:41Z</time>
      </trkpt>
      <trkpt lat="26.9171331" lon="75.8004269">
        <time>2018-10-03T12:56:52Z</time>
      </trkpt>
      <trkpt lat="26.9170973" lon="75.8002872">
        <time>2018-10-03T12:57:07Z</time>
      </trkpt>
    </trkseg>
    <trkseg>
      <trkpt lat="26.9169222" lon="75.8006462">
        <time>2018-10-03T13:04:20Z</time>
      </trkpt>
      <trkpt lat="26.9170737" lon="75.8005576">
        <time>2018-10-03T13:06:50Z</time>
      </trkpt>
      <trkpt lat="26.9170440" lon="75.8005130">
        <time>2018-10-03T13:07:00Z</time>
      </trkpt>
      <trkpt lat="26.9170393" lon="75.8004909">
        <time>2018-10-03T13:07:11Z</time>
      </trkpt>
      <trkpt lat="26.9170305" lon="75.8005439">
        <time>2018-10-03T13:07:21Z</time>
      </trkpt>
      <trkpt lat="26.9170122" lon="75.8005757">
        <time>2018-10-03T13:07:31Z</time>
      </trkpt>
      <trkpt lat="26.9170387" lon="75.8005905">
        <time>2018-10-03T13:07:42Z</time>
      </trkpt>
      <trkpt lat="26.9170324" lon="75.8005508">
        <time>2018-10-03T13:07:52Z</time>
      </trkpt>
      <trkpt lat="26.9170028" lon="75.8005550">
        <time>2018-10-03T13:08:02Z</time>
      </trkpt>
      <trkpt lat="26.9170012" lon="75.8005731">
        <time>2018-10-03T13:08:12Z</time>
      </trkpt>
      <trkpt lat="26.9169749" lon="75.8006270">
        <time>2018-10-03T13:08:22Z</time>
      </trkpt>
      <trkpt lat="26.9169824" lon="75.8006221">
        <time>2018-10-03T13:08:33Z</time>
      </trkpt>
      <trkpt lat="26.9170012" lon="75.8006590">
        <time>2018-10-03T13:08:43Z</time>
      </trkpt>
      <trkpt lat="26.9170055" lon="75.8006482">
        <time>2018-10-03T13:08:54Z</time>
      </trkpt>
      <trkpt lat="26.9170098" lon="75.8005948">
        <time>2018-10-03T13:09:04Z</time>
      </trkpt>
      <trkpt lat="26.9169784" lon="75.8005443">
        <time>2018-10-03T13:09:14Z</time>
      </trkpt>
      <trkpt lat="26.9169766" lon="75.8003687">
        <time>2018-10-03T13:09:25Z</time>
      </trkpt>
      <trkpt lat="26.9169631" lon="75.8002499">
        <time>2018-10-03T13:09:36Z</time>
      </trkpt>
      <trkpt lat="26.9169265" lon="75.8002427">
        <time>2018-10-03T13:09:54Z</time>
      </trkpt>
      <trkpt lat="26.9168825" lon="75.8000650">
        <time>2018-10-03T13:10:04Z</time>
      </trkpt>
      <trkpt lat="26.9168739" lon="75.8001236">
        <time>2018-10-03T13:10:15Z</time>
      </trkpt>
      <trkpt lat="26.9168592" lon="75.8001103">
        <time>2018-10-03T13:10:26Z</time>
      </trkpt>
      <trkpt lat="26.9169153" lon="75.8002515">
        <time>2018-10-03T13:10:37Z</time>
      </trkpt>
      <trkpt lat="26.9169502" lon="75.8003131">
        <time>2018-10-03T13:10:48Z</time>
      </trkpt>
      <trkpt lat="26.9170047" lon="75.8002955">
        <time>2018-10-03T13:11:00Z</time>
      </trkpt>
      <trkpt lat="26.9170334" lon="75.8004369">
        <time>2018-10-03T13:11:11Z</time>
      </trkpt>
      <trkpt lat="26.9170421" lon="75.8004771">
        <time>2018-10-03T13:11:24Z</time>
      </trkpt>
      <trkpt lat="26.9170141" lon="75.8006165">
        <time>2018-10-03T13:11:35Z</time>
      </trkpt>
      <trkpt lat="26.9170177" lon="75.8005078">
        <time>2018-10-03T13:11:45Z</time>
      </trkpt>
      <trkpt lat="26.9170304" lon="75.8005089">
        <time>2018-10-03T13:11:56Z</time>
      </trkpt>
      <trkpt lat="26.9170339" lon="75.8004936">
        <time>2018-10-03T13:12:07Z</time>
      </trkpt>
      <trkpt lat="26.9170176" lon="75.8004728">
        <time>2018-10-03T13:12:17Z</time>
      </trkpt>
      <trkpt lat="26.9170158" lon="75.8004935">
        <time>2018-10-03T13:12:28Z</time>
      </trkpt>
      <trkpt lat="26.9170528" lon="75.8004828">
        <time>2018-10-03T13:12:39Z</time>
      </trkpt>
      <trkpt lat="26.9170831" lon="75.8004444">
        <time>2018-10-03T13:12:49Z</time>
      </trkpt>
      <trkpt lat="26.9170834" lon="75.8004642">
        <time>2018-10-03T13:13:00Z</time>
      </trkpt>
      <trkpt lat="26.9171113" lon="75.8005375">
        <time>2018-10-03T13:13:11Z</time>
      </trkpt>
      <trkpt lat="26.9170800" lon="75.8004819">
        <time>2018-10-03T13:13:21Z</time>
      </trkpt>
      <trkpt lat="26.9170276" lon="75.8004016">
        <time>2018-10-03T13:13:32Z</time>
      </trkpt>
      <trkpt lat="26.9171298" lon="75.8001857">
        <time>2018-10-03T13:14:22Z</time>
      </trkpt>
      <trkpt lat="26.9168449" lon="75.8003193">
        <time>2018-10-03T13:14:48Z</time>
      </trkpt>
      <trkpt lat="26.9171250" lon="75.8002212">
        <time>2018-10-03T13:15:03Z</time>
      </trkpt>
      <trkpt lat="26.9171933" lon="75.8002515">
        <time>2018-10-03T13:15:14Z</time>
      </trkpt>
      <trkpt lat="26.9170696" lon="75.8003497">
        <time>2018-10-03T13:15:25Z</time>
      </trkpt>
      <trkpt lat="26.9170620" lon="75.8004190">
        <time>2018-10-03T13:15:35Z</time>
      </trkpt>
      <trkpt lat="26.9170267" lon="75.8004507">
        <time>2018-10-03T13:15:45Z</time>
      </trkpt>
      <trkpt lat="26.9170204" lon="75.8004648">
        <time>2018-10-03T13:15:55Z</time>
      </trkpt>
      <trkpt lat="26.9169470" lon="75.8004278">
        <time>2018-10-03T13:16:05Z</time>
      </trkpt>
      <trkpt lat="26.9169403" lon="75.8005245">
        <time>2018-10-03T13:16:16Z</time>
      </trkpt>
      <trkpt lat="26.9170223" lon="75.8006098">
        <time>2018-10-03T13:16:26Z</time>
      </trkpt>
      <trkpt lat="26.9170908" lon="75.8006867">
        <time>2018-10-03T13:16:37Z</time>
      </trkpt>
      <trkpt lat="26.9171443" lon="75.8008093">
        <time>2018-10-03T13:16:47Z</time>
      </trkpt>
      <trkpt lat="26.9172157" lon="75.8008412">
        <time>2018-10-03T13:16:58Z</time>
      </trkpt>
      <trkpt lat="26.9172157" lon="75.8008412">
        <time>2018-10-03T13:17:09Z</time>
      </trkpt>
      <trkpt lat="26.9172157" lon="75.8008412">
        <time>2018-10-03T13:17:19Z</time>
      </trkpt>
      <trkpt lat="26.9172157" lon="75.8008412">
        <time>2018-10-03T13:17:30Z</time>
      </trkpt>
      <trkpt lat="26.9172157" lon="75.8008412">
        <time>2018-10-03T13:17:40Z</time>
      </trkpt>
      <trkpt lat="26.9172157" lon="75.8008412">
        <time>2018-10-03T13:17:51Z</time>
      </trkpt>
      <trkpt lat="26.9171733" lon="75.8009946">
        <time>2018-10-03T13:18:01Z</time>
      </trkpt>
      <trkpt lat="26.9172303" lon="75.8011285">
        <time>2018-10-03T13:18:12Z</time>
      </trkpt>
      <trkpt lat="26.9173798" lon="75.8011844">
        <time>2018-10-03T13:18:23Z</time>
      </trkpt>
      <trkpt lat="26.9175007" lon="75.8012317">
        <time>2018-10-03T13:18:33Z</time>
      </trkpt>
      <trkpt lat="26.9176204" lon="75.8013232">
        <time>2018-10-03T13:18:44Z</time>
      </trkpt>
      <trkpt lat="26.9177185" lon="75.8013952">
        <time>2018-10-03T13:18:54Z</time>
      </trkpt>
      <trkpt lat="26.9178269" lon="75.8014608">
        <time>2018-10-03T13:19:05Z</time>
      </trkpt>
      <trkpt lat="26.9179258" lon="75.8014763">
        <time>2018-10-03T13:19:15Z</time>
      </trkpt>
      <trkpt lat="26.9178660" lon="75.8015719">
        <time>2018-10-03T13:19:26Z</time>
      </trkpt>
      <trkpt lat="26.9178104" lon="75.8016762">
        <time>2018-10-03T13:19:37Z</time>
      </trkpt>
      <trkpt lat="26.9177956" lon="75.8018112">
        <time>2018-10-03T13:19:48Z</time>
      </trkpt>
      <trkpt lat="26.9177233" lon="75.8019541">
        <time>2018-10-03T13:19:58Z</time>
      </trkpt>
      <trkpt lat="26.9176642" lon="75.8021246">
        <time>2018-10-03T13:20:08Z</time>
      </trkpt>
      <trkpt lat="26.9176454" lon="75.8022780">
        <time>2018-10-03T13:20:19Z</time>
      </trkpt>
      <trkpt lat="26.9175828" lon="75.8023934">
        <time>2018-10-03T13:20:29Z</time>
      </trkpt>
      <trkpt lat="26.9174954" lon="75.8024911">
        <time>2018-10-03T13:20:40Z</time>
      </trkpt>
      <trkpt lat="26.9174305" lon="75.8025912">
        <time>2018-10-03T13:20:50Z</time>
      </trkpt>
      <trkpt lat="26.9173995" lon="75.8027238">
        <time>2018-10-03T13:21:00Z</time>
      </trkpt>
      <trkpt lat="26.9173371" lon="75.8028319">
        <time>2018-10-03T13:21:10Z</time>
      </trkpt>
      <trkpt lat="26.9173302" lon="75.8029576">
        <time>2018-10-03T13:21:21Z</time>
      </trkpt>
      <trkpt lat="26.9172924" lon="75.8031112">
        <time>2018-10-03T13:21:32Z</time>
      </trkpt>
      <trkpt lat="26.9172937" lon="75.8032550">
        <time>2018-10-03T13:21:42Z</time>
      </trkpt>
      <trkpt lat="26.9172766" lon="75.8033806">
        <time>2018-10-03T13:21:53Z</time>
      </trkpt>
      <trkpt lat="26.9172367" lon="75.8035290">
        <time>2018-10-03T13:22:04Z</time>
      </trkpt>
      <trkpt lat="26.9172080" lon="75.8036745">
        <time>2018-10-03T13:22:14Z</time>
      </trkpt>
      <trkpt lat="26.9171972" lon="75.8038242">
        <time>2018-10-03T13:22:25Z</time>
      </trkpt>
      <trkpt lat="26.9171623" lon="75.8039423">
        <time>2018-10-03T13:22:35Z</time>
      </trkpt>
      <trkpt lat="26.9171375" lon="75.8040556">
        <time>2018-10-03T13:22:45Z</time>
      </trkpt>
      <trkpt lat="26.9171220" lon="75.8042062">
        <time>2018-10-03T13:22:56Z</time>
      </trkpt>
      <trkpt lat="26.9170680" lon="75.8043411">
        <time>2018-10-03T13:23:07Z</time>
      </trkpt>
      <trkpt lat="26.9171574" lon="75.8044496">
        <time>2018-10-03T13:23:17Z</time>
      </trkpt>
      <trkpt lat="26.9172476" lon="75.8044781">
        <time>2018-10-03T13:23:27Z</time>
      </trkpt>
      <trkpt lat="26.9173834" lon="75.8045277">
        <time>2018-10-03T13:23:38Z</time>
      </trkpt>
      <trkpt lat="26.9174939" lon="75.8045445">
        <time>2018-10-03T13:23:49Z</time>
      </trkpt>
      <trkpt lat="26.9175874" lon="75.8045683">
        <time>2018-10-03T13:23:59Z</time>
      </trkpt>
      <trkpt lat="26.9176834" lon="75.8045955">
        <time>2018-10-03T13:24:09Z</time>
      </trkpt>
      <trkpt lat="26.9177870" lon="75.8046001">
        <time>2018-10-03T13:24:19Z</time>
      </trkpt>
      <trkpt lat="26.9179021" lon="75.8046339">
        <time>2018-10-03T13:24:30Z</time>
      </trkpt>
      <trkpt lat="26.9179994" lon="75.8046526">
        <time>2018-10-03T13:24:40Z</time>
      </trkpt>
      <trkpt lat="26.9181250" lon="75.8046729">
        <time>2018-10-03T13:24:51Z</time>
      </trkpt>
      <trkpt lat="26.9182417" lon="75.8046890">
        <time>2018-10-03T13:25:01Z</time>
      </trkpt>
      <trkpt lat="26.9183564" lon="75.8047136">
        <time>2018-10-03T13:25:11Z</time>
      </trkpt>
      <trkpt lat="26.9184817" lon="75.8047212">
        <time>2018-10-03T13:25:22Z</time>
      </trkpt>
      <trkpt lat="26.9185650" lon="75.8047525">
        <time>2018-10-03T13:25:32Z</time>
      </trkpt>
      <trkpt lat="26.9186493" lon="75.8047624">
        <time>2018-10-03T13:25:43Z</time>
      </trkpt>
      <trkpt lat="26.9186644" lon="75.8047639">
        <time>2018-10-03T13:25:54Z</time>
      </trkpt>
      <trkpt lat="26.9186783" lon="75.8047570">
        <time>2018-10-03T13:26:04Z</time>
      </trkpt>
      <trkpt lat="26.9186870" lon="75.8047563">
        <time>2018-10-03T13:26:15Z</time>
      </trkpt>
      <trkpt lat="26.9187006" lon="75.8047938">
        <time>2018-10-03T13:26:26Z</time>
      </trkpt>
      <trkpt lat="26.9187952" lon="75.8048103">
        <time>2018-10-03T13:26:36Z</time>
      </trkpt>
      <trkpt lat="26.9189523" lon="75.8048214">
        <time>2018-10-03T13:26:47Z</time>
      </trkpt>
      <trkpt lat="26.9190370" lon="75.8048904">
        <time>2018-10-03T13:26:57Z</time>
      </trkpt>
      <trkpt lat="26.9190101" lon="75.8050459">
        <time>2018-10-03T13:27:07Z</time>
      </trkpt>
      <trkpt lat="26.9189681" lon="75.8051611">
        <time>2018-10-03T13:27:17Z</time>
      </trkpt>
      <trkpt lat="26.9189386" lon="75.8052983">
        <time>2018-10-03T13:27:27Z</time>
      </trkpt>
      <trkpt lat="26.9189021" lon="75.8054516">
        <time>2018-10-03T13:27:38Z</time>
      </trkpt>
      <trkpt lat="26.9188920" lon="75.8056025">
        <time>2018-10-03T13:27:49Z</time>
      </trkpt>
      <trkpt lat="26.9188614" lon="75.8057331">
        <time>2018-10-03T13:27:59Z</time>
      </trkpt>
      <trkpt lat="26.9188344" lon="75.8059037">
        <time>2018-10-03T13:28:10Z</time>
      </trkpt>
      <trkpt lat="26.9188432" lon="75.8060335">
        <time>2018-10-03T13:28:21Z</time>
      </trkpt>
      <trkpt lat="26.9188056" lon="75.8061685">
        <time>2018-10-03T13:28:31Z</time>
      </trkpt>
      <trkpt lat="26.9188018" lon="75.8063034">
        <time>2018-10-03T13:28:42Z</time>
      </trkpt>
      <trkpt lat="26.9187569" lon="75.8064678">
        <time>2018-10-03T13:28:53Z</time>
      </trkpt>
      <trkpt lat="26.9187284" lon="75.8066314">
        <time>2018-10-03T13:29:03Z</time>
      </trkpt>
      <trkpt lat="26.9187311" lon="75.8067675">
        <time>2018-10-03T13:29:14Z</time>
      </trkpt>
      <trkpt lat="26.9187552" lon="75.8068758">
        <time>2018-10-03T13:29:24Z</time>
      </trkpt>
      <trkpt lat="26.9187513" lon="75.8070267">
        <time>2018-10-03T13:29:34Z</time>
      </trkpt>
      <trkpt lat="26.9186441" lon="75.8071795">
        <time>2018-10-03T13:29:44Z</time>
      </trkpt>
      <trkpt lat="26.9186286" lon="75.8073119">
        <time>2018-10-03T13:29:55Z</time>
      </trkpt>
      <trkpt lat="26.9185861" lon="75.8074991">
        <time>2018-10-03T13:30:06Z</time>
      </trkpt>
      <trkpt lat="26.9185444" lon="75.8076815">
        <time>2018-10-03T13:30:18Z</time>
      </trkpt>
      <trkpt lat="26.9185177" lon="75.8078575">
        <time>2018-10-03T13:30:28Z</time>
      </trkpt>
      <trkpt lat="26.9184278" lon="75.8078501">
        <time>2018-10-03T13:30:38Z</time>
      </trkpt>
      <trkpt lat="26.9183173" lon="75.8078214">
        <time>2018-10-03T13:30:48Z</time>
      </trkpt>
      <trkpt lat="26.9181704" lon="75.8077801">
        <time>2018-10-03T13:30:58Z</time>
      </trkpt>
      <trkpt lat="26.9180504" lon="75.8077614">
        <time>2018-10-03T13:31:09Z</time>
      </trkpt>
      <trkpt lat="26.9179101" lon="75.8077103">
        <time>2018-10-03T13:31:20Z</time>
      </trkpt>
      <trkpt lat="26.9177777" lon="75.8076838">
        <time>2018-10-03T13:31:30Z</time>
      </trkpt>
      <trkpt lat="26.9176291" lon="75.8076329">
        <time>2018-10-03T13:31:41Z</time>
      </trkpt>
      <trkpt lat="26.9175748" lon="75.8076130">
        <time>2018-10-03T13:31:52Z</time>
      </trkpt>
      <trkpt lat="26.9175600" lon="75.8075647">
        <time>2018-10-03T13:32:02Z</time>
      </trkpt>
      <trkpt lat="26.9175370" lon="75.8075593">
        <time>2018-10-03T13:32:13Z</time>
      </trkpt>
      <trkpt lat="26.9175096" lon="75.8075656">
        <time>2018-10-03T13:32:24Z</time>
      </trkpt>
      <trkpt lat="26.9175030" lon="75.8076023">
        <time>2018-10-03T13:32:34Z</time>
      </trkpt>
      <trkpt lat="26.9174917" lon="75.8076272">
        <time>2018-10-03T13:32:44Z</time>
      </trkpt>
      <trkpt lat="26.9174576" lon="75.8076561">
        <time>2018-10-03T13:32:54Z</time>
      </trkpt>
      <trkpt lat="26.9174621" lon="75.8076600">
        <time>2018-10-03T13:33:05Z</time>
      </trkpt>
      <trkpt lat="26.9174682" lon="75.8076690">
        <time>2018-10-03T13:33:16Z</time>
      </trkpt>
      <trkpt lat="26.9174682" lon="75.8076690">
        <time>2018-10-03T13:33:26Z</time>
      </trkpt>
      <trkpt lat="26.9174900" lon="75.8076579">
        <time>2018-10-03T13:33:36Z</time>
      </trkpt>
      <trkpt lat="26.9174900" lon="75.8076579">
        <time>2018-10-03T13:33:46Z</time>
      </trkpt>
      <trkpt lat="26.9174900" lon="75.8076579">
        <time>2018-10-03T13:33:56Z</time>
      </trkpt>
      <trkpt lat="26.9174900" lon="75.8076579">
        <time>2018-10-03T13:34:06Z</time>
      </trkpt>
      <trkpt lat="26.9174900" lon="75.8076579">
        <time>2018-10-03T13:34:17Z</time>
      </trkpt>
      <trkpt lat="26.9174900" lon="75.8076579">
        <time>2018-10-03T13:34:27Z</time>
      </trkpt>
      <trkpt lat="26.9174900" lon="75.8076579">
        <time>2018-10-03T13:34:38Z</time>
      </trkpt>
      <trkpt lat="26.9174900" lon="75.8076579">
        <time>2018-10-03T13:34:48Z</time>
      </trkpt>
      <trkpt lat="26.9174900" lon="75.8076579">
        <time>2018-10-03T13:34:59Z</time>
      </trkpt>
      <trkpt lat="26.9174900" lon="75.8076579">
        <time>2018-10-03T13:35:10Z</time>
      </trkpt>
      <trkpt lat="26.9174900" lon="75.8076579">
        <time>2018-10-03T13:35:21Z</time>
      </trkpt>
      <trkpt lat="26.9174900" lon="75.8076579">
        <time>2018-10-03T13:35:31Z</time>
      </trkpt>
      <trkpt lat="26.9174900" lon="75.8076579">
        <time>2018-10-03T13:35:42Z</time>
      </trkpt>
      <trkpt lat="26.9174825" lon="75.8076832">
        <time>2018-10-03T13:35:52Z</time>
      </trkpt>
      <trkpt lat="26.9174831" lon="75.8076837">
        <time>2018-10-03T13:36:02Z</time>
      </trkpt>
      <trkpt lat="26.9174831" lon="75.8076837">
        <time>2018-10-03T13:36:13Z</time>
      </trkpt>
      <trkpt lat="26.9174702" lon="75.8076682">
        <time>2018-10-03T13:36:24Z</time>
      </trkpt>
      <trkpt lat="26.9174675" lon="75.8076821">
        <time>2018-10-03T13:36:35Z</time>
      </trkpt>
      <trkpt lat="26.9174758" lon="75.8076656">
        <time>2018-10-03T13:36:45Z</time>
      </trkpt>
      <trkpt lat="26.9174758" lon="75.8076656">
        <time>2018-10-03T13:36:55Z</time>
      </trkpt>
    </trkseg>
  </trk>
  <trk>
    <trkseg>
      <trkpt lat="26.8977883" lon="75.8219266">
        <time>2018-10-12T14:39:14Z</time>
      </trkpt>
      <trkpt lat="26.8988981" lon="75.8166903">
        <time>2018-10-12T14:39:25Z</time>
      </trkpt>
      <trkpt lat="26.8988981" lon="75.8166903">
        <time>2018-10-12T14:39:35Z</time>
      </trkpt>
      <trkpt lat="26.8988981" lon="75.8166903">
        <time>2018-10-12T14:39:45Z</time>
      </trkpt>
      <trkpt lat="26.8988981" lon="75.8166903">
        <time>2018-10-12T14:39:55Z</time>
      </trkpt>
      <trkpt lat="26.8988981" lon="75.8166903">
        <time>2018-10-12T14:40:05Z</time>
      </trkpt>
      <trkpt lat="26.8989216" lon="75.8164156">
        <time>2018-10-12T14:40:16Z</time>
      </trkpt>
      <trkpt lat="26.8995556" lon="75.8163288">
        <time>2018-10-12T14:40:27Z</time>
      </trkpt>
      <trkpt lat="26.9005708" lon="75.8165736">
        <time>2018-10-12T14:40:37Z</time>
      </trkpt>
      <trkpt lat="26.9016420" lon="75.8168559">
        <time>2018-10-12T14:40:47Z</time>
      </trkpt>
      <trkpt lat="26.9028183" lon="75.8171640">
        <time>2018-10-12T14:40:58Z</time>
      </trkpt>
      <trkpt lat="26.9039195" lon="75.8174463">
        <time>2018-10-12T14:41:08Z</time>
      </trkpt>
      <trkpt lat="26.9046877" lon="75.8176324">
        <time>2018-10-12T14:41:19Z</time>
      </trkpt>
      <trkpt lat="26.9054303" lon="75.8178311">
        <time>2018-10-12T14:41:29Z</time>
      </trkpt>
      <trkpt lat="26.9063391" lon="75.8180766">
        <time>2018-10-12T14:41:39Z</time>
      </trkpt>
      <trkpt lat="26.9074356" lon="75.8183590">
        <time>2018-10-12T14:41:49Z</time>
      </trkpt>
      <trkpt lat="26.9080261" lon="75.8182936">
        <time>2018-10-12T14:41:59Z</time>
      </trkpt>
      <trkpt lat="26.9081276" lon="75.8175448">
        <time>2018-10-12T14:42:10Z</time>
      </trkpt>
      <trkpt lat="26.9082599" lon="75.8167495">
        <time>2018-10-12T14:42:21Z</time>
      </trkpt>
      <trkpt lat="26.9083819" lon="75.8159883">
        <time>2018-10-12T14:42:32Z</time>
      </trkpt>
      <trkpt lat="26.9084610" lon="75.8155664">
        <time>2018-10-12T14:42:42Z</time>
      </trkpt>
      <trkpt lat="26.9084577" lon="75.8155640">
        <time>2018-10-12T14:42:52Z</time>
      </trkpt>
      <trkpt lat="26.9084577" lon="75.8155640">
        <time>2018-10-12T14:43:03Z</time>
      </trkpt>
      <trkpt lat="26.9084577" lon="75.8155640">
        <time>2018-10-12T14:43:13Z</time>
      </trkpt>
      <trkpt lat="26.9086245" lon="75.8153431">
        <time>2018-10-12T14:43:24Z</time>
      </trkpt>
      <trkpt lat="26.9093137" lon="75.8153950">
        <time>2018-10-12T14:43:34Z</time>
      </trkpt>
      <trkpt lat="26.9104289" lon="75.8155074">
        <time>2018-10-12T14:43:45Z</time>
      </trkpt>
      <trkpt lat="26.9114234" lon="75.8157506">
        <time>2018-10-12T14:43:55Z</time>
      </trkpt>
      <trkpt lat="26.9121198" lon="75.8158037">
        <time>2018-10-12T14:44:06Z</time>
      </trkpt>
      <trkpt lat="26.9124918" lon="75.8152694">
        <time>2018-10-12T14:44:16Z</time>
      </trkpt>
      <trkpt lat="26.9127060" lon="75.8142472">
        <time>2018-10-12T14:44:27Z</time>
      </trkpt>
      <trkpt lat="26.9129638" lon="75.8129953">
        <time>2018-10-12T14:44:38Z</time>
      </trkpt>
      <trkpt lat="26.9131686" lon="75.8119523">
        <time>2018-10-12T14:44:49Z</time>
      </trkpt>
      <trkpt lat="26.9133498" lon="75.8112156">
        <time>2018-10-12T14:44:59Z</time>
      </trkpt>
      <trkpt lat="26.9135458" lon="75.8104045">
        <time>2018-10-12T14:45:10Z</time>
      </trkpt>
      <trkpt lat="26.9137288" lon="75.8094209">
        <time>2018-10-12T14:45:21Z</time>
      </trkpt>
      <trkpt lat="26.9138247" lon="75.8089748">
        <time>2018-10-12T14:45:32Z</time>
      </trkpt>
      <trkpt lat="26.9138247" lon="75.8089748">
        <time>2018-10-12T14:45:42Z</time>
      </trkpt>
      <trkpt lat="26.9138247" lon="75.8089748">
        <time>2018-10-12T14:45:53Z</time>
      </trkpt>
      <trkpt lat="26.9138215" lon="75.8089733">
        <time>2018-10-12T14:46:04Z</time>
      </trkpt>
      <trkpt lat="26.9138336" lon="75.8089507">
        <time>2018-10-12T14:46:14Z</time>
      </trkpt>
      <trkpt lat="26.9139521" lon="75.8086679">
        <time>2018-10-12T14:46:24Z</time>
      </trkpt>
      <trkpt lat="26.9146180" lon="75.8089566">
        <time>2018-10-12T14:46:35Z</time>
      </trkpt>
      <trkpt lat="26.9151735" lon="75.8092781">
        <time>2018-10-12T14:46:46Z</time>
      </trkpt>
      <trkpt lat="26.9156805" lon="75.8094808">
        <time>2018-10-12T14:46:57Z</time>
      </trkpt>
      <trkpt lat="26.9159482" lon="75.8096255">
        <time>2018-10-12T14:47:07Z</time>
      </trkpt>
      <trkpt lat="26.9164810" lon="75.8098943">
        <time>2018-10-12T14:47:18Z</time>
      </trkpt>
      <trkpt lat="26.9167035" lon="75.8100113">
        <time>2018-10-12T14:47:28Z</time>
      </trkpt>
      <trkpt lat="26.9169195" lon="75.8100484">
        <time>2018-10-12T14:47:40Z</time>
      </trkpt>
      <trkpt lat="26.9171233" lon="75.8100701">
        <time>2018-10-12T14:47:51Z</time>
      </trkpt>
      <trkpt lat="26.9173103" lon="75.8101310">
        <time>2018-10-12T14:48:02Z</time>
      </trkpt>
      <trkpt lat="26.9175821" lon="75.8101989">
        <time>2018-10-12T14:48:12Z</time>
      </trkpt>
      <trkpt lat="26.9179206" lon="75.8103067">
        <time>2018-10-12T14:48:22Z</time>
      </trkpt>
      <trkpt lat="26.9181191" lon="75.8101998">
        <time>2018-10-12T14:48:33Z</time>
      </trkpt>
      <trkpt lat="26.9181486" lon="75.8100144">
        <time>2018-10-12T14:48:43Z</time>
      </trkpt>
      <trkpt lat="26.9181718" lon="75.8098879">
        <time>2018-10-12T14:48:53Z</time>
      </trkpt>
      <trkpt lat="26.9182457" lon="75.8094261">
        <time>2018-10-12T14:49:05Z</time>
      </trkpt>
      <trkpt lat="26.9183605" lon="75.8089236">
        <time>2018-10-12T14:49:16Z</time>
      </trkpt>
      <trkpt lat="26.9184418" lon="75.8085052">
        <time>2018-10-12T14:49:27Z</time>
      </trkpt>
      <trkpt lat="26.9184693" lon="75.8082782">
        <time>2018-10-12T14:49:37Z</time>
      </trkpt>
      <trkpt lat="26.9185296" lon="75.8079953">
        <time>2018-10-12T14:49:47Z</time>
      </trkpt>
      <trkpt lat="26.9183450" lon="75.8078111">
        <time>2018-10-12T14:49:58Z</time>
      </trkpt>
      <trkpt lat="26.9180051" lon="75.8077285">
        <time>2018-10-12T14:50:08Z</time>
      </trkpt>
      <trkpt lat="26.9176806" lon="75.8075896">
        <time>2018-10-12T14:50:19Z</time>
      </trkpt>
      <trkpt lat="26.9176507" lon="75.8075926">
        <time>2018-10-12T14:50:29Z</time>
      </trkpt>
      <trkpt lat="26.9176507" lon="75.8075926">
        <time>2018-10-12T14:50:40Z</time>
      </trkpt>
      <trkpt lat="26.9176507" lon="75.8075926">
        <time>2018-10-12T14:50:50Z</time>
      </trkpt>
      <trkpt lat="26.9176507" lon="75.8075926">
        <time>2018-10-12T14:51:01Z</time>
      </trkpt>
      <trkpt lat="26.9176352" lon="75.8075985">
        <time>2018-10-12T14:51:12Z</time>
      </trkpt>
      <trkpt lat="26.9176258" lon="75.8076100">
        <time>2018-10-12T14:51:22Z</time>
      </trkpt>
      <trkpt lat="26.9176402" lon="75.8075961">
        <time>2018-10-12T14:51:32Z</time>
      </trkpt>
      <trkpt lat="26.9176402" lon="75.8075961">
        <time>2018-10-12T14:51:43Z</time>
      </trkpt>
      <trkpt lat="26.9176208" lon="75.8075845">
        <time>2018-10-12T14:51:54Z</time>
      </trkpt>
      <trkpt lat="26.9175990" lon="75.8076141">
        <time>2018-10-12T14:52:04Z</time>
      </trkpt>
      <trkpt lat="26.9176051" lon="75.8075997">
        <time>2018-10-12T14:52:15Z</time>
      </trkpt>
      <trkpt lat="26.9175772" lon="75.8075863">
        <time>2018-10-12T14:52:26Z</time>
      </trkpt>
      <trkpt lat="26.9175628" lon="75.8075673">
        <time>2018-10-12T14:52:37Z</time>
      </trkpt>
      <trkpt lat="26.9175406" lon="75.8075255">
        <time>2018-10-12T14:52:48Z</time>
      </trkpt>
      <trkpt lat="26.9175171" lon="75.8075878">
        <time>2018-10-12T14:52:58Z</time>
      </trkpt>
      <trkpt lat="26.9174420" lon="75.8075993">
        <time>2018-10-12T14:53:09Z</time>
      </trkpt>
      <trkpt lat="26.9173975" lon="75.8075978">
        <time>2018-10-12T14:53:20Z</time>
      </trkpt>
      <trkpt lat="26.9174144" lon="75.8075958">
        <time>2018-10-12T14:53:31Z</time>
      </trkpt>
      <trkpt lat="26.9173954" lon="75.8075378">
        <time>2018-10-12T14:53:42Z</time>
      </trkpt>
      <trkpt lat="26.9173818" lon="75.8075135">
        <time>2018-10-12T14:53:52Z</time>
      </trkpt>
      <trkpt lat="26.9173818" lon="75.8075135">
        <time>2018-10-12T14:54:03Z</time>
      </trkpt>
      <trkpt lat="26.9173818" lon="75.8075135">
        <time>2018-10-12T14:54:13Z</time>
      </trkpt>
      <trkpt lat="26.9173686" lon="75.8075468">
        <time>2018-10-12T14:54:23Z</time>
      </trkpt>
      <trkpt lat="26.9173686" lon="75.8075471">
        <time>2018-10-12T14:54:34Z</time>
      </trkpt>
      <trkpt lat="26.9173686" lon="75.8075471">
        <time>2018-10-12T14:54:44Z</time>
      </trkpt>
      <trkpt lat="26.9173686" lon="75.8075471">
        <time>2018-10-12T14:54:54Z</time>
      </trkpt>
      <trkpt lat="26.9173686" lon="75.8075471">
        <time>2018-10-12T14:55:05Z</time>
      </trkpt>
      <trkpt lat="26.9173686" lon="75.8075471">
        <time>2018-10-12T14:55:16Z</time>
      </trkpt>
      <trkpt lat="26.9173686" lon="75.8075471">
        <time>2018-10-12T14:55:26Z</time>
      </trkpt>
      <trkpt lat="26.9173686" lon="75.8075471">
        <time>2018-10-12T14:55:36Z</time>
      </trkpt>
      <trkpt lat="26.9173686" lon="75.8075471">
        <time>2018-10-12T14:55:46Z</time>
      </trkpt>
      <trkpt lat="26.9173686" lon="75.8075471">
        <time>2018-10-12T14:55:57Z</time>
      </trkpt>
      <trkpt lat="26.9173686" lon="75.8075471">
        <time>2018-10-12T14:56:07Z</time>
      </trkpt>
      <trkpt lat="26.9173686" lon="75.8075471">
        <time>2018-10-12T14:56:18Z</time>
      </trkpt>
      <trkpt lat="26.9173686" lon="75.8075471">
        <time>2018-10-12T14:56:28Z</time>
      </trkpt>
      <trkpt lat="26.9173686" lon="75.8075471">
        <time>2018-10-12T14:56:39Z</time>
      </trkpt>
      <trkpt lat="26.9173686" lon="75.8075471">
        <time>2018-10-12T14:56:50Z</time>
      </trkpt>
      <trkpt lat="26.9173686" lon="75.8075471">
        <time>2018-10-12T14:57:01Z</time>
      </trkpt>
      <trkpt lat="26.9173686" lon="75.8075471">
        <time>2018-10-12T14:57:11Z</time>
      </trkpt>
      <trkpt lat="26.9173686" lon="75.8075471">
        <time>2018-10-12T14:57:21Z</time>
      </trkpt>
      <trkpt lat="26.9173686" lon="75.8075471">
        <time>2018-10-12T14:57:32Z</time>
      </trkpt>
      <trkpt lat="26.9173686" lon="75.8075471">
        <time>2018-10-12T14:57:43Z</time>
      </trkpt>
      <trkpt lat="26.9173686" lon="75.8075471">
        <time>2018-10-12T14:57:53Z</time>
      </trkpt>
      <trkpt lat="26.9173686" lon="75.8075471">
        <time>2018-10-12T14:58:04Z</time>
      </trkpt>
      <trkpt lat="26.9173686" lon="75.8075471">
        <time>2018-10-12T14:58:14Z</time>
      </trkpt>
      <trkpt lat="26.9173686" lon="75.8075471">
        <time>2018-10-12T14:58:25Z</time>
      </trkpt>
      <trkpt lat="26.9173686" lon="75.8075471">
        <time>2018-10-12T14:58:36Z</time>
      </trkpt>
      <trkpt lat="26.9173702" lon="75.8075679">
        <time>2018-10-12T14:58:46Z</time>
      </trkpt>
      <trkpt lat="26.9173700" lon="75.8075721">
        <time>2018-10-12T14:58:57Z</time>
      </trkpt>
      <trkpt lat="26.9173700" lon="75.8075721">
        <time>2018-10-12T14:59:07Z</time>
      </trkpt>
      <trkpt lat="26.9173700" lon="75.8075721">
        <time>2018-10-12T14:59:18Z</time>
      </trkpt>
      <trkpt lat="26.9173700" lon="75.8075721">
        <time>2018-10-12T14:59:29Z</time>
      </trkpt>
      <trkpt lat="26.9173700" lon="75.8075721">
        <time>2018-10-12T14:59:39Z</time>
      </trkpt>
      <trkpt lat="26.9173703" lon="75.8075801">
        <time>2018-10-12T14:59:50Z</time>
      </trkpt>
      <trkpt lat="26.9173704" lon="75.8075802">
        <time>2018-10-12T15:00:00Z</time>
      </trkpt>
      <trkpt lat="26.9173721" lon="75.8075852">
        <time>2018-10-12T15:00:11Z</time>
      </trkpt>
      <trkpt lat="26.9173734" lon="75.8075891">
        <time>2018-10-12T15:00:21Z</time>
      </trkpt>
      <trkpt lat="26.9173734" lon="75.8075892">
        <time>2018-10-12T15:00:32Z</time>
      </trkpt>
      <trkpt lat="26.9173734" lon="75.8075892">
        <time>2018-10-12T15:00:42Z</time>
      </trkpt>
      <trkpt lat="26.9173734" lon="75.8075892">
        <time>2018-10-12T15:00:52Z</time>
      </trkpt>
      <trkpt lat="26.9173734" lon="75.8075892">
        <time>2018-10-12T15:01:02Z</time>
      </trkpt>
      <trkpt lat="26.9173734" lon="75.8075892">
        <time>2018-10-12T15:01:12Z</time>
      </trkpt>
      <trkpt lat="26.9173734" lon="75.8075892">
        <time>2018-10-12T15:01:22Z</time>
      </trkpt>
      <trkpt lat="26.9173734" lon="75.8075892">
        <time>2018-10-12T15:01:33Z</time>
      </trkpt>
      <trkpt lat="26.9173734" lon="75.8075892">
        <time>2018-10-12T15:01:44Z</time>
      </trkpt>
      <trkpt lat="26.9173807" lon="75.8076079">
        <time>2018-10-12T15:01:54Z</time>
      </trkpt>
      <trkpt lat="26.9173901" lon="75.8076161">
        <time>2018-10-12T15:02:05Z</time>
      </trkpt>
      <trkpt lat="26.9173901" lon="75.8076161">
        <time>2018-10-12T15:02:16Z</time>
      </trkpt>
      <trkpt lat="26.9173901" lon="75.8076161">
        <time>2018-10-12T15:02:26Z</time>
      </trkpt>
      <trkpt lat="26.9173901" lon="75.8076161">
        <time>2018-10-12T15:02:36Z</time>
      </trkpt>
      <trkpt lat="26.9173901" lon="75.8076161">
        <time>2018-10-12T15:02:46Z</time>
      </trkpt>
      <trkpt lat="26.9173901" lon="75.8076161">
        <time>2018-10-12T15:02:57Z</time>
      </trkpt>
      <trkpt lat="26.9173901" lon="75.8076161">
        <time>2018-10-12T15:03:07Z</time>
      </trkpt>
      <trkpt lat="26.9173901" lon="75.8076161">
        <time>2018-10-12T15:03:18Z</time>
      </trkpt>
      <trkpt lat="26.9173901" lon="75.8076161">
        <time>2018-10-12T15:03:28Z</time>
      </trkpt>
      <trkpt lat="26.9173901" lon="75.8076161">
        <time>2018-10-12T15:03:39Z</time>
      </trkpt>
      <trkpt lat="26.9173901" lon="75.8076161">
        <time>2018-10-12T15:03:50Z</time>
      </trkpt>
      <trkpt lat="26.9173901" lon="75.8076161">
        <time>2018-10-12T15:04:00Z</time>
      </trkpt>
      <trkpt lat="26.9173901" lon="75.8076161">
        <time>2018-10-12T15:04:10Z</time>
      </trkpt>
      <trkpt lat="26.9173901" lon="75.8076161">
        <time>2018-10-12T15:04:21Z</time>
      </trkpt>
      <trkpt lat="26.9173901" lon="75.8076161">
        <time>2018-10-12T15:04:32Z</time>
      </trkpt>
      <trkpt lat="26.9173901" lon="75.8076161">
        <time>2018-10-12T15:04:42Z</time>
      </trkpt>
      <trkpt lat="26.9173901" lon="75.8076161">
        <time>2018-10-12T15:04:53Z</time>
      </trkpt>
      <trkpt lat="26.9173906" lon="75.8076149">
        <time>2018-10-12T15:05:03Z</time>
      </trkpt>
      <trkpt lat="26.9173906" lon="75.8076149">
        <time>2018-10-12T15:05:14Z</time>
      </trkpt>
      <trkpt lat="26.9173906" lon="75.8076149">
        <time>2018-10-12T15:05:24Z</time>
      </trkpt>
      <trkpt lat="26.9173906" lon="75.8076149">
        <time>2018-10-12T15:05:35Z</time>
      </trkpt>
      <trkpt lat="26.9173906" lon="75.8076149">
        <time>2018-10-12T15:05:45Z</time>
      </trkpt>
      <trkpt lat="26.9173906" lon="75.8076149">
        <time>2018-10-12T15:05:56Z</time>
      </trkpt>
      <trkpt lat="26.9173906" lon="75.8076149">
        <time>2018-10-12T15:06:06Z</time>
      </trkpt>
      <trkpt lat="26.9173906" lon="75.8076149">
        <time>2018-10-12T15:06:17Z</time>
      </trkpt>
      <trkpt lat="26.9173906" lon="75.8076149">
        <time>2018-10-12T15:06:27Z</time>
      </trkpt>
      <trkpt lat="26.9173906" lon="75.8076149">
        <time>2018-10-12T15:06:37Z</time>
      </trkpt>
      <trkpt lat="26.9173906" lon="75.8076149">
        <time>2018-10-12T15:06:47Z</time>
      </trkpt>
      <trkpt lat="26.9173895" lon="75.8076141">
        <time>2018-10-12T15:06:58Z</time>
      </trkpt>
      <trkpt lat="26.9173889" lon="75.8076137">
        <time>2018-10-12T15:07:09Z</time>
      </trkpt>
      <trkpt lat="26.9173888" lon="75.8076136">
        <time>2018-10-12T15:07:20Z</time>
      </trkpt>
      <trkpt lat="26.9173872" lon="75.8076144">
        <time>2018-10-12T15:07:31Z</time>
      </trkpt>
      <trkpt lat="26.9173825" lon="75.8076140">
        <time>2018-10-12T15:07:41Z</time>
      </trkpt>
      <trkpt lat="26.9173825" lon="75.8076140">
        <time>2018-10-12T15:07:52Z</time>
      </trkpt>
      <trkpt lat="26.9173825" lon="75.8076140">
        <time>2018-10-12T15:08:03Z</time>
      </trkpt>
      <trkpt lat="26.9173825" lon="75.8076140">
        <time>2018-10-12T15:08:14Z</time>
      </trkpt>
      <trkpt lat="26.9173825" lon="75.8076140">
        <time>2018-10-12T15:08:25Z</time>
      </trkpt>
      <trkpt lat="26.9173825" lon="75.8076140">
        <time>2018-10-12T15:08:35Z</time>
      </trkpt>
      <trkpt lat="26.9173825" lon="75.8076140">
        <time>2018-10-12T15:08:46Z</time>
      </trkpt>
      <trkpt lat="26.9173825" lon="75.8076140">
        <time>2018-10-12T15:08:57Z</time>
      </trkpt>
      <trkpt lat="26.9173713" lon="75.8075945">
        <time>2018-10-12T15:09:07Z</time>
      </trkpt>
      <trkpt lat="26.9173713" lon="75.8075939">
        <time>2018-10-12T15:09:18Z</time>
      </trkpt>
      <trkpt lat="26.9173706" lon="75.8075870">
        <time>2018-10-12T15:09:28Z</time>
      </trkpt>
      <trkpt lat="26.9173708" lon="75.8075867">
        <time>2018-10-12T15:09:39Z</time>
      </trkpt>
      <trkpt lat="26.9173708" lon="75.8075867">
        <time>2018-10-12T15:09:50Z</time>
      </trkpt>
      <trkpt lat="26.9173708" lon="75.8075867">
        <time>2018-10-12T15:10:01Z</time>
      </trkpt>
      <trkpt lat="26.9173708" lon="75.8075867">
        <time>2018-10-12T15:10:12Z</time>
      </trkpt>
      <trkpt lat="26.9173708" lon="75.8075867">
        <time>2018-10-12T15:10:22Z</time>
      </trkpt>
      <trkpt lat="26.9173708" lon="75.8075867">
        <time>2018-10-12T15:10:33Z</time>
      </trkpt>
      <trkpt lat="26.9173708" lon="75.8075867">
        <time>2018-10-12T15:10:44Z</time>
      </trkpt>
      <trkpt lat="26.9173708" lon="75.8075867">
        <time>2018-10-12T15:10:55Z</time>
      </trkpt>
      <trkpt lat="26.9173671" lon="75.8075795">
        <time>2018-10-12T15:11:05Z</time>
      </trkpt>
      <trkpt lat="26.9173672" lon="75.8075801">
        <time>2018-10-12T15:11:16Z</time>
      </trkpt>
      <trkpt lat="26.9173672" lon="75.8075801">
        <time>2018-10-12T15:11:26Z</time>
      </trkpt>
      <trkpt lat="26.9173679" lon="75.8075821">
        <time>2018-10-12T15:11:36Z</time>
      </trkpt>
      <trkpt lat="26.9173679" lon="75.8075821">
        <time>2018-10-12T15:11:47Z</time>
      </trkpt>
      <trkpt lat="26.9173679" lon="75.8075821">
        <time>2018-10-12T15:11:57Z</time>
      </trkpt>
      <trkpt lat="26.9173672" lon="75.8075813">
        <time>2018-10-12T15:12:08Z</time>
      </trkpt>
      <trkpt lat="26.9173672" lon="75.8075813">
        <time>2018-10-12T15:12:19Z</time>
      </trkpt>
      <trkpt lat="26.9173672" lon="75.8075813">
        <time>2018-10-12T15:12:29Z</time>
      </trkpt>
      <trkpt lat="26.9173672" lon="75.8075813">
        <time>2018-10-12T15:12:40Z</time>
      </trkpt>
      <trkpt lat="26.9173672" lon="75.8075813">
        <time>2018-10-12T15:12:50Z</time>
      </trkpt>
      <trkpt lat="26.9173672" lon="75.8075813">
        <time>2018-10-12T15:13:01Z</time>
      </trkpt>
      <trkpt lat="26.9173672" lon="75.8075813">
        <time>2018-10-12T15:13:11Z</time>
      </trkpt>
      <trkpt lat="26.9173672" lon="75.8075813">
        <time>2018-10-12T15:13:22Z</time>
      </trkpt>
      <trkpt lat="26.9173672" lon="75.8075813">
        <time>2018-10-12T15:13:32Z</time>
      </trkpt>
      <trkpt lat="26.9173672" lon="75.8075813">
        <time>2018-10-12T15:13:43Z</time>
      </trkpt>
      <trkpt lat="26.9173672" lon="75.8075813">
        <time>2018-10-12T15:13:54Z</time>
      </trkpt>
      <trkpt lat="26.9173672" lon="75.8075813">
        <time>2018-10-12T15:14:05Z</time>
      </trkpt>
      <trkpt lat="26.9173672" lon="75.8075813">
        <time>2018-10-12T15:14:15Z</time>
      </trkpt>
      <trkpt lat="26.9173672" lon="75.8075813">
        <time>2018-10-12T15:14:26Z</time>
      </trkpt>
      <trkpt lat="26.9173672" lon="75.8075813">
        <time>2018-10-12T15:14:37Z</time>
      </trkpt>
      <trkpt lat="26.9173672" lon="75.8075813">
        <time>2018-10-12T15:14:47Z</time>
      </trkpt>
      <trkpt lat="26.9173672" lon="75.8075813">
        <time>2018-10-12T15:14:58Z</time>
      </trkpt>
      <trkpt lat="26.9173672" lon="75.8075813">
        <time>2018-10-12T15:15:08Z</time>
      </trkpt>
      <trkpt lat="26.9173672" lon="75.8075813">
        <time>2018-10-12T15:15:19Z</time>
      </trkpt>
      <trkpt lat="26.9173672" lon="75.8075813">
        <time>2018-10-12T15:15:30Z</time>
      </trkpt>
      <trkpt lat="26.9173672" lon="75.8075813">
        <time>2018-10-12T15:15:41Z</time>
      </trkpt>
      <trkpt lat="26.9173672" lon="75.8075813">
        <time>2018-10-12T15:15:51Z</time>
      </trkpt>
      <trkpt lat="26.9173672" lon="75.8075813">
        <time>2018-10-12T15:16:02Z</time>
      </trkpt>
      <trkpt lat="26.9173672" lon="75.8075813">
        <time>2018-10-12T15:16:12Z</time>
      </trkpt>
      <trkpt lat="26.9173672" lon="75.8075813">
        <time>2018-10-12T15:16:23Z</time>
      </trkpt>
      <trkpt lat="26.9173672" lon="75.8075813">
        <time>2018-10-12T15:16:33Z</time>
      </trkpt>
      <trkpt lat="26.9173672" lon="75.8075813">
        <time>2018-10-12T15:16:43Z</time>
      </trkpt>
      <trkpt lat="26.9173672" lon="75.8075813">
        <time>2018-10-12T15:16:54Z</time>
      </trkpt>
      <trkpt lat="26.9173672" lon="75.8075813">
        <time>2018-10-12T15:17:04Z</time>
      </trkpt>
      <trkpt lat="26.9173672" lon="75.8075813">
        <time>2018-10-12T15:17:15Z</time>
      </trkpt>
      <trkpt lat="26.9173672" lon="75.8075813">
        <time>2018-10-12T15:17:26Z</time>
      </trkpt>
      <trkpt lat="26.9173672" lon="75.8075813">
        <time>2018-10-12T15:17:37Z</time>
      </trkpt>
      <trkpt lat="26.9173672" lon="75.8075813">
        <time>2018-10-12T15:17:48Z</time>
      </trkpt>
      <trkpt lat="26.9173672" lon="75.8075813">
        <time>2018-10-12T15:17:59Z</time>
      </trkpt>
      <trkpt lat="26.9173672" lon="75.8075813">
        <time>2018-10-12T15:18:09Z</time>
      </trkpt>
      <trkpt lat="26.9173672" lon="75.8075813">
        <time>2018-10-12T15:18:20Z</time>
      </trkpt>
      <trkpt lat="26.9173672" lon="75.8075813">
        <time>2018-10-12T15:18:31Z</time>
      </trkpt>
      <trkpt lat="26.9173672" lon="75.8075813">
        <time>2018-10-12T15:18:41Z</time>
      </trkpt>
      <trkpt lat="26.9173672" lon="75.8075813">
        <time>2018-10-12T15:18:51Z</time>
      </trkpt>
      <trkpt lat="26.9173672" lon="75.8075813">
        <time>2018-10-12T15:19:01Z</time>
      </trkpt>
      <trkpt lat="26.9173672" lon="75.8075813">
        <time>2018-10-12T15:19:11Z</time>
      </trkpt>
      <trkpt lat="26.9173672" lon="75.8075813">
        <time>2018-10-12T15:19:22Z</time>
      </trkpt>
      <trkpt lat="26.9173672" lon="75.8075813">
        <time>2018-10-12T15:19:32Z</time>
      </trkpt>
      <trkpt lat="26.9173672" lon="75.8075813">
        <time>2018-10-12T15:19:43Z</time>
      </trkpt>
      <trkpt lat="26.9173672" lon="75.8075813">
        <time>2018-10-12T15:19:53Z</time>
      </trkpt>
      <trkpt lat="26.9173672" lon="75.8075813">
        <time>2018-10-12T15:20:04Z</time>
      </trkpt>
      <trkpt lat="26.9173672" lon="75.8075813">
        <time>2018-10-12T15:20:15Z</time>
      </trkpt>
      <trkpt lat="26.9173672" lon="75.8075813">
        <time>2018-10-12T15:20:25Z</time>
      </trkpt>
      <trkpt lat="26.9173728" lon="75.8076036">
        <time>2018-10-12T15:20:35Z</time>
      </trkpt>
      <trkpt lat="26.9173728" lon="75.8076036">
        <time>2018-10-12T15:20:46Z</time>
      </trkpt>
      <trkpt lat="26.9173728" lon="75.8076036">
        <time>2018-10-12T15:20:56Z</time>
      </trkpt>
      <trkpt lat="26.9173728" lon="75.8076036">
        <time>2018-10-12T15:21:07Z</time>
      </trkpt>
      <trkpt lat="26.9173728" lon="75.8076036">
        <time>2018-10-12T15:21:17Z</time>
      </trkpt>
      <trkpt lat="26.9173728" lon="75.8076036">
        <time>2018-10-12T15:21:27Z</time>
      </trkpt>
      <trkpt lat="26.9173728" lon="75.8076036">
        <time>2018-10-12T15:21:38Z</time>
      </trkpt>
      <trkpt lat="26.9173728" lon="75.8076036">
        <time>2018-10-12T15:21:48Z</time>
      </trkpt>
      <trkpt lat="26.9173728" lon="75.8076036">
        <time>2018-10-12T15:21:59Z</time>
      </trkpt>
      <trkpt lat="26.9173721" lon="75.8075974">
        <time>2018-10-12T15:22:09Z</time>
      </trkpt>
      <trkpt lat="26.9173723" lon="75.8075972">
        <time>2018-10-12T15:22:20Z</time>
      </trkpt>
      <trkpt lat="26.9173723" lon="75.8075972">
        <time>2018-10-12T15:22:30Z</time>
      </trkpt>
      <trkpt lat="26.9173723" lon="75.8075972">
        <time>2018-10-12T15:22:41Z</time>
      </trkpt>
      <trkpt lat="26.9173723" lon="75.8075972">
        <time>2018-10-12T15:22:52Z</time>
      </trkpt>
      <trkpt lat="26.9173723" lon="75.8075972">
        <time>2018-10-12T15:23:02Z</time>
      </trkpt>
      <trkpt lat="26.9173723" lon="75.8075972">
        <time>2018-10-12T15:23:14Z</time>
      </trkpt>
      <trkpt lat="26.9173723" lon="75.8075972">
        <time>2018-10-12T15:23:24Z</time>
      </trkpt>
      <trkpt lat="26.9173723" lon="75.8075972">
        <time>2018-10-12T15:23:34Z</time>
      </trkpt>
      <trkpt lat="26.9173723" lon="75.8075972">
        <time>2018-10-12T15:23:45Z</time>
      </trkpt>
      <trkpt lat="26.9173723" lon="75.8075972">
        <time>2018-10-12T15:23:56Z</time>
      </trkpt>
      <trkpt lat="26.9173723" lon="75.8075972">
        <time>2018-10-12T15:24:06Z</time>
      </trkpt>
      <trkpt lat="26.9173723" lon="75.8075972">
        <time>2018-10-12T15:24:17Z</time>
      </trkpt>
      <trkpt lat="26.9173723" lon="75.8075972">
        <time>2018-10-12T15:24:28Z</time>
      </trkpt>
      <trkpt lat="26.9173358" lon="75.8075730">
        <time>2018-10-12T15:24:38Z</time>
      </trkpt>
      <trkpt lat="26.9173358" lon="75.8075730">
        <time>2018-10-12T15:24:49Z</time>
      </trkpt>
      <trkpt lat="26.9173358" lon="75.8075730">
        <time>2018-10-12T15:24:59Z</time>
      </trkpt>
      <trkpt lat="26.9173358" lon="75.8075730">
        <time>2018-10-12T15:25:09Z</time>
      </trkpt>
      <trkpt lat="26.9173358" lon="75.8075730">
        <time>2018-10-12T15:25:19Z</time>
      </trkpt>
      <trkpt lat="26.9173358" lon="75.8075730">
        <time>2018-10-12T15:25:30Z</time>
      </trkpt>
      <trkpt lat="26.9173358" lon="75.8075730">
        <time>2018-10-12T15:25:41Z</time>
      </trkpt>
      <trkpt lat="26.9173358" lon="75.8075730">
        <time>2018-10-12T15:25:51Z</time>
      </trkpt>
      <trkpt lat="26.9173358" lon="75.8075730">
        <time>2018-10-12T15:26:01Z</time>
      </trkpt>
      <trkpt lat="26.9173358" lon="75.8075730">
        <time>2018-10-12T15:26:12Z</time>
      </trkpt>
      <trkpt lat="26.9173348" lon="75.8075688">
        <time>2018-10-12T15:26:23Z</time>
      </trkpt>
      <trkpt lat="26.9173347" lon="75.8075633">
        <time>2018-10-12T15:26:34Z</time>
      </trkpt>
      <trkpt lat="26.9173348" lon="75.8075616">
        <time>2018-10-12T15:26:44Z</time>
      </trkpt>
      <trkpt lat="26.9173355" lon="75.8075612">
        <time>2018-10-12T15:26:55Z</time>
      </trkpt>
      <trkpt lat="26.9173376" lon="75.8075623">
        <time>2018-10-12T15:27:06Z</time>
      </trkpt>
      <trkpt lat="26.9173376" lon="75.8075623">
        <time>2018-10-12T15:27:17Z</time>
      </trkpt>
      <trkpt lat="26.9173376" lon="75.8075623">
        <time>2018-10-12T15:27:28Z</time>
      </trkpt>
      <trkpt lat="26.9173376" lon="75.8075623">
        <time>2018-10-12T15:27:38Z</time>
      </trkpt>
      <trkpt lat="26.9173376" lon="75.8075623">
        <time>2018-10-12T15:27:48Z</time>
      </trkpt>
      <trkpt lat="26.9173376" lon="75.8075623">
        <time>2018-10-12T15:27:59Z</time>
      </trkpt>
      <trkpt lat="26.9173376" lon="75.8075623">
        <time>2018-10-12T15:28:10Z</time>
      </trkpt>
      <trkpt lat="26.9173376" lon="75.8075623">
        <time>2018-10-12T15:28:21Z</time>
      </trkpt>
      <trkpt lat="26.9173376" lon="75.8075623">
        <time>2018-10-12T15:28:31Z</time>
      </trkpt>
      <trkpt lat="26.9173376" lon="75.8075623">
        <time>2018-10-12T15:28:42Z</time>
      </trkpt>
      <trkpt lat="26.9173376" lon="75.8075623">
        <time>2018-10-12T15:28:52Z</time>
      </trkpt>
      <trkpt lat="26.9173376" lon="75.8075623">
        <time>2018-10-12T15:29:02Z</time>
      </trkpt>
      <trkpt lat="26.9173376" lon="75.8075623">
        <time>2018-10-12T15:29:12Z</time>
      </trkpt>
      <trkpt lat="26.9173376" lon="75.8075623">
        <time>2018-10-12T15:29:23Z</time>
      </trkpt>
      <trkpt lat="26.9173376" lon="75.8075623">
        <time>2018-10-12T15:29:34Z</time>
      </trkpt>
      <trkpt lat="26.9173376" lon="75.8075623">
        <time>2018-10-12T15:29:44Z</time>
      </trkpt>
      <trkpt lat="26.9173376" lon="75.8075623">
        <time>2018-10-12T15:29:55Z</time>
      </trkpt>
      <trkpt lat="26.9173376" lon="75.8075623">
        <time>2018-10-12T15:30:05Z</time>
      </trkpt>
      <trkpt lat="26.9173376" lon="75.8075623">
        <time>2018-10-12T15:30:15Z</time>
      </trkpt>
      <trkpt lat="26.9173376" lon="75.8075623">
        <time>2018-10-12T15:30:26Z</time>
      </trkpt>
      <trkpt lat="26.9173376" lon="75.8075623">
        <time>2018-10-12T15:30:36Z</time>
      </trkpt>
      <trkpt lat="26.9173376" lon="75.8075623">
        <time>2018-10-12T15:30:47Z</time>
      </trkpt>
      <trkpt lat="26.9173376" lon="75.8075623">
        <time>2018-10-12T15:30:57Z</time>
      </trkpt>
      <trkpt lat="26.9173376" lon="75.8075623">
        <time>2018-10-12T15:31:08Z</time>
      </trkpt>
      <trkpt lat="26.9173376" lon="75.8075623">
        <time>2018-10-12T15:31:19Z</time>
      </trkpt>
      <trkpt lat="26.9173506" lon="75.8075337">
        <time>2018-10-12T15:31:30Z</time>
      </trkpt>
      <trkpt lat="26.9173506" lon="75.8075337">
        <time>2018-10-12T15:31:41Z</time>
      </trkpt>
      <trkpt lat="26.9173468" lon="75.8075223">
        <time>2018-10-12T15:31:51Z</time>
      </trkpt>
      <trkpt lat="26.9173468" lon="75.8075223">
        <time>2018-10-12T15:32:02Z</time>
      </trkpt>
      <trkpt lat="26.9173468" lon="75.8075223">
        <time>2018-10-12T15:32:13Z</time>
      </trkpt>
      <trkpt lat="26.9173468" lon="75.8075223">
        <time>2018-10-12T15:32:24Z</time>
      </trkpt>
    </trkseg>
  </trk>
  <trk>
    <trkseg>
      <trkpt lat="26.9254960" lon="75.8193148">
        <time>2018-10-07T03:28:39Z</time>
      </trkpt>
      <trkpt lat="26.9258001" lon="75.8197657">
        <time>2018-10-07T03:28:49Z</time>
      </trkpt>
      <trkpt lat="26.9258284" lon="75.8200730">
        <time>2018-10-07T03:28:59Z</time>
      </trkpt>
      <trkpt lat="26.9257372" lon="75.8207120">
        <time>2018-10-07T03:29:09Z</time>
      </trkpt>
      <trkpt lat="26.9255401" lon="75.8213681">
        <time>2018-10-07T03:29:19Z</time>
      </trkpt>
      <trkpt lat="26.9252951" lon="75.8220628">
        <time>2018-10-07T03:29:29Z</time>
      </trkpt>
      <trkpt lat="26.9249124" lon="75.8223936">
        <time>2018-10-07T03:29:40Z</time>
      </trkpt>
      <trkpt lat="26.9248537" lon="75.8228284">
        <time>2018-10-07T03:29:51Z</time>
      </trkpt>
      <trkpt lat="26.9253424" lon="75.8233341">
        <time>2018-10-07T03:30:02Z</time>
      </trkpt>
      <trkpt lat="26.9252342" lon="75.8240359">
        <time>2018-10-07T03:30:12Z</time>
      </trkpt>
      <trkpt lat="26.9252432" lon="75.8242802">
        <time>2018-10-07T03:30:22Z</time>
      </trkpt>
      <trkpt lat="26.9252372" lon="75.8242901">
        <time>2018-10-07T03:30:33Z</time>
      </trkpt>
      <trkpt lat="26.9251923" lon="75.8243914">
        <time>2018-10-07T03:30:44Z</time>
      </trkpt>
      <trkpt lat="26.9251960" lon="75.8243922">
        <time>2018-10-07T03:30:54Z</time>
      </trkpt>
      <trkpt lat="26.9251960" lon="75.8243922">
        <time>2018-10-07T03:31:05Z</time>
      </trkpt>
      <trkpt lat="26.9252099" lon="75.8244712">
        <time>2018-10-07T03:31:16Z</time>
      </trkpt>
      <trkpt lat="26.9252161" lon="75.8244611">
        <time>2018-10-07T03:31:26Z</time>
      </trkpt>
      <trkpt lat="26.9252309" lon="75.8244228">
        <time>2018-10-07T03:31:36Z</time>
      </trkpt>
      <trkpt lat="26.9252565" lon="75.8243990">
        <time>2018-10-07T03:31:49Z</time>
      </trkpt>
      <trkpt lat="26.9252340" lon="75.8244368">
        <time>2018-10-07T03:31:59Z</time>
      </trkpt>
      <trkpt lat="26.9252340" lon="75.8244367">
        <time>2018-10-07T03:32:09Z</time>
      </trkpt>
      <trkpt lat="26.9252340" lon="75.8244367">
        <time>2018-10-07T03:32:19Z</time>
      </trkpt>
      <trkpt lat="26.9252340" lon="75.8244367">
        <time>2018-10-07T03:32:29Z</time>
      </trkpt>
      <trkpt lat="26.9252340" lon="75.8244367">
        <time>2018-10-07T03:32:39Z</time>
      </trkpt>
      <trkpt lat="26.9252810" lon="75.8245217">
        <time>2018-10-07T03:32:50Z</time>
      </trkpt>
      <trkpt lat="26.9252813" lon="75.8245102">
        <time>2018-10-07T03:33:01Z</time>
      </trkpt>
      <trkpt lat="26.9252813" lon="75.8245102">
        <time>2018-10-07T03:33:12Z</time>
      </trkpt>
      <trkpt lat="26.9252364" lon="75.8244987">
        <time>2018-10-07T03:33:22Z</time>
      </trkpt>
      <trkpt lat="26.9252339" lon="75.8246070">
        <time>2018-10-07T03:33:32Z</time>
      </trkpt>
      <trkpt lat="26.9252427" lon="75.8247125">
        <time>2018-10-07T03:33:42Z</time>
      </trkpt>
      <trkpt lat="26.9252184" lon="75.8248158">
        <time>2018-10-07T03:33:53Z</time>
      </trkpt>
      <trkpt lat="26.9251780" lon="75.8248251">
        <time>2018-10-07T03:34:04Z</time>
      </trkpt>
      <trkpt lat="26.9252319" lon="75.8248419">
        <time>2018-10-07T03:34:14Z</time>
      </trkpt>
      <trkpt lat="26.9252319" lon="75.8248419">
        <time>2018-10-07T03:34:25Z</time>
      </trkpt>
      <trkpt lat="26.9252319" lon="75.8248419">
        <time>2018-10-07T03:34:36Z</time>
      </trkpt>
      <trkpt lat="26.9252319" lon="75.8248419">
        <time>2018-10-07T03:34:47Z</time>
      </trkpt>
      <trkpt lat="26.9252264" lon="75.8248280">
        <time>2018-10-07T03:34:57Z</time>
      </trkpt>
      <trkpt lat="26.9252192" lon="75.8248304">
        <time>2018-10-07T03:35:07Z</time>
      </trkpt>
      <trkpt lat="26.9252192" lon="75.8248304">
        <time>2018-10-07T03:35:17Z</time>
      </trkpt>
      <trkpt lat="26.9252186" lon="75.8248455">
        <time>2018-10-07T03:35:27Z</time>
      </trkpt>
      <trkpt lat="26.9252208" lon="75.8248521">
        <time>2018-10-07T03:35:38Z</time>
      </trkpt>
      <trkpt lat="26.9252208" lon="75.8248521">
        <time>2018-10-07T03:35:49Z</time>
      </trkpt>
      <trkpt lat="26.9252208" lon="75.8248521">
        <time>2018-10-07T03:35:59Z</time>
      </trkpt>
      <trkpt lat="26.9252189" lon="75.8248313">
        <time>2018-10-07T03:36:10Z</time>
      </trkpt>
      <trkpt lat="26.9252275" lon="75.8248368">
        <time>2018-10-07T03:36:20Z</time>
      </trkpt>
      <trkpt lat="26.9252275" lon="75.8248368">
        <time>2018-10-07T03:36:31Z</time>
      </trkpt>
      <trkpt lat="26.9252275" lon="75.8248368">
        <time>2018-10-07T03:36:41Z</time>
      </trkpt>
      <trkpt lat="26.9251718" lon="75.8248140">
        <time>2018-10-07T03:36:51Z</time>
      </trkpt>
      <trkpt lat="26.9251457" lon="75.8248325">
        <time>2018-10-07T03:37:02Z</time>
      </trkpt>
      <trkpt lat="26.9251388" lon="75.8249088">
        <time>2018-10-07T03:37:12Z</time>
      </trkpt>
      <trkpt lat="26.9251863" lon="75.8249434">
        <time>2018-10-07T03:37:23Z</time>
      </trkpt>
      <trkpt lat="26.9252209" lon="75.8249560">
        <time>2018-10-07T03:37:33Z</time>
      </trkpt>
      <trkpt lat="26.9252209" lon="75.8249560">
        <time>2018-10-07T03:37:44Z</time>
      </trkpt>
      <trkpt lat="26.9251739" lon="75.8249733">
        <time>2018-10-07T03:37:54Z</time>
      </trkpt>
      <trkpt lat="26.9251228" lon="75.8249137">
        <time>2018-10-07T03:38:05Z</time>
      </trkpt>
      <trkpt lat="26.9251852" lon="75.8248301">
        <time>2018-10-07T03:38:15Z</time>
      </trkpt>
      <trkpt lat="26.9252330" lon="75.8247229">
        <time>2018-10-07T03:38:25Z</time>
      </trkpt>
      <trkpt lat="26.9252376" lon="75.8245953">
        <time>2018-10-07T03:38:36Z</time>
      </trkpt>
      <trkpt lat="26.9252294" lon="75.8244663">
        <time>2018-10-07T03:38:47Z</time>
      </trkpt>
      <trkpt lat="26.9252003" lon="75.8243998">
        <time>2018-10-07T03:38:58Z</time>
      </trkpt>
      <trkpt lat="26.9251537" lon="75.8243726">
        <time>2018-10-07T03:39:09Z</time>
      </trkpt>
      <trkpt lat="26.9251537" lon="75.8243726">
        <time>2018-10-07T03:39:20Z</time>
      </trkpt>
      <trkpt lat="26.9251550" lon="75.8243792">
        <time>2018-10-07T03:39:31Z</time>
      </trkpt>
      <trkpt lat="26.9251227" lon="75.8243871">
        <time>2018-10-07T03:39:42Z</time>
      </trkpt>
      <trkpt lat="26.9251227" lon="75.8243871">
        <time>2018-10-07T03:39:53Z</time>
      </trkpt>
      <trkpt lat="26.9251227" lon="75.8243871">
        <time>2018-10-07T03:40:03Z</time>
      </trkpt>
      <trkpt lat="26.9251211" lon="75.8243052">
        <time>2018-10-07T03:40:14Z</time>
      </trkpt>
      <trkpt lat="26.9251073" lon="75.8243032">
        <time>2018-10-07T03:40:25Z</time>
      </trkpt>
      <trkpt lat="26.9251073" lon="75.8243032">
        <time>2018-10-07T03:40:35Z</time>
      </trkpt>
      <trkpt lat="26.9251073" lon="75.8243032">
        <time>2018-10-07T03:40:46Z</time>
      </trkpt>
      <trkpt lat="26.9251073" lon="75.8243032">
        <time>2018-10-07T03:40:56Z</time>
      </trkpt>
      <trkpt lat="26.9251073" lon="75.8243032">
        <time>2018-10-07T03:41:06Z</time>
      </trkpt>
      <trkpt lat="26.9251073" lon="75.8243032">
        <time>2018-10-07T03:41:17Z</time>
      </trkpt>
      <trkpt lat="26.9251073" lon="75.8243032">
        <time>2018-10-07T03:41:28Z</time>
      </trkpt>
      <trkpt lat="26.9251073" lon="75.8243032">
        <time>2018-10-07T03:41:39Z</time>
      </trkpt>
      <trkpt lat="26.9251073" lon="75.8243032">
        <time>2018-10-07T03:41:50Z</time>
      </trkpt>
      <trkpt lat="26.9251027" lon="75.8242840">
        <time>2018-10-07T03:42:01Z</time>
      </trkpt>
      <trkpt lat="26.9251156" lon="75.8241695">
        <time>2018-10-07T03:42:12Z</time>
      </trkpt>
      <trkpt lat="26.9250568" lon="75.8241233">
        <time>2018-10-07T03:42:22Z</time>
      </trkpt>
      <trkpt lat="26.9249711" lon="75.8240831">
        <time>2018-10-07T03:42:32Z</time>
      </trkpt>
      <trkpt lat="26.9249205" lon="75.8240943">
        <time>2018-10-07T03:42:44Z</time>
      </trkpt>
      <trkpt lat="26.9249317" lon="75.8240783">
        <time>2018-10-07T03:42:54Z</time>
      </trkpt>
      <trkpt lat="26.9249462" lon="75.8241011">
        <time>2018-10-07T03:43:05Z</time>
      </trkpt>
      <trkpt lat="26.9249462" lon="75.8241011">
        <time>2018-10-07T03:43:16Z</time>
      </trkpt>
      <trkpt lat="26.9249462" lon="75.8241011">
        <time>2018-10-07T03:43:27Z</time>
      </trkpt>
      <trkpt lat="26.9249462" lon="75.8241011">
        <time>2018-10-07T03:43:37Z</time>
      </trkpt>
      <trkpt lat="26.9249478" lon="75.8240838">
        <time>2018-10-07T03:43:47Z</time>
      </trkpt>
      <trkpt lat="26.9249478" lon="75.8240838">
        <time>2018-10-07T03:43:57Z</time>
      </trkpt>
      <trkpt lat="26.9249478" lon="75.8240838">
        <time>2018-10-07T03:44:08Z</time>
      </trkpt>
      <trkpt lat="26.9249583" lon="75.8241056">
        <time>2018-10-07T03:44:18Z</time>
      </trkpt>
      <trkpt lat="26.9249649" lon="75.8241209">
        <time>2018-10-07T03:44:28Z</time>
      </trkpt>
      <trkpt lat="26.9249649" lon="75.8241302">
        <time>2018-10-07T03:44:39Z</time>
      </trkpt>
      <trkpt lat="26.9249688" lon="75.8241255">
        <time>2018-10-07T03:44:49Z</time>
      </trkpt>
      <trkpt lat="26.9249687" lon="75.8241256">
        <time>2018-10-07T03:44:59Z</time>
      </trkpt>
      <trkpt lat="26.9249687" lon="75.8241256">
        <time>2018-10-07T03:45:10Z</time>
      </trkpt>
      <trkpt lat="26.9249687" lon="75.8241256">
        <time>2018-10-07T03:45:20Z</time>
      </trkpt>
      <trkpt lat="26.9249687" lon="75.8241256">
        <time>2018-10-07T03:45:30Z</time>
      </trkpt>
      <trkpt lat="26.9249687" lon="75.8241256">
        <time>2018-10-07T03:45:41Z</time>
      </trkpt>
      <trkpt lat="26.9249687" lon="75.8241256">
        <time>2018-10-07T03:45:51Z</time>
      </trkpt>
      <trkpt lat="26.9249628" lon="75.8241159">
        <time>2018-10-07T03:46:01Z</time>
      </trkpt>
      <trkpt lat="26.9249629" lon="75.8241172">
        <time>2018-10-07T03:46:11Z</time>
      </trkpt>
      <trkpt lat="26.9249422" lon="75.8241257">
        <time>2018-10-07T03:46:21Z</time>
      </trkpt>
      <trkpt lat="26.9248952" lon="75.8240939">
        <time>2018-10-07T03:46:31Z</time>
      </trkpt>
      <trkpt lat="26.9248853" lon="75.8240465">
        <time>2018-10-07T03:46:42Z</time>
      </trkpt>
      <trkpt lat="26.9249131" lon="75.8239431">
        <time>2018-10-07T03:46:53Z</time>
      </trkpt>
      <trkpt lat="26.9249599" lon="75.8238525">
        <time>2018-10-07T03:47:04Z</time>
      </trkpt>
      <trkpt lat="26.9249649" lon="75.8238400">
        <time>2018-10-07T03:47:15Z</time>
      </trkpt>
      <trkpt lat="26.9249649" lon="75.8238400">
        <time>2018-10-07T03:47:25Z</time>
      </trkpt>
      <trkpt lat="26.9249597" lon="75.8238153">
        <time>2018-10-07T03:47:36Z</time>
      </trkpt>
      <trkpt lat="26.9249268" lon="75.8237744">
        <time>2018-10-07T03:47:47Z</time>
      </trkpt>
      <trkpt lat="26.9249281" lon="75.8237674">
        <time>2018-10-07T03:47:58Z</time>
      </trkpt>
      <trkpt lat="26.9249246" lon="75.8237432">
        <time>2018-10-07T03:48:09Z</time>
      </trkpt>
      <trkpt lat="26.9249237" lon="75.8237421">
        <time>2018-10-07T03:48:19Z</time>
      </trkpt>
      <trkpt lat="26.9249266" lon="75.8237345">
        <time>2018-10-07T03:48:30Z</time>
      </trkpt>
    </trkseg>
  </trk>
</gpx>
