<?xml version="1.0" encoding="UTF-8"?>
<gpx version="1.0" creator="OpenStreetMap.org" xmlns="http://www.topografix.com/GPX/1/0">
  <trk>
    <trkseg>
      <trkpt lat="26.8985636" lon="75.8568860">
        <time>2018-10-06T10:33:26Z</time>
      </trkpt>
      <trkpt lat="26.8985552" lon="75.8567648">
        <time>2018-10-06T10:33:36Z</time>
      </trkpt>
      <trkpt lat="26.8985578" lon="75.8566924">
        <time>2018-10-06T10:33:47Z</time>
      </trkpt>
      <trkpt lat="26.8985596" lon="75.8565872">
        <time>2018-10-06T10:33:58Z</time>
      </trkpt>
      <trkpt lat="26.8985799" lon="75.8564700">
        <time>2018-10-06T10:34:09Z</time>
      </trkpt>
      <trkpt lat="26.8986426" lon="75.8564053">
        <time>2018-10-06T10:34:19Z</time>
      </trkpt>
      <trkpt lat="26.8986310" lon="75.8562984">
        <time>2018-10-06T10:34:29Z</time>
      </trkpt>
      <trkpt lat="26.8986065" lon="75.8561886">
        <time>2018-10-06T10:34:39Z</time>
      </trkpt>
      <trkpt lat="26.8986204" lon="75.8560539">
        <time>2018-10-06T10:34:50Z</time>
      </trkpt>
      <trkpt lat="26.8986932" lon="75.8559929">
        <time>2018-10-06T10:35:01Z</time>
      </trkpt>
      <trkpt lat="26.8987100" lon="75.8558840">
        <time>2018-10-06T10:35:11Z</time>
      </trkpt>
      <trkpt lat="26.8987083" lon="75.8558546">
        <time>2018-10-06T10:35:21Z</time>
      </trkpt>
      <trkpt lat="26.8986696" lon="75.8557618">
        <time>2018-10-06T10:35:32Z</time>
      </trkpt>
      <trkpt lat="26.8985675" lon="75.8556671">
        <time>2018-10-06T10:35:43Z</time>
      </trkpt>
      <trkpt lat="26.8984988" lon="75.8555863">
        <time>2018-10-06T10:35:54Z</time>
      </trkpt>
      <trkpt lat="26.8984947" lon="75.8555095">
        <time>2018-10-06T10:36:05Z</time>
      </trkpt>
      <trkpt lat="26.8985142" lon="75.8554274">
        <time>2018-10-06T10:36:16Z</time>
      </trkpt>
      <trkpt lat="26.8984533" lon="75.8553810">
        <time>2018-10-06T10:36:26Z</time>
      </trkpt>
      <trkpt lat="26.8984029" lon="75.8552758">
        <time>2018-10-06T10:36:36Z</time>
      </trkpt>
      <trkpt lat="26.8984122" lon="75.8551931">
        <time>2018-10-06T10:36:47Z</time>
      </trkpt>
      <trkpt lat="26.8984329" lon="75.8551165">
        <time>2018-10-06T10:36:58Z</time>
      </trkpt>
      <trkpt lat="26.8985605" lon="75.8550673">
        <time>2018-10-06T10:37:08Z</time>
      </trkpt>
      <trkpt lat="26.8986684" lon="75.8549808">
        <time>2018-10-06T10:37:19Z</time>
      </trkpt>
      <trkpt lat="26.8987785" lon="75.8549235">
        <time>2018-10-06T10:37:29Z</time>
      </trkpt>
      <trkpt lat="26.8988372" lon="75.8548357">
        <time>2018-10-06T10:37:39Z</time>
      </trkpt>
      <trkpt lat="26.8989177" lon="75.8547665">
        <time>2018-10-06T10:37:50Z</time>
      </trkpt>
      <trkpt lat="26.8990056" lon="75.8546876">
        <time>2018-10-06T10:38:00Z</time>
      </trkpt>
      <trkpt lat="26.8991017" lon="75.8546303">
        <time>2018-10-06T10:38:11Z</time>
      </trkpt>
      <trkpt lat="26.8991583" lon="75.8545913">
        <time>2018-10-06T10:38:21Z</time>
      </trkpt>
      <trkpt lat="26.8991832" lon="75.8545592">
        <time>2018-10-06T10:38:32Z</time>
      </trkpt>
      <trkpt lat="26.8992669" lon="75.8545073">
        <time>2018-10-06T10:38:42Z</time>
      </trkpt>
      <trkpt lat="26.8993256" lon="75.8544954">
        <time>2018-10-06T10:38:53Z</time>
      </trkpt>
      <trkpt lat="26.8992785" lon="75.8545967">
        <time>2018-10-06T10:39:04Z</time>
      </trkpt>
      <trkpt lat="26.8992118" lon="75.8546828">
        <time>2018-10-06T10:39:14Z</time>
      </trkpt>
      <trkpt lat="26.8991593" lon="75.8548258">
        <time>2018-10-06T10:39:25Z</time>
      </trkpt>
      <trkpt lat="26.8991024" lon="75.8549696">
        <time>2018-10-06T10:39:36Z</time>
      </trkpt>
      <trkpt lat="26.8990418" lon="75.8550807">
        <time>2018-10-06T10:39:46Z</time>
      </trkpt>
      <trkpt lat="26.8989854" lon="75.8552065">
        <time>2018-10-06T10:39:57Z</time>
      </trkpt>
      <trkpt lat="26.8989624" lon="75.8553268">
        <time>2018-10-06T10:40:08Z</time>
      </trkpt>
      <trkpt lat="26.8989562" lon="75.8554743">
        <time>2018-10-06T10:40:19Z</time>
      </trkpt>
      <trkpt lat="26.8989133" lon="75.8555934">
        <time>2018-10-06T10:40:29Z</time>
      </trkpt>
      <trkpt lat="26.8988746" lon="75.8557039">
        <time>2018-10-06T10:40:40Z</time>
      </trkpt>
      <trkpt lat="26.8988614" lon="75.8558406">
        <time>2018-10-06T10:40:51Z</time>
      </trkpt>
      <trkpt lat="26.8988281" lon="75.8559594">
        <time>2018-10-06T10:41:02Z</time>
      </trkpt>
      <trkpt lat="26.8987991" lon="75.8560805">
        <time>2018-10-06T10:41:12Z</time>
      </trkpt>
      <trkpt lat="26.8988027" lon="75.8561990">
        <time>2018-10-06T10:41:23Z</time>
      </trkpt>
      <trkpt lat="26.8988134" lon="75.8562088">
        <time>2018-10-06T10:41:34Z</time>
      </trkpt>
      <trkpt lat="26.8988395" lon="75.8562689">
        <time>2018-10-06T10:41:44Z</time>
      </trkpt>
      <trkpt lat="26.8988378" lon="75.8563853">
        <time>2018-10-06T10:41:54Z</time>
      </trkpt>
      <trkpt lat="26.8988296" lon="75.8565150">
        <time>2018-10-06T10:42:05Z</time>
      </trkpt>
      <trkpt lat="26.8988159" lon="75.8566639">
        <time>2018-10-06T10:42:16Z</time>
      </trkpt>
      <trkpt lat="26.8987964" lon="75.8567873">
        <time>2018-10-06T10:42:26Z</time>
      </trkpt>
      <trkpt lat="26.8987747" lon="75.8569214">
        <time>2018-10-06T10:42:36Z</time>
      </trkpt>
      <trkpt lat="26.8987776" lon="75.8570336">
        <time>2018-10-06T10:42:47Z</time>
      </trkpt>
      <trkpt lat="26.8988020" lon="75.8571631">
        <time>2018-10-06T10:42:58Z</time>
      </trkpt>
      <trkpt lat="26.8988193" lon="75.8572952">
        <time>2018-10-06T10:43:08Z</time>
      </trkpt>
      <trkpt lat="26.8988233" lon="75.8573116">
        <time>2018-10-06T10:43:19Z</time>
      </trkpt>
      <trkpt lat="26.8988862" lon="75.8573226">
        <time>2018-10-06T10:43:30Z</time>
      </trkpt>
      <trkpt lat="26.8989698" lon="75.8574444">
        <time>2018-10-06T10:43:41Z</time>
      </trkpt>
      <trkpt lat="26.8989987" lon="75.8575738">
        <time>2018-10-06T10:43:52Z</time>
      </trkpt>
      <trkpt lat="26.8990499" lon="75.8576699">
        <time>2018-10-06T10:44:02Z</time>
      </trkpt>
      <trkpt lat="26.8990919" lon="75.8577896">
        <time>2018-10-06T10:44:13Z</time>
      </trkpt>
      <trkpt lat="26.8991244" lon="75.8579320">
        <time>2018-10-06T10:44:23Z</time>
      </trkpt>
      <trkpt lat="26.8991300" lon="75.8580805">
        <time>2018-10-06T10:44:33Z</time>
      </trkpt>
      <trkpt lat="26.8991123" lon="75.8582262">
        <time>2018-10-06T10:44:44Z</time>
      </trkpt>
      <trkpt lat="26.8991028" lon="75.8583732">
        <time>2018-10-06T10:44:55Z</time>
      </trkpt>
      <trkpt lat="26.8991025" lon="75.8584653">
        <time>2018-10-06T10:45:06Z</time>
      </trkpt>
      <trkpt lat="26.8991584" lon="75.8584936">
        <time>2018-10-06T10:45:16Z</time>
      </trkpt>
      <trkpt lat="26.8992205" lon="75.8586013">
        <time>2018-10-06T10:45:27Z</time>
      </trkpt>
      <trkpt lat="26.8992273" lon="75.8586136">
        <time>2018-10-06T10:45:38Z</time>
      </trkpt>
      <trkpt lat="26.8992273" lon="75.8586136">
        <time>2018-10-06T10:45:49Z</time>
      </trkpt>
      <trkpt lat="26.8992270" lon="75.8586156">
        <time>2018-10-06T10:46:00Z</time>
      </trkpt>
      <trkpt lat="26.8992201" lon="75.8586363">
        <time>2018-10-06T10:46:10Z</time>
      </trkpt>
      <trkpt lat="26.8992021" lon="75.8586630">
        <time>2018-10-06T10:46:21Z</time>
      </trkpt>
      <trkpt lat="26.8992021" lon="75.8586630">
        <time>2018-10-06T10:46:31Z</time>
      </trkpt>
      <trkpt lat="26.8991770" lon="75.8587617">
        <time>2018-10-06T10:46:42Z</time>
      </trkpt>
      <trkpt lat="26.8990871" lon="75.8588077">
        <time>2018-10-06T10:46:54Z</time>
      </trkpt>
      <trkpt lat="26.8990676" lon="75.8588534">
        <time>2018-10-06T10:47:04Z</time>
      </trkpt>
      <trkpt lat="26.8990676" lon="75.8588534">
        <time>2018-10-06T10:47:15Z</time>
      </trkpt>
      <trkpt lat="26.8990741" lon="75.8589306">
        <time>2018-10-06T10:47:25Z</time>
      </trkpt>
      <trkpt lat="26.8991348" lon="75.8589810">
        <time>2018-10-06T10:47:36Z</time>
      </trkpt>
      <trkpt lat="26.8992067" lon="75.8590040">
        <time>2018-10-06T10:47:46Z</time>
      </trkpt>
      <trkpt lat="26.8992474" lon="75.8590114">
        <time>2018-10-06T10:47:57Z</time>
      </trkpt>
      <trkpt lat="26.8993114" lon="75.8590172">
        <time>2018-10-06T10:48:07Z</time>
      </trkpt>
      <trkpt lat="26.8994130" lon="75.8590477">
        <time>2018-10-06T10:48:17Z</time>
      </trkpt>
      <trkpt lat="26.8994964" lon="75.8590447">
        <time>2018-10-06T10:48:28Z</time>
      </trkpt>
      <trkpt lat="26.8995081" lon="75.8590578">
        <time>2018-10-06T10:48:38Z</time>
      </trkpt>
      <trkpt lat="26.8995081" lon="75.8590578">
        <time>2018-10-06T10:48:49Z</time>
      </trkpt>
      <trkpt lat="26.8995081" lon="75.8590578">
        <time>2018-10-06T10:49:00Z</time>
      </trkpt>
      <trkpt lat="26.8995081" lon="75.8590578">
        <time>2018-10-06T10:49:10Z</time>
      </trkpt>
      <trkpt lat="26.8995081" lon="75.8590578">
        <time>2018-10-06T10:49:21Z</time>
      </trkpt>
      <trkpt lat="26.8995081" lon="75.8590578">
        <time>2018-10-06T10:49:31Z</time>
      </trkpt>
      <trkpt lat="26.8995081" lon="75.8590578">
        <time>2018-10-06T10:49:41Z</time>
      </trkpt>
      <trkpt lat="26.8995081" lon="75.8590578">
        <time>2018-10-06T10:49:52Z</time>
      </trkpt>
      <trkpt lat="26.8995081" lon="75.8590578">
        <time>2018-10-06T10:50:02Z</time>
      </trkpt>
      <trkpt lat="26.8995081" lon="75.8590578">
        <time>2018-10-06T10:50:13Z</time>
      </trkpt>
      <trkpt lat="26.8995081" lon="75.8590578">
        <time>2018-10-06T10:50:24Z</time>
      </trkpt>
      <trkpt lat="26.8995081" lon="75.8590578">
        <time>2018-10-06T10:50:34Z</time>
      </trkpt>
      <trkpt lat="26.8995081" lon="75.8590578">
        <time>2018-10-06T10:50:45Z</time>
      </trkpt>
      <trkpt lat="26.8995081" lon="75.8590578">
        <time>2018-10-06T10:50:55Z</time>
      </trkpt>
      <trkpt lat="26.8995081" lon="75.8590578">
        <time>2018-10-06T10:51:06Z</time>
      </trkpt>
      <trkpt lat="26.8995081" lon="75.8590578">
        <time>2018-10-06T10:51:16Z</time>
      </trkpt>
      <trkpt lat="26.8995081" lon="75.8590578">
        <time>2018-10-06T10:51:26Z</time>
      </trkpt>
      <trkpt lat="26.8995081" lon="75.8590578">
        <time>2018-10-06T10:51:36Z</time>
      </trkpt>
      <trkpt lat="26.8995081" lon="75.8590578">
        <time>2018-10-06T10:51:47Z</time>
      </trkpt>
      <trkpt lat="26.8995081" lon="75.8590578">
        <time>2018-10-06T10:51:58Z</time>
      </trkpt>
      <trkpt lat="26.8995081" lon="75.8590578">
        <time>2018-10-06T10:52:08Z</time>
      </trkpt>
      <trkpt lat="26.8995081" lon="75.8590578">
        <time>2018-10-06T10:52:19Z</time>
      </trkpt>
      <trkpt lat="26.8995081" lon="75.8590578">
        <time>2018-10-06T10:52:30Z</time>
      </trkpt>
      <trkpt lat="26.8995081" lon="75.8590578">
        <time>2018-10-06T10:52:41Z</time>
      </trkpt>
      <trkpt lat="26.8995081" lon="75.8590578">
        <time>2018-10-06T10:52:51Z</time>
      </trkpt>
      <trkpt lat="26.8995081" lon="75.8590578">
        <time>2018-10-06T10:53:01Z</time>
      </trkpt>
      <trkpt lat="26.8995081" lon="75.8590578">
        <time>2018-10-06T10:53:12Z</time>
      </trkpt>
      <trkpt lat="26.8995081" lon="75.8590578">
        <time>2018-10-06T10:53:22Z</time>
      </trkpt>
      <trkpt lat="26.8995081" lon="75.8590578">
        <time>2018-10-06T10:53:32Z</time>
      </trkpt>
      <trkpt lat="26.8995081" lon="75.8590578">
        <time>2018-10-06T10:53:42Z</time>
      </trkpt>
      <trkpt lat="26.8995081" lon="75.8590578">
        <time>2018-10-06T10:53:52Z</time>
      </trkpt>
      <trkpt lat="26.8995081" lon="75.8590578">
        <time>2018-10-06T10:54:02Z</time>
      </trkpt>
      <trkpt lat="26.8995081" lon="75.8590578">
        <time>2018-10-06T10:54:12Z</time>
      </trkpt>
      <trkpt lat="26.8995081" lon="75.8590578">
        <time>2018-10-06T10:54:23Z</time>
      </trkpt>
      <trkpt lat="26.8995081" lon="75.8590578">
        <time>2018-10-06T10:54:34Z</time>
      </trkpt>
      <trkpt lat="26.8995081" lon="75.8590578">
        <time>2018-10-06T10:54:44Z</time>
      </trkpt>
      <trkpt lat="26.8995081" lon="75.8590578">
        <time>2018-10-06T10:54:55Z</time>
      </trkpt>
      <trkpt lat="26.8995081" lon="75.8590578">
        <time>2018-10-06T10:55:05Z</time>
      </trkpt>
      <trkpt lat="26.8995081" lon="75.8590578">
        <time>2018-10-06T10:55:16Z</time>
      </trkpt>
      <trkpt lat="26.8995081" lon="75.8590578">
        <time>2018-10-06T10:55:27Z</time>
      </trkpt>
      <trkpt lat="26.8995081" lon="75.8590578">
        <time>2018-10-06T10:55:37Z</time>
      </trkpt>
      <trkpt lat="26.8995081" lon="75.8590578">
        <time>2018-10-06T10:55:48Z</time>
      </trkpt>
      <trkpt lat="26.8995081" lon="75.8590578">
        <time>2018-10-06T10:55:58Z</time>
      </trkpt>
      <trkpt lat="26.8995016" lon="75.8590383">
        <time>2018-10-06T10:56:08Z</time>
      </trkpt>
      <trkpt lat="26.8994976" lon="75.8590341">
        <time>2018-10-06T10:56:19Z</time>
      </trkpt>
      <trkpt lat="26.8994976" lon="75.8590341">
        <time>2018-10-06T10:56:29Z</time>
      </trkpt>
      <trkpt lat="26.8994682" lon="75.8590501">
        <time>2018-10-06T10:56:39Z</time>
      </trkpt>
      <trkpt lat="26.8994826" lon="75.8590541">
        <time>2018-10-06T10:56:49Z</time>
      </trkpt>
      <trkpt lat="26.8995518" lon="75.8590598">
        <time>2018-10-06T10:56:59Z</time>
      </trkpt>
      <trkpt lat="26.8995673" lon="75.8591070">
        <time>2018-10-06T10:57:09Z</time>
      </trkpt>
      <trkpt lat="26.8995292" lon="75.8592281">
        <time>2018-10-06T10:57:20Z</time>
      </trkpt>
      <trkpt lat="26.8994415" lon="75.8591839">
        <time>2018-10-06T10:57:30Z</time>
      </trkpt>
      <trkpt lat="26.8994294" lon="75.8592058">
        <time>2018-10-06T10:57:40Z</time>
      </trkpt>
      <trkpt lat="26.8994451" lon="75.8592123">
        <time>2018-10-06T10:57:51Z</time>
      </trkpt>
      <trkpt lat="26.8994453" lon="75.8592132">
        <time>2018-10-06T10:58:01Z</time>
      </trkpt>
      <trkpt lat="26.8994453" lon="75.8592132">
        <time>2018-10-06T10:58:12Z</time>
      </trkpt>
      <trkpt lat="26.8994453" lon="75.8592132">
        <time>2018-10-06T10:58:22Z</time>
      </trkpt>
      <trkpt lat="26.8995269" lon="75.8592864">
        <time>2018-10-06T10:58:32Z</time>
      </trkpt>
      <trkpt lat="26.8995247" lon="75.8594131">
        <time>2018-10-06T10:58:43Z</time>
      </trkpt>
      <trkpt lat="26.8994881" lon="75.8595312">
        <time>2018-10-06T10:58:53Z</time>
      </trkpt>
      <trkpt lat="26.8994924" lon="75.8596440">
        <time>2018-10-06T10:59:03Z</time>
      </trkpt>
      <trkpt lat="26.8994845" lon="75.8597448">
        <time>2018-10-06T10:59:14Z</time>
      </trkpt>
      <trkpt lat="26.8994965" lon="75.8598545">
        <time>2018-10-06T10:59:25Z</time>
      </trkpt>
      <trkpt lat="26.8994666" lon="75.8599588">
        <time>2018-10-06T10:59:35Z</time>
      </trkpt>
      <trkpt lat="26.8994097" lon="75.8600530">
        <time>2018-10-06T10:59:45Z</time>
      </trkpt>
      <trkpt lat="26.8993006" lon="75.8600510">
        <time>2018-10-06T10:59:56Z</time>
      </trkpt>
      <trkpt lat="26.8992930" lon="75.8600512">
        <time>2018-10-06T11:00:07Z</time>
      </trkpt>
      <trkpt lat="26.8992482" lon="75.8600446">
        <time>2018-10-06T11:00:18Z</time>
      </trkpt>
      <trkpt lat="26.8992427" lon="75.8600346">
        <time>2018-10-06T11:00:28Z</time>
      </trkpt>
      <trkpt lat="26.8991579" lon="75.8599753">
        <time>2018-10-06T11:00:39Z</time>
      </trkpt>
      <trkpt lat="26.8991649" lon="75.8599119">
        <time>2018-10-06T11:00:49Z</time>
      </trkpt>
      <trkpt lat="26.8991889" lon="75.8597847">
        <time>2018-10-06T11:01:00Z</time>
      </trkpt>
      <trkpt lat="26.8991934" lon="75.8596783">
        <time>2018-10-06T11:01:11Z</time>
      </trkpt>
      <trkpt lat="26.8992227" lon="75.8595590">
        <time>2018-10-06T11:01:21Z</time>
      </trkpt>
      <trkpt lat="26.8992457" lon="75.8594357">
        <time>2018-10-06T11:01:32Z</time>
      </trkpt>
      <trkpt lat="26.8992711" lon="75.8593272">
        <time>2018-10-06T11:01:42Z</time>
      </trkpt>
      <trkpt lat="26.8992337" lon="75.8592411">
        <time>2018-10-06T11:01:52Z</time>
      </trkpt>
      <trkpt lat="26.8991312" lon="75.8591911">
        <time>2018-10-06T11:02:02Z</time>
      </trkpt>
      <trkpt lat="26.8991162" lon="75.8591669">
        <time>2018-10-06T11:02:13Z</time>
      </trkpt>
      <trkpt lat="26.8991351" lon="75.8591455">
        <time>2018-10-06T11:02:23Z</time>
      </trkpt>
      <trkpt lat="26.8990478" lon="75.8591255">
        <time>2018-10-06T11:02:34Z</time>
      </trkpt>
      <trkpt lat="26.8990494" lon="75.8590301">
        <time>2018-10-06T11:02:44Z</time>
      </trkpt>
      <trkpt lat="26.8990748" lon="75.8589748">
        <time>2018-10-06T11:02:55Z</time>
      </trkpt>
      <trkpt lat="26.8991005" lon="75.8589521">
        <time>2018-10-06T11:03:05Z</time>
      </trkpt>
      <trkpt lat="26.8991299" lon="75.8589115">
        <time>2018-10-06T11:03:16Z</time>
      </trkpt>
      <trkpt lat="26.8990612" lon="75.8589288">
        <time>2018-10-06T11:03:26Z</time>
      </trkpt>
      <trkpt lat="26.8990832" lon="75.8588452">
        <time>2018-10-06T11:03:37Z</time>
      </trkpt>
      <trkpt lat="26.8991375" lon="75.8588180">
        <time>2018-10-06T11:03:47Z</time>
      </trkpt>
      <trkpt lat="26.8992032" lon="75.8588099">
        <time>2018-10-06T11:03:57Z</time>
      </trkpt>
      <trkpt lat="26.8992131" lon="75.8587814">
        <time>2018-10-06T11:04:08Z</time>
      </trkpt>
      <trkpt lat="26.8992665" lon="75.8587793">
        <time>2018-10-06T11:04:18Z</time>
      </trkpt>
      <trkpt lat="26.8993274" lon="75.8587504">
        <time>2018-10-06T11:04:28Z</time>
      </trkpt>
      <trkpt lat="26.8993728" lon="75.8587587">
        <time>2018-10-06T11:04:39Z</time>
      </trkpt>
      <trkpt lat="26.8994276" lon="75.8587710">
        <time>2018-10-06T11:04:49Z</time>
      </trkpt>
      <trkpt lat="26.8994754" lon="75.8587575">
        <time>2018-10-06T11:05:00Z</time>
      </trkpt>
      <trkpt lat="26.8994234" lon="75.8587161">
        <time>2018-10-06T11:05:11Z</time>
      </trkpt>
      <trkpt lat="26.8994234" lon="75.8587161">
        <time>2018-10-06T11:05:21Z</time>
      </trkpt>
      <trkpt lat="26.8994275" lon="75.8587261">
        <time>2018-10-06T11:05:31Z</time>
      </trkpt>
      <trkpt lat="26.8993702" lon="75.8587715">
        <time>2018-10-06T11:05:41Z</time>
      </trkpt>
      <trkpt lat="26.8992834" lon="75.8587311">
        <time>2018-10-06T11:05:52Z</time>
      </trkpt>
      <trkpt lat="26.8992239" lon="75.8587203">
        <time>2018-10-06T11:06:02Z</time>
      </trkpt>
      <trkpt lat="26.8992118" lon="75.8587659">
        <time>2018-10-06T11:06:12Z</time>
      </trkpt>
      <trkpt lat="26.8992140" lon="75.8587928">
        <time>2018-10-06T11:06:23Z</time>
      </trkpt>
      <trkpt lat="26.8991790" lon="75.8588064">
        <time>2018-10-06T11:06:33Z</time>
      </trkpt>
      <trkpt lat="26.8992038" lon="75.8587156">
        <time>2018-10-06T11:06:43Z</time>
      </trkpt>
      <trkpt lat="26.8992334" lon="75.8586253">
        <time>2018-10-06T11:06:54Z</time>
      </trkpt>
      <trkpt lat="26.8991877" lon="75.8585943">
        <time>2018-10-06T11:07:05Z</time>
      </trkpt>
      <trkpt lat="26.8991877" lon="75.8585943">
        <time>2018-10-06T11:07:15Z</time>
      </trkpt>
      <trkpt lat="26.8991877" lon="75.8585943">
        <time>2018-10-06T11:07:25Z</time>
      </trkpt>
      <trkpt lat="26.8991877" lon="75.8585943">
        <time>2018-10-06T11:07:35Z</time>
      </trkpt>
      <trkpt lat="26.8991877" lon="75.8585943">
        <time>2018-10-06T11:07:46Z</time>
      </trkpt>
      <trkpt lat="26.8991877" lon="75.8585943">
        <time>2018-10-06T11:07:57Z</time>
      </trkpt>
      <trkpt lat="26.8991877" lon="75.8585943">
        <time>2018-10-06T11:08:08Z</time>
      </trkpt>
      <trkpt lat="26.8991877" lon="75.8585943">
        <time>2018-10-06T11:08:18Z</time>
      </trkpt>
      <trkpt lat="26.8991877" lon="75.8585943">
        <time>2018-10-06T11:08:29Z</time>
      </trkpt>
      <trkpt lat="26.8991877" lon="75.8585943">
        <time>2018-10-06T11:08:39Z</time>
      </trkpt>
      <trkpt lat="26.8991877" lon="75.8585943">
        <time>2018-10-06T11:08:49Z</time>
      </trkpt>
      <trkpt lat="26.8991877" lon="75.8585943">
        <time>2018-10-06T11:09:00Z</time>
      </trkpt>
      <trkpt lat="26.8991877" lon="75.8585943">
        <time>2018-10-06T11:09:11Z</time>
      </trkpt>
      <trkpt lat="26.8991877" lon="75.8585943">
        <time>2018-10-06T11:09:21Z</time>
      </trkpt>
      <trkpt lat="26.8991877" lon="75.8585943">
        <time>2018-10-06T11:09:31Z</time>
      </trkpt>
      <trkpt lat="26.8991877" lon="75.8585943">
        <time>2018-10-06T11:09:41Z</time>
      </trkpt>
      <trkpt lat="26.8991877" lon="75.8585943">
        <time>2018-10-06T11:09:52Z</time>
      </trkpt>
      <trkpt lat="26.8991877" lon="75.8585943">
        <time>2018-10-06T11:10:02Z</time>
      </trkpt>
      <trkpt lat="26.8991877" lon="75.8585943">
        <time>2018-10-06T11:10:13Z</time>
      </trkpt>
      <trkpt lat="26.8991877" lon="75.8585943">
        <time>2018-10-06T11:10:24Z</time>
      </trkpt>
      <trkpt lat="26.8991877" lon="75.8585943">
        <time>2018-10-06T11:10:35Z</time>
      </trkpt>
      <trkpt lat="26.8991994" lon="75.8586115">
        <time>2018-10-06T11:10:46Z</time>
      </trkpt>
      <trkpt lat="26.8991994" lon="75.8586115">
        <time>2018-10-06T11:10:57Z</time>
      </trkpt>
      <trkpt lat="26.8991994" lon="75.8586115">
        <time>2018-10-06T11:11:07Z</time>
      </trkpt>
      <trkpt lat="26.8991903" lon="75.8586161">
        <time>2018-10-06T11:11:17Z</time>
      </trkpt>
      <trkpt lat="26.8991903" lon="75.8586161">
        <time>2018-10-06T11:11:28Z</time>
      </trkpt>
      <trkpt lat="26.8991903" lon="75.8586161">
        <time>2018-10-06T11:11:38Z</time>
      </trkpt>
      <trkpt lat="26.8991903" lon="75.8586161">
        <time>2018-10-06T11:11:49Z</time>
      </trkpt>
      <trkpt lat="26.8991903" lon="75.8586161">
        <time>2018-10-06T11:12:00Z</time>
      </trkpt>
      <trkpt lat="26.8991871" lon="75.8586026">
        <time>2018-10-06T11:12:11Z</time>
      </trkpt>
      <trkpt lat="26.8991871" lon="75.8586026">
        <time>2018-10-06T11:12:22Z</time>
      </trkpt>
      <trkpt lat="26.8991871" lon="75.8586026">
        <time>2018-10-06T11:12:32Z</time>
      </trkpt>
      <trkpt lat="26.8991871" lon="75.8586026">
        <time>2018-10-06T11:12:42Z</time>
      </trkpt>
      <trkpt lat="26.8991871" lon="75.8586026">
        <time>2018-10-06T11:12:53Z</time>
      </trkpt>
      <trkpt lat="26.8991871" lon="75.8586026">
        <time>2018-10-06T11:13:03Z</time>
      </trkpt>
      <trkpt lat="26.8991871" lon="75.8586026">
        <time>2018-10-06T11:13:14Z</time>
      </trkpt>
      <trkpt lat="26.8991871" lon="75.8586026">
        <time>2018-10-06T11:13:24Z</time>
      </trkpt>
      <trkpt lat="26.8991871" lon="75.8586026">
        <time>2018-10-06T11:13:35Z</time>
      </trkpt>
      <trkpt lat="26.8991871" lon="75.8586026">
        <time>2018-10-06T11:13:46Z</time>
      </trkpt>
      <trkpt lat="26.8991871" lon="75.8586026">
        <time>2018-10-06T11:13:56Z</time>
      </trkpt>
      <trkpt lat="26.8991871" lon="75.8586026">
        <time>2018-10-06T11:14:07Z</time>
      </trkpt>
      <trkpt lat="26.8991871" lon="75.8586026">
        <time>2018-10-06T11:14:17Z</time>
      </trkpt>
      <trkpt lat="26.8991871" lon="75.8586026">
        <time>2018-10-06T11:14:27Z</time>
      </trkpt>
      <trkpt lat="26.8991874" lon="75.8586046">
        <time>2018-10-06T11:14:38Z</time>
      </trkpt>
      <trkpt lat="26.8991874" lon="75.8586046">
        <time>2018-10-06T11:14:48Z</time>
      </trkpt>
      <trkpt lat="26.8991874" lon="75.8586046">
        <time>2018-10-06T11:14:58Z</time>
      </trkpt>
      <trkpt lat="26.8991874" lon="75.8586046">
        <time>2018-10-06T11:15:09Z</time>
      </trkpt>
      <trkpt lat="26.8991874" lon="75.8586046">
        <time>2018-10-06T11:15:19Z</time>
      </trkpt>
      <trkpt lat="26.8991874" lon="75.8586046">
        <time>2018-10-06T11:15:29Z</time>
      </trkpt>
      <trkpt lat="26.8991818" lon="75.8586074">
        <time>2018-10-06T11:15:40Z</time>
      </trkpt>
      <trkpt lat="26.8991818" lon="75.8586074">
        <time>2018-10-06T11:15:50Z</time>
      </trkpt>
      <trkpt lat="26.8991818" lon="75.8586074">
        <time>2018-10-06T11:16:01Z</time>
      </trkpt>
      <trkpt lat="26.8991818" lon="75.8586074">
        <time>2018-10-06T11:16:12Z</time>
      </trkpt>
      <trkpt lat="26.8991818" lon="75.8586074">
        <time>2018-10-06T11:16:23Z</time>
      </trkpt>
      <trkpt lat="26.8991818" lon="75.8586074">
        <time>2018-10-06T11:16:34Z</time>
      </trkpt>
      <trkpt lat="26.8991818" lon="75.8586074">
        <time>2018-10-06T11:16:44Z</time>
      </trkpt>
      <trkpt lat="26.8991818" lon="75.8586074">
        <time>2018-10-06T11:16:54Z</time>
      </trkpt>
      <trkpt lat="26.8991818" lon="75.8586074">
        <time>2018-10-06T11:17:05Z</time>
      </trkpt>
      <trkpt lat="26.8991818" lon="75.8586074">
        <time>2018-10-06T11:17:15Z</time>
      </trkpt>
      <trkpt lat="26.8991818" lon="75.8586074">
        <time>2018-10-06T11:17:26Z</time>
      </trkpt>
      <trkpt lat="26.8991818" lon="75.8586074">
        <time>2018-10-06T11:17:37Z</time>
      </trkpt>
      <trkpt lat="26.8991818" lon="75.8586074">
        <time>2018-10-06T11:17:48Z</time>
      </trkpt>
      <trkpt lat="26.8991818" lon="75.8586074">
        <time>2018-10-06T11:17:58Z</time>
      </trkpt>
      <trkpt lat="26.8991818" lon="75.8586074">
        <time>2018-10-06T11:18:09Z</time>
      </trkpt>
      <trkpt lat="26.8991818" lon="75.8586074">
        <time>2018-10-06T11:18:19Z</time>
      </trkpt>
      <trkpt lat="26.8991818" lon="75.8586074">
        <time>2018-10-06T11:18:30Z</time>
      </trkpt>
      <trkpt lat="26.8991818" lon="75.8586074">
        <time>2018-10-06T11:18:40Z</time>
      </trkpt>
      <trkpt lat="26.8991818" lon="75.8586074">
        <time>2018-10-06T11:18:51Z</time>
      </trkpt>
      <trkpt lat="26.8991818" lon="75.8586074">
        <time>2018-10-06T11:19:02Z</time>
      </trkpt>
      <trkpt lat="26.8991818" lon="75.8586074">
        <time>2018-10-06T11:19:12Z</time>
      </trkpt>
      <trkpt lat="26.8991818" lon="75.8586074">
        <time>2018-10-06T11:19:22Z</time>
      </trkpt>
      <trkpt lat="26.8991818" lon="75.8586074">
        <time>2018-10-06T11:19:32Z</time>
      </trkpt>
      <trkpt lat="26.8991818" lon="75.8586074">
        <time>2018-10-06T11:19:44Z</time>
      </trkpt>
      <trkpt lat="26.8991929" lon="75.8585959">
        <time>2018-10-06T11:19:54Z</time>
      </trkpt>
      <trkpt lat="26.8991931" lon="75.8585959">
        <time>2018-10-06T11:20:05Z</time>
      </trkpt>
      <trkpt lat="26.8991931" lon="75.8585959">
        <time>2018-10-06T11:20:16Z</time>
      </trkpt>
      <trkpt lat="26.8991931" lon="75.8585959">
        <time>2018-10-06T11:20:27Z</time>
      </trkpt>
      <trkpt lat="26.8991931" lon="75.8585959">
        <time>2018-10-06T11:20:37Z</time>
      </trkpt>
      <trkpt lat="26.8991931" lon="75.8585959">
        <time>2018-10-06T11:20:47Z</time>
      </trkpt>
      <trkpt lat="26.8991931" lon="75.8585959">
        <time>2018-10-06T11:20:58Z</time>
      </trkpt>
      <trkpt lat="26.8991931" lon="75.8585959">
        <time>2018-10-06T11:21:08Z</time>
      </trkpt>
      <trkpt lat="26.8991931" lon="75.8585959">
        <time>2018-10-06T11:21:19Z</time>
      </trkpt>
      <trkpt lat="26.8991931" lon="75.8585959">
        <time>2018-10-06T11:21:30Z</time>
      </trkpt>
      <trkpt lat="26.8991931" lon="75.8585959">
        <time>2018-10-06T11:21:40Z</time>
      </trkpt>
      <trkpt lat="26.8991931" lon="75.8585959">
        <time>2018-10-06T11:21:50Z</time>
      </trkpt>
      <trkpt lat="26.8991931" lon="75.8585959">
        <time>2018-10-06T11:22:01Z</time>
      </trkpt>
      <trkpt lat="26.8991931" lon="75.8585959">
        <time>2018-10-06T11:22:12Z</time>
      </trkpt>
      <trkpt lat="26.8991931" lon="75.8585959">
        <time>2018-10-06T11:22:24Z</time>
      </trkpt>
      <trkpt lat="26.8991931" lon="75.8585959">
        <time>2018-10-06T11:22:34Z</time>
      </trkpt>
      <trkpt lat="26.8991931" lon="75.8585959">
        <time>2018-10-06T11:22:45Z</time>
      </trkpt>
      <trkpt lat="26.8991931" lon="75.8585959">
        <time>2018-10-06T11:22:56Z</time>
      </trkpt>
      <trkpt lat="26.8991931" lon="75.8585959">
        <time>2018-10-06T11:23:06Z</time>
      </trkpt>
      <trkpt lat="26.8991931" lon="75.8585959">
        <time>2018-10-06T11:23:16Z</time>
      </trkpt>
      <trkpt lat="26.8991931" lon="75.8585959">
        <time>2018-10-06T11:23:26Z</time>
      </trkpt>
      <trkpt lat="26.8991990" lon="75.8585879">
        <time>2018-10-06T11:23:37Z</time>
      </trkpt>
      <trkpt lat="26.8991990" lon="75.8585879">
        <time>2018-10-06T11:23:48Z</time>
      </trkpt>
      <trkpt lat="26.8992101" lon="75.8585831">
        <time>2018-10-06T11:23:59Z</time>
      </trkpt>
      <trkpt lat="26.8992101" lon="75.8585831">
        <time>2018-10-06T11:24:09Z</time>
      </trkpt>
      <trkpt lat="26.8992101" lon="75.8585831">
        <time>2018-10-06T11:24:20Z</time>
      </trkpt>
      <trkpt lat="26.8992386" lon="75.8585716">
        <time>2018-10-06T11:24:31Z</time>
      </trkpt>
      <trkpt lat="26.8992638" lon="75.8584892">
        <time>2018-10-06T11:24:41Z</time>
      </trkpt>
      <trkpt lat="26.8992399" lon="75.8584448">
        <time>2018-10-06T11:24:52Z</time>
      </trkpt>
      <trkpt lat="26.8992399" lon="75.8584448">
        <time>2018-10-06T11:25:02Z</time>
      </trkpt>
      <trkpt lat="26.8992399" lon="75.8584448">
        <time>2018-10-06T11:25:12Z</time>
      </trkpt>
      <trkpt lat="26.8990732" lon="75.8584583">
        <time>2018-10-06T11:25:22Z</time>
      </trkpt>
      <trkpt lat="26.8989478" lon="75.8575827">
        <time>2018-10-06T11:25:33Z</time>
      </trkpt>
      <trkpt lat="26.8988253" lon="75.8568557">
        <time>2018-10-06T11:25:43Z</time>
      </trkpt>
      <trkpt lat="26.8989156" lon="75.8561008">
        <time>2018-10-06T11:25:53Z</time>
      </trkpt>
      <trkpt lat="26.8990418" lon="75.8552777">
        <time>2018-10-06T11:26:04Z</time>
      </trkpt>
      <trkpt lat="26.8993612" lon="75.8545959">
        <time>2018-10-06T11:26:14Z</time>
      </trkpt>
      <trkpt lat="26.8998979" lon="75.8540125">
        <time>2018-10-06T11:26:25Z</time>
      </trkpt>
      <trkpt lat="26.9004906" lon="75.8535026">
        <time>2018-10-06T11:26:35Z</time>
      </trkpt>
      <trkpt lat="26.9009129" lon="75.8530345">
        <time>2018-10-06T11:26:45Z</time>
      </trkpt>
      <trkpt lat="26.9013428" lon="75.8523520">
        <time>2018-10-06T11:26:55Z</time>
      </trkpt>
      <trkpt lat="26.9017594" lon="75.8517036">
        <time>2018-10-06T11:27:06Z</time>
      </trkpt>
      <trkpt lat="26.9021636" lon="75.8511241">
        <time>2018-10-06T11:27:17Z</time>
      </trkpt>
      <trkpt lat="26.9018092" lon="75.8506052">
        <time>2018-10-06T11:27:28Z</time>
      </trkpt>
      <trkpt lat="26.9017061" lon="75.8499528">
        <time>2018-10-06T11:27:39Z</time>
      </trkpt>
      <trkpt lat="26.9016580" lon="75.8490299">
        <time>2018-10-06T11:27:49Z</time>
      </trkpt>
      <trkpt lat="26.9016113" lon="75.8478332">
        <time>2018-10-06T11:28:00Z</time>
      </trkpt>
      <trkpt lat="26.9020038" lon="75.8464719">
        <time>2018-10-06T11:28:11Z</time>
      </trkpt>
      <trkpt lat="26.9026079" lon="75.8457575">
        <time>2018-10-06T11:28:21Z</time>
      </trkpt>
      <trkpt lat="26.9031077" lon="75.8452950">
        <time>2018-10-06T11:28:32Z</time>
      </trkpt>
      <trkpt lat="26.9041899" lon="75.8444470">
        <time>2018-10-06T11:28:44Z</time>
      </trkpt>
      <trkpt lat="26.9055872" lon="75.8429411">
        <time>2018-10-06T11:28:55Z</time>
      </trkpt>
      <trkpt lat="26.9063282" lon="75.8419839">
        <time>2018-10-06T11:29:05Z</time>
      </trkpt>
      <trkpt lat="26.9066872" lon="75.8414358">
        <time>2018-10-06T11:29:15Z</time>
      </trkpt>
      <trkpt lat="26.9067232" lon="75.8413741">
        <time>2018-10-06T11:29:25Z</time>
      </trkpt>
      <trkpt lat="26.9067393" lon="75.8413419">
        <time>2018-10-06T11:29:35Z</time>
      </trkpt>
      <trkpt lat="26.9068492" lon="75.8411530">
        <time>2018-10-06T11:29:46Z</time>
      </trkpt>
      <trkpt lat="26.9072103" lon="75.8406039">
        <time>2018-10-06T11:29:57Z</time>
      </trkpt>
      <trkpt lat="26.9079372" lon="75.8395028">
        <time>2018-10-06T11:30:07Z</time>
      </trkpt>
      <trkpt lat="26.9085281" lon="75.8387064">
        <time>2018-10-06T11:30:17Z</time>
      </trkpt>
      <trkpt lat="26.9089439" lon="75.8381573">
        <time>2018-10-06T11:30:28Z</time>
      </trkpt>
      <trkpt lat="26.9095251" lon="75.8375917">
        <time>2018-10-06T11:30:39Z</time>
      </trkpt>
      <trkpt lat="26.9101868" lon="75.8370286">
        <time>2018-10-06T11:30:50Z</time>
      </trkpt>
      <trkpt lat="26.9108489" lon="75.8363432">
        <time>2018-10-06T11:31:00Z</time>
      </trkpt>
      <trkpt lat="26.9111893" lon="75.8359685">
        <time>2018-10-06T11:31:10Z</time>
      </trkpt>
      <trkpt lat="26.9115306" lon="75.8355855">
        <time>2018-10-06T11:31:21Z</time>
      </trkpt>
      <trkpt lat="26.9120269" lon="75.8350436">
        <time>2018-10-06T11:31:31Z</time>
      </trkpt>
      <trkpt lat="26.9125249" lon="75.8345190">
        <time>2018-10-06T11:31:41Z</time>
      </trkpt>
      <trkpt lat="26.9130236" lon="75.8339354">
        <time>2018-10-06T11:31:52Z</time>
      </trkpt>
      <trkpt lat="26.9132774" lon="75.8333393">
        <time>2018-10-06T11:32:03Z</time>
      </trkpt>
      <trkpt lat="26.9132860" lon="75.8331422">
        <time>2018-10-06T11:32:14Z</time>
      </trkpt>
      <trkpt lat="26.9132860" lon="75.8331422">
        <time>2018-10-06T11:32:24Z</time>
      </trkpt>
      <trkpt lat="26.9133092" lon="75.8330896">
        <time>2018-10-06T11:32:35Z</time>
      </trkpt>
      <trkpt lat="26.9134758" lon="75.8326993">
        <time>2018-10-06T11:32:46Z</time>
      </trkpt>
      <trkpt lat="26.9135155" lon="75.8324992">
        <time>2018-10-06T11:32:57Z</time>
      </trkpt>
      <trkpt lat="26.9137006" lon="75.8318326">
        <time>2018-10-06T11:33:07Z</time>
      </trkpt>
      <trkpt lat="26.9139315" lon="75.8309295">
        <time>2018-10-06T11:33:18Z</time>
      </trkpt>
      <trkpt lat="26.9141991" lon="75.8297898">
        <time>2018-10-06T11:33:28Z</time>
      </trkpt>
      <trkpt lat="26.9144300" lon="75.8288238">
        <time>2018-10-06T11:33:39Z</time>
      </trkpt>
      <trkpt lat="26.9146250" lon="75.8280770">
        <time>2018-10-06T11:33:49Z</time>
      </trkpt>
      <trkpt lat="26.9147782" lon="75.8274219">
        <time>2018-10-06T11:34:00Z</time>
      </trkpt>
      <trkpt lat="26.9148976" lon="75.8269997">
        <time>2018-10-06T11:34:11Z</time>
      </trkpt>
      <trkpt lat="26.9149803" lon="75.8265897">
        <time>2018-10-06T11:34:22Z</time>
      </trkpt>
      <trkpt lat="26.9150913" lon="75.8261148">
        <time>2018-10-06T11:34:32Z</time>
      </trkpt>
      <trkpt lat="26.9151305" lon="75.8259712">
        <time>2018-10-06T11:34:43Z</time>
      </trkpt>
      <trkpt lat="26.9151305" lon="75.8259712">
        <time>2018-10-06T11:34:53Z</time>
      </trkpt>
      <trkpt lat="26.9151457" lon="75.8258753">
        <time>2018-10-06T11:35:04Z</time>
      </trkpt>
      <trkpt lat="26.9151904" lon="75.8256808">
        <time>2018-10-06T11:35:15Z</time>
      </trkpt>
      <trkpt lat="26.9151798" lon="75.8255260">
        <time>2018-10-06T11:35:25Z</time>
      </trkpt>
      <trkpt lat="26.9151672" lon="75.8254568">
        <time>2018-10-06T11:35:36Z</time>
      </trkpt>
      <trkpt lat="26.9151250" lon="75.8251931">
        <time>2018-10-06T11:35:46Z</time>
      </trkpt>
      <trkpt lat="26.9151434" lon="75.8248999">
        <time>2018-10-06T11:35:57Z</time>
      </trkpt>
      <trkpt lat="26.9151293" lon="75.8248126">
        <time>2018-10-06T11:36:08Z</time>
      </trkpt>
      <trkpt lat="26.9151285" lon="75.8245592">
        <time>2018-10-06T11:36:18Z</time>
      </trkpt>
      <trkpt lat="26.9152133" lon="75.8240038">
        <time>2018-10-06T11:36:29Z</time>
      </trkpt>
      <trkpt lat="26.9155077" lon="75.8226449">
        <time>2018-10-06T11:36:39Z</time>
      </trkpt>
      <trkpt lat="26.9156617" lon="75.8216411">
        <time>2018-10-06T11:36:50Z</time>
      </trkpt>
      <trkpt lat="26.9155684" lon="75.8214526">
        <time>2018-10-06T11:37:00Z</time>
      </trkpt>
      <trkpt lat="26.9155652" lon="75.8207662">
        <time>2018-10-06T11:37:11Z</time>
      </trkpt>
      <trkpt lat="26.9150308" lon="75.8206129">
        <time>2018-10-06T11:37:21Z</time>
      </trkpt>
      <trkpt lat="26.9142340" lon="75.8204364">
        <time>2018-10-06T11:37:31Z</time>
      </trkpt>
      <trkpt lat="26.9137615" lon="75.8201062">
        <time>2018-10-06T11:37:41Z</time>
      </trkpt>
      <trkpt lat="26.9140035" lon="75.8192821">
        <time>2018-10-06T11:37:52Z</time>
      </trkpt>
      <trkpt lat="26.9141945" lon="75.8183583">
        <time>2018-10-06T11:38:03Z</time>
      </trkpt>
      <trkpt lat="26.9144044" lon="75.8171788">
        <time>2018-10-06T11:38:14Z</time>
      </trkpt>
      <trkpt lat="26.9144726" lon="75.8168573">
        <time>2018-10-06T11:38:25Z</time>
      </trkpt>
      <trkpt lat="26.9143005" lon="75.8166599">
        <time>2018-10-06T11:38:36Z</time>
      </trkpt>
      <trkpt lat="26.9134153" lon="75.8163747">
        <time>2018-10-06T11:38:47Z</time>
      </trkpt>
      <trkpt lat="26.9126429" lon="75.8161989">
        <time>2018-10-06T11:38:57Z</time>
      </trkpt>
      <trkpt lat="26.9124099" lon="75.8158308">
        <time>2018-10-06T11:39:08Z</time>
      </trkpt>
      <trkpt lat="26.9126385" lon="75.8149508">
        <time>2018-10-06T11:39:18Z</time>
      </trkpt>
      <trkpt lat="26.9128361" lon="75.8139559">
        <time>2018-10-06T11:39:29Z</time>
      </trkpt>
      <trkpt lat="26.9130242" lon="75.8129955">
        <time>2018-10-06T11:39:39Z</time>
      </trkpt>
      <trkpt lat="26.9132021" lon="75.8122174">
        <time>2018-10-06T11:39:49Z</time>
      </trkpt>
      <trkpt lat="26.9132820" lon="75.8117259">
        <time>2018-10-06T11:39:59Z</time>
      </trkpt>
      <trkpt lat="26.9134417" lon="75.8109310">
        <time>2018-10-06T11:40:10Z</time>
      </trkpt>
      <trkpt lat="26.9136453" lon="75.8100400">
        <time>2018-10-06T11:40:20Z</time>
      </trkpt>
      <trkpt lat="26.9138128" lon="75.8090576">
        <time>2018-10-06T11:40:31Z</time>
      </trkpt>
      <trkpt lat="26.9138429" lon="75.8088887">
        <time>2018-10-06T11:40:41Z</time>
      </trkpt>
      <trkpt lat="26.9138429" lon="75.8088887">
        <time>2018-10-06T11:40:51Z</time>
      </trkpt>
      <trkpt lat="26.9138429" lon="75.8088887">
        <time>2018-10-06T11:41:01Z</time>
      </trkpt>
      <trkpt lat="26.9138429" lon="75.8088887">
        <time>2018-10-06T11:41:12Z</time>
      </trkpt>
      <trkpt lat="26.9138429" lon="75.8088887">
        <time>2018-10-06T11:41:23Z</time>
      </trkpt>
      <trkpt lat="26.9141209" lon="75.8087333">
        <time>2018-10-06T11:41:34Z</time>
      </trkpt>
      <trkpt lat="26.9150463" lon="75.8092286">
        <time>2018-10-06T11:41:45Z</time>
      </trkpt>
      <trkpt lat="26.9155365" lon="75.8093996">
        <time>2018-10-06T11:41:55Z</time>
      </trkpt>
      <trkpt lat="26.9159354" lon="75.8095948">
        <time>2018-10-06T11:42:06Z</time>
      </trkpt>
      <trkpt lat="26.9160793" lon="75.8097088">
        <time>2018-10-06T11:42:16Z</time>
      </trkpt>
      <trkpt lat="26.9166599" lon="75.8099657">
        <time>2018-10-06T11:42:27Z</time>
      </trkpt>
      <trkpt lat="26.9169817" lon="75.8100465">
        <time>2018-10-06T11:42:38Z</time>
      </trkpt>
      <trkpt lat="26.9174035" lon="75.8101451">
        <time>2018-10-06T11:42:49Z</time>
      </trkpt>
      <trkpt lat="26.9178483" lon="75.8102384">
        <time>2018-10-06T11:43:00Z</time>
      </trkpt>
      <trkpt lat="26.9180075" lon="75.8102675">
        <time>2018-10-06T11:43:10Z</time>
      </trkpt>
      <trkpt lat="26.9180971" lon="75.8100627">
        <time>2018-10-06T11:43:20Z</time>
      </trkpt>
      <trkpt lat="26.9181740" lon="75.8095975">
        <time>2018-10-06T11:43:30Z</time>
      </trkpt>
      <trkpt lat="26.9182969" lon="75.8090410">
        <time>2018-10-06T11:43:40Z</time>
      </trkpt>
      <trkpt lat="26.9183490" lon="75.8087593">
        <time>2018-10-06T11:43:51Z</time>
      </trkpt>
      <trkpt lat="26.9184596" lon="75.8083287">
        <time>2018-10-06T11:44:01Z</time>
      </trkpt>
      <trkpt lat="26.9185058" lon="75.8078689">
        <time>2018-10-06T11:44:13Z</time>
      </trkpt>
      <trkpt lat="26.9182674" lon="75.8077889">
        <time>2018-10-06T11:44:23Z</time>
      </trkpt>
      <trkpt lat="26.9177497" lon="75.8076587">
        <time>2018-10-06T11:44:34Z</time>
      </trkpt>
      <trkpt lat="26.9176871" lon="75.8076382">
        <time>2018-10-06T11:44:44Z</time>
      </trkpt>
      <trkpt lat="26.9176871" lon="75.8076382">
        <time>2018-10-06T11:44:54Z</time>
      </trkpt>
      <trkpt lat="26.9176871" lon="75.8076382">
        <time>2018-10-06T11:45:05Z</time>
      </trkpt>
      <trkpt lat="26.9176871" lon="75.8076382">
        <time>2018-10-06T11:45:15Z</time>
      </trkpt>
      <trkpt lat="26.9176871" lon="75.8076382">
        <time>2018-10-06T11:45:26Z</time>
      </trkpt>
      <trkpt lat="26.9175959" lon="75.8076109">
        <time>2018-10-06T11:45:36Z</time>
      </trkpt>
      <trkpt lat="26.9175717" lon="75.8076106">
        <time>2018-10-06T11:45:47Z</time>
      </trkpt>
      <trkpt lat="26.9175311" lon="75.8075502">
        <time>2018-10-06T11:45:58Z</time>
      </trkpt>
      <trkpt lat="26.9174968" lon="75.8075490">
        <time>2018-10-06T11:46:09Z</time>
      </trkpt>
      <trkpt lat="26.9174507" lon="75.8075647">
        <time>2018-10-06T11:46:20Z</time>
      </trkpt>
      <trkpt lat="26.9174366" lon="75.8075928">
        <time>2018-10-06T11:46:31Z</time>
      </trkpt>
      <trkpt lat="26.9174366" lon="75.8075928">
        <time>2018-10-06T11:46:41Z</time>
      </trkpt>
      <trkpt lat="26.9174366" lon="75.8075928">
        <time>2018-10-06T11:46:52Z</time>
      </trkpt>
      <trkpt lat="26.9174366" lon="75.8075928">
        <time>2018-10-06T11:47:02Z</time>
      </trkpt>
      <trkpt lat="26.9174366" lon="75.8075928">
        <time>2018-10-06T11:47:12Z</time>
      </trkpt>
      <trkpt lat="26.9174366" lon="75.8075928">
        <time>2018-10-06T11:47:22Z</time>
      </trkpt>
      <trkpt lat="26.9174366" lon="75.8075928">
        <time>2018-10-06T11:47:33Z</time>
      </trkpt>
      <trkpt lat="26.9174366" lon="75.8075928">
        <time>2018-10-06T11:47:43Z</time>
      </trkpt>
      <trkpt lat="26.9174366" lon="75.8075928">
        <time>2018-10-06T11:47:53Z</time>
      </trkpt>
      <trkpt lat="26.9174366" lon="75.8075928">
        <time>2018-10-06T11:48:04Z</time>
      </trkpt>
      <trkpt lat="26.9174366" lon="75.8075928">
        <time>2018-10-06T11:48:15Z</time>
      </trkpt>
      <trkpt lat="26.9174366" lon="75.8075928">
        <time>2018-10-06T11:48:26Z</time>
      </trkpt>
      <trkpt lat="26.9174366" lon="75.8075928">
        <time>2018-10-06T11:48:37Z</time>
      </trkpt>
      <trkpt lat="26.9174366" lon="75.8075928">
        <time>2018-10-06T11:48:47Z</time>
      </trkpt>
      <trkpt lat="26.9174435" lon="75.8075901">
        <time>2018-10-06T11:48:57Z</time>
      </trkpt>
      <trkpt lat="26.9174503" lon="75.8076012">
        <time>2018-10-06T11:49:07Z</time>
      </trkpt>
      <trkpt lat="26.9174503" lon="75.8076013">
        <time>2018-10-06T11:49:17Z</time>
      </trkpt>
      <trkpt lat="26.9174503" lon="75.8076013">
        <time>2018-10-06T11:49:27Z</time>
      </trkpt>
      <trkpt lat="26.9174503" lon="75.8076013">
        <time>2018-10-06T11:49:37Z</time>
      </trkpt>
      <trkpt lat="26.9174503" lon="75.8076013">
        <time>2018-10-06T11:49:48Z</time>
      </trkpt>
      <trkpt lat="26.9174503" lon="75.8076013">
        <time>2018-10-06T11:49:59Z</time>
      </trkpt>
      <trkpt lat="26.9174503" lon="75.8076013">
        <time>2018-10-06T11:50:10Z</time>
      </trkpt>
      <trkpt lat="26.9174503" lon="75.8076013">
        <time>2018-10-06T11:50:20Z</time>
      </trkpt>
      <trkpt lat="26.9174503" lon="75.8076013">
        <time>2018-10-06T11:50:31Z</time>
      </trkpt>
      <trkpt lat="26.9174503" lon="75.8076013">
        <time>2018-10-06T11:50:42Z</time>
      </trkpt>
      <trkpt lat="26.9174503" lon="75.8076013">
        <time>2018-10-06T11:50:53Z</time>
      </trkpt>
      <trkpt lat="26.9174503" lon="75.8076013">
        <time>2018-10-06T11:51:03Z</time>
      </trkpt>
      <trkpt lat="26.9174503" lon="75.8076013">
        <time>2018-10-06T11:51:14Z</time>
      </trkpt>
      <trkpt lat="26.9174503" lon="75.8076013">
        <time>2018-10-06T11:51:24Z</time>
      </trkpt>
      <trkpt lat="26.9174503" lon="75.8076013">
        <time>2018-10-06T11:51:35Z</time>
      </trkpt>
      <trkpt lat="26.9174503" lon="75.8076013">
        <time>2018-10-06T11:51:45Z</time>
      </trkpt>
      <trkpt lat="26.9174503" lon="75.8076013">
        <time>2018-10-06T11:51:56Z</time>
      </trkpt>
      <trkpt lat="26.9174503" lon="75.8076013">
        <time>2018-10-06T11:52:06Z</time>
      </trkpt>
      <trkpt lat="26.9174503" lon="75.8076013">
        <time>2018-10-06T11:52:16Z</time>
      </trkpt>
      <trkpt lat="26.9174503" lon="75.8076013">
        <time>2018-10-06T11:52:27Z</time>
      </trkpt>
      <trkpt lat="26.9174503" lon="75.8076013">
        <time>2018-10-06T11:52:39Z</time>
      </trkpt>
      <trkpt lat="26.9174503" lon="75.8076013">
        <time>2018-10-06T11:52:49Z</time>
      </trkpt>
      <trkpt lat="26.9174503" lon="75.8076013">
        <time>2018-10-06T11:52:59Z</time>
      </trkpt>
      <trkpt lat="26.9174503" lon="75.8076013">
        <time>2018-10-06T11:53:11Z</time>
      </trkpt>
      <trkpt lat="26.9174503" lon="75.8076013">
        <time>2018-10-06T11:53:21Z</time>
      </trkpt>
      <trkpt lat="26.9174503" lon="75.8076013">
        <time>2018-10-06T11:53:32Z</time>
      </trkpt>
      <trkpt lat="26.9174503" lon="75.8076013">
        <time>2018-10-06T11:53:43Z</time>
      </trkpt>
      <trkpt lat="26.9174503" lon="75.8076013">
        <time>2018-10-06T11:53:54Z</time>
      </trkpt>
      <trkpt lat="26.9174503" lon="75.8076013">
        <time>2018-10-06T11:54:05Z</time>
      </trkpt>
      <trkpt lat="26.9174608" lon="75.8076282">
        <time>2018-10-06T11:54:16Z</time>
      </trkpt>
      <trkpt lat="26.9174292" lon="75.8076988">
        <time>2018-10-06T11:54:26Z</time>
      </trkpt>
      <trkpt lat="26.9174208" lon="75.8076978">
        <time>2018-10-06T11:54:37Z</time>
      </trkpt>
      <trkpt lat="26.9174208" lon="75.8076978">
        <time>2018-10-06T11:54:47Z</time>
      </trkpt>
      <trkpt lat="26.9174208" lon="75.8076978">
        <time>2018-10-06T11:54:58Z</time>
      </trkpt>
      <trkpt lat="26.9174208" lon="75.8076978">
        <time>2018-10-06T11:55:09Z</time>
      </trkpt>
      <trkpt lat="26.9174208" lon="75.8076978">
        <time>2018-10-06T11:55:20Z</time>
      </trkpt>
      <trkpt lat="26.9174281" lon="75.8076484">
        <time>2018-10-06T11:55:30Z</time>
      </trkpt>
      <trkpt lat="26.9174281" lon="75.8076484">
        <time>2018-10-06T11:55:40Z</time>
      </trkpt>
      <trkpt lat="26.9174281" lon="75.8076484">
        <time>2018-10-06T11:55:51Z</time>
      </trkpt>
      <trkpt lat="26.9174281" lon="75.8076484">
        <time>2018-10-06T11:56:01Z</time>
      </trkpt>
      <trkpt lat="26.9174281" lon="75.8076484">
        <time>2018-10-06T11:56:11Z</time>
      </trkpt>
      <trkpt lat="26.9174281" lon="75.8076484">
        <time>2018-10-06T11:56:22Z</time>
      </trkpt>
      <trkpt lat="26.9174281" lon="75.8076484">
        <time>2018-10-06T11:56:32Z</time>
      </trkpt>
      <trkpt lat="26.9174281" lon="75.8076484">
        <time>2018-10-06T11:56:43Z</time>
      </trkpt>
      <trkpt lat="26.9174281" lon="75.8076484">
        <time>2018-10-06T11:56:54Z</time>
      </trkpt>
      <trkpt lat="26.9174281" lon="75.8076484">
        <time>2018-10-06T11:57:05Z</time>
      </trkpt>
      <trkpt lat="26.9174281" lon="75.8076484">
        <time>2018-10-06T11:57:15Z</time>
      </trkpt>
      <trkpt lat="26.9174281" lon="75.8076484">
        <time>2018-10-06T11:57:26Z</time>
      </trkpt>
      <trkpt lat="26.9174281" lon="75.8076484">
        <time>2018-10-06T11:57:37Z</time>
      </trkpt>
      <trkpt lat="26.9174183" lon="75.8076320">
        <time>2018-10-06T11:57:48Z</time>
      </trkpt>
    </trkseg>
  </trk>
  <trk>
    <trkseg>
      <trkpt lat="26.9178468" lon="75.8066458">
        <time>2018-10-03T08:56:51Z</time>
      </trkpt>
      <trkpt lat="26.9176276" lon="75.8065002">
        <time>2018-10-03T08:57:02Z</time>
      </trkpt>
      <trkpt lat="26.9175257" lon="75.8064594">
        <time>2018-10-03T08:57:12Z</time>
      </trkpt>
      <trkpt lat="26.9175470" lon="75.8066184">
        <time>2018-10-03T08:57:22Z</time>
      </trkpt>
      <trkpt lat="26.9175218" lon="75.8067210">
        <time>2018-10-03T08:57:33Z</time>
      </trkpt>
      <trkpt lat="26.9174450" lon="75.8068152">
        <time>2018-10-03T08:57:44Z</time>
      </trkpt>
      <trkpt lat="26.9173413" lon="75.8068656">
        <time>2018-10-03T08:57:54Z</time>
      </trkpt>
      <trkpt lat="26.9171824" lon="75.8068623">
        <time>2018-10-03T08:58:04Z</time>
      </trkpt>
      <trkpt lat="26.9170733" lon="75.8068602">
        <time>2018-10-03T08:58:14Z</time>
      </trkpt>
      <trkpt lat="26.9169418" lon="75.8068204">
        <time>2018-10-03T08:58:24Z</time>
      </trkpt>
      <trkpt lat="26.9168189" lon="75.8068167">
        <time>2018-10-03T08:58:35Z</time>
      </trkpt>
      <trkpt lat="26.9167362" lon="75.8068060">
        <time>2018-10-03T08:58:45Z</time>
      </trkpt>
      <trkpt lat="26.9166743" lon="75.8067872">
        <time>2018-10-03T08:58:55Z</time>
      </trkpt>
      <trkpt lat="26.9165968" lon="75.8068954">
        <time>2018-10-03T08:59:05Z</time>
      </trkpt>
      <trkpt lat="26.9165263" lon="75.8070094">
        <time>2018-10-03T08:59:16Z</time>
      </trkpt>
      <trkpt lat="26.9165338" lon="75.8071161">
        <time>2018-10-03T08:59:26Z</time>
      </trkpt>
      <trkpt lat="26.9165205" lon="75.8072809">
        <time>2018-10-03T08:59:37Z</time>
      </trkpt>
      <trkpt lat="26.9165116" lon="75.8073668">
        <time>2018-10-03T08:59:47Z</time>
      </trkpt>
      <trkpt lat="26.9164836" lon="75.8074590">
        <time>2018-10-03T08:59:58Z</time>
      </trkpt>
      <trkpt lat="26.9164536" lon="75.8075786">
        <time>2018-10-03T09:00:09Z</time>
      </trkpt>
      <trkpt lat="26.9164220" lon="75.8076968">
        <time>2018-10-03T09:00:20Z</time>
      </trkpt>
      <trkpt lat="26.9164022" lon="75.8078364">
        <time>2018-10-03T09:00:30Z</time>
      </trkpt>
      <trkpt lat="26.9163638" lon="75.8079677">
        <time>2018-10-03T09:00:40Z</time>
      </trkpt>
      <trkpt lat="26.9163215" lon="75.8080998">
        <time>2018-10-03T09:00:50Z</time>
      </trkpt>
      <trkpt lat="26.9162968" lon="75.8081832">
        <time>2018-10-03T09:01:00Z</time>
      </trkpt>
      <trkpt lat="26.9162749" lon="75.8083033">
        <time>2018-10-03T09:01:11Z</time>
      </trkpt>
      <trkpt lat="26.9162589" lon="75.8084189">
        <time>2018-10-03T09:01:21Z</time>
      </trkpt>
      <trkpt lat="26.9162390" lon="75.8085245">
        <time>2018-10-03T09:01:31Z</time>
      </trkpt>
      <trkpt lat="26.9162222" lon="75.8086624">
        <time>2018-10-03T09:01:42Z</time>
      </trkpt>
      <trkpt lat="26.9161929" lon="75.8088121">
        <time>2018-10-03T09:01:53Z</time>
      </trkpt>
      <trkpt lat="26.9161923" lon="75.8089428">
        <time>2018-10-03T09:02:04Z</time>
      </trkpt>
      <trkpt lat="26.9161729" lon="75.8090970">
        <time>2018-10-03T09:02:15Z</time>
      </trkpt>
      <trkpt lat="26.9161760" lon="75.8092595">
        <time>2018-10-03T09:02:25Z</time>
      </trkpt>
      <trkpt lat="26.9161995" lon="75.8093814">
        <time>2018-10-03T09:02:35Z</time>
      </trkpt>
      <trkpt lat="26.9161783" lon="75.8094924">
        <time>2018-10-03T09:02:46Z</time>
      </trkpt>
      <trkpt lat="26.9161274" lon="75.8095906">
        <time>2018-10-03T09:02:56Z</time>
      </trkpt>
      <trkpt lat="26.9160803" lon="75.8096828">
        <time>2018-10-03T09:03:06Z</time>
      </trkpt>
      <trkpt lat="26.9160651" lon="75.8097370">
        <time>2018-10-03T09:03:17Z</time>
      </trkpt>
      <trkpt lat="26.9160347" lon="75.8097962">
        <time>2018-10-03T09:03:27Z</time>
      </trkpt>
      <trkpt lat="26.9160347" lon="75.8097962">
        <time>2018-10-03T09:03:38Z</time>
      </trkpt>
      <trkpt lat="26.9160287" lon="75.8098361">
        <time>2018-10-03T09:03:49Z</time>
      </trkpt>
      <trkpt lat="26.9159717" lon="75.8098409">
        <time>2018-10-03T09:04:00Z</time>
      </trkpt>
    </trkseg>
  </trk>
  <trk>
    <trkseg>
      <trkpt lat="26.9174811" lon="75.8075978">
        <time>2018-10-10T05:52:31Z</time>
      </trkpt>
      <trkpt lat="26.9174556" lon="75.8075955">
        <time>2018-10-10T05:52:42Z</time>
      </trkpt>
      <trkpt lat="26.9174556" lon="75.8075955">
        <time>2018-10-10T05:52:53Z</time>
      </trkpt>
      <trkpt lat="26.9174556" lon="75.8075955">
        <time>2018-10-10T05:53:03Z</time>
      </trkpt>
      <trkpt lat="26.9174556" lon="75.8075955">
        <time>2018-10-10T05:53:13Z</time>
      </trkpt>
      <trkpt lat="26.9174534" lon="75.8075832">
        <time>2018-10-10T05:53:24Z</time>
      </trkpt>
      <trkpt lat="26.9174534" lon="75.8075832">
        <time>2018-10-10T05:53:34Z</time>
      </trkpt>
      <trkpt lat="26.9174478" lon="75.8075673">
        <time>2018-10-10T05:53:45Z</time>
      </trkpt>
      <trkpt lat="26.9174478" lon="75.8075673">
        <time>2018-10-10T05:53:55Z</time>
      </trkpt>
      <trkpt lat="26.9174478" lon="75.8075673">
        <time>2018-10-10T05:54:06Z</time>
      </trkpt>
      <trkpt lat="26.9174478" lon="75.8075673">
        <time>2018-10-10T05:54:16Z</time>
      </trkpt>
      <trkpt lat="26.9174478" lon="75.8075673">
        <time>2018-10-10T05:54:27Z</time>
      </trkpt>
      <trkpt lat="26.9174478" lon="75.8075673">
        <time>2018-10-10T05:54:37Z</time>
      </trkpt>
      <trkpt lat="26.9174478" lon="75.8075673">
        <time>2018-10-10T05:54:47Z</time>
      </trkpt>
      <trkpt lat="26.9174565" lon="75.8075617">
        <time>2018-10-10T05:54:58Z</time>
      </trkpt>
      <trkpt lat="26.9174565" lon="75.8075617">
        <time>2018-10-10T05:55:09Z</time>
      </trkpt>
      <trkpt lat="26.9174565" lon="75.8075617">
        <time>2018-10-10T05:55:19Z</time>
      </trkpt>
      <trkpt lat="26.9174677" lon="75.8075713">
        <time>2018-10-10T05:55:29Z</time>
      </trkpt>
      <trkpt lat="26.9174677" lon="75.8075713">
        <time>2018-10-10T05:55:40Z</time>
      </trkpt>
      <trkpt lat="26.9174677" lon="75.8075713">
        <time>2018-10-10T05:55:50Z</time>
      </trkpt>
      <trkpt lat="26.9174527" lon="75.8075802">
        <time>2018-10-10T05:56:01Z</time>
      </trkpt>
      <trkpt lat="26.9174677" lon="75.8076133">
        <time>2018-10-10T05:56:12Z</time>
      </trkpt>
      <trkpt lat="26.9174599" lon="75.8076245">
        <time>2018-10-10T05:56:22Z</time>
      </trkpt>
      <trkpt lat="26.9174382" lon="75.8076131">
        <time>2018-10-10T05:56:32Z</time>
      </trkpt>
      <trkpt lat="26.9174390" lon="75.8076072">
        <time>2018-10-10T05:56:43Z</time>
      </trkpt>
      <trkpt lat="26.9174514" lon="75.8075842">
        <time>2018-10-10T05:56:54Z</time>
      </trkpt>
      <trkpt lat="26.9174514" lon="75.8075842">
        <time>2018-10-10T05:57:05Z</time>
      </trkpt>
      <trkpt lat="26.9174503" lon="75.8076004">
        <time>2018-10-10T05:57:15Z</time>
      </trkpt>
      <trkpt lat="26.9174538" lon="75.8076021">
        <time>2018-10-10T05:57:26Z</time>
      </trkpt>
      <trkpt lat="26.9174538" lon="75.8076021">
        <time>2018-10-10T05:57:36Z</time>
      </trkpt>
      <trkpt lat="26.9174538" lon="75.8076021">
        <time>2018-10-10T05:57:47Z</time>
      </trkpt>
      <trkpt lat="26.9174538" lon="75.8076021">
        <time>2018-10-10T05:57:57Z</time>
      </trkpt>
      <trkpt lat="26.9174538" lon="75.8076021">
        <time>2018-10-10T05:58:08Z</time>
      </trkpt>
      <trkpt lat="26.9174538" lon="75.8076021">
        <time>2018-10-10T05:58:18Z</time>
      </trkpt>
      <trkpt lat="26.9174538" lon="75.8076021">
        <time>2018-10-10T05:58:29Z</time>
      </trkpt>
      <trkpt lat="26.9174349" lon="75.8075932">
        <time>2018-10-10T05:58:39Z</time>
      </trkpt>
      <trkpt lat="26.9174346" lon="75.8075932">
        <time>2018-10-10T05:58:49Z</time>
      </trkpt>
      <trkpt lat="26.9174346" lon="75.8075932">
        <time>2018-10-10T05:59:00Z</time>
      </trkpt>
      <trkpt lat="26.9174346" lon="75.8075932">
        <time>2018-10-10T05:59:10Z</time>
      </trkpt>
      <trkpt lat="26.9174453" lon="75.8075989">
        <time>2018-10-10T05:59:20Z</time>
      </trkpt>
      <trkpt lat="26.9174453" lon="75.8075989">
        <time>2018-10-10T05:59:30Z</time>
      </trkpt>
      <trkpt lat="26.9174639" lon="75.8075683">
        <time>2018-10-10T05:59:41Z</time>
      </trkpt>
      <trkpt lat="26.9175343" lon="75.8075416">
        <time>2018-10-10T05:59:52Z</time>
      </trkpt>
      <trkpt lat="26.9175454" lon="75.8075878">
        <time>2018-10-10T06:00:02Z</time>
      </trkpt>
      <trkpt lat="26.9175677" lon="75.8076010">
        <time>2018-10-10T06:00:12Z</time>
      </trkpt>
      <trkpt lat="26.9176798" lon="75.8076325">
        <time>2018-10-10T06:00:22Z</time>
      </trkpt>
      <trkpt lat="26.9178103" lon="75.8076649">
        <time>2018-10-10T06:00:33Z</time>
      </trkpt>
      <trkpt lat="26.9179580" lon="75.8076876">
        <time>2018-10-10T06:00:44Z</time>
      </trkpt>
      <trkpt lat="26.9180869" lon="75.8077052">
        <time>2018-10-10T06:00:55Z</time>
      </trkpt>
      <trkpt lat="26.9182066" lon="75.8077397">
        <time>2018-10-10T06:01:05Z</time>
      </trkpt>
      <trkpt lat="26.9183377" lon="75.8078033">
        <time>2018-10-10T06:01:15Z</time>
      </trkpt>
      <trkpt lat="26.9184700" lon="75.8078392">
        <time>2018-10-10T06:01:25Z</time>
      </trkpt>
      <trkpt lat="26.9184881" lon="75.8079897">
        <time>2018-10-10T06:01:36Z</time>
      </trkpt>
      <trkpt lat="26.9184767" lon="75.8081403">
        <time>2018-10-10T06:01:46Z</time>
      </trkpt>
      <trkpt lat="26.9184397" lon="75.8083040">
        <time>2018-10-10T06:01:57Z</time>
      </trkpt>
      <trkpt lat="26.9184141" lon="75.8084278">
        <time>2018-10-10T06:02:07Z</time>
      </trkpt>
      <trkpt lat="26.9183999" lon="75.8085691">
        <time>2018-10-10T06:02:18Z</time>
      </trkpt>
      <trkpt lat="26.9183614" lon="75.8087384">
        <time>2018-10-10T06:02:29Z</time>
      </trkpt>
      <trkpt lat="26.9183610" lon="75.8088679">
        <time>2018-10-10T06:02:39Z</time>
      </trkpt>
      <trkpt lat="26.9183573" lon="75.8090374">
        <time>2018-10-10T06:02:50Z</time>
      </trkpt>
      <trkpt lat="26.9183328" lon="75.8091534">
        <time>2018-10-10T06:03:00Z</time>
      </trkpt>
      <trkpt lat="26.9182891" lon="75.8093076">
        <time>2018-10-10T06:03:10Z</time>
      </trkpt>
      <trkpt lat="26.9182749" lon="75.8094603">
        <time>2018-10-10T06:03:20Z</time>
      </trkpt>
      <trkpt lat="26.9182395" lon="75.8095991">
        <time>2018-10-10T06:03:30Z</time>
      </trkpt>
      <trkpt lat="26.9182216" lon="75.8097323">
        <time>2018-10-10T06:03:41Z</time>
      </trkpt>
      <trkpt lat="26.9181923" lon="75.8098634">
        <time>2018-10-10T06:03:52Z</time>
      </trkpt>
      <trkpt lat="26.9181735" lon="75.8099271">
        <time>2018-10-10T06:04:02Z</time>
      </trkpt>
      <trkpt lat="26.9182021" lon="75.8099205">
        <time>2018-10-10T06:04:12Z</time>
      </trkpt>
      <trkpt lat="26.9183205" lon="75.8099903">
        <time>2018-10-10T06:04:23Z</time>
      </trkpt>
      <trkpt lat="26.9184059" lon="75.8100539">
        <time>2018-10-10T06:04:33Z</time>
      </trkpt>
      <trkpt lat="26.9185355" lon="75.8101122">
        <time>2018-10-10T06:04:44Z</time>
      </trkpt>
      <trkpt lat="26.9186611" lon="75.8101630">
        <time>2018-10-10T06:04:54Z</time>
      </trkpt>
      <trkpt lat="26.9187669" lon="75.8102118">
        <time>2018-10-10T06:05:04Z</time>
      </trkpt>
      <trkpt lat="26.9188882" lon="75.8102408">
        <time>2018-10-10T06:05:15Z</time>
      </trkpt>
      <trkpt lat="26.9190163" lon="75.8102490">
        <time>2018-10-10T06:05:26Z</time>
      </trkpt>
      <trkpt lat="26.9191165" lon="75.8102443">
        <time>2018-10-10T06:05:37Z</time>
      </trkpt>
      <trkpt lat="26.9191747" lon="75.8103260">
        <time>2018-10-10T06:05:47Z</time>
      </trkpt>
      <trkpt lat="26.9191984" lon="75.8104779">
        <time>2018-10-10T06:05:57Z</time>
      </trkpt>
      <trkpt lat="26.9191788" lon="75.8106172">
        <time>2018-10-10T06:06:08Z</time>
      </trkpt>
      <trkpt lat="26.9191526" lon="75.8107456">
        <time>2018-10-10T06:06:19Z</time>
      </trkpt>
      <trkpt lat="26.9191200" lon="75.8108830">
        <time>2018-10-10T06:06:29Z</time>
      </trkpt>
      <trkpt lat="26.9190771" lon="75.8110223">
        <time>2018-10-10T06:06:40Z</time>
      </trkpt>
      <trkpt lat="26.9190766" lon="75.8111315">
        <time>2018-10-10T06:06:51Z</time>
      </trkpt>
      <trkpt lat="26.9190406" lon="75.8112726">
        <time>2018-10-10T06:07:02Z</time>
      </trkpt>
      <trkpt lat="26.9190050" lon="75.8114166">
        <time>2018-10-10T06:07:12Z</time>
      </trkpt>
      <trkpt lat="26.9189899" lon="75.8115498">
        <time>2018-10-10T06:07:22Z</time>
      </trkpt>
      <trkpt lat="26.9189906" lon="75.8116762">
        <time>2018-10-10T06:07:32Z</time>
      </trkpt>
      <trkpt lat="26.9189752" lon="75.8118067">
        <time>2018-10-10T06:07:43Z</time>
      </trkpt>
      <trkpt lat="26.9189405" lon="75.8119198">
        <time>2018-10-10T06:07:54Z</time>
      </trkpt>
      <trkpt lat="26.9189368" lon="75.8119927">
        <time>2018-10-10T06:08:05Z</time>
      </trkpt>
      <trkpt lat="26.9189073" lon="75.8121208">
        <time>2018-10-10T06:08:16Z</time>
      </trkpt>
      <trkpt lat="26.9188640" lon="75.8122465">
        <time>2018-10-10T06:08:27Z</time>
      </trkpt>
      <trkpt lat="26.9188252" lon="75.8124039">
        <time>2018-10-10T06:08:37Z</time>
      </trkpt>
      <trkpt lat="26.9188076" lon="75.8125378">
        <time>2018-10-10T06:08:48Z</time>
      </trkpt>
      <trkpt lat="26.9187983" lon="75.8126920">
        <time>2018-10-10T06:08:59Z</time>
      </trkpt>
      <trkpt lat="26.9187619" lon="75.8128085">
        <time>2018-10-10T06:09:09Z</time>
      </trkpt>
      <trkpt lat="26.9187151" lon="75.8129616">
        <time>2018-10-10T06:09:19Z</time>
      </trkpt>
      <trkpt lat="26.9187050" lon="75.8130969">
        <time>2018-10-10T06:09:30Z</time>
      </trkpt>
      <trkpt lat="26.9186783" lon="75.8132419">
        <time>2018-10-10T06:09:40Z</time>
      </trkpt>
      <trkpt lat="26.9186461" lon="75.8133830">
        <time>2018-10-10T06:09:50Z</time>
      </trkpt>
      <trkpt lat="26.9186152" lon="75.8134795">
        <time>2018-10-10T06:10:01Z</time>
      </trkpt>
      <trkpt lat="26.9185842" lon="75.8136173">
        <time>2018-10-10T06:10:11Z</time>
      </trkpt>
      <trkpt lat="26.9185563" lon="75.8137627">
        <time>2018-10-10T06:10:22Z</time>
      </trkpt>
      <trkpt lat="26.9185330" lon="75.8139115">
        <time>2018-10-10T06:10:33Z</time>
      </trkpt>
      <trkpt lat="26.9185076" lon="75.8139439">
        <time>2018-10-10T06:10:43Z</time>
      </trkpt>
      <trkpt lat="26.9185075" lon="75.8139419">
        <time>2018-10-10T06:10:54Z</time>
      </trkpt>
      <trkpt lat="26.9184848" lon="75.8139413">
        <time>2018-10-10T06:11:05Z</time>
      </trkpt>
      <trkpt lat="26.9184912" lon="75.8139346">
        <time>2018-10-10T06:11:16Z</time>
      </trkpt>
      <trkpt lat="26.9184913" lon="75.8139345">
        <time>2018-10-10T06:11:26Z</time>
      </trkpt>
      <trkpt lat="26.9184913" lon="75.8139345">
        <time>2018-10-10T06:11:36Z</time>
      </trkpt>
      <trkpt lat="26.9184801" lon="75.8139456">
        <time>2018-10-10T06:11:47Z</time>
      </trkpt>
      <trkpt lat="26.9184617" lon="75.8139402">
        <time>2018-10-10T06:11:58Z</time>
      </trkpt>
      <trkpt lat="26.9184707" lon="75.8139631">
        <time>2018-10-10T06:12:08Z</time>
      </trkpt>
      <trkpt lat="26.9184702" lon="75.8140772">
        <time>2018-10-10T06:12:18Z</time>
      </trkpt>
      <trkpt lat="26.9184450" lon="75.8142289">
        <time>2018-10-10T06:12:29Z</time>
      </trkpt>
      <trkpt lat="26.9184204" lon="75.8143643">
        <time>2018-10-10T06:12:40Z</time>
      </trkpt>
      <trkpt lat="26.9183964" lon="75.8145081">
        <time>2018-10-10T06:12:51Z</time>
      </trkpt>
      <trkpt lat="26.9183707" lon="75.8146374">
        <time>2018-10-10T06:13:01Z</time>
      </trkpt>
      <trkpt lat="26.9183380" lon="75.8147785">
        <time>2018-10-10T06:13:12Z</time>
      </trkpt>
      <trkpt lat="26.9183014" lon="75.8149137">
        <time>2018-10-10T06:13:23Z</time>
      </trkpt>
      <trkpt lat="26.9182926" lon="75.8150328">
        <time>2018-10-10T06:13:33Z</time>
      </trkpt>
      <trkpt lat="26.9182442" lon="75.8151996">
        <time>2018-10-10T06:13:44Z</time>
      </trkpt>
      <trkpt lat="26.9182157" lon="75.8153131">
        <time>2018-10-10T06:13:54Z</time>
      </trkpt>
      <trkpt lat="26.9181715" lon="75.8154542">
        <time>2018-10-10T06:14:05Z</time>
      </trkpt>
      <trkpt lat="26.9181559" lon="75.8155859">
        <time>2018-10-10T06:14:15Z</time>
      </trkpt>
      <trkpt lat="26.9181257" lon="75.8156937">
        <time>2018-10-10T06:14:26Z</time>
      </trkpt>
      <trkpt lat="26.9180688" lon="75.8158268">
        <time>2018-10-10T06:14:36Z</time>
      </trkpt>
      <trkpt lat="26.9180511" lon="75.8159389">
        <time>2018-10-10T06:14:47Z</time>
      </trkpt>
      <trkpt lat="26.9180272" lon="75.8161133">
        <time>2018-10-10T06:14:58Z</time>
      </trkpt>
      <trkpt lat="26.9179930" lon="75.8162376">
        <time>2018-10-10T06:15:08Z</time>
      </trkpt>
      <trkpt lat="26.9179460" lon="75.8163128">
        <time>2018-10-10T06:15:19Z</time>
      </trkpt>
      <trkpt lat="26.9179617" lon="75.8164690">
        <time>2018-10-10T06:15:30Z</time>
      </trkpt>
      <trkpt lat="26.9179330" lon="75.8165234">
        <time>2018-10-10T06:15:40Z</time>
      </trkpt>
      <trkpt lat="26.9179330" lon="75.8165234">
        <time>2018-10-10T06:15:50Z</time>
      </trkpt>
      <trkpt lat="26.9179330" lon="75.8165234">
        <time>2018-10-10T06:16:01Z</time>
      </trkpt>
      <trkpt lat="26.9178604" lon="75.8165811">
        <time>2018-10-10T06:16:12Z</time>
      </trkpt>
      <trkpt lat="26.9177708" lon="75.8166653">
        <time>2018-10-10T06:16:22Z</time>
      </trkpt>
      <trkpt lat="26.9177755" lon="75.8166591">
        <time>2018-10-10T06:16:32Z</time>
      </trkpt>
      <trkpt lat="26.9177755" lon="75.8166591">
        <time>2018-10-10T06:16:42Z</time>
      </trkpt>
      <trkpt lat="26.9177755" lon="75.8166591">
        <time>2018-10-10T06:16:53Z</time>
      </trkpt>
      <trkpt lat="26.9177755" lon="75.8166591">
        <time>2018-10-10T06:17:03Z</time>
      </trkpt>
      <trkpt lat="26.9177755" lon="75.8166591">
        <time>2018-10-10T06:17:13Z</time>
      </trkpt>
      <trkpt lat="26.9177755" lon="75.8166591">
        <time>2018-10-10T06:17:23Z</time>
      </trkpt>
      <trkpt lat="26.9178520" lon="75.8165833">
        <time>2018-10-10T06:17:34Z</time>
      </trkpt>
      <trkpt lat="26.9179298" lon="75.8165478">
        <time>2018-10-10T06:17:45Z</time>
      </trkpt>
      <trkpt lat="26.9180277" lon="75.8166029">
        <time>2018-10-10T06:17:56Z</time>
      </trkpt>
      <trkpt lat="26.9180979" lon="75.8166475">
        <time>2018-10-10T06:18:07Z</time>
      </trkpt>
      <trkpt lat="26.9181617" lon="75.8166943">
        <time>2018-10-10T06:18:18Z</time>
      </trkpt>
      <trkpt lat="26.9182532" lon="75.8167054">
        <time>2018-10-10T06:18:29Z</time>
      </trkpt>
      <trkpt lat="26.9183595" lon="75.8167159">
        <time>2018-10-10T06:18:39Z</time>
      </trkpt>
      <trkpt lat="26.9184913" lon="75.8167532">
        <time>2018-10-10T06:18:50Z</time>
      </trkpt>
      <trkpt lat="26.9185502" lon="75.8167939">
        <time>2018-10-10T06:19:00Z</time>
      </trkpt>
      <trkpt lat="26.9186153" lon="75.8168211">
        <time>2018-10-10T06:19:11Z</time>
      </trkpt>
      <trkpt lat="26.9187577" lon="75.8167889">
        <time>2018-10-10T06:19:21Z</time>
      </trkpt>
      <trkpt lat="26.9188806" lon="75.8168212">
        <time>2018-10-10T06:19:31Z</time>
      </trkpt>
      <trkpt lat="26.9190298" lon="75.8168574">
        <time>2018-10-10T06:19:42Z</time>
      </trkpt>
      <trkpt lat="26.9191395" lon="75.8168651">
        <time>2018-10-10T06:19:52Z</time>
      </trkpt>
      <trkpt lat="26.9192147" lon="75.8168893">
        <time>2018-10-10T06:20:03Z</time>
      </trkpt>
      <trkpt lat="26.9193273" lon="75.8169179">
        <time>2018-10-10T06:20:13Z</time>
      </trkpt>
      <trkpt lat="26.9194540" lon="75.8169747">
        <time>2018-10-10T06:20:24Z</time>
      </trkpt>
      <trkpt lat="26.9195563" lon="75.8169737">
        <time>2018-10-10T06:20:35Z</time>
      </trkpt>
      <trkpt lat="26.9196461" lon="75.8169919">
        <time>2018-10-10T06:20:45Z</time>
      </trkpt>
      <trkpt lat="26.9196602" lon="75.8169558">
        <time>2018-10-10T06:20:55Z</time>
      </trkpt>
      <trkpt lat="26.9197037" lon="75.8169177">
        <time>2018-10-10T06:21:06Z</time>
      </trkpt>
      <trkpt lat="26.9198790" lon="75.8168249">
        <time>2018-10-10T06:21:16Z</time>
      </trkpt>
      <trkpt lat="26.9199263" lon="75.8166937">
        <time>2018-10-10T06:21:27Z</time>
      </trkpt>
      <trkpt lat="26.9200091" lon="75.8165443">
        <time>2018-10-10T06:21:38Z</time>
      </trkpt>
      <trkpt lat="26.9200014" lon="75.8163691">
        <time>2018-10-10T06:21:49Z</time>
      </trkpt>
      <trkpt lat="26.9200278" lon="75.8162290">
        <time>2018-10-10T06:22:00Z</time>
      </trkpt>
      <trkpt lat="26.9200339" lon="75.8160870">
        <time>2018-10-10T06:22:10Z</time>
      </trkpt>
      <trkpt lat="26.9200794" lon="75.8159472">
        <time>2018-10-10T06:22:21Z</time>
      </trkpt>
      <trkpt lat="26.9201447" lon="75.8157814">
        <time>2018-10-10T06:22:32Z</time>
      </trkpt>
      <trkpt lat="26.9201442" lon="75.8156374">
        <time>2018-10-10T06:22:42Z</time>
      </trkpt>
      <trkpt lat="26.9201805" lon="75.8154996">
        <time>2018-10-10T06:22:53Z</time>
      </trkpt>
      <trkpt lat="26.9202325" lon="75.8153885">
        <time>2018-10-10T06:23:03Z</time>
      </trkpt>
      <trkpt lat="26.9202362" lon="75.8152382">
        <time>2018-10-10T06:23:14Z</time>
      </trkpt>
      <trkpt lat="26.9202859" lon="75.8150965">
        <time>2018-10-10T06:23:25Z</time>
      </trkpt>
      <trkpt lat="26.9202923" lon="75.8150419">
        <time>2018-10-10T06:23:36Z</time>
      </trkpt>
      <trkpt lat="26.9203928" lon="75.8146543">
        <time>2018-10-10T06:23:57Z</time>
      </trkpt>
      <trkpt lat="26.9203900" lon="75.8145797">
        <time>2018-10-10T06:24:08Z</time>
      </trkpt>
      <trkpt lat="26.9204154" lon="75.8145188">
        <time>2018-10-10T06:24:18Z</time>
      </trkpt>
      <trkpt lat="26.9204104" lon="75.8143848">
        <time>2018-10-10T06:24:29Z</time>
      </trkpt>
      <trkpt lat="26.9204456" lon="75.8142613">
        <time>2018-10-10T06:24:40Z</time>
      </trkpt>
      <trkpt lat="26.9205494" lon="75.8141501">
        <time>2018-10-10T06:24:51Z</time>
      </trkpt>
      <trkpt lat="26.9205560" lon="75.8140067">
        <time>2018-10-10T06:25:01Z</time>
      </trkpt>
      <trkpt lat="26.9206226" lon="75.8138835">
        <time>2018-10-10T06:25:11Z</time>
      </trkpt>
      <trkpt lat="26.9206571" lon="75.8137364">
        <time>2018-10-10T06:25:22Z</time>
      </trkpt>
      <trkpt lat="26.9206568" lon="75.8135780">
        <time>2018-10-10T06:25:32Z</time>
      </trkpt>
      <trkpt lat="26.9206729" lon="75.8134409">
        <time>2018-10-10T06:25:43Z</time>
      </trkpt>
      <trkpt lat="26.9206972" lon="75.8132777">
        <time>2018-10-10T06:25:53Z</time>
      </trkpt>
      <trkpt lat="26.9207042" lon="75.8131180">
        <time>2018-10-10T06:26:04Z</time>
      </trkpt>
      <trkpt lat="26.9207255" lon="75.8130167">
        <time>2018-10-10T06:26:14Z</time>
      </trkpt>
      <trkpt lat="26.9207782" lon="75.8128735">
        <time>2018-10-10T06:26:25Z</time>
      </trkpt>
      <trkpt lat="26.9208122" lon="75.8127328">
        <time>2018-10-10T06:26:36Z</time>
      </trkpt>
      <trkpt lat="26.9208295" lon="75.8126209">
        <time>2018-10-10T06:26:46Z</time>
      </trkpt>
      <trkpt lat="26.9208682" lon="75.8125375">
        <time>2018-10-10T06:26:56Z</time>
      </trkpt>
      <trkpt lat="26.9208829" lon="75.8125205">
        <time>2018-10-10T06:27:07Z</time>
      </trkpt>
      <trkpt lat="26.9208822" lon="75.8125224">
        <time>2018-10-10T06:27:18Z</time>
      </trkpt>
      <trkpt lat="26.9208742" lon="75.8125407">
        <time>2018-10-10T06:27:28Z</time>
      </trkpt>
      <trkpt lat="26.9208464" lon="75.8125604">
        <time>2018-10-10T06:27:39Z</time>
      </trkpt>
      <trkpt lat="26.9208443" lon="75.8125519">
        <time>2018-10-10T06:27:49Z</time>
      </trkpt>
      <trkpt lat="26.9208771" lon="75.8125079">
        <time>2018-10-10T06:28:00Z</time>
      </trkpt>
      <trkpt lat="26.9208956" lon="75.8124151">
        <time>2018-10-10T06:28:10Z</time>
      </trkpt>
      <trkpt lat="26.9209630" lon="75.8122918">
        <time>2018-10-10T06:28:21Z</time>
      </trkpt>
      <trkpt lat="26.9209566" lon="75.8122019">
        <time>2018-10-10T06:28:31Z</time>
      </trkpt>
      <trkpt lat="26.9209624" lon="75.8120666">
        <time>2018-10-10T06:28:41Z</time>
      </trkpt>
      <trkpt lat="26.9209889" lon="75.8119485">
        <time>2018-10-10T06:28:53Z</time>
      </trkpt>
      <trkpt lat="26.9210264" lon="75.8117802">
        <time>2018-10-10T06:29:03Z</time>
      </trkpt>
      <trkpt lat="26.9210279" lon="75.8116089">
        <time>2018-10-10T06:29:14Z</time>
      </trkpt>
      <trkpt lat="26.9209969" lon="75.8115115">
        <time>2018-10-10T06:29:24Z</time>
      </trkpt>
      <trkpt lat="26.9209769" lon="75.8115065">
        <time>2018-10-10T06:29:35Z</time>
      </trkpt>
      <trkpt lat="26.9209797" lon="75.8115070">
        <time>2018-10-10T06:29:45Z</time>
      </trkpt>
      <trkpt lat="26.9209797" lon="75.8115070">
        <time>2018-10-10T06:29:55Z</time>
      </trkpt>
      <trkpt lat="26.9209782" lon="75.8114912">
        <time>2018-10-10T06:30:07Z</time>
      </trkpt>
      <trkpt lat="26.9209782" lon="75.8114912">
        <time>2018-10-10T06:30:17Z</time>
      </trkpt>
      <trkpt lat="26.9209782" lon="75.8114912">
        <time>2018-10-10T06:30:28Z</time>
      </trkpt>
      <trkpt lat="26.9209782" lon="75.8114912">
        <time>2018-10-10T06:30:38Z</time>
      </trkpt>
      <trkpt lat="26.9209987" lon="75.8114845">
        <time>2018-10-10T06:30:49Z</time>
      </trkpt>
      <trkpt lat="26.9209987" lon="75.8114845">
        <time>2018-10-10T06:31:00Z</time>
      </trkpt>
      <trkpt lat="26.9209830" lon="75.8115164">
        <time>2018-10-10T06:31:11Z</time>
      </trkpt>
      <trkpt lat="26.9209830" lon="75.8115164">
        <time>2018-10-10T06:31:21Z</time>
      </trkpt>
      <trkpt lat="26.9209830" lon="75.8115164">
        <time>2018-10-10T06:31:32Z</time>
      </trkpt>
      <trkpt lat="26.9209830" lon="75.8115164">
        <time>2018-10-10T06:31:43Z</time>
      </trkpt>
      <trkpt lat="26.9209830" lon="75.8115164">
        <time>2018-10-10T06:31:54Z</time>
      </trkpt>
      <trkpt lat="26.9208829" lon="75.8114783">
        <time>2018-10-10T06:32:05Z</time>
      </trkpt>
      <trkpt lat="26.9207506" lon="75.8114146">
        <time>2018-10-10T06:32:16Z</time>
      </trkpt>
      <trkpt lat="26.9206355" lon="75.8113634">
        <time>2018-10-10T06:32:27Z</time>
      </trkpt>
      <trkpt lat="26.9205522" lon="75.8113480">
        <time>2018-10-10T06:32:37Z</time>
      </trkpt>
      <trkpt lat="26.9203957" lon="75.8113104">
        <time>2018-10-10T06:32:47Z</time>
      </trkpt>
      <trkpt lat="26.9202927" lon="75.8112856">
        <time>2018-10-10T06:32:57Z</time>
      </trkpt>
      <trkpt lat="26.9201445" lon="75.8112578">
        <time>2018-10-10T06:33:08Z</time>
      </trkpt>
      <trkpt lat="26.9200459" lon="75.8112241">
        <time>2018-10-10T06:33:18Z</time>
      </trkpt>
      <trkpt lat="26.9199433" lon="75.8111835">
        <time>2018-10-10T06:33:28Z</time>
      </trkpt>
      <trkpt lat="26.9198419" lon="75.8111578">
        <time>2018-10-10T06:33:38Z</time>
      </trkpt>
      <trkpt lat="26.9197488" lon="75.8111495">
        <time>2018-10-10T06:33:49Z</time>
      </trkpt>
      <trkpt lat="26.9196297" lon="75.8111481">
        <time>2018-10-10T06:33:59Z</time>
      </trkpt>
      <trkpt lat="26.9195148" lon="75.8111567">
        <time>2018-10-10T06:34:10Z</time>
      </trkpt>
      <trkpt lat="26.9193665" lon="75.8111059">
        <time>2018-10-10T06:34:21Z</time>
      </trkpt>
      <trkpt lat="26.9192732" lon="75.8111055">
        <time>2018-10-10T06:34:31Z</time>
      </trkpt>
      <trkpt lat="26.9191417" lon="75.8110980">
        <time>2018-10-10T06:34:42Z</time>
      </trkpt>
      <trkpt lat="26.9190831" lon="75.8110754">
        <time>2018-10-10T06:34:53Z</time>
      </trkpt>
      <trkpt lat="26.9190886" lon="75.8109931">
        <time>2018-10-10T06:35:04Z</time>
      </trkpt>
      <trkpt lat="26.9191068" lon="75.8108353">
        <time>2018-10-10T06:35:15Z</time>
      </trkpt>
      <trkpt lat="26.9191378" lon="75.8106934">
        <time>2018-10-10T06:35:25Z</time>
      </trkpt>
      <trkpt lat="26.9191533" lon="75.8105698">
        <time>2018-10-10T06:35:35Z</time>
      </trkpt>
      <trkpt lat="26.9191761" lon="75.8104360">
        <time>2018-10-10T06:35:46Z</time>
      </trkpt>
      <trkpt lat="26.9191930" lon="75.8103414">
        <time>2018-10-10T06:35:56Z</time>
      </trkpt>
      <trkpt lat="26.9191533" lon="75.8103117">
        <time>2018-10-10T06:36:07Z</time>
      </trkpt>
      <trkpt lat="26.9190650" lon="75.8102287">
        <time>2018-10-10T06:36:17Z</time>
      </trkpt>
      <trkpt lat="26.9189396" lon="75.8101872">
        <time>2018-10-10T06:36:28Z</time>
      </trkpt>
      <trkpt lat="26.9188130" lon="75.8101422">
        <time>2018-10-10T06:36:39Z</time>
      </trkpt>
      <trkpt lat="26.9186973" lon="75.8101057">
        <time>2018-10-10T06:36:49Z</time>
      </trkpt>
      <trkpt lat="26.9185835" lon="75.8100622">
        <time>2018-10-10T06:37:00Z</time>
      </trkpt>
      <trkpt lat="26.9184340" lon="75.8100137">
        <time>2018-10-10T06:37:11Z</time>
      </trkpt>
      <trkpt lat="26.9183337" lon="75.8099687">
        <time>2018-10-10T06:37:21Z</time>
      </trkpt>
      <trkpt lat="26.9181991" lon="75.8098148">
        <time>2018-10-10T06:37:32Z</time>
      </trkpt>
      <trkpt lat="26.9181859" lon="75.8096651">
        <time>2018-10-10T06:37:42Z</time>
      </trkpt>
      <trkpt lat="26.9182286" lon="75.8095489">
        <time>2018-10-10T06:37:53Z</time>
      </trkpt>
      <trkpt lat="26.9181962" lon="75.8094389">
        <time>2018-10-10T06:38:03Z</time>
      </trkpt>
      <trkpt lat="26.9182191" lon="75.8093110">
        <time>2018-10-10T06:38:14Z</time>
      </trkpt>
      <trkpt lat="26.9182776" lon="75.8091780">
        <time>2018-10-10T06:38:24Z</time>
      </trkpt>
      <trkpt lat="26.9182908" lon="75.8090325">
        <time>2018-10-10T06:38:35Z</time>
      </trkpt>
      <trkpt lat="26.9183345" lon="75.8089055">
        <time>2018-10-10T06:38:45Z</time>
      </trkpt>
      <trkpt lat="26.9183462" lon="75.8087812">
        <time>2018-10-10T06:38:55Z</time>
      </trkpt>
      <trkpt lat="26.9183756" lon="75.8086392">
        <time>2018-10-10T06:39:05Z</time>
      </trkpt>
      <trkpt lat="26.9184057" lon="75.8085170">
        <time>2018-10-10T06:39:16Z</time>
      </trkpt>
      <trkpt lat="26.9184774" lon="75.8083495">
        <time>2018-10-10T06:39:27Z</time>
      </trkpt>
      <trkpt lat="26.9184761" lon="75.8082216">
        <time>2018-10-10T06:39:38Z</time>
      </trkpt>
      <trkpt lat="26.9184944" lon="75.8080627">
        <time>2018-10-10T06:39:48Z</time>
      </trkpt>
      <trkpt lat="26.9185113" lon="75.8079220">
        <time>2018-10-10T06:39:59Z</time>
      </trkpt>
      <trkpt lat="26.9184519" lon="75.8078260">
        <time>2018-10-10T06:40:09Z</time>
      </trkpt>
      <trkpt lat="26.9183042" lon="75.8078152">
        <time>2018-10-10T06:40:20Z</time>
      </trkpt>
      <trkpt lat="26.9181797" lon="75.8077911">
        <time>2018-10-10T06:40:30Z</time>
      </trkpt>
      <trkpt lat="26.9180689" lon="75.8077058">
        <time>2018-10-10T06:40:41Z</time>
      </trkpt>
      <trkpt lat="26.9179729" lon="75.8076874">
        <time>2018-10-10T06:40:51Z</time>
      </trkpt>
      <trkpt lat="26.9178378" lon="75.8076531">
        <time>2018-10-10T06:41:01Z</time>
      </trkpt>
      <trkpt lat="26.9177285" lon="75.8076059">
        <time>2018-10-10T06:41:11Z</time>
      </trkpt>
      <trkpt lat="26.9176248" lon="75.8075758">
        <time>2018-10-10T06:41:21Z</time>
      </trkpt>
      <trkpt lat="26.9175817" lon="75.8075730">
        <time>2018-10-10T06:41:32Z</time>
      </trkpt>
      <trkpt lat="26.9175801" lon="75.8075367">
        <time>2018-10-10T06:41:42Z</time>
      </trkpt>
      <trkpt lat="26.9175395" lon="75.8075282">
        <time>2018-10-10T06:41:53Z</time>
      </trkpt>
      <trkpt lat="26.9175000" lon="75.8075744">
        <time>2018-10-10T06:42:04Z</time>
      </trkpt>
      <trkpt lat="26.9174856" lon="75.8075821">
        <time>2018-10-10T06:42:15Z</time>
      </trkpt>
      <trkpt lat="26.9174856" lon="75.8075821">
        <time>2018-10-10T06:42:26Z</time>
      </trkpt>
      <trkpt lat="26.9174856" lon="75.8075821">
        <time>2018-10-10T06:42:37Z</time>
      </trkpt>
      <trkpt lat="26.9174856" lon="75.8075821">
        <time>2018-10-10T06:42:48Z</time>
      </trkpt>
      <trkpt lat="26.9174854" lon="75.8076067">
        <time>2018-10-10T06:42:58Z</time>
      </trkpt>
      <trkpt lat="26.9174900" lon="75.8076385">
        <time>2018-10-10T06:43:08Z</time>
      </trkpt>
      <trkpt lat="26.9174629" lon="75.8076523">
        <time>2018-10-10T06:43:19Z</time>
      </trkpt>
      <trkpt lat="26.9174420" lon="75.8076492">
        <time>2018-10-10T06:43:30Z</time>
      </trkpt>
      <trkpt lat="26.9174531" lon="75.8076453">
        <time>2018-10-10T06:43:40Z</time>
      </trkpt>
    </trkseg>
  </trk>
  <trk>
    <trkseg>
      <trkpt lat="26.9250782" lon="75.8136885">
        <time>2018-10-06T03:31:44Z</time>
      </trkpt>
      <trkpt lat="26.9254038" lon="75.8137546">
        <time>2018-10-06T03:31:55Z</time>
      </trkpt>
      <trkpt lat="26.9256706" lon="75.8140624">
        <time>2018-10-06T03:32:06Z</time>
      </trkpt>
      <trkpt lat="26.9254688" lon="75.8149103">
        <time>2018-10-06T03:32:17Z</time>
      </trkpt>
      <trkpt lat="26.9253100" lon="75.8157632">
        <time>2018-10-06T03:32:27Z</time>
      </trkpt>
      <trkpt lat="26.9251124" lon="75.8164288">
        <time>2018-10-06T03:32:38Z</time>
      </trkpt>
      <trkpt lat="26.9249557" lon="75.8172297">
        <time>2018-10-06T03:32:48Z</time>
      </trkpt>
      <trkpt lat="26.9247860" lon="75.8180077">
        <time>2018-10-06T03:32:58Z</time>
      </trkpt>
      <trkpt lat="26.9247504" lon="75.8183268">
        <time>2018-10-06T03:33:08Z</time>
      </trkpt>
      <trkpt lat="26.9249975" lon="75.8185187">
        <time>2018-10-06T03:33:19Z</time>
      </trkpt>
      <trkpt lat="26.9256361" lon="75.8186669">
        <time>2018-10-06T03:33:29Z</time>
      </trkpt>
      <trkpt lat="26.9263442" lon="75.8188449">
        <time>2018-10-06T03:33:39Z</time>
      </trkpt>
      <trkpt lat="26.9270577" lon="75.8190361">
        <time>2018-10-06T03:33:50Z</time>
      </trkpt>
      <trkpt lat="26.9277467" lon="75.8192056">
        <time>2018-10-06T03:34:01Z</time>
      </trkpt>
      <trkpt lat="26.9282697" lon="75.8193496">
        <time>2018-10-06T03:34:11Z</time>
      </trkpt>
      <trkpt lat="26.9286967" lon="75.8194214">
        <time>2018-10-06T03:34:21Z</time>
      </trkpt>
      <trkpt lat="26.9292027" lon="75.8195779">
        <time>2018-10-06T03:34:32Z</time>
      </trkpt>
      <trkpt lat="26.9297197" lon="75.8196919">
        <time>2018-10-06T03:34:43Z</time>
      </trkpt>
      <trkpt lat="26.9302071" lon="75.8198418">
        <time>2018-10-06T03:34:53Z</time>
      </trkpt>
      <trkpt lat="26.9308404" lon="75.8199907">
        <time>2018-10-06T03:35:04Z</time>
      </trkpt>
      <trkpt lat="26.9313816" lon="75.8201520">
        <time>2018-10-06T03:35:14Z</time>
      </trkpt>
      <trkpt lat="26.9315649" lon="75.8201865">
        <time>2018-10-06T03:35:25Z</time>
      </trkpt>
      <trkpt lat="26.9318792" lon="75.8202568">
        <time>2018-10-06T03:35:36Z</time>
      </trkpt>
      <trkpt lat="26.9322463" lon="75.8203336">
        <time>2018-10-06T03:35:46Z</time>
      </trkpt>
      <trkpt lat="26.9325340" lon="75.8204135">
        <time>2018-10-06T03:35:56Z</time>
      </trkpt>
      <trkpt lat="26.9331082" lon="75.8206066">
        <time>2018-10-06T03:36:06Z</time>
      </trkpt>
      <trkpt lat="26.9336089" lon="75.8207475">
        <time>2018-10-06T03:36:17Z</time>
      </trkpt>
      <trkpt lat="26.9339522" lon="75.8210554">
        <time>2018-10-06T03:36:27Z</time>
      </trkpt>
      <trkpt lat="26.9341152" lon="75.8215707">
        <time>2018-10-06T03:36:37Z</time>
      </trkpt>
      <trkpt lat="26.9344683" lon="75.8223295">
        <time>2018-10-06T03:36:48Z</time>
      </trkpt>
      <trkpt lat="26.9345777" lon="75.8226490">
        <time>2018-10-06T03:36:58Z</time>
      </trkpt>
      <trkpt lat="26.9348658" lon="75.8232809">
        <time>2018-10-06T03:37:08Z</time>
      </trkpt>
      <trkpt lat="26.9350808" lon="75.8238528">
        <time>2018-10-06T03:37:19Z</time>
      </trkpt>
      <trkpt lat="26.9352964" lon="75.8243437">
        <time>2018-10-06T03:37:29Z</time>
      </trkpt>
      <trkpt lat="26.9355920" lon="75.8245343">
        <time>2018-10-06T03:37:39Z</time>
      </trkpt>
      <trkpt lat="26.9361626" lon="75.8247276">
        <time>2018-10-06T03:37:49Z</time>
      </trkpt>
      <trkpt lat="26.9366619" lon="75.8248440">
        <time>2018-10-06T03:38:00Z</time>
      </trkpt>
      <trkpt lat="26.9370616" lon="75.8249445">
        <time>2018-10-06T03:38:11Z</time>
      </trkpt>
      <trkpt lat="26.9373846" lon="75.8249403">
        <time>2018-10-06T03:38:21Z</time>
      </trkpt>
      <trkpt lat="26.9377024" lon="75.8250841">
        <time>2018-10-06T03:38:31Z</time>
      </trkpt>
      <trkpt lat="26.9381337" lon="75.8252272">
        <time>2018-10-06T03:38:41Z</time>
      </trkpt>
      <trkpt lat="26.9383485" lon="75.8252957">
        <time>2018-10-06T03:38:52Z</time>
      </trkpt>
      <trkpt lat="26.9386749" lon="75.8253602">
        <time>2018-10-06T03:39:02Z</time>
      </trkpt>
      <trkpt lat="26.9388714" lon="75.8254121">
        <time>2018-10-06T03:39:12Z</time>
      </trkpt>
      <trkpt lat="26.9390550" lon="75.8254616">
        <time>2018-10-06T03:39:23Z</time>
      </trkpt>
      <trkpt lat="26.9394586" lon="75.8255793">
        <time>2018-10-06T03:39:33Z</time>
      </trkpt>
      <trkpt lat="26.9396540" lon="75.8256152">
        <time>2018-10-06T03:39:44Z</time>
      </trkpt>
      <trkpt lat="26.9398600" lon="75.8256717">
        <time>2018-10-06T03:39:55Z</time>
      </trkpt>
      <trkpt lat="26.9402385" lon="75.8257774">
        <time>2018-10-06T03:40:06Z</time>
      </trkpt>
      <trkpt lat="26.9404765" lon="75.8258581">
        <time>2018-10-06T03:40:17Z</time>
      </trkpt>
      <trkpt lat="26.9408284" lon="75.8259376">
        <time>2018-10-06T03:40:28Z</time>
      </trkpt>
      <trkpt lat="26.9409701" lon="75.8260333">
        <time>2018-10-06T03:40:38Z</time>
      </trkpt>
      <trkpt lat="26.9409549" lon="75.8265377">
        <time>2018-10-06T03:40:48Z</time>
      </trkpt>
      <trkpt lat="26.9413546" lon="75.8271749">
        <time>2018-10-06T03:40:58Z</time>
      </trkpt>
      <trkpt lat="26.9421983" lon="75.8274276">
        <time>2018-10-06T03:41:09Z</time>
      </trkpt>
      <trkpt lat="26.9421796" lon="75.8282014">
        <time>2018-10-06T03:41:19Z</time>
      </trkpt>
      <trkpt lat="26.9420553" lon="75.8286755">
        <time>2018-10-06T03:41:30Z</time>
      </trkpt>
      <trkpt lat="26.9419752" lon="75.8290445">
        <time>2018-10-06T03:41:40Z</time>
      </trkpt>
      <trkpt lat="26.9416296" lon="75.8294846">
        <time>2018-10-06T03:41:50Z</time>
      </trkpt>
      <trkpt lat="26.9415592" lon="75.8296740">
        <time>2018-10-06T03:42:00Z</time>
      </trkpt>
      <trkpt lat="26.9415690" lon="75.8298966">
        <time>2018-10-06T03:42:11Z</time>
      </trkpt>
      <trkpt lat="26.9418957" lon="75.8301592">
        <time>2018-10-06T03:42:22Z</time>
      </trkpt>
      <trkpt lat="26.9424316" lon="75.8304866">
        <time>2018-10-06T03:42:33Z</time>
      </trkpt>
      <trkpt lat="26.9429197" lon="75.8308643">
        <time>2018-10-06T03:42:44Z</time>
      </trkpt>
      <trkpt lat="26.9434820" lon="75.8313797">
        <time>2018-10-06T03:42:55Z</time>
      </trkpt>
      <trkpt lat="26.9440225" lon="75.8320054">
        <time>2018-10-06T03:43:06Z</time>
      </trkpt>
      <trkpt lat="26.9443436" lon="75.8324984">
        <time>2018-10-06T03:43:16Z</time>
      </trkpt>
      <trkpt lat="26.9447232" lon="75.8329029">
        <time>2018-10-06T03:43:26Z</time>
      </trkpt>
      <trkpt lat="26.9450390" lon="75.8334269">
        <time>2018-10-06T03:43:36Z</time>
      </trkpt>
      <trkpt lat="26.9451847" lon="75.8341731">
        <time>2018-10-06T03:43:47Z</time>
      </trkpt>
      <trkpt lat="26.9453051" lon="75.8347290">
        <time>2018-10-06T03:43:57Z</time>
      </trkpt>
      <trkpt lat="26.9454863" lon="75.8354201">
        <time>2018-10-06T03:44:08Z</time>
      </trkpt>
      <trkpt lat="26.9455395" lon="75.8358595">
        <time>2018-10-06T03:44:19Z</time>
      </trkpt>
      <trkpt lat="26.9456905" lon="75.8365262">
        <time>2018-10-06T03:44:29Z</time>
      </trkpt>
      <trkpt lat="26.9458797" lon="75.8373575">
        <time>2018-10-06T03:44:40Z</time>
      </trkpt>
      <trkpt lat="26.9460347" lon="75.8382025">
        <time>2018-10-06T03:44:51Z</time>
      </trkpt>
      <trkpt lat="26.9461724" lon="75.8389615">
        <time>2018-10-06T03:45:01Z</time>
      </trkpt>
      <trkpt lat="26.9461828" lon="75.8395637">
        <time>2018-10-06T03:45:12Z</time>
      </trkpt>
      <trkpt lat="26.9461720" lon="75.8397003">
        <time>2018-10-06T03:45:23Z</time>
      </trkpt>
      <trkpt lat="26.9462886" lon="75.8399706">
        <time>2018-10-06T03:45:37Z</time>
      </trkpt>
      <trkpt lat="26.9470795" lon="75.8402244">
        <time>2018-10-06T03:45:47Z</time>
      </trkpt>
      <trkpt lat="26.9478351" lon="75.8404387">
        <time>2018-10-06T03:45:58Z</time>
      </trkpt>
      <trkpt lat="26.9487631" lon="75.8406925">
        <time>2018-10-06T03:46:08Z</time>
      </trkpt>
      <trkpt lat="26.9497761" lon="75.8409989">
        <time>2018-10-06T03:46:18Z</time>
      </trkpt>
      <trkpt lat="26.9509444" lon="75.8413490">
        <time>2018-10-06T03:46:29Z</time>
      </trkpt>
      <trkpt lat="26.9520797" lon="75.8417019">
        <time>2018-10-06T03:46:40Z</time>
      </trkpt>
      <trkpt lat="26.9532694" lon="75.8420667">
        <time>2018-10-06T03:46:51Z</time>
      </trkpt>
      <trkpt lat="26.9542275" lon="75.8423460">
        <time>2018-10-06T03:47:01Z</time>
      </trkpt>
      <trkpt lat="26.9552008" lon="75.8426403">
        <time>2018-10-06T03:47:12Z</time>
      </trkpt>
      <trkpt lat="26.9563640" lon="75.8430702">
        <time>2018-10-06T03:47:23Z</time>
      </trkpt>
      <trkpt lat="26.9574232" lon="75.8435316">
        <time>2018-10-06T03:47:33Z</time>
      </trkpt>
      <trkpt lat="26.9582561" lon="75.8439188">
        <time>2018-10-06T03:47:44Z</time>
      </trkpt>
      <trkpt lat="26.9588368" lon="75.8442017">
        <time>2018-10-06T03:47:55Z</time>
      </trkpt>
      <trkpt lat="26.9596583" lon="75.8445666">
        <time>2018-10-06T03:48:05Z</time>
      </trkpt>
      <trkpt lat="26.9604942" lon="75.8448279">
        <time>2018-10-06T03:48:16Z</time>
      </trkpt>
      <trkpt lat="26.9612400" lon="75.8450598">
        <time>2018-10-06T03:48:27Z</time>
      </trkpt>
      <trkpt lat="26.9622672" lon="75.8455930">
        <time>2018-10-06T03:48:38Z</time>
      </trkpt>
      <trkpt lat="26.9631326" lon="75.8460446">
        <time>2018-10-06T03:48:48Z</time>
      </trkpt>
      <trkpt lat="26.9641445" lon="75.8465384">
        <time>2018-10-06T03:48:59Z</time>
      </trkpt>
      <trkpt lat="26.9653143" lon="75.8465591">
        <time>2018-10-06T03:49:10Z</time>
      </trkpt>
      <trkpt lat="26.9665554" lon="75.8463870">
        <time>2018-10-06T03:49:21Z</time>
      </trkpt>
      <trkpt lat="26.9673529" lon="75.8470959">
        <time>2018-10-06T03:49:32Z</time>
      </trkpt>
      <trkpt lat="26.9679860" lon="75.8479535">
        <time>2018-10-06T03:49:43Z</time>
      </trkpt>
      <trkpt lat="26.9685203" lon="75.8488905">
        <time>2018-10-06T03:49:53Z</time>
      </trkpt>
      <trkpt lat="26.9695779" lon="75.8491511">
        <time>2018-10-06T03:50:04Z</time>
      </trkpt>
      <trkpt lat="26.9702479" lon="75.8497996">
        <time>2018-10-06T03:50:15Z</time>
      </trkpt>
      <trkpt lat="26.9701323" lon="75.8506616">
        <time>2018-10-06T03:50:25Z</time>
      </trkpt>
      <trkpt lat="26.9706171" lon="75.8512906">
        <time>2018-10-06T03:50:36Z</time>
      </trkpt>
      <trkpt lat="26.9713998" lon="75.8516702">
        <time>2018-10-06T03:50:47Z</time>
      </trkpt>
      <trkpt lat="26.9724337" lon="75.8517706">
        <time>2018-10-06T03:50:58Z</time>
      </trkpt>
      <trkpt lat="26.9733353" lon="75.8516497">
        <time>2018-10-06T03:51:08Z</time>
      </trkpt>
      <trkpt lat="26.9742095" lon="75.8517949">
        <time>2018-10-06T03:51:19Z</time>
      </trkpt>
      <trkpt lat="26.9751381" lon="75.8514715">
        <time>2018-10-06T03:51:29Z</time>
      </trkpt>
      <trkpt lat="26.9759484" lon="75.8511324">
        <time>2018-10-06T03:51:40Z</time>
      </trkpt>
      <trkpt lat="26.9768477" lon="75.8517503">
        <time>2018-10-06T03:51:50Z</time>
      </trkpt>
      <trkpt lat="26.9779983" lon="75.8521046">
        <time>2018-10-06T03:52:00Z</time>
      </trkpt>
      <trkpt lat="26.9791917" lon="75.8523169">
        <time>2018-10-06T03:52:11Z</time>
      </trkpt>
      <trkpt lat="26.9798377" lon="75.8523688">
        <time>2018-10-06T03:52:21Z</time>
      </trkpt>
      <trkpt lat="26.9799209" lon="75.8519053">
        <time>2018-10-06T03:52:32Z</time>
      </trkpt>
      <trkpt lat="26.9799918" lon="75.8513941">
        <time>2018-10-06T03:52:43Z</time>
      </trkpt>
      <trkpt lat="26.9800344" lon="75.8509752">
        <time>2018-10-06T03:52:54Z</time>
      </trkpt>
      <trkpt lat="26.9801007" lon="75.8507514">
        <time>2018-10-06T03:53:04Z</time>
      </trkpt>
      <trkpt lat="26.9800809" lon="75.8507835">
        <time>2018-10-06T03:53:15Z</time>
      </trkpt>
      <trkpt lat="26.9800696" lon="75.8507957">
        <time>2018-10-06T03:53:26Z</time>
      </trkpt>
      <trkpt lat="26.9800696" lon="75.8507957">
        <time>2018-10-06T03:53:36Z</time>
      </trkpt>
      <trkpt lat="26.9800696" lon="75.8507957">
        <time>2018-10-06T03:53:46Z</time>
      </trkpt>
      <trkpt lat="26.9800273" lon="75.8509245">
        <time>2018-10-06T03:53:57Z</time>
      </trkpt>
      <trkpt lat="26.9800109" lon="75.8510091">
        <time>2018-10-06T03:54:07Z</time>
      </trkpt>
      <trkpt lat="26.9800172" lon="75.8513861">
        <time>2018-10-06T03:54:18Z</time>
      </trkpt>
      <trkpt lat="26.9799259" lon="75.8518729">
        <time>2018-10-06T03:54:28Z</time>
      </trkpt>
      <trkpt lat="26.9798659" lon="75.8523140">
        <time>2018-10-06T03:54:39Z</time>
      </trkpt>
      <trkpt lat="26.9798749" lon="75.8523239">
        <time>2018-10-06T03:54:49Z</time>
      </trkpt>
      <trkpt lat="26.9802433" lon="75.8523907">
        <time>2018-10-06T03:54:59Z</time>
      </trkpt>
      <trkpt lat="26.9810815" lon="75.8524997">
        <time>2018-10-06T03:55:09Z</time>
      </trkpt>
      <trkpt lat="26.9820539" lon="75.8527284">
        <time>2018-10-06T03:55:20Z</time>
      </trkpt>
      <trkpt lat="26.9828514" lon="75.8529663">
        <time>2018-10-06T03:55:30Z</time>
      </trkpt>
      <trkpt lat="26.9835938" lon="75.8534051">
        <time>2018-10-06T03:55:41Z</time>
      </trkpt>
      <trkpt lat="26.9843435" lon="75.8536957">
        <time>2018-10-06T03:55:51Z</time>
      </trkpt>
      <trkpt lat="26.9850280" lon="75.8539084">
        <time>2018-10-06T03:56:02Z</time>
      </trkpt>
      <trkpt lat="26.9855232" lon="75.8539513">
        <time>2018-10-06T03:56:13Z</time>
      </trkpt>
      <trkpt lat="26.9858353" lon="75.8539508">
        <time>2018-10-06T03:56:23Z</time>
      </trkpt>
      <trkpt lat="26.9858359" lon="75.8539495">
        <time>2018-10-06T03:56:34Z</time>
      </trkpt>
      <trkpt lat="26.9858359" lon="75.8539495">
        <time>2018-10-06T03:56:45Z</time>
      </trkpt>
      <trkpt lat="26.9858359" lon="75.8539495">
        <time>2018-10-06T03:56:55Z</time>
      </trkpt>
      <trkpt lat="26.9858236" lon="75.8538407">
        <time>2018-10-06T03:57:06Z</time>
      </trkpt>
      <trkpt lat="26.9858705" lon="75.8537422">
        <time>2018-10-06T03:57:17Z</time>
      </trkpt>
      <trkpt lat="26.9859113" lon="75.8536831">
        <time>2018-10-06T03:57:27Z</time>
      </trkpt>
      <trkpt lat="26.9858879" lon="75.8536242">
        <time>2018-10-06T03:57:38Z</time>
      </trkpt>
      <trkpt lat="26.9858798" lon="75.8535511">
        <time>2018-10-06T03:57:49Z</time>
      </trkpt>
      <trkpt lat="26.9859391" lon="75.8535284">
        <time>2018-10-06T03:57:59Z</time>
      </trkpt>
      <trkpt lat="26.9859387" lon="75.8535474">
        <time>2018-10-06T03:58:10Z</time>
      </trkpt>
      <trkpt lat="26.9859387" lon="75.8535474">
        <time>2018-10-06T03:58:20Z</time>
      </trkpt>
      <trkpt lat="26.9859346" lon="75.8535263">
        <time>2018-10-06T03:58:31Z</time>
      </trkpt>
      <trkpt lat="26.9859346" lon="75.8535263">
        <time>2018-10-06T03:58:42Z</time>
      </trkpt>
      <trkpt lat="26.9859344" lon="75.8535023">
        <time>2018-10-06T03:58:53Z</time>
      </trkpt>
      <trkpt lat="26.9859328" lon="75.8534956">
        <time>2018-10-06T03:59:04Z</time>
      </trkpt>
      <trkpt lat="26.9859389" lon="75.8535012">
        <time>2018-10-06T03:59:14Z</time>
      </trkpt>
      <trkpt lat="26.9859314" lon="75.8535074">
        <time>2018-10-06T03:59:24Z</time>
      </trkpt>
      <trkpt lat="26.9859661" lon="75.8534746">
        <time>2018-10-06T03:59:34Z</time>
      </trkpt>
      <trkpt lat="26.9860031" lon="75.8533847">
        <time>2018-10-06T03:59:45Z</time>
      </trkpt>
      <trkpt lat="26.9860292" lon="75.8533096">
        <time>2018-10-06T03:59:55Z</time>
      </trkpt>
      <trkpt lat="26.9860530" lon="75.8532722">
        <time>2018-10-06T04:00:05Z</time>
      </trkpt>
      <trkpt lat="26.9860955" lon="75.8532165">
        <time>2018-10-06T04:00:16Z</time>
      </trkpt>
      <trkpt lat="26.9861094" lon="75.8531910">
        <time>2018-10-06T04:00:26Z</time>
      </trkpt>
      <trkpt lat="26.9861094" lon="75.8531910">
        <time>2018-10-06T04:00:37Z</time>
      </trkpt>
      <trkpt lat="26.9861384" lon="75.8530796">
        <time>2018-10-06T04:00:47Z</time>
      </trkpt>
      <trkpt lat="26.9862016" lon="75.8529758">
        <time>2018-10-06T04:00:58Z</time>
      </trkpt>
      <trkpt lat="26.9862345" lon="75.8529007">
        <time>2018-10-06T04:01:08Z</time>
      </trkpt>
      <trkpt lat="26.9862379" lon="75.8528851">
        <time>2018-10-06T04:01:18Z</time>
      </trkpt>
      <trkpt lat="26.9862561" lon="75.8528700">
        <time>2018-10-06T04:01:29Z</time>
      </trkpt>
      <trkpt lat="26.9863269" lon="75.8528252">
        <time>2018-10-06T04:01:40Z</time>
      </trkpt>
      <trkpt lat="26.9863921" lon="75.8527678">
        <time>2018-10-06T04:01:51Z</time>
      </trkpt>
      <trkpt lat="26.9864523" lon="75.8526931">
        <time>2018-10-06T04:02:02Z</time>
      </trkpt>
      <trkpt lat="26.9864912" lon="75.8526348">
        <time>2018-10-06T04:02:12Z</time>
      </trkpt>
      <trkpt lat="26.9864453" lon="75.8525939">
        <time>2018-10-06T04:02:23Z</time>
      </trkpt>
      <trkpt lat="26.9863993" lon="75.8525373">
        <time>2018-10-06T04:02:33Z</time>
      </trkpt>
      <trkpt lat="26.9863248" lon="75.8525106">
        <time>2018-10-06T04:02:44Z</time>
      </trkpt>
      <trkpt lat="26.9862556" lon="75.8524609">
        <time>2018-10-06T04:02:55Z</time>
      </trkpt>
      <trkpt lat="26.9862176" lon="75.8524402">
        <time>2018-10-06T04:03:06Z</time>
      </trkpt>
      <trkpt lat="26.9862636" lon="75.8524324">
        <time>2018-10-06T04:03:16Z</time>
      </trkpt>
      <trkpt lat="26.9863448" lon="75.8524501">
        <time>2018-10-06T04:03:27Z</time>
      </trkpt>
      <trkpt lat="26.9863365" lon="75.8523816">
        <time>2018-10-06T04:03:38Z</time>
      </trkpt>
      <trkpt lat="26.9862900" lon="75.8523131">
        <time>2018-10-06T04:03:48Z</time>
      </trkpt>
      <trkpt lat="26.9862575" lon="75.8522569">
        <time>2018-10-06T04:03:58Z</time>
      </trkpt>
      <trkpt lat="26.9862676" lon="75.8522180">
        <time>2018-10-06T04:04:09Z</time>
      </trkpt>
      <trkpt lat="26.9862909" lon="75.8521680">
        <time>2018-10-06T04:04:20Z</time>
      </trkpt>
      <trkpt lat="26.9863601" lon="75.8521859">
        <time>2018-10-06T04:04:30Z</time>
      </trkpt>
      <trkpt lat="26.9864203" lon="75.8522462">
        <time>2018-10-06T04:04:41Z</time>
      </trkpt>
      <trkpt lat="26.9864731" lon="75.8522814">
        <time>2018-10-06T04:04:52Z</time>
      </trkpt>
      <trkpt lat="26.9864731" lon="75.8522814">
        <time>2018-10-06T04:05:02Z</time>
      </trkpt>
      <trkpt lat="26.9864845" lon="75.8522855">
        <time>2018-10-06T04:05:12Z</time>
      </trkpt>
      <trkpt lat="26.9864928" lon="75.8522857">
        <time>2018-10-06T04:05:22Z</time>
      </trkpt>
      <trkpt lat="26.9864981" lon="75.8522788">
        <time>2018-10-06T04:05:33Z</time>
      </trkpt>
      <trkpt lat="26.9864960" lon="75.8522466">
        <time>2018-10-06T04:05:43Z</time>
      </trkpt>
      <trkpt lat="26.9864886" lon="75.8522324">
        <time>2018-10-06T04:05:53Z</time>
      </trkpt>
      <trkpt lat="26.9864860" lon="75.8521845">
        <time>2018-10-06T04:06:04Z</time>
      </trkpt>
      <trkpt lat="26.9865381" lon="75.8521906">
        <time>2018-10-06T04:06:14Z</time>
      </trkpt>
      <trkpt lat="26.9865460" lon="75.8521737">
        <time>2018-10-06T04:06:25Z</time>
      </trkpt>
      <trkpt lat="26.9865466" lon="75.8521207">
        <time>2018-10-06T04:06:35Z</time>
      </trkpt>
      <trkpt lat="26.9865466" lon="75.8521207">
        <time>2018-10-06T04:06:46Z</time>
      </trkpt>
      <trkpt lat="26.9865358" lon="75.8521361">
        <time>2018-10-06T04:06:56Z</time>
      </trkpt>
      <trkpt lat="26.9865339" lon="75.8521443">
        <time>2018-10-06T04:07:06Z</time>
      </trkpt>
      <trkpt lat="26.9865338" lon="75.8521410">
        <time>2018-10-06T04:07:16Z</time>
      </trkpt>
      <trkpt lat="26.9866126" lon="75.8521680">
        <time>2018-10-06T04:07:26Z</time>
      </trkpt>
      <trkpt lat="26.9866760" lon="75.8521264">
        <time>2018-10-06T04:07:37Z</time>
      </trkpt>
      <trkpt lat="26.9867115" lon="75.8520559">
        <time>2018-10-06T04:07:48Z</time>
      </trkpt>
      <trkpt lat="26.9867335" lon="75.8519789">
        <time>2018-10-06T04:07:59Z</time>
      </trkpt>
      <trkpt lat="26.9867467" lon="75.8519016">
        <time>2018-10-06T04:08:09Z</time>
      </trkpt>
      <trkpt lat="26.9867492" lon="75.8518134">
        <time>2018-10-06T04:08:20Z</time>
      </trkpt>
      <trkpt lat="26.9867339" lon="75.8517260">
        <time>2018-10-06T04:08:31Z</time>
      </trkpt>
      <trkpt lat="26.9867063" lon="75.8516199">
        <time>2018-10-06T04:08:42Z</time>
      </trkpt>
      <trkpt lat="26.9866863" lon="75.8515427">
        <time>2018-10-06T04:08:53Z</time>
      </trkpt>
      <trkpt lat="26.9866555" lon="75.8514888">
        <time>2018-10-06T04:09:03Z</time>
      </trkpt>
      <trkpt lat="26.9865920" lon="75.8514298">
        <time>2018-10-06T04:09:14Z</time>
      </trkpt>
      <trkpt lat="26.9865349" lon="75.8513638">
        <time>2018-10-06T04:09:24Z</time>
      </trkpt>
      <trkpt lat="26.9864784" lon="75.8512951">
        <time>2018-10-06T04:09:35Z</time>
      </trkpt>
      <trkpt lat="26.9864138" lon="75.8512428">
        <time>2018-10-06T04:09:45Z</time>
      </trkpt>
      <trkpt lat="26.9864050" lon="75.8512075">
        <time>2018-10-06T04:09:56Z</time>
      </trkpt>
      <trkpt lat="26.9865249" lon="75.8512195">
        <time>2018-10-06T04:10:06Z</time>
      </trkpt>
      <trkpt lat="26.9866345" lon="75.8512230">
        <time>2018-10-06T04:10:16Z</time>
      </trkpt>
      <trkpt lat="26.9866630" lon="75.8512118">
        <time>2018-10-06T04:10:27Z</time>
      </trkpt>
      <trkpt lat="26.9867328" lon="75.8513008">
        <time>2018-10-06T04:10:38Z</time>
      </trkpt>
      <trkpt lat="26.9867367" lon="75.8513288">
        <time>2018-10-06T04:10:48Z</time>
      </trkpt>
      <trkpt lat="26.9867587" lon="75.8512640">
        <time>2018-10-06T04:10:59Z</time>
      </trkpt>
      <trkpt lat="26.9867674" lon="75.8512630">
        <time>2018-10-06T04:11:10Z</time>
      </trkpt>
      <trkpt lat="26.9867674" lon="75.8512630">
        <time>2018-10-06T04:11:21Z</time>
      </trkpt>
      <trkpt lat="26.9867562" lon="75.8512576">
        <time>2018-10-06T04:11:31Z</time>
      </trkpt>
      <trkpt lat="26.9866818" lon="75.8512363">
        <time>2018-10-06T04:11:41Z</time>
      </trkpt>
      <trkpt lat="26.9866548" lon="75.8512886">
        <time>2018-10-06T04:11:51Z</time>
      </trkpt>
      <trkpt lat="26.9866356" lon="75.8512898">
        <time>2018-10-06T04:12:02Z</time>
      </trkpt>
      <trkpt lat="26.9865815" lon="75.8512631">
        <time>2018-10-06T04:12:13Z</time>
      </trkpt>
      <trkpt lat="26.9865815" lon="75.8512604">
        <time>2018-10-06T04:12:23Z</time>
      </trkpt>
      <trkpt lat="26.9866427" lon="75.8512247">
        <time>2018-10-06T04:12:33Z</time>
      </trkpt>
      <trkpt lat="26.9867330" lon="75.8511572">
        <time>2018-10-06T04:12:44Z</time>
      </trkpt>
      <trkpt lat="26.9868231" lon="75.8511268">
        <time>2018-10-06T04:12:55Z</time>
      </trkpt>
      <trkpt lat="26.9869238" lon="75.8511080">
        <time>2018-10-06T04:13:06Z</time>
      </trkpt>
      <trkpt lat="26.9869683" lon="75.8511195">
        <time>2018-10-06T04:13:17Z</time>
      </trkpt>
      <trkpt lat="26.9869732" lon="75.8511142">
        <time>2018-10-06T04:13:27Z</time>
      </trkpt>
      <trkpt lat="26.9869816" lon="75.8511095">
        <time>2018-10-06T04:13:38Z</time>
      </trkpt>
      <trkpt lat="26.9869858" lon="75.8511097">
        <time>2018-10-06T04:13:48Z</time>
      </trkpt>
      <trkpt lat="26.9869771" lon="75.8510695">
        <time>2018-10-06T04:13:59Z</time>
      </trkpt>
      <trkpt lat="26.9869386" lon="75.8509589">
        <time>2018-10-06T04:14:10Z</time>
      </trkpt>
      <trkpt lat="26.9869379" lon="75.8508356">
        <time>2018-10-06T04:14:21Z</time>
      </trkpt>
      <trkpt lat="26.9869653" lon="75.8507830">
        <time>2018-10-06T04:14:31Z</time>
      </trkpt>
      <trkpt lat="26.9869667" lon="75.8507099">
        <time>2018-10-06T04:14:42Z</time>
      </trkpt>
      <trkpt lat="26.9869528" lon="75.8506490">
        <time>2018-10-06T04:14:55Z</time>
      </trkpt>
      <trkpt lat="26.9869501" lon="75.8506398">
        <time>2018-10-06T04:15:05Z</time>
      </trkpt>
      <trkpt lat="26.9869921" lon="75.8506646">
        <time>2018-10-06T04:15:16Z</time>
      </trkpt>
      <trkpt lat="26.9870128" lon="75.8506398">
        <time>2018-10-06T04:15:37Z</time>
      </trkpt>
      <trkpt lat="26.9870438" lon="75.8505473">
        <time>2018-10-06T04:17:08Z</time>
      </trkpt>
      <trkpt lat="26.9870184" lon="75.8505939">
        <time>2018-10-06T04:17:19Z</time>
      </trkpt>
      <trkpt lat="26.9870184" lon="75.8505939">
        <time>2018-10-06T04:17:30Z</time>
      </trkpt>
      <trkpt lat="26.9870004" lon="75.8506087">
        <time>2018-10-06T04:17:40Z</time>
      </trkpt>
      <trkpt lat="26.9870004" lon="75.8506087">
        <time>2018-10-06T04:17:51Z</time>
      </trkpt>
      <trkpt lat="26.9870004" lon="75.8506087">
        <time>2018-10-06T04:18:02Z</time>
      </trkpt>
      <trkpt lat="26.9870004" lon="75.8506087">
        <time>2018-10-06T04:18:12Z</time>
      </trkpt>
      <trkpt lat="26.9870004" lon="75.8506087">
        <time>2018-10-06T04:18:23Z</time>
      </trkpt>
      <trkpt lat="26.9870004" lon="75.8506087">
        <time>2018-10-06T04:18:33Z</time>
      </trkpt>
      <trkpt lat="26.9870004" lon="75.8506087">
        <time>2018-10-06T04:18:43Z</time>
      </trkpt>
      <trkpt lat="26.9869993" lon="75.8506274">
        <time>2018-10-06T04:18:54Z</time>
      </trkpt>
      <trkpt lat="26.9870003" lon="75.8506279">
        <time>2018-10-06T04:19:05Z</time>
      </trkpt>
      <trkpt lat="26.9869918" lon="75.8506325">
        <time>2018-10-06T04:19:16Z</time>
      </trkpt>
      <trkpt lat="26.9869864" lon="75.8506315">
        <time>2018-10-06T04:19:27Z</time>
      </trkpt>
      <trkpt lat="26.9869864" lon="75.8506315">
        <time>2018-10-06T04:19:37Z</time>
      </trkpt>
      <trkpt lat="26.9869976" lon="75.8506134">
        <time>2018-10-06T04:19:48Z</time>
      </trkpt>
      <trkpt lat="26.9869951" lon="75.8506120">
        <time>2018-10-06T04:19:58Z</time>
      </trkpt>
      <trkpt lat="26.9869951" lon="75.8506120">
        <time>2018-10-06T04:20:08Z</time>
      </trkpt>
      <trkpt lat="26.9869951" lon="75.8506120">
        <time>2018-10-06T04:20:18Z</time>
      </trkpt>
      <trkpt lat="26.9869976" lon="75.8506129">
        <time>2018-10-06T04:20:29Z</time>
      </trkpt>
      <trkpt lat="26.9869649" lon="75.8506338">
        <time>2018-10-06T04:20:40Z</time>
      </trkpt>
      <trkpt lat="26.9869800" lon="75.8507181">
        <time>2018-10-06T04:20:50Z</time>
      </trkpt>
      <trkpt lat="26.9868510" lon="75.8506663">
        <time>2018-10-06T04:21:01Z</time>
      </trkpt>
      <trkpt lat="26.9868101" lon="75.8506461">
        <time>2018-10-06T04:21:11Z</time>
      </trkpt>
      <trkpt lat="26.9867795" lon="75.8506726">
        <time>2018-10-06T04:21:22Z</time>
      </trkpt>
      <trkpt lat="26.9866677" lon="75.8507117">
        <time>2018-10-06T04:21:33Z</time>
      </trkpt>
      <trkpt lat="26.9866564" lon="75.8507120">
        <time>2018-10-06T04:21:44Z</time>
      </trkpt>
      <trkpt lat="26.9866611" lon="75.8506973">
        <time>2018-10-06T04:21:54Z</time>
      </trkpt>
      <trkpt lat="26.9866908" lon="75.8506657">
        <time>2018-10-06T04:22:04Z</time>
      </trkpt>
      <trkpt lat="26.9866597" lon="75.8506445">
        <time>2018-10-06T04:22:15Z</time>
      </trkpt>
      <trkpt lat="26.9866057" lon="75.8506277">
        <time>2018-10-06T04:22:26Z</time>
      </trkpt>
      <trkpt lat="26.9865689" lon="75.8505924">
        <time>2018-10-06T04:22:36Z</time>
      </trkpt>
      <trkpt lat="26.9865529" lon="75.8506148">
        <time>2018-10-06T04:22:46Z</time>
      </trkpt>
      <trkpt lat="26.9865529" lon="75.8506148">
        <time>2018-10-06T04:22:57Z</time>
      </trkpt>
      <trkpt lat="26.9865513" lon="75.8505934">
        <time>2018-10-06T04:23:08Z</time>
      </trkpt>
      <trkpt lat="26.9865513" lon="75.8505934">
        <time>2018-10-06T04:23:18Z</time>
      </trkpt>
      <trkpt lat="26.9865513" lon="75.8505934">
        <time>2018-10-06T04:23:29Z</time>
      </trkpt>
      <trkpt lat="26.9865353" lon="75.8506898">
        <time>2018-10-06T04:23:39Z</time>
      </trkpt>
      <trkpt lat="26.9864923" lon="75.8506299">
        <time>2018-10-06T04:23:49Z</time>
      </trkpt>
      <trkpt lat="26.9863901" lon="75.8506970">
        <time>2018-10-06T04:24:00Z</time>
      </trkpt>
      <trkpt lat="26.9863811" lon="75.8507037">
        <time>2018-10-06T04:24:11Z</time>
      </trkpt>
      <trkpt lat="26.9863661" lon="75.8507386">
        <time>2018-10-06T04:24:23Z</time>
      </trkpt>
      <trkpt lat="26.9863661" lon="75.8507389">
        <time>2018-10-06T04:24:33Z</time>
      </trkpt>
      <trkpt lat="26.9863497" lon="75.8507865">
        <time>2018-10-06T04:24:44Z</time>
      </trkpt>
      <trkpt lat="26.9863705" lon="75.8508406">
        <time>2018-10-06T04:24:55Z</time>
      </trkpt>
      <trkpt lat="26.9863705" lon="75.8508406">
        <time>2018-10-06T04:25:05Z</time>
      </trkpt>
      <trkpt lat="26.9863742" lon="75.8508465">
        <time>2018-10-06T04:25:15Z</time>
      </trkpt>
      <trkpt lat="26.9863564" lon="75.8508450">
        <time>2018-10-06T04:25:26Z</time>
      </trkpt>
      <trkpt lat="26.9863363" lon="75.8508522">
        <time>2018-10-06T04:25:36Z</time>
      </trkpt>
      <trkpt lat="26.9863252" lon="75.8508861">
        <time>2018-10-06T04:25:46Z</time>
      </trkpt>
      <trkpt lat="26.9863252" lon="75.8508861">
        <time>2018-10-06T04:25:57Z</time>
      </trkpt>
      <trkpt lat="26.9863345" lon="75.8508755">
        <time>2018-10-06T04:26:08Z</time>
      </trkpt>
      <trkpt lat="26.9863683" lon="75.8508979">
        <time>2018-10-06T04:26:18Z</time>
      </trkpt>
      <trkpt lat="26.9863683" lon="75.8508979">
        <time>2018-10-06T04:26:29Z</time>
      </trkpt>
      <trkpt lat="26.9863683" lon="75.8508979">
        <time>2018-10-06T04:26:40Z</time>
      </trkpt>
      <trkpt lat="26.9863683" lon="75.8508979">
        <time>2018-10-06T04:26:50Z</time>
      </trkpt>
      <trkpt lat="26.9863683" lon="75.8508979">
        <time>2018-10-06T04:27:01Z</time>
      </trkpt>
      <trkpt lat="26.9863612" lon="75.8509000">
        <time>2018-10-06T04:27:11Z</time>
      </trkpt>
      <trkpt lat="26.9863063" lon="75.8508941">
        <time>2018-10-06T04:27:22Z</time>
      </trkpt>
      <trkpt lat="26.9862913" lon="75.8508932">
        <time>2018-10-06T04:27:33Z</time>
      </trkpt>
      <trkpt lat="26.9862781" lon="75.8508890">
        <time>2018-10-06T04:27:44Z</time>
      </trkpt>
      <trkpt lat="26.9862553" lon="75.8509102">
        <time>2018-10-06T04:27:54Z</time>
      </trkpt>
      <trkpt lat="26.9862000" lon="75.8509251">
        <time>2018-10-06T04:28:04Z</time>
      </trkpt>
      <trkpt lat="26.9861440" lon="75.8509762">
        <time>2018-10-06T04:28:14Z</time>
      </trkpt>
      <trkpt lat="26.9861032" lon="75.8509832">
        <time>2018-10-06T04:28:26Z</time>
      </trkpt>
      <trkpt lat="26.9860533" lon="75.8509895">
        <time>2018-10-06T04:28:37Z</time>
      </trkpt>
      <trkpt lat="26.9860260" lon="75.8509820">
        <time>2018-10-06T04:28:47Z</time>
      </trkpt>
      <trkpt lat="26.9860389" lon="75.8509838">
        <time>2018-10-06T04:28:57Z</time>
      </trkpt>
      <trkpt lat="26.9860434" lon="75.8509355">
        <time>2018-10-06T04:29:07Z</time>
      </trkpt>
      <trkpt lat="26.9860500" lon="75.8509231">
        <time>2018-10-06T04:29:18Z</time>
      </trkpt>
      <trkpt lat="26.9860569" lon="75.8509226">
        <time>2018-10-06T04:29:29Z</time>
      </trkpt>
      <trkpt lat="26.9859966" lon="75.8508268">
        <time>2018-10-06T04:29:39Z</time>
      </trkpt>
      <trkpt lat="26.9859879" lon="75.8508436">
        <time>2018-10-06T04:29:49Z</time>
      </trkpt>
      <trkpt lat="26.9859722" lon="75.8508245">
        <time>2018-10-06T04:30:00Z</time>
      </trkpt>
      <trkpt lat="26.9859147" lon="75.8507842">
        <time>2018-10-06T04:30:10Z</time>
      </trkpt>
      <trkpt lat="26.9859284" lon="75.8508767">
        <time>2018-10-06T04:31:52Z</time>
      </trkpt>
      <trkpt lat="26.9858892" lon="75.8509016">
        <time>2018-10-06T04:32:15Z</time>
      </trkpt>
      <trkpt lat="26.9858978" lon="75.8508818">
        <time>2018-10-06T04:32:25Z</time>
      </trkpt>
      <trkpt lat="26.9859131" lon="75.8508211">
        <time>2018-10-06T04:32:36Z</time>
      </trkpt>
      <trkpt lat="26.9859131" lon="75.8508211">
        <time>2018-10-06T04:32:47Z</time>
      </trkpt>
      <trkpt lat="26.9859131" lon="75.8508211">
        <time>2018-10-06T04:32:57Z</time>
      </trkpt>
      <trkpt lat="26.9858845" lon="75.8508363">
        <time>2018-10-06T04:33:08Z</time>
      </trkpt>
      <trkpt lat="26.9858845" lon="75.8508363">
        <time>2018-10-06T04:33:19Z</time>
      </trkpt>
      <trkpt lat="26.9858845" lon="75.8508363">
        <time>2018-10-06T04:33:29Z</time>
      </trkpt>
      <trkpt lat="26.9858784" lon="75.8508490">
        <time>2018-10-06T04:33:40Z</time>
      </trkpt>
      <trkpt lat="26.9858564" lon="75.8508157">
        <time>2018-10-06T04:33:50Z</time>
      </trkpt>
      <trkpt lat="26.9858865" lon="75.8507599">
        <time>2018-10-06T04:34:00Z</time>
      </trkpt>
      <trkpt lat="26.9859295" lon="75.8506846">
        <time>2018-10-06T04:34:11Z</time>
      </trkpt>
      <trkpt lat="26.9859590" lon="75.8506074">
        <time>2018-10-06T04:34:21Z</time>
      </trkpt>
      <trkpt lat="26.9859818" lon="75.8505681">
        <time>2018-10-06T04:34:32Z</time>
      </trkpt>
      <trkpt lat="26.9859818" lon="75.8505681">
        <time>2018-10-06T04:34:42Z</time>
      </trkpt>
      <trkpt lat="26.9859944" lon="75.8505788">
        <time>2018-10-06T04:34:53Z</time>
      </trkpt>
      <trkpt lat="26.9860515" lon="75.8506186">
        <time>2018-10-06T04:35:04Z</time>
      </trkpt>
      <trkpt lat="26.9860517" lon="75.8506384">
        <time>2018-10-06T04:35:15Z</time>
      </trkpt>
      <trkpt lat="26.9860202" lon="75.8505960">
        <time>2018-10-06T04:35:26Z</time>
      </trkpt>
      <trkpt lat="26.9859965" lon="75.8505998">
        <time>2018-10-06T04:35:37Z</time>
      </trkpt>
      <trkpt lat="26.9860124" lon="75.8505561">
        <time>2018-10-06T04:35:47Z</time>
      </trkpt>
      <trkpt lat="26.9860632" lon="75.8504653">
        <time>2018-10-06T04:35:58Z</time>
      </trkpt>
      <trkpt lat="26.9861179" lon="75.8503782">
        <time>2018-10-06T04:36:08Z</time>
      </trkpt>
      <trkpt lat="26.9861608" lon="75.8503161">
        <time>2018-10-06T04:36:19Z</time>
      </trkpt>
      <trkpt lat="26.9861872" lon="75.8503062">
        <time>2018-10-06T04:36:30Z</time>
      </trkpt>
      <trkpt lat="26.9861872" lon="75.8503062">
        <time>2018-10-06T04:36:40Z</time>
      </trkpt>
      <trkpt lat="26.9861872" lon="75.8503062">
        <time>2018-10-06T04:36:50Z</time>
      </trkpt>
      <trkpt lat="26.9861913" lon="75.8503320">
        <time>2018-10-06T04:37:01Z</time>
      </trkpt>
      <trkpt lat="26.9861033" lon="75.8502790">
        <time>2018-10-06T04:37:11Z</time>
      </trkpt>
      <trkpt lat="26.9860671" lon="75.8502215">
        <time>2018-10-06T04:37:22Z</time>
      </trkpt>
      <trkpt lat="26.9859818" lon="75.8501944">
        <time>2018-10-06T04:37:32Z</time>
      </trkpt>
      <trkpt lat="26.9859554" lon="75.8501682">
        <time>2018-10-06T04:37:42Z</time>
      </trkpt>
      <trkpt lat="26.9858930" lon="75.8501022">
        <time>2018-10-06T04:37:53Z</time>
      </trkpt>
      <trkpt lat="26.9858681" lon="75.8500809">
        <time>2018-10-06T04:38:03Z</time>
      </trkpt>
      <trkpt lat="26.9858681" lon="75.8500809">
        <time>2018-10-06T04:38:13Z</time>
      </trkpt>
      <trkpt lat="26.9858311" lon="75.8500887">
        <time>2018-10-06T04:38:24Z</time>
      </trkpt>
      <trkpt lat="26.9858311" lon="75.8500887">
        <time>2018-10-06T04:38:34Z</time>
      </trkpt>
      <trkpt lat="26.9858279" lon="75.8500643">
        <time>2018-10-06T04:38:44Z</time>
      </trkpt>
      <trkpt lat="26.9857419" lon="75.8501341">
        <time>2018-10-06T04:38:55Z</time>
      </trkpt>
      <trkpt lat="26.9856846" lon="75.8502414">
        <time>2018-10-06T04:39:06Z</time>
      </trkpt>
      <trkpt lat="26.9856189" lon="75.8503178">
        <time>2018-10-06T04:39:16Z</time>
      </trkpt>
      <trkpt lat="26.9855436" lon="75.8504032">
        <time>2018-10-06T04:39:26Z</time>
      </trkpt>
      <trkpt lat="26.9854894" lon="75.8504871">
        <time>2018-10-06T04:39:36Z</time>
      </trkpt>
      <trkpt lat="26.9854985" lon="75.8506090">
        <time>2018-10-06T04:39:47Z</time>
      </trkpt>
      <trkpt lat="26.9855122" lon="75.8506105">
        <time>2018-10-06T04:39:57Z</time>
      </trkpt>
      <trkpt lat="26.9855208" lon="75.8505682">
        <time>2018-10-06T04:40:08Z</time>
      </trkpt>
      <trkpt lat="26.9855215" lon="75.8505664">
        <time>2018-10-06T04:40:18Z</time>
      </trkpt>
      <trkpt lat="26.9855312" lon="75.8505756">
        <time>2018-10-06T04:40:28Z</time>
      </trkpt>
      <trkpt lat="26.9855312" lon="75.8505756">
        <time>2018-10-06T04:40:39Z</time>
      </trkpt>
      <trkpt lat="26.9855057" lon="75.8505841">
        <time>2018-10-06T04:40:49Z</time>
      </trkpt>
      <trkpt lat="26.9853336" lon="75.8504699">
        <time>2018-10-06T04:41:11Z</time>
      </trkpt>
      <trkpt lat="26.9855546" lon="75.8504394">
        <time>2018-10-06T04:41:22Z</time>
      </trkpt>
      <trkpt lat="26.9855788" lon="75.8503843">
        <time>2018-10-06T04:41:33Z</time>
      </trkpt>
      <trkpt lat="26.9857713" lon="75.8504971">
        <time>2018-10-06T04:41:44Z</time>
      </trkpt>
      <trkpt lat="26.9857447" lon="75.8504846">
        <time>2018-10-06T04:41:54Z</time>
      </trkpt>
      <trkpt lat="26.9857227" lon="75.8505119">
        <time>2018-10-06T04:42:05Z</time>
      </trkpt>
      <trkpt lat="26.9857547" lon="75.8505176">
        <time>2018-10-06T04:42:15Z</time>
      </trkpt>
      <trkpt lat="26.9857954" lon="75.8505090">
        <time>2018-10-06T04:42:26Z</time>
      </trkpt>
      <trkpt lat="26.9857954" lon="75.8505090">
        <time>2018-10-06T04:42:37Z</time>
      </trkpt>
      <trkpt lat="26.9857367" lon="75.8505355">
        <time>2018-10-06T04:42:48Z</time>
      </trkpt>
      <trkpt lat="26.9857279" lon="75.8505393">
        <time>2018-10-06T04:42:58Z</time>
      </trkpt>
      <trkpt lat="26.9857447" lon="75.8505548">
        <time>2018-10-06T04:43:09Z</time>
      </trkpt>
      <trkpt lat="26.9857447" lon="75.8505548">
        <time>2018-10-06T04:43:19Z</time>
      </trkpt>
      <trkpt lat="26.9857447" lon="75.8505548">
        <time>2018-10-06T04:43:29Z</time>
      </trkpt>
      <trkpt lat="26.9856986" lon="75.8505783">
        <time>2018-10-06T04:43:40Z</time>
      </trkpt>
      <trkpt lat="26.9856986" lon="75.8505783">
        <time>2018-10-06T04:43:51Z</time>
      </trkpt>
      <trkpt lat="26.9857398" lon="75.8505398">
        <time>2018-10-06T04:44:01Z</time>
      </trkpt>
      <trkpt lat="26.9857422" lon="75.8505370">
        <time>2018-10-06T04:44:11Z</time>
      </trkpt>
      <trkpt lat="26.9857422" lon="75.8505370">
        <time>2018-10-06T04:44:22Z</time>
      </trkpt>
      <trkpt lat="26.9857422" lon="75.8505370">
        <time>2018-10-06T04:44:33Z</time>
      </trkpt>
      <trkpt lat="26.9857422" lon="75.8505370">
        <time>2018-10-06T04:44:43Z</time>
      </trkpt>
      <trkpt lat="26.9857422" lon="75.8505370">
        <time>2018-10-06T04:44:54Z</time>
      </trkpt>
      <trkpt lat="26.9857422" lon="75.8505370">
        <time>2018-10-06T04:45:05Z</time>
      </trkpt>
      <trkpt lat="26.9857422" lon="75.8505370">
        <time>2018-10-06T04:45:15Z</time>
      </trkpt>
      <trkpt lat="26.9857594" lon="75.8505281">
        <time>2018-10-06T04:45:26Z</time>
      </trkpt>
      <trkpt lat="26.9857594" lon="75.8505281">
        <time>2018-10-06T04:45:37Z</time>
      </trkpt>
      <trkpt lat="26.9857594" lon="75.8505281">
        <time>2018-10-06T04:45:47Z</time>
      </trkpt>
      <trkpt lat="26.9857594" lon="75.8505281">
        <time>2018-10-06T04:45:57Z</time>
      </trkpt>
      <trkpt lat="26.9857594" lon="75.8505281">
        <time>2018-10-06T04:46:07Z</time>
      </trkpt>
      <trkpt lat="26.9857594" lon="75.8505281">
        <time>2018-10-06T04:46:18Z</time>
      </trkpt>
      <trkpt lat="26.9857594" lon="75.8505281">
        <time>2018-10-06T04:46:29Z</time>
      </trkpt>
      <trkpt lat="26.9857594" lon="75.8505281">
        <time>2018-10-06T04:46:40Z</time>
      </trkpt>
      <trkpt lat="26.9857594" lon="75.8505281">
        <time>2018-10-06T04:46:51Z</time>
      </trkpt>
      <trkpt lat="26.9857594" lon="75.8505281">
        <time>2018-10-06T04:47:02Z</time>
      </trkpt>
      <trkpt lat="26.9857683" lon="75.8505500">
        <time>2018-10-06T04:47:12Z</time>
      </trkpt>
      <trkpt lat="26.9858373" lon="75.8505927">
        <time>2018-10-06T04:47:22Z</time>
      </trkpt>
      <trkpt lat="26.9859533" lon="75.8505943">
        <time>2018-10-06T04:47:33Z</time>
      </trkpt>
      <trkpt lat="26.9860009" lon="75.8505269">
        <time>2018-10-06T04:47:44Z</time>
      </trkpt>
      <trkpt lat="26.9860593" lon="75.8504463">
        <time>2018-10-06T04:47:54Z</time>
      </trkpt>
      <trkpt lat="26.9860988" lon="75.8503839">
        <time>2018-10-06T04:48:05Z</time>
      </trkpt>
      <trkpt lat="26.9860879" lon="75.8503319">
        <time>2018-10-06T04:48:15Z</time>
      </trkpt>
      <trkpt lat="26.9860768" lon="75.8503470">
        <time>2018-10-06T04:48:26Z</time>
      </trkpt>
      <trkpt lat="26.9860771" lon="75.8503520">
        <time>2018-10-06T04:48:36Z</time>
      </trkpt>
      <trkpt lat="26.9860771" lon="75.8503520">
        <time>2018-10-06T04:48:47Z</time>
      </trkpt>
      <trkpt lat="26.9860771" lon="75.8503520">
        <time>2018-10-06T04:48:58Z</time>
      </trkpt>
      <trkpt lat="26.9860487" lon="75.8502581">
        <time>2018-10-06T04:49:09Z</time>
      </trkpt>
      <trkpt lat="26.9860256" lon="75.8502004">
        <time>2018-10-06T04:49:20Z</time>
      </trkpt>
      <trkpt lat="26.9859667" lon="75.8501922">
        <time>2018-10-06T04:49:31Z</time>
      </trkpt>
      <trkpt lat="26.9859642" lon="75.8501881">
        <time>2018-10-06T04:49:41Z</time>
      </trkpt>
      <trkpt lat="26.9859469" lon="75.8500840">
        <time>2018-10-06T04:49:51Z</time>
      </trkpt>
      <trkpt lat="26.9858943" lon="75.8500170">
        <time>2018-10-06T04:50:03Z</time>
      </trkpt>
      <trkpt lat="26.9858224" lon="75.8500617">
        <time>2018-10-06T04:50:23Z</time>
      </trkpt>
      <trkpt lat="26.9858188" lon="75.8501394">
        <time>2018-10-06T04:50:34Z</time>
      </trkpt>
      <trkpt lat="26.9858888" lon="75.8500521">
        <time>2018-10-06T04:51:10Z</time>
      </trkpt>
      <trkpt lat="26.9857873" lon="75.8501099">
        <time>2018-10-06T04:51:20Z</time>
      </trkpt>
      <trkpt lat="26.9857570" lon="75.8501627">
        <time>2018-10-06T04:51:30Z</time>
      </trkpt>
      <trkpt lat="26.9858139" lon="75.8501266">
        <time>2018-10-06T04:51:40Z</time>
      </trkpt>
      <trkpt lat="26.9858398" lon="75.8500743">
        <time>2018-10-06T04:51:51Z</time>
      </trkpt>
      <trkpt lat="26.9857999" lon="75.8500455">
        <time>2018-10-06T04:52:02Z</time>
      </trkpt>
      <trkpt lat="26.9856698" lon="75.8500414">
        <time>2018-10-06T04:52:12Z</time>
      </trkpt>
      <trkpt lat="26.9855518" lon="75.8500082">
        <time>2018-10-06T04:52:23Z</time>
      </trkpt>
      <trkpt lat="26.9854383" lon="75.8499496">
        <time>2018-10-06T04:52:33Z</time>
      </trkpt>
      <trkpt lat="26.9855202" lon="75.8497465">
        <time>2018-10-06T04:52:47Z</time>
      </trkpt>
      <trkpt lat="26.9854282" lon="75.8498282">
        <time>2018-10-06T04:53:05Z</time>
      </trkpt>
      <trkpt lat="26.9854393" lon="75.8498314">
        <time>2018-10-06T04:53:16Z</time>
      </trkpt>
      <trkpt lat="26.9854337" lon="75.8498342">
        <time>2018-10-06T04:53:26Z</time>
      </trkpt>
      <trkpt lat="26.9854466" lon="75.8498162">
        <time>2018-10-06T04:53:36Z</time>
      </trkpt>
      <trkpt lat="26.9854394" lon="75.8498247">
        <time>2018-10-06T04:53:47Z</time>
      </trkpt>
      <trkpt lat="26.9854371" lon="75.8498266">
        <time>2018-10-06T04:53:58Z</time>
      </trkpt>
      <trkpt lat="26.9854371" lon="75.8498266">
        <time>2018-10-06T04:54:09Z</time>
      </trkpt>
      <trkpt lat="26.9853982" lon="75.8498281">
        <time>2018-10-06T04:54:20Z</time>
      </trkpt>
      <trkpt lat="26.9854629" lon="75.8498303">
        <time>2018-10-06T04:54:30Z</time>
      </trkpt>
      <trkpt lat="26.9854863" lon="75.8498520">
        <time>2018-10-06T04:54:41Z</time>
      </trkpt>
      <trkpt lat="26.9854860" lon="75.8498823">
        <time>2018-10-06T04:54:51Z</time>
      </trkpt>
      <trkpt lat="26.9854860" lon="75.8498823">
        <time>2018-10-06T04:55:01Z</time>
      </trkpt>
      <trkpt lat="26.9855409" lon="75.8498880">
        <time>2018-10-06T04:55:12Z</time>
      </trkpt>
      <trkpt lat="26.9855775" lon="75.8498970">
        <time>2018-10-06T04:55:22Z</time>
      </trkpt>
      <trkpt lat="26.9855171" lon="75.8498234">
        <time>2018-10-06T04:55:33Z</time>
      </trkpt>
      <trkpt lat="26.9855454" lon="75.8498747">
        <time>2018-10-06T04:55:45Z</time>
      </trkpt>
      <trkpt lat="26.9855536" lon="75.8498883">
        <time>2018-10-06T04:55:55Z</time>
      </trkpt>
      <trkpt lat="26.9856439" lon="75.8498888">
        <time>2018-10-06T04:56:06Z</time>
      </trkpt>
      <trkpt lat="26.9855783" lon="75.8498463">
        <time>2018-10-06T04:56:17Z</time>
      </trkpt>
      <trkpt lat="26.9855199" lon="75.8498835">
        <time>2018-10-06T04:56:27Z</time>
      </trkpt>
      <trkpt lat="26.9854762" lon="75.8499227">
        <time>2018-10-06T04:56:37Z</time>
      </trkpt>
      <trkpt lat="26.9854762" lon="75.8499227">
        <time>2018-10-06T04:56:48Z</time>
      </trkpt>
      <trkpt lat="26.9854762" lon="75.8499227">
        <time>2018-10-06T04:56:58Z</time>
      </trkpt>
      <trkpt lat="26.9854411" lon="75.8499244">
        <time>2018-10-06T04:57:09Z</time>
      </trkpt>
      <trkpt lat="26.9853514" lon="75.8499354">
        <time>2018-10-06T04:57:19Z</time>
      </trkpt>
      <trkpt lat="26.9853171" lon="75.8498949">
        <time>2018-10-06T04:57:29Z</time>
      </trkpt>
      <trkpt lat="26.9851929" lon="75.8498030">
        <time>2018-10-06T04:57:43Z</time>
      </trkpt>
      <trkpt lat="26.9849178" lon="75.8493895">
        <time>2018-10-06T04:58:11Z</time>
      </trkpt>
      <trkpt lat="26.9849658" lon="75.8499333">
        <time>2018-10-06T04:58:33Z</time>
      </trkpt>
      <trkpt lat="26.9850207" lon="75.8499175">
        <time>2018-10-06T04:58:45Z</time>
      </trkpt>
      <trkpt lat="26.9853014" lon="75.8501115">
        <time>2018-10-06T04:59:22Z</time>
      </trkpt>
      <trkpt lat="26.9852212" lon="75.8500777">
        <time>2018-10-06T04:59:32Z</time>
      </trkpt>
      <trkpt lat="26.9852409" lon="75.8501244">
        <time>2018-10-06T04:59:43Z</time>
      </trkpt>
      <trkpt lat="26.9852188" lon="75.8501462">
        <time>2018-10-06T04:59:54Z</time>
      </trkpt>
      <trkpt lat="26.9852122" lon="75.8501640">
        <time>2018-10-06T05:00:04Z</time>
      </trkpt>
      <trkpt lat="26.9852122" lon="75.8501640">
        <time>2018-10-06T05:00:15Z</time>
      </trkpt>
      <trkpt lat="26.9852122" lon="75.8501640">
        <time>2018-10-06T05:00:27Z</time>
      </trkpt>
      <trkpt lat="26.9851995" lon="75.8501740">
        <time>2018-10-06T05:00:37Z</time>
      </trkpt>
      <trkpt lat="26.9852005" lon="75.8501510">
        <time>2018-10-06T05:00:47Z</time>
      </trkpt>
      <trkpt lat="26.9852002" lon="75.8501446">
        <time>2018-10-06T05:00:57Z</time>
      </trkpt>
      <trkpt lat="26.9852002" lon="75.8501446">
        <time>2018-10-06T05:01:08Z</time>
      </trkpt>
      <trkpt lat="26.9851969" lon="75.8501293">
        <time>2018-10-06T05:01:18Z</time>
      </trkpt>
      <trkpt lat="26.9851959" lon="75.8501273">
        <time>2018-10-06T05:01:28Z</time>
      </trkpt>
      <trkpt lat="26.9851959" lon="75.8501273">
        <time>2018-10-06T05:01:39Z</time>
      </trkpt>
      <trkpt lat="26.9851959" lon="75.8501273">
        <time>2018-10-06T05:01:50Z</time>
      </trkpt>
      <trkpt lat="26.9852042" lon="75.8501076">
        <time>2018-10-06T05:02:00Z</time>
      </trkpt>
      <trkpt lat="26.9851957" lon="75.8501213">
        <time>2018-10-06T05:02:10Z</time>
      </trkpt>
      <trkpt lat="26.9851946" lon="75.8501196">
        <time>2018-10-06T05:02:21Z</time>
      </trkpt>
      <trkpt lat="26.9851946" lon="75.8501196">
        <time>2018-10-06T05:02:32Z</time>
      </trkpt>
      <trkpt lat="26.9851946" lon="75.8501196">
        <time>2018-10-06T05:02:42Z</time>
      </trkpt>
      <trkpt lat="26.9851946" lon="75.8501196">
        <time>2018-10-06T05:02:53Z</time>
      </trkpt>
      <trkpt lat="26.9851946" lon="75.8501196">
        <time>2018-10-06T05:03:03Z</time>
      </trkpt>
      <trkpt lat="26.9851946" lon="75.8501196">
        <time>2018-10-06T05:03:14Z</time>
      </trkpt>
      <trkpt lat="26.9851946" lon="75.8501196">
        <time>2018-10-06T05:03:25Z</time>
      </trkpt>
      <trkpt lat="26.9851946" lon="75.8501196">
        <time>2018-10-06T05:03:35Z</time>
      </trkpt>
      <trkpt lat="26.9851807" lon="75.8501254">
        <time>2018-10-06T05:03:45Z</time>
      </trkpt>
      <trkpt lat="26.9851807" lon="75.8501254">
        <time>2018-10-06T05:03:56Z</time>
      </trkpt>
      <trkpt lat="26.9851807" lon="75.8501254">
        <time>2018-10-06T05:04:06Z</time>
      </trkpt>
      <trkpt lat="26.9851807" lon="75.8501254">
        <time>2018-10-06T05:04:16Z</time>
      </trkpt>
      <trkpt lat="26.9851807" lon="75.8501254">
        <time>2018-10-06T05:04:27Z</time>
      </trkpt>
      <trkpt lat="26.9851807" lon="75.8501254">
        <time>2018-10-06T05:04:37Z</time>
      </trkpt>
      <trkpt lat="26.9851807" lon="75.8501254">
        <time>2018-10-06T05:04:48Z</time>
      </trkpt>
      <trkpt lat="26.9851856" lon="75.8501445">
        <time>2018-10-06T05:04:58Z</time>
      </trkpt>
      <trkpt lat="26.9851858" lon="75.8501478">
        <time>2018-10-06T05:05:08Z</time>
      </trkpt>
      <trkpt lat="26.9852106" lon="75.8500841">
        <time>2018-10-06T05:05:19Z</time>
      </trkpt>
      <trkpt lat="26.9852623" lon="75.8500134">
        <time>2018-10-06T05:05:29Z</time>
      </trkpt>
      <trkpt lat="26.9853603" lon="75.8499041">
        <time>2018-10-06T05:05:39Z</time>
      </trkpt>
      <trkpt lat="26.9853541" lon="75.8498244">
        <time>2018-10-06T05:05:50Z</time>
      </trkpt>
      <trkpt lat="26.9854614" lon="75.8495402">
        <time>2018-10-06T05:06:18Z</time>
      </trkpt>
      <trkpt lat="26.9857992" lon="75.8497087">
        <time>2018-10-06T05:06:45Z</time>
      </trkpt>
      <trkpt lat="26.9856867" lon="75.8497936">
        <time>2018-10-06T05:06:55Z</time>
      </trkpt>
      <trkpt lat="26.9855865" lon="75.8497963">
        <time>2018-10-06T05:07:06Z</time>
      </trkpt>
      <trkpt lat="26.9856186" lon="75.8498028">
        <time>2018-10-06T05:07:16Z</time>
      </trkpt>
      <trkpt lat="26.9856922" lon="75.8498245">
        <time>2018-10-06T05:07:26Z</time>
      </trkpt>
      <trkpt lat="26.9857770" lon="75.8498286">
        <time>2018-10-06T05:07:37Z</time>
      </trkpt>
      <trkpt lat="26.9858909" lon="75.8498804">
        <time>2018-10-06T05:07:47Z</time>
      </trkpt>
      <trkpt lat="26.9860445" lon="75.8498824">
        <time>2018-10-06T05:07:57Z</time>
      </trkpt>
      <trkpt lat="26.9860794" lon="75.8498616">
        <time>2018-10-06T05:08:07Z</time>
      </trkpt>
      <trkpt lat="26.9862539" lon="75.8501589">
        <time>2018-10-06T05:14:07Z</time>
      </trkpt>
      <trkpt lat="26.9863316" lon="75.8501954">
        <time>2018-10-06T05:14:18Z</time>
      </trkpt>
      <trkpt lat="26.9863722" lon="75.8501726">
        <time>2018-10-06T05:14:28Z</time>
      </trkpt>
      <trkpt lat="26.9864042" lon="75.8501443">
        <time>2018-10-06T05:14:39Z</time>
      </trkpt>
      <trkpt lat="26.9864073" lon="75.8501664">
        <time>2018-10-06T05:14:49Z</time>
      </trkpt>
      <trkpt lat="26.9864561" lon="75.8502114">
        <time>2018-10-06T05:14:59Z</time>
      </trkpt>
      <trkpt lat="26.9868722" lon="75.8507060">
        <time>2018-10-06T05:15:56Z</time>
      </trkpt>
      <trkpt lat="26.9869566" lon="75.8507676">
        <time>2018-10-06T05:16:07Z</time>
      </trkpt>
      <trkpt lat="26.9870386" lon="75.8508584">
        <time>2018-10-06T05:16:18Z</time>
      </trkpt>
      <trkpt lat="26.9871271" lon="75.8509065">
        <time>2018-10-06T05:16:28Z</time>
      </trkpt>
      <trkpt lat="26.9872097" lon="75.8508885">
        <time>2018-10-06T05:16:39Z</time>
      </trkpt>
      <trkpt lat="26.9872090" lon="75.8509164">
        <time>2018-10-06T05:16:50Z</time>
      </trkpt>
      <trkpt lat="26.9871870" lon="75.8509465">
        <time>2018-10-06T05:17:00Z</time>
      </trkpt>
      <trkpt lat="26.9871800" lon="75.8509605">
        <time>2018-10-06T05:17:11Z</time>
      </trkpt>
      <trkpt lat="26.9871891" lon="75.8509443">
        <time>2018-10-06T05:17:21Z</time>
      </trkpt>
      <trkpt lat="26.9871777" lon="75.8508901">
        <time>2018-10-06T05:17:31Z</time>
      </trkpt>
      <trkpt lat="26.9871777" lon="75.8508901">
        <time>2018-10-06T05:17:42Z</time>
      </trkpt>
      <trkpt lat="26.9871833" lon="75.8509080">
        <time>2018-10-06T05:17:53Z</time>
      </trkpt>
      <trkpt lat="26.9871820" lon="75.8509045">
        <time>2018-10-06T05:18:04Z</time>
      </trkpt>
      <trkpt lat="26.9871920" lon="75.8509088">
        <time>2018-10-06T05:18:15Z</time>
      </trkpt>
      <trkpt lat="26.9871888" lon="75.8509117">
        <time>2018-10-06T05:18:26Z</time>
      </trkpt>
      <trkpt lat="26.9871888" lon="75.8509117">
        <time>2018-10-06T05:18:37Z</time>
      </trkpt>
      <trkpt lat="26.9873614" lon="75.8509429">
        <time>2018-10-06T05:18:48Z</time>
      </trkpt>
      <trkpt lat="26.9874111" lon="75.8509790">
        <time>2018-10-06T05:18:59Z</time>
      </trkpt>
      <trkpt lat="26.9873233" lon="75.8508885">
        <time>2018-10-06T05:19:09Z</time>
      </trkpt>
      <trkpt lat="26.9872328" lon="75.8508254">
        <time>2018-10-06T05:19:19Z</time>
      </trkpt>
      <trkpt lat="26.9873412" lon="75.8507965">
        <time>2018-10-06T05:19:30Z</time>
      </trkpt>
      <trkpt lat="26.9874149" lon="75.8508346">
        <time>2018-10-06T05:19:40Z</time>
      </trkpt>
      <trkpt lat="26.9873915" lon="75.8508381">
        <time>2018-10-06T05:19:50Z</time>
      </trkpt>
      <trkpt lat="26.9873874" lon="75.8508372">
        <time>2018-10-06T05:20:01Z</time>
      </trkpt>
      <trkpt lat="26.9873874" lon="75.8508372">
        <time>2018-10-06T05:20:12Z</time>
      </trkpt>
      <trkpt lat="26.9873874" lon="75.8508372">
        <time>2018-10-06T05:20:22Z</time>
      </trkpt>
      <trkpt lat="26.9873874" lon="75.8508372">
        <time>2018-10-06T05:20:32Z</time>
      </trkpt>
      <trkpt lat="26.9873853" lon="75.8508444">
        <time>2018-10-06T05:20:43Z</time>
      </trkpt>
      <trkpt lat="26.9873853" lon="75.8508444">
        <time>2018-10-06T05:20:54Z</time>
      </trkpt>
      <trkpt lat="26.9873853" lon="75.8508444">
        <time>2018-10-06T05:21:05Z</time>
      </trkpt>
      <trkpt lat="26.9873853" lon="75.8508444">
        <time>2018-10-06T05:21:16Z</time>
      </trkpt>
      <trkpt lat="26.9873853" lon="75.8508444">
        <time>2018-10-06T05:21:26Z</time>
      </trkpt>
      <trkpt lat="26.9873853" lon="75.8508444">
        <time>2018-10-06T05:21:37Z</time>
      </trkpt>
      <trkpt lat="26.9873853" lon="75.8508444">
        <time>2018-10-06T05:21:48Z</time>
      </trkpt>
      <trkpt lat="26.9873853" lon="75.8508444">
        <time>2018-10-06T05:21:58Z</time>
      </trkpt>
      <trkpt lat="26.9874182" lon="75.8508366">
        <time>2018-10-06T05:22:08Z</time>
      </trkpt>
      <trkpt lat="26.9874182" lon="75.8508366">
        <time>2018-10-06T05:22:19Z</time>
      </trkpt>
      <trkpt lat="26.9874182" lon="75.8508366">
        <time>2018-10-06T05:22:30Z</time>
      </trkpt>
      <trkpt lat="26.9874182" lon="75.8508366">
        <time>2018-10-06T05:22:41Z</time>
      </trkpt>
      <trkpt lat="26.9874182" lon="75.8508366">
        <time>2018-10-06T05:22:52Z</time>
      </trkpt>
      <trkpt lat="26.9874182" lon="75.8508366">
        <time>2018-10-06T05:23:02Z</time>
      </trkpt>
      <trkpt lat="26.9874182" lon="75.8508366">
        <time>2018-10-06T05:23:13Z</time>
      </trkpt>
      <trkpt lat="26.9874182" lon="75.8508366">
        <time>2018-10-06T05:23:23Z</time>
      </trkpt>
      <trkpt lat="26.9874182" lon="75.8508366">
        <time>2018-10-06T05:23:34Z</time>
      </trkpt>
      <trkpt lat="26.9874182" lon="75.8508366">
        <time>2018-10-06T05:23:44Z</time>
      </trkpt>
      <trkpt lat="26.9874182" lon="75.8508366">
        <time>2018-10-06T05:23:54Z</time>
      </trkpt>
      <trkpt lat="26.9874182" lon="75.8508366">
        <time>2018-10-06T05:24:05Z</time>
      </trkpt>
      <trkpt lat="26.9874418" lon="75.8508433">
        <time>2018-10-06T05:24:15Z</time>
      </trkpt>
      <trkpt lat="26.9874427" lon="75.8508445">
        <time>2018-10-06T05:24:26Z</time>
      </trkpt>
      <trkpt lat="26.9874427" lon="75.8508445">
        <time>2018-10-06T05:24:36Z</time>
      </trkpt>
      <trkpt lat="26.9874427" lon="75.8508445">
        <time>2018-10-06T05:24:46Z</time>
      </trkpt>
      <trkpt lat="26.9874427" lon="75.8508445">
        <time>2018-10-06T05:24:56Z</time>
      </trkpt>
      <trkpt lat="26.9874427" lon="75.8508445">
        <time>2018-10-06T05:25:07Z</time>
      </trkpt>
      <trkpt lat="26.9874427" lon="75.8508445">
        <time>2018-10-06T05:25:18Z</time>
      </trkpt>
      <trkpt lat="26.9874427" lon="75.8508445">
        <time>2018-10-06T05:25:28Z</time>
      </trkpt>
      <trkpt lat="26.9874427" lon="75.8508445">
        <time>2018-10-06T05:25:39Z</time>
      </trkpt>
      <trkpt lat="26.9874427" lon="75.8508445">
        <time>2018-10-06T05:25:49Z</time>
      </trkpt>
      <trkpt lat="26.9874427" lon="75.8508445">
        <time>2018-10-06T05:26:00Z</time>
      </trkpt>
      <trkpt lat="26.9874427" lon="75.8508445">
        <time>2018-10-06T05:26:11Z</time>
      </trkpt>
      <trkpt lat="26.9874427" lon="75.8508445">
        <time>2018-10-06T05:26:21Z</time>
      </trkpt>
      <trkpt lat="26.9874427" lon="75.8508445">
        <time>2018-10-06T05:26:32Z</time>
      </trkpt>
      <trkpt lat="26.9874427" lon="75.8508445">
        <time>2018-10-06T05:26:42Z</time>
      </trkpt>
      <trkpt lat="26.9874427" lon="75.8508445">
        <time>2018-10-06T05:26:52Z</time>
      </trkpt>
      <trkpt lat="26.9874427" lon="75.8508445">
        <time>2018-10-06T05:27:03Z</time>
      </trkpt>
      <trkpt lat="26.9874427" lon="75.8508445">
        <time>2018-10-06T05:27:14Z</time>
      </trkpt>
      <trkpt lat="26.9874427" lon="75.8508445">
        <time>2018-10-06T05:27:24Z</time>
      </trkpt>
      <trkpt lat="26.9874427" lon="75.8508445">
        <time>2018-10-06T05:27:36Z</time>
      </trkpt>
      <trkpt lat="26.9874376" lon="75.8508522">
        <time>2018-10-06T05:27:46Z</time>
      </trkpt>
      <trkpt lat="26.9874376" lon="75.8508522">
        <time>2018-10-06T05:27:56Z</time>
      </trkpt>
      <trkpt lat="26.9874376" lon="75.8508522">
        <time>2018-10-06T05:28:07Z</time>
      </trkpt>
      <trkpt lat="26.9874376" lon="75.8508522">
        <time>2018-10-06T05:28:18Z</time>
      </trkpt>
      <trkpt lat="26.9874376" lon="75.8508522">
        <time>2018-10-06T05:28:28Z</time>
      </trkpt>
      <trkpt lat="26.9874376" lon="75.8508522">
        <time>2018-10-06T05:28:39Z</time>
      </trkpt>
      <trkpt lat="26.9874376" lon="75.8508522">
        <time>2018-10-06T05:28:50Z</time>
      </trkpt>
      <trkpt lat="26.9874376" lon="75.8508522">
        <time>2018-10-06T05:29:00Z</time>
      </trkpt>
      <trkpt lat="26.9874376" lon="75.8508522">
        <time>2018-10-06T05:29:11Z</time>
      </trkpt>
      <trkpt lat="26.9874376" lon="75.8508522">
        <time>2018-10-06T05:29:22Z</time>
      </trkpt>
      <trkpt lat="26.9874376" lon="75.8508522">
        <time>2018-10-06T05:29:33Z</time>
      </trkpt>
      <trkpt lat="26.9874376" lon="75.8508522">
        <time>2018-10-06T05:29:43Z</time>
      </trkpt>
      <trkpt lat="26.9874376" lon="75.8508522">
        <time>2018-10-06T05:29:54Z</time>
      </trkpt>
      <trkpt lat="26.9874376" lon="75.8508522">
        <time>2018-10-06T05:30:04Z</time>
      </trkpt>
      <trkpt lat="26.9874376" lon="75.8508522">
        <time>2018-10-06T05:30:15Z</time>
      </trkpt>
      <trkpt lat="26.9874376" lon="75.8508522">
        <time>2018-10-06T05:30:26Z</time>
      </trkpt>
      <trkpt lat="26.9874351" lon="75.8508500">
        <time>2018-10-06T05:30:36Z</time>
      </trkpt>
      <trkpt lat="26.9874351" lon="75.8508500">
        <time>2018-10-06T05:30:47Z</time>
      </trkpt>
      <trkpt lat="26.9874351" lon="75.8508500">
        <time>2018-10-06T05:30:58Z</time>
      </trkpt>
      <trkpt lat="26.9874351" lon="75.8508500">
        <time>2018-10-06T05:31:08Z</time>
      </trkpt>
      <trkpt lat="26.9874351" lon="75.8508500">
        <time>2018-10-06T05:31:19Z</time>
      </trkpt>
      <trkpt lat="26.9874351" lon="75.8508500">
        <time>2018-10-06T05:31:29Z</time>
      </trkpt>
      <trkpt lat="26.9874351" lon="75.8508500">
        <time>2018-10-06T05:31:40Z</time>
      </trkpt>
      <trkpt lat="26.9874361" lon="75.8508496">
        <time>2018-10-06T05:31:50Z</time>
      </trkpt>
      <trkpt lat="26.9874361" lon="75.8508496">
        <time>2018-10-06T05:32:01Z</time>
      </trkpt>
      <trkpt lat="26.9874361" lon="75.8508496">
        <time>2018-10-06T05:32:11Z</time>
      </trkpt>
      <trkpt lat="26.9874361" lon="75.8508496">
        <time>2018-10-06T05:32:22Z</time>
      </trkpt>
      <trkpt lat="26.9874361" lon="75.8508496">
        <time>2018-10-06T05:32:32Z</time>
      </trkpt>
      <trkpt lat="26.9874361" lon="75.8508496">
        <time>2018-10-06T05:32:43Z</time>
      </trkpt>
      <trkpt lat="26.9874361" lon="75.8508496">
        <time>2018-10-06T05:32:53Z</time>
      </trkpt>
      <trkpt lat="26.9874361" lon="75.8508496">
        <time>2018-10-06T05:33:04Z</time>
      </trkpt>
      <trkpt lat="26.9874994" lon="75.8509292">
        <time>2018-10-06T05:33:15Z</time>
      </trkpt>
      <trkpt lat="26.9875948" lon="75.8510215">
        <time>2018-10-06T05:33:25Z</time>
      </trkpt>
      <trkpt lat="26.9877018" lon="75.8511429">
        <time>2018-10-06T05:33:36Z</time>
      </trkpt>
      <trkpt lat="26.9877862" lon="75.8512773">
        <time>2018-10-06T05:33:46Z</time>
      </trkpt>
      <trkpt lat="26.9878308" lon="75.8513771">
        <time>2018-10-06T05:33:57Z</time>
      </trkpt>
      <trkpt lat="26.9878871" lon="75.8514777">
        <time>2018-10-06T05:34:07Z</time>
      </trkpt>
      <trkpt lat="26.9879352" lon="75.8516062">
        <time>2018-10-06T05:34:17Z</time>
      </trkpt>
      <trkpt lat="26.9879443" lon="75.8517323">
        <time>2018-10-06T05:34:28Z</time>
      </trkpt>
      <trkpt lat="26.9879583" lon="75.8518758">
        <time>2018-10-06T05:34:39Z</time>
      </trkpt>
      <trkpt lat="26.9878538" lon="75.8519908">
        <time>2018-10-06T05:34:50Z</time>
      </trkpt>
      <trkpt lat="26.9877216" lon="75.8520024">
        <time>2018-10-06T05:35:01Z</time>
      </trkpt>
      <trkpt lat="26.9875661" lon="75.8520363">
        <time>2018-10-06T05:35:12Z</time>
      </trkpt>
      <trkpt lat="26.9874452" lon="75.8520571">
        <time>2018-10-06T05:35:22Z</time>
      </trkpt>
      <trkpt lat="26.9873135" lon="75.8520070">
        <time>2018-10-06T05:35:33Z</time>
      </trkpt>
      <trkpt lat="26.9872041" lon="75.8519604">
        <time>2018-10-06T05:35:43Z</time>
      </trkpt>
      <trkpt lat="26.9870721" lon="75.8519326">
        <time>2018-10-06T05:35:54Z</time>
      </trkpt>
      <trkpt lat="26.9871109" lon="75.8520208">
        <time>2018-10-06T05:36:05Z</time>
      </trkpt>
      <trkpt lat="26.9872172" lon="75.8521098">
        <time>2018-10-06T05:36:15Z</time>
      </trkpt>
      <trkpt lat="26.9873506" lon="75.8521868">
        <time>2018-10-06T05:36:26Z</time>
      </trkpt>
      <trkpt lat="26.9874811" lon="75.8523006">
        <time>2018-10-06T05:36:37Z</time>
      </trkpt>
      <trkpt lat="26.9875518" lon="75.8523828">
        <time>2018-10-06T05:36:48Z</time>
      </trkpt>
      <trkpt lat="26.9875907" lon="75.8524260">
        <time>2018-10-06T05:36:58Z</time>
      </trkpt>
      <trkpt lat="26.9877009" lon="75.8524938">
        <time>2018-10-06T05:37:09Z</time>
      </trkpt>
      <trkpt lat="26.9878264" lon="75.8525474">
        <time>2018-10-06T05:37:20Z</time>
      </trkpt>
      <trkpt lat="26.9879424" lon="75.8525943">
        <time>2018-10-06T05:37:30Z</time>
      </trkpt>
      <trkpt lat="26.9880473" lon="75.8526669">
        <time>2018-10-06T05:37:40Z</time>
      </trkpt>
      <trkpt lat="26.9881692" lon="75.8527176">
        <time>2018-10-06T05:37:51Z</time>
      </trkpt>
      <trkpt lat="26.9883001" lon="75.8527736">
        <time>2018-10-06T05:38:02Z</time>
      </trkpt>
      <trkpt lat="26.9883929" lon="75.8528011">
        <time>2018-10-06T05:38:13Z</time>
      </trkpt>
      <trkpt lat="26.9884953" lon="75.8528396">
        <time>2018-10-06T05:38:23Z</time>
      </trkpt>
      <trkpt lat="26.9886343" lon="75.8528756">
        <time>2018-10-06T05:38:34Z</time>
      </trkpt>
      <trkpt lat="26.9887535" lon="75.8529672">
        <time>2018-10-06T05:38:45Z</time>
      </trkpt>
      <trkpt lat="26.9888461" lon="75.8530503">
        <time>2018-10-06T05:38:56Z</time>
      </trkpt>
      <trkpt lat="26.9889474" lon="75.8531578">
        <time>2018-10-06T05:39:07Z</time>
      </trkpt>
      <trkpt lat="26.9890328" lon="75.8532586">
        <time>2018-10-06T05:39:18Z</time>
      </trkpt>
      <trkpt lat="26.9891609" lon="75.8533160">
        <time>2018-10-06T05:39:29Z</time>
      </trkpt>
      <trkpt lat="26.9891562" lon="75.8534447">
        <time>2018-10-06T05:39:39Z</time>
      </trkpt>
      <trkpt lat="26.9891004" lon="75.8535735">
        <time>2018-10-06T05:39:49Z</time>
      </trkpt>
      <trkpt lat="26.9890400" lon="75.8537148">
        <time>2018-10-06T05:40:00Z</time>
      </trkpt>
      <trkpt lat="26.9889577" lon="75.8538097">
        <time>2018-10-06T05:40:11Z</time>
      </trkpt>
      <trkpt lat="26.9888827" lon="75.8539080">
        <time>2018-10-06T05:40:22Z</time>
      </trkpt>
      <trkpt lat="26.9888029" lon="75.8540172">
        <time>2018-10-06T05:40:33Z</time>
      </trkpt>
      <trkpt lat="26.9887612" lon="75.8541085">
        <time>2018-10-06T05:40:43Z</time>
      </trkpt>
      <trkpt lat="26.9887084" lon="75.8542240">
        <time>2018-10-06T05:40:54Z</time>
      </trkpt>
      <trkpt lat="26.9886564" lon="75.8543133">
        <time>2018-10-06T05:41:05Z</time>
      </trkpt>
      <trkpt lat="26.9886390" lon="75.8543369">
        <time>2018-10-06T05:41:16Z</time>
      </trkpt>
      <trkpt lat="26.9886390" lon="75.8543369">
        <time>2018-10-06T05:41:27Z</time>
      </trkpt>
      <trkpt lat="26.9886390" lon="75.8543369">
        <time>2018-10-06T05:41:37Z</time>
      </trkpt>
      <trkpt lat="26.9886390" lon="75.8543369">
        <time>2018-10-06T05:41:47Z</time>
      </trkpt>
      <trkpt lat="26.9886390" lon="75.8543369">
        <time>2018-10-06T05:41:57Z</time>
      </trkpt>
      <trkpt lat="26.9886390" lon="75.8543369">
        <time>2018-10-06T05:42:08Z</time>
      </trkpt>
      <trkpt lat="26.9886390" lon="75.8543369">
        <time>2018-10-06T05:42:19Z</time>
      </trkpt>
      <trkpt lat="26.9886390" lon="75.8543369">
        <time>2018-10-06T05:42:30Z</time>
      </trkpt>
      <trkpt lat="26.9886390" lon="75.8543369">
        <time>2018-10-06T05:42:40Z</time>
      </trkpt>
      <trkpt lat="26.9886390" lon="75.8543369">
        <time>2018-10-06T05:42:50Z</time>
      </trkpt>
      <trkpt lat="26.9886390" lon="75.8543369">
        <time>2018-10-06T05:43:01Z</time>
      </trkpt>
      <trkpt lat="26.9886390" lon="75.8543369">
        <time>2018-10-06T05:43:12Z</time>
      </trkpt>
      <trkpt lat="26.9886390" lon="75.8543369">
        <time>2018-10-06T05:43:22Z</time>
      </trkpt>
      <trkpt lat="26.9886390" lon="75.8543369">
        <time>2018-10-06T05:43:32Z</time>
      </trkpt>
      <trkpt lat="26.9886390" lon="75.8543369">
        <time>2018-10-06T05:43:43Z</time>
      </trkpt>
      <trkpt lat="26.9886390" lon="75.8543369">
        <time>2018-10-06T05:43:54Z</time>
      </trkpt>
      <trkpt lat="26.9886390" lon="75.8543369">
        <time>2018-10-06T05:44:05Z</time>
      </trkpt>
      <trkpt lat="26.9886390" lon="75.8543369">
        <time>2018-10-06T05:44:16Z</time>
      </trkpt>
      <trkpt lat="26.9886390" lon="75.8543369">
        <time>2018-10-06T05:44:27Z</time>
      </trkpt>
      <trkpt lat="26.9886390" lon="75.8543369">
        <time>2018-10-06T05:44:38Z</time>
      </trkpt>
      <trkpt lat="26.9886390" lon="75.8543369">
        <time>2018-10-06T05:44:49Z</time>
      </trkpt>
      <trkpt lat="26.9886390" lon="75.8543369">
        <time>2018-10-06T05:44:59Z</time>
      </trkpt>
      <trkpt lat="26.9886224" lon="75.8543742">
        <time>2018-10-06T05:45:10Z</time>
      </trkpt>
      <trkpt lat="26.9886089" lon="75.8544055">
        <time>2018-10-06T05:45:20Z</time>
      </trkpt>
      <trkpt lat="26.9885906" lon="75.8544559">
        <time>2018-10-06T05:45:30Z</time>
      </trkpt>
      <trkpt lat="26.9885026" lon="75.8545739">
        <time>2018-10-06T05:45:41Z</time>
      </trkpt>
      <trkpt lat="26.9884598" lon="75.8546891">
        <time>2018-10-06T05:45:51Z</time>
      </trkpt>
      <trkpt lat="26.9884375" lon="75.8548305">
        <time>2018-10-06T05:46:02Z</time>
      </trkpt>
      <trkpt lat="26.9884156" lon="75.8549385">
        <time>2018-10-06T05:46:12Z</time>
      </trkpt>
      <trkpt lat="26.9883660" lon="75.8550650">
        <time>2018-10-06T05:46:23Z</time>
      </trkpt>
      <trkpt lat="26.9883495" lon="75.8552043">
        <time>2018-10-06T05:46:33Z</time>
      </trkpt>
      <trkpt lat="26.9883758" lon="75.8553482">
        <time>2018-10-06T05:46:43Z</time>
      </trkpt>
      <trkpt lat="26.9883917" lon="75.8554242">
        <time>2018-10-06T05:46:53Z</time>
      </trkpt>
      <trkpt lat="26.9884747" lon="75.8555266">
        <time>2018-10-06T05:47:04Z</time>
      </trkpt>
      <trkpt lat="26.9885635" lon="75.8555801">
        <time>2018-10-06T05:47:15Z</time>
      </trkpt>
      <trkpt lat="26.9886507" lon="75.8555745">
        <time>2018-10-06T05:47:26Z</time>
      </trkpt>
      <trkpt lat="26.9887539" lon="75.8555749">
        <time>2018-10-06T05:47:36Z</time>
      </trkpt>
      <trkpt lat="26.9888963" lon="75.8556104">
        <time>2018-10-06T05:47:46Z</time>
      </trkpt>
      <trkpt lat="26.9888650" lon="75.8556008">
        <time>2018-10-06T05:47:56Z</time>
      </trkpt>
      <trkpt lat="26.9888431" lon="75.8556112">
        <time>2018-10-06T05:48:07Z</time>
      </trkpt>
      <trkpt lat="26.9888431" lon="75.8556112">
        <time>2018-10-06T05:48:17Z</time>
      </trkpt>
      <trkpt lat="26.9888431" lon="75.8556112">
        <time>2018-10-06T05:48:28Z</time>
      </trkpt>
      <trkpt lat="26.9888104" lon="75.8556453">
        <time>2018-10-06T05:48:38Z</time>
      </trkpt>
      <trkpt lat="26.9886562" lon="75.8556252">
        <time>2018-10-06T05:48:49Z</time>
      </trkpt>
      <trkpt lat="26.9885249" lon="75.8556310">
        <time>2018-10-06T05:48:59Z</time>
      </trkpt>
      <trkpt lat="26.9884797" lon="75.8556428">
        <time>2018-10-06T05:49:09Z</time>
      </trkpt>
      <trkpt lat="26.9883989" lon="75.8555511">
        <time>2018-10-06T05:49:19Z</time>
      </trkpt>
      <trkpt lat="26.9883110" lon="75.8554489">
        <time>2018-10-06T05:49:29Z</time>
      </trkpt>
      <trkpt lat="26.9881521" lon="75.8553094">
        <time>2018-10-06T05:49:40Z</time>
      </trkpt>
      <trkpt lat="26.9878914" lon="75.8551254">
        <time>2018-10-06T05:49:50Z</time>
      </trkpt>
      <trkpt lat="26.9878499" lon="75.8550755">
        <time>2018-10-06T05:50:01Z</time>
      </trkpt>
      <trkpt lat="26.9877678" lon="75.8550265">
        <time>2018-10-06T05:50:12Z</time>
      </trkpt>
      <trkpt lat="26.9876350" lon="75.8549137">
        <time>2018-10-06T05:50:22Z</time>
      </trkpt>
      <trkpt lat="26.9874240" lon="75.8546917">
        <time>2018-10-06T05:50:33Z</time>
      </trkpt>
      <trkpt lat="26.9871347" lon="75.8544124">
        <time>2018-10-06T05:50:43Z</time>
      </trkpt>
      <trkpt lat="26.9865710" lon="75.8540591">
        <time>2018-10-06T05:50:54Z</time>
      </trkpt>
      <trkpt lat="26.9860151" lon="75.8539671">
        <time>2018-10-06T05:51:04Z</time>
      </trkpt>
      <trkpt lat="26.9856466" lon="75.8540264">
        <time>2018-10-06T05:51:15Z</time>
      </trkpt>
      <trkpt lat="26.9852095" lon="75.8540190">
        <time>2018-10-06T05:51:25Z</time>
      </trkpt>
      <trkpt lat="26.9846497" lon="75.8539070">
        <time>2018-10-06T05:51:35Z</time>
      </trkpt>
      <trkpt lat="26.9840081" lon="75.8536666">
        <time>2018-10-06T05:51:46Z</time>
      </trkpt>
      <trkpt lat="26.9833192" lon="75.8533764">
        <time>2018-10-06T05:51:57Z</time>
      </trkpt>
      <trkpt lat="26.9824666" lon="75.8528643">
        <time>2018-10-06T05:52:08Z</time>
      </trkpt>
      <trkpt lat="26.9813448" lon="75.8525788">
        <time>2018-10-06T05:52:18Z</time>
      </trkpt>
      <trkpt lat="26.9801893" lon="75.8524601">
        <time>2018-10-06T05:52:29Z</time>
      </trkpt>
      <trkpt lat="26.9791947" lon="75.8523416">
        <time>2018-10-06T05:52:39Z</time>
      </trkpt>
      <trkpt lat="26.9781018" lon="75.8521604">
        <time>2018-10-06T05:52:50Z</time>
      </trkpt>
      <trkpt lat="26.9771279" lon="75.8519314">
        <time>2018-10-06T05:53:01Z</time>
      </trkpt>
      <trkpt lat="26.9761912" lon="75.8513607">
        <time>2018-10-06T05:53:11Z</time>
      </trkpt>
      <trkpt lat="26.9755786" lon="75.8512197">
        <time>2018-10-06T05:53:22Z</time>
      </trkpt>
      <trkpt lat="26.9748865" lon="75.8516447">
        <time>2018-10-06T05:53:32Z</time>
      </trkpt>
      <trkpt lat="26.9742334" lon="75.8518071">
        <time>2018-10-06T05:53:42Z</time>
      </trkpt>
      <trkpt lat="26.9736114" lon="75.8518361">
        <time>2018-10-06T05:53:53Z</time>
      </trkpt>
      <trkpt lat="26.9730468" lon="75.8517206">
        <time>2018-10-06T05:54:03Z</time>
      </trkpt>
      <trkpt lat="26.9725491" lon="75.8518531">
        <time>2018-10-06T05:54:14Z</time>
      </trkpt>
      <trkpt lat="26.9719563" lon="75.8517151">
        <time>2018-10-06T05:54:25Z</time>
      </trkpt>
      <trkpt lat="26.9713282" lon="75.8516349">
        <time>2018-10-06T05:54:36Z</time>
      </trkpt>
      <trkpt lat="26.9707279" lon="75.8512828">
        <time>2018-10-06T05:54:47Z</time>
      </trkpt>
      <trkpt lat="26.9701588" lon="75.8510173">
        <time>2018-10-06T05:54:57Z</time>
      </trkpt>
      <trkpt lat="26.9701388" lon="75.8504028">
        <time>2018-10-06T05:55:07Z</time>
      </trkpt>
      <trkpt lat="26.9700633" lon="75.8496008">
        <time>2018-10-06T05:55:18Z</time>
      </trkpt>
      <trkpt lat="26.9693436" lon="75.8491248">
        <time>2018-10-06T05:55:28Z</time>
      </trkpt>
      <trkpt lat="26.9684035" lon="75.8488441">
        <time>2018-10-06T05:55:38Z</time>
      </trkpt>
      <trkpt lat="26.9678772" lon="75.8479139">
        <time>2018-10-06T05:55:50Z</time>
      </trkpt>
      <trkpt lat="26.9677503" lon="75.8477342">
        <time>2018-10-06T05:56:00Z</time>
      </trkpt>
      <trkpt lat="26.9678336" lon="75.8476193">
        <time>2018-10-06T05:56:10Z</time>
      </trkpt>
      <trkpt lat="26.9683586" lon="75.8474449">
        <time>2018-10-06T05:56:21Z</time>
      </trkpt>
      <trkpt lat="26.9688742" lon="75.8472143">
        <time>2018-10-06T05:56:31Z</time>
      </trkpt>
      <trkpt lat="26.9685039" lon="75.8467003">
        <time>2018-10-06T05:56:41Z</time>
      </trkpt>
      <trkpt lat="26.9685447" lon="75.8459871">
        <time>2018-10-06T05:56:52Z</time>
      </trkpt>
      <trkpt lat="26.9692409" lon="75.8455480">
        <time>2018-10-06T05:57:03Z</time>
      </trkpt>
      <trkpt lat="26.9701362" lon="75.8460851">
        <time>2018-10-06T05:57:14Z</time>
      </trkpt>
      <trkpt lat="26.9707114" lon="75.8465621">
        <time>2018-10-06T05:57:25Z</time>
      </trkpt>
      <trkpt lat="26.9709527" lon="75.8468104">
        <time>2018-10-06T05:57:36Z</time>
      </trkpt>
      <trkpt lat="26.9715682" lon="75.8460963">
        <time>2018-10-06T05:57:46Z</time>
      </trkpt>
      <trkpt lat="26.9714076" lon="75.8455493">
        <time>2018-10-06T05:57:57Z</time>
      </trkpt>
      <trkpt lat="26.9712193" lon="75.8449014">
        <time>2018-10-06T05:58:08Z</time>
      </trkpt>
      <trkpt lat="26.9721330" lon="75.8448028">
        <time>2018-10-06T05:58:18Z</time>
      </trkpt>
      <trkpt lat="26.9729812" lon="75.8446557">
        <time>2018-10-06T05:58:28Z</time>
      </trkpt>
      <trkpt lat="26.9736774" lon="75.8446903">
        <time>2018-10-06T05:58:39Z</time>
      </trkpt>
      <trkpt lat="26.9730310" lon="75.8444686">
        <time>2018-10-06T05:58:49Z</time>
      </trkpt>
      <trkpt lat="26.9720292" lon="75.8443392">
        <time>2018-10-06T05:58:59Z</time>
      </trkpt>
      <trkpt lat="26.9710169" lon="75.8439316">
        <time>2018-10-06T05:59:10Z</time>
      </trkpt>
      <trkpt lat="26.9704859" lon="75.8434365">
        <time>2018-10-06T05:59:21Z</time>
      </trkpt>
      <trkpt lat="26.9712014" lon="75.8437881">
        <time>2018-10-06T05:59:31Z</time>
      </trkpt>
      <trkpt lat="26.9721469" lon="75.8438737">
        <time>2018-10-06T05:59:42Z</time>
      </trkpt>
      <trkpt lat="26.9722687" lon="75.8436015">
        <time>2018-10-06T05:59:53Z</time>
      </trkpt>
      <trkpt lat="26.9715625" lon="75.8432005">
        <time>2018-10-06T06:00:03Z</time>
      </trkpt>
      <trkpt lat="26.9708414" lon="75.8428683">
        <time>2018-10-06T06:00:13Z</time>
      </trkpt>
      <trkpt lat="26.9714057" lon="75.8427310">
        <time>2018-10-06T06:00:23Z</time>
      </trkpt>
      <trkpt lat="26.9717756" lon="75.8420223">
        <time>2018-10-06T06:00:34Z</time>
      </trkpt>
      <trkpt lat="26.9720900" lon="75.8416674">
        <time>2018-10-06T06:00:44Z</time>
      </trkpt>
      <trkpt lat="26.9729744" lon="75.8423738">
        <time>2018-10-06T06:00:55Z</time>
      </trkpt>
      <trkpt lat="26.9736496" lon="75.8428111">
        <time>2018-10-06T06:01:05Z</time>
      </trkpt>
      <trkpt lat="26.9744445" lon="75.8432105">
        <time>2018-10-06T06:01:15Z</time>
      </trkpt>
      <trkpt lat="26.9747246" lon="75.8432570">
        <time>2018-10-06T06:01:25Z</time>
      </trkpt>
      <trkpt lat="26.9747549" lon="75.8432528">
        <time>2018-10-06T06:01:36Z</time>
      </trkpt>
      <trkpt lat="26.9747549" lon="75.8432528">
        <time>2018-10-06T06:01:47Z</time>
      </trkpt>
      <trkpt lat="26.9747920" lon="75.8431745">
        <time>2018-10-06T06:01:58Z</time>
      </trkpt>
      <trkpt lat="26.9747153" lon="75.8430211">
        <time>2018-10-06T06:02:09Z</time>
      </trkpt>
      <trkpt lat="26.9746234" lon="75.8429387">
        <time>2018-10-06T06:02:20Z</time>
      </trkpt>
      <trkpt lat="26.9743837" lon="75.8425012">
        <time>2018-10-06T06:02:31Z</time>
      </trkpt>
      <trkpt lat="26.9739289" lon="75.8417503">
        <time>2018-10-06T06:02:42Z</time>
      </trkpt>
      <trkpt lat="26.9734942" lon="75.8410737">
        <time>2018-10-06T06:02:52Z</time>
      </trkpt>
      <trkpt lat="26.9733714" lon="75.8401486">
        <time>2018-10-06T06:03:03Z</time>
      </trkpt>
      <trkpt lat="26.9728442" lon="75.8392266">
        <time>2018-10-06T06:03:14Z</time>
      </trkpt>
      <trkpt lat="26.9723059" lon="75.8384143">
        <time>2018-10-06T06:03:25Z</time>
      </trkpt>
      <trkpt lat="26.9725754" lon="75.8378929">
        <time>2018-10-06T06:03:36Z</time>
      </trkpt>
      <trkpt lat="26.9734522" lon="75.8383869">
        <time>2018-10-06T06:03:46Z</time>
      </trkpt>
      <trkpt lat="26.9743563" lon="75.8385692">
        <time>2018-10-06T06:03:56Z</time>
      </trkpt>
      <trkpt lat="26.9744726" lon="75.8381703">
        <time>2018-10-06T06:04:07Z</time>
      </trkpt>
      <trkpt lat="26.9737749" lon="75.8375535">
        <time>2018-10-06T06:04:18Z</time>
      </trkpt>
      <trkpt lat="26.9730756" lon="75.8367856">
        <time>2018-10-06T06:04:29Z</time>
      </trkpt>
      <trkpt lat="26.9722297" lon="75.8362122">
        <time>2018-10-06T06:04:39Z</time>
      </trkpt>
      <trkpt lat="26.9711597" lon="75.8360329">
        <time>2018-10-06T06:04:50Z</time>
      </trkpt>
      <trkpt lat="26.9703112" lon="75.8357856">
        <time>2018-10-06T06:05:01Z</time>
      </trkpt>
      <trkpt lat="26.9695895" lon="75.8353274">
        <time>2018-10-06T06:05:11Z</time>
      </trkpt>
      <trkpt lat="26.9685395" lon="75.8350195">
        <time>2018-10-06T06:05:22Z</time>
      </trkpt>
      <trkpt lat="26.9674385" lon="75.8344322">
        <time>2018-10-06T06:05:33Z</time>
      </trkpt>
      <trkpt lat="26.9663122" lon="75.8337024">
        <time>2018-10-06T06:05:43Z</time>
      </trkpt>
      <trkpt lat="26.9650883" lon="75.8332658">
        <time>2018-10-06T06:05:54Z</time>
      </trkpt>
      <trkpt lat="26.9639352" lon="75.8325451">
        <time>2018-10-06T06:06:04Z</time>
      </trkpt>
      <trkpt lat="26.9625608" lon="75.8317920">
        <time>2018-10-06T06:06:15Z</time>
      </trkpt>
      <trkpt lat="26.9613145" lon="75.8316066">
        <time>2018-10-06T06:06:25Z</time>
      </trkpt>
      <trkpt lat="26.9603919" lon="75.8322783">
        <time>2018-10-06T06:06:36Z</time>
      </trkpt>
      <trkpt lat="26.9591661" lon="75.8321152">
        <time>2018-10-06T06:06:46Z</time>
      </trkpt>
      <trkpt lat="26.9578966" lon="75.8314232">
        <time>2018-10-06T06:06:57Z</time>
      </trkpt>
      <trkpt lat="26.9566271" lon="75.8308069">
        <time>2018-10-06T06:07:07Z</time>
      </trkpt>
      <trkpt lat="26.9554295" lon="75.8300775">
        <time>2018-10-06T06:07:18Z</time>
      </trkpt>
      <trkpt lat="26.9543434" lon="75.8291104">
        <time>2018-10-06T06:07:29Z</time>
      </trkpt>
      <trkpt lat="26.9535204" lon="75.8282509">
        <time>2018-10-06T06:07:39Z</time>
      </trkpt>
      <trkpt lat="26.9527897" lon="75.8273190">
        <time>2018-10-06T06:07:50Z</time>
      </trkpt>
      <trkpt lat="26.9523113" lon="75.8266622">
        <time>2018-10-06T06:08:01Z</time>
      </trkpt>
      <trkpt lat="26.9516847" lon="75.8257405">
        <time>2018-10-06T06:08:11Z</time>
      </trkpt>
      <trkpt lat="26.9510942" lon="75.8246089">
        <time>2018-10-06T06:08:22Z</time>
      </trkpt>
      <trkpt lat="26.9502427" lon="75.8234483">
        <time>2018-10-06T06:08:33Z</time>
      </trkpt>
      <trkpt lat="26.9491571" lon="75.8224517">
        <time>2018-10-06T06:08:43Z</time>
      </trkpt>
      <trkpt lat="26.9481337" lon="75.8213052">
        <time>2018-10-06T06:08:54Z</time>
      </trkpt>
      <trkpt lat="26.9472754" lon="75.8203561">
        <time>2018-10-06T06:09:04Z</time>
      </trkpt>
      <trkpt lat="26.9462615" lon="75.8192113">
        <time>2018-10-06T06:09:15Z</time>
      </trkpt>
      <trkpt lat="26.9453482" lon="75.8183520">
        <time>2018-10-06T06:09:26Z</time>
      </trkpt>
      <trkpt lat="26.9441283" lon="75.8182507">
        <time>2018-10-06T06:09:36Z</time>
      </trkpt>
      <trkpt lat="26.9432053" lon="75.8184028">
        <time>2018-10-06T06:09:47Z</time>
      </trkpt>
      <trkpt lat="26.9432058" lon="75.8181962">
        <time>2018-10-06T06:09:58Z</time>
      </trkpt>
      <trkpt lat="26.9431129" lon="75.8180928">
        <time>2018-10-06T06:10:08Z</time>
      </trkpt>
      <trkpt lat="26.9431139" lon="75.8180915">
        <time>2018-10-06T06:10:19Z</time>
      </trkpt>
      <trkpt lat="26.9431139" lon="75.8180915">
        <time>2018-10-06T06:10:30Z</time>
      </trkpt>
      <trkpt lat="26.9430531" lon="75.8180727">
        <time>2018-10-06T06:10:40Z</time>
      </trkpt>
      <trkpt lat="26.9423778" lon="75.8179227">
        <time>2018-10-06T06:10:51Z</time>
      </trkpt>
      <trkpt lat="26.9414166" lon="75.8179800">
        <time>2018-10-06T06:11:02Z</time>
      </trkpt>
      <trkpt lat="26.9407084" lon="75.8174976">
        <time>2018-10-06T06:11:13Z</time>
      </trkpt>
      <trkpt lat="26.9403623" lon="75.8167356">
        <time>2018-10-06T06:11:23Z</time>
      </trkpt>
      <trkpt lat="26.9400414" lon="75.8164372">
        <time>2018-10-06T06:11:33Z</time>
      </trkpt>
      <trkpt lat="26.9400005" lon="75.8164100">
        <time>2018-10-06T06:11:44Z</time>
      </trkpt>
      <trkpt lat="26.9400022" lon="75.8164133">
        <time>2018-10-06T06:11:55Z</time>
      </trkpt>
      <trkpt lat="26.9400022" lon="75.8164133">
        <time>2018-10-06T06:12:06Z</time>
      </trkpt>
      <trkpt lat="26.9400022" lon="75.8164133">
        <time>2018-10-06T06:12:16Z</time>
      </trkpt>
      <trkpt lat="26.9400022" lon="75.8164133">
        <time>2018-10-06T06:12:27Z</time>
      </trkpt>
      <trkpt lat="26.9400022" lon="75.8164133">
        <time>2018-10-06T06:12:37Z</time>
      </trkpt>
      <trkpt lat="26.9400022" lon="75.8164133">
        <time>2018-10-06T06:12:47Z</time>
      </trkpt>
      <trkpt lat="26.9400022" lon="75.8164133">
        <time>2018-10-06T06:12:57Z</time>
      </trkpt>
      <trkpt lat="26.9400022" lon="75.8164133">
        <time>2018-10-06T06:13:08Z</time>
      </trkpt>
      <trkpt lat="26.9400022" lon="75.8164133">
        <time>2018-10-06T06:13:18Z</time>
      </trkpt>
      <trkpt lat="26.9400022" lon="75.8164133">
        <time>2018-10-06T06:13:29Z</time>
      </trkpt>
      <trkpt lat="26.9400114" lon="75.8164242">
        <time>2018-10-06T06:13:39Z</time>
      </trkpt>
      <trkpt lat="26.9399782" lon="75.8164135">
        <time>2018-10-06T06:13:50Z</time>
      </trkpt>
      <trkpt lat="26.9399110" lon="75.8163390">
        <time>2018-10-06T06:14:01Z</time>
      </trkpt>
      <trkpt lat="26.9398200" lon="75.8162651">
        <time>2018-10-06T06:14:11Z</time>
      </trkpt>
      <trkpt lat="26.9397691" lon="75.8161868">
        <time>2018-10-06T06:14:21Z</time>
      </trkpt>
      <trkpt lat="26.9397250" lon="75.8161033">
        <time>2018-10-06T06:14:31Z</time>
      </trkpt>
      <trkpt lat="26.9396131" lon="75.8160239">
        <time>2018-10-06T06:14:42Z</time>
      </trkpt>
      <trkpt lat="26.9395346" lon="75.8160078">
        <time>2018-10-06T06:14:53Z</time>
      </trkpt>
      <trkpt lat="26.9394128" lon="75.8159620">
        <time>2018-10-06T06:15:03Z</time>
      </trkpt>
      <trkpt lat="26.9393735" lon="75.8159839">
        <time>2018-10-06T06:15:14Z</time>
      </trkpt>
      <trkpt lat="26.9393379" lon="75.8160075">
        <time>2018-10-06T06:15:24Z</time>
      </trkpt>
      <trkpt lat="26.9393379" lon="75.8160075">
        <time>2018-10-06T06:15:35Z</time>
      </trkpt>
      <trkpt lat="26.9393379" lon="75.8160075">
        <time>2018-10-06T06:15:46Z</time>
      </trkpt>
      <trkpt lat="26.9393336" lon="75.8160176">
        <time>2018-10-06T06:15:57Z</time>
      </trkpt>
      <trkpt lat="26.9393327" lon="75.8160196">
        <time>2018-10-06T06:16:07Z</time>
      </trkpt>
      <trkpt lat="26.9393327" lon="75.8160196">
        <time>2018-10-06T06:16:17Z</time>
      </trkpt>
      <trkpt lat="26.9393327" lon="75.8160196">
        <time>2018-10-06T06:16:27Z</time>
      </trkpt>
      <trkpt lat="26.9393327" lon="75.8160196">
        <time>2018-10-06T06:16:38Z</time>
      </trkpt>
      <trkpt lat="26.9393333" lon="75.8160088">
        <time>2018-10-06T06:16:49Z</time>
      </trkpt>
      <trkpt lat="26.9393118" lon="75.8160119">
        <time>2018-10-06T06:16:59Z</time>
      </trkpt>
      <trkpt lat="26.9392358" lon="75.8159947">
        <time>2018-10-06T06:17:09Z</time>
      </trkpt>
      <trkpt lat="26.9391605" lon="75.8160202">
        <time>2018-10-06T06:17:19Z</time>
      </trkpt>
      <trkpt lat="26.9390936" lon="75.8160140">
        <time>2018-10-06T06:17:30Z</time>
      </trkpt>
      <trkpt lat="26.9389783" lon="75.8160267">
        <time>2018-10-06T06:17:40Z</time>
      </trkpt>
      <trkpt lat="26.9388667" lon="75.8160270">
        <time>2018-10-06T06:17:51Z</time>
      </trkpt>
      <trkpt lat="26.9388207" lon="75.8159915">
        <time>2018-10-06T06:18:01Z</time>
      </trkpt>
      <trkpt lat="26.9387383" lon="75.8159482">
        <time>2018-10-06T06:18:12Z</time>
      </trkpt>
      <trkpt lat="26.9386521" lon="75.8158903">
        <time>2018-10-06T06:18:22Z</time>
      </trkpt>
      <trkpt lat="26.9385541" lon="75.8158389">
        <time>2018-10-06T06:18:32Z</time>
      </trkpt>
      <trkpt lat="26.9384576" lon="75.8157829">
        <time>2018-10-06T06:18:42Z</time>
      </trkpt>
      <trkpt lat="26.9383447" lon="75.8157178">
        <time>2018-10-06T06:18:53Z</time>
      </trkpt>
      <trkpt lat="26.9382403" lon="75.8156474">
        <time>2018-10-06T06:19:03Z</time>
      </trkpt>
      <trkpt lat="26.9381406" lon="75.8155958">
        <time>2018-10-06T06:19:14Z</time>
      </trkpt>
      <trkpt lat="26.9380443" lon="75.8155472">
        <time>2018-10-06T06:19:24Z</time>
      </trkpt>
      <trkpt lat="26.9379283" lon="75.8154820">
        <time>2018-10-06T06:19:34Z</time>
      </trkpt>
      <trkpt lat="26.9378085" lon="75.8154268">
        <time>2018-10-06T06:19:44Z</time>
      </trkpt>
      <trkpt lat="26.9377441" lon="75.8153355">
        <time>2018-10-06T06:19:55Z</time>
      </trkpt>
      <trkpt lat="26.9376998" lon="75.8152445">
        <time>2018-10-06T06:20:05Z</time>
      </trkpt>
      <trkpt lat="26.9376323" lon="75.8151956">
        <time>2018-10-06T06:20:16Z</time>
      </trkpt>
      <trkpt lat="26.9375827" lon="75.8152527">
        <time>2018-10-06T06:20:27Z</time>
      </trkpt>
      <trkpt lat="26.9375466" lon="75.8153506">
        <time>2018-10-06T06:20:38Z</time>
      </trkpt>
      <trkpt lat="26.9375323" lon="75.8154179">
        <time>2018-10-06T06:20:48Z</time>
      </trkpt>
      <trkpt lat="26.9375988" lon="75.8154780">
        <time>2018-10-06T06:20:59Z</time>
      </trkpt>
      <trkpt lat="26.9375422" lon="75.8155632">
        <time>2018-10-06T06:21:09Z</time>
      </trkpt>
      <trkpt lat="26.9374815" lon="75.8155779">
        <time>2018-10-06T06:21:20Z</time>
      </trkpt>
      <trkpt lat="26.9374631" lon="75.8155752">
        <time>2018-10-06T06:21:30Z</time>
      </trkpt>
      <trkpt lat="26.9374631" lon="75.8155752">
        <time>2018-10-06T06:21:41Z</time>
      </trkpt>
      <trkpt lat="26.9374598" lon="75.8156084">
        <time>2018-10-06T06:21:51Z</time>
      </trkpt>
      <trkpt lat="26.9375033" lon="75.8156641">
        <time>2018-10-06T06:22:01Z</time>
      </trkpt>
      <trkpt lat="26.9375411" lon="75.8156781">
        <time>2018-10-06T06:22:12Z</time>
      </trkpt>
      <trkpt lat="26.9375411" lon="75.8156781">
        <time>2018-10-06T06:22:22Z</time>
      </trkpt>
      <trkpt lat="26.9376185" lon="75.8157901">
        <time>2018-10-06T06:22:33Z</time>
      </trkpt>
      <trkpt lat="26.9375030" lon="75.8157203">
        <time>2018-10-06T06:22:43Z</time>
      </trkpt>
      <trkpt lat="26.9374735" lon="75.8156768">
        <time>2018-10-06T06:22:54Z</time>
      </trkpt>
      <trkpt lat="26.9374735" lon="75.8156768">
        <time>2018-10-06T06:23:05Z</time>
      </trkpt>
      <trkpt lat="26.9374436" lon="75.8156724">
        <time>2018-10-06T06:23:16Z</time>
      </trkpt>
      <trkpt lat="26.9374102" lon="75.8156650">
        <time>2018-10-06T06:23:26Z</time>
      </trkpt>
      <trkpt lat="26.9373992" lon="75.8156555">
        <time>2018-10-06T06:23:36Z</time>
      </trkpt>
      <trkpt lat="26.9373992" lon="75.8156555">
        <time>2018-10-06T06:23:47Z</time>
      </trkpt>
      <trkpt lat="26.9373888" lon="75.8156464">
        <time>2018-10-06T06:23:57Z</time>
      </trkpt>
      <trkpt lat="26.9373888" lon="75.8156464">
        <time>2018-10-06T06:24:07Z</time>
      </trkpt>
      <trkpt lat="26.9373830" lon="75.8156261">
        <time>2018-10-06T06:24:18Z</time>
      </trkpt>
      <trkpt lat="26.9374260" lon="75.8155832">
        <time>2018-10-06T06:24:29Z</time>
      </trkpt>
      <trkpt lat="26.9374381" lon="75.8155134">
        <time>2018-10-06T06:24:40Z</time>
      </trkpt>
      <trkpt lat="26.9374010" lon="75.8154545">
        <time>2018-10-06T06:24:51Z</time>
      </trkpt>
      <trkpt lat="26.9375179" lon="75.8155101">
        <time>2018-10-06T06:25:02Z</time>
      </trkpt>
      <trkpt lat="26.9375395" lon="75.8155056">
        <time>2018-10-06T06:25:13Z</time>
      </trkpt>
      <trkpt lat="26.9374175" lon="75.8154764">
        <time>2018-10-06T06:25:23Z</time>
      </trkpt>
      <trkpt lat="26.9374677" lon="75.8154657">
        <time>2018-10-06T06:25:33Z</time>
      </trkpt>
      <trkpt lat="26.9374677" lon="75.8154657">
        <time>2018-10-06T06:25:44Z</time>
      </trkpt>
      <trkpt lat="26.9374694" lon="75.8155083">
        <time>2018-10-06T06:25:55Z</time>
      </trkpt>
      <trkpt lat="26.9374001" lon="75.8154902">
        <time>2018-10-06T06:26:05Z</time>
      </trkpt>
      <trkpt lat="26.9372575" lon="75.8155361">
        <time>2018-10-06T06:26:15Z</time>
      </trkpt>
      <trkpt lat="26.9372126" lon="75.8155829">
        <time>2018-10-06T06:26:25Z</time>
      </trkpt>
      <trkpt lat="26.9373264" lon="75.8155426">
        <time>2018-10-06T06:26:36Z</time>
      </trkpt>
      <trkpt lat="26.9373337" lon="75.8155291">
        <time>2018-10-06T06:26:46Z</time>
      </trkpt>
      <trkpt lat="26.9373329" lon="75.8155083">
        <time>2018-10-06T06:26:57Z</time>
      </trkpt>
      <trkpt lat="26.9373728" lon="75.8154314">
        <time>2018-10-06T06:27:08Z</time>
      </trkpt>
      <trkpt lat="26.9373922" lon="75.8154096">
        <time>2018-10-06T06:27:19Z</time>
      </trkpt>
      <trkpt lat="26.9373652" lon="75.8154028">
        <time>2018-10-06T06:27:30Z</time>
      </trkpt>
      <trkpt lat="26.9373652" lon="75.8154028">
        <time>2018-10-06T06:27:41Z</time>
      </trkpt>
      <trkpt lat="26.9373618" lon="75.8153668">
        <time>2018-10-06T06:27:51Z</time>
      </trkpt>
      <trkpt lat="26.9373848" lon="75.8153833">
        <time>2018-10-06T06:28:02Z</time>
      </trkpt>
      <trkpt lat="26.9373381" lon="75.8154338">
        <time>2018-10-06T06:28:12Z</time>
      </trkpt>
      <trkpt lat="26.9373390" lon="75.8154699">
        <time>2018-10-06T06:28:22Z</time>
      </trkpt>
      <trkpt lat="26.9373274" lon="75.8154447">
        <time>2018-10-06T06:28:33Z</time>
      </trkpt>
      <trkpt lat="26.9373274" lon="75.8154447">
        <time>2018-10-06T06:28:44Z</time>
      </trkpt>
      <trkpt lat="26.9373274" lon="75.8154447">
        <time>2018-10-06T06:28:54Z</time>
      </trkpt>
      <trkpt lat="26.9373158" lon="75.8153974">
        <time>2018-10-06T06:29:05Z</time>
      </trkpt>
      <trkpt lat="26.9372344" lon="75.8153583">
        <time>2018-10-06T06:29:15Z</time>
      </trkpt>
      <trkpt lat="26.9371843" lon="75.8153279">
        <time>2018-10-06T06:29:26Z</time>
      </trkpt>
      <trkpt lat="26.9371285" lon="75.8152608">
        <time>2018-10-06T06:29:36Z</time>
      </trkpt>
      <trkpt lat="26.9371310" lon="75.8152428">
        <time>2018-10-06T06:29:46Z</time>
      </trkpt>
      <trkpt lat="26.9371115" lon="75.8152017">
        <time>2018-10-06T06:29:56Z</time>
      </trkpt>
      <trkpt lat="26.9371112" lon="75.8152014">
        <time>2018-10-06T06:30:07Z</time>
      </trkpt>
      <trkpt lat="26.9371353" lon="75.8151591">
        <time>2018-10-06T06:30:17Z</time>
      </trkpt>
      <trkpt lat="26.9371201" lon="75.8151758">
        <time>2018-10-06T06:30:28Z</time>
      </trkpt>
      <trkpt lat="26.9371146" lon="75.8151651">
        <time>2018-10-06T06:30:38Z</time>
      </trkpt>
      <trkpt lat="26.9371146" lon="75.8151651">
        <time>2018-10-06T06:30:48Z</time>
      </trkpt>
      <trkpt lat="26.9371146" lon="75.8151651">
        <time>2018-10-06T06:30:59Z</time>
      </trkpt>
      <trkpt lat="26.9371146" lon="75.8151651">
        <time>2018-10-06T06:31:09Z</time>
      </trkpt>
      <trkpt lat="26.9371146" lon="75.8151651">
        <time>2018-10-06T06:31:19Z</time>
      </trkpt>
      <trkpt lat="26.9371146" lon="75.8151651">
        <time>2018-10-06T06:31:30Z</time>
      </trkpt>
      <trkpt lat="26.9371146" lon="75.8151651">
        <time>2018-10-06T06:31:41Z</time>
      </trkpt>
      <trkpt lat="26.9371271" lon="75.8151357">
        <time>2018-10-06T06:31:51Z</time>
      </trkpt>
      <trkpt lat="26.9371430" lon="75.8150406">
        <time>2018-10-06T06:32:02Z</time>
      </trkpt>
      <trkpt lat="26.9371749" lon="75.8149981">
        <time>2018-10-06T06:32:12Z</time>
      </trkpt>
      <trkpt lat="26.9372033" lon="75.8150687">
        <time>2018-10-06T06:32:24Z</time>
      </trkpt>
      <trkpt lat="26.9370537" lon="75.8150755">
        <time>2018-10-06T06:32:35Z</time>
      </trkpt>
      <trkpt lat="26.9371624" lon="75.8151590">
        <time>2018-10-06T06:32:51Z</time>
      </trkpt>
      <trkpt lat="26.9372536" lon="75.8152982">
        <time>2018-10-06T06:33:02Z</time>
      </trkpt>
      <trkpt lat="26.9372168" lon="75.8152302">
        <time>2018-10-06T06:33:12Z</time>
      </trkpt>
      <trkpt lat="26.9371761" lon="75.8152528">
        <time>2018-10-06T06:33:23Z</time>
      </trkpt>
      <trkpt lat="26.9371731" lon="75.8152539">
        <time>2018-10-06T06:33:33Z</time>
      </trkpt>
      <trkpt lat="26.9371949" lon="75.8153148">
        <time>2018-10-06T06:33:44Z</time>
      </trkpt>
      <trkpt lat="26.9371662" lon="75.8153846">
        <time>2018-10-06T06:33:55Z</time>
      </trkpt>
      <trkpt lat="26.9371702" lon="75.8154100">
        <time>2018-10-06T06:34:05Z</time>
      </trkpt>
      <trkpt lat="26.9371357" lon="75.8154312">
        <time>2018-10-06T06:34:15Z</time>
      </trkpt>
      <trkpt lat="26.9371308" lon="75.8155260">
        <time>2018-10-06T06:34:26Z</time>
      </trkpt>
      <trkpt lat="26.9372129" lon="75.8156064">
        <time>2018-10-06T06:34:37Z</time>
      </trkpt>
      <trkpt lat="26.9372206" lon="75.8156087">
        <time>2018-10-06T06:34:47Z</time>
      </trkpt>
      <trkpt lat="26.9372936" lon="75.8156713">
        <time>2018-10-06T06:34:57Z</time>
      </trkpt>
      <trkpt lat="26.9372991" lon="75.8157104">
        <time>2018-10-06T06:35:08Z</time>
      </trkpt>
      <trkpt lat="26.9373974" lon="75.8157519">
        <time>2018-10-06T06:35:19Z</time>
      </trkpt>
      <trkpt lat="26.9373911" lon="75.8157973">
        <time>2018-10-06T06:35:29Z</time>
      </trkpt>
      <trkpt lat="26.9373410" lon="75.8158145">
        <time>2018-10-06T06:35:39Z</time>
      </trkpt>
      <trkpt lat="26.9372650" lon="75.8157656">
        <time>2018-10-06T06:35:50Z</time>
      </trkpt>
      <trkpt lat="26.9372626" lon="75.8157683">
        <time>2018-10-06T06:36:00Z</time>
      </trkpt>
      <trkpt lat="26.9372626" lon="75.8157683">
        <time>2018-10-06T06:36:10Z</time>
      </trkpt>
      <trkpt lat="26.9372626" lon="75.8157683">
        <time>2018-10-06T06:36:21Z</time>
      </trkpt>
      <trkpt lat="26.9372626" lon="75.8157683">
        <time>2018-10-06T06:36:31Z</time>
      </trkpt>
      <trkpt lat="26.9372626" lon="75.8157683">
        <time>2018-10-06T06:36:42Z</time>
      </trkpt>
      <trkpt lat="26.9372626" lon="75.8157683">
        <time>2018-10-06T06:36:53Z</time>
      </trkpt>
      <trkpt lat="26.9372626" lon="75.8157683">
        <time>2018-10-06T06:37:04Z</time>
      </trkpt>
      <trkpt lat="26.9372223" lon="75.8156865">
        <time>2018-10-06T06:37:15Z</time>
      </trkpt>
      <trkpt lat="26.9371430" lon="75.8156142">
        <time>2018-10-06T06:37:25Z</time>
      </trkpt>
      <trkpt lat="26.9370648" lon="75.8155405">
        <time>2018-10-06T06:37:36Z</time>
      </trkpt>
      <trkpt lat="26.9370101" lon="75.8155082">
        <time>2018-10-06T06:37:46Z</time>
      </trkpt>
      <trkpt lat="26.9370101" lon="75.8155082">
        <time>2018-10-06T06:37:56Z</time>
      </trkpt>
      <trkpt lat="26.9370101" lon="75.8155082">
        <time>2018-10-06T06:38:06Z</time>
      </trkpt>
      <trkpt lat="26.9370101" lon="75.8155082">
        <time>2018-10-06T06:38:16Z</time>
      </trkpt>
      <trkpt lat="26.9370101" lon="75.8155082">
        <time>2018-10-06T06:38:26Z</time>
      </trkpt>
      <trkpt lat="26.9369306" lon="75.8154298">
        <time>2018-10-06T06:38:37Z</time>
      </trkpt>
      <trkpt lat="26.9369111" lon="75.8154097">
        <time>2018-10-06T06:38:47Z</time>
      </trkpt>
      <trkpt lat="26.9369111" lon="75.8154097">
        <time>2018-10-06T06:38:57Z</time>
      </trkpt>
      <trkpt lat="26.9369503" lon="75.8153306">
        <time>2018-10-06T06:39:08Z</time>
      </trkpt>
      <trkpt lat="26.9370153" lon="75.8152447">
        <time>2018-10-06T06:39:19Z</time>
      </trkpt>
      <trkpt lat="26.9370772" lon="75.8151601">
        <time>2018-10-06T06:39:29Z</time>
      </trkpt>
      <trkpt lat="26.9371380" lon="75.8150808">
        <time>2018-10-06T06:39:40Z</time>
      </trkpt>
      <trkpt lat="26.9371549" lon="75.8150998">
        <time>2018-10-06T06:39:51Z</time>
      </trkpt>
      <trkpt lat="26.9372420" lon="75.8151882">
        <time>2018-10-06T06:40:01Z</time>
      </trkpt>
      <trkpt lat="26.9373164" lon="75.8152759">
        <time>2018-10-06T06:40:12Z</time>
      </trkpt>
      <trkpt lat="26.9374109" lon="75.8153756">
        <time>2018-10-06T06:40:22Z</time>
      </trkpt>
      <trkpt lat="26.9374944" lon="75.8154618">
        <time>2018-10-06T06:40:32Z</time>
      </trkpt>
      <trkpt lat="26.9375848" lon="75.8155383">
        <time>2018-10-06T06:40:43Z</time>
      </trkpt>
      <trkpt lat="26.9375893" lon="75.8155395">
        <time>2018-10-06T06:40:54Z</time>
      </trkpt>
      <trkpt lat="26.9375647" lon="75.8155327">
        <time>2018-10-06T06:41:05Z</time>
      </trkpt>
      <trkpt lat="26.9374880" lon="75.8155479">
        <time>2018-10-06T06:41:15Z</time>
      </trkpt>
      <trkpt lat="26.9374614" lon="75.8155110">
        <time>2018-10-06T06:41:25Z</time>
      </trkpt>
      <trkpt lat="26.9374180" lon="75.8154945">
        <time>2018-10-06T06:41:36Z</time>
      </trkpt>
      <trkpt lat="26.9374372" lon="75.8154937">
        <time>2018-10-06T06:41:47Z</time>
      </trkpt>
      <trkpt lat="26.9374020" lon="75.8154717">
        <time>2018-10-06T06:41:57Z</time>
      </trkpt>
      <trkpt lat="26.9373159" lon="75.8154215">
        <time>2018-10-06T06:42:07Z</time>
      </trkpt>
      <trkpt lat="26.9371741" lon="75.8154048">
        <time>2018-10-06T06:42:18Z</time>
      </trkpt>
      <trkpt lat="26.9371927" lon="75.8153680">
        <time>2018-10-06T06:42:29Z</time>
      </trkpt>
      <trkpt lat="26.9371548" lon="75.8153458">
        <time>2018-10-06T06:42:40Z</time>
      </trkpt>
      <trkpt lat="26.9370889" lon="75.8153064">
        <time>2018-10-06T06:42:51Z</time>
      </trkpt>
      <trkpt lat="26.9370158" lon="75.8152866">
        <time>2018-10-06T06:43:02Z</time>
      </trkpt>
      <trkpt lat="26.9370174" lon="75.8152756">
        <time>2018-10-06T06:43:12Z</time>
      </trkpt>
      <trkpt lat="26.9370455" lon="75.8153236">
        <time>2018-10-06T06:43:23Z</time>
      </trkpt>
      <trkpt lat="26.9370313" lon="75.8153141">
        <time>2018-10-06T06:43:34Z</time>
      </trkpt>
      <trkpt lat="26.9370305" lon="75.8153379">
        <time>2018-10-06T06:44:13Z</time>
      </trkpt>
      <trkpt lat="26.9370266" lon="75.8153545">
        <time>2018-10-06T06:44:24Z</time>
      </trkpt>
      <trkpt lat="26.9370249" lon="75.8154162">
        <time>2018-10-06T06:44:34Z</time>
      </trkpt>
      <trkpt lat="26.9370249" lon="75.8154162">
        <time>2018-10-06T06:44:45Z</time>
      </trkpt>
      <trkpt lat="26.9370056" lon="75.8154595">
        <time>2018-10-06T06:44:55Z</time>
      </trkpt>
      <trkpt lat="26.9369996" lon="75.8154718">
        <time>2018-10-06T06:45:05Z</time>
      </trkpt>
      <trkpt lat="26.9369807" lon="75.8154738">
        <time>2018-10-06T06:45:15Z</time>
      </trkpt>
      <trkpt lat="26.9369700" lon="75.8154170">
        <time>2018-10-06T06:45:26Z</time>
      </trkpt>
      <trkpt lat="26.9370420" lon="75.8154228">
        <time>2018-10-06T06:45:37Z</time>
      </trkpt>
      <trkpt lat="26.9371497" lon="75.8155227">
        <time>2018-10-06T06:45:47Z</time>
      </trkpt>
      <trkpt lat="26.9372053" lon="75.8155439">
        <time>2018-10-06T06:45:57Z</time>
      </trkpt>
      <trkpt lat="26.9372896" lon="75.8156034">
        <time>2018-10-06T06:46:08Z</time>
      </trkpt>
      <trkpt lat="26.9373701" lon="75.8156420">
        <time>2018-10-06T06:46:19Z</time>
      </trkpt>
      <trkpt lat="26.9373376" lon="75.8156576">
        <time>2018-10-06T06:46:29Z</time>
      </trkpt>
      <trkpt lat="26.9374826" lon="75.8156239">
        <time>2018-10-06T06:46:39Z</time>
      </trkpt>
      <trkpt lat="26.9375875" lon="75.8155260">
        <time>2018-10-06T06:46:49Z</time>
      </trkpt>
      <trkpt lat="26.9375875" lon="75.8155260">
        <time>2018-10-06T06:46:59Z</time>
      </trkpt>
      <trkpt lat="26.9375168" lon="75.8154992">
        <time>2018-10-06T06:47:10Z</time>
      </trkpt>
      <trkpt lat="26.9375099" lon="75.8154880">
        <time>2018-10-06T06:47:20Z</time>
      </trkpt>
      <trkpt lat="26.9375017" lon="75.8154918">
        <time>2018-10-06T06:47:30Z</time>
      </trkpt>
      <trkpt lat="26.9375069" lon="75.8154905">
        <time>2018-10-06T06:47:41Z</time>
      </trkpt>
      <trkpt lat="26.9375069" lon="75.8154905">
        <time>2018-10-06T06:47:52Z</time>
      </trkpt>
      <trkpt lat="26.9375069" lon="75.8154905">
        <time>2018-10-06T06:48:02Z</time>
      </trkpt>
      <trkpt lat="26.9375069" lon="75.8154987">
        <time>2018-10-06T06:48:13Z</time>
      </trkpt>
      <trkpt lat="26.9375069" lon="75.8154987">
        <time>2018-10-06T06:48:23Z</time>
      </trkpt>
      <trkpt lat="26.9375069" lon="75.8154987">
        <time>2018-10-06T06:48:34Z</time>
      </trkpt>
      <trkpt lat="26.9375069" lon="75.8154987">
        <time>2018-10-06T06:48:44Z</time>
      </trkpt>
      <trkpt lat="26.9375069" lon="75.8154987">
        <time>2018-10-06T06:48:55Z</time>
      </trkpt>
      <trkpt lat="26.9375152" lon="75.8155020">
        <time>2018-10-06T06:49:06Z</time>
      </trkpt>
      <trkpt lat="26.9375152" lon="75.8155020">
        <time>2018-10-06T06:49:17Z</time>
      </trkpt>
      <trkpt lat="26.9375152" lon="75.8155020">
        <time>2018-10-06T06:49:28Z</time>
      </trkpt>
      <trkpt lat="26.9375152" lon="75.8155020">
        <time>2018-10-06T06:49:38Z</time>
      </trkpt>
      <trkpt lat="26.9375152" lon="75.8155020">
        <time>2018-10-06T06:49:49Z</time>
      </trkpt>
      <trkpt lat="26.9375152" lon="75.8155020">
        <time>2018-10-06T06:50:00Z</time>
      </trkpt>
      <trkpt lat="26.9375152" lon="75.8155020">
        <time>2018-10-06T06:50:11Z</time>
      </trkpt>
      <trkpt lat="26.9375152" lon="75.8155020">
        <time>2018-10-06T06:50:22Z</time>
      </trkpt>
      <trkpt lat="26.9375152" lon="75.8155020">
        <time>2018-10-06T06:50:32Z</time>
      </trkpt>
      <trkpt lat="26.9375152" lon="75.8155020">
        <time>2018-10-06T06:50:42Z</time>
      </trkpt>
      <trkpt lat="26.9375152" lon="75.8155020">
        <time>2018-10-06T06:50:52Z</time>
      </trkpt>
      <trkpt lat="26.9375152" lon="75.8155020">
        <time>2018-10-06T06:51:03Z</time>
      </trkpt>
      <trkpt lat="26.9375152" lon="75.8155020">
        <time>2018-10-06T06:51:13Z</time>
      </trkpt>
      <trkpt lat="26.9375152" lon="75.8155020">
        <time>2018-10-06T06:51:24Z</time>
      </trkpt>
      <trkpt lat="26.9375152" lon="75.8155020">
        <time>2018-10-06T06:51:35Z</time>
      </trkpt>
      <trkpt lat="26.9375152" lon="75.8155020">
        <time>2018-10-06T06:51:45Z</time>
      </trkpt>
      <trkpt lat="26.9375152" lon="75.8155020">
        <time>2018-10-06T06:51:55Z</time>
      </trkpt>
      <trkpt lat="26.9375157" lon="75.8155004">
        <time>2018-10-06T06:52:06Z</time>
      </trkpt>
      <trkpt lat="26.9375217" lon="75.8155119">
        <time>2018-10-06T06:52:16Z</time>
      </trkpt>
      <trkpt lat="26.9375380" lon="75.8155203">
        <time>2018-10-06T06:52:27Z</time>
      </trkpt>
      <trkpt lat="26.9375432" lon="75.8155215">
        <time>2018-10-06T06:52:38Z</time>
      </trkpt>
      <trkpt lat="26.9375432" lon="75.8155215">
        <time>2018-10-06T06:52:48Z</time>
      </trkpt>
      <trkpt lat="26.9375432" lon="75.8155215">
        <time>2018-10-06T06:52:58Z</time>
      </trkpt>
      <trkpt lat="26.9375641" lon="75.8154741">
        <time>2018-10-06T06:53:09Z</time>
      </trkpt>
      <trkpt lat="26.9375538" lon="75.8153534">
        <time>2018-10-06T06:53:19Z</time>
      </trkpt>
      <trkpt lat="26.9375669" lon="75.8152546">
        <time>2018-10-06T06:53:29Z</time>
      </trkpt>
      <trkpt lat="26.9375668" lon="75.8152561">
        <time>2018-10-06T06:53:39Z</time>
      </trkpt>
      <trkpt lat="26.9376429" lon="75.8153440">
        <time>2018-10-06T06:53:50Z</time>
      </trkpt>
      <trkpt lat="26.9377198" lon="75.8154422">
        <time>2018-10-06T06:54:01Z</time>
      </trkpt>
      <trkpt lat="26.9377778" lon="75.8155095">
        <time>2018-10-06T06:54:12Z</time>
      </trkpt>
      <trkpt lat="26.9378334" lon="75.8154946">
        <time>2018-10-06T06:54:22Z</time>
      </trkpt>
      <trkpt lat="26.9379242" lon="75.8155170">
        <time>2018-10-06T06:54:33Z</time>
      </trkpt>
      <trkpt lat="26.9380024" lon="75.8155368">
        <time>2018-10-06T06:54:44Z</time>
      </trkpt>
      <trkpt lat="26.9380788" lon="75.8156087">
        <time>2018-10-06T06:54:55Z</time>
      </trkpt>
      <trkpt lat="26.9381596" lon="75.8156881">
        <time>2018-10-06T06:55:06Z</time>
      </trkpt>
      <trkpt lat="26.9382655" lon="75.8157555">
        <time>2018-10-06T06:55:17Z</time>
      </trkpt>
      <trkpt lat="26.9383682" lon="75.8158052">
        <time>2018-10-06T06:55:28Z</time>
      </trkpt>
      <trkpt lat="26.9384838" lon="75.8158338">
        <time>2018-10-06T06:55:39Z</time>
      </trkpt>
      <trkpt lat="26.9385700" lon="75.8158995">
        <time>2018-10-06T06:55:50Z</time>
      </trkpt>
      <trkpt lat="26.9386727" lon="75.8159747">
        <time>2018-10-06T06:56:01Z</time>
      </trkpt>
      <trkpt lat="26.9387690" lon="75.8160305">
        <time>2018-10-06T06:56:11Z</time>
      </trkpt>
      <trkpt lat="26.9388510" lon="75.8160667">
        <time>2018-10-06T06:56:21Z</time>
      </trkpt>
      <trkpt lat="26.9389453" lon="75.8160601">
        <time>2018-10-06T06:56:31Z</time>
      </trkpt>
      <trkpt lat="26.9390591" lon="75.8160526">
        <time>2018-10-06T06:56:43Z</time>
      </trkpt>
      <trkpt lat="26.9391661" lon="75.8160311">
        <time>2018-10-06T06:56:53Z</time>
      </trkpt>
      <trkpt lat="26.9392812" lon="75.8160195">
        <time>2018-10-06T06:57:03Z</time>
      </trkpt>
      <trkpt lat="26.9393819" lon="75.8160206">
        <time>2018-10-06T06:57:14Z</time>
      </trkpt>
      <trkpt lat="26.9395116" lon="75.8160403">
        <time>2018-10-06T06:57:25Z</time>
      </trkpt>
      <trkpt lat="26.9396085" lon="75.8160939">
        <time>2018-10-06T06:57:35Z</time>
      </trkpt>
      <trkpt lat="26.9396727" lon="75.8162000">
        <time>2018-10-06T06:57:45Z</time>
      </trkpt>
      <trkpt lat="26.9397458" lon="75.8162917">
        <time>2018-10-06T06:57:56Z</time>
      </trkpt>
      <trkpt lat="26.9398263" lon="75.8163821">
        <time>2018-10-06T06:58:06Z</time>
      </trkpt>
      <trkpt lat="26.9399332" lon="75.8164578">
        <time>2018-10-06T06:58:16Z</time>
      </trkpt>
      <trkpt lat="26.9399252" lon="75.8164881">
        <time>2018-10-06T06:58:27Z</time>
      </trkpt>
      <trkpt lat="26.9399158" lon="75.8164833">
        <time>2018-10-06T06:58:37Z</time>
      </trkpt>
      <trkpt lat="26.9399158" lon="75.8164833">
        <time>2018-10-06T06:58:47Z</time>
      </trkpt>
      <trkpt lat="26.9399027" lon="75.8164921">
        <time>2018-10-06T06:58:58Z</time>
      </trkpt>
      <trkpt lat="26.9399160" lon="75.8164646">
        <time>2018-10-06T06:59:09Z</time>
      </trkpt>
      <trkpt lat="26.9400124" lon="75.8164887">
        <time>2018-10-06T06:59:19Z</time>
      </trkpt>
      <trkpt lat="26.9401110" lon="75.8165641">
        <time>2018-10-06T06:59:30Z</time>
      </trkpt>
      <trkpt lat="26.9402157" lon="75.8166189">
        <time>2018-10-06T06:59:40Z</time>
      </trkpt>
      <trkpt lat="26.9402793" lon="75.8167392">
        <time>2018-10-06T06:59:51Z</time>
      </trkpt>
      <trkpt lat="26.9403612" lon="75.8168491">
        <time>2018-10-06T07:00:01Z</time>
      </trkpt>
      <trkpt lat="26.9404212" lon="75.8169665">
        <time>2018-10-06T07:00:11Z</time>
      </trkpt>
      <trkpt lat="26.9405017" lon="75.8170697">
        <time>2018-10-06T07:00:22Z</time>
      </trkpt>
      <trkpt lat="26.9405641" lon="75.8171632">
        <time>2018-10-06T07:00:32Z</time>
      </trkpt>
      <trkpt lat="26.9406132" lon="75.8172871">
        <time>2018-10-06T07:00:43Z</time>
      </trkpt>
      <trkpt lat="26.9406541" lon="75.8174298">
        <time>2018-10-06T07:00:54Z</time>
      </trkpt>
      <trkpt lat="26.9407183" lon="75.8175756">
        <time>2018-10-06T07:01:05Z</time>
      </trkpt>
      <trkpt lat="26.9407952" lon="75.8176778">
        <time>2018-10-06T07:01:15Z</time>
      </trkpt>
      <trkpt lat="26.9408663" lon="75.8177673">
        <time>2018-10-06T07:01:26Z</time>
      </trkpt>
      <trkpt lat="26.9409458" lon="75.8178333">
        <time>2018-10-06T07:01:36Z</time>
      </trkpt>
      <trkpt lat="26.9410541" lon="75.8179463">
        <time>2018-10-06T07:01:47Z</time>
      </trkpt>
      <trkpt lat="26.9411468" lon="75.8180122">
        <time>2018-10-06T07:01:57Z</time>
      </trkpt>
      <trkpt lat="26.9412493" lon="75.8180397">
        <time>2018-10-06T07:02:07Z</time>
      </trkpt>
      <trkpt lat="26.9413508" lon="75.8180631">
        <time>2018-10-06T07:02:18Z</time>
      </trkpt>
      <trkpt lat="26.9414484" lon="75.8180890">
        <time>2018-10-06T07:02:28Z</time>
      </trkpt>
      <trkpt lat="26.9415607" lon="75.8180661">
        <time>2018-10-06T07:02:38Z</time>
      </trkpt>
      <trkpt lat="26.9416899" lon="75.8180461">
        <time>2018-10-06T07:02:48Z</time>
      </trkpt>
      <trkpt lat="26.9418248" lon="75.8180216">
        <time>2018-10-06T07:02:58Z</time>
      </trkpt>
      <trkpt lat="26.9419192" lon="75.8179834">
        <time>2018-10-06T07:03:09Z</time>
      </trkpt>
      <trkpt lat="26.9419800" lon="75.8179260">
        <time>2018-10-06T07:03:20Z</time>
      </trkpt>
      <trkpt lat="26.9419800" lon="75.8179260">
        <time>2018-10-06T07:03:30Z</time>
      </trkpt>
      <trkpt lat="26.9419800" lon="75.8179260">
        <time>2018-10-06T07:03:41Z</time>
      </trkpt>
      <trkpt lat="26.9419800" lon="75.8179260">
        <time>2018-10-06T07:03:52Z</time>
      </trkpt>
      <trkpt lat="26.9419800" lon="75.8179260">
        <time>2018-10-06T07:04:02Z</time>
      </trkpt>
      <trkpt lat="26.9419876" lon="75.8179102">
        <time>2018-10-06T07:04:13Z</time>
      </trkpt>
      <trkpt lat="26.9420313" lon="75.8178786">
        <time>2018-10-06T07:04:23Z</time>
      </trkpt>
      <trkpt lat="26.9420383" lon="75.8178744">
        <time>2018-10-06T07:04:33Z</time>
      </trkpt>
      <trkpt lat="26.9420383" lon="75.8178744">
        <time>2018-10-06T07:04:44Z</time>
      </trkpt>
      <trkpt lat="26.9420383" lon="75.8178744">
        <time>2018-10-06T07:04:55Z</time>
      </trkpt>
      <trkpt lat="26.9420196" lon="75.8178808">
        <time>2018-10-06T07:05:06Z</time>
      </trkpt>
      <trkpt lat="26.9420196" lon="75.8178811">
        <time>2018-10-06T07:05:17Z</time>
      </trkpt>
      <trkpt lat="26.9420189" lon="75.8178845">
        <time>2018-10-06T07:05:28Z</time>
      </trkpt>
      <trkpt lat="26.9420189" lon="75.8178845">
        <time>2018-10-06T07:05:38Z</time>
      </trkpt>
      <trkpt lat="26.9420189" lon="75.8178845">
        <time>2018-10-06T07:05:49Z</time>
      </trkpt>
      <trkpt lat="26.9420038" lon="75.8178917">
        <time>2018-10-06T07:05:59Z</time>
      </trkpt>
      <trkpt lat="26.9420441" lon="75.8179401">
        <time>2018-10-06T07:06:10Z</time>
      </trkpt>
      <trkpt lat="26.9421297" lon="75.8179412">
        <time>2018-10-06T07:06:21Z</time>
      </trkpt>
      <trkpt lat="26.9422321" lon="75.8179335">
        <time>2018-10-06T07:06:31Z</time>
      </trkpt>
      <trkpt lat="26.9423449" lon="75.8179366">
        <time>2018-10-06T07:06:41Z</time>
      </trkpt>
      <trkpt lat="26.9424578" lon="75.8179732">
        <time>2018-10-06T07:06:52Z</time>
      </trkpt>
      <trkpt lat="26.9425874" lon="75.8180192">
        <time>2018-10-06T07:07:03Z</time>
      </trkpt>
      <trkpt lat="26.9427189" lon="75.8180433">
        <time>2018-10-06T07:07:14Z</time>
      </trkpt>
      <trkpt lat="26.9428463" lon="75.8180829">
        <time>2018-10-06T07:07:25Z</time>
      </trkpt>
      <trkpt lat="26.9429613" lon="75.8180998">
        <time>2018-10-06T07:07:35Z</time>
      </trkpt>
      <trkpt lat="26.9430953" lon="75.8181552">
        <time>2018-10-06T07:07:46Z</time>
      </trkpt>
      <trkpt lat="26.9431977" lon="75.8181784">
        <time>2018-10-06T07:07:57Z</time>
      </trkpt>
      <trkpt lat="26.9432241" lon="75.8182148">
        <time>2018-10-06T07:08:08Z</time>
      </trkpt>
      <trkpt lat="26.9432254" lon="75.8183128">
        <time>2018-10-06T07:08:18Z</time>
      </trkpt>
      <trkpt lat="26.9432903" lon="75.8184200">
        <time>2018-10-06T07:08:28Z</time>
      </trkpt>
      <trkpt lat="26.9433387" lon="75.8185023">
        <time>2018-10-06T07:08:41Z</time>
      </trkpt>
      <trkpt lat="26.9433389" lon="75.8184882">
        <time>2018-10-06T07:08:51Z</time>
      </trkpt>
      <trkpt lat="26.9433561" lon="75.8184836">
        <time>2018-10-06T07:09:01Z</time>
      </trkpt>
      <trkpt lat="26.9432679" lon="75.8185215">
        <time>2018-10-06T07:09:11Z</time>
      </trkpt>
      <trkpt lat="26.9432840" lon="75.8185398">
        <time>2018-10-06T07:09:21Z</time>
      </trkpt>
      <trkpt lat="26.9432840" lon="75.8185398">
        <time>2018-10-06T07:09:32Z</time>
      </trkpt>
      <trkpt lat="26.9433120" lon="75.8186112">
        <time>2018-10-06T07:09:43Z</time>
      </trkpt>
      <trkpt lat="26.9432948" lon="75.8187333">
        <time>2018-10-06T07:09:53Z</time>
      </trkpt>
      <trkpt lat="26.9432896" lon="75.8187439">
        <time>2018-10-06T07:10:04Z</time>
      </trkpt>
      <trkpt lat="26.9432956" lon="75.8188011">
        <time>2018-10-06T07:10:15Z</time>
      </trkpt>
      <trkpt lat="26.9432599" lon="75.8187058">
        <time>2018-10-06T07:10:26Z</time>
      </trkpt>
      <trkpt lat="26.9432716" lon="75.8187066">
        <time>2018-10-06T07:10:36Z</time>
      </trkpt>
      <trkpt lat="26.9432737" lon="75.8187104">
        <time>2018-10-06T07:10:47Z</time>
      </trkpt>
      <trkpt lat="26.9432737" lon="75.8187104">
        <time>2018-10-06T07:10:57Z</time>
      </trkpt>
      <trkpt lat="26.9432737" lon="75.8187104">
        <time>2018-10-06T07:11:07Z</time>
      </trkpt>
      <trkpt lat="26.9432737" lon="75.8187104">
        <time>2018-10-06T07:11:18Z</time>
      </trkpt>
      <trkpt lat="26.9432737" lon="75.8187104">
        <time>2018-10-06T07:11:28Z</time>
      </trkpt>
      <trkpt lat="26.9432693" lon="75.8187195">
        <time>2018-10-06T07:11:39Z</time>
      </trkpt>
      <trkpt lat="26.9432693" lon="75.8187195">
        <time>2018-10-06T07:11:49Z</time>
      </trkpt>
      <trkpt lat="26.9432781" lon="75.8187152">
        <time>2018-10-06T07:11:59Z</time>
      </trkpt>
      <trkpt lat="26.9432825" lon="75.8187138">
        <time>2018-10-06T07:12:10Z</time>
      </trkpt>
      <trkpt lat="26.9432825" lon="75.8187138">
        <time>2018-10-06T07:12:20Z</time>
      </trkpt>
      <trkpt lat="26.9432825" lon="75.8187138">
        <time>2018-10-06T07:12:31Z</time>
      </trkpt>
      <trkpt lat="26.9432825" lon="75.8187138">
        <time>2018-10-06T07:12:42Z</time>
      </trkpt>
      <trkpt lat="26.9432825" lon="75.8187138">
        <time>2018-10-06T07:12:53Z</time>
      </trkpt>
      <trkpt lat="26.9432825" lon="75.8187138">
        <time>2018-10-06T07:13:04Z</time>
      </trkpt>
      <trkpt lat="26.9432825" lon="75.8187138">
        <time>2018-10-06T07:13:15Z</time>
      </trkpt>
      <trkpt lat="26.9432825" lon="75.8187138">
        <time>2018-10-06T07:13:26Z</time>
      </trkpt>
      <trkpt lat="26.9432825" lon="75.8187138">
        <time>2018-10-06T07:13:37Z</time>
      </trkpt>
      <trkpt lat="26.9432825" lon="75.8187138">
        <time>2018-10-06T07:13:48Z</time>
      </trkpt>
      <trkpt lat="26.9432825" lon="75.8187138">
        <time>2018-10-06T07:13:58Z</time>
      </trkpt>
      <trkpt lat="26.9432825" lon="75.8187138">
        <time>2018-10-06T07:14:08Z</time>
      </trkpt>
      <trkpt lat="26.9432725" lon="75.8187211">
        <time>2018-10-06T07:14:19Z</time>
      </trkpt>
      <trkpt lat="26.9432725" lon="75.8187211">
        <time>2018-10-06T07:14:30Z</time>
      </trkpt>
      <trkpt lat="26.9432725" lon="75.8187211">
        <time>2018-10-06T07:14:40Z</time>
      </trkpt>
      <trkpt lat="26.9432725" lon="75.8187211">
        <time>2018-10-06T07:14:51Z</time>
      </trkpt>
      <trkpt lat="26.9432725" lon="75.8187211">
        <time>2018-10-06T07:15:02Z</time>
      </trkpt>
      <trkpt lat="26.9432725" lon="75.8187211">
        <time>2018-10-06T07:15:13Z</time>
      </trkpt>
      <trkpt lat="26.9432725" lon="75.8187211">
        <time>2018-10-06T07:15:24Z</time>
      </trkpt>
      <trkpt lat="26.9432671" lon="75.8187232">
        <time>2018-10-06T07:15:34Z</time>
      </trkpt>
      <trkpt lat="26.9432926" lon="75.8186553">
        <time>2018-10-06T07:15:44Z</time>
      </trkpt>
      <trkpt lat="26.9432958" lon="75.8186456">
        <time>2018-10-06T07:15:54Z</time>
      </trkpt>
      <trkpt lat="26.9432878" lon="75.8186272">
        <time>2018-10-06T07:16:05Z</time>
      </trkpt>
      <trkpt lat="26.9432878" lon="75.8186272">
        <time>2018-10-06T07:16:16Z</time>
      </trkpt>
      <trkpt lat="26.9432922" lon="75.8186233">
        <time>2018-10-06T07:16:26Z</time>
      </trkpt>
      <trkpt lat="26.9432922" lon="75.8186233">
        <time>2018-10-06T07:16:37Z</time>
      </trkpt>
      <trkpt lat="26.9432922" lon="75.8186233">
        <time>2018-10-06T07:16:47Z</time>
      </trkpt>
      <trkpt lat="26.9432922" lon="75.8186233">
        <time>2018-10-06T07:16:58Z</time>
      </trkpt>
      <trkpt lat="26.9432992" lon="75.8186404">
        <time>2018-10-06T07:17:09Z</time>
      </trkpt>
      <trkpt lat="26.9432992" lon="75.8186404">
        <time>2018-10-06T07:17:20Z</time>
      </trkpt>
      <trkpt lat="26.9432992" lon="75.8186404">
        <time>2018-10-06T07:17:30Z</time>
      </trkpt>
      <trkpt lat="26.9432992" lon="75.8186404">
        <time>2018-10-06T07:17:40Z</time>
      </trkpt>
      <trkpt lat="26.9432992" lon="75.8186404">
        <time>2018-10-06T07:17:51Z</time>
      </trkpt>
      <trkpt lat="26.9432966" lon="75.8186095">
        <time>2018-10-06T07:18:01Z</time>
      </trkpt>
      <trkpt lat="26.9432788" lon="75.8185653">
        <time>2018-10-06T07:18:12Z</time>
      </trkpt>
      <trkpt lat="26.9432717" lon="75.8185700">
        <time>2018-10-06T07:18:22Z</time>
      </trkpt>
      <trkpt lat="26.9432606" lon="75.8185674">
        <time>2018-10-06T07:18:33Z</time>
      </trkpt>
      <trkpt lat="26.9432450" lon="75.8185705">
        <time>2018-10-06T07:18:44Z</time>
      </trkpt>
      <trkpt lat="26.9432447" lon="75.8185705">
        <time>2018-10-06T07:18:55Z</time>
      </trkpt>
      <trkpt lat="26.9432447" lon="75.8185705">
        <time>2018-10-06T07:19:05Z</time>
      </trkpt>
      <trkpt lat="26.9432415" lon="75.8185717">
        <time>2018-10-06T07:19:16Z</time>
      </trkpt>
      <trkpt lat="26.9432415" lon="75.8185717">
        <time>2018-10-06T07:19:26Z</time>
      </trkpt>
      <trkpt lat="26.9432248" lon="75.8185874">
        <time>2018-10-06T07:19:37Z</time>
      </trkpt>
      <trkpt lat="26.9432187" lon="75.8185922">
        <time>2018-10-06T07:19:48Z</time>
      </trkpt>
      <trkpt lat="26.9432187" lon="75.8185922">
        <time>2018-10-06T07:19:59Z</time>
      </trkpt>
      <trkpt lat="26.9432143" lon="75.8185941">
        <time>2018-10-06T07:20:09Z</time>
      </trkpt>
      <trkpt lat="26.9432143" lon="75.8185941">
        <time>2018-10-06T07:20:19Z</time>
      </trkpt>
      <trkpt lat="26.9432159" lon="75.8185849">
        <time>2018-10-06T07:20:29Z</time>
      </trkpt>
      <trkpt lat="26.9432172" lon="75.8185706">
        <time>2018-10-06T07:20:40Z</time>
      </trkpt>
      <trkpt lat="26.9432252" lon="75.8185567">
        <time>2018-10-06T07:20:51Z</time>
      </trkpt>
      <trkpt lat="26.9432300" lon="75.8185308">
        <time>2018-10-06T07:21:01Z</time>
      </trkpt>
      <trkpt lat="26.9432306" lon="75.8185302">
        <time>2018-10-06T07:21:11Z</time>
      </trkpt>
      <trkpt lat="26.9432306" lon="75.8185302">
        <time>2018-10-06T07:21:22Z</time>
      </trkpt>
      <trkpt lat="26.9432314" lon="75.8185279">
        <time>2018-10-06T07:21:32Z</time>
      </trkpt>
      <trkpt lat="26.9432312" lon="75.8185272">
        <time>2018-10-06T07:21:43Z</time>
      </trkpt>
      <trkpt lat="26.9432312" lon="75.8185272">
        <time>2018-10-06T07:21:53Z</time>
      </trkpt>
      <trkpt lat="26.9432300" lon="75.8185255">
        <time>2018-10-06T07:22:04Z</time>
      </trkpt>
      <trkpt lat="26.9432300" lon="75.8185255">
        <time>2018-10-06T07:22:14Z</time>
      </trkpt>
      <trkpt lat="26.9432300" lon="75.8185255">
        <time>2018-10-06T07:22:25Z</time>
      </trkpt>
      <trkpt lat="26.9432300" lon="75.8185255">
        <time>2018-10-06T07:22:36Z</time>
      </trkpt>
      <trkpt lat="26.9432300" lon="75.8185255">
        <time>2018-10-06T07:22:46Z</time>
      </trkpt>
      <trkpt lat="26.9432300" lon="75.8185255">
        <time>2018-10-06T07:22:56Z</time>
      </trkpt>
      <trkpt lat="26.9432300" lon="75.8185255">
        <time>2018-10-06T07:23:07Z</time>
      </trkpt>
      <trkpt lat="26.9432299" lon="75.8185336">
        <time>2018-10-06T07:23:18Z</time>
      </trkpt>
      <trkpt lat="26.9432303" lon="75.8185342">
        <time>2018-10-06T07:23:29Z</time>
      </trkpt>
      <trkpt lat="26.9432303" lon="75.8185342">
        <time>2018-10-06T07:23:40Z</time>
      </trkpt>
      <trkpt lat="26.9432303" lon="75.8185342">
        <time>2018-10-06T07:23:50Z</time>
      </trkpt>
      <trkpt lat="26.9432395" lon="75.8185439">
        <time>2018-10-06T07:24:01Z</time>
      </trkpt>
      <trkpt lat="26.9432472" lon="75.8185434">
        <time>2018-10-06T07:24:11Z</time>
      </trkpt>
      <trkpt lat="26.9432434" lon="75.8185362">
        <time>2018-10-06T07:24:22Z</time>
      </trkpt>
      <trkpt lat="26.9432434" lon="75.8185362">
        <time>2018-10-06T07:24:33Z</time>
      </trkpt>
      <trkpt lat="26.9432366" lon="75.8185368">
        <time>2018-10-06T07:24:43Z</time>
      </trkpt>
      <trkpt lat="26.9432366" lon="75.8185368">
        <time>2018-10-06T07:24:54Z</time>
      </trkpt>
      <trkpt lat="26.9432353" lon="75.8185538">
        <time>2018-10-06T07:25:05Z</time>
      </trkpt>
      <trkpt lat="26.9432335" lon="75.8185625">
        <time>2018-10-06T07:25:15Z</time>
      </trkpt>
      <trkpt lat="26.9432335" lon="75.8185625">
        <time>2018-10-06T07:25:26Z</time>
      </trkpt>
      <trkpt lat="26.9432335" lon="75.8185625">
        <time>2018-10-06T07:25:37Z</time>
      </trkpt>
      <trkpt lat="26.9432335" lon="75.8185625">
        <time>2018-10-06T07:25:48Z</time>
      </trkpt>
      <trkpt lat="26.9432390" lon="75.8185670">
        <time>2018-10-06T07:25:59Z</time>
      </trkpt>
      <trkpt lat="26.9432399" lon="75.8185693">
        <time>2018-10-06T07:26:10Z</time>
      </trkpt>
      <trkpt lat="26.9432390" lon="75.8185714">
        <time>2018-10-06T07:26:20Z</time>
      </trkpt>
      <trkpt lat="26.9432390" lon="75.8185714">
        <time>2018-10-06T07:26:31Z</time>
      </trkpt>
      <trkpt lat="26.9432361" lon="75.8185641">
        <time>2018-10-06T07:26:41Z</time>
      </trkpt>
      <trkpt lat="26.9432400" lon="75.8185575">
        <time>2018-10-06T07:26:52Z</time>
      </trkpt>
      <trkpt lat="26.9432433" lon="75.8185591">
        <time>2018-10-06T07:27:02Z</time>
      </trkpt>
      <trkpt lat="26.9432408" lon="75.8185586">
        <time>2018-10-06T07:27:13Z</time>
      </trkpt>
      <trkpt lat="26.9432388" lon="75.8185724">
        <time>2018-10-06T07:27:24Z</time>
      </trkpt>
      <trkpt lat="26.9432410" lon="75.8185750">
        <time>2018-10-06T07:27:35Z</time>
      </trkpt>
      <trkpt lat="26.9432409" lon="75.8185747">
        <time>2018-10-06T07:27:45Z</time>
      </trkpt>
      <trkpt lat="26.9432379" lon="75.8185669">
        <time>2018-10-06T07:27:56Z</time>
      </trkpt>
      <trkpt lat="26.9432379" lon="75.8185669">
        <time>2018-10-06T07:28:06Z</time>
      </trkpt>
      <trkpt lat="26.9432334" lon="75.8185571">
        <time>2018-10-06T07:28:17Z</time>
      </trkpt>
      <trkpt lat="26.9432337" lon="75.8185570">
        <time>2018-10-06T07:28:28Z</time>
      </trkpt>
      <trkpt lat="26.9432337" lon="75.8185570">
        <time>2018-10-06T07:28:38Z</time>
      </trkpt>
      <trkpt lat="26.9432337" lon="75.8185570">
        <time>2018-10-06T07:28:48Z</time>
      </trkpt>
      <trkpt lat="26.9432337" lon="75.8185570">
        <time>2018-10-06T07:28:59Z</time>
      </trkpt>
      <trkpt lat="26.9432337" lon="75.8185570">
        <time>2018-10-06T07:29:09Z</time>
      </trkpt>
      <trkpt lat="26.9432337" lon="75.8185570">
        <time>2018-10-06T07:29:20Z</time>
      </trkpt>
      <trkpt lat="26.9432337" lon="75.8185570">
        <time>2018-10-06T07:29:31Z</time>
      </trkpt>
      <trkpt lat="26.9432337" lon="75.8185570">
        <time>2018-10-06T07:29:42Z</time>
      </trkpt>
      <trkpt lat="26.9432337" lon="75.8185570">
        <time>2018-10-06T07:29:52Z</time>
      </trkpt>
      <trkpt lat="26.9432413" lon="75.8185612">
        <time>2018-10-06T07:30:02Z</time>
      </trkpt>
      <trkpt lat="26.9432413" lon="75.8185610">
        <time>2018-10-06T07:30:13Z</time>
      </trkpt>
      <trkpt lat="26.9432298" lon="75.8185707">
        <time>2018-10-06T07:30:23Z</time>
      </trkpt>
      <trkpt lat="26.9432298" lon="75.8185707">
        <time>2018-10-06T07:30:33Z</time>
      </trkpt>
      <trkpt lat="26.9432298" lon="75.8185707">
        <time>2018-10-06T07:30:44Z</time>
      </trkpt>
      <trkpt lat="26.9432298" lon="75.8185707">
        <time>2018-10-06T07:30:54Z</time>
      </trkpt>
      <trkpt lat="26.9432298" lon="75.8185707">
        <time>2018-10-06T07:31:05Z</time>
      </trkpt>
      <trkpt lat="26.9432298" lon="75.8185707">
        <time>2018-10-06T07:31:15Z</time>
      </trkpt>
      <trkpt lat="26.9432298" lon="75.8185707">
        <time>2018-10-06T07:31:25Z</time>
      </trkpt>
      <trkpt lat="26.9432298" lon="75.8185707">
        <time>2018-10-06T07:31:36Z</time>
      </trkpt>
      <trkpt lat="26.9432298" lon="75.8185707">
        <time>2018-10-06T07:31:47Z</time>
      </trkpt>
      <trkpt lat="26.9432298" lon="75.8185707">
        <time>2018-10-06T07:31:58Z</time>
      </trkpt>
      <trkpt lat="26.9432298" lon="75.8185707">
        <time>2018-10-06T07:32:08Z</time>
      </trkpt>
      <trkpt lat="26.9432295" lon="75.8185735">
        <time>2018-10-06T07:32:18Z</time>
      </trkpt>
      <trkpt lat="26.9432323" lon="75.8185734">
        <time>2018-10-06T07:32:29Z</time>
      </trkpt>
      <trkpt lat="26.9432323" lon="75.8185734">
        <time>2018-10-06T07:32:39Z</time>
      </trkpt>
      <trkpt lat="26.9432370" lon="75.8185722">
        <time>2018-10-06T07:32:49Z</time>
      </trkpt>
      <trkpt lat="26.9432439" lon="75.8185666">
        <time>2018-10-06T07:32:59Z</time>
      </trkpt>
      <trkpt lat="26.9432454" lon="75.8185685">
        <time>2018-10-06T07:33:10Z</time>
      </trkpt>
      <trkpt lat="26.9432454" lon="75.8185685">
        <time>2018-10-06T07:33:21Z</time>
      </trkpt>
      <trkpt lat="26.9432454" lon="75.8185685">
        <time>2018-10-06T07:33:31Z</time>
      </trkpt>
      <trkpt lat="26.9432392" lon="75.8185478">
        <time>2018-10-06T07:33:42Z</time>
      </trkpt>
      <trkpt lat="26.9432380" lon="75.8185485">
        <time>2018-10-06T07:33:53Z</time>
      </trkpt>
      <trkpt lat="26.9432384" lon="75.8185367">
        <time>2018-10-06T07:34:04Z</time>
      </trkpt>
      <trkpt lat="26.9432384" lon="75.8185367">
        <time>2018-10-06T07:34:15Z</time>
      </trkpt>
      <trkpt lat="26.9432384" lon="75.8185367">
        <time>2018-10-06T07:34:26Z</time>
      </trkpt>
      <trkpt lat="26.9432384" lon="75.8185367">
        <time>2018-10-06T07:34:36Z</time>
      </trkpt>
      <trkpt lat="26.9432440" lon="75.8185263">
        <time>2018-10-06T07:34:46Z</time>
      </trkpt>
      <trkpt lat="26.9433159" lon="75.8185223">
        <time>2018-10-06T07:34:56Z</time>
      </trkpt>
      <trkpt lat="26.9437768" lon="75.8183930">
        <time>2018-10-06T07:35:06Z</time>
      </trkpt>
      <trkpt lat="26.9445052" lon="75.8182730">
        <time>2018-10-06T07:35:16Z</time>
      </trkpt>
      <trkpt lat="26.9454954" lon="75.8184747">
        <time>2018-10-06T07:35:27Z</time>
      </trkpt>
      <trkpt lat="26.9462337" lon="75.8191954">
        <time>2018-10-06T07:35:37Z</time>
      </trkpt>
      <trkpt lat="26.9466419" lon="75.8196896">
        <time>2018-10-06T07:35:47Z</time>
      </trkpt>
      <trkpt lat="26.9472508" lon="75.8203488">
        <time>2018-10-06T07:35:58Z</time>
      </trkpt>
      <trkpt lat="26.9480873" lon="75.8212390">
        <time>2018-10-06T07:36:09Z</time>
      </trkpt>
      <trkpt lat="26.9489738" lon="75.8222789">
        <time>2018-10-06T07:36:20Z</time>
      </trkpt>
      <trkpt lat="26.9499050" lon="75.8231153">
        <time>2018-10-06T07:36:30Z</time>
      </trkpt>
      <trkpt lat="26.9506575" lon="75.8239261">
        <time>2018-10-06T07:36:41Z</time>
      </trkpt>
      <trkpt lat="26.9512974" lon="75.8248690">
        <time>2018-10-06T07:36:52Z</time>
      </trkpt>
      <trkpt lat="26.9517786" lon="75.8258831">
        <time>2018-10-06T07:37:03Z</time>
      </trkpt>
      <trkpt lat="26.9522588" lon="75.8265877">
        <time>2018-10-06T07:37:13Z</time>
      </trkpt>
      <trkpt lat="26.9526056" lon="75.8270563">
        <time>2018-10-06T07:37:23Z</time>
      </trkpt>
      <trkpt lat="26.9529236" lon="75.8274746">
        <time>2018-10-06T07:37:33Z</time>
      </trkpt>
      <trkpt lat="26.9533834" lon="75.8281253">
        <time>2018-10-06T07:37:44Z</time>
      </trkpt>
      <trkpt lat="26.9542889" lon="75.8290788">
        <time>2018-10-06T07:37:55Z</time>
      </trkpt>
      <trkpt lat="26.9551921" lon="75.8299514">
        <time>2018-10-06T07:38:06Z</time>
      </trkpt>
      <trkpt lat="26.9559716" lon="75.8304180">
        <time>2018-10-06T07:38:17Z</time>
      </trkpt>
      <trkpt lat="26.9565083" lon="75.8307593">
        <time>2018-10-06T07:38:28Z</time>
      </trkpt>
      <trkpt lat="26.9573968" lon="75.8311790">
        <time>2018-10-06T07:38:38Z</time>
      </trkpt>
      <trkpt lat="26.9583846" lon="75.8316691">
        <time>2018-10-06T07:38:49Z</time>
      </trkpt>
      <trkpt lat="26.9591184" lon="75.8320535">
        <time>2018-10-06T07:38:59Z</time>
      </trkpt>
      <trkpt lat="26.9597190" lon="75.8321614">
        <time>2018-10-06T07:39:10Z</time>
      </trkpt>
      <trkpt lat="26.9605698" lon="75.8321621">
        <time>2018-10-06T07:39:21Z</time>
      </trkpt>
      <trkpt lat="26.9613089" lon="75.8316010">
        <time>2018-10-06T07:39:31Z</time>
      </trkpt>
      <trkpt lat="26.9618766" lon="75.8315755">
        <time>2018-10-06T07:39:42Z</time>
      </trkpt>
      <trkpt lat="26.9625276" lon="75.8317416">
        <time>2018-10-06T07:39:53Z</time>
      </trkpt>
      <trkpt lat="26.9631655" lon="75.8320883">
        <time>2018-10-06T07:40:04Z</time>
      </trkpt>
      <trkpt lat="26.9638997" lon="75.8324934">
        <time>2018-10-06T07:40:14Z</time>
      </trkpt>
      <trkpt lat="26.9648157" lon="75.8330882">
        <time>2018-10-06T07:40:25Z</time>
      </trkpt>
      <trkpt lat="26.9658831" lon="75.8336085">
        <time>2018-10-06T07:40:36Z</time>
      </trkpt>
      <trkpt lat="26.9667799" lon="75.8338536">
        <time>2018-10-06T07:40:46Z</time>
      </trkpt>
      <trkpt lat="26.9674974" lon="75.8344318">
        <time>2018-10-06T07:40:56Z</time>
      </trkpt>
      <trkpt lat="26.9682353" lon="75.8349066">
        <time>2018-10-06T07:41:07Z</time>
      </trkpt>
      <trkpt lat="26.9689708" lon="75.8351572">
        <time>2018-10-06T07:41:17Z</time>
      </trkpt>
      <trkpt lat="26.9698366" lon="75.8354015">
        <time>2018-10-06T07:41:28Z</time>
      </trkpt>
      <trkpt lat="26.9704579" lon="75.8358270">
        <time>2018-10-06T07:41:39Z</time>
      </trkpt>
      <trkpt lat="26.9708424" lon="75.8360326">
        <time>2018-10-06T07:41:49Z</time>
      </trkpt>
      <trkpt lat="26.9717137" lon="75.8359796">
        <time>2018-10-06T07:41:59Z</time>
      </trkpt>
      <trkpt lat="26.9726166" lon="75.8363044">
        <time>2018-10-06T07:42:09Z</time>
      </trkpt>
      <trkpt lat="26.9733184" lon="75.8370390">
        <time>2018-10-06T07:42:20Z</time>
      </trkpt>
      <trkpt lat="26.9738650" lon="75.8375773">
        <time>2018-10-06T07:42:30Z</time>
      </trkpt>
      <trkpt lat="26.9745309" lon="75.8381226">
        <time>2018-10-06T07:42:41Z</time>
      </trkpt>
      <trkpt lat="26.9745424" lon="75.8384371">
        <time>2018-10-06T07:42:52Z</time>
      </trkpt>
      <trkpt lat="26.9738768" lon="75.8384595">
        <time>2018-10-06T07:43:03Z</time>
      </trkpt>
      <trkpt lat="26.9731953" lon="75.8382006">
        <time>2018-10-06T07:43:13Z</time>
      </trkpt>
      <trkpt lat="26.9725202" lon="75.8378453">
        <time>2018-10-06T07:43:24Z</time>
      </trkpt>
      <trkpt lat="26.9724126" lon="75.8384620">
        <time>2018-10-06T07:43:35Z</time>
      </trkpt>
      <trkpt lat="26.9729397" lon="75.8392457">
        <time>2018-10-06T07:43:45Z</time>
      </trkpt>
      <trkpt lat="26.9734335" lon="75.8401326">
        <time>2018-10-06T07:43:56Z</time>
      </trkpt>
      <trkpt lat="26.9735381" lon="75.8409835">
        <time>2018-10-06T07:44:07Z</time>
      </trkpt>
      <trkpt lat="26.9740154" lon="75.8417907">
        <time>2018-10-06T07:44:18Z</time>
      </trkpt>
      <trkpt lat="26.9744932" lon="75.8425561">
        <time>2018-10-06T07:44:29Z</time>
      </trkpt>
      <trkpt lat="26.9747859" lon="75.8430717">
        <time>2018-10-06T07:44:39Z</time>
      </trkpt>
      <trkpt lat="26.9742809" lon="75.8431871">
        <time>2018-10-06T07:44:50Z</time>
      </trkpt>
      <trkpt lat="26.9735811" lon="75.8428343">
        <time>2018-10-06T07:45:01Z</time>
      </trkpt>
      <trkpt lat="26.9728809" lon="75.8423709">
        <time>2018-10-06T07:45:12Z</time>
      </trkpt>
      <trkpt lat="26.9722044" lon="75.8417995">
        <time>2018-10-06T07:45:22Z</time>
      </trkpt>
      <trkpt lat="26.9717369" lon="75.8417421">
        <time>2018-10-06T07:45:32Z</time>
      </trkpt>
      <trkpt lat="26.9716129" lon="75.8425147">
        <time>2018-10-06T07:45:42Z</time>
      </trkpt>
      <trkpt lat="26.9708703" lon="75.8426894">
        <time>2018-10-06T07:45:53Z</time>
      </trkpt>
      <trkpt lat="26.9713516" lon="75.8431047">
        <time>2018-10-06T07:46:03Z</time>
      </trkpt>
      <trkpt lat="26.9721082" lon="75.8434029">
        <time>2018-10-06T07:46:13Z</time>
      </trkpt>
      <trkpt lat="26.9722353" lon="75.8438728">
        <time>2018-10-06T07:46:24Z</time>
      </trkpt>
      <trkpt lat="26.9714241" lon="75.8437544">
        <time>2018-10-06T07:46:34Z</time>
      </trkpt>
      <trkpt lat="26.9706391" lon="75.8433785">
        <time>2018-10-06T07:46:45Z</time>
      </trkpt>
      <trkpt lat="26.9708423" lon="75.8438178">
        <time>2018-10-06T07:46:56Z</time>
      </trkpt>
      <trkpt lat="26.9715975" lon="75.8442305">
        <time>2018-10-06T07:47:06Z</time>
      </trkpt>
      <trkpt lat="26.9725917" lon="75.8443570">
        <time>2018-10-06T07:47:17Z</time>
      </trkpt>
      <trkpt lat="26.9734013" lon="75.8444841">
        <time>2018-10-06T07:47:27Z</time>
      </trkpt>
      <trkpt lat="26.9736180" lon="75.8447540">
        <time>2018-10-06T07:47:37Z</time>
      </trkpt>
      <trkpt lat="26.9728050" lon="75.8446035">
        <time>2018-10-06T07:47:47Z</time>
      </trkpt>
      <trkpt lat="26.9719486" lon="75.8447837">
        <time>2018-10-06T07:47:58Z</time>
      </trkpt>
      <trkpt lat="26.9711553" lon="75.8448468">
        <time>2018-10-06T07:48:08Z</time>
      </trkpt>
      <trkpt lat="26.9714288" lon="75.8454724">
        <time>2018-10-06T07:48:18Z</time>
      </trkpt>
      <trkpt lat="26.9714856" lon="75.8460434">
        <time>2018-10-06T07:48:29Z</time>
      </trkpt>
      <trkpt lat="26.9709421" lon="75.8466440">
        <time>2018-10-06T07:48:39Z</time>
      </trkpt>
      <trkpt lat="26.9706100" lon="75.8466071">
        <time>2018-10-06T07:48:49Z</time>
      </trkpt>
      <trkpt lat="26.9704674" lon="75.8460039">
        <time>2018-10-06T07:49:00Z</time>
      </trkpt>
      <trkpt lat="26.9703052" lon="75.8460047">
        <time>2018-10-06T07:49:10Z</time>
      </trkpt>
      <trkpt lat="26.9696809" lon="75.8458337">
        <time>2018-10-06T07:49:21Z</time>
      </trkpt>
      <trkpt lat="26.9690852" lon="75.8454577">
        <time>2018-10-06T07:49:31Z</time>
      </trkpt>
      <trkpt lat="26.9684962" lon="75.8459238">
        <time>2018-10-06T07:49:41Z</time>
      </trkpt>
      <trkpt lat="26.9684138" lon="75.8466118">
        <time>2018-10-06T07:49:52Z</time>
      </trkpt>
      <trkpt lat="26.9688201" lon="75.8472076">
        <time>2018-10-06T07:50:03Z</time>
      </trkpt>
      <trkpt lat="26.9680628" lon="75.8473566">
        <time>2018-10-06T07:50:13Z</time>
      </trkpt>
      <trkpt lat="26.9676661" lon="75.8475590">
        <time>2018-10-06T07:50:25Z</time>
      </trkpt>
      <trkpt lat="26.9672634" lon="75.8470333">
        <time>2018-10-06T07:50:36Z</time>
      </trkpt>
      <trkpt lat="26.9665933" lon="75.8464031">
        <time>2018-10-06T07:50:47Z</time>
      </trkpt>
      <trkpt lat="26.9656116" lon="75.8464456">
        <time>2018-10-06T07:50:58Z</time>
      </trkpt>
      <trkpt lat="26.9647363" lon="75.8466852">
        <time>2018-10-06T07:51:08Z</time>
      </trkpt>
      <trkpt lat="26.9638042" lon="75.8464507">
        <time>2018-10-06T07:51:19Z</time>
      </trkpt>
      <trkpt lat="26.9630816" lon="75.8461147">
        <time>2018-10-06T07:51:30Z</time>
      </trkpt>
      <trkpt lat="26.9622804" lon="75.8457528">
        <time>2018-10-06T07:51:41Z</time>
      </trkpt>
      <trkpt lat="26.9613559" lon="75.8453020">
        <time>2018-10-06T07:51:51Z</time>
      </trkpt>
      <trkpt lat="26.9602387" lon="75.8449455">
        <time>2018-10-06T07:52:02Z</time>
      </trkpt>
      <trkpt lat="26.9592898" lon="75.8446250">
        <time>2018-10-06T07:52:12Z</time>
      </trkpt>
      <trkpt lat="26.9585847" lon="75.8442844">
        <time>2018-10-06T07:52:23Z</time>
      </trkpt>
      <trkpt lat="26.9585647" lon="75.8442754">
        <time>2018-10-06T07:52:33Z</time>
      </trkpt>
      <trkpt lat="26.9585433" lon="75.8442936">
        <time>2018-10-06T07:52:43Z</time>
      </trkpt>
      <trkpt lat="26.9585433" lon="75.8442936">
        <time>2018-10-06T07:52:53Z</time>
      </trkpt>
      <trkpt lat="26.9585433" lon="75.8442936">
        <time>2018-10-06T07:53:03Z</time>
      </trkpt>
      <trkpt lat="26.9585433" lon="75.8442936">
        <time>2018-10-06T07:53:14Z</time>
      </trkpt>
      <trkpt lat="26.9585497" lon="75.8442998">
        <time>2018-10-06T07:53:24Z</time>
      </trkpt>
      <trkpt lat="26.9584811" lon="75.8443077">
        <time>2018-10-06T07:53:35Z</time>
      </trkpt>
      <trkpt lat="26.9585077" lon="75.8443174">
        <time>2018-10-06T07:53:46Z</time>
      </trkpt>
      <trkpt lat="26.9585829" lon="75.8443284">
        <time>2018-10-06T07:53:56Z</time>
      </trkpt>
      <trkpt lat="26.9585833" lon="75.8443284">
        <time>2018-10-06T07:54:07Z</time>
      </trkpt>
      <trkpt lat="26.9585833" lon="75.8443284">
        <time>2018-10-06T07:54:17Z</time>
      </trkpt>
      <trkpt lat="26.9585833" lon="75.8443284">
        <time>2018-10-06T07:54:28Z</time>
      </trkpt>
      <trkpt lat="26.9584697" lon="75.8442729">
        <time>2018-10-06T07:54:39Z</time>
      </trkpt>
      <trkpt lat="26.9584554" lon="75.8442621">
        <time>2018-10-06T07:54:50Z</time>
      </trkpt>
      <trkpt lat="26.9583319" lon="75.8441978">
        <time>2018-10-06T07:55:00Z</time>
      </trkpt>
      <trkpt lat="26.9582226" lon="75.8441450">
        <time>2018-10-06T07:55:10Z</time>
      </trkpt>
      <trkpt lat="26.9581305" lon="75.8441081">
        <time>2018-10-06T07:55:21Z</time>
      </trkpt>
      <trkpt lat="26.9580278" lon="75.8442020">
        <time>2018-10-06T07:55:32Z</time>
      </trkpt>
      <trkpt lat="26.9578937" lon="75.8442130">
        <time>2018-10-06T07:55:42Z</time>
      </trkpt>
      <trkpt lat="26.9577886" lon="75.8441865">
        <time>2018-10-06T07:55:52Z</time>
      </trkpt>
      <trkpt lat="26.9577574" lon="75.8441833">
        <time>2018-10-06T07:56:03Z</time>
      </trkpt>
      <trkpt lat="26.9577574" lon="75.8441833">
        <time>2018-10-06T07:56:14Z</time>
      </trkpt>
      <trkpt lat="26.9577574" lon="75.8441833">
        <time>2018-10-06T07:56:24Z</time>
      </trkpt>
      <trkpt lat="26.9577469" lon="75.8441705">
        <time>2018-10-06T07:56:34Z</time>
      </trkpt>
      <trkpt lat="26.9577159" lon="75.8441436">
        <time>2018-10-06T07:56:44Z</time>
      </trkpt>
      <trkpt lat="26.9576177" lon="75.8440880">
        <time>2018-10-06T07:56:54Z</time>
      </trkpt>
      <trkpt lat="26.9574836" lon="75.8440347">
        <time>2018-10-06T07:57:05Z</time>
      </trkpt>
      <trkpt lat="26.9573406" lon="75.8439662">
        <time>2018-10-06T07:57:16Z</time>
      </trkpt>
      <trkpt lat="26.9572159" lon="75.8438964">
        <time>2018-10-06T07:57:27Z</time>
      </trkpt>
      <trkpt lat="26.9571540" lon="75.8438701">
        <time>2018-10-06T07:57:37Z</time>
      </trkpt>
      <trkpt lat="26.9571404" lon="75.8438628">
        <time>2018-10-06T07:57:47Z</time>
      </trkpt>
      <trkpt lat="26.9570930" lon="75.8438502">
        <time>2018-10-06T07:57:57Z</time>
      </trkpt>
      <trkpt lat="26.9570928" lon="75.8438471">
        <time>2018-10-06T07:58:08Z</time>
      </trkpt>
      <trkpt lat="26.9570928" lon="75.8438471">
        <time>2018-10-06T07:58:18Z</time>
      </trkpt>
      <trkpt lat="26.9570928" lon="75.8438471">
        <time>2018-10-06T07:58:29Z</time>
      </trkpt>
      <trkpt lat="26.9570928" lon="75.8438471">
        <time>2018-10-06T07:58:40Z</time>
      </trkpt>
      <trkpt lat="26.9570892" lon="75.8438533">
        <time>2018-10-06T07:58:51Z</time>
      </trkpt>
      <trkpt lat="26.9570882" lon="75.8438503">
        <time>2018-10-06T07:59:02Z</time>
      </trkpt>
      <trkpt lat="26.9569691" lon="75.8438057">
        <time>2018-10-06T07:59:12Z</time>
      </trkpt>
      <trkpt lat="26.9568417" lon="75.8437435">
        <time>2018-10-06T07:59:23Z</time>
      </trkpt>
      <trkpt lat="26.9566818" lon="75.8436894">
        <time>2018-10-06T07:59:34Z</time>
      </trkpt>
      <trkpt lat="26.9565456" lon="75.8436303">
        <time>2018-10-06T07:59:45Z</time>
      </trkpt>
      <trkpt lat="26.9564525" lon="75.8435944">
        <time>2018-10-06T07:59:55Z</time>
      </trkpt>
      <trkpt lat="26.9564498" lon="75.8435946">
        <time>2018-10-06T08:00:06Z</time>
      </trkpt>
      <trkpt lat="26.9564498" lon="75.8435946">
        <time>2018-10-06T08:00:17Z</time>
      </trkpt>
      <trkpt lat="26.9564498" lon="75.8435946">
        <time>2018-10-06T08:00:28Z</time>
      </trkpt>
      <trkpt lat="26.9564055" lon="75.8435711">
        <time>2018-10-06T08:00:38Z</time>
      </trkpt>
      <trkpt lat="26.9562925" lon="75.8435170">
        <time>2018-10-06T08:00:48Z</time>
      </trkpt>
      <trkpt lat="26.9561832" lon="75.8434699">
        <time>2018-10-06T08:00:59Z</time>
      </trkpt>
      <trkpt lat="26.9560616" lon="75.8433901">
        <time>2018-10-06T08:01:10Z</time>
      </trkpt>
      <trkpt lat="26.9559596" lon="75.8433053">
        <time>2018-10-06T08:01:20Z</time>
      </trkpt>
      <trkpt lat="26.9558342" lon="75.8432725">
        <time>2018-10-06T08:01:31Z</time>
      </trkpt>
      <trkpt lat="26.9557259" lon="75.8432172">
        <time>2018-10-06T08:01:41Z</time>
      </trkpt>
      <trkpt lat="26.9555866" lon="75.8431644">
        <time>2018-10-06T08:01:52Z</time>
      </trkpt>
      <trkpt lat="26.9554763" lon="75.8431242">
        <time>2018-10-06T08:02:02Z</time>
      </trkpt>
      <trkpt lat="26.9553419" lon="75.8430790">
        <time>2018-10-06T08:02:13Z</time>
      </trkpt>
      <trkpt lat="26.9552290" lon="75.8430447">
        <time>2018-10-06T08:02:23Z</time>
      </trkpt>
      <trkpt lat="26.9550997" lon="75.8430175">
        <time>2018-10-06T08:02:34Z</time>
      </trkpt>
      <trkpt lat="26.9549721" lon="75.8429989">
        <time>2018-10-06T08:02:44Z</time>
      </trkpt>
      <trkpt lat="26.9548496" lon="75.8429580">
        <time>2018-10-06T08:02:55Z</time>
      </trkpt>
      <trkpt lat="26.9547173" lon="75.8429153">
        <time>2018-10-06T08:03:06Z</time>
      </trkpt>
      <trkpt lat="26.9546010" lon="75.8428712">
        <time>2018-10-06T08:03:16Z</time>
      </trkpt>
      <trkpt lat="26.9545496" lon="75.8427313">
        <time>2018-10-06T08:03:27Z</time>
      </trkpt>
      <trkpt lat="26.9545582" lon="75.8426554">
        <time>2018-10-06T08:03:37Z</time>
      </trkpt>
      <trkpt lat="26.9544338" lon="75.8426163">
        <time>2018-10-06T08:03:47Z</time>
      </trkpt>
      <trkpt lat="26.9543197" lon="75.8425967">
        <time>2018-10-06T08:03:58Z</time>
      </trkpt>
      <trkpt lat="26.9541935" lon="75.8425496">
        <time>2018-10-06T08:04:09Z</time>
      </trkpt>
      <trkpt lat="26.9540620" lon="75.8424890">
        <time>2018-10-06T08:04:19Z</time>
      </trkpt>
      <trkpt lat="26.9541041" lon="75.8423547">
        <time>2018-10-06T08:04:29Z</time>
      </trkpt>
      <trkpt lat="26.9541151" lon="75.8422285">
        <time>2018-10-06T08:04:40Z</time>
      </trkpt>
      <trkpt lat="26.9540009" lon="75.8421871">
        <time>2018-10-06T08:04:50Z</time>
      </trkpt>
      <trkpt lat="26.9538687" lon="75.8421761">
        <time>2018-10-06T08:05:00Z</time>
      </trkpt>
      <trkpt lat="26.9537347" lon="75.8421188">
        <time>2018-10-06T08:05:11Z</time>
      </trkpt>
      <trkpt lat="26.9536195" lon="75.8420654">
        <time>2018-10-06T08:05:22Z</time>
      </trkpt>
      <trkpt lat="26.9534864" lon="75.8420249">
        <time>2018-10-06T08:05:32Z</time>
      </trkpt>
      <trkpt lat="26.9533635" lon="75.8419711">
        <time>2018-10-06T08:05:43Z</time>
      </trkpt>
      <trkpt lat="26.9532428" lon="75.8419050">
        <time>2018-10-06T08:05:53Z</time>
      </trkpt>
      <trkpt lat="26.9531321" lon="75.8418542">
        <time>2018-10-06T08:06:04Z</time>
      </trkpt>
      <trkpt lat="26.9530237" lon="75.8417876">
        <time>2018-10-06T08:06:14Z</time>
      </trkpt>
      <trkpt lat="26.9529100" lon="75.8417191">
        <time>2018-10-06T08:06:24Z</time>
      </trkpt>
      <trkpt lat="26.9528032" lon="75.8416731">
        <time>2018-10-06T08:06:34Z</time>
      </trkpt>
      <trkpt lat="26.9526688" lon="75.8416498">
        <time>2018-10-06T08:06:45Z</time>
      </trkpt>
      <trkpt lat="26.9525550" lon="75.8416254">
        <time>2018-10-06T08:06:56Z</time>
      </trkpt>
      <trkpt lat="26.9524325" lon="75.8416354">
        <time>2018-10-06T08:07:07Z</time>
      </trkpt>
      <trkpt lat="26.9522705" lon="75.8416144">
        <time>2018-10-06T08:07:18Z</time>
      </trkpt>
      <trkpt lat="26.9521286" lon="75.8415852">
        <time>2018-10-06T08:07:29Z</time>
      </trkpt>
      <trkpt lat="26.9520050" lon="75.8415557">
        <time>2018-10-06T08:07:39Z</time>
      </trkpt>
      <trkpt lat="26.9519102" lon="75.8415204">
        <time>2018-10-06T08:07:50Z</time>
      </trkpt>
      <trkpt lat="26.9517750" lon="75.8414710">
        <time>2018-10-06T08:08:01Z</time>
      </trkpt>
      <trkpt lat="26.9516500" lon="75.8414509">
        <time>2018-10-06T08:08:11Z</time>
      </trkpt>
      <trkpt lat="26.9515098" lon="75.8414050">
        <time>2018-10-06T08:08:22Z</time>
      </trkpt>
      <trkpt lat="26.9513791" lon="75.8413448">
        <time>2018-10-06T08:08:32Z</time>
      </trkpt>
      <trkpt lat="26.9512495" lon="75.8412742">
        <time>2018-10-06T08:08:43Z</time>
      </trkpt>
      <trkpt lat="26.9511298" lon="75.8412164">
        <time>2018-10-06T08:08:53Z</time>
      </trkpt>
      <trkpt lat="26.9510145" lon="75.8411940">
        <time>2018-10-06T08:09:03Z</time>
      </trkpt>
      <trkpt lat="26.9508850" lon="75.8411571">
        <time>2018-10-06T08:09:13Z</time>
      </trkpt>
      <trkpt lat="26.9507272" lon="75.8411297">
        <time>2018-10-06T08:09:24Z</time>
      </trkpt>
      <trkpt lat="26.9505841" lon="75.8410992">
        <time>2018-10-06T08:09:35Z</time>
      </trkpt>
      <trkpt lat="26.9505595" lon="75.8409966">
        <time>2018-10-06T08:09:46Z</time>
      </trkpt>
      <trkpt lat="26.9505943" lon="75.8408580">
        <time>2018-10-06T08:09:56Z</time>
      </trkpt>
      <trkpt lat="26.9506322" lon="75.8407134">
        <time>2018-10-06T08:10:06Z</time>
      </trkpt>
      <trkpt lat="26.9506629" lon="75.8405734">
        <time>2018-10-06T08:10:16Z</time>
      </trkpt>
      <trkpt lat="26.9507017" lon="75.8404312">
        <time>2018-10-06T08:10:27Z</time>
      </trkpt>
      <trkpt lat="26.9507248" lon="75.8403106">
        <time>2018-10-06T08:10:37Z</time>
      </trkpt>
      <trkpt lat="26.9507795" lon="75.8401632">
        <time>2018-10-06T08:10:48Z</time>
      </trkpt>
      <trkpt lat="26.9508195" lon="75.8400421">
        <time>2018-10-06T08:10:58Z</time>
      </trkpt>
      <trkpt lat="26.9508194" lon="75.8399983">
        <time>2018-10-06T08:11:09Z</time>
      </trkpt>
      <trkpt lat="26.9508194" lon="75.8399983">
        <time>2018-10-06T08:11:19Z</time>
      </trkpt>
      <trkpt lat="26.9508194" lon="75.8399983">
        <time>2018-10-06T08:11:30Z</time>
      </trkpt>
      <trkpt lat="26.9508624" lon="75.8399372">
        <time>2018-10-06T08:11:40Z</time>
      </trkpt>
      <trkpt lat="26.9508834" lon="75.8398038">
        <time>2018-10-06T08:11:51Z</time>
      </trkpt>
      <trkpt lat="26.9509322" lon="75.8396769">
        <time>2018-10-06T08:12:01Z</time>
      </trkpt>
      <trkpt lat="26.9509785" lon="75.8395200">
        <time>2018-10-06T08:12:12Z</time>
      </trkpt>
      <trkpt lat="26.9510086" lon="75.8393797">
        <time>2018-10-06T08:12:22Z</time>
      </trkpt>
      <trkpt lat="26.9510403" lon="75.8392260">
        <time>2018-10-06T08:12:33Z</time>
      </trkpt>
      <trkpt lat="26.9510653" lon="75.8390991">
        <time>2018-10-06T08:12:44Z</time>
      </trkpt>
      <trkpt lat="26.9511027" lon="75.8389542">
        <time>2018-10-06T08:12:54Z</time>
      </trkpt>
      <trkpt lat="26.9511300" lon="75.8388074">
        <time>2018-10-06T08:13:05Z</time>
      </trkpt>
      <trkpt lat="26.9511399" lon="75.8386852">
        <time>2018-10-06T08:13:15Z</time>
      </trkpt>
      <trkpt lat="26.9510682" lon="75.8385605">
        <time>2018-10-06T08:13:26Z</time>
      </trkpt>
      <trkpt lat="26.9509239" lon="75.8385745">
        <time>2018-10-06T08:13:38Z</time>
      </trkpt>
      <trkpt lat="26.9507877" lon="75.8385068">
        <time>2018-10-06T08:13:48Z</time>
      </trkpt>
      <trkpt lat="26.9506658" lon="75.8384615">
        <time>2018-10-06T08:13:59Z</time>
      </trkpt>
      <trkpt lat="26.9505534" lon="75.8384116">
        <time>2018-10-06T08:14:09Z</time>
      </trkpt>
      <trkpt lat="26.9504324" lon="75.8383516">
        <time>2018-10-06T08:14:20Z</time>
      </trkpt>
      <trkpt lat="26.9503238" lon="75.8382981">
        <time>2018-10-06T08:14:30Z</time>
      </trkpt>
      <trkpt lat="26.9502016" lon="75.8382869">
        <time>2018-10-06T08:14:41Z</time>
      </trkpt>
      <trkpt lat="26.9500650" lon="75.8382356">
        <time>2018-10-06T08:14:52Z</time>
      </trkpt>
      <trkpt lat="26.9499586" lon="75.8382181">
        <time>2018-10-06T08:15:03Z</time>
      </trkpt>
      <trkpt lat="26.9498055" lon="75.8381966">
        <time>2018-10-06T08:15:13Z</time>
      </trkpt>
      <trkpt lat="26.9497478" lon="75.8380569">
        <time>2018-10-06T08:15:24Z</time>
      </trkpt>
      <trkpt lat="26.9497452" lon="75.8379066">
        <time>2018-10-06T08:15:35Z</time>
      </trkpt>
      <trkpt lat="26.9497084" lon="75.8378128">
        <time>2018-10-06T08:15:45Z</time>
      </trkpt>
      <trkpt lat="26.9496938" lon="75.8377257">
        <time>2018-10-06T08:15:55Z</time>
      </trkpt>
      <trkpt lat="26.9496663" lon="75.8376072">
        <time>2018-10-06T08:16:06Z</time>
      </trkpt>
      <trkpt lat="26.9496214" lon="75.8375698">
        <time>2018-10-06T08:16:17Z</time>
      </trkpt>
      <trkpt lat="26.9496153" lon="75.8376129">
        <time>2018-10-06T08:16:27Z</time>
      </trkpt>
      <trkpt lat="26.9495712" lon="75.8376108">
        <time>2018-10-06T08:16:38Z</time>
      </trkpt>
      <trkpt lat="26.9495663" lon="75.8376062">
        <time>2018-10-06T08:16:48Z</time>
      </trkpt>
      <trkpt lat="26.9495418" lon="75.8376526">
        <time>2018-10-06T08:17:01Z</time>
      </trkpt>
      <trkpt lat="26.9495553" lon="75.8376922">
        <time>2018-10-06T08:17:11Z</time>
      </trkpt>
      <trkpt lat="26.9495408" lon="75.8376322">
        <time>2018-10-06T08:17:22Z</time>
      </trkpt>
      <trkpt lat="26.9495481" lon="75.8376626">
        <time>2018-10-06T08:17:40Z</time>
      </trkpt>
      <trkpt lat="26.9495211" lon="75.8377233">
        <time>2018-10-06T08:17:50Z</time>
      </trkpt>
      <trkpt lat="26.9495603" lon="75.8376593">
        <time>2018-10-06T08:18:00Z</time>
      </trkpt>
      <trkpt lat="26.9495907" lon="75.8376792">
        <time>2018-10-06T08:18:11Z</time>
      </trkpt>
      <trkpt lat="26.9495971" lon="75.8376486">
        <time>2018-10-06T08:18:21Z</time>
      </trkpt>
      <trkpt lat="26.9495819" lon="75.8376370">
        <time>2018-10-06T08:18:32Z</time>
      </trkpt>
      <trkpt lat="26.9495987" lon="75.8377108">
        <time>2018-10-06T08:19:40Z</time>
      </trkpt>
      <trkpt lat="26.9495566" lon="75.8376313">
        <time>2018-10-06T08:19:50Z</time>
      </trkpt>
      <trkpt lat="26.9495933" lon="75.8377047">
        <time>2018-10-06T08:20:01Z</time>
      </trkpt>
      <trkpt lat="26.9496551" lon="75.8376512">
        <time>2018-10-06T08:20:12Z</time>
      </trkpt>
      <trkpt lat="26.9495133" lon="75.8374482">
        <time>2018-10-06T08:20:22Z</time>
      </trkpt>
      <trkpt lat="26.9494671" lon="75.8375319">
        <time>2018-10-06T08:20:33Z</time>
      </trkpt>
      <trkpt lat="26.9494879" lon="75.8375181">
        <time>2018-10-06T08:20:44Z</time>
      </trkpt>
      <trkpt lat="26.9494765" lon="75.8376792">
        <time>2018-10-06T08:20:54Z</time>
      </trkpt>
      <trkpt lat="26.9496677" lon="75.8376327">
        <time>2018-10-06T08:21:04Z</time>
      </trkpt>
      <trkpt lat="26.9496313" lon="75.8376077">
        <time>2018-10-06T08:21:14Z</time>
      </trkpt>
      <trkpt lat="26.9496005" lon="75.8376156">
        <time>2018-10-06T08:21:24Z</time>
      </trkpt>
      <trkpt lat="26.9495371" lon="75.8375916">
        <time>2018-10-06T08:21:35Z</time>
      </trkpt>
    </trkseg>
  </trk>
  <trk>
    <trkseg>
      <trkpt lat="26.9262583" lon="75.8269802">
        <time>2018-10-04T08:52:44Z</time>
      </trkpt>
      <trkpt lat="26.9262906" lon="75.8268495">
        <time>2018-10-04T08:52:55Z</time>
      </trkpt>
      <trkpt lat="26.9263164" lon="75.8267714">
        <time>2018-10-04T08:53:05Z</time>
      </trkpt>
      <trkpt lat="26.9263018" lon="75.8267290">
        <time>2018-10-04T08:53:16Z</time>
      </trkpt>
      <trkpt lat="26.9263543" lon="75.8266342">
        <time>2018-10-04T08:53:27Z</time>
      </trkpt>
      <trkpt lat="26.9263891" lon="75.8264806">
        <time>2018-10-04T08:53:37Z</time>
      </trkpt>
      <trkpt lat="26.9264425" lon="75.8263260">
        <time>2018-10-04T08:53:48Z</time>
      </trkpt>
      <trkpt lat="26.9264909" lon="75.8261824">
        <time>2018-10-04T08:53:59Z</time>
      </trkpt>
      <trkpt lat="26.9265122" lon="75.8260178">
        <time>2018-10-04T08:54:09Z</time>
      </trkpt>
      <trkpt lat="26.9265399" lon="75.8258899">
        <time>2018-10-04T08:54:20Z</time>
      </trkpt>
      <trkpt lat="26.9265689" lon="75.8257711">
        <time>2018-10-04T08:54:31Z</time>
      </trkpt>
      <trkpt lat="26.9266446" lon="75.8256716">
        <time>2018-10-04T08:54:42Z</time>
      </trkpt>
      <trkpt lat="26.9267230" lon="75.8256417">
        <time>2018-10-04T08:54:53Z</time>
      </trkpt>
      <trkpt lat="26.9268342" lon="75.8256909">
        <time>2018-10-04T08:55:03Z</time>
      </trkpt>
      <trkpt lat="26.9269342" lon="75.8257240">
        <time>2018-10-04T08:55:14Z</time>
      </trkpt>
      <trkpt lat="26.9270325" lon="75.8257676">
        <time>2018-10-04T08:55:24Z</time>
      </trkpt>
      <trkpt lat="26.9271469" lon="75.8258051">
        <time>2018-10-04T08:55:34Z</time>
      </trkpt>
      <trkpt lat="26.9272762" lon="75.8258576">
        <time>2018-10-04T08:55:45Z</time>
      </trkpt>
      <trkpt lat="26.9273464" lon="75.8258742">
        <time>2018-10-04T08:55:56Z</time>
      </trkpt>
      <trkpt lat="26.9274130" lon="75.8258562">
        <time>2018-10-04T08:56:07Z</time>
      </trkpt>
      <trkpt lat="26.9274856" lon="75.8257926">
        <time>2018-10-04T08:56:17Z</time>
      </trkpt>
      <trkpt lat="26.9275003" lon="75.8257557">
        <time>2018-10-04T08:56:28Z</time>
      </trkpt>
      <trkpt lat="26.9275244" lon="75.8257534">
        <time>2018-10-04T08:56:39Z</time>
      </trkpt>
      <trkpt lat="26.9275310" lon="75.8257453">
        <time>2018-10-04T08:56:49Z</time>
      </trkpt>
      <trkpt lat="26.9275352" lon="75.8257395">
        <time>2018-10-04T08:57:00Z</time>
      </trkpt>
      <trkpt lat="26.9275395" lon="75.8257569">
        <time>2018-10-04T08:57:10Z</time>
      </trkpt>
      <trkpt lat="26.9275395" lon="75.8257569">
        <time>2018-10-04T08:57:21Z</time>
      </trkpt>
      <trkpt lat="26.9275395" lon="75.8257569">
        <time>2018-10-04T08:57:32Z</time>
      </trkpt>
      <trkpt lat="26.9275395" lon="75.8257569">
        <time>2018-10-04T08:57:42Z</time>
      </trkpt>
      <trkpt lat="26.9275863" lon="75.8257883">
        <time>2018-10-04T08:57:53Z</time>
      </trkpt>
      <trkpt lat="26.9275734" lon="75.8257491">
        <time>2018-10-04T08:58:03Z</time>
      </trkpt>
      <trkpt lat="26.9275570" lon="75.8258068">
        <time>2018-10-04T08:58:14Z</time>
      </trkpt>
      <trkpt lat="26.9274990" lon="75.8259229">
        <time>2018-10-04T08:58:25Z</time>
      </trkpt>
      <trkpt lat="26.9273873" lon="75.8258758">
        <time>2018-10-04T08:58:35Z</time>
      </trkpt>
      <trkpt lat="26.9272164" lon="75.8257712">
        <time>2018-10-04T08:58:47Z</time>
      </trkpt>
      <trkpt lat="26.9271066" lon="75.8257344">
        <time>2018-10-04T08:58:57Z</time>
      </trkpt>
      <trkpt lat="26.9269434" lon="75.8257170">
        <time>2018-10-04T08:59:08Z</time>
      </trkpt>
      <trkpt lat="26.9268112" lon="75.8256673">
        <time>2018-10-04T08:59:19Z</time>
      </trkpt>
      <trkpt lat="26.9266946" lon="75.8256388">
        <time>2018-10-04T08:59:30Z</time>
      </trkpt>
      <trkpt lat="26.9265953" lon="75.8255293">
        <time>2018-10-04T08:59:40Z</time>
      </trkpt>
      <trkpt lat="26.9265873" lon="75.8254070">
        <time>2018-10-04T08:59:50Z</time>
      </trkpt>
      <trkpt lat="26.9266163" lon="75.8252824">
        <time>2018-10-04T09:00:00Z</time>
      </trkpt>
      <trkpt lat="26.9266046" lon="75.8251602">
        <time>2018-10-04T09:00:11Z</time>
      </trkpt>
      <trkpt lat="26.9266129" lon="75.8251663">
        <time>2018-10-04T09:00:21Z</time>
      </trkpt>
      <trkpt lat="26.9266240" lon="75.8250515">
        <time>2018-10-04T09:00:32Z</time>
      </trkpt>
      <trkpt lat="26.9266650" lon="75.8249674">
        <time>2018-10-04T09:00:43Z</time>
      </trkpt>
      <trkpt lat="26.9266769" lon="75.8248878">
        <time>2018-10-04T09:00:53Z</time>
      </trkpt>
      <trkpt lat="26.9266769" lon="75.8248878">
        <time>2018-10-04T09:01:04Z</time>
      </trkpt>
      <trkpt lat="26.9266644" lon="75.8248649">
        <time>2018-10-04T09:01:14Z</time>
      </trkpt>
      <trkpt lat="26.9266352" lon="75.8248260">
        <time>2018-10-04T09:01:25Z</time>
      </trkpt>
      <trkpt lat="26.9266201" lon="75.8248356">
        <time>2018-10-04T09:01:37Z</time>
      </trkpt>
      <trkpt lat="26.9266313" lon="75.8248131">
        <time>2018-10-04T09:01:47Z</time>
      </trkpt>
      <trkpt lat="26.9266249" lon="75.8247732">
        <time>2018-10-04T09:01:58Z</time>
      </trkpt>
      <trkpt lat="26.9266411" lon="75.8247285">
        <time>2018-10-04T09:02:08Z</time>
      </trkpt>
      <trkpt lat="26.9266411" lon="75.8247285">
        <time>2018-10-04T09:02:19Z</time>
      </trkpt>
      <trkpt lat="26.9266475" lon="75.8247500">
        <time>2018-10-04T09:02:29Z</time>
      </trkpt>
      <trkpt lat="26.9266698" lon="75.8247542">
        <time>2018-10-04T09:02:40Z</time>
      </trkpt>
      <trkpt lat="26.9266420" lon="75.8248680">
        <time>2018-10-04T09:02:51Z</time>
      </trkpt>
      <trkpt lat="26.9266463" lon="75.8250126">
        <time>2018-10-04T09:03:01Z</time>
      </trkpt>
      <trkpt lat="26.9265859" lon="75.8250834">
        <time>2018-10-04T09:03:12Z</time>
      </trkpt>
      <trkpt lat="26.9264564" lon="75.8250180">
        <time>2018-10-04T09:03:22Z</time>
      </trkpt>
      <trkpt lat="26.9263413" lon="75.8250245">
        <time>2018-10-04T09:03:33Z</time>
      </trkpt>
      <trkpt lat="26.9262285" lon="75.8249586">
        <time>2018-10-04T09:03:43Z</time>
      </trkpt>
      <trkpt lat="26.9261542" lon="75.8250033">
        <time>2018-10-04T09:03:53Z</time>
      </trkpt>
      <trkpt lat="26.9260667" lon="75.8250476">
        <time>2018-10-04T09:04:03Z</time>
      </trkpt>
      <trkpt lat="26.9259721" lon="75.8251716">
        <time>2018-10-04T09:04:14Z</time>
      </trkpt>
      <trkpt lat="26.9259031" lon="75.8253042">
        <time>2018-10-04T09:04:24Z</time>
      </trkpt>
      <trkpt lat="26.9258246" lon="75.8254506">
        <time>2018-10-04T09:04:34Z</time>
      </trkpt>
      <trkpt lat="26.9256907" lon="75.8254133">
        <time>2018-10-04T09:04:45Z</time>
      </trkpt>
      <trkpt lat="26.9256423" lon="75.8253075">
        <time>2018-10-04T09:04:55Z</time>
      </trkpt>
      <trkpt lat="26.9255057" lon="75.8252510">
        <time>2018-10-04T09:05:06Z</time>
      </trkpt>
      <trkpt lat="26.9254883" lon="75.8251928">
        <time>2018-10-04T09:05:17Z</time>
      </trkpt>
      <trkpt lat="26.9254350" lon="75.8251247">
        <time>2018-10-04T09:05:28Z</time>
      </trkpt>
      <trkpt lat="26.9254332" lon="75.8250147">
        <time>2018-10-04T09:05:38Z</time>
      </trkpt>
      <trkpt lat="26.9254379" lon="75.8248976">
        <time>2018-10-04T09:05:48Z</time>
      </trkpt>
      <trkpt lat="26.9254601" lon="75.8247752">
        <time>2018-10-04T09:05:58Z</time>
      </trkpt>
      <trkpt lat="26.9254607" lon="75.8247764">
        <time>2018-10-04T09:06:09Z</time>
      </trkpt>
      <trkpt lat="26.9254607" lon="75.8247764">
        <time>2018-10-04T09:06:19Z</time>
      </trkpt>
      <trkpt lat="26.9254607" lon="75.8247764">
        <time>2018-10-04T09:06:30Z</time>
      </trkpt>
      <trkpt lat="26.9254717" lon="75.8247442">
        <time>2018-10-04T09:06:41Z</time>
      </trkpt>
      <trkpt lat="26.9254770" lon="75.8247259">
        <time>2018-10-04T09:06:51Z</time>
      </trkpt>
      <trkpt lat="26.9254938" lon="75.8245955">
        <time>2018-10-04T09:07:02Z</time>
      </trkpt>
      <trkpt lat="26.9254928" lon="75.8244650">
        <time>2018-10-04T09:07:13Z</time>
      </trkpt>
      <trkpt lat="26.9254010" lon="75.8243736">
        <time>2018-10-04T09:07:24Z</time>
      </trkpt>
      <trkpt lat="26.9252759" lon="75.8243423">
        <time>2018-10-04T09:07:34Z</time>
      </trkpt>
      <trkpt lat="26.9251663" lon="75.8242537">
        <time>2018-10-04T09:07:45Z</time>
      </trkpt>
      <trkpt lat="26.9251482" lon="75.8241446">
        <time>2018-10-04T09:07:55Z</time>
      </trkpt>
      <trkpt lat="26.9251681" lon="75.8240154">
        <time>2018-10-04T09:08:05Z</time>
      </trkpt>
      <trkpt lat="26.9251917" lon="75.8238981">
        <time>2018-10-04T09:08:15Z</time>
      </trkpt>
      <trkpt lat="26.9252035" lon="75.8237486">
        <time>2018-10-04T09:08:26Z</time>
      </trkpt>
      <trkpt lat="26.9252317" lon="75.8236686">
        <time>2018-10-04T09:08:37Z</time>
      </trkpt>
      <trkpt lat="26.9252149" lon="75.8235885">
        <time>2018-10-04T09:08:47Z</time>
      </trkpt>
      <trkpt lat="26.9252093" lon="75.8234327">
        <time>2018-10-04T09:08:58Z</time>
      </trkpt>
      <trkpt lat="26.9252363" lon="75.8233379">
        <time>2018-10-04T09:09:08Z</time>
      </trkpt>
      <trkpt lat="26.9251875" lon="75.8232262">
        <time>2018-10-04T09:09:18Z</time>
      </trkpt>
      <trkpt lat="26.9250939" lon="75.8231551">
        <time>2018-10-04T09:09:29Z</time>
      </trkpt>
      <trkpt lat="26.9250472" lon="75.8231409">
        <time>2018-10-04T09:09:40Z</time>
      </trkpt>
      <trkpt lat="26.9250054" lon="75.8230856">
        <time>2018-10-04T09:09:51Z</time>
      </trkpt>
      <trkpt lat="26.9248950" lon="75.8229999">
        <time>2018-10-04T09:10:02Z</time>
      </trkpt>
      <trkpt lat="26.9247823" lon="75.8229254">
        <time>2018-10-04T09:10:13Z</time>
      </trkpt>
      <trkpt lat="26.9247136" lon="75.8228209">
        <time>2018-10-04T09:10:23Z</time>
      </trkpt>
      <trkpt lat="26.9247019" lon="75.8228426">
        <time>2018-10-04T09:10:34Z</time>
      </trkpt>
      <trkpt lat="26.9247019" lon="75.8228426">
        <time>2018-10-04T09:10:44Z</time>
      </trkpt>
      <trkpt lat="26.9247019" lon="75.8228426">
        <time>2018-10-04T09:10:55Z</time>
      </trkpt>
      <trkpt lat="26.9246991" lon="75.8228429">
        <time>2018-10-04T09:11:05Z</time>
      </trkpt>
      <trkpt lat="26.9247201" lon="75.8227634">
        <time>2018-10-04T09:11:16Z</time>
      </trkpt>
      <trkpt lat="26.9247246" lon="75.8227376">
        <time>2018-10-04T09:11:27Z</time>
      </trkpt>
      <trkpt lat="26.9247246" lon="75.8227376">
        <time>2018-10-04T09:11:38Z</time>
      </trkpt>
      <trkpt lat="26.9247230" lon="75.8226730">
        <time>2018-10-04T09:11:48Z</time>
      </trkpt>
      <trkpt lat="26.9247644" lon="75.8225202">
        <time>2018-10-04T09:11:59Z</time>
      </trkpt>
      <trkpt lat="26.9247657" lon="75.8225192">
        <time>2018-10-04T09:12:10Z</time>
      </trkpt>
      <trkpt lat="26.9247646" lon="75.8224513">
        <time>2018-10-04T09:12:20Z</time>
      </trkpt>
      <trkpt lat="26.9246842" lon="75.8224232">
        <time>2018-10-04T09:12:31Z</time>
      </trkpt>
      <trkpt lat="26.9246184" lon="75.8223609">
        <time>2018-10-04T09:12:41Z</time>
      </trkpt>
      <trkpt lat="26.9246187" lon="75.8222451">
        <time>2018-10-04T09:12:52Z</time>
      </trkpt>
      <trkpt lat="26.9246334" lon="75.8221125">
        <time>2018-10-04T09:13:03Z</time>
      </trkpt>
      <trkpt lat="26.9246644" lon="75.8219764">
        <time>2018-10-04T09:13:13Z</time>
      </trkpt>
      <trkpt lat="26.9246943" lon="75.8218321">
        <time>2018-10-04T09:13:23Z</time>
      </trkpt>
      <trkpt lat="26.9247311" lon="75.8216888">
        <time>2018-10-04T09:13:34Z</time>
      </trkpt>
      <trkpt lat="26.9247545" lon="75.8215625">
        <time>2018-10-04T09:13:45Z</time>
      </trkpt>
      <trkpt lat="26.9247838" lon="75.8214363">
        <time>2018-10-04T09:13:55Z</time>
      </trkpt>
      <trkpt lat="26.9248118" lon="75.8212998">
        <time>2018-10-04T09:14:05Z</time>
      </trkpt>
      <trkpt lat="26.9248349" lon="75.8211864">
        <time>2018-10-04T09:14:16Z</time>
      </trkpt>
      <trkpt lat="26.9248610" lon="75.8210296">
        <time>2018-10-04T09:14:26Z</time>
      </trkpt>
      <trkpt lat="26.9248713" lon="75.8209193">
        <time>2018-10-04T09:14:36Z</time>
      </trkpt>
      <trkpt lat="26.9249261" lon="75.8207927">
        <time>2018-10-04T09:14:47Z</time>
      </trkpt>
      <trkpt lat="26.9249562" lon="75.8206064">
        <time>2018-10-04T09:14:58Z</time>
      </trkpt>
      <trkpt lat="26.9249848" lon="75.8204632">
        <time>2018-10-04T09:15:08Z</time>
      </trkpt>
      <trkpt lat="26.9250380" lon="75.8203210">
        <time>2018-10-04T09:15:19Z</time>
      </trkpt>
      <trkpt lat="26.9250404" lon="75.8202108">
        <time>2018-10-04T09:15:29Z</time>
      </trkpt>
      <trkpt lat="26.9250733" lon="75.8200783">
        <time>2018-10-04T09:15:40Z</time>
      </trkpt>
      <trkpt lat="26.9251131" lon="75.8199470">
        <time>2018-10-04T09:15:50Z</time>
      </trkpt>
      <trkpt lat="26.9251405" lon="75.8198265">
        <time>2018-10-04T09:16:01Z</time>
      </trkpt>
      <trkpt lat="26.9251729" lon="75.8196825">
        <time>2018-10-04T09:16:12Z</time>
      </trkpt>
      <trkpt lat="26.9251908" lon="75.8195478">
        <time>2018-10-04T09:16:22Z</time>
      </trkpt>
      <trkpt lat="26.9252094" lon="75.8194106">
        <time>2018-10-04T09:16:32Z</time>
      </trkpt>
      <trkpt lat="26.9251063" lon="75.8193830">
        <time>2018-10-04T09:16:43Z</time>
      </trkpt>
      <trkpt lat="26.9250764" lon="75.8193655">
        <time>2018-10-04T09:16:53Z</time>
      </trkpt>
      <trkpt lat="26.9250399" lon="75.8193334">
        <time>2018-10-04T09:17:04Z</time>
      </trkpt>
      <trkpt lat="26.9249361" lon="75.8193323">
        <time>2018-10-04T09:17:14Z</time>
      </trkpt>
      <trkpt lat="26.9248752" lon="75.8195411">
        <time>2018-10-04T09:17:24Z</time>
      </trkpt>
      <trkpt lat="26.9248201" lon="75.8196825">
        <time>2018-10-04T09:17:35Z</time>
      </trkpt>
      <trkpt lat="26.9247677" lon="75.8198273">
        <time>2018-10-04T09:17:46Z</time>
      </trkpt>
      <trkpt lat="26.9247213" lon="75.8199778">
        <time>2018-10-04T09:17:57Z</time>
      </trkpt>
      <trkpt lat="26.9247115" lon="75.8201130">
        <time>2018-10-04T09:18:08Z</time>
      </trkpt>
      <trkpt lat="26.9246117" lon="75.8201280">
        <time>2018-10-04T09:18:19Z</time>
      </trkpt>
      <trkpt lat="26.9245429" lon="75.8200647">
        <time>2018-10-04T09:18:29Z</time>
      </trkpt>
      <trkpt lat="26.9245290" lon="75.8200218">
        <time>2018-10-04T09:18:40Z</time>
      </trkpt>
      <trkpt lat="26.9245571" lon="75.8199353">
        <time>2018-10-04T09:18:51Z</time>
      </trkpt>
      <trkpt lat="26.9245646" lon="75.8198726">
        <time>2018-10-04T09:19:01Z</time>
      </trkpt>
      <trkpt lat="26.9245993" lon="75.8197566">
        <time>2018-10-04T09:19:11Z</time>
      </trkpt>
      <trkpt lat="26.9246282" lon="75.8196407">
        <time>2018-10-04T09:19:23Z</time>
      </trkpt>
      <trkpt lat="26.9246407" lon="75.8195400">
        <time>2018-10-04T09:19:34Z</time>
      </trkpt>
      <trkpt lat="26.9246882" lon="75.8193800">
        <time>2018-10-04T09:19:44Z</time>
      </trkpt>
      <trkpt lat="26.9246889" lon="75.8192958">
        <time>2018-10-04T09:19:55Z</time>
      </trkpt>
      <trkpt lat="26.9247402" lon="75.8191828">
        <time>2018-10-04T09:20:06Z</time>
      </trkpt>
      <trkpt lat="26.9247196" lon="75.8191578">
        <time>2018-10-04T09:20:16Z</time>
      </trkpt>
      <trkpt lat="26.9246895" lon="75.8190473">
        <time>2018-10-04T09:20:27Z</time>
      </trkpt>
      <trkpt lat="26.9247374" lon="75.8188837">
        <time>2018-10-04T09:20:37Z</time>
      </trkpt>
      <trkpt lat="26.9248193" lon="75.8187660">
        <time>2018-10-04T09:20:48Z</time>
      </trkpt>
      <trkpt lat="26.9249337" lon="75.8186475">
        <time>2018-10-04T09:20:58Z</time>
      </trkpt>
      <trkpt lat="26.9249746" lon="75.8186309">
        <time>2018-10-04T09:21:09Z</time>
      </trkpt>
      <trkpt lat="26.9250772" lon="75.8186072">
        <time>2018-10-04T09:21:20Z</time>
      </trkpt>
      <trkpt lat="26.9250801" lon="75.8186008">
        <time>2018-10-04T09:21:30Z</time>
      </trkpt>
      <trkpt lat="26.9251005" lon="75.8184880">
        <time>2018-10-04T09:21:41Z</time>
      </trkpt>
      <trkpt lat="26.9250189" lon="75.8184798">
        <time>2018-10-04T09:21:51Z</time>
      </trkpt>
      <trkpt lat="26.9249476" lon="75.8184035">
        <time>2018-10-04T09:22:02Z</time>
      </trkpt>
      <trkpt lat="26.9248743" lon="75.8183165">
        <time>2018-10-04T09:22:12Z</time>
      </trkpt>
      <trkpt lat="26.9247646" lon="75.8182479">
        <time>2018-10-04T09:22:23Z</time>
      </trkpt>
      <trkpt lat="26.9247515" lon="75.8181409">
        <time>2018-10-04T09:22:34Z</time>
      </trkpt>
      <trkpt lat="26.9247884" lon="75.8180613">
        <time>2018-10-04T09:22:44Z</time>
      </trkpt>
      <trkpt lat="26.9248284" lon="75.8179814">
        <time>2018-10-04T09:22:55Z</time>
      </trkpt>
      <trkpt lat="26.9248938" lon="75.8179217">
        <time>2018-10-04T09:23:06Z</time>
      </trkpt>
      <trkpt lat="26.9249264" lon="75.8179566">
        <time>2018-10-04T09:23:16Z</time>
      </trkpt>
      <trkpt lat="26.9249627" lon="75.8179823">
        <time>2018-10-04T09:23:27Z</time>
      </trkpt>
      <trkpt lat="26.9249824" lon="75.8180059">
        <time>2018-10-04T09:23:38Z</time>
      </trkpt>
      <trkpt lat="26.9250108" lon="75.8179979">
        <time>2018-10-04T09:23:49Z</time>
      </trkpt>
      <trkpt lat="26.9250073" lon="75.8180325">
        <time>2018-10-04T09:24:00Z</time>
      </trkpt>
      <trkpt lat="26.9250073" lon="75.8180325">
        <time>2018-10-04T09:24:10Z</time>
      </trkpt>
      <trkpt lat="26.9250073" lon="75.8180325">
        <time>2018-10-04T09:24:21Z</time>
      </trkpt>
      <trkpt lat="26.9250073" lon="75.8180325">
        <time>2018-10-04T09:24:31Z</time>
      </trkpt>
      <trkpt lat="26.9249921" lon="75.8180397">
        <time>2018-10-04T09:24:42Z</time>
      </trkpt>
      <trkpt lat="26.9249921" lon="75.8180397">
        <time>2018-10-04T09:24:52Z</time>
      </trkpt>
      <trkpt lat="26.9250063" lon="75.8180157">
        <time>2018-10-04T09:25:02Z</time>
      </trkpt>
      <trkpt lat="26.9250115" lon="75.8180064">
        <time>2018-10-04T09:25:13Z</time>
      </trkpt>
      <trkpt lat="26.9250197" lon="75.8179959">
        <time>2018-10-04T09:25:23Z</time>
      </trkpt>
      <trkpt lat="26.9249980" lon="75.8179924">
        <time>2018-10-04T09:25:35Z</time>
      </trkpt>
      <trkpt lat="26.9249806" lon="75.8179225">
        <time>2018-10-04T09:25:45Z</time>
      </trkpt>
      <trkpt lat="26.9249806" lon="75.8179225">
        <time>2018-10-04T09:25:55Z</time>
      </trkpt>
      <trkpt lat="26.9249528" lon="75.8178826">
        <time>2018-10-04T09:26:06Z</time>
      </trkpt>
      <trkpt lat="26.9249403" lon="75.8178370">
        <time>2018-10-04T09:26:16Z</time>
      </trkpt>
      <trkpt lat="26.9249556" lon="75.8178322">
        <time>2018-10-04T09:26:26Z</time>
      </trkpt>
      <trkpt lat="26.9248879" lon="75.8178343">
        <time>2018-10-04T09:27:51Z</time>
      </trkpt>
      <trkpt lat="26.9248825" lon="75.8178416">
        <time>2018-10-04T09:28:02Z</time>
      </trkpt>
      <trkpt lat="26.9248834" lon="75.8178435">
        <time>2018-10-04T09:28:12Z</time>
      </trkpt>
      <trkpt lat="26.9249300" lon="75.8177705">
        <time>2018-10-04T09:28:23Z</time>
      </trkpt>
      <trkpt lat="26.9249594" lon="75.8176528">
        <time>2018-10-04T09:28:34Z</time>
      </trkpt>
      <trkpt lat="26.9249988" lon="75.8175116">
        <time>2018-10-04T09:28:44Z</time>
      </trkpt>
      <trkpt lat="26.9250173" lon="75.8174113">
        <time>2018-10-04T09:28:55Z</time>
      </trkpt>
      <trkpt lat="26.9250399" lon="75.8173411">
        <time>2018-10-04T09:29:05Z</time>
      </trkpt>
      <trkpt lat="26.9250596" lon="75.8172417">
        <time>2018-10-04T09:29:15Z</time>
      </trkpt>
      <trkpt lat="26.9250704" lon="75.8172380">
        <time>2018-10-04T09:29:25Z</time>
      </trkpt>
      <trkpt lat="26.9250744" lon="75.8171671">
        <time>2018-10-04T09:29:36Z</time>
      </trkpt>
      <trkpt lat="26.9250774" lon="75.8171293">
        <time>2018-10-04T09:29:46Z</time>
      </trkpt>
      <trkpt lat="26.9251276" lon="75.8169963">
        <time>2018-10-04T09:29:57Z</time>
      </trkpt>
      <trkpt lat="26.9251486" lon="75.8168925">
        <time>2018-10-04T09:30:07Z</time>
      </trkpt>
      <trkpt lat="26.9251752" lon="75.8168140">
        <time>2018-10-04T09:30:18Z</time>
      </trkpt>
      <trkpt lat="26.9252119" lon="75.8166996">
        <time>2018-10-04T09:30:28Z</time>
      </trkpt>
      <trkpt lat="26.9252182" lon="75.8166338">
        <time>2018-10-04T09:30:38Z</time>
      </trkpt>
      <trkpt lat="26.9252550" lon="75.8165138">
        <time>2018-10-04T09:30:49Z</time>
      </trkpt>
      <trkpt lat="26.9253250" lon="75.8163679">
        <time>2018-10-04T09:31:00Z</time>
      </trkpt>
      <trkpt lat="26.9253438" lon="75.8162338">
        <time>2018-10-04T09:31:10Z</time>
      </trkpt>
      <trkpt lat="26.9253594" lon="75.8161121">
        <time>2018-10-04T09:31:20Z</time>
      </trkpt>
      <trkpt lat="26.9253716" lon="75.8160409">
        <time>2018-10-04T09:31:30Z</time>
      </trkpt>
      <trkpt lat="26.9253607" lon="75.8159705">
        <time>2018-10-04T09:31:41Z</time>
      </trkpt>
      <trkpt lat="26.9253544" lon="75.8159233">
        <time>2018-10-04T09:31:51Z</time>
      </trkpt>
      <trkpt lat="26.9253544" lon="75.8159233">
        <time>2018-10-04T09:32:02Z</time>
      </trkpt>
      <trkpt lat="26.9253582" lon="75.8159130">
        <time>2018-10-04T09:32:13Z</time>
      </trkpt>
      <trkpt lat="26.9253582" lon="75.8159130">
        <time>2018-10-04T09:32:24Z</time>
      </trkpt>
      <trkpt lat="26.9253582" lon="75.8159130">
        <time>2018-10-04T09:32:34Z</time>
      </trkpt>
      <trkpt lat="26.9253582" lon="75.8159130">
        <time>2018-10-04T09:32:45Z</time>
      </trkpt>
      <trkpt lat="26.9253582" lon="75.8159130">
        <time>2018-10-04T09:32:56Z</time>
      </trkpt>
      <trkpt lat="26.9253582" lon="75.8159130">
        <time>2018-10-04T09:33:07Z</time>
      </trkpt>
      <trkpt lat="26.9253611" lon="75.8158990">
        <time>2018-10-04T09:33:17Z</time>
      </trkpt>
      <trkpt lat="26.9253521" lon="75.8158624">
        <time>2018-10-04T09:33:27Z</time>
      </trkpt>
      <trkpt lat="26.9253188" lon="75.8157914">
        <time>2018-10-04T09:33:37Z</time>
      </trkpt>
      <trkpt lat="26.9252669" lon="75.8157863">
        <time>2018-10-04T09:33:48Z</time>
      </trkpt>
      <trkpt lat="26.9251894" lon="75.8157125">
        <time>2018-10-04T09:33:58Z</time>
      </trkpt>
      <trkpt lat="26.9251624" lon="75.8156462">
        <time>2018-10-04T09:34:09Z</time>
      </trkpt>
      <trkpt lat="26.9251765" lon="75.8155095">
        <time>2018-10-04T09:34:20Z</time>
      </trkpt>
      <trkpt lat="26.9252016" lon="75.8154235">
        <time>2018-10-04T09:34:30Z</time>
      </trkpt>
      <trkpt lat="26.9252502" lon="75.8153237">
        <time>2018-10-04T09:34:41Z</time>
      </trkpt>
      <trkpt lat="26.9252304" lon="75.8152045">
        <time>2018-10-04T09:34:52Z</time>
      </trkpt>
      <trkpt lat="26.9252591" lon="75.8150789">
        <time>2018-10-04T09:35:03Z</time>
      </trkpt>
      <trkpt lat="26.9252794" lon="75.8150061">
        <time>2018-10-04T09:35:13Z</time>
      </trkpt>
      <trkpt lat="26.9252909" lon="75.8148799">
        <time>2018-10-04T09:35:23Z</time>
      </trkpt>
      <trkpt lat="26.9252236" lon="75.8148273">
        <time>2018-10-04T09:35:34Z</time>
      </trkpt>
      <trkpt lat="26.9251304" lon="75.8147918">
        <time>2018-10-04T09:35:45Z</time>
      </trkpt>
      <trkpt lat="26.9250392" lon="75.8147853">
        <time>2018-10-04T09:35:56Z</time>
      </trkpt>
      <trkpt lat="26.9249169" lon="75.8147432">
        <time>2018-10-04T09:36:06Z</time>
      </trkpt>
      <trkpt lat="26.9248704" lon="75.8147386">
        <time>2018-10-04T09:36:17Z</time>
      </trkpt>
      <trkpt lat="26.9248221" lon="75.8147212">
        <time>2018-10-04T09:36:27Z</time>
      </trkpt>
      <trkpt lat="26.9248153" lon="75.8147164">
        <time>2018-10-04T09:36:38Z</time>
      </trkpt>
      <trkpt lat="26.9247203" lon="75.8146750">
        <time>2018-10-04T09:36:49Z</time>
      </trkpt>
      <trkpt lat="26.9246373" lon="75.8146376">
        <time>2018-10-04T09:36:59Z</time>
      </trkpt>
      <trkpt lat="26.9245570" lon="75.8146193">
        <time>2018-10-04T09:37:10Z</time>
      </trkpt>
      <trkpt lat="26.9244079" lon="75.8145648">
        <time>2018-10-04T09:37:21Z</time>
      </trkpt>
      <trkpt lat="26.9243012" lon="75.8144970">
        <time>2018-10-04T09:37:31Z</time>
      </trkpt>
      <trkpt lat="26.9242240" lon="75.8145063">
        <time>2018-10-04T09:37:42Z</time>
      </trkpt>
      <trkpt lat="26.9240442" lon="75.8144873">
        <time>2018-10-04T09:37:52Z</time>
      </trkpt>
      <trkpt lat="26.9239549" lon="75.8144376">
        <time>2018-10-04T09:38:03Z</time>
      </trkpt>
      <trkpt lat="26.9239598" lon="75.8142973">
        <time>2018-10-04T09:38:14Z</time>
      </trkpt>
      <trkpt lat="26.9240007" lon="75.8141683">
        <time>2018-10-04T09:38:24Z</time>
      </trkpt>
      <trkpt lat="26.9239944" lon="75.8140637">
        <time>2018-10-04T09:38:36Z</time>
      </trkpt>
      <trkpt lat="26.9239933" lon="75.8139303">
        <time>2018-10-04T09:38:46Z</time>
      </trkpt>
      <trkpt lat="26.9239881" lon="75.8137994">
        <time>2018-10-04T09:38:56Z</time>
      </trkpt>
      <trkpt lat="26.9240342" lon="75.8136906">
        <time>2018-10-04T09:39:07Z</time>
      </trkpt>
      <trkpt lat="26.9240734" lon="75.8135774">
        <time>2018-10-04T09:39:18Z</time>
      </trkpt>
      <trkpt lat="26.9240704" lon="75.8134730">
        <time>2018-10-04T09:39:28Z</time>
      </trkpt>
      <trkpt lat="26.9240913" lon="75.8134222">
        <time>2018-10-04T09:39:39Z</time>
      </trkpt>
      <trkpt lat="26.9241035" lon="75.8133139">
        <time>2018-10-04T09:39:49Z</time>
      </trkpt>
      <trkpt lat="26.9241084" lon="75.8131977">
        <time>2018-10-04T09:40:00Z</time>
      </trkpt>
      <trkpt lat="26.9241751" lon="75.8130960">
        <time>2018-10-04T09:40:11Z</time>
      </trkpt>
      <trkpt lat="26.9241959" lon="75.8129901">
        <time>2018-10-04T09:40:21Z</time>
      </trkpt>
      <trkpt lat="26.9242321" lon="75.8128906">
        <time>2018-10-04T09:40:31Z</time>
      </trkpt>
      <trkpt lat="26.9242413" lon="75.8127603">
        <time>2018-10-04T09:40:42Z</time>
      </trkpt>
      <trkpt lat="26.9242823" lon="75.8126042">
        <time>2018-10-04T09:40:52Z</time>
      </trkpt>
      <trkpt lat="26.9242920" lon="75.8124987">
        <time>2018-10-04T09:41:02Z</time>
      </trkpt>
      <trkpt lat="26.9242376" lon="75.8124218">
        <time>2018-10-04T09:41:13Z</time>
      </trkpt>
      <trkpt lat="26.9242321" lon="75.8124081">
        <time>2018-10-04T09:41:23Z</time>
      </trkpt>
      <trkpt lat="26.9242038" lon="75.8123680">
        <time>2018-10-04T09:41:34Z</time>
      </trkpt>
      <trkpt lat="26.9241142" lon="75.8123375">
        <time>2018-10-04T09:41:45Z</time>
      </trkpt>
      <trkpt lat="26.9240200" lon="75.8123036">
        <time>2018-10-04T09:41:56Z</time>
      </trkpt>
      <trkpt lat="26.9239863" lon="75.8122929">
        <time>2018-10-04T09:42:07Z</time>
      </trkpt>
      <trkpt lat="26.9238848" lon="75.8122827">
        <time>2018-10-04T09:42:17Z</time>
      </trkpt>
      <trkpt lat="26.9237477" lon="75.8122403">
        <time>2018-10-04T09:42:29Z</time>
      </trkpt>
      <trkpt lat="26.9236501" lon="75.8121932">
        <time>2018-10-04T09:42:40Z</time>
      </trkpt>
      <trkpt lat="26.9234986" lon="75.8121665">
        <time>2018-10-04T09:42:50Z</time>
      </trkpt>
      <trkpt lat="26.9233861" lon="75.8121500">
        <time>2018-10-04T09:43:01Z</time>
      </trkpt>
      <trkpt lat="26.9232695" lon="75.8121036">
        <time>2018-10-04T09:43:11Z</time>
      </trkpt>
      <trkpt lat="26.9231632" lon="75.8120937">
        <time>2018-10-04T09:43:22Z</time>
      </trkpt>
      <trkpt lat="26.9230342" lon="75.8120548">
        <time>2018-10-04T09:43:33Z</time>
      </trkpt>
      <trkpt lat="26.9229080" lon="75.8120237">
        <time>2018-10-04T09:43:43Z</time>
      </trkpt>
      <trkpt lat="26.9228018" lon="75.8119966">
        <time>2018-10-04T09:43:53Z</time>
      </trkpt>
      <trkpt lat="26.9227399" lon="75.8119834">
        <time>2018-10-04T09:44:03Z</time>
      </trkpt>
      <trkpt lat="26.9226351" lon="75.8119434">
        <time>2018-10-04T09:44:14Z</time>
      </trkpt>
      <trkpt lat="26.9225184" lon="75.8119097">
        <time>2018-10-04T09:44:24Z</time>
      </trkpt>
      <trkpt lat="26.9224139" lon="75.8118728">
        <time>2018-10-04T09:44:35Z</time>
      </trkpt>
      <trkpt lat="26.9223141" lon="75.8118313">
        <time>2018-10-04T09:44:45Z</time>
      </trkpt>
      <trkpt lat="26.9222044" lon="75.8118183">
        <time>2018-10-04T09:44:55Z</time>
      </trkpt>
      <trkpt lat="26.9220773" lon="75.8117969">
        <time>2018-10-04T09:45:05Z</time>
      </trkpt>
      <trkpt lat="26.9219624" lon="75.8117673">
        <time>2018-10-04T09:45:16Z</time>
      </trkpt>
      <trkpt lat="26.9219074" lon="75.8117416">
        <time>2018-10-04T09:45:26Z</time>
      </trkpt>
      <trkpt lat="26.9217685" lon="75.8116980">
        <time>2018-10-04T09:45:37Z</time>
      </trkpt>
      <trkpt lat="26.9217037" lon="75.8116866">
        <time>2018-10-04T09:45:47Z</time>
      </trkpt>
      <trkpt lat="26.9215728" lon="75.8116506">
        <time>2018-10-04T09:45:58Z</time>
      </trkpt>
      <trkpt lat="26.9214298" lon="75.8115977">
        <time>2018-10-04T09:46:08Z</time>
      </trkpt>
      <trkpt lat="26.9212981" lon="75.8115806">
        <time>2018-10-04T09:46:19Z</time>
      </trkpt>
      <trkpt lat="26.9211683" lon="75.8115648">
        <time>2018-10-04T09:46:29Z</time>
      </trkpt>
      <trkpt lat="26.9210278" lon="75.8115239">
        <time>2018-10-04T09:46:39Z</time>
      </trkpt>
      <trkpt lat="26.9209345" lon="75.8114830">
        <time>2018-10-04T09:46:49Z</time>
      </trkpt>
      <trkpt lat="26.9208689" lon="75.8114743">
        <time>2018-10-04T09:46:59Z</time>
      </trkpt>
      <trkpt lat="26.9208439" lon="75.8114478">
        <time>2018-10-04T09:47:10Z</time>
      </trkpt>
      <trkpt lat="26.9208138" lon="75.8114125">
        <time>2018-10-04T09:47:21Z</time>
      </trkpt>
      <trkpt lat="26.9207705" lon="75.8114095">
        <time>2018-10-04T09:47:32Z</time>
      </trkpt>
      <trkpt lat="26.9206553" lon="75.8113972">
        <time>2018-10-04T09:47:42Z</time>
      </trkpt>
      <trkpt lat="26.9205664" lon="75.8113510">
        <time>2018-10-04T09:47:53Z</time>
      </trkpt>
      <trkpt lat="26.9204374" lon="75.8113311">
        <time>2018-10-04T09:48:03Z</time>
      </trkpt>
      <trkpt lat="26.9202929" lon="75.8112990">
        <time>2018-10-04T09:48:13Z</time>
      </trkpt>
      <trkpt lat="26.9201429" lon="75.8112556">
        <time>2018-10-04T09:48:24Z</time>
      </trkpt>
      <trkpt lat="26.9200318" lon="75.8112281">
        <time>2018-10-04T09:48:34Z</time>
      </trkpt>
      <trkpt lat="26.9199153" lon="75.8111908">
        <time>2018-10-04T09:48:45Z</time>
      </trkpt>
      <trkpt lat="26.9198389" lon="75.8111870">
        <time>2018-10-04T09:48:55Z</time>
      </trkpt>
      <trkpt lat="26.9197204" lon="75.8111796">
        <time>2018-10-04T09:49:05Z</time>
      </trkpt>
      <trkpt lat="26.9195843" lon="75.8111805">
        <time>2018-10-04T09:49:15Z</time>
      </trkpt>
      <trkpt lat="26.9194401" lon="75.8111701">
        <time>2018-10-04T09:49:26Z</time>
      </trkpt>
      <trkpt lat="26.9193501" lon="75.8111420">
        <time>2018-10-04T09:49:37Z</time>
      </trkpt>
      <trkpt lat="26.9192306" lon="75.8110914">
        <time>2018-10-04T09:49:47Z</time>
      </trkpt>
      <trkpt lat="26.9191080" lon="75.8110763">
        <time>2018-10-04T09:49:58Z</time>
      </trkpt>
      <trkpt lat="26.9189668" lon="75.8110588">
        <time>2018-10-04T09:50:08Z</time>
      </trkpt>
      <trkpt lat="26.9189175" lon="75.8109691">
        <time>2018-10-04T09:50:18Z</time>
      </trkpt>
      <trkpt lat="26.9189027" lon="75.8108437">
        <time>2018-10-04T09:50:28Z</time>
      </trkpt>
      <trkpt lat="26.9189118" lon="75.8107168">
        <time>2018-10-04T09:50:38Z</time>
      </trkpt>
      <trkpt lat="26.9189187" lon="75.8106060">
        <time>2018-10-04T09:50:48Z</time>
      </trkpt>
      <trkpt lat="26.9189418" lon="75.8104673">
        <time>2018-10-04T09:50:58Z</time>
      </trkpt>
      <trkpt lat="26.9189542" lon="75.8103596">
        <time>2018-10-04T09:51:08Z</time>
      </trkpt>
      <trkpt lat="26.9189639" lon="75.8102476">
        <time>2018-10-04T09:51:19Z</time>
      </trkpt>
      <trkpt lat="26.9188713" lon="75.8101875">
        <time>2018-10-04T09:51:30Z</time>
      </trkpt>
      <trkpt lat="26.9187632" lon="75.8101636">
        <time>2018-10-04T09:51:40Z</time>
      </trkpt>
      <trkpt lat="26.9186444" lon="75.8101144">
        <time>2018-10-04T09:51:51Z</time>
      </trkpt>
      <trkpt lat="26.9185387" lon="75.8100678">
        <time>2018-10-04T09:52:01Z</time>
      </trkpt>
      <trkpt lat="26.9184166" lon="75.8100416">
        <time>2018-10-04T09:52:11Z</time>
      </trkpt>
      <trkpt lat="26.9183076" lon="75.8099863">
        <time>2018-10-04T09:52:22Z</time>
      </trkpt>
      <trkpt lat="26.9182067" lon="75.8099431">
        <time>2018-10-04T09:52:33Z</time>
      </trkpt>
      <trkpt lat="26.9182061" lon="75.8098501">
        <time>2018-10-04T09:52:43Z</time>
      </trkpt>
      <trkpt lat="26.9182061" lon="75.8098501">
        <time>2018-10-04T09:52:53Z</time>
      </trkpt>
      <trkpt lat="26.9182061" lon="75.8098501">
        <time>2018-10-04T09:53:03Z</time>
      </trkpt>
      <trkpt lat="26.9182061" lon="75.8098501">
        <time>2018-10-04T09:53:14Z</time>
      </trkpt>
      <trkpt lat="26.9182061" lon="75.8098501">
        <time>2018-10-04T09:53:24Z</time>
      </trkpt>
      <trkpt lat="26.9182128" lon="75.8098750">
        <time>2018-10-04T09:53:35Z</time>
      </trkpt>
      <trkpt lat="26.9182128" lon="75.8098750">
        <time>2018-10-04T09:53:46Z</time>
      </trkpt>
      <trkpt lat="26.9182128" lon="75.8098750">
        <time>2018-10-04T09:53:57Z</time>
      </trkpt>
      <trkpt lat="26.9182128" lon="75.8098750">
        <time>2018-10-04T09:54:07Z</time>
      </trkpt>
      <trkpt lat="26.9181861" lon="75.8098109">
        <time>2018-10-04T09:54:17Z</time>
      </trkpt>
      <trkpt lat="26.9182116" lon="75.8096447">
        <time>2018-10-04T09:54:28Z</time>
      </trkpt>
      <trkpt lat="26.9182284" lon="75.8094886">
        <time>2018-10-04T09:54:38Z</time>
      </trkpt>
      <trkpt lat="26.9181943" lon="75.8093917">
        <time>2018-10-04T09:54:48Z</time>
      </trkpt>
      <trkpt lat="26.9182033" lon="75.8092699">
        <time>2018-10-04T09:54:58Z</time>
      </trkpt>
      <trkpt lat="26.9182211" lon="75.8091578">
        <time>2018-10-04T09:55:08Z</time>
      </trkpt>
      <trkpt lat="26.9182589" lon="75.8090145">
        <time>2018-10-04T09:55:19Z</time>
      </trkpt>
      <trkpt lat="26.9183101" lon="75.8088689">
        <time>2018-10-04T09:55:29Z</time>
      </trkpt>
      <trkpt lat="26.9183200" lon="75.8087250">
        <time>2018-10-04T09:55:40Z</time>
      </trkpt>
      <trkpt lat="26.9183620" lon="75.8085906">
        <time>2018-10-04T09:55:50Z</time>
      </trkpt>
      <trkpt lat="26.9183883" lon="75.8084748">
        <time>2018-10-04T09:56:01Z</time>
      </trkpt>
      <trkpt lat="26.9184038" lon="75.8083499">
        <time>2018-10-04T09:56:11Z</time>
      </trkpt>
      <trkpt lat="26.9184224" lon="75.8081781">
        <time>2018-10-04T09:56:22Z</time>
      </trkpt>
      <trkpt lat="26.9184600" lon="75.8080434">
        <time>2018-10-04T09:56:32Z</time>
      </trkpt>
      <trkpt lat="26.9184890" lon="75.8078854">
        <time>2018-10-04T09:56:43Z</time>
      </trkpt>
      <trkpt lat="26.9183746" lon="75.8078402">
        <time>2018-10-04T09:56:54Z</time>
      </trkpt>
      <trkpt lat="26.9182553" lon="75.8078225">
        <time>2018-10-04T09:57:04Z</time>
      </trkpt>
      <trkpt lat="26.9181080" lon="75.8077948">
        <time>2018-10-04T09:57:14Z</time>
      </trkpt>
      <trkpt lat="26.9180145" lon="75.8077655">
        <time>2018-10-04T09:57:24Z</time>
      </trkpt>
      <trkpt lat="26.9178919" lon="75.8077097">
        <time>2018-10-04T09:57:35Z</time>
      </trkpt>
      <trkpt lat="26.9177533" lon="75.8076626">
        <time>2018-10-04T09:57:46Z</time>
      </trkpt>
      <trkpt lat="26.9176203" lon="75.8076486">
        <time>2018-10-04T09:57:57Z</time>
      </trkpt>
      <trkpt lat="26.9175714" lon="75.8076174">
        <time>2018-10-04T09:58:07Z</time>
      </trkpt>
      <trkpt lat="26.9175466" lon="75.8075745">
        <time>2018-10-04T09:58:18Z</time>
      </trkpt>
      <trkpt lat="26.9175161" lon="75.8075571">
        <time>2018-10-04T09:58:28Z</time>
      </trkpt>
      <trkpt lat="26.9174945" lon="75.8075502">
        <time>2018-10-04T09:58:39Z</time>
      </trkpt>
      <trkpt lat="26.9174874" lon="75.8075973">
        <time>2018-10-04T09:58:49Z</time>
      </trkpt>
      <trkpt lat="26.9174874" lon="75.8075973">
        <time>2018-10-04T09:58:59Z</time>
      </trkpt>
      <trkpt lat="26.9174748" lon="75.8076114">
        <time>2018-10-04T09:59:10Z</time>
      </trkpt>
      <trkpt lat="26.9174840" lon="75.8076053">
        <time>2018-10-04T09:59:21Z</time>
      </trkpt>
      <trkpt lat="26.9174839" lon="75.8076052">
        <time>2018-10-04T09:59:31Z</time>
      </trkpt>
      <trkpt lat="26.9174786" lon="75.8076111">
        <time>2018-10-04T09:59:41Z</time>
      </trkpt>
      <trkpt lat="26.9174799" lon="75.8076097">
        <time>2018-10-04T09:59:52Z</time>
      </trkpt>
      <trkpt lat="26.9174799" lon="75.8076097">
        <time>2018-10-04T10:00:02Z</time>
      </trkpt>
      <trkpt lat="26.9174784" lon="75.8076292">
        <time>2018-10-04T10:00:13Z</time>
      </trkpt>
      <trkpt lat="26.9174784" lon="75.8076292">
        <time>2018-10-04T10:00:23Z</time>
      </trkpt>
      <trkpt lat="26.9174784" lon="75.8076292">
        <time>2018-10-04T10:00:34Z</time>
      </trkpt>
      <trkpt lat="26.9174784" lon="75.8076292">
        <time>2018-10-04T10:00:45Z</time>
      </trkpt>
      <trkpt lat="26.9174784" lon="75.8076292">
        <time>2018-10-04T10:00:56Z</time>
      </trkpt>
      <trkpt lat="26.9174784" lon="75.8076292">
        <time>2018-10-04T10:01:07Z</time>
      </trkpt>
      <trkpt lat="26.9174784" lon="75.8076292">
        <time>2018-10-04T10:01:17Z</time>
      </trkpt>
      <trkpt lat="26.9174784" lon="75.8076292">
        <time>2018-10-04T10:01:28Z</time>
      </trkpt>
      <trkpt lat="26.9174784" lon="75.8076292">
        <time>2018-10-04T10:01:38Z</time>
      </trkpt>
      <trkpt lat="26.9174784" lon="75.8076292">
        <time>2018-10-04T10:01:48Z</time>
      </trkpt>
      <trkpt lat="26.9174784" lon="75.8076292">
        <time>2018-10-04T10:01:58Z</time>
      </trkpt>
      <trkpt lat="26.9174784" lon="75.8076292">
        <time>2018-10-04T10:02:08Z</time>
      </trkpt>
      <trkpt lat="26.9174784" lon="75.8076292">
        <time>2018-10-04T10:02:19Z</time>
      </trkpt>
      <trkpt lat="26.9174784" lon="75.8076292">
        <time>2018-10-04T10:02:29Z</time>
      </trkpt>
      <trkpt lat="26.9174784" lon="75.8076292">
        <time>2018-10-04T10:02:40Z</time>
      </trkpt>
      <trkpt lat="26.9174784" lon="75.8076292">
        <time>2018-10-04T10:02:50Z</time>
      </trkpt>
      <trkpt lat="26.9174784" lon="75.8076292">
        <time>2018-10-04T10:03:00Z</time>
      </trkpt>
      <trkpt lat="26.9174784" lon="75.8076292">
        <time>2018-10-04T10:03:10Z</time>
      </trkpt>
      <trkpt lat="26.9174784" lon="75.8076292">
        <time>2018-10-04T10:03:20Z</time>
      </trkpt>
      <trkpt lat="26.9174784" lon="75.8076292">
        <time>2018-10-04T10:03:31Z</time>
      </trkpt>
      <trkpt lat="26.9174784" lon="75.8076292">
        <time>2018-10-04T10:03:41Z</time>
      </trkpt>
      <trkpt lat="26.9174784" lon="75.8076292">
        <time>2018-10-04T10:03:52Z</time>
      </trkpt>
      <trkpt lat="26.9174784" lon="75.8076292">
        <time>2018-10-04T10:04:03Z</time>
      </trkpt>
      <trkpt lat="26.9174784" lon="75.8076292">
        <time>2018-10-04T10:04:13Z</time>
      </trkpt>
      <trkpt lat="26.9174784" lon="75.8076292">
        <time>2018-10-04T10:04:24Z</time>
      </trkpt>
      <trkpt lat="26.9174784" lon="75.8076292">
        <time>2018-10-04T10:04:35Z</time>
      </trkpt>
      <trkpt lat="26.9174784" lon="75.8076292">
        <time>2018-10-04T10:04:45Z</time>
      </trkpt>
      <trkpt lat="26.9174784" lon="75.8076292">
        <time>2018-10-04T10:04:55Z</time>
      </trkpt>
      <trkpt lat="26.9174784" lon="75.8076292">
        <time>2018-10-04T10:05:06Z</time>
      </trkpt>
      <trkpt lat="26.9174784" lon="75.8076292">
        <time>2018-10-04T10:05:17Z</time>
      </trkpt>
      <trkpt lat="26.9174784" lon="75.8076292">
        <time>2018-10-04T10:05:27Z</time>
      </trkpt>
      <trkpt lat="26.9174784" lon="75.8076292">
        <time>2018-10-04T10:05:38Z</time>
      </trkpt>
      <trkpt lat="26.9174784" lon="75.8076292">
        <time>2018-10-04T10:05:49Z</time>
      </trkpt>
      <trkpt lat="26.9174784" lon="75.8076292">
        <time>2018-10-04T10:06:00Z</time>
      </trkpt>
      <trkpt lat="26.9174784" lon="75.8076292">
        <time>2018-10-04T10:06:10Z</time>
      </trkpt>
      <trkpt lat="26.9174784" lon="75.8076292">
        <time>2018-10-04T10:06:21Z</time>
      </trkpt>
      <trkpt lat="26.9174784" lon="75.8076292">
        <time>2018-10-04T10:06:31Z</time>
      </trkpt>
      <trkpt lat="26.9174784" lon="75.8076292">
        <time>2018-10-04T10:06:41Z</time>
      </trkpt>
      <trkpt lat="26.9174784" lon="75.8076292">
        <time>2018-10-04T10:06:52Z</time>
      </trkpt>
      <trkpt lat="26.9174784" lon="75.8076292">
        <time>2018-10-04T10:07:02Z</time>
      </trkpt>
      <trkpt lat="26.9174784" lon="75.8076292">
        <time>2018-10-04T10:07:13Z</time>
      </trkpt>
      <trkpt lat="26.9174784" lon="75.8076292">
        <time>2018-10-04T10:07:23Z</time>
      </trkpt>
      <trkpt lat="26.9174247" lon="75.8076486">
        <time>2018-10-04T10:07:33Z</time>
      </trkpt>
      <trkpt lat="26.9174492" lon="75.8076531">
        <time>2018-10-04T10:07:43Z</time>
      </trkpt>
      <trkpt lat="26.9174492" lon="75.8076531">
        <time>2018-10-04T10:07:53Z</time>
      </trkpt>
      <trkpt lat="26.9174492" lon="75.8076531">
        <time>2018-10-04T10:08:04Z</time>
      </trkpt>
      <trkpt lat="26.9174492" lon="75.8076531">
        <time>2018-10-04T10:08:15Z</time>
      </trkpt>
      <trkpt lat="26.9174492" lon="75.8076531">
        <time>2018-10-04T10:08:25Z</time>
      </trkpt>
      <trkpt lat="26.9174492" lon="75.8076531">
        <time>2018-10-04T10:08:36Z</time>
      </trkpt>
      <trkpt lat="26.9174492" lon="75.8076531">
        <time>2018-10-04T10:08:47Z</time>
      </trkpt>
      <trkpt lat="26.9174492" lon="75.8076531">
        <time>2018-10-04T10:08:57Z</time>
      </trkpt>
      <trkpt lat="26.9174492" lon="75.8076531">
        <time>2018-10-04T10:09:08Z</time>
      </trkpt>
      <trkpt lat="26.9174309" lon="75.8075870">
        <time>2018-10-04T10:09:18Z</time>
      </trkpt>
      <trkpt lat="26.9174307" lon="75.8075865">
        <time>2018-10-04T10:09:29Z</time>
      </trkpt>
      <trkpt lat="26.9174307" lon="75.8075865">
        <time>2018-10-04T10:09:39Z</time>
      </trkpt>
      <trkpt lat="26.9174307" lon="75.8075865">
        <time>2018-10-04T10:09:50Z</time>
      </trkpt>
      <trkpt lat="26.9174307" lon="75.8075865">
        <time>2018-10-04T10:10:01Z</time>
      </trkpt>
      <trkpt lat="26.9174307" lon="75.8075865">
        <time>2018-10-04T10:10:11Z</time>
      </trkpt>
      <trkpt lat="26.9174307" lon="75.8075865">
        <time>2018-10-04T10:10:22Z</time>
      </trkpt>
      <trkpt lat="26.9174307" lon="75.8075865">
        <time>2018-10-04T10:10:32Z</time>
      </trkpt>
      <trkpt lat="26.9174307" lon="75.8075865">
        <time>2018-10-04T10:10:43Z</time>
      </trkpt>
      <trkpt lat="26.9174307" lon="75.8075865">
        <time>2018-10-04T10:10:54Z</time>
      </trkpt>
      <trkpt lat="26.9174307" lon="75.8075865">
        <time>2018-10-04T10:11:04Z</time>
      </trkpt>
      <trkpt lat="26.9174307" lon="75.8075865">
        <time>2018-10-04T10:11:15Z</time>
      </trkpt>
      <trkpt lat="26.9174307" lon="75.8075865">
        <time>2018-10-04T10:11:26Z</time>
      </trkpt>
      <trkpt lat="26.9174307" lon="75.8075865">
        <time>2018-10-04T10:11:37Z</time>
      </trkpt>
      <trkpt lat="26.9174307" lon="75.8075865">
        <time>2018-10-04T10:11:47Z</time>
      </trkpt>
      <trkpt lat="26.9174307" lon="75.8075865">
        <time>2018-10-04T10:11:58Z</time>
      </trkpt>
      <trkpt lat="26.9174307" lon="75.8075865">
        <time>2018-10-04T10:12:09Z</time>
      </trkpt>
      <trkpt lat="26.9174307" lon="75.8075865">
        <time>2018-10-04T10:12:19Z</time>
      </trkpt>
      <trkpt lat="26.9174307" lon="75.8075865">
        <time>2018-10-04T10:12:30Z</time>
      </trkpt>
      <trkpt lat="26.9174307" lon="75.8075865">
        <time>2018-10-04T10:12:41Z</time>
      </trkpt>
      <trkpt lat="26.9174307" lon="75.8075865">
        <time>2018-10-04T10:12:52Z</time>
      </trkpt>
      <trkpt lat="26.9174307" lon="75.8075865">
        <time>2018-10-04T10:13:03Z</time>
      </trkpt>
      <trkpt lat="26.9174307" lon="75.8075865">
        <time>2018-10-04T10:13:14Z</time>
      </trkpt>
      <trkpt lat="26.9174307" lon="75.8075865">
        <time>2018-10-04T10:13:25Z</time>
      </trkpt>
      <trkpt lat="26.9174307" lon="75.8075865">
        <time>2018-10-04T10:13:35Z</time>
      </trkpt>
      <trkpt lat="26.9174307" lon="75.8075865">
        <time>2018-10-04T10:13:45Z</time>
      </trkpt>
      <trkpt lat="26.9174655" lon="75.8076227">
        <time>2018-10-04T10:13:56Z</time>
      </trkpt>
      <trkpt lat="26.9174655" lon="75.8076227">
        <time>2018-10-04T10:14:06Z</time>
      </trkpt>
      <trkpt lat="26.9174930" lon="75.8076150">
        <time>2018-10-04T10:14:16Z</time>
      </trkpt>
      <trkpt lat="26.9174930" lon="75.8076150">
        <time>2018-10-04T10:14:27Z</time>
      </trkpt>
      <trkpt lat="26.9174930" lon="75.8076150">
        <time>2018-10-04T10:14:38Z</time>
      </trkpt>
      <trkpt lat="26.9174930" lon="75.8076150">
        <time>2018-10-04T10:14:48Z</time>
      </trkpt>
      <trkpt lat="26.9174930" lon="75.8076150">
        <time>2018-10-04T10:14:59Z</time>
      </trkpt>
      <trkpt lat="26.9174930" lon="75.8076150">
        <time>2018-10-04T10:15:10Z</time>
      </trkpt>
      <trkpt lat="26.9174930" lon="75.8076150">
        <time>2018-10-04T10:15:20Z</time>
      </trkpt>
      <trkpt lat="26.9174930" lon="75.8076150">
        <time>2018-10-04T10:15:31Z</time>
      </trkpt>
      <trkpt lat="26.9174930" lon="75.8076150">
        <time>2018-10-04T10:15:41Z</time>
      </trkpt>
      <trkpt lat="26.9174930" lon="75.8076150">
        <time>2018-10-04T10:15:51Z</time>
      </trkpt>
      <trkpt lat="26.9174930" lon="75.8076150">
        <time>2018-10-04T10:16:02Z</time>
      </trkpt>
      <trkpt lat="26.9174930" lon="75.8076150">
        <time>2018-10-04T10:16:13Z</time>
      </trkpt>
      <trkpt lat="26.9174930" lon="75.8076150">
        <time>2018-10-04T10:16:23Z</time>
      </trkpt>
      <trkpt lat="26.9174930" lon="75.8076150">
        <time>2018-10-04T10:16:34Z</time>
      </trkpt>
      <trkpt lat="26.9174930" lon="75.8076150">
        <time>2018-10-04T10:16:44Z</time>
      </trkpt>
      <trkpt lat="26.9174930" lon="75.8076150">
        <time>2018-10-04T10:16:55Z</time>
      </trkpt>
      <trkpt lat="26.9174930" lon="75.8076150">
        <time>2018-10-04T10:17:05Z</time>
      </trkpt>
      <trkpt lat="26.9174930" lon="75.8076150">
        <time>2018-10-04T10:17:15Z</time>
      </trkpt>
      <trkpt lat="26.9174930" lon="75.8076150">
        <time>2018-10-04T10:17:26Z</time>
      </trkpt>
      <trkpt lat="26.9174930" lon="75.8076150">
        <time>2018-10-04T10:17:37Z</time>
      </trkpt>
      <trkpt lat="26.9174930" lon="75.8076150">
        <time>2018-10-04T10:17:48Z</time>
      </trkpt>
      <trkpt lat="26.9174930" lon="75.8076150">
        <time>2018-10-04T10:17:58Z</time>
      </trkpt>
      <trkpt lat="26.9174930" lon="75.8076150">
        <time>2018-10-04T10:18:09Z</time>
      </trkpt>
      <trkpt lat="26.9174930" lon="75.8076150">
        <time>2018-10-04T10:18:20Z</time>
      </trkpt>
      <trkpt lat="26.9174930" lon="75.8076150">
        <time>2018-10-04T10:18:30Z</time>
      </trkpt>
      <trkpt lat="26.9174930" lon="75.8076150">
        <time>2018-10-04T10:18:40Z</time>
      </trkpt>
      <trkpt lat="26.9174930" lon="75.8076150">
        <time>2018-10-04T10:18:51Z</time>
      </trkpt>
      <trkpt lat="26.9174930" lon="75.8076150">
        <time>2018-10-04T10:19:02Z</time>
      </trkpt>
      <trkpt lat="26.9174930" lon="75.8076150">
        <time>2018-10-04T10:19:13Z</time>
      </trkpt>
      <trkpt lat="26.9174930" lon="75.8076150">
        <time>2018-10-04T10:19:23Z</time>
      </trkpt>
      <trkpt lat="26.9174930" lon="75.8076150">
        <time>2018-10-04T10:19:34Z</time>
      </trkpt>
      <trkpt lat="26.9174930" lon="75.8076150">
        <time>2018-10-04T10:19:44Z</time>
      </trkpt>
      <trkpt lat="26.9174930" lon="75.8076150">
        <time>2018-10-04T10:19:55Z</time>
      </trkpt>
      <trkpt lat="26.9174930" lon="75.8076150">
        <time>2018-10-04T10:20:06Z</time>
      </trkpt>
      <trkpt lat="26.9174930" lon="75.8076150">
        <time>2018-10-04T10:20:16Z</time>
      </trkpt>
      <trkpt lat="26.9174930" lon="75.8076150">
        <time>2018-10-04T10:20:26Z</time>
      </trkpt>
      <trkpt lat="26.9174930" lon="75.8076150">
        <time>2018-10-04T10:20:36Z</time>
      </trkpt>
      <trkpt lat="26.9174930" lon="75.8076150">
        <time>2018-10-04T10:20:47Z</time>
      </trkpt>
      <trkpt lat="26.9174930" lon="75.8076150">
        <time>2018-10-04T10:20:58Z</time>
      </trkpt>
      <trkpt lat="26.9174930" lon="75.8076150">
        <time>2018-10-04T10:21:09Z</time>
      </trkpt>
      <trkpt lat="26.9174930" lon="75.8076150">
        <time>2018-10-04T10:21:19Z</time>
      </trkpt>
      <trkpt lat="26.9174930" lon="75.8076150">
        <time>2018-10-04T10:21:29Z</time>
      </trkpt>
      <trkpt lat="26.9174930" lon="75.8076150">
        <time>2018-10-04T10:21:40Z</time>
      </trkpt>
      <trkpt lat="26.9174930" lon="75.8076150">
        <time>2018-10-04T10:21:51Z</time>
      </trkpt>
      <trkpt lat="26.9174930" lon="75.8076150">
        <time>2018-10-04T10:22:02Z</time>
      </trkpt>
      <trkpt lat="26.9174930" lon="75.8076150">
        <time>2018-10-04T10:22:12Z</time>
      </trkpt>
      <trkpt lat="26.9174930" lon="75.8076150">
        <time>2018-10-04T10:22:23Z</time>
      </trkpt>
      <trkpt lat="26.9174930" lon="75.8076150">
        <time>2018-10-04T10:22:34Z</time>
      </trkpt>
      <trkpt lat="26.9174930" lon="75.8076150">
        <time>2018-10-04T10:22:45Z</time>
      </trkpt>
      <trkpt lat="26.9174930" lon="75.8076150">
        <time>2018-10-04T10:22:56Z</time>
      </trkpt>
      <trkpt lat="26.9174930" lon="75.8076150">
        <time>2018-10-04T10:23:06Z</time>
      </trkpt>
      <trkpt lat="26.9174930" lon="75.8076150">
        <time>2018-10-04T10:23:17Z</time>
      </trkpt>
      <trkpt lat="26.9174930" lon="75.8076150">
        <time>2018-10-04T10:23:28Z</time>
      </trkpt>
      <trkpt lat="26.9174930" lon="75.8076150">
        <time>2018-10-04T10:23:39Z</time>
      </trkpt>
      <trkpt lat="26.9174930" lon="75.8076150">
        <time>2018-10-04T10:23:50Z</time>
      </trkpt>
      <trkpt lat="26.9174930" lon="75.8076150">
        <time>2018-10-04T10:24:01Z</time>
      </trkpt>
      <trkpt lat="26.9174930" lon="75.8076150">
        <time>2018-10-04T10:24:11Z</time>
      </trkpt>
      <trkpt lat="26.9174930" lon="75.8076150">
        <time>2018-10-04T10:24:22Z</time>
      </trkpt>
      <trkpt lat="26.9174930" lon="75.8076150">
        <time>2018-10-04T10:24:32Z</time>
      </trkpt>
      <trkpt lat="26.9174930" lon="75.8076150">
        <time>2018-10-04T10:24:42Z</time>
      </trkpt>
      <trkpt lat="26.9174930" lon="75.8076150">
        <time>2018-10-04T10:24:53Z</time>
      </trkpt>
      <trkpt lat="26.9174930" lon="75.8076150">
        <time>2018-10-04T10:25:03Z</time>
      </trkpt>
      <trkpt lat="26.9174930" lon="75.8076150">
        <time>2018-10-04T10:25:14Z</time>
      </trkpt>
      <trkpt lat="26.9174930" lon="75.8076150">
        <time>2018-10-04T10:25:25Z</time>
      </trkpt>
      <trkpt lat="26.9174930" lon="75.8076150">
        <time>2018-10-04T10:25:36Z</time>
      </trkpt>
      <trkpt lat="26.9174930" lon="75.8076150">
        <time>2018-10-04T10:25:47Z</time>
      </trkpt>
      <trkpt lat="26.9174930" lon="75.8076150">
        <time>2018-10-04T10:25:57Z</time>
      </trkpt>
      <trkpt lat="26.9174902" lon="75.8076311">
        <time>2018-10-04T10:26:07Z</time>
      </trkpt>
      <trkpt lat="26.9174902" lon="75.8076311">
        <time>2018-10-04T10:26:17Z</time>
      </trkpt>
      <trkpt lat="26.9174902" lon="75.8076311">
        <time>2018-10-04T10:26:28Z</time>
      </trkpt>
      <trkpt lat="26.9174902" lon="75.8076311">
        <time>2018-10-04T10:26:39Z</time>
      </trkpt>
      <trkpt lat="26.9174902" lon="75.8076311">
        <time>2018-10-04T10:26:50Z</time>
      </trkpt>
      <trkpt lat="26.9174902" lon="75.8076311">
        <time>2018-10-04T10:27:00Z</time>
      </trkpt>
      <trkpt lat="26.9174902" lon="75.8076311">
        <time>2018-10-04T10:27:11Z</time>
      </trkpt>
      <trkpt lat="26.9174902" lon="75.8076311">
        <time>2018-10-04T10:27:21Z</time>
      </trkpt>
      <trkpt lat="26.9174902" lon="75.8076311">
        <time>2018-10-04T10:27:31Z</time>
      </trkpt>
      <trkpt lat="26.9174902" lon="75.8076311">
        <time>2018-10-04T10:27:42Z</time>
      </trkpt>
      <trkpt lat="26.9174902" lon="75.8076311">
        <time>2018-10-04T10:27:52Z</time>
      </trkpt>
      <trkpt lat="26.9174902" lon="75.8076311">
        <time>2018-10-04T10:28:02Z</time>
      </trkpt>
      <trkpt lat="26.9174902" lon="75.8076311">
        <time>2018-10-04T10:28:13Z</time>
      </trkpt>
      <trkpt lat="26.9174902" lon="75.8076311">
        <time>2018-10-04T10:28:24Z</time>
      </trkpt>
      <trkpt lat="26.9174902" lon="75.8076311">
        <time>2018-10-04T10:28:35Z</time>
      </trkpt>
      <trkpt lat="26.9174902" lon="75.8076311">
        <time>2018-10-04T10:28:46Z</time>
      </trkpt>
      <trkpt lat="26.9174902" lon="75.8076311">
        <time>2018-10-04T10:28:57Z</time>
      </trkpt>
      <trkpt lat="26.9174902" lon="75.8076311">
        <time>2018-10-04T10:29:07Z</time>
      </trkpt>
      <trkpt lat="26.9174902" lon="75.8076311">
        <time>2018-10-04T10:29:18Z</time>
      </trkpt>
      <trkpt lat="26.9174902" lon="75.8076311">
        <time>2018-10-04T10:29:29Z</time>
      </trkpt>
      <trkpt lat="26.9174902" lon="75.8076311">
        <time>2018-10-04T10:29:40Z</time>
      </trkpt>
      <trkpt lat="26.9174902" lon="75.8076311">
        <time>2018-10-04T10:29:51Z</time>
      </trkpt>
      <trkpt lat="26.9174902" lon="75.8076311">
        <time>2018-10-04T10:30:02Z</time>
      </trkpt>
      <trkpt lat="26.9174902" lon="75.8076311">
        <time>2018-10-04T10:30:13Z</time>
      </trkpt>
      <trkpt lat="26.9174902" lon="75.8076311">
        <time>2018-10-04T10:30:23Z</time>
      </trkpt>
      <trkpt lat="26.9174902" lon="75.8076311">
        <time>2018-10-04T10:30:34Z</time>
      </trkpt>
      <trkpt lat="26.9174902" lon="75.8076311">
        <time>2018-10-04T10:30:45Z</time>
      </trkpt>
      <trkpt lat="26.9174902" lon="75.8076311">
        <time>2018-10-04T10:30:55Z</time>
      </trkpt>
      <trkpt lat="26.9174902" lon="75.8076311">
        <time>2018-10-04T10:31:05Z</time>
      </trkpt>
      <trkpt lat="26.9174902" lon="75.8076311">
        <time>2018-10-04T10:31:15Z</time>
      </trkpt>
      <trkpt lat="26.9174902" lon="75.8076311">
        <time>2018-10-04T10:31:26Z</time>
      </trkpt>
      <trkpt lat="26.9174902" lon="75.8076311">
        <time>2018-10-04T10:31:37Z</time>
      </trkpt>
      <trkpt lat="26.9174902" lon="75.8076311">
        <time>2018-10-04T10:31:47Z</time>
      </trkpt>
      <trkpt lat="26.9174902" lon="75.8076311">
        <time>2018-10-04T10:31:58Z</time>
      </trkpt>
      <trkpt lat="26.9174902" lon="75.8076311">
        <time>2018-10-04T10:32:08Z</time>
      </trkpt>
      <trkpt lat="26.9174902" lon="75.8076311">
        <time>2018-10-04T10:32:18Z</time>
      </trkpt>
      <trkpt lat="26.9174902" lon="75.8076311">
        <time>2018-10-04T10:32:28Z</time>
      </trkpt>
      <trkpt lat="26.9174902" lon="75.8076311">
        <time>2018-10-04T10:32:38Z</time>
      </trkpt>
      <trkpt lat="26.9174902" lon="75.8076311">
        <time>2018-10-04T10:32:49Z</time>
      </trkpt>
      <trkpt lat="26.9174902" lon="75.8076311">
        <time>2018-10-04T10:33:00Z</time>
      </trkpt>
      <trkpt lat="26.9174902" lon="75.8076311">
        <time>2018-10-04T10:33:10Z</time>
      </trkpt>
      <trkpt lat="26.9174902" lon="75.8076311">
        <time>2018-10-04T10:33:21Z</time>
      </trkpt>
      <trkpt lat="26.9174902" lon="75.8076311">
        <time>2018-10-04T10:33:31Z</time>
      </trkpt>
      <trkpt lat="26.9174902" lon="75.8076311">
        <time>2018-10-04T10:33:41Z</time>
      </trkpt>
      <trkpt lat="26.9174902" lon="75.8076311">
        <time>2018-10-04T10:33:52Z</time>
      </trkpt>
      <trkpt lat="26.9174902" lon="75.8076311">
        <time>2018-10-04T10:34:03Z</time>
      </trkpt>
      <trkpt lat="26.9174902" lon="75.8076311">
        <time>2018-10-04T10:34:14Z</time>
      </trkpt>
      <trkpt lat="26.9174902" lon="75.8076311">
        <time>2018-10-04T10:34:24Z</time>
      </trkpt>
      <trkpt lat="26.9174902" lon="75.8076311">
        <time>2018-10-04T10:34:35Z</time>
      </trkpt>
      <trkpt lat="26.9174996" lon="75.8075788">
        <time>2018-10-04T10:34:46Z</time>
      </trkpt>
      <trkpt lat="26.9174995" lon="75.8075786">
        <time>2018-10-04T10:34:57Z</time>
      </trkpt>
      <trkpt lat="26.9174995" lon="75.8075786">
        <time>2018-10-04T10:35:08Z</time>
      </trkpt>
      <trkpt lat="26.9174995" lon="75.8075786">
        <time>2018-10-04T10:35:18Z</time>
      </trkpt>
      <trkpt lat="26.9174995" lon="75.8075786">
        <time>2018-10-04T10:35:29Z</time>
      </trkpt>
      <trkpt lat="26.9174995" lon="75.8075786">
        <time>2018-10-04T10:35:39Z</time>
      </trkpt>
      <trkpt lat="26.9175422" lon="75.8076344">
        <time>2018-10-04T10:35:49Z</time>
      </trkpt>
      <trkpt lat="26.9175422" lon="75.8076344">
        <time>2018-10-04T10:36:00Z</time>
      </trkpt>
      <trkpt lat="26.9175422" lon="75.8076344">
        <time>2018-10-04T10:36:10Z</time>
      </trkpt>
      <trkpt lat="26.9175422" lon="75.8076344">
        <time>2018-10-04T10:36:21Z</time>
      </trkpt>
      <trkpt lat="26.9175422" lon="75.8076344">
        <time>2018-10-04T10:36:32Z</time>
      </trkpt>
      <trkpt lat="26.9175422" lon="75.8076344">
        <time>2018-10-04T10:36:42Z</time>
      </trkpt>
      <trkpt lat="26.9175422" lon="75.8076344">
        <time>2018-10-04T10:36:53Z</time>
      </trkpt>
      <trkpt lat="26.9175422" lon="75.8076344">
        <time>2018-10-04T10:37:03Z</time>
      </trkpt>
      <trkpt lat="26.9175422" lon="75.8076344">
        <time>2018-10-04T10:37:14Z</time>
      </trkpt>
      <trkpt lat="26.9175422" lon="75.8076344">
        <time>2018-10-04T10:37:24Z</time>
      </trkpt>
      <trkpt lat="26.9175422" lon="75.8076344">
        <time>2018-10-04T10:37:35Z</time>
      </trkpt>
      <trkpt lat="26.9175422" lon="75.8076344">
        <time>2018-10-04T10:37:45Z</time>
      </trkpt>
      <trkpt lat="26.9175422" lon="75.8076344">
        <time>2018-10-04T10:37:56Z</time>
      </trkpt>
      <trkpt lat="26.9175422" lon="75.8076344">
        <time>2018-10-04T10:38:07Z</time>
      </trkpt>
      <trkpt lat="26.9175422" lon="75.8076344">
        <time>2018-10-04T10:38:17Z</time>
      </trkpt>
      <trkpt lat="26.9175422" lon="75.8076344">
        <time>2018-10-04T10:38:27Z</time>
      </trkpt>
      <trkpt lat="26.9175422" lon="75.8076344">
        <time>2018-10-04T10:38:38Z</time>
      </trkpt>
      <trkpt lat="26.9175422" lon="75.8076344">
        <time>2018-10-04T10:38:49Z</time>
      </trkpt>
      <trkpt lat="26.9175422" lon="75.8076344">
        <time>2018-10-04T10:39:00Z</time>
      </trkpt>
      <trkpt lat="26.9175422" lon="75.8076344">
        <time>2018-10-04T10:39:11Z</time>
      </trkpt>
      <trkpt lat="26.9175422" lon="75.8076344">
        <time>2018-10-04T10:39:21Z</time>
      </trkpt>
      <trkpt lat="26.9175422" lon="75.8076344">
        <time>2018-10-04T10:39:31Z</time>
      </trkpt>
      <trkpt lat="26.9175422" lon="75.8076344">
        <time>2018-10-04T10:39:41Z</time>
      </trkpt>
      <trkpt lat="26.9175422" lon="75.8076344">
        <time>2018-10-04T10:39:52Z</time>
      </trkpt>
      <trkpt lat="26.9175422" lon="75.8076344">
        <time>2018-10-04T10:40:02Z</time>
      </trkpt>
      <trkpt lat="26.9175422" lon="75.8076344">
        <time>2018-10-04T10:40:12Z</time>
      </trkpt>
      <trkpt lat="26.9175422" lon="75.8076344">
        <time>2018-10-04T10:40:23Z</time>
      </trkpt>
      <trkpt lat="26.9175422" lon="75.8076344">
        <time>2018-10-04T10:40:34Z</time>
      </trkpt>
      <trkpt lat="26.9175422" lon="75.8076344">
        <time>2018-10-04T10:40:44Z</time>
      </trkpt>
      <trkpt lat="26.9175422" lon="75.8076344">
        <time>2018-10-04T10:40:54Z</time>
      </trkpt>
      <trkpt lat="26.9175422" lon="75.8076344">
        <time>2018-10-04T10:41:05Z</time>
      </trkpt>
      <trkpt lat="26.9175422" lon="75.8076344">
        <time>2018-10-04T10:41:15Z</time>
      </trkpt>
      <trkpt lat="26.9175422" lon="75.8076344">
        <time>2018-10-04T10:41:26Z</time>
      </trkpt>
      <trkpt lat="26.9175422" lon="75.8076344">
        <time>2018-10-04T10:41:37Z</time>
      </trkpt>
      <trkpt lat="26.9175422" lon="75.8076344">
        <time>2018-10-04T10:41:47Z</time>
      </trkpt>
      <trkpt lat="26.9175422" lon="75.8076344">
        <time>2018-10-04T10:41:58Z</time>
      </trkpt>
      <trkpt lat="26.9175422" lon="75.8076344">
        <time>2018-10-04T10:42:09Z</time>
      </trkpt>
      <trkpt lat="26.9175422" lon="75.8076344">
        <time>2018-10-04T10:42:20Z</time>
      </trkpt>
      <trkpt lat="26.9175422" lon="75.8076344">
        <time>2018-10-04T10:42:30Z</time>
      </trkpt>
      <trkpt lat="26.9175422" lon="75.8076344">
        <time>2018-10-04T10:42:41Z</time>
      </trkpt>
      <trkpt lat="26.9175422" lon="75.8076344">
        <time>2018-10-04T10:42:52Z</time>
      </trkpt>
      <trkpt lat="26.9175422" lon="75.8076344">
        <time>2018-10-04T10:43:03Z</time>
      </trkpt>
      <trkpt lat="26.9175422" lon="75.8076344">
        <time>2018-10-04T10:43:13Z</time>
      </trkpt>
      <trkpt lat="26.9175422" lon="75.8076344">
        <time>2018-10-04T10:43:24Z</time>
      </trkpt>
      <trkpt lat="26.9175422" lon="75.8076344">
        <time>2018-10-04T10:43:34Z</time>
      </trkpt>
      <trkpt lat="26.9175422" lon="75.8076344">
        <time>2018-10-04T10:43:44Z</time>
      </trkpt>
      <trkpt lat="26.9175422" lon="75.8076344">
        <time>2018-10-04T10:43:55Z</time>
      </trkpt>
      <trkpt lat="26.9175422" lon="75.8076344">
        <time>2018-10-04T10:44:06Z</time>
      </trkpt>
      <trkpt lat="26.9175422" lon="75.8076344">
        <time>2018-10-04T10:44:17Z</time>
      </trkpt>
      <trkpt lat="26.9175422" lon="75.8076344">
        <time>2018-10-04T10:44:27Z</time>
      </trkpt>
      <trkpt lat="26.9175422" lon="75.8076344">
        <time>2018-10-04T10:44:37Z</time>
      </trkpt>
      <trkpt lat="26.9175422" lon="75.8076344">
        <time>2018-10-04T10:44:48Z</time>
      </trkpt>
      <trkpt lat="26.9175422" lon="75.8076344">
        <time>2018-10-04T10:44:58Z</time>
      </trkpt>
      <trkpt lat="26.9175422" lon="75.8076344">
        <time>2018-10-04T10:45:08Z</time>
      </trkpt>
      <trkpt lat="26.9175422" lon="75.8076344">
        <time>2018-10-04T10:45:19Z</time>
      </trkpt>
      <trkpt lat="26.9175422" lon="75.8076344">
        <time>2018-10-04T10:45:29Z</time>
      </trkpt>
      <trkpt lat="26.9175422" lon="75.8076344">
        <time>2018-10-04T10:45:39Z</time>
      </trkpt>
      <trkpt lat="26.9175422" lon="75.8076344">
        <time>2018-10-04T10:45:50Z</time>
      </trkpt>
      <trkpt lat="26.9175422" lon="75.8076344">
        <time>2018-10-04T10:46:00Z</time>
      </trkpt>
      <trkpt lat="26.9175422" lon="75.8076344">
        <time>2018-10-04T10:46:11Z</time>
      </trkpt>
      <trkpt lat="26.9175422" lon="75.8076344">
        <time>2018-10-04T10:46:21Z</time>
      </trkpt>
      <trkpt lat="26.9175422" lon="75.8076344">
        <time>2018-10-04T10:46:32Z</time>
      </trkpt>
      <trkpt lat="26.9175422" lon="75.8076344">
        <time>2018-10-04T10:46:42Z</time>
      </trkpt>
      <trkpt lat="26.9175422" lon="75.8076344">
        <time>2018-10-04T10:46:52Z</time>
      </trkpt>
      <trkpt lat="26.9175422" lon="75.8076344">
        <time>2018-10-04T10:47:02Z</time>
      </trkpt>
      <trkpt lat="26.9175422" lon="75.8076344">
        <time>2018-10-04T10:47:13Z</time>
      </trkpt>
      <trkpt lat="26.9175422" lon="75.8076344">
        <time>2018-10-04T10:47:23Z</time>
      </trkpt>
      <trkpt lat="26.9175422" lon="75.8076344">
        <time>2018-10-04T10:47:34Z</time>
      </trkpt>
      <trkpt lat="26.9175422" lon="75.8076344">
        <time>2018-10-04T10:47:44Z</time>
      </trkpt>
      <trkpt lat="26.9175422" lon="75.8076344">
        <time>2018-10-04T10:47:55Z</time>
      </trkpt>
      <trkpt lat="26.9175422" lon="75.8076344">
        <time>2018-10-04T10:48:05Z</time>
      </trkpt>
      <trkpt lat="26.9175422" lon="75.8076344">
        <time>2018-10-04T10:48:16Z</time>
      </trkpt>
      <trkpt lat="26.9175422" lon="75.8076344">
        <time>2018-10-04T10:48:26Z</time>
      </trkpt>
      <trkpt lat="26.9175422" lon="75.8076344">
        <time>2018-10-04T10:48:36Z</time>
      </trkpt>
      <trkpt lat="26.9175422" lon="75.8076344">
        <time>2018-10-04T10:48:46Z</time>
      </trkpt>
      <trkpt lat="26.9175422" lon="75.8076344">
        <time>2018-10-04T10:48:57Z</time>
      </trkpt>
      <trkpt lat="26.9175422" lon="75.8076344">
        <time>2018-10-04T10:49:08Z</time>
      </trkpt>
      <trkpt lat="26.9175422" lon="75.8076344">
        <time>2018-10-04T10:49:18Z</time>
      </trkpt>
      <trkpt lat="26.9175422" lon="75.8076344">
        <time>2018-10-04T10:49:28Z</time>
      </trkpt>
      <trkpt lat="26.9175422" lon="75.8076344">
        <time>2018-10-04T10:49:39Z</time>
      </trkpt>
      <trkpt lat="26.9175422" lon="75.8076344">
        <time>2018-10-04T10:49:50Z</time>
      </trkpt>
      <trkpt lat="26.9175422" lon="75.8076344">
        <time>2018-10-04T10:50:00Z</time>
      </trkpt>
      <trkpt lat="26.9175422" lon="75.8076344">
        <time>2018-10-04T10:50:10Z</time>
      </trkpt>
      <trkpt lat="26.9175422" lon="75.8076344">
        <time>2018-10-04T10:50:21Z</time>
      </trkpt>
      <trkpt lat="26.9175422" lon="75.8076344">
        <time>2018-10-04T10:50:32Z</time>
      </trkpt>
      <trkpt lat="26.9175422" lon="75.8076344">
        <time>2018-10-04T10:50:42Z</time>
      </trkpt>
      <trkpt lat="26.9175422" lon="75.8076344">
        <time>2018-10-04T10:50:52Z</time>
      </trkpt>
      <trkpt lat="26.9175422" lon="75.8076344">
        <time>2018-10-04T10:51:03Z</time>
      </trkpt>
      <trkpt lat="26.9175422" lon="75.8076344">
        <time>2018-10-04T10:51:14Z</time>
      </trkpt>
      <trkpt lat="26.9175422" lon="75.8076344">
        <time>2018-10-04T10:51:24Z</time>
      </trkpt>
      <trkpt lat="26.9175422" lon="75.8076344">
        <time>2018-10-04T10:51:35Z</time>
      </trkpt>
      <trkpt lat="26.9174889" lon="75.8076196">
        <time>2018-10-04T10:51:45Z</time>
      </trkpt>
      <trkpt lat="26.9174475" lon="75.8076176">
        <time>2018-10-04T10:51:56Z</time>
      </trkpt>
      <trkpt lat="26.9174475" lon="75.8076176">
        <time>2018-10-04T10:52:07Z</time>
      </trkpt>
      <trkpt lat="26.9174475" lon="75.8076176">
        <time>2018-10-04T10:52:17Z</time>
      </trkpt>
      <trkpt lat="26.9174475" lon="75.8076176">
        <time>2018-10-04T10:52:28Z</time>
      </trkpt>
      <trkpt lat="26.9174475" lon="75.8076176">
        <time>2018-10-04T10:52:39Z</time>
      </trkpt>
      <trkpt lat="26.9174475" lon="75.8076176">
        <time>2018-10-04T10:52:49Z</time>
      </trkpt>
      <trkpt lat="26.9174475" lon="75.8076176">
        <time>2018-10-04T10:53:00Z</time>
      </trkpt>
      <trkpt lat="26.9174475" lon="75.8076176">
        <time>2018-10-04T10:53:10Z</time>
      </trkpt>
      <trkpt lat="26.9174475" lon="75.8076176">
        <time>2018-10-04T10:53:21Z</time>
      </trkpt>
      <trkpt lat="26.9174475" lon="75.8076176">
        <time>2018-10-04T10:53:31Z</time>
      </trkpt>
      <trkpt lat="26.9174475" lon="75.8076176">
        <time>2018-10-04T10:53:41Z</time>
      </trkpt>
      <trkpt lat="26.9174475" lon="75.8076176">
        <time>2018-10-04T10:53:52Z</time>
      </trkpt>
      <trkpt lat="26.9174475" lon="75.8076176">
        <time>2018-10-04T10:54:03Z</time>
      </trkpt>
      <trkpt lat="26.9174475" lon="75.8076176">
        <time>2018-10-04T10:54:13Z</time>
      </trkpt>
      <trkpt lat="26.9174475" lon="75.8076176">
        <time>2018-10-04T10:54:23Z</time>
      </trkpt>
      <trkpt lat="26.9174475" lon="75.8076176">
        <time>2018-10-04T10:54:33Z</time>
      </trkpt>
      <trkpt lat="26.9174475" lon="75.8076176">
        <time>2018-10-04T10:54:45Z</time>
      </trkpt>
      <trkpt lat="26.9174475" lon="75.8076176">
        <time>2018-10-04T10:54:55Z</time>
      </trkpt>
      <trkpt lat="26.9174486" lon="75.8076182">
        <time>2018-10-04T10:55:06Z</time>
      </trkpt>
      <trkpt lat="26.9174487" lon="75.8076182">
        <time>2018-10-04T10:55:16Z</time>
      </trkpt>
      <trkpt lat="26.9174487" lon="75.8076182">
        <time>2018-10-04T10:55:27Z</time>
      </trkpt>
      <trkpt lat="26.9174487" lon="75.8076182">
        <time>2018-10-04T10:55:38Z</time>
      </trkpt>
      <trkpt lat="26.9174487" lon="75.8076182">
        <time>2018-10-04T10:55:49Z</time>
      </trkpt>
      <trkpt lat="26.9174487" lon="75.8076182">
        <time>2018-10-04T10:55:59Z</time>
      </trkpt>
      <trkpt lat="26.9174487" lon="75.8076182">
        <time>2018-10-04T10:56:10Z</time>
      </trkpt>
      <trkpt lat="26.9174487" lon="75.8076182">
        <time>2018-10-04T10:56:21Z</time>
      </trkpt>
      <trkpt lat="26.9174487" lon="75.8076182">
        <time>2018-10-04T10:56:31Z</time>
      </trkpt>
      <trkpt lat="26.9174487" lon="75.8076182">
        <time>2018-10-04T10:56:42Z</time>
      </trkpt>
      <trkpt lat="26.9174487" lon="75.8076182">
        <time>2018-10-04T10:56:52Z</time>
      </trkpt>
      <trkpt lat="26.9174487" lon="75.8076182">
        <time>2018-10-04T10:57:03Z</time>
      </trkpt>
      <trkpt lat="26.9174487" lon="75.8076182">
        <time>2018-10-04T10:57:14Z</time>
      </trkpt>
      <trkpt lat="26.9174487" lon="75.8076182">
        <time>2018-10-04T10:57:25Z</time>
      </trkpt>
      <trkpt lat="26.9174487" lon="75.8076182">
        <time>2018-10-04T10:57:35Z</time>
      </trkpt>
      <trkpt lat="26.9174487" lon="75.8076182">
        <time>2018-10-04T10:57:45Z</time>
      </trkpt>
      <trkpt lat="26.9174487" lon="75.8076182">
        <time>2018-10-04T10:57:56Z</time>
      </trkpt>
      <trkpt lat="26.9174487" lon="75.8076182">
        <time>2018-10-04T10:58:07Z</time>
      </trkpt>
      <trkpt lat="26.9174487" lon="75.8076182">
        <time>2018-10-04T10:58:18Z</time>
      </trkpt>
      <trkpt lat="26.9174487" lon="75.8076182">
        <time>2018-10-04T10:58:28Z</time>
      </trkpt>
      <trkpt lat="26.9174487" lon="75.8076182">
        <time>2018-10-04T10:58:39Z</time>
      </trkpt>
      <trkpt lat="26.9174487" lon="75.8076182">
        <time>2018-10-04T10:58:50Z</time>
      </trkpt>
      <trkpt lat="26.9174487" lon="75.8076182">
        <time>2018-10-04T10:59:01Z</time>
      </trkpt>
      <trkpt lat="26.9174487" lon="75.8076182">
        <time>2018-10-04T10:59:11Z</time>
      </trkpt>
      <trkpt lat="26.9174487" lon="75.8076182">
        <time>2018-10-04T10:59:22Z</time>
      </trkpt>
      <trkpt lat="26.9174487" lon="75.8076182">
        <time>2018-10-04T10:59:32Z</time>
      </trkpt>
      <trkpt lat="26.9174487" lon="75.8076182">
        <time>2018-10-04T10:59:43Z</time>
      </trkpt>
      <trkpt lat="26.9174487" lon="75.8076182">
        <time>2018-10-04T10:59:54Z</time>
      </trkpt>
      <trkpt lat="26.9174487" lon="75.8076182">
        <time>2018-10-04T11:00:04Z</time>
      </trkpt>
      <trkpt lat="26.9174487" lon="75.8076182">
        <time>2018-10-04T11:00:15Z</time>
      </trkpt>
      <trkpt lat="26.9174487" lon="75.8076182">
        <time>2018-10-04T11:00:26Z</time>
      </trkpt>
      <trkpt lat="26.9174487" lon="75.8076182">
        <time>2018-10-04T11:00:36Z</time>
      </trkpt>
      <trkpt lat="26.9174487" lon="75.8076182">
        <time>2018-10-04T11:00:46Z</time>
      </trkpt>
      <trkpt lat="26.9174487" lon="75.8076182">
        <time>2018-10-04T11:00:56Z</time>
      </trkpt>
      <trkpt lat="26.9174487" lon="75.8076182">
        <time>2018-10-04T11:01:07Z</time>
      </trkpt>
      <trkpt lat="26.9174487" lon="75.8076182">
        <time>2018-10-04T11:01:18Z</time>
      </trkpt>
      <trkpt lat="26.9174487" lon="75.8076182">
        <time>2018-10-04T11:01:28Z</time>
      </trkpt>
      <trkpt lat="26.9174487" lon="75.8076182">
        <time>2018-10-04T11:01:38Z</time>
      </trkpt>
      <trkpt lat="26.9174487" lon="75.8076182">
        <time>2018-10-04T11:01:49Z</time>
      </trkpt>
      <trkpt lat="26.9174487" lon="75.8076182">
        <time>2018-10-04T11:01:59Z</time>
      </trkpt>
      <trkpt lat="26.9174487" lon="75.8076182">
        <time>2018-10-04T11:02:11Z</time>
      </trkpt>
      <trkpt lat="26.9174487" lon="75.8076182">
        <time>2018-10-04T11:02:21Z</time>
      </trkpt>
      <trkpt lat="26.9174487" lon="75.8076182">
        <time>2018-10-04T11:02:31Z</time>
      </trkpt>
      <trkpt lat="26.9174487" lon="75.8076182">
        <time>2018-10-04T11:02:41Z</time>
      </trkpt>
      <trkpt lat="26.9174487" lon="75.8076182">
        <time>2018-10-04T11:02:52Z</time>
      </trkpt>
      <trkpt lat="26.9174487" lon="75.8076182">
        <time>2018-10-04T11:03:03Z</time>
      </trkpt>
      <trkpt lat="26.9174487" lon="75.8076182">
        <time>2018-10-04T11:03:13Z</time>
      </trkpt>
      <trkpt lat="26.9174487" lon="75.8076182">
        <time>2018-10-04T11:03:24Z</time>
      </trkpt>
      <trkpt lat="26.9174487" lon="75.8076182">
        <time>2018-10-04T11:03:35Z</time>
      </trkpt>
      <trkpt lat="26.9174487" lon="75.8076182">
        <time>2018-10-04T11:03:45Z</time>
      </trkpt>
      <trkpt lat="26.9174487" lon="75.8076182">
        <time>2018-10-04T11:03:56Z</time>
      </trkpt>
      <trkpt lat="26.9174487" lon="75.8076182">
        <time>2018-10-04T11:04:07Z</time>
      </trkpt>
      <trkpt lat="26.9174487" lon="75.8076182">
        <time>2018-10-04T11:04:17Z</time>
      </trkpt>
      <trkpt lat="26.9174487" lon="75.8076182">
        <time>2018-10-04T11:04:28Z</time>
      </trkpt>
      <trkpt lat="26.9174487" lon="75.8076182">
        <time>2018-10-04T11:04:38Z</time>
      </trkpt>
      <trkpt lat="26.9174487" lon="75.8076182">
        <time>2018-10-04T11:04:49Z</time>
      </trkpt>
      <trkpt lat="26.9174487" lon="75.8076182">
        <time>2018-10-04T11:04:59Z</time>
      </trkpt>
      <trkpt lat="26.9174487" lon="75.8076182">
        <time>2018-10-04T11:05:10Z</time>
      </trkpt>
      <trkpt lat="26.9174487" lon="75.8076182">
        <time>2018-10-04T11:05:21Z</time>
      </trkpt>
      <trkpt lat="26.9174487" lon="75.8076182">
        <time>2018-10-04T11:05:31Z</time>
      </trkpt>
      <trkpt lat="26.9174487" lon="75.8076182">
        <time>2018-10-04T11:05:41Z</time>
      </trkpt>
      <trkpt lat="26.9174487" lon="75.8076182">
        <time>2018-10-04T11:05:52Z</time>
      </trkpt>
      <trkpt lat="26.9174487" lon="75.8076182">
        <time>2018-10-04T11:06:02Z</time>
      </trkpt>
      <trkpt lat="26.9174487" lon="75.8076182">
        <time>2018-10-04T11:06:12Z</time>
      </trkpt>
      <trkpt lat="26.9174487" lon="75.8076182">
        <time>2018-10-04T11:06:22Z</time>
      </trkpt>
      <trkpt lat="26.9174487" lon="75.8076182">
        <time>2018-10-04T11:06:33Z</time>
      </trkpt>
      <trkpt lat="26.9174487" lon="75.8076182">
        <time>2018-10-04T11:06:44Z</time>
      </trkpt>
      <trkpt lat="26.9174487" lon="75.8076182">
        <time>2018-10-04T11:06:54Z</time>
      </trkpt>
      <trkpt lat="26.9174487" lon="75.8076182">
        <time>2018-10-04T11:07:05Z</time>
      </trkpt>
      <trkpt lat="26.9174487" lon="75.8076182">
        <time>2018-10-04T11:07:16Z</time>
      </trkpt>
      <trkpt lat="26.9174487" lon="75.8076182">
        <time>2018-10-04T11:07:26Z</time>
      </trkpt>
      <trkpt lat="26.9174487" lon="75.8076182">
        <time>2018-10-04T11:07:36Z</time>
      </trkpt>
      <trkpt lat="26.9174487" lon="75.8076182">
        <time>2018-10-04T11:07:46Z</time>
      </trkpt>
      <trkpt lat="26.9174487" lon="75.8076182">
        <time>2018-10-04T11:07:56Z</time>
      </trkpt>
      <trkpt lat="26.9174487" lon="75.8076182">
        <time>2018-10-04T11:08:06Z</time>
      </trkpt>
      <trkpt lat="26.9174487" lon="75.8076182">
        <time>2018-10-04T11:08:16Z</time>
      </trkpt>
      <trkpt lat="26.9174487" lon="75.8076182">
        <time>2018-10-04T11:08:27Z</time>
      </trkpt>
      <trkpt lat="26.9174487" lon="75.8076182">
        <time>2018-10-04T11:08:38Z</time>
      </trkpt>
      <trkpt lat="26.9174487" lon="75.8076182">
        <time>2018-10-04T11:08:48Z</time>
      </trkpt>
      <trkpt lat="26.9174487" lon="75.8076182">
        <time>2018-10-04T11:08:59Z</time>
      </trkpt>
      <trkpt lat="26.9174487" lon="75.8076182">
        <time>2018-10-04T11:09:10Z</time>
      </trkpt>
      <trkpt lat="26.9174487" lon="75.8076182">
        <time>2018-10-04T11:09:20Z</time>
      </trkpt>
      <trkpt lat="26.9174487" lon="75.8076182">
        <time>2018-10-04T11:09:31Z</time>
      </trkpt>
      <trkpt lat="26.9174487" lon="75.8076182">
        <time>2018-10-04T11:09:42Z</time>
      </trkpt>
      <trkpt lat="26.9174487" lon="75.8076182">
        <time>2018-10-04T11:09:53Z</time>
      </trkpt>
      <trkpt lat="26.9174487" lon="75.8076182">
        <time>2018-10-04T11:10:04Z</time>
      </trkpt>
      <trkpt lat="26.9174487" lon="75.8076182">
        <time>2018-10-04T11:10:15Z</time>
      </trkpt>
      <trkpt lat="26.9174487" lon="75.8076182">
        <time>2018-10-04T11:10:25Z</time>
      </trkpt>
      <trkpt lat="26.9174487" lon="75.8076182">
        <time>2018-10-04T11:10:36Z</time>
      </trkpt>
      <trkpt lat="26.9174487" lon="75.8076182">
        <time>2018-10-04T11:10:46Z</time>
      </trkpt>
      <trkpt lat="26.9174487" lon="75.8076182">
        <time>2018-10-04T11:10:56Z</time>
      </trkpt>
      <trkpt lat="26.9174487" lon="75.8076182">
        <time>2018-10-04T11:11:07Z</time>
      </trkpt>
      <trkpt lat="26.9174487" lon="75.8076182">
        <time>2018-10-04T11:11:17Z</time>
      </trkpt>
      <trkpt lat="26.9174487" lon="75.8076182">
        <time>2018-10-04T11:11:27Z</time>
      </trkpt>
      <trkpt lat="26.9174487" lon="75.8076182">
        <time>2018-10-04T11:11:38Z</time>
      </trkpt>
      <trkpt lat="26.9174487" lon="75.8076182">
        <time>2018-10-04T11:11:48Z</time>
      </trkpt>
      <trkpt lat="26.9174487" lon="75.8076182">
        <time>2018-10-04T11:11:59Z</time>
      </trkpt>
      <trkpt lat="26.9174487" lon="75.8076182">
        <time>2018-10-04T11:12:10Z</time>
      </trkpt>
      <trkpt lat="26.9174487" lon="75.8076182">
        <time>2018-10-04T11:12:20Z</time>
      </trkpt>
      <trkpt lat="26.9174487" lon="75.8076182">
        <time>2018-10-04T11:12:30Z</time>
      </trkpt>
      <trkpt lat="26.9174487" lon="75.8076182">
        <time>2018-10-04T11:12:41Z</time>
      </trkpt>
      <trkpt lat="26.9174487" lon="75.8076182">
        <time>2018-10-04T11:12:51Z</time>
      </trkpt>
      <trkpt lat="26.9174487" lon="75.8076182">
        <time>2018-10-04T11:13:03Z</time>
      </trkpt>
      <trkpt lat="26.9174487" lon="75.8076182">
        <time>2018-10-04T11:13:13Z</time>
      </trkpt>
      <trkpt lat="26.9174487" lon="75.8076182">
        <time>2018-10-04T11:13:23Z</time>
      </trkpt>
      <trkpt lat="26.9174487" lon="75.8076182">
        <time>2018-10-04T11:13:34Z</time>
      </trkpt>
      <trkpt lat="26.9174487" lon="75.8076182">
        <time>2018-10-04T11:13:45Z</time>
      </trkpt>
      <trkpt lat="26.9174487" lon="75.8076182">
        <time>2018-10-04T11:13:56Z</time>
      </trkpt>
      <trkpt lat="26.9174487" lon="75.8076182">
        <time>2018-10-04T11:14:07Z</time>
      </trkpt>
      <trkpt lat="26.9174487" lon="75.8076182">
        <time>2018-10-04T11:14:17Z</time>
      </trkpt>
      <trkpt lat="26.9174487" lon="75.8076182">
        <time>2018-10-04T11:14:28Z</time>
      </trkpt>
      <trkpt lat="26.9174487" lon="75.8076182">
        <time>2018-10-04T11:14:39Z</time>
      </trkpt>
      <trkpt lat="26.9174487" lon="75.8076182">
        <time>2018-10-04T11:14:50Z</time>
      </trkpt>
      <trkpt lat="26.9174487" lon="75.8076182">
        <time>2018-10-04T11:15:01Z</time>
      </trkpt>
      <trkpt lat="26.9174487" lon="75.8076182">
        <time>2018-10-04T11:15:11Z</time>
      </trkpt>
      <trkpt lat="26.9174487" lon="75.8076182">
        <time>2018-10-04T11:15:22Z</time>
      </trkpt>
      <trkpt lat="26.9174487" lon="75.8076182">
        <time>2018-10-04T11:15:32Z</time>
      </trkpt>
      <trkpt lat="26.9174487" lon="75.8076182">
        <time>2018-10-04T11:15:42Z</time>
      </trkpt>
      <trkpt lat="26.9174487" lon="75.8076182">
        <time>2018-10-04T11:15:52Z</time>
      </trkpt>
      <trkpt lat="26.9174487" lon="75.8076182">
        <time>2018-10-04T11:16:03Z</time>
      </trkpt>
      <trkpt lat="26.9174487" lon="75.8076182">
        <time>2018-10-04T11:16:14Z</time>
      </trkpt>
      <trkpt lat="26.9174487" lon="75.8076182">
        <time>2018-10-04T11:16:24Z</time>
      </trkpt>
      <trkpt lat="26.9174487" lon="75.8076182">
        <time>2018-10-04T11:16:35Z</time>
      </trkpt>
      <trkpt lat="26.9174487" lon="75.8076182">
        <time>2018-10-04T11:16:46Z</time>
      </trkpt>
      <trkpt lat="26.9174487" lon="75.8076182">
        <time>2018-10-04T11:16:57Z</time>
      </trkpt>
      <trkpt lat="26.9174487" lon="75.8076182">
        <time>2018-10-04T11:17:08Z</time>
      </trkpt>
      <trkpt lat="26.9174487" lon="75.8076182">
        <time>2018-10-04T11:17:19Z</time>
      </trkpt>
      <trkpt lat="26.9174487" lon="75.8076182">
        <time>2018-10-04T11:17:29Z</time>
      </trkpt>
      <trkpt lat="26.9174487" lon="75.8076182">
        <time>2018-10-04T11:17:40Z</time>
      </trkpt>
      <trkpt lat="26.9174487" lon="75.8076182">
        <time>2018-10-04T11:17:50Z</time>
      </trkpt>
      <trkpt lat="26.9174487" lon="75.8076182">
        <time>2018-10-04T11:18:00Z</time>
      </trkpt>
      <trkpt lat="26.9174487" lon="75.8076182">
        <time>2018-10-04T11:18:11Z</time>
      </trkpt>
      <trkpt lat="26.9174487" lon="75.8076182">
        <time>2018-10-04T11:18:21Z</time>
      </trkpt>
      <trkpt lat="26.9174487" lon="75.8076182">
        <time>2018-10-04T11:18:32Z</time>
      </trkpt>
      <trkpt lat="26.9174487" lon="75.8076182">
        <time>2018-10-04T11:18:42Z</time>
      </trkpt>
      <trkpt lat="26.9174487" lon="75.8076182">
        <time>2018-10-04T11:18:52Z</time>
      </trkpt>
      <trkpt lat="26.9174487" lon="75.8076182">
        <time>2018-10-04T11:19:03Z</time>
      </trkpt>
      <trkpt lat="26.9174487" lon="75.8076182">
        <time>2018-10-04T11:19:13Z</time>
      </trkpt>
      <trkpt lat="26.9174487" lon="75.8076182">
        <time>2018-10-04T11:19:23Z</time>
      </trkpt>
      <trkpt lat="26.9174487" lon="75.8076182">
        <time>2018-10-04T11:19:33Z</time>
      </trkpt>
      <trkpt lat="26.9174487" lon="75.8076182">
        <time>2018-10-04T11:19:44Z</time>
      </trkpt>
      <trkpt lat="26.9174487" lon="75.8076182">
        <time>2018-10-04T11:19:54Z</time>
      </trkpt>
      <trkpt lat="26.9174487" lon="75.8076182">
        <time>2018-10-04T11:20:05Z</time>
      </trkpt>
      <trkpt lat="26.9174487" lon="75.8076182">
        <time>2018-10-04T11:20:16Z</time>
      </trkpt>
      <trkpt lat="26.9174487" lon="75.8076182">
        <time>2018-10-04T11:20:27Z</time>
      </trkpt>
      <trkpt lat="26.9174487" lon="75.8076182">
        <time>2018-10-04T11:20:38Z</time>
      </trkpt>
      <trkpt lat="26.9174487" lon="75.8076182">
        <time>2018-10-04T11:20:49Z</time>
      </trkpt>
      <trkpt lat="26.9174487" lon="75.8076182">
        <time>2018-10-04T11:20:59Z</time>
      </trkpt>
      <trkpt lat="26.9174487" lon="75.8076182">
        <time>2018-10-04T11:21:10Z</time>
      </trkpt>
      <trkpt lat="26.9174487" lon="75.8076182">
        <time>2018-10-04T11:21:21Z</time>
      </trkpt>
      <trkpt lat="26.9174487" lon="75.8076182">
        <time>2018-10-04T11:21:31Z</time>
      </trkpt>
      <trkpt lat="26.9174487" lon="75.8076182">
        <time>2018-10-04T11:21:41Z</time>
      </trkpt>
      <trkpt lat="26.9174487" lon="75.8076182">
        <time>2018-10-04T11:21:51Z</time>
      </trkpt>
      <trkpt lat="26.9174487" lon="75.8076182">
        <time>2018-10-04T11:22:01Z</time>
      </trkpt>
      <trkpt lat="26.9174487" lon="75.8076182">
        <time>2018-10-04T11:22:11Z</time>
      </trkpt>
      <trkpt lat="26.9174487" lon="75.8076182">
        <time>2018-10-04T11:22:21Z</time>
      </trkpt>
      <trkpt lat="26.9174487" lon="75.8076182">
        <time>2018-10-04T11:22:32Z</time>
      </trkpt>
      <trkpt lat="26.9174487" lon="75.8076182">
        <time>2018-10-04T11:22:42Z</time>
      </trkpt>
      <trkpt lat="26.9174487" lon="75.8076182">
        <time>2018-10-04T11:22:53Z</time>
      </trkpt>
      <trkpt lat="26.9174487" lon="75.8076182">
        <time>2018-10-04T11:23:03Z</time>
      </trkpt>
      <trkpt lat="26.9174487" lon="75.8076182">
        <time>2018-10-04T11:23:14Z</time>
      </trkpt>
      <trkpt lat="26.9174487" lon="75.8076182">
        <time>2018-10-04T11:23:24Z</time>
      </trkpt>
      <trkpt lat="26.9174487" lon="75.8076182">
        <time>2018-10-04T11:23:35Z</time>
      </trkpt>
      <trkpt lat="26.9174487" lon="75.8076182">
        <time>2018-10-04T11:23:45Z</time>
      </trkpt>
      <trkpt lat="26.9174487" lon="75.8076182">
        <time>2018-10-04T11:23:56Z</time>
      </trkpt>
      <trkpt lat="26.9174487" lon="75.8076182">
        <time>2018-10-04T11:24:06Z</time>
      </trkpt>
      <trkpt lat="26.9174487" lon="75.8076182">
        <time>2018-10-04T11:24:17Z</time>
      </trkpt>
      <trkpt lat="26.9174487" lon="75.8076182">
        <time>2018-10-04T11:24:27Z</time>
      </trkpt>
      <trkpt lat="26.9174487" lon="75.8076182">
        <time>2018-10-04T11:24:38Z</time>
      </trkpt>
      <trkpt lat="26.9174487" lon="75.8076182">
        <time>2018-10-04T11:24:48Z</time>
      </trkpt>
      <trkpt lat="26.9174487" lon="75.8076182">
        <time>2018-10-04T11:24:59Z</time>
      </trkpt>
      <trkpt lat="26.9174487" lon="75.8076182">
        <time>2018-10-04T11:25:10Z</time>
      </trkpt>
      <trkpt lat="26.9174487" lon="75.8076182">
        <time>2018-10-04T11:25:20Z</time>
      </trkpt>
      <trkpt lat="26.9174487" lon="75.8076182">
        <time>2018-10-04T11:25:30Z</time>
      </trkpt>
      <trkpt lat="26.9174487" lon="75.8076182">
        <time>2018-10-04T11:25:41Z</time>
      </trkpt>
      <trkpt lat="26.9174487" lon="75.8076182">
        <time>2018-10-04T11:25:52Z</time>
      </trkpt>
      <trkpt lat="26.9174487" lon="75.8076182">
        <time>2018-10-04T11:26:02Z</time>
      </trkpt>
      <trkpt lat="26.9174487" lon="75.8076182">
        <time>2018-10-04T11:26:12Z</time>
      </trkpt>
      <trkpt lat="26.9174487" lon="75.8076182">
        <time>2018-10-04T11:26:23Z</time>
      </trkpt>
      <trkpt lat="26.9174487" lon="75.8076182">
        <time>2018-10-04T11:26:33Z</time>
      </trkpt>
      <trkpt lat="26.9174487" lon="75.8076182">
        <time>2018-10-04T11:26:44Z</time>
      </trkpt>
      <trkpt lat="26.9174487" lon="75.8076182">
        <time>2018-10-04T11:26:55Z</time>
      </trkpt>
      <trkpt lat="26.9174487" lon="75.8076182">
        <time>2018-10-04T11:27:05Z</time>
      </trkpt>
      <trkpt lat="26.9174487" lon="75.8076182">
        <time>2018-10-04T11:27:16Z</time>
      </trkpt>
      <trkpt lat="26.9174487" lon="75.8076182">
        <time>2018-10-04T11:27:26Z</time>
      </trkpt>
      <trkpt lat="26.9174487" lon="75.8076182">
        <time>2018-10-04T11:27:37Z</time>
      </trkpt>
      <trkpt lat="26.9174487" lon="75.8076182">
        <time>2018-10-04T11:27:49Z</time>
      </trkpt>
    </trkseg>
  </trk>
  <trk>
    <trkseg>
      <trkpt lat="26.9030513" lon="75.7888946">
        <time>2016-10-26T06:30:38Z</time>
      </trkpt>
      <trkpt lat="26.9027214" lon="75.7891998">
        <time>2016-10-26T06:30:43Z</time>
      </trkpt>
      <trkpt lat="26.9025554" lon="75.7894592">
        <time>2016-10-26T06:30:48Z</time>
      </trkpt>
      <trkpt lat="26.9026603" lon="75.7898788">
        <time>2016-10-26T06:30:54Z</time>
      </trkpt>
      <trkpt lat="26.9026908" lon="75.7902297">
        <time>2016-10-26T06:30:59Z</time>
      </trkpt>
      <trkpt lat="26.9026775" lon="75.7905883">
        <time>2016-10-26T06:31:04Z</time>
      </trkpt>
      <trkpt lat="26.9026851" lon="75.7910156">
        <time>2016-10-26T06:31:09Z</time>
      </trkpt>
      <trkpt lat="26.9026718" lon="75.7914962">
        <time>2016-10-26T06:31:14Z</time>
      </trkpt>
      <trkpt lat="26.9026546" lon="75.7919692">
        <time>2016-10-26T06:31:19Z</time>
      </trkpt>
      <trkpt lat="26.9026374" lon="75.7923202">
        <time>2016-10-26T06:31:24Z</time>
      </trkpt>
      <trkpt lat="26.9026355" lon="75.7926559">
        <time>2016-10-26T06:31:29Z</time>
      </trkpt>
      <trkpt lat="26.9026088" lon="75.7929229">
        <time>2016-10-26T06:31:34Z</time>
      </trkpt>
      <trkpt lat="26.9025897" lon="75.7931289">
        <time>2016-10-26T06:31:39Z</time>
      </trkpt>
      <trkpt lat="26.9025745" lon="75.7933273">
        <time>2016-10-26T06:31:44Z</time>
      </trkpt>
      <trkpt lat="26.9025363" lon="75.7934112">
        <time>2016-10-26T06:31:49Z</time>
      </trkpt>
      <trkpt lat="26.9023818" lon="75.7935333">
        <time>2016-10-26T06:31:54Z</time>
      </trkpt>
      <trkpt lat="26.9021911" lon="75.7937469">
        <time>2016-10-26T06:31:59Z</time>
      </trkpt>
      <trkpt lat="26.9019374" lon="75.7938690">
        <time>2016-10-26T06:32:04Z</time>
      </trkpt>
      <trkpt lat="26.9017333" lon="75.7941589">
        <time>2016-10-26T06:32:09Z</time>
      </trkpt>
      <trkpt lat="26.9015254" lon="75.7945785">
        <time>2016-10-26T06:32:14Z</time>
      </trkpt>
      <trkpt lat="26.9012699" lon="75.7951202">
        <time>2016-10-26T06:32:19Z</time>
      </trkpt>
      <trkpt lat="26.9009914" lon="75.7957000">
        <time>2016-10-26T06:32:24Z</time>
      </trkpt>
      <trkpt lat="26.9007492" lon="75.7962341">
        <time>2016-10-26T06:32:29Z</time>
      </trkpt>
      <trkpt lat="26.9005641" lon="75.7966308">
        <time>2016-10-26T06:32:34Z</time>
      </trkpt>
      <trkpt lat="26.9003524" lon="75.7970962">
        <time>2016-10-26T06:32:39Z</time>
      </trkpt>
      <trkpt lat="26.9001789" lon="75.7974929">
        <time>2016-10-26T06:32:44Z</time>
      </trkpt>
      <trkpt lat="26.9001388" lon="75.7975692">
        <time>2016-10-26T06:32:49Z</time>
      </trkpt>
      <trkpt lat="26.9001369" lon="75.7975692">
        <time>2016-10-26T06:32:54Z</time>
      </trkpt>
      <trkpt lat="26.9001369" lon="75.7975692">
        <time>2016-10-26T06:32:59Z</time>
      </trkpt>
      <trkpt lat="26.9001388" lon="75.7975616">
        <time>2016-10-26T06:33:04Z</time>
      </trkpt>
      <trkpt lat="26.9001369" lon="75.7975616">
        <time>2016-10-26T06:33:09Z</time>
      </trkpt>
      <trkpt lat="26.9001369" lon="75.7975692">
        <time>2016-10-26T06:33:14Z</time>
      </trkpt>
      <trkpt lat="26.9001369" lon="75.7975692">
        <time>2016-10-26T06:33:19Z</time>
      </trkpt>
      <trkpt lat="26.9001369" lon="75.7975616">
        <time>2016-10-26T06:33:24Z</time>
      </trkpt>
      <trkpt lat="26.9001159" lon="75.7975997">
        <time>2016-10-26T06:33:29Z</time>
      </trkpt>
      <trkpt lat="26.9000110" lon="75.7978057">
        <time>2016-10-26T06:33:34Z</time>
      </trkpt>
      <trkpt lat="26.8998775" lon="75.7981185">
        <time>2016-10-26T06:33:39Z</time>
      </trkpt>
      <trkpt lat="26.8996696" lon="75.7985153">
        <time>2016-10-26T06:33:44Z</time>
      </trkpt>
      <trkpt lat="26.8994369" lon="75.7989730">
        <time>2016-10-26T06:33:49Z</time>
      </trkpt>
      <trkpt lat="26.8992042" lon="75.7994384">
        <time>2016-10-26T06:33:54Z</time>
      </trkpt>
      <trkpt lat="26.8989620" lon="75.7999496">
        <time>2016-10-26T06:33:59Z</time>
      </trkpt>
      <trkpt lat="26.8987407" lon="75.8003768">
        <time>2016-10-26T06:34:04Z</time>
      </trkpt>
      <trkpt lat="26.8986625" lon="75.8006515">
        <time>2016-10-26T06:34:09Z</time>
      </trkpt>
      <trkpt lat="26.8986854" lon="75.8008193">
        <time>2016-10-26T06:34:14Z</time>
      </trkpt>
      <trkpt lat="26.8987236" lon="75.8009414">
        <time>2016-10-26T06:34:19Z</time>
      </trkpt>
      <trkpt lat="26.8986129" lon="75.8011322">
        <time>2016-10-26T06:34:24Z</time>
      </trkpt>
      <trkpt lat="26.8983840" lon="75.8012771">
        <time>2016-10-26T06:34:29Z</time>
      </trkpt>
      <trkpt lat="26.8981399" lon="75.8015899">
        <time>2016-10-26T06:34:34Z</time>
      </trkpt>
      <trkpt lat="26.8979148" lon="75.8020477">
        <time>2016-10-26T06:34:39Z</time>
      </trkpt>
      <trkpt lat="26.8976306" lon="75.8026504">
        <time>2016-10-26T06:34:44Z</time>
      </trkpt>
      <trkpt lat="26.8972930" lon="75.8033447">
        <time>2016-10-26T06:34:49Z</time>
      </trkpt>
      <trkpt lat="26.8969688" lon="75.8040618">
        <time>2016-10-26T06:34:54Z</time>
      </trkpt>
      <trkpt lat="26.8966579" lon="75.8047409">
        <time>2016-10-26T06:34:59Z</time>
      </trkpt>
      <trkpt lat="26.8963451" lon="75.8053665">
        <time>2016-10-26T06:35:04Z</time>
      </trkpt>
      <trkpt lat="26.8960609" lon="75.8059616">
        <time>2016-10-26T06:35:09Z</time>
      </trkpt>
      <trkpt lat="26.8957996" lon="75.8065643">
        <time>2016-10-26T06:35:14Z</time>
      </trkpt>
      <trkpt lat="26.8955860" lon="75.8070755">
        <time>2016-10-26T06:35:19Z</time>
      </trkpt>
      <trkpt lat="26.8954448" lon="75.8073806">
        <time>2016-10-26T06:35:24Z</time>
      </trkpt>
      <trkpt lat="26.8954048" lon="75.8075256">
        <time>2016-10-26T06:35:29Z</time>
      </trkpt>
      <trkpt lat="26.8953456" lon="75.8077545">
        <time>2016-10-26T06:35:34Z</time>
      </trkpt>
      <trkpt lat="26.8952217" lon="75.8081207">
        <time>2016-10-26T06:35:39Z</time>
      </trkpt>
      <trkpt lat="26.8951950" lon="75.8085021">
        <time>2016-10-26T06:35:44Z</time>
      </trkpt>
      <trkpt lat="26.8952827" lon="75.8089218">
        <time>2016-10-26T06:35:49Z</time>
      </trkpt>
      <trkpt lat="26.8954963" lon="75.8092422">
        <time>2016-10-26T06:35:54Z</time>
      </trkpt>
      <trkpt lat="26.8958644" lon="75.8095703">
        <time>2016-10-26T06:35:59Z</time>
      </trkpt>
      <trkpt lat="26.8963050" lon="75.8099136">
        <time>2016-10-26T06:36:04Z</time>
      </trkpt>
      <trkpt lat="26.8966598" lon="75.8101959">
        <time>2016-10-26T06:36:09Z</time>
      </trkpt>
      <trkpt lat="26.8968429" lon="75.8103942">
        <time>2016-10-26T06:36:14Z</time>
      </trkpt>
      <trkpt lat="26.8968811" lon="75.8104095">
        <time>2016-10-26T06:36:19Z</time>
      </trkpt>
      <trkpt lat="26.8968906" lon="75.8104171">
        <time>2016-10-26T06:36:24Z</time>
      </trkpt>
      <trkpt lat="26.8968906" lon="75.8104095">
        <time>2016-10-26T06:36:29Z</time>
      </trkpt>
      <trkpt lat="26.8968887" lon="75.8104095">
        <time>2016-10-26T06:36:34Z</time>
      </trkpt>
      <trkpt lat="26.8968868" lon="75.8104095">
        <time>2016-10-26T06:36:39Z</time>
      </trkpt>
      <trkpt lat="26.8968849" lon="75.8104095">
        <time>2016-10-26T06:36:44Z</time>
      </trkpt>
      <trkpt lat="26.8968868" lon="75.8104095">
        <time>2016-10-26T06:36:49Z</time>
      </trkpt>
      <trkpt lat="26.8968887" lon="75.8104095">
        <time>2016-10-26T06:36:54Z</time>
      </trkpt>
      <trkpt lat="26.8968887" lon="75.8104095">
        <time>2016-10-26T06:36:59Z</time>
      </trkpt>
      <trkpt lat="26.8968944" lon="75.8104095">
        <time>2016-10-26T06:37:04Z</time>
      </trkpt>
      <trkpt lat="26.8968696" lon="75.8104705">
        <time>2016-10-26T06:37:09Z</time>
      </trkpt>
      <trkpt lat="26.8966636" lon="75.8102874">
        <time>2016-10-26T06:37:14Z</time>
      </trkpt>
      <trkpt lat="26.8963069" lon="75.8100051">
        <time>2016-10-26T06:37:19Z</time>
      </trkpt>
      <trkpt lat="26.8959426" lon="75.8097000">
        <time>2016-10-26T06:37:24Z</time>
      </trkpt>
      <trkpt lat="26.8957290" lon="75.8095092">
        <time>2016-10-26T06:37:29Z</time>
      </trkpt>
      <trkpt lat="26.8955688" lon="75.8093719">
        <time>2016-10-26T06:37:34Z</time>
      </trkpt>
      <trkpt lat="26.8955307" lon="75.8093414">
        <time>2016-10-26T06:37:39Z</time>
      </trkpt>
      <trkpt lat="26.8955326" lon="75.8093566">
        <time>2016-10-26T06:37:44Z</time>
      </trkpt>
      <trkpt lat="26.8955326" lon="75.8093719">
        <time>2016-10-26T06:37:49Z</time>
      </trkpt>
      <trkpt lat="26.8955097" lon="75.8093872">
        <time>2016-10-26T06:37:54Z</time>
      </trkpt>
      <trkpt lat="26.8955020" lon="75.8093795">
        <time>2016-10-26T06:37:59Z</time>
      </trkpt>
      <trkpt lat="26.8954982" lon="75.8093795">
        <time>2016-10-26T06:38:04Z</time>
      </trkpt>
      <trkpt lat="26.8954963" lon="75.8093795">
        <time>2016-10-26T06:38:09Z</time>
      </trkpt>
      <trkpt lat="26.8955001" lon="75.8093795">
        <time>2016-10-26T06:38:14Z</time>
      </trkpt>
      <trkpt lat="26.8955039" lon="75.8093795">
        <time>2016-10-26T06:38:19Z</time>
      </trkpt>
      <trkpt lat="26.8955078" lon="75.8093872">
        <time>2016-10-26T06:38:24Z</time>
      </trkpt>
      <trkpt lat="26.8955097" lon="75.8093872">
        <time>2016-10-26T06:38:29Z</time>
      </trkpt>
      <trkpt lat="26.8955097" lon="75.8093872">
        <time>2016-10-26T06:38:34Z</time>
      </trkpt>
      <trkpt lat="26.8955078" lon="75.8093872">
        <time>2016-10-26T06:38:39Z</time>
      </trkpt>
      <trkpt lat="26.8954277" lon="75.8092880">
        <time>2016-10-26T06:38:44Z</time>
      </trkpt>
      <trkpt lat="26.8952941" lon="75.8091888">
        <time>2016-10-26T06:38:49Z</time>
      </trkpt>
      <trkpt lat="26.8951549" lon="75.8090820">
        <time>2016-10-26T06:38:54Z</time>
      </trkpt>
      <trkpt lat="26.8949832" lon="75.8089447">
        <time>2016-10-26T06:38:59Z</time>
      </trkpt>
      <trkpt lat="26.8947372" lon="75.8090515">
        <time>2016-10-26T06:39:04Z</time>
      </trkpt>
      <trkpt lat="26.8944854" lon="75.8094711">
        <time>2016-10-26T06:39:09Z</time>
      </trkpt>
      <trkpt lat="26.8942451" lon="75.8100051">
        <time>2016-10-26T06:39:14Z</time>
      </trkpt>
      <trkpt lat="26.8939914" lon="75.8105850">
        <time>2016-10-26T06:39:19Z</time>
      </trkpt>
      <trkpt lat="26.8937072" lon="75.8111724">
        <time>2016-10-26T06:39:24Z</time>
      </trkpt>
      <trkpt lat="26.8934612" lon="75.8117218">
        <time>2016-10-26T06:39:29Z</time>
      </trkpt>
      <trkpt lat="26.8932132" lon="75.8121871">
        <time>2016-10-26T06:39:34Z</time>
      </trkpt>
      <trkpt lat="26.8930511" lon="75.8125305">
        <time>2016-10-26T06:39:39Z</time>
      </trkpt>
      <trkpt lat="26.8928966" lon="75.8128356">
        <time>2016-10-26T06:39:44Z</time>
      </trkpt>
      <trkpt lat="26.8927040" lon="75.8132400">
        <time>2016-10-26T06:39:49Z</time>
      </trkpt>
      <trkpt lat="26.8925380" lon="75.8136520">
        <time>2016-10-26T06:39:54Z</time>
      </trkpt>
      <trkpt lat="26.8924713" lon="75.8140029">
        <time>2016-10-26T06:39:59Z</time>
      </trkpt>
      <trkpt lat="26.8925704" lon="75.8143539">
        <time>2016-10-26T06:40:04Z</time>
      </trkpt>
      <trkpt lat="26.8927154" lon="75.8144989">
        <time>2016-10-26T06:40:09Z</time>
      </trkpt>
      <trkpt lat="26.8929424" lon="75.8145904">
        <time>2016-10-26T06:40:14Z</time>
      </trkpt>
      <trkpt lat="26.8932399" lon="75.8146896">
        <time>2016-10-26T06:40:19Z</time>
      </trkpt>
      <trkpt lat="26.8935642" lon="75.8148040">
        <time>2016-10-26T06:40:24Z</time>
      </trkpt>
      <trkpt lat="26.8938617" lon="75.8148651">
        <time>2016-10-26T06:40:29Z</time>
      </trkpt>
      <trkpt lat="26.8941364" lon="75.8149566">
        <time>2016-10-26T06:40:34Z</time>
      </trkpt>
      <trkpt lat="26.8944492" lon="75.8150482">
        <time>2016-10-26T06:40:39Z</time>
      </trkpt>
      <trkpt lat="26.8947372" lon="75.8151397">
        <time>2016-10-26T06:40:44Z</time>
      </trkpt>
      <trkpt lat="26.8950691" lon="75.8152389">
        <time>2016-10-26T06:40:49Z</time>
      </trkpt>
      <trkpt lat="26.8954410" lon="75.8153076">
        <time>2016-10-26T06:40:54Z</time>
      </trkpt>
      <trkpt lat="26.8958339" lon="75.8154067">
        <time>2016-10-26T06:40:59Z</time>
      </trkpt>
      <trkpt lat="26.8962841" lon="75.8155364">
        <time>2016-10-26T06:41:04Z</time>
      </trkpt>
      <trkpt lat="26.8967819" lon="75.8156661">
        <time>2016-10-26T06:41:09Z</time>
      </trkpt>
      <trkpt lat="26.8973140" lon="75.8158035">
        <time>2016-10-26T06:41:14Z</time>
      </trkpt>
      <trkpt lat="26.8978023" lon="75.8159027">
        <time>2016-10-26T06:41:19Z</time>
      </trkpt>
      <trkpt lat="26.8981609" lon="75.8159942">
        <time>2016-10-26T06:41:24Z</time>
      </trkpt>
      <trkpt lat="26.8982353" lon="75.8160171">
        <time>2016-10-26T06:41:29Z</time>
      </trkpt>
      <trkpt lat="26.8982372" lon="75.8160018">
        <time>2016-10-26T06:41:34Z</time>
      </trkpt>
      <trkpt lat="26.8982372" lon="75.8160018">
        <time>2016-10-26T06:41:39Z</time>
      </trkpt>
      <trkpt lat="26.8982372" lon="75.8160018">
        <time>2016-10-26T06:41:44Z</time>
      </trkpt>
      <trkpt lat="26.8982372" lon="75.8160018">
        <time>2016-10-26T06:41:49Z</time>
      </trkpt>
      <trkpt lat="26.8983993" lon="75.8160476">
        <time>2016-10-26T06:41:54Z</time>
      </trkpt>
      <trkpt lat="26.8986568" lon="75.8161087">
        <time>2016-10-26T06:41:59Z</time>
      </trkpt>
      <trkpt lat="26.8989582" lon="75.8161849">
        <time>2016-10-26T06:42:04Z</time>
      </trkpt>
      <trkpt lat="26.8993110" lon="75.8162384">
        <time>2016-10-26T06:42:09Z</time>
      </trkpt>
      <trkpt lat="26.8997535" lon="75.8163681">
        <time>2016-10-26T06:42:14Z</time>
      </trkpt>
      <trkpt lat="26.9003162" lon="75.8165054">
        <time>2016-10-26T06:42:19Z</time>
      </trkpt>
      <trkpt lat="26.9008979" lon="75.8166580">
        <time>2016-10-26T06:42:24Z</time>
      </trkpt>
      <trkpt lat="26.9013614" lon="75.8168106">
        <time>2016-10-26T06:42:29Z</time>
      </trkpt>
      <trkpt lat="26.9016075" lon="75.8168640">
        <time>2016-10-26T06:42:34Z</time>
      </trkpt>
      <trkpt lat="26.9018001" lon="75.8169097">
        <time>2016-10-26T06:42:39Z</time>
      </trkpt>
      <trkpt lat="26.9020538" lon="75.8169860">
        <time>2016-10-26T06:42:44Z</time>
      </trkpt>
      <trkpt lat="26.9023914" lon="75.8170776">
        <time>2016-10-26T06:42:49Z</time>
      </trkpt>
      <trkpt lat="26.9027824" lon="75.8171997">
        <time>2016-10-26T06:42:54Z</time>
      </trkpt>
      <trkpt lat="26.9031410" lon="75.8172988">
        <time>2016-10-26T06:42:59Z</time>
      </trkpt>
      <trkpt lat="26.9036140" lon="75.8174362">
        <time>2016-10-26T06:43:04Z</time>
      </trkpt>
      <trkpt lat="26.9040775" lon="75.8175506">
        <time>2016-10-26T06:43:09Z</time>
      </trkpt>
      <trkpt lat="26.9043388" lon="75.8176193">
        <time>2016-10-26T06:43:14Z</time>
      </trkpt>
      <trkpt lat="26.9043941" lon="75.8176193">
        <time>2016-10-26T06:43:19Z</time>
      </trkpt>
      <trkpt lat="26.9045162" lon="75.8176574">
        <time>2016-10-26T06:43:24Z</time>
      </trkpt>
      <trkpt lat="26.9047336" lon="75.8177337">
        <time>2016-10-26T06:43:29Z</time>
      </trkpt>
      <trkpt lat="26.9051399" lon="75.8178482">
        <time>2016-10-26T06:43:34Z</time>
      </trkpt>
      <trkpt lat="26.9056453" lon="75.8180007">
        <time>2016-10-26T06:43:39Z</time>
      </trkpt>
      <trkpt lat="26.9061107" lon="75.8181076">
        <time>2016-10-26T06:43:44Z</time>
      </trkpt>
      <trkpt lat="26.9066314" lon="75.8182601">
        <time>2016-10-26T06:43:49Z</time>
      </trkpt>
      <trkpt lat="26.9071540" lon="75.8183670">
        <time>2016-10-26T06:43:54Z</time>
      </trkpt>
      <trkpt lat="26.9075717" lon="75.8184661">
        <time>2016-10-26T06:43:59Z</time>
      </trkpt>
      <trkpt lat="26.9079284" lon="75.8185195">
        <time>2016-10-26T06:44:04Z</time>
      </trkpt>
      <trkpt lat="26.9082069" lon="75.8185882">
        <time>2016-10-26T06:44:09Z</time>
      </trkpt>
      <trkpt lat="26.9084491" lon="75.8186492">
        <time>2016-10-26T06:44:14Z</time>
      </trkpt>
      <trkpt lat="26.9086570" lon="75.8187332">
        <time>2016-10-26T06:44:19Z</time>
      </trkpt>
      <trkpt lat="26.9088573" lon="75.8187942">
        <time>2016-10-26T06:44:24Z</time>
      </trkpt>
      <trkpt lat="26.9090671" lon="75.8188629">
        <time>2016-10-26T06:44:29Z</time>
      </trkpt>
      <trkpt lat="26.9092807" lon="75.8189315">
        <time>2016-10-26T06:44:34Z</time>
      </trkpt>
      <trkpt lat="26.9093456" lon="75.8189086">
        <time>2016-10-26T06:44:39Z</time>
      </trkpt>
      <trkpt lat="26.9094047" lon="75.8189086">
        <time>2016-10-26T06:44:44Z</time>
      </trkpt>
      <trkpt lat="26.9094562" lon="75.8189010">
        <time>2016-10-26T06:44:49Z</time>
      </trkpt>
      <trkpt lat="26.9096412" lon="75.8189544">
        <time>2016-10-26T06:44:54Z</time>
      </trkpt>
      <trkpt lat="26.9098243" lon="75.8188476">
        <time>2016-10-26T06:44:59Z</time>
      </trkpt>
      <trkpt lat="26.9100151" lon="75.8186416">
        <time>2016-10-26T06:45:04Z</time>
      </trkpt>
      <trkpt lat="26.9102783" lon="75.8185119">
        <time>2016-10-26T06:45:09Z</time>
      </trkpt>
      <trkpt lat="26.9105644" lon="75.8185272">
        <time>2016-10-26T06:45:14Z</time>
      </trkpt>
      <trkpt lat="26.9108009" lon="75.8185882">
        <time>2016-10-26T06:45:19Z</time>
      </trkpt>
      <trkpt lat="26.9110279" lon="75.8186340">
        <time>2016-10-26T06:45:24Z</time>
      </trkpt>
      <trkpt lat="26.9112758" lon="75.8187179">
        <time>2016-10-26T06:45:29Z</time>
      </trkpt>
      <trkpt lat="26.9114170" lon="75.8187484">
        <time>2016-10-26T06:45:34Z</time>
      </trkpt>
      <trkpt lat="26.9114685" lon="75.8187561">
        <time>2016-10-26T06:45:39Z</time>
      </trkpt>
      <trkpt lat="26.9116344" lon="75.8187637">
        <time>2016-10-26T06:45:44Z</time>
      </trkpt>
      <trkpt lat="26.9118270" lon="75.8187942">
        <time>2016-10-26T06:45:49Z</time>
      </trkpt>
      <trkpt lat="26.9120445" lon="75.8188858">
        <time>2016-10-26T06:45:54Z</time>
      </trkpt>
      <trkpt lat="26.9122619" lon="75.8190917">
        <time>2016-10-26T06:45:59Z</time>
      </trkpt>
      <trkpt lat="26.9123535" lon="75.8192367">
        <time>2016-10-26T06:46:04Z</time>
      </trkpt>
      <trkpt lat="26.9123935" lon="75.8194351">
        <time>2016-10-26T06:46:09Z</time>
      </trkpt>
      <trkpt lat="26.9124488" lon="75.8196182">
        <time>2016-10-26T06:46:14Z</time>
      </trkpt>
      <trkpt lat="26.9125690" lon="75.8197479">
        <time>2016-10-26T06:46:19Z</time>
      </trkpt>
      <trkpt lat="26.9127998" lon="75.8197860">
        <time>2016-10-26T06:46:24Z</time>
      </trkpt>
      <trkpt lat="26.9130172" lon="75.8198394">
        <time>2016-10-26T06:46:29Z</time>
      </trkpt>
      <trkpt lat="26.9132823" lon="75.8198699">
        <time>2016-10-26T06:46:34Z</time>
      </trkpt>
      <trkpt lat="26.9135322" lon="75.8199081">
        <time>2016-10-26T06:46:39Z</time>
      </trkpt>
      <trkpt lat="26.9136905" lon="75.8199234">
        <time>2016-10-26T06:46:44Z</time>
      </trkpt>
      <trkpt lat="26.9137744" lon="75.8199234">
        <time>2016-10-26T06:46:49Z</time>
      </trkpt>
      <trkpt lat="26.9139575" lon="75.8199768">
        <time>2016-10-26T06:46:54Z</time>
      </trkpt>
      <trkpt lat="26.9141979" lon="75.8200759">
        <time>2016-10-26T06:46:59Z</time>
      </trkpt>
      <trkpt lat="26.9145336" lon="75.8201522">
        <time>2016-10-26T06:47:04Z</time>
      </trkpt>
      <trkpt lat="26.9147644" lon="75.8202056">
        <time>2016-10-26T06:47:09Z</time>
      </trkpt>
      <trkpt lat="26.9150009" lon="75.8202514">
        <time>2016-10-26T06:47:14Z</time>
      </trkpt>
      <trkpt lat="26.9152374" lon="75.8203048">
        <time>2016-10-26T06:47:19Z</time>
      </trkpt>
      <trkpt lat="26.9153995" lon="75.8203430">
        <time>2016-10-26T06:47:24Z</time>
      </trkpt>
      <trkpt lat="26.9155311" lon="75.8203887">
        <time>2016-10-26T06:47:29Z</time>
      </trkpt>
      <trkpt lat="26.9155712" lon="75.8203887">
        <time>2016-10-26T06:47:34Z</time>
      </trkpt>
      <trkpt lat="26.9155941" lon="75.8203964">
        <time>2016-10-26T06:47:39Z</time>
      </trkpt>
      <trkpt lat="26.9155902" lon="75.8203964">
        <time>2016-10-26T06:47:44Z</time>
      </trkpt>
      <trkpt lat="26.9155902" lon="75.8203964">
        <time>2016-10-26T06:47:49Z</time>
      </trkpt>
      <trkpt lat="26.9155902" lon="75.8203964">
        <time>2016-10-26T06:47:54Z</time>
      </trkpt>
      <trkpt lat="26.9155845" lon="75.8203964">
        <time>2016-10-26T06:47:59Z</time>
      </trkpt>
      <trkpt lat="26.9155750" lon="75.8203964">
        <time>2016-10-26T06:48:04Z</time>
      </trkpt>
      <trkpt lat="26.9155731" lon="75.8203964">
        <time>2016-10-26T06:48:09Z</time>
      </trkpt>
      <trkpt lat="26.9155654" lon="75.8203887">
        <time>2016-10-26T06:48:14Z</time>
      </trkpt>
      <trkpt lat="26.9155578" lon="75.8203887">
        <time>2016-10-26T06:48:19Z</time>
      </trkpt>
      <trkpt lat="26.9155540" lon="75.8203887">
        <time>2016-10-26T06:48:24Z</time>
      </trkpt>
      <trkpt lat="26.9155502" lon="75.8203887">
        <time>2016-10-26T06:48:29Z</time>
      </trkpt>
      <trkpt lat="26.9155540" lon="75.8203887">
        <time>2016-10-26T06:48:34Z</time>
      </trkpt>
      <trkpt lat="26.9155578" lon="75.8203887">
        <time>2016-10-26T06:48:39Z</time>
      </trkpt>
      <trkpt lat="26.9155521" lon="75.8203887">
        <time>2016-10-26T06:48:44Z</time>
      </trkpt>
      <trkpt lat="26.9155635" lon="75.8203811">
        <time>2016-10-26T06:48:49Z</time>
      </trkpt>
      <trkpt lat="26.9155635" lon="75.8203735">
        <time>2016-10-26T06:48:54Z</time>
      </trkpt>
      <trkpt lat="26.9155597" lon="75.8203735">
        <time>2016-10-26T06:48:59Z</time>
      </trkpt>
      <trkpt lat="26.9155540" lon="75.8203735">
        <time>2016-10-26T06:49:04Z</time>
      </trkpt>
      <trkpt lat="26.9155464" lon="75.8203811">
        <time>2016-10-26T06:49:09Z</time>
      </trkpt>
      <trkpt lat="26.9155349" lon="75.8203887">
        <time>2016-10-26T06:49:14Z</time>
      </trkpt>
      <trkpt lat="26.9155178" lon="75.8203964">
        <time>2016-10-26T06:49:19Z</time>
      </trkpt>
      <trkpt lat="26.9155159" lon="75.8204116">
        <time>2016-10-26T06:49:24Z</time>
      </trkpt>
      <trkpt lat="26.9155349" lon="75.8204193">
        <time>2016-10-26T06:49:29Z</time>
      </trkpt>
      <trkpt lat="26.9155864" lon="75.8204345">
        <time>2016-10-26T06:49:34Z</time>
      </trkpt>
      <trkpt lat="26.9156570" lon="75.8204422">
        <time>2016-10-26T06:49:39Z</time>
      </trkpt>
      <trkpt lat="26.9157447" lon="75.8204574">
        <time>2016-10-26T06:49:44Z</time>
      </trkpt>
      <trkpt lat="26.9158706" lon="75.8205261">
        <time>2016-10-26T06:49:49Z</time>
      </trkpt>
      <trkpt lat="26.9159717" lon="75.8207321">
        <time>2016-10-26T06:49:54Z</time>
      </trkpt>
      <trkpt lat="26.9159889" lon="75.8209075">
        <time>2016-10-26T06:49:59Z</time>
      </trkpt>
      <trkpt lat="26.9160327" lon="75.8209381">
        <time>2016-10-26T06:50:04Z</time>
      </trkpt>
      <trkpt lat="26.9160461" lon="75.8209381">
        <time>2016-10-26T06:50:09Z</time>
      </trkpt>
      <trkpt lat="26.9160881" lon="75.8209762">
        <time>2016-10-26T06:50:14Z</time>
      </trkpt>
      <trkpt lat="26.9161338" lon="75.8209762">
        <time>2016-10-26T06:50:19Z</time>
      </trkpt>
      <trkpt lat="26.9161472" lon="75.8209533">
        <time>2016-10-26T06:50:24Z</time>
      </trkpt>
      <trkpt lat="26.9161434" lon="75.8209533">
        <time>2016-10-26T06:50:29Z</time>
      </trkpt>
      <trkpt lat="26.9161434" lon="75.8209533">
        <time>2016-10-26T06:50:34Z</time>
      </trkpt>
      <trkpt lat="26.9161453" lon="75.8209533">
        <time>2016-10-26T06:50:39Z</time>
      </trkpt>
      <trkpt lat="26.9161510" lon="75.8209533">
        <time>2016-10-26T06:50:44Z</time>
      </trkpt>
      <trkpt lat="26.9161548" lon="75.8209533">
        <time>2016-10-26T06:50:49Z</time>
      </trkpt>
      <trkpt lat="26.9161605" lon="75.8209533">
        <time>2016-10-26T06:50:54Z</time>
      </trkpt>
      <trkpt lat="26.9161663" lon="75.8209609">
        <time>2016-10-26T06:50:59Z</time>
      </trkpt>
      <trkpt lat="26.9161720" lon="75.8209609">
        <time>2016-10-26T06:51:04Z</time>
      </trkpt>
      <trkpt lat="26.9161739" lon="75.8209609">
        <time>2016-10-26T06:51:09Z</time>
      </trkpt>
      <trkpt lat="26.9161739" lon="75.8209609">
        <time>2016-10-26T06:51:14Z</time>
      </trkpt>
      <trkpt lat="26.9161739" lon="75.8209609">
        <time>2016-10-26T06:51:19Z</time>
      </trkpt>
      <trkpt lat="26.9161872" lon="75.8210372">
        <time>2016-10-26T06:51:24Z</time>
      </trkpt>
      <trkpt lat="26.9162101" lon="75.8211212">
        <time>2016-10-26T06:51:29Z</time>
      </trkpt>
      <trkpt lat="26.9162445" lon="75.8211593">
        <time>2016-10-26T06:51:34Z</time>
      </trkpt>
      <trkpt lat="26.9163284" lon="75.8211898">
        <time>2016-10-26T06:51:39Z</time>
      </trkpt>
      <trkpt lat="26.9164047" lon="75.8211288">
        <time>2016-10-26T06:51:44Z</time>
      </trkpt>
      <trkpt lat="26.9163894" lon="75.8211059">
        <time>2016-10-26T06:51:49Z</time>
      </trkpt>
      <trkpt lat="26.9163913" lon="75.8211059">
        <time>2016-10-26T06:51:54Z</time>
      </trkpt>
      <trkpt lat="26.9163894" lon="75.8211059">
        <time>2016-10-26T06:51:59Z</time>
      </trkpt>
      <trkpt lat="26.9163894" lon="75.8211059">
        <time>2016-10-26T06:52:04Z</time>
      </trkpt>
      <trkpt lat="26.9163913" lon="75.8211135">
        <time>2016-10-26T06:52:09Z</time>
      </trkpt>
      <trkpt lat="26.9163913" lon="75.8211135">
        <time>2016-10-26T06:52:14Z</time>
      </trkpt>
      <trkpt lat="26.9163951" lon="75.8211135">
        <time>2016-10-26T06:52:19Z</time>
      </trkpt>
      <trkpt lat="26.9163951" lon="75.8211135">
        <time>2016-10-26T06:52:24Z</time>
      </trkpt>
      <trkpt lat="26.9163951" lon="75.8211135">
        <time>2016-10-26T06:52:29Z</time>
      </trkpt>
      <trkpt lat="26.9163970" lon="75.8211135">
        <time>2016-10-26T06:52:34Z</time>
      </trkpt>
      <trkpt lat="26.9163970" lon="75.8211135">
        <time>2016-10-26T06:52:39Z</time>
      </trkpt>
      <trkpt lat="26.9163970" lon="75.8211135">
        <time>2016-10-26T06:52:44Z</time>
      </trkpt>
      <trkpt lat="26.9163970" lon="75.8211135">
        <time>2016-10-26T06:52:49Z</time>
      </trkpt>
      <trkpt lat="26.9163990" lon="75.8211135">
        <time>2016-10-26T06:52:54Z</time>
      </trkpt>
      <trkpt lat="26.9163990" lon="75.8211135">
        <time>2016-10-26T06:52:59Z</time>
      </trkpt>
      <trkpt lat="26.9163970" lon="75.8211135">
        <time>2016-10-26T06:53:04Z</time>
      </trkpt>
      <trkpt lat="26.9163970" lon="75.8211135">
        <time>2016-10-26T06:53:09Z</time>
      </trkpt>
      <trkpt lat="26.9163970" lon="75.8211135">
        <time>2016-10-26T06:53:14Z</time>
      </trkpt>
      <trkpt lat="26.9163970" lon="75.8211135">
        <time>2016-10-26T06:53:19Z</time>
      </trkpt>
      <trkpt lat="26.9163970" lon="75.8211212">
        <time>2016-10-26T06:53:24Z</time>
      </trkpt>
      <trkpt lat="26.9163932" lon="75.8211212">
        <time>2016-10-26T06:53:29Z</time>
      </trkpt>
      <trkpt lat="26.9163837" lon="75.8211212">
        <time>2016-10-26T06:53:34Z</time>
      </trkpt>
      <trkpt lat="26.9163780" lon="75.8211135">
        <time>2016-10-26T06:53:39Z</time>
      </trkpt>
      <trkpt lat="26.9163894" lon="75.8210525">
        <time>2016-10-26T06:53:44Z</time>
      </trkpt>
      <trkpt lat="26.9163970" lon="75.8210144">
        <time>2016-10-26T06:53:49Z</time>
      </trkpt>
      <trkpt lat="26.9164047" lon="75.8209915">
        <time>2016-10-26T06:53:54Z</time>
      </trkpt>
      <trkpt lat="26.9164218" lon="75.8209533">
        <time>2016-10-26T06:53:59Z</time>
      </trkpt>
      <trkpt lat="26.9164028" lon="75.8209381">
        <time>2016-10-26T06:54:04Z</time>
      </trkpt>
      <trkpt lat="26.9163990" lon="75.8209381">
        <time>2016-10-26T06:54:09Z</time>
      </trkpt>
      <trkpt lat="26.9163932" lon="75.8209762">
        <time>2016-10-26T06:54:14Z</time>
      </trkpt>
      <trkpt lat="26.9163932" lon="75.8209686">
        <time>2016-10-26T06:54:19Z</time>
      </trkpt>
      <trkpt lat="26.9164066" lon="75.8209762">
        <time>2016-10-26T06:54:24Z</time>
      </trkpt>
      <trkpt lat="26.9164180" lon="75.8209686">
        <time>2016-10-26T06:54:29Z</time>
      </trkpt>
      <trkpt lat="26.9164123" lon="75.8209533">
        <time>2016-10-26T06:54:34Z</time>
      </trkpt>
      <trkpt lat="26.9163856" lon="75.8209152">
        <time>2016-10-26T06:54:39Z</time>
      </trkpt>
      <trkpt lat="26.9163894" lon="75.8208694">
        <time>2016-10-26T06:54:44Z</time>
      </trkpt>
      <trkpt lat="26.9164276" lon="75.8208084">
        <time>2016-10-26T06:54:49Z</time>
      </trkpt>
      <trkpt lat="26.9164905" lon="75.8207931">
        <time>2016-10-26T06:54:54Z</time>
      </trkpt>
      <trkpt lat="26.9165439" lon="75.8207778">
        <time>2016-10-26T06:54:59Z</time>
      </trkpt>
      <trkpt lat="26.9166107" lon="75.8207702">
        <time>2016-10-26T06:55:04Z</time>
      </trkpt>
      <trkpt lat="26.9166259" lon="75.8207550">
        <time>2016-10-26T06:55:09Z</time>
      </trkpt>
      <trkpt lat="26.9166336" lon="75.8207626">
        <time>2016-10-26T06:55:14Z</time>
      </trkpt>
      <trkpt lat="26.9166755" lon="75.8207778">
        <time>2016-10-26T06:55:19Z</time>
      </trkpt>
      <trkpt lat="26.9167232" lon="75.8207855">
        <time>2016-10-26T06:55:24Z</time>
      </trkpt>
      <trkpt lat="26.9167556" lon="75.8207931">
        <time>2016-10-26T06:55:29Z</time>
      </trkpt>
      <trkpt lat="26.9167804" lon="75.8208084">
        <time>2016-10-26T06:55:34Z</time>
      </trkpt>
      <trkpt lat="26.9167633" lon="75.8208312">
        <time>2016-10-26T06:55:39Z</time>
      </trkpt>
      <trkpt lat="26.9167613" lon="75.8208312">
        <time>2016-10-26T06:55:44Z</time>
      </trkpt>
      <trkpt lat="26.9167881" lon="75.8208465">
        <time>2016-10-26T06:55:49Z</time>
      </trkpt>
      <trkpt lat="26.9169006" lon="75.8209686">
        <time>2016-10-26T06:55:54Z</time>
      </trkpt>
      <trkpt lat="26.9169158" lon="75.8209915">
        <time>2016-10-26T06:55:59Z</time>
      </trkpt>
      <trkpt lat="26.9169578" lon="75.8209991">
        <time>2016-10-26T06:56:04Z</time>
      </trkpt>
      <trkpt lat="26.9170017" lon="75.8209686">
        <time>2016-10-26T06:56:09Z</time>
      </trkpt>
      <trkpt lat="26.9170074" lon="75.8209686">
        <time>2016-10-26T06:56:14Z</time>
      </trkpt>
      <trkpt lat="26.9170112" lon="75.8209686">
        <time>2016-10-26T06:56:19Z</time>
      </trkpt>
      <trkpt lat="26.9170131" lon="75.8209609">
        <time>2016-10-26T06:56:24Z</time>
      </trkpt>
      <trkpt lat="26.9170131" lon="75.8209609">
        <time>2016-10-26T06:56:29Z</time>
      </trkpt>
      <trkpt lat="26.9170131" lon="75.8209609">
        <time>2016-10-26T06:56:34Z</time>
      </trkpt>
      <trkpt lat="26.9170131" lon="75.8209609">
        <time>2016-10-26T06:56:39Z</time>
      </trkpt>
      <trkpt lat="26.9170150" lon="75.8209609">
        <time>2016-10-26T06:56:44Z</time>
      </trkpt>
      <trkpt lat="26.9170303" lon="75.8208847">
        <time>2016-10-26T06:56:49Z</time>
      </trkpt>
      <trkpt lat="26.9170341" lon="75.8208770">
        <time>2016-10-26T06:56:54Z</time>
      </trkpt>
      <trkpt lat="26.9170341" lon="75.8208770">
        <time>2016-10-26T06:56:59Z</time>
      </trkpt>
      <trkpt lat="26.9170398" lon="75.8208770">
        <time>2016-10-26T06:57:04Z</time>
      </trkpt>
      <trkpt lat="26.9170455" lon="75.8208770">
        <time>2016-10-26T06:57:09Z</time>
      </trkpt>
      <trkpt lat="26.9170475" lon="75.8208770">
        <time>2016-10-26T06:57:14Z</time>
      </trkpt>
      <trkpt lat="26.9170513" lon="75.8208847">
        <time>2016-10-26T06:57:19Z</time>
      </trkpt>
      <trkpt lat="26.9170551" lon="75.8208847">
        <time>2016-10-26T06:57:24Z</time>
      </trkpt>
      <trkpt lat="26.9170570" lon="75.8208847">
        <time>2016-10-26T06:57:29Z</time>
      </trkpt>
      <trkpt lat="26.9170646" lon="75.8208847">
        <time>2016-10-26T06:57:34Z</time>
      </trkpt>
      <trkpt lat="26.9170722" lon="75.8208847">
        <time>2016-10-26T06:57:39Z</time>
      </trkpt>
      <trkpt lat="26.9170799" lon="75.8208923">
        <time>2016-10-26T06:57:44Z</time>
      </trkpt>
      <trkpt lat="26.9170894" lon="75.8208847">
        <time>2016-10-26T06:57:49Z</time>
      </trkpt>
      <trkpt lat="26.9171047" lon="75.8208541">
        <time>2016-10-26T06:57:54Z</time>
      </trkpt>
      <trkpt lat="26.9171352" lon="75.8208389">
        <time>2016-10-26T06:57:59Z</time>
      </trkpt>
      <trkpt lat="26.9171772" lon="75.8208312">
        <time>2016-10-26T06:58:04Z</time>
      </trkpt>
      <trkpt lat="26.9171772" lon="75.8208389">
        <time>2016-10-26T06:58:09Z</time>
      </trkpt>
      <trkpt lat="26.9172477" lon="75.8208541">
        <time>2016-10-26T06:58:14Z</time>
      </trkpt>
      <trkpt lat="26.9172592" lon="75.8208923">
        <time>2016-10-26T06:58:19Z</time>
      </trkpt>
      <trkpt lat="26.9172649" lon="75.8209152">
        <time>2016-10-26T06:58:24Z</time>
      </trkpt>
      <trkpt lat="26.9173221" lon="75.8209304">
        <time>2016-10-26T06:58:29Z</time>
      </trkpt>
      <trkpt lat="26.9173641" lon="75.8209381">
        <time>2016-10-26T06:58:34Z</time>
      </trkpt>
      <trkpt lat="26.9173583" lon="75.8210067">
        <time>2016-10-26T06:58:39Z</time>
      </trkpt>
      <trkpt lat="26.9174022" lon="75.8210144">
        <time>2016-10-26T06:58:44Z</time>
      </trkpt>
      <trkpt lat="26.9174461" lon="75.8210525">
        <time>2016-10-26T06:58:49Z</time>
      </trkpt>
      <trkpt lat="26.9174919" lon="75.8210906">
        <time>2016-10-26T06:58:54Z</time>
      </trkpt>
      <trkpt lat="26.9175262" lon="75.8210830">
        <time>2016-10-26T06:58:59Z</time>
      </trkpt>
      <trkpt lat="26.9175605" lon="75.8211822">
        <time>2016-10-26T06:59:04Z</time>
      </trkpt>
      <trkpt lat="26.9175548" lon="75.8212280">
        <time>2016-10-26T06:59:09Z</time>
      </trkpt>
      <trkpt lat="26.9175567" lon="75.8212280">
        <time>2016-10-26T06:59:14Z</time>
      </trkpt>
      <trkpt lat="26.9175987" lon="75.8212356">
        <time>2016-10-26T06:59:19Z</time>
      </trkpt>
      <trkpt lat="26.9176044" lon="75.8212509">
        <time>2016-10-26T06:59:24Z</time>
      </trkpt>
      <trkpt lat="26.9176406" lon="75.8212661">
        <time>2016-10-26T06:59:29Z</time>
      </trkpt>
      <trkpt lat="26.9177684" lon="75.8211898">
        <time>2016-10-26T06:59:34Z</time>
      </trkpt>
      <trkpt lat="26.9177837" lon="75.8211975">
        <time>2016-10-26T06:59:39Z</time>
      </trkpt>
      <trkpt lat="26.9177665" lon="75.8212127">
        <time>2016-10-26T06:59:44Z</time>
      </trkpt>
      <trkpt lat="26.9177570" lon="75.8212203">
        <time>2016-10-26T06:59:49Z</time>
      </trkpt>
      <trkpt lat="26.9177646" lon="75.8212356">
        <time>2016-10-26T06:59:54Z</time>
      </trkpt>
      <trkpt lat="26.9177532" lon="75.8212432">
        <time>2016-10-26T06:59:59Z</time>
      </trkpt>
      <trkpt lat="26.9177551" lon="75.8212432">
        <time>2016-10-26T07:00:04Z</time>
      </trkpt>
      <trkpt lat="26.9177474" lon="75.8212432">
        <time>2016-10-26T07:00:09Z</time>
      </trkpt>
      <trkpt lat="26.9177913" lon="75.8211975">
        <time>2016-10-26T07:00:14Z</time>
      </trkpt>
      <trkpt lat="26.9177780" lon="75.8211975">
        <time>2016-10-26T07:00:19Z</time>
      </trkpt>
      <trkpt lat="26.9177608" lon="75.8212051">
        <time>2016-10-26T07:00:24Z</time>
      </trkpt>
      <trkpt lat="26.9177570" lon="75.8212203">
        <time>2016-10-26T07:00:29Z</time>
      </trkpt>
      <trkpt lat="26.9177589" lon="75.8212203">
        <time>2016-10-26T07:00:34Z</time>
      </trkpt>
      <trkpt lat="26.9177989" lon="75.8211822">
        <time>2016-10-26T07:00:39Z</time>
      </trkpt>
      <trkpt lat="26.9178695" lon="75.8211364">
        <time>2016-10-26T07:00:44Z</time>
      </trkpt>
      <trkpt lat="26.9179019" lon="75.8210906">
        <time>2016-10-26T07:00:49Z</time>
      </trkpt>
      <trkpt lat="26.9179096" lon="75.8209762">
        <time>2016-10-26T07:00:54Z</time>
      </trkpt>
      <trkpt lat="26.9179019" lon="75.8209228">
        <time>2016-10-26T07:00:59Z</time>
      </trkpt>
      <trkpt lat="26.9178829" lon="75.8208770">
        <time>2016-10-26T07:01:04Z</time>
      </trkpt>
      <trkpt lat="26.9178524" lon="75.8208618">
        <time>2016-10-26T07:01:09Z</time>
      </trkpt>
      <trkpt lat="26.9178409" lon="75.8208541">
        <time>2016-10-26T07:01:14Z</time>
      </trkpt>
      <trkpt lat="26.9178295" lon="75.8208541">
        <time>2016-10-26T07:01:19Z</time>
      </trkpt>
      <trkpt lat="26.9178180" lon="75.8208694">
        <time>2016-10-26T07:01:24Z</time>
      </trkpt>
      <trkpt lat="26.9178161" lon="75.8208618">
        <time>2016-10-26T07:01:29Z</time>
      </trkpt>
      <trkpt lat="26.9178161" lon="75.8208618">
        <time>2016-10-26T07:01:34Z</time>
      </trkpt>
      <trkpt lat="26.9178199" lon="75.8208694">
        <time>2016-10-26T07:01:39Z</time>
      </trkpt>
      <trkpt lat="26.9178295" lon="75.8208694">
        <time>2016-10-26T07:01:44Z</time>
      </trkpt>
      <trkpt lat="26.9178180" lon="75.8209152">
        <time>2016-10-26T07:01:49Z</time>
      </trkpt>
      <trkpt lat="26.9178237" lon="75.8209152">
        <time>2016-10-26T07:01:54Z</time>
      </trkpt>
      <trkpt lat="26.9178295" lon="75.8209152">
        <time>2016-10-26T07:01:59Z</time>
      </trkpt>
      <trkpt lat="26.9178256" lon="75.8209152">
        <time>2016-10-26T07:02:04Z</time>
      </trkpt>
      <trkpt lat="26.9177703" lon="75.8209075">
        <time>2016-10-26T07:02:09Z</time>
      </trkpt>
      <trkpt lat="26.9177246" lon="75.8208770">
        <time>2016-10-26T07:02:14Z</time>
      </trkpt>
      <trkpt lat="26.9176979" lon="75.8208694">
        <time>2016-10-26T07:02:19Z</time>
      </trkpt>
      <trkpt lat="26.9176826" lon="75.8208694">
        <time>2016-10-26T07:02:24Z</time>
      </trkpt>
      <trkpt lat="26.9176387" lon="75.8208007">
        <time>2016-10-26T07:02:29Z</time>
      </trkpt>
      <trkpt lat="26.9176025" lon="75.8207855">
        <time>2016-10-26T07:02:34Z</time>
      </trkpt>
      <trkpt lat="26.9175853" lon="75.8207626">
        <time>2016-10-26T07:02:39Z</time>
      </trkpt>
      <trkpt lat="26.9175891" lon="75.8207626">
        <time>2016-10-26T07:02:44Z</time>
      </trkpt>
      <trkpt lat="26.9179611" lon="75.8207244">
        <time>2016-10-26T07:03:48Z</time>
      </trkpt>
      <trkpt lat="26.9177780" lon="75.8207931">
        <time>2016-10-26T07:03:53Z</time>
      </trkpt>
      <trkpt lat="26.9178390" lon="75.8207855">
        <time>2016-10-26T07:03:58Z</time>
      </trkpt>
      <trkpt lat="26.9178428" lon="75.8207855">
        <time>2016-10-26T07:04:03Z</time>
      </trkpt>
      <trkpt lat="26.9178714" lon="75.8208160">
        <time>2016-10-26T07:04:08Z</time>
      </trkpt>
      <trkpt lat="26.9178905" lon="75.8208618">
        <time>2016-10-26T07:04:13Z</time>
      </trkpt>
      <trkpt lat="26.9179019" lon="75.8209686">
        <time>2016-10-26T07:04:18Z</time>
      </trkpt>
      <trkpt lat="26.9179191" lon="75.8209762">
        <time>2016-10-26T07:04:23Z</time>
      </trkpt>
      <trkpt lat="26.9179134" lon="75.8210067">
        <time>2016-10-26T07:04:28Z</time>
      </trkpt>
      <trkpt lat="26.9179534" lon="75.8210144">
        <time>2016-10-26T07:04:33Z</time>
      </trkpt>
      <trkpt lat="26.9179763" lon="75.8210296">
        <time>2016-10-26T07:04:38Z</time>
      </trkpt>
      <trkpt lat="26.9180088" lon="75.8210601">
        <time>2016-10-26T07:04:43Z</time>
      </trkpt>
      <trkpt lat="26.9180355" lon="75.8210983">
        <time>2016-10-26T07:04:48Z</time>
      </trkpt>
      <trkpt lat="26.9180450" lon="75.8211517">
        <time>2016-10-26T07:04:53Z</time>
      </trkpt>
      <trkpt lat="26.9181118" lon="75.8211975">
        <time>2016-10-26T07:04:58Z</time>
      </trkpt>
      <trkpt lat="26.9181194" lon="75.8212127">
        <time>2016-10-26T07:05:03Z</time>
      </trkpt>
      <trkpt lat="26.9181175" lon="75.8212356">
        <time>2016-10-26T07:05:08Z</time>
      </trkpt>
      <trkpt lat="26.9181289" lon="75.8212432">
        <time>2016-10-26T07:05:13Z</time>
      </trkpt>
      <trkpt lat="26.9181232" lon="75.8212356">
        <time>2016-10-26T07:05:18Z</time>
      </trkpt>
      <trkpt lat="26.9181213" lon="75.8212356">
        <time>2016-10-26T07:05:23Z</time>
      </trkpt>
      <trkpt lat="26.9181213" lon="75.8212356">
        <time>2016-10-26T07:05:28Z</time>
      </trkpt>
      <trkpt lat="26.9181194" lon="75.8212356">
        <time>2016-10-26T07:05:33Z</time>
      </trkpt>
      <trkpt lat="26.9180965" lon="75.8212432">
        <time>2016-10-26T07:05:38Z</time>
      </trkpt>
      <trkpt lat="26.9180316" lon="75.8212661">
        <time>2016-10-26T07:05:43Z</time>
      </trkpt>
      <trkpt lat="26.9179592" lon="75.8212814">
        <time>2016-10-26T07:05:48Z</time>
      </trkpt>
      <trkpt lat="26.9179096" lon="75.8212814">
        <time>2016-10-26T07:05:53Z</time>
      </trkpt>
      <trkpt lat="26.9179172" lon="75.8212738">
        <time>2016-10-26T07:05:58Z</time>
      </trkpt>
      <trkpt lat="26.9179191" lon="75.8212661">
        <time>2016-10-26T07:06:03Z</time>
      </trkpt>
      <trkpt lat="26.9179229" lon="75.8212814">
        <time>2016-10-26T07:06:08Z</time>
      </trkpt>
      <trkpt lat="26.9179286" lon="75.8212814">
        <time>2016-10-26T07:06:13Z</time>
      </trkpt>
      <trkpt lat="26.9179286" lon="75.8212890">
        <time>2016-10-26T07:06:18Z</time>
      </trkpt>
      <trkpt lat="26.9179267" lon="75.8212814">
        <time>2016-10-26T07:06:23Z</time>
      </trkpt>
      <trkpt lat="26.9179229" lon="75.8212814">
        <time>2016-10-26T07:06:28Z</time>
      </trkpt>
      <trkpt lat="26.9179267" lon="75.8212890">
        <time>2016-10-26T07:06:33Z</time>
      </trkpt>
      <trkpt lat="26.9179267" lon="75.8212890">
        <time>2016-10-26T07:06:38Z</time>
      </trkpt>
      <trkpt lat="26.9179248" lon="75.8212890">
        <time>2016-10-26T07:06:43Z</time>
      </trkpt>
      <trkpt lat="26.9179344" lon="75.8213043">
        <time>2016-10-26T07:06:48Z</time>
      </trkpt>
      <trkpt lat="26.9179477" lon="75.8212966">
        <time>2016-10-26T07:06:53Z</time>
      </trkpt>
      <trkpt lat="26.9179477" lon="75.8212966">
        <time>2016-10-26T07:06:58Z</time>
      </trkpt>
      <trkpt lat="26.9179935" lon="75.8212966">
        <time>2016-10-26T07:07:03Z</time>
      </trkpt>
      <trkpt lat="26.9180183" lon="75.8212966">
        <time>2016-10-26T07:07:08Z</time>
      </trkpt>
      <trkpt lat="26.9180030" lon="75.8213195">
        <time>2016-10-26T07:07:13Z</time>
      </trkpt>
      <trkpt lat="26.9180107" lon="75.8213272">
        <time>2016-10-26T07:07:18Z</time>
      </trkpt>
      <trkpt lat="26.9180183" lon="75.8213272">
        <time>2016-10-26T07:07:23Z</time>
      </trkpt>
      <trkpt lat="26.9180355" lon="75.8213424">
        <time>2016-10-26T07:07:28Z</time>
      </trkpt>
      <trkpt lat="26.9180450" lon="75.8213577">
        <time>2016-10-26T07:07:33Z</time>
      </trkpt>
      <trkpt lat="26.9180068" lon="75.8213577">
        <time>2016-10-26T07:07:38Z</time>
      </trkpt>
      <trkpt lat="26.9179801" lon="75.8213729">
        <time>2016-10-26T07:07:43Z</time>
      </trkpt>
      <trkpt lat="26.9179153" lon="75.8213882">
        <time>2016-10-26T07:07:48Z</time>
      </trkpt>
      <trkpt lat="26.9179248" lon="75.8213806">
        <time>2016-10-26T07:07:53Z</time>
      </trkpt>
      <trkpt lat="26.9179496" lon="75.8213424">
        <time>2016-10-26T07:07:58Z</time>
      </trkpt>
      <trkpt lat="26.9179477" lon="75.8213272">
        <time>2016-10-26T07:08:03Z</time>
      </trkpt>
      <trkpt lat="26.9179401" lon="75.8213195">
        <time>2016-10-26T07:08:08Z</time>
      </trkpt>
      <trkpt lat="26.9179573" lon="75.8213272">
        <time>2016-10-26T07:08:13Z</time>
      </trkpt>
      <trkpt lat="26.9180412" lon="75.8213272">
        <time>2016-10-26T07:08:18Z</time>
      </trkpt>
      <trkpt lat="26.9180774" lon="75.8212966">
        <time>2016-10-26T07:08:23Z</time>
      </trkpt>
      <trkpt lat="26.9180946" lon="75.8212814">
        <time>2016-10-26T07:08:28Z</time>
      </trkpt>
      <trkpt lat="26.9181156" lon="75.8213043">
        <time>2016-10-26T07:08:33Z</time>
      </trkpt>
      <trkpt lat="26.9181213" lon="75.8212966">
        <time>2016-10-26T07:08:38Z</time>
      </trkpt>
      <trkpt lat="26.9181194" lon="75.8212966">
        <time>2016-10-26T07:08:43Z</time>
      </trkpt>
      <trkpt lat="26.9181156" lon="75.8212966">
        <time>2016-10-26T07:08:48Z</time>
      </trkpt>
      <trkpt lat="26.9181289" lon="75.8213043">
        <time>2016-10-26T07:08:53Z</time>
      </trkpt>
      <trkpt lat="26.9181575" lon="75.8212738">
        <time>2016-10-26T07:08:58Z</time>
      </trkpt>
      <trkpt lat="26.9181690" lon="75.8212738">
        <time>2016-10-26T07:09:03Z</time>
      </trkpt>
      <trkpt lat="26.9181537" lon="75.8212814">
        <time>2016-10-26T07:09:08Z</time>
      </trkpt>
      <trkpt lat="26.9181461" lon="75.8212814">
        <time>2016-10-26T07:09:13Z</time>
      </trkpt>
      <trkpt lat="26.9181537" lon="75.8212890">
        <time>2016-10-26T07:09:18Z</time>
      </trkpt>
      <trkpt lat="26.9181556" lon="75.8212890">
        <time>2016-10-26T07:09:23Z</time>
      </trkpt>
      <trkpt lat="26.9181556" lon="75.8212890">
        <time>2016-10-26T07:09:28Z</time>
      </trkpt>
      <trkpt lat="26.9182262" lon="75.8213424">
        <time>2016-10-26T07:09:33Z</time>
      </trkpt>
      <trkpt lat="26.9182624" lon="75.8213348">
        <time>2016-10-26T07:09:38Z</time>
      </trkpt>
      <trkpt lat="26.9183330" lon="75.8213729">
        <time>2016-10-26T07:09:43Z</time>
      </trkpt>
      <trkpt lat="26.9183540" lon="75.8214187">
        <time>2016-10-26T07:09:48Z</time>
      </trkpt>
      <trkpt lat="26.9183807" lon="75.8214340">
        <time>2016-10-26T07:09:53Z</time>
      </trkpt>
      <trkpt lat="26.9183959" lon="75.8214569">
        <time>2016-10-26T07:09:58Z</time>
      </trkpt>
      <trkpt lat="26.9184188" lon="75.8214645">
        <time>2016-10-26T07:10:03Z</time>
      </trkpt>
      <trkpt lat="26.9184856" lon="75.8214492">
        <time>2016-10-26T07:10:08Z</time>
      </trkpt>
      <trkpt lat="26.9186000" lon="75.8213882">
        <time>2016-10-26T07:10:13Z</time>
      </trkpt>
      <trkpt lat="26.9186306" lon="75.8213653">
        <time>2016-10-26T07:10:18Z</time>
      </trkpt>
      <trkpt lat="26.9185962" lon="75.8213729">
        <time>2016-10-26T07:10:23Z</time>
      </trkpt>
      <trkpt lat="26.9185886" lon="75.8213882">
        <time>2016-10-26T07:10:28Z</time>
      </trkpt>
      <trkpt lat="26.9185409" lon="75.8213729">
        <time>2016-10-26T07:10:33Z</time>
      </trkpt>
      <trkpt lat="26.9185218" lon="75.8213577">
        <time>2016-10-26T07:10:38Z</time>
      </trkpt>
      <trkpt lat="26.9184989" lon="75.8213500">
        <time>2016-10-26T07:10:43Z</time>
      </trkpt>
      <trkpt lat="26.9184074" lon="75.8213424">
        <time>2016-10-26T07:10:48Z</time>
      </trkpt>
      <trkpt lat="26.9183311" lon="75.8213272">
        <time>2016-10-26T07:10:53Z</time>
      </trkpt>
      <trkpt lat="26.9182682" lon="75.8212890">
        <time>2016-10-26T07:10:58Z</time>
      </trkpt>
      <trkpt lat="26.9181900" lon="75.8212585">
        <time>2016-10-26T07:11:03Z</time>
      </trkpt>
      <trkpt lat="26.9181118" lon="75.8212585">
        <time>2016-10-26T07:11:08Z</time>
      </trkpt>
      <trkpt lat="26.9180316" lon="75.8212356">
        <time>2016-10-26T07:11:13Z</time>
      </trkpt>
      <trkpt lat="26.9179954" lon="75.8211517">
        <time>2016-10-26T07:11:18Z</time>
      </trkpt>
      <trkpt lat="26.9180316" lon="75.8211441">
        <time>2016-10-26T07:11:23Z</time>
      </trkpt>
      <trkpt lat="26.9180316" lon="75.8211441">
        <time>2016-10-26T07:11:28Z</time>
      </trkpt>
      <trkpt lat="26.9180316" lon="75.8211441">
        <time>2016-10-26T07:11:33Z</time>
      </trkpt>
      <trkpt lat="26.9180355" lon="75.8211441">
        <time>2016-10-26T07:11:38Z</time>
      </trkpt>
      <trkpt lat="26.9180240" lon="75.8211822">
        <time>2016-10-26T07:11:43Z</time>
      </trkpt>
      <trkpt lat="26.9180297" lon="75.8212280">
        <time>2016-10-26T07:11:48Z</time>
      </trkpt>
      <trkpt lat="26.9180221" lon="75.8212509">
        <time>2016-10-26T07:11:53Z</time>
      </trkpt>
      <trkpt lat="26.9180164" lon="75.8212661">
        <time>2016-10-26T07:11:58Z</time>
      </trkpt>
      <trkpt lat="26.9180240" lon="75.8212738">
        <time>2016-10-26T07:12:03Z</time>
      </trkpt>
      <trkpt lat="26.9180946" lon="75.8213653">
        <time>2016-10-26T07:12:08Z</time>
      </trkpt>
      <trkpt lat="26.9181842" lon="75.8214187">
        <time>2016-10-26T07:12:13Z</time>
      </trkpt>
      <trkpt lat="26.9182758" lon="75.8214340">
        <time>2016-10-26T07:12:18Z</time>
      </trkpt>
      <trkpt lat="26.9183216" lon="75.8214416">
        <time>2016-10-26T07:12:23Z</time>
      </trkpt>
      <trkpt lat="26.9183807" lon="75.8214797">
        <time>2016-10-26T07:12:28Z</time>
      </trkpt>
      <trkpt lat="26.9184055" lon="75.8214950">
        <time>2016-10-26T07:12:33Z</time>
      </trkpt>
      <trkpt lat="26.9184398" lon="75.8214797">
        <time>2016-10-26T07:12:38Z</time>
      </trkpt>
      <trkpt lat="26.9185161" lon="75.8214492">
        <time>2016-10-26T07:12:43Z</time>
      </trkpt>
      <trkpt lat="26.9185886" lon="75.8214721">
        <time>2016-10-26T07:12:48Z</time>
      </trkpt>
      <trkpt lat="26.9185733" lon="75.8214721">
        <time>2016-10-26T07:12:53Z</time>
      </trkpt>
      <trkpt lat="26.9185752" lon="75.8214721">
        <time>2016-10-26T07:12:58Z</time>
      </trkpt>
      <trkpt lat="26.9185848" lon="75.8214721">
        <time>2016-10-26T07:13:03Z</time>
      </trkpt>
      <trkpt lat="26.9186553" lon="75.8214721">
        <time>2016-10-26T07:13:08Z</time>
      </trkpt>
      <trkpt lat="26.9186611" lon="75.8214721">
        <time>2016-10-26T07:13:13Z</time>
      </trkpt>
      <trkpt lat="26.9186725" lon="75.8214950">
        <time>2016-10-26T07:13:18Z</time>
      </trkpt>
      <trkpt lat="26.9187450" lon="75.8215179">
        <time>2016-10-26T07:13:23Z</time>
      </trkpt>
      <trkpt lat="26.9188213" lon="75.8215408">
        <time>2016-10-26T07:13:28Z</time>
      </trkpt>
      <trkpt lat="26.9189319" lon="75.8215103">
        <time>2016-10-26T07:13:33Z</time>
      </trkpt>
      <trkpt lat="26.9189968" lon="75.8215179">
        <time>2016-10-26T07:13:38Z</time>
      </trkpt>
      <trkpt lat="26.9189662" lon="75.8215179">
        <time>2016-10-26T07:13:43Z</time>
      </trkpt>
      <trkpt lat="26.9189643" lon="75.8215179">
        <time>2016-10-26T07:13:48Z</time>
      </trkpt>
      <trkpt lat="26.9189548" lon="75.8215179">
        <time>2016-10-26T07:13:53Z</time>
      </trkpt>
      <trkpt lat="26.9189491" lon="75.8215103">
        <time>2016-10-26T07:13:58Z</time>
      </trkpt>
      <trkpt lat="26.9189472" lon="75.8215103">
        <time>2016-10-26T07:14:03Z</time>
      </trkpt>
      <trkpt lat="26.9189414" lon="75.8215103">
        <time>2016-10-26T07:14:08Z</time>
      </trkpt>
      <trkpt lat="26.9189453" lon="75.8215103">
        <time>2016-10-26T07:14:13Z</time>
      </trkpt>
      <trkpt lat="26.9189510" lon="75.8215179">
        <time>2016-10-26T07:14:18Z</time>
      </trkpt>
      <trkpt lat="26.9189453" lon="75.8215103">
        <time>2016-10-26T07:14:23Z</time>
      </trkpt>
      <trkpt lat="26.9189510" lon="75.8215179">
        <time>2016-10-26T07:14:28Z</time>
      </trkpt>
      <trkpt lat="26.9189567" lon="75.8215179">
        <time>2016-10-26T07:14:33Z</time>
      </trkpt>
      <trkpt lat="26.9189739" lon="75.8215179">
        <time>2016-10-26T07:14:38Z</time>
      </trkpt>
      <trkpt lat="26.9189910" lon="75.8215103">
        <time>2016-10-26T07:14:43Z</time>
      </trkpt>
      <trkpt lat="26.9189949" lon="75.8215103">
        <time>2016-10-26T07:14:48Z</time>
      </trkpt>
      <trkpt lat="26.9190025" lon="75.8215179">
        <time>2016-10-26T07:14:53Z</time>
      </trkpt>
      <trkpt lat="26.9190216" lon="75.8215408">
        <time>2016-10-26T07:14:58Z</time>
      </trkpt>
      <trkpt lat="26.9191474" lon="75.8214721">
        <time>2016-10-26T07:15:03Z</time>
      </trkpt>
      <trkpt lat="26.9191665" lon="75.8215408">
        <time>2016-10-26T07:15:08Z</time>
      </trkpt>
      <trkpt lat="26.9191913" lon="75.8215637">
        <time>2016-10-26T07:15:13Z</time>
      </trkpt>
      <trkpt lat="26.9192371" lon="75.8215713">
        <time>2016-10-26T07:15:18Z</time>
      </trkpt>
      <trkpt lat="26.9192771" lon="75.8216247">
        <time>2016-10-26T07:15:23Z</time>
      </trkpt>
      <trkpt lat="26.9193115" lon="75.8216476">
        <time>2016-10-26T07:15:28Z</time>
      </trkpt>
      <trkpt lat="26.9193267" lon="75.8216552">
        <time>2016-10-26T07:15:33Z</time>
      </trkpt>
      <trkpt lat="26.9193592" lon="75.8216781">
        <time>2016-10-26T07:15:38Z</time>
      </trkpt>
      <trkpt lat="26.9193725" lon="75.8216857">
        <time>2016-10-26T07:15:43Z</time>
      </trkpt>
      <trkpt lat="26.9194202" lon="75.8216781">
        <time>2016-10-26T07:15:48Z</time>
      </trkpt>
      <trkpt lat="26.9195098" lon="75.8217163">
        <time>2016-10-26T07:15:53Z</time>
      </trkpt>
      <trkpt lat="26.9195556" lon="75.8217163">
        <time>2016-10-26T07:15:58Z</time>
      </trkpt>
      <trkpt lat="26.9195785" lon="75.8217315">
        <time>2016-10-26T07:16:03Z</time>
      </trkpt>
      <trkpt lat="26.9196395" lon="75.8217773">
        <time>2016-10-26T07:16:08Z</time>
      </trkpt>
      <trkpt lat="26.9196929" lon="75.8217926">
        <time>2016-10-26T07:16:13Z</time>
      </trkpt>
      <trkpt lat="26.9197120" lon="75.8218002">
        <time>2016-10-26T07:16:18Z</time>
      </trkpt>
      <trkpt lat="26.9197883" lon="75.8217391">
        <time>2016-10-26T07:16:23Z</time>
      </trkpt>
      <trkpt lat="26.9198608" lon="75.8216781">
        <time>2016-10-26T07:16:28Z</time>
      </trkpt>
      <trkpt lat="26.9198894" lon="75.8216552">
        <time>2016-10-26T07:16:33Z</time>
      </trkpt>
      <trkpt lat="26.9198875" lon="75.8216629">
        <time>2016-10-26T07:16:38Z</time>
      </trkpt>
      <trkpt lat="26.9198989" lon="75.8217086">
        <time>2016-10-26T07:16:43Z</time>
      </trkpt>
      <trkpt lat="26.9198474" lon="75.8217697">
        <time>2016-10-26T07:16:48Z</time>
      </trkpt>
      <trkpt lat="26.9199104" lon="75.8217468">
        <time>2016-10-26T07:16:53Z</time>
      </trkpt>
      <trkpt lat="26.9199581" lon="75.8217697">
        <time>2016-10-26T07:16:58Z</time>
      </trkpt>
      <trkpt lat="26.9199924" lon="75.8217773">
        <time>2016-10-26T07:17:03Z</time>
      </trkpt>
      <trkpt lat="26.9200000" lon="75.8217773">
        <time>2016-10-26T07:17:08Z</time>
      </trkpt>
      <trkpt lat="26.9200248" lon="75.8217773">
        <time>2016-10-26T07:17:13Z</time>
      </trkpt>
      <trkpt lat="26.9199829" lon="75.8217620">
        <time>2016-10-26T07:17:18Z</time>
      </trkpt>
      <trkpt lat="26.9199771" lon="75.8217620">
        <time>2016-10-26T07:17:23Z</time>
      </trkpt>
      <trkpt lat="26.9199695" lon="75.8217620">
        <time>2016-10-26T07:17:28Z</time>
      </trkpt>
      <trkpt lat="26.9199619" lon="75.8217620">
        <time>2016-10-26T07:17:33Z</time>
      </trkpt>
      <trkpt lat="26.9199676" lon="75.8217620">
        <time>2016-10-26T07:17:38Z</time>
      </trkpt>
      <trkpt lat="26.9199714" lon="75.8217620">
        <time>2016-10-26T07:17:43Z</time>
      </trkpt>
      <trkpt lat="26.9199810" lon="75.8217620">
        <time>2016-10-26T07:17:48Z</time>
      </trkpt>
      <trkpt lat="26.9199848" lon="75.8217620">
        <time>2016-10-26T07:17:53Z</time>
      </trkpt>
      <trkpt lat="26.9199905" lon="75.8217697">
        <time>2016-10-26T07:17:58Z</time>
      </trkpt>
      <trkpt lat="26.9199943" lon="75.8217697">
        <time>2016-10-26T07:18:03Z</time>
      </trkpt>
      <trkpt lat="26.9200000" lon="75.8217773">
        <time>2016-10-26T07:18:08Z</time>
      </trkpt>
      <trkpt lat="26.9200038" lon="75.8217849">
        <time>2016-10-26T07:18:13Z</time>
      </trkpt>
      <trkpt lat="26.9200153" lon="75.8217773">
        <time>2016-10-26T07:18:18Z</time>
      </trkpt>
      <trkpt lat="26.9200286" lon="75.8217849">
        <time>2016-10-26T07:18:23Z</time>
      </trkpt>
      <trkpt lat="26.9200572" lon="75.8217315">
        <time>2016-10-26T07:18:28Z</time>
      </trkpt>
      <trkpt lat="26.9200592" lon="75.8217315">
        <time>2016-10-26T07:18:33Z</time>
      </trkpt>
      <trkpt lat="26.9200572" lon="75.8217239">
        <time>2016-10-26T07:18:38Z</time>
      </trkpt>
      <trkpt lat="26.9200572" lon="75.8217239">
        <time>2016-10-26T07:18:43Z</time>
      </trkpt>
      <trkpt lat="26.9200630" lon="75.8217239">
        <time>2016-10-26T07:18:48Z</time>
      </trkpt>
      <trkpt lat="26.9200706" lon="75.8217239">
        <time>2016-10-26T07:18:53Z</time>
      </trkpt>
      <trkpt lat="26.9200267" lon="75.8217544">
        <time>2016-10-26T07:18:58Z</time>
      </trkpt>
      <trkpt lat="26.9200153" lon="75.8217697">
        <time>2016-10-26T07:19:03Z</time>
      </trkpt>
      <trkpt lat="26.9200134" lon="75.8217697">
        <time>2016-10-26T07:19:08Z</time>
      </trkpt>
      <trkpt lat="26.9200038" lon="75.8217697">
        <time>2016-10-26T07:19:13Z</time>
      </trkpt>
      <trkpt lat="26.9200019" lon="75.8217697">
        <time>2016-10-26T07:19:18Z</time>
      </trkpt>
      <trkpt lat="26.9199981" lon="75.8217697">
        <time>2016-10-26T07:19:23Z</time>
      </trkpt>
      <trkpt lat="26.9199695" lon="75.8217773">
        <time>2016-10-26T07:19:28Z</time>
      </trkpt>
      <trkpt lat="26.9199676" lon="75.8217773">
        <time>2016-10-26T07:19:33Z</time>
      </trkpt>
      <trkpt lat="26.9199657" lon="75.8217773">
        <time>2016-10-26T07:19:38Z</time>
      </trkpt>
      <trkpt lat="26.9200000" lon="75.8217468">
        <time>2016-10-26T07:19:43Z</time>
      </trkpt>
      <trkpt lat="26.9200439" lon="75.8217239">
        <time>2016-10-26T07:19:48Z</time>
      </trkpt>
      <trkpt lat="26.9200496" lon="75.8217544">
        <time>2016-10-26T07:19:53Z</time>
      </trkpt>
      <trkpt lat="26.9200305" lon="75.8217926">
        <time>2016-10-26T07:19:58Z</time>
      </trkpt>
      <trkpt lat="26.9200744" lon="75.8217773">
        <time>2016-10-26T07:20:03Z</time>
      </trkpt>
      <trkpt lat="26.9201259" lon="75.8217391">
        <time>2016-10-26T07:20:08Z</time>
      </trkpt>
      <trkpt lat="26.9201583" lon="75.8217086">
        <time>2016-10-26T07:20:13Z</time>
      </trkpt>
      <trkpt lat="26.9202060" lon="75.8217315">
        <time>2016-10-26T07:20:18Z</time>
      </trkpt>
      <trkpt lat="26.9201831" lon="75.8217544">
        <time>2016-10-26T07:20:23Z</time>
      </trkpt>
      <trkpt lat="26.9201507" lon="75.8217468">
        <time>2016-10-26T07:20:28Z</time>
      </trkpt>
      <trkpt lat="26.9200649" lon="75.8217697">
        <time>2016-10-26T07:20:33Z</time>
      </trkpt>
      <trkpt lat="26.9200420" lon="75.8217773">
        <time>2016-10-26T07:20:38Z</time>
      </trkpt>
      <trkpt lat="26.9200286" lon="75.8217849">
        <time>2016-10-26T07:20:43Z</time>
      </trkpt>
      <trkpt lat="26.9200248" lon="75.8217849">
        <time>2016-10-26T07:20:48Z</time>
      </trkpt>
      <trkpt lat="26.9200344" lon="75.8217926">
        <time>2016-10-26T07:20:53Z</time>
      </trkpt>
      <trkpt lat="26.9200344" lon="75.8217849">
        <time>2016-10-26T07:20:58Z</time>
      </trkpt>
      <trkpt lat="26.9200382" lon="75.8217849">
        <time>2016-10-26T07:21:03Z</time>
      </trkpt>
      <trkpt lat="26.9200630" lon="75.8217849">
        <time>2016-10-26T07:21:08Z</time>
      </trkpt>
      <trkpt lat="26.9201316" lon="75.8217773">
        <time>2016-10-26T07:21:13Z</time>
      </trkpt>
      <trkpt lat="26.9201831" lon="75.8217620">
        <time>2016-10-26T07:21:18Z</time>
      </trkpt>
      <trkpt lat="26.9202003" lon="75.8217163">
        <time>2016-10-26T07:21:23Z</time>
      </trkpt>
      <trkpt lat="26.9201564" lon="75.8217468">
        <time>2016-10-26T07:21:28Z</time>
      </trkpt>
      <trkpt lat="26.9201278" lon="75.8217773">
        <time>2016-10-26T07:21:33Z</time>
      </trkpt>
      <trkpt lat="26.9201602" lon="75.8218002">
        <time>2016-10-26T07:21:38Z</time>
      </trkpt>
      <trkpt lat="26.9200077" lon="75.8218231">
        <time>2016-10-26T07:21:43Z</time>
      </trkpt>
      <trkpt lat="26.9199142" lon="75.8218078">
        <time>2016-10-26T07:21:48Z</time>
      </trkpt>
      <trkpt lat="26.9198818" lon="75.8218002">
        <time>2016-10-26T07:21:53Z</time>
      </trkpt>
      <trkpt lat="26.9198684" lon="75.8218078">
        <time>2016-10-26T07:21:58Z</time>
      </trkpt>
      <trkpt lat="26.9198493" lon="75.8218002">
        <time>2016-10-26T07:22:03Z</time>
      </trkpt>
      <trkpt lat="26.9198474" lon="75.8218002">
        <time>2016-10-26T07:22:08Z</time>
      </trkpt>
      <trkpt lat="26.9198455" lon="75.8218002">
        <time>2016-10-26T07:22:13Z</time>
      </trkpt>
      <trkpt lat="26.9198436" lon="75.8218002">
        <time>2016-10-26T07:22:18Z</time>
      </trkpt>
      <trkpt lat="26.9198436" lon="75.8218002">
        <time>2016-10-26T07:22:23Z</time>
      </trkpt>
      <trkpt lat="26.9198417" lon="75.8218002">
        <time>2016-10-26T07:22:28Z</time>
      </trkpt>
      <trkpt lat="26.9198474" lon="75.8218002">
        <time>2016-10-26T07:22:33Z</time>
      </trkpt>
      <trkpt lat="26.9198532" lon="75.8218078">
        <time>2016-10-26T07:22:38Z</time>
      </trkpt>
      <trkpt lat="26.9198627" lon="75.8218078">
        <time>2016-10-26T07:22:43Z</time>
      </trkpt>
      <trkpt lat="26.9198589" lon="75.8218154">
        <time>2016-10-26T07:22:48Z</time>
      </trkpt>
      <trkpt lat="26.9198551" lon="75.8218154">
        <time>2016-10-26T07:22:53Z</time>
      </trkpt>
      <trkpt lat="26.9198551" lon="75.8218078">
        <time>2016-10-26T07:22:58Z</time>
      </trkpt>
      <trkpt lat="26.9198703" lon="75.8217239">
        <time>2016-10-26T07:23:03Z</time>
      </trkpt>
      <trkpt lat="26.9197959" lon="75.8216094">
        <time>2016-10-26T07:23:08Z</time>
      </trkpt>
      <trkpt lat="26.9197158" lon="75.8215255">
        <time>2016-10-26T07:23:13Z</time>
      </trkpt>
      <trkpt lat="26.9196834" lon="75.8214645">
        <time>2016-10-26T07:23:18Z</time>
      </trkpt>
      <trkpt lat="26.9196434" lon="75.8214263">
        <time>2016-10-26T07:23:23Z</time>
      </trkpt>
      <trkpt lat="26.9195804" lon="75.8213806">
        <time>2016-10-26T07:23:28Z</time>
      </trkpt>
      <trkpt lat="26.9194602" lon="75.8213958">
        <time>2016-10-26T07:23:33Z</time>
      </trkpt>
      <trkpt lat="26.9193649" lon="75.8214035">
        <time>2016-10-26T07:23:38Z</time>
      </trkpt>
      <trkpt lat="26.9193782" lon="75.8213806">
        <time>2016-10-26T07:23:43Z</time>
      </trkpt>
      <trkpt lat="26.9193496" lon="75.8213958">
        <time>2016-10-26T07:23:48Z</time>
      </trkpt>
      <trkpt lat="26.9192676" lon="75.8214416">
        <time>2016-10-26T07:23:53Z</time>
      </trkpt>
      <trkpt lat="26.9192371" lon="75.8214797">
        <time>2016-10-26T07:23:58Z</time>
      </trkpt>
      <trkpt lat="26.9192085" lon="75.8215026">
        <time>2016-10-26T07:24:03Z</time>
      </trkpt>
      <trkpt lat="26.9191513" lon="75.8214263">
        <time>2016-10-26T07:24:08Z</time>
      </trkpt>
      <trkpt lat="26.9190673" lon="75.8214416">
        <time>2016-10-26T07:24:13Z</time>
      </trkpt>
      <trkpt lat="26.9190444" lon="75.8214569">
        <time>2016-10-26T07:24:18Z</time>
      </trkpt>
      <trkpt lat="26.9190349" lon="75.8214874">
        <time>2016-10-26T07:24:23Z</time>
      </trkpt>
      <trkpt lat="26.9190025" lon="75.8214874">
        <time>2016-10-26T07:24:28Z</time>
      </trkpt>
      <trkpt lat="26.9189777" lon="75.8214874">
        <time>2016-10-26T07:24:33Z</time>
      </trkpt>
      <trkpt lat="26.9189567" lon="75.8214797">
        <time>2016-10-26T07:24:38Z</time>
      </trkpt>
      <trkpt lat="26.9189014" lon="75.8214874">
        <time>2016-10-26T07:24:43Z</time>
      </trkpt>
      <trkpt lat="26.9189128" lon="75.8214721">
        <time>2016-10-26T07:24:48Z</time>
      </trkpt>
      <trkpt lat="26.9189052" lon="75.8214721">
        <time>2016-10-26T07:24:53Z</time>
      </trkpt>
      <trkpt lat="26.9188995" lon="75.8214721">
        <time>2016-10-26T07:24:58Z</time>
      </trkpt>
      <trkpt lat="26.9189376" lon="75.8215026">
        <time>2016-10-26T07:25:03Z</time>
      </trkpt>
      <trkpt lat="26.9189567" lon="75.8215255">
        <time>2016-10-26T07:25:08Z</time>
      </trkpt>
      <trkpt lat="26.9190196" lon="75.8215408">
        <time>2016-10-26T07:25:13Z</time>
      </trkpt>
      <trkpt lat="26.9191226" lon="75.8215332">
        <time>2016-10-26T07:25:18Z</time>
      </trkpt>
      <trkpt lat="26.9191360" lon="75.8215713">
        <time>2016-10-26T07:25:23Z</time>
      </trkpt>
      <trkpt lat="26.9191322" lon="75.8215789">
        <time>2016-10-26T07:25:28Z</time>
      </trkpt>
      <trkpt lat="26.9191303" lon="75.8215789">
        <time>2016-10-26T07:25:33Z</time>
      </trkpt>
      <trkpt lat="26.9190616" lon="75.8215560">
        <time>2016-10-26T07:25:38Z</time>
      </trkpt>
      <trkpt lat="26.9190025" lon="75.8215484">
        <time>2016-10-26T07:25:43Z</time>
      </trkpt>
      <trkpt lat="26.9189929" lon="75.8215484">
        <time>2016-10-26T07:25:48Z</time>
      </trkpt>
      <trkpt lat="26.9189548" lon="75.8215408">
        <time>2016-10-26T07:25:53Z</time>
      </trkpt>
      <trkpt lat="26.9189453" lon="75.8215408">
        <time>2016-10-26T07:25:58Z</time>
      </trkpt>
      <trkpt lat="26.9189510" lon="75.8215484">
        <time>2016-10-26T07:26:03Z</time>
      </trkpt>
      <trkpt lat="26.9189586" lon="75.8215484">
        <time>2016-10-26T07:26:08Z</time>
      </trkpt>
      <trkpt lat="26.9189605" lon="75.8215484">
        <time>2016-10-26T07:26:13Z</time>
      </trkpt>
      <trkpt lat="26.9189777" lon="75.8215332">
        <time>2016-10-26T07:26:18Z</time>
      </trkpt>
      <trkpt lat="26.9189643" lon="75.8215179">
        <time>2016-10-26T07:26:23Z</time>
      </trkpt>
      <trkpt lat="26.9189529" lon="75.8214492">
        <time>2016-10-26T07:26:28Z</time>
      </trkpt>
      <trkpt lat="26.9188823" lon="75.8212814">
        <time>2016-10-26T07:26:33Z</time>
      </trkpt>
      <trkpt lat="26.9189472" lon="75.8212127">
        <time>2016-10-26T07:26:38Z</time>
      </trkpt>
      <trkpt lat="26.9189910" lon="75.8211746">
        <time>2016-10-26T07:26:43Z</time>
      </trkpt>
      <trkpt lat="26.9190216" lon="75.8211288">
        <time>2016-10-26T07:26:48Z</time>
      </trkpt>
      <trkpt lat="26.9190177" lon="75.8211288">
        <time>2016-10-26T07:26:53Z</time>
      </trkpt>
      <trkpt lat="26.9190177" lon="75.8211288">
        <time>2016-10-26T07:26:58Z</time>
      </trkpt>
      <trkpt lat="26.9190120" lon="75.8211288">
        <time>2016-10-26T07:27:03Z</time>
      </trkpt>
      <trkpt lat="26.9190158" lon="75.8211288">
        <time>2016-10-26T07:27:08Z</time>
      </trkpt>
      <trkpt lat="26.9190196" lon="75.8211288">
        <time>2016-10-26T07:27:13Z</time>
      </trkpt>
      <trkpt lat="26.9190273" lon="75.8211288">
        <time>2016-10-26T07:27:18Z</time>
      </trkpt>
      <trkpt lat="26.9190330" lon="75.8211364">
        <time>2016-10-26T07:27:23Z</time>
      </trkpt>
      <trkpt lat="26.9190349" lon="75.8211364">
        <time>2016-10-26T07:27:28Z</time>
      </trkpt>
      <trkpt lat="26.9190292" lon="75.8211288">
        <time>2016-10-26T07:27:33Z</time>
      </trkpt>
      <trkpt lat="26.9190216" lon="75.8211288">
        <time>2016-10-26T07:27:38Z</time>
      </trkpt>
      <trkpt lat="26.9190158" lon="75.8211288">
        <time>2016-10-26T07:27:43Z</time>
      </trkpt>
      <trkpt lat="26.9190101" lon="75.8211288">
        <time>2016-10-26T07:27:48Z</time>
      </trkpt>
      <trkpt lat="26.9190101" lon="75.8211288">
        <time>2016-10-26T07:27:53Z</time>
      </trkpt>
      <trkpt lat="26.9190025" lon="75.8211288">
        <time>2016-10-26T07:27:58Z</time>
      </trkpt>
      <trkpt lat="26.9189968" lon="75.8211364">
        <time>2016-10-26T07:28:03Z</time>
      </trkpt>
      <trkpt lat="26.9189929" lon="75.8211364">
        <time>2016-10-26T07:28:08Z</time>
      </trkpt>
      <trkpt lat="26.9189891" lon="75.8211364">
        <time>2016-10-26T07:28:13Z</time>
      </trkpt>
      <trkpt lat="26.9189796" lon="75.8211364">
        <time>2016-10-26T07:28:18Z</time>
      </trkpt>
      <trkpt lat="26.9189376" lon="75.8211669">
        <time>2016-10-26T07:28:23Z</time>
      </trkpt>
      <trkpt lat="26.9189414" lon="75.8211746">
        <time>2016-10-26T07:28:28Z</time>
      </trkpt>
      <trkpt lat="26.9189434" lon="75.8211746">
        <time>2016-10-26T07:28:33Z</time>
      </trkpt>
      <trkpt lat="26.9189453" lon="75.8211746">
        <time>2016-10-26T07:28:38Z</time>
      </trkpt>
      <trkpt lat="26.9189434" lon="75.8211746">
        <time>2016-10-26T07:28:43Z</time>
      </trkpt>
      <trkpt lat="26.9189434" lon="75.8211746">
        <time>2016-10-26T07:28:48Z</time>
      </trkpt>
      <trkpt lat="26.9189453" lon="75.8211288">
        <time>2016-10-26T07:28:53Z</time>
      </trkpt>
      <trkpt lat="26.9189491" lon="75.8210906">
        <time>2016-10-26T07:28:58Z</time>
      </trkpt>
      <trkpt lat="26.9189376" lon="75.8210830">
        <time>2016-10-26T07:29:03Z</time>
      </trkpt>
      <trkpt lat="26.9189319" lon="75.8210830">
        <time>2016-10-26T07:29:08Z</time>
      </trkpt>
      <trkpt lat="26.9189205" lon="75.8210601">
        <time>2016-10-26T07:29:13Z</time>
      </trkpt>
      <trkpt lat="26.9188976" lon="75.8209457">
        <time>2016-10-26T07:29:18Z</time>
      </trkpt>
      <trkpt lat="26.9189128" lon="75.8208312">
        <time>2016-10-26T07:29:23Z</time>
      </trkpt>
      <trkpt lat="26.9189052" lon="75.8208084">
        <time>2016-10-26T07:29:28Z</time>
      </trkpt>
      <trkpt lat="26.9189014" lon="75.8208084">
        <time>2016-10-26T07:29:33Z</time>
      </trkpt>
      <trkpt lat="26.9188976" lon="75.8208084">
        <time>2016-10-26T07:29:38Z</time>
      </trkpt>
      <trkpt lat="26.9188957" lon="75.8208007">
        <time>2016-10-26T07:29:43Z</time>
      </trkpt>
      <trkpt lat="26.9188957" lon="75.8208007">
        <time>2016-10-26T07:29:48Z</time>
      </trkpt>
      <trkpt lat="26.9188938" lon="75.8208007">
        <time>2016-10-26T07:29:53Z</time>
      </trkpt>
      <trkpt lat="26.9188861" lon="75.8207931">
        <time>2016-10-26T07:29:58Z</time>
      </trkpt>
      <trkpt lat="26.9188804" lon="75.8207931">
        <time>2016-10-26T07:30:03Z</time>
      </trkpt>
      <trkpt lat="26.9188804" lon="75.8207855">
        <time>2016-10-26T07:30:08Z</time>
      </trkpt>
      <trkpt lat="26.9188842" lon="75.8207855">
        <time>2016-10-26T07:30:13Z</time>
      </trkpt>
      <trkpt lat="26.9188899" lon="75.8207778">
        <time>2016-10-26T07:30:18Z</time>
      </trkpt>
      <trkpt lat="26.9188976" lon="75.8207778">
        <time>2016-10-26T07:30:23Z</time>
      </trkpt>
      <trkpt lat="26.9188976" lon="75.8207702">
        <time>2016-10-26T07:30:28Z</time>
      </trkpt>
      <trkpt lat="26.9188957" lon="75.8207702">
        <time>2016-10-26T07:30:33Z</time>
      </trkpt>
      <trkpt lat="26.9189205" lon="75.8207321">
        <time>2016-10-26T07:30:38Z</time>
      </trkpt>
      <trkpt lat="26.9190139" lon="75.8205490">
        <time>2016-10-26T07:30:43Z</time>
      </trkpt>
      <trkpt lat="26.9190483" lon="75.8204345">
        <time>2016-10-26T07:30:48Z</time>
      </trkpt>
      <trkpt lat="26.9190006" lon="75.8203659">
        <time>2016-10-26T07:30:53Z</time>
      </trkpt>
      <trkpt lat="26.9189758" lon="75.8203277">
        <time>2016-10-26T07:30:58Z</time>
      </trkpt>
      <trkpt lat="26.9189796" lon="75.8203277">
        <time>2016-10-26T07:31:03Z</time>
      </trkpt>
      <trkpt lat="26.9190368" lon="75.8202209">
        <time>2016-10-26T07:31:08Z</time>
      </trkpt>
      <trkpt lat="26.9190425" lon="75.8202133">
        <time>2016-10-26T07:31:13Z</time>
      </trkpt>
      <trkpt lat="26.9190425" lon="75.8202133">
        <time>2016-10-26T07:31:18Z</time>
      </trkpt>
      <trkpt lat="26.9190464" lon="75.8202133">
        <time>2016-10-26T07:31:23Z</time>
      </trkpt>
      <trkpt lat="26.9190578" lon="75.8202209">
        <time>2016-10-26T07:31:28Z</time>
      </trkpt>
      <trkpt lat="26.9190845" lon="75.8202133">
        <time>2016-10-26T07:31:33Z</time>
      </trkpt>
      <trkpt lat="26.9191265" lon="75.8201751">
        <time>2016-10-26T07:31:38Z</time>
      </trkpt>
      <trkpt lat="26.9191837" lon="75.8201141">
        <time>2016-10-26T07:31:43Z</time>
      </trkpt>
      <trkpt lat="26.9191989" lon="75.8201065">
        <time>2016-10-26T07:31:48Z</time>
      </trkpt>
      <trkpt lat="26.9191989" lon="75.8201065">
        <time>2016-10-26T07:31:53Z</time>
      </trkpt>
      <trkpt lat="26.9192085" lon="75.8201141">
        <time>2016-10-26T07:31:58Z</time>
      </trkpt>
      <trkpt lat="26.9192523" lon="75.8201065">
        <time>2016-10-26T07:32:03Z</time>
      </trkpt>
      <trkpt lat="26.9192752" lon="75.8201217">
        <time>2016-10-26T07:32:08Z</time>
      </trkpt>
      <trkpt lat="26.9192848" lon="75.8201446">
        <time>2016-10-26T07:32:13Z</time>
      </trkpt>
      <trkpt lat="26.9193229" lon="75.8201675">
        <time>2016-10-26T07:32:18Z</time>
      </trkpt>
      <trkpt lat="26.9193534" lon="75.8201828">
        <time>2016-10-26T07:32:23Z</time>
      </trkpt>
      <trkpt lat="26.9193706" lon="75.8202056">
        <time>2016-10-26T07:32:28Z</time>
      </trkpt>
      <trkpt lat="26.9194107" lon="75.8202438">
        <time>2016-10-26T07:32:33Z</time>
      </trkpt>
      <trkpt lat="26.9194374" lon="75.8202590">
        <time>2016-10-26T07:32:38Z</time>
      </trkpt>
      <trkpt lat="26.9195327" lon="75.8202209">
        <time>2016-10-26T07:32:43Z</time>
      </trkpt>
      <trkpt lat="26.9195709" lon="75.8202209">
        <time>2016-10-26T07:32:48Z</time>
      </trkpt>
      <trkpt lat="26.9196128" lon="75.8202667">
        <time>2016-10-26T07:32:53Z</time>
      </trkpt>
      <trkpt lat="26.9196434" lon="75.8202896">
        <time>2016-10-26T07:32:58Z</time>
      </trkpt>
      <trkpt lat="26.9196643" lon="75.8202972">
        <time>2016-10-26T07:33:03Z</time>
      </trkpt>
      <trkpt lat="26.9196815" lon="75.8203277">
        <time>2016-10-26T07:33:08Z</time>
      </trkpt>
      <trkpt lat="26.9197139" lon="75.8203277">
        <time>2016-10-26T07:33:13Z</time>
      </trkpt>
      <trkpt lat="26.9197311" lon="75.8203125">
        <time>2016-10-26T07:33:18Z</time>
      </trkpt>
      <trkpt lat="26.9197902" lon="75.8202819">
        <time>2016-10-26T07:33:23Z</time>
      </trkpt>
      <trkpt lat="26.9198493" lon="75.8202209">
        <time>2016-10-26T07:33:28Z</time>
      </trkpt>
      <trkpt lat="26.9198799" lon="75.8202362">
        <time>2016-10-26T07:33:33Z</time>
      </trkpt>
      <trkpt lat="26.9199008" lon="75.8202743">
        <time>2016-10-26T07:33:38Z</time>
      </trkpt>
      <trkpt lat="26.9199180" lon="75.8202896">
        <time>2016-10-26T07:33:43Z</time>
      </trkpt>
      <trkpt lat="26.9199581" lon="75.8203125">
        <time>2016-10-26T07:33:48Z</time>
      </trkpt>
      <trkpt lat="26.9200057" lon="75.8203430">
        <time>2016-10-26T07:33:53Z</time>
      </trkpt>
      <trkpt lat="26.9200572" lon="75.8203430">
        <time>2016-10-26T07:33:58Z</time>
      </trkpt>
      <trkpt lat="26.9200935" lon="75.8203430">
        <time>2016-10-26T07:34:03Z</time>
      </trkpt>
      <trkpt lat="26.9201145" lon="75.8203277">
        <time>2016-10-26T07:34:08Z</time>
      </trkpt>
      <trkpt lat="26.9201393" lon="75.8203201">
        <time>2016-10-26T07:34:13Z</time>
      </trkpt>
      <trkpt lat="26.9201259" lon="75.8203201">
        <time>2016-10-26T07:34:18Z</time>
      </trkpt>
      <trkpt lat="26.9201240" lon="75.8203201">
        <time>2016-10-26T07:34:23Z</time>
      </trkpt>
      <trkpt lat="26.9201259" lon="75.8203201">
        <time>2016-10-26T07:34:28Z</time>
      </trkpt>
      <trkpt lat="26.9201297" lon="75.8203201">
        <time>2016-10-26T07:34:33Z</time>
      </trkpt>
      <trkpt lat="26.9201374" lon="75.8203201">
        <time>2016-10-26T07:34:38Z</time>
      </trkpt>
      <trkpt lat="26.9201469" lon="75.8203277">
        <time>2016-10-26T07:34:43Z</time>
      </trkpt>
      <trkpt lat="26.9201545" lon="75.8203277">
        <time>2016-10-26T07:34:48Z</time>
      </trkpt>
      <trkpt lat="26.9201602" lon="75.8203277">
        <time>2016-10-26T07:34:53Z</time>
      </trkpt>
      <trkpt lat="26.9201660" lon="75.8203353">
        <time>2016-10-26T07:34:58Z</time>
      </trkpt>
      <trkpt lat="26.9201641" lon="75.8203353">
        <time>2016-10-26T07:35:03Z</time>
      </trkpt>
      <trkpt lat="26.9200801" lon="75.8204498">
        <time>2016-10-26T07:35:08Z</time>
      </trkpt>
      <trkpt lat="26.9200534" lon="75.8204803">
        <time>2016-10-26T07:35:13Z</time>
      </trkpt>
      <trkpt lat="26.9200286" lon="75.8205490">
        <time>2016-10-26T07:35:18Z</time>
      </trkpt>
      <trkpt lat="26.9200458" lon="75.8206024">
        <time>2016-10-26T07:35:23Z</time>
      </trkpt>
      <trkpt lat="26.9200344" lon="75.8206634">
        <time>2016-10-26T07:35:28Z</time>
      </trkpt>
      <trkpt lat="26.9200210" lon="75.8207092">
        <time>2016-10-26T07:35:33Z</time>
      </trkpt>
      <trkpt lat="26.9200248" lon="75.8207626">
        <time>2016-10-26T07:35:38Z</time>
      </trkpt>
      <trkpt lat="26.9200477" lon="75.8207778">
        <time>2016-10-26T07:35:43Z</time>
      </trkpt>
      <trkpt lat="26.9200935" lon="75.8207626">
        <time>2016-10-26T07:35:48Z</time>
      </trkpt>
      <trkpt lat="26.9201011" lon="75.8207702">
        <time>2016-10-26T07:35:53Z</time>
      </trkpt>
      <trkpt lat="26.9201049" lon="75.8207855">
        <time>2016-10-26T07:35:58Z</time>
      </trkpt>
      <trkpt lat="26.9201030" lon="75.8208465">
        <time>2016-10-26T07:36:03Z</time>
      </trkpt>
      <trkpt lat="26.9201011" lon="75.8208770">
        <time>2016-10-26T07:36:08Z</time>
      </trkpt>
      <trkpt lat="26.9200992" lon="75.8208847">
        <time>2016-10-26T07:36:13Z</time>
      </trkpt>
      <trkpt lat="26.9201011" lon="75.8208847">
        <time>2016-10-26T07:36:18Z</time>
      </trkpt>
      <trkpt lat="26.9201107" lon="75.8208923">
        <time>2016-10-26T07:36:23Z</time>
      </trkpt>
      <trkpt lat="26.9201164" lon="75.8208999">
        <time>2016-10-26T07:36:28Z</time>
      </trkpt>
      <trkpt lat="26.9201259" lon="75.8208999">
        <time>2016-10-26T07:36:33Z</time>
      </trkpt>
      <trkpt lat="26.9201316" lon="75.8209075">
        <time>2016-10-26T07:36:38Z</time>
      </trkpt>
      <trkpt lat="26.9200611" lon="75.8210601">
        <time>2016-10-26T07:36:43Z</time>
      </trkpt>
      <trkpt lat="26.9200706" lon="75.8210678">
        <time>2016-10-26T07:36:48Z</time>
      </trkpt>
      <trkpt lat="26.9200420" lon="75.8211364">
        <time>2016-10-26T07:36:53Z</time>
      </trkpt>
      <trkpt lat="26.9200878" lon="75.8212585">
        <time>2016-10-26T07:36:58Z</time>
      </trkpt>
      <trkpt lat="26.9200458" lon="75.8213424">
        <time>2016-10-26T07:37:03Z</time>
      </trkpt>
      <trkpt lat="26.9199848" lon="75.8214263">
        <time>2016-10-26T07:37:08Z</time>
      </trkpt>
      <trkpt lat="26.9199523" lon="75.8214874">
        <time>2016-10-26T07:37:13Z</time>
      </trkpt>
      <trkpt lat="26.9199161" lon="75.8215255">
        <time>2016-10-26T07:37:18Z</time>
      </trkpt>
      <trkpt lat="26.9198360" lon="75.8215637">
        <time>2016-10-26T07:37:23Z</time>
      </trkpt>
      <trkpt lat="26.9197788" lon="75.8216323">
        <time>2016-10-26T07:37:28Z</time>
      </trkpt>
      <trkpt lat="26.9197597" lon="75.8216476">
        <time>2016-10-26T07:37:33Z</time>
      </trkpt>
      <trkpt lat="26.9197368" lon="75.8216247">
        <time>2016-10-26T07:37:38Z</time>
      </trkpt>
      <trkpt lat="26.9197025" lon="75.8216323">
        <time>2016-10-26T07:37:43Z</time>
      </trkpt>
      <trkpt lat="26.9196376" lon="75.8216171">
        <time>2016-10-26T07:37:48Z</time>
      </trkpt>
      <trkpt lat="26.9195613" lon="75.8216171">
        <time>2016-10-26T07:37:53Z</time>
      </trkpt>
      <trkpt lat="26.9195327" lon="75.8216018">
        <time>2016-10-26T07:37:58Z</time>
      </trkpt>
      <trkpt lat="26.9194564" lon="75.8216018">
        <time>2016-10-26T07:38:03Z</time>
      </trkpt>
      <trkpt lat="26.9193687" lon="75.8216171">
        <time>2016-10-26T07:38:08Z</time>
      </trkpt>
      <trkpt lat="26.9192733" lon="75.8216094">
        <time>2016-10-26T07:38:13Z</time>
      </trkpt>
      <trkpt lat="26.9192104" lon="75.8215332">
        <time>2016-10-26T07:38:18Z</time>
      </trkpt>
      <trkpt lat="26.9192428" lon="75.8214569">
        <time>2016-10-26T07:38:23Z</time>
      </trkpt>
      <trkpt lat="26.9192028" lon="75.8214645">
        <time>2016-10-26T07:38:28Z</time>
      </trkpt>
      <trkpt lat="26.9191226" lon="75.8214874">
        <time>2016-10-26T07:38:33Z</time>
      </trkpt>
      <trkpt lat="26.9189891" lon="75.8215179">
        <time>2016-10-26T07:38:38Z</time>
      </trkpt>
      <trkpt lat="26.9189052" lon="75.8215332">
        <time>2016-10-26T07:38:43Z</time>
      </trkpt>
      <trkpt lat="26.9187927" lon="75.8214950">
        <time>2016-10-26T07:38:48Z</time>
      </trkpt>
      <trkpt lat="26.9188175" lon="75.8213729">
        <time>2016-10-26T07:38:53Z</time>
      </trkpt>
      <trkpt lat="26.9187278" lon="75.8213577">
        <time>2016-10-26T07:38:58Z</time>
      </trkpt>
      <trkpt lat="26.9186992" lon="75.8213958">
        <time>2016-10-26T07:39:03Z</time>
      </trkpt>
      <trkpt lat="26.9187011" lon="75.8214035">
        <time>2016-10-26T07:39:08Z</time>
      </trkpt>
      <trkpt lat="26.9186973" lon="75.8214111">
        <time>2016-10-26T07:39:13Z</time>
      </trkpt>
      <trkpt lat="26.9187374" lon="75.8214187">
        <time>2016-10-26T07:39:18Z</time>
      </trkpt>
      <trkpt lat="26.9187393" lon="75.8214340">
        <time>2016-10-26T07:39:23Z</time>
      </trkpt>
      <trkpt lat="26.9187412" lon="75.8214416">
        <time>2016-10-26T07:39:28Z</time>
      </trkpt>
      <trkpt lat="26.9187412" lon="75.8214416">
        <time>2016-10-26T07:39:33Z</time>
      </trkpt>
      <trkpt lat="26.9187412" lon="75.8214416">
        <time>2016-10-26T07:39:38Z</time>
      </trkpt>
      <trkpt lat="26.9187393" lon="75.8214416">
        <time>2016-10-26T07:39:43Z</time>
      </trkpt>
      <trkpt lat="26.9187412" lon="75.8214416">
        <time>2016-10-26T07:39:48Z</time>
      </trkpt>
      <trkpt lat="26.9187431" lon="75.8214492">
        <time>2016-10-26T07:39:53Z</time>
      </trkpt>
      <trkpt lat="26.9187431" lon="75.8214492">
        <time>2016-10-26T07:39:58Z</time>
      </trkpt>
      <trkpt lat="26.9187335" lon="75.8214492">
        <time>2016-10-26T07:40:03Z</time>
      </trkpt>
      <trkpt lat="26.9187278" lon="75.8214569">
        <time>2016-10-26T07:40:08Z</time>
      </trkpt>
      <trkpt lat="26.9187259" lon="75.8214569">
        <time>2016-10-26T07:40:13Z</time>
      </trkpt>
      <trkpt lat="26.9187221" lon="75.8214569">
        <time>2016-10-26T07:40:18Z</time>
      </trkpt>
      <trkpt lat="26.9187240" lon="75.8214569">
        <time>2016-10-26T07:40:23Z</time>
      </trkpt>
      <trkpt lat="26.9187297" lon="75.8214645">
        <time>2016-10-26T07:40:28Z</time>
      </trkpt>
      <trkpt lat="26.9187355" lon="75.8214645">
        <time>2016-10-26T07:40:33Z</time>
      </trkpt>
      <trkpt lat="26.9187355" lon="75.8214721">
        <time>2016-10-26T07:40:38Z</time>
      </trkpt>
      <trkpt lat="26.9187374" lon="75.8214721">
        <time>2016-10-26T07:40:43Z</time>
      </trkpt>
      <trkpt lat="26.9187316" lon="75.8214645">
        <time>2016-10-26T07:40:48Z</time>
      </trkpt>
      <trkpt lat="26.9187183" lon="75.8215026">
        <time>2016-10-26T07:40:53Z</time>
      </trkpt>
      <trkpt lat="26.9187240" lon="75.8214874">
        <time>2016-10-26T07:40:58Z</time>
      </trkpt>
      <trkpt lat="26.9187278" lon="75.8214874">
        <time>2016-10-26T07:41:03Z</time>
      </trkpt>
      <trkpt lat="26.9187088" lon="75.8215026">
        <time>2016-10-26T07:41:08Z</time>
      </trkpt>
      <trkpt lat="26.9186992" lon="75.8215103">
        <time>2016-10-26T07:41:13Z</time>
      </trkpt>
      <trkpt lat="26.9186782" lon="75.8214721">
        <time>2016-10-26T07:41:18Z</time>
      </trkpt>
      <trkpt lat="26.9185924" lon="75.8215026">
        <time>2016-10-26T07:41:23Z</time>
      </trkpt>
      <trkpt lat="26.9185390" lon="75.8214950">
        <time>2016-10-26T07:41:28Z</time>
      </trkpt>
      <trkpt lat="26.9185371" lon="75.8214950">
        <time>2016-10-26T07:41:33Z</time>
      </trkpt>
      <trkpt lat="26.9185390" lon="75.8214950">
        <time>2016-10-26T07:41:38Z</time>
      </trkpt>
      <trkpt lat="26.9185523" lon="75.8214492">
        <time>2016-10-26T07:41:43Z</time>
      </trkpt>
      <trkpt lat="26.9185409" lon="75.8214492">
        <time>2016-10-26T07:41:48Z</time>
      </trkpt>
      <trkpt lat="26.9185466" lon="75.8214263">
        <time>2016-10-26T07:41:53Z</time>
      </trkpt>
      <trkpt lat="26.9185256" lon="75.8214263">
        <time>2016-10-26T07:41:58Z</time>
      </trkpt>
      <trkpt lat="26.9184951" lon="75.8214263">
        <time>2016-10-26T07:42:03Z</time>
      </trkpt>
      <trkpt lat="26.9185028" lon="75.8214035">
        <time>2016-10-26T07:42:08Z</time>
      </trkpt>
      <trkpt lat="26.9184970" lon="75.8214035">
        <time>2016-10-26T07:42:13Z</time>
      </trkpt>
      <trkpt lat="26.9184970" lon="75.8214035">
        <time>2016-10-26T07:42:18Z</time>
      </trkpt>
      <trkpt lat="26.9184494" lon="75.8214187">
        <time>2016-10-26T07:42:23Z</time>
      </trkpt>
      <trkpt lat="26.9184665" lon="75.8214340">
        <time>2016-10-26T07:42:28Z</time>
      </trkpt>
      <trkpt lat="26.9184875" lon="75.8214645">
        <time>2016-10-26T07:42:33Z</time>
      </trkpt>
      <trkpt lat="26.9185199" lon="75.8215026">
        <time>2016-10-26T07:42:38Z</time>
      </trkpt>
      <trkpt lat="26.9185428" lon="75.8215332">
        <time>2016-10-26T07:42:43Z</time>
      </trkpt>
      <trkpt lat="26.9185543" lon="75.8215713">
        <time>2016-10-26T07:42:48Z</time>
      </trkpt>
      <trkpt lat="26.9185943" lon="75.8215789">
        <time>2016-10-26T07:42:53Z</time>
      </trkpt>
      <trkpt lat="26.9186153" lon="75.8215332">
        <time>2016-10-26T07:42:58Z</time>
      </trkpt>
      <trkpt lat="26.9186592" lon="75.8215179">
        <time>2016-10-26T07:43:03Z</time>
      </trkpt>
      <trkpt lat="26.9187068" lon="75.8215560">
        <time>2016-10-26T07:43:08Z</time>
      </trkpt>
      <trkpt lat="26.9187698" lon="75.8215713">
        <time>2016-10-26T07:43:13Z</time>
      </trkpt>
      <trkpt lat="26.9188060" lon="75.8215408">
        <time>2016-10-26T07:43:18Z</time>
      </trkpt>
      <trkpt lat="26.9188556" lon="75.8215713">
        <time>2016-10-26T07:43:23Z</time>
      </trkpt>
      <trkpt lat="26.9188671" lon="75.8215942">
        <time>2016-10-26T07:43:28Z</time>
      </trkpt>
      <trkpt lat="26.9188957" lon="75.8215408">
        <time>2016-10-26T07:43:33Z</time>
      </trkpt>
      <trkpt lat="26.9189834" lon="75.8215484">
        <time>2016-10-26T07:43:38Z</time>
      </trkpt>
      <trkpt lat="26.9190235" lon="75.8215637">
        <time>2016-10-26T07:43:43Z</time>
      </trkpt>
      <trkpt lat="26.9190959" lon="75.8215866">
        <time>2016-10-26T07:43:48Z</time>
      </trkpt>
      <trkpt lat="26.9191398" lon="75.8215866">
        <time>2016-10-26T07:43:53Z</time>
      </trkpt>
      <trkpt lat="26.9191455" lon="75.8215866">
        <time>2016-10-26T07:43:58Z</time>
      </trkpt>
      <trkpt lat="26.9191436" lon="75.8215866">
        <time>2016-10-26T07:44:03Z</time>
      </trkpt>
      <trkpt lat="26.9191188" lon="75.8215637">
        <time>2016-10-26T07:44:08Z</time>
      </trkpt>
      <trkpt lat="26.9190578" lon="75.8215484">
        <time>2016-10-26T07:44:13Z</time>
      </trkpt>
      <trkpt lat="26.9190750" lon="75.8215179">
        <time>2016-10-26T07:44:18Z</time>
      </trkpt>
      <trkpt lat="26.9190731" lon="75.8215103">
        <time>2016-10-26T07:44:23Z</time>
      </trkpt>
      <trkpt lat="26.9190807" lon="75.8215103">
        <time>2016-10-26T07:44:28Z</time>
      </trkpt>
      <trkpt lat="26.9190959" lon="75.8215179">
        <time>2016-10-26T07:44:33Z</time>
      </trkpt>
      <trkpt lat="26.9190883" lon="75.8215179">
        <time>2016-10-26T07:44:38Z</time>
      </trkpt>
      <trkpt lat="26.9190750" lon="75.8215484">
        <time>2016-10-26T07:44:43Z</time>
      </trkpt>
      <trkpt lat="26.9190731" lon="75.8215866">
        <time>2016-10-26T07:44:48Z</time>
      </trkpt>
      <trkpt lat="26.9190769" lon="75.8215866">
        <time>2016-10-26T07:44:53Z</time>
      </trkpt>
      <trkpt lat="26.9190807" lon="75.8215866">
        <time>2016-10-26T07:44:58Z</time>
      </trkpt>
      <trkpt lat="26.9190807" lon="75.8215866">
        <time>2016-10-26T07:45:03Z</time>
      </trkpt>
      <trkpt lat="26.9190864" lon="75.8215866">
        <time>2016-10-26T07:45:08Z</time>
      </trkpt>
      <trkpt lat="26.9190692" lon="75.8216018">
        <time>2016-10-26T07:45:13Z</time>
      </trkpt>
      <trkpt lat="26.9190711" lon="75.8216018">
        <time>2016-10-26T07:45:18Z</time>
      </trkpt>
      <trkpt lat="26.9190692" lon="75.8216018">
        <time>2016-10-26T07:45:23Z</time>
      </trkpt>
      <trkpt lat="26.9190788" lon="75.8216094">
        <time>2016-10-26T07:45:28Z</time>
      </trkpt>
      <trkpt lat="26.9190769" lon="75.8216323">
        <time>2016-10-26T07:45:33Z</time>
      </trkpt>
      <trkpt lat="26.9191055" lon="75.8216476">
        <time>2016-10-26T07:45:38Z</time>
      </trkpt>
      <trkpt lat="26.9191436" lon="75.8216705">
        <time>2016-10-26T07:45:43Z</time>
      </trkpt>
      <trkpt lat="26.9191780" lon="75.8216857">
        <time>2016-10-26T07:45:48Z</time>
      </trkpt>
      <trkpt lat="26.9192276" lon="75.8217315">
        <time>2016-10-26T07:45:53Z</time>
      </trkpt>
      <trkpt lat="26.9192810" lon="75.8217773">
        <time>2016-10-26T07:45:58Z</time>
      </trkpt>
      <trkpt lat="26.9193210" lon="75.8217926">
        <time>2016-10-26T07:46:03Z</time>
      </trkpt>
      <trkpt lat="26.9193382" lon="75.8217926">
        <time>2016-10-26T07:46:08Z</time>
      </trkpt>
      <trkpt lat="26.9193553" lon="75.8217926">
        <time>2016-10-26T07:46:13Z</time>
      </trkpt>
      <trkpt lat="26.9193763" lon="75.8217849">
        <time>2016-10-26T07:46:18Z</time>
      </trkpt>
      <trkpt lat="26.9194030" lon="75.8217849">
        <time>2016-10-26T07:46:23Z</time>
      </trkpt>
      <trkpt lat="26.9194297" lon="75.8217926">
        <time>2016-10-26T07:46:28Z</time>
      </trkpt>
      <trkpt lat="26.9194507" lon="75.8217773">
        <time>2016-10-26T07:46:33Z</time>
      </trkpt>
      <trkpt lat="26.9194660" lon="75.8217620">
        <time>2016-10-26T07:46:38Z</time>
      </trkpt>
      <trkpt lat="26.9195194" lon="75.8217697">
        <time>2016-10-26T07:46:43Z</time>
      </trkpt>
      <trkpt lat="26.9195308" lon="75.8217239">
        <time>2016-10-26T07:46:48Z</time>
      </trkpt>
      <trkpt lat="26.9195289" lon="75.8216705">
        <time>2016-10-26T07:46:53Z</time>
      </trkpt>
      <trkpt lat="26.9195537" lon="75.8215866">
        <time>2016-10-26T07:46:58Z</time>
      </trkpt>
      <trkpt lat="26.9196472" lon="75.8214950">
        <time>2016-10-26T07:47:03Z</time>
      </trkpt>
      <trkpt lat="26.9197540" lon="75.8214111">
        <time>2016-10-26T07:47:08Z</time>
      </trkpt>
      <trkpt lat="26.9197731" lon="75.8213500">
        <time>2016-10-26T07:47:13Z</time>
      </trkpt>
      <trkpt lat="26.9197578" lon="75.8213272">
        <time>2016-10-26T07:47:18Z</time>
      </trkpt>
      <trkpt lat="26.9195632" lon="75.8213577">
        <time>2016-10-26T07:47:23Z</time>
      </trkpt>
      <trkpt lat="26.9194107" lon="75.8213424">
        <time>2016-10-26T07:47:28Z</time>
      </trkpt>
      <trkpt lat="26.9191474" lon="75.8212890">
        <time>2016-10-26T07:47:33Z</time>
      </trkpt>
      <trkpt lat="26.9191532" lon="75.8211517">
        <time>2016-10-26T07:47:38Z</time>
      </trkpt>
      <trkpt lat="26.9193344" lon="75.8211212">
        <time>2016-10-26T07:47:43Z</time>
      </trkpt>
      <trkpt lat="26.9194202" lon="75.8210754">
        <time>2016-10-26T07:47:48Z</time>
      </trkpt>
      <trkpt lat="26.9194488" lon="75.8210372">
        <time>2016-10-26T07:47:53Z</time>
      </trkpt>
      <trkpt lat="26.9194850" lon="75.8210220">
        <time>2016-10-26T07:47:58Z</time>
      </trkpt>
      <trkpt lat="26.9195003" lon="75.8210220">
        <time>2016-10-26T07:48:03Z</time>
      </trkpt>
      <trkpt lat="26.9195919" lon="75.8210067">
        <time>2016-10-26T07:48:08Z</time>
      </trkpt>
      <trkpt lat="26.9196739" lon="75.8210144">
        <time>2016-10-26T07:48:13Z</time>
      </trkpt>
      <trkpt lat="26.9197750" lon="75.8209915">
        <time>2016-10-26T07:48:18Z</time>
      </trkpt>
      <trkpt lat="26.9198799" lon="75.8209838">
        <time>2016-10-26T07:48:23Z</time>
      </trkpt>
      <trkpt lat="26.9197463" lon="75.8209609">
        <time>2016-10-26T07:48:28Z</time>
      </trkpt>
      <trkpt lat="26.9196090" lon="75.8209304">
        <time>2016-10-26T07:48:33Z</time>
      </trkpt>
      <trkpt lat="26.9194469" lon="75.8208389">
        <time>2016-10-26T07:48:38Z</time>
      </trkpt>
      <trkpt lat="26.9194068" lon="75.8208465">
        <time>2016-10-26T07:48:43Z</time>
      </trkpt>
      <trkpt lat="26.9193611" lon="75.8207931">
        <time>2016-10-26T07:48:48Z</time>
      </trkpt>
      <trkpt lat="26.9194526" lon="75.8207702">
        <time>2016-10-26T07:48:53Z</time>
      </trkpt>
      <trkpt lat="26.9195194" lon="75.8207931">
        <time>2016-10-26T07:48:58Z</time>
      </trkpt>
      <trkpt lat="26.9196338" lon="75.8208465">
        <time>2016-10-26T07:49:03Z</time>
      </trkpt>
      <trkpt lat="26.9197292" lon="75.8208847">
        <time>2016-10-26T07:49:08Z</time>
      </trkpt>
      <trkpt lat="26.9197616" lon="75.8209228">
        <time>2016-10-26T07:49:13Z</time>
      </trkpt>
      <trkpt lat="26.9197025" lon="75.8209686">
        <time>2016-10-26T07:49:18Z</time>
      </trkpt>
      <trkpt lat="26.9195823" lon="75.8210067">
        <time>2016-10-26T07:49:23Z</time>
      </trkpt>
      <trkpt lat="26.9195690" lon="75.8209915">
        <time>2016-10-26T07:49:28Z</time>
      </trkpt>
      <trkpt lat="26.9195098" lon="75.8209838">
        <time>2016-10-26T07:49:33Z</time>
      </trkpt>
      <trkpt lat="26.9195213" lon="75.8209838">
        <time>2016-10-26T07:49:38Z</time>
      </trkpt>
      <trkpt lat="26.9195976" lon="75.8209838">
        <time>2016-10-26T07:49:43Z</time>
      </trkpt>
      <trkpt lat="26.9196662" lon="75.8209762">
        <time>2016-10-26T07:49:48Z</time>
      </trkpt>
      <trkpt lat="26.9198017" lon="75.8209304">
        <time>2016-10-26T07:49:53Z</time>
      </trkpt>
      <trkpt lat="26.9195957" lon="75.8210067">
        <time>2016-10-26T07:49:58Z</time>
      </trkpt>
      <trkpt lat="26.9195632" lon="75.8210296">
        <time>2016-10-26T07:50:03Z</time>
      </trkpt>
      <trkpt lat="26.9195251" lon="75.8210296">
        <time>2016-10-26T07:50:08Z</time>
      </trkpt>
      <trkpt lat="26.9194908" lon="75.8210372">
        <time>2016-10-26T07:50:13Z</time>
      </trkpt>
      <trkpt lat="26.9194870" lon="75.8210296">
        <time>2016-10-26T07:50:18Z</time>
      </trkpt>
      <trkpt lat="26.9195098" lon="75.8210220">
        <time>2016-10-26T07:50:23Z</time>
      </trkpt>
      <trkpt lat="26.9195766" lon="75.8210220">
        <time>2016-10-26T07:50:28Z</time>
      </trkpt>
      <trkpt lat="26.9196128" lon="75.8210220">
        <time>2016-10-26T07:50:33Z</time>
      </trkpt>
      <trkpt lat="26.9196262" lon="75.8210220">
        <time>2016-10-26T07:50:38Z</time>
      </trkpt>
      <trkpt lat="26.9196624" lon="75.8210449">
        <time>2016-10-26T07:50:43Z</time>
      </trkpt>
      <trkpt lat="26.9197025" lon="75.8210754">
        <time>2016-10-26T07:50:48Z</time>
      </trkpt>
      <trkpt lat="26.9197216" lon="75.8211059">
        <time>2016-10-26T07:50:53Z</time>
      </trkpt>
      <trkpt lat="26.9196758" lon="75.8210906">
        <time>2016-10-26T07:50:58Z</time>
      </trkpt>
      <trkpt lat="26.9196472" lon="75.8210525">
        <time>2016-10-26T07:51:03Z</time>
      </trkpt>
      <trkpt lat="26.9196548" lon="75.8210754">
        <time>2016-10-26T07:51:08Z</time>
      </trkpt>
      <trkpt lat="26.9196262" lon="75.8210830">
        <time>2016-10-26T07:51:13Z</time>
      </trkpt>
      <trkpt lat="26.9196720" lon="75.8210754">
        <time>2016-10-26T07:51:18Z</time>
      </trkpt>
      <trkpt lat="26.9196681" lon="75.8210678">
        <time>2016-10-26T07:51:23Z</time>
      </trkpt>
      <trkpt lat="26.9196224" lon="75.8210906">
        <time>2016-10-26T07:51:28Z</time>
      </trkpt>
      <trkpt lat="26.9196262" lon="75.8210830">
        <time>2016-10-26T07:51:33Z</time>
      </trkpt>
      <trkpt lat="26.9195518" lon="75.8211135">
        <time>2016-10-26T07:51:38Z</time>
      </trkpt>
      <trkpt lat="26.9195480" lon="75.8211135">
        <time>2016-10-26T07:51:43Z</time>
      </trkpt>
      <trkpt lat="26.9196357" lon="75.8210906">
        <time>2016-10-26T07:51:48Z</time>
      </trkpt>
      <trkpt lat="26.9197273" lon="75.8210601">
        <time>2016-10-26T07:51:53Z</time>
      </trkpt>
      <trkpt lat="26.9196739" lon="75.8209991">
        <time>2016-10-26T07:51:58Z</time>
      </trkpt>
      <trkpt lat="26.9196834" lon="75.8210983">
        <time>2016-10-26T07:52:04Z</time>
      </trkpt>
      <trkpt lat="26.9195537" lon="75.8213195">
        <time>2016-10-26T07:52:09Z</time>
      </trkpt>
      <trkpt lat="26.9195480" lon="75.8213272">
        <time>2016-10-26T07:52:14Z</time>
      </trkpt>
      <trkpt lat="26.9194679" lon="75.8215789">
        <time>2016-10-26T07:52:19Z</time>
      </trkpt>
      <trkpt lat="26.9194622" lon="75.8216781">
        <time>2016-10-26T07:52:24Z</time>
      </trkpt>
      <trkpt lat="26.9194850" lon="75.8217010">
        <time>2016-10-26T07:52:29Z</time>
      </trkpt>
      <trkpt lat="26.9195327" lon="75.8217010">
        <time>2016-10-26T07:52:34Z</time>
      </trkpt>
      <trkpt lat="26.9195632" lon="75.8217239">
        <time>2016-10-26T07:52:39Z</time>
      </trkpt>
      <trkpt lat="26.9196033" lon="75.8217849">
        <time>2016-10-26T07:52:44Z</time>
      </trkpt>
      <trkpt lat="26.9196548" lon="75.8218078">
        <time>2016-10-26T07:52:49Z</time>
      </trkpt>
      <trkpt lat="26.9196968" lon="75.8218154">
        <time>2016-10-26T07:52:54Z</time>
      </trkpt>
      <trkpt lat="26.9197368" lon="75.8218307">
        <time>2016-10-26T07:52:59Z</time>
      </trkpt>
      <trkpt lat="26.9197826" lon="75.8217849">
        <time>2016-10-26T07:53:04Z</time>
      </trkpt>
      <trkpt lat="26.9198074" lon="75.8217773">
        <time>2016-10-26T07:53:09Z</time>
      </trkpt>
      <trkpt lat="26.9198188" lon="75.8217849">
        <time>2016-10-26T07:53:14Z</time>
      </trkpt>
      <trkpt lat="26.9198513" lon="75.8218002">
        <time>2016-10-26T07:53:19Z</time>
      </trkpt>
      <trkpt lat="26.9199142" lon="75.8217849">
        <time>2016-10-26T07:53:24Z</time>
      </trkpt>
      <trkpt lat="26.9199886" lon="75.8217544">
        <time>2016-10-26T07:53:29Z</time>
      </trkpt>
      <trkpt lat="26.9200153" lon="75.8217620">
        <time>2016-10-26T07:53:34Z</time>
      </trkpt>
      <trkpt lat="26.9200859" lon="75.8217849">
        <time>2016-10-26T07:53:39Z</time>
      </trkpt>
      <trkpt lat="26.9201107" lon="75.8218078">
        <time>2016-10-26T07:53:44Z</time>
      </trkpt>
      <trkpt lat="26.9201202" lon="75.8218612">
        <time>2016-10-26T07:53:49Z</time>
      </trkpt>
      <trkpt lat="26.9201831" lon="75.8218841">
        <time>2016-10-26T07:53:54Z</time>
      </trkpt>
      <trkpt lat="26.9202156" lon="75.8218536">
        <time>2016-10-26T07:53:59Z</time>
      </trkpt>
      <trkpt lat="26.9202232" lon="75.8218536">
        <time>2016-10-26T07:54:04Z</time>
      </trkpt>
      <trkpt lat="26.9202270" lon="75.8218688">
        <time>2016-10-26T07:54:09Z</time>
      </trkpt>
      <trkpt lat="26.9202442" lon="75.8219070">
        <time>2016-10-26T07:54:14Z</time>
      </trkpt>
      <trkpt lat="26.9202709" lon="75.8219223">
        <time>2016-10-26T07:54:19Z</time>
      </trkpt>
      <trkpt lat="26.9203052" lon="75.8219223">
        <time>2016-10-26T07:54:24Z</time>
      </trkpt>
      <trkpt lat="26.9203300" lon="75.8219223">
        <time>2016-10-26T07:54:29Z</time>
      </trkpt>
      <trkpt lat="26.9203948" lon="75.8218612">
        <time>2016-10-26T07:54:34Z</time>
      </trkpt>
      <trkpt lat="26.9204330" lon="75.8218536">
        <time>2016-10-26T07:54:39Z</time>
      </trkpt>
      <trkpt lat="26.9204463" lon="75.8218841">
        <time>2016-10-26T07:54:44Z</time>
      </trkpt>
      <trkpt lat="26.9204902" lon="75.8219070">
        <time>2016-10-26T07:54:49Z</time>
      </trkpt>
      <trkpt lat="26.9205474" lon="75.8218841">
        <time>2016-10-26T07:54:54Z</time>
      </trkpt>
      <trkpt lat="26.9205684" lon="75.8219223">
        <time>2016-10-26T07:54:59Z</time>
      </trkpt>
      <trkpt lat="26.9205970" lon="75.8219528">
        <time>2016-10-26T07:55:04Z</time>
      </trkpt>
      <trkpt lat="26.9206123" lon="75.8219757">
        <time>2016-10-26T07:55:09Z</time>
      </trkpt>
      <trkpt lat="26.9206504" lon="75.8219985">
        <time>2016-10-26T07:55:14Z</time>
      </trkpt>
      <trkpt lat="26.9207077" lon="75.8218612">
        <time>2016-10-26T07:55:19Z</time>
      </trkpt>
      <trkpt lat="26.9207420" lon="75.8218002">
        <time>2016-10-26T07:55:24Z</time>
      </trkpt>
      <trkpt lat="26.9207992" lon="75.8218536">
        <time>2016-10-26T07:55:29Z</time>
      </trkpt>
      <trkpt lat="26.9208183" lon="75.8218536">
        <time>2016-10-26T07:55:34Z</time>
      </trkpt>
      <trkpt lat="26.9208202" lon="75.8218536">
        <time>2016-10-26T07:55:39Z</time>
      </trkpt>
      <trkpt lat="26.9208183" lon="75.8218536">
        <time>2016-10-26T07:55:44Z</time>
      </trkpt>
      <trkpt lat="26.9208221" lon="75.8218612">
        <time>2016-10-26T07:55:49Z</time>
      </trkpt>
      <trkpt lat="26.9208240" lon="75.8218765">
        <time>2016-10-26T07:55:54Z</time>
      </trkpt>
      <trkpt lat="26.9208240" lon="75.8218994">
        <time>2016-10-26T07:55:59Z</time>
      </trkpt>
      <trkpt lat="26.9207935" lon="75.8219375">
        <time>2016-10-26T07:56:04Z</time>
      </trkpt>
      <trkpt lat="26.9207916" lon="75.8219375">
        <time>2016-10-26T07:56:09Z</time>
      </trkpt>
      <trkpt lat="26.9207973" lon="75.8219375">
        <time>2016-10-26T07:56:14Z</time>
      </trkpt>
      <trkpt lat="26.9208049" lon="75.8219451">
        <time>2016-10-26T07:56:19Z</time>
      </trkpt>
      <trkpt lat="26.9208087" lon="75.8219451">
        <time>2016-10-26T07:56:24Z</time>
      </trkpt>
      <trkpt lat="26.9208087" lon="75.8219451">
        <time>2016-10-26T07:56:29Z</time>
      </trkpt>
      <trkpt lat="26.9208049" lon="75.8219451">
        <time>2016-10-26T07:56:34Z</time>
      </trkpt>
      <trkpt lat="26.9208030" lon="75.8219451">
        <time>2016-10-26T07:56:39Z</time>
      </trkpt>
      <trkpt lat="26.9208068" lon="75.8219451">
        <time>2016-10-26T07:56:44Z</time>
      </trkpt>
      <trkpt lat="26.9208087" lon="75.8219451">
        <time>2016-10-26T07:56:49Z</time>
      </trkpt>
      <trkpt lat="26.9208106" lon="75.8219451">
        <time>2016-10-26T07:56:54Z</time>
      </trkpt>
      <trkpt lat="26.9208164" lon="75.8219528">
        <time>2016-10-26T07:56:59Z</time>
      </trkpt>
      <trkpt lat="26.9208145" lon="75.8219528">
        <time>2016-10-26T07:57:04Z</time>
      </trkpt>
      <trkpt lat="26.9208087" lon="75.8219451">
        <time>2016-10-26T07:57:09Z</time>
      </trkpt>
      <trkpt lat="26.9208049" lon="75.8219528">
        <time>2016-10-26T07:57:14Z</time>
      </trkpt>
      <trkpt lat="26.9208011" lon="75.8219451">
        <time>2016-10-26T07:57:19Z</time>
      </trkpt>
      <trkpt lat="26.9208030" lon="75.8219528">
        <time>2016-10-26T07:57:24Z</time>
      </trkpt>
      <trkpt lat="26.9208068" lon="75.8219528">
        <time>2016-10-26T07:57:29Z</time>
      </trkpt>
      <trkpt lat="26.9208049" lon="75.8219528">
        <time>2016-10-26T07:57:34Z</time>
      </trkpt>
      <trkpt lat="26.9208068" lon="75.8219528">
        <time>2016-10-26T07:57:39Z</time>
      </trkpt>
      <trkpt lat="26.9208068" lon="75.8219528">
        <time>2016-10-26T07:57:44Z</time>
      </trkpt>
      <trkpt lat="26.9208030" lon="75.8219528">
        <time>2016-10-26T07:57:49Z</time>
      </trkpt>
      <trkpt lat="26.9207992" lon="75.8219528">
        <time>2016-10-26T07:57:54Z</time>
      </trkpt>
      <trkpt lat="26.9207973" lon="75.8219528">
        <time>2016-10-26T07:57:59Z</time>
      </trkpt>
      <trkpt lat="26.9207954" lon="75.8219528">
        <time>2016-10-26T07:58:04Z</time>
      </trkpt>
      <trkpt lat="26.9208030" lon="75.8219528">
        <time>2016-10-26T07:58:09Z</time>
      </trkpt>
      <trkpt lat="26.9208068" lon="75.8219528">
        <time>2016-10-26T07:58:14Z</time>
      </trkpt>
      <trkpt lat="26.9208049" lon="75.8219528">
        <time>2016-10-26T07:58:19Z</time>
      </trkpt>
      <trkpt lat="26.9208030" lon="75.8219528">
        <time>2016-10-26T07:58:24Z</time>
      </trkpt>
      <trkpt lat="26.9207115" lon="75.8219680">
        <time>2016-10-26T07:58:29Z</time>
      </trkpt>
      <trkpt lat="26.9207115" lon="75.8219528">
        <time>2016-10-26T07:58:34Z</time>
      </trkpt>
      <trkpt lat="26.9207153" lon="75.8219528">
        <time>2016-10-26T07:58:39Z</time>
      </trkpt>
      <trkpt lat="26.9207210" lon="75.8219528">
        <time>2016-10-26T07:58:44Z</time>
      </trkpt>
      <trkpt lat="26.9207248" lon="75.8219528">
        <time>2016-10-26T07:58:49Z</time>
      </trkpt>
      <trkpt lat="26.9207305" lon="75.8219528">
        <time>2016-10-26T07:58:54Z</time>
      </trkpt>
      <trkpt lat="26.9207305" lon="75.8219528">
        <time>2016-10-26T07:58:59Z</time>
      </trkpt>
      <trkpt lat="26.9207229" lon="75.8219528">
        <time>2016-10-26T07:59:04Z</time>
      </trkpt>
      <trkpt lat="26.9207210" lon="75.8219528">
        <time>2016-10-26T07:59:09Z</time>
      </trkpt>
      <trkpt lat="26.9207172" lon="75.8219528">
        <time>2016-10-26T07:59:14Z</time>
      </trkpt>
      <trkpt lat="26.9207172" lon="75.8219528">
        <time>2016-10-26T07:59:19Z</time>
      </trkpt>
      <trkpt lat="26.9207172" lon="75.8219528">
        <time>2016-10-26T07:59:24Z</time>
      </trkpt>
      <trkpt lat="26.9207172" lon="75.8219528">
        <time>2016-10-26T07:59:29Z</time>
      </trkpt>
      <trkpt lat="26.9207172" lon="75.8219528">
        <time>2016-10-26T07:59:34Z</time>
      </trkpt>
      <trkpt lat="26.9207191" lon="75.8219528">
        <time>2016-10-26T07:59:39Z</time>
      </trkpt>
      <trkpt lat="26.9207210" lon="75.8219528">
        <time>2016-10-26T07:59:44Z</time>
      </trkpt>
      <trkpt lat="26.9207572" lon="75.8219375">
        <time>2016-10-26T07:59:49Z</time>
      </trkpt>
      <trkpt lat="26.9207992" lon="75.8219223">
        <time>2016-10-26T07:59:54Z</time>
      </trkpt>
      <trkpt lat="26.9208526" lon="75.8219299">
        <time>2016-10-26T07:59:59Z</time>
      </trkpt>
      <trkpt lat="26.9209423" lon="75.8219528">
        <time>2016-10-26T08:00:04Z</time>
      </trkpt>
      <trkpt lat="26.9209899" lon="75.8219451">
        <time>2016-10-26T08:00:09Z</time>
      </trkpt>
      <trkpt lat="26.9210700" lon="75.8219375">
        <time>2016-10-26T08:00:14Z</time>
      </trkpt>
      <trkpt lat="26.9211101" lon="75.8219223">
        <time>2016-10-26T08:00:19Z</time>
      </trkpt>
      <trkpt lat="26.9211406" lon="75.8219451">
        <time>2016-10-26T08:00:24Z</time>
      </trkpt>
      <trkpt lat="26.9211711" lon="75.8219528">
        <time>2016-10-26T08:00:29Z</time>
      </trkpt>
      <trkpt lat="26.9212169" lon="75.8219680">
        <time>2016-10-26T08:00:34Z</time>
      </trkpt>
      <trkpt lat="26.9212741" lon="75.8219833">
        <time>2016-10-26T08:00:39Z</time>
      </trkpt>
      <trkpt lat="26.9213161" lon="75.8219833">
        <time>2016-10-26T08:00:44Z</time>
      </trkpt>
      <trkpt lat="26.9213504" lon="75.8219909">
        <time>2016-10-26T08:00:49Z</time>
      </trkpt>
      <trkpt lat="26.9213752" lon="75.8220062">
        <time>2016-10-26T08:00:54Z</time>
      </trkpt>
      <trkpt lat="26.9214134" lon="75.8220138">
        <time>2016-10-26T08:00:59Z</time>
      </trkpt>
      <trkpt lat="26.9214363" lon="75.8220214">
        <time>2016-10-26T08:01:04Z</time>
      </trkpt>
      <trkpt lat="26.9215030" lon="75.8220214">
        <time>2016-10-26T08:01:09Z</time>
      </trkpt>
      <trkpt lat="26.9215354" lon="75.8219909">
        <time>2016-10-26T08:01:14Z</time>
      </trkpt>
      <trkpt lat="26.9215755" lon="75.8219985">
        <time>2016-10-26T08:01:19Z</time>
      </trkpt>
      <trkpt lat="26.9216232" lon="75.8220062">
        <time>2016-10-26T08:01:24Z</time>
      </trkpt>
      <trkpt lat="26.9216747" lon="75.8220214">
        <time>2016-10-26T08:01:29Z</time>
      </trkpt>
      <trkpt lat="26.9217472" lon="75.8220672">
        <time>2016-10-26T08:01:34Z</time>
      </trkpt>
      <trkpt lat="26.9217910" lon="75.8221054">
        <time>2016-10-26T08:01:39Z</time>
      </trkpt>
      <trkpt lat="26.9218368" lon="75.8221359">
        <time>2016-10-26T08:01:44Z</time>
      </trkpt>
      <trkpt lat="26.9218692" lon="75.8221359">
        <time>2016-10-26T08:01:49Z</time>
      </trkpt>
      <trkpt lat="26.9218959" lon="75.8221511">
        <time>2016-10-26T08:01:54Z</time>
      </trkpt>
      <trkpt lat="26.9219398" lon="75.8221435">
        <time>2016-10-26T08:01:59Z</time>
      </trkpt>
      <trkpt lat="26.9219799" lon="75.8221511">
        <time>2016-10-26T08:02:04Z</time>
      </trkpt>
      <trkpt lat="26.9220199" lon="75.8221588">
        <time>2016-10-26T08:02:09Z</time>
      </trkpt>
      <trkpt lat="26.9220752" lon="75.8221740">
        <time>2016-10-26T08:02:14Z</time>
      </trkpt>
      <trkpt lat="26.9221267" lon="75.8221817">
        <time>2016-10-26T08:02:19Z</time>
      </trkpt>
      <trkpt lat="26.9221477" lon="75.8221893">
        <time>2016-10-26T08:02:24Z</time>
      </trkpt>
      <trkpt lat="26.9221782" lon="75.8222122">
        <time>2016-10-26T08:02:29Z</time>
      </trkpt>
      <trkpt lat="26.9221878" lon="75.8222122">
        <time>2016-10-26T08:02:34Z</time>
      </trkpt>
      <trkpt lat="26.9222106" lon="75.8222732">
        <time>2016-10-26T08:02:39Z</time>
      </trkpt>
      <trkpt lat="26.9221954" lon="75.8223190">
        <time>2016-10-26T08:02:44Z</time>
      </trkpt>
      <trkpt lat="26.9221839" lon="75.8223190">
        <time>2016-10-26T08:02:49Z</time>
      </trkpt>
      <trkpt lat="26.9221839" lon="75.8223114">
        <time>2016-10-26T08:02:54Z</time>
      </trkpt>
      <trkpt lat="26.9221801" lon="75.8223037">
        <time>2016-10-26T08:02:59Z</time>
      </trkpt>
      <trkpt lat="26.9221801" lon="75.8222885">
        <time>2016-10-26T08:03:04Z</time>
      </trkpt>
      <trkpt lat="26.9221782" lon="75.8222808">
        <time>2016-10-26T08:03:09Z</time>
      </trkpt>
      <trkpt lat="26.9221839" lon="75.8222885">
        <time>2016-10-26T08:03:14Z</time>
      </trkpt>
      <trkpt lat="26.9221954" lon="75.8223190">
        <time>2016-10-26T08:03:19Z</time>
      </trkpt>
      <trkpt lat="26.9222106" lon="75.8223266">
        <time>2016-10-26T08:03:24Z</time>
      </trkpt>
      <trkpt lat="26.9222126" lon="75.8223342">
        <time>2016-10-26T08:03:29Z</time>
      </trkpt>
      <trkpt lat="26.9222183" lon="75.8223342">
        <time>2016-10-26T08:03:34Z</time>
      </trkpt>
      <trkpt lat="26.9222240" lon="75.8223495">
        <time>2016-10-26T08:03:39Z</time>
      </trkpt>
      <trkpt lat="26.9222393" lon="75.8223571">
        <time>2016-10-26T08:03:44Z</time>
      </trkpt>
      <trkpt lat="26.9222679" lon="75.8223648">
        <time>2016-10-26T08:03:49Z</time>
      </trkpt>
      <trkpt lat="26.9222755" lon="75.8223419">
        <time>2016-10-26T08:03:54Z</time>
      </trkpt>
      <trkpt lat="26.9222984" lon="75.8223419">
        <time>2016-10-26T08:03:59Z</time>
      </trkpt>
      <trkpt lat="26.9223346" lon="75.8223571">
        <time>2016-10-26T08:04:04Z</time>
      </trkpt>
      <trkpt lat="26.9223461" lon="75.8223648">
        <time>2016-10-26T08:04:09Z</time>
      </trkpt>
      <trkpt lat="26.9223651" lon="75.8223571">
        <time>2016-10-26T08:04:14Z</time>
      </trkpt>
      <trkpt lat="26.9223785" lon="75.8223648">
        <time>2016-10-26T08:04:19Z</time>
      </trkpt>
      <trkpt lat="26.9223842" lon="75.8223648">
        <time>2016-10-26T08:04:24Z</time>
      </trkpt>
      <trkpt lat="26.9223842" lon="75.8223648">
        <time>2016-10-26T08:04:29Z</time>
      </trkpt>
      <trkpt lat="26.9223785" lon="75.8223648">
        <time>2016-10-26T08:04:34Z</time>
      </trkpt>
      <trkpt lat="26.9223747" lon="75.8223648">
        <time>2016-10-26T08:04:39Z</time>
      </trkpt>
      <trkpt lat="26.9223842" lon="75.8223342">
        <time>2016-10-26T08:04:44Z</time>
      </trkpt>
      <trkpt lat="26.9224395" lon="75.8223876">
        <time>2016-10-26T08:04:49Z</time>
      </trkpt>
      <trkpt lat="26.9224739" lon="75.8224182">
        <time>2016-10-26T08:04:54Z</time>
      </trkpt>
      <trkpt lat="26.9224929" lon="75.8224105">
        <time>2016-10-26T08:04:59Z</time>
      </trkpt>
      <trkpt lat="26.9224910" lon="75.8224182">
        <time>2016-10-26T08:05:04Z</time>
      </trkpt>
      <trkpt lat="26.9224929" lon="75.8224182">
        <time>2016-10-26T08:05:09Z</time>
      </trkpt>
      <trkpt lat="26.9225101" lon="75.8224334">
        <time>2016-10-26T08:05:14Z</time>
      </trkpt>
      <trkpt lat="26.9225273" lon="75.8224487">
        <time>2016-10-26T08:05:19Z</time>
      </trkpt>
      <trkpt lat="26.9225425" lon="75.8224563">
        <time>2016-10-26T08:05:24Z</time>
      </trkpt>
      <trkpt lat="26.9225521" lon="75.8224639">
        <time>2016-10-26T08:05:29Z</time>
      </trkpt>
      <trkpt lat="26.9225616" lon="75.8224716">
        <time>2016-10-26T08:05:34Z</time>
      </trkpt>
      <trkpt lat="26.9225692" lon="75.8224716">
        <time>2016-10-26T08:05:39Z</time>
      </trkpt>
      <trkpt lat="26.9225730" lon="75.8224792">
        <time>2016-10-26T08:05:44Z</time>
      </trkpt>
      <trkpt lat="26.9225769" lon="75.8224792">
        <time>2016-10-26T08:05:49Z</time>
      </trkpt>
      <trkpt lat="26.9225769" lon="75.8224792">
        <time>2016-10-26T08:05:54Z</time>
      </trkpt>
      <trkpt lat="26.9225769" lon="75.8224792">
        <time>2016-10-26T08:05:59Z</time>
      </trkpt>
      <trkpt lat="26.9225711" lon="75.8224792">
        <time>2016-10-26T08:06:04Z</time>
      </trkpt>
      <trkpt lat="26.9225597" lon="75.8224792">
        <time>2016-10-26T08:06:09Z</time>
      </trkpt>
      <trkpt lat="26.9225482" lon="75.8224792">
        <time>2016-10-26T08:06:14Z</time>
      </trkpt>
      <trkpt lat="26.9225368" lon="75.8224792">
        <time>2016-10-26T08:06:19Z</time>
      </trkpt>
      <trkpt lat="26.9225311" lon="75.8224792">
        <time>2016-10-26T08:06:24Z</time>
      </trkpt>
      <trkpt lat="26.9225292" lon="75.8224868">
        <time>2016-10-26T08:06:29Z</time>
      </trkpt>
      <trkpt lat="26.9225330" lon="75.8224868">
        <time>2016-10-26T08:06:34Z</time>
      </trkpt>
      <trkpt lat="26.9225406" lon="75.8224792">
        <time>2016-10-26T08:06:39Z</time>
      </trkpt>
      <trkpt lat="26.9225692" lon="75.8224792">
        <time>2016-10-26T08:06:44Z</time>
      </trkpt>
      <trkpt lat="26.9225578" lon="75.8224639">
        <time>2016-10-26T08:06:49Z</time>
      </trkpt>
      <trkpt lat="26.9225616" lon="75.8224563">
        <time>2016-10-26T08:06:54Z</time>
      </trkpt>
      <trkpt lat="26.9225654" lon="75.8224563">
        <time>2016-10-26T08:06:59Z</time>
      </trkpt>
      <trkpt lat="26.9225673" lon="75.8224563">
        <time>2016-10-26T08:07:04Z</time>
      </trkpt>
      <trkpt lat="26.9225635" lon="75.8224563">
        <time>2016-10-26T08:07:09Z</time>
      </trkpt>
      <trkpt lat="26.9225597" lon="75.8224563">
        <time>2016-10-26T08:07:14Z</time>
      </trkpt>
      <trkpt lat="26.9225502" lon="75.8224563">
        <time>2016-10-26T08:07:19Z</time>
      </trkpt>
      <trkpt lat="26.9225444" lon="75.8224563">
        <time>2016-10-26T08:07:24Z</time>
      </trkpt>
      <trkpt lat="26.9225444" lon="75.8224563">
        <time>2016-10-26T08:07:29Z</time>
      </trkpt>
      <trkpt lat="26.9225425" lon="75.8224639">
        <time>2016-10-26T08:07:34Z</time>
      </trkpt>
      <trkpt lat="26.9225444" lon="75.8224639">
        <time>2016-10-26T08:07:39Z</time>
      </trkpt>
      <trkpt lat="26.9225444" lon="75.8224639">
        <time>2016-10-26T08:07:44Z</time>
      </trkpt>
      <trkpt lat="26.9225444" lon="75.8224639">
        <time>2016-10-26T08:07:49Z</time>
      </trkpt>
      <trkpt lat="26.9225444" lon="75.8224639">
        <time>2016-10-26T08:07:54Z</time>
      </trkpt>
      <trkpt lat="26.9225444" lon="75.8224639">
        <time>2016-10-26T08:07:59Z</time>
      </trkpt>
      <trkpt lat="26.9225463" lon="75.8224639">
        <time>2016-10-26T08:08:04Z</time>
      </trkpt>
      <trkpt lat="26.9225463" lon="75.8224639">
        <time>2016-10-26T08:08:09Z</time>
      </trkpt>
      <trkpt lat="26.9225482" lon="75.8224639">
        <time>2016-10-26T08:08:14Z</time>
      </trkpt>
      <trkpt lat="26.9225482" lon="75.8224639">
        <time>2016-10-26T08:08:19Z</time>
      </trkpt>
      <trkpt lat="26.9225482" lon="75.8224639">
        <time>2016-10-26T08:08:24Z</time>
      </trkpt>
      <trkpt lat="26.9225463" lon="75.8224639">
        <time>2016-10-26T08:08:29Z</time>
      </trkpt>
      <trkpt lat="26.9225463" lon="75.8224639">
        <time>2016-10-26T08:08:34Z</time>
      </trkpt>
      <trkpt lat="26.9225482" lon="75.8224639">
        <time>2016-10-26T08:08:39Z</time>
      </trkpt>
      <trkpt lat="26.9225482" lon="75.8224639">
        <time>2016-10-26T08:08:44Z</time>
      </trkpt>
      <trkpt lat="26.9225482" lon="75.8224639">
        <time>2016-10-26T08:08:49Z</time>
      </trkpt>
      <trkpt lat="26.9225482" lon="75.8224716">
        <time>2016-10-26T08:08:54Z</time>
      </trkpt>
      <trkpt lat="26.9225463" lon="75.8224716">
        <time>2016-10-26T08:08:59Z</time>
      </trkpt>
      <trkpt lat="26.9225463" lon="75.8224716">
        <time>2016-10-26T08:09:04Z</time>
      </trkpt>
      <trkpt lat="26.9225463" lon="75.8224716">
        <time>2016-10-26T08:09:09Z</time>
      </trkpt>
      <trkpt lat="26.9225463" lon="75.8224716">
        <time>2016-10-26T08:09:14Z</time>
      </trkpt>
      <trkpt lat="26.9225463" lon="75.8224716">
        <time>2016-10-26T08:09:19Z</time>
      </trkpt>
      <trkpt lat="26.9225463" lon="75.8224716">
        <time>2016-10-26T08:09:24Z</time>
      </trkpt>
      <trkpt lat="26.9225463" lon="75.8224716">
        <time>2016-10-26T08:09:29Z</time>
      </trkpt>
      <trkpt lat="26.9225482" lon="75.8224716">
        <time>2016-10-26T08:09:34Z</time>
      </trkpt>
      <trkpt lat="26.9225482" lon="75.8224716">
        <time>2016-10-26T08:09:39Z</time>
      </trkpt>
      <trkpt lat="26.9225482" lon="75.8224716">
        <time>2016-10-26T08:09:44Z</time>
      </trkpt>
      <trkpt lat="26.9225502" lon="75.8224716">
        <time>2016-10-26T08:09:49Z</time>
      </trkpt>
      <trkpt lat="26.9225502" lon="75.8224716">
        <time>2016-10-26T08:09:54Z</time>
      </trkpt>
      <trkpt lat="26.9225502" lon="75.8224792">
        <time>2016-10-26T08:09:59Z</time>
      </trkpt>
      <trkpt lat="26.9225502" lon="75.8224792">
        <time>2016-10-26T08:10:04Z</time>
      </trkpt>
      <trkpt lat="26.9225502" lon="75.8224792">
        <time>2016-10-26T08:10:09Z</time>
      </trkpt>
      <trkpt lat="26.9225502" lon="75.8224792">
        <time>2016-10-26T08:10:14Z</time>
      </trkpt>
      <trkpt lat="26.9225502" lon="75.8224792">
        <time>2016-10-26T08:10:19Z</time>
      </trkpt>
      <trkpt lat="26.9225502" lon="75.8224792">
        <time>2016-10-26T08:10:24Z</time>
      </trkpt>
      <trkpt lat="26.9225502" lon="75.8224792">
        <time>2016-10-26T08:10:29Z</time>
      </trkpt>
      <trkpt lat="26.9225521" lon="75.8224792">
        <time>2016-10-26T08:10:34Z</time>
      </trkpt>
      <trkpt lat="26.9225521" lon="75.8224716">
        <time>2016-10-26T08:10:39Z</time>
      </trkpt>
      <trkpt lat="26.9225521" lon="75.8224716">
        <time>2016-10-26T08:10:44Z</time>
      </trkpt>
      <trkpt lat="26.9225540" lon="75.8224792">
        <time>2016-10-26T08:10:49Z</time>
      </trkpt>
      <trkpt lat="26.9225540" lon="75.8224792">
        <time>2016-10-26T08:10:54Z</time>
      </trkpt>
      <trkpt lat="26.9225540" lon="75.8224716">
        <time>2016-10-26T08:10:59Z</time>
      </trkpt>
      <trkpt lat="26.9225559" lon="75.8224716">
        <time>2016-10-26T08:11:04Z</time>
      </trkpt>
      <trkpt lat="26.9225597" lon="75.8224716">
        <time>2016-10-26T08:11:09Z</time>
      </trkpt>
      <trkpt lat="26.9225635" lon="75.8224716">
        <time>2016-10-26T08:11:14Z</time>
      </trkpt>
      <trkpt lat="26.9225692" lon="75.8224716">
        <time>2016-10-26T08:11:19Z</time>
      </trkpt>
      <trkpt lat="26.9226036" lon="75.8224716">
        <time>2016-10-26T08:11:24Z</time>
      </trkpt>
      <trkpt lat="26.9226760" lon="75.8224487">
        <time>2016-10-26T08:11:29Z</time>
      </trkpt>
      <trkpt lat="26.9227046" lon="75.8224411">
        <time>2016-10-26T08:11:34Z</time>
      </trkpt>
      <trkpt lat="26.9227275" lon="75.8224411">
        <time>2016-10-26T08:11:39Z</time>
      </trkpt>
      <trkpt lat="26.9227352" lon="75.8224487">
        <time>2016-10-26T08:11:44Z</time>
      </trkpt>
      <trkpt lat="26.9227390" lon="75.8224487">
        <time>2016-10-26T08:11:49Z</time>
      </trkpt>
      <trkpt lat="26.9227447" lon="75.8224563">
        <time>2016-10-26T08:11:54Z</time>
      </trkpt>
      <trkpt lat="26.9227542" lon="75.8224563">
        <time>2016-10-26T08:11:59Z</time>
      </trkpt>
      <trkpt lat="26.9227695" lon="75.8224792">
        <time>2016-10-26T08:12:04Z</time>
      </trkpt>
      <trkpt lat="26.9227771" lon="75.8224792">
        <time>2016-10-26T08:12:09Z</time>
      </trkpt>
      <trkpt lat="26.9227809" lon="75.8224868">
        <time>2016-10-26T08:12:14Z</time>
      </trkpt>
      <trkpt lat="26.9227828" lon="75.8224868">
        <time>2016-10-26T08:12:19Z</time>
      </trkpt>
      <trkpt lat="26.9227828" lon="75.8224792">
        <time>2016-10-26T08:12:24Z</time>
      </trkpt>
      <trkpt lat="26.9227771" lon="75.8224716">
        <time>2016-10-26T08:12:29Z</time>
      </trkpt>
      <trkpt lat="26.9227676" lon="75.8224716">
        <time>2016-10-26T08:12:34Z</time>
      </trkpt>
      <trkpt lat="26.9227123" lon="75.8224945">
        <time>2016-10-26T08:12:39Z</time>
      </trkpt>
      <trkpt lat="26.9226894" lon="75.8224945">
        <time>2016-10-26T08:12:44Z</time>
      </trkpt>
      <trkpt lat="26.9226818" lon="75.8224868">
        <time>2016-10-26T08:12:49Z</time>
      </trkpt>
      <trkpt lat="26.9226799" lon="75.8224868">
        <time>2016-10-26T08:12:54Z</time>
      </trkpt>
      <trkpt lat="26.9226799" lon="75.8224792">
        <time>2016-10-26T08:12:59Z</time>
      </trkpt>
      <trkpt lat="26.9226818" lon="75.8224716">
        <time>2016-10-26T08:13:04Z</time>
      </trkpt>
      <trkpt lat="26.9226818" lon="75.8224639">
        <time>2016-10-26T08:13:09Z</time>
      </trkpt>
      <trkpt lat="26.9226875" lon="75.8224639">
        <time>2016-10-26T08:13:14Z</time>
      </trkpt>
      <trkpt lat="26.9226894" lon="75.8224563">
        <time>2016-10-26T08:13:19Z</time>
      </trkpt>
      <trkpt lat="26.9226894" lon="75.8224487">
        <time>2016-10-26T08:13:24Z</time>
      </trkpt>
      <trkpt lat="26.9226894" lon="75.8224029">
        <time>2016-10-26T08:13:29Z</time>
      </trkpt>
      <trkpt lat="26.9226970" lon="75.8223648">
        <time>2016-10-26T08:13:34Z</time>
      </trkpt>
      <trkpt lat="26.9227046" lon="75.8223571">
        <time>2016-10-26T08:13:39Z</time>
      </trkpt>
      <trkpt lat="26.9227199" lon="75.8223495">
        <time>2016-10-26T08:13:44Z</time>
      </trkpt>
      <trkpt lat="26.9227275" lon="75.8223495">
        <time>2016-10-26T08:13:49Z</time>
      </trkpt>
      <trkpt lat="26.9227352" lon="75.8223495">
        <time>2016-10-26T08:13:54Z</time>
      </trkpt>
      <trkpt lat="26.9227390" lon="75.8223495">
        <time>2016-10-26T08:13:59Z</time>
      </trkpt>
      <trkpt lat="26.9227428" lon="75.8223571">
        <time>2016-10-26T08:14:04Z</time>
      </trkpt>
      <trkpt lat="26.9227428" lon="75.8223724">
        <time>2016-10-26T08:14:09Z</time>
      </trkpt>
      <trkpt lat="26.9227447" lon="75.8223800">
        <time>2016-10-26T08:14:14Z</time>
      </trkpt>
      <trkpt lat="26.9227333" lon="75.8223953">
        <time>2016-10-26T08:14:19Z</time>
      </trkpt>
      <trkpt lat="26.9227294" lon="75.8223953">
        <time>2016-10-26T08:14:24Z</time>
      </trkpt>
      <trkpt lat="26.9227275" lon="75.8224029">
        <time>2016-10-26T08:14:29Z</time>
      </trkpt>
      <trkpt lat="26.9227256" lon="75.8224029">
        <time>2016-10-26T08:14:34Z</time>
      </trkpt>
      <trkpt lat="26.9227237" lon="75.8224105">
        <time>2016-10-26T08:14:39Z</time>
      </trkpt>
      <trkpt lat="26.9227237" lon="75.8224182">
        <time>2016-10-26T08:14:44Z</time>
      </trkpt>
      <trkpt lat="26.9227218" lon="75.8224182">
        <time>2016-10-26T08:14:49Z</time>
      </trkpt>
      <trkpt lat="26.9227237" lon="75.8224258">
        <time>2016-10-26T08:14:54Z</time>
      </trkpt>
      <trkpt lat="26.9227218" lon="75.8224411">
        <time>2016-10-26T08:14:59Z</time>
      </trkpt>
      <trkpt lat="26.9227180" lon="75.8224487">
        <time>2016-10-26T08:15:04Z</time>
      </trkpt>
      <trkpt lat="26.9227142" lon="75.8224563">
        <time>2016-10-26T08:15:09Z</time>
      </trkpt>
      <trkpt lat="26.9227104" lon="75.8224487">
        <time>2016-10-26T08:15:14Z</time>
      </trkpt>
      <trkpt lat="26.9227104" lon="75.8224411">
        <time>2016-10-26T08:15:19Z</time>
      </trkpt>
      <trkpt lat="26.9227046" lon="75.8224334">
        <time>2016-10-26T08:15:24Z</time>
      </trkpt>
      <trkpt lat="26.9227066" lon="75.8224334">
        <time>2016-10-26T08:15:29Z</time>
      </trkpt>
      <trkpt lat="26.9227123" lon="75.8224258">
        <time>2016-10-26T08:15:34Z</time>
      </trkpt>
      <trkpt lat="26.9227161" lon="75.8224182">
        <time>2016-10-26T08:15:39Z</time>
      </trkpt>
      <trkpt lat="26.9227218" lon="75.8224105">
        <time>2016-10-26T08:15:44Z</time>
      </trkpt>
      <trkpt lat="26.9227294" lon="75.8224029">
        <time>2016-10-26T08:15:49Z</time>
      </trkpt>
      <trkpt lat="26.9227256" lon="75.8223953">
        <time>2016-10-26T08:15:54Z</time>
      </trkpt>
      <trkpt lat="26.9227123" lon="75.8223800">
        <time>2016-10-26T08:15:59Z</time>
      </trkpt>
      <trkpt lat="26.9227256" lon="75.8223495">
        <time>2016-10-26T08:16:04Z</time>
      </trkpt>
      <trkpt lat="26.9227161" lon="75.8223648">
        <time>2016-10-26T08:16:09Z</time>
      </trkpt>
      <trkpt lat="26.9227142" lon="75.8223648">
        <time>2016-10-26T08:16:14Z</time>
      </trkpt>
      <trkpt lat="26.9227161" lon="75.8223648">
        <time>2016-10-26T08:16:19Z</time>
      </trkpt>
      <trkpt lat="26.9227161" lon="75.8223724">
        <time>2016-10-26T08:16:24Z</time>
      </trkpt>
      <trkpt lat="26.9227142" lon="75.8224029">
        <time>2016-10-26T08:16:29Z</time>
      </trkpt>
      <trkpt lat="26.9227008" lon="75.8224411">
        <time>2016-10-26T08:16:34Z</time>
      </trkpt>
      <trkpt lat="26.9226837" lon="75.8224563">
        <time>2016-10-26T08:16:39Z</time>
      </trkpt>
      <trkpt lat="26.9226779" lon="75.8224563">
        <time>2016-10-26T08:16:44Z</time>
      </trkpt>
      <trkpt lat="26.9226760" lon="75.8224639">
        <time>2016-10-26T08:16:49Z</time>
      </trkpt>
      <trkpt lat="26.9226684" lon="75.8224563">
        <time>2016-10-26T08:16:54Z</time>
      </trkpt>
      <trkpt lat="26.9226608" lon="75.8224563">
        <time>2016-10-26T08:16:59Z</time>
      </trkpt>
      <trkpt lat="26.9226551" lon="75.8224563">
        <time>2016-10-26T08:17:04Z</time>
      </trkpt>
      <trkpt lat="26.9226512" lon="75.8224563">
        <time>2016-10-26T08:17:09Z</time>
      </trkpt>
      <trkpt lat="26.9226455" lon="75.8224563">
        <time>2016-10-26T08:17:14Z</time>
      </trkpt>
      <trkpt lat="26.9226398" lon="75.8224563">
        <time>2016-10-26T08:17:19Z</time>
      </trkpt>
      <trkpt lat="26.9226360" lon="75.8224563">
        <time>2016-10-26T08:17:24Z</time>
      </trkpt>
      <trkpt lat="26.9226398" lon="75.8224563">
        <time>2016-10-26T08:17:29Z</time>
      </trkpt>
      <trkpt lat="26.9226474" lon="75.8224487">
        <time>2016-10-26T08:17:34Z</time>
      </trkpt>
      <trkpt lat="26.9226512" lon="75.8224411">
        <time>2016-10-26T08:17:39Z</time>
      </trkpt>
      <trkpt lat="26.9226551" lon="75.8224334">
        <time>2016-10-26T08:17:44Z</time>
      </trkpt>
      <trkpt lat="26.9226570" lon="75.8224258">
        <time>2016-10-26T08:17:49Z</time>
      </trkpt>
      <trkpt lat="26.9226551" lon="75.8224182">
        <time>2016-10-26T08:17:54Z</time>
      </trkpt>
      <trkpt lat="26.9226551" lon="75.8224105">
        <time>2016-10-26T08:17:59Z</time>
      </trkpt>
      <trkpt lat="26.9226608" lon="75.8224105">
        <time>2016-10-26T08:18:04Z</time>
      </trkpt>
      <trkpt lat="26.9226646" lon="75.8224105">
        <time>2016-10-26T08:18:09Z</time>
      </trkpt>
      <trkpt lat="26.9226684" lon="75.8224105">
        <time>2016-10-26T08:18:14Z</time>
      </trkpt>
      <trkpt lat="26.9226703" lon="75.8224105">
        <time>2016-10-26T08:18:19Z</time>
      </trkpt>
      <trkpt lat="26.9226703" lon="75.8224105">
        <time>2016-10-26T08:18:24Z</time>
      </trkpt>
      <trkpt lat="26.9226703" lon="75.8224105">
        <time>2016-10-26T08:18:29Z</time>
      </trkpt>
      <trkpt lat="26.9226703" lon="75.8224105">
        <time>2016-10-26T08:18:34Z</time>
      </trkpt>
      <trkpt lat="26.9226703" lon="75.8224105">
        <time>2016-10-26T08:18:39Z</time>
      </trkpt>
      <trkpt lat="26.9226703" lon="75.8224105">
        <time>2016-10-26T08:18:44Z</time>
      </trkpt>
      <trkpt lat="26.9226703" lon="75.8224105">
        <time>2016-10-26T08:18:49Z</time>
      </trkpt>
      <trkpt lat="26.9226703" lon="75.8224105">
        <time>2016-10-26T08:18:54Z</time>
      </trkpt>
      <trkpt lat="26.9226684" lon="75.8224105">
        <time>2016-10-26T08:18:59Z</time>
      </trkpt>
      <trkpt lat="26.9226684" lon="75.8224105">
        <time>2016-10-26T08:19:04Z</time>
      </trkpt>
      <trkpt lat="26.9226684" lon="75.8224105">
        <time>2016-10-26T08:19:09Z</time>
      </trkpt>
      <trkpt lat="26.9226665" lon="75.8224182">
        <time>2016-10-26T08:19:14Z</time>
      </trkpt>
      <trkpt lat="26.9226665" lon="75.8224182">
        <time>2016-10-26T08:19:19Z</time>
      </trkpt>
      <trkpt lat="26.9226665" lon="75.8224182">
        <time>2016-10-26T08:19:24Z</time>
      </trkpt>
      <trkpt lat="26.9226665" lon="75.8224182">
        <time>2016-10-26T08:19:29Z</time>
      </trkpt>
      <trkpt lat="26.9226665" lon="75.8224182">
        <time>2016-10-26T08:19:34Z</time>
      </trkpt>
      <trkpt lat="26.9226684" lon="75.8224105">
        <time>2016-10-26T08:19:39Z</time>
      </trkpt>
      <trkpt lat="26.9226684" lon="75.8224182">
        <time>2016-10-26T08:19:44Z</time>
      </trkpt>
      <trkpt lat="26.9226684" lon="75.8224182">
        <time>2016-10-26T08:19:49Z</time>
      </trkpt>
      <trkpt lat="26.9226684" lon="75.8224182">
        <time>2016-10-26T08:19:54Z</time>
      </trkpt>
      <trkpt lat="26.9226684" lon="75.8224182">
        <time>2016-10-26T08:19:59Z</time>
      </trkpt>
      <trkpt lat="26.9226703" lon="75.8224182">
        <time>2016-10-26T08:20:04Z</time>
      </trkpt>
      <trkpt lat="26.9226703" lon="75.8224182">
        <time>2016-10-26T08:20:09Z</time>
      </trkpt>
      <trkpt lat="26.9226703" lon="75.8224182">
        <time>2016-10-26T08:20:14Z</time>
      </trkpt>
      <trkpt lat="26.9226703" lon="75.8224182">
        <time>2016-10-26T08:20:19Z</time>
      </trkpt>
      <trkpt lat="26.9226703" lon="75.8224182">
        <time>2016-10-26T08:20:24Z</time>
      </trkpt>
      <trkpt lat="26.9226722" lon="75.8224182">
        <time>2016-10-26T08:20:29Z</time>
      </trkpt>
      <trkpt lat="26.9226722" lon="75.8224182">
        <time>2016-10-26T08:20:34Z</time>
      </trkpt>
      <trkpt lat="26.9226722" lon="75.8224182">
        <time>2016-10-26T08:20:39Z</time>
      </trkpt>
      <trkpt lat="26.9226741" lon="75.8224182">
        <time>2016-10-26T08:20:44Z</time>
      </trkpt>
      <trkpt lat="26.9226741" lon="75.8224258">
        <time>2016-10-26T08:20:49Z</time>
      </trkpt>
      <trkpt lat="26.9226741" lon="75.8224258">
        <time>2016-10-26T08:20:54Z</time>
      </trkpt>
      <trkpt lat="26.9226760" lon="75.8224258">
        <time>2016-10-26T08:20:59Z</time>
      </trkpt>
      <trkpt lat="26.9226760" lon="75.8224258">
        <time>2016-10-26T08:21:04Z</time>
      </trkpt>
      <trkpt lat="26.9226760" lon="75.8224258">
        <time>2016-10-26T08:21:09Z</time>
      </trkpt>
      <trkpt lat="26.9226760" lon="75.8224258">
        <time>2016-10-26T08:21:14Z</time>
      </trkpt>
      <trkpt lat="26.9226799" lon="75.8224334">
        <time>2016-10-26T08:21:19Z</time>
      </trkpt>
      <trkpt lat="26.9227046" lon="75.8224411">
        <time>2016-10-26T08:21:24Z</time>
      </trkpt>
      <trkpt lat="26.9227485" lon="75.8224487">
        <time>2016-10-26T08:21:29Z</time>
      </trkpt>
      <trkpt lat="26.9227848" lon="75.8224334">
        <time>2016-10-26T08:21:34Z</time>
      </trkpt>
      <trkpt lat="26.9228019" lon="75.8224258">
        <time>2016-10-26T08:21:39Z</time>
      </trkpt>
      <trkpt lat="26.9228134" lon="75.8224334">
        <time>2016-10-26T08:21:44Z</time>
      </trkpt>
      <trkpt lat="26.9228057" lon="75.8224411">
        <time>2016-10-26T08:21:49Z</time>
      </trkpt>
      <trkpt lat="26.9228019" lon="75.8224411">
        <time>2016-10-26T08:21:54Z</time>
      </trkpt>
      <trkpt lat="26.9227981" lon="75.8224411">
        <time>2016-10-26T08:21:59Z</time>
      </trkpt>
      <trkpt lat="26.9227886" lon="75.8224334">
        <time>2016-10-26T08:22:04Z</time>
      </trkpt>
      <trkpt lat="26.9227924" lon="75.8224258">
        <time>2016-10-26T08:22:09Z</time>
      </trkpt>
      <trkpt lat="26.9227886" lon="75.8224258">
        <time>2016-10-26T08:22:14Z</time>
      </trkpt>
      <trkpt lat="26.9227657" lon="75.8224411">
        <time>2016-10-26T08:22:19Z</time>
      </trkpt>
      <trkpt lat="26.9227581" lon="75.8224411">
        <time>2016-10-26T08:22:24Z</time>
      </trkpt>
      <trkpt lat="26.9227409" lon="75.8224334">
        <time>2016-10-26T08:22:29Z</time>
      </trkpt>
      <trkpt lat="26.9227161" lon="75.8224258">
        <time>2016-10-26T08:22:34Z</time>
      </trkpt>
      <trkpt lat="26.9226360" lon="75.8224411">
        <time>2016-10-26T08:22:39Z</time>
      </trkpt>
      <trkpt lat="26.9225635" lon="75.8224487">
        <time>2016-10-26T08:22:44Z</time>
      </trkpt>
      <trkpt lat="26.9225234" lon="75.8224258">
        <time>2016-10-26T08:22:49Z</time>
      </trkpt>
      <trkpt lat="26.9224834" lon="75.8224182">
        <time>2016-10-26T08:22:54Z</time>
      </trkpt>
      <trkpt lat="26.9224548" lon="75.8224182">
        <time>2016-10-26T08:22:59Z</time>
      </trkpt>
      <trkpt lat="26.9224243" lon="75.8224029">
        <time>2016-10-26T08:23:04Z</time>
      </trkpt>
      <trkpt lat="26.9223823" lon="75.8223648">
        <time>2016-10-26T08:23:09Z</time>
      </trkpt>
      <trkpt lat="26.9223480" lon="75.8223419">
        <time>2016-10-26T08:23:14Z</time>
      </trkpt>
      <trkpt lat="26.9222984" lon="75.8223495">
        <time>2016-10-26T08:23:19Z</time>
      </trkpt>
      <trkpt lat="26.9222984" lon="75.8223419">
        <time>2016-10-26T08:23:24Z</time>
      </trkpt>
      <trkpt lat="26.9222946" lon="75.8223419">
        <time>2016-10-26T08:23:29Z</time>
      </trkpt>
      <trkpt lat="26.9222946" lon="75.8223342">
        <time>2016-10-26T08:23:34Z</time>
      </trkpt>
      <trkpt lat="26.9222869" lon="75.8223342">
        <time>2016-10-26T08:23:39Z</time>
      </trkpt>
      <trkpt lat="26.9222946" lon="75.8223342">
        <time>2016-10-26T08:23:44Z</time>
      </trkpt>
      <trkpt lat="26.9223079" lon="75.8223419">
        <time>2016-10-26T08:23:49Z</time>
      </trkpt>
      <trkpt lat="26.9228191" lon="75.8230743">
        <time>2016-10-26T08:59:18Z</time>
      </trkpt>
      <trkpt lat="26.9227123" lon="75.8231735">
        <time>2016-10-26T08:59:23Z</time>
      </trkpt>
      <trkpt lat="26.9226760" lon="75.8231353">
        <time>2016-10-26T08:59:28Z</time>
      </trkpt>
      <trkpt lat="26.9226741" lon="75.8230438">
        <time>2016-10-26T08:59:33Z</time>
      </trkpt>
      <trkpt lat="26.9226646" lon="75.8229141">
        <time>2016-10-26T08:59:38Z</time>
      </trkpt>
      <trkpt lat="26.9226741" lon="75.8229446">
        <time>2016-10-26T08:59:43Z</time>
      </trkpt>
      <trkpt lat="26.9226512" lon="75.8229599">
        <time>2016-10-26T08:59:48Z</time>
      </trkpt>
      <trkpt lat="26.9226303" lon="75.8229599">
        <time>2016-10-26T08:59:53Z</time>
      </trkpt>
      <trkpt lat="26.9226245" lon="75.8229522">
        <time>2016-10-26T08:59:58Z</time>
      </trkpt>
      <trkpt lat="26.9226417" lon="75.8229675">
        <time>2016-10-26T09:00:03Z</time>
      </trkpt>
      <trkpt lat="26.9226703" lon="75.8230209">
        <time>2016-10-26T09:00:08Z</time>
      </trkpt>
      <trkpt lat="26.9226951" lon="75.8230667">
        <time>2016-10-26T09:00:13Z</time>
      </trkpt>
      <trkpt lat="26.9226989" lon="75.8230743">
        <time>2016-10-26T09:00:18Z</time>
      </trkpt>
      <trkpt lat="26.9227027" lon="75.8230743">
        <time>2016-10-26T09:00:23Z</time>
      </trkpt>
      <trkpt lat="26.9226989" lon="75.8230743">
        <time>2016-10-26T09:00:28Z</time>
      </trkpt>
      <trkpt lat="26.9226970" lon="75.8230819">
        <time>2016-10-26T09:00:33Z</time>
      </trkpt>
      <trkpt lat="26.9226875" lon="75.8231124">
        <time>2016-10-26T09:00:38Z</time>
      </trkpt>
      <trkpt lat="26.9226875" lon="75.8231124">
        <time>2016-10-26T09:00:43Z</time>
      </trkpt>
      <trkpt lat="26.9226875" lon="75.8231124">
        <time>2016-10-26T09:00:48Z</time>
      </trkpt>
      <trkpt lat="26.9226856" lon="75.8231124">
        <time>2016-10-26T09:00:53Z</time>
      </trkpt>
      <trkpt lat="26.9227066" lon="75.8231201">
        <time>2016-10-26T09:00:58Z</time>
      </trkpt>
      <trkpt lat="26.9226913" lon="75.8230819">
        <time>2016-10-26T09:01:03Z</time>
      </trkpt>
      <trkpt lat="26.9226894" lon="75.8230743">
        <time>2016-10-26T09:01:08Z</time>
      </trkpt>
      <trkpt lat="26.9227123" lon="75.8230896">
        <time>2016-10-26T09:01:13Z</time>
      </trkpt>
      <trkpt lat="26.9227638" lon="75.8231048">
        <time>2016-10-26T09:01:18Z</time>
      </trkpt>
      <trkpt lat="26.9227733" lon="75.8231201">
        <time>2016-10-26T09:01:23Z</time>
      </trkpt>
      <trkpt lat="26.9227752" lon="75.8231124">
        <time>2016-10-26T09:01:28Z</time>
      </trkpt>
      <trkpt lat="26.9227771" lon="75.8231124">
        <time>2016-10-26T09:01:33Z</time>
      </trkpt>
      <trkpt lat="26.9227790" lon="75.8230972">
        <time>2016-10-26T09:01:38Z</time>
      </trkpt>
      <trkpt lat="26.9227790" lon="75.8230972">
        <time>2016-10-26T09:01:43Z</time>
      </trkpt>
      <trkpt lat="26.9227848" lon="75.8230056">
        <time>2016-10-26T09:01:48Z</time>
      </trkpt>
      <trkpt lat="26.9227886" lon="75.8230133">
        <time>2016-10-26T09:01:53Z</time>
      </trkpt>
      <trkpt lat="26.9227981" lon="75.8230133">
        <time>2016-10-26T09:01:58Z</time>
      </trkpt>
      <trkpt lat="26.9227905" lon="75.8230133">
        <time>2016-10-26T09:02:03Z</time>
      </trkpt>
      <trkpt lat="26.9227886" lon="75.8230133">
        <time>2016-10-26T09:02:08Z</time>
      </trkpt>
      <trkpt lat="26.9223976" lon="75.8224639">
        <time>2016-10-26T09:02:13Z</time>
      </trkpt>
      <trkpt lat="26.9225158" lon="75.8223953">
        <time>2016-10-26T09:02:18Z</time>
      </trkpt>
      <trkpt lat="26.9227714" lon="75.8222961">
        <time>2016-10-26T09:02:23Z</time>
      </trkpt>
      <trkpt lat="26.9229698" lon="75.8223114">
        <time>2016-10-26T09:02:28Z</time>
      </trkpt>
      <trkpt lat="26.9231052" lon="75.8222885">
        <time>2016-10-26T09:02:33Z</time>
      </trkpt>
      <trkpt lat="26.9232769" lon="75.8222732">
        <time>2016-10-26T09:02:38Z</time>
      </trkpt>
      <trkpt lat="26.9234294" lon="75.8223037">
        <time>2016-10-26T09:02:43Z</time>
      </trkpt>
      <trkpt lat="26.9235572" lon="75.8223571">
        <time>2016-10-26T09:02:48Z</time>
      </trkpt>
      <trkpt lat="26.9236946" lon="75.8224029">
        <time>2016-10-26T09:02:53Z</time>
      </trkpt>
      <trkpt lat="26.9237937" lon="75.8225936">
        <time>2016-10-26T09:02:58Z</time>
      </trkpt>
      <trkpt lat="26.9238395" lon="75.8229599">
        <time>2016-10-26T09:03:03Z</time>
      </trkpt>
      <trkpt lat="26.9237918" lon="75.8232192">
        <time>2016-10-26T09:03:08Z</time>
      </trkpt>
      <trkpt lat="26.9237518" lon="75.8234710">
        <time>2016-10-26T09:03:13Z</time>
      </trkpt>
      <trkpt lat="26.9237022" lon="75.8237380">
        <time>2016-10-26T09:03:18Z</time>
      </trkpt>
      <trkpt lat="26.9236316" lon="75.8240280">
        <time>2016-10-26T09:03:23Z</time>
      </trkpt>
      <trkpt lat="26.9235668" lon="75.8242874">
        <time>2016-10-26T09:03:28Z</time>
      </trkpt>
      <trkpt lat="26.9235191" lon="75.8245620">
        <time>2016-10-26T09:03:33Z</time>
      </trkpt>
      <trkpt lat="26.9234771" lon="75.8247680">
        <time>2016-10-26T09:03:38Z</time>
      </trkpt>
      <trkpt lat="26.9234504" lon="75.8248291">
        <time>2016-10-26T09:03:43Z</time>
      </trkpt>
      <trkpt lat="26.9234104" lon="75.8249740">
        <time>2016-10-26T09:03:48Z</time>
      </trkpt>
      <trkpt lat="26.9233856" lon="75.8252029">
        <time>2016-10-26T09:03:53Z</time>
      </trkpt>
      <trkpt lat="26.9233322" lon="75.8254470">
        <time>2016-10-26T09:03:58Z</time>
      </trkpt>
      <trkpt lat="26.9232692" lon="75.8256988">
        <time>2016-10-26T09:04:03Z</time>
      </trkpt>
      <trkpt lat="26.9232158" lon="75.8259124">
        <time>2016-10-26T09:04:08Z</time>
      </trkpt>
      <trkpt lat="26.9232082" lon="75.8260116">
        <time>2016-10-26T09:04:13Z</time>
      </trkpt>
      <trkpt lat="26.9232196" lon="75.8260345">
        <time>2016-10-26T09:04:18Z</time>
      </trkpt>
      <trkpt lat="26.9232177" lon="75.8260421">
        <time>2016-10-26T09:04:23Z</time>
      </trkpt>
      <trkpt lat="26.9232196" lon="75.8260269">
        <time>2016-10-26T09:04:28Z</time>
      </trkpt>
      <trkpt lat="26.9232196" lon="75.8260345">
        <time>2016-10-26T09:04:33Z</time>
      </trkpt>
      <trkpt lat="26.9232177" lon="75.8260345">
        <time>2016-10-26T09:04:38Z</time>
      </trkpt>
      <trkpt lat="26.9232196" lon="75.8260345">
        <time>2016-10-26T09:04:43Z</time>
      </trkpt>
      <trkpt lat="26.9232196" lon="75.8260421">
        <time>2016-10-26T09:04:48Z</time>
      </trkpt>
      <trkpt lat="26.9232196" lon="75.8260345">
        <time>2016-10-26T09:04:53Z</time>
      </trkpt>
      <trkpt lat="26.9232215" lon="75.8260269">
        <time>2016-10-26T09:04:58Z</time>
      </trkpt>
      <trkpt lat="26.9232273" lon="75.8260116">
        <time>2016-10-26T09:05:03Z</time>
      </trkpt>
      <trkpt lat="26.9232501" lon="75.8259963">
        <time>2016-10-26T09:05:08Z</time>
      </trkpt>
      <trkpt lat="26.9233226" lon="75.8260116">
        <time>2016-10-26T09:05:13Z</time>
      </trkpt>
      <trkpt lat="26.9234828" lon="75.8260345">
        <time>2016-10-26T09:05:18Z</time>
      </trkpt>
      <trkpt lat="26.9235267" lon="75.8260726">
        <time>2016-10-26T09:05:23Z</time>
      </trkpt>
      <trkpt lat="26.9235706" lon="75.8261108">
        <time>2016-10-26T09:05:28Z</time>
      </trkpt>
      <trkpt lat="26.9236164" lon="75.8261566">
        <time>2016-10-26T09:05:33Z</time>
      </trkpt>
      <trkpt lat="26.9236602" lon="75.8261642">
        <time>2016-10-26T09:05:38Z</time>
      </trkpt>
      <trkpt lat="26.9236965" lon="75.8261795">
        <time>2016-10-26T09:05:43Z</time>
      </trkpt>
      <trkpt lat="26.9237213" lon="75.8261871">
        <time>2016-10-26T09:05:48Z</time>
      </trkpt>
      <trkpt lat="26.9237537" lon="75.8261947">
        <time>2016-10-26T09:05:53Z</time>
      </trkpt>
      <trkpt lat="26.9237880" lon="75.8261871">
        <time>2016-10-26T09:05:58Z</time>
      </trkpt>
      <trkpt lat="26.9238529" lon="75.8262176">
        <time>2016-10-26T09:06:03Z</time>
      </trkpt>
      <trkpt lat="26.9238910" lon="75.8262481">
        <time>2016-10-26T09:06:08Z</time>
      </trkpt>
      <trkpt lat="26.9239540" lon="75.8262329">
        <time>2016-10-26T09:06:13Z</time>
      </trkpt>
      <trkpt lat="26.9239730" lon="75.8262786">
        <time>2016-10-26T09:06:18Z</time>
      </trkpt>
      <trkpt lat="26.9240016" lon="75.8262863">
        <time>2016-10-26T09:06:23Z</time>
      </trkpt>
      <trkpt lat="26.9240303" lon="75.8262786">
        <time>2016-10-26T09:06:28Z</time>
      </trkpt>
      <trkpt lat="26.9240455" lon="75.8262557">
        <time>2016-10-26T09:06:33Z</time>
      </trkpt>
      <trkpt lat="26.9240550" lon="75.8262634">
        <time>2016-10-26T09:06:38Z</time>
      </trkpt>
      <trkpt lat="26.9240570" lon="75.8262634">
        <time>2016-10-26T09:06:43Z</time>
      </trkpt>
      <trkpt lat="26.9240570" lon="75.8262634">
        <time>2016-10-26T09:06:48Z</time>
      </trkpt>
      <trkpt lat="26.9240684" lon="75.8262710">
        <time>2016-10-26T09:06:53Z</time>
      </trkpt>
      <trkpt lat="26.9240818" lon="75.8262710">
        <time>2016-10-26T09:06:58Z</time>
      </trkpt>
      <trkpt lat="26.9240818" lon="75.8262710">
        <time>2016-10-26T09:07:03Z</time>
      </trkpt>
      <trkpt lat="26.9240818" lon="75.8262786">
        <time>2016-10-26T09:07:08Z</time>
      </trkpt>
      <trkpt lat="26.9240818" lon="75.8262786">
        <time>2016-10-26T09:07:13Z</time>
      </trkpt>
      <trkpt lat="26.9240856" lon="75.8262863">
        <time>2016-10-26T09:07:18Z</time>
      </trkpt>
      <trkpt lat="26.9241046" lon="75.8263320">
        <time>2016-10-26T09:07:23Z</time>
      </trkpt>
      <trkpt lat="26.9240798" lon="75.8263015">
        <time>2016-10-26T09:07:28Z</time>
      </trkpt>
      <trkpt lat="26.9240798" lon="75.8263015">
        <time>2016-10-26T09:07:33Z</time>
      </trkpt>
      <trkpt lat="26.9240818" lon="75.8262939">
        <time>2016-10-26T09:07:38Z</time>
      </trkpt>
      <trkpt lat="26.9240818" lon="75.8262939">
        <time>2016-10-26T09:07:43Z</time>
      </trkpt>
      <trkpt lat="26.9240894" lon="75.8263397">
        <time>2016-10-26T09:07:48Z</time>
      </trkpt>
      <trkpt lat="26.9241008" lon="75.8263397">
        <time>2016-10-26T09:07:53Z</time>
      </trkpt>
      <trkpt lat="26.9241027" lon="75.8263397">
        <time>2016-10-26T09:07:58Z</time>
      </trkpt>
      <trkpt lat="26.9241085" lon="75.8263320">
        <time>2016-10-26T09:08:03Z</time>
      </trkpt>
      <trkpt lat="26.9240837" lon="75.8263473">
        <time>2016-10-26T09:08:08Z</time>
      </trkpt>
      <trkpt lat="26.9240818" lon="75.8263549">
        <time>2016-10-26T09:08:13Z</time>
      </trkpt>
      <trkpt lat="26.9240646" lon="75.8263549">
        <time>2016-10-26T09:08:18Z</time>
      </trkpt>
      <trkpt lat="26.9240684" lon="75.8263168">
        <time>2016-10-26T09:08:23Z</time>
      </trkpt>
      <trkpt lat="26.9240589" lon="75.8263244">
        <time>2016-10-26T09:08:28Z</time>
      </trkpt>
      <trkpt lat="26.9240589" lon="75.8263168">
        <time>2016-10-26T09:08:33Z</time>
      </trkpt>
      <trkpt lat="26.9240589" lon="75.8263244">
        <time>2016-10-26T09:08:38Z</time>
      </trkpt>
      <trkpt lat="26.9240589" lon="75.8263244">
        <time>2016-10-26T09:08:43Z</time>
      </trkpt>
      <trkpt lat="26.9240589" lon="75.8263244">
        <time>2016-10-26T09:08:48Z</time>
      </trkpt>
      <trkpt lat="26.9240589" lon="75.8263092">
        <time>2016-10-26T09:08:53Z</time>
      </trkpt>
      <trkpt lat="26.9240036" lon="75.8262863">
        <time>2016-10-26T09:08:58Z</time>
      </trkpt>
      <trkpt lat="26.9239883" lon="75.8262786">
        <time>2016-10-26T09:09:03Z</time>
      </trkpt>
      <trkpt lat="26.9240169" lon="75.8263320">
        <time>2016-10-26T09:09:08Z</time>
      </trkpt>
      <trkpt lat="26.9239768" lon="75.8263549">
        <time>2016-10-26T09:09:13Z</time>
      </trkpt>
      <trkpt lat="26.9239826" lon="75.8263473">
        <time>2016-10-26T09:09:18Z</time>
      </trkpt>
      <trkpt lat="26.9239845" lon="75.8263473">
        <time>2016-10-26T09:09:23Z</time>
      </trkpt>
      <trkpt lat="26.9239864" lon="75.8263473">
        <time>2016-10-26T09:09:28Z</time>
      </trkpt>
      <trkpt lat="26.9239864" lon="75.8263473">
        <time>2016-10-26T09:09:33Z</time>
      </trkpt>
      <trkpt lat="26.9239883" lon="75.8263473">
        <time>2016-10-26T09:09:38Z</time>
      </trkpt>
      <trkpt lat="26.9239883" lon="75.8263473">
        <time>2016-10-26T09:09:43Z</time>
      </trkpt>
      <trkpt lat="26.9239845" lon="75.8263702">
        <time>2016-10-26T09:09:48Z</time>
      </trkpt>
      <trkpt lat="26.9239521" lon="75.8263931">
        <time>2016-10-26T09:09:53Z</time>
      </trkpt>
      <trkpt lat="26.9238929" lon="75.8264312">
        <time>2016-10-26T09:09:58Z</time>
      </trkpt>
      <trkpt lat="26.9238948" lon="75.8264617">
        <time>2016-10-26T09:10:03Z</time>
      </trkpt>
      <trkpt lat="26.9239177" lon="75.8264999">
        <time>2016-10-26T09:10:08Z</time>
      </trkpt>
      <trkpt lat="26.9239196" lon="75.8265151">
        <time>2016-10-26T09:10:13Z</time>
      </trkpt>
      <trkpt lat="26.9239158" lon="75.8265380">
        <time>2016-10-26T09:10:18Z</time>
      </trkpt>
      <trkpt lat="26.9239044" lon="75.8265380">
        <time>2016-10-26T09:10:23Z</time>
      </trkpt>
      <trkpt lat="26.9239006" lon="75.8265457">
        <time>2016-10-26T09:10:28Z</time>
      </trkpt>
      <trkpt lat="26.9238910" lon="75.8265762">
        <time>2016-10-26T09:10:33Z</time>
      </trkpt>
      <trkpt lat="26.9238739" lon="75.8265991">
        <time>2016-10-26T09:10:38Z</time>
      </trkpt>
      <trkpt lat="26.9238719" lon="75.8266143">
        <time>2016-10-26T09:10:43Z</time>
      </trkpt>
      <trkpt lat="26.9238777" lon="75.8266220">
        <time>2016-10-26T09:10:48Z</time>
      </trkpt>
      <trkpt lat="26.9238834" lon="75.8266372">
        <time>2016-10-26T09:10:53Z</time>
      </trkpt>
      <trkpt lat="26.9239044" lon="75.8266067">
        <time>2016-10-26T09:10:58Z</time>
      </trkpt>
      <trkpt lat="26.9239044" lon="75.8266067">
        <time>2016-10-26T09:11:03Z</time>
      </trkpt>
      <trkpt lat="26.9239044" lon="75.8266067">
        <time>2016-10-26T09:11:08Z</time>
      </trkpt>
      <trkpt lat="26.9239044" lon="75.8266067">
        <time>2016-10-26T09:11:13Z</time>
      </trkpt>
      <trkpt lat="26.9239158" lon="75.8265762">
        <time>2016-10-26T09:11:18Z</time>
      </trkpt>
      <trkpt lat="26.9239177" lon="75.8265762">
        <time>2016-10-26T09:11:23Z</time>
      </trkpt>
      <trkpt lat="26.9239177" lon="75.8265686">
        <time>2016-10-26T09:11:28Z</time>
      </trkpt>
      <trkpt lat="26.9239177" lon="75.8265533">
        <time>2016-10-26T09:11:33Z</time>
      </trkpt>
      <trkpt lat="26.9239387" lon="75.8265228">
        <time>2016-10-26T09:11:38Z</time>
      </trkpt>
      <trkpt lat="26.9239139" lon="75.8264770">
        <time>2016-10-26T09:11:43Z</time>
      </trkpt>
      <trkpt lat="26.9239234" lon="75.8264846">
        <time>2016-10-26T09:11:48Z</time>
      </trkpt>
      <trkpt lat="26.9239654" lon="75.8265228">
        <time>2016-10-26T09:11:53Z</time>
      </trkpt>
      <trkpt lat="26.9239788" lon="75.8265380">
        <time>2016-10-26T09:11:58Z</time>
      </trkpt>
      <trkpt lat="26.9238967" lon="75.8265457">
        <time>2016-10-26T09:12:03Z</time>
      </trkpt>
      <trkpt lat="26.9238872" lon="75.8265533">
        <time>2016-10-26T09:12:08Z</time>
      </trkpt>
      <trkpt lat="26.9238815" lon="75.8265533">
        <time>2016-10-26T09:12:13Z</time>
      </trkpt>
      <trkpt lat="26.9238796" lon="75.8265609">
        <time>2016-10-26T09:12:18Z</time>
      </trkpt>
      <trkpt lat="26.9238758" lon="75.8265838">
        <time>2016-10-26T09:12:23Z</time>
      </trkpt>
      <trkpt lat="26.9238529" lon="75.8266372">
        <time>2016-10-26T09:12:28Z</time>
      </trkpt>
      <trkpt lat="26.9238471" lon="75.8266601">
        <time>2016-10-26T09:12:33Z</time>
      </trkpt>
      <trkpt lat="26.9238224" lon="75.8266754">
        <time>2016-10-26T09:12:38Z</time>
      </trkpt>
      <trkpt lat="26.9238166" lon="75.8266830">
        <time>2016-10-26T09:12:43Z</time>
      </trkpt>
      <trkpt lat="26.9238166" lon="75.8267059">
        <time>2016-10-26T09:12:48Z</time>
      </trkpt>
      <trkpt lat="26.9238338" lon="75.8266983">
        <time>2016-10-26T09:12:53Z</time>
      </trkpt>
      <trkpt lat="26.9238338" lon="75.8267059">
        <time>2016-10-26T09:12:58Z</time>
      </trkpt>
      <trkpt lat="26.9238338" lon="75.8267135">
        <time>2016-10-26T09:13:03Z</time>
      </trkpt>
      <trkpt lat="26.9238338" lon="75.8267211">
        <time>2016-10-26T09:13:08Z</time>
      </trkpt>
      <trkpt lat="26.9238357" lon="75.8267822">
        <time>2016-10-26T09:13:13Z</time>
      </trkpt>
      <trkpt lat="26.9238224" lon="75.8268585">
        <time>2016-10-26T09:13:18Z</time>
      </trkpt>
      <trkpt lat="26.9238128" lon="75.8269042">
        <time>2016-10-26T09:13:23Z</time>
      </trkpt>
      <trkpt lat="26.9238052" lon="75.8269348">
        <time>2016-10-26T09:13:28Z</time>
      </trkpt>
      <trkpt lat="26.9238071" lon="75.8269424">
        <time>2016-10-26T09:13:33Z</time>
      </trkpt>
      <trkpt lat="26.9238185" lon="75.8269271">
        <time>2016-10-26T09:13:38Z</time>
      </trkpt>
      <trkpt lat="26.9238262" lon="75.8269424">
        <time>2016-10-26T09:13:43Z</time>
      </trkpt>
      <trkpt lat="26.9238243" lon="75.8269424">
        <time>2016-10-26T09:13:48Z</time>
      </trkpt>
      <trkpt lat="26.9238243" lon="75.8269577">
        <time>2016-10-26T09:13:53Z</time>
      </trkpt>
      <trkpt lat="26.9238243" lon="75.8269577">
        <time>2016-10-26T09:13:58Z</time>
      </trkpt>
      <trkpt lat="26.9238281" lon="75.8269500">
        <time>2016-10-26T09:14:03Z</time>
      </trkpt>
      <trkpt lat="26.9238338" lon="75.8269271">
        <time>2016-10-26T09:14:08Z</time>
      </trkpt>
      <trkpt lat="26.9238510" lon="75.8268280">
        <time>2016-10-26T09:14:13Z</time>
      </trkpt>
      <trkpt lat="26.9238491" lon="75.8267593">
        <time>2016-10-26T09:14:18Z</time>
      </trkpt>
      <trkpt lat="26.9238471" lon="75.8267440">
        <time>2016-10-26T09:14:23Z</time>
      </trkpt>
      <trkpt lat="26.9238433" lon="75.8267745">
        <time>2016-10-26T09:14:28Z</time>
      </trkpt>
      <trkpt lat="26.9238414" lon="75.8267822">
        <time>2016-10-26T09:14:33Z</time>
      </trkpt>
      <trkpt lat="26.9238395" lon="75.8267898">
        <time>2016-10-26T09:14:38Z</time>
      </trkpt>
      <trkpt lat="26.9238414" lon="75.8267822">
        <time>2016-10-26T09:14:43Z</time>
      </trkpt>
      <trkpt lat="26.9238414" lon="75.8267822">
        <time>2016-10-26T09:14:48Z</time>
      </trkpt>
      <trkpt lat="26.9238319" lon="75.8267669">
        <time>2016-10-26T09:14:53Z</time>
      </trkpt>
      <trkpt lat="26.9238491" lon="75.8267822">
        <time>2016-10-26T09:14:58Z</time>
      </trkpt>
      <trkpt lat="26.9238471" lon="75.8267974">
        <time>2016-10-26T09:15:03Z</time>
      </trkpt>
      <trkpt lat="26.9238452" lon="75.8268051">
        <time>2016-10-26T09:15:08Z</time>
      </trkpt>
      <trkpt lat="26.9238395" lon="75.8268280">
        <time>2016-10-26T09:15:13Z</time>
      </trkpt>
      <trkpt lat="26.9238491" lon="75.8268661">
        <time>2016-10-26T09:15:18Z</time>
      </trkpt>
      <trkpt lat="26.9240036" lon="75.8267974">
        <time>2016-10-26T09:15:23Z</time>
      </trkpt>
      <trkpt lat="26.9239864" lon="75.8268127">
        <time>2016-10-26T09:15:28Z</time>
      </trkpt>
      <trkpt lat="26.9239845" lon="75.8269042">
        <time>2016-10-26T09:15:33Z</time>
      </trkpt>
      <trkpt lat="26.9239902" lon="75.8268814">
        <time>2016-10-26T09:15:38Z</time>
      </trkpt>
      <trkpt lat="26.9239883" lon="75.8268814">
        <time>2016-10-26T09:15:43Z</time>
      </trkpt>
      <trkpt lat="26.9239864" lon="75.8269271">
        <time>2016-10-26T09:15:48Z</time>
      </trkpt>
      <trkpt lat="26.9239921" lon="75.8269500">
        <time>2016-10-26T09:15:53Z</time>
      </trkpt>
      <trkpt lat="26.9240016" lon="75.8269577">
        <time>2016-10-26T09:15:58Z</time>
      </trkpt>
      <trkpt lat="26.9240131" lon="75.8269500">
        <time>2016-10-26T09:16:03Z</time>
      </trkpt>
      <trkpt lat="26.9240150" lon="75.8269424">
        <time>2016-10-26T09:16:08Z</time>
      </trkpt>
      <trkpt lat="26.9240150" lon="75.8269424">
        <time>2016-10-26T09:16:13Z</time>
      </trkpt>
      <trkpt lat="26.9240150" lon="75.8269500">
        <time>2016-10-26T09:16:18Z</time>
      </trkpt>
      <trkpt lat="26.9240169" lon="75.8269424">
        <time>2016-10-26T09:16:23Z</time>
      </trkpt>
      <trkpt lat="26.9240169" lon="75.8269424">
        <time>2016-10-26T09:16:28Z</time>
      </trkpt>
      <trkpt lat="26.9240169" lon="75.8269348">
        <time>2016-10-26T09:16:33Z</time>
      </trkpt>
      <trkpt lat="26.9240169" lon="75.8269271">
        <time>2016-10-26T09:16:38Z</time>
      </trkpt>
      <trkpt lat="26.9240169" lon="75.8269271">
        <time>2016-10-26T09:16:43Z</time>
      </trkpt>
      <trkpt lat="26.9240150" lon="75.8269271">
        <time>2016-10-26T09:16:48Z</time>
      </trkpt>
      <trkpt lat="26.9240169" lon="75.8269195">
        <time>2016-10-26T09:16:53Z</time>
      </trkpt>
      <trkpt lat="26.9240169" lon="75.8269195">
        <time>2016-10-26T09:16:58Z</time>
      </trkpt>
      <trkpt lat="26.9240150" lon="75.8269119">
        <time>2016-10-26T09:17:03Z</time>
      </trkpt>
      <trkpt lat="26.9240131" lon="75.8269271">
        <time>2016-10-26T09:17:08Z</time>
      </trkpt>
      <trkpt lat="26.9240093" lon="75.8269271">
        <time>2016-10-26T09:17:13Z</time>
      </trkpt>
      <trkpt lat="26.9240074" lon="75.8269424">
        <time>2016-10-26T09:17:18Z</time>
      </trkpt>
      <trkpt lat="26.9240074" lon="75.8269424">
        <time>2016-10-26T09:17:23Z</time>
      </trkpt>
      <trkpt lat="26.9240055" lon="75.8269424">
        <time>2016-10-26T09:17:28Z</time>
      </trkpt>
      <trkpt lat="26.9240074" lon="75.8269348">
        <time>2016-10-26T09:17:33Z</time>
      </trkpt>
      <trkpt lat="26.9240055" lon="75.8269271">
        <time>2016-10-26T09:17:38Z</time>
      </trkpt>
      <trkpt lat="26.9239978" lon="75.8269348">
        <time>2016-10-26T09:17:43Z</time>
      </trkpt>
      <trkpt lat="26.9239921" lon="75.8269424">
        <time>2016-10-26T09:17:48Z</time>
      </trkpt>
      <trkpt lat="26.9239902" lon="75.8269424">
        <time>2016-10-26T09:17:53Z</time>
      </trkpt>
      <trkpt lat="26.9239883" lon="75.8269500">
        <time>2016-10-26T09:17:58Z</time>
      </trkpt>
      <trkpt lat="26.9239864" lon="75.8269500">
        <time>2016-10-26T09:18:03Z</time>
      </trkpt>
      <trkpt lat="26.9239673" lon="75.8269424">
        <time>2016-10-26T09:18:08Z</time>
      </trkpt>
      <trkpt lat="26.9239768" lon="75.8269195">
        <time>2016-10-26T09:18:13Z</time>
      </trkpt>
      <trkpt lat="26.9239635" lon="75.8269271">
        <time>2016-10-26T09:18:18Z</time>
      </trkpt>
      <trkpt lat="26.9239635" lon="75.8269119">
        <time>2016-10-26T09:18:23Z</time>
      </trkpt>
      <trkpt lat="26.9239521" lon="75.8269042">
        <time>2016-10-26T09:18:28Z</time>
      </trkpt>
      <trkpt lat="26.9239501" lon="75.8268890">
        <time>2016-10-26T09:18:33Z</time>
      </trkpt>
      <trkpt lat="26.9239063" lon="75.8268508">
        <time>2016-10-26T09:18:38Z</time>
      </trkpt>
      <trkpt lat="26.9238777" lon="75.8268432">
        <time>2016-10-26T09:18:43Z</time>
      </trkpt>
      <trkpt lat="26.9238834" lon="75.8268203">
        <time>2016-10-26T09:18:48Z</time>
      </trkpt>
      <trkpt lat="26.9238853" lon="75.8268127">
        <time>2016-10-26T09:18:53Z</time>
      </trkpt>
      <trkpt lat="26.9238853" lon="75.8268051">
        <time>2016-10-26T09:18:58Z</time>
      </trkpt>
      <trkpt lat="26.9238681" lon="75.8267745">
        <time>2016-10-26T09:19:03Z</time>
      </trkpt>
      <trkpt lat="26.9238986" lon="75.8267669">
        <time>2016-10-26T09:19:08Z</time>
      </trkpt>
      <trkpt lat="26.9239425" lon="75.8267745">
        <time>2016-10-26T09:19:13Z</time>
      </trkpt>
      <trkpt lat="26.9239921" lon="75.8268585">
        <time>2016-10-26T09:19:18Z</time>
      </trkpt>
      <trkpt lat="26.9240207" lon="75.8268890">
        <time>2016-10-26T09:19:23Z</time>
      </trkpt>
      <trkpt lat="26.9240360" lon="75.8268585">
        <time>2016-10-26T09:19:28Z</time>
      </trkpt>
      <trkpt lat="26.9240379" lon="75.8268585">
        <time>2016-10-26T09:19:33Z</time>
      </trkpt>
      <trkpt lat="26.9240379" lon="75.8268508">
        <time>2016-10-26T09:19:38Z</time>
      </trkpt>
      <trkpt lat="26.9240589" lon="75.8268890">
        <time>2016-10-26T09:19:43Z</time>
      </trkpt>
      <trkpt lat="26.9240550" lon="75.8269119">
        <time>2016-10-26T09:19:48Z</time>
      </trkpt>
      <trkpt lat="26.9240665" lon="75.8268661">
        <time>2016-10-26T09:19:53Z</time>
      </trkpt>
      <trkpt lat="26.9239940" lon="75.8268737">
        <time>2016-10-26T09:19:58Z</time>
      </trkpt>
      <trkpt lat="26.9239959" lon="75.8268737">
        <time>2016-10-26T09:20:03Z</time>
      </trkpt>
      <trkpt lat="26.9239959" lon="75.8268737">
        <time>2016-10-26T09:20:08Z</time>
      </trkpt>
      <trkpt lat="26.9239959" lon="75.8268814">
        <time>2016-10-26T09:20:13Z</time>
      </trkpt>
      <trkpt lat="26.9239959" lon="75.8268737">
        <time>2016-10-26T09:20:18Z</time>
      </trkpt>
      <trkpt lat="26.9239978" lon="75.8268661">
        <time>2016-10-26T09:20:23Z</time>
      </trkpt>
      <trkpt lat="26.9239978" lon="75.8268585">
        <time>2016-10-26T09:20:28Z</time>
      </trkpt>
      <trkpt lat="26.9239940" lon="75.8268585">
        <time>2016-10-26T09:20:33Z</time>
      </trkpt>
      <trkpt lat="26.9239921" lon="75.8268508">
        <time>2016-10-26T09:20:38Z</time>
      </trkpt>
      <trkpt lat="26.9239902" lon="75.8268585">
        <time>2016-10-26T09:20:43Z</time>
      </trkpt>
      <trkpt lat="26.9239444" lon="75.8268508">
        <time>2016-10-26T09:20:48Z</time>
      </trkpt>
      <trkpt lat="26.9239387" lon="75.8268585">
        <time>2016-10-26T09:20:53Z</time>
      </trkpt>
      <trkpt lat="26.9239234" lon="75.8268814">
        <time>2016-10-26T09:20:58Z</time>
      </trkpt>
      <trkpt lat="26.9238872" lon="75.8269500">
        <time>2016-10-26T09:21:03Z</time>
      </trkpt>
      <trkpt lat="26.9238815" lon="75.8269424">
        <time>2016-10-26T09:21:08Z</time>
      </trkpt>
      <trkpt lat="26.9238796" lon="75.8269577">
        <time>2016-10-26T09:21:13Z</time>
      </trkpt>
      <trkpt lat="26.9238796" lon="75.8269500">
        <time>2016-10-26T09:21:18Z</time>
      </trkpt>
      <trkpt lat="26.9238815" lon="75.8269424">
        <time>2016-10-26T09:21:23Z</time>
      </trkpt>
      <trkpt lat="26.9238815" lon="75.8269424">
        <time>2016-10-26T09:21:28Z</time>
      </trkpt>
      <trkpt lat="26.9238815" lon="75.8269271">
        <time>2016-10-26T09:21:33Z</time>
      </trkpt>
      <trkpt lat="26.9238681" lon="75.8269042">
        <time>2016-10-26T09:21:38Z</time>
      </trkpt>
      <trkpt lat="26.9238681" lon="75.8269042">
        <time>2016-10-26T09:21:43Z</time>
      </trkpt>
      <trkpt lat="26.9238681" lon="75.8269042">
        <time>2016-10-26T09:21:48Z</time>
      </trkpt>
      <trkpt lat="26.9238681" lon="75.8269042">
        <time>2016-10-26T09:21:53Z</time>
      </trkpt>
      <trkpt lat="26.9238681" lon="75.8269042">
        <time>2016-10-26T09:21:58Z</time>
      </trkpt>
      <trkpt lat="26.9238681" lon="75.8269042">
        <time>2016-10-26T09:22:03Z</time>
      </trkpt>
      <trkpt lat="26.9238681" lon="75.8269042">
        <time>2016-10-26T09:22:08Z</time>
      </trkpt>
      <trkpt lat="26.9238700" lon="75.8269042">
        <time>2016-10-26T09:22:13Z</time>
      </trkpt>
      <trkpt lat="26.9238681" lon="75.8269119">
        <time>2016-10-26T09:22:18Z</time>
      </trkpt>
      <trkpt lat="26.9238681" lon="75.8269119">
        <time>2016-10-26T09:22:23Z</time>
      </trkpt>
      <trkpt lat="26.9238681" lon="75.8269119">
        <time>2016-10-26T09:22:28Z</time>
      </trkpt>
      <trkpt lat="26.9238681" lon="75.8269195">
        <time>2016-10-26T09:22:33Z</time>
      </trkpt>
      <trkpt lat="26.9238433" lon="75.8269729">
        <time>2016-10-26T09:22:38Z</time>
      </trkpt>
      <trkpt lat="26.9238395" lon="75.8269805">
        <time>2016-10-26T09:22:43Z</time>
      </trkpt>
      <trkpt lat="26.9238777" lon="75.8269577">
        <time>2016-10-26T09:22:48Z</time>
      </trkpt>
      <trkpt lat="26.9238777" lon="75.8269577">
        <time>2016-10-26T09:22:53Z</time>
      </trkpt>
      <trkpt lat="26.9238777" lon="75.8269577">
        <time>2016-10-26T09:22:58Z</time>
      </trkpt>
      <trkpt lat="26.9238777" lon="75.8269577">
        <time>2016-10-26T09:23:03Z</time>
      </trkpt>
      <trkpt lat="26.9238777" lon="75.8269653">
        <time>2016-10-26T09:23:08Z</time>
      </trkpt>
      <trkpt lat="26.9238967" lon="75.8269958">
        <time>2016-10-26T09:23:13Z</time>
      </trkpt>
      <trkpt lat="26.9239387" lon="75.8269958">
        <time>2016-10-26T09:23:18Z</time>
      </trkpt>
      <trkpt lat="26.9240245" lon="75.8268737">
        <time>2016-10-26T09:23:23Z</time>
      </trkpt>
      <trkpt lat="26.9240360" lon="75.8268661">
        <time>2016-10-26T09:23:28Z</time>
      </trkpt>
      <trkpt lat="26.9240417" lon="75.8268737">
        <time>2016-10-26T09:23:33Z</time>
      </trkpt>
      <trkpt lat="26.9240550" lon="75.8268661">
        <time>2016-10-26T09:23:38Z</time>
      </trkpt>
      <trkpt lat="26.9240608" lon="75.8268508">
        <time>2016-10-26T09:23:43Z</time>
      </trkpt>
      <trkpt lat="26.9240608" lon="75.8268508">
        <time>2016-10-26T09:23:48Z</time>
      </trkpt>
      <trkpt lat="26.9240589" lon="75.8268661">
        <time>2016-10-26T09:23:53Z</time>
      </trkpt>
      <trkpt lat="26.9240436" lon="75.8268890">
        <time>2016-10-26T09:23:58Z</time>
      </trkpt>
      <trkpt lat="26.9240398" lon="75.8268966">
        <time>2016-10-26T09:24:03Z</time>
      </trkpt>
      <trkpt lat="26.9240398" lon="75.8268966">
        <time>2016-10-26T09:24:08Z</time>
      </trkpt>
      <trkpt lat="26.9240398" lon="75.8268966">
        <time>2016-10-26T09:24:13Z</time>
      </trkpt>
      <trkpt lat="26.9240379" lon="75.8269042">
        <time>2016-10-26T09:24:18Z</time>
      </trkpt>
      <trkpt lat="26.9240379" lon="75.8269042">
        <time>2016-10-26T09:24:23Z</time>
      </trkpt>
      <trkpt lat="26.9240360" lon="75.8269119">
        <time>2016-10-26T09:24:28Z</time>
      </trkpt>
      <trkpt lat="26.9240360" lon="75.8269195">
        <time>2016-10-26T09:24:33Z</time>
      </trkpt>
      <trkpt lat="26.9240360" lon="75.8269195">
        <time>2016-10-26T09:24:38Z</time>
      </trkpt>
      <trkpt lat="26.9240341" lon="75.8269271">
        <time>2016-10-26T09:24:43Z</time>
      </trkpt>
      <trkpt lat="26.9240341" lon="75.8269348">
        <time>2016-10-26T09:24:48Z</time>
      </trkpt>
      <trkpt lat="26.9240322" lon="75.8269348">
        <time>2016-10-26T09:24:53Z</time>
      </trkpt>
      <trkpt lat="26.9240207" lon="75.8269805">
        <time>2016-10-26T09:24:58Z</time>
      </trkpt>
      <trkpt lat="26.9240303" lon="75.8269882">
        <time>2016-10-26T09:25:03Z</time>
      </trkpt>
      <trkpt lat="26.9240322" lon="75.8269805">
        <time>2016-10-26T09:25:08Z</time>
      </trkpt>
      <trkpt lat="26.9240570" lon="75.8269653">
        <time>2016-10-26T09:25:13Z</time>
      </trkpt>
      <trkpt lat="26.9240646" lon="75.8269577">
        <time>2016-10-26T09:25:18Z</time>
      </trkpt>
      <trkpt lat="26.9240665" lon="75.8269500">
        <time>2016-10-26T09:25:23Z</time>
      </trkpt>
      <trkpt lat="26.9240684" lon="75.8269348">
        <time>2016-10-26T09:25:28Z</time>
      </trkpt>
      <trkpt lat="26.9240703" lon="75.8269271">
        <time>2016-10-26T09:25:33Z</time>
      </trkpt>
      <trkpt lat="26.9240703" lon="75.8269271">
        <time>2016-10-26T09:25:38Z</time>
      </trkpt>
      <trkpt lat="26.9240703" lon="75.8269195">
        <time>2016-10-26T09:25:43Z</time>
      </trkpt>
      <trkpt lat="26.9240703" lon="75.8269119">
        <time>2016-10-26T09:25:48Z</time>
      </trkpt>
      <trkpt lat="26.9240722" lon="75.8269042">
        <time>2016-10-26T09:25:53Z</time>
      </trkpt>
      <trkpt lat="26.9240722" lon="75.8269042">
        <time>2016-10-26T09:25:58Z</time>
      </trkpt>
      <trkpt lat="26.9240722" lon="75.8268966">
        <time>2016-10-26T09:26:03Z</time>
      </trkpt>
      <trkpt lat="26.9240722" lon="75.8268966">
        <time>2016-10-26T09:26:08Z</time>
      </trkpt>
      <trkpt lat="26.9240722" lon="75.8268966">
        <time>2016-10-26T09:26:13Z</time>
      </trkpt>
      <trkpt lat="26.9240741" lon="75.8268814">
        <time>2016-10-26T09:26:18Z</time>
      </trkpt>
      <trkpt lat="26.9240741" lon="75.8268814">
        <time>2016-10-26T09:26:23Z</time>
      </trkpt>
      <trkpt lat="26.9240684" lon="75.8268661">
        <time>2016-10-26T09:26:28Z</time>
      </trkpt>
      <trkpt lat="26.9240379" lon="75.8268508">
        <time>2016-10-26T09:26:33Z</time>
      </trkpt>
      <trkpt lat="26.9240570" lon="75.8268508">
        <time>2016-10-26T09:26:38Z</time>
      </trkpt>
      <trkpt lat="26.9240894" lon="75.8268661">
        <time>2016-10-26T09:26:43Z</time>
      </trkpt>
      <trkpt lat="26.9240875" lon="75.8268890">
        <time>2016-10-26T09:26:48Z</time>
      </trkpt>
      <trkpt lat="26.9241046" lon="75.8269119">
        <time>2016-10-26T09:26:53Z</time>
      </trkpt>
      <trkpt lat="26.9241180" lon="75.8269195">
        <time>2016-10-26T09:26:58Z</time>
      </trkpt>
      <trkpt lat="26.9240875" lon="75.8269577">
        <time>2016-10-26T09:27:03Z</time>
      </trkpt>
      <trkpt lat="26.9240760" lon="75.8269653">
        <time>2016-10-26T09:27:08Z</time>
      </trkpt>
      <trkpt lat="26.9240741" lon="75.8269729">
        <time>2016-10-26T09:27:13Z</time>
      </trkpt>
      <trkpt lat="26.9240684" lon="75.8269805">
        <time>2016-10-26T09:27:18Z</time>
      </trkpt>
      <trkpt lat="26.9240646" lon="75.8269805">
        <time>2016-10-26T09:27:23Z</time>
      </trkpt>
      <trkpt lat="26.9240646" lon="75.8269805">
        <time>2016-10-26T09:27:28Z</time>
      </trkpt>
      <trkpt lat="26.9240875" lon="75.8269729">
        <time>2016-10-26T09:27:33Z</time>
      </trkpt>
      <trkpt lat="26.9241199" lon="75.8269653">
        <time>2016-10-26T09:27:38Z</time>
      </trkpt>
      <trkpt lat="26.9241447" lon="75.8269577">
        <time>2016-10-26T09:27:43Z</time>
      </trkpt>
      <trkpt lat="26.9241714" lon="75.8269577">
        <time>2016-10-26T09:27:48Z</time>
      </trkpt>
      <trkpt lat="26.9241809" lon="75.8269577">
        <time>2016-10-26T09:27:53Z</time>
      </trkpt>
      <trkpt lat="26.9241924" lon="75.8269729">
        <time>2016-10-26T09:27:58Z</time>
      </trkpt>
      <trkpt lat="26.9242038" lon="75.8269729">
        <time>2016-10-26T09:28:03Z</time>
      </trkpt>
      <trkpt lat="26.9242153" lon="75.8269729">
        <time>2016-10-26T09:28:08Z</time>
      </trkpt>
      <trkpt lat="26.9242305" lon="75.8269653">
        <time>2016-10-26T09:28:13Z</time>
      </trkpt>
      <trkpt lat="26.9242153" lon="75.8269577">
        <time>2016-10-26T09:28:18Z</time>
      </trkpt>
      <trkpt lat="26.9242191" lon="75.8269500">
        <time>2016-10-26T09:28:23Z</time>
      </trkpt>
      <trkpt lat="26.9242172" lon="75.8269500">
        <time>2016-10-26T09:28:28Z</time>
      </trkpt>
      <trkpt lat="26.9242115" lon="75.8269424">
        <time>2016-10-26T09:28:33Z</time>
      </trkpt>
      <trkpt lat="26.9242057" lon="75.8269348">
        <time>2016-10-26T09:28:38Z</time>
      </trkpt>
      <trkpt lat="26.9241790" lon="75.8269348">
        <time>2016-10-26T09:28:43Z</time>
      </trkpt>
      <trkpt lat="26.9241333" lon="75.8269348">
        <time>2016-10-26T09:28:48Z</time>
      </trkpt>
      <trkpt lat="26.9241123" lon="75.8269119">
        <time>2016-10-26T09:28:53Z</time>
      </trkpt>
      <trkpt lat="26.9240875" lon="75.8269195">
        <time>2016-10-26T09:28:58Z</time>
      </trkpt>
      <trkpt lat="26.9240589" lon="75.8269271">
        <time>2016-10-26T09:29:03Z</time>
      </trkpt>
      <trkpt lat="26.9240379" lon="75.8269348">
        <time>2016-10-26T09:29:08Z</time>
      </trkpt>
      <trkpt lat="26.9240455" lon="75.8269424">
        <time>2016-10-26T09:29:13Z</time>
      </trkpt>
      <trkpt lat="26.9240417" lon="75.8269424">
        <time>2016-10-26T09:29:18Z</time>
      </trkpt>
      <trkpt lat="26.9240417" lon="75.8269424">
        <time>2016-10-26T09:29:23Z</time>
      </trkpt>
      <trkpt lat="26.9240417" lon="75.8269424">
        <time>2016-10-26T09:29:28Z</time>
      </trkpt>
      <trkpt lat="26.9240417" lon="75.8269424">
        <time>2016-10-26T09:29:33Z</time>
      </trkpt>
      <trkpt lat="26.9240436" lon="75.8269424">
        <time>2016-10-26T09:29:38Z</time>
      </trkpt>
      <trkpt lat="26.9240436" lon="75.8269424">
        <time>2016-10-26T09:29:43Z</time>
      </trkpt>
      <trkpt lat="26.9240436" lon="75.8269424">
        <time>2016-10-26T09:29:48Z</time>
      </trkpt>
      <trkpt lat="26.9240436" lon="75.8269424">
        <time>2016-10-26T09:29:53Z</time>
      </trkpt>
      <trkpt lat="26.9240436" lon="75.8269424">
        <time>2016-10-26T09:29:58Z</time>
      </trkpt>
      <trkpt lat="26.9240436" lon="75.8269424">
        <time>2016-10-26T09:30:03Z</time>
      </trkpt>
      <trkpt lat="26.9240436" lon="75.8269424">
        <time>2016-10-26T09:30:08Z</time>
      </trkpt>
      <trkpt lat="26.9240436" lon="75.8269424">
        <time>2016-10-26T09:30:13Z</time>
      </trkpt>
      <trkpt lat="26.9240455" lon="75.8269424">
        <time>2016-10-26T09:30:18Z</time>
      </trkpt>
      <trkpt lat="26.9240455" lon="75.8269424">
        <time>2016-10-26T09:30:23Z</time>
      </trkpt>
      <trkpt lat="26.9240455" lon="75.8269424">
        <time>2016-10-26T09:30:28Z</time>
      </trkpt>
      <trkpt lat="26.9240474" lon="75.8269348">
        <time>2016-10-26T09:30:33Z</time>
      </trkpt>
      <trkpt lat="26.9240474" lon="75.8269348">
        <time>2016-10-26T09:30:38Z</time>
      </trkpt>
      <trkpt lat="26.9240474" lon="75.8269348">
        <time>2016-10-26T09:30:43Z</time>
      </trkpt>
      <trkpt lat="26.9240474" lon="75.8269348">
        <time>2016-10-26T09:30:48Z</time>
      </trkpt>
      <trkpt lat="26.9240474" lon="75.8269348">
        <time>2016-10-26T09:30:53Z</time>
      </trkpt>
      <trkpt lat="26.9240474" lon="75.8269348">
        <time>2016-10-26T09:30:58Z</time>
      </trkpt>
      <trkpt lat="26.9240474" lon="75.8269348">
        <time>2016-10-26T09:31:03Z</time>
      </trkpt>
      <trkpt lat="26.9240474" lon="75.8269348">
        <time>2016-10-26T09:31:08Z</time>
      </trkpt>
      <trkpt lat="26.9240455" lon="75.8269348">
        <time>2016-10-26T09:31:13Z</time>
      </trkpt>
      <trkpt lat="26.9240398" lon="75.8269271">
        <time>2016-10-26T09:31:18Z</time>
      </trkpt>
      <trkpt lat="26.9240341" lon="75.8269271">
        <time>2016-10-26T09:31:23Z</time>
      </trkpt>
      <trkpt lat="26.9239864" lon="75.8269195">
        <time>2016-10-26T09:31:28Z</time>
      </trkpt>
      <trkpt lat="26.9239044" lon="75.8268737">
        <time>2016-10-26T09:31:33Z</time>
      </trkpt>
      <trkpt lat="26.9238777" lon="75.8268356">
        <time>2016-10-26T09:31:38Z</time>
      </trkpt>
      <trkpt lat="26.9238414" lon="75.8268508">
        <time>2016-10-26T09:31:43Z</time>
      </trkpt>
      <trkpt lat="26.9238357" lon="75.8268661">
        <time>2016-10-26T09:31:48Z</time>
      </trkpt>
      <trkpt lat="26.9238395" lon="75.8268737">
        <time>2016-10-26T09:31:53Z</time>
      </trkpt>
      <trkpt lat="26.9238452" lon="75.8268814">
        <time>2016-10-26T09:31:58Z</time>
      </trkpt>
      <trkpt lat="26.9238510" lon="75.8268814">
        <time>2016-10-26T09:32:03Z</time>
      </trkpt>
      <trkpt lat="26.9238567" lon="75.8268890">
        <time>2016-10-26T09:32:08Z</time>
      </trkpt>
    </trkseg>
  </trk>
</gpx>
