<?xml version="1.0" encoding="UTF-8"?>
<gpx version="1.0" creator="OpenStreetMap.org" xmlns="http://www.topografix.com/GPX/1/0">
  <trk>
    <trkseg>
      <trkpt lat="26.9240036" lon="75.8202012">
        <time>2020-02-20T08:23:46Z</time>
      </trkpt>
      <trkpt lat="26.9240059" lon="75.8202007">
        <time>2020-02-20T08:23:52Z</time>
      </trkpt>
      <trkpt lat="26.9240064" lon="75.8202010">
        <time>2020-02-20T08:23:58Z</time>
      </trkpt>
      <trkpt lat="26.9240043" lon="75.8202030">
        <time>2020-02-20T08:24:04Z</time>
      </trkpt>
      <trkpt lat="26.9239968" lon="75.8202063">
        <time>2020-02-20T08:24:10Z</time>
      </trkpt>
      <trkpt lat="26.9240059" lon="75.8201942">
        <time>2020-02-20T08:24:16Z</time>
      </trkpt>
      <trkpt lat="26.9240472" lon="75.8201959">
        <time>2020-02-20T08:24:22Z</time>
      </trkpt>
      <trkpt lat="26.9240749" lon="75.8201778">
        <time>2020-02-20T08:24:28Z</time>
      </trkpt>
      <trkpt lat="26.9241205" lon="75.8201711">
        <time>2020-02-20T08:24:34Z</time>
      </trkpt>
      <trkpt lat="26.9241581" lon="75.8201648">
        <time>2020-02-20T08:24:40Z</time>
      </trkpt>
      <trkpt lat="26.9241700" lon="75.8201507">
        <time>2020-02-20T08:24:46Z</time>
      </trkpt>
      <trkpt lat="26.9241691" lon="75.8201520">
        <time>2020-02-20T08:24:51Z</time>
      </trkpt>
      <trkpt lat="26.9241745" lon="75.8201572">
        <time>2020-02-20T08:24:57Z</time>
      </trkpt>
      <trkpt lat="26.9241744" lon="75.8201580">
        <time>2020-02-20T08:25:03Z</time>
      </trkpt>
      <trkpt lat="26.9241743" lon="75.8201582">
        <time>2020-02-20T08:25:09Z</time>
      </trkpt>
      <trkpt lat="26.9241742" lon="75.8201584">
        <time>2020-02-20T08:25:15Z</time>
      </trkpt>
      <trkpt lat="26.9241742" lon="75.8201585">
        <time>2020-02-20T08:25:21Z</time>
      </trkpt>
      <trkpt lat="26.9241742" lon="75.8201585">
        <time>2020-02-20T08:25:27Z</time>
      </trkpt>
      <trkpt lat="26.9241847" lon="75.8201641">
        <time>2020-02-20T08:25:33Z</time>
      </trkpt>
      <trkpt lat="26.9241878" lon="75.8201802">
        <time>2020-02-20T08:25:39Z</time>
      </trkpt>
      <trkpt lat="26.9241784" lon="75.8201825">
        <time>2020-02-20T08:25:45Z</time>
      </trkpt>
      <trkpt lat="26.9241867" lon="75.8201690">
        <time>2020-02-20T08:25:51Z</time>
      </trkpt>
      <trkpt lat="26.9241878" lon="75.8201808">
        <time>2020-02-20T08:25:57Z</time>
      </trkpt>
      <trkpt lat="26.9241880" lon="75.8201861">
        <time>2020-02-20T08:26:03Z</time>
      </trkpt>
      <trkpt lat="26.9241904" lon="75.8201839">
        <time>2020-02-20T08:26:09Z</time>
      </trkpt>
      <trkpt lat="26.9241915" lon="75.8201803">
        <time>2020-02-20T08:26:15Z</time>
      </trkpt>
      <trkpt lat="26.9241992" lon="75.8201850">
        <time>2020-02-20T08:26:21Z</time>
      </trkpt>
      <trkpt lat="26.9241994" lon="75.8201851">
        <time>2020-02-20T08:26:27Z</time>
      </trkpt>
      <trkpt lat="26.9241994" lon="75.8201851">
        <time>2020-02-20T08:26:33Z</time>
      </trkpt>
      <trkpt lat="26.9241993" lon="75.8201852">
        <time>2020-02-20T08:26:39Z</time>
      </trkpt>
      <trkpt lat="26.9242018" lon="75.8201909">
        <time>2020-02-20T08:26:45Z</time>
      </trkpt>
      <trkpt lat="26.9242106" lon="75.8201967">
        <time>2020-02-20T08:26:51Z</time>
      </trkpt>
      <trkpt lat="26.9242110" lon="75.8202000">
        <time>2020-02-20T08:26:57Z</time>
      </trkpt>
      <trkpt lat="26.9242109" lon="75.8202002">
        <time>2020-02-20T08:27:02Z</time>
      </trkpt>
      <trkpt lat="26.9242110" lon="75.8202013">
        <time>2020-02-20T08:27:08Z</time>
      </trkpt>
      <trkpt lat="26.9242110" lon="75.8202014">
        <time>2020-02-20T08:27:14Z</time>
      </trkpt>
      <trkpt lat="26.9242110" lon="75.8202013">
        <time>2020-02-20T08:27:20Z</time>
      </trkpt>
      <trkpt lat="26.9241923" lon="75.8201969">
        <time>2020-02-20T08:27:26Z</time>
      </trkpt>
      <trkpt lat="26.9241779" lon="75.8201991">
        <time>2020-02-20T08:27:32Z</time>
      </trkpt>
      <trkpt lat="26.9241697" lon="75.8201944">
        <time>2020-02-20T08:27:38Z</time>
      </trkpt>
      <trkpt lat="26.9241723" lon="75.8202021">
        <time>2020-02-20T08:27:44Z</time>
      </trkpt>
      <trkpt lat="26.9241447" lon="75.8201848">
        <time>2020-02-20T08:27:50Z</time>
      </trkpt>
      <trkpt lat="26.9241158" lon="75.8201839">
        <time>2020-02-20T08:27:56Z</time>
      </trkpt>
      <trkpt lat="26.9240853" lon="75.8201819">
        <time>2020-02-20T08:28:02Z</time>
      </trkpt>
      <trkpt lat="26.9240667" lon="75.8201844">
        <time>2020-02-20T08:28:08Z</time>
      </trkpt>
      <trkpt lat="26.9240470" lon="75.8201827">
        <time>2020-02-20T08:28:14Z</time>
      </trkpt>
      <trkpt lat="26.9240199" lon="75.8201966">
        <time>2020-02-20T08:28:20Z</time>
      </trkpt>
      <trkpt lat="26.9240180" lon="75.8201952">
        <time>2020-02-20T08:28:26Z</time>
      </trkpt>
      <trkpt lat="26.9240170" lon="75.8201915">
        <time>2020-02-20T08:28:32Z</time>
      </trkpt>
      <trkpt lat="26.9240170" lon="75.8201915">
        <time>2020-02-20T08:28:38Z</time>
      </trkpt>
      <trkpt lat="26.9240169" lon="75.8201915">
        <time>2020-02-20T08:28:44Z</time>
      </trkpt>
      <trkpt lat="26.9240168" lon="75.8201914">
        <time>2020-02-20T08:28:50Z</time>
      </trkpt>
      <trkpt lat="26.9240167" lon="75.8201914">
        <time>2020-02-20T08:28:56Z</time>
      </trkpt>
      <trkpt lat="26.9240167" lon="75.8201915">
        <time>2020-02-20T08:29:01Z</time>
      </trkpt>
      <trkpt lat="26.9240166" lon="75.8201915">
        <time>2020-02-20T08:29:07Z</time>
      </trkpt>
      <trkpt lat="26.9240165" lon="75.8201915">
        <time>2020-02-20T08:29:12Z</time>
      </trkpt>
      <trkpt lat="26.9240172" lon="75.8201973">
        <time>2020-02-20T08:29:18Z</time>
      </trkpt>
      <trkpt lat="26.9239953" lon="75.8202033">
        <time>2020-02-20T08:29:24Z</time>
      </trkpt>
      <trkpt lat="26.9239809" lon="75.8202092">
        <time>2020-02-20T08:29:29Z</time>
      </trkpt>
      <trkpt lat="26.9239702" lon="75.8202006">
        <time>2020-02-20T08:29:34Z</time>
      </trkpt>
      <trkpt lat="26.9239726" lon="75.8202012">
        <time>2020-02-20T08:29:40Z</time>
      </trkpt>
      <trkpt lat="26.9239723" lon="75.8202021">
        <time>2020-02-20T08:29:46Z</time>
      </trkpt>
      <trkpt lat="26.9239766" lon="75.8202261">
        <time>2020-02-20T08:29:52Z</time>
      </trkpt>
      <trkpt lat="26.9239859" lon="75.8202037">
        <time>2020-02-20T08:29:58Z</time>
      </trkpt>
      <trkpt lat="26.9239764" lon="75.8202052">
        <time>2020-02-20T08:30:04Z</time>
      </trkpt>
      <trkpt lat="26.9239807" lon="75.8202048">
        <time>2020-02-20T08:30:10Z</time>
      </trkpt>
      <trkpt lat="26.9239947" lon="75.8202204">
        <time>2020-02-20T08:30:16Z</time>
      </trkpt>
      <trkpt lat="26.9240334" lon="75.8202407">
        <time>2020-02-20T08:30:22Z</time>
      </trkpt>
      <trkpt lat="26.9240444" lon="75.8202318">
        <time>2020-02-20T08:30:28Z</time>
      </trkpt>
      <trkpt lat="26.9240456" lon="75.8202792">
        <time>2020-02-20T08:30:34Z</time>
      </trkpt>
      <trkpt lat="26.9240654" lon="75.8203251">
        <time>2020-02-20T08:30:40Z</time>
      </trkpt>
      <trkpt lat="26.9240678" lon="75.8203501">
        <time>2020-02-20T08:30:46Z</time>
      </trkpt>
      <trkpt lat="26.9240605" lon="75.8203454">
        <time>2020-02-20T08:30:52Z</time>
      </trkpt>
      <trkpt lat="26.9240449" lon="75.8203734">
        <time>2020-02-20T08:30:58Z</time>
      </trkpt>
      <trkpt lat="26.9240327" lon="75.8203697">
        <time>2020-02-20T08:31:04Z</time>
      </trkpt>
      <trkpt lat="26.9240338" lon="75.8203712">
        <time>2020-02-20T08:31:10Z</time>
      </trkpt>
      <trkpt lat="26.9240339" lon="75.8203728">
        <time>2020-02-20T08:31:16Z</time>
      </trkpt>
      <trkpt lat="26.9240338" lon="75.8203740">
        <time>2020-02-20T08:31:21Z</time>
      </trkpt>
      <trkpt lat="26.9240340" lon="75.8203746">
        <time>2020-02-20T08:31:26Z</time>
      </trkpt>
      <trkpt lat="26.9240339" lon="75.8203744">
        <time>2020-02-20T08:31:32Z</time>
      </trkpt>
      <trkpt lat="26.9240340" lon="75.8203745">
        <time>2020-02-20T08:31:38Z</time>
      </trkpt>
      <trkpt lat="26.9240340" lon="75.8203745">
        <time>2020-02-20T08:31:44Z</time>
      </trkpt>
      <trkpt lat="26.9240340" lon="75.8203745">
        <time>2020-02-20T08:31:50Z</time>
      </trkpt>
      <trkpt lat="26.9240341" lon="75.8203744">
        <time>2020-02-20T08:31:56Z</time>
      </trkpt>
      <trkpt lat="26.9240343" lon="75.8203748">
        <time>2020-02-20T08:32:02Z</time>
      </trkpt>
      <trkpt lat="26.9240345" lon="75.8203746">
        <time>2020-02-20T08:32:08Z</time>
      </trkpt>
      <trkpt lat="26.9240344" lon="75.8203747">
        <time>2020-02-20T08:32:14Z</time>
      </trkpt>
      <trkpt lat="26.9240345" lon="75.8203747">
        <time>2020-02-20T08:32:19Z</time>
      </trkpt>
      <trkpt lat="26.9240346" lon="75.8203751">
        <time>2020-02-20T08:32:25Z</time>
      </trkpt>
      <trkpt lat="26.9240347" lon="75.8203751">
        <time>2020-02-20T08:32:30Z</time>
      </trkpt>
      <trkpt lat="26.9240346" lon="75.8203751">
        <time>2020-02-20T08:32:36Z</time>
      </trkpt>
      <trkpt lat="26.9240347" lon="75.8203750">
        <time>2020-02-20T08:32:42Z</time>
      </trkpt>
      <trkpt lat="26.9240352" lon="75.8203767">
        <time>2020-02-20T08:32:48Z</time>
      </trkpt>
      <trkpt lat="26.9240353" lon="75.8203770">
        <time>2020-02-20T08:32:54Z</time>
      </trkpt>
      <trkpt lat="26.9240354" lon="75.8203773">
        <time>2020-02-20T08:33:00Z</time>
      </trkpt>
      <trkpt lat="26.9240354" lon="75.8203773">
        <time>2020-02-20T08:33:05Z</time>
      </trkpt>
      <trkpt lat="26.9240353" lon="75.8203772">
        <time>2020-02-20T08:33:11Z</time>
      </trkpt>
      <trkpt lat="26.9240353" lon="75.8203772">
        <time>2020-02-20T08:33:17Z</time>
      </trkpt>
      <trkpt lat="26.9240354" lon="75.8203773">
        <time>2020-02-20T08:33:23Z</time>
      </trkpt>
      <trkpt lat="26.9240354" lon="75.8203774">
        <time>2020-02-20T08:33:29Z</time>
      </trkpt>
      <trkpt lat="26.9240354" lon="75.8203774">
        <time>2020-02-20T08:33:35Z</time>
      </trkpt>
      <trkpt lat="26.9240356" lon="75.8203776">
        <time>2020-02-20T08:33:41Z</time>
      </trkpt>
      <trkpt lat="26.9240356" lon="75.8203776">
        <time>2020-02-20T08:33:47Z</time>
      </trkpt>
      <trkpt lat="26.9240357" lon="75.8203777">
        <time>2020-02-20T08:33:53Z</time>
      </trkpt>
      <trkpt lat="26.9240357" lon="75.8203777">
        <time>2020-02-20T08:33:59Z</time>
      </trkpt>
      <trkpt lat="26.9240358" lon="75.8203778">
        <time>2020-02-20T08:34:05Z</time>
      </trkpt>
      <trkpt lat="26.9240358" lon="75.8203778">
        <time>2020-02-20T08:34:11Z</time>
      </trkpt>
      <trkpt lat="26.9240358" lon="75.8203779">
        <time>2020-02-20T08:34:17Z</time>
      </trkpt>
      <trkpt lat="26.9240358" lon="75.8203779">
        <time>2020-02-20T08:34:23Z</time>
      </trkpt>
      <trkpt lat="26.9240359" lon="75.8203781">
        <time>2020-02-20T08:34:29Z</time>
      </trkpt>
      <trkpt lat="26.9240359" lon="75.8203781">
        <time>2020-02-20T08:34:35Z</time>
      </trkpt>
      <trkpt lat="26.9240358" lon="75.8203782">
        <time>2020-02-20T08:34:41Z</time>
      </trkpt>
      <trkpt lat="26.9240359" lon="75.8203782">
        <time>2020-02-20T08:34:47Z</time>
      </trkpt>
      <trkpt lat="26.9240359" lon="75.8203782">
        <time>2020-02-20T08:34:53Z</time>
      </trkpt>
      <trkpt lat="26.9240359" lon="75.8203781">
        <time>2020-02-20T08:34:59Z</time>
      </trkpt>
      <trkpt lat="26.9240359" lon="75.8203782">
        <time>2020-02-20T08:35:05Z</time>
      </trkpt>
      <trkpt lat="26.9240360" lon="75.8203783">
        <time>2020-02-20T08:35:11Z</time>
      </trkpt>
      <trkpt lat="26.9240360" lon="75.8203783">
        <time>2020-02-20T08:35:17Z</time>
      </trkpt>
      <trkpt lat="26.9240360" lon="75.8203783">
        <time>2020-02-20T08:35:23Z</time>
      </trkpt>
      <trkpt lat="26.9240360" lon="75.8203784">
        <time>2020-02-20T08:35:29Z</time>
      </trkpt>
      <trkpt lat="26.9240361" lon="75.8203784">
        <time>2020-02-20T08:35:35Z</time>
      </trkpt>
      <trkpt lat="26.9240361" lon="75.8203785">
        <time>2020-02-20T08:35:40Z</time>
      </trkpt>
      <trkpt lat="26.9240361" lon="75.8203786">
        <time>2020-02-20T08:35:46Z</time>
      </trkpt>
      <trkpt lat="26.9240361" lon="75.8203785">
        <time>2020-02-20T08:35:52Z</time>
      </trkpt>
      <trkpt lat="26.9240362" lon="75.8203785">
        <time>2020-02-20T08:35:58Z</time>
      </trkpt>
      <trkpt lat="26.9240362" lon="75.8203785">
        <time>2020-02-20T08:36:04Z</time>
      </trkpt>
      <trkpt lat="26.9240362" lon="75.8203786">
        <time>2020-02-20T08:36:10Z</time>
      </trkpt>
      <trkpt lat="26.9240362" lon="75.8203787">
        <time>2020-02-20T08:36:16Z</time>
      </trkpt>
      <trkpt lat="26.9240363" lon="75.8203787">
        <time>2020-02-20T08:36:22Z</time>
      </trkpt>
      <trkpt lat="26.9240365" lon="75.8203786">
        <time>2020-02-20T08:36:28Z</time>
      </trkpt>
      <trkpt lat="26.9240366" lon="75.8203786">
        <time>2020-02-20T08:36:34Z</time>
      </trkpt>
      <trkpt lat="26.9240367" lon="75.8203786">
        <time>2020-02-20T08:36:40Z</time>
      </trkpt>
      <trkpt lat="26.9240368" lon="75.8203786">
        <time>2020-02-20T08:36:46Z</time>
      </trkpt>
      <trkpt lat="26.9240368" lon="75.8203785">
        <time>2020-02-20T08:36:52Z</time>
      </trkpt>
      <trkpt lat="26.9240369" lon="75.8203785">
        <time>2020-02-20T08:36:58Z</time>
      </trkpt>
      <trkpt lat="26.9240370" lon="75.8203783">
        <time>2020-02-20T08:37:03Z</time>
      </trkpt>
      <trkpt lat="26.9240371" lon="75.8203781">
        <time>2020-02-20T08:37:08Z</time>
      </trkpt>
      <trkpt lat="26.9240372" lon="75.8203780">
        <time>2020-02-20T08:37:14Z</time>
      </trkpt>
      <trkpt lat="26.9240373" lon="75.8203780">
        <time>2020-02-20T08:37:19Z</time>
      </trkpt>
      <trkpt lat="26.9240373" lon="75.8203780">
        <time>2020-02-20T08:37:25Z</time>
      </trkpt>
      <trkpt lat="26.9240373" lon="75.8203781">
        <time>2020-02-20T08:37:31Z</time>
      </trkpt>
      <trkpt lat="26.9240373" lon="75.8203780">
        <time>2020-02-20T08:37:37Z</time>
      </trkpt>
      <trkpt lat="26.9240476" lon="75.8203755">
        <time>2020-02-20T08:37:43Z</time>
      </trkpt>
      <trkpt lat="26.9240444" lon="75.8203806">
        <time>2020-02-20T08:37:49Z</time>
      </trkpt>
      <trkpt lat="26.9240543" lon="75.8203654">
        <time>2020-02-20T08:37:55Z</time>
      </trkpt>
      <trkpt lat="26.9240802" lon="75.8203727">
        <time>2020-02-20T08:38:01Z</time>
      </trkpt>
      <trkpt lat="26.9241581" lon="75.8203790">
        <time>2020-02-20T08:38:07Z</time>
      </trkpt>
      <trkpt lat="26.9241853" lon="75.8203757">
        <time>2020-02-20T08:38:13Z</time>
      </trkpt>
      <trkpt lat="26.9241923" lon="75.8203749">
        <time>2020-02-20T08:38:19Z</time>
      </trkpt>
      <trkpt lat="26.9241917" lon="75.8203725">
        <time>2020-02-20T08:38:24Z</time>
      </trkpt>
      <trkpt lat="26.9241942" lon="75.8203566">
        <time>2020-02-20T08:38:29Z</time>
      </trkpt>
      <trkpt lat="26.9242022" lon="75.8203519">
        <time>2020-02-20T08:38:35Z</time>
      </trkpt>
      <trkpt lat="26.9241983" lon="75.8203663">
        <time>2020-02-20T08:38:41Z</time>
      </trkpt>
      <trkpt lat="26.9241987" lon="75.8203718">
        <time>2020-02-20T08:38:47Z</time>
      </trkpt>
      <trkpt lat="26.9241971" lon="75.8203730">
        <time>2020-02-20T08:38:53Z</time>
      </trkpt>
      <trkpt lat="26.9241967" lon="75.8203731">
        <time>2020-02-20T08:38:59Z</time>
      </trkpt>
      <trkpt lat="26.9241947" lon="75.8203743">
        <time>2020-02-20T08:39:05Z</time>
      </trkpt>
      <trkpt lat="26.9241458" lon="75.8204433">
        <time>2020-02-20T08:39:11Z</time>
      </trkpt>
      <trkpt lat="26.9241073" lon="75.8204926">
        <time>2020-02-20T08:39:16Z</time>
      </trkpt>
      <trkpt lat="26.9241024" lon="75.8205458">
        <time>2020-02-20T08:39:22Z</time>
      </trkpt>
      <trkpt lat="26.9241126" lon="75.8206472">
        <time>2020-02-20T08:39:28Z</time>
      </trkpt>
      <trkpt lat="26.9241332" lon="75.8206990">
        <time>2020-02-20T08:39:34Z</time>
      </trkpt>
      <trkpt lat="26.9241831" lon="75.8207820">
        <time>2020-02-20T08:39:40Z</time>
      </trkpt>
      <trkpt lat="26.9241904" lon="75.8208411">
        <time>2020-02-20T08:39:45Z</time>
      </trkpt>
      <trkpt lat="26.9241354" lon="75.8208616">
        <time>2020-02-20T08:39:51Z</time>
      </trkpt>
      <trkpt lat="26.9241477" lon="75.8208967">
        <time>2020-02-20T08:39:57Z</time>
      </trkpt>
      <trkpt lat="26.9241322" lon="75.8209299">
        <time>2020-02-20T08:40:03Z</time>
      </trkpt>
      <trkpt lat="26.9241486" lon="75.8209757">
        <time>2020-02-20T08:40:09Z</time>
      </trkpt>
      <trkpt lat="26.9241558" lon="75.8210306">
        <time>2020-02-20T08:40:15Z</time>
      </trkpt>
      <trkpt lat="26.9241267" lon="75.8210722">
        <time>2020-02-20T08:40:21Z</time>
      </trkpt>
      <trkpt lat="26.9240750" lon="75.8211089">
        <time>2020-02-20T08:40:27Z</time>
      </trkpt>
      <trkpt lat="26.9240533" lon="75.8211280">
        <time>2020-02-20T08:40:33Z</time>
      </trkpt>
      <trkpt lat="26.9240340" lon="75.8211573">
        <time>2020-02-20T08:40:39Z</time>
      </trkpt>
      <trkpt lat="26.9240309" lon="75.8212018">
        <time>2020-02-20T08:40:45Z</time>
      </trkpt>
      <trkpt lat="26.9240133" lon="75.8212474">
        <time>2020-02-20T08:40:51Z</time>
      </trkpt>
      <trkpt lat="26.9239872" lon="75.8212992">
        <time>2020-02-20T08:40:57Z</time>
      </trkpt>
      <trkpt lat="26.9240040" lon="75.8213659">
        <time>2020-02-20T08:41:03Z</time>
      </trkpt>
      <trkpt lat="26.9240180" lon="75.8213669">
        <time>2020-02-20T08:41:08Z</time>
      </trkpt>
      <trkpt lat="26.9240054" lon="75.8213896">
        <time>2020-02-20T08:41:14Z</time>
      </trkpt>
      <trkpt lat="26.9240034" lon="75.8213924">
        <time>2020-02-20T08:41:20Z</time>
      </trkpt>
      <trkpt lat="26.9240041" lon="75.8213936">
        <time>2020-02-20T08:41:26Z</time>
      </trkpt>
      <trkpt lat="26.9240040" lon="75.8214316">
        <time>2020-02-20T08:41:32Z</time>
      </trkpt>
      <trkpt lat="26.9239744" lon="75.8215665">
        <time>2020-02-20T08:41:37Z</time>
      </trkpt>
      <trkpt lat="26.9239504" lon="75.8216366">
        <time>2020-02-20T08:41:43Z</time>
      </trkpt>
      <trkpt lat="26.9239394" lon="75.8216899">
        <time>2020-02-20T08:41:49Z</time>
      </trkpt>
      <trkpt lat="26.9239316" lon="75.8217567">
        <time>2020-02-20T08:41:55Z</time>
      </trkpt>
      <trkpt lat="26.9239226" lon="75.8217603">
        <time>2020-02-20T08:42:01Z</time>
      </trkpt>
      <trkpt lat="26.9239089" lon="75.8217760">
        <time>2020-02-20T08:42:07Z</time>
      </trkpt>
      <trkpt lat="26.9239093" lon="75.8217776">
        <time>2020-02-20T08:42:13Z</time>
      </trkpt>
      <trkpt lat="26.9238926" lon="75.8218403">
        <time>2020-02-20T08:42:19Z</time>
      </trkpt>
      <trkpt lat="26.9238853" lon="75.8218861">
        <time>2020-02-20T08:42:24Z</time>
      </trkpt>
      <trkpt lat="26.9238506" lon="75.8219510">
        <time>2020-02-20T08:42:30Z</time>
      </trkpt>
      <trkpt lat="26.9238271" lon="75.8219946">
        <time>2020-02-20T08:42:35Z</time>
      </trkpt>
      <trkpt lat="26.9238249" lon="75.8220394">
        <time>2020-02-20T08:42:41Z</time>
      </trkpt>
      <trkpt lat="26.9238192" lon="75.8220890">
        <time>2020-02-20T08:42:47Z</time>
      </trkpt>
      <trkpt lat="26.9238145" lon="75.8221148">
        <time>2020-02-20T08:42:52Z</time>
      </trkpt>
      <trkpt lat="26.9238143" lon="75.8221260">
        <time>2020-02-20T08:42:58Z</time>
      </trkpt>
      <trkpt lat="26.9238158" lon="75.8221269">
        <time>2020-02-20T08:43:04Z</time>
      </trkpt>
      <trkpt lat="26.9237922" lon="75.8221503">
        <time>2020-02-20T08:43:10Z</time>
      </trkpt>
      <trkpt lat="26.9238194" lon="75.8222466">
        <time>2020-02-20T08:43:16Z</time>
      </trkpt>
      <trkpt lat="26.9238188" lon="75.8223240">
        <time>2020-02-20T08:43:22Z</time>
      </trkpt>
      <trkpt lat="26.9238061" lon="75.8223498">
        <time>2020-02-20T08:43:27Z</time>
      </trkpt>
      <trkpt lat="26.9238008" lon="75.8223730">
        <time>2020-02-20T08:43:33Z</time>
      </trkpt>
      <trkpt lat="26.9238009" lon="75.8223872">
        <time>2020-02-20T08:43:39Z</time>
      </trkpt>
      <trkpt lat="26.9238033" lon="75.8224232">
        <time>2020-02-20T08:43:45Z</time>
      </trkpt>
      <trkpt lat="26.9237948" lon="75.8224387">
        <time>2020-02-20T08:43:51Z</time>
      </trkpt>
      <trkpt lat="26.9237718" lon="75.8224456">
        <time>2020-02-20T08:43:57Z</time>
      </trkpt>
      <trkpt lat="26.9237730" lon="75.8224532">
        <time>2020-02-20T08:44:03Z</time>
      </trkpt>
      <trkpt lat="26.9237412" lon="75.8224860">
        <time>2020-02-20T08:44:09Z</time>
      </trkpt>
      <trkpt lat="26.9237343" lon="75.8225020">
        <time>2020-02-20T08:44:15Z</time>
      </trkpt>
      <trkpt lat="26.9237358" lon="75.8224996">
        <time>2020-02-20T08:44:21Z</time>
      </trkpt>
      <trkpt lat="26.9237135" lon="75.8224886">
        <time>2020-02-20T08:44:27Z</time>
      </trkpt>
      <trkpt lat="26.9236931" lon="75.8224978">
        <time>2020-02-20T08:44:33Z</time>
      </trkpt>
      <trkpt lat="26.9236928" lon="75.8225346">
        <time>2020-02-20T08:44:39Z</time>
      </trkpt>
      <trkpt lat="26.9236829" lon="75.8225396">
        <time>2020-02-20T08:44:45Z</time>
      </trkpt>
      <trkpt lat="26.9236436" lon="75.8225575">
        <time>2020-02-20T08:44:51Z</time>
      </trkpt>
      <trkpt lat="26.9236584" lon="75.8226265">
        <time>2020-02-20T08:44:57Z</time>
      </trkpt>
      <trkpt lat="26.9236526" lon="75.8226376">
        <time>2020-02-20T08:45:03Z</time>
      </trkpt>
      <trkpt lat="26.9236536" lon="75.8226678">
        <time>2020-02-20T08:45:09Z</time>
      </trkpt>
      <trkpt lat="26.9236453" lon="75.8226787">
        <time>2020-02-20T08:45:15Z</time>
      </trkpt>
      <trkpt lat="26.9236577" lon="75.8226954">
        <time>2020-02-20T08:45:21Z</time>
      </trkpt>
      <trkpt lat="26.9236918" lon="75.8227459">
        <time>2020-02-20T08:45:27Z</time>
      </trkpt>
      <trkpt lat="26.9237117" lon="75.8227636">
        <time>2020-02-20T08:45:33Z</time>
      </trkpt>
      <trkpt lat="26.9237310" lon="75.8227729">
        <time>2020-02-20T08:45:39Z</time>
      </trkpt>
      <trkpt lat="26.9236983" lon="75.8227954">
        <time>2020-02-20T08:45:45Z</time>
      </trkpt>
      <trkpt lat="26.9237121" lon="75.8228149">
        <time>2020-02-20T08:45:51Z</time>
      </trkpt>
      <trkpt lat="26.9237519" lon="75.8228901">
        <time>2020-02-20T08:45:57Z</time>
      </trkpt>
      <trkpt lat="26.9237303" lon="75.8229501">
        <time>2020-02-20T08:46:03Z</time>
      </trkpt>
      <trkpt lat="26.9236936" lon="75.8230047">
        <time>2020-02-20T08:46:09Z</time>
      </trkpt>
      <trkpt lat="26.9236177" lon="75.8230418">
        <time>2020-02-20T08:46:14Z</time>
      </trkpt>
      <trkpt lat="26.9235984" lon="75.8230662">
        <time>2020-02-20T08:46:20Z</time>
      </trkpt>
      <trkpt lat="26.9235981" lon="75.8230978">
        <time>2020-02-20T08:46:26Z</time>
      </trkpt>
      <trkpt lat="26.9236070" lon="75.8231164">
        <time>2020-02-20T08:46:32Z</time>
      </trkpt>
      <trkpt lat="26.9236167" lon="75.8231181">
        <time>2020-02-20T08:46:38Z</time>
      </trkpt>
      <trkpt lat="26.9236171" lon="75.8231188">
        <time>2020-02-20T08:46:44Z</time>
      </trkpt>
      <trkpt lat="26.9236180" lon="75.8231195">
        <time>2020-02-20T08:46:50Z</time>
      </trkpt>
      <trkpt lat="26.9236180" lon="75.8231197">
        <time>2020-02-20T08:46:56Z</time>
      </trkpt>
      <trkpt lat="26.9236176" lon="75.8231198">
        <time>2020-02-20T08:47:02Z</time>
      </trkpt>
      <trkpt lat="26.9236532" lon="75.8231549">
        <time>2020-02-20T08:47:08Z</time>
      </trkpt>
      <trkpt lat="26.9236415" lon="75.8232331">
        <time>2020-02-20T08:47:14Z</time>
      </trkpt>
      <trkpt lat="26.9236224" lon="75.8232900">
        <time>2020-02-20T08:47:20Z</time>
      </trkpt>
      <trkpt lat="26.9236524" lon="75.8233813">
        <time>2020-02-20T08:47:26Z</time>
      </trkpt>
      <trkpt lat="26.9236471" lon="75.8234462">
        <time>2020-02-20T08:47:32Z</time>
      </trkpt>
      <trkpt lat="26.9236057" lon="75.8235317">
        <time>2020-02-20T08:47:38Z</time>
      </trkpt>
      <trkpt lat="26.9235864" lon="75.8235557">
        <time>2020-02-20T08:47:44Z</time>
      </trkpt>
      <trkpt lat="26.9236324" lon="75.8236006">
        <time>2020-02-20T08:47:50Z</time>
      </trkpt>
      <trkpt lat="26.9235720" lon="75.8236493">
        <time>2020-02-20T08:47:56Z</time>
      </trkpt>
      <trkpt lat="26.9235958" lon="75.8237021">
        <time>2020-02-20T08:48:02Z</time>
      </trkpt>
      <trkpt lat="26.9236006" lon="75.8237254">
        <time>2020-02-20T08:48:07Z</time>
      </trkpt>
      <trkpt lat="26.9236010" lon="75.8237348">
        <time>2020-02-20T08:48:13Z</time>
      </trkpt>
      <trkpt lat="26.9235802" lon="75.8237378">
        <time>2020-02-20T08:48:19Z</time>
      </trkpt>
      <trkpt lat="26.9235786" lon="75.8237436">
        <time>2020-02-20T08:48:25Z</time>
      </trkpt>
      <trkpt lat="26.9235776" lon="75.8237433">
        <time>2020-02-20T08:48:31Z</time>
      </trkpt>
      <trkpt lat="26.9235800" lon="75.8237449">
        <time>2020-02-20T08:48:36Z</time>
      </trkpt>
      <trkpt lat="26.9235796" lon="75.8237454">
        <time>2020-02-20T08:48:42Z</time>
      </trkpt>
      <trkpt lat="26.9235784" lon="75.8237502">
        <time>2020-02-20T08:48:48Z</time>
      </trkpt>
      <trkpt lat="26.9234834" lon="75.8238493">
        <time>2020-02-20T08:48:54Z</time>
      </trkpt>
      <trkpt lat="26.9234405" lon="75.8239716">
        <time>2020-02-20T08:49:01Z</time>
      </trkpt>
      <trkpt lat="26.9234203" lon="75.8240532">
        <time>2020-02-20T08:49:06Z</time>
      </trkpt>
      <trkpt lat="26.9234086" lon="75.8241132">
        <time>2020-02-20T08:49:11Z</time>
      </trkpt>
      <trkpt lat="26.9234096" lon="75.8241856">
        <time>2020-02-20T08:49:17Z</time>
      </trkpt>
      <trkpt lat="26.9234006" lon="75.8242416">
        <time>2020-02-20T08:49:22Z</time>
      </trkpt>
      <trkpt lat="26.9233761" lon="75.8242809">
        <time>2020-02-20T08:49:28Z</time>
      </trkpt>
      <trkpt lat="26.9233722" lon="75.8243001">
        <time>2020-02-20T08:49:33Z</time>
      </trkpt>
      <trkpt lat="26.9233733" lon="75.8243242">
        <time>2020-02-20T08:49:39Z</time>
      </trkpt>
      <trkpt lat="26.9233739" lon="75.8243256">
        <time>2020-02-20T08:49:44Z</time>
      </trkpt>
      <trkpt lat="26.9233443" lon="75.8243570">
        <time>2020-02-20T08:49:50Z</time>
      </trkpt>
      <trkpt lat="26.9233252" lon="75.8244187">
        <time>2020-02-20T08:49:56Z</time>
      </trkpt>
      <trkpt lat="26.9233034" lon="75.8244666">
        <time>2020-02-20T08:50:02Z</time>
      </trkpt>
      <trkpt lat="26.9232940" lon="75.8245204">
        <time>2020-02-20T08:50:08Z</time>
      </trkpt>
      <trkpt lat="26.9233073" lon="75.8245602">
        <time>2020-02-20T08:50:14Z</time>
      </trkpt>
      <trkpt lat="26.9233060" lon="75.8245635">
        <time>2020-02-20T08:50:20Z</time>
      </trkpt>
      <trkpt lat="26.9232916" lon="75.8246769">
        <time>2020-02-20T08:50:26Z</time>
      </trkpt>
      <trkpt lat="26.9232956" lon="75.8247748">
        <time>2020-02-20T08:50:32Z</time>
      </trkpt>
      <trkpt lat="26.9232720" lon="75.8248191">
        <time>2020-02-20T08:50:37Z</time>
      </trkpt>
      <trkpt lat="26.9232382" lon="75.8248982">
        <time>2020-02-20T08:50:43Z</time>
      </trkpt>
      <trkpt lat="26.9232300" lon="75.8249584">
        <time>2020-02-20T08:50:48Z</time>
      </trkpt>
      <trkpt lat="26.9232339" lon="75.8250080">
        <time>2020-02-20T08:50:54Z</time>
      </trkpt>
      <trkpt lat="26.9232490" lon="75.8250956">
        <time>2020-02-20T08:51:00Z</time>
      </trkpt>
      <trkpt lat="26.9232582" lon="75.8251232">
        <time>2020-02-20T08:51:05Z</time>
      </trkpt>
      <trkpt lat="26.9232588" lon="75.8251468">
        <time>2020-02-20T08:51:10Z</time>
      </trkpt>
      <trkpt lat="26.9232282" lon="75.8252127">
        <time>2020-02-20T08:51:16Z</time>
      </trkpt>
      <trkpt lat="26.9232123" lon="75.8252278">
        <time>2020-02-20T08:51:22Z</time>
      </trkpt>
      <trkpt lat="26.9232300" lon="75.8252661">
        <time>2020-02-20T08:51:28Z</time>
      </trkpt>
      <trkpt lat="26.9232202" lon="75.8252662">
        <time>2020-02-20T08:51:33Z</time>
      </trkpt>
      <trkpt lat="26.9232178" lon="75.8252794">
        <time>2020-02-20T08:51:39Z</time>
      </trkpt>
      <trkpt lat="26.9232200" lon="75.8252868">
        <time>2020-02-20T08:51:45Z</time>
      </trkpt>
      <trkpt lat="26.9231864" lon="75.8253196">
        <time>2020-02-20T08:51:51Z</time>
      </trkpt>
      <trkpt lat="26.9231839" lon="75.8253665">
        <time>2020-02-20T08:51:57Z</time>
      </trkpt>
      <trkpt lat="26.9231881" lon="75.8253868">
        <time>2020-02-20T08:52:03Z</time>
      </trkpt>
      <trkpt lat="26.9231732" lon="75.8254488">
        <time>2020-02-20T08:52:09Z</time>
      </trkpt>
      <trkpt lat="26.9231673" lon="75.8255230">
        <time>2020-02-20T08:52:15Z</time>
      </trkpt>
      <trkpt lat="26.9231887" lon="75.8255585">
        <time>2020-02-20T08:52:21Z</time>
      </trkpt>
      <trkpt lat="26.9231975" lon="75.8255900">
        <time>2020-02-20T08:52:27Z</time>
      </trkpt>
      <trkpt lat="26.9232066" lon="75.8256091">
        <time>2020-02-20T08:52:33Z</time>
      </trkpt>
      <trkpt lat="26.9231427" lon="75.8256579">
        <time>2020-02-20T08:52:39Z</time>
      </trkpt>
      <trkpt lat="26.9231554" lon="75.8256924">
        <time>2020-02-20T08:52:45Z</time>
      </trkpt>
      <trkpt lat="26.9231801" lon="75.8257250">
        <time>2020-02-20T08:52:51Z</time>
      </trkpt>
      <trkpt lat="26.9231752" lon="75.8257369">
        <time>2020-02-20T08:52:57Z</time>
      </trkpt>
      <trkpt lat="26.9231747" lon="75.8257376">
        <time>2020-02-20T08:53:03Z</time>
      </trkpt>
      <trkpt lat="26.9231432" lon="75.8257598">
        <time>2020-02-20T08:53:09Z</time>
      </trkpt>
      <trkpt lat="26.9231406" lon="75.8257806">
        <time>2020-02-20T08:53:15Z</time>
      </trkpt>
      <trkpt lat="26.9231309" lon="75.8257849">
        <time>2020-02-20T08:53:21Z</time>
      </trkpt>
      <trkpt lat="26.9231301" lon="75.8257862">
        <time>2020-02-20T08:53:26Z</time>
      </trkpt>
      <trkpt lat="26.9231300" lon="75.8257868">
        <time>2020-02-20T08:53:32Z</time>
      </trkpt>
      <trkpt lat="26.9231316" lon="75.8257909">
        <time>2020-02-20T08:53:38Z</time>
      </trkpt>
      <trkpt lat="26.9230953" lon="75.8259094">
        <time>2020-02-20T08:53:44Z</time>
      </trkpt>
      <trkpt lat="26.9230821" lon="75.8259946">
        <time>2020-02-20T08:53:49Z</time>
      </trkpt>
      <trkpt lat="26.9230558" lon="75.8260559">
        <time>2020-02-20T08:53:55Z</time>
      </trkpt>
      <trkpt lat="26.9230640" lon="75.8261044">
        <time>2020-02-20T08:54:01Z</time>
      </trkpt>
      <trkpt lat="26.9230523" lon="75.8261240">
        <time>2020-02-20T08:54:07Z</time>
      </trkpt>
      <trkpt lat="26.9230383" lon="75.8261528">
        <time>2020-02-20T08:54:13Z</time>
      </trkpt>
      <trkpt lat="26.9229991" lon="75.8261857">
        <time>2020-02-20T08:54:19Z</time>
      </trkpt>
      <trkpt lat="26.9229822" lon="75.8262346">
        <time>2020-02-20T08:54:25Z</time>
      </trkpt>
      <trkpt lat="26.9229632" lon="75.8262700">
        <time>2020-02-20T08:54:31Z</time>
      </trkpt>
      <trkpt lat="26.9229612" lon="75.8262877">
        <time>2020-02-20T08:54:37Z</time>
      </trkpt>
      <trkpt lat="26.9229610" lon="75.8263018">
        <time>2020-02-20T08:54:43Z</time>
      </trkpt>
      <trkpt lat="26.9229642" lon="75.8263134">
        <time>2020-02-20T08:54:48Z</time>
      </trkpt>
      <trkpt lat="26.9229674" lon="75.8263238">
        <time>2020-02-20T08:54:54Z</time>
      </trkpt>
      <trkpt lat="26.9229674" lon="75.8263241">
        <time>2020-02-20T08:55:00Z</time>
      </trkpt>
      <trkpt lat="26.9229674" lon="75.8263242">
        <time>2020-02-20T08:55:05Z</time>
      </trkpt>
      <trkpt lat="26.9229666" lon="75.8263242">
        <time>2020-02-20T08:55:11Z</time>
      </trkpt>
      <trkpt lat="26.9229681" lon="75.8263329">
        <time>2020-02-20T08:55:17Z</time>
      </trkpt>
      <trkpt lat="26.9229649" lon="75.8263390">
        <time>2020-02-20T08:55:23Z</time>
      </trkpt>
      <trkpt lat="26.9229820" lon="75.8263523">
        <time>2020-02-20T08:55:29Z</time>
      </trkpt>
      <trkpt lat="26.9229818" lon="75.8263610">
        <time>2020-02-20T08:55:35Z</time>
      </trkpt>
      <trkpt lat="26.9230006" lon="75.8263615">
        <time>2020-02-20T08:55:41Z</time>
      </trkpt>
      <trkpt lat="26.9230526" lon="75.8263718">
        <time>2020-02-20T08:55:47Z</time>
      </trkpt>
      <trkpt lat="26.9230902" lon="75.8263955">
        <time>2020-02-20T08:55:53Z</time>
      </trkpt>
      <trkpt lat="26.9231518" lon="75.8263928">
        <time>2020-02-20T08:55:59Z</time>
      </trkpt>
      <trkpt lat="26.9231821" lon="75.8263969">
        <time>2020-02-20T08:56:05Z</time>
      </trkpt>
      <trkpt lat="26.9231797" lon="75.8264019">
        <time>2020-02-20T08:56:11Z</time>
      </trkpt>
      <trkpt lat="26.9231806" lon="75.8263970">
        <time>2020-02-20T08:56:17Z</time>
      </trkpt>
      <trkpt lat="26.9231809" lon="75.8263912">
        <time>2020-02-20T08:56:23Z</time>
      </trkpt>
      <trkpt lat="26.9231766" lon="75.8264121">
        <time>2020-02-20T08:56:29Z</time>
      </trkpt>
      <trkpt lat="26.9231822" lon="75.8264667">
        <time>2020-02-20T08:56:35Z</time>
      </trkpt>
      <trkpt lat="26.9231908" lon="75.8265024">
        <time>2020-02-20T08:56:40Z</time>
      </trkpt>
      <trkpt lat="26.9232086" lon="75.8265490">
        <time>2020-02-20T08:56:46Z</time>
      </trkpt>
      <trkpt lat="26.9232358" lon="75.8265758">
        <time>2020-02-20T08:56:52Z</time>
      </trkpt>
      <trkpt lat="26.9232455" lon="75.8266066">
        <time>2020-02-20T08:56:58Z</time>
      </trkpt>
      <trkpt lat="26.9232739" lon="75.8266335">
        <time>2020-02-20T08:57:04Z</time>
      </trkpt>
      <trkpt lat="26.9232870" lon="75.8266533">
        <time>2020-02-20T08:57:10Z</time>
      </trkpt>
      <trkpt lat="26.9233142" lon="75.8266959">
        <time>2020-02-20T08:57:16Z</time>
      </trkpt>
      <trkpt lat="26.9233336" lon="75.8267411">
        <time>2020-02-20T08:57:22Z</time>
      </trkpt>
      <trkpt lat="26.9233578" lon="75.8267795">
        <time>2020-02-20T08:57:28Z</time>
      </trkpt>
      <trkpt lat="26.9234010" lon="75.8267968">
        <time>2020-02-20T08:57:34Z</time>
      </trkpt>
      <trkpt lat="26.9234217" lon="75.8268076">
        <time>2020-02-20T08:57:40Z</time>
      </trkpt>
      <trkpt lat="26.9234328" lon="75.8268144">
        <time>2020-02-20T08:57:46Z</time>
      </trkpt>
      <trkpt lat="26.9234732" lon="75.8268060">
        <time>2020-02-20T08:57:52Z</time>
      </trkpt>
      <trkpt lat="26.9234751" lon="75.8267978">
        <time>2020-02-20T08:57:58Z</time>
      </trkpt>
      <trkpt lat="26.9234839" lon="75.8267953">
        <time>2020-02-20T08:58:04Z</time>
      </trkpt>
      <trkpt lat="26.9235134" lon="75.8267992">
        <time>2020-02-20T08:58:10Z</time>
      </trkpt>
      <trkpt lat="26.9235193" lon="75.8268070">
        <time>2020-02-20T08:58:16Z</time>
      </trkpt>
      <trkpt lat="26.9235133" lon="75.8268086">
        <time>2020-02-20T08:58:22Z</time>
      </trkpt>
      <trkpt lat="26.9235130" lon="75.8268091">
        <time>2020-02-20T08:58:28Z</time>
      </trkpt>
      <trkpt lat="26.9235131" lon="75.8268091">
        <time>2020-02-20T08:58:34Z</time>
      </trkpt>
      <trkpt lat="26.9235131" lon="75.8268092">
        <time>2020-02-20T08:58:40Z</time>
      </trkpt>
      <trkpt lat="26.9235129" lon="75.8268097">
        <time>2020-02-20T08:58:46Z</time>
      </trkpt>
      <trkpt lat="26.9235129" lon="75.8268098">
        <time>2020-02-20T08:58:52Z</time>
      </trkpt>
      <trkpt lat="26.9235458" lon="75.8267846">
        <time>2020-02-20T08:58:58Z</time>
      </trkpt>
      <trkpt lat="26.9235701" lon="75.8267755">
        <time>2020-02-20T08:59:04Z</time>
      </trkpt>
      <trkpt lat="26.9235876" lon="75.8267702">
        <time>2020-02-20T08:59:10Z</time>
      </trkpt>
      <trkpt lat="26.9236022" lon="75.8267662">
        <time>2020-02-20T08:59:16Z</time>
      </trkpt>
      <trkpt lat="26.9236035" lon="75.8267674">
        <time>2020-02-20T08:59:22Z</time>
      </trkpt>
      <trkpt lat="26.9236041" lon="75.8267678">
        <time>2020-02-20T08:59:28Z</time>
      </trkpt>
      <trkpt lat="26.9236041" lon="75.8267703">
        <time>2020-02-20T08:59:34Z</time>
      </trkpt>
      <trkpt lat="26.9236043" lon="75.8267729">
        <time>2020-02-20T08:59:40Z</time>
      </trkpt>
      <trkpt lat="26.9236045" lon="75.8267738">
        <time>2020-02-20T08:59:46Z</time>
      </trkpt>
      <trkpt lat="26.9236047" lon="75.8267737">
        <time>2020-02-20T08:59:52Z</time>
      </trkpt>
      <trkpt lat="26.9236048" lon="75.8267737">
        <time>2020-02-20T08:59:57Z</time>
      </trkpt>
      <trkpt lat="26.9236051" lon="75.8267738">
        <time>2020-02-20T09:00:02Z</time>
      </trkpt>
      <trkpt lat="26.9236053" lon="75.8267739">
        <time>2020-02-20T09:00:08Z</time>
      </trkpt>
      <trkpt lat="26.9236054" lon="75.8267737">
        <time>2020-02-20T09:00:14Z</time>
      </trkpt>
      <trkpt lat="26.9236056" lon="75.8267735">
        <time>2020-02-20T09:00:20Z</time>
      </trkpt>
      <trkpt lat="26.9236058" lon="75.8267732">
        <time>2020-02-20T09:00:26Z</time>
      </trkpt>
      <trkpt lat="26.9236059" lon="75.8267730">
        <time>2020-02-20T09:00:32Z</time>
      </trkpt>
      <trkpt lat="26.9236060" lon="75.8267731">
        <time>2020-02-20T09:00:38Z</time>
      </trkpt>
      <trkpt lat="26.9236061" lon="75.8267734">
        <time>2020-02-20T09:00:44Z</time>
      </trkpt>
      <trkpt lat="26.9236064" lon="75.8267739">
        <time>2020-02-20T09:00:50Z</time>
      </trkpt>
      <trkpt lat="26.9236067" lon="75.8267743">
        <time>2020-02-20T09:00:56Z</time>
      </trkpt>
      <trkpt lat="26.9236068" lon="75.8267744">
        <time>2020-02-20T09:01:02Z</time>
      </trkpt>
      <trkpt lat="26.9236070" lon="75.8267745">
        <time>2020-02-20T09:01:08Z</time>
      </trkpt>
      <trkpt lat="26.9236179" lon="75.8267851">
        <time>2020-02-20T09:01:14Z</time>
      </trkpt>
      <trkpt lat="26.9236288" lon="75.8267869">
        <time>2020-02-20T09:01:19Z</time>
      </trkpt>
      <trkpt lat="26.9236342" lon="75.8267990">
        <time>2020-02-20T09:01:24Z</time>
      </trkpt>
      <trkpt lat="26.9236353" lon="75.8268006">
        <time>2020-02-20T09:01:30Z</time>
      </trkpt>
      <trkpt lat="26.9236356" lon="75.8268018">
        <time>2020-02-20T09:01:36Z</time>
      </trkpt>
      <trkpt lat="26.9236359" lon="75.8268024">
        <time>2020-02-20T09:01:42Z</time>
      </trkpt>
      <trkpt lat="26.9236697" lon="75.8268290">
        <time>2020-02-20T09:01:48Z</time>
      </trkpt>
      <trkpt lat="26.9236894" lon="75.8268245">
        <time>2020-02-20T09:01:53Z</time>
      </trkpt>
      <trkpt lat="26.9236986" lon="75.8268212">
        <time>2020-02-20T09:01:59Z</time>
      </trkpt>
      <trkpt lat="26.9237028" lon="75.8268220">
        <time>2020-02-20T09:02:04Z</time>
      </trkpt>
      <trkpt lat="26.9237033" lon="75.8268229">
        <time>2020-02-20T09:02:10Z</time>
      </trkpt>
      <trkpt lat="26.9237035" lon="75.8268241">
        <time>2020-02-20T09:02:16Z</time>
      </trkpt>
      <trkpt lat="26.9237034" lon="75.8268248">
        <time>2020-02-20T09:02:22Z</time>
      </trkpt>
      <trkpt lat="26.9237034" lon="75.8268249">
        <time>2020-02-20T09:02:28Z</time>
      </trkpt>
      <trkpt lat="26.9237034" lon="75.8268252">
        <time>2020-02-20T09:02:34Z</time>
      </trkpt>
      <trkpt lat="26.9237035" lon="75.8268254">
        <time>2020-02-20T09:02:40Z</time>
      </trkpt>
      <trkpt lat="26.9237034" lon="75.8268255">
        <time>2020-02-20T09:02:46Z</time>
      </trkpt>
      <trkpt lat="26.9237200" lon="75.8268250">
        <time>2020-02-20T09:02:51Z</time>
      </trkpt>
      <trkpt lat="26.9237298" lon="75.8268322">
        <time>2020-02-20T09:02:56Z</time>
      </trkpt>
      <trkpt lat="26.9237293" lon="75.8268388">
        <time>2020-02-20T09:03:01Z</time>
      </trkpt>
      <trkpt lat="26.9237289" lon="75.8268396">
        <time>2020-02-20T09:03:07Z</time>
      </trkpt>
      <trkpt lat="26.9237290" lon="75.8268400">
        <time>2020-02-20T09:03:13Z</time>
      </trkpt>
      <trkpt lat="26.9237291" lon="75.8268402">
        <time>2020-02-20T09:03:19Z</time>
      </trkpt>
      <trkpt lat="26.9237291" lon="75.8268408">
        <time>2020-02-20T09:03:25Z</time>
      </trkpt>
      <trkpt lat="26.9237353" lon="75.8268262">
        <time>2020-02-20T09:03:31Z</time>
      </trkpt>
      <trkpt lat="26.9237412" lon="75.8268333">
        <time>2020-02-20T09:03:37Z</time>
      </trkpt>
      <trkpt lat="26.9237433" lon="75.8268364">
        <time>2020-02-20T09:03:43Z</time>
      </trkpt>
      <trkpt lat="26.9237441" lon="75.8268376">
        <time>2020-02-20T09:03:48Z</time>
      </trkpt>
      <trkpt lat="26.9237444" lon="75.8268386">
        <time>2020-02-20T09:03:54Z</time>
      </trkpt>
      <trkpt lat="26.9237444" lon="75.8268387">
        <time>2020-02-20T09:03:59Z</time>
      </trkpt>
      <trkpt lat="26.9237444" lon="75.8268388">
        <time>2020-02-20T09:04:05Z</time>
      </trkpt>
      <trkpt lat="26.9237473" lon="75.8268409">
        <time>2020-02-20T09:04:11Z</time>
      </trkpt>
      <trkpt lat="26.9237436" lon="75.8268379">
        <time>2020-02-20T09:04:17Z</time>
      </trkpt>
      <trkpt lat="26.9237500" lon="75.8268549">
        <time>2020-02-20T09:04:23Z</time>
      </trkpt>
      <trkpt lat="26.9237826" lon="75.8268705">
        <time>2020-02-20T09:04:29Z</time>
      </trkpt>
      <trkpt lat="26.9237852" lon="75.8268664">
        <time>2020-02-20T09:04:35Z</time>
      </trkpt>
      <trkpt lat="26.9237936" lon="75.8268554">
        <time>2020-02-20T09:04:41Z</time>
      </trkpt>
      <trkpt lat="26.9237884" lon="75.8268678">
        <time>2020-02-20T09:04:47Z</time>
      </trkpt>
      <trkpt lat="26.9237894" lon="75.8268658">
        <time>2020-02-20T09:04:53Z</time>
      </trkpt>
      <trkpt lat="26.9237894" lon="75.8268664">
        <time>2020-02-20T09:04:59Z</time>
      </trkpt>
      <trkpt lat="26.9237894" lon="75.8268670">
        <time>2020-02-20T09:05:05Z</time>
      </trkpt>
      <trkpt lat="26.9237835" lon="75.8268809">
        <time>2020-02-20T09:05:11Z</time>
      </trkpt>
      <trkpt lat="26.9237728" lon="75.8268878">
        <time>2020-02-20T09:05:17Z</time>
      </trkpt>
      <trkpt lat="26.9237728" lon="75.8268981">
        <time>2020-02-20T09:05:23Z</time>
      </trkpt>
      <trkpt lat="26.9237727" lon="75.8268985">
        <time>2020-02-20T09:05:29Z</time>
      </trkpt>
      <trkpt lat="26.9237726" lon="75.8268989">
        <time>2020-02-20T09:05:34Z</time>
      </trkpt>
      <trkpt lat="26.9237725" lon="75.8268992">
        <time>2020-02-20T09:05:40Z</time>
      </trkpt>
      <trkpt lat="26.9237726" lon="75.8268994">
        <time>2020-02-20T09:05:46Z</time>
      </trkpt>
      <trkpt lat="26.9237725" lon="75.8268994">
        <time>2020-02-20T09:05:51Z</time>
      </trkpt>
      <trkpt lat="26.9237724" lon="75.8268995">
        <time>2020-02-20T09:05:57Z</time>
      </trkpt>
      <trkpt lat="26.9237724" lon="75.8268995">
        <time>2020-02-20T09:06:03Z</time>
      </trkpt>
      <trkpt lat="26.9237723" lon="75.8268995">
        <time>2020-02-20T09:06:08Z</time>
      </trkpt>
      <trkpt lat="26.9237723" lon="75.8268995">
        <time>2020-02-20T09:06:14Z</time>
      </trkpt>
      <trkpt lat="26.9237722" lon="75.8268995">
        <time>2020-02-20T09:06:20Z</time>
      </trkpt>
      <trkpt lat="26.9237722" lon="75.8268995">
        <time>2020-02-20T09:06:26Z</time>
      </trkpt>
      <trkpt lat="26.9237725" lon="75.8269023">
        <time>2020-02-20T09:06:32Z</time>
      </trkpt>
      <trkpt lat="26.9237661" lon="75.8269064">
        <time>2020-02-20T09:06:38Z</time>
      </trkpt>
      <trkpt lat="26.9237647" lon="75.8269089">
        <time>2020-02-20T09:06:44Z</time>
      </trkpt>
      <trkpt lat="26.9237587" lon="75.8269103">
        <time>2020-02-20T09:06:50Z</time>
      </trkpt>
      <trkpt lat="26.9237565" lon="75.8269023">
        <time>2020-02-20T09:06:56Z</time>
      </trkpt>
      <trkpt lat="26.9237511" lon="75.8269007">
        <time>2020-02-20T09:07:02Z</time>
      </trkpt>
      <trkpt lat="26.9237532" lon="75.8268968">
        <time>2020-02-20T09:07:07Z</time>
      </trkpt>
      <trkpt lat="26.9237518" lon="75.8268924">
        <time>2020-02-20T09:07:13Z</time>
      </trkpt>
      <trkpt lat="26.9237524" lon="75.8268930">
        <time>2020-02-20T09:07:19Z</time>
      </trkpt>
      <trkpt lat="26.9237538" lon="75.8268578">
        <time>2020-02-20T09:07:25Z</time>
      </trkpt>
      <trkpt lat="26.9237558" lon="75.8268524">
        <time>2020-02-20T09:07:30Z</time>
      </trkpt>
      <trkpt lat="26.9237550" lon="75.8268605">
        <time>2020-02-20T09:07:35Z</time>
      </trkpt>
      <trkpt lat="26.9237568" lon="75.8268739">
        <time>2020-02-20T09:07:41Z</time>
      </trkpt>
      <trkpt lat="26.9237602" lon="75.8268855">
        <time>2020-02-20T09:07:47Z</time>
      </trkpt>
      <trkpt lat="26.9237921" lon="75.8269114">
        <time>2020-02-20T09:07:53Z</time>
      </trkpt>
      <trkpt lat="26.9238359" lon="75.8269288">
        <time>2020-02-20T09:07:59Z</time>
      </trkpt>
      <trkpt lat="26.9238835" lon="75.8269648">
        <time>2020-02-20T09:08:05Z</time>
      </trkpt>
      <trkpt lat="26.9239089" lon="75.8269897">
        <time>2020-02-20T09:08:11Z</time>
      </trkpt>
      <trkpt lat="26.9239478" lon="75.8269858">
        <time>2020-02-20T09:08:17Z</time>
      </trkpt>
      <trkpt lat="26.9239872" lon="75.8270036">
        <time>2020-02-20T09:08:23Z</time>
      </trkpt>
      <trkpt lat="26.9239997" lon="75.8270028">
        <time>2020-02-20T09:08:29Z</time>
      </trkpt>
      <trkpt lat="26.9240347" lon="75.8270062">
        <time>2020-02-20T09:08:34Z</time>
      </trkpt>
      <trkpt lat="26.9240778" lon="75.8270253">
        <time>2020-02-20T09:08:40Z</time>
      </trkpt>
      <trkpt lat="26.9241214" lon="75.8270519">
        <time>2020-02-20T09:08:46Z</time>
      </trkpt>
      <trkpt lat="26.9241476" lon="75.8270631">
        <time>2020-02-20T09:08:51Z</time>
      </trkpt>
      <trkpt lat="26.9241913" lon="75.8270975">
        <time>2020-02-20T09:08:57Z</time>
      </trkpt>
      <trkpt lat="26.9242542" lon="75.8271075">
        <time>2020-02-20T09:09:03Z</time>
      </trkpt>
      <trkpt lat="26.9243021" lon="75.8271340">
        <time>2020-02-20T09:09:09Z</time>
      </trkpt>
      <trkpt lat="26.9243522" lon="75.8271473">
        <time>2020-02-20T09:09:15Z</time>
      </trkpt>
      <trkpt lat="26.9244024" lon="75.8271653">
        <time>2020-02-20T09:09:21Z</time>
      </trkpt>
      <trkpt lat="26.9244444" lon="75.8271839">
        <time>2020-02-20T09:09:27Z</time>
      </trkpt>
      <trkpt lat="26.9244753" lon="75.8271785">
        <time>2020-02-20T09:09:33Z</time>
      </trkpt>
      <trkpt lat="26.9245361" lon="75.8271870">
        <time>2020-02-20T09:09:39Z</time>
      </trkpt>
      <trkpt lat="26.9245773" lon="75.8271847">
        <time>2020-02-20T09:09:45Z</time>
      </trkpt>
      <trkpt lat="26.9246347" lon="75.8272078">
        <time>2020-02-20T09:09:50Z</time>
      </trkpt>
      <trkpt lat="26.9246688" lon="75.8272306">
        <time>2020-02-20T09:09:56Z</time>
      </trkpt>
      <trkpt lat="26.9247066" lon="75.8272498">
        <time>2020-02-20T09:10:02Z</time>
      </trkpt>
      <trkpt lat="26.9247440" lon="75.8272589">
        <time>2020-02-20T09:10:08Z</time>
      </trkpt>
      <trkpt lat="26.9247799" lon="75.8272552">
        <time>2020-02-20T09:10:14Z</time>
      </trkpt>
      <trkpt lat="26.9248235" lon="75.8272657">
        <time>2020-02-20T09:10:20Z</time>
      </trkpt>
      <trkpt lat="26.9248669" lon="75.8272733">
        <time>2020-02-20T09:10:26Z</time>
      </trkpt>
      <trkpt lat="26.9249004" lon="75.8272802">
        <time>2020-02-20T09:10:31Z</time>
      </trkpt>
      <trkpt lat="26.9249732" lon="75.8273025">
        <time>2020-02-20T09:10:37Z</time>
      </trkpt>
      <trkpt lat="26.9250453" lon="75.8272994">
        <time>2020-02-20T09:10:43Z</time>
      </trkpt>
      <trkpt lat="26.9250942" lon="75.8273167">
        <time>2020-02-20T09:10:48Z</time>
      </trkpt>
      <trkpt lat="26.9251490" lon="75.8273098">
        <time>2020-02-20T09:10:54Z</time>
      </trkpt>
      <trkpt lat="26.9251586" lon="75.8272970">
        <time>2020-02-20T09:10:59Z</time>
      </trkpt>
      <trkpt lat="26.9252074" lon="75.8273240">
        <time>2020-02-20T09:11:05Z</time>
      </trkpt>
      <trkpt lat="26.9252235" lon="75.8273228">
        <time>2020-02-20T09:11:11Z</time>
      </trkpt>
      <trkpt lat="26.9252837" lon="75.8273361">
        <time>2020-02-20T09:11:17Z</time>
      </trkpt>
      <trkpt lat="26.9253204" lon="75.8273196">
        <time>2020-02-20T09:11:22Z</time>
      </trkpt>
      <trkpt lat="26.9253734" lon="75.8273364">
        <time>2020-02-20T09:11:28Z</time>
      </trkpt>
      <trkpt lat="26.9254228" lon="75.8273514">
        <time>2020-02-20T09:11:33Z</time>
      </trkpt>
      <trkpt lat="26.9254617" lon="75.8273496">
        <time>2020-02-20T09:11:39Z</time>
      </trkpt>
      <trkpt lat="26.9255164" lon="75.8273496">
        <time>2020-02-20T09:11:45Z</time>
      </trkpt>
      <trkpt lat="26.9255679" lon="75.8273620">
        <time>2020-02-20T09:11:51Z</time>
      </trkpt>
      <trkpt lat="26.9256066" lon="75.8273868">
        <time>2020-02-20T09:11:56Z</time>
      </trkpt>
      <trkpt lat="26.9256422" lon="75.8274093">
        <time>2020-02-20T09:12:02Z</time>
      </trkpt>
      <trkpt lat="26.9256594" lon="75.8274124">
        <time>2020-02-20T09:12:08Z</time>
      </trkpt>
      <trkpt lat="26.9256914" lon="75.8273945">
        <time>2020-02-20T09:12:14Z</time>
      </trkpt>
      <trkpt lat="26.9256977" lon="75.8273941">
        <time>2020-02-20T09:12:19Z</time>
      </trkpt>
      <trkpt lat="26.9257016" lon="75.8273916">
        <time>2020-02-20T09:12:25Z</time>
      </trkpt>
      <trkpt lat="26.9257016" lon="75.8273915">
        <time>2020-02-20T09:12:31Z</time>
      </trkpt>
      <trkpt lat="26.9257016" lon="75.8273915">
        <time>2020-02-20T09:12:36Z</time>
      </trkpt>
      <trkpt lat="26.9257227" lon="75.8274177">
        <time>2020-02-20T09:12:42Z</time>
      </trkpt>
      <trkpt lat="26.9257600" lon="75.8274589">
        <time>2020-02-20T09:12:48Z</time>
      </trkpt>
      <trkpt lat="26.9257822" lon="75.8274703">
        <time>2020-02-20T09:12:53Z</time>
      </trkpt>
      <trkpt lat="26.9258285" lon="75.8274916">
        <time>2020-02-20T09:12:59Z</time>
      </trkpt>
      <trkpt lat="26.9258488" lon="75.8274996">
        <time>2020-02-20T09:13:04Z</time>
      </trkpt>
      <trkpt lat="26.9258454" lon="75.8274914">
        <time>2020-02-20T09:13:10Z</time>
      </trkpt>
      <trkpt lat="26.9258463" lon="75.8274956">
        <time>2020-02-20T09:13:16Z</time>
      </trkpt>
      <trkpt lat="26.9258444" lon="75.8274764">
        <time>2020-02-20T09:13:22Z</time>
      </trkpt>
      <trkpt lat="26.9258439" lon="75.8274772">
        <time>2020-02-20T09:13:28Z</time>
      </trkpt>
      <trkpt lat="26.9258612" lon="75.8274961">
        <time>2020-02-20T09:13:34Z</time>
      </trkpt>
      <trkpt lat="26.9258592" lon="75.8275120">
        <time>2020-02-20T09:13:40Z</time>
      </trkpt>
      <trkpt lat="26.9258614" lon="75.8275154">
        <time>2020-02-20T09:13:46Z</time>
      </trkpt>
      <trkpt lat="26.9258697" lon="75.8275292">
        <time>2020-02-20T09:13:52Z</time>
      </trkpt>
      <trkpt lat="26.9259000" lon="75.8275134">
        <time>2020-02-20T09:13:58Z</time>
      </trkpt>
      <trkpt lat="26.9259390" lon="75.8275310">
        <time>2020-02-20T09:14:04Z</time>
      </trkpt>
      <trkpt lat="26.9259970" lon="75.8275490">
        <time>2020-02-20T09:14:10Z</time>
      </trkpt>
      <trkpt lat="26.9259962" lon="75.8275466">
        <time>2020-02-20T09:14:15Z</time>
      </trkpt>
      <trkpt lat="26.9260156" lon="75.8275356">
        <time>2020-02-20T09:14:21Z</time>
      </trkpt>
      <trkpt lat="26.9260449" lon="75.8275645">
        <time>2020-02-20T09:14:27Z</time>
      </trkpt>
      <trkpt lat="26.9260842" lon="75.8275499">
        <time>2020-02-20T09:14:32Z</time>
      </trkpt>
      <trkpt lat="26.9261138" lon="75.8274750">
        <time>2020-02-20T09:14:38Z</time>
      </trkpt>
      <trkpt lat="26.9261184" lon="75.8274751">
        <time>2020-02-20T09:14:44Z</time>
      </trkpt>
      <trkpt lat="26.9261256" lon="75.8274767">
        <time>2020-02-20T09:14:50Z</time>
      </trkpt>
      <trkpt lat="26.9261562" lon="75.8274258">
        <time>2020-02-20T09:14:56Z</time>
      </trkpt>
      <trkpt lat="26.9261533" lon="75.8273510">
        <time>2020-02-20T09:15:02Z</time>
      </trkpt>
      <trkpt lat="26.9261599" lon="75.8272729">
        <time>2020-02-20T09:15:08Z</time>
      </trkpt>
      <trkpt lat="26.9261810" lon="75.8271983">
        <time>2020-02-20T09:15:14Z</time>
      </trkpt>
      <trkpt lat="26.9261984" lon="75.8271370">
        <time>2020-02-20T09:15:20Z</time>
      </trkpt>
      <trkpt lat="26.9262045" lon="75.8270860">
        <time>2020-02-20T09:15:25Z</time>
      </trkpt>
      <trkpt lat="26.9262139" lon="75.8270377">
        <time>2020-02-20T09:15:30Z</time>
      </trkpt>
      <trkpt lat="26.9262138" lon="75.8269688">
        <time>2020-02-20T09:15:36Z</time>
      </trkpt>
      <trkpt lat="26.9262273" lon="75.8269039">
        <time>2020-02-20T09:15:42Z</time>
      </trkpt>
      <trkpt lat="26.9262522" lon="75.8268368">
        <time>2020-02-20T09:15:48Z</time>
      </trkpt>
      <trkpt lat="26.9262760" lon="75.8267474">
        <time>2020-02-20T09:15:54Z</time>
      </trkpt>
      <trkpt lat="26.9263370" lon="75.8266587">
        <time>2020-02-20T09:15:59Z</time>
      </trkpt>
      <trkpt lat="26.9262552" lon="75.8266489">
        <time>2020-02-20T09:16:05Z</time>
      </trkpt>
      <trkpt lat="26.9262188" lon="75.8266800">
        <time>2020-02-20T09:16:11Z</time>
      </trkpt>
      <trkpt lat="26.9262251" lon="75.8266229">
        <time>2020-02-20T09:16:17Z</time>
      </trkpt>
      <trkpt lat="26.9262398" lon="75.8265816">
        <time>2020-02-20T09:16:23Z</time>
      </trkpt>
      <trkpt lat="26.9262577" lon="75.8264799">
        <time>2020-02-20T09:16:29Z</time>
      </trkpt>
      <trkpt lat="26.9262726" lon="75.8263996">
        <time>2020-02-20T09:16:35Z</time>
      </trkpt>
      <trkpt lat="26.9262936" lon="75.8263510">
        <time>2020-02-20T09:16:41Z</time>
      </trkpt>
      <trkpt lat="26.9263129" lon="75.8263052">
        <time>2020-02-20T09:16:47Z</time>
      </trkpt>
      <trkpt lat="26.9263235" lon="75.8262380">
        <time>2020-02-20T09:16:52Z</time>
      </trkpt>
      <trkpt lat="26.9263512" lon="75.8261692">
        <time>2020-02-20T09:16:58Z</time>
      </trkpt>
      <trkpt lat="26.9263540" lon="75.8261126">
        <time>2020-02-20T09:17:03Z</time>
      </trkpt>
      <trkpt lat="26.9263749" lon="75.8260411">
        <time>2020-02-20T09:17:09Z</time>
      </trkpt>
      <trkpt lat="26.9264112" lon="75.8259808">
        <time>2020-02-20T09:17:15Z</time>
      </trkpt>
      <trkpt lat="26.9264058" lon="75.8259164">
        <time>2020-02-20T09:17:21Z</time>
      </trkpt>
      <trkpt lat="26.9263997" lon="75.8258720">
        <time>2020-02-20T09:17:26Z</time>
      </trkpt>
      <trkpt lat="26.9264114" lon="75.8258404">
        <time>2020-02-20T09:17:31Z</time>
      </trkpt>
      <trkpt lat="26.9264003" lon="75.8257804">
        <time>2020-02-20T09:17:37Z</time>
      </trkpt>
      <trkpt lat="26.9263714" lon="75.8257128">
        <time>2020-02-20T09:17:43Z</time>
      </trkpt>
      <trkpt lat="26.9263566" lon="75.8256546">
        <time>2020-02-20T09:17:49Z</time>
      </trkpt>
      <trkpt lat="26.9263285" lon="75.8256140">
        <time>2020-02-20T09:17:55Z</time>
      </trkpt>
      <trkpt lat="26.9263108" lon="75.8256045">
        <time>2020-02-20T09:18:00Z</time>
      </trkpt>
      <trkpt lat="26.9262754" lon="75.8255927">
        <time>2020-02-20T09:18:06Z</time>
      </trkpt>
      <trkpt lat="26.9262374" lon="75.8255940">
        <time>2020-02-20T09:18:11Z</time>
      </trkpt>
      <trkpt lat="26.9261969" lon="75.8255464">
        <time>2020-02-20T09:18:16Z</time>
      </trkpt>
      <trkpt lat="26.9261541" lon="75.8255189">
        <time>2020-02-20T09:18:22Z</time>
      </trkpt>
      <trkpt lat="26.9261177" lon="75.8255085">
        <time>2020-02-20T09:18:28Z</time>
      </trkpt>
      <trkpt lat="26.9260699" lon="75.8254855">
        <time>2020-02-20T09:18:34Z</time>
      </trkpt>
      <trkpt lat="26.9260129" lon="75.8254793">
        <time>2020-02-20T09:18:40Z</time>
      </trkpt>
      <trkpt lat="26.9259669" lon="75.8254769">
        <time>2020-02-20T09:18:45Z</time>
      </trkpt>
      <trkpt lat="26.9259188" lon="75.8254693">
        <time>2020-02-20T09:18:51Z</time>
      </trkpt>
      <trkpt lat="26.9259077" lon="75.8254251">
        <time>2020-02-20T09:18:57Z</time>
      </trkpt>
      <trkpt lat="26.9259111" lon="75.8253697">
        <time>2020-02-20T09:19:03Z</time>
      </trkpt>
      <trkpt lat="26.9258962" lon="75.8253126">
        <time>2020-02-20T09:19:09Z</time>
      </trkpt>
      <trkpt lat="26.9259038" lon="75.8252527">
        <time>2020-02-20T09:19:15Z</time>
      </trkpt>
      <trkpt lat="26.9259180" lon="75.8252251">
        <time>2020-02-20T09:19:21Z</time>
      </trkpt>
      <trkpt lat="26.9259296" lon="75.8251761">
        <time>2020-02-20T09:19:27Z</time>
      </trkpt>
      <trkpt lat="26.9259685" lon="75.8251156">
        <time>2020-02-20T09:19:33Z</time>
      </trkpt>
      <trkpt lat="26.9259792" lon="75.8251044">
        <time>2020-02-20T09:19:39Z</time>
      </trkpt>
      <trkpt lat="26.9259914" lon="75.8250647">
        <time>2020-02-20T09:19:45Z</time>
      </trkpt>
      <trkpt lat="26.9259978" lon="75.8250519">
        <time>2020-02-20T09:19:50Z</time>
      </trkpt>
      <trkpt lat="26.9259983" lon="75.8250513">
        <time>2020-02-20T09:19:56Z</time>
      </trkpt>
      <trkpt lat="26.9259947" lon="75.8250514">
        <time>2020-02-20T09:20:02Z</time>
      </trkpt>
      <trkpt lat="26.9259873" lon="75.8250313">
        <time>2020-02-20T09:20:08Z</time>
      </trkpt>
      <trkpt lat="26.9259873" lon="75.8250203">
        <time>2020-02-20T09:20:14Z</time>
      </trkpt>
      <trkpt lat="26.9259872" lon="75.8250196">
        <time>2020-02-20T09:20:20Z</time>
      </trkpt>
      <trkpt lat="26.9259872" lon="75.8250198">
        <time>2020-02-20T09:20:26Z</time>
      </trkpt>
      <trkpt lat="26.9260167" lon="75.8250333">
        <time>2020-02-20T09:20:32Z</time>
      </trkpt>
      <trkpt lat="26.9260788" lon="75.8250477">
        <time>2020-02-20T09:20:38Z</time>
      </trkpt>
      <trkpt lat="26.9260883" lon="75.8250582">
        <time>2020-02-20T09:20:44Z</time>
      </trkpt>
      <trkpt lat="26.9260954" lon="75.8250464">
        <time>2020-02-20T09:20:50Z</time>
      </trkpt>
      <trkpt lat="26.9261077" lon="75.8250367">
        <time>2020-02-20T09:20:56Z</time>
      </trkpt>
      <trkpt lat="26.9261166" lon="75.8250350">
        <time>2020-02-20T09:21:02Z</time>
      </trkpt>
      <trkpt lat="26.9261103" lon="75.8250429">
        <time>2020-02-20T09:21:08Z</time>
      </trkpt>
      <trkpt lat="26.9261033" lon="75.8250849">
        <time>2020-02-20T09:21:14Z</time>
      </trkpt>
      <trkpt lat="26.9260916" lon="75.8250728">
        <time>2020-02-20T09:21:20Z</time>
      </trkpt>
      <trkpt lat="26.9260748" lon="75.8250424">
        <time>2020-02-20T09:21:26Z</time>
      </trkpt>
      <trkpt lat="26.9260512" lon="75.8249984">
        <time>2020-02-20T09:21:31Z</time>
      </trkpt>
      <trkpt lat="26.9260513" lon="75.8249933">
        <time>2020-02-20T09:21:37Z</time>
      </trkpt>
      <trkpt lat="26.9260496" lon="75.8249911">
        <time>2020-02-20T09:21:43Z</time>
      </trkpt>
      <trkpt lat="26.9260482" lon="75.8249906">
        <time>2020-02-20T09:21:49Z</time>
      </trkpt>
      <trkpt lat="26.9260478" lon="75.8249877">
        <time>2020-02-20T09:21:55Z</time>
      </trkpt>
      <trkpt lat="26.9260478" lon="75.8249870">
        <time>2020-02-20T09:22:01Z</time>
      </trkpt>
      <trkpt lat="26.9260477" lon="75.8249870">
        <time>2020-02-20T09:22:06Z</time>
      </trkpt>
      <trkpt lat="26.9260544" lon="75.8249982">
        <time>2020-02-20T09:22:12Z</time>
      </trkpt>
      <trkpt lat="26.9260494" lon="75.8249909">
        <time>2020-02-20T09:22:18Z</time>
      </trkpt>
      <trkpt lat="26.9260507" lon="75.8249772">
        <time>2020-02-20T09:22:23Z</time>
      </trkpt>
      <trkpt lat="26.9260504" lon="75.8249772">
        <time>2020-02-20T09:22:28Z</time>
      </trkpt>
      <trkpt lat="26.9260503" lon="75.8249775">
        <time>2020-02-20T09:22:34Z</time>
      </trkpt>
      <trkpt lat="26.9260487" lon="75.8249795">
        <time>2020-02-20T09:22:40Z</time>
      </trkpt>
      <trkpt lat="26.9260489" lon="75.8249794">
        <time>2020-02-20T09:22:45Z</time>
      </trkpt>
      <trkpt lat="26.9260490" lon="75.8249794">
        <time>2020-02-20T09:22:51Z</time>
      </trkpt>
      <trkpt lat="26.9260491" lon="75.8249796">
        <time>2020-02-20T09:22:57Z</time>
      </trkpt>
      <trkpt lat="26.9260576" lon="75.8249891">
        <time>2020-02-20T09:23:03Z</time>
      </trkpt>
      <trkpt lat="26.9261252" lon="75.8250037">
        <time>2020-02-20T09:23:09Z</time>
      </trkpt>
      <trkpt lat="26.9261871" lon="75.8250151">
        <time>2020-02-20T09:23:15Z</time>
      </trkpt>
      <trkpt lat="26.9262774" lon="75.8250332">
        <time>2020-02-20T09:23:21Z</time>
      </trkpt>
      <trkpt lat="26.9264168" lon="75.8250555">
        <time>2020-02-20T09:23:26Z</time>
      </trkpt>
      <trkpt lat="26.9264990" lon="75.8250896">
        <time>2020-02-20T09:23:32Z</time>
      </trkpt>
      <trkpt lat="26.9265774" lon="75.8250969">
        <time>2020-02-20T09:23:37Z</time>
      </trkpt>
      <trkpt lat="26.9266222" lon="75.8251687">
        <time>2020-02-20T09:23:42Z</time>
      </trkpt>
      <trkpt lat="26.9265796" lon="75.8253688">
        <time>2020-02-20T09:23:48Z</time>
      </trkpt>
      <trkpt lat="26.9265512" lon="75.8256132">
        <time>2020-02-20T09:23:54Z</time>
      </trkpt>
      <trkpt lat="26.9265505" lon="75.8256288">
        <time>2020-02-20T09:24:00Z</time>
      </trkpt>
      <trkpt lat="26.9265265" lon="75.8257091">
        <time>2020-02-20T09:24:06Z</time>
      </trkpt>
      <trkpt lat="26.9265310" lon="75.8258953">
        <time>2020-02-20T09:24:11Z</time>
      </trkpt>
      <trkpt lat="26.9264688" lon="75.8261325">
        <time>2020-02-20T09:24:17Z</time>
      </trkpt>
      <trkpt lat="26.9264072" lon="75.8263828">
        <time>2020-02-20T09:24:23Z</time>
      </trkpt>
      <trkpt lat="26.9263476" lon="75.8265473">
        <time>2020-02-20T09:24:29Z</time>
      </trkpt>
      <trkpt lat="26.9262970" lon="75.8267084">
        <time>2020-02-20T09:24:34Z</time>
      </trkpt>
      <trkpt lat="26.9263058" lon="75.8267883">
        <time>2020-02-20T09:24:40Z</time>
      </trkpt>
      <trkpt lat="26.9262277" lon="75.8271026">
        <time>2020-02-20T09:24:46Z</time>
      </trkpt>
      <trkpt lat="26.9261680" lon="75.8273611">
        <time>2020-02-20T09:24:52Z</time>
      </trkpt>
      <trkpt lat="26.9261309" lon="75.8275282">
        <time>2020-02-20T09:24:58Z</time>
      </trkpt>
      <trkpt lat="26.9261139" lon="75.8275948">
        <time>2020-02-20T09:25:04Z</time>
      </trkpt>
      <trkpt lat="26.9261207" lon="75.8276084">
        <time>2020-02-20T09:25:10Z</time>
      </trkpt>
      <trkpt lat="26.9261231" lon="75.8276076">
        <time>2020-02-20T09:25:15Z</time>
      </trkpt>
      <trkpt lat="26.9261285" lon="75.8276030">
        <time>2020-02-20T09:25:20Z</time>
      </trkpt>
      <trkpt lat="26.9261285" lon="75.8276213">
        <time>2020-02-20T09:25:26Z</time>
      </trkpt>
      <trkpt lat="26.9261280" lon="75.8276522">
        <time>2020-02-20T09:25:32Z</time>
      </trkpt>
      <trkpt lat="26.9261355" lon="75.8276638">
        <time>2020-02-20T09:25:38Z</time>
      </trkpt>
      <trkpt lat="26.9261368" lon="75.8276671">
        <time>2020-02-20T09:25:44Z</time>
      </trkpt>
      <trkpt lat="26.9261163" lon="75.8276748">
        <time>2020-02-20T09:25:50Z</time>
      </trkpt>
      <trkpt lat="26.9261072" lon="75.8277593">
        <time>2020-02-20T09:25:56Z</time>
      </trkpt>
      <trkpt lat="26.9258936" lon="75.8277282">
        <time>2020-02-20T09:26:02Z</time>
      </trkpt>
      <trkpt lat="26.9256157" lon="75.8276331">
        <time>2020-02-20T09:26:07Z</time>
      </trkpt>
      <trkpt lat="26.9253478" lon="75.8275394">
        <time>2020-02-20T09:26:12Z</time>
      </trkpt>
      <trkpt lat="26.9252250" lon="75.8274836">
        <time>2020-02-20T09:26:18Z</time>
      </trkpt>
      <trkpt lat="26.9250703" lon="75.8274359">
        <time>2020-02-20T09:26:24Z</time>
      </trkpt>
      <trkpt lat="26.9247988" lon="75.8273459">
        <time>2020-02-20T09:26:29Z</time>
      </trkpt>
      <trkpt lat="26.9244882" lon="75.8272713">
        <time>2020-02-20T09:26:34Z</time>
      </trkpt>
      <trkpt lat="26.9241523" lon="75.8272010">
        <time>2020-02-20T09:26:39Z</time>
      </trkpt>
      <trkpt lat="26.9237705" lon="75.8270931">
        <time>2020-02-20T09:26:45Z</time>
      </trkpt>
      <trkpt lat="26.9235426" lon="75.8270247">
        <time>2020-02-20T09:26:50Z</time>
      </trkpt>
      <trkpt lat="26.9233084" lon="75.8270060">
        <time>2020-02-20T09:26:56Z</time>
      </trkpt>
      <trkpt lat="26.9231756" lon="75.8270329">
        <time>2020-02-20T09:27:02Z</time>
      </trkpt>
      <trkpt lat="26.9230272" lon="75.8270540">
        <time>2020-02-20T09:27:07Z</time>
      </trkpt>
      <trkpt lat="26.9228456" lon="75.8269976">
        <time>2020-02-20T09:27:12Z</time>
      </trkpt>
      <trkpt lat="26.9227988" lon="75.8268134">
        <time>2020-02-20T09:27:18Z</time>
      </trkpt>
      <trkpt lat="26.9228230" lon="75.8267110">
        <time>2020-02-20T09:27:24Z</time>
      </trkpt>
      <trkpt lat="26.9228833" lon="75.8266015">
        <time>2020-02-20T09:27:30Z</time>
      </trkpt>
      <trkpt lat="26.9229606" lon="75.8265148">
        <time>2020-02-20T09:27:35Z</time>
      </trkpt>
      <trkpt lat="26.9230158" lon="75.8264426">
        <time>2020-02-20T09:27:41Z</time>
      </trkpt>
      <trkpt lat="26.9230522" lon="75.8263903">
        <time>2020-02-20T09:27:47Z</time>
      </trkpt>
      <trkpt lat="26.9230776" lon="75.8263154">
        <time>2020-02-20T09:27:52Z</time>
      </trkpt>
      <trkpt lat="26.9231007" lon="75.8262105">
        <time>2020-02-20T09:27:58Z</time>
      </trkpt>
      <trkpt lat="26.9231306" lon="75.8260960">
        <time>2020-02-20T09:28:04Z</time>
      </trkpt>
      <trkpt lat="26.9231592" lon="75.8259778">
        <time>2020-02-20T09:28:09Z</time>
      </trkpt>
      <trkpt lat="26.9231950" lon="75.8257497">
        <time>2020-02-20T09:28:15Z</time>
      </trkpt>
      <trkpt lat="26.9232414" lon="75.8255560">
        <time>2020-02-20T09:28:20Z</time>
      </trkpt>
      <trkpt lat="26.9232650" lon="75.8254415">
        <time>2020-02-20T09:28:25Z</time>
      </trkpt>
      <trkpt lat="26.9233066" lon="75.8252751">
        <time>2020-02-20T09:28:31Z</time>
      </trkpt>
      <trkpt lat="26.9233515" lon="75.8249777">
        <time>2020-02-20T09:28:36Z</time>
      </trkpt>
      <trkpt lat="26.9234057" lon="75.8246411">
        <time>2020-02-20T09:28:42Z</time>
      </trkpt>
      <trkpt lat="26.9234681" lon="75.8243182">
        <time>2020-02-20T09:28:47Z</time>
      </trkpt>
      <trkpt lat="26.9234985" lon="75.8241338">
        <time>2020-02-20T09:28:53Z</time>
      </trkpt>
      <trkpt lat="26.9235164" lon="75.8240936">
        <time>2020-02-20T09:28:58Z</time>
      </trkpt>
      <trkpt lat="26.9235480" lon="75.8239637">
        <time>2020-02-20T09:29:03Z</time>
      </trkpt>
      <trkpt lat="26.9235786" lon="75.8238025">
        <time>2020-02-20T09:29:09Z</time>
      </trkpt>
      <trkpt lat="26.9236071" lon="75.8236800">
        <time>2020-02-20T09:29:14Z</time>
      </trkpt>
      <trkpt lat="26.9236034" lon="75.8236195">
        <time>2020-02-20T09:29:19Z</time>
      </trkpt>
      <trkpt lat="26.9236020" lon="75.8235618">
        <time>2020-02-20T09:29:25Z</time>
      </trkpt>
      <trkpt lat="26.9236109" lon="75.8235564">
        <time>2020-02-20T09:29:31Z</time>
      </trkpt>
      <trkpt lat="26.9236074" lon="75.8235445">
        <time>2020-02-20T09:29:36Z</time>
      </trkpt>
      <trkpt lat="26.9236088" lon="75.8235556">
        <time>2020-02-20T09:29:41Z</time>
      </trkpt>
      <trkpt lat="26.9236091" lon="75.8235579">
        <time>2020-02-20T09:29:47Z</time>
      </trkpt>
      <trkpt lat="26.9236088" lon="75.8235567">
        <time>2020-02-20T09:29:52Z</time>
      </trkpt>
      <trkpt lat="26.9236088" lon="75.8235562">
        <time>2020-02-20T09:29:57Z</time>
      </trkpt>
      <trkpt lat="26.9236088" lon="75.8235562">
        <time>2020-02-20T09:30:02Z</time>
      </trkpt>
      <trkpt lat="26.9236088" lon="75.8235562">
        <time>2020-02-20T09:30:08Z</time>
      </trkpt>
      <trkpt lat="26.9236087" lon="75.8235558">
        <time>2020-02-20T09:30:14Z</time>
      </trkpt>
      <trkpt lat="26.9236092" lon="75.8235548">
        <time>2020-02-20T09:30:20Z</time>
      </trkpt>
      <trkpt lat="26.9236364" lon="75.8235038">
        <time>2020-02-20T09:30:26Z</time>
      </trkpt>
      <trkpt lat="26.9236762" lon="75.8234033">
        <time>2020-02-20T09:30:32Z</time>
      </trkpt>
      <trkpt lat="26.9236902" lon="75.8231732">
        <time>2020-02-20T09:30:38Z</time>
      </trkpt>
      <trkpt lat="26.9236915" lon="75.8230620">
        <time>2020-02-20T09:30:43Z</time>
      </trkpt>
      <trkpt lat="26.9236914" lon="75.8230070">
        <time>2020-02-20T09:30:49Z</time>
      </trkpt>
      <trkpt lat="26.9237259" lon="75.8228722">
        <time>2020-02-20T09:30:54Z</time>
      </trkpt>
      <trkpt lat="26.9237227" lon="75.8227527">
        <time>2020-02-20T09:31:00Z</time>
      </trkpt>
      <trkpt lat="26.9234619" lon="75.8226404">
        <time>2020-02-20T09:31:06Z</time>
      </trkpt>
      <trkpt lat="26.9232523" lon="75.8225630">
        <time>2020-02-20T09:31:12Z</time>
      </trkpt>
      <trkpt lat="26.9230532" lon="75.8224781">
        <time>2020-02-20T09:31:18Z</time>
      </trkpt>
      <trkpt lat="26.9228132" lon="75.8224346">
        <time>2020-02-20T09:31:24Z</time>
      </trkpt>
      <trkpt lat="26.9226007" lon="75.8223724">
        <time>2020-02-20T09:31:29Z</time>
      </trkpt>
      <trkpt lat="26.9222420" lon="75.8222922">
        <time>2020-02-20T09:31:35Z</time>
      </trkpt>
      <trkpt lat="26.9219456" lon="75.8222177">
        <time>2020-02-20T09:31:41Z</time>
      </trkpt>
      <trkpt lat="26.9217074" lon="75.8221307">
        <time>2020-02-20T09:31:46Z</time>
      </trkpt>
      <trkpt lat="26.9213000" lon="75.8220168">
        <time>2020-02-20T09:31:52Z</time>
      </trkpt>
      <trkpt lat="26.9209836" lon="75.8219066">
        <time>2020-02-20T09:31:57Z</time>
      </trkpt>
      <trkpt lat="26.9207506" lon="75.8218527">
        <time>2020-02-20T09:32:03Z</time>
      </trkpt>
      <trkpt lat="26.9204699" lon="75.8217899">
        <time>2020-02-20T09:32:08Z</time>
      </trkpt>
      <trkpt lat="26.9201036" lon="75.8217075">
        <time>2020-02-20T09:32:14Z</time>
      </trkpt>
      <trkpt lat="26.9198274" lon="75.8215963">
        <time>2020-02-20T09:32:20Z</time>
      </trkpt>
      <trkpt lat="26.9195803" lon="75.8215580">
        <time>2020-02-20T09:32:25Z</time>
      </trkpt>
      <trkpt lat="26.9192351" lon="75.8214732">
        <time>2020-02-20T09:32:31Z</time>
      </trkpt>
      <trkpt lat="26.9189317" lon="75.8213801">
        <time>2020-02-20T09:32:37Z</time>
      </trkpt>
      <trkpt lat="26.9185423" lon="75.8212720">
        <time>2020-02-20T09:32:43Z</time>
      </trkpt>
      <trkpt lat="26.9181314" lon="75.8211344">
        <time>2020-02-20T09:32:49Z</time>
      </trkpt>
      <trkpt lat="26.9178506" lon="75.8210542">
        <time>2020-02-20T09:32:54Z</time>
      </trkpt>
      <trkpt lat="26.9175620" lon="75.8209900">
        <time>2020-02-20T09:33:00Z</time>
      </trkpt>
      <trkpt lat="26.9173391" lon="75.8209314">
        <time>2020-02-20T09:33:05Z</time>
      </trkpt>
      <trkpt lat="26.9172972" lon="75.8208714">
        <time>2020-02-20T09:33:11Z</time>
      </trkpt>
      <trkpt lat="26.9173100" lon="75.8208672">
        <time>2020-02-20T09:33:16Z</time>
      </trkpt>
      <trkpt lat="26.9173216" lon="75.8208756">
        <time>2020-02-20T09:33:22Z</time>
      </trkpt>
      <trkpt lat="26.9173215" lon="75.8208754">
        <time>2020-02-20T09:33:27Z</time>
      </trkpt>
      <trkpt lat="26.9173217" lon="75.8208756">
        <time>2020-02-20T09:33:33Z</time>
      </trkpt>
      <trkpt lat="26.9173217" lon="75.8208755">
        <time>2020-02-20T09:33:38Z</time>
      </trkpt>
      <trkpt lat="26.9173217" lon="75.8208755">
        <time>2020-02-20T09:33:44Z</time>
      </trkpt>
      <trkpt lat="26.9173217" lon="75.8208756">
        <time>2020-02-20T09:33:50Z</time>
      </trkpt>
      <trkpt lat="26.9173217" lon="75.8208754">
        <time>2020-02-20T09:33:56Z</time>
      </trkpt>
      <trkpt lat="26.9173217" lon="75.8208754">
        <time>2020-02-20T09:34:01Z</time>
      </trkpt>
      <trkpt lat="26.9173217" lon="75.8208754">
        <time>2020-02-20T09:34:07Z</time>
      </trkpt>
      <trkpt lat="26.9173217" lon="75.8208755">
        <time>2020-02-20T09:34:13Z</time>
      </trkpt>
      <trkpt lat="26.9173217" lon="75.8208756">
        <time>2020-02-20T09:34:18Z</time>
      </trkpt>
      <trkpt lat="26.9173218" lon="75.8208760">
        <time>2020-02-20T09:34:24Z</time>
      </trkpt>
      <trkpt lat="26.9173218" lon="75.8208761">
        <time>2020-02-20T09:34:30Z</time>
      </trkpt>
      <trkpt lat="26.9173218" lon="75.8208762">
        <time>2020-02-20T09:34:36Z</time>
      </trkpt>
      <trkpt lat="26.9172435" lon="75.8208473">
        <time>2020-02-20T09:34:42Z</time>
      </trkpt>
      <trkpt lat="26.9170022" lon="75.8208036">
        <time>2020-02-20T09:34:47Z</time>
      </trkpt>
      <trkpt lat="26.9168598" lon="75.8207544">
        <time>2020-02-20T09:34:52Z</time>
      </trkpt>
      <trkpt lat="26.9166516" lon="75.8207235">
        <time>2020-02-20T09:34:58Z</time>
      </trkpt>
      <trkpt lat="26.9164862" lon="75.8206808">
        <time>2020-02-20T09:35:04Z</time>
      </trkpt>
      <trkpt lat="26.9162610" lon="75.8206106">
        <time>2020-02-20T09:35:10Z</time>
      </trkpt>
      <trkpt lat="26.9160188" lon="75.8204721">
        <time>2020-02-20T09:35:15Z</time>
      </trkpt>
      <trkpt lat="26.9159987" lon="75.8202623">
        <time>2020-02-20T09:35:20Z</time>
      </trkpt>
      <trkpt lat="26.9160994" lon="75.8198496">
        <time>2020-02-20T09:35:26Z</time>
      </trkpt>
      <trkpt lat="26.9161979" lon="75.8192552">
        <time>2020-02-20T09:35:32Z</time>
      </trkpt>
      <trkpt lat="26.9162815" lon="75.8187310">
        <time>2020-02-20T09:35:38Z</time>
      </trkpt>
      <trkpt lat="26.9163071" lon="75.8185049">
        <time>2020-02-20T09:35:43Z</time>
      </trkpt>
      <trkpt lat="26.9161746" lon="75.8180701">
        <time>2020-02-20T09:35:48Z</time>
      </trkpt>
      <trkpt lat="26.9158932" lon="75.8175539">
        <time>2020-02-20T09:35:54Z</time>
      </trkpt>
      <trkpt lat="26.9157001" lon="75.8173103">
        <time>2020-02-20T09:35:59Z</time>
      </trkpt>
      <trkpt lat="26.9154684" lon="75.8169988">
        <time>2020-02-20T09:36:05Z</time>
      </trkpt>
      <trkpt lat="26.9151320" lon="75.8168893">
        <time>2020-02-20T09:36:11Z</time>
      </trkpt>
      <trkpt lat="26.9148800" lon="75.8168274">
        <time>2020-02-20T09:36:16Z</time>
      </trkpt>
      <trkpt lat="26.9145816" lon="75.8167094">
        <time>2020-02-20T09:36:22Z</time>
      </trkpt>
      <trkpt lat="26.9143064" lon="75.8166540">
        <time>2020-02-20T09:36:28Z</time>
      </trkpt>
      <trkpt lat="26.9141473" lon="75.8165714">
        <time>2020-02-20T09:36:33Z</time>
      </trkpt>
      <trkpt lat="26.9138579" lon="75.8165262">
        <time>2020-02-20T09:36:39Z</time>
      </trkpt>
      <trkpt lat="26.9134330" lon="75.8163980">
        <time>2020-02-20T09:36:45Z</time>
      </trkpt>
      <trkpt lat="26.9130557" lon="75.8163182">
        <time>2020-02-20T09:36:51Z</time>
      </trkpt>
      <trkpt lat="26.9126642" lon="75.8161721">
        <time>2020-02-20T09:36:57Z</time>
      </trkpt>
      <trkpt lat="26.9125733" lon="75.8161642">
        <time>2020-02-20T09:37:03Z</time>
      </trkpt>
      <trkpt lat="26.9125459" lon="75.8161692">
        <time>2020-02-20T09:37:08Z</time>
      </trkpt>
      <trkpt lat="26.9125373" lon="75.8161620">
        <time>2020-02-20T09:37:13Z</time>
      </trkpt>
      <trkpt lat="26.9125268" lon="75.8161687">
        <time>2020-02-20T09:37:19Z</time>
      </trkpt>
      <trkpt lat="26.9125264" lon="75.8161698">
        <time>2020-02-20T09:37:24Z</time>
      </trkpt>
      <trkpt lat="26.9124907" lon="75.8161607">
        <time>2020-02-20T09:37:30Z</time>
      </trkpt>
      <trkpt lat="26.9123580" lon="75.8160371">
        <time>2020-02-20T09:37:36Z</time>
      </trkpt>
      <trkpt lat="26.9123803" lon="75.8157482">
        <time>2020-02-20T09:37:41Z</time>
      </trkpt>
      <trkpt lat="26.9125017" lon="75.8153166">
        <time>2020-02-20T09:37:47Z</time>
      </trkpt>
      <trkpt lat="26.9125986" lon="75.8148398">
        <time>2020-02-20T09:37:53Z</time>
      </trkpt>
      <trkpt lat="26.9126916" lon="75.8143467">
        <time>2020-02-20T09:37:59Z</time>
      </trkpt>
      <trkpt lat="26.9127831" lon="75.8139125">
        <time>2020-02-20T09:38:04Z</time>
      </trkpt>
      <trkpt lat="26.9128826" lon="75.8133651">
        <time>2020-02-20T09:38:10Z</time>
      </trkpt>
      <trkpt lat="26.9129727" lon="75.8128594">
        <time>2020-02-20T09:38:16Z</time>
      </trkpt>
      <trkpt lat="26.9130264" lon="75.8125003">
        <time>2020-02-20T09:38:22Z</time>
      </trkpt>
      <trkpt lat="26.9130750" lon="75.8121966">
        <time>2020-02-20T09:38:28Z</time>
      </trkpt>
      <trkpt lat="26.9131374" lon="75.8118589">
        <time>2020-02-20T09:38:34Z</time>
      </trkpt>
      <trkpt lat="26.9131742" lon="75.8117826">
        <time>2020-02-20T09:38:39Z</time>
      </trkpt>
      <trkpt lat="26.9132605" lon="75.8116209">
        <time>2020-02-20T09:38:45Z</time>
      </trkpt>
      <trkpt lat="26.9132963" lon="75.8113106">
        <time>2020-02-20T09:38:50Z</time>
      </trkpt>
      <trkpt lat="26.9133870" lon="75.8108226">
        <time>2020-02-20T09:38:56Z</time>
      </trkpt>
      <trkpt lat="26.9134960" lon="75.8104156">
        <time>2020-02-20T09:39:01Z</time>
      </trkpt>
      <trkpt lat="26.9135822" lon="75.8098805">
        <time>2020-02-20T09:39:07Z</time>
      </trkpt>
      <trkpt lat="26.9136839" lon="75.8093936">
        <time>2020-02-20T09:39:13Z</time>
      </trkpt>
      <trkpt lat="26.9137531" lon="75.8090697">
        <time>2020-02-20T09:39:19Z</time>
      </trkpt>
      <trkpt lat="26.9137687" lon="75.8089539">
        <time>2020-02-20T09:39:24Z</time>
      </trkpt>
      <trkpt lat="26.9137876" lon="75.8088466">
        <time>2020-02-20T09:39:30Z</time>
      </trkpt>
      <trkpt lat="26.9137856" lon="75.8088332">
        <time>2020-02-20T09:39:35Z</time>
      </trkpt>
      <trkpt lat="26.9137893" lon="75.8088391">
        <time>2020-02-20T09:39:41Z</time>
      </trkpt>
      <trkpt lat="26.9137916" lon="75.8088372">
        <time>2020-02-20T09:39:47Z</time>
      </trkpt>
      <trkpt lat="26.9137912" lon="75.8088365">
        <time>2020-02-20T09:39:53Z</time>
      </trkpt>
      <trkpt lat="26.9137914" lon="75.8088364">
        <time>2020-02-20T09:39:59Z</time>
      </trkpt>
      <trkpt lat="26.9137918" lon="75.8088359">
        <time>2020-02-20T09:40:05Z</time>
      </trkpt>
      <trkpt lat="26.9137925" lon="75.8088351">
        <time>2020-02-20T09:40:10Z</time>
      </trkpt>
      <trkpt lat="26.9138099" lon="75.8087816">
        <time>2020-02-20T09:40:16Z</time>
      </trkpt>
      <trkpt lat="26.9138511" lon="75.8085554">
        <time>2020-02-20T09:40:22Z</time>
      </trkpt>
      <trkpt lat="26.9139316" lon="75.8082573">
        <time>2020-02-20T09:40:28Z</time>
      </trkpt>
      <trkpt lat="26.9140123" lon="75.8078480">
        <time>2020-02-20T09:40:34Z</time>
      </trkpt>
      <trkpt lat="26.9140938" lon="75.8075136">
        <time>2020-02-20T09:40:40Z</time>
      </trkpt>
      <trkpt lat="26.9141646" lon="75.8072025">
        <time>2020-02-20T09:40:46Z</time>
      </trkpt>
      <trkpt lat="26.9141837" lon="75.8069856">
        <time>2020-02-20T09:40:51Z</time>
      </trkpt>
      <trkpt lat="26.9142695" lon="75.8066941">
        <time>2020-02-20T09:40:56Z</time>
      </trkpt>
      <trkpt lat="26.9143173" lon="75.8064450">
        <time>2020-02-20T09:41:01Z</time>
      </trkpt>
      <trkpt lat="26.9143646" lon="75.8062061">
        <time>2020-02-20T09:41:07Z</time>
      </trkpt>
      <trkpt lat="26.9143771" lon="75.8060611">
        <time>2020-02-20T09:41:12Z</time>
      </trkpt>
      <trkpt lat="26.9143560" lon="75.8058622">
        <time>2020-02-20T09:41:18Z</time>
      </trkpt>
      <trkpt lat="26.9143785" lon="75.8056976">
        <time>2020-02-20T09:41:24Z</time>
      </trkpt>
      <trkpt lat="26.9144933" lon="75.8055285">
        <time>2020-02-20T09:41:29Z</time>
      </trkpt>
      <trkpt lat="26.9145594" lon="75.8053154">
        <time>2020-02-20T09:41:35Z</time>
      </trkpt>
      <trkpt lat="26.9145852" lon="75.8051666">
        <time>2020-02-20T09:41:40Z</time>
      </trkpt>
      <trkpt lat="26.9146261" lon="75.8049340">
        <time>2020-02-20T09:41:45Z</time>
      </trkpt>
      <trkpt lat="26.9146747" lon="75.8046054">
        <time>2020-02-20T09:41:51Z</time>
      </trkpt>
      <trkpt lat="26.9147415" lon="75.8043718">
        <time>2020-02-20T09:41:57Z</time>
      </trkpt>
      <trkpt lat="26.9147970" lon="75.8041141">
        <time>2020-02-20T09:42:03Z</time>
      </trkpt>
      <trkpt lat="26.9148650" lon="75.8038430">
        <time>2020-02-20T09:42:09Z</time>
      </trkpt>
      <trkpt lat="26.9149201" lon="75.8035177">
        <time>2020-02-20T09:42:14Z</time>
      </trkpt>
      <trkpt lat="26.9149839" lon="75.8032391">
        <time>2020-02-20T09:42:19Z</time>
      </trkpt>
      <trkpt lat="26.9150618" lon="75.8029456">
        <time>2020-02-20T09:42:25Z</time>
      </trkpt>
      <trkpt lat="26.9150706" lon="75.8029626">
        <time>2020-02-20T09:42:31Z</time>
      </trkpt>
      <trkpt lat="26.9151300" lon="75.8027057">
        <time>2020-02-20T09:42:36Z</time>
      </trkpt>
      <trkpt lat="26.9152170" lon="75.8023289">
        <time>2020-02-20T09:42:41Z</time>
      </trkpt>
      <trkpt lat="26.9153099" lon="75.8017894">
        <time>2020-02-20T09:42:47Z</time>
      </trkpt>
      <trkpt lat="26.9153854" lon="75.8014530">
        <time>2020-02-20T09:42:53Z</time>
      </trkpt>
      <trkpt lat="26.9154104" lon="75.8013689">
        <time>2020-02-20T09:42:59Z</time>
      </trkpt>
      <trkpt lat="26.9154094" lon="75.8013592">
        <time>2020-02-20T09:43:05Z</time>
      </trkpt>
      <trkpt lat="26.9154100" lon="75.8013591">
        <time>2020-02-20T09:43:10Z</time>
      </trkpt>
      <trkpt lat="26.9154069" lon="75.8013575">
        <time>2020-02-20T09:43:16Z</time>
      </trkpt>
      <trkpt lat="26.9154235" lon="75.8012992">
        <time>2020-02-20T09:43:21Z</time>
      </trkpt>
      <trkpt lat="26.9154683" lon="75.8011380">
        <time>2020-02-20T09:43:27Z</time>
      </trkpt>
      <trkpt lat="26.9155452" lon="75.8009521">
        <time>2020-02-20T09:43:33Z</time>
      </trkpt>
      <trkpt lat="26.9155985" lon="75.8007298">
        <time>2020-02-20T09:43:39Z</time>
      </trkpt>
      <trkpt lat="26.9157520" lon="75.8005474">
        <time>2020-02-20T09:43:45Z</time>
      </trkpt>
      <trkpt lat="26.9159813" lon="75.8005885">
        <time>2020-02-20T09:43:50Z</time>
      </trkpt>
      <trkpt lat="26.9163775" lon="75.8007054">
        <time>2020-02-20T09:43:56Z</time>
      </trkpt>
      <trkpt lat="26.9166127" lon="75.8007832">
        <time>2020-02-20T09:44:01Z</time>
      </trkpt>
      <trkpt lat="26.9167886" lon="75.8006588">
        <time>2020-02-20T09:44:07Z</time>
      </trkpt>
      <trkpt lat="26.9167926" lon="75.8004575">
        <time>2020-02-20T09:44:13Z</time>
      </trkpt>
      <trkpt lat="26.9167647" lon="75.8003195">
        <time>2020-02-20T09:44:18Z</time>
      </trkpt>
      <trkpt lat="26.9166694" lon="75.7999027">
        <time>2020-02-20T09:44:24Z</time>
      </trkpt>
      <trkpt lat="26.9164842" lon="75.7994435">
        <time>2020-02-20T09:44:30Z</time>
      </trkpt>
      <trkpt lat="26.9164334" lon="75.7991186">
        <time>2020-02-20T09:44:36Z</time>
      </trkpt>
      <trkpt lat="26.9165003" lon="75.7990428">
        <time>2020-02-20T09:44:41Z</time>
      </trkpt>
      <trkpt lat="26.9166105" lon="75.7990190">
        <time>2020-02-20T09:44:47Z</time>
      </trkpt>
      <trkpt lat="26.9167432" lon="75.7991031">
        <time>2020-02-20T09:44:52Z</time>
      </trkpt>
      <trkpt lat="26.9170108" lon="75.7992134">
        <time>2020-02-20T09:44:58Z</time>
      </trkpt>
      <trkpt lat="26.9173342" lon="75.7993664">
        <time>2020-02-20T09:45:04Z</time>
      </trkpt>
      <trkpt lat="26.9175891" lon="75.7994805">
        <time>2020-02-20T09:45:09Z</time>
      </trkpt>
      <trkpt lat="26.9178762" lon="75.7996374">
        <time>2020-02-20T09:45:15Z</time>
      </trkpt>
      <trkpt lat="26.9180812" lon="75.7997649">
        <time>2020-02-20T09:45:21Z</time>
      </trkpt>
      <trkpt lat="26.9182470" lon="75.7998372">
        <time>2020-02-20T09:45:27Z</time>
      </trkpt>
      <trkpt lat="26.9183698" lon="75.7997819">
        <time>2020-02-20T09:45:32Z</time>
      </trkpt>
      <trkpt lat="26.9184706" lon="75.7994752">
        <time>2020-02-20T09:45:38Z</time>
      </trkpt>
      <trkpt lat="26.9185596" lon="75.7991453">
        <time>2020-02-20T09:45:44Z</time>
      </trkpt>
      <trkpt lat="26.9186210" lon="75.7989005">
        <time>2020-02-20T09:45:49Z</time>
      </trkpt>
      <trkpt lat="26.9187091" lon="75.7986576">
        <time>2020-02-20T09:45:55Z</time>
      </trkpt>
      <trkpt lat="26.9187373" lon="75.7986073">
        <time>2020-02-20T09:46:00Z</time>
      </trkpt>
      <trkpt lat="26.9187571" lon="75.7985770">
        <time>2020-02-20T09:46:05Z</time>
      </trkpt>
      <trkpt lat="26.9187868" lon="75.7984946">
        <time>2020-02-20T09:46:11Z</time>
      </trkpt>
      <trkpt lat="26.9189303" lon="75.7981329">
        <time>2020-02-20T09:46:17Z</time>
      </trkpt>
      <trkpt lat="26.9191090" lon="75.7975832">
        <time>2020-02-20T09:46:23Z</time>
      </trkpt>
      <trkpt lat="26.9192715" lon="75.7972380">
        <time>2020-02-20T09:46:28Z</time>
      </trkpt>
      <trkpt lat="26.9193209" lon="75.7970222">
        <time>2020-02-20T09:46:33Z</time>
      </trkpt>
      <trkpt lat="26.9193506" lon="75.7969521">
        <time>2020-02-20T09:46:39Z</time>
      </trkpt>
      <trkpt lat="26.9194439" lon="75.7967038">
        <time>2020-02-20T09:46:44Z</time>
      </trkpt>
      <trkpt lat="26.9195764" lon="75.7963461">
        <time>2020-02-20T09:46:50Z</time>
      </trkpt>
      <trkpt lat="26.9197239" lon="75.7958994">
        <time>2020-02-20T09:46:56Z</time>
      </trkpt>
      <trkpt lat="26.9198701" lon="75.7954242">
        <time>2020-02-20T09:47:02Z</time>
      </trkpt>
      <trkpt lat="26.9199723" lon="75.7950589">
        <time>2020-02-20T09:47:07Z</time>
      </trkpt>
      <trkpt lat="26.9200954" lon="75.7945938">
        <time>2020-02-20T09:47:13Z</time>
      </trkpt>
      <trkpt lat="26.9202312" lon="75.7942264">
        <time>2020-02-20T09:47:19Z</time>
      </trkpt>
      <trkpt lat="26.9204803" lon="75.7941011">
        <time>2020-02-20T09:47:25Z</time>
      </trkpt>
      <trkpt lat="26.9206032" lon="75.7940445">
        <time>2020-02-20T09:47:30Z</time>
      </trkpt>
      <trkpt lat="26.9207348" lon="75.7940502">
        <time>2020-02-20T09:47:36Z</time>
      </trkpt>
      <trkpt lat="26.9209430" lon="75.7940134">
        <time>2020-02-20T09:47:42Z</time>
      </trkpt>
      <trkpt lat="26.9212410" lon="75.7939524">
        <time>2020-02-20T09:47:48Z</time>
      </trkpt>
      <trkpt lat="26.9216102" lon="75.7938628">
        <time>2020-02-20T09:47:53Z</time>
      </trkpt>
      <trkpt lat="26.9220960" lon="75.7937593">
        <time>2020-02-20T09:47:59Z</time>
      </trkpt>
      <trkpt lat="26.9225706" lon="75.7936628">
        <time>2020-02-20T09:48:05Z</time>
      </trkpt>
      <trkpt lat="26.9229776" lon="75.7935696">
        <time>2020-02-20T09:48:11Z</time>
      </trkpt>
      <trkpt lat="26.9233340" lon="75.7935088">
        <time>2020-02-20T09:48:17Z</time>
      </trkpt>
      <trkpt lat="26.9236020" lon="75.7934292">
        <time>2020-02-20T09:48:23Z</time>
      </trkpt>
      <trkpt lat="26.9238097" lon="75.7933666">
        <time>2020-02-20T09:48:29Z</time>
      </trkpt>
      <trkpt lat="26.9239580" lon="75.7933466">
        <time>2020-02-20T09:48:34Z</time>
      </trkpt>
      <trkpt lat="26.9240870" lon="75.7933439">
        <time>2020-02-20T09:48:40Z</time>
      </trkpt>
      <trkpt lat="26.9241728" lon="75.7933019">
        <time>2020-02-20T09:48:45Z</time>
      </trkpt>
      <trkpt lat="26.9242312" lon="75.7933054">
        <time>2020-02-20T09:48:50Z</time>
      </trkpt>
      <trkpt lat="26.9243602" lon="75.7932847">
        <time>2020-02-20T09:48:56Z</time>
      </trkpt>
      <trkpt lat="26.9246084" lon="75.7932148">
        <time>2020-02-20T09:49:02Z</time>
      </trkpt>
      <trkpt lat="26.9250385" lon="75.7931264">
        <time>2020-02-20T09:49:08Z</time>
      </trkpt>
      <trkpt lat="26.9252876" lon="75.7930516">
        <time>2020-02-20T09:49:13Z</time>
      </trkpt>
      <trkpt lat="26.9254774" lon="75.7929039">
        <time>2020-02-20T09:49:19Z</time>
      </trkpt>
      <trkpt lat="26.9256227" lon="75.7926076">
        <time>2020-02-20T09:49:24Z</time>
      </trkpt>
      <trkpt lat="26.9257531" lon="75.7924094">
        <time>2020-02-20T09:49:30Z</time>
      </trkpt>
      <trkpt lat="26.9258586" lon="75.7923220">
        <time>2020-02-20T09:49:36Z</time>
      </trkpt>
      <trkpt lat="26.9260901" lon="75.7922224">
        <time>2020-02-20T09:49:42Z</time>
      </trkpt>
      <trkpt lat="26.9263653" lon="75.7922086">
        <time>2020-02-20T09:49:48Z</time>
      </trkpt>
      <trkpt lat="26.9266203" lon="75.7923918">
        <time>2020-02-20T09:49:54Z</time>
      </trkpt>
      <trkpt lat="26.9267322" lon="75.7925844">
        <time>2020-02-20T09:50:00Z</time>
      </trkpt>
      <trkpt lat="26.9268010" lon="75.7928648">
        <time>2020-02-20T09:50:06Z</time>
      </trkpt>
      <trkpt lat="26.9266694" lon="75.7932272">
        <time>2020-02-20T09:50:12Z</time>
      </trkpt>
      <trkpt lat="26.9264454" lon="75.7934477">
        <time>2020-02-20T09:50:17Z</time>
      </trkpt>
      <trkpt lat="26.9260796" lon="75.7935276">
        <time>2020-02-20T09:50:23Z</time>
      </trkpt>
      <trkpt lat="26.9257955" lon="75.7934106">
        <time>2020-02-20T09:50:28Z</time>
      </trkpt>
      <trkpt lat="26.9255653" lon="75.7931421">
        <time>2020-02-20T09:50:34Z</time>
      </trkpt>
      <trkpt lat="26.9252343" lon="75.7931004">
        <time>2020-02-20T09:50:40Z</time>
      </trkpt>
      <trkpt lat="26.9248984" lon="75.7931778">
        <time>2020-02-20T09:50:46Z</time>
      </trkpt>
      <trkpt lat="26.9246273" lon="75.7932680">
        <time>2020-02-20T09:50:51Z</time>
      </trkpt>
      <trkpt lat="26.9244114" lon="75.7933256">
        <time>2020-02-20T09:50:57Z</time>
      </trkpt>
      <trkpt lat="26.9242365" lon="75.7933584">
        <time>2020-02-20T09:51:03Z</time>
      </trkpt>
      <trkpt lat="26.9240346" lon="75.7934144">
        <time>2020-02-20T09:51:08Z</time>
      </trkpt>
      <trkpt lat="26.9237988" lon="75.7934744">
        <time>2020-02-20T09:51:14Z</time>
      </trkpt>
      <trkpt lat="26.9234477" lon="75.7935278">
        <time>2020-02-20T09:51:20Z</time>
      </trkpt>
      <trkpt lat="26.9230916" lon="75.7935981">
        <time>2020-02-20T09:51:25Z</time>
      </trkpt>
      <trkpt lat="26.9226774" lon="75.7937142">
        <time>2020-02-20T09:51:31Z</time>
      </trkpt>
      <trkpt lat="26.9225067" lon="75.7937746">
        <time>2020-02-20T09:51:36Z</time>
      </trkpt>
      <trkpt lat="26.9224049" lon="75.7938284">
        <time>2020-02-20T09:51:42Z</time>
      </trkpt>
      <trkpt lat="26.9224146" lon="75.7940025">
        <time>2020-02-20T09:51:48Z</time>
      </trkpt>
      <trkpt lat="26.9224817" lon="75.7942418">
        <time>2020-02-20T09:51:54Z</time>
      </trkpt>
      <trkpt lat="26.9225650" lon="75.7944107">
        <time>2020-02-20T09:52:00Z</time>
      </trkpt>
      <trkpt lat="26.9225555" lon="75.7946220">
        <time>2020-02-20T09:52:06Z</time>
      </trkpt>
      <trkpt lat="26.9224760" lon="75.7946614">
        <time>2020-02-20T09:52:12Z</time>
      </trkpt>
      <trkpt lat="26.9222268" lon="75.7945931">
        <time>2020-02-20T09:52:18Z</time>
      </trkpt>
      <trkpt lat="26.9220209" lon="75.7945334">
        <time>2020-02-20T09:52:23Z</time>
      </trkpt>
      <trkpt lat="26.9218328" lon="75.7945014">
        <time>2020-02-20T09:52:29Z</time>
      </trkpt>
      <trkpt lat="26.9217751" lon="75.7945485">
        <time>2020-02-20T09:52:35Z</time>
      </trkpt>
      <trkpt lat="26.9217776" lon="75.7944903">
        <time>2020-02-20T09:52:40Z</time>
      </trkpt>
      <trkpt lat="26.9217729" lon="75.7944550">
        <time>2020-02-20T09:52:46Z</time>
      </trkpt>
      <trkpt lat="26.9217934" lon="75.7945143">
        <time>2020-02-20T09:52:52Z</time>
      </trkpt>
      <trkpt lat="26.9217858" lon="75.7945074">
        <time>2020-02-20T09:52:57Z</time>
      </trkpt>
      <trkpt lat="26.9217892" lon="75.7945098">
        <time>2020-02-20T09:53:03Z</time>
      </trkpt>
      <trkpt lat="26.9217866" lon="75.7945258">
        <time>2020-02-20T09:53:08Z</time>
      </trkpt>
      <trkpt lat="26.9217656" lon="75.7945123">
        <time>2020-02-20T09:53:13Z</time>
      </trkpt>
      <trkpt lat="26.9217784" lon="75.7945073">
        <time>2020-02-20T09:53:19Z</time>
      </trkpt>
      <trkpt lat="26.9217711" lon="75.7945010">
        <time>2020-02-20T09:53:25Z</time>
      </trkpt>
      <trkpt lat="26.9217661" lon="75.7944977">
        <time>2020-02-20T09:53:31Z</time>
      </trkpt>
      <trkpt lat="26.9217680" lon="75.7944969">
        <time>2020-02-20T09:53:37Z</time>
      </trkpt>
      <trkpt lat="26.9217679" lon="75.7944964">
        <time>2020-02-20T09:53:42Z</time>
      </trkpt>
      <trkpt lat="26.9217466" lon="75.7945159">
        <time>2020-02-20T09:53:48Z</time>
      </trkpt>
      <trkpt lat="26.9217101" lon="75.7945129">
        <time>2020-02-20T09:53:53Z</time>
      </trkpt>
      <trkpt lat="26.9216708" lon="75.7945071">
        <time>2020-02-20T09:53:58Z</time>
      </trkpt>
      <trkpt lat="26.9216937" lon="75.7945352">
        <time>2020-02-20T09:54:04Z</time>
      </trkpt>
      <trkpt lat="26.9216865" lon="75.7945366">
        <time>2020-02-20T09:54:09Z</time>
      </trkpt>
      <trkpt lat="26.9216704" lon="75.7945499">
        <time>2020-02-20T09:54:15Z</time>
      </trkpt>
      <trkpt lat="26.9216736" lon="75.7945529">
        <time>2020-02-20T09:54:21Z</time>
      </trkpt>
      <trkpt lat="26.9217544" lon="75.7945506">
        <time>2020-02-20T09:54:27Z</time>
      </trkpt>
      <trkpt lat="26.9217515" lon="75.7946021">
        <time>2020-02-20T09:54:32Z</time>
      </trkpt>
      <trkpt lat="26.9217686" lon="75.7946098">
        <time>2020-02-20T09:54:38Z</time>
      </trkpt>
      <trkpt lat="26.9217803" lon="75.7946221">
        <time>2020-02-20T09:54:44Z</time>
      </trkpt>
      <trkpt lat="26.9217784" lon="75.7946360">
        <time>2020-02-20T09:54:49Z</time>
      </trkpt>
      <trkpt lat="26.9217774" lon="75.7946454">
        <time>2020-02-20T09:54:55Z</time>
      </trkpt>
      <trkpt lat="26.9217766" lon="75.7946489">
        <time>2020-02-20T09:55:01Z</time>
      </trkpt>
      <trkpt lat="26.9217762" lon="75.7946506">
        <time>2020-02-20T09:55:07Z</time>
      </trkpt>
      <trkpt lat="26.9217761" lon="75.7946508">
        <time>2020-02-20T09:55:13Z</time>
      </trkpt>
      <trkpt lat="26.9217759" lon="75.7946513">
        <time>2020-02-20T09:55:18Z</time>
      </trkpt>
      <trkpt lat="26.9217753" lon="75.7946517">
        <time>2020-02-20T09:55:24Z</time>
      </trkpt>
      <trkpt lat="26.9217753" lon="75.7946519">
        <time>2020-02-20T09:55:30Z</time>
      </trkpt>
      <trkpt lat="26.9217752" lon="75.7946527">
        <time>2020-02-20T09:55:35Z</time>
      </trkpt>
      <trkpt lat="26.9217750" lon="75.7946534">
        <time>2020-02-20T09:55:40Z</time>
      </trkpt>
      <trkpt lat="26.9217746" lon="75.7946546">
        <time>2020-02-20T09:55:46Z</time>
      </trkpt>
      <trkpt lat="26.9217757" lon="75.7946560">
        <time>2020-02-20T09:55:52Z</time>
      </trkpt>
      <trkpt lat="26.9217650" lon="75.7946559">
        <time>2020-02-20T09:55:57Z</time>
      </trkpt>
      <trkpt lat="26.9217560" lon="75.7946697">
        <time>2020-02-20T09:56:02Z</time>
      </trkpt>
      <trkpt lat="26.9217527" lon="75.7946779">
        <time>2020-02-20T09:56:08Z</time>
      </trkpt>
      <trkpt lat="26.9217527" lon="75.7946778">
        <time>2020-02-20T09:56:14Z</time>
      </trkpt>
    </trkseg>
  </trk>
  <trk>
    <trkseg>
      <trkpt lat="26.8840088" lon="75.8995981">
        <time>2018-11-30T06:33:16Z</time>
      </trkpt>
      <trkpt lat="26.8845227" lon="75.8977828">
        <time>2018-11-30T06:33:29Z</time>
      </trkpt>
      <trkpt lat="26.8848069" lon="75.8967795">
        <time>2018-11-30T06:33:38Z</time>
      </trkpt>
      <trkpt lat="26.8852658" lon="75.8950756">
        <time>2018-11-30T06:33:51Z</time>
      </trkpt>
      <trkpt lat="26.8859158" lon="75.8926850">
        <time>2018-11-30T06:34:07Z</time>
      </trkpt>
      <trkpt lat="26.8866332" lon="75.8900555">
        <time>2018-11-30T06:34:24Z</time>
      </trkpt>
      <trkpt lat="26.8872389" lon="75.8878065">
        <time>2018-11-30T06:34:39Z</time>
      </trkpt>
      <trkpt lat="26.8879639" lon="75.8849630">
        <time>2018-11-30T06:34:57Z</time>
      </trkpt>
      <trkpt lat="26.8881488" lon="75.8842411">
        <time>2018-11-30T06:35:03Z</time>
      </trkpt>
      <trkpt lat="26.8884565" lon="75.8830538">
        <time>2018-11-30T06:35:14Z</time>
      </trkpt>
      <trkpt lat="26.8889489" lon="75.8810657">
        <time>2018-11-30T06:35:29Z</time>
      </trkpt>
      <trkpt lat="26.8894998" lon="75.8788486">
        <time>2018-11-30T06:35:44Z</time>
      </trkpt>
      <trkpt lat="26.8901893" lon="75.8763507">
        <time>2018-11-30T06:36:00Z</time>
      </trkpt>
      <trkpt lat="26.8905658" lon="75.8750061">
        <time>2018-11-30T06:36:10Z</time>
      </trkpt>
      <trkpt lat="26.8907079" lon="75.8745026">
        <time>2018-11-30T06:36:17Z</time>
      </trkpt>
      <trkpt lat="26.8908275" lon="75.8738854">
        <time>2018-11-30T06:36:26Z</time>
      </trkpt>
      <trkpt lat="26.8911119" lon="75.8728739">
        <time>2018-11-30T06:36:36Z</time>
      </trkpt>
      <trkpt lat="26.8916147" lon="75.8711953">
        <time>2018-11-30T06:36:50Z</time>
      </trkpt>
      <trkpt lat="26.8922928" lon="75.8689768">
        <time>2018-11-30T06:37:06Z</time>
      </trkpt>
      <trkpt lat="26.8929774" lon="75.8670856">
        <time>2018-11-30T06:37:20Z</time>
      </trkpt>
      <trkpt lat="26.8933870" lon="75.8660347">
        <time>2018-11-30T06:37:30Z</time>
      </trkpt>
      <trkpt lat="26.8934779" lon="75.8658580">
        <time>2018-11-30T06:37:33Z</time>
      </trkpt>
      <trkpt lat="26.8935905" lon="75.8656923">
        <time>2018-11-30T06:37:40Z</time>
      </trkpt>
      <trkpt lat="26.8938148" lon="75.8653280">
        <time>2018-11-30T06:37:48Z</time>
      </trkpt>
      <trkpt lat="26.8943768" lon="75.8644311">
        <time>2018-11-30T06:38:01Z</time>
      </trkpt>
      <trkpt lat="26.8948938" lon="75.8634939">
        <time>2018-11-30T06:38:12Z</time>
      </trkpt>
      <trkpt lat="26.8952971" lon="75.8622409">
        <time>2018-11-30T06:38:24Z</time>
      </trkpt>
      <trkpt lat="26.8953421" lon="75.8619177">
        <time>2018-11-30T06:38:27Z</time>
      </trkpt>
      <trkpt lat="26.8953372" lon="75.8618029">
        <time>2018-11-30T06:38:28Z</time>
      </trkpt>
      <trkpt lat="26.8952917" lon="75.8614760">
        <time>2018-11-30T06:38:31Z</time>
      </trkpt>
      <trkpt lat="26.8952658" lon="75.8613750">
        <time>2018-11-30T06:38:32Z</time>
      </trkpt>
      <trkpt lat="26.8952353" lon="75.8612759">
        <time>2018-11-30T06:38:33Z</time>
      </trkpt>
      <trkpt lat="26.8949850" lon="75.8607894">
        <time>2018-11-30T06:38:38Z</time>
      </trkpt>
      <trkpt lat="26.8949166" lon="75.8607048">
        <time>2018-11-30T06:38:39Z</time>
      </trkpt>
      <trkpt lat="26.8940506" lon="75.8597432">
        <time>2018-11-30T06:38:50Z</time>
      </trkpt>
      <trkpt lat="26.8930887" lon="75.8584253">
        <time>2018-11-30T06:39:03Z</time>
      </trkpt>
      <trkpt lat="26.8929197" lon="75.8576506">
        <time>2018-11-30T06:39:09Z</time>
      </trkpt>
      <trkpt lat="26.8929196" lon="75.8574023">
        <time>2018-11-30T06:39:11Z</time>
      </trkpt>
      <trkpt lat="26.8929399" lon="75.8572742">
        <time>2018-11-30T06:39:12Z</time>
      </trkpt>
      <trkpt lat="26.8929643" lon="75.8571611">
        <time>2018-11-30T06:39:13Z</time>
      </trkpt>
      <trkpt lat="26.8929893" lon="75.8570426">
        <time>2018-11-30T06:39:14Z</time>
      </trkpt>
      <trkpt lat="26.8930104" lon="75.8569244">
        <time>2018-11-30T06:39:15Z</time>
      </trkpt>
      <trkpt lat="26.8962966" lon="75.8484877">
        <time>2018-11-30T06:40:40Z</time>
      </trkpt>
      <trkpt lat="26.8972352" lon="75.8477000">
        <time>2018-11-30T06:40:51Z</time>
      </trkpt>
      <trkpt lat="26.8981021" lon="75.8475059">
        <time>2018-11-30T06:40:59Z</time>
      </trkpt>
      <trkpt lat="26.8990264" lon="75.8473723">
        <time>2018-11-30T06:41:09Z</time>
      </trkpt>
      <trkpt lat="26.8992531" lon="75.8473433">
        <time>2018-11-30T06:41:14Z</time>
      </trkpt>
      <trkpt lat="26.8993985" lon="75.8473105">
        <time>2018-11-30T06:41:25Z</time>
      </trkpt>
      <trkpt lat="26.8993492" lon="75.8472515">
        <time>2018-11-30T06:41:45Z</time>
      </trkpt>
      <trkpt lat="26.8995442" lon="75.8472377">
        <time>2018-11-30T06:41:56Z</time>
      </trkpt>
      <trkpt lat="26.9000779" lon="75.8470624">
        <time>2018-11-30T06:42:05Z</time>
      </trkpt>
      <trkpt lat="26.9004857" lon="75.8467723">
        <time>2018-11-30T06:42:11Z</time>
      </trkpt>
      <trkpt lat="26.9005453" lon="75.8467006">
        <time>2018-11-30T06:42:12Z</time>
      </trkpt>
      <trkpt lat="26.9005968" lon="75.8466263">
        <time>2018-11-30T06:42:13Z</time>
      </trkpt>
      <trkpt lat="26.9006443" lon="75.8465450">
        <time>2018-11-30T06:42:14Z</time>
      </trkpt>
      <trkpt lat="26.9006873" lon="75.8464528">
        <time>2018-11-30T06:42:15Z</time>
      </trkpt>
      <trkpt lat="26.9007252" lon="75.8463537">
        <time>2018-11-30T06:42:16Z</time>
      </trkpt>
      <trkpt lat="26.9007571" lon="75.8462554">
        <time>2018-11-30T06:42:17Z</time>
      </trkpt>
      <trkpt lat="26.9007851" lon="75.8461558">
        <time>2018-11-30T06:42:18Z</time>
      </trkpt>
      <trkpt lat="26.9009246" lon="75.8450785">
        <time>2018-11-30T06:42:28Z</time>
      </trkpt>
      <trkpt lat="26.9008933" lon="75.8446204">
        <time>2018-11-30T06:42:34Z</time>
      </trkpt>
      <trkpt lat="26.9008741" lon="75.8445593">
        <time>2018-11-30T06:42:41Z</time>
      </trkpt>
      <trkpt lat="26.9008487" lon="75.8445126">
        <time>2018-11-30T06:42:47Z</time>
      </trkpt>
      <trkpt lat="26.9008411" lon="75.8444986">
        <time>2018-11-30T06:42:48Z</time>
      </trkpt>
      <trkpt lat="26.9008289" lon="75.8444791">
        <time>2018-11-30T06:42:49Z</time>
      </trkpt>
      <trkpt lat="26.9006164" lon="75.8441399">
        <time>2018-11-30T06:42:58Z</time>
      </trkpt>
      <trkpt lat="26.9005566" lon="75.8440115">
        <time>2018-11-30T06:43:00Z</time>
      </trkpt>
      <trkpt lat="26.9005415" lon="75.8439337">
        <time>2018-11-30T06:43:01Z</time>
      </trkpt>
      <trkpt lat="26.9005408" lon="75.8438716">
        <time>2018-11-30T06:43:02Z</time>
      </trkpt>
      <trkpt lat="26.9005455" lon="75.8438211">
        <time>2018-11-30T06:43:03Z</time>
      </trkpt>
      <trkpt lat="26.9005606" lon="75.8437608">
        <time>2018-11-30T06:43:04Z</time>
      </trkpt>
      <trkpt lat="26.9005879" lon="75.8437057">
        <time>2018-11-30T06:43:05Z</time>
      </trkpt>
      <trkpt lat="26.9006220" lon="75.8436572">
        <time>2018-11-30T06:43:06Z</time>
      </trkpt>
      <trkpt lat="26.9006609" lon="75.8436155">
        <time>2018-11-30T06:43:07Z</time>
      </trkpt>
      <trkpt lat="26.9007054" lon="75.8435840">
        <time>2018-11-30T06:43:08Z</time>
      </trkpt>
      <trkpt lat="26.9007616" lon="75.8435601">
        <time>2018-11-30T06:43:09Z</time>
      </trkpt>
      <trkpt lat="26.9008130" lon="75.8435488">
        <time>2018-11-30T06:43:10Z</time>
      </trkpt>
      <trkpt lat="26.9008681" lon="75.8435451">
        <time>2018-11-30T06:43:11Z</time>
      </trkpt>
      <trkpt lat="26.9009328" lon="75.8435459">
        <time>2018-11-30T06:43:12Z</time>
      </trkpt>
      <trkpt lat="26.9018778" lon="75.8435503">
        <time>2018-11-30T06:43:25Z</time>
      </trkpt>
      <trkpt lat="26.9029221" lon="75.8435840">
        <time>2018-11-30T06:43:36Z</time>
      </trkpt>
      <trkpt lat="26.9033203" lon="75.8437237">
        <time>2018-11-30T06:43:42Z</time>
      </trkpt>
      <trkpt lat="26.9035056" lon="75.8438249">
        <time>2018-11-30T06:43:49Z</time>
      </trkpt>
      <trkpt lat="26.9037748" lon="75.8440277">
        <time>2018-11-30T06:43:59Z</time>
      </trkpt>
      <trkpt lat="26.9041940" lon="75.8443932">
        <time>2018-11-30T06:44:09Z</time>
      </trkpt>
      <trkpt lat="26.9045029" lon="75.8446541">
        <time>2018-11-30T06:44:18Z</time>
      </trkpt>
      <trkpt lat="26.9045467" lon="75.8446796">
        <time>2018-11-30T06:44:19Z</time>
      </trkpt>
      <trkpt lat="26.9051060" lon="75.8450636">
        <time>2018-11-30T06:44:30Z</time>
      </trkpt>
      <trkpt lat="26.9058560" lon="75.8456074">
        <time>2018-11-30T06:44:41Z</time>
      </trkpt>
      <trkpt lat="26.9067143" lon="75.8461731">
        <time>2018-11-30T06:44:53Z</time>
      </trkpt>
      <trkpt lat="26.9074406" lon="75.8465129">
        <time>2018-11-30T06:45:03Z</time>
      </trkpt>
      <trkpt lat="26.9086997" lon="75.8468068">
        <time>2018-11-30T06:45:17Z</time>
      </trkpt>
      <trkpt lat="26.9091283" lon="75.8469101">
        <time>2018-11-30T06:45:24Z</time>
      </trkpt>
      <trkpt lat="26.9100710" lon="75.8471096">
        <time>2018-11-30T06:45:36Z</time>
      </trkpt>
      <trkpt lat="26.9106507" lon="75.8472293">
        <time>2018-11-30T06:45:45Z</time>
      </trkpt>
      <trkpt lat="26.9109190" lon="75.8472875">
        <time>2018-11-30T06:45:54Z</time>
      </trkpt>
      <trkpt lat="26.9112588" lon="75.8473658">
        <time>2018-11-30T06:46:03Z</time>
      </trkpt>
      <trkpt lat="26.9121254" lon="75.8475552">
        <time>2018-11-30T06:46:16Z</time>
      </trkpt>
      <trkpt lat="26.9131842" lon="75.8477950">
        <time>2018-11-30T06:46:29Z</time>
      </trkpt>
      <trkpt lat="26.9139079" lon="75.8479585">
        <time>2018-11-30T06:46:39Z</time>
      </trkpt>
      <trkpt lat="26.9150733" lon="75.8482323">
        <time>2018-11-30T06:46:52Z</time>
      </trkpt>
      <trkpt lat="26.9161642" lon="75.8484832">
        <time>2018-11-30T06:47:06Z</time>
      </trkpt>
      <trkpt lat="26.9176621" lon="75.8488401">
        <time>2018-11-30T06:47:24Z</time>
      </trkpt>
      <trkpt lat="26.9179048" lon="75.8488748">
        <time>2018-11-30T06:47:29Z</time>
      </trkpt>
      <trkpt lat="26.9179769" lon="75.8488635">
        <time>2018-11-30T06:47:39Z</time>
      </trkpt>
      <trkpt lat="26.9179603" lon="75.8488674">
        <time>2018-11-30T06:47:55Z</time>
      </trkpt>
      <trkpt lat="26.9179492" lon="75.8488710">
        <time>2018-11-30T06:48:20Z</time>
      </trkpt>
      <trkpt lat="26.9180907" lon="75.8488838">
        <time>2018-11-30T06:48:35Z</time>
      </trkpt>
      <trkpt lat="26.9184964" lon="75.8489169">
        <time>2018-11-30T06:48:48Z</time>
      </trkpt>
      <trkpt lat="26.9188557" lon="75.8488497">
        <time>2018-11-30T06:48:56Z</time>
      </trkpt>
      <trkpt lat="26.9195228" lon="75.8485521">
        <time>2018-11-30T06:49:05Z</time>
      </trkpt>
      <trkpt lat="26.9204433" lon="75.8478481">
        <time>2018-11-30T06:49:16Z</time>
      </trkpt>
      <trkpt lat="26.9211191" lon="75.8472734">
        <time>2018-11-30T06:49:26Z</time>
      </trkpt>
      <trkpt lat="26.9217418" lon="75.8467484">
        <time>2018-11-30T06:49:36Z</time>
      </trkpt>
      <trkpt lat="26.9227867" lon="75.8459530">
        <time>2018-11-30T06:49:48Z</time>
      </trkpt>
      <trkpt lat="26.9235884" lon="75.8455965">
        <time>2018-11-30T06:49:57Z</time>
      </trkpt>
      <trkpt lat="26.9246372" lon="75.8454558">
        <time>2018-11-30T06:50:09Z</time>
      </trkpt>
      <trkpt lat="26.9251832" lon="75.8454157">
        <time>2018-11-30T06:50:17Z</time>
      </trkpt>
      <trkpt lat="26.9258082" lon="75.8453546">
        <time>2018-11-30T06:50:27Z</time>
      </trkpt>
      <trkpt lat="26.9267080" lon="75.8452033">
        <time>2018-11-30T06:50:37Z</time>
      </trkpt>
      <trkpt lat="26.9280140" lon="75.8449997">
        <time>2018-11-30T06:50:51Z</time>
      </trkpt>
      <trkpt lat="26.9288159" lon="75.8448898">
        <time>2018-11-30T06:51:03Z</time>
      </trkpt>
      <trkpt lat="26.9296123" lon="75.8448834">
        <time>2018-11-30T06:51:13Z</time>
      </trkpt>
      <trkpt lat="26.9305295" lon="75.8450397">
        <time>2018-11-30T06:51:24Z</time>
      </trkpt>
      <trkpt lat="26.9309464" lon="75.8451512">
        <time>2018-11-30T06:51:32Z</time>
      </trkpt>
      <trkpt lat="26.9319962" lon="75.8453946">
        <time>2018-11-30T06:51:45Z</time>
      </trkpt>
      <trkpt lat="26.9335156" lon="75.8457077">
        <time>2018-11-30T06:52:01Z</time>
      </trkpt>
      <trkpt lat="26.9340449" lon="75.8457893">
        <time>2018-11-30T06:52:09Z</time>
      </trkpt>
      <trkpt lat="26.9341872" lon="75.8458075">
        <time>2018-11-30T06:52:17Z</time>
      </trkpt>
      <trkpt lat="26.9345220" lon="75.8458876">
        <time>2018-11-30T06:52:26Z</time>
      </trkpt>
      <trkpt lat="26.9352054" lon="75.8460152">
        <time>2018-11-30T06:52:34Z</time>
      </trkpt>
      <trkpt lat="26.9365232" lon="75.8462479">
        <time>2018-11-30T06:52:45Z</time>
      </trkpt>
      <trkpt lat="26.9378472" lon="75.8465235">
        <time>2018-11-30T06:52:56Z</time>
      </trkpt>
      <trkpt lat="26.9387196" lon="75.8467905">
        <time>2018-11-30T06:53:05Z</time>
      </trkpt>
      <trkpt lat="26.9391286" lon="75.8470456">
        <time>2018-11-30T06:53:13Z</time>
      </trkpt>
      <trkpt lat="26.9397758" lon="75.8475894">
        <time>2018-11-30T06:53:22Z</time>
      </trkpt>
      <trkpt lat="26.9407504" lon="75.8483140">
        <time>2018-11-30T06:53:32Z</time>
      </trkpt>
      <trkpt lat="26.9415093" lon="75.8487354">
        <time>2018-11-30T06:53:40Z</time>
      </trkpt>
      <trkpt lat="26.9425541" lon="75.8492033">
        <time>2018-11-30T06:53:50Z</time>
      </trkpt>
      <trkpt lat="26.9439432" lon="75.8498754">
        <time>2018-11-30T06:54:02Z</time>
      </trkpt>
      <trkpt lat="26.9448321" lon="75.8500545">
        <time>2018-11-30T06:54:10Z</time>
      </trkpt>
      <trkpt lat="26.9455651" lon="75.8500994">
        <time>2018-11-30T06:54:18Z</time>
      </trkpt>
      <trkpt lat="26.9458146" lon="75.8501488">
        <time>2018-11-30T06:54:24Z</time>
      </trkpt>
      <trkpt lat="26.9460033" lon="75.8501362">
        <time>2018-11-30T06:54:32Z</time>
      </trkpt>
      <trkpt lat="26.9460492" lon="75.8500894">
        <time>2018-11-30T06:54:34Z</time>
      </trkpt>
      <trkpt lat="26.9460724" lon="75.8500457">
        <time>2018-11-30T06:54:35Z</time>
      </trkpt>
      <trkpt lat="26.9460876" lon="75.8499939">
        <time>2018-11-30T06:54:36Z</time>
      </trkpt>
      <trkpt lat="26.9460942" lon="75.8499340">
        <time>2018-11-30T06:54:37Z</time>
      </trkpt>
      <trkpt lat="26.9460965" lon="75.8498708">
        <time>2018-11-30T06:54:38Z</time>
      </trkpt>
      <trkpt lat="26.9460719" lon="75.8490602">
        <time>2018-11-30T06:54:48Z</time>
      </trkpt>
      <trkpt lat="26.9460842" lon="75.8478079">
        <time>2018-11-30T06:54:59Z</time>
      </trkpt>
      <trkpt lat="26.9460857" lon="75.8473288">
        <time>2018-11-30T06:55:05Z</time>
      </trkpt>
      <trkpt lat="26.9460864" lon="75.8464478">
        <time>2018-11-30T06:55:22Z</time>
      </trkpt>
      <trkpt lat="26.9460929" lon="75.8457034">
        <time>2018-11-30T06:55:34Z</time>
      </trkpt>
      <trkpt lat="26.9461023" lon="75.8453785">
        <time>2018-11-30T06:55:41Z</time>
      </trkpt>
      <trkpt lat="26.9461054" lon="75.8449886">
        <time>2018-11-30T06:55:51Z</time>
      </trkpt>
      <trkpt lat="26.9461038" lon="75.8442582">
        <time>2018-11-30T06:56:01Z</time>
      </trkpt>
      <trkpt lat="26.9461773" lon="75.8435391">
        <time>2018-11-30T06:56:12Z</time>
      </trkpt>
      <trkpt lat="26.9461836" lon="75.8429916">
        <time>2018-11-30T06:56:22Z</time>
      </trkpt>
      <trkpt lat="26.9461654" lon="75.8420990">
        <time>2018-11-30T06:56:35Z</time>
      </trkpt>
      <trkpt lat="26.9461313" lon="75.8414994">
        <time>2018-11-30T06:56:46Z</time>
      </trkpt>
      <trkpt lat="26.9461206" lon="75.8408316">
        <time>2018-11-30T06:56:57Z</time>
      </trkpt>
      <trkpt lat="26.9461179" lon="75.8406076">
        <time>2018-11-30T06:57:05Z</time>
      </trkpt>
      <trkpt lat="26.9461115" lon="75.8405744">
        <time>2018-11-30T06:57:14Z</time>
      </trkpt>
      <trkpt lat="26.9461211" lon="75.8405697">
        <time>2018-11-30T06:57:35Z</time>
      </trkpt>
      <trkpt lat="26.9461209" lon="75.8404915">
        <time>2018-11-30T06:57:56Z</time>
      </trkpt>
      <trkpt lat="26.9461378" lon="75.8402739">
        <time>2018-11-30T06:58:05Z</time>
      </trkpt>
      <trkpt lat="26.9461327" lon="75.8402735">
        <time>2018-11-30T06:58:17Z</time>
      </trkpt>
      <trkpt lat="26.9460997" lon="75.8402871">
        <time>2018-11-30T06:58:38Z</time>
      </trkpt>
      <trkpt lat="26.9461246" lon="75.8402707">
        <time>2018-11-30T06:59:03Z</time>
      </trkpt>
      <trkpt lat="26.9461380" lon="75.8401957">
        <time>2018-11-30T06:59:24Z</time>
      </trkpt>
      <trkpt lat="26.9462914" lon="75.8400383">
        <time>2018-11-30T06:59:31Z</time>
      </trkpt>
      <trkpt lat="26.9465946" lon="75.8401274">
        <time>2018-11-30T06:59:41Z</time>
      </trkpt>
      <trkpt lat="26.9469747" lon="75.8402064">
        <time>2018-11-30T06:59:55Z</time>
      </trkpt>
      <trkpt lat="26.9471909" lon="75.8402560">
        <time>2018-11-30T07:00:05Z</time>
      </trkpt>
      <trkpt lat="26.9472061" lon="75.8402706">
        <time>2018-11-30T07:00:19Z</time>
      </trkpt>
      <trkpt lat="26.9472147" lon="75.8403142">
        <time>2018-11-30T07:00:24Z</time>
      </trkpt>
      <trkpt lat="26.9472098" lon="75.8403361">
        <time>2018-11-30T07:00:25Z</time>
      </trkpt>
      <trkpt lat="26.9472015" lon="75.8403538">
        <time>2018-11-30T07:00:26Z</time>
      </trkpt>
      <trkpt lat="26.9471869" lon="75.8403676">
        <time>2018-11-30T07:00:27Z</time>
      </trkpt>
      <trkpt lat="26.9471645" lon="75.8403777">
        <time>2018-11-30T07:00:28Z</time>
      </trkpt>
      <trkpt lat="26.9471331" lon="75.8403810">
        <time>2018-11-30T07:00:29Z</time>
      </trkpt>
      <trkpt lat="26.9470962" lon="75.8403734">
        <time>2018-11-30T07:00:30Z</time>
      </trkpt>
      <trkpt lat="26.9470678" lon="75.8403674">
        <time>2018-11-30T07:00:31Z</time>
      </trkpt>
      <trkpt lat="26.9465460" lon="75.8402189">
        <time>2018-11-30T07:00:42Z</time>
      </trkpt>
      <trkpt lat="26.9463473" lon="75.8401839">
        <time>2018-11-30T07:00:50Z</time>
      </trkpt>
      <trkpt lat="26.9463670" lon="75.8402056">
        <time>2018-11-30T07:01:06Z</time>
      </trkpt>
      <trkpt lat="26.9462304" lon="75.8401845">
        <time>2018-11-30T07:01:22Z</time>
      </trkpt>
      <trkpt lat="26.9457472" lon="75.8400286">
        <time>2018-11-30T07:01:35Z</time>
      </trkpt>
      <trkpt lat="26.9455760" lon="75.8400310">
        <time>2018-11-30T07:01:44Z</time>
      </trkpt>
      <trkpt lat="26.9456034" lon="75.8400233">
        <time>2018-11-30T07:02:06Z</time>
      </trkpt>
      <trkpt lat="26.9455997" lon="75.8400235">
        <time>2018-11-30T07:02:28Z</time>
      </trkpt>
      <trkpt lat="26.9455724" lon="75.8400154">
        <time>2018-11-30T07:02:32Z</time>
      </trkpt>
      <trkpt lat="26.9453822" lon="75.8399855">
        <time>2018-11-30T07:02:44Z</time>
      </trkpt>
      <trkpt lat="26.9452709" lon="75.8399920">
        <time>2018-11-30T07:02:57Z</time>
      </trkpt>
      <trkpt lat="26.9452809" lon="75.8400035">
        <time>2018-11-30T07:03:14Z</time>
      </trkpt>
      <trkpt lat="26.9452695" lon="75.8399999">
        <time>2018-11-30T07:03:49Z</time>
      </trkpt>
      <trkpt lat="26.9452859" lon="75.8400052">
        <time>2018-11-30T07:04:23Z</time>
      </trkpt>
      <trkpt lat="26.9452848" lon="75.8400067">
        <time>2018-11-30T07:04:56Z</time>
      </trkpt>
      <trkpt lat="26.9452793" lon="75.8400058">
        <time>2018-11-30T07:05:32Z</time>
      </trkpt>
      <trkpt lat="26.9452728" lon="75.8400161">
        <time>2018-11-30T07:06:07Z</time>
      </trkpt>
      <trkpt lat="26.9452744" lon="75.8400018">
        <time>2018-11-30T07:06:36Z</time>
      </trkpt>
      <trkpt lat="26.9452708" lon="75.8399913">
        <time>2018-11-30T07:07:08Z</time>
      </trkpt>
      <trkpt lat="26.9452719" lon="75.8399854">
        <time>2018-11-30T07:07:45Z</time>
      </trkpt>
      <trkpt lat="26.9452713" lon="75.8399849">
        <time>2018-11-30T07:08:20Z</time>
      </trkpt>
      <trkpt lat="26.9452838" lon="75.8399911">
        <time>2018-11-30T07:08:56Z</time>
      </trkpt>
      <trkpt lat="26.9452760" lon="75.8399782">
        <time>2018-11-30T07:09:36Z</time>
      </trkpt>
      <trkpt lat="26.9452866" lon="75.8399723">
        <time>2018-11-30T07:10:09Z</time>
      </trkpt>
      <trkpt lat="26.9452742" lon="75.8399694">
        <time>2018-11-30T07:10:43Z</time>
      </trkpt>
      <trkpt lat="26.9452626" lon="75.8399770">
        <time>2018-11-30T07:11:26Z</time>
      </trkpt>
      <trkpt lat="26.9452589" lon="75.8399775">
        <time>2018-11-30T07:12:04Z</time>
      </trkpt>
      <trkpt lat="26.9452490" lon="75.8399823">
        <time>2018-11-30T07:12:44Z</time>
      </trkpt>
      <trkpt lat="26.9452726" lon="75.8399805">
        <time>2018-11-30T07:13:24Z</time>
      </trkpt>
      <trkpt lat="26.9453016" lon="75.8399840">
        <time>2018-11-30T07:14:03Z</time>
      </trkpt>
      <trkpt lat="26.9452996" lon="75.8399898">
        <time>2018-11-30T07:14:40Z</time>
      </trkpt>
      <trkpt lat="26.9453046" lon="75.8399921">
        <time>2018-11-30T07:15:18Z</time>
      </trkpt>
      <trkpt lat="26.9452992" lon="75.8399839">
        <time>2018-11-30T07:15:58Z</time>
      </trkpt>
      <trkpt lat="26.9452889" lon="75.8400048">
        <time>2018-11-30T07:16:33Z</time>
      </trkpt>
      <trkpt lat="26.9453125" lon="75.8399921">
        <time>2018-11-30T07:17:09Z</time>
      </trkpt>
      <trkpt lat="26.9453195" lon="75.8399935">
        <time>2018-11-30T07:17:40Z</time>
      </trkpt>
      <trkpt lat="26.9453142" lon="75.8400109">
        <time>2018-11-30T07:18:17Z</time>
      </trkpt>
      <trkpt lat="26.9452977" lon="75.8399904">
        <time>2018-11-30T07:18:57Z</time>
      </trkpt>
      <trkpt lat="26.9453007" lon="75.8399690">
        <time>2018-11-30T07:19:33Z</time>
      </trkpt>
      <trkpt lat="26.9453001" lon="75.8399842">
        <time>2018-11-30T07:20:09Z</time>
      </trkpt>
      <trkpt lat="26.9452932" lon="75.8399699">
        <time>2018-11-30T07:20:52Z</time>
      </trkpt>
      <trkpt lat="26.9452802" lon="75.8399842">
        <time>2018-11-30T07:21:31Z</time>
      </trkpt>
      <trkpt lat="26.9452718" lon="75.8399761">
        <time>2018-11-30T07:22:13Z</time>
      </trkpt>
      <trkpt lat="26.9452607" lon="75.8399795">
        <time>2018-11-30T07:22:51Z</time>
      </trkpt>
      <trkpt lat="26.9452551" lon="75.8399745">
        <time>2018-11-30T07:23:26Z</time>
      </trkpt>
      <trkpt lat="26.9452461" lon="75.8399710">
        <time>2018-11-30T07:24:02Z</time>
      </trkpt>
      <trkpt lat="26.9452531" lon="75.8399691">
        <time>2018-11-30T07:24:27Z</time>
      </trkpt>
      <trkpt lat="26.9452562" lon="75.8399743">
        <time>2018-11-30T07:25:01Z</time>
      </trkpt>
      <trkpt lat="26.9452372" lon="75.8399908">
        <time>2018-11-30T07:25:34Z</time>
      </trkpt>
      <trkpt lat="26.9452346" lon="75.8399868">
        <time>2018-11-30T07:26:05Z</time>
      </trkpt>
      <trkpt lat="26.9452458" lon="75.8400051">
        <time>2018-11-30T07:26:45Z</time>
      </trkpt>
      <trkpt lat="26.9452382" lon="75.8399959">
        <time>2018-11-30T07:27:21Z</time>
      </trkpt>
      <trkpt lat="26.9452363" lon="75.8399880">
        <time>2018-11-30T07:27:54Z</time>
      </trkpt>
      <trkpt lat="26.9452264" lon="75.8399882">
        <time>2018-11-30T07:28:31Z</time>
      </trkpt>
      <trkpt lat="26.9452128" lon="75.8399829">
        <time>2018-11-30T07:29:08Z</time>
      </trkpt>
      <trkpt lat="26.9452396" lon="75.8399939">
        <time>2018-11-30T07:29:49Z</time>
      </trkpt>
      <trkpt lat="26.9452469" lon="75.8399816">
        <time>2018-11-30T07:30:27Z</time>
      </trkpt>
      <trkpt lat="26.9452365" lon="75.8399909">
        <time>2018-11-30T07:31:06Z</time>
      </trkpt>
      <trkpt lat="26.9452544" lon="75.8399901">
        <time>2018-11-30T07:31:43Z</time>
      </trkpt>
      <trkpt lat="26.9452573" lon="75.8399928">
        <time>2018-11-30T07:32:17Z</time>
      </trkpt>
      <trkpt lat="26.9452677" lon="75.8399943">
        <time>2018-11-30T07:32:56Z</time>
      </trkpt>
      <trkpt lat="26.9452744" lon="75.8399955">
        <time>2018-11-30T07:33:31Z</time>
      </trkpt>
      <trkpt lat="26.9453036" lon="75.8400051">
        <time>2018-11-30T07:34:06Z</time>
      </trkpt>
      <trkpt lat="26.9453105" lon="75.8400009">
        <time>2018-11-30T07:34:35Z</time>
      </trkpt>
      <trkpt lat="26.9453044" lon="75.8400057">
        <time>2018-11-30T07:35:02Z</time>
      </trkpt>
      <trkpt lat="26.9453079" lon="75.8400097">
        <time>2018-11-30T07:35:25Z</time>
      </trkpt>
      <trkpt lat="26.9453084" lon="75.8400149">
        <time>2018-11-30T07:35:59Z</time>
      </trkpt>
      <trkpt lat="26.9452832" lon="75.8400132">
        <time>2018-11-30T07:36:37Z</time>
      </trkpt>
      <trkpt lat="26.9452739" lon="75.8400246">
        <time>2018-11-30T07:37:11Z</time>
      </trkpt>
      <trkpt lat="26.9452879" lon="75.8400232">
        <time>2018-11-30T07:37:39Z</time>
      </trkpt>
      <trkpt lat="26.9452870" lon="75.8400149">
        <time>2018-11-30T07:38:19Z</time>
      </trkpt>
      <trkpt lat="26.9453002" lon="75.8400123">
        <time>2018-11-30T07:38:53Z</time>
      </trkpt>
      <trkpt lat="26.9452854" lon="75.8399943">
        <time>2018-11-30T07:39:25Z</time>
      </trkpt>
      <trkpt lat="26.9452979" lon="75.8399942">
        <time>2018-11-30T07:39:56Z</time>
      </trkpt>
      <trkpt lat="26.9453254" lon="75.8400056">
        <time>2018-11-30T07:40:28Z</time>
      </trkpt>
      <trkpt lat="26.9453392" lon="75.8400157">
        <time>2018-11-30T07:41:03Z</time>
      </trkpt>
      <trkpt lat="26.9453350" lon="75.8400290">
        <time>2018-11-30T07:41:39Z</time>
      </trkpt>
      <trkpt lat="26.9453349" lon="75.8400204">
        <time>2018-11-30T07:42:16Z</time>
      </trkpt>
      <trkpt lat="26.9453501" lon="75.8400093">
        <time>2018-11-30T07:42:50Z</time>
      </trkpt>
      <trkpt lat="26.9453514" lon="75.8400036">
        <time>2018-11-30T07:43:21Z</time>
      </trkpt>
      <trkpt lat="26.9453356" lon="75.8400015">
        <time>2018-11-30T07:43:47Z</time>
      </trkpt>
      <trkpt lat="26.9453294" lon="75.8399931">
        <time>2018-11-30T07:44:15Z</time>
      </trkpt>
      <trkpt lat="26.9453119" lon="75.8399972">
        <time>2018-11-30T07:44:39Z</time>
      </trkpt>
      <trkpt lat="26.9453070" lon="75.8399952">
        <time>2018-11-30T07:45:11Z</time>
      </trkpt>
      <trkpt lat="26.9453195" lon="75.8400053">
        <time>2018-11-30T07:45:40Z</time>
      </trkpt>
      <trkpt lat="26.9453003" lon="75.8399808">
        <time>2018-11-30T07:46:13Z</time>
      </trkpt>
      <trkpt lat="26.9453025" lon="75.8399768">
        <time>2018-11-30T07:46:38Z</time>
      </trkpt>
      <trkpt lat="26.9453114" lon="75.8399758">
        <time>2018-11-30T07:47:09Z</time>
      </trkpt>
      <trkpt lat="26.9453040" lon="75.8399791">
        <time>2018-11-30T07:47:42Z</time>
      </trkpt>
      <trkpt lat="26.9452845" lon="75.8399761">
        <time>2018-11-30T07:48:14Z</time>
      </trkpt>
      <trkpt lat="26.9452833" lon="75.8399882">
        <time>2018-11-30T07:48:47Z</time>
      </trkpt>
      <trkpt lat="26.9453045" lon="75.8399959">
        <time>2018-11-30T07:49:16Z</time>
      </trkpt>
      <trkpt lat="26.9453150" lon="75.8399993">
        <time>2018-11-30T07:49:51Z</time>
      </trkpt>
      <trkpt lat="26.9452944" lon="75.8400026">
        <time>2018-11-30T07:50:24Z</time>
      </trkpt>
      <trkpt lat="26.9453084" lon="75.8399955">
        <time>2018-11-30T07:50:48Z</time>
      </trkpt>
      <trkpt lat="26.9452945" lon="75.8399879">
        <time>2018-11-30T07:51:18Z</time>
      </trkpt>
      <trkpt lat="26.9453081" lon="75.8399926">
        <time>2018-11-30T07:51:39Z</time>
      </trkpt>
      <trkpt lat="26.9453135" lon="75.8399916">
        <time>2018-11-30T07:52:07Z</time>
      </trkpt>
      <trkpt lat="26.9453112" lon="75.8399897">
        <time>2018-11-30T07:52:40Z</time>
      </trkpt>
      <trkpt lat="26.9453059" lon="75.8399822">
        <time>2018-11-30T07:53:14Z</time>
      </trkpt>
      <trkpt lat="26.9453147" lon="75.8399916">
        <time>2018-11-30T07:53:45Z</time>
      </trkpt>
      <trkpt lat="26.9453232" lon="75.8400014">
        <time>2018-11-30T07:54:15Z</time>
      </trkpt>
      <trkpt lat="26.9453131" lon="75.8400073">
        <time>2018-11-30T07:54:46Z</time>
      </trkpt>
      <trkpt lat="26.9452949" lon="75.8400033">
        <time>2018-11-30T07:55:21Z</time>
      </trkpt>
      <trkpt lat="26.9452794" lon="75.8399991">
        <time>2018-11-30T07:55:56Z</time>
      </trkpt>
      <trkpt lat="26.9452649" lon="75.8399963">
        <time>2018-11-30T07:56:22Z</time>
      </trkpt>
      <trkpt lat="26.9452475" lon="75.8399745">
        <time>2018-11-30T07:56:48Z</time>
      </trkpt>
      <trkpt lat="26.9452480" lon="75.8399804">
        <time>2018-11-30T07:57:17Z</time>
      </trkpt>
      <trkpt lat="26.9452796" lon="75.8399651">
        <time>2018-11-30T07:57:45Z</time>
      </trkpt>
      <trkpt lat="26.9453047" lon="75.8399926">
        <time>2018-11-30T07:58:13Z</time>
      </trkpt>
      <trkpt lat="26.9453085" lon="75.8400088">
        <time>2018-11-30T07:58:40Z</time>
      </trkpt>
      <trkpt lat="26.9453265" lon="75.8400118">
        <time>2018-11-30T07:59:05Z</time>
      </trkpt>
      <trkpt lat="26.9453422" lon="75.8400155">
        <time>2018-11-30T07:59:36Z</time>
      </trkpt>
      <trkpt lat="26.9453343" lon="75.8400082">
        <time>2018-11-30T08:00:04Z</time>
      </trkpt>
      <trkpt lat="26.9453221" lon="75.8399881">
        <time>2018-11-30T08:00:24Z</time>
      </trkpt>
      <trkpt lat="26.9452957" lon="75.8399948">
        <time>2018-11-30T08:00:46Z</time>
      </trkpt>
      <trkpt lat="26.9452944" lon="75.8400006">
        <time>2018-11-30T08:01:04Z</time>
      </trkpt>
      <trkpt lat="26.9452928" lon="75.8400130">
        <time>2018-11-30T08:01:23Z</time>
      </trkpt>
      <trkpt lat="26.9453024" lon="75.8400199">
        <time>2018-11-30T08:01:36Z</time>
      </trkpt>
      <trkpt lat="26.9452907" lon="75.8400089">
        <time>2018-11-30T08:01:47Z</time>
      </trkpt>
      <trkpt lat="26.9452784" lon="75.8400015">
        <time>2018-11-30T08:01:59Z</time>
      </trkpt>
      <trkpt lat="26.9452389" lon="75.8399692">
        <time>2018-11-30T08:02:07Z</time>
      </trkpt>
      <trkpt lat="26.9452247" lon="75.8399642">
        <time>2018-11-30T08:02:08Z</time>
      </trkpt>
      <trkpt lat="26.9449844" lon="75.8399009">
        <time>2018-11-30T08:02:19Z</time>
      </trkpt>
      <trkpt lat="26.9445193" lon="75.8397883">
        <time>2018-11-30T08:02:32Z</time>
      </trkpt>
      <trkpt lat="26.9442777" lon="75.8397129">
        <time>2018-11-30T08:02:41Z</time>
      </trkpt>
      <trkpt lat="26.9440567" lon="75.8396348">
        <time>2018-11-30T08:02:53Z</time>
      </trkpt>
      <trkpt lat="26.9437167" lon="75.8395544">
        <time>2018-11-30T08:03:03Z</time>
      </trkpt>
      <trkpt lat="26.9431993" lon="75.8394573">
        <time>2018-11-30T08:03:13Z</time>
      </trkpt>
      <trkpt lat="26.9428587" lon="75.8393982">
        <time>2018-11-30T08:03:19Z</time>
      </trkpt>
      <trkpt lat="26.9428007" lon="75.8393931">
        <time>2018-11-30T08:03:20Z</time>
      </trkpt>
      <trkpt lat="26.9421458" lon="75.8390341">
        <time>2018-11-30T08:03:31Z</time>
      </trkpt>
      <trkpt lat="26.9418473" lon="75.8388453">
        <time>2018-11-30T08:03:38Z</time>
      </trkpt>
      <trkpt lat="26.9414812" lon="75.8386168">
        <time>2018-11-30T08:03:46Z</time>
      </trkpt>
      <trkpt lat="26.9407022" lon="75.8380926">
        <time>2018-11-30T08:03:59Z</time>
      </trkpt>
      <trkpt lat="26.9402073" lon="75.8377466">
        <time>2018-11-30T08:04:10Z</time>
      </trkpt>
      <trkpt lat="26.9397340" lon="75.8374073">
        <time>2018-11-30T08:04:20Z</time>
      </trkpt>
      <trkpt lat="26.9390663" lon="75.8368312">
        <time>2018-11-30T08:04:33Z</time>
      </trkpt>
      <trkpt lat="26.9384927" lon="75.8362475">
        <time>2018-11-30T08:04:45Z</time>
      </trkpt>
      <trkpt lat="26.9381038" lon="75.8358212">
        <time>2018-11-30T08:04:53Z</time>
      </trkpt>
      <trkpt lat="26.9380488" lon="75.8357675">
        <time>2018-11-30T08:04:54Z</time>
      </trkpt>
      <trkpt lat="26.9376450" lon="75.8353358">
        <time>2018-11-30T08:05:03Z</time>
      </trkpt>
      <trkpt lat="26.9375886" lon="75.8352856">
        <time>2018-11-30T08:05:04Z</time>
      </trkpt>
      <trkpt lat="26.9368925" lon="75.8347129">
        <time>2018-11-30T08:05:16Z</time>
      </trkpt>
      <trkpt lat="26.9363025" lon="75.8341588">
        <time>2018-11-30T08:05:27Z</time>
      </trkpt>
      <trkpt lat="26.9361931" lon="75.8340575">
        <time>2018-11-30T08:05:29Z</time>
      </trkpt>
      <trkpt lat="26.9357046" lon="75.8337407">
        <time>2018-11-30T08:05:38Z</time>
      </trkpt>
      <trkpt lat="26.9350685" lon="75.8335139">
        <time>2018-11-30T08:05:49Z</time>
      </trkpt>
      <trkpt lat="26.9347793" lon="75.8334212">
        <time>2018-11-30T08:05:56Z</time>
      </trkpt>
      <trkpt lat="26.9347324" lon="75.8334104">
        <time>2018-11-30T08:05:57Z</time>
      </trkpt>
      <trkpt lat="26.9341415" lon="75.8332383">
        <time>2018-11-30T08:06:08Z</time>
      </trkpt>
      <trkpt lat="26.9336387" lon="75.8331074">
        <time>2018-11-30T08:06:19Z</time>
      </trkpt>
      <trkpt lat="26.9335045" lon="75.8330601">
        <time>2018-11-30T08:06:27Z</time>
      </trkpt>
      <trkpt lat="26.9331135" lon="75.8329458">
        <time>2018-11-30T08:06:37Z</time>
      </trkpt>
      <trkpt lat="26.9324695" lon="75.8327507">
        <time>2018-11-30T08:06:49Z</time>
      </trkpt>
      <trkpt lat="26.9322351" lon="75.8326865">
        <time>2018-11-30T08:06:57Z</time>
      </trkpt>
      <trkpt lat="26.9318370" lon="75.8325822">
        <time>2018-11-30T08:07:06Z</time>
      </trkpt>
      <trkpt lat="26.9311079" lon="75.8323710">
        <time>2018-11-30T08:07:19Z</time>
      </trkpt>
      <trkpt lat="26.9304682" lon="75.8321774">
        <time>2018-11-30T08:07:32Z</time>
      </trkpt>
      <trkpt lat="26.9300374" lon="75.8320565">
        <time>2018-11-30T08:07:42Z</time>
      </trkpt>
      <trkpt lat="26.9296462" lon="75.8319629">
        <time>2018-11-30T08:07:53Z</time>
      </trkpt>
      <trkpt lat="26.9293977" lon="75.8319484">
        <time>2018-11-30T08:08:05Z</time>
      </trkpt>
      <trkpt lat="26.9291939" lon="75.8319366">
        <time>2018-11-30T08:08:16Z</time>
      </trkpt>
      <trkpt lat="26.9291609" lon="75.8318982">
        <time>2018-11-30T08:08:20Z</time>
      </trkpt>
      <trkpt lat="26.9291545" lon="75.8318796">
        <time>2018-11-30T08:08:21Z</time>
      </trkpt>
      <trkpt lat="26.9291498" lon="75.8318517">
        <time>2018-11-30T08:08:22Z</time>
      </trkpt>
      <trkpt lat="26.9291485" lon="75.8318207">
        <time>2018-11-30T08:08:23Z</time>
      </trkpt>
      <trkpt lat="26.9291502" lon="75.8317832">
        <time>2018-11-30T08:08:24Z</time>
      </trkpt>
      <trkpt lat="26.9291548" lon="75.8317430">
        <time>2018-11-30T08:08:25Z</time>
      </trkpt>
      <trkpt lat="26.9292517" lon="75.8312062">
        <time>2018-11-30T08:08:35Z</time>
      </trkpt>
      <trkpt lat="26.9293829" lon="75.8304080">
        <time>2018-11-30T08:08:48Z</time>
      </trkpt>
      <trkpt lat="26.9295742" lon="75.8295117">
        <time>2018-11-30T08:09:01Z</time>
      </trkpt>
      <trkpt lat="26.9296726" lon="75.8289542">
        <time>2018-11-30T08:09:11Z</time>
      </trkpt>
      <trkpt lat="26.9295601" lon="75.8287403">
        <time>2018-11-30T08:09:19Z</time>
      </trkpt>
      <trkpt lat="26.9295225" lon="75.8287301">
        <time>2018-11-30T08:09:20Z</time>
      </trkpt>
      <trkpt lat="26.9289822" lon="75.8285967">
        <time>2018-11-30T08:09:30Z</time>
      </trkpt>
      <trkpt lat="26.9283848" lon="75.8284519">
        <time>2018-11-30T08:09:41Z</time>
      </trkpt>
      <trkpt lat="26.9279618" lon="75.8283351">
        <time>2018-11-30T08:09:50Z</time>
      </trkpt>
      <trkpt lat="26.9273459" lon="75.8281509">
        <time>2018-11-30T08:10:00Z</time>
      </trkpt>
      <trkpt lat="26.9268854" lon="75.8280400">
        <time>2018-11-30T08:10:10Z</time>
      </trkpt>
      <trkpt lat="26.9265137" lon="75.8279285">
        <time>2018-11-30T08:10:19Z</time>
      </trkpt>
      <trkpt lat="26.9261968" lon="75.8278638">
        <time>2018-11-30T08:10:28Z</time>
      </trkpt>
      <trkpt lat="26.9261293" lon="75.8278546">
        <time>2018-11-30T08:10:37Z</time>
      </trkpt>
      <trkpt lat="26.9260521" lon="75.8277901">
        <time>2018-11-30T08:10:42Z</time>
      </trkpt>
      <trkpt lat="26.9260500" lon="75.8277721">
        <time>2018-11-30T08:10:43Z</time>
      </trkpt>
      <trkpt lat="26.9260496" lon="75.8277549">
        <time>2018-11-30T08:10:44Z</time>
      </trkpt>
      <trkpt lat="26.9260519" lon="75.8277373">
        <time>2018-11-30T08:10:45Z</time>
      </trkpt>
      <trkpt lat="26.9260570" lon="75.8277189">
        <time>2018-11-30T08:10:46Z</time>
      </trkpt>
      <trkpt lat="26.9260662" lon="75.8276987">
        <time>2018-11-30T08:10:47Z</time>
      </trkpt>
      <trkpt lat="26.9260781" lon="75.8276737">
        <time>2018-11-30T08:10:48Z</time>
      </trkpt>
      <trkpt lat="26.9260910" lon="75.8276425">
        <time>2018-11-30T08:10:49Z</time>
      </trkpt>
      <trkpt lat="26.9261040" lon="75.8276060">
        <time>2018-11-30T08:10:50Z</time>
      </trkpt>
      <trkpt lat="26.9261459" lon="75.8274053">
        <time>2018-11-30T08:10:55Z</time>
      </trkpt>
      <trkpt lat="26.9261894" lon="75.8269864">
        <time>2018-11-30T08:11:04Z</time>
      </trkpt>
      <trkpt lat="26.9261733" lon="75.8269485">
        <time>2018-11-30T08:11:18Z</time>
      </trkpt>
      <trkpt lat="26.9262248" lon="75.8268091">
        <time>2018-11-30T08:11:29Z</time>
      </trkpt>
      <trkpt lat="26.9262342" lon="75.8267756">
        <time>2018-11-30T08:11:30Z</time>
      </trkpt>
      <trkpt lat="26.9262884" lon="75.8263274">
        <time>2018-11-30T08:11:40Z</time>
      </trkpt>
      <trkpt lat="26.9263763" lon="75.8259016">
        <time>2018-11-30T08:11:50Z</time>
      </trkpt>
      <trkpt lat="26.9263859" lon="75.8258761">
        <time>2018-11-30T08:12:00Z</time>
      </trkpt>
      <trkpt lat="26.9264013" lon="75.8257629">
        <time>2018-11-30T08:12:10Z</time>
      </trkpt>
      <trkpt lat="26.9264722" lon="75.8254729">
        <time>2018-11-30T08:12:21Z</time>
      </trkpt>
      <trkpt lat="26.9264737" lon="75.8253744">
        <time>2018-11-30T08:12:29Z</time>
      </trkpt>
      <trkpt lat="26.9264588" lon="75.8253744">
        <time>2018-11-30T08:12:44Z</time>
      </trkpt>
      <trkpt lat="26.9265282" lon="75.8253669">
        <time>2018-11-30T08:13:01Z</time>
      </trkpt>
      <trkpt lat="26.9264979" lon="75.8253400">
        <time>2018-11-30T08:13:14Z</time>
      </trkpt>
      <trkpt lat="26.9265009" lon="75.8253399">
        <time>2018-11-30T08:13:26Z</time>
      </trkpt>
      <trkpt lat="26.9265084" lon="75.8252760">
        <time>2018-11-30T08:13:37Z</time>
      </trkpt>
      <trkpt lat="26.9265206" lon="75.8252507">
        <time>2018-11-30T08:13:40Z</time>
      </trkpt>
      <trkpt lat="26.9265280" lon="75.8252387">
        <time>2018-11-30T08:13:41Z</time>
      </trkpt>
      <trkpt lat="26.9265503" lon="75.8251486">
        <time>2018-11-30T08:13:53Z</time>
      </trkpt>
      <trkpt lat="26.9265454" lon="75.8251361">
        <time>2018-11-30T08:13:54Z</time>
      </trkpt>
      <trkpt lat="26.9265392" lon="75.8251110">
        <time>2018-11-30T08:13:56Z</time>
      </trkpt>
      <trkpt lat="26.9265539" lon="75.8250719">
        <time>2018-11-30T08:14:07Z</time>
      </trkpt>
      <trkpt lat="26.9265830" lon="75.8250731">
        <time>2018-11-30T08:14:20Z</time>
      </trkpt>
      <trkpt lat="26.9266349" lon="75.8250842">
        <time>2018-11-30T08:14:33Z</time>
      </trkpt>
      <trkpt lat="26.9266527" lon="75.8250475">
        <time>2018-11-30T08:14:44Z</time>
      </trkpt>
      <trkpt lat="26.9266563" lon="75.8250206">
        <time>2018-11-30T08:14:56Z</time>
      </trkpt>
      <trkpt lat="26.9266559" lon="75.8249730">
        <time>2018-11-30T08:15:07Z</time>
      </trkpt>
      <trkpt lat="26.9266458" lon="75.8249612">
        <time>2018-11-30T08:15:23Z</time>
      </trkpt>
      <trkpt lat="26.9266499" lon="75.8249034">
        <time>2018-11-30T08:15:32Z</time>
      </trkpt>
      <trkpt lat="26.9266427" lon="75.8248213">
        <time>2018-11-30T08:15:44Z</time>
      </trkpt>
      <trkpt lat="26.9266508" lon="75.8247916">
        <time>2018-11-30T08:16:03Z</time>
      </trkpt>
      <trkpt lat="26.9266680" lon="75.8247937">
        <time>2018-11-30T08:16:20Z</time>
      </trkpt>
      <trkpt lat="26.9266914" lon="75.8248024">
        <time>2018-11-30T08:16:34Z</time>
      </trkpt>
      <trkpt lat="26.9266903" lon="75.8247777">
        <time>2018-11-30T08:16:48Z</time>
      </trkpt>
      <trkpt lat="26.9266893" lon="75.8246880">
        <time>2018-11-30T08:17:00Z</time>
      </trkpt>
      <trkpt lat="26.9267120" lon="75.8246740">
        <time>2018-11-30T08:17:11Z</time>
      </trkpt>
      <trkpt lat="26.9266192" lon="75.8246159">
        <time>2018-11-30T08:17:24Z</time>
      </trkpt>
      <trkpt lat="26.9265318" lon="75.8245919">
        <time>2018-11-30T08:17:29Z</time>
      </trkpt>
      <trkpt lat="26.9265096" lon="75.8245689">
        <time>2018-11-30T08:17:38Z</time>
      </trkpt>
      <trkpt lat="26.9264821" lon="75.8245556">
        <time>2018-11-30T08:17:43Z</time>
      </trkpt>
      <trkpt lat="26.9264702" lon="75.8244725">
        <time>2018-11-30T08:17:51Z</time>
      </trkpt>
      <trkpt lat="26.9264510" lon="75.8244156">
        <time>2018-11-30T08:18:01Z</time>
      </trkpt>
      <trkpt lat="26.9264703" lon="75.8243339">
        <time>2018-11-30T08:18:13Z</time>
      </trkpt>
      <trkpt lat="26.9264897" lon="75.8242687">
        <time>2018-11-30T08:18:19Z</time>
      </trkpt>
      <trkpt lat="26.9264962" lon="75.8242208">
        <time>2018-11-30T08:18:32Z</time>
      </trkpt>
      <trkpt lat="26.9264617" lon="75.8241426">
        <time>2018-11-30T08:18:46Z</time>
      </trkpt>
      <trkpt lat="26.9264877" lon="75.8240909">
        <time>2018-11-30T08:18:57Z</time>
      </trkpt>
      <trkpt lat="26.9264906" lon="75.8240520">
        <time>2018-11-30T08:19:15Z</time>
      </trkpt>
      <trkpt lat="26.9264942" lon="75.8241391">
        <time>2018-11-30T08:19:26Z</time>
      </trkpt>
      <trkpt lat="26.9264802" lon="75.8241723">
        <time>2018-11-30T08:19:37Z</time>
      </trkpt>
      <trkpt lat="26.9264607" lon="75.8241125">
        <time>2018-11-30T08:19:53Z</time>
      </trkpt>
      <trkpt lat="26.9265304" lon="75.8241113">
        <time>2018-11-30T08:20:05Z</time>
      </trkpt>
      <trkpt lat="26.9265821" lon="75.8240898">
        <time>2018-11-30T08:20:18Z</time>
      </trkpt>
      <trkpt lat="26.9265793" lon="75.8240882">
        <time>2018-11-30T08:20:27Z</time>
      </trkpt>
      <trkpt lat="26.9265634" lon="75.8241183">
        <time>2018-11-30T08:20:41Z</time>
      </trkpt>
      <trkpt lat="26.9265396" lon="75.8241525">
        <time>2018-11-30T08:21:02Z</time>
      </trkpt>
      <trkpt lat="26.9265261" lon="75.8242251">
        <time>2018-11-30T08:21:21Z</time>
      </trkpt>
      <trkpt lat="26.9265151" lon="75.8242268">
        <time>2018-11-30T08:21:37Z</time>
      </trkpt>
      <trkpt lat="26.9265277" lon="75.8242027">
        <time>2018-11-30T08:21:57Z</time>
      </trkpt>
      <trkpt lat="26.9265322" lon="75.8241993">
        <time>2018-11-30T08:22:17Z</time>
      </trkpt>
      <trkpt lat="26.9265308" lon="75.8241939">
        <time>2018-11-30T08:22:37Z</time>
      </trkpt>
      <trkpt lat="26.9265475" lon="75.8241992">
        <time>2018-11-30T08:22:59Z</time>
      </trkpt>
      <trkpt lat="26.9265314" lon="75.8241928">
        <time>2018-11-30T08:23:20Z</time>
      </trkpt>
      <trkpt lat="26.9265427" lon="75.8241804">
        <time>2018-11-30T08:23:41Z</time>
      </trkpt>
      <trkpt lat="26.9265602" lon="75.8241854">
        <time>2018-11-30T08:23:58Z</time>
      </trkpt>
      <trkpt lat="26.9265432" lon="75.8241923">
        <time>2018-11-30T08:24:19Z</time>
      </trkpt>
      <trkpt lat="26.9265335" lon="75.8241988">
        <time>2018-11-30T08:24:40Z</time>
      </trkpt>
      <trkpt lat="26.9265331" lon="75.8241894">
        <time>2018-11-30T08:24:59Z</time>
      </trkpt>
      <trkpt lat="26.9265840" lon="75.8242287">
        <time>2018-11-30T08:25:17Z</time>
      </trkpt>
      <trkpt lat="26.9265692" lon="75.8242022">
        <time>2018-11-30T08:25:35Z</time>
      </trkpt>
      <trkpt lat="26.9265209" lon="75.8241827">
        <time>2018-11-30T08:25:49Z</time>
      </trkpt>
      <trkpt lat="26.9264867" lon="75.8241571">
        <time>2018-11-30T08:26:06Z</time>
      </trkpt>
      <trkpt lat="26.9264671" lon="75.8241581">
        <time>2018-11-30T08:26:09Z</time>
      </trkpt>
      <trkpt lat="26.9264029" lon="75.8241607">
        <time>2018-11-30T08:26:20Z</time>
      </trkpt>
      <trkpt lat="26.9263931" lon="75.8241385">
        <time>2018-11-30T08:26:23Z</time>
      </trkpt>
      <trkpt lat="26.9263307" lon="75.8241052">
        <time>2018-11-30T08:26:32Z</time>
      </trkpt>
      <trkpt lat="26.9262990" lon="75.8241022">
        <time>2018-11-30T08:26:42Z</time>
      </trkpt>
      <trkpt lat="26.9262744" lon="75.8241030">
        <time>2018-11-30T08:26:54Z</time>
      </trkpt>
      <trkpt lat="26.9262767" lon="75.8241254">
        <time>2018-11-30T08:27:05Z</time>
      </trkpt>
      <trkpt lat="26.9263018" lon="75.8241915">
        <time>2018-11-30T08:27:22Z</time>
      </trkpt>
      <trkpt lat="26.9262553" lon="75.8241965">
        <time>2018-11-30T08:27:37Z</time>
      </trkpt>
      <trkpt lat="26.9264660" lon="75.8242905">
        <time>2018-11-30T08:28:07Z</time>
      </trkpt>
      <trkpt lat="26.9265594" lon="75.8243362">
        <time>2018-11-30T08:28:23Z</time>
      </trkpt>
      <trkpt lat="26.9266079" lon="75.8243990">
        <time>2018-11-30T08:28:42Z</time>
      </trkpt>
      <trkpt lat="26.9266209" lon="75.8244253">
        <time>2018-11-30T08:29:01Z</time>
      </trkpt>
      <trkpt lat="26.9265906" lon="75.8244404">
        <time>2018-11-30T08:29:20Z</time>
      </trkpt>
      <trkpt lat="26.9266528" lon="75.8244618">
        <time>2018-11-30T08:29:37Z</time>
      </trkpt>
      <trkpt lat="26.9265676" lon="75.8243964">
        <time>2018-11-30T08:29:53Z</time>
      </trkpt>
      <trkpt lat="26.9265809" lon="75.8243959">
        <time>2018-11-30T08:30:09Z</time>
      </trkpt>
      <trkpt lat="26.9263878" lon="75.8243353">
        <time>2018-11-30T08:30:27Z</time>
      </trkpt>
      <trkpt lat="26.9263257" lon="75.8243823">
        <time>2018-11-30T08:30:44Z</time>
      </trkpt>
      <trkpt lat="26.9263226" lon="75.8243690">
        <time>2018-11-30T08:30:59Z</time>
      </trkpt>
      <trkpt lat="26.9262226" lon="75.8243244">
        <time>2018-11-30T08:31:16Z</time>
      </trkpt>
      <trkpt lat="26.9261209" lon="75.8243498">
        <time>2018-11-30T08:31:37Z</time>
      </trkpt>
      <trkpt lat="26.9262682" lon="75.8243526">
        <time>2018-11-30T08:31:51Z</time>
      </trkpt>
      <trkpt lat="26.9263228" lon="75.8244077">
        <time>2018-11-30T08:31:56Z</time>
      </trkpt>
      <trkpt lat="26.9263712" lon="75.8245229">
        <time>2018-11-30T08:32:12Z</time>
      </trkpt>
      <trkpt lat="26.9264536" lon="75.8245575">
        <time>2018-11-30T08:32:29Z</time>
      </trkpt>
      <trkpt lat="26.9265059" lon="75.8245365">
        <time>2018-11-30T08:32:48Z</time>
      </trkpt>
      <trkpt lat="26.9264397" lon="75.8246066">
        <time>2018-11-30T08:33:06Z</time>
      </trkpt>
      <trkpt lat="26.9264732" lon="75.8243797">
        <time>2018-11-30T08:34:41Z</time>
      </trkpt>
      <trkpt lat="26.9264679" lon="75.8244517">
        <time>2018-11-30T08:34:55Z</time>
      </trkpt>
      <trkpt lat="26.9264781" lon="75.8245021">
        <time>2018-11-30T08:35:09Z</time>
      </trkpt>
      <trkpt lat="26.9262432" lon="75.8246024">
        <time>2018-11-30T08:35:27Z</time>
      </trkpt>
      <trkpt lat="26.9261618" lon="75.8245953">
        <time>2018-11-30T08:35:43Z</time>
      </trkpt>
      <trkpt lat="26.9261553" lon="75.8246533">
        <time>2018-11-30T08:36:01Z</time>
      </trkpt>
      <trkpt lat="26.9261893" lon="75.8247231">
        <time>2018-11-30T08:36:18Z</time>
      </trkpt>
      <trkpt lat="26.9262040" lon="75.8247289">
        <time>2018-11-30T08:36:35Z</time>
      </trkpt>
      <trkpt lat="26.9262171" lon="75.8247266">
        <time>2018-11-30T08:36:49Z</time>
      </trkpt>
      <trkpt lat="26.9262556" lon="75.8246317">
        <time>2018-11-30T08:37:06Z</time>
      </trkpt>
      <trkpt lat="26.9262841" lon="75.8245771">
        <time>2018-11-30T08:37:23Z</time>
      </trkpt>
      <trkpt lat="26.9262491" lon="75.8245897">
        <time>2018-11-30T08:37:42Z</time>
      </trkpt>
      <trkpt lat="26.9261366" lon="75.8245462">
        <time>2018-11-30T08:38:01Z</time>
      </trkpt>
      <trkpt lat="26.9261278" lon="75.8245622">
        <time>2018-11-30T08:38:22Z</time>
      </trkpt>
      <trkpt lat="26.9262045" lon="75.8245638">
        <time>2018-11-30T08:38:43Z</time>
      </trkpt>
      <trkpt lat="26.9263134" lon="75.8246254">
        <time>2018-11-30T08:39:00Z</time>
      </trkpt>
      <trkpt lat="26.9263242" lon="75.8245235">
        <time>2018-11-30T08:39:17Z</time>
      </trkpt>
      <trkpt lat="26.9263260" lon="75.8244550">
        <time>2018-11-30T08:39:38Z</time>
      </trkpt>
      <trkpt lat="26.9262160" lon="75.8244480">
        <time>2018-11-30T08:39:57Z</time>
      </trkpt>
      <trkpt lat="26.9261772" lon="75.8242720">
        <time>2018-11-30T08:40:16Z</time>
      </trkpt>
      <trkpt lat="26.9262270" lon="75.8242063">
        <time>2018-11-30T08:41:01Z</time>
      </trkpt>
      <trkpt lat="26.9262529" lon="75.8240481">
        <time>2018-11-30T08:42:09Z</time>
      </trkpt>
      <trkpt lat="26.9262161" lon="75.8241250">
        <time>2018-11-30T08:42:17Z</time>
      </trkpt>
      <trkpt lat="26.9261919" lon="75.8241063">
        <time>2018-11-30T08:42:25Z</time>
      </trkpt>
      <trkpt lat="26.9261996" lon="75.8241253">
        <time>2018-11-30T08:42:37Z</time>
      </trkpt>
      <trkpt lat="26.9262323" lon="75.8241044">
        <time>2018-11-30T08:42:49Z</time>
      </trkpt>
      <trkpt lat="26.9262726" lon="75.8240139">
        <time>2018-11-30T08:42:59Z</time>
      </trkpt>
      <trkpt lat="26.9262721" lon="75.8239931">
        <time>2018-11-30T08:43:03Z</time>
      </trkpt>
      <trkpt lat="26.9262910" lon="75.8239395">
        <time>2018-11-30T08:43:07Z</time>
      </trkpt>
      <trkpt lat="26.9263329" lon="75.8238494">
        <time>2018-11-30T08:43:17Z</time>
      </trkpt>
      <trkpt lat="26.9263787" lon="75.8238426">
        <time>2018-11-30T08:43:27Z</time>
      </trkpt>
      <trkpt lat="26.9263569" lon="75.8238375">
        <time>2018-11-30T08:43:40Z</time>
      </trkpt>
      <trkpt lat="26.9263365" lon="75.8238085">
        <time>2018-11-30T08:43:51Z</time>
      </trkpt>
      <trkpt lat="26.9263443" lon="75.8237173">
        <time>2018-11-30T08:44:07Z</time>
      </trkpt>
      <trkpt lat="26.9264166" lon="75.8236426">
        <time>2018-11-30T08:44:19Z</time>
      </trkpt>
      <trkpt lat="26.9264236" lon="75.8236304">
        <time>2018-11-30T08:44:34Z</time>
      </trkpt>
      <trkpt lat="26.9264164" lon="75.8236308">
        <time>2018-11-30T08:44:50Z</time>
      </trkpt>
      <trkpt lat="26.9263195" lon="75.8237084">
        <time>2018-11-30T08:45:04Z</time>
      </trkpt>
      <trkpt lat="26.9263692" lon="75.8236771">
        <time>2018-11-30T08:45:18Z</time>
      </trkpt>
      <trkpt lat="26.9264717" lon="75.8236128">
        <time>2018-11-30T08:45:32Z</time>
      </trkpt>
      <trkpt lat="26.9265384" lon="75.8236813">
        <time>2018-11-30T08:45:42Z</time>
      </trkpt>
      <trkpt lat="26.9265269" lon="75.8236998">
        <time>2018-11-30T08:45:59Z</time>
      </trkpt>
      <trkpt lat="26.9265193" lon="75.8236968">
        <time>2018-11-30T08:46:09Z</time>
      </trkpt>
      <trkpt lat="26.9265206" lon="75.8236771">
        <time>2018-11-30T08:46:21Z</time>
      </trkpt>
      <trkpt lat="26.9265357" lon="75.8236670">
        <time>2018-11-30T08:46:31Z</time>
      </trkpt>
      <trkpt lat="26.9265452" lon="75.8236335">
        <time>2018-11-30T08:46:41Z</time>
      </trkpt>
      <trkpt lat="26.9265844" lon="75.8235790">
        <time>2018-11-30T08:46:57Z</time>
      </trkpt>
      <trkpt lat="26.9266354" lon="75.8235133">
        <time>2018-11-30T08:47:09Z</time>
      </trkpt>
      <trkpt lat="26.9266235" lon="75.8234863">
        <time>2018-11-30T08:47:12Z</time>
      </trkpt>
      <trkpt lat="26.9266189" lon="75.8234355">
        <time>2018-11-30T08:47:23Z</time>
      </trkpt>
      <trkpt lat="26.9266076" lon="75.8234368">
        <time>2018-11-30T08:47:32Z</time>
      </trkpt>
      <trkpt lat="26.9266028" lon="75.8234394">
        <time>2018-11-30T08:47:40Z</time>
      </trkpt>
      <trkpt lat="26.9265803" lon="75.8234295">
        <time>2018-11-30T08:47:48Z</time>
      </trkpt>
      <trkpt lat="26.9265762" lon="75.8234399">
        <time>2018-11-30T08:47:59Z</time>
      </trkpt>
      <trkpt lat="26.9266079" lon="75.8234272">
        <time>2018-11-30T08:48:09Z</time>
      </trkpt>
      <trkpt lat="26.9266228" lon="75.8233966">
        <time>2018-11-30T08:48:21Z</time>
      </trkpt>
      <trkpt lat="26.9266207" lon="75.8233948">
        <time>2018-11-30T08:48:22Z</time>
      </trkpt>
      <trkpt lat="26.9266064" lon="75.8233876">
        <time>2018-11-30T08:48:34Z</time>
      </trkpt>
      <trkpt lat="26.9265993" lon="75.8234055">
        <time>2018-11-30T08:48:46Z</time>
      </trkpt>
      <trkpt lat="26.9265857" lon="75.8234043">
        <time>2018-11-30T08:48:57Z</time>
      </trkpt>
      <trkpt lat="26.9265777" lon="75.8234207">
        <time>2018-11-30T08:49:09Z</time>
      </trkpt>
      <trkpt lat="26.9265942" lon="75.8234477">
        <time>2018-11-30T08:49:22Z</time>
      </trkpt>
      <trkpt lat="26.9265922" lon="75.8234402">
        <time>2018-11-30T08:49:34Z</time>
      </trkpt>
      <trkpt lat="26.9265877" lon="75.8234387">
        <time>2018-11-30T08:49:44Z</time>
      </trkpt>
      <trkpt lat="26.9265810" lon="75.8234825">
        <time>2018-11-30T08:50:02Z</time>
      </trkpt>
      <trkpt lat="26.9265613" lon="75.8234777">
        <time>2018-11-30T08:50:17Z</time>
      </trkpt>
      <trkpt lat="26.9265645" lon="75.8234671">
        <time>2018-11-30T08:50:28Z</time>
      </trkpt>
      <trkpt lat="26.9265707" lon="75.8234601">
        <time>2018-11-30T08:50:42Z</time>
      </trkpt>
      <trkpt lat="26.9265739" lon="75.8234371">
        <time>2018-11-30T08:50:59Z</time>
      </trkpt>
      <trkpt lat="26.9265396" lon="75.8234400">
        <time>2018-11-30T08:51:10Z</time>
      </trkpt>
      <trkpt lat="26.9264598" lon="75.8234816">
        <time>2018-11-30T08:51:32Z</time>
      </trkpt>
      <trkpt lat="26.9264889" lon="75.8234824">
        <time>2018-11-30T08:51:48Z</time>
      </trkpt>
      <trkpt lat="26.9265051" lon="75.8234931">
        <time>2018-11-30T08:52:09Z</time>
      </trkpt>
      <trkpt lat="26.9265070" lon="75.8234782">
        <time>2018-11-30T08:52:21Z</time>
      </trkpt>
      <trkpt lat="26.9265006" lon="75.8234358">
        <time>2018-11-30T08:52:36Z</time>
      </trkpt>
      <trkpt lat="26.9264877" lon="75.8233889">
        <time>2018-11-30T08:52:53Z</time>
      </trkpt>
      <trkpt lat="26.9264653" lon="75.8233738">
        <time>2018-11-30T08:53:11Z</time>
      </trkpt>
      <trkpt lat="26.9264729" lon="75.8233709">
        <time>2018-11-30T08:53:31Z</time>
      </trkpt>
      <trkpt lat="26.9264723" lon="75.8233972">
        <time>2018-11-30T08:53:48Z</time>
      </trkpt>
      <trkpt lat="26.9265436" lon="75.8234126">
        <time>2018-11-30T08:53:59Z</time>
      </trkpt>
      <trkpt lat="26.9265744" lon="75.8234164">
        <time>2018-11-30T08:54:09Z</time>
      </trkpt>
      <trkpt lat="26.9265966" lon="75.8234194">
        <time>2018-11-30T08:54:19Z</time>
      </trkpt>
      <trkpt lat="26.9265943" lon="75.8234200">
        <time>2018-11-30T08:54:31Z</time>
      </trkpt>
      <trkpt lat="26.9265702" lon="75.8235640">
        <time>2018-11-30T08:54:45Z</time>
      </trkpt>
      <trkpt lat="26.9264298" lon="75.8236515">
        <time>2018-11-30T08:55:02Z</time>
      </trkpt>
      <trkpt lat="26.9264402" lon="75.8237256">
        <time>2018-11-30T08:55:15Z</time>
      </trkpt>
      <trkpt lat="26.9264198" lon="75.8237132">
        <time>2018-11-30T08:55:29Z</time>
      </trkpt>
      <trkpt lat="26.9264236" lon="75.8236726">
        <time>2018-11-30T08:55:40Z</time>
      </trkpt>
      <trkpt lat="26.9264236" lon="75.8236634">
        <time>2018-11-30T08:55:56Z</time>
      </trkpt>
      <trkpt lat="26.9264335" lon="75.8236313">
        <time>2018-11-30T08:56:05Z</time>
      </trkpt>
      <trkpt lat="26.9264376" lon="75.8236867">
        <time>2018-11-30T08:56:20Z</time>
      </trkpt>
      <trkpt lat="26.9264060" lon="75.8236749">
        <time>2018-11-30T08:56:32Z</time>
      </trkpt>
      <trkpt lat="26.9263512" lon="75.8236639">
        <time>2018-11-30T08:56:43Z</time>
      </trkpt>
      <trkpt lat="26.9263282" lon="75.8236728">
        <time>2018-11-30T08:56:59Z</time>
      </trkpt>
      <trkpt lat="26.9263024" lon="75.8236827">
        <time>2018-11-30T08:57:11Z</time>
      </trkpt>
      <trkpt lat="26.9262794" lon="75.8237314">
        <time>2018-11-30T08:57:22Z</time>
      </trkpt>
      <trkpt lat="26.9262397" lon="75.8237530">
        <time>2018-11-30T08:57:28Z</time>
      </trkpt>
      <trkpt lat="26.9261976" lon="75.8237965">
        <time>2018-11-30T08:57:39Z</time>
      </trkpt>
      <trkpt lat="26.9261568" lon="75.8238157">
        <time>2018-11-30T08:57:50Z</time>
      </trkpt>
      <trkpt lat="26.9261511" lon="75.8238255">
        <time>2018-11-30T08:58:07Z</time>
      </trkpt>
      <trkpt lat="26.9261035" lon="75.8237801">
        <time>2018-11-30T08:58:19Z</time>
      </trkpt>
      <trkpt lat="26.9260488" lon="75.8237576">
        <time>2018-11-30T08:58:28Z</time>
      </trkpt>
      <trkpt lat="26.9260109" lon="75.8237231">
        <time>2018-11-30T08:58:37Z</time>
      </trkpt>
      <trkpt lat="26.9259678" lon="75.8236837">
        <time>2018-11-30T08:58:50Z</time>
      </trkpt>
      <trkpt lat="26.9259517" lon="75.8236952">
        <time>2018-11-30T08:59:09Z</time>
      </trkpt>
      <trkpt lat="26.9259621" lon="75.8236858">
        <time>2018-11-30T08:59:21Z</time>
      </trkpt>
      <trkpt lat="26.9259838" lon="75.8236539">
        <time>2018-11-30T08:59:31Z</time>
      </trkpt>
      <trkpt lat="26.9259972" lon="75.8236261">
        <time>2018-11-30T08:59:40Z</time>
      </trkpt>
      <trkpt lat="26.9260198" lon="75.8235879">
        <time>2018-11-30T08:59:46Z</time>
      </trkpt>
      <trkpt lat="26.9260423" lon="75.8235440">
        <time>2018-11-30T08:59:57Z</time>
      </trkpt>
      <trkpt lat="26.9260501" lon="75.8235209">
        <time>2018-11-30T09:00:03Z</time>
      </trkpt>
      <trkpt lat="26.9261332" lon="75.8235048">
        <time>2018-11-30T09:00:15Z</time>
      </trkpt>
      <trkpt lat="26.9261340" lon="75.8234775">
        <time>2018-11-30T09:00:27Z</time>
      </trkpt>
      <trkpt lat="26.9261415" lon="75.8234727">
        <time>2018-11-30T09:00:35Z</time>
      </trkpt>
      <trkpt lat="26.9261744" lon="75.8235365">
        <time>2018-11-30T09:00:50Z</time>
      </trkpt>
      <trkpt lat="26.9261853" lon="75.8235676">
        <time>2018-11-30T09:01:04Z</time>
      </trkpt>
      <trkpt lat="26.9261870" lon="75.8234987">
        <time>2018-11-30T09:01:19Z</time>
      </trkpt>
      <trkpt lat="26.9262069" lon="75.8234678">
        <time>2018-11-30T09:01:32Z</time>
      </trkpt>
      <trkpt lat="26.9262147" lon="75.8235209">
        <time>2018-11-30T09:01:50Z</time>
      </trkpt>
      <trkpt lat="26.9262884" lon="75.8236112">
        <time>2018-11-30T09:02:08Z</time>
      </trkpt>
      <trkpt lat="26.9263393" lon="75.8235089">
        <time>2018-11-30T09:02:20Z</time>
      </trkpt>
      <trkpt lat="26.9257066" lon="75.8232625">
        <time>2018-11-30T09:05:05Z</time>
      </trkpt>
      <trkpt lat="26.9256550" lon="75.8233190">
        <time>2018-11-30T09:05:23Z</time>
      </trkpt>
      <trkpt lat="26.9258620" lon="75.8233391">
        <time>2018-11-30T09:05:36Z</time>
      </trkpt>
      <trkpt lat="26.9259436" lon="75.8232432">
        <time>2018-11-30T09:05:54Z</time>
      </trkpt>
      <trkpt lat="26.9257431" lon="75.8230915">
        <time>2018-11-30T09:06:15Z</time>
      </trkpt>
      <trkpt lat="26.9259830" lon="75.8232526">
        <time>2018-11-30T09:06:30Z</time>
      </trkpt>
      <trkpt lat="26.9261287" lon="75.8234685">
        <time>2018-11-30T09:06:46Z</time>
      </trkpt>
      <trkpt lat="26.9261219" lon="75.8234584">
        <time>2018-11-30T09:06:48Z</time>
      </trkpt>
      <trkpt lat="26.9261767" lon="75.8233941">
        <time>2018-11-30T09:07:07Z</time>
      </trkpt>
      <trkpt lat="26.9260869" lon="75.8234111">
        <time>2018-11-30T09:07:21Z</time>
      </trkpt>
      <trkpt lat="26.9264536" lon="75.8235397">
        <time>2018-11-30T09:08:12Z</time>
      </trkpt>
      <trkpt lat="26.9263760" lon="75.8233055">
        <time>2018-11-30T09:08:27Z</time>
      </trkpt>
      <trkpt lat="26.9263532" lon="75.8234216">
        <time>2018-11-30T09:08:45Z</time>
      </trkpt>
      <trkpt lat="26.9261945" lon="75.8234292">
        <time>2018-11-30T09:08:55Z</time>
      </trkpt>
      <trkpt lat="26.9261961" lon="75.8234193">
        <time>2018-11-30T09:09:09Z</time>
      </trkpt>
      <trkpt lat="26.9262311" lon="75.8234717">
        <time>2018-11-30T09:09:24Z</time>
      </trkpt>
      <trkpt lat="26.9262424" lon="75.8235064">
        <time>2018-11-30T09:09:36Z</time>
      </trkpt>
      <trkpt lat="26.9261374" lon="75.8234203">
        <time>2018-11-30T09:09:48Z</time>
      </trkpt>
      <trkpt lat="26.9261304" lon="75.8233827">
        <time>2018-11-30T09:09:58Z</time>
      </trkpt>
      <trkpt lat="26.9261382" lon="75.8233719">
        <time>2018-11-30T09:10:11Z</time>
      </trkpt>
      <trkpt lat="26.9260889" lon="75.8233745">
        <time>2018-11-30T09:10:20Z</time>
      </trkpt>
      <trkpt lat="26.9260718" lon="75.8233569">
        <time>2018-11-30T09:10:36Z</time>
      </trkpt>
      <trkpt lat="26.9261086" lon="75.8233437">
        <time>2018-11-30T09:10:45Z</time>
      </trkpt>
      <trkpt lat="26.9261034" lon="75.8233406">
        <time>2018-11-30T09:10:55Z</time>
      </trkpt>
      <trkpt lat="26.9260815" lon="75.8233443">
        <time>2018-11-30T09:11:11Z</time>
      </trkpt>
      <trkpt lat="26.9260571" lon="75.8233398">
        <time>2018-11-30T09:11:26Z</time>
      </trkpt>
      <trkpt lat="26.9260299" lon="75.8233401">
        <time>2018-11-30T09:11:35Z</time>
      </trkpt>
      <trkpt lat="26.9260149" lon="75.8233404">
        <time>2018-11-30T09:11:45Z</time>
      </trkpt>
      <trkpt lat="26.9259992" lon="75.8233321">
        <time>2018-11-30T09:11:56Z</time>
      </trkpt>
      <trkpt lat="26.9259330" lon="75.8233184">
        <time>2018-11-30T09:12:08Z</time>
      </trkpt>
      <trkpt lat="26.9259049" lon="75.8232994">
        <time>2018-11-30T09:12:20Z</time>
      </trkpt>
      <trkpt lat="26.9258863" lon="75.8232711">
        <time>2018-11-30T09:12:30Z</time>
      </trkpt>
      <trkpt lat="26.9258535" lon="75.8232797">
        <time>2018-11-30T09:12:46Z</time>
      </trkpt>
      <trkpt lat="26.9258440" lon="75.8233162">
        <time>2018-11-30T09:13:03Z</time>
      </trkpt>
      <trkpt lat="26.9258901" lon="75.8232950">
        <time>2018-11-30T09:13:17Z</time>
      </trkpt>
      <trkpt lat="26.9258960" lon="75.8233084">
        <time>2018-11-30T09:13:29Z</time>
      </trkpt>
      <trkpt lat="26.9258934" lon="75.8233260">
        <time>2018-11-30T09:13:48Z</time>
      </trkpt>
      <trkpt lat="26.9258828" lon="75.8233589">
        <time>2018-11-30T09:13:59Z</time>
      </trkpt>
      <trkpt lat="26.9258595" lon="75.8234170">
        <time>2018-11-30T09:14:10Z</time>
      </trkpt>
      <trkpt lat="26.9258360" lon="75.8234603">
        <time>2018-11-30T09:14:20Z</time>
      </trkpt>
      <trkpt lat="26.9258557" lon="75.8234940">
        <time>2018-11-30T09:14:31Z</time>
      </trkpt>
      <trkpt lat="26.9258675" lon="75.8235908">
        <time>2018-11-30T09:14:41Z</time>
      </trkpt>
      <trkpt lat="26.9258365" lon="75.8236410">
        <time>2018-11-30T09:14:53Z</time>
      </trkpt>
      <trkpt lat="26.9258320" lon="75.8236479">
        <time>2018-11-30T09:15:04Z</time>
      </trkpt>
      <trkpt lat="26.9258845" lon="75.8236905">
        <time>2018-11-30T09:15:15Z</time>
      </trkpt>
      <trkpt lat="26.9258565" lon="75.8236842">
        <time>2018-11-30T09:15:26Z</time>
      </trkpt>
      <trkpt lat="26.9258735" lon="75.8236712">
        <time>2018-11-30T09:15:43Z</time>
      </trkpt>
      <trkpt lat="26.9259082" lon="75.8236937">
        <time>2018-11-30T09:15:58Z</time>
      </trkpt>
      <trkpt lat="26.9259121" lon="75.8237009">
        <time>2018-11-30T09:16:08Z</time>
      </trkpt>
      <trkpt lat="26.9258931" lon="75.8237113">
        <time>2018-11-30T09:16:25Z</time>
      </trkpt>
      <trkpt lat="26.9259029" lon="75.8237125">
        <time>2018-11-30T09:16:43Z</time>
      </trkpt>
      <trkpt lat="26.9259268" lon="75.8236729">
        <time>2018-11-30T09:16:57Z</time>
      </trkpt>
      <trkpt lat="26.9258532" lon="75.8237028">
        <time>2018-11-30T09:17:11Z</time>
      </trkpt>
      <trkpt lat="26.9258750" lon="75.8237556">
        <time>2018-11-30T09:17:23Z</time>
      </trkpt>
      <trkpt lat="26.9258062" lon="75.8238084">
        <time>2018-11-30T09:17:38Z</time>
      </trkpt>
      <trkpt lat="26.9258272" lon="75.8238313">
        <time>2018-11-30T09:17:58Z</time>
      </trkpt>
      <trkpt lat="26.9258121" lon="75.8237299">
        <time>2018-11-30T09:18:11Z</time>
      </trkpt>
      <trkpt lat="26.9257315" lon="75.8237321">
        <time>2018-11-30T09:18:30Z</time>
      </trkpt>
      <trkpt lat="26.9257891" lon="75.8236944">
        <time>2018-11-30T09:18:47Z</time>
      </trkpt>
      <trkpt lat="26.9257892" lon="75.8236350">
        <time>2018-11-30T09:19:04Z</time>
      </trkpt>
      <trkpt lat="26.9257421" lon="75.8236518">
        <time>2018-11-30T09:19:20Z</time>
      </trkpt>
      <trkpt lat="26.9257009" lon="75.8236288">
        <time>2018-11-30T09:19:38Z</time>
      </trkpt>
      <trkpt lat="26.9256872" lon="75.8235746">
        <time>2018-11-30T09:19:52Z</time>
      </trkpt>
      <trkpt lat="26.9256864" lon="75.8235678">
        <time>2018-11-30T09:19:53Z</time>
      </trkpt>
      <trkpt lat="26.9255644" lon="75.8235873">
        <time>2018-11-30T09:20:09Z</time>
      </trkpt>
      <trkpt lat="26.9255383" lon="75.8236240">
        <time>2018-11-30T09:20:25Z</time>
      </trkpt>
      <trkpt lat="26.9255292" lon="75.8236265">
        <time>2018-11-30T09:20:26Z</time>
      </trkpt>
      <trkpt lat="26.9255196" lon="75.8236296">
        <time>2018-11-30T09:20:27Z</time>
      </trkpt>
      <trkpt lat="26.9255559" lon="75.8235524">
        <time>2018-11-30T09:20:42Z</time>
      </trkpt>
      <trkpt lat="26.9255578" lon="75.8236179">
        <time>2018-11-30T09:21:01Z</time>
      </trkpt>
      <trkpt lat="26.9256077" lon="75.8236184">
        <time>2018-11-30T09:21:17Z</time>
      </trkpt>
      <trkpt lat="26.9256840" lon="75.8235873">
        <time>2018-11-30T09:21:33Z</time>
      </trkpt>
      <trkpt lat="26.9257048" lon="75.8235935">
        <time>2018-11-30T09:21:50Z</time>
      </trkpt>
      <trkpt lat="26.9256112" lon="75.8235941">
        <time>2018-11-30T09:22:07Z</time>
      </trkpt>
      <trkpt lat="26.9256437" lon="75.8235883">
        <time>2018-11-30T09:22:23Z</time>
      </trkpt>
      <trkpt lat="26.9256822" lon="75.8235688">
        <time>2018-11-30T09:22:38Z</time>
      </trkpt>
      <trkpt lat="26.9256837" lon="75.8235253">
        <time>2018-11-30T09:22:53Z</time>
      </trkpt>
      <trkpt lat="26.9257547" lon="75.8234806">
        <time>2018-11-30T09:23:08Z</time>
      </trkpt>
      <trkpt lat="26.9257578" lon="75.8234758">
        <time>2018-11-30T09:23:20Z</time>
      </trkpt>
      <trkpt lat="26.9257696" lon="75.8234790">
        <time>2018-11-30T09:23:35Z</time>
      </trkpt>
      <trkpt lat="26.9257939" lon="75.8235263">
        <time>2018-11-30T09:23:52Z</time>
      </trkpt>
      <trkpt lat="26.9258196" lon="75.8235884">
        <time>2018-11-30T09:24:12Z</time>
      </trkpt>
      <trkpt lat="26.9258008" lon="75.8236240">
        <time>2018-11-30T09:24:29Z</time>
      </trkpt>
      <trkpt lat="26.9258349" lon="75.8236583">
        <time>2018-11-30T09:24:48Z</time>
      </trkpt>
      <trkpt lat="26.9258222" lon="75.8236660">
        <time>2018-11-30T09:25:03Z</time>
      </trkpt>
      <trkpt lat="26.9257764" lon="75.8236341">
        <time>2018-11-30T09:25:16Z</time>
      </trkpt>
      <trkpt lat="26.9258215" lon="75.8235816">
        <time>2018-11-30T09:25:22Z</time>
      </trkpt>
      <trkpt lat="26.9258959" lon="75.8236909">
        <time>2018-11-30T09:25:35Z</time>
      </trkpt>
      <trkpt lat="26.9258916" lon="75.8237181">
        <time>2018-11-30T09:25:38Z</time>
      </trkpt>
      <trkpt lat="26.9258802" lon="75.8237466">
        <time>2018-11-30T09:25:40Z</time>
      </trkpt>
      <trkpt lat="26.9258676" lon="75.8237606">
        <time>2018-11-30T09:25:41Z</time>
      </trkpt>
      <trkpt lat="26.9258331" lon="75.8238391">
        <time>2018-11-30T09:25:48Z</time>
      </trkpt>
      <trkpt lat="26.9257998" lon="75.8238824">
        <time>2018-11-30T09:25:58Z</time>
      </trkpt>
      <trkpt lat="26.9257875" lon="75.8238861">
        <time>2018-11-30T09:26:02Z</time>
      </trkpt>
      <trkpt lat="26.9257509" lon="75.8239121">
        <time>2018-11-30T09:26:12Z</time>
      </trkpt>
      <trkpt lat="26.9257362" lon="75.8239615">
        <time>2018-11-30T09:26:23Z</time>
      </trkpt>
      <trkpt lat="26.9257392" lon="75.8239658">
        <time>2018-11-30T09:26:39Z</time>
      </trkpt>
      <trkpt lat="26.9257268" lon="75.8239599">
        <time>2018-11-30T09:26:56Z</time>
      </trkpt>
      <trkpt lat="26.9257056" lon="75.8239889">
        <time>2018-11-30T09:27:09Z</time>
      </trkpt>
      <trkpt lat="26.9257027" lon="75.8240062">
        <time>2018-11-30T09:27:20Z</time>
      </trkpt>
      <trkpt lat="26.9256759" lon="75.8240526">
        <time>2018-11-30T09:27:30Z</time>
      </trkpt>
      <trkpt lat="26.9256714" lon="75.8240588">
        <time>2018-11-30T09:27:31Z</time>
      </trkpt>
      <trkpt lat="26.9256588" lon="75.8240866">
        <time>2018-11-30T09:27:42Z</time>
      </trkpt>
      <trkpt lat="26.9256317" lon="75.8241283">
        <time>2018-11-30T09:27:51Z</time>
      </trkpt>
      <trkpt lat="26.9256335" lon="75.8241509">
        <time>2018-11-30T09:27:58Z</time>
      </trkpt>
      <trkpt lat="26.9256543" lon="75.8242072">
        <time>2018-11-30T09:28:08Z</time>
      </trkpt>
      <trkpt lat="26.9256243" lon="75.8243121">
        <time>2018-11-30T09:28:18Z</time>
      </trkpt>
      <trkpt lat="26.9255752" lon="75.8243254">
        <time>2018-11-30T09:28:30Z</time>
      </trkpt>
      <trkpt lat="26.9255309" lon="75.8243472">
        <time>2018-11-30T09:28:49Z</time>
      </trkpt>
      <trkpt lat="26.9254757" lon="75.8243452">
        <time>2018-11-30T09:28:59Z</time>
      </trkpt>
      <trkpt lat="26.9254137" lon="75.8243378">
        <time>2018-11-30T09:29:09Z</time>
      </trkpt>
      <trkpt lat="26.9253977" lon="75.8243479">
        <time>2018-11-30T09:29:11Z</time>
      </trkpt>
      <trkpt lat="26.9253855" lon="75.8243482">
        <time>2018-11-30T09:29:12Z</time>
      </trkpt>
      <trkpt lat="26.9253730" lon="75.8243459">
        <time>2018-11-30T09:29:13Z</time>
      </trkpt>
      <trkpt lat="26.9253396" lon="75.8243367">
        <time>2018-11-30T09:29:16Z</time>
      </trkpt>
      <trkpt lat="26.9252545" lon="75.8243147">
        <time>2018-11-30T09:29:26Z</time>
      </trkpt>
      <trkpt lat="26.9252150" lon="75.8243150">
        <time>2018-11-30T09:29:43Z</time>
      </trkpt>
      <trkpt lat="26.9251978" lon="75.8243153">
        <time>2018-11-30T09:30:01Z</time>
      </trkpt>
      <trkpt lat="26.9252117" lon="75.8243121">
        <time>2018-11-30T09:30:17Z</time>
      </trkpt>
      <trkpt lat="26.9252110" lon="75.8243166">
        <time>2018-11-30T09:30:31Z</time>
      </trkpt>
      <trkpt lat="26.9251840" lon="75.8243986">
        <time>2018-11-30T09:30:42Z</time>
      </trkpt>
      <trkpt lat="26.9251346" lon="75.8243940">
        <time>2018-11-30T09:30:54Z</time>
      </trkpt>
      <trkpt lat="26.9250803" lon="75.8243812">
        <time>2018-11-30T09:31:04Z</time>
      </trkpt>
      <trkpt lat="26.9250508" lon="75.8243505">
        <time>2018-11-30T09:31:16Z</time>
      </trkpt>
      <trkpt lat="26.9249550" lon="75.8242982">
        <time>2018-11-30T09:31:28Z</time>
      </trkpt>
      <trkpt lat="26.9248830" lon="75.8242576">
        <time>2018-11-30T09:31:39Z</time>
      </trkpt>
      <trkpt lat="26.9248750" lon="75.8242260">
        <time>2018-11-30T09:31:48Z</time>
      </trkpt>
      <trkpt lat="26.9248894" lon="75.8242111">
        <time>2018-11-30T09:31:57Z</time>
      </trkpt>
      <trkpt lat="26.9248983" lon="75.8241917">
        <time>2018-11-30T09:32:08Z</time>
      </trkpt>
      <trkpt lat="26.9249047" lon="75.8241825">
        <time>2018-11-30T09:32:25Z</time>
      </trkpt>
      <trkpt lat="26.9249151" lon="75.8241778">
        <time>2018-11-30T09:32:41Z</time>
      </trkpt>
      <trkpt lat="26.9249160" lon="75.8241752">
        <time>2018-11-30T09:33:04Z</time>
      </trkpt>
      <trkpt lat="26.9249119" lon="75.8241728">
        <time>2018-11-30T09:33:26Z</time>
      </trkpt>
      <trkpt lat="26.9249123" lon="75.8241803">
        <time>2018-11-30T09:33:46Z</time>
      </trkpt>
      <trkpt lat="26.9249265" lon="75.8241741">
        <time>2018-11-30T09:33:59Z</time>
      </trkpt>
      <trkpt lat="26.9249137" lon="75.8241870">
        <time>2018-11-30T09:34:13Z</time>
      </trkpt>
      <trkpt lat="26.9249177" lon="75.8241970">
        <time>2018-11-30T09:34:30Z</time>
      </trkpt>
      <trkpt lat="26.9249250" lon="75.8242021">
        <time>2018-11-30T09:34:42Z</time>
      </trkpt>
      <trkpt lat="26.9249348" lon="75.8242187">
        <time>2018-11-30T09:34:52Z</time>
      </trkpt>
      <trkpt lat="26.9249329" lon="75.8242399">
        <time>2018-11-30T09:35:09Z</time>
      </trkpt>
      <trkpt lat="26.9249434" lon="75.8242601">
        <time>2018-11-30T09:35:26Z</time>
      </trkpt>
      <trkpt lat="26.9249509" lon="75.8242359">
        <time>2018-11-30T09:35:37Z</time>
      </trkpt>
      <trkpt lat="26.9249377" lon="75.8241913">
        <time>2018-11-30T09:35:57Z</time>
      </trkpt>
      <trkpt lat="26.9249258" lon="75.8242127">
        <time>2018-11-30T09:36:08Z</time>
      </trkpt>
      <trkpt lat="26.9249556" lon="75.8242616">
        <time>2018-11-30T09:36:19Z</time>
      </trkpt>
      <trkpt lat="26.9249679" lon="75.8242899">
        <time>2018-11-30T09:36:35Z</time>
      </trkpt>
      <trkpt lat="26.9250335" lon="75.8243038">
        <time>2018-11-30T09:36:47Z</time>
      </trkpt>
      <trkpt lat="26.9250746" lon="75.8243308">
        <time>2018-11-30T09:36:57Z</time>
      </trkpt>
      <trkpt lat="26.9250970" lon="75.8243767">
        <time>2018-11-30T09:37:07Z</time>
      </trkpt>
      <trkpt lat="26.9251070" lon="75.8243741">
        <time>2018-11-30T09:37:20Z</time>
      </trkpt>
      <trkpt lat="26.9250941" lon="75.8243704">
        <time>2018-11-30T09:37:36Z</time>
      </trkpt>
      <trkpt lat="26.9250856" lon="75.8243742">
        <time>2018-11-30T09:37:37Z</time>
      </trkpt>
      <trkpt lat="26.9250671" lon="75.8244175">
        <time>2018-11-30T09:37:47Z</time>
      </trkpt>
      <trkpt lat="26.9250669" lon="75.8244206">
        <time>2018-11-30T09:38:00Z</time>
      </trkpt>
      <trkpt lat="26.9250695" lon="75.8244386">
        <time>2018-11-30T09:38:16Z</time>
      </trkpt>
      <trkpt lat="26.9250759" lon="75.8244730">
        <time>2018-11-30T09:38:34Z</time>
      </trkpt>
      <trkpt lat="26.9250646" lon="75.8244717">
        <time>2018-11-30T09:38:42Z</time>
      </trkpt>
      <trkpt lat="26.9250321" lon="75.8244310">
        <time>2018-11-30T09:38:52Z</time>
      </trkpt>
      <trkpt lat="26.9250161" lon="75.8243815">
        <time>2018-11-30T09:39:05Z</time>
      </trkpt>
      <trkpt lat="26.9249963" lon="75.8243650">
        <time>2018-11-30T09:39:16Z</time>
      </trkpt>
      <trkpt lat="26.9249623" lon="75.8243899">
        <time>2018-11-30T09:39:26Z</time>
      </trkpt>
      <trkpt lat="26.9248924" lon="75.8243809">
        <time>2018-11-30T09:39:37Z</time>
      </trkpt>
      <trkpt lat="26.9248658" lon="75.8243753">
        <time>2018-11-30T09:39:47Z</time>
      </trkpt>
      <trkpt lat="26.9248638" lon="75.8243810">
        <time>2018-11-30T09:40:10Z</time>
      </trkpt>
      <trkpt lat="26.9248598" lon="75.8243732">
        <time>2018-11-30T09:40:38Z</time>
      </trkpt>
      <trkpt lat="26.9248623" lon="75.8243767">
        <time>2018-11-30T09:40:48Z</time>
      </trkpt>
      <trkpt lat="26.9248783" lon="75.8243374">
        <time>2018-11-30T09:40:59Z</time>
      </trkpt>
      <trkpt lat="26.9248561" lon="75.8243076">
        <time>2018-11-30T09:41:09Z</time>
      </trkpt>
      <trkpt lat="26.9248560" lon="75.8243108">
        <time>2018-11-30T09:41:18Z</time>
      </trkpt>
      <trkpt lat="26.9248088" lon="75.8242986">
        <time>2018-11-30T09:41:30Z</time>
      </trkpt>
      <trkpt lat="26.9247832" lon="75.8242994">
        <time>2018-11-30T09:41:39Z</time>
      </trkpt>
      <trkpt lat="26.9247636" lon="75.8243095">
        <time>2018-11-30T09:41:48Z</time>
      </trkpt>
      <trkpt lat="26.9247633" lon="75.8243177">
        <time>2018-11-30T09:41:59Z</time>
      </trkpt>
      <trkpt lat="26.9247607" lon="75.8243412">
        <time>2018-11-30T09:42:18Z</time>
      </trkpt>
      <trkpt lat="26.9247611" lon="75.8243450">
        <time>2018-11-30T09:42:29Z</time>
      </trkpt>
      <trkpt lat="26.9247659" lon="75.8243395">
        <time>2018-11-30T09:42:46Z</time>
      </trkpt>
      <trkpt lat="26.9247716" lon="75.8243260">
        <time>2018-11-30T09:43:10Z</time>
      </trkpt>
      <trkpt lat="26.9247747" lon="75.8243111">
        <time>2018-11-30T09:43:26Z</time>
      </trkpt>
      <trkpt lat="26.9247664" lon="75.8243258">
        <time>2018-11-30T09:43:40Z</time>
      </trkpt>
      <trkpt lat="26.9247615" lon="75.8243270">
        <time>2018-11-30T09:43:55Z</time>
      </trkpt>
      <trkpt lat="26.9247440" lon="75.8243198">
        <time>2018-11-30T09:44:09Z</time>
      </trkpt>
      <trkpt lat="26.9247416" lon="75.8243022">
        <time>2018-11-30T09:44:20Z</time>
      </trkpt>
      <trkpt lat="26.9247136" lon="75.8243006">
        <time>2018-11-30T09:44:30Z</time>
      </trkpt>
      <trkpt lat="26.9246836" lon="75.8243228">
        <time>2018-11-30T09:44:40Z</time>
      </trkpt>
      <trkpt lat="26.9246881" lon="75.8243591">
        <time>2018-11-30T09:44:50Z</time>
      </trkpt>
      <trkpt lat="26.9246893" lon="75.8243674">
        <time>2018-11-30T09:45:01Z</time>
      </trkpt>
      <trkpt lat="26.9246795" lon="75.8243653">
        <time>2018-11-30T09:45:12Z</time>
      </trkpt>
      <trkpt lat="26.9246795" lon="75.8243719">
        <time>2018-11-30T09:45:26Z</time>
      </trkpt>
      <trkpt lat="26.9247070" lon="75.8243099">
        <time>2018-11-30T09:45:36Z</time>
      </trkpt>
      <trkpt lat="26.9247058" lon="75.8242882">
        <time>2018-11-30T09:45:47Z</time>
      </trkpt>
      <trkpt lat="26.9247031" lon="75.8242791">
        <time>2018-11-30T09:46:01Z</time>
      </trkpt>
      <trkpt lat="26.9246883" lon="75.8242989">
        <time>2018-11-30T09:46:20Z</time>
      </trkpt>
      <trkpt lat="26.9246114" lon="75.8243205">
        <time>2018-11-30T09:46:31Z</time>
      </trkpt>
      <trkpt lat="26.9246154" lon="75.8243159">
        <time>2018-11-30T09:46:41Z</time>
      </trkpt>
      <trkpt lat="26.9246050" lon="75.8242775">
        <time>2018-11-30T09:46:52Z</time>
      </trkpt>
      <trkpt lat="26.9245488" lon="75.8242455">
        <time>2018-11-30T09:47:02Z</time>
      </trkpt>
      <trkpt lat="26.9245490" lon="75.8242321">
        <time>2018-11-30T09:47:11Z</time>
      </trkpt>
      <trkpt lat="26.9245610" lon="75.8242433">
        <time>2018-11-30T09:47:26Z</time>
      </trkpt>
      <trkpt lat="26.9245308" lon="75.8242306">
        <time>2018-11-30T09:47:37Z</time>
      </trkpt>
      <trkpt lat="26.9245476" lon="75.8242375">
        <time>2018-11-30T09:47:47Z</time>
      </trkpt>
      <trkpt lat="26.9245510" lon="75.8242227">
        <time>2018-11-30T09:48:06Z</time>
      </trkpt>
      <trkpt lat="26.9245828" lon="75.8242222">
        <time>2018-11-30T09:48:14Z</time>
      </trkpt>
      <trkpt lat="26.9245868" lon="75.8242193">
        <time>2018-11-30T09:48:27Z</time>
      </trkpt>
      <trkpt lat="26.9246561" lon="75.8242134">
        <time>2018-11-30T09:48:39Z</time>
      </trkpt>
      <trkpt lat="26.9246897" lon="75.8241748">
        <time>2018-11-30T09:48:45Z</time>
      </trkpt>
      <trkpt lat="26.9246919" lon="75.8241648">
        <time>2018-11-30T09:48:46Z</time>
      </trkpt>
      <trkpt lat="26.9247043" lon="75.8240690">
        <time>2018-11-30T09:48:58Z</time>
      </trkpt>
      <trkpt lat="26.9246843" lon="75.8240297">
        <time>2018-11-30T09:49:09Z</time>
      </trkpt>
      <trkpt lat="26.9246556" lon="75.8240074">
        <time>2018-11-30T09:49:17Z</time>
      </trkpt>
      <trkpt lat="26.9246701" lon="75.8239815">
        <time>2018-11-30T09:49:26Z</time>
      </trkpt>
      <trkpt lat="26.9246754" lon="75.8239718">
        <time>2018-11-30T09:49:43Z</time>
      </trkpt>
      <trkpt lat="26.9246782" lon="75.8239547">
        <time>2018-11-30T09:50:06Z</time>
      </trkpt>
      <trkpt lat="26.9246789" lon="75.8239437">
        <time>2018-11-30T09:50:37Z</time>
      </trkpt>
      <trkpt lat="26.9246563" lon="75.8239586">
        <time>2018-11-30T09:50:54Z</time>
      </trkpt>
      <trkpt lat="26.9246670" lon="75.8239140">
        <time>2018-11-30T09:51:02Z</time>
      </trkpt>
      <trkpt lat="26.9246788" lon="75.8238487">
        <time>2018-11-30T09:51:13Z</time>
      </trkpt>
      <trkpt lat="26.9246885" lon="75.8238141">
        <time>2018-11-30T09:51:23Z</time>
      </trkpt>
      <trkpt lat="26.9247019" lon="75.8237887">
        <time>2018-11-30T09:51:31Z</time>
      </trkpt>
      <trkpt lat="26.9247227" lon="75.8237660">
        <time>2018-11-30T09:51:41Z</time>
      </trkpt>
      <trkpt lat="26.9247081" lon="75.8237815">
        <time>2018-11-30T09:51:51Z</time>
      </trkpt>
      <trkpt lat="26.9246926" lon="75.8237949">
        <time>2018-11-30T09:52:03Z</time>
      </trkpt>
      <trkpt lat="26.9246798" lon="75.8238254">
        <time>2018-11-30T09:52:12Z</time>
      </trkpt>
      <trkpt lat="26.9246939" lon="75.8238604">
        <time>2018-11-30T09:52:30Z</time>
      </trkpt>
      <trkpt lat="26.9246856" lon="75.8238856">
        <time>2018-11-30T09:52:40Z</time>
      </trkpt>
      <trkpt lat="26.9246803" lon="75.8239094">
        <time>2018-11-30T09:53:08Z</time>
      </trkpt>
      <trkpt lat="26.9246862" lon="75.8239054">
        <time>2018-11-30T09:53:23Z</time>
      </trkpt>
      <trkpt lat="26.9246865" lon="75.8239057">
        <time>2018-11-30T09:53:47Z</time>
      </trkpt>
      <trkpt lat="26.9246842" lon="75.8239135">
        <time>2018-11-30T09:54:16Z</time>
      </trkpt>
      <trkpt lat="26.9246954" lon="75.8239149">
        <time>2018-11-30T09:54:44Z</time>
      </trkpt>
      <trkpt lat="26.9247005" lon="75.8238957">
        <time>2018-11-30T09:55:01Z</time>
      </trkpt>
      <trkpt lat="26.9247372" lon="75.8239102">
        <time>2018-11-30T09:55:11Z</time>
      </trkpt>
      <trkpt lat="26.9247522" lon="75.8239297">
        <time>2018-11-30T09:55:23Z</time>
      </trkpt>
      <trkpt lat="26.9247468" lon="75.8239539">
        <time>2018-11-30T09:55:33Z</time>
      </trkpt>
      <trkpt lat="26.9247343" lon="75.8239783">
        <time>2018-11-30T09:55:42Z</time>
      </trkpt>
      <trkpt lat="26.9247293" lon="75.8239682">
        <time>2018-11-30T09:55:52Z</time>
      </trkpt>
      <trkpt lat="26.9247356" lon="75.8239606">
        <time>2018-11-30T09:56:23Z</time>
      </trkpt>
      <trkpt lat="26.9247334" lon="75.8239646">
        <time>2018-11-30T09:56:58Z</time>
      </trkpt>
      <trkpt lat="26.9247448" lon="75.8239667">
        <time>2018-11-30T09:57:09Z</time>
      </trkpt>
      <trkpt lat="26.9247343" lon="75.8239137">
        <time>2018-11-30T09:57:18Z</time>
      </trkpt>
      <trkpt lat="26.9247544" lon="75.8239027">
        <time>2018-11-30T09:57:30Z</time>
      </trkpt>
      <trkpt lat="26.9247561" lon="75.8239137">
        <time>2018-11-30T09:57:38Z</time>
      </trkpt>
      <trkpt lat="26.9247867" lon="75.8239377">
        <time>2018-11-30T09:57:48Z</time>
      </trkpt>
      <trkpt lat="26.9248622" lon="75.8239610">
        <time>2018-11-30T09:57:58Z</time>
      </trkpt>
      <trkpt lat="26.9249384" lon="75.8239701">
        <time>2018-11-30T09:58:07Z</time>
      </trkpt>
      <trkpt lat="26.9250016" lon="75.8239731">
        <time>2018-11-30T09:58:14Z</time>
      </trkpt>
      <trkpt lat="26.9250519" lon="75.8239431">
        <time>2018-11-30T09:58:25Z</time>
      </trkpt>
      <trkpt lat="26.9250547" lon="75.8239138">
        <time>2018-11-30T09:58:38Z</time>
      </trkpt>
      <trkpt lat="26.9250393" lon="75.8238660">
        <time>2018-11-30T09:58:48Z</time>
      </trkpt>
      <trkpt lat="26.9250267" lon="75.8238411">
        <time>2018-11-30T09:59:06Z</time>
      </trkpt>
      <trkpt lat="26.9250428" lon="75.8238380">
        <time>2018-11-30T09:59:25Z</time>
      </trkpt>
      <trkpt lat="26.9250534" lon="75.8238624">
        <time>2018-11-30T09:59:52Z</time>
      </trkpt>
      <trkpt lat="26.9250452" lon="75.8238289">
        <time>2018-11-30T10:00:13Z</time>
      </trkpt>
      <trkpt lat="26.9250634" lon="75.8238256">
        <time>2018-11-30T10:00:33Z</time>
      </trkpt>
      <trkpt lat="26.9250509" lon="75.8238281">
        <time>2018-11-30T10:01:00Z</time>
      </trkpt>
      <trkpt lat="26.9250555" lon="75.8238074">
        <time>2018-11-30T10:01:23Z</time>
      </trkpt>
      <trkpt lat="26.9250565" lon="75.8238281">
        <time>2018-11-30T10:01:42Z</time>
      </trkpt>
      <trkpt lat="26.9251082" lon="75.8238828">
        <time>2018-11-30T10:01:59Z</time>
      </trkpt>
      <trkpt lat="26.9250495" lon="75.8237830">
        <time>2018-11-30T10:02:18Z</time>
      </trkpt>
      <trkpt lat="26.9250380" lon="75.8237708">
        <time>2018-11-30T10:02:37Z</time>
      </trkpt>
      <trkpt lat="26.9250304" lon="75.8237940">
        <time>2018-11-30T10:02:57Z</time>
      </trkpt>
      <trkpt lat="26.9250285" lon="75.8238049">
        <time>2018-11-30T10:03:21Z</time>
      </trkpt>
      <trkpt lat="26.9250267" lon="75.8238290">
        <time>2018-11-30T10:03:43Z</time>
      </trkpt>
      <trkpt lat="26.9250744" lon="75.8238664">
        <time>2018-11-30T10:04:00Z</time>
      </trkpt>
      <trkpt lat="26.9250757" lon="75.8238869">
        <time>2018-11-30T10:04:14Z</time>
      </trkpt>
      <trkpt lat="26.9250773" lon="75.8239013">
        <time>2018-11-30T10:04:39Z</time>
      </trkpt>
      <trkpt lat="26.9250736" lon="75.8239046">
        <time>2018-11-30T10:05:03Z</time>
      </trkpt>
      <trkpt lat="26.9250652" lon="75.8239157">
        <time>2018-11-30T10:05:30Z</time>
      </trkpt>
      <trkpt lat="26.9250636" lon="75.8238925">
        <time>2018-11-30T10:05:57Z</time>
      </trkpt>
      <trkpt lat="26.9250815" lon="75.8239002">
        <time>2018-11-30T10:06:26Z</time>
      </trkpt>
      <trkpt lat="26.9250547" lon="75.8238991">
        <time>2018-11-30T10:06:46Z</time>
      </trkpt>
      <trkpt lat="26.9250637" lon="75.8239092">
        <time>2018-11-30T10:07:15Z</time>
      </trkpt>
      <trkpt lat="26.9250704" lon="75.8239016">
        <time>2018-11-30T10:07:40Z</time>
      </trkpt>
      <trkpt lat="26.9250621" lon="75.8238907">
        <time>2018-11-30T10:07:59Z</time>
      </trkpt>
      <trkpt lat="26.9250613" lon="75.8238925">
        <time>2018-11-30T10:08:17Z</time>
      </trkpt>
      <trkpt lat="26.9250752" lon="75.8239042">
        <time>2018-11-30T10:08:37Z</time>
      </trkpt>
      <trkpt lat="26.9250752" lon="75.8239083">
        <time>2018-11-30T10:08:58Z</time>
      </trkpt>
      <trkpt lat="26.9250597" lon="75.8239038">
        <time>2018-11-30T10:09:23Z</time>
      </trkpt>
      <trkpt lat="26.9250607" lon="75.8239092">
        <time>2018-11-30T10:09:47Z</time>
      </trkpt>
      <trkpt lat="26.9250598" lon="75.8239205">
        <time>2018-11-30T10:10:11Z</time>
      </trkpt>
      <trkpt lat="26.9250595" lon="75.8239189">
        <time>2018-11-30T10:10:33Z</time>
      </trkpt>
      <trkpt lat="26.9250649" lon="75.8238913">
        <time>2018-11-30T10:11:00Z</time>
      </trkpt>
      <trkpt lat="26.9250700" lon="75.8239004">
        <time>2018-11-30T10:11:22Z</time>
      </trkpt>
      <trkpt lat="26.9250752" lon="75.8238924">
        <time>2018-11-30T10:11:46Z</time>
      </trkpt>
      <trkpt lat="26.9250820" lon="75.8238926">
        <time>2018-11-30T10:12:09Z</time>
      </trkpt>
      <trkpt lat="26.9250529" lon="75.8239042">
        <time>2018-11-30T10:12:21Z</time>
      </trkpt>
      <trkpt lat="26.9250658" lon="75.8238738">
        <time>2018-11-30T10:12:37Z</time>
      </trkpt>
      <trkpt lat="26.9250767" lon="75.8237975">
        <time>2018-11-30T10:12:49Z</time>
      </trkpt>
      <trkpt lat="26.9250741" lon="75.8239036">
        <time>2018-11-30T10:13:01Z</time>
      </trkpt>
      <trkpt lat="26.9250565" lon="75.8238816">
        <time>2018-11-30T10:13:17Z</time>
      </trkpt>
      <trkpt lat="26.9250460" lon="75.8239410">
        <time>2018-11-30T10:13:31Z</time>
      </trkpt>
      <trkpt lat="26.9250588" lon="75.8239955">
        <time>2018-11-30T10:13:43Z</time>
      </trkpt>
      <trkpt lat="26.9250938" lon="75.8240000">
        <time>2018-11-30T10:13:56Z</time>
      </trkpt>
      <trkpt lat="26.9251363" lon="75.8240162">
        <time>2018-11-30T10:14:08Z</time>
      </trkpt>
      <trkpt lat="26.9251618" lon="75.8240681">
        <time>2018-11-30T10:14:19Z</time>
      </trkpt>
      <trkpt lat="26.9251672" lon="75.8241444">
        <time>2018-11-30T10:14:32Z</time>
      </trkpt>
      <trkpt lat="26.9252028" lon="75.8241616">
        <time>2018-11-30T10:14:49Z</time>
      </trkpt>
      <trkpt lat="26.9251875" lon="75.8241816">
        <time>2018-11-30T10:15:05Z</time>
      </trkpt>
      <trkpt lat="26.9251838" lon="75.8242341">
        <time>2018-11-30T10:15:16Z</time>
      </trkpt>
      <trkpt lat="26.9251970" lon="75.8242265">
        <time>2018-11-30T10:15:18Z</time>
      </trkpt>
      <trkpt lat="26.9252127" lon="75.8242303">
        <time>2018-11-30T10:15:20Z</time>
      </trkpt>
      <trkpt lat="26.9252216" lon="75.8242333">
        <time>2018-11-30T10:15:21Z</time>
      </trkpt>
      <trkpt lat="26.9253295" lon="75.8242670">
        <time>2018-11-30T10:15:34Z</time>
      </trkpt>
      <trkpt lat="26.9254574" lon="75.8242909">
        <time>2018-11-30T10:15:47Z</time>
      </trkpt>
      <trkpt lat="26.9255550" lon="75.8243684">
        <time>2018-11-30T10:15:58Z</time>
      </trkpt>
      <trkpt lat="26.9255885" lon="75.8244755">
        <time>2018-11-30T10:16:09Z</time>
      </trkpt>
      <trkpt lat="26.9255829" lon="75.8245912">
        <time>2018-11-30T10:16:20Z</time>
      </trkpt>
      <trkpt lat="26.9255489" lon="75.8247119">
        <time>2018-11-30T10:16:32Z</time>
      </trkpt>
      <trkpt lat="26.9255383" lon="75.8248258">
        <time>2018-11-30T10:16:43Z</time>
      </trkpt>
      <trkpt lat="26.9255443" lon="75.8248700">
        <time>2018-11-30T10:16:47Z</time>
      </trkpt>
      <trkpt lat="26.9255184" lon="75.8250240">
        <time>2018-11-30T10:17:01Z</time>
      </trkpt>
      <trkpt lat="26.9254992" lon="75.8251764">
        <time>2018-11-30T10:17:15Z</time>
      </trkpt>
      <trkpt lat="26.9254710" lon="75.8253012">
        <time>2018-11-30T10:17:28Z</time>
      </trkpt>
      <trkpt lat="26.9255394" lon="75.8253609">
        <time>2018-11-30T10:17:39Z</time>
      </trkpt>
      <trkpt lat="26.9255774" lon="75.8253767">
        <time>2018-11-30T10:17:44Z</time>
      </trkpt>
      <trkpt lat="26.9256609" lon="75.8254229">
        <time>2018-11-30T10:17:56Z</time>
      </trkpt>
      <trkpt lat="26.9256794" lon="75.8254341">
        <time>2018-11-30T10:17:57Z</time>
      </trkpt>
      <trkpt lat="26.9257861" lon="75.8253951">
        <time>2018-11-30T10:18:07Z</time>
      </trkpt>
      <trkpt lat="26.9258006" lon="75.8253932">
        <time>2018-11-30T10:18:08Z</time>
      </trkpt>
      <trkpt lat="26.9258145" lon="75.8253947">
        <time>2018-11-30T10:18:09Z</time>
      </trkpt>
      <trkpt lat="26.9258617" lon="75.8254289">
        <time>2018-11-30T10:18:13Z</time>
      </trkpt>
      <trkpt lat="26.9259765" lon="75.8254524">
        <time>2018-11-30T10:18:24Z</time>
      </trkpt>
      <trkpt lat="26.9260607" lon="75.8254444">
        <time>2018-11-30T10:18:35Z</time>
      </trkpt>
      <trkpt lat="26.9261757" lon="75.8254670">
        <time>2018-11-30T10:18:45Z</time>
      </trkpt>
      <trkpt lat="26.9262029" lon="75.8254765">
        <time>2018-11-30T10:18:56Z</time>
      </trkpt>
      <trkpt lat="26.9262337" lon="75.8254771">
        <time>2018-11-30T10:19:10Z</time>
      </trkpt>
      <trkpt lat="26.9262841" lon="75.8255057">
        <time>2018-11-30T10:19:17Z</time>
      </trkpt>
      <trkpt lat="26.9263210" lon="75.8255228">
        <time>2018-11-30T10:19:22Z</time>
      </trkpt>
      <trkpt lat="26.9264337" lon="75.8255427">
        <time>2018-11-30T10:19:35Z</time>
      </trkpt>
      <trkpt lat="26.9264927" lon="75.8254936">
        <time>2018-11-30T10:19:43Z</time>
      </trkpt>
      <trkpt lat="26.9264999" lon="75.8254832">
        <time>2018-11-30T10:19:44Z</time>
      </trkpt>
      <trkpt lat="26.9265224" lon="75.8253547">
        <time>2018-11-30T10:19:59Z</time>
      </trkpt>
      <trkpt lat="26.9265511" lon="75.8253352">
        <time>2018-11-30T10:20:13Z</time>
      </trkpt>
      <trkpt lat="26.9265609" lon="75.8253443">
        <time>2018-11-30T10:20:36Z</time>
      </trkpt>
      <trkpt lat="26.9265470" lon="75.8253621">
        <time>2018-11-30T10:20:46Z</time>
      </trkpt>
      <trkpt lat="26.9265494" lon="75.8253583">
        <time>2018-11-30T10:20:58Z</time>
      </trkpt>
      <trkpt lat="26.9265148" lon="75.8253359">
        <time>2018-11-30T10:21:12Z</time>
      </trkpt>
      <trkpt lat="26.9265307" lon="75.8253244">
        <time>2018-11-30T10:21:22Z</time>
      </trkpt>
      <trkpt lat="26.9265398" lon="75.8253317">
        <time>2018-11-30T10:21:23Z</time>
      </trkpt>
      <trkpt lat="26.9265500" lon="75.8253412">
        <time>2018-11-30T10:21:24Z</time>
      </trkpt>
      <trkpt lat="26.9265590" lon="75.8253525">
        <time>2018-11-30T10:21:25Z</time>
      </trkpt>
      <trkpt lat="26.9265873" lon="75.8254006">
        <time>2018-11-30T10:21:29Z</time>
      </trkpt>
      <trkpt lat="26.9265914" lon="75.8255281">
        <time>2018-11-30T10:21:41Z</time>
      </trkpt>
      <trkpt lat="26.9266061" lon="75.8256272">
        <time>2018-11-30T10:21:54Z</time>
      </trkpt>
      <trkpt lat="26.9267028" lon="75.8257792">
        <time>2018-11-30T10:22:07Z</time>
      </trkpt>
      <trkpt lat="26.9267115" lon="75.8258294">
        <time>2018-11-30T10:22:19Z</time>
      </trkpt>
      <trkpt lat="26.9266737" lon="75.8258468">
        <time>2018-11-30T10:22:30Z</time>
      </trkpt>
      <trkpt lat="26.9266652" lon="75.8258357">
        <time>2018-11-30T10:22:40Z</time>
      </trkpt>
      <trkpt lat="26.9266502" lon="75.8258660">
        <time>2018-11-30T10:22:48Z</time>
      </trkpt>
      <trkpt lat="26.9266482" lon="75.8258549">
        <time>2018-11-30T10:22:49Z</time>
      </trkpt>
      <trkpt lat="26.9266195" lon="75.8257862">
        <time>2018-11-30T10:22:58Z</time>
      </trkpt>
      <trkpt lat="26.9265707" lon="75.8258196">
        <time>2018-11-30T10:23:07Z</time>
      </trkpt>
      <trkpt lat="26.9265437" lon="75.8259465">
        <time>2018-11-30T10:23:18Z</time>
      </trkpt>
      <trkpt lat="26.9265003" lon="75.8260929">
        <time>2018-11-30T10:23:31Z</time>
      </trkpt>
      <trkpt lat="26.9264654" lon="75.8262242">
        <time>2018-11-30T10:23:42Z</time>
      </trkpt>
      <trkpt lat="26.9264294" lon="75.8263373">
        <time>2018-11-30T10:23:54Z</time>
      </trkpt>
      <trkpt lat="26.9264116" lon="75.8264621">
        <time>2018-11-30T10:24:07Z</time>
      </trkpt>
      <trkpt lat="26.9263901" lon="75.8265897">
        <time>2018-11-30T10:24:19Z</time>
      </trkpt>
      <trkpt lat="26.9263764" lon="75.8266157">
        <time>2018-11-30T10:24:29Z</time>
      </trkpt>
      <trkpt lat="26.9263628" lon="75.8266171">
        <time>2018-11-30T10:24:38Z</time>
      </trkpt>
      <trkpt lat="26.9263330" lon="75.8266338">
        <time>2018-11-30T10:24:52Z</time>
      </trkpt>
      <trkpt lat="26.9262972" lon="75.8267474">
        <time>2018-11-30T10:25:02Z</time>
      </trkpt>
      <trkpt lat="26.9262863" lon="75.8268391">
        <time>2018-11-30T10:25:09Z</time>
      </trkpt>
      <trkpt lat="26.9262737" lon="75.8269861">
        <time>2018-11-30T10:25:22Z</time>
      </trkpt>
      <trkpt lat="26.9262651" lon="75.8270478">
        <time>2018-11-30T10:25:32Z</time>
      </trkpt>
      <trkpt lat="26.9262452" lon="75.8270308">
        <time>2018-11-30T10:25:44Z</time>
      </trkpt>
      <trkpt lat="26.9262413" lon="75.8270448">
        <time>2018-11-30T10:25:45Z</time>
      </trkpt>
      <trkpt lat="26.9262381" lon="75.8270595">
        <time>2018-11-30T10:25:46Z</time>
      </trkpt>
      <trkpt lat="26.9262083" lon="75.8272083">
        <time>2018-11-30T10:25:55Z</time>
      </trkpt>
      <trkpt lat="26.9261746" lon="75.8273827">
        <time>2018-11-30T10:26:07Z</time>
      </trkpt>
      <trkpt lat="26.9261583" lon="75.8274800">
        <time>2018-11-30T10:26:19Z</time>
      </trkpt>
      <trkpt lat="26.9261591" lon="75.8275490">
        <time>2018-11-30T10:26:31Z</time>
      </trkpt>
      <trkpt lat="26.9261430" lon="75.8275884">
        <time>2018-11-30T10:26:44Z</time>
      </trkpt>
      <trkpt lat="26.9261239" lon="75.8276108">
        <time>2018-11-30T10:26:58Z</time>
      </trkpt>
      <trkpt lat="26.9261019" lon="75.8276907">
        <time>2018-11-30T10:27:11Z</time>
      </trkpt>
      <trkpt lat="26.9260796" lon="75.8277856">
        <time>2018-11-30T10:27:21Z</time>
      </trkpt>
      <trkpt lat="26.9260009" lon="75.8277790">
        <time>2018-11-30T10:27:31Z</time>
      </trkpt>
      <trkpt lat="26.9259488" lon="75.8278041">
        <time>2018-11-30T10:27:39Z</time>
      </trkpt>
      <trkpt lat="26.9258847" lon="75.8277717">
        <time>2018-11-30T10:27:49Z</time>
      </trkpt>
      <trkpt lat="26.9257759" lon="75.8277510">
        <time>2018-11-30T10:28:00Z</time>
      </trkpt>
      <trkpt lat="26.9256885" lon="75.8277114">
        <time>2018-11-30T10:28:10Z</time>
      </trkpt>
      <trkpt lat="26.9255839" lon="75.8276939">
        <time>2018-11-30T10:28:21Z</time>
      </trkpt>
      <trkpt lat="26.9255196" lon="75.8276630">
        <time>2018-11-30T10:28:31Z</time>
      </trkpt>
      <trkpt lat="26.9254760" lon="75.8276376">
        <time>2018-11-30T10:28:37Z</time>
      </trkpt>
      <trkpt lat="26.9253624" lon="75.8275656">
        <time>2018-11-30T10:28:48Z</time>
      </trkpt>
      <trkpt lat="26.9252466" lon="75.8275272">
        <time>2018-11-30T10:29:00Z</time>
      </trkpt>
      <trkpt lat="26.9251396" lon="75.8275325">
        <time>2018-11-30T10:29:09Z</time>
      </trkpt>
      <trkpt lat="26.9250208" lon="75.8275299">
        <time>2018-11-30T10:29:21Z</time>
      </trkpt>
      <trkpt lat="26.9249252" lon="75.8275207">
        <time>2018-11-30T10:29:31Z</time>
      </trkpt>
      <trkpt lat="26.9248250" lon="75.8274904">
        <time>2018-11-30T10:29:42Z</time>
      </trkpt>
      <trkpt lat="26.9247412" lon="75.8274734">
        <time>2018-11-30T10:29:51Z</time>
      </trkpt>
      <trkpt lat="26.9246655" lon="75.8274453">
        <time>2018-11-30T10:29:59Z</time>
      </trkpt>
      <trkpt lat="26.9245901" lon="75.8274402">
        <time>2018-11-30T10:30:08Z</time>
      </trkpt>
      <trkpt lat="26.9244551" lon="75.8273972">
        <time>2018-11-30T10:30:20Z</time>
      </trkpt>
      <trkpt lat="26.9243439" lon="75.8273620">
        <time>2018-11-30T10:30:31Z</time>
      </trkpt>
      <trkpt lat="26.9242382" lon="75.8273118">
        <time>2018-11-30T10:30:43Z</time>
      </trkpt>
      <trkpt lat="26.9241803" lon="75.8273213">
        <time>2018-11-30T10:30:54Z</time>
      </trkpt>
      <trkpt lat="26.9240945" lon="75.8272932">
        <time>2018-11-30T10:31:06Z</time>
      </trkpt>
      <trkpt lat="26.9240067" lon="75.8272754">
        <time>2018-11-30T10:31:17Z</time>
      </trkpt>
      <trkpt lat="26.9239250" lon="75.8272601">
        <time>2018-11-30T10:31:27Z</time>
      </trkpt>
      <trkpt lat="26.9237905" lon="75.8272253">
        <time>2018-11-30T10:31:43Z</time>
      </trkpt>
      <trkpt lat="26.9237752" lon="75.8271963">
        <time>2018-11-30T10:31:53Z</time>
      </trkpt>
      <trkpt lat="26.9237486" lon="75.8271776">
        <time>2018-11-30T10:32:02Z</time>
      </trkpt>
      <trkpt lat="26.9237456" lon="75.8271484">
        <time>2018-11-30T10:32:24Z</time>
      </trkpt>
      <trkpt lat="26.9237299" lon="75.8271579">
        <time>2018-11-30T10:32:43Z</time>
      </trkpt>
      <trkpt lat="26.9237245" lon="75.8271626">
        <time>2018-11-30T10:33:00Z</time>
      </trkpt>
      <trkpt lat="26.9237336" lon="75.8271662">
        <time>2018-11-30T10:33:17Z</time>
      </trkpt>
      <trkpt lat="26.9237105" lon="75.8271419">
        <time>2018-11-30T10:33:26Z</time>
      </trkpt>
      <trkpt lat="26.9236184" lon="75.8271165">
        <time>2018-11-30T10:33:36Z</time>
      </trkpt>
      <trkpt lat="26.9235432" lon="75.8270973">
        <time>2018-11-30T10:33:47Z</time>
      </trkpt>
      <trkpt lat="26.9234711" lon="75.8271092">
        <time>2018-11-30T10:33:56Z</time>
      </trkpt>
      <trkpt lat="26.9233830" lon="75.8270978">
        <time>2018-11-30T10:34:09Z</time>
      </trkpt>
      <trkpt lat="26.9232957" lon="75.8270945">
        <time>2018-11-30T10:34:23Z</time>
      </trkpt>
      <trkpt lat="26.9232767" lon="75.8270903">
        <time>2018-11-30T10:34:27Z</time>
      </trkpt>
      <trkpt lat="26.9232192" lon="75.8271439">
        <time>2018-11-30T10:34:39Z</time>
      </trkpt>
      <trkpt lat="26.9231694" lon="75.8271630">
        <time>2018-11-30T10:34:48Z</time>
      </trkpt>
      <trkpt lat="26.9231543" lon="75.8271773">
        <time>2018-11-30T10:34:50Z</time>
      </trkpt>
      <trkpt lat="26.9230396" lon="75.8272335">
        <time>2018-11-30T10:35:03Z</time>
      </trkpt>
      <trkpt lat="26.9230039" lon="75.8272627">
        <time>2018-11-30T10:35:14Z</time>
      </trkpt>
      <trkpt lat="26.9229432" lon="75.8273332">
        <time>2018-11-30T10:35:25Z</time>
      </trkpt>
      <trkpt lat="26.9228617" lon="75.8274012">
        <time>2018-11-30T10:35:36Z</time>
      </trkpt>
      <trkpt lat="26.9228341" lon="75.8274178">
        <time>2018-11-30T10:35:43Z</time>
      </trkpt>
      <trkpt lat="26.9227988" lon="75.8274068">
        <time>2018-11-30T10:35:56Z</time>
      </trkpt>
      <trkpt lat="26.9227499" lon="75.8274177">
        <time>2018-11-30T10:36:07Z</time>
      </trkpt>
      <trkpt lat="26.9227563" lon="75.8273678">
        <time>2018-11-30T10:36:18Z</time>
      </trkpt>
      <trkpt lat="26.9227641" lon="75.8273012">
        <time>2018-11-30T10:36:29Z</time>
      </trkpt>
      <trkpt lat="26.9227315" lon="75.8273025">
        <time>2018-11-30T10:36:45Z</time>
      </trkpt>
      <trkpt lat="26.9226697" lon="75.8273120">
        <time>2018-11-30T10:36:55Z</time>
      </trkpt>
      <trkpt lat="26.9226082" lon="75.8272636">
        <time>2018-11-30T10:37:08Z</time>
      </trkpt>
      <trkpt lat="26.9225244" lon="75.8272177">
        <time>2018-11-30T10:37:18Z</time>
      </trkpt>
      <trkpt lat="26.9224905" lon="75.8272045">
        <time>2018-11-30T10:37:25Z</time>
      </trkpt>
      <trkpt lat="26.9224546" lon="75.8271808">
        <time>2018-11-30T10:37:34Z</time>
      </trkpt>
      <trkpt lat="26.9224349" lon="75.8271212">
        <time>2018-11-30T10:37:47Z</time>
      </trkpt>
      <trkpt lat="26.9224463" lon="75.8270445">
        <time>2018-11-30T10:37:58Z</time>
      </trkpt>
      <trkpt lat="26.9224520" lon="75.8269823">
        <time>2018-11-30T10:38:10Z</time>
      </trkpt>
      <trkpt lat="26.9224213" lon="75.8269010">
        <time>2018-11-30T10:38:21Z</time>
      </trkpt>
      <trkpt lat="26.9223879" lon="75.8268015">
        <time>2018-11-30T10:38:33Z</time>
      </trkpt>
      <trkpt lat="26.9223245" lon="75.8267581">
        <time>2018-11-30T10:38:44Z</time>
      </trkpt>
      <trkpt lat="26.9222760" lon="75.8267256">
        <time>2018-11-30T10:38:55Z</time>
      </trkpt>
      <trkpt lat="26.9222573" lon="75.8266647">
        <time>2018-11-30T10:39:06Z</time>
      </trkpt>
      <trkpt lat="26.9221764" lon="75.8267121">
        <time>2018-11-30T10:39:18Z</time>
      </trkpt>
      <trkpt lat="26.9221124" lon="75.8267046">
        <time>2018-11-30T10:39:31Z</time>
      </trkpt>
      <trkpt lat="26.9220572" lon="75.8267197">
        <time>2018-11-30T10:39:44Z</time>
      </trkpt>
      <trkpt lat="26.9220236" lon="75.8266880">
        <time>2018-11-30T10:39:56Z</time>
      </trkpt>
      <trkpt lat="26.9219875" lon="75.8265711">
        <time>2018-11-30T10:40:11Z</time>
      </trkpt>
      <trkpt lat="26.9219581" lon="75.8263961">
        <time>2018-11-30T10:40:21Z</time>
      </trkpt>
      <trkpt lat="26.9219272" lon="75.8264100">
        <time>2018-11-30T10:40:30Z</time>
      </trkpt>
      <trkpt lat="26.9218743" lon="75.8263718">
        <time>2018-11-30T10:40:45Z</time>
      </trkpt>
      <trkpt lat="26.9217848" lon="75.8263302">
        <time>2018-11-30T10:40:58Z</time>
      </trkpt>
      <trkpt lat="26.9217320" lon="75.8263063">
        <time>2018-11-30T10:41:09Z</time>
      </trkpt>
      <trkpt lat="26.9216735" lon="75.8263078">
        <time>2018-11-30T10:41:19Z</time>
      </trkpt>
      <trkpt lat="26.9216631" lon="75.8262764">
        <time>2018-11-30T10:41:33Z</time>
      </trkpt>
      <trkpt lat="26.9216503" lon="75.8262793">
        <time>2018-11-30T10:41:42Z</time>
      </trkpt>
      <trkpt lat="26.9216717" lon="75.8262860">
        <time>2018-11-30T10:41:44Z</time>
      </trkpt>
      <trkpt lat="26.9217148" lon="75.8263582">
        <time>2018-11-30T10:41:54Z</time>
      </trkpt>
      <trkpt lat="26.9217133" lon="75.8263838">
        <time>2018-11-30T10:42:05Z</time>
      </trkpt>
      <trkpt lat="26.9217281" lon="75.8263822">
        <time>2018-11-30T10:42:13Z</time>
      </trkpt>
      <trkpt lat="26.9217364" lon="75.8263705">
        <time>2018-11-30T10:42:22Z</time>
      </trkpt>
      <trkpt lat="26.9216945" lon="75.8263740">
        <time>2018-11-30T10:42:32Z</time>
      </trkpt>
      <trkpt lat="26.9216662" lon="75.8263498">
        <time>2018-11-30T10:42:43Z</time>
      </trkpt>
      <trkpt lat="26.9216527" lon="75.8263338">
        <time>2018-11-30T10:42:46Z</time>
      </trkpt>
      <trkpt lat="26.9216209" lon="75.8263137">
        <time>2018-11-30T10:42:59Z</time>
      </trkpt>
      <trkpt lat="26.9215767" lon="75.8263316">
        <time>2018-11-30T10:43:11Z</time>
      </trkpt>
      <trkpt lat="26.9215343" lon="75.8263126">
        <time>2018-11-30T10:43:23Z</time>
      </trkpt>
      <trkpt lat="26.9214961" lon="75.8263679">
        <time>2018-11-30T10:43:36Z</time>
      </trkpt>
      <trkpt lat="26.9214626" lon="75.8263977">
        <time>2018-11-30T10:43:50Z</time>
      </trkpt>
      <trkpt lat="26.9214466" lon="75.8264460">
        <time>2018-11-30T10:44:06Z</time>
      </trkpt>
      <trkpt lat="26.9214323" lon="75.8264627">
        <time>2018-11-30T10:44:24Z</time>
      </trkpt>
      <trkpt lat="26.9213953" lon="75.8265276">
        <time>2018-11-30T10:44:40Z</time>
      </trkpt>
      <trkpt lat="26.9213831" lon="75.8265224">
        <time>2018-11-30T10:44:54Z</time>
      </trkpt>
      <trkpt lat="26.9213887" lon="75.8264829">
        <time>2018-11-30T10:45:03Z</time>
      </trkpt>
      <trkpt lat="26.9213757" lon="75.8264304">
        <time>2018-11-30T10:45:11Z</time>
      </trkpt>
      <trkpt lat="26.9213462" lon="75.8263915">
        <time>2018-11-30T10:45:25Z</time>
      </trkpt>
      <trkpt lat="26.9213100" lon="75.8263330">
        <time>2018-11-30T10:45:34Z</time>
      </trkpt>
      <trkpt lat="26.9212589" lon="75.8263120">
        <time>2018-11-30T10:45:46Z</time>
      </trkpt>
      <trkpt lat="26.9212119" lon="75.8263120">
        <time>2018-11-30T10:45:59Z</time>
      </trkpt>
      <trkpt lat="26.9211756" lon="75.8262916">
        <time>2018-11-30T10:46:10Z</time>
      </trkpt>
      <trkpt lat="26.9211627" lon="75.8262775">
        <time>2018-11-30T10:46:27Z</time>
      </trkpt>
      <trkpt lat="26.9211147" lon="75.8263849">
        <time>2018-11-30T10:46:44Z</time>
      </trkpt>
      <trkpt lat="26.9211225" lon="75.8264411">
        <time>2018-11-30T10:47:02Z</time>
      </trkpt>
      <trkpt lat="26.9213164" lon="75.8263812">
        <time>2018-11-30T11:18:00Z</time>
      </trkpt>
      <trkpt lat="26.9213513" lon="75.8264659">
        <time>2018-11-30T11:18:12Z</time>
      </trkpt>
      <trkpt lat="26.9214339" lon="75.8264912">
        <time>2018-11-30T11:18:21Z</time>
      </trkpt>
      <trkpt lat="26.9214901" lon="75.8265311">
        <time>2018-11-30T11:18:32Z</time>
      </trkpt>
      <trkpt lat="26.9215295" lon="75.8265384">
        <time>2018-11-30T11:18:44Z</time>
      </trkpt>
      <trkpt lat="26.9216124" lon="75.8264771">
        <time>2018-11-30T11:18:53Z</time>
      </trkpt>
      <trkpt lat="26.9216848" lon="75.8265011">
        <time>2018-11-30T11:19:04Z</time>
      </trkpt>
      <trkpt lat="26.9217443" lon="75.8265483">
        <time>2018-11-30T11:19:16Z</time>
      </trkpt>
      <trkpt lat="26.9218268" lon="75.8265992">
        <time>2018-11-30T11:19:27Z</time>
      </trkpt>
      <trkpt lat="26.9218946" lon="75.8266042">
        <time>2018-11-30T11:19:38Z</time>
      </trkpt>
      <trkpt lat="26.9219554" lon="75.8266518">
        <time>2018-11-30T11:19:48Z</time>
      </trkpt>
      <trkpt lat="26.9220278" lon="75.8267093">
        <time>2018-11-30T11:20:00Z</time>
      </trkpt>
      <trkpt lat="26.9220918" lon="75.8267440">
        <time>2018-11-30T11:20:11Z</time>
      </trkpt>
      <trkpt lat="26.9222182" lon="75.8268154">
        <time>2018-11-30T11:20:24Z</time>
      </trkpt>
      <trkpt lat="26.9223838" lon="75.8267647">
        <time>2018-11-30T11:20:35Z</time>
      </trkpt>
      <trkpt lat="26.9225623" lon="75.8266402">
        <time>2018-11-30T11:20:45Z</time>
      </trkpt>
      <trkpt lat="26.9226970" lon="75.8266282">
        <time>2018-11-30T11:20:57Z</time>
      </trkpt>
      <trkpt lat="26.9227940" lon="75.8265513">
        <time>2018-11-30T11:21:06Z</time>
      </trkpt>
      <trkpt lat="26.9228745" lon="75.8264798">
        <time>2018-11-30T11:21:14Z</time>
      </trkpt>
      <trkpt lat="26.9229669" lon="75.8265439">
        <time>2018-11-30T11:21:25Z</time>
      </trkpt>
      <trkpt lat="26.9230000" lon="75.8266005">
        <time>2018-11-30T11:21:31Z</time>
      </trkpt>
      <trkpt lat="26.9231562" lon="75.8266954">
        <time>2018-11-30T11:21:44Z</time>
      </trkpt>
      <trkpt lat="26.9231913" lon="75.8267114">
        <time>2018-11-30T11:21:48Z</time>
      </trkpt>
      <trkpt lat="26.9233321" lon="75.8268022">
        <time>2018-11-30T11:22:01Z</time>
      </trkpt>
      <trkpt lat="26.9234313" lon="75.8268366">
        <time>2018-11-30T11:22:12Z</time>
      </trkpt>
      <trkpt lat="26.9235035" lon="75.8268746">
        <time>2018-11-30T11:22:23Z</time>
      </trkpt>
      <trkpt lat="26.9235863" lon="75.8269019">
        <time>2018-11-30T11:22:32Z</time>
      </trkpt>
      <trkpt lat="26.9236557" lon="75.8269139">
        <time>2018-11-30T11:22:41Z</time>
      </trkpt>
      <trkpt lat="26.9236859" lon="75.8269243">
        <time>2018-11-30T11:22:43Z</time>
      </trkpt>
      <trkpt lat="26.9237791" lon="75.8269725">
        <time>2018-11-30T11:22:51Z</time>
      </trkpt>
      <trkpt lat="26.9238859" lon="75.8270002">
        <time>2018-11-30T11:23:01Z</time>
      </trkpt>
      <trkpt lat="26.9239885" lon="75.8269845">
        <time>2018-11-30T11:23:13Z</time>
      </trkpt>
      <trkpt lat="26.9241167" lon="75.8269945">
        <time>2018-11-30T11:23:27Z</time>
      </trkpt>
      <trkpt lat="26.9242272" lon="75.8270323">
        <time>2018-11-30T11:23:38Z</time>
      </trkpt>
      <trkpt lat="26.9243613" lon="75.8270812">
        <time>2018-11-30T11:23:51Z</time>
      </trkpt>
      <trkpt lat="26.9244851" lon="75.8271297">
        <time>2018-11-30T11:24:02Z</time>
      </trkpt>
      <trkpt lat="26.9245696" lon="75.8271543">
        <time>2018-11-30T11:24:12Z</time>
      </trkpt>
      <trkpt lat="26.9247153" lon="75.8271701">
        <time>2018-11-30T11:24:25Z</time>
      </trkpt>
      <trkpt lat="26.9248524" lon="75.8272014">
        <time>2018-11-30T11:24:35Z</time>
      </trkpt>
      <trkpt lat="26.9248891" lon="75.8272094">
        <time>2018-11-30T11:24:38Z</time>
      </trkpt>
      <trkpt lat="26.9250646" lon="75.8272995">
        <time>2018-11-30T11:24:49Z</time>
      </trkpt>
      <trkpt lat="26.9251059" lon="75.8273087">
        <time>2018-11-30T11:24:54Z</time>
      </trkpt>
      <trkpt lat="26.9251788" lon="75.8273112">
        <time>2018-11-30T11:25:03Z</time>
      </trkpt>
      <trkpt lat="26.9252726" lon="75.8273732">
        <time>2018-11-30T11:25:15Z</time>
      </trkpt>
      <trkpt lat="26.9254399" lon="75.8274080">
        <time>2018-11-30T11:25:26Z</time>
      </trkpt>
      <trkpt lat="26.9255790" lon="75.8274174">
        <time>2018-11-30T11:25:38Z</time>
      </trkpt>
      <trkpt lat="26.9257350" lon="75.8275504">
        <time>2018-11-30T11:25:49Z</time>
      </trkpt>
      <trkpt lat="26.9257689" lon="75.8275112">
        <time>2018-11-30T11:25:51Z</time>
      </trkpt>
      <trkpt lat="26.9258622" lon="75.8275266">
        <time>2018-11-30T11:25:59Z</time>
      </trkpt>
      <trkpt lat="26.9258662" lon="75.8275205">
        <time>2018-11-30T11:26:00Z</time>
      </trkpt>
      <trkpt lat="26.9259596" lon="75.8275108">
        <time>2018-11-30T11:26:09Z</time>
      </trkpt>
      <trkpt lat="26.9260296" lon="75.8275216">
        <time>2018-11-30T11:26:16Z</time>
      </trkpt>
      <trkpt lat="26.9260397" lon="75.8274958">
        <time>2018-11-30T11:26:24Z</time>
      </trkpt>
      <trkpt lat="26.9260423" lon="75.8274619">
        <time>2018-11-30T11:26:27Z</time>
      </trkpt>
      <trkpt lat="26.9260429" lon="75.8273314">
        <time>2018-11-30T11:26:38Z</time>
      </trkpt>
      <trkpt lat="26.9260572" lon="75.8271929">
        <time>2018-11-30T11:26:50Z</time>
      </trkpt>
      <trkpt lat="26.9260569" lon="75.8271411">
        <time>2018-11-30T11:26:57Z</time>
      </trkpt>
      <trkpt lat="26.9261300" lon="75.8269534">
        <time>2018-11-30T11:27:10Z</time>
      </trkpt>
      <trkpt lat="26.9261683" lon="75.8268306">
        <time>2018-11-30T11:27:21Z</time>
      </trkpt>
      <trkpt lat="26.9261941" lon="75.8268134">
        <time>2018-11-30T11:27:30Z</time>
      </trkpt>
      <trkpt lat="26.9262412" lon="75.8268594">
        <time>2018-11-30T11:27:48Z</time>
      </trkpt>
      <trkpt lat="26.9262744" lon="75.8269149">
        <time>2018-11-30T11:28:02Z</time>
      </trkpt>
      <trkpt lat="26.9263021" lon="75.8269534">
        <time>2018-11-30T11:28:15Z</time>
      </trkpt>
      <trkpt lat="26.9263065" lon="75.8269691">
        <time>2018-11-30T11:28:27Z</time>
      </trkpt>
      <trkpt lat="26.9263024" lon="75.8269730">
        <time>2018-11-30T11:28:43Z</time>
      </trkpt>
      <trkpt lat="26.9263195" lon="75.8269323">
        <time>2018-11-30T11:28:53Z</time>
      </trkpt>
      <trkpt lat="26.9263489" lon="75.8268125">
        <time>2018-11-30T11:28:59Z</time>
      </trkpt>
      <trkpt lat="26.9263661" lon="75.8265917">
        <time>2018-11-30T11:29:08Z</time>
      </trkpt>
      <trkpt lat="26.9264378" lon="75.8265636">
        <time>2018-11-30T11:29:17Z</time>
      </trkpt>
      <trkpt lat="26.9264152" lon="75.8265487">
        <time>2018-11-30T11:29:22Z</time>
      </trkpt>
      <trkpt lat="26.9264340" lon="75.8265017">
        <time>2018-11-30T11:29:26Z</time>
      </trkpt>
      <trkpt lat="26.9264117" lon="75.8263524">
        <time>2018-11-30T11:29:36Z</time>
      </trkpt>
      <trkpt lat="26.9264110" lon="75.8263053">
        <time>2018-11-30T11:29:40Z</time>
      </trkpt>
      <trkpt lat="26.9264266" lon="75.8262768">
        <time>2018-11-30T11:29:42Z</time>
      </trkpt>
      <trkpt lat="26.9264424" lon="75.8262631">
        <time>2018-11-30T11:29:43Z</time>
      </trkpt>
      <trkpt lat="26.9264556" lon="75.8262467">
        <time>2018-11-30T11:29:44Z</time>
      </trkpt>
      <trkpt lat="26.9264628" lon="75.8262320">
        <time>2018-11-30T11:29:45Z</time>
      </trkpt>
      <trkpt lat="26.9264674" lon="75.8262179">
        <time>2018-11-30T11:29:46Z</time>
      </trkpt>
      <trkpt lat="26.9264746" lon="75.8262059">
        <time>2018-11-30T11:29:47Z</time>
      </trkpt>
      <trkpt lat="26.9264829" lon="75.8261906">
        <time>2018-11-30T11:29:48Z</time>
      </trkpt>
      <trkpt lat="26.9264910" lon="75.8261741">
        <time>2018-11-30T11:29:49Z</time>
      </trkpt>
      <trkpt lat="26.9265060" lon="75.8261486">
        <time>2018-11-30T11:29:51Z</time>
      </trkpt>
      <trkpt lat="26.9265159" lon="75.8261385">
        <time>2018-11-30T11:29:52Z</time>
      </trkpt>
      <trkpt lat="26.9265702" lon="75.8261274">
        <time>2018-11-30T11:29:56Z</time>
      </trkpt>
      <trkpt lat="26.9266659" lon="75.8261359">
        <time>2018-11-30T11:30:06Z</time>
      </trkpt>
      <trkpt lat="26.9266794" lon="75.8261823">
        <time>2018-11-30T11:30:10Z</time>
      </trkpt>
      <trkpt lat="26.9266978" lon="75.8263495">
        <time>2018-11-30T11:30:20Z</time>
      </trkpt>
      <trkpt lat="26.9267076" lon="75.8263743">
        <time>2018-11-30T11:30:30Z</time>
      </trkpt>
      <trkpt lat="26.9267225" lon="75.8263735">
        <time>2018-11-30T11:30:43Z</time>
      </trkpt>
      <trkpt lat="26.9267415" lon="75.8263989">
        <time>2018-11-30T11:30:55Z</time>
      </trkpt>
      <trkpt lat="26.9267207" lon="75.8264189">
        <time>2018-11-30T11:31:15Z</time>
      </trkpt>
      <trkpt lat="26.9267348" lon="75.8264352">
        <time>2018-11-30T11:31:35Z</time>
      </trkpt>
      <trkpt lat="26.9267551" lon="75.8263499">
        <time>2018-11-30T11:31:50Z</time>
      </trkpt>
      <trkpt lat="26.9267614" lon="75.8262985">
        <time>2018-11-30T11:31:55Z</time>
      </trkpt>
      <trkpt lat="26.9267929" lon="75.8260505">
        <time>2018-11-30T11:32:12Z</time>
      </trkpt>
      <trkpt lat="26.9266578" lon="75.8258168">
        <time>2018-11-30T11:32:27Z</time>
      </trkpt>
      <trkpt lat="26.9265512" lon="75.8257421">
        <time>2018-11-30T11:32:38Z</time>
      </trkpt>
      <trkpt lat="26.9264615" lon="75.8259153">
        <time>2018-11-30T11:32:46Z</time>
      </trkpt>
      <trkpt lat="26.9263645" lon="75.8264851">
        <time>2018-11-30T11:33:01Z</time>
      </trkpt>
      <trkpt lat="26.9262967" lon="75.8266756">
        <time>2018-11-30T11:33:13Z</time>
      </trkpt>
      <trkpt lat="26.9262197" lon="75.8269885">
        <time>2018-11-30T11:33:23Z</time>
      </trkpt>
      <trkpt lat="26.9261273" lon="75.8274025">
        <time>2018-11-30T11:33:34Z</time>
      </trkpt>
      <trkpt lat="26.9260816" lon="75.8275818">
        <time>2018-11-30T11:33:43Z</time>
      </trkpt>
      <trkpt lat="26.9260660" lon="75.8277272">
        <time>2018-11-30T11:33:55Z</time>
      </trkpt>
      <trkpt lat="26.9258704" lon="75.8277236">
        <time>2018-11-30T11:34:02Z</time>
      </trkpt>
      <trkpt lat="26.9253099" lon="75.8275578">
        <time>2018-11-30T11:34:15Z</time>
      </trkpt>
      <trkpt lat="26.9244947" lon="75.8273465">
        <time>2018-11-30T11:34:32Z</time>
      </trkpt>
      <trkpt lat="26.9239541" lon="75.8271988">
        <time>2018-11-30T11:34:45Z</time>
      </trkpt>
      <trkpt lat="26.9235662" lon="75.8270994">
        <time>2018-11-30T11:34:56Z</time>
      </trkpt>
      <trkpt lat="26.9232073" lon="75.8270664">
        <time>2018-11-30T11:35:07Z</time>
      </trkpt>
      <trkpt lat="26.9230694" lon="75.8270677">
        <time>2018-11-30T11:35:20Z</time>
      </trkpt>
      <trkpt lat="26.9230239" lon="75.8270454">
        <time>2018-11-30T11:35:32Z</time>
      </trkpt>
      <trkpt lat="26.9229172" lon="75.8270191">
        <time>2018-11-30T11:35:44Z</time>
      </trkpt>
      <trkpt lat="26.9228212" lon="75.8269725">
        <time>2018-11-30T11:36:00Z</time>
      </trkpt>
      <trkpt lat="26.9226905" lon="75.8268842">
        <time>2018-11-30T11:36:14Z</time>
      </trkpt>
      <trkpt lat="26.9225066" lon="75.8267767">
        <time>2018-11-30T11:36:30Z</time>
      </trkpt>
      <trkpt lat="26.9223676" lon="75.8267505">
        <time>2018-11-30T11:36:46Z</time>
      </trkpt>
      <trkpt lat="26.9222537" lon="75.8267346">
        <time>2018-11-30T11:36:59Z</time>
      </trkpt>
      <trkpt lat="26.9219631" lon="75.8266173">
        <time>2018-11-30T11:37:12Z</time>
      </trkpt>
      <trkpt lat="26.9216731" lon="75.8265495">
        <time>2018-11-30T11:37:21Z</time>
      </trkpt>
      <trkpt lat="26.9214809" lon="75.8264892">
        <time>2018-11-30T11:37:35Z</time>
      </trkpt>
      <trkpt lat="26.9213368" lon="75.8264615">
        <time>2018-11-30T11:37:49Z</time>
      </trkpt>
      <trkpt lat="26.9211264" lon="75.8263824">
        <time>2018-11-30T11:38:03Z</time>
      </trkpt>
      <trkpt lat="26.9209832" lon="75.8263344">
        <time>2018-11-30T11:38:18Z</time>
      </trkpt>
      <trkpt lat="26.9207179" lon="75.8262761">
        <time>2018-11-30T11:38:29Z</time>
      </trkpt>
      <trkpt lat="26.9205079" lon="75.8262051">
        <time>2018-11-30T11:38:40Z</time>
      </trkpt>
      <trkpt lat="26.9201182" lon="75.8260894">
        <time>2018-11-30T11:38:54Z</time>
      </trkpt>
      <trkpt lat="26.9198299" lon="75.8259827">
        <time>2018-11-30T11:39:06Z</time>
      </trkpt>
      <trkpt lat="26.9194023" lon="75.8258722">
        <time>2018-11-30T11:39:18Z</time>
      </trkpt>
      <trkpt lat="26.9191763" lon="75.8258002">
        <time>2018-11-30T11:39:28Z</time>
      </trkpt>
      <trkpt lat="26.9187705" lon="75.8256801">
        <time>2018-11-30T11:39:43Z</time>
      </trkpt>
      <trkpt lat="26.9185555" lon="75.8256276">
        <time>2018-11-30T11:39:55Z</time>
      </trkpt>
      <trkpt lat="26.9181084" lon="75.8255139">
        <time>2018-11-30T11:40:10Z</time>
      </trkpt>
      <trkpt lat="26.9178577" lon="75.8254595">
        <time>2018-11-30T11:40:20Z</time>
      </trkpt>
      <trkpt lat="26.9175403" lon="75.8253555">
        <time>2018-11-30T11:40:31Z</time>
      </trkpt>
      <trkpt lat="26.9172423" lon="75.8252927">
        <time>2018-11-30T11:40:41Z</time>
      </trkpt>
      <trkpt lat="26.9167166" lon="75.8251133">
        <time>2018-11-30T11:40:53Z</time>
      </trkpt>
      <trkpt lat="26.9161933" lon="75.8249652">
        <time>2018-11-30T11:41:05Z</time>
      </trkpt>
      <trkpt lat="26.9161683" lon="75.8249651">
        <time>2018-11-30T11:41:15Z</time>
      </trkpt>
      <trkpt lat="26.9161750" lon="75.8249372">
        <time>2018-11-30T11:41:36Z</time>
      </trkpt>
      <trkpt lat="26.9160845" lon="75.8249165">
        <time>2018-11-30T11:41:46Z</time>
      </trkpt>
      <trkpt lat="26.9158277" lon="75.8248340">
        <time>2018-11-30T11:41:58Z</time>
      </trkpt>
      <trkpt lat="26.9156671" lon="75.8247940">
        <time>2018-11-30T11:42:09Z</time>
      </trkpt>
      <trkpt lat="26.9156162" lon="75.8247889">
        <time>2018-11-30T11:42:19Z</time>
      </trkpt>
      <trkpt lat="26.9155057" lon="75.8247615">
        <time>2018-11-30T11:42:30Z</time>
      </trkpt>
      <trkpt lat="26.9154677" lon="75.8247312">
        <time>2018-11-30T11:42:42Z</time>
      </trkpt>
      <trkpt lat="26.9154343" lon="75.8247270">
        <time>2018-11-30T11:43:01Z</time>
      </trkpt>
      <trkpt lat="26.9154188" lon="75.8247360">
        <time>2018-11-30T11:43:29Z</time>
      </trkpt>
      <trkpt lat="26.9154400" lon="75.8247279">
        <time>2018-11-30T11:43:57Z</time>
      </trkpt>
      <trkpt lat="26.9153370" lon="75.8246902">
        <time>2018-11-30T11:44:13Z</time>
      </trkpt>
      <trkpt lat="26.9151443" lon="75.8244767">
        <time>2018-11-30T11:44:21Z</time>
      </trkpt>
      <trkpt lat="26.9151399" lon="75.8244296">
        <time>2018-11-30T11:44:22Z</time>
      </trkpt>
      <trkpt lat="26.9151410" lon="75.8243801">
        <time>2018-11-30T11:44:23Z</time>
      </trkpt>
      <trkpt lat="26.9151472" lon="75.8243275">
        <time>2018-11-30T11:44:24Z</time>
      </trkpt>
      <trkpt lat="26.9152377" lon="75.8238840">
        <time>2018-11-30T11:44:31Z</time>
      </trkpt>
      <trkpt lat="26.9153102" lon="75.8235569">
        <time>2018-11-30T11:44:39Z</time>
      </trkpt>
      <trkpt lat="26.9153929" lon="75.8232096">
        <time>2018-11-30T11:44:47Z</time>
      </trkpt>
      <trkpt lat="26.9154474" lon="75.8229060">
        <time>2018-11-30T11:44:55Z</time>
      </trkpt>
      <trkpt lat="26.9155732" lon="75.8222673">
        <time>2018-11-30T11:45:03Z</time>
      </trkpt>
      <trkpt lat="26.9157537" lon="75.8213486">
        <time>2018-11-30T11:45:15Z</time>
      </trkpt>
      <trkpt lat="26.9157750" lon="75.8212761">
        <time>2018-11-30T11:45:21Z</time>
      </trkpt>
      <trkpt lat="26.9157793" lon="75.8211784">
        <time>2018-11-30T11:45:37Z</time>
      </trkpt>
      <trkpt lat="26.9158432" lon="75.8207268">
        <time>2018-11-30T11:45:47Z</time>
      </trkpt>
      <trkpt lat="26.9159829" lon="75.8201406">
        <time>2018-11-30T11:45:55Z</time>
      </trkpt>
      <trkpt lat="26.9162186" lon="75.8190101">
        <time>2018-11-30T11:46:09Z</time>
      </trkpt>
      <trkpt lat="26.9162804" lon="75.8186843">
        <time>2018-11-30T11:46:15Z</time>
      </trkpt>
      <trkpt lat="26.9162819" lon="75.8186322">
        <time>2018-11-30T11:46:16Z</time>
      </trkpt>
      <trkpt lat="26.9162785" lon="75.8185763">
        <time>2018-11-30T11:46:17Z</time>
      </trkpt>
      <trkpt lat="26.9162677" lon="75.8185253">
        <time>2018-11-30T11:46:18Z</time>
      </trkpt>
      <trkpt lat="26.9162554" lon="75.8184827">
        <time>2018-11-30T11:46:19Z</time>
      </trkpt>
      <trkpt lat="26.9162390" lon="75.8184320">
        <time>2018-11-30T11:46:20Z</time>
      </trkpt>
      <trkpt lat="26.9162188" lon="75.8183779">
        <time>2018-11-30T11:46:21Z</time>
      </trkpt>
      <trkpt lat="26.9159528" lon="75.8177591">
        <time>2018-11-30T11:46:30Z</time>
      </trkpt>
      <trkpt lat="26.9155438" lon="75.8170837">
        <time>2018-11-30T11:46:41Z</time>
      </trkpt>
      <trkpt lat="26.9155013" lon="75.8170397">
        <time>2018-11-30T11:46:42Z</time>
      </trkpt>
      <trkpt lat="26.9154568" lon="75.8170002">
        <time>2018-11-30T11:46:43Z</time>
      </trkpt>
      <trkpt lat="26.9154086" lon="75.8169633">
        <time>2018-11-30T11:46:44Z</time>
      </trkpt>
      <trkpt lat="26.9153582" lon="75.8169341">
        <time>2018-11-30T11:46:45Z</time>
      </trkpt>
      <trkpt lat="26.9153050" lon="75.8169111">
        <time>2018-11-30T11:46:46Z</time>
      </trkpt>
      <trkpt lat="26.9152455" lon="75.8168906">
        <time>2018-11-30T11:46:47Z</time>
      </trkpt>
      <trkpt lat="26.9151786" lon="75.8168717">
        <time>2018-11-30T11:46:48Z</time>
      </trkpt>
      <trkpt lat="26.9144923" lon="75.8167215">
        <time>2018-11-30T11:46:59Z</time>
      </trkpt>
      <trkpt lat="26.9140693" lon="75.8166213">
        <time>2018-11-30T11:47:09Z</time>
      </trkpt>
      <trkpt lat="26.9132299" lon="75.8164153">
        <time>2018-11-30T11:47:21Z</time>
      </trkpt>
      <trkpt lat="26.9124501" lon="75.8162190">
        <time>2018-11-30T11:47:35Z</time>
      </trkpt>
      <trkpt lat="26.9123658" lon="75.8161782">
        <time>2018-11-30T11:47:37Z</time>
      </trkpt>
      <trkpt lat="26.9123258" lon="75.8161436">
        <time>2018-11-30T11:47:38Z</time>
      </trkpt>
      <trkpt lat="26.9122927" lon="75.8160989">
        <time>2018-11-30T11:47:39Z</time>
      </trkpt>
      <trkpt lat="26.9122694" lon="75.8160497">
        <time>2018-11-30T11:47:40Z</time>
      </trkpt>
      <trkpt lat="26.9122591" lon="75.8159938">
        <time>2018-11-30T11:47:41Z</time>
      </trkpt>
      <trkpt lat="26.9122610" lon="75.8159440">
        <time>2018-11-30T11:47:42Z</time>
      </trkpt>
      <trkpt lat="26.9122689" lon="75.8158927">
        <time>2018-11-30T11:47:43Z</time>
      </trkpt>
      <trkpt lat="26.9122826" lon="75.8158386">
        <time>2018-11-30T11:47:44Z</time>
      </trkpt>
      <trkpt lat="26.9122993" lon="75.8157886">
        <time>2018-11-30T11:47:45Z</time>
      </trkpt>
      <trkpt lat="26.9123189" lon="75.8157342">
        <time>2018-11-30T11:47:46Z</time>
      </trkpt>
      <trkpt lat="26.9125455" lon="75.8149169">
        <time>2018-11-30T11:47:58Z</time>
      </trkpt>
      <trkpt lat="26.9127753" lon="75.8137305">
        <time>2018-11-30T11:48:12Z</time>
      </trkpt>
      <trkpt lat="26.9129940" lon="75.8126392">
        <time>2018-11-30T11:48:27Z</time>
      </trkpt>
      <trkpt lat="26.9130439" lon="75.8123680">
        <time>2018-11-30T11:48:36Z</time>
      </trkpt>
      <trkpt lat="26.9130340" lon="75.8123601">
        <time>2018-11-30T11:48:46Z</time>
      </trkpt>
      <trkpt lat="26.9130611" lon="75.8121034">
        <time>2018-11-30T11:48:54Z</time>
      </trkpt>
      <trkpt lat="26.9132052" lon="75.8114994">
        <time>2018-11-30T11:49:05Z</time>
      </trkpt>
      <trkpt lat="26.9133926" lon="75.8106395">
        <time>2018-11-30T11:49:17Z</time>
      </trkpt>
      <trkpt lat="26.9135778" lon="75.8096885">
        <time>2018-11-30T11:49:29Z</time>
      </trkpt>
      <trkpt lat="26.9137632" lon="75.8088494">
        <time>2018-11-30T11:49:41Z</time>
      </trkpt>
      <trkpt lat="26.9138897" lon="75.8082683">
        <time>2018-11-30T11:49:51Z</time>
      </trkpt>
      <trkpt lat="26.9140566" lon="75.8074010">
        <time>2018-11-30T11:50:03Z</time>
      </trkpt>
      <trkpt lat="26.9141058" lon="75.8071510">
        <time>2018-11-30T11:50:10Z</time>
      </trkpt>
      <trkpt lat="26.9142053" lon="75.8067866">
        <time>2018-11-30T11:50:21Z</time>
      </trkpt>
      <trkpt lat="26.9142524" lon="75.8065753">
        <time>2018-11-30T11:50:29Z</time>
      </trkpt>
      <trkpt lat="26.9143184" lon="75.8060124">
        <time>2018-11-30T11:50:40Z</time>
      </trkpt>
      <trkpt lat="26.9142859" lon="75.8058036">
        <time>2018-11-30T11:50:48Z</time>
      </trkpt>
      <trkpt lat="26.9144333" lon="75.8054537">
        <time>2018-11-30T11:50:57Z</time>
      </trkpt>
      <trkpt lat="26.9145591" lon="75.8048342">
        <time>2018-11-30T11:51:07Z</time>
      </trkpt>
      <trkpt lat="26.9147215" lon="75.8041305">
        <time>2018-11-30T11:51:19Z</time>
      </trkpt>
      <trkpt lat="26.9149258" lon="75.8032644">
        <time>2018-11-30T11:51:33Z</time>
      </trkpt>
      <trkpt lat="26.9151590" lon="75.8024558">
        <time>2018-11-30T11:51:47Z</time>
      </trkpt>
      <trkpt lat="26.9153568" lon="75.8015848">
        <time>2018-11-30T11:52:02Z</time>
      </trkpt>
      <trkpt lat="26.9154028" lon="75.8013848">
        <time>2018-11-30T11:52:09Z</time>
      </trkpt>
      <trkpt lat="26.9154323" lon="75.8013640">
        <time>2018-11-30T11:52:25Z</time>
      </trkpt>
      <trkpt lat="26.9154509" lon="75.8013287">
        <time>2018-11-30T11:52:43Z</time>
      </trkpt>
      <trkpt lat="26.9155623" lon="75.8008505">
        <time>2018-11-30T11:52:53Z</time>
      </trkpt>
      <trkpt lat="26.9157676" lon="75.8005590">
        <time>2018-11-30T11:53:03Z</time>
      </trkpt>
      <trkpt lat="26.9158117" lon="75.8005601">
        <time>2018-11-30T11:53:04Z</time>
      </trkpt>
      <trkpt lat="26.9158500" lon="75.8005648">
        <time>2018-11-30T11:53:05Z</time>
      </trkpt>
      <trkpt lat="26.9159407" lon="75.8005996">
        <time>2018-11-30T11:53:07Z</time>
      </trkpt>
      <trkpt lat="26.9165712" lon="75.8008197">
        <time>2018-11-30T11:53:18Z</time>
      </trkpt>
      <trkpt lat="26.9166193" lon="75.8008203">
        <time>2018-11-30T11:53:19Z</time>
      </trkpt>
      <trkpt lat="26.9166607" lon="75.8008159">
        <time>2018-11-30T11:53:20Z</time>
      </trkpt>
      <trkpt lat="26.9166959" lon="75.8008022">
        <time>2018-11-30T11:53:21Z</time>
      </trkpt>
      <trkpt lat="26.9167259" lon="75.8007789">
        <time>2018-11-30T11:53:22Z</time>
      </trkpt>
      <trkpt lat="26.9167490" lon="75.8007481">
        <time>2018-11-30T11:53:23Z</time>
      </trkpt>
      <trkpt lat="26.9167673" lon="75.8007067">
        <time>2018-11-30T11:53:24Z</time>
      </trkpt>
      <trkpt lat="26.9167772" lon="75.8006649">
        <time>2018-11-30T11:53:25Z</time>
      </trkpt>
      <trkpt lat="26.9167817" lon="75.8006158">
        <time>2018-11-30T11:53:26Z</time>
      </trkpt>
      <trkpt lat="26.9167801" lon="75.8005660">
        <time>2018-11-30T11:53:27Z</time>
      </trkpt>
      <trkpt lat="26.9167702" lon="75.8005022">
        <time>2018-11-30T11:53:28Z</time>
      </trkpt>
      <trkpt lat="26.9167565" lon="75.8004436">
        <time>2018-11-30T11:53:29Z</time>
      </trkpt>
      <trkpt lat="26.9167379" lon="75.8003789">
        <time>2018-11-30T11:53:30Z</time>
      </trkpt>
      <trkpt lat="26.9167164" lon="75.8003132">
        <time>2018-11-30T11:53:31Z</time>
      </trkpt>
      <trkpt lat="26.9164245" lon="75.7995247">
        <time>2018-11-30T11:53:42Z</time>
      </trkpt>
      <trkpt lat="26.9163237" lon="75.7991352">
        <time>2018-11-30T11:53:49Z</time>
      </trkpt>
      <trkpt lat="26.9163236" lon="75.7990910">
        <time>2018-11-30T11:53:50Z</time>
      </trkpt>
      <trkpt lat="26.9163323" lon="75.7990447">
        <time>2018-11-30T11:53:51Z</time>
      </trkpt>
      <trkpt lat="26.9163488" lon="75.7990070">
        <time>2018-11-30T11:53:52Z</time>
      </trkpt>
      <trkpt lat="26.9163677" lon="75.7989818">
        <time>2018-11-30T11:53:53Z</time>
      </trkpt>
      <trkpt lat="26.9163915" lon="75.7989613">
        <time>2018-11-30T11:53:54Z</time>
      </trkpt>
      <trkpt lat="26.9164195" lon="75.7989474">
        <time>2018-11-30T11:53:55Z</time>
      </trkpt>
      <trkpt lat="26.9164519" lon="75.7989406">
        <time>2018-11-30T11:53:56Z</time>
      </trkpt>
      <trkpt lat="26.9164895" lon="75.7989409">
        <time>2018-11-30T11:53:57Z</time>
      </trkpt>
      <trkpt lat="26.9165312" lon="75.7989489">
        <time>2018-11-30T11:53:58Z</time>
      </trkpt>
      <trkpt lat="26.9165709" lon="75.7989594">
        <time>2018-11-30T11:53:59Z</time>
      </trkpt>
      <trkpt lat="26.9171240" lon="75.7992089">
        <time>2018-11-30T11:54:12Z</time>
      </trkpt>
      <trkpt lat="26.9179103" lon="75.7996478">
        <time>2018-11-30T11:54:27Z</time>
      </trkpt>
      <trkpt lat="26.9182156" lon="75.7998317">
        <time>2018-11-30T11:54:37Z</time>
      </trkpt>
      <trkpt lat="26.9183737" lon="75.7997231">
        <time>2018-11-30T11:54:44Z</time>
      </trkpt>
      <trkpt lat="26.9185043" lon="75.7992613">
        <time>2018-11-30T11:54:52Z</time>
      </trkpt>
      <trkpt lat="26.9187644" lon="75.7984731">
        <time>2018-11-30T11:55:04Z</time>
      </trkpt>
      <trkpt lat="26.9190512" lon="75.7976565">
        <time>2018-11-30T11:55:15Z</time>
      </trkpt>
      <trkpt lat="26.9192960" lon="75.7970098">
        <time>2018-11-30T11:55:24Z</time>
      </trkpt>
      <trkpt lat="26.9196008" lon="75.7960944">
        <time>2018-11-30T11:55:38Z</time>
      </trkpt>
      <trkpt lat="26.9199385" lon="75.7949814">
        <time>2018-11-30T11:55:53Z</time>
      </trkpt>
      <trkpt lat="26.9201278" lon="75.7942913">
        <time>2018-11-30T11:56:03Z</time>
      </trkpt>
      <trkpt lat="26.9201546" lon="75.7942395">
        <time>2018-11-30T11:56:04Z</time>
      </trkpt>
      <trkpt lat="26.9201882" lon="75.7941924">
        <time>2018-11-30T11:56:05Z</time>
      </trkpt>
      <trkpt lat="26.9202238" lon="75.7941498">
        <time>2018-11-30T11:56:06Z</time>
      </trkpt>
      <trkpt lat="26.9202639" lon="75.7941127">
        <time>2018-11-30T11:56:07Z</time>
      </trkpt>
      <trkpt lat="26.9203090" lon="75.7940823">
        <time>2018-11-30T11:56:08Z</time>
      </trkpt>
      <trkpt lat="26.9203515" lon="75.7940594">
        <time>2018-11-30T11:56:09Z</time>
      </trkpt>
      <trkpt lat="26.9203914" lon="75.7940427">
        <time>2018-11-30T11:56:10Z</time>
      </trkpt>
      <trkpt lat="26.9204295" lon="75.7940280">
        <time>2018-11-30T11:56:11Z</time>
      </trkpt>
      <trkpt lat="26.9208255" lon="75.7939561">
        <time>2018-11-30T11:56:23Z</time>
      </trkpt>
      <trkpt lat="26.9213336" lon="75.7938504">
        <time>2018-11-30T11:56:33Z</time>
      </trkpt>
      <trkpt lat="26.9222691" lon="75.7936555">
        <time>2018-11-30T11:56:47Z</time>
      </trkpt>
      <trkpt lat="26.9232112" lon="75.7934504">
        <time>2018-11-30T11:57:00Z</time>
      </trkpt>
      <trkpt lat="26.9241377" lon="75.7932480">
        <time>2018-11-30T11:57:14Z</time>
      </trkpt>
      <trkpt lat="26.9245807" lon="75.7931529">
        <time>2018-11-30T11:57:23Z</time>
      </trkpt>
      <trkpt lat="26.9252788" lon="75.7930047">
        <time>2018-11-30T11:57:36Z</time>
      </trkpt>
      <trkpt lat="26.9254703" lon="75.7928282">
        <time>2018-11-30T11:57:44Z</time>
      </trkpt>
      <trkpt lat="26.9256087" lon="75.7924202">
        <time>2018-11-30T11:57:55Z</time>
      </trkpt>
      <trkpt lat="26.9257331" lon="75.7922629">
        <time>2018-11-30T11:58:05Z</time>
      </trkpt>
      <trkpt lat="26.9257488" lon="75.7922540">
        <time>2018-11-30T11:58:07Z</time>
      </trkpt>
      <trkpt lat="26.9259425" lon="75.7921846">
        <time>2018-11-30T11:58:16Z</time>
      </trkpt>
      <trkpt lat="26.9263021" lon="75.7921579">
        <time>2018-11-30T11:58:26Z</time>
      </trkpt>
      <trkpt lat="26.9266000" lon="75.7921125">
        <time>2018-11-30T11:58:33Z</time>
      </trkpt>
      <trkpt lat="26.9269736" lon="75.7916284">
        <time>2018-11-30T11:58:44Z</time>
      </trkpt>
      <trkpt lat="26.9272935" lon="75.7911723">
        <time>2018-11-30T11:58:55Z</time>
      </trkpt>
      <trkpt lat="26.9275241" lon="75.7908038">
        <time>2018-11-30T11:59:05Z</time>
      </trkpt>
      <trkpt lat="26.9275186" lon="75.7907719">
        <time>2018-11-30T11:59:14Z</time>
      </trkpt>
      <trkpt lat="26.9274886" lon="75.7907516">
        <time>2018-11-30T11:59:24Z</time>
      </trkpt>
      <trkpt lat="26.9272993" lon="75.7905761">
        <time>2018-11-30T11:59:33Z</time>
      </trkpt>
      <trkpt lat="26.9270721" lon="75.7903968">
        <time>2018-11-30T11:59:46Z</time>
      </trkpt>
      <trkpt lat="26.9269177" lon="75.7902666">
        <time>2018-11-30T12:00:00Z</time>
      </trkpt>
      <trkpt lat="26.9268998" lon="75.7902817">
        <time>2018-11-30T12:00:20Z</time>
      </trkpt>
      <trkpt lat="26.9268904" lon="75.7902775">
        <time>2018-11-30T12:00:37Z</time>
      </trkpt>
      <trkpt lat="26.9268749" lon="75.7902440">
        <time>2018-11-30T12:00:48Z</time>
      </trkpt>
      <trkpt lat="26.9268224" lon="75.7902532">
        <time>2018-11-30T12:01:00Z</time>
      </trkpt>
      <trkpt lat="26.9268415" lon="75.7902747">
        <time>2018-11-30T12:01:12Z</time>
      </trkpt>
      <trkpt lat="26.9268409" lon="75.7903123">
        <time>2018-11-30T12:01:23Z</time>
      </trkpt>
      <trkpt lat="26.9267893" lon="75.7902678">
        <time>2018-11-30T12:01:40Z</time>
      </trkpt>
      <trkpt lat="26.9267761" lon="75.7902075">
        <time>2018-11-30T12:01:56Z</time>
      </trkpt>
      <trkpt lat="26.9267544" lon="75.7901798">
        <time>2018-11-30T12:02:16Z</time>
      </trkpt>
      <trkpt lat="26.9267868" lon="75.7901863">
        <time>2018-11-30T12:02:35Z</time>
      </trkpt>
      <trkpt lat="26.9267636" lon="75.7900964">
        <time>2018-11-30T12:02:54Z</time>
      </trkpt>
      <trkpt lat="26.9267852" lon="75.7900492">
        <time>2018-11-30T12:03:11Z</time>
      </trkpt>
      <trkpt lat="26.9267554" lon="75.7900719">
        <time>2018-11-30T12:03:35Z</time>
      </trkpt>
      <trkpt lat="26.9267843" lon="75.7900710">
        <time>2018-11-30T12:03:53Z</time>
      </trkpt>
      <trkpt lat="26.9268022" lon="75.7901651">
        <time>2018-11-30T12:04:10Z</time>
      </trkpt>
      <trkpt lat="26.9268160" lon="75.7903324">
        <time>2018-11-30T12:04:25Z</time>
      </trkpt>
      <trkpt lat="26.9268463" lon="75.7903434">
        <time>2018-11-30T12:04:43Z</time>
      </trkpt>
      <trkpt lat="26.9267755" lon="75.7902888">
        <time>2018-11-30T12:05:05Z</time>
      </trkpt>
      <trkpt lat="26.9267630" lon="75.7900748">
        <time>2018-11-30T12:05:21Z</time>
      </trkpt>
      <trkpt lat="26.9268420" lon="75.7901810">
        <time>2018-11-30T12:05:41Z</time>
      </trkpt>
      <trkpt lat="26.9269231" lon="75.7902681">
        <time>2018-11-30T12:05:58Z</time>
      </trkpt>
      <trkpt lat="26.9268992" lon="75.7902497">
        <time>2018-11-30T12:06:15Z</time>
      </trkpt>
      <trkpt lat="26.9268770" lon="75.7903239">
        <time>2018-11-30T12:06:31Z</time>
      </trkpt>
      <trkpt lat="26.9268889" lon="75.7902779">
        <time>2018-11-30T12:06:49Z</time>
      </trkpt>
      <trkpt lat="26.9268881" lon="75.7902264">
        <time>2018-11-30T12:07:06Z</time>
      </trkpt>
      <trkpt lat="26.9268306" lon="75.7901272">
        <time>2018-11-30T12:07:23Z</time>
      </trkpt>
      <trkpt lat="26.9267354" lon="75.7902203">
        <time>2018-11-30T12:07:38Z</time>
      </trkpt>
      <trkpt lat="26.9266825" lon="75.7902399">
        <time>2018-11-30T12:07:56Z</time>
      </trkpt>
      <trkpt lat="26.9267178" lon="75.7902000">
        <time>2018-11-30T12:08:17Z</time>
      </trkpt>
      <trkpt lat="26.9268408" lon="75.7901490">
        <time>2018-11-30T12:09:49Z</time>
      </trkpt>
      <trkpt lat="26.9268356" lon="75.7902177">
        <time>2018-11-30T12:10:08Z</time>
      </trkpt>
      <trkpt lat="26.9268810" lon="75.7902827">
        <time>2018-11-30T12:10:25Z</time>
      </trkpt>
      <trkpt lat="26.9268409" lon="75.7903580">
        <time>2018-11-30T12:10:43Z</time>
      </trkpt>
      <trkpt lat="26.9268164" lon="75.7903474">
        <time>2018-11-30T12:11:00Z</time>
      </trkpt>
      <trkpt lat="26.9268464" lon="75.7902509">
        <time>2018-11-30T12:11:18Z</time>
      </trkpt>
      <trkpt lat="26.9268504" lon="75.7902261">
        <time>2018-11-30T12:11:37Z</time>
      </trkpt>
      <trkpt lat="26.9268345" lon="75.7901740">
        <time>2018-11-30T12:12:00Z</time>
      </trkpt>
      <trkpt lat="26.9268276" lon="75.7902804">
        <time>2018-11-30T12:12:23Z</time>
      </trkpt>
      <trkpt lat="26.9268256" lon="75.7902698">
        <time>2018-11-30T12:12:45Z</time>
      </trkpt>
      <trkpt lat="26.9268640" lon="75.7901787">
        <time>2018-11-30T12:13:05Z</time>
      </trkpt>
      <trkpt lat="26.9268846" lon="75.7902576">
        <time>2018-11-30T12:13:29Z</time>
      </trkpt>
      <trkpt lat="26.9268705" lon="75.7903107">
        <time>2018-11-30T12:13:51Z</time>
      </trkpt>
      <trkpt lat="26.9268359" lon="75.7902972">
        <time>2018-11-30T12:14:10Z</time>
      </trkpt>
      <trkpt lat="26.9268715" lon="75.7902538">
        <time>2018-11-30T12:14:33Z</time>
      </trkpt>
      <trkpt lat="26.9268701" lon="75.7902392">
        <time>2018-11-30T12:14:55Z</time>
      </trkpt>
      <trkpt lat="26.9268390" lon="75.7902544">
        <time>2018-11-30T12:15:17Z</time>
      </trkpt>
      <trkpt lat="26.9268708" lon="75.7902504">
        <time>2018-11-30T12:15:39Z</time>
      </trkpt>
      <trkpt lat="26.9268262" lon="75.7902631">
        <time>2018-11-30T12:16:03Z</time>
      </trkpt>
      <trkpt lat="26.9268044" lon="75.7902431">
        <time>2018-11-30T12:16:22Z</time>
      </trkpt>
      <trkpt lat="26.9268123" lon="75.7902026">
        <time>2018-11-30T12:16:42Z</time>
      </trkpt>
      <trkpt lat="26.9268573" lon="75.7901666">
        <time>2018-11-30T12:17:04Z</time>
      </trkpt>
      <trkpt lat="26.9268596" lon="75.7901643">
        <time>2018-11-30T12:17:29Z</time>
      </trkpt>
      <trkpt lat="26.9269001" lon="75.7901326">
        <time>2018-11-30T12:17:48Z</time>
      </trkpt>
      <trkpt lat="26.9269116" lon="75.7900418">
        <time>2018-11-30T12:18:09Z</time>
      </trkpt>
      <trkpt lat="26.9268835" lon="75.7901575">
        <time>2018-11-30T12:18:26Z</time>
      </trkpt>
      <trkpt lat="26.9269017" lon="75.7901510">
        <time>2018-11-30T12:18:46Z</time>
      </trkpt>
      <trkpt lat="26.9268867" lon="75.7900974">
        <time>2018-11-30T12:19:08Z</time>
      </trkpt>
      <trkpt lat="26.9268653" lon="75.7901294">
        <time>2018-11-30T12:19:27Z</time>
      </trkpt>
      <trkpt lat="26.9268727" lon="75.7901848">
        <time>2018-11-30T12:19:48Z</time>
      </trkpt>
      <trkpt lat="26.9268076" lon="75.7903305">
        <time>2018-11-30T12:20:04Z</time>
      </trkpt>
      <trkpt lat="26.9267831" lon="75.7903330">
        <time>2018-11-30T12:20:18Z</time>
      </trkpt>
      <trkpt lat="26.9267376" lon="75.7903342">
        <time>2018-11-30T12:20:25Z</time>
      </trkpt>
      <trkpt lat="26.9265637" lon="75.7905134">
        <time>2018-11-30T12:20:42Z</time>
      </trkpt>
      <trkpt lat="26.9265537" lon="75.7904279">
        <time>2018-11-30T12:21:36Z</time>
      </trkpt>
      <trkpt lat="26.9265915" lon="75.7904632">
        <time>2018-11-30T12:21:54Z</time>
      </trkpt>
      <trkpt lat="26.9267165" lon="75.7905211">
        <time>2018-11-30T12:22:13Z</time>
      </trkpt>
      <trkpt lat="26.9267433" lon="75.7905429">
        <time>2018-11-30T12:22:32Z</time>
      </trkpt>
      <trkpt lat="26.9266625" lon="75.7905562">
        <time>2018-11-30T12:22:49Z</time>
      </trkpt>
      <trkpt lat="26.9268473" lon="75.7905973">
        <time>2018-11-30T12:23:07Z</time>
      </trkpt>
      <trkpt lat="26.9268919" lon="75.7906281">
        <time>2018-11-30T12:23:26Z</time>
      </trkpt>
      <trkpt lat="26.9268785" lon="75.7906115">
        <time>2018-11-30T12:23:42Z</time>
      </trkpt>
      <trkpt lat="26.9268479" lon="75.7906744">
        <time>2018-11-30T12:23:58Z</time>
      </trkpt>
      <trkpt lat="26.9268128" lon="75.7906335">
        <time>2018-11-30T12:24:15Z</time>
      </trkpt>
      <trkpt lat="26.9268013" lon="75.7906517">
        <time>2018-11-30T12:24:32Z</time>
      </trkpt>
      <trkpt lat="26.9268475" lon="75.7906897">
        <time>2018-11-30T12:24:52Z</time>
      </trkpt>
      <trkpt lat="26.9268483" lon="75.7906513">
        <time>2018-11-30T12:25:11Z</time>
      </trkpt>
      <trkpt lat="26.9268113" lon="75.7906135">
        <time>2018-11-30T12:25:26Z</time>
      </trkpt>
      <trkpt lat="26.9269001" lon="75.7906041">
        <time>2018-11-30T12:25:45Z</time>
      </trkpt>
      <trkpt lat="26.9269448" lon="75.7906195">
        <time>2018-11-30T12:26:06Z</time>
      </trkpt>
      <trkpt lat="26.9269444" lon="75.7906353">
        <time>2018-11-30T12:26:08Z</time>
      </trkpt>
    </trkseg>
    <trkseg>
      <trkpt lat="26.9268532" lon="75.7902664">
        <time>2018-12-01T03:03:56Z</time>
      </trkpt>
      <trkpt lat="26.9267634" lon="75.7902087">
        <time>2018-12-01T03:05:31Z</time>
      </trkpt>
      <trkpt lat="26.9261446" lon="75.7901783">
        <time>2018-12-01T03:05:44Z</time>
      </trkpt>
      <trkpt lat="26.9262451" lon="75.7902817">
        <time>2018-12-01T03:05:53Z</time>
      </trkpt>
      <trkpt lat="26.9267076" lon="75.7903018">
        <time>2018-12-01T03:06:04Z</time>
      </trkpt>
      <trkpt lat="26.9267618" lon="75.7902508">
        <time>2018-12-01T03:06:19Z</time>
      </trkpt>
      <trkpt lat="26.9268206" lon="75.7902588">
        <time>2018-12-01T03:06:39Z</time>
      </trkpt>
      <trkpt lat="26.9268290" lon="75.7902577">
        <time>2018-12-01T03:06:57Z</time>
      </trkpt>
      <trkpt lat="26.9268109" lon="75.7902631">
        <time>2018-12-01T03:07:19Z</time>
      </trkpt>
      <trkpt lat="26.9267999" lon="75.7902756">
        <time>2018-12-01T03:20:30Z</time>
      </trkpt>
      <trkpt lat="26.9268184" lon="75.7902812">
        <time>2018-12-01T03:20:51Z</time>
      </trkpt>
      <trkpt lat="26.9268287" lon="75.7902843">
        <time>2018-12-01T03:21:14Z</time>
      </trkpt>
      <trkpt lat="26.9268281" lon="75.7902664">
        <time>2018-12-01T03:21:36Z</time>
      </trkpt>
      <trkpt lat="26.9268131" lon="75.7902231">
        <time>2018-12-01T03:21:53Z</time>
      </trkpt>
      <trkpt lat="26.9268082" lon="75.7902369">
        <time>2018-12-01T03:22:06Z</time>
      </trkpt>
      <trkpt lat="26.9267817" lon="75.7902123">
        <time>2018-12-01T03:22:18Z</time>
      </trkpt>
      <trkpt lat="26.9268377" lon="75.7902023">
        <time>2018-12-01T03:22:29Z</time>
      </trkpt>
      <trkpt lat="26.9268463" lon="75.7902021">
        <time>2018-12-01T03:22:41Z</time>
      </trkpt>
      <trkpt lat="26.9268585" lon="75.7901925">
        <time>2018-12-01T03:22:59Z</time>
      </trkpt>
      <trkpt lat="26.9268571" lon="75.7901772">
        <time>2018-12-01T03:23:13Z</time>
      </trkpt>
      <trkpt lat="26.9269244" lon="75.7901724">
        <time>2018-12-01T03:23:31Z</time>
      </trkpt>
      <trkpt lat="26.9269377" lon="75.7901694">
        <time>2018-12-01T03:23:54Z</time>
      </trkpt>
      <trkpt lat="26.9269338" lon="75.7901789">
        <time>2018-12-01T03:24:09Z</time>
      </trkpt>
      <trkpt lat="26.9269363" lon="75.7901721">
        <time>2018-12-01T03:24:30Z</time>
      </trkpt>
      <trkpt lat="26.9269026" lon="75.7901919">
        <time>2018-12-01T03:24:58Z</time>
      </trkpt>
      <trkpt lat="26.9268832" lon="75.7901978">
        <time>2018-12-01T03:25:20Z</time>
      </trkpt>
      <trkpt lat="26.9268862" lon="75.7902097">
        <time>2018-12-01T03:25:43Z</time>
      </trkpt>
      <trkpt lat="26.9268468" lon="75.7902209">
        <time>2018-12-01T03:26:06Z</time>
      </trkpt>
      <trkpt lat="26.9268535" lon="75.7902238">
        <time>2018-12-01T03:26:26Z</time>
      </trkpt>
      <trkpt lat="26.9269108" lon="75.7902120">
        <time>2018-12-01T03:26:51Z</time>
      </trkpt>
      <trkpt lat="26.9269301" lon="75.7902203">
        <time>2018-12-01T03:26:57Z</time>
      </trkpt>
      <trkpt lat="26.9271524" lon="75.7904029">
        <time>2018-12-01T03:27:11Z</time>
      </trkpt>
      <trkpt lat="26.9274740" lon="75.7907309">
        <time>2018-12-01T03:27:25Z</time>
      </trkpt>
      <trkpt lat="26.9275350" lon="75.7907596">
        <time>2018-12-01T03:27:31Z</time>
      </trkpt>
      <trkpt lat="26.9275523" lon="75.7907502">
        <time>2018-12-01T03:27:32Z</time>
      </trkpt>
      <trkpt lat="26.9275714" lon="75.7907337">
        <time>2018-12-01T03:27:33Z</time>
      </trkpt>
      <trkpt lat="26.9277776" lon="75.7904036">
        <time>2018-12-01T03:27:41Z</time>
      </trkpt>
      <trkpt lat="26.9282636" lon="75.7897148">
        <time>2018-12-01T03:27:52Z</time>
      </trkpt>
      <trkpt lat="26.9286930" lon="75.7891771">
        <time>2018-12-01T03:28:02Z</time>
      </trkpt>
      <trkpt lat="26.9291282" lon="75.7885997">
        <time>2018-12-01T03:28:13Z</time>
      </trkpt>
      <trkpt lat="26.9293591" lon="75.7883346">
        <time>2018-12-01T03:28:21Z</time>
      </trkpt>
      <trkpt lat="26.9294459" lon="75.7882803">
        <time>2018-12-01T03:28:29Z</time>
      </trkpt>
      <trkpt lat="26.9294663" lon="75.7883981">
        <time>2018-12-01T03:28:34Z</time>
      </trkpt>
      <trkpt lat="26.9294514" lon="75.7884272">
        <time>2018-12-01T03:28:35Z</time>
      </trkpt>
      <trkpt lat="26.9294368" lon="75.7884450">
        <time>2018-12-01T03:28:36Z</time>
      </trkpt>
      <trkpt lat="26.9294123" lon="75.7884726">
        <time>2018-12-01T03:28:37Z</time>
      </trkpt>
      <trkpt lat="26.9293858" lon="75.7885038">
        <time>2018-12-01T03:28:38Z</time>
      </trkpt>
      <trkpt lat="26.9289999" lon="75.7889874">
        <time>2018-12-01T03:28:49Z</time>
      </trkpt>
      <trkpt lat="26.9283089" lon="75.7899229">
        <time>2018-12-01T03:29:05Z</time>
      </trkpt>
      <trkpt lat="26.9276177" lon="75.7908669">
        <time>2018-12-01T03:29:18Z</time>
      </trkpt>
      <trkpt lat="26.9268402" lon="75.7919359">
        <time>2018-12-01T03:29:32Z</time>
      </trkpt>
      <trkpt lat="26.9266112" lon="75.7922593">
        <time>2018-12-01T03:29:39Z</time>
      </trkpt>
      <trkpt lat="26.9265725" lon="75.7923435">
        <time>2018-12-01T03:29:41Z</time>
      </trkpt>
      <trkpt lat="26.9265657" lon="75.7923897">
        <time>2018-12-01T03:29:42Z</time>
      </trkpt>
      <trkpt lat="26.9265663" lon="75.7924422">
        <time>2018-12-01T03:29:43Z</time>
      </trkpt>
      <trkpt lat="26.9265753" lon="75.7925016">
        <time>2018-12-01T03:29:44Z</time>
      </trkpt>
      <trkpt lat="26.9265904" lon="75.7925636">
        <time>2018-12-01T03:29:45Z</time>
      </trkpt>
      <trkpt lat="26.9267039" lon="75.7929683">
        <time>2018-12-01T03:29:53Z</time>
      </trkpt>
      <trkpt lat="26.9266004" lon="75.7933235">
        <time>2018-12-01T03:30:03Z</time>
      </trkpt>
      <trkpt lat="26.9264734" lon="75.7934632">
        <time>2018-12-01T03:30:07Z</time>
      </trkpt>
      <trkpt lat="26.9264300" lon="75.7934912">
        <time>2018-12-01T03:30:08Z</time>
      </trkpt>
      <trkpt lat="26.9263804" lon="75.7935162">
        <time>2018-12-01T03:30:09Z</time>
      </trkpt>
      <trkpt lat="26.9263292" lon="75.7935363">
        <time>2018-12-01T03:30:10Z</time>
      </trkpt>
      <trkpt lat="26.9262732" lon="75.7935523">
        <time>2018-12-01T03:30:11Z</time>
      </trkpt>
      <trkpt lat="26.9262110" lon="75.7935617">
        <time>2018-12-01T03:30:12Z</time>
      </trkpt>
      <trkpt lat="26.9261485" lon="75.7935654">
        <time>2018-12-01T03:30:13Z</time>
      </trkpt>
      <trkpt lat="26.9260837" lon="75.7935628">
        <time>2018-12-01T03:30:14Z</time>
      </trkpt>
      <trkpt lat="26.9260170" lon="75.7935546">
        <time>2018-12-01T03:30:15Z</time>
      </trkpt>
      <trkpt lat="26.9259528" lon="75.7935387">
        <time>2018-12-01T03:30:16Z</time>
      </trkpt>
      <trkpt lat="26.9258884" lon="75.7935144">
        <time>2018-12-01T03:30:17Z</time>
      </trkpt>
      <trkpt lat="26.9258267" lon="75.7934842">
        <time>2018-12-01T03:30:18Z</time>
      </trkpt>
      <trkpt lat="26.9257647" lon="75.7934480">
        <time>2018-12-01T03:30:19Z</time>
      </trkpt>
      <trkpt lat="26.9257081" lon="75.7934066">
        <time>2018-12-01T03:30:20Z</time>
      </trkpt>
      <trkpt lat="26.9256544" lon="75.7933588">
        <time>2018-12-01T03:30:21Z</time>
      </trkpt>
      <trkpt lat="26.9256035" lon="75.7933086">
        <time>2018-12-01T03:30:22Z</time>
      </trkpt>
      <trkpt lat="26.9255611" lon="75.7932614">
        <time>2018-12-01T03:30:23Z</time>
      </trkpt>
      <trkpt lat="26.9254274" lon="75.7931260">
        <time>2018-12-01T03:30:26Z</time>
      </trkpt>
      <trkpt lat="26.9253775" lon="75.7930965">
        <time>2018-12-01T03:30:27Z</time>
      </trkpt>
      <trkpt lat="26.9253285" lon="75.7930825">
        <time>2018-12-01T03:30:28Z</time>
      </trkpt>
      <trkpt lat="26.9252891" lon="75.7930807">
        <time>2018-12-01T03:30:29Z</time>
      </trkpt>
      <trkpt lat="26.9252440" lon="75.7930846">
        <time>2018-12-01T03:30:30Z</time>
      </trkpt>
      <trkpt lat="26.9251996" lon="75.7930920">
        <time>2018-12-01T03:30:31Z</time>
      </trkpt>
      <trkpt lat="26.9246433" lon="75.7932210">
        <time>2018-12-01T03:30:40Z</time>
      </trkpt>
      <trkpt lat="26.9234296" lon="75.7934705">
        <time>2018-12-01T03:30:55Z</time>
      </trkpt>
      <trkpt lat="26.9225325" lon="75.7936789">
        <time>2018-12-01T03:31:06Z</time>
      </trkpt>
      <trkpt lat="26.9213190" lon="75.7939707">
        <time>2018-12-01T03:31:18Z</time>
      </trkpt>
      <trkpt lat="26.9206858" lon="75.7941397">
        <time>2018-12-01T03:31:26Z</time>
      </trkpt>
      <trkpt lat="26.9203406" lon="75.7942291">
        <time>2018-12-01T03:31:35Z</time>
      </trkpt>
      <trkpt lat="26.9203050" lon="75.7942487">
        <time>2018-12-01T03:31:36Z</time>
      </trkpt>
      <trkpt lat="26.9201826" lon="75.7943633">
        <time>2018-12-01T03:31:40Z</time>
      </trkpt>
      <trkpt lat="26.9201606" lon="75.7944009">
        <time>2018-12-01T03:31:41Z</time>
      </trkpt>
      <trkpt lat="26.9201391" lon="75.7944431">
        <time>2018-12-01T03:31:42Z</time>
      </trkpt>
      <trkpt lat="26.9201189" lon="75.7944900">
        <time>2018-12-01T03:31:43Z</time>
      </trkpt>
      <trkpt lat="26.9201001" lon="75.7945392">
        <time>2018-12-01T03:31:44Z</time>
      </trkpt>
      <trkpt lat="26.9199500" lon="75.7951952">
        <time>2018-12-01T03:31:54Z</time>
      </trkpt>
      <trkpt lat="26.9196972" lon="75.7961281">
        <time>2018-12-01T03:32:07Z</time>
      </trkpt>
      <trkpt lat="26.9194069" lon="75.7969816">
        <time>2018-12-01T03:32:17Z</time>
      </trkpt>
      <trkpt lat="26.9189504" lon="75.7981491">
        <time>2018-12-01T03:32:30Z</time>
      </trkpt>
      <trkpt lat="26.9186185" lon="75.7984782">
        <time>2018-12-01T03:32:39Z</time>
      </trkpt>
      <trkpt lat="26.9186384" lon="75.7988223">
        <time>2018-12-01T03:32:52Z</time>
      </trkpt>
      <trkpt lat="26.9184736" lon="75.7993854">
        <time>2018-12-01T03:33:03Z</time>
      </trkpt>
      <trkpt lat="26.9182934" lon="75.8000070">
        <time>2018-12-01T03:33:16Z</time>
      </trkpt>
      <trkpt lat="26.9181490" lon="75.8003866">
        <time>2018-12-01T03:33:25Z</time>
      </trkpt>
      <trkpt lat="26.9179543" lon="75.8010511">
        <time>2018-12-01T03:33:36Z</time>
      </trkpt>
      <trkpt lat="26.9176241" lon="75.8019712">
        <time>2018-12-01T03:33:48Z</time>
      </trkpt>
      <trkpt lat="26.9171558" lon="75.8031264">
        <time>2018-12-01T03:34:01Z</time>
      </trkpt>
      <trkpt lat="26.9169697" lon="75.8041918">
        <time>2018-12-01T03:34:11Z</time>
      </trkpt>
      <trkpt lat="26.9168621" lon="75.8052150">
        <time>2018-12-01T03:34:22Z</time>
      </trkpt>
      <trkpt lat="26.9167824" lon="75.8059066">
        <time>2018-12-01T03:34:32Z</time>
      </trkpt>
      <trkpt lat="26.9166941" lon="75.8065838">
        <time>2018-12-01T03:34:44Z</time>
      </trkpt>
      <trkpt lat="26.9165447" lon="75.8075994">
        <time>2018-12-01T03:34:57Z</time>
      </trkpt>
      <trkpt lat="26.9163754" lon="75.8088896">
        <time>2018-12-01T03:35:11Z</time>
      </trkpt>
      <trkpt lat="26.9163202" lon="75.8091921">
        <time>2018-12-01T03:35:18Z</time>
      </trkpt>
      <trkpt lat="26.9163011" lon="75.8091524">
        <time>2018-12-01T03:35:29Z</time>
      </trkpt>
      <trkpt lat="26.9162827" lon="75.8091891">
        <time>2018-12-01T03:35:45Z</time>
      </trkpt>
      <trkpt lat="26.9162132" lon="75.8097127">
        <time>2018-12-01T03:35:57Z</time>
      </trkpt>
      <trkpt lat="26.9161742" lon="75.8102827">
        <time>2018-12-01T03:36:08Z</time>
      </trkpt>
      <trkpt lat="26.9161774" lon="75.8104543">
        <time>2018-12-01T03:36:11Z</time>
      </trkpt>
      <trkpt lat="26.9163492" lon="75.8114893">
        <time>2018-12-01T03:36:24Z</time>
      </trkpt>
      <trkpt lat="26.9167067" lon="75.8126153">
        <time>2018-12-01T03:36:36Z</time>
      </trkpt>
      <trkpt lat="26.9167986" lon="75.8141037">
        <time>2018-12-01T03:36:50Z</time>
      </trkpt>
      <trkpt lat="26.9168718" lon="75.8154313">
        <time>2018-12-01T03:37:03Z</time>
      </trkpt>
      <trkpt lat="26.9168752" lon="75.8158233">
        <time>2018-12-01T03:37:10Z</time>
      </trkpt>
      <trkpt lat="26.9168783" lon="75.8161781">
        <time>2018-12-01T03:37:17Z</time>
      </trkpt>
      <trkpt lat="26.9168389" lon="75.8167723">
        <time>2018-12-01T03:37:27Z</time>
      </trkpt>
      <trkpt lat="26.9167071" lon="75.8171743">
        <time>2018-12-01T03:37:39Z</time>
      </trkpt>
      <trkpt lat="26.9165576" lon="75.8178220">
        <time>2018-12-01T03:37:48Z</time>
      </trkpt>
      <trkpt lat="26.9163858" lon="75.8185457">
        <time>2018-12-01T03:37:58Z</time>
      </trkpt>
      <trkpt lat="26.9162361" lon="75.8193242">
        <time>2018-12-01T03:38:07Z</time>
      </trkpt>
      <trkpt lat="26.9161295" lon="75.8200074">
        <time>2018-12-01T03:38:16Z</time>
      </trkpt>
      <trkpt lat="26.9161452" lon="75.8200905">
        <time>2018-12-01T03:38:24Z</time>
      </trkpt>
      <trkpt lat="26.9161198" lon="75.8201699">
        <time>2018-12-01T03:38:35Z</time>
      </trkpt>
      <trkpt lat="26.9160354" lon="75.8205577">
        <time>2018-12-01T03:38:48Z</time>
      </trkpt>
      <trkpt lat="26.9159244" lon="75.8211241">
        <time>2018-12-01T03:38:58Z</time>
      </trkpt>
      <trkpt lat="26.9157862" lon="75.8218076">
        <time>2018-12-01T03:39:08Z</time>
      </trkpt>
      <trkpt lat="26.9156018" lon="75.8227440">
        <time>2018-12-01T03:39:20Z</time>
      </trkpt>
      <trkpt lat="26.9154383" lon="75.8236814">
        <time>2018-12-01T03:39:31Z</time>
      </trkpt>
      <trkpt lat="26.9153506" lon="75.8241900">
        <time>2018-12-01T03:39:40Z</time>
      </trkpt>
      <trkpt lat="26.9152977" lon="75.8244960">
        <time>2018-12-01T03:39:53Z</time>
      </trkpt>
      <trkpt lat="26.9154157" lon="75.8247075">
        <time>2018-12-01T03:40:01Z</time>
      </trkpt>
      <trkpt lat="26.9155254" lon="75.8247199">
        <time>2018-12-01T03:40:04Z</time>
      </trkpt>
      <trkpt lat="26.9159917" lon="75.8247554">
        <time>2018-12-01T03:40:13Z</time>
      </trkpt>
      <trkpt lat="26.9166912" lon="75.8250160">
        <time>2018-12-01T03:40:26Z</time>
      </trkpt>
      <trkpt lat="26.9170877" lon="75.8251371">
        <time>2018-12-01T03:40:36Z</time>
      </trkpt>
      <trkpt lat="26.9177663" lon="75.8253630">
        <time>2018-12-01T03:40:47Z</time>
      </trkpt>
      <trkpt lat="26.9187190" lon="75.8256633">
        <time>2018-12-01T03:40:58Z</time>
      </trkpt>
      <trkpt lat="26.9202326" lon="75.8260711">
        <time>2018-12-01T03:41:15Z</time>
      </trkpt>
      <trkpt lat="26.9208905" lon="75.8262510">
        <time>2018-12-01T03:41:24Z</time>
      </trkpt>
      <trkpt lat="26.9218330" lon="75.8265181">
        <time>2018-12-01T03:41:35Z</time>
      </trkpt>
      <trkpt lat="26.9226680" lon="75.8267390">
        <time>2018-12-01T03:41:45Z</time>
      </trkpt>
      <trkpt lat="26.9227784" lon="75.8266943">
        <time>2018-12-01T03:41:51Z</time>
      </trkpt>
      <trkpt lat="26.9229810" lon="75.8267081">
        <time>2018-12-01T03:42:00Z</time>
      </trkpt>
      <trkpt lat="26.9231691" lon="75.8267973">
        <time>2018-12-01T03:42:10Z</time>
      </trkpt>
      <trkpt lat="26.9236369" lon="75.8270180">
        <time>2018-12-01T03:42:26Z</time>
      </trkpt>
      <trkpt lat="26.9240644" lon="75.8271160">
        <time>2018-12-01T03:42:41Z</time>
      </trkpt>
      <trkpt lat="26.9244593" lon="75.8272513">
        <time>2018-12-01T03:42:54Z</time>
      </trkpt>
      <trkpt lat="26.9246290" lon="75.8272594">
        <time>2018-12-01T03:43:04Z</time>
      </trkpt>
      <trkpt lat="26.9246632" lon="75.8272668">
        <time>2018-12-01T03:43:18Z</time>
      </trkpt>
      <trkpt lat="26.9246746" lon="75.8272943">
        <time>2018-12-01T03:43:36Z</time>
      </trkpt>
      <trkpt lat="26.9246872" lon="75.8273030">
        <time>2018-12-01T03:43:55Z</time>
      </trkpt>
      <trkpt lat="26.9247173" lon="75.8273486">
        <time>2018-12-01T03:44:15Z</time>
      </trkpt>
      <trkpt lat="26.9247273" lon="75.8273805">
        <time>2018-12-01T03:44:36Z</time>
      </trkpt>
      <trkpt lat="26.9246995" lon="75.8273391">
        <time>2018-12-01T03:44:54Z</time>
      </trkpt>
      <trkpt lat="26.9246950" lon="75.8273621">
        <time>2018-12-01T03:45:17Z</time>
      </trkpt>
      <trkpt lat="26.9246676" lon="75.8273665">
        <time>2018-12-01T03:45:39Z</time>
      </trkpt>
      <trkpt lat="26.9246636" lon="75.8273786">
        <time>2018-12-01T03:46:00Z</time>
      </trkpt>
      <trkpt lat="26.9246805" lon="75.8273766">
        <time>2018-12-01T03:46:19Z</time>
      </trkpt>
      <trkpt lat="26.9247083" lon="75.8273409">
        <time>2018-12-01T03:46:41Z</time>
      </trkpt>
      <trkpt lat="26.9247039" lon="75.8273250">
        <time>2018-12-01T03:47:03Z</time>
      </trkpt>
      <trkpt lat="26.9247322" lon="75.8273011">
        <time>2018-12-01T03:47:22Z</time>
      </trkpt>
      <trkpt lat="26.9247576" lon="75.8272780">
        <time>2018-12-01T03:47:47Z</time>
      </trkpt>
      <trkpt lat="26.9247558" lon="75.8272749">
        <time>2018-12-01T03:48:09Z</time>
      </trkpt>
      <trkpt lat="26.9247430" lon="75.8272673">
        <time>2018-12-01T03:48:33Z</time>
      </trkpt>
      <trkpt lat="26.9247381" lon="75.8272740">
        <time>2018-12-01T03:48:54Z</time>
      </trkpt>
      <trkpt lat="26.9247449" lon="75.8272837">
        <time>2018-12-01T03:49:18Z</time>
      </trkpt>
      <trkpt lat="26.9247428" lon="75.8272570">
        <time>2018-12-01T03:49:42Z</time>
      </trkpt>
      <trkpt lat="26.9247794" lon="75.8272424">
        <time>2018-12-01T03:50:08Z</time>
      </trkpt>
      <trkpt lat="26.9247584" lon="75.8272609">
        <time>2018-12-01T03:50:30Z</time>
      </trkpt>
      <trkpt lat="26.9247374" lon="75.8272496">
        <time>2018-12-01T03:50:53Z</time>
      </trkpt>
      <trkpt lat="26.9247166" lon="75.8272569">
        <time>2018-12-01T03:51:18Z</time>
      </trkpt>
      <trkpt lat="26.9247167" lon="75.8272708">
        <time>2018-12-01T03:51:47Z</time>
      </trkpt>
      <trkpt lat="26.9247472" lon="75.8273029">
        <time>2018-12-01T03:52:10Z</time>
      </trkpt>
      <trkpt lat="26.9247529" lon="75.8273401">
        <time>2018-12-01T03:52:38Z</time>
      </trkpt>
      <trkpt lat="26.9247685" lon="75.8273808">
        <time>2018-12-01T03:53:02Z</time>
      </trkpt>
      <trkpt lat="26.9247734" lon="75.8274027">
        <time>2018-12-01T03:53:21Z</time>
      </trkpt>
      <trkpt lat="26.9247861" lon="75.8273776">
        <time>2018-12-01T03:53:42Z</time>
      </trkpt>
      <trkpt lat="26.9248478" lon="75.8273530">
        <time>2018-12-01T03:54:04Z</time>
      </trkpt>
      <trkpt lat="26.9249022" lon="75.8273087">
        <time>2018-12-01T03:54:28Z</time>
      </trkpt>
      <trkpt lat="26.9249058" lon="75.8273285">
        <time>2018-12-01T03:54:49Z</time>
      </trkpt>
      <trkpt lat="26.9248883" lon="75.8272876">
        <time>2018-12-01T03:55:09Z</time>
      </trkpt>
      <trkpt lat="26.9248165" lon="75.8272897">
        <time>2018-12-01T03:55:28Z</time>
      </trkpt>
      <trkpt lat="26.9247830" lon="75.8273093">
        <time>2018-12-01T03:55:47Z</time>
      </trkpt>
      <trkpt lat="26.9247795" lon="75.8273308">
        <time>2018-12-01T03:56:07Z</time>
      </trkpt>
      <trkpt lat="26.9247788" lon="75.8273511">
        <time>2018-12-01T03:56:30Z</time>
      </trkpt>
      <trkpt lat="26.9247855" lon="75.8273464">
        <time>2018-12-01T03:56:49Z</time>
      </trkpt>
      <trkpt lat="26.9247643" lon="75.8273289">
        <time>2018-12-01T03:57:08Z</time>
      </trkpt>
      <trkpt lat="26.9247385" lon="75.8273440">
        <time>2018-12-01T03:57:33Z</time>
      </trkpt>
      <trkpt lat="26.9247071" lon="75.8273522">
        <time>2018-12-01T03:58:03Z</time>
      </trkpt>
      <trkpt lat="26.9246757" lon="75.8272962">
        <time>2018-12-01T03:58:31Z</time>
      </trkpt>
      <trkpt lat="26.9246718" lon="75.8272682">
        <time>2018-12-01T03:58:56Z</time>
      </trkpt>
      <trkpt lat="26.9246840" lon="75.8272880">
        <time>2018-12-01T03:59:22Z</time>
      </trkpt>
      <trkpt lat="26.9246867" lon="75.8273023">
        <time>2018-12-01T03:59:41Z</time>
      </trkpt>
      <trkpt lat="26.9246605" lon="75.8272786">
        <time>2018-12-01T04:00:03Z</time>
      </trkpt>
      <trkpt lat="26.9246846" lon="75.8272546">
        <time>2018-12-01T04:00:22Z</time>
      </trkpt>
      <trkpt lat="26.9246835" lon="75.8272681">
        <time>2018-12-01T04:00:43Z</time>
      </trkpt>
      <trkpt lat="26.9247090" lon="75.8272449">
        <time>2018-12-01T04:01:02Z</time>
      </trkpt>
      <trkpt lat="26.9248530" lon="75.8273161">
        <time>2018-12-01T04:01:17Z</time>
      </trkpt>
      <trkpt lat="26.9252226" lon="75.8274228">
        <time>2018-12-01T04:01:29Z</time>
      </trkpt>
      <trkpt lat="26.9257569" lon="75.8275710">
        <time>2018-12-01T04:01:43Z</time>
      </trkpt>
      <trkpt lat="26.9259904" lon="75.8276373">
        <time>2018-12-01T04:01:54Z</time>
      </trkpt>
      <trkpt lat="26.9261566" lon="75.8276824">
        <time>2018-12-01T04:02:06Z</time>
      </trkpt>
      <trkpt lat="26.9266619" lon="75.8278448">
        <time>2018-12-01T04:02:18Z</time>
      </trkpt>
      <trkpt lat="26.9270839" lon="75.8279590">
        <time>2018-12-01T04:02:27Z</time>
      </trkpt>
      <trkpt lat="26.9276333" lon="75.8281235">
        <time>2018-12-01T04:02:37Z</time>
      </trkpt>
      <trkpt lat="26.9284496" lon="75.8283491">
        <time>2018-12-01T04:02:51Z</time>
      </trkpt>
      <trkpt lat="26.9289211" lon="75.8284827">
        <time>2018-12-01T04:03:01Z</time>
      </trkpt>
      <trkpt lat="26.9291048" lon="75.8285348">
        <time>2018-12-01T04:03:10Z</time>
      </trkpt>
      <trkpt lat="26.9293019" lon="75.8285818">
        <time>2018-12-01T04:03:20Z</time>
      </trkpt>
      <trkpt lat="26.9294475" lon="75.8286141">
        <time>2018-12-01T04:03:36Z</time>
      </trkpt>
      <trkpt lat="26.9297132" lon="75.8287777">
        <time>2018-12-01T04:03:52Z</time>
      </trkpt>
      <trkpt lat="26.9297305" lon="75.8290528">
        <time>2018-12-01T04:04:02Z</time>
      </trkpt>
      <trkpt lat="26.9295933" lon="75.8297398">
        <time>2018-12-01T04:04:14Z</time>
      </trkpt>
      <trkpt lat="26.9294204" lon="75.8305797">
        <time>2018-12-01T04:04:27Z</time>
      </trkpt>
      <trkpt lat="26.9294058" lon="75.8308636">
        <time>2018-12-01T04:04:35Z</time>
      </trkpt>
      <trkpt lat="26.9296650" lon="75.8309882">
        <time>2018-12-01T04:04:45Z</time>
      </trkpt>
      <trkpt lat="26.9301873" lon="75.8313293">
        <time>2018-12-01T04:04:58Z</time>
      </trkpt>
      <trkpt lat="26.9304593" lon="75.8314757">
        <time>2018-12-01T04:05:04Z</time>
      </trkpt>
      <trkpt lat="26.9308919" lon="75.8318324">
        <time>2018-12-01T04:05:15Z</time>
      </trkpt>
      <trkpt lat="26.9311670" lon="75.8319998">
        <time>2018-12-01T04:05:27Z</time>
      </trkpt>
      <trkpt lat="26.9315477" lon="75.8321313">
        <time>2018-12-01T04:05:35Z</time>
      </trkpt>
      <trkpt lat="26.9325071" lon="75.8324723">
        <time>2018-12-01T04:05:49Z</time>
      </trkpt>
      <trkpt lat="26.9334473" lon="75.8328240">
        <time>2018-12-01T04:06:00Z</time>
      </trkpt>
      <trkpt lat="26.9340059" lon="75.8330917">
        <time>2018-12-01T04:06:08Z</time>
      </trkpt>
      <trkpt lat="26.9347894" lon="75.8332807">
        <time>2018-12-01T04:06:20Z</time>
      </trkpt>
      <trkpt lat="26.9352309" lon="75.8334657">
        <time>2018-12-01T04:06:29Z</time>
      </trkpt>
      <trkpt lat="26.9359731" lon="75.8337363">
        <time>2018-12-01T04:06:41Z</time>
      </trkpt>
      <trkpt lat="26.9360948" lon="75.8338045">
        <time>2018-12-01T04:06:43Z</time>
      </trkpt>
      <trkpt lat="26.9367527" lon="75.8343601">
        <time>2018-12-01T04:06:53Z</time>
      </trkpt>
      <trkpt lat="26.9373389" lon="75.8348811">
        <time>2018-12-01T04:07:03Z</time>
      </trkpt>
      <trkpt lat="26.9376981" lon="75.8352263">
        <time>2018-12-01T04:07:11Z</time>
      </trkpt>
      <trkpt lat="26.9380064" lon="75.8355854">
        <time>2018-12-01T04:07:20Z</time>
      </trkpt>
      <trkpt lat="26.9387094" lon="75.8363435">
        <time>2018-12-01T04:07:32Z</time>
      </trkpt>
      <trkpt lat="26.9392909" lon="75.8369228">
        <time>2018-12-01T04:07:41Z</time>
      </trkpt>
      <trkpt lat="26.9401424" lon="75.8376112">
        <time>2018-12-01T04:07:53Z</time>
      </trkpt>
      <trkpt lat="26.9409564" lon="75.8381708">
        <time>2018-12-01T04:08:05Z</time>
      </trkpt>
      <trkpt lat="26.9420051" lon="75.8388644">
        <time>2018-12-01T04:08:18Z</time>
      </trkpt>
      <trkpt lat="26.9429030" lon="75.8393514">
        <time>2018-12-01T04:08:28Z</time>
      </trkpt>
      <trkpt lat="26.9430071" lon="75.8393757">
        <time>2018-12-01T04:08:29Z</time>
      </trkpt>
      <trkpt lat="26.9437550" lon="75.8394983">
        <time>2018-12-01T04:08:37Z</time>
      </trkpt>
      <trkpt lat="26.9444435" lon="75.8396414">
        <time>2018-12-01T04:08:46Z</time>
      </trkpt>
      <trkpt lat="26.9450654" lon="75.8397884">
        <time>2018-12-01T04:08:55Z</time>
      </trkpt>
      <trkpt lat="26.9456516" lon="75.8398836">
        <time>2018-12-01T04:09:04Z</time>
      </trkpt>
      <trkpt lat="26.9458096" lon="75.8399110">
        <time>2018-12-01T04:09:13Z</time>
      </trkpt>
      <trkpt lat="26.9461604" lon="75.8400097">
        <time>2018-12-01T04:09:23Z</time>
      </trkpt>
      <trkpt lat="26.9467365" lon="75.8401851">
        <time>2018-12-01T04:09:36Z</time>
      </trkpt>
      <trkpt lat="26.9475299" lon="75.8404223">
        <time>2018-12-01T04:09:49Z</time>
      </trkpt>
      <trkpt lat="26.9483035" lon="75.8406445">
        <time>2018-12-01T04:10:02Z</time>
      </trkpt>
      <trkpt lat="26.9491559" lon="75.8408767">
        <time>2018-12-01T04:10:12Z</time>
      </trkpt>
      <trkpt lat="26.9504218" lon="75.8412395">
        <time>2018-12-01T04:10:26Z</time>
      </trkpt>
      <trkpt lat="26.9514952" lon="75.8415656">
        <time>2018-12-01T04:10:38Z</time>
      </trkpt>
      <trkpt lat="26.9530200" lon="75.8420333">
        <time>2018-12-01T04:10:53Z</time>
      </trkpt>
      <trkpt lat="26.9539369" lon="75.8422990">
        <time>2018-12-01T04:11:03Z</time>
      </trkpt>
      <trkpt lat="26.9546997" lon="75.8425257">
        <time>2018-12-01T04:11:13Z</time>
      </trkpt>
      <trkpt lat="26.9557212" lon="75.8429249">
        <time>2018-12-01T04:11:24Z</time>
      </trkpt>
      <trkpt lat="26.9569199" lon="75.8434148">
        <time>2018-12-01T04:11:35Z</time>
      </trkpt>
      <trkpt lat="26.9582380" lon="75.8440506">
        <time>2018-12-01T04:11:47Z</time>
      </trkpt>
      <trkpt lat="26.9585709" lon="75.8442161">
        <time>2018-12-01T04:11:53Z</time>
      </trkpt>
      <trkpt lat="26.9591888" lon="75.8445120">
        <time>2018-12-01T04:12:02Z</time>
      </trkpt>
      <trkpt lat="26.9600353" lon="75.8448661">
        <time>2018-12-01T04:12:11Z</time>
      </trkpt>
      <trkpt lat="26.9604244" lon="75.8449431">
        <time>2018-12-01T04:12:16Z</time>
      </trkpt>
      <trkpt lat="26.9608022" lon="75.8449951">
        <time>2018-12-01T04:12:24Z</time>
      </trkpt>
      <trkpt lat="26.9613238" lon="75.8452413">
        <time>2018-12-01T04:12:33Z</time>
      </trkpt>
      <trkpt lat="26.9617741" lon="75.8454553">
        <time>2018-12-01T04:12:42Z</time>
      </trkpt>
      <trkpt lat="26.9625895" lon="75.8458855">
        <time>2018-12-01T04:12:52Z</time>
      </trkpt>
      <trkpt lat="26.9638208" lon="75.8465066">
        <time>2018-12-01T04:13:05Z</time>
      </trkpt>
      <trkpt lat="26.9645612" lon="75.8467828">
        <time>2018-12-01T04:13:14Z</time>
      </trkpt>
      <trkpt lat="26.9647242" lon="75.8468170">
        <time>2018-12-01T04:13:17Z</time>
      </trkpt>
      <trkpt lat="26.9647834" lon="75.8468177">
        <time>2018-12-01T04:13:18Z</time>
      </trkpt>
      <trkpt lat="26.9648470" lon="75.8468079">
        <time>2018-12-01T04:13:19Z</time>
      </trkpt>
      <trkpt lat="26.9649133" lon="75.8467900">
        <time>2018-12-01T04:13:20Z</time>
      </trkpt>
      <trkpt lat="26.9649851" lon="75.8467646">
        <time>2018-12-01T04:13:21Z</time>
      </trkpt>
      <trkpt lat="26.9657960" lon="75.8464559">
        <time>2018-12-01T04:13:32Z</time>
      </trkpt>
      <trkpt lat="26.9667004" lon="75.8464900">
        <time>2018-12-01T04:13:42Z</time>
      </trkpt>
      <trkpt lat="26.9667791" lon="75.8465190">
        <time>2018-12-01T04:13:43Z</time>
      </trkpt>
      <trkpt lat="26.9668531" lon="75.8465635">
        <time>2018-12-01T04:13:44Z</time>
      </trkpt>
      <trkpt lat="26.9669195" lon="75.8466237">
        <time>2018-12-01T04:13:45Z</time>
      </trkpt>
      <trkpt lat="26.9669777" lon="75.8467026">
        <time>2018-12-01T04:13:46Z</time>
      </trkpt>
      <trkpt lat="26.9670340" lon="75.8467936">
        <time>2018-12-01T04:13:47Z</time>
      </trkpt>
      <trkpt lat="26.9676002" lon="75.8476272">
        <time>2018-12-01T04:13:57Z</time>
      </trkpt>
      <trkpt lat="26.9682389" lon="75.8486466">
        <time>2018-12-01T04:14:09Z</time>
      </trkpt>
      <trkpt lat="26.9683648" lon="75.8489242">
        <time>2018-12-01T04:14:12Z</time>
      </trkpt>
      <trkpt lat="26.9684190" lon="75.8490045">
        <time>2018-12-01T04:14:13Z</time>
      </trkpt>
      <trkpt lat="26.9684829" lon="75.8490795">
        <time>2018-12-01T04:14:14Z</time>
      </trkpt>
      <trkpt lat="26.9685462" lon="75.8491362">
        <time>2018-12-01T04:14:15Z</time>
      </trkpt>
      <trkpt lat="26.9686249" lon="75.8491925">
        <time>2018-12-01T04:14:16Z</time>
      </trkpt>
      <trkpt lat="26.9687051" lon="75.8492350">
        <time>2018-12-01T04:14:17Z</time>
      </trkpt>
      <trkpt lat="26.9687912" lon="75.8492668">
        <time>2018-12-01T04:14:18Z</time>
      </trkpt>
      <trkpt lat="26.9688794" lon="75.8492864">
        <time>2018-12-01T04:14:19Z</time>
      </trkpt>
      <trkpt lat="26.9689749" lon="75.8493008">
        <time>2018-12-01T04:14:20Z</time>
      </trkpt>
      <trkpt lat="26.9690671" lon="75.8493133">
        <time>2018-12-01T04:14:21Z</time>
      </trkpt>
      <trkpt lat="26.9697184" lon="75.8493495">
        <time>2018-12-01T04:14:28Z</time>
      </trkpt>
      <trkpt lat="26.9698022" lon="75.8493809">
        <time>2018-12-01T04:14:29Z</time>
      </trkpt>
      <trkpt lat="26.9698848" lon="75.8494289">
        <time>2018-12-01T04:14:30Z</time>
      </trkpt>
      <trkpt lat="26.9699511" lon="75.8494814">
        <time>2018-12-01T04:14:31Z</time>
      </trkpt>
      <trkpt lat="26.9700165" lon="75.8495401">
        <time>2018-12-01T04:14:32Z</time>
      </trkpt>
      <trkpt lat="26.9701384" lon="75.8496799">
        <time>2018-12-01T04:14:34Z</time>
      </trkpt>
      <trkpt lat="26.9701933" lon="75.8497590">
        <time>2018-12-01T04:14:35Z</time>
      </trkpt>
      <trkpt lat="26.9702419" lon="75.8498465">
        <time>2018-12-01T04:14:36Z</time>
      </trkpt>
      <trkpt lat="26.9703575" lon="75.8506046">
        <time>2018-12-01T04:14:44Z</time>
      </trkpt>
      <trkpt lat="26.9702438" lon="75.8510598">
        <time>2018-12-01T04:14:49Z</time>
      </trkpt>
      <trkpt lat="26.9702633" lon="75.8511304">
        <time>2018-12-01T04:14:50Z</time>
      </trkpt>
      <trkpt lat="26.9702933" lon="75.8511891">
        <time>2018-12-01T04:14:51Z</time>
      </trkpt>
      <trkpt lat="26.9703376" lon="75.8512426">
        <time>2018-12-01T04:14:52Z</time>
      </trkpt>
      <trkpt lat="26.9703860" lon="75.8512879">
        <time>2018-12-01T04:14:53Z</time>
      </trkpt>
      <trkpt lat="26.9704373" lon="75.8513275">
        <time>2018-12-01T04:14:54Z</time>
      </trkpt>
      <trkpt lat="26.9710418" lon="75.8517292">
        <time>2018-12-01T04:15:06Z</time>
      </trkpt>
      <trkpt lat="26.9713214" lon="75.8517992">
        <time>2018-12-01T04:15:10Z</time>
      </trkpt>
      <trkpt lat="26.9722927" lon="75.8518877">
        <time>2018-12-01T04:15:21Z</time>
      </trkpt>
      <trkpt lat="26.9726664" lon="75.8518960">
        <time>2018-12-01T04:15:25Z</time>
      </trkpt>
      <trkpt lat="26.9727405" lon="75.8518868">
        <time>2018-12-01T04:15:26Z</time>
      </trkpt>
      <trkpt lat="26.9728180" lon="75.8518657">
        <time>2018-12-01T04:15:27Z</time>
      </trkpt>
      <trkpt lat="26.9728917" lon="75.8518389">
        <time>2018-12-01T04:15:28Z</time>
      </trkpt>
      <trkpt lat="26.9729663" lon="75.8518078">
        <time>2018-12-01T04:15:29Z</time>
      </trkpt>
      <trkpt lat="26.9731291" lon="75.8517571">
        <time>2018-12-01T04:15:31Z</time>
      </trkpt>
      <trkpt lat="26.9732120" lon="75.8517520">
        <time>2018-12-01T04:15:32Z</time>
      </trkpt>
      <trkpt lat="26.9732945" lon="75.8517592">
        <time>2018-12-01T04:15:33Z</time>
      </trkpt>
      <trkpt lat="26.9733784" lon="75.8517711">
        <time>2018-12-01T04:15:34Z</time>
      </trkpt>
      <trkpt lat="26.9734646" lon="75.8517905">
        <time>2018-12-01T04:15:35Z</time>
      </trkpt>
      <trkpt lat="26.9739257" lon="75.8518710">
        <time>2018-12-01T04:15:40Z</time>
      </trkpt>
      <trkpt lat="26.9740251" lon="75.8518644">
        <time>2018-12-01T04:15:41Z</time>
      </trkpt>
      <trkpt lat="26.9749072" lon="75.8516501">
        <time>2018-12-01T04:15:50Z</time>
      </trkpt>
      <trkpt lat="26.9754438" lon="75.8513114">
        <time>2018-12-01T04:15:57Z</time>
      </trkpt>
      <trkpt lat="26.9755687" lon="75.8512402">
        <time>2018-12-01T04:15:59Z</time>
      </trkpt>
      <trkpt lat="26.9756398" lon="75.8512103">
        <time>2018-12-01T04:16:00Z</time>
      </trkpt>
      <trkpt lat="26.9757142" lon="75.8511881">
        <time>2018-12-01T04:16:01Z</time>
      </trkpt>
      <trkpt lat="26.9757903" lon="75.8511794">
        <time>2018-12-01T04:16:02Z</time>
      </trkpt>
      <trkpt lat="26.9758683" lon="75.8511882">
        <time>2018-12-01T04:16:03Z</time>
      </trkpt>
      <trkpt lat="26.9759534" lon="75.8512179">
        <time>2018-12-01T04:16:04Z</time>
      </trkpt>
      <trkpt lat="26.9760299" lon="75.8512548">
        <time>2018-12-01T04:16:05Z</time>
      </trkpt>
      <trkpt lat="26.9761112" lon="75.8513025">
        <time>2018-12-01T04:16:06Z</time>
      </trkpt>
      <trkpt lat="26.9761905" lon="75.8513574">
        <time>2018-12-01T04:16:07Z</time>
      </trkpt>
      <trkpt lat="26.9762664" lon="75.8514204">
        <time>2018-12-01T04:16:08Z</time>
      </trkpt>
      <trkpt lat="26.9763428" lon="75.8514910">
        <time>2018-12-01T04:16:09Z</time>
      </trkpt>
      <trkpt lat="26.9766626" lon="75.8517692">
        <time>2018-12-01T04:16:13Z</time>
      </trkpt>
      <trkpt lat="26.9767581" lon="75.8518259">
        <time>2018-12-01T04:16:14Z</time>
      </trkpt>
      <trkpt lat="26.9768606" lon="75.8518773">
        <time>2018-12-01T04:16:15Z</time>
      </trkpt>
      <trkpt lat="26.9779176" lon="75.8521737">
        <time>2018-12-01T04:16:25Z</time>
      </trkpt>
      <trkpt lat="26.9791083" lon="75.8523493">
        <time>2018-12-01T04:16:37Z</time>
      </trkpt>
      <trkpt lat="26.9801438" lon="75.8524881">
        <time>2018-12-01T04:16:47Z</time>
      </trkpt>
      <trkpt lat="26.9809989" lon="75.8525609">
        <time>2018-12-01T04:16:56Z</time>
      </trkpt>
      <trkpt lat="26.9813902" lon="75.8526103">
        <time>2018-12-01T04:17:03Z</time>
      </trkpt>
      <trkpt lat="26.9821550" lon="75.8527963">
        <time>2018-12-01T04:17:15Z</time>
      </trkpt>
      <trkpt lat="26.9829878" lon="75.8531482">
        <time>2018-12-01T04:17:26Z</time>
      </trkpt>
      <trkpt lat="26.9838595" lon="75.8536440">
        <time>2018-12-01T04:17:37Z</time>
      </trkpt>
      <trkpt lat="26.9851219" lon="75.8540197">
        <time>2018-12-01T04:17:52Z</time>
      </trkpt>
      <trkpt lat="26.9859629" lon="75.8539913">
        <time>2018-12-01T04:18:03Z</time>
      </trkpt>
      <trkpt lat="26.9863306" lon="75.8539559">
        <time>2018-12-01T04:18:09Z</time>
      </trkpt>
      <trkpt lat="26.9863764" lon="75.8539671">
        <time>2018-12-01T04:18:10Z</time>
      </trkpt>
      <trkpt lat="26.9864189" lon="75.8539821">
        <time>2018-12-01T04:18:11Z</time>
      </trkpt>
      <trkpt lat="26.9864573" lon="75.8540017">
        <time>2018-12-01T04:18:12Z</time>
      </trkpt>
      <trkpt lat="26.9864918" lon="75.8540206">
        <time>2018-12-01T04:18:13Z</time>
      </trkpt>
      <trkpt lat="26.9865197" lon="75.8540390">
        <time>2018-12-01T04:18:14Z</time>
      </trkpt>
      <trkpt lat="26.9867111" lon="75.8541741">
        <time>2018-12-01T04:18:23Z</time>
      </trkpt>
      <trkpt lat="26.9871913" lon="75.8545205">
        <time>2018-12-01T04:18:33Z</time>
      </trkpt>
      <trkpt lat="26.9873105" lon="75.8545861">
        <time>2018-12-01T04:18:39Z</time>
      </trkpt>
      <trkpt lat="26.9873182" lon="75.8545818">
        <time>2018-12-01T04:18:59Z</time>
      </trkpt>
      <trkpt lat="26.9873160" lon="75.8545974">
        <time>2018-12-01T04:19:21Z</time>
      </trkpt>
      <trkpt lat="26.9873180" lon="75.8545997">
        <time>2018-12-01T04:19:48Z</time>
      </trkpt>
      <trkpt lat="26.9873711" lon="75.8546359">
        <time>2018-12-01T04:20:07Z</time>
      </trkpt>
      <trkpt lat="26.9873893" lon="75.8546505">
        <time>2018-12-01T04:20:14Z</time>
      </trkpt>
      <trkpt lat="26.9873940" lon="75.8546682">
        <time>2018-12-01T04:20:15Z</time>
      </trkpt>
      <trkpt lat="26.9873983" lon="75.8546926">
        <time>2018-12-01T04:20:16Z</time>
      </trkpt>
      <trkpt lat="26.9874093" lon="75.8547195">
        <time>2018-12-01T04:20:17Z</time>
      </trkpt>
      <trkpt lat="26.9874270" lon="75.8547414">
        <time>2018-12-01T04:20:18Z</time>
      </trkpt>
      <trkpt lat="26.9874486" lon="75.8547609">
        <time>2018-12-01T04:20:19Z</time>
      </trkpt>
      <trkpt lat="26.9874736" lon="75.8547796">
        <time>2018-12-01T04:20:20Z</time>
      </trkpt>
      <trkpt lat="26.9875006" lon="75.8547962">
        <time>2018-12-01T04:20:21Z</time>
      </trkpt>
      <trkpt lat="26.9875717" lon="75.8548507">
        <time>2018-12-01T04:20:28Z</time>
      </trkpt>
      <trkpt lat="26.9877916" lon="75.8550471">
        <time>2018-12-01T04:20:38Z</time>
      </trkpt>
      <trkpt lat="26.9881371" lon="75.8552816">
        <time>2018-12-01T04:20:47Z</time>
      </trkpt>
      <trkpt lat="26.9882718" lon="75.8554104">
        <time>2018-12-01T04:20:51Z</time>
      </trkpt>
      <trkpt lat="26.9884588" lon="75.8557427">
        <time>2018-12-01T04:20:59Z</time>
      </trkpt>
      <trkpt lat="26.9885355" lon="75.8562645">
        <time>2018-12-01T04:21:07Z</time>
      </trkpt>
      <trkpt lat="26.9884873" lon="75.8569457">
        <time>2018-12-01T04:21:15Z</time>
      </trkpt>
      <trkpt lat="26.9884677" lon="75.8576337">
        <time>2018-12-01T04:21:24Z</time>
      </trkpt>
      <trkpt lat="26.9884693" lon="75.8583794">
        <time>2018-12-01T04:21:33Z</time>
      </trkpt>
      <trkpt lat="26.9884723" lon="75.8585175">
        <time>2018-12-01T04:21:38Z</time>
      </trkpt>
      <trkpt lat="26.9884822" lon="75.8586942">
        <time>2018-12-01T04:21:49Z</time>
      </trkpt>
      <trkpt lat="26.9884708" lon="75.8592038">
        <time>2018-12-01T04:22:00Z</time>
      </trkpt>
      <trkpt lat="26.9884796" lon="75.8593706">
        <time>2018-12-01T04:22:06Z</time>
      </trkpt>
      <trkpt lat="26.9884874" lon="75.8596256">
        <time>2018-12-01T04:22:14Z</time>
      </trkpt>
      <trkpt lat="26.9885480" lon="75.8602198">
        <time>2018-12-01T04:22:23Z</time>
      </trkpt>
      <trkpt lat="26.9886510" lon="75.8608234">
        <time>2018-12-01T04:22:32Z</time>
      </trkpt>
      <trkpt lat="26.9887969" lon="75.8616337">
        <time>2018-12-01T04:22:46Z</time>
      </trkpt>
      <trkpt lat="26.9888456" lon="75.8617630">
        <time>2018-12-01T04:22:48Z</time>
      </trkpt>
      <trkpt lat="26.9888782" lon="75.8618231">
        <time>2018-12-01T04:22:49Z</time>
      </trkpt>
      <trkpt lat="26.9889174" lon="75.8618834">
        <time>2018-12-01T04:22:50Z</time>
      </trkpt>
      <trkpt lat="26.9893263" lon="75.8623638">
        <time>2018-12-01T04:22:59Z</time>
      </trkpt>
      <trkpt lat="26.9894257" lon="75.8625112">
        <time>2018-12-01T04:23:02Z</time>
      </trkpt>
      <trkpt lat="26.9894503" lon="75.8625644">
        <time>2018-12-01T04:23:03Z</time>
      </trkpt>
      <trkpt lat="26.9897223" lon="75.8631840">
        <time>2018-12-01T04:23:14Z</time>
      </trkpt>
      <trkpt lat="26.9899860" lon="75.8638719">
        <time>2018-12-01T04:23:23Z</time>
      </trkpt>
      <trkpt lat="26.9905074" lon="75.8650195">
        <time>2018-12-01T04:23:36Z</time>
      </trkpt>
      <trkpt lat="26.9911795" lon="75.8665053">
        <time>2018-12-01T04:23:51Z</time>
      </trkpt>
      <trkpt lat="26.9913846" lon="75.8671339">
        <time>2018-12-01T04:23:58Z</time>
      </trkpt>
      <trkpt lat="26.9914695" lon="75.8675298">
        <time>2018-12-01T04:24:04Z</time>
      </trkpt>
      <trkpt lat="26.9915446" lon="75.8681608">
        <time>2018-12-01T04:24:13Z</time>
      </trkpt>
      <trkpt lat="26.9915578" lon="75.8682332">
        <time>2018-12-01T04:24:19Z</time>
      </trkpt>
      <trkpt lat="26.9915687" lon="75.8682389">
        <time>2018-12-01T04:24:50Z</time>
      </trkpt>
      <trkpt lat="26.9915704" lon="75.8682635">
        <time>2018-12-01T04:25:23Z</time>
      </trkpt>
      <trkpt lat="26.9915909" lon="75.8683946">
        <time>2018-12-01T04:25:35Z</time>
      </trkpt>
      <trkpt lat="26.9915948" lon="75.8684014">
        <time>2018-12-01T04:25:48Z</time>
      </trkpt>
      <trkpt lat="26.9915922" lon="75.8684125">
        <time>2018-12-01T04:26:29Z</time>
      </trkpt>
      <trkpt lat="26.9915986" lon="75.8684049">
        <time>2018-12-01T04:27:10Z</time>
      </trkpt>
      <trkpt lat="26.9916019" lon="75.8684135">
        <time>2018-12-01T04:27:50Z</time>
      </trkpt>
      <trkpt lat="26.9915961" lon="75.8684022">
        <time>2018-12-01T04:28:19Z</time>
      </trkpt>
      <trkpt lat="26.9915958" lon="75.8684195">
        <time>2018-12-01T04:28:45Z</time>
      </trkpt>
      <trkpt lat="26.9916011" lon="75.8684382">
        <time>2018-12-01T04:29:15Z</time>
      </trkpt>
      <trkpt lat="26.9915827" lon="75.8684425">
        <time>2018-12-01T04:29:42Z</time>
      </trkpt>
      <trkpt lat="26.9915632" lon="75.8684383">
        <time>2018-12-01T04:30:14Z</time>
      </trkpt>
      <trkpt lat="26.9915629" lon="75.8684499">
        <time>2018-12-01T04:30:45Z</time>
      </trkpt>
      <trkpt lat="26.9915520" lon="75.8684494">
        <time>2018-12-01T04:31:16Z</time>
      </trkpt>
      <trkpt lat="26.9915771" lon="75.8684591">
        <time>2018-12-01T04:31:47Z</time>
      </trkpt>
      <trkpt lat="26.9915724" lon="75.8684563">
        <time>2018-12-01T04:32:11Z</time>
      </trkpt>
      <trkpt lat="26.9915630" lon="75.8684167">
        <time>2018-12-01T04:32:37Z</time>
      </trkpt>
      <trkpt lat="26.9915363" lon="75.8684215">
        <time>2018-12-01T04:33:11Z</time>
      </trkpt>
      <trkpt lat="26.9915468" lon="75.8684336">
        <time>2018-12-01T04:33:43Z</time>
      </trkpt>
      <trkpt lat="26.9915369" lon="75.8684317">
        <time>2018-12-01T04:34:10Z</time>
      </trkpt>
      <trkpt lat="26.9915400" lon="75.8683984">
        <time>2018-12-01T04:34:34Z</time>
      </trkpt>
      <trkpt lat="26.9915628" lon="75.8683866">
        <time>2018-12-01T04:34:55Z</time>
      </trkpt>
      <trkpt lat="26.9915733" lon="75.8683884">
        <time>2018-12-01T04:35:22Z</time>
      </trkpt>
      <trkpt lat="26.9915628" lon="75.8684008">
        <time>2018-12-01T04:35:48Z</time>
      </trkpt>
      <trkpt lat="26.9915462" lon="75.8684282">
        <time>2018-12-01T04:36:15Z</time>
      </trkpt>
      <trkpt lat="26.9915476" lon="75.8684388">
        <time>2018-12-01T04:36:41Z</time>
      </trkpt>
      <trkpt lat="26.9915633" lon="75.8684273">
        <time>2018-12-01T04:37:07Z</time>
      </trkpt>
      <trkpt lat="26.9915795" lon="75.8684110">
        <time>2018-12-01T04:37:39Z</time>
      </trkpt>
      <trkpt lat="26.9915896" lon="75.8684136">
        <time>2018-12-01T04:38:17Z</time>
      </trkpt>
      <trkpt lat="26.9916136" lon="75.8684092">
        <time>2018-12-01T04:38:50Z</time>
      </trkpt>
      <trkpt lat="26.9916125" lon="75.8684081">
        <time>2018-12-01T04:39:26Z</time>
      </trkpt>
      <trkpt lat="26.9915833" lon="75.8684216">
        <time>2018-12-01T04:39:57Z</time>
      </trkpt>
      <trkpt lat="26.9915930" lon="75.8684241">
        <time>2018-12-01T04:40:33Z</time>
      </trkpt>
      <trkpt lat="26.9915947" lon="75.8684102">
        <time>2018-12-01T04:41:11Z</time>
      </trkpt>
      <trkpt lat="26.9915851" lon="75.8684580">
        <time>2018-12-01T04:41:43Z</time>
      </trkpt>
      <trkpt lat="26.9915998" lon="75.8685337">
        <time>2018-12-01T04:41:55Z</time>
      </trkpt>
      <trkpt lat="26.9916110" lon="75.8685448">
        <time>2018-12-01T04:42:36Z</time>
      </trkpt>
      <trkpt lat="26.9916061" lon="75.8685468">
        <time>2018-12-01T04:43:13Z</time>
      </trkpt>
      <trkpt lat="26.9916089" lon="75.8685426">
        <time>2018-12-01T04:43:46Z</time>
      </trkpt>
      <trkpt lat="26.9916164" lon="75.8685335">
        <time>2018-12-01T04:44:20Z</time>
      </trkpt>
      <trkpt lat="26.9916158" lon="75.8685276">
        <time>2018-12-01T04:44:47Z</time>
      </trkpt>
      <trkpt lat="26.9916104" lon="75.8685252">
        <time>2018-12-01T04:45:21Z</time>
      </trkpt>
      <trkpt lat="26.9916188" lon="75.8685428">
        <time>2018-12-01T04:45:56Z</time>
      </trkpt>
      <trkpt lat="26.9916188" lon="75.8685432">
        <time>2018-12-01T04:46:31Z</time>
      </trkpt>
      <trkpt lat="26.9916193" lon="75.8685184">
        <time>2018-12-01T04:47:10Z</time>
      </trkpt>
      <trkpt lat="26.9916172" lon="75.8685222">
        <time>2018-12-01T04:47:47Z</time>
      </trkpt>
      <trkpt lat="26.9916048" lon="75.8685099">
        <time>2018-12-01T04:48:19Z</time>
      </trkpt>
      <trkpt lat="26.9915789" lon="75.8686145">
        <time>2018-12-01T04:48:34Z</time>
      </trkpt>
      <trkpt lat="26.9916333" lon="75.8690175">
        <time>2018-12-01T04:48:46Z</time>
      </trkpt>
      <trkpt lat="26.9916863" lon="75.8695420">
        <time>2018-12-01T04:48:53Z</time>
      </trkpt>
      <trkpt lat="26.9917729" lon="75.8703458">
        <time>2018-12-01T04:49:03Z</time>
      </trkpt>
      <trkpt lat="26.9918436" lon="75.8710048">
        <time>2018-12-01T04:49:11Z</time>
      </trkpt>
      <trkpt lat="26.9918892" lon="75.8713607">
        <time>2018-12-01T04:49:21Z</time>
      </trkpt>
      <trkpt lat="26.9919226" lon="75.8719125">
        <time>2018-12-01T04:49:30Z</time>
      </trkpt>
      <trkpt lat="26.9920106" lon="75.8727753">
        <time>2018-12-01T04:49:39Z</time>
      </trkpt>
      <trkpt lat="26.9922338" lon="75.8736830">
        <time>2018-12-01T04:49:49Z</time>
      </trkpt>
      <trkpt lat="26.9923028" lon="75.8738704">
        <time>2018-12-01T04:49:51Z</time>
      </trkpt>
      <trkpt lat="26.9927158" lon="75.8744853">
        <time>2018-12-01T04:49:58Z</time>
      </trkpt>
      <trkpt lat="26.9930483" lon="75.8747920">
        <time>2018-12-01T04:50:05Z</time>
      </trkpt>
      <trkpt lat="26.9930896" lon="75.8748177">
        <time>2018-12-01T04:50:11Z</time>
      </trkpt>
      <trkpt lat="26.9930384" lon="75.8747792">
        <time>2018-12-01T04:50:34Z</time>
      </trkpt>
      <trkpt lat="26.9929884" lon="75.8747249">
        <time>2018-12-01T04:50:45Z</time>
      </trkpt>
      <trkpt lat="26.9929858" lon="75.8747112">
        <time>2018-12-01T04:51:04Z</time>
      </trkpt>
      <trkpt lat="26.9929920" lon="75.8747224">
        <time>2018-12-01T04:51:06Z</time>
      </trkpt>
      <trkpt lat="26.9929925" lon="75.8747981">
        <time>2018-12-01T04:51:11Z</time>
      </trkpt>
      <trkpt lat="26.9929657" lon="75.8748162">
        <time>2018-12-01T04:51:15Z</time>
      </trkpt>
      <trkpt lat="26.9929122" lon="75.8747942">
        <time>2018-12-01T04:51:19Z</time>
      </trkpt>
      <trkpt lat="26.9926891" lon="75.8745398">
        <time>2018-12-01T04:51:31Z</time>
      </trkpt>
      <trkpt lat="26.9922727" lon="75.8739553">
        <time>2018-12-01T04:51:42Z</time>
      </trkpt>
      <trkpt lat="26.9920535" lon="75.8734207">
        <time>2018-12-01T04:51:53Z</time>
      </trkpt>
      <trkpt lat="26.9919496" lon="75.8728626">
        <time>2018-12-01T04:52:01Z</time>
      </trkpt>
      <trkpt lat="26.9918808" lon="75.8719733">
        <time>2018-12-01T04:52:10Z</time>
      </trkpt>
      <trkpt lat="26.9917929" lon="75.8710683">
        <time>2018-12-01T04:52:19Z</time>
      </trkpt>
      <trkpt lat="26.9917067" lon="75.8701323">
        <time>2018-12-01T04:52:29Z</time>
      </trkpt>
      <trkpt lat="26.9916223" lon="75.8691348">
        <time>2018-12-01T04:52:39Z</time>
      </trkpt>
      <trkpt lat="26.9915680" lon="75.8684754">
        <time>2018-12-01T04:52:47Z</time>
      </trkpt>
      <trkpt lat="26.9914758" lon="75.8676107">
        <time>2018-12-01T04:52:58Z</time>
      </trkpt>
      <trkpt lat="26.9912418" lon="75.8666445">
        <time>2018-12-01T04:53:09Z</time>
      </trkpt>
      <trkpt lat="26.9907501" lon="75.8655290">
        <time>2018-12-01T04:53:22Z</time>
      </trkpt>
      <trkpt lat="26.9903305" lon="75.8645985">
        <time>2018-12-01T04:53:33Z</time>
      </trkpt>
      <trkpt lat="26.9900318" lon="75.8639181">
        <time>2018-12-01T04:53:44Z</time>
      </trkpt>
      <trkpt lat="26.9896954" lon="75.8630769">
        <time>2018-12-01T04:53:56Z</time>
      </trkpt>
      <trkpt lat="26.9895737" lon="75.8627381">
        <time>2018-12-01T04:54:03Z</time>
      </trkpt>
      <trkpt lat="26.9893565" lon="75.8623993">
        <time>2018-12-01T04:54:12Z</time>
      </trkpt>
      <trkpt lat="26.9888716" lon="75.8617905">
        <time>2018-12-01T04:54:24Z</time>
      </trkpt>
      <trkpt lat="26.9888444" lon="75.8617251">
        <time>2018-12-01T04:54:25Z</time>
      </trkpt>
      <trkpt lat="26.9888254" lon="75.8616629">
        <time>2018-12-01T04:54:26Z</time>
      </trkpt>
      <trkpt lat="26.9888122" lon="75.8616025">
        <time>2018-12-01T04:54:27Z</time>
      </trkpt>
      <trkpt lat="26.9887802" lon="75.8614528">
        <time>2018-12-01T04:54:30Z</time>
      </trkpt>
      <trkpt lat="26.9887550" lon="75.8613542">
        <time>2018-12-01T04:54:32Z</time>
      </trkpt>
      <trkpt lat="26.9887108" lon="75.8610181">
        <time>2018-12-01T04:54:41Z</time>
      </trkpt>
      <trkpt lat="26.9887067" lon="75.8608452">
        <time>2018-12-01T04:54:46Z</time>
      </trkpt>
      <trkpt lat="26.9886972" lon="75.8607985">
        <time>2018-12-01T04:54:47Z</time>
      </trkpt>
      <trkpt lat="26.9885995" lon="75.8602732">
        <time>2018-12-01T04:54:55Z</time>
      </trkpt>
      <trkpt lat="26.9885506" lon="75.8593641">
        <time>2018-12-01T04:55:07Z</time>
      </trkpt>
      <trkpt lat="26.9885450" lon="75.8586860">
        <time>2018-12-01T04:55:17Z</time>
      </trkpt>
      <trkpt lat="26.9885348" lon="75.8577324">
        <time>2018-12-01T04:55:29Z</time>
      </trkpt>
      <trkpt lat="26.9885691" lon="75.8568637">
        <time>2018-12-01T04:55:40Z</time>
      </trkpt>
      <trkpt lat="26.9885968" lon="75.8560898">
        <time>2018-12-01T04:55:50Z</time>
      </trkpt>
      <trkpt lat="26.9885841" lon="75.8559760">
        <time>2018-12-01T04:55:52Z</time>
      </trkpt>
      <trkpt lat="26.9885692" lon="75.8559321">
        <time>2018-12-01T04:55:53Z</time>
      </trkpt>
      <trkpt lat="26.9885316" lon="75.8558670">
        <time>2018-12-01T04:55:59Z</time>
      </trkpt>
      <trkpt lat="26.9884954" lon="75.8557556">
        <time>2018-12-01T04:56:12Z</time>
      </trkpt>
      <trkpt lat="26.9883403" lon="75.8554881">
        <time>2018-12-01T04:56:23Z</time>
      </trkpt>
      <trkpt lat="26.9881797" lon="75.8553434">
        <time>2018-12-01T04:56:33Z</time>
      </trkpt>
      <trkpt lat="26.9880775" lon="75.8552560">
        <time>2018-12-01T04:56:42Z</time>
      </trkpt>
      <trkpt lat="26.9877886" lon="75.8550507">
        <time>2018-12-01T04:56:53Z</time>
      </trkpt>
      <trkpt lat="26.9875211" lon="75.8547983">
        <time>2018-12-01T04:57:03Z</time>
      </trkpt>
      <trkpt lat="26.9872300" lon="75.8545445">
        <time>2018-12-01T04:57:14Z</time>
      </trkpt>
      <trkpt lat="26.9869400" lon="75.8543355">
        <time>2018-12-01T04:57:24Z</time>
      </trkpt>
      <trkpt lat="26.9866101" lon="75.8541325">
        <time>2018-12-01T04:57:34Z</time>
      </trkpt>
      <trkpt lat="26.9862112" lon="75.8540064">
        <time>2018-12-01T04:57:44Z</time>
      </trkpt>
      <trkpt lat="26.9857637" lon="75.8540379">
        <time>2018-12-01T04:57:54Z</time>
      </trkpt>
      <trkpt lat="26.9851610" lon="75.8540483">
        <time>2018-12-01T04:58:03Z</time>
      </trkpt>
      <trkpt lat="26.9850960" lon="75.8540338">
        <time>2018-12-01T04:58:04Z</time>
      </trkpt>
      <trkpt lat="26.9844019" lon="75.8538547">
        <time>2018-12-01T04:58:13Z</time>
      </trkpt>
      <trkpt lat="26.9833643" lon="75.8534428">
        <time>2018-12-01T04:58:24Z</time>
      </trkpt>
      <trkpt lat="26.9826907" lon="75.8530204">
        <time>2018-12-01T04:58:32Z</time>
      </trkpt>
      <trkpt lat="26.9818022" lon="75.8527531">
        <time>2018-12-01T04:58:41Z</time>
      </trkpt>
      <trkpt lat="26.9806251" lon="75.8525377">
        <time>2018-12-01T04:58:52Z</time>
      </trkpt>
      <trkpt lat="26.9799615" lon="75.8525318">
        <time>2018-12-01T04:59:00Z</time>
      </trkpt>
      <trkpt lat="26.9798328" lon="75.8524265">
        <time>2018-12-01T04:59:06Z</time>
      </trkpt>
      <trkpt lat="26.9798777" lon="75.8521985">
        <time>2018-12-01T04:59:15Z</time>
      </trkpt>
      <trkpt lat="26.9799136" lon="75.8519472">
        <time>2018-12-01T04:59:28Z</time>
      </trkpt>
      <trkpt lat="26.9799662" lon="75.8516747">
        <time>2018-12-01T04:59:40Z</time>
      </trkpt>
      <trkpt lat="26.9799948" lon="75.8515210">
        <time>2018-12-01T04:59:52Z</time>
      </trkpt>
      <trkpt lat="26.9800285" lon="75.8515738">
        <time>2018-12-01T05:00:07Z</time>
      </trkpt>
      <trkpt lat="26.9800899" lon="75.8515899">
        <time>2018-12-01T05:00:25Z</time>
      </trkpt>
      <trkpt lat="26.9801115" lon="75.8516070">
        <time>2018-12-01T05:00:41Z</time>
      </trkpt>
      <trkpt lat="26.9801199" lon="75.8516251">
        <time>2018-12-01T05:01:11Z</time>
      </trkpt>
      <trkpt lat="26.9801148" lon="75.8516427">
        <time>2018-12-01T05:01:49Z</time>
      </trkpt>
      <trkpt lat="26.9801122" lon="75.8516391">
        <time>2018-12-01T05:02:24Z</time>
      </trkpt>
      <trkpt lat="26.9801029" lon="75.8516286">
        <time>2018-12-01T05:02:53Z</time>
      </trkpt>
      <trkpt lat="26.9801047" lon="75.8516090">
        <time>2018-12-01T05:03:20Z</time>
      </trkpt>
      <trkpt lat="26.9800994" lon="75.8515971">
        <time>2018-12-01T05:03:49Z</time>
      </trkpt>
      <trkpt lat="26.9801000" lon="75.8516024">
        <time>2018-12-01T05:04:25Z</time>
      </trkpt>
      <trkpt lat="26.9801076" lon="75.8515992">
        <time>2018-12-01T05:05:01Z</time>
      </trkpt>
      <trkpt lat="26.9801135" lon="75.8515905">
        <time>2018-12-01T05:05:34Z</time>
      </trkpt>
      <trkpt lat="26.9801417" lon="75.8515828">
        <time>2018-12-01T05:06:11Z</time>
      </trkpt>
      <trkpt lat="26.9801437" lon="75.8515971">
        <time>2018-12-01T05:06:45Z</time>
      </trkpt>
      <trkpt lat="26.9801391" lon="75.8516168">
        <time>2018-12-01T05:07:15Z</time>
      </trkpt>
      <trkpt lat="26.9801308" lon="75.8516023">
        <time>2018-12-01T05:07:46Z</time>
      </trkpt>
      <trkpt lat="26.9801168" lon="75.8515942">
        <time>2018-12-01T05:08:21Z</time>
      </trkpt>
      <trkpt lat="26.9801184" lon="75.8515938">
        <time>2018-12-01T05:08:52Z</time>
      </trkpt>
      <trkpt lat="26.9801148" lon="75.8515945">
        <time>2018-12-01T05:09:28Z</time>
      </trkpt>
      <trkpt lat="26.9801294" lon="75.8515945">
        <time>2018-12-01T05:09:53Z</time>
      </trkpt>
      <trkpt lat="26.9801401" lon="75.8516143">
        <time>2018-12-01T05:10:20Z</time>
      </trkpt>
      <trkpt lat="26.9801487" lon="75.8516041">
        <time>2018-12-01T05:10:51Z</time>
      </trkpt>
      <trkpt lat="26.9801426" lon="75.8516085">
        <time>2018-12-01T05:11:18Z</time>
      </trkpt>
      <trkpt lat="26.9801469" lon="75.8515822">
        <time>2018-12-01T05:11:48Z</time>
      </trkpt>
      <trkpt lat="26.9801417" lon="75.8515611">
        <time>2018-12-01T05:12:20Z</time>
      </trkpt>
      <trkpt lat="26.9801071" lon="75.8515836">
        <time>2018-12-01T05:12:54Z</time>
      </trkpt>
      <trkpt lat="26.9801074" lon="75.8515803">
        <time>2018-12-01T05:13:22Z</time>
      </trkpt>
      <trkpt lat="26.9801196" lon="75.8515805">
        <time>2018-12-01T05:13:54Z</time>
      </trkpt>
      <trkpt lat="26.9801115" lon="75.8515710">
        <time>2018-12-01T05:14:32Z</time>
      </trkpt>
      <trkpt lat="26.9800749" lon="75.8515626">
        <time>2018-12-01T05:15:05Z</time>
      </trkpt>
      <trkpt lat="26.9800558" lon="75.8515726">
        <time>2018-12-01T05:15:31Z</time>
      </trkpt>
      <trkpt lat="26.9800577" lon="75.8515943">
        <time>2018-12-01T05:16:01Z</time>
      </trkpt>
      <trkpt lat="26.9800881" lon="75.8516180">
        <time>2018-12-01T05:16:32Z</time>
      </trkpt>
      <trkpt lat="26.9801100" lon="75.8516208">
        <time>2018-12-01T05:17:02Z</time>
      </trkpt>
      <trkpt lat="26.9801542" lon="75.8516194">
        <time>2018-12-01T05:17:34Z</time>
      </trkpt>
      <trkpt lat="26.9801593" lon="75.8516136">
        <time>2018-12-01T05:18:07Z</time>
      </trkpt>
      <trkpt lat="26.9801642" lon="75.8516116">
        <time>2018-12-01T05:18:42Z</time>
      </trkpt>
      <trkpt lat="26.9801593" lon="75.8516048">
        <time>2018-12-01T05:19:16Z</time>
      </trkpt>
      <trkpt lat="26.9801335" lon="75.8515995">
        <time>2018-12-01T05:19:55Z</time>
      </trkpt>
      <trkpt lat="26.9801277" lon="75.8515987">
        <time>2018-12-01T05:20:25Z</time>
      </trkpt>
      <trkpt lat="26.9801182" lon="75.8515862">
        <time>2018-12-01T05:21:03Z</time>
      </trkpt>
      <trkpt lat="26.9801132" lon="75.8515732">
        <time>2018-12-01T05:21:36Z</time>
      </trkpt>
      <trkpt lat="26.9801055" lon="75.8515929">
        <time>2018-12-01T05:22:16Z</time>
      </trkpt>
      <trkpt lat="26.9801253" lon="75.8516212">
        <time>2018-12-01T05:22:53Z</time>
      </trkpt>
      <trkpt lat="26.9801062" lon="75.8516202">
        <time>2018-12-01T05:23:31Z</time>
      </trkpt>
      <trkpt lat="26.9801223" lon="75.8516038">
        <time>2018-12-01T05:24:02Z</time>
      </trkpt>
      <trkpt lat="26.9801030" lon="75.8515862">
        <time>2018-12-01T05:24:35Z</time>
      </trkpt>
      <trkpt lat="26.9801016" lon="75.8515958">
        <time>2018-12-01T05:25:11Z</time>
      </trkpt>
      <trkpt lat="26.9800981" lon="75.8516047">
        <time>2018-12-01T05:25:44Z</time>
      </trkpt>
      <trkpt lat="26.9800801" lon="75.8516073">
        <time>2018-12-01T05:26:09Z</time>
      </trkpt>
      <trkpt lat="26.9800992" lon="75.8516258">
        <time>2018-12-01T05:26:47Z</time>
      </trkpt>
      <trkpt lat="26.9801327" lon="75.8516256">
        <time>2018-12-01T05:27:19Z</time>
      </trkpt>
      <trkpt lat="26.9801305" lon="75.8516113">
        <time>2018-12-01T05:27:51Z</time>
      </trkpt>
      <trkpt lat="26.9801229" lon="75.8516241">
        <time>2018-12-01T05:28:29Z</time>
      </trkpt>
      <trkpt lat="26.9801211" lon="75.8516230">
        <time>2018-12-01T05:29:05Z</time>
      </trkpt>
      <trkpt lat="26.9800995" lon="75.8516311">
        <time>2018-12-01T05:29:36Z</time>
      </trkpt>
      <trkpt lat="26.9800998" lon="75.8516277">
        <time>2018-12-01T05:30:05Z</time>
      </trkpt>
      <trkpt lat="26.9801169" lon="75.8516248">
        <time>2018-12-01T05:30:38Z</time>
      </trkpt>
      <trkpt lat="26.9801304" lon="75.8516201">
        <time>2018-12-01T05:31:11Z</time>
      </trkpt>
      <trkpt lat="26.9801236" lon="75.8516234">
        <time>2018-12-01T05:31:44Z</time>
      </trkpt>
      <trkpt lat="26.9801021" lon="75.8516016">
        <time>2018-12-01T05:32:18Z</time>
      </trkpt>
      <trkpt lat="26.9801278" lon="75.8515914">
        <time>2018-12-01T05:32:46Z</time>
      </trkpt>
      <trkpt lat="26.9801266" lon="75.8515730">
        <time>2018-12-01T05:33:13Z</time>
      </trkpt>
      <trkpt lat="26.9801064" lon="75.8515693">
        <time>2018-12-01T05:33:41Z</time>
      </trkpt>
      <trkpt lat="26.9800988" lon="75.8515790">
        <time>2018-12-01T05:34:13Z</time>
      </trkpt>
      <trkpt lat="26.9800820" lon="75.8515624">
        <time>2018-12-01T05:34:41Z</time>
      </trkpt>
      <trkpt lat="26.9800785" lon="75.8515557">
        <time>2018-12-01T05:35:11Z</time>
      </trkpt>
      <trkpt lat="26.9801119" lon="75.8515675">
        <time>2018-12-01T05:35:42Z</time>
      </trkpt>
      <trkpt lat="26.9800982" lon="75.8515953">
        <time>2018-12-01T05:36:07Z</time>
      </trkpt>
      <trkpt lat="26.9801017" lon="75.8515862">
        <time>2018-12-01T05:36:32Z</time>
      </trkpt>
      <trkpt lat="26.9801154" lon="75.8515911">
        <time>2018-12-01T05:36:59Z</time>
      </trkpt>
      <trkpt lat="26.9801265" lon="75.8515816">
        <time>2018-12-01T05:37:32Z</time>
      </trkpt>
      <trkpt lat="26.9801212" lon="75.8515947">
        <time>2018-12-01T05:38:03Z</time>
      </trkpt>
      <trkpt lat="26.9800935" lon="75.8516006">
        <time>2018-12-01T05:38:37Z</time>
      </trkpt>
      <trkpt lat="26.9801088" lon="75.8516054">
        <time>2018-12-01T05:39:07Z</time>
      </trkpt>
      <trkpt lat="26.9800903" lon="75.8515886">
        <time>2018-12-01T05:39:42Z</time>
      </trkpt>
      <trkpt lat="26.9801026" lon="75.8516049">
        <time>2018-12-01T05:40:13Z</time>
      </trkpt>
      <trkpt lat="26.9801043" lon="75.8515895">
        <time>2018-12-01T05:40:43Z</time>
      </trkpt>
      <trkpt lat="26.9801184" lon="75.8515926">
        <time>2018-12-01T05:41:12Z</time>
      </trkpt>
      <trkpt lat="26.9801224" lon="75.8515796">
        <time>2018-12-01T05:41:45Z</time>
      </trkpt>
      <trkpt lat="26.9801020" lon="75.8515871">
        <time>2018-12-01T05:42:21Z</time>
      </trkpt>
      <trkpt lat="26.9800883" lon="75.8515686">
        <time>2018-12-01T05:42:54Z</time>
      </trkpt>
      <trkpt lat="26.9800853" lon="75.8515668">
        <time>2018-12-01T05:43:20Z</time>
      </trkpt>
      <trkpt lat="26.9800701" lon="75.8515624">
        <time>2018-12-01T05:43:52Z</time>
      </trkpt>
      <trkpt lat="26.9800902" lon="75.8515573">
        <time>2018-12-01T05:44:26Z</time>
      </trkpt>
      <trkpt lat="26.9801235" lon="75.8515489">
        <time>2018-12-01T05:44:57Z</time>
      </trkpt>
      <trkpt lat="26.9801379" lon="75.8515546">
        <time>2018-12-01T05:45:23Z</time>
      </trkpt>
      <trkpt lat="26.9801184" lon="75.8515689">
        <time>2018-12-01T05:45:54Z</time>
      </trkpt>
      <trkpt lat="26.9801237" lon="75.8515785">
        <time>2018-12-01T05:46:19Z</time>
      </trkpt>
      <trkpt lat="26.9801472" lon="75.8515720">
        <time>2018-12-01T05:46:44Z</time>
      </trkpt>
      <trkpt lat="26.9801717" lon="75.8515881">
        <time>2018-12-01T05:47:08Z</time>
      </trkpt>
      <trkpt lat="26.9801661" lon="75.8515874">
        <time>2018-12-01T05:47:33Z</time>
      </trkpt>
      <trkpt lat="26.9801502" lon="75.8515898">
        <time>2018-12-01T05:47:57Z</time>
      </trkpt>
      <trkpt lat="26.9801077" lon="75.8516134">
        <time>2018-12-01T05:48:22Z</time>
      </trkpt>
      <trkpt lat="26.9800839" lon="75.8516362">
        <time>2018-12-01T05:48:51Z</time>
      </trkpt>
      <trkpt lat="26.9800930" lon="75.8516240">
        <time>2018-12-01T05:49:18Z</time>
      </trkpt>
      <trkpt lat="26.9801029" lon="75.8516273">
        <time>2018-12-01T05:49:37Z</time>
      </trkpt>
      <trkpt lat="26.9800962" lon="75.8516194">
        <time>2018-12-01T05:50:08Z</time>
      </trkpt>
      <trkpt lat="26.9801008" lon="75.8516235">
        <time>2018-12-01T05:50:38Z</time>
      </trkpt>
      <trkpt lat="26.9801034" lon="75.8516347">
        <time>2018-12-01T05:51:04Z</time>
      </trkpt>
      <trkpt lat="26.9801299" lon="75.8516330">
        <time>2018-12-01T05:51:36Z</time>
      </trkpt>
      <trkpt lat="26.9801211" lon="75.8516349">
        <time>2018-12-01T05:52:07Z</time>
      </trkpt>
      <trkpt lat="26.9801328" lon="75.8516189">
        <time>2018-12-01T05:52:37Z</time>
      </trkpt>
      <trkpt lat="26.9801136" lon="75.8516173">
        <time>2018-12-01T05:53:02Z</time>
      </trkpt>
      <trkpt lat="26.9801020" lon="75.8516209">
        <time>2018-12-01T05:53:25Z</time>
      </trkpt>
      <trkpt lat="26.9801257" lon="75.8516180">
        <time>2018-12-01T05:53:52Z</time>
      </trkpt>
      <trkpt lat="26.9801463" lon="75.8516090">
        <time>2018-12-01T05:54:22Z</time>
      </trkpt>
      <trkpt lat="26.9801470" lon="75.8516141">
        <time>2018-12-01T05:54:48Z</time>
      </trkpt>
      <trkpt lat="26.9801525" lon="75.8516078">
        <time>2018-12-01T05:55:14Z</time>
      </trkpt>
      <trkpt lat="26.9801554" lon="75.8516123">
        <time>2018-12-01T05:55:40Z</time>
      </trkpt>
      <trkpt lat="26.9801610" lon="75.8516027">
        <time>2018-12-01T05:56:15Z</time>
      </trkpt>
      <trkpt lat="26.9801675" lon="75.8515861">
        <time>2018-12-01T05:56:48Z</time>
      </trkpt>
      <trkpt lat="26.9801604" lon="75.8515793">
        <time>2018-12-01T05:57:23Z</time>
      </trkpt>
      <trkpt lat="26.9801461" lon="75.8515967">
        <time>2018-12-01T05:57:57Z</time>
      </trkpt>
      <trkpt lat="26.9801443" lon="75.8515993">
        <time>2018-12-01T05:58:18Z</time>
      </trkpt>
      <trkpt lat="26.9801495" lon="75.8516033">
        <time>2018-12-01T05:58:50Z</time>
      </trkpt>
      <trkpt lat="26.9801504" lon="75.8516054">
        <time>2018-12-01T05:59:24Z</time>
      </trkpt>
      <trkpt lat="26.9801604" lon="75.8516080">
        <time>2018-12-01T05:59:56Z</time>
      </trkpt>
      <trkpt lat="26.9801730" lon="75.8516180">
        <time>2018-12-01T06:00:20Z</time>
      </trkpt>
      <trkpt lat="26.9801474" lon="75.8516185">
        <time>2018-12-01T06:00:47Z</time>
      </trkpt>
      <trkpt lat="26.9801179" lon="75.8516270">
        <time>2018-12-01T06:01:18Z</time>
      </trkpt>
      <trkpt lat="26.9800951" lon="75.8516231">
        <time>2018-12-01T06:01:43Z</time>
      </trkpt>
      <trkpt lat="26.9800971" lon="75.8516197">
        <time>2018-12-01T06:02:07Z</time>
      </trkpt>
      <trkpt lat="26.9801497" lon="75.8516041">
        <time>2018-12-01T06:02:36Z</time>
      </trkpt>
      <trkpt lat="26.9801459" lon="75.8516017">
        <time>2018-12-01T06:02:57Z</time>
      </trkpt>
      <trkpt lat="26.9801417" lon="75.8516016">
        <time>2018-12-01T06:03:22Z</time>
      </trkpt>
      <trkpt lat="26.9801599" lon="75.8515843">
        <time>2018-12-01T06:03:49Z</time>
      </trkpt>
      <trkpt lat="26.9801584" lon="75.8515747">
        <time>2018-12-01T06:04:23Z</time>
      </trkpt>
      <trkpt lat="26.9801713" lon="75.8515688">
        <time>2018-12-01T06:04:51Z</time>
      </trkpt>
      <trkpt lat="26.9801812" lon="75.8515853">
        <time>2018-12-01T06:05:26Z</time>
      </trkpt>
      <trkpt lat="26.9801907" lon="75.8515861">
        <time>2018-12-01T06:05:59Z</time>
      </trkpt>
      <trkpt lat="26.9801834" lon="75.8516009">
        <time>2018-12-01T06:06:30Z</time>
      </trkpt>
      <trkpt lat="26.9801867" lon="75.8515852">
        <time>2018-12-01T06:07:05Z</time>
      </trkpt>
      <trkpt lat="26.9801764" lon="75.8515831">
        <time>2018-12-01T06:07:37Z</time>
      </trkpt>
      <trkpt lat="26.9801562" lon="75.8515884">
        <time>2018-12-01T06:08:11Z</time>
      </trkpt>
      <trkpt lat="26.9801542" lon="75.8515836">
        <time>2018-12-01T06:08:35Z</time>
      </trkpt>
      <trkpt lat="26.9801567" lon="75.8515860">
        <time>2018-12-01T06:09:09Z</time>
      </trkpt>
      <trkpt lat="26.9801805" lon="75.8515785">
        <time>2018-12-01T06:09:47Z</time>
      </trkpt>
      <trkpt lat="26.9801772" lon="75.8515769">
        <time>2018-12-01T06:10:17Z</time>
      </trkpt>
      <trkpt lat="26.9801612" lon="75.8515957">
        <time>2018-12-01T06:10:49Z</time>
      </trkpt>
      <trkpt lat="26.9801722" lon="75.8515860">
        <time>2018-12-01T06:11:20Z</time>
      </trkpt>
      <trkpt lat="26.9801640" lon="75.8515931">
        <time>2018-12-01T06:11:51Z</time>
      </trkpt>
      <trkpt lat="26.9801588" lon="75.8515743">
        <time>2018-12-01T06:12:23Z</time>
      </trkpt>
      <trkpt lat="26.9801472" lon="75.8515800">
        <time>2018-12-01T06:12:49Z</time>
      </trkpt>
      <trkpt lat="26.9801495" lon="75.8515685">
        <time>2018-12-01T06:13:17Z</time>
      </trkpt>
      <trkpt lat="26.9801664" lon="75.8515745">
        <time>2018-12-01T06:13:56Z</time>
      </trkpt>
      <trkpt lat="26.9800911" lon="75.8515785">
        <time>2018-12-01T06:14:12Z</time>
      </trkpt>
      <trkpt lat="26.9799650" lon="75.8517282">
        <time>2018-12-01T06:14:24Z</time>
      </trkpt>
      <trkpt lat="26.9799615" lon="75.8517490">
        <time>2018-12-01T06:14:25Z</time>
      </trkpt>
      <trkpt lat="26.9799096" lon="75.8520698">
        <time>2018-12-01T06:14:41Z</time>
      </trkpt>
      <trkpt lat="26.9798926" lon="75.8521895">
        <time>2018-12-01T06:14:52Z</time>
      </trkpt>
      <trkpt lat="26.9798711" lon="75.8522976">
        <time>2018-12-01T06:15:09Z</time>
      </trkpt>
      <trkpt lat="26.9798699" lon="75.8523278">
        <time>2018-12-01T06:15:19Z</time>
      </trkpt>
      <trkpt lat="26.9798670" lon="75.8524376">
        <time>2018-12-01T06:15:32Z</time>
      </trkpt>
      <trkpt lat="26.9798865" lon="75.8524750">
        <time>2018-12-01T06:15:35Z</time>
      </trkpt>
      <trkpt lat="26.9798985" lon="75.8524874">
        <time>2018-12-01T06:15:36Z</time>
      </trkpt>
      <trkpt lat="26.9799121" lon="75.8524931">
        <time>2018-12-01T06:15:37Z</time>
      </trkpt>
      <trkpt lat="26.9799349" lon="75.8524993">
        <time>2018-12-01T06:15:38Z</time>
      </trkpt>
      <trkpt lat="26.9799593" lon="75.8525018">
        <time>2018-12-01T06:15:39Z</time>
      </trkpt>
      <trkpt lat="26.9799890" lon="75.8525031">
        <time>2018-12-01T06:15:40Z</time>
      </trkpt>
      <trkpt lat="26.9804617" lon="75.8524813">
        <time>2018-12-01T06:15:50Z</time>
      </trkpt>
      <trkpt lat="26.9813375" lon="75.8525914">
        <time>2018-12-01T06:16:02Z</time>
      </trkpt>
      <trkpt lat="26.9824356" lon="75.8528615">
        <time>2018-12-01T06:16:15Z</time>
      </trkpt>
      <trkpt lat="26.9828478" lon="75.8530343">
        <time>2018-12-01T06:16:22Z</time>
      </trkpt>
      <trkpt lat="26.9835365" lon="75.8534692">
        <time>2018-12-01T06:16:32Z</time>
      </trkpt>
      <trkpt lat="26.9845694" lon="75.8538621">
        <time>2018-12-01T06:16:45Z</time>
      </trkpt>
      <trkpt lat="26.9849524" lon="75.8539696">
        <time>2018-12-01T06:16:52Z</time>
      </trkpt>
      <trkpt lat="26.9855144" lon="75.8540186">
        <time>2018-12-01T06:17:02Z</time>
      </trkpt>
      <trkpt lat="26.9860072" lon="75.8539641">
        <time>2018-12-01T06:17:13Z</time>
      </trkpt>
      <trkpt lat="26.9861569" lon="75.8539525">
        <time>2018-12-01T06:17:19Z</time>
      </trkpt>
      <trkpt lat="26.9865380" lon="75.8540758">
        <time>2018-12-01T06:17:29Z</time>
      </trkpt>
      <trkpt lat="26.9870537" lon="75.8543835">
        <time>2018-12-01T06:17:44Z</time>
      </trkpt>
      <trkpt lat="26.9873212" lon="75.8545696">
        <time>2018-12-01T06:17:55Z</time>
      </trkpt>
      <trkpt lat="26.9873510" lon="75.8545886">
        <time>2018-12-01T06:18:08Z</time>
      </trkpt>
      <trkpt lat="26.9873614" lon="75.8545805">
        <time>2018-12-01T06:18:35Z</time>
      </trkpt>
      <trkpt lat="26.9873632" lon="75.8545787">
        <time>2018-12-01T06:18:56Z</time>
      </trkpt>
      <trkpt lat="26.9874400" lon="75.8546208">
        <time>2018-12-01T06:19:08Z</time>
      </trkpt>
      <trkpt lat="26.9874490" lon="75.8546219">
        <time>2018-12-01T06:19:18Z</time>
      </trkpt>
      <trkpt lat="26.9874692" lon="75.8545969">
        <time>2018-12-01T06:19:35Z</time>
      </trkpt>
      <trkpt lat="26.9874281" lon="75.8546103">
        <time>2018-12-01T06:19:42Z</time>
      </trkpt>
      <trkpt lat="26.9874075" lon="75.8546060">
        <time>2018-12-01T06:19:43Z</time>
      </trkpt>
      <trkpt lat="26.9871535" lon="75.8544759">
        <time>2018-12-01T06:19:54Z</time>
      </trkpt>
      <trkpt lat="26.9867041" lon="75.8542011">
        <time>2018-12-01T06:20:05Z</time>
      </trkpt>
      <trkpt lat="26.9862232" lon="75.8540064">
        <time>2018-12-01T06:20:17Z</time>
      </trkpt>
      <trkpt lat="26.9861811" lon="75.8540053">
        <time>2018-12-01T06:20:18Z</time>
      </trkpt>
      <trkpt lat="26.9857435" lon="75.8540543">
        <time>2018-12-01T06:20:30Z</time>
      </trkpt>
      <trkpt lat="26.9853971" lon="75.8540588">
        <time>2018-12-01T06:20:44Z</time>
      </trkpt>
      <trkpt lat="26.9849958" lon="75.8540136">
        <time>2018-12-01T06:20:57Z</time>
      </trkpt>
      <trkpt lat="26.9844732" lon="75.8538779">
        <time>2018-12-01T06:21:08Z</time>
      </trkpt>
      <trkpt lat="26.9837252" lon="75.8535873">
        <time>2018-12-01T06:21:18Z</time>
      </trkpt>
      <trkpt lat="26.9830054" lon="75.8532089">
        <time>2018-12-01T06:21:28Z</time>
      </trkpt>
      <trkpt lat="26.9829658" lon="75.8531855">
        <time>2018-12-01T06:21:29Z</time>
      </trkpt>
      <trkpt lat="26.9827768" lon="75.8530816">
        <time>2018-12-01T06:21:37Z</time>
      </trkpt>
      <trkpt lat="26.9826791" lon="75.8530092">
        <time>2018-12-01T06:21:48Z</time>
      </trkpt>
      <trkpt lat="26.9827401" lon="75.8530547">
        <time>2018-12-01T06:22:08Z</time>
      </trkpt>
      <trkpt lat="26.9826800" lon="75.8530384">
        <time>2018-12-01T06:22:27Z</time>
      </trkpt>
      <trkpt lat="26.9826730" lon="75.8530517">
        <time>2018-12-01T06:22:43Z</time>
      </trkpt>
      <trkpt lat="26.9826687" lon="75.8530578">
        <time>2018-12-01T06:23:09Z</time>
      </trkpt>
      <trkpt lat="26.9826588" lon="75.8530402">
        <time>2018-12-01T06:23:39Z</time>
      </trkpt>
      <trkpt lat="26.9826593" lon="75.8530375">
        <time>2018-12-01T06:24:09Z</time>
      </trkpt>
      <trkpt lat="26.9826054" lon="75.8529838">
        <time>2018-12-01T06:24:27Z</time>
      </trkpt>
      <trkpt lat="26.9822740" lon="75.8528945">
        <time>2018-12-01T06:24:37Z</time>
      </trkpt>
      <trkpt lat="26.9817258" lon="75.8527553">
        <time>2018-12-01T06:24:47Z</time>
      </trkpt>
      <trkpt lat="26.9808202" lon="75.8525527">
        <time>2018-12-01T06:24:58Z</time>
      </trkpt>
      <trkpt lat="26.9794808" lon="75.8524811">
        <time>2018-12-01T06:25:13Z</time>
      </trkpt>
      <trkpt lat="26.9777514" lon="75.8521851">
        <time>2018-12-01T06:25:32Z</time>
      </trkpt>
      <trkpt lat="26.9766503" lon="75.8518301">
        <time>2018-12-01T06:25:45Z</time>
      </trkpt>
      <trkpt lat="26.9765696" lon="75.8517763">
        <time>2018-12-01T06:25:46Z</time>
      </trkpt>
      <trkpt lat="26.9764983" lon="75.8517192">
        <time>2018-12-01T06:25:47Z</time>
      </trkpt>
      <trkpt lat="26.9758319" lon="75.8512138">
        <time>2018-12-01T06:25:56Z</time>
      </trkpt>
      <trkpt lat="26.9757441" lon="75.8511904">
        <time>2018-12-01T06:25:57Z</time>
      </trkpt>
      <trkpt lat="26.9756631" lon="75.8511838">
        <time>2018-12-01T06:25:58Z</time>
      </trkpt>
      <trkpt lat="26.9755833" lon="75.8511929">
        <time>2018-12-01T06:25:59Z</time>
      </trkpt>
      <trkpt lat="26.9755086" lon="75.8512197">
        <time>2018-12-01T06:26:00Z</time>
      </trkpt>
      <trkpt lat="26.9754403" lon="75.8512611">
        <time>2018-12-01T06:26:01Z</time>
      </trkpt>
      <trkpt lat="26.9753787" lon="75.8513129">
        <time>2018-12-01T06:26:02Z</time>
      </trkpt>
      <trkpt lat="26.9747586" lon="75.8517176">
        <time>2018-12-01T06:26:13Z</time>
      </trkpt>
      <trkpt lat="26.9740886" lon="75.8518445">
        <time>2018-12-01T06:26:26Z</time>
      </trkpt>
      <trkpt lat="26.9737458" lon="75.8518644">
        <time>2018-12-01T06:26:36Z</time>
      </trkpt>
      <trkpt lat="26.9733309" lon="75.8517459">
        <time>2018-12-01T06:26:47Z</time>
      </trkpt>
      <trkpt lat="26.9731880" lon="75.8516982">
        <time>2018-12-01T06:26:50Z</time>
      </trkpt>
      <trkpt lat="26.9731352" lon="75.8516934">
        <time>2018-12-01T06:26:51Z</time>
      </trkpt>
      <trkpt lat="26.9730831" lon="75.8516966">
        <time>2018-12-01T06:26:52Z</time>
      </trkpt>
      <trkpt lat="26.9729912" lon="75.8517190">
        <time>2018-12-01T06:26:54Z</time>
      </trkpt>
      <trkpt lat="26.9728460" lon="75.8517821">
        <time>2018-12-01T06:26:57Z</time>
      </trkpt>
      <trkpt lat="26.9727920" lon="75.8517995">
        <time>2018-12-01T06:26:58Z</time>
      </trkpt>
      <trkpt lat="26.9727373" lon="75.8518131">
        <time>2018-12-01T06:26:59Z</time>
      </trkpt>
      <trkpt lat="26.9726807" lon="75.8518197">
        <time>2018-12-01T06:27:00Z</time>
      </trkpt>
      <trkpt lat="26.9726211" lon="75.8518203">
        <time>2018-12-01T06:27:01Z</time>
      </trkpt>
      <trkpt lat="26.9719445" lon="75.8517174">
        <time>2018-12-01T06:27:13Z</time>
      </trkpt>
      <trkpt lat="26.9713762" lon="75.8516344">
        <time>2018-12-01T06:27:28Z</time>
      </trkpt>
      <trkpt lat="26.9710147" lon="75.8516058">
        <time>2018-12-01T06:27:36Z</time>
      </trkpt>
      <trkpt lat="26.9703396" lon="75.8512549">
        <time>2018-12-01T06:27:50Z</time>
      </trkpt>
      <trkpt lat="26.9702415" lon="75.8511935">
        <time>2018-12-01T06:27:52Z</time>
      </trkpt>
      <trkpt lat="26.9701936" lon="75.8511546">
        <time>2018-12-01T06:27:53Z</time>
      </trkpt>
      <trkpt lat="26.9701405" lon="75.8511172">
        <time>2018-12-01T06:27:54Z</time>
      </trkpt>
      <trkpt lat="26.9701013" lon="75.8510693">
        <time>2018-12-01T06:27:55Z</time>
      </trkpt>
      <trkpt lat="26.9700702" lon="75.8510211">
        <time>2018-12-01T06:27:56Z</time>
      </trkpt>
      <trkpt lat="26.9700519" lon="75.8509696">
        <time>2018-12-01T06:27:57Z</time>
      </trkpt>
      <trkpt lat="26.9700428" lon="75.8509083">
        <time>2018-12-01T06:27:58Z</time>
      </trkpt>
      <trkpt lat="26.9700420" lon="75.8508509">
        <time>2018-12-01T06:27:59Z</time>
      </trkpt>
      <trkpt lat="26.9700458" lon="75.8507915">
        <time>2018-12-01T06:28:00Z</time>
      </trkpt>
      <trkpt lat="26.9700548" lon="75.8507272">
        <time>2018-12-01T06:28:01Z</time>
      </trkpt>
      <trkpt lat="26.9701931" lon="75.8500094">
        <time>2018-12-01T06:28:12Z</time>
      </trkpt>
      <trkpt lat="26.9701915" lon="75.8499382">
        <time>2018-12-01T06:28:13Z</time>
      </trkpt>
      <trkpt lat="26.9701823" lon="75.8498676">
        <time>2018-12-01T06:28:14Z</time>
      </trkpt>
      <trkpt lat="26.9701669" lon="75.8497964">
        <time>2018-12-01T06:28:15Z</time>
      </trkpt>
      <trkpt lat="26.9701440" lon="75.8497248">
        <time>2018-12-01T06:28:16Z</time>
      </trkpt>
      <trkpt lat="26.9701158" lon="75.8496589">
        <time>2018-12-01T06:28:17Z</time>
      </trkpt>
      <trkpt lat="26.9700849" lon="75.8495972">
        <time>2018-12-01T06:28:18Z</time>
      </trkpt>
      <trkpt lat="26.9700484" lon="75.8495375">
        <time>2018-12-01T06:28:19Z</time>
      </trkpt>
      <trkpt lat="26.9700039" lon="75.8494803">
        <time>2018-12-01T06:28:20Z</time>
      </trkpt>
      <trkpt lat="26.9699505" lon="75.8494251">
        <time>2018-12-01T06:28:21Z</time>
      </trkpt>
      <trkpt lat="26.9698965" lon="75.8493753">
        <time>2018-12-01T06:28:22Z</time>
      </trkpt>
      <trkpt lat="26.9697704" lon="75.8492801">
        <time>2018-12-01T06:28:24Z</time>
      </trkpt>
      <trkpt lat="26.9697036" lon="75.8492426">
        <time>2018-12-01T06:28:25Z</time>
      </trkpt>
      <trkpt lat="26.9696360" lon="75.8492123">
        <time>2018-12-01T06:28:26Z</time>
      </trkpt>
      <trkpt lat="26.9695655" lon="75.8491888">
        <time>2018-12-01T06:28:27Z</time>
      </trkpt>
      <trkpt lat="26.9694935" lon="75.8491754">
        <time>2018-12-01T06:28:28Z</time>
      </trkpt>
      <trkpt lat="26.9694157" lon="75.8491669">
        <time>2018-12-01T06:28:29Z</time>
      </trkpt>
      <trkpt lat="26.9685399" lon="75.8490957">
        <time>2018-12-01T06:28:41Z</time>
      </trkpt>
      <trkpt lat="26.9684715" lon="75.8490653">
        <time>2018-12-01T06:28:42Z</time>
      </trkpt>
      <trkpt lat="26.9684063" lon="75.8490216">
        <time>2018-12-01T06:28:43Z</time>
      </trkpt>
      <trkpt lat="26.9683417" lon="75.8489633">
        <time>2018-12-01T06:28:44Z</time>
      </trkpt>
      <trkpt lat="26.9682819" lon="75.8488948">
        <time>2018-12-01T06:28:45Z</time>
      </trkpt>
      <trkpt lat="26.9682281" lon="75.8488154">
        <time>2018-12-01T06:28:46Z</time>
      </trkpt>
      <trkpt lat="26.9681820" lon="75.8487293">
        <time>2018-12-01T06:28:47Z</time>
      </trkpt>
      <trkpt lat="26.9681411" lon="75.8486389">
        <time>2018-12-01T06:28:48Z</time>
      </trkpt>
      <trkpt lat="26.9679815" lon="75.8482154">
        <time>2018-12-01T06:28:53Z</time>
      </trkpt>
      <trkpt lat="26.9679412" lon="75.8481399">
        <time>2018-12-01T06:28:54Z</time>
      </trkpt>
      <trkpt lat="26.9675322" lon="75.8475464">
        <time>2018-12-01T06:29:04Z</time>
      </trkpt>
      <trkpt lat="26.9670173" lon="75.8468370">
        <time>2018-12-01T06:29:14Z</time>
      </trkpt>
      <trkpt lat="26.9668052" lon="75.8465939">
        <time>2018-12-01T06:29:18Z</time>
      </trkpt>
      <trkpt lat="26.9667425" lon="75.8465475">
        <time>2018-12-01T06:29:19Z</time>
      </trkpt>
      <trkpt lat="26.9666726" lon="75.8465102">
        <time>2018-12-01T06:29:20Z</time>
      </trkpt>
      <trkpt lat="26.9666053" lon="75.8464832">
        <time>2018-12-01T06:29:21Z</time>
      </trkpt>
      <trkpt lat="26.9665294" lon="75.8464626">
        <time>2018-12-01T06:29:22Z</time>
      </trkpt>
      <trkpt lat="26.9664454" lon="75.8464488">
        <time>2018-12-01T06:29:23Z</time>
      </trkpt>
      <trkpt lat="26.9663598" lon="75.8464416">
        <time>2018-12-01T06:29:24Z</time>
      </trkpt>
      <trkpt lat="26.9662859" lon="75.8464406">
        <time>2018-12-01T06:29:25Z</time>
      </trkpt>
      <trkpt lat="26.9654457" lon="75.8465468">
        <time>2018-12-01T06:29:36Z</time>
      </trkpt>
      <trkpt lat="26.9645883" lon="75.8468570">
        <time>2018-12-01T06:29:47Z</time>
      </trkpt>
      <trkpt lat="26.9645031" lon="75.8468584">
        <time>2018-12-01T06:29:48Z</time>
      </trkpt>
      <trkpt lat="26.9644160" lon="75.8468481">
        <time>2018-12-01T06:29:49Z</time>
      </trkpt>
      <trkpt lat="26.9643344" lon="75.8468301">
        <time>2018-12-01T06:29:50Z</time>
      </trkpt>
      <trkpt lat="26.9642526" lon="75.8468071">
        <time>2018-12-01T06:29:51Z</time>
      </trkpt>
      <trkpt lat="26.9635885" lon="75.8464687">
        <time>2018-12-01T06:30:01Z</time>
      </trkpt>
      <trkpt lat="26.9630643" lon="75.8461685">
        <time>2018-12-01T06:30:11Z</time>
      </trkpt>
      <trkpt lat="26.9623651" lon="75.8458724">
        <time>2018-12-01T06:30:21Z</time>
      </trkpt>
      <trkpt lat="26.9610142" lon="75.8451993">
        <time>2018-12-01T06:30:37Z</time>
      </trkpt>
      <trkpt lat="26.9602139" lon="75.8449987">
        <time>2018-12-01T06:30:46Z</time>
      </trkpt>
      <trkpt lat="26.9594384" lon="75.8447289">
        <time>2018-12-01T06:30:54Z</time>
      </trkpt>
      <trkpt lat="26.9584552" lon="75.8442451">
        <time>2018-12-01T06:31:06Z</time>
      </trkpt>
      <trkpt lat="26.9579618" lon="75.8440279">
        <time>2018-12-01T06:31:14Z</time>
      </trkpt>
      <trkpt lat="26.9576460" lon="75.8438749">
        <time>2018-12-01T06:31:22Z</time>
      </trkpt>
      <trkpt lat="26.9576764" lon="75.8439031">
        <time>2018-12-01T06:31:31Z</time>
      </trkpt>
      <trkpt lat="26.9576687" lon="75.8439064">
        <time>2018-12-01T06:31:54Z</time>
      </trkpt>
      <trkpt lat="26.9576917" lon="75.8439047">
        <time>2018-12-01T06:32:27Z</time>
      </trkpt>
      <trkpt lat="26.9576871" lon="75.8439154">
        <time>2018-12-01T06:33:02Z</time>
      </trkpt>
      <trkpt lat="26.9576959" lon="75.8439161">
        <time>2018-12-01T06:33:39Z</time>
      </trkpt>
      <trkpt lat="26.9576885" lon="75.8439011">
        <time>2018-12-01T06:34:12Z</time>
      </trkpt>
      <trkpt lat="26.9576971" lon="75.8438975">
        <time>2018-12-01T06:34:52Z</time>
      </trkpt>
      <trkpt lat="26.9577114" lon="75.8438932">
        <time>2018-12-01T06:35:30Z</time>
      </trkpt>
      <trkpt lat="26.9577099" lon="75.8439177">
        <time>2018-12-01T06:36:05Z</time>
      </trkpt>
      <trkpt lat="26.9577141" lon="75.8439054">
        <time>2018-12-01T06:36:37Z</time>
      </trkpt>
      <trkpt lat="26.9577036" lon="75.8439085">
        <time>2018-12-01T06:37:06Z</time>
      </trkpt>
      <trkpt lat="26.9577051" lon="75.8439110">
        <time>2018-12-01T06:37:39Z</time>
      </trkpt>
      <trkpt lat="26.9577183" lon="75.8439161">
        <time>2018-12-01T06:38:10Z</time>
      </trkpt>
      <trkpt lat="26.9577259" lon="75.8439139">
        <time>2018-12-01T06:38:39Z</time>
      </trkpt>
      <trkpt lat="26.9577378" lon="75.8438998">
        <time>2018-12-01T06:39:07Z</time>
      </trkpt>
      <trkpt lat="26.9577300" lon="75.8438868">
        <time>2018-12-01T06:39:36Z</time>
      </trkpt>
      <trkpt lat="26.9577351" lon="75.8438872">
        <time>2018-12-01T06:40:01Z</time>
      </trkpt>
      <trkpt lat="26.9575723" lon="75.8437959">
        <time>2018-12-01T06:40:12Z</time>
      </trkpt>
      <trkpt lat="26.9570588" lon="75.8435207">
        <time>2018-12-01T06:40:23Z</time>
      </trkpt>
      <trkpt lat="26.9560777" lon="75.8431125">
        <time>2018-12-01T06:40:38Z</time>
      </trkpt>
      <trkpt lat="26.9551218" lon="75.8427618">
        <time>2018-12-01T06:40:54Z</time>
      </trkpt>
      <trkpt lat="26.9541901" lon="75.8424789">
        <time>2018-12-01T06:41:08Z</time>
      </trkpt>
      <trkpt lat="26.9538932" lon="75.8423931">
        <time>2018-12-01T06:41:16Z</time>
      </trkpt>
      <trkpt lat="26.9534979" lon="75.8422726">
        <time>2018-12-01T06:41:25Z</time>
      </trkpt>
      <trkpt lat="26.9525796" lon="75.8420059">
        <time>2018-12-01T06:41:38Z</time>
      </trkpt>
      <trkpt lat="26.9512035" lon="75.8416166">
        <time>2018-12-01T06:41:54Z</time>
      </trkpt>
      <trkpt lat="26.9500569" lon="75.8412731">
        <time>2018-12-01T06:42:08Z</time>
      </trkpt>
      <trkpt lat="26.9494201" lon="75.8410575">
        <time>2018-12-01T06:42:18Z</time>
      </trkpt>
      <trkpt lat="26.9485967" lon="75.8407960">
        <time>2018-12-01T06:42:29Z</time>
      </trkpt>
      <trkpt lat="26.9477622" lon="75.8405556">
        <time>2018-12-01T06:42:40Z</time>
      </trkpt>
      <trkpt lat="26.9469824" lon="75.8403299">
        <time>2018-12-01T06:42:52Z</time>
      </trkpt>
      <trkpt lat="26.9463497" lon="75.8402014">
        <time>2018-12-01T06:43:01Z</time>
      </trkpt>
      <trkpt lat="26.9462905" lon="75.8401827">
        <time>2018-12-01T06:43:07Z</time>
      </trkpt>
      <trkpt lat="26.9463480" lon="75.8402018">
        <time>2018-12-01T06:43:30Z</time>
      </trkpt>
      <trkpt lat="26.9463234" lon="75.8402206">
        <time>2018-12-01T06:43:53Z</time>
      </trkpt>
      <trkpt lat="26.9460531" lon="75.8401270">
        <time>2018-12-01T06:44:04Z</time>
      </trkpt>
      <trkpt lat="26.9457365" lon="75.8400562">
        <time>2018-12-01T06:44:16Z</time>
      </trkpt>
      <trkpt lat="26.9452501" lon="75.8399538">
        <time>2018-12-01T06:44:26Z</time>
      </trkpt>
      <trkpt lat="26.9444676" lon="75.8397518">
        <time>2018-12-01T06:44:39Z</time>
      </trkpt>
      <trkpt lat="26.9440760" lon="75.8396503">
        <time>2018-12-01T06:44:48Z</time>
      </trkpt>
      <trkpt lat="26.9438815" lon="75.8395638">
        <time>2018-12-01T06:44:56Z</time>
      </trkpt>
      <trkpt lat="26.9438371" lon="75.8395544">
        <time>2018-12-01T06:44:57Z</time>
      </trkpt>
      <trkpt lat="26.9432517" lon="75.8394460">
        <time>2018-12-01T06:45:07Z</time>
      </trkpt>
      <trkpt lat="26.9425359" lon="75.8392348">
        <time>2018-12-01T06:45:18Z</time>
      </trkpt>
      <trkpt lat="26.9419197" lon="75.8388520">
        <time>2018-12-01T06:45:28Z</time>
      </trkpt>
      <trkpt lat="26.9418047" lon="75.8388097">
        <time>2018-12-01T06:45:35Z</time>
      </trkpt>
      <trkpt lat="26.9417931" lon="75.8388481">
        <time>2018-12-01T06:45:52Z</time>
      </trkpt>
      <trkpt lat="26.9417852" lon="75.8389054">
        <time>2018-12-01T06:46:06Z</time>
      </trkpt>
      <trkpt lat="26.9416877" lon="75.8391535">
        <time>2018-12-01T06:46:17Z</time>
      </trkpt>
      <trkpt lat="26.9416396" lon="75.8392022">
        <time>2018-12-01T06:46:21Z</time>
      </trkpt>
      <trkpt lat="26.9416215" lon="75.8392054">
        <time>2018-12-01T06:46:22Z</time>
      </trkpt>
      <trkpt lat="26.9415934" lon="75.8392071">
        <time>2018-12-01T06:46:23Z</time>
      </trkpt>
      <trkpt lat="26.9415703" lon="75.8392042">
        <time>2018-12-01T06:46:24Z</time>
      </trkpt>
      <trkpt lat="26.9415527" lon="75.8391997">
        <time>2018-12-01T06:46:25Z</time>
      </trkpt>
      <trkpt lat="26.9414894" lon="75.8391577">
        <time>2018-12-01T06:46:37Z</time>
      </trkpt>
      <trkpt lat="26.9414149" lon="75.8391820">
        <time>2018-12-01T06:46:54Z</time>
      </trkpt>
      <trkpt lat="26.9414168" lon="75.8392053">
        <time>2018-12-01T06:47:14Z</time>
      </trkpt>
      <trkpt lat="26.9414370" lon="75.8391852">
        <time>2018-12-01T06:47:28Z</time>
      </trkpt>
      <trkpt lat="26.9414561" lon="75.8392039">
        <time>2018-12-01T06:47:44Z</time>
      </trkpt>
      <trkpt lat="26.9414277" lon="75.8392576">
        <time>2018-12-01T06:48:01Z</time>
      </trkpt>
      <trkpt lat="26.9414305" lon="75.8392896">
        <time>2018-12-01T06:48:17Z</time>
      </trkpt>
      <trkpt lat="26.9414209" lon="75.8393074">
        <time>2018-12-01T06:48:45Z</time>
      </trkpt>
      <trkpt lat="26.9413881" lon="75.8393207">
        <time>2018-12-01T06:49:14Z</time>
      </trkpt>
      <trkpt lat="26.9413866" lon="75.8393143">
        <time>2018-12-01T06:49:43Z</time>
      </trkpt>
      <trkpt lat="26.9413603" lon="75.8393394">
        <time>2018-12-01T06:50:11Z</time>
      </trkpt>
      <trkpt lat="26.9413534" lon="75.8393250">
        <time>2018-12-01T06:50:40Z</time>
      </trkpt>
      <trkpt lat="26.9413423" lon="75.8393329">
        <time>2018-12-01T06:51:06Z</time>
      </trkpt>
      <trkpt lat="26.9413539" lon="75.8393394">
        <time>2018-12-01T06:51:31Z</time>
      </trkpt>
      <trkpt lat="26.9413471" lon="75.8393344">
        <time>2018-12-01T06:51:57Z</time>
      </trkpt>
      <trkpt lat="26.9413294" lon="75.8393733">
        <time>2018-12-01T06:52:29Z</time>
      </trkpt>
      <trkpt lat="26.9413602" lon="75.8393809">
        <time>2018-12-01T06:52:58Z</time>
      </trkpt>
      <trkpt lat="26.9413561" lon="75.8393869">
        <time>2018-12-01T06:53:23Z</time>
      </trkpt>
      <trkpt lat="26.9413594" lon="75.8393848">
        <time>2018-12-01T06:53:47Z</time>
      </trkpt>
      <trkpt lat="26.9413518" lon="75.8393642">
        <time>2018-12-01T06:54:11Z</time>
      </trkpt>
      <trkpt lat="26.9413333" lon="75.8393368">
        <time>2018-12-01T06:54:37Z</time>
      </trkpt>
      <trkpt lat="26.9413400" lon="75.8393093">
        <time>2018-12-01T06:55:03Z</time>
      </trkpt>
      <trkpt lat="26.9413383" lon="75.8393297">
        <time>2018-12-01T06:55:32Z</time>
      </trkpt>
      <trkpt lat="26.9413267" lon="75.8393096">
        <time>2018-12-01T06:56:05Z</time>
      </trkpt>
      <trkpt lat="26.9413246" lon="75.8393002">
        <time>2018-12-01T06:56:39Z</time>
      </trkpt>
      <trkpt lat="26.9413159" lon="75.8393099">
        <time>2018-12-01T06:57:14Z</time>
      </trkpt>
      <trkpt lat="26.9413244" lon="75.8393109">
        <time>2018-12-01T06:57:44Z</time>
      </trkpt>
      <trkpt lat="26.9413210" lon="75.8392954">
        <time>2018-12-01T06:58:18Z</time>
      </trkpt>
      <trkpt lat="26.9413317" lon="75.8393025">
        <time>2018-12-01T06:58:42Z</time>
      </trkpt>
      <trkpt lat="26.9413655" lon="75.8393058">
        <time>2018-12-01T06:59:07Z</time>
      </trkpt>
      <trkpt lat="26.9413787" lon="75.8393153">
        <time>2018-12-01T06:59:31Z</time>
      </trkpt>
      <trkpt lat="26.9413659" lon="75.8393020">
        <time>2018-12-01T06:59:54Z</time>
      </trkpt>
      <trkpt lat="26.9413630" lon="75.8393095">
        <time>2018-12-01T07:00:21Z</time>
      </trkpt>
      <trkpt lat="26.9413634" lon="75.8393073">
        <time>2018-12-01T07:00:50Z</time>
      </trkpt>
      <trkpt lat="26.9413718" lon="75.8392968">
        <time>2018-12-01T07:01:26Z</time>
      </trkpt>
      <trkpt lat="26.9413753" lon="75.8392913">
        <time>2018-12-01T07:02:00Z</time>
      </trkpt>
      <trkpt lat="26.9414023" lon="75.8392901">
        <time>2018-12-01T07:02:31Z</time>
      </trkpt>
      <trkpt lat="26.9414327" lon="75.8392985">
        <time>2018-12-01T07:02:56Z</time>
      </trkpt>
      <trkpt lat="26.9414387" lon="75.8392857">
        <time>2018-12-01T07:03:21Z</time>
      </trkpt>
      <trkpt lat="26.9414686" lon="75.8392784">
        <time>2018-12-01T07:03:45Z</time>
      </trkpt>
      <trkpt lat="26.9414575" lon="75.8393027">
        <time>2018-12-01T07:04:08Z</time>
      </trkpt>
      <trkpt lat="26.9414979" lon="75.8393207">
        <time>2018-12-01T07:04:33Z</time>
      </trkpt>
      <trkpt lat="26.9414728" lon="75.8393234">
        <time>2018-12-01T07:05:02Z</time>
      </trkpt>
      <trkpt lat="26.9414405" lon="75.8393210">
        <time>2018-12-01T07:05:30Z</time>
      </trkpt>
      <trkpt lat="26.9414852" lon="75.8393073">
        <time>2018-12-01T07:05:59Z</time>
      </trkpt>
      <trkpt lat="26.9414681" lon="75.8393080">
        <time>2018-12-01T07:06:26Z</time>
      </trkpt>
      <trkpt lat="26.9415002" lon="75.8392892">
        <time>2018-12-01T07:06:55Z</time>
      </trkpt>
      <trkpt lat="26.9414806" lon="75.8392911">
        <time>2018-12-01T07:07:22Z</time>
      </trkpt>
      <trkpt lat="26.9414635" lon="75.8393087">
        <time>2018-12-01T07:07:47Z</time>
      </trkpt>
      <trkpt lat="26.9414857" lon="75.8393193">
        <time>2018-12-01T07:08:14Z</time>
      </trkpt>
      <trkpt lat="26.9414566" lon="75.8393174">
        <time>2018-12-01T07:08:39Z</time>
      </trkpt>
      <trkpt lat="26.9414434" lon="75.8393032">
        <time>2018-12-01T07:09:12Z</time>
      </trkpt>
      <trkpt lat="26.9414447" lon="75.8392951">
        <time>2018-12-01T07:09:48Z</time>
      </trkpt>
      <trkpt lat="26.9414060" lon="75.8392840">
        <time>2018-12-01T07:10:19Z</time>
      </trkpt>
      <trkpt lat="26.9414090" lon="75.8392778">
        <time>2018-12-01T07:10:50Z</time>
      </trkpt>
      <trkpt lat="26.9414249" lon="75.8392896">
        <time>2018-12-01T07:11:15Z</time>
      </trkpt>
      <trkpt lat="26.9414316" lon="75.8392907">
        <time>2018-12-01T07:11:39Z</time>
      </trkpt>
      <trkpt lat="26.9414236" lon="75.8392837">
        <time>2018-12-01T07:12:18Z</time>
      </trkpt>
      <trkpt lat="26.9414312" lon="75.8392770">
        <time>2018-12-01T07:12:53Z</time>
      </trkpt>
      <trkpt lat="26.9414029" lon="75.8392861">
        <time>2018-12-01T07:13:20Z</time>
      </trkpt>
      <trkpt lat="26.9414122" lon="75.8392959">
        <time>2018-12-01T07:13:57Z</time>
      </trkpt>
      <trkpt lat="26.9414157" lon="75.8393118">
        <time>2018-12-01T07:14:27Z</time>
      </trkpt>
      <trkpt lat="26.9414270" lon="75.8393229">
        <time>2018-12-01T07:14:56Z</time>
      </trkpt>
      <trkpt lat="26.9414429" lon="75.8393239">
        <time>2018-12-01T07:15:27Z</time>
      </trkpt>
      <trkpt lat="26.9414376" lon="75.8393586">
        <time>2018-12-01T07:15:57Z</time>
      </trkpt>
      <trkpt lat="26.9414572" lon="75.8393605">
        <time>2018-12-01T07:16:23Z</time>
      </trkpt>
      <trkpt lat="26.9414283" lon="75.8393130">
        <time>2018-12-01T07:16:50Z</time>
      </trkpt>
      <trkpt lat="26.9414274" lon="75.8393021">
        <time>2018-12-01T07:17:21Z</time>
      </trkpt>
      <trkpt lat="26.9414424" lon="75.8393398">
        <time>2018-12-01T07:17:55Z</time>
      </trkpt>
      <trkpt lat="26.9414167" lon="75.8393606">
        <time>2018-12-01T07:18:30Z</time>
      </trkpt>
      <trkpt lat="26.9414371" lon="75.8393406">
        <time>2018-12-01T07:19:01Z</time>
      </trkpt>
      <trkpt lat="26.9414336" lon="75.8393393">
        <time>2018-12-01T07:19:36Z</time>
      </trkpt>
      <trkpt lat="26.9414336" lon="75.8393446">
        <time>2018-12-01T07:20:04Z</time>
      </trkpt>
      <trkpt lat="26.9414239" lon="75.8393433">
        <time>2018-12-01T07:20:38Z</time>
      </trkpt>
      <trkpt lat="26.9414067" lon="75.8393321">
        <time>2018-12-01T07:21:11Z</time>
      </trkpt>
      <trkpt lat="26.9414225" lon="75.8393429">
        <time>2018-12-01T07:21:48Z</time>
      </trkpt>
      <trkpt lat="26.9414198" lon="75.8393528">
        <time>2018-12-01T07:22:23Z</time>
      </trkpt>
      <trkpt lat="26.9414096" lon="75.8393231">
        <time>2018-12-01T07:22:57Z</time>
      </trkpt>
      <trkpt lat="26.9414133" lon="75.8393159">
        <time>2018-12-01T07:23:26Z</time>
      </trkpt>
      <trkpt lat="26.9414322" lon="75.8393210">
        <time>2018-12-01T07:23:48Z</time>
      </trkpt>
      <trkpt lat="26.9414160" lon="75.8393161">
        <time>2018-12-01T07:24:13Z</time>
      </trkpt>
      <trkpt lat="26.9414215" lon="75.8393132">
        <time>2018-12-01T07:24:43Z</time>
      </trkpt>
      <trkpt lat="26.9414200" lon="75.8393225">
        <time>2018-12-01T07:25:13Z</time>
      </trkpt>
      <trkpt lat="26.9414541" lon="75.8393315">
        <time>2018-12-01T07:25:49Z</time>
      </trkpt>
      <trkpt lat="26.9414452" lon="75.8393208">
        <time>2018-12-01T07:26:23Z</time>
      </trkpt>
      <trkpt lat="26.9414263" lon="75.8393123">
        <time>2018-12-01T07:26:57Z</time>
      </trkpt>
      <trkpt lat="26.9414275" lon="75.8393304">
        <time>2018-12-01T07:27:26Z</time>
      </trkpt>
      <trkpt lat="26.9414256" lon="75.8393380">
        <time>2018-12-01T07:27:57Z</time>
      </trkpt>
      <trkpt lat="26.9414316" lon="75.8393312">
        <time>2018-12-01T07:28:25Z</time>
      </trkpt>
      <trkpt lat="26.9414443" lon="75.8393343">
        <time>2018-12-01T07:29:00Z</time>
      </trkpt>
      <trkpt lat="26.9414395" lon="75.8393542">
        <time>2018-12-01T07:29:31Z</time>
      </trkpt>
      <trkpt lat="26.9414465" lon="75.8393619">
        <time>2018-12-01T07:29:58Z</time>
      </trkpt>
      <trkpt lat="26.9414465" lon="75.8393757">
        <time>2018-12-01T07:30:22Z</time>
      </trkpt>
      <trkpt lat="26.9414265" lon="75.8393704">
        <time>2018-12-01T07:30:44Z</time>
      </trkpt>
      <trkpt lat="26.9414436" lon="75.8393592">
        <time>2018-12-01T07:31:05Z</time>
      </trkpt>
      <trkpt lat="26.9414467" lon="75.8393607">
        <time>2018-12-01T07:31:26Z</time>
      </trkpt>
      <trkpt lat="26.9414443" lon="75.8393405">
        <time>2018-12-01T07:31:49Z</time>
      </trkpt>
      <trkpt lat="26.9414527" lon="75.8393394">
        <time>2018-12-01T07:32:11Z</time>
      </trkpt>
      <trkpt lat="26.9414471" lon="75.8393478">
        <time>2018-12-01T07:32:34Z</time>
      </trkpt>
      <trkpt lat="26.9414446" lon="75.8393520">
        <time>2018-12-01T07:32:56Z</time>
      </trkpt>
      <trkpt lat="26.9414496" lon="75.8393620">
        <time>2018-12-01T07:33:19Z</time>
      </trkpt>
      <trkpt lat="26.9414539" lon="75.8393741">
        <time>2018-12-01T07:33:39Z</time>
      </trkpt>
      <trkpt lat="26.9414646" lon="75.8393882">
        <time>2018-12-01T07:33:56Z</time>
      </trkpt>
      <trkpt lat="26.9414856" lon="75.8393977">
        <time>2018-12-01T07:34:16Z</time>
      </trkpt>
      <trkpt lat="26.9414919" lon="75.8393840">
        <time>2018-12-01T07:34:36Z</time>
      </trkpt>
      <trkpt lat="26.9414664" lon="75.8393527">
        <time>2018-12-01T07:34:57Z</time>
      </trkpt>
      <trkpt lat="26.9414627" lon="75.8393564">
        <time>2018-12-01T07:35:19Z</time>
      </trkpt>
      <trkpt lat="26.9414417" lon="75.8393403">
        <time>2018-12-01T07:35:42Z</time>
      </trkpt>
      <trkpt lat="26.9414378" lon="75.8393296">
        <time>2018-12-01T07:36:05Z</time>
      </trkpt>
      <trkpt lat="26.9414166" lon="75.8393476">
        <time>2018-12-01T07:36:31Z</time>
      </trkpt>
      <trkpt lat="26.9414047" lon="75.8393659">
        <time>2018-12-01T07:36:56Z</time>
      </trkpt>
      <trkpt lat="26.9414237" lon="75.8393798">
        <time>2018-12-01T07:37:17Z</time>
      </trkpt>
      <trkpt lat="26.9414175" lon="75.8393918">
        <time>2018-12-01T07:37:57Z</time>
      </trkpt>
      <trkpt lat="26.9414336" lon="75.8393769">
        <time>2018-12-01T07:38:25Z</time>
      </trkpt>
      <trkpt lat="26.9414427" lon="75.8393743">
        <time>2018-12-01T07:38:50Z</time>
      </trkpt>
      <trkpt lat="26.9414717" lon="75.8393750">
        <time>2018-12-01T07:39:13Z</time>
      </trkpt>
      <trkpt lat="26.9414989" lon="75.8393840">
        <time>2018-12-01T07:39:37Z</time>
      </trkpt>
      <trkpt lat="26.9415073" lon="75.8393913">
        <time>2018-12-01T07:39:59Z</time>
      </trkpt>
      <trkpt lat="26.9415036" lon="75.8393901">
        <time>2018-12-01T07:40:19Z</time>
      </trkpt>
      <trkpt lat="26.9414984" lon="75.8393827">
        <time>2018-12-01T07:40:42Z</time>
      </trkpt>
      <trkpt lat="26.9414901" lon="75.8393736">
        <time>2018-12-01T07:41:07Z</time>
      </trkpt>
      <trkpt lat="26.9414881" lon="75.8393618">
        <time>2018-12-01T07:41:34Z</time>
      </trkpt>
      <trkpt lat="26.9414637" lon="75.8393234">
        <time>2018-12-01T07:42:01Z</time>
      </trkpt>
      <trkpt lat="26.9414580" lon="75.8393212">
        <time>2018-12-01T07:42:21Z</time>
      </trkpt>
      <trkpt lat="26.9414552" lon="75.8393193">
        <time>2018-12-01T07:42:43Z</time>
      </trkpt>
      <trkpt lat="26.9414453" lon="75.8393247">
        <time>2018-12-01T07:43:09Z</time>
      </trkpt>
      <trkpt lat="26.9414284" lon="75.8393276">
        <time>2018-12-01T07:43:34Z</time>
      </trkpt>
      <trkpt lat="26.9414385" lon="75.8393425">
        <time>2018-12-01T07:44:02Z</time>
      </trkpt>
      <trkpt lat="26.9414624" lon="75.8393446">
        <time>2018-12-01T07:44:33Z</time>
      </trkpt>
      <trkpt lat="26.9414521" lon="75.8393434">
        <time>2018-12-01T07:45:00Z</time>
      </trkpt>
      <trkpt lat="26.9414324" lon="75.8393238">
        <time>2018-12-01T07:45:27Z</time>
      </trkpt>
      <trkpt lat="26.9414246" lon="75.8393465">
        <time>2018-12-01T07:45:58Z</time>
      </trkpt>
      <trkpt lat="26.9414127" lon="75.8393369">
        <time>2018-12-01T07:46:33Z</time>
      </trkpt>
      <trkpt lat="26.9413964" lon="75.8392998">
        <time>2018-12-01T07:47:02Z</time>
      </trkpt>
      <trkpt lat="26.9413931" lon="75.8393034">
        <time>2018-12-01T07:47:35Z</time>
      </trkpt>
      <trkpt lat="26.9413917" lon="75.8393050">
        <time>2018-12-01T07:48:07Z</time>
      </trkpt>
      <trkpt lat="26.9413953" lon="75.8393013">
        <time>2018-12-01T07:48:37Z</time>
      </trkpt>
      <trkpt lat="26.9413959" lon="75.8393127">
        <time>2018-12-01T07:49:13Z</time>
      </trkpt>
      <trkpt lat="26.9413982" lon="75.8393229">
        <time>2018-12-01T07:49:47Z</time>
      </trkpt>
      <trkpt lat="26.9413932" lon="75.8393325">
        <time>2018-12-01T07:50:18Z</time>
      </trkpt>
      <trkpt lat="26.9414044" lon="75.8393327">
        <time>2018-12-01T07:50:49Z</time>
      </trkpt>
      <trkpt lat="26.9414048" lon="75.8393393">
        <time>2018-12-01T07:51:17Z</time>
      </trkpt>
      <trkpt lat="26.9414029" lon="75.8393374">
        <time>2018-12-01T07:51:51Z</time>
      </trkpt>
      <trkpt lat="26.9414170" lon="75.8393290">
        <time>2018-12-01T07:52:18Z</time>
      </trkpt>
      <trkpt lat="26.9414020" lon="75.8393305">
        <time>2018-12-01T07:52:47Z</time>
      </trkpt>
      <trkpt lat="26.9414037" lon="75.8393196">
        <time>2018-12-01T07:53:19Z</time>
      </trkpt>
      <trkpt lat="26.9414132" lon="75.8393079">
        <time>2018-12-01T07:53:51Z</time>
      </trkpt>
      <trkpt lat="26.9414096" lon="75.8393192">
        <time>2018-12-01T07:54:18Z</time>
      </trkpt>
      <trkpt lat="26.9414113" lon="75.8393062">
        <time>2018-12-01T07:54:45Z</time>
      </trkpt>
      <trkpt lat="26.9414288" lon="75.8393123">
        <time>2018-12-01T07:55:13Z</time>
      </trkpt>
      <trkpt lat="26.9414303" lon="75.8393049">
        <time>2018-12-01T07:55:43Z</time>
      </trkpt>
      <trkpt lat="26.9414141" lon="75.8392872">
        <time>2018-12-01T07:56:05Z</time>
      </trkpt>
      <trkpt lat="26.9414269" lon="75.8392974">
        <time>2018-12-01T07:56:28Z</time>
      </trkpt>
      <trkpt lat="26.9414399" lon="75.8392956">
        <time>2018-12-01T07:57:01Z</time>
      </trkpt>
      <trkpt lat="26.9414174" lon="75.8393109">
        <time>2018-12-01T07:57:36Z</time>
      </trkpt>
      <trkpt lat="26.9414062" lon="75.8393119">
        <time>2018-12-01T07:58:02Z</time>
      </trkpt>
      <trkpt lat="26.9413989" lon="75.8393095">
        <time>2018-12-01T07:58:35Z</time>
      </trkpt>
      <trkpt lat="26.9413776" lon="75.8393102">
        <time>2018-12-01T07:59:05Z</time>
      </trkpt>
      <trkpt lat="26.9413781" lon="75.8393032">
        <time>2018-12-01T07:59:36Z</time>
      </trkpt>
      <trkpt lat="26.9413756" lon="75.8392946">
        <time>2018-12-01T08:00:04Z</time>
      </trkpt>
      <trkpt lat="26.9413864" lon="75.8392861">
        <time>2018-12-01T08:00:37Z</time>
      </trkpt>
      <trkpt lat="26.9413948" lon="75.8392892">
        <time>2018-12-01T08:01:09Z</time>
      </trkpt>
      <trkpt lat="26.9413881" lon="75.8392749">
        <time>2018-12-01T08:01:37Z</time>
      </trkpt>
      <trkpt lat="26.9413975" lon="75.8392903">
        <time>2018-12-01T08:02:00Z</time>
      </trkpt>
      <trkpt lat="26.9414140" lon="75.8393019">
        <time>2018-12-01T08:02:25Z</time>
      </trkpt>
      <trkpt lat="26.9414381" lon="75.8393084">
        <time>2018-12-01T08:02:47Z</time>
      </trkpt>
      <trkpt lat="26.9414393" lon="75.8393156">
        <time>2018-12-01T08:03:08Z</time>
      </trkpt>
      <trkpt lat="26.9414289" lon="75.8393367">
        <time>2018-12-01T08:03:34Z</time>
      </trkpt>
      <trkpt lat="26.9414618" lon="75.8392585">
        <time>2018-12-01T08:03:51Z</time>
      </trkpt>
      <trkpt lat="26.9414925" lon="75.8392288">
        <time>2018-12-01T08:04:10Z</time>
      </trkpt>
      <trkpt lat="26.9415578" lon="75.8392006">
        <time>2018-12-01T08:04:26Z</time>
      </trkpt>
      <trkpt lat="26.9416209" lon="75.8391453">
        <time>2018-12-01T08:04:43Z</time>
      </trkpt>
      <trkpt lat="26.9416494" lon="75.8390363">
        <time>2018-12-01T08:05:03Z</time>
      </trkpt>
      <trkpt lat="26.9416599" lon="75.8390033">
        <time>2018-12-01T08:05:05Z</time>
      </trkpt>
      <trkpt lat="26.9417371" lon="75.8388308">
        <time>2018-12-01T08:05:18Z</time>
      </trkpt>
      <trkpt lat="26.9417259" lon="75.8387736">
        <time>2018-12-01T08:05:23Z</time>
      </trkpt>
      <trkpt lat="26.9414574" lon="75.8385366">
        <time>2018-12-01T08:05:33Z</time>
      </trkpt>
      <trkpt lat="26.9408848" lon="75.8381399">
        <time>2018-12-01T08:05:47Z</time>
      </trkpt>
      <trkpt lat="26.9405811" lon="75.8379411">
        <time>2018-12-01T08:05:57Z</time>
      </trkpt>
      <trkpt lat="26.9403584" lon="75.8377977">
        <time>2018-12-01T08:06:14Z</time>
      </trkpt>
      <trkpt lat="26.9401523" lon="75.8376895">
        <time>2018-12-01T08:06:34Z</time>
      </trkpt>
      <trkpt lat="26.9401354" lon="75.8376896">
        <time>2018-12-01T08:06:53Z</time>
      </trkpt>
      <trkpt lat="26.9401203" lon="75.8376744">
        <time>2018-12-01T08:07:16Z</time>
      </trkpt>
      <trkpt lat="26.9401192" lon="75.8376627">
        <time>2018-12-01T08:07:40Z</time>
      </trkpt>
      <trkpt lat="26.9400025" lon="75.8375608">
        <time>2018-12-01T08:07:53Z</time>
      </trkpt>
      <trkpt lat="26.9395296" lon="75.8371721">
        <time>2018-12-01T08:08:09Z</time>
      </trkpt>
      <trkpt lat="26.9392619" lon="75.8369822">
        <time>2018-12-01T08:08:21Z</time>
      </trkpt>
      <trkpt lat="26.9392573" lon="75.8369174">
        <time>2018-12-01T08:08:32Z</time>
      </trkpt>
      <trkpt lat="26.9392895" lon="75.8369063">
        <time>2018-12-01T08:08:35Z</time>
      </trkpt>
      <trkpt lat="26.9393070" lon="75.8369052">
        <time>2018-12-01T08:08:36Z</time>
      </trkpt>
      <trkpt lat="26.9393225" lon="75.8369065">
        <time>2018-12-01T08:08:37Z</time>
      </trkpt>
      <trkpt lat="26.9393477" lon="75.8369128">
        <time>2018-12-01T08:08:38Z</time>
      </trkpt>
      <trkpt lat="26.9393697" lon="75.8369185">
        <time>2018-12-01T08:08:39Z</time>
      </trkpt>
      <trkpt lat="26.9393965" lon="75.8369293">
        <time>2018-12-01T08:08:40Z</time>
      </trkpt>
      <trkpt lat="26.9397775" lon="75.8372213">
        <time>2018-12-01T08:08:51Z</time>
      </trkpt>
      <trkpt lat="26.9401533" lon="75.8375058">
        <time>2018-12-01T08:09:02Z</time>
      </trkpt>
      <trkpt lat="26.9401773" lon="75.8375291">
        <time>2018-12-01T08:09:11Z</time>
      </trkpt>
      <trkpt lat="26.9402357" lon="75.8375905">
        <time>2018-12-01T08:09:28Z</time>
      </trkpt>
      <trkpt lat="26.9405292" lon="75.8377999">
        <time>2018-12-01T08:09:38Z</time>
      </trkpt>
      <trkpt lat="26.9410672" lon="75.8381392">
        <time>2018-12-01T08:09:48Z</time>
      </trkpt>
      <trkpt lat="26.9418964" lon="75.8387300">
        <time>2018-12-01T08:10:03Z</time>
      </trkpt>
      <trkpt lat="26.9427525" lon="75.8392413">
        <time>2018-12-01T08:10:15Z</time>
      </trkpt>
      <trkpt lat="26.9434468" lon="75.8394120">
        <time>2018-12-01T08:10:23Z</time>
      </trkpt>
      <trkpt lat="26.9439286" lon="75.8394998">
        <time>2018-12-01T08:10:31Z</time>
      </trkpt>
      <trkpt lat="26.9444369" lon="75.8396321">
        <time>2018-12-01T08:10:40Z</time>
      </trkpt>
      <trkpt lat="26.9454024" lon="75.8398659">
        <time>2018-12-01T08:10:54Z</time>
      </trkpt>
      <trkpt lat="26.9456176" lon="75.8399149">
        <time>2018-12-01T08:11:01Z</time>
      </trkpt>
      <trkpt lat="26.9455858" lon="75.8398929">
        <time>2018-12-01T08:11:17Z</time>
      </trkpt>
      <trkpt lat="26.9456406" lon="75.8399028">
        <time>2018-12-01T08:11:38Z</time>
      </trkpt>
      <trkpt lat="26.9461199" lon="75.8399963">
        <time>2018-12-01T08:11:54Z</time>
      </trkpt>
      <trkpt lat="26.9466822" lon="75.8401476">
        <time>2018-12-01T08:12:08Z</time>
      </trkpt>
      <trkpt lat="26.9472326" lon="75.8402911">
        <time>2018-12-01T08:12:23Z</time>
      </trkpt>
      <trkpt lat="26.9473475" lon="75.8402944">
        <time>2018-12-01T08:12:34Z</time>
      </trkpt>
      <trkpt lat="26.9473197" lon="75.8403213">
        <time>2018-12-01T08:12:54Z</time>
      </trkpt>
      <trkpt lat="26.9473341" lon="75.8403370">
        <time>2018-12-01T08:13:13Z</time>
      </trkpt>
      <trkpt lat="26.9473332" lon="75.8403129">
        <time>2018-12-01T08:13:34Z</time>
      </trkpt>
      <trkpt lat="26.9473318" lon="75.8403091">
        <time>2018-12-01T08:13:53Z</time>
      </trkpt>
      <trkpt lat="26.9473864" lon="75.8403172">
        <time>2018-12-01T08:14:14Z</time>
      </trkpt>
      <trkpt lat="26.9473862" lon="75.8403169">
        <time>2018-12-01T08:14:33Z</time>
      </trkpt>
      <trkpt lat="26.9473883" lon="75.8403164">
        <time>2018-12-01T08:14:53Z</time>
      </trkpt>
      <trkpt lat="26.9474020" lon="75.8403085">
        <time>2018-12-01T08:15:12Z</time>
      </trkpt>
      <trkpt lat="26.9474339" lon="75.8402939">
        <time>2018-12-01T08:15:32Z</time>
      </trkpt>
      <trkpt lat="26.9478433" lon="75.8404698">
        <time>2018-12-01T08:15:43Z</time>
      </trkpt>
      <trkpt lat="26.9485987" lon="75.8406925">
        <time>2018-12-01T08:15:55Z</time>
      </trkpt>
      <trkpt lat="26.9496542" lon="75.8409909">
        <time>2018-12-01T08:16:08Z</time>
      </trkpt>
      <trkpt lat="26.9508109" lon="75.8413256">
        <time>2018-12-01T08:16:22Z</time>
      </trkpt>
      <trkpt lat="26.9519293" lon="75.8416696">
        <time>2018-12-01T08:16:36Z</time>
      </trkpt>
      <trkpt lat="26.9531760" lon="75.8420547">
        <time>2018-12-01T08:16:50Z</time>
      </trkpt>
      <trkpt lat="26.9540405" lon="75.8423232">
        <time>2018-12-01T08:17:00Z</time>
      </trkpt>
      <trkpt lat="26.9548809" lon="75.8425534">
        <time>2018-12-01T08:17:11Z</time>
      </trkpt>
      <trkpt lat="26.9557155" lon="75.8428707">
        <time>2018-12-01T08:17:21Z</time>
      </trkpt>
      <trkpt lat="26.9566036" lon="75.8432122">
        <time>2018-12-01T08:17:31Z</time>
      </trkpt>
      <trkpt lat="26.9574590" lon="75.8436148">
        <time>2018-12-01T08:17:41Z</time>
      </trkpt>
      <trkpt lat="26.9584867" lon="75.8440999">
        <time>2018-12-01T08:17:53Z</time>
      </trkpt>
      <trkpt lat="26.9598510" lon="75.8447844">
        <time>2018-12-01T08:18:09Z</time>
      </trkpt>
      <trkpt lat="26.9604988" lon="75.8449528">
        <time>2018-12-01T08:18:17Z</time>
      </trkpt>
      <trkpt lat="26.9608064" lon="75.8449781">
        <time>2018-12-01T08:18:25Z</time>
      </trkpt>
      <trkpt lat="26.9608598" lon="75.8449885">
        <time>2018-12-01T08:18:26Z</time>
      </trkpt>
      <trkpt lat="26.9609173" lon="75.8450044">
        <time>2018-12-01T08:18:27Z</time>
      </trkpt>
      <trkpt lat="26.9616117" lon="75.8453324">
        <time>2018-12-01T08:18:37Z</time>
      </trkpt>
      <trkpt lat="26.9627437" lon="75.8459216">
        <time>2018-12-01T08:18:50Z</time>
      </trkpt>
      <trkpt lat="26.9636516" lon="75.8463720">
        <time>2018-12-01T08:19:03Z</time>
      </trkpt>
      <trkpt lat="26.9643170" lon="75.8466594">
        <time>2018-12-01T08:19:15Z</time>
      </trkpt>
      <trkpt lat="26.9647401" lon="75.8468019">
        <time>2018-12-01T08:19:25Z</time>
      </trkpt>
      <trkpt lat="26.9650465" lon="75.8467346">
        <time>2018-12-01T08:19:35Z</time>
      </trkpt>
      <trkpt lat="26.9657008" lon="75.8464797">
        <time>2018-12-01T08:19:48Z</time>
      </trkpt>
      <trkpt lat="26.9664047" lon="75.8464408">
        <time>2018-12-01T08:19:57Z</time>
      </trkpt>
      <trkpt lat="26.9667304" lon="75.8464916">
        <time>2018-12-01T08:20:01Z</time>
      </trkpt>
      <trkpt lat="26.9668012" lon="75.8465284">
        <time>2018-12-01T08:20:02Z</time>
      </trkpt>
      <trkpt lat="26.9668643" lon="75.8465705">
        <time>2018-12-01T08:20:03Z</time>
      </trkpt>
      <trkpt lat="26.9669300" lon="75.8466276">
        <time>2018-12-01T08:20:04Z</time>
      </trkpt>
      <trkpt lat="26.9669884" lon="75.8466927">
        <time>2018-12-01T08:20:05Z</time>
      </trkpt>
      <trkpt lat="26.9670410" lon="75.8467585">
        <time>2018-12-01T08:20:06Z</time>
      </trkpt>
      <trkpt lat="26.9670931" lon="75.8468305">
        <time>2018-12-01T08:20:07Z</time>
      </trkpt>
      <trkpt lat="26.9674494" lon="75.8473208">
        <time>2018-12-01T08:20:16Z</time>
      </trkpt>
      <trkpt lat="26.9676813" lon="75.8476501">
        <time>2018-12-01T08:20:26Z</time>
      </trkpt>
      <trkpt lat="26.9680810" lon="75.8481927">
        <time>2018-12-01T08:20:41Z</time>
      </trkpt>
      <trkpt lat="26.9683303" lon="75.8487874">
        <time>2018-12-01T08:20:50Z</time>
      </trkpt>
      <trkpt lat="26.9684099" lon="75.8489121">
        <time>2018-12-01T08:20:52Z</time>
      </trkpt>
      <trkpt lat="26.9684579" lon="75.8489682">
        <time>2018-12-01T08:20:53Z</time>
      </trkpt>
      <trkpt lat="26.9685095" lon="75.8490193">
        <time>2018-12-01T08:20:54Z</time>
      </trkpt>
      <trkpt lat="26.9685642" lon="75.8490640">
        <time>2018-12-01T08:20:55Z</time>
      </trkpt>
      <trkpt lat="26.9686218" lon="75.8491049">
        <time>2018-12-01T08:20:56Z</time>
      </trkpt>
      <trkpt lat="26.9686843" lon="75.8491382">
        <time>2018-12-01T08:20:57Z</time>
      </trkpt>
      <trkpt lat="26.9687510" lon="75.8491635">
        <time>2018-12-01T08:20:58Z</time>
      </trkpt>
      <trkpt lat="26.9688185" lon="75.8491829">
        <time>2018-12-01T08:20:59Z</time>
      </trkpt>
      <trkpt lat="26.9688857" lon="75.8491961">
        <time>2018-12-01T08:21:00Z</time>
      </trkpt>
      <trkpt lat="26.9697232" lon="75.8492769">
        <time>2018-12-01T08:21:13Z</time>
      </trkpt>
      <trkpt lat="26.9697807" lon="75.8492960">
        <time>2018-12-01T08:21:14Z</time>
      </trkpt>
      <trkpt lat="26.9698362" lon="75.8493221">
        <time>2018-12-01T08:21:15Z</time>
      </trkpt>
      <trkpt lat="26.9698903" lon="75.8493546">
        <time>2018-12-01T08:21:16Z</time>
      </trkpt>
      <trkpt lat="26.9699431" lon="75.8493919">
        <time>2018-12-01T08:21:17Z</time>
      </trkpt>
      <trkpt lat="26.9699944" lon="75.8494320">
        <time>2018-12-01T08:21:18Z</time>
      </trkpt>
      <trkpt lat="26.9700442" lon="75.8494747">
        <time>2018-12-01T08:21:19Z</time>
      </trkpt>
      <trkpt lat="26.9700895" lon="75.8495259">
        <time>2018-12-01T08:21:20Z</time>
      </trkpt>
      <trkpt lat="26.9701294" lon="75.8495841">
        <time>2018-12-01T08:21:21Z</time>
      </trkpt>
      <trkpt lat="26.9701687" lon="75.8496463">
        <time>2018-12-01T08:21:22Z</time>
      </trkpt>
      <trkpt lat="26.9702037" lon="75.8497131">
        <time>2018-12-01T08:21:23Z</time>
      </trkpt>
      <trkpt lat="26.9702363" lon="75.8497785">
        <time>2018-12-01T08:21:24Z</time>
      </trkpt>
      <trkpt lat="26.9702638" lon="75.8498421">
        <time>2018-12-01T08:21:25Z</time>
      </trkpt>
      <trkpt lat="26.9702804" lon="75.8499101">
        <time>2018-12-01T08:21:26Z</time>
      </trkpt>
      <trkpt lat="26.9702862" lon="75.8499893">
        <time>2018-12-01T08:21:27Z</time>
      </trkpt>
      <trkpt lat="26.9702874" lon="75.8500643">
        <time>2018-12-01T08:21:28Z</time>
      </trkpt>
      <trkpt lat="26.9702794" lon="75.8501494">
        <time>2018-12-01T08:21:29Z</time>
      </trkpt>
      <trkpt lat="26.9702676" lon="75.8502286">
        <time>2018-12-01T08:21:30Z</time>
      </trkpt>
      <trkpt lat="26.9702543" lon="75.8503041">
        <time>2018-12-01T08:21:31Z</time>
      </trkpt>
      <trkpt lat="26.9701249" lon="75.8509244">
        <time>2018-12-01T08:21:39Z</time>
      </trkpt>
      <trkpt lat="26.9701312" lon="75.8510030">
        <time>2018-12-01T08:21:40Z</time>
      </trkpt>
      <trkpt lat="26.9701483" lon="75.8510795">
        <time>2018-12-01T08:21:41Z</time>
      </trkpt>
      <trkpt lat="26.9701751" lon="75.8511382">
        <time>2018-12-01T08:21:42Z</time>
      </trkpt>
      <trkpt lat="26.9702110" lon="75.8511866">
        <time>2018-12-01T08:21:43Z</time>
      </trkpt>
      <trkpt lat="26.9702550" lon="75.8512299">
        <time>2018-12-01T08:21:44Z</time>
      </trkpt>
      <trkpt lat="26.9703080" lon="75.8512685">
        <time>2018-12-01T08:21:45Z</time>
      </trkpt>
      <trkpt lat="26.9703602" lon="75.8513028">
        <time>2018-12-01T08:21:46Z</time>
      </trkpt>
      <trkpt lat="26.9704170" lon="75.8513359">
        <time>2018-12-01T08:21:47Z</time>
      </trkpt>
      <trkpt lat="26.9712848" lon="75.8517505">
        <time>2018-12-01T08:22:00Z</time>
      </trkpt>
      <trkpt lat="26.9720790" lon="75.8519007">
        <time>2018-12-01T08:22:09Z</time>
      </trkpt>
      <trkpt lat="26.9728746" lon="75.8519314">
        <time>2018-12-01T08:22:18Z</time>
      </trkpt>
      <trkpt lat="26.9729482" lon="75.8519147">
        <time>2018-12-01T08:22:19Z</time>
      </trkpt>
      <trkpt lat="26.9731920" lon="75.8517988">
        <time>2018-12-01T08:22:22Z</time>
      </trkpt>
      <trkpt lat="26.9732722" lon="75.8517839">
        <time>2018-12-01T08:22:23Z</time>
      </trkpt>
      <trkpt lat="26.9733524" lon="75.8517862">
        <time>2018-12-01T08:22:24Z</time>
      </trkpt>
      <trkpt lat="26.9734291" lon="75.8517982">
        <time>2018-12-01T08:22:25Z</time>
      </trkpt>
      <trkpt lat="26.9735118" lon="75.8518139">
        <time>2018-12-01T08:22:26Z</time>
      </trkpt>
      <trkpt lat="26.9738325" lon="75.8518828">
        <time>2018-12-01T08:22:30Z</time>
      </trkpt>
      <trkpt lat="26.9745527" lon="75.8518017">
        <time>2018-12-01T08:22:38Z</time>
      </trkpt>
      <trkpt lat="26.9752282" lon="75.8515199">
        <time>2018-12-01T08:22:45Z</time>
      </trkpt>
      <trkpt lat="26.9757722" lon="75.8511735">
        <time>2018-12-01T08:22:52Z</time>
      </trkpt>
      <trkpt lat="26.9758386" lon="75.8511598">
        <time>2018-12-01T08:22:53Z</time>
      </trkpt>
      <trkpt lat="26.9759027" lon="75.8511574">
        <time>2018-12-01T08:22:54Z</time>
      </trkpt>
      <trkpt lat="26.9759697" lon="75.8511657">
        <time>2018-12-01T08:22:55Z</time>
      </trkpt>
      <trkpt lat="26.9760386" lon="75.8511849">
        <time>2018-12-01T08:22:56Z</time>
      </trkpt>
      <trkpt lat="26.9761070" lon="75.8512153">
        <time>2018-12-01T08:22:57Z</time>
      </trkpt>
      <trkpt lat="26.9761677" lon="75.8512569">
        <time>2018-12-01T08:22:58Z</time>
      </trkpt>
      <trkpt lat="26.9762299" lon="75.8513053">
        <time>2018-12-01T08:22:59Z</time>
      </trkpt>
      <trkpt lat="26.9768384" lon="75.8518032">
        <time>2018-12-01T08:23:08Z</time>
      </trkpt>
      <trkpt lat="26.9777475" lon="75.8521216">
        <time>2018-12-01T08:23:18Z</time>
      </trkpt>
      <trkpt lat="26.9788481" lon="75.8523018">
        <time>2018-12-01T08:23:30Z</time>
      </trkpt>
      <trkpt lat="26.9801473" lon="75.8524467">
        <time>2018-12-01T08:23:44Z</time>
      </trkpt>
      <trkpt lat="26.9810710" lon="75.8525278">
        <time>2018-12-01T08:23:54Z</time>
      </trkpt>
      <trkpt lat="26.9822044" lon="75.8527860">
        <time>2018-12-01T08:24:04Z</time>
      </trkpt>
      <trkpt lat="26.9828697" lon="75.8530289">
        <time>2018-12-01T08:24:11Z</time>
      </trkpt>
      <trkpt lat="26.9836693" lon="75.8535004">
        <time>2018-12-01T08:24:21Z</time>
      </trkpt>
      <trkpt lat="26.9846945" lon="75.8538836">
        <time>2018-12-01T08:24:33Z</time>
      </trkpt>
      <trkpt lat="26.9855286" lon="75.8540288">
        <time>2018-12-01T08:24:45Z</time>
      </trkpt>
      <trkpt lat="26.9858432" lon="75.8540057">
        <time>2018-12-01T08:24:51Z</time>
      </trkpt>
      <trkpt lat="26.9862306" lon="75.8539407">
        <time>2018-12-01T08:25:01Z</time>
      </trkpt>
      <trkpt lat="26.9862921" lon="75.8539439">
        <time>2018-12-01T08:25:02Z</time>
      </trkpt>
      <trkpt lat="26.9863514" lon="75.8539563">
        <time>2018-12-01T08:25:03Z</time>
      </trkpt>
      <trkpt lat="26.9864114" lon="75.8539731">
        <time>2018-12-01T08:25:04Z</time>
      </trkpt>
      <trkpt lat="26.9864708" lon="75.8539966">
        <time>2018-12-01T08:25:05Z</time>
      </trkpt>
      <trkpt lat="26.9865239" lon="75.8540214">
        <time>2018-12-01T08:25:06Z</time>
      </trkpt>
      <trkpt lat="26.9867768" lon="75.8541654">
        <time>2018-12-01T08:25:14Z</time>
      </trkpt>
      <trkpt lat="26.9867396" lon="75.8541760">
        <time>2018-12-01T08:25:27Z</time>
      </trkpt>
      <trkpt lat="26.9867676" lon="75.8542040">
        <time>2018-12-01T08:25:39Z</time>
      </trkpt>
      <trkpt lat="26.9868416" lon="75.8542484">
        <time>2018-12-01T08:25:52Z</time>
      </trkpt>
      <trkpt lat="26.9870587" lon="75.8543836">
        <time>2018-12-01T08:26:07Z</time>
      </trkpt>
      <trkpt lat="26.9871337" lon="75.8544470">
        <time>2018-12-01T08:26:20Z</time>
      </trkpt>
      <trkpt lat="26.9871751" lon="75.8544831">
        <time>2018-12-01T08:26:31Z</time>
      </trkpt>
      <trkpt lat="26.9873117" lon="75.8546026">
        <time>2018-12-01T08:26:43Z</time>
      </trkpt>
      <trkpt lat="26.9874914" lon="75.8547606">
        <time>2018-12-01T08:26:56Z</time>
      </trkpt>
      <trkpt lat="26.9876828" lon="75.8549220">
        <time>2018-12-01T08:27:09Z</time>
      </trkpt>
      <trkpt lat="26.9879735" lon="75.8551171">
        <time>2018-12-01T08:27:20Z</time>
      </trkpt>
      <trkpt lat="26.9879989" lon="75.8551398">
        <time>2018-12-01T08:27:32Z</time>
      </trkpt>
      <trkpt lat="26.9881361" lon="75.8552047">
        <time>2018-12-01T08:27:42Z</time>
      </trkpt>
      <trkpt lat="26.9882623" lon="75.8552960">
        <time>2018-12-01T08:27:52Z</time>
      </trkpt>
      <trkpt lat="26.9883082" lon="75.8553317">
        <time>2018-12-01T08:28:02Z</time>
      </trkpt>
      <trkpt lat="26.9884232" lon="75.8554938">
        <time>2018-12-01T08:28:13Z</time>
      </trkpt>
      <trkpt lat="26.9885070" lon="75.8556420">
        <time>2018-12-01T08:28:24Z</time>
      </trkpt>
      <trkpt lat="26.9885998" lon="75.8559635">
        <time>2018-12-01T08:28:36Z</time>
      </trkpt>
      <trkpt lat="26.9886017" lon="75.8563048">
        <time>2018-12-01T08:28:45Z</time>
      </trkpt>
      <trkpt lat="26.9886103" lon="75.8564413">
        <time>2018-12-01T08:28:54Z</time>
      </trkpt>
      <trkpt lat="26.9886034" lon="75.8569154">
        <time>2018-12-01T08:29:03Z</time>
      </trkpt>
      <trkpt lat="26.9885625" lon="75.8577047">
        <time>2018-12-01T08:29:16Z</time>
      </trkpt>
      <trkpt lat="26.9885595" lon="75.8581050">
        <time>2018-12-01T08:29:24Z</time>
      </trkpt>
      <trkpt lat="26.9885598" lon="75.8586647">
        <time>2018-12-01T08:29:33Z</time>
      </trkpt>
      <trkpt lat="26.9885492" lon="75.8594348">
        <time>2018-12-01T08:29:44Z</time>
      </trkpt>
      <trkpt lat="26.9886072" lon="75.8598822">
        <time>2018-12-01T08:29:55Z</time>
      </trkpt>
      <trkpt lat="26.9886456" lon="75.8602734">
        <time>2018-12-01T08:30:06Z</time>
      </trkpt>
      <trkpt lat="26.9886827" lon="75.8604751">
        <time>2018-12-01T08:30:16Z</time>
      </trkpt>
      <trkpt lat="26.9887422" lon="75.8607301">
        <time>2018-12-01T08:30:27Z</time>
      </trkpt>
      <trkpt lat="26.9887589" lon="75.8608980">
        <time>2018-12-01T08:30:39Z</time>
      </trkpt>
      <trkpt lat="26.9887900" lon="75.8611124">
        <time>2018-12-01T08:30:58Z</time>
      </trkpt>
      <trkpt lat="26.9888187" lon="75.8613527">
        <time>2018-12-01T08:31:15Z</time>
      </trkpt>
      <trkpt lat="26.9889403" lon="75.8617797">
        <time>2018-12-01T08:31:24Z</time>
      </trkpt>
      <trkpt lat="26.9889729" lon="75.8618395">
        <time>2018-12-01T08:31:25Z</time>
      </trkpt>
      <trkpt lat="26.9890070" lon="75.8618977">
        <time>2018-12-01T08:31:26Z</time>
      </trkpt>
      <trkpt lat="26.9890446" lon="75.8619528">
        <time>2018-12-01T08:31:27Z</time>
      </trkpt>
      <trkpt lat="26.9890859" lon="75.8620079">
        <time>2018-12-01T08:31:28Z</time>
      </trkpt>
      <trkpt lat="26.9895546" lon="75.8625943">
        <time>2018-12-01T08:31:40Z</time>
      </trkpt>
      <trkpt lat="26.9898583" lon="75.8633557">
        <time>2018-12-01T08:31:50Z</time>
      </trkpt>
      <trkpt lat="26.9903745" lon="75.8646007">
        <time>2018-12-01T08:32:03Z</time>
      </trkpt>
      <trkpt lat="26.9910904" lon="75.8661747">
        <time>2018-12-01T08:32:19Z</time>
      </trkpt>
      <trkpt lat="26.9914718" lon="75.8671011">
        <time>2018-12-01T08:32:29Z</time>
      </trkpt>
      <trkpt lat="26.9916093" lon="75.8680171">
        <time>2018-12-01T08:32:39Z</time>
      </trkpt>
      <trkpt lat="26.9917162" lon="75.8693851">
        <time>2018-12-01T08:32:51Z</time>
      </trkpt>
      <trkpt lat="26.9918069" lon="75.8706432">
        <time>2018-12-01T08:33:02Z</time>
      </trkpt>
      <trkpt lat="26.9919752" lon="75.8722880">
        <time>2018-12-01T08:33:16Z</time>
      </trkpt>
      <trkpt lat="26.9922082" lon="75.8735917">
        <time>2018-12-01T08:33:27Z</time>
      </trkpt>
      <trkpt lat="26.9926449" lon="75.8743834">
        <time>2018-12-01T08:33:35Z</time>
      </trkpt>
      <trkpt lat="26.9933256" lon="75.8750027">
        <time>2018-12-01T08:33:44Z</time>
      </trkpt>
      <trkpt lat="26.9939891" lon="75.8753694">
        <time>2018-12-01T08:33:54Z</time>
      </trkpt>
      <trkpt lat="26.9951526" lon="75.8759423">
        <time>2018-12-01T08:34:09Z</time>
      </trkpt>
      <trkpt lat="26.9961513" lon="75.8763733">
        <time>2018-12-01T08:34:21Z</time>
      </trkpt>
      <trkpt lat="26.9969952" lon="75.8763900">
        <time>2018-12-01T08:34:29Z</time>
      </trkpt>
      <trkpt lat="26.9987450" lon="75.8763253">
        <time>2018-12-01T08:34:43Z</time>
      </trkpt>
    </trkseg>
  </trk>
  <trk>
    <trkseg>
      <trkpt lat="26.9176192" lon="75.8076293">
        <time>2018-10-11T10:53:19Z</time>
      </trkpt>
      <trkpt lat="26.9178606" lon="75.8075952">
        <time>2018-10-11T10:53:30Z</time>
      </trkpt>
      <trkpt lat="26.9178445" lon="75.8077173">
        <time>2018-10-11T10:53:41Z</time>
      </trkpt>
      <trkpt lat="26.9179666" lon="75.8077332">
        <time>2018-10-11T10:53:51Z</time>
      </trkpt>
      <trkpt lat="26.9180380" lon="75.8077641">
        <time>2018-10-11T10:54:02Z</time>
      </trkpt>
      <trkpt lat="26.9181260" lon="75.8077437">
        <time>2018-10-11T10:54:13Z</time>
      </trkpt>
      <trkpt lat="26.9182188" lon="75.8077636">
        <time>2018-10-11T10:54:24Z</time>
      </trkpt>
      <trkpt lat="26.9182786" lon="75.8078059">
        <time>2018-10-11T10:54:34Z</time>
      </trkpt>
      <trkpt lat="26.9183673" lon="75.8078399">
        <time>2018-10-11T10:54:45Z</time>
      </trkpt>
      <trkpt lat="26.9184251" lon="75.8079953">
        <time>2018-10-11T10:54:55Z</time>
      </trkpt>
      <trkpt lat="26.9184100" lon="75.8081422">
        <time>2018-10-11T10:55:06Z</time>
      </trkpt>
      <trkpt lat="26.9183985" lon="75.8082504">
        <time>2018-10-11T10:55:16Z</time>
      </trkpt>
      <trkpt lat="26.9183979" lon="75.8082961">
        <time>2018-10-11T10:55:27Z</time>
      </trkpt>
      <trkpt lat="26.9183979" lon="75.8083951">
        <time>2018-10-11T10:55:38Z</time>
      </trkpt>
      <trkpt lat="26.9184000" lon="75.8085168">
        <time>2018-10-11T10:55:49Z</time>
      </trkpt>
      <trkpt lat="26.9183681" lon="75.8086512">
        <time>2018-10-11T10:56:00Z</time>
      </trkpt>
      <trkpt lat="26.9183255" lon="75.8087930">
        <time>2018-10-11T10:56:11Z</time>
      </trkpt>
      <trkpt lat="26.9183165" lon="75.8089398">
        <time>2018-10-11T10:56:22Z</time>
      </trkpt>
      <trkpt lat="26.9183361" lon="75.8090678">
        <time>2018-10-11T10:56:32Z</time>
      </trkpt>
      <trkpt lat="26.9183257" lon="75.8090918">
        <time>2018-10-11T10:56:42Z</time>
      </trkpt>
      <trkpt lat="26.9183257" lon="75.8090918">
        <time>2018-10-11T10:56:52Z</time>
      </trkpt>
      <trkpt lat="26.9183257" lon="75.8090918">
        <time>2018-10-11T10:57:02Z</time>
      </trkpt>
      <trkpt lat="26.9183257" lon="75.8090918">
        <time>2018-10-11T10:57:13Z</time>
      </trkpt>
      <trkpt lat="26.9182996" lon="75.8091966">
        <time>2018-10-11T10:57:24Z</time>
      </trkpt>
      <trkpt lat="26.9182932" lon="75.8093193">
        <time>2018-10-11T10:57:34Z</time>
      </trkpt>
      <trkpt lat="26.9182668" lon="75.8094232">
        <time>2018-10-11T10:57:44Z</time>
      </trkpt>
      <trkpt lat="26.9182151" lon="75.8095419">
        <time>2018-10-11T10:57:55Z</time>
      </trkpt>
      <trkpt lat="26.9182088" lon="75.8096953">
        <time>2018-10-11T10:58:06Z</time>
      </trkpt>
      <trkpt lat="26.9181652" lon="75.8098419">
        <time>2018-10-11T10:58:17Z</time>
      </trkpt>
      <trkpt lat="26.9182242" lon="75.8099596">
        <time>2018-10-11T10:58:28Z</time>
      </trkpt>
      <trkpt lat="26.9183166" lon="75.8100289">
        <time>2018-10-11T10:58:38Z</time>
      </trkpt>
      <trkpt lat="26.9184268" lon="75.8100492">
        <time>2018-10-11T10:58:48Z</time>
      </trkpt>
      <trkpt lat="26.9185339" lon="75.8100945">
        <time>2018-10-11T10:58:58Z</time>
      </trkpt>
      <trkpt lat="26.9186558" lon="75.8101337">
        <time>2018-10-11T10:59:09Z</time>
      </trkpt>
      <trkpt lat="26.9187798" lon="75.8101733">
        <time>2018-10-11T10:59:20Z</time>
      </trkpt>
      <trkpt lat="26.9189132" lon="75.8102097">
        <time>2018-10-11T10:59:31Z</time>
      </trkpt>
      <trkpt lat="26.9190116" lon="75.8102505">
        <time>2018-10-11T10:59:41Z</time>
      </trkpt>
      <trkpt lat="26.9190976" lon="75.8102539">
        <time>2018-10-11T10:59:52Z</time>
      </trkpt>
      <trkpt lat="26.9191121" lon="75.8102544">
        <time>2018-10-11T11:00:03Z</time>
      </trkpt>
      <trkpt lat="26.9192202" lon="75.8101645">
        <time>2018-10-11T11:00:14Z</time>
      </trkpt>
      <trkpt lat="26.9193047" lon="75.8101115">
        <time>2018-10-11T11:00:24Z</time>
      </trkpt>
      <trkpt lat="26.9193997" lon="75.8100628">
        <time>2018-10-11T11:00:35Z</time>
      </trkpt>
      <trkpt lat="26.9194767" lon="75.8099347">
        <time>2018-10-11T11:00:46Z</time>
      </trkpt>
      <trkpt lat="26.9195674" lon="75.8098260">
        <time>2018-10-11T11:00:57Z</time>
      </trkpt>
      <trkpt lat="26.9196200" lon="75.8097420">
        <time>2018-10-11T11:01:07Z</time>
      </trkpt>
      <trkpt lat="26.9196895" lon="75.8096658">
        <time>2018-10-11T11:01:18Z</time>
      </trkpt>
      <trkpt lat="26.9197582" lon="75.8095723">
        <time>2018-10-11T11:01:29Z</time>
      </trkpt>
      <trkpt lat="26.9198408" lon="75.8094933">
        <time>2018-10-11T11:01:40Z</time>
      </trkpt>
      <trkpt lat="26.9199165" lon="75.8093829">
        <time>2018-10-11T11:01:50Z</time>
      </trkpt>
      <trkpt lat="26.9199922" lon="75.8092716">
        <time>2018-10-11T11:02:01Z</time>
      </trkpt>
      <trkpt lat="26.9200980" lon="75.8092200">
        <time>2018-10-11T11:02:11Z</time>
      </trkpt>
      <trkpt lat="26.9201894" lon="75.8091444">
        <time>2018-10-11T11:02:21Z</time>
      </trkpt>
      <trkpt lat="26.9202959" lon="75.8090850">
        <time>2018-10-11T11:02:31Z</time>
      </trkpt>
      <trkpt lat="26.9203871" lon="75.8089541">
        <time>2018-10-11T11:02:42Z</time>
      </trkpt>
      <trkpt lat="26.9204206" lon="75.8088448">
        <time>2018-10-11T11:02:52Z</time>
      </trkpt>
      <trkpt lat="26.9204486" lon="75.8087104">
        <time>2018-10-11T11:03:03Z</time>
      </trkpt>
      <trkpt lat="26.9204699" lon="75.8085406">
        <time>2018-10-11T11:03:14Z</time>
      </trkpt>
      <trkpt lat="26.9205131" lon="75.8084271">
        <time>2018-10-11T11:03:25Z</time>
      </trkpt>
      <trkpt lat="26.9205100" lon="75.8084164">
        <time>2018-10-11T11:03:35Z</time>
      </trkpt>
      <trkpt lat="26.9205404" lon="75.8083281">
        <time>2018-10-11T11:03:46Z</time>
      </trkpt>
      <trkpt lat="26.9205156" lon="75.8082285">
        <time>2018-10-11T11:03:57Z</time>
      </trkpt>
      <trkpt lat="26.9205840" lon="75.8081017">
        <time>2018-10-11T11:04:08Z</time>
      </trkpt>
      <trkpt lat="26.9205938" lon="75.8079955">
        <time>2018-10-11T11:04:18Z</time>
      </trkpt>
      <trkpt lat="26.9206231" lon="75.8078589">
        <time>2018-10-11T11:04:29Z</time>
      </trkpt>
      <trkpt lat="26.9206487" lon="75.8078220">
        <time>2018-10-11T11:04:39Z</time>
      </trkpt>
      <trkpt lat="26.9206417" lon="75.8077744">
        <time>2018-10-11T11:04:50Z</time>
      </trkpt>
      <trkpt lat="26.9206786" lon="75.8077781">
        <time>2018-10-11T11:05:00Z</time>
      </trkpt>
      <trkpt lat="26.9207059" lon="75.8078025">
        <time>2018-10-11T11:05:11Z</time>
      </trkpt>
      <trkpt lat="26.9207128" lon="75.8078164">
        <time>2018-10-11T11:05:21Z</time>
      </trkpt>
      <trkpt lat="26.9207023" lon="75.8077840">
        <time>2018-10-11T11:05:32Z</time>
      </trkpt>
      <trkpt lat="26.9206975" lon="75.8077390">
        <time>2018-10-11T11:05:42Z</time>
      </trkpt>
      <trkpt lat="26.9207182" lon="75.8077321">
        <time>2018-10-11T11:05:53Z</time>
      </trkpt>
      <trkpt lat="26.9207019" lon="75.8077593">
        <time>2018-10-11T11:06:04Z</time>
      </trkpt>
      <trkpt lat="26.9207664" lon="75.8077550">
        <time>2018-10-11T11:06:15Z</time>
      </trkpt>
      <trkpt lat="26.9208272" lon="75.8077788">
        <time>2018-10-11T11:06:25Z</time>
      </trkpt>
      <trkpt lat="26.9207772" lon="75.8077998">
        <time>2018-10-11T11:06:35Z</time>
      </trkpt>
      <trkpt lat="26.9206633" lon="75.8077555">
        <time>2018-10-11T11:06:46Z</time>
      </trkpt>
      <trkpt lat="26.9206207" lon="75.8078310">
        <time>2018-10-11T11:06:57Z</time>
      </trkpt>
      <trkpt lat="26.9206252" lon="75.8079485">
        <time>2018-10-11T11:07:08Z</time>
      </trkpt>
      <trkpt lat="26.9205756" lon="75.8080672">
        <time>2018-10-11T11:07:18Z</time>
      </trkpt>
      <trkpt lat="26.9205788" lon="75.8081193">
        <time>2018-10-11T11:07:28Z</time>
      </trkpt>
      <trkpt lat="26.9205168" lon="75.8082397">
        <time>2018-10-11T11:07:38Z</time>
      </trkpt>
      <trkpt lat="26.9204937" lon="75.8083754">
        <time>2018-10-11T11:07:49Z</time>
      </trkpt>
      <trkpt lat="26.9205137" lon="75.8085123">
        <time>2018-10-11T11:07:59Z</time>
      </trkpt>
      <trkpt lat="26.9205137" lon="75.8085123">
        <time>2018-10-11T11:08:09Z</time>
      </trkpt>
      <trkpt lat="26.9205137" lon="75.8085123">
        <time>2018-10-11T11:08:20Z</time>
      </trkpt>
      <trkpt lat="26.9205137" lon="75.8085123">
        <time>2018-10-11T11:08:30Z</time>
      </trkpt>
      <trkpt lat="26.9204895" lon="75.8085821">
        <time>2018-10-11T11:08:41Z</time>
      </trkpt>
      <trkpt lat="26.9204513" lon="75.8087032">
        <time>2018-10-11T11:08:51Z</time>
      </trkpt>
      <trkpt lat="26.9204442" lon="75.8087611">
        <time>2018-10-11T11:09:02Z</time>
      </trkpt>
      <trkpt lat="26.9204357" lon="75.8087367">
        <time>2018-10-11T11:09:13Z</time>
      </trkpt>
      <trkpt lat="26.9204357" lon="75.8087367">
        <time>2018-10-11T11:09:24Z</time>
      </trkpt>
      <trkpt lat="26.9204357" lon="75.8087367">
        <time>2018-10-11T11:09:34Z</time>
      </trkpt>
      <trkpt lat="26.9204357" lon="75.8087367">
        <time>2018-10-11T11:09:45Z</time>
      </trkpt>
      <trkpt lat="26.9204365" lon="75.8087320">
        <time>2018-10-11T11:09:56Z</time>
      </trkpt>
      <trkpt lat="26.9204365" lon="75.8087320">
        <time>2018-10-11T11:10:06Z</time>
      </trkpt>
      <trkpt lat="26.9204365" lon="75.8087320">
        <time>2018-10-11T11:10:17Z</time>
      </trkpt>
      <trkpt lat="26.9204491" lon="75.8086231">
        <time>2018-10-11T11:10:28Z</time>
      </trkpt>
      <trkpt lat="26.9204784" lon="75.8084618">
        <time>2018-10-11T11:10:39Z</time>
      </trkpt>
      <trkpt lat="26.9205389" lon="75.8083347">
        <time>2018-10-11T11:10:50Z</time>
      </trkpt>
      <trkpt lat="26.9205356" lon="75.8081767">
        <time>2018-10-11T11:11:01Z</time>
      </trkpt>
      <trkpt lat="26.9205636" lon="75.8080496">
        <time>2018-10-11T11:11:11Z</time>
      </trkpt>
      <trkpt lat="26.9205900" lon="75.8079048">
        <time>2018-10-11T11:11:21Z</time>
      </trkpt>
      <trkpt lat="26.9205874" lon="75.8077377">
        <time>2018-10-11T11:11:32Z</time>
      </trkpt>
      <trkpt lat="26.9206237" lon="75.8076083">
        <time>2018-10-11T11:11:43Z</time>
      </trkpt>
      <trkpt lat="26.9206423" lon="75.8074854">
        <time>2018-10-11T11:11:54Z</time>
      </trkpt>
      <trkpt lat="26.9206772" lon="75.8073135">
        <time>2018-10-11T11:12:05Z</time>
      </trkpt>
      <trkpt lat="26.9207323" lon="75.8072163">
        <time>2018-10-11T11:12:16Z</time>
      </trkpt>
      <trkpt lat="26.9207529" lon="75.8070840">
        <time>2018-10-11T11:12:27Z</time>
      </trkpt>
      <trkpt lat="26.9207615" lon="75.8069175">
        <time>2018-10-11T11:12:38Z</time>
      </trkpt>
      <trkpt lat="26.9206257" lon="75.8068421">
        <time>2018-10-11T11:12:48Z</time>
      </trkpt>
      <trkpt lat="26.9205139" lon="75.8067651">
        <time>2018-10-11T11:12:59Z</time>
      </trkpt>
      <trkpt lat="26.9204984" lon="75.8067416">
        <time>2018-10-11T11:13:09Z</time>
      </trkpt>
      <trkpt lat="26.9205284" lon="75.8067347">
        <time>2018-10-11T11:13:20Z</time>
      </trkpt>
      <trkpt lat="26.9205284" lon="75.8067347">
        <time>2018-10-11T11:13:30Z</time>
      </trkpt>
      <trkpt lat="26.9205284" lon="75.8067347">
        <time>2018-10-11T11:13:40Z</time>
      </trkpt>
      <trkpt lat="26.9205501" lon="75.8067540">
        <time>2018-10-11T11:13:51Z</time>
      </trkpt>
      <trkpt lat="26.9205399" lon="75.8067778">
        <time>2018-10-11T11:14:01Z</time>
      </trkpt>
      <trkpt lat="26.9205474" lon="75.8067818">
        <time>2018-10-11T11:14:11Z</time>
      </trkpt>
      <trkpt lat="26.9205659" lon="75.8067867">
        <time>2018-10-11T11:14:22Z</time>
      </trkpt>
      <trkpt lat="26.9205659" lon="75.8067867">
        <time>2018-10-11T11:14:32Z</time>
      </trkpt>
      <trkpt lat="26.9205664" lon="75.8067559">
        <time>2018-10-11T11:14:43Z</time>
      </trkpt>
      <trkpt lat="26.9205688" lon="75.8066976">
        <time>2018-10-11T11:14:53Z</time>
      </trkpt>
      <trkpt lat="26.9205688" lon="75.8066976">
        <time>2018-10-11T11:15:04Z</time>
      </trkpt>
      <trkpt lat="26.9205688" lon="75.8066976">
        <time>2018-10-11T11:15:15Z</time>
      </trkpt>
      <trkpt lat="26.9204620" lon="75.8066908">
        <time>2018-10-11T11:15:25Z</time>
      </trkpt>
      <trkpt lat="26.9203328" lon="75.8066525">
        <time>2018-10-11T11:15:36Z</time>
      </trkpt>
      <trkpt lat="26.9201665" lon="75.8066188">
        <time>2018-10-11T11:15:46Z</time>
      </trkpt>
      <trkpt lat="26.9200419" lon="75.8065960">
        <time>2018-10-11T11:15:56Z</time>
      </trkpt>
      <trkpt lat="26.9198909" lon="75.8065836">
        <time>2018-10-11T11:16:07Z</time>
      </trkpt>
      <trkpt lat="26.9197987" lon="75.8065130">
        <time>2018-10-11T11:16:18Z</time>
      </trkpt>
      <trkpt lat="26.9196426" lon="75.8064832">
        <time>2018-10-11T11:16:29Z</time>
      </trkpt>
      <trkpt lat="26.9195113" lon="75.8064551">
        <time>2018-10-11T11:16:40Z</time>
      </trkpt>
      <trkpt lat="26.9194084" lon="75.8063862">
        <time>2018-10-11T11:16:51Z</time>
      </trkpt>
      <trkpt lat="26.9194084" lon="75.8063862">
        <time>2018-10-11T11:17:01Z</time>
      </trkpt>
      <trkpt lat="26.9194084" lon="75.8063862">
        <time>2018-10-11T11:17:12Z</time>
      </trkpt>
      <trkpt lat="26.9193723" lon="75.8063873">
        <time>2018-10-11T11:17:23Z</time>
      </trkpt>
      <trkpt lat="26.9192599" lon="75.8063239">
        <time>2018-10-11T11:17:34Z</time>
      </trkpt>
      <trkpt lat="26.9191840" lon="75.8062801">
        <time>2018-10-11T11:17:44Z</time>
      </trkpt>
      <trkpt lat="26.9191840" lon="75.8062801">
        <time>2018-10-11T11:17:55Z</time>
      </trkpt>
      <trkpt lat="26.9191181" lon="75.8062427">
        <time>2018-10-11T11:18:05Z</time>
      </trkpt>
      <trkpt lat="26.9190070" lon="75.8061852">
        <time>2018-10-11T11:18:16Z</time>
      </trkpt>
      <trkpt lat="26.9189109" lon="75.8061401">
        <time>2018-10-11T11:18:27Z</time>
      </trkpt>
      <trkpt lat="26.9188600" lon="75.8062668">
        <time>2018-10-11T11:18:38Z</time>
      </trkpt>
      <trkpt lat="26.9188480" lon="75.8063843">
        <time>2018-10-11T11:18:49Z</time>
      </trkpt>
      <trkpt lat="26.9188468" lon="75.8065613">
        <time>2018-10-11T11:19:00Z</time>
      </trkpt>
      <trkpt lat="26.9187885" lon="75.8066520">
        <time>2018-10-11T11:19:10Z</time>
      </trkpt>
      <trkpt lat="26.9187732" lon="75.8067895">
        <time>2018-10-11T11:19:20Z</time>
      </trkpt>
      <trkpt lat="26.9186571" lon="75.8067979">
        <time>2018-10-11T11:19:30Z</time>
      </trkpt>
      <trkpt lat="26.9184957" lon="75.8067204">
        <time>2018-10-11T11:19:41Z</time>
      </trkpt>
      <trkpt lat="26.9183826" lon="75.8067045">
        <time>2018-10-11T11:19:51Z</time>
      </trkpt>
      <trkpt lat="26.9182779" lon="75.8066543">
        <time>2018-10-11T11:20:01Z</time>
      </trkpt>
      <trkpt lat="26.9181267" lon="75.8066276">
        <time>2018-10-11T11:20:12Z</time>
      </trkpt>
      <trkpt lat="26.9180065" lon="75.8065537">
        <time>2018-10-11T11:20:22Z</time>
      </trkpt>
      <trkpt lat="26.9179179" lon="75.8065852">
        <time>2018-10-11T11:20:32Z</time>
      </trkpt>
      <trkpt lat="26.9178779" lon="75.8067562">
        <time>2018-10-11T11:20:43Z</time>
      </trkpt>
      <trkpt lat="26.9178614" lon="75.8068854">
        <time>2018-10-11T11:20:53Z</time>
      </trkpt>
      <trkpt lat="26.9178451" lon="75.8070346">
        <time>2018-10-11T11:21:04Z</time>
      </trkpt>
      <trkpt lat="26.9178118" lon="75.8071726">
        <time>2018-10-11T11:21:15Z</time>
      </trkpt>
      <trkpt lat="26.9177344" lon="75.8072846">
        <time>2018-10-11T11:21:26Z</time>
      </trkpt>
      <trkpt lat="26.9176947" lon="75.8074145">
        <time>2018-10-11T11:21:36Z</time>
      </trkpt>
      <trkpt lat="26.9176619" lon="75.8075536">
        <time>2018-10-11T11:21:47Z</time>
      </trkpt>
      <trkpt lat="26.9176085" lon="75.8076414">
        <time>2018-10-11T11:21:57Z</time>
      </trkpt>
      <trkpt lat="26.9175697" lon="75.8076197">
        <time>2018-10-11T11:22:07Z</time>
      </trkpt>
      <trkpt lat="26.9175358" lon="75.8075676">
        <time>2018-10-11T11:22:18Z</time>
      </trkpt>
      <trkpt lat="26.9174904" lon="75.8075577">
        <time>2018-10-11T11:22:29Z</time>
      </trkpt>
      <trkpt lat="26.9174874" lon="75.8075794">
        <time>2018-10-11T11:22:39Z</time>
      </trkpt>
      <trkpt lat="26.9174987" lon="75.8075750">
        <time>2018-10-11T11:22:50Z</time>
      </trkpt>
      <trkpt lat="26.9174803" lon="75.8075960">
        <time>2018-10-11T11:23:00Z</time>
      </trkpt>
      <trkpt lat="26.9174803" lon="75.8075960">
        <time>2018-10-11T11:23:10Z</time>
      </trkpt>
      <trkpt lat="26.9174803" lon="75.8075960">
        <time>2018-10-11T11:23:20Z</time>
      </trkpt>
      <trkpt lat="26.9174803" lon="75.8075960">
        <time>2018-10-11T11:23:31Z</time>
      </trkpt>
      <trkpt lat="26.9174803" lon="75.8075960">
        <time>2018-10-11T11:23:42Z</time>
      </trkpt>
      <trkpt lat="26.9174803" lon="75.8075960">
        <time>2018-10-11T11:23:52Z</time>
      </trkpt>
      <trkpt lat="26.9174803" lon="75.8075960">
        <time>2018-10-11T11:24:03Z</time>
      </trkpt>
      <trkpt lat="26.9174803" lon="75.8075960">
        <time>2018-10-11T11:24:14Z</time>
      </trkpt>
      <trkpt lat="26.9174803" lon="75.8075960">
        <time>2018-10-11T11:24:24Z</time>
      </trkpt>
      <trkpt lat="26.9174803" lon="75.8075960">
        <time>2018-10-11T11:24:35Z</time>
      </trkpt>
      <trkpt lat="26.9174803" lon="75.8075960">
        <time>2018-10-11T11:24:45Z</time>
      </trkpt>
      <trkpt lat="26.9174803" lon="75.8075960">
        <time>2018-10-11T11:24:55Z</time>
      </trkpt>
      <trkpt lat="26.9174803" lon="75.8075960">
        <time>2018-10-11T11:25:05Z</time>
      </trkpt>
      <trkpt lat="26.9174803" lon="75.8075960">
        <time>2018-10-11T11:25:15Z</time>
      </trkpt>
      <trkpt lat="26.9174803" lon="75.8075960">
        <time>2018-10-11T11:25:26Z</time>
      </trkpt>
      <trkpt lat="26.9174803" lon="75.8075960">
        <time>2018-10-11T11:25:37Z</time>
      </trkpt>
      <trkpt lat="26.9174803" lon="75.8075960">
        <time>2018-10-11T11:25:48Z</time>
      </trkpt>
      <trkpt lat="26.9174803" lon="75.8075960">
        <time>2018-10-11T11:25:59Z</time>
      </trkpt>
      <trkpt lat="26.9174803" lon="75.8075960">
        <time>2018-10-11T11:26:10Z</time>
      </trkpt>
      <trkpt lat="26.9174803" lon="75.8075960">
        <time>2018-10-11T11:26:20Z</time>
      </trkpt>
      <trkpt lat="26.9174803" lon="75.8075960">
        <time>2018-10-11T11:26:30Z</time>
      </trkpt>
      <trkpt lat="26.9174803" lon="75.8075960">
        <time>2018-10-11T11:26:41Z</time>
      </trkpt>
      <trkpt lat="26.9174803" lon="75.8075960">
        <time>2018-10-11T11:26:52Z</time>
      </trkpt>
      <trkpt lat="26.9174803" lon="75.8075960">
        <time>2018-10-11T11:27:02Z</time>
      </trkpt>
      <trkpt lat="26.9174803" lon="75.8075960">
        <time>2018-10-11T11:27:12Z</time>
      </trkpt>
      <trkpt lat="26.9174803" lon="75.8075960">
        <time>2018-10-11T11:27:23Z</time>
      </trkpt>
      <trkpt lat="26.9174803" lon="75.8075960">
        <time>2018-10-11T11:27:33Z</time>
      </trkpt>
      <trkpt lat="26.9174803" lon="75.8075960">
        <time>2018-10-11T11:27:43Z</time>
      </trkpt>
      <trkpt lat="26.9174803" lon="75.8075960">
        <time>2018-10-11T11:27:54Z</time>
      </trkpt>
      <trkpt lat="26.9174803" lon="75.8075960">
        <time>2018-10-11T11:28:05Z</time>
      </trkpt>
      <trkpt lat="26.9174803" lon="75.8075960">
        <time>2018-10-11T11:28:16Z</time>
      </trkpt>
      <trkpt lat="26.9174803" lon="75.8075960">
        <time>2018-10-11T11:28:26Z</time>
      </trkpt>
      <trkpt lat="26.9174803" lon="75.8075960">
        <time>2018-10-11T11:28:36Z</time>
      </trkpt>
      <trkpt lat="26.9174803" lon="75.8075960">
        <time>2018-10-11T11:28:47Z</time>
      </trkpt>
      <trkpt lat="26.9174803" lon="75.8075960">
        <time>2018-10-11T11:28:57Z</time>
      </trkpt>
      <trkpt lat="26.9174803" lon="75.8075960">
        <time>2018-10-11T11:29:08Z</time>
      </trkpt>
      <trkpt lat="26.9174803" lon="75.8075960">
        <time>2018-10-11T11:29:18Z</time>
      </trkpt>
      <trkpt lat="26.9174803" lon="75.8075960">
        <time>2018-10-11T11:29:28Z</time>
      </trkpt>
      <trkpt lat="26.9174803" lon="75.8075960">
        <time>2018-10-11T11:29:39Z</time>
      </trkpt>
      <trkpt lat="26.9174803" lon="75.8075960">
        <time>2018-10-11T11:29:50Z</time>
      </trkpt>
      <trkpt lat="26.9174803" lon="75.8075960">
        <time>2018-10-11T11:30:00Z</time>
      </trkpt>
      <trkpt lat="26.9174803" lon="75.8075960">
        <time>2018-10-11T11:30:11Z</time>
      </trkpt>
      <trkpt lat="26.9174803" lon="75.8075960">
        <time>2018-10-11T11:30:22Z</time>
      </trkpt>
      <trkpt lat="26.9174803" lon="75.8075960">
        <time>2018-10-11T11:30:32Z</time>
      </trkpt>
      <trkpt lat="26.9174803" lon="75.8075960">
        <time>2018-10-11T11:30:43Z</time>
      </trkpt>
      <trkpt lat="26.9174803" lon="75.8075960">
        <time>2018-10-11T11:30:54Z</time>
      </trkpt>
      <trkpt lat="26.9174803" lon="75.8075960">
        <time>2018-10-11T11:31:05Z</time>
      </trkpt>
      <trkpt lat="26.9174803" lon="75.8075960">
        <time>2018-10-11T11:31:15Z</time>
      </trkpt>
      <trkpt lat="26.9174803" lon="75.8075960">
        <time>2018-10-11T11:31:26Z</time>
      </trkpt>
      <trkpt lat="26.9174803" lon="75.8075960">
        <time>2018-10-11T11:31:36Z</time>
      </trkpt>
      <trkpt lat="26.9174803" lon="75.8075960">
        <time>2018-10-11T11:31:47Z</time>
      </trkpt>
      <trkpt lat="26.9174803" lon="75.8075960">
        <time>2018-10-11T11:31:58Z</time>
      </trkpt>
      <trkpt lat="26.9174803" lon="75.8075960">
        <time>2018-10-11T11:32:09Z</time>
      </trkpt>
      <trkpt lat="26.9174803" lon="75.8075960">
        <time>2018-10-11T11:32:20Z</time>
      </trkpt>
      <trkpt lat="26.9174803" lon="75.8075960">
        <time>2018-10-11T11:32:30Z</time>
      </trkpt>
      <trkpt lat="26.9174803" lon="75.8075960">
        <time>2018-10-11T11:32:41Z</time>
      </trkpt>
      <trkpt lat="26.9174803" lon="75.8075960">
        <time>2018-10-11T11:32:52Z</time>
      </trkpt>
      <trkpt lat="26.9174803" lon="75.8075960">
        <time>2018-10-11T11:33:02Z</time>
      </trkpt>
      <trkpt lat="26.9174803" lon="75.8075960">
        <time>2018-10-11T11:33:12Z</time>
      </trkpt>
      <trkpt lat="26.9174803" lon="75.8075960">
        <time>2018-10-11T11:33:22Z</time>
      </trkpt>
      <trkpt lat="26.9174803" lon="75.8075960">
        <time>2018-10-11T11:33:32Z</time>
      </trkpt>
      <trkpt lat="26.9174803" lon="75.8075960">
        <time>2018-10-11T11:33:43Z</time>
      </trkpt>
      <trkpt lat="26.9174803" lon="75.8075960">
        <time>2018-10-11T11:33:54Z</time>
      </trkpt>
      <trkpt lat="26.9174803" lon="75.8075960">
        <time>2018-10-11T11:34:04Z</time>
      </trkpt>
      <trkpt lat="26.9174803" lon="75.8075960">
        <time>2018-10-11T11:34:15Z</time>
      </trkpt>
      <trkpt lat="26.9174803" lon="75.8075960">
        <time>2018-10-11T11:34:26Z</time>
      </trkpt>
      <trkpt lat="26.9174803" lon="75.8075960">
        <time>2018-10-11T11:34:36Z</time>
      </trkpt>
      <trkpt lat="26.9174803" lon="75.8075960">
        <time>2018-10-11T11:34:47Z</time>
      </trkpt>
      <trkpt lat="26.9174803" lon="75.8075960">
        <time>2018-10-11T11:34:57Z</time>
      </trkpt>
      <trkpt lat="26.9174803" lon="75.8075960">
        <time>2018-10-11T11:35:08Z</time>
      </trkpt>
      <trkpt lat="26.9174803" lon="75.8075960">
        <time>2018-10-11T11:35:19Z</time>
      </trkpt>
      <trkpt lat="26.9174803" lon="75.8075960">
        <time>2018-10-11T11:35:29Z</time>
      </trkpt>
      <trkpt lat="26.9174803" lon="75.8075960">
        <time>2018-10-11T11:35:40Z</time>
      </trkpt>
      <trkpt lat="26.9174803" lon="75.8075960">
        <time>2018-10-11T11:35:50Z</time>
      </trkpt>
      <trkpt lat="26.9174803" lon="75.8075960">
        <time>2018-10-11T11:36:01Z</time>
      </trkpt>
      <trkpt lat="26.9174803" lon="75.8075960">
        <time>2018-10-11T11:36:12Z</time>
      </trkpt>
      <trkpt lat="26.9174803" lon="75.8075960">
        <time>2018-10-11T11:36:23Z</time>
      </trkpt>
      <trkpt lat="26.9174803" lon="75.8075960">
        <time>2018-10-11T11:36:34Z</time>
      </trkpt>
      <trkpt lat="26.9174803" lon="75.8075960">
        <time>2018-10-11T11:36:44Z</time>
      </trkpt>
      <trkpt lat="26.9174803" lon="75.8075960">
        <time>2018-10-11T11:36:55Z</time>
      </trkpt>
      <trkpt lat="26.9174803" lon="75.8075960">
        <time>2018-10-11T11:37:06Z</time>
      </trkpt>
      <trkpt lat="26.9174803" lon="75.8075960">
        <time>2018-10-11T11:37:17Z</time>
      </trkpt>
      <trkpt lat="26.9174803" lon="75.8075960">
        <time>2018-10-11T11:37:27Z</time>
      </trkpt>
      <trkpt lat="26.9174803" lon="75.8075960">
        <time>2018-10-11T11:37:38Z</time>
      </trkpt>
      <trkpt lat="26.9174803" lon="75.8075960">
        <time>2018-10-11T11:37:49Z</time>
      </trkpt>
      <trkpt lat="26.9174803" lon="75.8075960">
        <time>2018-10-11T11:38:00Z</time>
      </trkpt>
      <trkpt lat="26.9174803" lon="75.8075960">
        <time>2018-10-11T11:38:10Z</time>
      </trkpt>
      <trkpt lat="26.9174803" lon="75.8075960">
        <time>2018-10-11T11:38:21Z</time>
      </trkpt>
      <trkpt lat="26.9174803" lon="75.8075960">
        <time>2018-10-11T11:38:31Z</time>
      </trkpt>
      <trkpt lat="26.9174803" lon="75.8075960">
        <time>2018-10-11T11:38:41Z</time>
      </trkpt>
      <trkpt lat="26.9174803" lon="75.8075960">
        <time>2018-10-11T11:38:52Z</time>
      </trkpt>
      <trkpt lat="26.9174803" lon="75.8075960">
        <time>2018-10-11T11:39:02Z</time>
      </trkpt>
      <trkpt lat="26.9174803" lon="75.8075960">
        <time>2018-10-11T11:39:13Z</time>
      </trkpt>
      <trkpt lat="26.9174803" lon="75.8075960">
        <time>2018-10-11T11:39:23Z</time>
      </trkpt>
      <trkpt lat="26.9174803" lon="75.8075960">
        <time>2018-10-11T11:39:34Z</time>
      </trkpt>
      <trkpt lat="26.9174803" lon="75.8075960">
        <time>2018-10-11T11:39:44Z</time>
      </trkpt>
      <trkpt lat="26.9174803" lon="75.8075960">
        <time>2018-10-11T11:39:54Z</time>
      </trkpt>
      <trkpt lat="26.9174803" lon="75.8075960">
        <time>2018-10-11T11:40:05Z</time>
      </trkpt>
      <trkpt lat="26.9174803" lon="75.8075960">
        <time>2018-10-11T11:40:15Z</time>
      </trkpt>
      <trkpt lat="26.9174803" lon="75.8075960">
        <time>2018-10-11T11:40:26Z</time>
      </trkpt>
      <trkpt lat="26.9174803" lon="75.8075960">
        <time>2018-10-11T11:40:36Z</time>
      </trkpt>
      <trkpt lat="26.9174803" lon="75.8075960">
        <time>2018-10-11T11:40:47Z</time>
      </trkpt>
      <trkpt lat="26.9174803" lon="75.8075960">
        <time>2018-10-11T11:40:57Z</time>
      </trkpt>
      <trkpt lat="26.9174803" lon="75.8075960">
        <time>2018-10-11T11:41:08Z</time>
      </trkpt>
      <trkpt lat="26.9174803" lon="75.8075960">
        <time>2018-10-11T11:41:18Z</time>
      </trkpt>
      <trkpt lat="26.9174803" lon="75.8075960">
        <time>2018-10-11T11:41:29Z</time>
      </trkpt>
      <trkpt lat="26.9174803" lon="75.8075960">
        <time>2018-10-11T11:41:40Z</time>
      </trkpt>
      <trkpt lat="26.9174803" lon="75.8075960">
        <time>2018-10-11T11:41:51Z</time>
      </trkpt>
      <trkpt lat="26.9174803" lon="75.8075960">
        <time>2018-10-11T11:42:01Z</time>
      </trkpt>
      <trkpt lat="26.9174803" lon="75.8075960">
        <time>2018-10-11T11:42:11Z</time>
      </trkpt>
      <trkpt lat="26.9174803" lon="75.8075960">
        <time>2018-10-11T11:42:21Z</time>
      </trkpt>
      <trkpt lat="26.9174803" lon="75.8075960">
        <time>2018-10-11T11:42:32Z</time>
      </trkpt>
      <trkpt lat="26.9174803" lon="75.8075960">
        <time>2018-10-11T11:42:43Z</time>
      </trkpt>
      <trkpt lat="26.9174803" lon="75.8075960">
        <time>2018-10-11T11:42:53Z</time>
      </trkpt>
      <trkpt lat="26.9174803" lon="75.8075960">
        <time>2018-10-11T11:43:03Z</time>
      </trkpt>
      <trkpt lat="26.9174803" lon="75.8075960">
        <time>2018-10-11T11:43:14Z</time>
      </trkpt>
      <trkpt lat="26.9174803" lon="75.8075960">
        <time>2018-10-11T11:43:25Z</time>
      </trkpt>
      <trkpt lat="26.9174803" lon="75.8075960">
        <time>2018-10-11T11:43:36Z</time>
      </trkpt>
      <trkpt lat="26.9174803" lon="75.8075960">
        <time>2018-10-11T11:43:46Z</time>
      </trkpt>
      <trkpt lat="26.9174803" lon="75.8075960">
        <time>2018-10-11T11:43:56Z</time>
      </trkpt>
      <trkpt lat="26.9174803" lon="75.8075960">
        <time>2018-10-11T11:44:07Z</time>
      </trkpt>
      <trkpt lat="26.9174803" lon="75.8075960">
        <time>2018-10-11T11:44:18Z</time>
      </trkpt>
      <trkpt lat="26.9174803" lon="75.8075960">
        <time>2018-10-11T11:44:29Z</time>
      </trkpt>
      <trkpt lat="26.9174803" lon="75.8075960">
        <time>2018-10-11T11:44:39Z</time>
      </trkpt>
      <trkpt lat="26.9174803" lon="75.8075960">
        <time>2018-10-11T11:44:50Z</time>
      </trkpt>
      <trkpt lat="26.9174803" lon="75.8075960">
        <time>2018-10-11T11:45:00Z</time>
      </trkpt>
      <trkpt lat="26.9174803" lon="75.8075960">
        <time>2018-10-11T11:45:11Z</time>
      </trkpt>
      <trkpt lat="26.9174803" lon="75.8075960">
        <time>2018-10-11T11:45:21Z</time>
      </trkpt>
      <trkpt lat="26.9174803" lon="75.8075960">
        <time>2018-10-11T11:45:31Z</time>
      </trkpt>
      <trkpt lat="26.9174803" lon="75.8075960">
        <time>2018-10-11T11:45:42Z</time>
      </trkpt>
      <trkpt lat="26.9174803" lon="75.8075960">
        <time>2018-10-11T11:45:53Z</time>
      </trkpt>
      <trkpt lat="26.9174803" lon="75.8075960">
        <time>2018-10-11T11:46:04Z</time>
      </trkpt>
      <trkpt lat="26.9174803" lon="75.8075960">
        <time>2018-10-11T11:46:14Z</time>
      </trkpt>
      <trkpt lat="26.9174803" lon="75.8075960">
        <time>2018-10-11T11:46:25Z</time>
      </trkpt>
      <trkpt lat="26.9174803" lon="75.8075960">
        <time>2018-10-11T11:46:35Z</time>
      </trkpt>
      <trkpt lat="26.9174803" lon="75.8075960">
        <time>2018-10-11T11:46:45Z</time>
      </trkpt>
      <trkpt lat="26.9174803" lon="75.8075960">
        <time>2018-10-11T11:46:56Z</time>
      </trkpt>
      <trkpt lat="26.9174803" lon="75.8075960">
        <time>2018-10-11T11:47:07Z</time>
      </trkpt>
      <trkpt lat="26.9174803" lon="75.8075960">
        <time>2018-10-11T11:47:17Z</time>
      </trkpt>
      <trkpt lat="26.9174803" lon="75.8075960">
        <time>2018-10-11T11:47:28Z</time>
      </trkpt>
      <trkpt lat="26.9174803" lon="75.8075960">
        <time>2018-10-11T11:47:38Z</time>
      </trkpt>
      <trkpt lat="26.9174803" lon="75.8075960">
        <time>2018-10-11T11:47:48Z</time>
      </trkpt>
      <trkpt lat="26.9174803" lon="75.8075960">
        <time>2018-10-11T11:47:59Z</time>
      </trkpt>
      <trkpt lat="26.9174803" lon="75.8075960">
        <time>2018-10-11T11:48:10Z</time>
      </trkpt>
      <trkpt lat="26.9174803" lon="75.8075960">
        <time>2018-10-11T11:48:21Z</time>
      </trkpt>
      <trkpt lat="26.9174803" lon="75.8075960">
        <time>2018-10-11T11:48:31Z</time>
      </trkpt>
      <trkpt lat="26.9174803" lon="75.8075960">
        <time>2018-10-11T11:48:41Z</time>
      </trkpt>
      <trkpt lat="26.9174803" lon="75.8075960">
        <time>2018-10-11T11:48:52Z</time>
      </trkpt>
      <trkpt lat="26.9174803" lon="75.8075960">
        <time>2018-10-11T11:49:03Z</time>
      </trkpt>
      <trkpt lat="26.9174803" lon="75.8075960">
        <time>2018-10-11T11:49:14Z</time>
      </trkpt>
      <trkpt lat="26.9174803" lon="75.8075960">
        <time>2018-10-11T11:49:24Z</time>
      </trkpt>
      <trkpt lat="26.9174803" lon="75.8075960">
        <time>2018-10-11T11:49:34Z</time>
      </trkpt>
      <trkpt lat="26.9174803" lon="75.8075960">
        <time>2018-10-11T11:49:45Z</time>
      </trkpt>
      <trkpt lat="26.9174803" lon="75.8075960">
        <time>2018-10-11T11:49:56Z</time>
      </trkpt>
      <trkpt lat="26.9174803" lon="75.8075960">
        <time>2018-10-11T11:50:06Z</time>
      </trkpt>
      <trkpt lat="26.9174803" lon="75.8075960">
        <time>2018-10-11T11:50:17Z</time>
      </trkpt>
      <trkpt lat="26.9174803" lon="75.8075960">
        <time>2018-10-11T11:50:28Z</time>
      </trkpt>
      <trkpt lat="26.9174803" lon="75.8075960">
        <time>2018-10-11T11:50:38Z</time>
      </trkpt>
      <trkpt lat="26.9174803" lon="75.8075960">
        <time>2018-10-11T11:50:49Z</time>
      </trkpt>
      <trkpt lat="26.9174803" lon="75.8075960">
        <time>2018-10-11T11:50:59Z</time>
      </trkpt>
      <trkpt lat="26.9174803" lon="75.8075960">
        <time>2018-10-11T11:51:10Z</time>
      </trkpt>
      <trkpt lat="26.9174803" lon="75.8075960">
        <time>2018-10-11T11:51:21Z</time>
      </trkpt>
      <trkpt lat="26.9174803" lon="75.8075960">
        <time>2018-10-11T11:51:31Z</time>
      </trkpt>
      <trkpt lat="26.9174803" lon="75.8075960">
        <time>2018-10-11T11:51:42Z</time>
      </trkpt>
      <trkpt lat="26.9174803" lon="75.8075960">
        <time>2018-10-11T11:51:52Z</time>
      </trkpt>
      <trkpt lat="26.9174803" lon="75.8075960">
        <time>2018-10-11T11:52:03Z</time>
      </trkpt>
      <trkpt lat="26.9174803" lon="75.8075960">
        <time>2018-10-11T11:52:14Z</time>
      </trkpt>
      <trkpt lat="26.9174803" lon="75.8075960">
        <time>2018-10-11T11:52:24Z</time>
      </trkpt>
      <trkpt lat="26.9174803" lon="75.8075960">
        <time>2018-10-11T11:52:35Z</time>
      </trkpt>
      <trkpt lat="26.9174803" lon="75.8075960">
        <time>2018-10-11T11:52:46Z</time>
      </trkpt>
      <trkpt lat="26.9174803" lon="75.8075960">
        <time>2018-10-11T11:52:56Z</time>
      </trkpt>
      <trkpt lat="26.9174803" lon="75.8075960">
        <time>2018-10-11T11:53:06Z</time>
      </trkpt>
      <trkpt lat="26.9174803" lon="75.8075960">
        <time>2018-10-11T11:53:17Z</time>
      </trkpt>
      <trkpt lat="26.9174803" lon="75.8075960">
        <time>2018-10-11T11:53:28Z</time>
      </trkpt>
      <trkpt lat="26.9174803" lon="75.8075960">
        <time>2018-10-11T11:53:39Z</time>
      </trkpt>
      <trkpt lat="26.9174803" lon="75.8075960">
        <time>2018-10-11T11:53:50Z</time>
      </trkpt>
      <trkpt lat="26.9174803" lon="75.8075960">
        <time>2018-10-11T11:54:01Z</time>
      </trkpt>
      <trkpt lat="26.9174803" lon="75.8075960">
        <time>2018-10-11T11:54:12Z</time>
      </trkpt>
      <trkpt lat="26.9174803" lon="75.8075960">
        <time>2018-10-11T11:54:22Z</time>
      </trkpt>
      <trkpt lat="26.9174803" lon="75.8075960">
        <time>2018-10-11T11:54:32Z</time>
      </trkpt>
      <trkpt lat="26.9174803" lon="75.8075960">
        <time>2018-10-11T11:54:42Z</time>
      </trkpt>
      <trkpt lat="26.9174803" lon="75.8075960">
        <time>2018-10-11T11:54:53Z</time>
      </trkpt>
      <trkpt lat="26.9174803" lon="75.8075960">
        <time>2018-10-11T11:55:03Z</time>
      </trkpt>
      <trkpt lat="26.9174803" lon="75.8075960">
        <time>2018-10-11T11:55:14Z</time>
      </trkpt>
      <trkpt lat="26.9174803" lon="75.8075960">
        <time>2018-10-11T11:55:24Z</time>
      </trkpt>
      <trkpt lat="26.9174803" lon="75.8075960">
        <time>2018-10-11T11:55:34Z</time>
      </trkpt>
      <trkpt lat="26.9174803" lon="75.8075960">
        <time>2018-10-11T11:55:44Z</time>
      </trkpt>
      <trkpt lat="26.9174803" lon="75.8075960">
        <time>2018-10-11T11:55:55Z</time>
      </trkpt>
      <trkpt lat="26.9174803" lon="75.8075960">
        <time>2018-10-11T11:56:06Z</time>
      </trkpt>
      <trkpt lat="26.9174803" lon="75.8075960">
        <time>2018-10-11T11:56:17Z</time>
      </trkpt>
      <trkpt lat="26.9174803" lon="75.8075960">
        <time>2018-10-11T11:56:28Z</time>
      </trkpt>
      <trkpt lat="26.9174803" lon="75.8075960">
        <time>2018-10-11T11:56:38Z</time>
      </trkpt>
      <trkpt lat="26.9174803" lon="75.8075960">
        <time>2018-10-11T11:56:48Z</time>
      </trkpt>
      <trkpt lat="26.9174803" lon="75.8075960">
        <time>2018-10-11T11:56:59Z</time>
      </trkpt>
      <trkpt lat="26.9174803" lon="75.8075960">
        <time>2018-10-11T11:57:10Z</time>
      </trkpt>
      <trkpt lat="26.9174803" lon="75.8075960">
        <time>2018-10-11T11:57:21Z</time>
      </trkpt>
      <trkpt lat="26.9174803" lon="75.8075960">
        <time>2018-10-11T11:57:32Z</time>
      </trkpt>
      <trkpt lat="26.9174803" lon="75.8075960">
        <time>2018-10-11T11:57:42Z</time>
      </trkpt>
      <trkpt lat="26.9174803" lon="75.8075960">
        <time>2018-10-11T11:57:52Z</time>
      </trkpt>
      <trkpt lat="26.9174803" lon="75.8075960">
        <time>2018-10-11T11:58:02Z</time>
      </trkpt>
      <trkpt lat="26.9174803" lon="75.8075960">
        <time>2018-10-11T11:58:13Z</time>
      </trkpt>
      <trkpt lat="26.9174803" lon="75.8075960">
        <time>2018-10-11T11:58:23Z</time>
      </trkpt>
      <trkpt lat="26.9174803" lon="75.8075960">
        <time>2018-10-11T11:58:34Z</time>
      </trkpt>
      <trkpt lat="26.9174803" lon="75.8075960">
        <time>2018-10-11T11:58:44Z</time>
      </trkpt>
      <trkpt lat="26.9174803" lon="75.8075960">
        <time>2018-10-11T11:58:55Z</time>
      </trkpt>
      <trkpt lat="26.9174803" lon="75.8075960">
        <time>2018-10-11T11:59:05Z</time>
      </trkpt>
      <trkpt lat="26.9174803" lon="75.8075960">
        <time>2018-10-11T11:59:16Z</time>
      </trkpt>
      <trkpt lat="26.9174803" lon="75.8075960">
        <time>2018-10-11T11:59:26Z</time>
      </trkpt>
      <trkpt lat="26.9174803" lon="75.8075960">
        <time>2018-10-11T11:59:36Z</time>
      </trkpt>
      <trkpt lat="26.9174803" lon="75.8075960">
        <time>2018-10-11T11:59:47Z</time>
      </trkpt>
      <trkpt lat="26.9174803" lon="75.8075960">
        <time>2018-10-11T11:59:58Z</time>
      </trkpt>
      <trkpt lat="26.9174803" lon="75.8075960">
        <time>2018-10-11T12:00:08Z</time>
      </trkpt>
      <trkpt lat="26.9174803" lon="75.8075960">
        <time>2018-10-11T12:00:18Z</time>
      </trkpt>
      <trkpt lat="26.9174803" lon="75.8075960">
        <time>2018-10-11T12:00:29Z</time>
      </trkpt>
      <trkpt lat="26.9174803" lon="75.8075960">
        <time>2018-10-11T12:00:39Z</time>
      </trkpt>
      <trkpt lat="26.9174803" lon="75.8075960">
        <time>2018-10-11T12:00:49Z</time>
      </trkpt>
      <trkpt lat="26.9174803" lon="75.8075960">
        <time>2018-10-11T12:01:00Z</time>
      </trkpt>
      <trkpt lat="26.9174803" lon="75.8075960">
        <time>2018-10-11T12:01:10Z</time>
      </trkpt>
      <trkpt lat="26.9174803" lon="75.8075960">
        <time>2018-10-11T12:01:21Z</time>
      </trkpt>
      <trkpt lat="26.9174803" lon="75.8075960">
        <time>2018-10-11T12:01:31Z</time>
      </trkpt>
      <trkpt lat="26.9174803" lon="75.8075960">
        <time>2018-10-11T12:01:42Z</time>
      </trkpt>
      <trkpt lat="26.9174803" lon="75.8075960">
        <time>2018-10-11T12:01:53Z</time>
      </trkpt>
      <trkpt lat="26.9174803" lon="75.8075960">
        <time>2018-10-11T12:02:03Z</time>
      </trkpt>
      <trkpt lat="26.9174803" lon="75.8075960">
        <time>2018-10-11T12:02:14Z</time>
      </trkpt>
      <trkpt lat="26.9174803" lon="75.8075960">
        <time>2018-10-11T12:02:24Z</time>
      </trkpt>
      <trkpt lat="26.9174803" lon="75.8075960">
        <time>2018-10-11T12:02:34Z</time>
      </trkpt>
      <trkpt lat="26.9174803" lon="75.8075960">
        <time>2018-10-11T12:02:45Z</time>
      </trkpt>
      <trkpt lat="26.9174803" lon="75.8075960">
        <time>2018-10-11T12:02:55Z</time>
      </trkpt>
      <trkpt lat="26.9174803" lon="75.8075960">
        <time>2018-10-11T12:03:05Z</time>
      </trkpt>
      <trkpt lat="26.9174803" lon="75.8075960">
        <time>2018-10-11T12:03:16Z</time>
      </trkpt>
      <trkpt lat="26.9174803" lon="75.8075960">
        <time>2018-10-11T12:03:26Z</time>
      </trkpt>
      <trkpt lat="26.9174803" lon="75.8075960">
        <time>2018-10-11T12:03:36Z</time>
      </trkpt>
      <trkpt lat="26.9174803" lon="75.8075960">
        <time>2018-10-11T12:03:47Z</time>
      </trkpt>
      <trkpt lat="26.9174803" lon="75.8075960">
        <time>2018-10-11T12:03:57Z</time>
      </trkpt>
      <trkpt lat="26.9174803" lon="75.8075960">
        <time>2018-10-11T12:04:08Z</time>
      </trkpt>
      <trkpt lat="26.9174803" lon="75.8075960">
        <time>2018-10-11T12:04:19Z</time>
      </trkpt>
      <trkpt lat="26.9174859" lon="75.8076232">
        <time>2018-10-11T12:04:29Z</time>
      </trkpt>
      <trkpt lat="26.9174859" lon="75.8076232">
        <time>2018-10-11T12:04:39Z</time>
      </trkpt>
      <trkpt lat="26.9174859" lon="75.8076232">
        <time>2018-10-11T12:04:50Z</time>
      </trkpt>
      <trkpt lat="26.9174859" lon="75.8076232">
        <time>2018-10-11T12:05:00Z</time>
      </trkpt>
      <trkpt lat="26.9174859" lon="75.8076232">
        <time>2018-10-11T12:05:10Z</time>
      </trkpt>
      <trkpt lat="26.9174859" lon="75.8076232">
        <time>2018-10-11T12:05:21Z</time>
      </trkpt>
      <trkpt lat="26.9174859" lon="75.8076232">
        <time>2018-10-11T12:05:31Z</time>
      </trkpt>
      <trkpt lat="26.9174859" lon="75.8076232">
        <time>2018-10-11T12:05:42Z</time>
      </trkpt>
      <trkpt lat="26.9174859" lon="75.8076232">
        <time>2018-10-11T12:05:53Z</time>
      </trkpt>
      <trkpt lat="26.9174859" lon="75.8076232">
        <time>2018-10-11T12:06:03Z</time>
      </trkpt>
      <trkpt lat="26.9174859" lon="75.8076232">
        <time>2018-10-11T12:06:13Z</time>
      </trkpt>
      <trkpt lat="26.9174859" lon="75.8076232">
        <time>2018-10-11T12:06:23Z</time>
      </trkpt>
      <trkpt lat="26.9173388" lon="75.8076826">
        <time>2018-10-11T12:06:34Z</time>
      </trkpt>
      <trkpt lat="26.9173381" lon="75.8076811">
        <time>2018-10-11T12:06:44Z</time>
      </trkpt>
      <trkpt lat="26.9173473" lon="75.8076662">
        <time>2018-10-11T12:06:55Z</time>
      </trkpt>
      <trkpt lat="26.9173633" lon="75.8076684">
        <time>2018-10-11T12:07:07Z</time>
      </trkpt>
      <trkpt lat="26.9174264" lon="75.8075953">
        <time>2018-10-11T12:07:25Z</time>
      </trkpt>
      <trkpt lat="26.9174224" lon="75.8075952">
        <time>2018-10-11T12:07:36Z</time>
      </trkpt>
      <trkpt lat="26.9174224" lon="75.8075952">
        <time>2018-10-11T12:07:46Z</time>
      </trkpt>
      <trkpt lat="26.9174040" lon="75.8076139">
        <time>2018-10-11T12:07:56Z</time>
      </trkpt>
      <trkpt lat="26.9174021" lon="75.8076176">
        <time>2018-10-11T12:08:06Z</time>
      </trkpt>
      <trkpt lat="26.9174187" lon="75.8076167">
        <time>2018-10-11T12:08:17Z</time>
      </trkpt>
      <trkpt lat="26.9174276" lon="75.8076166">
        <time>2018-10-11T12:08:27Z</time>
      </trkpt>
      <trkpt lat="26.9174276" lon="75.8076166">
        <time>2018-10-11T12:08:39Z</time>
      </trkpt>
      <trkpt lat="26.9174599" lon="75.8076339">
        <time>2018-10-11T12:08:50Z</time>
      </trkpt>
      <trkpt lat="26.9174782" lon="75.8076614">
        <time>2018-10-11T12:09:14Z</time>
      </trkpt>
      <trkpt lat="26.9174244" lon="75.8076263">
        <time>2018-10-11T12:09:26Z</time>
      </trkpt>
      <trkpt lat="26.9174860" lon="75.8076699">
        <time>2018-10-11T12:09:36Z</time>
      </trkpt>
      <trkpt lat="26.9174860" lon="75.8076699">
        <time>2018-10-11T12:09:47Z</time>
      </trkpt>
      <trkpt lat="26.9175450" lon="75.8076987">
        <time>2018-10-11T12:09:58Z</time>
      </trkpt>
      <trkpt lat="26.9175450" lon="75.8076987">
        <time>2018-10-11T12:10:09Z</time>
      </trkpt>
      <trkpt lat="26.9174741" lon="75.8076810">
        <time>2018-10-11T12:10:20Z</time>
      </trkpt>
      <trkpt lat="26.9174741" lon="75.8076810">
        <time>2018-10-11T12:10:30Z</time>
      </trkpt>
      <trkpt lat="26.9174741" lon="75.8076810">
        <time>2018-10-11T12:10:40Z</time>
      </trkpt>
      <trkpt lat="26.9174741" lon="75.8076810">
        <time>2018-10-11T12:10:51Z</time>
      </trkpt>
      <trkpt lat="26.9174741" lon="75.8076810">
        <time>2018-10-11T12:11:01Z</time>
      </trkpt>
      <trkpt lat="26.9174741" lon="75.8076810">
        <time>2018-10-11T12:11:12Z</time>
      </trkpt>
      <trkpt lat="26.9174741" lon="75.8076810">
        <time>2018-10-11T12:11:23Z</time>
      </trkpt>
      <trkpt lat="26.9174741" lon="75.8076810">
        <time>2018-10-11T12:11:33Z</time>
      </trkpt>
      <trkpt lat="26.9174741" lon="75.8076810">
        <time>2018-10-11T12:11:43Z</time>
      </trkpt>
      <trkpt lat="26.9174741" lon="75.8076810">
        <time>2018-10-11T12:11:54Z</time>
      </trkpt>
      <trkpt lat="26.9174741" lon="75.8076810">
        <time>2018-10-11T12:12:05Z</time>
      </trkpt>
      <trkpt lat="26.9174741" lon="75.8076810">
        <time>2018-10-11T12:12:15Z</time>
      </trkpt>
      <trkpt lat="26.9174741" lon="75.8076810">
        <time>2018-10-11T12:12:26Z</time>
      </trkpt>
      <trkpt lat="26.9174741" lon="75.8076810">
        <time>2018-10-11T12:12:37Z</time>
      </trkpt>
      <trkpt lat="26.9175200" lon="75.8076909">
        <time>2018-10-11T12:12:48Z</time>
      </trkpt>
      <trkpt lat="26.9175200" lon="75.8076909">
        <time>2018-10-11T12:12:59Z</time>
      </trkpt>
      <trkpt lat="26.9175200" lon="75.8076909">
        <time>2018-10-11T12:13:10Z</time>
      </trkpt>
      <trkpt lat="26.9175200" lon="75.8076909">
        <time>2018-10-11T12:13:21Z</time>
      </trkpt>
      <trkpt lat="26.9175200" lon="75.8076909">
        <time>2018-10-11T12:13:31Z</time>
      </trkpt>
      <trkpt lat="26.9175200" lon="75.8076909">
        <time>2018-10-11T12:13:42Z</time>
      </trkpt>
      <trkpt lat="26.9175200" lon="75.8076909">
        <time>2018-10-11T12:13:52Z</time>
      </trkpt>
      <trkpt lat="26.9175200" lon="75.8076909">
        <time>2018-10-11T12:14:03Z</time>
      </trkpt>
      <trkpt lat="26.9175200" lon="75.8076909">
        <time>2018-10-11T12:14:14Z</time>
      </trkpt>
      <trkpt lat="26.9175200" lon="75.8076909">
        <time>2018-10-11T12:14:25Z</time>
      </trkpt>
      <trkpt lat="26.9175200" lon="75.8076909">
        <time>2018-10-11T12:14:35Z</time>
      </trkpt>
      <trkpt lat="26.9175200" lon="75.8076909">
        <time>2018-10-11T12:14:45Z</time>
      </trkpt>
      <trkpt lat="26.9175200" lon="75.8076909">
        <time>2018-10-11T12:14:56Z</time>
      </trkpt>
      <trkpt lat="26.9175200" lon="75.8076909">
        <time>2018-10-11T12:15:07Z</time>
      </trkpt>
      <trkpt lat="26.9175200" lon="75.8076909">
        <time>2018-10-11T12:15:18Z</time>
      </trkpt>
      <trkpt lat="26.9175200" lon="75.8076909">
        <time>2018-10-11T12:15:28Z</time>
      </trkpt>
      <trkpt lat="26.9175200" lon="75.8076909">
        <time>2018-10-11T12:15:38Z</time>
      </trkpt>
      <trkpt lat="26.9175200" lon="75.8076909">
        <time>2018-10-11T12:15:48Z</time>
      </trkpt>
      <trkpt lat="26.9175200" lon="75.8076909">
        <time>2018-10-11T12:15:59Z</time>
      </trkpt>
      <trkpt lat="26.9174960" lon="75.8076896">
        <time>2018-10-11T12:16:09Z</time>
      </trkpt>
      <trkpt lat="26.9174690" lon="75.8076879">
        <time>2018-10-11T12:16:19Z</time>
      </trkpt>
      <trkpt lat="26.9174690" lon="75.8076879">
        <time>2018-10-11T12:16:30Z</time>
      </trkpt>
      <trkpt lat="26.9174469" lon="75.8076721">
        <time>2018-10-11T12:16:40Z</time>
      </trkpt>
      <trkpt lat="26.9174469" lon="75.8076721">
        <time>2018-10-11T12:16:51Z</time>
      </trkpt>
      <trkpt lat="26.9174469" lon="75.8076721">
        <time>2018-10-11T12:17:01Z</time>
      </trkpt>
      <trkpt lat="26.9174469" lon="75.8076721">
        <time>2018-10-11T12:17:12Z</time>
      </trkpt>
      <trkpt lat="26.9174469" lon="75.8076721">
        <time>2018-10-11T12:17:23Z</time>
      </trkpt>
      <trkpt lat="26.9174469" lon="75.8076721">
        <time>2018-10-11T12:17:33Z</time>
      </trkpt>
      <trkpt lat="26.9174469" lon="75.8076721">
        <time>2018-10-11T12:17:43Z</time>
      </trkpt>
      <trkpt lat="26.9174469" lon="75.8076721">
        <time>2018-10-11T12:17:54Z</time>
      </trkpt>
      <trkpt lat="26.9174469" lon="75.8076721">
        <time>2018-10-11T12:18:05Z</time>
      </trkpt>
      <trkpt lat="26.9174469" lon="75.8076721">
        <time>2018-10-11T12:18:15Z</time>
      </trkpt>
      <trkpt lat="26.9174541" lon="75.8076751">
        <time>2018-10-11T12:18:25Z</time>
      </trkpt>
      <trkpt lat="26.9174567" lon="75.8076764">
        <time>2018-10-11T12:18:36Z</time>
      </trkpt>
      <trkpt lat="26.9174567" lon="75.8076764">
        <time>2018-10-11T12:18:46Z</time>
      </trkpt>
      <trkpt lat="26.9174567" lon="75.8076764">
        <time>2018-10-11T12:18:57Z</time>
      </trkpt>
      <trkpt lat="26.9174567" lon="75.8076764">
        <time>2018-10-11T12:19:07Z</time>
      </trkpt>
      <trkpt lat="26.9174573" lon="75.8076774">
        <time>2018-10-11T12:19:17Z</time>
      </trkpt>
      <trkpt lat="26.9174571" lon="75.8076775">
        <time>2018-10-11T12:19:28Z</time>
      </trkpt>
      <trkpt lat="26.9174583" lon="75.8076773">
        <time>2018-10-11T12:19:39Z</time>
      </trkpt>
      <trkpt lat="26.9174593" lon="75.8076774">
        <time>2018-10-11T12:19:49Z</time>
      </trkpt>
      <trkpt lat="26.9174597" lon="75.8076776">
        <time>2018-10-11T12:20:00Z</time>
      </trkpt>
      <trkpt lat="26.9174597" lon="75.8076776">
        <time>2018-10-11T12:20:10Z</time>
      </trkpt>
      <trkpt lat="26.9174609" lon="75.8076770">
        <time>2018-10-11T12:20:20Z</time>
      </trkpt>
      <trkpt lat="26.9174609" lon="75.8076769">
        <time>2018-10-11T12:20:31Z</time>
      </trkpt>
      <trkpt lat="26.9174609" lon="75.8076769">
        <time>2018-10-11T12:20:41Z</time>
      </trkpt>
      <trkpt lat="26.9174609" lon="75.8076769">
        <time>2018-10-11T12:20:52Z</time>
      </trkpt>
      <trkpt lat="26.9174609" lon="75.8076769">
        <time>2018-10-11T12:21:03Z</time>
      </trkpt>
      <trkpt lat="26.9174609" lon="75.8076769">
        <time>2018-10-11T12:21:14Z</time>
      </trkpt>
      <trkpt lat="26.9174609" lon="75.8076769">
        <time>2018-10-11T12:21:24Z</time>
      </trkpt>
      <trkpt lat="26.9174609" lon="75.8076769">
        <time>2018-10-11T12:21:34Z</time>
      </trkpt>
      <trkpt lat="26.9174609" lon="75.8076769">
        <time>2018-10-11T12:21:45Z</time>
      </trkpt>
      <trkpt lat="26.9174609" lon="75.8076769">
        <time>2018-10-11T12:21:55Z</time>
      </trkpt>
      <trkpt lat="26.9174609" lon="75.8076769">
        <time>2018-10-11T12:22:06Z</time>
      </trkpt>
      <trkpt lat="26.9174609" lon="75.8076769">
        <time>2018-10-11T12:22:16Z</time>
      </trkpt>
      <trkpt lat="26.9174609" lon="75.8076769">
        <time>2018-10-11T12:22:26Z</time>
      </trkpt>
      <trkpt lat="26.9174609" lon="75.8076769">
        <time>2018-10-11T12:22:37Z</time>
      </trkpt>
      <trkpt lat="26.9174609" lon="75.8076769">
        <time>2018-10-11T12:22:47Z</time>
      </trkpt>
      <trkpt lat="26.9174609" lon="75.8076769">
        <time>2018-10-11T12:22:57Z</time>
      </trkpt>
      <trkpt lat="26.9174609" lon="75.8076769">
        <time>2018-10-11T12:23:08Z</time>
      </trkpt>
      <trkpt lat="26.9174609" lon="75.8076769">
        <time>2018-10-11T12:23:18Z</time>
      </trkpt>
      <trkpt lat="26.9174609" lon="75.8076769">
        <time>2018-10-11T12:23:28Z</time>
      </trkpt>
      <trkpt lat="26.9174609" lon="75.8076769">
        <time>2018-10-11T12:23:39Z</time>
      </trkpt>
      <trkpt lat="26.9174609" lon="75.8076769">
        <time>2018-10-11T12:23:49Z</time>
      </trkpt>
      <trkpt lat="26.9174609" lon="75.8076769">
        <time>2018-10-11T12:24:00Z</time>
      </trkpt>
      <trkpt lat="26.9174609" lon="75.8076769">
        <time>2018-10-11T12:24:11Z</time>
      </trkpt>
      <trkpt lat="26.9174609" lon="75.8076769">
        <time>2018-10-11T12:24:22Z</time>
      </trkpt>
      <trkpt lat="26.9174609" lon="75.8076769">
        <time>2018-10-11T12:24:32Z</time>
      </trkpt>
      <trkpt lat="26.9174609" lon="75.8076769">
        <time>2018-10-11T12:24:42Z</time>
      </trkpt>
      <trkpt lat="26.9174609" lon="75.8076769">
        <time>2018-10-11T12:24:52Z</time>
      </trkpt>
      <trkpt lat="26.9174547" lon="75.8076530">
        <time>2018-10-11T12:25:03Z</time>
      </trkpt>
      <trkpt lat="26.9174547" lon="75.8076524">
        <time>2018-10-11T12:25:14Z</time>
      </trkpt>
      <trkpt lat="26.9174547" lon="75.8076524">
        <time>2018-10-11T12:25:24Z</time>
      </trkpt>
      <trkpt lat="26.9174547" lon="75.8076524">
        <time>2018-10-11T12:25:34Z</time>
      </trkpt>
      <trkpt lat="26.9174547" lon="75.8076524">
        <time>2018-10-11T12:25:45Z</time>
      </trkpt>
      <trkpt lat="26.9174547" lon="75.8076524">
        <time>2018-10-11T12:25:55Z</time>
      </trkpt>
      <trkpt lat="26.9174672" lon="75.8076631">
        <time>2018-10-11T12:26:06Z</time>
      </trkpt>
      <trkpt lat="26.9174836" lon="75.8076670">
        <time>2018-10-11T12:26:16Z</time>
      </trkpt>
      <trkpt lat="26.9174836" lon="75.8076670">
        <time>2018-10-11T12:26:26Z</time>
      </trkpt>
      <trkpt lat="26.9174836" lon="75.8076670">
        <time>2018-10-11T12:26:36Z</time>
      </trkpt>
      <trkpt lat="26.9174836" lon="75.8076670">
        <time>2018-10-11T12:26:47Z</time>
      </trkpt>
      <trkpt lat="26.9174836" lon="75.8076670">
        <time>2018-10-11T12:26:57Z</time>
      </trkpt>
      <trkpt lat="26.9174836" lon="75.8076670">
        <time>2018-10-11T12:27:07Z</time>
      </trkpt>
      <trkpt lat="26.9174836" lon="75.8076670">
        <time>2018-10-11T12:27:18Z</time>
      </trkpt>
      <trkpt lat="26.9174836" lon="75.8076670">
        <time>2018-10-11T12:27:28Z</time>
      </trkpt>
      <trkpt lat="26.9174836" lon="75.8076670">
        <time>2018-10-11T12:27:38Z</time>
      </trkpt>
      <trkpt lat="26.9174836" lon="75.8076670">
        <time>2018-10-11T12:27:49Z</time>
      </trkpt>
      <trkpt lat="26.9174836" lon="75.8076670">
        <time>2018-10-11T12:27:59Z</time>
      </trkpt>
      <trkpt lat="26.9174836" lon="75.8076670">
        <time>2018-10-11T12:28:09Z</time>
      </trkpt>
      <trkpt lat="26.9174836" lon="75.8076670">
        <time>2018-10-11T12:28:19Z</time>
      </trkpt>
      <trkpt lat="26.9174836" lon="75.8076670">
        <time>2018-10-11T12:28:30Z</time>
      </trkpt>
      <trkpt lat="26.9174836" lon="75.8076670">
        <time>2018-10-11T12:28:41Z</time>
      </trkpt>
      <trkpt lat="26.9174836" lon="75.8076670">
        <time>2018-10-11T12:28:51Z</time>
      </trkpt>
      <trkpt lat="26.9174836" lon="75.8076670">
        <time>2018-10-11T12:29:02Z</time>
      </trkpt>
      <trkpt lat="26.9174387" lon="75.8076793">
        <time>2018-10-11T12:29:12Z</time>
      </trkpt>
      <trkpt lat="26.9174387" lon="75.8076793">
        <time>2018-10-11T12:29:22Z</time>
      </trkpt>
      <trkpt lat="26.9174387" lon="75.8076793">
        <time>2018-10-11T12:29:32Z</time>
      </trkpt>
      <trkpt lat="26.9174387" lon="75.8076793">
        <time>2018-10-11T12:29:43Z</time>
      </trkpt>
      <trkpt lat="26.9174387" lon="75.8076793">
        <time>2018-10-11T12:29:53Z</time>
      </trkpt>
      <trkpt lat="26.9174387" lon="75.8076793">
        <time>2018-10-11T12:30:04Z</time>
      </trkpt>
      <trkpt lat="26.9174387" lon="75.8076793">
        <time>2018-10-11T12:30:14Z</time>
      </trkpt>
      <trkpt lat="26.9174387" lon="75.8076793">
        <time>2018-10-11T12:30:24Z</time>
      </trkpt>
      <trkpt lat="26.9174387" lon="75.8076793">
        <time>2018-10-11T12:30:34Z</time>
      </trkpt>
      <trkpt lat="26.9174387" lon="75.8076793">
        <time>2018-10-11T12:30:44Z</time>
      </trkpt>
      <trkpt lat="26.9174242" lon="75.8076826">
        <time>2018-10-11T12:30:55Z</time>
      </trkpt>
      <trkpt lat="26.9174242" lon="75.8076826">
        <time>2018-10-11T12:31:06Z</time>
      </trkpt>
      <trkpt lat="26.9174242" lon="75.8076826">
        <time>2018-10-11T12:31:17Z</time>
      </trkpt>
      <trkpt lat="26.9174242" lon="75.8076826">
        <time>2018-10-11T12:31:28Z</time>
      </trkpt>
      <trkpt lat="26.9174242" lon="75.8076826">
        <time>2018-10-11T12:31:39Z</time>
      </trkpt>
      <trkpt lat="26.9174242" lon="75.8076826">
        <time>2018-10-11T12:31:50Z</time>
      </trkpt>
      <trkpt lat="26.9174242" lon="75.8076826">
        <time>2018-10-11T12:32:01Z</time>
      </trkpt>
      <trkpt lat="26.9174242" lon="75.8076826">
        <time>2018-10-11T12:32:12Z</time>
      </trkpt>
      <trkpt lat="26.9174242" lon="75.8076826">
        <time>2018-10-11T12:32:23Z</time>
      </trkpt>
      <trkpt lat="26.9174242" lon="75.8076826">
        <time>2018-10-11T12:32:33Z</time>
      </trkpt>
      <trkpt lat="26.9174242" lon="75.8076826">
        <time>2018-10-11T12:32:43Z</time>
      </trkpt>
      <trkpt lat="26.9174242" lon="75.8076826">
        <time>2018-10-11T12:32:54Z</time>
      </trkpt>
      <trkpt lat="26.9174242" lon="75.8076826">
        <time>2018-10-11T12:33:05Z</time>
      </trkpt>
      <trkpt lat="26.9174242" lon="75.8076826">
        <time>2018-10-11T12:33:16Z</time>
      </trkpt>
      <trkpt lat="26.9174242" lon="75.8076826">
        <time>2018-10-11T12:33:27Z</time>
      </trkpt>
      <trkpt lat="26.9174242" lon="75.8076826">
        <time>2018-10-11T12:33:37Z</time>
      </trkpt>
      <trkpt lat="26.9174242" lon="75.8076826">
        <time>2018-10-11T12:33:48Z</time>
      </trkpt>
      <trkpt lat="26.9174242" lon="75.8076826">
        <time>2018-10-11T12:33:59Z</time>
      </trkpt>
      <trkpt lat="26.9174242" lon="75.8076826">
        <time>2018-10-11T12:34:09Z</time>
      </trkpt>
      <trkpt lat="26.9174242" lon="75.8076826">
        <time>2018-10-11T12:34:19Z</time>
      </trkpt>
      <trkpt lat="26.9174242" lon="75.8076826">
        <time>2018-10-11T12:34:29Z</time>
      </trkpt>
      <trkpt lat="26.9174242" lon="75.8076826">
        <time>2018-10-11T12:34:39Z</time>
      </trkpt>
      <trkpt lat="26.9174242" lon="75.8076826">
        <time>2018-10-11T12:34:50Z</time>
      </trkpt>
      <trkpt lat="26.9174242" lon="75.8076826">
        <time>2018-10-11T12:35:01Z</time>
      </trkpt>
      <trkpt lat="26.9174242" lon="75.8076826">
        <time>2018-10-11T12:35:11Z</time>
      </trkpt>
      <trkpt lat="26.9174242" lon="75.8076826">
        <time>2018-10-11T12:35:22Z</time>
      </trkpt>
      <trkpt lat="26.9174242" lon="75.8076826">
        <time>2018-10-11T12:35:32Z</time>
      </trkpt>
      <trkpt lat="26.9174242" lon="75.8076826">
        <time>2018-10-11T12:35:43Z</time>
      </trkpt>
      <trkpt lat="26.9174242" lon="75.8076826">
        <time>2018-10-11T12:35:53Z</time>
      </trkpt>
      <trkpt lat="26.9174242" lon="75.8076826">
        <time>2018-10-11T12:36:03Z</time>
      </trkpt>
      <trkpt lat="26.9174242" lon="75.8076826">
        <time>2018-10-11T12:36:14Z</time>
      </trkpt>
      <trkpt lat="26.9174242" lon="75.8076826">
        <time>2018-10-11T12:36:25Z</time>
      </trkpt>
      <trkpt lat="26.9174242" lon="75.8076826">
        <time>2018-10-11T12:36:35Z</time>
      </trkpt>
      <trkpt lat="26.9174242" lon="75.8076826">
        <time>2018-10-11T12:36:46Z</time>
      </trkpt>
      <trkpt lat="26.9174242" lon="75.8076826">
        <time>2018-10-11T12:36:57Z</time>
      </trkpt>
      <trkpt lat="26.9174242" lon="75.8076826">
        <time>2018-10-11T12:37:08Z</time>
      </trkpt>
      <trkpt lat="26.9174242" lon="75.8076826">
        <time>2018-10-11T12:37:19Z</time>
      </trkpt>
      <trkpt lat="26.9174242" lon="75.8076826">
        <time>2018-10-11T12:37:29Z</time>
      </trkpt>
      <trkpt lat="26.9174242" lon="75.8076826">
        <time>2018-10-11T12:37:40Z</time>
      </trkpt>
      <trkpt lat="26.9174242" lon="75.8076826">
        <time>2018-10-11T12:37:51Z</time>
      </trkpt>
      <trkpt lat="26.9174242" lon="75.8076826">
        <time>2018-10-11T12:38:02Z</time>
      </trkpt>
      <trkpt lat="26.9174242" lon="75.8076826">
        <time>2018-10-11T12:38:12Z</time>
      </trkpt>
      <trkpt lat="26.9174242" lon="75.8076826">
        <time>2018-10-11T12:38:23Z</time>
      </trkpt>
      <trkpt lat="26.9174284" lon="75.8076861">
        <time>2018-10-11T12:38:33Z</time>
      </trkpt>
      <trkpt lat="26.9174309" lon="75.8076896">
        <time>2018-10-11T12:38:43Z</time>
      </trkpt>
      <trkpt lat="26.9174309" lon="75.8076896">
        <time>2018-10-11T12:38:54Z</time>
      </trkpt>
      <trkpt lat="26.9174313" lon="75.8076906">
        <time>2018-10-11T12:39:05Z</time>
      </trkpt>
      <trkpt lat="26.9174317" lon="75.8076916">
        <time>2018-10-11T12:39:15Z</time>
      </trkpt>
      <trkpt lat="26.9174317" lon="75.8076916">
        <time>2018-10-11T12:39:25Z</time>
      </trkpt>
      <trkpt lat="26.9174317" lon="75.8076916">
        <time>2018-10-11T12:39:35Z</time>
      </trkpt>
      <trkpt lat="26.9174317" lon="75.8076916">
        <time>2018-10-11T12:39:45Z</time>
      </trkpt>
      <trkpt lat="26.9174317" lon="75.8076916">
        <time>2018-10-11T12:39:56Z</time>
      </trkpt>
      <trkpt lat="26.9174317" lon="75.8076916">
        <time>2018-10-11T12:40:07Z</time>
      </trkpt>
      <trkpt lat="26.9174317" lon="75.8076916">
        <time>2018-10-11T12:40:18Z</time>
      </trkpt>
      <trkpt lat="26.9174317" lon="75.8076916">
        <time>2018-10-11T12:40:28Z</time>
      </trkpt>
      <trkpt lat="26.9174351" lon="75.8076947">
        <time>2018-10-11T12:40:39Z</time>
      </trkpt>
      <trkpt lat="26.9174351" lon="75.8076947">
        <time>2018-10-11T12:40:49Z</time>
      </trkpt>
      <trkpt lat="26.9174346" lon="75.8076952">
        <time>2018-10-11T12:41:00Z</time>
      </trkpt>
      <trkpt lat="26.9174343" lon="75.8076959">
        <time>2018-10-11T12:41:11Z</time>
      </trkpt>
      <trkpt lat="26.9174337" lon="75.8076965">
        <time>2018-10-11T12:41:22Z</time>
      </trkpt>
      <trkpt lat="26.9174337" lon="75.8076965">
        <time>2018-10-11T12:41:32Z</time>
      </trkpt>
      <trkpt lat="26.9174337" lon="75.8076965">
        <time>2018-10-11T12:41:42Z</time>
      </trkpt>
      <trkpt lat="26.9174337" lon="75.8076965">
        <time>2018-10-11T12:41:52Z</time>
      </trkpt>
      <trkpt lat="26.9174337" lon="75.8076965">
        <time>2018-10-11T12:42:03Z</time>
      </trkpt>
      <trkpt lat="26.9174337" lon="75.8076965">
        <time>2018-10-11T12:42:14Z</time>
      </trkpt>
      <trkpt lat="26.9174337" lon="75.8076965">
        <time>2018-10-11T12:42:24Z</time>
      </trkpt>
      <trkpt lat="26.9174337" lon="75.8076965">
        <time>2018-10-11T12:42:34Z</time>
      </trkpt>
      <trkpt lat="26.9174337" lon="75.8076965">
        <time>2018-10-11T12:42:44Z</time>
      </trkpt>
      <trkpt lat="26.9174355" lon="75.8076932">
        <time>2018-10-11T12:42:55Z</time>
      </trkpt>
      <trkpt lat="26.9174355" lon="75.8076932">
        <time>2018-10-11T12:43:06Z</time>
      </trkpt>
      <trkpt lat="26.9174368" lon="75.8076788">
        <time>2018-10-11T12:43:17Z</time>
      </trkpt>
      <trkpt lat="26.9174368" lon="75.8076788">
        <time>2018-10-11T12:43:28Z</time>
      </trkpt>
      <trkpt lat="26.9174368" lon="75.8076788">
        <time>2018-10-11T12:43:38Z</time>
      </trkpt>
      <trkpt lat="26.9174368" lon="75.8076788">
        <time>2018-10-11T12:43:48Z</time>
      </trkpt>
      <trkpt lat="26.9174499" lon="75.8076743">
        <time>2018-10-11T12:43:59Z</time>
      </trkpt>
      <trkpt lat="26.9174499" lon="75.8076743">
        <time>2018-10-11T12:44:10Z</time>
      </trkpt>
      <trkpt lat="26.9174499" lon="75.8076743">
        <time>2018-10-11T12:44:20Z</time>
      </trkpt>
      <trkpt lat="26.9174499" lon="75.8076743">
        <time>2018-10-11T12:44:31Z</time>
      </trkpt>
      <trkpt lat="26.9174499" lon="75.8076743">
        <time>2018-10-11T12:44:41Z</time>
      </trkpt>
      <trkpt lat="26.9174499" lon="75.8076743">
        <time>2018-10-11T12:44:51Z</time>
      </trkpt>
      <trkpt lat="26.9174499" lon="75.8076743">
        <time>2018-10-11T12:45:02Z</time>
      </trkpt>
      <trkpt lat="26.9174516" lon="75.8076739">
        <time>2018-10-11T12:45:12Z</time>
      </trkpt>
      <trkpt lat="26.9174516" lon="75.8076739">
        <time>2018-10-11T12:45:22Z</time>
      </trkpt>
      <trkpt lat="26.9174516" lon="75.8076739">
        <time>2018-10-11T12:45:32Z</time>
      </trkpt>
      <trkpt lat="26.9174516" lon="75.8076739">
        <time>2018-10-11T12:45:43Z</time>
      </trkpt>
      <trkpt lat="26.9174516" lon="75.8076739">
        <time>2018-10-11T12:45:54Z</time>
      </trkpt>
      <trkpt lat="26.9174516" lon="75.8076739">
        <time>2018-10-11T12:46:05Z</time>
      </trkpt>
      <trkpt lat="26.9174516" lon="75.8076739">
        <time>2018-10-11T12:46:15Z</time>
      </trkpt>
      <trkpt lat="26.9174516" lon="75.8076739">
        <time>2018-10-11T12:46:26Z</time>
      </trkpt>
      <trkpt lat="26.9174516" lon="75.8076739">
        <time>2018-10-11T12:46:36Z</time>
      </trkpt>
      <trkpt lat="26.9174516" lon="75.8076739">
        <time>2018-10-11T12:46:47Z</time>
      </trkpt>
      <trkpt lat="26.9174516" lon="75.8076739">
        <time>2018-10-11T12:46:57Z</time>
      </trkpt>
      <trkpt lat="26.9174516" lon="75.8076739">
        <time>2018-10-11T12:47:07Z</time>
      </trkpt>
      <trkpt lat="26.9174516" lon="75.8076739">
        <time>2018-10-11T12:47:18Z</time>
      </trkpt>
      <trkpt lat="26.9174516" lon="75.8076739">
        <time>2018-10-11T12:47:29Z</time>
      </trkpt>
      <trkpt lat="26.9174516" lon="75.8076739">
        <time>2018-10-11T12:47:39Z</time>
      </trkpt>
      <trkpt lat="26.9174516" lon="75.8076739">
        <time>2018-10-11T12:47:50Z</time>
      </trkpt>
      <trkpt lat="26.9174516" lon="75.8076739">
        <time>2018-10-11T12:48:00Z</time>
      </trkpt>
      <trkpt lat="26.9174516" lon="75.8076739">
        <time>2018-10-11T12:48:10Z</time>
      </trkpt>
      <trkpt lat="26.9174516" lon="75.8076739">
        <time>2018-10-11T12:48:21Z</time>
      </trkpt>
      <trkpt lat="26.9174516" lon="75.8076739">
        <time>2018-10-11T12:48:31Z</time>
      </trkpt>
      <trkpt lat="26.9174516" lon="75.8076739">
        <time>2018-10-11T12:48:42Z</time>
      </trkpt>
      <trkpt lat="26.9174516" lon="75.8076739">
        <time>2018-10-11T12:48:52Z</time>
      </trkpt>
      <trkpt lat="26.9174516" lon="75.8076739">
        <time>2018-10-11T12:49:03Z</time>
      </trkpt>
      <trkpt lat="26.9174516" lon="75.8076739">
        <time>2018-10-11T12:49:14Z</time>
      </trkpt>
      <trkpt lat="26.9174516" lon="75.8076739">
        <time>2018-10-11T12:49:25Z</time>
      </trkpt>
      <trkpt lat="26.9174516" lon="75.8076739">
        <time>2018-10-11T12:49:35Z</time>
      </trkpt>
      <trkpt lat="26.9174516" lon="75.8076739">
        <time>2018-10-11T12:49:45Z</time>
      </trkpt>
      <trkpt lat="26.9174516" lon="75.8076739">
        <time>2018-10-11T12:49:55Z</time>
      </trkpt>
      <trkpt lat="26.9174516" lon="75.8076739">
        <time>2018-10-11T12:50:05Z</time>
      </trkpt>
      <trkpt lat="26.9174516" lon="75.8076739">
        <time>2018-10-11T12:50:16Z</time>
      </trkpt>
      <trkpt lat="26.9174516" lon="75.8076739">
        <time>2018-10-11T12:50:26Z</time>
      </trkpt>
      <trkpt lat="26.9174516" lon="75.8076739">
        <time>2018-10-11T12:50:37Z</time>
      </trkpt>
      <trkpt lat="26.9174516" lon="75.8076739">
        <time>2018-10-11T12:50:47Z</time>
      </trkpt>
      <trkpt lat="26.9174516" lon="75.8076739">
        <time>2018-10-11T12:50:58Z</time>
      </trkpt>
      <trkpt lat="26.9174516" lon="75.8076739">
        <time>2018-10-11T12:51:08Z</time>
      </trkpt>
      <trkpt lat="26.9174516" lon="75.8076739">
        <time>2018-10-11T12:51:19Z</time>
      </trkpt>
      <trkpt lat="26.9174516" lon="75.8076739">
        <time>2018-10-11T12:51:29Z</time>
      </trkpt>
      <trkpt lat="26.9174516" lon="75.8076739">
        <time>2018-10-11T12:51:40Z</time>
      </trkpt>
      <trkpt lat="26.9174516" lon="75.8076739">
        <time>2018-10-11T12:51:51Z</time>
      </trkpt>
      <trkpt lat="26.9174516" lon="75.8076739">
        <time>2018-10-11T12:52:01Z</time>
      </trkpt>
      <trkpt lat="26.9174516" lon="75.8076739">
        <time>2018-10-11T12:52:11Z</time>
      </trkpt>
      <trkpt lat="26.9174516" lon="75.8076739">
        <time>2018-10-11T12:52:21Z</time>
      </trkpt>
      <trkpt lat="26.9174516" lon="75.8076739">
        <time>2018-10-11T12:52:32Z</time>
      </trkpt>
      <trkpt lat="26.9174516" lon="75.8076739">
        <time>2018-10-11T12:52:42Z</time>
      </trkpt>
      <trkpt lat="26.9174516" lon="75.8076739">
        <time>2018-10-11T12:52:53Z</time>
      </trkpt>
      <trkpt lat="26.9174516" lon="75.8076739">
        <time>2018-10-11T12:53:03Z</time>
      </trkpt>
      <trkpt lat="26.9174516" lon="75.8076739">
        <time>2018-10-11T12:53:13Z</time>
      </trkpt>
      <trkpt lat="26.9174516" lon="75.8076739">
        <time>2018-10-11T12:53:24Z</time>
      </trkpt>
      <trkpt lat="26.9174516" lon="75.8076739">
        <time>2018-10-11T12:53:34Z</time>
      </trkpt>
      <trkpt lat="26.9174516" lon="75.8076739">
        <time>2018-10-11T12:53:44Z</time>
      </trkpt>
      <trkpt lat="26.9174516" lon="75.8076739">
        <time>2018-10-11T12:53:55Z</time>
      </trkpt>
      <trkpt lat="26.9174516" lon="75.8076739">
        <time>2018-10-11T12:54:06Z</time>
      </trkpt>
      <trkpt lat="26.9174516" lon="75.8076739">
        <time>2018-10-11T12:54:17Z</time>
      </trkpt>
      <trkpt lat="26.9174516" lon="75.8076739">
        <time>2018-10-11T12:54:27Z</time>
      </trkpt>
      <trkpt lat="26.9174516" lon="75.8076739">
        <time>2018-10-11T12:54:37Z</time>
      </trkpt>
      <trkpt lat="26.9174516" lon="75.8076739">
        <time>2018-10-11T12:54:48Z</time>
      </trkpt>
      <trkpt lat="26.9174516" lon="75.8076739">
        <time>2018-10-11T12:54:59Z</time>
      </trkpt>
      <trkpt lat="26.9174516" lon="75.8076739">
        <time>2018-10-11T12:55:10Z</time>
      </trkpt>
      <trkpt lat="26.9174516" lon="75.8076739">
        <time>2018-10-11T12:55:21Z</time>
      </trkpt>
      <trkpt lat="26.9174516" lon="75.8076739">
        <time>2018-10-11T12:55:31Z</time>
      </trkpt>
      <trkpt lat="26.9174516" lon="75.8076739">
        <time>2018-10-11T12:55:42Z</time>
      </trkpt>
      <trkpt lat="26.9174516" lon="75.8076739">
        <time>2018-10-11T12:55:52Z</time>
      </trkpt>
      <trkpt lat="26.9174516" lon="75.8076739">
        <time>2018-10-11T12:56:03Z</time>
      </trkpt>
      <trkpt lat="26.9174516" lon="75.8076739">
        <time>2018-10-11T12:56:14Z</time>
      </trkpt>
      <trkpt lat="26.9174516" lon="75.8076739">
        <time>2018-10-11T12:56:25Z</time>
      </trkpt>
      <trkpt lat="26.9174516" lon="75.8076739">
        <time>2018-10-11T12:56:36Z</time>
      </trkpt>
      <trkpt lat="26.9174516" lon="75.8076739">
        <time>2018-10-11T12:56:47Z</time>
      </trkpt>
      <trkpt lat="26.9174516" lon="75.8076739">
        <time>2018-10-11T12:56:57Z</time>
      </trkpt>
      <trkpt lat="26.9174516" lon="75.8076739">
        <time>2018-10-11T12:57:07Z</time>
      </trkpt>
      <trkpt lat="26.9174516" lon="75.8076739">
        <time>2018-10-11T12:57:18Z</time>
      </trkpt>
      <trkpt lat="26.9174516" lon="75.8076739">
        <time>2018-10-11T12:57:29Z</time>
      </trkpt>
      <trkpt lat="26.9174516" lon="75.8076739">
        <time>2018-10-11T12:57:39Z</time>
      </trkpt>
      <trkpt lat="26.9174516" lon="75.8076739">
        <time>2018-10-11T12:57:50Z</time>
      </trkpt>
      <trkpt lat="26.9174516" lon="75.8076739">
        <time>2018-10-11T12:58:01Z</time>
      </trkpt>
      <trkpt lat="26.9174516" lon="75.8076739">
        <time>2018-10-11T12:58:12Z</time>
      </trkpt>
      <trkpt lat="26.9174516" lon="75.8076739">
        <time>2018-10-11T12:58:23Z</time>
      </trkpt>
      <trkpt lat="26.9174516" lon="75.8076739">
        <time>2018-10-11T12:58:34Z</time>
      </trkpt>
      <trkpt lat="26.9174516" lon="75.8076739">
        <time>2018-10-11T12:58:44Z</time>
      </trkpt>
      <trkpt lat="26.9174516" lon="75.8076739">
        <time>2018-10-11T12:58:54Z</time>
      </trkpt>
      <trkpt lat="26.9174516" lon="75.8076739">
        <time>2018-10-11T12:59:05Z</time>
      </trkpt>
      <trkpt lat="26.9174516" lon="75.8076739">
        <time>2018-10-11T12:59:16Z</time>
      </trkpt>
      <trkpt lat="26.9174516" lon="75.8076739">
        <time>2018-10-11T12:59:26Z</time>
      </trkpt>
      <trkpt lat="26.9174516" lon="75.8076739">
        <time>2018-10-11T12:59:37Z</time>
      </trkpt>
      <trkpt lat="26.9174516" lon="75.8076739">
        <time>2018-10-11T12:59:48Z</time>
      </trkpt>
      <trkpt lat="26.9174516" lon="75.8076739">
        <time>2018-10-11T12:59:59Z</time>
      </trkpt>
      <trkpt lat="26.9174516" lon="75.8076739">
        <time>2018-10-11T13:00:10Z</time>
      </trkpt>
      <trkpt lat="26.9174516" lon="75.8076739">
        <time>2018-10-11T13:00:21Z</time>
      </trkpt>
      <trkpt lat="26.9174516" lon="75.8076739">
        <time>2018-10-11T13:00:31Z</time>
      </trkpt>
      <trkpt lat="26.9174516" lon="75.8076739">
        <time>2018-10-11T13:00:41Z</time>
      </trkpt>
      <trkpt lat="26.9174516" lon="75.8076739">
        <time>2018-10-11T13:00:51Z</time>
      </trkpt>
      <trkpt lat="26.9174516" lon="75.8076739">
        <time>2018-10-11T13:01:02Z</time>
      </trkpt>
      <trkpt lat="26.9174516" lon="75.8076739">
        <time>2018-10-11T13:01:13Z</time>
      </trkpt>
      <trkpt lat="26.9174516" lon="75.8076739">
        <time>2018-10-11T13:01:24Z</time>
      </trkpt>
      <trkpt lat="26.9174516" lon="75.8076739">
        <time>2018-10-11T13:01:35Z</time>
      </trkpt>
      <trkpt lat="26.9174516" lon="75.8076739">
        <time>2018-10-11T13:01:45Z</time>
      </trkpt>
      <trkpt lat="26.9174516" lon="75.8076739">
        <time>2018-10-11T13:01:56Z</time>
      </trkpt>
      <trkpt lat="26.9174516" lon="75.8076739">
        <time>2018-10-11T13:02:06Z</time>
      </trkpt>
      <trkpt lat="26.9174516" lon="75.8076739">
        <time>2018-10-11T13:02:17Z</time>
      </trkpt>
      <trkpt lat="26.9174516" lon="75.8076739">
        <time>2018-10-11T13:02:28Z</time>
      </trkpt>
      <trkpt lat="26.9174516" lon="75.8076739">
        <time>2018-10-11T13:02:38Z</time>
      </trkpt>
      <trkpt lat="26.9174516" lon="75.8076739">
        <time>2018-10-11T13:02:49Z</time>
      </trkpt>
      <trkpt lat="26.9174516" lon="75.8076739">
        <time>2018-10-11T13:03:00Z</time>
      </trkpt>
      <trkpt lat="26.9174516" lon="75.8076739">
        <time>2018-10-11T13:03:11Z</time>
      </trkpt>
      <trkpt lat="26.9174516" lon="75.8076739">
        <time>2018-10-11T13:03:21Z</time>
      </trkpt>
      <trkpt lat="26.9174516" lon="75.8076739">
        <time>2018-10-11T13:03:31Z</time>
      </trkpt>
      <trkpt lat="26.9174516" lon="75.8076739">
        <time>2018-10-11T13:03:42Z</time>
      </trkpt>
      <trkpt lat="26.9174516" lon="75.8076739">
        <time>2018-10-11T13:03:52Z</time>
      </trkpt>
      <trkpt lat="26.9174516" lon="75.8076739">
        <time>2018-10-11T13:04:03Z</time>
      </trkpt>
      <trkpt lat="26.9174516" lon="75.8076739">
        <time>2018-10-11T13:04:13Z</time>
      </trkpt>
      <trkpt lat="26.9174516" lon="75.8076739">
        <time>2018-10-11T13:04:23Z</time>
      </trkpt>
      <trkpt lat="26.9174516" lon="75.8076739">
        <time>2018-10-11T13:04:34Z</time>
      </trkpt>
      <trkpt lat="26.9174516" lon="75.8076739">
        <time>2018-10-11T13:04:44Z</time>
      </trkpt>
      <trkpt lat="26.9174516" lon="75.8076739">
        <time>2018-10-11T13:04:55Z</time>
      </trkpt>
      <trkpt lat="26.9174516" lon="75.8076739">
        <time>2018-10-11T13:05:05Z</time>
      </trkpt>
      <trkpt lat="26.9174516" lon="75.8076739">
        <time>2018-10-11T13:05:16Z</time>
      </trkpt>
      <trkpt lat="26.9174516" lon="75.8076739">
        <time>2018-10-11T13:05:26Z</time>
      </trkpt>
      <trkpt lat="26.9174516" lon="75.8076739">
        <time>2018-10-11T13:05:36Z</time>
      </trkpt>
      <trkpt lat="26.9174516" lon="75.8076739">
        <time>2018-10-11T13:05:47Z</time>
      </trkpt>
      <trkpt lat="26.9174516" lon="75.8076739">
        <time>2018-10-11T13:05:58Z</time>
      </trkpt>
      <trkpt lat="26.9174516" lon="75.8076739">
        <time>2018-10-11T13:06:09Z</time>
      </trkpt>
      <trkpt lat="26.9174516" lon="75.8076739">
        <time>2018-10-11T13:06:19Z</time>
      </trkpt>
      <trkpt lat="26.9174516" lon="75.8076739">
        <time>2018-10-11T13:06:30Z</time>
      </trkpt>
      <trkpt lat="26.9174516" lon="75.8076739">
        <time>2018-10-11T13:06:40Z</time>
      </trkpt>
      <trkpt lat="26.9174516" lon="75.8076739">
        <time>2018-10-11T13:06:51Z</time>
      </trkpt>
      <trkpt lat="26.9174516" lon="75.8076739">
        <time>2018-10-11T13:07:02Z</time>
      </trkpt>
      <trkpt lat="26.9174516" lon="75.8076739">
        <time>2018-10-11T13:07:13Z</time>
      </trkpt>
      <trkpt lat="26.9174516" lon="75.8076739">
        <time>2018-10-11T13:07:24Z</time>
      </trkpt>
      <trkpt lat="26.9174516" lon="75.8076739">
        <time>2018-10-11T13:07:34Z</time>
      </trkpt>
      <trkpt lat="26.9174516" lon="75.8076739">
        <time>2018-10-11T13:07:44Z</time>
      </trkpt>
      <trkpt lat="26.9174516" lon="75.8076739">
        <time>2018-10-11T13:07:55Z</time>
      </trkpt>
      <trkpt lat="26.9174516" lon="75.8076739">
        <time>2018-10-11T13:08:06Z</time>
      </trkpt>
      <trkpt lat="26.9174516" lon="75.8076739">
        <time>2018-10-11T13:08:17Z</time>
      </trkpt>
      <trkpt lat="26.9174516" lon="75.8076739">
        <time>2018-10-11T13:08:27Z</time>
      </trkpt>
      <trkpt lat="26.9174516" lon="75.8076739">
        <time>2018-10-11T13:08:38Z</time>
      </trkpt>
      <trkpt lat="26.9174516" lon="75.8076739">
        <time>2018-10-11T13:08:49Z</time>
      </trkpt>
      <trkpt lat="26.9174516" lon="75.8076739">
        <time>2018-10-11T13:08:59Z</time>
      </trkpt>
      <trkpt lat="26.9174516" lon="75.8076739">
        <time>2018-10-11T13:09:09Z</time>
      </trkpt>
      <trkpt lat="26.9174516" lon="75.8076739">
        <time>2018-10-11T13:09:19Z</time>
      </trkpt>
      <trkpt lat="26.9174516" lon="75.8076739">
        <time>2018-10-11T13:09:29Z</time>
      </trkpt>
      <trkpt lat="26.9174516" lon="75.8076739">
        <time>2018-10-11T13:09:40Z</time>
      </trkpt>
      <trkpt lat="26.9174516" lon="75.8076739">
        <time>2018-10-11T13:09:50Z</time>
      </trkpt>
      <trkpt lat="26.9174516" lon="75.8076739">
        <time>2018-10-11T13:10:01Z</time>
      </trkpt>
      <trkpt lat="26.9174516" lon="75.8076739">
        <time>2018-10-11T13:10:12Z</time>
      </trkpt>
      <trkpt lat="26.9174516" lon="75.8076739">
        <time>2018-10-11T13:10:22Z</time>
      </trkpt>
      <trkpt lat="26.9174516" lon="75.8076739">
        <time>2018-10-11T13:10:33Z</time>
      </trkpt>
      <trkpt lat="26.9174516" lon="75.8076739">
        <time>2018-10-11T13:10:44Z</time>
      </trkpt>
      <trkpt lat="26.9174516" lon="75.8076739">
        <time>2018-10-11T13:10:54Z</time>
      </trkpt>
      <trkpt lat="26.9174516" lon="75.8076739">
        <time>2018-10-11T13:11:05Z</time>
      </trkpt>
      <trkpt lat="26.9174516" lon="75.8076739">
        <time>2018-10-11T13:11:15Z</time>
      </trkpt>
      <trkpt lat="26.9174516" lon="75.8076739">
        <time>2018-10-11T13:11:25Z</time>
      </trkpt>
      <trkpt lat="26.9174516" lon="75.8076739">
        <time>2018-10-11T13:11:35Z</time>
      </trkpt>
      <trkpt lat="26.9174516" lon="75.8076739">
        <time>2018-10-11T13:11:46Z</time>
      </trkpt>
      <trkpt lat="26.9174516" lon="75.8076739">
        <time>2018-10-11T13:11:56Z</time>
      </trkpt>
      <trkpt lat="26.9174516" lon="75.8076739">
        <time>2018-10-11T13:12:07Z</time>
      </trkpt>
      <trkpt lat="26.9174516" lon="75.8076739">
        <time>2018-10-11T13:12:17Z</time>
      </trkpt>
      <trkpt lat="26.9174516" lon="75.8076739">
        <time>2018-10-11T13:12:28Z</time>
      </trkpt>
    </trkseg>
  </trk>
  <trk>
    <trkseg>
      <trkpt lat="26.9084144" lon="75.8248790">
        <time>2018-10-08T13:11:01Z</time>
      </trkpt>
      <trkpt lat="26.9085929" lon="75.8241388">
        <time>2018-10-08T13:11:12Z</time>
      </trkpt>
      <trkpt lat="26.9087483" lon="75.8236776">
        <time>2018-10-08T13:11:23Z</time>
      </trkpt>
      <trkpt lat="26.9089738" lon="75.8234490">
        <time>2018-10-08T13:11:33Z</time>
      </trkpt>
      <trkpt lat="26.9094073" lon="75.8235939">
        <time>2018-10-08T13:11:43Z</time>
      </trkpt>
      <trkpt lat="26.9099646" lon="75.8237267">
        <time>2018-10-08T13:11:53Z</time>
      </trkpt>
      <trkpt lat="26.9103210" lon="75.8238514">
        <time>2018-10-08T13:12:03Z</time>
      </trkpt>
      <trkpt lat="26.9106480" lon="75.8238996">
        <time>2018-10-08T13:12:13Z</time>
      </trkpt>
      <trkpt lat="26.9107903" lon="75.8236976">
        <time>2018-10-08T13:12:24Z</time>
      </trkpt>
      <trkpt lat="26.9108668" lon="75.8232014">
        <time>2018-10-08T13:12:34Z</time>
      </trkpt>
      <trkpt lat="26.9109386" lon="75.8225569">
        <time>2018-10-08T13:12:44Z</time>
      </trkpt>
      <trkpt lat="26.9110442" lon="75.8219225">
        <time>2018-10-08T13:12:55Z</time>
      </trkpt>
      <trkpt lat="26.9111550" lon="75.8211475">
        <time>2018-10-08T13:13:05Z</time>
      </trkpt>
      <trkpt lat="26.9112683" lon="75.8205030">
        <time>2018-10-08T13:13:15Z</time>
      </trkpt>
      <trkpt lat="26.9109435" lon="75.8200374">
        <time>2018-10-08T13:13:26Z</time>
      </trkpt>
      <trkpt lat="26.9103203" lon="75.8198400">
        <time>2018-10-08T13:13:36Z</time>
      </trkpt>
      <trkpt lat="26.9097880" lon="75.8193042">
        <time>2018-10-08T13:13:47Z</time>
      </trkpt>
      <trkpt lat="26.9093945" lon="75.8188881">
        <time>2018-10-08T13:13:58Z</time>
      </trkpt>
      <trkpt lat="26.9085524" lon="75.8186840">
        <time>2018-10-08T13:14:08Z</time>
      </trkpt>
      <trkpt lat="26.9079572" lon="75.8183855">
        <time>2018-10-08T13:14:19Z</time>
      </trkpt>
      <trkpt lat="26.9080993" lon="75.8177185">
        <time>2018-10-08T13:14:29Z</time>
      </trkpt>
      <trkpt lat="26.9082712" lon="75.8169033">
        <time>2018-10-08T13:14:39Z</time>
      </trkpt>
      <trkpt lat="26.9083972" lon="75.8161790">
        <time>2018-10-08T13:14:50Z</time>
      </trkpt>
      <trkpt lat="26.9084803" lon="75.8155998">
        <time>2018-10-08T13:15:01Z</time>
      </trkpt>
      <trkpt lat="26.9084802" lon="75.8156015">
        <time>2018-10-08T13:15:11Z</time>
      </trkpt>
      <trkpt lat="26.9085284" lon="75.8154272">
        <time>2018-10-08T13:15:22Z</time>
      </trkpt>
      <trkpt lat="26.9088125" lon="75.8152815">
        <time>2018-10-08T13:15:33Z</time>
      </trkpt>
      <trkpt lat="26.9096443" lon="75.8153881">
        <time>2018-10-08T13:15:44Z</time>
      </trkpt>
      <trkpt lat="26.9106084" lon="75.8155343">
        <time>2018-10-08T13:15:55Z</time>
      </trkpt>
      <trkpt lat="26.9114659" lon="75.8157799">
        <time>2018-10-08T13:16:05Z</time>
      </trkpt>
      <trkpt lat="26.9120065" lon="75.8158202">
        <time>2018-10-08T13:16:16Z</time>
      </trkpt>
      <trkpt lat="26.9124607" lon="75.8154513">
        <time>2018-10-08T13:16:26Z</time>
      </trkpt>
      <trkpt lat="26.9126699" lon="75.8144026">
        <time>2018-10-08T13:16:36Z</time>
      </trkpt>
      <trkpt lat="26.9129223" lon="75.8132727">
        <time>2018-10-08T13:16:47Z</time>
      </trkpt>
      <trkpt lat="26.9130678" lon="75.8124905">
        <time>2018-10-08T13:16:58Z</time>
      </trkpt>
      <trkpt lat="26.9131004" lon="75.8124071">
        <time>2018-10-08T13:17:09Z</time>
      </trkpt>
      <trkpt lat="26.9131004" lon="75.8124071">
        <time>2018-10-08T13:17:19Z</time>
      </trkpt>
      <trkpt lat="26.9131442" lon="75.8121994">
        <time>2018-10-08T13:17:30Z</time>
      </trkpt>
      <trkpt lat="26.9131968" lon="75.8117459">
        <time>2018-10-08T13:17:41Z</time>
      </trkpt>
      <trkpt lat="26.9133292" lon="75.8112338">
        <time>2018-10-08T13:17:52Z</time>
      </trkpt>
      <trkpt lat="26.9134984" lon="75.8105712">
        <time>2018-10-08T13:18:03Z</time>
      </trkpt>
      <trkpt lat="26.9136678" lon="75.8097672">
        <time>2018-10-08T13:18:13Z</time>
      </trkpt>
      <trkpt lat="26.9137806" lon="75.8092161">
        <time>2018-10-08T13:18:23Z</time>
      </trkpt>
      <trkpt lat="26.9138407" lon="75.8089726">
        <time>2018-10-08T13:18:34Z</time>
      </trkpt>
      <trkpt lat="26.9138455" lon="75.8089551">
        <time>2018-10-08T13:18:45Z</time>
      </trkpt>
      <trkpt lat="26.9138455" lon="75.8089551">
        <time>2018-10-08T13:18:55Z</time>
      </trkpt>
      <trkpt lat="26.9138455" lon="75.8089551">
        <time>2018-10-08T13:19:06Z</time>
      </trkpt>
      <trkpt lat="26.9138455" lon="75.8089551">
        <time>2018-10-08T13:19:16Z</time>
      </trkpt>
      <trkpt lat="26.9138837" lon="75.8087515">
        <time>2018-10-08T13:19:27Z</time>
      </trkpt>
      <trkpt lat="26.9143328" lon="75.8088197">
        <time>2018-10-08T13:19:37Z</time>
      </trkpt>
      <trkpt lat="26.9147101" lon="75.8089962">
        <time>2018-10-08T13:19:47Z</time>
      </trkpt>
      <trkpt lat="26.9149831" lon="75.8091604">
        <time>2018-10-08T13:19:57Z</time>
      </trkpt>
      <trkpt lat="26.9153684" lon="75.8093332">
        <time>2018-10-08T13:20:08Z</time>
      </trkpt>
      <trkpt lat="26.9158312" lon="75.8095588">
        <time>2018-10-08T13:20:18Z</time>
      </trkpt>
      <trkpt lat="26.9160340" lon="75.8096763">
        <time>2018-10-08T13:20:29Z</time>
      </trkpt>
      <trkpt lat="26.9160340" lon="75.8096763">
        <time>2018-10-08T13:20:40Z</time>
      </trkpt>
      <trkpt lat="26.9160340" lon="75.8096763">
        <time>2018-10-08T13:20:50Z</time>
      </trkpt>
      <trkpt lat="26.9160340" lon="75.8096763">
        <time>2018-10-08T13:21:01Z</time>
      </trkpt>
      <trkpt lat="26.9160340" lon="75.8096763">
        <time>2018-10-08T13:21:11Z</time>
      </trkpt>
      <trkpt lat="26.9160340" lon="75.8096763">
        <time>2018-10-08T13:21:22Z</time>
      </trkpt>
      <trkpt lat="26.9160340" lon="75.8096763">
        <time>2018-10-08T13:21:33Z</time>
      </trkpt>
      <trkpt lat="26.9160395" lon="75.8096658">
        <time>2018-10-08T13:21:43Z</time>
      </trkpt>
      <trkpt lat="26.9161983" lon="75.8097235">
        <time>2018-10-08T13:21:54Z</time>
      </trkpt>
      <trkpt lat="26.9166239" lon="75.8098916">
        <time>2018-10-08T13:22:04Z</time>
      </trkpt>
      <trkpt lat="26.9170211" lon="75.8100089">
        <time>2018-10-08T13:22:14Z</time>
      </trkpt>
      <trkpt lat="26.9173505" lon="75.8101192">
        <time>2018-10-08T13:22:24Z</time>
      </trkpt>
      <trkpt lat="26.9177654" lon="75.8102064">
        <time>2018-10-08T13:22:34Z</time>
      </trkpt>
      <trkpt lat="26.9180003" lon="75.8102314">
        <time>2018-10-08T13:22:45Z</time>
      </trkpt>
      <trkpt lat="26.9180818" lon="75.8102492">
        <time>2018-10-08T13:22:55Z</time>
      </trkpt>
      <trkpt lat="26.9181799" lon="75.8098243">
        <time>2018-10-08T13:23:06Z</time>
      </trkpt>
      <trkpt lat="26.9182250" lon="75.8094204">
        <time>2018-10-08T13:23:16Z</time>
      </trkpt>
      <trkpt lat="26.9182245" lon="75.8093920">
        <time>2018-10-08T13:23:27Z</time>
      </trkpt>
      <trkpt lat="26.9182245" lon="75.8093920">
        <time>2018-10-08T13:23:38Z</time>
      </trkpt>
      <trkpt lat="26.9182245" lon="75.8093920">
        <time>2018-10-08T13:23:49Z</time>
      </trkpt>
      <trkpt lat="26.9182245" lon="75.8093920">
        <time>2018-10-08T13:23:59Z</time>
      </trkpt>
      <trkpt lat="26.9182245" lon="75.8093920">
        <time>2018-10-08T13:24:10Z</time>
      </trkpt>
      <trkpt lat="26.9182196" lon="75.8093609">
        <time>2018-10-08T13:24:20Z</time>
      </trkpt>
      <trkpt lat="26.9182297" lon="75.8092702">
        <time>2018-10-08T13:24:30Z</time>
      </trkpt>
      <trkpt lat="26.9182654" lon="75.8091776">
        <time>2018-10-08T13:24:40Z</time>
      </trkpt>
      <trkpt lat="26.9182949" lon="75.8090411">
        <time>2018-10-08T13:24:50Z</time>
      </trkpt>
      <trkpt lat="26.9183159" lon="75.8089310">
        <time>2018-10-08T13:25:01Z</time>
      </trkpt>
      <trkpt lat="26.9183630" lon="75.8087835">
        <time>2018-10-08T13:25:12Z</time>
      </trkpt>
      <trkpt lat="26.9183784" lon="75.8086379">
        <time>2018-10-08T13:25:23Z</time>
      </trkpt>
      <trkpt lat="26.9184395" lon="75.8085062">
        <time>2018-10-08T13:25:33Z</time>
      </trkpt>
      <trkpt lat="26.9184651" lon="75.8084105">
        <time>2018-10-08T13:25:44Z</time>
      </trkpt>
      <trkpt lat="26.9184790" lon="75.8083234">
        <time>2018-10-08T13:25:54Z</time>
      </trkpt>
      <trkpt lat="26.9184695" lon="75.8082167">
        <time>2018-10-08T13:26:05Z</time>
      </trkpt>
      <trkpt lat="26.9184717" lon="75.8080734">
        <time>2018-10-08T13:26:16Z</time>
      </trkpt>
      <trkpt lat="26.9184949" lon="75.8080545">
        <time>2018-10-08T13:26:27Z</time>
      </trkpt>
      <trkpt lat="26.9185048" lon="75.8079478">
        <time>2018-10-08T13:26:37Z</time>
      </trkpt>
      <trkpt lat="26.9185159" lon="75.8078045">
        <time>2018-10-08T13:26:48Z</time>
      </trkpt>
      <trkpt lat="26.9185484" lon="75.8076637">
        <time>2018-10-08T13:26:59Z</time>
      </trkpt>
      <trkpt lat="26.9185609" lon="75.8075525">
        <time>2018-10-08T13:27:09Z</time>
      </trkpt>
      <trkpt lat="26.9185889" lon="75.8073976">
        <time>2018-10-08T13:27:20Z</time>
      </trkpt>
      <trkpt lat="26.9186156" lon="75.8072415">
        <time>2018-10-08T13:27:31Z</time>
      </trkpt>
      <trkpt lat="26.9186472" lon="75.8071384">
        <time>2018-10-08T13:27:41Z</time>
      </trkpt>
      <trkpt lat="26.9186690" lon="75.8070096">
        <time>2018-10-08T13:27:52Z</time>
      </trkpt>
      <trkpt lat="26.9187226" lon="75.8068718">
        <time>2018-10-08T13:28:03Z</time>
      </trkpt>
      <trkpt lat="26.9187247" lon="75.8068442">
        <time>2018-10-08T13:28:14Z</time>
      </trkpt>
      <trkpt lat="26.9187247" lon="75.8068442">
        <time>2018-10-08T13:28:25Z</time>
      </trkpt>
      <trkpt lat="26.9187681" lon="75.8068125">
        <time>2018-10-08T13:28:35Z</time>
      </trkpt>
      <trkpt lat="26.9187122" lon="75.8066696">
        <time>2018-10-08T13:28:46Z</time>
      </trkpt>
      <trkpt lat="26.9187219" lon="75.8065168">
        <time>2018-10-08T13:28:57Z</time>
      </trkpt>
      <trkpt lat="26.9187619" lon="75.8063660">
        <time>2018-10-08T13:29:08Z</time>
      </trkpt>
      <trkpt lat="26.9187881" lon="75.8062490">
        <time>2018-10-08T13:29:18Z</time>
      </trkpt>
      <trkpt lat="26.9187754" lon="75.8062334">
        <time>2018-10-08T13:29:28Z</time>
      </trkpt>
      <trkpt lat="26.9187754" lon="75.8062334">
        <time>2018-10-08T13:29:38Z</time>
      </trkpt>
      <trkpt lat="26.9187754" lon="75.8062334">
        <time>2018-10-08T13:29:49Z</time>
      </trkpt>
      <trkpt lat="26.9187796" lon="75.8062555">
        <time>2018-10-08T13:30:00Z</time>
      </trkpt>
      <trkpt lat="26.9187796" lon="75.8062555">
        <time>2018-10-08T13:30:10Z</time>
      </trkpt>
      <trkpt lat="26.9187796" lon="75.8062555">
        <time>2018-10-08T13:30:21Z</time>
      </trkpt>
      <trkpt lat="26.9188184" lon="75.8062548">
        <time>2018-10-08T13:30:32Z</time>
      </trkpt>
      <trkpt lat="26.9188407" lon="75.8063581">
        <time>2018-10-08T13:30:42Z</time>
      </trkpt>
      <trkpt lat="26.9188242" lon="75.8065069">
        <time>2018-10-08T13:30:52Z</time>
      </trkpt>
      <trkpt lat="26.9188149" lon="75.8066386">
        <time>2018-10-08T13:31:03Z</time>
      </trkpt>
      <trkpt lat="26.9188088" lon="75.8067649">
        <time>2018-10-08T13:31:14Z</time>
      </trkpt>
      <trkpt lat="26.9186448" lon="75.8067317">
        <time>2018-10-08T13:31:24Z</time>
      </trkpt>
      <trkpt lat="26.9184626" lon="75.8067368">
        <time>2018-10-08T13:31:35Z</time>
      </trkpt>
      <trkpt lat="26.9183208" lon="75.8067001">
        <time>2018-10-08T13:31:46Z</time>
      </trkpt>
      <trkpt lat="26.9181600" lon="75.8066483">
        <time>2018-10-08T13:31:57Z</time>
      </trkpt>
      <trkpt lat="26.9180383" lon="75.8066239">
        <time>2018-10-08T13:32:07Z</time>
      </trkpt>
      <trkpt lat="26.9179389" lon="75.8065691">
        <time>2018-10-08T13:32:18Z</time>
      </trkpt>
      <trkpt lat="26.9178710" lon="75.8066511">
        <time>2018-10-08T13:32:29Z</time>
      </trkpt>
      <trkpt lat="26.9178462" lon="75.8067987">
        <time>2018-10-08T13:32:40Z</time>
      </trkpt>
      <trkpt lat="26.9178194" lon="75.8069110">
        <time>2018-10-08T13:32:50Z</time>
      </trkpt>
      <trkpt lat="26.9178001" lon="75.8070455">
        <time>2018-10-08T13:33:00Z</time>
      </trkpt>
      <trkpt lat="26.9177316" lon="75.8071560">
        <time>2018-10-08T13:33:10Z</time>
      </trkpt>
      <trkpt lat="26.9177186" lon="75.8073149">
        <time>2018-10-08T13:33:21Z</time>
      </trkpt>
      <trkpt lat="26.9176832" lon="75.8074335">
        <time>2018-10-08T13:33:31Z</time>
      </trkpt>
      <trkpt lat="26.9176462" lon="75.8075350">
        <time>2018-10-08T13:33:41Z</time>
      </trkpt>
      <trkpt lat="26.9176136" lon="75.8075460">
        <time>2018-10-08T13:33:51Z</time>
      </trkpt>
      <trkpt lat="26.9175805" lon="75.8075310">
        <time>2018-10-08T13:34:02Z</time>
      </trkpt>
      <trkpt lat="26.9175381" lon="75.8075213">
        <time>2018-10-08T13:34:13Z</time>
      </trkpt>
      <trkpt lat="26.9175254" lon="75.8075699">
        <time>2018-10-08T13:34:24Z</time>
      </trkpt>
      <trkpt lat="26.9175154" lon="75.8075847">
        <time>2018-10-08T13:34:35Z</time>
      </trkpt>
      <trkpt lat="26.9174985" lon="75.8076026">
        <time>2018-10-08T13:34:46Z</time>
      </trkpt>
      <trkpt lat="26.9175067" lon="75.8076327">
        <time>2018-10-08T13:34:56Z</time>
      </trkpt>
      <trkpt lat="26.9174820" lon="75.8076435">
        <time>2018-10-08T13:35:07Z</time>
      </trkpt>
      <trkpt lat="26.9174906" lon="75.8076505">
        <time>2018-10-08T13:35:17Z</time>
      </trkpt>
      <trkpt lat="26.9174906" lon="75.8076505">
        <time>2018-10-08T13:35:28Z</time>
      </trkpt>
      <trkpt lat="26.9175146" lon="75.8076564">
        <time>2018-10-08T13:35:38Z</time>
      </trkpt>
      <trkpt lat="26.9175179" lon="75.8076708">
        <time>2018-10-08T13:35:49Z</time>
      </trkpt>
      <trkpt lat="26.9175139" lon="75.8076319">
        <time>2018-10-08T13:35:59Z</time>
      </trkpt>
      <trkpt lat="26.9175034" lon="75.8076329">
        <time>2018-10-08T13:36:10Z</time>
      </trkpt>
      <trkpt lat="26.9175034" lon="75.8076329">
        <time>2018-10-08T13:36:20Z</time>
      </trkpt>
      <trkpt lat="26.9175034" lon="75.8076329">
        <time>2018-10-08T13:36:31Z</time>
      </trkpt>
      <trkpt lat="26.9175034" lon="75.8076329">
        <time>2018-10-08T13:36:41Z</time>
      </trkpt>
      <trkpt lat="26.9175034" lon="75.8076329">
        <time>2018-10-08T13:36:52Z</time>
      </trkpt>
      <trkpt lat="26.9175034" lon="75.8076329">
        <time>2018-10-08T13:37:02Z</time>
      </trkpt>
      <trkpt lat="26.9175034" lon="75.8076329">
        <time>2018-10-08T13:37:13Z</time>
      </trkpt>
      <trkpt lat="26.9174978" lon="75.8076342">
        <time>2018-10-08T13:37:24Z</time>
      </trkpt>
      <trkpt lat="26.9174978" lon="75.8076342">
        <time>2018-10-08T13:37:34Z</time>
      </trkpt>
      <trkpt lat="26.9174978" lon="75.8076342">
        <time>2018-10-08T13:37:45Z</time>
      </trkpt>
      <trkpt lat="26.9174978" lon="75.8076342">
        <time>2018-10-08T13:37:55Z</time>
      </trkpt>
      <trkpt lat="26.9174978" lon="75.8076342">
        <time>2018-10-08T13:38:06Z</time>
      </trkpt>
      <trkpt lat="26.9174978" lon="75.8076342">
        <time>2018-10-08T13:38:16Z</time>
      </trkpt>
      <trkpt lat="26.9174978" lon="75.8076342">
        <time>2018-10-08T13:38:26Z</time>
      </trkpt>
      <trkpt lat="26.9174978" lon="75.8076342">
        <time>2018-10-08T13:38:37Z</time>
      </trkpt>
      <trkpt lat="26.9174978" lon="75.8076342">
        <time>2018-10-08T13:38:47Z</time>
      </trkpt>
      <trkpt lat="26.9174833" lon="75.8076224">
        <time>2018-10-08T13:38:57Z</time>
      </trkpt>
      <trkpt lat="26.9174833" lon="75.8076224">
        <time>2018-10-08T13:39:07Z</time>
      </trkpt>
      <trkpt lat="26.9174833" lon="75.8076224">
        <time>2018-10-08T13:39:18Z</time>
      </trkpt>
      <trkpt lat="26.9174833" lon="75.8076224">
        <time>2018-10-08T13:39:29Z</time>
      </trkpt>
      <trkpt lat="26.9174804" lon="75.8076218">
        <time>2018-10-08T13:39:39Z</time>
      </trkpt>
      <trkpt lat="26.9174804" lon="75.8076218">
        <time>2018-10-08T13:39:50Z</time>
      </trkpt>
      <trkpt lat="26.9174804" lon="75.8076218">
        <time>2018-10-08T13:40:00Z</time>
      </trkpt>
      <trkpt lat="26.9174897" lon="75.8076323">
        <time>2018-10-08T13:40:11Z</time>
      </trkpt>
      <trkpt lat="26.9174562" lon="75.8076110">
        <time>2018-10-08T13:40:22Z</time>
      </trkpt>
      <trkpt lat="26.9174385" lon="75.8076169">
        <time>2018-10-08T13:40:32Z</time>
      </trkpt>
      <trkpt lat="26.9174193" lon="75.8076259">
        <time>2018-10-08T13:40:43Z</time>
      </trkpt>
      <trkpt lat="26.9174011" lon="75.8076141">
        <time>2018-10-08T13:40:53Z</time>
      </trkpt>
      <trkpt lat="26.9174141" lon="75.8075968">
        <time>2018-10-08T13:41:04Z</time>
      </trkpt>
      <trkpt lat="26.9173861" lon="75.8076381">
        <time>2018-10-08T13:41:15Z</time>
      </trkpt>
      <trkpt lat="26.9173856" lon="75.8075993">
        <time>2018-10-08T13:41:26Z</time>
      </trkpt>
      <trkpt lat="26.9173856" lon="75.8075993">
        <time>2018-10-08T13:41:36Z</time>
      </trkpt>
      <trkpt lat="26.9174041" lon="75.8076164">
        <time>2018-10-08T13:41:47Z</time>
      </trkpt>
      <trkpt lat="26.9174041" lon="75.8076164">
        <time>2018-10-08T13:41:58Z</time>
      </trkpt>
      <trkpt lat="26.9174229" lon="75.8076271">
        <time>2018-10-08T13:42:09Z</time>
      </trkpt>
      <trkpt lat="26.9174229" lon="75.8076271">
        <time>2018-10-08T13:42:20Z</time>
      </trkpt>
      <trkpt lat="26.9174229" lon="75.8076271">
        <time>2018-10-08T13:42:30Z</time>
      </trkpt>
      <trkpt lat="26.9174229" lon="75.8076271">
        <time>2018-10-08T13:42:41Z</time>
      </trkpt>
      <trkpt lat="26.9174229" lon="75.8076271">
        <time>2018-10-08T13:42:51Z</time>
      </trkpt>
      <trkpt lat="26.9174229" lon="75.8076271">
        <time>2018-10-08T13:43:02Z</time>
      </trkpt>
      <trkpt lat="26.9174229" lon="75.8076271">
        <time>2018-10-08T13:43:12Z</time>
      </trkpt>
      <trkpt lat="26.9174229" lon="75.8076271">
        <time>2018-10-08T13:43:23Z</time>
      </trkpt>
      <trkpt lat="26.9174229" lon="75.8076271">
        <time>2018-10-08T13:43:33Z</time>
      </trkpt>
      <trkpt lat="26.9174275" lon="75.8076193">
        <time>2018-10-08T13:43:43Z</time>
      </trkpt>
      <trkpt lat="26.9174154" lon="75.8076128">
        <time>2018-10-08T13:43:54Z</time>
      </trkpt>
      <trkpt lat="26.9174159" lon="75.8076122">
        <time>2018-10-08T13:44:04Z</time>
      </trkpt>
      <trkpt lat="26.9174159" lon="75.8076122">
        <time>2018-10-08T13:44:14Z</time>
      </trkpt>
      <trkpt lat="26.9174159" lon="75.8076122">
        <time>2018-10-08T13:44:25Z</time>
      </trkpt>
      <trkpt lat="26.9174159" lon="75.8076122">
        <time>2018-10-08T13:44:35Z</time>
      </trkpt>
      <trkpt lat="26.9174159" lon="75.8076122">
        <time>2018-10-08T13:44:45Z</time>
      </trkpt>
      <trkpt lat="26.9174123" lon="75.8076215">
        <time>2018-10-08T13:44:55Z</time>
      </trkpt>
      <trkpt lat="26.9174126" lon="75.8076236">
        <time>2018-10-08T13:45:05Z</time>
      </trkpt>
      <trkpt lat="26.9174149" lon="75.8076360">
        <time>2018-10-08T13:45:16Z</time>
      </trkpt>
      <trkpt lat="26.9174149" lon="75.8076360">
        <time>2018-10-08T13:45:27Z</time>
      </trkpt>
      <trkpt lat="26.9174149" lon="75.8076360">
        <time>2018-10-08T13:45:37Z</time>
      </trkpt>
      <trkpt lat="26.9174149" lon="75.8076360">
        <time>2018-10-08T13:45:48Z</time>
      </trkpt>
      <trkpt lat="26.9174149" lon="75.8076360">
        <time>2018-10-08T13:45:59Z</time>
      </trkpt>
      <trkpt lat="26.9174149" lon="75.8076360">
        <time>2018-10-08T13:46:10Z</time>
      </trkpt>
      <trkpt lat="26.9174083" lon="75.8076078">
        <time>2018-10-08T13:46:20Z</time>
      </trkpt>
      <trkpt lat="26.9174083" lon="75.8076078">
        <time>2018-10-08T13:46:30Z</time>
      </trkpt>
      <trkpt lat="26.9174083" lon="75.8076078">
        <time>2018-10-08T13:46:41Z</time>
      </trkpt>
      <trkpt lat="26.9174083" lon="75.8076078">
        <time>2018-10-08T13:46:52Z</time>
      </trkpt>
      <trkpt lat="26.9174083" lon="75.8076078">
        <time>2018-10-08T13:47:03Z</time>
      </trkpt>
      <trkpt lat="26.9174083" lon="75.8076078">
        <time>2018-10-08T13:47:13Z</time>
      </trkpt>
      <trkpt lat="26.9174083" lon="75.8076078">
        <time>2018-10-08T13:47:24Z</time>
      </trkpt>
      <trkpt lat="26.9174083" lon="75.8076078">
        <time>2018-10-08T13:47:35Z</time>
      </trkpt>
      <trkpt lat="26.9174083" lon="75.8076078">
        <time>2018-10-08T13:47:45Z</time>
      </trkpt>
      <trkpt lat="26.9174083" lon="75.8076078">
        <time>2018-10-08T13:47:55Z</time>
      </trkpt>
      <trkpt lat="26.9174083" lon="75.8076078">
        <time>2018-10-08T13:48:06Z</time>
      </trkpt>
      <trkpt lat="26.9174083" lon="75.8076078">
        <time>2018-10-08T13:48:16Z</time>
      </trkpt>
      <trkpt lat="26.9174083" lon="75.8076078">
        <time>2018-10-08T13:48:26Z</time>
      </trkpt>
      <trkpt lat="26.9174083" lon="75.8076078">
        <time>2018-10-08T13:48:37Z</time>
      </trkpt>
      <trkpt lat="26.9174083" lon="75.8076078">
        <time>2018-10-08T13:48:47Z</time>
      </trkpt>
    </trkseg>
  </trk>
  <trk>
    <trkseg>
      <trkpt lat="26.9175428" lon="75.8076343">
        <time>2018-10-10T15:03:48Z</time>
      </trkpt>
      <trkpt lat="26.9174913" lon="75.8076213">
        <time>2018-10-10T15:03:59Z</time>
      </trkpt>
      <trkpt lat="26.9174762" lon="75.8075893">
        <time>2018-10-10T15:04:10Z</time>
      </trkpt>
      <trkpt lat="26.9175121" lon="75.8076170">
        <time>2018-10-10T15:04:20Z</time>
      </trkpt>
      <trkpt lat="26.9175078" lon="75.8075932">
        <time>2018-10-10T15:04:31Z</time>
      </trkpt>
      <trkpt lat="26.9175274" lon="75.8075595">
        <time>2018-10-10T15:04:41Z</time>
      </trkpt>
      <trkpt lat="26.9175493" lon="75.8075720">
        <time>2018-10-10T15:04:52Z</time>
      </trkpt>
      <trkpt lat="26.9175907" lon="75.8075907">
        <time>2018-10-10T15:05:03Z</time>
      </trkpt>
      <trkpt lat="26.9177119" lon="75.8076663">
        <time>2018-10-10T15:05:14Z</time>
      </trkpt>
      <trkpt lat="26.9178802" lon="75.8077139">
        <time>2018-10-10T15:05:25Z</time>
      </trkpt>
      <trkpt lat="26.9180012" lon="75.8077590">
        <time>2018-10-10T15:05:36Z</time>
      </trkpt>
      <trkpt lat="26.9181427" lon="75.8077913">
        <time>2018-10-10T15:05:46Z</time>
      </trkpt>
      <trkpt lat="26.9182378" lon="75.8078100">
        <time>2018-10-10T15:05:57Z</time>
      </trkpt>
      <trkpt lat="26.9183940" lon="75.8078733">
        <time>2018-10-10T15:06:08Z</time>
      </trkpt>
      <trkpt lat="26.9185323" lon="75.8079283">
        <time>2018-10-10T15:06:18Z</time>
      </trkpt>
      <trkpt lat="26.9185154" lon="75.8080513">
        <time>2018-10-10T15:06:29Z</time>
      </trkpt>
      <trkpt lat="26.9184862" lon="75.8081899">
        <time>2018-10-10T15:06:40Z</time>
      </trkpt>
      <trkpt lat="26.9184590" lon="75.8083190">
        <time>2018-10-10T15:06:51Z</time>
      </trkpt>
      <trkpt lat="26.9184467" lon="75.8084947">
        <time>2018-10-10T15:07:02Z</time>
      </trkpt>
      <trkpt lat="26.9184128" lon="75.8086189">
        <time>2018-10-10T15:07:12Z</time>
      </trkpt>
      <trkpt lat="26.9183973" lon="75.8087818">
        <time>2018-10-10T15:07:23Z</time>
      </trkpt>
      <trkpt lat="26.9183691" lon="75.8089209">
        <time>2018-10-10T15:07:34Z</time>
      </trkpt>
      <trkpt lat="26.9183242" lon="75.8090364">
        <time>2018-10-10T15:07:44Z</time>
      </trkpt>
      <trkpt lat="26.9182880" lon="75.8091915">
        <time>2018-10-10T15:07:54Z</time>
      </trkpt>
      <trkpt lat="26.9182504" lon="75.8093481">
        <time>2018-10-10T15:08:05Z</time>
      </trkpt>
      <trkpt lat="26.9182317" lon="75.8095111">
        <time>2018-10-10T15:08:16Z</time>
      </trkpt>
      <trkpt lat="26.9182290" lon="75.8096523">
        <time>2018-10-10T15:08:26Z</time>
      </trkpt>
      <trkpt lat="26.9182211" lon="75.8097564">
        <time>2018-10-10T15:08:36Z</time>
      </trkpt>
      <trkpt lat="26.9182165" lon="75.8099132">
        <time>2018-10-10T15:08:47Z</time>
      </trkpt>
      <trkpt lat="26.9181654" lon="75.8099869">
        <time>2018-10-10T15:08:58Z</time>
      </trkpt>
      <trkpt lat="26.9180865" lon="75.8099502">
        <time>2018-10-10T15:09:09Z</time>
      </trkpt>
      <trkpt lat="26.9179759" lon="75.8099000">
        <time>2018-10-10T15:09:19Z</time>
      </trkpt>
      <trkpt lat="26.9178465" lon="75.8098010">
        <time>2018-10-10T15:09:29Z</time>
      </trkpt>
      <trkpt lat="26.9177503" lon="75.8097450">
        <time>2018-10-10T15:09:39Z</time>
      </trkpt>
      <trkpt lat="26.9176193" lon="75.8097378">
        <time>2018-10-10T15:09:50Z</time>
      </trkpt>
      <trkpt lat="26.9175334" lon="75.8096590">
        <time>2018-10-10T15:10:01Z</time>
      </trkpt>
      <trkpt lat="26.9174836" lon="75.8096159">
        <time>2018-10-10T15:10:12Z</time>
      </trkpt>
      <trkpt lat="26.9173590" lon="75.8095777">
        <time>2018-10-10T15:10:22Z</time>
      </trkpt>
      <trkpt lat="26.9172234" lon="75.8095375">
        <time>2018-10-10T15:10:33Z</time>
      </trkpt>
      <trkpt lat="26.9171231" lon="75.8095008">
        <time>2018-10-10T15:10:44Z</time>
      </trkpt>
      <trkpt lat="26.9170113" lon="75.8094991">
        <time>2018-10-10T15:10:54Z</time>
      </trkpt>
      <trkpt lat="26.9169048" lon="75.8094443">
        <time>2018-10-10T15:11:05Z</time>
      </trkpt>
      <trkpt lat="26.9168314" lon="75.8094017">
        <time>2018-10-10T15:11:15Z</time>
      </trkpt>
      <trkpt lat="26.9167149" lon="75.8093899">
        <time>2018-10-10T15:11:26Z</time>
      </trkpt>
      <trkpt lat="26.9165539" lon="75.8093593">
        <time>2018-10-10T15:11:36Z</time>
      </trkpt>
      <trkpt lat="26.9164524" lon="75.8093397">
        <time>2018-10-10T15:11:46Z</time>
      </trkpt>
      <trkpt lat="26.9163703" lon="75.8093670">
        <time>2018-10-10T15:11:56Z</time>
      </trkpt>
      <trkpt lat="26.9163076" lon="75.8094773">
        <time>2018-10-10T15:12:06Z</time>
      </trkpt>
      <trkpt lat="26.9163293" lon="75.8095979">
        <time>2018-10-10T15:12:17Z</time>
      </trkpt>
      <trkpt lat="26.9164609" lon="75.8097104">
        <time>2018-10-10T15:12:28Z</time>
      </trkpt>
      <trkpt lat="26.9164955" lon="75.8097499">
        <time>2018-10-10T15:12:38Z</time>
      </trkpt>
      <trkpt lat="26.9164505" lon="75.8098741">
        <time>2018-10-10T15:12:49Z</time>
      </trkpt>
      <trkpt lat="26.9163660" lon="75.8099988">
        <time>2018-10-10T15:12:59Z</time>
      </trkpt>
      <trkpt lat="26.9163598" lon="75.8101128">
        <time>2018-10-10T15:13:10Z</time>
      </trkpt>
      <trkpt lat="26.9163505" lon="75.8102340">
        <time>2018-10-10T15:13:20Z</time>
      </trkpt>
      <trkpt lat="26.9163594" lon="75.8103655">
        <time>2018-10-10T15:13:30Z</time>
      </trkpt>
      <trkpt lat="26.9163687" lon="75.8104835">
        <time>2018-10-10T15:13:40Z</time>
      </trkpt>
      <trkpt lat="26.9163902" lon="75.8106147">
        <time>2018-10-10T15:13:51Z</time>
      </trkpt>
      <trkpt lat="26.9164618" lon="75.8107638">
        <time>2018-10-10T15:14:02Z</time>
      </trkpt>
      <trkpt lat="26.9165501" lon="75.8109165">
        <time>2018-10-10T15:14:13Z</time>
      </trkpt>
      <trkpt lat="26.9165744" lon="75.8110404">
        <time>2018-10-10T15:14:23Z</time>
      </trkpt>
      <trkpt lat="26.9166253" lon="75.8111795">
        <time>2018-10-10T15:14:34Z</time>
      </trkpt>
      <trkpt lat="26.9166632" lon="75.8113124">
        <time>2018-10-10T15:14:45Z</time>
      </trkpt>
      <trkpt lat="26.9167135" lon="75.8114633">
        <time>2018-10-10T15:14:55Z</time>
      </trkpt>
      <trkpt lat="26.9167676" lon="75.8115850">
        <time>2018-10-10T15:15:06Z</time>
      </trkpt>
      <trkpt lat="26.9168213" lon="75.8117090">
        <time>2018-10-10T15:15:17Z</time>
      </trkpt>
      <trkpt lat="26.9168683" lon="75.8118532">
        <time>2018-10-10T15:15:28Z</time>
      </trkpt>
      <trkpt lat="26.9168786" lon="75.8119205">
        <time>2018-10-10T15:15:38Z</time>
      </trkpt>
      <trkpt lat="26.9168987" lon="75.8120551">
        <time>2018-10-10T15:15:48Z</time>
      </trkpt>
      <trkpt lat="26.9169292" lon="75.8121759">
        <time>2018-10-10T15:15:59Z</time>
      </trkpt>
      <trkpt lat="26.9169419" lon="75.8123120">
        <time>2018-10-10T15:16:09Z</time>
      </trkpt>
      <trkpt lat="26.9169419" lon="75.8124372">
        <time>2018-10-10T15:16:20Z</time>
      </trkpt>
      <trkpt lat="26.9169512" lon="75.8125615">
        <time>2018-10-10T15:16:30Z</time>
      </trkpt>
      <trkpt lat="26.9169705" lon="75.8127018">
        <time>2018-10-10T15:16:40Z</time>
      </trkpt>
      <trkpt lat="26.9169728" lon="75.8128510">
        <time>2018-10-10T15:16:51Z</time>
      </trkpt>
      <trkpt lat="26.9169802" lon="75.8130035">
        <time>2018-10-10T15:17:02Z</time>
      </trkpt>
      <trkpt lat="26.9169889" lon="75.8131359">
        <time>2018-10-10T15:17:12Z</time>
      </trkpt>
      <trkpt lat="26.9169921" lon="75.8132608">
        <time>2018-10-10T15:17:23Z</time>
      </trkpt>
      <trkpt lat="26.9170099" lon="75.8134016">
        <time>2018-10-10T15:17:33Z</time>
      </trkpt>
      <trkpt lat="26.9169662" lon="75.8135368">
        <time>2018-10-10T15:17:43Z</time>
      </trkpt>
      <trkpt lat="26.9169847" lon="75.8137059">
        <time>2018-10-10T15:17:54Z</time>
      </trkpt>
      <trkpt lat="26.9170116" lon="75.8138255">
        <time>2018-10-10T15:18:05Z</time>
      </trkpt>
      <trkpt lat="26.9170263" lon="75.8139418">
        <time>2018-10-10T15:18:15Z</time>
      </trkpt>
      <trkpt lat="26.9170658" lon="75.8140582">
        <time>2018-10-10T15:18:25Z</time>
      </trkpt>
      <trkpt lat="26.9170581" lon="75.8141803">
        <time>2018-10-10T15:18:35Z</time>
      </trkpt>
      <trkpt lat="26.9170572" lon="75.8143009">
        <time>2018-10-10T15:18:45Z</time>
      </trkpt>
      <trkpt lat="26.9170774" lon="75.8144378">
        <time>2018-10-10T15:18:56Z</time>
      </trkpt>
      <trkpt lat="26.9170876" lon="75.8145503">
        <time>2018-10-10T15:19:07Z</time>
      </trkpt>
      <trkpt lat="26.9170919" lon="75.8146704">
        <time>2018-10-10T15:19:17Z</time>
      </trkpt>
      <trkpt lat="26.9171164" lon="75.8147978">
        <time>2018-10-10T15:19:28Z</time>
      </trkpt>
      <trkpt lat="26.9171147" lon="75.8149342">
        <time>2018-10-10T15:19:38Z</time>
      </trkpt>
      <trkpt lat="26.9171361" lon="75.8150728">
        <time>2018-10-10T15:19:49Z</time>
      </trkpt>
      <trkpt lat="26.9171550" lon="75.8152238">
        <time>2018-10-10T15:20:00Z</time>
      </trkpt>
      <trkpt lat="26.9171747" lon="75.8153679">
        <time>2018-10-10T15:20:10Z</time>
      </trkpt>
      <trkpt lat="26.9171901" lon="75.8154850">
        <time>2018-10-10T15:20:21Z</time>
      </trkpt>
      <trkpt lat="26.9171660" lon="75.8156191">
        <time>2018-10-10T15:20:31Z</time>
      </trkpt>
      <trkpt lat="26.9171752" lon="75.8157779">
        <time>2018-10-10T15:20:42Z</time>
      </trkpt>
      <trkpt lat="26.9171869" lon="75.8159285">
        <time>2018-10-10T15:20:53Z</time>
      </trkpt>
      <trkpt lat="26.9171473" lon="75.8160751">
        <time>2018-10-10T15:21:03Z</time>
      </trkpt>
      <trkpt lat="26.9171511" lon="75.8162726">
        <time>2018-10-10T15:21:14Z</time>
      </trkpt>
      <trkpt lat="26.9171175" lon="75.8164004">
        <time>2018-10-10T15:21:24Z</time>
      </trkpt>
      <trkpt lat="26.9171142" lon="75.8165237">
        <time>2018-10-10T15:21:35Z</time>
      </trkpt>
      <trkpt lat="26.9170757" lon="75.8166592">
        <time>2018-10-10T15:21:45Z</time>
      </trkpt>
      <trkpt lat="26.9170204" lon="75.8167682">
        <time>2018-10-10T15:21:55Z</time>
      </trkpt>
      <trkpt lat="26.9169874" lon="75.8168903">
        <time>2018-10-10T15:22:06Z</time>
      </trkpt>
      <trkpt lat="26.9169451" lon="75.8170051">
        <time>2018-10-10T15:22:16Z</time>
      </trkpt>
      <trkpt lat="26.9169049" lon="75.8171215">
        <time>2018-10-10T15:22:27Z</time>
      </trkpt>
      <trkpt lat="26.9168817" lon="75.8172629">
        <time>2018-10-10T15:22:37Z</time>
      </trkpt>
      <trkpt lat="26.9168604" lon="75.8174064">
        <time>2018-10-10T15:22:47Z</time>
      </trkpt>
      <trkpt lat="26.9168274" lon="75.8175321">
        <time>2018-10-10T15:22:58Z</time>
      </trkpt>
      <trkpt lat="26.9168300" lon="75.8176706">
        <time>2018-10-10T15:23:09Z</time>
      </trkpt>
      <trkpt lat="26.9168200" lon="75.8178249">
        <time>2018-10-10T15:23:19Z</time>
      </trkpt>
      <trkpt lat="26.9167992" lon="75.8179731">
        <time>2018-10-10T15:23:30Z</time>
      </trkpt>
      <trkpt lat="26.9167646" lon="75.8180978">
        <time>2018-10-10T15:23:41Z</time>
      </trkpt>
      <trkpt lat="26.9167023" lon="75.8182174">
        <time>2018-10-10T15:23:51Z</time>
      </trkpt>
      <trkpt lat="26.9166663" lon="75.8183442">
        <time>2018-10-10T15:24:02Z</time>
      </trkpt>
      <trkpt lat="26.9166259" lon="75.8184682">
        <time>2018-10-10T15:24:13Z</time>
      </trkpt>
      <trkpt lat="26.9166060" lon="75.8186366">
        <time>2018-10-10T15:24:24Z</time>
      </trkpt>
      <trkpt lat="26.9165848" lon="75.8187731">
        <time>2018-10-10T15:24:34Z</time>
      </trkpt>
      <trkpt lat="26.9165397" lon="75.8189082">
        <time>2018-10-10T15:24:45Z</time>
      </trkpt>
      <trkpt lat="26.9165303" lon="75.8190471">
        <time>2018-10-10T15:24:55Z</time>
      </trkpt>
      <trkpt lat="26.9164898" lon="75.8191708">
        <time>2018-10-10T15:25:05Z</time>
      </trkpt>
      <trkpt lat="26.9164705" lon="75.8193281">
        <time>2018-10-10T15:25:16Z</time>
      </trkpt>
      <trkpt lat="26.9164330" lon="75.8194619">
        <time>2018-10-10T15:25:27Z</time>
      </trkpt>
      <trkpt lat="26.9164062" lon="75.8195867">
        <time>2018-10-10T15:25:37Z</time>
      </trkpt>
      <trkpt lat="26.9163797" lon="75.8197331">
        <time>2018-10-10T15:25:47Z</time>
      </trkpt>
      <trkpt lat="26.9163487" lon="75.8198352">
        <time>2018-10-10T15:25:57Z</time>
      </trkpt>
      <trkpt lat="26.9163286" lon="75.8199762">
        <time>2018-10-10T15:26:07Z</time>
      </trkpt>
      <trkpt lat="26.9163103" lon="75.8201083">
        <time>2018-10-10T15:26:18Z</time>
      </trkpt>
      <trkpt lat="26.9163133" lon="75.8202157">
        <time>2018-10-10T15:26:28Z</time>
      </trkpt>
      <trkpt lat="26.9163373" lon="75.8202616">
        <time>2018-10-10T15:26:38Z</time>
      </trkpt>
      <trkpt lat="26.9164506" lon="75.8203665">
        <time>2018-10-10T15:26:49Z</time>
      </trkpt>
      <trkpt lat="26.9165524" lon="75.8204584">
        <time>2018-10-10T15:26:59Z</time>
      </trkpt>
      <trkpt lat="26.9166268" lon="75.8205137">
        <time>2018-10-10T15:27:09Z</time>
      </trkpt>
      <trkpt lat="26.9167089" lon="75.8205538">
        <time>2018-10-10T15:27:20Z</time>
      </trkpt>
      <trkpt lat="26.9168043" lon="75.8206054">
        <time>2018-10-10T15:27:31Z</time>
      </trkpt>
      <trkpt lat="26.9169268" lon="75.8206186">
        <time>2018-10-10T15:27:41Z</time>
      </trkpt>
      <trkpt lat="26.9170471" lon="75.8206696">
        <time>2018-10-10T15:27:52Z</time>
      </trkpt>
      <trkpt lat="26.9171795" lon="75.8207097">
        <time>2018-10-10T15:28:02Z</time>
      </trkpt>
      <trkpt lat="26.9173154" lon="75.8207183">
        <time>2018-10-10T15:28:12Z</time>
      </trkpt>
      <trkpt lat="26.9174269" lon="75.8207814">
        <time>2018-10-10T15:28:22Z</time>
      </trkpt>
      <trkpt lat="26.9175358" lon="75.8208140">
        <time>2018-10-10T15:28:33Z</time>
      </trkpt>
      <trkpt lat="26.9176778" lon="75.8208421">
        <time>2018-10-10T15:28:44Z</time>
      </trkpt>
      <trkpt lat="26.9178153" lon="75.8209003">
        <time>2018-10-10T15:28:54Z</time>
      </trkpt>
      <trkpt lat="26.9179352" lon="75.8209069">
        <time>2018-10-10T15:29:05Z</time>
      </trkpt>
      <trkpt lat="26.9180489" lon="75.8209401">
        <time>2018-10-10T15:29:16Z</time>
      </trkpt>
      <trkpt lat="26.9181663" lon="75.8209786">
        <time>2018-10-10T15:29:26Z</time>
      </trkpt>
      <trkpt lat="26.9182799" lon="75.8209704">
        <time>2018-10-10T15:29:37Z</time>
      </trkpt>
      <trkpt lat="26.9183698" lon="75.8210236">
        <time>2018-10-10T15:29:48Z</time>
      </trkpt>
      <trkpt lat="26.9185335" lon="75.8210599">
        <time>2018-10-10T15:29:59Z</time>
      </trkpt>
      <trkpt lat="26.9186953" lon="75.8210736">
        <time>2018-10-10T15:30:10Z</time>
      </trkpt>
      <trkpt lat="26.9188227" lon="75.8211229">
        <time>2018-10-10T15:30:21Z</time>
      </trkpt>
      <trkpt lat="26.9189128" lon="75.8211822">
        <time>2018-10-10T15:30:32Z</time>
      </trkpt>
      <trkpt lat="26.9190316" lon="75.8212461">
        <time>2018-10-10T15:30:42Z</time>
      </trkpt>
      <trkpt lat="26.9190644" lon="75.8212761">
        <time>2018-10-10T15:30:52Z</time>
      </trkpt>
      <trkpt lat="26.9190634" lon="75.8212545">
        <time>2018-10-10T15:31:02Z</time>
      </trkpt>
      <trkpt lat="26.9190667" lon="75.8212579">
        <time>2018-10-10T15:31:12Z</time>
      </trkpt>
      <trkpt lat="26.9190854" lon="75.8212387">
        <time>2018-10-10T15:31:23Z</time>
      </trkpt>
      <trkpt lat="26.9190854" lon="75.8212387">
        <time>2018-10-10T15:31:34Z</time>
      </trkpt>
      <trkpt lat="26.9190854" lon="75.8212387">
        <time>2018-10-10T15:31:44Z</time>
      </trkpt>
      <trkpt lat="26.9190851" lon="75.8212378">
        <time>2018-10-10T15:31:54Z</time>
      </trkpt>
      <trkpt lat="26.9190758" lon="75.8211987">
        <time>2018-10-10T15:32:05Z</time>
      </trkpt>
      <trkpt lat="26.9190708" lon="75.8211904">
        <time>2018-10-10T15:32:15Z</time>
      </trkpt>
      <trkpt lat="26.9191235" lon="75.8211973">
        <time>2018-10-10T15:32:26Z</time>
      </trkpt>
      <trkpt lat="26.9192410" lon="75.8212770">
        <time>2018-10-10T15:32:36Z</time>
      </trkpt>
      <trkpt lat="26.9193482" lon="75.8212909">
        <time>2018-10-10T15:32:46Z</time>
      </trkpt>
      <trkpt lat="26.9194530" lon="75.8213159">
        <time>2018-10-10T15:32:56Z</time>
      </trkpt>
      <trkpt lat="26.9195686" lon="75.8213415">
        <time>2018-10-10T15:33:06Z</time>
      </trkpt>
      <trkpt lat="26.9195999" lon="75.8213436">
        <time>2018-10-10T15:33:17Z</time>
      </trkpt>
      <trkpt lat="26.9197464" lon="75.8213899">
        <time>2018-10-10T15:33:28Z</time>
      </trkpt>
      <trkpt lat="26.9198855" lon="75.8214283">
        <time>2018-10-10T15:33:38Z</time>
      </trkpt>
      <trkpt lat="26.9199308" lon="75.8214615">
        <time>2018-10-10T15:33:48Z</time>
      </trkpt>
      <trkpt lat="26.9200359" lon="75.8214951">
        <time>2018-10-10T15:33:59Z</time>
      </trkpt>
      <trkpt lat="26.9201181" lon="75.8215432">
        <time>2018-10-10T15:34:10Z</time>
      </trkpt>
      <trkpt lat="26.9202604" lon="75.8215411">
        <time>2018-10-10T15:34:20Z</time>
      </trkpt>
      <trkpt lat="26.9203832" lon="75.8215599">
        <time>2018-10-10T15:34:30Z</time>
      </trkpt>
      <trkpt lat="26.9205012" lon="75.8216496">
        <time>2018-10-10T15:34:40Z</time>
      </trkpt>
      <trkpt lat="26.9206099" lon="75.8216319">
        <time>2018-10-10T15:34:51Z</time>
      </trkpt>
      <trkpt lat="26.9207045" lon="75.8216678">
        <time>2018-10-10T15:35:01Z</time>
      </trkpt>
      <trkpt lat="26.9208100" lon="75.8217042">
        <time>2018-10-10T15:35:11Z</time>
      </trkpt>
      <trkpt lat="26.9209150" lon="75.8217356">
        <time>2018-10-10T15:35:21Z</time>
      </trkpt>
      <trkpt lat="26.9210768" lon="75.8217110">
        <time>2018-10-10T15:35:32Z</time>
      </trkpt>
      <trkpt lat="26.9212256" lon="75.8217617">
        <time>2018-10-10T15:35:43Z</time>
      </trkpt>
      <trkpt lat="26.9212285" lon="75.8217653">
        <time>2018-10-10T15:35:54Z</time>
      </trkpt>
      <trkpt lat="26.9212150" lon="75.8217918">
        <time>2018-10-10T15:36:04Z</time>
      </trkpt>
      <trkpt lat="26.9210967" lon="75.8217561">
        <time>2018-10-10T15:36:15Z</time>
      </trkpt>
      <trkpt lat="26.9210018" lon="75.8216639">
        <time>2018-10-10T15:36:25Z</time>
      </trkpt>
      <trkpt lat="26.9208762" lon="75.8215948">
        <time>2018-10-10T15:36:36Z</time>
      </trkpt>
      <trkpt lat="26.9207586" lon="75.8215745">
        <time>2018-10-10T15:36:47Z</time>
      </trkpt>
      <trkpt lat="26.9206541" lon="75.8215320">
        <time>2018-10-10T15:36:57Z</time>
      </trkpt>
      <trkpt lat="26.9205992" lon="75.8214765">
        <time>2018-10-10T15:37:08Z</time>
      </trkpt>
      <trkpt lat="26.9205992" lon="75.8214765">
        <time>2018-10-10T15:37:18Z</time>
      </trkpt>
      <trkpt lat="26.9205186" lon="75.8214396">
        <time>2018-10-10T15:37:28Z</time>
      </trkpt>
      <trkpt lat="26.9204043" lon="75.8214120">
        <time>2018-10-10T15:37:39Z</time>
      </trkpt>
      <trkpt lat="26.9202813" lon="75.8213629">
        <time>2018-10-10T15:37:49Z</time>
      </trkpt>
      <trkpt lat="26.9201615" lon="75.8213268">
        <time>2018-10-10T15:38:00Z</time>
      </trkpt>
      <trkpt lat="26.9200465" lon="75.8213049">
        <time>2018-10-10T15:38:11Z</time>
      </trkpt>
      <trkpt lat="26.9199184" lon="75.8212719">
        <time>2018-10-10T15:38:22Z</time>
      </trkpt>
      <trkpt lat="26.9197780" lon="75.8212193">
        <time>2018-10-10T15:38:32Z</time>
      </trkpt>
      <trkpt lat="26.9196548" lon="75.8211765">
        <time>2018-10-10T15:38:43Z</time>
      </trkpt>
      <trkpt lat="26.9195141" lon="75.8211433">
        <time>2018-10-10T15:38:54Z</time>
      </trkpt>
      <trkpt lat="26.9193891" lon="75.8211014">
        <time>2018-10-10T15:39:05Z</time>
      </trkpt>
      <trkpt lat="26.9193444" lon="75.8210984">
        <time>2018-10-10T15:39:16Z</time>
      </trkpt>
      <trkpt lat="26.9192664" lon="75.8210678">
        <time>2018-10-10T15:39:26Z</time>
      </trkpt>
      <trkpt lat="26.9191381" lon="75.8210473">
        <time>2018-10-10T15:39:36Z</time>
      </trkpt>
      <trkpt lat="26.9190301" lon="75.8210164">
        <time>2018-10-10T15:39:47Z</time>
      </trkpt>
      <trkpt lat="26.9188933" lon="75.8209780">
        <time>2018-10-10T15:39:58Z</time>
      </trkpt>
      <trkpt lat="26.9188000" lon="75.8209433">
        <time>2018-10-10T15:40:08Z</time>
      </trkpt>
      <trkpt lat="26.9186966" lon="75.8208994">
        <time>2018-10-10T15:40:19Z</time>
      </trkpt>
      <trkpt lat="26.9185682" lon="75.8208624">
        <time>2018-10-10T15:40:29Z</time>
      </trkpt>
      <trkpt lat="26.9184579" lon="75.8208244">
        <time>2018-10-10T15:40:40Z</time>
      </trkpt>
      <trkpt lat="26.9183371" lon="75.8208105">
        <time>2018-10-10T15:40:50Z</time>
      </trkpt>
      <trkpt lat="26.9182347" lon="75.8207726">
        <time>2018-10-10T15:41:00Z</time>
      </trkpt>
      <trkpt lat="26.9180944" lon="75.8207356">
        <time>2018-10-10T15:41:11Z</time>
      </trkpt>
      <trkpt lat="26.9179444" lon="75.8207083">
        <time>2018-10-10T15:41:22Z</time>
      </trkpt>
      <trkpt lat="26.9178392" lon="75.8206735">
        <time>2018-10-10T15:41:33Z</time>
      </trkpt>
      <trkpt lat="26.9177082" lon="75.8206290">
        <time>2018-10-10T15:41:44Z</time>
      </trkpt>
      <trkpt lat="26.9176008" lon="75.8205850">
        <time>2018-10-10T15:41:55Z</time>
      </trkpt>
      <trkpt lat="26.9174535" lon="75.8205716">
        <time>2018-10-10T15:42:05Z</time>
      </trkpt>
      <trkpt lat="26.9173430" lon="75.8205336">
        <time>2018-10-10T15:42:16Z</time>
      </trkpt>
      <trkpt lat="26.9172156" lon="75.8204997">
        <time>2018-10-10T15:42:27Z</time>
      </trkpt>
      <trkpt lat="26.9170938" lon="75.8204419">
        <time>2018-10-10T15:42:37Z</time>
      </trkpt>
      <trkpt lat="26.9169863" lon="75.8204480">
        <time>2018-10-10T15:42:48Z</time>
      </trkpt>
      <trkpt lat="26.9168805" lon="75.8204442">
        <time>2018-10-10T15:42:58Z</time>
      </trkpt>
      <trkpt lat="26.9167065" lon="75.8204230">
        <time>2018-10-10T15:43:09Z</time>
      </trkpt>
      <trkpt lat="26.9165876" lon="75.8204110">
        <time>2018-10-10T15:43:19Z</time>
      </trkpt>
      <trkpt lat="26.9164496" lon="75.8203751">
        <time>2018-10-10T15:43:29Z</time>
      </trkpt>
      <trkpt lat="26.9163283" lon="75.8203589">
        <time>2018-10-10T15:43:39Z</time>
      </trkpt>
      <trkpt lat="26.9161916" lon="75.8203241">
        <time>2018-10-10T15:43:49Z</time>
      </trkpt>
      <trkpt lat="26.9161448" lon="75.8202850">
        <time>2018-10-10T15:44:00Z</time>
      </trkpt>
      <trkpt lat="26.9159837" lon="75.8202109">
        <time>2018-10-10T15:44:11Z</time>
      </trkpt>
      <trkpt lat="26.9158866" lon="75.8202446">
        <time>2018-10-10T15:44:22Z</time>
      </trkpt>
      <trkpt lat="26.9157412" lon="75.8202390">
        <time>2018-10-10T15:44:33Z</time>
      </trkpt>
      <trkpt lat="26.9156237" lon="75.8202368">
        <time>2018-10-10T15:44:44Z</time>
      </trkpt>
      <trkpt lat="26.9154791" lon="75.8202093">
        <time>2018-10-10T15:44:54Z</time>
      </trkpt>
      <trkpt lat="26.9153513" lon="75.8201667">
        <time>2018-10-10T15:45:05Z</time>
      </trkpt>
      <trkpt lat="26.9152168" lon="75.8201301">
        <time>2018-10-10T15:45:15Z</time>
      </trkpt>
      <trkpt lat="26.9150929" lon="75.8200860">
        <time>2018-10-10T15:45:26Z</time>
      </trkpt>
      <trkpt lat="26.9149794" lon="75.8200582">
        <time>2018-10-10T15:45:36Z</time>
      </trkpt>
      <trkpt lat="26.9148691" lon="75.8200139">
        <time>2018-10-10T15:45:47Z</time>
      </trkpt>
      <trkpt lat="26.9147388" lon="75.8199703">
        <time>2018-10-10T15:45:58Z</time>
      </trkpt>
      <trkpt lat="26.9146039" lon="75.8199323">
        <time>2018-10-10T15:46:08Z</time>
      </trkpt>
      <trkpt lat="26.9144904" lon="75.8199069">
        <time>2018-10-10T15:46:19Z</time>
      </trkpt>
      <trkpt lat="26.9143677" lon="75.8198780">
        <time>2018-10-10T15:46:30Z</time>
      </trkpt>
      <trkpt lat="26.9142522" lon="75.8198447">
        <time>2018-10-10T15:46:40Z</time>
      </trkpt>
      <trkpt lat="26.9141103" lon="75.8198050">
        <time>2018-10-10T15:46:51Z</time>
      </trkpt>
      <trkpt lat="26.9139963" lon="75.8197566">
        <time>2018-10-10T15:47:02Z</time>
      </trkpt>
      <trkpt lat="26.9139742" lon="75.8197484">
        <time>2018-10-10T15:47:13Z</time>
      </trkpt>
      <trkpt lat="26.9139240" lon="75.8198162">
        <time>2018-10-10T15:47:23Z</time>
      </trkpt>
      <trkpt lat="26.9137933" lon="75.8198321">
        <time>2018-10-10T15:47:34Z</time>
      </trkpt>
      <trkpt lat="26.9137973" lon="75.8199101">
        <time>2018-10-10T15:47:44Z</time>
      </trkpt>
      <trkpt lat="26.9137973" lon="75.8199101">
        <time>2018-10-10T15:47:54Z</time>
      </trkpt>
      <trkpt lat="26.9137919" lon="75.8199112">
        <time>2018-10-10T15:48:04Z</time>
      </trkpt>
      <trkpt lat="26.9137919" lon="75.8199112">
        <time>2018-10-10T15:48:14Z</time>
      </trkpt>
      <trkpt lat="26.9137898" lon="75.8199093">
        <time>2018-10-10T15:48:25Z</time>
      </trkpt>
      <trkpt lat="26.9138147" lon="75.8199465">
        <time>2018-10-10T15:48:36Z</time>
      </trkpt>
      <trkpt lat="26.9138417" lon="75.8199699">
        <time>2018-10-10T15:48:46Z</time>
      </trkpt>
      <trkpt lat="26.9138680" lon="75.8199933">
        <time>2018-10-10T15:48:57Z</time>
      </trkpt>
      <trkpt lat="26.9138528" lon="75.8199866">
        <time>2018-10-10T15:49:08Z</time>
      </trkpt>
      <trkpt lat="26.9138182" lon="75.8199597">
        <time>2018-10-10T15:49:18Z</time>
      </trkpt>
      <trkpt lat="26.9138182" lon="75.8199597">
        <time>2018-10-10T15:49:28Z</time>
      </trkpt>
      <trkpt lat="26.9138182" lon="75.8199597">
        <time>2018-10-10T15:49:39Z</time>
      </trkpt>
      <trkpt lat="26.9138182" lon="75.8199597">
        <time>2018-10-10T15:49:50Z</time>
      </trkpt>
      <trkpt lat="26.9138182" lon="75.8199597">
        <time>2018-10-10T15:50:01Z</time>
      </trkpt>
      <trkpt lat="26.9138218" lon="75.8199789">
        <time>2018-10-10T15:50:11Z</time>
      </trkpt>
      <trkpt lat="26.9138210" lon="75.8199814">
        <time>2018-10-10T15:50:22Z</time>
      </trkpt>
      <trkpt lat="26.9138212" lon="75.8199818">
        <time>2018-10-10T15:50:33Z</time>
      </trkpt>
      <trkpt lat="26.9138212" lon="75.8199818">
        <time>2018-10-10T15:50:43Z</time>
      </trkpt>
      <trkpt lat="26.9138212" lon="75.8199818">
        <time>2018-10-10T15:50:53Z</time>
      </trkpt>
      <trkpt lat="26.9138121" lon="75.8200001">
        <time>2018-10-10T15:51:03Z</time>
      </trkpt>
      <trkpt lat="26.9138118" lon="75.8200163">
        <time>2018-10-10T15:51:14Z</time>
      </trkpt>
      <trkpt lat="26.9138098" lon="75.8200163">
        <time>2018-10-10T15:51:24Z</time>
      </trkpt>
      <trkpt lat="26.9138113" lon="75.8200166">
        <time>2018-10-10T15:51:34Z</time>
      </trkpt>
      <trkpt lat="26.9138120" lon="75.8200161">
        <time>2018-10-10T15:51:44Z</time>
      </trkpt>
      <trkpt lat="26.9138120" lon="75.8200161">
        <time>2018-10-10T15:51:55Z</time>
      </trkpt>
      <trkpt lat="26.9138120" lon="75.8200161">
        <time>2018-10-10T15:52:06Z</time>
      </trkpt>
      <trkpt lat="26.9138120" lon="75.8200161">
        <time>2018-10-10T15:52:17Z</time>
      </trkpt>
      <trkpt lat="26.9138111" lon="75.8200206">
        <time>2018-10-10T15:52:28Z</time>
      </trkpt>
      <trkpt lat="26.9138111" lon="75.8200206">
        <time>2018-10-10T15:52:38Z</time>
      </trkpt>
      <trkpt lat="26.9137759" lon="75.8199703">
        <time>2018-10-10T15:52:49Z</time>
      </trkpt>
      <trkpt lat="26.9137801" lon="75.8198554">
        <time>2018-10-10T15:53:00Z</time>
      </trkpt>
      <trkpt lat="26.9138449" lon="75.8197196">
        <time>2018-10-10T15:53:12Z</time>
      </trkpt>
      <trkpt lat="26.9138838" lon="75.8195820">
        <time>2018-10-10T15:53:23Z</time>
      </trkpt>
      <trkpt lat="26.9139004" lon="75.8194427">
        <time>2018-10-10T15:53:34Z</time>
      </trkpt>
      <trkpt lat="26.9139299" lon="75.8193056">
        <time>2018-10-10T15:53:44Z</time>
      </trkpt>
      <trkpt lat="26.9139612" lon="75.8191624">
        <time>2018-10-10T15:53:55Z</time>
      </trkpt>
      <trkpt lat="26.9139904" lon="75.8190332">
        <time>2018-10-10T15:54:05Z</time>
      </trkpt>
      <trkpt lat="26.9140178" lon="75.8188816">
        <time>2018-10-10T15:54:15Z</time>
      </trkpt>
      <trkpt lat="26.9140619" lon="75.8187594">
        <time>2018-10-10T15:54:25Z</time>
      </trkpt>
      <trkpt lat="26.9140793" lon="75.8186132">
        <time>2018-10-10T15:54:37Z</time>
      </trkpt>
      <trkpt lat="26.9141039" lon="75.8184580">
        <time>2018-10-10T15:54:47Z</time>
      </trkpt>
      <trkpt lat="26.9141340" lon="75.8183163">
        <time>2018-10-10T15:54:57Z</time>
      </trkpt>
      <trkpt lat="26.9141688" lon="75.8181643">
        <time>2018-10-10T15:55:08Z</time>
      </trkpt>
      <trkpt lat="26.9141976" lon="75.8180476">
        <time>2018-10-10T15:55:19Z</time>
      </trkpt>
      <trkpt lat="26.9142329" lon="75.8179008">
        <time>2018-10-10T15:55:29Z</time>
      </trkpt>
      <trkpt lat="26.9142496" lon="75.8177475">
        <time>2018-10-10T15:55:40Z</time>
      </trkpt>
      <trkpt lat="26.9142768" lon="75.8176181">
        <time>2018-10-10T15:55:50Z</time>
      </trkpt>
      <trkpt lat="26.9143008" lon="75.8174846">
        <time>2018-10-10T15:56:01Z</time>
      </trkpt>
      <trkpt lat="26.9143590" lon="75.8173766">
        <time>2018-10-10T15:56:11Z</time>
      </trkpt>
      <trkpt lat="26.9143924" lon="75.8172222">
        <time>2018-10-10T15:56:22Z</time>
      </trkpt>
      <trkpt lat="26.9144305" lon="75.8170957">
        <time>2018-10-10T15:56:32Z</time>
      </trkpt>
      <trkpt lat="26.9144555" lon="75.8169676">
        <time>2018-10-10T15:56:42Z</time>
      </trkpt>
      <trkpt lat="26.9145636" lon="75.8168489">
        <time>2018-10-10T15:56:52Z</time>
      </trkpt>
      <trkpt lat="26.9146850" lon="75.8168551">
        <time>2018-10-10T15:57:03Z</time>
      </trkpt>
      <trkpt lat="26.9147838" lon="75.8168756">
        <time>2018-10-10T15:57:14Z</time>
      </trkpt>
      <trkpt lat="26.9149181" lon="75.8169220">
        <time>2018-10-10T15:57:24Z</time>
      </trkpt>
      <trkpt lat="26.9150547" lon="75.8169625">
        <time>2018-10-10T15:57:35Z</time>
      </trkpt>
      <trkpt lat="26.9151639" lon="75.8170073">
        <time>2018-10-10T15:57:46Z</time>
      </trkpt>
      <trkpt lat="26.9152826" lon="75.8170436">
        <time>2018-10-10T15:57:56Z</time>
      </trkpt>
      <trkpt lat="26.9154413" lon="75.8171375">
        <time>2018-10-10T15:58:07Z</time>
      </trkpt>
      <trkpt lat="26.9156138" lon="75.8171604">
        <time>2018-10-10T15:58:17Z</time>
      </trkpt>
      <trkpt lat="26.9157129" lon="75.8170755">
        <time>2018-10-10T15:58:28Z</time>
      </trkpt>
      <trkpt lat="26.9158175" lon="75.8170887">
        <time>2018-10-10T15:58:39Z</time>
      </trkpt>
      <trkpt lat="26.9159373" lon="75.8171506">
        <time>2018-10-10T15:58:49Z</time>
      </trkpt>
      <trkpt lat="26.9160399" lon="75.8171897">
        <time>2018-10-10T15:59:00Z</time>
      </trkpt>
    </trkseg>
  </trk>
</gpx>
