<?xml version="1.0" encoding="UTF-8"?>
<gpx version="1.0" creator="OpenStreetMap.org" xmlns="http://www.topografix.com/GPX/1/0">
  <trk>
    <name>2022_03_13_19_03_55_2022_03_13_19_03_55.gpx</name>
    <desc>Mansarovar</desc>
    <url>/user/abhimanyu003/traces/4180372</url>
    <trkseg>
      <trkpt lat="26.8564767" lon="75.7359250">
        <time>2022-03-13T13:40:35Z</time>
      </trkpt>
      <trkpt lat="26.8563450" lon="75.7360217">
        <time>2022-03-13T13:40:36Z</time>
      </trkpt>
      <trkpt lat="26.8562133" lon="75.7361150">
        <time>2022-03-13T13:40:37Z</time>
      </trkpt>
      <trkpt lat="26.8560783" lon="75.7362083">
        <time>2022-03-13T13:40:38Z</time>
      </trkpt>
      <trkpt lat="26.8559383" lon="75.7362967">
        <time>2022-03-13T13:40:39Z</time>
      </trkpt>
      <trkpt lat="26.8558067" lon="75.7363933">
        <time>2022-03-13T13:40:40Z</time>
      </trkpt>
      <trkpt lat="26.8556767" lon="75.7364850">
        <time>2022-03-13T13:40:41Z</time>
      </trkpt>
      <trkpt lat="26.8555533" lon="75.7365767">
        <time>2022-03-13T13:40:42Z</time>
      </trkpt>
      <trkpt lat="26.8554183" lon="75.7366683">
        <time>2022-03-13T13:40:43Z</time>
      </trkpt>
      <trkpt lat="26.8552867" lon="75.7367567">
        <time>2022-03-13T13:40:44Z</time>
      </trkpt>
      <trkpt lat="26.8551583" lon="75.7368433">
        <time>2022-03-13T13:40:45Z</time>
      </trkpt>
      <trkpt lat="26.8550300" lon="75.7369333">
        <time>2022-03-13T13:40:46Z</time>
      </trkpt>
      <trkpt lat="26.8549050" lon="75.7370317">
        <time>2022-03-13T13:40:47Z</time>
      </trkpt>
      <trkpt lat="26.8547767" lon="75.7371317">
        <time>2022-03-13T13:40:48Z</time>
      </trkpt>
      <trkpt lat="26.8546467" lon="75.7372317">
        <time>2022-03-13T13:40:49Z</time>
      </trkpt>
      <trkpt lat="26.8545183" lon="75.7373267">
        <time>2022-03-13T13:40:50Z</time>
      </trkpt>
      <trkpt lat="26.8543950" lon="75.7374183">
        <time>2022-03-13T13:40:51Z</time>
      </trkpt>
      <trkpt lat="26.8542800" lon="75.7374950">
        <time>2022-03-13T13:40:52Z</time>
      </trkpt>
      <trkpt lat="26.8541617" lon="75.7375783">
        <time>2022-03-13T13:40:53Z</time>
      </trkpt>
      <trkpt lat="26.8540483" lon="75.7376733">
        <time>2022-03-13T13:40:54Z</time>
      </trkpt>
      <trkpt lat="26.8539250" lon="75.7377717">
        <time>2022-03-13T13:40:55Z</time>
      </trkpt>
      <trkpt lat="26.8538067" lon="75.7378650">
        <time>2022-03-13T13:40:56Z</time>
      </trkpt>
      <trkpt lat="26.8536833" lon="75.7379633">
        <time>2022-03-13T13:40:57Z</time>
      </trkpt>
      <trkpt lat="26.8535567" lon="75.7380633">
        <time>2022-03-13T13:40:58Z</time>
      </trkpt>
      <trkpt lat="26.8534250" lon="75.7381633">
        <time>2022-03-13T13:40:59Z</time>
      </trkpt>
      <trkpt lat="26.8532933" lon="75.7382633">
        <time>2022-03-13T13:41:00Z</time>
      </trkpt>
      <trkpt lat="26.8531600" lon="75.7383583">
        <time>2022-03-13T13:41:01Z</time>
      </trkpt>
      <trkpt lat="26.8530267" lon="75.7384567">
        <time>2022-03-13T13:41:02Z</time>
      </trkpt>
      <trkpt lat="26.8529050" lon="75.7385433">
        <time>2022-03-13T13:41:03Z</time>
      </trkpt>
      <trkpt lat="26.8527683" lon="75.7386467">
        <time>2022-03-13T13:41:04Z</time>
      </trkpt>
      <trkpt lat="26.8526300" lon="75.7387467">
        <time>2022-03-13T13:41:05Z</time>
      </trkpt>
      <trkpt lat="26.8524983" lon="75.7388417">
        <time>2022-03-13T13:41:06Z</time>
      </trkpt>
      <trkpt lat="26.8523733" lon="75.7389350">
        <time>2022-03-13T13:41:07Z</time>
      </trkpt>
      <trkpt lat="26.8522400" lon="75.7390467">
        <time>2022-03-13T13:41:08Z</time>
      </trkpt>
      <trkpt lat="26.8521033" lon="75.7391433">
        <time>2022-03-13T13:41:09Z</time>
      </trkpt>
      <trkpt lat="26.8519667" lon="75.7392483">
        <time>2022-03-13T13:41:10Z</time>
      </trkpt>
      <trkpt lat="26.8518367" lon="75.7393450">
        <time>2022-03-13T13:41:11Z</time>
      </trkpt>
      <trkpt lat="26.8517067" lon="75.7394400">
        <time>2022-03-13T13:41:12Z</time>
      </trkpt>
      <trkpt lat="26.8515683" lon="75.7395417">
        <time>2022-03-13T13:41:13Z</time>
      </trkpt>
      <trkpt lat="26.8514417" lon="75.7396467">
        <time>2022-03-13T13:41:14Z</time>
      </trkpt>
      <trkpt lat="26.8513133" lon="75.7397400">
        <time>2022-03-13T13:41:15Z</time>
      </trkpt>
      <trkpt lat="26.8511850" lon="75.7398283">
        <time>2022-03-13T13:41:16Z</time>
      </trkpt>
      <trkpt lat="26.8510483" lon="75.7399167">
        <time>2022-03-13T13:41:17Z</time>
      </trkpt>
      <trkpt lat="26.8509167" lon="75.7400150">
        <time>2022-03-13T13:41:18Z</time>
      </trkpt>
      <trkpt lat="26.8507867" lon="75.7401183">
        <time>2022-03-13T13:41:19Z</time>
      </trkpt>
      <trkpt lat="26.8506533" lon="75.7402150">
        <time>2022-03-13T13:41:20Z</time>
      </trkpt>
      <trkpt lat="26.8505250" lon="75.7403167">
        <time>2022-03-13T13:41:21Z</time>
      </trkpt>
      <trkpt lat="26.8504017" lon="75.7404150">
        <time>2022-03-13T13:41:22Z</time>
      </trkpt>
      <trkpt lat="26.8502700" lon="75.7405067">
        <time>2022-03-13T13:41:23Z</time>
      </trkpt>
      <trkpt lat="26.8501350" lon="75.7406017">
        <time>2022-03-13T13:41:24Z</time>
      </trkpt>
      <trkpt lat="26.8499983" lon="75.7406950">
        <time>2022-03-13T13:41:25Z</time>
      </trkpt>
      <trkpt lat="26.8498667" lon="75.7407900">
        <time>2022-03-13T13:41:26Z</time>
      </trkpt>
      <trkpt lat="26.8497400" lon="75.7408800">
        <time>2022-03-13T13:41:27Z</time>
      </trkpt>
      <trkpt lat="26.8496200" lon="75.7409750">
        <time>2022-03-13T13:41:28Z</time>
      </trkpt>
      <trkpt lat="26.8495017" lon="75.7410617">
        <time>2022-03-13T13:41:29Z</time>
      </trkpt>
      <trkpt lat="26.8493817" lon="75.7411467">
        <time>2022-03-13T13:41:30Z</time>
      </trkpt>
      <trkpt lat="26.8492633" lon="75.7412250">
        <time>2022-03-13T13:41:31Z</time>
      </trkpt>
      <trkpt lat="26.8491483" lon="75.7413050">
        <time>2022-03-13T13:41:32Z</time>
      </trkpt>
      <trkpt lat="26.8490267" lon="75.7413950">
        <time>2022-03-13T13:41:33Z</time>
      </trkpt>
      <trkpt lat="26.8489117" lon="75.7414867">
        <time>2022-03-13T13:41:34Z</time>
      </trkpt>
      <trkpt lat="26.8488033" lon="75.7415767">
        <time>2022-03-13T13:41:35Z</time>
      </trkpt>
      <trkpt lat="26.8487017" lon="75.7416683">
        <time>2022-03-13T13:41:36Z</time>
      </trkpt>
      <trkpt lat="26.8485983" lon="75.7417567">
        <time>2022-03-13T13:41:37Z</time>
      </trkpt>
      <trkpt lat="26.8484983" lon="75.7418367">
        <time>2022-03-13T13:41:38Z</time>
      </trkpt>
      <trkpt lat="26.8484000" lon="75.7419250">
        <time>2022-03-13T13:41:39Z</time>
      </trkpt>
      <trkpt lat="26.8483100" lon="75.7420367">
        <time>2022-03-13T13:41:40Z</time>
      </trkpt>
      <trkpt lat="26.8482383" lon="75.7421317">
        <time>2022-03-13T13:41:41Z</time>
      </trkpt>
      <trkpt lat="26.8481633" lon="75.7422250">
        <time>2022-03-13T13:41:42Z</time>
      </trkpt>
      <trkpt lat="26.8481117" lon="75.7423133">
        <time>2022-03-13T13:41:43Z</time>
      </trkpt>
      <trkpt lat="26.8480567" lon="75.7424000">
        <time>2022-03-13T13:41:44Z</time>
      </trkpt>
      <trkpt lat="26.8479950" lon="75.7424767">
        <time>2022-03-13T13:41:45Z</time>
      </trkpt>
      <trkpt lat="26.8479300" lon="75.7425617">
        <time>2022-03-13T13:41:46Z</time>
      </trkpt>
      <trkpt lat="26.8478733" lon="75.7426617">
        <time>2022-03-13T13:41:47Z</time>
      </trkpt>
      <trkpt lat="26.8478233" lon="75.7427717">
        <time>2022-03-13T13:41:48Z</time>
      </trkpt>
      <trkpt lat="26.8477583" lon="75.7428750">
        <time>2022-03-13T13:41:49Z</time>
      </trkpt>
      <trkpt lat="26.8476950" lon="75.7429817">
        <time>2022-03-13T13:41:50Z</time>
      </trkpt>
      <trkpt lat="26.8476233" lon="75.7430900">
        <time>2022-03-13T13:41:51Z</time>
      </trkpt>
      <trkpt lat="26.8475467" lon="75.7432100">
        <time>2022-03-13T13:41:52Z</time>
      </trkpt>
      <trkpt lat="26.8474650" lon="75.7433233">
        <time>2022-03-13T13:41:53Z</time>
      </trkpt>
      <trkpt lat="26.8473750" lon="75.7434367">
        <time>2022-03-13T13:41:54Z</time>
      </trkpt>
      <trkpt lat="26.8472833" lon="75.7435583">
        <time>2022-03-13T13:41:55Z</time>
      </trkpt>
      <trkpt lat="26.8471867" lon="75.7436767">
        <time>2022-03-13T13:41:56Z</time>
      </trkpt>
      <trkpt lat="26.8470833" lon="75.7438017">
        <time>2022-03-13T13:41:57Z</time>
      </trkpt>
      <trkpt lat="26.8469833" lon="75.7439317">
        <time>2022-03-13T13:41:58Z</time>
      </trkpt>
      <trkpt lat="26.8468817" lon="75.7440617">
        <time>2022-03-13T13:41:59Z</time>
      </trkpt>
      <trkpt lat="26.8467733" lon="75.7441950">
        <time>2022-03-13T13:42:00Z</time>
      </trkpt>
      <trkpt lat="26.8466700" lon="75.7443267">
        <time>2022-03-13T13:42:01Z</time>
      </trkpt>
      <trkpt lat="26.8465683" lon="75.7444583">
        <time>2022-03-13T13:42:02Z</time>
      </trkpt>
      <trkpt lat="26.8464683" lon="75.7445933">
        <time>2022-03-13T13:42:03Z</time>
      </trkpt>
      <trkpt lat="26.8463700" lon="75.7447283">
        <time>2022-03-13T13:42:04Z</time>
      </trkpt>
      <trkpt lat="26.8462717" lon="75.7448617">
        <time>2022-03-13T13:42:05Z</time>
      </trkpt>
      <trkpt lat="26.8461733" lon="75.7449867">
        <time>2022-03-13T13:42:06Z</time>
      </trkpt>
      <trkpt lat="26.8460717" lon="75.7451133">
        <time>2022-03-13T13:42:07Z</time>
      </trkpt>
      <trkpt lat="26.8459767" lon="75.7452433">
        <time>2022-03-13T13:42:08Z</time>
      </trkpt>
      <trkpt lat="26.8458850" lon="75.7453750">
        <time>2022-03-13T13:42:09Z</time>
      </trkpt>
      <trkpt lat="26.8458050" lon="75.7455150">
        <time>2022-03-13T13:42:10Z</time>
      </trkpt>
      <trkpt lat="26.8457150" lon="75.7456483">
        <time>2022-03-13T13:42:11Z</time>
      </trkpt>
      <trkpt lat="26.8456317" lon="75.7457850">
        <time>2022-03-13T13:42:12Z</time>
      </trkpt>
      <trkpt lat="26.8455450" lon="75.7459100">
        <time>2022-03-13T13:42:13Z</time>
      </trkpt>
      <trkpt lat="26.8454617" lon="75.7460367">
        <time>2022-03-13T13:42:14Z</time>
      </trkpt>
      <trkpt lat="26.8453950" lon="75.7461383">
        <time>2022-03-13T13:42:15Z</time>
      </trkpt>
      <trkpt lat="26.8453267" lon="75.7462200">
        <time>2022-03-13T13:42:16Z</time>
      </trkpt>
      <trkpt lat="26.8452550" lon="75.7462950">
        <time>2022-03-13T13:42:17Z</time>
      </trkpt>
      <trkpt lat="26.8451800" lon="75.7463633">
        <time>2022-03-13T13:42:18Z</time>
      </trkpt>
      <trkpt lat="26.8451017" lon="75.7464400">
        <time>2022-03-13T13:42:19Z</time>
      </trkpt>
      <trkpt lat="26.8450350" lon="75.7465167">
        <time>2022-03-13T13:42:20Z</time>
      </trkpt>
      <trkpt lat="26.8449817" lon="75.7465950">
        <time>2022-03-13T13:42:21Z</time>
      </trkpt>
      <trkpt lat="26.8449333" lon="75.7466733">
        <time>2022-03-13T13:42:22Z</time>
      </trkpt>
      <trkpt lat="26.8448850" lon="75.7467467">
        <time>2022-03-13T13:42:23Z</time>
      </trkpt>
      <trkpt lat="26.8448317" lon="75.7468283">
        <time>2022-03-13T13:42:24Z</time>
      </trkpt>
      <trkpt lat="26.8447767" lon="75.7469233">
        <time>2022-03-13T13:42:25Z</time>
      </trkpt>
      <trkpt lat="26.8447150" lon="75.7470167">
        <time>2022-03-13T13:42:26Z</time>
      </trkpt>
      <trkpt lat="26.8446517" lon="75.7471233">
        <time>2022-03-13T13:42:27Z</time>
      </trkpt>
      <trkpt lat="26.8445950" lon="75.7472200">
        <time>2022-03-13T13:42:28Z</time>
      </trkpt>
      <trkpt lat="26.8445400" lon="75.7473317">
        <time>2022-03-13T13:42:29Z</time>
      </trkpt>
      <trkpt lat="26.8444833" lon="75.7474450">
        <time>2022-03-13T13:42:30Z</time>
      </trkpt>
      <trkpt lat="26.8444200" lon="75.7475633">
        <time>2022-03-13T13:42:31Z</time>
      </trkpt>
      <trkpt lat="26.8443483" lon="75.7476900">
        <time>2022-03-13T13:42:32Z</time>
      </trkpt>
      <trkpt lat="26.8442733" lon="75.7478017">
        <time>2022-03-13T13:42:33Z</time>
      </trkpt>
      <trkpt lat="26.8441950" lon="75.7479183">
        <time>2022-03-13T13:42:34Z</time>
      </trkpt>
      <trkpt lat="26.8441083" lon="75.7480183">
        <time>2022-03-13T13:42:35Z</time>
      </trkpt>
      <trkpt lat="26.8440183" lon="75.7481233">
        <time>2022-03-13T13:42:36Z</time>
      </trkpt>
      <trkpt lat="26.8439383" lon="75.7482133">
        <time>2022-03-13T13:42:37Z</time>
      </trkpt>
      <trkpt lat="26.8438833" lon="75.7482883">
        <time>2022-03-13T13:42:38Z</time>
      </trkpt>
      <trkpt lat="26.8438383" lon="75.7483500">
        <time>2022-03-13T13:42:39Z</time>
      </trkpt>
      <trkpt lat="26.8438000" lon="75.7484100">
        <time>2022-03-13T13:42:40Z</time>
      </trkpt>
      <trkpt lat="26.8437700" lon="75.7484650">
        <time>2022-03-13T13:42:41Z</time>
      </trkpt>
      <trkpt lat="26.8437583" lon="75.7485217">
        <time>2022-03-13T13:42:42Z</time>
      </trkpt>
      <trkpt lat="26.8437700" lon="75.7485800">
        <time>2022-03-13T13:42:43Z</time>
      </trkpt>
      <trkpt lat="26.8437950" lon="75.7486333">
        <time>2022-03-13T13:42:44Z</time>
      </trkpt>
      <trkpt lat="26.8438333" lon="75.7486900">
        <time>2022-03-13T13:42:45Z</time>
      </trkpt>
      <trkpt lat="26.8438900" lon="75.7487433">
        <time>2022-03-13T13:42:46Z</time>
      </trkpt>
      <trkpt lat="26.8439433" lon="75.7487817">
        <time>2022-03-13T13:42:47Z</time>
      </trkpt>
      <trkpt lat="26.8440067" lon="75.7488167">
        <time>2022-03-13T13:42:48Z</time>
      </trkpt>
      <trkpt lat="26.8440650" lon="75.7488600">
        <time>2022-03-13T13:42:49Z</time>
      </trkpt>
      <trkpt lat="26.8441317" lon="75.7489117">
        <time>2022-03-13T13:42:50Z</time>
      </trkpt>
      <trkpt lat="26.8442150" lon="75.7489700">
        <time>2022-03-13T13:42:51Z</time>
      </trkpt>
      <trkpt lat="26.8443000" lon="75.7490283">
        <time>2022-03-13T13:42:52Z</time>
      </trkpt>
      <trkpt lat="26.8443967" lon="75.7490767">
        <time>2022-03-13T13:42:53Z</time>
      </trkpt>
      <trkpt lat="26.8444833" lon="75.7491200">
        <time>2022-03-13T13:42:54Z</time>
      </trkpt>
      <trkpt lat="26.8445717" lon="75.7491667">
        <time>2022-03-13T13:42:55Z</time>
      </trkpt>
      <trkpt lat="26.8446633" lon="75.7492167">
        <time>2022-03-13T13:42:56Z</time>
      </trkpt>
      <trkpt lat="26.8447583" lon="75.7492700">
        <time>2022-03-13T13:42:57Z</time>
      </trkpt>
      <trkpt lat="26.8448617" lon="75.7493283">
        <time>2022-03-13T13:42:58Z</time>
      </trkpt>
      <trkpt lat="26.8449700" lon="75.7493933">
        <time>2022-03-13T13:42:59Z</time>
      </trkpt>
      <trkpt lat="26.8450800" lon="75.7494650">
        <time>2022-03-13T13:43:00Z</time>
      </trkpt>
      <trkpt lat="26.8451900" lon="75.7495533">
        <time>2022-03-13T13:43:01Z</time>
      </trkpt>
      <trkpt lat="26.8453100" lon="75.7496433">
        <time>2022-03-13T13:43:02Z</time>
      </trkpt>
      <trkpt lat="26.8454433" lon="75.7497317">
        <time>2022-03-13T13:43:03Z</time>
      </trkpt>
      <trkpt lat="26.8455667" lon="75.7498267">
        <time>2022-03-13T13:43:04Z</time>
      </trkpt>
      <trkpt lat="26.8456767" lon="75.7499300">
        <time>2022-03-13T13:43:05Z</time>
      </trkpt>
      <trkpt lat="26.8457967" lon="75.7500367">
        <time>2022-03-13T13:43:06Z</time>
      </trkpt>
      <trkpt lat="26.8459150" lon="75.7501450">
        <time>2022-03-13T13:43:07Z</time>
      </trkpt>
      <trkpt lat="26.8460267" lon="75.7502483">
        <time>2022-03-13T13:43:08Z</time>
      </trkpt>
      <trkpt lat="26.8461467" lon="75.7503617">
        <time>2022-03-13T13:43:09Z</time>
      </trkpt>
      <trkpt lat="26.8462583" lon="75.7504783">
        <time>2022-03-13T13:43:10Z</time>
      </trkpt>
      <trkpt lat="26.8463700" lon="75.7505917">
        <time>2022-03-13T13:43:11Z</time>
      </trkpt>
      <trkpt lat="26.8464633" lon="75.7507083">
        <time>2022-03-13T13:43:12Z</time>
      </trkpt>
      <trkpt lat="26.8465633" lon="75.7508183">
        <time>2022-03-13T13:43:13Z</time>
      </trkpt>
      <trkpt lat="26.8466400" lon="75.7509167">
        <time>2022-03-13T13:43:14Z</time>
      </trkpt>
      <trkpt lat="26.8467100" lon="75.7510100">
        <time>2022-03-13T13:43:15Z</time>
      </trkpt>
      <trkpt lat="26.8467683" lon="75.7510900">
        <time>2022-03-13T13:43:16Z</time>
      </trkpt>
      <trkpt lat="26.8468133" lon="75.7511600">
        <time>2022-03-13T13:43:17Z</time>
      </trkpt>
      <trkpt lat="26.8468500" lon="75.7512150">
        <time>2022-03-13T13:43:18Z</time>
      </trkpt>
      <trkpt lat="26.8468750" lon="75.7512583">
        <time>2022-03-13T13:43:19Z</time>
      </trkpt>
      <trkpt lat="26.8468950" lon="75.7513167">
        <time>2022-03-13T13:43:20Z</time>
      </trkpt>
      <trkpt lat="26.8469033" lon="75.7513567">
        <time>2022-03-13T13:43:21Z</time>
      </trkpt>
      <trkpt lat="26.8469000" lon="75.7513850">
        <time>2022-03-13T13:43:22Z</time>
      </trkpt>
      <trkpt lat="26.8469033" lon="75.7514017">
        <time>2022-03-13T13:43:23Z</time>
      </trkpt>
      <trkpt lat="26.8469050" lon="75.7514100">
        <time>2022-03-13T13:43:24Z</time>
      </trkpt>
      <trkpt lat="26.8469033" lon="75.7514150">
        <time>2022-03-13T13:43:25Z</time>
      </trkpt>
      <trkpt lat="26.8469033" lon="75.7514233">
        <time>2022-03-13T13:43:26Z</time>
      </trkpt>
      <trkpt lat="26.8469033" lon="75.7514233">
        <time>2022-03-13T13:43:27Z</time>
      </trkpt>
      <trkpt lat="26.8469033" lon="75.7514233">
        <time>2022-03-13T13:43:28Z</time>
      </trkpt>
      <trkpt lat="26.8469033" lon="75.7514233">
        <time>2022-03-13T13:43:29Z</time>
      </trkpt>
      <trkpt lat="26.8469033" lon="75.7514233">
        <time>2022-03-13T13:43:30Z</time>
      </trkpt>
      <trkpt lat="26.8468967" lon="75.7514783">
        <time>2022-03-13T13:43:31Z</time>
      </trkpt>
      <trkpt lat="26.8468933" lon="75.7514950">
        <time>2022-03-13T13:43:32Z</time>
      </trkpt>
      <trkpt lat="26.8468950" lon="75.7515083">
        <time>2022-03-13T13:43:33Z</time>
      </trkpt>
      <trkpt lat="26.8468950" lon="75.7515183">
        <time>2022-03-13T13:43:34Z</time>
      </trkpt>
      <trkpt lat="26.8468967" lon="75.7515283">
        <time>2022-03-13T13:43:35Z</time>
      </trkpt>
      <trkpt lat="26.8468950" lon="75.7515417">
        <time>2022-03-13T13:43:36Z</time>
      </trkpt>
      <trkpt lat="26.8468900" lon="75.7515533">
        <time>2022-03-13T13:43:37Z</time>
      </trkpt>
      <trkpt lat="26.8468900" lon="75.7515600">
        <time>2022-03-13T13:43:38Z</time>
      </trkpt>
      <trkpt lat="26.8468867" lon="75.7515633">
        <time>2022-03-13T13:43:39Z</time>
      </trkpt>
      <trkpt lat="26.8468867" lon="75.7515633">
        <time>2022-03-13T13:43:40Z</time>
      </trkpt>
      <trkpt lat="26.8468867" lon="75.7515633">
        <time>2022-03-13T13:43:41Z</time>
      </trkpt>
      <trkpt lat="26.8468867" lon="75.7515633">
        <time>2022-03-13T13:43:42Z</time>
      </trkpt>
      <trkpt lat="26.8468867" lon="75.7515633">
        <time>2022-03-13T13:43:43Z</time>
      </trkpt>
      <trkpt lat="26.8468867" lon="75.7515633">
        <time>2022-03-13T13:43:44Z</time>
      </trkpt>
      <trkpt lat="26.8468867" lon="75.7515633">
        <time>2022-03-13T13:43:45Z</time>
      </trkpt>
      <trkpt lat="26.8468733" lon="75.7515933">
        <time>2022-03-13T13:43:46Z</time>
      </trkpt>
      <trkpt lat="26.8468683" lon="75.7516117">
        <time>2022-03-13T13:43:47Z</time>
      </trkpt>
      <trkpt lat="26.8468650" lon="75.7516333">
        <time>2022-03-13T13:43:48Z</time>
      </trkpt>
      <trkpt lat="26.8468683" lon="75.7516550">
        <time>2022-03-13T13:43:49Z</time>
      </trkpt>
      <trkpt lat="26.8468733" lon="75.7516750">
        <time>2022-03-13T13:43:50Z</time>
      </trkpt>
      <trkpt lat="26.8468850" lon="75.7516933">
        <time>2022-03-13T13:43:51Z</time>
      </trkpt>
      <trkpt lat="26.8468950" lon="75.7517100">
        <time>2022-03-13T13:43:52Z</time>
      </trkpt>
      <trkpt lat="26.8469083" lon="75.7517250">
        <time>2022-03-13T13:43:53Z</time>
      </trkpt>
      <trkpt lat="26.8469217" lon="75.7517400">
        <time>2022-03-13T13:43:54Z</time>
      </trkpt>
      <trkpt lat="26.8469350" lon="75.7517500">
        <time>2022-03-13T13:43:55Z</time>
      </trkpt>
      <trkpt lat="26.8469500" lon="75.7517567">
        <time>2022-03-13T13:43:56Z</time>
      </trkpt>
      <trkpt lat="26.8469683" lon="75.7517633">
        <time>2022-03-13T13:43:57Z</time>
      </trkpt>
      <trkpt lat="26.8469950" lon="75.7517700">
        <time>2022-03-13T13:43:58Z</time>
      </trkpt>
      <trkpt lat="26.8470250" lon="75.7517800">
        <time>2022-03-13T13:43:59Z</time>
      </trkpt>
      <trkpt lat="26.8470583" lon="75.7517917">
        <time>2022-03-13T13:44:00Z</time>
      </trkpt>
      <trkpt lat="26.8470950" lon="75.7518033">
        <time>2022-03-13T13:44:01Z</time>
      </trkpt>
      <trkpt lat="26.8471367" lon="75.7518183">
        <time>2022-03-13T13:44:02Z</time>
      </trkpt>
      <trkpt lat="26.8471833" lon="75.7518350">
        <time>2022-03-13T13:44:03Z</time>
      </trkpt>
      <trkpt lat="26.8472400" lon="75.7518617">
        <time>2022-03-13T13:44:04Z</time>
      </trkpt>
      <trkpt lat="26.8473150" lon="75.7518933">
        <time>2022-03-13T13:44:05Z</time>
      </trkpt>
      <trkpt lat="26.8473967" lon="75.7519367">
        <time>2022-03-13T13:44:06Z</time>
      </trkpt>
      <trkpt lat="26.8474717" lon="75.7519783">
        <time>2022-03-13T13:44:07Z</time>
      </trkpt>
      <trkpt lat="26.8475350" lon="75.7520100">
        <time>2022-03-13T13:44:08Z</time>
      </trkpt>
      <trkpt lat="26.8475933" lon="75.7520333">
        <time>2022-03-13T13:44:09Z</time>
      </trkpt>
      <trkpt lat="26.8476400" lon="75.7520600">
        <time>2022-03-13T13:44:10Z</time>
      </trkpt>
      <trkpt lat="26.8476733" lon="75.7520850">
        <time>2022-03-13T13:44:11Z</time>
      </trkpt>
      <trkpt lat="26.8477117" lon="75.7521100">
        <time>2022-03-13T13:44:12Z</time>
      </trkpt>
      <trkpt lat="26.8477483" lon="75.7521333">
        <time>2022-03-13T13:44:13Z</time>
      </trkpt>
      <trkpt lat="26.8477850" lon="75.7521500">
        <time>2022-03-13T13:44:14Z</time>
      </trkpt>
      <trkpt lat="26.8478217" lon="75.7521733">
        <time>2022-03-13T13:44:15Z</time>
      </trkpt>
      <trkpt lat="26.8478617" lon="75.7521950">
        <time>2022-03-13T13:44:16Z</time>
      </trkpt>
      <trkpt lat="26.8478917" lon="75.7522267">
        <time>2022-03-13T13:44:17Z</time>
      </trkpt>
      <trkpt lat="26.8479283" lon="75.7522633">
        <time>2022-03-13T13:44:18Z</time>
      </trkpt>
      <trkpt lat="26.8479633" lon="75.7523000">
        <time>2022-03-13T13:44:19Z</time>
      </trkpt>
      <trkpt lat="26.8479967" lon="75.7523350">
        <time>2022-03-13T13:44:20Z</time>
      </trkpt>
      <trkpt lat="26.8480233" lon="75.7523650">
        <time>2022-03-13T13:44:21Z</time>
      </trkpt>
      <trkpt lat="26.8480517" lon="75.7523900">
        <time>2022-03-13T13:44:22Z</time>
      </trkpt>
      <trkpt lat="26.8480800" lon="75.7524167">
        <time>2022-03-13T13:44:23Z</time>
      </trkpt>
      <trkpt lat="26.8481117" lon="75.7524400">
        <time>2022-03-13T13:44:24Z</time>
      </trkpt>
      <trkpt lat="26.8481483" lon="75.7524700">
        <time>2022-03-13T13:44:25Z</time>
      </trkpt>
      <trkpt lat="26.8481833" lon="75.7524983">
        <time>2022-03-13T13:44:26Z</time>
      </trkpt>
      <trkpt lat="26.8482200" lon="75.7525200">
        <time>2022-03-13T13:44:27Z</time>
      </trkpt>
      <trkpt lat="26.8482567" lon="75.7525400">
        <time>2022-03-13T13:44:28Z</time>
      </trkpt>
      <trkpt lat="26.8482883" lon="75.7525583">
        <time>2022-03-13T13:44:29Z</time>
      </trkpt>
      <trkpt lat="26.8483150" lon="75.7525783">
        <time>2022-03-13T13:44:30Z</time>
      </trkpt>
      <trkpt lat="26.8483417" lon="75.7526083">
        <time>2022-03-13T13:44:31Z</time>
      </trkpt>
      <trkpt lat="26.8483733" lon="75.7526400">
        <time>2022-03-13T13:44:32Z</time>
      </trkpt>
      <trkpt lat="26.8484083" lon="75.7526800">
        <time>2022-03-13T13:44:33Z</time>
      </trkpt>
      <trkpt lat="26.8484617" lon="75.7527183">
        <time>2022-03-13T13:44:34Z</time>
      </trkpt>
      <trkpt lat="26.8485300" lon="75.7527550">
        <time>2022-03-13T13:44:35Z</time>
      </trkpt>
      <trkpt lat="26.8486150" lon="75.7527983">
        <time>2022-03-13T13:44:36Z</time>
      </trkpt>
      <trkpt lat="26.8487150" lon="75.7528583">
        <time>2022-03-13T13:44:37Z</time>
      </trkpt>
      <trkpt lat="26.8488233" lon="75.7529317">
        <time>2022-03-13T13:44:38Z</time>
      </trkpt>
      <trkpt lat="26.8489200" lon="75.7530067">
        <time>2022-03-13T13:44:39Z</time>
      </trkpt>
      <trkpt lat="26.8490183" lon="75.7530867">
        <time>2022-03-13T13:44:40Z</time>
      </trkpt>
      <trkpt lat="26.8491150" lon="75.7531650">
        <time>2022-03-13T13:44:41Z</time>
      </trkpt>
      <trkpt lat="26.8492150" lon="75.7532500">
        <time>2022-03-13T13:44:42Z</time>
      </trkpt>
      <trkpt lat="26.8493150" lon="75.7533367">
        <time>2022-03-13T13:44:43Z</time>
      </trkpt>
      <trkpt lat="26.8494167" lon="75.7534233">
        <time>2022-03-13T13:44:44Z</time>
      </trkpt>
      <trkpt lat="26.8495183" lon="75.7535167">
        <time>2022-03-13T13:44:45Z</time>
      </trkpt>
      <trkpt lat="26.8496233" lon="75.7536183">
        <time>2022-03-13T13:44:46Z</time>
      </trkpt>
      <trkpt lat="26.8497300" lon="75.7537150">
        <time>2022-03-13T13:44:47Z</time>
      </trkpt>
      <trkpt lat="26.8498433" lon="75.7538083">
        <time>2022-03-13T13:44:48Z</time>
      </trkpt>
      <trkpt lat="26.8499517" lon="75.7538917">
        <time>2022-03-13T13:44:49Z</time>
      </trkpt>
      <trkpt lat="26.8500517" lon="75.7539783">
        <time>2022-03-13T13:44:50Z</time>
      </trkpt>
      <trkpt lat="26.8501417" lon="75.7540583">
        <time>2022-03-13T13:44:51Z</time>
      </trkpt>
      <trkpt lat="26.8502267" lon="75.7541333">
        <time>2022-03-13T13:44:52Z</time>
      </trkpt>
      <trkpt lat="26.8503117" lon="75.7542050">
        <time>2022-03-13T13:44:53Z</time>
      </trkpt>
      <trkpt lat="26.8503900" lon="75.7542600">
        <time>2022-03-13T13:44:54Z</time>
      </trkpt>
      <trkpt lat="26.8504667" lon="75.7543217">
        <time>2022-03-13T13:44:55Z</time>
      </trkpt>
      <trkpt lat="26.8505383" lon="75.7543867">
        <time>2022-03-13T13:44:56Z</time>
      </trkpt>
      <trkpt lat="26.8506017" lon="75.7544533">
        <time>2022-03-13T13:44:57Z</time>
      </trkpt>
      <trkpt lat="26.8506600" lon="75.7545133">
        <time>2022-03-13T13:44:58Z</time>
      </trkpt>
      <trkpt lat="26.8507050" lon="75.7545650">
        <time>2022-03-13T13:44:59Z</time>
      </trkpt>
      <trkpt lat="26.8507433" lon="75.7546050">
        <time>2022-03-13T13:45:00Z</time>
      </trkpt>
      <trkpt lat="26.8507733" lon="75.7546367">
        <time>2022-03-13T13:45:01Z</time>
      </trkpt>
      <trkpt lat="26.8507983" lon="75.7546650">
        <time>2022-03-13T13:45:02Z</time>
      </trkpt>
      <trkpt lat="26.8508233" lon="75.7546917">
        <time>2022-03-13T13:45:03Z</time>
      </trkpt>
      <trkpt lat="26.8508500" lon="75.7547267">
        <time>2022-03-13T13:45:04Z</time>
      </trkpt>
      <trkpt lat="26.8508767" lon="75.7547600">
        <time>2022-03-13T13:45:05Z</time>
      </trkpt>
      <trkpt lat="26.8509067" lon="75.7548017">
        <time>2022-03-13T13:45:06Z</time>
      </trkpt>
      <trkpt lat="26.8509517" lon="75.7548350">
        <time>2022-03-13T13:45:07Z</time>
      </trkpt>
      <trkpt lat="26.8510050" lon="75.7548700">
        <time>2022-03-13T13:45:08Z</time>
      </trkpt>
      <trkpt lat="26.8510667" lon="75.7549117">
        <time>2022-03-13T13:45:09Z</time>
      </trkpt>
      <trkpt lat="26.8511300" lon="75.7549600">
        <time>2022-03-13T13:45:10Z</time>
      </trkpt>
      <trkpt lat="26.8512000" lon="75.7550183">
        <time>2022-03-13T13:45:11Z</time>
      </trkpt>
      <trkpt lat="26.8512783" lon="75.7550800">
        <time>2022-03-13T13:45:12Z</time>
      </trkpt>
      <trkpt lat="26.8513650" lon="75.7551483">
        <time>2022-03-13T13:45:13Z</time>
      </trkpt>
      <trkpt lat="26.8514600" lon="75.7552233">
        <time>2022-03-13T13:45:14Z</time>
      </trkpt>
      <trkpt lat="26.8515617" lon="75.7552950">
        <time>2022-03-13T13:45:15Z</time>
      </trkpt>
      <trkpt lat="26.8516650" lon="75.7553700">
        <time>2022-03-13T13:45:16Z</time>
      </trkpt>
      <trkpt lat="26.8517667" lon="75.7554483">
        <time>2022-03-13T13:45:17Z</time>
      </trkpt>
      <trkpt lat="26.8518633" lon="75.7555233">
        <time>2022-03-13T13:45:18Z</time>
      </trkpt>
      <trkpt lat="26.8519533" lon="75.7555950">
        <time>2022-03-13T13:45:19Z</time>
      </trkpt>
      <trkpt lat="26.8520400" lon="75.7556633">
        <time>2022-03-13T13:45:20Z</time>
      </trkpt>
      <trkpt lat="26.8521267" lon="75.7557217">
        <time>2022-03-13T13:45:21Z</time>
      </trkpt>
      <trkpt lat="26.8522217" lon="75.7557750">
        <time>2022-03-13T13:45:22Z</time>
      </trkpt>
      <trkpt lat="26.8523133" lon="75.7558033">
        <time>2022-03-13T13:45:23Z</time>
      </trkpt>
      <trkpt lat="26.8524167" lon="75.7558167">
        <time>2022-03-13T13:45:24Z</time>
      </trkpt>
      <trkpt lat="26.8525133" lon="75.7558100">
        <time>2022-03-13T13:45:25Z</time>
      </trkpt>
      <trkpt lat="26.8526183" lon="75.7557950">
        <time>2022-03-13T13:45:26Z</time>
      </trkpt>
      <trkpt lat="26.8527267" lon="75.7557817">
        <time>2022-03-13T13:45:27Z</time>
      </trkpt>
      <trkpt lat="26.8528350" lon="75.7557683">
        <time>2022-03-13T13:45:28Z</time>
      </trkpt>
      <trkpt lat="26.8529500" lon="75.7557783">
        <time>2022-03-13T13:45:29Z</time>
      </trkpt>
      <trkpt lat="26.8530700" lon="75.7558017">
        <time>2022-03-13T13:45:30Z</time>
      </trkpt>
      <trkpt lat="26.8531717" lon="75.7558417">
        <time>2022-03-13T13:45:31Z</time>
      </trkpt>
      <trkpt lat="26.8532667" lon="75.7559050">
        <time>2022-03-13T13:45:32Z</time>
      </trkpt>
      <trkpt lat="26.8533617" lon="75.7559817">
        <time>2022-03-13T13:45:33Z</time>
      </trkpt>
      <trkpt lat="26.8534683" lon="75.7560583">
        <time>2022-03-13T13:45:34Z</time>
      </trkpt>
      <trkpt lat="26.8535867" lon="75.7561333">
        <time>2022-03-13T13:45:35Z</time>
      </trkpt>
      <trkpt lat="26.8537117" lon="75.7562200">
        <time>2022-03-13T13:45:36Z</time>
      </trkpt>
      <trkpt lat="26.8538450" lon="75.7563150">
        <time>2022-03-13T13:45:37Z</time>
      </trkpt>
      <trkpt lat="26.8539800" lon="75.7564067">
        <time>2022-03-13T13:45:38Z</time>
      </trkpt>
      <trkpt lat="26.8541017" lon="75.7564950">
        <time>2022-03-13T13:45:39Z</time>
      </trkpt>
      <trkpt lat="26.8542250" lon="75.7565800">
        <time>2022-03-13T13:45:40Z</time>
      </trkpt>
      <trkpt lat="26.8543433" lon="75.7566667">
        <time>2022-03-13T13:45:41Z</time>
      </trkpt>
      <trkpt lat="26.8544533" lon="75.7567533">
        <time>2022-03-13T13:45:42Z</time>
      </trkpt>
      <trkpt lat="26.8545533" lon="75.7568300">
        <time>2022-03-13T13:45:43Z</time>
      </trkpt>
      <trkpt lat="26.8546567" lon="75.7569117">
        <time>2022-03-13T13:45:44Z</time>
      </trkpt>
      <trkpt lat="26.8547617" lon="75.7569917">
        <time>2022-03-13T13:45:45Z</time>
      </trkpt>
      <trkpt lat="26.8548583" lon="75.7570567">
        <time>2022-03-13T13:45:46Z</time>
      </trkpt>
      <trkpt lat="26.8549567" lon="75.7571167">
        <time>2022-03-13T13:45:47Z</time>
      </trkpt>
      <trkpt lat="26.8550467" lon="75.7571750">
        <time>2022-03-13T13:45:48Z</time>
      </trkpt>
      <trkpt lat="26.8551350" lon="75.7572350">
        <time>2022-03-13T13:45:49Z</time>
      </trkpt>
      <trkpt lat="26.8552217" lon="75.7573000">
        <time>2022-03-13T13:45:50Z</time>
      </trkpt>
      <trkpt lat="26.8553067" lon="75.7573667">
        <time>2022-03-13T13:45:51Z</time>
      </trkpt>
      <trkpt lat="26.8553917" lon="75.7574333">
        <time>2022-03-13T13:45:52Z</time>
      </trkpt>
      <trkpt lat="26.8554833" lon="75.7575050">
        <time>2022-03-13T13:45:53Z</time>
      </trkpt>
      <trkpt lat="26.8555717" lon="75.7575717">
        <time>2022-03-13T13:45:54Z</time>
      </trkpt>
      <trkpt lat="26.8556650" lon="75.7576400">
        <time>2022-03-13T13:45:55Z</time>
      </trkpt>
      <trkpt lat="26.8557617" lon="75.7577117">
        <time>2022-03-13T13:45:56Z</time>
      </trkpt>
      <trkpt lat="26.8558583" lon="75.7577817">
        <time>2022-03-13T13:45:57Z</time>
      </trkpt>
      <trkpt lat="26.8559567" lon="75.7578467">
        <time>2022-03-13T13:45:58Z</time>
      </trkpt>
      <trkpt lat="26.8560483" lon="75.7579117">
        <time>2022-03-13T13:45:59Z</time>
      </trkpt>
      <trkpt lat="26.8561333" lon="75.7579700">
        <time>2022-03-13T13:46:00Z</time>
      </trkpt>
      <trkpt lat="26.8562200" lon="75.7580183">
        <time>2022-03-13T13:46:01Z</time>
      </trkpt>
      <trkpt lat="26.8562983" lon="75.7580600">
        <time>2022-03-13T13:46:02Z</time>
      </trkpt>
      <trkpt lat="26.8563500" lon="75.7581067">
        <time>2022-03-13T13:46:03Z</time>
      </trkpt>
      <trkpt lat="26.8563900" lon="75.7581383">
        <time>2022-03-13T13:46:04Z</time>
      </trkpt>
      <trkpt lat="26.8564217" lon="75.7581767">
        <time>2022-03-13T13:46:05Z</time>
      </trkpt>
      <trkpt lat="26.8564467" lon="75.7581967">
        <time>2022-03-13T13:46:06Z</time>
      </trkpt>
      <trkpt lat="26.8564583" lon="75.7582083">
        <time>2022-03-13T13:46:07Z</time>
      </trkpt>
      <trkpt lat="26.8564600" lon="75.7582100">
        <time>2022-03-13T13:46:08Z</time>
      </trkpt>
      <trkpt lat="26.8564583" lon="75.7582100">
        <time>2022-03-13T13:46:09Z</time>
      </trkpt>
      <trkpt lat="26.8564583" lon="75.7582100">
        <time>2022-03-13T13:46:10Z</time>
      </trkpt>
      <trkpt lat="26.8564583" lon="75.7582100">
        <time>2022-03-13T13:46:11Z</time>
      </trkpt>
      <trkpt lat="26.8564583" lon="75.7582100">
        <time>2022-03-13T13:46:12Z</time>
      </trkpt>
      <trkpt lat="26.8564583" lon="75.7582100">
        <time>2022-03-13T13:46:13Z</time>
      </trkpt>
      <trkpt lat="26.8564583" lon="75.7582100">
        <time>2022-03-13T13:46:14Z</time>
      </trkpt>
      <trkpt lat="26.8564583" lon="75.7582100">
        <time>2022-03-13T13:46:15Z</time>
      </trkpt>
      <trkpt lat="26.8564583" lon="75.7582100">
        <time>2022-03-13T13:46:16Z</time>
      </trkpt>
      <trkpt lat="26.8564583" lon="75.7582100">
        <time>2022-03-13T13:46:17Z</time>
      </trkpt>
      <trkpt lat="26.8564583" lon="75.7582100">
        <time>2022-03-13T13:46:18Z</time>
      </trkpt>
      <trkpt lat="26.8564717" lon="75.7582333">
        <time>2022-03-13T13:46:19Z</time>
      </trkpt>
      <trkpt lat="26.8564900" lon="75.7582683">
        <time>2022-03-13T13:46:20Z</time>
      </trkpt>
      <trkpt lat="26.8565133" lon="75.7583133">
        <time>2022-03-13T13:46:21Z</time>
      </trkpt>
      <trkpt lat="26.8565250" lon="75.7583617">
        <time>2022-03-13T13:46:22Z</time>
      </trkpt>
      <trkpt lat="26.8565283" lon="75.7583983">
        <time>2022-03-13T13:46:23Z</time>
      </trkpt>
      <trkpt lat="26.8565300" lon="75.7584350">
        <time>2022-03-13T13:46:24Z</time>
      </trkpt>
      <trkpt lat="26.8565383" lon="75.7584767">
        <time>2022-03-13T13:46:25Z</time>
      </trkpt>
      <trkpt lat="26.8565400" lon="75.7585217">
        <time>2022-03-13T13:46:26Z</time>
      </trkpt>
      <trkpt lat="26.8565467" lon="75.7585700">
        <time>2022-03-13T13:46:27Z</time>
      </trkpt>
      <trkpt lat="26.8565583" lon="75.7586233">
        <time>2022-03-13T13:46:28Z</time>
      </trkpt>
      <trkpt lat="26.8565800" lon="75.7586750">
        <time>2022-03-13T13:46:29Z</time>
      </trkpt>
      <trkpt lat="26.8566083" lon="75.7587367">
        <time>2022-03-13T13:46:30Z</time>
      </trkpt>
      <trkpt lat="26.8566417" lon="75.7588017">
        <time>2022-03-13T13:46:31Z</time>
      </trkpt>
      <trkpt lat="26.8566950" lon="75.7588750">
        <time>2022-03-13T13:46:32Z</time>
      </trkpt>
      <trkpt lat="26.8567567" lon="75.7589450">
        <time>2022-03-13T13:46:33Z</time>
      </trkpt>
      <trkpt lat="26.8568333" lon="75.7590233">
        <time>2022-03-13T13:46:34Z</time>
      </trkpt>
      <trkpt lat="26.8569050" lon="75.7591050">
        <time>2022-03-13T13:46:35Z</time>
      </trkpt>
      <trkpt lat="26.8569850" lon="75.7591883">
        <time>2022-03-13T13:46:36Z</time>
      </trkpt>
      <trkpt lat="26.8570700" lon="75.7592850">
        <time>2022-03-13T13:46:37Z</time>
      </trkpt>
      <trkpt lat="26.8571583" lon="75.7593867">
        <time>2022-03-13T13:46:38Z</time>
      </trkpt>
      <trkpt lat="26.8572483" lon="75.7594917">
        <time>2022-03-13T13:46:39Z</time>
      </trkpt>
      <trkpt lat="26.8573483" lon="75.7596000">
        <time>2022-03-13T13:46:40Z</time>
      </trkpt>
      <trkpt lat="26.8574483" lon="75.7597067">
        <time>2022-03-13T13:46:41Z</time>
      </trkpt>
      <trkpt lat="26.8575467" lon="75.7598067">
        <time>2022-03-13T13:46:42Z</time>
      </trkpt>
      <trkpt lat="26.8576500" lon="75.7599117">
        <time>2022-03-13T13:46:43Z</time>
      </trkpt>
      <trkpt lat="26.8577550" lon="75.7600333">
        <time>2022-03-13T13:46:44Z</time>
      </trkpt>
      <trkpt lat="26.8578617" lon="75.7601533">
        <time>2022-03-13T13:46:45Z</time>
      </trkpt>
      <trkpt lat="26.8579733" lon="75.7602667">
        <time>2022-03-13T13:46:46Z</time>
      </trkpt>
      <trkpt lat="26.8580817" lon="75.7603917">
        <time>2022-03-13T13:46:47Z</time>
      </trkpt>
      <trkpt lat="26.8581900" lon="75.7605167">
        <time>2022-03-13T13:46:48Z</time>
      </trkpt>
      <trkpt lat="26.8582883" lon="75.7606267">
        <time>2022-03-13T13:46:49Z</time>
      </trkpt>
      <trkpt lat="26.8583633" lon="75.7607217">
        <time>2022-03-13T13:46:50Z</time>
      </trkpt>
      <trkpt lat="26.8584317" lon="75.7607950">
        <time>2022-03-13T13:46:51Z</time>
      </trkpt>
      <trkpt lat="26.8584917" lon="75.7608383">
        <time>2022-03-13T13:46:52Z</time>
      </trkpt>
      <trkpt lat="26.8585333" lon="75.7608733">
        <time>2022-03-13T13:46:53Z</time>
      </trkpt>
      <trkpt lat="26.8585717" lon="75.7608883">
        <time>2022-03-13T13:46:54Z</time>
      </trkpt>
      <trkpt lat="26.8586083" lon="75.7608933">
        <time>2022-03-13T13:46:55Z</time>
      </trkpt>
      <trkpt lat="26.8586483" lon="75.7608683">
        <time>2022-03-13T13:46:56Z</time>
      </trkpt>
      <trkpt lat="26.8586867" lon="75.7608333">
        <time>2022-03-13T13:46:57Z</time>
      </trkpt>
      <trkpt lat="26.8587150" lon="75.7607917">
        <time>2022-03-13T13:46:58Z</time>
      </trkpt>
      <trkpt lat="26.8587400" lon="75.7607600">
        <time>2022-03-13T13:46:59Z</time>
      </trkpt>
      <trkpt lat="26.8587567" lon="75.7607450">
        <time>2022-03-13T13:47:00Z</time>
      </trkpt>
      <trkpt lat="26.8587667" lon="75.7607350">
        <time>2022-03-13T13:47:01Z</time>
      </trkpt>
      <trkpt lat="26.8587767" lon="75.7607250">
        <time>2022-03-13T13:47:02Z</time>
      </trkpt>
      <trkpt lat="26.8587817" lon="75.7607167">
        <time>2022-03-13T13:47:03Z</time>
      </trkpt>
      <trkpt lat="26.8587917" lon="75.7607050">
        <time>2022-03-13T13:47:04Z</time>
      </trkpt>
      <trkpt lat="26.8588133" lon="75.7606850">
        <time>2022-03-13T13:47:05Z</time>
      </trkpt>
      <trkpt lat="26.8588400" lon="75.7606567">
        <time>2022-03-13T13:47:06Z</time>
      </trkpt>
      <trkpt lat="26.8588717" lon="75.7606183">
        <time>2022-03-13T13:47:07Z</time>
      </trkpt>
      <trkpt lat="26.8589133" lon="75.7605800">
        <time>2022-03-13T13:47:08Z</time>
      </trkpt>
      <trkpt lat="26.8589617" lon="75.7605400">
        <time>2022-03-13T13:47:09Z</time>
      </trkpt>
      <trkpt lat="26.8590133" lon="75.7604900">
        <time>2022-03-13T13:47:10Z</time>
      </trkpt>
      <trkpt lat="26.8590783" lon="75.7604383">
        <time>2022-03-13T13:47:11Z</time>
      </trkpt>
      <trkpt lat="26.8591350" lon="75.7603817">
        <time>2022-03-13T13:47:12Z</time>
      </trkpt>
      <trkpt lat="26.8591867" lon="75.7603350">
        <time>2022-03-13T13:47:13Z</time>
      </trkpt>
      <trkpt lat="26.8592267" lon="75.7602950">
        <time>2022-03-13T13:47:14Z</time>
      </trkpt>
      <trkpt lat="26.8592500" lon="75.7602700">
        <time>2022-03-13T13:47:15Z</time>
      </trkpt>
      <trkpt lat="26.8592733" lon="75.7602383">
        <time>2022-03-13T13:47:16Z</time>
      </trkpt>
      <trkpt lat="26.8593000" lon="75.7602067">
        <time>2022-03-13T13:47:17Z</time>
      </trkpt>
      <trkpt lat="26.8593350" lon="75.7601683">
        <time>2022-03-13T13:47:18Z</time>
      </trkpt>
      <trkpt lat="26.8593733" lon="75.7601183">
        <time>2022-03-13T13:47:19Z</time>
      </trkpt>
      <trkpt lat="26.8594117" lon="75.7600750">
        <time>2022-03-13T13:47:20Z</time>
      </trkpt>
      <trkpt lat="26.8594450" lon="75.7600383">
        <time>2022-03-13T13:47:21Z</time>
      </trkpt>
      <trkpt lat="26.8594800" lon="75.7600050">
        <time>2022-03-13T13:47:22Z</time>
      </trkpt>
      <trkpt lat="26.8595083" lon="75.7599683">
        <time>2022-03-13T13:47:23Z</time>
      </trkpt>
      <trkpt lat="26.8595367" lon="75.7599517">
        <time>2022-03-13T13:47:24Z</time>
      </trkpt>
      <trkpt lat="26.8595583" lon="75.7599400">
        <time>2022-03-13T13:47:25Z</time>
      </trkpt>
      <trkpt lat="26.8595717" lon="75.7599267">
        <time>2022-03-13T13:47:26Z</time>
      </trkpt>
      <trkpt lat="26.8595833" lon="75.7599217">
        <time>2022-03-13T13:47:27Z</time>
      </trkpt>
      <trkpt lat="26.8595950" lon="75.7599200">
        <time>2022-03-13T13:47:28Z</time>
      </trkpt>
      <trkpt lat="26.8596033" lon="75.7599183">
        <time>2022-03-13T13:47:29Z</time>
      </trkpt>
      <trkpt lat="26.8596167" lon="75.7599083">
        <time>2022-03-13T13:47:30Z</time>
      </trkpt>
      <trkpt lat="26.8596283" lon="75.7598983">
        <time>2022-03-13T13:47:31Z</time>
      </trkpt>
      <trkpt lat="26.8596417" lon="75.7598883">
        <time>2022-03-13T13:47:32Z</time>
      </trkpt>
      <trkpt lat="26.8596500" lon="75.7598867">
        <time>2022-03-13T13:47:33Z</time>
      </trkpt>
      <trkpt lat="26.8596583" lon="75.7598733">
        <time>2022-03-13T13:47:34Z</time>
      </trkpt>
      <trkpt lat="26.8596717" lon="75.7598517">
        <time>2022-03-13T13:47:35Z</time>
      </trkpt>
      <trkpt lat="26.8596917" lon="75.7598233">
        <time>2022-03-13T13:47:36Z</time>
      </trkpt>
      <trkpt lat="26.8597133" lon="75.7597850">
        <time>2022-03-13T13:47:37Z</time>
      </trkpt>
      <trkpt lat="26.8597317" lon="75.7597583">
        <time>2022-03-13T13:47:38Z</time>
      </trkpt>
      <trkpt lat="26.8597500" lon="75.7597317">
        <time>2022-03-13T13:47:39Z</time>
      </trkpt>
      <trkpt lat="26.8597683" lon="75.7597117">
        <time>2022-03-13T13:47:40Z</time>
      </trkpt>
      <trkpt lat="26.8597867" lon="75.7596950">
        <time>2022-03-13T13:47:41Z</time>
      </trkpt>
      <trkpt lat="26.8598000" lon="75.7596933">
        <time>2022-03-13T13:47:42Z</time>
      </trkpt>
      <trkpt lat="26.8598167" lon="75.7596933">
        <time>2022-03-13T13:47:43Z</time>
      </trkpt>
      <trkpt lat="26.8598250" lon="75.7596933">
        <time>2022-03-13T13:47:44Z</time>
      </trkpt>
      <trkpt lat="26.8598367" lon="75.7596950">
        <time>2022-03-13T13:47:45Z</time>
      </trkpt>
      <trkpt lat="26.8598417" lon="75.7596950">
        <time>2022-03-13T13:47:46Z</time>
      </trkpt>
      <trkpt lat="26.8598417" lon="75.7596950">
        <time>2022-03-13T13:47:47Z</time>
      </trkpt>
      <trkpt lat="26.8598417" lon="75.7596950">
        <time>2022-03-13T13:47:48Z</time>
      </trkpt>
      <trkpt lat="26.8598417" lon="75.7596950">
        <time>2022-03-13T13:47:49Z</time>
      </trkpt>
      <trkpt lat="26.8598417" lon="75.7596950">
        <time>2022-03-13T13:47:50Z</time>
      </trkpt>
      <trkpt lat="26.8598783" lon="75.7597317">
        <time>2022-03-13T13:47:51Z</time>
      </trkpt>
      <trkpt lat="26.8598867" lon="75.7597367">
        <time>2022-03-13T13:47:52Z</time>
      </trkpt>
      <trkpt lat="26.8598883" lon="75.7597383">
        <time>2022-03-13T13:47:53Z</time>
      </trkpt>
      <trkpt lat="26.8598883" lon="75.7597367">
        <time>2022-03-13T13:47:54Z</time>
      </trkpt>
      <trkpt lat="26.8598883" lon="75.7597367">
        <time>2022-03-13T13:47:55Z</time>
      </trkpt>
      <trkpt lat="26.8598883" lon="75.7597367">
        <time>2022-03-13T13:47:56Z</time>
      </trkpt>
      <trkpt lat="26.8598883" lon="75.7597367">
        <time>2022-03-13T13:47:57Z</time>
      </trkpt>
      <trkpt lat="26.8598883" lon="75.7597367">
        <time>2022-03-13T13:47:58Z</time>
      </trkpt>
      <trkpt lat="26.8599233" lon="75.7597650">
        <time>2022-03-13T13:47:59Z</time>
      </trkpt>
      <trkpt lat="26.8599333" lon="75.7597867">
        <time>2022-03-13T13:48:00Z</time>
      </trkpt>
      <trkpt lat="26.8599433" lon="75.7598183">
        <time>2022-03-13T13:48:01Z</time>
      </trkpt>
      <trkpt lat="26.8599567" lon="75.7598433">
        <time>2022-03-13T13:48:02Z</time>
      </trkpt>
      <trkpt lat="26.8599733" lon="75.7598733">
        <time>2022-03-13T13:48:03Z</time>
      </trkpt>
      <trkpt lat="26.8599900" lon="75.7599017">
        <time>2022-03-13T13:48:04Z</time>
      </trkpt>
      <trkpt lat="26.8600033" lon="75.7599250">
        <time>2022-03-13T13:48:05Z</time>
      </trkpt>
      <trkpt lat="26.8600150" lon="75.7599433">
        <time>2022-03-13T13:48:06Z</time>
      </trkpt>
      <trkpt lat="26.8600317" lon="75.7599617">
        <time>2022-03-13T13:48:07Z</time>
      </trkpt>
      <trkpt lat="26.8600450" lon="75.7599733">
        <time>2022-03-13T13:48:08Z</time>
      </trkpt>
      <trkpt lat="26.8600583" lon="75.7599833">
        <time>2022-03-13T13:48:09Z</time>
      </trkpt>
      <trkpt lat="26.8600683" lon="75.7599817">
        <time>2022-03-13T13:48:10Z</time>
      </trkpt>
      <trkpt lat="26.8600750" lon="75.7599900">
        <time>2022-03-13T13:48:11Z</time>
      </trkpt>
      <trkpt lat="26.8600817" lon="75.7600017">
        <time>2022-03-13T13:48:12Z</time>
      </trkpt>
      <trkpt lat="26.8600883" lon="75.7600150">
        <time>2022-03-13T13:48:13Z</time>
      </trkpt>
      <trkpt lat="26.8601000" lon="75.7600267">
        <time>2022-03-13T13:48:14Z</time>
      </trkpt>
      <trkpt lat="26.8601100" lon="75.7600433">
        <time>2022-03-13T13:48:15Z</time>
      </trkpt>
      <trkpt lat="26.8601183" lon="75.7600617">
        <time>2022-03-13T13:48:16Z</time>
      </trkpt>
      <trkpt lat="26.8601267" lon="75.7600783">
        <time>2022-03-13T13:48:17Z</time>
      </trkpt>
      <trkpt lat="26.8601333" lon="75.7600950">
        <time>2022-03-13T13:48:18Z</time>
      </trkpt>
      <trkpt lat="26.8601417" lon="75.7601050">
        <time>2022-03-13T13:48:19Z</time>
      </trkpt>
      <trkpt lat="26.8601517" lon="75.7601083">
        <time>2022-03-13T13:48:20Z</time>
      </trkpt>
      <trkpt lat="26.8601617" lon="75.7601150">
        <time>2022-03-13T13:48:21Z</time>
      </trkpt>
      <trkpt lat="26.8601700" lon="75.7601267">
        <time>2022-03-13T13:48:22Z</time>
      </trkpt>
      <trkpt lat="26.8601750" lon="75.7601350">
        <time>2022-03-13T13:48:23Z</time>
      </trkpt>
      <trkpt lat="26.8601750" lon="75.7601517">
        <time>2022-03-13T13:48:24Z</time>
      </trkpt>
      <trkpt lat="26.8601817" lon="75.7601583">
        <time>2022-03-13T13:48:25Z</time>
      </trkpt>
      <trkpt lat="26.8601850" lon="75.7601683">
        <time>2022-03-13T13:48:26Z</time>
      </trkpt>
      <trkpt lat="26.8601933" lon="75.7601817">
        <time>2022-03-13T13:48:27Z</time>
      </trkpt>
      <trkpt lat="26.8602000" lon="75.7601833">
        <time>2022-03-13T13:48:28Z</time>
      </trkpt>
      <trkpt lat="26.8602033" lon="75.7601800">
        <time>2022-03-13T13:48:29Z</time>
      </trkpt>
      <trkpt lat="26.8602067" lon="75.7601783">
        <time>2022-03-13T13:48:30Z</time>
      </trkpt>
      <trkpt lat="26.8602067" lon="75.7601783">
        <time>2022-03-13T13:48:31Z</time>
      </trkpt>
      <trkpt lat="26.8602067" lon="75.7601783">
        <time>2022-03-13T13:48:32Z</time>
      </trkpt>
      <trkpt lat="26.8602067" lon="75.7601783">
        <time>2022-03-13T13:48:33Z</time>
      </trkpt>
      <trkpt lat="26.8602067" lon="75.7601783">
        <time>2022-03-13T13:48:34Z</time>
      </trkpt>
      <trkpt lat="26.8602067" lon="75.7601783">
        <time>2022-03-13T13:48:35Z</time>
      </trkpt>
      <trkpt lat="26.8602067" lon="75.7601783">
        <time>2022-03-13T13:48:36Z</time>
      </trkpt>
      <trkpt lat="26.8602067" lon="75.7601783">
        <time>2022-03-13T13:48:37Z</time>
      </trkpt>
      <trkpt lat="26.8602067" lon="75.7601783">
        <time>2022-03-13T13:48:38Z</time>
      </trkpt>
      <trkpt lat="26.8602067" lon="75.7601783">
        <time>2022-03-13T13:48:39Z</time>
      </trkpt>
      <trkpt lat="26.8602067" lon="75.7601783">
        <time>2022-03-13T13:48:40Z</time>
      </trkpt>
      <trkpt lat="26.8602067" lon="75.7601783">
        <time>2022-03-13T13:48:41Z</time>
      </trkpt>
      <trkpt lat="26.8602067" lon="75.7601783">
        <time>2022-03-13T13:48:42Z</time>
      </trkpt>
      <trkpt lat="26.8602067" lon="75.7601783">
        <time>2022-03-13T13:48:43Z</time>
      </trkpt>
      <trkpt lat="26.8602317" lon="75.7602150">
        <time>2022-03-13T13:48:44Z</time>
      </trkpt>
      <trkpt lat="26.8602500" lon="75.7602383">
        <time>2022-03-13T13:48:45Z</time>
      </trkpt>
      <trkpt lat="26.8602750" lon="75.7602567">
        <time>2022-03-13T13:48:46Z</time>
      </trkpt>
      <trkpt lat="26.8602933" lon="75.7602783">
        <time>2022-03-13T13:48:47Z</time>
      </trkpt>
      <trkpt lat="26.8603050" lon="75.7602867">
        <time>2022-03-13T13:48:48Z</time>
      </trkpt>
      <trkpt lat="26.8603150" lon="75.7603017">
        <time>2022-03-13T13:48:49Z</time>
      </trkpt>
      <trkpt lat="26.8603167" lon="75.7603200">
        <time>2022-03-13T13:48:50Z</time>
      </trkpt>
      <trkpt lat="26.8603217" lon="75.7603350">
        <time>2022-03-13T13:48:51Z</time>
      </trkpt>
      <trkpt lat="26.8603267" lon="75.7603367">
        <time>2022-03-13T13:48:52Z</time>
      </trkpt>
      <trkpt lat="26.8603350" lon="75.7603383">
        <time>2022-03-13T13:48:53Z</time>
      </trkpt>
      <trkpt lat="26.8603350" lon="75.7603383">
        <time>2022-03-13T13:48:54Z</time>
      </trkpt>
      <trkpt lat="26.8603350" lon="75.7603383">
        <time>2022-03-13T13:48:55Z</time>
      </trkpt>
      <trkpt lat="26.8603350" lon="75.7603383">
        <time>2022-03-13T13:48:56Z</time>
      </trkpt>
      <trkpt lat="26.8603350" lon="75.7603383">
        <time>2022-03-13T13:48:57Z</time>
      </trkpt>
      <trkpt lat="26.8603350" lon="75.7603383">
        <time>2022-03-13T13:48:58Z</time>
      </trkpt>
      <trkpt lat="26.8603350" lon="75.7603383">
        <time>2022-03-13T13:48:59Z</time>
      </trkpt>
    </trkseg>
  </trk>
  <trk>
    <name>2022_03_12_21_29_00_2022_03_12_21_29_00.gpx</name>
    <desc>main roads</desc>
    <url>/user/abhimanyu003/traces/4178693</url>
    <trkseg>
      <trkpt lat="26.9123633" lon="75.8080283">
        <time>2022-03-12T15:59:04Z</time>
      </trkpt>
      <trkpt lat="26.9122533" lon="75.8079300">
        <time>2022-03-12T15:59:05Z</time>
      </trkpt>
      <trkpt lat="26.9121733" lon="75.8078167">
        <time>2022-03-12T15:59:06Z</time>
      </trkpt>
      <trkpt lat="26.9121167" lon="75.8077167">
        <time>2022-03-12T15:59:07Z</time>
      </trkpt>
      <trkpt lat="26.9121167" lon="75.8077167">
        <time>2022-03-12T15:59:07Z</time>
      </trkpt>
      <trkpt lat="26.9121900" lon="75.8077850">
        <time>2022-03-12T15:59:09Z</time>
      </trkpt>
      <trkpt lat="26.9122500" lon="75.8077983">
        <time>2022-03-12T15:59:10Z</time>
      </trkpt>
      <trkpt lat="26.9123050" lon="75.8078400">
        <time>2022-03-12T15:59:11Z</time>
      </trkpt>
      <trkpt lat="26.9123683" lon="75.8078633">
        <time>2022-03-12T15:59:12Z</time>
      </trkpt>
      <trkpt lat="26.9124300" lon="75.8079017">
        <time>2022-03-12T15:59:13Z</time>
      </trkpt>
      <trkpt lat="26.9125000" lon="75.8079383">
        <time>2022-03-12T15:59:14Z</time>
      </trkpt>
      <trkpt lat="26.9125700" lon="75.8079667">
        <time>2022-03-12T15:59:15Z</time>
      </trkpt>
      <trkpt lat="26.9126367" lon="75.8079950">
        <time>2022-03-12T15:59:16Z</time>
      </trkpt>
      <trkpt lat="26.9127450" lon="75.8080633">
        <time>2022-03-12T15:59:17Z</time>
      </trkpt>
      <trkpt lat="26.9127083" lon="75.8080367">
        <time>2022-03-12T15:59:17Z</time>
      </trkpt>
      <trkpt lat="26.9128317" lon="75.8080983">
        <time>2022-03-12T15:59:18Z</time>
      </trkpt>
      <trkpt lat="26.9127867" lon="75.8080833">
        <time>2022-03-12T15:59:18Z</time>
      </trkpt>
      <trkpt lat="26.9129600" lon="75.8081600">
        <time>2022-03-12T15:59:20Z</time>
      </trkpt>
      <trkpt lat="26.9130417" lon="75.8082083">
        <time>2022-03-12T15:59:21Z</time>
      </trkpt>
      <trkpt lat="26.9131317" lon="75.8082550">
        <time>2022-03-12T15:59:22Z</time>
      </trkpt>
      <trkpt lat="26.9132133" lon="75.8083000">
        <time>2022-03-12T15:59:23Z</time>
      </trkpt>
      <trkpt lat="26.9132950" lon="75.8083400">
        <time>2022-03-12T15:59:24Z</time>
      </trkpt>
      <trkpt lat="26.9133717" lon="75.8083750">
        <time>2022-03-12T15:59:25Z</time>
      </trkpt>
      <trkpt lat="26.9134450" lon="75.8084133">
        <time>2022-03-12T15:59:26Z</time>
      </trkpt>
      <trkpt lat="26.9135183" lon="75.8084467">
        <time>2022-03-12T15:59:27Z</time>
      </trkpt>
      <trkpt lat="26.9135883" lon="75.8084833">
        <time>2022-03-12T15:59:28Z</time>
      </trkpt>
      <trkpt lat="26.9136517" lon="75.8085133">
        <time>2022-03-12T15:59:29Z</time>
      </trkpt>
      <trkpt lat="26.9136983" lon="75.8085300">
        <time>2022-03-12T15:59:30Z</time>
      </trkpt>
      <trkpt lat="26.9137333" lon="75.8085350">
        <time>2022-03-12T15:59:31Z</time>
      </trkpt>
      <trkpt lat="26.9137550" lon="75.8085483">
        <time>2022-03-12T15:59:32Z</time>
      </trkpt>
      <trkpt lat="26.9137667" lon="75.8085617">
        <time>2022-03-12T15:59:33Z</time>
      </trkpt>
      <trkpt lat="26.9137667" lon="75.8085617">
        <time>2022-03-12T15:59:34Z</time>
      </trkpt>
      <trkpt lat="26.9137667" lon="75.8085617">
        <time>2022-03-12T15:59:35Z</time>
      </trkpt>
      <trkpt lat="26.9137700" lon="75.8085750">
        <time>2022-03-12T15:59:36Z</time>
      </trkpt>
      <trkpt lat="26.9137667" lon="75.8085767">
        <time>2022-03-12T15:59:37Z</time>
      </trkpt>
      <trkpt lat="26.9137700" lon="75.8085783">
        <time>2022-03-12T15:59:38Z</time>
      </trkpt>
      <trkpt lat="26.9137700" lon="75.8085783">
        <time>2022-03-12T15:59:39Z</time>
      </trkpt>
      <trkpt lat="26.9137700" lon="75.8085783">
        <time>2022-03-12T15:59:40Z</time>
      </trkpt>
      <trkpt lat="26.9137700" lon="75.8085783">
        <time>2022-03-12T15:59:41Z</time>
      </trkpt>
      <trkpt lat="26.9137700" lon="75.8085783">
        <time>2022-03-12T15:59:42Z</time>
      </trkpt>
      <trkpt lat="26.9137700" lon="75.8085783">
        <time>2022-03-12T15:59:43Z</time>
      </trkpt>
      <trkpt lat="26.9137700" lon="75.8085783">
        <time>2022-03-12T15:59:44Z</time>
      </trkpt>
      <trkpt lat="26.9137700" lon="75.8085783">
        <time>2022-03-12T15:59:45Z</time>
      </trkpt>
      <trkpt lat="26.9137700" lon="75.8085783">
        <time>2022-03-12T15:59:46Z</time>
      </trkpt>
      <trkpt lat="26.9137700" lon="75.8085783">
        <time>2022-03-12T15:59:47Z</time>
      </trkpt>
      <trkpt lat="26.9137700" lon="75.8085783">
        <time>2022-03-12T15:59:48Z</time>
      </trkpt>
      <trkpt lat="26.9137700" lon="75.8085783">
        <time>2022-03-12T15:59:49Z</time>
      </trkpt>
      <trkpt lat="26.9137700" lon="75.8085783">
        <time>2022-03-12T15:59:50Z</time>
      </trkpt>
      <trkpt lat="26.9137700" lon="75.8085783">
        <time>2022-03-12T15:59:51Z</time>
      </trkpt>
      <trkpt lat="26.9137700" lon="75.8085783">
        <time>2022-03-12T15:59:52Z</time>
      </trkpt>
      <trkpt lat="26.9137700" lon="75.8085783">
        <time>2022-03-12T15:59:53Z</time>
      </trkpt>
      <trkpt lat="26.9137700" lon="75.8085783">
        <time>2022-03-12T15:59:54Z</time>
      </trkpt>
      <trkpt lat="26.9137700" lon="75.8085783">
        <time>2022-03-12T15:59:55Z</time>
      </trkpt>
      <trkpt lat="26.9137700" lon="75.8085783">
        <time>2022-03-12T15:59:56Z</time>
      </trkpt>
      <trkpt lat="26.9137700" lon="75.8085783">
        <time>2022-03-12T15:59:57Z</time>
      </trkpt>
      <trkpt lat="26.9137700" lon="75.8085783">
        <time>2022-03-12T15:59:58Z</time>
      </trkpt>
      <trkpt lat="26.9137700" lon="75.8085783">
        <time>2022-03-12T15:59:59Z</time>
      </trkpt>
      <trkpt lat="26.9137700" lon="75.8085783">
        <time>2022-03-12T16:00:00Z</time>
      </trkpt>
      <trkpt lat="26.9137700" lon="75.8085783">
        <time>2022-03-12T16:00:01Z</time>
      </trkpt>
      <trkpt lat="26.9137700" lon="75.8085783">
        <time>2022-03-12T16:00:02Z</time>
      </trkpt>
      <trkpt lat="26.9137700" lon="75.8085783">
        <time>2022-03-12T16:00:03Z</time>
      </trkpt>
      <trkpt lat="26.9137700" lon="75.8085783">
        <time>2022-03-12T16:00:04Z</time>
      </trkpt>
      <trkpt lat="26.9137700" lon="75.8085783">
        <time>2022-03-12T16:00:05Z</time>
      </trkpt>
      <trkpt lat="26.9137700" lon="75.8085783">
        <time>2022-03-12T16:00:06Z</time>
      </trkpt>
      <trkpt lat="26.9137700" lon="75.8085783">
        <time>2022-03-12T16:00:07Z</time>
      </trkpt>
      <trkpt lat="26.9137700" lon="75.8085783">
        <time>2022-03-12T16:00:08Z</time>
      </trkpt>
      <trkpt lat="26.9137700" lon="75.8085783">
        <time>2022-03-12T16:00:09Z</time>
      </trkpt>
      <trkpt lat="26.9137700" lon="75.8085783">
        <time>2022-03-12T16:00:10Z</time>
      </trkpt>
      <trkpt lat="26.9137700" lon="75.8085783">
        <time>2022-03-12T16:00:11Z</time>
      </trkpt>
      <trkpt lat="26.9137700" lon="75.8085783">
        <time>2022-03-12T16:00:12Z</time>
      </trkpt>
      <trkpt lat="26.9137700" lon="75.8085783">
        <time>2022-03-12T16:00:13Z</time>
      </trkpt>
      <trkpt lat="26.9137700" lon="75.8085783">
        <time>2022-03-12T16:00:14Z</time>
      </trkpt>
      <trkpt lat="26.9137700" lon="75.8085783">
        <time>2022-03-12T16:00:15Z</time>
      </trkpt>
      <trkpt lat="26.9137700" lon="75.8085783">
        <time>2022-03-12T16:00:16Z</time>
      </trkpt>
      <trkpt lat="26.9137700" lon="75.8085783">
        <time>2022-03-12T16:00:17Z</time>
      </trkpt>
      <trkpt lat="26.9137700" lon="75.8085783">
        <time>2022-03-12T16:00:18Z</time>
      </trkpt>
      <trkpt lat="26.9137700" lon="75.8085783">
        <time>2022-03-12T16:00:19Z</time>
      </trkpt>
      <trkpt lat="26.9137700" lon="75.8085783">
        <time>2022-03-12T16:00:20Z</time>
      </trkpt>
      <trkpt lat="26.9137700" lon="75.8085783">
        <time>2022-03-12T16:00:21Z</time>
      </trkpt>
      <trkpt lat="26.9138550" lon="75.8086500">
        <time>2022-03-12T16:00:22Z</time>
      </trkpt>
      <trkpt lat="26.9138700" lon="75.8086650">
        <time>2022-03-12T16:00:23Z</time>
      </trkpt>
      <trkpt lat="26.9138883" lon="75.8086800">
        <time>2022-03-12T16:00:24Z</time>
      </trkpt>
      <trkpt lat="26.9139100" lon="75.8086933">
        <time>2022-03-12T16:00:25Z</time>
      </trkpt>
      <trkpt lat="26.9139317" lon="75.8087100">
        <time>2022-03-12T16:00:26Z</time>
      </trkpt>
      <trkpt lat="26.9139583" lon="75.8087217">
        <time>2022-03-12T16:00:27Z</time>
      </trkpt>
      <trkpt lat="26.9139983" lon="75.8087350">
        <time>2022-03-12T16:00:28Z</time>
      </trkpt>
      <trkpt lat="26.9140450" lon="75.8087500">
        <time>2022-03-12T16:00:29Z</time>
      </trkpt>
      <trkpt lat="26.9141000" lon="75.8087717">
        <time>2022-03-12T16:00:30Z</time>
      </trkpt>
      <trkpt lat="26.9141717" lon="75.8087967">
        <time>2022-03-12T16:00:31Z</time>
      </trkpt>
      <trkpt lat="26.9142550" lon="75.8088300">
        <time>2022-03-12T16:00:32Z</time>
      </trkpt>
      <trkpt lat="26.9143467" lon="75.8088700">
        <time>2022-03-12T16:00:33Z</time>
      </trkpt>
      <trkpt lat="26.9144333" lon="75.8089150">
        <time>2022-03-12T16:00:34Z</time>
      </trkpt>
      <trkpt lat="26.9145233" lon="75.8089600">
        <time>2022-03-12T16:00:35Z</time>
      </trkpt>
      <trkpt lat="26.9146167" lon="75.8090183">
        <time>2022-03-12T16:00:36Z</time>
      </trkpt>
      <trkpt lat="26.9147117" lon="75.8090733">
        <time>2022-03-12T16:00:37Z</time>
      </trkpt>
      <trkpt lat="26.9148033" lon="75.8091267">
        <time>2022-03-12T16:00:38Z</time>
      </trkpt>
      <trkpt lat="26.9148950" lon="75.8091783">
        <time>2022-03-12T16:00:39Z</time>
      </trkpt>
      <trkpt lat="26.9149817" lon="75.8092283">
        <time>2022-03-12T16:00:40Z</time>
      </trkpt>
      <trkpt lat="26.9150633" lon="75.8092733">
        <time>2022-03-12T16:00:41Z</time>
      </trkpt>
      <trkpt lat="26.9151383" lon="75.8093217">
        <time>2022-03-12T16:00:42Z</time>
      </trkpt>
      <trkpt lat="26.9152100" lon="75.8093700">
        <time>2022-03-12T16:00:43Z</time>
      </trkpt>
      <trkpt lat="26.9152900" lon="75.8094117">
        <time>2022-03-12T16:00:44Z</time>
      </trkpt>
      <trkpt lat="26.9153850" lon="75.8094483">
        <time>2022-03-12T16:00:45Z</time>
      </trkpt>
      <trkpt lat="26.9154783" lon="75.8094933">
        <time>2022-03-12T16:00:46Z</time>
      </trkpt>
      <trkpt lat="26.9155683" lon="75.8095300">
        <time>2022-03-12T16:00:47Z</time>
      </trkpt>
      <trkpt lat="26.9156600" lon="75.8095667">
        <time>2022-03-12T16:00:48Z</time>
      </trkpt>
      <trkpt lat="26.9157417" lon="75.8096083">
        <time>2022-03-12T16:00:49Z</time>
      </trkpt>
      <trkpt lat="26.9158150" lon="75.8096483">
        <time>2022-03-12T16:00:50Z</time>
      </trkpt>
      <trkpt lat="26.9158833" lon="75.8096850">
        <time>2022-03-12T16:00:51Z</time>
      </trkpt>
      <trkpt lat="26.9159450" lon="75.8097200">
        <time>2022-03-12T16:00:52Z</time>
      </trkpt>
      <trkpt lat="26.9160017" lon="75.8097533">
        <time>2022-03-12T16:00:53Z</time>
      </trkpt>
      <trkpt lat="26.9160483" lon="75.8097750">
        <time>2022-03-12T16:00:54Z</time>
      </trkpt>
      <trkpt lat="26.9160967" lon="75.8098050">
        <time>2022-03-12T16:00:55Z</time>
      </trkpt>
      <trkpt lat="26.9161400" lon="75.8098333">
        <time>2022-03-12T16:00:56Z</time>
      </trkpt>
      <trkpt lat="26.9161633" lon="75.8098583">
        <time>2022-03-12T16:00:57Z</time>
      </trkpt>
      <trkpt lat="26.9161700" lon="75.8098833">
        <time>2022-03-12T16:00:58Z</time>
      </trkpt>
      <trkpt lat="26.9161733" lon="75.8099017">
        <time>2022-03-12T16:00:59Z</time>
      </trkpt>
      <trkpt lat="26.9161867" lon="75.8099267">
        <time>2022-03-12T16:01:00Z</time>
      </trkpt>
      <trkpt lat="26.9162033" lon="75.8099500">
        <time>2022-03-12T16:01:01Z</time>
      </trkpt>
      <trkpt lat="26.9162150" lon="75.8099683">
        <time>2022-03-12T16:01:02Z</time>
      </trkpt>
      <trkpt lat="26.9162283" lon="75.8100000">
        <time>2022-03-12T16:01:03Z</time>
      </trkpt>
      <trkpt lat="26.9162400" lon="75.8100467">
        <time>2022-03-12T16:01:04Z</time>
      </trkpt>
      <trkpt lat="26.9162500" lon="75.8100867">
        <time>2022-03-12T16:01:05Z</time>
      </trkpt>
      <trkpt lat="26.9162533" lon="75.8101217">
        <time>2022-03-12T16:01:06Z</time>
      </trkpt>
      <trkpt lat="26.9162533" lon="75.8101583">
        <time>2022-03-12T16:01:07Z</time>
      </trkpt>
      <trkpt lat="26.9162500" lon="75.8101817">
        <time>2022-03-12T16:01:08Z</time>
      </trkpt>
      <trkpt lat="26.9162467" lon="75.8102083">
        <time>2022-03-12T16:01:09Z</time>
      </trkpt>
      <trkpt lat="26.9162450" lon="75.8102333">
        <time>2022-03-12T16:01:10Z</time>
      </trkpt>
      <trkpt lat="26.9162500" lon="75.8102617">
        <time>2022-03-12T16:01:11Z</time>
      </trkpt>
      <trkpt lat="26.9162550" lon="75.8102883">
        <time>2022-03-12T16:01:12Z</time>
      </trkpt>
      <trkpt lat="26.9162533" lon="75.8103100">
        <time>2022-03-12T16:01:13Z</time>
      </trkpt>
      <trkpt lat="26.9162533" lon="75.8103350">
        <time>2022-03-12T16:01:14Z</time>
      </trkpt>
      <trkpt lat="26.9162500" lon="75.8103533">
        <time>2022-03-12T16:01:15Z</time>
      </trkpt>
      <trkpt lat="26.9162517" lon="75.8103650">
        <time>2022-03-12T16:01:16Z</time>
      </trkpt>
      <trkpt lat="26.9162550" lon="75.8103850">
        <time>2022-03-12T16:01:17Z</time>
      </trkpt>
      <trkpt lat="26.9162517" lon="75.8104017">
        <time>2022-03-12T16:01:18Z</time>
      </trkpt>
      <trkpt lat="26.9162550" lon="75.8104267">
        <time>2022-03-12T16:01:19Z</time>
      </trkpt>
      <trkpt lat="26.9162600" lon="75.8104467">
        <time>2022-03-12T16:01:20Z</time>
      </trkpt>
      <trkpt lat="26.9162650" lon="75.8104633">
        <time>2022-03-12T16:01:21Z</time>
      </trkpt>
      <trkpt lat="26.9162683" lon="75.8104833">
        <time>2022-03-12T16:01:22Z</time>
      </trkpt>
      <trkpt lat="26.9162733" lon="75.8104967">
        <time>2022-03-12T16:01:23Z</time>
      </trkpt>
      <trkpt lat="26.9162750" lon="75.8105117">
        <time>2022-03-12T16:01:24Z</time>
      </trkpt>
      <trkpt lat="26.9162817" lon="75.8105300">
        <time>2022-03-12T16:01:25Z</time>
      </trkpt>
      <trkpt lat="26.9162883" lon="75.8105483">
        <time>2022-03-12T16:01:26Z</time>
      </trkpt>
      <trkpt lat="26.9162917" lon="75.8105667">
        <time>2022-03-12T16:01:27Z</time>
      </trkpt>
      <trkpt lat="26.9162933" lon="75.8105867">
        <time>2022-03-12T16:01:28Z</time>
      </trkpt>
      <trkpt lat="26.9162933" lon="75.8106083">
        <time>2022-03-12T16:01:29Z</time>
      </trkpt>
      <trkpt lat="26.9162950" lon="75.8106300">
        <time>2022-03-12T16:01:30Z</time>
      </trkpt>
      <trkpt lat="26.9162967" lon="75.8106467">
        <time>2022-03-12T16:01:31Z</time>
      </trkpt>
      <trkpt lat="26.9162983" lon="75.8106667">
        <time>2022-03-12T16:01:32Z</time>
      </trkpt>
      <trkpt lat="26.9163017" lon="75.8106850">
        <time>2022-03-12T16:01:33Z</time>
      </trkpt>
      <trkpt lat="26.9163017" lon="75.8106950">
        <time>2022-03-12T16:01:34Z</time>
      </trkpt>
      <trkpt lat="26.9163033" lon="75.8107117">
        <time>2022-03-12T16:01:35Z</time>
      </trkpt>
      <trkpt lat="26.9163050" lon="75.8107300">
        <time>2022-03-12T16:01:36Z</time>
      </trkpt>
      <trkpt lat="26.9163083" lon="75.8107433">
        <time>2022-03-12T16:01:37Z</time>
      </trkpt>
      <trkpt lat="26.9163133" lon="75.8107500">
        <time>2022-03-12T16:01:38Z</time>
      </trkpt>
      <trkpt lat="26.9163217" lon="75.8107583">
        <time>2022-03-12T16:01:39Z</time>
      </trkpt>
      <trkpt lat="26.9163267" lon="75.8107683">
        <time>2022-03-12T16:01:40Z</time>
      </trkpt>
      <trkpt lat="26.9163283" lon="75.8107750">
        <time>2022-03-12T16:01:41Z</time>
      </trkpt>
      <trkpt lat="26.9163283" lon="75.8107750">
        <time>2022-03-12T16:01:42Z</time>
      </trkpt>
      <trkpt lat="26.9163283" lon="75.8107750">
        <time>2022-03-12T16:01:43Z</time>
      </trkpt>
      <trkpt lat="26.9163333" lon="75.8108150">
        <time>2022-03-12T16:01:44Z</time>
      </trkpt>
      <trkpt lat="26.9163367" lon="75.8108233">
        <time>2022-03-12T16:01:45Z</time>
      </trkpt>
      <trkpt lat="26.9163400" lon="75.8108317">
        <time>2022-03-12T16:01:46Z</time>
      </trkpt>
      <trkpt lat="26.9163400" lon="75.8108417">
        <time>2022-03-12T16:01:47Z</time>
      </trkpt>
      <trkpt lat="26.9163400" lon="75.8108417">
        <time>2022-03-12T16:01:48Z</time>
      </trkpt>
      <trkpt lat="26.9163400" lon="75.8108417">
        <time>2022-03-12T16:01:49Z</time>
      </trkpt>
      <trkpt lat="26.9163417" lon="75.8108883">
        <time>2022-03-12T16:01:50Z</time>
      </trkpt>
      <trkpt lat="26.9163433" lon="75.8109000">
        <time>2022-03-12T16:01:51Z</time>
      </trkpt>
      <trkpt lat="26.9163467" lon="75.8109117">
        <time>2022-03-12T16:01:52Z</time>
      </trkpt>
      <trkpt lat="26.9163400" lon="75.8109200">
        <time>2022-03-12T16:01:53Z</time>
      </trkpt>
      <trkpt lat="26.9163400" lon="75.8109200">
        <time>2022-03-12T16:01:54Z</time>
      </trkpt>
      <trkpt lat="26.9163400" lon="75.8109200">
        <time>2022-03-12T16:01:55Z</time>
      </trkpt>
      <trkpt lat="26.9163400" lon="75.8109200">
        <time>2022-03-12T16:01:56Z</time>
      </trkpt>
      <trkpt lat="26.9163400" lon="75.8109200">
        <time>2022-03-12T16:01:57Z</time>
      </trkpt>
      <trkpt lat="26.9163400" lon="75.8109200">
        <time>2022-03-12T16:01:58Z</time>
      </trkpt>
      <trkpt lat="26.9163400" lon="75.8109200">
        <time>2022-03-12T16:01:59Z</time>
      </trkpt>
      <trkpt lat="26.9163400" lon="75.8109200">
        <time>2022-03-12T16:02:00Z</time>
      </trkpt>
      <trkpt lat="26.9163400" lon="75.8109200">
        <time>2022-03-12T16:02:01Z</time>
      </trkpt>
      <trkpt lat="26.9163400" lon="75.8109200">
        <time>2022-03-12T16:02:02Z</time>
      </trkpt>
      <trkpt lat="26.9163400" lon="75.8109200">
        <time>2022-03-12T16:02:03Z</time>
      </trkpt>
      <trkpt lat="26.9163400" lon="75.8109200">
        <time>2022-03-12T16:02:04Z</time>
      </trkpt>
      <trkpt lat="26.9163400" lon="75.8109200">
        <time>2022-03-12T16:02:05Z</time>
      </trkpt>
      <trkpt lat="26.9163400" lon="75.8109200">
        <time>2022-03-12T16:02:06Z</time>
      </trkpt>
      <trkpt lat="26.9163400" lon="75.8109200">
        <time>2022-03-12T16:02:07Z</time>
      </trkpt>
      <trkpt lat="26.9163400" lon="75.8109200">
        <time>2022-03-12T16:02:08Z</time>
      </trkpt>
      <trkpt lat="26.9163400" lon="75.8109200">
        <time>2022-03-12T16:02:09Z</time>
      </trkpt>
      <trkpt lat="26.9163400" lon="75.8109200">
        <time>2022-03-12T16:02:10Z</time>
      </trkpt>
      <trkpt lat="26.9163400" lon="75.8109200">
        <time>2022-03-12T16:02:11Z</time>
      </trkpt>
      <trkpt lat="26.9163417" lon="75.8109833">
        <time>2022-03-12T16:02:12Z</time>
      </trkpt>
      <trkpt lat="26.9163467" lon="75.8109950">
        <time>2022-03-12T16:02:13Z</time>
      </trkpt>
      <trkpt lat="26.9163517" lon="75.8110017">
        <time>2022-03-12T16:02:14Z</time>
      </trkpt>
      <trkpt lat="26.9163533" lon="75.8110100">
        <time>2022-03-12T16:02:15Z</time>
      </trkpt>
      <trkpt lat="26.9163567" lon="75.8110167">
        <time>2022-03-12T16:02:16Z</time>
      </trkpt>
      <trkpt lat="26.9163567" lon="75.8110167">
        <time>2022-03-12T16:02:17Z</time>
      </trkpt>
      <trkpt lat="26.9163567" lon="75.8110167">
        <time>2022-03-12T16:02:18Z</time>
      </trkpt>
      <trkpt lat="26.9163567" lon="75.8110167">
        <time>2022-03-12T16:02:19Z</time>
      </trkpt>
      <trkpt lat="26.9163567" lon="75.8110167">
        <time>2022-03-12T16:02:20Z</time>
      </trkpt>
      <trkpt lat="26.9163567" lon="75.8110167">
        <time>2022-03-12T16:02:21Z</time>
      </trkpt>
      <trkpt lat="26.9163567" lon="75.8110167">
        <time>2022-03-12T16:02:22Z</time>
      </trkpt>
      <trkpt lat="26.9163567" lon="75.8110167">
        <time>2022-03-12T16:02:23Z</time>
      </trkpt>
      <trkpt lat="26.9163567" lon="75.8110167">
        <time>2022-03-12T16:02:24Z</time>
      </trkpt>
      <trkpt lat="26.9163567" lon="75.8110167">
        <time>2022-03-12T16:02:25Z</time>
      </trkpt>
      <trkpt lat="26.9163567" lon="75.8110167">
        <time>2022-03-12T16:02:26Z</time>
      </trkpt>
      <trkpt lat="26.9163567" lon="75.8110167">
        <time>2022-03-12T16:02:27Z</time>
      </trkpt>
      <trkpt lat="26.9163567" lon="75.8110167">
        <time>2022-03-12T16:02:28Z</time>
      </trkpt>
      <trkpt lat="26.9163900" lon="75.8110700">
        <time>2022-03-12T16:02:29Z</time>
      </trkpt>
      <trkpt lat="26.9163950" lon="75.8110850">
        <time>2022-03-12T16:02:30Z</time>
      </trkpt>
      <trkpt lat="26.9164000" lon="75.8111050">
        <time>2022-03-12T16:02:31Z</time>
      </trkpt>
      <trkpt lat="26.9164100" lon="75.8111267">
        <time>2022-03-12T16:02:32Z</time>
      </trkpt>
      <trkpt lat="26.9164233" lon="75.8111550">
        <time>2022-03-12T16:02:33Z</time>
      </trkpt>
      <trkpt lat="26.9164383" lon="75.8111950">
        <time>2022-03-12T16:02:34Z</time>
      </trkpt>
      <trkpt lat="26.9164517" lon="75.8112500">
        <time>2022-03-12T16:02:35Z</time>
      </trkpt>
      <trkpt lat="26.9164650" lon="75.8113117">
        <time>2022-03-12T16:02:36Z</time>
      </trkpt>
      <trkpt lat="26.9164767" lon="75.8113700">
        <time>2022-03-12T16:02:37Z</time>
      </trkpt>
      <trkpt lat="26.9164883" lon="75.8114233">
        <time>2022-03-12T16:02:38Z</time>
      </trkpt>
      <trkpt lat="26.9165000" lon="75.8114767">
        <time>2022-03-12T16:02:39Z</time>
      </trkpt>
      <trkpt lat="26.9165183" lon="75.8115417">
        <time>2022-03-12T16:02:40Z</time>
      </trkpt>
      <trkpt lat="26.9165400" lon="75.8116100">
        <time>2022-03-12T16:02:41Z</time>
      </trkpt>
      <trkpt lat="26.9165583" lon="75.8116767">
        <time>2022-03-12T16:02:42Z</time>
      </trkpt>
      <trkpt lat="26.9165733" lon="75.8117350">
        <time>2022-03-12T16:02:43Z</time>
      </trkpt>
      <trkpt lat="26.9165950" lon="75.8117883">
        <time>2022-03-12T16:02:44Z</time>
      </trkpt>
      <trkpt lat="26.9166067" lon="75.8118333">
        <time>2022-03-12T16:02:45Z</time>
      </trkpt>
      <trkpt lat="26.9166317" lon="75.8118767">
        <time>2022-03-12T16:02:46Z</time>
      </trkpt>
      <trkpt lat="26.9166533" lon="75.8119267">
        <time>2022-03-12T16:02:47Z</time>
      </trkpt>
      <trkpt lat="26.9166783" lon="75.8119817">
        <time>2022-03-12T16:02:48Z</time>
      </trkpt>
      <trkpt lat="26.9167050" lon="75.8120333">
        <time>2022-03-12T16:02:49Z</time>
      </trkpt>
      <trkpt lat="26.9167300" lon="75.8120950">
        <time>2022-03-12T16:02:50Z</time>
      </trkpt>
      <trkpt lat="26.9167583" lon="75.8121583">
        <time>2022-03-12T16:02:51Z</time>
      </trkpt>
      <trkpt lat="26.9167817" lon="75.8122317">
        <time>2022-03-12T16:02:52Z</time>
      </trkpt>
      <trkpt lat="26.9167983" lon="75.8123267">
        <time>2022-03-12T16:02:53Z</time>
      </trkpt>
      <trkpt lat="26.9168133" lon="75.8124333">
        <time>2022-03-12T16:02:54Z</time>
      </trkpt>
      <trkpt lat="26.9168250" lon="75.8125333">
        <time>2022-03-12T16:02:55Z</time>
      </trkpt>
      <trkpt lat="26.9168300" lon="75.8126450">
        <time>2022-03-12T16:02:56Z</time>
      </trkpt>
      <trkpt lat="26.9168283" lon="75.8127567">
        <time>2022-03-12T16:02:57Z</time>
      </trkpt>
      <trkpt lat="26.9168267" lon="75.8128683">
        <time>2022-03-12T16:02:58Z</time>
      </trkpt>
      <trkpt lat="26.9168300" lon="75.8129733">
        <time>2022-03-12T16:02:59Z</time>
      </trkpt>
      <trkpt lat="26.9168283" lon="75.8130800">
        <time>2022-03-12T16:03:00Z</time>
      </trkpt>
      <trkpt lat="26.9168267" lon="75.8131817">
        <time>2022-03-12T16:03:01Z</time>
      </trkpt>
      <trkpt lat="26.9168283" lon="75.8132750">
        <time>2022-03-12T16:03:02Z</time>
      </trkpt>
      <trkpt lat="26.9168267" lon="75.8133633">
        <time>2022-03-12T16:03:03Z</time>
      </trkpt>
      <trkpt lat="26.9168250" lon="75.8134417">
        <time>2022-03-12T16:03:04Z</time>
      </trkpt>
      <trkpt lat="26.9168150" lon="75.8134933">
        <time>2022-03-12T16:03:05Z</time>
      </trkpt>
      <trkpt lat="26.9168083" lon="75.8135233">
        <time>2022-03-12T16:03:06Z</time>
      </trkpt>
      <trkpt lat="26.9168033" lon="75.8135300">
        <time>2022-03-12T16:03:07Z</time>
      </trkpt>
      <trkpt lat="26.9168033" lon="75.8135333">
        <time>2022-03-12T16:03:08Z</time>
      </trkpt>
      <trkpt lat="26.9168017" lon="75.8135300">
        <time>2022-03-12T16:03:09Z</time>
      </trkpt>
      <trkpt lat="26.9167967" lon="75.8135350">
        <time>2022-03-12T16:03:10Z</time>
      </trkpt>
      <trkpt lat="26.9167967" lon="75.8135350">
        <time>2022-03-12T16:03:11Z</time>
      </trkpt>
      <trkpt lat="26.9167967" lon="75.8135350">
        <time>2022-03-12T16:03:12Z</time>
      </trkpt>
      <trkpt lat="26.9167867" lon="75.8135850">
        <time>2022-03-12T16:03:13Z</time>
      </trkpt>
      <trkpt lat="26.9167850" lon="75.8136217">
        <time>2022-03-12T16:03:14Z</time>
      </trkpt>
      <trkpt lat="26.9167833" lon="75.8136700">
        <time>2022-03-12T16:03:15Z</time>
      </trkpt>
      <trkpt lat="26.9167867" lon="75.8137317">
        <time>2022-03-12T16:03:16Z</time>
      </trkpt>
      <trkpt lat="26.9167850" lon="75.8137967">
        <time>2022-03-12T16:03:17Z</time>
      </trkpt>
      <trkpt lat="26.9167833" lon="75.8138767">
        <time>2022-03-12T16:03:18Z</time>
      </trkpt>
      <trkpt lat="26.9167883" lon="75.8139650">
        <time>2022-03-12T16:03:19Z</time>
      </trkpt>
      <trkpt lat="26.9167950" lon="75.8140650">
        <time>2022-03-12T16:03:20Z</time>
      </trkpt>
      <trkpt lat="26.9168033" lon="75.8141617">
        <time>2022-03-12T16:03:21Z</time>
      </trkpt>
      <trkpt lat="26.9168083" lon="75.8142567">
        <time>2022-03-12T16:03:22Z</time>
      </trkpt>
      <trkpt lat="26.9168117" lon="75.8143483">
        <time>2022-03-12T16:03:23Z</time>
      </trkpt>
      <trkpt lat="26.9168167" lon="75.8144467">
        <time>2022-03-12T16:03:24Z</time>
      </trkpt>
      <trkpt lat="26.9168267" lon="75.8145483">
        <time>2022-03-12T16:03:25Z</time>
      </trkpt>
      <trkpt lat="26.9168367" lon="75.8146483">
        <time>2022-03-12T16:03:26Z</time>
      </trkpt>
      <trkpt lat="26.9168467" lon="75.8147450">
        <time>2022-03-12T16:03:27Z</time>
      </trkpt>
      <trkpt lat="26.9168550" lon="75.8148367">
        <time>2022-03-12T16:03:28Z</time>
      </trkpt>
      <trkpt lat="26.9168633" lon="75.8149217">
        <time>2022-03-12T16:03:29Z</time>
      </trkpt>
      <trkpt lat="26.9168717" lon="75.8150033">
        <time>2022-03-12T16:03:30Z</time>
      </trkpt>
      <trkpt lat="26.9168850" lon="75.8150733">
        <time>2022-03-12T16:03:31Z</time>
      </trkpt>
      <trkpt lat="26.9168933" lon="75.8151400">
        <time>2022-03-12T16:03:32Z</time>
      </trkpt>
      <trkpt lat="26.9168967" lon="75.8152083">
        <time>2022-03-12T16:03:33Z</time>
      </trkpt>
      <trkpt lat="26.9169033" lon="75.8152783">
        <time>2022-03-12T16:03:34Z</time>
      </trkpt>
      <trkpt lat="26.9169117" lon="75.8153533">
        <time>2022-03-12T16:03:35Z</time>
      </trkpt>
      <trkpt lat="26.9169150" lon="75.8154233">
        <time>2022-03-12T16:03:36Z</time>
      </trkpt>
      <trkpt lat="26.9169183" lon="75.8154833">
        <time>2022-03-12T16:03:37Z</time>
      </trkpt>
      <trkpt lat="26.9169250" lon="75.8155450">
        <time>2022-03-12T16:03:38Z</time>
      </trkpt>
      <trkpt lat="26.9169300" lon="75.8156050">
        <time>2022-03-12T16:03:39Z</time>
      </trkpt>
      <trkpt lat="26.9169333" lon="75.8156650">
        <time>2022-03-12T16:03:40Z</time>
      </trkpt>
      <trkpt lat="26.9169367" lon="75.8157233">
        <time>2022-03-12T16:03:41Z</time>
      </trkpt>
      <trkpt lat="26.9169367" lon="75.8157800">
        <time>2022-03-12T16:03:42Z</time>
      </trkpt>
      <trkpt lat="26.9169417" lon="75.8158367">
        <time>2022-03-12T16:03:43Z</time>
      </trkpt>
      <trkpt lat="26.9169417" lon="75.8158917">
        <time>2022-03-12T16:03:44Z</time>
      </trkpt>
      <trkpt lat="26.9169367" lon="75.8159467">
        <time>2022-03-12T16:03:45Z</time>
      </trkpt>
      <trkpt lat="26.9169417" lon="75.8160050">
        <time>2022-03-12T16:03:46Z</time>
      </trkpt>
      <trkpt lat="26.9169433" lon="75.8160650">
        <time>2022-03-12T16:03:47Z</time>
      </trkpt>
      <trkpt lat="26.9169483" lon="75.8161233">
        <time>2022-03-12T16:03:48Z</time>
      </trkpt>
      <trkpt lat="26.9169483" lon="75.8161683">
        <time>2022-03-12T16:03:49Z</time>
      </trkpt>
      <trkpt lat="26.9169400" lon="75.8161917">
        <time>2022-03-12T16:03:50Z</time>
      </trkpt>
      <trkpt lat="26.9169417" lon="75.8162217">
        <time>2022-03-12T16:03:51Z</time>
      </trkpt>
      <trkpt lat="26.9169417" lon="75.8162450">
        <time>2022-03-12T16:03:52Z</time>
      </trkpt>
      <trkpt lat="26.9169400" lon="75.8162567">
        <time>2022-03-12T16:03:53Z</time>
      </trkpt>
      <trkpt lat="26.9169400" lon="75.8162633">
        <time>2022-03-12T16:03:54Z</time>
      </trkpt>
      <trkpt lat="26.9169400" lon="75.8162667">
        <time>2022-03-12T16:03:55Z</time>
      </trkpt>
      <trkpt lat="26.9169400" lon="75.8162667">
        <time>2022-03-12T16:03:56Z</time>
      </trkpt>
      <trkpt lat="26.9169400" lon="75.8162667">
        <time>2022-03-12T16:03:57Z</time>
      </trkpt>
      <trkpt lat="26.9169400" lon="75.8162667">
        <time>2022-03-12T16:03:58Z</time>
      </trkpt>
      <trkpt lat="26.9169400" lon="75.8162667">
        <time>2022-03-12T16:03:59Z</time>
      </trkpt>
      <trkpt lat="26.9169400" lon="75.8162667">
        <time>2022-03-12T16:04:00Z</time>
      </trkpt>
      <trkpt lat="26.9169400" lon="75.8162667">
        <time>2022-03-12T16:04:01Z</time>
      </trkpt>
      <trkpt lat="26.9169400" lon="75.8162667">
        <time>2022-03-12T16:04:02Z</time>
      </trkpt>
      <trkpt lat="26.9169400" lon="75.8162667">
        <time>2022-03-12T16:04:03Z</time>
      </trkpt>
      <trkpt lat="26.9169400" lon="75.8162667">
        <time>2022-03-12T16:04:04Z</time>
      </trkpt>
      <trkpt lat="26.9169400" lon="75.8162667">
        <time>2022-03-12T16:04:05Z</time>
      </trkpt>
      <trkpt lat="26.9169400" lon="75.8162667">
        <time>2022-03-12T16:04:06Z</time>
      </trkpt>
      <trkpt lat="26.9169400" lon="75.8162667">
        <time>2022-03-12T16:04:07Z</time>
      </trkpt>
      <trkpt lat="26.9169400" lon="75.8162667">
        <time>2022-03-12T16:04:08Z</time>
      </trkpt>
      <trkpt lat="26.9169400" lon="75.8162667">
        <time>2022-03-12T16:04:09Z</time>
      </trkpt>
      <trkpt lat="26.9169400" lon="75.8162667">
        <time>2022-03-12T16:04:10Z</time>
      </trkpt>
      <trkpt lat="26.9169400" lon="75.8162667">
        <time>2022-03-12T16:04:11Z</time>
      </trkpt>
      <trkpt lat="26.9169400" lon="75.8162667">
        <time>2022-03-12T16:04:12Z</time>
      </trkpt>
      <trkpt lat="26.9169400" lon="75.8162667">
        <time>2022-03-12T16:04:13Z</time>
      </trkpt>
      <trkpt lat="26.9169400" lon="75.8162667">
        <time>2022-03-12T16:04:14Z</time>
      </trkpt>
      <trkpt lat="26.9169400" lon="75.8162667">
        <time>2022-03-12T16:04:15Z</time>
      </trkpt>
      <trkpt lat="26.9169400" lon="75.8162667">
        <time>2022-03-12T16:04:16Z</time>
      </trkpt>
      <trkpt lat="26.9169400" lon="75.8162667">
        <time>2022-03-12T16:04:17Z</time>
      </trkpt>
      <trkpt lat="26.9169400" lon="75.8162667">
        <time>2022-03-12T16:04:18Z</time>
      </trkpt>
      <trkpt lat="26.9169233" lon="75.8163483">
        <time>2022-03-12T16:04:19Z</time>
      </trkpt>
      <trkpt lat="26.9169183" lon="75.8163933">
        <time>2022-03-12T16:04:20Z</time>
      </trkpt>
      <trkpt lat="26.9169183" lon="75.8164450">
        <time>2022-03-12T16:04:21Z</time>
      </trkpt>
      <trkpt lat="26.9169150" lon="75.8164883">
        <time>2022-03-12T16:04:22Z</time>
      </trkpt>
      <trkpt lat="26.9169117" lon="75.8165300">
        <time>2022-03-12T16:04:23Z</time>
      </trkpt>
      <trkpt lat="26.9169100" lon="75.8165600">
        <time>2022-03-12T16:04:24Z</time>
      </trkpt>
      <trkpt lat="26.9169067" lon="75.8165867">
        <time>2022-03-12T16:04:25Z</time>
      </trkpt>
      <trkpt lat="26.9168983" lon="75.8166233">
        <time>2022-03-12T16:04:26Z</time>
      </trkpt>
      <trkpt lat="26.9168850" lon="75.8166717">
        <time>2022-03-12T16:04:27Z</time>
      </trkpt>
      <trkpt lat="26.9168733" lon="75.8167217">
        <time>2022-03-12T16:04:28Z</time>
      </trkpt>
      <trkpt lat="26.9168600" lon="75.8167667">
        <time>2022-03-12T16:04:29Z</time>
      </trkpt>
      <trkpt lat="26.9168467" lon="75.8168133">
        <time>2022-03-12T16:04:30Z</time>
      </trkpt>
      <trkpt lat="26.9168333" lon="75.8168683">
        <time>2022-03-12T16:04:31Z</time>
      </trkpt>
      <trkpt lat="26.9168167" lon="75.8169167">
        <time>2022-03-12T16:04:32Z</time>
      </trkpt>
      <trkpt lat="26.9167950" lon="75.8169600">
        <time>2022-03-12T16:04:33Z</time>
      </trkpt>
      <trkpt lat="26.9167750" lon="75.8169983">
        <time>2022-03-12T16:04:34Z</time>
      </trkpt>
      <trkpt lat="26.9167600" lon="75.8170217">
        <time>2022-03-12T16:04:35Z</time>
      </trkpt>
      <trkpt lat="26.9167467" lon="75.8170367">
        <time>2022-03-12T16:04:36Z</time>
      </trkpt>
      <trkpt lat="26.9167367" lon="75.8170483">
        <time>2022-03-12T16:04:37Z</time>
      </trkpt>
      <trkpt lat="26.9167317" lon="75.8170517">
        <time>2022-03-12T16:04:38Z</time>
      </trkpt>
      <trkpt lat="26.9167317" lon="75.8170517">
        <time>2022-03-12T16:04:39Z</time>
      </trkpt>
      <trkpt lat="26.9167317" lon="75.8170517">
        <time>2022-03-12T16:04:40Z</time>
      </trkpt>
      <trkpt lat="26.9167317" lon="75.8170517">
        <time>2022-03-12T16:04:41Z</time>
      </trkpt>
      <trkpt lat="26.9167317" lon="75.8170517">
        <time>2022-03-12T16:04:42Z</time>
      </trkpt>
      <trkpt lat="26.9167317" lon="75.8170517">
        <time>2022-03-12T16:04:43Z</time>
      </trkpt>
      <trkpt lat="26.9167317" lon="75.8170517">
        <time>2022-03-12T16:04:44Z</time>
      </trkpt>
      <trkpt lat="26.9167200" lon="75.8170800">
        <time>2022-03-12T16:04:45Z</time>
      </trkpt>
      <trkpt lat="26.9167117" lon="75.8170917">
        <time>2022-03-12T16:04:46Z</time>
      </trkpt>
      <trkpt lat="26.9167050" lon="75.8171050">
        <time>2022-03-12T16:04:47Z</time>
      </trkpt>
      <trkpt lat="26.9166967" lon="75.8171200">
        <time>2022-03-12T16:04:48Z</time>
      </trkpt>
      <trkpt lat="26.9166900" lon="75.8171317">
        <time>2022-03-12T16:04:49Z</time>
      </trkpt>
      <trkpt lat="26.9166817" lon="75.8171367">
        <time>2022-03-12T16:04:50Z</time>
      </trkpt>
      <trkpt lat="26.9166717" lon="75.8171467">
        <time>2022-03-12T16:04:51Z</time>
      </trkpt>
      <trkpt lat="26.9166600" lon="75.8171617">
        <time>2022-03-12T16:04:52Z</time>
      </trkpt>
      <trkpt lat="26.9166467" lon="75.8171717">
        <time>2022-03-12T16:04:53Z</time>
      </trkpt>
      <trkpt lat="26.9166300" lon="75.8171833">
        <time>2022-03-12T16:04:54Z</time>
      </trkpt>
      <trkpt lat="26.9166100" lon="75.8172000">
        <time>2022-03-12T16:04:55Z</time>
      </trkpt>
      <trkpt lat="26.9165883" lon="75.8172183">
        <time>2022-03-12T16:04:56Z</time>
      </trkpt>
      <trkpt lat="26.9165700" lon="75.8172333">
        <time>2022-03-12T16:04:57Z</time>
      </trkpt>
      <trkpt lat="26.9165550" lon="75.8172483">
        <time>2022-03-12T16:04:58Z</time>
      </trkpt>
      <trkpt lat="26.9165133" lon="75.8172533">
        <time>2022-03-12T16:04:59Z</time>
      </trkpt>
      <trkpt lat="26.9164517" lon="75.8172433">
        <time>2022-03-12T16:05:00Z</time>
      </trkpt>
      <trkpt lat="26.9163783" lon="75.8172117">
        <time>2022-03-12T16:05:01Z</time>
      </trkpt>
      <trkpt lat="26.9163100" lon="75.8171867">
        <time>2022-03-12T16:05:02Z</time>
      </trkpt>
      <trkpt lat="26.9162367" lon="75.8171633">
        <time>2022-03-12T16:05:03Z</time>
      </trkpt>
      <trkpt lat="26.9161683" lon="75.8171283">
        <time>2022-03-12T16:05:04Z</time>
      </trkpt>
      <trkpt lat="26.9160983" lon="75.8171100">
        <time>2022-03-12T16:05:05Z</time>
      </trkpt>
      <trkpt lat="26.9160333" lon="75.8170900">
        <time>2022-03-12T16:05:06Z</time>
      </trkpt>
      <trkpt lat="26.9159667" lon="75.8170717">
        <time>2022-03-12T16:05:07Z</time>
      </trkpt>
      <trkpt lat="26.9159083" lon="75.8170550">
        <time>2022-03-12T16:05:08Z</time>
      </trkpt>
      <trkpt lat="26.9158383" lon="75.8170333">
        <time>2022-03-12T16:05:09Z</time>
      </trkpt>
      <trkpt lat="26.9157717" lon="75.8170100">
        <time>2022-03-12T16:05:10Z</time>
      </trkpt>
      <trkpt lat="26.9156917" lon="75.8169950">
        <time>2022-03-12T16:05:11Z</time>
      </trkpt>
      <trkpt lat="26.9156217" lon="75.8169783">
        <time>2022-03-12T16:05:12Z</time>
      </trkpt>
      <trkpt lat="26.9155533" lon="75.8169617">
        <time>2022-03-12T16:05:13Z</time>
      </trkpt>
      <trkpt lat="26.9154717" lon="75.8169417">
        <time>2022-03-12T16:05:14Z</time>
      </trkpt>
      <trkpt lat="26.9153833" lon="75.8169200">
        <time>2022-03-12T16:05:15Z</time>
      </trkpt>
      <trkpt lat="26.9153000" lon="75.8168967">
        <time>2022-03-12T16:05:16Z</time>
      </trkpt>
      <trkpt lat="26.9152033" lon="75.8168633">
        <time>2022-03-12T16:05:17Z</time>
      </trkpt>
      <trkpt lat="26.9151000" lon="75.8168367">
        <time>2022-03-12T16:05:18Z</time>
      </trkpt>
      <trkpt lat="26.9149933" lon="75.8168067">
        <time>2022-03-12T16:05:19Z</time>
      </trkpt>
      <trkpt lat="26.9148933" lon="75.8167817">
        <time>2022-03-12T16:05:20Z</time>
      </trkpt>
      <trkpt lat="26.9148017" lon="75.8167550">
        <time>2022-03-12T16:05:21Z</time>
      </trkpt>
      <trkpt lat="26.9147183" lon="75.8167317">
        <time>2022-03-12T16:05:22Z</time>
      </trkpt>
      <trkpt lat="26.9146400" lon="75.8167117">
        <time>2022-03-12T16:05:23Z</time>
      </trkpt>
      <trkpt lat="26.9145583" lon="75.8166933">
        <time>2022-03-12T16:05:24Z</time>
      </trkpt>
      <trkpt lat="26.9144783" lon="75.8166750">
        <time>2022-03-12T16:05:25Z</time>
      </trkpt>
      <trkpt lat="26.9143850" lon="75.8166483">
        <time>2022-03-12T16:05:26Z</time>
      </trkpt>
      <trkpt lat="26.9142867" lon="75.8166233">
        <time>2022-03-12T16:05:27Z</time>
      </trkpt>
      <trkpt lat="26.9141750" lon="75.8165950">
        <time>2022-03-12T16:05:28Z</time>
      </trkpt>
      <trkpt lat="26.9140583" lon="75.8165650">
        <time>2022-03-12T16:05:29Z</time>
      </trkpt>
      <trkpt lat="26.9139450" lon="75.8165433">
        <time>2022-03-12T16:05:30Z</time>
      </trkpt>
      <trkpt lat="26.9138367" lon="75.8165133">
        <time>2022-03-12T16:05:31Z</time>
      </trkpt>
      <trkpt lat="26.9137350" lon="75.8164900">
        <time>2022-03-12T16:05:32Z</time>
      </trkpt>
      <trkpt lat="26.9136200" lon="75.8164633">
        <time>2022-03-12T16:05:33Z</time>
      </trkpt>
      <trkpt lat="26.9135033" lon="75.8164350">
        <time>2022-03-12T16:05:34Z</time>
      </trkpt>
      <trkpt lat="26.9133900" lon="75.8164117">
        <time>2022-03-12T16:05:35Z</time>
      </trkpt>
      <trkpt lat="26.9132783" lon="75.8163850">
        <time>2022-03-12T16:05:36Z</time>
      </trkpt>
      <trkpt lat="26.9131717" lon="75.8163633">
        <time>2022-03-12T16:05:37Z</time>
      </trkpt>
      <trkpt lat="26.9130717" lon="75.8163417">
        <time>2022-03-12T16:05:38Z</time>
      </trkpt>
      <trkpt lat="26.9129650" lon="75.8163150">
        <time>2022-03-12T16:05:39Z</time>
      </trkpt>
      <trkpt lat="26.9128633" lon="75.8162817">
        <time>2022-03-12T16:05:40Z</time>
      </trkpt>
      <trkpt lat="26.9127650" lon="75.8162600">
        <time>2022-03-12T16:05:41Z</time>
      </trkpt>
      <trkpt lat="26.9126717" lon="75.8162350">
        <time>2022-03-12T16:05:42Z</time>
      </trkpt>
      <trkpt lat="26.9125767" lon="75.8162117">
        <time>2022-03-12T16:05:43Z</time>
      </trkpt>
      <trkpt lat="26.9124783" lon="75.8161783">
        <time>2022-03-12T16:05:44Z</time>
      </trkpt>
      <trkpt lat="26.9123817" lon="75.8161483">
        <time>2022-03-12T16:05:45Z</time>
      </trkpt>
      <trkpt lat="26.9122767" lon="75.8161200">
        <time>2022-03-12T16:05:46Z</time>
      </trkpt>
      <trkpt lat="26.9121717" lon="75.8160867">
        <time>2022-03-12T16:05:47Z</time>
      </trkpt>
      <trkpt lat="26.9120783" lon="75.8160550">
        <time>2022-03-12T16:05:48Z</time>
      </trkpt>
      <trkpt lat="26.9119717" lon="75.8160183">
        <time>2022-03-12T16:05:49Z</time>
      </trkpt>
      <trkpt lat="26.9118667" lon="75.8159883">
        <time>2022-03-12T16:05:50Z</time>
      </trkpt>
      <trkpt lat="26.9117500" lon="75.8159600">
        <time>2022-03-12T16:05:51Z</time>
      </trkpt>
      <trkpt lat="26.9116417" lon="75.8159233">
        <time>2022-03-12T16:05:52Z</time>
      </trkpt>
      <trkpt lat="26.9115267" lon="75.8158933">
        <time>2022-03-12T16:05:53Z</time>
      </trkpt>
      <trkpt lat="26.9114183" lon="75.8158583">
        <time>2022-03-12T16:05:54Z</time>
      </trkpt>
      <trkpt lat="26.9113083" lon="75.8158250">
        <time>2022-03-12T16:05:55Z</time>
      </trkpt>
      <trkpt lat="26.9111967" lon="75.8158000">
        <time>2022-03-12T16:05:56Z</time>
      </trkpt>
      <trkpt lat="26.9110883" lon="75.8157650">
        <time>2022-03-12T16:05:57Z</time>
      </trkpt>
      <trkpt lat="26.9109667" lon="75.8157350">
        <time>2022-03-12T16:05:58Z</time>
      </trkpt>
      <trkpt lat="26.9108500" lon="75.8157033">
        <time>2022-03-12T16:05:59Z</time>
      </trkpt>
      <trkpt lat="26.9107283" lon="75.8156783">
        <time>2022-03-12T16:06:00Z</time>
      </trkpt>
      <trkpt lat="26.9106117" lon="75.8156517">
        <time>2022-03-12T16:06:01Z</time>
      </trkpt>
      <trkpt lat="26.9104950" lon="75.8156283">
        <time>2022-03-12T16:06:02Z</time>
      </trkpt>
      <trkpt lat="26.9103783" lon="75.8156083">
        <time>2022-03-12T16:06:03Z</time>
      </trkpt>
      <trkpt lat="26.9102633" lon="75.8155900">
        <time>2022-03-12T16:06:04Z</time>
      </trkpt>
      <trkpt lat="26.9101450" lon="75.8155750">
        <time>2022-03-12T16:06:05Z</time>
      </trkpt>
      <trkpt lat="26.9100300" lon="75.8155617">
        <time>2022-03-12T16:06:06Z</time>
      </trkpt>
      <trkpt lat="26.9099050" lon="75.8155517">
        <time>2022-03-12T16:06:07Z</time>
      </trkpt>
      <trkpt lat="26.9097917" lon="75.8155383">
        <time>2022-03-12T16:06:08Z</time>
      </trkpt>
      <trkpt lat="26.9096800" lon="75.8155283">
        <time>2022-03-12T16:06:09Z</time>
      </trkpt>
      <trkpt lat="26.9095667" lon="75.8155117">
        <time>2022-03-12T16:06:10Z</time>
      </trkpt>
      <trkpt lat="26.9094583" lon="75.8154933">
        <time>2022-03-12T16:06:11Z</time>
      </trkpt>
      <trkpt lat="26.9093483" lon="75.8154800">
        <time>2022-03-12T16:06:12Z</time>
      </trkpt>
      <trkpt lat="26.9092400" lon="75.8154683">
        <time>2022-03-12T16:06:13Z</time>
      </trkpt>
      <trkpt lat="26.9091383" lon="75.8154567">
        <time>2022-03-12T16:06:14Z</time>
      </trkpt>
      <trkpt lat="26.9090450" lon="75.8154417">
        <time>2022-03-12T16:06:15Z</time>
      </trkpt>
      <trkpt lat="26.9089650" lon="75.8154283">
        <time>2022-03-12T16:06:16Z</time>
      </trkpt>
      <trkpt lat="26.9088900" lon="75.8154183">
        <time>2022-03-12T16:06:17Z</time>
      </trkpt>
      <trkpt lat="26.9088233" lon="75.8154000">
        <time>2022-03-12T16:06:18Z</time>
      </trkpt>
      <trkpt lat="26.9087717" lon="75.8153867">
        <time>2022-03-12T16:06:19Z</time>
      </trkpt>
      <trkpt lat="26.9087233" lon="75.8153817">
        <time>2022-03-12T16:06:20Z</time>
      </trkpt>
      <trkpt lat="26.9086900" lon="75.8153850">
        <time>2022-03-12T16:06:21Z</time>
      </trkpt>
      <trkpt lat="26.9086700" lon="75.8153900">
        <time>2022-03-12T16:06:22Z</time>
      </trkpt>
      <trkpt lat="26.9086583" lon="75.8153950">
        <time>2022-03-12T16:06:23Z</time>
      </trkpt>
      <trkpt lat="26.9086483" lon="75.8153983">
        <time>2022-03-12T16:06:24Z</time>
      </trkpt>
      <trkpt lat="26.9086417" lon="75.8153983">
        <time>2022-03-12T16:06:25Z</time>
      </trkpt>
      <trkpt lat="26.9086400" lon="75.8154000">
        <time>2022-03-12T16:06:26Z</time>
      </trkpt>
      <trkpt lat="26.9086383" lon="75.8154017">
        <time>2022-03-12T16:06:27Z</time>
      </trkpt>
      <trkpt lat="26.9086383" lon="75.8154017">
        <time>2022-03-12T16:06:28Z</time>
      </trkpt>
      <trkpt lat="26.9086383" lon="75.8154017">
        <time>2022-03-12T16:06:29Z</time>
      </trkpt>
      <trkpt lat="26.9086383" lon="75.8154017">
        <time>2022-03-12T16:06:30Z</time>
      </trkpt>
      <trkpt lat="26.9086383" lon="75.8154017">
        <time>2022-03-12T16:06:31Z</time>
      </trkpt>
      <trkpt lat="26.9085967" lon="75.8153950">
        <time>2022-03-12T16:06:32Z</time>
      </trkpt>
      <trkpt lat="26.9085633" lon="75.8153883">
        <time>2022-03-12T16:06:33Z</time>
      </trkpt>
      <trkpt lat="26.9085150" lon="75.8153817">
        <time>2022-03-12T16:06:34Z</time>
      </trkpt>
      <trkpt lat="26.9084633" lon="75.8153733">
        <time>2022-03-12T16:06:35Z</time>
      </trkpt>
      <trkpt lat="26.9084033" lon="75.8153683">
        <time>2022-03-12T16:06:36Z</time>
      </trkpt>
      <trkpt lat="26.9083350" lon="75.8153667">
        <time>2022-03-12T16:06:37Z</time>
      </trkpt>
      <trkpt lat="26.9082533" lon="75.8153600">
        <time>2022-03-12T16:06:38Z</time>
      </trkpt>
      <trkpt lat="26.9081700" lon="75.8153467">
        <time>2022-03-12T16:06:39Z</time>
      </trkpt>
      <trkpt lat="26.9080783" lon="75.8153283">
        <time>2022-03-12T16:06:40Z</time>
      </trkpt>
      <trkpt lat="26.9079867" lon="75.8153067">
        <time>2022-03-12T16:06:41Z</time>
      </trkpt>
      <trkpt lat="26.9078933" lon="75.8152900">
        <time>2022-03-12T16:06:42Z</time>
      </trkpt>
      <trkpt lat="26.9078017" lon="75.8152733">
        <time>2022-03-12T16:06:43Z</time>
      </trkpt>
      <trkpt lat="26.9076983" lon="75.8152617">
        <time>2022-03-12T16:06:44Z</time>
      </trkpt>
      <trkpt lat="26.9075933" lon="75.8152483">
        <time>2022-03-12T16:06:45Z</time>
      </trkpt>
      <trkpt lat="26.9074817" lon="75.8152350">
        <time>2022-03-12T16:06:46Z</time>
      </trkpt>
      <trkpt lat="26.9073683" lon="75.8152150">
        <time>2022-03-12T16:06:47Z</time>
      </trkpt>
      <trkpt lat="26.9072600" lon="75.8151900">
        <time>2022-03-12T16:06:48Z</time>
      </trkpt>
      <trkpt lat="26.9071500" lon="75.8151717">
        <time>2022-03-12T16:06:49Z</time>
      </trkpt>
      <trkpt lat="26.9070417" lon="75.8151483">
        <time>2022-03-12T16:06:50Z</time>
      </trkpt>
      <trkpt lat="26.9069333" lon="75.8151383">
        <time>2022-03-12T16:06:51Z</time>
      </trkpt>
      <trkpt lat="26.9068300" lon="75.8151150">
        <time>2022-03-12T16:06:52Z</time>
      </trkpt>
      <trkpt lat="26.9067333" lon="75.8150950">
        <time>2022-03-12T16:06:53Z</time>
      </trkpt>
      <trkpt lat="26.9066367" lon="75.8150650">
        <time>2022-03-12T16:06:54Z</time>
      </trkpt>
      <trkpt lat="26.9065483" lon="75.8150517">
        <time>2022-03-12T16:06:55Z</time>
      </trkpt>
      <trkpt lat="26.9064633" lon="75.8150400">
        <time>2022-03-12T16:06:56Z</time>
      </trkpt>
      <trkpt lat="26.9063817" lon="75.8150317">
        <time>2022-03-12T16:06:57Z</time>
      </trkpt>
      <trkpt lat="26.9063133" lon="75.8150133">
        <time>2022-03-12T16:06:58Z</time>
      </trkpt>
      <trkpt lat="26.9062417" lon="75.8149983">
        <time>2022-03-12T16:06:59Z</time>
      </trkpt>
      <trkpt lat="26.9061817" lon="75.8149817">
        <time>2022-03-12T16:07:00Z</time>
      </trkpt>
      <trkpt lat="26.9061300" lon="75.8149633">
        <time>2022-03-12T16:07:01Z</time>
      </trkpt>
      <trkpt lat="26.9060783" lon="75.8149500">
        <time>2022-03-12T16:07:02Z</time>
      </trkpt>
      <trkpt lat="26.9060250" lon="75.8149350">
        <time>2022-03-12T16:07:03Z</time>
      </trkpt>
      <trkpt lat="26.9059783" lon="75.8149233">
        <time>2022-03-12T16:07:04Z</time>
      </trkpt>
      <trkpt lat="26.9059533" lon="75.8149117">
        <time>2022-03-12T16:07:05Z</time>
      </trkpt>
      <trkpt lat="26.9059350" lon="75.8148983">
        <time>2022-03-12T16:07:06Z</time>
      </trkpt>
      <trkpt lat="26.9059100" lon="75.8148933">
        <time>2022-03-12T16:07:07Z</time>
      </trkpt>
      <trkpt lat="26.9058850" lon="75.8148883">
        <time>2022-03-12T16:07:08Z</time>
      </trkpt>
      <trkpt lat="26.9058583" lon="75.8148800">
        <time>2022-03-12T16:07:09Z</time>
      </trkpt>
      <trkpt lat="26.9058367" lon="75.8148750">
        <time>2022-03-12T16:07:10Z</time>
      </trkpt>
      <trkpt lat="26.9058117" lon="75.8148700">
        <time>2022-03-12T16:07:11Z</time>
      </trkpt>
      <trkpt lat="26.9057833" lon="75.8148683">
        <time>2022-03-12T16:07:12Z</time>
      </trkpt>
      <trkpt lat="26.9057500" lon="75.8148717">
        <time>2022-03-12T16:07:13Z</time>
      </trkpt>
      <trkpt lat="26.9057067" lon="75.8148650">
        <time>2022-03-12T16:07:14Z</time>
      </trkpt>
      <trkpt lat="26.9056600" lon="75.8148517">
        <time>2022-03-12T16:07:15Z</time>
      </trkpt>
      <trkpt lat="26.9056200" lon="75.8148400">
        <time>2022-03-12T16:07:16Z</time>
      </trkpt>
      <trkpt lat="26.9055833" lon="75.8148283">
        <time>2022-03-12T16:07:17Z</time>
      </trkpt>
      <trkpt lat="26.9055450" lon="75.8148100">
        <time>2022-03-12T16:07:18Z</time>
      </trkpt>
      <trkpt lat="26.9055067" lon="75.8147967">
        <time>2022-03-12T16:07:19Z</time>
      </trkpt>
      <trkpt lat="26.9054617" lon="75.8147833">
        <time>2022-03-12T16:07:20Z</time>
      </trkpt>
      <trkpt lat="26.9054183" lon="75.8147700">
        <time>2022-03-12T16:07:21Z</time>
      </trkpt>
      <trkpt lat="26.9053733" lon="75.8147583">
        <time>2022-03-12T16:07:22Z</time>
      </trkpt>
      <trkpt lat="26.9053433" lon="75.8147450">
        <time>2022-03-12T16:07:23Z</time>
      </trkpt>
      <trkpt lat="26.9053250" lon="75.8147367">
        <time>2022-03-12T16:07:24Z</time>
      </trkpt>
      <trkpt lat="26.9053050" lon="75.8147350">
        <time>2022-03-12T16:07:25Z</time>
      </trkpt>
      <trkpt lat="26.9052833" lon="75.8147283">
        <time>2022-03-12T16:07:26Z</time>
      </trkpt>
      <trkpt lat="26.9052600" lon="75.8147250">
        <time>2022-03-12T16:07:27Z</time>
      </trkpt>
      <trkpt lat="26.9052267" lon="75.8147167">
        <time>2022-03-12T16:07:28Z</time>
      </trkpt>
      <trkpt lat="26.9051917" lon="75.8147150">
        <time>2022-03-12T16:07:29Z</time>
      </trkpt>
      <trkpt lat="26.9051600" lon="75.8147117">
        <time>2022-03-12T16:07:30Z</time>
      </trkpt>
      <trkpt lat="26.9051300" lon="75.8147067">
        <time>2022-03-12T16:07:31Z</time>
      </trkpt>
      <trkpt lat="26.9050950" lon="75.8147017">
        <time>2022-03-12T16:07:32Z</time>
      </trkpt>
      <trkpt lat="26.9050600" lon="75.8146967">
        <time>2022-03-12T16:07:33Z</time>
      </trkpt>
      <trkpt lat="26.9050250" lon="75.8146800">
        <time>2022-03-12T16:07:34Z</time>
      </trkpt>
      <trkpt lat="26.9049817" lon="75.8146650">
        <time>2022-03-12T16:07:35Z</time>
      </trkpt>
      <trkpt lat="26.9049250" lon="75.8146533">
        <time>2022-03-12T16:07:36Z</time>
      </trkpt>
      <trkpt lat="26.9048683" lon="75.8146400">
        <time>2022-03-12T16:07:37Z</time>
      </trkpt>
      <trkpt lat="26.9048117" lon="75.8146233">
        <time>2022-03-12T16:07:38Z</time>
      </trkpt>
      <trkpt lat="26.9047583" lon="75.8146167">
        <time>2022-03-12T16:07:39Z</time>
      </trkpt>
      <trkpt lat="26.9046950" lon="75.8146050">
        <time>2022-03-12T16:07:40Z</time>
      </trkpt>
      <trkpt lat="26.9046217" lon="75.8145883">
        <time>2022-03-12T16:07:41Z</time>
      </trkpt>
      <trkpt lat="26.9045533" lon="75.8145750">
        <time>2022-03-12T16:07:42Z</time>
      </trkpt>
      <trkpt lat="26.9044683" lon="75.8145667">
        <time>2022-03-12T16:07:43Z</time>
      </trkpt>
      <trkpt lat="26.9043833" lon="75.8145450">
        <time>2022-03-12T16:07:44Z</time>
      </trkpt>
      <trkpt lat="26.9043117" lon="75.8145300">
        <time>2022-03-12T16:07:45Z</time>
      </trkpt>
      <trkpt lat="26.9042417" lon="75.8145217">
        <time>2022-03-12T16:07:46Z</time>
      </trkpt>
      <trkpt lat="26.9041700" lon="75.8145150">
        <time>2022-03-12T16:07:47Z</time>
      </trkpt>
      <trkpt lat="26.9041050" lon="75.8145050">
        <time>2022-03-12T16:07:48Z</time>
      </trkpt>
      <trkpt lat="26.9040317" lon="75.8144800">
        <time>2022-03-12T16:07:49Z</time>
      </trkpt>
      <trkpt lat="26.9039517" lon="75.8144550">
        <time>2022-03-12T16:07:50Z</time>
      </trkpt>
      <trkpt lat="26.9038583" lon="75.8144283">
        <time>2022-03-12T16:07:51Z</time>
      </trkpt>
      <trkpt lat="26.9037583" lon="75.8143917">
        <time>2022-03-12T16:07:52Z</time>
      </trkpt>
      <trkpt lat="26.9036550" lon="75.8143467">
        <time>2022-03-12T16:07:53Z</time>
      </trkpt>
      <trkpt lat="26.9035400" lon="75.8143033">
        <time>2022-03-12T16:07:54Z</time>
      </trkpt>
      <trkpt lat="26.9034150" lon="75.8142550">
        <time>2022-03-12T16:07:55Z</time>
      </trkpt>
      <trkpt lat="26.9032833" lon="75.8142033">
        <time>2022-03-12T16:07:56Z</time>
      </trkpt>
      <trkpt lat="26.9031483" lon="75.8141517">
        <time>2022-03-12T16:07:57Z</time>
      </trkpt>
      <trkpt lat="26.9029950" lon="75.8141017">
        <time>2022-03-12T16:07:58Z</time>
      </trkpt>
      <trkpt lat="26.9028333" lon="75.8140550">
        <time>2022-03-12T16:07:59Z</time>
      </trkpt>
      <trkpt lat="26.9026833" lon="75.8140150">
        <time>2022-03-12T16:08:00Z</time>
      </trkpt>
      <trkpt lat="26.9025283" lon="75.8139817">
        <time>2022-03-12T16:08:01Z</time>
      </trkpt>
      <trkpt lat="26.9023800" lon="75.8139367">
        <time>2022-03-12T16:08:02Z</time>
      </trkpt>
      <trkpt lat="26.9022283" lon="75.8138900">
        <time>2022-03-12T16:08:03Z</time>
      </trkpt>
      <trkpt lat="26.9020817" lon="75.8138250">
        <time>2022-03-12T16:08:04Z</time>
      </trkpt>
      <trkpt lat="26.9019167" lon="75.8137583">
        <time>2022-03-12T16:08:05Z</time>
      </trkpt>
      <trkpt lat="26.9017550" lon="75.8136950">
        <time>2022-03-12T16:08:06Z</time>
      </trkpt>
      <trkpt lat="26.9015917" lon="75.8136217">
        <time>2022-03-12T16:08:07Z</time>
      </trkpt>
      <trkpt lat="26.9014300" lon="75.8135500">
        <time>2022-03-12T16:08:08Z</time>
      </trkpt>
      <trkpt lat="26.9012783" lon="75.8134817">
        <time>2022-03-12T16:08:09Z</time>
      </trkpt>
      <trkpt lat="26.9011283" lon="75.8134067">
        <time>2022-03-12T16:08:10Z</time>
      </trkpt>
      <trkpt lat="26.9009700" lon="75.8133233">
        <time>2022-03-12T16:08:11Z</time>
      </trkpt>
      <trkpt lat="26.9008267" lon="75.8132617">
        <time>2022-03-12T16:08:12Z</time>
      </trkpt>
      <trkpt lat="26.9007000" lon="75.8131900">
        <time>2022-03-12T16:08:13Z</time>
      </trkpt>
      <trkpt lat="26.9005800" lon="75.8131217">
        <time>2022-03-12T16:08:14Z</time>
      </trkpt>
      <trkpt lat="26.9004783" lon="75.8130333">
        <time>2022-03-12T16:08:15Z</time>
      </trkpt>
      <trkpt lat="26.9003500" lon="75.8129667">
        <time>2022-03-12T16:08:16Z</time>
      </trkpt>
      <trkpt lat="26.9002350" lon="75.8129033">
        <time>2022-03-12T16:08:17Z</time>
      </trkpt>
      <trkpt lat="26.9001400" lon="75.8128500">
        <time>2022-03-12T16:08:18Z</time>
      </trkpt>
      <trkpt lat="26.9000600" lon="75.8128017">
        <time>2022-03-12T16:08:19Z</time>
      </trkpt>
      <trkpt lat="26.8999883" lon="75.8127617">
        <time>2022-03-12T16:08:20Z</time>
      </trkpt>
      <trkpt lat="26.8999267" lon="75.8127300">
        <time>2022-03-12T16:08:21Z</time>
      </trkpt>
      <trkpt lat="26.8998767" lon="75.8126950">
        <time>2022-03-12T16:08:22Z</time>
      </trkpt>
      <trkpt lat="26.8998333" lon="75.8126550">
        <time>2022-03-12T16:08:23Z</time>
      </trkpt>
      <trkpt lat="26.8998000" lon="75.8126350">
        <time>2022-03-12T16:08:24Z</time>
      </trkpt>
      <trkpt lat="26.8997833" lon="75.8126183">
        <time>2022-03-12T16:08:25Z</time>
      </trkpt>
      <trkpt lat="26.8997733" lon="75.8126100">
        <time>2022-03-12T16:08:26Z</time>
      </trkpt>
      <trkpt lat="26.8997667" lon="75.8125950">
        <time>2022-03-12T16:08:27Z</time>
      </trkpt>
      <trkpt lat="26.8997600" lon="75.8125867">
        <time>2022-03-12T16:08:28Z</time>
      </trkpt>
      <trkpt lat="26.8997550" lon="75.8125800">
        <time>2022-03-12T16:08:29Z</time>
      </trkpt>
      <trkpt lat="26.8997467" lon="75.8125683">
        <time>2022-03-12T16:08:30Z</time>
      </trkpt>
      <trkpt lat="26.8997233" lon="75.8125533">
        <time>2022-03-12T16:08:31Z</time>
      </trkpt>
      <trkpt lat="26.8996967" lon="75.8125417">
        <time>2022-03-12T16:08:32Z</time>
      </trkpt>
      <trkpt lat="26.8996667" lon="75.8125233">
        <time>2022-03-12T16:08:33Z</time>
      </trkpt>
      <trkpt lat="26.8996267" lon="75.8124933">
        <time>2022-03-12T16:08:34Z</time>
      </trkpt>
      <trkpt lat="26.8995817" lon="75.8124517">
        <time>2022-03-12T16:08:35Z</time>
      </trkpt>
      <trkpt lat="26.8995350" lon="75.8124133">
        <time>2022-03-12T16:08:36Z</time>
      </trkpt>
      <trkpt lat="26.8994850" lon="75.8123667">
        <time>2022-03-12T16:08:37Z</time>
      </trkpt>
      <trkpt lat="26.8994267" lon="75.8123150">
        <time>2022-03-12T16:08:38Z</time>
      </trkpt>
      <trkpt lat="26.8993600" lon="75.8122667">
        <time>2022-03-12T16:08:39Z</time>
      </trkpt>
      <trkpt lat="26.8992850" lon="75.8122133">
        <time>2022-03-12T16:08:40Z</time>
      </trkpt>
      <trkpt lat="26.8992083" lon="75.8121517">
        <time>2022-03-12T16:08:41Z</time>
      </trkpt>
      <trkpt lat="26.8991317" lon="75.8120900">
        <time>2022-03-12T16:08:42Z</time>
      </trkpt>
      <trkpt lat="26.8990533" lon="75.8120317">
        <time>2022-03-12T16:08:43Z</time>
      </trkpt>
      <trkpt lat="26.8989733" lon="75.8119617">
        <time>2022-03-12T16:08:44Z</time>
      </trkpt>
      <trkpt lat="26.8988933" lon="75.8119017">
        <time>2022-03-12T16:08:45Z</time>
      </trkpt>
      <trkpt lat="26.8988167" lon="75.8118367">
        <time>2022-03-12T16:08:46Z</time>
      </trkpt>
      <trkpt lat="26.8987383" lon="75.8117733">
        <time>2022-03-12T16:08:47Z</time>
      </trkpt>
      <trkpt lat="26.8986600" lon="75.8117150">
        <time>2022-03-12T16:08:48Z</time>
      </trkpt>
      <trkpt lat="26.8985850" lon="75.8116600">
        <time>2022-03-12T16:08:49Z</time>
      </trkpt>
      <trkpt lat="26.8985150" lon="75.8116017">
        <time>2022-03-12T16:08:50Z</time>
      </trkpt>
      <trkpt lat="26.8984317" lon="75.8115467">
        <time>2022-03-12T16:08:51Z</time>
      </trkpt>
      <trkpt lat="26.8983433" lon="75.8114900">
        <time>2022-03-12T16:08:52Z</time>
      </trkpt>
      <trkpt lat="26.8982500" lon="75.8114350">
        <time>2022-03-12T16:08:53Z</time>
      </trkpt>
      <trkpt lat="26.8981517" lon="75.8113800">
        <time>2022-03-12T16:08:54Z</time>
      </trkpt>
      <trkpt lat="26.8980533" lon="75.8113233">
        <time>2022-03-12T16:08:55Z</time>
      </trkpt>
      <trkpt lat="26.8979683" lon="75.8112650">
        <time>2022-03-12T16:08:56Z</time>
      </trkpt>
      <trkpt lat="26.8979000" lon="75.8111983">
        <time>2022-03-12T16:08:57Z</time>
      </trkpt>
      <trkpt lat="26.8978333" lon="75.8111417">
        <time>2022-03-12T16:08:58Z</time>
      </trkpt>
      <trkpt lat="26.8977633" lon="75.8110883">
        <time>2022-03-12T16:08:59Z</time>
      </trkpt>
      <trkpt lat="26.8977067" lon="75.8110500">
        <time>2022-03-12T16:09:00Z</time>
      </trkpt>
      <trkpt lat="26.8976467" lon="75.8110067">
        <time>2022-03-12T16:09:01Z</time>
      </trkpt>
      <trkpt lat="26.8975850" lon="75.8109567">
        <time>2022-03-12T16:09:02Z</time>
      </trkpt>
      <trkpt lat="26.8975250" lon="75.8109100">
        <time>2022-03-12T16:09:03Z</time>
      </trkpt>
      <trkpt lat="26.8974683" lon="75.8108700">
        <time>2022-03-12T16:09:04Z</time>
      </trkpt>
      <trkpt lat="26.8974083" lon="75.8108267">
        <time>2022-03-12T16:09:05Z</time>
      </trkpt>
      <trkpt lat="26.8973467" lon="75.8107750">
        <time>2022-03-12T16:09:06Z</time>
      </trkpt>
      <trkpt lat="26.8972850" lon="75.8107300">
        <time>2022-03-12T16:09:07Z</time>
      </trkpt>
      <trkpt lat="26.8972250" lon="75.8106883">
        <time>2022-03-12T16:09:08Z</time>
      </trkpt>
      <trkpt lat="26.8971617" lon="75.8106550">
        <time>2022-03-12T16:09:09Z</time>
      </trkpt>
      <trkpt lat="26.8970983" lon="75.8106133">
        <time>2022-03-12T16:09:10Z</time>
      </trkpt>
      <trkpt lat="26.8970333" lon="75.8105667">
        <time>2022-03-12T16:09:11Z</time>
      </trkpt>
      <trkpt lat="26.8969683" lon="75.8105133">
        <time>2022-03-12T16:09:12Z</time>
      </trkpt>
      <trkpt lat="26.8969017" lon="75.8104650">
        <time>2022-03-12T16:09:13Z</time>
      </trkpt>
      <trkpt lat="26.8968317" lon="75.8104150">
        <time>2022-03-12T16:09:14Z</time>
      </trkpt>
      <trkpt lat="26.8967650" lon="75.8103683">
        <time>2022-03-12T16:09:15Z</time>
      </trkpt>
      <trkpt lat="26.8966967" lon="75.8103183">
        <time>2022-03-12T16:09:16Z</time>
      </trkpt>
      <trkpt lat="26.8966333" lon="75.8102633">
        <time>2022-03-12T16:09:17Z</time>
      </trkpt>
      <trkpt lat="26.8965683" lon="75.8102083">
        <time>2022-03-12T16:09:18Z</time>
      </trkpt>
      <trkpt lat="26.8965083" lon="75.8101583">
        <time>2022-03-12T16:09:19Z</time>
      </trkpt>
      <trkpt lat="26.8964483" lon="75.8101133">
        <time>2022-03-12T16:09:20Z</time>
      </trkpt>
      <trkpt lat="26.8963933" lon="75.8100750">
        <time>2022-03-12T16:09:21Z</time>
      </trkpt>
      <trkpt lat="26.8963433" lon="75.8100333">
        <time>2022-03-12T16:09:22Z</time>
      </trkpt>
      <trkpt lat="26.8962983" lon="75.8099900">
        <time>2022-03-12T16:09:23Z</time>
      </trkpt>
      <trkpt lat="26.8962517" lon="75.8099433">
        <time>2022-03-12T16:09:24Z</time>
      </trkpt>
      <trkpt lat="26.8962000" lon="75.8099050">
        <time>2022-03-12T16:09:25Z</time>
      </trkpt>
      <trkpt lat="26.8961450" lon="75.8098617">
        <time>2022-03-12T16:09:26Z</time>
      </trkpt>
      <trkpt lat="26.8960950" lon="75.8098167">
        <time>2022-03-12T16:09:27Z</time>
      </trkpt>
      <trkpt lat="26.8960467" lon="75.8097800">
        <time>2022-03-12T16:09:28Z</time>
      </trkpt>
      <trkpt lat="26.8959950" lon="75.8097400">
        <time>2022-03-12T16:09:29Z</time>
      </trkpt>
      <trkpt lat="26.8959467" lon="75.8096817">
        <time>2022-03-12T16:09:30Z</time>
      </trkpt>
      <trkpt lat="26.8959000" lon="75.8096400">
        <time>2022-03-12T16:09:31Z</time>
      </trkpt>
      <trkpt lat="26.8958467" lon="75.8095950">
        <time>2022-03-12T16:09:32Z</time>
      </trkpt>
      <trkpt lat="26.8957983" lon="75.8095533">
        <time>2022-03-12T16:09:33Z</time>
      </trkpt>
      <trkpt lat="26.8957550" lon="75.8095133">
        <time>2022-03-12T16:09:34Z</time>
      </trkpt>
      <trkpt lat="26.8957133" lon="75.8094833">
        <time>2022-03-12T16:09:35Z</time>
      </trkpt>
      <trkpt lat="26.8956717" lon="75.8094550">
        <time>2022-03-12T16:09:36Z</time>
      </trkpt>
      <trkpt lat="26.8956350" lon="75.8094283">
        <time>2022-03-12T16:09:37Z</time>
      </trkpt>
      <trkpt lat="26.8955950" lon="75.8094050">
        <time>2022-03-12T16:09:38Z</time>
      </trkpt>
      <trkpt lat="26.8955567" lon="75.8093850">
        <time>2022-03-12T16:09:39Z</time>
      </trkpt>
      <trkpt lat="26.8955250" lon="75.8093650">
        <time>2022-03-12T16:09:40Z</time>
      </trkpt>
      <trkpt lat="26.8954933" lon="75.8093300">
        <time>2022-03-12T16:09:41Z</time>
      </trkpt>
      <trkpt lat="26.8954617" lon="75.8092967">
        <time>2022-03-12T16:09:42Z</time>
      </trkpt>
      <trkpt lat="26.8954300" lon="75.8092683">
        <time>2022-03-12T16:09:43Z</time>
      </trkpt>
      <trkpt lat="26.8953967" lon="75.8092467">
        <time>2022-03-12T16:09:44Z</time>
      </trkpt>
      <trkpt lat="26.8953667" lon="75.8092217">
        <time>2022-03-12T16:09:45Z</time>
      </trkpt>
      <trkpt lat="26.8953433" lon="75.8091950">
        <time>2022-03-12T16:09:46Z</time>
      </trkpt>
      <trkpt lat="26.8953217" lon="75.8091700">
        <time>2022-03-12T16:09:47Z</time>
      </trkpt>
      <trkpt lat="26.8953000" lon="75.8091483">
        <time>2022-03-12T16:09:48Z</time>
      </trkpt>
      <trkpt lat="26.8952833" lon="75.8091333">
        <time>2022-03-12T16:09:49Z</time>
      </trkpt>
      <trkpt lat="26.8952683" lon="75.8091217">
        <time>2022-03-12T16:09:50Z</time>
      </trkpt>
      <trkpt lat="26.8952517" lon="75.8091117">
        <time>2022-03-12T16:09:51Z</time>
      </trkpt>
      <trkpt lat="26.8952383" lon="75.8091050">
        <time>2022-03-12T16:09:52Z</time>
      </trkpt>
      <trkpt lat="26.8952367" lon="75.8091017">
        <time>2022-03-12T16:09:53Z</time>
      </trkpt>
      <trkpt lat="26.8952333" lon="75.8090983">
        <time>2022-03-12T16:09:54Z</time>
      </trkpt>
      <trkpt lat="26.8952317" lon="75.8090983">
        <time>2022-03-12T16:09:55Z</time>
      </trkpt>
      <trkpt lat="26.8952317" lon="75.8090983">
        <time>2022-03-12T16:09:56Z</time>
      </trkpt>
      <trkpt lat="26.8952317" lon="75.8090983">
        <time>2022-03-12T16:09:57Z</time>
      </trkpt>
      <trkpt lat="26.8952317" lon="75.8090983">
        <time>2022-03-12T16:09:58Z</time>
      </trkpt>
      <trkpt lat="26.8952317" lon="75.8090983">
        <time>2022-03-12T16:09:59Z</time>
      </trkpt>
      <trkpt lat="26.8952317" lon="75.8090983">
        <time>2022-03-12T16:10:00Z</time>
      </trkpt>
      <trkpt lat="26.8952317" lon="75.8090983">
        <time>2022-03-12T16:10:01Z</time>
      </trkpt>
      <trkpt lat="26.8952317" lon="75.8090983">
        <time>2022-03-12T16:10:02Z</time>
      </trkpt>
      <trkpt lat="26.8952317" lon="75.8090983">
        <time>2022-03-12T16:10:03Z</time>
      </trkpt>
      <trkpt lat="26.8952317" lon="75.8090983">
        <time>2022-03-12T16:10:04Z</time>
      </trkpt>
      <trkpt lat="26.8952317" lon="75.8090983">
        <time>2022-03-12T16:10:05Z</time>
      </trkpt>
      <trkpt lat="26.8952317" lon="75.8090983">
        <time>2022-03-12T16:10:06Z</time>
      </trkpt>
      <trkpt lat="26.8952317" lon="75.8090983">
        <time>2022-03-12T16:10:07Z</time>
      </trkpt>
      <trkpt lat="26.8952317" lon="75.8090983">
        <time>2022-03-12T16:10:08Z</time>
      </trkpt>
      <trkpt lat="26.8952317" lon="75.8090983">
        <time>2022-03-12T16:10:09Z</time>
      </trkpt>
      <trkpt lat="26.8952317" lon="75.8090983">
        <time>2022-03-12T16:10:10Z</time>
      </trkpt>
      <trkpt lat="26.8952317" lon="75.8090983">
        <time>2022-03-12T16:10:11Z</time>
      </trkpt>
      <trkpt lat="26.8952317" lon="75.8090983">
        <time>2022-03-12T16:10:12Z</time>
      </trkpt>
      <trkpt lat="26.8952317" lon="75.8090983">
        <time>2022-03-12T16:10:13Z</time>
      </trkpt>
      <trkpt lat="26.8952317" lon="75.8090983">
        <time>2022-03-12T16:10:14Z</time>
      </trkpt>
      <trkpt lat="26.8952317" lon="75.8090983">
        <time>2022-03-12T16:10:15Z</time>
      </trkpt>
      <trkpt lat="26.8952317" lon="75.8090983">
        <time>2022-03-12T16:10:16Z</time>
      </trkpt>
      <trkpt lat="26.8952317" lon="75.8090983">
        <time>2022-03-12T16:10:17Z</time>
      </trkpt>
      <trkpt lat="26.8952317" lon="75.8090983">
        <time>2022-03-12T16:10:18Z</time>
      </trkpt>
      <trkpt lat="26.8952317" lon="75.8090983">
        <time>2022-03-12T16:10:19Z</time>
      </trkpt>
      <trkpt lat="26.8952317" lon="75.8090983">
        <time>2022-03-12T16:10:20Z</time>
      </trkpt>
      <trkpt lat="26.8952317" lon="75.8090983">
        <time>2022-03-12T16:10:21Z</time>
      </trkpt>
      <trkpt lat="26.8952317" lon="75.8090983">
        <time>2022-03-12T16:10:22Z</time>
      </trkpt>
      <trkpt lat="26.8952017" lon="75.8090867">
        <time>2022-03-12T16:10:23Z</time>
      </trkpt>
      <trkpt lat="26.8951750" lon="75.8090850">
        <time>2022-03-12T16:10:24Z</time>
      </trkpt>
      <trkpt lat="26.8951467" lon="75.8090733">
        <time>2022-03-12T16:10:25Z</time>
      </trkpt>
      <trkpt lat="26.8951200" lon="75.8090367">
        <time>2022-03-12T16:10:26Z</time>
      </trkpt>
      <trkpt lat="26.8950900" lon="75.8090017">
        <time>2022-03-12T16:10:27Z</time>
      </trkpt>
      <trkpt lat="26.8950583" lon="75.8089700">
        <time>2022-03-12T16:10:28Z</time>
      </trkpt>
      <trkpt lat="26.8950233" lon="75.8089333">
        <time>2022-03-12T16:10:29Z</time>
      </trkpt>
      <trkpt lat="26.8949900" lon="75.8088983">
        <time>2022-03-12T16:10:30Z</time>
      </trkpt>
      <trkpt lat="26.8949583" lon="75.8088550">
        <time>2022-03-12T16:10:31Z</time>
      </trkpt>
      <trkpt lat="26.8949217" lon="75.8088100">
        <time>2022-03-12T16:10:32Z</time>
      </trkpt>
      <trkpt lat="26.8948800" lon="75.8087650">
        <time>2022-03-12T16:10:33Z</time>
      </trkpt>
      <trkpt lat="26.8948367" lon="75.8087200">
        <time>2022-03-12T16:10:34Z</time>
      </trkpt>
      <trkpt lat="26.8947900" lon="75.8086733">
        <time>2022-03-12T16:10:35Z</time>
      </trkpt>
      <trkpt lat="26.8947383" lon="75.8086317">
        <time>2022-03-12T16:10:36Z</time>
      </trkpt>
      <trkpt lat="26.8946800" lon="75.8085850">
        <time>2022-03-12T16:10:37Z</time>
      </trkpt>
      <trkpt lat="26.8946300" lon="75.8085267">
        <time>2022-03-12T16:10:38Z</time>
      </trkpt>
      <trkpt lat="26.8945617" lon="75.8084850">
        <time>2022-03-12T16:10:39Z</time>
      </trkpt>
      <trkpt lat="26.8945050" lon="75.8084350">
        <time>2022-03-12T16:10:40Z</time>
      </trkpt>
      <trkpt lat="26.8944383" lon="75.8083800">
        <time>2022-03-12T16:10:41Z</time>
      </trkpt>
      <trkpt lat="26.8943717" lon="75.8083267">
        <time>2022-03-12T16:10:42Z</time>
      </trkpt>
      <trkpt lat="26.8942983" lon="75.8082817">
        <time>2022-03-12T16:10:43Z</time>
      </trkpt>
      <trkpt lat="26.8942283" lon="75.8082333">
        <time>2022-03-12T16:10:44Z</time>
      </trkpt>
      <trkpt lat="26.8941600" lon="75.8081800">
        <time>2022-03-12T16:10:45Z</time>
      </trkpt>
      <trkpt lat="26.8940950" lon="75.8081200">
        <time>2022-03-12T16:10:46Z</time>
      </trkpt>
      <trkpt lat="26.8940317" lon="75.8080617">
        <time>2022-03-12T16:10:47Z</time>
      </trkpt>
      <trkpt lat="26.8939650" lon="75.8080000">
        <time>2022-03-12T16:10:48Z</time>
      </trkpt>
      <trkpt lat="26.8938967" lon="75.8079400">
        <time>2022-03-12T16:10:49Z</time>
      </trkpt>
      <trkpt lat="26.8938300" lon="75.8078733">
        <time>2022-03-12T16:10:50Z</time>
      </trkpt>
      <trkpt lat="26.8937583" lon="75.8078133">
        <time>2022-03-12T16:10:51Z</time>
      </trkpt>
      <trkpt lat="26.8936867" lon="75.8077517">
        <time>2022-03-12T16:10:52Z</time>
      </trkpt>
      <trkpt lat="26.8936167" lon="75.8076883">
        <time>2022-03-12T16:10:53Z</time>
      </trkpt>
      <trkpt lat="26.8935450" lon="75.8076300">
        <time>2022-03-12T16:10:54Z</time>
      </trkpt>
      <trkpt lat="26.8934733" lon="75.8075683">
        <time>2022-03-12T16:10:55Z</time>
      </trkpt>
      <trkpt lat="26.8934067" lon="75.8075167">
        <time>2022-03-12T16:10:56Z</time>
      </trkpt>
      <trkpt lat="26.8933367" lon="75.8074617">
        <time>2022-03-12T16:10:57Z</time>
      </trkpt>
      <trkpt lat="26.8932717" lon="75.8074050">
        <time>2022-03-12T16:10:58Z</time>
      </trkpt>
      <trkpt lat="26.8932083" lon="75.8073467">
        <time>2022-03-12T16:10:59Z</time>
      </trkpt>
      <trkpt lat="26.8931417" lon="75.8072867">
        <time>2022-03-12T16:11:00Z</time>
      </trkpt>
      <trkpt lat="26.8930750" lon="75.8072317">
        <time>2022-03-12T16:11:01Z</time>
      </trkpt>
      <trkpt lat="26.8930083" lon="75.8071817">
        <time>2022-03-12T16:11:02Z</time>
      </trkpt>
      <trkpt lat="26.8929367" lon="75.8071233">
        <time>2022-03-12T16:11:03Z</time>
      </trkpt>
      <trkpt lat="26.8928617" lon="75.8070550">
        <time>2022-03-12T16:11:04Z</time>
      </trkpt>
      <trkpt lat="26.8927900" lon="75.8069850">
        <time>2022-03-12T16:11:05Z</time>
      </trkpt>
      <trkpt lat="26.8927283" lon="75.8069083">
        <time>2022-03-12T16:11:06Z</time>
      </trkpt>
      <trkpt lat="26.8926583" lon="75.8068467">
        <time>2022-03-12T16:11:07Z</time>
      </trkpt>
      <trkpt lat="26.8925900" lon="75.8067883">
        <time>2022-03-12T16:11:08Z</time>
      </trkpt>
      <trkpt lat="26.8925283" lon="75.8067367">
        <time>2022-03-12T16:11:09Z</time>
      </trkpt>
      <trkpt lat="26.8924767" lon="75.8067000">
        <time>2022-03-12T16:11:10Z</time>
      </trkpt>
      <trkpt lat="26.8924317" lon="75.8066717">
        <time>2022-03-12T16:11:11Z</time>
      </trkpt>
      <trkpt lat="26.8923867" lon="75.8066400">
        <time>2022-03-12T16:11:12Z</time>
      </trkpt>
      <trkpt lat="26.8923433" lon="75.8066033">
        <time>2022-03-12T16:11:13Z</time>
      </trkpt>
      <trkpt lat="26.8922950" lon="75.8065600">
        <time>2022-03-12T16:11:14Z</time>
      </trkpt>
      <trkpt lat="26.8922400" lon="75.8065100">
        <time>2022-03-12T16:11:15Z</time>
      </trkpt>
      <trkpt lat="26.8921750" lon="75.8064617">
        <time>2022-03-12T16:11:16Z</time>
      </trkpt>
      <trkpt lat="26.8921067" lon="75.8064083">
        <time>2022-03-12T16:11:17Z</time>
      </trkpt>
      <trkpt lat="26.8920417" lon="75.8063583">
        <time>2022-03-12T16:11:18Z</time>
      </trkpt>
      <trkpt lat="26.8919867" lon="75.8063167">
        <time>2022-03-12T16:11:19Z</time>
      </trkpt>
      <trkpt lat="26.8919400" lon="75.8062917">
        <time>2022-03-12T16:11:20Z</time>
      </trkpt>
      <trkpt lat="26.8919050" lon="75.8062533">
        <time>2022-03-12T16:11:21Z</time>
      </trkpt>
      <trkpt lat="26.8918750" lon="75.8062183">
        <time>2022-03-12T16:11:22Z</time>
      </trkpt>
      <trkpt lat="26.8918533" lon="75.8061917">
        <time>2022-03-12T16:11:23Z</time>
      </trkpt>
      <trkpt lat="26.8918333" lon="75.8061683">
        <time>2022-03-12T16:11:24Z</time>
      </trkpt>
      <trkpt lat="26.8918100" lon="75.8061467">
        <time>2022-03-12T16:11:25Z</time>
      </trkpt>
      <trkpt lat="26.8917800" lon="75.8061267">
        <time>2022-03-12T16:11:26Z</time>
      </trkpt>
      <trkpt lat="26.8917417" lon="75.8060983">
        <time>2022-03-12T16:11:27Z</time>
      </trkpt>
      <trkpt lat="26.8916983" lon="75.8060650">
        <time>2022-03-12T16:11:28Z</time>
      </trkpt>
      <trkpt lat="26.8916367" lon="75.8060183">
        <time>2022-03-12T16:11:29Z</time>
      </trkpt>
      <trkpt lat="26.8915733" lon="75.8059633">
        <time>2022-03-12T16:11:30Z</time>
      </trkpt>
      <trkpt lat="26.8915133" lon="75.8059150">
        <time>2022-03-12T16:11:31Z</time>
      </trkpt>
      <trkpt lat="26.8914600" lon="75.8058717">
        <time>2022-03-12T16:11:32Z</time>
      </trkpt>
      <trkpt lat="26.8914083" lon="75.8058367">
        <time>2022-03-12T16:11:33Z</time>
      </trkpt>
      <trkpt lat="26.8913683" lon="75.8058067">
        <time>2022-03-12T16:11:34Z</time>
      </trkpt>
      <trkpt lat="26.8913267" lon="75.8057717">
        <time>2022-03-12T16:11:35Z</time>
      </trkpt>
      <trkpt lat="26.8912767" lon="75.8057350">
        <time>2022-03-12T16:11:36Z</time>
      </trkpt>
      <trkpt lat="26.8912250" lon="75.8056950">
        <time>2022-03-12T16:11:37Z</time>
      </trkpt>
      <trkpt lat="26.8911783" lon="75.8056467">
        <time>2022-03-12T16:11:38Z</time>
      </trkpt>
      <trkpt lat="26.8911300" lon="75.8056050">
        <time>2022-03-12T16:11:39Z</time>
      </trkpt>
      <trkpt lat="26.8910817" lon="75.8055633">
        <time>2022-03-12T16:11:40Z</time>
      </trkpt>
      <trkpt lat="26.8910333" lon="75.8055183">
        <time>2022-03-12T16:11:41Z</time>
      </trkpt>
      <trkpt lat="26.8909800" lon="75.8054700">
        <time>2022-03-12T16:11:42Z</time>
      </trkpt>
      <trkpt lat="26.8909283" lon="75.8054200">
        <time>2022-03-12T16:11:43Z</time>
      </trkpt>
      <trkpt lat="26.8908750" lon="75.8053750">
        <time>2022-03-12T16:11:44Z</time>
      </trkpt>
      <trkpt lat="26.8908233" lon="75.8053333">
        <time>2022-03-12T16:11:45Z</time>
      </trkpt>
      <trkpt lat="26.8907717" lon="75.8052933">
        <time>2022-03-12T16:11:46Z</time>
      </trkpt>
      <trkpt lat="26.8907150" lon="75.8052583">
        <time>2022-03-12T16:11:47Z</time>
      </trkpt>
      <trkpt lat="26.8906617" lon="75.8052183">
        <time>2022-03-12T16:11:48Z</time>
      </trkpt>
      <trkpt lat="26.8906017" lon="75.8051733">
        <time>2022-03-12T16:11:49Z</time>
      </trkpt>
      <trkpt lat="26.8905500" lon="75.8051167">
        <time>2022-03-12T16:11:50Z</time>
      </trkpt>
      <trkpt lat="26.8904933" lon="75.8050617">
        <time>2022-03-12T16:11:51Z</time>
      </trkpt>
      <trkpt lat="26.8904400" lon="75.8050067">
        <time>2022-03-12T16:11:52Z</time>
      </trkpt>
      <trkpt lat="26.8903933" lon="75.8049450">
        <time>2022-03-12T16:11:53Z</time>
      </trkpt>
      <trkpt lat="26.8903417" lon="75.8049000">
        <time>2022-03-12T16:11:54Z</time>
      </trkpt>
      <trkpt lat="26.8902983" lon="75.8048550">
        <time>2022-03-12T16:11:55Z</time>
      </trkpt>
      <trkpt lat="26.8902500" lon="75.8048083">
        <time>2022-03-12T16:11:56Z</time>
      </trkpt>
      <trkpt lat="26.8902000" lon="75.8047700">
        <time>2022-03-12T16:11:57Z</time>
      </trkpt>
      <trkpt lat="26.8901483" lon="75.8047333">
        <time>2022-03-12T16:11:58Z</time>
      </trkpt>
      <trkpt lat="26.8901033" lon="75.8046950">
        <time>2022-03-12T16:11:59Z</time>
      </trkpt>
      <trkpt lat="26.8900583" lon="75.8046633">
        <time>2022-03-12T16:12:00Z</time>
      </trkpt>
      <trkpt lat="26.8900233" lon="75.8046333">
        <time>2022-03-12T16:12:01Z</time>
      </trkpt>
      <trkpt lat="26.8899933" lon="75.8046000">
        <time>2022-03-12T16:12:02Z</time>
      </trkpt>
      <trkpt lat="26.8899617" lon="75.8045633">
        <time>2022-03-12T16:12:03Z</time>
      </trkpt>
      <trkpt lat="26.8899400" lon="75.8045317">
        <time>2022-03-12T16:12:04Z</time>
      </trkpt>
      <trkpt lat="26.8899167" lon="75.8045133">
        <time>2022-03-12T16:12:05Z</time>
      </trkpt>
      <trkpt lat="26.8899000" lon="75.8045033">
        <time>2022-03-12T16:12:06Z</time>
      </trkpt>
      <trkpt lat="26.8898783" lon="75.8044933">
        <time>2022-03-12T16:12:07Z</time>
      </trkpt>
      <trkpt lat="26.8898550" lon="75.8044783">
        <time>2022-03-12T16:12:08Z</time>
      </trkpt>
      <trkpt lat="26.8898250" lon="75.8044650">
        <time>2022-03-12T16:12:09Z</time>
      </trkpt>
      <trkpt lat="26.8897983" lon="75.8044517">
        <time>2022-03-12T16:12:10Z</time>
      </trkpt>
      <trkpt lat="26.8897783" lon="75.8044367">
        <time>2022-03-12T16:12:11Z</time>
      </trkpt>
      <trkpt lat="26.8897617" lon="75.8044267">
        <time>2022-03-12T16:12:12Z</time>
      </trkpt>
      <trkpt lat="26.8897450" lon="75.8044100">
        <time>2022-03-12T16:12:13Z</time>
      </trkpt>
      <trkpt lat="26.8897233" lon="75.8043933">
        <time>2022-03-12T16:12:14Z</time>
      </trkpt>
      <trkpt lat="26.8896967" lon="75.8043667">
        <time>2022-03-12T16:12:15Z</time>
      </trkpt>
      <trkpt lat="26.8896583" lon="75.8043267">
        <time>2022-03-12T16:12:16Z</time>
      </trkpt>
      <trkpt lat="26.8896100" lon="75.8042850">
        <time>2022-03-12T16:12:17Z</time>
      </trkpt>
      <trkpt lat="26.8895633" lon="75.8042450">
        <time>2022-03-12T16:12:18Z</time>
      </trkpt>
      <trkpt lat="26.8895200" lon="75.8041950">
        <time>2022-03-12T16:12:19Z</time>
      </trkpt>
      <trkpt lat="26.8894633" lon="75.8041433">
        <time>2022-03-12T16:12:20Z</time>
      </trkpt>
      <trkpt lat="26.8894000" lon="75.8040833">
        <time>2022-03-12T16:12:21Z</time>
      </trkpt>
      <trkpt lat="26.8893283" lon="75.8040267">
        <time>2022-03-12T16:12:22Z</time>
      </trkpt>
      <trkpt lat="26.8892533" lon="75.8039717">
        <time>2022-03-12T16:12:23Z</time>
      </trkpt>
      <trkpt lat="26.8891783" lon="75.8039150">
        <time>2022-03-12T16:12:24Z</time>
      </trkpt>
      <trkpt lat="26.8891083" lon="75.8038617">
        <time>2022-03-12T16:12:25Z</time>
      </trkpt>
      <trkpt lat="26.8890283" lon="75.8038000">
        <time>2022-03-12T16:12:26Z</time>
      </trkpt>
      <trkpt lat="26.8889533" lon="75.8037400">
        <time>2022-03-12T16:12:27Z</time>
      </trkpt>
      <trkpt lat="26.8888800" lon="75.8036867">
        <time>2022-03-12T16:12:28Z</time>
      </trkpt>
      <trkpt lat="26.8888083" lon="75.8036367">
        <time>2022-03-12T16:12:29Z</time>
      </trkpt>
      <trkpt lat="26.8887433" lon="75.8035833">
        <time>2022-03-12T16:12:30Z</time>
      </trkpt>
      <trkpt lat="26.8886767" lon="75.8035300">
        <time>2022-03-12T16:12:31Z</time>
      </trkpt>
      <trkpt lat="26.8886133" lon="75.8034883">
        <time>2022-03-12T16:12:32Z</time>
      </trkpt>
      <trkpt lat="26.8885500" lon="75.8034500">
        <time>2022-03-12T16:12:33Z</time>
      </trkpt>
      <trkpt lat="26.8884867" lon="75.8034033">
        <time>2022-03-12T16:12:34Z</time>
      </trkpt>
      <trkpt lat="26.8884083" lon="75.8033733">
        <time>2022-03-12T16:12:35Z</time>
      </trkpt>
      <trkpt lat="26.8883433" lon="75.8033250">
        <time>2022-03-12T16:12:36Z</time>
      </trkpt>
      <trkpt lat="26.8882783" lon="75.8032783">
        <time>2022-03-12T16:12:37Z</time>
      </trkpt>
      <trkpt lat="26.8882117" lon="75.8032400">
        <time>2022-03-12T16:12:38Z</time>
      </trkpt>
      <trkpt lat="26.8881400" lon="75.8032000">
        <time>2022-03-12T16:12:39Z</time>
      </trkpt>
      <trkpt lat="26.8880667" lon="75.8031750">
        <time>2022-03-12T16:12:40Z</time>
      </trkpt>
      <trkpt lat="26.8879833" lon="75.8031417">
        <time>2022-03-12T16:12:41Z</time>
      </trkpt>
      <trkpt lat="26.8879033" lon="75.8030900">
        <time>2022-03-12T16:12:42Z</time>
      </trkpt>
      <trkpt lat="26.8878250" lon="75.8030283">
        <time>2022-03-12T16:12:43Z</time>
      </trkpt>
      <trkpt lat="26.8877417" lon="75.8029767">
        <time>2022-03-12T16:12:44Z</time>
      </trkpt>
      <trkpt lat="26.8876483" lon="75.8029383">
        <time>2022-03-12T16:12:45Z</time>
      </trkpt>
      <trkpt lat="26.8875583" lon="75.8029017">
        <time>2022-03-12T16:12:46Z</time>
      </trkpt>
      <trkpt lat="26.8874717" lon="75.8028717">
        <time>2022-03-12T16:12:47Z</time>
      </trkpt>
      <trkpt lat="26.8873917" lon="75.8028467">
        <time>2022-03-12T16:12:48Z</time>
      </trkpt>
      <trkpt lat="26.8873233" lon="75.8028283">
        <time>2022-03-12T16:12:49Z</time>
      </trkpt>
      <trkpt lat="26.8872717" lon="75.8028067">
        <time>2022-03-12T16:12:50Z</time>
      </trkpt>
      <trkpt lat="26.8872250" lon="75.8027817">
        <time>2022-03-12T16:12:51Z</time>
      </trkpt>
      <trkpt lat="26.8871617" lon="75.8027500">
        <time>2022-03-12T16:12:52Z</time>
      </trkpt>
      <trkpt lat="26.8871017" lon="75.8027217">
        <time>2022-03-12T16:12:53Z</time>
      </trkpt>
      <trkpt lat="26.8870417" lon="75.8026883">
        <time>2022-03-12T16:12:54Z</time>
      </trkpt>
      <trkpt lat="26.8869900" lon="75.8026483">
        <time>2022-03-12T16:12:55Z</time>
      </trkpt>
      <trkpt lat="26.8869350" lon="75.8026250">
        <time>2022-03-12T16:12:56Z</time>
      </trkpt>
      <trkpt lat="26.8868950" lon="75.8026083">
        <time>2022-03-12T16:12:57Z</time>
      </trkpt>
      <trkpt lat="26.8868583" lon="75.8025967">
        <time>2022-03-12T16:12:58Z</time>
      </trkpt>
      <trkpt lat="26.8868200" lon="75.8025800">
        <time>2022-03-12T16:12:59Z</time>
      </trkpt>
      <trkpt lat="26.8867850" lon="75.8025750">
        <time>2022-03-12T16:13:00Z</time>
      </trkpt>
      <trkpt lat="26.8867567" lon="75.8025667">
        <time>2022-03-12T16:13:01Z</time>
      </trkpt>
      <trkpt lat="26.8867250" lon="75.8025517">
        <time>2022-03-12T16:13:02Z</time>
      </trkpt>
      <trkpt lat="26.8866900" lon="75.8025383">
        <time>2022-03-12T16:13:03Z</time>
      </trkpt>
      <trkpt lat="26.8866600" lon="75.8025300">
        <time>2022-03-12T16:13:04Z</time>
      </trkpt>
      <trkpt lat="26.8866350" lon="75.8025233">
        <time>2022-03-12T16:13:05Z</time>
      </trkpt>
      <trkpt lat="26.8866133" lon="75.8025183">
        <time>2022-03-12T16:13:06Z</time>
      </trkpt>
      <trkpt lat="26.8866000" lon="75.8025133">
        <time>2022-03-12T16:13:07Z</time>
      </trkpt>
      <trkpt lat="26.8865917" lon="75.8025083">
        <time>2022-03-12T16:13:08Z</time>
      </trkpt>
      <trkpt lat="26.8865833" lon="75.8024983">
        <time>2022-03-12T16:13:09Z</time>
      </trkpt>
      <trkpt lat="26.8865767" lon="75.8024900">
        <time>2022-03-12T16:13:10Z</time>
      </trkpt>
      <trkpt lat="26.8865683" lon="75.8024817">
        <time>2022-03-12T16:13:11Z</time>
      </trkpt>
      <trkpt lat="26.8865567" lon="75.8024667">
        <time>2022-03-12T16:13:12Z</time>
      </trkpt>
      <trkpt lat="26.8865383" lon="75.8024483">
        <time>2022-03-12T16:13:13Z</time>
      </trkpt>
      <trkpt lat="26.8865050" lon="75.8024317">
        <time>2022-03-12T16:13:14Z</time>
      </trkpt>
      <trkpt lat="26.8864467" lon="75.8024033">
        <time>2022-03-12T16:13:15Z</time>
      </trkpt>
      <trkpt lat="26.8863733" lon="75.8023683">
        <time>2022-03-12T16:13:16Z</time>
      </trkpt>
      <trkpt lat="26.8862983" lon="75.8023333">
        <time>2022-03-12T16:13:17Z</time>
      </trkpt>
      <trkpt lat="26.8862250" lon="75.8022983">
        <time>2022-03-12T16:13:18Z</time>
      </trkpt>
      <trkpt lat="26.8861450" lon="75.8022650">
        <time>2022-03-12T16:13:19Z</time>
      </trkpt>
      <trkpt lat="26.8860600" lon="75.8022300">
        <time>2022-03-12T16:13:20Z</time>
      </trkpt>
      <trkpt lat="26.8859650" lon="75.8021983">
        <time>2022-03-12T16:13:21Z</time>
      </trkpt>
      <trkpt lat="26.8858667" lon="75.8021533">
        <time>2022-03-12T16:13:22Z</time>
      </trkpt>
      <trkpt lat="26.8857717" lon="75.8021100">
        <time>2022-03-12T16:13:23Z</time>
      </trkpt>
      <trkpt lat="26.8856750" lon="75.8020633">
        <time>2022-03-12T16:13:24Z</time>
      </trkpt>
      <trkpt lat="26.8855800" lon="75.8020183">
        <time>2022-03-12T16:13:25Z</time>
      </trkpt>
      <trkpt lat="26.8854833" lon="75.8019767">
        <time>2022-03-12T16:13:26Z</time>
      </trkpt>
      <trkpt lat="26.8853917" lon="75.8019300">
        <time>2022-03-12T16:13:27Z</time>
      </trkpt>
      <trkpt lat="26.8853033" lon="75.8018883">
        <time>2022-03-12T16:13:28Z</time>
      </trkpt>
      <trkpt lat="26.8852133" lon="75.8018483">
        <time>2022-03-12T16:13:29Z</time>
      </trkpt>
      <trkpt lat="26.8851300" lon="75.8018017">
        <time>2022-03-12T16:13:30Z</time>
      </trkpt>
      <trkpt lat="26.8850500" lon="75.8017567">
        <time>2022-03-12T16:13:31Z</time>
      </trkpt>
      <trkpt lat="26.8849733" lon="75.8017100">
        <time>2022-03-12T16:13:32Z</time>
      </trkpt>
      <trkpt lat="26.8848900" lon="75.8016717">
        <time>2022-03-12T16:13:33Z</time>
      </trkpt>
      <trkpt lat="26.8848033" lon="75.8016267">
        <time>2022-03-12T16:13:34Z</time>
      </trkpt>
      <trkpt lat="26.8847150" lon="75.8015867">
        <time>2022-03-12T16:13:35Z</time>
      </trkpt>
      <trkpt lat="26.8846333" lon="75.8015517">
        <time>2022-03-12T16:13:36Z</time>
      </trkpt>
      <trkpt lat="26.8845533" lon="75.8015133">
        <time>2022-03-12T16:13:37Z</time>
      </trkpt>
      <trkpt lat="26.8844733" lon="75.8014767">
        <time>2022-03-12T16:13:38Z</time>
      </trkpt>
      <trkpt lat="26.8843983" lon="75.8014317">
        <time>2022-03-12T16:13:39Z</time>
      </trkpt>
      <trkpt lat="26.8843150" lon="75.8013933">
        <time>2022-03-12T16:13:40Z</time>
      </trkpt>
      <trkpt lat="26.8842283" lon="75.8013500">
        <time>2022-03-12T16:13:41Z</time>
      </trkpt>
      <trkpt lat="26.8841450" lon="75.8013050">
        <time>2022-03-12T16:13:42Z</time>
      </trkpt>
      <trkpt lat="26.8840567" lon="75.8012517">
        <time>2022-03-12T16:13:43Z</time>
      </trkpt>
      <trkpt lat="26.8839733" lon="75.8011983">
        <time>2022-03-12T16:13:44Z</time>
      </trkpt>
      <trkpt lat="26.8838883" lon="75.8011483">
        <time>2022-03-12T16:13:45Z</time>
      </trkpt>
      <trkpt lat="26.8838017" lon="75.8011000">
        <time>2022-03-12T16:13:46Z</time>
      </trkpt>
      <trkpt lat="26.8837183" lon="75.8010517">
        <time>2022-03-12T16:13:47Z</time>
      </trkpt>
      <trkpt lat="26.8836367" lon="75.8010050">
        <time>2022-03-12T16:13:48Z</time>
      </trkpt>
      <trkpt lat="26.8835500" lon="75.8009550">
        <time>2022-03-12T16:13:49Z</time>
      </trkpt>
      <trkpt lat="26.8834633" lon="75.8009100">
        <time>2022-03-12T16:13:50Z</time>
      </trkpt>
      <trkpt lat="26.8833800" lon="75.8008617">
        <time>2022-03-12T16:13:51Z</time>
      </trkpt>
      <trkpt lat="26.8832983" lon="75.8008167">
        <time>2022-03-12T16:13:52Z</time>
      </trkpt>
      <trkpt lat="26.8832183" lon="75.8007733">
        <time>2022-03-12T16:13:53Z</time>
      </trkpt>
      <trkpt lat="26.8831283" lon="75.8007233">
        <time>2022-03-12T16:13:54Z</time>
      </trkpt>
      <trkpt lat="26.8830400" lon="75.8006783">
        <time>2022-03-12T16:13:55Z</time>
      </trkpt>
      <trkpt lat="26.8829517" lon="75.8006283">
        <time>2022-03-12T16:13:56Z</time>
      </trkpt>
      <trkpt lat="26.8828600" lon="75.8005933">
        <time>2022-03-12T16:13:57Z</time>
      </trkpt>
      <trkpt lat="26.8827667" lon="75.8005550">
        <time>2022-03-12T16:13:58Z</time>
      </trkpt>
      <trkpt lat="26.8826733" lon="75.8005100">
        <time>2022-03-12T16:13:59Z</time>
      </trkpt>
      <trkpt lat="26.8825800" lon="75.8004583">
        <time>2022-03-12T16:14:00Z</time>
      </trkpt>
      <trkpt lat="26.8824850" lon="75.8004100">
        <time>2022-03-12T16:14:01Z</time>
      </trkpt>
      <trkpt lat="26.8823883" lon="75.8003667">
        <time>2022-03-12T16:14:02Z</time>
      </trkpt>
      <trkpt lat="26.8822867" lon="75.8003183">
        <time>2022-03-12T16:14:03Z</time>
      </trkpt>
      <trkpt lat="26.8821950" lon="75.8002600">
        <time>2022-03-12T16:14:04Z</time>
      </trkpt>
      <trkpt lat="26.8821033" lon="75.8002067">
        <time>2022-03-12T16:14:05Z</time>
      </trkpt>
      <trkpt lat="26.8820133" lon="75.8001550">
        <time>2022-03-12T16:14:06Z</time>
      </trkpt>
      <trkpt lat="26.8819200" lon="75.8001183">
        <time>2022-03-12T16:14:07Z</time>
      </trkpt>
      <trkpt lat="26.8818283" lon="75.8000767">
        <time>2022-03-12T16:14:08Z</time>
      </trkpt>
      <trkpt lat="26.8817400" lon="75.8000400">
        <time>2022-03-12T16:14:09Z</time>
      </trkpt>
      <trkpt lat="26.8816433" lon="75.8000033">
        <time>2022-03-12T16:14:10Z</time>
      </trkpt>
      <trkpt lat="26.8815533" lon="75.7999633">
        <time>2022-03-12T16:14:11Z</time>
      </trkpt>
      <trkpt lat="26.8814567" lon="75.7999250">
        <time>2022-03-12T16:14:12Z</time>
      </trkpt>
      <trkpt lat="26.8813517" lon="75.7998917">
        <time>2022-03-12T16:14:13Z</time>
      </trkpt>
      <trkpt lat="26.8812517" lon="75.7998667">
        <time>2022-03-12T16:14:14Z</time>
      </trkpt>
      <trkpt lat="26.8811633" lon="75.7998283">
        <time>2022-03-12T16:14:15Z</time>
      </trkpt>
      <trkpt lat="26.8810783" lon="75.7997933">
        <time>2022-03-12T16:14:16Z</time>
      </trkpt>
      <trkpt lat="26.8810100" lon="75.7997617">
        <time>2022-03-12T16:14:17Z</time>
      </trkpt>
      <trkpt lat="26.8809450" lon="75.7997283">
        <time>2022-03-12T16:14:18Z</time>
      </trkpt>
      <trkpt lat="26.8808800" lon="75.7997000">
        <time>2022-03-12T16:14:19Z</time>
      </trkpt>
      <trkpt lat="26.8808133" lon="75.7996667">
        <time>2022-03-12T16:14:20Z</time>
      </trkpt>
      <trkpt lat="26.8807467" lon="75.7996317">
        <time>2022-03-12T16:14:21Z</time>
      </trkpt>
      <trkpt lat="26.8806833" lon="75.7995933">
        <time>2022-03-12T16:14:22Z</time>
      </trkpt>
      <trkpt lat="26.8806133" lon="75.7995517">
        <time>2022-03-12T16:14:23Z</time>
      </trkpt>
      <trkpt lat="26.8805267" lon="75.7995200">
        <time>2022-03-12T16:14:24Z</time>
      </trkpt>
      <trkpt lat="26.8804483" lon="75.7994833">
        <time>2022-03-12T16:14:25Z</time>
      </trkpt>
      <trkpt lat="26.8803683" lon="75.7994600">
        <time>2022-03-12T16:14:26Z</time>
      </trkpt>
      <trkpt lat="26.8802833" lon="75.7994300">
        <time>2022-03-12T16:14:27Z</time>
      </trkpt>
      <trkpt lat="26.8802000" lon="75.7993883">
        <time>2022-03-12T16:14:28Z</time>
      </trkpt>
      <trkpt lat="26.8801150" lon="75.7993500">
        <time>2022-03-12T16:14:29Z</time>
      </trkpt>
      <trkpt lat="26.8800317" lon="75.7993033">
        <time>2022-03-12T16:14:30Z</time>
      </trkpt>
      <trkpt lat="26.8799450" lon="75.7992683">
        <time>2022-03-12T16:14:31Z</time>
      </trkpt>
      <trkpt lat="26.8798567" lon="75.7992350">
        <time>2022-03-12T16:14:32Z</time>
      </trkpt>
      <trkpt lat="26.8797700" lon="75.7992050">
        <time>2022-03-12T16:14:33Z</time>
      </trkpt>
      <trkpt lat="26.8796867" lon="75.7991617">
        <time>2022-03-12T16:14:34Z</time>
      </trkpt>
      <trkpt lat="26.8795967" lon="75.7991200">
        <time>2022-03-12T16:14:35Z</time>
      </trkpt>
      <trkpt lat="26.8795100" lon="75.7990817">
        <time>2022-03-12T16:14:36Z</time>
      </trkpt>
      <trkpt lat="26.8794117" lon="75.7990433">
        <time>2022-03-12T16:14:37Z</time>
      </trkpt>
      <trkpt lat="26.8793133" lon="75.7990150">
        <time>2022-03-12T16:14:38Z</time>
      </trkpt>
      <trkpt lat="26.8792150" lon="75.7989817">
        <time>2022-03-12T16:14:39Z</time>
      </trkpt>
      <trkpt lat="26.8791150" lon="75.7989467">
        <time>2022-03-12T16:14:40Z</time>
      </trkpt>
      <trkpt lat="26.8790150" lon="75.7989067">
        <time>2022-03-12T16:14:41Z</time>
      </trkpt>
      <trkpt lat="26.8789100" lon="75.7988717">
        <time>2022-03-12T16:14:42Z</time>
      </trkpt>
      <trkpt lat="26.8788033" lon="75.7988367">
        <time>2022-03-12T16:14:43Z</time>
      </trkpt>
      <trkpt lat="26.8787017" lon="75.7987933">
        <time>2022-03-12T16:14:44Z</time>
      </trkpt>
      <trkpt lat="26.8786000" lon="75.7987533">
        <time>2022-03-12T16:14:45Z</time>
      </trkpt>
      <trkpt lat="26.8785017" lon="75.7987233">
        <time>2022-03-12T16:14:46Z</time>
      </trkpt>
      <trkpt lat="26.8784167" lon="75.7987017">
        <time>2022-03-12T16:14:47Z</time>
      </trkpt>
      <trkpt lat="26.8783367" lon="75.7986717">
        <time>2022-03-12T16:14:48Z</time>
      </trkpt>
      <trkpt lat="26.8782450" lon="75.7986517">
        <time>2022-03-12T16:14:49Z</time>
      </trkpt>
      <trkpt lat="26.8781633" lon="75.7986283">
        <time>2022-03-12T16:14:50Z</time>
      </trkpt>
      <trkpt lat="26.8780850" lon="75.7986100">
        <time>2022-03-12T16:14:51Z</time>
      </trkpt>
      <trkpt lat="26.8780067" lon="75.7985817">
        <time>2022-03-12T16:14:52Z</time>
      </trkpt>
      <trkpt lat="26.8779350" lon="75.7985550">
        <time>2022-03-12T16:14:53Z</time>
      </trkpt>
      <trkpt lat="26.8778667" lon="75.7985317">
        <time>2022-03-12T16:14:54Z</time>
      </trkpt>
      <trkpt lat="26.8777917" lon="75.7985050">
        <time>2022-03-12T16:14:55Z</time>
      </trkpt>
      <trkpt lat="26.8777183" lon="75.7984767">
        <time>2022-03-12T16:14:56Z</time>
      </trkpt>
      <trkpt lat="26.8776483" lon="75.7984467">
        <time>2022-03-12T16:14:57Z</time>
      </trkpt>
      <trkpt lat="26.8775750" lon="75.7984167">
        <time>2022-03-12T16:14:58Z</time>
      </trkpt>
      <trkpt lat="26.8775050" lon="75.7983883">
        <time>2022-03-12T16:14:59Z</time>
      </trkpt>
      <trkpt lat="26.8774333" lon="75.7983617">
        <time>2022-03-12T16:15:00Z</time>
      </trkpt>
      <trkpt lat="26.8773633" lon="75.7983367">
        <time>2022-03-12T16:15:01Z</time>
      </trkpt>
      <trkpt lat="26.8772867" lon="75.7983150">
        <time>2022-03-12T16:15:02Z</time>
      </trkpt>
      <trkpt lat="26.8772117" lon="75.7982883">
        <time>2022-03-12T16:15:03Z</time>
      </trkpt>
      <trkpt lat="26.8771417" lon="75.7982617">
        <time>2022-03-12T16:15:04Z</time>
      </trkpt>
      <trkpt lat="26.8770700" lon="75.7982383">
        <time>2022-03-12T16:15:05Z</time>
      </trkpt>
      <trkpt lat="26.8769983" lon="75.7982217">
        <time>2022-03-12T16:15:06Z</time>
      </trkpt>
      <trkpt lat="26.8769217" lon="75.7982050">
        <time>2022-03-12T16:15:07Z</time>
      </trkpt>
      <trkpt lat="26.8768483" lon="75.7981833">
        <time>2022-03-12T16:15:08Z</time>
      </trkpt>
      <trkpt lat="26.8767767" lon="75.7981550">
        <time>2022-03-12T16:15:09Z</time>
      </trkpt>
      <trkpt lat="26.8767017" lon="75.7981233">
        <time>2022-03-12T16:15:10Z</time>
      </trkpt>
      <trkpt lat="26.8766200" lon="75.7980967">
        <time>2022-03-12T16:15:11Z</time>
      </trkpt>
      <trkpt lat="26.8765367" lon="75.7980717">
        <time>2022-03-12T16:15:12Z</time>
      </trkpt>
      <trkpt lat="26.8764583" lon="75.7980483">
        <time>2022-03-12T16:15:13Z</time>
      </trkpt>
      <trkpt lat="26.8763800" lon="75.7980250">
        <time>2022-03-12T16:15:14Z</time>
      </trkpt>
      <trkpt lat="26.8763067" lon="75.7979983">
        <time>2022-03-12T16:15:15Z</time>
      </trkpt>
      <trkpt lat="26.8762350" lon="75.7979717">
        <time>2022-03-12T16:15:16Z</time>
      </trkpt>
      <trkpt lat="26.8761667" lon="75.7979450">
        <time>2022-03-12T16:15:17Z</time>
      </trkpt>
      <trkpt lat="26.8760950" lon="75.7979217">
        <time>2022-03-12T16:15:18Z</time>
      </trkpt>
      <trkpt lat="26.8760167" lon="75.7978950">
        <time>2022-03-12T16:15:19Z</time>
      </trkpt>
      <trkpt lat="26.8759383" lon="75.7978700">
        <time>2022-03-12T16:15:20Z</time>
      </trkpt>
      <trkpt lat="26.8758617" lon="75.7978450">
        <time>2022-03-12T16:15:21Z</time>
      </trkpt>
      <trkpt lat="26.8757833" lon="75.7978267">
        <time>2022-03-12T16:15:22Z</time>
      </trkpt>
      <trkpt lat="26.8757017" lon="75.7978117">
        <time>2022-03-12T16:15:23Z</time>
      </trkpt>
      <trkpt lat="26.8756183" lon="75.7978000">
        <time>2022-03-12T16:15:24Z</time>
      </trkpt>
      <trkpt lat="26.8755350" lon="75.7977883">
        <time>2022-03-12T16:15:25Z</time>
      </trkpt>
      <trkpt lat="26.8754533" lon="75.7977767">
        <time>2022-03-12T16:15:26Z</time>
      </trkpt>
      <trkpt lat="26.8753750" lon="75.7977633">
        <time>2022-03-12T16:15:27Z</time>
      </trkpt>
      <trkpt lat="26.8753017" lon="75.7977500">
        <time>2022-03-12T16:15:28Z</time>
      </trkpt>
      <trkpt lat="26.8752250" lon="75.7977350">
        <time>2022-03-12T16:15:29Z</time>
      </trkpt>
      <trkpt lat="26.8751483" lon="75.7977217">
        <time>2022-03-12T16:15:30Z</time>
      </trkpt>
      <trkpt lat="26.8750700" lon="75.7977133">
        <time>2022-03-12T16:15:31Z</time>
      </trkpt>
      <trkpt lat="26.8749967" lon="75.7977033">
        <time>2022-03-12T16:15:32Z</time>
      </trkpt>
      <trkpt lat="26.8749317" lon="75.7976917">
        <time>2022-03-12T16:15:33Z</time>
      </trkpt>
      <trkpt lat="26.8748683" lon="75.7976900">
        <time>2022-03-12T16:15:34Z</time>
      </trkpt>
      <trkpt lat="26.8747933" lon="75.7976917">
        <time>2022-03-12T16:15:35Z</time>
      </trkpt>
      <trkpt lat="26.8747133" lon="75.7976900">
        <time>2022-03-12T16:15:36Z</time>
      </trkpt>
      <trkpt lat="26.8746400" lon="75.7976783">
        <time>2022-03-12T16:15:37Z</time>
      </trkpt>
      <trkpt lat="26.8745800" lon="75.7976733">
        <time>2022-03-12T16:15:38Z</time>
      </trkpt>
      <trkpt lat="26.8745283" lon="75.7976717">
        <time>2022-03-12T16:15:39Z</time>
      </trkpt>
      <trkpt lat="26.8744933" lon="75.7976767">
        <time>2022-03-12T16:15:40Z</time>
      </trkpt>
      <trkpt lat="26.8744600" lon="75.7976667">
        <time>2022-03-12T16:15:41Z</time>
      </trkpt>
      <trkpt lat="26.8744417" lon="75.7976483">
        <time>2022-03-12T16:15:42Z</time>
      </trkpt>
      <trkpt lat="26.8744067" lon="75.7976350">
        <time>2022-03-12T16:15:43Z</time>
      </trkpt>
      <trkpt lat="26.8743667" lon="75.7976267">
        <time>2022-03-12T16:15:44Z</time>
      </trkpt>
      <trkpt lat="26.8743150" lon="75.7976217">
        <time>2022-03-12T16:15:45Z</time>
      </trkpt>
      <trkpt lat="26.8742517" lon="75.7976150">
        <time>2022-03-12T16:15:46Z</time>
      </trkpt>
      <trkpt lat="26.8741867" lon="75.7976100">
        <time>2022-03-12T16:15:47Z</time>
      </trkpt>
      <trkpt lat="26.8741283" lon="75.7976000">
        <time>2022-03-12T16:15:48Z</time>
      </trkpt>
      <trkpt lat="26.8740717" lon="75.7975950">
        <time>2022-03-12T16:15:49Z</time>
      </trkpt>
      <trkpt lat="26.8740117" lon="75.7975867">
        <time>2022-03-12T16:15:50Z</time>
      </trkpt>
      <trkpt lat="26.8739533" lon="75.7975783">
        <time>2022-03-12T16:15:51Z</time>
      </trkpt>
      <trkpt lat="26.8738933" lon="75.7975717">
        <time>2022-03-12T16:15:52Z</time>
      </trkpt>
      <trkpt lat="26.8738267" lon="75.7975667">
        <time>2022-03-12T16:15:53Z</time>
      </trkpt>
      <trkpt lat="26.8737583" lon="75.7975500">
        <time>2022-03-12T16:15:54Z</time>
      </trkpt>
      <trkpt lat="26.8736917" lon="75.7975367">
        <time>2022-03-12T16:15:55Z</time>
      </trkpt>
      <trkpt lat="26.8736283" lon="75.7975283">
        <time>2022-03-12T16:15:56Z</time>
      </trkpt>
      <trkpt lat="26.8735517" lon="75.7975183">
        <time>2022-03-12T16:15:57Z</time>
      </trkpt>
      <trkpt lat="26.8734750" lon="75.7975167">
        <time>2022-03-12T16:15:58Z</time>
      </trkpt>
      <trkpt lat="26.8733867" lon="75.7975183">
        <time>2022-03-12T16:15:59Z</time>
      </trkpt>
      <trkpt lat="26.8732917" lon="75.7975117">
        <time>2022-03-12T16:16:00Z</time>
      </trkpt>
      <trkpt lat="26.8731967" lon="75.7975000">
        <time>2022-03-12T16:16:01Z</time>
      </trkpt>
      <trkpt lat="26.8731033" lon="75.7974867">
        <time>2022-03-12T16:16:02Z</time>
      </trkpt>
      <trkpt lat="26.8730233" lon="75.7974783">
        <time>2022-03-12T16:16:03Z</time>
      </trkpt>
      <trkpt lat="26.8729483" lon="75.7974667">
        <time>2022-03-12T16:16:04Z</time>
      </trkpt>
      <trkpt lat="26.8728833" lon="75.7974567">
        <time>2022-03-12T16:16:05Z</time>
      </trkpt>
      <trkpt lat="26.8728250" lon="75.7974550">
        <time>2022-03-12T16:16:06Z</time>
      </trkpt>
      <trkpt lat="26.8727783" lon="75.7974567">
        <time>2022-03-12T16:16:07Z</time>
      </trkpt>
      <trkpt lat="26.8727400" lon="75.7974550">
        <time>2022-03-12T16:16:08Z</time>
      </trkpt>
      <trkpt lat="26.8727133" lon="75.7974567">
        <time>2022-03-12T16:16:09Z</time>
      </trkpt>
      <trkpt lat="26.8726800" lon="75.7974583">
        <time>2022-03-12T16:16:10Z</time>
      </trkpt>
      <trkpt lat="26.8726533" lon="75.7974567">
        <time>2022-03-12T16:16:11Z</time>
      </trkpt>
      <trkpt lat="26.8726283" lon="75.7974517">
        <time>2022-03-12T16:16:12Z</time>
      </trkpt>
      <trkpt lat="26.8726033" lon="75.7974433">
        <time>2022-03-12T16:16:13Z</time>
      </trkpt>
      <trkpt lat="26.8725800" lon="75.7974400">
        <time>2022-03-12T16:16:14Z</time>
      </trkpt>
      <trkpt lat="26.8725483" lon="75.7974367">
        <time>2022-03-12T16:16:15Z</time>
      </trkpt>
      <trkpt lat="26.8725133" lon="75.7974350">
        <time>2022-03-12T16:16:16Z</time>
      </trkpt>
      <trkpt lat="26.8724750" lon="75.7974283">
        <time>2022-03-12T16:16:17Z</time>
      </trkpt>
      <trkpt lat="26.8724300" lon="75.7974217">
        <time>2022-03-12T16:16:18Z</time>
      </trkpt>
      <trkpt lat="26.8723850" lon="75.7974133">
        <time>2022-03-12T16:16:19Z</time>
      </trkpt>
      <trkpt lat="26.8723400" lon="75.7974033">
        <time>2022-03-12T16:16:20Z</time>
      </trkpt>
      <trkpt lat="26.8722917" lon="75.7974017">
        <time>2022-03-12T16:16:21Z</time>
      </trkpt>
      <trkpt lat="26.8722350" lon="75.7973917">
        <time>2022-03-12T16:16:22Z</time>
      </trkpt>
      <trkpt lat="26.8721733" lon="75.7973800">
        <time>2022-03-12T16:16:23Z</time>
      </trkpt>
      <trkpt lat="26.8721133" lon="75.7973750">
        <time>2022-03-12T16:16:24Z</time>
      </trkpt>
      <trkpt lat="26.8720617" lon="75.7973700">
        <time>2022-03-12T16:16:25Z</time>
      </trkpt>
      <trkpt lat="26.8720233" lon="75.7973617">
        <time>2022-03-12T16:16:26Z</time>
      </trkpt>
      <trkpt lat="26.8719867" lon="75.7973600">
        <time>2022-03-12T16:16:27Z</time>
      </trkpt>
      <trkpt lat="26.8719583" lon="75.7973533">
        <time>2022-03-12T16:16:28Z</time>
      </trkpt>
      <trkpt lat="26.8719300" lon="75.7973400">
        <time>2022-03-12T16:16:29Z</time>
      </trkpt>
      <trkpt lat="26.8718867" lon="75.7973300">
        <time>2022-03-12T16:16:30Z</time>
      </trkpt>
      <trkpt lat="26.8718350" lon="75.7973200">
        <time>2022-03-12T16:16:31Z</time>
      </trkpt>
      <trkpt lat="26.8717717" lon="75.7973167">
        <time>2022-03-12T16:16:32Z</time>
      </trkpt>
      <trkpt lat="26.8717033" lon="75.7973167">
        <time>2022-03-12T16:16:33Z</time>
      </trkpt>
      <trkpt lat="26.8716367" lon="75.7973100">
        <time>2022-03-12T16:16:34Z</time>
      </trkpt>
      <trkpt lat="26.8715750" lon="75.7973050">
        <time>2022-03-12T16:16:35Z</time>
      </trkpt>
      <trkpt lat="26.8715217" lon="75.7973050">
        <time>2022-03-12T16:16:36Z</time>
      </trkpt>
      <trkpt lat="26.8714767" lon="75.7972983">
        <time>2022-03-12T16:16:37Z</time>
      </trkpt>
      <trkpt lat="26.8714250" lon="75.7972967">
        <time>2022-03-12T16:16:38Z</time>
      </trkpt>
      <trkpt lat="26.8713717" lon="75.7972967">
        <time>2022-03-12T16:16:39Z</time>
      </trkpt>
      <trkpt lat="26.8713167" lon="75.7972917">
        <time>2022-03-12T16:16:40Z</time>
      </trkpt>
      <trkpt lat="26.8712617" lon="75.7972833">
        <time>2022-03-12T16:16:41Z</time>
      </trkpt>
      <trkpt lat="26.8712033" lon="75.7972800">
        <time>2022-03-12T16:16:42Z</time>
      </trkpt>
      <trkpt lat="26.8711383" lon="75.7972750">
        <time>2022-03-12T16:16:43Z</time>
      </trkpt>
      <trkpt lat="26.8710750" lon="75.7972733">
        <time>2022-03-12T16:16:44Z</time>
      </trkpt>
      <trkpt lat="26.8710050" lon="75.7972750">
        <time>2022-03-12T16:16:45Z</time>
      </trkpt>
      <trkpt lat="26.8709300" lon="75.7972633">
        <time>2022-03-12T16:16:46Z</time>
      </trkpt>
      <trkpt lat="26.8708550" lon="75.7972483">
        <time>2022-03-12T16:16:47Z</time>
      </trkpt>
      <trkpt lat="26.8707717" lon="75.7972300">
        <time>2022-03-12T16:16:48Z</time>
      </trkpt>
      <trkpt lat="26.8706800" lon="75.7972183">
        <time>2022-03-12T16:16:49Z</time>
      </trkpt>
      <trkpt lat="26.8705850" lon="75.7972117">
        <time>2022-03-12T16:16:50Z</time>
      </trkpt>
      <trkpt lat="26.8705000" lon="75.7972050">
        <time>2022-03-12T16:16:51Z</time>
      </trkpt>
      <trkpt lat="26.8704100" lon="75.7971883">
        <time>2022-03-12T16:16:52Z</time>
      </trkpt>
      <trkpt lat="26.8703217" lon="75.7971717">
        <time>2022-03-12T16:16:53Z</time>
      </trkpt>
      <trkpt lat="26.8702383" lon="75.7971567">
        <time>2022-03-12T16:16:54Z</time>
      </trkpt>
      <trkpt lat="26.8701517" lon="75.7971417">
        <time>2022-03-12T16:16:55Z</time>
      </trkpt>
      <trkpt lat="26.8700683" lon="75.7971300">
        <time>2022-03-12T16:16:56Z</time>
      </trkpt>
      <trkpt lat="26.8699867" lon="75.7971250">
        <time>2022-03-12T16:16:57Z</time>
      </trkpt>
      <trkpt lat="26.8699050" lon="75.7971150">
        <time>2022-03-12T16:16:58Z</time>
      </trkpt>
      <trkpt lat="26.8698300" lon="75.7971017">
        <time>2022-03-12T16:16:59Z</time>
      </trkpt>
      <trkpt lat="26.8697583" lon="75.7970867">
        <time>2022-03-12T16:17:00Z</time>
      </trkpt>
      <trkpt lat="26.8696867" lon="75.7970783">
        <time>2022-03-12T16:17:01Z</time>
      </trkpt>
      <trkpt lat="26.8696083" lon="75.7970700">
        <time>2022-03-12T16:17:02Z</time>
      </trkpt>
      <trkpt lat="26.8695300" lon="75.7970600">
        <time>2022-03-12T16:17:03Z</time>
      </trkpt>
      <trkpt lat="26.8694600" lon="75.7970500">
        <time>2022-03-12T16:17:04Z</time>
      </trkpt>
      <trkpt lat="26.8693883" lon="75.7970333">
        <time>2022-03-12T16:17:05Z</time>
      </trkpt>
      <trkpt lat="26.8693150" lon="75.7970250">
        <time>2022-03-12T16:17:06Z</time>
      </trkpt>
      <trkpt lat="26.8692433" lon="75.7970150">
        <time>2022-03-12T16:17:07Z</time>
      </trkpt>
      <trkpt lat="26.8691683" lon="75.7970083">
        <time>2022-03-12T16:17:08Z</time>
      </trkpt>
      <trkpt lat="26.8690967" lon="75.7970000">
        <time>2022-03-12T16:17:09Z</time>
      </trkpt>
      <trkpt lat="26.8690233" lon="75.7970000">
        <time>2022-03-12T16:17:10Z</time>
      </trkpt>
      <trkpt lat="26.8689500" lon="75.7969950">
        <time>2022-03-12T16:17:11Z</time>
      </trkpt>
      <trkpt lat="26.8688817" lon="75.7969917">
        <time>2022-03-12T16:17:12Z</time>
      </trkpt>
      <trkpt lat="26.8688233" lon="75.7969833">
        <time>2022-03-12T16:17:13Z</time>
      </trkpt>
      <trkpt lat="26.8687683" lon="75.7969783">
        <time>2022-03-12T16:17:14Z</time>
      </trkpt>
      <trkpt lat="26.8687183" lon="75.7969667">
        <time>2022-03-12T16:17:15Z</time>
      </trkpt>
      <trkpt lat="26.8686667" lon="75.7969567">
        <time>2022-03-12T16:17:16Z</time>
      </trkpt>
      <trkpt lat="26.8686200" lon="75.7969417">
        <time>2022-03-12T16:17:17Z</time>
      </trkpt>
      <trkpt lat="26.8685683" lon="75.7969233">
        <time>2022-03-12T16:17:18Z</time>
      </trkpt>
      <trkpt lat="26.8685133" lon="75.7969167">
        <time>2022-03-12T16:17:19Z</time>
      </trkpt>
      <trkpt lat="26.8684567" lon="75.7969017">
        <time>2022-03-12T16:17:20Z</time>
      </trkpt>
      <trkpt lat="26.8683917" lon="75.7968967">
        <time>2022-03-12T16:17:21Z</time>
      </trkpt>
      <trkpt lat="26.8683233" lon="75.7968867">
        <time>2022-03-12T16:17:22Z</time>
      </trkpt>
      <trkpt lat="26.8682483" lon="75.7968817">
        <time>2022-03-12T16:17:23Z</time>
      </trkpt>
      <trkpt lat="26.8681717" lon="75.7968667">
        <time>2022-03-12T16:17:24Z</time>
      </trkpt>
      <trkpt lat="26.8681050" lon="75.7968733">
        <time>2022-03-12T16:17:25Z</time>
      </trkpt>
      <trkpt lat="26.8680417" lon="75.7968733">
        <time>2022-03-12T16:17:26Z</time>
      </trkpt>
      <trkpt lat="26.8679850" lon="75.7968633">
        <time>2022-03-12T16:17:27Z</time>
      </trkpt>
      <trkpt lat="26.8679250" lon="75.7968717">
        <time>2022-03-12T16:17:28Z</time>
      </trkpt>
      <trkpt lat="26.8678700" lon="75.7968667">
        <time>2022-03-12T16:17:29Z</time>
      </trkpt>
      <trkpt lat="26.8678133" lon="75.7968550">
        <time>2022-03-12T16:17:30Z</time>
      </trkpt>
      <trkpt lat="26.8677550" lon="75.7968467">
        <time>2022-03-12T16:17:31Z</time>
      </trkpt>
      <trkpt lat="26.8676933" lon="75.7968350">
        <time>2022-03-12T16:17:32Z</time>
      </trkpt>
      <trkpt lat="26.8676300" lon="75.7968200">
        <time>2022-03-12T16:17:33Z</time>
      </trkpt>
      <trkpt lat="26.8675700" lon="75.7968100">
        <time>2022-03-12T16:17:34Z</time>
      </trkpt>
      <trkpt lat="26.8675000" lon="75.7968050">
        <time>2022-03-12T16:17:35Z</time>
      </trkpt>
      <trkpt lat="26.8674333" lon="75.7968017">
        <time>2022-03-12T16:17:36Z</time>
      </trkpt>
      <trkpt lat="26.8673750" lon="75.7967967">
        <time>2022-03-12T16:17:37Z</time>
      </trkpt>
      <trkpt lat="26.8673183" lon="75.7967900">
        <time>2022-03-12T16:17:38Z</time>
      </trkpt>
      <trkpt lat="26.8672600" lon="75.7967833">
        <time>2022-03-12T16:17:39Z</time>
      </trkpt>
      <trkpt lat="26.8672017" lon="75.7967717">
        <time>2022-03-12T16:17:40Z</time>
      </trkpt>
      <trkpt lat="26.8671417" lon="75.7967650">
        <time>2022-03-12T16:17:41Z</time>
      </trkpt>
      <trkpt lat="26.8670833" lon="75.7967567">
        <time>2022-03-12T16:17:42Z</time>
      </trkpt>
      <trkpt lat="26.8670333" lon="75.7967517">
        <time>2022-03-12T16:17:43Z</time>
      </trkpt>
      <trkpt lat="26.8669967" lon="75.7967500">
        <time>2022-03-12T16:17:44Z</time>
      </trkpt>
      <trkpt lat="26.8669683" lon="75.7967417">
        <time>2022-03-12T16:17:45Z</time>
      </trkpt>
      <trkpt lat="26.8669467" lon="75.7967300">
        <time>2022-03-12T16:17:46Z</time>
      </trkpt>
      <trkpt lat="26.8669200" lon="75.7967167">
        <time>2022-03-12T16:17:47Z</time>
      </trkpt>
      <trkpt lat="26.8668833" lon="75.7967017">
        <time>2022-03-12T16:17:48Z</time>
      </trkpt>
      <trkpt lat="26.8668467" lon="75.7966967">
        <time>2022-03-12T16:17:49Z</time>
      </trkpt>
      <trkpt lat="26.8668117" lon="75.7966900">
        <time>2022-03-12T16:17:50Z</time>
      </trkpt>
      <trkpt lat="26.8667783" lon="75.7966883">
        <time>2022-03-12T16:17:51Z</time>
      </trkpt>
      <trkpt lat="26.8667483" lon="75.7966833">
        <time>2022-03-12T16:17:52Z</time>
      </trkpt>
      <trkpt lat="26.8667183" lon="75.7966783">
        <time>2022-03-12T16:17:53Z</time>
      </trkpt>
      <trkpt lat="26.8666817" lon="75.7966733">
        <time>2022-03-12T16:17:54Z</time>
      </trkpt>
      <trkpt lat="26.8666417" lon="75.7966700">
        <time>2022-03-12T16:17:55Z</time>
      </trkpt>
      <trkpt lat="26.8666000" lon="75.7966650">
        <time>2022-03-12T16:17:56Z</time>
      </trkpt>
      <trkpt lat="26.8665550" lon="75.7966550">
        <time>2022-03-12T16:17:57Z</time>
      </trkpt>
      <trkpt lat="26.8665083" lon="75.7966417">
        <time>2022-03-12T16:17:58Z</time>
      </trkpt>
      <trkpt lat="26.8664583" lon="75.7966283">
        <time>2022-03-12T16:17:59Z</time>
      </trkpt>
      <trkpt lat="26.8664033" lon="75.7966133">
        <time>2022-03-12T16:18:00Z</time>
      </trkpt>
      <trkpt lat="26.8663450" lon="75.7965983">
        <time>2022-03-12T16:18:01Z</time>
      </trkpt>
      <trkpt lat="26.8662833" lon="75.7965883">
        <time>2022-03-12T16:18:02Z</time>
      </trkpt>
      <trkpt lat="26.8662200" lon="75.7965800">
        <time>2022-03-12T16:18:03Z</time>
      </trkpt>
      <trkpt lat="26.8661483" lon="75.7965733">
        <time>2022-03-12T16:18:04Z</time>
      </trkpt>
      <trkpt lat="26.8660800" lon="75.7965733">
        <time>2022-03-12T16:18:05Z</time>
      </trkpt>
      <trkpt lat="26.8660183" lon="75.7965667">
        <time>2022-03-12T16:18:06Z</time>
      </trkpt>
      <trkpt lat="26.8659567" lon="75.7965600">
        <time>2022-03-12T16:18:07Z</time>
      </trkpt>
      <trkpt lat="26.8658867" lon="75.7965450">
        <time>2022-03-12T16:18:08Z</time>
      </trkpt>
      <trkpt lat="26.8658200" lon="75.7965283">
        <time>2022-03-12T16:18:09Z</time>
      </trkpt>
      <trkpt lat="26.8657500" lon="75.7965217">
        <time>2022-03-12T16:18:10Z</time>
      </trkpt>
      <trkpt lat="26.8656783" lon="75.7965200">
        <time>2022-03-12T16:18:11Z</time>
      </trkpt>
      <trkpt lat="26.8656100" lon="75.7965117">
        <time>2022-03-12T16:18:12Z</time>
      </trkpt>
      <trkpt lat="26.8655433" lon="75.7965017">
        <time>2022-03-12T16:18:13Z</time>
      </trkpt>
      <trkpt lat="26.8654750" lon="75.7964900">
        <time>2022-03-12T16:18:14Z</time>
      </trkpt>
      <trkpt lat="26.8654033" lon="75.7964783">
        <time>2022-03-12T16:18:15Z</time>
      </trkpt>
      <trkpt lat="26.8653267" lon="75.7964667">
        <time>2022-03-12T16:18:16Z</time>
      </trkpt>
      <trkpt lat="26.8652467" lon="75.7964533">
        <time>2022-03-12T16:18:17Z</time>
      </trkpt>
      <trkpt lat="26.8651683" lon="75.7964417">
        <time>2022-03-12T16:18:18Z</time>
      </trkpt>
      <trkpt lat="26.8650917" lon="75.7964383">
        <time>2022-03-12T16:18:19Z</time>
      </trkpt>
      <trkpt lat="26.8650200" lon="75.7964317">
        <time>2022-03-12T16:18:20Z</time>
      </trkpt>
      <trkpt lat="26.8649483" lon="75.7964267">
        <time>2022-03-12T16:18:21Z</time>
      </trkpt>
      <trkpt lat="26.8648867" lon="75.7964200">
        <time>2022-03-12T16:18:22Z</time>
      </trkpt>
      <trkpt lat="26.8648383" lon="75.7964150">
        <time>2022-03-12T16:18:23Z</time>
      </trkpt>
      <trkpt lat="26.8648117" lon="75.7964183">
        <time>2022-03-12T16:18:24Z</time>
      </trkpt>
      <trkpt lat="26.8648100" lon="75.7964183">
        <time>2022-03-12T16:18:25Z</time>
      </trkpt>
      <trkpt lat="26.8648133" lon="75.7964133">
        <time>2022-03-12T16:18:26Z</time>
      </trkpt>
      <trkpt lat="26.8648183" lon="75.7964100">
        <time>2022-03-12T16:18:27Z</time>
      </trkpt>
      <trkpt lat="26.8648117" lon="75.7964117">
        <time>2022-03-12T16:18:28Z</time>
      </trkpt>
      <trkpt lat="26.8648117" lon="75.7964117">
        <time>2022-03-12T16:18:29Z</time>
      </trkpt>
      <trkpt lat="26.8648117" lon="75.7964117">
        <time>2022-03-12T16:18:30Z</time>
      </trkpt>
      <trkpt lat="26.8647867" lon="75.7964083">
        <time>2022-03-12T16:18:31Z</time>
      </trkpt>
      <trkpt lat="26.8647633" lon="75.7964050">
        <time>2022-03-12T16:18:32Z</time>
      </trkpt>
      <trkpt lat="26.8647333" lon="75.7964033">
        <time>2022-03-12T16:18:33Z</time>
      </trkpt>
      <trkpt lat="26.8646917" lon="75.7964000">
        <time>2022-03-12T16:18:34Z</time>
      </trkpt>
      <trkpt lat="26.8646450" lon="75.7963967">
        <time>2022-03-12T16:18:35Z</time>
      </trkpt>
      <trkpt lat="26.8645917" lon="75.7963833">
        <time>2022-03-12T16:18:36Z</time>
      </trkpt>
      <trkpt lat="26.8645233" lon="75.7963700">
        <time>2022-03-12T16:18:37Z</time>
      </trkpt>
      <trkpt lat="26.8644467" lon="75.7963583">
        <time>2022-03-12T16:18:38Z</time>
      </trkpt>
      <trkpt lat="26.8643633" lon="75.7963433">
        <time>2022-03-12T16:18:39Z</time>
      </trkpt>
      <trkpt lat="26.8642783" lon="75.7963300">
        <time>2022-03-12T16:18:40Z</time>
      </trkpt>
      <trkpt lat="26.8641883" lon="75.7963183">
        <time>2022-03-12T16:18:41Z</time>
      </trkpt>
      <trkpt lat="26.8641000" lon="75.7963050">
        <time>2022-03-12T16:18:42Z</time>
      </trkpt>
      <trkpt lat="26.8640100" lon="75.7962933">
        <time>2022-03-12T16:18:43Z</time>
      </trkpt>
      <trkpt lat="26.8639183" lon="75.7962783">
        <time>2022-03-12T16:18:44Z</time>
      </trkpt>
      <trkpt lat="26.8638283" lon="75.7962633">
        <time>2022-03-12T16:18:45Z</time>
      </trkpt>
      <trkpt lat="26.8637400" lon="75.7962500">
        <time>2022-03-12T16:18:46Z</time>
      </trkpt>
      <trkpt lat="26.8636517" lon="75.7962350">
        <time>2022-03-12T16:18:47Z</time>
      </trkpt>
      <trkpt lat="26.8635600" lon="75.7962233">
        <time>2022-03-12T16:18:48Z</time>
      </trkpt>
      <trkpt lat="26.8634683" lon="75.7962117">
        <time>2022-03-12T16:18:49Z</time>
      </trkpt>
      <trkpt lat="26.8633750" lon="75.7962000">
        <time>2022-03-12T16:18:50Z</time>
      </trkpt>
      <trkpt lat="26.8632817" lon="75.7961817">
        <time>2022-03-12T16:18:51Z</time>
      </trkpt>
      <trkpt lat="26.8631883" lon="75.7961667">
        <time>2022-03-12T16:18:52Z</time>
      </trkpt>
      <trkpt lat="26.8630933" lon="75.7961517">
        <time>2022-03-12T16:18:53Z</time>
      </trkpt>
      <trkpt lat="26.8629967" lon="75.7961333">
        <time>2022-03-12T16:18:54Z</time>
      </trkpt>
      <trkpt lat="26.8629000" lon="75.7961150">
        <time>2022-03-12T16:18:55Z</time>
      </trkpt>
      <trkpt lat="26.8628033" lon="75.7960983">
        <time>2022-03-12T16:18:56Z</time>
      </trkpt>
      <trkpt lat="26.8627050" lon="75.7960800">
        <time>2022-03-12T16:18:57Z</time>
      </trkpt>
      <trkpt lat="26.8626017" lon="75.7960667">
        <time>2022-03-12T16:18:58Z</time>
      </trkpt>
      <trkpt lat="26.8625017" lon="75.7960533">
        <time>2022-03-12T16:18:59Z</time>
      </trkpt>
      <trkpt lat="26.8624017" lon="75.7960383">
        <time>2022-03-12T16:19:00Z</time>
      </trkpt>
      <trkpt lat="26.8623017" lon="75.7960250">
        <time>2022-03-12T16:19:01Z</time>
      </trkpt>
      <trkpt lat="26.8622050" lon="75.7960150">
        <time>2022-03-12T16:19:02Z</time>
      </trkpt>
      <trkpt lat="26.8621067" lon="75.7960017">
        <time>2022-03-12T16:19:03Z</time>
      </trkpt>
      <trkpt lat="26.8620017" lon="75.7959783">
        <time>2022-03-12T16:19:04Z</time>
      </trkpt>
      <trkpt lat="26.8618950" lon="75.7959567">
        <time>2022-03-12T16:19:05Z</time>
      </trkpt>
      <trkpt lat="26.8617833" lon="75.7959317">
        <time>2022-03-12T16:19:06Z</time>
      </trkpt>
      <trkpt lat="26.8616667" lon="75.7959017">
        <time>2022-03-12T16:19:07Z</time>
      </trkpt>
      <trkpt lat="26.8615400" lon="75.7958850">
        <time>2022-03-12T16:19:08Z</time>
      </trkpt>
      <trkpt lat="26.8614200" lon="75.7958683">
        <time>2022-03-12T16:19:09Z</time>
      </trkpt>
      <trkpt lat="26.8612967" lon="75.7958550">
        <time>2022-03-12T16:19:10Z</time>
      </trkpt>
      <trkpt lat="26.8611717" lon="75.7958433">
        <time>2022-03-12T16:19:11Z</time>
      </trkpt>
      <trkpt lat="26.8610483" lon="75.7958250">
        <time>2022-03-12T16:19:12Z</time>
      </trkpt>
      <trkpt lat="26.8609283" lon="75.7958083">
        <time>2022-03-12T16:19:13Z</time>
      </trkpt>
      <trkpt lat="26.8608200" lon="75.7957883">
        <time>2022-03-12T16:19:14Z</time>
      </trkpt>
      <trkpt lat="26.8607067" lon="75.7957750">
        <time>2022-03-12T16:19:15Z</time>
      </trkpt>
      <trkpt lat="26.8605917" lon="75.7957567">
        <time>2022-03-12T16:19:16Z</time>
      </trkpt>
      <trkpt lat="26.8604767" lon="75.7957333">
        <time>2022-03-12T16:19:17Z</time>
      </trkpt>
      <trkpt lat="26.8603617" lon="75.7957150">
        <time>2022-03-12T16:19:18Z</time>
      </trkpt>
      <trkpt lat="26.8602483" lon="75.7956967">
        <time>2022-03-12T16:19:19Z</time>
      </trkpt>
      <trkpt lat="26.8601383" lon="75.7956833">
        <time>2022-03-12T16:19:20Z</time>
      </trkpt>
      <trkpt lat="26.8600400" lon="75.7956650">
        <time>2022-03-12T16:19:21Z</time>
      </trkpt>
      <trkpt lat="26.8599433" lon="75.7956550">
        <time>2022-03-12T16:19:22Z</time>
      </trkpt>
      <trkpt lat="26.8598433" lon="75.7956433">
        <time>2022-03-12T16:19:23Z</time>
      </trkpt>
      <trkpt lat="26.8597483" lon="75.7956367">
        <time>2022-03-12T16:19:24Z</time>
      </trkpt>
      <trkpt lat="26.8596467" lon="75.7956250">
        <time>2022-03-12T16:19:25Z</time>
      </trkpt>
      <trkpt lat="26.8595433" lon="75.7956100">
        <time>2022-03-12T16:19:26Z</time>
      </trkpt>
      <trkpt lat="26.8594350" lon="75.7955933">
        <time>2022-03-12T16:19:27Z</time>
      </trkpt>
      <trkpt lat="26.8593250" lon="75.7955717">
        <time>2022-03-12T16:19:28Z</time>
      </trkpt>
      <trkpt lat="26.8592183" lon="75.7955533">
        <time>2022-03-12T16:19:29Z</time>
      </trkpt>
      <trkpt lat="26.8591100" lon="75.7955300">
        <time>2022-03-12T16:19:30Z</time>
      </trkpt>
      <trkpt lat="26.8590000" lon="75.7955133">
        <time>2022-03-12T16:19:31Z</time>
      </trkpt>
      <trkpt lat="26.8588933" lon="75.7954967">
        <time>2022-03-12T16:19:32Z</time>
      </trkpt>
      <trkpt lat="26.8587900" lon="75.7954833">
        <time>2022-03-12T16:19:33Z</time>
      </trkpt>
      <trkpt lat="26.8586700" lon="75.7954767">
        <time>2022-03-12T16:19:34Z</time>
      </trkpt>
      <trkpt lat="26.8585633" lon="75.7954650">
        <time>2022-03-12T16:19:35Z</time>
      </trkpt>
      <trkpt lat="26.8584467" lon="75.7954650">
        <time>2022-03-12T16:19:36Z</time>
      </trkpt>
      <trkpt lat="26.8583383" lon="75.7954567">
        <time>2022-03-12T16:19:37Z</time>
      </trkpt>
      <trkpt lat="26.8582367" lon="75.7954467">
        <time>2022-03-12T16:19:38Z</time>
      </trkpt>
      <trkpt lat="26.8581483" lon="75.7954417">
        <time>2022-03-12T16:19:39Z</time>
      </trkpt>
      <trkpt lat="26.8580683" lon="75.7954267">
        <time>2022-03-12T16:19:40Z</time>
      </trkpt>
      <trkpt lat="26.8579917" lon="75.7954167">
        <time>2022-03-12T16:19:41Z</time>
      </trkpt>
      <trkpt lat="26.8579183" lon="75.7954017">
        <time>2022-03-12T16:19:42Z</time>
      </trkpt>
      <trkpt lat="26.8578450" lon="75.7953867">
        <time>2022-03-12T16:19:43Z</time>
      </trkpt>
      <trkpt lat="26.8577733" lon="75.7953717">
        <time>2022-03-12T16:19:44Z</time>
      </trkpt>
      <trkpt lat="26.8577050" lon="75.7953533">
        <time>2022-03-12T16:19:45Z</time>
      </trkpt>
      <trkpt lat="26.8576533" lon="75.7953383">
        <time>2022-03-12T16:19:46Z</time>
      </trkpt>
      <trkpt lat="26.8575950" lon="75.7953233">
        <time>2022-03-12T16:19:47Z</time>
      </trkpt>
      <trkpt lat="26.8575267" lon="75.7953083">
        <time>2022-03-12T16:19:48Z</time>
      </trkpt>
      <trkpt lat="26.8574517" lon="75.7953083">
        <time>2022-03-12T16:19:49Z</time>
      </trkpt>
      <trkpt lat="26.8573717" lon="75.7953000">
        <time>2022-03-12T16:19:50Z</time>
      </trkpt>
      <trkpt lat="26.8572950" lon="75.7952817">
        <time>2022-03-12T16:19:51Z</time>
      </trkpt>
      <trkpt lat="26.8572217" lon="75.7952700">
        <time>2022-03-12T16:19:52Z</time>
      </trkpt>
      <trkpt lat="26.8571417" lon="75.7952617">
        <time>2022-03-12T16:19:53Z</time>
      </trkpt>
      <trkpt lat="26.8570650" lon="75.7952533">
        <time>2022-03-12T16:19:54Z</time>
      </trkpt>
      <trkpt lat="26.8569850" lon="75.7952383">
        <time>2022-03-12T16:19:55Z</time>
      </trkpt>
      <trkpt lat="26.8569000" lon="75.7952250">
        <time>2022-03-12T16:19:56Z</time>
      </trkpt>
      <trkpt lat="26.8568200" lon="75.7952067">
        <time>2022-03-12T16:19:57Z</time>
      </trkpt>
      <trkpt lat="26.8567367" lon="75.7951900">
        <time>2022-03-12T16:19:58Z</time>
      </trkpt>
      <trkpt lat="26.8566367" lon="75.7951800">
        <time>2022-03-12T16:19:59Z</time>
      </trkpt>
      <trkpt lat="26.8565350" lon="75.7951717">
        <time>2022-03-12T16:20:00Z</time>
      </trkpt>
      <trkpt lat="26.8564283" lon="75.7951650">
        <time>2022-03-12T16:20:01Z</time>
      </trkpt>
      <trkpt lat="26.8563250" lon="75.7951567">
        <time>2022-03-12T16:20:02Z</time>
      </trkpt>
      <trkpt lat="26.8562283" lon="75.7951483">
        <time>2022-03-12T16:20:03Z</time>
      </trkpt>
      <trkpt lat="26.8561250" lon="75.7951383">
        <time>2022-03-12T16:20:04Z</time>
      </trkpt>
      <trkpt lat="26.8560267" lon="75.7951283">
        <time>2022-03-12T16:20:05Z</time>
      </trkpt>
      <trkpt lat="26.8559283" lon="75.7951217">
        <time>2022-03-12T16:20:06Z</time>
      </trkpt>
      <trkpt lat="26.8558317" lon="75.7951100">
        <time>2022-03-12T16:20:07Z</time>
      </trkpt>
      <trkpt lat="26.8557400" lon="75.7951017">
        <time>2022-03-12T16:20:08Z</time>
      </trkpt>
      <trkpt lat="26.8556517" lon="75.7950917">
        <time>2022-03-12T16:20:09Z</time>
      </trkpt>
      <trkpt lat="26.8555650" lon="75.7950833">
        <time>2022-03-12T16:20:10Z</time>
      </trkpt>
      <trkpt lat="26.8554800" lon="75.7950733">
        <time>2022-03-12T16:20:11Z</time>
      </trkpt>
      <trkpt lat="26.8553967" lon="75.7950600">
        <time>2022-03-12T16:20:12Z</time>
      </trkpt>
      <trkpt lat="26.8553167" lon="75.7950467">
        <time>2022-03-12T16:20:13Z</time>
      </trkpt>
      <trkpt lat="26.8552400" lon="75.7950317">
        <time>2022-03-12T16:20:14Z</time>
      </trkpt>
      <trkpt lat="26.8551633" lon="75.7950217">
        <time>2022-03-12T16:20:15Z</time>
      </trkpt>
      <trkpt lat="26.8550883" lon="75.7950117">
        <time>2022-03-12T16:20:16Z</time>
      </trkpt>
      <trkpt lat="26.8550200" lon="75.7950000">
        <time>2022-03-12T16:20:17Z</time>
      </trkpt>
      <trkpt lat="26.8549650" lon="75.7949883">
        <time>2022-03-12T16:20:18Z</time>
      </trkpt>
      <trkpt lat="26.8549083" lon="75.7949800">
        <time>2022-03-12T16:20:19Z</time>
      </trkpt>
      <trkpt lat="26.8548517" lon="75.7949700">
        <time>2022-03-12T16:20:20Z</time>
      </trkpt>
      <trkpt lat="26.8548000" lon="75.7949650">
        <time>2022-03-12T16:20:21Z</time>
      </trkpt>
      <trkpt lat="26.8547417" lon="75.7949567">
        <time>2022-03-12T16:20:22Z</time>
      </trkpt>
      <trkpt lat="26.8546767" lon="75.7949517">
        <time>2022-03-12T16:20:23Z</time>
      </trkpt>
      <trkpt lat="26.8546067" lon="75.7949433">
        <time>2022-03-12T16:20:24Z</time>
      </trkpt>
      <trkpt lat="26.8545450" lon="75.7949317">
        <time>2022-03-12T16:20:25Z</time>
      </trkpt>
      <trkpt lat="26.8544817" lon="75.7949317">
        <time>2022-03-12T16:20:26Z</time>
      </trkpt>
      <trkpt lat="26.8544250" lon="75.7949217">
        <time>2022-03-12T16:20:27Z</time>
      </trkpt>
      <trkpt lat="26.8543650" lon="75.7949150">
        <time>2022-03-12T16:20:28Z</time>
      </trkpt>
      <trkpt lat="26.8543133" lon="75.7948983">
        <time>2022-03-12T16:20:29Z</time>
      </trkpt>
      <trkpt lat="26.8542583" lon="75.7948800">
        <time>2022-03-12T16:20:30Z</time>
      </trkpt>
      <trkpt lat="26.8541967" lon="75.7948650">
        <time>2022-03-12T16:20:31Z</time>
      </trkpt>
      <trkpt lat="26.8541300" lon="75.7948517">
        <time>2022-03-12T16:20:32Z</time>
      </trkpt>
      <trkpt lat="26.8540600" lon="75.7948383">
        <time>2022-03-12T16:20:33Z</time>
      </trkpt>
      <trkpt lat="26.8539867" lon="75.7948233">
        <time>2022-03-12T16:20:34Z</time>
      </trkpt>
      <trkpt lat="26.8539067" lon="75.7948117">
        <time>2022-03-12T16:20:35Z</time>
      </trkpt>
      <trkpt lat="26.8538200" lon="75.7948017">
        <time>2022-03-12T16:20:36Z</time>
      </trkpt>
      <trkpt lat="26.8537250" lon="75.7947900">
        <time>2022-03-12T16:20:37Z</time>
      </trkpt>
      <trkpt lat="26.8536250" lon="75.7947800">
        <time>2022-03-12T16:20:38Z</time>
      </trkpt>
      <trkpt lat="26.8535267" lon="75.7947633">
        <time>2022-03-12T16:20:39Z</time>
      </trkpt>
      <trkpt lat="26.8534267" lon="75.7947483">
        <time>2022-03-12T16:20:40Z</time>
      </trkpt>
      <trkpt lat="26.8533167" lon="75.7947350">
        <time>2022-03-12T16:20:41Z</time>
      </trkpt>
      <trkpt lat="26.8532050" lon="75.7947167">
        <time>2022-03-12T16:20:42Z</time>
      </trkpt>
      <trkpt lat="26.8530917" lon="75.7947050">
        <time>2022-03-12T16:20:43Z</time>
      </trkpt>
      <trkpt lat="26.8529750" lon="75.7946967">
        <time>2022-03-12T16:20:44Z</time>
      </trkpt>
      <trkpt lat="26.8528667" lon="75.7946867">
        <time>2022-03-12T16:20:45Z</time>
      </trkpt>
      <trkpt lat="26.8527583" lon="75.7946700">
        <time>2022-03-12T16:20:46Z</time>
      </trkpt>
      <trkpt lat="26.8526467" lon="75.7946583">
        <time>2022-03-12T16:20:47Z</time>
      </trkpt>
      <trkpt lat="26.8525317" lon="75.7946450">
        <time>2022-03-12T16:20:48Z</time>
      </trkpt>
      <trkpt lat="26.8524233" lon="75.7946233">
        <time>2022-03-12T16:20:49Z</time>
      </trkpt>
      <trkpt lat="26.8523233" lon="75.7946017">
        <time>2022-03-12T16:20:50Z</time>
      </trkpt>
      <trkpt lat="26.8522217" lon="75.7945833">
        <time>2022-03-12T16:20:51Z</time>
      </trkpt>
      <trkpt lat="26.8521133" lon="75.7945683">
        <time>2022-03-12T16:20:52Z</time>
      </trkpt>
      <trkpt lat="26.8520067" lon="75.7945517">
        <time>2022-03-12T16:20:53Z</time>
      </trkpt>
      <trkpt lat="26.8519050" lon="75.7945383">
        <time>2022-03-12T16:20:54Z</time>
      </trkpt>
      <trkpt lat="26.8518033" lon="75.7945150">
        <time>2022-03-12T16:20:55Z</time>
      </trkpt>
      <trkpt lat="26.8517050" lon="75.7944900">
        <time>2022-03-12T16:20:56Z</time>
      </trkpt>
      <trkpt lat="26.8516050" lon="75.7944667">
        <time>2022-03-12T16:20:57Z</time>
      </trkpt>
      <trkpt lat="26.8515017" lon="75.7944483">
        <time>2022-03-12T16:20:58Z</time>
      </trkpt>
      <trkpt lat="26.8514083" lon="75.7944267">
        <time>2022-03-12T16:20:59Z</time>
      </trkpt>
      <trkpt lat="26.8513067" lon="75.7944017">
        <time>2022-03-12T16:21:00Z</time>
      </trkpt>
      <trkpt lat="26.8512083" lon="75.7943750">
        <time>2022-03-12T16:21:01Z</time>
      </trkpt>
      <trkpt lat="26.8511133" lon="75.7943483">
        <time>2022-03-12T16:21:02Z</time>
      </trkpt>
      <trkpt lat="26.8510217" lon="75.7943233">
        <time>2022-03-12T16:21:03Z</time>
      </trkpt>
      <trkpt lat="26.8509300" lon="75.7942950">
        <time>2022-03-12T16:21:04Z</time>
      </trkpt>
      <trkpt lat="26.8508417" lon="75.7942700">
        <time>2022-03-12T16:21:05Z</time>
      </trkpt>
      <trkpt lat="26.8507533" lon="75.7942417">
        <time>2022-03-12T16:21:06Z</time>
      </trkpt>
      <trkpt lat="26.8506700" lon="75.7942200">
        <time>2022-03-12T16:21:07Z</time>
      </trkpt>
      <trkpt lat="26.8505883" lon="75.7941967">
        <time>2022-03-12T16:21:08Z</time>
      </trkpt>
      <trkpt lat="26.8504967" lon="75.7941800">
        <time>2022-03-12T16:21:09Z</time>
      </trkpt>
      <trkpt lat="26.8504017" lon="75.7941617">
        <time>2022-03-12T16:21:10Z</time>
      </trkpt>
      <trkpt lat="26.8503017" lon="75.7941333">
        <time>2022-03-12T16:21:11Z</time>
      </trkpt>
      <trkpt lat="26.8501983" lon="75.7941050">
        <time>2022-03-12T16:21:12Z</time>
      </trkpt>
      <trkpt lat="26.8500967" lon="75.7940817">
        <time>2022-03-12T16:21:13Z</time>
      </trkpt>
      <trkpt lat="26.8500017" lon="75.7940583">
        <time>2022-03-12T16:21:14Z</time>
      </trkpt>
      <trkpt lat="26.8499050" lon="75.7940383">
        <time>2022-03-12T16:21:15Z</time>
      </trkpt>
      <trkpt lat="26.8498167" lon="75.7940233">
        <time>2022-03-12T16:21:16Z</time>
      </trkpt>
      <trkpt lat="26.8497333" lon="75.7940050">
        <time>2022-03-12T16:21:17Z</time>
      </trkpt>
      <trkpt lat="26.8496400" lon="75.7939967">
        <time>2022-03-12T16:21:18Z</time>
      </trkpt>
      <trkpt lat="26.8495433" lon="75.7939867">
        <time>2022-03-12T16:21:19Z</time>
      </trkpt>
      <trkpt lat="26.8494450" lon="75.7939783">
        <time>2022-03-12T16:21:20Z</time>
      </trkpt>
      <trkpt lat="26.8493433" lon="75.7939717">
        <time>2022-03-12T16:21:21Z</time>
      </trkpt>
      <trkpt lat="26.8492467" lon="75.7939600">
        <time>2022-03-12T16:21:22Z</time>
      </trkpt>
      <trkpt lat="26.8491500" lon="75.7939550">
        <time>2022-03-12T16:21:23Z</time>
      </trkpt>
      <trkpt lat="26.8490583" lon="75.7939500">
        <time>2022-03-12T16:21:24Z</time>
      </trkpt>
      <trkpt lat="26.8489700" lon="75.7939417">
        <time>2022-03-12T16:21:25Z</time>
      </trkpt>
      <trkpt lat="26.8488867" lon="75.7939317">
        <time>2022-03-12T16:21:26Z</time>
      </trkpt>
      <trkpt lat="26.8488083" lon="75.7939217">
        <time>2022-03-12T16:21:27Z</time>
      </trkpt>
      <trkpt lat="26.8487283" lon="75.7939100">
        <time>2022-03-12T16:21:28Z</time>
      </trkpt>
      <trkpt lat="26.8486550" lon="75.7938983">
        <time>2022-03-12T16:21:29Z</time>
      </trkpt>
      <trkpt lat="26.8485850" lon="75.7938850">
        <time>2022-03-12T16:21:30Z</time>
      </trkpt>
      <trkpt lat="26.8485183" lon="75.7938683">
        <time>2022-03-12T16:21:31Z</time>
      </trkpt>
      <trkpt lat="26.8484550" lon="75.7938517">
        <time>2022-03-12T16:21:32Z</time>
      </trkpt>
      <trkpt lat="26.8483917" lon="75.7938467">
        <time>2022-03-12T16:21:33Z</time>
      </trkpt>
      <trkpt lat="26.8483233" lon="75.7938450">
        <time>2022-03-12T16:21:34Z</time>
      </trkpt>
      <trkpt lat="26.8482500" lon="75.7938483">
        <time>2022-03-12T16:21:35Z</time>
      </trkpt>
      <trkpt lat="26.8481783" lon="75.7938500">
        <time>2022-03-12T16:21:36Z</time>
      </trkpt>
      <trkpt lat="26.8481017" lon="75.7938483">
        <time>2022-03-12T16:21:37Z</time>
      </trkpt>
      <trkpt lat="26.8480183" lon="75.7938450">
        <time>2022-03-12T16:21:38Z</time>
      </trkpt>
      <trkpt lat="26.8479333" lon="75.7938483">
        <time>2022-03-12T16:21:39Z</time>
      </trkpt>
      <trkpt lat="26.8478467" lon="75.7938483">
        <time>2022-03-12T16:21:40Z</time>
      </trkpt>
      <trkpt lat="26.8477633" lon="75.7938467">
        <time>2022-03-12T16:21:41Z</time>
      </trkpt>
      <trkpt lat="26.8476817" lon="75.7938450">
        <time>2022-03-12T16:21:42Z</time>
      </trkpt>
      <trkpt lat="26.8476017" lon="75.7938417">
        <time>2022-03-12T16:21:43Z</time>
      </trkpt>
      <trkpt lat="26.8475217" lon="75.7938400">
        <time>2022-03-12T16:21:44Z</time>
      </trkpt>
      <trkpt lat="26.8474433" lon="75.7938333">
        <time>2022-03-12T16:21:45Z</time>
      </trkpt>
      <trkpt lat="26.8473617" lon="75.7938333">
        <time>2022-03-12T16:21:46Z</time>
      </trkpt>
      <trkpt lat="26.8472800" lon="75.7938233">
        <time>2022-03-12T16:21:47Z</time>
      </trkpt>
      <trkpt lat="26.8471967" lon="75.7938117">
        <time>2022-03-12T16:21:48Z</time>
      </trkpt>
      <trkpt lat="26.8471133" lon="75.7938100">
        <time>2022-03-12T16:21:49Z</time>
      </trkpt>
      <trkpt lat="26.8470333" lon="75.7938067">
        <time>2022-03-12T16:21:50Z</time>
      </trkpt>
      <trkpt lat="26.8469517" lon="75.7938033">
        <time>2022-03-12T16:21:51Z</time>
      </trkpt>
      <trkpt lat="26.8468683" lon="75.7938033">
        <time>2022-03-12T16:21:52Z</time>
      </trkpt>
      <trkpt lat="26.8467850" lon="75.7937967">
        <time>2022-03-12T16:21:53Z</time>
      </trkpt>
      <trkpt lat="26.8467067" lon="75.7937933">
        <time>2022-03-12T16:21:54Z</time>
      </trkpt>
      <trkpt lat="26.8466350" lon="75.7937867">
        <time>2022-03-12T16:21:55Z</time>
      </trkpt>
      <trkpt lat="26.8465733" lon="75.7937767">
        <time>2022-03-12T16:21:56Z</time>
      </trkpt>
      <trkpt lat="26.8465100" lon="75.7937667">
        <time>2022-03-12T16:21:57Z</time>
      </trkpt>
      <trkpt lat="26.8464417" lon="75.7937633">
        <time>2022-03-12T16:21:58Z</time>
      </trkpt>
      <trkpt lat="26.8463683" lon="75.7937567">
        <time>2022-03-12T16:21:59Z</time>
      </trkpt>
      <trkpt lat="26.8462883" lon="75.7937500">
        <time>2022-03-12T16:22:00Z</time>
      </trkpt>
      <trkpt lat="26.8462067" lon="75.7937417">
        <time>2022-03-12T16:22:01Z</time>
      </trkpt>
      <trkpt lat="26.8461217" lon="75.7937317">
        <time>2022-03-12T16:22:02Z</time>
      </trkpt>
      <trkpt lat="26.8460367" lon="75.7937200">
        <time>2022-03-12T16:22:03Z</time>
      </trkpt>
      <trkpt lat="26.8459500" lon="75.7937133">
        <time>2022-03-12T16:22:04Z</time>
      </trkpt>
      <trkpt lat="26.8458667" lon="75.7937000">
        <time>2022-03-12T16:22:05Z</time>
      </trkpt>
      <trkpt lat="26.8457733" lon="75.7936900">
        <time>2022-03-12T16:22:06Z</time>
      </trkpt>
      <trkpt lat="26.8456783" lon="75.7936850">
        <time>2022-03-12T16:22:07Z</time>
      </trkpt>
      <trkpt lat="26.8455817" lon="75.7936800">
        <time>2022-03-12T16:22:08Z</time>
      </trkpt>
      <trkpt lat="26.8454917" lon="75.7936667">
        <time>2022-03-12T16:22:09Z</time>
      </trkpt>
      <trkpt lat="26.8453983" lon="75.7936600">
        <time>2022-03-12T16:22:10Z</time>
      </trkpt>
      <trkpt lat="26.8453000" lon="75.7936600">
        <time>2022-03-12T16:22:11Z</time>
      </trkpt>
      <trkpt lat="26.8452017" lon="75.7936533">
        <time>2022-03-12T16:22:12Z</time>
      </trkpt>
      <trkpt lat="26.8451033" lon="75.7936450">
        <time>2022-03-12T16:22:13Z</time>
      </trkpt>
      <trkpt lat="26.8450050" lon="75.7936450">
        <time>2022-03-12T16:22:14Z</time>
      </trkpt>
      <trkpt lat="26.8449050" lon="75.7936417">
        <time>2022-03-12T16:22:15Z</time>
      </trkpt>
      <trkpt lat="26.8448017" lon="75.7936350">
        <time>2022-03-12T16:22:16Z</time>
      </trkpt>
      <trkpt lat="26.8447000" lon="75.7936317">
        <time>2022-03-12T16:22:17Z</time>
      </trkpt>
      <trkpt lat="26.8446000" lon="75.7936300">
        <time>2022-03-12T16:22:18Z</time>
      </trkpt>
      <trkpt lat="26.8445050" lon="75.7936267">
        <time>2022-03-12T16:22:19Z</time>
      </trkpt>
      <trkpt lat="26.8444100" lon="75.7936300">
        <time>2022-03-12T16:22:20Z</time>
      </trkpt>
      <trkpt lat="26.8443150" lon="75.7936300">
        <time>2022-03-12T16:22:21Z</time>
      </trkpt>
      <trkpt lat="26.8442333" lon="75.7936283">
        <time>2022-03-12T16:22:22Z</time>
      </trkpt>
      <trkpt lat="26.8441500" lon="75.7936217">
        <time>2022-03-12T16:22:23Z</time>
      </trkpt>
      <trkpt lat="26.8440667" lon="75.7936167">
        <time>2022-03-12T16:22:24Z</time>
      </trkpt>
      <trkpt lat="26.8439950" lon="75.7936183">
        <time>2022-03-12T16:22:25Z</time>
      </trkpt>
      <trkpt lat="26.8439250" lon="75.7936150">
        <time>2022-03-12T16:22:26Z</time>
      </trkpt>
      <trkpt lat="26.8438417" lon="75.7936183">
        <time>2022-03-12T16:22:27Z</time>
      </trkpt>
      <trkpt lat="26.8437600" lon="75.7936300">
        <time>2022-03-12T16:22:28Z</time>
      </trkpt>
      <trkpt lat="26.8436683" lon="75.7936317">
        <time>2022-03-12T16:22:29Z</time>
      </trkpt>
      <trkpt lat="26.8435767" lon="75.7936350">
        <time>2022-03-12T16:22:30Z</time>
      </trkpt>
      <trkpt lat="26.8434833" lon="75.7936383">
        <time>2022-03-12T16:22:31Z</time>
      </trkpt>
      <trkpt lat="26.8433933" lon="75.7936417">
        <time>2022-03-12T16:22:32Z</time>
      </trkpt>
      <trkpt lat="26.8433050" lon="75.7936483">
        <time>2022-03-12T16:22:33Z</time>
      </trkpt>
      <trkpt lat="26.8432150" lon="75.7936567">
        <time>2022-03-12T16:22:34Z</time>
      </trkpt>
      <trkpt lat="26.8431267" lon="75.7936667">
        <time>2022-03-12T16:22:35Z</time>
      </trkpt>
      <trkpt lat="26.8430367" lon="75.7936700">
        <time>2022-03-12T16:22:36Z</time>
      </trkpt>
      <trkpt lat="26.8429483" lon="75.7936717">
        <time>2022-03-12T16:22:37Z</time>
      </trkpt>
      <trkpt lat="26.8428550" lon="75.7936717">
        <time>2022-03-12T16:22:38Z</time>
      </trkpt>
      <trkpt lat="26.8427600" lon="75.7936767">
        <time>2022-03-12T16:22:39Z</time>
      </trkpt>
      <trkpt lat="26.8426683" lon="75.7936733">
        <time>2022-03-12T16:22:40Z</time>
      </trkpt>
      <trkpt lat="26.8425833" lon="75.7936783">
        <time>2022-03-12T16:22:41Z</time>
      </trkpt>
      <trkpt lat="26.8424967" lon="75.7936817">
        <time>2022-03-12T16:22:42Z</time>
      </trkpt>
      <trkpt lat="26.8424150" lon="75.7936783">
        <time>2022-03-12T16:22:43Z</time>
      </trkpt>
      <trkpt lat="26.8423417" lon="75.7936783">
        <time>2022-03-12T16:22:44Z</time>
      </trkpt>
      <trkpt lat="26.8422783" lon="75.7936767">
        <time>2022-03-12T16:22:45Z</time>
      </trkpt>
      <trkpt lat="26.8422267" lon="75.7936800">
        <time>2022-03-12T16:22:46Z</time>
      </trkpt>
      <trkpt lat="26.8421683" lon="75.7936767">
        <time>2022-03-12T16:22:47Z</time>
      </trkpt>
      <trkpt lat="26.8420933" lon="75.7936783">
        <time>2022-03-12T16:22:48Z</time>
      </trkpt>
      <trkpt lat="26.8420150" lon="75.7936867">
        <time>2022-03-12T16:22:49Z</time>
      </trkpt>
      <trkpt lat="26.8419467" lon="75.7936950">
        <time>2022-03-12T16:22:50Z</time>
      </trkpt>
      <trkpt lat="26.8418833" lon="75.7937100">
        <time>2022-03-12T16:22:51Z</time>
      </trkpt>
      <trkpt lat="26.8418167" lon="75.7937167">
        <time>2022-03-12T16:22:52Z</time>
      </trkpt>
      <trkpt lat="26.8417400" lon="75.7937167">
        <time>2022-03-12T16:22:53Z</time>
      </trkpt>
      <trkpt lat="26.8416683" lon="75.7937233">
        <time>2022-03-12T16:22:54Z</time>
      </trkpt>
      <trkpt lat="26.8415967" lon="75.7937300">
        <time>2022-03-12T16:22:55Z</time>
      </trkpt>
      <trkpt lat="26.8415283" lon="75.7937417">
        <time>2022-03-12T16:22:56Z</time>
      </trkpt>
      <trkpt lat="26.8414617" lon="75.7937400">
        <time>2022-03-12T16:22:57Z</time>
      </trkpt>
      <trkpt lat="26.8413950" lon="75.7937433">
        <time>2022-03-12T16:22:58Z</time>
      </trkpt>
      <trkpt lat="26.8413417" lon="75.7937583">
        <time>2022-03-12T16:22:59Z</time>
      </trkpt>
      <trkpt lat="26.8413033" lon="75.7937667">
        <time>2022-03-12T16:23:00Z</time>
      </trkpt>
      <trkpt lat="26.8412783" lon="75.7937700">
        <time>2022-03-12T16:23:01Z</time>
      </trkpt>
      <trkpt lat="26.8412700" lon="75.7937700">
        <time>2022-03-12T16:23:02Z</time>
      </trkpt>
      <trkpt lat="26.8412633" lon="75.7937700">
        <time>2022-03-12T16:23:03Z</time>
      </trkpt>
      <trkpt lat="26.8412617" lon="75.7937717">
        <time>2022-03-12T16:23:04Z</time>
      </trkpt>
      <trkpt lat="26.8412617" lon="75.7937717">
        <time>2022-03-12T16:23:05Z</time>
      </trkpt>
      <trkpt lat="26.8412617" lon="75.7937717">
        <time>2022-03-12T16:23:06Z</time>
      </trkpt>
      <trkpt lat="26.8412617" lon="75.7937717">
        <time>2022-03-12T16:23:07Z</time>
      </trkpt>
      <trkpt lat="26.8412617" lon="75.7937717">
        <time>2022-03-12T16:23:08Z</time>
      </trkpt>
      <trkpt lat="26.8412617" lon="75.7937717">
        <time>2022-03-12T16:23:09Z</time>
      </trkpt>
      <trkpt lat="26.8412617" lon="75.7937717">
        <time>2022-03-12T16:23:10Z</time>
      </trkpt>
      <trkpt lat="26.8412617" lon="75.7937717">
        <time>2022-03-12T16:23:11Z</time>
      </trkpt>
      <trkpt lat="26.8412617" lon="75.7937717">
        <time>2022-03-12T16:23:12Z</time>
      </trkpt>
      <trkpt lat="26.8412617" lon="75.7937717">
        <time>2022-03-12T16:23:13Z</time>
      </trkpt>
      <trkpt lat="26.8412617" lon="75.7937717">
        <time>2022-03-12T16:23:14Z</time>
      </trkpt>
      <trkpt lat="26.8412617" lon="75.7937717">
        <time>2022-03-12T16:23:15Z</time>
      </trkpt>
      <trkpt lat="26.8412617" lon="75.7937717">
        <time>2022-03-12T16:23:16Z</time>
      </trkpt>
      <trkpt lat="26.8412617" lon="75.7937717">
        <time>2022-03-12T16:23:17Z</time>
      </trkpt>
      <trkpt lat="26.8412617" lon="75.7937717">
        <time>2022-03-12T16:23:18Z</time>
      </trkpt>
      <trkpt lat="26.8412617" lon="75.7937717">
        <time>2022-03-12T16:23:19Z</time>
      </trkpt>
      <trkpt lat="26.8412617" lon="75.7937717">
        <time>2022-03-12T16:23:20Z</time>
      </trkpt>
      <trkpt lat="26.8412617" lon="75.7937717">
        <time>2022-03-12T16:23:21Z</time>
      </trkpt>
      <trkpt lat="26.8412617" lon="75.7937717">
        <time>2022-03-12T16:23:22Z</time>
      </trkpt>
      <trkpt lat="26.8412517" lon="75.7937667">
        <time>2022-03-12T16:23:23Z</time>
      </trkpt>
      <trkpt lat="26.8412250" lon="75.7937650">
        <time>2022-03-12T16:23:24Z</time>
      </trkpt>
      <trkpt lat="26.8411917" lon="75.7937600">
        <time>2022-03-12T16:23:25Z</time>
      </trkpt>
      <trkpt lat="26.8411550" lon="75.7937617">
        <time>2022-03-12T16:23:26Z</time>
      </trkpt>
      <trkpt lat="26.8411150" lon="75.7937650">
        <time>2022-03-12T16:23:27Z</time>
      </trkpt>
      <trkpt lat="26.8410683" lon="75.7937667">
        <time>2022-03-12T16:23:28Z</time>
      </trkpt>
      <trkpt lat="26.8410200" lon="75.7937633">
        <time>2022-03-12T16:23:29Z</time>
      </trkpt>
      <trkpt lat="26.8409667" lon="75.7937600">
        <time>2022-03-12T16:23:30Z</time>
      </trkpt>
      <trkpt lat="26.8409067" lon="75.7937617">
        <time>2022-03-12T16:23:31Z</time>
      </trkpt>
      <trkpt lat="26.8408517" lon="75.7937633">
        <time>2022-03-12T16:23:32Z</time>
      </trkpt>
      <trkpt lat="26.8407967" lon="75.7937650">
        <time>2022-03-12T16:23:33Z</time>
      </trkpt>
      <trkpt lat="26.8407400" lon="75.7937717">
        <time>2022-03-12T16:23:34Z</time>
      </trkpt>
      <trkpt lat="26.8406800" lon="75.7937733">
        <time>2022-03-12T16:23:35Z</time>
      </trkpt>
      <trkpt lat="26.8406150" lon="75.7937833">
        <time>2022-03-12T16:23:36Z</time>
      </trkpt>
      <trkpt lat="26.8405550" lon="75.7937917">
        <time>2022-03-12T16:23:37Z</time>
      </trkpt>
      <trkpt lat="26.8404933" lon="75.7938033">
        <time>2022-03-12T16:23:38Z</time>
      </trkpt>
      <trkpt lat="26.8404350" lon="75.7938083">
        <time>2022-03-12T16:23:39Z</time>
      </trkpt>
      <trkpt lat="26.8403750" lon="75.7938050">
        <time>2022-03-12T16:23:40Z</time>
      </trkpt>
      <trkpt lat="26.8403167" lon="75.7938017">
        <time>2022-03-12T16:23:41Z</time>
      </trkpt>
      <trkpt lat="26.8402633" lon="75.7938033">
        <time>2022-03-12T16:23:42Z</time>
      </trkpt>
      <trkpt lat="26.8402133" lon="75.7938000">
        <time>2022-03-12T16:23:43Z</time>
      </trkpt>
      <trkpt lat="26.8401650" lon="75.7937967">
        <time>2022-03-12T16:23:44Z</time>
      </trkpt>
      <trkpt lat="26.8401167" lon="75.7938033">
        <time>2022-03-12T16:23:45Z</time>
      </trkpt>
      <trkpt lat="26.8400633" lon="75.7938083">
        <time>2022-03-12T16:23:46Z</time>
      </trkpt>
      <trkpt lat="26.8399950" lon="75.7938167">
        <time>2022-03-12T16:23:47Z</time>
      </trkpt>
      <trkpt lat="26.8399183" lon="75.7938200">
        <time>2022-03-12T16:23:48Z</time>
      </trkpt>
      <trkpt lat="26.8398433" lon="75.7938167">
        <time>2022-03-12T16:23:49Z</time>
      </trkpt>
      <trkpt lat="26.8397750" lon="75.7938167">
        <time>2022-03-12T16:23:50Z</time>
      </trkpt>
      <trkpt lat="26.8397183" lon="75.7938150">
        <time>2022-03-12T16:23:51Z</time>
      </trkpt>
      <trkpt lat="26.8396817" lon="75.7938167">
        <time>2022-03-12T16:23:52Z</time>
      </trkpt>
      <trkpt lat="26.8396567" lon="75.7938150">
        <time>2022-03-12T16:23:53Z</time>
      </trkpt>
      <trkpt lat="26.8396433" lon="75.7938117">
        <time>2022-03-12T16:23:54Z</time>
      </trkpt>
      <trkpt lat="26.8396317" lon="75.7938117">
        <time>2022-03-12T16:23:55Z</time>
      </trkpt>
      <trkpt lat="26.8396200" lon="75.7938117">
        <time>2022-03-12T16:23:56Z</time>
      </trkpt>
      <trkpt lat="26.8396117" lon="75.7938167">
        <time>2022-03-12T16:23:57Z</time>
      </trkpt>
      <trkpt lat="26.8396050" lon="75.7938200">
        <time>2022-03-12T16:23:58Z</time>
      </trkpt>
      <trkpt lat="26.8396033" lon="75.7938183">
        <time>2022-03-12T16:23:59Z</time>
      </trkpt>
      <trkpt lat="26.8396033" lon="75.7938183">
        <time>2022-03-12T16:24:00Z</time>
      </trkpt>
      <trkpt lat="26.8396033" lon="75.7938183">
        <time>2022-03-12T16:24:01Z</time>
      </trkpt>
      <trkpt lat="26.8396033" lon="75.7938183">
        <time>2022-03-12T16:24:02Z</time>
      </trkpt>
      <trkpt lat="26.8396033" lon="75.7938183">
        <time>2022-03-12T16:24:03Z</time>
      </trkpt>
      <trkpt lat="26.8396033" lon="75.7938183">
        <time>2022-03-12T16:24:04Z</time>
      </trkpt>
      <trkpt lat="26.8396033" lon="75.7938183">
        <time>2022-03-12T16:24:05Z</time>
      </trkpt>
      <trkpt lat="26.8396033" lon="75.7938183">
        <time>2022-03-12T16:24:06Z</time>
      </trkpt>
      <trkpt lat="26.8396033" lon="75.7938183">
        <time>2022-03-12T16:24:07Z</time>
      </trkpt>
      <trkpt lat="26.8396033" lon="75.7938183">
        <time>2022-03-12T16:24:08Z</time>
      </trkpt>
      <trkpt lat="26.8396033" lon="75.7938183">
        <time>2022-03-12T16:24:09Z</time>
      </trkpt>
      <trkpt lat="26.8396033" lon="75.7938183">
        <time>2022-03-12T16:24:10Z</time>
      </trkpt>
      <trkpt lat="26.8396033" lon="75.7938183">
        <time>2022-03-12T16:24:11Z</time>
      </trkpt>
      <trkpt lat="26.8396033" lon="75.7938183">
        <time>2022-03-12T16:24:12Z</time>
      </trkpt>
      <trkpt lat="26.8396033" lon="75.7938183">
        <time>2022-03-12T16:24:13Z</time>
      </trkpt>
      <trkpt lat="26.8396033" lon="75.7938183">
        <time>2022-03-12T16:24:14Z</time>
      </trkpt>
      <trkpt lat="26.8396033" lon="75.7938183">
        <time>2022-03-12T16:24:15Z</time>
      </trkpt>
      <trkpt lat="26.8396033" lon="75.7938183">
        <time>2022-03-12T16:24:16Z</time>
      </trkpt>
      <trkpt lat="26.8396033" lon="75.7938183">
        <time>2022-03-12T16:24:17Z</time>
      </trkpt>
      <trkpt lat="26.8396033" lon="75.7938183">
        <time>2022-03-12T16:24:18Z</time>
      </trkpt>
      <trkpt lat="26.8396033" lon="75.7938183">
        <time>2022-03-12T16:24:19Z</time>
      </trkpt>
      <trkpt lat="26.8396033" lon="75.7938183">
        <time>2022-03-12T16:24:20Z</time>
      </trkpt>
      <trkpt lat="26.8396033" lon="75.7938183">
        <time>2022-03-12T16:24:21Z</time>
      </trkpt>
      <trkpt lat="26.8396033" lon="75.7938183">
        <time>2022-03-12T16:24:22Z</time>
      </trkpt>
      <trkpt lat="26.8396033" lon="75.7938183">
        <time>2022-03-12T16:24:23Z</time>
      </trkpt>
      <trkpt lat="26.8396033" lon="75.7938183">
        <time>2022-03-12T16:24:24Z</time>
      </trkpt>
      <trkpt lat="26.8396033" lon="75.7938183">
        <time>2022-03-12T16:24:25Z</time>
      </trkpt>
      <trkpt lat="26.8396033" lon="75.7938183">
        <time>2022-03-12T16:24:26Z</time>
      </trkpt>
      <trkpt lat="26.8396033" lon="75.7938183">
        <time>2022-03-12T16:24:27Z</time>
      </trkpt>
      <trkpt lat="26.8396033" lon="75.7938183">
        <time>2022-03-12T16:24:28Z</time>
      </trkpt>
      <trkpt lat="26.8396033" lon="75.7938183">
        <time>2022-03-12T16:24:29Z</time>
      </trkpt>
      <trkpt lat="26.8396033" lon="75.7938183">
        <time>2022-03-12T16:24:30Z</time>
      </trkpt>
      <trkpt lat="26.8396033" lon="75.7938183">
        <time>2022-03-12T16:24:31Z</time>
      </trkpt>
      <trkpt lat="26.8396033" lon="75.7938183">
        <time>2022-03-12T16:24:32Z</time>
      </trkpt>
      <trkpt lat="26.8396033" lon="75.7938183">
        <time>2022-03-12T16:24:33Z</time>
      </trkpt>
      <trkpt lat="26.8396033" lon="75.7938183">
        <time>2022-03-12T16:24:34Z</time>
      </trkpt>
      <trkpt lat="26.8396033" lon="75.7938183">
        <time>2022-03-12T16:24:35Z</time>
      </trkpt>
      <trkpt lat="26.8396033" lon="75.7938183">
        <time>2022-03-12T16:24:36Z</time>
      </trkpt>
      <trkpt lat="26.8396033" lon="75.7938183">
        <time>2022-03-12T16:24:37Z</time>
      </trkpt>
      <trkpt lat="26.8396033" lon="75.7938183">
        <time>2022-03-12T16:24:38Z</time>
      </trkpt>
      <trkpt lat="26.8396033" lon="75.7938183">
        <time>2022-03-12T16:24:39Z</time>
      </trkpt>
      <trkpt lat="26.8396033" lon="75.7938183">
        <time>2022-03-12T16:24:40Z</time>
      </trkpt>
      <trkpt lat="26.8396033" lon="75.7938183">
        <time>2022-03-12T16:24:41Z</time>
      </trkpt>
      <trkpt lat="26.8396033" lon="75.7938183">
        <time>2022-03-12T16:24:42Z</time>
      </trkpt>
      <trkpt lat="26.8396033" lon="75.7938183">
        <time>2022-03-12T16:24:43Z</time>
      </trkpt>
      <trkpt lat="26.8396033" lon="75.7938183">
        <time>2022-03-12T16:24:44Z</time>
      </trkpt>
      <trkpt lat="26.8396033" lon="75.7938183">
        <time>2022-03-12T16:24:45Z</time>
      </trkpt>
      <trkpt lat="26.8396033" lon="75.7938183">
        <time>2022-03-12T16:24:46Z</time>
      </trkpt>
      <trkpt lat="26.8396033" lon="75.7938183">
        <time>2022-03-12T16:24:47Z</time>
      </trkpt>
      <trkpt lat="26.8396033" lon="75.7938183">
        <time>2022-03-12T16:24:48Z</time>
      </trkpt>
      <trkpt lat="26.8396033" lon="75.7938183">
        <time>2022-03-12T16:24:49Z</time>
      </trkpt>
      <trkpt lat="26.8396033" lon="75.7938183">
        <time>2022-03-12T16:24:50Z</time>
      </trkpt>
      <trkpt lat="26.8396033" lon="75.7938183">
        <time>2022-03-12T16:24:51Z</time>
      </trkpt>
      <trkpt lat="26.8396033" lon="75.7938183">
        <time>2022-03-12T16:24:52Z</time>
      </trkpt>
      <trkpt lat="26.8396033" lon="75.7938183">
        <time>2022-03-12T16:24:53Z</time>
      </trkpt>
      <trkpt lat="26.8396033" lon="75.7938183">
        <time>2022-03-12T16:24:54Z</time>
      </trkpt>
      <trkpt lat="26.8396033" lon="75.7938183">
        <time>2022-03-12T16:24:55Z</time>
      </trkpt>
      <trkpt lat="26.8396033" lon="75.7938183">
        <time>2022-03-12T16:24:56Z</time>
      </trkpt>
      <trkpt lat="26.8396033" lon="75.7938183">
        <time>2022-03-12T16:24:57Z</time>
      </trkpt>
      <trkpt lat="26.8396033" lon="75.7938183">
        <time>2022-03-12T16:24:58Z</time>
      </trkpt>
      <trkpt lat="26.8396033" lon="75.7938183">
        <time>2022-03-12T16:24:59Z</time>
      </trkpt>
      <trkpt lat="26.8396033" lon="75.7938183">
        <time>2022-03-12T16:25:00Z</time>
      </trkpt>
      <trkpt lat="26.8396033" lon="75.7938183">
        <time>2022-03-12T16:25:01Z</time>
      </trkpt>
      <trkpt lat="26.8396033" lon="75.7938183">
        <time>2022-03-12T16:25:02Z</time>
      </trkpt>
      <trkpt lat="26.8396033" lon="75.7938183">
        <time>2022-03-12T16:25:03Z</time>
      </trkpt>
      <trkpt lat="26.8396033" lon="75.7938183">
        <time>2022-03-12T16:25:04Z</time>
      </trkpt>
      <trkpt lat="26.8396033" lon="75.7938183">
        <time>2022-03-12T16:25:05Z</time>
      </trkpt>
      <trkpt lat="26.8396033" lon="75.7938183">
        <time>2022-03-12T16:25:06Z</time>
      </trkpt>
      <trkpt lat="26.8396033" lon="75.7938183">
        <time>2022-03-12T16:25:07Z</time>
      </trkpt>
      <trkpt lat="26.8396033" lon="75.7938183">
        <time>2022-03-12T16:25:08Z</time>
      </trkpt>
      <trkpt lat="26.8395767" lon="75.7938233">
        <time>2022-03-12T16:25:09Z</time>
      </trkpt>
      <trkpt lat="26.8395583" lon="75.7938267">
        <time>2022-03-12T16:25:10Z</time>
      </trkpt>
      <trkpt lat="26.8395450" lon="75.7938283">
        <time>2022-03-12T16:25:11Z</time>
      </trkpt>
      <trkpt lat="26.8395333" lon="75.7938367">
        <time>2022-03-12T16:25:12Z</time>
      </trkpt>
      <trkpt lat="26.8395233" lon="75.7938433">
        <time>2022-03-12T16:25:13Z</time>
      </trkpt>
      <trkpt lat="26.8395100" lon="75.7938467">
        <time>2022-03-12T16:25:14Z</time>
      </trkpt>
      <trkpt lat="26.8394967" lon="75.7938533">
        <time>2022-03-12T16:25:15Z</time>
      </trkpt>
      <trkpt lat="26.8394833" lon="75.7938567">
        <time>2022-03-12T16:25:16Z</time>
      </trkpt>
      <trkpt lat="26.8394633" lon="75.7938583">
        <time>2022-03-12T16:25:17Z</time>
      </trkpt>
      <trkpt lat="26.8394383" lon="75.7938567">
        <time>2022-03-12T16:25:18Z</time>
      </trkpt>
      <trkpt lat="26.8394083" lon="75.7938583">
        <time>2022-03-12T16:25:19Z</time>
      </trkpt>
      <trkpt lat="26.8393750" lon="75.7938567">
        <time>2022-03-12T16:25:20Z</time>
      </trkpt>
      <trkpt lat="26.8393450" lon="75.7938517">
        <time>2022-03-12T16:25:21Z</time>
      </trkpt>
      <trkpt lat="26.8393150" lon="75.7938517">
        <time>2022-03-12T16:25:22Z</time>
      </trkpt>
      <trkpt lat="26.8392850" lon="75.7938483">
        <time>2022-03-12T16:25:23Z</time>
      </trkpt>
      <trkpt lat="26.8392483" lon="75.7938467">
        <time>2022-03-12T16:25:24Z</time>
      </trkpt>
      <trkpt lat="26.8392117" lon="75.7938450">
        <time>2022-03-12T16:25:25Z</time>
      </trkpt>
      <trkpt lat="26.8391717" lon="75.7938417">
        <time>2022-03-12T16:25:26Z</time>
      </trkpt>
      <trkpt lat="26.8391367" lon="75.7938400">
        <time>2022-03-12T16:25:27Z</time>
      </trkpt>
      <trkpt lat="26.8390917" lon="75.7938250">
        <time>2022-03-12T16:25:28Z</time>
      </trkpt>
      <trkpt lat="26.8390450" lon="75.7937967">
        <time>2022-03-12T16:25:29Z</time>
      </trkpt>
      <trkpt lat="26.8389983" lon="75.7937533">
        <time>2022-03-12T16:25:30Z</time>
      </trkpt>
      <trkpt lat="26.8389650" lon="75.7937000">
        <time>2022-03-12T16:25:31Z</time>
      </trkpt>
      <trkpt lat="26.8389467" lon="75.7936367">
        <time>2022-03-12T16:25:32Z</time>
      </trkpt>
      <trkpt lat="26.8389433" lon="75.7935717">
        <time>2022-03-12T16:25:33Z</time>
      </trkpt>
      <trkpt lat="26.8389467" lon="75.7934967">
        <time>2022-03-12T16:25:34Z</time>
      </trkpt>
      <trkpt lat="26.8389500" lon="75.7934217">
        <time>2022-03-12T16:25:35Z</time>
      </trkpt>
      <trkpt lat="26.8389500" lon="75.7933483">
        <time>2022-03-12T16:25:36Z</time>
      </trkpt>
      <trkpt lat="26.8389583" lon="75.7932767">
        <time>2022-03-12T16:25:37Z</time>
      </trkpt>
      <trkpt lat="26.8389650" lon="75.7932017">
        <time>2022-03-12T16:25:38Z</time>
      </trkpt>
      <trkpt lat="26.8389700" lon="75.7931150">
        <time>2022-03-12T16:25:39Z</time>
      </trkpt>
      <trkpt lat="26.8389767" lon="75.7930250">
        <time>2022-03-12T16:25:40Z</time>
      </trkpt>
      <trkpt lat="26.8389817" lon="75.7929250">
        <time>2022-03-12T16:25:41Z</time>
      </trkpt>
      <trkpt lat="26.8389867" lon="75.7928217">
        <time>2022-03-12T16:25:42Z</time>
      </trkpt>
      <trkpt lat="26.8389917" lon="75.7927133">
        <time>2022-03-12T16:25:43Z</time>
      </trkpt>
      <trkpt lat="26.8389933" lon="75.7925983">
        <time>2022-03-12T16:25:44Z</time>
      </trkpt>
      <trkpt lat="26.8389967" lon="75.7924867">
        <time>2022-03-12T16:25:45Z</time>
      </trkpt>
      <trkpt lat="26.8389967" lon="75.7923783">
        <time>2022-03-12T16:25:46Z</time>
      </trkpt>
      <trkpt lat="26.8389983" lon="75.7922700">
        <time>2022-03-12T16:25:47Z</time>
      </trkpt>
      <trkpt lat="26.8389967" lon="75.7921667">
        <time>2022-03-12T16:25:48Z</time>
      </trkpt>
      <trkpt lat="26.8389983" lon="75.7920583">
        <time>2022-03-12T16:25:49Z</time>
      </trkpt>
      <trkpt lat="26.8389983" lon="75.7919483">
        <time>2022-03-12T16:25:50Z</time>
      </trkpt>
      <trkpt lat="26.8389983" lon="75.7918417">
        <time>2022-03-12T16:25:51Z</time>
      </trkpt>
      <trkpt lat="26.8390017" lon="75.7917317">
        <time>2022-03-12T16:25:52Z</time>
      </trkpt>
      <trkpt lat="26.8390067" lon="75.7916200">
        <time>2022-03-12T16:25:53Z</time>
      </trkpt>
      <trkpt lat="26.8390083" lon="75.7915050">
        <time>2022-03-12T16:25:54Z</time>
      </trkpt>
      <trkpt lat="26.8390100" lon="75.7913850">
        <time>2022-03-12T16:25:55Z</time>
      </trkpt>
      <trkpt lat="26.8390183" lon="75.7912667">
        <time>2022-03-12T16:25:56Z</time>
      </trkpt>
      <trkpt lat="26.8390217" lon="75.7911550">
        <time>2022-03-12T16:25:57Z</time>
      </trkpt>
      <trkpt lat="26.8390233" lon="75.7910400">
        <time>2022-03-12T16:25:58Z</time>
      </trkpt>
      <trkpt lat="26.8390150" lon="75.7909217">
        <time>2022-03-12T16:25:59Z</time>
      </trkpt>
      <trkpt lat="26.8390067" lon="75.7907950">
        <time>2022-03-12T16:26:00Z</time>
      </trkpt>
      <trkpt lat="26.8390017" lon="75.7906550">
        <time>2022-03-12T16:26:01Z</time>
      </trkpt>
      <trkpt lat="26.8389817" lon="75.7905100">
        <time>2022-03-12T16:26:02Z</time>
      </trkpt>
      <trkpt lat="26.8389733" lon="75.7903617">
        <time>2022-03-12T16:26:03Z</time>
      </trkpt>
      <trkpt lat="26.8389583" lon="75.7902133">
        <time>2022-03-12T16:26:04Z</time>
      </trkpt>
      <trkpt lat="26.8389383" lon="75.7900717">
        <time>2022-03-12T16:26:05Z</time>
      </trkpt>
      <trkpt lat="26.8389267" lon="75.7899300">
        <time>2022-03-12T16:26:06Z</time>
      </trkpt>
      <trkpt lat="26.8389100" lon="75.7897883">
        <time>2022-03-12T16:26:07Z</time>
      </trkpt>
      <trkpt lat="26.8388967" lon="75.7896433">
        <time>2022-03-12T16:26:08Z</time>
      </trkpt>
      <trkpt lat="26.8388850" lon="75.7894900">
        <time>2022-03-12T16:26:09Z</time>
      </trkpt>
      <trkpt lat="26.8388683" lon="75.7893250">
        <time>2022-03-12T16:26:10Z</time>
      </trkpt>
      <trkpt lat="26.8388467" lon="75.7891583">
        <time>2022-03-12T16:26:11Z</time>
      </trkpt>
      <trkpt lat="26.8388217" lon="75.7889883">
        <time>2022-03-12T16:26:12Z</time>
      </trkpt>
      <trkpt lat="26.8387900" lon="75.7888200">
        <time>2022-03-12T16:26:13Z</time>
      </trkpt>
      <trkpt lat="26.8387550" lon="75.7886683">
        <time>2022-03-12T16:26:14Z</time>
      </trkpt>
      <trkpt lat="26.8387217" lon="75.7885117">
        <time>2022-03-12T16:26:15Z</time>
      </trkpt>
      <trkpt lat="26.8386917" lon="75.7883500">
        <time>2022-03-12T16:26:16Z</time>
      </trkpt>
      <trkpt lat="26.8386567" lon="75.7882017">
        <time>2022-03-12T16:26:17Z</time>
      </trkpt>
      <trkpt lat="26.8386267" lon="75.7880550">
        <time>2022-03-12T16:26:18Z</time>
      </trkpt>
      <trkpt lat="26.8385950" lon="75.7879167">
        <time>2022-03-12T16:26:19Z</time>
      </trkpt>
      <trkpt lat="26.8385767" lon="75.7877883">
        <time>2022-03-12T16:26:20Z</time>
      </trkpt>
      <trkpt lat="26.8385583" lon="75.7876583">
        <time>2022-03-12T16:26:21Z</time>
      </trkpt>
      <trkpt lat="26.8385483" lon="75.7875150">
        <time>2022-03-12T16:26:22Z</time>
      </trkpt>
      <trkpt lat="26.8385400" lon="75.7873667">
        <time>2022-03-12T16:26:23Z</time>
      </trkpt>
      <trkpt lat="26.8385283" lon="75.7872217">
        <time>2022-03-12T16:26:24Z</time>
      </trkpt>
      <trkpt lat="26.8385200" lon="75.7870733">
        <time>2022-03-12T16:26:25Z</time>
      </trkpt>
      <trkpt lat="26.8385167" lon="75.7869283">
        <time>2022-03-12T16:26:26Z</time>
      </trkpt>
      <trkpt lat="26.8385183" lon="75.7867883">
        <time>2022-03-12T16:26:27Z</time>
      </trkpt>
      <trkpt lat="26.8385167" lon="75.7866517">
        <time>2022-03-12T16:26:28Z</time>
      </trkpt>
      <trkpt lat="26.8385200" lon="75.7865067">
        <time>2022-03-12T16:26:29Z</time>
      </trkpt>
      <trkpt lat="26.8385350" lon="75.7863633">
        <time>2022-03-12T16:26:30Z</time>
      </trkpt>
      <trkpt lat="26.8385550" lon="75.7862117">
        <time>2022-03-12T16:26:31Z</time>
      </trkpt>
      <trkpt lat="26.8385767" lon="75.7860583">
        <time>2022-03-12T16:26:32Z</time>
      </trkpt>
      <trkpt lat="26.8386017" lon="75.7859100">
        <time>2022-03-12T16:26:33Z</time>
      </trkpt>
      <trkpt lat="26.8386367" lon="75.7857617">
        <time>2022-03-12T16:26:34Z</time>
      </trkpt>
      <trkpt lat="26.8386683" lon="75.7856200">
        <time>2022-03-12T16:26:35Z</time>
      </trkpt>
      <trkpt lat="26.8387083" lon="75.7854850">
        <time>2022-03-12T16:26:36Z</time>
      </trkpt>
      <trkpt lat="26.8387350" lon="75.7853633">
        <time>2022-03-12T16:26:37Z</time>
      </trkpt>
      <trkpt lat="26.8387783" lon="75.7852483">
        <time>2022-03-12T16:26:38Z</time>
      </trkpt>
      <trkpt lat="26.8388233" lon="75.7851333">
        <time>2022-03-12T16:26:39Z</time>
      </trkpt>
      <trkpt lat="26.8388717" lon="75.7850250">
        <time>2022-03-12T16:26:40Z</time>
      </trkpt>
      <trkpt lat="26.8389167" lon="75.7848883">
        <time>2022-03-12T16:26:41Z</time>
      </trkpt>
      <trkpt lat="26.8389617" lon="75.7847200">
        <time>2022-03-12T16:26:42Z</time>
      </trkpt>
      <trkpt lat="26.8390050" lon="75.7845600">
        <time>2022-03-12T16:26:43Z</time>
      </trkpt>
      <trkpt lat="26.8390533" lon="75.7844100">
        <time>2022-03-12T16:26:44Z</time>
      </trkpt>
      <trkpt lat="26.8390883" lon="75.7842683">
        <time>2022-03-12T16:26:45Z</time>
      </trkpt>
      <trkpt lat="26.8391000" lon="75.7841300">
        <time>2022-03-12T16:26:46Z</time>
      </trkpt>
      <trkpt lat="26.8391033" lon="75.7839950">
        <time>2022-03-12T16:26:47Z</time>
      </trkpt>
      <trkpt lat="26.8390983" lon="75.7838550">
        <time>2022-03-12T16:26:48Z</time>
      </trkpt>
      <trkpt lat="26.8390850" lon="75.7837200">
        <time>2022-03-12T16:26:49Z</time>
      </trkpt>
      <trkpt lat="26.8390533" lon="75.7835883">
        <time>2022-03-12T16:26:50Z</time>
      </trkpt>
      <trkpt lat="26.8390267" lon="75.7834467">
        <time>2022-03-12T16:26:51Z</time>
      </trkpt>
      <trkpt lat="26.8389967" lon="75.7832967">
        <time>2022-03-12T16:26:52Z</time>
      </trkpt>
      <trkpt lat="26.8389683" lon="75.7831367">
        <time>2022-03-12T16:26:53Z</time>
      </trkpt>
      <trkpt lat="26.8389500" lon="75.7829817">
        <time>2022-03-12T16:26:54Z</time>
      </trkpt>
      <trkpt lat="26.8389267" lon="75.7828333">
        <time>2022-03-12T16:26:55Z</time>
      </trkpt>
      <trkpt lat="26.8389067" lon="75.7826700">
        <time>2022-03-12T16:26:56Z</time>
      </trkpt>
      <trkpt lat="26.8388833" lon="75.7825200">
        <time>2022-03-12T16:26:57Z</time>
      </trkpt>
      <trkpt lat="26.8388650" lon="75.7823650">
        <time>2022-03-12T16:26:58Z</time>
      </trkpt>
      <trkpt lat="26.8388550" lon="75.7822117">
        <time>2022-03-12T16:26:59Z</time>
      </trkpt>
      <trkpt lat="26.8388500" lon="75.7820600">
        <time>2022-03-12T16:27:00Z</time>
      </trkpt>
      <trkpt lat="26.8388467" lon="75.7818967">
        <time>2022-03-12T16:27:01Z</time>
      </trkpt>
      <trkpt lat="26.8388567" lon="75.7817400">
        <time>2022-03-12T16:27:02Z</time>
      </trkpt>
      <trkpt lat="26.8388783" lon="75.7815833">
        <time>2022-03-12T16:27:03Z</time>
      </trkpt>
      <trkpt lat="26.8389067" lon="75.7814200">
        <time>2022-03-12T16:27:04Z</time>
      </trkpt>
      <trkpt lat="26.8389333" lon="75.7812533">
        <time>2022-03-12T16:27:05Z</time>
      </trkpt>
      <trkpt lat="26.8389650" lon="75.7810950">
        <time>2022-03-12T16:27:06Z</time>
      </trkpt>
      <trkpt lat="26.8389917" lon="75.7809383">
        <time>2022-03-12T16:27:07Z</time>
      </trkpt>
      <trkpt lat="26.8390300" lon="75.7807917">
        <time>2022-03-12T16:27:08Z</time>
      </trkpt>
      <trkpt lat="26.8390683" lon="75.7806433">
        <time>2022-03-12T16:27:09Z</time>
      </trkpt>
      <trkpt lat="26.8391183" lon="75.7804917">
        <time>2022-03-12T16:27:10Z</time>
      </trkpt>
      <trkpt lat="26.8391567" lon="75.7803400">
        <time>2022-03-12T16:27:11Z</time>
      </trkpt>
      <trkpt lat="26.8391967" lon="75.7801933">
        <time>2022-03-12T16:27:12Z</time>
      </trkpt>
      <trkpt lat="26.8392433" lon="75.7800550">
        <time>2022-03-12T16:27:13Z</time>
      </trkpt>
      <trkpt lat="26.8392867" lon="75.7799183">
        <time>2022-03-12T16:27:14Z</time>
      </trkpt>
      <trkpt lat="26.8393333" lon="75.7797833">
        <time>2022-03-12T16:27:15Z</time>
      </trkpt>
      <trkpt lat="26.8393783" lon="75.7796533">
        <time>2022-03-12T16:27:16Z</time>
      </trkpt>
      <trkpt lat="26.8394183" lon="75.7795217">
        <time>2022-03-12T16:27:17Z</time>
      </trkpt>
      <trkpt lat="26.8394567" lon="75.7793883">
        <time>2022-03-12T16:27:18Z</time>
      </trkpt>
      <trkpt lat="26.8394917" lon="75.7792550">
        <time>2022-03-12T16:27:19Z</time>
      </trkpt>
      <trkpt lat="26.8395250" lon="75.7791250">
        <time>2022-03-12T16:27:20Z</time>
      </trkpt>
      <trkpt lat="26.8395583" lon="75.7789967">
        <time>2022-03-12T16:27:21Z</time>
      </trkpt>
      <trkpt lat="26.8395883" lon="75.7788717">
        <time>2022-03-12T16:27:22Z</time>
      </trkpt>
      <trkpt lat="26.8396200" lon="75.7787500">
        <time>2022-03-12T16:27:23Z</time>
      </trkpt>
      <trkpt lat="26.8396517" lon="75.7786350">
        <time>2022-03-12T16:27:24Z</time>
      </trkpt>
      <trkpt lat="26.8396783" lon="75.7785283">
        <time>2022-03-12T16:27:25Z</time>
      </trkpt>
      <trkpt lat="26.8397000" lon="75.7784200">
        <time>2022-03-12T16:27:26Z</time>
      </trkpt>
      <trkpt lat="26.8397150" lon="75.7782983">
        <time>2022-03-12T16:27:27Z</time>
      </trkpt>
      <trkpt lat="26.8397217" lon="75.7781700">
        <time>2022-03-12T16:27:28Z</time>
      </trkpt>
      <trkpt lat="26.8397233" lon="75.7780567">
        <time>2022-03-12T16:27:29Z</time>
      </trkpt>
      <trkpt lat="26.8397250" lon="75.7779550">
        <time>2022-03-12T16:27:30Z</time>
      </trkpt>
      <trkpt lat="26.8397250" lon="75.7778633">
        <time>2022-03-12T16:27:31Z</time>
      </trkpt>
      <trkpt lat="26.8397233" lon="75.7777783">
        <time>2022-03-12T16:27:32Z</time>
      </trkpt>
      <trkpt lat="26.8397300" lon="75.7776950">
        <time>2022-03-12T16:27:33Z</time>
      </trkpt>
      <trkpt lat="26.8397267" lon="75.7776250">
        <time>2022-03-12T16:27:34Z</time>
      </trkpt>
      <trkpt lat="26.8397300" lon="75.7775633">
        <time>2022-03-12T16:27:35Z</time>
      </trkpt>
      <trkpt lat="26.8397350" lon="75.7775100">
        <time>2022-03-12T16:27:36Z</time>
      </trkpt>
      <trkpt lat="26.8397283" lon="75.7774683">
        <time>2022-03-12T16:27:37Z</time>
      </trkpt>
      <trkpt lat="26.8397250" lon="75.7774367">
        <time>2022-03-12T16:27:38Z</time>
      </trkpt>
      <trkpt lat="26.8397250" lon="75.7774200">
        <time>2022-03-12T16:27:39Z</time>
      </trkpt>
      <trkpt lat="26.8397250" lon="75.7774150">
        <time>2022-03-12T16:27:40Z</time>
      </trkpt>
      <trkpt lat="26.8397267" lon="75.7774150">
        <time>2022-03-12T16:27:41Z</time>
      </trkpt>
      <trkpt lat="26.8397267" lon="75.7774217">
        <time>2022-03-12T16:27:42Z</time>
      </trkpt>
      <trkpt lat="26.8397267" lon="75.7774217">
        <time>2022-03-12T16:27:43Z</time>
      </trkpt>
      <trkpt lat="26.8397267" lon="75.7774217">
        <time>2022-03-12T16:27:44Z</time>
      </trkpt>
      <trkpt lat="26.8397267" lon="75.7774217">
        <time>2022-03-12T16:27:45Z</time>
      </trkpt>
      <trkpt lat="26.8397267" lon="75.7774217">
        <time>2022-03-12T16:27:46Z</time>
      </trkpt>
      <trkpt lat="26.8397267" lon="75.7774217">
        <time>2022-03-12T16:27:47Z</time>
      </trkpt>
      <trkpt lat="26.8397267" lon="75.7774217">
        <time>2022-03-12T16:27:48Z</time>
      </trkpt>
      <trkpt lat="26.8397267" lon="75.7774217">
        <time>2022-03-12T16:27:49Z</time>
      </trkpt>
      <trkpt lat="26.8397267" lon="75.7774217">
        <time>2022-03-12T16:27:50Z</time>
      </trkpt>
      <trkpt lat="26.8397267" lon="75.7774217">
        <time>2022-03-12T16:27:51Z</time>
      </trkpt>
      <trkpt lat="26.8397267" lon="75.7774217">
        <time>2022-03-12T16:27:52Z</time>
      </trkpt>
      <trkpt lat="26.8397267" lon="75.7774217">
        <time>2022-03-12T16:27:53Z</time>
      </trkpt>
      <trkpt lat="26.8397267" lon="75.7774217">
        <time>2022-03-12T16:27:54Z</time>
      </trkpt>
      <trkpt lat="26.8397267" lon="75.7774217">
        <time>2022-03-12T16:27:55Z</time>
      </trkpt>
      <trkpt lat="26.8397267" lon="75.7774217">
        <time>2022-03-12T16:27:56Z</time>
      </trkpt>
      <trkpt lat="26.8397267" lon="75.7774217">
        <time>2022-03-12T16:27:57Z</time>
      </trkpt>
      <trkpt lat="26.8397267" lon="75.7774217">
        <time>2022-03-12T16:27:58Z</time>
      </trkpt>
      <trkpt lat="26.8397267" lon="75.7774217">
        <time>2022-03-12T16:27:59Z</time>
      </trkpt>
      <trkpt lat="26.8397267" lon="75.7774217">
        <time>2022-03-12T16:28:00Z</time>
      </trkpt>
      <trkpt lat="26.8397267" lon="75.7774217">
        <time>2022-03-12T16:28:01Z</time>
      </trkpt>
      <trkpt lat="26.8397267" lon="75.7774217">
        <time>2022-03-12T16:28:02Z</time>
      </trkpt>
      <trkpt lat="26.8397267" lon="75.7774217">
        <time>2022-03-12T16:28:03Z</time>
      </trkpt>
      <trkpt lat="26.8397267" lon="75.7774217">
        <time>2022-03-12T16:28:04Z</time>
      </trkpt>
      <trkpt lat="26.8397267" lon="75.7774217">
        <time>2022-03-12T16:28:05Z</time>
      </trkpt>
      <trkpt lat="26.8397267" lon="75.7774217">
        <time>2022-03-12T16:28:06Z</time>
      </trkpt>
      <trkpt lat="26.8397267" lon="75.7774217">
        <time>2022-03-12T16:28:07Z</time>
      </trkpt>
      <trkpt lat="26.8397267" lon="75.7774217">
        <time>2022-03-12T16:28:08Z</time>
      </trkpt>
      <trkpt lat="26.8397267" lon="75.7774217">
        <time>2022-03-12T16:28:09Z</time>
      </trkpt>
      <trkpt lat="26.8397267" lon="75.7774217">
        <time>2022-03-12T16:28:10Z</time>
      </trkpt>
      <trkpt lat="26.8397267" lon="75.7774217">
        <time>2022-03-12T16:28:11Z</time>
      </trkpt>
      <trkpt lat="26.8397267" lon="75.7774217">
        <time>2022-03-12T16:28:12Z</time>
      </trkpt>
      <trkpt lat="26.8397267" lon="75.7774217">
        <time>2022-03-12T16:28:13Z</time>
      </trkpt>
      <trkpt lat="26.8397267" lon="75.7774217">
        <time>2022-03-12T16:28:14Z</time>
      </trkpt>
      <trkpt lat="26.8397267" lon="75.7774217">
        <time>2022-03-12T16:28:15Z</time>
      </trkpt>
      <trkpt lat="26.8397267" lon="75.7774217">
        <time>2022-03-12T16:28:16Z</time>
      </trkpt>
      <trkpt lat="26.8397267" lon="75.7774217">
        <time>2022-03-12T16:28:17Z</time>
      </trkpt>
      <trkpt lat="26.8397267" lon="75.7774217">
        <time>2022-03-12T16:28:18Z</time>
      </trkpt>
      <trkpt lat="26.8397267" lon="75.7774217">
        <time>2022-03-12T16:28:19Z</time>
      </trkpt>
      <trkpt lat="26.8397267" lon="75.7774217">
        <time>2022-03-12T16:28:20Z</time>
      </trkpt>
      <trkpt lat="26.8397267" lon="75.7774217">
        <time>2022-03-12T16:28:21Z</time>
      </trkpt>
      <trkpt lat="26.8397267" lon="75.7774217">
        <time>2022-03-12T16:28:22Z</time>
      </trkpt>
      <trkpt lat="26.8397267" lon="75.7774217">
        <time>2022-03-12T16:28:23Z</time>
      </trkpt>
      <trkpt lat="26.8397267" lon="75.7774217">
        <time>2022-03-12T16:28:24Z</time>
      </trkpt>
      <trkpt lat="26.8397267" lon="75.7774217">
        <time>2022-03-12T16:28:25Z</time>
      </trkpt>
      <trkpt lat="26.8397417" lon="75.7773717">
        <time>2022-03-12T16:28:26Z</time>
      </trkpt>
      <trkpt lat="26.8397450" lon="75.7773500">
        <time>2022-03-12T16:28:27Z</time>
      </trkpt>
      <trkpt lat="26.8397450" lon="75.7773300">
        <time>2022-03-12T16:28:28Z</time>
      </trkpt>
      <trkpt lat="26.8397433" lon="75.7773133">
        <time>2022-03-12T16:28:29Z</time>
      </trkpt>
      <trkpt lat="26.8397450" lon="75.7772950">
        <time>2022-03-12T16:28:30Z</time>
      </trkpt>
      <trkpt lat="26.8397467" lon="75.7772783">
        <time>2022-03-12T16:28:31Z</time>
      </trkpt>
      <trkpt lat="26.8397450" lon="75.7772650">
        <time>2022-03-12T16:28:32Z</time>
      </trkpt>
      <trkpt lat="26.8397450" lon="75.7772500">
        <time>2022-03-12T16:28:33Z</time>
      </trkpt>
      <trkpt lat="26.8397467" lon="75.7772267">
        <time>2022-03-12T16:28:34Z</time>
      </trkpt>
      <trkpt lat="26.8397517" lon="75.7771883">
        <time>2022-03-12T16:28:35Z</time>
      </trkpt>
      <trkpt lat="26.8397617" lon="75.7771200">
        <time>2022-03-12T16:28:36Z</time>
      </trkpt>
      <trkpt lat="26.8397767" lon="75.7770367">
        <time>2022-03-12T16:28:37Z</time>
      </trkpt>
      <trkpt lat="26.8397917" lon="75.7769500">
        <time>2022-03-12T16:28:38Z</time>
      </trkpt>
      <trkpt lat="26.8398133" lon="75.7768533">
        <time>2022-03-12T16:28:39Z</time>
      </trkpt>
      <trkpt lat="26.8398267" lon="75.7767500">
        <time>2022-03-12T16:28:40Z</time>
      </trkpt>
      <trkpt lat="26.8398450" lon="75.7766350">
        <time>2022-03-12T16:28:41Z</time>
      </trkpt>
      <trkpt lat="26.8398617" lon="75.7765150">
        <time>2022-03-12T16:28:42Z</time>
      </trkpt>
      <trkpt lat="26.8398900" lon="75.7763933">
        <time>2022-03-12T16:28:43Z</time>
      </trkpt>
      <trkpt lat="26.8399100" lon="75.7762700">
        <time>2022-03-12T16:28:44Z</time>
      </trkpt>
      <trkpt lat="26.8399183" lon="75.7761400">
        <time>2022-03-12T16:28:45Z</time>
      </trkpt>
      <trkpt lat="26.8399250" lon="75.7760033">
        <time>2022-03-12T16:28:46Z</time>
      </trkpt>
      <trkpt lat="26.8399383" lon="75.7758717">
        <time>2022-03-12T16:28:47Z</time>
      </trkpt>
      <trkpt lat="26.8399550" lon="75.7757417">
        <time>2022-03-12T16:28:48Z</time>
      </trkpt>
      <trkpt lat="26.8399750" lon="75.7756117">
        <time>2022-03-12T16:28:49Z</time>
      </trkpt>
      <trkpt lat="26.8399967" lon="75.7754733">
        <time>2022-03-12T16:28:50Z</time>
      </trkpt>
      <trkpt lat="26.8400117" lon="75.7753350">
        <time>2022-03-12T16:28:51Z</time>
      </trkpt>
      <trkpt lat="26.8400217" lon="75.7752017">
        <time>2022-03-12T16:28:52Z</time>
      </trkpt>
      <trkpt lat="26.8400350" lon="75.7750717">
        <time>2022-03-12T16:28:53Z</time>
      </trkpt>
      <trkpt lat="26.8400567" lon="75.7749500">
        <time>2022-03-12T16:28:54Z</time>
      </trkpt>
      <trkpt lat="26.8400717" lon="75.7748400">
        <time>2022-03-12T16:28:55Z</time>
      </trkpt>
      <trkpt lat="26.8400833" lon="75.7747283">
        <time>2022-03-12T16:28:56Z</time>
      </trkpt>
      <trkpt lat="26.8400950" lon="75.7746150">
        <time>2022-03-12T16:28:57Z</time>
      </trkpt>
      <trkpt lat="26.8401067" lon="75.7745017">
        <time>2022-03-12T16:28:58Z</time>
      </trkpt>
      <trkpt lat="26.8401183" lon="75.7743933">
        <time>2022-03-12T16:28:59Z</time>
      </trkpt>
      <trkpt lat="26.8401333" lon="75.7742867">
        <time>2022-03-12T16:29:00Z</time>
      </trkpt>
      <trkpt lat="26.8401500" lon="75.7741783">
        <time>2022-03-12T16:29:01Z</time>
      </trkpt>
      <trkpt lat="26.8401650" lon="75.7740767">
        <time>2022-03-12T16:29:02Z</time>
      </trkpt>
      <trkpt lat="26.8401783" lon="75.7739700">
        <time>2022-03-12T16:29:03Z</time>
      </trkpt>
      <trkpt lat="26.8401900" lon="75.7738600">
        <time>2022-03-12T16:29:04Z</time>
      </trkpt>
      <trkpt lat="26.8402050" lon="75.7737517">
        <time>2022-03-12T16:29:05Z</time>
      </trkpt>
      <trkpt lat="26.8402167" lon="75.7736467">
        <time>2022-03-12T16:29:06Z</time>
      </trkpt>
      <trkpt lat="26.8402283" lon="75.7735350">
        <time>2022-03-12T16:29:07Z</time>
      </trkpt>
      <trkpt lat="26.8402383" lon="75.7734267">
        <time>2022-03-12T16:29:08Z</time>
      </trkpt>
      <trkpt lat="26.8402500" lon="75.7733150">
        <time>2022-03-12T16:29:09Z</time>
      </trkpt>
      <trkpt lat="26.8402583" lon="75.7732050">
        <time>2022-03-12T16:29:10Z</time>
      </trkpt>
      <trkpt lat="26.8402683" lon="75.7730967">
        <time>2022-03-12T16:29:11Z</time>
      </trkpt>
      <trkpt lat="26.8402783" lon="75.7729933">
        <time>2022-03-12T16:29:12Z</time>
      </trkpt>
      <trkpt lat="26.8402967" lon="75.7728883">
        <time>2022-03-12T16:29:13Z</time>
      </trkpt>
      <trkpt lat="26.8403167" lon="75.7727800">
        <time>2022-03-12T16:29:14Z</time>
      </trkpt>
      <trkpt lat="26.8403317" lon="75.7726767">
        <time>2022-03-12T16:29:15Z</time>
      </trkpt>
      <trkpt lat="26.8403467" lon="75.7725733">
        <time>2022-03-12T16:29:16Z</time>
      </trkpt>
      <trkpt lat="26.8403567" lon="75.7724733">
        <time>2022-03-12T16:29:17Z</time>
      </trkpt>
      <trkpt lat="26.8403683" lon="75.7723683">
        <time>2022-03-12T16:29:18Z</time>
      </trkpt>
      <trkpt lat="26.8403783" lon="75.7722567">
        <time>2022-03-12T16:29:19Z</time>
      </trkpt>
      <trkpt lat="26.8403867" lon="75.7721450">
        <time>2022-03-12T16:29:20Z</time>
      </trkpt>
      <trkpt lat="26.8404000" lon="75.7720300">
        <time>2022-03-12T16:29:21Z</time>
      </trkpt>
      <trkpt lat="26.8404133" lon="75.7719150">
        <time>2022-03-12T16:29:22Z</time>
      </trkpt>
      <trkpt lat="26.8404200" lon="75.7717983">
        <time>2022-03-12T16:29:23Z</time>
      </trkpt>
      <trkpt lat="26.8404333" lon="75.7716817">
        <time>2022-03-12T16:29:24Z</time>
      </trkpt>
      <trkpt lat="26.8404433" lon="75.7715783">
        <time>2022-03-12T16:29:25Z</time>
      </trkpt>
      <trkpt lat="26.8404517" lon="75.7714783">
        <time>2022-03-12T16:29:26Z</time>
      </trkpt>
      <trkpt lat="26.8404617" lon="75.7713800">
        <time>2022-03-12T16:29:27Z</time>
      </trkpt>
      <trkpt lat="26.8404700" lon="75.7712833">
        <time>2022-03-12T16:29:28Z</time>
      </trkpt>
      <trkpt lat="26.8404800" lon="75.7711900">
        <time>2022-03-12T16:29:29Z</time>
      </trkpt>
      <trkpt lat="26.8404867" lon="75.7710967">
        <time>2022-03-12T16:29:30Z</time>
      </trkpt>
      <trkpt lat="26.8404867" lon="75.7710017">
        <time>2022-03-12T16:29:31Z</time>
      </trkpt>
      <trkpt lat="26.8404833" lon="75.7709167">
        <time>2022-03-12T16:29:32Z</time>
      </trkpt>
      <trkpt lat="26.8404800" lon="75.7708317">
        <time>2022-03-12T16:29:33Z</time>
      </trkpt>
      <trkpt lat="26.8404783" lon="75.7707467">
        <time>2022-03-12T16:29:34Z</time>
      </trkpt>
      <trkpt lat="26.8404733" lon="75.7706583">
        <time>2022-03-12T16:29:35Z</time>
      </trkpt>
      <trkpt lat="26.8404600" lon="75.7705767">
        <time>2022-03-12T16:29:36Z</time>
      </trkpt>
      <trkpt lat="26.8404417" lon="75.7705017">
        <time>2022-03-12T16:29:37Z</time>
      </trkpt>
      <trkpt lat="26.8404283" lon="75.7704317">
        <time>2022-03-12T16:29:38Z</time>
      </trkpt>
      <trkpt lat="26.8404117" lon="75.7703567">
        <time>2022-03-12T16:29:39Z</time>
      </trkpt>
      <trkpt lat="26.8403917" lon="75.7702750">
        <time>2022-03-12T16:29:40Z</time>
      </trkpt>
      <trkpt lat="26.8403633" lon="75.7701950">
        <time>2022-03-12T16:29:41Z</time>
      </trkpt>
      <trkpt lat="26.8403350" lon="75.7701083">
        <time>2022-03-12T16:29:42Z</time>
      </trkpt>
      <trkpt lat="26.8403017" lon="75.7700150">
        <time>2022-03-12T16:29:43Z</time>
      </trkpt>
      <trkpt lat="26.8402683" lon="75.7699183">
        <time>2022-03-12T16:29:44Z</time>
      </trkpt>
      <trkpt lat="26.8402350" lon="75.7698133">
        <time>2022-03-12T16:29:45Z</time>
      </trkpt>
      <trkpt lat="26.8401983" lon="75.7697083">
        <time>2022-03-12T16:29:46Z</time>
      </trkpt>
      <trkpt lat="26.8401583" lon="75.7696000">
        <time>2022-03-12T16:29:47Z</time>
      </trkpt>
      <trkpt lat="26.8401183" lon="75.7694900">
        <time>2022-03-12T16:29:48Z</time>
      </trkpt>
      <trkpt lat="26.8400783" lon="75.7693783">
        <time>2022-03-12T16:29:49Z</time>
      </trkpt>
      <trkpt lat="26.8400383" lon="75.7692667">
        <time>2022-03-12T16:29:50Z</time>
      </trkpt>
      <trkpt lat="26.8400000" lon="75.7691533">
        <time>2022-03-12T16:29:51Z</time>
      </trkpt>
      <trkpt lat="26.8399567" lon="75.7690417">
        <time>2022-03-12T16:29:52Z</time>
      </trkpt>
      <trkpt lat="26.8399150" lon="75.7689300">
        <time>2022-03-12T16:29:53Z</time>
      </trkpt>
      <trkpt lat="26.8398750" lon="75.7688167">
        <time>2022-03-12T16:29:54Z</time>
      </trkpt>
      <trkpt lat="26.8398367" lon="75.7687150">
        <time>2022-03-12T16:29:55Z</time>
      </trkpt>
      <trkpt lat="26.8398017" lon="75.7686333">
        <time>2022-03-12T16:29:56Z</time>
      </trkpt>
      <trkpt lat="26.8397700" lon="75.7685500">
        <time>2022-03-12T16:29:57Z</time>
      </trkpt>
      <trkpt lat="26.8397433" lon="75.7684750">
        <time>2022-03-12T16:29:58Z</time>
      </trkpt>
      <trkpt lat="26.8397150" lon="75.7684083">
        <time>2022-03-12T16:29:59Z</time>
      </trkpt>
      <trkpt lat="26.8396900" lon="75.7683467">
        <time>2022-03-12T16:30:00Z</time>
      </trkpt>
      <trkpt lat="26.8396617" lon="75.7682900">
        <time>2022-03-12T16:30:01Z</time>
      </trkpt>
      <trkpt lat="26.8396367" lon="75.7682433">
        <time>2022-03-12T16:30:02Z</time>
      </trkpt>
      <trkpt lat="26.8396167" lon="75.7682033">
        <time>2022-03-12T16:30:03Z</time>
      </trkpt>
      <trkpt lat="26.8396033" lon="75.7681717">
        <time>2022-03-12T16:30:04Z</time>
      </trkpt>
      <trkpt lat="26.8395917" lon="75.7681483">
        <time>2022-03-12T16:30:05Z</time>
      </trkpt>
      <trkpt lat="26.8395833" lon="75.7681350">
        <time>2022-03-12T16:30:06Z</time>
      </trkpt>
      <trkpt lat="26.8395800" lon="75.7681300">
        <time>2022-03-12T16:30:07Z</time>
      </trkpt>
      <trkpt lat="26.8395800" lon="75.7681283">
        <time>2022-03-12T16:30:08Z</time>
      </trkpt>
      <trkpt lat="26.8395783" lon="75.7681250">
        <time>2022-03-12T16:30:09Z</time>
      </trkpt>
      <trkpt lat="26.8395783" lon="75.7681250">
        <time>2022-03-12T16:30:10Z</time>
      </trkpt>
      <trkpt lat="26.8395783" lon="75.7681250">
        <time>2022-03-12T16:30:11Z</time>
      </trkpt>
      <trkpt lat="26.8395783" lon="75.7681250">
        <time>2022-03-12T16:30:12Z</time>
      </trkpt>
      <trkpt lat="26.8395783" lon="75.7681250">
        <time>2022-03-12T16:30:13Z</time>
      </trkpt>
      <trkpt lat="26.8395783" lon="75.7681250">
        <time>2022-03-12T16:30:14Z</time>
      </trkpt>
      <trkpt lat="26.8395783" lon="75.7681250">
        <time>2022-03-12T16:30:15Z</time>
      </trkpt>
      <trkpt lat="26.8395783" lon="75.7681250">
        <time>2022-03-12T16:30:16Z</time>
      </trkpt>
      <trkpt lat="26.8395783" lon="75.7681250">
        <time>2022-03-12T16:30:17Z</time>
      </trkpt>
      <trkpt lat="26.8395783" lon="75.7681250">
        <time>2022-03-12T16:30:18Z</time>
      </trkpt>
      <trkpt lat="26.8395783" lon="75.7681250">
        <time>2022-03-12T16:30:19Z</time>
      </trkpt>
      <trkpt lat="26.8395783" lon="75.7681250">
        <time>2022-03-12T16:30:20Z</time>
      </trkpt>
      <trkpt lat="26.8395783" lon="75.7681250">
        <time>2022-03-12T16:30:21Z</time>
      </trkpt>
      <trkpt lat="26.8395783" lon="75.7681250">
        <time>2022-03-12T16:30:22Z</time>
      </trkpt>
      <trkpt lat="26.8395783" lon="75.7681250">
        <time>2022-03-12T16:30:23Z</time>
      </trkpt>
      <trkpt lat="26.8395783" lon="75.7681250">
        <time>2022-03-12T16:30:24Z</time>
      </trkpt>
      <trkpt lat="26.8395783" lon="75.7681250">
        <time>2022-03-12T16:30:25Z</time>
      </trkpt>
      <trkpt lat="26.8395783" lon="75.7681250">
        <time>2022-03-12T16:30:26Z</time>
      </trkpt>
      <trkpt lat="26.8395783" lon="75.7681250">
        <time>2022-03-12T16:30:27Z</time>
      </trkpt>
      <trkpt lat="26.8395783" lon="75.7681250">
        <time>2022-03-12T16:30:28Z</time>
      </trkpt>
      <trkpt lat="26.8395783" lon="75.7681250">
        <time>2022-03-12T16:30:29Z</time>
      </trkpt>
      <trkpt lat="26.8395783" lon="75.7681250">
        <time>2022-03-12T16:30:30Z</time>
      </trkpt>
      <trkpt lat="26.8395783" lon="75.7681250">
        <time>2022-03-12T16:30:31Z</time>
      </trkpt>
      <trkpt lat="26.8395783" lon="75.7681250">
        <time>2022-03-12T16:30:32Z</time>
      </trkpt>
      <trkpt lat="26.8395783" lon="75.7681250">
        <time>2022-03-12T16:30:33Z</time>
      </trkpt>
      <trkpt lat="26.8395783" lon="75.7681250">
        <time>2022-03-12T16:30:34Z</time>
      </trkpt>
      <trkpt lat="26.8395783" lon="75.7681250">
        <time>2022-03-12T16:30:35Z</time>
      </trkpt>
      <trkpt lat="26.8395783" lon="75.7681250">
        <time>2022-03-12T16:30:36Z</time>
      </trkpt>
      <trkpt lat="26.8395783" lon="75.7681250">
        <time>2022-03-12T16:30:37Z</time>
      </trkpt>
      <trkpt lat="26.8395783" lon="75.7681250">
        <time>2022-03-12T16:30:38Z</time>
      </trkpt>
      <trkpt lat="26.8395783" lon="75.7681250">
        <time>2022-03-12T16:30:39Z</time>
      </trkpt>
      <trkpt lat="26.8395783" lon="75.7681250">
        <time>2022-03-12T16:30:40Z</time>
      </trkpt>
      <trkpt lat="26.8395783" lon="75.7681250">
        <time>2022-03-12T16:30:41Z</time>
      </trkpt>
      <trkpt lat="26.8395783" lon="75.7681250">
        <time>2022-03-12T16:30:42Z</time>
      </trkpt>
      <trkpt lat="26.8395783" lon="75.7681250">
        <time>2022-03-12T16:30:43Z</time>
      </trkpt>
      <trkpt lat="26.8395783" lon="75.7681250">
        <time>2022-03-12T16:30:44Z</time>
      </trkpt>
      <trkpt lat="26.8395783" lon="75.7681250">
        <time>2022-03-12T16:30:45Z</time>
      </trkpt>
      <trkpt lat="26.8395617" lon="75.7680767">
        <time>2022-03-12T16:30:46Z</time>
      </trkpt>
      <trkpt lat="26.8395583" lon="75.7680350">
        <time>2022-03-12T16:30:47Z</time>
      </trkpt>
      <trkpt lat="26.8395583" lon="75.7679967">
        <time>2022-03-12T16:30:48Z</time>
      </trkpt>
      <trkpt lat="26.8395600" lon="75.7679683">
        <time>2022-03-12T16:30:49Z</time>
      </trkpt>
      <trkpt lat="26.8395650" lon="75.7679433">
        <time>2022-03-12T16:30:50Z</time>
      </trkpt>
      <trkpt lat="26.8395683" lon="75.7679200">
        <time>2022-03-12T16:30:51Z</time>
      </trkpt>
      <trkpt lat="26.8395733" lon="75.7678833">
        <time>2022-03-12T16:30:52Z</time>
      </trkpt>
      <trkpt lat="26.8395800" lon="75.7678317">
        <time>2022-03-12T16:30:53Z</time>
      </trkpt>
      <trkpt lat="26.8395917" lon="75.7677717">
        <time>2022-03-12T16:30:54Z</time>
      </trkpt>
      <trkpt lat="26.8396083" lon="75.7677200">
        <time>2022-03-12T16:30:55Z</time>
      </trkpt>
      <trkpt lat="26.8396317" lon="75.7676683">
        <time>2022-03-12T16:30:56Z</time>
      </trkpt>
      <trkpt lat="26.8396683" lon="75.7676117">
        <time>2022-03-12T16:30:57Z</time>
      </trkpt>
      <trkpt lat="26.8397167" lon="75.7675633">
        <time>2022-03-12T16:30:58Z</time>
      </trkpt>
      <trkpt lat="26.8397817" lon="75.7675250">
        <time>2022-03-12T16:30:59Z</time>
      </trkpt>
      <trkpt lat="26.8398650" lon="75.7674883">
        <time>2022-03-12T16:31:00Z</time>
      </trkpt>
      <trkpt lat="26.8399483" lon="75.7674500">
        <time>2022-03-12T16:31:01Z</time>
      </trkpt>
      <trkpt lat="26.8400317" lon="75.7674117">
        <time>2022-03-12T16:31:02Z</time>
      </trkpt>
      <trkpt lat="26.8401217" lon="75.7673733">
        <time>2022-03-12T16:31:03Z</time>
      </trkpt>
      <trkpt lat="26.8402133" lon="75.7673350">
        <time>2022-03-12T16:31:04Z</time>
      </trkpt>
      <trkpt lat="26.8403067" lon="75.7672967">
        <time>2022-03-12T16:31:05Z</time>
      </trkpt>
      <trkpt lat="26.8404017" lon="75.7672583">
        <time>2022-03-12T16:31:06Z</time>
      </trkpt>
      <trkpt lat="26.8404950" lon="75.7672167">
        <time>2022-03-12T16:31:07Z</time>
      </trkpt>
      <trkpt lat="26.8405933" lon="75.7671733">
        <time>2022-03-12T16:31:08Z</time>
      </trkpt>
      <trkpt lat="26.8406933" lon="75.7671317">
        <time>2022-03-12T16:31:09Z</time>
      </trkpt>
      <trkpt lat="26.8407933" lon="75.7670883">
        <time>2022-03-12T16:31:10Z</time>
      </trkpt>
      <trkpt lat="26.8408950" lon="75.7670450">
        <time>2022-03-12T16:31:11Z</time>
      </trkpt>
      <trkpt lat="26.8409967" lon="75.7670033">
        <time>2022-03-12T16:31:12Z</time>
      </trkpt>
      <trkpt lat="26.8410950" lon="75.7669567">
        <time>2022-03-12T16:31:13Z</time>
      </trkpt>
      <trkpt lat="26.8411883" lon="75.7669067">
        <time>2022-03-12T16:31:14Z</time>
      </trkpt>
      <trkpt lat="26.8412917" lon="75.7668600">
        <time>2022-03-12T16:31:15Z</time>
      </trkpt>
      <trkpt lat="26.8413950" lon="75.7668017">
        <time>2022-03-12T16:31:16Z</time>
      </trkpt>
      <trkpt lat="26.8415017" lon="75.7667517">
        <time>2022-03-12T16:31:17Z</time>
      </trkpt>
      <trkpt lat="26.8416067" lon="75.7667000">
        <time>2022-03-12T16:31:18Z</time>
      </trkpt>
      <trkpt lat="26.8417083" lon="75.7666550">
        <time>2022-03-12T16:31:19Z</time>
      </trkpt>
      <trkpt lat="26.8418167" lon="75.7666067">
        <time>2022-03-12T16:31:20Z</time>
      </trkpt>
      <trkpt lat="26.8419250" lon="75.7665517">
        <time>2022-03-12T16:31:21Z</time>
      </trkpt>
      <trkpt lat="26.8420350" lon="75.7664983">
        <time>2022-03-12T16:31:22Z</time>
      </trkpt>
      <trkpt lat="26.8421417" lon="75.7664483">
        <time>2022-03-12T16:31:23Z</time>
      </trkpt>
      <trkpt lat="26.8422433" lon="75.7664000">
        <time>2022-03-12T16:31:24Z</time>
      </trkpt>
      <trkpt lat="26.8423467" lon="75.7663517">
        <time>2022-03-12T16:31:25Z</time>
      </trkpt>
      <trkpt lat="26.8424483" lon="75.7663083">
        <time>2022-03-12T16:31:26Z</time>
      </trkpt>
      <trkpt lat="26.8425500" lon="75.7662633">
        <time>2022-03-12T16:31:27Z</time>
      </trkpt>
      <trkpt lat="26.8426467" lon="75.7662217">
        <time>2022-03-12T16:31:28Z</time>
      </trkpt>
      <trkpt lat="26.8427433" lon="75.7661767">
        <time>2022-03-12T16:31:29Z</time>
      </trkpt>
      <trkpt lat="26.8428350" lon="75.7661333">
        <time>2022-03-12T16:31:30Z</time>
      </trkpt>
      <trkpt lat="26.8429300" lon="75.7660833">
        <time>2022-03-12T16:31:31Z</time>
      </trkpt>
      <trkpt lat="26.8430283" lon="75.7660383">
        <time>2022-03-12T16:31:32Z</time>
      </trkpt>
      <trkpt lat="26.8431217" lon="75.7659933">
        <time>2022-03-12T16:31:33Z</time>
      </trkpt>
      <trkpt lat="26.8432217" lon="75.7659483">
        <time>2022-03-12T16:31:34Z</time>
      </trkpt>
      <trkpt lat="26.8433217" lon="75.7659017">
        <time>2022-03-12T16:31:35Z</time>
      </trkpt>
      <trkpt lat="26.8434133" lon="75.7658583">
        <time>2022-03-12T16:31:36Z</time>
      </trkpt>
      <trkpt lat="26.8435100" lon="75.7658183">
        <time>2022-03-12T16:31:37Z</time>
      </trkpt>
      <trkpt lat="26.8436067" lon="75.7657783">
        <time>2022-03-12T16:31:38Z</time>
      </trkpt>
      <trkpt lat="26.8437000" lon="75.7657283">
        <time>2022-03-12T16:31:39Z</time>
      </trkpt>
      <trkpt lat="26.8438017" lon="75.7656833">
        <time>2022-03-12T16:31:40Z</time>
      </trkpt>
      <trkpt lat="26.8438983" lon="75.7656350">
        <time>2022-03-12T16:31:41Z</time>
      </trkpt>
      <trkpt lat="26.8439967" lon="75.7655917">
        <time>2022-03-12T16:31:42Z</time>
      </trkpt>
      <trkpt lat="26.8440933" lon="75.7655483">
        <time>2022-03-12T16:31:43Z</time>
      </trkpt>
      <trkpt lat="26.8441783" lon="75.7655017">
        <time>2022-03-12T16:31:44Z</time>
      </trkpt>
      <trkpt lat="26.8442633" lon="75.7654583">
        <time>2022-03-12T16:31:45Z</time>
      </trkpt>
      <trkpt lat="26.8443483" lon="75.7654183">
        <time>2022-03-12T16:31:46Z</time>
      </trkpt>
      <trkpt lat="26.8444350" lon="75.7653817">
        <time>2022-03-12T16:31:47Z</time>
      </trkpt>
      <trkpt lat="26.8445200" lon="75.7653450">
        <time>2022-03-12T16:31:48Z</time>
      </trkpt>
      <trkpt lat="26.8446050" lon="75.7653033">
        <time>2022-03-12T16:31:49Z</time>
      </trkpt>
      <trkpt lat="26.8446883" lon="75.7652633">
        <time>2022-03-12T16:31:50Z</time>
      </trkpt>
      <trkpt lat="26.8447683" lon="75.7652250">
        <time>2022-03-12T16:31:51Z</time>
      </trkpt>
      <trkpt lat="26.8448500" lon="75.7651900">
        <time>2022-03-12T16:31:52Z</time>
      </trkpt>
      <trkpt lat="26.8449317" lon="75.7651600">
        <time>2022-03-12T16:31:53Z</time>
      </trkpt>
      <trkpt lat="26.8450133" lon="75.7651233">
        <time>2022-03-12T16:31:54Z</time>
      </trkpt>
      <trkpt lat="26.8450967" lon="75.7650867">
        <time>2022-03-12T16:31:55Z</time>
      </trkpt>
      <trkpt lat="26.8451783" lon="75.7650467">
        <time>2022-03-12T16:31:56Z</time>
      </trkpt>
      <trkpt lat="26.8452583" lon="75.7650083">
        <time>2022-03-12T16:31:57Z</time>
      </trkpt>
      <trkpt lat="26.8453367" lon="75.7649650">
        <time>2022-03-12T16:31:58Z</time>
      </trkpt>
      <trkpt lat="26.8454133" lon="75.7649250">
        <time>2022-03-12T16:31:59Z</time>
      </trkpt>
      <trkpt lat="26.8454933" lon="75.7648833">
        <time>2022-03-12T16:32:00Z</time>
      </trkpt>
      <trkpt lat="26.8455733" lon="75.7648317">
        <time>2022-03-12T16:32:01Z</time>
      </trkpt>
      <trkpt lat="26.8456583" lon="75.7647883">
        <time>2022-03-12T16:32:02Z</time>
      </trkpt>
      <trkpt lat="26.8457350" lon="75.7647433">
        <time>2022-03-12T16:32:03Z</time>
      </trkpt>
      <trkpt lat="26.8458000" lon="75.7647000">
        <time>2022-03-12T16:32:04Z</time>
      </trkpt>
      <trkpt lat="26.8458567" lon="75.7646650">
        <time>2022-03-12T16:32:05Z</time>
      </trkpt>
      <trkpt lat="26.8458983" lon="75.7646250">
        <time>2022-03-12T16:32:06Z</time>
      </trkpt>
      <trkpt lat="26.8459267" lon="75.7645733">
        <time>2022-03-12T16:32:07Z</time>
      </trkpt>
      <trkpt lat="26.8459433" lon="75.7645100">
        <time>2022-03-12T16:32:08Z</time>
      </trkpt>
      <trkpt lat="26.8459467" lon="75.7644367">
        <time>2022-03-12T16:32:09Z</time>
      </trkpt>
      <trkpt lat="26.8459250" lon="75.7643683">
        <time>2022-03-12T16:32:10Z</time>
      </trkpt>
      <trkpt lat="26.8458817" lon="75.7643100">
        <time>2022-03-12T16:32:11Z</time>
      </trkpt>
      <trkpt lat="26.8458233" lon="75.7642483">
        <time>2022-03-12T16:32:12Z</time>
      </trkpt>
      <trkpt lat="26.8457533" lon="75.7641850">
        <time>2022-03-12T16:32:13Z</time>
      </trkpt>
      <trkpt lat="26.8456783" lon="75.7641217">
        <time>2022-03-12T16:32:14Z</time>
      </trkpt>
      <trkpt lat="26.8456033" lon="75.7640517">
        <time>2022-03-12T16:32:15Z</time>
      </trkpt>
      <trkpt lat="26.8455267" lon="75.7639783">
        <time>2022-03-12T16:32:16Z</time>
      </trkpt>
      <trkpt lat="26.8454450" lon="75.7639150">
        <time>2022-03-12T16:32:17Z</time>
      </trkpt>
      <trkpt lat="26.8453717" lon="75.7638483">
        <time>2022-03-12T16:32:18Z</time>
      </trkpt>
      <trkpt lat="26.8452967" lon="75.7637833">
        <time>2022-03-12T16:32:19Z</time>
      </trkpt>
      <trkpt lat="26.8452183" lon="75.7637200">
        <time>2022-03-12T16:32:20Z</time>
      </trkpt>
      <trkpt lat="26.8451417" lon="75.7636600">
        <time>2022-03-12T16:32:21Z</time>
      </trkpt>
      <trkpt lat="26.8450717" lon="75.7636033">
        <time>2022-03-12T16:32:22Z</time>
      </trkpt>
      <trkpt lat="26.8449933" lon="75.7635533">
        <time>2022-03-12T16:32:23Z</time>
      </trkpt>
      <trkpt lat="26.8449200" lon="75.7635050">
        <time>2022-03-12T16:32:24Z</time>
      </trkpt>
      <trkpt lat="26.8448483" lon="75.7634600">
        <time>2022-03-12T16:32:25Z</time>
      </trkpt>
      <trkpt lat="26.8447800" lon="75.7634100">
        <time>2022-03-12T16:32:26Z</time>
      </trkpt>
      <trkpt lat="26.8447067" lon="75.7633600">
        <time>2022-03-12T16:32:27Z</time>
      </trkpt>
      <trkpt lat="26.8446283" lon="75.7633083">
        <time>2022-03-12T16:32:28Z</time>
      </trkpt>
      <trkpt lat="26.8445483" lon="75.7632583">
        <time>2022-03-12T16:32:29Z</time>
      </trkpt>
      <trkpt lat="26.8444683" lon="75.7632067">
        <time>2022-03-12T16:32:30Z</time>
      </trkpt>
      <trkpt lat="26.8443867" lon="75.7631567">
        <time>2022-03-12T16:32:31Z</time>
      </trkpt>
      <trkpt lat="26.8443050" lon="75.7631083">
        <time>2022-03-12T16:32:32Z</time>
      </trkpt>
      <trkpt lat="26.8442283" lon="75.7630650">
        <time>2022-03-12T16:32:33Z</time>
      </trkpt>
      <trkpt lat="26.8441550" lon="75.7630300">
        <time>2022-03-12T16:32:34Z</time>
      </trkpt>
      <trkpt lat="26.8440833" lon="75.7629950">
        <time>2022-03-12T16:32:35Z</time>
      </trkpt>
      <trkpt lat="26.8440150" lon="75.7629583">
        <time>2022-03-12T16:32:36Z</time>
      </trkpt>
      <trkpt lat="26.8439467" lon="75.7629233">
        <time>2022-03-12T16:32:37Z</time>
      </trkpt>
      <trkpt lat="26.8438750" lon="75.7628917">
        <time>2022-03-12T16:32:38Z</time>
      </trkpt>
      <trkpt lat="26.8438017" lon="75.7628600">
        <time>2022-03-12T16:32:39Z</time>
      </trkpt>
      <trkpt lat="26.8437333" lon="75.7628183">
        <time>2022-03-12T16:32:40Z</time>
      </trkpt>
      <trkpt lat="26.8436683" lon="75.7627800">
        <time>2022-03-12T16:32:41Z</time>
      </trkpt>
      <trkpt lat="26.8436000" lon="75.7627450">
        <time>2022-03-12T16:32:42Z</time>
      </trkpt>
      <trkpt lat="26.8435300" lon="75.7627117">
        <time>2022-03-12T16:32:43Z</time>
      </trkpt>
      <trkpt lat="26.8434650" lon="75.7626783">
        <time>2022-03-12T16:32:44Z</time>
      </trkpt>
      <trkpt lat="26.8434050" lon="75.7626433">
        <time>2022-03-12T16:32:45Z</time>
      </trkpt>
      <trkpt lat="26.8433450" lon="75.7626133">
        <time>2022-03-12T16:32:46Z</time>
      </trkpt>
      <trkpt lat="26.8432900" lon="75.7625833">
        <time>2022-03-12T16:32:47Z</time>
      </trkpt>
      <trkpt lat="26.8432317" lon="75.7625600">
        <time>2022-03-12T16:32:48Z</time>
      </trkpt>
      <trkpt lat="26.8431683" lon="75.7625350">
        <time>2022-03-12T16:32:49Z</time>
      </trkpt>
      <trkpt lat="26.8430950" lon="75.7625033">
        <time>2022-03-12T16:32:50Z</time>
      </trkpt>
      <trkpt lat="26.8430267" lon="75.7624733">
        <time>2022-03-12T16:32:51Z</time>
      </trkpt>
      <trkpt lat="26.8429600" lon="75.7624350">
        <time>2022-03-12T16:32:52Z</time>
      </trkpt>
      <trkpt lat="26.8429017" lon="75.7623983">
        <time>2022-03-12T16:32:53Z</time>
      </trkpt>
      <trkpt lat="26.8428450" lon="75.7623617">
        <time>2022-03-12T16:32:54Z</time>
      </trkpt>
      <trkpt lat="26.8427883" lon="75.7623283">
        <time>2022-03-12T16:32:55Z</time>
      </trkpt>
      <trkpt lat="26.8427317" lon="75.7622967">
        <time>2022-03-12T16:32:56Z</time>
      </trkpt>
      <trkpt lat="26.8426767" lon="75.7622667">
        <time>2022-03-12T16:32:57Z</time>
      </trkpt>
      <trkpt lat="26.8426233" lon="75.7622367">
        <time>2022-03-12T16:32:58Z</time>
      </trkpt>
      <trkpt lat="26.8425750" lon="75.7622017">
        <time>2022-03-12T16:32:59Z</time>
      </trkpt>
      <trkpt lat="26.8425267" lon="75.7621633">
        <time>2022-03-12T16:33:00Z</time>
      </trkpt>
      <trkpt lat="26.8424717" lon="75.7621267">
        <time>2022-03-12T16:33:01Z</time>
      </trkpt>
      <trkpt lat="26.8424100" lon="75.7620933">
        <time>2022-03-12T16:33:02Z</time>
      </trkpt>
      <trkpt lat="26.8423433" lon="75.7620550">
        <time>2022-03-12T16:33:03Z</time>
      </trkpt>
      <trkpt lat="26.8422817" lon="75.7620133">
        <time>2022-03-12T16:33:04Z</time>
      </trkpt>
      <trkpt lat="26.8422200" lon="75.7619717">
        <time>2022-03-12T16:33:05Z</time>
      </trkpt>
      <trkpt lat="26.8421550" lon="75.7619233">
        <time>2022-03-12T16:33:06Z</time>
      </trkpt>
      <trkpt lat="26.8420883" lon="75.7618750">
        <time>2022-03-12T16:33:07Z</time>
      </trkpt>
      <trkpt lat="26.8420250" lon="75.7618267">
        <time>2022-03-12T16:33:08Z</time>
      </trkpt>
      <trkpt lat="26.8419600" lon="75.7617767">
        <time>2022-03-12T16:33:09Z</time>
      </trkpt>
      <trkpt lat="26.8419033" lon="75.7617367">
        <time>2022-03-12T16:33:10Z</time>
      </trkpt>
      <trkpt lat="26.8418467" lon="75.7616983">
        <time>2022-03-12T16:33:11Z</time>
      </trkpt>
      <trkpt lat="26.8417950" lon="75.7616617">
        <time>2022-03-12T16:33:12Z</time>
      </trkpt>
      <trkpt lat="26.8417450" lon="75.7616267">
        <time>2022-03-12T16:33:13Z</time>
      </trkpt>
      <trkpt lat="26.8416983" lon="75.7615900">
        <time>2022-03-12T16:33:14Z</time>
      </trkpt>
      <trkpt lat="26.8416533" lon="75.7615600">
        <time>2022-03-12T16:33:15Z</time>
      </trkpt>
      <trkpt lat="26.8416083" lon="75.7615350">
        <time>2022-03-12T16:33:16Z</time>
      </trkpt>
      <trkpt lat="26.8415617" lon="75.7615083">
        <time>2022-03-12T16:33:17Z</time>
      </trkpt>
      <trkpt lat="26.8415050" lon="75.7614833">
        <time>2022-03-12T16:33:18Z</time>
      </trkpt>
      <trkpt lat="26.8414483" lon="75.7614450">
        <time>2022-03-12T16:33:19Z</time>
      </trkpt>
      <trkpt lat="26.8413933" lon="75.7614167">
        <time>2022-03-12T16:33:20Z</time>
      </trkpt>
      <trkpt lat="26.8413283" lon="75.7613800">
        <time>2022-03-12T16:33:21Z</time>
      </trkpt>
      <trkpt lat="26.8412650" lon="75.7613433">
        <time>2022-03-12T16:33:22Z</time>
      </trkpt>
      <trkpt lat="26.8412067" lon="75.7613117">
        <time>2022-03-12T16:33:23Z</time>
      </trkpt>
      <trkpt lat="26.8411517" lon="75.7612850">
        <time>2022-03-12T16:33:24Z</time>
      </trkpt>
      <trkpt lat="26.8410983" lon="75.7612617">
        <time>2022-03-12T16:33:25Z</time>
      </trkpt>
      <trkpt lat="26.8410517" lon="75.7612400">
        <time>2022-03-12T16:33:26Z</time>
      </trkpt>
      <trkpt lat="26.8410050" lon="75.7612083">
        <time>2022-03-12T16:33:27Z</time>
      </trkpt>
      <trkpt lat="26.8409533" lon="75.7611683">
        <time>2022-03-12T16:33:28Z</time>
      </trkpt>
      <trkpt lat="26.8408900" lon="75.7611217">
        <time>2022-03-12T16:33:29Z</time>
      </trkpt>
      <trkpt lat="26.8408267" lon="75.7610783">
        <time>2022-03-12T16:33:30Z</time>
      </trkpt>
      <trkpt lat="26.8407533" lon="75.7610250">
        <time>2022-03-12T16:33:31Z</time>
      </trkpt>
      <trkpt lat="26.8406650" lon="75.7609683">
        <time>2022-03-12T16:33:32Z</time>
      </trkpt>
      <trkpt lat="26.8405767" lon="75.7609167">
        <time>2022-03-12T16:33:33Z</time>
      </trkpt>
      <trkpt lat="26.8404817" lon="75.7608583">
        <time>2022-03-12T16:33:34Z</time>
      </trkpt>
      <trkpt lat="26.8403933" lon="75.7608033">
        <time>2022-03-12T16:33:35Z</time>
      </trkpt>
      <trkpt lat="26.8403000" lon="75.7607450">
        <time>2022-03-12T16:33:36Z</time>
      </trkpt>
      <trkpt lat="26.8402150" lon="75.7606833">
        <time>2022-03-12T16:33:37Z</time>
      </trkpt>
      <trkpt lat="26.8401383" lon="75.7606317">
        <time>2022-03-12T16:33:38Z</time>
      </trkpt>
      <trkpt lat="26.8400433" lon="75.7605817">
        <time>2022-03-12T16:33:39Z</time>
      </trkpt>
      <trkpt lat="26.8399517" lon="75.7605267">
        <time>2022-03-12T16:33:40Z</time>
      </trkpt>
      <trkpt lat="26.8398567" lon="75.7604700">
        <time>2022-03-12T16:33:41Z</time>
      </trkpt>
      <trkpt lat="26.8397617" lon="75.7604100">
        <time>2022-03-12T16:33:42Z</time>
      </trkpt>
      <trkpt lat="26.8396650" lon="75.7603483">
        <time>2022-03-12T16:33:43Z</time>
      </trkpt>
      <trkpt lat="26.8395733" lon="75.7602900">
        <time>2022-03-12T16:33:44Z</time>
      </trkpt>
      <trkpt lat="26.8394800" lon="75.7602467">
        <time>2022-03-12T16:33:45Z</time>
      </trkpt>
      <trkpt lat="26.8393933" lon="75.7602033">
        <time>2022-03-12T16:33:46Z</time>
      </trkpt>
      <trkpt lat="26.8392983" lon="75.7601600">
        <time>2022-03-12T16:33:47Z</time>
      </trkpt>
      <trkpt lat="26.8392050" lon="75.7601133">
        <time>2022-03-12T16:33:48Z</time>
      </trkpt>
      <trkpt lat="26.8391167" lon="75.7600650">
        <time>2022-03-12T16:33:49Z</time>
      </trkpt>
      <trkpt lat="26.8390217" lon="75.7600050">
        <time>2022-03-12T16:33:50Z</time>
      </trkpt>
      <trkpt lat="26.8389250" lon="75.7599517">
        <time>2022-03-12T16:33:51Z</time>
      </trkpt>
      <trkpt lat="26.8388300" lon="75.7599000">
        <time>2022-03-12T16:33:52Z</time>
      </trkpt>
      <trkpt lat="26.8387367" lon="75.7598500">
        <time>2022-03-12T16:33:53Z</time>
      </trkpt>
      <trkpt lat="26.8386550" lon="75.7598033">
        <time>2022-03-12T16:33:54Z</time>
      </trkpt>
      <trkpt lat="26.8385783" lon="75.7597483">
        <time>2022-03-12T16:33:55Z</time>
      </trkpt>
      <trkpt lat="26.8384883" lon="75.7596983">
        <time>2022-03-12T16:33:56Z</time>
      </trkpt>
      <trkpt lat="26.8384117" lon="75.7596450">
        <time>2022-03-12T16:33:57Z</time>
      </trkpt>
      <trkpt lat="26.8383350" lon="75.7595950">
        <time>2022-03-12T16:33:58Z</time>
      </trkpt>
      <trkpt lat="26.8382567" lon="75.7595433">
        <time>2022-03-12T16:33:59Z</time>
      </trkpt>
      <trkpt lat="26.8381750" lon="75.7594950">
        <time>2022-03-12T16:34:00Z</time>
      </trkpt>
      <trkpt lat="26.8380850" lon="75.7594500">
        <time>2022-03-12T16:34:01Z</time>
      </trkpt>
      <trkpt lat="26.8379950" lon="75.7594033">
        <time>2022-03-12T16:34:02Z</time>
      </trkpt>
      <trkpt lat="26.8379133" lon="75.7593583">
        <time>2022-03-12T16:34:03Z</time>
      </trkpt>
      <trkpt lat="26.8378367" lon="75.7593133">
        <time>2022-03-12T16:34:04Z</time>
      </trkpt>
      <trkpt lat="26.8377550" lon="75.7592733">
        <time>2022-03-12T16:34:05Z</time>
      </trkpt>
      <trkpt lat="26.8376800" lon="75.7592217">
        <time>2022-03-12T16:34:06Z</time>
      </trkpt>
      <trkpt lat="26.8376017" lon="75.7591667">
        <time>2022-03-12T16:34:07Z</time>
      </trkpt>
      <trkpt lat="26.8375100" lon="75.7591150">
        <time>2022-03-12T16:34:08Z</time>
      </trkpt>
      <trkpt lat="26.8374217" lon="75.7590683">
        <time>2022-03-12T16:34:09Z</time>
      </trkpt>
      <trkpt lat="26.8373300" lon="75.7590183">
        <time>2022-03-12T16:34:10Z</time>
      </trkpt>
      <trkpt lat="26.8372300" lon="75.7589667">
        <time>2022-03-12T16:34:11Z</time>
      </trkpt>
      <trkpt lat="26.8371317" lon="75.7589183">
        <time>2022-03-12T16:34:12Z</time>
      </trkpt>
      <trkpt lat="26.8370383" lon="75.7588717">
        <time>2022-03-12T16:34:13Z</time>
      </trkpt>
      <trkpt lat="26.8369550" lon="75.7588283">
        <time>2022-03-12T16:34:14Z</time>
      </trkpt>
      <trkpt lat="26.8368767" lon="75.7587917">
        <time>2022-03-12T16:34:15Z</time>
      </trkpt>
      <trkpt lat="26.8368067" lon="75.7587583">
        <time>2022-03-12T16:34:16Z</time>
      </trkpt>
      <trkpt lat="26.8367400" lon="75.7587367">
        <time>2022-03-12T16:34:17Z</time>
      </trkpt>
      <trkpt lat="26.8366767" lon="75.7587067">
        <time>2022-03-12T16:34:18Z</time>
      </trkpt>
      <trkpt lat="26.8366100" lon="75.7586733">
        <time>2022-03-12T16:34:19Z</time>
      </trkpt>
      <trkpt lat="26.8365400" lon="75.7586350">
        <time>2022-03-12T16:34:20Z</time>
      </trkpt>
      <trkpt lat="26.8364683" lon="75.7585900">
        <time>2022-03-12T16:34:21Z</time>
      </trkpt>
      <trkpt lat="26.8363933" lon="75.7585417">
        <time>2022-03-12T16:34:22Z</time>
      </trkpt>
      <trkpt lat="26.8363150" lon="75.7584850">
        <time>2022-03-12T16:34:23Z</time>
      </trkpt>
      <trkpt lat="26.8362317" lon="75.7584267">
        <time>2022-03-12T16:34:24Z</time>
      </trkpt>
      <trkpt lat="26.8361400" lon="75.7583717">
        <time>2022-03-12T16:34:25Z</time>
      </trkpt>
      <trkpt lat="26.8360400" lon="75.7583117">
        <time>2022-03-12T16:34:26Z</time>
      </trkpt>
      <trkpt lat="26.8359367" lon="75.7582533">
        <time>2022-03-12T16:34:27Z</time>
      </trkpt>
      <trkpt lat="26.8358267" lon="75.7581950">
        <time>2022-03-12T16:34:28Z</time>
      </trkpt>
      <trkpt lat="26.8357183" lon="75.7581317">
        <time>2022-03-12T16:34:29Z</time>
      </trkpt>
      <trkpt lat="26.8356150" lon="75.7580650">
        <time>2022-03-12T16:34:30Z</time>
      </trkpt>
      <trkpt lat="26.8355050" lon="75.7579917">
        <time>2022-03-12T16:34:31Z</time>
      </trkpt>
      <trkpt lat="26.8353867" lon="75.7579150">
        <time>2022-03-12T16:34:32Z</time>
      </trkpt>
      <trkpt lat="26.8352883" lon="75.7578500">
        <time>2022-03-12T16:34:33Z</time>
      </trkpt>
      <trkpt lat="26.8351900" lon="75.7577867">
        <time>2022-03-12T16:34:34Z</time>
      </trkpt>
      <trkpt lat="26.8350867" lon="75.7577317">
        <time>2022-03-12T16:34:35Z</time>
      </trkpt>
      <trkpt lat="26.8349700" lon="75.7576817">
        <time>2022-03-12T16:34:36Z</time>
      </trkpt>
      <trkpt lat="26.8348633" lon="75.7576183">
        <time>2022-03-12T16:34:37Z</time>
      </trkpt>
      <trkpt lat="26.8347583" lon="75.7575583">
        <time>2022-03-12T16:34:38Z</time>
      </trkpt>
      <trkpt lat="26.8346567" lon="75.7575017">
        <time>2022-03-12T16:34:39Z</time>
      </trkpt>
      <trkpt lat="26.8345700" lon="75.7574450">
        <time>2022-03-12T16:34:40Z</time>
      </trkpt>
      <trkpt lat="26.8344667" lon="75.7573867">
        <time>2022-03-12T16:34:41Z</time>
      </trkpt>
      <trkpt lat="26.8343683" lon="75.7573367">
        <time>2022-03-12T16:34:42Z</time>
      </trkpt>
      <trkpt lat="26.8342667" lon="75.7572867">
        <time>2022-03-12T16:34:43Z</time>
      </trkpt>
      <trkpt lat="26.8341717" lon="75.7572383">
        <time>2022-03-12T16:34:44Z</time>
      </trkpt>
      <trkpt lat="26.8340850" lon="75.7571883">
        <time>2022-03-12T16:34:45Z</time>
      </trkpt>
      <trkpt lat="26.8340000" lon="75.7571417">
        <time>2022-03-12T16:34:46Z</time>
      </trkpt>
      <trkpt lat="26.8339150" lon="75.7570967">
        <time>2022-03-12T16:34:47Z</time>
      </trkpt>
      <trkpt lat="26.8338167" lon="75.7570633">
        <time>2022-03-12T16:34:48Z</time>
      </trkpt>
      <trkpt lat="26.8337167" lon="75.7570283">
        <time>2022-03-12T16:34:49Z</time>
      </trkpt>
      <trkpt lat="26.8336183" lon="75.7569933">
        <time>2022-03-12T16:34:50Z</time>
      </trkpt>
      <trkpt lat="26.8335333" lon="75.7569633">
        <time>2022-03-12T16:34:51Z</time>
      </trkpt>
      <trkpt lat="26.8334667" lon="75.7569333">
        <time>2022-03-12T16:34:52Z</time>
      </trkpt>
      <trkpt lat="26.8334083" lon="75.7569033">
        <time>2022-03-12T16:34:53Z</time>
      </trkpt>
      <trkpt lat="26.8333400" lon="75.7568767">
        <time>2022-03-12T16:34:54Z</time>
      </trkpt>
      <trkpt lat="26.8332667" lon="75.7568417">
        <time>2022-03-12T16:34:55Z</time>
      </trkpt>
      <trkpt lat="26.8331933" lon="75.7568067">
        <time>2022-03-12T16:34:56Z</time>
      </trkpt>
      <trkpt lat="26.8331183" lon="75.7567733">
        <time>2022-03-12T16:34:57Z</time>
      </trkpt>
      <trkpt lat="26.8330417" lon="75.7567317">
        <time>2022-03-12T16:34:58Z</time>
      </trkpt>
      <trkpt lat="26.8329517" lon="75.7566800">
        <time>2022-03-12T16:34:59Z</time>
      </trkpt>
      <trkpt lat="26.8328483" lon="75.7566217">
        <time>2022-03-12T16:35:00Z</time>
      </trkpt>
      <trkpt lat="26.8327517" lon="75.7565617">
        <time>2022-03-12T16:35:01Z</time>
      </trkpt>
      <trkpt lat="26.8326550" lon="75.7565033">
        <time>2022-03-12T16:35:02Z</time>
      </trkpt>
      <trkpt lat="26.8325567" lon="75.7564450">
        <time>2022-03-12T16:35:03Z</time>
      </trkpt>
      <trkpt lat="26.8324467" lon="75.7563800">
        <time>2022-03-12T16:35:04Z</time>
      </trkpt>
      <trkpt lat="26.8323400" lon="75.7563150">
        <time>2022-03-12T16:35:05Z</time>
      </trkpt>
      <trkpt lat="26.8322367" lon="75.7562483">
        <time>2022-03-12T16:35:06Z</time>
      </trkpt>
      <trkpt lat="26.8321317" lon="75.7561800">
        <time>2022-03-12T16:35:07Z</time>
      </trkpt>
      <trkpt lat="26.8320400" lon="75.7561117">
        <time>2022-03-12T16:35:08Z</time>
      </trkpt>
      <trkpt lat="26.8319483" lon="75.7560417">
        <time>2022-03-12T16:35:09Z</time>
      </trkpt>
      <trkpt lat="26.8318517" lon="75.7559783">
        <time>2022-03-12T16:35:10Z</time>
      </trkpt>
      <trkpt lat="26.8317617" lon="75.7559067">
        <time>2022-03-12T16:35:11Z</time>
      </trkpt>
      <trkpt lat="26.8316867" lon="75.7558350">
        <time>2022-03-12T16:35:12Z</time>
      </trkpt>
      <trkpt lat="26.8316117" lon="75.7557700">
        <time>2022-03-12T16:35:13Z</time>
      </trkpt>
      <trkpt lat="26.8315517" lon="75.7557017">
        <time>2022-03-12T16:35:14Z</time>
      </trkpt>
      <trkpt lat="26.8315117" lon="75.7556467">
        <time>2022-03-12T16:35:15Z</time>
      </trkpt>
      <trkpt lat="26.8314650" lon="75.7555983">
        <time>2022-03-12T16:35:16Z</time>
      </trkpt>
      <trkpt lat="26.8314167" lon="75.7555550">
        <time>2022-03-12T16:35:17Z</time>
      </trkpt>
      <trkpt lat="26.8313750" lon="75.7555117">
        <time>2022-03-12T16:35:18Z</time>
      </trkpt>
      <trkpt lat="26.8313150" lon="75.7554667">
        <time>2022-03-12T16:35:19Z</time>
      </trkpt>
      <trkpt lat="26.8312583" lon="75.7554183">
        <time>2022-03-12T16:35:20Z</time>
      </trkpt>
      <trkpt lat="26.8312033" lon="75.7553700">
        <time>2022-03-12T16:35:21Z</time>
      </trkpt>
      <trkpt lat="26.8311450" lon="75.7553183">
        <time>2022-03-12T16:35:22Z</time>
      </trkpt>
      <trkpt lat="26.8310900" lon="75.7552867">
        <time>2022-03-12T16:35:23Z</time>
      </trkpt>
      <trkpt lat="26.8310500" lon="75.7552633">
        <time>2022-03-12T16:35:24Z</time>
      </trkpt>
      <trkpt lat="26.8310333" lon="75.7552383">
        <time>2022-03-12T16:35:25Z</time>
      </trkpt>
      <trkpt lat="26.8310200" lon="75.7552233">
        <time>2022-03-12T16:35:26Z</time>
      </trkpt>
      <trkpt lat="26.8310000" lon="75.7552083">
        <time>2022-03-12T16:35:27Z</time>
      </trkpt>
      <trkpt lat="26.8309750" lon="75.7551933">
        <time>2022-03-12T16:35:28Z</time>
      </trkpt>
      <trkpt lat="26.8309383" lon="75.7551683">
        <time>2022-03-12T16:35:29Z</time>
      </trkpt>
      <trkpt lat="26.8309033" lon="75.7551367">
        <time>2022-03-12T16:35:30Z</time>
      </trkpt>
      <trkpt lat="26.8308583" lon="75.7551000">
        <time>2022-03-12T16:35:31Z</time>
      </trkpt>
      <trkpt lat="26.8308000" lon="75.7550450">
        <time>2022-03-12T16:35:32Z</time>
      </trkpt>
      <trkpt lat="26.8307317" lon="75.7549833">
        <time>2022-03-12T16:35:33Z</time>
      </trkpt>
      <trkpt lat="26.8306567" lon="75.7549117">
        <time>2022-03-12T16:35:34Z</time>
      </trkpt>
      <trkpt lat="26.8305767" lon="75.7548450">
        <time>2022-03-12T16:35:35Z</time>
      </trkpt>
      <trkpt lat="26.8304900" lon="75.7547750">
        <time>2022-03-12T16:35:36Z</time>
      </trkpt>
      <trkpt lat="26.8303933" lon="75.7547000">
        <time>2022-03-12T16:35:37Z</time>
      </trkpt>
      <trkpt lat="26.8302917" lon="75.7546217">
        <time>2022-03-12T16:35:38Z</time>
      </trkpt>
      <trkpt lat="26.8302033" lon="75.7545483">
        <time>2022-03-12T16:35:39Z</time>
      </trkpt>
      <trkpt lat="26.8301233" lon="75.7544883">
        <time>2022-03-12T16:35:40Z</time>
      </trkpt>
      <trkpt lat="26.8300483" lon="75.7544300">
        <time>2022-03-12T16:35:41Z</time>
      </trkpt>
      <trkpt lat="26.8299817" lon="75.7543767">
        <time>2022-03-12T16:35:42Z</time>
      </trkpt>
      <trkpt lat="26.8299200" lon="75.7543333">
        <time>2022-03-12T16:35:43Z</time>
      </trkpt>
      <trkpt lat="26.8298583" lon="75.7542917">
        <time>2022-03-12T16:35:44Z</time>
      </trkpt>
      <trkpt lat="26.8298017" lon="75.7542500">
        <time>2022-03-12T16:35:45Z</time>
      </trkpt>
      <trkpt lat="26.8297383" lon="75.7542083">
        <time>2022-03-12T16:35:46Z</time>
      </trkpt>
      <trkpt lat="26.8296683" lon="75.7541600">
        <time>2022-03-12T16:35:47Z</time>
      </trkpt>
      <trkpt lat="26.8295967" lon="75.7541100">
        <time>2022-03-12T16:35:48Z</time>
      </trkpt>
      <trkpt lat="26.8295117" lon="75.7540600">
        <time>2022-03-12T16:35:49Z</time>
      </trkpt>
      <trkpt lat="26.8294417" lon="75.7540200">
        <time>2022-03-12T16:35:50Z</time>
      </trkpt>
      <trkpt lat="26.8293633" lon="75.7539733">
        <time>2022-03-12T16:35:51Z</time>
      </trkpt>
      <trkpt lat="26.8292867" lon="75.7539267">
        <time>2022-03-12T16:35:52Z</time>
      </trkpt>
      <trkpt lat="26.8292067" lon="75.7538833">
        <time>2022-03-12T16:35:53Z</time>
      </trkpt>
      <trkpt lat="26.8291283" lon="75.7538367">
        <time>2022-03-12T16:35:54Z</time>
      </trkpt>
      <trkpt lat="26.8290533" lon="75.7537883">
        <time>2022-03-12T16:35:55Z</time>
      </trkpt>
      <trkpt lat="26.8289833" lon="75.7537417">
        <time>2022-03-12T16:35:56Z</time>
      </trkpt>
      <trkpt lat="26.8289200" lon="75.7536950">
        <time>2022-03-12T16:35:57Z</time>
      </trkpt>
      <trkpt lat="26.8288500" lon="75.7536483">
        <time>2022-03-12T16:35:58Z</time>
      </trkpt>
      <trkpt lat="26.8287750" lon="75.7536050">
        <time>2022-03-12T16:35:59Z</time>
      </trkpt>
      <trkpt lat="26.8287067" lon="75.7535583">
        <time>2022-03-12T16:36:00Z</time>
      </trkpt>
      <trkpt lat="26.8286367" lon="75.7535083">
        <time>2022-03-12T16:36:01Z</time>
      </trkpt>
      <trkpt lat="26.8285700" lon="75.7534600">
        <time>2022-03-12T16:36:02Z</time>
      </trkpt>
      <trkpt lat="26.8284983" lon="75.7534100">
        <time>2022-03-12T16:36:03Z</time>
      </trkpt>
      <trkpt lat="26.8284233" lon="75.7533683">
        <time>2022-03-12T16:36:04Z</time>
      </trkpt>
      <trkpt lat="26.8283500" lon="75.7533317">
        <time>2022-03-12T16:36:05Z</time>
      </trkpt>
      <trkpt lat="26.8282767" lon="75.7532900">
        <time>2022-03-12T16:36:06Z</time>
      </trkpt>
      <trkpt lat="26.8282033" lon="75.7532517">
        <time>2022-03-12T16:36:07Z</time>
      </trkpt>
      <trkpt lat="26.8281267" lon="75.7532167">
        <time>2022-03-12T16:36:08Z</time>
      </trkpt>
      <trkpt lat="26.8280567" lon="75.7531733">
        <time>2022-03-12T16:36:09Z</time>
      </trkpt>
      <trkpt lat="26.8279817" lon="75.7531433">
        <time>2022-03-12T16:36:10Z</time>
      </trkpt>
      <trkpt lat="26.8279167" lon="75.7531117">
        <time>2022-03-12T16:36:11Z</time>
      </trkpt>
      <trkpt lat="26.8278517" lon="75.7530900">
        <time>2022-03-12T16:36:12Z</time>
      </trkpt>
      <trkpt lat="26.8277850" lon="75.7530600">
        <time>2022-03-12T16:36:13Z</time>
      </trkpt>
      <trkpt lat="26.8277183" lon="75.7530250">
        <time>2022-03-12T16:36:14Z</time>
      </trkpt>
      <trkpt lat="26.8276350" lon="75.7529867">
        <time>2022-03-12T16:36:15Z</time>
      </trkpt>
      <trkpt lat="26.8275550" lon="75.7529500">
        <time>2022-03-12T16:36:16Z</time>
      </trkpt>
      <trkpt lat="26.8274767" lon="75.7529150">
        <time>2022-03-12T16:36:17Z</time>
      </trkpt>
      <trkpt lat="26.8273983" lon="75.7528833">
        <time>2022-03-12T16:36:18Z</time>
      </trkpt>
      <trkpt lat="26.8273333" lon="75.7528550">
        <time>2022-03-12T16:36:19Z</time>
      </trkpt>
      <trkpt lat="26.8272683" lon="75.7528217">
        <time>2022-03-12T16:36:20Z</time>
      </trkpt>
      <trkpt lat="26.8272000" lon="75.7527833">
        <time>2022-03-12T16:36:21Z</time>
      </trkpt>
      <trkpt lat="26.8271050" lon="75.7527400">
        <time>2022-03-12T16:36:22Z</time>
      </trkpt>
      <trkpt lat="26.8270083" lon="75.7526900">
        <time>2022-03-12T16:36:23Z</time>
      </trkpt>
      <trkpt lat="26.8269017" lon="75.7526483">
        <time>2022-03-12T16:36:24Z</time>
      </trkpt>
      <trkpt lat="26.8267917" lon="75.7526100">
        <time>2022-03-12T16:36:25Z</time>
      </trkpt>
      <trkpt lat="26.8266683" lon="75.7525750">
        <time>2022-03-12T16:36:26Z</time>
      </trkpt>
      <trkpt lat="26.8265400" lon="75.7525517">
        <time>2022-03-12T16:36:27Z</time>
      </trkpt>
      <trkpt lat="26.8263983" lon="75.7525267">
        <time>2022-03-12T16:36:28Z</time>
      </trkpt>
      <trkpt lat="26.8262717" lon="75.7524917">
        <time>2022-03-12T16:36:29Z</time>
      </trkpt>
      <trkpt lat="26.8261417" lon="75.7524383">
        <time>2022-03-12T16:36:30Z</time>
      </trkpt>
      <trkpt lat="26.8260217" lon="75.7523767">
        <time>2022-03-12T16:36:31Z</time>
      </trkpt>
      <trkpt lat="26.8259033" lon="75.7523200">
        <time>2022-03-12T16:36:32Z</time>
      </trkpt>
      <trkpt lat="26.8257933" lon="75.7522700">
        <time>2022-03-12T16:36:33Z</time>
      </trkpt>
      <trkpt lat="26.8256983" lon="75.7522317">
        <time>2022-03-12T16:36:34Z</time>
      </trkpt>
      <trkpt lat="26.8256267" lon="75.7522033">
        <time>2022-03-12T16:36:35Z</time>
      </trkpt>
      <trkpt lat="26.8255700" lon="75.7521733">
        <time>2022-03-12T16:36:36Z</time>
      </trkpt>
      <trkpt lat="26.8255300" lon="75.7521467">
        <time>2022-03-12T16:36:37Z</time>
      </trkpt>
      <trkpt lat="26.8254917" lon="75.7521267">
        <time>2022-03-12T16:36:38Z</time>
      </trkpt>
      <trkpt lat="26.8254533" lon="75.7521050">
        <time>2022-03-12T16:36:39Z</time>
      </trkpt>
      <trkpt lat="26.8254217" lon="75.7520900">
        <time>2022-03-12T16:36:40Z</time>
      </trkpt>
      <trkpt lat="26.8253833" lon="75.7520700">
        <time>2022-03-12T16:36:41Z</time>
      </trkpt>
      <trkpt lat="26.8253467" lon="75.7520467">
        <time>2022-03-12T16:36:42Z</time>
      </trkpt>
      <trkpt lat="26.8253067" lon="75.7520200">
        <time>2022-03-12T16:36:43Z</time>
      </trkpt>
      <trkpt lat="26.8252617" lon="75.7519950">
        <time>2022-03-12T16:36:44Z</time>
      </trkpt>
      <trkpt lat="26.8252217" lon="75.7519783">
        <time>2022-03-12T16:36:45Z</time>
      </trkpt>
      <trkpt lat="26.8251900" lon="75.7519617">
        <time>2022-03-12T16:36:46Z</time>
      </trkpt>
      <trkpt lat="26.8251600" lon="75.7519450">
        <time>2022-03-12T16:36:47Z</time>
      </trkpt>
      <trkpt lat="26.8251100" lon="75.7519183">
        <time>2022-03-12T16:36:48Z</time>
      </trkpt>
      <trkpt lat="26.8250583" lon="75.7518950">
        <time>2022-03-12T16:36:49Z</time>
      </trkpt>
      <trkpt lat="26.8250033" lon="75.7518700">
        <time>2022-03-12T16:36:50Z</time>
      </trkpt>
      <trkpt lat="26.8249433" lon="75.7518433">
        <time>2022-03-12T16:36:51Z</time>
      </trkpt>
      <trkpt lat="26.8248767" lon="75.7518150">
        <time>2022-03-12T16:36:52Z</time>
      </trkpt>
      <trkpt lat="26.8248167" lon="75.7517883">
        <time>2022-03-12T16:36:53Z</time>
      </trkpt>
      <trkpt lat="26.8247583" lon="75.7517667">
        <time>2022-03-12T16:36:54Z</time>
      </trkpt>
      <trkpt lat="26.8247000" lon="75.7517483">
        <time>2022-03-12T16:36:55Z</time>
      </trkpt>
      <trkpt lat="26.8246667" lon="75.7517217">
        <time>2022-03-12T16:36:56Z</time>
      </trkpt>
      <trkpt lat="26.8246400" lon="75.7517100">
        <time>2022-03-12T16:36:57Z</time>
      </trkpt>
      <trkpt lat="26.8246217" lon="75.7517000">
        <time>2022-03-12T16:36:58Z</time>
      </trkpt>
      <trkpt lat="26.8246067" lon="75.7516900">
        <time>2022-03-12T16:36:59Z</time>
      </trkpt>
      <trkpt lat="26.8245883" lon="75.7516817">
        <time>2022-03-12T16:37:00Z</time>
      </trkpt>
      <trkpt lat="26.8245683" lon="75.7516717">
        <time>2022-03-12T16:37:01Z</time>
      </trkpt>
      <trkpt lat="26.8245500" lon="75.7516633">
        <time>2022-03-12T16:37:02Z</time>
      </trkpt>
      <trkpt lat="26.8245250" lon="75.7516533">
        <time>2022-03-12T16:37:03Z</time>
      </trkpt>
      <trkpt lat="26.8244967" lon="75.7516333">
        <time>2022-03-12T16:37:04Z</time>
      </trkpt>
      <trkpt lat="26.8244633" lon="75.7516117">
        <time>2022-03-12T16:37:05Z</time>
      </trkpt>
      <trkpt lat="26.8244133" lon="75.7515900">
        <time>2022-03-12T16:37:06Z</time>
      </trkpt>
      <trkpt lat="26.8243517" lon="75.7515667">
        <time>2022-03-12T16:37:07Z</time>
      </trkpt>
      <trkpt lat="26.8242817" lon="75.7515400">
        <time>2022-03-12T16:37:08Z</time>
      </trkpt>
      <trkpt lat="26.8242067" lon="75.7515083">
        <time>2022-03-12T16:37:09Z</time>
      </trkpt>
      <trkpt lat="26.8241367" lon="75.7514850">
        <time>2022-03-12T16:37:10Z</time>
      </trkpt>
      <trkpt lat="26.8240633" lon="75.7514600">
        <time>2022-03-12T16:37:11Z</time>
      </trkpt>
      <trkpt lat="26.8239917" lon="75.7514350">
        <time>2022-03-12T16:37:12Z</time>
      </trkpt>
      <trkpt lat="26.8239133" lon="75.7514083">
        <time>2022-03-12T16:37:13Z</time>
      </trkpt>
      <trkpt lat="26.8238350" lon="75.7513733">
        <time>2022-03-12T16:37:14Z</time>
      </trkpt>
      <trkpt lat="26.8237667" lon="75.7513433">
        <time>2022-03-12T16:37:15Z</time>
      </trkpt>
      <trkpt lat="26.8237033" lon="75.7513200">
        <time>2022-03-12T16:37:16Z</time>
      </trkpt>
      <trkpt lat="26.8236433" lon="75.7513017">
        <time>2022-03-12T16:37:17Z</time>
      </trkpt>
      <trkpt lat="26.8235917" lon="75.7512817">
        <time>2022-03-12T16:37:18Z</time>
      </trkpt>
      <trkpt lat="26.8235467" lon="75.7512683">
        <time>2022-03-12T16:37:19Z</time>
      </trkpt>
      <trkpt lat="26.8235017" lon="75.7512500">
        <time>2022-03-12T16:37:20Z</time>
      </trkpt>
      <trkpt lat="26.8234600" lon="75.7512250">
        <time>2022-03-12T16:37:21Z</time>
      </trkpt>
      <trkpt lat="26.8234200" lon="75.7512100">
        <time>2022-03-12T16:37:22Z</time>
      </trkpt>
      <trkpt lat="26.8233867" lon="75.7511900">
        <time>2022-03-12T16:37:23Z</time>
      </trkpt>
      <trkpt lat="26.8233517" lon="75.7511783">
        <time>2022-03-12T16:37:24Z</time>
      </trkpt>
      <trkpt lat="26.8233183" lon="75.7511633">
        <time>2022-03-12T16:37:25Z</time>
      </trkpt>
      <trkpt lat="26.8232850" lon="75.7511583">
        <time>2022-03-12T16:37:26Z</time>
      </trkpt>
      <trkpt lat="26.8232467" lon="75.7511483">
        <time>2022-03-12T16:37:27Z</time>
      </trkpt>
      <trkpt lat="26.8232100" lon="75.7511350">
        <time>2022-03-12T16:37:28Z</time>
      </trkpt>
      <trkpt lat="26.8231717" lon="75.7511200">
        <time>2022-03-12T16:37:29Z</time>
      </trkpt>
      <trkpt lat="26.8231300" lon="75.7511033">
        <time>2022-03-12T16:37:30Z</time>
      </trkpt>
      <trkpt lat="26.8230900" lon="75.7510800">
        <time>2022-03-12T16:37:31Z</time>
      </trkpt>
      <trkpt lat="26.8230500" lon="75.7510583">
        <time>2022-03-12T16:37:32Z</time>
      </trkpt>
      <trkpt lat="26.8230133" lon="75.7510500">
        <time>2022-03-12T16:37:33Z</time>
      </trkpt>
      <trkpt lat="26.8229833" lon="75.7510417">
        <time>2022-03-12T16:37:34Z</time>
      </trkpt>
      <trkpt lat="26.8229517" lon="75.7510367">
        <time>2022-03-12T16:37:35Z</time>
      </trkpt>
      <trkpt lat="26.8229233" lon="75.7510283">
        <time>2022-03-12T16:37:36Z</time>
      </trkpt>
      <trkpt lat="26.8228950" lon="75.7509967">
        <time>2022-03-12T16:37:37Z</time>
      </trkpt>
      <trkpt lat="26.8228717" lon="75.7509850">
        <time>2022-03-12T16:37:38Z</time>
      </trkpt>
      <trkpt lat="26.8228533" lon="75.7509783">
        <time>2022-03-12T16:37:39Z</time>
      </trkpt>
      <trkpt lat="26.8228383" lon="75.7509717">
        <time>2022-03-12T16:37:40Z</time>
      </trkpt>
      <trkpt lat="26.8228267" lon="75.7509617">
        <time>2022-03-12T16:37:41Z</time>
      </trkpt>
      <trkpt lat="26.8228150" lon="75.7509533">
        <time>2022-03-12T16:37:42Z</time>
      </trkpt>
      <trkpt lat="26.8228050" lon="75.7509433">
        <time>2022-03-12T16:37:43Z</time>
      </trkpt>
      <trkpt lat="26.8227917" lon="75.7509383">
        <time>2022-03-12T16:37:44Z</time>
      </trkpt>
      <trkpt lat="26.8227817" lon="75.7509333">
        <time>2022-03-12T16:37:45Z</time>
      </trkpt>
      <trkpt lat="26.8227750" lon="75.7509333">
        <time>2022-03-12T16:37:46Z</time>
      </trkpt>
      <trkpt lat="26.8227700" lon="75.7509317">
        <time>2022-03-12T16:37:47Z</time>
      </trkpt>
      <trkpt lat="26.8227633" lon="75.7509367">
        <time>2022-03-12T16:37:48Z</time>
      </trkpt>
      <trkpt lat="26.8227533" lon="75.7509417">
        <time>2022-03-12T16:37:49Z</time>
      </trkpt>
      <trkpt lat="26.8227483" lon="75.7509483">
        <time>2022-03-12T16:37:50Z</time>
      </trkpt>
      <trkpt lat="26.8227483" lon="75.7509483">
        <time>2022-03-12T16:37:51Z</time>
      </trkpt>
      <trkpt lat="26.8227483" lon="75.7509483">
        <time>2022-03-12T16:37:52Z</time>
      </trkpt>
      <trkpt lat="26.8227483" lon="75.7509483">
        <time>2022-03-12T16:37:53Z</time>
      </trkpt>
      <trkpt lat="26.8227483" lon="75.7509483">
        <time>2022-03-12T16:37:54Z</time>
      </trkpt>
      <trkpt lat="26.8227483" lon="75.7509483">
        <time>2022-03-12T16:37:55Z</time>
      </trkpt>
      <trkpt lat="26.8227483" lon="75.7509483">
        <time>2022-03-12T16:37:56Z</time>
      </trkpt>
      <trkpt lat="26.8227483" lon="75.7509483">
        <time>2022-03-12T16:37:57Z</time>
      </trkpt>
      <trkpt lat="26.8227483" lon="75.7509483">
        <time>2022-03-12T16:37:58Z</time>
      </trkpt>
      <trkpt lat="26.8227483" lon="75.7509483">
        <time>2022-03-12T16:37:59Z</time>
      </trkpt>
      <trkpt lat="26.8227483" lon="75.7509483">
        <time>2022-03-12T16:38:00Z</time>
      </trkpt>
      <trkpt lat="26.8227483" lon="75.7509483">
        <time>2022-03-12T16:38:01Z</time>
      </trkpt>
      <trkpt lat="26.8227483" lon="75.7509483">
        <time>2022-03-12T16:38:02Z</time>
      </trkpt>
      <trkpt lat="26.8227483" lon="75.7509483">
        <time>2022-03-12T16:38:03Z</time>
      </trkpt>
      <trkpt lat="26.8227483" lon="75.7509483">
        <time>2022-03-12T16:38:04Z</time>
      </trkpt>
      <trkpt lat="26.8227483" lon="75.7509483">
        <time>2022-03-12T16:38:05Z</time>
      </trkpt>
      <trkpt lat="26.8227483" lon="75.7509483">
        <time>2022-03-12T16:38:06Z</time>
      </trkpt>
      <trkpt lat="26.8227483" lon="75.7509483">
        <time>2022-03-12T16:38:07Z</time>
      </trkpt>
      <trkpt lat="26.8227483" lon="75.7509483">
        <time>2022-03-12T16:38:08Z</time>
      </trkpt>
      <trkpt lat="26.8227483" lon="75.7509483">
        <time>2022-03-12T16:38:09Z</time>
      </trkpt>
      <trkpt lat="26.8227483" lon="75.7509483">
        <time>2022-03-12T16:38:10Z</time>
      </trkpt>
      <trkpt lat="26.8227483" lon="75.7509483">
        <time>2022-03-12T16:38:11Z</time>
      </trkpt>
      <trkpt lat="26.8227483" lon="75.7509483">
        <time>2022-03-12T16:38:12Z</time>
      </trkpt>
      <trkpt lat="26.8227483" lon="75.7509483">
        <time>2022-03-12T16:38:13Z</time>
      </trkpt>
      <trkpt lat="26.8227483" lon="75.7509483">
        <time>2022-03-12T16:38:14Z</time>
      </trkpt>
      <trkpt lat="26.8227483" lon="75.7509483">
        <time>2022-03-12T16:38:15Z</time>
      </trkpt>
      <trkpt lat="26.8227483" lon="75.7509483">
        <time>2022-03-12T16:38:16Z</time>
      </trkpt>
      <trkpt lat="26.8228183" lon="75.7509950">
        <time>2022-03-12T16:38:17Z</time>
      </trkpt>
      <trkpt lat="26.8228250" lon="75.7510017">
        <time>2022-03-12T16:38:18Z</time>
      </trkpt>
      <trkpt lat="26.8228267" lon="75.7510033">
        <time>2022-03-12T16:38:19Z</time>
      </trkpt>
      <trkpt lat="26.8228267" lon="75.7510050">
        <time>2022-03-12T16:38:20Z</time>
      </trkpt>
      <trkpt lat="26.8228267" lon="75.7510050">
        <time>2022-03-12T16:38:21Z</time>
      </trkpt>
      <trkpt lat="26.8228267" lon="75.7510050">
        <time>2022-03-12T16:38:22Z</time>
      </trkpt>
      <trkpt lat="26.8228267" lon="75.7510050">
        <time>2022-03-12T16:38:23Z</time>
      </trkpt>
      <trkpt lat="26.8228267" lon="75.7510050">
        <time>2022-03-12T16:38:24Z</time>
      </trkpt>
      <trkpt lat="26.8228267" lon="75.7510050">
        <time>2022-03-12T16:38:25Z</time>
      </trkpt>
      <trkpt lat="26.8228267" lon="75.7510050">
        <time>2022-03-12T16:38:26Z</time>
      </trkpt>
      <trkpt lat="26.8228267" lon="75.7510050">
        <time>2022-03-12T16:38:27Z</time>
      </trkpt>
      <trkpt lat="26.8228267" lon="75.7510050">
        <time>2022-03-12T16:38:28Z</time>
      </trkpt>
      <trkpt lat="26.8228267" lon="75.7510050">
        <time>2022-03-12T16:38:29Z</time>
      </trkpt>
      <trkpt lat="26.8228267" lon="75.7510050">
        <time>2022-03-12T16:38:30Z</time>
      </trkpt>
      <trkpt lat="26.8228267" lon="75.7510050">
        <time>2022-03-12T16:38:31Z</time>
      </trkpt>
      <trkpt lat="26.8228267" lon="75.7510050">
        <time>2022-03-12T16:38:32Z</time>
      </trkpt>
      <trkpt lat="26.8228267" lon="75.7510050">
        <time>2022-03-12T16:38:33Z</time>
      </trkpt>
      <trkpt lat="26.8228267" lon="75.7510050">
        <time>2022-03-12T16:38:34Z</time>
      </trkpt>
      <trkpt lat="26.8228267" lon="75.7510050">
        <time>2022-03-12T16:38:35Z</time>
      </trkpt>
      <trkpt lat="26.8228267" lon="75.7510050">
        <time>2022-03-12T16:38:36Z</time>
      </trkpt>
      <trkpt lat="26.8228267" lon="75.7510050">
        <time>2022-03-12T16:38:37Z</time>
      </trkpt>
      <trkpt lat="26.8229033" lon="75.7510217">
        <time>2022-03-12T16:38:38Z</time>
      </trkpt>
      <trkpt lat="26.8229033" lon="75.7510317">
        <time>2022-03-12T16:38:39Z</time>
      </trkpt>
      <trkpt lat="26.8229033" lon="75.7510400">
        <time>2022-03-12T16:38:40Z</time>
      </trkpt>
      <trkpt lat="26.8229050" lon="75.7510467">
        <time>2022-03-12T16:38:41Z</time>
      </trkpt>
      <trkpt lat="26.8229067" lon="75.7510533">
        <time>2022-03-12T16:38:42Z</time>
      </trkpt>
      <trkpt lat="26.8229100" lon="75.7510583">
        <time>2022-03-12T16:38:43Z</time>
      </trkpt>
      <trkpt lat="26.8229150" lon="75.7510633">
        <time>2022-03-12T16:38:44Z</time>
      </trkpt>
      <trkpt lat="26.8229200" lon="75.7510750">
        <time>2022-03-12T16:38:45Z</time>
      </trkpt>
      <trkpt lat="26.8229267" lon="75.7510867">
        <time>2022-03-12T16:38:46Z</time>
      </trkpt>
      <trkpt lat="26.8229283" lon="75.7510933">
        <time>2022-03-12T16:38:47Z</time>
      </trkpt>
      <trkpt lat="26.8229400" lon="75.7511117">
        <time>2022-03-12T16:38:48Z</time>
      </trkpt>
      <trkpt lat="26.8229417" lon="75.7511183">
        <time>2022-03-12T16:38:49Z</time>
      </trkpt>
      <trkpt lat="26.8229350" lon="75.7511317">
        <time>2022-03-12T16:38:50Z</time>
      </trkpt>
      <trkpt lat="26.8229250" lon="75.7511400">
        <time>2022-03-12T16:38:51Z</time>
      </trkpt>
      <trkpt lat="26.8229150" lon="75.7511467">
        <time>2022-03-12T16:38:52Z</time>
      </trkpt>
      <trkpt lat="26.8229067" lon="75.7511533">
        <time>2022-03-12T16:38:53Z</time>
      </trkpt>
      <trkpt lat="26.8228967" lon="75.7511533">
        <time>2022-03-12T16:38:54Z</time>
      </trkpt>
      <trkpt lat="26.8228867" lon="75.7511500">
        <time>2022-03-12T16:38:55Z</time>
      </trkpt>
      <trkpt lat="26.8228767" lon="75.7511483">
        <time>2022-03-12T16:38:56Z</time>
      </trkpt>
      <trkpt lat="26.8228683" lon="75.7511483">
        <time>2022-03-12T16:38:57Z</time>
      </trkpt>
      <trkpt lat="26.8228633" lon="75.7511483">
        <time>2022-03-12T16:38:58Z</time>
      </trkpt>
      <trkpt lat="26.8228600" lon="75.7511467">
        <time>2022-03-12T16:38:59Z</time>
      </trkpt>
      <trkpt lat="26.8228517" lon="75.7511467">
        <time>2022-03-12T16:39:00Z</time>
      </trkpt>
      <trkpt lat="26.8228467" lon="75.7511417">
        <time>2022-03-12T16:39:01Z</time>
      </trkpt>
      <trkpt lat="26.8228417" lon="75.7511450">
        <time>2022-03-12T16:39:02Z</time>
      </trkpt>
      <trkpt lat="26.8228350" lon="75.7511500">
        <time>2022-03-12T16:39:03Z</time>
      </trkpt>
      <trkpt lat="26.8228317" lon="75.7511500">
        <time>2022-03-12T16:39:04Z</time>
      </trkpt>
      <trkpt lat="26.8228367" lon="75.7511500">
        <time>2022-03-12T16:39:05Z</time>
      </trkpt>
      <trkpt lat="26.8228383" lon="75.7511500">
        <time>2022-03-12T16:39:06Z</time>
      </trkpt>
      <trkpt lat="26.8228367" lon="75.7511500">
        <time>2022-03-12T16:39:07Z</time>
      </trkpt>
      <trkpt lat="26.8228350" lon="75.7511483">
        <time>2022-03-12T16:39:08Z</time>
      </trkpt>
      <trkpt lat="26.8228383" lon="75.7511467">
        <time>2022-03-12T16:39:09Z</time>
      </trkpt>
      <trkpt lat="26.8228367" lon="75.7511383">
        <time>2022-03-12T16:39:10Z</time>
      </trkpt>
      <trkpt lat="26.8228367" lon="75.7511350">
        <time>2022-03-12T16:39:11Z</time>
      </trkpt>
      <trkpt lat="26.8228333" lon="75.7511250">
        <time>2022-03-12T16:39:12Z</time>
      </trkpt>
      <trkpt lat="26.8228250" lon="75.7511217">
        <time>2022-03-12T16:39:13Z</time>
      </trkpt>
      <trkpt lat="26.8228250" lon="75.7511217">
        <time>2022-03-12T16:39:14Z</time>
      </trkpt>
      <trkpt lat="26.8228250" lon="75.7511217">
        <time>2022-03-12T16:39:15Z</time>
      </trkpt>
      <trkpt lat="26.8228250" lon="75.7511217">
        <time>2022-03-12T16:39:16Z</time>
      </trkpt>
      <trkpt lat="26.8228433" lon="75.7511000">
        <time>2022-03-12T16:39:17Z</time>
      </trkpt>
      <trkpt lat="26.8228383" lon="75.7510917">
        <time>2022-03-12T16:39:18Z</time>
      </trkpt>
      <trkpt lat="26.8228317" lon="75.7510750">
        <time>2022-03-12T16:39:19Z</time>
      </trkpt>
      <trkpt lat="26.8228250" lon="75.7510600">
        <time>2022-03-12T16:39:20Z</time>
      </trkpt>
      <trkpt lat="26.8228167" lon="75.7510450">
        <time>2022-03-12T16:39:21Z</time>
      </trkpt>
      <trkpt lat="26.8228083" lon="75.7510267">
        <time>2022-03-12T16:39:22Z</time>
      </trkpt>
      <trkpt lat="26.8227967" lon="75.7510050">
        <time>2022-03-12T16:39:23Z</time>
      </trkpt>
      <trkpt lat="26.8227917" lon="75.7509900">
        <time>2022-03-12T16:39:24Z</time>
      </trkpt>
      <trkpt lat="26.8227850" lon="75.7509783">
        <time>2022-03-12T16:39:25Z</time>
      </trkpt>
      <trkpt lat="26.8227817" lon="75.7509700">
        <time>2022-03-12T16:39:26Z</time>
      </trkpt>
      <trkpt lat="26.8227800" lon="75.7509700">
        <time>2022-03-12T16:39:27Z</time>
      </trkpt>
      <trkpt lat="26.8227817" lon="75.7509717">
        <time>2022-03-12T16:39:28Z</time>
      </trkpt>
      <trkpt lat="26.8227800" lon="75.7509717">
        <time>2022-03-12T16:39:29Z</time>
      </trkpt>
      <trkpt lat="26.8227783" lon="75.7509700">
        <time>2022-03-12T16:39:30Z</time>
      </trkpt>
      <trkpt lat="26.8227750" lon="75.7509667">
        <time>2022-03-12T16:39:31Z</time>
      </trkpt>
      <trkpt lat="26.8227717" lon="75.7509667">
        <time>2022-03-12T16:39:32Z</time>
      </trkpt>
      <trkpt lat="26.8227650" lon="75.7509650">
        <time>2022-03-12T16:39:33Z</time>
      </trkpt>
      <trkpt lat="26.8227650" lon="75.7509650">
        <time>2022-03-12T16:39:34Z</time>
      </trkpt>
      <trkpt lat="26.8227650" lon="75.7509650">
        <time>2022-03-12T16:39:35Z</time>
      </trkpt>
      <trkpt lat="26.8227650" lon="75.7509650">
        <time>2022-03-12T16:39:36Z</time>
      </trkpt>
      <trkpt lat="26.8227650" lon="75.7509650">
        <time>2022-03-12T16:39:37Z</time>
      </trkpt>
      <trkpt lat="26.8227650" lon="75.7509650">
        <time>2022-03-12T16:39:38Z</time>
      </trkpt>
      <trkpt lat="26.8227650" lon="75.7509650">
        <time>2022-03-12T16:39:39Z</time>
      </trkpt>
      <trkpt lat="26.8227650" lon="75.7509650">
        <time>2022-03-12T16:39:40Z</time>
      </trkpt>
      <trkpt lat="26.8227650" lon="75.7509650">
        <time>2022-03-12T16:39:41Z</time>
      </trkpt>
      <trkpt lat="26.8227650" lon="75.7509650">
        <time>2022-03-12T16:39:42Z</time>
      </trkpt>
      <trkpt lat="26.8227650" lon="75.7509650">
        <time>2022-03-12T16:39:43Z</time>
      </trkpt>
      <trkpt lat="26.8227650" lon="75.7509650">
        <time>2022-03-12T16:39:44Z</time>
      </trkpt>
      <trkpt lat="26.8227650" lon="75.7509650">
        <time>2022-03-12T16:39:45Z</time>
      </trkpt>
      <trkpt lat="26.8227650" lon="75.7509650">
        <time>2022-03-12T16:39:46Z</time>
      </trkpt>
      <trkpt lat="26.8227650" lon="75.7509650">
        <time>2022-03-12T16:39:47Z</time>
      </trkpt>
      <trkpt lat="26.8227650" lon="75.7509650">
        <time>2022-03-12T16:39:48Z</time>
      </trkpt>
      <trkpt lat="26.8227650" lon="75.7509650">
        <time>2022-03-12T16:39:49Z</time>
      </trkpt>
      <trkpt lat="26.8227650" lon="75.7509650">
        <time>2022-03-12T16:39:50Z</time>
      </trkpt>
      <trkpt lat="26.8227650" lon="75.7509650">
        <time>2022-03-12T16:39:51Z</time>
      </trkpt>
      <trkpt lat="26.8227650" lon="75.7509650">
        <time>2022-03-12T16:39:52Z</time>
      </trkpt>
      <trkpt lat="26.8227650" lon="75.7509650">
        <time>2022-03-12T16:39:53Z</time>
      </trkpt>
      <trkpt lat="26.8227650" lon="75.7509650">
        <time>2022-03-12T16:39:54Z</time>
      </trkpt>
      <trkpt lat="26.8227650" lon="75.7509650">
        <time>2022-03-12T16:39:55Z</time>
      </trkpt>
      <trkpt lat="26.8227650" lon="75.7509650">
        <time>2022-03-12T16:39:56Z</time>
      </trkpt>
      <trkpt lat="26.8227650" lon="75.7509650">
        <time>2022-03-12T16:39:57Z</time>
      </trkpt>
      <trkpt lat="26.8227650" lon="75.7509650">
        <time>2022-03-12T16:39:58Z</time>
      </trkpt>
      <trkpt lat="26.8227650" lon="75.7509650">
        <time>2022-03-12T16:39:59Z</time>
      </trkpt>
      <trkpt lat="26.8227650" lon="75.7509650">
        <time>2022-03-12T16:40:00Z</time>
      </trkpt>
      <trkpt lat="26.8227650" lon="75.7509650">
        <time>2022-03-12T16:40:01Z</time>
      </trkpt>
      <trkpt lat="26.8227650" lon="75.7509650">
        <time>2022-03-12T16:40:02Z</time>
      </trkpt>
      <trkpt lat="26.8227650" lon="75.7509650">
        <time>2022-03-12T16:40:03Z</time>
      </trkpt>
      <trkpt lat="26.8227650" lon="75.7509650">
        <time>2022-03-12T16:40:04Z</time>
      </trkpt>
      <trkpt lat="26.8227650" lon="75.7509650">
        <time>2022-03-12T16:40:05Z</time>
      </trkpt>
      <trkpt lat="26.8227650" lon="75.7509650">
        <time>2022-03-12T16:40:06Z</time>
      </trkpt>
      <trkpt lat="26.8227650" lon="75.7509650">
        <time>2022-03-12T16:40:07Z</time>
      </trkpt>
      <trkpt lat="26.8227650" lon="75.7509650">
        <time>2022-03-12T16:40:08Z</time>
      </trkpt>
      <trkpt lat="26.8227650" lon="75.7509650">
        <time>2022-03-12T16:40:09Z</time>
      </trkpt>
      <trkpt lat="26.8227650" lon="75.7509650">
        <time>2022-03-12T16:40:10Z</time>
      </trkpt>
      <trkpt lat="26.8227650" lon="75.7509650">
        <time>2022-03-12T16:40:11Z</time>
      </trkpt>
      <trkpt lat="26.8227650" lon="75.7509650">
        <time>2022-03-12T16:40:12Z</time>
      </trkpt>
      <trkpt lat="26.8227650" lon="75.7509650">
        <time>2022-03-12T16:40:13Z</time>
      </trkpt>
      <trkpt lat="26.8227650" lon="75.7509650">
        <time>2022-03-12T16:40:14Z</time>
      </trkpt>
      <trkpt lat="26.8227650" lon="75.7509650">
        <time>2022-03-12T16:40:15Z</time>
      </trkpt>
      <trkpt lat="26.8227650" lon="75.7509650">
        <time>2022-03-12T16:40:16Z</time>
      </trkpt>
      <trkpt lat="26.8227650" lon="75.7509650">
        <time>2022-03-12T16:40:17Z</time>
      </trkpt>
      <trkpt lat="26.8227650" lon="75.7509650">
        <time>2022-03-12T16:40:18Z</time>
      </trkpt>
      <trkpt lat="26.8227700" lon="75.7509583">
        <time>2022-03-12T16:40:19Z</time>
      </trkpt>
      <trkpt lat="26.8227683" lon="75.7509600">
        <time>2022-03-12T16:40:20Z</time>
      </trkpt>
      <trkpt lat="26.8227667" lon="75.7509617">
        <time>2022-03-12T16:40:21Z</time>
      </trkpt>
      <trkpt lat="26.8227683" lon="75.7509617">
        <time>2022-03-12T16:40:22Z</time>
      </trkpt>
      <trkpt lat="26.8227683" lon="75.7509617">
        <time>2022-03-12T16:40:23Z</time>
      </trkpt>
      <trkpt lat="26.8227683" lon="75.7509617">
        <time>2022-03-12T16:40:24Z</time>
      </trkpt>
      <trkpt lat="26.8227683" lon="75.7509617">
        <time>2022-03-12T16:40:25Z</time>
      </trkpt>
      <trkpt lat="26.8227683" lon="75.7509617">
        <time>2022-03-12T16:40:26Z</time>
      </trkpt>
      <trkpt lat="26.8227683" lon="75.7509617">
        <time>2022-03-12T16:40:27Z</time>
      </trkpt>
      <trkpt lat="26.8227683" lon="75.7509617">
        <time>2022-03-12T16:40:28Z</time>
      </trkpt>
      <trkpt lat="26.8227683" lon="75.7509617">
        <time>2022-03-12T16:40:29Z</time>
      </trkpt>
      <trkpt lat="26.8227683" lon="75.7509617">
        <time>2022-03-12T16:40:30Z</time>
      </trkpt>
      <trkpt lat="26.8227683" lon="75.7509617">
        <time>2022-03-12T16:40:31Z</time>
      </trkpt>
      <trkpt lat="26.8227683" lon="75.7509617">
        <time>2022-03-12T16:40:32Z</time>
      </trkpt>
      <trkpt lat="26.8227683" lon="75.7509617">
        <time>2022-03-12T16:40:33Z</time>
      </trkpt>
      <trkpt lat="26.8227683" lon="75.7509617">
        <time>2022-03-12T16:40:34Z</time>
      </trkpt>
      <trkpt lat="26.8227733" lon="75.7509883">
        <time>2022-03-12T16:40:35Z</time>
      </trkpt>
      <trkpt lat="26.8227733" lon="75.7509950">
        <time>2022-03-12T16:40:36Z</time>
      </trkpt>
      <trkpt lat="26.8227767" lon="75.7509983">
        <time>2022-03-12T16:40:37Z</time>
      </trkpt>
      <trkpt lat="26.8227783" lon="75.7510083">
        <time>2022-03-12T16:40:38Z</time>
      </trkpt>
      <trkpt lat="26.8227817" lon="75.7510117">
        <time>2022-03-12T16:40:39Z</time>
      </trkpt>
      <trkpt lat="26.8227867" lon="75.7510167">
        <time>2022-03-12T16:40:40Z</time>
      </trkpt>
      <trkpt lat="26.8227900" lon="75.7510167">
        <time>2022-03-12T16:40:41Z</time>
      </trkpt>
      <trkpt lat="26.8227917" lon="75.7510200">
        <time>2022-03-12T16:40:42Z</time>
      </trkpt>
      <trkpt lat="26.8227950" lon="75.7510217">
        <time>2022-03-12T16:40:43Z</time>
      </trkpt>
      <trkpt lat="26.8228017" lon="75.7510183">
        <time>2022-03-12T16:40:44Z</time>
      </trkpt>
      <trkpt lat="26.8228017" lon="75.7510100">
        <time>2022-03-12T16:40:45Z</time>
      </trkpt>
      <trkpt lat="26.8228017" lon="75.7510100">
        <time>2022-03-12T16:40:46Z</time>
      </trkpt>
      <trkpt lat="26.8228017" lon="75.7510067">
        <time>2022-03-12T16:40:47Z</time>
      </trkpt>
      <trkpt lat="26.8228017" lon="75.7510033">
        <time>2022-03-12T16:40:48Z</time>
      </trkpt>
      <trkpt lat="26.8228067" lon="75.7509983">
        <time>2022-03-12T16:40:49Z</time>
      </trkpt>
      <trkpt lat="26.8228067" lon="75.7509983">
        <time>2022-03-12T16:40:50Z</time>
      </trkpt>
      <trkpt lat="26.8228067" lon="75.7509983">
        <time>2022-03-12T16:40:51Z</time>
      </trkpt>
      <trkpt lat="26.8228067" lon="75.7509983">
        <time>2022-03-12T16:40:52Z</time>
      </trkpt>
      <trkpt lat="26.8228067" lon="75.7509983">
        <time>2022-03-12T16:40:53Z</time>
      </trkpt>
      <trkpt lat="26.8228067" lon="75.7509983">
        <time>2022-03-12T16:40:54Z</time>
      </trkpt>
      <trkpt lat="26.8228067" lon="75.7509983">
        <time>2022-03-12T16:40:55Z</time>
      </trkpt>
      <trkpt lat="26.8228067" lon="75.7509983">
        <time>2022-03-12T16:40:56Z</time>
      </trkpt>
      <trkpt lat="26.8228067" lon="75.7509983">
        <time>2022-03-12T16:40:57Z</time>
      </trkpt>
      <trkpt lat="26.8228067" lon="75.7509983">
        <time>2022-03-12T16:40:58Z</time>
      </trkpt>
      <trkpt lat="26.8228067" lon="75.7509983">
        <time>2022-03-12T16:40:59Z</time>
      </trkpt>
      <trkpt lat="26.8228067" lon="75.7509983">
        <time>2022-03-12T16:41:00Z</time>
      </trkpt>
      <trkpt lat="26.8228067" lon="75.7509983">
        <time>2022-03-12T16:41:01Z</time>
      </trkpt>
      <trkpt lat="26.8228300" lon="75.7510433">
        <time>2022-03-12T16:41:02Z</time>
      </trkpt>
      <trkpt lat="26.8228283" lon="75.7510467">
        <time>2022-03-12T16:41:03Z</time>
      </trkpt>
      <trkpt lat="26.8228250" lon="75.7510483">
        <time>2022-03-12T16:41:04Z</time>
      </trkpt>
      <trkpt lat="26.8228183" lon="75.7510483">
        <time>2022-03-12T16:41:05Z</time>
      </trkpt>
      <trkpt lat="26.8228183" lon="75.7510483">
        <time>2022-03-12T16:41:06Z</time>
      </trkpt>
      <trkpt lat="26.8228183" lon="75.7510483">
        <time>2022-03-12T16:41:07Z</time>
      </trkpt>
      <trkpt lat="26.8228183" lon="75.7510483">
        <time>2022-03-12T16:41:08Z</time>
      </trkpt>
      <trkpt lat="26.8228183" lon="75.7510483">
        <time>2022-03-12T16:41:09Z</time>
      </trkpt>
      <trkpt lat="26.8228183" lon="75.7510483">
        <time>2022-03-12T16:41:10Z</time>
      </trkpt>
      <trkpt lat="26.8228050" lon="75.7510983">
        <time>2022-03-12T16:41:11Z</time>
      </trkpt>
      <trkpt lat="26.8228083" lon="75.7511100">
        <time>2022-03-12T16:41:12Z</time>
      </trkpt>
      <trkpt lat="26.8228117" lon="75.7511183">
        <time>2022-03-12T16:41:13Z</time>
      </trkpt>
      <trkpt lat="26.8228117" lon="75.7511250">
        <time>2022-03-12T16:41:14Z</time>
      </trkpt>
      <trkpt lat="26.8228100" lon="75.7511317">
        <time>2022-03-12T16:41:15Z</time>
      </trkpt>
      <trkpt lat="26.8228083" lon="75.7511383">
        <time>2022-03-12T16:41:16Z</time>
      </trkpt>
      <trkpt lat="26.8228067" lon="75.7511417">
        <time>2022-03-12T16:41:17Z</time>
      </trkpt>
      <trkpt lat="26.8228067" lon="75.7511450">
        <time>2022-03-12T16:41:18Z</time>
      </trkpt>
      <trkpt lat="26.8228033" lon="75.7511483">
        <time>2022-03-12T16:41:19Z</time>
      </trkpt>
      <trkpt lat="26.8228033" lon="75.7511417">
        <time>2022-03-12T16:41:20Z</time>
      </trkpt>
      <trkpt lat="26.8228017" lon="75.7511417">
        <time>2022-03-12T16:41:21Z</time>
      </trkpt>
      <trkpt lat="26.8228050" lon="75.7511417">
        <time>2022-03-12T16:41:22Z</time>
      </trkpt>
      <trkpt lat="26.8228050" lon="75.7511417">
        <time>2022-03-12T16:41:23Z</time>
      </trkpt>
      <trkpt lat="26.8228033" lon="75.7511400">
        <time>2022-03-12T16:41:24Z</time>
      </trkpt>
      <trkpt lat="26.8228033" lon="75.7511400">
        <time>2022-03-12T16:41:25Z</time>
      </trkpt>
      <trkpt lat="26.8228033" lon="75.7511400">
        <time>2022-03-12T16:41:26Z</time>
      </trkpt>
      <trkpt lat="26.8228033" lon="75.7511400">
        <time>2022-03-12T16:41:27Z</time>
      </trkpt>
      <trkpt lat="26.8228033" lon="75.7511400">
        <time>2022-03-12T16:41:28Z</time>
      </trkpt>
      <trkpt lat="26.8228033" lon="75.7511400">
        <time>2022-03-12T16:41:29Z</time>
      </trkpt>
      <trkpt lat="26.8228033" lon="75.7511400">
        <time>2022-03-12T16:41:30Z</time>
      </trkpt>
      <trkpt lat="26.8228033" lon="75.7511400">
        <time>2022-03-12T16:41:31Z</time>
      </trkpt>
      <trkpt lat="26.8228033" lon="75.7511400">
        <time>2022-03-12T16:41:32Z</time>
      </trkpt>
      <trkpt lat="26.8228033" lon="75.7511400">
        <time>2022-03-12T16:41:33Z</time>
      </trkpt>
      <trkpt lat="26.8228033" lon="75.7511400">
        <time>2022-03-12T16:41:34Z</time>
      </trkpt>
      <trkpt lat="26.8228033" lon="75.7511400">
        <time>2022-03-12T16:41:35Z</time>
      </trkpt>
      <trkpt lat="26.8228033" lon="75.7511400">
        <time>2022-03-12T16:41:36Z</time>
      </trkpt>
      <trkpt lat="26.8228033" lon="75.7511400">
        <time>2022-03-12T16:41:37Z</time>
      </trkpt>
      <trkpt lat="26.8228033" lon="75.7511400">
        <time>2022-03-12T16:41:38Z</time>
      </trkpt>
      <trkpt lat="26.8228033" lon="75.7511400">
        <time>2022-03-12T16:41:39Z</time>
      </trkpt>
      <trkpt lat="26.8228033" lon="75.7511400">
        <time>2022-03-12T16:41:40Z</time>
      </trkpt>
      <trkpt lat="26.8228033" lon="75.7511400">
        <time>2022-03-12T16:41:41Z</time>
      </trkpt>
      <trkpt lat="26.8228033" lon="75.7511400">
        <time>2022-03-12T16:41:42Z</time>
      </trkpt>
      <trkpt lat="26.8228033" lon="75.7511400">
        <time>2022-03-12T16:41:43Z</time>
      </trkpt>
      <trkpt lat="26.8228033" lon="75.7511400">
        <time>2022-03-12T16:41:44Z</time>
      </trkpt>
      <trkpt lat="26.8228033" lon="75.7511400">
        <time>2022-03-12T16:41:45Z</time>
      </trkpt>
      <trkpt lat="26.8228033" lon="75.7511400">
        <time>2022-03-12T16:41:46Z</time>
      </trkpt>
      <trkpt lat="26.8228033" lon="75.7511400">
        <time>2022-03-12T16:41:47Z</time>
      </trkpt>
      <trkpt lat="26.8228033" lon="75.7511400">
        <time>2022-03-12T16:41:48Z</time>
      </trkpt>
      <trkpt lat="26.8228033" lon="75.7511400">
        <time>2022-03-12T16:41:49Z</time>
      </trkpt>
      <trkpt lat="26.8228033" lon="75.7511400">
        <time>2022-03-12T16:41:50Z</time>
      </trkpt>
      <trkpt lat="26.8228367" lon="75.7510567">
        <time>2022-03-12T16:41:51Z</time>
      </trkpt>
      <trkpt lat="26.8228367" lon="75.7510567">
        <time>2022-03-12T16:41:52Z</time>
      </trkpt>
      <trkpt lat="26.8228333" lon="75.7510583">
        <time>2022-03-12T16:41:53Z</time>
      </trkpt>
      <trkpt lat="26.8228217" lon="75.7510650">
        <time>2022-03-12T16:41:54Z</time>
      </trkpt>
      <trkpt lat="26.8228217" lon="75.7510650">
        <time>2022-03-12T16:41:55Z</time>
      </trkpt>
      <trkpt lat="26.8228217" lon="75.7510650">
        <time>2022-03-12T16:41:56Z</time>
      </trkpt>
      <trkpt lat="26.8228217" lon="75.7510650">
        <time>2022-03-12T16:41:57Z</time>
      </trkpt>
      <trkpt lat="26.8228267" lon="75.7510583">
        <time>2022-03-12T16:41:58Z</time>
      </trkpt>
      <trkpt lat="26.8228283" lon="75.7510617">
        <time>2022-03-12T16:41:59Z</time>
      </trkpt>
      <trkpt lat="26.8228567" lon="75.7510817">
        <time>2022-03-12T16:42:00Z</time>
      </trkpt>
      <trkpt lat="26.8228583" lon="75.7510717">
        <time>2022-03-12T16:42:01Z</time>
      </trkpt>
      <trkpt lat="26.8228350" lon="75.7510717">
        <time>2022-03-12T16:42:02Z</time>
      </trkpt>
      <trkpt lat="26.8228233" lon="75.7510700">
        <time>2022-03-12T16:42:03Z</time>
      </trkpt>
      <trkpt lat="26.8228200" lon="75.7510617">
        <time>2022-03-12T16:42:04Z</time>
      </trkpt>
      <trkpt lat="26.8228217" lon="75.7510550">
        <time>2022-03-12T16:42:05Z</time>
      </trkpt>
      <trkpt lat="26.8228233" lon="75.7510517">
        <time>2022-03-12T16:42:06Z</time>
      </trkpt>
      <trkpt lat="26.8228367" lon="75.7510450">
        <time>2022-03-12T16:42:07Z</time>
      </trkpt>
      <trkpt lat="26.8228450" lon="75.7510433">
        <time>2022-03-12T16:42:08Z</time>
      </trkpt>
      <trkpt lat="26.8228500" lon="75.7510450">
        <time>2022-03-12T16:42:09Z</time>
      </trkpt>
      <trkpt lat="26.8228483" lon="75.7510567">
        <time>2022-03-12T16:42:10Z</time>
      </trkpt>
      <trkpt lat="26.8228517" lon="75.7510700">
        <time>2022-03-12T16:42:11Z</time>
      </trkpt>
      <trkpt lat="26.8228600" lon="75.7510667">
        <time>2022-03-12T16:42:12Z</time>
      </trkpt>
      <trkpt lat="26.8228817" lon="75.7511100">
        <time>2022-03-12T16:42:13Z</time>
      </trkpt>
      <trkpt lat="26.8228817" lon="75.7511200">
        <time>2022-03-12T16:42:14Z</time>
      </trkpt>
      <trkpt lat="26.8228783" lon="75.7511250">
        <time>2022-03-12T16:42:15Z</time>
      </trkpt>
      <trkpt lat="26.8228750" lon="75.7511250">
        <time>2022-03-12T16:42:16Z</time>
      </trkpt>
      <trkpt lat="26.8228683" lon="75.7511200">
        <time>2022-03-12T16:42:17Z</time>
      </trkpt>
      <trkpt lat="26.8228617" lon="75.7510933">
        <time>2022-03-12T16:42:18Z</time>
      </trkpt>
      <trkpt lat="26.8228633" lon="75.7510883">
        <time>2022-03-12T16:42:19Z</time>
      </trkpt>
      <trkpt lat="26.8228617" lon="75.7510700">
        <time>2022-03-12T16:42:20Z</time>
      </trkpt>
      <trkpt lat="26.8228567" lon="75.7510683">
        <time>2022-03-12T16:42:21Z</time>
      </trkpt>
      <trkpt lat="26.8228600" lon="75.7510633">
        <time>2022-03-12T16:42:22Z</time>
      </trkpt>
      <trkpt lat="26.8228617" lon="75.7510633">
        <time>2022-03-12T16:42:23Z</time>
      </trkpt>
      <trkpt lat="26.8228667" lon="75.7510650">
        <time>2022-03-12T16:42:24Z</time>
      </trkpt>
      <trkpt lat="26.8228733" lon="75.7510633">
        <time>2022-03-12T16:42:25Z</time>
      </trkpt>
      <trkpt lat="26.8228800" lon="75.7510583">
        <time>2022-03-12T16:42:26Z</time>
      </trkpt>
      <trkpt lat="26.8228950" lon="75.7510517">
        <time>2022-03-12T16:42:27Z</time>
      </trkpt>
      <trkpt lat="26.8229067" lon="75.7510483">
        <time>2022-03-12T16:42:28Z</time>
      </trkpt>
      <trkpt lat="26.8229200" lon="75.7510417">
        <time>2022-03-12T16:42:29Z</time>
      </trkpt>
      <trkpt lat="26.8229300" lon="75.7510317">
        <time>2022-03-12T16:42:30Z</time>
      </trkpt>
      <trkpt lat="26.8228783" lon="75.7509733">
        <time>2022-03-12T16:42:31Z</time>
      </trkpt>
      <trkpt lat="26.8228883" lon="75.7509667">
        <time>2022-03-12T16:42:32Z</time>
      </trkpt>
      <trkpt lat="26.8228783" lon="75.7509617">
        <time>2022-03-12T16:42:33Z</time>
      </trkpt>
      <trkpt lat="26.8228817" lon="75.7509683">
        <time>2022-03-12T16:42:34Z</time>
      </trkpt>
      <trkpt lat="26.8228683" lon="75.7509783">
        <time>2022-03-12T16:42:35Z</time>
      </trkpt>
      <trkpt lat="26.8228700" lon="75.7509800">
        <time>2022-03-12T16:42:36Z</time>
      </trkpt>
      <trkpt lat="26.8228700" lon="75.7509833">
        <time>2022-03-12T16:42:37Z</time>
      </trkpt>
      <trkpt lat="26.8228700" lon="75.7509833">
        <time>2022-03-12T16:42:38Z</time>
      </trkpt>
      <trkpt lat="26.8228600" lon="75.7509867">
        <time>2022-03-12T16:42:39Z</time>
      </trkpt>
      <trkpt lat="26.8228600" lon="75.7509983">
        <time>2022-03-12T16:42:40Z</time>
      </trkpt>
      <trkpt lat="26.8228600" lon="75.7510017">
        <time>2022-03-12T16:42:41Z</time>
      </trkpt>
      <trkpt lat="26.8228633" lon="75.7510033">
        <time>2022-03-12T16:42:42Z</time>
      </trkpt>
      <trkpt lat="26.8228600" lon="75.7510133">
        <time>2022-03-12T16:42:43Z</time>
      </trkpt>
      <trkpt lat="26.8228550" lon="75.7510217">
        <time>2022-03-12T16:42:44Z</time>
      </trkpt>
      <trkpt lat="26.8228550" lon="75.7510217">
        <time>2022-03-12T16:42:45Z</time>
      </trkpt>
      <trkpt lat="26.8228550" lon="75.7510217">
        <time>2022-03-12T16:42:46Z</time>
      </trkpt>
      <trkpt lat="26.8228550" lon="75.7510217">
        <time>2022-03-12T16:42:47Z</time>
      </trkpt>
      <trkpt lat="26.8228550" lon="75.7510217">
        <time>2022-03-12T16:42:48Z</time>
      </trkpt>
      <trkpt lat="26.8228550" lon="75.7510217">
        <time>2022-03-12T16:42:49Z</time>
      </trkpt>
      <trkpt lat="26.8228550" lon="75.7510217">
        <time>2022-03-12T16:42:50Z</time>
      </trkpt>
      <trkpt lat="26.8228550" lon="75.7510217">
        <time>2022-03-12T16:42:51Z</time>
      </trkpt>
      <trkpt lat="26.8228550" lon="75.7510217">
        <time>2022-03-12T16:42:52Z</time>
      </trkpt>
      <trkpt lat="26.8228550" lon="75.7510217">
        <time>2022-03-12T16:42:53Z</time>
      </trkpt>
      <trkpt lat="26.8228550" lon="75.7510217">
        <time>2022-03-12T16:42:54Z</time>
      </trkpt>
      <trkpt lat="26.8228550" lon="75.7510217">
        <time>2022-03-12T16:42:55Z</time>
      </trkpt>
      <trkpt lat="26.8228467" lon="75.7510133">
        <time>2022-03-12T16:42:56Z</time>
      </trkpt>
      <trkpt lat="26.8228433" lon="75.7510133">
        <time>2022-03-12T16:42:57Z</time>
      </trkpt>
      <trkpt lat="26.8228333" lon="75.7510200">
        <time>2022-03-12T16:42:58Z</time>
      </trkpt>
      <trkpt lat="26.8228283" lon="75.7510283">
        <time>2022-03-12T16:42:59Z</time>
      </trkpt>
      <trkpt lat="26.8228283" lon="75.7510383">
        <time>2022-03-12T16:43:00Z</time>
      </trkpt>
      <trkpt lat="26.8228333" lon="75.7510417">
        <time>2022-03-12T16:43:01Z</time>
      </trkpt>
      <trkpt lat="26.8228333" lon="75.7510417">
        <time>2022-03-12T16:43:02Z</time>
      </trkpt>
      <trkpt lat="26.8228400" lon="75.7510450">
        <time>2022-03-12T16:43:03Z</time>
      </trkpt>
      <trkpt lat="26.8228383" lon="75.7510433">
        <time>2022-03-12T16:43:04Z</time>
      </trkpt>
      <trkpt lat="26.8228400" lon="75.7510433">
        <time>2022-03-12T16:43:05Z</time>
      </trkpt>
      <trkpt lat="26.8228450" lon="75.7510433">
        <time>2022-03-12T16:43:06Z</time>
      </trkpt>
      <trkpt lat="26.8228450" lon="75.7510383">
        <time>2022-03-12T16:43:07Z</time>
      </trkpt>
      <trkpt lat="26.8228467" lon="75.7510350">
        <time>2022-03-12T16:43:08Z</time>
      </trkpt>
      <trkpt lat="26.8228433" lon="75.7510383">
        <time>2022-03-12T16:43:09Z</time>
      </trkpt>
      <trkpt lat="26.8228367" lon="75.7510400">
        <time>2022-03-12T16:43:10Z</time>
      </trkpt>
      <trkpt lat="26.8228300" lon="75.7510433">
        <time>2022-03-12T16:43:11Z</time>
      </trkpt>
      <trkpt lat="26.8228267" lon="75.7510450">
        <time>2022-03-12T16:43:12Z</time>
      </trkpt>
      <trkpt lat="26.8228217" lon="75.7510467">
        <time>2022-03-12T16:43:13Z</time>
      </trkpt>
      <trkpt lat="26.8228200" lon="75.7510467">
        <time>2022-03-12T16:43:14Z</time>
      </trkpt>
      <trkpt lat="26.8228183" lon="75.7510483">
        <time>2022-03-12T16:43:15Z</time>
      </trkpt>
      <trkpt lat="26.8228183" lon="75.7510483">
        <time>2022-03-12T16:43:16Z</time>
      </trkpt>
      <trkpt lat="26.8228250" lon="75.7510567">
        <time>2022-03-12T16:43:17Z</time>
      </trkpt>
      <trkpt lat="26.8228283" lon="75.7510583">
        <time>2022-03-12T16:43:18Z</time>
      </trkpt>
      <trkpt lat="26.8228250" lon="75.7510617">
        <time>2022-03-12T16:43:19Z</time>
      </trkpt>
      <trkpt lat="26.8228267" lon="75.7510600">
        <time>2022-03-12T16:43:20Z</time>
      </trkpt>
      <trkpt lat="26.8228300" lon="75.7510567">
        <time>2022-03-12T16:43:21Z</time>
      </trkpt>
      <trkpt lat="26.8228300" lon="75.7510567">
        <time>2022-03-12T16:43:22Z</time>
      </trkpt>
      <trkpt lat="26.8228300" lon="75.7510567">
        <time>2022-03-12T16:43:23Z</time>
      </trkpt>
      <trkpt lat="26.8228300" lon="75.7510567">
        <time>2022-03-12T16:43:24Z</time>
      </trkpt>
      <trkpt lat="26.8228300" lon="75.7510567">
        <time>2022-03-12T16:43:25Z</time>
      </trkpt>
      <trkpt lat="26.8228300" lon="75.7510567">
        <time>2022-03-12T16:43:26Z</time>
      </trkpt>
      <trkpt lat="26.8228300" lon="75.7510567">
        <time>2022-03-12T16:43:27Z</time>
      </trkpt>
      <trkpt lat="26.8228300" lon="75.7510567">
        <time>2022-03-12T16:43:28Z</time>
      </trkpt>
      <trkpt lat="26.8228300" lon="75.7510567">
        <time>2022-03-12T16:43:29Z</time>
      </trkpt>
      <trkpt lat="26.8228300" lon="75.7510567">
        <time>2022-03-12T16:43:30Z</time>
      </trkpt>
      <trkpt lat="26.8228300" lon="75.7510567">
        <time>2022-03-12T16:43:31Z</time>
      </trkpt>
      <trkpt lat="26.8228300" lon="75.7510567">
        <time>2022-03-12T16:43:32Z</time>
      </trkpt>
      <trkpt lat="26.8228300" lon="75.7510567">
        <time>2022-03-12T16:43:33Z</time>
      </trkpt>
      <trkpt lat="26.8228300" lon="75.7510567">
        <time>2022-03-12T16:43:34Z</time>
      </trkpt>
      <trkpt lat="26.8228300" lon="75.7510567">
        <time>2022-03-12T16:43:35Z</time>
      </trkpt>
      <trkpt lat="26.8228300" lon="75.7510567">
        <time>2022-03-12T16:43:36Z</time>
      </trkpt>
      <trkpt lat="26.8228300" lon="75.7510567">
        <time>2022-03-12T16:43:37Z</time>
      </trkpt>
      <trkpt lat="26.8228300" lon="75.7510567">
        <time>2022-03-12T16:43:38Z</time>
      </trkpt>
      <trkpt lat="26.8228300" lon="75.7510567">
        <time>2022-03-12T16:43:39Z</time>
      </trkpt>
      <trkpt lat="26.8228300" lon="75.7510567">
        <time>2022-03-12T16:43:40Z</time>
      </trkpt>
      <trkpt lat="26.8228300" lon="75.7510567">
        <time>2022-03-12T16:43:41Z</time>
      </trkpt>
      <trkpt lat="26.8228300" lon="75.7510567">
        <time>2022-03-12T16:43:42Z</time>
      </trkpt>
      <trkpt lat="26.8228300" lon="75.7510567">
        <time>2022-03-12T16:43:43Z</time>
      </trkpt>
      <trkpt lat="26.8228300" lon="75.7510567">
        <time>2022-03-12T16:43:44Z</time>
      </trkpt>
      <trkpt lat="26.8228300" lon="75.7510567">
        <time>2022-03-12T16:43:45Z</time>
      </trkpt>
      <trkpt lat="26.8228300" lon="75.7510567">
        <time>2022-03-12T16:43:46Z</time>
      </trkpt>
      <trkpt lat="26.8228300" lon="75.7510567">
        <time>2022-03-12T16:43:47Z</time>
      </trkpt>
      <trkpt lat="26.8228300" lon="75.7510567">
        <time>2022-03-12T16:43:48Z</time>
      </trkpt>
      <trkpt lat="26.8228300" lon="75.7510567">
        <time>2022-03-12T16:43:49Z</time>
      </trkpt>
      <trkpt lat="26.8228300" lon="75.7510567">
        <time>2022-03-12T16:43:50Z</time>
      </trkpt>
      <trkpt lat="26.8228300" lon="75.7510567">
        <time>2022-03-12T16:43:51Z</time>
      </trkpt>
      <trkpt lat="26.8228300" lon="75.7510567">
        <time>2022-03-12T16:43:52Z</time>
      </trkpt>
      <trkpt lat="26.8228300" lon="75.7510567">
        <time>2022-03-12T16:43:53Z</time>
      </trkpt>
      <trkpt lat="26.8228300" lon="75.7510567">
        <time>2022-03-12T16:43:54Z</time>
      </trkpt>
      <trkpt lat="26.8228300" lon="75.7510567">
        <time>2022-03-12T16:43:55Z</time>
      </trkpt>
      <trkpt lat="26.8228300" lon="75.7510567">
        <time>2022-03-12T16:43:56Z</time>
      </trkpt>
      <trkpt lat="26.8228300" lon="75.7510567">
        <time>2022-03-12T16:43:57Z</time>
      </trkpt>
      <trkpt lat="26.8228300" lon="75.7510567">
        <time>2022-03-12T16:43:58Z</time>
      </trkpt>
      <trkpt lat="26.8228300" lon="75.7510567">
        <time>2022-03-12T16:43:59Z</time>
      </trkpt>
      <trkpt lat="26.8228300" lon="75.7510567">
        <time>2022-03-12T16:44:00Z</time>
      </trkpt>
      <trkpt lat="26.8228300" lon="75.7510567">
        <time>2022-03-12T16:44:01Z</time>
      </trkpt>
      <trkpt lat="26.8228300" lon="75.7510567">
        <time>2022-03-12T16:44:02Z</time>
      </trkpt>
      <trkpt lat="26.8228300" lon="75.7510567">
        <time>2022-03-12T16:44:03Z</time>
      </trkpt>
      <trkpt lat="26.8228300" lon="75.7510567">
        <time>2022-03-12T16:44:04Z</time>
      </trkpt>
      <trkpt lat="26.8228300" lon="75.7510567">
        <time>2022-03-12T16:44:05Z</time>
      </trkpt>
      <trkpt lat="26.8228533" lon="75.7510400">
        <time>2022-03-12T16:44:06Z</time>
      </trkpt>
      <trkpt lat="26.8228533" lon="75.7510450">
        <time>2022-03-12T16:44:07Z</time>
      </trkpt>
      <trkpt lat="26.8228550" lon="75.7510483">
        <time>2022-03-12T16:44:08Z</time>
      </trkpt>
      <trkpt lat="26.8228550" lon="75.7510550">
        <time>2022-03-12T16:44:09Z</time>
      </trkpt>
      <trkpt lat="26.8228550" lon="75.7510550">
        <time>2022-03-12T16:44:10Z</time>
      </trkpt>
      <trkpt lat="26.8228550" lon="75.7510550">
        <time>2022-03-12T16:44:11Z</time>
      </trkpt>
      <trkpt lat="26.8228733" lon="75.7510633">
        <time>2022-03-12T16:44:12Z</time>
      </trkpt>
      <trkpt lat="26.8228783" lon="75.7510683">
        <time>2022-03-12T16:44:13Z</time>
      </trkpt>
      <trkpt lat="26.8228750" lon="75.7510750">
        <time>2022-03-12T16:44:14Z</time>
      </trkpt>
      <trkpt lat="26.8228717" lon="75.7510833">
        <time>2022-03-12T16:44:15Z</time>
      </trkpt>
      <trkpt lat="26.8228633" lon="75.7510950">
        <time>2022-03-12T16:44:16Z</time>
      </trkpt>
      <trkpt lat="26.8228583" lon="75.7511083">
        <time>2022-03-12T16:44:17Z</time>
      </trkpt>
      <trkpt lat="26.8228500" lon="75.7511067">
        <time>2022-03-12T16:44:18Z</time>
      </trkpt>
      <trkpt lat="26.8228417" lon="75.7511117">
        <time>2022-03-12T16:44:19Z</time>
      </trkpt>
      <trkpt lat="26.8228400" lon="75.7511133">
        <time>2022-03-12T16:44:20Z</time>
      </trkpt>
      <trkpt lat="26.8228417" lon="75.7511183">
        <time>2022-03-12T16:44:21Z</time>
      </trkpt>
      <trkpt lat="26.8228450" lon="75.7511217">
        <time>2022-03-12T16:44:22Z</time>
      </trkpt>
      <trkpt lat="26.8228467" lon="75.7511267">
        <time>2022-03-12T16:44:23Z</time>
      </trkpt>
      <trkpt lat="26.8228467" lon="75.7511283">
        <time>2022-03-12T16:44:24Z</time>
      </trkpt>
      <trkpt lat="26.8228467" lon="75.7511317">
        <time>2022-03-12T16:44:25Z</time>
      </trkpt>
      <trkpt lat="26.8228483" lon="75.7511350">
        <time>2022-03-12T16:44:26Z</time>
      </trkpt>
      <trkpt lat="26.8228483" lon="75.7511350">
        <time>2022-03-12T16:44:27Z</time>
      </trkpt>
      <trkpt lat="26.8228483" lon="75.7511350">
        <time>2022-03-12T16:44:28Z</time>
      </trkpt>
      <trkpt lat="26.8228483" lon="75.7511350">
        <time>2022-03-12T16:44:29Z</time>
      </trkpt>
      <trkpt lat="26.8228483" lon="75.7511350">
        <time>2022-03-12T16:44:30Z</time>
      </trkpt>
      <trkpt lat="26.8228483" lon="75.7511350">
        <time>2022-03-12T16:44:31Z</time>
      </trkpt>
      <trkpt lat="26.8228483" lon="75.7511350">
        <time>2022-03-12T16:44:32Z</time>
      </trkpt>
      <trkpt lat="26.8228483" lon="75.7511350">
        <time>2022-03-12T16:44:33Z</time>
      </trkpt>
      <trkpt lat="26.8228483" lon="75.7511350">
        <time>2022-03-12T16:44:34Z</time>
      </trkpt>
      <trkpt lat="26.8228483" lon="75.7511350">
        <time>2022-03-12T16:44:35Z</time>
      </trkpt>
      <trkpt lat="26.8228483" lon="75.7511350">
        <time>2022-03-12T16:44:36Z</time>
      </trkpt>
      <trkpt lat="26.8228483" lon="75.7511350">
        <time>2022-03-12T16:44:37Z</time>
      </trkpt>
      <trkpt lat="26.8228483" lon="75.7511350">
        <time>2022-03-12T16:44:38Z</time>
      </trkpt>
      <trkpt lat="26.8228483" lon="75.7511350">
        <time>2022-03-12T16:44:39Z</time>
      </trkpt>
      <trkpt lat="26.8228483" lon="75.7511350">
        <time>2022-03-12T16:44:40Z</time>
      </trkpt>
      <trkpt lat="26.8228483" lon="75.7511350">
        <time>2022-03-12T16:44:41Z</time>
      </trkpt>
      <trkpt lat="26.8228483" lon="75.7511350">
        <time>2022-03-12T16:44:42Z</time>
      </trkpt>
      <trkpt lat="26.8228483" lon="75.7511350">
        <time>2022-03-12T16:44:43Z</time>
      </trkpt>
      <trkpt lat="26.8228483" lon="75.7511350">
        <time>2022-03-12T16:44:44Z</time>
      </trkpt>
      <trkpt lat="26.8228483" lon="75.7511350">
        <time>2022-03-12T16:44:45Z</time>
      </trkpt>
      <trkpt lat="26.8228483" lon="75.7511350">
        <time>2022-03-12T16:44:46Z</time>
      </trkpt>
      <trkpt lat="26.8228483" lon="75.7511350">
        <time>2022-03-12T16:44:47Z</time>
      </trkpt>
      <trkpt lat="26.8228483" lon="75.7511350">
        <time>2022-03-12T16:44:48Z</time>
      </trkpt>
      <trkpt lat="26.8228483" lon="75.7511350">
        <time>2022-03-12T16:44:49Z</time>
      </trkpt>
      <trkpt lat="26.8228483" lon="75.7511350">
        <time>2022-03-12T16:44:50Z</time>
      </trkpt>
      <trkpt lat="26.8228483" lon="75.7511350">
        <time>2022-03-12T16:44:51Z</time>
      </trkpt>
      <trkpt lat="26.8228483" lon="75.7511350">
        <time>2022-03-12T16:44:52Z</time>
      </trkpt>
      <trkpt lat="26.8228483" lon="75.7511350">
        <time>2022-03-12T16:44:53Z</time>
      </trkpt>
      <trkpt lat="26.8228483" lon="75.7511350">
        <time>2022-03-12T16:44:54Z</time>
      </trkpt>
      <trkpt lat="26.8228483" lon="75.7511350">
        <time>2022-03-12T16:44:55Z</time>
      </trkpt>
      <trkpt lat="26.8228483" lon="75.7511350">
        <time>2022-03-12T16:44:56Z</time>
      </trkpt>
      <trkpt lat="26.8228483" lon="75.7511350">
        <time>2022-03-12T16:44:57Z</time>
      </trkpt>
      <trkpt lat="26.8228483" lon="75.7511350">
        <time>2022-03-12T16:44:58Z</time>
      </trkpt>
      <trkpt lat="26.8228483" lon="75.7511350">
        <time>2022-03-12T16:44:59Z</time>
      </trkpt>
      <trkpt lat="26.8228483" lon="75.7511350">
        <time>2022-03-12T16:45:00Z</time>
      </trkpt>
      <trkpt lat="26.8228483" lon="75.7511350">
        <time>2022-03-12T16:45:01Z</time>
      </trkpt>
      <trkpt lat="26.8228483" lon="75.7511350">
        <time>2022-03-12T16:45:02Z</time>
      </trkpt>
      <trkpt lat="26.8228483" lon="75.7511350">
        <time>2022-03-12T16:45:03Z</time>
      </trkpt>
      <trkpt lat="26.8228483" lon="75.7511350">
        <time>2022-03-12T16:45:04Z</time>
      </trkpt>
      <trkpt lat="26.8228483" lon="75.7511350">
        <time>2022-03-12T16:45:05Z</time>
      </trkpt>
      <trkpt lat="26.8228483" lon="75.7511350">
        <time>2022-03-12T16:45:06Z</time>
      </trkpt>
      <trkpt lat="26.8228483" lon="75.7511350">
        <time>2022-03-12T16:45:07Z</time>
      </trkpt>
      <trkpt lat="26.8228483" lon="75.7511350">
        <time>2022-03-12T16:45:08Z</time>
      </trkpt>
      <trkpt lat="26.8228483" lon="75.7511350">
        <time>2022-03-12T16:45:09Z</time>
      </trkpt>
      <trkpt lat="26.8228483" lon="75.7511350">
        <time>2022-03-12T16:45:10Z</time>
      </trkpt>
      <trkpt lat="26.8228483" lon="75.7511350">
        <time>2022-03-12T16:45:11Z</time>
      </trkpt>
      <trkpt lat="26.8228483" lon="75.7511350">
        <time>2022-03-12T16:45:12Z</time>
      </trkpt>
      <trkpt lat="26.8228483" lon="75.7511350">
        <time>2022-03-12T16:45:13Z</time>
      </trkpt>
      <trkpt lat="26.8228483" lon="75.7511350">
        <time>2022-03-12T16:45:14Z</time>
      </trkpt>
      <trkpt lat="26.8228483" lon="75.7511350">
        <time>2022-03-12T16:45:15Z</time>
      </trkpt>
      <trkpt lat="26.8228483" lon="75.7511350">
        <time>2022-03-12T16:45:16Z</time>
      </trkpt>
      <trkpt lat="26.8228483" lon="75.7511350">
        <time>2022-03-12T16:45:17Z</time>
      </trkpt>
      <trkpt lat="26.8228483" lon="75.7511350">
        <time>2022-03-12T16:45:18Z</time>
      </trkpt>
      <trkpt lat="26.8228483" lon="75.7511350">
        <time>2022-03-12T16:45:19Z</time>
      </trkpt>
      <trkpt lat="26.8228483" lon="75.7511350">
        <time>2022-03-12T16:45:20Z</time>
      </trkpt>
      <trkpt lat="26.8228483" lon="75.7511350">
        <time>2022-03-12T16:45:21Z</time>
      </trkpt>
      <trkpt lat="26.8228483" lon="75.7511350">
        <time>2022-03-12T16:45:22Z</time>
      </trkpt>
      <trkpt lat="26.8228483" lon="75.7511350">
        <time>2022-03-12T16:45:23Z</time>
      </trkpt>
      <trkpt lat="26.8228483" lon="75.7511350">
        <time>2022-03-12T16:45:24Z</time>
      </trkpt>
      <trkpt lat="26.8228483" lon="75.7511350">
        <time>2022-03-12T16:45:25Z</time>
      </trkpt>
      <trkpt lat="26.8228483" lon="75.7511350">
        <time>2022-03-12T16:45:26Z</time>
      </trkpt>
      <trkpt lat="26.8228483" lon="75.7511350">
        <time>2022-03-12T16:45:27Z</time>
      </trkpt>
      <trkpt lat="26.8228483" lon="75.7511350">
        <time>2022-03-12T16:45:28Z</time>
      </trkpt>
      <trkpt lat="26.8228483" lon="75.7511350">
        <time>2022-03-12T16:45:29Z</time>
      </trkpt>
      <trkpt lat="26.8228483" lon="75.7511350">
        <time>2022-03-12T16:45:30Z</time>
      </trkpt>
      <trkpt lat="26.8228483" lon="75.7511350">
        <time>2022-03-12T16:45:31Z</time>
      </trkpt>
      <trkpt lat="26.8228483" lon="75.7511350">
        <time>2022-03-12T16:45:32Z</time>
      </trkpt>
      <trkpt lat="26.8228483" lon="75.7511350">
        <time>2022-03-12T16:45:33Z</time>
      </trkpt>
      <trkpt lat="26.8228483" lon="75.7511350">
        <time>2022-03-12T16:45:34Z</time>
      </trkpt>
      <trkpt lat="26.8228400" lon="75.7511517">
        <time>2022-03-12T16:45:35Z</time>
      </trkpt>
      <trkpt lat="26.8228383" lon="75.7511567">
        <time>2022-03-12T16:45:36Z</time>
      </trkpt>
      <trkpt lat="26.8228333" lon="75.7511617">
        <time>2022-03-12T16:45:37Z</time>
      </trkpt>
      <trkpt lat="26.8228267" lon="75.7511650">
        <time>2022-03-12T16:45:38Z</time>
      </trkpt>
      <trkpt lat="26.8228233" lon="75.7511633">
        <time>2022-03-12T16:45:39Z</time>
      </trkpt>
      <trkpt lat="26.8228233" lon="75.7511633">
        <time>2022-03-12T16:45:40Z</time>
      </trkpt>
      <trkpt lat="26.8228233" lon="75.7511633">
        <time>2022-03-12T16:45:41Z</time>
      </trkpt>
      <trkpt lat="26.8228233" lon="75.7511633">
        <time>2022-03-12T16:45:42Z</time>
      </trkpt>
      <trkpt lat="26.8228233" lon="75.7511633">
        <time>2022-03-12T16:45:43Z</time>
      </trkpt>
      <trkpt lat="26.8228233" lon="75.7511633">
        <time>2022-03-12T16:45:44Z</time>
      </trkpt>
      <trkpt lat="26.8228217" lon="75.7511633">
        <time>2022-03-12T16:45:45Z</time>
      </trkpt>
      <trkpt lat="26.8228283" lon="75.7511700">
        <time>2022-03-12T16:45:46Z</time>
      </trkpt>
      <trkpt lat="26.8228300" lon="75.7511683">
        <time>2022-03-12T16:45:47Z</time>
      </trkpt>
      <trkpt lat="26.8228283" lon="75.7511683">
        <time>2022-03-12T16:45:48Z</time>
      </trkpt>
      <trkpt lat="26.8228267" lon="75.7511717">
        <time>2022-03-12T16:45:49Z</time>
      </trkpt>
      <trkpt lat="26.8228300" lon="75.7511767">
        <time>2022-03-12T16:45:50Z</time>
      </trkpt>
      <trkpt lat="26.8228350" lon="75.7511783">
        <time>2022-03-12T16:45:51Z</time>
      </trkpt>
      <trkpt lat="26.8228367" lon="75.7511833">
        <time>2022-03-12T16:45:52Z</time>
      </trkpt>
      <trkpt lat="26.8228417" lon="75.7511833">
        <time>2022-03-12T16:45:53Z</time>
      </trkpt>
      <trkpt lat="26.8228450" lon="75.7511800">
        <time>2022-03-12T16:45:54Z</time>
      </trkpt>
      <trkpt lat="26.8228450" lon="75.7511800">
        <time>2022-03-12T16:45:55Z</time>
      </trkpt>
      <trkpt lat="26.8228450" lon="75.7511800">
        <time>2022-03-12T16:45:56Z</time>
      </trkpt>
      <trkpt lat="26.8228450" lon="75.7511800">
        <time>2022-03-12T16:45:57Z</time>
      </trkpt>
      <trkpt lat="26.8228450" lon="75.7511800">
        <time>2022-03-12T16:45:58Z</time>
      </trkpt>
      <trkpt lat="26.8228350" lon="75.7511750">
        <time>2022-03-12T16:45:59Z</time>
      </trkpt>
      <trkpt lat="26.8228333" lon="75.7511733">
        <time>2022-03-12T16:46:00Z</time>
      </trkpt>
      <trkpt lat="26.8228317" lon="75.7511633">
        <time>2022-03-12T16:46:01Z</time>
      </trkpt>
      <trkpt lat="26.8228267" lon="75.7511517">
        <time>2022-03-12T16:46:02Z</time>
      </trkpt>
      <trkpt lat="26.8228200" lon="75.7511467">
        <time>2022-03-12T16:46:03Z</time>
      </trkpt>
      <trkpt lat="26.8228233" lon="75.7511533">
        <time>2022-03-12T16:46:04Z</time>
      </trkpt>
      <trkpt lat="26.8228250" lon="75.7511517">
        <time>2022-03-12T16:46:05Z</time>
      </trkpt>
      <trkpt lat="26.8228233" lon="75.7511517">
        <time>2022-03-12T16:46:06Z</time>
      </trkpt>
      <trkpt lat="26.8228233" lon="75.7511517">
        <time>2022-03-12T16:46:07Z</time>
      </trkpt>
      <trkpt lat="26.8228233" lon="75.7511517">
        <time>2022-03-12T16:46:08Z</time>
      </trkpt>
      <trkpt lat="26.8228233" lon="75.7511517">
        <time>2022-03-12T16:46:09Z</time>
      </trkpt>
      <trkpt lat="26.8228233" lon="75.7511517">
        <time>2022-03-12T16:46:10Z</time>
      </trkpt>
      <trkpt lat="26.8228233" lon="75.7511517">
        <time>2022-03-12T16:46:11Z</time>
      </trkpt>
      <trkpt lat="26.8228233" lon="75.7511517">
        <time>2022-03-12T16:46:12Z</time>
      </trkpt>
      <trkpt lat="26.8228233" lon="75.7511517">
        <time>2022-03-12T16:46:13Z</time>
      </trkpt>
      <trkpt lat="26.8228233" lon="75.7511517">
        <time>2022-03-12T16:46:14Z</time>
      </trkpt>
      <trkpt lat="26.8228233" lon="75.7511517">
        <time>2022-03-12T16:46:15Z</time>
      </trkpt>
      <trkpt lat="26.8228233" lon="75.7511517">
        <time>2022-03-12T16:46:16Z</time>
      </trkpt>
      <trkpt lat="26.8228233" lon="75.7511517">
        <time>2022-03-12T16:46:17Z</time>
      </trkpt>
      <trkpt lat="26.8228233" lon="75.7511517">
        <time>2022-03-12T16:46:18Z</time>
      </trkpt>
      <trkpt lat="26.8228233" lon="75.7511517">
        <time>2022-03-12T16:46:19Z</time>
      </trkpt>
      <trkpt lat="26.8228233" lon="75.7511517">
        <time>2022-03-12T16:46:20Z</time>
      </trkpt>
      <trkpt lat="26.8228233" lon="75.7511517">
        <time>2022-03-12T16:46:21Z</time>
      </trkpt>
      <trkpt lat="26.8228233" lon="75.7511517">
        <time>2022-03-12T16:46:22Z</time>
      </trkpt>
      <trkpt lat="26.8228233" lon="75.7511517">
        <time>2022-03-12T16:46:23Z</time>
      </trkpt>
      <trkpt lat="26.8228233" lon="75.7511517">
        <time>2022-03-12T16:46:24Z</time>
      </trkpt>
      <trkpt lat="26.8228233" lon="75.7511517">
        <time>2022-03-12T16:46:25Z</time>
      </trkpt>
      <trkpt lat="26.8228233" lon="75.7511517">
        <time>2022-03-12T16:46:26Z</time>
      </trkpt>
      <trkpt lat="26.8228233" lon="75.7511517">
        <time>2022-03-12T16:46:27Z</time>
      </trkpt>
      <trkpt lat="26.8228233" lon="75.7511517">
        <time>2022-03-12T16:46:28Z</time>
      </trkpt>
      <trkpt lat="26.8228233" lon="75.7511517">
        <time>2022-03-12T16:46:29Z</time>
      </trkpt>
      <trkpt lat="26.8228350" lon="75.7511500">
        <time>2022-03-12T16:46:30Z</time>
      </trkpt>
      <trkpt lat="26.8228333" lon="75.7511483">
        <time>2022-03-12T16:46:31Z</time>
      </trkpt>
      <trkpt lat="26.8228283" lon="75.7511450">
        <time>2022-03-12T16:46:32Z</time>
      </trkpt>
      <trkpt lat="26.8228300" lon="75.7511483">
        <time>2022-03-12T16:46:33Z</time>
      </trkpt>
      <trkpt lat="26.8228300" lon="75.7511483">
        <time>2022-03-12T16:46:34Z</time>
      </trkpt>
      <trkpt lat="26.8228300" lon="75.7511483">
        <time>2022-03-12T16:46:35Z</time>
      </trkpt>
      <trkpt lat="26.8228300" lon="75.7511483">
        <time>2022-03-12T16:46:36Z</time>
      </trkpt>
      <trkpt lat="26.8228300" lon="75.7511483">
        <time>2022-03-12T16:46:37Z</time>
      </trkpt>
      <trkpt lat="26.8228300" lon="75.7511483">
        <time>2022-03-12T16:46:38Z</time>
      </trkpt>
      <trkpt lat="26.8228300" lon="75.7511483">
        <time>2022-03-12T16:46:39Z</time>
      </trkpt>
      <trkpt lat="26.8228300" lon="75.7511483">
        <time>2022-03-12T16:46:40Z</time>
      </trkpt>
      <trkpt lat="26.8228300" lon="75.7511483">
        <time>2022-03-12T16:46:41Z</time>
      </trkpt>
      <trkpt lat="26.8228300" lon="75.7511483">
        <time>2022-03-12T16:46:42Z</time>
      </trkpt>
      <trkpt lat="26.8228300" lon="75.7511483">
        <time>2022-03-12T16:46:43Z</time>
      </trkpt>
      <trkpt lat="26.8228300" lon="75.7511483">
        <time>2022-03-12T16:46:44Z</time>
      </trkpt>
      <trkpt lat="26.8228300" lon="75.7511483">
        <time>2022-03-12T16:46:45Z</time>
      </trkpt>
      <trkpt lat="26.8228300" lon="75.7511483">
        <time>2022-03-12T16:46:46Z</time>
      </trkpt>
      <trkpt lat="26.8228300" lon="75.7511483">
        <time>2022-03-12T16:46:47Z</time>
      </trkpt>
      <trkpt lat="26.8228300" lon="75.7511483">
        <time>2022-03-12T16:46:48Z</time>
      </trkpt>
      <trkpt lat="26.8228300" lon="75.7511483">
        <time>2022-03-12T16:46:49Z</time>
      </trkpt>
      <trkpt lat="26.8228300" lon="75.7511483">
        <time>2022-03-12T16:46:50Z</time>
      </trkpt>
      <trkpt lat="26.8228300" lon="75.7511483">
        <time>2022-03-12T16:46:51Z</time>
      </trkpt>
      <trkpt lat="26.8228300" lon="75.7511483">
        <time>2022-03-12T16:46:52Z</time>
      </trkpt>
      <trkpt lat="26.8228300" lon="75.7511483">
        <time>2022-03-12T16:46:53Z</time>
      </trkpt>
      <trkpt lat="26.8228300" lon="75.7511483">
        <time>2022-03-12T16:46:54Z</time>
      </trkpt>
      <trkpt lat="26.8228300" lon="75.7511483">
        <time>2022-03-12T16:46:55Z</time>
      </trkpt>
      <trkpt lat="26.8228300" lon="75.7511483">
        <time>2022-03-12T16:46:56Z</time>
      </trkpt>
      <trkpt lat="26.8228300" lon="75.7511483">
        <time>2022-03-12T16:46:57Z</time>
      </trkpt>
      <trkpt lat="26.8228300" lon="75.7511483">
        <time>2022-03-12T16:46:58Z</time>
      </trkpt>
      <trkpt lat="26.8228300" lon="75.7511483">
        <time>2022-03-12T16:46:59Z</time>
      </trkpt>
      <trkpt lat="26.8228300" lon="75.7511483">
        <time>2022-03-12T16:47:00Z</time>
      </trkpt>
      <trkpt lat="26.8228300" lon="75.7511483">
        <time>2022-03-12T16:47:01Z</time>
      </trkpt>
      <trkpt lat="26.8228433" lon="75.7511100">
        <time>2022-03-12T16:47:02Z</time>
      </trkpt>
      <trkpt lat="26.8228450" lon="75.7511100">
        <time>2022-03-12T16:47:03Z</time>
      </trkpt>
      <trkpt lat="26.8228467" lon="75.7511100">
        <time>2022-03-12T16:47:04Z</time>
      </trkpt>
      <trkpt lat="26.8228500" lon="75.7511083">
        <time>2022-03-12T16:47:05Z</time>
      </trkpt>
      <trkpt lat="26.8228500" lon="75.7511083">
        <time>2022-03-12T16:47:06Z</time>
      </trkpt>
      <trkpt lat="26.8228500" lon="75.7511083">
        <time>2022-03-12T16:47:07Z</time>
      </trkpt>
      <trkpt lat="26.8228500" lon="75.7511083">
        <time>2022-03-12T16:47:08Z</time>
      </trkpt>
      <trkpt lat="26.8228500" lon="75.7511083">
        <time>2022-03-12T16:47:09Z</time>
      </trkpt>
      <trkpt lat="26.8228500" lon="75.7511083">
        <time>2022-03-12T16:47:10Z</time>
      </trkpt>
      <trkpt lat="26.8228500" lon="75.7511083">
        <time>2022-03-12T16:47:11Z</time>
      </trkpt>
      <trkpt lat="26.8228500" lon="75.7511083">
        <time>2022-03-12T16:47:12Z</time>
      </trkpt>
      <trkpt lat="26.8228500" lon="75.7511083">
        <time>2022-03-12T16:47:13Z</time>
      </trkpt>
      <trkpt lat="26.8228500" lon="75.7511083">
        <time>2022-03-12T16:47:14Z</time>
      </trkpt>
      <trkpt lat="26.8228500" lon="75.7511083">
        <time>2022-03-12T16:47:15Z</time>
      </trkpt>
      <trkpt lat="26.8228500" lon="75.7511083">
        <time>2022-03-12T16:47:16Z</time>
      </trkpt>
      <trkpt lat="26.8228500" lon="75.7511083">
        <time>2022-03-12T16:47:17Z</time>
      </trkpt>
      <trkpt lat="26.8228500" lon="75.7511083">
        <time>2022-03-12T16:47:18Z</time>
      </trkpt>
      <trkpt lat="26.8228500" lon="75.7511083">
        <time>2022-03-12T16:47:19Z</time>
      </trkpt>
      <trkpt lat="26.8228500" lon="75.7511083">
        <time>2022-03-12T16:47:20Z</time>
      </trkpt>
      <trkpt lat="26.8228500" lon="75.7511083">
        <time>2022-03-12T16:47:21Z</time>
      </trkpt>
      <trkpt lat="26.8228500" lon="75.7511083">
        <time>2022-03-12T16:47:22Z</time>
      </trkpt>
      <trkpt lat="26.8228500" lon="75.7511083">
        <time>2022-03-12T16:47:23Z</time>
      </trkpt>
      <trkpt lat="26.8228500" lon="75.7511083">
        <time>2022-03-12T16:47:24Z</time>
      </trkpt>
      <trkpt lat="26.8228500" lon="75.7511083">
        <time>2022-03-12T16:47:25Z</time>
      </trkpt>
      <trkpt lat="26.8228500" lon="75.7511083">
        <time>2022-03-12T16:47:26Z</time>
      </trkpt>
      <trkpt lat="26.8228500" lon="75.7511083">
        <time>2022-03-12T16:47:27Z</time>
      </trkpt>
      <trkpt lat="26.8228500" lon="75.7511083">
        <time>2022-03-12T16:47:28Z</time>
      </trkpt>
      <trkpt lat="26.8228500" lon="75.7511083">
        <time>2022-03-12T16:47:29Z</time>
      </trkpt>
      <trkpt lat="26.8228500" lon="75.7511083">
        <time>2022-03-12T16:47:30Z</time>
      </trkpt>
      <trkpt lat="26.8228500" lon="75.7511083">
        <time>2022-03-12T16:47:31Z</time>
      </trkpt>
      <trkpt lat="26.8228500" lon="75.7511083">
        <time>2022-03-12T16:47:32Z</time>
      </trkpt>
      <trkpt lat="26.8228500" lon="75.7511083">
        <time>2022-03-12T16:47:33Z</time>
      </trkpt>
      <trkpt lat="26.8228500" lon="75.7511083">
        <time>2022-03-12T16:47:34Z</time>
      </trkpt>
      <trkpt lat="26.8228500" lon="75.7511083">
        <time>2022-03-12T16:47:35Z</time>
      </trkpt>
      <trkpt lat="26.8228500" lon="75.7511083">
        <time>2022-03-12T16:47:36Z</time>
      </trkpt>
      <trkpt lat="26.8228500" lon="75.7511083">
        <time>2022-03-12T16:47:37Z</time>
      </trkpt>
      <trkpt lat="26.8228500" lon="75.7511083">
        <time>2022-03-12T16:47:38Z</time>
      </trkpt>
      <trkpt lat="26.8228500" lon="75.7511083">
        <time>2022-03-12T16:47:39Z</time>
      </trkpt>
      <trkpt lat="26.8228500" lon="75.7511083">
        <time>2022-03-12T16:47:40Z</time>
      </trkpt>
      <trkpt lat="26.8228500" lon="75.7511083">
        <time>2022-03-12T16:47:41Z</time>
      </trkpt>
      <trkpt lat="26.8228500" lon="75.7511083">
        <time>2022-03-12T16:47:42Z</time>
      </trkpt>
      <trkpt lat="26.8228500" lon="75.7511083">
        <time>2022-03-12T16:47:43Z</time>
      </trkpt>
      <trkpt lat="26.8228500" lon="75.7511083">
        <time>2022-03-12T16:47:44Z</time>
      </trkpt>
      <trkpt lat="26.8228500" lon="75.7511083">
        <time>2022-03-12T16:47:45Z</time>
      </trkpt>
      <trkpt lat="26.8228500" lon="75.7511083">
        <time>2022-03-12T16:47:46Z</time>
      </trkpt>
      <trkpt lat="26.8228500" lon="75.7511083">
        <time>2022-03-12T16:47:47Z</time>
      </trkpt>
      <trkpt lat="26.8228500" lon="75.7511083">
        <time>2022-03-12T16:47:48Z</time>
      </trkpt>
      <trkpt lat="26.8228500" lon="75.7511083">
        <time>2022-03-12T16:47:49Z</time>
      </trkpt>
      <trkpt lat="26.8228500" lon="75.7511083">
        <time>2022-03-12T16:47:50Z</time>
      </trkpt>
      <trkpt lat="26.8228500" lon="75.7511083">
        <time>2022-03-12T16:47:51Z</time>
      </trkpt>
      <trkpt lat="26.8228500" lon="75.7511083">
        <time>2022-03-12T16:47:52Z</time>
      </trkpt>
      <trkpt lat="26.8228500" lon="75.7511083">
        <time>2022-03-12T16:47:53Z</time>
      </trkpt>
      <trkpt lat="26.8228500" lon="75.7511083">
        <time>2022-03-12T16:47:54Z</time>
      </trkpt>
      <trkpt lat="26.8228500" lon="75.7511083">
        <time>2022-03-12T16:47:55Z</time>
      </trkpt>
      <trkpt lat="26.8228500" lon="75.7511083">
        <time>2022-03-12T16:47:56Z</time>
      </trkpt>
      <trkpt lat="26.8228500" lon="75.7511083">
        <time>2022-03-12T16:47:57Z</time>
      </trkpt>
      <trkpt lat="26.8228500" lon="75.7511083">
        <time>2022-03-12T16:47:58Z</time>
      </trkpt>
      <trkpt lat="26.8228500" lon="75.7511083">
        <time>2022-03-12T16:47:59Z</time>
      </trkpt>
      <trkpt lat="26.8228500" lon="75.7511083">
        <time>2022-03-12T16:48:00Z</time>
      </trkpt>
      <trkpt lat="26.8228500" lon="75.7511083">
        <time>2022-03-12T16:48:01Z</time>
      </trkpt>
      <trkpt lat="26.8228500" lon="75.7511083">
        <time>2022-03-12T16:48:02Z</time>
      </trkpt>
      <trkpt lat="26.8228500" lon="75.7511083">
        <time>2022-03-12T16:48:03Z</time>
      </trkpt>
      <trkpt lat="26.8228500" lon="75.7511083">
        <time>2022-03-12T16:48:04Z</time>
      </trkpt>
      <trkpt lat="26.8228500" lon="75.7511083">
        <time>2022-03-12T16:48:05Z</time>
      </trkpt>
      <trkpt lat="26.8228500" lon="75.7511083">
        <time>2022-03-12T16:48:06Z</time>
      </trkpt>
      <trkpt lat="26.8228500" lon="75.7511083">
        <time>2022-03-12T16:48:07Z</time>
      </trkpt>
      <trkpt lat="26.8228500" lon="75.7511083">
        <time>2022-03-12T16:48:08Z</time>
      </trkpt>
      <trkpt lat="26.8228500" lon="75.7511083">
        <time>2022-03-12T16:48:09Z</time>
      </trkpt>
      <trkpt lat="26.8228500" lon="75.7511083">
        <time>2022-03-12T16:48:10Z</time>
      </trkpt>
      <trkpt lat="26.8228500" lon="75.7511083">
        <time>2022-03-12T16:48:11Z</time>
      </trkpt>
      <trkpt lat="26.8228500" lon="75.7511083">
        <time>2022-03-12T16:48:12Z</time>
      </trkpt>
      <trkpt lat="26.8228500" lon="75.7511083">
        <time>2022-03-12T16:48:13Z</time>
      </trkpt>
      <trkpt lat="26.8228500" lon="75.7511083">
        <time>2022-03-12T16:48:14Z</time>
      </trkpt>
      <trkpt lat="26.8228500" lon="75.7511083">
        <time>2022-03-12T16:48:15Z</time>
      </trkpt>
      <trkpt lat="26.8228500" lon="75.7511083">
        <time>2022-03-12T16:48:16Z</time>
      </trkpt>
      <trkpt lat="26.8228500" lon="75.7511083">
        <time>2022-03-12T16:48:17Z</time>
      </trkpt>
      <trkpt lat="26.8228500" lon="75.7511083">
        <time>2022-03-12T16:48:18Z</time>
      </trkpt>
      <trkpt lat="26.8228567" lon="75.7511650">
        <time>2022-03-12T16:48:19Z</time>
      </trkpt>
      <trkpt lat="26.8228567" lon="75.7511583">
        <time>2022-03-12T16:48:20Z</time>
      </trkpt>
      <trkpt lat="26.8228550" lon="75.7511500">
        <time>2022-03-12T16:48:21Z</time>
      </trkpt>
      <trkpt lat="26.8228617" lon="75.7511433">
        <time>2022-03-12T16:48:22Z</time>
      </trkpt>
      <trkpt lat="26.8228517" lon="75.7511367">
        <time>2022-03-12T16:48:23Z</time>
      </trkpt>
      <trkpt lat="26.8228383" lon="75.7511267">
        <time>2022-03-12T16:48:24Z</time>
      </trkpt>
      <trkpt lat="26.8228283" lon="75.7511150">
        <time>2022-03-12T16:48:25Z</time>
      </trkpt>
      <trkpt lat="26.8228317" lon="75.7511167">
        <time>2022-03-12T16:48:26Z</time>
      </trkpt>
      <trkpt lat="26.8228367" lon="75.7511233">
        <time>2022-03-12T16:48:27Z</time>
      </trkpt>
      <trkpt lat="26.8228400" lon="75.7511267">
        <time>2022-03-12T16:48:28Z</time>
      </trkpt>
      <trkpt lat="26.8228450" lon="75.7511283">
        <time>2022-03-12T16:48:29Z</time>
      </trkpt>
      <trkpt lat="26.8228433" lon="75.7511300">
        <time>2022-03-12T16:48:30Z</time>
      </trkpt>
      <trkpt lat="26.8228467" lon="75.7511317">
        <time>2022-03-12T16:48:31Z</time>
      </trkpt>
      <trkpt lat="26.8228483" lon="75.7511317">
        <time>2022-03-12T16:48:32Z</time>
      </trkpt>
      <trkpt lat="26.8228483" lon="75.7511300">
        <time>2022-03-12T16:48:33Z</time>
      </trkpt>
      <trkpt lat="26.8228433" lon="75.7511300">
        <time>2022-03-12T16:48:34Z</time>
      </trkpt>
      <trkpt lat="26.8228483" lon="75.7511350">
        <time>2022-03-12T16:48:35Z</time>
      </trkpt>
      <trkpt lat="26.8228433" lon="75.7511317">
        <time>2022-03-12T16:48:36Z</time>
      </trkpt>
      <trkpt lat="26.8228333" lon="75.7511300">
        <time>2022-03-12T16:48:37Z</time>
      </trkpt>
      <trkpt lat="26.8228300" lon="75.7511283">
        <time>2022-03-12T16:48:38Z</time>
      </trkpt>
      <trkpt lat="26.8228300" lon="75.7511250">
        <time>2022-03-12T16:48:39Z</time>
      </trkpt>
      <trkpt lat="26.8228300" lon="75.7511250">
        <time>2022-03-12T16:48:40Z</time>
      </trkpt>
      <trkpt lat="26.8228300" lon="75.7511250">
        <time>2022-03-12T16:48:41Z</time>
      </trkpt>
      <trkpt lat="26.8228300" lon="75.7511250">
        <time>2022-03-12T16:48:42Z</time>
      </trkpt>
      <trkpt lat="26.8228617" lon="75.7511517">
        <time>2022-03-12T16:48:43Z</time>
      </trkpt>
      <trkpt lat="26.8228617" lon="75.7511500">
        <time>2022-03-12T16:48:44Z</time>
      </trkpt>
      <trkpt lat="26.8228617" lon="75.7511500">
        <time>2022-03-12T16:48:45Z</time>
      </trkpt>
      <trkpt lat="26.8228350" lon="75.7511517">
        <time>2022-03-12T16:48:46Z</time>
      </trkpt>
      <trkpt lat="26.8228533" lon="75.7511500">
        <time>2022-03-12T16:48:47Z</time>
      </trkpt>
      <trkpt lat="26.8228533" lon="75.7511500">
        <time>2022-03-12T16:48:48Z</time>
      </trkpt>
      <trkpt lat="26.8228533" lon="75.7511500">
        <time>2022-03-12T16:48:49Z</time>
      </trkpt>
      <trkpt lat="26.8228533" lon="75.7511500">
        <time>2022-03-12T16:48:50Z</time>
      </trkpt>
      <trkpt lat="26.8228550" lon="75.7511600">
        <time>2022-03-12T16:48:51Z</time>
      </trkpt>
      <trkpt lat="26.8228533" lon="75.7511617">
        <time>2022-03-12T16:48:52Z</time>
      </trkpt>
      <trkpt lat="26.8228550" lon="75.7511567">
        <time>2022-03-12T16:48:53Z</time>
      </trkpt>
      <trkpt lat="26.8228667" lon="75.7511533">
        <time>2022-03-12T16:48:54Z</time>
      </trkpt>
      <trkpt lat="26.8228667" lon="75.7511533">
        <time>2022-03-12T16:48:55Z</time>
      </trkpt>
      <trkpt lat="26.8228667" lon="75.7511533">
        <time>2022-03-12T16:48:56Z</time>
      </trkpt>
      <trkpt lat="26.8228667" lon="75.7511533">
        <time>2022-03-12T16:48:57Z</time>
      </trkpt>
      <trkpt lat="26.8228667" lon="75.7511533">
        <time>2022-03-12T16:48:58Z</time>
      </trkpt>
      <trkpt lat="26.8228667" lon="75.7511533">
        <time>2022-03-12T16:48:59Z</time>
      </trkpt>
      <trkpt lat="26.8228667" lon="75.7511533">
        <time>2022-03-12T16:49:00Z</time>
      </trkpt>
      <trkpt lat="26.8228667" lon="75.7511533">
        <time>2022-03-12T16:49:01Z</time>
      </trkpt>
      <trkpt lat="26.8228667" lon="75.7511533">
        <time>2022-03-12T16:49:02Z</time>
      </trkpt>
      <trkpt lat="26.8228667" lon="75.7511533">
        <time>2022-03-12T16:49:03Z</time>
      </trkpt>
      <trkpt lat="26.8228667" lon="75.7511533">
        <time>2022-03-12T16:49:04Z</time>
      </trkpt>
      <trkpt lat="26.8228667" lon="75.7511533">
        <time>2022-03-12T16:49:05Z</time>
      </trkpt>
      <trkpt lat="26.8228667" lon="75.7511533">
        <time>2022-03-12T16:49:06Z</time>
      </trkpt>
      <trkpt lat="26.8228667" lon="75.7511533">
        <time>2022-03-12T16:49:07Z</time>
      </trkpt>
      <trkpt lat="26.8228667" lon="75.7511533">
        <time>2022-03-12T16:49:08Z</time>
      </trkpt>
      <trkpt lat="26.8228667" lon="75.7511533">
        <time>2022-03-12T16:49:09Z</time>
      </trkpt>
      <trkpt lat="26.8228667" lon="75.7511533">
        <time>2022-03-12T16:49:10Z</time>
      </trkpt>
      <trkpt lat="26.8228667" lon="75.7511533">
        <time>2022-03-12T16:49:11Z</time>
      </trkpt>
      <trkpt lat="26.8228667" lon="75.7511533">
        <time>2022-03-12T16:49:12Z</time>
      </trkpt>
      <trkpt lat="26.8228800" lon="75.7511617">
        <time>2022-03-12T16:49:13Z</time>
      </trkpt>
      <trkpt lat="26.8228867" lon="75.7511567">
        <time>2022-03-12T16:49:14Z</time>
      </trkpt>
      <trkpt lat="26.8228950" lon="75.7511500">
        <time>2022-03-12T16:49:15Z</time>
      </trkpt>
      <trkpt lat="26.8228883" lon="75.7511533">
        <time>2022-03-12T16:49:16Z</time>
      </trkpt>
      <trkpt lat="26.8228833" lon="75.7511567">
        <time>2022-03-12T16:49:17Z</time>
      </trkpt>
      <trkpt lat="26.8228767" lon="75.7511617">
        <time>2022-03-12T16:49:18Z</time>
      </trkpt>
      <trkpt lat="26.8228767" lon="75.7511617">
        <time>2022-03-12T16:49:19Z</time>
      </trkpt>
      <trkpt lat="26.8228767" lon="75.7511617">
        <time>2022-03-12T16:49:20Z</time>
      </trkpt>
      <trkpt lat="26.8228767" lon="75.7511617">
        <time>2022-03-12T16:49:21Z</time>
      </trkpt>
      <trkpt lat="26.8228767" lon="75.7511617">
        <time>2022-03-12T16:49:22Z</time>
      </trkpt>
      <trkpt lat="26.8228767" lon="75.7511617">
        <time>2022-03-12T16:49:23Z</time>
      </trkpt>
      <trkpt lat="26.8228767" lon="75.7511617">
        <time>2022-03-12T16:49:24Z</time>
      </trkpt>
      <trkpt lat="26.8228767" lon="75.7511617">
        <time>2022-03-12T16:49:25Z</time>
      </trkpt>
      <trkpt lat="26.8228767" lon="75.7511617">
        <time>2022-03-12T16:49:26Z</time>
      </trkpt>
      <trkpt lat="26.8228433" lon="75.7511500">
        <time>2022-03-12T16:49:27Z</time>
      </trkpt>
      <trkpt lat="26.8228383" lon="75.7511567">
        <time>2022-03-12T16:49:28Z</time>
      </trkpt>
      <trkpt lat="26.8228333" lon="75.7511633">
        <time>2022-03-12T16:49:29Z</time>
      </trkpt>
      <trkpt lat="26.8228283" lon="75.7511700">
        <time>2022-03-12T16:49:30Z</time>
      </trkpt>
      <trkpt lat="26.8228267" lon="75.7511700">
        <time>2022-03-12T16:49:31Z</time>
      </trkpt>
      <trkpt lat="26.8228233" lon="75.7511717">
        <time>2022-03-12T16:49:32Z</time>
      </trkpt>
      <trkpt lat="26.8228200" lon="75.7511717">
        <time>2022-03-12T16:49:33Z</time>
      </trkpt>
      <trkpt lat="26.8228150" lon="75.7511850">
        <time>2022-03-12T16:49:34Z</time>
      </trkpt>
      <trkpt lat="26.8228100" lon="75.7511950">
        <time>2022-03-12T16:49:35Z</time>
      </trkpt>
      <trkpt lat="26.8228083" lon="75.7512083">
        <time>2022-03-12T16:49:36Z</time>
      </trkpt>
      <trkpt lat="26.8228067" lon="75.7512183">
        <time>2022-03-12T16:49:37Z</time>
      </trkpt>
      <trkpt lat="26.8228067" lon="75.7512233">
        <time>2022-03-12T16:49:38Z</time>
      </trkpt>
      <trkpt lat="26.8228100" lon="75.7512317">
        <time>2022-03-12T16:49:39Z</time>
      </trkpt>
      <trkpt lat="26.8228100" lon="75.7512333">
        <time>2022-03-12T16:49:40Z</time>
      </trkpt>
      <trkpt lat="26.8228150" lon="75.7512367">
        <time>2022-03-12T16:49:41Z</time>
      </trkpt>
      <trkpt lat="26.8228200" lon="75.7512367">
        <time>2022-03-12T16:49:42Z</time>
      </trkpt>
      <trkpt lat="26.8228233" lon="75.7512333">
        <time>2022-03-12T16:49:43Z</time>
      </trkpt>
      <trkpt lat="26.8228250" lon="75.7512283">
        <time>2022-03-12T16:49:44Z</time>
      </trkpt>
      <trkpt lat="26.8228217" lon="75.7512217">
        <time>2022-03-12T16:49:45Z</time>
      </trkpt>
      <trkpt lat="26.8228250" lon="75.7512117">
        <time>2022-03-12T16:49:46Z</time>
      </trkpt>
      <trkpt lat="26.8228267" lon="75.7512033">
        <time>2022-03-12T16:49:47Z</time>
      </trkpt>
      <trkpt lat="26.8228317" lon="75.7511950">
        <time>2022-03-12T16:49:48Z</time>
      </trkpt>
      <trkpt lat="26.8228317" lon="75.7511883">
        <time>2022-03-12T16:49:49Z</time>
      </trkpt>
      <trkpt lat="26.8228317" lon="75.7511883">
        <time>2022-03-12T16:49:50Z</time>
      </trkpt>
      <trkpt lat="26.8228317" lon="75.7511883">
        <time>2022-03-12T16:49:51Z</time>
      </trkpt>
      <trkpt lat="26.8228317" lon="75.7511883">
        <time>2022-03-12T16:49:52Z</time>
      </trkpt>
      <trkpt lat="26.8228317" lon="75.7511883">
        <time>2022-03-12T16:49:53Z</time>
      </trkpt>
      <trkpt lat="26.8228317" lon="75.7511883">
        <time>2022-03-12T16:49:54Z</time>
      </trkpt>
      <trkpt lat="26.8228317" lon="75.7511883">
        <time>2022-03-12T16:49:55Z</time>
      </trkpt>
      <trkpt lat="26.8228317" lon="75.7511883">
        <time>2022-03-12T16:49:56Z</time>
      </trkpt>
      <trkpt lat="26.8228317" lon="75.7511883">
        <time>2022-03-12T16:49:57Z</time>
      </trkpt>
      <trkpt lat="26.8228317" lon="75.7511883">
        <time>2022-03-12T16:49:58Z</time>
      </trkpt>
      <trkpt lat="26.8228317" lon="75.7511883">
        <time>2022-03-12T16:49:59Z</time>
      </trkpt>
      <trkpt lat="26.8228317" lon="75.7511883">
        <time>2022-03-12T16:50:00Z</time>
      </trkpt>
      <trkpt lat="26.8228317" lon="75.7511883">
        <time>2022-03-12T16:50:01Z</time>
      </trkpt>
      <trkpt lat="26.8228317" lon="75.7511883">
        <time>2022-03-12T16:50:02Z</time>
      </trkpt>
      <trkpt lat="26.8228317" lon="75.7511883">
        <time>2022-03-12T16:50:03Z</time>
      </trkpt>
      <trkpt lat="26.8228317" lon="75.7511883">
        <time>2022-03-12T16:50:04Z</time>
      </trkpt>
      <trkpt lat="26.8228317" lon="75.7511883">
        <time>2022-03-12T16:50:05Z</time>
      </trkpt>
      <trkpt lat="26.8228317" lon="75.7511883">
        <time>2022-03-12T16:50:06Z</time>
      </trkpt>
      <trkpt lat="26.8228317" lon="75.7511883">
        <time>2022-03-12T16:50:07Z</time>
      </trkpt>
      <trkpt lat="26.8228317" lon="75.7511883">
        <time>2022-03-12T16:50:08Z</time>
      </trkpt>
      <trkpt lat="26.8228317" lon="75.7511883">
        <time>2022-03-12T16:50:09Z</time>
      </trkpt>
      <trkpt lat="26.8228317" lon="75.7511517">
        <time>2022-03-12T16:50:10Z</time>
      </trkpt>
      <trkpt lat="26.8228267" lon="75.7511600">
        <time>2022-03-12T16:50:11Z</time>
      </trkpt>
      <trkpt lat="26.8228267" lon="75.7511700">
        <time>2022-03-12T16:50:12Z</time>
      </trkpt>
      <trkpt lat="26.8228283" lon="75.7511833">
        <time>2022-03-12T16:50:13Z</time>
      </trkpt>
      <trkpt lat="26.8228283" lon="75.7511933">
        <time>2022-03-12T16:50:14Z</time>
      </trkpt>
      <trkpt lat="26.8228317" lon="75.7511967">
        <time>2022-03-12T16:50:15Z</time>
      </trkpt>
      <trkpt lat="26.8229533" lon="75.7512583">
        <time>2022-03-12T16:50:16Z</time>
      </trkpt>
      <trkpt lat="26.8229583" lon="75.7512650">
        <time>2022-03-12T16:50:17Z</time>
      </trkpt>
      <trkpt lat="26.8229567" lon="75.7512683">
        <time>2022-03-12T16:50:18Z</time>
      </trkpt>
      <trkpt lat="26.8229517" lon="75.7512683">
        <time>2022-03-12T16:50:19Z</time>
      </trkpt>
      <trkpt lat="26.8229483" lon="75.7512683">
        <time>2022-03-12T16:50:20Z</time>
      </trkpt>
      <trkpt lat="26.8229433" lon="75.7512667">
        <time>2022-03-12T16:50:21Z</time>
      </trkpt>
      <trkpt lat="26.8229433" lon="75.7512650">
        <time>2022-03-12T16:50:22Z</time>
      </trkpt>
      <trkpt lat="26.8229417" lon="75.7512633">
        <time>2022-03-12T16:50:23Z</time>
      </trkpt>
      <trkpt lat="26.8229300" lon="75.7512617">
        <time>2022-03-12T16:50:24Z</time>
      </trkpt>
      <trkpt lat="26.8229250" lon="75.7512567">
        <time>2022-03-12T16:50:25Z</time>
      </trkpt>
      <trkpt lat="26.8229183" lon="75.7512533">
        <time>2022-03-12T16:50:26Z</time>
      </trkpt>
      <trkpt lat="26.8229133" lon="75.7512517">
        <time>2022-03-12T16:50:27Z</time>
      </trkpt>
      <trkpt lat="26.8229133" lon="75.7512517">
        <time>2022-03-12T16:50:28Z</time>
      </trkpt>
      <trkpt lat="26.8229133" lon="75.7512517">
        <time>2022-03-12T16:50:29Z</time>
      </trkpt>
      <trkpt lat="26.8229133" lon="75.7512517">
        <time>2022-03-12T16:50:30Z</time>
      </trkpt>
      <trkpt lat="26.8229133" lon="75.7512517">
        <time>2022-03-12T16:50:31Z</time>
      </trkpt>
      <trkpt lat="26.8229133" lon="75.7512517">
        <time>2022-03-12T16:50:32Z</time>
      </trkpt>
      <trkpt lat="26.8228933" lon="75.7512000">
        <time>2022-03-12T16:50:33Z</time>
      </trkpt>
      <trkpt lat="26.8228833" lon="75.7511867">
        <time>2022-03-12T16:50:34Z</time>
      </trkpt>
      <trkpt lat="26.8228783" lon="75.7511733">
        <time>2022-03-12T16:50:35Z</time>
      </trkpt>
      <trkpt lat="26.8228750" lon="75.7511617">
        <time>2022-03-12T16:50:36Z</time>
      </trkpt>
      <trkpt lat="26.8228683" lon="75.7511483">
        <time>2022-03-12T16:50:37Z</time>
      </trkpt>
      <trkpt lat="26.8228617" lon="75.7511350">
        <time>2022-03-12T16:50:38Z</time>
      </trkpt>
      <trkpt lat="26.8228600" lon="75.7511250">
        <time>2022-03-12T16:50:39Z</time>
      </trkpt>
      <trkpt lat="26.8228600" lon="75.7511133">
        <time>2022-03-12T16:50:40Z</time>
      </trkpt>
      <trkpt lat="26.8228617" lon="75.7511050">
        <time>2022-03-12T16:50:41Z</time>
      </trkpt>
      <trkpt lat="26.8228683" lon="75.7511033">
        <time>2022-03-12T16:50:42Z</time>
      </trkpt>
      <trkpt lat="26.8229117" lon="75.7510817">
        <time>2022-03-12T16:50:43Z</time>
      </trkpt>
      <trkpt lat="26.8229383" lon="75.7510600">
        <time>2022-03-12T16:50:44Z</time>
      </trkpt>
      <trkpt lat="26.8229450" lon="75.7510633">
        <time>2022-03-12T16:50:45Z</time>
      </trkpt>
      <trkpt lat="26.8229517" lon="75.7510517">
        <time>2022-03-12T16:50:46Z</time>
      </trkpt>
      <trkpt lat="26.8229583" lon="75.7510667">
        <time>2022-03-12T16:50:47Z</time>
      </trkpt>
      <trkpt lat="26.8229650" lon="75.7510667">
        <time>2022-03-12T16:50:48Z</time>
      </trkpt>
      <trkpt lat="26.8229500" lon="75.7510467">
        <time>2022-03-12T16:50:49Z</time>
      </trkpt>
      <trkpt lat="26.8229517" lon="75.7510467">
        <time>2022-03-12T16:50:50Z</time>
      </trkpt>
      <trkpt lat="26.8229450" lon="75.7510517">
        <time>2022-03-12T16:50:51Z</time>
      </trkpt>
      <trkpt lat="26.8228517" lon="75.7510883">
        <time>2022-03-12T16:50:52Z</time>
      </trkpt>
      <trkpt lat="26.8228350" lon="75.7511000">
        <time>2022-03-12T16:50:53Z</time>
      </trkpt>
      <trkpt lat="26.8228367" lon="75.7511017">
        <time>2022-03-12T16:50:54Z</time>
      </trkpt>
      <trkpt lat="26.8228367" lon="75.7511000">
        <time>2022-03-12T16:50:55Z</time>
      </trkpt>
      <trkpt lat="26.8228600" lon="75.7511117">
        <time>2022-03-12T16:50:56Z</time>
      </trkpt>
      <trkpt lat="26.8228650" lon="75.7511117">
        <time>2022-03-12T16:50:57Z</time>
      </trkpt>
      <trkpt lat="26.8228783" lon="75.7511167">
        <time>2022-03-12T16:50:58Z</time>
      </trkpt>
      <trkpt lat="26.8228867" lon="75.7511183">
        <time>2022-03-12T16:50:59Z</time>
      </trkpt>
      <trkpt lat="26.8228933" lon="75.7511200">
        <time>2022-03-12T16:51:00Z</time>
      </trkpt>
      <trkpt lat="26.8228900" lon="75.7511250">
        <time>2022-03-12T16:51:01Z</time>
      </trkpt>
      <trkpt lat="26.8228850" lon="75.7511250">
        <time>2022-03-12T16:51:02Z</time>
      </trkpt>
      <trkpt lat="26.8228850" lon="75.7511283">
        <time>2022-03-12T16:51:03Z</time>
      </trkpt>
      <trkpt lat="26.8228933" lon="75.7511333">
        <time>2022-03-12T16:51:04Z</time>
      </trkpt>
      <trkpt lat="26.8228933" lon="75.7511350">
        <time>2022-03-12T16:51:05Z</time>
      </trkpt>
      <trkpt lat="26.8228933" lon="75.7511433">
        <time>2022-03-12T16:51:06Z</time>
      </trkpt>
      <trkpt lat="26.8228983" lon="75.7511433">
        <time>2022-03-12T16:51:07Z</time>
      </trkpt>
      <trkpt lat="26.8229017" lon="75.7511400">
        <time>2022-03-12T16:51:08Z</time>
      </trkpt>
      <trkpt lat="26.8228900" lon="75.7511317">
        <time>2022-03-12T16:51:09Z</time>
      </trkpt>
      <trkpt lat="26.8228800" lon="75.7511267">
        <time>2022-03-12T16:51:10Z</time>
      </trkpt>
      <trkpt lat="26.8228667" lon="75.7511200">
        <time>2022-03-12T16:51:11Z</time>
      </trkpt>
      <trkpt lat="26.8228567" lon="75.7511133">
        <time>2022-03-12T16:51:12Z</time>
      </trkpt>
      <trkpt lat="26.8228483" lon="75.7511083">
        <time>2022-03-12T16:51:13Z</time>
      </trkpt>
      <trkpt lat="26.8228450" lon="75.7510983">
        <time>2022-03-12T16:51:14Z</time>
      </trkpt>
      <trkpt lat="26.8228450" lon="75.7510883">
        <time>2022-03-12T16:51:15Z</time>
      </trkpt>
      <trkpt lat="26.8228467" lon="75.7510767">
        <time>2022-03-12T16:51:16Z</time>
      </trkpt>
      <trkpt lat="26.8228550" lon="75.7510733">
        <time>2022-03-12T16:51:17Z</time>
      </trkpt>
      <trkpt lat="26.8228550" lon="75.7510700">
        <time>2022-03-12T16:51:18Z</time>
      </trkpt>
      <trkpt lat="26.8228483" lon="75.7510650">
        <time>2022-03-12T16:51:19Z</time>
      </trkpt>
      <trkpt lat="26.8228450" lon="75.7510617">
        <time>2022-03-12T16:51:20Z</time>
      </trkpt>
      <trkpt lat="26.8228450" lon="75.7510600">
        <time>2022-03-12T16:51:21Z</time>
      </trkpt>
      <trkpt lat="26.8228467" lon="75.7510533">
        <time>2022-03-12T16:51:22Z</time>
      </trkpt>
      <trkpt lat="26.8228500" lon="75.7510500">
        <time>2022-03-12T16:51:23Z</time>
      </trkpt>
      <trkpt lat="26.8228650" lon="75.7510433">
        <time>2022-03-12T16:51:24Z</time>
      </trkpt>
      <trkpt lat="26.8228717" lon="75.7510350">
        <time>2022-03-12T16:51:25Z</time>
      </trkpt>
      <trkpt lat="26.8228783" lon="75.7510250">
        <time>2022-03-12T16:51:26Z</time>
      </trkpt>
      <trkpt lat="26.8228883" lon="75.7510117">
        <time>2022-03-12T16:51:27Z</time>
      </trkpt>
      <trkpt lat="26.8228950" lon="75.7510050">
        <time>2022-03-12T16:51:28Z</time>
      </trkpt>
      <trkpt lat="26.8228967" lon="75.7509967">
        <time>2022-03-12T16:51:29Z</time>
      </trkpt>
      <trkpt lat="26.8228933" lon="75.7509883">
        <time>2022-03-12T16:51:30Z</time>
      </trkpt>
      <trkpt lat="26.8228900" lon="75.7509783">
        <time>2022-03-12T16:51:31Z</time>
      </trkpt>
      <trkpt lat="26.8228817" lon="75.7509717">
        <time>2022-03-12T16:51:32Z</time>
      </trkpt>
      <trkpt lat="26.8228767" lon="75.7509667">
        <time>2022-03-12T16:51:33Z</time>
      </trkpt>
      <trkpt lat="26.8228717" lon="75.7509650">
        <time>2022-03-12T16:51:34Z</time>
      </trkpt>
      <trkpt lat="26.8228650" lon="75.7509617">
        <time>2022-03-12T16:51:35Z</time>
      </trkpt>
      <trkpt lat="26.8228583" lon="75.7509583">
        <time>2022-03-12T16:51:36Z</time>
      </trkpt>
      <trkpt lat="26.8228483" lon="75.7509533">
        <time>2022-03-12T16:51:37Z</time>
      </trkpt>
      <trkpt lat="26.8228383" lon="75.7509483">
        <time>2022-03-12T16:51:38Z</time>
      </trkpt>
      <trkpt lat="26.8228300" lon="75.7509450">
        <time>2022-03-12T16:51:39Z</time>
      </trkpt>
      <trkpt lat="26.8228217" lon="75.7509417">
        <time>2022-03-12T16:51:40Z</time>
      </trkpt>
      <trkpt lat="26.8228150" lon="75.7509383">
        <time>2022-03-12T16:51:41Z</time>
      </trkpt>
      <trkpt lat="26.8228083" lon="75.7509367">
        <time>2022-03-12T16:51:42Z</time>
      </trkpt>
      <trkpt lat="26.8228033" lon="75.7509333">
        <time>2022-03-12T16:51:43Z</time>
      </trkpt>
      <trkpt lat="26.8227950" lon="75.7509300">
        <time>2022-03-12T16:51:44Z</time>
      </trkpt>
      <trkpt lat="26.8227917" lon="75.7509283">
        <time>2022-03-12T16:51:45Z</time>
      </trkpt>
      <trkpt lat="26.8227883" lon="75.7509250">
        <time>2022-03-12T16:51:46Z</time>
      </trkpt>
      <trkpt lat="26.8227817" lon="75.7509233">
        <time>2022-03-12T16:51:47Z</time>
      </trkpt>
      <trkpt lat="26.8227783" lon="75.7509283">
        <time>2022-03-12T16:51:48Z</time>
      </trkpt>
      <trkpt lat="26.8227783" lon="75.7509300">
        <time>2022-03-12T16:51:49Z</time>
      </trkpt>
      <trkpt lat="26.8227750" lon="75.7509383">
        <time>2022-03-12T16:51:50Z</time>
      </trkpt>
      <trkpt lat="26.8227733" lon="75.7509383">
        <time>2022-03-12T16:51:51Z</time>
      </trkpt>
      <trkpt lat="26.8227767" lon="75.7509367">
        <time>2022-03-12T16:51:52Z</time>
      </trkpt>
      <trkpt lat="26.8227850" lon="75.7509383">
        <time>2022-03-12T16:51:53Z</time>
      </trkpt>
      <trkpt lat="26.8227833" lon="75.7509383">
        <time>2022-03-12T16:51:54Z</time>
      </trkpt>
      <trkpt lat="26.8227800" lon="75.7509300">
        <time>2022-03-12T16:51:55Z</time>
      </trkpt>
      <trkpt lat="26.8227800" lon="75.7509300">
        <time>2022-03-12T16:51:56Z</time>
      </trkpt>
      <trkpt lat="26.8227850" lon="75.7509233">
        <time>2022-03-12T16:51:57Z</time>
      </trkpt>
      <trkpt lat="26.8227900" lon="75.7509283">
        <time>2022-03-12T16:51:58Z</time>
      </trkpt>
      <trkpt lat="26.8227917" lon="75.7509267">
        <time>2022-03-12T16:51:59Z</time>
      </trkpt>
      <trkpt lat="26.8227850" lon="75.7509267">
        <time>2022-03-12T16:52:00Z</time>
      </trkpt>
      <trkpt lat="26.8227850" lon="75.7509267">
        <time>2022-03-12T16:52:01Z</time>
      </trkpt>
      <trkpt lat="26.8227750" lon="75.7509283">
        <time>2022-03-12T16:52:02Z</time>
      </trkpt>
      <trkpt lat="26.8227767" lon="75.7509300">
        <time>2022-03-12T16:52:03Z</time>
      </trkpt>
      <trkpt lat="26.8227833" lon="75.7509267">
        <time>2022-03-12T16:52:04Z</time>
      </trkpt>
      <trkpt lat="26.8227883" lon="75.7509233">
        <time>2022-03-12T16:52:05Z</time>
      </trkpt>
      <trkpt lat="26.8227883" lon="75.7509267">
        <time>2022-03-12T16:52:06Z</time>
      </trkpt>
      <trkpt lat="26.8227883" lon="75.7509267">
        <time>2022-03-12T16:52:07Z</time>
      </trkpt>
      <trkpt lat="26.8227867" lon="75.7509233">
        <time>2022-03-12T16:52:08Z</time>
      </trkpt>
      <trkpt lat="26.8227817" lon="75.7509150">
        <time>2022-03-12T16:52:09Z</time>
      </trkpt>
      <trkpt lat="26.8227800" lon="75.7509117">
        <time>2022-03-12T16:52:10Z</time>
      </trkpt>
      <trkpt lat="26.8227800" lon="75.7509000">
        <time>2022-03-12T16:52:11Z</time>
      </trkpt>
      <trkpt lat="26.8227867" lon="75.7509050">
        <time>2022-03-12T16:52:12Z</time>
      </trkpt>
      <trkpt lat="26.8227900" lon="75.7509033">
        <time>2022-03-12T16:52:13Z</time>
      </trkpt>
      <trkpt lat="26.8227900" lon="75.7509050">
        <time>2022-03-12T16:52:14Z</time>
      </trkpt>
      <trkpt lat="26.8227900" lon="75.7509050">
        <time>2022-03-12T16:52:15Z</time>
      </trkpt>
      <trkpt lat="26.8227850" lon="75.7509083">
        <time>2022-03-12T16:52:16Z</time>
      </trkpt>
      <trkpt lat="26.8227783" lon="75.7509083">
        <time>2022-03-12T16:52:17Z</time>
      </trkpt>
      <trkpt lat="26.8227683" lon="75.7509150">
        <time>2022-03-12T16:52:18Z</time>
      </trkpt>
      <trkpt lat="26.8227633" lon="75.7509183">
        <time>2022-03-12T16:52:19Z</time>
      </trkpt>
      <trkpt lat="26.8227600" lon="75.7509200">
        <time>2022-03-12T16:52:20Z</time>
      </trkpt>
      <trkpt lat="26.8227600" lon="75.7509200">
        <time>2022-03-12T16:52:21Z</time>
      </trkpt>
      <trkpt lat="26.8227600" lon="75.7509200">
        <time>2022-03-12T16:52:22Z</time>
      </trkpt>
      <trkpt lat="26.8227500" lon="75.7509283">
        <time>2022-03-12T16:52:23Z</time>
      </trkpt>
      <trkpt lat="26.8227467" lon="75.7509283">
        <time>2022-03-12T16:52:24Z</time>
      </trkpt>
      <trkpt lat="26.8227433" lon="75.7509283">
        <time>2022-03-12T16:52:25Z</time>
      </trkpt>
      <trkpt lat="26.8227400" lon="75.7509283">
        <time>2022-03-12T16:52:26Z</time>
      </trkpt>
      <trkpt lat="26.8227350" lon="75.7509317">
        <time>2022-03-12T16:52:27Z</time>
      </trkpt>
      <trkpt lat="26.8227317" lon="75.7509383">
        <time>2022-03-12T16:52:28Z</time>
      </trkpt>
      <trkpt lat="26.8227317" lon="75.7509417">
        <time>2022-03-12T16:52:29Z</time>
      </trkpt>
      <trkpt lat="26.8227317" lon="75.7509417">
        <time>2022-03-12T16:52:30Z</time>
      </trkpt>
      <trkpt lat="26.8227317" lon="75.7509417">
        <time>2022-03-12T16:52:31Z</time>
      </trkpt>
      <trkpt lat="26.8227317" lon="75.7509417">
        <time>2022-03-12T16:52:32Z</time>
      </trkpt>
      <trkpt lat="26.8227317" lon="75.7509417">
        <time>2022-03-12T16:52:33Z</time>
      </trkpt>
      <trkpt lat="26.8227433" lon="75.7509450">
        <time>2022-03-12T16:52:34Z</time>
      </trkpt>
      <trkpt lat="26.8227467" lon="75.7509483">
        <time>2022-03-12T16:52:35Z</time>
      </trkpt>
      <trkpt lat="26.8227450" lon="75.7509533">
        <time>2022-03-12T16:52:36Z</time>
      </trkpt>
      <trkpt lat="26.8227450" lon="75.7509550">
        <time>2022-03-12T16:52:37Z</time>
      </trkpt>
      <trkpt lat="26.8227450" lon="75.7509550">
        <time>2022-03-12T16:52:38Z</time>
      </trkpt>
      <trkpt lat="26.8227450" lon="75.7509550">
        <time>2022-03-12T16:52:39Z</time>
      </trkpt>
      <trkpt lat="26.8227450" lon="75.7509550">
        <time>2022-03-12T16:52:40Z</time>
      </trkpt>
      <trkpt lat="26.8227450" lon="75.7509550">
        <time>2022-03-12T16:52:41Z</time>
      </trkpt>
      <trkpt lat="26.8227450" lon="75.7509550">
        <time>2022-03-12T16:52:42Z</time>
      </trkpt>
      <trkpt lat="26.8227450" lon="75.7509550">
        <time>2022-03-12T16:52:43Z</time>
      </trkpt>
      <trkpt lat="26.8227450" lon="75.7509550">
        <time>2022-03-12T16:52:44Z</time>
      </trkpt>
      <trkpt lat="26.8227450" lon="75.7509550">
        <time>2022-03-12T16:52:45Z</time>
      </trkpt>
      <trkpt lat="26.8227450" lon="75.7509550">
        <time>2022-03-12T16:52:46Z</time>
      </trkpt>
      <trkpt lat="26.8227450" lon="75.7509550">
        <time>2022-03-12T16:52:47Z</time>
      </trkpt>
      <trkpt lat="26.8227450" lon="75.7509550">
        <time>2022-03-12T16:52:48Z</time>
      </trkpt>
      <trkpt lat="26.8227417" lon="75.7509533">
        <time>2022-03-12T16:52:49Z</time>
      </trkpt>
      <trkpt lat="26.8227267" lon="75.7509400">
        <time>2022-03-12T16:52:50Z</time>
      </trkpt>
      <trkpt lat="26.8227100" lon="75.7509267">
        <time>2022-03-12T16:52:51Z</time>
      </trkpt>
      <trkpt lat="26.8226733" lon="75.7509083">
        <time>2022-03-12T16:52:52Z</time>
      </trkpt>
      <trkpt lat="26.8226233" lon="75.7508883">
        <time>2022-03-12T16:52:53Z</time>
      </trkpt>
      <trkpt lat="26.8225717" lon="75.7508667">
        <time>2022-03-12T16:52:54Z</time>
      </trkpt>
      <trkpt lat="26.8225200" lon="75.7508417">
        <time>2022-03-12T16:52:55Z</time>
      </trkpt>
      <trkpt lat="26.8224567" lon="75.7508067">
        <time>2022-03-12T16:52:56Z</time>
      </trkpt>
      <trkpt lat="26.8223900" lon="75.7507683">
        <time>2022-03-12T16:52:57Z</time>
      </trkpt>
      <trkpt lat="26.8223200" lon="75.7507167">
        <time>2022-03-12T16:52:58Z</time>
      </trkpt>
      <trkpt lat="26.8222483" lon="75.7506667">
        <time>2022-03-12T16:52:59Z</time>
      </trkpt>
      <trkpt lat="26.8221833" lon="75.7506267">
        <time>2022-03-12T16:53:00Z</time>
      </trkpt>
      <trkpt lat="26.8221183" lon="75.7505833">
        <time>2022-03-12T16:53:01Z</time>
      </trkpt>
      <trkpt lat="26.8220467" lon="75.7505433">
        <time>2022-03-12T16:53:02Z</time>
      </trkpt>
      <trkpt lat="26.8219750" lon="75.7505067">
        <time>2022-03-12T16:53:03Z</time>
      </trkpt>
      <trkpt lat="26.8218967" lon="75.7504883">
        <time>2022-03-12T16:53:04Z</time>
      </trkpt>
      <trkpt lat="26.8218167" lon="75.7504617">
        <time>2022-03-12T16:53:05Z</time>
      </trkpt>
      <trkpt lat="26.8217383" lon="75.7504267">
        <time>2022-03-12T16:53:06Z</time>
      </trkpt>
      <trkpt lat="26.8216600" lon="75.7503783">
        <time>2022-03-12T16:53:07Z</time>
      </trkpt>
      <trkpt lat="26.8215900" lon="75.7503300">
        <time>2022-03-12T16:53:08Z</time>
      </trkpt>
      <trkpt lat="26.8215367" lon="75.7503167">
        <time>2022-03-12T16:53:09Z</time>
      </trkpt>
      <trkpt lat="26.8214683" lon="75.7502617">
        <time>2022-03-12T16:53:10Z</time>
      </trkpt>
      <trkpt lat="26.8213750" lon="75.7501967">
        <time>2022-03-12T16:53:11Z</time>
      </trkpt>
      <trkpt lat="26.8212900" lon="75.7501483">
        <time>2022-03-12T16:53:12Z</time>
      </trkpt>
      <trkpt lat="26.8212033" lon="75.7501033">
        <time>2022-03-12T16:53:13Z</time>
      </trkpt>
      <trkpt lat="26.8211167" lon="75.7500667">
        <time>2022-03-12T16:53:14Z</time>
      </trkpt>
      <trkpt lat="26.8210317" lon="75.7500317">
        <time>2022-03-12T16:53:15Z</time>
      </trkpt>
      <trkpt lat="26.8209417" lon="75.7499850">
        <time>2022-03-12T16:53:16Z</time>
      </trkpt>
      <trkpt lat="26.8208383" lon="75.7499350">
        <time>2022-03-12T16:53:17Z</time>
      </trkpt>
      <trkpt lat="26.8207533" lon="75.7498933">
        <time>2022-03-12T16:53:18Z</time>
      </trkpt>
      <trkpt lat="26.8206683" lon="75.7498533">
        <time>2022-03-12T16:53:19Z</time>
      </trkpt>
      <trkpt lat="26.8205850" lon="75.7498050">
        <time>2022-03-12T16:53:20Z</time>
      </trkpt>
      <trkpt lat="26.8205017" lon="75.7497617">
        <time>2022-03-12T16:53:21Z</time>
      </trkpt>
      <trkpt lat="26.8204117" lon="75.7497050">
        <time>2022-03-12T16:53:22Z</time>
      </trkpt>
      <trkpt lat="26.8203217" lon="75.7496500">
        <time>2022-03-12T16:53:23Z</time>
      </trkpt>
      <trkpt lat="26.8202233" lon="75.7496200">
        <time>2022-03-12T16:53:24Z</time>
      </trkpt>
      <trkpt lat="26.8201267" lon="75.7495900">
        <time>2022-03-12T16:53:25Z</time>
      </trkpt>
      <trkpt lat="26.8200233" lon="75.7495600">
        <time>2022-03-12T16:53:26Z</time>
      </trkpt>
      <trkpt lat="26.8199233" lon="75.7495217">
        <time>2022-03-12T16:53:27Z</time>
      </trkpt>
      <trkpt lat="26.8198217" lon="75.7494733">
        <time>2022-03-12T16:53:28Z</time>
      </trkpt>
      <trkpt lat="26.8197250" lon="75.7494250">
        <time>2022-03-12T16:53:29Z</time>
      </trkpt>
      <trkpt lat="26.8196050" lon="75.7493767">
        <time>2022-03-12T16:53:30Z</time>
      </trkpt>
      <trkpt lat="26.8194967" lon="75.7493317">
        <time>2022-03-12T16:53:31Z</time>
      </trkpt>
      <trkpt lat="26.8193983" lon="75.7492800">
        <time>2022-03-12T16:53:32Z</time>
      </trkpt>
      <trkpt lat="26.8192883" lon="75.7492333">
        <time>2022-03-12T16:53:33Z</time>
      </trkpt>
      <trkpt lat="26.8191900" lon="75.7491833">
        <time>2022-03-12T16:53:34Z</time>
      </trkpt>
      <trkpt lat="26.8191100" lon="75.7491117">
        <time>2022-03-12T16:53:35Z</time>
      </trkpt>
      <trkpt lat="26.8190083" lon="75.7490633">
        <time>2022-03-12T16:53:36Z</time>
      </trkpt>
      <trkpt lat="26.8189083" lon="75.7490150">
        <time>2022-03-12T16:53:37Z</time>
      </trkpt>
      <trkpt lat="26.8187967" lon="75.7489583">
        <time>2022-03-12T16:53:38Z</time>
      </trkpt>
      <trkpt lat="26.8187000" lon="75.7489083">
        <time>2022-03-12T16:53:39Z</time>
      </trkpt>
      <trkpt lat="26.8186017" lon="75.7488633">
        <time>2022-03-12T16:53:40Z</time>
      </trkpt>
      <trkpt lat="26.8185067" lon="75.7488200">
        <time>2022-03-12T16:53:41Z</time>
      </trkpt>
      <trkpt lat="26.8184333" lon="75.7487750">
        <time>2022-03-12T16:53:42Z</time>
      </trkpt>
      <trkpt lat="26.8183483" lon="75.7487250">
        <time>2022-03-12T16:53:43Z</time>
      </trkpt>
      <trkpt lat="26.8182500" lon="75.7486767">
        <time>2022-03-12T16:53:44Z</time>
      </trkpt>
      <trkpt lat="26.8181717" lon="75.7486217">
        <time>2022-03-12T16:53:45Z</time>
      </trkpt>
      <trkpt lat="26.8180783" lon="75.7485733">
        <time>2022-03-12T16:53:46Z</time>
      </trkpt>
      <trkpt lat="26.8179817" lon="75.7485317">
        <time>2022-03-12T16:53:47Z</time>
      </trkpt>
      <trkpt lat="26.8178783" lon="75.7484833">
        <time>2022-03-12T16:53:48Z</time>
      </trkpt>
      <trkpt lat="26.8177683" lon="75.7484300">
        <time>2022-03-12T16:53:49Z</time>
      </trkpt>
      <trkpt lat="26.8176450" lon="75.7483883">
        <time>2022-03-12T16:53:50Z</time>
      </trkpt>
      <trkpt lat="26.8175267" lon="75.7483500">
        <time>2022-03-12T16:53:51Z</time>
      </trkpt>
      <trkpt lat="26.8174133" lon="75.7483133">
        <time>2022-03-12T16:53:52Z</time>
      </trkpt>
      <trkpt lat="26.8173017" lon="75.7482817">
        <time>2022-03-12T16:53:53Z</time>
      </trkpt>
      <trkpt lat="26.8172033" lon="75.7482383">
        <time>2022-03-12T16:53:54Z</time>
      </trkpt>
      <trkpt lat="26.8171033" lon="75.7481917">
        <time>2022-03-12T16:53:55Z</time>
      </trkpt>
      <trkpt lat="26.8170067" lon="75.7481550">
        <time>2022-03-12T16:53:56Z</time>
      </trkpt>
      <trkpt lat="26.8169333" lon="75.7481150">
        <time>2022-03-12T16:53:57Z</time>
      </trkpt>
      <trkpt lat="26.8168333" lon="75.7480717">
        <time>2022-03-12T16:53:58Z</time>
      </trkpt>
      <trkpt lat="26.8167533" lon="75.7480467">
        <time>2022-03-12T16:53:59Z</time>
      </trkpt>
      <trkpt lat="26.8166850" lon="75.7480333">
        <time>2022-03-12T16:54:00Z</time>
      </trkpt>
      <trkpt lat="26.8165467" lon="75.7479867">
        <time>2022-03-12T16:54:01Z</time>
      </trkpt>
      <trkpt lat="26.8164367" lon="75.7479600">
        <time>2022-03-12T16:54:02Z</time>
      </trkpt>
      <trkpt lat="26.8163167" lon="75.7479400">
        <time>2022-03-12T16:54:03Z</time>
      </trkpt>
      <trkpt lat="26.8162117" lon="75.7479217">
        <time>2022-03-12T16:54:04Z</time>
      </trkpt>
      <trkpt lat="26.8161050" lon="75.7479000">
        <time>2022-03-12T16:54:05Z</time>
      </trkpt>
      <trkpt lat="26.8160033" lon="75.7478783">
        <time>2022-03-12T16:54:06Z</time>
      </trkpt>
      <trkpt lat="26.8158917" lon="75.7478467">
        <time>2022-03-12T16:54:07Z</time>
      </trkpt>
      <trkpt lat="26.8157850" lon="75.7478233">
        <time>2022-03-12T16:54:08Z</time>
      </trkpt>
      <trkpt lat="26.8156867" lon="75.7477967">
        <time>2022-03-12T16:54:09Z</time>
      </trkpt>
      <trkpt lat="26.8155833" lon="75.7477683">
        <time>2022-03-12T16:54:10Z</time>
      </trkpt>
      <trkpt lat="26.8154733" lon="75.7477417">
        <time>2022-03-12T16:54:11Z</time>
      </trkpt>
      <trkpt lat="26.8153850" lon="75.7477067">
        <time>2022-03-12T16:54:12Z</time>
      </trkpt>
      <trkpt lat="26.8153167" lon="75.7476667">
        <time>2022-03-12T16:54:13Z</time>
      </trkpt>
      <trkpt lat="26.8152833" lon="75.7476367">
        <time>2022-03-12T16:54:14Z</time>
      </trkpt>
      <trkpt lat="26.8152567" lon="75.7476033">
        <time>2022-03-12T16:54:15Z</time>
      </trkpt>
      <trkpt lat="26.8152200" lon="75.7475667">
        <time>2022-03-12T16:54:16Z</time>
      </trkpt>
      <trkpt lat="26.8151750" lon="75.7475217">
        <time>2022-03-12T16:54:17Z</time>
      </trkpt>
      <trkpt lat="26.8151217" lon="75.7474683">
        <time>2022-03-12T16:54:18Z</time>
      </trkpt>
      <trkpt lat="26.8150700" lon="75.7474117">
        <time>2022-03-12T16:54:19Z</time>
      </trkpt>
      <trkpt lat="26.8150200" lon="75.7473583">
        <time>2022-03-12T16:54:20Z</time>
      </trkpt>
      <trkpt lat="26.8149800" lon="75.7473083">
        <time>2022-03-12T16:54:21Z</time>
      </trkpt>
      <trkpt lat="26.8149417" lon="75.7472567">
        <time>2022-03-12T16:54:22Z</time>
      </trkpt>
      <trkpt lat="26.8149250" lon="75.7472100">
        <time>2022-03-12T16:54:23Z</time>
      </trkpt>
      <trkpt lat="26.8149183" lon="75.7471683">
        <time>2022-03-12T16:54:24Z</time>
      </trkpt>
      <trkpt lat="26.8149583" lon="75.7471467">
        <time>2022-03-12T16:54:25Z</time>
      </trkpt>
      <trkpt lat="26.8149967" lon="75.7471667">
        <time>2022-03-12T16:54:26Z</time>
      </trkpt>
      <trkpt lat="26.8150383" lon="75.7471950">
        <time>2022-03-12T16:54:27Z</time>
      </trkpt>
      <trkpt lat="26.8150800" lon="75.7472417">
        <time>2022-03-12T16:54:28Z</time>
      </trkpt>
      <trkpt lat="26.8151333" lon="75.7472983">
        <time>2022-03-12T16:54:29Z</time>
      </trkpt>
      <trkpt lat="26.8152017" lon="75.7473700">
        <time>2022-03-12T16:54:30Z</time>
      </trkpt>
      <trkpt lat="26.8152717" lon="75.7474383">
        <time>2022-03-12T16:54:31Z</time>
      </trkpt>
      <trkpt lat="26.8153483" lon="75.7474983">
        <time>2022-03-12T16:54:32Z</time>
      </trkpt>
      <trkpt lat="26.8154433" lon="75.7475617">
        <time>2022-03-12T16:54:33Z</time>
      </trkpt>
      <trkpt lat="26.8155283" lon="75.7476200">
        <time>2022-03-12T16:54:34Z</time>
      </trkpt>
      <trkpt lat="26.8156250" lon="75.7476733">
        <time>2022-03-12T16:54:35Z</time>
      </trkpt>
      <trkpt lat="26.8157283" lon="75.7477167">
        <time>2022-03-12T16:54:36Z</time>
      </trkpt>
      <trkpt lat="26.8158417" lon="75.7477433">
        <time>2022-03-12T16:54:37Z</time>
      </trkpt>
      <trkpt lat="26.8159500" lon="75.7477700">
        <time>2022-03-12T16:54:38Z</time>
      </trkpt>
      <trkpt lat="26.8160533" lon="75.7477967">
        <time>2022-03-12T16:54:39Z</time>
      </trkpt>
      <trkpt lat="26.8161550" lon="75.7478217">
        <time>2022-03-12T16:54:40Z</time>
      </trkpt>
      <trkpt lat="26.8162550" lon="75.7478500">
        <time>2022-03-12T16:54:41Z</time>
      </trkpt>
      <trkpt lat="26.8163467" lon="75.7478700">
        <time>2022-03-12T16:54:42Z</time>
      </trkpt>
      <trkpt lat="26.8164517" lon="75.7478983">
        <time>2022-03-12T16:54:43Z</time>
      </trkpt>
      <trkpt lat="26.8165450" lon="75.7479350">
        <time>2022-03-12T16:54:44Z</time>
      </trkpt>
      <trkpt lat="26.8166433" lon="75.7479667">
        <time>2022-03-12T16:54:45Z</time>
      </trkpt>
      <trkpt lat="26.8167467" lon="75.7480083">
        <time>2022-03-12T16:54:46Z</time>
      </trkpt>
      <trkpt lat="26.8168433" lon="75.7480450">
        <time>2022-03-12T16:54:47Z</time>
      </trkpt>
      <trkpt lat="26.8169317" lon="75.7480817">
        <time>2022-03-12T16:54:48Z</time>
      </trkpt>
      <trkpt lat="26.8170200" lon="75.7481200">
        <time>2022-03-12T16:54:49Z</time>
      </trkpt>
      <trkpt lat="26.8171133" lon="75.7481567">
        <time>2022-03-12T16:54:50Z</time>
      </trkpt>
      <trkpt lat="26.8172083" lon="75.7481900">
        <time>2022-03-12T16:54:51Z</time>
      </trkpt>
      <trkpt lat="26.8173117" lon="75.7482317">
        <time>2022-03-12T16:54:52Z</time>
      </trkpt>
      <trkpt lat="26.8174200" lon="75.7482783">
        <time>2022-03-12T16:54:53Z</time>
      </trkpt>
      <trkpt lat="26.8175283" lon="75.7483250">
        <time>2022-03-12T16:54:54Z</time>
      </trkpt>
      <trkpt lat="26.8176417" lon="75.7483667">
        <time>2022-03-12T16:54:55Z</time>
      </trkpt>
      <trkpt lat="26.8177650" lon="75.7484200">
        <time>2022-03-12T16:54:56Z</time>
      </trkpt>
      <trkpt lat="26.8178933" lon="75.7484800">
        <time>2022-03-12T16:54:57Z</time>
      </trkpt>
      <trkpt lat="26.8180183" lon="75.7485383">
        <time>2022-03-12T16:54:58Z</time>
      </trkpt>
      <trkpt lat="26.8181317" lon="75.7485917">
        <time>2022-03-12T16:54:59Z</time>
      </trkpt>
      <trkpt lat="26.8182483" lon="75.7486483">
        <time>2022-03-12T16:55:00Z</time>
      </trkpt>
      <trkpt lat="26.8183700" lon="75.7487033">
        <time>2022-03-12T16:55:01Z</time>
      </trkpt>
      <trkpt lat="26.8184950" lon="75.7487617">
        <time>2022-03-12T16:55:02Z</time>
      </trkpt>
      <trkpt lat="26.8186183" lon="75.7488183">
        <time>2022-03-12T16:55:03Z</time>
      </trkpt>
      <trkpt lat="26.8187533" lon="75.7489083">
        <time>2022-03-12T16:55:04Z</time>
      </trkpt>
      <trkpt lat="26.8188817" lon="75.7489733">
        <time>2022-03-12T16:55:05Z</time>
      </trkpt>
      <trkpt lat="26.8190100" lon="75.7490350">
        <time>2022-03-12T16:55:06Z</time>
      </trkpt>
      <trkpt lat="26.8191400" lon="75.7490967">
        <time>2022-03-12T16:55:07Z</time>
      </trkpt>
      <trkpt lat="26.8192617" lon="75.7491567">
        <time>2022-03-12T16:55:08Z</time>
      </trkpt>
      <trkpt lat="26.8193717" lon="75.7492150">
        <time>2022-03-12T16:55:09Z</time>
      </trkpt>
      <trkpt lat="26.8194817" lon="75.7492683">
        <time>2022-03-12T16:55:10Z</time>
      </trkpt>
      <trkpt lat="26.8195900" lon="75.7493167">
        <time>2022-03-12T16:55:11Z</time>
      </trkpt>
      <trkpt lat="26.8197033" lon="75.7493733">
        <time>2022-03-12T16:55:12Z</time>
      </trkpt>
      <trkpt lat="26.8198283" lon="75.7494400">
        <time>2022-03-12T16:55:13Z</time>
      </trkpt>
      <trkpt lat="26.8199467" lon="75.7495017">
        <time>2022-03-12T16:55:14Z</time>
      </trkpt>
      <trkpt lat="26.8200600" lon="75.7495550">
        <time>2022-03-12T16:55:15Z</time>
      </trkpt>
      <trkpt lat="26.8201967" lon="75.7496250">
        <time>2022-03-12T16:55:16Z</time>
      </trkpt>
      <trkpt lat="26.8203267" lon="75.7497217">
        <time>2022-03-12T16:55:17Z</time>
      </trkpt>
      <trkpt lat="26.8204383" lon="75.7497817">
        <time>2022-03-12T16:55:18Z</time>
      </trkpt>
      <trkpt lat="26.8205483" lon="75.7498283">
        <time>2022-03-12T16:55:19Z</time>
      </trkpt>
      <trkpt lat="26.8206583" lon="75.7498750">
        <time>2022-03-12T16:55:20Z</time>
      </trkpt>
      <trkpt lat="26.8207667" lon="75.7499200">
        <time>2022-03-12T16:55:21Z</time>
      </trkpt>
      <trkpt lat="26.8208750" lon="75.7499633">
        <time>2022-03-12T16:55:22Z</time>
      </trkpt>
      <trkpt lat="26.8209800" lon="75.7500100">
        <time>2022-03-12T16:55:23Z</time>
      </trkpt>
      <trkpt lat="26.8210867" lon="75.7500583">
        <time>2022-03-12T16:55:24Z</time>
      </trkpt>
      <trkpt lat="26.8211967" lon="75.7500933">
        <time>2022-03-12T16:55:25Z</time>
      </trkpt>
      <trkpt lat="26.8213117" lon="75.7501383">
        <time>2022-03-12T16:55:26Z</time>
      </trkpt>
      <trkpt lat="26.8214183" lon="75.7501917">
        <time>2022-03-12T16:55:27Z</time>
      </trkpt>
      <trkpt lat="26.8215317" lon="75.7502517">
        <time>2022-03-12T16:55:28Z</time>
      </trkpt>
      <trkpt lat="26.8216433" lon="75.7503150">
        <time>2022-03-12T16:55:29Z</time>
      </trkpt>
      <trkpt lat="26.8217550" lon="75.7503783">
        <time>2022-03-12T16:55:30Z</time>
      </trkpt>
      <trkpt lat="26.8218667" lon="75.7504333">
        <time>2022-03-12T16:55:31Z</time>
      </trkpt>
      <trkpt lat="26.8219817" lon="75.7504867">
        <time>2022-03-12T16:55:32Z</time>
      </trkpt>
      <trkpt lat="26.8220983" lon="75.7505483">
        <time>2022-03-12T16:55:33Z</time>
      </trkpt>
      <trkpt lat="26.8222083" lon="75.7506050">
        <time>2022-03-12T16:55:34Z</time>
      </trkpt>
      <trkpt lat="26.8223183" lon="75.7506567">
        <time>2022-03-12T16:55:35Z</time>
      </trkpt>
      <trkpt lat="26.8224267" lon="75.7507083">
        <time>2022-03-12T16:55:36Z</time>
      </trkpt>
      <trkpt lat="26.8225300" lon="75.7507600">
        <time>2022-03-12T16:55:37Z</time>
      </trkpt>
      <trkpt lat="26.8226217" lon="75.7508167">
        <time>2022-03-12T16:55:38Z</time>
      </trkpt>
      <trkpt lat="26.8226967" lon="75.7508567">
        <time>2022-03-12T16:55:39Z</time>
      </trkpt>
      <trkpt lat="26.8227583" lon="75.7508983">
        <time>2022-03-12T16:55:40Z</time>
      </trkpt>
      <trkpt lat="26.8228017" lon="75.7509233">
        <time>2022-03-12T16:55:41Z</time>
      </trkpt>
      <trkpt lat="26.8228417" lon="75.7509450">
        <time>2022-03-12T16:55:42Z</time>
      </trkpt>
      <trkpt lat="26.8228850" lon="75.7509600">
        <time>2022-03-12T16:55:43Z</time>
      </trkpt>
      <trkpt lat="26.8229333" lon="75.7509783">
        <time>2022-03-12T16:55:44Z</time>
      </trkpt>
      <trkpt lat="26.8229817" lon="75.7509950">
        <time>2022-03-12T16:55:45Z</time>
      </trkpt>
      <trkpt lat="26.8230267" lon="75.7510083">
        <time>2022-03-12T16:55:46Z</time>
      </trkpt>
      <trkpt lat="26.8230783" lon="75.7510367">
        <time>2022-03-12T16:55:47Z</time>
      </trkpt>
      <trkpt lat="26.8231267" lon="75.7510467">
        <time>2022-03-12T16:55:48Z</time>
      </trkpt>
      <trkpt lat="26.8231867" lon="75.7510567">
        <time>2022-03-12T16:55:49Z</time>
      </trkpt>
      <trkpt lat="26.8232517" lon="75.7510783">
        <time>2022-03-12T16:55:50Z</time>
      </trkpt>
      <trkpt lat="26.8233183" lon="75.7511083">
        <time>2022-03-12T16:55:51Z</time>
      </trkpt>
      <trkpt lat="26.8233850" lon="75.7511267">
        <time>2022-03-12T16:55:52Z</time>
      </trkpt>
      <trkpt lat="26.8234600" lon="75.7511383">
        <time>2022-03-12T16:55:53Z</time>
      </trkpt>
      <trkpt lat="26.8235400" lon="75.7511750">
        <time>2022-03-12T16:55:54Z</time>
      </trkpt>
      <trkpt lat="26.8236350" lon="75.7512033">
        <time>2022-03-12T16:55:55Z</time>
      </trkpt>
      <trkpt lat="26.8237333" lon="75.7512350">
        <time>2022-03-12T16:55:56Z</time>
      </trkpt>
      <trkpt lat="26.8238300" lon="75.7512667">
        <time>2022-03-12T16:55:57Z</time>
      </trkpt>
      <trkpt lat="26.8239233" lon="75.7512967">
        <time>2022-03-12T16:55:58Z</time>
      </trkpt>
      <trkpt lat="26.8240250" lon="75.7513433">
        <time>2022-03-12T16:55:59Z</time>
      </trkpt>
      <trkpt lat="26.8241250" lon="75.7513883">
        <time>2022-03-12T16:56:00Z</time>
      </trkpt>
      <trkpt lat="26.8242200" lon="75.7514300">
        <time>2022-03-12T16:56:01Z</time>
      </trkpt>
      <trkpt lat="26.8243200" lon="75.7514883">
        <time>2022-03-12T16:56:02Z</time>
      </trkpt>
      <trkpt lat="26.8244167" lon="75.7515367">
        <time>2022-03-12T16:56:03Z</time>
      </trkpt>
      <trkpt lat="26.8245200" lon="75.7515683">
        <time>2022-03-12T16:56:04Z</time>
      </trkpt>
      <trkpt lat="26.8246083" lon="75.7516067">
        <time>2022-03-12T16:56:05Z</time>
      </trkpt>
      <trkpt lat="26.8247000" lon="75.7516600">
        <time>2022-03-12T16:56:06Z</time>
      </trkpt>
      <trkpt lat="26.8247850" lon="75.7517033">
        <time>2022-03-12T16:56:07Z</time>
      </trkpt>
      <trkpt lat="26.8248650" lon="75.7517383">
        <time>2022-03-12T16:56:08Z</time>
      </trkpt>
      <trkpt lat="26.8249450" lon="75.7517667">
        <time>2022-03-12T16:56:09Z</time>
      </trkpt>
      <trkpt lat="26.8250283" lon="75.7518033">
        <time>2022-03-12T16:56:10Z</time>
      </trkpt>
      <trkpt lat="26.8251067" lon="75.7518467">
        <time>2022-03-12T16:56:11Z</time>
      </trkpt>
      <trkpt lat="26.8251750" lon="75.7518900">
        <time>2022-03-12T16:56:12Z</time>
      </trkpt>
      <trkpt lat="26.8252367" lon="75.7519367">
        <time>2022-03-12T16:56:13Z</time>
      </trkpt>
      <trkpt lat="26.8252850" lon="75.7519667">
        <time>2022-03-12T16:56:14Z</time>
      </trkpt>
      <trkpt lat="26.8253283" lon="75.7519983">
        <time>2022-03-12T16:56:15Z</time>
      </trkpt>
      <trkpt lat="26.8253767" lon="75.7520283">
        <time>2022-03-12T16:56:16Z</time>
      </trkpt>
      <trkpt lat="26.8254300" lon="75.7520517">
        <time>2022-03-12T16:56:17Z</time>
      </trkpt>
      <trkpt lat="26.8254817" lon="75.7520733">
        <time>2022-03-12T16:56:18Z</time>
      </trkpt>
      <trkpt lat="26.8255317" lon="75.7520917">
        <time>2022-03-12T16:56:19Z</time>
      </trkpt>
      <trkpt lat="26.8255767" lon="75.7521117">
        <time>2022-03-12T16:56:20Z</time>
      </trkpt>
      <trkpt lat="26.8256267" lon="75.7521383">
        <time>2022-03-12T16:56:21Z</time>
      </trkpt>
      <trkpt lat="26.8256800" lon="75.7521650">
        <time>2022-03-12T16:56:22Z</time>
      </trkpt>
      <trkpt lat="26.8257400" lon="75.7521917">
        <time>2022-03-12T16:56:23Z</time>
      </trkpt>
      <trkpt lat="26.8258017" lon="75.7522183">
        <time>2022-03-12T16:56:24Z</time>
      </trkpt>
      <trkpt lat="26.8258650" lon="75.7522333">
        <time>2022-03-12T16:56:25Z</time>
      </trkpt>
      <trkpt lat="26.8259350" lon="75.7522550">
        <time>2022-03-12T16:56:26Z</time>
      </trkpt>
      <trkpt lat="26.8260217" lon="75.7522917">
        <time>2022-03-12T16:56:27Z</time>
      </trkpt>
      <trkpt lat="26.8261017" lon="75.7523233">
        <time>2022-03-12T16:56:28Z</time>
      </trkpt>
      <trkpt lat="26.8261833" lon="75.7523617">
        <time>2022-03-12T16:56:29Z</time>
      </trkpt>
      <trkpt lat="26.8262483" lon="75.7524133">
        <time>2022-03-12T16:56:30Z</time>
      </trkpt>
      <trkpt lat="26.8263133" lon="75.7524483">
        <time>2022-03-12T16:56:31Z</time>
      </trkpt>
      <trkpt lat="26.8263833" lon="75.7524750">
        <time>2022-03-12T16:56:32Z</time>
      </trkpt>
      <trkpt lat="26.8264617" lon="75.7525000">
        <time>2022-03-12T16:56:33Z</time>
      </trkpt>
      <trkpt lat="26.8265483" lon="75.7525217">
        <time>2022-03-12T16:56:34Z</time>
      </trkpt>
      <trkpt lat="26.8266333" lon="75.7525400">
        <time>2022-03-12T16:56:35Z</time>
      </trkpt>
      <trkpt lat="26.8267217" lon="75.7525583">
        <time>2022-03-12T16:56:36Z</time>
      </trkpt>
      <trkpt lat="26.8268183" lon="75.7525900">
        <time>2022-03-12T16:56:37Z</time>
      </trkpt>
      <trkpt lat="26.8269167" lon="75.7526233">
        <time>2022-03-12T16:56:38Z</time>
      </trkpt>
      <trkpt lat="26.8270167" lon="75.7526517">
        <time>2022-03-12T16:56:39Z</time>
      </trkpt>
      <trkpt lat="26.8271167" lon="75.7526933">
        <time>2022-03-12T16:56:40Z</time>
      </trkpt>
      <trkpt lat="26.8272183" lon="75.7527417">
        <time>2022-03-12T16:56:41Z</time>
      </trkpt>
      <trkpt lat="26.8273150" lon="75.7527933">
        <time>2022-03-12T16:56:42Z</time>
      </trkpt>
      <trkpt lat="26.8274000" lon="75.7528233">
        <time>2022-03-12T16:56:43Z</time>
      </trkpt>
      <trkpt lat="26.8274933" lon="75.7528550">
        <time>2022-03-12T16:56:44Z</time>
      </trkpt>
      <trkpt lat="26.8275917" lon="75.7529000">
        <time>2022-03-12T16:56:45Z</time>
      </trkpt>
      <trkpt lat="26.8276900" lon="75.7529550">
        <time>2022-03-12T16:56:46Z</time>
      </trkpt>
      <trkpt lat="26.8277950" lon="75.7530233">
        <time>2022-03-12T16:56:47Z</time>
      </trkpt>
      <trkpt lat="26.8278900" lon="75.7530850">
        <time>2022-03-12T16:56:48Z</time>
      </trkpt>
      <trkpt lat="26.8279800" lon="75.7531283">
        <time>2022-03-12T16:56:49Z</time>
      </trkpt>
      <trkpt lat="26.8280700" lon="75.7531750">
        <time>2022-03-12T16:56:50Z</time>
      </trkpt>
      <trkpt lat="26.8281550" lon="75.7532250">
        <time>2022-03-12T16:56:51Z</time>
      </trkpt>
      <trkpt lat="26.8282367" lon="75.7532750">
        <time>2022-03-12T16:56:52Z</time>
      </trkpt>
      <trkpt lat="26.8283283" lon="75.7533267">
        <time>2022-03-12T16:56:53Z</time>
      </trkpt>
      <trkpt lat="26.8284267" lon="75.7533833">
        <time>2022-03-12T16:56:54Z</time>
      </trkpt>
      <trkpt lat="26.8285233" lon="75.7534367">
        <time>2022-03-12T16:56:55Z</time>
      </trkpt>
      <trkpt lat="26.8286267" lon="75.7534967">
        <time>2022-03-12T16:56:56Z</time>
      </trkpt>
      <trkpt lat="26.8287383" lon="75.7535633">
        <time>2022-03-12T16:56:57Z</time>
      </trkpt>
      <trkpt lat="26.8288533" lon="75.7536317">
        <time>2022-03-12T16:56:58Z</time>
      </trkpt>
      <trkpt lat="26.8289633" lon="75.7536867">
        <time>2022-03-12T16:56:59Z</time>
      </trkpt>
      <trkpt lat="26.8290500" lon="75.7537317">
        <time>2022-03-12T16:57:00Z</time>
      </trkpt>
      <trkpt lat="26.8291633" lon="75.7537983">
        <time>2022-03-12T16:57:01Z</time>
      </trkpt>
      <trkpt lat="26.8292767" lon="75.7538633">
        <time>2022-03-12T16:57:02Z</time>
      </trkpt>
      <trkpt lat="26.8293900" lon="75.7539400">
        <time>2022-03-12T16:57:03Z</time>
      </trkpt>
      <trkpt lat="26.8295050" lon="75.7540167">
        <time>2022-03-12T16:57:04Z</time>
      </trkpt>
      <trkpt lat="26.8296100" lon="75.7540850">
        <time>2022-03-12T16:57:05Z</time>
      </trkpt>
      <trkpt lat="26.8297133" lon="75.7541433">
        <time>2022-03-12T16:57:06Z</time>
      </trkpt>
      <trkpt lat="26.8298133" lon="75.7542417">
        <time>2022-03-12T16:57:07Z</time>
      </trkpt>
      <trkpt lat="26.8299100" lon="75.7543267">
        <time>2022-03-12T16:57:08Z</time>
      </trkpt>
      <trkpt lat="26.8300000" lon="75.7543933">
        <time>2022-03-12T16:57:09Z</time>
      </trkpt>
      <trkpt lat="26.8300800" lon="75.7544500">
        <time>2022-03-12T16:57:10Z</time>
      </trkpt>
      <trkpt lat="26.8301567" lon="75.7544967">
        <time>2022-03-12T16:57:11Z</time>
      </trkpt>
      <trkpt lat="26.8302367" lon="75.7545533">
        <time>2022-03-12T16:57:12Z</time>
      </trkpt>
      <trkpt lat="26.8303167" lon="75.7546200">
        <time>2022-03-12T16:57:13Z</time>
      </trkpt>
      <trkpt lat="26.8303883" lon="75.7546650">
        <time>2022-03-12T16:57:14Z</time>
      </trkpt>
      <trkpt lat="26.8304650" lon="75.7547167">
        <time>2022-03-12T16:57:15Z</time>
      </trkpt>
      <trkpt lat="26.8305417" lon="75.7547750">
        <time>2022-03-12T16:57:16Z</time>
      </trkpt>
      <trkpt lat="26.8306167" lon="75.7548283">
        <time>2022-03-12T16:57:17Z</time>
      </trkpt>
      <trkpt lat="26.8307000" lon="75.7549033">
        <time>2022-03-12T16:57:18Z</time>
      </trkpt>
      <trkpt lat="26.8307800" lon="75.7549633">
        <time>2022-03-12T16:57:19Z</time>
      </trkpt>
      <trkpt lat="26.8308583" lon="75.7550283">
        <time>2022-03-12T16:57:20Z</time>
      </trkpt>
      <trkpt lat="26.8309383" lon="75.7550850">
        <time>2022-03-12T16:57:21Z</time>
      </trkpt>
      <trkpt lat="26.8310200" lon="75.7551417">
        <time>2022-03-12T16:57:22Z</time>
      </trkpt>
      <trkpt lat="26.8311067" lon="75.7551983">
        <time>2022-03-12T16:57:23Z</time>
      </trkpt>
      <trkpt lat="26.8311950" lon="75.7552467">
        <time>2022-03-12T16:57:24Z</time>
      </trkpt>
      <trkpt lat="26.8312700" lon="75.7553033">
        <time>2022-03-12T16:57:25Z</time>
      </trkpt>
      <trkpt lat="26.8313533" lon="75.7553650">
        <time>2022-03-12T16:57:26Z</time>
      </trkpt>
      <trkpt lat="26.8314400" lon="75.7554250">
        <time>2022-03-12T16:57:27Z</time>
      </trkpt>
      <trkpt lat="26.8315267" lon="75.7554900">
        <time>2022-03-12T16:57:28Z</time>
      </trkpt>
      <trkpt lat="26.8316133" lon="75.7555650">
        <time>2022-03-12T16:57:29Z</time>
      </trkpt>
      <trkpt lat="26.8316983" lon="75.7556350">
        <time>2022-03-12T16:57:30Z</time>
      </trkpt>
      <trkpt lat="26.8317867" lon="75.7557183">
        <time>2022-03-12T16:57:31Z</time>
      </trkpt>
      <trkpt lat="26.8318617" lon="75.7558017">
        <time>2022-03-12T16:57:32Z</time>
      </trkpt>
      <trkpt lat="26.8319517" lon="75.7558567">
        <time>2022-03-12T16:57:33Z</time>
      </trkpt>
      <trkpt lat="26.8320600" lon="75.7559317">
        <time>2022-03-12T16:57:34Z</time>
      </trkpt>
      <trkpt lat="26.8321633" lon="75.7560133">
        <time>2022-03-12T16:57:35Z</time>
      </trkpt>
      <trkpt lat="26.8322650" lon="75.7560917">
        <time>2022-03-12T16:57:36Z</time>
      </trkpt>
      <trkpt lat="26.8323600" lon="75.7561550">
        <time>2022-03-12T16:57:37Z</time>
      </trkpt>
      <trkpt lat="26.8324650" lon="75.7562417">
        <time>2022-03-12T16:57:38Z</time>
      </trkpt>
      <trkpt lat="26.8325633" lon="75.7563067">
        <time>2022-03-12T16:57:39Z</time>
      </trkpt>
      <trkpt lat="26.8326683" lon="75.7563750">
        <time>2022-03-12T16:57:40Z</time>
      </trkpt>
      <trkpt lat="26.8327900" lon="75.7564550">
        <time>2022-03-12T16:57:41Z</time>
      </trkpt>
      <trkpt lat="26.8329067" lon="75.7565317">
        <time>2022-03-12T16:57:42Z</time>
      </trkpt>
      <trkpt lat="26.8330567" lon="75.7566583">
        <time>2022-03-12T16:57:43Z</time>
      </trkpt>
      <trkpt lat="26.8331867" lon="75.7567617">
        <time>2022-03-12T16:57:44Z</time>
      </trkpt>
      <trkpt lat="26.8333017" lon="75.7568283">
        <time>2022-03-12T16:57:45Z</time>
      </trkpt>
      <trkpt lat="26.8334150" lon="75.7568950">
        <time>2022-03-12T16:57:46Z</time>
      </trkpt>
      <trkpt lat="26.8335133" lon="75.7569567">
        <time>2022-03-12T16:57:47Z</time>
      </trkpt>
      <trkpt lat="26.8336250" lon="75.7570217">
        <time>2022-03-12T16:57:48Z</time>
      </trkpt>
      <trkpt lat="26.8337383" lon="75.7570833">
        <time>2022-03-12T16:57:49Z</time>
      </trkpt>
      <trkpt lat="26.8338650" lon="75.7571250">
        <time>2022-03-12T16:57:50Z</time>
      </trkpt>
      <trkpt lat="26.8339867" lon="75.7571583">
        <time>2022-03-12T16:57:51Z</time>
      </trkpt>
      <trkpt lat="26.8341017" lon="75.7572067">
        <time>2022-03-12T16:57:52Z</time>
      </trkpt>
      <trkpt lat="26.8342117" lon="75.7572550">
        <time>2022-03-12T16:57:53Z</time>
      </trkpt>
      <trkpt lat="26.8343150" lon="75.7573150">
        <time>2022-03-12T16:57:54Z</time>
      </trkpt>
      <trkpt lat="26.8344267" lon="75.7573617">
        <time>2022-03-12T16:57:55Z</time>
      </trkpt>
      <trkpt lat="26.8345483" lon="75.7574067">
        <time>2022-03-12T16:57:56Z</time>
      </trkpt>
      <trkpt lat="26.8346767" lon="75.7574667">
        <time>2022-03-12T16:57:57Z</time>
      </trkpt>
      <trkpt lat="26.8347917" lon="75.7575367">
        <time>2022-03-12T16:57:58Z</time>
      </trkpt>
      <trkpt lat="26.8349100" lon="75.7576233">
        <time>2022-03-12T16:57:59Z</time>
      </trkpt>
      <trkpt lat="26.8350233" lon="75.7577033">
        <time>2022-03-12T16:58:00Z</time>
      </trkpt>
      <trkpt lat="26.8351367" lon="75.7577783">
        <time>2022-03-12T16:58:01Z</time>
      </trkpt>
      <trkpt lat="26.8352450" lon="75.7578317">
        <time>2022-03-12T16:58:02Z</time>
      </trkpt>
      <trkpt lat="26.8353600" lon="75.7578850">
        <time>2022-03-12T16:58:03Z</time>
      </trkpt>
      <trkpt lat="26.8354783" lon="75.7579500">
        <time>2022-03-12T16:58:04Z</time>
      </trkpt>
      <trkpt lat="26.8355967" lon="75.7580267">
        <time>2022-03-12T16:58:05Z</time>
      </trkpt>
      <trkpt lat="26.8357050" lon="75.7580883">
        <time>2022-03-12T16:58:06Z</time>
      </trkpt>
      <trkpt lat="26.8358250" lon="75.7581517">
        <time>2022-03-12T16:58:07Z</time>
      </trkpt>
      <trkpt lat="26.8359467" lon="75.7582317">
        <time>2022-03-12T16:58:08Z</time>
      </trkpt>
      <trkpt lat="26.8360583" lon="75.7582900">
        <time>2022-03-12T16:58:09Z</time>
      </trkpt>
      <trkpt lat="26.8361633" lon="75.7583450">
        <time>2022-03-12T16:58:10Z</time>
      </trkpt>
      <trkpt lat="26.8362717" lon="75.7583950">
        <time>2022-03-12T16:58:11Z</time>
      </trkpt>
      <trkpt lat="26.8363467" lon="75.7584483">
        <time>2022-03-12T16:58:12Z</time>
      </trkpt>
      <trkpt lat="26.8364183" lon="75.7585017">
        <time>2022-03-12T16:58:13Z</time>
      </trkpt>
      <trkpt lat="26.8365017" lon="75.7585650">
        <time>2022-03-12T16:58:14Z</time>
      </trkpt>
      <trkpt lat="26.8365817" lon="75.7585983">
        <time>2022-03-12T16:58:15Z</time>
      </trkpt>
      <trkpt lat="26.8366450" lon="75.7586550">
        <time>2022-03-12T16:58:16Z</time>
      </trkpt>
      <trkpt lat="26.8367167" lon="75.7587017">
        <time>2022-03-12T16:58:17Z</time>
      </trkpt>
      <trkpt lat="26.8367933" lon="75.7587533">
        <time>2022-03-12T16:58:18Z</time>
      </trkpt>
      <trkpt lat="26.8368667" lon="75.7588033">
        <time>2022-03-12T16:58:19Z</time>
      </trkpt>
      <trkpt lat="26.8369400" lon="75.7588450">
        <time>2022-03-12T16:58:20Z</time>
      </trkpt>
      <trkpt lat="26.8370117" lon="75.7588783">
        <time>2022-03-12T16:58:21Z</time>
      </trkpt>
      <trkpt lat="26.8370967" lon="75.7589183">
        <time>2022-03-12T16:58:22Z</time>
      </trkpt>
      <trkpt lat="26.8371933" lon="75.7589567">
        <time>2022-03-12T16:58:23Z</time>
      </trkpt>
      <trkpt lat="26.8373000" lon="75.7589967">
        <time>2022-03-12T16:58:24Z</time>
      </trkpt>
      <trkpt lat="26.8374067" lon="75.7590450">
        <time>2022-03-12T16:58:25Z</time>
      </trkpt>
      <trkpt lat="26.8375083" lon="75.7590967">
        <time>2022-03-12T16:58:26Z</time>
      </trkpt>
      <trkpt lat="26.8376217" lon="75.7591567">
        <time>2022-03-12T16:58:27Z</time>
      </trkpt>
      <trkpt lat="26.8377400" lon="75.7592150">
        <time>2022-03-12T16:58:28Z</time>
      </trkpt>
      <trkpt lat="26.8378467" lon="75.7592700">
        <time>2022-03-12T16:58:29Z</time>
      </trkpt>
      <trkpt lat="26.8379433" lon="75.7593250">
        <time>2022-03-12T16:58:30Z</time>
      </trkpt>
      <trkpt lat="26.8380200" lon="75.7593683">
        <time>2022-03-12T16:58:31Z</time>
      </trkpt>
      <trkpt lat="26.8380900" lon="75.7594067">
        <time>2022-03-12T16:58:32Z</time>
      </trkpt>
      <trkpt lat="26.8381567" lon="75.7594367">
        <time>2022-03-12T16:58:33Z</time>
      </trkpt>
      <trkpt lat="26.8382017" lon="75.7594667">
        <time>2022-03-12T16:58:34Z</time>
      </trkpt>
      <trkpt lat="26.8382250" lon="75.7594867">
        <time>2022-03-12T16:58:35Z</time>
      </trkpt>
      <trkpt lat="26.8382367" lon="75.7595017">
        <time>2022-03-12T16:58:36Z</time>
      </trkpt>
      <trkpt lat="26.8382567" lon="75.7595150">
        <time>2022-03-12T16:58:37Z</time>
      </trkpt>
      <trkpt lat="26.8382800" lon="75.7595317">
        <time>2022-03-12T16:58:38Z</time>
      </trkpt>
      <trkpt lat="26.8383100" lon="75.7595450">
        <time>2022-03-12T16:58:39Z</time>
      </trkpt>
      <trkpt lat="26.8383400" lon="75.7595600">
        <time>2022-03-12T16:58:40Z</time>
      </trkpt>
      <trkpt lat="26.8383617" lon="75.7595717">
        <time>2022-03-12T16:58:41Z</time>
      </trkpt>
      <trkpt lat="26.8383717" lon="75.7595783">
        <time>2022-03-12T16:58:42Z</time>
      </trkpt>
      <trkpt lat="26.8383750" lon="75.7595833">
        <time>2022-03-12T16:58:43Z</time>
      </trkpt>
      <trkpt lat="26.8383750" lon="75.7595867">
        <time>2022-03-12T16:58:44Z</time>
      </trkpt>
      <trkpt lat="26.8383800" lon="75.7595917">
        <time>2022-03-12T16:58:45Z</time>
      </trkpt>
      <trkpt lat="26.8383800" lon="75.7595917">
        <time>2022-03-12T16:58:46Z</time>
      </trkpt>
      <trkpt lat="26.8384017" lon="75.7596117">
        <time>2022-03-12T16:58:47Z</time>
      </trkpt>
      <trkpt lat="26.8384200" lon="75.7596283">
        <time>2022-03-12T16:58:48Z</time>
      </trkpt>
      <trkpt lat="26.8384517" lon="75.7596467">
        <time>2022-03-12T16:58:49Z</time>
      </trkpt>
      <trkpt lat="26.8384850" lon="75.7596667">
        <time>2022-03-12T16:58:50Z</time>
      </trkpt>
      <trkpt lat="26.8385200" lon="75.7596867">
        <time>2022-03-12T16:58:51Z</time>
      </trkpt>
      <trkpt lat="26.8385600" lon="75.7597117">
        <time>2022-03-12T16:58:52Z</time>
      </trkpt>
      <trkpt lat="26.8386100" lon="75.7597450">
        <time>2022-03-12T16:58:53Z</time>
      </trkpt>
      <trkpt lat="26.8386717" lon="75.7597833">
        <time>2022-03-12T16:58:54Z</time>
      </trkpt>
      <trkpt lat="26.8387417" lon="75.7598300">
        <time>2022-03-12T16:58:55Z</time>
      </trkpt>
      <trkpt lat="26.8388083" lon="75.7598733">
        <time>2022-03-12T16:58:56Z</time>
      </trkpt>
      <trkpt lat="26.8388833" lon="75.7599100">
        <time>2022-03-12T16:58:57Z</time>
      </trkpt>
      <trkpt lat="26.8389600" lon="75.7599500">
        <time>2022-03-12T16:58:58Z</time>
      </trkpt>
      <trkpt lat="26.8390417" lon="75.7599983">
        <time>2022-03-12T16:58:59Z</time>
      </trkpt>
      <trkpt lat="26.8391317" lon="75.7600517">
        <time>2022-03-12T16:59:00Z</time>
      </trkpt>
      <trkpt lat="26.8392200" lon="75.7600983">
        <time>2022-03-12T16:59:01Z</time>
      </trkpt>
      <trkpt lat="26.8393200" lon="75.7601633">
        <time>2022-03-12T16:59:02Z</time>
      </trkpt>
      <trkpt lat="26.8394217" lon="75.7602267">
        <time>2022-03-12T16:59:03Z</time>
      </trkpt>
      <trkpt lat="26.8395233" lon="75.7602883">
        <time>2022-03-12T16:59:04Z</time>
      </trkpt>
      <trkpt lat="26.8396267" lon="75.7603483">
        <time>2022-03-12T16:59:05Z</time>
      </trkpt>
      <trkpt lat="26.8397250" lon="75.7604067">
        <time>2022-03-12T16:59:06Z</time>
      </trkpt>
      <trkpt lat="26.8398133" lon="75.7604550">
        <time>2022-03-12T16:59:07Z</time>
      </trkpt>
      <trkpt lat="26.8398900" lon="75.7604983">
        <time>2022-03-12T16:59:08Z</time>
      </trkpt>
      <trkpt lat="26.8399417" lon="75.7605300">
        <time>2022-03-12T16:59:09Z</time>
      </trkpt>
      <trkpt lat="26.8400283" lon="75.7605783">
        <time>2022-03-12T16:59:10Z</time>
      </trkpt>
      <trkpt lat="26.8401183" lon="75.7606183">
        <time>2022-03-12T16:59:11Z</time>
      </trkpt>
      <trkpt lat="26.8402283" lon="75.7606783">
        <time>2022-03-12T16:59:12Z</time>
      </trkpt>
      <trkpt lat="26.8403433" lon="75.7607317">
        <time>2022-03-12T16:59:13Z</time>
      </trkpt>
      <trkpt lat="26.8404500" lon="75.7607800">
        <time>2022-03-12T16:59:14Z</time>
      </trkpt>
      <trkpt lat="26.8405617" lon="75.7608433">
        <time>2022-03-12T16:59:15Z</time>
      </trkpt>
      <trkpt lat="26.8406667" lon="75.7609033">
        <time>2022-03-12T16:59:16Z</time>
      </trkpt>
      <trkpt lat="26.8407717" lon="75.7609717">
        <time>2022-03-12T16:59:17Z</time>
      </trkpt>
      <trkpt lat="26.8408817" lon="75.7610483">
        <time>2022-03-12T16:59:18Z</time>
      </trkpt>
      <trkpt lat="26.8409967" lon="75.7611050">
        <time>2022-03-12T16:59:19Z</time>
      </trkpt>
      <trkpt lat="26.8411067" lon="75.7611667">
        <time>2022-03-12T16:59:20Z</time>
      </trkpt>
      <trkpt lat="26.8412167" lon="75.7612233">
        <time>2022-03-12T16:59:21Z</time>
      </trkpt>
      <trkpt lat="26.8413167" lon="75.7612767">
        <time>2022-03-12T16:59:22Z</time>
      </trkpt>
      <trkpt lat="26.8414150" lon="75.7613300">
        <time>2022-03-12T16:59:23Z</time>
      </trkpt>
      <trkpt lat="26.8414800" lon="75.7613667">
        <time>2022-03-12T16:59:24Z</time>
      </trkpt>
      <trkpt lat="26.8415633" lon="75.7614133">
        <time>2022-03-12T16:59:25Z</time>
      </trkpt>
      <trkpt lat="26.8416633" lon="75.7614783">
        <time>2022-03-12T16:59:26Z</time>
      </trkpt>
      <trkpt lat="26.8417567" lon="75.7615400">
        <time>2022-03-12T16:59:27Z</time>
      </trkpt>
      <trkpt lat="26.8418567" lon="75.7616133">
        <time>2022-03-12T16:59:28Z</time>
      </trkpt>
      <trkpt lat="26.8419583" lon="75.7616933">
        <time>2022-03-12T16:59:29Z</time>
      </trkpt>
      <trkpt lat="26.8420633" lon="75.7617683">
        <time>2022-03-12T16:59:30Z</time>
      </trkpt>
      <trkpt lat="26.8421733" lon="75.7618467">
        <time>2022-03-12T16:59:31Z</time>
      </trkpt>
      <trkpt lat="26.8422883" lon="75.7619350">
        <time>2022-03-12T16:59:32Z</time>
      </trkpt>
      <trkpt lat="26.8424000" lon="75.7620083">
        <time>2022-03-12T16:59:33Z</time>
      </trkpt>
      <trkpt lat="26.8425050" lon="75.7620667">
        <time>2022-03-12T16:59:34Z</time>
      </trkpt>
      <trkpt lat="26.8426117" lon="75.7621267">
        <time>2022-03-12T16:59:35Z</time>
      </trkpt>
      <trkpt lat="26.8427167" lon="75.7621917">
        <time>2022-03-12T16:59:36Z</time>
      </trkpt>
      <trkpt lat="26.8428133" lon="75.7622333">
        <time>2022-03-12T16:59:37Z</time>
      </trkpt>
      <trkpt lat="26.8428933" lon="75.7622717">
        <time>2022-03-12T16:59:38Z</time>
      </trkpt>
      <trkpt lat="26.8429633" lon="75.7623083">
        <time>2022-03-12T16:59:39Z</time>
      </trkpt>
      <trkpt lat="26.8430233" lon="75.7623350">
        <time>2022-03-12T16:59:40Z</time>
      </trkpt>
      <trkpt lat="26.8430667" lon="75.7623500">
        <time>2022-03-12T16:59:41Z</time>
      </trkpt>
      <trkpt lat="26.8431000" lon="75.7623433">
        <time>2022-03-12T16:59:42Z</time>
      </trkpt>
      <trkpt lat="26.8431183" lon="75.7623200">
        <time>2022-03-12T16:59:43Z</time>
      </trkpt>
      <trkpt lat="26.8431250" lon="75.7622983">
        <time>2022-03-12T16:59:44Z</time>
      </trkpt>
      <trkpt lat="26.8431267" lon="75.7622800">
        <time>2022-03-12T16:59:45Z</time>
      </trkpt>
      <trkpt lat="26.8431267" lon="75.7622617">
        <time>2022-03-12T16:59:46Z</time>
      </trkpt>
      <trkpt lat="26.8431317" lon="75.7622433">
        <time>2022-03-12T16:59:47Z</time>
      </trkpt>
      <trkpt lat="26.8431283" lon="75.7622200">
        <time>2022-03-12T16:59:48Z</time>
      </trkpt>
      <trkpt lat="26.8431283" lon="75.7621850">
        <time>2022-03-12T16:59:49Z</time>
      </trkpt>
      <trkpt lat="26.8431333" lon="75.7621383">
        <time>2022-03-12T16:59:50Z</time>
      </trkpt>
      <trkpt lat="26.8431533" lon="75.7620783">
        <time>2022-03-12T16:59:51Z</time>
      </trkpt>
      <trkpt lat="26.8431650" lon="75.7620250">
        <time>2022-03-12T16:59:52Z</time>
      </trkpt>
      <trkpt lat="26.8431850" lon="75.7619750">
        <time>2022-03-12T16:59:53Z</time>
      </trkpt>
      <trkpt lat="26.8432133" lon="75.7619233">
        <time>2022-03-12T16:59:54Z</time>
      </trkpt>
      <trkpt lat="26.8432400" lon="75.7618683">
        <time>2022-03-12T16:59:55Z</time>
      </trkpt>
      <trkpt lat="26.8432617" lon="75.7618067">
        <time>2022-03-12T16:59:56Z</time>
      </trkpt>
      <trkpt lat="26.8432800" lon="75.7617550">
        <time>2022-03-12T16:59:57Z</time>
      </trkpt>
      <trkpt lat="26.8433000" lon="75.7616983">
        <time>2022-03-12T16:59:58Z</time>
      </trkpt>
      <trkpt lat="26.8433217" lon="75.7616383">
        <time>2022-03-12T16:59:59Z</time>
      </trkpt>
      <trkpt lat="26.8433433" lon="75.7615833">
        <time>2022-03-12T17:00:00Z</time>
      </trkpt>
      <trkpt lat="26.8433633" lon="75.7615367">
        <time>2022-03-12T17:00:01Z</time>
      </trkpt>
      <trkpt lat="26.8433783" lon="75.7614933">
        <time>2022-03-12T17:00:02Z</time>
      </trkpt>
      <trkpt lat="26.8433967" lon="75.7614450">
        <time>2022-03-12T17:00:03Z</time>
      </trkpt>
      <trkpt lat="26.8434133" lon="75.7613900">
        <time>2022-03-12T17:00:04Z</time>
      </trkpt>
      <trkpt lat="26.8434433" lon="75.7613367">
        <time>2022-03-12T17:00:05Z</time>
      </trkpt>
      <trkpt lat="26.8434600" lon="75.7613000">
        <time>2022-03-12T17:00:06Z</time>
      </trkpt>
      <trkpt lat="26.8434800" lon="75.7612633">
        <time>2022-03-12T17:00:07Z</time>
      </trkpt>
      <trkpt lat="26.8435000" lon="75.7612150">
        <time>2022-03-12T17:00:08Z</time>
      </trkpt>
      <trkpt lat="26.8435100" lon="75.7611633">
        <time>2022-03-12T17:00:09Z</time>
      </trkpt>
      <trkpt lat="26.8435317" lon="75.7611033">
        <time>2022-03-12T17:00:10Z</time>
      </trkpt>
      <trkpt lat="26.8435650" lon="75.7610283">
        <time>2022-03-12T17:00:11Z</time>
      </trkpt>
      <trkpt lat="26.8436033" lon="75.7609367">
        <time>2022-03-12T17:00:12Z</time>
      </trkpt>
      <trkpt lat="26.8436333" lon="75.7608567">
        <time>2022-03-12T17:00:13Z</time>
      </trkpt>
      <trkpt lat="26.8436667" lon="75.7607783">
        <time>2022-03-12T17:00:14Z</time>
      </trkpt>
      <trkpt lat="26.8436917" lon="75.7607150">
        <time>2022-03-12T17:00:15Z</time>
      </trkpt>
      <trkpt lat="26.8437100" lon="75.7606567">
        <time>2022-03-12T17:00:16Z</time>
      </trkpt>
      <trkpt lat="26.8437233" lon="75.7605933">
        <time>2022-03-12T17:00:17Z</time>
      </trkpt>
      <trkpt lat="26.8437250" lon="75.7605617">
        <time>2022-03-12T17:00:18Z</time>
      </trkpt>
      <trkpt lat="26.8437333" lon="75.7605367">
        <time>2022-03-12T17:00:19Z</time>
      </trkpt>
      <trkpt lat="26.8437400" lon="75.7605250">
        <time>2022-03-12T17:00:20Z</time>
      </trkpt>
      <trkpt lat="26.8437450" lon="75.7605117">
        <time>2022-03-12T17:00:21Z</time>
      </trkpt>
      <trkpt lat="26.8437617" lon="75.7604817">
        <time>2022-03-12T17:00:22Z</time>
      </trkpt>
      <trkpt lat="26.8437750" lon="75.7604533">
        <time>2022-03-12T17:00:23Z</time>
      </trkpt>
      <trkpt lat="26.8437867" lon="75.7604283">
        <time>2022-03-12T17:00:24Z</time>
      </trkpt>
      <trkpt lat="26.8438017" lon="75.7604250">
        <time>2022-03-12T17:00:25Z</time>
      </trkpt>
      <trkpt lat="26.8438117" lon="75.7604317">
        <time>2022-03-12T17:00:26Z</time>
      </trkpt>
      <trkpt lat="26.8438217" lon="75.7604250">
        <time>2022-03-12T17:00:27Z</time>
      </trkpt>
      <trkpt lat="26.8438067" lon="75.7604250">
        <time>2022-03-12T17:00:28Z</time>
      </trkpt>
      <trkpt lat="26.8438150" lon="75.7604250">
        <time>2022-03-12T17:00:29Z</time>
      </trkpt>
      <trkpt lat="26.8438400" lon="75.7604133">
        <time>2022-03-12T17:00:30Z</time>
      </trkpt>
      <trkpt lat="26.8438683" lon="75.7603800">
        <time>2022-03-12T17:00:31Z</time>
      </trkpt>
      <trkpt lat="26.8439017" lon="75.7603467">
        <time>2022-03-12T17:00:32Z</time>
      </trkpt>
      <trkpt lat="26.8439417" lon="75.7603167">
        <time>2022-03-12T17:00:33Z</time>
      </trkpt>
      <trkpt lat="26.8439700" lon="75.7603067">
        <time>2022-03-12T17:00:34Z</time>
      </trkpt>
      <trkpt lat="26.8439833" lon="75.7603017">
        <time>2022-03-12T17:00:35Z</time>
      </trkpt>
      <trkpt lat="26.8439917" lon="75.7602867">
        <time>2022-03-12T17:00:36Z</time>
      </trkpt>
      <trkpt lat="26.8439983" lon="75.7602683">
        <time>2022-03-12T17:00:37Z</time>
      </trkpt>
      <trkpt lat="26.8440100" lon="75.7602317">
        <time>2022-03-12T17:00:38Z</time>
      </trkpt>
      <trkpt lat="26.8440233" lon="75.7602017">
        <time>2022-03-12T17:00:39Z</time>
      </trkpt>
      <trkpt lat="26.8440433" lon="75.7601567">
        <time>2022-03-12T17:00:40Z</time>
      </trkpt>
      <trkpt lat="26.8440617" lon="75.7601017">
        <time>2022-03-12T17:00:41Z</time>
      </trkpt>
      <trkpt lat="26.8440833" lon="75.7600450">
        <time>2022-03-12T17:00:42Z</time>
      </trkpt>
      <trkpt lat="26.8441033" lon="75.7599833">
        <time>2022-03-12T17:00:43Z</time>
      </trkpt>
      <trkpt lat="26.8441267" lon="75.7599450">
        <time>2022-03-12T17:00:44Z</time>
      </trkpt>
      <trkpt lat="26.8441367" lon="75.7599100">
        <time>2022-03-12T17:00:45Z</time>
      </trkpt>
      <trkpt lat="26.8441467" lon="75.7598867">
        <time>2022-03-12T17:00:46Z</time>
      </trkpt>
      <trkpt lat="26.8441600" lon="75.7598550">
        <time>2022-03-12T17:00:47Z</time>
      </trkpt>
      <trkpt lat="26.8441767" lon="75.7598267">
        <time>2022-03-12T17:00:48Z</time>
      </trkpt>
      <trkpt lat="26.8441817" lon="75.7598033">
        <time>2022-03-12T17:00:49Z</time>
      </trkpt>
      <trkpt lat="26.8441900" lon="75.7597833">
        <time>2022-03-12T17:00:50Z</time>
      </trkpt>
      <trkpt lat="26.8442000" lon="75.7597667">
        <time>2022-03-12T17:00:51Z</time>
      </trkpt>
      <trkpt lat="26.8442150" lon="75.7597450">
        <time>2022-03-12T17:00:52Z</time>
      </trkpt>
      <trkpt lat="26.8442333" lon="75.7597133">
        <time>2022-03-12T17:00:53Z</time>
      </trkpt>
      <trkpt lat="26.8442483" lon="75.7596667">
        <time>2022-03-12T17:00:54Z</time>
      </trkpt>
      <trkpt lat="26.8442683" lon="75.7596150">
        <time>2022-03-12T17:00:55Z</time>
      </trkpt>
      <trkpt lat="26.8442933" lon="75.7595567">
        <time>2022-03-12T17:00:56Z</time>
      </trkpt>
      <trkpt lat="26.8443183" lon="75.7594833">
        <time>2022-03-12T17:00:57Z</time>
      </trkpt>
      <trkpt lat="26.8443517" lon="75.7593967">
        <time>2022-03-12T17:00:58Z</time>
      </trkpt>
      <trkpt lat="26.8443850" lon="75.7593200">
        <time>2022-03-12T17:00:59Z</time>
      </trkpt>
      <trkpt lat="26.8444083" lon="75.7592633">
        <time>2022-03-12T17:01:00Z</time>
      </trkpt>
      <trkpt lat="26.8444300" lon="75.7592250">
        <time>2022-03-12T17:01:01Z</time>
      </trkpt>
      <trkpt lat="26.8444450" lon="75.7592017">
        <time>2022-03-12T17:01:02Z</time>
      </trkpt>
      <trkpt lat="26.8444517" lon="75.7591867">
        <time>2022-03-12T17:01:03Z</time>
      </trkpt>
      <trkpt lat="26.8444583" lon="75.7591700">
        <time>2022-03-12T17:01:04Z</time>
      </trkpt>
      <trkpt lat="26.8444650" lon="75.7591550">
        <time>2022-03-12T17:01:05Z</time>
      </trkpt>
      <trkpt lat="26.8444700" lon="75.7591367">
        <time>2022-03-12T17:01:06Z</time>
      </trkpt>
      <trkpt lat="26.8444833" lon="75.7591150">
        <time>2022-03-12T17:01:07Z</time>
      </trkpt>
      <trkpt lat="26.8445017" lon="75.7590900">
        <time>2022-03-12T17:01:08Z</time>
      </trkpt>
      <trkpt lat="26.8445233" lon="75.7590483">
        <time>2022-03-12T17:01:09Z</time>
      </trkpt>
      <trkpt lat="26.8445383" lon="75.7589950">
        <time>2022-03-12T17:01:10Z</time>
      </trkpt>
      <trkpt lat="26.8445633" lon="75.7589367">
        <time>2022-03-12T17:01:11Z</time>
      </trkpt>
      <trkpt lat="26.8445833" lon="75.7588833">
        <time>2022-03-12T17:01:12Z</time>
      </trkpt>
      <trkpt lat="26.8446050" lon="75.7588317">
        <time>2022-03-12T17:01:13Z</time>
      </trkpt>
      <trkpt lat="26.8446200" lon="75.7587850">
        <time>2022-03-12T17:01:14Z</time>
      </trkpt>
      <trkpt lat="26.8446300" lon="75.7587467">
        <time>2022-03-12T17:01:15Z</time>
      </trkpt>
      <trkpt lat="26.8446383" lon="75.7587167">
        <time>2022-03-12T17:01:16Z</time>
      </trkpt>
      <trkpt lat="26.8446483" lon="75.7586850">
        <time>2022-03-12T17:01:17Z</time>
      </trkpt>
      <trkpt lat="26.8446550" lon="75.7586433">
        <time>2022-03-12T17:01:18Z</time>
      </trkpt>
      <trkpt lat="26.8446617" lon="75.7586100">
        <time>2022-03-12T17:01:19Z</time>
      </trkpt>
      <trkpt lat="26.8446700" lon="75.7585800">
        <time>2022-03-12T17:01:20Z</time>
      </trkpt>
      <trkpt lat="26.8446850" lon="75.7585500">
        <time>2022-03-12T17:01:21Z</time>
      </trkpt>
      <trkpt lat="26.8447033" lon="75.7585233">
        <time>2022-03-12T17:01:22Z</time>
      </trkpt>
      <trkpt lat="26.8447233" lon="75.7584983">
        <time>2022-03-12T17:01:23Z</time>
      </trkpt>
      <trkpt lat="26.8447400" lon="75.7584733">
        <time>2022-03-12T17:01:24Z</time>
      </trkpt>
      <trkpt lat="26.8447500" lon="75.7584500">
        <time>2022-03-12T17:01:25Z</time>
      </trkpt>
      <trkpt lat="26.8447567" lon="75.7584300">
        <time>2022-03-12T17:01:26Z</time>
      </trkpt>
      <trkpt lat="26.8447700" lon="75.7584083">
        <time>2022-03-12T17:01:27Z</time>
      </trkpt>
      <trkpt lat="26.8447850" lon="75.7583850">
        <time>2022-03-12T17:01:28Z</time>
      </trkpt>
      <trkpt lat="26.8447950" lon="75.7583633">
        <time>2022-03-12T17:01:29Z</time>
      </trkpt>
      <trkpt lat="26.8448000" lon="75.7583367">
        <time>2022-03-12T17:01:30Z</time>
      </trkpt>
      <trkpt lat="26.8448067" lon="75.7583167">
        <time>2022-03-12T17:01:31Z</time>
      </trkpt>
      <trkpt lat="26.8448100" lon="75.7582933">
        <time>2022-03-12T17:01:32Z</time>
      </trkpt>
      <trkpt lat="26.8448100" lon="75.7582750">
        <time>2022-03-12T17:01:33Z</time>
      </trkpt>
      <trkpt lat="26.8448117" lon="75.7582567">
        <time>2022-03-12T17:01:34Z</time>
      </trkpt>
      <trkpt lat="26.8448150" lon="75.7582317">
        <time>2022-03-12T17:01:35Z</time>
      </trkpt>
      <trkpt lat="26.8448233" lon="75.7581983">
        <time>2022-03-12T17:01:36Z</time>
      </trkpt>
      <trkpt lat="26.8448333" lon="75.7581633">
        <time>2022-03-12T17:01:37Z</time>
      </trkpt>
      <trkpt lat="26.8448650" lon="75.7581250">
        <time>2022-03-12T17:01:38Z</time>
      </trkpt>
      <trkpt lat="26.8449167" lon="75.7580700">
        <time>2022-03-12T17:01:39Z</time>
      </trkpt>
      <trkpt lat="26.8449467" lon="75.7580017">
        <time>2022-03-12T17:01:40Z</time>
      </trkpt>
      <trkpt lat="26.8449667" lon="75.7579483">
        <time>2022-03-12T17:01:41Z</time>
      </trkpt>
      <trkpt lat="26.8449900" lon="75.7578817">
        <time>2022-03-12T17:01:42Z</time>
      </trkpt>
      <trkpt lat="26.8450017" lon="75.7578183">
        <time>2022-03-12T17:01:43Z</time>
      </trkpt>
      <trkpt lat="26.8450100" lon="75.7577633">
        <time>2022-03-12T17:01:44Z</time>
      </trkpt>
      <trkpt lat="26.8450183" lon="75.7577317">
        <time>2022-03-12T17:01:45Z</time>
      </trkpt>
      <trkpt lat="26.8450267" lon="75.7576950">
        <time>2022-03-12T17:01:46Z</time>
      </trkpt>
      <trkpt lat="26.8450333" lon="75.7576667">
        <time>2022-03-12T17:01:47Z</time>
      </trkpt>
      <trkpt lat="26.8450433" lon="75.7576433">
        <time>2022-03-12T17:01:48Z</time>
      </trkpt>
      <trkpt lat="26.8450583" lon="75.7576317">
        <time>2022-03-12T17:01:49Z</time>
      </trkpt>
      <trkpt lat="26.8450800" lon="75.7576183">
        <time>2022-03-12T17:01:50Z</time>
      </trkpt>
      <trkpt lat="26.8451050" lon="75.7576233">
        <time>2022-03-12T17:01:51Z</time>
      </trkpt>
      <trkpt lat="26.8451450" lon="75.7576250">
        <time>2022-03-12T17:01:52Z</time>
      </trkpt>
      <trkpt lat="26.8451817" lon="75.7576283">
        <time>2022-03-12T17:01:53Z</time>
      </trkpt>
      <trkpt lat="26.8452000" lon="75.7576367">
        <time>2022-03-12T17:01:54Z</time>
      </trkpt>
      <trkpt lat="26.8452250" lon="75.7576467">
        <time>2022-03-12T17:01:55Z</time>
      </trkpt>
      <trkpt lat="26.8452483" lon="75.7576483">
        <time>2022-03-12T17:01:56Z</time>
      </trkpt>
      <trkpt lat="26.8452683" lon="75.7576517">
        <time>2022-03-12T17:01:57Z</time>
      </trkpt>
      <trkpt lat="26.8453000" lon="75.7576650">
        <time>2022-03-12T17:01:58Z</time>
      </trkpt>
      <trkpt lat="26.8453367" lon="75.7576767">
        <time>2022-03-12T17:01:59Z</time>
      </trkpt>
      <trkpt lat="26.8453767" lon="75.7576850">
        <time>2022-03-12T17:02:00Z</time>
      </trkpt>
      <trkpt lat="26.8454217" lon="75.7576983">
        <time>2022-03-12T17:02:01Z</time>
      </trkpt>
      <trkpt lat="26.8454733" lon="75.7577183">
        <time>2022-03-12T17:02:02Z</time>
      </trkpt>
      <trkpt lat="26.8455267" lon="75.7577333">
        <time>2022-03-12T17:02:03Z</time>
      </trkpt>
      <trkpt lat="26.8455767" lon="75.7577467">
        <time>2022-03-12T17:02:04Z</time>
      </trkpt>
      <trkpt lat="26.8456233" lon="75.7577517">
        <time>2022-03-12T17:02:05Z</time>
      </trkpt>
      <trkpt lat="26.8456567" lon="75.7577550">
        <time>2022-03-12T17:02:06Z</time>
      </trkpt>
      <trkpt lat="26.8456883" lon="75.7577450">
        <time>2022-03-12T17:02:07Z</time>
      </trkpt>
      <trkpt lat="26.8457200" lon="75.7577300">
        <time>2022-03-12T17:02:08Z</time>
      </trkpt>
      <trkpt lat="26.8457433" lon="75.7577067">
        <time>2022-03-12T17:02:09Z</time>
      </trkpt>
      <trkpt lat="26.8457617" lon="75.7576817">
        <time>2022-03-12T17:02:10Z</time>
      </trkpt>
      <trkpt lat="26.8457733" lon="75.7576400">
        <time>2022-03-12T17:02:11Z</time>
      </trkpt>
      <trkpt lat="26.8457883" lon="75.7575800">
        <time>2022-03-12T17:02:12Z</time>
      </trkpt>
      <trkpt lat="26.8458050" lon="75.7575150">
        <time>2022-03-12T17:02:13Z</time>
      </trkpt>
      <trkpt lat="26.8458167" lon="75.7574533">
        <time>2022-03-12T17:02:14Z</time>
      </trkpt>
      <trkpt lat="26.8458250" lon="75.7573800">
        <time>2022-03-12T17:02:15Z</time>
      </trkpt>
      <trkpt lat="26.8458333" lon="75.7573283">
        <time>2022-03-12T17:02:16Z</time>
      </trkpt>
      <trkpt lat="26.8458383" lon="75.7572817">
        <time>2022-03-12T17:02:17Z</time>
      </trkpt>
      <trkpt lat="26.8458467" lon="75.7572417">
        <time>2022-03-12T17:02:18Z</time>
      </trkpt>
      <trkpt lat="26.8458500" lon="75.7572067">
        <time>2022-03-12T17:02:19Z</time>
      </trkpt>
      <trkpt lat="26.8458500" lon="75.7571783">
        <time>2022-03-12T17:02:20Z</time>
      </trkpt>
      <trkpt lat="26.8458533" lon="75.7571483">
        <time>2022-03-12T17:02:21Z</time>
      </trkpt>
      <trkpt lat="26.8458600" lon="75.7571317">
        <time>2022-03-12T17:02:22Z</time>
      </trkpt>
      <trkpt lat="26.8458783" lon="75.7571267">
        <time>2022-03-12T17:02:23Z</time>
      </trkpt>
      <trkpt lat="26.8458950" lon="75.7571233">
        <time>2022-03-12T17:02:24Z</time>
      </trkpt>
      <trkpt lat="26.8459317" lon="75.7571150">
        <time>2022-03-12T17:02:25Z</time>
      </trkpt>
      <trkpt lat="26.8459833" lon="75.7571050">
        <time>2022-03-12T17:02:26Z</time>
      </trkpt>
      <trkpt lat="26.8460367" lon="75.7571117">
        <time>2022-03-12T17:02:27Z</time>
      </trkpt>
      <trkpt lat="26.8461083" lon="75.7571200">
        <time>2022-03-12T17:02:28Z</time>
      </trkpt>
      <trkpt lat="26.8461883" lon="75.7571333">
        <time>2022-03-12T17:02:29Z</time>
      </trkpt>
      <trkpt lat="26.8462817" lon="75.7571517">
        <time>2022-03-12T17:02:30Z</time>
      </trkpt>
      <trkpt lat="26.8463750" lon="75.7571667">
        <time>2022-03-12T17:02:31Z</time>
      </trkpt>
      <trkpt lat="26.8464600" lon="75.7571883">
        <time>2022-03-12T17:02:32Z</time>
      </trkpt>
      <trkpt lat="26.8465333" lon="75.7572100">
        <time>2022-03-12T17:02:33Z</time>
      </trkpt>
      <trkpt lat="26.8466050" lon="75.7572217">
        <time>2022-03-12T17:02:34Z</time>
      </trkpt>
      <trkpt lat="26.8466683" lon="75.7572250">
        <time>2022-03-12T17:02:35Z</time>
      </trkpt>
      <trkpt lat="26.8467100" lon="75.7572217">
        <time>2022-03-12T17:02:36Z</time>
      </trkpt>
      <trkpt lat="26.8467383" lon="75.7572183">
        <time>2022-03-12T17:02:37Z</time>
      </trkpt>
      <trkpt lat="26.8467567" lon="75.7572117">
        <time>2022-03-12T17:02:38Z</time>
      </trkpt>
      <trkpt lat="26.8467600" lon="75.7571883">
        <time>2022-03-12T17:02:39Z</time>
      </trkpt>
      <trkpt lat="26.8467650" lon="75.7571717">
        <time>2022-03-12T17:02:40Z</time>
      </trkpt>
      <trkpt lat="26.8467683" lon="75.7571533">
        <time>2022-03-12T17:02:41Z</time>
      </trkpt>
      <trkpt lat="26.8467667" lon="75.7571283">
        <time>2022-03-12T17:02:42Z</time>
      </trkpt>
      <trkpt lat="26.8467650" lon="75.7571050">
        <time>2022-03-12T17:02:43Z</time>
      </trkpt>
      <trkpt lat="26.8467717" lon="75.7570833">
        <time>2022-03-12T17:02:44Z</time>
      </trkpt>
      <trkpt lat="26.8467800" lon="75.7570550">
        <time>2022-03-12T17:02:45Z</time>
      </trkpt>
      <trkpt lat="26.8467867" lon="75.7570233">
        <time>2022-03-12T17:02:46Z</time>
      </trkpt>
      <trkpt lat="26.8467967" lon="75.7569750">
        <time>2022-03-12T17:02:47Z</time>
      </trkpt>
      <trkpt lat="26.8468100" lon="75.7569117">
        <time>2022-03-12T17:02:48Z</time>
      </trkpt>
      <trkpt lat="26.8468267" lon="75.7568383">
        <time>2022-03-12T17:02:49Z</time>
      </trkpt>
      <trkpt lat="26.8468417" lon="75.7567533">
        <time>2022-03-12T17:02:50Z</time>
      </trkpt>
      <trkpt lat="26.8468617" lon="75.7566617">
        <time>2022-03-12T17:02:51Z</time>
      </trkpt>
      <trkpt lat="26.8468800" lon="75.7565750">
        <time>2022-03-12T17:02:52Z</time>
      </trkpt>
      <trkpt lat="26.8468950" lon="75.7564917">
        <time>2022-03-12T17:02:53Z</time>
      </trkpt>
      <trkpt lat="26.8469150" lon="75.7564083">
        <time>2022-03-12T17:02:54Z</time>
      </trkpt>
      <trkpt lat="26.8469333" lon="75.7563217">
        <time>2022-03-12T17:02:55Z</time>
      </trkpt>
      <trkpt lat="26.8469383" lon="75.7562450">
        <time>2022-03-12T17:02:56Z</time>
      </trkpt>
      <trkpt lat="26.8469583" lon="75.7561550">
        <time>2022-03-12T17:02:57Z</time>
      </trkpt>
      <trkpt lat="26.8469833" lon="75.7560667">
        <time>2022-03-12T17:02:58Z</time>
      </trkpt>
      <trkpt lat="26.8470067" lon="75.7559767">
        <time>2022-03-12T17:02:59Z</time>
      </trkpt>
      <trkpt lat="26.8470383" lon="75.7558767">
        <time>2022-03-12T17:03:00Z</time>
      </trkpt>
      <trkpt lat="26.8470667" lon="75.7557850">
        <time>2022-03-12T17:03:01Z</time>
      </trkpt>
      <trkpt lat="26.8470900" lon="75.7556917">
        <time>2022-03-12T17:03:02Z</time>
      </trkpt>
      <trkpt lat="26.8471167" lon="75.7555983">
        <time>2022-03-12T17:03:03Z</time>
      </trkpt>
      <trkpt lat="26.8471450" lon="75.7554933">
        <time>2022-03-12T17:03:04Z</time>
      </trkpt>
      <trkpt lat="26.8471917" lon="75.7553800">
        <time>2022-03-12T17:03:05Z</time>
      </trkpt>
      <trkpt lat="26.8472417" lon="75.7552550">
        <time>2022-03-12T17:03:06Z</time>
      </trkpt>
      <trkpt lat="26.8472833" lon="75.7551283">
        <time>2022-03-12T17:03:07Z</time>
      </trkpt>
      <trkpt lat="26.8473250" lon="75.7550017">
        <time>2022-03-12T17:03:08Z</time>
      </trkpt>
      <trkpt lat="26.8473533" lon="75.7548800">
        <time>2022-03-12T17:03:09Z</time>
      </trkpt>
      <trkpt lat="26.8473950" lon="75.7547667">
        <time>2022-03-12T17:03:10Z</time>
      </trkpt>
      <trkpt lat="26.8474367" lon="75.7546300">
        <time>2022-03-12T17:03:11Z</time>
      </trkpt>
      <trkpt lat="26.8474600" lon="75.7545067">
        <time>2022-03-12T17:03:12Z</time>
      </trkpt>
      <trkpt lat="26.8474867" lon="75.7543783">
        <time>2022-03-12T17:03:13Z</time>
      </trkpt>
      <trkpt lat="26.8475167" lon="75.7542583">
        <time>2022-03-12T17:03:14Z</time>
      </trkpt>
      <trkpt lat="26.8475500" lon="75.7541333">
        <time>2022-03-12T17:03:15Z</time>
      </trkpt>
      <trkpt lat="26.8475750" lon="75.7540200">
        <time>2022-03-12T17:03:16Z</time>
      </trkpt>
      <trkpt lat="26.8476017" lon="75.7539167">
        <time>2022-03-12T17:03:17Z</time>
      </trkpt>
      <trkpt lat="26.8476233" lon="75.7538133">
        <time>2022-03-12T17:03:18Z</time>
      </trkpt>
      <trkpt lat="26.8476433" lon="75.7537133">
        <time>2022-03-12T17:03:19Z</time>
      </trkpt>
      <trkpt lat="26.8476600" lon="75.7536333">
        <time>2022-03-12T17:03:20Z</time>
      </trkpt>
      <trkpt lat="26.8476800" lon="75.7535550">
        <time>2022-03-12T17:03:21Z</time>
      </trkpt>
      <trkpt lat="26.8476867" lon="75.7534950">
        <time>2022-03-12T17:03:22Z</time>
      </trkpt>
      <trkpt lat="26.8476983" lon="75.7534483">
        <time>2022-03-12T17:03:23Z</time>
      </trkpt>
      <trkpt lat="26.8477083" lon="75.7534200">
        <time>2022-03-12T17:03:24Z</time>
      </trkpt>
      <trkpt lat="26.8477133" lon="75.7533967">
        <time>2022-03-12T17:03:25Z</time>
      </trkpt>
      <trkpt lat="26.8477167" lon="75.7533767">
        <time>2022-03-12T17:03:26Z</time>
      </trkpt>
      <trkpt lat="26.8477283" lon="75.7533500">
        <time>2022-03-12T17:03:27Z</time>
      </trkpt>
      <trkpt lat="26.8477433" lon="75.7533100">
        <time>2022-03-12T17:03:28Z</time>
      </trkpt>
      <trkpt lat="26.8477550" lon="75.7532717">
        <time>2022-03-12T17:03:29Z</time>
      </trkpt>
      <trkpt lat="26.8477633" lon="75.7532350">
        <time>2022-03-12T17:03:30Z</time>
      </trkpt>
      <trkpt lat="26.8477683" lon="75.7531983">
        <time>2022-03-12T17:03:31Z</time>
      </trkpt>
      <trkpt lat="26.8477783" lon="75.7531600">
        <time>2022-03-12T17:03:32Z</time>
      </trkpt>
      <trkpt lat="26.8477867" lon="75.7531217">
        <time>2022-03-12T17:03:33Z</time>
      </trkpt>
      <trkpt lat="26.8477933" lon="75.7530783">
        <time>2022-03-12T17:03:34Z</time>
      </trkpt>
      <trkpt lat="26.8477983" lon="75.7530400">
        <time>2022-03-12T17:03:35Z</time>
      </trkpt>
      <trkpt lat="26.8478117" lon="75.7529917">
        <time>2022-03-12T17:03:36Z</time>
      </trkpt>
      <trkpt lat="26.8478300" lon="75.7529433">
        <time>2022-03-12T17:03:37Z</time>
      </trkpt>
      <trkpt lat="26.8478467" lon="75.7528950">
        <time>2022-03-12T17:03:38Z</time>
      </trkpt>
      <trkpt lat="26.8478550" lon="75.7528583">
        <time>2022-03-12T17:03:39Z</time>
      </trkpt>
      <trkpt lat="26.8478617" lon="75.7528250">
        <time>2022-03-12T17:03:40Z</time>
      </trkpt>
      <trkpt lat="26.8478750" lon="75.7527867">
        <time>2022-03-12T17:03:41Z</time>
      </trkpt>
      <trkpt lat="26.8478750" lon="75.7527583">
        <time>2022-03-12T17:03:42Z</time>
      </trkpt>
      <trkpt lat="26.8478767" lon="75.7527283">
        <time>2022-03-12T17:03:43Z</time>
      </trkpt>
      <trkpt lat="26.8478833" lon="75.7527067">
        <time>2022-03-12T17:03:44Z</time>
      </trkpt>
      <trkpt lat="26.8478933" lon="75.7526767">
        <time>2022-03-12T17:03:45Z</time>
      </trkpt>
      <trkpt lat="26.8479150" lon="75.7526500">
        <time>2022-03-12T17:03:46Z</time>
      </trkpt>
      <trkpt lat="26.8479400" lon="75.7526317">
        <time>2022-03-12T17:03:47Z</time>
      </trkpt>
      <trkpt lat="26.8479733" lon="75.7526233">
        <time>2022-03-12T17:03:48Z</time>
      </trkpt>
      <trkpt lat="26.8480033" lon="75.7526217">
        <time>2022-03-12T17:03:49Z</time>
      </trkpt>
      <trkpt lat="26.8480250" lon="75.7526100">
        <time>2022-03-12T17:03:50Z</time>
      </trkpt>
      <trkpt lat="26.8480383" lon="75.7526067">
        <time>2022-03-12T17:03:51Z</time>
      </trkpt>
      <trkpt lat="26.8480567" lon="75.7526067">
        <time>2022-03-12T17:03:52Z</time>
      </trkpt>
      <trkpt lat="26.8480833" lon="75.7526117">
        <time>2022-03-12T17:03:53Z</time>
      </trkpt>
      <trkpt lat="26.8481167" lon="75.7526200">
        <time>2022-03-12T17:03:54Z</time>
      </trkpt>
      <trkpt lat="26.8481617" lon="75.7526283">
        <time>2022-03-12T17:03:55Z</time>
      </trkpt>
      <trkpt lat="26.8482217" lon="75.7526533">
        <time>2022-03-12T17:03:56Z</time>
      </trkpt>
      <trkpt lat="26.8482833" lon="75.7526700">
        <time>2022-03-12T17:03:57Z</time>
      </trkpt>
      <trkpt lat="26.8483467" lon="75.7526917">
        <time>2022-03-12T17:03:58Z</time>
      </trkpt>
      <trkpt lat="26.8484083" lon="75.7527200">
        <time>2022-03-12T17:03:59Z</time>
      </trkpt>
      <trkpt lat="26.8484850" lon="75.7527567">
        <time>2022-03-12T17:04:00Z</time>
      </trkpt>
      <trkpt lat="26.8485533" lon="75.7527883">
        <time>2022-03-12T17:04:01Z</time>
      </trkpt>
      <trkpt lat="26.8486217" lon="75.7528250">
        <time>2022-03-12T17:04:02Z</time>
      </trkpt>
      <trkpt lat="26.8486900" lon="75.7528717">
        <time>2022-03-12T17:04:03Z</time>
      </trkpt>
      <trkpt lat="26.8487650" lon="75.7529233">
        <time>2022-03-12T17:04:04Z</time>
      </trkpt>
      <trkpt lat="26.8488450" lon="75.7529833">
        <time>2022-03-12T17:04:05Z</time>
      </trkpt>
      <trkpt lat="26.8489283" lon="75.7530567">
        <time>2022-03-12T17:04:06Z</time>
      </trkpt>
      <trkpt lat="26.8490117" lon="75.7531250">
        <time>2022-03-12T17:04:07Z</time>
      </trkpt>
      <trkpt lat="26.8490967" lon="75.7532000">
        <time>2022-03-12T17:04:08Z</time>
      </trkpt>
      <trkpt lat="26.8491867" lon="75.7532783">
        <time>2022-03-12T17:04:09Z</time>
      </trkpt>
      <trkpt lat="26.8492833" lon="75.7533583">
        <time>2022-03-12T17:04:10Z</time>
      </trkpt>
      <trkpt lat="26.8493767" lon="75.7534317">
        <time>2022-03-12T17:04:11Z</time>
      </trkpt>
      <trkpt lat="26.8494633" lon="75.7535083">
        <time>2022-03-12T17:04:12Z</time>
      </trkpt>
      <trkpt lat="26.8495517" lon="75.7535767">
        <time>2022-03-12T17:04:13Z</time>
      </trkpt>
      <trkpt lat="26.8496367" lon="75.7536483">
        <time>2022-03-12T17:04:14Z</time>
      </trkpt>
      <trkpt lat="26.8497200" lon="75.7537183">
        <time>2022-03-12T17:04:15Z</time>
      </trkpt>
      <trkpt lat="26.8498033" lon="75.7537900">
        <time>2022-03-12T17:04:16Z</time>
      </trkpt>
      <trkpt lat="26.8498933" lon="75.7538667">
        <time>2022-03-12T17:04:17Z</time>
      </trkpt>
      <trkpt lat="26.8499683" lon="75.7539400">
        <time>2022-03-12T17:04:18Z</time>
      </trkpt>
      <trkpt lat="26.8500450" lon="75.7540067">
        <time>2022-03-12T17:04:19Z</time>
      </trkpt>
      <trkpt lat="26.8501117" lon="75.7540667">
        <time>2022-03-12T17:04:20Z</time>
      </trkpt>
      <trkpt lat="26.8501767" lon="75.7541183">
        <time>2022-03-12T17:04:21Z</time>
      </trkpt>
      <trkpt lat="26.8502500" lon="75.7541767">
        <time>2022-03-12T17:04:22Z</time>
      </trkpt>
      <trkpt lat="26.8503267" lon="75.7542483">
        <time>2022-03-12T17:04:23Z</time>
      </trkpt>
      <trkpt lat="26.8504017" lon="75.7543250">
        <time>2022-03-12T17:04:24Z</time>
      </trkpt>
      <trkpt lat="26.8504817" lon="75.7543933">
        <time>2022-03-12T17:04:25Z</time>
      </trkpt>
      <trkpt lat="26.8505667" lon="75.7544700">
        <time>2022-03-12T17:04:26Z</time>
      </trkpt>
      <trkpt lat="26.8506483" lon="75.7545483">
        <time>2022-03-12T17:04:27Z</time>
      </trkpt>
      <trkpt lat="26.8507267" lon="75.7546217">
        <time>2022-03-12T17:04:28Z</time>
      </trkpt>
      <trkpt lat="26.8508050" lon="75.7546983">
        <time>2022-03-12T17:04:29Z</time>
      </trkpt>
      <trkpt lat="26.8508900" lon="75.7547750">
        <time>2022-03-12T17:04:30Z</time>
      </trkpt>
      <trkpt lat="26.8509783" lon="75.7548483">
        <time>2022-03-12T17:04:31Z</time>
      </trkpt>
      <trkpt lat="26.8510600" lon="75.7549117">
        <time>2022-03-12T17:04:32Z</time>
      </trkpt>
      <trkpt lat="26.8511400" lon="75.7549867">
        <time>2022-03-12T17:04:33Z</time>
      </trkpt>
      <trkpt lat="26.8512267" lon="75.7550700">
        <time>2022-03-12T17:04:34Z</time>
      </trkpt>
      <trkpt lat="26.8513167" lon="75.7551400">
        <time>2022-03-12T17:04:35Z</time>
      </trkpt>
      <trkpt lat="26.8514117" lon="75.7552200">
        <time>2022-03-12T17:04:36Z</time>
      </trkpt>
      <trkpt lat="26.8515033" lon="75.7552967">
        <time>2022-03-12T17:04:37Z</time>
      </trkpt>
      <trkpt lat="26.8515850" lon="75.7553667">
        <time>2022-03-12T17:04:38Z</time>
      </trkpt>
      <trkpt lat="26.8516733" lon="75.7554400">
        <time>2022-03-12T17:04:39Z</time>
      </trkpt>
      <trkpt lat="26.8517550" lon="75.7555100">
        <time>2022-03-12T17:04:40Z</time>
      </trkpt>
      <trkpt lat="26.8518467" lon="75.7555750">
        <time>2022-03-12T17:04:41Z</time>
      </trkpt>
      <trkpt lat="26.8519333" lon="75.7556367">
        <time>2022-03-12T17:04:42Z</time>
      </trkpt>
      <trkpt lat="26.8520333" lon="75.7556883">
        <time>2022-03-12T17:04:43Z</time>
      </trkpt>
      <trkpt lat="26.8521317" lon="75.7557267">
        <time>2022-03-12T17:04:44Z</time>
      </trkpt>
      <trkpt lat="26.8522200" lon="75.7557633">
        <time>2022-03-12T17:04:45Z</time>
      </trkpt>
      <trkpt lat="26.8523150" lon="75.7557867">
        <time>2022-03-12T17:04:46Z</time>
      </trkpt>
      <trkpt lat="26.8524067" lon="75.7557850">
        <time>2022-03-12T17:04:47Z</time>
      </trkpt>
      <trkpt lat="26.8524967" lon="75.7557733">
        <time>2022-03-12T17:04:48Z</time>
      </trkpt>
      <trkpt lat="26.8525867" lon="75.7557617">
        <time>2022-03-12T17:04:49Z</time>
      </trkpt>
      <trkpt lat="26.8526817" lon="75.7557517">
        <time>2022-03-12T17:04:50Z</time>
      </trkpt>
      <trkpt lat="26.8527883" lon="75.7557467">
        <time>2022-03-12T17:04:51Z</time>
      </trkpt>
      <trkpt lat="26.8528983" lon="75.7557483">
        <time>2022-03-12T17:04:52Z</time>
      </trkpt>
      <trkpt lat="26.8530000" lon="75.7557733">
        <time>2022-03-12T17:04:53Z</time>
      </trkpt>
      <trkpt lat="26.8530933" lon="75.7558133">
        <time>2022-03-12T17:04:54Z</time>
      </trkpt>
      <trkpt lat="26.8531983" lon="75.7558483">
        <time>2022-03-12T17:04:55Z</time>
      </trkpt>
      <trkpt lat="26.8532933" lon="75.7559067">
        <time>2022-03-12T17:04:56Z</time>
      </trkpt>
      <trkpt lat="26.8533817" lon="75.7559650">
        <time>2022-03-12T17:04:57Z</time>
      </trkpt>
      <trkpt lat="26.8534733" lon="75.7560367">
        <time>2022-03-12T17:04:58Z</time>
      </trkpt>
      <trkpt lat="26.8535633" lon="75.7561000">
        <time>2022-03-12T17:04:59Z</time>
      </trkpt>
      <trkpt lat="26.8536533" lon="75.7561667">
        <time>2022-03-12T17:05:00Z</time>
      </trkpt>
      <trkpt lat="26.8537383" lon="75.7562383">
        <time>2022-03-12T17:05:01Z</time>
      </trkpt>
      <trkpt lat="26.8538183" lon="75.7563033">
        <time>2022-03-12T17:05:02Z</time>
      </trkpt>
      <trkpt lat="26.8539033" lon="75.7563667">
        <time>2022-03-12T17:05:03Z</time>
      </trkpt>
      <trkpt lat="26.8539783" lon="75.7564233">
        <time>2022-03-12T17:05:04Z</time>
      </trkpt>
      <trkpt lat="26.8540533" lon="75.7564700">
        <time>2022-03-12T17:05:05Z</time>
      </trkpt>
      <trkpt lat="26.8541267" lon="75.7565233">
        <time>2022-03-12T17:05:06Z</time>
      </trkpt>
      <trkpt lat="26.8542017" lon="75.7565833">
        <time>2022-03-12T17:05:07Z</time>
      </trkpt>
      <trkpt lat="26.8542800" lon="75.7566483">
        <time>2022-03-12T17:05:08Z</time>
      </trkpt>
      <trkpt lat="26.8543617" lon="75.7567067">
        <time>2022-03-12T17:05:09Z</time>
      </trkpt>
      <trkpt lat="26.8544317" lon="75.7567633">
        <time>2022-03-12T17:05:10Z</time>
      </trkpt>
      <trkpt lat="26.8545067" lon="75.7568267">
        <time>2022-03-12T17:05:11Z</time>
      </trkpt>
      <trkpt lat="26.8545817" lon="75.7568933">
        <time>2022-03-12T17:05:12Z</time>
      </trkpt>
      <trkpt lat="26.8546617" lon="75.7569567">
        <time>2022-03-12T17:05:13Z</time>
      </trkpt>
      <trkpt lat="26.8547433" lon="75.7570200">
        <time>2022-03-12T17:05:14Z</time>
      </trkpt>
      <trkpt lat="26.8548150" lon="75.7570767">
        <time>2022-03-12T17:05:15Z</time>
      </trkpt>
      <trkpt lat="26.8548867" lon="75.7571350">
        <time>2022-03-12T17:05:16Z</time>
      </trkpt>
      <trkpt lat="26.8549733" lon="75.7571983">
        <time>2022-03-12T17:05:17Z</time>
      </trkpt>
      <trkpt lat="26.8550650" lon="75.7572600">
        <time>2022-03-12T17:05:18Z</time>
      </trkpt>
      <trkpt lat="26.8551500" lon="75.7573200">
        <time>2022-03-12T17:05:19Z</time>
      </trkpt>
      <trkpt lat="26.8552383" lon="75.7573833">
        <time>2022-03-12T17:05:20Z</time>
      </trkpt>
      <trkpt lat="26.8553283" lon="75.7574517">
        <time>2022-03-12T17:05:21Z</time>
      </trkpt>
      <trkpt lat="26.8554200" lon="75.7575217">
        <time>2022-03-12T17:05:22Z</time>
      </trkpt>
      <trkpt lat="26.8555150" lon="75.7575933">
        <time>2022-03-12T17:05:23Z</time>
      </trkpt>
      <trkpt lat="26.8556067" lon="75.7576550">
        <time>2022-03-12T17:05:24Z</time>
      </trkpt>
      <trkpt lat="26.8557050" lon="75.7577150">
        <time>2022-03-12T17:05:25Z</time>
      </trkpt>
      <trkpt lat="26.8557983" lon="75.7577783">
        <time>2022-03-12T17:05:26Z</time>
      </trkpt>
      <trkpt lat="26.8558767" lon="75.7578350">
        <time>2022-03-12T17:05:27Z</time>
      </trkpt>
      <trkpt lat="26.8559467" lon="75.7579017">
        <time>2022-03-12T17:05:28Z</time>
      </trkpt>
      <trkpt lat="26.8560083" lon="75.7579483">
        <time>2022-03-12T17:05:29Z</time>
      </trkpt>
      <trkpt lat="26.8560717" lon="75.7579917">
        <time>2022-03-12T17:05:30Z</time>
      </trkpt>
      <trkpt lat="26.8561317" lon="75.7580333">
        <time>2022-03-12T17:05:31Z</time>
      </trkpt>
      <trkpt lat="26.8561800" lon="75.7580700">
        <time>2022-03-12T17:05:32Z</time>
      </trkpt>
      <trkpt lat="26.8562250" lon="75.7581017">
        <time>2022-03-12T17:05:33Z</time>
      </trkpt>
      <trkpt lat="26.8562650" lon="75.7581350">
        <time>2022-03-12T17:05:34Z</time>
      </trkpt>
      <trkpt lat="26.8563000" lon="75.7581583">
        <time>2022-03-12T17:05:35Z</time>
      </trkpt>
      <trkpt lat="26.8563233" lon="75.7581750">
        <time>2022-03-12T17:05:36Z</time>
      </trkpt>
      <trkpt lat="26.8563350" lon="75.7581850">
        <time>2022-03-12T17:05:37Z</time>
      </trkpt>
      <trkpt lat="26.8563350" lon="75.7581900">
        <time>2022-03-12T17:05:38Z</time>
      </trkpt>
      <trkpt lat="26.8563267" lon="75.7581800">
        <time>2022-03-12T17:05:39Z</time>
      </trkpt>
      <trkpt lat="26.8563233" lon="75.7581767">
        <time>2022-03-12T17:05:40Z</time>
      </trkpt>
      <trkpt lat="26.8563233" lon="75.7581767">
        <time>2022-03-12T17:05:41Z</time>
      </trkpt>
      <trkpt lat="26.8563233" lon="75.7581767">
        <time>2022-03-12T17:05:42Z</time>
      </trkpt>
      <trkpt lat="26.8563233" lon="75.7581767">
        <time>2022-03-12T17:05:43Z</time>
      </trkpt>
      <trkpt lat="26.8563233" lon="75.7581767">
        <time>2022-03-12T17:05:44Z</time>
      </trkpt>
      <trkpt lat="26.8563233" lon="75.7581767">
        <time>2022-03-12T17:05:45Z</time>
      </trkpt>
      <trkpt lat="26.8563233" lon="75.7581767">
        <time>2022-03-12T17:05:46Z</time>
      </trkpt>
      <trkpt lat="26.8563233" lon="75.7581767">
        <time>2022-03-12T17:05:47Z</time>
      </trkpt>
      <trkpt lat="26.8563233" lon="75.7581767">
        <time>2022-03-12T17:05:48Z</time>
      </trkpt>
      <trkpt lat="26.8563233" lon="75.7581767">
        <time>2022-03-12T17:05:49Z</time>
      </trkpt>
      <trkpt lat="26.8563233" lon="75.7581767">
        <time>2022-03-12T17:05:50Z</time>
      </trkpt>
      <trkpt lat="26.8563233" lon="75.7581767">
        <time>2022-03-12T17:05:51Z</time>
      </trkpt>
      <trkpt lat="26.8563233" lon="75.7581767">
        <time>2022-03-12T17:05:52Z</time>
      </trkpt>
      <trkpt lat="26.8563233" lon="75.7581767">
        <time>2022-03-12T17:05:53Z</time>
      </trkpt>
      <trkpt lat="26.8563233" lon="75.7581767">
        <time>2022-03-12T17:05:54Z</time>
      </trkpt>
      <trkpt lat="26.8563233" lon="75.7581767">
        <time>2022-03-12T17:05:55Z</time>
      </trkpt>
      <trkpt lat="26.8563233" lon="75.7581767">
        <time>2022-03-12T17:05:56Z</time>
      </trkpt>
      <trkpt lat="26.8563233" lon="75.7581767">
        <time>2022-03-12T17:05:57Z</time>
      </trkpt>
      <trkpt lat="26.8563233" lon="75.7581767">
        <time>2022-03-12T17:05:58Z</time>
      </trkpt>
      <trkpt lat="26.8563233" lon="75.7581767">
        <time>2022-03-12T17:05:59Z</time>
      </trkpt>
      <trkpt lat="26.8563233" lon="75.7581767">
        <time>2022-03-12T17:06:00Z</time>
      </trkpt>
      <trkpt lat="26.8563233" lon="75.7581767">
        <time>2022-03-12T17:06:01Z</time>
      </trkpt>
      <trkpt lat="26.8563233" lon="75.7581767">
        <time>2022-03-12T17:06:02Z</time>
      </trkpt>
      <trkpt lat="26.8563233" lon="75.7581767">
        <time>2022-03-12T17:06:03Z</time>
      </trkpt>
      <trkpt lat="26.8563233" lon="75.7581767">
        <time>2022-03-12T17:06:04Z</time>
      </trkpt>
      <trkpt lat="26.8563233" lon="75.7581767">
        <time>2022-03-12T17:06:05Z</time>
      </trkpt>
      <trkpt lat="26.8563233" lon="75.7581767">
        <time>2022-03-12T17:06:06Z</time>
      </trkpt>
      <trkpt lat="26.8563233" lon="75.7581767">
        <time>2022-03-12T17:06:07Z</time>
      </trkpt>
      <trkpt lat="26.8563233" lon="75.7581767">
        <time>2022-03-12T17:06:08Z</time>
      </trkpt>
      <trkpt lat="26.8563233" lon="75.7581767">
        <time>2022-03-12T17:06:09Z</time>
      </trkpt>
      <trkpt lat="26.8563233" lon="75.7581767">
        <time>2022-03-12T17:06:10Z</time>
      </trkpt>
    </trkseg>
  </trk>
  <trk>
    <name>2022_03_11_22_34_35_2022_03_11_22_34_35.gpx</name>
    <desc>driving</desc>
    <url>/user/abhimanyu003/traces/4176567</url>
    <trkseg>
      <trkpt lat="26.8656383" lon="75.7858083">
        <time>2022-03-11T17:04:42Z</time>
      </trkpt>
      <trkpt lat="26.8656467" lon="75.7858867">
        <time>2022-03-11T17:04:43Z</time>
      </trkpt>
      <trkpt lat="26.8655700" lon="75.7860117">
        <time>2022-03-11T17:04:44Z</time>
      </trkpt>
      <trkpt lat="26.8655433" lon="75.7861517">
        <time>2022-03-11T17:04:45Z</time>
      </trkpt>
      <trkpt lat="26.8654650" lon="75.7862183">
        <time>2022-03-11T17:04:46Z</time>
      </trkpt>
      <trkpt lat="26.8653850" lon="75.7862950">
        <time>2022-03-11T17:04:47Z</time>
      </trkpt>
      <trkpt lat="26.8653383" lon="75.7863733">
        <time>2022-03-11T17:04:48Z</time>
      </trkpt>
      <trkpt lat="26.8653383" lon="75.7863733">
        <time>2022-03-11T17:04:48Z</time>
      </trkpt>
      <trkpt lat="26.8652717" lon="75.7864450">
        <time>2022-03-11T17:04:49Z</time>
      </trkpt>
      <trkpt lat="26.8652017" lon="75.7865150">
        <time>2022-03-11T17:04:50Z</time>
      </trkpt>
      <trkpt lat="26.8650833" lon="75.7866583">
        <time>2022-03-11T17:04:52Z</time>
      </trkpt>
      <trkpt lat="26.8650483" lon="75.7867550">
        <time>2022-03-11T17:04:53Z</time>
      </trkpt>
      <trkpt lat="26.8649950" lon="75.7868433">
        <time>2022-03-11T17:04:54Z</time>
      </trkpt>
      <trkpt lat="26.8649367" lon="75.7869383">
        <time>2022-03-11T17:04:55Z</time>
      </trkpt>
      <trkpt lat="26.8648717" lon="75.7870283">
        <time>2022-03-11T17:04:56Z</time>
      </trkpt>
      <trkpt lat="26.8648200" lon="75.7871250">
        <time>2022-03-11T17:04:57Z</time>
      </trkpt>
      <trkpt lat="26.8647617" lon="75.7872283">
        <time>2022-03-11T17:04:58Z</time>
      </trkpt>
      <trkpt lat="26.8647167" lon="75.7873417">
        <time>2022-03-11T17:04:59Z</time>
      </trkpt>
      <trkpt lat="26.8646783" lon="75.7874633">
        <time>2022-03-11T17:05:00Z</time>
      </trkpt>
      <trkpt lat="26.8646450" lon="75.7875767">
        <time>2022-03-11T17:05:01Z</time>
      </trkpt>
      <trkpt lat="26.8646083" lon="75.7876900">
        <time>2022-03-11T17:05:02Z</time>
      </trkpt>
      <trkpt lat="26.8645683" lon="75.7878050">
        <time>2022-03-11T17:05:03Z</time>
      </trkpt>
      <trkpt lat="26.8645317" lon="75.7879267">
        <time>2022-03-11T17:05:04Z</time>
      </trkpt>
      <trkpt lat="26.8645017" lon="75.7880533">
        <time>2022-03-11T17:05:05Z</time>
      </trkpt>
      <trkpt lat="26.8644617" lon="75.7881767">
        <time>2022-03-11T17:05:06Z</time>
      </trkpt>
      <trkpt lat="26.8644233" lon="75.7882950">
        <time>2022-03-11T17:05:07Z</time>
      </trkpt>
      <trkpt lat="26.8643850" lon="75.7884083">
        <time>2022-03-11T17:05:08Z</time>
      </trkpt>
      <trkpt lat="26.8643517" lon="75.7885150">
        <time>2022-03-11T17:05:09Z</time>
      </trkpt>
      <trkpt lat="26.8643183" lon="75.7886167">
        <time>2022-03-11T17:05:10Z</time>
      </trkpt>
      <trkpt lat="26.8642850" lon="75.7887233">
        <time>2022-03-11T17:05:11Z</time>
      </trkpt>
      <trkpt lat="26.8642500" lon="75.7888250">
        <time>2022-03-11T17:05:12Z</time>
      </trkpt>
      <trkpt lat="26.8642167" lon="75.7889317">
        <time>2022-03-11T17:05:13Z</time>
      </trkpt>
      <trkpt lat="26.8641800" lon="75.7890400">
        <time>2022-03-11T17:05:14Z</time>
      </trkpt>
      <trkpt lat="26.8641483" lon="75.7891517">
        <time>2022-03-11T17:05:15Z</time>
      </trkpt>
      <trkpt lat="26.8641100" lon="75.7892633">
        <time>2022-03-11T17:05:16Z</time>
      </trkpt>
      <trkpt lat="26.8640717" lon="75.7893683">
        <time>2022-03-11T17:05:17Z</time>
      </trkpt>
      <trkpt lat="26.8640367" lon="75.7894883">
        <time>2022-03-11T17:05:18Z</time>
      </trkpt>
      <trkpt lat="26.8640017" lon="75.7896100">
        <time>2022-03-11T17:05:19Z</time>
      </trkpt>
      <trkpt lat="26.8639650" lon="75.7897317">
        <time>2022-03-11T17:05:20Z</time>
      </trkpt>
      <trkpt lat="26.8639250" lon="75.7898500">
        <time>2022-03-11T17:05:21Z</time>
      </trkpt>
      <trkpt lat="26.8638800" lon="75.7899833">
        <time>2022-03-11T17:05:22Z</time>
      </trkpt>
      <trkpt lat="26.8638317" lon="75.7901167">
        <time>2022-03-11T17:05:23Z</time>
      </trkpt>
      <trkpt lat="26.8637867" lon="75.7902450">
        <time>2022-03-11T17:05:24Z</time>
      </trkpt>
      <trkpt lat="26.8637533" lon="75.7903817">
        <time>2022-03-11T17:05:25Z</time>
      </trkpt>
      <trkpt lat="26.8637150" lon="75.7905050">
        <time>2022-03-11T17:05:26Z</time>
      </trkpt>
      <trkpt lat="26.8636750" lon="75.7906250">
        <time>2022-03-11T17:05:27Z</time>
      </trkpt>
      <trkpt lat="26.8636383" lon="75.7907400">
        <time>2022-03-11T17:05:28Z</time>
      </trkpt>
      <trkpt lat="26.8635967" lon="75.7908567">
        <time>2022-03-11T17:05:29Z</time>
      </trkpt>
      <trkpt lat="26.8635500" lon="75.7909633">
        <time>2022-03-11T17:05:30Z</time>
      </trkpt>
      <trkpt lat="26.8635017" lon="75.7910750">
        <time>2022-03-11T17:05:31Z</time>
      </trkpt>
      <trkpt lat="26.8634717" lon="75.7911950">
        <time>2022-03-11T17:05:32Z</time>
      </trkpt>
      <trkpt lat="26.8634383" lon="75.7913117">
        <time>2022-03-11T17:05:33Z</time>
      </trkpt>
      <trkpt lat="26.8634033" lon="75.7914300">
        <time>2022-03-11T17:05:34Z</time>
      </trkpt>
      <trkpt lat="26.8633667" lon="75.7915550">
        <time>2022-03-11T17:05:35Z</time>
      </trkpt>
      <trkpt lat="26.8633283" lon="75.7916833">
        <time>2022-03-11T17:05:36Z</time>
      </trkpt>
      <trkpt lat="26.8632883" lon="75.7918033">
        <time>2022-03-11T17:05:37Z</time>
      </trkpt>
      <trkpt lat="26.8632550" lon="75.7919250">
        <time>2022-03-11T17:05:38Z</time>
      </trkpt>
      <trkpt lat="26.8632183" lon="75.7920450">
        <time>2022-03-11T17:05:39Z</time>
      </trkpt>
      <trkpt lat="26.8631867" lon="75.7921533">
        <time>2022-03-11T17:05:40Z</time>
      </trkpt>
      <trkpt lat="26.8631550" lon="75.7922617">
        <time>2022-03-11T17:05:41Z</time>
      </trkpt>
      <trkpt lat="26.8631200" lon="75.7923617">
        <time>2022-03-11T17:05:42Z</time>
      </trkpt>
      <trkpt lat="26.8630833" lon="75.7924533">
        <time>2022-03-11T17:05:43Z</time>
      </trkpt>
      <trkpt lat="26.8630517" lon="75.7925533">
        <time>2022-03-11T17:05:44Z</time>
      </trkpt>
      <trkpt lat="26.8630167" lon="75.7926533">
        <time>2022-03-11T17:05:45Z</time>
      </trkpt>
      <trkpt lat="26.8629867" lon="75.7927550">
        <time>2022-03-11T17:05:46Z</time>
      </trkpt>
      <trkpt lat="26.8629533" lon="75.7928533">
        <time>2022-03-11T17:05:47Z</time>
      </trkpt>
      <trkpt lat="26.8629200" lon="75.7929633">
        <time>2022-03-11T17:05:48Z</time>
      </trkpt>
      <trkpt lat="26.8628933" lon="75.7930900">
        <time>2022-03-11T17:05:49Z</time>
      </trkpt>
      <trkpt lat="26.8628683" lon="75.7932183">
        <time>2022-03-11T17:05:50Z</time>
      </trkpt>
      <trkpt lat="26.8628450" lon="75.7933567">
        <time>2022-03-11T17:05:51Z</time>
      </trkpt>
      <trkpt lat="26.8628183" lon="75.7934933">
        <time>2022-03-11T17:05:52Z</time>
      </trkpt>
      <trkpt lat="26.8627983" lon="75.7936367">
        <time>2022-03-11T17:05:53Z</time>
      </trkpt>
      <trkpt lat="26.8627850" lon="75.7937850">
        <time>2022-03-11T17:05:54Z</time>
      </trkpt>
      <trkpt lat="26.8627683" lon="75.7939317">
        <time>2022-03-11T17:05:55Z</time>
      </trkpt>
      <trkpt lat="26.8627550" lon="75.7940683">
        <time>2022-03-11T17:05:56Z</time>
      </trkpt>
      <trkpt lat="26.8627383" lon="75.7941967">
        <time>2022-03-11T17:05:57Z</time>
      </trkpt>
      <trkpt lat="26.8627217" lon="75.7943233">
        <time>2022-03-11T17:05:58Z</time>
      </trkpt>
      <trkpt lat="26.8627033" lon="75.7944383">
        <time>2022-03-11T17:05:59Z</time>
      </trkpt>
      <trkpt lat="26.8626917" lon="75.7945683">
        <time>2022-03-11T17:06:00Z</time>
      </trkpt>
      <trkpt lat="26.8626800" lon="75.7946817">
        <time>2022-03-11T17:06:01Z</time>
      </trkpt>
      <trkpt lat="26.8626667" lon="75.7947950">
        <time>2022-03-11T17:06:02Z</time>
      </trkpt>
      <trkpt lat="26.8626483" lon="75.7949083">
        <time>2022-03-11T17:06:03Z</time>
      </trkpt>
      <trkpt lat="26.8626333" lon="75.7950267">
        <time>2022-03-11T17:06:04Z</time>
      </trkpt>
      <trkpt lat="26.8626183" lon="75.7951467">
        <time>2022-03-11T17:06:05Z</time>
      </trkpt>
      <trkpt lat="26.8626050" lon="75.7952583">
        <time>2022-03-11T17:06:06Z</time>
      </trkpt>
      <trkpt lat="26.8625900" lon="75.7953733">
        <time>2022-03-11T17:06:07Z</time>
      </trkpt>
      <trkpt lat="26.8625783" lon="75.7954867">
        <time>2022-03-11T17:06:08Z</time>
      </trkpt>
      <trkpt lat="26.8625650" lon="75.7955867">
        <time>2022-03-11T17:06:09Z</time>
      </trkpt>
      <trkpt lat="26.8625483" lon="75.7956800">
        <time>2022-03-11T17:06:10Z</time>
      </trkpt>
      <trkpt lat="26.8625367" lon="75.7957650">
        <time>2022-03-11T17:06:11Z</time>
      </trkpt>
      <trkpt lat="26.8625283" lon="75.7958450">
        <time>2022-03-11T17:06:12Z</time>
      </trkpt>
      <trkpt lat="26.8625250" lon="75.7959167">
        <time>2022-03-11T17:06:13Z</time>
      </trkpt>
      <trkpt lat="26.8625233" lon="75.7959917">
        <time>2022-03-11T17:06:14Z</time>
      </trkpt>
      <trkpt lat="26.8625183" lon="75.7960883">
        <time>2022-03-11T17:06:15Z</time>
      </trkpt>
      <trkpt lat="26.8625100" lon="75.7961750">
        <time>2022-03-11T17:06:16Z</time>
      </trkpt>
      <trkpt lat="26.8625017" lon="75.7962700">
        <time>2022-03-11T17:06:17Z</time>
      </trkpt>
      <trkpt lat="26.8624883" lon="75.7963700">
        <time>2022-03-11T17:06:18Z</time>
      </trkpt>
      <trkpt lat="26.8624733" lon="75.7964717">
        <time>2022-03-11T17:06:19Z</time>
      </trkpt>
      <trkpt lat="26.8624483" lon="75.7965767">
        <time>2022-03-11T17:06:20Z</time>
      </trkpt>
      <trkpt lat="26.8624150" lon="75.7966850">
        <time>2022-03-11T17:06:21Z</time>
      </trkpt>
      <trkpt lat="26.8623917" lon="75.7968050">
        <time>2022-03-11T17:06:22Z</time>
      </trkpt>
      <trkpt lat="26.8623767" lon="75.7969200">
        <time>2022-03-11T17:06:23Z</time>
      </trkpt>
      <trkpt lat="26.8623617" lon="75.7970433">
        <time>2022-03-11T17:06:24Z</time>
      </trkpt>
      <trkpt lat="26.8623500" lon="75.7971833">
        <time>2022-03-11T17:06:25Z</time>
      </trkpt>
      <trkpt lat="26.8623300" lon="75.7973150">
        <time>2022-03-11T17:06:26Z</time>
      </trkpt>
      <trkpt lat="26.8623183" lon="75.7974517">
        <time>2022-03-11T17:06:27Z</time>
      </trkpt>
      <trkpt lat="26.8623000" lon="75.7975900">
        <time>2022-03-11T17:06:28Z</time>
      </trkpt>
      <trkpt lat="26.8622950" lon="75.7977300">
        <time>2022-03-11T17:06:29Z</time>
      </trkpt>
      <trkpt lat="26.8623033" lon="75.7978617">
        <time>2022-03-11T17:06:30Z</time>
      </trkpt>
      <trkpt lat="26.8623117" lon="75.7980017">
        <time>2022-03-11T17:06:31Z</time>
      </trkpt>
      <trkpt lat="26.8623367" lon="75.7981417">
        <time>2022-03-11T17:06:32Z</time>
      </trkpt>
      <trkpt lat="26.8623783" lon="75.7982700">
        <time>2022-03-11T17:06:33Z</time>
      </trkpt>
      <trkpt lat="26.8624283" lon="75.7984100">
        <time>2022-03-11T17:06:34Z</time>
      </trkpt>
      <trkpt lat="26.8624833" lon="75.7985450">
        <time>2022-03-11T17:06:35Z</time>
      </trkpt>
      <trkpt lat="26.8625550" lon="75.7986717">
        <time>2022-03-11T17:06:36Z</time>
      </trkpt>
      <trkpt lat="26.8626450" lon="75.7987800">
        <time>2022-03-11T17:06:37Z</time>
      </trkpt>
      <trkpt lat="26.8627433" lon="75.7988917">
        <time>2022-03-11T17:06:38Z</time>
      </trkpt>
      <trkpt lat="26.8628383" lon="75.7990000">
        <time>2022-03-11T17:06:39Z</time>
      </trkpt>
      <trkpt lat="26.8629367" lon="75.7991000">
        <time>2022-03-11T17:06:40Z</time>
      </trkpt>
      <trkpt lat="26.8630500" lon="75.7991817">
        <time>2022-03-11T17:06:41Z</time>
      </trkpt>
      <trkpt lat="26.8631733" lon="75.7992533">
        <time>2022-03-11T17:06:42Z</time>
      </trkpt>
      <trkpt lat="26.8632933" lon="75.7993183">
        <time>2022-03-11T17:06:43Z</time>
      </trkpt>
      <trkpt lat="26.8634033" lon="75.7993783">
        <time>2022-03-11T17:06:44Z</time>
      </trkpt>
      <trkpt lat="26.8635050" lon="75.7994433">
        <time>2022-03-11T17:06:45Z</time>
      </trkpt>
      <trkpt lat="26.8636100" lon="75.7995100">
        <time>2022-03-11T17:06:46Z</time>
      </trkpt>
      <trkpt lat="26.8637183" lon="75.7995850">
        <time>2022-03-11T17:06:47Z</time>
      </trkpt>
      <trkpt lat="26.8638250" lon="75.7996583">
        <time>2022-03-11T17:06:48Z</time>
      </trkpt>
      <trkpt lat="26.8639367" lon="75.7997250">
        <time>2022-03-11T17:06:49Z</time>
      </trkpt>
      <trkpt lat="26.8640517" lon="75.7997933">
        <time>2022-03-11T17:06:50Z</time>
      </trkpt>
      <trkpt lat="26.8641633" lon="75.7998667">
        <time>2022-03-11T17:06:51Z</time>
      </trkpt>
      <trkpt lat="26.8642817" lon="75.7999283">
        <time>2022-03-11T17:06:52Z</time>
      </trkpt>
      <trkpt lat="26.8644017" lon="75.7999867">
        <time>2022-03-11T17:06:53Z</time>
      </trkpt>
      <trkpt lat="26.8645117" lon="75.8000517">
        <time>2022-03-11T17:06:54Z</time>
      </trkpt>
      <trkpt lat="26.8646100" lon="75.8001150">
        <time>2022-03-11T17:06:55Z</time>
      </trkpt>
      <trkpt lat="26.8647117" lon="75.8001883">
        <time>2022-03-11T17:06:56Z</time>
      </trkpt>
      <trkpt lat="26.8648167" lon="75.8002633">
        <time>2022-03-11T17:06:57Z</time>
      </trkpt>
      <trkpt lat="26.8649183" lon="75.8003450">
        <time>2022-03-11T17:06:58Z</time>
      </trkpt>
      <trkpt lat="26.8650217" lon="75.8004300">
        <time>2022-03-11T17:06:59Z</time>
      </trkpt>
      <trkpt lat="26.8651267" lon="75.8005167">
        <time>2022-03-11T17:07:00Z</time>
      </trkpt>
      <trkpt lat="26.8652333" lon="75.8006083">
        <time>2022-03-11T17:07:01Z</time>
      </trkpt>
      <trkpt lat="26.8653383" lon="75.8007067">
        <time>2022-03-11T17:07:02Z</time>
      </trkpt>
      <trkpt lat="26.8654400" lon="75.8008133">
        <time>2022-03-11T17:07:03Z</time>
      </trkpt>
      <trkpt lat="26.8655350" lon="75.8009267">
        <time>2022-03-11T17:07:04Z</time>
      </trkpt>
      <trkpt lat="26.8656317" lon="75.8010433">
        <time>2022-03-11T17:07:05Z</time>
      </trkpt>
      <trkpt lat="26.8657333" lon="75.8011767">
        <time>2022-03-11T17:07:06Z</time>
      </trkpt>
      <trkpt lat="26.8658367" lon="75.8013100">
        <time>2022-03-11T17:07:07Z</time>
      </trkpt>
      <trkpt lat="26.8659400" lon="75.8014450">
        <time>2022-03-11T17:07:08Z</time>
      </trkpt>
      <trkpt lat="26.8660400" lon="75.8015733">
        <time>2022-03-11T17:07:09Z</time>
      </trkpt>
      <trkpt lat="26.8661433" lon="75.8016950">
        <time>2022-03-11T17:07:10Z</time>
      </trkpt>
      <trkpt lat="26.8662433" lon="75.8018117">
        <time>2022-03-11T17:07:11Z</time>
      </trkpt>
      <trkpt lat="26.8663417" lon="75.8019300">
        <time>2022-03-11T17:07:12Z</time>
      </trkpt>
      <trkpt lat="26.8664367" lon="75.8020483">
        <time>2022-03-11T17:07:13Z</time>
      </trkpt>
      <trkpt lat="26.8665333" lon="75.8021700">
        <time>2022-03-11T17:07:14Z</time>
      </trkpt>
      <trkpt lat="26.8666250" lon="75.8022933">
        <time>2022-03-11T17:07:15Z</time>
      </trkpt>
      <trkpt lat="26.8667100" lon="75.8024150">
        <time>2022-03-11T17:07:16Z</time>
      </trkpt>
      <trkpt lat="26.8668017" lon="75.8025383">
        <time>2022-03-11T17:07:17Z</time>
      </trkpt>
      <trkpt lat="26.8668817" lon="75.8026717">
        <time>2022-03-11T17:07:18Z</time>
      </trkpt>
      <trkpt lat="26.8669567" lon="75.8028067">
        <time>2022-03-11T17:07:19Z</time>
      </trkpt>
      <trkpt lat="26.8670367" lon="75.8029317">
        <time>2022-03-11T17:07:20Z</time>
      </trkpt>
      <trkpt lat="26.8671050" lon="75.8030633">
        <time>2022-03-11T17:07:21Z</time>
      </trkpt>
      <trkpt lat="26.8671800" lon="75.8031983">
        <time>2022-03-11T17:07:22Z</time>
      </trkpt>
      <trkpt lat="26.8672517" lon="75.8033333">
        <time>2022-03-11T17:07:23Z</time>
      </trkpt>
      <trkpt lat="26.8673217" lon="75.8034617">
        <time>2022-03-11T17:07:24Z</time>
      </trkpt>
      <trkpt lat="26.8673917" lon="75.8036017">
        <time>2022-03-11T17:07:25Z</time>
      </trkpt>
      <trkpt lat="26.8674683" lon="75.8037450">
        <time>2022-03-11T17:07:26Z</time>
      </trkpt>
      <trkpt lat="26.8675400" lon="75.8038867">
        <time>2022-03-11T17:07:27Z</time>
      </trkpt>
      <trkpt lat="26.8675983" lon="75.8040317">
        <time>2022-03-11T17:07:28Z</time>
      </trkpt>
      <trkpt lat="26.8676500" lon="75.8041733">
        <time>2022-03-11T17:07:29Z</time>
      </trkpt>
      <trkpt lat="26.8676933" lon="75.8043267">
        <time>2022-03-11T17:07:30Z</time>
      </trkpt>
      <trkpt lat="26.8677400" lon="75.8044917">
        <time>2022-03-11T17:07:31Z</time>
      </trkpt>
      <trkpt lat="26.8677750" lon="75.8046317">
        <time>2022-03-11T17:07:32Z</time>
      </trkpt>
      <trkpt lat="26.8678100" lon="75.8047450">
        <time>2022-03-11T17:07:33Z</time>
      </trkpt>
      <trkpt lat="26.8678383" lon="75.8048633">
        <time>2022-03-11T17:07:34Z</time>
      </trkpt>
      <trkpt lat="26.8678683" lon="75.8049750">
        <time>2022-03-11T17:07:35Z</time>
      </trkpt>
      <trkpt lat="26.8678883" lon="75.8050700">
        <time>2022-03-11T17:07:36Z</time>
      </trkpt>
      <trkpt lat="26.8679083" lon="75.8051600">
        <time>2022-03-11T17:07:37Z</time>
      </trkpt>
      <trkpt lat="26.8679267" lon="75.8052550">
        <time>2022-03-11T17:07:38Z</time>
      </trkpt>
      <trkpt lat="26.8679483" lon="75.8053583">
        <time>2022-03-11T17:07:39Z</time>
      </trkpt>
      <trkpt lat="26.8679633" lon="75.8054633">
        <time>2022-03-11T17:07:40Z</time>
      </trkpt>
      <trkpt lat="26.8679717" lon="75.8055650">
        <time>2022-03-11T17:07:41Z</time>
      </trkpt>
      <trkpt lat="26.8679733" lon="75.8056550">
        <time>2022-03-11T17:07:42Z</time>
      </trkpt>
      <trkpt lat="26.8679783" lon="75.8057533">
        <time>2022-03-11T17:07:43Z</time>
      </trkpt>
      <trkpt lat="26.8679783" lon="75.8058550">
        <time>2022-03-11T17:07:44Z</time>
      </trkpt>
      <trkpt lat="26.8679733" lon="75.8059667">
        <time>2022-03-11T17:07:45Z</time>
      </trkpt>
      <trkpt lat="26.8679583" lon="75.8060817">
        <time>2022-03-11T17:07:46Z</time>
      </trkpt>
      <trkpt lat="26.8679517" lon="75.8062067">
        <time>2022-03-11T17:07:47Z</time>
      </trkpt>
      <trkpt lat="26.8679400" lon="75.8063383">
        <time>2022-03-11T17:07:48Z</time>
      </trkpt>
      <trkpt lat="26.8679283" lon="75.8064750">
        <time>2022-03-11T17:07:49Z</time>
      </trkpt>
      <trkpt lat="26.8679217" lon="75.8066067">
        <time>2022-03-11T17:07:50Z</time>
      </trkpt>
      <trkpt lat="26.8679150" lon="75.8067350">
        <time>2022-03-11T17:07:51Z</time>
      </trkpt>
      <trkpt lat="26.8679033" lon="75.8068417">
        <time>2022-03-11T17:07:52Z</time>
      </trkpt>
      <trkpt lat="26.8679000" lon="75.8069400">
        <time>2022-03-11T17:07:53Z</time>
      </trkpt>
      <trkpt lat="26.8678883" lon="75.8070383">
        <time>2022-03-11T17:07:54Z</time>
      </trkpt>
      <trkpt lat="26.8678817" lon="75.8071367">
        <time>2022-03-11T17:07:55Z</time>
      </trkpt>
      <trkpt lat="26.8678700" lon="75.8072233">
        <time>2022-03-11T17:07:56Z</time>
      </trkpt>
      <trkpt lat="26.8678600" lon="75.8073067">
        <time>2022-03-11T17:07:57Z</time>
      </trkpt>
      <trkpt lat="26.8678517" lon="75.8073917">
        <time>2022-03-11T17:07:58Z</time>
      </trkpt>
      <trkpt lat="26.8678467" lon="75.8074733">
        <time>2022-03-11T17:07:59Z</time>
      </trkpt>
      <trkpt lat="26.8678467" lon="75.8075617">
        <time>2022-03-11T17:08:00Z</time>
      </trkpt>
      <trkpt lat="26.8678483" lon="75.8076433">
        <time>2022-03-11T17:08:01Z</time>
      </trkpt>
      <trkpt lat="26.8678433" lon="75.8077117">
        <time>2022-03-11T17:08:02Z</time>
      </trkpt>
      <trkpt lat="26.8678350" lon="75.8077783">
        <time>2022-03-11T17:08:03Z</time>
      </trkpt>
      <trkpt lat="26.8678317" lon="75.8078400">
        <time>2022-03-11T17:08:04Z</time>
      </trkpt>
      <trkpt lat="26.8678267" lon="75.8078850">
        <time>2022-03-11T17:08:05Z</time>
      </trkpt>
      <trkpt lat="26.8678267" lon="75.8079100">
        <time>2022-03-11T17:08:06Z</time>
      </trkpt>
      <trkpt lat="26.8678300" lon="75.8079250">
        <time>2022-03-11T17:08:07Z</time>
      </trkpt>
      <trkpt lat="26.8678333" lon="75.8079267">
        <time>2022-03-11T17:08:08Z</time>
      </trkpt>
      <trkpt lat="26.8678333" lon="75.8079250">
        <time>2022-03-11T17:08:09Z</time>
      </trkpt>
      <trkpt lat="26.8678333" lon="75.8079267">
        <time>2022-03-11T17:08:10Z</time>
      </trkpt>
      <trkpt lat="26.8678333" lon="75.8079267">
        <time>2022-03-11T17:08:11Z</time>
      </trkpt>
      <trkpt lat="26.8678333" lon="75.8079267">
        <time>2022-03-11T17:08:12Z</time>
      </trkpt>
      <trkpt lat="26.8678333" lon="75.8079267">
        <time>2022-03-11T17:08:13Z</time>
      </trkpt>
      <trkpt lat="26.8678333" lon="75.8079267">
        <time>2022-03-11T17:08:14Z</time>
      </trkpt>
      <trkpt lat="26.8678333" lon="75.8079267">
        <time>2022-03-11T17:08:15Z</time>
      </trkpt>
      <trkpt lat="26.8678333" lon="75.8079267">
        <time>2022-03-11T17:08:16Z</time>
      </trkpt>
      <trkpt lat="26.8678333" lon="75.8079267">
        <time>2022-03-11T17:08:17Z</time>
      </trkpt>
      <trkpt lat="26.8678333" lon="75.8079267">
        <time>2022-03-11T17:08:18Z</time>
      </trkpt>
      <trkpt lat="26.8678333" lon="75.8079267">
        <time>2022-03-11T17:08:19Z</time>
      </trkpt>
      <trkpt lat="26.8678333" lon="75.8079267">
        <time>2022-03-11T17:08:20Z</time>
      </trkpt>
      <trkpt lat="26.8678333" lon="75.8079267">
        <time>2022-03-11T17:08:21Z</time>
      </trkpt>
      <trkpt lat="26.8678333" lon="75.8079267">
        <time>2022-03-11T17:08:22Z</time>
      </trkpt>
      <trkpt lat="26.8678333" lon="75.8079267">
        <time>2022-03-11T17:08:23Z</time>
      </trkpt>
      <trkpt lat="26.8678333" lon="75.8079267">
        <time>2022-03-11T17:08:24Z</time>
      </trkpt>
      <trkpt lat="26.8678333" lon="75.8079267">
        <time>2022-03-11T17:08:25Z</time>
      </trkpt>
      <trkpt lat="26.8678333" lon="75.8079267">
        <time>2022-03-11T17:08:26Z</time>
      </trkpt>
      <trkpt lat="26.8678333" lon="75.8079267">
        <time>2022-03-11T17:08:27Z</time>
      </trkpt>
      <trkpt lat="26.8678333" lon="75.8079267">
        <time>2022-03-11T17:08:28Z</time>
      </trkpt>
      <trkpt lat="26.8678333" lon="75.8079267">
        <time>2022-03-11T17:08:29Z</time>
      </trkpt>
      <trkpt lat="26.8678333" lon="75.8079267">
        <time>2022-03-11T17:08:30Z</time>
      </trkpt>
      <trkpt lat="26.8678333" lon="75.8079267">
        <time>2022-03-11T17:08:31Z</time>
      </trkpt>
      <trkpt lat="26.8678333" lon="75.8079267">
        <time>2022-03-11T17:08:32Z</time>
      </trkpt>
      <trkpt lat="26.8678333" lon="75.8079267">
        <time>2022-03-11T17:08:33Z</time>
      </trkpt>
      <trkpt lat="26.8678333" lon="75.8079267">
        <time>2022-03-11T17:08:34Z</time>
      </trkpt>
      <trkpt lat="26.8678333" lon="75.8079267">
        <time>2022-03-11T17:08:35Z</time>
      </trkpt>
      <trkpt lat="26.8678333" lon="75.8079267">
        <time>2022-03-11T17:08:36Z</time>
      </trkpt>
      <trkpt lat="26.8678333" lon="75.8079267">
        <time>2022-03-11T17:08:37Z</time>
      </trkpt>
      <trkpt lat="26.8678333" lon="75.8079267">
        <time>2022-03-11T17:08:38Z</time>
      </trkpt>
      <trkpt lat="26.8678333" lon="75.8079267">
        <time>2022-03-11T17:08:39Z</time>
      </trkpt>
      <trkpt lat="26.8678333" lon="75.8079267">
        <time>2022-03-11T17:08:40Z</time>
      </trkpt>
      <trkpt lat="26.8678333" lon="75.8079267">
        <time>2022-03-11T17:08:41Z</time>
      </trkpt>
      <trkpt lat="26.8678333" lon="75.8079267">
        <time>2022-03-11T17:08:42Z</time>
      </trkpt>
      <trkpt lat="26.8678333" lon="75.8079267">
        <time>2022-03-11T17:08:43Z</time>
      </trkpt>
      <trkpt lat="26.8678333" lon="75.8079267">
        <time>2022-03-11T17:08:44Z</time>
      </trkpt>
      <trkpt lat="26.8678333" lon="75.8079267">
        <time>2022-03-11T17:08:45Z</time>
      </trkpt>
      <trkpt lat="26.8678333" lon="75.8079267">
        <time>2022-03-11T17:08:46Z</time>
      </trkpt>
      <trkpt lat="26.8678333" lon="75.8079267">
        <time>2022-03-11T17:08:47Z</time>
      </trkpt>
      <trkpt lat="26.8678333" lon="75.8079267">
        <time>2022-03-11T17:08:48Z</time>
      </trkpt>
      <trkpt lat="26.8678333" lon="75.8079267">
        <time>2022-03-11T17:08:49Z</time>
      </trkpt>
      <trkpt lat="26.8678333" lon="75.8079267">
        <time>2022-03-11T17:08:50Z</time>
      </trkpt>
      <trkpt lat="26.8678333" lon="75.8079267">
        <time>2022-03-11T17:08:51Z</time>
      </trkpt>
      <trkpt lat="26.8678333" lon="75.8079267">
        <time>2022-03-11T17:08:52Z</time>
      </trkpt>
      <trkpt lat="26.8678333" lon="75.8079267">
        <time>2022-03-11T17:08:53Z</time>
      </trkpt>
      <trkpt lat="26.8678333" lon="75.8079267">
        <time>2022-03-11T17:08:54Z</time>
      </trkpt>
      <trkpt lat="26.8678333" lon="75.8079267">
        <time>2022-03-11T17:08:55Z</time>
      </trkpt>
      <trkpt lat="26.8678333" lon="75.8079267">
        <time>2022-03-11T17:08:56Z</time>
      </trkpt>
      <trkpt lat="26.8678333" lon="75.8079267">
        <time>2022-03-11T17:08:57Z</time>
      </trkpt>
      <trkpt lat="26.8678333" lon="75.8079267">
        <time>2022-03-11T17:08:58Z</time>
      </trkpt>
      <trkpt lat="26.8678333" lon="75.8079267">
        <time>2022-03-11T17:08:59Z</time>
      </trkpt>
      <trkpt lat="26.8678333" lon="75.8079267">
        <time>2022-03-11T17:09:00Z</time>
      </trkpt>
      <trkpt lat="26.8678333" lon="75.8079267">
        <time>2022-03-11T17:09:01Z</time>
      </trkpt>
      <trkpt lat="26.8678333" lon="75.8079267">
        <time>2022-03-11T17:09:02Z</time>
      </trkpt>
      <trkpt lat="26.8678333" lon="75.8079267">
        <time>2022-03-11T17:09:03Z</time>
      </trkpt>
      <trkpt lat="26.8678333" lon="75.8079267">
        <time>2022-03-11T17:09:04Z</time>
      </trkpt>
      <trkpt lat="26.8678333" lon="75.8079267">
        <time>2022-03-11T17:09:05Z</time>
      </trkpt>
      <trkpt lat="26.8678333" lon="75.8079267">
        <time>2022-03-11T17:09:06Z</time>
      </trkpt>
      <trkpt lat="26.8678333" lon="75.8079267">
        <time>2022-03-11T17:09:07Z</time>
      </trkpt>
      <trkpt lat="26.8678333" lon="75.8079267">
        <time>2022-03-11T17:09:08Z</time>
      </trkpt>
      <trkpt lat="26.8678333" lon="75.8079267">
        <time>2022-03-11T17:09:09Z</time>
      </trkpt>
      <trkpt lat="26.8678333" lon="75.8079267">
        <time>2022-03-11T17:09:10Z</time>
      </trkpt>
      <trkpt lat="26.8678333" lon="75.8079267">
        <time>2022-03-11T17:09:11Z</time>
      </trkpt>
      <trkpt lat="26.8678333" lon="75.8079267">
        <time>2022-03-11T17:09:12Z</time>
      </trkpt>
      <trkpt lat="26.8678333" lon="75.8079267">
        <time>2022-03-11T17:09:13Z</time>
      </trkpt>
      <trkpt lat="26.8678333" lon="75.8079267">
        <time>2022-03-11T17:09:14Z</time>
      </trkpt>
      <trkpt lat="26.8678333" lon="75.8079267">
        <time>2022-03-11T17:09:15Z</time>
      </trkpt>
      <trkpt lat="26.8678333" lon="75.8079267">
        <time>2022-03-11T17:09:16Z</time>
      </trkpt>
      <trkpt lat="26.8678333" lon="75.8079267">
        <time>2022-03-11T17:09:17Z</time>
      </trkpt>
      <trkpt lat="26.8678333" lon="75.8079267">
        <time>2022-03-11T17:09:18Z</time>
      </trkpt>
      <trkpt lat="26.8678333" lon="75.8079267">
        <time>2022-03-11T17:09:19Z</time>
      </trkpt>
      <trkpt lat="26.8678333" lon="75.8079267">
        <time>2022-03-11T17:09:20Z</time>
      </trkpt>
      <trkpt lat="26.8678333" lon="75.8079267">
        <time>2022-03-11T17:09:21Z</time>
      </trkpt>
      <trkpt lat="26.8678333" lon="75.8079267">
        <time>2022-03-11T17:09:22Z</time>
      </trkpt>
      <trkpt lat="26.8678333" lon="75.8079267">
        <time>2022-03-11T17:09:23Z</time>
      </trkpt>
      <trkpt lat="26.8678333" lon="75.8079267">
        <time>2022-03-11T17:09:24Z</time>
      </trkpt>
      <trkpt lat="26.8678333" lon="75.8079267">
        <time>2022-03-11T17:09:25Z</time>
      </trkpt>
      <trkpt lat="26.8678333" lon="75.8079267">
        <time>2022-03-11T17:09:26Z</time>
      </trkpt>
      <trkpt lat="26.8678333" lon="75.8079267">
        <time>2022-03-11T17:09:27Z</time>
      </trkpt>
      <trkpt lat="26.8678333" lon="75.8079267">
        <time>2022-03-11T17:09:28Z</time>
      </trkpt>
      <trkpt lat="26.8678333" lon="75.8079267">
        <time>2022-03-11T17:09:29Z</time>
      </trkpt>
      <trkpt lat="26.8678333" lon="75.8079267">
        <time>2022-03-11T17:09:30Z</time>
      </trkpt>
      <trkpt lat="26.8678333" lon="75.8079267">
        <time>2022-03-11T17:09:31Z</time>
      </trkpt>
      <trkpt lat="26.8678333" lon="75.8079267">
        <time>2022-03-11T17:09:32Z</time>
      </trkpt>
      <trkpt lat="26.8678333" lon="75.8079267">
        <time>2022-03-11T17:09:33Z</time>
      </trkpt>
      <trkpt lat="26.8678333" lon="75.8079267">
        <time>2022-03-11T17:09:34Z</time>
      </trkpt>
      <trkpt lat="26.8678333" lon="75.8079267">
        <time>2022-03-11T17:09:35Z</time>
      </trkpt>
      <trkpt lat="26.8678333" lon="75.8079267">
        <time>2022-03-11T17:09:36Z</time>
      </trkpt>
      <trkpt lat="26.8678333" lon="75.8079267">
        <time>2022-03-11T17:09:37Z</time>
      </trkpt>
      <trkpt lat="26.8678333" lon="75.8079267">
        <time>2022-03-11T17:09:38Z</time>
      </trkpt>
      <trkpt lat="26.8678333" lon="75.8079267">
        <time>2022-03-11T17:09:39Z</time>
      </trkpt>
      <trkpt lat="26.8678350" lon="75.8079833">
        <time>2022-03-11T17:09:40Z</time>
      </trkpt>
      <trkpt lat="26.8678317" lon="75.8080117">
        <time>2022-03-11T17:09:41Z</time>
      </trkpt>
      <trkpt lat="26.8678183" lon="75.8080383">
        <time>2022-03-11T17:09:42Z</time>
      </trkpt>
      <trkpt lat="26.8678050" lon="75.8080717">
        <time>2022-03-11T17:09:43Z</time>
      </trkpt>
      <trkpt lat="26.8677833" lon="75.8081017">
        <time>2022-03-11T17:09:44Z</time>
      </trkpt>
      <trkpt lat="26.8677567" lon="75.8081250">
        <time>2022-03-11T17:09:45Z</time>
      </trkpt>
      <trkpt lat="26.8677250" lon="75.8081550">
        <time>2022-03-11T17:09:46Z</time>
      </trkpt>
      <trkpt lat="26.8676850" lon="75.8081800">
        <time>2022-03-11T17:09:47Z</time>
      </trkpt>
      <trkpt lat="26.8676383" lon="75.8081933">
        <time>2022-03-11T17:09:48Z</time>
      </trkpt>
      <trkpt lat="26.8675833" lon="75.8081917">
        <time>2022-03-11T17:09:49Z</time>
      </trkpt>
      <trkpt lat="26.8675133" lon="75.8081833">
        <time>2022-03-11T17:09:50Z</time>
      </trkpt>
      <trkpt lat="26.8674333" lon="75.8081600">
        <time>2022-03-11T17:09:51Z</time>
      </trkpt>
      <trkpt lat="26.8673417" lon="75.8081317">
        <time>2022-03-11T17:09:52Z</time>
      </trkpt>
      <trkpt lat="26.8672467" lon="75.8081000">
        <time>2022-03-11T17:09:53Z</time>
      </trkpt>
      <trkpt lat="26.8671467" lon="75.8080667">
        <time>2022-03-11T17:09:54Z</time>
      </trkpt>
      <trkpt lat="26.8670400" lon="75.8080383">
        <time>2022-03-11T17:09:55Z</time>
      </trkpt>
      <trkpt lat="26.8669283" lon="75.8080100">
        <time>2022-03-11T17:09:56Z</time>
      </trkpt>
      <trkpt lat="26.8668167" lon="75.8079750">
        <time>2022-03-11T17:09:57Z</time>
      </trkpt>
      <trkpt lat="26.8667000" lon="75.8079417">
        <time>2022-03-11T17:09:58Z</time>
      </trkpt>
      <trkpt lat="26.8665817" lon="75.8079117">
        <time>2022-03-11T17:09:59Z</time>
      </trkpt>
      <trkpt lat="26.8664617" lon="75.8078817">
        <time>2022-03-11T17:10:00Z</time>
      </trkpt>
      <trkpt lat="26.8663400" lon="75.8078517">
        <time>2022-03-11T17:10:01Z</time>
      </trkpt>
      <trkpt lat="26.8662117" lon="75.8078150">
        <time>2022-03-11T17:10:02Z</time>
      </trkpt>
      <trkpt lat="26.8660717" lon="75.8077883">
        <time>2022-03-11T17:10:03Z</time>
      </trkpt>
      <trkpt lat="26.8659283" lon="75.8077500">
        <time>2022-03-11T17:10:04Z</time>
      </trkpt>
      <trkpt lat="26.8657917" lon="75.8077150">
        <time>2022-03-11T17:10:05Z</time>
      </trkpt>
      <trkpt lat="26.8656500" lon="75.8076750">
        <time>2022-03-11T17:10:06Z</time>
      </trkpt>
      <trkpt lat="26.8655117" lon="75.8076350">
        <time>2022-03-11T17:10:07Z</time>
      </trkpt>
      <trkpt lat="26.8653717" lon="75.8075967">
        <time>2022-03-11T17:10:08Z</time>
      </trkpt>
      <trkpt lat="26.8652367" lon="75.8075583">
        <time>2022-03-11T17:10:09Z</time>
      </trkpt>
      <trkpt lat="26.8651000" lon="75.8075167">
        <time>2022-03-11T17:10:10Z</time>
      </trkpt>
      <trkpt lat="26.8649650" lon="75.8074783">
        <time>2022-03-11T17:10:11Z</time>
      </trkpt>
      <trkpt lat="26.8648250" lon="75.8074450">
        <time>2022-03-11T17:10:12Z</time>
      </trkpt>
      <trkpt lat="26.8646900" lon="75.8074017">
        <time>2022-03-11T17:10:13Z</time>
      </trkpt>
      <trkpt lat="26.8645583" lon="75.8073733">
        <time>2022-03-11T17:10:14Z</time>
      </trkpt>
      <trkpt lat="26.8644233" lon="75.8073317">
        <time>2022-03-11T17:10:15Z</time>
      </trkpt>
      <trkpt lat="26.8642850" lon="75.8072883">
        <time>2022-03-11T17:10:16Z</time>
      </trkpt>
      <trkpt lat="26.8641533" lon="75.8072533">
        <time>2022-03-11T17:10:17Z</time>
      </trkpt>
      <trkpt lat="26.8640167" lon="75.8072200">
        <time>2022-03-11T17:10:18Z</time>
      </trkpt>
      <trkpt lat="26.8638817" lon="75.8071850">
        <time>2022-03-11T17:10:19Z</time>
      </trkpt>
      <trkpt lat="26.8637450" lon="75.8071517">
        <time>2022-03-11T17:10:20Z</time>
      </trkpt>
      <trkpt lat="26.8636067" lon="75.8071050">
        <time>2022-03-11T17:10:21Z</time>
      </trkpt>
      <trkpt lat="26.8634633" lon="75.8070717">
        <time>2022-03-11T17:10:22Z</time>
      </trkpt>
      <trkpt lat="26.8633317" lon="75.8070483">
        <time>2022-03-11T17:10:23Z</time>
      </trkpt>
      <trkpt lat="26.8631983" lon="75.8070083">
        <time>2022-03-11T17:10:24Z</time>
      </trkpt>
      <trkpt lat="26.8630683" lon="75.8069750">
        <time>2022-03-11T17:10:25Z</time>
      </trkpt>
      <trkpt lat="26.8629450" lon="75.8069367">
        <time>2022-03-11T17:10:26Z</time>
      </trkpt>
      <trkpt lat="26.8628117" lon="75.8069017">
        <time>2022-03-11T17:10:27Z</time>
      </trkpt>
      <trkpt lat="26.8626783" lon="75.8068817">
        <time>2022-03-11T17:10:28Z</time>
      </trkpt>
      <trkpt lat="26.8625500" lon="75.8068517">
        <time>2022-03-11T17:10:29Z</time>
      </trkpt>
      <trkpt lat="26.8624217" lon="75.8068217">
        <time>2022-03-11T17:10:30Z</time>
      </trkpt>
      <trkpt lat="26.8622950" lon="75.8067733">
        <time>2022-03-11T17:10:31Z</time>
      </trkpt>
      <trkpt lat="26.8621633" lon="75.8067433">
        <time>2022-03-11T17:10:32Z</time>
      </trkpt>
      <trkpt lat="26.8620367" lon="75.8067050">
        <time>2022-03-11T17:10:33Z</time>
      </trkpt>
      <trkpt lat="26.8619100" lon="75.8066717">
        <time>2022-03-11T17:10:34Z</time>
      </trkpt>
      <trkpt lat="26.8617800" lon="75.8066433">
        <time>2022-03-11T17:10:35Z</time>
      </trkpt>
      <trkpt lat="26.8616467" lon="75.8066217">
        <time>2022-03-11T17:10:36Z</time>
      </trkpt>
      <trkpt lat="26.8615117" lon="75.8065883">
        <time>2022-03-11T17:10:37Z</time>
      </trkpt>
      <trkpt lat="26.8613733" lon="75.8065567">
        <time>2022-03-11T17:10:38Z</time>
      </trkpt>
      <trkpt lat="26.8612367" lon="75.8065217">
        <time>2022-03-11T17:10:39Z</time>
      </trkpt>
      <trkpt lat="26.8611017" lon="75.8064900">
        <time>2022-03-11T17:10:40Z</time>
      </trkpt>
      <trkpt lat="26.8609733" lon="75.8064550">
        <time>2022-03-11T17:10:41Z</time>
      </trkpt>
      <trkpt lat="26.8608400" lon="75.8064233">
        <time>2022-03-11T17:10:42Z</time>
      </trkpt>
      <trkpt lat="26.8607100" lon="75.8063850">
        <time>2022-03-11T17:10:43Z</time>
      </trkpt>
      <trkpt lat="26.8605800" lon="75.8063583">
        <time>2022-03-11T17:10:44Z</time>
      </trkpt>
      <trkpt lat="26.8604400" lon="75.8063200">
        <time>2022-03-11T17:10:45Z</time>
      </trkpt>
      <trkpt lat="26.8603033" lon="75.8062900">
        <time>2022-03-11T17:10:46Z</time>
      </trkpt>
      <trkpt lat="26.8601683" lon="75.8062583">
        <time>2022-03-11T17:10:47Z</time>
      </trkpt>
      <trkpt lat="26.8600417" lon="75.8062200">
        <time>2022-03-11T17:10:48Z</time>
      </trkpt>
      <trkpt lat="26.8599167" lon="75.8061833">
        <time>2022-03-11T17:10:49Z</time>
      </trkpt>
      <trkpt lat="26.8597917" lon="75.8061517">
        <time>2022-03-11T17:10:50Z</time>
      </trkpt>
      <trkpt lat="26.8596750" lon="75.8061150">
        <time>2022-03-11T17:10:51Z</time>
      </trkpt>
      <trkpt lat="26.8595500" lon="75.8060767">
        <time>2022-03-11T17:10:52Z</time>
      </trkpt>
      <trkpt lat="26.8594250" lon="75.8060367">
        <time>2022-03-11T17:10:53Z</time>
      </trkpt>
      <trkpt lat="26.8593117" lon="75.8060033">
        <time>2022-03-11T17:10:54Z</time>
      </trkpt>
      <trkpt lat="26.8591983" lon="75.8059733">
        <time>2022-03-11T17:10:55Z</time>
      </trkpt>
      <trkpt lat="26.8590767" lon="75.8059500">
        <time>2022-03-11T17:10:56Z</time>
      </trkpt>
      <trkpt lat="26.8589683" lon="75.8059200">
        <time>2022-03-11T17:10:57Z</time>
      </trkpt>
      <trkpt lat="26.8588550" lon="75.8058867">
        <time>2022-03-11T17:10:58Z</time>
      </trkpt>
      <trkpt lat="26.8587433" lon="75.8058667">
        <time>2022-03-11T17:10:59Z</time>
      </trkpt>
      <trkpt lat="26.8586417" lon="75.8058433">
        <time>2022-03-11T17:11:00Z</time>
      </trkpt>
      <trkpt lat="26.8585383" lon="75.8058083">
        <time>2022-03-11T17:11:01Z</time>
      </trkpt>
      <trkpt lat="26.8584317" lon="75.8057783">
        <time>2022-03-11T17:11:02Z</time>
      </trkpt>
      <trkpt lat="26.8583150" lon="75.8057500">
        <time>2022-03-11T17:11:03Z</time>
      </trkpt>
      <trkpt lat="26.8582050" lon="75.8057200">
        <time>2022-03-11T17:11:04Z</time>
      </trkpt>
      <trkpt lat="26.8580900" lon="75.8056950">
        <time>2022-03-11T17:11:05Z</time>
      </trkpt>
      <trkpt lat="26.8579683" lon="75.8056633">
        <time>2022-03-11T17:11:06Z</time>
      </trkpt>
      <trkpt lat="26.8578433" lon="75.8056300">
        <time>2022-03-11T17:11:07Z</time>
      </trkpt>
      <trkpt lat="26.8577200" lon="75.8056000">
        <time>2022-03-11T17:11:08Z</time>
      </trkpt>
      <trkpt lat="26.8575983" lon="75.8055733">
        <time>2022-03-11T17:11:09Z</time>
      </trkpt>
      <trkpt lat="26.8574800" lon="75.8055500">
        <time>2022-03-11T17:11:10Z</time>
      </trkpt>
      <trkpt lat="26.8573617" lon="75.8055233">
        <time>2022-03-11T17:11:11Z</time>
      </trkpt>
      <trkpt lat="26.8572417" lon="75.8054883">
        <time>2022-03-11T17:11:12Z</time>
      </trkpt>
      <trkpt lat="26.8571217" lon="75.8054617">
        <time>2022-03-11T17:11:13Z</time>
      </trkpt>
      <trkpt lat="26.8570000" lon="75.8054317">
        <time>2022-03-11T17:11:14Z</time>
      </trkpt>
      <trkpt lat="26.8568767" lon="75.8054033">
        <time>2022-03-11T17:11:15Z</time>
      </trkpt>
      <trkpt lat="26.8567550" lon="75.8053700">
        <time>2022-03-11T17:11:16Z</time>
      </trkpt>
      <trkpt lat="26.8566383" lon="75.8053383">
        <time>2022-03-11T17:11:17Z</time>
      </trkpt>
      <trkpt lat="26.8565233" lon="75.8053167">
        <time>2022-03-11T17:11:18Z</time>
      </trkpt>
      <trkpt lat="26.8564017" lon="75.8052917">
        <time>2022-03-11T17:11:19Z</time>
      </trkpt>
      <trkpt lat="26.8562783" lon="75.8052650">
        <time>2022-03-11T17:11:20Z</time>
      </trkpt>
      <trkpt lat="26.8561517" lon="75.8052267">
        <time>2022-03-11T17:11:21Z</time>
      </trkpt>
      <trkpt lat="26.8560250" lon="75.8051883">
        <time>2022-03-11T17:11:22Z</time>
      </trkpt>
      <trkpt lat="26.8559083" lon="75.8051450">
        <time>2022-03-11T17:11:23Z</time>
      </trkpt>
      <trkpt lat="26.8557850" lon="75.8051033">
        <time>2022-03-11T17:11:24Z</time>
      </trkpt>
      <trkpt lat="26.8556617" lon="75.8050717">
        <time>2022-03-11T17:11:25Z</time>
      </trkpt>
      <trkpt lat="26.8555350" lon="75.8050433">
        <time>2022-03-11T17:11:26Z</time>
      </trkpt>
      <trkpt lat="26.8554100" lon="75.8050100">
        <time>2022-03-11T17:11:27Z</time>
      </trkpt>
      <trkpt lat="26.8552867" lon="75.8049750">
        <time>2022-03-11T17:11:28Z</time>
      </trkpt>
      <trkpt lat="26.8551617" lon="75.8049350">
        <time>2022-03-11T17:11:29Z</time>
      </trkpt>
      <trkpt lat="26.8550450" lon="75.8048967">
        <time>2022-03-11T17:11:30Z</time>
      </trkpt>
      <trkpt lat="26.8549083" lon="75.8048650">
        <time>2022-03-11T17:11:31Z</time>
      </trkpt>
      <trkpt lat="26.8547767" lon="75.8048283">
        <time>2022-03-11T17:11:32Z</time>
      </trkpt>
      <trkpt lat="26.8546367" lon="75.8047967">
        <time>2022-03-11T17:11:33Z</time>
      </trkpt>
      <trkpt lat="26.8545033" lon="75.8047600">
        <time>2022-03-11T17:11:34Z</time>
      </trkpt>
      <trkpt lat="26.8543733" lon="75.8047300">
        <time>2022-03-11T17:11:35Z</time>
      </trkpt>
      <trkpt lat="26.8542467" lon="75.8046967">
        <time>2022-03-11T17:11:36Z</time>
      </trkpt>
      <trkpt lat="26.8541117" lon="75.8046700">
        <time>2022-03-11T17:11:37Z</time>
      </trkpt>
      <trkpt lat="26.8539750" lon="75.8046333">
        <time>2022-03-11T17:11:38Z</time>
      </trkpt>
      <trkpt lat="26.8538367" lon="75.8046000">
        <time>2022-03-11T17:11:39Z</time>
      </trkpt>
      <trkpt lat="26.8537050" lon="75.8045633">
        <time>2022-03-11T17:11:40Z</time>
      </trkpt>
      <trkpt lat="26.8535683" lon="75.8045350">
        <time>2022-03-11T17:11:41Z</time>
      </trkpt>
      <trkpt lat="26.8534117" lon="75.8045233">
        <time>2022-03-11T17:11:42Z</time>
      </trkpt>
      <trkpt lat="26.8532483" lon="75.8044800">
        <time>2022-03-11T17:11:43Z</time>
      </trkpt>
      <trkpt lat="26.8530867" lon="75.8044267">
        <time>2022-03-11T17:11:44Z</time>
      </trkpt>
      <trkpt lat="26.8529350" lon="75.8043783">
        <time>2022-03-11T17:11:45Z</time>
      </trkpt>
      <trkpt lat="26.8527900" lon="75.8043400">
        <time>2022-03-11T17:11:46Z</time>
      </trkpt>
      <trkpt lat="26.8526500" lon="75.8043017">
        <time>2022-03-11T17:11:47Z</time>
      </trkpt>
      <trkpt lat="26.8525133" lon="75.8042750">
        <time>2022-03-11T17:11:48Z</time>
      </trkpt>
      <trkpt lat="26.8523750" lon="75.8042383">
        <time>2022-03-11T17:11:49Z</time>
      </trkpt>
      <trkpt lat="26.8522383" lon="75.8042050">
        <time>2022-03-11T17:11:50Z</time>
      </trkpt>
      <trkpt lat="26.8521033" lon="75.8041683">
        <time>2022-03-11T17:11:51Z</time>
      </trkpt>
      <trkpt lat="26.8519683" lon="75.8041317">
        <time>2022-03-11T17:11:52Z</time>
      </trkpt>
      <trkpt lat="26.8518317" lon="75.8040933">
        <time>2022-03-11T17:11:53Z</time>
      </trkpt>
      <trkpt lat="26.8516983" lon="75.8040467">
        <time>2022-03-11T17:11:54Z</time>
      </trkpt>
      <trkpt lat="26.8515633" lon="75.8040083">
        <time>2022-03-11T17:11:55Z</time>
      </trkpt>
      <trkpt lat="26.8514317" lon="75.8039750">
        <time>2022-03-11T17:11:56Z</time>
      </trkpt>
      <trkpt lat="26.8513083" lon="75.8039400">
        <time>2022-03-11T17:11:57Z</time>
      </trkpt>
      <trkpt lat="26.8511783" lon="75.8039000">
        <time>2022-03-11T17:11:58Z</time>
      </trkpt>
      <trkpt lat="26.8510450" lon="75.8038667">
        <time>2022-03-11T17:11:59Z</time>
      </trkpt>
      <trkpt lat="26.8509217" lon="75.8038283">
        <time>2022-03-11T17:12:00Z</time>
      </trkpt>
      <trkpt lat="26.8507817" lon="75.8038200">
        <time>2022-03-11T17:12:01Z</time>
      </trkpt>
      <trkpt lat="26.8506650" lon="75.8037867">
        <time>2022-03-11T17:12:02Z</time>
      </trkpt>
      <trkpt lat="26.8505400" lon="75.8037617">
        <time>2022-03-11T17:12:03Z</time>
      </trkpt>
      <trkpt lat="26.8504183" lon="75.8037317">
        <time>2022-03-11T17:12:04Z</time>
      </trkpt>
      <trkpt lat="26.8502933" lon="75.8036967">
        <time>2022-03-11T17:12:05Z</time>
      </trkpt>
      <trkpt lat="26.8501717" lon="75.8036600">
        <time>2022-03-11T17:12:06Z</time>
      </trkpt>
      <trkpt lat="26.8500467" lon="75.8036183">
        <time>2022-03-11T17:12:07Z</time>
      </trkpt>
      <trkpt lat="26.8499283" lon="75.8035867">
        <time>2022-03-11T17:12:08Z</time>
      </trkpt>
      <trkpt lat="26.8498017" lon="75.8035617">
        <time>2022-03-11T17:12:09Z</time>
      </trkpt>
      <trkpt lat="26.8496683" lon="75.8035333">
        <time>2022-03-11T17:12:10Z</time>
      </trkpt>
      <trkpt lat="26.8495383" lon="75.8035033">
        <time>2022-03-11T17:12:11Z</time>
      </trkpt>
      <trkpt lat="26.8494150" lon="75.8034667">
        <time>2022-03-11T17:12:12Z</time>
      </trkpt>
      <trkpt lat="26.8492983" lon="75.8034383">
        <time>2022-03-11T17:12:13Z</time>
      </trkpt>
      <trkpt lat="26.8491867" lon="75.8034033">
        <time>2022-03-11T17:12:14Z</time>
      </trkpt>
      <trkpt lat="26.8491050" lon="75.8033650">
        <time>2022-03-11T17:12:15Z</time>
      </trkpt>
      <trkpt lat="26.8490317" lon="75.8033450">
        <time>2022-03-11T17:12:16Z</time>
      </trkpt>
      <trkpt lat="26.8489567" lon="75.8033283">
        <time>2022-03-11T17:12:17Z</time>
      </trkpt>
      <trkpt lat="26.8488850" lon="75.8033050">
        <time>2022-03-11T17:12:18Z</time>
      </trkpt>
      <trkpt lat="26.8488100" lon="75.8032817">
        <time>2022-03-11T17:12:19Z</time>
      </trkpt>
      <trkpt lat="26.8487433" lon="75.8032617">
        <time>2022-03-11T17:12:20Z</time>
      </trkpt>
      <trkpt lat="26.8486583" lon="75.8032250">
        <time>2022-03-11T17:12:21Z</time>
      </trkpt>
      <trkpt lat="26.8485733" lon="75.8031983">
        <time>2022-03-11T17:12:22Z</time>
      </trkpt>
      <trkpt lat="26.8484767" lon="75.8031733">
        <time>2022-03-11T17:12:23Z</time>
      </trkpt>
      <trkpt lat="26.8483850" lon="75.8031467">
        <time>2022-03-11T17:12:24Z</time>
      </trkpt>
      <trkpt lat="26.8482817" lon="75.8031183">
        <time>2022-03-11T17:12:25Z</time>
      </trkpt>
      <trkpt lat="26.8481767" lon="75.8030867">
        <time>2022-03-11T17:12:26Z</time>
      </trkpt>
      <trkpt lat="26.8480667" lon="75.8030600">
        <time>2022-03-11T17:12:27Z</time>
      </trkpt>
      <trkpt lat="26.8479350" lon="75.8030250">
        <time>2022-03-11T17:12:28Z</time>
      </trkpt>
    </trkseg>
  </trk>
</gpx>
