<?xml version="1.0" encoding="UTF-8"?>
<gpx version="1.0" creator="OpenStreetMap.org" xmlns="http://www.topografix.com/GPX/1/0">
  <trk>
    <name>2026_08_02_09_45_Sun_2.gpx</name>
    <desc>2026-08-02_09-45_Sun_2</desc>
    <url>/user/AWANISH%20KUMAR%20RAI/traces/12475062</url>
    <trkseg>
      <trkpt lat="21.2245783" lon="72.7553183">
        <time>2026-08-02T04:15:17Z</time>
      </trkpt>
      <trkpt lat="21.2245783" lon="72.7553183">
        <time>2026-08-02T04:15:23Z</time>
      </trkpt>
      <trkpt lat="21.2245783" lon="72.7553183">
        <time>2026-08-02T04:15:29Z</time>
      </trkpt>
      <trkpt lat="21.2245783" lon="72.7553183">
        <time>2026-08-02T04:15:35Z</time>
      </trkpt>
      <trkpt lat="21.2245783" lon="72.7553183">
        <time>2026-08-02T04:15:41Z</time>
      </trkpt>
      <trkpt lat="21.2245783" lon="72.7553183">
        <time>2026-08-02T04:15:47Z</time>
      </trkpt>
      <trkpt lat="21.2245783" lon="72.7553183">
        <time>2026-08-02T04:15:53Z</time>
      </trkpt>
      <trkpt lat="21.2245783" lon="72.7553183">
        <time>2026-08-02T04:15:59Z</time>
      </trkpt>
      <trkpt lat="21.2245783" lon="72.7553183">
        <time>2026-08-02T04:16:05Z</time>
      </trkpt>
      <trkpt lat="21.2245783" lon="72.7553183">
        <time>2026-08-02T04:16:11Z</time>
      </trkpt>
      <trkpt lat="21.2245783" lon="72.7553183">
        <time>2026-08-02T04:16:17Z</time>
      </trkpt>
      <trkpt lat="21.2245783" lon="72.7553183">
        <time>2026-08-02T04:16:23Z</time>
      </trkpt>
      <trkpt lat="21.2245783" lon="72.7553183">
        <time>2026-08-02T04:16:29Z</time>
      </trkpt>
      <trkpt lat="21.2245783" lon="72.7553183">
        <time>2026-08-02T04:16:35Z</time>
      </trkpt>
      <trkpt lat="21.2245783" lon="72.7553183">
        <time>2026-08-02T04:16:41Z</time>
      </trkpt>
      <trkpt lat="21.2245783" lon="72.7553183">
        <time>2026-08-02T04:16:47Z</time>
      </trkpt>
      <trkpt lat="21.2245783" lon="72.7553183">
        <time>2026-08-02T04:16:53Z</time>
      </trkpt>
      <trkpt lat="21.2245783" lon="72.7553183">
        <time>2026-08-02T04:16:59Z</time>
      </trkpt>
      <trkpt lat="21.2245783" lon="72.7553183">
        <time>2026-08-02T04:17:05Z</time>
      </trkpt>
      <trkpt lat="21.2245783" lon="72.7553183">
        <time>2026-08-02T04:17:11Z</time>
      </trkpt>
      <trkpt lat="21.2245783" lon="72.7553183">
        <time>2026-08-02T04:17:17Z</time>
      </trkpt>
      <trkpt lat="21.2245783" lon="72.7553183">
        <time>2026-08-02T04:17:23Z</time>
      </trkpt>
      <trkpt lat="21.2245783" lon="72.7553183">
        <time>2026-08-02T04:17:29Z</time>
      </trkpt>
      <trkpt lat="21.2245783" lon="72.7553183">
        <time>2026-08-02T04:17:35Z</time>
      </trkpt>
      <trkpt lat="21.2245783" lon="72.7553183">
        <time>2026-08-02T04:17:41Z</time>
      </trkpt>
      <trkpt lat="21.2245783" lon="72.7553183">
        <time>2026-08-02T04:17:47Z</time>
      </trkpt>
      <trkpt lat="21.2245783" lon="72.7553183">
        <time>2026-08-02T04:17:53Z</time>
      </trkpt>
      <trkpt lat="21.2245783" lon="72.7553183">
        <time>2026-08-02T04:17:59Z</time>
      </trkpt>
      <trkpt lat="21.2245783" lon="72.7553183">
        <time>2026-08-02T04:18:05Z</time>
      </trkpt>
      <trkpt lat="21.2245783" lon="72.7553183">
        <time>2026-08-02T04:18:11Z</time>
      </trkpt>
      <trkpt lat="21.2245767" lon="72.7553083">
        <time>2026-08-02T04:18:17Z</time>
      </trkpt>
      <trkpt lat="21.2245450" lon="72.7553283">
        <time>2026-08-02T04:18:23Z</time>
      </trkpt>
      <trkpt lat="21.2244717" lon="72.7553183">
        <time>2026-08-02T04:18:29Z</time>
      </trkpt>
      <trkpt lat="21.2244200" lon="72.7552833">
        <time>2026-08-02T04:18:35Z</time>
      </trkpt>
      <trkpt lat="21.2243567" lon="72.7552433">
        <time>2026-08-02T04:18:41Z</time>
      </trkpt>
      <trkpt lat="21.2243433" lon="72.7551767">
        <time>2026-08-02T04:18:47Z</time>
      </trkpt>
      <trkpt lat="21.2243450" lon="72.7551533">
        <time>2026-08-02T04:18:53Z</time>
      </trkpt>
      <trkpt lat="21.2243333" lon="72.7551383">
        <time>2026-08-02T04:18:59Z</time>
      </trkpt>
      <trkpt lat="21.2243383" lon="72.7551250">
        <time>2026-08-02T04:19:05Z</time>
      </trkpt>
      <trkpt lat="21.2243383" lon="72.7551250">
        <time>2026-08-02T04:19:11Z</time>
      </trkpt>
      <trkpt lat="21.2243383" lon="72.7551250">
        <time>2026-08-02T04:19:17Z</time>
      </trkpt>
      <trkpt lat="21.2243383" lon="72.7551250">
        <time>2026-08-02T04:19:23Z</time>
      </trkpt>
      <trkpt lat="21.2243383" lon="72.7551250">
        <time>2026-08-02T04:19:29Z</time>
      </trkpt>
      <trkpt lat="21.2243383" lon="72.7551250">
        <time>2026-08-02T04:19:35Z</time>
      </trkpt>
      <trkpt lat="21.2243383" lon="72.7551250">
        <time>2026-08-02T04:19:41Z</time>
      </trkpt>
      <trkpt lat="21.2243383" lon="72.7551250">
        <time>2026-08-02T04:19:47Z</time>
      </trkpt>
      <trkpt lat="21.2243383" lon="72.7551250">
        <time>2026-08-02T04:19:53Z</time>
      </trkpt>
      <trkpt lat="21.2243383" lon="72.7551250">
        <time>2026-08-02T04:20:00Z</time>
      </trkpt>
      <trkpt lat="21.2243383" lon="72.7551250">
        <time>2026-08-02T04:20:06Z</time>
      </trkpt>
      <trkpt lat="21.2243383" lon="72.7551250">
        <time>2026-08-02T04:20:12Z</time>
      </trkpt>
      <trkpt lat="21.2243383" lon="72.7551250">
        <time>2026-08-02T04:20:18Z</time>
      </trkpt>
      <trkpt lat="21.2243383" lon="72.7551250">
        <time>2026-08-02T04:20:24Z</time>
      </trkpt>
      <trkpt lat="21.2242700" lon="72.7552150">
        <time>2026-08-02T04:20:30Z</time>
      </trkpt>
      <trkpt lat="21.2242617" lon="72.7552383">
        <time>2026-08-02T04:20:36Z</time>
      </trkpt>
      <trkpt lat="21.2242667" lon="72.7552417">
        <time>2026-08-02T04:20:42Z</time>
      </trkpt>
      <trkpt lat="21.2242667" lon="72.7552417">
        <time>2026-08-02T04:20:48Z</time>
      </trkpt>
      <trkpt lat="21.2242667" lon="72.7552417">
        <time>2026-08-02T04:20:54Z</time>
      </trkpt>
      <trkpt lat="21.2242667" lon="72.7552417">
        <time>2026-08-02T04:21:00Z</time>
      </trkpt>
      <trkpt lat="21.2242667" lon="72.7552417">
        <time>2026-08-02T04:21:06Z</time>
      </trkpt>
      <trkpt lat="21.2242667" lon="72.7552417">
        <time>2026-08-02T04:21:12Z</time>
      </trkpt>
      <trkpt lat="21.2242667" lon="72.7552417">
        <time>2026-08-02T04:21:18Z</time>
      </trkpt>
      <trkpt lat="21.2242667" lon="72.7552417">
        <time>2026-08-02T04:21:24Z</time>
      </trkpt>
      <trkpt lat="21.2242667" lon="72.7552417">
        <time>2026-08-02T04:21:30Z</time>
      </trkpt>
      <trkpt lat="21.2242667" lon="72.7552417">
        <time>2026-08-02T04:21:36Z</time>
      </trkpt>
      <trkpt lat="21.2242667" lon="72.7552417">
        <time>2026-08-02T04:21:42Z</time>
      </trkpt>
      <trkpt lat="21.2242667" lon="72.7552417">
        <time>2026-08-02T04:21:48Z</time>
      </trkpt>
      <trkpt lat="21.2242667" lon="72.7552417">
        <time>2026-08-02T04:21:54Z</time>
      </trkpt>
      <trkpt lat="21.2242667" lon="72.7552417">
        <time>2026-08-02T04:22:00Z</time>
      </trkpt>
      <trkpt lat="21.2242667" lon="72.7552417">
        <time>2026-08-02T04:22:06Z</time>
      </trkpt>
      <trkpt lat="21.2242667" lon="72.7552417">
        <time>2026-08-02T04:22:12Z</time>
      </trkpt>
      <trkpt lat="21.2242667" lon="72.7552417">
        <time>2026-08-02T04:22:18Z</time>
      </trkpt>
      <trkpt lat="21.2242667" lon="72.7552417">
        <time>2026-08-02T04:22:24Z</time>
      </trkpt>
      <trkpt lat="21.2242667" lon="72.7552417">
        <time>2026-08-02T04:22:30Z</time>
      </trkpt>
      <trkpt lat="21.2242667" lon="72.7552417">
        <time>2026-08-02T04:22:36Z</time>
      </trkpt>
      <trkpt lat="21.2242667" lon="72.7552417">
        <time>2026-08-02T04:22:42Z</time>
      </trkpt>
      <trkpt lat="21.2242667" lon="72.7552417">
        <time>2026-08-02T04:22:48Z</time>
      </trkpt>
      <trkpt lat="21.2242667" lon="72.7552417">
        <time>2026-08-02T04:22:54Z</time>
      </trkpt>
      <trkpt lat="21.2242667" lon="72.7552417">
        <time>2026-08-02T04:23:00Z</time>
      </trkpt>
      <trkpt lat="21.2242667" lon="72.7552417">
        <time>2026-08-02T04:23:06Z</time>
      </trkpt>
      <trkpt lat="21.2243867" lon="72.7551900">
        <time>2026-08-02T04:23:12Z</time>
      </trkpt>
      <trkpt lat="21.2243933" lon="72.7551617">
        <time>2026-08-02T04:23:18Z</time>
      </trkpt>
      <trkpt lat="21.2243800" lon="72.7551367">
        <time>2026-08-02T04:23:24Z</time>
      </trkpt>
      <trkpt lat="21.2243667" lon="72.7551317">
        <time>2026-08-02T04:23:30Z</time>
      </trkpt>
      <trkpt lat="21.2243650" lon="72.7551350">
        <time>2026-08-02T04:23:36Z</time>
      </trkpt>
      <trkpt lat="21.2243650" lon="72.7551350">
        <time>2026-08-02T04:23:42Z</time>
      </trkpt>
      <trkpt lat="21.2243650" lon="72.7551350">
        <time>2026-08-02T04:23:49Z</time>
      </trkpt>
      <trkpt lat="21.2243650" lon="72.7551350">
        <time>2026-08-02T04:23:55Z</time>
      </trkpt>
      <trkpt lat="21.2243650" lon="72.7551350">
        <time>2026-08-02T04:24:01Z</time>
      </trkpt>
      <trkpt lat="21.2243233" lon="72.7552233">
        <time>2026-08-02T04:24:07Z</time>
      </trkpt>
      <trkpt lat="21.2243233" lon="72.7552317">
        <time>2026-08-02T04:24:13Z</time>
      </trkpt>
      <trkpt lat="21.2243233" lon="72.7552317">
        <time>2026-08-02T04:24:19Z</time>
      </trkpt>
      <trkpt lat="21.2243233" lon="72.7552317">
        <time>2026-08-02T04:24:25Z</time>
      </trkpt>
      <trkpt lat="21.2243233" lon="72.7552317">
        <time>2026-08-02T04:24:31Z</time>
      </trkpt>
      <trkpt lat="21.2243233" lon="72.7552317">
        <time>2026-08-02T04:24:37Z</time>
      </trkpt>
      <trkpt lat="21.2243233" lon="72.7552317">
        <time>2026-08-02T04:24:43Z</time>
      </trkpt>
      <trkpt lat="21.2243233" lon="72.7552317">
        <time>2026-08-02T04:24:49Z</time>
      </trkpt>
      <trkpt lat="21.2243233" lon="72.7552317">
        <time>2026-08-02T04:24:55Z</time>
      </trkpt>
      <trkpt lat="21.2243233" lon="72.7552317">
        <time>2026-08-02T04:25:01Z</time>
      </trkpt>
      <trkpt lat="21.2243233" lon="72.7552317">
        <time>2026-08-02T04:25:07Z</time>
      </trkpt>
      <trkpt lat="21.2243933" lon="72.7552683">
        <time>2026-08-02T04:25:13Z</time>
      </trkpt>
      <trkpt lat="21.2244517" lon="72.7552800">
        <time>2026-08-02T04:25:19Z</time>
      </trkpt>
      <trkpt lat="21.2245000" lon="72.7552950">
        <time>2026-08-02T04:25:25Z</time>
      </trkpt>
      <trkpt lat="21.2245467" lon="72.7553150">
        <time>2026-08-02T04:25:31Z</time>
      </trkpt>
      <trkpt lat="21.2245733" lon="72.7553367">
        <time>2026-08-02T04:25:37Z</time>
      </trkpt>
      <trkpt lat="21.2245733" lon="72.7553367">
        <time>2026-08-02T04:25:43Z</time>
      </trkpt>
      <trkpt lat="21.2245733" lon="72.7553367">
        <time>2026-08-02T04:25:49Z</time>
      </trkpt>
      <trkpt lat="21.2245800" lon="72.7553533">
        <time>2026-08-02T04:25:55Z</time>
      </trkpt>
      <trkpt lat="21.2245800" lon="72.7553533">
        <time>2026-08-02T04:26:01Z</time>
      </trkpt>
      <trkpt lat="21.2245800" lon="72.7553533">
        <time>2026-08-02T04:26:07Z</time>
      </trkpt>
      <trkpt lat="21.2245800" lon="72.7553533">
        <time>2026-08-02T04:26:13Z</time>
      </trkpt>
      <trkpt lat="21.2245800" lon="72.7553533">
        <time>2026-08-02T04:26:19Z</time>
      </trkpt>
      <trkpt lat="21.2246083" lon="72.7554267">
        <time>2026-08-02T04:26:25Z</time>
      </trkpt>
      <trkpt lat="21.2245867" lon="72.7554700">
        <time>2026-08-02T04:26:31Z</time>
      </trkpt>
      <trkpt lat="21.2245900" lon="72.7555000">
        <time>2026-08-02T04:26:37Z</time>
      </trkpt>
      <trkpt lat="21.2246417" lon="72.7555967">
        <time>2026-08-02T04:26:43Z</time>
      </trkpt>
      <trkpt lat="21.2248050" lon="72.7557100">
        <time>2026-08-02T04:26:49Z</time>
      </trkpt>
      <trkpt lat="21.2250967" lon="72.7558900">
        <time>2026-08-02T04:26:55Z</time>
      </trkpt>
      <trkpt lat="21.2254517" lon="72.7561033">
        <time>2026-08-02T04:27:01Z</time>
      </trkpt>
      <trkpt lat="21.2258617" lon="72.7563767">
        <time>2026-08-02T04:27:07Z</time>
      </trkpt>
      <trkpt lat="21.2263250" lon="72.7567017">
        <time>2026-08-02T04:27:13Z</time>
      </trkpt>
      <trkpt lat="21.2268083" lon="72.7570317">
        <time>2026-08-02T04:27:19Z</time>
      </trkpt>
      <trkpt lat="21.2272900" lon="72.7573517">
        <time>2026-08-02T04:27:25Z</time>
      </trkpt>
      <trkpt lat="21.2277733" lon="72.7576867">
        <time>2026-08-02T04:27:31Z</time>
      </trkpt>
      <trkpt lat="21.2282750" lon="72.7580067">
        <time>2026-08-02T04:27:37Z</time>
      </trkpt>
      <trkpt lat="21.2287417" lon="72.7583150">
        <time>2026-08-02T04:27:43Z</time>
      </trkpt>
      <trkpt lat="21.2292433" lon="72.7586050">
        <time>2026-08-02T04:27:49Z</time>
      </trkpt>
      <trkpt lat="21.2297867" lon="72.7588883">
        <time>2026-08-02T04:27:55Z</time>
      </trkpt>
      <trkpt lat="21.2303517" lon="72.7591900">
        <time>2026-08-02T04:28:01Z</time>
      </trkpt>
      <trkpt lat="21.2309017" lon="72.7594950">
        <time>2026-08-02T04:28:07Z</time>
      </trkpt>
      <trkpt lat="21.2314900" lon="72.7597600">
        <time>2026-08-02T04:28:13Z</time>
      </trkpt>
      <trkpt lat="21.2320567" lon="72.7600167">
        <time>2026-08-02T04:28:19Z</time>
      </trkpt>
      <trkpt lat="21.2325950" lon="72.7603000">
        <time>2026-08-02T04:28:25Z</time>
      </trkpt>
      <trkpt lat="21.2331167" lon="72.7606067">
        <time>2026-08-02T04:28:31Z</time>
      </trkpt>
      <trkpt lat="21.2336533" lon="72.7609300">
        <time>2026-08-02T04:28:37Z</time>
      </trkpt>
      <trkpt lat="21.2342117" lon="72.7612733">
        <time>2026-08-02T04:28:43Z</time>
      </trkpt>
      <trkpt lat="21.2347717" lon="72.7616150">
        <time>2026-08-02T04:28:49Z</time>
      </trkpt>
      <trkpt lat="21.2353400" lon="72.7619717">
        <time>2026-08-02T04:28:55Z</time>
      </trkpt>
      <trkpt lat="21.2358317" lon="72.7622783">
        <time>2026-08-02T04:29:01Z</time>
      </trkpt>
      <trkpt lat="21.2363000" lon="72.7625767">
        <time>2026-08-02T04:29:07Z</time>
      </trkpt>
      <trkpt lat="21.2368100" lon="72.7628917">
        <time>2026-08-02T04:29:13Z</time>
      </trkpt>
      <trkpt lat="21.2373100" lon="72.7632033">
        <time>2026-08-02T04:29:19Z</time>
      </trkpt>
      <trkpt lat="21.2377917" lon="72.7634900">
        <time>2026-08-02T04:29:25Z</time>
      </trkpt>
      <trkpt lat="21.2381517" lon="72.7637133">
        <time>2026-08-02T04:29:31Z</time>
      </trkpt>
      <trkpt lat="21.2382583" lon="72.7637767">
        <time>2026-08-02T04:29:37Z</time>
      </trkpt>
      <trkpt lat="21.2383933" lon="72.7638600">
        <time>2026-08-02T04:29:43Z</time>
      </trkpt>
      <trkpt lat="21.2385700" lon="72.7639650">
        <time>2026-08-02T04:29:49Z</time>
      </trkpt>
      <trkpt lat="21.2388000" lon="72.7641150">
        <time>2026-08-02T04:29:55Z</time>
      </trkpt>
      <trkpt lat="21.2390317" lon="72.7642583">
        <time>2026-08-02T04:30:01Z</time>
      </trkpt>
      <trkpt lat="21.2392817" lon="72.7644333">
        <time>2026-08-02T04:30:07Z</time>
      </trkpt>
      <trkpt lat="21.2395483" lon="72.7646167">
        <time>2026-08-02T04:30:13Z</time>
      </trkpt>
      <trkpt lat="21.2398583" lon="72.7648100">
        <time>2026-08-02T04:30:19Z</time>
      </trkpt>
      <trkpt lat="21.2402000" lon="72.7650467">
        <time>2026-08-02T04:30:25Z</time>
      </trkpt>
      <trkpt lat="21.2405767" lon="72.7652833">
        <time>2026-08-02T04:30:31Z</time>
      </trkpt>
      <trkpt lat="21.2409683" lon="72.7655367">
        <time>2026-08-02T04:30:37Z</time>
      </trkpt>
      <trkpt lat="21.2413717" lon="72.7657983">
        <time>2026-08-02T04:30:43Z</time>
      </trkpt>
      <trkpt lat="21.2418117" lon="72.7660850">
        <time>2026-08-02T04:30:49Z</time>
      </trkpt>
      <trkpt lat="21.2422567" lon="72.7663983">
        <time>2026-08-02T04:30:55Z</time>
      </trkpt>
      <trkpt lat="21.2426717" lon="72.7667150">
        <time>2026-08-02T04:31:01Z</time>
      </trkpt>
      <trkpt lat="21.2430700" lon="72.7670317">
        <time>2026-08-02T04:31:07Z</time>
      </trkpt>
      <trkpt lat="21.2433300" lon="72.7674750">
        <time>2026-08-02T04:31:13Z</time>
      </trkpt>
      <trkpt lat="21.2434950" lon="72.7679750">
        <time>2026-08-02T04:31:19Z</time>
      </trkpt>
      <trkpt lat="21.2436650" lon="72.7684800">
        <time>2026-08-02T04:31:25Z</time>
      </trkpt>
      <trkpt lat="21.2438717" lon="72.7690000">
        <time>2026-08-02T04:31:31Z</time>
      </trkpt>
      <trkpt lat="21.2441000" lon="72.7695367">
        <time>2026-08-02T04:31:37Z</time>
      </trkpt>
      <trkpt lat="21.2443250" lon="72.7700600">
        <time>2026-08-02T04:31:43Z</time>
      </trkpt>
      <trkpt lat="21.2445433" lon="72.7705883">
        <time>2026-08-02T04:31:49Z</time>
      </trkpt>
      <trkpt lat="21.2447667" lon="72.7711267">
        <time>2026-08-02T04:31:55Z</time>
      </trkpt>
      <trkpt lat="21.2449933" lon="72.7716567">
        <time>2026-08-02T04:32:01Z</time>
      </trkpt>
      <trkpt lat="21.2452217" lon="72.7721950">
        <time>2026-08-02T04:32:07Z</time>
      </trkpt>
      <trkpt lat="21.2454450" lon="72.7727417">
        <time>2026-08-02T04:32:13Z</time>
      </trkpt>
      <trkpt lat="21.2456750" lon="72.7733050">
        <time>2026-08-02T04:32:19Z</time>
      </trkpt>
      <trkpt lat="21.2459050" lon="72.7738517">
        <time>2026-08-02T04:32:25Z</time>
      </trkpt>
      <trkpt lat="21.2461350" lon="72.7744100">
        <time>2026-08-02T04:32:31Z</time>
      </trkpt>
      <trkpt lat="21.2463583" lon="72.7749650">
        <time>2026-08-02T04:32:37Z</time>
      </trkpt>
      <trkpt lat="21.2465917" lon="72.7755367">
        <time>2026-08-02T04:32:43Z</time>
      </trkpt>
      <trkpt lat="21.2468367" lon="72.7761233">
        <time>2026-08-02T04:32:49Z</time>
      </trkpt>
      <trkpt lat="21.2470733" lon="72.7767167">
        <time>2026-08-02T04:32:55Z</time>
      </trkpt>
      <trkpt lat="21.2473233" lon="72.7773150">
        <time>2026-08-02T04:33:01Z</time>
      </trkpt>
      <trkpt lat="21.2475817" lon="72.7779317">
        <time>2026-08-02T04:33:07Z</time>
      </trkpt>
      <trkpt lat="21.2478433" lon="72.7785650">
        <time>2026-08-02T04:33:13Z</time>
      </trkpt>
      <trkpt lat="21.2480983" lon="72.7791800">
        <time>2026-08-02T04:33:19Z</time>
      </trkpt>
      <trkpt lat="21.2483633" lon="72.7797967">
        <time>2026-08-02T04:33:25Z</time>
      </trkpt>
      <trkpt lat="21.2486067" lon="72.7803667">
        <time>2026-08-02T04:33:31Z</time>
      </trkpt>
      <trkpt lat="21.2487867" lon="72.7807717">
        <time>2026-08-02T04:33:37Z</time>
      </trkpt>
      <trkpt lat="21.2488700" lon="72.7809467">
        <time>2026-08-02T04:33:43Z</time>
      </trkpt>
      <trkpt lat="21.2489367" lon="72.7810917">
        <time>2026-08-02T04:33:49Z</time>
      </trkpt>
      <trkpt lat="21.2489917" lon="72.7812633">
        <time>2026-08-02T04:33:55Z</time>
      </trkpt>
      <trkpt lat="21.2490533" lon="72.7814383">
        <time>2026-08-02T04:34:01Z</time>
      </trkpt>
      <trkpt lat="21.2491017" lon="72.7815500">
        <time>2026-08-02T04:34:07Z</time>
      </trkpt>
      <trkpt lat="21.2491600" lon="72.7816500">
        <time>2026-08-02T04:34:13Z</time>
      </trkpt>
      <trkpt lat="21.2492333" lon="72.7817383">
        <time>2026-08-02T04:34:19Z</time>
      </trkpt>
      <trkpt lat="21.2493333" lon="72.7818133">
        <time>2026-08-02T04:34:25Z</time>
      </trkpt>
      <trkpt lat="21.2494483" lon="72.7819150">
        <time>2026-08-02T04:34:31Z</time>
      </trkpt>
      <trkpt lat="21.2495750" lon="72.7821233">
        <time>2026-08-02T04:34:37Z</time>
      </trkpt>
      <trkpt lat="21.2496783" lon="72.7823800">
        <time>2026-08-02T04:34:43Z</time>
      </trkpt>
      <trkpt lat="21.2497433" lon="72.7825583">
        <time>2026-08-02T04:34:49Z</time>
      </trkpt>
      <trkpt lat="21.2498283" lon="72.7827633">
        <time>2026-08-02T04:34:55Z</time>
      </trkpt>
      <trkpt lat="21.2499467" lon="72.7830600">
        <time>2026-08-02T04:35:01Z</time>
      </trkpt>
    </trkseg>
  </trk>
  <trk>
    <name>2026_08_17_04_18_Mon.gpx</name>
    <desc>2026-08-17_04-18_Mon</desc>
    <url>/user/AWANISH%20KUMAR%20RAI/traces/12475058</url>
    <trkseg>
      <trkpt lat="21.1701933" lon="72.8315500">
        <time>2026-08-16T22:48:49Z</time>
      </trkpt>
      <trkpt lat="21.1701933" lon="72.8315500">
        <time>2026-08-16T22:48:55Z</time>
      </trkpt>
      <trkpt lat="21.1701933" lon="72.8315500">
        <time>2026-08-16T22:49:01Z</time>
      </trkpt>
      <trkpt lat="21.1701933" lon="72.8315500">
        <time>2026-08-16T22:49:07Z</time>
      </trkpt>
      <trkpt lat="21.1701933" lon="72.8315500">
        <time>2026-08-16T22:49:13Z</time>
      </trkpt>
      <trkpt lat="21.1701250" lon="72.8316250">
        <time>2026-08-16T22:49:19Z</time>
      </trkpt>
      <trkpt lat="21.1701250" lon="72.8316250">
        <time>2026-08-16T22:49:25Z</time>
      </trkpt>
      <trkpt lat="21.1701250" lon="72.8316250">
        <time>2026-08-16T22:49:31Z</time>
      </trkpt>
      <trkpt lat="21.1701250" lon="72.8316250">
        <time>2026-08-16T22:49:37Z</time>
      </trkpt>
      <trkpt lat="21.1701250" lon="72.8316250">
        <time>2026-08-16T22:49:43Z</time>
      </trkpt>
      <trkpt lat="21.1701250" lon="72.8316250">
        <time>2026-08-16T22:49:49Z</time>
      </trkpt>
      <trkpt lat="21.1701250" lon="72.8316250">
        <time>2026-08-16T22:49:55Z</time>
      </trkpt>
      <trkpt lat="21.1701250" lon="72.8316250">
        <time>2026-08-16T22:50:01Z</time>
      </trkpt>
      <trkpt lat="21.1701250" lon="72.8316250">
        <time>2026-08-16T22:50:07Z</time>
      </trkpt>
      <trkpt lat="21.1701250" lon="72.8316250">
        <time>2026-08-16T22:50:13Z</time>
      </trkpt>
      <trkpt lat="21.1701250" lon="72.8316250">
        <time>2026-08-16T22:50:19Z</time>
      </trkpt>
      <trkpt lat="21.1701250" lon="72.8316250">
        <time>2026-08-16T22:50:25Z</time>
      </trkpt>
      <trkpt lat="21.1701250" lon="72.8316250">
        <time>2026-08-16T22:50:31Z</time>
      </trkpt>
      <trkpt lat="21.1701250" lon="72.8316250">
        <time>2026-08-16T22:50:37Z</time>
      </trkpt>
      <trkpt lat="21.1701250" lon="72.8316250">
        <time>2026-08-16T22:50:43Z</time>
      </trkpt>
      <trkpt lat="21.1701517" lon="72.8316333">
        <time>2026-08-16T22:50:49Z</time>
      </trkpt>
      <trkpt lat="21.1699717" lon="72.8316683">
        <time>2026-08-16T22:50:55Z</time>
      </trkpt>
      <trkpt lat="21.1697567" lon="72.8316967">
        <time>2026-08-16T22:51:01Z</time>
      </trkpt>
      <trkpt lat="21.1694783" lon="72.8317383">
        <time>2026-08-16T22:51:07Z</time>
      </trkpt>
      <trkpt lat="21.1686317" lon="72.8320100">
        <time>2026-08-16T22:51:26Z</time>
      </trkpt>
      <trkpt lat="21.1683433" lon="72.8320050">
        <time>2026-08-16T22:51:32Z</time>
      </trkpt>
      <trkpt lat="21.1680483" lon="72.8319217">
        <time>2026-08-16T22:51:38Z</time>
      </trkpt>
      <trkpt lat="21.1678333" lon="72.8318250">
        <time>2026-08-16T22:51:44Z</time>
      </trkpt>
      <trkpt lat="21.1675917" lon="72.8318167">
        <time>2026-08-16T22:51:50Z</time>
      </trkpt>
      <trkpt lat="21.1672950" lon="72.8318583">
        <time>2026-08-16T22:51:56Z</time>
      </trkpt>
      <trkpt lat="21.1669567" lon="72.8319067">
        <time>2026-08-16T22:52:02Z</time>
      </trkpt>
      <trkpt lat="21.1665833" lon="72.8319667">
        <time>2026-08-16T22:52:08Z</time>
      </trkpt>
      <trkpt lat="21.1662233" lon="72.8320250">
        <time>2026-08-16T22:52:14Z</time>
      </trkpt>
      <trkpt lat="21.1658067" lon="72.8320700">
        <time>2026-08-16T22:52:20Z</time>
      </trkpt>
      <trkpt lat="21.1654183" lon="72.8320850">
        <time>2026-08-16T22:52:26Z</time>
      </trkpt>
      <trkpt lat="21.1650750" lon="72.8321033">
        <time>2026-08-16T22:52:32Z</time>
      </trkpt>
      <trkpt lat="21.1648167" lon="72.8321333">
        <time>2026-08-16T22:52:38Z</time>
      </trkpt>
      <trkpt lat="21.1646550" lon="72.8321083">
        <time>2026-08-16T22:52:44Z</time>
      </trkpt>
      <trkpt lat="21.1646067" lon="72.8319017">
        <time>2026-08-16T22:52:50Z</time>
      </trkpt>
      <trkpt lat="21.1645317" lon="72.8316117">
        <time>2026-08-16T22:52:56Z</time>
      </trkpt>
      <trkpt lat="21.1644367" lon="72.8312867">
        <time>2026-08-16T22:53:02Z</time>
      </trkpt>
      <trkpt lat="21.1643217" lon="72.8309333">
        <time>2026-08-16T22:53:08Z</time>
      </trkpt>
      <trkpt lat="21.1642167" lon="72.8306217">
        <time>2026-08-16T22:53:14Z</time>
      </trkpt>
      <trkpt lat="21.1640900" lon="72.8304767">
        <time>2026-08-16T22:53:20Z</time>
      </trkpt>
      <trkpt lat="21.1638333" lon="72.8304683">
        <time>2026-08-16T22:53:26Z</time>
      </trkpt>
      <trkpt lat="21.1634950" lon="72.8304900">
        <time>2026-08-16T22:53:32Z</time>
      </trkpt>
      <trkpt lat="21.1631767" lon="72.8305333">
        <time>2026-08-16T22:53:38Z</time>
      </trkpt>
      <trkpt lat="21.1628350" lon="72.8306183">
        <time>2026-08-16T22:53:44Z</time>
      </trkpt>
      <trkpt lat="21.1624317" lon="72.8307333">
        <time>2026-08-16T22:53:50Z</time>
      </trkpt>
      <trkpt lat="21.1620417" lon="72.8308483">
        <time>2026-08-16T22:53:56Z</time>
      </trkpt>
      <trkpt lat="21.1616867" lon="72.8309283">
        <time>2026-08-16T22:54:02Z</time>
      </trkpt>
      <trkpt lat="21.1613300" lon="72.8310283">
        <time>2026-08-16T22:54:08Z</time>
      </trkpt>
      <trkpt lat="21.1609900" lon="72.8311017">
        <time>2026-08-16T22:54:14Z</time>
      </trkpt>
      <trkpt lat="21.1605950" lon="72.8312183">
        <time>2026-08-16T22:54:20Z</time>
      </trkpt>
      <trkpt lat="21.1601800" lon="72.8313183">
        <time>2026-08-16T22:54:26Z</time>
      </trkpt>
      <trkpt lat="21.1597717" lon="72.8314317">
        <time>2026-08-16T22:54:32Z</time>
      </trkpt>
      <trkpt lat="21.1593983" lon="72.8315417">
        <time>2026-08-16T22:54:38Z</time>
      </trkpt>
      <trkpt lat="21.1590133" lon="72.8316417">
        <time>2026-08-16T22:54:44Z</time>
      </trkpt>
      <trkpt lat="21.1586767" lon="72.8317067">
        <time>2026-08-16T22:54:50Z</time>
      </trkpt>
      <trkpt lat="21.1582800" lon="72.8317683">
        <time>2026-08-16T22:54:56Z</time>
      </trkpt>
      <trkpt lat="21.1579933" lon="72.8318217">
        <time>2026-08-16T22:55:02Z</time>
      </trkpt>
      <trkpt lat="21.1576517" lon="72.8319050">
        <time>2026-08-16T22:55:08Z</time>
      </trkpt>
      <trkpt lat="21.1572983" lon="72.8319950">
        <time>2026-08-16T22:55:14Z</time>
      </trkpt>
      <trkpt lat="21.1569000" lon="72.8320717">
        <time>2026-08-16T22:55:20Z</time>
      </trkpt>
      <trkpt lat="21.1565250" lon="72.8321383">
        <time>2026-08-16T22:55:26Z</time>
      </trkpt>
      <trkpt lat="21.1561667" lon="72.8322217">
        <time>2026-08-16T22:55:32Z</time>
      </trkpt>
      <trkpt lat="21.1557617" lon="72.8323033">
        <time>2026-08-16T22:55:38Z</time>
      </trkpt>
      <trkpt lat="21.1554033" lon="72.8323583">
        <time>2026-08-16T22:55:44Z</time>
      </trkpt>
      <trkpt lat="21.1550283" lon="72.8324383">
        <time>2026-08-16T22:55:50Z</time>
      </trkpt>
      <trkpt lat="21.1546800" lon="72.8325100">
        <time>2026-08-16T22:55:56Z</time>
      </trkpt>
      <trkpt lat="21.1543333" lon="72.8325967">
        <time>2026-08-16T22:56:02Z</time>
      </trkpt>
      <trkpt lat="21.1539500" lon="72.8326800">
        <time>2026-08-16T22:56:08Z</time>
      </trkpt>
      <trkpt lat="21.1535800" lon="72.8327600">
        <time>2026-08-16T22:56:14Z</time>
      </trkpt>
      <trkpt lat="21.1531733" lon="72.8328350">
        <time>2026-08-16T22:56:20Z</time>
      </trkpt>
      <trkpt lat="21.1527533" lon="72.8329167">
        <time>2026-08-16T22:56:26Z</time>
      </trkpt>
      <trkpt lat="21.1523700" lon="72.8329817">
        <time>2026-08-16T22:56:32Z</time>
      </trkpt>
      <trkpt lat="21.1520550" lon="72.8330517">
        <time>2026-08-16T22:56:38Z</time>
      </trkpt>
      <trkpt lat="21.1517433" lon="72.8331117">
        <time>2026-08-16T22:56:44Z</time>
      </trkpt>
      <trkpt lat="21.1514900" lon="72.8331767">
        <time>2026-08-16T22:56:50Z</time>
      </trkpt>
      <trkpt lat="21.1513133" lon="72.8332183">
        <time>2026-08-16T22:56:56Z</time>
      </trkpt>
      <trkpt lat="21.1510900" lon="72.8333117">
        <time>2026-08-16T22:57:02Z</time>
      </trkpt>
      <trkpt lat="21.1509667" lon="72.8334500">
        <time>2026-08-16T22:57:08Z</time>
      </trkpt>
      <trkpt lat="21.1510100" lon="72.8337033">
        <time>2026-08-16T22:57:14Z</time>
      </trkpt>
      <trkpt lat="21.1510400" lon="72.8339483">
        <time>2026-08-16T22:57:20Z</time>
      </trkpt>
      <trkpt lat="21.1510567" lon="72.8341933">
        <time>2026-08-16T22:57:26Z</time>
      </trkpt>
      <trkpt lat="21.1510983" lon="72.8344583">
        <time>2026-08-16T22:57:32Z</time>
      </trkpt>
      <trkpt lat="21.1511267" lon="72.8347583">
        <time>2026-08-16T22:57:38Z</time>
      </trkpt>
      <trkpt lat="21.1511433" lon="72.8350467">
        <time>2026-08-16T22:57:44Z</time>
      </trkpt>
      <trkpt lat="21.1511767" lon="72.8352833">
        <time>2026-08-16T22:57:50Z</time>
      </trkpt>
      <trkpt lat="21.1512000" lon="72.8353717">
        <time>2026-08-16T22:57:56Z</time>
      </trkpt>
      <trkpt lat="21.1512833" lon="72.8354267">
        <time>2026-08-16T22:58:02Z</time>
      </trkpt>
      <trkpt lat="21.1513767" lon="72.8353833">
        <time>2026-08-16T22:58:08Z</time>
      </trkpt>
      <trkpt lat="21.1514700" lon="72.8353367">
        <time>2026-08-16T22:58:14Z</time>
      </trkpt>
      <trkpt lat="21.1516450" lon="72.8353067">
        <time>2026-08-16T22:58:20Z</time>
      </trkpt>
      <trkpt lat="21.1517667" lon="72.8352783">
        <time>2026-08-16T22:58:26Z</time>
      </trkpt>
      <trkpt lat="21.1518233" lon="72.8352617">
        <time>2026-08-16T22:58:32Z</time>
      </trkpt>
      <trkpt lat="21.1518267" lon="72.8352617">
        <time>2026-08-16T22:58:38Z</time>
      </trkpt>
      <trkpt lat="21.1518267" lon="72.8352617">
        <time>2026-08-16T22:58:44Z</time>
      </trkpt>
      <trkpt lat="21.1518267" lon="72.8352617">
        <time>2026-08-16T22:58:50Z</time>
      </trkpt>
      <trkpt lat="21.1518267" lon="72.8352617">
        <time>2026-08-16T22:58:56Z</time>
      </trkpt>
      <trkpt lat="21.1519317" lon="72.8352717">
        <time>2026-08-16T22:59:02Z</time>
      </trkpt>
    </trkseg>
  </trk>
  <trk>
    <name>2026_08_17_04_29_Mon.gpx</name>
    <desc>2026-08-17_04-29_Mon</desc>
    <url>/user/AWANISH%20KUMAR%20RAI/traces/12475057</url>
    <trkseg>
      <trkpt lat="21.1519317" lon="72.8352717">
        <time>2026-08-16T22:59:08Z</time>
      </trkpt>
    </trkseg>
  </trk>
  <trk>
    <name>2026_08_17_13_00_Mon.gpx</name>
    <desc>2026-08-17_13-00_Mon</desc>
    <url>/user/AWANISH%20KUMAR%20RAI/traces/12475054</url>
    <trkseg>
      <trkpt lat="21.1512283" lon="72.8364150">
        <time>2026-08-17T07:30:04Z</time>
      </trkpt>
      <trkpt lat="21.1512283" lon="72.8364167">
        <time>2026-08-17T07:30:10Z</time>
      </trkpt>
      <trkpt lat="21.1512283" lon="72.8364167">
        <time>2026-08-17T07:30:16Z</time>
      </trkpt>
      <trkpt lat="21.1512283" lon="72.8364167">
        <time>2026-08-17T07:30:22Z</time>
      </trkpt>
      <trkpt lat="21.1512283" lon="72.8364167">
        <time>2026-08-17T07:30:28Z</time>
      </trkpt>
      <trkpt lat="21.1512283" lon="72.8364167">
        <time>2026-08-17T07:30:34Z</time>
      </trkpt>
      <trkpt lat="21.1512283" lon="72.8364167">
        <time>2026-08-17T07:30:40Z</time>
      </trkpt>
      <trkpt lat="21.1512283" lon="72.8364167">
        <time>2026-08-17T07:30:46Z</time>
      </trkpt>
      <trkpt lat="21.1512167" lon="72.8364750">
        <time>2026-08-17T07:30:52Z</time>
      </trkpt>
      <trkpt lat="21.1512050" lon="72.8365583">
        <time>2026-08-17T07:30:58Z</time>
      </trkpt>
      <trkpt lat="21.1512167" lon="72.8367600">
        <time>2026-08-17T07:31:04Z</time>
      </trkpt>
      <trkpt lat="21.1512383" lon="72.8369767">
        <time>2026-08-17T07:31:10Z</time>
      </trkpt>
      <trkpt lat="21.1512650" lon="72.8371950">
        <time>2026-08-17T07:31:16Z</time>
      </trkpt>
      <trkpt lat="21.1513083" lon="72.8374750">
        <time>2026-08-17T07:31:22Z</time>
      </trkpt>
      <trkpt lat="21.1513300" lon="72.8377900">
        <time>2026-08-17T07:31:28Z</time>
      </trkpt>
      <trkpt lat="21.1513417" lon="72.8380650">
        <time>2026-08-17T07:31:34Z</time>
      </trkpt>
      <trkpt lat="21.1513167" lon="72.8382300">
        <time>2026-08-17T07:31:40Z</time>
      </trkpt>
      <trkpt lat="21.1512333" lon="72.8381450">
        <time>2026-08-17T07:31:46Z</time>
      </trkpt>
      <trkpt lat="21.1512217" lon="72.8378683">
        <time>2026-08-17T07:31:52Z</time>
      </trkpt>
      <trkpt lat="21.1511667" lon="72.8375033">
        <time>2026-08-17T07:31:58Z</time>
      </trkpt>
      <trkpt lat="21.1511233" lon="72.8371083">
        <time>2026-08-17T07:32:04Z</time>
      </trkpt>
      <trkpt lat="21.1510950" lon="72.8368683">
        <time>2026-08-17T07:32:10Z</time>
      </trkpt>
      <trkpt lat="21.1510633" lon="72.8364800">
        <time>2026-08-17T07:32:16Z</time>
      </trkpt>
      <trkpt lat="21.1510117" lon="72.8359450">
        <time>2026-08-17T07:32:22Z</time>
      </trkpt>
      <trkpt lat="21.1509600" lon="72.8353367">
        <time>2026-08-17T07:32:28Z</time>
      </trkpt>
      <trkpt lat="21.1509133" lon="72.8347333">
        <time>2026-08-17T07:32:34Z</time>
      </trkpt>
      <trkpt lat="21.1508617" lon="72.8341350">
        <time>2026-08-17T07:32:40Z</time>
      </trkpt>
      <trkpt lat="21.1507900" lon="72.8334933">
        <time>2026-08-17T07:32:46Z</time>
      </trkpt>
      <trkpt lat="21.1507300" lon="72.8328933">
        <time>2026-08-17T07:32:52Z</time>
      </trkpt>
      <trkpt lat="21.1506650" lon="72.8323817">
        <time>2026-08-17T07:32:58Z</time>
      </trkpt>
      <trkpt lat="21.1505867" lon="72.8317433">
        <time>2026-08-17T07:33:04Z</time>
      </trkpt>
      <trkpt lat="21.1505000" lon="72.8310533">
        <time>2026-08-17T07:33:10Z</time>
      </trkpt>
      <trkpt lat="21.1504150" lon="72.8304250">
        <time>2026-08-17T07:33:16Z</time>
      </trkpt>
      <trkpt lat="21.1503350" lon="72.8299867">
        <time>2026-08-17T07:33:22Z</time>
      </trkpt>
      <trkpt lat="21.1502767" lon="72.8295733">
        <time>2026-08-17T07:33:28Z</time>
      </trkpt>
      <trkpt lat="21.1501983" lon="72.8291000">
        <time>2026-08-17T07:33:34Z</time>
      </trkpt>
      <trkpt lat="21.1501183" lon="72.8286517">
        <time>2026-08-17T07:33:40Z</time>
      </trkpt>
      <trkpt lat="21.1500533" lon="72.8283100">
        <time>2026-08-17T07:33:46Z</time>
      </trkpt>
      <trkpt lat="21.1499883" lon="72.8278600">
        <time>2026-08-17T07:33:52Z</time>
      </trkpt>
      <trkpt lat="21.1499367" lon="72.8275317">
        <time>2026-08-17T07:33:58Z</time>
      </trkpt>
      <trkpt lat="21.1499000" lon="72.8272000">
        <time>2026-08-17T07:34:04Z</time>
      </trkpt>
      <trkpt lat="21.1498583" lon="72.8267967">
        <time>2026-08-17T07:34:10Z</time>
      </trkpt>
      <trkpt lat="21.1498133" lon="72.8263617">
        <time>2026-08-17T07:34:16Z</time>
      </trkpt>
      <trkpt lat="21.1497583" lon="72.8258633">
        <time>2026-08-17T07:34:22Z</time>
      </trkpt>
      <trkpt lat="21.1496983" lon="72.8253733">
        <time>2026-08-17T07:34:28Z</time>
      </trkpt>
      <trkpt lat="21.1496517" lon="72.8249233">
        <time>2026-08-17T07:34:34Z</time>
      </trkpt>
      <trkpt lat="21.1496117" lon="72.8243983">
        <time>2026-08-17T07:34:40Z</time>
      </trkpt>
      <trkpt lat="21.1495700" lon="72.8239050">
        <time>2026-08-17T07:34:46Z</time>
      </trkpt>
      <trkpt lat="21.1495200" lon="72.8235267">
        <time>2026-08-17T07:34:52Z</time>
      </trkpt>
      <trkpt lat="21.1494750" lon="72.8231533">
        <time>2026-08-17T07:34:58Z</time>
      </trkpt>
      <trkpt lat="21.1494317" lon="72.8227400">
        <time>2026-08-17T07:35:04Z</time>
      </trkpt>
      <trkpt lat="21.1494000" lon="72.8222967">
        <time>2026-08-17T07:35:10Z</time>
      </trkpt>
      <trkpt lat="21.1493633" lon="72.8218567">
        <time>2026-08-17T07:35:16Z</time>
      </trkpt>
      <trkpt lat="21.1493383" lon="72.8215117">
        <time>2026-08-17T07:35:22Z</time>
      </trkpt>
      <trkpt lat="21.1492950" lon="72.8211083">
        <time>2026-08-17T07:35:28Z</time>
      </trkpt>
      <trkpt lat="21.1492467" lon="72.8205833">
        <time>2026-08-17T07:35:34Z</time>
      </trkpt>
      <trkpt lat="21.1491900" lon="72.8200083">
        <time>2026-08-17T07:35:40Z</time>
      </trkpt>
      <trkpt lat="21.1491283" lon="72.8193767">
        <time>2026-08-17T07:35:46Z</time>
      </trkpt>
      <trkpt lat="21.1490500" lon="72.8187150">
        <time>2026-08-17T07:35:52Z</time>
      </trkpt>
      <trkpt lat="21.1489433" lon="72.8181133">
        <time>2026-08-17T07:35:58Z</time>
      </trkpt>
      <trkpt lat="21.1488650" lon="72.8175417">
        <time>2026-08-17T07:36:04Z</time>
      </trkpt>
      <trkpt lat="21.1487600" lon="72.8169683">
        <time>2026-08-17T07:36:10Z</time>
      </trkpt>
      <trkpt lat="21.1486233" lon="72.8163917">
        <time>2026-08-17T07:36:16Z</time>
      </trkpt>
      <trkpt lat="21.1484917" lon="72.8158050">
        <time>2026-08-17T07:36:22Z</time>
      </trkpt>
      <trkpt lat="21.1483683" lon="72.8152383">
        <time>2026-08-17T07:36:28Z</time>
      </trkpt>
      <trkpt lat="21.1482300" lon="72.8146750">
        <time>2026-08-17T07:36:34Z</time>
      </trkpt>
      <trkpt lat="21.1480917" lon="72.8140933">
        <time>2026-08-17T07:36:40Z</time>
      </trkpt>
      <trkpt lat="21.1479467" lon="72.8135817">
        <time>2026-08-17T07:36:46Z</time>
      </trkpt>
      <trkpt lat="21.1478300" lon="72.8130767">
        <time>2026-08-17T07:36:52Z</time>
      </trkpt>
      <trkpt lat="21.1477633" lon="72.8127783">
        <time>2026-08-17T07:36:58Z</time>
      </trkpt>
      <trkpt lat="21.1477083" lon="72.8124900">
        <time>2026-08-17T07:37:04Z</time>
      </trkpt>
      <trkpt lat="21.1476333" lon="72.8121083">
        <time>2026-08-17T07:37:10Z</time>
      </trkpt>
      <trkpt lat="21.1475467" lon="72.8116700">
        <time>2026-08-17T07:37:16Z</time>
      </trkpt>
      <trkpt lat="21.1474283" lon="72.8111483">
        <time>2026-08-17T07:37:22Z</time>
      </trkpt>
      <trkpt lat="21.1472967" lon="72.8105850">
        <time>2026-08-17T07:37:28Z</time>
      </trkpt>
      <trkpt lat="21.1471533" lon="72.8099900">
        <time>2026-08-17T07:37:34Z</time>
      </trkpt>
      <trkpt lat="21.1470183" lon="72.8094467">
        <time>2026-08-17T07:37:40Z</time>
      </trkpt>
      <trkpt lat="21.1468783" lon="72.8088867">
        <time>2026-08-17T07:37:46Z</time>
      </trkpt>
      <trkpt lat="21.1467383" lon="72.8083633">
        <time>2026-08-17T07:37:52Z</time>
      </trkpt>
      <trkpt lat="21.1466433" lon="72.8079133">
        <time>2026-08-17T07:37:58Z</time>
      </trkpt>
      <trkpt lat="21.1465383" lon="72.8074617">
        <time>2026-08-17T07:38:04Z</time>
      </trkpt>
      <trkpt lat="21.1464317" lon="72.8069667">
        <time>2026-08-17T07:38:10Z</time>
      </trkpt>
      <trkpt lat="21.1463117" lon="72.8065133">
        <time>2026-08-17T07:38:16Z</time>
      </trkpt>
      <trkpt lat="21.1462150" lon="72.8061183">
        <time>2026-08-17T07:38:22Z</time>
      </trkpt>
      <trkpt lat="21.1461583" lon="72.8058433">
        <time>2026-08-17T07:38:28Z</time>
      </trkpt>
      <trkpt lat="21.1460850" lon="72.8056383">
        <time>2026-08-17T07:38:34Z</time>
      </trkpt>
      <trkpt lat="21.1460417" lon="72.8054950">
        <time>2026-08-17T07:38:40Z</time>
      </trkpt>
      <trkpt lat="21.1460250" lon="72.8053333">
        <time>2026-08-17T07:38:46Z</time>
      </trkpt>
      <trkpt lat="21.1459667" lon="72.8050983">
        <time>2026-08-17T07:38:52Z</time>
      </trkpt>
      <trkpt lat="21.1458417" lon="72.8047517">
        <time>2026-08-17T07:38:58Z</time>
      </trkpt>
      <trkpt lat="21.1456950" lon="72.8043450">
        <time>2026-08-17T07:39:04Z</time>
      </trkpt>
      <trkpt lat="21.1456217" lon="72.8040700">
        <time>2026-08-17T07:39:10Z</time>
      </trkpt>
      <trkpt lat="21.1455450" lon="72.8037783">
        <time>2026-08-17T07:39:16Z</time>
      </trkpt>
      <trkpt lat="21.1454133" lon="72.8032950">
        <time>2026-08-17T07:39:22Z</time>
      </trkpt>
      <trkpt lat="21.1452533" lon="72.8027367">
        <time>2026-08-17T07:39:28Z</time>
      </trkpt>
      <trkpt lat="21.1450850" lon="72.8021783">
        <time>2026-08-17T07:39:34Z</time>
      </trkpt>
      <trkpt lat="21.1449533" lon="72.8016467">
        <time>2026-08-17T07:39:40Z</time>
      </trkpt>
      <trkpt lat="21.1448117" lon="72.8011250">
        <time>2026-08-17T07:39:46Z</time>
      </trkpt>
      <trkpt lat="21.1446700" lon="72.8006083">
        <time>2026-08-17T07:39:52Z</time>
      </trkpt>
      <trkpt lat="21.1445233" lon="72.8001283">
        <time>2026-08-17T07:39:58Z</time>
      </trkpt>
      <trkpt lat="21.1444417" lon="72.7998267">
        <time>2026-08-17T07:40:04Z</time>
      </trkpt>
      <trkpt lat="21.1444050" lon="72.7996533">
        <time>2026-08-17T07:40:10Z</time>
      </trkpt>
      <trkpt lat="21.1443967" lon="72.7996033">
        <time>2026-08-17T07:40:16Z</time>
      </trkpt>
      <trkpt lat="21.1443867" lon="72.7995217">
        <time>2026-08-17T07:40:22Z</time>
      </trkpt>
      <trkpt lat="21.1443650" lon="72.7993367">
        <time>2026-08-17T07:40:28Z</time>
      </trkpt>
      <trkpt lat="21.1443200" lon="72.7990917">
        <time>2026-08-17T07:40:34Z</time>
      </trkpt>
      <trkpt lat="21.1443083" lon="72.7988400">
        <time>2026-08-17T07:40:40Z</time>
      </trkpt>
      <trkpt lat="21.1442550" lon="72.7984367">
        <time>2026-08-17T07:40:46Z</time>
      </trkpt>
      <trkpt lat="21.1441867" lon="72.7979300">
        <time>2026-08-17T07:40:52Z</time>
      </trkpt>
      <trkpt lat="21.1441233" lon="72.7974233">
        <time>2026-08-17T07:40:58Z</time>
      </trkpt>
      <trkpt lat="21.1440467" lon="72.7969617">
        <time>2026-08-17T07:41:04Z</time>
      </trkpt>
      <trkpt lat="21.1439733" lon="72.7965317">
        <time>2026-08-17T07:41:10Z</time>
      </trkpt>
      <trkpt lat="21.1438750" lon="72.7959967">
        <time>2026-08-17T07:41:16Z</time>
      </trkpt>
      <trkpt lat="21.1437633" lon="72.7953717">
        <time>2026-08-17T07:41:22Z</time>
      </trkpt>
      <trkpt lat="21.1436383" lon="72.7947950">
        <time>2026-08-17T07:41:28Z</time>
      </trkpt>
      <trkpt lat="21.1435633" lon="72.7942767">
        <time>2026-08-17T07:41:34Z</time>
      </trkpt>
      <trkpt lat="21.1434917" lon="72.7938800">
        <time>2026-08-17T07:41:40Z</time>
      </trkpt>
      <trkpt lat="21.1434350" lon="72.7935583">
        <time>2026-08-17T07:41:46Z</time>
      </trkpt>
      <trkpt lat="21.1434283" lon="72.7934283">
        <time>2026-08-17T07:41:52Z</time>
      </trkpt>
      <trkpt lat="21.1433783" lon="72.7931350">
        <time>2026-08-17T07:41:58Z</time>
      </trkpt>
      <trkpt lat="21.1433033" lon="72.7927117">
        <time>2026-08-17T07:42:04Z</time>
      </trkpt>
      <trkpt lat="21.1432217" lon="72.7922000">
        <time>2026-08-17T07:42:10Z</time>
      </trkpt>
      <trkpt lat="21.1431233" lon="72.7916000">
        <time>2026-08-17T07:42:16Z</time>
      </trkpt>
      <trkpt lat="21.1430183" lon="72.7910250">
        <time>2026-08-17T07:42:22Z</time>
      </trkpt>
      <trkpt lat="21.1429283" lon="72.7905500">
        <time>2026-08-17T07:42:28Z</time>
      </trkpt>
      <trkpt lat="21.1428283" lon="72.7899883">
        <time>2026-08-17T07:42:34Z</time>
      </trkpt>
      <trkpt lat="21.1427133" lon="72.7893900">
        <time>2026-08-17T07:42:40Z</time>
      </trkpt>
      <trkpt lat="21.1425867" lon="72.7888117">
        <time>2026-08-17T07:42:46Z</time>
      </trkpt>
      <trkpt lat="21.1424650" lon="72.7882183">
        <time>2026-08-17T07:42:52Z</time>
      </trkpt>
      <trkpt lat="21.1423733" lon="72.7875967">
        <time>2026-08-17T07:42:58Z</time>
      </trkpt>
      <trkpt lat="21.1422717" lon="72.7869517">
        <time>2026-08-17T07:43:04Z</time>
      </trkpt>
      <trkpt lat="21.1421683" lon="72.7863167">
        <time>2026-08-17T07:43:10Z</time>
      </trkpt>
      <trkpt lat="21.1421067" lon="72.7858017">
        <time>2026-08-17T07:43:16Z</time>
      </trkpt>
      <trkpt lat="21.1420083" lon="72.7852400">
        <time>2026-08-17T07:43:22Z</time>
      </trkpt>
      <trkpt lat="21.1418983" lon="72.7847533">
        <time>2026-08-17T07:43:28Z</time>
      </trkpt>
      <trkpt lat="21.1418317" lon="72.7843883">
        <time>2026-08-17T07:43:34Z</time>
      </trkpt>
      <trkpt lat="21.1417633" lon="72.7840950">
        <time>2026-08-17T07:43:40Z</time>
      </trkpt>
      <trkpt lat="21.1416467" lon="72.7837950">
        <time>2026-08-17T07:43:46Z</time>
      </trkpt>
      <trkpt lat="21.1415867" lon="72.7833933">
        <time>2026-08-17T07:43:52Z</time>
      </trkpt>
      <trkpt lat="21.1414900" lon="72.7829200">
        <time>2026-08-17T07:43:58Z</time>
      </trkpt>
      <trkpt lat="21.1413833" lon="72.7823467">
        <time>2026-08-17T07:44:04Z</time>
      </trkpt>
      <trkpt lat="21.1412883" lon="72.7818133">
        <time>2026-08-17T07:44:10Z</time>
      </trkpt>
      <trkpt lat="21.1412200" lon="72.7812900">
        <time>2026-08-17T07:44:16Z</time>
      </trkpt>
      <trkpt lat="21.1411083" lon="72.7807150">
        <time>2026-08-17T07:44:22Z</time>
      </trkpt>
      <trkpt lat="21.1409867" lon="72.7800983">
        <time>2026-08-17T07:44:28Z</time>
      </trkpt>
      <trkpt lat="21.1408933" lon="72.7794333">
        <time>2026-08-17T07:44:34Z</time>
      </trkpt>
      <trkpt lat="21.1407933" lon="72.7787983">
        <time>2026-08-17T07:44:40Z</time>
      </trkpt>
      <trkpt lat="21.1406733" lon="72.7781567">
        <time>2026-08-17T07:44:46Z</time>
      </trkpt>
      <trkpt lat="21.1405833" lon="72.7775917">
        <time>2026-08-17T07:44:52Z</time>
      </trkpt>
      <trkpt lat="21.1404967" lon="72.7770133">
        <time>2026-08-17T07:44:58Z</time>
      </trkpt>
      <trkpt lat="21.1404133" lon="72.7764767">
        <time>2026-08-17T07:45:04Z</time>
      </trkpt>
      <trkpt lat="21.1403300" lon="72.7759083">
        <time>2026-08-17T07:45:10Z</time>
      </trkpt>
      <trkpt lat="21.1402483" lon="72.7753333">
        <time>2026-08-17T07:45:16Z</time>
      </trkpt>
      <trkpt lat="21.1401817" lon="72.7747783">
        <time>2026-08-17T07:45:22Z</time>
      </trkpt>
      <trkpt lat="21.1401117" lon="72.7742450">
        <time>2026-08-17T07:45:28Z</time>
      </trkpt>
      <trkpt lat="21.1400350" lon="72.7738083">
        <time>2026-08-17T07:45:34Z</time>
      </trkpt>
      <trkpt lat="21.1399917" lon="72.7736450">
        <time>2026-08-17T07:45:40Z</time>
      </trkpt>
      <trkpt lat="21.1399767" lon="72.7735883">
        <time>2026-08-17T07:45:46Z</time>
      </trkpt>
      <trkpt lat="21.1399383" lon="72.7733900">
        <time>2026-08-17T07:45:52Z</time>
      </trkpt>
      <trkpt lat="21.1398617" lon="72.7729617">
        <time>2026-08-17T07:45:58Z</time>
      </trkpt>
      <trkpt lat="21.1397817" lon="72.7724417">
        <time>2026-08-17T07:46:04Z</time>
      </trkpt>
      <trkpt lat="21.1396683" lon="72.7718400">
        <time>2026-08-17T07:46:10Z</time>
      </trkpt>
      <trkpt lat="21.1395500" lon="72.7711950">
        <time>2026-08-17T07:46:16Z</time>
      </trkpt>
      <trkpt lat="21.1394483" lon="72.7706117">
        <time>2026-08-17T07:46:22Z</time>
      </trkpt>
      <trkpt lat="21.1393767" lon="72.7701433">
        <time>2026-08-17T07:46:28Z</time>
      </trkpt>
      <trkpt lat="21.1392933" lon="72.7697283">
        <time>2026-08-17T07:46:34Z</time>
      </trkpt>
      <trkpt lat="21.1391683" lon="72.7692433">
        <time>2026-08-17T07:46:40Z</time>
      </trkpt>
      <trkpt lat="21.1390350" lon="72.7686550">
        <time>2026-08-17T07:46:46Z</time>
      </trkpt>
      <trkpt lat="21.1388817" lon="72.7680183">
        <time>2026-08-17T07:46:52Z</time>
      </trkpt>
      <trkpt lat="21.1387350" lon="72.7673750">
        <time>2026-08-17T07:46:58Z</time>
      </trkpt>
      <trkpt lat="21.1385817" lon="72.7667033">
        <time>2026-08-17T07:47:04Z</time>
      </trkpt>
      <trkpt lat="21.1384333" lon="72.7660600">
        <time>2026-08-17T07:47:10Z</time>
      </trkpt>
      <trkpt lat="21.1382850" lon="72.7654000">
        <time>2026-08-17T07:47:16Z</time>
      </trkpt>
      <trkpt lat="21.1381217" lon="72.7647050">
        <time>2026-08-17T07:47:22Z</time>
      </trkpt>
      <trkpt lat="21.1379600" lon="72.7640017">
        <time>2026-08-17T07:47:28Z</time>
      </trkpt>
      <trkpt lat="21.1378000" lon="72.7632867">
        <time>2026-08-17T07:47:34Z</time>
      </trkpt>
      <trkpt lat="21.1376267" lon="72.7625600">
        <time>2026-08-17T07:47:40Z</time>
      </trkpt>
      <trkpt lat="21.1374617" lon="72.7618533">
        <time>2026-08-17T07:47:46Z</time>
      </trkpt>
      <trkpt lat="21.1372950" lon="72.7611733">
        <time>2026-08-17T07:47:52Z</time>
      </trkpt>
      <trkpt lat="21.1371417" lon="72.7605800">
        <time>2026-08-17T07:47:58Z</time>
      </trkpt>
      <trkpt lat="21.1370000" lon="72.7600367">
        <time>2026-08-17T07:48:04Z</time>
      </trkpt>
      <trkpt lat="21.1368700" lon="72.7594283">
        <time>2026-08-17T07:48:10Z</time>
      </trkpt>
      <trkpt lat="21.1367367" lon="72.7587767">
        <time>2026-08-17T07:48:16Z</time>
      </trkpt>
      <trkpt lat="21.1366183" lon="72.7581983">
        <time>2026-08-17T07:48:22Z</time>
      </trkpt>
      <trkpt lat="21.1365467" lon="72.7579250">
        <time>2026-08-17T07:48:28Z</time>
      </trkpt>
      <trkpt lat="21.1364967" lon="72.7577017">
        <time>2026-08-17T07:48:34Z</time>
      </trkpt>
      <trkpt lat="21.1364933" lon="72.7574317">
        <time>2026-08-17T07:48:40Z</time>
      </trkpt>
      <trkpt lat="21.1367367" lon="72.7571633">
        <time>2026-08-17T07:48:46Z</time>
      </trkpt>
      <trkpt lat="21.1369183" lon="72.7568067">
        <time>2026-08-17T07:48:52Z</time>
      </trkpt>
      <trkpt lat="21.1370083" lon="72.7565650">
        <time>2026-08-17T07:48:58Z</time>
      </trkpt>
      <trkpt lat="21.1371650" lon="72.7562800">
        <time>2026-08-17T07:49:04Z</time>
      </trkpt>
      <trkpt lat="21.1374017" lon="72.7558317">
        <time>2026-08-17T07:49:10Z</time>
      </trkpt>
      <trkpt lat="21.1376383" lon="72.7553533">
        <time>2026-08-17T07:49:16Z</time>
      </trkpt>
      <trkpt lat="21.1378250" lon="72.7550017">
        <time>2026-08-17T07:49:22Z</time>
      </trkpt>
      <trkpt lat="21.1380217" lon="72.7546033">
        <time>2026-08-17T07:49:28Z</time>
      </trkpt>
      <trkpt lat="21.1382433" lon="72.7541500">
        <time>2026-08-17T07:49:34Z</time>
      </trkpt>
      <trkpt lat="21.1384817" lon="72.7536933">
        <time>2026-08-17T07:49:40Z</time>
      </trkpt>
      <trkpt lat="21.1387083" lon="72.7532550">
        <time>2026-08-17T07:49:46Z</time>
      </trkpt>
      <trkpt lat="21.1389233" lon="72.7528133">
        <time>2026-08-17T07:49:52Z</time>
      </trkpt>
      <trkpt lat="21.1390517" lon="72.7525817">
        <time>2026-08-17T07:49:58Z</time>
      </trkpt>
      <trkpt lat="21.1390133" lon="72.7524167">
        <time>2026-08-17T07:50:04Z</time>
      </trkpt>
      <trkpt lat="21.1388833" lon="72.7522267">
        <time>2026-08-17T07:50:10Z</time>
      </trkpt>
      <trkpt lat="21.1387383" lon="72.7520750">
        <time>2026-08-17T07:50:16Z</time>
      </trkpt>
      <trkpt lat="21.1385750" lon="72.7518417">
        <time>2026-08-17T07:50:22Z</time>
      </trkpt>
      <trkpt lat="21.1383700" lon="72.7516083">
        <time>2026-08-17T07:50:28Z</time>
      </trkpt>
      <trkpt lat="21.1382983" lon="72.7513867">
        <time>2026-08-17T07:50:34Z</time>
      </trkpt>
      <trkpt lat="21.1382383" lon="72.7511867">
        <time>2026-08-17T07:50:40Z</time>
      </trkpt>
      <trkpt lat="21.1381733" lon="72.7510400">
        <time>2026-08-17T07:50:46Z</time>
      </trkpt>
      <trkpt lat="21.1381283" lon="72.7509800">
        <time>2026-08-17T07:50:52Z</time>
      </trkpt>
      <trkpt lat="21.1381733" lon="72.7508183">
        <time>2026-08-17T07:50:58Z</time>
      </trkpt>
      <trkpt lat="21.1383967" lon="72.7505600">
        <time>2026-08-17T07:51:04Z</time>
      </trkpt>
      <trkpt lat="21.1387017" lon="72.7503283">
        <time>2026-08-17T07:51:10Z</time>
      </trkpt>
      <trkpt lat="21.1389967" lon="72.7501417">
        <time>2026-08-17T07:51:16Z</time>
      </trkpt>
    </trkseg>
  </trk>
  <trk>
    <name>2026_08_02_09_15_Sun.gpx</name>
    <desc>2026-08-02_09-15_Sun</desc>
    <url>/user/AWANISH%20KUMAR%20RAI/traces/12475045</url>
    <trkseg>
      <trkpt lat="21.2166417" lon="72.7502117">
        <time>2026-08-02T04:12:03Z</time>
      </trkpt>
      <trkpt lat="21.2171133" lon="72.7505233">
        <time>2026-08-02T04:12:09Z</time>
      </trkpt>
      <trkpt lat="21.2176333" lon="72.7508667">
        <time>2026-08-02T04:12:15Z</time>
      </trkpt>
      <trkpt lat="21.2181833" lon="72.7512417">
        <time>2026-08-02T04:12:21Z</time>
      </trkpt>
      <trkpt lat="21.2187317" lon="72.7516267">
        <time>2026-08-02T04:12:27Z</time>
      </trkpt>
      <trkpt lat="21.2193267" lon="72.7520133">
        <time>2026-08-02T04:12:33Z</time>
      </trkpt>
      <trkpt lat="21.2199050" lon="72.7523917">
        <time>2026-08-02T04:12:39Z</time>
      </trkpt>
      <trkpt lat="21.2204933" lon="72.7528150">
        <time>2026-08-02T04:12:45Z</time>
      </trkpt>
      <trkpt lat="21.2211000" lon="72.7532400">
        <time>2026-08-02T04:12:51Z</time>
      </trkpt>
      <trkpt lat="21.2217000" lon="72.7536533">
        <time>2026-08-02T04:12:57Z</time>
      </trkpt>
      <trkpt lat="21.2223267" lon="72.7540717">
        <time>2026-08-02T04:13:03Z</time>
      </trkpt>
      <trkpt lat="21.2229517" lon="72.7544883">
        <time>2026-08-02T04:13:09Z</time>
      </trkpt>
      <trkpt lat="21.2234583" lon="72.7548450">
        <time>2026-08-02T04:13:15Z</time>
      </trkpt>
      <trkpt lat="21.2238183" lon="72.7550850">
        <time>2026-08-02T04:13:21Z</time>
      </trkpt>
      <trkpt lat="21.2240833" lon="72.7552483">
        <time>2026-08-02T04:13:27Z</time>
      </trkpt>
      <trkpt lat="21.2242050" lon="72.7552783">
        <time>2026-08-02T04:13:33Z</time>
      </trkpt>
      <trkpt lat="21.2243000" lon="72.7552733">
        <time>2026-08-02T04:13:39Z</time>
      </trkpt>
      <trkpt lat="21.2244117" lon="72.7552900">
        <time>2026-08-02T04:13:45Z</time>
      </trkpt>
      <trkpt lat="21.2245200" lon="72.7552883">
        <time>2026-08-02T04:13:51Z</time>
      </trkpt>
      <trkpt lat="21.2245817" lon="72.7553200">
        <time>2026-08-02T04:13:57Z</time>
      </trkpt>
      <trkpt lat="21.2245783" lon="72.7553183">
        <time>2026-08-02T04:14:03Z</time>
      </trkpt>
      <trkpt lat="21.2245783" lon="72.7553183">
        <time>2026-08-02T04:14:09Z</time>
      </trkpt>
      <trkpt lat="21.2245783" lon="72.7553183">
        <time>2026-08-02T04:14:34Z</time>
      </trkpt>
      <trkpt lat="21.2245783" lon="72.7553183">
        <time>2026-08-02T04:14:40Z</time>
      </trkpt>
    </trkseg>
  </trk>
  <trk>
    <name>2026_08_17_03_33_Mon.gpx</name>
    <desc>2026-08-17_03-33_Mon</desc>
    <url>/user/AWANISH%20KUMAR%20RAI/traces/12475030</url>
    <trkseg>
      <trkpt lat="21.2100250" lon="72.9660150">
        <time>2026-08-16T22:03:40Z</time>
      </trkpt>
      <trkpt lat="21.2100250" lon="72.9660150">
        <time>2026-08-16T22:03:46Z</time>
      </trkpt>
      <trkpt lat="21.2100250" lon="72.9660150">
        <time>2026-08-16T22:03:52Z</time>
      </trkpt>
      <trkpt lat="21.2100250" lon="72.9660150">
        <time>2026-08-16T22:03:58Z</time>
      </trkpt>
      <trkpt lat="21.2100250" lon="72.9660150">
        <time>2026-08-16T22:04:04Z</time>
      </trkpt>
      <trkpt lat="21.2100250" lon="72.9660150">
        <time>2026-08-16T22:04:10Z</time>
      </trkpt>
      <trkpt lat="21.2100250" lon="72.9660150">
        <time>2026-08-16T22:04:16Z</time>
      </trkpt>
      <trkpt lat="21.2100250" lon="72.9660150">
        <time>2026-08-16T22:04:22Z</time>
      </trkpt>
      <trkpt lat="21.2100250" lon="72.9660150">
        <time>2026-08-16T22:04:28Z</time>
      </trkpt>
      <trkpt lat="21.2100250" lon="72.9660150">
        <time>2026-08-16T22:04:34Z</time>
      </trkpt>
      <trkpt lat="21.2100250" lon="72.9660150">
        <time>2026-08-16T22:04:40Z</time>
      </trkpt>
      <trkpt lat="21.2100250" lon="72.9660150">
        <time>2026-08-16T22:04:46Z</time>
      </trkpt>
      <trkpt lat="21.2100250" lon="72.9660150">
        <time>2026-08-16T22:04:52Z</time>
      </trkpt>
      <trkpt lat="21.2100100" lon="72.9659983">
        <time>2026-08-16T22:04:58Z</time>
      </trkpt>
      <trkpt lat="21.2100033" lon="72.9659983">
        <time>2026-08-16T22:05:04Z</time>
      </trkpt>
      <trkpt lat="21.2100033" lon="72.9659983">
        <time>2026-08-16T22:05:10Z</time>
      </trkpt>
      <trkpt lat="21.2100033" lon="72.9659983">
        <time>2026-08-16T22:05:16Z</time>
      </trkpt>
      <trkpt lat="21.2100033" lon="72.9659983">
        <time>2026-08-16T22:05:22Z</time>
      </trkpt>
      <trkpt lat="21.2100133" lon="72.9659833">
        <time>2026-08-16T22:05:28Z</time>
      </trkpt>
      <trkpt lat="21.2100183" lon="72.9659900">
        <time>2026-08-16T22:05:34Z</time>
      </trkpt>
      <trkpt lat="21.2100050" lon="72.9659883">
        <time>2026-08-16T22:05:40Z</time>
      </trkpt>
      <trkpt lat="21.2100050" lon="72.9659883">
        <time>2026-08-16T22:05:46Z</time>
      </trkpt>
      <trkpt lat="21.2100050" lon="72.9659883">
        <time>2026-08-16T22:05:52Z</time>
      </trkpt>
      <trkpt lat="21.2100050" lon="72.9659883">
        <time>2026-08-16T22:05:58Z</time>
      </trkpt>
      <trkpt lat="21.2100050" lon="72.9659883">
        <time>2026-08-16T22:06:04Z</time>
      </trkpt>
      <trkpt lat="21.2100050" lon="72.9659883">
        <time>2026-08-16T22:06:10Z</time>
      </trkpt>
      <trkpt lat="21.2100467" lon="72.9658517">
        <time>2026-08-16T22:06:16Z</time>
      </trkpt>
      <trkpt lat="21.2100283" lon="72.9656067">
        <time>2026-08-16T22:06:22Z</time>
      </trkpt>
      <trkpt lat="21.2099950" lon="72.9652417">
        <time>2026-08-16T22:06:28Z</time>
      </trkpt>
      <trkpt lat="21.2099517" lon="72.9647767">
        <time>2026-08-16T22:06:34Z</time>
      </trkpt>
      <trkpt lat="21.2099050" lon="72.9642467">
        <time>2026-08-16T22:06:40Z</time>
      </trkpt>
      <trkpt lat="21.2098600" lon="72.9636650">
        <time>2026-08-16T22:06:46Z</time>
      </trkpt>
      <trkpt lat="21.2098150" lon="72.9630400">
        <time>2026-08-16T22:06:52Z</time>
      </trkpt>
      <trkpt lat="21.2097633" lon="72.9624033">
        <time>2026-08-16T22:06:58Z</time>
      </trkpt>
      <trkpt lat="21.2097200" lon="72.9617750">
        <time>2026-08-16T22:07:04Z</time>
      </trkpt>
      <trkpt lat="21.2096733" lon="72.9611267">
        <time>2026-08-16T22:07:10Z</time>
      </trkpt>
      <trkpt lat="21.2096350" lon="72.9604583">
        <time>2026-08-16T22:07:16Z</time>
      </trkpt>
      <trkpt lat="21.2095883" lon="72.9597583">
        <time>2026-08-16T22:07:22Z</time>
      </trkpt>
      <trkpt lat="21.2095383" lon="72.9590500">
        <time>2026-08-16T22:07:28Z</time>
      </trkpt>
      <trkpt lat="21.2095017" lon="72.9584917">
        <time>2026-08-16T22:07:34Z</time>
      </trkpt>
      <trkpt lat="21.2094883" lon="72.9582583">
        <time>2026-08-16T22:07:40Z</time>
      </trkpt>
      <trkpt lat="21.2094600" lon="72.9579250">
        <time>2026-08-16T22:07:46Z</time>
      </trkpt>
      <trkpt lat="21.2094267" lon="72.9574917">
        <time>2026-08-16T22:07:52Z</time>
      </trkpt>
      <trkpt lat="21.2093900" lon="72.9569717">
        <time>2026-08-16T22:07:58Z</time>
      </trkpt>
      <trkpt lat="21.2093417" lon="72.9563750">
        <time>2026-08-16T22:08:04Z</time>
      </trkpt>
      <trkpt lat="21.2092950" lon="72.9557367">
        <time>2026-08-16T22:08:10Z</time>
      </trkpt>
      <trkpt lat="21.2092517" lon="72.9550750">
        <time>2026-08-16T22:08:16Z</time>
      </trkpt>
      <trkpt lat="21.2092067" lon="72.9544117">
        <time>2026-08-16T22:08:22Z</time>
      </trkpt>
      <trkpt lat="21.2091550" lon="72.9537317">
        <time>2026-08-16T22:08:28Z</time>
      </trkpt>
      <trkpt lat="21.2091183" lon="72.9530550">
        <time>2026-08-16T22:08:34Z</time>
      </trkpt>
      <trkpt lat="21.2091417" lon="72.9524183">
        <time>2026-08-16T22:08:40Z</time>
      </trkpt>
      <trkpt lat="21.2092583" lon="72.9517733">
        <time>2026-08-16T22:08:46Z</time>
      </trkpt>
      <trkpt lat="21.2094267" lon="72.9511183">
        <time>2026-08-16T22:08:52Z</time>
      </trkpt>
      <trkpt lat="21.2096100" lon="72.9505033">
        <time>2026-08-16T22:08:58Z</time>
      </trkpt>
      <trkpt lat="21.2096933" lon="72.9502333">
        <time>2026-08-16T22:09:04Z</time>
      </trkpt>
      <trkpt lat="21.2097783" lon="72.9499383">
        <time>2026-08-16T22:09:10Z</time>
      </trkpt>
      <trkpt lat="21.2098983" lon="72.9495383">
        <time>2026-08-16T22:09:16Z</time>
      </trkpt>
      <trkpt lat="21.2100483" lon="72.9490600">
        <time>2026-08-16T22:09:22Z</time>
      </trkpt>
      <trkpt lat="21.2102167" lon="72.9485133">
        <time>2026-08-16T22:09:28Z</time>
      </trkpt>
      <trkpt lat="21.2104067" lon="72.9479000">
        <time>2026-08-16T22:09:34Z</time>
      </trkpt>
      <trkpt lat="21.2106150" lon="72.9472467">
        <time>2026-08-16T22:09:40Z</time>
      </trkpt>
      <trkpt lat="21.2108150" lon="72.9465933">
        <time>2026-08-16T22:09:46Z</time>
      </trkpt>
      <trkpt lat="21.2110250" lon="72.9459150">
        <time>2026-08-16T22:09:52Z</time>
      </trkpt>
      <trkpt lat="21.2112317" lon="72.9452433">
        <time>2026-08-16T22:09:58Z</time>
      </trkpt>
      <trkpt lat="21.2114317" lon="72.9445567">
        <time>2026-08-16T22:10:04Z</time>
      </trkpt>
      <trkpt lat="21.2116383" lon="72.9438733">
        <time>2026-08-16T22:10:10Z</time>
      </trkpt>
      <trkpt lat="21.2118500" lon="72.9431850">
        <time>2026-08-16T22:10:16Z</time>
      </trkpt>
      <trkpt lat="21.2120617" lon="72.9425067">
        <time>2026-08-16T22:10:22Z</time>
      </trkpt>
      <trkpt lat="21.2122733" lon="72.9418250">
        <time>2026-08-16T22:10:28Z</time>
      </trkpt>
      <trkpt lat="21.2124750" lon="72.9411300">
        <time>2026-08-16T22:10:34Z</time>
      </trkpt>
      <trkpt lat="21.2126867" lon="72.9404367">
        <time>2026-08-16T22:10:40Z</time>
      </trkpt>
      <trkpt lat="21.2128967" lon="72.9397433">
        <time>2026-08-16T22:10:46Z</time>
      </trkpt>
      <trkpt lat="21.2131050" lon="72.9390550">
        <time>2026-08-16T22:10:52Z</time>
      </trkpt>
      <trkpt lat="21.2133150" lon="72.9383717">
        <time>2026-08-16T22:10:58Z</time>
      </trkpt>
      <trkpt lat="21.2135017" lon="72.9377117">
        <time>2026-08-16T22:11:04Z</time>
      </trkpt>
      <trkpt lat="21.2135767" lon="72.9370217">
        <time>2026-08-16T22:11:10Z</time>
      </trkpt>
      <trkpt lat="21.2135800" lon="72.9363433">
        <time>2026-08-16T22:11:16Z</time>
      </trkpt>
      <trkpt lat="21.2135417" lon="72.9356683">
        <time>2026-08-16T22:11:22Z</time>
      </trkpt>
      <trkpt lat="21.2135017" lon="72.9350100">
        <time>2026-08-16T22:11:28Z</time>
      </trkpt>
      <trkpt lat="21.2134500" lon="72.9343700">
        <time>2026-08-16T22:11:34Z</time>
      </trkpt>
      <trkpt lat="21.2134050" lon="72.9338017">
        <time>2026-08-16T22:11:40Z</time>
      </trkpt>
      <trkpt lat="21.2133933" lon="72.9335767">
        <time>2026-08-16T22:11:46Z</time>
      </trkpt>
      <trkpt lat="21.2133750" lon="72.9332650">
        <time>2026-08-16T22:11:52Z</time>
      </trkpt>
      <trkpt lat="21.2133450" lon="72.9328267">
        <time>2026-08-16T22:11:58Z</time>
      </trkpt>
      <trkpt lat="21.2133100" lon="72.9323267">
        <time>2026-08-16T22:12:04Z</time>
      </trkpt>
      <trkpt lat="21.2132700" lon="72.9317683">
        <time>2026-08-16T22:12:10Z</time>
      </trkpt>
      <trkpt lat="21.2132283" lon="72.9311350">
        <time>2026-08-16T22:12:16Z</time>
      </trkpt>
      <trkpt lat="21.2131800" lon="72.9304683">
        <time>2026-08-16T22:12:22Z</time>
      </trkpt>
      <trkpt lat="21.2131283" lon="72.9297767">
        <time>2026-08-16T22:12:28Z</time>
      </trkpt>
      <trkpt lat="21.2130817" lon="72.9290833">
        <time>2026-08-16T22:12:34Z</time>
      </trkpt>
      <trkpt lat="21.2130317" lon="72.9283733">
        <time>2026-08-16T22:12:40Z</time>
      </trkpt>
      <trkpt lat="21.2129817" lon="72.9276567">
        <time>2026-08-16T22:12:46Z</time>
      </trkpt>
      <trkpt lat="21.2129350" lon="72.9269383">
        <time>2026-08-16T22:12:52Z</time>
      </trkpt>
      <trkpt lat="21.2128867" lon="72.9262183">
        <time>2026-08-16T22:12:58Z</time>
      </trkpt>
      <trkpt lat="21.2128400" lon="72.9254933">
        <time>2026-08-16T22:13:04Z</time>
      </trkpt>
      <trkpt lat="21.2127933" lon="72.9247950">
        <time>2026-08-16T22:13:10Z</time>
      </trkpt>
      <trkpt lat="21.2127367" lon="72.9241817">
        <time>2026-08-16T22:13:16Z</time>
      </trkpt>
      <trkpt lat="21.2126967" lon="72.9237683">
        <time>2026-08-16T22:13:22Z</time>
      </trkpt>
      <trkpt lat="21.2126700" lon="72.9234250">
        <time>2026-08-16T22:13:28Z</time>
      </trkpt>
      <trkpt lat="21.2126500" lon="72.9229550">
        <time>2026-08-16T22:13:34Z</time>
      </trkpt>
      <trkpt lat="21.2126083" lon="72.9223983">
        <time>2026-08-16T22:13:40Z</time>
      </trkpt>
      <trkpt lat="21.2125650" lon="72.9217683">
        <time>2026-08-16T22:13:46Z</time>
      </trkpt>
      <trkpt lat="21.2125233" lon="72.9211017">
        <time>2026-08-16T22:13:52Z</time>
      </trkpt>
      <trkpt lat="21.2124800" lon="72.9204250">
        <time>2026-08-16T22:13:58Z</time>
      </trkpt>
      <trkpt lat="21.2124417" lon="72.9197750">
        <time>2026-08-16T22:14:04Z</time>
      </trkpt>
      <trkpt lat="21.2124083" lon="72.9192733">
        <time>2026-08-16T22:14:10Z</time>
      </trkpt>
      <trkpt lat="21.2123833" lon="72.9190250">
        <time>2026-08-16T22:14:16Z</time>
      </trkpt>
      <trkpt lat="21.2123600" lon="72.9186567">
        <time>2026-08-16T22:14:22Z</time>
      </trkpt>
      <trkpt lat="21.2123217" lon="72.9182017">
        <time>2026-08-16T22:14:28Z</time>
      </trkpt>
      <trkpt lat="21.2122883" lon="72.9176867">
        <time>2026-08-16T22:14:34Z</time>
      </trkpt>
      <trkpt lat="21.2122533" lon="72.9171133">
        <time>2026-08-16T22:14:40Z</time>
      </trkpt>
      <trkpt lat="21.2122483" lon="72.9165000">
        <time>2026-08-16T22:14:46Z</time>
      </trkpt>
      <trkpt lat="21.2123367" lon="72.9158767">
        <time>2026-08-16T22:14:52Z</time>
      </trkpt>
      <trkpt lat="21.2124817" lon="72.9152633">
        <time>2026-08-16T22:14:58Z</time>
      </trkpt>
      <trkpt lat="21.2126217" lon="72.9147583">
        <time>2026-08-16T22:15:04Z</time>
      </trkpt>
      <trkpt lat="21.2126767" lon="72.9145183">
        <time>2026-08-16T22:15:10Z</time>
      </trkpt>
      <trkpt lat="21.2127583" lon="72.9142300">
        <time>2026-08-16T22:15:16Z</time>
      </trkpt>
      <trkpt lat="21.2128900" lon="72.9138517">
        <time>2026-08-16T22:15:22Z</time>
      </trkpt>
      <trkpt lat="21.2130350" lon="72.9133767">
        <time>2026-08-16T22:15:28Z</time>
      </trkpt>
      <trkpt lat="21.2131867" lon="72.9128450">
        <time>2026-08-16T22:15:34Z</time>
      </trkpt>
      <trkpt lat="21.2133517" lon="72.9122567">
        <time>2026-08-16T22:15:40Z</time>
      </trkpt>
      <trkpt lat="21.2135200" lon="72.9116350">
        <time>2026-08-16T22:15:46Z</time>
      </trkpt>
      <trkpt lat="21.2136700" lon="72.9110750">
        <time>2026-08-16T22:15:52Z</time>
      </trkpt>
      <trkpt lat="21.2137233" lon="72.9108750">
        <time>2026-08-16T22:15:58Z</time>
      </trkpt>
      <trkpt lat="21.2138200" lon="72.9105417">
        <time>2026-08-16T22:16:04Z</time>
      </trkpt>
      <trkpt lat="21.2139350" lon="72.9100967">
        <time>2026-08-16T22:16:10Z</time>
      </trkpt>
      <trkpt lat="21.2140350" lon="72.9095667">
        <time>2026-08-16T22:16:16Z</time>
      </trkpt>
      <trkpt lat="21.2140650" lon="72.9089617">
        <time>2026-08-16T22:16:22Z</time>
      </trkpt>
      <trkpt lat="21.2140083" lon="72.9082917">
        <time>2026-08-16T22:16:28Z</time>
      </trkpt>
      <trkpt lat="21.2138750" lon="72.9076133">
        <time>2026-08-16T22:16:34Z</time>
      </trkpt>
      <trkpt lat="21.2137283" lon="72.9069083">
        <time>2026-08-16T22:16:40Z</time>
      </trkpt>
      <trkpt lat="21.2135750" lon="72.9062167">
        <time>2026-08-16T22:16:46Z</time>
      </trkpt>
      <trkpt lat="21.2134517" lon="72.9056483">
        <time>2026-08-16T22:16:52Z</time>
      </trkpt>
      <trkpt lat="21.2134000" lon="72.9054083">
        <time>2026-08-16T22:16:58Z</time>
      </trkpt>
      <trkpt lat="21.2133167" lon="72.9050383">
        <time>2026-08-16T22:17:04Z</time>
      </trkpt>
      <trkpt lat="21.2132367" lon="72.9046617">
        <time>2026-08-16T22:17:10Z</time>
      </trkpt>
      <trkpt lat="21.2131767" lon="72.9044017">
        <time>2026-08-16T22:17:16Z</time>
      </trkpt>
      <trkpt lat="21.2131067" lon="72.9041067">
        <time>2026-08-16T22:17:22Z</time>
      </trkpt>
      <trkpt lat="21.2130433" lon="72.9038450">
        <time>2026-08-16T22:17:28Z</time>
      </trkpt>
      <trkpt lat="21.2129717" lon="72.9034967">
        <time>2026-08-16T22:17:34Z</time>
      </trkpt>
      <trkpt lat="21.2128717" lon="72.9030317">
        <time>2026-08-16T22:17:40Z</time>
      </trkpt>
      <trkpt lat="21.2127617" lon="72.9025650">
        <time>2026-08-16T22:17:46Z</time>
      </trkpt>
      <trkpt lat="21.2127250" lon="72.9023633">
        <time>2026-08-16T22:17:52Z</time>
      </trkpt>
      <trkpt lat="21.2126650" lon="72.9020600">
        <time>2026-08-16T22:17:58Z</time>
      </trkpt>
      <trkpt lat="21.2125900" lon="72.9017250">
        <time>2026-08-16T22:18:04Z</time>
      </trkpt>
      <trkpt lat="21.2125033" lon="72.9013433">
        <time>2026-08-16T22:18:10Z</time>
      </trkpt>
      <trkpt lat="21.2124117" lon="72.9009467">
        <time>2026-08-16T22:18:16Z</time>
      </trkpt>
      <trkpt lat="21.2123083" lon="72.9004817">
        <time>2026-08-16T22:18:22Z</time>
      </trkpt>
      <trkpt lat="21.2121500" lon="72.8999867">
        <time>2026-08-16T22:18:28Z</time>
      </trkpt>
      <trkpt lat="21.2119350" lon="72.8995017">
        <time>2026-08-16T22:18:34Z</time>
      </trkpt>
      <trkpt lat="21.2116117" lon="72.8990000">
        <time>2026-08-16T22:18:40Z</time>
      </trkpt>
      <trkpt lat="21.2112750" lon="72.8984967">
        <time>2026-08-16T22:18:46Z</time>
      </trkpt>
      <trkpt lat="21.2109783" lon="72.8980600">
        <time>2026-08-16T22:18:52Z</time>
      </trkpt>
      <trkpt lat="21.2106850" lon="72.8976500">
        <time>2026-08-16T22:18:58Z</time>
      </trkpt>
      <trkpt lat="21.2103917" lon="72.8972800">
        <time>2026-08-16T22:19:04Z</time>
      </trkpt>
      <trkpt lat="21.2101183" lon="72.8968967">
        <time>2026-08-16T22:19:10Z</time>
      </trkpt>
      <trkpt lat="21.2098267" lon="72.8964550">
        <time>2026-08-16T22:19:16Z</time>
      </trkpt>
      <trkpt lat="21.2095067" lon="72.8959733">
        <time>2026-08-16T22:19:22Z</time>
      </trkpt>
      <trkpt lat="21.2092033" lon="72.8954850">
        <time>2026-08-16T22:19:28Z</time>
      </trkpt>
      <trkpt lat="21.2088567" lon="72.8949833">
        <time>2026-08-16T22:19:34Z</time>
      </trkpt>
      <trkpt lat="21.2085183" lon="72.8944750">
        <time>2026-08-16T22:19:40Z</time>
      </trkpt>
      <trkpt lat="21.2081733" lon="72.8939750">
        <time>2026-08-16T22:19:46Z</time>
      </trkpt>
      <trkpt lat="21.2078167" lon="72.8934650">
        <time>2026-08-16T22:19:52Z</time>
      </trkpt>
      <trkpt lat="21.2074583" lon="72.8929450">
        <time>2026-08-16T22:19:58Z</time>
      </trkpt>
      <trkpt lat="21.2070900" lon="72.8924350">
        <time>2026-08-16T22:20:04Z</time>
      </trkpt>
      <trkpt lat="21.2067567" lon="72.8919383">
        <time>2026-08-16T22:20:10Z</time>
      </trkpt>
      <trkpt lat="21.2064483" lon="72.8914850">
        <time>2026-08-16T22:20:16Z</time>
      </trkpt>
      <trkpt lat="21.2062033" lon="72.8911200">
        <time>2026-08-16T22:20:22Z</time>
      </trkpt>
      <trkpt lat="21.2059750" lon="72.8907533">
        <time>2026-08-16T22:20:28Z</time>
      </trkpt>
      <trkpt lat="21.2057617" lon="72.8904067">
        <time>2026-08-16T22:20:34Z</time>
      </trkpt>
      <trkpt lat="21.2055167" lon="72.8900667">
        <time>2026-08-16T22:20:40Z</time>
      </trkpt>
      <trkpt lat="21.2052783" lon="72.8897083">
        <time>2026-08-16T22:20:46Z</time>
      </trkpt>
      <trkpt lat="21.2050633" lon="72.8893767">
        <time>2026-08-16T22:20:52Z</time>
      </trkpt>
      <trkpt lat="21.2048017" lon="72.8890217">
        <time>2026-08-16T22:20:58Z</time>
      </trkpt>
      <trkpt lat="21.2045183" lon="72.8886417">
        <time>2026-08-16T22:21:04Z</time>
      </trkpt>
      <trkpt lat="21.2042250" lon="72.8882167">
        <time>2026-08-16T22:21:10Z</time>
      </trkpt>
      <trkpt lat="21.2039150" lon="72.8877717">
        <time>2026-08-16T22:21:16Z</time>
      </trkpt>
      <trkpt lat="21.2036300" lon="72.8873633">
        <time>2026-08-16T22:21:22Z</time>
      </trkpt>
      <trkpt lat="21.2033450" lon="72.8869317">
        <time>2026-08-16T22:21:28Z</time>
      </trkpt>
      <trkpt lat="21.2030900" lon="72.8864850">
        <time>2026-08-16T22:21:34Z</time>
      </trkpt>
      <trkpt lat="21.2028450" lon="72.8859883">
        <time>2026-08-16T22:21:40Z</time>
      </trkpt>
      <trkpt lat="21.2026067" lon="72.8854967">
        <time>2026-08-16T22:21:46Z</time>
      </trkpt>
      <trkpt lat="21.2023717" lon="72.8849817">
        <time>2026-08-16T22:21:52Z</time>
      </trkpt>
      <trkpt lat="21.2021100" lon="72.8844467">
        <time>2026-08-16T22:21:58Z</time>
      </trkpt>
      <trkpt lat="21.2018533" lon="72.8839133">
        <time>2026-08-16T22:22:04Z</time>
      </trkpt>
      <trkpt lat="21.2016233" lon="72.8834083">
        <time>2026-08-16T22:22:10Z</time>
      </trkpt>
      <trkpt lat="21.2013967" lon="72.8829317">
        <time>2026-08-16T22:22:16Z</time>
      </trkpt>
      <trkpt lat="21.2011933" lon="72.8824567">
        <time>2026-08-16T22:22:22Z</time>
      </trkpt>
      <trkpt lat="21.2010000" lon="72.8820533">
        <time>2026-08-16T22:22:28Z</time>
      </trkpt>
      <trkpt lat="21.2008500" lon="72.8817600">
        <time>2026-08-16T22:22:34Z</time>
      </trkpt>
      <trkpt lat="21.2007117" lon="72.8814333">
        <time>2026-08-16T22:22:40Z</time>
      </trkpt>
      <trkpt lat="21.2005617" lon="72.8810600">
        <time>2026-08-16T22:22:46Z</time>
      </trkpt>
      <trkpt lat="21.2003817" lon="72.8806417">
        <time>2026-08-16T22:22:52Z</time>
      </trkpt>
      <trkpt lat="21.2001117" lon="72.8801350">
        <time>2026-08-16T22:22:58Z</time>
      </trkpt>
      <trkpt lat="21.1998483" lon="72.8796217">
        <time>2026-08-16T22:23:04Z</time>
      </trkpt>
      <trkpt lat="21.1995800" lon="72.8790850">
        <time>2026-08-16T22:23:10Z</time>
      </trkpt>
      <trkpt lat="21.1993750" lon="72.8786533">
        <time>2026-08-16T22:23:16Z</time>
      </trkpt>
      <trkpt lat="21.1992117" lon="72.8782733">
        <time>2026-08-16T22:23:22Z</time>
      </trkpt>
      <trkpt lat="21.1990150" lon="72.8778567">
        <time>2026-08-16T22:23:28Z</time>
      </trkpt>
      <trkpt lat="21.1987483" lon="72.8773667">
        <time>2026-08-16T22:23:34Z</time>
      </trkpt>
      <trkpt lat="21.1984783" lon="72.8768450">
        <time>2026-08-16T22:23:40Z</time>
      </trkpt>
      <trkpt lat="21.1982283" lon="72.8763517">
        <time>2026-08-16T22:23:46Z</time>
      </trkpt>
      <trkpt lat="21.1979967" lon="72.8758850">
        <time>2026-08-16T22:23:52Z</time>
      </trkpt>
      <trkpt lat="21.1977817" lon="72.8754333">
        <time>2026-08-16T22:23:58Z</time>
      </trkpt>
      <trkpt lat="21.1975100" lon="72.8749567">
        <time>2026-08-16T22:24:04Z</time>
      </trkpt>
      <trkpt lat="21.1973017" lon="72.8745150">
        <time>2026-08-16T22:24:10Z</time>
      </trkpt>
      <trkpt lat="21.1971183" lon="72.8741050">
        <time>2026-08-16T22:24:16Z</time>
      </trkpt>
      <trkpt lat="21.1968917" lon="72.8736817">
        <time>2026-08-16T22:24:22Z</time>
      </trkpt>
      <trkpt lat="21.1966800" lon="72.8732383">
        <time>2026-08-16T22:24:28Z</time>
      </trkpt>
      <trkpt lat="21.1964767" lon="72.8728000">
        <time>2026-08-16T22:24:34Z</time>
      </trkpt>
      <trkpt lat="21.1962233" lon="72.8723650">
        <time>2026-08-16T22:24:40Z</time>
      </trkpt>
      <trkpt lat="21.1959883" lon="72.8719300">
        <time>2026-08-16T22:24:46Z</time>
      </trkpt>
      <trkpt lat="21.1958033" lon="72.8715983">
        <time>2026-08-16T22:24:52Z</time>
      </trkpt>
      <trkpt lat="21.1956467" lon="72.8713000">
        <time>2026-08-16T22:24:58Z</time>
      </trkpt>
      <trkpt lat="21.1950550" lon="72.8704900">
        <time>2026-08-16T22:25:14Z</time>
      </trkpt>
      <trkpt lat="21.1949017" lon="72.8702833">
        <time>2026-08-16T22:25:20Z</time>
      </trkpt>
      <trkpt lat="21.1947417" lon="72.8700283">
        <time>2026-08-16T22:25:26Z</time>
      </trkpt>
      <trkpt lat="21.1945850" lon="72.8697750">
        <time>2026-08-16T22:25:32Z</time>
      </trkpt>
      <trkpt lat="21.1944333" lon="72.8695250">
        <time>2026-08-16T22:25:38Z</time>
      </trkpt>
      <trkpt lat="21.1942317" lon="72.8692467">
        <time>2026-08-16T22:25:44Z</time>
      </trkpt>
      <trkpt lat="21.1940683" lon="72.8689933">
        <time>2026-08-16T22:25:50Z</time>
      </trkpt>
      <trkpt lat="21.1939067" lon="72.8687133">
        <time>2026-08-16T22:25:56Z</time>
      </trkpt>
      <trkpt lat="21.1936917" lon="72.8683683">
        <time>2026-08-16T22:26:02Z</time>
      </trkpt>
      <trkpt lat="21.1934617" lon="72.8679800">
        <time>2026-08-16T22:26:08Z</time>
      </trkpt>
      <trkpt lat="21.1932067" lon="72.8675650">
        <time>2026-08-16T22:26:14Z</time>
      </trkpt>
      <trkpt lat="21.1929300" lon="72.8671400">
        <time>2026-08-16T22:26:20Z</time>
      </trkpt>
      <trkpt lat="21.1926600" lon="72.8667017">
        <time>2026-08-16T22:26:26Z</time>
      </trkpt>
      <trkpt lat="21.1923517" lon="72.8662300">
        <time>2026-08-16T22:26:32Z</time>
      </trkpt>
      <trkpt lat="21.1920850" lon="72.8657900">
        <time>2026-08-16T22:26:38Z</time>
      </trkpt>
      <trkpt lat="21.1918350" lon="72.8654700">
        <time>2026-08-16T22:26:44Z</time>
      </trkpt>
      <trkpt lat="21.1915800" lon="72.8651383">
        <time>2026-08-16T22:26:50Z</time>
      </trkpt>
      <trkpt lat="21.1913317" lon="72.8647417">
        <time>2026-08-16T22:26:56Z</time>
      </trkpt>
      <trkpt lat="21.1911450" lon="72.8644700">
        <time>2026-08-16T22:27:02Z</time>
      </trkpt>
      <trkpt lat="21.1910250" lon="72.8642667">
        <time>2026-08-16T22:27:08Z</time>
      </trkpt>
      <trkpt lat="21.1908967" lon="72.8640183">
        <time>2026-08-16T22:27:14Z</time>
      </trkpt>
      <trkpt lat="21.1907417" lon="72.8637783">
        <time>2026-08-16T22:27:20Z</time>
      </trkpt>
      <trkpt lat="21.1905800" lon="72.8635117">
        <time>2026-08-16T22:27:26Z</time>
      </trkpt>
      <trkpt lat="21.1903850" lon="72.8632917">
        <time>2026-08-16T22:27:32Z</time>
      </trkpt>
      <trkpt lat="21.1902467" lon="72.8630233">
        <time>2026-08-16T22:27:38Z</time>
      </trkpt>
      <trkpt lat="21.1901483" lon="72.8628483">
        <time>2026-08-16T22:27:44Z</time>
      </trkpt>
      <trkpt lat="21.1899967" lon="72.8626583">
        <time>2026-08-16T22:27:50Z</time>
      </trkpt>
      <trkpt lat="21.1898467" lon="72.8624533">
        <time>2026-08-16T22:27:56Z</time>
      </trkpt>
      <trkpt lat="21.1896800" lon="72.8621900">
        <time>2026-08-16T22:28:02Z</time>
      </trkpt>
      <trkpt lat="21.1894883" lon="72.8618950">
        <time>2026-08-16T22:28:08Z</time>
      </trkpt>
      <trkpt lat="21.1892883" lon="72.8615583">
        <time>2026-08-16T22:28:14Z</time>
      </trkpt>
      <trkpt lat="21.1891083" lon="72.8612633">
        <time>2026-08-16T22:28:20Z</time>
      </trkpt>
      <trkpt lat="21.1890000" lon="72.8611033">
        <time>2026-08-16T22:28:26Z</time>
      </trkpt>
      <trkpt lat="21.1888583" lon="72.8609100">
        <time>2026-08-16T22:28:32Z</time>
      </trkpt>
      <trkpt lat="21.1886883" lon="72.8606283">
        <time>2026-08-16T22:28:38Z</time>
      </trkpt>
      <trkpt lat="21.1885167" lon="72.8603483">
        <time>2026-08-16T22:28:44Z</time>
      </trkpt>
      <trkpt lat="21.1883600" lon="72.8601033">
        <time>2026-08-16T22:28:50Z</time>
      </trkpt>
      <trkpt lat="21.1881883" lon="72.8598633">
        <time>2026-08-16T22:28:56Z</time>
      </trkpt>
      <trkpt lat="21.1879433" lon="72.8594717">
        <time>2026-08-16T22:29:02Z</time>
      </trkpt>
      <trkpt lat="21.1867050" lon="72.8578550">
        <time>2026-08-16T22:29:36Z</time>
      </trkpt>
      <trkpt lat="21.1865850" lon="72.8576150">
        <time>2026-08-16T22:29:42Z</time>
      </trkpt>
      <trkpt lat="21.1865050" lon="72.8574633">
        <time>2026-08-16T22:29:48Z</time>
      </trkpt>
      <trkpt lat="21.1864500" lon="72.8573850">
        <time>2026-08-16T22:29:54Z</time>
      </trkpt>
      <trkpt lat="21.1864417" lon="72.8573717">
        <time>2026-08-16T22:30:01Z</time>
      </trkpt>
      <trkpt lat="21.1863917" lon="72.8572183">
        <time>2026-08-16T22:30:09Z</time>
      </trkpt>
      <trkpt lat="21.1863450" lon="72.8569883">
        <time>2026-08-16T22:30:15Z</time>
      </trkpt>
      <trkpt lat="21.1862733" lon="72.8566583">
        <time>2026-08-16T22:30:21Z</time>
      </trkpt>
      <trkpt lat="21.1861800" lon="72.8563217">
        <time>2026-08-16T22:30:27Z</time>
      </trkpt>
      <trkpt lat="21.1860700" lon="72.8559450">
        <time>2026-08-16T22:30:33Z</time>
      </trkpt>
      <trkpt lat="21.1859567" lon="72.8556067">
        <time>2026-08-16T22:30:39Z</time>
      </trkpt>
      <trkpt lat="21.1858783" lon="72.8553483">
        <time>2026-08-16T22:30:45Z</time>
      </trkpt>
      <trkpt lat="21.1858067" lon="72.8551400">
        <time>2026-08-16T22:30:51Z</time>
      </trkpt>
      <trkpt lat="21.1857583" lon="72.8550500">
        <time>2026-08-16T22:30:57Z</time>
      </trkpt>
      <trkpt lat="21.1856950" lon="72.8549250">
        <time>2026-08-16T22:31:03Z</time>
      </trkpt>
      <trkpt lat="21.1856633" lon="72.8548283">
        <time>2026-08-16T22:31:09Z</time>
      </trkpt>
      <trkpt lat="21.1856617" lon="72.8548283">
        <time>2026-08-16T22:31:15Z</time>
      </trkpt>
      <trkpt lat="21.1856617" lon="72.8548283">
        <time>2026-08-16T22:31:24Z</time>
      </trkpt>
      <trkpt lat="21.1856617" lon="72.8548283">
        <time>2026-08-16T22:31:30Z</time>
      </trkpt>
      <trkpt lat="21.1856617" lon="72.8548283">
        <time>2026-08-16T22:31:51Z</time>
      </trkpt>
      <trkpt lat="21.1856167" lon="72.8547050">
        <time>2026-08-16T22:32:01Z</time>
      </trkpt>
      <trkpt lat="21.1856700" lon="72.8546100">
        <time>2026-08-16T22:32:07Z</time>
      </trkpt>
      <trkpt lat="21.1857017" lon="72.8546017">
        <time>2026-08-16T22:32:13Z</time>
      </trkpt>
      <trkpt lat="21.1857017" lon="72.8546017">
        <time>2026-08-16T22:32:19Z</time>
      </trkpt>
      <trkpt lat="21.1857517" lon="72.8546900">
        <time>2026-08-16T22:32:25Z</time>
      </trkpt>
      <trkpt lat="21.1858083" lon="72.8547850">
        <time>2026-08-16T22:32:31Z</time>
      </trkpt>
      <trkpt lat="21.1858283" lon="72.8549167">
        <time>2026-08-16T22:32:37Z</time>
      </trkpt>
      <trkpt lat="21.1858250" lon="72.8549200">
        <time>2026-08-16T22:32:43Z</time>
      </trkpt>
      <trkpt lat="21.1858250" lon="72.8549200">
        <time>2026-08-16T22:32:49Z</time>
      </trkpt>
      <trkpt lat="21.1858250" lon="72.8549200">
        <time>2026-08-16T22:32:55Z</time>
      </trkpt>
      <trkpt lat="21.1858250" lon="72.8549200">
        <time>2026-08-16T22:33:01Z</time>
      </trkpt>
      <trkpt lat="21.1858250" lon="72.8549200">
        <time>2026-08-16T22:33:07Z</time>
      </trkpt>
      <trkpt lat="21.1858500" lon="72.8550100">
        <time>2026-08-16T22:33:13Z</time>
      </trkpt>
      <trkpt lat="21.1858900" lon="72.8551700">
        <time>2026-08-16T22:33:19Z</time>
      </trkpt>
      <trkpt lat="21.1859583" lon="72.8553800">
        <time>2026-08-16T22:33:25Z</time>
      </trkpt>
      <trkpt lat="21.1860433" lon="72.8556683">
        <time>2026-08-16T22:33:31Z</time>
      </trkpt>
      <trkpt lat="21.1861367" lon="72.8560133">
        <time>2026-08-16T22:33:37Z</time>
      </trkpt>
      <trkpt lat="21.1862383" lon="72.8563733">
        <time>2026-08-16T22:33:43Z</time>
      </trkpt>
      <trkpt lat="21.1863400" lon="72.8567367">
        <time>2026-08-16T22:33:49Z</time>
      </trkpt>
      <trkpt lat="21.1864100" lon="72.8570700">
        <time>2026-08-16T22:33:55Z</time>
      </trkpt>
      <trkpt lat="21.1864767" lon="72.8572867">
        <time>2026-08-16T22:34:01Z</time>
      </trkpt>
      <trkpt lat="21.1866300" lon="72.8572950">
        <time>2026-08-16T22:34:07Z</time>
      </trkpt>
      <trkpt lat="21.1867517" lon="72.8572200">
        <time>2026-08-16T22:34:13Z</time>
      </trkpt>
      <trkpt lat="21.1868567" lon="72.8571167">
        <time>2026-08-16T22:34:19Z</time>
      </trkpt>
      <trkpt lat="21.1867983" lon="72.8569383">
        <time>2026-08-16T22:34:25Z</time>
      </trkpt>
      <trkpt lat="21.1866883" lon="72.8566983">
        <time>2026-08-16T22:34:31Z</time>
      </trkpt>
      <trkpt lat="21.1865783" lon="72.8563733">
        <time>2026-08-16T22:34:37Z</time>
      </trkpt>
      <trkpt lat="21.1864700" lon="72.8560033">
        <time>2026-08-16T22:34:43Z</time>
      </trkpt>
      <trkpt lat="21.1863717" lon="72.8556083">
        <time>2026-08-16T22:34:49Z</time>
      </trkpt>
      <trkpt lat="21.1862417" lon="72.8552717">
        <time>2026-08-16T22:34:55Z</time>
      </trkpt>
      <trkpt lat="21.1861733" lon="72.8550650">
        <time>2026-08-16T22:35:01Z</time>
      </trkpt>
      <trkpt lat="21.1860600" lon="72.8547433">
        <time>2026-08-16T22:35:07Z</time>
      </trkpt>
      <trkpt lat="21.1859100" lon="72.8543567">
        <time>2026-08-16T22:35:13Z</time>
      </trkpt>
      <trkpt lat="21.1857250" lon="72.8538933">
        <time>2026-08-16T22:35:19Z</time>
      </trkpt>
      <trkpt lat="21.1855667" lon="72.8534333">
        <time>2026-08-16T22:35:25Z</time>
      </trkpt>
      <trkpt lat="21.1854300" lon="72.8530100">
        <time>2026-08-16T22:35:31Z</time>
      </trkpt>
      <trkpt lat="21.1852867" lon="72.8525967">
        <time>2026-08-16T22:35:37Z</time>
      </trkpt>
      <trkpt lat="21.1851417" lon="72.8522100">
        <time>2026-08-16T22:35:43Z</time>
      </trkpt>
      <trkpt lat="21.1850150" lon="72.8518300">
        <time>2026-08-16T22:35:49Z</time>
      </trkpt>
      <trkpt lat="21.1848583" lon="72.8514083">
        <time>2026-08-16T22:35:55Z</time>
      </trkpt>
      <trkpt lat="21.1846933" lon="72.8509633">
        <time>2026-08-16T22:36:01Z</time>
      </trkpt>
      <trkpt lat="21.1845433" lon="72.8504933">
        <time>2026-08-16T22:36:07Z</time>
      </trkpt>
      <trkpt lat="21.1844900" lon="72.8500167">
        <time>2026-08-16T22:36:13Z</time>
      </trkpt>
      <trkpt lat="21.1844567" lon="72.8495233">
        <time>2026-08-16T22:36:19Z</time>
      </trkpt>
      <trkpt lat="21.1844183" lon="72.8490067">
        <time>2026-08-16T22:36:25Z</time>
      </trkpt>
      <trkpt lat="21.1843733" lon="72.8484700">
        <time>2026-08-16T22:36:31Z</time>
      </trkpt>
      <trkpt lat="21.1843283" lon="72.8479533">
        <time>2026-08-16T22:36:37Z</time>
      </trkpt>
      <trkpt lat="21.1842617" lon="72.8474167">
        <time>2026-08-16T22:36:43Z</time>
      </trkpt>
      <trkpt lat="21.1840783" lon="72.8468767">
        <time>2026-08-16T22:36:49Z</time>
      </trkpt>
      <trkpt lat="21.1838017" lon="72.8463100">
        <time>2026-08-16T22:36:55Z</time>
      </trkpt>
      <trkpt lat="21.1835267" lon="72.8457300">
        <time>2026-08-16T22:37:01Z</time>
      </trkpt>
      <trkpt lat="21.1832817" lon="72.8451650">
        <time>2026-08-16T22:37:07Z</time>
      </trkpt>
      <trkpt lat="21.1830717" lon="72.8447800">
        <time>2026-08-16T22:37:13Z</time>
      </trkpt>
      <trkpt lat="21.1829433" lon="72.8444867">
        <time>2026-08-16T22:37:19Z</time>
      </trkpt>
      <trkpt lat="21.1827917" lon="72.8441067">
        <time>2026-08-16T22:37:25Z</time>
      </trkpt>
      <trkpt lat="21.1825833" lon="72.8436383">
        <time>2026-08-16T22:37:31Z</time>
      </trkpt>
      <trkpt lat="21.1823333" lon="72.8431117">
        <time>2026-08-16T22:37:37Z</time>
      </trkpt>
      <trkpt lat="21.1820883" lon="72.8425583">
        <time>2026-08-16T22:37:43Z</time>
      </trkpt>
      <trkpt lat="21.1818733" lon="72.8420350">
        <time>2026-08-16T22:37:49Z</time>
      </trkpt>
      <trkpt lat="21.1816917" lon="72.8416117">
        <time>2026-08-16T22:37:55Z</time>
      </trkpt>
      <trkpt lat="21.1815217" lon="72.8415133">
        <time>2026-08-16T22:38:01Z</time>
      </trkpt>
      <trkpt lat="21.1814000" lon="72.8414383">
        <time>2026-08-16T22:38:07Z</time>
      </trkpt>
      <trkpt lat="21.1813067" lon="72.8412100">
        <time>2026-08-16T22:38:13Z</time>
      </trkpt>
      <trkpt lat="21.1812517" lon="72.8409483">
        <time>2026-08-16T22:38:19Z</time>
      </trkpt>
      <trkpt lat="21.1810733" lon="72.8405233">
        <time>2026-08-16T22:38:25Z</time>
      </trkpt>
      <trkpt lat="21.1808283" lon="72.8400400">
        <time>2026-08-16T22:38:31Z</time>
      </trkpt>
      <trkpt lat="21.1805800" lon="72.8395833">
        <time>2026-08-16T22:38:37Z</time>
      </trkpt>
      <trkpt lat="21.1803617" lon="72.8391550">
        <time>2026-08-16T22:38:43Z</time>
      </trkpt>
      <trkpt lat="21.1802483" lon="72.8389517">
        <time>2026-08-16T22:38:49Z</time>
      </trkpt>
      <trkpt lat="21.1800550" lon="72.8386750">
        <time>2026-08-16T22:38:55Z</time>
      </trkpt>
      <trkpt lat="21.1798550" lon="72.8383200">
        <time>2026-08-16T22:39:01Z</time>
      </trkpt>
      <trkpt lat="21.1796417" lon="72.8378617">
        <time>2026-08-16T22:39:07Z</time>
      </trkpt>
      <trkpt lat="21.1794333" lon="72.8373817">
        <time>2026-08-16T22:39:13Z</time>
      </trkpt>
      <trkpt lat="21.1792383" lon="72.8369050">
        <time>2026-08-16T22:39:19Z</time>
      </trkpt>
      <trkpt lat="21.1790233" lon="72.8363767">
        <time>2026-08-16T22:39:25Z</time>
      </trkpt>
      <trkpt lat="21.1788200" lon="72.8358700">
        <time>2026-08-16T22:39:31Z</time>
      </trkpt>
      <trkpt lat="21.1786033" lon="72.8353567">
        <time>2026-08-16T22:39:37Z</time>
      </trkpt>
      <trkpt lat="21.1784050" lon="72.8349350">
        <time>2026-08-16T22:39:43Z</time>
      </trkpt>
      <trkpt lat="21.1782467" lon="72.8346117">
        <time>2026-08-16T22:39:49Z</time>
      </trkpt>
      <trkpt lat="21.1780783" lon="72.8344733">
        <time>2026-08-16T22:39:55Z</time>
      </trkpt>
      <trkpt lat="21.1778517" lon="72.8345100">
        <time>2026-08-16T22:40:01Z</time>
      </trkpt>
      <trkpt lat="21.1776283" lon="72.8344133">
        <time>2026-08-16T22:40:07Z</time>
      </trkpt>
      <trkpt lat="21.1774650" lon="72.8341867">
        <time>2026-08-16T22:40:13Z</time>
      </trkpt>
      <trkpt lat="21.1772567" lon="72.8338617">
        <time>2026-08-16T22:40:19Z</time>
      </trkpt>
      <trkpt lat="21.1770117" lon="72.8334467">
        <time>2026-08-16T22:40:25Z</time>
      </trkpt>
      <trkpt lat="21.1767550" lon="72.8329833">
        <time>2026-08-16T22:40:31Z</time>
      </trkpt>
      <trkpt lat="21.1764783" lon="72.8325383">
        <time>2026-08-16T22:40:37Z</time>
      </trkpt>
      <trkpt lat="21.1762483" lon="72.8321467">
        <time>2026-08-16T22:40:43Z</time>
      </trkpt>
      <trkpt lat="21.1760133" lon="72.8317617">
        <time>2026-08-16T22:40:49Z</time>
      </trkpt>
      <trkpt lat="21.1757933" lon="72.8314517">
        <time>2026-08-16T22:40:55Z</time>
      </trkpt>
      <trkpt lat="21.1756267" lon="72.8312833">
        <time>2026-08-16T22:41:01Z</time>
      </trkpt>
      <trkpt lat="21.1753950" lon="72.8312183">
        <time>2026-08-16T22:41:07Z</time>
      </trkpt>
      <trkpt lat="21.1750933" lon="72.8311950">
        <time>2026-08-16T22:41:13Z</time>
      </trkpt>
      <trkpt lat="21.1747833" lon="72.8312117">
        <time>2026-08-16T22:41:19Z</time>
      </trkpt>
      <trkpt lat="21.1744700" lon="72.8312250">
        <time>2026-08-16T22:41:25Z</time>
      </trkpt>
      <trkpt lat="21.1741833" lon="72.8312450">
        <time>2026-08-16T22:41:31Z</time>
      </trkpt>
      <trkpt lat="21.1738883" lon="72.8312683">
        <time>2026-08-16T22:41:37Z</time>
      </trkpt>
      <trkpt lat="21.1736417" lon="72.8312833">
        <time>2026-08-16T22:41:43Z</time>
      </trkpt>
      <trkpt lat="21.1734533" lon="72.8313000">
        <time>2026-08-16T22:41:49Z</time>
      </trkpt>
      <trkpt lat="21.1732667" lon="72.8313083">
        <time>2026-08-16T22:41:55Z</time>
      </trkpt>
      <trkpt lat="21.1729567" lon="72.8313283">
        <time>2026-08-16T22:42:01Z</time>
      </trkpt>
      <trkpt lat="21.1726100" lon="72.8313550">
        <time>2026-08-16T22:42:07Z</time>
      </trkpt>
      <trkpt lat="21.1721817" lon="72.8313783">
        <time>2026-08-16T22:42:13Z</time>
      </trkpt>
      <trkpt lat="21.1717600" lon="72.8314017">
        <time>2026-08-16T22:42:19Z</time>
      </trkpt>
      <trkpt lat="21.1713833" lon="72.8314400">
        <time>2026-08-16T22:42:25Z</time>
      </trkpt>
      <trkpt lat="21.1710283" lon="72.8314750">
        <time>2026-08-16T22:42:31Z</time>
      </trkpt>
      <trkpt lat="21.1707283" lon="72.8315200">
        <time>2026-08-16T22:42:37Z</time>
      </trkpt>
      <trkpt lat="21.1705517" lon="72.8315517">
        <time>2026-08-16T22:42:43Z</time>
      </trkpt>
      <trkpt lat="21.1704400" lon="72.8315917">
        <time>2026-08-16T22:42:49Z</time>
      </trkpt>
      <trkpt lat="21.1703533" lon="72.8316067">
        <time>2026-08-16T22:42:55Z</time>
      </trkpt>
      <trkpt lat="21.1702750" lon="72.8316217">
        <time>2026-08-16T22:43:01Z</time>
      </trkpt>
      <trkpt lat="21.1702550" lon="72.8316250">
        <time>2026-08-16T22:43:07Z</time>
      </trkpt>
      <trkpt lat="21.1702550" lon="72.8316250">
        <time>2026-08-16T22:43:13Z</time>
      </trkpt>
      <trkpt lat="21.1702550" lon="72.8316250">
        <time>2026-08-16T22:43:55Z</time>
      </trkpt>
      <trkpt lat="21.1702550" lon="72.8316250">
        <time>2026-08-16T22:44:01Z</time>
      </trkpt>
      <trkpt lat="21.1702583" lon="72.8315850">
        <time>2026-08-16T22:44:07Z</time>
      </trkpt>
    </trkseg>
  </trk>
  <trk>
    <trkseg>
      <trkpt lat="21.1898694" lon="72.7649236">
        <time>2020-01-08T07:30:50Z</time>
      </trkpt>
      <trkpt lat="21.1898969" lon="72.7648835">
        <time>2020-01-08T07:33:35Z</time>
      </trkpt>
      <trkpt lat="21.1893299" lon="72.7698894">
        <time>2020-01-08T07:38:16Z</time>
      </trkpt>
      <trkpt lat="21.1901787" lon="72.7766433">
        <time>2020-01-08T07:41:25Z</time>
      </trkpt>
      <trkpt lat="21.1905165" lon="72.7836872">
        <time>2020-01-08T07:42:17Z</time>
      </trkpt>
      <trkpt lat="21.1904040" lon="72.7850983">
        <time>2020-01-08T07:43:39Z</time>
      </trkpt>
      <trkpt lat="21.1903838" lon="72.7850289">
        <time>2020-01-08T07:43:39Z</time>
      </trkpt>
      <trkpt lat="21.1903691" lon="72.7846526">
        <time>2020-01-08T07:43:49Z</time>
      </trkpt>
      <trkpt lat="21.1903521" lon="72.7836274">
        <time>2020-01-08T07:43:59Z</time>
      </trkpt>
      <trkpt lat="21.1903490" lon="72.7834761">
        <time>2020-01-08T07:43:59Z</time>
      </trkpt>
      <trkpt lat="21.1903652" lon="72.7838393">
        <time>2020-01-08T07:43:59Z</time>
      </trkpt>
      <trkpt lat="21.1903655" lon="72.7839053">
        <time>2020-01-08T07:43:59Z</time>
      </trkpt>
      <trkpt lat="21.1903528" lon="72.7831194">
        <time>2020-01-08T07:44:09Z</time>
      </trkpt>
      <trkpt lat="21.1903664" lon="72.7828215">
        <time>2020-01-08T07:44:09Z</time>
      </trkpt>
      <trkpt lat="21.1903750" lon="72.7820670">
        <time>2020-01-08T07:44:29Z</time>
      </trkpt>
      <trkpt lat="21.1903670" lon="72.7818837">
        <time>2020-01-08T07:44:29Z</time>
      </trkpt>
      <trkpt lat="21.1903568" lon="72.7816085">
        <time>2020-01-08T07:44:29Z</time>
      </trkpt>
      <trkpt lat="21.1903369" lon="72.7812866">
        <time>2020-01-08T07:44:31Z</time>
      </trkpt>
      <trkpt lat="21.1903024" lon="72.7810793">
        <time>2020-01-08T07:44:41Z</time>
      </trkpt>
      <trkpt lat="21.1902688" lon="72.7796603">
        <time>2020-01-08T07:45:11Z</time>
      </trkpt>
      <trkpt lat="21.1902279" lon="72.7794994">
        <time>2020-01-08T07:45:52Z</time>
      </trkpt>
      <trkpt lat="21.1901735" lon="72.7795558">
        <time>2020-01-08T07:46:23Z</time>
      </trkpt>
      <trkpt lat="21.1901678" lon="72.7797028">
        <time>2020-01-08T07:47:00Z</time>
      </trkpt>
      <trkpt lat="21.1901678" lon="72.7797028">
        <time>2020-01-08T07:47:00Z</time>
      </trkpt>
      <trkpt lat="21.1902152" lon="72.7796868">
        <time>2020-01-08T07:47:23Z</time>
      </trkpt>
      <trkpt lat="21.1905638" lon="72.7797699">
        <time>2020-01-08T07:48:47Z</time>
      </trkpt>
      <trkpt lat="21.1906355" lon="72.7798401">
        <time>2020-01-08T07:49:11Z</time>
      </trkpt>
      <trkpt lat="21.1906311" lon="72.7798028">
        <time>2020-01-08T07:49:41Z</time>
      </trkpt>
      <trkpt lat="21.1902814" lon="72.7796800">
        <time>2020-01-08T07:52:06Z</time>
      </trkpt>
      <trkpt lat="21.1902374" lon="72.7796723">
        <time>2020-01-08T07:52:17Z</time>
      </trkpt>
      <trkpt lat="21.1901773" lon="72.7795646">
        <time>2020-01-08T07:52:57Z</time>
      </trkpt>
      <trkpt lat="21.1901951" lon="72.7795638">
        <time>2020-01-08T07:53:27Z</time>
      </trkpt>
      <trkpt lat="21.1902497" lon="72.7795634">
        <time>2020-01-08T07:53:37Z</time>
      </trkpt>
      <trkpt lat="21.1902208" lon="72.7795560">
        <time>2020-01-08T07:53:37Z</time>
      </trkpt>
      <trkpt lat="21.1911455" lon="72.7795641">
        <time>2020-01-08T07:54:58Z</time>
      </trkpt>
      <trkpt lat="21.1909563" lon="72.7794359">
        <time>2020-01-08T07:54:58Z</time>
      </trkpt>
      <trkpt lat="21.1919656" lon="72.7798370">
        <time>2020-01-08T07:55:09Z</time>
      </trkpt>
      <trkpt lat="21.1916433" lon="72.7797302">
        <time>2020-01-08T07:55:09Z</time>
      </trkpt>
      <trkpt lat="21.1931235" lon="72.7797585">
        <time>2020-01-08T07:55:39Z</time>
      </trkpt>
      <trkpt lat="21.1930997" lon="72.7798305">
        <time>2020-01-08T07:55:39Z</time>
      </trkpt>
      <trkpt lat="21.1952539" lon="72.7791908">
        <time>2020-01-08T07:56:19Z</time>
      </trkpt>
      <trkpt lat="21.1957191" lon="72.7791040">
        <time>2020-01-08T07:56:29Z</time>
      </trkpt>
      <trkpt lat="21.1971523" lon="72.7788501">
        <time>2020-01-08T07:57:00Z</time>
      </trkpt>
      <trkpt lat="21.1971028" lon="72.7788607">
        <time>2020-01-08T07:57:00Z</time>
      </trkpt>
      <trkpt lat="21.1973566" lon="72.7788012">
        <time>2020-01-08T07:57:00Z</time>
      </trkpt>
      <trkpt lat="21.1977783" lon="72.7789832">
        <time>2020-01-08T07:57:20Z</time>
      </trkpt>
      <trkpt lat="21.1980569" lon="72.7790142">
        <time>2020-01-08T07:57:30Z</time>
      </trkpt>
      <trkpt lat="21.1981373" lon="72.7790084">
        <time>2020-01-08T07:57:30Z</time>
      </trkpt>
      <trkpt lat="21.1994897" lon="72.7793820">
        <time>2020-01-08T07:58:00Z</time>
      </trkpt>
      <trkpt lat="21.1996544" lon="72.7794662">
        <time>2020-01-08T07:58:10Z</time>
      </trkpt>
      <trkpt lat="21.1996402" lon="72.7794682">
        <time>2020-01-08T07:58:30Z</time>
      </trkpt>
      <trkpt lat="21.1995708" lon="72.7797306">
        <time>2020-01-08T07:58:57Z</time>
      </trkpt>
      <trkpt lat="21.1995753" lon="72.7797197">
        <time>2020-01-08T07:59:23Z</time>
      </trkpt>
      <trkpt lat="21.1995753" lon="72.7797197">
        <time>2020-01-08T07:59:24Z</time>
      </trkpt>
      <trkpt lat="21.1996627" lon="72.7796002">
        <time>2020-01-08T08:00:39Z</time>
      </trkpt>
      <trkpt lat="21.1997411" lon="72.7795735">
        <time>2020-01-08T08:01:19Z</time>
      </trkpt>
      <trkpt lat="21.1996784" lon="72.7795939">
        <time>2020-01-08T08:02:14Z</time>
      </trkpt>
      <trkpt lat="21.1997502" lon="72.7795659">
        <time>2020-01-08T08:02:34Z</time>
      </trkpt>
      <trkpt lat="21.1997502" lon="72.7795659">
        <time>2020-01-08T08:02:34Z</time>
      </trkpt>
      <trkpt lat="21.1996138" lon="72.7795031">
        <time>2020-01-08T08:03:21Z</time>
      </trkpt>
      <trkpt lat="21.1996582" lon="72.7795679">
        <time>2020-01-08T08:03:24Z</time>
      </trkpt>
      <trkpt lat="21.1996582" lon="72.7795679">
        <time>2020-01-08T08:03:24Z</time>
      </trkpt>
      <trkpt lat="21.1996380" lon="72.7796155">
        <time>2020-01-08T08:04:27Z</time>
      </trkpt>
      <trkpt lat="21.1996200" lon="72.7796491">
        <time>2020-01-08T08:04:41Z</time>
      </trkpt>
      <trkpt lat="21.1996202" lon="72.7796514">
        <time>2020-01-08T08:04:48Z</time>
      </trkpt>
      <trkpt lat="21.1996773" lon="72.7795788">
        <time>2020-01-08T08:07:08Z</time>
      </trkpt>
      <trkpt lat="21.1990583" lon="72.7794242">
        <time>2020-01-08T08:09:44Z</time>
      </trkpt>
      <trkpt lat="21.1993964" lon="72.7796076">
        <time>2020-01-08T08:10:49Z</time>
      </trkpt>
      <trkpt lat="21.1989959" lon="72.7794003">
        <time>2020-01-08T08:10:50Z</time>
      </trkpt>
      <trkpt lat="21.1979600" lon="72.7790617">
        <time>2020-01-08T08:11:01Z</time>
      </trkpt>
      <trkpt lat="21.1978196" lon="72.7792229">
        <time>2020-01-08T08:11:01Z</time>
      </trkpt>
      <trkpt lat="21.1978544" lon="72.7791393">
        <time>2020-01-08T08:11:01Z</time>
      </trkpt>
      <trkpt lat="21.1977900" lon="72.7798458">
        <time>2020-01-08T08:11:21Z</time>
      </trkpt>
      <trkpt lat="21.1978128" lon="72.7816701">
        <time>2020-01-08T08:13:23Z</time>
      </trkpt>
      <trkpt lat="21.1977756" lon="72.7813069">
        <time>2020-01-08T08:13:23Z</time>
      </trkpt>
      <trkpt lat="21.1977982" lon="72.7815085">
        <time>2020-01-08T08:13:23Z</time>
      </trkpt>
      <trkpt lat="21.1979736" lon="72.7830279">
        <time>2020-01-08T08:14:49Z</time>
      </trkpt>
      <trkpt lat="21.1979007" lon="72.7825771">
        <time>2020-01-08T08:14:49Z</time>
      </trkpt>
      <trkpt lat="21.1979074" lon="72.7826053">
        <time>2020-01-08T08:14:49Z</time>
      </trkpt>
      <trkpt lat="21.1981154" lon="72.7835621">
        <time>2020-01-08T08:14:49Z</time>
      </trkpt>
      <trkpt lat="21.1982693" lon="72.7839042">
        <time>2020-01-08T08:16:52Z</time>
      </trkpt>
      <trkpt lat="21.1982380" lon="72.7837850">
        <time>2020-01-08T08:16:52Z</time>
      </trkpt>
      <trkpt lat="21.1981329" lon="72.7835858">
        <time>2020-01-08T08:16:52Z</time>
      </trkpt>
      <trkpt lat="21.1987307" lon="72.7854122">
        <time>2020-01-08T08:18:54Z</time>
      </trkpt>
      <trkpt lat="21.1985562" lon="72.7852660">
        <time>2020-01-08T08:18:54Z</time>
      </trkpt>
      <trkpt lat="21.1985105" lon="72.7851044">
        <time>2020-01-08T08:18:54Z</time>
      </trkpt>
      <trkpt lat="21.1984818" lon="72.7849915">
        <time>2020-01-08T08:18:54Z</time>
      </trkpt>
      <trkpt lat="21.1992788" lon="72.7860735">
        <time>2020-01-08T08:19:14Z</time>
      </trkpt>
      <trkpt lat="21.1993127" lon="72.7862020">
        <time>2020-01-08T08:19:14Z</time>
      </trkpt>
      <trkpt lat="21.1994048" lon="72.7865994">
        <time>2020-01-08T08:19:14Z</time>
      </trkpt>
      <trkpt lat="21.1996670" lon="72.7877755">
        <time>2020-01-08T08:19:34Z</time>
      </trkpt>
      <trkpt lat="21.1999276" lon="72.7887166">
        <time>2020-01-08T08:19:34Z</time>
      </trkpt>
      <trkpt lat="21.1999925" lon="72.7890794">
        <time>2020-01-08T08:19:34Z</time>
      </trkpt>
      <trkpt lat="21.2010642" lon="72.7896745">
        <time>2020-01-08T08:19:54Z</time>
      </trkpt>
      <trkpt lat="21.2001181" lon="72.7895686">
        <time>2020-01-08T08:19:54Z</time>
      </trkpt>
      <trkpt lat="21.2024342" lon="72.7894337">
        <time>2020-01-08T08:20:14Z</time>
      </trkpt>
      <trkpt lat="21.2022070" lon="72.7894803">
        <time>2020-01-08T08:20:14Z</time>
      </trkpt>
      <trkpt lat="21.2018766" lon="72.7895514">
        <time>2020-01-08T08:20:14Z</time>
      </trkpt>
      <trkpt lat="21.2011763" lon="72.7896576">
        <time>2020-01-08T08:20:14Z</time>
      </trkpt>
      <trkpt lat="21.2025780" lon="72.7894064">
        <time>2020-01-08T08:20:14Z</time>
      </trkpt>
      <trkpt lat="21.2023328" lon="72.7894548">
        <time>2020-01-08T08:20:14Z</time>
      </trkpt>
      <trkpt lat="21.2027458" lon="72.7895992">
        <time>2020-01-08T08:20:34Z</time>
      </trkpt>
      <trkpt lat="21.2028123" lon="72.7903145">
        <time>2020-01-08T08:20:34Z</time>
      </trkpt>
      <trkpt lat="21.2027714" lon="72.7894058">
        <time>2020-01-08T08:20:54Z</time>
      </trkpt>
      <trkpt lat="21.2027769" lon="72.7899640">
        <time>2020-01-08T08:20:54Z</time>
      </trkpt>
      <trkpt lat="21.2027427" lon="72.7895960">
        <time>2020-01-08T08:20:54Z</time>
      </trkpt>
      <trkpt lat="21.2027615" lon="72.7896989">
        <time>2020-01-08T08:20:54Z</time>
      </trkpt>
      <trkpt lat="21.2027860" lon="72.7900109">
        <time>2020-01-08T08:20:54Z</time>
      </trkpt>
      <trkpt lat="21.2041700" lon="72.7892511">
        <time>2020-01-08T08:21:14Z</time>
      </trkpt>
      <trkpt lat="21.2031208" lon="72.7893725">
        <time>2020-01-08T08:21:14Z</time>
      </trkpt>
      <trkpt lat="21.2034262" lon="72.7893395">
        <time>2020-01-08T08:21:14Z</time>
      </trkpt>
      <trkpt lat="21.2040236" lon="72.7893655">
        <time>2020-01-08T08:21:34Z</time>
      </trkpt>
      <trkpt lat="21.2041338" lon="72.7893611">
        <time>2020-01-08T08:21:34Z</time>
      </trkpt>
      <trkpt lat="21.2037530" lon="72.7893940">
        <time>2020-01-08T08:21:54Z</time>
      </trkpt>
      <trkpt lat="21.2037272" lon="72.7894260">
        <time>2020-01-08T08:21:54Z</time>
      </trkpt>
      <trkpt lat="21.2037135" lon="72.7894338">
        <time>2020-01-08T08:21:54Z</time>
      </trkpt>
      <trkpt lat="21.2037572" lon="72.7893935">
        <time>2020-01-08T08:21:54Z</time>
      </trkpt>
      <trkpt lat="21.2037310" lon="72.7893963">
        <time>2020-01-08T08:24:17Z</time>
      </trkpt>
      <trkpt lat="21.2037803" lon="72.7892532">
        <time>2020-01-08T08:26:42Z</time>
      </trkpt>
      <trkpt lat="21.2037220" lon="72.7893524">
        <time>2020-01-08T08:26:42Z</time>
      </trkpt>
      <trkpt lat="21.2037537" lon="72.7893173">
        <time>2020-01-08T08:26:42Z</time>
      </trkpt>
      <trkpt lat="21.2037308" lon="72.7893071">
        <time>2020-01-08T08:26:42Z</time>
      </trkpt>
      <trkpt lat="21.2037331" lon="72.7893370">
        <time>2020-01-08T08:28:22Z</time>
      </trkpt>
      <trkpt lat="21.2036485" lon="72.7894050">
        <time>2020-01-08T08:29:49Z</time>
      </trkpt>
      <trkpt lat="21.2037892" lon="72.7893597">
        <time>2020-01-08T08:29:49Z</time>
      </trkpt>
      <trkpt lat="21.2030473" lon="72.7894403">
        <time>2020-01-08T08:31:51Z</time>
      </trkpt>
      <trkpt lat="21.2025764" lon="72.7895346">
        <time>2020-01-08T08:31:51Z</time>
      </trkpt>
      <trkpt lat="21.2029190" lon="72.7894551">
        <time>2020-01-08T08:31:51Z</time>
      </trkpt>
      <trkpt lat="21.2015682" lon="72.7896805">
        <time>2020-01-08T08:33:53Z</time>
      </trkpt>
      <trkpt lat="21.2017395" lon="72.7896601">
        <time>2020-01-08T08:33:53Z</time>
      </trkpt>
      <trkpt lat="21.2017708" lon="72.7896541">
        <time>2020-01-08T08:33:53Z</time>
      </trkpt>
      <trkpt lat="21.1998472" lon="72.7901917">
        <time>2020-01-08T08:34:49Z</time>
      </trkpt>
      <trkpt lat="21.1996227" lon="72.7903448">
        <time>2020-01-08T08:36:50Z</time>
      </trkpt>
      <trkpt lat="21.1979141" lon="72.7914512">
        <time>2020-01-08T08:38:53Z</time>
      </trkpt>
      <trkpt lat="21.1982380" lon="72.7912118">
        <time>2020-01-08T08:38:53Z</time>
      </trkpt>
      <trkpt lat="21.1983885" lon="72.7910938">
        <time>2020-01-08T08:38:53Z</time>
      </trkpt>
      <trkpt lat="21.1982904" lon="72.7911709">
        <time>2020-01-08T08:38:53Z</time>
      </trkpt>
      <trkpt lat="21.1971727" lon="72.7921324">
        <time>2020-01-08T08:39:12Z</time>
      </trkpt>
      <trkpt lat="21.1964571" lon="72.7927857">
        <time>2020-01-08T08:39:13Z</time>
      </trkpt>
      <trkpt lat="21.1963199" lon="72.7929093">
        <time>2020-01-08T08:39:13Z</time>
      </trkpt>
      <trkpt lat="21.1961179" lon="72.7931750">
        <time>2020-01-08T08:39:49Z</time>
      </trkpt>
      <trkpt lat="21.1957288" lon="72.7934279">
        <time>2020-01-08T08:39:49Z</time>
      </trkpt>
      <trkpt lat="21.1952052" lon="72.7934231">
        <time>2020-01-08T08:39:49Z</time>
      </trkpt>
      <trkpt lat="21.1951324" lon="72.7928661">
        <time>2020-01-08T08:40:09Z</time>
      </trkpt>
      <trkpt lat="21.1946065" lon="72.7895117">
        <time>2020-01-08T08:40:16Z</time>
      </trkpt>
      <trkpt lat="21.1947215" lon="72.7901268">
        <time>2020-01-08T08:40:16Z</time>
      </trkpt>
      <trkpt lat="21.1946525" lon="72.7897664">
        <time>2020-01-08T08:40:16Z</time>
      </trkpt>
      <trkpt lat="21.1947345" lon="72.7901804">
        <time>2020-01-08T08:40:16Z</time>
      </trkpt>
      <trkpt lat="21.1946266" lon="72.7895953">
        <time>2020-01-08T08:40:16Z</time>
      </trkpt>
      <trkpt lat="21.1945369" lon="72.7891810">
        <time>2020-01-08T08:40:16Z</time>
      </trkpt>
      <trkpt lat="21.1946065" lon="72.7895117">
        <time>2020-01-08T08:40:16Z</time>
      </trkpt>
      <trkpt lat="21.1942866" lon="72.7878622">
        <time>2020-01-08T08:40:36Z</time>
      </trkpt>
      <trkpt lat="21.1943115" lon="72.7879792">
        <time>2020-01-08T08:40:36Z</time>
      </trkpt>
      <trkpt lat="21.1941280" lon="72.7871888">
        <time>2020-01-08T08:40:36Z</time>
      </trkpt>
      <trkpt lat="21.1941986" lon="72.7874105">
        <time>2020-01-08T08:40:36Z</time>
      </trkpt>
      <trkpt lat="21.1934169" lon="72.7871510">
        <time>2020-01-08T08:40:56Z</time>
      </trkpt>
      <trkpt lat="21.1940043" lon="72.7868419">
        <time>2020-01-08T08:40:56Z</time>
      </trkpt>
      <trkpt lat="21.1933143" lon="72.7872214">
        <time>2020-01-08T08:40:56Z</time>
      </trkpt>
      <trkpt lat="21.1932057" lon="72.7872888">
        <time>2020-01-08T08:40:56Z</time>
      </trkpt>
      <trkpt lat="21.1914295" lon="72.7883815">
        <time>2020-01-08T08:41:02Z</time>
      </trkpt>
      <trkpt lat="21.1916272" lon="72.7882742">
        <time>2020-01-08T08:41:02Z</time>
      </trkpt>
      <trkpt lat="21.1920253" lon="72.7880299">
        <time>2020-01-08T08:41:02Z</time>
      </trkpt>
      <trkpt lat="21.1919682" lon="72.7880600">
        <time>2020-01-08T08:41:02Z</time>
      </trkpt>
      <trkpt lat="21.1910102" lon="72.7886302">
        <time>2020-01-08T08:41:02Z</time>
      </trkpt>
      <trkpt lat="21.1905668" lon="72.7889344">
        <time>2020-01-08T08:41:02Z</time>
      </trkpt>
      <trkpt lat="21.1904578" lon="72.7892492">
        <time>2020-01-08T08:41:22Z</time>
      </trkpt>
      <trkpt lat="21.1900867" lon="72.7892530">
        <time>2020-01-08T08:41:22Z</time>
      </trkpt>
      <trkpt lat="21.1902988" lon="72.7891466">
        <time>2020-01-08T08:41:22Z</time>
      </trkpt>
      <trkpt lat="21.1892756" lon="72.7899091">
        <time>2020-01-08T08:41:27Z</time>
      </trkpt>
      <trkpt lat="21.1892824" lon="72.7897099">
        <time>2020-01-08T08:41:27Z</time>
      </trkpt>
      <trkpt lat="21.1893105" lon="72.7898862">
        <time>2020-01-08T08:41:27Z</time>
      </trkpt>
      <trkpt lat="21.1892791" lon="72.7899037">
        <time>2020-01-08T08:42:02Z</time>
      </trkpt>
      <trkpt lat="21.1893845" lon="72.7899338">
        <time>2020-01-08T08:42:23Z</time>
      </trkpt>
      <trkpt lat="21.1893172" lon="72.7900036">
        <time>2020-01-08T08:43:39Z</time>
      </trkpt>
      <trkpt lat="21.1891919" lon="72.7896338">
        <time>2020-01-08T08:44:19Z</time>
      </trkpt>
      <trkpt lat="21.1891213" lon="72.7892032">
        <time>2020-01-08T08:44:29Z</time>
      </trkpt>
      <trkpt lat="21.1889387" lon="72.7883653">
        <time>2020-01-08T08:44:39Z</time>
      </trkpt>
      <trkpt lat="21.1889161" lon="72.7881567">
        <time>2020-01-08T08:44:39Z</time>
      </trkpt>
      <trkpt lat="21.1888195" lon="72.7874443">
        <time>2020-01-08T08:44:49Z</time>
      </trkpt>
      <trkpt lat="21.1888897" lon="72.7871271">
        <time>2020-01-08T08:44:49Z</time>
      </trkpt>
      <trkpt lat="21.1889332" lon="72.7867372">
        <time>2020-01-08T08:44:59Z</time>
      </trkpt>
      <trkpt lat="21.1875138" lon="72.7859330">
        <time>2020-01-08T08:45:50Z</time>
      </trkpt>
      <trkpt lat="21.1861145" lon="72.7861871">
        <time>2020-01-08T08:46:00Z</time>
      </trkpt>
      <trkpt lat="21.1862270" lon="72.7861713">
        <time>2020-01-08T08:46:00Z</time>
      </trkpt>
      <trkpt lat="21.1857128" lon="72.7862580">
        <time>2020-01-08T08:46:10Z</time>
      </trkpt>
      <trkpt lat="21.1850474" lon="72.7863650">
        <time>2020-01-08T08:46:20Z</time>
      </trkpt>
      <trkpt lat="21.1832137" lon="72.7853209">
        <time>2020-01-08T08:47:00Z</time>
      </trkpt>
      <trkpt lat="21.1831867" lon="72.7851213">
        <time>2020-01-08T08:47:00Z</time>
      </trkpt>
      <trkpt lat="21.1832032" lon="72.7852594">
        <time>2020-01-08T08:47:00Z</time>
      </trkpt>
      <trkpt lat="21.1831207" lon="72.7846232">
        <time>2020-01-08T08:47:10Z</time>
      </trkpt>
      <trkpt lat="21.1831667" lon="72.7849845">
        <time>2020-01-08T08:47:10Z</time>
      </trkpt>
      <trkpt lat="21.1831410" lon="72.7847647">
        <time>2020-01-08T08:47:10Z</time>
      </trkpt>
      <trkpt lat="21.1830034" lon="72.7838821">
        <time>2020-01-08T08:47:21Z</time>
      </trkpt>
      <trkpt lat="21.1830617" lon="72.7842403">
        <time>2020-01-08T08:47:21Z</time>
      </trkpt>
      <trkpt lat="21.1829328" lon="72.7835358">
        <time>2020-01-08T08:47:31Z</time>
      </trkpt>
      <trkpt lat="21.1829279" lon="72.7834354">
        <time>2020-01-08T08:47:58Z</time>
      </trkpt>
      <trkpt lat="21.1828992" lon="72.7833419">
        <time>2020-01-08T08:48:14Z</time>
      </trkpt>
      <trkpt lat="21.1829453" lon="72.7834649">
        <time>2020-01-08T08:49:04Z</time>
      </trkpt>
      <trkpt lat="21.1829040" lon="72.7832882">
        <time>2020-01-08T08:49:15Z</time>
      </trkpt>
      <trkpt lat="21.1833492" lon="72.7829628">
        <time>2020-01-08T08:49:45Z</time>
      </trkpt>
      <trkpt lat="21.1833199" lon="72.7829852">
        <time>2020-01-08T08:50:01Z</time>
      </trkpt>
      <trkpt lat="21.1833162" lon="72.7830573">
        <time>2020-01-08T08:50:11Z</time>
      </trkpt>
      <trkpt lat="21.1833147" lon="72.7830355">
        <time>2020-01-08T08:50:11Z</time>
      </trkpt>
      <trkpt lat="21.1832765" lon="72.7830779">
        <time>2020-01-08T08:52:13Z</time>
      </trkpt>
      <trkpt lat="21.1832765" lon="72.7830779">
        <time>2020-01-08T08:52:14Z</time>
      </trkpt>
      <trkpt lat="21.1832827" lon="72.7830701">
        <time>2020-01-08T08:52:49Z</time>
      </trkpt>
      <trkpt lat="21.1832847" lon="72.7830683">
        <time>2020-01-08T08:52:59Z</time>
      </trkpt>
      <trkpt lat="21.1832847" lon="72.7830683">
        <time>2020-01-08T08:53:09Z</time>
      </trkpt>
      <trkpt lat="21.1830205" lon="72.7819866">
        <time>2020-01-08T08:53:39Z</time>
      </trkpt>
      <trkpt lat="21.1830205" lon="72.7819866">
        <time>2020-01-08T08:54:00Z</time>
      </trkpt>
      <trkpt lat="21.1831950" lon="72.7827100">
        <time>2020-01-08T08:56:12Z</time>
      </trkpt>
      <trkpt lat="21.1831950" lon="72.7827100">
        <time>2020-01-08T08:56:22Z</time>
      </trkpt>
      <trkpt lat="21.1832817" lon="72.7830812">
        <time>2020-01-08T08:57:53Z</time>
      </trkpt>
      <trkpt lat="21.1825755" lon="72.7834270">
        <time>2020-01-08T08:57:55Z</time>
      </trkpt>
      <trkpt lat="21.1832884" lon="72.7830639">
        <time>2020-01-08T09:00:28Z</time>
      </trkpt>
      <trkpt lat="21.1832759" lon="72.7830791">
        <time>2020-01-08T09:01:51Z</time>
      </trkpt>
      <trkpt lat="21.1832817" lon="72.7830802">
        <time>2020-01-08T09:04:53Z</time>
      </trkpt>
      <trkpt lat="21.1832830" lon="72.7830683">
        <time>2020-01-08T09:05:55Z</time>
      </trkpt>
      <trkpt lat="21.1832827" lon="72.7830717">
        <time>2020-01-08T09:06:51Z</time>
      </trkpt>
      <trkpt lat="21.1832842" lon="72.7830730">
        <time>2020-01-08T09:07:53Z</time>
      </trkpt>
      <trkpt lat="21.1833000" lon="72.7830734">
        <time>2020-01-08T09:09:35Z</time>
      </trkpt>
      <trkpt lat="21.1832866" lon="72.7830689">
        <time>2020-01-08T09:12:08Z</time>
      </trkpt>
      <trkpt lat="21.1832866" lon="72.7830689">
        <time>2020-01-08T09:12:08Z</time>
      </trkpt>
      <trkpt lat="21.1832757" lon="72.7830798">
        <time>2020-01-08T09:12:18Z</time>
      </trkpt>
      <trkpt lat="21.1833536" lon="72.7829061">
        <time>2020-01-08T09:12:36Z</time>
      </trkpt>
      <trkpt lat="21.1833300" lon="72.7830650">
        <time>2020-01-08T09:13:15Z</time>
      </trkpt>
      <trkpt lat="21.1833373" lon="72.7830369">
        <time>2020-01-08T09:13:55Z</time>
      </trkpt>
      <trkpt lat="21.1834116" lon="72.7830227">
        <time>2020-01-08T09:14:05Z</time>
      </trkpt>
      <trkpt lat="21.1833593" lon="72.7830270">
        <time>2020-01-08T09:15:00Z</time>
      </trkpt>
      <trkpt lat="21.1833544" lon="72.7830090">
        <time>2020-01-08T09:15:10Z</time>
      </trkpt>
      <trkpt lat="21.1833639" lon="72.7829901">
        <time>2020-01-08T09:15:10Z</time>
      </trkpt>
      <trkpt lat="21.1831673" lon="72.7830427">
        <time>2020-01-08T09:15:30Z</time>
      </trkpt>
      <trkpt lat="21.1829878" lon="72.7835125">
        <time>2020-01-08T09:15:41Z</time>
      </trkpt>
      <trkpt lat="21.1830289" lon="72.7837949">
        <time>2020-01-08T09:15:51Z</time>
      </trkpt>
      <trkpt lat="21.1831727" lon="72.7847061">
        <time>2020-01-08T09:16:01Z</time>
      </trkpt>
      <trkpt lat="21.1832012" lon="72.7847956">
        <time>2020-01-08T09:16:01Z</time>
      </trkpt>
      <trkpt lat="21.1832378" lon="72.7856202">
        <time>2020-01-08T09:16:20Z</time>
      </trkpt>
      <trkpt lat="21.1832932" lon="72.7858824">
        <time>2020-01-08T09:16:20Z</time>
      </trkpt>
      <trkpt lat="21.1833087" lon="72.7864674">
        <time>2020-01-08T09:16:27Z</time>
      </trkpt>
      <trkpt lat="21.1833248" lon="72.7865786">
        <time>2020-01-08T09:16:35Z</time>
      </trkpt>
      <trkpt lat="21.1833327" lon="72.7866278">
        <time>2020-01-08T09:16:35Z</time>
      </trkpt>
      <trkpt lat="21.1833295" lon="72.7866763">
        <time>2020-01-08T09:16:35Z</time>
      </trkpt>
      <trkpt lat="21.1834436" lon="72.7875325">
        <time>2020-01-08T09:16:45Z</time>
      </trkpt>
      <trkpt lat="21.1834190" lon="72.7874420">
        <time>2020-01-08T09:16:45Z</time>
      </trkpt>
      <trkpt lat="21.1833925" lon="72.7873562">
        <time>2020-01-08T09:16:45Z</time>
      </trkpt>
      <trkpt lat="21.1836232" lon="72.7885440">
        <time>2020-01-08T09:16:55Z</time>
      </trkpt>
      <trkpt lat="21.1835384" lon="72.7880445">
        <time>2020-01-08T09:16:55Z</time>
      </trkpt>
      <trkpt lat="21.1837742" lon="72.7894420">
        <time>2020-01-08T09:17:05Z</time>
      </trkpt>
      <trkpt lat="21.1838066" lon="72.7895531">
        <time>2020-01-08T09:17:05Z</time>
      </trkpt>
      <trkpt lat="21.1836846" lon="72.7890202">
        <time>2020-01-08T09:17:05Z</time>
      </trkpt>
      <trkpt lat="21.1839424" lon="72.7900863">
        <time>2020-01-08T09:17:15Z</time>
      </trkpt>
      <trkpt lat="21.1841020" lon="72.7905726">
        <time>2020-01-08T09:17:15Z</time>
      </trkpt>
      <trkpt lat="21.1847854" lon="72.7925786">
        <time>2020-01-08T09:17:45Z</time>
      </trkpt>
      <trkpt lat="21.1854781" lon="72.7930785">
        <time>2020-01-08T09:17:50Z</time>
      </trkpt>
      <trkpt lat="21.1870718" lon="72.7941446">
        <time>2020-01-08T09:18:09Z</time>
      </trkpt>
      <trkpt lat="21.1875782" lon="72.7944893">
        <time>2020-01-08T09:18:19Z</time>
      </trkpt>
      <trkpt lat="21.1877123" lon="72.7945829">
        <time>2020-01-08T09:18:19Z</time>
      </trkpt>
      <trkpt lat="21.1880350" lon="72.7948034">
        <time>2020-01-08T09:18:24Z</time>
      </trkpt>
      <trkpt lat="21.1887579" lon="72.7953441">
        <time>2020-01-08T09:18:34Z</time>
      </trkpt>
      <trkpt lat="21.1886808" lon="72.7952863">
        <time>2020-01-08T09:18:34Z</time>
      </trkpt>
      <trkpt lat="21.1889114" lon="72.7954709">
        <time>2020-01-08T09:18:34Z</time>
      </trkpt>
      <trkpt lat="21.1882969" lon="72.7950016">
        <time>2020-01-08T09:18:34Z</time>
      </trkpt>
      <trkpt lat="21.1893665" lon="72.7958008">
        <time>2020-01-08T09:18:44Z</time>
      </trkpt>
      <trkpt lat="21.1891413" lon="72.7956480">
        <time>2020-01-08T09:18:44Z</time>
      </trkpt>
      <trkpt lat="21.1895909" lon="72.7959689">
        <time>2020-01-08T09:18:44Z</time>
      </trkpt>
      <trkpt lat="21.1894472" lon="72.7958552">
        <time>2020-01-08T09:18:44Z</time>
      </trkpt>
      <trkpt lat="21.1901158" lon="72.7963042">
        <time>2020-01-08T09:18:54Z</time>
      </trkpt>
      <trkpt lat="21.1900576" lon="72.7962470">
        <time>2020-01-08T09:18:54Z</time>
      </trkpt>
      <trkpt lat="21.1899337" lon="72.7961849">
        <time>2020-01-08T09:18:54Z</time>
      </trkpt>
      <trkpt lat="21.1902300" lon="72.7964043">
        <time>2020-01-08T09:19:04Z</time>
      </trkpt>
      <trkpt lat="21.1907249" lon="72.7970118">
        <time>2020-01-08T09:19:04Z</time>
      </trkpt>
      <trkpt lat="21.1903330" lon="72.7965228">
        <time>2020-01-08T09:19:04Z</time>
      </trkpt>
      <trkpt lat="21.1914963" lon="72.7980564">
        <time>2020-01-08T09:19:24Z</time>
      </trkpt>
      <trkpt lat="21.1921551" lon="72.7989953">
        <time>2020-01-08T09:19:34Z</time>
      </trkpt>
      <trkpt lat="21.1930799" lon="72.8001996">
        <time>2020-01-08T09:19:54Z</time>
      </trkpt>
      <trkpt lat="21.1932602" lon="72.8004761">
        <time>2020-01-08T09:19:54Z</time>
      </trkpt>
      <trkpt lat="21.1937227" lon="72.8011492">
        <time>2020-01-08T09:20:04Z</time>
      </trkpt>
      <trkpt lat="21.1936428" lon="72.8010296">
        <time>2020-01-08T09:20:04Z</time>
      </trkpt>
      <trkpt lat="21.1933030" lon="72.8005478">
        <time>2020-01-08T09:20:04Z</time>
      </trkpt>
      <trkpt lat="21.1940164" lon="72.8015384">
        <time>2020-01-08T09:20:14Z</time>
      </trkpt>
      <trkpt lat="21.1939336" lon="72.8014481">
        <time>2020-01-08T09:20:14Z</time>
      </trkpt>
      <trkpt lat="21.1942412" lon="72.8018342">
        <time>2020-01-08T09:20:24Z</time>
      </trkpt>
      <trkpt lat="21.1943070" lon="72.8019387">
        <time>2020-01-08T09:20:24Z</time>
      </trkpt>
      <trkpt lat="21.1944541" lon="72.8021931">
        <time>2020-01-08T09:20:34Z</time>
      </trkpt>
      <trkpt lat="21.1945511" lon="72.8023435">
        <time>2020-01-08T09:20:34Z</time>
      </trkpt>
      <trkpt lat="21.1945697" lon="72.8023743">
        <time>2020-01-08T09:20:34Z</time>
      </trkpt>
      <trkpt lat="21.1947527" lon="72.8026770">
        <time>2020-01-08T09:20:44Z</time>
      </trkpt>
      <trkpt lat="21.1947734" lon="72.8027309">
        <time>2020-01-08T09:20:44Z</time>
      </trkpt>
      <trkpt lat="21.1950789" lon="72.8032972">
        <time>2020-01-08T09:20:50Z</time>
      </trkpt>
      <trkpt lat="21.1953819" lon="72.8038168">
        <time>2020-01-08T09:21:04Z</time>
      </trkpt>
      <trkpt lat="21.1958282" lon="72.8044956">
        <time>2020-01-08T09:21:14Z</time>
      </trkpt>
      <trkpt lat="21.1957985" lon="72.8044435">
        <time>2020-01-08T09:21:14Z</time>
      </trkpt>
      <trkpt lat="21.1957389" lon="72.8043438">
        <time>2020-01-08T09:21:14Z</time>
      </trkpt>
      <trkpt lat="21.1960975" lon="72.8048545">
        <time>2020-01-08T09:21:24Z</time>
      </trkpt>
      <trkpt lat="21.1974941" lon="72.8058704">
        <time>2020-01-08T09:21:54Z</time>
      </trkpt>
      <trkpt lat="21.1981968" lon="72.8063558">
        <time>2020-01-08T09:22:04Z</time>
      </trkpt>
      <trkpt lat="21.1981618" lon="72.8063307">
        <time>2020-01-08T09:22:04Z</time>
      </trkpt>
      <trkpt lat="21.1978784" lon="72.8061595">
        <time>2020-01-08T09:22:04Z</time>
      </trkpt>
      <trkpt lat="21.1984178" lon="72.8064972">
        <time>2020-01-08T09:22:14Z</time>
      </trkpt>
      <trkpt lat="21.1982607" lon="72.8064123">
        <time>2020-01-08T09:22:14Z</time>
      </trkpt>
      <trkpt lat="21.1982987" lon="72.8064433">
        <time>2020-01-08T09:22:14Z</time>
      </trkpt>
      <trkpt lat="21.1985373" lon="72.8064890">
        <time>2020-01-08T09:22:24Z</time>
      </trkpt>
      <trkpt lat="21.1987123" lon="72.8062654">
        <time>2020-01-08T09:23:05Z</time>
      </trkpt>
      <trkpt lat="21.1987610" lon="72.8060343">
        <time>2020-01-08T09:23:15Z</time>
      </trkpt>
      <trkpt lat="21.1988362" lon="72.8056899">
        <time>2020-01-08T09:23:15Z</time>
      </trkpt>
      <trkpt lat="21.1988685" lon="72.8055726">
        <time>2020-01-08T09:23:25Z</time>
      </trkpt>
      <trkpt lat="21.1990330" lon="72.8051300">
        <time>2020-01-08T09:23:25Z</time>
      </trkpt>
      <trkpt lat="21.1990148" lon="72.8051732">
        <time>2020-01-08T09:23:25Z</time>
      </trkpt>
      <trkpt lat="21.1993690" lon="72.8044317">
        <time>2020-01-08T09:23:45Z</time>
      </trkpt>
      <trkpt lat="21.1994886" lon="72.8042210">
        <time>2020-01-08T09:23:45Z</time>
      </trkpt>
      <trkpt lat="21.1995592" lon="72.8040283">
        <time>2020-01-08T09:23:51Z</time>
      </trkpt>
      <trkpt lat="21.1995807" lon="72.8039849">
        <time>2020-01-08T09:23:55Z</time>
      </trkpt>
      <trkpt lat="21.1995846" lon="72.8039168">
        <time>2020-01-08T09:24:05Z</time>
      </trkpt>
      <trkpt lat="21.1996795" lon="72.8038716">
        <time>2020-01-08T09:24:25Z</time>
      </trkpt>
      <trkpt lat="21.1995641" lon="72.8038408">
        <time>2020-01-08T09:24:25Z</time>
      </trkpt>
      <trkpt lat="21.1997178" lon="72.8039277">
        <time>2020-01-08T09:24:25Z</time>
      </trkpt>
      <trkpt lat="21.1997548" lon="72.8039945">
        <time>2020-01-08T09:24:35Z</time>
      </trkpt>
      <trkpt lat="21.1997659" lon="72.8040861">
        <time>2020-01-08T09:24:35Z</time>
      </trkpt>
      <trkpt lat="21.1996517" lon="72.8043163">
        <time>2020-01-08T09:24:35Z</time>
      </trkpt>
      <trkpt lat="21.1997269" lon="72.8042246">
        <time>2020-01-08T09:24:35Z</time>
      </trkpt>
      <trkpt lat="21.1990994" lon="72.8055478">
        <time>2020-01-08T09:24:57Z</time>
      </trkpt>
      <trkpt lat="21.1988769" lon="72.8066795">
        <time>2020-01-08T09:25:17Z</time>
      </trkpt>
      <trkpt lat="21.1988777" lon="72.8065637">
        <time>2020-01-08T09:25:17Z</time>
      </trkpt>
      <trkpt lat="21.1988852" lon="72.8067189">
        <time>2020-01-08T09:25:17Z</time>
      </trkpt>
      <trkpt lat="21.1988738" lon="72.8065560">
        <time>2020-01-08T09:25:17Z</time>
      </trkpt>
      <trkpt lat="21.1989136" lon="72.8071495">
        <time>2020-01-08T09:25:27Z</time>
      </trkpt>
      <trkpt lat="21.1989739" lon="72.8071745">
        <time>2020-01-08T09:25:37Z</time>
      </trkpt>
      <trkpt lat="21.1989819" lon="72.8071753">
        <time>2020-01-08T09:25:57Z</time>
      </trkpt>
      <trkpt lat="21.1989819" lon="72.8071753">
        <time>2020-01-08T09:26:04Z</time>
      </trkpt>
      <trkpt lat="21.1987134" lon="72.8071592">
        <time>2020-01-08T09:26:37Z</time>
      </trkpt>
      <trkpt lat="21.1986506" lon="72.8070675">
        <time>2020-01-08T09:26:47Z</time>
      </trkpt>
      <trkpt lat="21.1986657" lon="72.8071256">
        <time>2020-01-08T09:26:47Z</time>
      </trkpt>
      <trkpt lat="21.1986265" lon="72.8067821">
        <time>2020-01-08T09:26:57Z</time>
      </trkpt>
      <trkpt lat="21.1985287" lon="72.8066050">
        <time>2020-01-08T09:27:19Z</time>
      </trkpt>
      <trkpt lat="21.1976646" lon="72.8059753">
        <time>2020-01-08T09:27:39Z</time>
      </trkpt>
      <trkpt lat="21.1975709" lon="72.8059102">
        <time>2020-01-08T09:27:39Z</time>
      </trkpt>
      <trkpt lat="21.1973422" lon="72.8057393">
        <time>2020-01-08T09:27:49Z</time>
      </trkpt>
      <trkpt lat="21.1972315" lon="72.8056612">
        <time>2020-01-08T09:27:49Z</time>
      </trkpt>
      <trkpt lat="21.1964315" lon="72.8051032">
        <time>2020-01-08T09:28:09Z</time>
      </trkpt>
      <trkpt lat="21.1964811" lon="72.8051437">
        <time>2020-01-08T09:28:09Z</time>
      </trkpt>
      <trkpt lat="21.1964053" lon="72.8050509">
        <time>2020-01-08T09:28:09Z</time>
      </trkpt>
      <trkpt lat="21.1964182" lon="72.8050313">
        <time>2020-01-08T09:28:20Z</time>
      </trkpt>
      <trkpt lat="21.1963949" lon="72.8049183">
        <time>2020-01-08T09:28:34Z</time>
      </trkpt>
      <trkpt lat="21.1963874" lon="72.8049837">
        <time>2020-01-08T09:29:16Z</time>
      </trkpt>
      <trkpt lat="21.1963035" lon="72.8050060">
        <time>2020-01-08T09:29:36Z</time>
      </trkpt>
      <trkpt lat="21.1957201" lon="72.8045655">
        <time>2020-01-08T09:29:46Z</time>
      </trkpt>
      <trkpt lat="21.1956768" lon="72.8045215">
        <time>2020-01-08T09:29:46Z</time>
      </trkpt>
      <trkpt lat="21.1947097" lon="72.8031611">
        <time>2020-01-08T09:30:16Z</time>
      </trkpt>
      <trkpt lat="21.1941022" lon="72.8022445">
        <time>2020-01-08T09:30:36Z</time>
      </trkpt>
      <trkpt lat="21.1942324" lon="72.8024191">
        <time>2020-01-08T09:30:36Z</time>
      </trkpt>
      <trkpt lat="21.1936614" lon="72.8025275">
        <time>2020-01-08T09:31:27Z</time>
      </trkpt>
      <trkpt lat="21.1932838" lon="72.8031420">
        <time>2020-01-08T09:31:37Z</time>
      </trkpt>
      <trkpt lat="21.1930866" lon="72.8033954">
        <time>2020-01-08T09:31:47Z</time>
      </trkpt>
      <trkpt lat="21.1931112" lon="72.8033569">
        <time>2020-01-08T09:31:47Z</time>
      </trkpt>
      <trkpt lat="21.1934141" lon="72.8037760">
        <time>2020-01-08T09:31:57Z</time>
      </trkpt>
      <trkpt lat="21.1935435" lon="72.8038823">
        <time>2020-01-08T09:32:17Z</time>
      </trkpt>
      <trkpt lat="21.1935639" lon="72.8039071">
        <time>2020-01-08T09:32:39Z</time>
      </trkpt>
      <trkpt lat="21.1935639" lon="72.8039071">
        <time>2020-01-08T09:32:49Z</time>
      </trkpt>
      <trkpt lat="21.1936917" lon="72.8039553">
        <time>2020-01-08T09:33:19Z</time>
      </trkpt>
      <trkpt lat="21.1938457" lon="72.8040689">
        <time>2020-01-08T09:33:19Z</time>
      </trkpt>
      <trkpt lat="21.1936620" lon="72.8039385">
        <time>2020-01-08T09:33:19Z</time>
      </trkpt>
      <trkpt lat="21.1936109" lon="72.8038978">
        <time>2020-01-08T09:33:19Z</time>
      </trkpt>
      <trkpt lat="21.1944451" lon="72.8044696">
        <time>2020-01-08T09:33:39Z</time>
      </trkpt>
      <trkpt lat="21.1945318" lon="72.8043917">
        <time>2020-01-08T09:33:49Z</time>
      </trkpt>
      <trkpt lat="21.1946138" lon="72.8043382">
        <time>2020-01-08T09:34:08Z</time>
      </trkpt>
      <trkpt lat="21.1946316" lon="72.8043000">
        <time>2020-01-08T09:34:28Z</time>
      </trkpt>
      <trkpt lat="21.1945149" lon="72.8042169">
        <time>2020-01-08T09:35:38Z</time>
      </trkpt>
      <trkpt lat="21.1947214" lon="72.8043363">
        <time>2020-01-08T09:36:53Z</time>
      </trkpt>
    </trkseg>
  </trk>
  <trk>
    <trkseg>
      <trkpt lat="21.2178857" lon="72.7784856">
        <time>2020-01-08T10:30:04Z</time>
      </trkpt>
      <trkpt lat="21.2178857" lon="72.7784856">
        <time>2020-01-08T10:31:04Z</time>
      </trkpt>
      <trkpt lat="21.2178857" lon="72.7784856">
        <time>2020-01-08T10:36:04Z</time>
      </trkpt>
      <trkpt lat="21.2204084" lon="72.7792723">
        <time>2020-01-08T10:36:04Z</time>
      </trkpt>
      <trkpt lat="21.2158851" lon="72.7801795">
        <time>2020-01-08T10:39:05Z</time>
      </trkpt>
      <trkpt lat="21.2178857" lon="72.7784856">
        <time>2020-01-08T10:41:05Z</time>
      </trkpt>
      <trkpt lat="21.2203971" lon="72.7795363">
        <time>2020-01-08T10:43:05Z</time>
      </trkpt>
      <trkpt lat="21.2198904" lon="72.7796487">
        <time>2020-01-08T10:43:05Z</time>
      </trkpt>
      <trkpt lat="21.2203971" lon="72.7795363">
        <time>2020-01-08T10:44:05Z</time>
      </trkpt>
      <trkpt lat="21.2178857" lon="72.7784856">
        <time>2020-01-08T10:47:05Z</time>
      </trkpt>
      <trkpt lat="21.2206726" lon="72.7789320">
        <time>2020-01-08T10:48:05Z</time>
      </trkpt>
      <trkpt lat="21.2201834" lon="72.7787401">
        <time>2020-01-08T10:50:05Z</time>
      </trkpt>
      <trkpt lat="21.2178857" lon="72.7784856">
        <time>2020-01-08T10:53:06Z</time>
      </trkpt>
      <trkpt lat="21.2178857" lon="72.7784856">
        <time>2020-01-08T10:55:06Z</time>
      </trkpt>
      <trkpt lat="21.2206567" lon="72.7789497">
        <time>2020-01-08T11:00:06Z</time>
      </trkpt>
      <trkpt lat="21.2178857" lon="72.7784856">
        <time>2020-01-08T11:01:06Z</time>
      </trkpt>
      <trkpt lat="21.2178857" lon="72.7784856">
        <time>2020-01-08T11:02:06Z</time>
      </trkpt>
      <trkpt lat="21.2206190" lon="72.7787158">
        <time>2020-01-08T11:03:07Z</time>
      </trkpt>
      <trkpt lat="21.2178857" lon="72.7784856">
        <time>2020-01-08T11:05:07Z</time>
      </trkpt>
      <trkpt lat="21.2178857" lon="72.7784856">
        <time>2020-01-08T11:08:07Z</time>
      </trkpt>
      <trkpt lat="21.2178857" lon="72.7784856">
        <time>2020-01-08T11:09:07Z</time>
      </trkpt>
      <trkpt lat="21.2209308" lon="72.7786646">
        <time>2020-01-08T11:10:07Z</time>
      </trkpt>
      <trkpt lat="21.2178857" lon="72.7784856">
        <time>2020-01-08T11:13:07Z</time>
      </trkpt>
      <trkpt lat="21.2178857" lon="72.7784856">
        <time>2020-01-08T11:15:07Z</time>
      </trkpt>
      <trkpt lat="21.2178857" lon="72.7784856">
        <time>2020-01-08T11:18:07Z</time>
      </trkpt>
      <trkpt lat="21.2178857" lon="72.7784856">
        <time>2020-01-08T11:20:08Z</time>
      </trkpt>
      <trkpt lat="21.2194731" lon="72.7795376">
        <time>2020-01-08T11:23:08Z</time>
      </trkpt>
      <trkpt lat="21.2178857" lon="72.7784856">
        <time>2020-01-08T11:27:09Z</time>
      </trkpt>
      <trkpt lat="21.2178857" lon="72.7784856">
        <time>2020-01-08T11:28:08Z</time>
      </trkpt>
      <trkpt lat="21.2178857" lon="72.7784856">
        <time>2020-01-08T11:30:09Z</time>
      </trkpt>
      <trkpt lat="21.2178857" lon="72.7784856">
        <time>2020-01-08T11:33:09Z</time>
      </trkpt>
      <trkpt lat="21.2204345" lon="72.7796328">
        <time>2020-01-08T11:34:09Z</time>
      </trkpt>
      <trkpt lat="21.2178857" lon="72.7784856">
        <time>2020-01-08T11:35:09Z</time>
      </trkpt>
      <trkpt lat="21.2178857" lon="72.7784856">
        <time>2020-01-08T11:36:09Z</time>
      </trkpt>
      <trkpt lat="21.2323334" lon="72.7795244">
        <time>2020-01-08T11:38:10Z</time>
      </trkpt>
      <trkpt lat="21.2204562" lon="72.7792575">
        <time>2020-01-08T11:40:10Z</time>
      </trkpt>
      <trkpt lat="21.2178857" lon="72.7784856">
        <time>2020-01-08T11:42:10Z</time>
      </trkpt>
      <trkpt lat="21.2178857" lon="72.7784856">
        <time>2020-01-08T11:46:10Z</time>
      </trkpt>
      <trkpt lat="21.2178857" lon="72.7784856">
        <time>2020-01-08T11:47:10Z</time>
      </trkpt>
      <trkpt lat="21.2178857" lon="72.7784856">
        <time>2020-01-08T11:57:12Z</time>
      </trkpt>
      <trkpt lat="21.2178857" lon="72.7784856">
        <time>2020-01-08T11:58:12Z</time>
      </trkpt>
      <trkpt lat="21.2178857" lon="72.7784856">
        <time>2020-01-08T11:59:12Z</time>
      </trkpt>
      <trkpt lat="21.2178857" lon="72.7784856">
        <time>2020-01-08T12:01:12Z</time>
      </trkpt>
      <trkpt lat="21.2178857" lon="72.7784856">
        <time>2020-01-08T12:05:12Z</time>
      </trkpt>
      <trkpt lat="21.2178857" lon="72.7784856">
        <time>2020-01-08T12:07:13Z</time>
      </trkpt>
      <trkpt lat="21.2178857" lon="72.7784856">
        <time>2020-01-08T12:08:12Z</time>
      </trkpt>
      <trkpt lat="21.2178857" lon="72.7784856">
        <time>2020-01-08T12:09:13Z</time>
      </trkpt>
      <trkpt lat="21.2178857" lon="72.7784856">
        <time>2020-01-08T12:11:13Z</time>
      </trkpt>
      <trkpt lat="21.2178857" lon="72.7784856">
        <time>2020-01-08T12:12:13Z</time>
      </trkpt>
      <trkpt lat="21.2178857" lon="72.7784856">
        <time>2020-01-08T12:13:13Z</time>
      </trkpt>
      <trkpt lat="21.2178857" lon="72.7784856">
        <time>2020-01-08T12:14:13Z</time>
      </trkpt>
      <trkpt lat="21.2178857" lon="72.7784856">
        <time>2020-01-08T12:16:14Z</time>
      </trkpt>
      <trkpt lat="21.2178857" lon="72.7784856">
        <time>2020-01-08T12:18:14Z</time>
      </trkpt>
      <trkpt lat="21.2178857" lon="72.7784856">
        <time>2020-01-08T12:19:14Z</time>
      </trkpt>
      <trkpt lat="21.2178857" lon="72.7784856">
        <time>2020-01-08T12:20:14Z</time>
      </trkpt>
    </trkseg>
  </trk>
  <trk>
    <name>Surat_activity_2972263466.gpx</name>
    <desc>Surat</desc>
    <url>/user/Munjal%20Shroff/traces/2794036</url>
    <trkseg>
      <trkpt lat="21.2401752" lon="72.8472829">
        <time>2018-08-29T03:05:06Z</time>
      </trkpt>
      <trkpt lat="21.2401900" lon="72.8472807">
        <time>2018-08-29T03:05:07Z</time>
      </trkpt>
      <trkpt lat="21.2402048" lon="72.8472746">
        <time>2018-08-29T03:05:08Z</time>
      </trkpt>
      <trkpt lat="21.2402248" lon="72.8472718">
        <time>2018-08-29T03:05:10Z</time>
      </trkpt>
      <trkpt lat="21.2403258" lon="72.8472494">
        <time>2018-08-29T03:05:18Z</time>
      </trkpt>
      <trkpt lat="21.2403444" lon="72.8472450">
        <time>2018-08-29T03:05:19Z</time>
      </trkpt>
      <trkpt lat="21.2404465" lon="72.8471980">
        <time>2018-08-29T03:05:23Z</time>
      </trkpt>
      <trkpt lat="21.2406025" lon="72.8470977">
        <time>2018-08-29T03:05:27Z</time>
      </trkpt>
      <trkpt lat="21.2407754" lon="72.8469736">
        <time>2018-08-29T03:05:31Z</time>
      </trkpt>
      <trkpt lat="21.2409775" lon="72.8467928">
        <time>2018-08-29T03:05:34Z</time>
      </trkpt>
      <trkpt lat="21.2411580" lon="72.8466369">
        <time>2018-08-29T03:05:36Z</time>
      </trkpt>
      <trkpt lat="21.2412458" lon="72.8465522">
        <time>2018-08-29T03:05:37Z</time>
      </trkpt>
      <trkpt lat="21.2413273" lon="72.8464646">
        <time>2018-08-29T03:05:38Z</time>
      </trkpt>
      <trkpt lat="21.2414963" lon="72.8463133">
        <time>2018-08-29T03:05:40Z</time>
      </trkpt>
      <trkpt lat="21.2416617" lon="72.8461637">
        <time>2018-08-29T03:05:42Z</time>
      </trkpt>
      <trkpt lat="21.2418267" lon="72.8460106">
        <time>2018-08-29T03:05:44Z</time>
      </trkpt>
      <trkpt lat="21.2419726" lon="72.8458832">
        <time>2018-08-29T03:05:46Z</time>
      </trkpt>
      <trkpt lat="21.2421763" lon="72.8457210">
        <time>2018-08-29T03:05:49Z</time>
      </trkpt>
      <trkpt lat="21.2424275" lon="72.8456752">
        <time>2018-08-29T03:05:52Z</time>
      </trkpt>
      <trkpt lat="21.2427614" lon="72.8454856">
        <time>2018-08-29T03:05:56Z</time>
      </trkpt>
      <trkpt lat="21.2430632" lon="72.8453000">
        <time>2018-08-29T03:06:00Z</time>
      </trkpt>
      <trkpt lat="21.2434533" lon="72.8450457">
        <time>2018-08-29T03:06:05Z</time>
      </trkpt>
      <trkpt lat="21.2438167" lon="72.8448284">
        <time>2018-08-29T03:06:10Z</time>
      </trkpt>
      <trkpt lat="21.2440709" lon="72.8446300">
        <time>2018-08-29T03:06:15Z</time>
      </trkpt>
      <trkpt lat="21.2442557" lon="72.8444919">
        <time>2018-08-29T03:06:20Z</time>
      </trkpt>
      <trkpt lat="21.2444207" lon="72.8443600">
        <time>2018-08-29T03:06:23Z</time>
      </trkpt>
      <trkpt lat="21.2446147" lon="72.8442420">
        <time>2018-08-29T03:06:26Z</time>
      </trkpt>
      <trkpt lat="21.2448411" lon="72.8441104">
        <time>2018-08-29T03:06:29Z</time>
      </trkpt>
      <trkpt lat="21.2450665" lon="72.8439604">
        <time>2018-08-29T03:06:32Z</time>
      </trkpt>
      <trkpt lat="21.2452774" lon="72.8438309">
        <time>2018-08-29T03:06:35Z</time>
      </trkpt>
      <trkpt lat="21.2454581" lon="72.8437081">
        <time>2018-08-29T03:06:38Z</time>
      </trkpt>
      <trkpt lat="21.2456243" lon="72.8435882">
        <time>2018-08-29T03:06:41Z</time>
      </trkpt>
      <trkpt lat="21.2457763" lon="72.8434600">
        <time>2018-08-29T03:06:44Z</time>
      </trkpt>
      <trkpt lat="21.2459480" lon="72.8433266">
        <time>2018-08-29T03:06:47Z</time>
      </trkpt>
      <trkpt lat="21.2461081" lon="72.8432253">
        <time>2018-08-29T03:06:49Z</time>
      </trkpt>
      <trkpt lat="21.2461980" lon="72.8431707">
        <time>2018-08-29T03:06:50Z</time>
      </trkpt>
      <trkpt lat="21.2462830" lon="72.8431267">
        <time>2018-08-29T03:06:51Z</time>
      </trkpt>
      <trkpt lat="21.2463730" lon="72.8430794">
        <time>2018-08-29T03:06:52Z</time>
      </trkpt>
      <trkpt lat="21.2464626" lon="72.8430617">
        <time>2018-08-29T03:06:53Z</time>
      </trkpt>
      <trkpt lat="21.2466506" lon="72.8430315">
        <time>2018-08-29T03:06:55Z</time>
      </trkpt>
      <trkpt lat="21.2467566" lon="72.8430487">
        <time>2018-08-29T03:06:56Z</time>
      </trkpt>
      <trkpt lat="21.2470053" lon="72.8430462">
        <time>2018-08-29T03:06:58Z</time>
      </trkpt>
      <trkpt lat="21.2472798" lon="72.8430646">
        <time>2018-08-29T03:07:00Z</time>
      </trkpt>
      <trkpt lat="21.2475482" lon="72.8430885">
        <time>2018-08-29T03:07:02Z</time>
      </trkpt>
      <trkpt lat="21.2478249" lon="72.8431225">
        <time>2018-08-29T03:07:04Z</time>
      </trkpt>
      <trkpt lat="21.2480998" lon="72.8431606">
        <time>2018-08-29T03:07:06Z</time>
      </trkpt>
      <trkpt lat="21.2483714" lon="72.8431959">
        <time>2018-08-29T03:07:08Z</time>
      </trkpt>
      <trkpt lat="21.2486522" lon="72.8432315">
        <time>2018-08-29T03:07:10Z</time>
      </trkpt>
      <trkpt lat="21.2489269" lon="72.8432790">
        <time>2018-08-29T03:07:12Z</time>
      </trkpt>
      <trkpt lat="21.2491649" lon="72.8433102">
        <time>2018-08-29T03:07:14Z</time>
      </trkpt>
      <trkpt lat="21.2493887" lon="72.8433326">
        <time>2018-08-29T03:07:16Z</time>
      </trkpt>
      <trkpt lat="21.2496052" lon="72.8433268">
        <time>2018-08-29T03:07:18Z</time>
      </trkpt>
      <trkpt lat="21.2496965" lon="72.8433114">
        <time>2018-08-29T03:07:19Z</time>
      </trkpt>
      <trkpt lat="21.2498917" lon="72.8432599">
        <time>2018-08-29T03:07:21Z</time>
      </trkpt>
    </trkseg>
  </trk>
  <trk>
    <name>Indien_2017_10_27_0830__20171027_0830.gpx</name>
    <desc>Radtour Indien</desc>
    <url>/user/Nicor/traces/2571454</url>
    <trkseg>
      <trkpt lat="21.2499848" lon="72.9667394">
        <time>2017-11-24T04:57:41Z</time>
      </trkpt>
      <trkpt lat="21.2498000" lon="72.9668195">
        <time>2017-11-24T04:57:45Z</time>
      </trkpt>
      <trkpt lat="21.2496202" lon="72.9668969">
        <time>2017-11-24T04:57:49Z</time>
      </trkpt>
      <trkpt lat="21.2494423" lon="72.9669718">
        <time>2017-11-24T04:57:53Z</time>
      </trkpt>
      <trkpt lat="21.2492632" lon="72.9670599">
        <time>2017-11-24T04:57:57Z</time>
      </trkpt>
      <trkpt lat="21.2490917" lon="72.9671497">
        <time>2017-11-24T04:58:01Z</time>
      </trkpt>
      <trkpt lat="21.2489141" lon="72.9672293">
        <time>2017-11-24T04:58:05Z</time>
      </trkpt>
      <trkpt lat="21.2487351" lon="72.9673052">
        <time>2017-11-24T04:58:09Z</time>
      </trkpt>
      <trkpt lat="21.2485514" lon="72.9673865">
        <time>2017-11-24T04:58:13Z</time>
      </trkpt>
      <trkpt lat="21.2483640" lon="72.9674679">
        <time>2017-11-24T04:58:17Z</time>
      </trkpt>
      <trkpt lat="21.2481677" lon="72.9675550">
        <time>2017-11-24T04:58:21Z</time>
      </trkpt>
      <trkpt lat="21.2479746" lon="72.9676453">
        <time>2017-11-24T04:58:25Z</time>
      </trkpt>
      <trkpt lat="21.2477792" lon="72.9677430">
        <time>2017-11-24T04:58:29Z</time>
      </trkpt>
      <trkpt lat="21.2475847" lon="72.9678305">
        <time>2017-11-24T04:58:33Z</time>
      </trkpt>
      <trkpt lat="21.2473899" lon="72.9679123">
        <time>2017-11-24T04:58:37Z</time>
      </trkpt>
      <trkpt lat="21.2472046" lon="72.9679944">
        <time>2017-11-24T04:58:41Z</time>
      </trkpt>
      <trkpt lat="21.2470133" lon="72.9680745">
        <time>2017-11-24T04:58:45Z</time>
      </trkpt>
      <trkpt lat="21.2468329" lon="72.9681456">
        <time>2017-11-24T04:58:49Z</time>
      </trkpt>
      <trkpt lat="21.2466551" lon="72.9682275">
        <time>2017-11-24T04:58:53Z</time>
      </trkpt>
      <trkpt lat="21.2464776" lon="72.9682921">
        <time>2017-11-24T04:58:57Z</time>
      </trkpt>
      <trkpt lat="21.2462618" lon="72.9683492">
        <time>2017-11-24T04:59:02Z</time>
      </trkpt>
      <trkpt lat="21.2460546" lon="72.9684085">
        <time>2017-11-24T04:59:07Z</time>
      </trkpt>
      <trkpt lat="21.2458682" lon="72.9684729">
        <time>2017-11-24T04:59:11Z</time>
      </trkpt>
      <trkpt lat="21.2456850" lon="72.9685170">
        <time>2017-11-24T04:59:15Z</time>
      </trkpt>
      <trkpt lat="21.2454955" lon="72.9685484">
        <time>2017-11-24T04:59:19Z</time>
      </trkpt>
      <trkpt lat="21.2453044" lon="72.9685722">
        <time>2017-11-24T04:59:23Z</time>
      </trkpt>
      <trkpt lat="21.2451128" lon="72.9685911">
        <time>2017-11-24T04:59:27Z</time>
      </trkpt>
      <trkpt lat="21.2449168" lon="72.9686077">
        <time>2017-11-24T04:59:31Z</time>
      </trkpt>
      <trkpt lat="21.2447131" lon="72.9686188">
        <time>2017-11-24T04:59:35Z</time>
      </trkpt>
      <trkpt lat="21.2445087" lon="72.9686288">
        <time>2017-11-24T04:59:39Z</time>
      </trkpt>
      <trkpt lat="21.2442992" lon="72.9686356">
        <time>2017-11-24T04:59:43Z</time>
      </trkpt>
      <trkpt lat="21.2440954" lon="72.9686384">
        <time>2017-11-24T04:59:47Z</time>
      </trkpt>
      <trkpt lat="21.2438922" lon="72.9686445">
        <time>2017-11-24T04:59:51Z</time>
      </trkpt>
      <trkpt lat="21.2436866" lon="72.9686480">
        <time>2017-11-24T04:59:55Z</time>
      </trkpt>
      <trkpt lat="21.2434909" lon="72.9686466">
        <time>2017-11-24T04:59:59Z</time>
      </trkpt>
      <trkpt lat="21.2433040" lon="72.9686465">
        <time>2017-11-24T05:00:03Z</time>
      </trkpt>
      <trkpt lat="21.2431201" lon="72.9686466">
        <time>2017-11-24T05:00:07Z</time>
      </trkpt>
      <trkpt lat="21.2429336" lon="72.9686477">
        <time>2017-11-24T05:00:11Z</time>
      </trkpt>
      <trkpt lat="21.2427388" lon="72.9686489">
        <time>2017-11-24T05:00:15Z</time>
      </trkpt>
      <trkpt lat="21.2425444" lon="72.9686492">
        <time>2017-11-24T05:00:19Z</time>
      </trkpt>
      <trkpt lat="21.2423526" lon="72.9686477">
        <time>2017-11-24T05:00:23Z</time>
      </trkpt>
      <trkpt lat="21.2421441" lon="72.9686529">
        <time>2017-11-24T05:00:27Z</time>
      </trkpt>
      <trkpt lat="21.2419268" lon="72.9686560">
        <time>2017-11-24T05:00:31Z</time>
      </trkpt>
      <trkpt lat="21.2417058" lon="72.9686669">
        <time>2017-11-24T05:00:35Z</time>
      </trkpt>
      <trkpt lat="21.2415029" lon="72.9686680">
        <time>2017-11-24T05:00:39Z</time>
      </trkpt>
      <trkpt lat="21.2413132" lon="72.9686723">
        <time>2017-11-24T05:00:43Z</time>
      </trkpt>
      <trkpt lat="21.2411210" lon="72.9686730">
        <time>2017-11-24T05:00:47Z</time>
      </trkpt>
      <trkpt lat="21.2409191" lon="72.9686702">
        <time>2017-11-24T05:00:51Z</time>
      </trkpt>
      <trkpt lat="21.2407224" lon="72.9686687">
        <time>2017-11-24T05:00:55Z</time>
      </trkpt>
      <trkpt lat="21.2405183" lon="72.9686717">
        <time>2017-11-24T05:00:59Z</time>
      </trkpt>
      <trkpt lat="21.2403205" lon="72.9686728">
        <time>2017-11-24T05:01:03Z</time>
      </trkpt>
      <trkpt lat="21.2401206" lon="72.9686775">
        <time>2017-11-24T05:01:07Z</time>
      </trkpt>
      <trkpt lat="21.2399215" lon="72.9686816">
        <time>2017-11-24T05:01:11Z</time>
      </trkpt>
      <trkpt lat="21.2397178" lon="72.9686812">
        <time>2017-11-24T05:01:15Z</time>
      </trkpt>
      <trkpt lat="21.2395225" lon="72.9686818">
        <time>2017-11-24T05:01:19Z</time>
      </trkpt>
      <trkpt lat="21.2393242" lon="72.9686830">
        <time>2017-11-24T05:01:23Z</time>
      </trkpt>
      <trkpt lat="21.2391266" lon="72.9686836">
        <time>2017-11-24T05:01:27Z</time>
      </trkpt>
      <trkpt lat="21.2389270" lon="72.9686908">
        <time>2017-11-24T05:01:31Z</time>
      </trkpt>
      <trkpt lat="21.2387410" lon="72.9686938">
        <time>2017-11-24T05:01:35Z</time>
      </trkpt>
      <trkpt lat="21.2385556" lon="72.9686992">
        <time>2017-11-24T05:01:39Z</time>
      </trkpt>
      <trkpt lat="21.2383638" lon="72.9687027">
        <time>2017-11-24T05:01:43Z</time>
      </trkpt>
      <trkpt lat="21.2381680" lon="72.9687017">
        <time>2017-11-24T05:01:47Z</time>
      </trkpt>
      <trkpt lat="21.2379731" lon="72.9687028">
        <time>2017-11-24T05:01:51Z</time>
      </trkpt>
      <trkpt lat="21.2377804" lon="72.9686995">
        <time>2017-11-24T05:01:55Z</time>
      </trkpt>
      <trkpt lat="21.2375855" lon="72.9686982">
        <time>2017-11-24T05:01:59Z</time>
      </trkpt>
      <trkpt lat="21.2373932" lon="72.9686908">
        <time>2017-11-24T05:02:03Z</time>
      </trkpt>
      <trkpt lat="21.2371980" lon="72.9686896">
        <time>2017-11-24T05:02:07Z</time>
      </trkpt>
      <trkpt lat="21.2369994" lon="72.9686908">
        <time>2017-11-24T05:02:11Z</time>
      </trkpt>
      <trkpt lat="21.2368001" lon="72.9686860">
        <time>2017-11-24T05:02:15Z</time>
      </trkpt>
      <trkpt lat="21.2365963" lon="72.9686850">
        <time>2017-11-24T05:02:19Z</time>
      </trkpt>
      <trkpt lat="21.2363957" lon="72.9686817">
        <time>2017-11-24T05:02:23Z</time>
      </trkpt>
      <trkpt lat="21.2361991" lon="72.9686798">
        <time>2017-11-24T05:02:27Z</time>
      </trkpt>
      <trkpt lat="21.2360150" lon="72.9686783">
        <time>2017-11-24T05:02:31Z</time>
      </trkpt>
      <trkpt lat="21.2358205" lon="72.9686743">
        <time>2017-11-24T05:02:35Z</time>
      </trkpt>
      <trkpt lat="21.2356154" lon="72.9686701">
        <time>2017-11-24T05:02:39Z</time>
      </trkpt>
      <trkpt lat="21.2354190" lon="72.9686697">
        <time>2017-11-24T05:02:43Z</time>
      </trkpt>
      <trkpt lat="21.2352232" lon="72.9686668">
        <time>2017-11-24T05:02:47Z</time>
      </trkpt>
      <trkpt lat="21.2350273" lon="72.9686647">
        <time>2017-11-24T05:02:51Z</time>
      </trkpt>
      <trkpt lat="21.2348249" lon="72.9686644">
        <time>2017-11-24T05:02:55Z</time>
      </trkpt>
      <trkpt lat="21.2346270" lon="72.9686606">
        <time>2017-11-24T05:02:59Z</time>
      </trkpt>
      <trkpt lat="21.2344266" lon="72.9686620">
        <time>2017-11-24T05:03:03Z</time>
      </trkpt>
      <trkpt lat="21.2342306" lon="72.9686684">
        <time>2017-11-24T05:03:07Z</time>
      </trkpt>
      <trkpt lat="21.2340387" lon="72.9686736">
        <time>2017-11-24T05:03:11Z</time>
      </trkpt>
      <trkpt lat="21.2338455" lon="72.9686889">
        <time>2017-11-24T05:03:15Z</time>
      </trkpt>
      <trkpt lat="21.2336533" lon="72.9687028">
        <time>2017-11-24T05:03:19Z</time>
      </trkpt>
      <trkpt lat="21.2334681" lon="72.9687200">
        <time>2017-11-24T05:03:23Z</time>
      </trkpt>
      <trkpt lat="21.2332822" lon="72.9687287">
        <time>2017-11-24T05:03:27Z</time>
      </trkpt>
      <trkpt lat="21.2330937" lon="72.9687301">
        <time>2017-11-24T05:03:31Z</time>
      </trkpt>
      <trkpt lat="21.2329015" lon="72.9687227">
        <time>2017-11-24T05:03:35Z</time>
      </trkpt>
      <trkpt lat="21.2327086" lon="72.9687008">
        <time>2017-11-24T05:03:39Z</time>
      </trkpt>
      <trkpt lat="21.2325073" lon="72.9686764">
        <time>2017-11-24T05:03:43Z</time>
      </trkpt>
      <trkpt lat="21.2323138" lon="72.9686552">
        <time>2017-11-24T05:03:47Z</time>
      </trkpt>
      <trkpt lat="21.2321214" lon="72.9686478">
        <time>2017-11-24T05:03:51Z</time>
      </trkpt>
      <trkpt lat="21.2319292" lon="72.9686408">
        <time>2017-11-24T05:03:55Z</time>
      </trkpt>
      <trkpt lat="21.2317286" lon="72.9686340">
        <time>2017-11-24T05:03:59Z</time>
      </trkpt>
      <trkpt lat="21.2315222" lon="72.9686304">
        <time>2017-11-24T05:04:03Z</time>
      </trkpt>
      <trkpt lat="21.2313173" lon="72.9686296">
        <time>2017-11-24T05:04:07Z</time>
      </trkpt>
      <trkpt lat="21.2311159" lon="72.9686255">
        <time>2017-11-24T05:04:11Z</time>
      </trkpt>
      <trkpt lat="21.2309108" lon="72.9686256">
        <time>2017-11-24T05:04:15Z</time>
      </trkpt>
      <trkpt lat="21.2307021" lon="72.9686175">
        <time>2017-11-24T05:04:19Z</time>
      </trkpt>
      <trkpt lat="21.2304938" lon="72.9686152">
        <time>2017-11-24T05:04:23Z</time>
      </trkpt>
      <trkpt lat="21.2302825" lon="72.9686065">
        <time>2017-11-24T05:04:27Z</time>
      </trkpt>
      <trkpt lat="21.2300641" lon="72.9686017">
        <time>2017-11-24T05:04:31Z</time>
      </trkpt>
      <trkpt lat="21.2298451" lon="72.9685926">
        <time>2017-11-24T05:04:35Z</time>
      </trkpt>
      <trkpt lat="21.2296266" lon="72.9685887">
        <time>2017-11-24T05:04:39Z</time>
      </trkpt>
      <trkpt lat="21.2294127" lon="72.9685931">
        <time>2017-11-24T05:04:43Z</time>
      </trkpt>
      <trkpt lat="21.2292078" lon="72.9685882">
        <time>2017-11-24T05:04:47Z</time>
      </trkpt>
      <trkpt lat="21.2289928" lon="72.9685889">
        <time>2017-11-24T05:04:51Z</time>
      </trkpt>
      <trkpt lat="21.2287816" lon="72.9685876">
        <time>2017-11-24T05:04:55Z</time>
      </trkpt>
      <trkpt lat="21.2285635" lon="72.9685903">
        <time>2017-11-24T05:04:59Z</time>
      </trkpt>
      <trkpt lat="21.2283467" lon="72.9685903">
        <time>2017-11-24T05:05:03Z</time>
      </trkpt>
      <trkpt lat="21.2281310" lon="72.9685973">
        <time>2017-11-24T05:05:07Z</time>
      </trkpt>
      <trkpt lat="21.2279205" lon="72.9686033">
        <time>2017-11-24T05:05:11Z</time>
      </trkpt>
      <trkpt lat="21.2277112" lon="72.9686054">
        <time>2017-11-24T05:05:15Z</time>
      </trkpt>
      <trkpt lat="21.2275045" lon="72.9686060">
        <time>2017-11-24T05:05:19Z</time>
      </trkpt>
      <trkpt lat="21.2272884" lon="72.9686105">
        <time>2017-11-24T05:05:23Z</time>
      </trkpt>
      <trkpt lat="21.2270730" lon="72.9686114">
        <time>2017-11-24T05:05:27Z</time>
      </trkpt>
      <trkpt lat="21.2268508" lon="72.9686084">
        <time>2017-11-24T05:05:31Z</time>
      </trkpt>
      <trkpt lat="21.2266276" lon="72.9686092">
        <time>2017-11-24T05:05:35Z</time>
      </trkpt>
      <trkpt lat="21.2264106" lon="72.9686058">
        <time>2017-11-24T05:05:39Z</time>
      </trkpt>
      <trkpt lat="21.2261879" lon="72.9686049">
        <time>2017-11-24T05:05:43Z</time>
      </trkpt>
      <trkpt lat="21.2259642" lon="72.9686060">
        <time>2017-11-24T05:05:47Z</time>
      </trkpt>
      <trkpt lat="21.2257400" lon="72.9686005">
        <time>2017-11-24T05:05:51Z</time>
      </trkpt>
      <trkpt lat="21.2255254" lon="72.9685967">
        <time>2017-11-24T05:05:55Z</time>
      </trkpt>
      <trkpt lat="21.2253157" lon="72.9685954">
        <time>2017-11-24T05:05:59Z</time>
      </trkpt>
      <trkpt lat="21.2251042" lon="72.9685929">
        <time>2017-11-24T05:06:03Z</time>
      </trkpt>
      <trkpt lat="21.2249004" lon="72.9685875">
        <time>2017-11-24T05:06:07Z</time>
      </trkpt>
      <trkpt lat="21.2247184" lon="72.9685836">
        <time>2017-11-24T05:06:11Z</time>
      </trkpt>
      <trkpt lat="21.2245329" lon="72.9685795">
        <time>2017-11-24T05:06:16Z</time>
      </trkpt>
      <trkpt lat="21.2243290" lon="72.9685885">
        <time>2017-11-24T05:08:29Z</time>
      </trkpt>
      <trkpt lat="21.2241473" lon="72.9685967">
        <time>2017-11-24T05:08:34Z</time>
      </trkpt>
      <trkpt lat="21.2239488" lon="72.9686026">
        <time>2017-11-24T05:08:39Z</time>
      </trkpt>
      <trkpt lat="21.2237305" lon="72.9686043">
        <time>2017-11-24T05:08:44Z</time>
      </trkpt>
      <trkpt lat="21.2235416" lon="72.9686069">
        <time>2017-11-24T05:08:48Z</time>
      </trkpt>
      <trkpt lat="21.2233393" lon="72.9686064">
        <time>2017-11-24T05:08:52Z</time>
      </trkpt>
      <trkpt lat="21.2231354" lon="72.9686054">
        <time>2017-11-24T05:08:56Z</time>
      </trkpt>
      <trkpt lat="21.2229239" lon="72.9686017">
        <time>2017-11-24T05:09:00Z</time>
      </trkpt>
      <trkpt lat="21.2227104" lon="72.9685945">
        <time>2017-11-24T05:09:04Z</time>
      </trkpt>
      <trkpt lat="21.2224948" lon="72.9685949">
        <time>2017-11-24T05:09:08Z</time>
      </trkpt>
      <trkpt lat="21.2222760" lon="72.9685904">
        <time>2017-11-24T05:09:12Z</time>
      </trkpt>
      <trkpt lat="21.2220620" lon="72.9685907">
        <time>2017-11-24T05:09:16Z</time>
      </trkpt>
      <trkpt lat="21.2218532" lon="72.9685918">
        <time>2017-11-24T05:09:20Z</time>
      </trkpt>
      <trkpt lat="21.2216419" lon="72.9685905">
        <time>2017-11-24T05:09:24Z</time>
      </trkpt>
      <trkpt lat="21.2214370" lon="72.9685933">
        <time>2017-11-24T05:09:28Z</time>
      </trkpt>
      <trkpt lat="21.2212288" lon="72.9685902">
        <time>2017-11-24T05:09:32Z</time>
      </trkpt>
      <trkpt lat="21.2210214" lon="72.9685815">
        <time>2017-11-24T05:09:36Z</time>
      </trkpt>
      <trkpt lat="21.2208008" lon="72.9685780">
        <time>2017-11-24T05:09:40Z</time>
      </trkpt>
      <trkpt lat="21.2205732" lon="72.9685735">
        <time>2017-11-24T05:09:44Z</time>
      </trkpt>
      <trkpt lat="21.2203533" lon="72.9685749">
        <time>2017-11-24T05:09:48Z</time>
      </trkpt>
      <trkpt lat="21.2201278" lon="72.9685723">
        <time>2017-11-24T05:09:52Z</time>
      </trkpt>
      <trkpt lat="21.2199122" lon="72.9685682">
        <time>2017-11-24T05:09:56Z</time>
      </trkpt>
      <trkpt lat="21.2196972" lon="72.9685643">
        <time>2017-11-24T05:10:00Z</time>
      </trkpt>
      <trkpt lat="21.2194823" lon="72.9685675">
        <time>2017-11-24T05:10:04Z</time>
      </trkpt>
      <trkpt lat="21.2192612" lon="72.9685692">
        <time>2017-11-24T05:10:08Z</time>
      </trkpt>
      <trkpt lat="21.2190459" lon="72.9685689">
        <time>2017-11-24T05:10:12Z</time>
      </trkpt>
      <trkpt lat="21.2188440" lon="72.9685624">
        <time>2017-11-24T05:10:16Z</time>
      </trkpt>
      <trkpt lat="21.2186422" lon="72.9685673">
        <time>2017-11-24T05:10:20Z</time>
      </trkpt>
      <trkpt lat="21.2184288" lon="72.9685798">
        <time>2017-11-24T05:10:24Z</time>
      </trkpt>
      <trkpt lat="21.2182183" lon="72.9685941">
        <time>2017-11-24T05:10:28Z</time>
      </trkpt>
      <trkpt lat="21.2180093" lon="72.9685989">
        <time>2017-11-24T05:10:32Z</time>
      </trkpt>
      <trkpt lat="21.2178068" lon="72.9686058">
        <time>2017-11-24T05:10:36Z</time>
      </trkpt>
      <trkpt lat="21.2176080" lon="72.9686207">
        <time>2017-11-24T05:10:40Z</time>
      </trkpt>
      <trkpt lat="21.2174091" lon="72.9686116">
        <time>2017-11-24T05:10:44Z</time>
      </trkpt>
      <trkpt lat="21.2171995" lon="72.9686184">
        <time>2017-11-24T05:10:48Z</time>
      </trkpt>
      <trkpt lat="21.2169892" lon="72.9686200">
        <time>2017-11-24T05:10:52Z</time>
      </trkpt>
      <trkpt lat="21.2167779" lon="72.9686137">
        <time>2017-11-24T05:10:56Z</time>
      </trkpt>
      <trkpt lat="21.2165760" lon="72.9686063">
        <time>2017-11-24T05:11:00Z</time>
      </trkpt>
      <trkpt lat="21.2163690" lon="72.9686101">
        <time>2017-11-24T05:11:04Z</time>
      </trkpt>
      <trkpt lat="21.2161606" lon="72.9686074">
        <time>2017-11-24T05:11:08Z</time>
      </trkpt>
      <trkpt lat="21.2159451" lon="72.9685988">
        <time>2017-11-24T05:11:12Z</time>
      </trkpt>
      <trkpt lat="21.2157273" lon="72.9685869">
        <time>2017-11-24T05:11:16Z</time>
      </trkpt>
      <trkpt lat="21.2155192" lon="72.9685723">
        <time>2017-11-24T05:11:20Z</time>
      </trkpt>
      <trkpt lat="21.2153092" lon="72.9685506">
        <time>2017-11-24T05:11:24Z</time>
      </trkpt>
      <trkpt lat="21.2150973" lon="72.9685251">
        <time>2017-11-24T05:11:28Z</time>
      </trkpt>
      <trkpt lat="21.2148836" lon="72.9684990">
        <time>2017-11-24T05:11:32Z</time>
      </trkpt>
      <trkpt lat="21.2146696" lon="72.9684687">
        <time>2017-11-24T05:11:36Z</time>
      </trkpt>
      <trkpt lat="21.2144542" lon="72.9684430">
        <time>2017-11-24T05:11:40Z</time>
      </trkpt>
      <trkpt lat="21.2142410" lon="72.9684147">
        <time>2017-11-24T05:11:44Z</time>
      </trkpt>
      <trkpt lat="21.2140363" lon="72.9683898">
        <time>2017-11-24T05:11:48Z</time>
      </trkpt>
      <trkpt lat="21.2138323" lon="72.9683513">
        <time>2017-11-24T05:11:52Z</time>
      </trkpt>
      <trkpt lat="21.2136295" lon="72.9683220">
        <time>2017-11-24T05:11:56Z</time>
      </trkpt>
      <trkpt lat="21.2134253" lon="72.9683084">
        <time>2017-11-24T05:12:00Z</time>
      </trkpt>
      <trkpt lat="21.2132199" lon="72.9683044">
        <time>2017-11-24T05:12:04Z</time>
      </trkpt>
      <trkpt lat="21.2130121" lon="72.9683001">
        <time>2017-11-24T05:12:08Z</time>
      </trkpt>
      <trkpt lat="21.2128056" lon="72.9682915">
        <time>2017-11-24T05:12:12Z</time>
      </trkpt>
      <trkpt lat="21.2126040" lon="72.9682787">
        <time>2017-11-24T05:12:16Z</time>
      </trkpt>
      <trkpt lat="21.2124078" lon="72.9682419">
        <time>2017-11-24T05:12:20Z</time>
      </trkpt>
      <trkpt lat="21.2122074" lon="72.9682202">
        <time>2017-11-24T05:12:24Z</time>
      </trkpt>
      <trkpt lat="21.2120025" lon="72.9681787">
        <time>2017-11-24T05:12:28Z</time>
      </trkpt>
      <trkpt lat="21.2117950" lon="72.9681331">
        <time>2017-11-24T05:12:32Z</time>
      </trkpt>
      <trkpt lat="21.2115896" lon="72.9680866">
        <time>2017-11-24T05:12:36Z</time>
      </trkpt>
      <trkpt lat="21.2113835" lon="72.9680428">
        <time>2017-11-24T05:12:40Z</time>
      </trkpt>
      <trkpt lat="21.2111706" lon="72.9680040">
        <time>2017-11-24T05:12:44Z</time>
      </trkpt>
      <trkpt lat="21.2109615" lon="72.9679715">
        <time>2017-11-24T05:12:48Z</time>
      </trkpt>
      <trkpt lat="21.2107684" lon="72.9679258">
        <time>2017-11-24T05:12:52Z</time>
      </trkpt>
      <trkpt lat="21.2105715" lon="72.9678951">
        <time>2017-11-24T05:12:56Z</time>
      </trkpt>
      <trkpt lat="21.2103637" lon="72.9678815">
        <time>2017-11-24T05:13:00Z</time>
      </trkpt>
      <trkpt lat="21.2101565" lon="72.9678518">
        <time>2017-11-24T05:13:04Z</time>
      </trkpt>
      <trkpt lat="21.2099414" lon="72.9678284">
        <time>2017-11-24T05:13:08Z</time>
      </trkpt>
      <trkpt lat="21.2097282" lon="72.9678043">
        <time>2017-11-24T05:13:12Z</time>
      </trkpt>
      <trkpt lat="21.2095128" lon="72.9677765">
        <time>2017-11-24T05:13:16Z</time>
      </trkpt>
      <trkpt lat="21.2092967" lon="72.9677424">
        <time>2017-11-24T05:13:20Z</time>
      </trkpt>
      <trkpt lat="21.2090809" lon="72.9677081">
        <time>2017-11-24T05:13:24Z</time>
      </trkpt>
      <trkpt lat="21.2088613" lon="72.9676775">
        <time>2017-11-24T05:13:28Z</time>
      </trkpt>
      <trkpt lat="21.2086471" lon="72.9676461">
        <time>2017-11-24T05:13:32Z</time>
      </trkpt>
      <trkpt lat="21.2084310" lon="72.9676135">
        <time>2017-11-24T05:13:36Z</time>
      </trkpt>
      <trkpt lat="21.2082207" lon="72.9675803">
        <time>2017-11-24T05:13:40Z</time>
      </trkpt>
      <trkpt lat="21.2080091" lon="72.9675483">
        <time>2017-11-24T05:13:44Z</time>
      </trkpt>
      <trkpt lat="21.2077996" lon="72.9675185">
        <time>2017-11-24T05:13:48Z</time>
      </trkpt>
      <trkpt lat="21.2075884" lon="72.9674895">
        <time>2017-11-24T05:13:52Z</time>
      </trkpt>
      <trkpt lat="21.2073668" lon="72.9674550">
        <time>2017-11-24T05:13:56Z</time>
      </trkpt>
      <trkpt lat="21.2071497" lon="72.9674200">
        <time>2017-11-24T05:14:00Z</time>
      </trkpt>
      <trkpt lat="21.2069327" lon="72.9673870">
        <time>2017-11-24T05:14:04Z</time>
      </trkpt>
      <trkpt lat="21.2067109" lon="72.9673574">
        <time>2017-11-24T05:14:08Z</time>
      </trkpt>
      <trkpt lat="21.2064899" lon="72.9673260">
        <time>2017-11-24T05:14:12Z</time>
      </trkpt>
      <trkpt lat="21.2062662" lon="72.9672935">
        <time>2017-11-24T05:14:16Z</time>
      </trkpt>
      <trkpt lat="21.2060429" lon="72.9672579">
        <time>2017-11-24T05:14:20Z</time>
      </trkpt>
      <trkpt lat="21.2058143" lon="72.9672235">
        <time>2017-11-24T05:14:24Z</time>
      </trkpt>
      <trkpt lat="21.2055851" lon="72.9671934">
        <time>2017-11-24T05:14:28Z</time>
      </trkpt>
      <trkpt lat="21.2053528" lon="72.9671592">
        <time>2017-11-24T05:14:32Z</time>
      </trkpt>
      <trkpt lat="21.2051245" lon="72.9671248">
        <time>2017-11-24T05:14:36Z</time>
      </trkpt>
      <trkpt lat="21.2049034" lon="72.9670910">
        <time>2017-11-24T05:14:40Z</time>
      </trkpt>
      <trkpt lat="21.2046802" lon="72.9670604">
        <time>2017-11-24T05:14:44Z</time>
      </trkpt>
      <trkpt lat="21.2044575" lon="72.9670298">
        <time>2017-11-24T05:14:48Z</time>
      </trkpt>
      <trkpt lat="21.2042380" lon="72.9669997">
        <time>2017-11-24T05:14:52Z</time>
      </trkpt>
      <trkpt lat="21.2040145" lon="72.9669681">
        <time>2017-11-24T05:14:56Z</time>
      </trkpt>
      <trkpt lat="21.2037921" lon="72.9669344">
        <time>2017-11-24T05:15:00Z</time>
      </trkpt>
      <trkpt lat="21.2035674" lon="72.9669032">
        <time>2017-11-24T05:15:04Z</time>
      </trkpt>
      <trkpt lat="21.2033474" lon="72.9668727">
        <time>2017-11-24T05:15:08Z</time>
      </trkpt>
      <trkpt lat="21.2031230" lon="72.9668451">
        <time>2017-11-24T05:15:12Z</time>
      </trkpt>
      <trkpt lat="21.2028968" lon="72.9668136">
        <time>2017-11-24T05:15:16Z</time>
      </trkpt>
      <trkpt lat="21.2026789" lon="72.9667791">
        <time>2017-11-24T05:15:20Z</time>
      </trkpt>
      <trkpt lat="21.2024642" lon="72.9667381">
        <time>2017-11-24T05:15:24Z</time>
      </trkpt>
      <trkpt lat="21.2022410" lon="72.9667097">
        <time>2017-11-24T05:15:28Z</time>
      </trkpt>
      <trkpt lat="21.2020140" lon="72.9666806">
        <time>2017-11-24T05:15:32Z</time>
      </trkpt>
      <trkpt lat="21.2017887" lon="72.9666616">
        <time>2017-11-24T05:15:36Z</time>
      </trkpt>
      <trkpt lat="21.2015901" lon="72.9666313">
        <time>2017-11-24T05:15:40Z</time>
      </trkpt>
      <trkpt lat="21.2014078" lon="72.9666041">
        <time>2017-11-24T05:15:44Z</time>
      </trkpt>
      <trkpt lat="21.2012174" lon="72.9665773">
        <time>2017-11-24T05:15:48Z</time>
      </trkpt>
      <trkpt lat="21.2010217" lon="72.9665501">
        <time>2017-11-24T05:15:52Z</time>
      </trkpt>
      <trkpt lat="21.2008231" lon="72.9665298">
        <time>2017-11-24T05:15:56Z</time>
      </trkpt>
      <trkpt lat="21.2006275" lon="72.9665137">
        <time>2017-11-24T05:16:00Z</time>
      </trkpt>
      <trkpt lat="21.2004318" lon="72.9664999">
        <time>2017-11-24T05:16:27Z</time>
      </trkpt>
      <trkpt lat="21.2002392" lon="72.9664539">
        <time>2017-11-24T05:16:33Z</time>
      </trkpt>
      <trkpt lat="21.2000320" lon="72.9664163">
        <time>2017-11-24T05:16:38Z</time>
      </trkpt>
      <trkpt lat="21.1998502" lon="72.9663902">
        <time>2017-11-24T05:16:42Z</time>
      </trkpt>
      <trkpt lat="21.1996625" lon="72.9663610">
        <time>2017-11-24T05:16:46Z</time>
      </trkpt>
      <trkpt lat="21.1994699" lon="72.9663308">
        <time>2017-11-24T05:16:50Z</time>
      </trkpt>
      <trkpt lat="21.1992707" lon="72.9663014">
        <time>2017-11-24T05:16:54Z</time>
      </trkpt>
      <trkpt lat="21.1990683" lon="72.9662685">
        <time>2017-11-24T05:16:58Z</time>
      </trkpt>
      <trkpt lat="21.1988649" lon="72.9662399">
        <time>2017-11-24T05:17:02Z</time>
      </trkpt>
      <trkpt lat="21.1986679" lon="72.9662068">
        <time>2017-11-24T05:17:06Z</time>
      </trkpt>
      <trkpt lat="21.1984683" lon="72.9661764">
        <time>2017-11-24T05:17:10Z</time>
      </trkpt>
      <trkpt lat="21.1982697" lon="72.9661437">
        <time>2017-11-24T05:17:14Z</time>
      </trkpt>
      <trkpt lat="21.1980688" lon="72.9661074">
        <time>2017-11-24T05:17:18Z</time>
      </trkpt>
      <trkpt lat="21.1978711" lon="72.9660798">
        <time>2017-11-24T05:17:22Z</time>
      </trkpt>
      <trkpt lat="21.1976730" lon="72.9660463">
        <time>2017-11-24T05:17:26Z</time>
      </trkpt>
      <trkpt lat="21.1974712" lon="72.9660242">
        <time>2017-11-24T05:17:30Z</time>
      </trkpt>
      <trkpt lat="21.1972691" lon="72.9659911">
        <time>2017-11-24T05:17:34Z</time>
      </trkpt>
      <trkpt lat="21.1970649" lon="72.9659601">
        <time>2017-11-24T05:17:38Z</time>
      </trkpt>
      <trkpt lat="21.1968591" lon="72.9659314">
        <time>2017-11-24T05:17:42Z</time>
      </trkpt>
      <trkpt lat="21.1966527" lon="72.9658981">
        <time>2017-11-24T05:17:46Z</time>
      </trkpt>
      <trkpt lat="21.1964444" lon="72.9658757">
        <time>2017-11-24T05:17:50Z</time>
      </trkpt>
      <trkpt lat="21.1962404" lon="72.9658491">
        <time>2017-11-24T05:17:54Z</time>
      </trkpt>
      <trkpt lat="21.1960342" lon="72.9658224">
        <time>2017-11-24T05:17:58Z</time>
      </trkpt>
      <trkpt lat="21.1958258" lon="72.9657937">
        <time>2017-11-24T05:18:02Z</time>
      </trkpt>
      <trkpt lat="21.1956307" lon="72.9657583">
        <time>2017-11-24T05:18:06Z</time>
      </trkpt>
      <trkpt lat="21.1954345" lon="72.9657307">
        <time>2017-11-24T05:18:10Z</time>
      </trkpt>
      <trkpt lat="21.1952357" lon="72.9657049">
        <time>2017-11-24T05:18:14Z</time>
      </trkpt>
      <trkpt lat="21.1950554" lon="72.9656868">
        <time>2017-11-24T05:18:18Z</time>
      </trkpt>
      <trkpt lat="21.1948463" lon="72.9656666">
        <time>2017-11-24T05:18:23Z</time>
      </trkpt>
      <trkpt lat="21.1946515" lon="72.9656681">
        <time>2017-11-24T05:18:28Z</time>
      </trkpt>
      <trkpt lat="21.1944450" lon="72.9656957">
        <time>2017-11-24T05:18:34Z</time>
      </trkpt>
      <trkpt lat="21.1942472" lon="72.9657251">
        <time>2017-11-24T05:18:40Z</time>
      </trkpt>
      <trkpt lat="21.1940606" lon="72.9657663">
        <time>2017-11-24T05:18:46Z</time>
      </trkpt>
      <trkpt lat="21.1938771" lon="72.9658081">
        <time>2017-11-24T05:18:52Z</time>
      </trkpt>
      <trkpt lat="21.1936762" lon="72.9658526">
        <time>2017-11-24T05:19:00Z</time>
      </trkpt>
      <trkpt lat="21.1934909" lon="72.9659064">
        <time>2017-11-24T05:19:07Z</time>
      </trkpt>
      <trkpt lat="21.1933040" lon="72.9659808">
        <time>2017-11-24T05:19:17Z</time>
      </trkpt>
      <trkpt lat="21.1931145" lon="72.9660419">
        <time>2017-11-24T05:19:25Z</time>
      </trkpt>
      <trkpt lat="21.1929305" lon="72.9661059">
        <time>2017-11-24T05:19:32Z</time>
      </trkpt>
      <trkpt lat="21.1927503" lon="72.9661617">
        <time>2017-11-24T05:19:40Z</time>
      </trkpt>
      <trkpt lat="21.1925722" lon="72.9662292">
        <time>2017-11-24T05:20:29Z</time>
      </trkpt>
      <trkpt lat="21.1923957" lon="72.9662943">
        <time>2017-11-24T05:20:42Z</time>
      </trkpt>
      <trkpt lat="21.1922231" lon="72.9663624">
        <time>2017-11-24T05:20:50Z</time>
      </trkpt>
      <trkpt lat="21.1920306" lon="72.9664144">
        <time>2017-11-24T05:20:58Z</time>
      </trkpt>
      <trkpt lat="21.1918478" lon="72.9664722">
        <time>2017-11-24T05:21:08Z</time>
      </trkpt>
      <trkpt lat="21.1916741" lon="72.9665277">
        <time>2017-11-24T05:21:19Z</time>
      </trkpt>
      <trkpt lat="21.1914962" lon="72.9665662">
        <time>2017-11-24T05:21:31Z</time>
      </trkpt>
      <trkpt lat="21.1913120" lon="72.9665853">
        <time>2017-11-24T05:21:41Z</time>
      </trkpt>
      <trkpt lat="21.1911071" lon="72.9665786">
        <time>2017-11-24T05:21:49Z</time>
      </trkpt>
      <trkpt lat="21.1909222" lon="72.9665586">
        <time>2017-11-24T05:21:56Z</time>
      </trkpt>
      <trkpt lat="21.1907200" lon="72.9665252">
        <time>2017-11-24T05:22:02Z</time>
      </trkpt>
      <trkpt lat="21.1905277" lon="72.9664927">
        <time>2017-11-24T05:22:07Z</time>
      </trkpt>
      <trkpt lat="21.1903482" lon="72.9664571">
        <time>2017-11-24T05:22:12Z</time>
      </trkpt>
      <trkpt lat="21.1901725" lon="72.9664150">
        <time>2017-11-24T05:22:17Z</time>
      </trkpt>
      <trkpt lat="21.1899729" lon="72.9663778">
        <time>2017-11-24T05:22:23Z</time>
      </trkpt>
      <trkpt lat="21.1897701" lon="72.9663439">
        <time>2017-11-24T05:22:28Z</time>
      </trkpt>
      <trkpt lat="21.1895919" lon="72.9663151">
        <time>2017-11-24T05:22:32Z</time>
      </trkpt>
      <trkpt lat="21.1894074" lon="72.9662759">
        <time>2017-11-24T05:22:36Z</time>
      </trkpt>
      <trkpt lat="21.1892186" lon="72.9662289">
        <time>2017-11-24T05:22:40Z</time>
      </trkpt>
      <trkpt lat="21.1890284" lon="72.9661867">
        <time>2017-11-24T05:22:44Z</time>
      </trkpt>
      <trkpt lat="21.1888421" lon="72.9661320">
        <time>2017-11-24T05:22:48Z</time>
      </trkpt>
      <trkpt lat="21.1886315" lon="72.9660803">
        <time>2017-11-24T05:22:53Z</time>
      </trkpt>
      <trkpt lat="21.1884467" lon="72.9660358">
        <time>2017-11-24T05:22:57Z</time>
      </trkpt>
      <trkpt lat="21.1882546" lon="72.9659941">
        <time>2017-11-24T05:23:01Z</time>
      </trkpt>
      <trkpt lat="21.1880564" lon="72.9659474">
        <time>2017-11-24T05:23:05Z</time>
      </trkpt>
      <trkpt lat="21.1878478" lon="72.9658996">
        <time>2017-11-24T05:23:09Z</time>
      </trkpt>
      <trkpt lat="21.1876431" lon="72.9658363">
        <time>2017-11-24T05:23:13Z</time>
      </trkpt>
      <trkpt lat="21.1874298" lon="72.9657900">
        <time>2017-11-24T05:23:17Z</time>
      </trkpt>
      <trkpt lat="21.1872170" lon="72.9657333">
        <time>2017-11-24T05:23:21Z</time>
      </trkpt>
      <trkpt lat="21.1869958" lon="72.9656916">
        <time>2017-11-24T05:23:25Z</time>
      </trkpt>
      <trkpt lat="21.1867817" lon="72.9656386">
        <time>2017-11-24T05:23:29Z</time>
      </trkpt>
      <trkpt lat="21.1865708" lon="72.9655812">
        <time>2017-11-24T05:23:33Z</time>
      </trkpt>
      <trkpt lat="21.1863774" lon="72.9655482">
        <time>2017-11-24T05:23:37Z</time>
      </trkpt>
      <trkpt lat="21.1861616" lon="72.9654969">
        <time>2017-11-24T05:23:42Z</time>
      </trkpt>
      <trkpt lat="21.1859812" lon="72.9654330">
        <time>2017-11-24T05:23:46Z</time>
      </trkpt>
      <trkpt lat="21.1857700" lon="72.9653847">
        <time>2017-11-24T05:23:51Z</time>
      </trkpt>
      <trkpt lat="21.1855879" lon="72.9653399">
        <time>2017-11-24T05:23:55Z</time>
      </trkpt>
      <trkpt lat="21.1853961" lon="72.9652812">
        <time>2017-11-24T05:23:59Z</time>
      </trkpt>
      <trkpt lat="21.1852020" lon="72.9652330">
        <time>2017-11-24T05:24:03Z</time>
      </trkpt>
      <trkpt lat="21.1850015" lon="72.9651821">
        <time>2017-11-24T05:24:07Z</time>
      </trkpt>
      <trkpt lat="21.1848025" lon="72.9651302">
        <time>2017-11-24T05:24:11Z</time>
      </trkpt>
      <trkpt lat="21.1846013" lon="72.9650835">
        <time>2017-11-24T05:24:15Z</time>
      </trkpt>
      <trkpt lat="21.1843994" lon="72.9650347">
        <time>2017-11-24T05:24:19Z</time>
      </trkpt>
      <trkpt lat="21.1841953" lon="72.9649837">
        <time>2017-11-24T05:24:23Z</time>
      </trkpt>
      <trkpt lat="21.1839960" lon="72.9649335">
        <time>2017-11-24T05:24:27Z</time>
      </trkpt>
      <trkpt lat="21.1837953" lon="72.9648822">
        <time>2017-11-24T05:24:31Z</time>
      </trkpt>
      <trkpt lat="21.1835912" lon="72.9648295">
        <time>2017-11-24T05:24:35Z</time>
      </trkpt>
      <trkpt lat="21.1833859" lon="72.9647747">
        <time>2017-11-24T05:24:39Z</time>
      </trkpt>
      <trkpt lat="21.1831826" lon="72.9647222">
        <time>2017-11-24T05:24:43Z</time>
      </trkpt>
      <trkpt lat="21.1829736" lon="72.9646698">
        <time>2017-11-24T05:24:47Z</time>
      </trkpt>
      <trkpt lat="21.1827691" lon="72.9646172">
        <time>2017-11-24T05:24:51Z</time>
      </trkpt>
      <trkpt lat="21.1825772" lon="72.9645532">
        <time>2017-11-24T05:24:55Z</time>
      </trkpt>
      <trkpt lat="21.1823688" lon="72.9645138">
        <time>2017-11-24T05:24:59Z</time>
      </trkpt>
      <trkpt lat="21.1821594" lon="72.9644623">
        <time>2017-11-24T05:25:03Z</time>
      </trkpt>
      <trkpt lat="21.1819487" lon="72.9644088">
        <time>2017-11-24T05:25:07Z</time>
      </trkpt>
      <trkpt lat="21.1817493" lon="72.9643559">
        <time>2017-11-24T05:25:11Z</time>
      </trkpt>
      <trkpt lat="21.1815466" lon="72.9643063">
        <time>2017-11-24T05:25:15Z</time>
      </trkpt>
      <trkpt lat="21.1813431" lon="72.9642519">
        <time>2017-11-24T05:25:19Z</time>
      </trkpt>
      <trkpt lat="21.1811336" lon="72.9642059">
        <time>2017-11-24T05:25:23Z</time>
      </trkpt>
      <trkpt lat="21.1809309" lon="72.9641539">
        <time>2017-11-24T05:25:27Z</time>
      </trkpt>
      <trkpt lat="21.1807291" lon="72.9640986">
        <time>2017-11-24T05:25:31Z</time>
      </trkpt>
      <trkpt lat="21.1805318" lon="72.9640490">
        <time>2017-11-24T05:25:35Z</time>
      </trkpt>
      <trkpt lat="21.1803436" lon="72.9639931">
        <time>2017-11-24T05:25:39Z</time>
      </trkpt>
      <trkpt lat="21.1801586" lon="72.9639463">
        <time>2017-11-24T05:25:43Z</time>
      </trkpt>
      <trkpt lat="21.1799707" lon="72.9639038">
        <time>2017-11-24T05:25:47Z</time>
      </trkpt>
      <trkpt lat="21.1797821" lon="72.9638662">
        <time>2017-11-24T05:25:51Z</time>
      </trkpt>
      <trkpt lat="21.1795873" lon="72.9638265">
        <time>2017-11-24T05:25:55Z</time>
      </trkpt>
      <trkpt lat="21.1793953" lon="72.9637767">
        <time>2017-11-24T05:25:59Z</time>
      </trkpt>
      <trkpt lat="21.1791970" lon="72.9637553">
        <time>2017-11-24T05:26:03Z</time>
      </trkpt>
      <trkpt lat="21.1789744" lon="72.9637518">
        <time>2017-11-24T05:26:08Z</time>
      </trkpt>
      <trkpt lat="21.1787506" lon="72.9637481">
        <time>2017-11-24T05:26:13Z</time>
      </trkpt>
      <trkpt lat="21.1785304" lon="72.9637298">
        <time>2017-11-24T05:26:18Z</time>
      </trkpt>
      <trkpt lat="21.1783448" lon="72.9637182">
        <time>2017-11-24T05:26:22Z</time>
      </trkpt>
      <trkpt lat="21.1781585" lon="72.9636987">
        <time>2017-11-24T05:26:26Z</time>
      </trkpt>
      <trkpt lat="21.1779428" lon="72.9636807">
        <time>2017-11-24T05:26:31Z</time>
      </trkpt>
      <trkpt lat="21.1777623" lon="72.9636661">
        <time>2017-11-24T05:26:35Z</time>
      </trkpt>
      <trkpt lat="21.1775469" lon="72.9636572">
        <time>2017-11-24T05:26:40Z</time>
      </trkpt>
      <trkpt lat="21.1773406" lon="72.9636398">
        <time>2017-11-24T05:26:45Z</time>
      </trkpt>
      <trkpt lat="21.1771303" lon="72.9636310">
        <time>2017-11-24T05:26:50Z</time>
      </trkpt>
      <trkpt lat="21.1769191" lon="72.9636217">
        <time>2017-11-24T05:26:55Z</time>
      </trkpt>
      <trkpt lat="21.1767076" lon="72.9636044">
        <time>2017-11-24T05:27:00Z</time>
      </trkpt>
      <trkpt lat="21.1764940" lon="72.9635937">
        <time>2017-11-24T05:27:05Z</time>
      </trkpt>
      <trkpt lat="21.1762782" lon="72.9635780">
        <time>2017-11-24T05:27:10Z</time>
      </trkpt>
      <trkpt lat="21.1760658" lon="72.9635773">
        <time>2017-11-24T05:27:15Z</time>
      </trkpt>
      <trkpt lat="21.1758542" lon="72.9635703">
        <time>2017-11-24T05:27:20Z</time>
      </trkpt>
      <trkpt lat="21.1756396" lon="72.9635553">
        <time>2017-11-24T05:27:25Z</time>
      </trkpt>
      <trkpt lat="21.1754258" lon="72.9635364">
        <time>2017-11-24T05:27:30Z</time>
      </trkpt>
      <trkpt lat="21.1752091" lon="72.9635250">
        <time>2017-11-24T05:27:35Z</time>
      </trkpt>
      <trkpt lat="21.1750279" lon="72.9635191">
        <time>2017-11-24T05:27:39Z</time>
      </trkpt>
      <trkpt lat="21.1748378" lon="72.9635115">
        <time>2017-11-24T05:27:43Z</time>
      </trkpt>
      <trkpt lat="21.1746542" lon="72.9634967">
        <time>2017-11-24T05:27:47Z</time>
      </trkpt>
      <trkpt lat="21.1744752" lon="72.9634719">
        <time>2017-11-24T05:27:51Z</time>
      </trkpt>
      <trkpt lat="21.1742955" lon="72.9634449">
        <time>2017-11-24T05:27:55Z</time>
      </trkpt>
      <trkpt lat="21.1740727" lon="72.9634132">
        <time>2017-11-24T05:28:00Z</time>
      </trkpt>
      <trkpt lat="21.1738914" lon="72.9633826">
        <time>2017-11-24T05:28:04Z</time>
      </trkpt>
      <trkpt lat="21.1736718" lon="72.9633442">
        <time>2017-11-24T05:28:09Z</time>
      </trkpt>
      <trkpt lat="21.1734541" lon="72.9633072">
        <time>2017-11-24T05:28:14Z</time>
      </trkpt>
      <trkpt lat="21.1732439" lon="72.9632637">
        <time>2017-11-24T05:28:19Z</time>
      </trkpt>
      <trkpt lat="21.1730331" lon="72.9632307">
        <time>2017-11-24T05:28:24Z</time>
      </trkpt>
      <trkpt lat="21.1728181" lon="72.9631856">
        <time>2017-11-24T05:28:29Z</time>
      </trkpt>
      <trkpt lat="21.1726062" lon="72.9631442">
        <time>2017-11-24T05:28:34Z</time>
      </trkpt>
      <trkpt lat="21.1723975" lon="72.9630989">
        <time>2017-11-24T05:28:39Z</time>
      </trkpt>
      <trkpt lat="21.1721811" lon="72.9630538">
        <time>2017-11-24T05:28:44Z</time>
      </trkpt>
      <trkpt lat="21.1720019" lon="72.9630147">
        <time>2017-11-24T05:28:48Z</time>
      </trkpt>
      <trkpt lat="21.1717804" lon="72.9629667">
        <time>2017-11-24T05:28:53Z</time>
      </trkpt>
      <trkpt lat="21.1715953" lon="72.9629268">
        <time>2017-11-24T05:28:57Z</time>
      </trkpt>
      <trkpt lat="21.1714043" lon="72.9628871">
        <time>2017-11-24T05:29:01Z</time>
      </trkpt>
      <trkpt lat="21.1712052" lon="72.9628490">
        <time>2017-11-24T05:29:05Z</time>
      </trkpt>
      <trkpt lat="21.1710109" lon="72.9628103">
        <time>2017-11-24T05:29:09Z</time>
      </trkpt>
      <trkpt lat="21.1708167" lon="72.9627750">
        <time>2017-11-24T05:29:13Z</time>
      </trkpt>
      <trkpt lat="21.1706230" lon="72.9627396">
        <time>2017-11-24T05:29:17Z</time>
      </trkpt>
      <trkpt lat="21.1704284" lon="72.9627021">
        <time>2017-11-24T05:29:21Z</time>
      </trkpt>
      <trkpt lat="21.1702279" lon="72.9626676">
        <time>2017-11-24T05:29:25Z</time>
      </trkpt>
      <trkpt lat="21.1700128" lon="72.9626349">
        <time>2017-11-24T05:29:29Z</time>
      </trkpt>
      <trkpt lat="21.1697813" lon="72.9625884">
        <time>2017-11-24T05:29:33Z</time>
      </trkpt>
      <trkpt lat="21.1696014" lon="72.9625594">
        <time>2017-11-24T05:29:36Z</time>
      </trkpt>
      <trkpt lat="21.1694037" lon="72.9625274">
        <time>2017-11-24T05:29:39Z</time>
      </trkpt>
      <trkpt lat="21.1691968" lon="72.9624834">
        <time>2017-11-24T05:29:42Z</time>
      </trkpt>
      <trkpt lat="21.1689827" lon="72.9624367">
        <time>2017-11-24T05:29:45Z</time>
      </trkpt>
      <trkpt lat="21.1687660" lon="72.9623933">
        <time>2017-11-24T05:29:48Z</time>
      </trkpt>
      <trkpt lat="21.1685523" lon="72.9623544">
        <time>2017-11-24T05:29:51Z</time>
      </trkpt>
      <trkpt lat="21.1683469" lon="72.9623165">
        <time>2017-11-24T05:29:54Z</time>
      </trkpt>
      <trkpt lat="21.1681538" lon="72.9622863">
        <time>2017-11-24T05:29:57Z</time>
      </trkpt>
      <trkpt lat="21.1679768" lon="72.9622492">
        <time>2017-11-24T05:30:00Z</time>
      </trkpt>
      <trkpt lat="21.1677642" lon="72.9622063">
        <time>2017-11-24T05:30:04Z</time>
      </trkpt>
      <trkpt lat="21.1675768" lon="72.9621624">
        <time>2017-11-24T05:30:08Z</time>
      </trkpt>
      <trkpt lat="21.1673951" lon="72.9621259">
        <time>2017-11-24T05:30:12Z</time>
      </trkpt>
      <trkpt lat="21.1672006" lon="72.9621019">
        <time>2017-11-24T05:30:16Z</time>
      </trkpt>
      <trkpt lat="21.1669901" lon="72.9620657">
        <time>2017-11-24T05:30:21Z</time>
      </trkpt>
      <trkpt lat="21.1668073" lon="72.9620337">
        <time>2017-11-24T05:30:26Z</time>
      </trkpt>
      <trkpt lat="21.1666208" lon="72.9620014">
        <time>2017-11-24T05:30:31Z</time>
      </trkpt>
      <trkpt lat="21.1664213" lon="72.9619658">
        <time>2017-11-24T05:30:36Z</time>
      </trkpt>
      <trkpt lat="21.1662212" lon="72.9619336">
        <time>2017-11-24T05:30:41Z</time>
      </trkpt>
      <trkpt lat="21.1660202" lon="72.9618866">
        <time>2017-11-24T05:30:46Z</time>
      </trkpt>
      <trkpt lat="21.1658281" lon="72.9618432">
        <time>2017-11-24T05:30:50Z</time>
      </trkpt>
      <trkpt lat="21.1656352" lon="72.9618102">
        <time>2017-11-24T05:30:54Z</time>
      </trkpt>
      <trkpt lat="21.1654563" lon="72.9617842">
        <time>2017-11-24T05:30:58Z</time>
      </trkpt>
      <trkpt lat="21.1652713" lon="72.9617525">
        <time>2017-11-24T05:31:02Z</time>
      </trkpt>
      <trkpt lat="21.1650807" lon="72.9617243">
        <time>2017-11-24T05:31:06Z</time>
      </trkpt>
      <trkpt lat="21.1648878" lon="72.9616921">
        <time>2017-11-24T05:31:10Z</time>
      </trkpt>
      <trkpt lat="21.1646913" lon="72.9616663">
        <time>2017-11-24T05:31:14Z</time>
      </trkpt>
      <trkpt lat="21.1644953" lon="72.9616351">
        <time>2017-11-24T05:31:18Z</time>
      </trkpt>
      <trkpt lat="21.1642987" lon="72.9616073">
        <time>2017-11-24T05:31:22Z</time>
      </trkpt>
      <trkpt lat="21.1641031" lon="72.9615671">
        <time>2017-11-24T05:31:26Z</time>
      </trkpt>
      <trkpt lat="21.1638991" lon="72.9615339">
        <time>2017-11-24T05:31:30Z</time>
      </trkpt>
      <trkpt lat="21.1636859" lon="72.9615202">
        <time>2017-11-24T05:31:34Z</time>
      </trkpt>
      <trkpt lat="21.1634729" lon="72.9614995">
        <time>2017-11-24T05:31:38Z</time>
      </trkpt>
      <trkpt lat="21.1632551" lon="72.9614774">
        <time>2017-11-24T05:31:42Z</time>
      </trkpt>
      <trkpt lat="21.1630337" lon="72.9614496">
        <time>2017-11-24T05:31:46Z</time>
      </trkpt>
      <trkpt lat="21.1628279" lon="72.9614321">
        <time>2017-11-24T05:31:50Z</time>
      </trkpt>
      <trkpt lat="21.1626180" lon="72.9614589">
        <time>2017-11-24T05:31:54Z</time>
      </trkpt>
      <trkpt lat="21.1623943" lon="72.9614867">
        <time>2017-11-24T05:31:58Z</time>
      </trkpt>
      <trkpt lat="21.1621764" lon="72.9615194">
        <time>2017-11-24T05:32:02Z</time>
      </trkpt>
      <trkpt lat="21.1619663" lon="72.9615607">
        <time>2017-11-24T05:32:06Z</time>
      </trkpt>
      <trkpt lat="21.1617653" lon="72.9616081">
        <time>2017-11-24T05:32:10Z</time>
      </trkpt>
      <trkpt lat="21.1615625" lon="72.9616780">
        <time>2017-11-24T05:32:14Z</time>
      </trkpt>
      <trkpt lat="21.1613632" lon="72.9617622">
        <time>2017-11-24T05:32:18Z</time>
      </trkpt>
      <trkpt lat="21.1611700" lon="72.9618480">
        <time>2017-11-24T05:32:22Z</time>
      </trkpt>
      <trkpt lat="21.1609810" lon="72.9619398">
        <time>2017-11-24T05:32:26Z</time>
      </trkpt>
      <trkpt lat="21.1607984" lon="72.9620346">
        <time>2017-11-24T05:32:30Z</time>
      </trkpt>
      <trkpt lat="21.1606263" lon="72.9621292">
        <time>2017-11-24T05:32:34Z</time>
      </trkpt>
      <trkpt lat="21.1604604" lon="72.9622255">
        <time>2017-11-24T05:32:38Z</time>
      </trkpt>
      <trkpt lat="21.1603054" lon="72.9623289">
        <time>2017-11-24T05:32:42Z</time>
      </trkpt>
      <trkpt lat="21.1601116" lon="72.9624422">
        <time>2017-11-24T05:32:47Z</time>
      </trkpt>
      <trkpt lat="21.1599273" lon="72.9625528">
        <time>2017-11-24T05:32:52Z</time>
      </trkpt>
      <trkpt lat="21.1597512" lon="72.9626560">
        <time>2017-11-24T05:32:57Z</time>
      </trkpt>
      <trkpt lat="21.1595775" lon="72.9627544">
        <time>2017-11-24T05:33:02Z</time>
      </trkpt>
      <trkpt lat="21.1594008" lon="72.9628519">
        <time>2017-11-24T05:33:07Z</time>
      </trkpt>
      <trkpt lat="21.1592257" lon="72.9629621">
        <time>2017-11-24T05:33:12Z</time>
      </trkpt>
      <trkpt lat="21.1590420" lon="72.9630704">
        <time>2017-11-24T05:33:17Z</time>
      </trkpt>
      <trkpt lat="21.1588614" lon="72.9631838">
        <time>2017-11-24T05:33:22Z</time>
      </trkpt>
      <trkpt lat="21.1586830" lon="72.9632938">
        <time>2017-11-24T05:33:27Z</time>
      </trkpt>
      <trkpt lat="21.1585052" lon="72.9633950">
        <time>2017-11-24T05:33:32Z</time>
      </trkpt>
      <trkpt lat="21.1583248" lon="72.9634921">
        <time>2017-11-24T05:33:37Z</time>
      </trkpt>
      <trkpt lat="21.1581386" lon="72.9635816">
        <time>2017-11-24T05:33:42Z</time>
      </trkpt>
      <trkpt lat="21.1579452" lon="72.9636557">
        <time>2017-11-24T05:33:47Z</time>
      </trkpt>
      <trkpt lat="21.1577482" lon="72.9637186">
        <time>2017-11-24T05:33:52Z</time>
      </trkpt>
      <trkpt lat="21.1575492" lon="72.9637712">
        <time>2017-11-24T05:33:57Z</time>
      </trkpt>
      <trkpt lat="21.1573420" lon="72.9638158">
        <time>2017-11-24T05:34:02Z</time>
      </trkpt>
      <trkpt lat="21.1571303" lon="72.9638540">
        <time>2017-11-24T05:34:07Z</time>
      </trkpt>
      <trkpt lat="21.1569145" lon="72.9638855">
        <time>2017-11-24T05:34:12Z</time>
      </trkpt>
      <trkpt lat="21.1566969" lon="72.9639124">
        <time>2017-11-24T05:34:17Z</time>
      </trkpt>
      <trkpt lat="21.1564955" lon="72.9639337">
        <time>2017-11-24T05:34:22Z</time>
      </trkpt>
      <trkpt lat="21.1562859" lon="72.9639532">
        <time>2017-11-24T05:34:27Z</time>
      </trkpt>
      <trkpt lat="21.1560637" lon="72.9639762">
        <time>2017-11-24T05:34:32Z</time>
      </trkpt>
      <trkpt lat="21.1558414" lon="72.9640090">
        <time>2017-11-24T05:34:37Z</time>
      </trkpt>
      <trkpt lat="21.1556568" lon="72.9640360">
        <time>2017-11-24T05:34:41Z</time>
      </trkpt>
      <trkpt lat="21.1554627" lon="72.9640614">
        <time>2017-11-24T05:34:45Z</time>
      </trkpt>
      <trkpt lat="21.1552602" lon="72.9640868">
        <time>2017-11-24T05:34:49Z</time>
      </trkpt>
      <trkpt lat="21.1550600" lon="72.9641076">
        <time>2017-11-24T05:34:53Z</time>
      </trkpt>
      <trkpt lat="21.1548678" lon="72.9641326">
        <time>2017-11-24T05:34:57Z</time>
      </trkpt>
      <trkpt lat="21.1546667" lon="72.9641559">
        <time>2017-11-24T05:35:01Z</time>
      </trkpt>
      <trkpt lat="21.1544637" lon="72.9641803">
        <time>2017-11-24T05:35:05Z</time>
      </trkpt>
      <trkpt lat="21.1542668" lon="72.9642017">
        <time>2017-11-24T05:35:09Z</time>
      </trkpt>
      <trkpt lat="21.1540730" lon="72.9642233">
        <time>2017-11-24T05:35:13Z</time>
      </trkpt>
      <trkpt lat="21.1538793" lon="72.9642408">
        <time>2017-11-24T05:35:17Z</time>
      </trkpt>
      <trkpt lat="21.1536905" lon="72.9642658">
        <time>2017-11-24T05:35:21Z</time>
      </trkpt>
      <trkpt lat="21.1535008" lon="72.9642888">
        <time>2017-11-24T05:35:26Z</time>
      </trkpt>
      <trkpt lat="21.1532981" lon="72.9643044">
        <time>2017-11-24T05:35:31Z</time>
      </trkpt>
      <trkpt lat="21.1530908" lon="72.9643237">
        <time>2017-11-24T05:35:36Z</time>
      </trkpt>
      <trkpt lat="21.1529045" lon="72.9643340">
        <time>2017-11-24T05:35:41Z</time>
      </trkpt>
      <trkpt lat="21.1527113" lon="72.9643510">
        <time>2017-11-24T05:35:46Z</time>
      </trkpt>
      <trkpt lat="21.1525096" lon="72.9643700">
        <time>2017-11-24T05:35:51Z</time>
      </trkpt>
      <trkpt lat="21.1522973" lon="72.9643907">
        <time>2017-11-24T05:35:56Z</time>
      </trkpt>
      <trkpt lat="21.1521176" lon="72.9644084">
        <time>2017-11-24T05:36:00Z</time>
      </trkpt>
      <trkpt lat="21.1519225" lon="72.9644338">
        <time>2017-11-24T05:36:04Z</time>
      </trkpt>
      <trkpt lat="21.1517150" lon="72.9644546">
        <time>2017-11-24T05:36:08Z</time>
      </trkpt>
      <trkpt lat="21.1514988" lon="72.9644737">
        <time>2017-11-24T05:36:12Z</time>
      </trkpt>
      <trkpt lat="21.1512716" lon="72.9645011">
        <time>2017-11-24T05:36:16Z</time>
      </trkpt>
      <trkpt lat="21.1510928" lon="72.9645239">
        <time>2017-11-24T05:36:19Z</time>
      </trkpt>
      <trkpt lat="21.1509124" lon="72.9645449">
        <time>2017-11-24T05:36:22Z</time>
      </trkpt>
      <trkpt lat="21.1507318" lon="72.9645670">
        <time>2017-11-24T05:36:25Z</time>
      </trkpt>
      <trkpt lat="21.1505524" lon="72.9645898">
        <time>2017-11-24T05:36:28Z</time>
      </trkpt>
      <trkpt lat="21.1503237" lon="72.9646216">
        <time>2017-11-24T05:36:32Z</time>
      </trkpt>
      <trkpt lat="21.1501118" lon="72.9646451">
        <time>2017-11-24T05:36:36Z</time>
      </trkpt>
      <trkpt lat="21.1499259" lon="72.9646617">
        <time>2017-11-24T05:36:40Z</time>
      </trkpt>
      <trkpt lat="21.1497447" lon="72.9646783">
        <time>2017-11-24T05:36:44Z</time>
      </trkpt>
      <trkpt lat="21.1495273" lon="72.9646973">
        <time>2017-11-24T05:36:49Z</time>
      </trkpt>
      <trkpt lat="21.1493142" lon="72.9647210">
        <time>2017-11-24T05:36:54Z</time>
      </trkpt>
      <trkpt lat="21.1491342" lon="72.9647412">
        <time>2017-11-24T05:36:58Z</time>
      </trkpt>
      <trkpt lat="21.1489507" lon="72.9647652">
        <time>2017-11-24T05:37:02Z</time>
      </trkpt>
      <trkpt lat="21.1487595" lon="72.9647886">
        <time>2017-11-24T05:37:06Z</time>
      </trkpt>
      <trkpt lat="21.1485628" lon="72.9648104">
        <time>2017-11-24T05:37:10Z</time>
      </trkpt>
      <trkpt lat="21.1483647" lon="72.9648320">
        <time>2017-11-24T05:37:14Z</time>
      </trkpt>
      <trkpt lat="21.1481775" lon="72.9648481">
        <time>2017-11-24T05:37:18Z</time>
      </trkpt>
      <trkpt lat="21.1479941" lon="72.9648663">
        <time>2017-11-24T05:37:22Z</time>
      </trkpt>
      <trkpt lat="21.1478098" lon="72.9648915">
        <time>2017-11-24T05:37:26Z</time>
      </trkpt>
      <trkpt lat="21.1476150" lon="72.9649198">
        <time>2017-11-24T05:37:30Z</time>
      </trkpt>
      <trkpt lat="21.1474187" lon="72.9649400">
        <time>2017-11-24T05:37:34Z</time>
      </trkpt>
      <trkpt lat="21.1472229" lon="72.9649656">
        <time>2017-11-24T05:37:38Z</time>
      </trkpt>
      <trkpt lat="21.1470333" lon="72.9649840">
        <time>2017-11-24T05:37:42Z</time>
      </trkpt>
      <trkpt lat="21.1468511" lon="72.9649976">
        <time>2017-11-24T05:37:46Z</time>
      </trkpt>
      <trkpt lat="21.1466362" lon="72.9650225">
        <time>2017-11-24T05:37:51Z</time>
      </trkpt>
      <trkpt lat="21.1464560" lon="72.9650461">
        <time>2017-11-24T05:37:55Z</time>
      </trkpt>
      <trkpt lat="21.1462730" lon="72.9650662">
        <time>2017-11-24T05:37:59Z</time>
      </trkpt>
      <trkpt lat="21.1460909" lon="72.9650775">
        <time>2017-11-24T05:38:03Z</time>
      </trkpt>
      <trkpt lat="21.1459087" lon="72.9650972">
        <time>2017-11-24T05:38:07Z</time>
      </trkpt>
      <trkpt lat="21.1457286" lon="72.9651101">
        <time>2017-11-24T05:38:11Z</time>
      </trkpt>
      <trkpt lat="21.1455156" lon="72.9651382">
        <time>2017-11-24T05:38:16Z</time>
      </trkpt>
      <trkpt lat="21.1453329" lon="72.9651573">
        <time>2017-11-24T05:38:20Z</time>
      </trkpt>
      <trkpt lat="21.1451412" lon="72.9651792">
        <time>2017-11-24T05:38:24Z</time>
      </trkpt>
      <trkpt lat="21.1449530" lon="72.9651954">
        <time>2017-11-24T05:38:28Z</time>
      </trkpt>
      <trkpt lat="21.1447738" lon="72.9652188">
        <time>2017-11-24T05:38:33Z</time>
      </trkpt>
      <trkpt lat="21.1445911" lon="72.9652318">
        <time>2017-11-24T05:41:04Z</time>
      </trkpt>
      <trkpt lat="21.1444003" lon="72.9652451">
        <time>2017-11-24T05:41:09Z</time>
      </trkpt>
      <trkpt lat="21.1441945" lon="72.9652712">
        <time>2017-11-24T05:41:14Z</time>
      </trkpt>
      <trkpt lat="21.1439761" lon="72.9652899">
        <time>2017-11-24T05:41:19Z</time>
      </trkpt>
      <trkpt lat="21.1437942" lon="72.9653117">
        <time>2017-11-24T05:41:23Z</time>
      </trkpt>
      <trkpt lat="21.1436107" lon="72.9653279">
        <time>2017-11-24T05:41:27Z</time>
      </trkpt>
      <trkpt lat="21.1434235" lon="72.9653492">
        <time>2017-11-24T05:41:31Z</time>
      </trkpt>
      <trkpt lat="21.1432280" lon="72.9653825">
        <time>2017-11-24T05:41:35Z</time>
      </trkpt>
      <trkpt lat="21.1430330" lon="72.9654232">
        <time>2017-11-24T05:41:39Z</time>
      </trkpt>
      <trkpt lat="21.1428336" lon="72.9654634">
        <time>2017-11-24T05:41:43Z</time>
      </trkpt>
      <trkpt lat="21.1426328" lon="72.9655187">
        <time>2017-11-24T05:41:47Z</time>
      </trkpt>
      <trkpt lat="21.1424388" lon="72.9655812">
        <time>2017-11-24T05:41:51Z</time>
      </trkpt>
      <trkpt lat="21.1422456" lon="72.9656582">
        <time>2017-11-24T05:41:55Z</time>
      </trkpt>
      <trkpt lat="21.1420549" lon="72.9657415">
        <time>2017-11-24T05:41:59Z</time>
      </trkpt>
      <trkpt lat="21.1418709" lon="72.9658347">
        <time>2017-11-24T05:42:03Z</time>
      </trkpt>
      <trkpt lat="21.1416939" lon="72.9659301">
        <time>2017-11-24T05:42:07Z</time>
      </trkpt>
      <trkpt lat="21.1415244" lon="72.9660366">
        <time>2017-11-24T05:42:11Z</time>
      </trkpt>
      <trkpt lat="21.1413611" lon="72.9661503">
        <time>2017-11-24T05:42:15Z</time>
      </trkpt>
      <trkpt lat="21.1411945" lon="72.9662702">
        <time>2017-11-24T05:42:19Z</time>
      </trkpt>
      <trkpt lat="21.1410302" lon="72.9663926">
        <time>2017-11-24T05:42:23Z</time>
      </trkpt>
      <trkpt lat="21.1408706" lon="72.9665185">
        <time>2017-11-24T05:42:27Z</time>
      </trkpt>
      <trkpt lat="21.1407126" lon="72.9666507">
        <time>2017-11-24T05:42:31Z</time>
      </trkpt>
      <trkpt lat="21.1405489" lon="72.9667824">
        <time>2017-11-24T05:42:35Z</time>
      </trkpt>
      <trkpt lat="21.1403887" lon="72.9669205">
        <time>2017-11-24T05:42:39Z</time>
      </trkpt>
      <trkpt lat="21.1402307" lon="72.9670552">
        <time>2017-11-24T05:42:43Z</time>
      </trkpt>
      <trkpt lat="21.1400623" lon="72.9671766">
        <time>2017-11-24T05:42:47Z</time>
      </trkpt>
      <trkpt lat="21.1398922" lon="72.9672989">
        <time>2017-11-24T05:42:51Z</time>
      </trkpt>
      <trkpt lat="21.1397147" lon="72.9674123">
        <time>2017-11-24T05:42:55Z</time>
      </trkpt>
      <trkpt lat="21.1395369" lon="72.9675154">
        <time>2017-11-24T05:42:59Z</time>
      </trkpt>
      <trkpt lat="21.1393586" lon="72.9676065">
        <time>2017-11-24T05:43:03Z</time>
      </trkpt>
      <trkpt lat="21.1391730" lon="72.9676826">
        <time>2017-11-24T05:43:07Z</time>
      </trkpt>
      <trkpt lat="21.1389614" lon="72.9677608">
        <time>2017-11-24T05:43:12Z</time>
      </trkpt>
      <trkpt lat="21.1387708" lon="72.9678105">
        <time>2017-11-24T05:43:16Z</time>
      </trkpt>
      <trkpt lat="21.1385742" lon="72.9678615">
        <time>2017-11-24T05:43:20Z</time>
      </trkpt>
      <trkpt lat="21.1383567" lon="72.9679149">
        <time>2017-11-24T05:43:24Z</time>
      </trkpt>
      <trkpt lat="21.1381458" lon="72.9679651">
        <time>2017-11-24T05:43:28Z</time>
      </trkpt>
      <trkpt lat="21.1379437" lon="72.9680121">
        <time>2017-11-24T05:43:32Z</time>
      </trkpt>
      <trkpt lat="21.1377449" lon="72.9680500">
        <time>2017-11-24T05:43:36Z</time>
      </trkpt>
      <trkpt lat="21.1375503" lon="72.9680926">
        <time>2017-11-24T05:43:40Z</time>
      </trkpt>
      <trkpt lat="21.1373581" lon="72.9681361">
        <time>2017-11-24T05:43:44Z</time>
      </trkpt>
      <trkpt lat="21.1371654" lon="72.9681773">
        <time>2017-11-24T05:43:48Z</time>
      </trkpt>
      <trkpt lat="21.1369710" lon="72.9682196">
        <time>2017-11-24T05:43:52Z</time>
      </trkpt>
      <trkpt lat="21.1367794" lon="72.9682666">
        <time>2017-11-24T05:43:56Z</time>
      </trkpt>
      <trkpt lat="21.1365858" lon="72.9683119">
        <time>2017-11-24T05:44:00Z</time>
      </trkpt>
      <trkpt lat="21.1363932" lon="72.9683692">
        <time>2017-11-24T05:44:04Z</time>
      </trkpt>
      <trkpt lat="21.1361998" lon="72.9684212">
        <time>2017-11-24T05:44:08Z</time>
      </trkpt>
      <trkpt lat="21.1360025" lon="72.9684741">
        <time>2017-11-24T05:44:12Z</time>
      </trkpt>
      <trkpt lat="21.1358053" lon="72.9685158">
        <time>2017-11-24T05:44:16Z</time>
      </trkpt>
      <trkpt lat="21.1356028" lon="72.9685629">
        <time>2017-11-24T05:44:20Z</time>
      </trkpt>
      <trkpt lat="21.1354034" lon="72.9686133">
        <time>2017-11-24T05:44:24Z</time>
      </trkpt>
      <trkpt lat="21.1352066" lon="72.9686657">
        <time>2017-11-24T05:44:28Z</time>
      </trkpt>
      <trkpt lat="21.1350081" lon="72.9687172">
        <time>2017-11-24T05:44:32Z</time>
      </trkpt>
      <trkpt lat="21.1348135" lon="72.9687650">
        <time>2017-11-24T05:44:36Z</time>
      </trkpt>
      <trkpt lat="21.1346186" lon="72.9688139">
        <time>2017-11-24T05:44:40Z</time>
      </trkpt>
      <trkpt lat="21.1344206" lon="72.9688608">
        <time>2017-11-24T05:44:44Z</time>
      </trkpt>
      <trkpt lat="21.1342190" lon="72.9689100">
        <time>2017-11-24T05:44:48Z</time>
      </trkpt>
      <trkpt lat="21.1340237" lon="72.9689571">
        <time>2017-11-24T05:44:52Z</time>
      </trkpt>
      <trkpt lat="21.1338309" lon="72.9690063">
        <time>2017-11-24T05:44:56Z</time>
      </trkpt>
      <trkpt lat="21.1336397" lon="72.9690652">
        <time>2017-11-24T05:45:00Z</time>
      </trkpt>
      <trkpt lat="21.1334487" lon="72.9691315">
        <time>2017-11-24T05:45:04Z</time>
      </trkpt>
      <trkpt lat="21.1332624" lon="72.9692055">
        <time>2017-11-24T05:45:08Z</time>
      </trkpt>
      <trkpt lat="21.1330775" lon="72.9692798">
        <time>2017-11-24T05:45:12Z</time>
      </trkpt>
      <trkpt lat="21.1329013" lon="72.9693564">
        <time>2017-11-24T05:45:16Z</time>
      </trkpt>
      <trkpt lat="21.1327214" lon="72.9694265">
        <time>2017-11-24T05:45:20Z</time>
      </trkpt>
      <trkpt lat="21.1325443" lon="72.9695085">
        <time>2017-11-24T05:45:24Z</time>
      </trkpt>
      <trkpt lat="21.1323660" lon="72.9695884">
        <time>2017-11-24T05:45:28Z</time>
      </trkpt>
      <trkpt lat="21.1321910" lon="72.9696592">
        <time>2017-11-24T05:45:32Z</time>
      </trkpt>
      <trkpt lat="21.1320207" lon="72.9697319">
        <time>2017-11-24T05:45:36Z</time>
      </trkpt>
      <trkpt lat="21.1318517" lon="72.9698086">
        <time>2017-11-24T05:45:40Z</time>
      </trkpt>
      <trkpt lat="21.1316772" lon="72.9698802">
        <time>2017-11-24T05:45:44Z</time>
      </trkpt>
      <trkpt lat="21.1314713" lon="72.9699709">
        <time>2017-11-24T05:45:49Z</time>
      </trkpt>
      <trkpt lat="21.1312990" lon="72.9700413">
        <time>2017-11-24T05:45:53Z</time>
      </trkpt>
      <trkpt lat="21.1311270" lon="72.9701134">
        <time>2017-11-24T05:45:57Z</time>
      </trkpt>
      <trkpt lat="21.1309518" lon="72.9701877">
        <time>2017-11-24T05:46:01Z</time>
      </trkpt>
      <trkpt lat="21.1307788" lon="72.9702642">
        <time>2017-11-24T05:46:05Z</time>
      </trkpt>
      <trkpt lat="21.1306066" lon="72.9703380">
        <time>2017-11-24T05:46:09Z</time>
      </trkpt>
      <trkpt lat="21.1304005" lon="72.9704230">
        <time>2017-11-24T05:46:14Z</time>
      </trkpt>
      <trkpt lat="21.1302017" lon="72.9705084">
        <time>2017-11-24T05:46:19Z</time>
      </trkpt>
      <trkpt lat="21.1299978" lon="72.9705952">
        <time>2017-11-24T05:46:24Z</time>
      </trkpt>
      <trkpt lat="21.1297926" lon="72.9706784">
        <time>2017-11-24T05:46:29Z</time>
      </trkpt>
      <trkpt lat="21.1296219" lon="72.9707501">
        <time>2017-11-24T05:46:33Z</time>
      </trkpt>
      <trkpt lat="21.1294463" lon="72.9708239">
        <time>2017-11-24T05:46:37Z</time>
      </trkpt>
      <trkpt lat="21.1292690" lon="72.9709019">
        <time>2017-11-24T05:46:41Z</time>
      </trkpt>
      <trkpt lat="21.1290873" lon="72.9709781">
        <time>2017-11-24T05:46:45Z</time>
      </trkpt>
      <trkpt lat="21.1289098" lon="72.9710484">
        <time>2017-11-24T05:46:49Z</time>
      </trkpt>
      <trkpt lat="21.1287322" lon="72.9711073">
        <time>2017-11-24T05:46:53Z</time>
      </trkpt>
      <trkpt lat="21.1285573" lon="72.9711628">
        <time>2017-11-24T05:46:57Z</time>
      </trkpt>
      <trkpt lat="21.1283858" lon="72.9712238">
        <time>2017-11-24T05:47:02Z</time>
      </trkpt>
      <trkpt lat="21.1281828" lon="72.9712928">
        <time>2017-11-24T05:47:07Z</time>
      </trkpt>
      <trkpt lat="21.1280122" lon="72.9713592">
        <time>2017-11-24T05:47:11Z</time>
      </trkpt>
      <trkpt lat="21.1278329" lon="72.9714245">
        <time>2017-11-24T05:47:15Z</time>
      </trkpt>
      <trkpt lat="21.1276489" lon="72.9714859">
        <time>2017-11-24T05:47:19Z</time>
      </trkpt>
      <trkpt lat="21.1274593" lon="72.9715501">
        <time>2017-11-24T05:47:23Z</time>
      </trkpt>
      <trkpt lat="21.1272717" lon="72.9716148">
        <time>2017-11-24T05:47:27Z</time>
      </trkpt>
      <trkpt lat="21.1270846" lon="72.9716765">
        <time>2017-11-24T05:47:31Z</time>
      </trkpt>
      <trkpt lat="21.1269018" lon="72.9717359">
        <time>2017-11-24T05:47:35Z</time>
      </trkpt>
      <trkpt lat="21.1267218" lon="72.9717956">
        <time>2017-11-24T05:47:39Z</time>
      </trkpt>
      <trkpt lat="21.1265431" lon="72.9718585">
        <time>2017-11-24T05:47:43Z</time>
      </trkpt>
      <trkpt lat="21.1263605" lon="72.9719169">
        <time>2017-11-24T05:47:47Z</time>
      </trkpt>
      <trkpt lat="21.1261785" lon="72.9719793">
        <time>2017-11-24T05:47:51Z</time>
      </trkpt>
      <trkpt lat="21.1259956" lon="72.9720473">
        <time>2017-11-24T05:47:55Z</time>
      </trkpt>
      <trkpt lat="21.1258154" lon="72.9721170">
        <time>2017-11-24T05:47:59Z</time>
      </trkpt>
      <trkpt lat="21.1256458" lon="72.9721888">
        <time>2017-11-24T05:48:03Z</time>
      </trkpt>
      <trkpt lat="21.1254774" lon="72.9722603">
        <time>2017-11-24T05:48:07Z</time>
      </trkpt>
      <trkpt lat="21.1253040" lon="72.9723303">
        <time>2017-11-24T05:48:11Z</time>
      </trkpt>
      <trkpt lat="21.1251301" lon="72.9724015">
        <time>2017-11-24T05:48:15Z</time>
      </trkpt>
      <trkpt lat="21.1249539" lon="72.9724759">
        <time>2017-11-24T05:48:19Z</time>
      </trkpt>
      <trkpt lat="21.1247724" lon="72.9725477">
        <time>2017-11-24T05:48:23Z</time>
      </trkpt>
      <trkpt lat="21.1245926" lon="72.9726246">
        <time>2017-11-24T05:48:27Z</time>
      </trkpt>
      <trkpt lat="21.1244056" lon="72.9727014">
        <time>2017-11-24T05:48:31Z</time>
      </trkpt>
      <trkpt lat="21.1242113" lon="72.9727819">
        <time>2017-11-24T05:48:35Z</time>
      </trkpt>
      <trkpt lat="21.1240127" lon="72.9728682">
        <time>2017-11-24T05:48:39Z</time>
      </trkpt>
      <trkpt lat="21.1238078" lon="72.9729533">
        <time>2017-11-24T05:48:43Z</time>
      </trkpt>
      <trkpt lat="21.1236069" lon="72.9730407">
        <time>2017-11-24T05:48:47Z</time>
      </trkpt>
      <trkpt lat="21.1234078" lon="72.9731273">
        <time>2017-11-24T05:48:51Z</time>
      </trkpt>
      <trkpt lat="21.1232063" lon="72.9732075">
        <time>2017-11-24T05:48:55Z</time>
      </trkpt>
      <trkpt lat="21.1230070" lon="72.9732859">
        <time>2017-11-24T05:48:59Z</time>
      </trkpt>
      <trkpt lat="21.1228109" lon="72.9733657">
        <time>2017-11-24T05:49:03Z</time>
      </trkpt>
      <trkpt lat="21.1226236" lon="72.9734665">
        <time>2017-11-24T05:49:07Z</time>
      </trkpt>
      <trkpt lat="21.1224339" lon="72.9735671">
        <time>2017-11-24T05:49:11Z</time>
      </trkpt>
      <trkpt lat="21.1222420" lon="72.9736659">
        <time>2017-11-24T05:49:15Z</time>
      </trkpt>
      <trkpt lat="21.1220508" lon="72.9737465">
        <time>2017-11-24T05:49:19Z</time>
      </trkpt>
      <trkpt lat="21.1218657" lon="72.9738234">
        <time>2017-11-24T05:49:23Z</time>
      </trkpt>
      <trkpt lat="21.1216817" lon="72.9738990">
        <time>2017-11-24T05:49:27Z</time>
      </trkpt>
      <trkpt lat="21.1214977" lon="72.9739740">
        <time>2017-11-24T05:49:31Z</time>
      </trkpt>
      <trkpt lat="21.1213168" lon="72.9740503">
        <time>2017-11-24T05:49:35Z</time>
      </trkpt>
      <trkpt lat="21.1211319" lon="72.9741219">
        <time>2017-11-24T05:49:39Z</time>
      </trkpt>
      <trkpt lat="21.1209450" lon="72.9741966">
        <time>2017-11-24T05:49:43Z</time>
      </trkpt>
      <trkpt lat="21.1207563" lon="72.9742734">
        <time>2017-11-24T05:49:47Z</time>
      </trkpt>
      <trkpt lat="21.1205621" lon="72.9743516">
        <time>2017-11-24T05:49:51Z</time>
      </trkpt>
      <trkpt lat="21.1203684" lon="72.9744323">
        <time>2017-11-24T05:49:55Z</time>
      </trkpt>
      <trkpt lat="21.1201762" lon="72.9745155">
        <time>2017-11-24T05:49:59Z</time>
      </trkpt>
      <trkpt lat="21.1199829" lon="72.9745983">
        <time>2017-11-24T05:50:03Z</time>
      </trkpt>
      <trkpt lat="21.1197978" lon="72.9746760">
        <time>2017-11-24T05:50:07Z</time>
      </trkpt>
      <trkpt lat="21.1196160" lon="72.9747525">
        <time>2017-11-24T05:50:11Z</time>
      </trkpt>
      <trkpt lat="21.1194296" lon="72.9748308">
        <time>2017-11-24T05:50:15Z</time>
      </trkpt>
      <trkpt lat="21.1192370" lon="72.9749073">
        <time>2017-11-24T05:50:19Z</time>
      </trkpt>
      <trkpt lat="21.1190440" lon="72.9749919">
        <time>2017-11-24T05:50:23Z</time>
      </trkpt>
      <trkpt lat="21.1188479" lon="72.9750729">
        <time>2017-11-24T05:50:27Z</time>
      </trkpt>
      <trkpt lat="21.1186551" lon="72.9751521">
        <time>2017-11-24T05:50:31Z</time>
      </trkpt>
      <trkpt lat="21.1184637" lon="72.9752308">
        <time>2017-11-24T05:50:35Z</time>
      </trkpt>
      <trkpt lat="21.1182740" lon="72.9753069">
        <time>2017-11-24T05:50:39Z</time>
      </trkpt>
      <trkpt lat="21.1180859" lon="72.9753844">
        <time>2017-11-24T05:50:43Z</time>
      </trkpt>
      <trkpt lat="21.1178972" lon="72.9754672">
        <time>2017-11-24T05:50:47Z</time>
      </trkpt>
      <trkpt lat="21.1177048" lon="72.9755440">
        <time>2017-11-24T05:50:51Z</time>
      </trkpt>
      <trkpt lat="21.1175116" lon="72.9756223">
        <time>2017-11-24T05:50:55Z</time>
      </trkpt>
      <trkpt lat="21.1173212" lon="72.9757003">
        <time>2017-11-24T05:50:59Z</time>
      </trkpt>
      <trkpt lat="21.1171321" lon="72.9757793">
        <time>2017-11-24T05:51:03Z</time>
      </trkpt>
      <trkpt lat="21.1169443" lon="72.9758580">
        <time>2017-11-24T05:51:07Z</time>
      </trkpt>
      <trkpt lat="21.1167550" lon="72.9759331">
        <time>2017-11-24T05:51:11Z</time>
      </trkpt>
      <trkpt lat="21.1165708" lon="72.9760029">
        <time>2017-11-24T05:51:15Z</time>
      </trkpt>
      <trkpt lat="21.1163918" lon="72.9760830">
        <time>2017-11-24T05:51:19Z</time>
      </trkpt>
      <trkpt lat="21.1162084" lon="72.9761669">
        <time>2017-11-24T05:51:23Z</time>
      </trkpt>
      <trkpt lat="21.1160310" lon="72.9762483">
        <time>2017-11-24T05:51:27Z</time>
      </trkpt>
      <trkpt lat="21.1158547" lon="72.9763219">
        <time>2017-11-24T05:51:31Z</time>
      </trkpt>
      <trkpt lat="21.1156868" lon="72.9763968">
        <time>2017-11-24T05:51:35Z</time>
      </trkpt>
      <trkpt lat="21.1154886" lon="72.9764796">
        <time>2017-11-24T05:51:40Z</time>
      </trkpt>
      <trkpt lat="21.1152869" lon="72.9765545">
        <time>2017-11-24T05:51:45Z</time>
      </trkpt>
      <trkpt lat="21.1150756" lon="72.9766184">
        <time>2017-11-24T05:51:50Z</time>
      </trkpt>
      <trkpt lat="21.1148635" lon="72.9766783">
        <time>2017-11-24T05:51:55Z</time>
      </trkpt>
      <trkpt lat="21.1146524" lon="72.9767075">
        <time>2017-11-24T05:52:00Z</time>
      </trkpt>
      <trkpt lat="21.1144632" lon="72.9767341">
        <time>2017-11-24T05:52:05Z</time>
      </trkpt>
      <trkpt lat="21.1142680" lon="72.9767478">
        <time>2017-11-24T05:52:10Z</time>
      </trkpt>
      <trkpt lat="21.1140536" lon="72.9767459">
        <time>2017-11-24T05:52:15Z</time>
      </trkpt>
      <trkpt lat="21.1138337" lon="72.9767410">
        <time>2017-11-24T05:52:20Z</time>
      </trkpt>
      <trkpt lat="21.1136463" lon="72.9767219">
        <time>2017-11-24T05:52:24Z</time>
      </trkpt>
      <trkpt lat="21.1134564" lon="72.9766960">
        <time>2017-11-24T05:52:28Z</time>
      </trkpt>
      <trkpt lat="21.1132670" lon="72.9766694">
        <time>2017-11-24T05:52:32Z</time>
      </trkpt>
      <trkpt lat="21.1130741" lon="72.9766462">
        <time>2017-11-24T05:52:36Z</time>
      </trkpt>
      <trkpt lat="21.1128801" lon="72.9766408">
        <time>2017-11-24T05:52:40Z</time>
      </trkpt>
      <trkpt lat="21.1126895" lon="72.9766308">
        <time>2017-11-24T05:52:44Z</time>
      </trkpt>
      <trkpt lat="21.1124885" lon="72.9766204">
        <time>2017-11-24T05:52:48Z</time>
      </trkpt>
      <trkpt lat="21.1122852" lon="72.9766190">
        <time>2017-11-24T05:52:52Z</time>
      </trkpt>
      <trkpt lat="21.1120821" lon="72.9766207">
        <time>2017-11-24T05:52:56Z</time>
      </trkpt>
      <trkpt lat="21.1118742" lon="72.9766192">
        <time>2017-11-24T05:53:00Z</time>
      </trkpt>
      <trkpt lat="21.1116631" lon="72.9766008">
        <time>2017-11-24T05:53:04Z</time>
      </trkpt>
      <trkpt lat="21.1114484" lon="72.9765726">
        <time>2017-11-24T05:53:08Z</time>
      </trkpt>
      <trkpt lat="21.1112309" lon="72.9765448">
        <time>2017-11-24T05:53:12Z</time>
      </trkpt>
      <trkpt lat="21.1110095" lon="72.9765236">
        <time>2017-11-24T05:53:16Z</time>
      </trkpt>
      <trkpt lat="21.1107824" lon="72.9765117">
        <time>2017-11-24T05:53:20Z</time>
      </trkpt>
      <trkpt lat="21.1105584" lon="72.9764905">
        <time>2017-11-24T05:53:24Z</time>
      </trkpt>
      <trkpt lat="21.1103464" lon="72.9764712">
        <time>2017-11-24T05:53:28Z</time>
      </trkpt>
      <trkpt lat="21.1101302" lon="72.9764496">
        <time>2017-11-24T05:53:32Z</time>
      </trkpt>
      <trkpt lat="21.1099168" lon="72.9764269">
        <time>2017-11-24T05:53:36Z</time>
      </trkpt>
      <trkpt lat="21.1097036" lon="72.9764059">
        <time>2017-11-24T05:53:40Z</time>
      </trkpt>
      <trkpt lat="21.1094840" lon="72.9763834">
        <time>2017-11-24T05:53:44Z</time>
      </trkpt>
      <trkpt lat="21.1092609" lon="72.9763613">
        <time>2017-11-24T05:53:48Z</time>
      </trkpt>
      <trkpt lat="21.1090492" lon="72.9763450">
        <time>2017-11-24T05:53:52Z</time>
      </trkpt>
      <trkpt lat="21.1088322" lon="72.9763235">
        <time>2017-11-24T05:53:56Z</time>
      </trkpt>
      <trkpt lat="21.1086163" lon="72.9762999">
        <time>2017-11-24T05:54:00Z</time>
      </trkpt>
      <trkpt lat="21.1084011" lon="72.9762812">
        <time>2017-11-24T05:54:04Z</time>
      </trkpt>
      <trkpt lat="21.1081853" lon="72.9762600">
        <time>2017-11-24T05:54:08Z</time>
      </trkpt>
      <trkpt lat="21.1079619" lon="72.9762257">
        <time>2017-11-24T05:54:12Z</time>
      </trkpt>
      <trkpt lat="21.1077432" lon="72.9762035">
        <time>2017-11-24T05:54:16Z</time>
      </trkpt>
      <trkpt lat="21.1075290" lon="72.9761832">
        <time>2017-11-24T05:54:20Z</time>
      </trkpt>
      <trkpt lat="21.1073106" lon="72.9761585">
        <time>2017-11-24T05:54:24Z</time>
      </trkpt>
      <trkpt lat="21.1070929" lon="72.9761375">
        <time>2017-11-24T05:54:28Z</time>
      </trkpt>
      <trkpt lat="21.1068796" lon="72.9761170">
        <time>2017-11-24T05:54:32Z</time>
      </trkpt>
      <trkpt lat="21.1066701" lon="72.9760951">
        <time>2017-11-24T05:54:36Z</time>
      </trkpt>
      <trkpt lat="21.1064669" lon="72.9760694">
        <time>2017-11-24T05:54:40Z</time>
      </trkpt>
      <trkpt lat="21.1062549" lon="72.9760463">
        <time>2017-11-24T05:54:44Z</time>
      </trkpt>
      <trkpt lat="21.1060564" lon="72.9760209">
        <time>2017-11-24T05:54:48Z</time>
      </trkpt>
      <trkpt lat="21.1058483" lon="72.9759987">
        <time>2017-11-24T05:54:52Z</time>
      </trkpt>
      <trkpt lat="21.1056514" lon="72.9759764">
        <time>2017-11-24T05:54:56Z</time>
      </trkpt>
      <trkpt lat="21.1054618" lon="72.9759609">
        <time>2017-11-24T05:55:00Z</time>
      </trkpt>
      <trkpt lat="21.1052720" lon="72.9759451">
        <time>2017-11-24T05:55:04Z</time>
      </trkpt>
      <trkpt lat="21.1050729" lon="72.9759246">
        <time>2017-11-24T05:55:08Z</time>
      </trkpt>
      <trkpt lat="21.1048810" lon="72.9758991">
        <time>2017-11-24T05:55:12Z</time>
      </trkpt>
      <trkpt lat="21.1046872" lon="72.9758768">
        <time>2017-11-24T05:55:16Z</time>
      </trkpt>
      <trkpt lat="21.1045009" lon="72.9758579">
        <time>2017-11-24T05:55:20Z</time>
      </trkpt>
      <trkpt lat="21.1043130" lon="72.9758373">
        <time>2017-11-24T05:55:24Z</time>
      </trkpt>
      <trkpt lat="21.1041139" lon="72.9758263">
        <time>2017-11-24T05:55:28Z</time>
      </trkpt>
      <trkpt lat="21.1039045" lon="72.9758238">
        <time>2017-11-24T05:55:32Z</time>
      </trkpt>
      <trkpt lat="21.1036809" lon="72.9758323">
        <time>2017-11-24T05:55:36Z</time>
      </trkpt>
      <trkpt lat="21.1034655" lon="72.9758500">
        <time>2017-11-24T05:55:40Z</time>
      </trkpt>
      <trkpt lat="21.1032528" lon="72.9758705">
        <time>2017-11-24T05:55:44Z</time>
      </trkpt>
      <trkpt lat="21.1030484" lon="72.9758949">
        <time>2017-11-24T05:55:48Z</time>
      </trkpt>
      <trkpt lat="21.1028286" lon="72.9759368">
        <time>2017-11-24T05:55:52Z</time>
      </trkpt>
      <trkpt lat="21.1026133" lon="72.9759784">
        <time>2017-11-24T05:55:56Z</time>
      </trkpt>
      <trkpt lat="21.1024032" lon="72.9760151">
        <time>2017-11-24T05:56:00Z</time>
      </trkpt>
      <trkpt lat="21.1022031" lon="72.9760568">
        <time>2017-11-24T05:56:04Z</time>
      </trkpt>
      <trkpt lat="21.1020060" lon="72.9760984">
        <time>2017-11-24T05:56:08Z</time>
      </trkpt>
      <trkpt lat="21.1017655" lon="72.9761541">
        <time>2017-11-24T05:56:13Z</time>
      </trkpt>
      <trkpt lat="21.1015879" lon="72.9761900">
        <time>2017-11-24T05:56:17Z</time>
      </trkpt>
      <trkpt lat="21.1013759" lon="72.9762306">
        <time>2017-11-24T05:56:22Z</time>
      </trkpt>
      <trkpt lat="21.1011757" lon="72.9762705">
        <time>2017-11-24T05:56:27Z</time>
      </trkpt>
      <trkpt lat="21.1009675" lon="72.9763049">
        <time>2017-11-24T05:56:32Z</time>
      </trkpt>
      <trkpt lat="21.1007601" lon="72.9763420">
        <time>2017-11-24T05:56:37Z</time>
      </trkpt>
      <trkpt lat="21.1005508" lon="72.9763755">
        <time>2017-11-24T05:56:42Z</time>
      </trkpt>
      <trkpt lat="21.1003446" lon="72.9764096">
        <time>2017-11-24T05:56:47Z</time>
      </trkpt>
      <trkpt lat="21.1001442" lon="72.9764324">
        <time>2017-11-24T05:56:52Z</time>
      </trkpt>
    </trkseg>
  </trk>
  <trk>
    <name>all_to_2017.zip</name>
    <desc>all my GPS traces that I haven't uploaded yet.</desc>
    <url>/user/RussNelson/traces/2333611</url>
    <trkseg>
      <trkpt lat="21.1016080" lon="72.9619430">
        <time>2009-12-12T03:55:13Z</time>
      </trkpt>
      <trkpt lat="21.1038330" lon="72.9620440">
        <time>2009-12-12T03:55:14Z</time>
      </trkpt>
      <trkpt lat="21.1060530" lon="72.9621480">
        <time>2009-12-12T03:55:15Z</time>
      </trkpt>
      <trkpt lat="21.1082750" lon="72.9622500">
        <time>2009-12-12T03:55:16Z</time>
      </trkpt>
      <trkpt lat="21.1104810" lon="72.9623230">
        <time>2009-12-12T03:55:17Z</time>
      </trkpt>
      <trkpt lat="21.1126880" lon="72.9623890">
        <time>2009-12-12T03:55:18Z</time>
      </trkpt>
      <trkpt lat="21.1148960" lon="72.9624750">
        <time>2009-12-12T03:55:19Z</time>
      </trkpt>
      <trkpt lat="21.1171100" lon="72.9625590">
        <time>2009-12-12T03:55:20Z</time>
      </trkpt>
      <trkpt lat="21.1193150" lon="72.9626450">
        <time>2009-12-12T03:55:21Z</time>
      </trkpt>
      <trkpt lat="21.1215250" lon="72.9627240">
        <time>2009-12-12T03:55:22Z</time>
      </trkpt>
      <trkpt lat="21.1237340" lon="72.9628110">
        <time>2009-12-12T03:55:23Z</time>
      </trkpt>
      <trkpt lat="21.1259410" lon="72.9629010">
        <time>2009-12-12T03:55:24Z</time>
      </trkpt>
      <trkpt lat="21.1281560" lon="72.9629930">
        <time>2009-12-12T03:55:25Z</time>
      </trkpt>
      <trkpt lat="21.1303760" lon="72.9630840">
        <time>2009-12-12T03:55:26Z</time>
      </trkpt>
      <trkpt lat="21.1326040" lon="72.9631790">
        <time>2009-12-12T03:55:27Z</time>
      </trkpt>
      <trkpt lat="21.1348240" lon="72.9632840">
        <time>2009-12-12T03:55:28Z</time>
      </trkpt>
      <trkpt lat="21.1370480" lon="72.9633810">
        <time>2009-12-12T03:55:29Z</time>
      </trkpt>
      <trkpt lat="21.1392700" lon="72.9634880">
        <time>2009-12-12T03:55:30Z</time>
      </trkpt>
      <trkpt lat="21.1414840" lon="72.9635910">
        <time>2009-12-12T03:55:31Z</time>
      </trkpt>
      <trkpt lat="21.1437110" lon="72.9636880">
        <time>2009-12-12T03:55:32Z</time>
      </trkpt>
      <trkpt lat="21.1459300" lon="72.9637860">
        <time>2009-12-12T03:55:33Z</time>
      </trkpt>
      <trkpt lat="21.1481500" lon="72.9638830">
        <time>2009-12-12T03:55:34Z</time>
      </trkpt>
      <trkpt lat="21.1503730" lon="72.9639860">
        <time>2009-12-12T03:55:35Z</time>
      </trkpt>
      <trkpt lat="21.1526050" lon="72.9640840">
        <time>2009-12-12T03:55:36Z</time>
      </trkpt>
      <trkpt lat="21.1548280" lon="72.9641910">
        <time>2009-12-12T03:55:37Z</time>
      </trkpt>
      <trkpt lat="21.1570560" lon="72.9642940">
        <time>2009-12-12T03:55:38Z</time>
      </trkpt>
      <trkpt lat="21.1592750" lon="72.9643990">
        <time>2009-12-12T03:55:39Z</time>
      </trkpt>
      <trkpt lat="21.1614910" lon="72.9644990">
        <time>2009-12-12T03:55:40Z</time>
      </trkpt>
      <trkpt lat="21.1637210" lon="72.9646030">
        <time>2009-12-12T03:55:41Z</time>
      </trkpt>
      <trkpt lat="21.1659480" lon="72.9647030">
        <time>2009-12-12T03:55:42Z</time>
      </trkpt>
      <trkpt lat="21.1681690" lon="72.9648090">
        <time>2009-12-12T03:55:43Z</time>
      </trkpt>
      <trkpt lat="21.1703930" lon="72.9649160">
        <time>2009-12-12T03:55:44Z</time>
      </trkpt>
      <trkpt lat="21.1726090" lon="72.9650210">
        <time>2009-12-12T03:55:45Z</time>
      </trkpt>
      <trkpt lat="21.1748360" lon="72.9651190">
        <time>2009-12-12T03:55:46Z</time>
      </trkpt>
      <trkpt lat="21.1770600" lon="72.9652130">
        <time>2009-12-12T03:55:47Z</time>
      </trkpt>
      <trkpt lat="21.1792800" lon="72.9653160">
        <time>2009-12-12T03:55:48Z</time>
      </trkpt>
      <trkpt lat="21.1815030" lon="72.9654180">
        <time>2009-12-12T03:55:49Z</time>
      </trkpt>
      <trkpt lat="21.1837260" lon="72.9655210">
        <time>2009-12-12T03:55:50Z</time>
      </trkpt>
      <trkpt lat="21.1859600" lon="72.9656230">
        <time>2009-12-12T03:55:51Z</time>
      </trkpt>
      <trkpt lat="21.1881750" lon="72.9657050">
        <time>2009-12-12T03:55:52Z</time>
      </trkpt>
      <trkpt lat="21.1903930" lon="72.9657980">
        <time>2009-12-12T03:55:53Z</time>
      </trkpt>
      <trkpt lat="21.1926030" lon="72.9658940">
        <time>2009-12-12T03:55:54Z</time>
      </trkpt>
      <trkpt lat="21.1948230" lon="72.9659960">
        <time>2009-12-12T03:55:55Z</time>
      </trkpt>
      <trkpt lat="21.1970460" lon="72.9660960">
        <time>2009-12-12T03:55:56Z</time>
      </trkpt>
      <trkpt lat="21.1992640" lon="72.9662000">
        <time>2009-12-12T03:55:57Z</time>
      </trkpt>
      <trkpt lat="21.2014850" lon="72.9663010">
        <time>2009-12-12T03:55:58Z</time>
      </trkpt>
      <trkpt lat="21.2037030" lon="72.9664060">
        <time>2009-12-12T03:55:59Z</time>
      </trkpt>
      <trkpt lat="21.2059240" lon="72.9665150">
        <time>2009-12-12T03:56:00Z</time>
      </trkpt>
      <trkpt lat="21.2081460" lon="72.9666180">
        <time>2009-12-12T03:56:01Z</time>
      </trkpt>
      <trkpt lat="21.2103660" lon="72.9667080">
        <time>2009-12-12T03:56:02Z</time>
      </trkpt>
      <trkpt lat="21.2125860" lon="72.9667960">
        <time>2009-12-12T03:56:03Z</time>
      </trkpt>
      <trkpt lat="21.2147960" lon="72.9668890">
        <time>2009-12-12T03:56:04Z</time>
      </trkpt>
      <trkpt lat="21.2170140" lon="72.9669880">
        <time>2009-12-12T03:56:05Z</time>
      </trkpt>
      <trkpt lat="21.2192330" lon="72.9670840">
        <time>2009-12-12T03:56:06Z</time>
      </trkpt>
      <trkpt lat="21.2214550" lon="72.9671800">
        <time>2009-12-12T03:56:07Z</time>
      </trkpt>
      <trkpt lat="21.2236660" lon="72.9672660">
        <time>2009-12-12T03:56:08Z</time>
      </trkpt>
      <trkpt lat="21.2258790" lon="72.9673640">
        <time>2009-12-12T03:56:09Z</time>
      </trkpt>
      <trkpt lat="21.2281010" lon="72.9674560">
        <time>2009-12-12T03:56:10Z</time>
      </trkpt>
      <trkpt lat="21.2303190" lon="72.9675580">
        <time>2009-12-12T03:56:11Z</time>
      </trkpt>
      <trkpt lat="21.2325380" lon="72.9676600">
        <time>2009-12-12T03:56:12Z</time>
      </trkpt>
      <trkpt lat="21.2347530" lon="72.9677590">
        <time>2009-12-12T03:56:13Z</time>
      </trkpt>
      <trkpt lat="21.2369700" lon="72.9678660">
        <time>2009-12-12T03:56:14Z</time>
      </trkpt>
      <trkpt lat="21.2391880" lon="72.9679610">
        <time>2009-12-12T03:56:15Z</time>
      </trkpt>
      <trkpt lat="21.2414080" lon="72.9680580">
        <time>2009-12-12T03:56:16Z</time>
      </trkpt>
      <trkpt lat="21.2436300" lon="72.9681690">
        <time>2009-12-12T03:56:17Z</time>
      </trkpt>
      <trkpt lat="21.2458430" lon="72.9682690">
        <time>2009-12-12T03:56:18Z</time>
      </trkpt>
      <trkpt lat="21.2480680" lon="72.9683740">
        <time>2009-12-12T03:56:19Z</time>
      </trkpt>
    </trkseg>
  </trk>
  <trk>
    <name>Iron_butt_saddle_sore.gpx</name>
    <desc>Iron Butt Saddle Sore 26th Feb</desc>
    <url>/user/Chaudhary/traces/1186936</url>
    <trkseg>
      <trkpt lat="21.1001850" lon="72.9761800">
        <time>2012-02-26T07:46:04Z</time>
      </trkpt>
      <trkpt lat="21.1004233" lon="72.9761550">
        <time>2012-02-26T07:46:05Z</time>
      </trkpt>
      <trkpt lat="21.1006366" lon="72.9761433">
        <time>2012-02-26T07:46:06Z</time>
      </trkpt>
      <trkpt lat="21.1008466" lon="72.9761200">
        <time>2012-02-26T07:46:07Z</time>
      </trkpt>
      <trkpt lat="21.1010650" lon="72.9760766">
        <time>2012-02-26T07:46:08Z</time>
      </trkpt>
      <trkpt lat="21.1012850" lon="72.9760400">
        <time>2012-02-26T07:46:09Z</time>
      </trkpt>
      <trkpt lat="21.1015050" lon="72.9759850">
        <time>2012-02-26T07:46:10Z</time>
      </trkpt>
      <trkpt lat="21.1017366" lon="72.9759333">
        <time>2012-02-26T07:46:11Z</time>
      </trkpt>
      <trkpt lat="21.1019683" lon="72.9758966">
        <time>2012-02-26T07:46:12Z</time>
      </trkpt>
      <trkpt lat="21.1022100" lon="72.9758666">
        <time>2012-02-26T07:46:13Z</time>
      </trkpt>
      <trkpt lat="21.1024483" lon="72.9758350">
        <time>2012-02-26T07:46:14Z</time>
      </trkpt>
      <trkpt lat="21.1026866" lon="72.9757916">
        <time>2012-02-26T07:46:15Z</time>
      </trkpt>
      <trkpt lat="21.1029400" lon="72.9757400">
        <time>2012-02-26T07:46:16Z</time>
      </trkpt>
      <trkpt lat="21.1031966" lon="72.9756983">
        <time>2012-02-26T07:46:17Z</time>
      </trkpt>
      <trkpt lat="21.1034483" lon="72.9756783">
        <time>2012-02-26T07:46:18Z</time>
      </trkpt>
      <trkpt lat="21.1037050" lon="72.9756616">
        <time>2012-02-26T07:46:19Z</time>
      </trkpt>
      <trkpt lat="21.1039650" lon="72.9756633">
        <time>2012-02-26T07:46:20Z</time>
      </trkpt>
      <trkpt lat="21.1042300" lon="72.9756716">
        <time>2012-02-26T07:46:21Z</time>
      </trkpt>
      <trkpt lat="21.1045000" lon="72.9756816">
        <time>2012-02-26T07:46:22Z</time>
      </trkpt>
      <trkpt lat="21.1047566" lon="72.9757216">
        <time>2012-02-26T07:46:23Z</time>
      </trkpt>
      <trkpt lat="21.1050166" lon="72.9757466">
        <time>2012-02-26T07:46:24Z</time>
      </trkpt>
      <trkpt lat="21.1052783" lon="72.9757666">
        <time>2012-02-26T07:46:25Z</time>
      </trkpt>
      <trkpt lat="21.1055483" lon="72.9757933">
        <time>2012-02-26T07:46:26Z</time>
      </trkpt>
      <trkpt lat="21.1058133" lon="72.9758183">
        <time>2012-02-26T07:46:27Z</time>
      </trkpt>
      <trkpt lat="21.1060850" lon="72.9758483">
        <time>2012-02-26T07:46:28Z</time>
      </trkpt>
      <trkpt lat="21.1063500" lon="72.9758800">
        <time>2012-02-26T07:46:29Z</time>
      </trkpt>
      <trkpt lat="21.1066166" lon="72.9759116">
        <time>2012-02-26T07:46:30Z</time>
      </trkpt>
      <trkpt lat="21.1068850" lon="72.9759416">
        <time>2012-02-26T07:46:31Z</time>
      </trkpt>
      <trkpt lat="21.1071550" lon="72.9759683">
        <time>2012-02-26T07:46:32Z</time>
      </trkpt>
      <trkpt lat="21.1074233" lon="72.9759950">
        <time>2012-02-26T07:46:33Z</time>
      </trkpt>
      <trkpt lat="21.1076933" lon="72.9760300">
        <time>2012-02-26T07:46:34Z</time>
      </trkpt>
      <trkpt lat="21.1079583" lon="72.9760466">
        <time>2012-02-26T07:46:35Z</time>
      </trkpt>
      <trkpt lat="21.1082333" lon="72.9760733">
        <time>2012-02-26T07:46:36Z</time>
      </trkpt>
      <trkpt lat="21.1085083" lon="72.9761033">
        <time>2012-02-26T07:46:37Z</time>
      </trkpt>
      <trkpt lat="21.1087750" lon="72.9761350">
        <time>2012-02-26T07:46:38Z</time>
      </trkpt>
      <trkpt lat="21.1090450" lon="72.9761666">
        <time>2012-02-26T07:46:39Z</time>
      </trkpt>
      <trkpt lat="21.1093150" lon="72.9762000">
        <time>2012-02-26T07:46:40Z</time>
      </trkpt>
      <trkpt lat="21.1095816" lon="72.9762333">
        <time>2012-02-26T07:46:41Z</time>
      </trkpt>
      <trkpt lat="21.1098516" lon="72.9762700">
        <time>2012-02-26T07:46:42Z</time>
      </trkpt>
      <trkpt lat="21.1101316" lon="72.9763050">
        <time>2012-02-26T07:46:43Z</time>
      </trkpt>
      <trkpt lat="21.1104166" lon="72.9763300">
        <time>2012-02-26T07:46:44Z</time>
      </trkpt>
      <trkpt lat="21.1106966" lon="72.9763533">
        <time>2012-02-26T07:46:45Z</time>
      </trkpt>
      <trkpt lat="21.1109750" lon="72.9763683">
        <time>2012-02-26T07:46:46Z</time>
      </trkpt>
      <trkpt lat="21.1112516" lon="72.9763833">
        <time>2012-02-26T07:46:47Z</time>
      </trkpt>
      <trkpt lat="21.1115266" lon="72.9764016">
        <time>2012-02-26T07:46:48Z</time>
      </trkpt>
      <trkpt lat="21.1118083" lon="72.9764166">
        <time>2012-02-26T07:46:49Z</time>
      </trkpt>
      <trkpt lat="21.1120850" lon="72.9764333">
        <time>2012-02-26T07:46:50Z</time>
      </trkpt>
      <trkpt lat="21.1123616" lon="72.9764500">
        <time>2012-02-26T07:46:51Z</time>
      </trkpt>
      <trkpt lat="21.1126366" lon="72.9764766">
        <time>2012-02-26T07:46:52Z</time>
      </trkpt>
      <trkpt lat="21.1129166" lon="72.9764916">
        <time>2012-02-26T07:46:53Z</time>
      </trkpt>
      <trkpt lat="21.1131900" lon="72.9765050">
        <time>2012-02-26T07:46:54Z</time>
      </trkpt>
      <trkpt lat="21.1134566" lon="72.9765183">
        <time>2012-02-26T07:46:55Z</time>
      </trkpt>
      <trkpt lat="21.1137200" lon="72.9765250">
        <time>2012-02-26T07:46:56Z</time>
      </trkpt>
      <trkpt lat="21.1139750" lon="72.9765183">
        <time>2012-02-26T07:46:57Z</time>
      </trkpt>
      <trkpt lat="21.1142250" lon="72.9765066">
        <time>2012-02-26T07:46:58Z</time>
      </trkpt>
      <trkpt lat="21.1144816" lon="72.9764950">
        <time>2012-02-26T07:46:59Z</time>
      </trkpt>
      <trkpt lat="21.1147366" lon="72.9764516">
        <time>2012-02-26T07:47:00Z</time>
      </trkpt>
      <trkpt lat="21.1149933" lon="72.9764016">
        <time>2012-02-26T07:47:01Z</time>
      </trkpt>
      <trkpt lat="21.1152466" lon="72.9763400">
        <time>2012-02-26T07:47:02Z</time>
      </trkpt>
      <trkpt lat="21.1154950" lon="72.9762583">
        <time>2012-02-26T07:47:03Z</time>
      </trkpt>
      <trkpt lat="21.1157400" lon="72.9761583">
        <time>2012-02-26T07:47:04Z</time>
      </trkpt>
      <trkpt lat="21.1159816" lon="72.9760400">
        <time>2012-02-26T07:47:04Z</time>
      </trkpt>
      <trkpt lat="21.1167633" lon="72.9757016">
        <time>2012-02-26T07:47:08Z</time>
      </trkpt>
      <trkpt lat="21.1165033" lon="72.9758050">
        <time>2012-02-26T07:47:08Z</time>
      </trkpt>
      <trkpt lat="21.1170250" lon="72.9756200">
        <time>2012-02-26T07:47:08Z</time>
      </trkpt>
      <trkpt lat="21.1172900" lon="72.9755183">
        <time>2012-02-26T07:47:10Z</time>
      </trkpt>
      <trkpt lat="21.1178016" lon="72.9752833">
        <time>2012-02-26T07:47:11Z</time>
      </trkpt>
      <trkpt lat="21.1175516" lon="72.9754100">
        <time>2012-02-26T07:47:11Z</time>
      </trkpt>
      <trkpt lat="21.1180566" lon="72.9751600">
        <time>2012-02-26T07:47:12Z</time>
      </trkpt>
      <trkpt lat="21.1183116" lon="72.9750416">
        <time>2012-02-26T07:47:13Z</time>
      </trkpt>
      <trkpt lat="21.1185666" lon="72.9749283">
        <time>2012-02-26T07:47:14Z</time>
      </trkpt>
      <trkpt lat="21.1188266" lon="72.9748250">
        <time>2012-02-26T07:47:15Z</time>
      </trkpt>
      <trkpt lat="21.1190783" lon="72.9747250">
        <time>2012-02-26T07:47:17Z</time>
      </trkpt>
      <trkpt lat="21.1193400" lon="72.9746200">
        <time>2012-02-26T07:47:18Z</time>
      </trkpt>
      <trkpt lat="21.1195983" lon="72.9745150">
        <time>2012-02-26T07:47:19Z</time>
      </trkpt>
      <trkpt lat="21.1198550" lon="72.9744050">
        <time>2012-02-26T07:47:20Z</time>
      </trkpt>
      <trkpt lat="21.1201083" lon="72.9742950">
        <time>2012-02-26T07:47:20Z</time>
      </trkpt>
      <trkpt lat="21.1203633" lon="72.9741816">
        <time>2012-02-26T07:47:22Z</time>
      </trkpt>
      <trkpt lat="21.1206166" lon="72.9740650">
        <time>2012-02-26T07:47:22Z</time>
      </trkpt>
      <trkpt lat="21.1208816" lon="72.9739600">
        <time>2012-02-26T07:47:23Z</time>
      </trkpt>
      <trkpt lat="21.1211466" lon="72.9738700">
        <time>2012-02-26T07:47:24Z</time>
      </trkpt>
      <trkpt lat="21.1214033" lon="72.9737550">
        <time>2012-02-26T07:47:25Z</time>
      </trkpt>
      <trkpt lat="21.1216550" lon="72.9736350">
        <time>2012-02-26T07:47:26Z</time>
      </trkpt>
      <trkpt lat="21.1218966" lon="72.9735100">
        <time>2012-02-26T07:47:27Z</time>
      </trkpt>
      <trkpt lat="21.1221333" lon="72.9733900">
        <time>2012-02-26T07:47:28Z</time>
      </trkpt>
      <trkpt lat="21.1223750" lon="72.9732883">
        <time>2012-02-26T07:47:30Z</time>
      </trkpt>
      <trkpt lat="21.1226150" lon="72.9731933">
        <time>2012-02-26T07:47:31Z</time>
      </trkpt>
      <trkpt lat="21.1228516" lon="72.9730950">
        <time>2012-02-26T07:47:32Z</time>
      </trkpt>
      <trkpt lat="21.1230833" lon="72.9729883">
        <time>2012-02-26T07:47:32Z</time>
      </trkpt>
      <trkpt lat="21.1233133" lon="72.9728816">
        <time>2012-02-26T07:47:34Z</time>
      </trkpt>
      <trkpt lat="21.1235400" lon="72.9727766">
        <time>2012-02-26T07:47:34Z</time>
      </trkpt>
      <trkpt lat="21.1237850" lon="72.9726683">
        <time>2012-02-26T07:47:35Z</time>
      </trkpt>
      <trkpt lat="21.1240416" lon="72.9725883">
        <time>2012-02-26T07:47:36Z</time>
      </trkpt>
      <trkpt lat="21.1243150" lon="72.9724883">
        <time>2012-02-26T07:47:37Z</time>
      </trkpt>
      <trkpt lat="21.1245983" lon="72.9723633">
        <time>2012-02-26T07:47:38Z</time>
      </trkpt>
      <trkpt lat="21.1248766" lon="72.9722316">
        <time>2012-02-26T07:47:39Z</time>
      </trkpt>
      <trkpt lat="21.1251350" lon="72.9721283">
        <time>2012-02-26T07:47:40Z</time>
      </trkpt>
      <trkpt lat="21.1253583" lon="72.9720050">
        <time>2012-02-26T07:47:41Z</time>
      </trkpt>
      <trkpt lat="21.1256216" lon="72.9719116">
        <time>2012-02-26T07:47:42Z</time>
      </trkpt>
      <trkpt lat="21.1258883" lon="72.9718166">
        <time>2012-02-26T07:47:43Z</time>
      </trkpt>
      <trkpt lat="21.1261666" lon="72.9717183">
        <time>2012-02-26T07:47:44Z</time>
      </trkpt>
      <trkpt lat="21.1264483" lon="72.9716166">
        <time>2012-02-26T07:47:45Z</time>
      </trkpt>
      <trkpt lat="21.1267016" lon="72.9715200">
        <time>2012-02-26T07:47:46Z</time>
      </trkpt>
      <trkpt lat="21.1269466" lon="72.9714266">
        <time>2012-02-26T07:47:47Z</time>
      </trkpt>
      <trkpt lat="21.1271900" lon="72.9713300">
        <time>2012-02-26T07:47:49Z</time>
      </trkpt>
      <trkpt lat="21.1274283" lon="72.9712333">
        <time>2012-02-26T07:47:49Z</time>
      </trkpt>
      <trkpt lat="21.1276700" lon="72.9711366">
        <time>2012-02-26T07:47:51Z</time>
      </trkpt>
      <trkpt lat="21.1279266" lon="72.9710350">
        <time>2012-02-26T07:47:51Z</time>
      </trkpt>
      <trkpt lat="21.1282066" lon="72.9709266">
        <time>2012-02-26T07:47:52Z</time>
      </trkpt>
      <trkpt lat="21.1284866" lon="72.9708083">
        <time>2012-02-26T07:47:53Z</time>
      </trkpt>
      <trkpt lat="21.1287800" lon="72.9706983">
        <time>2012-02-26T07:47:54Z</time>
      </trkpt>
      <trkpt lat="21.1290400" lon="72.9705850">
        <time>2012-02-26T07:47:55Z</time>
      </trkpt>
      <trkpt lat="21.1292933" lon="72.9704833">
        <time>2012-02-26T07:47:56Z</time>
      </trkpt>
      <trkpt lat="21.1295433" lon="72.9703816">
        <time>2012-02-26T07:47:57Z</time>
      </trkpt>
      <trkpt lat="21.1297933" lon="72.9702733">
        <time>2012-02-26T07:47:58Z</time>
      </trkpt>
      <trkpt lat="21.1300450" lon="72.9701766">
        <time>2012-02-26T07:47:59Z</time>
      </trkpt>
      <trkpt lat="21.1302950" lon="72.9700800">
        <time>2012-02-26T07:48:00Z</time>
      </trkpt>
      <trkpt lat="21.1305483" lon="72.9699733">
        <time>2012-02-26T07:48:01Z</time>
      </trkpt>
      <trkpt lat="21.1308133" lon="72.9698766">
        <time>2012-02-26T07:48:02Z</time>
      </trkpt>
      <trkpt lat="21.1310666" lon="72.9697700">
        <time>2012-02-26T07:48:03Z</time>
      </trkpt>
      <trkpt lat="21.1313133" lon="72.9696550">
        <time>2012-02-26T07:48:04Z</time>
      </trkpt>
      <trkpt lat="21.1315650" lon="72.9695283">
        <time>2012-02-26T07:48:05Z</time>
      </trkpt>
      <trkpt lat="21.1318233" lon="72.9694050">
        <time>2012-02-26T07:48:06Z</time>
      </trkpt>
      <trkpt lat="21.1320750" lon="72.9692833">
        <time>2012-02-26T07:48:07Z</time>
      </trkpt>
      <trkpt lat="21.1323283" lon="72.9691683">
        <time>2012-02-26T07:48:08Z</time>
      </trkpt>
      <trkpt lat="21.1325816" lon="72.9690500">
        <time>2012-02-26T07:48:09Z</time>
      </trkpt>
      <trkpt lat="21.1328383" lon="72.9689283">
        <time>2012-02-26T07:48:10Z</time>
      </trkpt>
      <trkpt lat="21.1334566" lon="72.9687666">
        <time>2012-02-26T07:48:12Z</time>
      </trkpt>
      <trkpt lat="21.1331266" lon="72.9688366">
        <time>2012-02-26T07:48:12Z</time>
      </trkpt>
      <trkpt lat="21.1338000" lon="72.9687466">
        <time>2012-02-26T07:48:13Z</time>
      </trkpt>
      <trkpt lat="21.1340900" lon="72.9686916">
        <time>2012-02-26T07:48:14Z</time>
      </trkpt>
      <trkpt lat="21.1343783" lon="72.9686233">
        <time>2012-02-26T07:48:15Z</time>
      </trkpt>
      <trkpt lat="21.1346650" lon="72.9685566">
        <time>2012-02-26T07:48:17Z</time>
      </trkpt>
      <trkpt lat="21.1349433" lon="72.9684916">
        <time>2012-02-26T07:48:18Z</time>
      </trkpt>
      <trkpt lat="21.1352166" lon="72.9684283">
        <time>2012-02-26T07:48:18Z</time>
      </trkpt>
      <trkpt lat="21.1354933" lon="72.9683650">
        <time>2012-02-26T07:48:19Z</time>
      </trkpt>
      <trkpt lat="21.1357733" lon="72.9683050">
        <time>2012-02-26T07:48:20Z</time>
      </trkpt>
      <trkpt lat="21.1360566" lon="72.9682433">
        <time>2012-02-26T07:48:22Z</time>
      </trkpt>
      <trkpt lat="21.1363350" lon="72.9681733">
        <time>2012-02-26T07:48:23Z</time>
      </trkpt>
      <trkpt lat="21.1366283" lon="72.9681000">
        <time>2012-02-26T07:48:24Z</time>
      </trkpt>
      <trkpt lat="21.1369283" lon="72.9680416">
        <time>2012-02-26T07:48:25Z</time>
      </trkpt>
      <trkpt lat="21.1372050" lon="72.9679716">
        <time>2012-02-26T07:48:26Z</time>
      </trkpt>
      <trkpt lat="21.1374866" lon="72.9679050">
        <time>2012-02-26T07:48:27Z</time>
      </trkpt>
      <trkpt lat="21.1377616" lon="72.9678366">
        <time>2012-02-26T07:48:28Z</time>
      </trkpt>
      <trkpt lat="21.1380383" lon="72.9677733">
        <time>2012-02-26T07:48:29Z</time>
      </trkpt>
      <trkpt lat="21.1383133" lon="72.9677200">
        <time>2012-02-26T07:48:30Z</time>
      </trkpt>
      <trkpt lat="21.1385816" lon="72.9676566">
        <time>2012-02-26T07:48:31Z</time>
      </trkpt>
      <trkpt lat="21.1388333" lon="72.9675866">
        <time>2012-02-26T07:48:31Z</time>
      </trkpt>
      <trkpt lat="21.1390733" lon="72.9675066">
        <time>2012-02-26T07:48:33Z</time>
      </trkpt>
      <trkpt lat="21.1393000" lon="72.9674250">
        <time>2012-02-26T07:48:34Z</time>
      </trkpt>
      <trkpt lat="21.1395150" lon="72.9673216">
        <time>2012-02-26T07:48:34Z</time>
      </trkpt>
      <trkpt lat="21.1397216" lon="72.9672050">
        <time>2012-02-26T07:48:36Z</time>
      </trkpt>
      <trkpt lat="21.1399283" lon="72.9670800">
        <time>2012-02-26T07:48:37Z</time>
      </trkpt>
      <trkpt lat="21.1401316" lon="72.9669466">
        <time>2012-02-26T07:48:38Z</time>
      </trkpt>
      <trkpt lat="21.1403300" lon="72.9668050">
        <time>2012-02-26T07:48:39Z</time>
      </trkpt>
      <trkpt lat="21.1405266" lon="72.9666600">
        <time>2012-02-26T07:48:40Z</time>
      </trkpt>
      <trkpt lat="21.1407266" lon="72.9665066">
        <time>2012-02-26T07:48:41Z</time>
      </trkpt>
      <trkpt lat="21.1409316" lon="72.9663483">
        <time>2012-02-26T07:48:42Z</time>
      </trkpt>
      <trkpt lat="21.1411333" lon="72.9661966">
        <time>2012-02-26T07:48:43Z</time>
      </trkpt>
      <trkpt lat="21.1413500" lon="72.9660466">
        <time>2012-02-26T07:48:44Z</time>
      </trkpt>
      <trkpt lat="21.1415566" lon="72.9658916">
        <time>2012-02-26T07:48:45Z</time>
      </trkpt>
      <trkpt lat="21.1417800" lon="72.9657583">
        <time>2012-02-26T07:48:46Z</time>
      </trkpt>
      <trkpt lat="21.1420100" lon="72.9656316">
        <time>2012-02-26T07:48:47Z</time>
      </trkpt>
      <trkpt lat="21.1422350" lon="72.9655266">
        <time>2012-02-26T07:48:48Z</time>
      </trkpt>
      <trkpt lat="21.1424500" lon="72.9654283">
        <time>2012-02-26T07:48:49Z</time>
      </trkpt>
      <trkpt lat="21.1426666" lon="72.9653400">
        <time>2012-02-26T07:48:50Z</time>
      </trkpt>
      <trkpt lat="21.1428950" lon="72.9652700">
        <time>2012-02-26T07:48:51Z</time>
      </trkpt>
      <trkpt lat="21.1431116" lon="72.9652183">
        <time>2012-02-26T07:48:51Z</time>
      </trkpt>
      <trkpt lat="21.1433166" lon="72.9651800">
        <time>2012-02-26T07:48:53Z</time>
      </trkpt>
      <trkpt lat="21.1435216" lon="72.9651533">
        <time>2012-02-26T07:48:54Z</time>
      </trkpt>
      <trkpt lat="21.1437183" lon="72.9651383">
        <time>2012-02-26T07:48:55Z</time>
      </trkpt>
      <trkpt lat="21.1439166" lon="72.9651233">
        <time>2012-02-26T07:48:56Z</time>
      </trkpt>
      <trkpt lat="21.1441050" lon="72.9650983">
        <time>2012-02-26T07:48:57Z</time>
      </trkpt>
      <trkpt lat="21.1443016" lon="72.9650733">
        <time>2012-02-26T07:48:58Z</time>
      </trkpt>
      <trkpt lat="21.1445133" lon="72.9650583">
        <time>2012-02-26T07:48:59Z</time>
      </trkpt>
      <trkpt lat="21.1447316" lon="72.9650450">
        <time>2012-02-26T07:49:00Z</time>
      </trkpt>
      <trkpt lat="21.1449616" lon="72.9650266">
        <time>2012-02-26T07:49:01Z</time>
      </trkpt>
      <trkpt lat="21.1451883" lon="72.9650066">
        <time>2012-02-26T07:49:02Z</time>
      </trkpt>
      <trkpt lat="21.1454266" lon="72.9649850">
        <time>2012-02-26T07:49:02Z</time>
      </trkpt>
      <trkpt lat="21.1456716" lon="72.9649666">
        <time>2012-02-26T07:49:04Z</time>
      </trkpt>
      <trkpt lat="21.1459200" lon="72.9649483">
        <time>2012-02-26T07:49:04Z</time>
      </trkpt>
      <trkpt lat="21.1461700" lon="72.9649433">
        <time>2012-02-26T07:49:06Z</time>
      </trkpt>
      <trkpt lat="21.1464200" lon="72.9649133">
        <time>2012-02-26T07:49:07Z</time>
      </trkpt>
      <trkpt lat="21.1466616" lon="72.9648800">
        <time>2012-02-26T07:49:08Z</time>
      </trkpt>
      <trkpt lat="21.1468833" lon="72.9648500">
        <time>2012-02-26T07:49:09Z</time>
      </trkpt>
      <trkpt lat="21.1470900" lon="72.9648166">
        <time>2012-02-26T07:49:10Z</time>
      </trkpt>
      <trkpt lat="21.1472633" lon="72.9647833">
        <time>2012-02-26T07:49:10Z</time>
      </trkpt>
      <trkpt lat="21.1474266" lon="72.9647433">
        <time>2012-02-26T07:49:12Z</time>
      </trkpt>
      <trkpt lat="21.1475833" lon="72.9647133">
        <time>2012-02-26T07:49:13Z</time>
      </trkpt>
      <trkpt lat="21.1477466" lon="72.9646866">
        <time>2012-02-26T07:49:14Z</time>
      </trkpt>
      <trkpt lat="21.1479183" lon="72.9646750">
        <time>2012-02-26T07:49:15Z</time>
      </trkpt>
      <trkpt lat="21.1481066" lon="72.9646716">
        <time>2012-02-26T07:49:16Z</time>
      </trkpt>
      <trkpt lat="21.1483000" lon="72.9646633">
        <time>2012-02-26T07:49:17Z</time>
      </trkpt>
      <trkpt lat="21.1485033" lon="72.9646566">
        <time>2012-02-26T07:49:18Z</time>
      </trkpt>
      <trkpt lat="21.1487133" lon="72.9646516">
        <time>2012-02-26T07:49:19Z</time>
      </trkpt>
      <trkpt lat="21.1489333" lon="72.9646333">
        <time>2012-02-26T07:49:20Z</time>
      </trkpt>
      <trkpt lat="21.1491533" lon="72.9646050">
        <time>2012-02-26T07:49:21Z</time>
      </trkpt>
      <trkpt lat="21.1493783" lon="72.9645600">
        <time>2012-02-26T07:49:22Z</time>
      </trkpt>
      <trkpt lat="21.1496266" lon="72.9645283">
        <time>2012-02-26T07:49:23Z</time>
      </trkpt>
      <trkpt lat="21.1498650" lon="72.9645033">
        <time>2012-02-26T07:49:24Z</time>
      </trkpt>
      <trkpt lat="21.1500983" lon="72.9644766">
        <time>2012-02-26T07:49:25Z</time>
      </trkpt>
      <trkpt lat="21.1503200" lon="72.9644516">
        <time>2012-02-26T07:49:26Z</time>
      </trkpt>
      <trkpt lat="21.1505300" lon="72.9644333">
        <time>2012-02-26T07:49:27Z</time>
      </trkpt>
      <trkpt lat="21.1507283" lon="72.9644266">
        <time>2012-02-26T07:49:28Z</time>
      </trkpt>
      <trkpt lat="21.1509016" lon="72.9644283">
        <time>2012-02-26T07:49:29Z</time>
      </trkpt>
      <trkpt lat="21.1510550" lon="72.9644083">
        <time>2012-02-26T07:49:30Z</time>
      </trkpt>
      <trkpt lat="21.1512116" lon="72.9643850">
        <time>2012-02-26T07:49:31Z</time>
      </trkpt>
      <trkpt lat="21.1513750" lon="72.9643583">
        <time>2012-02-26T07:49:32Z</time>
      </trkpt>
      <trkpt lat="21.1515550" lon="72.9643333">
        <time>2012-02-26T07:49:33Z</time>
      </trkpt>
      <trkpt lat="21.1517450" lon="72.9643066">
        <time>2012-02-26T07:49:34Z</time>
      </trkpt>
      <trkpt lat="21.1519350" lon="72.9642800">
        <time>2012-02-26T07:49:35Z</time>
      </trkpt>
      <trkpt lat="21.1521316" lon="72.9642583">
        <time>2012-02-26T07:49:36Z</time>
      </trkpt>
      <trkpt lat="21.1523383" lon="72.9642366">
        <time>2012-02-26T07:49:37Z</time>
      </trkpt>
      <trkpt lat="21.1525516" lon="72.9642183">
        <time>2012-02-26T07:49:38Z</time>
      </trkpt>
      <trkpt lat="21.1527616" lon="72.9642033">
        <time>2012-02-26T07:49:39Z</time>
      </trkpt>
      <trkpt lat="21.1529750" lon="72.9641866">
        <time>2012-02-26T07:49:40Z</time>
      </trkpt>
      <trkpt lat="21.1531933" lon="72.9641666">
        <time>2012-02-26T07:49:41Z</time>
      </trkpt>
      <trkpt lat="21.1534116" lon="72.9641433">
        <time>2012-02-26T07:49:42Z</time>
      </trkpt>
      <trkpt lat="21.1536200" lon="72.9641216">
        <time>2012-02-26T07:49:43Z</time>
      </trkpt>
      <trkpt lat="21.1538200" lon="72.9640983">
        <time>2012-02-26T07:49:44Z</time>
      </trkpt>
      <trkpt lat="21.1540066" lon="72.9640800">
        <time>2012-02-26T07:49:45Z</time>
      </trkpt>
      <trkpt lat="21.1541750" lon="72.9640583">
        <time>2012-02-26T07:49:46Z</time>
      </trkpt>
      <trkpt lat="21.1543116" lon="72.9640500">
        <time>2012-02-26T07:49:47Z</time>
      </trkpt>
      <trkpt lat="21.1544350" lon="72.9640383">
        <time>2012-02-26T07:49:47Z</time>
      </trkpt>
      <trkpt lat="21.1545533" lon="72.9640283">
        <time>2012-02-26T07:49:49Z</time>
      </trkpt>
      <trkpt lat="21.1546833" lon="72.9640133">
        <time>2012-02-26T07:49:50Z</time>
      </trkpt>
      <trkpt lat="21.1548216" lon="72.9639933">
        <time>2012-02-26T07:49:51Z</time>
      </trkpt>
      <trkpt lat="21.1549733" lon="72.9639716">
        <time>2012-02-26T07:49:52Z</time>
      </trkpt>
      <trkpt lat="21.1551350" lon="72.9639533">
        <time>2012-02-26T07:49:52Z</time>
      </trkpt>
      <trkpt lat="21.1553183" lon="72.9639333">
        <time>2012-02-26T07:49:53Z</time>
      </trkpt>
      <trkpt lat="21.1555116" lon="72.9639116">
        <time>2012-02-26T07:49:55Z</time>
      </trkpt>
      <trkpt lat="21.1557116" lon="72.9638933">
        <time>2012-02-26T07:49:56Z</time>
      </trkpt>
      <trkpt lat="21.1559116" lon="72.9638750">
        <time>2012-02-26T07:49:57Z</time>
      </trkpt>
      <trkpt lat="21.1561050" lon="72.9638616">
        <time>2012-02-26T07:49:58Z</time>
      </trkpt>
      <trkpt lat="21.1563083" lon="72.9638300">
        <time>2012-02-26T07:49:58Z</time>
      </trkpt>
      <trkpt lat="21.1565233" lon="72.9638000">
        <time>2012-02-26T07:50:00Z</time>
      </trkpt>
      <trkpt lat="21.1567483" lon="72.9637700">
        <time>2012-02-26T07:50:01Z</time>
      </trkpt>
      <trkpt lat="21.1569766" lon="72.9637200">
        <time>2012-02-26T07:50:02Z</time>
      </trkpt>
      <trkpt lat="21.1572150" lon="72.9636750">
        <time>2012-02-26T07:50:02Z</time>
      </trkpt>
      <trkpt lat="21.1574516" lon="72.9636200">
        <time>2012-02-26T07:50:03Z</time>
      </trkpt>
      <trkpt lat="21.1576833" lon="72.9635566">
        <time>2012-02-26T07:50:05Z</time>
      </trkpt>
      <trkpt lat="21.1579116" lon="72.9634850">
        <time>2012-02-26T07:50:07Z</time>
      </trkpt>
      <trkpt lat="21.1581350" lon="72.9634066">
        <time>2012-02-26T07:50:07Z</time>
      </trkpt>
      <trkpt lat="21.1583500" lon="72.9633133">
        <time>2012-02-26T07:50:08Z</time>
      </trkpt>
      <trkpt lat="21.1585600" lon="72.9632216">
        <time>2012-02-26T07:50:08Z</time>
      </trkpt>
      <trkpt lat="21.1587600" lon="72.9631166">
        <time>2012-02-26T07:50:09Z</time>
      </trkpt>
      <trkpt lat="21.1589600" lon="72.9630066">
        <time>2012-02-26T07:50:10Z</time>
      </trkpt>
      <trkpt lat="21.1591600" lon="72.9629000">
        <time>2012-02-26T07:50:11Z</time>
      </trkpt>
      <trkpt lat="21.1593500" lon="72.9627983">
        <time>2012-02-26T07:50:12Z</time>
      </trkpt>
      <trkpt lat="21.1595183" lon="72.9626800">
        <time>2012-02-26T07:50:13Z</time>
      </trkpt>
      <trkpt lat="21.1596616" lon="72.9625733">
        <time>2012-02-26T07:50:14Z</time>
      </trkpt>
      <trkpt lat="21.1598033" lon="72.9624766">
        <time>2012-02-26T07:50:15Z</time>
      </trkpt>
      <trkpt lat="21.1599333" lon="72.9623866">
        <time>2012-02-26T07:50:16Z</time>
      </trkpt>
      <trkpt lat="21.1600650" lon="72.9623016">
        <time>2012-02-26T07:50:17Z</time>
      </trkpt>
      <trkpt lat="21.1601933" lon="72.9622216">
        <time>2012-02-26T07:50:18Z</time>
      </trkpt>
      <trkpt lat="21.1603116" lon="72.9621383">
        <time>2012-02-26T07:50:19Z</time>
      </trkpt>
      <trkpt lat="21.1604300" lon="72.9620566">
        <time>2012-02-26T07:50:20Z</time>
      </trkpt>
      <trkpt lat="21.1605450" lon="72.9619766">
        <time>2012-02-26T07:50:21Z</time>
      </trkpt>
      <trkpt lat="21.1607733" lon="72.9618316">
        <time>2012-02-26T07:50:23Z</time>
      </trkpt>
      <trkpt lat="21.1606583" lon="72.9619050">
        <time>2012-02-26T07:50:23Z</time>
      </trkpt>
      <trkpt lat="21.1608916" lon="72.9617650">
        <time>2012-02-26T07:50:24Z</time>
      </trkpt>
      <trkpt lat="21.1610133" lon="72.9616983">
        <time>2012-02-26T07:50:25Z</time>
      </trkpt>
      <trkpt lat="21.1611316" lon="72.9616366">
        <time>2012-02-26T07:50:26Z</time>
      </trkpt>
      <trkpt lat="21.1612466" lon="72.9615750">
        <time>2012-02-26T07:50:27Z</time>
      </trkpt>
      <trkpt lat="21.1613633" lon="72.9615166">
        <time>2012-02-26T07:50:28Z</time>
      </trkpt>
      <trkpt lat="21.1614966" lon="72.9614516">
        <time>2012-02-26T07:50:29Z</time>
      </trkpt>
      <trkpt lat="21.1616566" lon="72.9613900">
        <time>2012-02-26T07:50:31Z</time>
      </trkpt>
      <trkpt lat="21.1618183" lon="72.9613383">
        <time>2012-02-26T07:50:32Z</time>
      </trkpt>
      <trkpt lat="21.1619950" lon="72.9612983">
        <time>2012-02-26T07:50:32Z</time>
      </trkpt>
      <trkpt lat="21.1621750" lon="72.9612600">
        <time>2012-02-26T07:50:33Z</time>
      </trkpt>
      <trkpt lat="21.1623600" lon="72.9612283">
        <time>2012-02-26T07:50:35Z</time>
      </trkpt>
      <trkpt lat="21.1625750" lon="72.9612216">
        <time>2012-02-26T07:50:36Z</time>
      </trkpt>
      <trkpt lat="21.1627850" lon="72.9612166">
        <time>2012-02-26T07:50:37Z</time>
      </trkpt>
      <trkpt lat="21.1630083" lon="72.9612183">
        <time>2012-02-26T07:50:38Z</time>
      </trkpt>
      <trkpt lat="21.1632300" lon="72.9612350">
        <time>2012-02-26T07:50:39Z</time>
      </trkpt>
      <trkpt lat="21.1634466" lon="72.9612633">
        <time>2012-02-26T07:50:40Z</time>
      </trkpt>
      <trkpt lat="21.1636583" lon="72.9612966">
        <time>2012-02-26T07:50:41Z</time>
      </trkpt>
      <trkpt lat="21.1638600" lon="72.9613300">
        <time>2012-02-26T07:50:42Z</time>
      </trkpt>
      <trkpt lat="21.1640650" lon="72.9613583">
        <time>2012-02-26T07:50:43Z</time>
      </trkpt>
      <trkpt lat="21.1642733" lon="72.9613900">
        <time>2012-02-26T07:50:44Z</time>
      </trkpt>
      <trkpt lat="21.1644766" lon="72.9614233">
        <time>2012-02-26T07:50:45Z</time>
      </trkpt>
      <trkpt lat="21.1646933" lon="72.9614550">
        <time>2012-02-26T07:50:46Z</time>
      </trkpt>
      <trkpt lat="21.1649116" lon="72.9614850">
        <time>2012-02-26T07:50:47Z</time>
      </trkpt>
      <trkpt lat="21.1651300" lon="72.9615266">
        <time>2012-02-26T07:50:48Z</time>
      </trkpt>
      <trkpt lat="21.1653550" lon="72.9615700">
        <time>2012-02-26T07:50:49Z</time>
      </trkpt>
      <trkpt lat="21.1655850" lon="72.9616166">
        <time>2012-02-26T07:50:50Z</time>
      </trkpt>
      <trkpt lat="21.1658166" lon="72.9616616">
        <time>2012-02-26T07:50:51Z</time>
      </trkpt>
      <trkpt lat="21.1660450" lon="72.9617116">
        <time>2012-02-26T07:50:52Z</time>
      </trkpt>
      <trkpt lat="21.1662783" lon="72.9617616">
        <time>2012-02-26T07:50:53Z</time>
      </trkpt>
      <trkpt lat="21.1665183" lon="72.9618083">
        <time>2012-02-26T07:50:54Z</time>
      </trkpt>
      <trkpt lat="21.1667583" lon="72.9618550">
        <time>2012-02-26T07:50:54Z</time>
      </trkpt>
      <trkpt lat="21.1669900" lon="72.9619000">
        <time>2012-02-26T07:50:55Z</time>
      </trkpt>
      <trkpt lat="21.1672283" lon="72.9619466">
        <time>2012-02-26T07:50:56Z</time>
      </trkpt>
      <trkpt lat="21.1674650" lon="72.9619916">
        <time>2012-02-26T07:50:58Z</time>
      </trkpt>
      <trkpt lat="21.1677066" lon="72.9620383">
        <time>2012-02-26T07:50:59Z</time>
      </trkpt>
      <trkpt lat="21.1679483" lon="72.9620883">
        <time>2012-02-26T07:51:00Z</time>
      </trkpt>
      <trkpt lat="21.1681950" lon="72.9621283">
        <time>2012-02-26T07:51:00Z</time>
      </trkpt>
      <trkpt lat="21.1684433" lon="72.9621666">
        <time>2012-02-26T07:51:02Z</time>
      </trkpt>
      <trkpt lat="21.1686933" lon="72.9622066">
        <time>2012-02-26T07:51:03Z</time>
      </trkpt>
      <trkpt lat="21.1689466" lon="72.9622500">
        <time>2012-02-26T07:51:04Z</time>
      </trkpt>
      <trkpt lat="21.1691983" lon="72.9622950">
        <time>2012-02-26T07:51:05Z</time>
      </trkpt>
      <trkpt lat="21.1694516" lon="72.9623416">
        <time>2012-02-26T07:51:05Z</time>
      </trkpt>
      <trkpt lat="21.1697066" lon="72.9623866">
        <time>2012-02-26T07:51:07Z</time>
      </trkpt>
      <trkpt lat="21.1699616" lon="72.9624350">
        <time>2012-02-26T07:51:08Z</time>
      </trkpt>
      <trkpt lat="21.1702183" lon="72.9624816">
        <time>2012-02-26T07:51:09Z</time>
      </trkpt>
      <trkpt lat="21.1704733" lon="72.9625283">
        <time>2012-02-26T07:51:09Z</time>
      </trkpt>
      <trkpt lat="21.1707266" lon="72.9625766">
        <time>2012-02-26T07:51:10Z</time>
      </trkpt>
      <trkpt lat="21.1709750" lon="72.9626233">
        <time>2012-02-26T07:51:12Z</time>
      </trkpt>
      <trkpt lat="21.1712266" lon="72.9626700">
        <time>2012-02-26T07:51:13Z</time>
      </trkpt>
      <trkpt lat="21.1714800" lon="72.9627183">
        <time>2012-02-26T07:51:14Z</time>
      </trkpt>
      <trkpt lat="21.1717316" lon="72.9627650">
        <time>2012-02-26T07:51:15Z</time>
      </trkpt>
      <trkpt lat="21.1719850" lon="72.9628116">
        <time>2012-02-26T07:51:15Z</time>
      </trkpt>
      <trkpt lat="21.1722383" lon="72.9628583">
        <time>2012-02-26T07:51:16Z</time>
      </trkpt>
      <trkpt lat="21.1724866" lon="72.9629066">
        <time>2012-02-26T07:51:17Z</time>
      </trkpt>
      <trkpt lat="21.1727366" lon="72.9629516">
        <time>2012-02-26T07:51:18Z</time>
      </trkpt>
      <trkpt lat="21.1729900" lon="72.9629933">
        <time>2012-02-26T07:51:20Z</time>
      </trkpt>
      <trkpt lat="21.1732433" lon="72.9630283">
        <time>2012-02-26T07:51:20Z</time>
      </trkpt>
      <trkpt lat="21.1734966" lon="72.9630616">
        <time>2012-02-26T07:51:21Z</time>
      </trkpt>
      <trkpt lat="21.1737466" lon="72.9630933">
        <time>2012-02-26T07:51:22Z</time>
      </trkpt>
      <trkpt lat="21.1739816" lon="72.9631150">
        <time>2012-02-26T07:51:23Z</time>
      </trkpt>
      <trkpt lat="21.1742000" lon="72.9631333">
        <time>2012-02-26T07:51:24Z</time>
      </trkpt>
      <trkpt lat="21.1744050" lon="72.9631516">
        <time>2012-02-26T07:51:25Z</time>
      </trkpt>
      <trkpt lat="21.1746216" lon="72.9631766">
        <time>2012-02-26T07:51:26Z</time>
      </trkpt>
      <trkpt lat="21.1748500" lon="72.9631950">
        <time>2012-02-26T07:51:28Z</time>
      </trkpt>
      <trkpt lat="21.1750800" lon="72.9632116">
        <time>2012-02-26T07:51:29Z</time>
      </trkpt>
      <trkpt lat="21.1753116" lon="72.9632183">
        <time>2012-02-26T07:51:30Z</time>
      </trkpt>
      <trkpt lat="21.1755450" lon="72.9632266">
        <time>2012-02-26T07:51:31Z</time>
      </trkpt>
      <trkpt lat="21.1757833" lon="72.9632366">
        <time>2012-02-26T07:51:32Z</time>
      </trkpt>
      <trkpt lat="21.1760250" lon="72.9632483">
        <time>2012-02-26T07:51:33Z</time>
      </trkpt>
      <trkpt lat="21.1762616" lon="72.9632533">
        <time>2012-02-26T07:51:34Z</time>
      </trkpt>
      <trkpt lat="21.1765050" lon="72.9632666">
        <time>2012-02-26T07:51:35Z</time>
      </trkpt>
      <trkpt lat="21.1767416" lon="72.9632800">
        <time>2012-02-26T07:51:36Z</time>
      </trkpt>
      <trkpt lat="21.1769933" lon="72.9632933">
        <time>2012-02-26T07:51:37Z</time>
      </trkpt>
      <trkpt lat="21.1772450" lon="72.9633050">
        <time>2012-02-26T07:51:38Z</time>
      </trkpt>
      <trkpt lat="21.1775083" lon="72.9633183">
        <time>2012-02-26T07:51:39Z</time>
      </trkpt>
      <trkpt lat="21.1777700" lon="72.9633350">
        <time>2012-02-26T07:51:40Z</time>
      </trkpt>
      <trkpt lat="21.1780266" lon="72.9633666">
        <time>2012-02-26T07:51:41Z</time>
      </trkpt>
      <trkpt lat="21.1782866" lon="72.9634050">
        <time>2012-02-26T07:51:43Z</time>
      </trkpt>
      <trkpt lat="21.1785500" lon="72.9634450">
        <time>2012-02-26T07:51:44Z</time>
      </trkpt>
      <trkpt lat="21.1788166" lon="72.9634833">
        <time>2012-02-26T07:51:44Z</time>
      </trkpt>
      <trkpt lat="21.1790750" lon="72.9635283">
        <time>2012-02-26T07:51:45Z</time>
      </trkpt>
      <trkpt lat="21.1793283" lon="72.9635716">
        <time>2012-02-26T07:51:46Z</time>
      </trkpt>
      <trkpt lat="21.1795716" lon="72.9636250">
        <time>2012-02-26T07:51:47Z</time>
      </trkpt>
      <trkpt lat="21.1798050" lon="72.9636750">
        <time>2012-02-26T07:51:48Z</time>
      </trkpt>
      <trkpt lat="21.1800416" lon="72.9637266">
        <time>2012-02-26T07:51:49Z</time>
      </trkpt>
      <trkpt lat="21.1802766" lon="72.9637866">
        <time>2012-02-26T07:51:50Z</time>
      </trkpt>
      <trkpt lat="21.1805016" lon="72.9638450">
        <time>2012-02-26T07:51:51Z</time>
      </trkpt>
      <trkpt lat="21.1807100" lon="72.9639000">
        <time>2012-02-26T07:51:52Z</time>
      </trkpt>
      <trkpt lat="21.1809050" lon="72.9639500">
        <time>2012-02-26T07:51:53Z</time>
      </trkpt>
      <trkpt lat="21.1810900" lon="72.9639966">
        <time>2012-02-26T07:51:54Z</time>
      </trkpt>
      <trkpt lat="21.1812750" lon="72.9640350">
        <time>2012-02-26T07:51:55Z</time>
      </trkpt>
      <trkpt lat="21.1814650" lon="72.9640700">
        <time>2012-02-26T07:51:56Z</time>
      </trkpt>
      <trkpt lat="21.1816650" lon="72.9641166">
        <time>2012-02-26T07:51:56Z</time>
      </trkpt>
      <trkpt lat="21.1818666" lon="72.9641733">
        <time>2012-02-26T07:51:57Z</time>
      </trkpt>
      <trkpt lat="21.1820766" lon="72.9642316">
        <time>2012-02-26T07:51:59Z</time>
      </trkpt>
      <trkpt lat="21.1822883" lon="72.9642950">
        <time>2012-02-26T07:52:00Z</time>
      </trkpt>
      <trkpt lat="21.1824950" lon="72.9643516">
        <time>2012-02-26T07:52:01Z</time>
      </trkpt>
      <trkpt lat="21.1826900" lon="72.9644050">
        <time>2012-02-26T07:52:02Z</time>
      </trkpt>
      <trkpt lat="21.1828800" lon="72.9644516">
        <time>2012-02-26T07:52:03Z</time>
      </trkpt>
      <trkpt lat="21.1830600" lon="72.9644966">
        <time>2012-02-26T07:52:04Z</time>
      </trkpt>
      <trkpt lat="21.1832283" lon="72.9645416">
        <time>2012-02-26T07:52:04Z</time>
      </trkpt>
      <trkpt lat="21.1833783" lon="72.9645833">
        <time>2012-02-26T07:52:05Z</time>
      </trkpt>
      <trkpt lat="21.1835150" lon="72.9646200">
        <time>2012-02-26T07:52:06Z</time>
      </trkpt>
      <trkpt lat="21.1836450" lon="72.9646550">
        <time>2012-02-26T07:52:08Z</time>
      </trkpt>
      <trkpt lat="21.1837683" lon="72.9646866">
        <time>2012-02-26T07:52:08Z</time>
      </trkpt>
      <trkpt lat="21.1838900" lon="72.9647166">
        <time>2012-02-26T07:52:10Z</time>
      </trkpt>
      <trkpt lat="21.1840133" lon="72.9647466">
        <time>2012-02-26T07:52:11Z</time>
      </trkpt>
      <trkpt lat="21.1841433" lon="72.9647766">
        <time>2012-02-26T07:52:12Z</time>
      </trkpt>
      <trkpt lat="21.1842816" lon="72.9648050">
        <time>2012-02-26T07:52:13Z</time>
      </trkpt>
      <trkpt lat="21.1844333" lon="72.9648366">
        <time>2012-02-26T07:52:14Z</time>
      </trkpt>
      <trkpt lat="21.1845966" lon="72.9648666">
        <time>2012-02-26T07:52:15Z</time>
      </trkpt>
      <trkpt lat="21.1847700" lon="72.9649000">
        <time>2012-02-26T07:52:16Z</time>
      </trkpt>
      <trkpt lat="21.1849566" lon="72.9649400">
        <time>2012-02-26T07:52:16Z</time>
      </trkpt>
      <trkpt lat="21.1851500" lon="72.9649800">
        <time>2012-02-26T07:52:18Z</time>
      </trkpt>
      <trkpt lat="21.1853516" lon="72.9650300">
        <time>2012-02-26T07:52:18Z</time>
      </trkpt>
      <trkpt lat="21.1855600" lon="72.9650733">
        <time>2012-02-26T07:52:20Z</time>
      </trkpt>
      <trkpt lat="21.1857700" lon="72.9651150">
        <time>2012-02-26T07:52:21Z</time>
      </trkpt>
      <trkpt lat="21.1859866" lon="72.9651600">
        <time>2012-02-26T07:52:22Z</time>
      </trkpt>
      <trkpt lat="21.1862000" lon="72.9652233">
        <time>2012-02-26T07:52:22Z</time>
      </trkpt>
      <trkpt lat="21.1864100" lon="72.9652833">
        <time>2012-02-26T07:52:23Z</time>
      </trkpt>
      <trkpt lat="21.1866366" lon="72.9653450">
        <time>2012-02-26T07:52:24Z</time>
      </trkpt>
      <trkpt lat="21.1868683" lon="72.9654083">
        <time>2012-02-26T07:52:25Z</time>
      </trkpt>
      <trkpt lat="21.1871033" lon="72.9654750">
        <time>2012-02-26T07:52:26Z</time>
      </trkpt>
      <trkpt lat="21.1873433" lon="72.9655483">
        <time>2012-02-26T07:52:27Z</time>
      </trkpt>
      <trkpt lat="21.1875866" lon="72.9656133">
        <time>2012-02-26T07:52:29Z</time>
      </trkpt>
      <trkpt lat="21.1878316" lon="72.9656800">
        <time>2012-02-26T07:52:30Z</time>
      </trkpt>
      <trkpt lat="21.1880800" lon="72.9657466">
        <time>2012-02-26T07:52:31Z</time>
      </trkpt>
      <trkpt lat="21.1883316" lon="72.9658200">
        <time>2012-02-26T07:52:31Z</time>
      </trkpt>
      <trkpt lat="21.1885783" lon="72.9658783">
        <time>2012-02-26T07:52:33Z</time>
      </trkpt>
      <trkpt lat="21.1888233" lon="72.9659400">
        <time>2012-02-26T07:52:33Z</time>
      </trkpt>
      <trkpt lat="21.1890683" lon="72.9660000">
        <time>2012-02-26T07:52:34Z</time>
      </trkpt>
      <trkpt lat="21.1893133" lon="72.9660616">
        <time>2012-02-26T07:52:35Z</time>
      </trkpt>
      <trkpt lat="21.1895550" lon="72.9661200">
        <time>2012-02-26T07:52:36Z</time>
      </trkpt>
      <trkpt lat="21.1897883" lon="72.9661800">
        <time>2012-02-26T07:52:38Z</time>
      </trkpt>
      <trkpt lat="21.1900000" lon="72.9662316">
        <time>2012-02-26T07:52:39Z</time>
      </trkpt>
      <trkpt lat="21.1901983" lon="72.9662733">
        <time>2012-02-26T07:52:40Z</time>
      </trkpt>
      <trkpt lat="21.1903900" lon="72.9663183">
        <time>2012-02-26T07:52:41Z</time>
      </trkpt>
      <trkpt lat="21.1905850" lon="72.9663616">
        <time>2012-02-26T07:52:41Z</time>
      </trkpt>
      <trkpt lat="21.1907850" lon="72.9663883">
        <time>2012-02-26T07:52:43Z</time>
      </trkpt>
      <trkpt lat="21.1909933" lon="72.9664016">
        <time>2012-02-26T07:52:44Z</time>
      </trkpt>
      <trkpt lat="21.1912100" lon="72.9664016">
        <time>2012-02-26T07:52:44Z</time>
      </trkpt>
      <trkpt lat="21.1914300" lon="72.9664000">
        <time>2012-02-26T07:52:45Z</time>
      </trkpt>
      <trkpt lat="21.1916466" lon="72.9663650">
        <time>2012-02-26T07:52:46Z</time>
      </trkpt>
      <trkpt lat="21.1918583" lon="72.9663066">
        <time>2012-02-26T07:52:47Z</time>
      </trkpt>
      <trkpt lat="21.1920750" lon="72.9662400">
        <time>2012-02-26T07:52:49Z</time>
      </trkpt>
      <trkpt lat="21.1922983" lon="72.9661650">
        <time>2012-02-26T07:52:50Z</time>
      </trkpt>
      <trkpt lat="21.1925316" lon="72.9660950">
        <time>2012-02-26T07:52:51Z</time>
      </trkpt>
      <trkpt lat="21.1927616" lon="72.9660183">
        <time>2012-02-26T07:52:52Z</time>
      </trkpt>
      <trkpt lat="21.1929983" lon="72.9659333">
        <time>2012-02-26T07:52:53Z</time>
      </trkpt>
      <trkpt lat="21.1932300" lon="72.9658283">
        <time>2012-02-26T07:52:54Z</time>
      </trkpt>
      <trkpt lat="21.1934700" lon="72.9657233">
        <time>2012-02-26T07:52:54Z</time>
      </trkpt>
      <trkpt lat="21.1937116" lon="72.9656283">
        <time>2012-02-26T07:52:55Z</time>
      </trkpt>
      <trkpt lat="21.1939616" lon="72.9655566">
        <time>2012-02-26T07:52:57Z</time>
      </trkpt>
      <trkpt lat="21.1942166" lon="72.9655033">
        <time>2012-02-26T07:52:57Z</time>
      </trkpt>
      <trkpt lat="21.1944716" lon="72.9654750">
        <time>2012-02-26T07:52:58Z</time>
      </trkpt>
      <trkpt lat="21.1947333" lon="72.9654616">
        <time>2012-02-26T07:53:00Z</time>
      </trkpt>
      <trkpt lat="21.1949916" lon="72.9654666">
        <time>2012-02-26T07:53:01Z</time>
      </trkpt>
      <trkpt lat="21.1952416" lon="72.9654883">
        <time>2012-02-26T07:53:02Z</time>
      </trkpt>
      <trkpt lat="21.1954950" lon="72.9655183">
        <time>2012-02-26T07:53:03Z</time>
      </trkpt>
      <trkpt lat="21.1957533" lon="72.9655516">
        <time>2012-02-26T07:53:04Z</time>
      </trkpt>
      <trkpt lat="21.1960150" lon="72.9655916">
        <time>2012-02-26T07:53:05Z</time>
      </trkpt>
      <trkpt lat="21.1962783" lon="72.9656350">
        <time>2012-02-26T07:53:06Z</time>
      </trkpt>
      <trkpt lat="21.1965400" lon="72.9656783">
        <time>2012-02-26T07:53:06Z</time>
      </trkpt>
      <trkpt lat="21.1967983" lon="72.9657216">
        <time>2012-02-26T07:53:08Z</time>
      </trkpt>
      <trkpt lat="21.1970566" lon="72.9657633">
        <time>2012-02-26T07:53:09Z</time>
      </trkpt>
      <trkpt lat="21.1973200" lon="72.9658083">
        <time>2012-02-26T07:53:10Z</time>
      </trkpt>
      <trkpt lat="21.1975833" lon="72.9658533">
        <time>2012-02-26T07:53:11Z</time>
      </trkpt>
      <trkpt lat="21.1978400" lon="72.9658983">
        <time>2012-02-26T07:53:12Z</time>
      </trkpt>
      <trkpt lat="21.1980800" lon="72.9659400">
        <time>2012-02-26T07:53:13Z</time>
      </trkpt>
      <trkpt lat="21.1983133" lon="72.9659700">
        <time>2012-02-26T07:53:14Z</time>
      </trkpt>
      <trkpt lat="21.1985450" lon="72.9660016">
        <time>2012-02-26T07:53:14Z</time>
      </trkpt>
      <trkpt lat="21.1987816" lon="72.9660333">
        <time>2012-02-26T07:53:15Z</time>
      </trkpt>
      <trkpt lat="21.1990133" lon="72.9660733">
        <time>2012-02-26T07:53:16Z</time>
      </trkpt>
      <trkpt lat="21.1992450" lon="72.9661133">
        <time>2012-02-26T07:53:17Z</time>
      </trkpt>
      <trkpt lat="21.1994766" lon="72.9661583">
        <time>2012-02-26T07:53:19Z</time>
      </trkpt>
      <trkpt lat="21.1997183" lon="72.9661933">
        <time>2012-02-26T07:53:20Z</time>
      </trkpt>
      <trkpt lat="21.1999650" lon="72.9662283">
        <time>2012-02-26T07:53:21Z</time>
      </trkpt>
      <trkpt lat="21.2002150" lon="72.9662633">
        <time>2012-02-26T07:53:22Z</time>
      </trkpt>
      <trkpt lat="21.2004766" lon="72.9663000">
        <time>2012-02-26T07:53:23Z</time>
      </trkpt>
      <trkpt lat="21.2007366" lon="72.9663366">
        <time>2012-02-26T07:53:23Z</time>
      </trkpt>
      <trkpt lat="21.2010033" lon="72.9663583">
        <time>2012-02-26T07:53:24Z</time>
      </trkpt>
      <trkpt lat="21.2012616" lon="72.9663900">
        <time>2012-02-26T07:53:25Z</time>
      </trkpt>
      <trkpt lat="21.2015166" lon="72.9664266">
        <time>2012-02-26T07:53:26Z</time>
      </trkpt>
      <trkpt lat="21.2017766" lon="72.9664583">
        <time>2012-02-26T07:53:27Z</time>
      </trkpt>
      <trkpt lat="21.2020366" lon="72.9664916">
        <time>2012-02-26T07:53:28Z</time>
      </trkpt>
      <trkpt lat="21.2022966" lon="72.9665250">
        <time>2012-02-26T07:53:30Z</time>
      </trkpt>
      <trkpt lat="21.2025533" lon="72.9665600">
        <time>2012-02-26T07:53:30Z</time>
      </trkpt>
      <trkpt lat="21.2028150" lon="72.9665966">
        <time>2012-02-26T07:53:32Z</time>
      </trkpt>
      <trkpt lat="21.2030783" lon="72.9666300">
        <time>2012-02-26T07:53:33Z</time>
      </trkpt>
      <trkpt lat="21.2033450" lon="72.9666683">
        <time>2012-02-26T07:53:34Z</time>
      </trkpt>
      <trkpt lat="21.2036166" lon="72.9667050">
        <time>2012-02-26T07:53:35Z</time>
      </trkpt>
      <trkpt lat="21.2038850" lon="72.9667433">
        <time>2012-02-26T07:53:36Z</time>
      </trkpt>
      <trkpt lat="21.2041566" lon="72.9667816">
        <time>2012-02-26T07:53:38Z</time>
      </trkpt>
      <trkpt lat="21.2044333" lon="72.9668200">
        <time>2012-02-26T07:53:38Z</time>
      </trkpt>
      <trkpt lat="21.2047066" lon="72.9668583">
        <time>2012-02-26T07:53:38Z</time>
      </trkpt>
      <trkpt lat="21.2049750" lon="72.9668966">
        <time>2012-02-26T07:53:39Z</time>
      </trkpt>
      <trkpt lat="21.2052433" lon="72.9669416">
        <time>2012-02-26T07:53:40Z</time>
      </trkpt>
      <trkpt lat="21.2055150" lon="72.9669816">
        <time>2012-02-26T07:53:42Z</time>
      </trkpt>
      <trkpt lat="21.2057866" lon="72.9670233">
        <time>2012-02-26T07:53:43Z</time>
      </trkpt>
      <trkpt lat="21.2060583" lon="72.9670633">
        <time>2012-02-26T07:53:44Z</time>
      </trkpt>
      <trkpt lat="21.2063216" lon="72.9671233">
        <time>2012-02-26T07:53:45Z</time>
      </trkpt>
      <trkpt lat="21.2065900" lon="72.9671700">
        <time>2012-02-26T07:53:46Z</time>
      </trkpt>
      <trkpt lat="21.2068516" lon="72.9672100">
        <time>2012-02-26T07:53:47Z</time>
      </trkpt>
      <trkpt lat="21.2071200" lon="72.9672466">
        <time>2012-02-26T07:53:48Z</time>
      </trkpt>
      <trkpt lat="21.2073866" lon="72.9672816">
        <time>2012-02-26T07:53:49Z</time>
      </trkpt>
      <trkpt lat="21.2076533" lon="72.9673166">
        <time>2012-02-26T07:53:50Z</time>
      </trkpt>
      <trkpt lat="21.2079233" lon="72.9673550">
        <time>2012-02-26T07:53:51Z</time>
      </trkpt>
      <trkpt lat="21.2081916" lon="72.9673950">
        <time>2012-02-26T07:53:52Z</time>
      </trkpt>
      <trkpt lat="21.2084450" lon="72.9674250">
        <time>2012-02-26T07:53:53Z</time>
      </trkpt>
      <trkpt lat="21.2086800" lon="72.9674466">
        <time>2012-02-26T07:53:53Z</time>
      </trkpt>
      <trkpt lat="21.2089066" lon="72.9674666">
        <time>2012-02-26T07:53:54Z</time>
      </trkpt>
      <trkpt lat="21.2091216" lon="72.9674866">
        <time>2012-02-26T07:53:55Z</time>
      </trkpt>
      <trkpt lat="21.2093350" lon="72.9675150">
        <time>2012-02-26T07:53:56Z</time>
      </trkpt>
      <trkpt lat="21.2095383" lon="72.9675500">
        <time>2012-02-26T07:53:57Z</time>
      </trkpt>
      <trkpt lat="21.2097366" lon="72.9675850">
        <time>2012-02-26T07:53:59Z</time>
      </trkpt>
      <trkpt lat="21.2099216" lon="72.9676216">
        <time>2012-02-26T07:54:00Z</time>
      </trkpt>
      <trkpt lat="21.2101033" lon="72.9676533">
        <time>2012-02-26T07:54:01Z</time>
      </trkpt>
      <trkpt lat="21.2102733" lon="72.9676833">
        <time>2012-02-26T07:54:03Z</time>
      </trkpt>
      <trkpt lat="21.2104283" lon="72.9677100">
        <time>2012-02-26T07:54:04Z</time>
      </trkpt>
      <trkpt lat="21.2105833" lon="72.9677366">
        <time>2012-02-26T07:54:04Z</time>
      </trkpt>
      <trkpt lat="21.2107433" lon="72.9677600">
        <time>2012-02-26T07:54:05Z</time>
      </trkpt>
      <trkpt lat="21.2109016" lon="72.9677816">
        <time>2012-02-26T07:54:06Z</time>
      </trkpt>
      <trkpt lat="21.2110650" lon="72.9678066">
        <time>2012-02-26T07:54:07Z</time>
      </trkpt>
      <trkpt lat="21.2111950" lon="72.9678216">
        <time>2012-02-26T07:54:08Z</time>
      </trkpt>
      <trkpt lat="21.2113333" lon="72.9678283">
        <time>2012-02-26T07:54:09Z</time>
      </trkpt>
      <trkpt lat="21.2114833" lon="72.9678400">
        <time>2012-02-26T07:54:10Z</time>
      </trkpt>
      <trkpt lat="21.2116433" lon="72.9678500">
        <time>2012-02-26T07:54:11Z</time>
      </trkpt>
      <trkpt lat="21.2118066" lon="72.9678550">
        <time>2012-02-26T07:54:12Z</time>
      </trkpt>
      <trkpt lat="21.2119800" lon="72.9678650">
        <time>2012-02-26T07:54:13Z</time>
      </trkpt>
      <trkpt lat="21.2121566" lon="72.9678750">
        <time>2012-02-26T07:54:14Z</time>
      </trkpt>
      <trkpt lat="21.2123266" lon="72.9678850">
        <time>2012-02-26T07:54:15Z</time>
      </trkpt>
      <trkpt lat="21.2124950" lon="72.9678983">
        <time>2012-02-26T07:54:16Z</time>
      </trkpt>
      <trkpt lat="21.2126666" lon="72.9679200">
        <time>2012-02-26T07:54:17Z</time>
      </trkpt>
      <trkpt lat="21.2128566" lon="72.9679433">
        <time>2012-02-26T07:54:17Z</time>
      </trkpt>
      <trkpt lat="21.2130533" lon="72.9679700">
        <time>2012-02-26T07:54:19Z</time>
      </trkpt>
      <trkpt lat="21.2132650" lon="72.9679966">
        <time>2012-02-26T07:54:20Z</time>
      </trkpt>
      <trkpt lat="21.2134766" lon="72.9680300">
        <time>2012-02-26T07:54:21Z</time>
      </trkpt>
      <trkpt lat="21.2136883" lon="72.9680700">
        <time>2012-02-26T07:54:22Z</time>
      </trkpt>
      <trkpt lat="21.2138900" lon="72.9681150">
        <time>2012-02-26T07:54:23Z</time>
      </trkpt>
      <trkpt lat="21.2140833" lon="72.9681600">
        <time>2012-02-26T07:54:24Z</time>
      </trkpt>
      <trkpt lat="21.2142666" lon="72.9682083">
        <time>2012-02-26T07:54:25Z</time>
      </trkpt>
      <trkpt lat="21.2144550" lon="72.9682433">
        <time>2012-02-26T07:54:26Z</time>
      </trkpt>
      <trkpt lat="21.2146583" lon="72.9682700">
        <time>2012-02-26T07:54:27Z</time>
      </trkpt>
      <trkpt lat="21.2148650" lon="72.9682983">
        <time>2012-02-26T07:54:28Z</time>
      </trkpt>
      <trkpt lat="21.2150783" lon="72.9683300">
        <time>2012-02-26T07:54:29Z</time>
      </trkpt>
      <trkpt lat="21.2153000" lon="72.9683666">
        <time>2012-02-26T07:54:30Z</time>
      </trkpt>
      <trkpt lat="21.2155250" lon="72.9683916">
        <time>2012-02-26T07:54:31Z</time>
      </trkpt>
      <trkpt lat="21.2157516" lon="72.9684066">
        <time>2012-02-26T07:54:32Z</time>
      </trkpt>
      <trkpt lat="21.2159816" lon="72.9684316">
        <time>2012-02-26T07:54:33Z</time>
      </trkpt>
      <trkpt lat="21.2162316" lon="72.9684316">
        <time>2012-02-26T07:54:34Z</time>
      </trkpt>
      <trkpt lat="21.2164783" lon="72.9684316">
        <time>2012-02-26T07:54:35Z</time>
      </trkpt>
      <trkpt lat="21.2167316" lon="72.9684333">
        <time>2012-02-26T07:54:36Z</time>
      </trkpt>
      <trkpt lat="21.2169950" lon="72.9684516">
        <time>2012-02-26T07:54:36Z</time>
      </trkpt>
      <trkpt lat="21.2172466" lon="72.9684583">
        <time>2012-02-26T07:54:37Z</time>
      </trkpt>
      <trkpt lat="21.2175016" lon="72.9684633">
        <time>2012-02-26T07:54:38Z</time>
      </trkpt>
      <trkpt lat="21.2177650" lon="72.9684616">
        <time>2012-02-26T07:54:39Z</time>
      </trkpt>
      <trkpt lat="21.2180250" lon="72.9684533">
        <time>2012-02-26T07:54:40Z</time>
      </trkpt>
      <trkpt lat="21.2182866" lon="72.9684500">
        <time>2012-02-26T07:54:41Z</time>
      </trkpt>
      <trkpt lat="21.2185450" lon="72.9684366">
        <time>2012-02-26T07:54:42Z</time>
      </trkpt>
      <trkpt lat="21.2188083" lon="72.9684266">
        <time>2012-02-26T07:54:43Z</time>
      </trkpt>
      <trkpt lat="21.2190683" lon="72.9684016">
        <time>2012-02-26T07:54:44Z</time>
      </trkpt>
      <trkpt lat="21.2193133" lon="72.9683866">
        <time>2012-02-26T07:54:45Z</time>
      </trkpt>
      <trkpt lat="21.2195450" lon="72.9683766">
        <time>2012-02-26T07:54:46Z</time>
      </trkpt>
      <trkpt lat="21.2197616" lon="72.9683750">
        <time>2012-02-26T07:54:47Z</time>
      </trkpt>
      <trkpt lat="21.2199583" lon="72.9683733">
        <time>2012-02-26T07:54:49Z</time>
      </trkpt>
      <trkpt lat="21.2201450" lon="72.9683716">
        <time>2012-02-26T07:54:49Z</time>
      </trkpt>
      <trkpt lat="21.2203116" lon="72.9683800">
        <time>2012-02-26T07:54:50Z</time>
      </trkpt>
      <trkpt lat="21.2204733" lon="72.9683866">
        <time>2012-02-26T07:54:51Z</time>
      </trkpt>
      <trkpt lat="21.2206433" lon="72.9683883">
        <time>2012-02-26T07:54:52Z</time>
      </trkpt>
      <trkpt lat="21.2208316" lon="72.9683816">
        <time>2012-02-26T07:54:53Z</time>
      </trkpt>
      <trkpt lat="21.2210233" lon="72.9683800">
        <time>2012-02-26T07:54:54Z</time>
      </trkpt>
      <trkpt lat="21.2212366" lon="72.9683700">
        <time>2012-02-26T07:54:55Z</time>
      </trkpt>
      <trkpt lat="21.2214583" lon="72.9683700">
        <time>2012-02-26T07:54:56Z</time>
      </trkpt>
      <trkpt lat="21.2216900" lon="72.9683783">
        <time>2012-02-26T07:54:57Z</time>
      </trkpt>
      <trkpt lat="21.2219300" lon="72.9683800">
        <time>2012-02-26T07:54:58Z</time>
      </trkpt>
      <trkpt lat="21.2221566" lon="72.9683900">
        <time>2012-02-26T07:54:59Z</time>
      </trkpt>
      <trkpt lat="21.2223816" lon="72.9683916">
        <time>2012-02-26T07:55:00Z</time>
      </trkpt>
      <trkpt lat="21.2226016" lon="72.9683916">
        <time>2012-02-26T07:55:01Z</time>
      </trkpt>
      <trkpt lat="21.2228016" lon="72.9684050">
        <time>2012-02-26T07:55:02Z</time>
      </trkpt>
      <trkpt lat="21.2229933" lon="72.9684083">
        <time>2012-02-26T07:55:03Z</time>
      </trkpt>
      <trkpt lat="21.2231716" lon="72.9684116">
        <time>2012-02-26T07:55:04Z</time>
      </trkpt>
      <trkpt lat="21.2233350" lon="72.9684100">
        <time>2012-02-26T07:55:05Z</time>
      </trkpt>
      <trkpt lat="21.2234850" lon="72.9683983">
        <time>2012-02-26T07:55:06Z</time>
      </trkpt>
      <trkpt lat="21.2236433" lon="72.9683800">
        <time>2012-02-26T07:55:07Z</time>
      </trkpt>
      <trkpt lat="21.2237916" lon="72.9683733">
        <time>2012-02-26T07:55:08Z</time>
      </trkpt>
      <trkpt lat="21.2239483" lon="72.9683766">
        <time>2012-02-26T07:55:10Z</time>
      </trkpt>
      <trkpt lat="21.2241066" lon="72.9683766">
        <time>2012-02-26T07:55:11Z</time>
      </trkpt>
      <trkpt lat="21.2242516" lon="72.9683783">
        <time>2012-02-26T07:55:11Z</time>
      </trkpt>
      <trkpt lat="21.2243816" lon="72.9683866">
        <time>2012-02-26T07:55:12Z</time>
      </trkpt>
      <trkpt lat="21.2245283" lon="72.9684000">
        <time>2012-02-26T07:55:13Z</time>
      </trkpt>
      <trkpt lat="21.2246950" lon="72.9684166">
        <time>2012-02-26T07:55:14Z</time>
      </trkpt>
      <trkpt lat="21.2248616" lon="72.9684283">
        <time>2012-02-26T07:55:15Z</time>
      </trkpt>
      <trkpt lat="21.2250333" lon="72.9684316">
        <time>2012-02-26T07:55:16Z</time>
      </trkpt>
      <trkpt lat="21.2252133" lon="72.9684133">
        <time>2012-02-26T07:55:17Z</time>
      </trkpt>
      <trkpt lat="21.2254133" lon="72.9684050">
        <time>2012-02-26T07:55:18Z</time>
      </trkpt>
      <trkpt lat="21.2256250" lon="72.9683983">
        <time>2012-02-26T07:55:19Z</time>
      </trkpt>
      <trkpt lat="21.2258416" lon="72.9684033">
        <time>2012-02-26T07:55:20Z</time>
      </trkpt>
      <trkpt lat="21.2260633" lon="72.9684133">
        <time>2012-02-26T07:55:21Z</time>
      </trkpt>
      <trkpt lat="21.2262933" lon="72.9684166">
        <time>2012-02-26T07:55:22Z</time>
      </trkpt>
      <trkpt lat="21.2265366" lon="72.9684300">
        <time>2012-02-26T07:55:23Z</time>
      </trkpt>
      <trkpt lat="21.2267883" lon="72.9684316">
        <time>2012-02-26T07:55:24Z</time>
      </trkpt>
      <trkpt lat="21.2270450" lon="72.9684250">
        <time>2012-02-26T07:55:25Z</time>
      </trkpt>
      <trkpt lat="21.2273066" lon="72.9684300">
        <time>2012-02-26T07:55:26Z</time>
      </trkpt>
      <trkpt lat="21.2275616" lon="72.9684400">
        <time>2012-02-26T07:55:27Z</time>
      </trkpt>
      <trkpt lat="21.2278116" lon="72.9684383">
        <time>2012-02-26T07:55:28Z</time>
      </trkpt>
      <trkpt lat="21.2280650" lon="72.9684283">
        <time>2012-02-26T07:55:29Z</time>
      </trkpt>
      <trkpt lat="21.2283083" lon="72.9684233">
        <time>2012-02-26T07:55:30Z</time>
      </trkpt>
      <trkpt lat="21.2285600" lon="72.9684116">
        <time>2012-02-26T07:55:31Z</time>
      </trkpt>
      <trkpt lat="21.2288183" lon="72.9684033">
        <time>2012-02-26T07:55:32Z</time>
      </trkpt>
      <trkpt lat="21.2290616" lon="72.9683933">
        <time>2012-02-26T07:55:33Z</time>
      </trkpt>
      <trkpt lat="21.2292883" lon="72.9683850">
        <time>2012-02-26T07:55:34Z</time>
      </trkpt>
      <trkpt lat="21.2295150" lon="72.9683816">
        <time>2012-02-26T07:55:35Z</time>
      </trkpt>
      <trkpt lat="21.2297316" lon="72.9683733">
        <time>2012-02-26T07:55:36Z</time>
      </trkpt>
      <trkpt lat="21.2299633" lon="72.9683716">
        <time>2012-02-26T07:55:37Z</time>
      </trkpt>
      <trkpt lat="21.2302033" lon="72.9683766">
        <time>2012-02-26T07:55:38Z</time>
      </trkpt>
      <trkpt lat="21.2304516" lon="72.9683866">
        <time>2012-02-26T07:55:39Z</time>
      </trkpt>
      <trkpt lat="21.2306950" lon="72.9683916">
        <time>2012-02-26T07:55:40Z</time>
      </trkpt>
      <trkpt lat="21.2309400" lon="72.9683950">
        <time>2012-02-26T07:55:42Z</time>
      </trkpt>
      <trkpt lat="21.2311933" lon="72.9684016">
        <time>2012-02-26T07:55:43Z</time>
      </trkpt>
      <trkpt lat="21.2314516" lon="72.9683950">
        <time>2012-02-26T07:55:44Z</time>
      </trkpt>
      <trkpt lat="21.2317033" lon="72.9683900">
        <time>2012-02-26T07:55:45Z</time>
      </trkpt>
      <trkpt lat="21.2319583" lon="72.9683866">
        <time>2012-02-26T07:55:46Z</time>
      </trkpt>
      <trkpt lat="21.2322133" lon="72.9683850">
        <time>2012-02-26T07:55:47Z</time>
      </trkpt>
      <trkpt lat="21.2324633" lon="72.9683733">
        <time>2012-02-26T07:55:48Z</time>
      </trkpt>
      <trkpt lat="21.2327166" lon="72.9683583">
        <time>2012-02-26T07:55:49Z</time>
      </trkpt>
      <trkpt lat="21.2329750" lon="72.9683516">
        <time>2012-02-26T07:55:50Z</time>
      </trkpt>
      <trkpt lat="21.2332300" lon="72.9683500">
        <time>2012-02-26T07:55:51Z</time>
      </trkpt>
      <trkpt lat="21.2334850" lon="72.9683616">
        <time>2012-02-26T07:55:52Z</time>
      </trkpt>
      <trkpt lat="21.2337433" lon="72.9683700">
        <time>2012-02-26T07:55:53Z</time>
      </trkpt>
      <trkpt lat="21.2339983" lon="72.9683866">
        <time>2012-02-26T07:55:54Z</time>
      </trkpt>
      <trkpt lat="21.2342400" lon="72.9684050">
        <time>2012-02-26T07:55:55Z</time>
      </trkpt>
      <trkpt lat="21.2344783" lon="72.9684266">
        <time>2012-02-26T07:55:56Z</time>
      </trkpt>
      <trkpt lat="21.2347066" lon="72.9684300">
        <time>2012-02-26T07:55:57Z</time>
      </trkpt>
      <trkpt lat="21.2349300" lon="72.9684350">
        <time>2012-02-26T07:55:58Z</time>
      </trkpt>
      <trkpt lat="21.2351466" lon="72.9684433">
        <time>2012-02-26T07:55:59Z</time>
      </trkpt>
      <trkpt lat="21.2353600" lon="72.9684533">
        <time>2012-02-26T07:56:00Z</time>
      </trkpt>
      <trkpt lat="21.2355716" lon="72.9684566">
        <time>2012-02-26T07:56:00Z</time>
      </trkpt>
      <trkpt lat="21.2357900" lon="72.9684666">
        <time>2012-02-26T07:56:01Z</time>
      </trkpt>
      <trkpt lat="21.2359983" lon="72.9684766">
        <time>2012-02-26T07:56:03Z</time>
      </trkpt>
      <trkpt lat="21.2362166" lon="72.9684816">
        <time>2012-02-26T07:56:04Z</time>
      </trkpt>
      <trkpt lat="21.2364316" lon="72.9684800">
        <time>2012-02-26T07:56:05Z</time>
      </trkpt>
      <trkpt lat="21.2366616" lon="72.9684866">
        <time>2012-02-26T07:56:06Z</time>
      </trkpt>
      <trkpt lat="21.2368933" lon="72.9684950">
        <time>2012-02-26T07:56:06Z</time>
      </trkpt>
      <trkpt lat="21.2371333" lon="72.9685050">
        <time>2012-02-26T07:56:07Z</time>
      </trkpt>
      <trkpt lat="21.2373800" lon="72.9685133">
        <time>2012-02-26T07:56:08Z</time>
      </trkpt>
      <trkpt lat="21.2376266" lon="72.9685266">
        <time>2012-02-26T07:56:10Z</time>
      </trkpt>
      <trkpt lat="21.2378800" lon="72.9685433">
        <time>2012-02-26T07:56:11Z</time>
      </trkpt>
      <trkpt lat="21.2381333" lon="72.9685483">
        <time>2012-02-26T07:56:12Z</time>
      </trkpt>
      <trkpt lat="21.2383883" lon="72.9685316">
        <time>2012-02-26T07:56:13Z</time>
      </trkpt>
      <trkpt lat="21.2386383" lon="72.9685300">
        <time>2012-02-26T07:56:14Z</time>
      </trkpt>
      <trkpt lat="21.2388983" lon="72.9685350">
        <time>2012-02-26T07:56:15Z</time>
      </trkpt>
      <trkpt lat="21.2391583" lon="72.9685550">
        <time>2012-02-26T07:56:16Z</time>
      </trkpt>
      <trkpt lat="21.2394166" lon="72.9685566">
        <time>2012-02-26T07:56:17Z</time>
      </trkpt>
      <trkpt lat="21.2396783" lon="72.9685516">
        <time>2012-02-26T07:56:18Z</time>
      </trkpt>
      <trkpt lat="21.2399283" lon="72.9685333">
        <time>2012-02-26T07:56:19Z</time>
      </trkpt>
      <trkpt lat="21.2401833" lon="72.9685300">
        <time>2012-02-26T07:56:20Z</time>
      </trkpt>
      <trkpt lat="21.2404250" lon="72.9685316">
        <time>2012-02-26T07:56:20Z</time>
      </trkpt>
      <trkpt lat="21.2406566" lon="72.9685333">
        <time>2012-02-26T07:56:21Z</time>
      </trkpt>
      <trkpt lat="21.2408500" lon="72.9685200">
        <time>2012-02-26T07:56:22Z</time>
      </trkpt>
      <trkpt lat="21.2410066" lon="72.9684983">
        <time>2012-02-26T07:56:24Z</time>
      </trkpt>
      <trkpt lat="21.2411600" lon="72.9684800">
        <time>2012-02-26T07:56:25Z</time>
      </trkpt>
      <trkpt lat="21.2413150" lon="72.9684766">
        <time>2012-02-26T07:56:26Z</time>
      </trkpt>
      <trkpt lat="21.2414716" lon="72.9684850">
        <time>2012-02-26T07:56:27Z</time>
      </trkpt>
      <trkpt lat="21.2416350" lon="72.9684950">
        <time>2012-02-26T07:56:28Z</time>
      </trkpt>
      <trkpt lat="21.2418066" lon="72.9684983">
        <time>2012-02-26T07:56:28Z</time>
      </trkpt>
      <trkpt lat="21.2419933" lon="72.9684983">
        <time>2012-02-26T07:56:30Z</time>
      </trkpt>
      <trkpt lat="21.2421866" lon="72.9684966">
        <time>2012-02-26T07:56:31Z</time>
      </trkpt>
      <trkpt lat="21.2423983" lon="72.9684916">
        <time>2012-02-26T07:56:32Z</time>
      </trkpt>
      <trkpt lat="21.2426233" lon="72.9684933">
        <time>2012-02-26T07:56:33Z</time>
      </trkpt>
      <trkpt lat="21.2428516" lon="72.9684933">
        <time>2012-02-26T07:56:34Z</time>
      </trkpt>
      <trkpt lat="21.2430800" lon="72.9684966">
        <time>2012-02-26T07:56:35Z</time>
      </trkpt>
      <trkpt lat="21.2433116" lon="72.9684833">
        <time>2012-02-26T07:56:36Z</time>
      </trkpt>
      <trkpt lat="21.2435500" lon="72.9684666">
        <time>2012-02-26T07:56:37Z</time>
      </trkpt>
      <trkpt lat="21.2438000" lon="72.9684450">
        <time>2012-02-26T07:56:38Z</time>
      </trkpt>
      <trkpt lat="21.2440533" lon="72.9684333">
        <time>2012-02-26T07:56:39Z</time>
      </trkpt>
      <trkpt lat="21.2443000" lon="72.9684333">
        <time>2012-02-26T07:56:40Z</time>
      </trkpt>
      <trkpt lat="21.2445383" lon="72.9684250">
        <time>2012-02-26T07:56:41Z</time>
      </trkpt>
      <trkpt lat="21.2447666" lon="72.9684166">
        <time>2012-02-26T07:56:41Z</time>
      </trkpt>
      <trkpt lat="21.2449933" lon="72.9684083">
        <time>2012-02-26T07:56:43Z</time>
      </trkpt>
      <trkpt lat="21.2452200" lon="72.9683866">
        <time>2012-02-26T07:56:43Z</time>
      </trkpt>
      <trkpt lat="21.2454300" lon="72.9683616">
        <time>2012-02-26T07:56:45Z</time>
      </trkpt>
      <trkpt lat="21.2456050" lon="72.9683266">
        <time>2012-02-26T07:56:46Z</time>
      </trkpt>
      <trkpt lat="21.2457500" lon="72.9682916">
        <time>2012-02-26T07:56:47Z</time>
      </trkpt>
      <trkpt lat="21.2458650" lon="72.9682633">
        <time>2012-02-26T07:56:48Z</time>
      </trkpt>
      <trkpt lat="21.2459683" lon="72.9682400">
        <time>2012-02-26T07:56:49Z</time>
      </trkpt>
      <trkpt lat="21.2460466" lon="72.9682150">
        <time>2012-02-26T07:56:50Z</time>
      </trkpt>
      <trkpt lat="21.2461300" lon="72.9681933">
        <time>2012-02-26T07:56:51Z</time>
      </trkpt>
      <trkpt lat="21.2462150" lon="72.9681800">
        <time>2012-02-26T07:56:52Z</time>
      </trkpt>
      <trkpt lat="21.2463016" lon="72.9681633">
        <time>2012-02-26T07:56:53Z</time>
      </trkpt>
      <trkpt lat="21.2464066" lon="72.9681416">
        <time>2012-02-26T07:56:54Z</time>
      </trkpt>
      <trkpt lat="21.2465233" lon="72.9681083">
        <time>2012-02-26T07:56:54Z</time>
      </trkpt>
      <trkpt lat="21.2466516" lon="72.9680683">
        <time>2012-02-26T07:56:55Z</time>
      </trkpt>
      <trkpt lat="21.2467750" lon="72.9680266">
        <time>2012-02-26T07:56:56Z</time>
      </trkpt>
      <trkpt lat="21.2469016" lon="72.9679883">
        <time>2012-02-26T07:56:57Z</time>
      </trkpt>
      <trkpt lat="21.2470550" lon="72.9679266">
        <time>2012-02-26T07:56:58Z</time>
      </trkpt>
      <trkpt lat="21.2472250" lon="72.9678550">
        <time>2012-02-26T07:56:59Z</time>
      </trkpt>
      <trkpt lat="21.2474033" lon="72.9677750">
        <time>2012-02-26T07:57:00Z</time>
      </trkpt>
      <trkpt lat="21.2475833" lon="72.9676916">
        <time>2012-02-26T07:57:01Z</time>
      </trkpt>
      <trkpt lat="21.2477716" lon="72.9675933">
        <time>2012-02-26T07:57:02Z</time>
      </trkpt>
      <trkpt lat="21.2479733" lon="72.9674933">
        <time>2012-02-26T07:57:03Z</time>
      </trkpt>
      <trkpt lat="21.2481800" lon="72.9673850">
        <time>2012-02-26T07:57:04Z</time>
      </trkpt>
      <trkpt lat="21.2483950" lon="72.9672716">
        <time>2012-02-26T07:57:05Z</time>
      </trkpt>
      <trkpt lat="21.2486100" lon="72.9671666">
        <time>2012-02-26T07:57:07Z</time>
      </trkpt>
      <trkpt lat="21.2488216" lon="72.9670650">
        <time>2012-02-26T07:57:08Z</time>
      </trkpt>
      <trkpt lat="21.2490383" lon="72.9669683">
        <time>2012-02-26T07:57:09Z</time>
      </trkpt>
      <trkpt lat="21.2492450" lon="72.9668750">
        <time>2012-02-26T07:57:10Z</time>
      </trkpt>
      <trkpt lat="21.2494466" lon="72.9667800">
        <time>2012-02-26T07:57:11Z</time>
      </trkpt>
      <trkpt lat="21.2496416" lon="72.9666866">
        <time>2012-02-26T07:57:12Z</time>
      </trkpt>
      <trkpt lat="21.2498316" lon="72.9665983">
        <time>2012-02-26T07:57:13Z</time>
      </trkpt>
      <trkpt lat="21.2499833" lon="72.9667133">
        <time>2012-02-26T18:29:25Z</time>
      </trkpt>
      <trkpt lat="21.2497516" lon="72.9668100">
        <time>2012-02-26T18:29:26Z</time>
      </trkpt>
      <trkpt lat="21.2495283" lon="72.9669066">
        <time>2012-02-26T18:29:27Z</time>
      </trkpt>
      <trkpt lat="21.2493216" lon="72.9669966">
        <time>2012-02-26T18:29:29Z</time>
      </trkpt>
      <trkpt lat="21.2491200" lon="72.9670800">
        <time>2012-02-26T18:29:30Z</time>
      </trkpt>
      <trkpt lat="21.2489283" lon="72.9671683">
        <time>2012-02-26T18:29:30Z</time>
      </trkpt>
      <trkpt lat="21.2487483" lon="72.9672483">
        <time>2012-02-26T18:29:32Z</time>
      </trkpt>
      <trkpt lat="21.2485800" lon="72.9673283">
        <time>2012-02-26T18:29:33Z</time>
      </trkpt>
      <trkpt lat="21.2484000" lon="72.9674050">
        <time>2012-02-26T18:29:34Z</time>
      </trkpt>
      <trkpt lat="21.2482250" lon="72.9674883">
        <time>2012-02-26T18:29:35Z</time>
      </trkpt>
      <trkpt lat="21.2480700" lon="72.9675883">
        <time>2012-02-26T18:29:35Z</time>
      </trkpt>
      <trkpt lat="21.2479166" lon="72.9676800">
        <time>2012-02-26T18:29:36Z</time>
      </trkpt>
      <trkpt lat="21.2477683" lon="72.9677600">
        <time>2012-02-26T18:29:38Z</time>
      </trkpt>
      <trkpt lat="21.2476250" lon="72.9678366">
        <time>2012-02-26T18:29:38Z</time>
      </trkpt>
      <trkpt lat="21.2474816" lon="72.9679100">
        <time>2012-02-26T18:29:40Z</time>
      </trkpt>
      <trkpt lat="21.2473216" lon="72.9679733">
        <time>2012-02-26T18:29:41Z</time>
      </trkpt>
      <trkpt lat="21.2471550" lon="72.9680400">
        <time>2012-02-26T18:29:41Z</time>
      </trkpt>
      <trkpt lat="21.2469916" lon="72.9681033">
        <time>2012-02-26T18:29:43Z</time>
      </trkpt>
      <trkpt lat="21.2468466" lon="72.9681516">
        <time>2012-02-26T18:29:44Z</time>
      </trkpt>
      <trkpt lat="21.2467183" lon="72.9681983">
        <time>2012-02-26T18:29:45Z</time>
      </trkpt>
      <trkpt lat="21.2466050" lon="72.9682366">
        <time>2012-02-26T18:29:45Z</time>
      </trkpt>
      <trkpt lat="21.2465083" lon="72.9682683">
        <time>2012-02-26T18:29:47Z</time>
      </trkpt>
      <trkpt lat="21.2464083" lon="72.9682966">
        <time>2012-02-26T18:29:48Z</time>
      </trkpt>
      <trkpt lat="21.2462916" lon="72.9683266">
        <time>2012-02-26T18:29:48Z</time>
      </trkpt>
      <trkpt lat="21.2461650" lon="72.9683650">
        <time>2012-02-26T18:29:49Z</time>
      </trkpt>
      <trkpt lat="21.2460350" lon="72.9684050">
        <time>2012-02-26T18:29:50Z</time>
      </trkpt>
      <trkpt lat="21.2458850" lon="72.9684400">
        <time>2012-02-26T18:29:51Z</time>
      </trkpt>
      <trkpt lat="21.2457216" lon="72.9684816">
        <time>2012-02-26T18:29:53Z</time>
      </trkpt>
      <trkpt lat="21.2455483" lon="72.9685133">
        <time>2012-02-26T18:29:54Z</time>
      </trkpt>
      <trkpt lat="21.2453666" lon="72.9685400">
        <time>2012-02-26T18:29:54Z</time>
      </trkpt>
      <trkpt lat="21.2451850" lon="72.9685650">
        <time>2012-02-26T18:29:56Z</time>
      </trkpt>
      <trkpt lat="21.2449766" lon="72.9685850">
        <time>2012-02-26T18:29:56Z</time>
      </trkpt>
      <trkpt lat="21.2447616" lon="72.9686000">
        <time>2012-02-26T18:29:57Z</time>
      </trkpt>
      <trkpt lat="21.2445366" lon="72.9685950">
        <time>2012-02-26T18:29:59Z</time>
      </trkpt>
      <trkpt lat="21.2443033" lon="72.9685833">
        <time>2012-02-26T18:29:59Z</time>
      </trkpt>
      <trkpt lat="21.2440683" lon="72.9685650">
        <time>2012-02-26T18:30:00Z</time>
      </trkpt>
      <trkpt lat="21.2438350" lon="72.9685566">
        <time>2012-02-26T18:30:01Z</time>
      </trkpt>
      <trkpt lat="21.2436016" lon="72.9685550">
        <time>2012-02-26T18:30:03Z</time>
      </trkpt>
      <trkpt lat="21.2433633" lon="72.9685616">
        <time>2012-02-26T18:30:04Z</time>
      </trkpt>
      <trkpt lat="21.2431183" lon="72.9685633">
        <time>2012-02-26T18:30:04Z</time>
      </trkpt>
      <trkpt lat="21.2428666" lon="72.9685750">
        <time>2012-02-26T18:30:05Z</time>
      </trkpt>
      <trkpt lat="21.2426133" lon="72.9685783">
        <time>2012-02-26T18:30:06Z</time>
      </trkpt>
      <trkpt lat="21.2423466" lon="72.9685916">
        <time>2012-02-26T18:30:08Z</time>
      </trkpt>
      <trkpt lat="21.2420800" lon="72.9686250">
        <time>2012-02-26T18:30:08Z</time>
      </trkpt>
      <trkpt lat="21.2418200" lon="72.9686416">
        <time>2012-02-26T18:30:09Z</time>
      </trkpt>
      <trkpt lat="21.2415500" lon="72.9686483">
        <time>2012-02-26T18:30:11Z</time>
      </trkpt>
      <trkpt lat="21.2412850" lon="72.9686550">
        <time>2012-02-26T18:30:12Z</time>
      </trkpt>
      <trkpt lat="21.2410250" lon="72.9686600">
        <time>2012-02-26T18:30:13Z</time>
      </trkpt>
      <trkpt lat="21.2407833" lon="72.9686550">
        <time>2012-02-26T18:30:14Z</time>
      </trkpt>
      <trkpt lat="21.2405683" lon="72.9686466">
        <time>2012-02-26T18:30:15Z</time>
      </trkpt>
      <trkpt lat="21.2403816" lon="72.9686400">
        <time>2012-02-26T18:30:16Z</time>
      </trkpt>
      <trkpt lat="21.2402200" lon="72.9686433">
        <time>2012-02-26T18:30:17Z</time>
      </trkpt>
      <trkpt lat="21.2400583" lon="72.9686466">
        <time>2012-02-26T18:30:18Z</time>
      </trkpt>
      <trkpt lat="21.2398883" lon="72.9686550">
        <time>2012-02-26T18:30:19Z</time>
      </trkpt>
      <trkpt lat="21.2397166" lon="72.9686583">
        <time>2012-02-26T18:30:20Z</time>
      </trkpt>
      <trkpt lat="21.2395183" lon="72.9686533">
        <time>2012-02-26T18:30:21Z</time>
      </trkpt>
      <trkpt lat="21.2393150" lon="72.9686400">
        <time>2012-02-26T18:30:22Z</time>
      </trkpt>
      <trkpt lat="21.2391033" lon="72.9686383">
        <time>2012-02-26T18:30:23Z</time>
      </trkpt>
      <trkpt lat="21.2388883" lon="72.9686433">
        <time>2012-02-26T18:30:24Z</time>
      </trkpt>
      <trkpt lat="21.2386716" lon="72.9686483">
        <time>2012-02-26T18:30:25Z</time>
      </trkpt>
      <trkpt lat="21.2384516" lon="72.9686533">
        <time>2012-02-26T18:30:26Z</time>
      </trkpt>
      <trkpt lat="21.2382366" lon="72.9686350">
        <time>2012-02-26T18:30:27Z</time>
      </trkpt>
      <trkpt lat="21.2380200" lon="72.9686283">
        <time>2012-02-26T18:30:28Z</time>
      </trkpt>
      <trkpt lat="21.2378050" lon="72.9686166">
        <time>2012-02-26T18:30:29Z</time>
      </trkpt>
      <trkpt lat="21.2375916" lon="72.9686116">
        <time>2012-02-26T18:30:30Z</time>
      </trkpt>
      <trkpt lat="21.2373683" lon="72.9686066">
        <time>2012-02-26T18:30:31Z</time>
      </trkpt>
      <trkpt lat="21.2371516" lon="72.9686016">
        <time>2012-02-26T18:30:31Z</time>
      </trkpt>
      <trkpt lat="21.2369300" lon="72.9685933">
        <time>2012-02-26T18:30:32Z</time>
      </trkpt>
      <trkpt lat="21.2367083" lon="72.9685866">
        <time>2012-02-26T18:30:34Z</time>
      </trkpt>
      <trkpt lat="21.2364833" lon="72.9685800">
        <time>2012-02-26T18:30:34Z</time>
      </trkpt>
      <trkpt lat="21.2362533" lon="72.9685750">
        <time>2012-02-26T18:30:35Z</time>
      </trkpt>
      <trkpt lat="21.2360216" lon="72.9685733">
        <time>2012-02-26T18:30:36Z</time>
      </trkpt>
      <trkpt lat="21.2357866" lon="72.9685700">
        <time>2012-02-26T18:30:37Z</time>
      </trkpt>
      <trkpt lat="21.2355516" lon="72.9685633">
        <time>2012-02-26T18:30:38Z</time>
      </trkpt>
      <trkpt lat="21.2353100" lon="72.9685583">
        <time>2012-02-26T18:30:39Z</time>
      </trkpt>
      <trkpt lat="21.2350700" lon="72.9685616">
        <time>2012-02-26T18:30:40Z</time>
      </trkpt>
      <trkpt lat="21.2348300" lon="72.9685633">
        <time>2012-02-26T18:30:41Z</time>
      </trkpt>
      <trkpt lat="21.2345966" lon="72.9685616">
        <time>2012-02-26T18:30:42Z</time>
      </trkpt>
      <trkpt lat="21.2343666" lon="72.9685700">
        <time>2012-02-26T18:30:43Z</time>
      </trkpt>
      <trkpt lat="21.2341383" lon="72.9685833">
        <time>2012-02-26T18:30:44Z</time>
      </trkpt>
      <trkpt lat="21.2339133" lon="72.9685983">
        <time>2012-02-26T18:30:45Z</time>
      </trkpt>
      <trkpt lat="21.2336866" lon="72.9686216">
        <time>2012-02-26T18:30:46Z</time>
      </trkpt>
      <trkpt lat="21.2334683" lon="72.9686283">
        <time>2012-02-26T18:30:47Z</time>
      </trkpt>
      <trkpt lat="21.2332400" lon="72.9686366">
        <time>2012-02-26T18:30:48Z</time>
      </trkpt>
      <trkpt lat="21.2330150" lon="72.9686250">
        <time>2012-02-26T18:30:49Z</time>
      </trkpt>
      <trkpt lat="21.2327850" lon="72.9686166">
        <time>2012-02-26T18:30:50Z</time>
      </trkpt>
      <trkpt lat="21.2325533" lon="72.9686116">
        <time>2012-02-26T18:30:52Z</time>
      </trkpt>
      <trkpt lat="21.2323200" lon="72.9686050">
        <time>2012-02-26T18:30:52Z</time>
      </trkpt>
      <trkpt lat="21.2320850" lon="72.9686016">
        <time>2012-02-26T18:30:53Z</time>
      </trkpt>
      <trkpt lat="21.2318616" lon="72.9686066">
        <time>2012-02-26T18:30:54Z</time>
      </trkpt>
      <trkpt lat="21.2316450" lon="72.9686150">
        <time>2012-02-26T18:30:55Z</time>
      </trkpt>
      <trkpt lat="21.2314433" lon="72.9686100">
        <time>2012-02-26T18:30:56Z</time>
      </trkpt>
      <trkpt lat="21.2312466" lon="72.9686133">
        <time>2012-02-26T18:30:57Z</time>
      </trkpt>
      <trkpt lat="21.2310466" lon="72.9686133">
        <time>2012-02-26T18:30:58Z</time>
      </trkpt>
      <trkpt lat="21.2308283" lon="72.9686050">
        <time>2012-02-26T18:31:00Z</time>
      </trkpt>
      <trkpt lat="21.2306016" lon="72.9685950">
        <time>2012-02-26T18:31:00Z</time>
      </trkpt>
      <trkpt lat="21.2303733" lon="72.9685816">
        <time>2012-02-26T18:31:01Z</time>
      </trkpt>
      <trkpt lat="21.2301383" lon="72.9685683">
        <time>2012-02-26T18:31:02Z</time>
      </trkpt>
      <trkpt lat="21.2298916" lon="72.9685583">
        <time>2012-02-26T18:31:03Z</time>
      </trkpt>
      <trkpt lat="21.2296466" lon="72.9685483">
        <time>2012-02-26T18:31:04Z</time>
      </trkpt>
      <trkpt lat="21.2294083" lon="72.9685350">
        <time>2012-02-26T18:31:05Z</time>
      </trkpt>
      <trkpt lat="21.2291716" lon="72.9685233">
        <time>2012-02-26T18:31:06Z</time>
      </trkpt>
      <trkpt lat="21.2289350" lon="72.9685083">
        <time>2012-02-26T18:31:07Z</time>
      </trkpt>
      <trkpt lat="21.2286766" lon="72.9685050">
        <time>2012-02-26T18:31:08Z</time>
      </trkpt>
      <trkpt lat="21.2284166" lon="72.9685016">
        <time>2012-02-26T18:31:09Z</time>
      </trkpt>
      <trkpt lat="21.2281566" lon="72.9685116">
        <time>2012-02-26T18:31:10Z</time>
      </trkpt>
      <trkpt lat="21.2278933" lon="72.9685100">
        <time>2012-02-26T18:31:11Z</time>
      </trkpt>
      <trkpt lat="21.2276350" lon="72.9685150">
        <time>2012-02-26T18:31:12Z</time>
      </trkpt>
      <trkpt lat="21.2273716" lon="72.9685233">
        <time>2012-02-26T18:31:13Z</time>
      </trkpt>
      <trkpt lat="21.2271116" lon="72.9685150">
        <time>2012-02-26T18:31:14Z</time>
      </trkpt>
      <trkpt lat="21.2268350" lon="72.9685083">
        <time>2012-02-26T18:31:15Z</time>
      </trkpt>
      <trkpt lat="21.2265566" lon="72.9685200">
        <time>2012-02-26T18:31:16Z</time>
      </trkpt>
      <trkpt lat="21.2262816" lon="72.9685283">
        <time>2012-02-26T18:31:17Z</time>
      </trkpt>
      <trkpt lat="21.2260066" lon="72.9685366">
        <time>2012-02-26T18:31:18Z</time>
      </trkpt>
      <trkpt lat="21.2257433" lon="72.9685383">
        <time>2012-02-26T18:31:19Z</time>
      </trkpt>
      <trkpt lat="21.2254733" lon="72.9685283">
        <time>2012-02-26T18:31:20Z</time>
      </trkpt>
      <trkpt lat="21.2252033" lon="72.9685333">
        <time>2012-02-26T18:31:21Z</time>
      </trkpt>
      <trkpt lat="21.2249300" lon="72.9685366">
        <time>2012-02-26T18:31:22Z</time>
      </trkpt>
      <trkpt lat="21.2246533" lon="72.9685366">
        <time>2012-02-26T18:31:23Z</time>
      </trkpt>
      <trkpt lat="21.2243766" lon="72.9685383">
        <time>2012-02-26T18:31:25Z</time>
      </trkpt>
      <trkpt lat="21.2241066" lon="72.9685300">
        <time>2012-02-26T18:31:26Z</time>
      </trkpt>
      <trkpt lat="21.2238466" lon="72.9685233">
        <time>2012-02-26T18:31:27Z</time>
      </trkpt>
      <trkpt lat="21.2235950" lon="72.9685216">
        <time>2012-02-26T18:31:28Z</time>
      </trkpt>
      <trkpt lat="21.2233433" lon="72.9685166">
        <time>2012-02-26T18:31:29Z</time>
      </trkpt>
      <trkpt lat="21.2231033" lon="72.9685216">
        <time>2012-02-26T18:31:30Z</time>
      </trkpt>
      <trkpt lat="21.2228566" lon="72.9685216">
        <time>2012-02-26T18:31:31Z</time>
      </trkpt>
      <trkpt lat="21.2226050" lon="72.9685300">
        <time>2012-02-26T18:31:32Z</time>
      </trkpt>
      <trkpt lat="21.2223466" lon="72.9685250">
        <time>2012-02-26T18:31:33Z</time>
      </trkpt>
      <trkpt lat="21.2220866" lon="72.9685266">
        <time>2012-02-26T18:31:34Z</time>
      </trkpt>
      <trkpt lat="21.2218183" lon="72.9685350">
        <time>2012-02-26T18:31:35Z</time>
      </trkpt>
      <trkpt lat="21.2215450" lon="72.9685350">
        <time>2012-02-26T18:31:36Z</time>
      </trkpt>
      <trkpt lat="21.2212700" lon="72.9685400">
        <time>2012-02-26T18:31:37Z</time>
      </trkpt>
      <trkpt lat="21.2209950" lon="72.9685433">
        <time>2012-02-26T18:31:38Z</time>
      </trkpt>
      <trkpt lat="21.2207183" lon="72.9685416">
        <time>2012-02-26T18:31:38Z</time>
      </trkpt>
      <trkpt lat="21.2204366" lon="72.9685550">
        <time>2012-02-26T18:31:39Z</time>
      </trkpt>
      <trkpt lat="21.2201533" lon="72.9685516">
        <time>2012-02-26T18:31:40Z</time>
      </trkpt>
      <trkpt lat="21.2198733" lon="72.9685400">
        <time>2012-02-26T18:31:41Z</time>
      </trkpt>
      <trkpt lat="21.2196033" lon="72.9685250">
        <time>2012-02-26T18:31:43Z</time>
      </trkpt>
      <trkpt lat="21.2193216" lon="72.9684916">
        <time>2012-02-26T18:31:43Z</time>
      </trkpt>
      <trkpt lat="21.2190616" lon="72.9684883">
        <time>2012-02-26T18:31:44Z</time>
      </trkpt>
      <trkpt lat="21.2188016" lon="72.9685033">
        <time>2012-02-26T18:31:46Z</time>
      </trkpt>
      <trkpt lat="21.2185583" lon="72.9685133">
        <time>2012-02-26T18:31:47Z</time>
      </trkpt>
      <trkpt lat="21.2183300" lon="72.9685116">
        <time>2012-02-26T18:31:48Z</time>
      </trkpt>
      <trkpt lat="21.2181233" lon="72.9685083">
        <time>2012-02-26T18:31:49Z</time>
      </trkpt>
      <trkpt lat="21.2179200" lon="72.9685116">
        <time>2012-02-26T18:31:50Z</time>
      </trkpt>
      <trkpt lat="21.2177200" lon="72.9685116">
        <time>2012-02-26T18:31:51Z</time>
      </trkpt>
      <trkpt lat="21.2175266" lon="72.9685216">
        <time>2012-02-26T18:31:51Z</time>
      </trkpt>
      <trkpt lat="21.2173366" lon="72.9685233">
        <time>2012-02-26T18:31:52Z</time>
      </trkpt>
      <trkpt lat="21.2171500" lon="72.9685216">
        <time>2012-02-26T18:31:53Z</time>
      </trkpt>
      <trkpt lat="21.2169566" lon="72.9685200">
        <time>2012-02-26T18:31:54Z</time>
      </trkpt>
      <trkpt lat="21.2167483" lon="72.9685316">
        <time>2012-02-26T18:31:55Z</time>
      </trkpt>
      <trkpt lat="21.2165300" lon="72.9685483">
        <time>2012-02-26T18:31:56Z</time>
      </trkpt>
      <trkpt lat="21.2163083" lon="72.9685533">
        <time>2012-02-26T18:31:57Z</time>
      </trkpt>
      <trkpt lat="21.2160766" lon="72.9685450">
        <time>2012-02-26T18:31:58Z</time>
      </trkpt>
      <trkpt lat="21.2158383" lon="72.9685316">
        <time>2012-02-26T18:31:59Z</time>
      </trkpt>
      <trkpt lat="21.2155933" lon="72.9685150">
        <time>2012-02-26T18:32:00Z</time>
      </trkpt>
      <trkpt lat="21.2153533" lon="72.9684916">
        <time>2012-02-26T18:32:01Z</time>
      </trkpt>
      <trkpt lat="21.2151133" lon="72.9684666">
        <time>2012-02-26T18:32:02Z</time>
      </trkpt>
      <trkpt lat="21.2148750" lon="72.9684433">
        <time>2012-02-26T18:32:03Z</time>
      </trkpt>
      <trkpt lat="21.2146400" lon="72.9684166">
        <time>2012-02-26T18:32:04Z</time>
      </trkpt>
      <trkpt lat="21.2144133" lon="72.9683883">
        <time>2012-02-26T18:32:05Z</time>
      </trkpt>
      <trkpt lat="21.2142150" lon="72.9683533">
        <time>2012-02-26T18:32:06Z</time>
      </trkpt>
      <trkpt lat="21.2140550" lon="72.9683216">
        <time>2012-02-26T18:32:07Z</time>
      </trkpt>
      <trkpt lat="21.2139133" lon="72.9682966">
        <time>2012-02-26T18:32:08Z</time>
      </trkpt>
      <trkpt lat="21.2137633" lon="72.9682800">
        <time>2012-02-26T18:32:09Z</time>
      </trkpt>
      <trkpt lat="21.2136166" lon="72.9682716">
        <time>2012-02-26T18:32:10Z</time>
      </trkpt>
      <trkpt lat="21.2134450" lon="72.9682683">
        <time>2012-02-26T18:32:12Z</time>
      </trkpt>
      <trkpt lat="21.2132583" lon="72.9682633">
        <time>2012-02-26T18:32:13Z</time>
      </trkpt>
      <trkpt lat="21.2130683" lon="72.9682566">
        <time>2012-02-26T18:32:13Z</time>
      </trkpt>
      <trkpt lat="21.2128716" lon="72.9682400">
        <time>2012-02-26T18:32:14Z</time>
      </trkpt>
      <trkpt lat="21.2126533" lon="72.9682233">
        <time>2012-02-26T18:32:15Z</time>
      </trkpt>
      <trkpt lat="21.2124300" lon="72.9681900">
        <time>2012-02-26T18:32:16Z</time>
      </trkpt>
      <trkpt lat="21.2122033" lon="72.9681583">
        <time>2012-02-26T18:32:17Z</time>
      </trkpt>
      <trkpt lat="21.2119683" lon="72.9681166">
        <time>2012-02-26T18:32:18Z</time>
      </trkpt>
      <trkpt lat="21.2117283" lon="72.9680700">
        <time>2012-02-26T18:32:19Z</time>
      </trkpt>
      <trkpt lat="21.2114866" lon="72.9680116">
        <time>2012-02-26T18:32:20Z</time>
      </trkpt>
      <trkpt lat="21.2112433" lon="72.9679500">
        <time>2012-02-26T18:32:21Z</time>
      </trkpt>
      <trkpt lat="21.2109933" lon="72.9679116">
        <time>2012-02-26T18:32:22Z</time>
      </trkpt>
      <trkpt lat="21.2107383" lon="72.9678833">
        <time>2012-02-26T18:32:23Z</time>
      </trkpt>
      <trkpt lat="21.2104800" lon="72.9678366">
        <time>2012-02-26T18:32:24Z</time>
      </trkpt>
      <trkpt lat="21.2102300" lon="72.9678016">
        <time>2012-02-26T18:32:25Z</time>
      </trkpt>
      <trkpt lat="21.2099783" lon="72.9677650">
        <time>2012-02-26T18:32:26Z</time>
      </trkpt>
      <trkpt lat="21.2097400" lon="72.9677266">
        <time>2012-02-26T18:32:27Z</time>
      </trkpt>
      <trkpt lat="21.2094850" lon="72.9676950">
        <time>2012-02-26T18:32:28Z</time>
      </trkpt>
      <trkpt lat="21.2092350" lon="72.9676533">
        <time>2012-02-26T18:32:29Z</time>
      </trkpt>
      <trkpt lat="21.2089866" lon="72.9676166">
        <time>2012-02-26T18:32:30Z</time>
      </trkpt>
      <trkpt lat="21.2087333" lon="72.9675866">
        <time>2012-02-26T18:32:31Z</time>
      </trkpt>
      <trkpt lat="21.2084783" lon="72.9675350">
        <time>2012-02-26T18:32:32Z</time>
      </trkpt>
      <trkpt lat="21.2082233" lon="72.9674833">
        <time>2012-02-26T18:32:34Z</time>
      </trkpt>
      <trkpt lat="21.2079733" lon="72.9674450">
        <time>2012-02-26T18:32:35Z</time>
      </trkpt>
      <trkpt lat="21.2077283" lon="72.9674116">
        <time>2012-02-26T18:32:36Z</time>
      </trkpt>
      <trkpt lat="21.2074933" lon="72.9673816">
        <time>2012-02-26T18:32:36Z</time>
      </trkpt>
      <trkpt lat="21.2072666" lon="72.9673516">
        <time>2012-02-26T18:32:37Z</time>
      </trkpt>
      <trkpt lat="21.2070583" lon="72.9673216">
        <time>2012-02-26T18:32:38Z</time>
      </trkpt>
      <trkpt lat="21.2068550" lon="72.9672933">
        <time>2012-02-26T18:32:39Z</time>
      </trkpt>
      <trkpt lat="21.2066566" lon="72.9672766">
        <time>2012-02-26T18:32:40Z</time>
      </trkpt>
      <trkpt lat="21.2064666" lon="72.9672600">
        <time>2012-02-26T18:32:41Z</time>
      </trkpt>
      <trkpt lat="21.2062783" lon="72.9672366">
        <time>2012-02-26T18:32:42Z</time>
      </trkpt>
      <trkpt lat="21.2060883" lon="72.9672100">
        <time>2012-02-26T18:32:43Z</time>
      </trkpt>
      <trkpt lat="21.2058983" lon="72.9671800">
        <time>2012-02-26T18:32:44Z</time>
      </trkpt>
      <trkpt lat="21.2057183" lon="72.9671600">
        <time>2012-02-26T18:32:45Z</time>
      </trkpt>
      <trkpt lat="21.2055316" lon="72.9671366">
        <time>2012-02-26T18:32:46Z</time>
      </trkpt>
      <trkpt lat="21.2053300" lon="72.9671116">
        <time>2012-02-26T18:32:47Z</time>
      </trkpt>
      <trkpt lat="21.2051233" lon="72.9670883">
        <time>2012-02-26T18:32:48Z</time>
      </trkpt>
      <trkpt lat="21.2048883" lon="72.9670500">
        <time>2012-02-26T18:32:49Z</time>
      </trkpt>
      <trkpt lat="21.2046616" lon="72.9670233">
        <time>2012-02-26T18:32:50Z</time>
      </trkpt>
      <trkpt lat="21.2044316" lon="72.9669883">
        <time>2012-02-26T18:32:51Z</time>
      </trkpt>
      <trkpt lat="21.2041983" lon="72.9669483">
        <time>2012-02-26T18:32:52Z</time>
      </trkpt>
      <trkpt lat="21.2039633" lon="72.9669100">
        <time>2012-02-26T18:32:53Z</time>
      </trkpt>
      <trkpt lat="21.2037250" lon="72.9668700">
        <time>2012-02-26T18:32:54Z</time>
      </trkpt>
      <trkpt lat="21.2034683" lon="72.9668350">
        <time>2012-02-26T18:32:56Z</time>
      </trkpt>
      <trkpt lat="21.2032083" lon="72.9668033">
        <time>2012-02-26T18:32:57Z</time>
      </trkpt>
      <trkpt lat="21.2029433" lon="72.9667633">
        <time>2012-02-26T18:32:57Z</time>
      </trkpt>
      <trkpt lat="21.2026916" lon="72.9667283">
        <time>2012-02-26T18:32:58Z</time>
      </trkpt>
      <trkpt lat="21.2024383" lon="72.9666883">
        <time>2012-02-26T18:32:59Z</time>
      </trkpt>
      <trkpt lat="21.2021850" lon="72.9666566">
        <time>2012-02-26T18:33:00Z</time>
      </trkpt>
      <trkpt lat="21.2019250" lon="72.9666233">
        <time>2012-02-26T18:33:01Z</time>
      </trkpt>
      <trkpt lat="21.2016666" lon="72.9665933">
        <time>2012-02-26T18:33:02Z</time>
      </trkpt>
      <trkpt lat="21.2013983" lon="72.9665683">
        <time>2012-02-26T18:33:03Z</time>
      </trkpt>
      <trkpt lat="21.2011350" lon="72.9665366">
        <time>2012-02-26T18:33:04Z</time>
      </trkpt>
      <trkpt lat="21.2008783" lon="72.9664933">
        <time>2012-02-26T18:33:05Z</time>
      </trkpt>
      <trkpt lat="21.2006216" lon="72.9664500">
        <time>2012-02-26T18:33:06Z</time>
      </trkpt>
      <trkpt lat="21.2003616" lon="72.9664166">
        <time>2012-02-26T18:33:07Z</time>
      </trkpt>
      <trkpt lat="21.2001016" lon="72.9663800">
        <time>2012-02-26T18:33:08Z</time>
      </trkpt>
      <trkpt lat="21.1998383" lon="72.9663600">
        <time>2012-02-26T18:33:09Z</time>
      </trkpt>
      <trkpt lat="21.1995750" lon="72.9663200">
        <time>2012-02-26T18:33:10Z</time>
      </trkpt>
      <trkpt lat="21.1993116" lon="72.9662800">
        <time>2012-02-26T18:33:11Z</time>
      </trkpt>
      <trkpt lat="21.1990466" lon="72.9662400">
        <time>2012-02-26T18:33:12Z</time>
      </trkpt>
      <trkpt lat="21.1987766" lon="72.9661883">
        <time>2012-02-26T18:33:13Z</time>
      </trkpt>
      <trkpt lat="21.1985083" lon="72.9661416">
        <time>2012-02-26T18:33:14Z</time>
      </trkpt>
      <trkpt lat="21.1982366" lon="72.9660916">
        <time>2012-02-26T18:33:15Z</time>
      </trkpt>
      <trkpt lat="21.1979683" lon="72.9660466">
        <time>2012-02-26T18:33:16Z</time>
      </trkpt>
      <trkpt lat="21.1976950" lon="72.9660016">
        <time>2012-02-26T18:33:17Z</time>
      </trkpt>
      <trkpt lat="21.1974233" lon="72.9659600">
        <time>2012-02-26T18:33:18Z</time>
      </trkpt>
      <trkpt lat="21.1971550" lon="72.9659216">
        <time>2012-02-26T18:33:19Z</time>
      </trkpt>
      <trkpt lat="21.1968783" lon="72.9658750">
        <time>2012-02-26T18:33:20Z</time>
      </trkpt>
      <trkpt lat="21.1966016" lon="72.9658350">
        <time>2012-02-26T18:33:21Z</time>
      </trkpt>
      <trkpt lat="21.1963200" lon="72.9657850">
        <time>2012-02-26T18:33:22Z</time>
      </trkpt>
      <trkpt lat="21.1960450" lon="72.9657300">
        <time>2012-02-26T18:33:23Z</time>
      </trkpt>
      <trkpt lat="21.1957783" lon="72.9656933">
        <time>2012-02-26T18:33:24Z</time>
      </trkpt>
      <trkpt lat="21.1955216" lon="72.9656600">
        <time>2012-02-26T18:33:25Z</time>
      </trkpt>
      <trkpt lat="21.1952716" lon="72.9656450">
        <time>2012-02-26T18:33:26Z</time>
      </trkpt>
      <trkpt lat="21.1950350" lon="72.9656233">
        <time>2012-02-26T18:33:27Z</time>
      </trkpt>
      <trkpt lat="21.1948000" lon="72.9656200">
        <time>2012-02-26T18:33:28Z</time>
      </trkpt>
      <trkpt lat="21.1945733" lon="72.9656366">
        <time>2012-02-26T18:33:29Z</time>
      </trkpt>
      <trkpt lat="21.1943550" lon="72.9656566">
        <time>2012-02-26T18:33:30Z</time>
      </trkpt>
      <trkpt lat="21.1941333" lon="72.9656866">
        <time>2012-02-26T18:33:31Z</time>
      </trkpt>
      <trkpt lat="21.1939100" lon="72.9657316">
        <time>2012-02-26T18:33:32Z</time>
      </trkpt>
      <trkpt lat="21.1936866" lon="72.9657733">
        <time>2012-02-26T18:33:34Z</time>
      </trkpt>
      <trkpt lat="21.1934516" lon="72.9658383">
        <time>2012-02-26T18:33:34Z</time>
      </trkpt>
      <trkpt lat="21.1932133" lon="72.9659233">
        <time>2012-02-26T18:33:35Z</time>
      </trkpt>
      <trkpt lat="21.1929750" lon="72.9660116">
        <time>2012-02-26T18:33:36Z</time>
      </trkpt>
      <trkpt lat="21.1927366" lon="72.9661050">
        <time>2012-02-26T18:33:37Z</time>
      </trkpt>
      <trkpt lat="21.1924900" lon="72.9661933">
        <time>2012-02-26T18:33:38Z</time>
      </trkpt>
      <trkpt lat="21.1922533" lon="72.9662783">
        <time>2012-02-26T18:33:39Z</time>
      </trkpt>
      <trkpt lat="21.1920266" lon="72.9663516">
        <time>2012-02-26T18:33:40Z</time>
      </trkpt>
      <trkpt lat="21.1918166" lon="72.9664033">
        <time>2012-02-26T18:33:42Z</time>
      </trkpt>
      <trkpt lat="21.1916133" lon="72.9664483">
        <time>2012-02-26T18:33:43Z</time>
      </trkpt>
      <trkpt lat="21.1914183" lon="72.9664916">
        <time>2012-02-26T18:33:44Z</time>
      </trkpt>
      <trkpt lat="21.1912233" lon="72.9665100">
        <time>2012-02-26T18:33:45Z</time>
      </trkpt>
      <trkpt lat="21.1910366" lon="72.9665333">
        <time>2012-02-26T18:33:45Z</time>
      </trkpt>
      <trkpt lat="21.1908583" lon="72.9665366">
        <time>2012-02-26T18:33:46Z</time>
      </trkpt>
      <trkpt lat="21.1906866" lon="72.9665283">
        <time>2012-02-26T18:33:48Z</time>
      </trkpt>
      <trkpt lat="21.1905116" lon="72.9665200">
        <time>2012-02-26T18:33:48Z</time>
      </trkpt>
      <trkpt lat="21.1903200" lon="72.9665050">
        <time>2012-02-26T18:33:49Z</time>
      </trkpt>
      <trkpt lat="21.1901283" lon="72.9664816">
        <time>2012-02-26T18:33:50Z</time>
      </trkpt>
      <trkpt lat="21.1899233" lon="72.9664550">
        <time>2012-02-26T18:33:51Z</time>
      </trkpt>
      <trkpt lat="21.1897116" lon="72.9664316">
        <time>2012-02-26T18:33:52Z</time>
      </trkpt>
      <trkpt lat="21.1894950" lon="72.9663883">
        <time>2012-02-26T18:33:53Z</time>
      </trkpt>
      <trkpt lat="21.1892683" lon="72.9663150">
        <time>2012-02-26T18:33:54Z</time>
      </trkpt>
      <trkpt lat="21.1890383" lon="72.9662300">
        <time>2012-02-26T18:33:55Z</time>
      </trkpt>
      <trkpt lat="21.1888000" lon="72.9661416">
        <time>2012-02-26T18:33:56Z</time>
      </trkpt>
      <trkpt lat="21.1885466" lon="72.9660716">
        <time>2012-02-26T18:33:57Z</time>
      </trkpt>
      <trkpt lat="21.1882866" lon="72.9659933">
        <time>2012-02-26T18:33:58Z</time>
      </trkpt>
      <trkpt lat="21.1880166" lon="72.9659233">
        <time>2012-02-26T18:33:59Z</time>
      </trkpt>
      <trkpt lat="21.1877450" lon="72.9658533">
        <time>2012-02-26T18:34:00Z</time>
      </trkpt>
      <trkpt lat="21.1874700" lon="72.9657883">
        <time>2012-02-26T18:34:01Z</time>
      </trkpt>
      <trkpt lat="21.1871933" lon="72.9657283">
        <time>2012-02-26T18:34:02Z</time>
      </trkpt>
      <trkpt lat="21.1869216" lon="72.9656650">
        <time>2012-02-26T18:34:03Z</time>
      </trkpt>
      <trkpt lat="21.1866466" lon="72.9655983">
        <time>2012-02-26T18:34:04Z</time>
      </trkpt>
      <trkpt lat="21.1863766" lon="72.9655333">
        <time>2012-02-26T18:34:05Z</time>
      </trkpt>
      <trkpt lat="21.1861016" lon="72.9654733">
        <time>2012-02-26T18:34:06Z</time>
      </trkpt>
      <trkpt lat="21.1858333" lon="72.9654116">
        <time>2012-02-26T18:34:07Z</time>
      </trkpt>
      <trkpt lat="21.1855616" lon="72.9653400">
        <time>2012-02-26T18:34:08Z</time>
      </trkpt>
      <trkpt lat="21.1852916" lon="72.9652716">
        <time>2012-02-26T18:34:09Z</time>
      </trkpt>
      <trkpt lat="21.1850283" lon="72.9651900">
        <time>2012-02-26T18:34:11Z</time>
      </trkpt>
      <trkpt lat="21.1847750" lon="72.9651183">
        <time>2012-02-26T18:34:11Z</time>
      </trkpt>
      <trkpt lat="21.1845350" lon="72.9650433">
        <time>2012-02-26T18:34:12Z</time>
      </trkpt>
      <trkpt lat="21.1843133" lon="72.9649733">
        <time>2012-02-26T18:34:13Z</time>
      </trkpt>
      <trkpt lat="21.1841100" lon="72.9649033">
        <time>2012-02-26T18:34:14Z</time>
      </trkpt>
      <trkpt lat="21.1839216" lon="72.9648416">
        <time>2012-02-26T18:34:15Z</time>
      </trkpt>
      <trkpt lat="21.1837400" lon="72.9647900">
        <time>2012-02-26T18:34:16Z</time>
      </trkpt>
      <trkpt lat="21.1835633" lon="72.9647383">
        <time>2012-02-26T18:34:17Z</time>
      </trkpt>
      <trkpt lat="21.1833900" lon="72.9646966">
        <time>2012-02-26T18:34:18Z</time>
      </trkpt>
      <trkpt lat="21.1832216" lon="72.9646516">
        <time>2012-02-26T18:34:19Z</time>
      </trkpt>
      <trkpt lat="21.1830366" lon="72.9646116">
        <time>2012-02-26T18:34:20Z</time>
      </trkpt>
      <trkpt lat="21.1828400" lon="72.9645833">
        <time>2012-02-26T18:34:21Z</time>
      </trkpt>
      <trkpt lat="21.1826283" lon="72.9645466">
        <time>2012-02-26T18:34:22Z</time>
      </trkpt>
      <trkpt lat="21.1824166" lon="72.9644916">
        <time>2012-02-26T18:34:23Z</time>
      </trkpt>
      <trkpt lat="21.1822000" lon="72.9644333">
        <time>2012-02-26T18:34:24Z</time>
      </trkpt>
      <trkpt lat="21.1819650" lon="72.9643633">
        <time>2012-02-26T18:34:25Z</time>
      </trkpt>
      <trkpt lat="21.1817266" lon="72.9642950">
        <time>2012-02-26T18:34:27Z</time>
      </trkpt>
      <trkpt lat="21.1814816" lon="72.9642266">
        <time>2012-02-26T18:34:27Z</time>
      </trkpt>
      <trkpt lat="21.1812433" lon="72.9641616">
        <time>2012-02-26T18:34:28Z</time>
      </trkpt>
      <trkpt lat="21.1810050" lon="72.9640983">
        <time>2012-02-26T18:34:29Z</time>
      </trkpt>
      <trkpt lat="21.1807650" lon="72.9640466">
        <time>2012-02-26T18:34:30Z</time>
      </trkpt>
      <trkpt lat="21.1805250" lon="72.9640050">
        <time>2012-02-26T18:34:31Z</time>
      </trkpt>
      <trkpt lat="21.1802916" lon="72.9639466">
        <time>2012-02-26T18:34:32Z</time>
      </trkpt>
      <trkpt lat="21.1800600" lon="72.9638933">
        <time>2012-02-26T18:34:34Z</time>
      </trkpt>
      <trkpt lat="21.1798250" lon="72.9638333">
        <time>2012-02-26T18:34:34Z</time>
      </trkpt>
      <trkpt lat="21.1795883" lon="72.9637783">
        <time>2012-02-26T18:34:35Z</time>
      </trkpt>
      <trkpt lat="21.1793533" lon="72.9637283">
        <time>2012-02-26T18:34:36Z</time>
      </trkpt>
      <trkpt lat="21.1791333" lon="72.9637016">
        <time>2012-02-26T18:34:38Z</time>
      </trkpt>
      <trkpt lat="21.1789150" lon="72.9636900">
        <time>2012-02-26T18:34:38Z</time>
      </trkpt>
      <trkpt lat="21.1787033" lon="72.9636716">
        <time>2012-02-26T18:34:39Z</time>
      </trkpt>
      <trkpt lat="21.1784966" lon="72.9636433">
        <time>2012-02-26T18:34:40Z</time>
      </trkpt>
      <trkpt lat="21.1782750" lon="72.9636216">
        <time>2012-02-26T18:34:41Z</time>
      </trkpt>
      <trkpt lat="21.1780566" lon="72.9635983">
        <time>2012-02-26T18:34:42Z</time>
      </trkpt>
      <trkpt lat="21.1778483" lon="72.9635850">
        <time>2012-02-26T18:34:43Z</time>
      </trkpt>
      <trkpt lat="21.1776416" lon="72.9635866">
        <time>2012-02-26T18:34:44Z</time>
      </trkpt>
      <trkpt lat="21.1774250" lon="72.9636016">
        <time>2012-02-26T18:34:45Z</time>
      </trkpt>
      <trkpt lat="21.1771950" lon="72.9635916">
        <time>2012-02-26T18:34:46Z</time>
      </trkpt>
      <trkpt lat="21.1769633" lon="72.9635850">
        <time>2012-02-26T18:34:47Z</time>
      </trkpt>
      <trkpt lat="21.1767300" lon="72.9635783">
        <time>2012-02-26T18:34:48Z</time>
      </trkpt>
      <trkpt lat="21.1765083" lon="72.9635683">
        <time>2012-02-26T18:34:49Z</time>
      </trkpt>
      <trkpt lat="21.1762933" lon="72.9635550">
        <time>2012-02-26T18:34:50Z</time>
      </trkpt>
      <trkpt lat="21.1760983" lon="72.9635483">
        <time>2012-02-26T18:34:51Z</time>
      </trkpt>
      <trkpt lat="21.1759183" lon="72.9635400">
        <time>2012-02-26T18:34:52Z</time>
      </trkpt>
      <trkpt lat="21.1757566" lon="72.9635266">
        <time>2012-02-26T18:34:53Z</time>
      </trkpt>
      <trkpt lat="21.1756216" lon="72.9635016">
        <time>2012-02-26T18:34:54Z</time>
      </trkpt>
      <trkpt lat="21.1754966" lon="72.9634883">
        <time>2012-02-26T18:34:55Z</time>
      </trkpt>
      <trkpt lat="21.1753750" lon="72.9634800">
        <time>2012-02-26T18:34:56Z</time>
      </trkpt>
      <trkpt lat="21.1752516" lon="72.9634683">
        <time>2012-02-26T18:34:57Z</time>
      </trkpt>
      <trkpt lat="21.1751233" lon="72.9634516">
        <time>2012-02-26T18:34:58Z</time>
      </trkpt>
      <trkpt lat="21.1749933" lon="72.9634433">
        <time>2012-02-26T18:34:59Z</time>
      </trkpt>
      <trkpt lat="21.1748666" lon="72.9634333">
        <time>2012-02-26T18:35:00Z</time>
      </trkpt>
      <trkpt lat="21.1747150" lon="72.9634150">
        <time>2012-02-26T18:35:01Z</time>
      </trkpt>
      <trkpt lat="21.1745550" lon="72.9633983">
        <time>2012-02-26T18:35:02Z</time>
      </trkpt>
      <trkpt lat="21.1743783" lon="72.9633866">
        <time>2012-02-26T18:35:03Z</time>
      </trkpt>
      <trkpt lat="21.1741916" lon="72.9633750">
        <time>2012-02-26T18:35:04Z</time>
      </trkpt>
      <trkpt lat="21.1740016" lon="72.9633533">
        <time>2012-02-26T18:35:06Z</time>
      </trkpt>
      <trkpt lat="21.1738050" lon="72.9633250">
        <time>2012-02-26T18:35:06Z</time>
      </trkpt>
      <trkpt lat="21.1735816" lon="72.9632916">
        <time>2012-02-26T18:35:07Z</time>
      </trkpt>
      <trkpt lat="21.1733566" lon="72.9632583">
        <time>2012-02-26T18:35:08Z</time>
      </trkpt>
      <trkpt lat="21.1731300" lon="72.9632233">
        <time>2012-02-26T18:35:09Z</time>
      </trkpt>
      <trkpt lat="21.1729033" lon="72.9631783">
        <time>2012-02-26T18:35:10Z</time>
      </trkpt>
      <trkpt lat="21.1726733" lon="72.9631366">
        <time>2012-02-26T18:35:11Z</time>
      </trkpt>
      <trkpt lat="21.1724383" lon="72.9630850">
        <time>2012-02-26T18:35:13Z</time>
      </trkpt>
      <trkpt lat="21.1721966" lon="72.9630316">
        <time>2012-02-26T18:35:13Z</time>
      </trkpt>
      <trkpt lat="21.1719533" lon="72.9629900">
        <time>2012-02-26T18:35:14Z</time>
      </trkpt>
      <trkpt lat="21.1717033" lon="72.9629500">
        <time>2012-02-26T18:35:15Z</time>
      </trkpt>
      <trkpt lat="21.1714533" lon="72.9629083">
        <time>2012-02-26T18:35:16Z</time>
      </trkpt>
      <trkpt lat="21.1711966" lon="72.9628633">
        <time>2012-02-26T18:35:18Z</time>
      </trkpt>
      <trkpt lat="21.1709316" lon="72.9628133">
        <time>2012-02-26T18:35:19Z</time>
      </trkpt>
      <trkpt lat="21.1706716" lon="72.9627500">
        <time>2012-02-26T18:35:19Z</time>
      </trkpt>
      <trkpt lat="21.1704133" lon="72.9626900">
        <time>2012-02-26T18:35:20Z</time>
      </trkpt>
      <trkpt lat="21.1701433" lon="72.9626150">
        <time>2012-02-26T18:35:21Z</time>
      </trkpt>
      <trkpt lat="21.1698700" lon="72.9625500">
        <time>2012-02-26T18:35:22Z</time>
      </trkpt>
      <trkpt lat="21.1696050" lon="72.9624983">
        <time>2012-02-26T18:35:23Z</time>
      </trkpt>
      <trkpt lat="21.1693233" lon="72.9624483">
        <time>2012-02-26T18:35:24Z</time>
      </trkpt>
      <trkpt lat="21.1690400" lon="72.9623983">
        <time>2012-02-26T18:35:25Z</time>
      </trkpt>
      <trkpt lat="21.1687566" lon="72.9623483">
        <time>2012-02-26T18:35:26Z</time>
      </trkpt>
      <trkpt lat="21.1684650" lon="72.9622950">
        <time>2012-02-26T18:35:27Z</time>
      </trkpt>
      <trkpt lat="21.1681833" lon="72.9622400">
        <time>2012-02-26T18:35:28Z</time>
      </trkpt>
      <trkpt lat="21.1679083" lon="72.9621866">
        <time>2012-02-26T18:35:29Z</time>
      </trkpt>
      <trkpt lat="21.1676433" lon="72.9621350">
        <time>2012-02-26T18:35:30Z</time>
      </trkpt>
      <trkpt lat="21.1673900" lon="72.9620950">
        <time>2012-02-26T18:35:31Z</time>
      </trkpt>
      <trkpt lat="21.1671516" lon="72.9620600">
        <time>2012-02-26T18:35:32Z</time>
      </trkpt>
      <trkpt lat="21.1669216" lon="72.9620216">
        <time>2012-02-26T18:35:33Z</time>
      </trkpt>
      <trkpt lat="21.1667083" lon="72.9619783">
        <time>2012-02-26T18:35:34Z</time>
      </trkpt>
      <trkpt lat="21.1664950" lon="72.9619450">
        <time>2012-02-26T18:35:35Z</time>
      </trkpt>
      <trkpt lat="21.1662866" lon="72.9619116">
        <time>2012-02-26T18:35:36Z</time>
      </trkpt>
      <trkpt lat="21.1660833" lon="72.9618633">
        <time>2012-02-26T18:35:37Z</time>
      </trkpt>
      <trkpt lat="21.1658633" lon="72.9618133">
        <time>2012-02-26T18:35:38Z</time>
      </trkpt>
      <trkpt lat="21.1656350" lon="72.9617683">
        <time>2012-02-26T18:35:39Z</time>
      </trkpt>
      <trkpt lat="21.1653933" lon="72.9617083">
        <time>2012-02-26T18:35:40Z</time>
      </trkpt>
      <trkpt lat="21.1651516" lon="72.9616483">
        <time>2012-02-26T18:35:41Z</time>
      </trkpt>
      <trkpt lat="21.1649300" lon="72.9616083">
        <time>2012-02-26T18:35:42Z</time>
      </trkpt>
      <trkpt lat="21.1647233" lon="72.9615800">
        <time>2012-02-26T18:35:43Z</time>
      </trkpt>
      <trkpt lat="21.1645233" lon="72.9615550">
        <time>2012-02-26T18:35:44Z</time>
      </trkpt>
      <trkpt lat="21.1643300" lon="72.9615250">
        <time>2012-02-26T18:35:45Z</time>
      </trkpt>
      <trkpt lat="21.1641216" lon="72.9615016">
        <time>2012-02-26T18:35:46Z</time>
      </trkpt>
      <trkpt lat="21.1639283" lon="72.9614833">
        <time>2012-02-26T18:35:47Z</time>
      </trkpt>
      <trkpt lat="21.1637266" lon="72.9614550">
        <time>2012-02-26T18:35:48Z</time>
      </trkpt>
      <trkpt lat="21.1635150" lon="72.9614300">
        <time>2012-02-26T18:35:49Z</time>
      </trkpt>
      <trkpt lat="21.1632933" lon="72.9614333">
        <time>2012-02-26T18:35:50Z</time>
      </trkpt>
      <trkpt lat="21.1630666" lon="72.9614300">
        <time>2012-02-26T18:35:51Z</time>
      </trkpt>
      <trkpt lat="21.1628283" lon="72.9614350">
        <time>2012-02-26T18:35:52Z</time>
      </trkpt>
      <trkpt lat="21.1625816" lon="72.9614450">
        <time>2012-02-26T18:35:53Z</time>
      </trkpt>
      <trkpt lat="21.1623333" lon="72.9614650">
        <time>2012-02-26T18:35:54Z</time>
      </trkpt>
      <trkpt lat="21.1620883" lon="72.9615016">
        <time>2012-02-26T18:35:55Z</time>
      </trkpt>
      <trkpt lat="21.1618416" lon="72.9615516">
        <time>2012-02-26T18:35:56Z</time>
      </trkpt>
      <trkpt lat="21.1616000" lon="72.9616166">
        <time>2012-02-26T18:35:57Z</time>
      </trkpt>
      <trkpt lat="21.1613683" lon="72.9616983">
        <time>2012-02-26T18:35:58Z</time>
      </trkpt>
      <trkpt lat="21.1611433" lon="72.9617816">
        <time>2012-02-26T18:35:59Z</time>
      </trkpt>
      <trkpt lat="21.1609316" lon="72.9618816">
        <time>2012-02-26T18:36:00Z</time>
      </trkpt>
      <trkpt lat="21.1607183" lon="72.9619933">
        <time>2012-02-26T18:36:01Z</time>
      </trkpt>
      <trkpt lat="21.1605183" lon="72.9621133">
        <time>2012-02-26T18:36:02Z</time>
      </trkpt>
      <trkpt lat="21.1603116" lon="72.9622383">
        <time>2012-02-26T18:36:03Z</time>
      </trkpt>
      <trkpt lat="21.1600983" lon="72.9623666">
        <time>2012-02-26T18:36:04Z</time>
      </trkpt>
      <trkpt lat="21.1598866" lon="72.9624950">
        <time>2012-02-26T18:36:06Z</time>
      </trkpt>
      <trkpt lat="21.1596766" lon="72.9626350">
        <time>2012-02-26T18:36:06Z</time>
      </trkpt>
      <trkpt lat="21.1594600" lon="72.9627716">
        <time>2012-02-26T18:36:07Z</time>
      </trkpt>
      <trkpt lat="21.1592533" lon="72.9629000">
        <time>2012-02-26T18:36:08Z</time>
      </trkpt>
      <trkpt lat="21.1590666" lon="72.9630183">
        <time>2012-02-26T18:36:09Z</time>
      </trkpt>
      <trkpt lat="21.1589000" lon="72.9631266">
        <time>2012-02-26T18:36:10Z</time>
      </trkpt>
      <trkpt lat="21.1587500" lon="72.9632150">
        <time>2012-02-26T18:36:11Z</time>
      </trkpt>
      <trkpt lat="21.1586150" lon="72.9632933">
        <time>2012-02-26T18:36:12Z</time>
      </trkpt>
      <trkpt lat="21.1584983" lon="72.9633633">
        <time>2012-02-26T18:36:13Z</time>
      </trkpt>
      <trkpt lat="21.1583716" lon="72.9634400">
        <time>2012-02-26T18:36:14Z</time>
      </trkpt>
      <trkpt lat="21.1582383" lon="72.9635116">
        <time>2012-02-26T18:36:15Z</time>
      </trkpt>
      <trkpt lat="21.1580883" lon="72.9635850">
        <time>2012-02-26T18:36:16Z</time>
      </trkpt>
      <trkpt lat="21.1579383" lon="72.9636616">
        <time>2012-02-26T18:36:17Z</time>
      </trkpt>
      <trkpt lat="21.1577716" lon="72.9637250">
        <time>2012-02-26T18:36:18Z</time>
      </trkpt>
      <trkpt lat="21.1575783" lon="72.9637700">
        <time>2012-02-26T18:36:19Z</time>
      </trkpt>
      <trkpt lat="21.1573816" lon="72.9637900">
        <time>2012-02-26T18:36:20Z</time>
      </trkpt>
      <trkpt lat="21.1571766" lon="72.9637966">
        <time>2012-02-26T18:36:21Z</time>
      </trkpt>
      <trkpt lat="21.1569666" lon="72.9638133">
        <time>2012-02-26T18:36:22Z</time>
      </trkpt>
      <trkpt lat="21.1567600" lon="72.9638433">
        <time>2012-02-26T18:36:23Z</time>
      </trkpt>
      <trkpt lat="21.1565450" lon="72.9638633">
        <time>2012-02-26T18:36:24Z</time>
      </trkpt>
      <trkpt lat="21.1563216" lon="72.9638933">
        <time>2012-02-26T18:36:25Z</time>
      </trkpt>
      <trkpt lat="21.1560950" lon="72.9639250">
        <time>2012-02-26T18:36:26Z</time>
      </trkpt>
      <trkpt lat="21.1558633" lon="72.9639500">
        <time>2012-02-26T18:36:27Z</time>
      </trkpt>
      <trkpt lat="21.1556316" lon="72.9639766">
        <time>2012-02-26T18:36:28Z</time>
      </trkpt>
      <trkpt lat="21.1553966" lon="72.9640133">
        <time>2012-02-26T18:36:29Z</time>
      </trkpt>
      <trkpt lat="21.1551633" lon="72.9640450">
        <time>2012-02-26T18:36:30Z</time>
      </trkpt>
      <trkpt lat="21.1549300" lon="72.9640766">
        <time>2012-02-26T18:36:31Z</time>
      </trkpt>
      <trkpt lat="21.1546933" lon="72.9641083">
        <time>2012-02-26T18:36:32Z</time>
      </trkpt>
      <trkpt lat="21.1544483" lon="72.9641400">
        <time>2012-02-26T18:36:33Z</time>
      </trkpt>
      <trkpt lat="21.1542083" lon="72.9641716">
        <time>2012-02-26T18:36:34Z</time>
      </trkpt>
      <trkpt lat="21.1539866" lon="72.9642000">
        <time>2012-02-26T18:36:35Z</time>
      </trkpt>
      <trkpt lat="21.1537733" lon="72.9642233">
        <time>2012-02-26T18:36:36Z</time>
      </trkpt>
      <trkpt lat="21.1535800" lon="72.9642416">
        <time>2012-02-26T18:36:37Z</time>
      </trkpt>
      <trkpt lat="21.1533933" lon="72.9642616">
        <time>2012-02-26T18:36:38Z</time>
      </trkpt>
      <trkpt lat="21.1532116" lon="72.9642850">
        <time>2012-02-26T18:36:39Z</time>
      </trkpt>
      <trkpt lat="21.1530400" lon="72.9643083">
        <time>2012-02-26T18:36:40Z</time>
      </trkpt>
      <trkpt lat="21.1528650" lon="72.9643366">
        <time>2012-02-26T18:36:41Z</time>
      </trkpt>
      <trkpt lat="21.1526700" lon="72.9643566">
        <time>2012-02-26T18:36:42Z</time>
      </trkpt>
      <trkpt lat="21.1524683" lon="72.9643816">
        <time>2012-02-26T18:36:43Z</time>
      </trkpt>
      <trkpt lat="21.1522550" lon="72.9644116">
        <time>2012-02-26T18:36:44Z</time>
      </trkpt>
      <trkpt lat="21.1520350" lon="72.9644300">
        <time>2012-02-26T18:36:45Z</time>
      </trkpt>
      <trkpt lat="21.1518066" lon="72.9644483">
        <time>2012-02-26T18:36:46Z</time>
      </trkpt>
      <trkpt lat="21.1515716" lon="72.9644533">
        <time>2012-02-26T18:36:47Z</time>
      </trkpt>
      <trkpt lat="21.1513183" lon="72.9644800">
        <time>2012-02-26T18:36:48Z</time>
      </trkpt>
      <trkpt lat="21.1510650" lon="72.9645100">
        <time>2012-02-26T18:36:49Z</time>
      </trkpt>
      <trkpt lat="21.1508116" lon="72.9645383">
        <time>2012-02-26T18:36:50Z</time>
      </trkpt>
      <trkpt lat="21.1505516" lon="72.9645633">
        <time>2012-02-26T18:36:51Z</time>
      </trkpt>
      <trkpt lat="21.1502883" lon="72.9645850">
        <time>2012-02-26T18:36:52Z</time>
      </trkpt>
      <trkpt lat="21.1500300" lon="72.9646066">
        <time>2012-02-26T18:36:53Z</time>
      </trkpt>
      <trkpt lat="21.1497766" lon="72.9646333">
        <time>2012-02-26T18:36:54Z</time>
      </trkpt>
      <trkpt lat="21.1495233" lon="72.9646566">
        <time>2012-02-26T18:36:55Z</time>
      </trkpt>
      <trkpt lat="21.1492716" lon="72.9646866">
        <time>2012-02-26T18:36:56Z</time>
      </trkpt>
      <trkpt lat="21.1490100" lon="72.9647166">
        <time>2012-02-26T18:36:57Z</time>
      </trkpt>
      <trkpt lat="21.1487500" lon="72.9647400">
        <time>2012-02-26T18:36:58Z</time>
      </trkpt>
      <trkpt lat="21.1484950" lon="72.9647750">
        <time>2012-02-26T18:36:59Z</time>
      </trkpt>
      <trkpt lat="21.1482483" lon="72.9647966">
        <time>2012-02-26T18:37:00Z</time>
      </trkpt>
      <trkpt lat="21.1480000" lon="72.9648216">
        <time>2012-02-26T18:37:01Z</time>
      </trkpt>
      <trkpt lat="21.1477500" lon="72.9648433">
        <time>2012-02-26T18:37:02Z</time>
      </trkpt>
      <trkpt lat="21.1474966" lon="72.9648600">
        <time>2012-02-26T18:37:03Z</time>
      </trkpt>
      <trkpt lat="21.1472366" lon="72.9648850">
        <time>2012-02-26T18:37:04Z</time>
      </trkpt>
      <trkpt lat="21.1469716" lon="72.9649066">
        <time>2012-02-26T18:37:05Z</time>
      </trkpt>
      <trkpt lat="21.1467016" lon="72.9649300">
        <time>2012-02-26T18:37:06Z</time>
      </trkpt>
      <trkpt lat="21.1464183" lon="72.9649650">
        <time>2012-02-26T18:37:07Z</time>
      </trkpt>
      <trkpt lat="21.1461416" lon="72.9649950">
        <time>2012-02-26T18:37:08Z</time>
      </trkpt>
      <trkpt lat="21.1458700" lon="72.9650250">
        <time>2012-02-26T18:37:09Z</time>
      </trkpt>
      <trkpt lat="21.1455966" lon="72.9650533">
        <time>2012-02-26T18:37:10Z</time>
      </trkpt>
      <trkpt lat="21.1453216" lon="72.9651016">
        <time>2012-02-26T18:37:11Z</time>
      </trkpt>
      <trkpt lat="21.1450533" lon="72.9651383">
        <time>2012-02-26T18:37:12Z</time>
      </trkpt>
      <trkpt lat="21.1447850" lon="72.9651700">
        <time>2012-02-26T18:37:13Z</time>
      </trkpt>
      <trkpt lat="21.1445166" lon="72.9651983">
        <time>2012-02-26T18:37:14Z</time>
      </trkpt>
      <trkpt lat="21.1442566" lon="72.9652333">
        <time>2012-02-26T18:37:15Z</time>
      </trkpt>
      <trkpt lat="21.1439900" lon="72.9652583">
        <time>2012-02-26T18:37:16Z</time>
      </trkpt>
      <trkpt lat="21.1437283" lon="72.9652766">
        <time>2012-02-26T18:37:17Z</time>
      </trkpt>
      <trkpt lat="21.1434700" lon="72.9653100">
        <time>2012-02-26T18:37:18Z</time>
      </trkpt>
      <trkpt lat="21.1432233" lon="72.9653500">
        <time>2012-02-26T18:37:19Z</time>
      </trkpt>
      <trkpt lat="21.1429783" lon="72.9654033">
        <time>2012-02-26T18:37:20Z</time>
      </trkpt>
      <trkpt lat="21.1427333" lon="72.9654700">
        <time>2012-02-26T18:37:21Z</time>
      </trkpt>
      <trkpt lat="21.1424866" lon="72.9655533">
        <time>2012-02-26T18:37:22Z</time>
      </trkpt>
      <trkpt lat="21.1422483" lon="72.9656433">
        <time>2012-02-26T18:37:23Z</time>
      </trkpt>
      <trkpt lat="21.1420100" lon="72.9657266">
        <time>2012-02-26T18:37:24Z</time>
      </trkpt>
      <trkpt lat="21.1417850" lon="72.9658433">
        <time>2012-02-26T18:37:25Z</time>
      </trkpt>
      <trkpt lat="21.1415616" lon="72.9659816">
        <time>2012-02-26T18:37:26Z</time>
      </trkpt>
      <trkpt lat="21.1413483" lon="72.9661266">
        <time>2012-02-26T18:37:28Z</time>
      </trkpt>
      <trkpt lat="21.1411400" lon="72.9662816">
        <time>2012-02-26T18:37:29Z</time>
      </trkpt>
      <trkpt lat="21.1409416" lon="72.9664333">
        <time>2012-02-26T18:37:29Z</time>
      </trkpt>
      <trkpt lat="21.1407350" lon="72.9665900">
        <time>2012-02-26T18:37:30Z</time>
      </trkpt>
      <trkpt lat="21.1405283" lon="72.9667483">
        <time>2012-02-26T18:37:31Z</time>
      </trkpt>
      <trkpt lat="21.1403250" lon="72.9669050">
        <time>2012-02-26T18:37:32Z</time>
      </trkpt>
      <trkpt lat="21.1401250" lon="72.9670583">
        <time>2012-02-26T18:37:34Z</time>
      </trkpt>
      <trkpt lat="21.1399200" lon="72.9672016">
        <time>2012-02-26T18:37:35Z</time>
      </trkpt>
      <trkpt lat="21.1397200" lon="72.9673450">
        <time>2012-02-26T18:37:35Z</time>
      </trkpt>
      <trkpt lat="21.1395150" lon="72.9674616">
        <time>2012-02-26T18:37:36Z</time>
      </trkpt>
      <trkpt lat="21.1393133" lon="72.9675616">
        <time>2012-02-26T18:37:37Z</time>
      </trkpt>
      <trkpt lat="21.1391050" lon="72.9676383">
        <time>2012-02-26T18:37:38Z</time>
      </trkpt>
      <trkpt lat="21.1388883" lon="72.9677016">
        <time>2012-02-26T18:37:39Z</time>
      </trkpt>
      <trkpt lat="21.1386600" lon="72.9677666">
        <time>2012-02-26T18:37:40Z</time>
      </trkpt>
      <trkpt lat="21.1384250" lon="72.9678266">
        <time>2012-02-26T18:37:41Z</time>
      </trkpt>
      <trkpt lat="21.1381900" lon="72.9678833">
        <time>2012-02-26T18:37:42Z</time>
      </trkpt>
      <trkpt lat="21.1379466" lon="72.9679350">
        <time>2012-02-26T18:37:43Z</time>
      </trkpt>
      <trkpt lat="21.1377050" lon="72.9679933">
        <time>2012-02-26T18:37:44Z</time>
      </trkpt>
      <trkpt lat="21.1374483" lon="72.9680483">
        <time>2012-02-26T18:37:45Z</time>
      </trkpt>
      <trkpt lat="21.1371883" lon="72.9681066">
        <time>2012-02-26T18:37:46Z</time>
      </trkpt>
      <trkpt lat="21.1369350" lon="72.9681683">
        <time>2012-02-26T18:37:47Z</time>
      </trkpt>
      <trkpt lat="21.1366816" lon="72.9682250">
        <time>2012-02-26T18:37:48Z</time>
      </trkpt>
      <trkpt lat="21.1364200" lon="72.9682883">
        <time>2012-02-26T18:37:49Z</time>
      </trkpt>
      <trkpt lat="21.1361600" lon="72.9683533">
        <time>2012-02-26T18:37:50Z</time>
      </trkpt>
      <trkpt lat="21.1358966" lon="72.9684200">
        <time>2012-02-26T18:37:51Z</time>
      </trkpt>
      <trkpt lat="21.1356316" lon="72.9684916">
        <time>2012-02-26T18:37:52Z</time>
      </trkpt>
      <trkpt lat="21.1353616" lon="72.9685583">
        <time>2012-02-26T18:37:53Z</time>
      </trkpt>
      <trkpt lat="21.1350850" lon="72.9686250">
        <time>2012-02-26T18:37:54Z</time>
      </trkpt>
      <trkpt lat="21.1348083" lon="72.9686916">
        <time>2012-02-26T18:37:55Z</time>
      </trkpt>
      <trkpt lat="21.1345300" lon="72.9687616">
        <time>2012-02-26T18:37:56Z</time>
      </trkpt>
      <trkpt lat="21.1342616" lon="72.9688350">
        <time>2012-02-26T18:37:57Z</time>
      </trkpt>
      <trkpt lat="21.1339900" lon="72.9689100">
        <time>2012-02-26T18:37:58Z</time>
      </trkpt>
      <trkpt lat="21.1337216" lon="72.9689850">
        <time>2012-02-26T18:37:59Z</time>
      </trkpt>
      <trkpt lat="21.1334566" lon="72.9690700">
        <time>2012-02-26T18:38:00Z</time>
      </trkpt>
      <trkpt lat="21.1331950" lon="72.9691633">
        <time>2012-02-26T18:38:01Z</time>
      </trkpt>
      <trkpt lat="21.1329616" lon="72.9692516">
        <time>2012-02-26T18:38:02Z</time>
      </trkpt>
      <trkpt lat="21.1327300" lon="72.9693416">
        <time>2012-02-26T18:38:04Z</time>
      </trkpt>
      <trkpt lat="21.1324933" lon="72.9694350">
        <time>2012-02-26T18:38:04Z</time>
      </trkpt>
      <trkpt lat="21.1322450" lon="72.9695416">
        <time>2012-02-26T18:38:05Z</time>
      </trkpt>
      <trkpt lat="21.1319883" lon="72.9696550">
        <time>2012-02-26T18:38:06Z</time>
      </trkpt>
      <trkpt lat="21.1317216" lon="72.9697683">
        <time>2012-02-26T18:38:07Z</time>
      </trkpt>
      <trkpt lat="21.1314533" lon="72.9698850">
        <time>2012-02-26T18:38:08Z</time>
      </trkpt>
      <trkpt lat="21.1311883" lon="72.9700016">
        <time>2012-02-26T18:38:09Z</time>
      </trkpt>
      <trkpt lat="21.1309250" lon="72.9701150">
        <time>2012-02-26T18:38:10Z</time>
      </trkpt>
      <trkpt lat="21.1306566" lon="72.9702250">
        <time>2012-02-26T18:38:11Z</time>
      </trkpt>
      <trkpt lat="21.1303883" lon="72.9703416">
        <time>2012-02-26T18:38:12Z</time>
      </trkpt>
      <trkpt lat="21.1301183" lon="72.9704633">
        <time>2012-02-26T18:38:13Z</time>
      </trkpt>
      <trkpt lat="21.1298533" lon="72.9705816">
        <time>2012-02-26T18:38:14Z</time>
      </trkpt>
      <trkpt lat="21.1295866" lon="72.9707000">
        <time>2012-02-26T18:38:15Z</time>
      </trkpt>
      <trkpt lat="21.1293183" lon="72.9708166">
        <time>2012-02-26T18:38:16Z</time>
      </trkpt>
      <trkpt lat="21.1290450" lon="72.9709383">
        <time>2012-02-26T18:38:17Z</time>
      </trkpt>
      <trkpt lat="21.1287833" lon="72.9710566">
        <time>2012-02-26T18:38:18Z</time>
      </trkpt>
      <trkpt lat="21.1285316" lon="72.9711666">
        <time>2012-02-26T18:38:19Z</time>
      </trkpt>
      <trkpt lat="21.1282800" lon="72.9712783">
        <time>2012-02-26T18:38:20Z</time>
      </trkpt>
      <trkpt lat="21.1280283" lon="72.9713766">
        <time>2012-02-26T18:38:21Z</time>
      </trkpt>
      <trkpt lat="21.1277783" lon="72.9714650">
        <time>2012-02-26T18:38:22Z</time>
      </trkpt>
      <trkpt lat="21.1275183" lon="72.9715566">
        <time>2012-02-26T18:38:23Z</time>
      </trkpt>
      <trkpt lat="21.1272616" lon="72.9716450">
        <time>2012-02-26T18:38:24Z</time>
      </trkpt>
      <trkpt lat="21.1269916" lon="72.9717316">
        <time>2012-02-26T18:38:25Z</time>
      </trkpt>
      <trkpt lat="21.1267266" lon="72.9718200">
        <time>2012-02-26T18:38:26Z</time>
      </trkpt>
      <trkpt lat="21.1264616" lon="72.9719150">
        <time>2012-02-26T18:38:27Z</time>
      </trkpt>
      <trkpt lat="21.1261966" lon="72.9720116">
        <time>2012-02-26T18:38:28Z</time>
      </trkpt>
      <trkpt lat="21.1259250" lon="72.9721083">
        <time>2012-02-26T18:38:29Z</time>
      </trkpt>
      <trkpt lat="21.1256600" lon="72.9722083">
        <time>2012-02-26T18:38:30Z</time>
      </trkpt>
      <trkpt lat="21.1253900" lon="72.9723133">
        <time>2012-02-26T18:38:31Z</time>
      </trkpt>
      <trkpt lat="21.1251216" lon="72.9724216">
        <time>2012-02-26T18:38:32Z</time>
      </trkpt>
      <trkpt lat="21.1248566" lon="72.9725300">
        <time>2012-02-26T18:38:33Z</time>
      </trkpt>
      <trkpt lat="21.1245883" lon="72.9726316">
        <time>2012-02-26T18:38:34Z</time>
      </trkpt>
      <trkpt lat="21.1243250" lon="72.9727450">
        <time>2012-02-26T18:38:35Z</time>
      </trkpt>
      <trkpt lat="21.1240600" lon="72.9728633">
        <time>2012-02-26T18:38:36Z</time>
      </trkpt>
      <trkpt lat="21.1237966" lon="72.9729700">
        <time>2012-02-26T18:38:37Z</time>
      </trkpt>
      <trkpt lat="21.1235400" lon="72.9730750">
        <time>2012-02-26T18:38:38Z</time>
      </trkpt>
      <trkpt lat="21.1232816" lon="72.9731816">
        <time>2012-02-26T18:38:39Z</time>
      </trkpt>
      <trkpt lat="21.1230233" lon="72.9732900">
        <time>2012-02-26T18:38:40Z</time>
      </trkpt>
      <trkpt lat="21.1227600" lon="72.9733966">
        <time>2012-02-26T18:38:41Z</time>
      </trkpt>
      <trkpt lat="21.1225033" lon="72.9735050">
        <time>2012-02-26T18:38:42Z</time>
      </trkpt>
      <trkpt lat="21.1222466" lon="72.9736116">
        <time>2012-02-26T18:38:43Z</time>
      </trkpt>
      <trkpt lat="21.1219883" lon="72.9737183">
        <time>2012-02-26T18:38:44Z</time>
      </trkpt>
      <trkpt lat="21.1217266" lon="72.9738283">
        <time>2012-02-26T18:38:45Z</time>
      </trkpt>
      <trkpt lat="21.1214650" lon="72.9739316">
        <time>2012-02-26T18:38:46Z</time>
      </trkpt>
      <trkpt lat="21.1212000" lon="72.9740400">
        <time>2012-02-26T18:38:47Z</time>
      </trkpt>
      <trkpt lat="21.1209400" lon="72.9741500">
        <time>2012-02-26T18:38:48Z</time>
      </trkpt>
      <trkpt lat="21.1206716" lon="72.9742633">
        <time>2012-02-26T18:38:49Z</time>
      </trkpt>
      <trkpt lat="21.1204000" lon="72.9743716">
        <time>2012-02-26T18:38:50Z</time>
      </trkpt>
      <trkpt lat="21.1201300" lon="72.9744833">
        <time>2012-02-26T18:38:51Z</time>
      </trkpt>
      <trkpt lat="21.1198550" lon="72.9745983">
        <time>2012-02-26T18:38:52Z</time>
      </trkpt>
      <trkpt lat="21.1195800" lon="72.9747150">
        <time>2012-02-26T18:38:53Z</time>
      </trkpt>
      <trkpt lat="21.1193066" lon="72.9748300">
        <time>2012-02-26T18:38:54Z</time>
      </trkpt>
      <trkpt lat="21.1190333" lon="72.9749433">
        <time>2012-02-26T18:38:55Z</time>
      </trkpt>
      <trkpt lat="21.1187600" lon="72.9750516">
        <time>2012-02-26T18:38:56Z</time>
      </trkpt>
      <trkpt lat="21.1184816" lon="72.9751633">
        <time>2012-02-26T18:38:57Z</time>
      </trkpt>
      <trkpt lat="21.1182100" lon="72.9752750">
        <time>2012-02-26T18:38:58Z</time>
      </trkpt>
      <trkpt lat="21.1179333" lon="72.9753900">
        <time>2012-02-26T18:38:59Z</time>
      </trkpt>
      <trkpt lat="21.1176583" lon="72.9755066">
        <time>2012-02-26T18:39:00Z</time>
      </trkpt>
      <trkpt lat="21.1173866" lon="72.9756216">
        <time>2012-02-26T18:39:01Z</time>
      </trkpt>
      <trkpt lat="21.1171150" lon="72.9757333">
        <time>2012-02-26T18:39:02Z</time>
      </trkpt>
      <trkpt lat="21.1168566" lon="72.9758466">
        <time>2012-02-26T18:39:03Z</time>
      </trkpt>
      <trkpt lat="21.1166083" lon="72.9759550">
        <time>2012-02-26T18:39:04Z</time>
      </trkpt>
      <trkpt lat="21.1163633" lon="72.9760600">
        <time>2012-02-26T18:39:05Z</time>
      </trkpt>
      <trkpt lat="21.1161283" lon="72.9761600">
        <time>2012-02-26T18:39:06Z</time>
      </trkpt>
      <trkpt lat="21.1159016" lon="72.9762550">
        <time>2012-02-26T18:39:07Z</time>
      </trkpt>
      <trkpt lat="21.1156750" lon="72.9763383">
        <time>2012-02-26T18:39:08Z</time>
      </trkpt>
      <trkpt lat="21.1154466" lon="72.9764050">
        <time>2012-02-26T18:39:09Z</time>
      </trkpt>
      <trkpt lat="21.1152183" lon="72.9764750">
        <time>2012-02-26T18:39:10Z</time>
      </trkpt>
      <trkpt lat="21.1149783" lon="72.9765400">
        <time>2012-02-26T18:39:11Z</time>
      </trkpt>
      <trkpt lat="21.1147383" lon="72.9765966">
        <time>2012-02-26T18:39:12Z</time>
      </trkpt>
      <trkpt lat="21.1144916" lon="72.9766533">
        <time>2012-02-26T18:39:14Z</time>
      </trkpt>
      <trkpt lat="21.1142500" lon="72.9766750">
        <time>2012-02-26T18:39:14Z</time>
      </trkpt>
      <trkpt lat="21.1140100" lon="72.9766850">
        <time>2012-02-26T18:39:15Z</time>
      </trkpt>
      <trkpt lat="21.1137666" lon="72.9766933">
        <time>2012-02-26T18:39:16Z</time>
      </trkpt>
      <trkpt lat="21.1135216" lon="72.9766783">
        <time>2012-02-26T18:39:17Z</time>
      </trkpt>
      <trkpt lat="21.1132700" lon="72.9766583">
        <time>2012-02-26T18:39:18Z</time>
      </trkpt>
      <trkpt lat="21.1130316" lon="72.9766483">
        <time>2012-02-26T18:39:19Z</time>
      </trkpt>
      <trkpt lat="21.1127933" lon="72.9766333">
        <time>2012-02-26T18:39:20Z</time>
      </trkpt>
      <trkpt lat="21.1125516" lon="72.9766316">
        <time>2012-02-26T18:39:21Z</time>
      </trkpt>
      <trkpt lat="21.1123116" lon="72.9766250">
        <time>2012-02-26T18:39:22Z</time>
      </trkpt>
      <trkpt lat="21.1120550" lon="72.9766050">
        <time>2012-02-26T18:39:23Z</time>
      </trkpt>
      <trkpt lat="21.1117933" lon="72.9765933">
        <time>2012-02-26T18:39:24Z</time>
      </trkpt>
      <trkpt lat="21.1115350" lon="72.9765883">
        <time>2012-02-26T18:39:25Z</time>
      </trkpt>
      <trkpt lat="21.1112716" lon="72.9765716">
        <time>2012-02-26T18:39:26Z</time>
      </trkpt>
      <trkpt lat="21.1110066" lon="72.9765483">
        <time>2012-02-26T18:39:27Z</time>
      </trkpt>
      <trkpt lat="21.1107383" lon="72.9765216">
        <time>2012-02-26T18:39:28Z</time>
      </trkpt>
      <trkpt lat="21.1104766" lon="72.9764966">
        <time>2012-02-26T18:39:29Z</time>
      </trkpt>
      <trkpt lat="21.1102133" lon="72.9764666">
        <time>2012-02-26T18:39:30Z</time>
      </trkpt>
      <trkpt lat="21.1099433" lon="72.9764416">
        <time>2012-02-26T18:39:31Z</time>
      </trkpt>
      <trkpt lat="21.1096733" lon="72.9764266">
        <time>2012-02-26T18:39:32Z</time>
      </trkpt>
      <trkpt lat="21.1094050" lon="72.9764133">
        <time>2012-02-26T18:39:34Z</time>
      </trkpt>
      <trkpt lat="21.1091366" lon="72.9763933">
        <time>2012-02-26T18:39:34Z</time>
      </trkpt>
      <trkpt lat="21.1088700" lon="72.9763650">
        <time>2012-02-26T18:39:35Z</time>
      </trkpt>
      <trkpt lat="21.1086000" lon="72.9763283">
        <time>2012-02-26T18:39:36Z</time>
      </trkpt>
      <trkpt lat="21.1083283" lon="72.9762800">
        <time>2012-02-26T18:39:37Z</time>
      </trkpt>
      <trkpt lat="21.1080683" lon="72.9762383">
        <time>2012-02-26T18:39:38Z</time>
      </trkpt>
      <trkpt lat="21.1078033" lon="72.9762016">
        <time>2012-02-26T18:39:39Z</time>
      </trkpt>
      <trkpt lat="21.1075316" lon="72.9761633">
        <time>2012-02-26T18:39:40Z</time>
      </trkpt>
      <trkpt lat="21.1072566" lon="72.9761216">
        <time>2012-02-26T18:39:41Z</time>
      </trkpt>
      <trkpt lat="21.1069750" lon="72.9760983">
        <time>2012-02-26T18:39:42Z</time>
      </trkpt>
      <trkpt lat="21.1067000" lon="72.9760633">
        <time>2012-02-26T18:39:43Z</time>
      </trkpt>
      <trkpt lat="21.1064333" lon="72.9760400">
        <time>2012-02-26T18:39:44Z</time>
      </trkpt>
      <trkpt lat="21.1061750" lon="72.9760116">
        <time>2012-02-26T18:39:45Z</time>
      </trkpt>
      <trkpt lat="21.1059300" lon="72.9759833">
        <time>2012-02-26T18:39:46Z</time>
      </trkpt>
      <trkpt lat="21.1056966" lon="72.9759566">
        <time>2012-02-26T18:39:47Z</time>
      </trkpt>
      <trkpt lat="21.1054750" lon="72.9759200">
        <time>2012-02-26T18:39:48Z</time>
      </trkpt>
      <trkpt lat="21.1052650" lon="72.9758950">
        <time>2012-02-26T18:39:49Z</time>
      </trkpt>
      <trkpt lat="21.1050733" lon="72.9758666">
        <time>2012-02-26T18:39:50Z</time>
      </trkpt>
      <trkpt lat="21.1048933" lon="72.9758466">
        <time>2012-02-26T18:39:51Z</time>
      </trkpt>
      <trkpt lat="21.1047016" lon="72.9758366">
        <time>2012-02-26T18:39:52Z</time>
      </trkpt>
      <trkpt lat="21.1045116" lon="72.9758300">
        <time>2012-02-26T18:39:53Z</time>
      </trkpt>
      <trkpt lat="21.1043116" lon="72.9758150">
        <time>2012-02-26T18:39:54Z</time>
      </trkpt>
      <trkpt lat="21.1041066" lon="72.9758050">
        <time>2012-02-26T18:39:55Z</time>
      </trkpt>
      <trkpt lat="21.1038900" lon="72.9758066">
        <time>2012-02-26T18:39:56Z</time>
      </trkpt>
      <trkpt lat="21.1036633" lon="72.9758150">
        <time>2012-02-26T18:39:57Z</time>
      </trkpt>
      <trkpt lat="21.1034433" lon="72.9758283">
        <time>2012-02-26T18:39:58Z</time>
      </trkpt>
      <trkpt lat="21.1032166" lon="72.9758483">
        <time>2012-02-26T18:39:59Z</time>
      </trkpt>
      <trkpt lat="21.1029900" lon="72.9758766">
        <time>2012-02-26T18:40:00Z</time>
      </trkpt>
      <trkpt lat="21.1027583" lon="72.9759066">
        <time>2012-02-26T18:40:01Z</time>
      </trkpt>
      <trkpt lat="21.1025250" lon="72.9759500">
        <time>2012-02-26T18:40:02Z</time>
      </trkpt>
      <trkpt lat="21.1022816" lon="72.9760000">
        <time>2012-02-26T18:40:03Z</time>
      </trkpt>
      <trkpt lat="21.1020416" lon="72.9760483">
        <time>2012-02-26T18:40:04Z</time>
      </trkpt>
      <trkpt lat="21.1018033" lon="72.9761150">
        <time>2012-02-26T18:40:05Z</time>
      </trkpt>
      <trkpt lat="21.1015566" lon="72.9761600">
        <time>2012-02-26T18:40:06Z</time>
      </trkpt>
      <trkpt lat="21.1013100" lon="72.9762083">
        <time>2012-02-26T18:40:09Z</time>
      </trkpt>
      <trkpt lat="21.1010650" lon="72.9762600">
        <time>2012-02-26T18:40:09Z</time>
      </trkpt>
      <trkpt lat="21.1008166" lon="72.9763050">
        <time>2012-02-26T18:40:09Z</time>
      </trkpt>
      <trkpt lat="21.1005633" lon="72.9763483">
        <time>2012-02-26T18:40:10Z</time>
      </trkpt>
      <trkpt lat="21.1003150" lon="72.9763816">
        <time>2012-02-26T18:40:11Z</time>
      </trkpt>
      <trkpt lat="21.1000683" lon="72.9764100">
        <time>2012-02-26T18:40:12Z</time>
      </trkpt>
    </trkseg>
  </trk>
  <trk>
    <name>20110106233157.gpx</name>
    <desc>12952 (NDLS-BCT)</desc>
    <url>/user/wangchun/traces/900289</url>
    <trkseg>
      <trkpt lat="21.2498390" lon="72.8631550">
        <time>2011-01-07T15:11:05Z</time>
      </trkpt>
      <trkpt lat="21.2495710" lon="72.8630530">
        <time>2011-01-07T15:11:06Z</time>
      </trkpt>
      <trkpt lat="21.2493010" lon="72.8629480">
        <time>2011-01-07T15:11:07Z</time>
      </trkpt>
      <trkpt lat="21.2490350" lon="72.8628380">
        <time>2011-01-07T15:11:08Z</time>
      </trkpt>
      <trkpt lat="21.2487760" lon="72.8627350">
        <time>2011-01-07T15:11:09Z</time>
      </trkpt>
      <trkpt lat="21.2485210" lon="72.8626310">
        <time>2011-01-07T15:11:10Z</time>
      </trkpt>
      <trkpt lat="21.2482610" lon="72.8625310">
        <time>2011-01-07T15:11:11Z</time>
      </trkpt>
      <trkpt lat="21.2480010" lon="72.8624350">
        <time>2011-01-07T15:11:12Z</time>
      </trkpt>
      <trkpt lat="21.2477360" lon="72.8623360">
        <time>2011-01-07T15:11:13Z</time>
      </trkpt>
      <trkpt lat="21.2474750" lon="72.8622310">
        <time>2011-01-07T15:11:14Z</time>
      </trkpt>
      <trkpt lat="21.2472040" lon="72.8621330">
        <time>2011-01-07T15:11:15Z</time>
      </trkpt>
      <trkpt lat="21.2469450" lon="72.8620340">
        <time>2011-01-07T15:11:16Z</time>
      </trkpt>
      <trkpt lat="21.2461660" lon="72.8617280">
        <time>2011-01-07T15:11:19Z</time>
      </trkpt>
      <trkpt lat="21.2459060" lon="72.8616300">
        <time>2011-01-07T15:11:20Z</time>
      </trkpt>
      <trkpt lat="21.2456490" lon="72.8615290">
        <time>2011-01-07T15:11:21Z</time>
      </trkpt>
      <trkpt lat="21.2453930" lon="72.8614310">
        <time>2011-01-07T15:11:22Z</time>
      </trkpt>
      <trkpt lat="21.2451410" lon="72.8613300">
        <time>2011-01-07T15:11:23Z</time>
      </trkpt>
      <trkpt lat="21.2448880" lon="72.8612330">
        <time>2011-01-07T15:11:24Z</time>
      </trkpt>
      <trkpt lat="21.2446300" lon="72.8611390">
        <time>2011-01-07T15:11:25Z</time>
      </trkpt>
      <trkpt lat="21.2443700" lon="72.8610410">
        <time>2011-01-07T15:11:26Z</time>
      </trkpt>
      <trkpt lat="21.2441080" lon="72.8609380">
        <time>2011-01-07T15:11:27Z</time>
      </trkpt>
      <trkpt lat="21.2438430" lon="72.8608340">
        <time>2011-01-07T15:11:28Z</time>
      </trkpt>
      <trkpt lat="21.2435810" lon="72.8607360">
        <time>2011-01-07T15:11:29Z</time>
      </trkpt>
      <trkpt lat="21.2433130" lon="72.8606350">
        <time>2011-01-07T15:11:30Z</time>
      </trkpt>
      <trkpt lat="21.2430560" lon="72.8605380">
        <time>2011-01-07T15:11:31Z</time>
      </trkpt>
      <trkpt lat="21.2428030" lon="72.8604430">
        <time>2011-01-07T15:11:32Z</time>
      </trkpt>
      <trkpt lat="21.2425460" lon="72.8603430">
        <time>2011-01-07T15:11:33Z</time>
      </trkpt>
      <trkpt lat="21.2422910" lon="72.8602510">
        <time>2011-01-07T15:11:34Z</time>
      </trkpt>
      <trkpt lat="21.2420430" lon="72.8601530">
        <time>2011-01-07T15:11:35Z</time>
      </trkpt>
      <trkpt lat="21.2417950" lon="72.8600560">
        <time>2011-01-07T15:11:36Z</time>
      </trkpt>
      <trkpt lat="21.2415500" lon="72.8599480">
        <time>2011-01-07T15:11:37Z</time>
      </trkpt>
      <trkpt lat="21.2413080" lon="72.8598400">
        <time>2011-01-07T15:11:38Z</time>
      </trkpt>
      <trkpt lat="21.2410580" lon="72.8597300">
        <time>2011-01-07T15:11:39Z</time>
      </trkpt>
      <trkpt lat="21.2408090" lon="72.8596190">
        <time>2011-01-07T15:11:40Z</time>
      </trkpt>
      <trkpt lat="21.2405710" lon="72.8595110">
        <time>2011-01-07T15:11:41Z</time>
      </trkpt>
      <trkpt lat="21.2403190" lon="72.8593940">
        <time>2011-01-07T15:11:42Z</time>
      </trkpt>
      <trkpt lat="21.2400810" lon="72.8592780">
        <time>2011-01-07T15:11:43Z</time>
      </trkpt>
      <trkpt lat="21.2398430" lon="72.8591560">
        <time>2011-01-07T15:11:44Z</time>
      </trkpt>
      <trkpt lat="21.2395990" lon="72.8590340">
        <time>2011-01-07T15:11:45Z</time>
      </trkpt>
      <trkpt lat="21.2393460" lon="72.8589090">
        <time>2011-01-07T15:11:46Z</time>
      </trkpt>
      <trkpt lat="21.2391080" lon="72.8587860">
        <time>2011-01-07T15:11:47Z</time>
      </trkpt>
      <trkpt lat="21.2388680" lon="72.8586580">
        <time>2011-01-07T15:11:48Z</time>
      </trkpt>
      <trkpt lat="21.2386360" lon="72.8585310">
        <time>2011-01-07T15:11:49Z</time>
      </trkpt>
      <trkpt lat="21.2384060" lon="72.8583950">
        <time>2011-01-07T15:11:50Z</time>
      </trkpt>
      <trkpt lat="21.2381630" lon="72.8582580">
        <time>2011-01-07T15:11:51Z</time>
      </trkpt>
      <trkpt lat="21.2379310" lon="72.8581280">
        <time>2011-01-07T15:11:52Z</time>
      </trkpt>
      <trkpt lat="21.2377050" lon="72.8579910">
        <time>2011-01-07T15:11:53Z</time>
      </trkpt>
      <trkpt lat="21.2374780" lon="72.8578600">
        <time>2011-01-07T15:11:54Z</time>
      </trkpt>
      <trkpt lat="21.2372480" lon="72.8577230">
        <time>2011-01-07T15:11:55Z</time>
      </trkpt>
      <trkpt lat="21.2370180" lon="72.8575900">
        <time>2011-01-07T15:11:56Z</time>
      </trkpt>
      <trkpt lat="21.2367830" lon="72.8574560">
        <time>2011-01-07T15:11:57Z</time>
      </trkpt>
      <trkpt lat="21.2365540" lon="72.8573140">
        <time>2011-01-07T15:11:58Z</time>
      </trkpt>
      <trkpt lat="21.2363310" lon="72.8571730">
        <time>2011-01-07T15:11:59Z</time>
      </trkpt>
      <trkpt lat="21.2361080" lon="72.8570310">
        <time>2011-01-07T15:12:00Z</time>
      </trkpt>
      <trkpt lat="21.2358960" lon="72.8568840">
        <time>2011-01-07T15:12:01Z</time>
      </trkpt>
      <trkpt lat="21.2356880" lon="72.8567360">
        <time>2011-01-07T15:12:02Z</time>
      </trkpt>
      <trkpt lat="21.2354700" lon="72.8565860">
        <time>2011-01-07T15:12:03Z</time>
      </trkpt>
      <trkpt lat="21.2352440" lon="72.8564340">
        <time>2011-01-07T15:12:04Z</time>
      </trkpt>
      <trkpt lat="21.2350260" lon="72.8562830">
        <time>2011-01-07T15:12:05Z</time>
      </trkpt>
      <trkpt lat="21.2348150" lon="72.8561240">
        <time>2011-01-07T15:12:06Z</time>
      </trkpt>
      <trkpt lat="21.2346010" lon="72.8559710">
        <time>2011-01-07T15:12:07Z</time>
      </trkpt>
      <trkpt lat="21.2343930" lon="72.8558180">
        <time>2011-01-07T15:12:08Z</time>
      </trkpt>
      <trkpt lat="21.2341750" lon="72.8556610">
        <time>2011-01-07T15:12:09Z</time>
      </trkpt>
      <trkpt lat="21.2339530" lon="72.8555080">
        <time>2011-01-07T15:12:10Z</time>
      </trkpt>
      <trkpt lat="21.2337230" lon="72.8553540">
        <time>2011-01-07T15:12:11Z</time>
      </trkpt>
      <trkpt lat="21.2335040" lon="72.8551960">
        <time>2011-01-07T15:12:12Z</time>
      </trkpt>
      <trkpt lat="21.2332880" lon="72.8550460">
        <time>2011-01-07T15:12:13Z</time>
      </trkpt>
      <trkpt lat="21.2330590" lon="72.8548980">
        <time>2011-01-07T15:12:14Z</time>
      </trkpt>
      <trkpt lat="21.2328450" lon="72.8547550">
        <time>2011-01-07T15:12:15Z</time>
      </trkpt>
      <trkpt lat="21.2326410" lon="72.8546160">
        <time>2011-01-07T15:12:16Z</time>
      </trkpt>
      <trkpt lat="21.2324400" lon="72.8544730">
        <time>2011-01-07T15:12:17Z</time>
      </trkpt>
      <trkpt lat="21.2322310" lon="72.8543230">
        <time>2011-01-07T15:12:18Z</time>
      </trkpt>
      <trkpt lat="21.2320210" lon="72.8541780">
        <time>2011-01-07T15:12:19Z</time>
      </trkpt>
      <trkpt lat="21.2318160" lon="72.8540260">
        <time>2011-01-07T15:12:20Z</time>
      </trkpt>
      <trkpt lat="21.2316050" lon="72.8538810">
        <time>2011-01-07T15:12:21Z</time>
      </trkpt>
      <trkpt lat="21.2313890" lon="72.8537410">
        <time>2011-01-07T15:12:22Z</time>
      </trkpt>
      <trkpt lat="21.2311790" lon="72.8535950">
        <time>2011-01-07T15:12:23Z</time>
      </trkpt>
      <trkpt lat="21.2309790" lon="72.8534390">
        <time>2011-01-07T15:12:24Z</time>
      </trkpt>
      <trkpt lat="21.2307810" lon="72.8532780">
        <time>2011-01-07T15:12:25Z</time>
      </trkpt>
      <trkpt lat="21.2305880" lon="72.8531200">
        <time>2011-01-07T15:12:26Z</time>
      </trkpt>
      <trkpt lat="21.2304010" lon="72.8529590">
        <time>2011-01-07T15:12:27Z</time>
      </trkpt>
      <trkpt lat="21.2302160" lon="72.8527950">
        <time>2011-01-07T15:12:28Z</time>
      </trkpt>
      <trkpt lat="21.2300310" lon="72.8526260">
        <time>2011-01-07T15:12:29Z</time>
      </trkpt>
      <trkpt lat="21.2298560" lon="72.8524610">
        <time>2011-01-07T15:12:30Z</time>
      </trkpt>
      <trkpt lat="21.2296810" lon="72.8522940">
        <time>2011-01-07T15:12:31Z</time>
      </trkpt>
      <trkpt lat="21.2294980" lon="72.8521260">
        <time>2011-01-07T15:12:32Z</time>
      </trkpt>
      <trkpt lat="21.2293180" lon="72.8519660">
        <time>2011-01-07T15:12:33Z</time>
      </trkpt>
      <trkpt lat="21.2291390" lon="72.8518060">
        <time>2011-01-07T15:12:34Z</time>
      </trkpt>
      <trkpt lat="21.2289630" lon="72.8516540">
        <time>2011-01-07T15:12:35Z</time>
      </trkpt>
      <trkpt lat="21.2287960" lon="72.8514980">
        <time>2011-01-07T15:12:36Z</time>
      </trkpt>
      <trkpt lat="21.2286290" lon="72.8513500">
        <time>2011-01-07T15:12:37Z</time>
      </trkpt>
      <trkpt lat="21.2284580" lon="72.8512060">
        <time>2011-01-07T15:12:38Z</time>
      </trkpt>
      <trkpt lat="21.2282930" lon="72.8510660">
        <time>2011-01-07T15:12:39Z</time>
      </trkpt>
      <trkpt lat="21.2281410" lon="72.8509300">
        <time>2011-01-07T15:12:40Z</time>
      </trkpt>
      <trkpt lat="21.2279890" lon="72.8507860">
        <time>2011-01-07T15:12:41Z</time>
      </trkpt>
      <trkpt lat="21.2278360" lon="72.8506440">
        <time>2011-01-07T15:12:42Z</time>
      </trkpt>
      <trkpt lat="21.2276860" lon="72.8505030">
        <time>2011-01-07T15:12:43Z</time>
      </trkpt>
      <trkpt lat="21.2275330" lon="72.8503610">
        <time>2011-01-07T15:12:44Z</time>
      </trkpt>
      <trkpt lat="21.2273800" lon="72.8502180">
        <time>2011-01-07T15:12:45Z</time>
      </trkpt>
      <trkpt lat="21.2272210" lon="72.8500780">
        <time>2011-01-07T15:12:46Z</time>
      </trkpt>
      <trkpt lat="21.2270800" lon="72.8499490">
        <time>2011-01-07T15:12:47Z</time>
      </trkpt>
      <trkpt lat="21.2269430" lon="72.8498230">
        <time>2011-01-07T15:12:48Z</time>
      </trkpt>
      <trkpt lat="21.2268060" lon="72.8496940">
        <time>2011-01-07T15:12:49Z</time>
      </trkpt>
      <trkpt lat="21.2266700" lon="72.8495580">
        <time>2011-01-07T15:12:50Z</time>
      </trkpt>
      <trkpt lat="21.2265330" lon="72.8494210">
        <time>2011-01-07T15:12:51Z</time>
      </trkpt>
      <trkpt lat="21.2263880" lon="72.8492860">
        <time>2011-01-07T15:12:52Z</time>
      </trkpt>
      <trkpt lat="21.2262400" lon="72.8491460">
        <time>2011-01-07T15:12:53Z</time>
      </trkpt>
      <trkpt lat="21.2260910" lon="72.8489940">
        <time>2011-01-07T15:12:54Z</time>
      </trkpt>
      <trkpt lat="21.2259530" lon="72.8488580">
        <time>2011-01-07T15:12:55Z</time>
      </trkpt>
      <trkpt lat="21.2258130" lon="72.8487260">
        <time>2011-01-07T15:12:56Z</time>
      </trkpt>
      <trkpt lat="21.2256810" lon="72.8485990">
        <time>2011-01-07T15:12:57Z</time>
      </trkpt>
      <trkpt lat="21.2255530" lon="72.8484710">
        <time>2011-01-07T15:12:58Z</time>
      </trkpt>
      <trkpt lat="21.2254300" lon="72.8483440">
        <time>2011-01-07T15:12:59Z</time>
      </trkpt>
      <trkpt lat="21.2253030" lon="72.8482190">
        <time>2011-01-07T15:13:00Z</time>
      </trkpt>
      <trkpt lat="21.2251910" lon="72.8481080">
        <time>2011-01-07T15:13:01Z</time>
      </trkpt>
      <trkpt lat="21.2250830" lon="72.8479910">
        <time>2011-01-07T15:13:02Z</time>
      </trkpt>
      <trkpt lat="21.2249590" lon="72.8478590">
        <time>2011-01-07T15:13:03Z</time>
      </trkpt>
      <trkpt lat="21.2248530" lon="72.8477380">
        <time>2011-01-07T15:13:04Z</time>
      </trkpt>
      <trkpt lat="21.2247550" lon="72.8476230">
        <time>2011-01-07T15:13:05Z</time>
      </trkpt>
      <trkpt lat="21.2246590" lon="72.8475010">
        <time>2011-01-07T15:13:06Z</time>
      </trkpt>
      <trkpt lat="21.2245600" lon="72.8473830">
        <time>2011-01-07T15:13:07Z</time>
      </trkpt>
      <trkpt lat="21.2244440" lon="72.8472510">
        <time>2011-01-07T15:13:08Z</time>
      </trkpt>
      <trkpt lat="21.2243400" lon="72.8471230">
        <time>2011-01-07T15:13:09Z</time>
      </trkpt>
      <trkpt lat="21.2242260" lon="72.8469910">
        <time>2011-01-07T15:13:10Z</time>
      </trkpt>
      <trkpt lat="21.2241290" lon="72.8468640">
        <time>2011-01-07T15:13:11Z</time>
      </trkpt>
      <trkpt lat="21.2240260" lon="72.8467360">
        <time>2011-01-07T15:13:12Z</time>
      </trkpt>
      <trkpt lat="21.2239300" lon="72.8466150">
        <time>2011-01-07T15:13:13Z</time>
      </trkpt>
      <trkpt lat="21.2238290" lon="72.8464930">
        <time>2011-01-07T15:13:14Z</time>
      </trkpt>
      <trkpt lat="21.2237210" lon="72.8463650">
        <time>2011-01-07T15:13:15Z</time>
      </trkpt>
      <trkpt lat="21.2236110" lon="72.8462400">
        <time>2011-01-07T15:13:16Z</time>
      </trkpt>
      <trkpt lat="21.2235030" lon="72.8461140">
        <time>2011-01-07T15:13:17Z</time>
      </trkpt>
      <trkpt lat="21.2234010" lon="72.8459890">
        <time>2011-01-07T15:13:18Z</time>
      </trkpt>
      <trkpt lat="21.2233060" lon="72.8458730">
        <time>2011-01-07T15:13:19Z</time>
      </trkpt>
      <trkpt lat="21.2232040" lon="72.8457580">
        <time>2011-01-07T15:13:20Z</time>
      </trkpt>
      <trkpt lat="21.2230930" lon="72.8456390">
        <time>2011-01-07T15:13:21Z</time>
      </trkpt>
      <trkpt lat="21.2229780" lon="72.8455280">
        <time>2011-01-07T15:13:22Z</time>
      </trkpt>
      <trkpt lat="21.2228660" lon="72.8454180">
        <time>2011-01-07T15:13:23Z</time>
      </trkpt>
      <trkpt lat="21.2227540" lon="72.8453030">
        <time>2011-01-07T15:13:24Z</time>
      </trkpt>
      <trkpt lat="21.2226450" lon="72.8451860">
        <time>2011-01-07T15:13:25Z</time>
      </trkpt>
      <trkpt lat="21.2225440" lon="72.8450730">
        <time>2011-01-07T15:13:26Z</time>
      </trkpt>
      <trkpt lat="21.2224280" lon="72.8449550">
        <time>2011-01-07T15:13:27Z</time>
      </trkpt>
      <trkpt lat="21.2223080" lon="72.8448480">
        <time>2011-01-07T15:13:28Z</time>
      </trkpt>
      <trkpt lat="21.2221830" lon="72.8447380">
        <time>2011-01-07T15:13:29Z</time>
      </trkpt>
      <trkpt lat="21.2220610" lon="72.8446260">
        <time>2011-01-07T15:13:30Z</time>
      </trkpt>
      <trkpt lat="21.2219430" lon="72.8445160">
        <time>2011-01-07T15:13:31Z</time>
      </trkpt>
      <trkpt lat="21.2218240" lon="72.8444180">
        <time>2011-01-07T15:13:32Z</time>
      </trkpt>
      <trkpt lat="21.2216940" lon="72.8443160">
        <time>2011-01-07T15:13:33Z</time>
      </trkpt>
      <trkpt lat="21.2215830" lon="72.8442280">
        <time>2011-01-07T15:13:34Z</time>
      </trkpt>
      <trkpt lat="21.2214730" lon="72.8441390">
        <time>2011-01-07T15:13:35Z</time>
      </trkpt>
      <trkpt lat="21.2213700" lon="72.8440460">
        <time>2011-01-07T15:13:36Z</time>
      </trkpt>
      <trkpt lat="21.2212660" lon="72.8439560">
        <time>2011-01-07T15:13:37Z</time>
      </trkpt>
      <trkpt lat="21.2211580" lon="72.8438660">
        <time>2011-01-07T15:13:38Z</time>
      </trkpt>
      <trkpt lat="21.2210540" lon="72.8437890">
        <time>2011-01-07T15:13:39Z</time>
      </trkpt>
      <trkpt lat="21.2209450" lon="72.8437090">
        <time>2011-01-07T15:13:40Z</time>
      </trkpt>
      <trkpt lat="21.2208350" lon="72.8436310">
        <time>2011-01-07T15:13:41Z</time>
      </trkpt>
      <trkpt lat="21.2207160" lon="72.8435550">
        <time>2011-01-07T15:13:42Z</time>
      </trkpt>
      <trkpt lat="21.2205980" lon="72.8434800">
        <time>2011-01-07T15:13:43Z</time>
      </trkpt>
      <trkpt lat="21.2204930" lon="72.8434080">
        <time>2011-01-07T15:13:44Z</time>
      </trkpt>
      <trkpt lat="21.2203860" lon="72.8433390">
        <time>2011-01-07T15:13:45Z</time>
      </trkpt>
      <trkpt lat="21.2202850" lon="72.8432630">
        <time>2011-01-07T15:13:46Z</time>
      </trkpt>
      <trkpt lat="21.2201790" lon="72.8431910">
        <time>2011-01-07T15:13:47Z</time>
      </trkpt>
      <trkpt lat="21.2200750" lon="72.8431260">
        <time>2011-01-07T15:13:48Z</time>
      </trkpt>
      <trkpt lat="21.2199730" lon="72.8430590">
        <time>2011-01-07T15:13:49Z</time>
      </trkpt>
      <trkpt lat="21.2198700" lon="72.8430000">
        <time>2011-01-07T15:13:50Z</time>
      </trkpt>
      <trkpt lat="21.2197650" lon="72.8429290">
        <time>2011-01-07T15:13:51Z</time>
      </trkpt>
      <trkpt lat="21.2196610" lon="72.8428650">
        <time>2011-01-07T15:13:52Z</time>
      </trkpt>
      <trkpt lat="21.2195580" lon="72.8427940">
        <time>2011-01-07T15:13:53Z</time>
      </trkpt>
      <trkpt lat="21.2194510" lon="72.8427260">
        <time>2011-01-07T15:13:54Z</time>
      </trkpt>
      <trkpt lat="21.2193460" lon="72.8426630">
        <time>2011-01-07T15:13:55Z</time>
      </trkpt>
      <trkpt lat="21.2192430" lon="72.8426030">
        <time>2011-01-07T15:13:56Z</time>
      </trkpt>
      <trkpt lat="21.2191400" lon="72.8425430">
        <time>2011-01-07T15:13:57Z</time>
      </trkpt>
      <trkpt lat="21.2190410" lon="72.8424860">
        <time>2011-01-07T15:13:58Z</time>
      </trkpt>
      <trkpt lat="21.2187030" lon="72.8422880">
        <time>2011-01-07T15:14:01Z</time>
      </trkpt>
      <trkpt lat="21.2185910" lon="72.8422260">
        <time>2011-01-07T15:14:02Z</time>
      </trkpt>
      <trkpt lat="21.2184710" lon="72.8421610">
        <time>2011-01-07T15:14:03Z</time>
      </trkpt>
      <trkpt lat="21.2183490" lon="72.8420990">
        <time>2011-01-07T15:14:04Z</time>
      </trkpt>
      <trkpt lat="21.2182490" lon="72.8420430">
        <time>2011-01-07T15:14:05Z</time>
      </trkpt>
      <trkpt lat="21.2181340" lon="72.8419880">
        <time>2011-01-07T15:14:06Z</time>
      </trkpt>
      <trkpt lat="21.2180280" lon="72.8419400">
        <time>2011-01-07T15:14:07Z</time>
      </trkpt>
      <trkpt lat="21.2179130" lon="72.8418910">
        <time>2011-01-07T15:14:08Z</time>
      </trkpt>
      <trkpt lat="21.2178030" lon="72.8418410">
        <time>2011-01-07T15:14:09Z</time>
      </trkpt>
      <trkpt lat="21.2176880" lon="72.8417900">
        <time>2011-01-07T15:14:10Z</time>
      </trkpt>
      <trkpt lat="21.2175710" lon="72.8417360">
        <time>2011-01-07T15:14:11Z</time>
      </trkpt>
      <trkpt lat="21.2174530" lon="72.8416830">
        <time>2011-01-07T15:14:12Z</time>
      </trkpt>
      <trkpt lat="21.2173460" lon="72.8416330">
        <time>2011-01-07T15:14:13Z</time>
      </trkpt>
      <trkpt lat="21.2172410" lon="72.8415850">
        <time>2011-01-07T15:14:14Z</time>
      </trkpt>
      <trkpt lat="21.2171330" lon="72.8415360">
        <time>2011-01-07T15:14:15Z</time>
      </trkpt>
      <trkpt lat="21.2170210" lon="72.8414910">
        <time>2011-01-07T15:14:16Z</time>
      </trkpt>
      <trkpt lat="21.2169080" lon="72.8414430">
        <time>2011-01-07T15:14:17Z</time>
      </trkpt>
      <trkpt lat="21.2167980" lon="72.8413960">
        <time>2011-01-07T15:14:18Z</time>
      </trkpt>
      <trkpt lat="21.2166910" lon="72.8413480">
        <time>2011-01-07T15:14:19Z</time>
      </trkpt>
      <trkpt lat="21.2165810" lon="72.8413090">
        <time>2011-01-07T15:14:20Z</time>
      </trkpt>
      <trkpt lat="21.2164680" lon="72.8412760">
        <time>2011-01-07T15:14:21Z</time>
      </trkpt>
      <trkpt lat="21.2163630" lon="72.8412290">
        <time>2011-01-07T15:14:22Z</time>
      </trkpt>
      <trkpt lat="21.2162540" lon="72.8411940">
        <time>2011-01-07T15:14:23Z</time>
      </trkpt>
      <trkpt lat="21.2161530" lon="72.8411580">
        <time>2011-01-07T15:14:24Z</time>
      </trkpt>
      <trkpt lat="21.2160600" lon="72.8411210">
        <time>2011-01-07T15:14:25Z</time>
      </trkpt>
      <trkpt lat="21.2159700" lon="72.8410930">
        <time>2011-01-07T15:14:26Z</time>
      </trkpt>
      <trkpt lat="21.2158680" lon="72.8410660">
        <time>2011-01-07T15:14:27Z</time>
      </trkpt>
      <trkpt lat="21.2157790" lon="72.8410360">
        <time>2011-01-07T15:14:28Z</time>
      </trkpt>
      <trkpt lat="21.2156930" lon="72.8410110">
        <time>2011-01-07T15:14:29Z</time>
      </trkpt>
      <trkpt lat="21.2156010" lon="72.8409860">
        <time>2011-01-07T15:14:30Z</time>
      </trkpt>
      <trkpt lat="21.2154990" lon="72.8409600">
        <time>2011-01-07T15:14:31Z</time>
      </trkpt>
      <trkpt lat="21.2154080" lon="72.8409430">
        <time>2011-01-07T15:14:32Z</time>
      </trkpt>
      <trkpt lat="21.2153330" lon="72.8409210">
        <time>2011-01-07T15:14:33Z</time>
      </trkpt>
      <trkpt lat="21.2152480" lon="72.8408900">
        <time>2011-01-07T15:14:34Z</time>
      </trkpt>
      <trkpt lat="21.2151580" lon="72.8408550">
        <time>2011-01-07T15:14:35Z</time>
      </trkpt>
      <trkpt lat="21.2150710" lon="72.8408130">
        <time>2011-01-07T15:14:36Z</time>
      </trkpt>
      <trkpt lat="21.2149940" lon="72.8407890">
        <time>2011-01-07T15:14:37Z</time>
      </trkpt>
      <trkpt lat="21.2149080" lon="72.8407510">
        <time>2011-01-07T15:14:38Z</time>
      </trkpt>
      <trkpt lat="21.2148240" lon="72.8407210">
        <time>2011-01-07T15:14:39Z</time>
      </trkpt>
      <trkpt lat="21.2147530" lon="72.8406940">
        <time>2011-01-07T15:14:40Z</time>
      </trkpt>
      <trkpt lat="21.2146830" lon="72.8406730">
        <time>2011-01-07T15:14:41Z</time>
      </trkpt>
      <trkpt lat="21.2146110" lon="72.8406560">
        <time>2011-01-07T15:14:42Z</time>
      </trkpt>
      <trkpt lat="21.2145410" lon="72.8406380">
        <time>2011-01-07T15:14:43Z</time>
      </trkpt>
      <trkpt lat="21.2144780" lon="72.8406130">
        <time>2011-01-07T15:14:44Z</time>
      </trkpt>
      <trkpt lat="21.2144160" lon="72.8405880">
        <time>2011-01-07T15:14:45Z</time>
      </trkpt>
      <trkpt lat="21.2143510" lon="72.8405610">
        <time>2011-01-07T15:14:46Z</time>
      </trkpt>
      <trkpt lat="21.2142960" lon="72.8405400">
        <time>2011-01-07T15:14:47Z</time>
      </trkpt>
      <trkpt lat="21.2142310" lon="72.8405210">
        <time>2011-01-07T15:14:48Z</time>
      </trkpt>
      <trkpt lat="21.2141640" lon="72.8404960">
        <time>2011-01-07T15:14:49Z</time>
      </trkpt>
      <trkpt lat="21.2141130" lon="72.8404780">
        <time>2011-01-07T15:14:50Z</time>
      </trkpt>
      <trkpt lat="21.2140550" lon="72.8404610">
        <time>2011-01-07T15:14:51Z</time>
      </trkpt>
      <trkpt lat="21.2139840" lon="72.8404360">
        <time>2011-01-07T15:14:52Z</time>
      </trkpt>
      <trkpt lat="21.2139040" lon="72.8404130">
        <time>2011-01-07T15:14:53Z</time>
      </trkpt>
      <trkpt lat="21.2138400" lon="72.8403980">
        <time>2011-01-07T15:14:54Z</time>
      </trkpt>
      <trkpt lat="21.2137650" lon="72.8403790">
        <time>2011-01-07T15:14:55Z</time>
      </trkpt>
      <trkpt lat="21.2136910" lon="72.8403540">
        <time>2011-01-07T15:14:56Z</time>
      </trkpt>
      <trkpt lat="21.2136380" lon="72.8403410">
        <time>2011-01-07T15:14:57Z</time>
      </trkpt>
      <trkpt lat="21.2135830" lon="72.8403210">
        <time>2011-01-07T15:14:58Z</time>
      </trkpt>
      <trkpt lat="21.2135330" lon="72.8403010">
        <time>2011-01-07T15:14:59Z</time>
      </trkpt>
      <trkpt lat="21.2134860" lon="72.8402860">
        <time>2011-01-07T15:15:00Z</time>
      </trkpt>
      <trkpt lat="21.2134430" lon="72.8402740">
        <time>2011-01-07T15:15:01Z</time>
      </trkpt>
      <trkpt lat="21.2134060" lon="72.8402680">
        <time>2011-01-07T15:15:02Z</time>
      </trkpt>
      <trkpt lat="21.2133660" lon="72.8402600">
        <time>2011-01-07T15:15:03Z</time>
      </trkpt>
      <trkpt lat="21.2133310" lon="72.8402530">
        <time>2011-01-07T15:15:04Z</time>
      </trkpt>
      <trkpt lat="21.2132980" lon="72.8402440">
        <time>2011-01-07T15:15:05Z</time>
      </trkpt>
      <trkpt lat="21.2132610" lon="72.8402430">
        <time>2011-01-07T15:15:06Z</time>
      </trkpt>
      <trkpt lat="21.2132340" lon="72.8402400">
        <time>2011-01-07T15:15:07Z</time>
      </trkpt>
      <trkpt lat="21.2132060" lon="72.8402360">
        <time>2011-01-07T15:15:08Z</time>
      </trkpt>
      <trkpt lat="21.2131780" lon="72.8402340">
        <time>2011-01-07T15:15:09Z</time>
      </trkpt>
      <trkpt lat="21.2131590" lon="72.8402330">
        <time>2011-01-07T15:15:10Z</time>
      </trkpt>
      <trkpt lat="21.2131580" lon="72.8402330">
        <time>2011-01-07T15:15:11Z</time>
      </trkpt>
      <trkpt lat="21.2131560" lon="72.8402340">
        <time>2011-01-07T15:15:12Z</time>
      </trkpt>
      <trkpt lat="21.2131230" lon="72.8402410">
        <time>2011-01-07T15:15:13Z</time>
      </trkpt>
      <trkpt lat="21.2131210" lon="72.8402410">
        <time>2011-01-07T15:15:14Z</time>
      </trkpt>
      <trkpt lat="21.2130860" lon="72.8402430">
        <time>2011-01-07T15:15:15Z</time>
      </trkpt>
      <trkpt lat="21.2130690" lon="72.8402460">
        <time>2011-01-07T15:15:16Z</time>
      </trkpt>
      <trkpt lat="21.2130680" lon="72.8402460">
        <time>2011-01-07T15:15:17Z</time>
      </trkpt>
      <trkpt lat="21.2130660" lon="72.8402460">
        <time>2011-01-07T15:15:18Z</time>
      </trkpt>
      <trkpt lat="21.2130210" lon="72.8402480">
        <time>2011-01-07T15:15:19Z</time>
      </trkpt>
      <trkpt lat="21.2129940" lon="72.8402460">
        <time>2011-01-07T15:15:20Z</time>
      </trkpt>
      <trkpt lat="21.2129930" lon="72.8402460">
        <time>2011-01-07T15:15:21Z</time>
      </trkpt>
      <trkpt lat="21.2129610" lon="72.8402530">
        <time>2011-01-07T15:15:22Z</time>
      </trkpt>
      <trkpt lat="21.2129400" lon="72.8402580">
        <time>2011-01-07T15:15:23Z</time>
      </trkpt>
      <trkpt lat="21.2129180" lon="72.8402600">
        <time>2011-01-07T15:15:24Z</time>
      </trkpt>
      <trkpt lat="21.2128960" lon="72.8402630">
        <time>2011-01-07T15:15:25Z</time>
      </trkpt>
      <trkpt lat="21.2128940" lon="72.8402630">
        <time>2011-01-07T15:15:26Z</time>
      </trkpt>
      <trkpt lat="21.2128650" lon="72.8402630">
        <time>2011-01-07T15:15:27Z</time>
      </trkpt>
      <trkpt lat="21.2128330" lon="72.8402540">
        <time>2011-01-07T15:15:28Z</time>
      </trkpt>
      <trkpt lat="21.2128030" lon="72.8402460">
        <time>2011-01-07T15:15:29Z</time>
      </trkpt>
      <trkpt lat="21.2127740" lon="72.8402430">
        <time>2011-01-07T15:15:30Z</time>
      </trkpt>
      <trkpt lat="21.2127560" lon="72.8402440">
        <time>2011-01-07T15:15:31Z</time>
      </trkpt>
      <trkpt lat="21.2127350" lon="72.8402430">
        <time>2011-01-07T15:15:32Z</time>
      </trkpt>
      <trkpt lat="21.2127330" lon="72.8402430">
        <time>2011-01-07T15:15:33Z</time>
      </trkpt>
      <trkpt lat="21.2126960" lon="72.8402330">
        <time>2011-01-07T15:15:34Z</time>
      </trkpt>
      <trkpt lat="21.2126750" lon="72.8402280">
        <time>2011-01-07T15:15:35Z</time>
      </trkpt>
      <trkpt lat="21.2126430" lon="72.8402260">
        <time>2011-01-07T15:15:36Z</time>
      </trkpt>
      <trkpt lat="21.2126160" lon="72.8402180">
        <time>2011-01-07T15:15:37Z</time>
      </trkpt>
      <trkpt lat="21.2125930" lon="72.8402160">
        <time>2011-01-07T15:15:38Z</time>
      </trkpt>
      <trkpt lat="21.2125710" lon="72.8402080">
        <time>2011-01-07T15:15:39Z</time>
      </trkpt>
      <trkpt lat="21.2125510" lon="72.8402030">
        <time>2011-01-07T15:15:40Z</time>
      </trkpt>
      <trkpt lat="21.2125310" lon="72.8401980">
        <time>2011-01-07T15:15:41Z</time>
      </trkpt>
      <trkpt lat="21.2125060" lon="72.8401960">
        <time>2011-01-07T15:15:42Z</time>
      </trkpt>
      <trkpt lat="21.2124860" lon="72.8401890">
        <time>2011-01-07T15:15:43Z</time>
      </trkpt>
      <trkpt lat="21.2124640" lon="72.8401800">
        <time>2011-01-07T15:15:44Z</time>
      </trkpt>
      <trkpt lat="21.2124380" lon="72.8401660">
        <time>2011-01-07T15:15:45Z</time>
      </trkpt>
      <trkpt lat="21.2124130" lon="72.8401590">
        <time>2011-01-07T15:15:46Z</time>
      </trkpt>
      <trkpt lat="21.2123910" lon="72.8401560">
        <time>2011-01-07T15:15:47Z</time>
      </trkpt>
      <trkpt lat="21.2123730" lon="72.8401480">
        <time>2011-01-07T15:15:48Z</time>
      </trkpt>
      <trkpt lat="21.2123440" lon="72.8401530">
        <time>2011-01-07T15:15:49Z</time>
      </trkpt>
      <trkpt lat="21.2123150" lon="72.8401510">
        <time>2011-01-07T15:15:50Z</time>
      </trkpt>
      <trkpt lat="21.2122830" lon="72.8401530">
        <time>2011-01-07T15:15:51Z</time>
      </trkpt>
      <trkpt lat="21.2122510" lon="72.8401500">
        <time>2011-01-07T15:15:52Z</time>
      </trkpt>
      <trkpt lat="21.2122210" lon="72.8401510">
        <time>2011-01-07T15:15:53Z</time>
      </trkpt>
      <trkpt lat="21.2121960" lon="72.8401460">
        <time>2011-01-07T15:15:54Z</time>
      </trkpt>
      <trkpt lat="21.2121660" lon="72.8401360">
        <time>2011-01-07T15:15:55Z</time>
      </trkpt>
      <trkpt lat="21.2121340" lon="72.8401240">
        <time>2011-01-07T15:15:56Z</time>
      </trkpt>
      <trkpt lat="21.2121100" lon="72.8401210">
        <time>2011-01-07T15:15:57Z</time>
      </trkpt>
      <trkpt lat="21.2120850" lon="72.8401180">
        <time>2011-01-07T15:15:58Z</time>
      </trkpt>
      <trkpt lat="21.2120530" lon="72.8401190">
        <time>2011-01-07T15:15:59Z</time>
      </trkpt>
      <trkpt lat="21.2120240" lon="72.8401180">
        <time>2011-01-07T15:16:00Z</time>
      </trkpt>
      <trkpt lat="21.2119860" lon="72.8401180">
        <time>2011-01-07T15:16:01Z</time>
      </trkpt>
      <trkpt lat="21.2119490" lon="72.8401130">
        <time>2011-01-07T15:16:02Z</time>
      </trkpt>
      <trkpt lat="21.2119230" lon="72.8401060">
        <time>2011-01-07T15:16:03Z</time>
      </trkpt>
      <trkpt lat="21.2118960" lon="72.8401010">
        <time>2011-01-07T15:16:04Z</time>
      </trkpt>
      <trkpt lat="21.2118650" lon="72.8400900">
        <time>2011-01-07T15:16:05Z</time>
      </trkpt>
      <trkpt lat="21.2118260" lon="72.8400790">
        <time>2011-01-07T15:16:06Z</time>
      </trkpt>
      <trkpt lat="21.2117960" lon="72.8400710">
        <time>2011-01-07T15:16:07Z</time>
      </trkpt>
      <trkpt lat="21.2117810" lon="72.8400700">
        <time>2011-01-07T15:16:08Z</time>
      </trkpt>
      <trkpt lat="21.2117600" lon="72.8400700">
        <time>2011-01-07T15:16:09Z</time>
      </trkpt>
      <trkpt lat="21.2117380" lon="72.8400660">
        <time>2011-01-07T15:16:10Z</time>
      </trkpt>
      <trkpt lat="21.2117180" lon="72.8400680">
        <time>2011-01-07T15:16:11Z</time>
      </trkpt>
      <trkpt lat="21.2116910" lon="72.8400630">
        <time>2011-01-07T15:16:12Z</time>
      </trkpt>
      <trkpt lat="21.2116660" lon="72.8400610">
        <time>2011-01-07T15:16:13Z</time>
      </trkpt>
      <trkpt lat="21.2116250" lon="72.8400560">
        <time>2011-01-07T15:16:14Z</time>
      </trkpt>
      <trkpt lat="21.2116030" lon="72.8400630">
        <time>2011-01-07T15:16:15Z</time>
      </trkpt>
      <trkpt lat="21.2115610" lon="72.8400630">
        <time>2011-01-07T15:16:16Z</time>
      </trkpt>
      <trkpt lat="21.2115190" lon="72.8400630">
        <time>2011-01-07T15:16:17Z</time>
      </trkpt>
      <trkpt lat="21.2114810" lon="72.8400660">
        <time>2011-01-07T15:16:18Z</time>
      </trkpt>
      <trkpt lat="21.2114530" lon="72.8400710">
        <time>2011-01-07T15:16:19Z</time>
      </trkpt>
      <trkpt lat="21.2114290" lon="72.8400740">
        <time>2011-01-07T15:16:20Z</time>
      </trkpt>
      <trkpt lat="21.2114030" lon="72.8400710">
        <time>2011-01-07T15:16:21Z</time>
      </trkpt>
      <trkpt lat="21.2113750" lon="72.8400660">
        <time>2011-01-07T15:16:22Z</time>
      </trkpt>
      <trkpt lat="21.2113510" lon="72.8400680">
        <time>2011-01-07T15:16:23Z</time>
      </trkpt>
      <trkpt lat="21.2113340" lon="72.8400660">
        <time>2011-01-07T15:16:24Z</time>
      </trkpt>
      <trkpt lat="21.2113130" lon="72.8400660">
        <time>2011-01-07T15:16:25Z</time>
      </trkpt>
      <trkpt lat="21.2112740" lon="72.8400660">
        <time>2011-01-07T15:16:26Z</time>
      </trkpt>
      <trkpt lat="21.2112430" lon="72.8400710">
        <time>2011-01-07T15:16:27Z</time>
      </trkpt>
      <trkpt lat="21.2112210" lon="72.8400740">
        <time>2011-01-07T15:16:28Z</time>
      </trkpt>
      <trkpt lat="21.2111990" lon="72.8400850">
        <time>2011-01-07T15:16:29Z</time>
      </trkpt>
      <trkpt lat="21.2111810" lon="72.8400930">
        <time>2011-01-07T15:16:30Z</time>
      </trkpt>
      <trkpt lat="21.2111540" lon="72.8401060">
        <time>2011-01-07T15:16:31Z</time>
      </trkpt>
      <trkpt lat="21.2111230" lon="72.8401140">
        <time>2011-01-07T15:16:32Z</time>
      </trkpt>
      <trkpt lat="21.2110880" lon="72.8401240">
        <time>2011-01-07T15:16:33Z</time>
      </trkpt>
      <trkpt lat="21.2110510" lon="72.8401350">
        <time>2011-01-07T15:16:34Z</time>
      </trkpt>
      <trkpt lat="21.2110050" lon="72.8401330">
        <time>2011-01-07T15:16:35Z</time>
      </trkpt>
      <trkpt lat="21.2109650" lon="72.8401380">
        <time>2011-01-07T15:16:36Z</time>
      </trkpt>
      <trkpt lat="21.2109350" lon="72.8401440">
        <time>2011-01-07T15:16:37Z</time>
      </trkpt>
      <trkpt lat="21.2109060" lon="72.8401540">
        <time>2011-01-07T15:16:38Z</time>
      </trkpt>
      <trkpt lat="21.2108680" lon="72.8401590">
        <time>2011-01-07T15:16:39Z</time>
      </trkpt>
      <trkpt lat="21.2108250" lon="72.8401590">
        <time>2011-01-07T15:16:40Z</time>
      </trkpt>
      <trkpt lat="21.2107880" lon="72.8401610">
        <time>2011-01-07T15:16:41Z</time>
      </trkpt>
      <trkpt lat="21.2107410" lon="72.8401590">
        <time>2011-01-07T15:16:42Z</time>
      </trkpt>
      <trkpt lat="21.2107000" lon="72.8401660">
        <time>2011-01-07T15:16:43Z</time>
      </trkpt>
      <trkpt lat="21.2106580" lon="72.8401710">
        <time>2011-01-07T15:16:44Z</time>
      </trkpt>
      <trkpt lat="21.2106100" lon="72.8401710">
        <time>2011-01-07T15:16:45Z</time>
      </trkpt>
      <trkpt lat="21.2105700" lon="72.8401690">
        <time>2011-01-07T15:16:46Z</time>
      </trkpt>
      <trkpt lat="21.2105290" lon="72.8401640">
        <time>2011-01-07T15:16:47Z</time>
      </trkpt>
      <trkpt lat="21.2104960" lon="72.8401690">
        <time>2011-01-07T15:16:48Z</time>
      </trkpt>
      <trkpt lat="21.2104480" lon="72.8401830">
        <time>2011-01-07T15:16:49Z</time>
      </trkpt>
      <trkpt lat="21.2103990" lon="72.8401840">
        <time>2011-01-07T15:16:50Z</time>
      </trkpt>
      <trkpt lat="21.2103510" lon="72.8401930">
        <time>2011-01-07T15:16:51Z</time>
      </trkpt>
      <trkpt lat="21.2103080" lon="72.8401960">
        <time>2011-01-07T15:16:52Z</time>
      </trkpt>
      <trkpt lat="21.2102710" lon="72.8401910">
        <time>2011-01-07T15:16:53Z</time>
      </trkpt>
      <trkpt lat="21.2102310" lon="72.8401860">
        <time>2011-01-07T15:16:54Z</time>
      </trkpt>
      <trkpt lat="21.2101950" lon="72.8401810">
        <time>2011-01-07T15:16:55Z</time>
      </trkpt>
      <trkpt lat="21.2101650" lon="72.8401830">
        <time>2011-01-07T15:16:56Z</time>
      </trkpt>
      <trkpt lat="21.2101260" lon="72.8401810">
        <time>2011-01-07T15:16:57Z</time>
      </trkpt>
      <trkpt lat="21.2100990" lon="72.8401780">
        <time>2011-01-07T15:16:58Z</time>
      </trkpt>
      <trkpt lat="21.2100660" lon="72.8401740">
        <time>2011-01-07T15:16:59Z</time>
      </trkpt>
      <trkpt lat="21.2100340" lon="72.8401760">
        <time>2011-01-07T15:17:00Z</time>
      </trkpt>
      <trkpt lat="21.2100080" lon="72.8401780">
        <time>2011-01-07T15:17:01Z</time>
      </trkpt>
      <trkpt lat="21.2099760" lon="72.8401780">
        <time>2011-01-07T15:17:02Z</time>
      </trkpt>
      <trkpt lat="21.2099440" lon="72.8401780">
        <time>2011-01-07T15:17:03Z</time>
      </trkpt>
      <trkpt lat="21.2099140" lon="72.8401800">
        <time>2011-01-07T15:17:04Z</time>
      </trkpt>
      <trkpt lat="21.2098840" lon="72.8401810">
        <time>2011-01-07T15:17:05Z</time>
      </trkpt>
      <trkpt lat="21.2098560" lon="72.8401990">
        <time>2011-01-07T15:17:06Z</time>
      </trkpt>
      <trkpt lat="21.2098230" lon="72.8401990">
        <time>2011-01-07T15:17:07Z</time>
      </trkpt>
      <trkpt lat="21.2097790" lon="72.8402040">
        <time>2011-01-07T15:17:08Z</time>
      </trkpt>
      <trkpt lat="21.2097480" lon="72.8402080">
        <time>2011-01-07T15:17:09Z</time>
      </trkpt>
      <trkpt lat="21.2097160" lon="72.8402130">
        <time>2011-01-07T15:17:10Z</time>
      </trkpt>
      <trkpt lat="21.2096950" lon="72.8402140">
        <time>2011-01-07T15:17:11Z</time>
      </trkpt>
      <trkpt lat="21.2096600" lon="72.8402130">
        <time>2011-01-07T15:17:12Z</time>
      </trkpt>
      <trkpt lat="21.2096210" lon="72.8402180">
        <time>2011-01-07T15:17:13Z</time>
      </trkpt>
      <trkpt lat="21.2095780" lon="72.8402190">
        <time>2011-01-07T15:17:14Z</time>
      </trkpt>
      <trkpt lat="21.2095380" lon="72.8402110">
        <time>2011-01-07T15:17:15Z</time>
      </trkpt>
      <trkpt lat="21.2095030" lon="72.8402060">
        <time>2011-01-07T15:17:16Z</time>
      </trkpt>
      <trkpt lat="21.2094730" lon="72.8402010">
        <time>2011-01-07T15:17:17Z</time>
      </trkpt>
      <trkpt lat="21.2094240" lon="72.8401990">
        <time>2011-01-07T15:17:18Z</time>
      </trkpt>
      <trkpt lat="21.2093910" lon="72.8401990">
        <time>2011-01-07T15:17:19Z</time>
      </trkpt>
      <trkpt lat="21.2093530" lon="72.8402040">
        <time>2011-01-07T15:17:20Z</time>
      </trkpt>
      <trkpt lat="21.2093130" lon="72.8402080">
        <time>2011-01-07T15:17:21Z</time>
      </trkpt>
      <trkpt lat="21.2092800" lon="72.8402140">
        <time>2011-01-07T15:17:22Z</time>
      </trkpt>
      <trkpt lat="21.2092410" lon="72.8402190">
        <time>2011-01-07T15:17:23Z</time>
      </trkpt>
      <trkpt lat="21.2092080" lon="72.8402230">
        <time>2011-01-07T15:17:24Z</time>
      </trkpt>
      <trkpt lat="21.2091790" lon="72.8402280">
        <time>2011-01-07T15:17:25Z</time>
      </trkpt>
      <trkpt lat="21.2091510" lon="72.8402310">
        <time>2011-01-07T15:17:26Z</time>
      </trkpt>
      <trkpt lat="21.2091280" lon="72.8402290">
        <time>2011-01-07T15:17:27Z</time>
      </trkpt>
      <trkpt lat="21.2091030" lon="72.8402280">
        <time>2011-01-07T15:17:28Z</time>
      </trkpt>
      <trkpt lat="21.2090760" lon="72.8402280">
        <time>2011-01-07T15:17:29Z</time>
      </trkpt>
      <trkpt lat="21.2090500" lon="72.8402250">
        <time>2011-01-07T15:17:30Z</time>
      </trkpt>
      <trkpt lat="21.2090090" lon="72.8402210">
        <time>2011-01-07T15:17:31Z</time>
      </trkpt>
      <trkpt lat="21.2089710" lon="72.8402230">
        <time>2011-01-07T15:17:32Z</time>
      </trkpt>
      <trkpt lat="21.2089310" lon="72.8402290">
        <time>2011-01-07T15:17:33Z</time>
      </trkpt>
      <trkpt lat="21.2088960" lon="72.8402290">
        <time>2011-01-07T15:17:34Z</time>
      </trkpt>
      <trkpt lat="21.2088560" lon="72.8402280">
        <time>2011-01-07T15:17:35Z</time>
      </trkpt>
      <trkpt lat="21.2088140" lon="72.8402290">
        <time>2011-01-07T15:17:36Z</time>
      </trkpt>
      <trkpt lat="21.2087780" lon="72.8402290">
        <time>2011-01-07T15:17:37Z</time>
      </trkpt>
      <trkpt lat="21.2087460" lon="72.8402290">
        <time>2011-01-07T15:17:38Z</time>
      </trkpt>
      <trkpt lat="21.2087180" lon="72.8402250">
        <time>2011-01-07T15:17:39Z</time>
      </trkpt>
      <trkpt lat="21.2086880" lon="72.8402160">
        <time>2011-01-07T15:17:40Z</time>
      </trkpt>
      <trkpt lat="21.2086560" lon="72.8402130">
        <time>2011-01-07T15:17:41Z</time>
      </trkpt>
      <trkpt lat="21.2086350" lon="72.8402160">
        <time>2011-01-07T15:17:42Z</time>
      </trkpt>
      <trkpt lat="21.2086090" lon="72.8402160">
        <time>2011-01-07T15:17:43Z</time>
      </trkpt>
      <trkpt lat="21.2085840" lon="72.8402210">
        <time>2011-01-07T15:17:44Z</time>
      </trkpt>
      <trkpt lat="21.2085580" lon="72.8402280">
        <time>2011-01-07T15:17:45Z</time>
      </trkpt>
      <trkpt lat="21.2085310" lon="72.8402290">
        <time>2011-01-07T15:17:46Z</time>
      </trkpt>
      <trkpt lat="21.2085030" lon="72.8402310">
        <time>2011-01-07T15:17:47Z</time>
      </trkpt>
      <trkpt lat="21.2084630" lon="72.8402230">
        <time>2011-01-07T15:17:48Z</time>
      </trkpt>
      <trkpt lat="21.2084350" lon="72.8402260">
        <time>2011-01-07T15:17:49Z</time>
      </trkpt>
      <trkpt lat="21.2084030" lon="72.8402340">
        <time>2011-01-07T15:17:50Z</time>
      </trkpt>
      <trkpt lat="21.2083990" lon="72.8402340">
        <time>2011-01-07T15:17:51Z</time>
      </trkpt>
      <trkpt lat="21.2083490" lon="72.8402380">
        <time>2011-01-07T15:17:52Z</time>
      </trkpt>
      <trkpt lat="21.2083190" lon="72.8402430">
        <time>2011-01-07T15:17:53Z</time>
      </trkpt>
      <trkpt lat="21.2082860" lon="72.8402430">
        <time>2011-01-07T15:17:54Z</time>
      </trkpt>
      <trkpt lat="21.2082680" lon="72.8402430">
        <time>2011-01-07T15:17:55Z</time>
      </trkpt>
      <trkpt lat="21.2082360" lon="72.8402400">
        <time>2011-01-07T15:17:56Z</time>
      </trkpt>
      <trkpt lat="21.2082110" lon="72.8402430">
        <time>2011-01-07T15:17:57Z</time>
      </trkpt>
      <trkpt lat="21.2081900" lon="72.8402430">
        <time>2011-01-07T15:17:58Z</time>
      </trkpt>
      <trkpt lat="21.2081680" lon="72.8402480">
        <time>2011-01-07T15:17:59Z</time>
      </trkpt>
      <trkpt lat="21.2081410" lon="72.8402580">
        <time>2011-01-07T15:18:00Z</time>
      </trkpt>
      <trkpt lat="21.2081060" lon="72.8402610">
        <time>2011-01-07T15:18:01Z</time>
      </trkpt>
      <trkpt lat="21.2080740" lon="72.8402660">
        <time>2011-01-07T15:18:02Z</time>
      </trkpt>
      <trkpt lat="21.2080540" lon="72.8402710">
        <time>2011-01-07T15:18:03Z</time>
      </trkpt>
      <trkpt lat="21.2080350" lon="72.8402760">
        <time>2011-01-07T15:18:04Z</time>
      </trkpt>
      <trkpt lat="21.2080330" lon="72.8402760">
        <time>2011-01-07T15:18:05Z</time>
      </trkpt>
      <trkpt lat="21.2080290" lon="72.8402780">
        <time>2011-01-07T15:18:06Z</time>
      </trkpt>
      <trkpt lat="21.2080250" lon="72.8402790">
        <time>2011-01-07T15:18:07Z</time>
      </trkpt>
      <trkpt lat="21.2080180" lon="72.8402810">
        <time>2011-01-07T15:18:08Z</time>
      </trkpt>
      <trkpt lat="21.2079380" lon="72.8402940">
        <time>2011-01-07T15:18:09Z</time>
      </trkpt>
      <trkpt lat="21.2079360" lon="72.8402940">
        <time>2011-01-07T15:18:10Z</time>
      </trkpt>
      <trkpt lat="21.2079330" lon="72.8402940">
        <time>2011-01-07T15:18:11Z</time>
      </trkpt>
      <trkpt lat="21.2079260" lon="72.8402960">
        <time>2011-01-07T15:18:12Z</time>
      </trkpt>
      <trkpt lat="21.2079180" lon="72.8402980">
        <time>2011-01-07T15:18:13Z</time>
      </trkpt>
      <trkpt lat="21.2078960" lon="72.8402990">
        <time>2011-01-07T15:18:14Z</time>
      </trkpt>
      <trkpt lat="21.2078950" lon="72.8402990">
        <time>2011-01-07T15:18:15Z</time>
      </trkpt>
      <trkpt lat="21.2078950" lon="72.8402990">
        <time>2011-01-07T15:18:16Z</time>
      </trkpt>
      <trkpt lat="21.2078660" lon="72.8403030">
        <time>2011-01-07T15:18:17Z</time>
      </trkpt>
      <trkpt lat="21.2078660" lon="72.8403030">
        <time>2011-01-07T15:18:18Z</time>
      </trkpt>
      <trkpt lat="21.2078650" lon="72.8403030">
        <time>2011-01-07T15:18:19Z</time>
      </trkpt>
      <trkpt lat="21.2078630" lon="72.8403050">
        <time>2011-01-07T15:18:20Z</time>
      </trkpt>
      <trkpt lat="21.2078630" lon="72.8403050">
        <time>2011-01-07T15:18:21Z</time>
      </trkpt>
      <trkpt lat="21.2078610" lon="72.8403050">
        <time>2011-01-07T15:18:22Z</time>
      </trkpt>
      <trkpt lat="21.2078600" lon="72.8403050">
        <time>2011-01-07T15:18:23Z</time>
      </trkpt>
      <trkpt lat="21.2078600" lon="72.8403050">
        <time>2011-01-07T15:18:24Z</time>
      </trkpt>
      <trkpt lat="21.2078580" lon="72.8403050">
        <time>2011-01-07T15:18:25Z</time>
      </trkpt>
      <trkpt lat="21.2078560" lon="72.8403050">
        <time>2011-01-07T15:18:26Z</time>
      </trkpt>
      <trkpt lat="21.2078560" lon="72.8403050">
        <time>2011-01-07T15:18:27Z</time>
      </trkpt>
      <trkpt lat="21.2078550" lon="72.8403050">
        <time>2011-01-07T15:18:28Z</time>
      </trkpt>
      <trkpt lat="21.2078530" lon="72.8403050">
        <time>2011-01-07T15:18:29Z</time>
      </trkpt>
      <trkpt lat="21.2078530" lon="72.8403050">
        <time>2011-01-07T15:18:30Z</time>
      </trkpt>
      <trkpt lat="21.2078510" lon="72.8403060">
        <time>2011-01-07T15:18:31Z</time>
      </trkpt>
      <trkpt lat="21.2078510" lon="72.8403060">
        <time>2011-01-07T15:18:32Z</time>
      </trkpt>
      <trkpt lat="21.2078500" lon="72.8403060">
        <time>2011-01-07T15:18:33Z</time>
      </trkpt>
      <trkpt lat="21.2078480" lon="72.8403060">
        <time>2011-01-07T15:18:34Z</time>
      </trkpt>
      <trkpt lat="21.2078480" lon="72.8403060">
        <time>2011-01-07T15:18:35Z</time>
      </trkpt>
      <trkpt lat="21.2078460" lon="72.8403060">
        <time>2011-01-07T15:18:36Z</time>
      </trkpt>
      <trkpt lat="21.2078460" lon="72.8403060">
        <time>2011-01-07T15:18:37Z</time>
      </trkpt>
      <trkpt lat="21.2078440" lon="72.8403060">
        <time>2011-01-07T15:18:38Z</time>
      </trkpt>
      <trkpt lat="21.2078440" lon="72.8403060">
        <time>2011-01-07T15:18:39Z</time>
      </trkpt>
      <trkpt lat="21.2078430" lon="72.8403060">
        <time>2011-01-07T15:18:40Z</time>
      </trkpt>
      <trkpt lat="21.2078430" lon="72.8403060">
        <time>2011-01-07T15:18:41Z</time>
      </trkpt>
      <trkpt lat="21.2078410" lon="72.8403060">
        <time>2011-01-07T15:18:42Z</time>
      </trkpt>
      <trkpt lat="21.2078400" lon="72.8403060">
        <time>2011-01-07T15:18:43Z</time>
      </trkpt>
      <trkpt lat="21.2078400" lon="72.8403060">
        <time>2011-01-07T15:18:44Z</time>
      </trkpt>
      <trkpt lat="21.2078380" lon="72.8403060">
        <time>2011-01-07T15:18:45Z</time>
      </trkpt>
      <trkpt lat="21.2078380" lon="72.8403060">
        <time>2011-01-07T15:18:46Z</time>
      </trkpt>
      <trkpt lat="21.2078360" lon="72.8403060">
        <time>2011-01-07T15:18:47Z</time>
      </trkpt>
      <trkpt lat="21.2078360" lon="72.8403060">
        <time>2011-01-07T15:18:48Z</time>
      </trkpt>
      <trkpt lat="21.2078340" lon="72.8403060">
        <time>2011-01-07T15:18:49Z</time>
      </trkpt>
      <trkpt lat="21.2078340" lon="72.8403060">
        <time>2011-01-07T15:18:50Z</time>
      </trkpt>
      <trkpt lat="21.2078330" lon="72.8403060">
        <time>2011-01-07T15:18:51Z</time>
      </trkpt>
      <trkpt lat="21.2078310" lon="72.8403060">
        <time>2011-01-07T15:18:52Z</time>
      </trkpt>
      <trkpt lat="21.2078310" lon="72.8403060">
        <time>2011-01-07T15:18:53Z</time>
      </trkpt>
      <trkpt lat="21.2078290" lon="72.8403060">
        <time>2011-01-07T15:18:54Z</time>
      </trkpt>
      <trkpt lat="21.2078290" lon="72.8403060">
        <time>2011-01-07T15:18:55Z</time>
      </trkpt>
      <trkpt lat="21.2078280" lon="72.8403060">
        <time>2011-01-07T15:18:56Z</time>
      </trkpt>
      <trkpt lat="21.2078280" lon="72.8403060">
        <time>2011-01-07T15:18:57Z</time>
      </trkpt>
      <trkpt lat="21.2078260" lon="72.8403060">
        <time>2011-01-07T15:18:58Z</time>
      </trkpt>
      <trkpt lat="21.2078240" lon="72.8403060">
        <time>2011-01-07T15:18:59Z</time>
      </trkpt>
      <trkpt lat="21.2078240" lon="72.8403060">
        <time>2011-01-07T15:19:00Z</time>
      </trkpt>
      <trkpt lat="21.2078230" lon="72.8403060">
        <time>2011-01-07T15:19:01Z</time>
      </trkpt>
      <trkpt lat="21.2078210" lon="72.8403060">
        <time>2011-01-07T15:19:02Z</time>
      </trkpt>
      <trkpt lat="21.2078210" lon="72.8403060">
        <time>2011-01-07T15:19:03Z</time>
      </trkpt>
      <trkpt lat="21.2078200" lon="72.8403060">
        <time>2011-01-07T15:19:04Z</time>
      </trkpt>
      <trkpt lat="21.2078180" lon="72.8403060">
        <time>2011-01-07T15:19:05Z</time>
      </trkpt>
      <trkpt lat="21.2078180" lon="72.8403060">
        <time>2011-01-07T15:19:06Z</time>
      </trkpt>
      <trkpt lat="21.2078160" lon="72.8403060">
        <time>2011-01-07T15:19:07Z</time>
      </trkpt>
      <trkpt lat="21.2078140" lon="72.8403060">
        <time>2011-01-07T15:19:08Z</time>
      </trkpt>
      <trkpt lat="21.2078140" lon="72.8403060">
        <time>2011-01-07T15:19:09Z</time>
      </trkpt>
      <trkpt lat="21.2078130" lon="72.8403060">
        <time>2011-01-07T15:19:10Z</time>
      </trkpt>
      <trkpt lat="21.2077890" lon="72.8403050">
        <time>2011-01-07T15:19:11Z</time>
      </trkpt>
      <trkpt lat="21.2077880" lon="72.8403050">
        <time>2011-01-07T15:19:12Z</time>
      </trkpt>
      <trkpt lat="21.2077880" lon="72.8403050">
        <time>2011-01-07T15:19:13Z</time>
      </trkpt>
      <trkpt lat="21.2077860" lon="72.8403050">
        <time>2011-01-07T15:19:14Z</time>
      </trkpt>
      <trkpt lat="21.2077840" lon="72.8403050">
        <time>2011-01-07T15:19:15Z</time>
      </trkpt>
      <trkpt lat="21.2077840" lon="72.8403050">
        <time>2011-01-07T15:19:16Z</time>
      </trkpt>
      <trkpt lat="21.2077830" lon="72.8403050">
        <time>2011-01-07T15:19:17Z</time>
      </trkpt>
      <trkpt lat="21.2077810" lon="72.8403050">
        <time>2011-01-07T15:19:18Z</time>
      </trkpt>
      <trkpt lat="21.2077810" lon="72.8403050">
        <time>2011-01-07T15:19:19Z</time>
      </trkpt>
      <trkpt lat="21.2077790" lon="72.8403050">
        <time>2011-01-07T15:19:20Z</time>
      </trkpt>
      <trkpt lat="21.2077780" lon="72.8403050">
        <time>2011-01-07T15:19:21Z</time>
      </trkpt>
      <trkpt lat="21.2077760" lon="72.8403050">
        <time>2011-01-07T15:19:22Z</time>
      </trkpt>
      <trkpt lat="21.2077760" lon="72.8403050">
        <time>2011-01-07T15:19:23Z</time>
      </trkpt>
      <trkpt lat="21.2077750" lon="72.8403050">
        <time>2011-01-07T15:19:24Z</time>
      </trkpt>
      <trkpt lat="21.2077730" lon="72.8403050">
        <time>2011-01-07T15:19:26Z</time>
      </trkpt>
      <trkpt lat="21.2077710" lon="72.8403050">
        <time>2011-01-07T15:19:27Z</time>
      </trkpt>
      <trkpt lat="21.2077690" lon="72.8403050">
        <time>2011-01-07T15:19:28Z</time>
      </trkpt>
      <trkpt lat="21.2077680" lon="72.8403050">
        <time>2011-01-07T15:19:29Z</time>
      </trkpt>
      <trkpt lat="21.2077680" lon="72.8403050">
        <time>2011-01-07T15:19:30Z</time>
      </trkpt>
      <trkpt lat="21.2077660" lon="72.8403060">
        <time>2011-01-07T15:19:31Z</time>
      </trkpt>
      <trkpt lat="21.2077650" lon="72.8403060">
        <time>2011-01-07T15:19:32Z</time>
      </trkpt>
      <trkpt lat="21.2077650" lon="72.8403060">
        <time>2011-01-07T15:19:33Z</time>
      </trkpt>
      <trkpt lat="21.2077630" lon="72.8403060">
        <time>2011-01-07T15:19:34Z</time>
      </trkpt>
      <trkpt lat="21.2077610" lon="72.8403060">
        <time>2011-01-07T15:19:35Z</time>
      </trkpt>
      <trkpt lat="21.2077610" lon="72.8403060">
        <time>2011-01-07T15:19:36Z</time>
      </trkpt>
      <trkpt lat="21.2077590" lon="72.8403060">
        <time>2011-01-07T15:19:37Z</time>
      </trkpt>
      <trkpt lat="21.2077580" lon="72.8403060">
        <time>2011-01-07T15:19:38Z</time>
      </trkpt>
      <trkpt lat="21.2077580" lon="72.8403060">
        <time>2011-01-07T15:19:39Z</time>
      </trkpt>
      <trkpt lat="21.2077560" lon="72.8403060">
        <time>2011-01-07T15:19:40Z</time>
      </trkpt>
      <trkpt lat="21.2077560" lon="72.8403060">
        <time>2011-01-07T15:19:41Z</time>
      </trkpt>
      <trkpt lat="21.2077540" lon="72.8403060">
        <time>2011-01-07T15:19:42Z</time>
      </trkpt>
      <trkpt lat="21.2077530" lon="72.8403060">
        <time>2011-01-07T15:19:43Z</time>
      </trkpt>
      <trkpt lat="21.2077530" lon="72.8403060">
        <time>2011-01-07T15:19:44Z</time>
      </trkpt>
      <trkpt lat="21.2077510" lon="72.8403050">
        <time>2011-01-07T15:19:45Z</time>
      </trkpt>
      <trkpt lat="21.2077510" lon="72.8403050">
        <time>2011-01-07T15:19:46Z</time>
      </trkpt>
      <trkpt lat="21.2077500" lon="72.8403050">
        <time>2011-01-07T15:19:47Z</time>
      </trkpt>
      <trkpt lat="21.2077500" lon="72.8403050">
        <time>2011-01-07T15:19:48Z</time>
      </trkpt>
      <trkpt lat="21.2077480" lon="72.8403050">
        <time>2011-01-07T15:19:49Z</time>
      </trkpt>
      <trkpt lat="21.2077480" lon="72.8403050">
        <time>2011-01-07T15:19:50Z</time>
      </trkpt>
      <trkpt lat="21.2077460" lon="72.8403050">
        <time>2011-01-07T15:19:51Z</time>
      </trkpt>
      <trkpt lat="21.2077460" lon="72.8403050">
        <time>2011-01-07T15:19:52Z</time>
      </trkpt>
      <trkpt lat="21.2077440" lon="72.8403050">
        <time>2011-01-07T15:19:53Z</time>
      </trkpt>
      <trkpt lat="21.2077440" lon="72.8403050">
        <time>2011-01-07T15:19:54Z</time>
      </trkpt>
      <trkpt lat="21.2077440" lon="72.8403050">
        <time>2011-01-07T15:19:55Z</time>
      </trkpt>
      <trkpt lat="21.2077430" lon="72.8403050">
        <time>2011-01-07T15:19:56Z</time>
      </trkpt>
      <trkpt lat="21.2077430" lon="72.8403050">
        <time>2011-01-07T15:19:57Z</time>
      </trkpt>
      <trkpt lat="21.2077410" lon="72.8403050">
        <time>2011-01-07T15:19:58Z</time>
      </trkpt>
      <trkpt lat="21.2077410" lon="72.8403030">
        <time>2011-01-07T15:19:59Z</time>
      </trkpt>
      <trkpt lat="21.2077410" lon="72.8403030">
        <time>2011-01-07T15:20:00Z</time>
      </trkpt>
      <trkpt lat="21.2077390" lon="72.8403030">
        <time>2011-01-07T15:20:01Z</time>
      </trkpt>
      <trkpt lat="21.2077390" lon="72.8403030">
        <time>2011-01-07T15:20:02Z</time>
      </trkpt>
      <trkpt lat="21.2077390" lon="72.8403030">
        <time>2011-01-07T15:20:03Z</time>
      </trkpt>
      <trkpt lat="21.2077390" lon="72.8403030">
        <time>2011-01-07T15:20:04Z</time>
      </trkpt>
      <trkpt lat="21.2077380" lon="72.8403030">
        <time>2011-01-07T15:20:05Z</time>
      </trkpt>
      <trkpt lat="21.2077380" lon="72.8403030">
        <time>2011-01-07T15:20:06Z</time>
      </trkpt>
      <trkpt lat="21.2077360" lon="72.8403030">
        <time>2011-01-07T15:20:07Z</time>
      </trkpt>
      <trkpt lat="21.2077360" lon="72.8403030">
        <time>2011-01-07T15:20:08Z</time>
      </trkpt>
      <trkpt lat="21.2077360" lon="72.8403030">
        <time>2011-01-07T15:20:09Z</time>
      </trkpt>
      <trkpt lat="21.2077340" lon="72.8403030">
        <time>2011-01-07T15:20:10Z</time>
      </trkpt>
      <trkpt lat="21.2077340" lon="72.8403030">
        <time>2011-01-07T15:20:11Z</time>
      </trkpt>
      <trkpt lat="21.2077340" lon="72.8403030">
        <time>2011-01-07T15:20:12Z</time>
      </trkpt>
      <trkpt lat="21.2077330" lon="72.8403030">
        <time>2011-01-07T15:20:13Z</time>
      </trkpt>
      <trkpt lat="21.2077330" lon="72.8403030">
        <time>2011-01-07T15:20:14Z</time>
      </trkpt>
      <trkpt lat="21.2077330" lon="72.8403030">
        <time>2011-01-07T15:20:15Z</time>
      </trkpt>
      <trkpt lat="21.2077310" lon="72.8403030">
        <time>2011-01-07T15:20:16Z</time>
      </trkpt>
      <trkpt lat="21.2077310" lon="72.8403010">
        <time>2011-01-07T15:20:17Z</time>
      </trkpt>
      <trkpt lat="21.2077300" lon="72.8403010">
        <time>2011-01-07T15:20:18Z</time>
      </trkpt>
      <trkpt lat="21.2077300" lon="72.8403010">
        <time>2011-01-07T15:20:19Z</time>
      </trkpt>
      <trkpt lat="21.2077300" lon="72.8403010">
        <time>2011-01-07T15:20:20Z</time>
      </trkpt>
      <trkpt lat="21.2077280" lon="72.8403010">
        <time>2011-01-07T15:20:21Z</time>
      </trkpt>
      <trkpt lat="21.2077280" lon="72.8403010">
        <time>2011-01-07T15:20:22Z</time>
      </trkpt>
      <trkpt lat="21.2077280" lon="72.8403010">
        <time>2011-01-07T15:20:23Z</time>
      </trkpt>
      <trkpt lat="21.2077260" lon="72.8403010">
        <time>2011-01-07T15:20:24Z</time>
      </trkpt>
      <trkpt lat="21.2077260" lon="72.8403010">
        <time>2011-01-07T15:20:25Z</time>
      </trkpt>
      <trkpt lat="21.2077260" lon="72.8403010">
        <time>2011-01-07T15:20:26Z</time>
      </trkpt>
      <trkpt lat="21.2077260" lon="72.8403010">
        <time>2011-01-07T15:20:27Z</time>
      </trkpt>
      <trkpt lat="21.2077250" lon="72.8403010">
        <time>2011-01-07T15:20:28Z</time>
      </trkpt>
      <trkpt lat="21.2077250" lon="72.8403010">
        <time>2011-01-07T15:20:29Z</time>
      </trkpt>
      <trkpt lat="21.2077250" lon="72.8403010">
        <time>2011-01-07T15:20:30Z</time>
      </trkpt>
      <trkpt lat="21.2077250" lon="72.8403010">
        <time>2011-01-07T15:20:31Z</time>
      </trkpt>
      <trkpt lat="21.2077230" lon="72.8403010">
        <time>2011-01-07T15:20:32Z</time>
      </trkpt>
      <trkpt lat="21.2077230" lon="72.8403010">
        <time>2011-01-07T15:20:33Z</time>
      </trkpt>
      <trkpt lat="21.2077230" lon="72.8402990">
        <time>2011-01-07T15:20:34Z</time>
      </trkpt>
      <trkpt lat="21.2077230" lon="72.8402990">
        <time>2011-01-07T15:20:35Z</time>
      </trkpt>
      <trkpt lat="21.2077230" lon="72.8402990">
        <time>2011-01-07T15:20:36Z</time>
      </trkpt>
      <trkpt lat="21.2077230" lon="72.8402990">
        <time>2011-01-07T15:20:37Z</time>
      </trkpt>
      <trkpt lat="21.2077230" lon="72.8402990">
        <time>2011-01-07T15:20:38Z</time>
      </trkpt>
      <trkpt lat="21.2077210" lon="72.8402990">
        <time>2011-01-07T15:20:39Z</time>
      </trkpt>
      <trkpt lat="21.2077210" lon="72.8402980">
        <time>2011-01-07T15:20:40Z</time>
      </trkpt>
      <trkpt lat="21.2077210" lon="72.8402980">
        <time>2011-01-07T15:20:41Z</time>
      </trkpt>
      <trkpt lat="21.2077210" lon="72.8402980">
        <time>2011-01-07T15:20:42Z</time>
      </trkpt>
      <trkpt lat="21.2077210" lon="72.8402980">
        <time>2011-01-07T15:20:43Z</time>
      </trkpt>
      <trkpt lat="21.2077210" lon="72.8402980">
        <time>2011-01-07T15:20:44Z</time>
      </trkpt>
      <trkpt lat="21.2077210" lon="72.8402960">
        <time>2011-01-07T15:20:45Z</time>
      </trkpt>
      <trkpt lat="21.2077210" lon="72.8402960">
        <time>2011-01-07T15:20:46Z</time>
      </trkpt>
      <trkpt lat="21.2077210" lon="72.8402960">
        <time>2011-01-07T15:20:47Z</time>
      </trkpt>
      <trkpt lat="21.2077210" lon="72.8402960">
        <time>2011-01-07T15:20:48Z</time>
      </trkpt>
      <trkpt lat="21.2077210" lon="72.8402960">
        <time>2011-01-07T15:20:49Z</time>
      </trkpt>
      <trkpt lat="21.2077210" lon="72.8402940">
        <time>2011-01-07T15:20:50Z</time>
      </trkpt>
      <trkpt lat="21.2077210" lon="72.8402940">
        <time>2011-01-07T15:20:51Z</time>
      </trkpt>
      <trkpt lat="21.2077210" lon="72.8402940">
        <time>2011-01-07T15:20:52Z</time>
      </trkpt>
      <trkpt lat="21.2077210" lon="72.8402940">
        <time>2011-01-07T15:20:53Z</time>
      </trkpt>
      <trkpt lat="21.2077210" lon="72.8402940">
        <time>2011-01-07T15:20:54Z</time>
      </trkpt>
      <trkpt lat="21.2077210" lon="72.8402930">
        <time>2011-01-07T15:20:55Z</time>
      </trkpt>
      <trkpt lat="21.2077230" lon="72.8402930">
        <time>2011-01-07T15:20:56Z</time>
      </trkpt>
      <trkpt lat="21.2077230" lon="72.8402930">
        <time>2011-01-07T15:20:57Z</time>
      </trkpt>
      <trkpt lat="21.2077230" lon="72.8402930">
        <time>2011-01-07T15:20:58Z</time>
      </trkpt>
      <trkpt lat="21.2077230" lon="72.8402910">
        <time>2011-01-07T15:20:59Z</time>
      </trkpt>
      <trkpt lat="21.2077230" lon="72.8402910">
        <time>2011-01-07T15:21:00Z</time>
      </trkpt>
      <trkpt lat="21.2077230" lon="72.8402910">
        <time>2011-01-07T15:21:01Z</time>
      </trkpt>
      <trkpt lat="21.2077230" lon="72.8402890">
        <time>2011-01-07T15:21:02Z</time>
      </trkpt>
      <trkpt lat="21.2077230" lon="72.8402890">
        <time>2011-01-07T15:21:03Z</time>
      </trkpt>
      <trkpt lat="21.2077230" lon="72.8402890">
        <time>2011-01-07T15:21:04Z</time>
      </trkpt>
      <trkpt lat="21.2077230" lon="72.8402890">
        <time>2011-01-07T15:21:05Z</time>
      </trkpt>
      <trkpt lat="21.2077230" lon="72.8402880">
        <time>2011-01-07T15:21:06Z</time>
      </trkpt>
      <trkpt lat="21.2077230" lon="72.8402880">
        <time>2011-01-07T15:21:07Z</time>
      </trkpt>
      <trkpt lat="21.2077250" lon="72.8402880">
        <time>2011-01-07T15:21:08Z</time>
      </trkpt>
      <trkpt lat="21.2077250" lon="72.8402860">
        <time>2011-01-07T15:21:09Z</time>
      </trkpt>
      <trkpt lat="21.2077250" lon="72.8402860">
        <time>2011-01-07T15:21:10Z</time>
      </trkpt>
      <trkpt lat="21.2077250" lon="72.8402860">
        <time>2011-01-07T15:21:11Z</time>
      </trkpt>
      <trkpt lat="21.2077250" lon="72.8402850">
        <time>2011-01-07T15:21:12Z</time>
      </trkpt>
      <trkpt lat="21.2077250" lon="72.8402850">
        <time>2011-01-07T15:21:13Z</time>
      </trkpt>
      <trkpt lat="21.2077250" lon="72.8402850">
        <time>2011-01-07T15:21:14Z</time>
      </trkpt>
      <trkpt lat="21.2077250" lon="72.8402830">
        <time>2011-01-07T15:21:15Z</time>
      </trkpt>
      <trkpt lat="21.2077250" lon="72.8402830">
        <time>2011-01-07T15:21:16Z</time>
      </trkpt>
      <trkpt lat="21.2077250" lon="72.8402830">
        <time>2011-01-07T15:21:17Z</time>
      </trkpt>
      <trkpt lat="21.2077250" lon="72.8402810">
        <time>2011-01-07T15:21:18Z</time>
      </trkpt>
      <trkpt lat="21.2077250" lon="72.8402810">
        <time>2011-01-07T15:21:19Z</time>
      </trkpt>
      <trkpt lat="21.2077250" lon="72.8402810">
        <time>2011-01-07T15:21:20Z</time>
      </trkpt>
      <trkpt lat="21.2077250" lon="72.8402790">
        <time>2011-01-07T15:21:21Z</time>
      </trkpt>
      <trkpt lat="21.2077250" lon="72.8402790">
        <time>2011-01-07T15:21:22Z</time>
      </trkpt>
      <trkpt lat="21.2077250" lon="72.8402790">
        <time>2011-01-07T15:21:23Z</time>
      </trkpt>
      <trkpt lat="21.2077230" lon="72.8402780">
        <time>2011-01-07T15:21:24Z</time>
      </trkpt>
      <trkpt lat="21.2077230" lon="72.8402780">
        <time>2011-01-07T15:21:25Z</time>
      </trkpt>
      <trkpt lat="21.2077230" lon="72.8402780">
        <time>2011-01-07T15:21:26Z</time>
      </trkpt>
      <trkpt lat="21.2077210" lon="72.8402760">
        <time>2011-01-07T15:21:27Z</time>
      </trkpt>
      <trkpt lat="21.2077210" lon="72.8402760">
        <time>2011-01-07T15:21:28Z</time>
      </trkpt>
      <trkpt lat="21.2077200" lon="72.8402760">
        <time>2011-01-07T15:21:29Z</time>
      </trkpt>
      <trkpt lat="21.2077180" lon="72.8402760">
        <time>2011-01-07T15:21:30Z</time>
      </trkpt>
      <trkpt lat="21.2077180" lon="72.8402740">
        <time>2011-01-07T15:21:31Z</time>
      </trkpt>
      <trkpt lat="21.2077160" lon="72.8402740">
        <time>2011-01-07T15:21:32Z</time>
      </trkpt>
      <trkpt lat="21.2077160" lon="72.8402740">
        <time>2011-01-07T15:21:33Z</time>
      </trkpt>
      <trkpt lat="21.2077140" lon="72.8402740">
        <time>2011-01-07T15:21:34Z</time>
      </trkpt>
      <trkpt lat="21.2077130" lon="72.8402740">
        <time>2011-01-07T15:21:35Z</time>
      </trkpt>
      <trkpt lat="21.2077130" lon="72.8402740">
        <time>2011-01-07T15:21:36Z</time>
      </trkpt>
      <trkpt lat="21.2077110" lon="72.8402740">
        <time>2011-01-07T15:21:37Z</time>
      </trkpt>
      <trkpt lat="21.2077110" lon="72.8402740">
        <time>2011-01-07T15:21:38Z</time>
      </trkpt>
      <trkpt lat="21.2077100" lon="72.8402740">
        <time>2011-01-07T15:21:39Z</time>
      </trkpt>
      <trkpt lat="21.2077080" lon="72.8402740">
        <time>2011-01-07T15:21:40Z</time>
      </trkpt>
      <trkpt lat="21.2077080" lon="72.8402740">
        <time>2011-01-07T15:21:41Z</time>
      </trkpt>
      <trkpt lat="21.2077060" lon="72.8402740">
        <time>2011-01-07T15:21:42Z</time>
      </trkpt>
      <trkpt lat="21.2076780" lon="72.8402780">
        <time>2011-01-07T15:21:43Z</time>
      </trkpt>
      <trkpt lat="21.2076780" lon="72.8402780">
        <time>2011-01-07T15:21:44Z</time>
      </trkpt>
      <trkpt lat="21.2076760" lon="72.8402780">
        <time>2011-01-07T15:21:45Z</time>
      </trkpt>
      <trkpt lat="21.2076750" lon="72.8402780">
        <time>2011-01-07T15:21:46Z</time>
      </trkpt>
      <trkpt lat="21.2076730" lon="72.8402780">
        <time>2011-01-07T15:21:47Z</time>
      </trkpt>
      <trkpt lat="21.2076710" lon="72.8402780">
        <time>2011-01-07T15:21:48Z</time>
      </trkpt>
      <trkpt lat="21.2076690" lon="72.8402790">
        <time>2011-01-07T15:21:49Z</time>
      </trkpt>
      <trkpt lat="21.2076680" lon="72.8402790">
        <time>2011-01-07T15:21:50Z</time>
      </trkpt>
      <trkpt lat="21.2076660" lon="72.8402790">
        <time>2011-01-07T15:21:51Z</time>
      </trkpt>
      <trkpt lat="21.2076650" lon="72.8402790">
        <time>2011-01-07T15:21:52Z</time>
      </trkpt>
      <trkpt lat="21.2076280" lon="72.8402860">
        <time>2011-01-07T15:21:53Z</time>
      </trkpt>
      <trkpt lat="21.2075960" lon="72.8402910">
        <time>2011-01-07T15:21:54Z</time>
      </trkpt>
      <trkpt lat="21.2075680" lon="72.8402960">
        <time>2011-01-07T15:21:55Z</time>
      </trkpt>
      <trkpt lat="21.2075430" lon="72.8402990">
        <time>2011-01-07T15:21:56Z</time>
      </trkpt>
      <trkpt lat="21.2075200" lon="72.8403030">
        <time>2011-01-07T15:21:57Z</time>
      </trkpt>
      <trkpt lat="21.2075000" lon="72.8403060">
        <time>2011-01-07T15:21:58Z</time>
      </trkpt>
      <trkpt lat="21.2074800" lon="72.8403090">
        <time>2011-01-07T15:21:59Z</time>
      </trkpt>
      <trkpt lat="21.2074580" lon="72.8403110">
        <time>2011-01-07T15:22:00Z</time>
      </trkpt>
      <trkpt lat="21.2074360" lon="72.8403130">
        <time>2011-01-07T15:22:01Z</time>
      </trkpt>
      <trkpt lat="21.2074140" lon="72.8403150">
        <time>2011-01-07T15:22:02Z</time>
      </trkpt>
      <trkpt lat="21.2073910" lon="72.8403160">
        <time>2011-01-07T15:22:03Z</time>
      </trkpt>
      <trkpt lat="21.2073690" lon="72.8403180">
        <time>2011-01-07T15:22:04Z</time>
      </trkpt>
      <trkpt lat="21.2073500" lon="72.8403190">
        <time>2011-01-07T15:22:05Z</time>
      </trkpt>
      <trkpt lat="21.2073060" lon="72.8403300">
        <time>2011-01-07T15:22:08Z</time>
      </trkpt>
      <trkpt lat="21.2072980" lon="72.8403310">
        <time>2011-01-07T15:22:09Z</time>
      </trkpt>
      <trkpt lat="21.2072760" lon="72.8403410">
        <time>2011-01-07T15:22:10Z</time>
      </trkpt>
      <trkpt lat="21.2072530" lon="72.8403480">
        <time>2011-01-07T15:22:11Z</time>
      </trkpt>
      <trkpt lat="21.2071390" lon="72.8403860">
        <time>2011-01-07T15:22:12Z</time>
      </trkpt>
      <trkpt lat="21.2071160" lon="72.8403960">
        <time>2011-01-07T15:22:13Z</time>
      </trkpt>
      <trkpt lat="21.2070940" lon="72.8404090">
        <time>2011-01-07T15:22:14Z</time>
      </trkpt>
      <trkpt lat="21.2070750" lon="72.8404290">
        <time>2011-01-07T15:22:15Z</time>
      </trkpt>
      <trkpt lat="21.2070430" lon="72.8404400">
        <time>2011-01-07T15:22:16Z</time>
      </trkpt>
      <trkpt lat="21.2070110" lon="72.8404500">
        <time>2011-01-07T15:22:17Z</time>
      </trkpt>
      <trkpt lat="21.2069790" lon="72.8404630">
        <time>2011-01-07T15:22:18Z</time>
      </trkpt>
      <trkpt lat="21.2069630" lon="72.8404780">
        <time>2011-01-07T15:22:19Z</time>
      </trkpt>
      <trkpt lat="21.2069380" lon="72.8405030">
        <time>2011-01-07T15:22:20Z</time>
      </trkpt>
      <trkpt lat="21.2069050" lon="72.8405080">
        <time>2011-01-07T15:22:21Z</time>
      </trkpt>
      <trkpt lat="21.2068760" lon="72.8405080">
        <time>2011-01-07T15:22:22Z</time>
      </trkpt>
      <trkpt lat="21.2068410" lon="72.8405100">
        <time>2011-01-07T15:22:23Z</time>
      </trkpt>
      <trkpt lat="21.2068110" lon="72.8405140">
        <time>2011-01-07T15:22:24Z</time>
      </trkpt>
      <trkpt lat="21.2067810" lon="72.8405280">
        <time>2011-01-07T15:22:25Z</time>
      </trkpt>
      <trkpt lat="21.2067550" lon="72.8405360">
        <time>2011-01-07T15:22:26Z</time>
      </trkpt>
      <trkpt lat="21.2067230" lon="72.8405400">
        <time>2011-01-07T15:22:27Z</time>
      </trkpt>
      <trkpt lat="21.2066930" lon="72.8405530">
        <time>2011-01-07T15:22:28Z</time>
      </trkpt>
      <trkpt lat="21.2066650" lon="72.8405560">
        <time>2011-01-07T15:22:29Z</time>
      </trkpt>
      <trkpt lat="21.2066360" lon="72.8405610">
        <time>2011-01-07T15:22:30Z</time>
      </trkpt>
      <trkpt lat="21.2066110" lon="72.8405660">
        <time>2011-01-07T15:22:31Z</time>
      </trkpt>
      <trkpt lat="21.2065880" lon="72.8405750">
        <time>2011-01-07T15:22:32Z</time>
      </trkpt>
      <trkpt lat="21.2065630" lon="72.8405760">
        <time>2011-01-07T15:22:33Z</time>
      </trkpt>
      <trkpt lat="21.2065410" lon="72.8405830">
        <time>2011-01-07T15:22:34Z</time>
      </trkpt>
      <trkpt lat="21.2065260" lon="72.8405860">
        <time>2011-01-07T15:22:35Z</time>
      </trkpt>
      <trkpt lat="21.2065100" lon="72.8405890">
        <time>2011-01-07T15:22:36Z</time>
      </trkpt>
      <trkpt lat="21.2064980" lon="72.8405930">
        <time>2011-01-07T15:22:37Z</time>
      </trkpt>
      <trkpt lat="21.2064910" lon="72.8406000">
        <time>2011-01-07T15:22:38Z</time>
      </trkpt>
      <trkpt lat="21.2064860" lon="72.8406060">
        <time>2011-01-07T15:22:39Z</time>
      </trkpt>
      <trkpt lat="21.2064850" lon="72.8406060">
        <time>2011-01-07T15:22:40Z</time>
      </trkpt>
      <trkpt lat="21.2064560" lon="72.8406090">
        <time>2011-01-07T15:22:41Z</time>
      </trkpt>
      <trkpt lat="21.2064310" lon="72.8406150">
        <time>2011-01-07T15:22:42Z</time>
      </trkpt>
      <trkpt lat="21.2064130" lon="72.8406160">
        <time>2011-01-07T15:22:43Z</time>
      </trkpt>
      <trkpt lat="21.2064110" lon="72.8406160">
        <time>2011-01-07T15:22:44Z</time>
      </trkpt>
      <trkpt lat="21.2064090" lon="72.8406200">
        <time>2011-01-07T15:22:45Z</time>
      </trkpt>
      <trkpt lat="21.2063730" lon="72.8406560">
        <time>2011-01-07T15:22:46Z</time>
      </trkpt>
      <trkpt lat="21.2063580" lon="72.8406710">
        <time>2011-01-07T15:22:47Z</time>
      </trkpt>
      <trkpt lat="21.2063190" lon="72.8406750">
        <time>2011-01-07T15:22:48Z</time>
      </trkpt>
      <trkpt lat="21.2062890" lon="72.8406840">
        <time>2011-01-07T15:22:49Z</time>
      </trkpt>
      <trkpt lat="21.2062500" lon="72.8406910">
        <time>2011-01-07T15:22:50Z</time>
      </trkpt>
      <trkpt lat="21.2062190" lon="72.8406930">
        <time>2011-01-07T15:22:51Z</time>
      </trkpt>
      <trkpt lat="21.2061950" lon="72.8406990">
        <time>2011-01-07T15:22:52Z</time>
      </trkpt>
      <trkpt lat="21.2061600" lon="72.8407010">
        <time>2011-01-07T15:22:53Z</time>
      </trkpt>
      <trkpt lat="21.2061330" lon="72.8407060">
        <time>2011-01-07T15:22:54Z</time>
      </trkpt>
      <trkpt lat="21.2060960" lon="72.8407110">
        <time>2011-01-07T15:22:55Z</time>
      </trkpt>
      <trkpt lat="21.2060710" lon="72.8407100">
        <time>2011-01-07T15:22:56Z</time>
      </trkpt>
      <trkpt lat="21.2060440" lon="72.8407130">
        <time>2011-01-07T15:22:57Z</time>
      </trkpt>
      <trkpt lat="21.2060060" lon="72.8407260">
        <time>2011-01-07T15:22:58Z</time>
      </trkpt>
      <trkpt lat="21.2060030" lon="72.8407260">
        <time>2011-01-07T15:22:59Z</time>
      </trkpt>
      <trkpt lat="21.2059980" lon="72.8407280">
        <time>2011-01-07T15:23:00Z</time>
      </trkpt>
      <trkpt lat="21.2059980" lon="72.8407280">
        <time>2011-01-07T15:23:01Z</time>
      </trkpt>
      <trkpt lat="21.2059890" lon="72.8407290">
        <time>2011-01-07T15:23:02Z</time>
      </trkpt>
      <trkpt lat="21.2059690" lon="72.8407330">
        <time>2011-01-07T15:23:03Z</time>
      </trkpt>
      <trkpt lat="21.2059490" lon="72.8407360">
        <time>2011-01-07T15:23:04Z</time>
      </trkpt>
      <trkpt lat="21.2059280" lon="72.8407410">
        <time>2011-01-07T15:23:05Z</time>
      </trkpt>
      <trkpt lat="21.2059060" lon="72.8407460">
        <time>2011-01-07T15:23:06Z</time>
      </trkpt>
      <trkpt lat="21.2058850" lon="72.8407530">
        <time>2011-01-07T15:23:07Z</time>
      </trkpt>
      <trkpt lat="21.2058660" lon="72.8407610">
        <time>2011-01-07T15:23:08Z</time>
      </trkpt>
      <trkpt lat="21.2058480" lon="72.8407690">
        <time>2011-01-07T15:23:09Z</time>
      </trkpt>
      <trkpt lat="21.2058280" lon="72.8407780">
        <time>2011-01-07T15:23:10Z</time>
      </trkpt>
      <trkpt lat="21.2058080" lon="72.8407840">
        <time>2011-01-07T15:23:11Z</time>
      </trkpt>
      <trkpt lat="21.2056910" lon="72.8408100">
        <time>2011-01-07T15:23:12Z</time>
      </trkpt>
      <trkpt lat="21.2056660" lon="72.8408160">
        <time>2011-01-07T15:23:13Z</time>
      </trkpt>
      <trkpt lat="21.2056330" lon="72.8408180">
        <time>2011-01-07T15:23:14Z</time>
      </trkpt>
      <trkpt lat="21.2056090" lon="72.8408250">
        <time>2011-01-07T15:23:15Z</time>
      </trkpt>
      <trkpt lat="21.2055860" lon="72.8408330">
        <time>2011-01-07T15:23:16Z</time>
      </trkpt>
      <trkpt lat="21.2055760" lon="72.8408380">
        <time>2011-01-07T15:23:17Z</time>
      </trkpt>
      <trkpt lat="21.2055610" lon="72.8408490">
        <time>2011-01-07T15:23:18Z</time>
      </trkpt>
      <trkpt lat="21.2055410" lon="72.8408560">
        <time>2011-01-07T15:23:19Z</time>
      </trkpt>
      <trkpt lat="21.2055180" lon="72.8408590">
        <time>2011-01-07T15:23:20Z</time>
      </trkpt>
      <trkpt lat="21.2054940" lon="72.8408700">
        <time>2011-01-07T15:23:21Z</time>
      </trkpt>
      <trkpt lat="21.2054660" lon="72.8408750">
        <time>2011-01-07T15:23:22Z</time>
      </trkpt>
      <trkpt lat="21.2054280" lon="72.8408810">
        <time>2011-01-07T15:23:23Z</time>
      </trkpt>
      <trkpt lat="21.2053910" lon="72.8408760">
        <time>2011-01-07T15:23:24Z</time>
      </trkpt>
      <trkpt lat="21.2053630" lon="72.8408700">
        <time>2011-01-07T15:23:25Z</time>
      </trkpt>
      <trkpt lat="21.2053360" lon="72.8408710">
        <time>2011-01-07T15:23:26Z</time>
      </trkpt>
      <trkpt lat="21.2053160" lon="72.8408730">
        <time>2011-01-07T15:23:27Z</time>
      </trkpt>
      <trkpt lat="21.2052960" lon="72.8408790">
        <time>2011-01-07T15:23:28Z</time>
      </trkpt>
      <trkpt lat="21.2052780" lon="72.8408930">
        <time>2011-01-07T15:23:29Z</time>
      </trkpt>
      <trkpt lat="21.2052600" lon="72.8409000">
        <time>2011-01-07T15:23:30Z</time>
      </trkpt>
      <trkpt lat="21.2052410" lon="72.8409080">
        <time>2011-01-07T15:23:31Z</time>
      </trkpt>
      <trkpt lat="21.2052400" lon="72.8409080">
        <time>2011-01-07T15:23:32Z</time>
      </trkpt>
      <trkpt lat="21.2051910" lon="72.8409160">
        <time>2011-01-07T15:23:33Z</time>
      </trkpt>
      <trkpt lat="21.2051590" lon="72.8409240">
        <time>2011-01-07T15:23:34Z</time>
      </trkpt>
      <trkpt lat="21.2051260" lon="72.8409300">
        <time>2011-01-07T15:23:35Z</time>
      </trkpt>
      <trkpt lat="21.2051030" lon="72.8409460">
        <time>2011-01-07T15:23:36Z</time>
      </trkpt>
      <trkpt lat="21.2050660" lon="72.8409540">
        <time>2011-01-07T15:23:37Z</time>
      </trkpt>
      <trkpt lat="21.2050210" lon="72.8409390">
        <time>2011-01-07T15:23:38Z</time>
      </trkpt>
      <trkpt lat="21.2049890" lon="72.8409410">
        <time>2011-01-07T15:23:39Z</time>
      </trkpt>
      <trkpt lat="21.2049650" lon="72.8409450">
        <time>2011-01-07T15:23:40Z</time>
      </trkpt>
      <trkpt lat="21.2049280" lon="72.8409410">
        <time>2011-01-07T15:23:41Z</time>
      </trkpt>
      <trkpt lat="21.2048880" lon="72.8409450">
        <time>2011-01-07T15:23:42Z</time>
      </trkpt>
      <trkpt lat="21.2048510" lon="72.8409540">
        <time>2011-01-07T15:23:43Z</time>
      </trkpt>
      <trkpt lat="21.2048230" lon="72.8409600">
        <time>2011-01-07T15:23:44Z</time>
      </trkpt>
      <trkpt lat="21.2048030" lon="72.8409680">
        <time>2011-01-07T15:23:45Z</time>
      </trkpt>
      <trkpt lat="21.2047800" lon="72.8409800">
        <time>2011-01-07T15:23:46Z</time>
      </trkpt>
      <trkpt lat="21.2047450" lon="72.8409990">
        <time>2011-01-07T15:23:47Z</time>
      </trkpt>
      <trkpt lat="21.2047080" lon="72.8410050">
        <time>2011-01-07T15:23:48Z</time>
      </trkpt>
      <trkpt lat="21.2046800" lon="72.8410100">
        <time>2011-01-07T15:23:49Z</time>
      </trkpt>
      <trkpt lat="21.2046450" lon="72.8410180">
        <time>2011-01-07T15:23:50Z</time>
      </trkpt>
      <trkpt lat="21.2046140" lon="72.8410200">
        <time>2011-01-07T15:23:51Z</time>
      </trkpt>
      <trkpt lat="21.2045900" lon="72.8410230">
        <time>2011-01-07T15:23:52Z</time>
      </trkpt>
      <trkpt lat="21.2045660" lon="72.8410330">
        <time>2011-01-07T15:23:53Z</time>
      </trkpt>
      <trkpt lat="21.2045630" lon="72.8410330">
        <time>2011-01-07T15:23:54Z</time>
      </trkpt>
      <trkpt lat="21.2045600" lon="72.8410350">
        <time>2011-01-07T15:23:55Z</time>
      </trkpt>
      <trkpt lat="21.2045530" lon="72.8410380">
        <time>2011-01-07T15:23:56Z</time>
      </trkpt>
      <trkpt lat="21.2045440" lon="72.8410410">
        <time>2011-01-07T15:23:57Z</time>
      </trkpt>
      <trkpt lat="21.2044340" lon="72.8410880">
        <time>2011-01-07T15:23:58Z</time>
      </trkpt>
      <trkpt lat="21.2043950" lon="72.8410980">
        <time>2011-01-07T15:23:59Z</time>
      </trkpt>
      <trkpt lat="21.2043610" lon="72.8411030">
        <time>2011-01-07T15:24:00Z</time>
      </trkpt>
      <trkpt lat="21.2043230" lon="72.8411030">
        <time>2011-01-07T15:24:01Z</time>
      </trkpt>
      <trkpt lat="21.2042960" lon="72.8411160">
        <time>2011-01-07T15:24:02Z</time>
      </trkpt>
      <trkpt lat="21.2042710" lon="72.8411280">
        <time>2011-01-07T15:24:03Z</time>
      </trkpt>
      <trkpt lat="21.2042400" lon="72.8411260">
        <time>2011-01-07T15:24:04Z</time>
      </trkpt>
      <trkpt lat="21.2042090" lon="72.8411330">
        <time>2011-01-07T15:24:05Z</time>
      </trkpt>
      <trkpt lat="21.2041790" lon="72.8411340">
        <time>2011-01-07T15:24:06Z</time>
      </trkpt>
      <trkpt lat="21.2041530" lon="72.8411330">
        <time>2011-01-07T15:24:07Z</time>
      </trkpt>
      <trkpt lat="21.2041300" lon="72.8411290">
        <time>2011-01-07T15:24:08Z</time>
      </trkpt>
      <trkpt lat="21.2041280" lon="72.8411290">
        <time>2011-01-07T15:24:09Z</time>
      </trkpt>
      <trkpt lat="21.2041240" lon="72.8411290">
        <time>2011-01-07T15:24:10Z</time>
      </trkpt>
      <trkpt lat="21.2041200" lon="72.8411280">
        <time>2011-01-07T15:24:11Z</time>
      </trkpt>
      <trkpt lat="21.2041130" lon="72.8411260">
        <time>2011-01-07T15:24:12Z</time>
      </trkpt>
      <trkpt lat="21.2041040" lon="72.8411260">
        <time>2011-01-07T15:24:13Z</time>
      </trkpt>
      <trkpt lat="21.2039880" lon="72.8411160">
        <time>2011-01-07T15:24:14Z</time>
      </trkpt>
      <trkpt lat="21.2039410" lon="72.8411060">
        <time>2011-01-07T15:24:15Z</time>
      </trkpt>
      <trkpt lat="21.2039060" lon="72.8411080">
        <time>2011-01-07T15:24:16Z</time>
      </trkpt>
      <trkpt lat="21.2038840" lon="72.8411090">
        <time>2011-01-07T15:24:17Z</time>
      </trkpt>
      <trkpt lat="21.2038710" lon="72.8411180">
        <time>2011-01-07T15:24:18Z</time>
      </trkpt>
      <trkpt lat="21.2038460" lon="72.8411230">
        <time>2011-01-07T15:24:19Z</time>
      </trkpt>
      <trkpt lat="21.2038180" lon="72.8411280">
        <time>2011-01-07T15:24:20Z</time>
      </trkpt>
      <trkpt lat="21.2037860" lon="72.8411310">
        <time>2011-01-07T15:24:21Z</time>
      </trkpt>
      <trkpt lat="21.2037480" lon="72.8411360">
        <time>2011-01-07T15:24:22Z</time>
      </trkpt>
      <trkpt lat="21.2037230" lon="72.8411410">
        <time>2011-01-07T15:24:23Z</time>
      </trkpt>
      <trkpt lat="21.2036830" lon="72.8411430">
        <time>2011-01-07T15:24:24Z</time>
      </trkpt>
      <trkpt lat="21.2036660" lon="72.8411480">
        <time>2011-01-07T15:24:25Z</time>
      </trkpt>
      <trkpt lat="21.2036360" lon="72.8411560">
        <time>2011-01-07T15:24:26Z</time>
      </trkpt>
      <trkpt lat="21.2036030" lon="72.8411580">
        <time>2011-01-07T15:24:27Z</time>
      </trkpt>
      <trkpt lat="21.2035790" lon="72.8411640">
        <time>2011-01-07T15:24:28Z</time>
      </trkpt>
      <trkpt lat="21.2035560" lon="72.8411730">
        <time>2011-01-07T15:24:29Z</time>
      </trkpt>
      <trkpt lat="21.2035340" lon="72.8411830">
        <time>2011-01-07T15:24:30Z</time>
      </trkpt>
      <trkpt lat="21.2035010" lon="72.8411940">
        <time>2011-01-07T15:24:31Z</time>
      </trkpt>
      <trkpt lat="21.2034780" lon="72.8411990">
        <time>2011-01-07T15:24:32Z</time>
      </trkpt>
      <trkpt lat="21.2034530" lon="72.8412080">
        <time>2011-01-07T15:24:33Z</time>
      </trkpt>
      <trkpt lat="21.2034340" lon="72.8412210">
        <time>2011-01-07T15:24:34Z</time>
      </trkpt>
      <trkpt lat="21.2034110" lon="72.8412290">
        <time>2011-01-07T15:24:35Z</time>
      </trkpt>
      <trkpt lat="21.2033790" lon="72.8412330">
        <time>2011-01-07T15:24:36Z</time>
      </trkpt>
      <trkpt lat="21.2033360" lon="72.8412410">
        <time>2011-01-07T15:24:37Z</time>
      </trkpt>
      <trkpt lat="21.2032860" lon="72.8412430">
        <time>2011-01-07T15:24:38Z</time>
      </trkpt>
      <trkpt lat="21.2032480" lon="72.8412590">
        <time>2011-01-07T15:24:39Z</time>
      </trkpt>
      <trkpt lat="21.2032210" lon="72.8412700">
        <time>2011-01-07T15:24:40Z</time>
      </trkpt>
      <trkpt lat="21.2031860" lon="72.8412760">
        <time>2011-01-07T15:24:41Z</time>
      </trkpt>
      <trkpt lat="21.2031440" lon="72.8412810">
        <time>2011-01-07T15:24:42Z</time>
      </trkpt>
      <trkpt lat="21.2031160" lon="72.8412890">
        <time>2011-01-07T15:24:43Z</time>
      </trkpt>
      <trkpt lat="21.2030800" lon="72.8413040">
        <time>2011-01-07T15:24:44Z</time>
      </trkpt>
      <trkpt lat="21.2030430" lon="72.8413110">
        <time>2011-01-07T15:24:45Z</time>
      </trkpt>
      <trkpt lat="21.2030210" lon="72.8413190">
        <time>2011-01-07T15:24:46Z</time>
      </trkpt>
      <trkpt lat="21.2029840" lon="72.8413260">
        <time>2011-01-07T15:24:47Z</time>
      </trkpt>
      <trkpt lat="21.2028860" lon="72.8413510">
        <time>2011-01-07T15:24:50Z</time>
      </trkpt>
      <trkpt lat="21.2028560" lon="72.8413680">
        <time>2011-01-07T15:24:51Z</time>
      </trkpt>
      <trkpt lat="21.2028280" lon="72.8413860">
        <time>2011-01-07T15:24:52Z</time>
      </trkpt>
      <trkpt lat="21.2027930" lon="72.8414080">
        <time>2011-01-07T15:24:53Z</time>
      </trkpt>
      <trkpt lat="21.2027480" lon="72.8414180">
        <time>2011-01-07T15:24:54Z</time>
      </trkpt>
      <trkpt lat="21.2027250" lon="72.8414260">
        <time>2011-01-07T15:24:55Z</time>
      </trkpt>
      <trkpt lat="21.2027010" lon="72.8414330">
        <time>2011-01-07T15:24:56Z</time>
      </trkpt>
      <trkpt lat="21.2026680" lon="72.8414340">
        <time>2011-01-07T15:24:57Z</time>
      </trkpt>
      <trkpt lat="21.2026380" lon="72.8414360">
        <time>2011-01-07T15:24:58Z</time>
      </trkpt>
      <trkpt lat="21.2026030" lon="72.8414450">
        <time>2011-01-07T15:24:59Z</time>
      </trkpt>
      <trkpt lat="21.2025690" lon="72.8414530">
        <time>2011-01-07T15:25:00Z</time>
      </trkpt>
      <trkpt lat="21.2025260" lon="72.8414630">
        <time>2011-01-07T15:25:01Z</time>
      </trkpt>
      <trkpt lat="21.2024830" lon="72.8414690">
        <time>2011-01-07T15:25:02Z</time>
      </trkpt>
      <trkpt lat="21.2024400" lon="72.8414730">
        <time>2011-01-07T15:25:03Z</time>
      </trkpt>
      <trkpt lat="21.2024060" lon="72.8414760">
        <time>2011-01-07T15:25:04Z</time>
      </trkpt>
      <trkpt lat="21.2023780" lon="72.8414830">
        <time>2011-01-07T15:25:05Z</time>
      </trkpt>
      <trkpt lat="21.2023450" lon="72.8414930">
        <time>2011-01-07T15:25:06Z</time>
      </trkpt>
      <trkpt lat="21.2023060" lon="72.8414990">
        <time>2011-01-07T15:25:07Z</time>
      </trkpt>
      <trkpt lat="21.2022730" lon="72.8415080">
        <time>2011-01-07T15:25:08Z</time>
      </trkpt>
      <trkpt lat="21.2022390" lon="72.8415200">
        <time>2011-01-07T15:25:09Z</time>
      </trkpt>
      <trkpt lat="21.2021940" lon="72.8415330">
        <time>2011-01-07T15:25:10Z</time>
      </trkpt>
      <trkpt lat="21.2021480" lon="72.8415530">
        <time>2011-01-07T15:25:11Z</time>
      </trkpt>
      <trkpt lat="21.2021040" lon="72.8415690">
        <time>2011-01-07T15:25:12Z</time>
      </trkpt>
      <trkpt lat="21.2020710" lon="72.8415830">
        <time>2011-01-07T15:25:13Z</time>
      </trkpt>
      <trkpt lat="21.2020380" lon="72.8415980">
        <time>2011-01-07T15:25:14Z</time>
      </trkpt>
      <trkpt lat="21.2020010" lon="72.8416080">
        <time>2011-01-07T15:25:15Z</time>
      </trkpt>
      <trkpt lat="21.2019730" lon="72.8416160">
        <time>2011-01-07T15:25:16Z</time>
      </trkpt>
      <trkpt lat="21.2019430" lon="72.8416340">
        <time>2011-01-07T15:25:17Z</time>
      </trkpt>
      <trkpt lat="21.2019190" lon="72.8416510">
        <time>2011-01-07T15:25:18Z</time>
      </trkpt>
      <trkpt lat="21.2018980" lon="72.8416590">
        <time>2011-01-07T15:25:19Z</time>
      </trkpt>
      <trkpt lat="21.2018680" lon="72.8416680">
        <time>2011-01-07T15:25:20Z</time>
      </trkpt>
      <trkpt lat="21.2018360" lon="72.8416790">
        <time>2011-01-07T15:25:21Z</time>
      </trkpt>
      <trkpt lat="21.2017910" lon="72.8416910">
        <time>2011-01-07T15:25:22Z</time>
      </trkpt>
      <trkpt lat="21.2017400" lon="72.8417060">
        <time>2011-01-07T15:25:23Z</time>
      </trkpt>
      <trkpt lat="21.2016860" lon="72.8417160">
        <time>2011-01-07T15:25:24Z</time>
      </trkpt>
      <trkpt lat="21.2016280" lon="72.8417300">
        <time>2011-01-07T15:25:25Z</time>
      </trkpt>
      <trkpt lat="21.2015790" lon="72.8417460">
        <time>2011-01-07T15:25:26Z</time>
      </trkpt>
      <trkpt lat="21.2015340" lon="72.8417650">
        <time>2011-01-07T15:25:27Z</time>
      </trkpt>
      <trkpt lat="21.2014890" lon="72.8417840">
        <time>2011-01-07T15:25:28Z</time>
      </trkpt>
      <trkpt lat="21.2014390" lon="72.8418030">
        <time>2011-01-07T15:25:29Z</time>
      </trkpt>
      <trkpt lat="21.2013980" lon="72.8418260">
        <time>2011-01-07T15:25:30Z</time>
      </trkpt>
      <trkpt lat="21.2013510" lon="72.8418530">
        <time>2011-01-07T15:25:31Z</time>
      </trkpt>
      <trkpt lat="21.2013130" lon="72.8418810">
        <time>2011-01-07T15:25:32Z</time>
      </trkpt>
      <trkpt lat="21.2012730" lon="72.8419030">
        <time>2011-01-07T15:25:33Z</time>
      </trkpt>
      <trkpt lat="21.2012360" lon="72.8419210">
        <time>2011-01-07T15:25:34Z</time>
      </trkpt>
      <trkpt lat="21.2011880" lon="72.8419380">
        <time>2011-01-07T15:25:35Z</time>
      </trkpt>
      <trkpt lat="21.2011330" lon="72.8419700">
        <time>2011-01-07T15:25:36Z</time>
      </trkpt>
      <trkpt lat="21.2010680" lon="72.8420000">
        <time>2011-01-07T15:25:37Z</time>
      </trkpt>
      <trkpt lat="21.2010010" lon="72.8420240">
        <time>2011-01-07T15:25:38Z</time>
      </trkpt>
      <trkpt lat="21.2009300" lon="72.8420580">
        <time>2011-01-07T15:25:39Z</time>
      </trkpt>
      <trkpt lat="21.2008780" lon="72.8420880">
        <time>2011-01-07T15:25:40Z</time>
      </trkpt>
      <trkpt lat="21.2008380" lon="72.8421210">
        <time>2011-01-07T15:25:41Z</time>
      </trkpt>
      <trkpt lat="21.2007810" lon="72.8421530">
        <time>2011-01-07T15:25:42Z</time>
      </trkpt>
      <trkpt lat="21.2007030" lon="72.8421840">
        <time>2011-01-07T15:25:43Z</time>
      </trkpt>
      <trkpt lat="21.2006400" lon="72.8422130">
        <time>2011-01-07T15:25:44Z</time>
      </trkpt>
      <trkpt lat="21.2005660" lon="72.8422450">
        <time>2011-01-07T15:25:45Z</time>
      </trkpt>
      <trkpt lat="21.2005010" lon="72.8422800">
        <time>2011-01-07T15:25:46Z</time>
      </trkpt>
      <trkpt lat="21.2004280" lon="72.8423140">
        <time>2011-01-07T15:25:47Z</time>
      </trkpt>
      <trkpt lat="21.2003610" lon="72.8423500">
        <time>2011-01-07T15:25:48Z</time>
      </trkpt>
      <trkpt lat="21.2002880" lon="72.8423810">
        <time>2011-01-07T15:25:49Z</time>
      </trkpt>
      <trkpt lat="21.2002130" lon="72.8424090">
        <time>2011-01-07T15:25:50Z</time>
      </trkpt>
      <trkpt lat="21.2001500" lon="72.8424490">
        <time>2011-01-07T15:25:51Z</time>
      </trkpt>
      <trkpt lat="21.2000780" lon="72.8424910">
        <time>2011-01-07T15:25:52Z</time>
      </trkpt>
      <trkpt lat="21.2000010" lon="72.8425310">
        <time>2011-01-07T15:25:53Z</time>
      </trkpt>
      <trkpt lat="21.1999330" lon="72.8425730">
        <time>2011-01-07T15:25:54Z</time>
      </trkpt>
      <trkpt lat="21.1998590" lon="72.8426130">
        <time>2011-01-07T15:25:55Z</time>
      </trkpt>
      <trkpt lat="21.1997890" lon="72.8426530">
        <time>2011-01-07T15:25:56Z</time>
      </trkpt>
      <trkpt lat="21.1997200" lon="72.8426890">
        <time>2011-01-07T15:25:57Z</time>
      </trkpt>
      <trkpt lat="21.1996490" lon="72.8427330">
        <time>2011-01-07T15:25:58Z</time>
      </trkpt>
      <trkpt lat="21.1995710" lon="72.8427730">
        <time>2011-01-07T15:25:59Z</time>
      </trkpt>
      <trkpt lat="21.1994900" lon="72.8428160">
        <time>2011-01-07T15:26:00Z</time>
      </trkpt>
      <trkpt lat="21.1993980" lon="72.8428610">
        <time>2011-01-07T15:26:01Z</time>
      </trkpt>
      <trkpt lat="21.1993180" lon="72.8429030">
        <time>2011-01-07T15:26:02Z</time>
      </trkpt>
      <trkpt lat="21.1992330" lon="72.8429530">
        <time>2011-01-07T15:26:03Z</time>
      </trkpt>
      <trkpt lat="21.1991490" lon="72.8429960">
        <time>2011-01-07T15:26:04Z</time>
      </trkpt>
      <trkpt lat="21.1990640" lon="72.8430380">
        <time>2011-01-07T15:26:05Z</time>
      </trkpt>
      <trkpt lat="21.1989850" lon="72.8430790">
        <time>2011-01-07T15:26:06Z</time>
      </trkpt>
      <trkpt lat="21.1989030" lon="72.8431260">
        <time>2011-01-07T15:26:07Z</time>
      </trkpt>
      <trkpt lat="21.1988230" lon="72.8431800">
        <time>2011-01-07T15:26:08Z</time>
      </trkpt>
      <trkpt lat="21.1987440" lon="72.8432280">
        <time>2011-01-07T15:26:09Z</time>
      </trkpt>
      <trkpt lat="21.1986590" lon="72.8432790">
        <time>2011-01-07T15:26:10Z</time>
      </trkpt>
      <trkpt lat="21.1985660" lon="72.8433310">
        <time>2011-01-07T15:26:11Z</time>
      </trkpt>
      <trkpt lat="21.1984810" lon="72.8433780">
        <time>2011-01-07T15:26:12Z</time>
      </trkpt>
      <trkpt lat="21.1983890" lon="72.8434130">
        <time>2011-01-07T15:26:13Z</time>
      </trkpt>
      <trkpt lat="21.1983110" lon="72.8434580">
        <time>2011-01-07T15:26:14Z</time>
      </trkpt>
      <trkpt lat="21.1982310" lon="72.8435010">
        <time>2011-01-07T15:26:15Z</time>
      </trkpt>
      <trkpt lat="21.1981600" lon="72.8435410">
        <time>2011-01-07T15:26:16Z</time>
      </trkpt>
      <trkpt lat="21.1980850" lon="72.8435960">
        <time>2011-01-07T15:26:17Z</time>
      </trkpt>
      <trkpt lat="21.1979980" lon="72.8436360">
        <time>2011-01-07T15:26:18Z</time>
      </trkpt>
      <trkpt lat="21.1979210" lon="72.8436900">
        <time>2011-01-07T15:26:19Z</time>
      </trkpt>
      <trkpt lat="21.1978410" lon="72.8437290">
        <time>2011-01-07T15:26:20Z</time>
      </trkpt>
      <trkpt lat="21.1977610" lon="72.8437740">
        <time>2011-01-07T15:26:21Z</time>
      </trkpt>
      <trkpt lat="21.1976710" lon="72.8438250">
        <time>2011-01-07T15:26:22Z</time>
      </trkpt>
      <trkpt lat="21.1975900" lon="72.8438630">
        <time>2011-01-07T15:26:23Z</time>
      </trkpt>
      <trkpt lat="21.1975010" lon="72.8439010">
        <time>2011-01-07T15:26:24Z</time>
      </trkpt>
      <trkpt lat="21.1974180" lon="72.8439340">
        <time>2011-01-07T15:26:25Z</time>
      </trkpt>
      <trkpt lat="21.1973380" lon="72.8439690">
        <time>2011-01-07T15:26:26Z</time>
      </trkpt>
      <trkpt lat="21.1972680" lon="72.8440060">
        <time>2011-01-07T15:26:27Z</time>
      </trkpt>
      <trkpt lat="21.1972000" lon="72.8440430">
        <time>2011-01-07T15:26:28Z</time>
      </trkpt>
      <trkpt lat="21.1971340" lon="72.8440860">
        <time>2011-01-07T15:26:29Z</time>
      </trkpt>
      <trkpt lat="21.1970760" lon="72.8441180">
        <time>2011-01-07T15:26:30Z</time>
      </trkpt>
      <trkpt lat="21.1970200" lon="72.8441560">
        <time>2011-01-07T15:26:31Z</time>
      </trkpt>
      <trkpt lat="21.1969650" lon="72.8441930">
        <time>2011-01-07T15:26:32Z</time>
      </trkpt>
      <trkpt lat="21.1969110" lon="72.8442240">
        <time>2011-01-07T15:26:33Z</time>
      </trkpt>
      <trkpt lat="21.1968550" lon="72.8442460">
        <time>2011-01-07T15:26:34Z</time>
      </trkpt>
      <trkpt lat="21.1967960" lon="72.8442730">
        <time>2011-01-07T15:26:35Z</time>
      </trkpt>
      <trkpt lat="21.1967410" lon="72.8442960">
        <time>2011-01-07T15:26:36Z</time>
      </trkpt>
      <trkpt lat="21.1966880" lon="72.8443190">
        <time>2011-01-07T15:26:37Z</time>
      </trkpt>
      <trkpt lat="21.1966330" lon="72.8443410">
        <time>2011-01-07T15:26:38Z</time>
      </trkpt>
      <trkpt lat="21.1965660" lon="72.8443630">
        <time>2011-01-07T15:26:39Z</time>
      </trkpt>
      <trkpt lat="21.1965160" lon="72.8443860">
        <time>2011-01-07T15:26:40Z</time>
      </trkpt>
      <trkpt lat="21.1964600" lon="72.8444090">
        <time>2011-01-07T15:26:41Z</time>
      </trkpt>
      <trkpt lat="21.1964060" lon="72.8444410">
        <time>2011-01-07T15:26:42Z</time>
      </trkpt>
      <trkpt lat="21.1963530" lon="72.8444730">
        <time>2011-01-07T15:26:43Z</time>
      </trkpt>
      <trkpt lat="21.1962900" lon="72.8444910">
        <time>2011-01-07T15:26:44Z</time>
      </trkpt>
      <trkpt lat="21.1962400" lon="72.8445090">
        <time>2011-01-07T15:26:45Z</time>
      </trkpt>
      <trkpt lat="21.1961960" lon="72.8445410">
        <time>2011-01-07T15:26:46Z</time>
      </trkpt>
      <trkpt lat="21.1961480" lon="72.8445630">
        <time>2011-01-07T15:26:47Z</time>
      </trkpt>
      <trkpt lat="21.1961030" lon="72.8445780">
        <time>2011-01-07T15:26:48Z</time>
      </trkpt>
      <trkpt lat="21.1960560" lon="72.8445930">
        <time>2011-01-07T15:26:49Z</time>
      </trkpt>
      <trkpt lat="21.1960010" lon="72.8446130">
        <time>2011-01-07T15:26:50Z</time>
      </trkpt>
      <trkpt lat="21.1959460" lon="72.8446260">
        <time>2011-01-07T15:26:51Z</time>
      </trkpt>
      <trkpt lat="21.1958810" lon="72.8446360">
        <time>2011-01-07T15:26:52Z</time>
      </trkpt>
      <trkpt lat="21.1958310" lon="72.8446490">
        <time>2011-01-07T15:26:53Z</time>
      </trkpt>
      <trkpt lat="21.1957830" lon="72.8446660">
        <time>2011-01-07T15:26:54Z</time>
      </trkpt>
      <trkpt lat="21.1957310" lon="72.8446850">
        <time>2011-01-07T15:26:55Z</time>
      </trkpt>
      <trkpt lat="21.1956800" lon="72.8446980">
        <time>2011-01-07T15:26:56Z</time>
      </trkpt>
      <trkpt lat="21.1956210" lon="72.8447190">
        <time>2011-01-07T15:26:57Z</time>
      </trkpt>
      <trkpt lat="21.1955630" lon="72.8447430">
        <time>2011-01-07T15:26:58Z</time>
      </trkpt>
      <trkpt lat="21.1955180" lon="72.8447690">
        <time>2011-01-07T15:26:59Z</time>
      </trkpt>
      <trkpt lat="21.1954780" lon="72.8448140">
        <time>2011-01-07T15:27:00Z</time>
      </trkpt>
      <trkpt lat="21.1954330" lon="72.8448480">
        <time>2011-01-07T15:27:01Z</time>
      </trkpt>
      <trkpt lat="21.1953980" lon="72.8448780">
        <time>2011-01-07T15:27:02Z</time>
      </trkpt>
      <trkpt lat="21.1953440" lon="72.8448950">
        <time>2011-01-07T15:27:03Z</time>
      </trkpt>
      <trkpt lat="21.1952830" lon="72.8449110">
        <time>2011-01-07T15:27:04Z</time>
      </trkpt>
      <trkpt lat="21.1952130" lon="72.8449250">
        <time>2011-01-07T15:27:05Z</time>
      </trkpt>
      <trkpt lat="21.1951460" lon="72.8449400">
        <time>2011-01-07T15:27:06Z</time>
      </trkpt>
      <trkpt lat="21.1950730" lon="72.8449600">
        <time>2011-01-07T15:27:07Z</time>
      </trkpt>
      <trkpt lat="21.1949980" lon="72.8449810">
        <time>2011-01-07T15:27:08Z</time>
      </trkpt>
      <trkpt lat="21.1949180" lon="72.8450010">
        <time>2011-01-07T15:27:09Z</time>
      </trkpt>
      <trkpt lat="21.1948380" lon="72.8450180">
        <time>2011-01-07T15:27:10Z</time>
      </trkpt>
      <trkpt lat="21.1947600" lon="72.8450340">
        <time>2011-01-07T15:27:11Z</time>
      </trkpt>
      <trkpt lat="21.1946910" lon="72.8450480">
        <time>2011-01-07T15:27:12Z</time>
      </trkpt>
      <trkpt lat="21.1946210" lon="72.8450610">
        <time>2011-01-07T15:27:13Z</time>
      </trkpt>
      <trkpt lat="21.1945460" lon="72.8450780">
        <time>2011-01-07T15:27:14Z</time>
      </trkpt>
      <trkpt lat="21.1944750" lon="72.8450980">
        <time>2011-01-07T15:27:15Z</time>
      </trkpt>
      <trkpt lat="21.1944010" lon="72.8451160">
        <time>2011-01-07T15:27:16Z</time>
      </trkpt>
      <trkpt lat="21.1943230" lon="72.8451380">
        <time>2011-01-07T15:27:17Z</time>
      </trkpt>
      <trkpt lat="21.1942340" lon="72.8451530">
        <time>2011-01-07T15:27:18Z</time>
      </trkpt>
      <trkpt lat="21.1941460" lon="72.8451730">
        <time>2011-01-07T15:27:19Z</time>
      </trkpt>
      <trkpt lat="21.1940530" lon="72.8451980">
        <time>2011-01-07T15:27:20Z</time>
      </trkpt>
      <trkpt lat="21.1939630" lon="72.8452230">
        <time>2011-01-07T15:27:21Z</time>
      </trkpt>
      <trkpt lat="21.1938760" lon="72.8452460">
        <time>2011-01-07T15:27:22Z</time>
      </trkpt>
      <trkpt lat="21.1937980" lon="72.8452650">
        <time>2011-01-07T15:27:23Z</time>
      </trkpt>
      <trkpt lat="21.1937140" lon="72.8452840">
        <time>2011-01-07T15:27:24Z</time>
      </trkpt>
      <trkpt lat="21.1936310" lon="72.8453040">
        <time>2011-01-07T15:27:25Z</time>
      </trkpt>
      <trkpt lat="21.1935480" lon="72.8453330">
        <time>2011-01-07T15:27:26Z</time>
      </trkpt>
      <trkpt lat="21.1934650" lon="72.8453530">
        <time>2011-01-07T15:27:27Z</time>
      </trkpt>
      <trkpt lat="21.1933740" lon="72.8453810">
        <time>2011-01-07T15:27:28Z</time>
      </trkpt>
      <trkpt lat="21.1932780" lon="72.8454040">
        <time>2011-01-07T15:27:29Z</time>
      </trkpt>
      <trkpt lat="21.1931900" lon="72.8454260">
        <time>2011-01-07T15:27:30Z</time>
      </trkpt>
      <trkpt lat="21.1930990" lon="72.8454530">
        <time>2011-01-07T15:27:31Z</time>
      </trkpt>
      <trkpt lat="21.1930340" lon="72.8454630">
        <time>2011-01-07T15:27:32Z</time>
      </trkpt>
      <trkpt lat="21.1929480" lon="72.8454830">
        <time>2011-01-07T15:27:33Z</time>
      </trkpt>
      <trkpt lat="21.1926530" lon="72.8455450">
        <time>2011-01-07T15:27:36Z</time>
      </trkpt>
      <trkpt lat="21.1925360" lon="72.8455680">
        <time>2011-01-07T15:27:37Z</time>
      </trkpt>
      <trkpt lat="21.1924280" lon="72.8455940">
        <time>2011-01-07T15:27:38Z</time>
      </trkpt>
      <trkpt lat="21.1923210" lon="72.8456360">
        <time>2011-01-07T15:27:39Z</time>
      </trkpt>
      <trkpt lat="21.1922090" lon="72.8456700">
        <time>2011-01-07T15:27:40Z</time>
      </trkpt>
      <trkpt lat="21.1920890" lon="72.8456990">
        <time>2011-01-07T15:27:41Z</time>
      </trkpt>
      <trkpt lat="21.1919660" lon="72.8457360">
        <time>2011-01-07T15:27:42Z</time>
      </trkpt>
      <trkpt lat="21.1918440" lon="72.8457580">
        <time>2011-01-07T15:27:43Z</time>
      </trkpt>
      <trkpt lat="21.1917230" lon="72.8457830">
        <time>2011-01-07T15:27:44Z</time>
      </trkpt>
      <trkpt lat="21.1916010" lon="72.8458190">
        <time>2011-01-07T15:27:45Z</time>
      </trkpt>
      <trkpt lat="21.1914740" lon="72.8458460">
        <time>2011-01-07T15:27:46Z</time>
      </trkpt>
      <trkpt lat="21.1913300" lon="72.8458660">
        <time>2011-01-07T15:27:47Z</time>
      </trkpt>
      <trkpt lat="21.1911860" lon="72.8458860">
        <time>2011-01-07T15:27:48Z</time>
      </trkpt>
      <trkpt lat="21.1910630" lon="72.8459110">
        <time>2011-01-07T15:27:49Z</time>
      </trkpt>
      <trkpt lat="21.1909410" lon="72.8459360">
        <time>2011-01-07T15:27:50Z</time>
      </trkpt>
      <trkpt lat="21.1908140" lon="72.8459630">
        <time>2011-01-07T15:27:51Z</time>
      </trkpt>
      <trkpt lat="21.1906880" lon="72.8459960">
        <time>2011-01-07T15:27:52Z</time>
      </trkpt>
      <trkpt lat="21.1905530" lon="72.8460210">
        <time>2011-01-07T15:27:53Z</time>
      </trkpt>
      <trkpt lat="21.1904160" lon="72.8460480">
        <time>2011-01-07T15:27:54Z</time>
      </trkpt>
      <trkpt lat="21.1902810" lon="72.8460830">
        <time>2011-01-07T15:27:55Z</time>
      </trkpt>
      <trkpt lat="21.1901480" lon="72.8461160">
        <time>2011-01-07T15:27:56Z</time>
      </trkpt>
      <trkpt lat="21.1900080" lon="72.8461530">
        <time>2011-01-07T15:27:57Z</time>
      </trkpt>
      <trkpt lat="21.1898650" lon="72.8461930">
        <time>2011-01-07T15:27:58Z</time>
      </trkpt>
      <trkpt lat="21.1897310" lon="72.8462260">
        <time>2011-01-07T15:27:59Z</time>
      </trkpt>
      <trkpt lat="21.1896040" lon="72.8462580">
        <time>2011-01-07T15:28:00Z</time>
      </trkpt>
      <trkpt lat="21.1894640" lon="72.8462910">
        <time>2011-01-07T15:28:01Z</time>
      </trkpt>
      <trkpt lat="21.1893280" lon="72.8463200">
        <time>2011-01-07T15:28:02Z</time>
      </trkpt>
      <trkpt lat="21.1891980" lon="72.8463560">
        <time>2011-01-07T15:28:03Z</time>
      </trkpt>
      <trkpt lat="21.1890650" lon="72.8463930">
        <time>2011-01-07T15:28:04Z</time>
      </trkpt>
      <trkpt lat="21.1889250" lon="72.8464230">
        <time>2011-01-07T15:28:05Z</time>
      </trkpt>
      <trkpt lat="21.1887840" lon="72.8464550">
        <time>2011-01-07T15:28:06Z</time>
      </trkpt>
      <trkpt lat="21.1886290" lon="72.8464890">
        <time>2011-01-07T15:28:07Z</time>
      </trkpt>
      <trkpt lat="21.1884990" lon="72.8465280">
        <time>2011-01-07T15:28:08Z</time>
      </trkpt>
      <trkpt lat="21.1883680" lon="72.8465680">
        <time>2011-01-07T15:28:09Z</time>
      </trkpt>
      <trkpt lat="21.1882330" lon="72.8466180">
        <time>2011-01-07T15:28:10Z</time>
      </trkpt>
      <trkpt lat="21.1880830" lon="72.8466600">
        <time>2011-01-07T15:28:11Z</time>
      </trkpt>
      <trkpt lat="21.1879310" lon="72.8467050">
        <time>2011-01-07T15:28:12Z</time>
      </trkpt>
      <trkpt lat="21.1877800" lon="72.8467510">
        <time>2011-01-07T15:28:13Z</time>
      </trkpt>
      <trkpt lat="21.1876210" lon="72.8467910">
        <time>2011-01-07T15:28:14Z</time>
      </trkpt>
      <trkpt lat="21.1874680" lon="72.8468280">
        <time>2011-01-07T15:28:15Z</time>
      </trkpt>
      <trkpt lat="21.1873130" lon="72.8468700">
        <time>2011-01-07T15:28:16Z</time>
      </trkpt>
      <trkpt lat="21.1871580" lon="72.8469160">
        <time>2011-01-07T15:28:17Z</time>
      </trkpt>
      <trkpt lat="21.1869980" lon="72.8469610">
        <time>2011-01-07T15:28:18Z</time>
      </trkpt>
      <trkpt lat="21.1868360" lon="72.8470030">
        <time>2011-01-07T15:28:19Z</time>
      </trkpt>
      <trkpt lat="21.1866790" lon="72.8470440">
        <time>2011-01-07T15:28:20Z</time>
      </trkpt>
      <trkpt lat="21.1865230" lon="72.8470860">
        <time>2011-01-07T15:28:21Z</time>
      </trkpt>
      <trkpt lat="21.1863550" lon="72.8471330">
        <time>2011-01-07T15:28:22Z</time>
      </trkpt>
      <trkpt lat="21.1861880" lon="72.8471750">
        <time>2011-01-07T15:28:23Z</time>
      </trkpt>
      <trkpt lat="21.1860150" lon="72.8472210">
        <time>2011-01-07T15:28:24Z</time>
      </trkpt>
      <trkpt lat="21.1858440" lon="72.8472650">
        <time>2011-01-07T15:28:25Z</time>
      </trkpt>
      <trkpt lat="21.1856760" lon="72.8473140">
        <time>2011-01-07T15:28:26Z</time>
      </trkpt>
      <trkpt lat="21.1855100" lon="72.8473630">
        <time>2011-01-07T15:28:27Z</time>
      </trkpt>
      <trkpt lat="21.1853480" lon="72.8474130">
        <time>2011-01-07T15:28:28Z</time>
      </trkpt>
      <trkpt lat="21.1851830" lon="72.8474660">
        <time>2011-01-07T15:28:29Z</time>
      </trkpt>
      <trkpt lat="21.1850130" lon="72.8475130">
        <time>2011-01-07T15:28:30Z</time>
      </trkpt>
      <trkpt lat="21.1848530" lon="72.8475530">
        <time>2011-01-07T15:28:31Z</time>
      </trkpt>
      <trkpt lat="21.1846890" lon="72.8476080">
        <time>2011-01-07T15:28:32Z</time>
      </trkpt>
      <trkpt lat="21.1845250" lon="72.8476610">
        <time>2011-01-07T15:28:33Z</time>
      </trkpt>
      <trkpt lat="21.1843510" lon="72.8477040">
        <time>2011-01-07T15:28:34Z</time>
      </trkpt>
      <trkpt lat="21.1841790" lon="72.8477460">
        <time>2011-01-07T15:28:35Z</time>
      </trkpt>
      <trkpt lat="21.1840160" lon="72.8477860">
        <time>2011-01-07T15:28:36Z</time>
      </trkpt>
      <trkpt lat="21.1838390" lon="72.8478350">
        <time>2011-01-07T15:28:37Z</time>
      </trkpt>
      <trkpt lat="21.1836630" lon="72.8478840">
        <time>2011-01-07T15:28:38Z</time>
      </trkpt>
      <trkpt lat="21.1834850" lon="72.8479310">
        <time>2011-01-07T15:28:39Z</time>
      </trkpt>
      <trkpt lat="21.1833030" lon="72.8479760">
        <time>2011-01-07T15:28:40Z</time>
      </trkpt>
      <trkpt lat="21.1831200" lon="72.8480210">
        <time>2011-01-07T15:28:41Z</time>
      </trkpt>
      <trkpt lat="21.1829380" lon="72.8480710">
        <time>2011-01-07T15:28:42Z</time>
      </trkpt>
      <trkpt lat="21.1827610" lon="72.8481160">
        <time>2011-01-07T15:28:43Z</time>
      </trkpt>
      <trkpt lat="21.1825800" lon="72.8481540">
        <time>2011-01-07T15:28:44Z</time>
      </trkpt>
      <trkpt lat="21.1823890" lon="72.8481940">
        <time>2011-01-07T15:28:45Z</time>
      </trkpt>
      <trkpt lat="21.1822080" lon="72.8482390">
        <time>2011-01-07T15:28:46Z</time>
      </trkpt>
      <trkpt lat="21.1820240" lon="72.8482810">
        <time>2011-01-07T15:28:47Z</time>
      </trkpt>
      <trkpt lat="21.1818490" lon="72.8483230">
        <time>2011-01-07T15:28:48Z</time>
      </trkpt>
      <trkpt lat="21.1816710" lon="72.8483680">
        <time>2011-01-07T15:28:49Z</time>
      </trkpt>
      <trkpt lat="21.1814950" lon="72.8484160">
        <time>2011-01-07T15:28:50Z</time>
      </trkpt>
      <trkpt lat="21.1813130" lon="72.8484590">
        <time>2011-01-07T15:28:51Z</time>
      </trkpt>
      <trkpt lat="21.1811290" lon="72.8485010">
        <time>2011-01-07T15:28:52Z</time>
      </trkpt>
      <trkpt lat="21.1809510" lon="72.8485490">
        <time>2011-01-07T15:28:53Z</time>
      </trkpt>
      <trkpt lat="21.1807700" lon="72.8485960">
        <time>2011-01-07T15:28:54Z</time>
      </trkpt>
      <trkpt lat="21.1805860" lon="72.8486350">
        <time>2011-01-07T15:28:55Z</time>
      </trkpt>
      <trkpt lat="21.1804060" lon="72.8486830">
        <time>2011-01-07T15:28:56Z</time>
      </trkpt>
      <trkpt lat="21.1802160" lon="72.8487280">
        <time>2011-01-07T15:28:57Z</time>
      </trkpt>
      <trkpt lat="21.1800260" lon="72.8487710">
        <time>2011-01-07T15:28:58Z</time>
      </trkpt>
      <trkpt lat="21.1798410" lon="72.8488150">
        <time>2011-01-07T15:28:59Z</time>
      </trkpt>
      <trkpt lat="21.1796360" lon="72.8488560">
        <time>2011-01-07T15:29:00Z</time>
      </trkpt>
      <trkpt lat="21.1794380" lon="72.8488960">
        <time>2011-01-07T15:29:01Z</time>
      </trkpt>
      <trkpt lat="21.1792450" lon="72.8489510">
        <time>2011-01-07T15:29:02Z</time>
      </trkpt>
      <trkpt lat="21.1790460" lon="72.8490000">
        <time>2011-01-07T15:29:03Z</time>
      </trkpt>
      <trkpt lat="21.1788430" lon="72.8490480">
        <time>2011-01-07T15:29:04Z</time>
      </trkpt>
      <trkpt lat="21.1786450" lon="72.8490960">
        <time>2011-01-07T15:29:05Z</time>
      </trkpt>
      <trkpt lat="21.1784460" lon="72.8491480">
        <time>2011-01-07T15:29:06Z</time>
      </trkpt>
      <trkpt lat="21.1782510" lon="72.8491990">
        <time>2011-01-07T15:29:07Z</time>
      </trkpt>
      <trkpt lat="21.1780530" lon="72.8492530">
        <time>2011-01-07T15:29:08Z</time>
      </trkpt>
      <trkpt lat="21.1778610" lon="72.8493090">
        <time>2011-01-07T15:29:09Z</time>
      </trkpt>
      <trkpt lat="21.1776710" lon="72.8493610">
        <time>2011-01-07T15:29:10Z</time>
      </trkpt>
      <trkpt lat="21.1774730" lon="72.8494090">
        <time>2011-01-07T15:29:11Z</time>
      </trkpt>
      <trkpt lat="21.1772710" lon="72.8494630">
        <time>2011-01-07T15:29:12Z</time>
      </trkpt>
      <trkpt lat="21.1770660" lon="72.8495140">
        <time>2011-01-07T15:29:13Z</time>
      </trkpt>
      <trkpt lat="21.1768700" lon="72.8495590">
        <time>2011-01-07T15:29:14Z</time>
      </trkpt>
      <trkpt lat="21.1766680" lon="72.8496080">
        <time>2011-01-07T15:29:15Z</time>
      </trkpt>
      <trkpt lat="21.1764630" lon="72.8496530">
        <time>2011-01-07T15:29:16Z</time>
      </trkpt>
      <trkpt lat="21.1762480" lon="72.8496980">
        <time>2011-01-07T15:29:17Z</time>
      </trkpt>
      <trkpt lat="21.1760450" lon="72.8497460">
        <time>2011-01-07T15:29:18Z</time>
      </trkpt>
      <trkpt lat="21.1758410" lon="72.8497960">
        <time>2011-01-07T15:29:19Z</time>
      </trkpt>
      <trkpt lat="21.1756380" lon="72.8498530">
        <time>2011-01-07T15:29:20Z</time>
      </trkpt>
      <trkpt lat="21.1754360" lon="72.8499110">
        <time>2011-01-07T15:29:21Z</time>
      </trkpt>
      <trkpt lat="21.1752340" lon="72.8499650">
        <time>2011-01-07T15:29:22Z</time>
      </trkpt>
      <trkpt lat="21.1750300" lon="72.8500180">
        <time>2011-01-07T15:29:23Z</time>
      </trkpt>
      <trkpt lat="21.1748190" lon="72.8500660">
        <time>2011-01-07T15:29:24Z</time>
      </trkpt>
      <trkpt lat="21.1746160" lon="72.8501280">
        <time>2011-01-07T15:29:25Z</time>
      </trkpt>
      <trkpt lat="21.1744060" lon="72.8501810">
        <time>2011-01-07T15:29:26Z</time>
      </trkpt>
      <trkpt lat="21.1741980" lon="72.8502390">
        <time>2011-01-07T15:29:27Z</time>
      </trkpt>
      <trkpt lat="21.1739860" lon="72.8502950">
        <time>2011-01-07T15:29:28Z</time>
      </trkpt>
      <trkpt lat="21.1737740" lon="72.8503480">
        <time>2011-01-07T15:29:29Z</time>
      </trkpt>
      <trkpt lat="21.1735630" lon="72.8504000">
        <time>2011-01-07T15:29:30Z</time>
      </trkpt>
      <trkpt lat="21.1733490" lon="72.8504540">
        <time>2011-01-07T15:29:31Z</time>
      </trkpt>
      <trkpt lat="21.1731240" lon="72.8505130">
        <time>2011-01-07T15:29:32Z</time>
      </trkpt>
      <trkpt lat="21.1728990" lon="72.8505610">
        <time>2011-01-07T15:29:33Z</time>
      </trkpt>
      <trkpt lat="21.1726790" lon="72.8506100">
        <time>2011-01-07T15:29:34Z</time>
      </trkpt>
      <trkpt lat="21.1724550" lon="72.8506610">
        <time>2011-01-07T15:29:35Z</time>
      </trkpt>
      <trkpt lat="21.1722390" lon="72.8507160">
        <time>2011-01-07T15:29:36Z</time>
      </trkpt>
      <trkpt lat="21.1720250" lon="72.8507680">
        <time>2011-01-07T15:29:37Z</time>
      </trkpt>
      <trkpt lat="21.1718100" lon="72.8508200">
        <time>2011-01-07T15:29:38Z</time>
      </trkpt>
      <trkpt lat="21.1715880" lon="72.8508710">
        <time>2011-01-07T15:29:39Z</time>
      </trkpt>
      <trkpt lat="21.1713660" lon="72.8509280">
        <time>2011-01-07T15:29:40Z</time>
      </trkpt>
      <trkpt lat="21.1711460" lon="72.8509910">
        <time>2011-01-07T15:29:41Z</time>
      </trkpt>
      <trkpt lat="21.1709230" lon="72.8510490">
        <time>2011-01-07T15:29:42Z</time>
      </trkpt>
      <trkpt lat="21.1707010" lon="72.8511060">
        <time>2011-01-07T15:29:43Z</time>
      </trkpt>
      <trkpt lat="21.1704780" lon="72.8511630">
        <time>2011-01-07T15:29:44Z</time>
      </trkpt>
      <trkpt lat="21.1702530" lon="72.8512190">
        <time>2011-01-07T15:29:45Z</time>
      </trkpt>
      <trkpt lat="21.1700260" lon="72.8512740">
        <time>2011-01-07T15:29:46Z</time>
      </trkpt>
      <trkpt lat="21.1697930" lon="72.8513310">
        <time>2011-01-07T15:29:47Z</time>
      </trkpt>
      <trkpt lat="21.1695710" lon="72.8513880">
        <time>2011-01-07T15:29:48Z</time>
      </trkpt>
      <trkpt lat="21.1693580" lon="72.8514380">
        <time>2011-01-07T15:29:49Z</time>
      </trkpt>
      <trkpt lat="21.1691450" lon="72.8514880">
        <time>2011-01-07T15:29:50Z</time>
      </trkpt>
      <trkpt lat="21.1689230" lon="72.8515380">
        <time>2011-01-07T15:29:51Z</time>
      </trkpt>
      <trkpt lat="21.1686980" lon="72.8515950">
        <time>2011-01-07T15:29:52Z</time>
      </trkpt>
      <trkpt lat="21.1684760" lon="72.8516480">
        <time>2011-01-07T15:29:53Z</time>
      </trkpt>
      <trkpt lat="21.1682460" lon="72.8516960">
        <time>2011-01-07T15:29:54Z</time>
      </trkpt>
      <trkpt lat="21.1680210" lon="72.8517530">
        <time>2011-01-07T15:29:55Z</time>
      </trkpt>
      <trkpt lat="21.1677980" lon="72.8518080">
        <time>2011-01-07T15:29:56Z</time>
      </trkpt>
      <trkpt lat="21.1675710" lon="72.8518630">
        <time>2011-01-07T15:29:57Z</time>
      </trkpt>
      <trkpt lat="21.1673440" lon="72.8519180">
        <time>2011-01-07T15:29:58Z</time>
      </trkpt>
      <trkpt lat="21.1671180" lon="72.8519710">
        <time>2011-01-07T15:29:59Z</time>
      </trkpt>
      <trkpt lat="21.1668860" lon="72.8520280">
        <time>2011-01-07T15:30:00Z</time>
      </trkpt>
      <trkpt lat="21.1666540" lon="72.8520860">
        <time>2011-01-07T15:30:01Z</time>
      </trkpt>
      <trkpt lat="21.1664240" lon="72.8521440">
        <time>2011-01-07T15:30:02Z</time>
      </trkpt>
      <trkpt lat="21.1661880" lon="72.8522030">
        <time>2011-01-07T15:30:03Z</time>
      </trkpt>
      <trkpt lat="21.1659450" lon="72.8522660">
        <time>2011-01-07T15:30:04Z</time>
      </trkpt>
      <trkpt lat="21.1657010" lon="72.8523350">
        <time>2011-01-07T15:30:05Z</time>
      </trkpt>
      <trkpt lat="21.1654590" lon="72.8523940">
        <time>2011-01-07T15:30:06Z</time>
      </trkpt>
      <trkpt lat="21.1652240" lon="72.8524530">
        <time>2011-01-07T15:30:07Z</time>
      </trkpt>
      <trkpt lat="21.1649900" lon="72.8525110">
        <time>2011-01-07T15:30:08Z</time>
      </trkpt>
      <trkpt lat="21.1647500" lon="72.8525680">
        <time>2011-01-07T15:30:09Z</time>
      </trkpt>
      <trkpt lat="21.1645130" lon="72.8526300">
        <time>2011-01-07T15:30:10Z</time>
      </trkpt>
      <trkpt lat="21.1642730" lon="72.8526900">
        <time>2011-01-07T15:30:11Z</time>
      </trkpt>
      <trkpt lat="21.1640350" lon="72.8527530">
        <time>2011-01-07T15:30:12Z</time>
      </trkpt>
      <trkpt lat="21.1637990" lon="72.8528110">
        <time>2011-01-07T15:30:13Z</time>
      </trkpt>
      <trkpt lat="21.1635590" lon="72.8528700">
        <time>2011-01-07T15:30:14Z</time>
      </trkpt>
      <trkpt lat="21.1633210" lon="72.8529310">
        <time>2011-01-07T15:30:15Z</time>
      </trkpt>
      <trkpt lat="21.1626200" lon="72.8531180">
        <time>2011-01-07T15:30:18Z</time>
      </trkpt>
      <trkpt lat="21.1623780" lon="72.8531790">
        <time>2011-01-07T15:30:19Z</time>
      </trkpt>
      <trkpt lat="21.1621360" lon="72.8532390">
        <time>2011-01-07T15:30:20Z</time>
      </trkpt>
      <trkpt lat="21.1619000" lon="72.8533000">
        <time>2011-01-07T15:30:21Z</time>
      </trkpt>
      <trkpt lat="21.1616600" lon="72.8533640">
        <time>2011-01-07T15:30:22Z</time>
      </trkpt>
      <trkpt lat="21.1614130" lon="72.8534240">
        <time>2011-01-07T15:30:23Z</time>
      </trkpt>
      <trkpt lat="21.1611740" lon="72.8534860">
        <time>2011-01-07T15:30:24Z</time>
      </trkpt>
      <trkpt lat="21.1609380" lon="72.8535500">
        <time>2011-01-07T15:30:25Z</time>
      </trkpt>
      <trkpt lat="21.1606860" lon="72.8536100">
        <time>2011-01-07T15:30:26Z</time>
      </trkpt>
      <trkpt lat="21.1604340" lon="72.8536730">
        <time>2011-01-07T15:30:27Z</time>
      </trkpt>
      <trkpt lat="21.1601900" lon="72.8537390">
        <time>2011-01-07T15:30:28Z</time>
      </trkpt>
      <trkpt lat="21.1599460" lon="72.8537990">
        <time>2011-01-07T15:30:29Z</time>
      </trkpt>
      <trkpt lat="21.1596950" lon="72.8538660">
        <time>2011-01-07T15:30:30Z</time>
      </trkpt>
      <trkpt lat="21.1594440" lon="72.8539330">
        <time>2011-01-07T15:30:31Z</time>
      </trkpt>
      <trkpt lat="21.1591940" lon="72.8539960">
        <time>2011-01-07T15:30:32Z</time>
      </trkpt>
      <trkpt lat="21.1589510" lon="72.8540580">
        <time>2011-01-07T15:30:33Z</time>
      </trkpt>
      <trkpt lat="21.1587010" lon="72.8541190">
        <time>2011-01-07T15:30:34Z</time>
      </trkpt>
      <trkpt lat="21.1584580" lon="72.8541780">
        <time>2011-01-07T15:30:35Z</time>
      </trkpt>
      <trkpt lat="21.1582030" lon="72.8542390">
        <time>2011-01-07T15:30:36Z</time>
      </trkpt>
      <trkpt lat="21.1579560" lon="72.8543080">
        <time>2011-01-07T15:30:37Z</time>
      </trkpt>
      <trkpt lat="21.1577130" lon="72.8543740">
        <time>2011-01-07T15:30:38Z</time>
      </trkpt>
      <trkpt lat="21.1574650" lon="72.8544400">
        <time>2011-01-07T15:30:39Z</time>
      </trkpt>
      <trkpt lat="21.1572150" lon="72.8545030">
        <time>2011-01-07T15:30:40Z</time>
      </trkpt>
      <trkpt lat="21.1569630" lon="72.8545690">
        <time>2011-01-07T15:30:41Z</time>
      </trkpt>
      <trkpt lat="21.1567140" lon="72.8546330">
        <time>2011-01-07T15:30:42Z</time>
      </trkpt>
      <trkpt lat="21.1564660" lon="72.8546960">
        <time>2011-01-07T15:30:43Z</time>
      </trkpt>
      <trkpt lat="21.1562160" lon="72.8547630">
        <time>2011-01-07T15:30:44Z</time>
      </trkpt>
      <trkpt lat="21.1559610" lon="72.8548260">
        <time>2011-01-07T15:30:45Z</time>
      </trkpt>
      <trkpt lat="21.1557090" lon="72.8548900">
        <time>2011-01-07T15:30:46Z</time>
      </trkpt>
      <trkpt lat="21.1554460" lon="72.8549540">
        <time>2011-01-07T15:30:47Z</time>
      </trkpt>
      <trkpt lat="21.1551850" lon="72.8550210">
        <time>2011-01-07T15:30:48Z</time>
      </trkpt>
      <trkpt lat="21.1549310" lon="72.8550830">
        <time>2011-01-07T15:30:49Z</time>
      </trkpt>
      <trkpt lat="21.1546810" lon="72.8551500">
        <time>2011-01-07T15:30:50Z</time>
      </trkpt>
      <trkpt lat="21.1544230" lon="72.8552130">
        <time>2011-01-07T15:30:51Z</time>
      </trkpt>
      <trkpt lat="21.1541750" lon="72.8552790">
        <time>2011-01-07T15:30:52Z</time>
      </trkpt>
      <trkpt lat="21.1539140" lon="72.8553540">
        <time>2011-01-07T15:30:53Z</time>
      </trkpt>
      <trkpt lat="21.1536510" lon="72.8554230">
        <time>2011-01-07T15:30:54Z</time>
      </trkpt>
      <trkpt lat="21.1533890" lon="72.8554880">
        <time>2011-01-07T15:30:55Z</time>
      </trkpt>
      <trkpt lat="21.1531360" lon="72.8555530">
        <time>2011-01-07T15:30:56Z</time>
      </trkpt>
      <trkpt lat="21.1528800" lon="72.8556160">
        <time>2011-01-07T15:30:57Z</time>
      </trkpt>
      <trkpt lat="21.1526280" lon="72.8556800">
        <time>2011-01-07T15:30:58Z</time>
      </trkpt>
      <trkpt lat="21.1523710" lon="72.8557440">
        <time>2011-01-07T15:30:59Z</time>
      </trkpt>
      <trkpt lat="21.1521060" lon="72.8558110">
        <time>2011-01-07T15:31:00Z</time>
      </trkpt>
      <trkpt lat="21.1518330" lon="72.8558810">
        <time>2011-01-07T15:31:01Z</time>
      </trkpt>
      <trkpt lat="21.1515680" lon="72.8559440">
        <time>2011-01-07T15:31:02Z</time>
      </trkpt>
      <trkpt lat="21.1513080" lon="72.8560060">
        <time>2011-01-07T15:31:03Z</time>
      </trkpt>
      <trkpt lat="21.1510390" lon="72.8560630">
        <time>2011-01-07T15:31:04Z</time>
      </trkpt>
      <trkpt lat="21.1507760" lon="72.8561240">
        <time>2011-01-07T15:31:05Z</time>
      </trkpt>
      <trkpt lat="21.1505160" lon="72.8561860">
        <time>2011-01-07T15:31:06Z</time>
      </trkpt>
      <trkpt lat="21.1502590" lon="72.8562510">
        <time>2011-01-07T15:31:07Z</time>
      </trkpt>
      <trkpt lat="21.1500060" lon="72.8563180">
        <time>2011-01-07T15:31:08Z</time>
      </trkpt>
      <trkpt lat="21.1497550" lon="72.8563860">
        <time>2011-01-07T15:31:09Z</time>
      </trkpt>
      <trkpt lat="21.1494910" lon="72.8564580">
        <time>2011-01-07T15:31:10Z</time>
      </trkpt>
      <trkpt lat="21.1492290" lon="72.8565230">
        <time>2011-01-07T15:31:11Z</time>
      </trkpt>
      <trkpt lat="21.1489600" lon="72.8565890">
        <time>2011-01-07T15:31:12Z</time>
      </trkpt>
      <trkpt lat="21.1486860" lon="72.8566580">
        <time>2011-01-07T15:31:13Z</time>
      </trkpt>
      <trkpt lat="21.1484110" lon="72.8567210">
        <time>2011-01-07T15:31:14Z</time>
      </trkpt>
      <trkpt lat="21.1481460" lon="72.8567880">
        <time>2011-01-07T15:31:15Z</time>
      </trkpt>
      <trkpt lat="21.1478830" lon="72.8568560">
        <time>2011-01-07T15:31:16Z</time>
      </trkpt>
      <trkpt lat="21.1476160" lon="72.8569230">
        <time>2011-01-07T15:31:17Z</time>
      </trkpt>
      <trkpt lat="21.1473490" lon="72.8569940">
        <time>2011-01-07T15:31:18Z</time>
      </trkpt>
      <trkpt lat="21.1470850" lon="72.8570630">
        <time>2011-01-07T15:31:19Z</time>
      </trkpt>
      <trkpt lat="21.1468160" lon="72.8571280">
        <time>2011-01-07T15:31:20Z</time>
      </trkpt>
      <trkpt lat="21.1465460" lon="72.8571930">
        <time>2011-01-07T15:31:21Z</time>
      </trkpt>
      <trkpt lat="21.1462760" lon="72.8572640">
        <time>2011-01-07T15:31:22Z</time>
      </trkpt>
      <trkpt lat="21.1460080" lon="72.8573280">
        <time>2011-01-07T15:31:23Z</time>
      </trkpt>
      <trkpt lat="21.1457430" lon="72.8573930">
        <time>2011-01-07T15:31:24Z</time>
      </trkpt>
      <trkpt lat="21.1454790" lon="72.8574610">
        <time>2011-01-07T15:31:25Z</time>
      </trkpt>
      <trkpt lat="21.1452080" lon="72.8575300">
        <time>2011-01-07T15:31:26Z</time>
      </trkpt>
      <trkpt lat="21.1449380" lon="72.8575980">
        <time>2011-01-07T15:31:27Z</time>
      </trkpt>
      <trkpt lat="21.1446600" lon="72.8576680">
        <time>2011-01-07T15:31:28Z</time>
      </trkpt>
      <trkpt lat="21.1443830" lon="72.8577380">
        <time>2011-01-07T15:31:29Z</time>
      </trkpt>
      <trkpt lat="21.1441130" lon="72.8578060">
        <time>2011-01-07T15:31:30Z</time>
      </trkpt>
      <trkpt lat="21.1438430" lon="72.8578760">
        <time>2011-01-07T15:31:31Z</time>
      </trkpt>
      <trkpt lat="21.1435700" lon="72.8579530">
        <time>2011-01-07T15:31:32Z</time>
      </trkpt>
      <trkpt lat="21.1432980" lon="72.8580240">
        <time>2011-01-07T15:31:33Z</time>
      </trkpt>
      <trkpt lat="21.1430250" lon="72.8580980">
        <time>2011-01-07T15:31:34Z</time>
      </trkpt>
      <trkpt lat="21.1427500" lon="72.8581700">
        <time>2011-01-07T15:31:35Z</time>
      </trkpt>
      <trkpt lat="21.1424730" lon="72.8582400">
        <time>2011-01-07T15:31:36Z</time>
      </trkpt>
      <trkpt lat="21.1421900" lon="72.8583130">
        <time>2011-01-07T15:31:37Z</time>
      </trkpt>
      <trkpt lat="21.1419050" lon="72.8583830">
        <time>2011-01-07T15:31:38Z</time>
      </trkpt>
      <trkpt lat="21.1416280" lon="72.8584500">
        <time>2011-01-07T15:31:39Z</time>
      </trkpt>
      <trkpt lat="21.1413430" lon="72.8585190">
        <time>2011-01-07T15:31:40Z</time>
      </trkpt>
      <trkpt lat="21.1410790" lon="72.8585830">
        <time>2011-01-07T15:31:41Z</time>
      </trkpt>
      <trkpt lat="21.1408180" lon="72.8586480">
        <time>2011-01-07T15:31:42Z</time>
      </trkpt>
      <trkpt lat="21.1405510" lon="72.8587130">
        <time>2011-01-07T15:31:43Z</time>
      </trkpt>
      <trkpt lat="21.1402800" lon="72.8587830">
        <time>2011-01-07T15:31:44Z</time>
      </trkpt>
      <trkpt lat="21.1400080" lon="72.8588530">
        <time>2011-01-07T15:31:45Z</time>
      </trkpt>
      <trkpt lat="21.1397380" lon="72.8589240">
        <time>2011-01-07T15:31:46Z</time>
      </trkpt>
      <trkpt lat="21.1394610" lon="72.8589940">
        <time>2011-01-07T15:31:47Z</time>
      </trkpt>
      <trkpt lat="21.1391810" lon="72.8590730">
        <time>2011-01-07T15:31:48Z</time>
      </trkpt>
      <trkpt lat="21.1389080" lon="72.8591430">
        <time>2011-01-07T15:31:49Z</time>
      </trkpt>
      <trkpt lat="21.1386160" lon="72.8592110">
        <time>2011-01-07T15:31:50Z</time>
      </trkpt>
      <trkpt lat="21.1383310" lon="72.8592830">
        <time>2011-01-07T15:31:51Z</time>
      </trkpt>
      <trkpt lat="21.1380410" lon="72.8593580">
        <time>2011-01-07T15:31:52Z</time>
      </trkpt>
      <trkpt lat="21.1377700" lon="72.8594260">
        <time>2011-01-07T15:31:53Z</time>
      </trkpt>
      <trkpt lat="21.1374910" lon="72.8594980">
        <time>2011-01-07T15:31:54Z</time>
      </trkpt>
      <trkpt lat="21.1372130" lon="72.8595730">
        <time>2011-01-07T15:31:55Z</time>
      </trkpt>
      <trkpt lat="21.1369410" lon="72.8596480">
        <time>2011-01-07T15:31:56Z</time>
      </trkpt>
      <trkpt lat="21.1366600" lon="72.8597200">
        <time>2011-01-07T15:31:57Z</time>
      </trkpt>
      <trkpt lat="21.1363690" lon="72.8597900">
        <time>2011-01-07T15:31:58Z</time>
      </trkpt>
      <trkpt lat="21.1360860" lon="72.8598660">
        <time>2011-01-07T15:31:59Z</time>
      </trkpt>
      <trkpt lat="21.1358080" lon="72.8599360">
        <time>2011-01-07T15:32:00Z</time>
      </trkpt>
      <trkpt lat="21.1355280" lon="72.8600200">
        <time>2011-01-07T15:32:01Z</time>
      </trkpt>
      <trkpt lat="21.1352460" lon="72.8600940">
        <time>2011-01-07T15:32:02Z</time>
      </trkpt>
      <trkpt lat="21.1349630" lon="72.8601610">
        <time>2011-01-07T15:32:03Z</time>
      </trkpt>
      <trkpt lat="21.1346850" lon="72.8602330">
        <time>2011-01-07T15:32:04Z</time>
      </trkpt>
      <trkpt lat="21.1344110" lon="72.8603060">
        <time>2011-01-07T15:32:05Z</time>
      </trkpt>
      <trkpt lat="21.1341530" lon="72.8603710">
        <time>2011-01-07T15:32:06Z</time>
      </trkpt>
      <trkpt lat="21.1338800" lon="72.8604400">
        <time>2011-01-07T15:32:07Z</time>
      </trkpt>
      <trkpt lat="21.1336050" lon="72.8605060">
        <time>2011-01-07T15:32:08Z</time>
      </trkpt>
      <trkpt lat="21.1333350" lon="72.8605760">
        <time>2011-01-07T15:32:09Z</time>
      </trkpt>
      <trkpt lat="21.1330600" lon="72.8606430">
        <time>2011-01-07T15:32:10Z</time>
      </trkpt>
      <trkpt lat="21.1327860" lon="72.8607110">
        <time>2011-01-07T15:32:11Z</time>
      </trkpt>
      <trkpt lat="21.1325130" lon="72.8607790">
        <time>2011-01-07T15:32:12Z</time>
      </trkpt>
      <trkpt lat="21.1322340" lon="72.8608460">
        <time>2011-01-07T15:32:13Z</time>
      </trkpt>
      <trkpt lat="21.1319590" lon="72.8609160">
        <time>2011-01-07T15:32:14Z</time>
      </trkpt>
      <trkpt lat="21.1316800" lon="72.8609830">
        <time>2011-01-07T15:32:15Z</time>
      </trkpt>
      <trkpt lat="21.1313950" lon="72.8610480">
        <time>2011-01-07T15:32:16Z</time>
      </trkpt>
      <trkpt lat="21.1311130" lon="72.8611180">
        <time>2011-01-07T15:32:17Z</time>
      </trkpt>
      <trkpt lat="21.1308290" lon="72.8611930">
        <time>2011-01-07T15:32:18Z</time>
      </trkpt>
      <trkpt lat="21.1305480" lon="72.8612610">
        <time>2011-01-07T15:32:19Z</time>
      </trkpt>
      <trkpt lat="21.1302640" lon="72.8613360">
        <time>2011-01-07T15:32:20Z</time>
      </trkpt>
      <trkpt lat="21.1299880" lon="72.8614110">
        <time>2011-01-07T15:32:21Z</time>
      </trkpt>
      <trkpt lat="21.1297030" lon="72.8614830">
        <time>2011-01-07T15:32:22Z</time>
      </trkpt>
      <trkpt lat="21.1294210" lon="72.8615510">
        <time>2011-01-07T15:32:23Z</time>
      </trkpt>
      <trkpt lat="21.1291390" lon="72.8616190">
        <time>2011-01-07T15:32:24Z</time>
      </trkpt>
      <trkpt lat="21.1288610" lon="72.8616930">
        <time>2011-01-07T15:32:25Z</time>
      </trkpt>
      <trkpt lat="21.1285810" lon="72.8617650">
        <time>2011-01-07T15:32:26Z</time>
      </trkpt>
      <trkpt lat="21.1283080" lon="72.8618330">
        <time>2011-01-07T15:32:27Z</time>
      </trkpt>
      <trkpt lat="21.1280240" lon="72.8619010">
        <time>2011-01-07T15:32:28Z</time>
      </trkpt>
      <trkpt lat="21.1277440" lon="72.8619740">
        <time>2011-01-07T15:32:29Z</time>
      </trkpt>
      <trkpt lat="21.1274640" lon="72.8620380">
        <time>2011-01-07T15:32:30Z</time>
      </trkpt>
      <trkpt lat="21.1271830" lon="72.8621080">
        <time>2011-01-07T15:32:31Z</time>
      </trkpt>
      <trkpt lat="21.1269000" lon="72.8621810">
        <time>2011-01-07T15:32:32Z</time>
      </trkpt>
      <trkpt lat="21.1266180" lon="72.8622550">
        <time>2011-01-07T15:32:33Z</time>
      </trkpt>
      <trkpt lat="21.1263280" lon="72.8623260">
        <time>2011-01-07T15:32:34Z</time>
      </trkpt>
      <trkpt lat="21.1260410" lon="72.8623980">
        <time>2011-01-07T15:32:35Z</time>
      </trkpt>
      <trkpt lat="21.1257500" lon="72.8624680">
        <time>2011-01-07T15:32:36Z</time>
      </trkpt>
      <trkpt lat="21.1254640" lon="72.8625350">
        <time>2011-01-07T15:32:37Z</time>
      </trkpt>
      <trkpt lat="21.1251810" lon="72.8625980">
        <time>2011-01-07T15:32:38Z</time>
      </trkpt>
      <trkpt lat="21.1249030" lon="72.8626610">
        <time>2011-01-07T15:32:39Z</time>
      </trkpt>
      <trkpt lat="21.1246180" lon="72.8627280">
        <time>2011-01-07T15:32:40Z</time>
      </trkpt>
      <trkpt lat="21.1243330" lon="72.8627960">
        <time>2011-01-07T15:32:41Z</time>
      </trkpt>
      <trkpt lat="21.1240450" lon="72.8628660">
        <time>2011-01-07T15:32:42Z</time>
      </trkpt>
      <trkpt lat="21.1237430" lon="72.8629380">
        <time>2011-01-07T15:32:43Z</time>
      </trkpt>
      <trkpt lat="21.1234560" lon="72.8630110">
        <time>2011-01-07T15:32:44Z</time>
      </trkpt>
      <trkpt lat="21.1231660" lon="72.8630850">
        <time>2011-01-07T15:32:45Z</time>
      </trkpt>
      <trkpt lat="21.1228680" lon="72.8631550">
        <time>2011-01-07T15:32:46Z</time>
      </trkpt>
      <trkpt lat="21.1225810" lon="72.8632260">
        <time>2011-01-07T15:32:47Z</time>
      </trkpt>
      <trkpt lat="21.1222960" lon="72.8633010">
        <time>2011-01-07T15:32:48Z</time>
      </trkpt>
      <trkpt lat="21.1220090" lon="72.8633730">
        <time>2011-01-07T15:32:49Z</time>
      </trkpt>
      <trkpt lat="21.1217310" lon="72.8634530">
        <time>2011-01-07T15:32:50Z</time>
      </trkpt>
      <trkpt lat="21.1214480" lon="72.8635300">
        <time>2011-01-07T15:32:51Z</time>
      </trkpt>
      <trkpt lat="21.1211680" lon="72.8635990">
        <time>2011-01-07T15:32:52Z</time>
      </trkpt>
      <trkpt lat="21.1208830" lon="72.8636700">
        <time>2011-01-07T15:32:53Z</time>
      </trkpt>
      <trkpt lat="21.1206160" lon="72.8637340">
        <time>2011-01-07T15:32:54Z</time>
      </trkpt>
      <trkpt lat="21.1203340" lon="72.8638050">
        <time>2011-01-07T15:32:55Z</time>
      </trkpt>
      <trkpt lat="21.1200610" lon="72.8638780">
        <time>2011-01-07T15:32:56Z</time>
      </trkpt>
      <trkpt lat="21.1197690" lon="72.8639530">
        <time>2011-01-07T15:32:57Z</time>
      </trkpt>
      <trkpt lat="21.1191900" lon="72.8640990">
        <time>2011-01-07T15:32:59Z</time>
      </trkpt>
      <trkpt lat="21.1189040" lon="72.8641740">
        <time>2011-01-07T15:33:00Z</time>
      </trkpt>
      <trkpt lat="21.1186250" lon="72.8642530">
        <time>2011-01-07T15:33:01Z</time>
      </trkpt>
      <trkpt lat="21.1183380" lon="72.8643260">
        <time>2011-01-07T15:33:02Z</time>
      </trkpt>
      <trkpt lat="21.1180560" lon="72.8643990">
        <time>2011-01-07T15:33:03Z</time>
      </trkpt>
      <trkpt lat="21.1177710" lon="72.8644740">
        <time>2011-01-07T15:33:04Z</time>
      </trkpt>
      <trkpt lat="21.1174840" lon="72.8645430">
        <time>2011-01-07T15:33:05Z</time>
      </trkpt>
      <trkpt lat="21.1172010" lon="72.8646130">
        <time>2011-01-07T15:33:06Z</time>
      </trkpt>
      <trkpt lat="21.1169260" lon="72.8646800">
        <time>2011-01-07T15:33:07Z</time>
      </trkpt>
      <trkpt lat="21.1166440" lon="72.8647460">
        <time>2011-01-07T15:33:08Z</time>
      </trkpt>
      <trkpt lat="21.1163540" lon="72.8648110">
        <time>2011-01-07T15:33:09Z</time>
      </trkpt>
      <trkpt lat="21.1160480" lon="72.8648710">
        <time>2011-01-07T15:33:10Z</time>
      </trkpt>
      <trkpt lat="21.1157630" lon="72.8649390">
        <time>2011-01-07T15:33:11Z</time>
      </trkpt>
      <trkpt lat="21.1154760" lon="72.8650090">
        <time>2011-01-07T15:33:12Z</time>
      </trkpt>
      <trkpt lat="21.1151880" lon="72.8650830">
        <time>2011-01-07T15:33:13Z</time>
      </trkpt>
      <trkpt lat="21.1148980" lon="72.8651540">
        <time>2011-01-07T15:33:14Z</time>
      </trkpt>
      <trkpt lat="21.1146010" lon="72.8652210">
        <time>2011-01-07T15:33:15Z</time>
      </trkpt>
      <trkpt lat="21.1143110" lon="72.8652950">
        <time>2011-01-07T15:33:16Z</time>
      </trkpt>
      <trkpt lat="21.1140230" lon="72.8653700">
        <time>2011-01-07T15:33:17Z</time>
      </trkpt>
      <trkpt lat="21.1137280" lon="72.8654430">
        <time>2011-01-07T15:33:18Z</time>
      </trkpt>
      <trkpt lat="21.1134350" lon="72.8655160">
        <time>2011-01-07T15:33:19Z</time>
      </trkpt>
      <trkpt lat="21.1131430" lon="72.8655890">
        <time>2011-01-07T15:33:20Z</time>
      </trkpt>
      <trkpt lat="21.1128490" lon="72.8656630">
        <time>2011-01-07T15:33:21Z</time>
      </trkpt>
      <trkpt lat="21.1125590" lon="72.8657350">
        <time>2011-01-07T15:33:22Z</time>
      </trkpt>
      <trkpt lat="21.1122680" lon="72.8658080">
        <time>2011-01-07T15:33:23Z</time>
      </trkpt>
      <trkpt lat="21.1119810" lon="72.8658810">
        <time>2011-01-07T15:33:24Z</time>
      </trkpt>
      <trkpt lat="21.1116930" lon="72.8659600">
        <time>2011-01-07T15:33:25Z</time>
      </trkpt>
      <trkpt lat="21.1114010" lon="72.8660330">
        <time>2011-01-07T15:33:26Z</time>
      </trkpt>
      <trkpt lat="21.1111090" lon="72.8661040">
        <time>2011-01-07T15:33:27Z</time>
      </trkpt>
      <trkpt lat="21.1108230" lon="72.8661790">
        <time>2011-01-07T15:33:28Z</time>
      </trkpt>
      <trkpt lat="21.1105280" lon="72.8662560">
        <time>2011-01-07T15:33:29Z</time>
      </trkpt>
      <trkpt lat="21.1102290" lon="72.8663330">
        <time>2011-01-07T15:33:30Z</time>
      </trkpt>
      <trkpt lat="21.1099380" lon="72.8664010">
        <time>2011-01-07T15:33:31Z</time>
      </trkpt>
      <trkpt lat="21.1096430" lon="72.8664760">
        <time>2011-01-07T15:33:32Z</time>
      </trkpt>
      <trkpt lat="21.1093430" lon="72.8665530">
        <time>2011-01-07T15:33:33Z</time>
      </trkpt>
      <trkpt lat="21.1090440" lon="72.8666290">
        <time>2011-01-07T15:33:34Z</time>
      </trkpt>
      <trkpt lat="21.1087500" lon="72.8667080">
        <time>2011-01-07T15:33:35Z</time>
      </trkpt>
      <trkpt lat="21.1084560" lon="72.8667860">
        <time>2011-01-07T15:33:36Z</time>
      </trkpt>
      <trkpt lat="21.1081660" lon="72.8668610">
        <time>2011-01-07T15:33:37Z</time>
      </trkpt>
      <trkpt lat="21.1078710" lon="72.8669340">
        <time>2011-01-07T15:33:38Z</time>
      </trkpt>
      <trkpt lat="21.1075800" lon="72.8670130">
        <time>2011-01-07T15:33:39Z</time>
      </trkpt>
      <trkpt lat="21.1072830" lon="72.8670960">
        <time>2011-01-07T15:33:40Z</time>
      </trkpt>
      <trkpt lat="21.1069840" lon="72.8671740">
        <time>2011-01-07T15:33:41Z</time>
      </trkpt>
      <trkpt lat="21.1066900" lon="72.8672530">
        <time>2011-01-07T15:33:42Z</time>
      </trkpt>
      <trkpt lat="21.1063940" lon="72.8673300">
        <time>2011-01-07T15:33:43Z</time>
      </trkpt>
      <trkpt lat="21.1061100" lon="72.8674080">
        <time>2011-01-07T15:33:44Z</time>
      </trkpt>
      <trkpt lat="21.1058230" lon="72.8674800">
        <time>2011-01-07T15:33:45Z</time>
      </trkpt>
      <trkpt lat="21.1055310" lon="72.8675530">
        <time>2011-01-07T15:33:46Z</time>
      </trkpt>
      <trkpt lat="21.1052410" lon="72.8676330">
        <time>2011-01-07T15:33:47Z</time>
      </trkpt>
      <trkpt lat="21.1049480" lon="72.8676990">
        <time>2011-01-07T15:33:48Z</time>
      </trkpt>
      <trkpt lat="21.1046550" lon="72.8677730">
        <time>2011-01-07T15:33:49Z</time>
      </trkpt>
      <trkpt lat="21.1043650" lon="72.8678460">
        <time>2011-01-07T15:33:50Z</time>
      </trkpt>
      <trkpt lat="21.1040780" lon="72.8679210">
        <time>2011-01-07T15:33:51Z</time>
      </trkpt>
      <trkpt lat="21.1037900" lon="72.8679940">
        <time>2011-01-07T15:33:52Z</time>
      </trkpt>
      <trkpt lat="21.1034980" lon="72.8680680">
        <time>2011-01-07T15:33:53Z</time>
      </trkpt>
      <trkpt lat="21.1032030" lon="72.8681450">
        <time>2011-01-07T15:33:54Z</time>
      </trkpt>
      <trkpt lat="21.1029060" lon="72.8682160">
        <time>2011-01-07T15:33:55Z</time>
      </trkpt>
      <trkpt lat="21.1026130" lon="72.8682880">
        <time>2011-01-07T15:33:56Z</time>
      </trkpt>
      <trkpt lat="21.1023230" lon="72.8683600">
        <time>2011-01-07T15:33:57Z</time>
      </trkpt>
      <trkpt lat="21.1020290" lon="72.8684330">
        <time>2011-01-07T15:33:58Z</time>
      </trkpt>
      <trkpt lat="21.1017440" lon="72.8685130">
        <time>2011-01-07T15:33:59Z</time>
      </trkpt>
      <trkpt lat="21.1014540" lon="72.8685890">
        <time>2011-01-07T15:34:00Z</time>
      </trkpt>
      <trkpt lat="21.1011630" lon="72.8686660">
        <time>2011-01-07T15:34:01Z</time>
      </trkpt>
      <trkpt lat="21.1008730" lon="72.8687390">
        <time>2011-01-07T15:34:02Z</time>
      </trkpt>
      <trkpt lat="21.1005730" lon="72.8688130">
        <time>2011-01-07T15:34:03Z</time>
      </trkpt>
      <trkpt lat="21.1002810" lon="72.8688880">
        <time>2011-01-07T15:34:04Z</time>
      </trkpt>
    </trkseg>
  </trk>
  <trk>
    <name>ahmedabad___ne.gpx</name>
    <desc>ahmedabad - northeast india</desc>
    <url>/user/PlaneMad/traces/773234</url>
    <trkseg>
      <trkpt lat="21.2494650" lon="72.9668650">
        <time>2009-04-30T01:15:22Z</time>
      </trkpt>
      <trkpt lat="21.2485670" lon="72.9672780">
        <time>2009-04-30T01:15:27Z</time>
      </trkpt>
      <trkpt lat="21.2476170" lon="72.9677090">
        <time>2009-04-30T01:15:32Z</time>
      </trkpt>
      <trkpt lat="21.2466460" lon="72.9681230">
        <time>2009-04-30T01:15:37Z</time>
      </trkpt>
      <trkpt lat="21.2457190" lon="72.9684000">
        <time>2009-04-30T01:15:42Z</time>
      </trkpt>
      <trkpt lat="21.2446580" lon="72.9685210">
        <time>2009-04-30T01:15:48Z</time>
      </trkpt>
      <trkpt lat="21.2436200" lon="72.9685310">
        <time>2009-04-30T01:15:54Z</time>
      </trkpt>
      <trkpt lat="21.2426400" lon="72.9685440">
        <time>2009-04-30T01:15:59Z</time>
      </trkpt>
      <trkpt lat="21.2415580" lon="72.9685540">
        <time>2009-04-30T01:16:04Z</time>
      </trkpt>
      <trkpt lat="21.2406440" lon="72.9685650">
        <time>2009-04-30T01:16:08Z</time>
      </trkpt>
      <trkpt lat="21.2396900" lon="72.9685740">
        <time>2009-04-30T01:16:12Z</time>
      </trkpt>
      <trkpt lat="21.2385390" lon="72.9685900">
        <time>2009-04-30T01:16:17Z</time>
      </trkpt>
      <trkpt lat="21.2374080" lon="72.9685870">
        <time>2009-04-30T01:16:22Z</time>
      </trkpt>
      <trkpt lat="21.2363180" lon="72.9685820">
        <time>2009-04-30T01:16:27Z</time>
      </trkpt>
      <trkpt lat="21.2352650" lon="72.9685730">
        <time>2009-04-30T01:16:32Z</time>
      </trkpt>
      <trkpt lat="21.2342300" lon="72.9685890">
        <time>2009-04-30T01:16:37Z</time>
      </trkpt>
      <trkpt lat="21.2332350" lon="72.9686220">
        <time>2009-04-30T01:16:42Z</time>
      </trkpt>
      <trkpt lat="21.2322690" lon="72.9685330">
        <time>2009-04-30T01:16:47Z</time>
      </trkpt>
      <trkpt lat="21.2312460" lon="72.9685120">
        <time>2009-04-30T01:16:52Z</time>
      </trkpt>
      <trkpt lat="21.2302030" lon="72.9685040">
        <time>2009-04-30T01:16:57Z</time>
      </trkpt>
      <trkpt lat="21.2292140" lon="72.9684830">
        <time>2009-04-30T01:17:02Z</time>
      </trkpt>
      <trkpt lat="21.2281700" lon="72.9684830">
        <time>2009-04-30T01:17:07Z</time>
      </trkpt>
      <trkpt lat="21.2269880" lon="72.9685040">
        <time>2009-04-30T01:17:12Z</time>
      </trkpt>
      <trkpt lat="21.2259650" lon="72.9685000">
        <time>2009-04-30T01:17:16Z</time>
      </trkpt>
      <trkpt lat="21.2248830" lon="72.9684950">
        <time>2009-04-30T01:17:20Z</time>
      </trkpt>
      <trkpt lat="21.2237590" lon="72.9684990">
        <time>2009-04-30T01:17:24Z</time>
      </trkpt>
      <trkpt lat="21.2229270" lon="72.9684980">
        <time>2009-04-30T01:17:27Z</time>
      </trkpt>
      <trkpt lat="21.2218360" lon="72.9684920">
        <time>2009-04-30T01:17:31Z</time>
      </trkpt>
      <trkpt lat="21.2208620" lon="72.9684890">
        <time>2009-04-30T01:17:35Z</time>
      </trkpt>
      <trkpt lat="21.2198160" lon="72.9684830">
        <time>2009-04-30T01:17:40Z</time>
      </trkpt>
      <trkpt lat="21.2187840" lon="72.9684650">
        <time>2009-04-30T01:17:46Z</time>
      </trkpt>
      <trkpt lat="21.2177450" lon="72.9684700">
        <time>2009-04-30T01:17:53Z</time>
      </trkpt>
      <trkpt lat="21.2167870" lon="72.9684910">
        <time>2009-04-30T01:17:59Z</time>
      </trkpt>
      <trkpt lat="21.2158140" lon="72.9684750">
        <time>2009-04-30T01:18:04Z</time>
      </trkpt>
      <trkpt lat="21.2148340" lon="72.9683650">
        <time>2009-04-30T01:18:09Z</time>
      </trkpt>
      <trkpt lat="21.2138460" lon="72.9682390">
        <time>2009-04-30T01:18:14Z</time>
      </trkpt>
      <trkpt lat="21.2127730" lon="72.9681810">
        <time>2009-04-30T01:18:20Z</time>
      </trkpt>
      <trkpt lat="21.2117060" lon="72.9680110">
        <time>2009-04-30T01:18:26Z</time>
      </trkpt>
      <trkpt lat="21.2107070" lon="72.9678350">
        <time>2009-04-30T01:18:31Z</time>
      </trkpt>
      <trkpt lat="21.2096140" lon="72.9676820">
        <time>2009-04-30T01:18:36Z</time>
      </trkpt>
      <trkpt lat="21.2084430" lon="72.9675080">
        <time>2009-04-30T01:18:41Z</time>
      </trkpt>
      <trkpt lat="21.2072720" lon="72.9673310">
        <time>2009-04-30T01:18:46Z</time>
      </trkpt>
      <trkpt lat="21.2061100" lon="72.9671560">
        <time>2009-04-30T01:18:51Z</time>
      </trkpt>
      <trkpt lat="21.2049920" lon="72.9669890">
        <time>2009-04-30T01:18:56Z</time>
      </trkpt>
      <trkpt lat="21.2039960" lon="72.9668440">
        <time>2009-04-30T01:19:01Z</time>
      </trkpt>
      <trkpt lat="21.2029980" lon="72.9666970">
        <time>2009-04-30T01:19:07Z</time>
      </trkpt>
      <trkpt lat="21.2020950" lon="72.9665730">
        <time>2009-04-30T01:19:14Z</time>
      </trkpt>
      <trkpt lat="21.2011790" lon="72.9664360">
        <time>2009-04-30T01:19:21Z</time>
      </trkpt>
      <trkpt lat="21.2002100" lon="72.9663000">
        <time>2009-04-30T01:19:28Z</time>
      </trkpt>
      <trkpt lat="21.1991850" lon="72.9661520">
        <time>2009-04-30T01:19:34Z</time>
      </trkpt>
      <trkpt lat="21.1981580" lon="72.9660030">
        <time>2009-04-30T01:19:40Z</time>
      </trkpt>
      <trkpt lat="21.1972650" lon="72.9658650">
        <time>2009-04-30T01:19:46Z</time>
      </trkpt>
      <trkpt lat="21.1962970" lon="72.9657270">
        <time>2009-04-30T01:19:54Z</time>
      </trkpt>
      <trkpt lat="21.1954560" lon="72.9656920">
        <time>2009-04-30T01:20:05Z</time>
      </trkpt>
      <trkpt lat="21.1944910" lon="72.9655540">
        <time>2009-04-30T01:20:18Z</time>
      </trkpt>
      <trkpt lat="21.1935780" lon="72.9657430">
        <time>2009-04-30T01:20:24Z</time>
      </trkpt>
      <trkpt lat="21.1925370" lon="72.9661260">
        <time>2009-04-30T01:20:30Z</time>
      </trkpt>
      <trkpt lat="21.1915950" lon="72.9664010">
        <time>2009-04-30T01:20:35Z</time>
      </trkpt>
      <trkpt lat="21.1905910" lon="72.9664210">
        <time>2009-04-30T01:20:41Z</time>
      </trkpt>
      <trkpt lat="21.1896060" lon="72.9662140">
        <time>2009-04-30T01:20:48Z</time>
      </trkpt>
      <trkpt lat="21.1887050" lon="72.9659940">
        <time>2009-04-30T01:20:54Z</time>
      </trkpt>
      <trkpt lat="21.1876750" lon="72.9657510">
        <time>2009-04-30T01:21:00Z</time>
      </trkpt>
      <trkpt lat="21.1867580" lon="72.9655290">
        <time>2009-04-30T01:21:05Z</time>
      </trkpt>
      <trkpt lat="21.1858330" lon="72.9653000">
        <time>2009-04-30T01:21:10Z</time>
      </trkpt>
      <trkpt lat="21.1849210" lon="72.9650620">
        <time>2009-04-30T01:21:15Z</time>
      </trkpt>
      <trkpt lat="21.1838730" lon="72.9648010">
        <time>2009-04-30T01:21:21Z</time>
      </trkpt>
      <trkpt lat="21.1828890" lon="72.9645600">
        <time>2009-04-30T01:21:27Z</time>
      </trkpt>
      <trkpt lat="21.1819480" lon="72.9643380">
        <time>2009-04-30T01:21:34Z</time>
      </trkpt>
      <trkpt lat="21.1808880" lon="72.9640510">
        <time>2009-04-30T01:21:41Z</time>
      </trkpt>
      <trkpt lat="21.1799590" lon="72.9638120">
        <time>2009-04-30T01:21:47Z</time>
      </trkpt>
      <trkpt lat="21.1789760" lon="72.9636490">
        <time>2009-04-30T01:21:53Z</time>
      </trkpt>
      <trkpt lat="21.1779560" lon="72.9635830">
        <time>2009-04-30T01:21:59Z</time>
      </trkpt>
      <trkpt lat="21.1770150" lon="72.9635350">
        <time>2009-04-30T01:22:04Z</time>
      </trkpt>
      <trkpt lat="21.1760650" lon="72.9634890">
        <time>2009-04-30T01:22:09Z</time>
      </trkpt>
      <trkpt lat="21.1750650" lon="72.9634520">
        <time>2009-04-30T01:22:15Z</time>
      </trkpt>
      <trkpt lat="21.1741640" lon="72.9634270">
        <time>2009-04-30T01:22:21Z</time>
      </trkpt>
      <trkpt lat="21.1731940" lon="72.9632840">
        <time>2009-04-30T01:22:28Z</time>
      </trkpt>
      <trkpt lat="21.1722740" lon="72.9631010">
        <time>2009-04-30T01:22:38Z</time>
      </trkpt>
      <trkpt lat="21.1712980" lon="72.9629400">
        <time>2009-04-30T01:22:52Z</time>
      </trkpt>
      <trkpt lat="21.1704520" lon="72.9627340">
        <time>2009-04-30T01:23:04Z</time>
      </trkpt>
      <trkpt lat="21.1694740" lon="72.9625230">
        <time>2009-04-30T01:23:19Z</time>
      </trkpt>
      <trkpt lat="21.1685240" lon="72.9623530">
        <time>2009-04-30T01:23:31Z</time>
      </trkpt>
      <trkpt lat="21.1676480" lon="72.9621550">
        <time>2009-04-30T01:23:45Z</time>
      </trkpt>
      <trkpt lat="21.1667090" lon="72.9618980">
        <time>2009-04-30T01:23:58Z</time>
      </trkpt>
      <trkpt lat="21.1658240" lon="72.9617370">
        <time>2009-04-30T01:24:04Z</time>
      </trkpt>
      <trkpt lat="21.1647580" lon="72.9615520">
        <time>2009-04-30T01:24:10Z</time>
      </trkpt>
      <trkpt lat="21.1637870" lon="72.9614310">
        <time>2009-04-30T01:24:15Z</time>
      </trkpt>
      <trkpt lat="21.1627350" lon="72.9613690">
        <time>2009-04-30T01:24:20Z</time>
      </trkpt>
      <trkpt lat="21.1618610" lon="72.9615070">
        <time>2009-04-30T01:24:24Z</time>
      </trkpt>
      <trkpt lat="21.1607980" lon="72.9619340">
        <time>2009-04-30T01:24:29Z</time>
      </trkpt>
      <trkpt lat="21.1598410" lon="72.9624950">
        <time>2009-04-30T01:24:34Z</time>
      </trkpt>
    </trkseg>
  </trk>
</gpx>
