lat,lon,timestamp_utc
26.9123633,75.8080283,2022-03-12T15:59:04Z
26.9122533,75.8079300,2022-03-12T15:59:05Z
26.9121733,75.8078167,2022-03-12T15:59:06Z
26.9121167,75.8077167,2022-03-12T15:59:07Z
26.9121167,75.8077167,2022-03-12T15:59:07Z
26.9121900,75.8077850,2022-03-12T15:59:09Z
26.9122500,75.8077983,2022-03-12T15:59:10Z
26.9123050,75.8078400,2022-03-12T15:59:11Z
26.9123683,75.8078633,2022-03-12T15:59:12Z
26.9124300,75.8079017,2022-03-12T15:59:13Z
26.9125000,75.8079383,2022-03-12T15:59:14Z
26.9125700,75.8079667,2022-03-12T15:59:15Z
26.9126367,75.8079950,2022-03-12T15:59:16Z
26.9127450,75.8080633,2022-03-12T15:59:17Z
26.9127083,75.8080367,2022-03-12T15:59:17Z
26.9128317,75.8080983,2022-03-12T15:59:18Z
26.9127867,75.8080833,2022-03-12T15:59:18Z
26.9129600,75.8081600,2022-03-12T15:59:20Z
26.9130417,75.8082083,2022-03-12T15:59:21Z
26.9131317,75.8082550,2022-03-12T15:59:22Z
26.9132133,75.8083000,2022-03-12T15:59:23Z
26.9132950,75.8083400,2022-03-12T15:59:24Z
26.9133717,75.8083750,2022-03-12T15:59:25Z
26.9134450,75.8084133,2022-03-12T15:59:26Z
26.9135183,75.8084467,2022-03-12T15:59:27Z
26.9135883,75.8084833,2022-03-12T15:59:28Z
26.9136517,75.8085133,2022-03-12T15:59:29Z
26.9136983,75.8085300,2022-03-12T15:59:30Z
26.9137333,75.8085350,2022-03-12T15:59:31Z
26.9137550,75.8085483,2022-03-12T15:59:32Z
26.9137667,75.8085617,2022-03-12T15:59:33Z
26.9137667,75.8085617,2022-03-12T15:59:34Z
26.9137667,75.8085617,2022-03-12T15:59:35Z
26.9137700,75.8085750,2022-03-12T15:59:36Z
26.9137667,75.8085767,2022-03-12T15:59:37Z
26.9137700,75.8085783,2022-03-12T15:59:38Z
26.9137700,75.8085783,2022-03-12T15:59:39Z
26.9137700,75.8085783,2022-03-12T15:59:40Z
26.9137700,75.8085783,2022-03-12T15:59:41Z
26.9137700,75.8085783,2022-03-12T15:59:42Z
26.9137700,75.8085783,2022-03-12T15:59:43Z
26.9137700,75.8085783,2022-03-12T15:59:44Z
26.9137700,75.8085783,2022-03-12T15:59:45Z
26.9137700,75.8085783,2022-03-12T15:59:46Z
26.9137700,75.8085783,2022-03-12T15:59:47Z
26.9137700,75.8085783,2022-03-12T15:59:48Z
26.9137700,75.8085783,2022-03-12T15:59:49Z
26.9137700,75.8085783,2022-03-12T15:59:50Z
26.9137700,75.8085783,2022-03-12T15:59:51Z
26.9137700,75.8085783,2022-03-12T15:59:52Z
26.9137700,75.8085783,2022-03-12T15:59:53Z
26.9137700,75.8085783,2022-03-12T15:59:54Z
26.9137700,75.8085783,2022-03-12T15:59:55Z
26.9137700,75.8085783,2022-03-12T15:59:56Z
26.9137700,75.8085783,2022-03-12T15:59:57Z
26.9137700,75.8085783,2022-03-12T15:59:58Z
26.9137700,75.8085783,2022-03-12T15:59:59Z
26.9137700,75.8085783,2022-03-12T16:00:00Z
26.9137700,75.8085783,2022-03-12T16:00:01Z
26.9137700,75.8085783,2022-03-12T16:00:02Z
26.9137700,75.8085783,2022-03-12T16:00:03Z
26.9137700,75.8085783,2022-03-12T16:00:04Z
26.9137700,75.8085783,2022-03-12T16:00:05Z
26.9137700,75.8085783,2022-03-12T16:00:06Z
26.9137700,75.8085783,2022-03-12T16:00:07Z
26.9137700,75.8085783,2022-03-12T16:00:08Z
26.9137700,75.8085783,2022-03-12T16:00:09Z
26.9137700,75.8085783,2022-03-12T16:00:10Z
26.9137700,75.8085783,2022-03-12T16:00:11Z
26.9137700,75.8085783,2022-03-12T16:00:12Z
26.9137700,75.8085783,2022-03-12T16:00:13Z
26.9137700,75.8085783,2022-03-12T16:00:14Z
26.9137700,75.8085783,2022-03-12T16:00:15Z
26.9137700,75.8085783,2022-03-12T16:00:16Z
26.9137700,75.8085783,2022-03-12T16:00:17Z
26.9137700,75.8085783,2022-03-12T16:00:18Z
26.9137700,75.8085783,2022-03-12T16:00:19Z
26.9137700,75.8085783,2022-03-12T16:00:20Z
26.9137700,75.8085783,2022-03-12T16:00:21Z
26.9138550,75.8086500,2022-03-12T16:00:22Z
26.9138700,75.8086650,2022-03-12T16:00:23Z
26.9138883,75.8086800,2022-03-12T16:00:24Z
26.9139100,75.8086933,2022-03-12T16:00:25Z
26.9139317,75.8087100,2022-03-12T16:00:26Z
26.9139583,75.8087217,2022-03-12T16:00:27Z
26.9139983,75.8087350,2022-03-12T16:00:28Z
26.9140450,75.8087500,2022-03-12T16:00:29Z
26.9141000,75.8087717,2022-03-12T16:00:30Z
26.9141717,75.8087967,2022-03-12T16:00:31Z
26.9142550,75.8088300,2022-03-12T16:00:32Z
26.9143467,75.8088700,2022-03-12T16:00:33Z
26.9144333,75.8089150,2022-03-12T16:00:34Z
26.9145233,75.8089600,2022-03-12T16:00:35Z
26.9146167,75.8090183,2022-03-12T16:00:36Z
26.9147117,75.8090733,2022-03-12T16:00:37Z
26.9148033,75.8091267,2022-03-12T16:00:38Z
26.9148950,75.8091783,2022-03-12T16:00:39Z
26.9149817,75.8092283,2022-03-12T16:00:40Z
26.9150633,75.8092733,2022-03-12T16:00:41Z
26.9151383,75.8093217,2022-03-12T16:00:42Z
26.9152100,75.8093700,2022-03-12T16:00:43Z
26.9152900,75.8094117,2022-03-12T16:00:44Z
26.9153850,75.8094483,2022-03-12T16:00:45Z
26.9154783,75.8094933,2022-03-12T16:00:46Z
26.9155683,75.8095300,2022-03-12T16:00:47Z
26.9156600,75.8095667,2022-03-12T16:00:48Z
26.9157417,75.8096083,2022-03-12T16:00:49Z
26.9158150,75.8096483,2022-03-12T16:00:50Z
26.9158833,75.8096850,2022-03-12T16:00:51Z
26.9159450,75.8097200,2022-03-12T16:00:52Z
26.9160017,75.8097533,2022-03-12T16:00:53Z
26.9160483,75.8097750,2022-03-12T16:00:54Z
26.9160967,75.8098050,2022-03-12T16:00:55Z
26.9161400,75.8098333,2022-03-12T16:00:56Z
26.9161633,75.8098583,2022-03-12T16:00:57Z
26.9161700,75.8098833,2022-03-12T16:00:58Z
26.9161733,75.8099017,2022-03-12T16:00:59Z
26.9161867,75.8099267,2022-03-12T16:01:00Z
26.9162033,75.8099500,2022-03-12T16:01:01Z
26.9162150,75.8099683,2022-03-12T16:01:02Z
26.9162283,75.8100000,2022-03-12T16:01:03Z
26.9162400,75.8100467,2022-03-12T16:01:04Z
26.9162500,75.8100867,2022-03-12T16:01:05Z
26.9162533,75.8101217,2022-03-12T16:01:06Z
26.9162533,75.8101583,2022-03-12T16:01:07Z
26.9162500,75.8101817,2022-03-12T16:01:08Z
26.9162467,75.8102083,2022-03-12T16:01:09Z
26.9162450,75.8102333,2022-03-12T16:01:10Z
26.9162500,75.8102617,2022-03-12T16:01:11Z
26.9162550,75.8102883,2022-03-12T16:01:12Z
26.9162533,75.8103100,2022-03-12T16:01:13Z
26.9162533,75.8103350,2022-03-12T16:01:14Z
26.9162500,75.8103533,2022-03-12T16:01:15Z
26.9162517,75.8103650,2022-03-12T16:01:16Z
26.9162550,75.8103850,2022-03-12T16:01:17Z
26.9162517,75.8104017,2022-03-12T16:01:18Z
26.9162550,75.8104267,2022-03-12T16:01:19Z
26.9162600,75.8104467,2022-03-12T16:01:20Z
26.9162650,75.8104633,2022-03-12T16:01:21Z
26.9162683,75.8104833,2022-03-12T16:01:22Z
26.9162733,75.8104967,2022-03-12T16:01:23Z
26.9162750,75.8105117,2022-03-12T16:01:24Z
26.9162817,75.8105300,2022-03-12T16:01:25Z
26.9162883,75.8105483,2022-03-12T16:01:26Z
26.9162917,75.8105667,2022-03-12T16:01:27Z
26.9162933,75.8105867,2022-03-12T16:01:28Z
26.9162933,75.8106083,2022-03-12T16:01:29Z
26.9162950,75.8106300,2022-03-12T16:01:30Z
26.9162967,75.8106467,2022-03-12T16:01:31Z
26.9162983,75.8106667,2022-03-12T16:01:32Z
26.9163017,75.8106850,2022-03-12T16:01:33Z
26.9163017,75.8106950,2022-03-12T16:01:34Z
26.9163033,75.8107117,2022-03-12T16:01:35Z
26.9163050,75.8107300,2022-03-12T16:01:36Z
26.9163083,75.8107433,2022-03-12T16:01:37Z
26.9163133,75.8107500,2022-03-12T16:01:38Z
26.9163217,75.8107583,2022-03-12T16:01:39Z
26.9163267,75.8107683,2022-03-12T16:01:40Z
26.9163283,75.8107750,2022-03-12T16:01:41Z
26.9163283,75.8107750,2022-03-12T16:01:42Z
26.9163283,75.8107750,2022-03-12T16:01:43Z
26.9163333,75.8108150,2022-03-12T16:01:44Z
26.9163367,75.8108233,2022-03-12T16:01:45Z
26.9163400,75.8108317,2022-03-12T16:01:46Z
26.9163400,75.8108417,2022-03-12T16:01:47Z
26.9163400,75.8108417,2022-03-12T16:01:48Z
26.9163400,75.8108417,2022-03-12T16:01:49Z
26.9163417,75.8108883,2022-03-12T16:01:50Z
26.9163433,75.8109000,2022-03-12T16:01:51Z
26.9163467,75.8109117,2022-03-12T16:01:52Z
26.9163400,75.8109200,2022-03-12T16:01:53Z
26.9163400,75.8109200,2022-03-12T16:01:54Z
26.9163400,75.8109200,2022-03-12T16:01:55Z
26.9163400,75.8109200,2022-03-12T16:01:56Z
26.9163400,75.8109200,2022-03-12T16:01:57Z
26.9163400,75.8109200,2022-03-12T16:01:58Z
26.9163400,75.8109200,2022-03-12T16:01:59Z
26.9163400,75.8109200,2022-03-12T16:02:00Z
26.9163400,75.8109200,2022-03-12T16:02:01Z
26.9163400,75.8109200,2022-03-12T16:02:02Z
26.9163400,75.8109200,2022-03-12T16:02:03Z
26.9163400,75.8109200,2022-03-12T16:02:04Z
26.9163400,75.8109200,2022-03-12T16:02:05Z
26.9163400,75.8109200,2022-03-12T16:02:06Z
26.9163400,75.8109200,2022-03-12T16:02:07Z
26.9163400,75.8109200,2022-03-12T16:02:08Z
26.9163400,75.8109200,2022-03-12T16:02:09Z
26.9163400,75.8109200,2022-03-12T16:02:10Z
26.9163400,75.8109200,2022-03-12T16:02:11Z
26.9163417,75.8109833,2022-03-12T16:02:12Z
26.9163467,75.8109950,2022-03-12T16:02:13Z
26.9163517,75.8110017,2022-03-12T16:02:14Z
26.9163533,75.8110100,2022-03-12T16:02:15Z
26.9163567,75.8110167,2022-03-12T16:02:16Z
26.9163567,75.8110167,2022-03-12T16:02:17Z
26.9163567,75.8110167,2022-03-12T16:02:18Z
26.9163567,75.8110167,2022-03-12T16:02:19Z
26.9163567,75.8110167,2022-03-12T16:02:20Z
26.9163567,75.8110167,2022-03-12T16:02:21Z
26.9163567,75.8110167,2022-03-12T16:02:22Z
26.9163567,75.8110167,2022-03-12T16:02:23Z
26.9163567,75.8110167,2022-03-12T16:02:24Z
26.9163567,75.8110167,2022-03-12T16:02:25Z
26.9163567,75.8110167,2022-03-12T16:02:26Z
26.9163567,75.8110167,2022-03-12T16:02:27Z
26.9163567,75.8110167,2022-03-12T16:02:28Z
26.9163900,75.8110700,2022-03-12T16:02:29Z
26.9163950,75.8110850,2022-03-12T16:02:30Z
26.9164000,75.8111050,2022-03-12T16:02:31Z
26.9164100,75.8111267,2022-03-12T16:02:32Z
26.9164233,75.8111550,2022-03-12T16:02:33Z
26.9164383,75.8111950,2022-03-12T16:02:34Z
26.9164517,75.8112500,2022-03-12T16:02:35Z
26.9164650,75.8113117,2022-03-12T16:02:36Z
26.9164767,75.8113700,2022-03-12T16:02:37Z
26.9164883,75.8114233,2022-03-12T16:02:38Z
26.9165000,75.8114767,2022-03-12T16:02:39Z
26.9165183,75.8115417,2022-03-12T16:02:40Z
26.9165400,75.8116100,2022-03-12T16:02:41Z
26.9165583,75.8116767,2022-03-12T16:02:42Z
26.9165733,75.8117350,2022-03-12T16:02:43Z
26.9165950,75.8117883,2022-03-12T16:02:44Z
26.9166067,75.8118333,2022-03-12T16:02:45Z
26.9166317,75.8118767,2022-03-12T16:02:46Z
26.9166533,75.8119267,2022-03-12T16:02:47Z
26.9166783,75.8119817,2022-03-12T16:02:48Z
26.9167050,75.8120333,2022-03-12T16:02:49Z
26.9167300,75.8120950,2022-03-12T16:02:50Z
26.9167583,75.8121583,2022-03-12T16:02:51Z
26.9167817,75.8122317,2022-03-12T16:02:52Z
26.9167983,75.8123267,2022-03-12T16:02:53Z
26.9168133,75.8124333,2022-03-12T16:02:54Z
26.9168250,75.8125333,2022-03-12T16:02:55Z
26.9168300,75.8126450,2022-03-12T16:02:56Z
26.9168283,75.8127567,2022-03-12T16:02:57Z
26.9168267,75.8128683,2022-03-12T16:02:58Z
26.9168300,75.8129733,2022-03-12T16:02:59Z
26.9168283,75.8130800,2022-03-12T16:03:00Z
26.9168267,75.8131817,2022-03-12T16:03:01Z
26.9168283,75.8132750,2022-03-12T16:03:02Z
26.9168267,75.8133633,2022-03-12T16:03:03Z
26.9168250,75.8134417,2022-03-12T16:03:04Z
26.9168150,75.8134933,2022-03-12T16:03:05Z
26.9168083,75.8135233,2022-03-12T16:03:06Z
26.9168033,75.8135300,2022-03-12T16:03:07Z
26.9168033,75.8135333,2022-03-12T16:03:08Z
26.9168017,75.8135300,2022-03-12T16:03:09Z
26.9167967,75.8135350,2022-03-12T16:03:10Z
26.9167967,75.8135350,2022-03-12T16:03:11Z
26.9167967,75.8135350,2022-03-12T16:03:12Z
26.9167867,75.8135850,2022-03-12T16:03:13Z
26.9167850,75.8136217,2022-03-12T16:03:14Z
26.9167833,75.8136700,2022-03-12T16:03:15Z
26.9167867,75.8137317,2022-03-12T16:03:16Z
26.9167850,75.8137967,2022-03-12T16:03:17Z
26.9167833,75.8138767,2022-03-12T16:03:18Z
26.9167883,75.8139650,2022-03-12T16:03:19Z
26.9167950,75.8140650,2022-03-12T16:03:20Z
26.9168033,75.8141617,2022-03-12T16:03:21Z
26.9168083,75.8142567,2022-03-12T16:03:22Z
26.9168117,75.8143483,2022-03-12T16:03:23Z
26.9168167,75.8144467,2022-03-12T16:03:24Z
26.9168267,75.8145483,2022-03-12T16:03:25Z
26.9168367,75.8146483,2022-03-12T16:03:26Z
26.9168467,75.8147450,2022-03-12T16:03:27Z
26.9168550,75.8148367,2022-03-12T16:03:28Z
26.9168633,75.8149217,2022-03-12T16:03:29Z
26.9168717,75.8150033,2022-03-12T16:03:30Z
26.9168850,75.8150733,2022-03-12T16:03:31Z
26.9168933,75.8151400,2022-03-12T16:03:32Z
26.9168967,75.8152083,2022-03-12T16:03:33Z
26.9169033,75.8152783,2022-03-12T16:03:34Z
26.9169117,75.8153533,2022-03-12T16:03:35Z
26.9169150,75.8154233,2022-03-12T16:03:36Z
26.9169183,75.8154833,2022-03-12T16:03:37Z
26.9169250,75.8155450,2022-03-12T16:03:38Z
26.9169300,75.8156050,2022-03-12T16:03:39Z
26.9169333,75.8156650,2022-03-12T16:03:40Z
26.9169367,75.8157233,2022-03-12T16:03:41Z
26.9169367,75.8157800,2022-03-12T16:03:42Z
26.9169417,75.8158367,2022-03-12T16:03:43Z
26.9169417,75.8158917,2022-03-12T16:03:44Z
26.9169367,75.8159467,2022-03-12T16:03:45Z
26.9169417,75.8160050,2022-03-12T16:03:46Z
26.9169433,75.8160650,2022-03-12T16:03:47Z
26.9169483,75.8161233,2022-03-12T16:03:48Z
26.9169483,75.8161683,2022-03-12T16:03:49Z
26.9169400,75.8161917,2022-03-12T16:03:50Z
26.9169417,75.8162217,2022-03-12T16:03:51Z
26.9169417,75.8162450,2022-03-12T16:03:52Z
26.9169400,75.8162567,2022-03-12T16:03:53Z
26.9169400,75.8162633,2022-03-12T16:03:54Z
26.9169400,75.8162667,2022-03-12T16:03:55Z
26.9169400,75.8162667,2022-03-12T16:03:56Z
26.9169400,75.8162667,2022-03-12T16:03:57Z
26.9169400,75.8162667,2022-03-12T16:03:58Z
26.9169400,75.8162667,2022-03-12T16:03:59Z
26.9169400,75.8162667,2022-03-12T16:04:00Z
26.9169400,75.8162667,2022-03-12T16:04:01Z
26.9169400,75.8162667,2022-03-12T16:04:02Z
26.9169400,75.8162667,2022-03-12T16:04:03Z
26.9169400,75.8162667,2022-03-12T16:04:04Z
26.9169400,75.8162667,2022-03-12T16:04:05Z
26.9169400,75.8162667,2022-03-12T16:04:06Z
26.9169400,75.8162667,2022-03-12T16:04:07Z
26.9169400,75.8162667,2022-03-12T16:04:08Z
26.9169400,75.8162667,2022-03-12T16:04:09Z
26.9169400,75.8162667,2022-03-12T16:04:10Z
26.9169400,75.8162667,2022-03-12T16:04:11Z
26.9169400,75.8162667,2022-03-12T16:04:12Z
26.9169400,75.8162667,2022-03-12T16:04:13Z
26.9169400,75.8162667,2022-03-12T16:04:14Z
26.9169400,75.8162667,2022-03-12T16:04:15Z
26.9169400,75.8162667,2022-03-12T16:04:16Z
26.9169400,75.8162667,2022-03-12T16:04:17Z
26.9169400,75.8162667,2022-03-12T16:04:18Z
26.9169233,75.8163483,2022-03-12T16:04:19Z
26.9169183,75.8163933,2022-03-12T16:04:20Z
26.9169183,75.8164450,2022-03-12T16:04:21Z
26.9169150,75.8164883,2022-03-12T16:04:22Z
26.9169117,75.8165300,2022-03-12T16:04:23Z
26.9169100,75.8165600,2022-03-12T16:04:24Z
26.9169067,75.8165867,2022-03-12T16:04:25Z
26.9168983,75.8166233,2022-03-12T16:04:26Z
26.9168850,75.8166717,2022-03-12T16:04:27Z
26.9168733,75.8167217,2022-03-12T16:04:28Z
26.9168600,75.8167667,2022-03-12T16:04:29Z
26.9168467,75.8168133,2022-03-12T16:04:30Z
26.9168333,75.8168683,2022-03-12T16:04:31Z
26.9168167,75.8169167,2022-03-12T16:04:32Z
26.9167950,75.8169600,2022-03-12T16:04:33Z
26.9167750,75.8169983,2022-03-12T16:04:34Z
26.9167600,75.8170217,2022-03-12T16:04:35Z
26.9167467,75.8170367,2022-03-12T16:04:36Z
26.9167367,75.8170483,2022-03-12T16:04:37Z
26.9167317,75.8170517,2022-03-12T16:04:38Z
26.9167317,75.8170517,2022-03-12T16:04:39Z
26.9167317,75.8170517,2022-03-12T16:04:40Z
26.9167317,75.8170517,2022-03-12T16:04:41Z
26.9167317,75.8170517,2022-03-12T16:04:42Z
26.9167317,75.8170517,2022-03-12T16:04:43Z
26.9167317,75.8170517,2022-03-12T16:04:44Z
26.9167200,75.8170800,2022-03-12T16:04:45Z
26.9167117,75.8170917,2022-03-12T16:04:46Z
26.9167050,75.8171050,2022-03-12T16:04:47Z
26.9166967,75.8171200,2022-03-12T16:04:48Z
26.9166900,75.8171317,2022-03-12T16:04:49Z
26.9166817,75.8171367,2022-03-12T16:04:50Z
26.9166717,75.8171467,2022-03-12T16:04:51Z
26.9166600,75.8171617,2022-03-12T16:04:52Z
26.9166467,75.8171717,2022-03-12T16:04:53Z
26.9166300,75.8171833,2022-03-12T16:04:54Z
26.9166100,75.8172000,2022-03-12T16:04:55Z
26.9165883,75.8172183,2022-03-12T16:04:56Z
26.9165700,75.8172333,2022-03-12T16:04:57Z
26.9165550,75.8172483,2022-03-12T16:04:58Z
26.9165133,75.8172533,2022-03-12T16:04:59Z
26.9164517,75.8172433,2022-03-12T16:05:00Z
26.9163783,75.8172117,2022-03-12T16:05:01Z
26.9163100,75.8171867,2022-03-12T16:05:02Z
26.9162367,75.8171633,2022-03-12T16:05:03Z
26.9161683,75.8171283,2022-03-12T16:05:04Z
26.9160983,75.8171100,2022-03-12T16:05:05Z
26.9160333,75.8170900,2022-03-12T16:05:06Z
26.9159667,75.8170717,2022-03-12T16:05:07Z
26.9159083,75.8170550,2022-03-12T16:05:08Z
26.9158383,75.8170333,2022-03-12T16:05:09Z
26.9157717,75.8170100,2022-03-12T16:05:10Z
26.9156917,75.8169950,2022-03-12T16:05:11Z
26.9156217,75.8169783,2022-03-12T16:05:12Z
26.9155533,75.8169617,2022-03-12T16:05:13Z
26.9154717,75.8169417,2022-03-12T16:05:14Z
26.9153833,75.8169200,2022-03-12T16:05:15Z
26.9153000,75.8168967,2022-03-12T16:05:16Z
26.9152033,75.8168633,2022-03-12T16:05:17Z
26.9151000,75.8168367,2022-03-12T16:05:18Z
26.9149933,75.8168067,2022-03-12T16:05:19Z
26.9148933,75.8167817,2022-03-12T16:05:20Z
26.9148017,75.8167550,2022-03-12T16:05:21Z
26.9147183,75.8167317,2022-03-12T16:05:22Z
26.9146400,75.8167117,2022-03-12T16:05:23Z
26.9145583,75.8166933,2022-03-12T16:05:24Z
26.9144783,75.8166750,2022-03-12T16:05:25Z
26.9143850,75.8166483,2022-03-12T16:05:26Z
26.9142867,75.8166233,2022-03-12T16:05:27Z
26.9141750,75.8165950,2022-03-12T16:05:28Z
26.9140583,75.8165650,2022-03-12T16:05:29Z
26.9139450,75.8165433,2022-03-12T16:05:30Z
26.9138367,75.8165133,2022-03-12T16:05:31Z
26.9137350,75.8164900,2022-03-12T16:05:32Z
26.9136200,75.8164633,2022-03-12T16:05:33Z
26.9135033,75.8164350,2022-03-12T16:05:34Z
26.9133900,75.8164117,2022-03-12T16:05:35Z
26.9132783,75.8163850,2022-03-12T16:05:36Z
26.9131717,75.8163633,2022-03-12T16:05:37Z
26.9130717,75.8163417,2022-03-12T16:05:38Z
26.9129650,75.8163150,2022-03-12T16:05:39Z
26.9128633,75.8162817,2022-03-12T16:05:40Z
26.9127650,75.8162600,2022-03-12T16:05:41Z
26.9126717,75.8162350,2022-03-12T16:05:42Z
26.9125767,75.8162117,2022-03-12T16:05:43Z
26.9124783,75.8161783,2022-03-12T16:05:44Z
26.9123817,75.8161483,2022-03-12T16:05:45Z
26.9122767,75.8161200,2022-03-12T16:05:46Z
26.9121717,75.8160867,2022-03-12T16:05:47Z
26.9120783,75.8160550,2022-03-12T16:05:48Z
26.9119717,75.8160183,2022-03-12T16:05:49Z
26.9118667,75.8159883,2022-03-12T16:05:50Z
26.9117500,75.8159600,2022-03-12T16:05:51Z
26.9116417,75.8159233,2022-03-12T16:05:52Z
26.9115267,75.8158933,2022-03-12T16:05:53Z
26.9114183,75.8158583,2022-03-12T16:05:54Z
26.9113083,75.8158250,2022-03-12T16:05:55Z
26.9111967,75.8158000,2022-03-12T16:05:56Z
26.9110883,75.8157650,2022-03-12T16:05:57Z
26.9109667,75.8157350,2022-03-12T16:05:58Z
26.9108500,75.8157033,2022-03-12T16:05:59Z
26.9107283,75.8156783,2022-03-12T16:06:00Z
26.9106117,75.8156517,2022-03-12T16:06:01Z
26.9104950,75.8156283,2022-03-12T16:06:02Z
26.9103783,75.8156083,2022-03-12T16:06:03Z
26.9102633,75.8155900,2022-03-12T16:06:04Z
26.9101450,75.8155750,2022-03-12T16:06:05Z
26.9100300,75.8155617,2022-03-12T16:06:06Z
26.9099050,75.8155517,2022-03-12T16:06:07Z
26.9097917,75.8155383,2022-03-12T16:06:08Z
26.9096800,75.8155283,2022-03-12T16:06:09Z
26.9095667,75.8155117,2022-03-12T16:06:10Z
26.9094583,75.8154933,2022-03-12T16:06:11Z
26.9093483,75.8154800,2022-03-12T16:06:12Z
26.9092400,75.8154683,2022-03-12T16:06:13Z
26.9091383,75.8154567,2022-03-12T16:06:14Z
26.9090450,75.8154417,2022-03-12T16:06:15Z
26.9089650,75.8154283,2022-03-12T16:06:16Z
26.9088900,75.8154183,2022-03-12T16:06:17Z
26.9088233,75.8154000,2022-03-12T16:06:18Z
26.9087717,75.8153867,2022-03-12T16:06:19Z
26.9087233,75.8153817,2022-03-12T16:06:20Z
26.9086900,75.8153850,2022-03-12T16:06:21Z
26.9086700,75.8153900,2022-03-12T16:06:22Z
26.9086583,75.8153950,2022-03-12T16:06:23Z
26.9086483,75.8153983,2022-03-12T16:06:24Z
26.9086417,75.8153983,2022-03-12T16:06:25Z
26.9086400,75.8154000,2022-03-12T16:06:26Z
26.9086383,75.8154017,2022-03-12T16:06:27Z
26.9086383,75.8154017,2022-03-12T16:06:28Z
26.9086383,75.8154017,2022-03-12T16:06:29Z
26.9086383,75.8154017,2022-03-12T16:06:30Z
26.9086383,75.8154017,2022-03-12T16:06:31Z
26.9085967,75.8153950,2022-03-12T16:06:32Z
26.9085633,75.8153883,2022-03-12T16:06:33Z
26.9085150,75.8153817,2022-03-12T16:06:34Z
26.9084633,75.8153733,2022-03-12T16:06:35Z
26.9084033,75.8153683,2022-03-12T16:06:36Z
26.9083350,75.8153667,2022-03-12T16:06:37Z
26.9082533,75.8153600,2022-03-12T16:06:38Z
26.9081700,75.8153467,2022-03-12T16:06:39Z
26.9080783,75.8153283,2022-03-12T16:06:40Z
26.9079867,75.8153067,2022-03-12T16:06:41Z
26.9078933,75.8152900,2022-03-12T16:06:42Z
26.9078017,75.8152733,2022-03-12T16:06:43Z
26.9076983,75.8152617,2022-03-12T16:06:44Z
26.9075933,75.8152483,2022-03-12T16:06:45Z
26.9074817,75.8152350,2022-03-12T16:06:46Z
26.9073683,75.8152150,2022-03-12T16:06:47Z
26.9072600,75.8151900,2022-03-12T16:06:48Z
26.9071500,75.8151717,2022-03-12T16:06:49Z
26.9070417,75.8151483,2022-03-12T16:06:50Z
26.9069333,75.8151383,2022-03-12T16:06:51Z
26.9068300,75.8151150,2022-03-12T16:06:52Z
26.9067333,75.8150950,2022-03-12T16:06:53Z
26.9066367,75.8150650,2022-03-12T16:06:54Z
26.9065483,75.8150517,2022-03-12T16:06:55Z
26.9064633,75.8150400,2022-03-12T16:06:56Z
26.9063817,75.8150317,2022-03-12T16:06:57Z
26.9063133,75.8150133,2022-03-12T16:06:58Z
26.9062417,75.8149983,2022-03-12T16:06:59Z
26.9061817,75.8149817,2022-03-12T16:07:00Z
26.9061300,75.8149633,2022-03-12T16:07:01Z
26.9060783,75.8149500,2022-03-12T16:07:02Z
26.9060250,75.8149350,2022-03-12T16:07:03Z
26.9059783,75.8149233,2022-03-12T16:07:04Z
26.9059533,75.8149117,2022-03-12T16:07:05Z
26.9059350,75.8148983,2022-03-12T16:07:06Z
26.9059100,75.8148933,2022-03-12T16:07:07Z
26.9058850,75.8148883,2022-03-12T16:07:08Z
26.9058583,75.8148800,2022-03-12T16:07:09Z
26.9058367,75.8148750,2022-03-12T16:07:10Z
26.9058117,75.8148700,2022-03-12T16:07:11Z
26.9057833,75.8148683,2022-03-12T16:07:12Z
26.9057500,75.8148717,2022-03-12T16:07:13Z
26.9057067,75.8148650,2022-03-12T16:07:14Z
26.9056600,75.8148517,2022-03-12T16:07:15Z
26.9056200,75.8148400,2022-03-12T16:07:16Z
26.9055833,75.8148283,2022-03-12T16:07:17Z
26.9055450,75.8148100,2022-03-12T16:07:18Z
26.9055067,75.8147967,2022-03-12T16:07:19Z
26.9054617,75.8147833,2022-03-12T16:07:20Z
26.9054183,75.8147700,2022-03-12T16:07:21Z
26.9053733,75.8147583,2022-03-12T16:07:22Z
26.9053433,75.8147450,2022-03-12T16:07:23Z
26.9053250,75.8147367,2022-03-12T16:07:24Z
26.9053050,75.8147350,2022-03-12T16:07:25Z
26.9052833,75.8147283,2022-03-12T16:07:26Z
26.9052600,75.8147250,2022-03-12T16:07:27Z
26.9052267,75.8147167,2022-03-12T16:07:28Z
26.9051917,75.8147150,2022-03-12T16:07:29Z
26.9051600,75.8147117,2022-03-12T16:07:30Z
26.9051300,75.8147067,2022-03-12T16:07:31Z
26.9050950,75.8147017,2022-03-12T16:07:32Z
26.9050600,75.8146967,2022-03-12T16:07:33Z
26.9050250,75.8146800,2022-03-12T16:07:34Z
26.9049817,75.8146650,2022-03-12T16:07:35Z
26.9049250,75.8146533,2022-03-12T16:07:36Z
26.9048683,75.8146400,2022-03-12T16:07:37Z
26.9048117,75.8146233,2022-03-12T16:07:38Z
26.9047583,75.8146167,2022-03-12T16:07:39Z
26.9046950,75.8146050,2022-03-12T16:07:40Z
26.9046217,75.8145883,2022-03-12T16:07:41Z
26.9045533,75.8145750,2022-03-12T16:07:42Z
26.9044683,75.8145667,2022-03-12T16:07:43Z
26.9043833,75.8145450,2022-03-12T16:07:44Z
26.9043117,75.8145300,2022-03-12T16:07:45Z
26.9042417,75.8145217,2022-03-12T16:07:46Z
26.9041700,75.8145150,2022-03-12T16:07:47Z
26.9041050,75.8145050,2022-03-12T16:07:48Z
26.9040317,75.8144800,2022-03-12T16:07:49Z
26.9039517,75.8144550,2022-03-12T16:07:50Z
26.9038583,75.8144283,2022-03-12T16:07:51Z
26.9037583,75.8143917,2022-03-12T16:07:52Z
26.9036550,75.8143467,2022-03-12T16:07:53Z
26.9035400,75.8143033,2022-03-12T16:07:54Z
26.9034150,75.8142550,2022-03-12T16:07:55Z
26.9032833,75.8142033,2022-03-12T16:07:56Z
26.9031483,75.8141517,2022-03-12T16:07:57Z
26.9029950,75.8141017,2022-03-12T16:07:58Z
26.9028333,75.8140550,2022-03-12T16:07:59Z
26.9026833,75.8140150,2022-03-12T16:08:00Z
26.9025283,75.8139817,2022-03-12T16:08:01Z
26.9023800,75.8139367,2022-03-12T16:08:02Z
26.9022283,75.8138900,2022-03-12T16:08:03Z
26.9020817,75.8138250,2022-03-12T16:08:04Z
26.9019167,75.8137583,2022-03-12T16:08:05Z
26.9017550,75.8136950,2022-03-12T16:08:06Z
26.9015917,75.8136217,2022-03-12T16:08:07Z
26.9014300,75.8135500,2022-03-12T16:08:08Z
26.9012783,75.8134817,2022-03-12T16:08:09Z
26.9011283,75.8134067,2022-03-12T16:08:10Z
26.9009700,75.8133233,2022-03-12T16:08:11Z
26.9008267,75.8132617,2022-03-12T16:08:12Z
26.9007000,75.8131900,2022-03-12T16:08:13Z
26.9005800,75.8131217,2022-03-12T16:08:14Z
26.9004783,75.8130333,2022-03-12T16:08:15Z
26.9003500,75.8129667,2022-03-12T16:08:16Z
26.9002350,75.8129033,2022-03-12T16:08:17Z
26.9001400,75.8128500,2022-03-12T16:08:18Z
26.9000600,75.8128017,2022-03-12T16:08:19Z
26.8999883,75.8127617,2022-03-12T16:08:20Z
26.8999267,75.8127300,2022-03-12T16:08:21Z
26.8998767,75.8126950,2022-03-12T16:08:22Z
26.8998333,75.8126550,2022-03-12T16:08:23Z
26.8998000,75.8126350,2022-03-12T16:08:24Z
26.8997833,75.8126183,2022-03-12T16:08:25Z
26.8997733,75.8126100,2022-03-12T16:08:26Z
26.8997667,75.8125950,2022-03-12T16:08:27Z
26.8997600,75.8125867,2022-03-12T16:08:28Z
26.8997550,75.8125800,2022-03-12T16:08:29Z
26.8997467,75.8125683,2022-03-12T16:08:30Z
26.8997233,75.8125533,2022-03-12T16:08:31Z
26.8996967,75.8125417,2022-03-12T16:08:32Z
26.8996667,75.8125233,2022-03-12T16:08:33Z
26.8996267,75.8124933,2022-03-12T16:08:34Z
26.8995817,75.8124517,2022-03-12T16:08:35Z
26.8995350,75.8124133,2022-03-12T16:08:36Z
26.8994850,75.8123667,2022-03-12T16:08:37Z
26.8994267,75.8123150,2022-03-12T16:08:38Z
26.8993600,75.8122667,2022-03-12T16:08:39Z
26.8992850,75.8122133,2022-03-12T16:08:40Z
26.8992083,75.8121517,2022-03-12T16:08:41Z
26.8991317,75.8120900,2022-03-12T16:08:42Z
26.8990533,75.8120317,2022-03-12T16:08:43Z
26.8989733,75.8119617,2022-03-12T16:08:44Z
26.8988933,75.8119017,2022-03-12T16:08:45Z
26.8988167,75.8118367,2022-03-12T16:08:46Z
26.8987383,75.8117733,2022-03-12T16:08:47Z
26.8986600,75.8117150,2022-03-12T16:08:48Z
26.8985850,75.8116600,2022-03-12T16:08:49Z
26.8985150,75.8116017,2022-03-12T16:08:50Z
26.8984317,75.8115467,2022-03-12T16:08:51Z
26.8983433,75.8114900,2022-03-12T16:08:52Z
26.8982500,75.8114350,2022-03-12T16:08:53Z
26.8981517,75.8113800,2022-03-12T16:08:54Z
26.8980533,75.8113233,2022-03-12T16:08:55Z
26.8979683,75.8112650,2022-03-12T16:08:56Z
26.8979000,75.8111983,2022-03-12T16:08:57Z
26.8978333,75.8111417,2022-03-12T16:08:58Z
26.8977633,75.8110883,2022-03-12T16:08:59Z
26.8977067,75.8110500,2022-03-12T16:09:00Z
26.8976467,75.8110067,2022-03-12T16:09:01Z
26.8975850,75.8109567,2022-03-12T16:09:02Z
26.8975250,75.8109100,2022-03-12T16:09:03Z
26.8974683,75.8108700,2022-03-12T16:09:04Z
26.8974083,75.8108267,2022-03-12T16:09:05Z
26.8973467,75.8107750,2022-03-12T16:09:06Z
26.8972850,75.8107300,2022-03-12T16:09:07Z
26.8972250,75.8106883,2022-03-12T16:09:08Z
26.8971617,75.8106550,2022-03-12T16:09:09Z
26.8970983,75.8106133,2022-03-12T16:09:10Z
26.8970333,75.8105667,2022-03-12T16:09:11Z
26.8969683,75.8105133,2022-03-12T16:09:12Z
26.8969017,75.8104650,2022-03-12T16:09:13Z
26.8968317,75.8104150,2022-03-12T16:09:14Z
26.8967650,75.8103683,2022-03-12T16:09:15Z
26.8966967,75.8103183,2022-03-12T16:09:16Z
26.8966333,75.8102633,2022-03-12T16:09:17Z
26.8965683,75.8102083,2022-03-12T16:09:18Z
26.8965083,75.8101583,2022-03-12T16:09:19Z
26.8964483,75.8101133,2022-03-12T16:09:20Z
26.8963933,75.8100750,2022-03-12T16:09:21Z
26.8963433,75.8100333,2022-03-12T16:09:22Z
26.8962983,75.8099900,2022-03-12T16:09:23Z
26.8962517,75.8099433,2022-03-12T16:09:24Z
26.8962000,75.8099050,2022-03-12T16:09:25Z
26.8961450,75.8098617,2022-03-12T16:09:26Z
26.8960950,75.8098167,2022-03-12T16:09:27Z
26.8960467,75.8097800,2022-03-12T16:09:28Z
26.8959950,75.8097400,2022-03-12T16:09:29Z
26.8959467,75.8096817,2022-03-12T16:09:30Z
26.8959000,75.8096400,2022-03-12T16:09:31Z
26.8958467,75.8095950,2022-03-12T16:09:32Z
26.8957983,75.8095533,2022-03-12T16:09:33Z
26.8957550,75.8095133,2022-03-12T16:09:34Z
26.8957133,75.8094833,2022-03-12T16:09:35Z
26.8956717,75.8094550,2022-03-12T16:09:36Z
26.8956350,75.8094283,2022-03-12T16:09:37Z
26.8955950,75.8094050,2022-03-12T16:09:38Z
26.8955567,75.8093850,2022-03-12T16:09:39Z
26.8955250,75.8093650,2022-03-12T16:09:40Z
26.8954933,75.8093300,2022-03-12T16:09:41Z
26.8954617,75.8092967,2022-03-12T16:09:42Z
26.8954300,75.8092683,2022-03-12T16:09:43Z
26.8953967,75.8092467,2022-03-12T16:09:44Z
26.8953667,75.8092217,2022-03-12T16:09:45Z
26.8953433,75.8091950,2022-03-12T16:09:46Z
26.8953217,75.8091700,2022-03-12T16:09:47Z
26.8953000,75.8091483,2022-03-12T16:09:48Z
26.8952833,75.8091333,2022-03-12T16:09:49Z
26.8952683,75.8091217,2022-03-12T16:09:50Z
26.8952517,75.8091117,2022-03-12T16:09:51Z
26.8952383,75.8091050,2022-03-12T16:09:52Z
26.8952367,75.8091017,2022-03-12T16:09:53Z
26.8952333,75.8090983,2022-03-12T16:09:54Z
26.8952317,75.8090983,2022-03-12T16:09:55Z
26.8952317,75.8090983,2022-03-12T16:09:56Z
26.8952317,75.8090983,2022-03-12T16:09:57Z
26.8952317,75.8090983,2022-03-12T16:09:58Z
26.8952317,75.8090983,2022-03-12T16:09:59Z
26.8952317,75.8090983,2022-03-12T16:10:00Z
26.8952317,75.8090983,2022-03-12T16:10:01Z
26.8952317,75.8090983,2022-03-12T16:10:02Z
26.8952317,75.8090983,2022-03-12T16:10:03Z
26.8952317,75.8090983,2022-03-12T16:10:04Z
26.8952317,75.8090983,2022-03-12T16:10:05Z
26.8952317,75.8090983,2022-03-12T16:10:06Z
26.8952317,75.8090983,2022-03-12T16:10:07Z
26.8952317,75.8090983,2022-03-12T16:10:08Z
26.8952317,75.8090983,2022-03-12T16:10:09Z
26.8952317,75.8090983,2022-03-12T16:10:10Z
26.8952317,75.8090983,2022-03-12T16:10:11Z
26.8952317,75.8090983,2022-03-12T16:10:12Z
26.8952317,75.8090983,2022-03-12T16:10:13Z
26.8952317,75.8090983,2022-03-12T16:10:14Z
26.8952317,75.8090983,2022-03-12T16:10:15Z
26.8952317,75.8090983,2022-03-12T16:10:16Z
26.8952317,75.8090983,2022-03-12T16:10:17Z
26.8952317,75.8090983,2022-03-12T16:10:18Z
26.8952317,75.8090983,2022-03-12T16:10:19Z
26.8952317,75.8090983,2022-03-12T16:10:20Z
26.8952317,75.8090983,2022-03-12T16:10:21Z
26.8952317,75.8090983,2022-03-12T16:10:22Z
26.8952017,75.8090867,2022-03-12T16:10:23Z
26.8951750,75.8090850,2022-03-12T16:10:24Z
26.8951467,75.8090733,2022-03-12T16:10:25Z
26.8951200,75.8090367,2022-03-12T16:10:26Z
26.8950900,75.8090017,2022-03-12T16:10:27Z
26.8950583,75.8089700,2022-03-12T16:10:28Z
26.8950233,75.8089333,2022-03-12T16:10:29Z
26.8949900,75.8088983,2022-03-12T16:10:30Z
26.8949583,75.8088550,2022-03-12T16:10:31Z
26.8949217,75.8088100,2022-03-12T16:10:32Z
26.8948800,75.8087650,2022-03-12T16:10:33Z
26.8948367,75.8087200,2022-03-12T16:10:34Z
26.8947900,75.8086733,2022-03-12T16:10:35Z
26.8947383,75.8086317,2022-03-12T16:10:36Z
26.8946800,75.8085850,2022-03-12T16:10:37Z
26.8946300,75.8085267,2022-03-12T16:10:38Z
26.8945617,75.8084850,2022-03-12T16:10:39Z
26.8945050,75.8084350,2022-03-12T16:10:40Z
26.8944383,75.8083800,2022-03-12T16:10:41Z
26.8943717,75.8083267,2022-03-12T16:10:42Z
26.8942983,75.8082817,2022-03-12T16:10:43Z
26.8942283,75.8082333,2022-03-12T16:10:44Z
26.8941600,75.8081800,2022-03-12T16:10:45Z
26.8940950,75.8081200,2022-03-12T16:10:46Z
26.8940317,75.8080617,2022-03-12T16:10:47Z
26.8939650,75.8080000,2022-03-12T16:10:48Z
26.8938967,75.8079400,2022-03-12T16:10:49Z
26.8938300,75.8078733,2022-03-12T16:10:50Z
26.8937583,75.8078133,2022-03-12T16:10:51Z
26.8936867,75.8077517,2022-03-12T16:10:52Z
26.8936167,75.8076883,2022-03-12T16:10:53Z
26.8935450,75.8076300,2022-03-12T16:10:54Z
26.8934733,75.8075683,2022-03-12T16:10:55Z
26.8934067,75.8075167,2022-03-12T16:10:56Z
26.8933367,75.8074617,2022-03-12T16:10:57Z
26.8932717,75.8074050,2022-03-12T16:10:58Z
26.8932083,75.8073467,2022-03-12T16:10:59Z
26.8931417,75.8072867,2022-03-12T16:11:00Z
26.8930750,75.8072317,2022-03-12T16:11:01Z
26.8930083,75.8071817,2022-03-12T16:11:02Z
26.8929367,75.8071233,2022-03-12T16:11:03Z
26.8928617,75.8070550,2022-03-12T16:11:04Z
26.8927900,75.8069850,2022-03-12T16:11:05Z
26.8927283,75.8069083,2022-03-12T16:11:06Z
26.8926583,75.8068467,2022-03-12T16:11:07Z
26.8925900,75.8067883,2022-03-12T16:11:08Z
26.8925283,75.8067367,2022-03-12T16:11:09Z
26.8924767,75.8067000,2022-03-12T16:11:10Z
26.8924317,75.8066717,2022-03-12T16:11:11Z
26.8923867,75.8066400,2022-03-12T16:11:12Z
26.8923433,75.8066033,2022-03-12T16:11:13Z
26.8922950,75.8065600,2022-03-12T16:11:14Z
26.8922400,75.8065100,2022-03-12T16:11:15Z
26.8921750,75.8064617,2022-03-12T16:11:16Z
26.8921067,75.8064083,2022-03-12T16:11:17Z
26.8920417,75.8063583,2022-03-12T16:11:18Z
26.8919867,75.8063167,2022-03-12T16:11:19Z
26.8919400,75.8062917,2022-03-12T16:11:20Z
26.8919050,75.8062533,2022-03-12T16:11:21Z
26.8918750,75.8062183,2022-03-12T16:11:22Z
26.8918533,75.8061917,2022-03-12T16:11:23Z
26.8918333,75.8061683,2022-03-12T16:11:24Z
26.8918100,75.8061467,2022-03-12T16:11:25Z
26.8917800,75.8061267,2022-03-12T16:11:26Z
26.8917417,75.8060983,2022-03-12T16:11:27Z
26.8916983,75.8060650,2022-03-12T16:11:28Z
26.8916367,75.8060183,2022-03-12T16:11:29Z
26.8915733,75.8059633,2022-03-12T16:11:30Z
26.8915133,75.8059150,2022-03-12T16:11:31Z
26.8914600,75.8058717,2022-03-12T16:11:32Z
26.8914083,75.8058367,2022-03-12T16:11:33Z
26.8913683,75.8058067,2022-03-12T16:11:34Z
26.8913267,75.8057717,2022-03-12T16:11:35Z
26.8912767,75.8057350,2022-03-12T16:11:36Z
26.8912250,75.8056950,2022-03-12T16:11:37Z
26.8911783,75.8056467,2022-03-12T16:11:38Z
26.8911300,75.8056050,2022-03-12T16:11:39Z
26.8910817,75.8055633,2022-03-12T16:11:40Z
26.8910333,75.8055183,2022-03-12T16:11:41Z
26.8909800,75.8054700,2022-03-12T16:11:42Z
26.8909283,75.8054200,2022-03-12T16:11:43Z
26.8908750,75.8053750,2022-03-12T16:11:44Z
26.8908233,75.8053333,2022-03-12T16:11:45Z
26.8907717,75.8052933,2022-03-12T16:11:46Z
26.8907150,75.8052583,2022-03-12T16:11:47Z
26.8906617,75.8052183,2022-03-12T16:11:48Z
26.8906017,75.8051733,2022-03-12T16:11:49Z
26.8905500,75.8051167,2022-03-12T16:11:50Z
26.8904933,75.8050617,2022-03-12T16:11:51Z
26.8904400,75.8050067,2022-03-12T16:11:52Z
26.8903933,75.8049450,2022-03-12T16:11:53Z
26.8903417,75.8049000,2022-03-12T16:11:54Z
26.8902983,75.8048550,2022-03-12T16:11:55Z
26.8902500,75.8048083,2022-03-12T16:11:56Z
26.8902000,75.8047700,2022-03-12T16:11:57Z
26.8901483,75.8047333,2022-03-12T16:11:58Z
26.8901033,75.8046950,2022-03-12T16:11:59Z
26.8900583,75.8046633,2022-03-12T16:12:00Z
26.8900233,75.8046333,2022-03-12T16:12:01Z
26.8899933,75.8046000,2022-03-12T16:12:02Z
26.8899617,75.8045633,2022-03-12T16:12:03Z
26.8899400,75.8045317,2022-03-12T16:12:04Z
26.8899167,75.8045133,2022-03-12T16:12:05Z
26.8899000,75.8045033,2022-03-12T16:12:06Z
26.8898783,75.8044933,2022-03-12T16:12:07Z
26.8898550,75.8044783,2022-03-12T16:12:08Z
26.8898250,75.8044650,2022-03-12T16:12:09Z
26.8897983,75.8044517,2022-03-12T16:12:10Z
26.8897783,75.8044367,2022-03-12T16:12:11Z
26.8897617,75.8044267,2022-03-12T16:12:12Z
26.8897450,75.8044100,2022-03-12T16:12:13Z
26.8897233,75.8043933,2022-03-12T16:12:14Z
26.8896967,75.8043667,2022-03-12T16:12:15Z
26.8896583,75.8043267,2022-03-12T16:12:16Z
26.8896100,75.8042850,2022-03-12T16:12:17Z
26.8895633,75.8042450,2022-03-12T16:12:18Z
26.8895200,75.8041950,2022-03-12T16:12:19Z
26.8894633,75.8041433,2022-03-12T16:12:20Z
26.8894000,75.8040833,2022-03-12T16:12:21Z
26.8893283,75.8040267,2022-03-12T16:12:22Z
26.8892533,75.8039717,2022-03-12T16:12:23Z
26.8891783,75.8039150,2022-03-12T16:12:24Z
26.8891083,75.8038617,2022-03-12T16:12:25Z
26.8890283,75.8038000,2022-03-12T16:12:26Z
26.8889533,75.8037400,2022-03-12T16:12:27Z
26.8888800,75.8036867,2022-03-12T16:12:28Z
26.8888083,75.8036367,2022-03-12T16:12:29Z
26.8887433,75.8035833,2022-03-12T16:12:30Z
26.8886767,75.8035300,2022-03-12T16:12:31Z
26.8886133,75.8034883,2022-03-12T16:12:32Z
26.8885500,75.8034500,2022-03-12T16:12:33Z
26.8884867,75.8034033,2022-03-12T16:12:34Z
26.8884083,75.8033733,2022-03-12T16:12:35Z
26.8883433,75.8033250,2022-03-12T16:12:36Z
26.8882783,75.8032783,2022-03-12T16:12:37Z
26.8882117,75.8032400,2022-03-12T16:12:38Z
26.8881400,75.8032000,2022-03-12T16:12:39Z
26.8880667,75.8031750,2022-03-12T16:12:40Z
26.8879833,75.8031417,2022-03-12T16:12:41Z
26.8879033,75.8030900,2022-03-12T16:12:42Z
26.8878250,75.8030283,2022-03-12T16:12:43Z
26.8877417,75.8029767,2022-03-12T16:12:44Z
26.8876483,75.8029383,2022-03-12T16:12:45Z
26.8875583,75.8029017,2022-03-12T16:12:46Z
26.8874717,75.8028717,2022-03-12T16:12:47Z
26.8873917,75.8028467,2022-03-12T16:12:48Z
26.8873233,75.8028283,2022-03-12T16:12:49Z
26.8872717,75.8028067,2022-03-12T16:12:50Z
26.8872250,75.8027817,2022-03-12T16:12:51Z
26.8871617,75.8027500,2022-03-12T16:12:52Z
26.8871017,75.8027217,2022-03-12T16:12:53Z
26.8870417,75.8026883,2022-03-12T16:12:54Z
26.8869900,75.8026483,2022-03-12T16:12:55Z
26.8869350,75.8026250,2022-03-12T16:12:56Z
26.8868950,75.8026083,2022-03-12T16:12:57Z
26.8868583,75.8025967,2022-03-12T16:12:58Z
26.8868200,75.8025800,2022-03-12T16:12:59Z
26.8867850,75.8025750,2022-03-12T16:13:00Z
26.8867567,75.8025667,2022-03-12T16:13:01Z
26.8867250,75.8025517,2022-03-12T16:13:02Z
26.8866900,75.8025383,2022-03-12T16:13:03Z
26.8866600,75.8025300,2022-03-12T16:13:04Z
26.8866350,75.8025233,2022-03-12T16:13:05Z
26.8866133,75.8025183,2022-03-12T16:13:06Z
26.8866000,75.8025133,2022-03-12T16:13:07Z
26.8865917,75.8025083,2022-03-12T16:13:08Z
26.8865833,75.8024983,2022-03-12T16:13:09Z
26.8865767,75.8024900,2022-03-12T16:13:10Z
26.8865683,75.8024817,2022-03-12T16:13:11Z
26.8865567,75.8024667,2022-03-12T16:13:12Z
26.8865383,75.8024483,2022-03-12T16:13:13Z
26.8865050,75.8024317,2022-03-12T16:13:14Z
26.8864467,75.8024033,2022-03-12T16:13:15Z
26.8863733,75.8023683,2022-03-12T16:13:16Z
26.8862983,75.8023333,2022-03-12T16:13:17Z
26.8862250,75.8022983,2022-03-12T16:13:18Z
26.8861450,75.8022650,2022-03-12T16:13:19Z
26.8860600,75.8022300,2022-03-12T16:13:20Z
26.8859650,75.8021983,2022-03-12T16:13:21Z
26.8858667,75.8021533,2022-03-12T16:13:22Z
26.8857717,75.8021100,2022-03-12T16:13:23Z
26.8856750,75.8020633,2022-03-12T16:13:24Z
26.8855800,75.8020183,2022-03-12T16:13:25Z
26.8854833,75.8019767,2022-03-12T16:13:26Z
26.8853917,75.8019300,2022-03-12T16:13:27Z
26.8853033,75.8018883,2022-03-12T16:13:28Z
26.8852133,75.8018483,2022-03-12T16:13:29Z
26.8851300,75.8018017,2022-03-12T16:13:30Z
26.8850500,75.8017567,2022-03-12T16:13:31Z
26.8849733,75.8017100,2022-03-12T16:13:32Z
26.8848900,75.8016717,2022-03-12T16:13:33Z
26.8848033,75.8016267,2022-03-12T16:13:34Z
26.8847150,75.8015867,2022-03-12T16:13:35Z
26.8846333,75.8015517,2022-03-12T16:13:36Z
26.8845533,75.8015133,2022-03-12T16:13:37Z
26.8844733,75.8014767,2022-03-12T16:13:38Z
26.8843983,75.8014317,2022-03-12T16:13:39Z
26.8843150,75.8013933,2022-03-12T16:13:40Z
26.8842283,75.8013500,2022-03-12T16:13:41Z
26.8841450,75.8013050,2022-03-12T16:13:42Z
26.8840567,75.8012517,2022-03-12T16:13:43Z
26.8839733,75.8011983,2022-03-12T16:13:44Z
26.8838883,75.8011483,2022-03-12T16:13:45Z
26.8838017,75.8011000,2022-03-12T16:13:46Z
26.8837183,75.8010517,2022-03-12T16:13:47Z
26.8836367,75.8010050,2022-03-12T16:13:48Z
26.8835500,75.8009550,2022-03-12T16:13:49Z
26.8834633,75.8009100,2022-03-12T16:13:50Z
26.8833800,75.8008617,2022-03-12T16:13:51Z
26.8832983,75.8008167,2022-03-12T16:13:52Z
26.8832183,75.8007733,2022-03-12T16:13:53Z
26.8831283,75.8007233,2022-03-12T16:13:54Z
26.8830400,75.8006783,2022-03-12T16:13:55Z
26.8829517,75.8006283,2022-03-12T16:13:56Z
26.8828600,75.8005933,2022-03-12T16:13:57Z
26.8827667,75.8005550,2022-03-12T16:13:58Z
26.8826733,75.8005100,2022-03-12T16:13:59Z
26.8825800,75.8004583,2022-03-12T16:14:00Z
26.8824850,75.8004100,2022-03-12T16:14:01Z
26.8823883,75.8003667,2022-03-12T16:14:02Z
26.8822867,75.8003183,2022-03-12T16:14:03Z
26.8821950,75.8002600,2022-03-12T16:14:04Z
26.8821033,75.8002067,2022-03-12T16:14:05Z
26.8820133,75.8001550,2022-03-12T16:14:06Z
26.8819200,75.8001183,2022-03-12T16:14:07Z
26.8818283,75.8000767,2022-03-12T16:14:08Z
26.8817400,75.8000400,2022-03-12T16:14:09Z
26.8816433,75.8000033,2022-03-12T16:14:10Z
26.8815533,75.7999633,2022-03-12T16:14:11Z
26.8814567,75.7999250,2022-03-12T16:14:12Z
26.8813517,75.7998917,2022-03-12T16:14:13Z
26.8812517,75.7998667,2022-03-12T16:14:14Z
26.8811633,75.7998283,2022-03-12T16:14:15Z
26.8810783,75.7997933,2022-03-12T16:14:16Z
26.8810100,75.7997617,2022-03-12T16:14:17Z
26.8809450,75.7997283,2022-03-12T16:14:18Z
26.8808800,75.7997000,2022-03-12T16:14:19Z
26.8808133,75.7996667,2022-03-12T16:14:20Z
26.8807467,75.7996317,2022-03-12T16:14:21Z
26.8806833,75.7995933,2022-03-12T16:14:22Z
26.8806133,75.7995517,2022-03-12T16:14:23Z
26.8805267,75.7995200,2022-03-12T16:14:24Z
26.8804483,75.7994833,2022-03-12T16:14:25Z
26.8803683,75.7994600,2022-03-12T16:14:26Z
26.8802833,75.7994300,2022-03-12T16:14:27Z
26.8802000,75.7993883,2022-03-12T16:14:28Z
26.8801150,75.7993500,2022-03-12T16:14:29Z
26.8800317,75.7993033,2022-03-12T16:14:30Z
26.8799450,75.7992683,2022-03-12T16:14:31Z
26.8798567,75.7992350,2022-03-12T16:14:32Z
26.8797700,75.7992050,2022-03-12T16:14:33Z
26.8796867,75.7991617,2022-03-12T16:14:34Z
26.8795967,75.7991200,2022-03-12T16:14:35Z
26.8795100,75.7990817,2022-03-12T16:14:36Z
26.8794117,75.7990433,2022-03-12T16:14:37Z
26.8793133,75.7990150,2022-03-12T16:14:38Z
26.8792150,75.7989817,2022-03-12T16:14:39Z
26.8791150,75.7989467,2022-03-12T16:14:40Z
26.8790150,75.7989067,2022-03-12T16:14:41Z
26.8789100,75.7988717,2022-03-12T16:14:42Z
26.8788033,75.7988367,2022-03-12T16:14:43Z
26.8787017,75.7987933,2022-03-12T16:14:44Z
26.8786000,75.7987533,2022-03-12T16:14:45Z
26.8785017,75.7987233,2022-03-12T16:14:46Z
26.8784167,75.7987017,2022-03-12T16:14:47Z
26.8783367,75.7986717,2022-03-12T16:14:48Z
26.8782450,75.7986517,2022-03-12T16:14:49Z
26.8781633,75.7986283,2022-03-12T16:14:50Z
26.8780850,75.7986100,2022-03-12T16:14:51Z
26.8780067,75.7985817,2022-03-12T16:14:52Z
26.8779350,75.7985550,2022-03-12T16:14:53Z
26.8778667,75.7985317,2022-03-12T16:14:54Z
26.8777917,75.7985050,2022-03-12T16:14:55Z
26.8777183,75.7984767,2022-03-12T16:14:56Z
26.8776483,75.7984467,2022-03-12T16:14:57Z
26.8775750,75.7984167,2022-03-12T16:14:58Z
26.8775050,75.7983883,2022-03-12T16:14:59Z
26.8774333,75.7983617,2022-03-12T16:15:00Z
26.8773633,75.7983367,2022-03-12T16:15:01Z
26.8772867,75.7983150,2022-03-12T16:15:02Z
26.8772117,75.7982883,2022-03-12T16:15:03Z
26.8771417,75.7982617,2022-03-12T16:15:04Z
26.8770700,75.7982383,2022-03-12T16:15:05Z
26.8769983,75.7982217,2022-03-12T16:15:06Z
26.8769217,75.7982050,2022-03-12T16:15:07Z
26.8768483,75.7981833,2022-03-12T16:15:08Z
26.8767767,75.7981550,2022-03-12T16:15:09Z
26.8767017,75.7981233,2022-03-12T16:15:10Z
26.8766200,75.7980967,2022-03-12T16:15:11Z
26.8765367,75.7980717,2022-03-12T16:15:12Z
26.8764583,75.7980483,2022-03-12T16:15:13Z
26.8763800,75.7980250,2022-03-12T16:15:14Z
26.8763067,75.7979983,2022-03-12T16:15:15Z
26.8762350,75.7979717,2022-03-12T16:15:16Z
26.8761667,75.7979450,2022-03-12T16:15:17Z
26.8760950,75.7979217,2022-03-12T16:15:18Z
26.8760167,75.7978950,2022-03-12T16:15:19Z
26.8759383,75.7978700,2022-03-12T16:15:20Z
26.8758617,75.7978450,2022-03-12T16:15:21Z
26.8757833,75.7978267,2022-03-12T16:15:22Z
26.8757017,75.7978117,2022-03-12T16:15:23Z
26.8756183,75.7978000,2022-03-12T16:15:24Z
26.8755350,75.7977883,2022-03-12T16:15:25Z
26.8754533,75.7977767,2022-03-12T16:15:26Z
26.8753750,75.7977633,2022-03-12T16:15:27Z
26.8753017,75.7977500,2022-03-12T16:15:28Z
26.8752250,75.7977350,2022-03-12T16:15:29Z
26.8751483,75.7977217,2022-03-12T16:15:30Z
26.8750700,75.7977133,2022-03-12T16:15:31Z
26.8749967,75.7977033,2022-03-12T16:15:32Z
26.8749317,75.7976917,2022-03-12T16:15:33Z
26.8748683,75.7976900,2022-03-12T16:15:34Z
26.8747933,75.7976917,2022-03-12T16:15:35Z
26.8747133,75.7976900,2022-03-12T16:15:36Z
26.8746400,75.7976783,2022-03-12T16:15:37Z
26.8745800,75.7976733,2022-03-12T16:15:38Z
26.8745283,75.7976717,2022-03-12T16:15:39Z
26.8744933,75.7976767,2022-03-12T16:15:40Z
26.8744600,75.7976667,2022-03-12T16:15:41Z
26.8744417,75.7976483,2022-03-12T16:15:42Z
26.8744067,75.7976350,2022-03-12T16:15:43Z
26.8743667,75.7976267,2022-03-12T16:15:44Z
26.8743150,75.7976217,2022-03-12T16:15:45Z
26.8742517,75.7976150,2022-03-12T16:15:46Z
26.8741867,75.7976100,2022-03-12T16:15:47Z
26.8741283,75.7976000,2022-03-12T16:15:48Z
26.8740717,75.7975950,2022-03-12T16:15:49Z
26.8740117,75.7975867,2022-03-12T16:15:50Z
26.8739533,75.7975783,2022-03-12T16:15:51Z
26.8738933,75.7975717,2022-03-12T16:15:52Z
26.8738267,75.7975667,2022-03-12T16:15:53Z
26.8737583,75.7975500,2022-03-12T16:15:54Z
26.8736917,75.7975367,2022-03-12T16:15:55Z
26.8736283,75.7975283,2022-03-12T16:15:56Z
26.8735517,75.7975183,2022-03-12T16:15:57Z
26.8734750,75.7975167,2022-03-12T16:15:58Z
26.8733867,75.7975183,2022-03-12T16:15:59Z
26.8732917,75.7975117,2022-03-12T16:16:00Z
26.8731967,75.7975000,2022-03-12T16:16:01Z
26.8731033,75.7974867,2022-03-12T16:16:02Z
26.8730233,75.7974783,2022-03-12T16:16:03Z
26.8729483,75.7974667,2022-03-12T16:16:04Z
26.8728833,75.7974567,2022-03-12T16:16:05Z
26.8728250,75.7974550,2022-03-12T16:16:06Z
26.8727783,75.7974567,2022-03-12T16:16:07Z
26.8727400,75.7974550,2022-03-12T16:16:08Z
26.8727133,75.7974567,2022-03-12T16:16:09Z
26.8726800,75.7974583,2022-03-12T16:16:10Z
26.8726533,75.7974567,2022-03-12T16:16:11Z
26.8726283,75.7974517,2022-03-12T16:16:12Z
26.8726033,75.7974433,2022-03-12T16:16:13Z
26.8725800,75.7974400,2022-03-12T16:16:14Z
26.8725483,75.7974367,2022-03-12T16:16:15Z
26.8725133,75.7974350,2022-03-12T16:16:16Z
26.8724750,75.7974283,2022-03-12T16:16:17Z
26.8724300,75.7974217,2022-03-12T16:16:18Z
26.8723850,75.7974133,2022-03-12T16:16:19Z
26.8723400,75.7974033,2022-03-12T16:16:20Z
26.8722917,75.7974017,2022-03-12T16:16:21Z
26.8722350,75.7973917,2022-03-12T16:16:22Z
26.8721733,75.7973800,2022-03-12T16:16:23Z
26.8721133,75.7973750,2022-03-12T16:16:24Z
26.8720617,75.7973700,2022-03-12T16:16:25Z
26.8720233,75.7973617,2022-03-12T16:16:26Z
26.8719867,75.7973600,2022-03-12T16:16:27Z
26.8719583,75.7973533,2022-03-12T16:16:28Z
26.8719300,75.7973400,2022-03-12T16:16:29Z
26.8718867,75.7973300,2022-03-12T16:16:30Z
26.8718350,75.7973200,2022-03-12T16:16:31Z
26.8717717,75.7973167,2022-03-12T16:16:32Z
26.8717033,75.7973167,2022-03-12T16:16:33Z
26.8716367,75.7973100,2022-03-12T16:16:34Z
26.8715750,75.7973050,2022-03-12T16:16:35Z
26.8715217,75.7973050,2022-03-12T16:16:36Z
26.8714767,75.7972983,2022-03-12T16:16:37Z
26.8714250,75.7972967,2022-03-12T16:16:38Z
26.8713717,75.7972967,2022-03-12T16:16:39Z
26.8713167,75.7972917,2022-03-12T16:16:40Z
26.8712617,75.7972833,2022-03-12T16:16:41Z
26.8712033,75.7972800,2022-03-12T16:16:42Z
26.8711383,75.7972750,2022-03-12T16:16:43Z
26.8710750,75.7972733,2022-03-12T16:16:44Z
26.8710050,75.7972750,2022-03-12T16:16:45Z
26.8709300,75.7972633,2022-03-12T16:16:46Z
26.8708550,75.7972483,2022-03-12T16:16:47Z
26.8707717,75.7972300,2022-03-12T16:16:48Z
26.8706800,75.7972183,2022-03-12T16:16:49Z
26.8705850,75.7972117,2022-03-12T16:16:50Z
26.8705000,75.7972050,2022-03-12T16:16:51Z
26.8704100,75.7971883,2022-03-12T16:16:52Z
26.8703217,75.7971717,2022-03-12T16:16:53Z
26.8702383,75.7971567,2022-03-12T16:16:54Z
26.8701517,75.7971417,2022-03-12T16:16:55Z
26.8700683,75.7971300,2022-03-12T16:16:56Z
26.8699867,75.7971250,2022-03-12T16:16:57Z
26.8699050,75.7971150,2022-03-12T16:16:58Z
26.8698300,75.7971017,2022-03-12T16:16:59Z
26.8697583,75.7970867,2022-03-12T16:17:00Z
26.8696867,75.7970783,2022-03-12T16:17:01Z
26.8696083,75.7970700,2022-03-12T16:17:02Z
26.8695300,75.7970600,2022-03-12T16:17:03Z
26.8694600,75.7970500,2022-03-12T16:17:04Z
26.8693883,75.7970333,2022-03-12T16:17:05Z
26.8693150,75.7970250,2022-03-12T16:17:06Z
26.8692433,75.7970150,2022-03-12T16:17:07Z
26.8691683,75.7970083,2022-03-12T16:17:08Z
26.8690967,75.7970000,2022-03-12T16:17:09Z
26.8690233,75.7970000,2022-03-12T16:17:10Z
26.8689500,75.7969950,2022-03-12T16:17:11Z
26.8688817,75.7969917,2022-03-12T16:17:12Z
26.8688233,75.7969833,2022-03-12T16:17:13Z
26.8687683,75.7969783,2022-03-12T16:17:14Z
26.8687183,75.7969667,2022-03-12T16:17:15Z
26.8686667,75.7969567,2022-03-12T16:17:16Z
26.8686200,75.7969417,2022-03-12T16:17:17Z
26.8685683,75.7969233,2022-03-12T16:17:18Z
26.8685133,75.7969167,2022-03-12T16:17:19Z
26.8684567,75.7969017,2022-03-12T16:17:20Z
26.8683917,75.7968967,2022-03-12T16:17:21Z
26.8683233,75.7968867,2022-03-12T16:17:22Z
26.8682483,75.7968817,2022-03-12T16:17:23Z
26.8681717,75.7968667,2022-03-12T16:17:24Z
26.8681050,75.7968733,2022-03-12T16:17:25Z
26.8680417,75.7968733,2022-03-12T16:17:26Z
26.8679850,75.7968633,2022-03-12T16:17:27Z
26.8679250,75.7968717,2022-03-12T16:17:28Z
26.8678700,75.7968667,2022-03-12T16:17:29Z
26.8678133,75.7968550,2022-03-12T16:17:30Z
26.8677550,75.7968467,2022-03-12T16:17:31Z
26.8676933,75.7968350,2022-03-12T16:17:32Z
26.8676300,75.7968200,2022-03-12T16:17:33Z
26.8675700,75.7968100,2022-03-12T16:17:34Z
26.8675000,75.7968050,2022-03-12T16:17:35Z
26.8674333,75.7968017,2022-03-12T16:17:36Z
26.8673750,75.7967967,2022-03-12T16:17:37Z
26.8673183,75.7967900,2022-03-12T16:17:38Z
26.8672600,75.7967833,2022-03-12T16:17:39Z
26.8672017,75.7967717,2022-03-12T16:17:40Z
26.8671417,75.7967650,2022-03-12T16:17:41Z
26.8670833,75.7967567,2022-03-12T16:17:42Z
26.8670333,75.7967517,2022-03-12T16:17:43Z
26.8669967,75.7967500,2022-03-12T16:17:44Z
26.8669683,75.7967417,2022-03-12T16:17:45Z
26.8669467,75.7967300,2022-03-12T16:17:46Z
26.8669200,75.7967167,2022-03-12T16:17:47Z
26.8668833,75.7967017,2022-03-12T16:17:48Z
26.8668467,75.7966967,2022-03-12T16:17:49Z
26.8668117,75.7966900,2022-03-12T16:17:50Z
26.8667783,75.7966883,2022-03-12T16:17:51Z
26.8667483,75.7966833,2022-03-12T16:17:52Z
26.8667183,75.7966783,2022-03-12T16:17:53Z
26.8666817,75.7966733,2022-03-12T16:17:54Z
26.8666417,75.7966700,2022-03-12T16:17:55Z
26.8666000,75.7966650,2022-03-12T16:17:56Z
26.8665550,75.7966550,2022-03-12T16:17:57Z
26.8665083,75.7966417,2022-03-12T16:17:58Z
26.8664583,75.7966283,2022-03-12T16:17:59Z
26.8664033,75.7966133,2022-03-12T16:18:00Z
26.8663450,75.7965983,2022-03-12T16:18:01Z
26.8662833,75.7965883,2022-03-12T16:18:02Z
26.8662200,75.7965800,2022-03-12T16:18:03Z
26.8661483,75.7965733,2022-03-12T16:18:04Z
26.8660800,75.7965733,2022-03-12T16:18:05Z
26.8660183,75.7965667,2022-03-12T16:18:06Z
26.8659567,75.7965600,2022-03-12T16:18:07Z
26.8658867,75.7965450,2022-03-12T16:18:08Z
26.8658200,75.7965283,2022-03-12T16:18:09Z
26.8657500,75.7965217,2022-03-12T16:18:10Z
26.8656783,75.7965200,2022-03-12T16:18:11Z
26.8656100,75.7965117,2022-03-12T16:18:12Z
26.8655433,75.7965017,2022-03-12T16:18:13Z
26.8654750,75.7964900,2022-03-12T16:18:14Z
26.8654033,75.7964783,2022-03-12T16:18:15Z
26.8653267,75.7964667,2022-03-12T16:18:16Z
26.8652467,75.7964533,2022-03-12T16:18:17Z
26.8651683,75.7964417,2022-03-12T16:18:18Z
26.8650917,75.7964383,2022-03-12T16:18:19Z
26.8650200,75.7964317,2022-03-12T16:18:20Z
26.8649483,75.7964267,2022-03-12T16:18:21Z
26.8648867,75.7964200,2022-03-12T16:18:22Z
26.8648383,75.7964150,2022-03-12T16:18:23Z
26.8648117,75.7964183,2022-03-12T16:18:24Z
26.8648100,75.7964183,2022-03-12T16:18:25Z
26.8648133,75.7964133,2022-03-12T16:18:26Z
26.8648183,75.7964100,2022-03-12T16:18:27Z
26.8648117,75.7964117,2022-03-12T16:18:28Z
26.8648117,75.7964117,2022-03-12T16:18:29Z
26.8648117,75.7964117,2022-03-12T16:18:30Z
26.8647867,75.7964083,2022-03-12T16:18:31Z
26.8647633,75.7964050,2022-03-12T16:18:32Z
26.8647333,75.7964033,2022-03-12T16:18:33Z
26.8646917,75.7964000,2022-03-12T16:18:34Z
26.8646450,75.7963967,2022-03-12T16:18:35Z
26.8645917,75.7963833,2022-03-12T16:18:36Z
26.8645233,75.7963700,2022-03-12T16:18:37Z
26.8644467,75.7963583,2022-03-12T16:18:38Z
26.8643633,75.7963433,2022-03-12T16:18:39Z
26.8642783,75.7963300,2022-03-12T16:18:40Z
26.8641883,75.7963183,2022-03-12T16:18:41Z
26.8641000,75.7963050,2022-03-12T16:18:42Z
26.8640100,75.7962933,2022-03-12T16:18:43Z
26.8639183,75.7962783,2022-03-12T16:18:44Z
26.8638283,75.7962633,2022-03-12T16:18:45Z
26.8637400,75.7962500,2022-03-12T16:18:46Z
26.8636517,75.7962350,2022-03-12T16:18:47Z
26.8635600,75.7962233,2022-03-12T16:18:48Z
26.8634683,75.7962117,2022-03-12T16:18:49Z
26.8633750,75.7962000,2022-03-12T16:18:50Z
26.8632817,75.7961817,2022-03-12T16:18:51Z
26.8631883,75.7961667,2022-03-12T16:18:52Z
26.8630933,75.7961517,2022-03-12T16:18:53Z
26.8629967,75.7961333,2022-03-12T16:18:54Z
26.8629000,75.7961150,2022-03-12T16:18:55Z
26.8628033,75.7960983,2022-03-12T16:18:56Z
26.8627050,75.7960800,2022-03-12T16:18:57Z
26.8626017,75.7960667,2022-03-12T16:18:58Z
26.8625017,75.7960533,2022-03-12T16:18:59Z
26.8624017,75.7960383,2022-03-12T16:19:00Z
26.8623017,75.7960250,2022-03-12T16:19:01Z
26.8622050,75.7960150,2022-03-12T16:19:02Z
26.8621067,75.7960017,2022-03-12T16:19:03Z
26.8620017,75.7959783,2022-03-12T16:19:04Z
26.8618950,75.7959567,2022-03-12T16:19:05Z
26.8617833,75.7959317,2022-03-12T16:19:06Z
26.8616667,75.7959017,2022-03-12T16:19:07Z
26.8615400,75.7958850,2022-03-12T16:19:08Z
26.8614200,75.7958683,2022-03-12T16:19:09Z
26.8612967,75.7958550,2022-03-12T16:19:10Z
26.8611717,75.7958433,2022-03-12T16:19:11Z
26.8610483,75.7958250,2022-03-12T16:19:12Z
26.8609283,75.7958083,2022-03-12T16:19:13Z
26.8608200,75.7957883,2022-03-12T16:19:14Z
26.8607067,75.7957750,2022-03-12T16:19:15Z
26.8605917,75.7957567,2022-03-12T16:19:16Z
26.8604767,75.7957333,2022-03-12T16:19:17Z
26.8603617,75.7957150,2022-03-12T16:19:18Z
26.8602483,75.7956967,2022-03-12T16:19:19Z
26.8601383,75.7956833,2022-03-12T16:19:20Z
26.8600400,75.7956650,2022-03-12T16:19:21Z
26.8599433,75.7956550,2022-03-12T16:19:22Z
26.8598433,75.7956433,2022-03-12T16:19:23Z
26.8597483,75.7956367,2022-03-12T16:19:24Z
26.8596467,75.7956250,2022-03-12T16:19:25Z
26.8595433,75.7956100,2022-03-12T16:19:26Z
26.8594350,75.7955933,2022-03-12T16:19:27Z
26.8593250,75.7955717,2022-03-12T16:19:28Z
26.8592183,75.7955533,2022-03-12T16:19:29Z
26.8591100,75.7955300,2022-03-12T16:19:30Z
26.8590000,75.7955133,2022-03-12T16:19:31Z
26.8588933,75.7954967,2022-03-12T16:19:32Z
26.8587900,75.7954833,2022-03-12T16:19:33Z
26.8586700,75.7954767,2022-03-12T16:19:34Z
26.8585633,75.7954650,2022-03-12T16:19:35Z
26.8584467,75.7954650,2022-03-12T16:19:36Z
26.8583383,75.7954567,2022-03-12T16:19:37Z
26.8582367,75.7954467,2022-03-12T16:19:38Z
26.8581483,75.7954417,2022-03-12T16:19:39Z
26.8580683,75.7954267,2022-03-12T16:19:40Z
26.8579917,75.7954167,2022-03-12T16:19:41Z
26.8579183,75.7954017,2022-03-12T16:19:42Z
26.8578450,75.7953867,2022-03-12T16:19:43Z
26.8577733,75.7953717,2022-03-12T16:19:44Z
26.8577050,75.7953533,2022-03-12T16:19:45Z
26.8576533,75.7953383,2022-03-12T16:19:46Z
26.8575950,75.7953233,2022-03-12T16:19:47Z
26.8575267,75.7953083,2022-03-12T16:19:48Z
26.8574517,75.7953083,2022-03-12T16:19:49Z
26.8573717,75.7953000,2022-03-12T16:19:50Z
26.8572950,75.7952817,2022-03-12T16:19:51Z
26.8572217,75.7952700,2022-03-12T16:19:52Z
26.8571417,75.7952617,2022-03-12T16:19:53Z
26.8570650,75.7952533,2022-03-12T16:19:54Z
26.8569850,75.7952383,2022-03-12T16:19:55Z
26.8569000,75.7952250,2022-03-12T16:19:56Z
26.8568200,75.7952067,2022-03-12T16:19:57Z
26.8567367,75.7951900,2022-03-12T16:19:58Z
26.8566367,75.7951800,2022-03-12T16:19:59Z
26.8565350,75.7951717,2022-03-12T16:20:00Z
26.8564283,75.7951650,2022-03-12T16:20:01Z
26.8563250,75.7951567,2022-03-12T16:20:02Z
26.8562283,75.7951483,2022-03-12T16:20:03Z
26.8561250,75.7951383,2022-03-12T16:20:04Z
26.8560267,75.7951283,2022-03-12T16:20:05Z
26.8559283,75.7951217,2022-03-12T16:20:06Z
26.8558317,75.7951100,2022-03-12T16:20:07Z
26.8557400,75.7951017,2022-03-12T16:20:08Z
26.8556517,75.7950917,2022-03-12T16:20:09Z
26.8555650,75.7950833,2022-03-12T16:20:10Z
26.8554800,75.7950733,2022-03-12T16:20:11Z
26.8553967,75.7950600,2022-03-12T16:20:12Z
26.8553167,75.7950467,2022-03-12T16:20:13Z
26.8552400,75.7950317,2022-03-12T16:20:14Z
26.8551633,75.7950217,2022-03-12T16:20:15Z
26.8550883,75.7950117,2022-03-12T16:20:16Z
26.8550200,75.7950000,2022-03-12T16:20:17Z
26.8549650,75.7949883,2022-03-12T16:20:18Z
26.8549083,75.7949800,2022-03-12T16:20:19Z
26.8548517,75.7949700,2022-03-12T16:20:20Z
26.8548000,75.7949650,2022-03-12T16:20:21Z
26.8547417,75.7949567,2022-03-12T16:20:22Z
26.8546767,75.7949517,2022-03-12T16:20:23Z
26.8546067,75.7949433,2022-03-12T16:20:24Z
26.8545450,75.7949317,2022-03-12T16:20:25Z
26.8544817,75.7949317,2022-03-12T16:20:26Z
26.8544250,75.7949217,2022-03-12T16:20:27Z
26.8543650,75.7949150,2022-03-12T16:20:28Z
26.8543133,75.7948983,2022-03-12T16:20:29Z
26.8542583,75.7948800,2022-03-12T16:20:30Z
26.8541967,75.7948650,2022-03-12T16:20:31Z
26.8541300,75.7948517,2022-03-12T16:20:32Z
26.8540600,75.7948383,2022-03-12T16:20:33Z
26.8539867,75.7948233,2022-03-12T16:20:34Z
26.8539067,75.7948117,2022-03-12T16:20:35Z
26.8538200,75.7948017,2022-03-12T16:20:36Z
26.8537250,75.7947900,2022-03-12T16:20:37Z
26.8536250,75.7947800,2022-03-12T16:20:38Z
26.8535267,75.7947633,2022-03-12T16:20:39Z
26.8534267,75.7947483,2022-03-12T16:20:40Z
26.8533167,75.7947350,2022-03-12T16:20:41Z
26.8532050,75.7947167,2022-03-12T16:20:42Z
26.8530917,75.7947050,2022-03-12T16:20:43Z
26.8529750,75.7946967,2022-03-12T16:20:44Z
26.8528667,75.7946867,2022-03-12T16:20:45Z
26.8527583,75.7946700,2022-03-12T16:20:46Z
26.8526467,75.7946583,2022-03-12T16:20:47Z
26.8525317,75.7946450,2022-03-12T16:20:48Z
26.8524233,75.7946233,2022-03-12T16:20:49Z
26.8523233,75.7946017,2022-03-12T16:20:50Z
26.8522217,75.7945833,2022-03-12T16:20:51Z
26.8521133,75.7945683,2022-03-12T16:20:52Z
26.8520067,75.7945517,2022-03-12T16:20:53Z
26.8519050,75.7945383,2022-03-12T16:20:54Z
26.8518033,75.7945150,2022-03-12T16:20:55Z
26.8517050,75.7944900,2022-03-12T16:20:56Z
26.8516050,75.7944667,2022-03-12T16:20:57Z
26.8515017,75.7944483,2022-03-12T16:20:58Z
26.8514083,75.7944267,2022-03-12T16:20:59Z
26.8513067,75.7944017,2022-03-12T16:21:00Z
26.8512083,75.7943750,2022-03-12T16:21:01Z
26.8511133,75.7943483,2022-03-12T16:21:02Z
26.8510217,75.7943233,2022-03-12T16:21:03Z
26.8509300,75.7942950,2022-03-12T16:21:04Z
26.8508417,75.7942700,2022-03-12T16:21:05Z
26.8507533,75.7942417,2022-03-12T16:21:06Z
26.8506700,75.7942200,2022-03-12T16:21:07Z
26.8505883,75.7941967,2022-03-12T16:21:08Z
26.8504967,75.7941800,2022-03-12T16:21:09Z
26.8504017,75.7941617,2022-03-12T16:21:10Z
26.8503017,75.7941333,2022-03-12T16:21:11Z
26.8501983,75.7941050,2022-03-12T16:21:12Z
26.8500967,75.7940817,2022-03-12T16:21:13Z
26.8500017,75.7940583,2022-03-12T16:21:14Z
26.8499050,75.7940383,2022-03-12T16:21:15Z
26.8498167,75.7940233,2022-03-12T16:21:16Z
26.8497333,75.7940050,2022-03-12T16:21:17Z
26.8496400,75.7939967,2022-03-12T16:21:18Z
26.8495433,75.7939867,2022-03-12T16:21:19Z
26.8494450,75.7939783,2022-03-12T16:21:20Z
26.8493433,75.7939717,2022-03-12T16:21:21Z
26.8492467,75.7939600,2022-03-12T16:21:22Z
26.8491500,75.7939550,2022-03-12T16:21:23Z
26.8490583,75.7939500,2022-03-12T16:21:24Z
26.8489700,75.7939417,2022-03-12T16:21:25Z
26.8488867,75.7939317,2022-03-12T16:21:26Z
26.8488083,75.7939217,2022-03-12T16:21:27Z
26.8487283,75.7939100,2022-03-12T16:21:28Z
26.8486550,75.7938983,2022-03-12T16:21:29Z
26.8485850,75.7938850,2022-03-12T16:21:30Z
26.8485183,75.7938683,2022-03-12T16:21:31Z
26.8484550,75.7938517,2022-03-12T16:21:32Z
26.8483917,75.7938467,2022-03-12T16:21:33Z
26.8483233,75.7938450,2022-03-12T16:21:34Z
26.8482500,75.7938483,2022-03-12T16:21:35Z
26.8481783,75.7938500,2022-03-12T16:21:36Z
26.8481017,75.7938483,2022-03-12T16:21:37Z
26.8480183,75.7938450,2022-03-12T16:21:38Z
26.8479333,75.7938483,2022-03-12T16:21:39Z
26.8478467,75.7938483,2022-03-12T16:21:40Z
26.8477633,75.7938467,2022-03-12T16:21:41Z
26.8476817,75.7938450,2022-03-12T16:21:42Z
26.8476017,75.7938417,2022-03-12T16:21:43Z
26.8475217,75.7938400,2022-03-12T16:21:44Z
26.8474433,75.7938333,2022-03-12T16:21:45Z
26.8473617,75.7938333,2022-03-12T16:21:46Z
26.8472800,75.7938233,2022-03-12T16:21:47Z
26.8471967,75.7938117,2022-03-12T16:21:48Z
26.8471133,75.7938100,2022-03-12T16:21:49Z
26.8470333,75.7938067,2022-03-12T16:21:50Z
26.8469517,75.7938033,2022-03-12T16:21:51Z
26.8468683,75.7938033,2022-03-12T16:21:52Z
26.8467850,75.7937967,2022-03-12T16:21:53Z
26.8467067,75.7937933,2022-03-12T16:21:54Z
26.8466350,75.7937867,2022-03-12T16:21:55Z
26.8465733,75.7937767,2022-03-12T16:21:56Z
26.8465100,75.7937667,2022-03-12T16:21:57Z
26.8464417,75.7937633,2022-03-12T16:21:58Z
26.8463683,75.7937567,2022-03-12T16:21:59Z
26.8462883,75.7937500,2022-03-12T16:22:00Z
26.8462067,75.7937417,2022-03-12T16:22:01Z
26.8461217,75.7937317,2022-03-12T16:22:02Z
26.8460367,75.7937200,2022-03-12T16:22:03Z
26.8459500,75.7937133,2022-03-12T16:22:04Z
26.8458667,75.7937000,2022-03-12T16:22:05Z
26.8457733,75.7936900,2022-03-12T16:22:06Z
26.8456783,75.7936850,2022-03-12T16:22:07Z
26.8455817,75.7936800,2022-03-12T16:22:08Z
26.8454917,75.7936667,2022-03-12T16:22:09Z
26.8453983,75.7936600,2022-03-12T16:22:10Z
26.8453000,75.7936600,2022-03-12T16:22:11Z
26.8452017,75.7936533,2022-03-12T16:22:12Z
26.8451033,75.7936450,2022-03-12T16:22:13Z
26.8450050,75.7936450,2022-03-12T16:22:14Z
26.8449050,75.7936417,2022-03-12T16:22:15Z
26.8448017,75.7936350,2022-03-12T16:22:16Z
26.8447000,75.7936317,2022-03-12T16:22:17Z
26.8446000,75.7936300,2022-03-12T16:22:18Z
26.8445050,75.7936267,2022-03-12T16:22:19Z
26.8444100,75.7936300,2022-03-12T16:22:20Z
26.8443150,75.7936300,2022-03-12T16:22:21Z
26.8442333,75.7936283,2022-03-12T16:22:22Z
26.8441500,75.7936217,2022-03-12T16:22:23Z
26.8440667,75.7936167,2022-03-12T16:22:24Z
26.8439950,75.7936183,2022-03-12T16:22:25Z
26.8439250,75.7936150,2022-03-12T16:22:26Z
26.8438417,75.7936183,2022-03-12T16:22:27Z
26.8437600,75.7936300,2022-03-12T16:22:28Z
26.8436683,75.7936317,2022-03-12T16:22:29Z
26.8435767,75.7936350,2022-03-12T16:22:30Z
26.8434833,75.7936383,2022-03-12T16:22:31Z
26.8433933,75.7936417,2022-03-12T16:22:32Z
26.8433050,75.7936483,2022-03-12T16:22:33Z
26.8432150,75.7936567,2022-03-12T16:22:34Z
26.8431267,75.7936667,2022-03-12T16:22:35Z
26.8430367,75.7936700,2022-03-12T16:22:36Z
26.8429483,75.7936717,2022-03-12T16:22:37Z
26.8428550,75.7936717,2022-03-12T16:22:38Z
26.8427600,75.7936767,2022-03-12T16:22:39Z
26.8426683,75.7936733,2022-03-12T16:22:40Z
26.8425833,75.7936783,2022-03-12T16:22:41Z
26.8424967,75.7936817,2022-03-12T16:22:42Z
26.8424150,75.7936783,2022-03-12T16:22:43Z
26.8423417,75.7936783,2022-03-12T16:22:44Z
26.8422783,75.7936767,2022-03-12T16:22:45Z
26.8422267,75.7936800,2022-03-12T16:22:46Z
26.8421683,75.7936767,2022-03-12T16:22:47Z
26.8420933,75.7936783,2022-03-12T16:22:48Z
26.8420150,75.7936867,2022-03-12T16:22:49Z
26.8419467,75.7936950,2022-03-12T16:22:50Z
26.8418833,75.7937100,2022-03-12T16:22:51Z
26.8418167,75.7937167,2022-03-12T16:22:52Z
26.8417400,75.7937167,2022-03-12T16:22:53Z
26.8416683,75.7937233,2022-03-12T16:22:54Z
26.8415967,75.7937300,2022-03-12T16:22:55Z
26.8415283,75.7937417,2022-03-12T16:22:56Z
26.8414617,75.7937400,2022-03-12T16:22:57Z
26.8413950,75.7937433,2022-03-12T16:22:58Z
26.8413417,75.7937583,2022-03-12T16:22:59Z
26.8413033,75.7937667,2022-03-12T16:23:00Z
26.8412783,75.7937700,2022-03-12T16:23:01Z
26.8412700,75.7937700,2022-03-12T16:23:02Z
26.8412633,75.7937700,2022-03-12T16:23:03Z
26.8412617,75.7937717,2022-03-12T16:23:04Z
26.8412617,75.7937717,2022-03-12T16:23:05Z
26.8412617,75.7937717,2022-03-12T16:23:06Z
26.8412617,75.7937717,2022-03-12T16:23:07Z
26.8412617,75.7937717,2022-03-12T16:23:08Z
26.8412617,75.7937717,2022-03-12T16:23:09Z
26.8412617,75.7937717,2022-03-12T16:23:10Z
26.8412617,75.7937717,2022-03-12T16:23:11Z
26.8412617,75.7937717,2022-03-12T16:23:12Z
26.8412617,75.7937717,2022-03-12T16:23:13Z
26.8412617,75.7937717,2022-03-12T16:23:14Z
26.8412617,75.7937717,2022-03-12T16:23:15Z
26.8412617,75.7937717,2022-03-12T16:23:16Z
26.8412617,75.7937717,2022-03-12T16:23:17Z
26.8412617,75.7937717,2022-03-12T16:23:18Z
26.8412617,75.7937717,2022-03-12T16:23:19Z
26.8412617,75.7937717,2022-03-12T16:23:20Z
26.8412617,75.7937717,2022-03-12T16:23:21Z
26.8412617,75.7937717,2022-03-12T16:23:22Z
26.8412517,75.7937667,2022-03-12T16:23:23Z
26.8412250,75.7937650,2022-03-12T16:23:24Z
26.8411917,75.7937600,2022-03-12T16:23:25Z
26.8411550,75.7937617,2022-03-12T16:23:26Z
26.8411150,75.7937650,2022-03-12T16:23:27Z
26.8410683,75.7937667,2022-03-12T16:23:28Z
26.8410200,75.7937633,2022-03-12T16:23:29Z
26.8409667,75.7937600,2022-03-12T16:23:30Z
26.8409067,75.7937617,2022-03-12T16:23:31Z
26.8408517,75.7937633,2022-03-12T16:23:32Z
26.8407967,75.7937650,2022-03-12T16:23:33Z
26.8407400,75.7937717,2022-03-12T16:23:34Z
26.8406800,75.7937733,2022-03-12T16:23:35Z
26.8406150,75.7937833,2022-03-12T16:23:36Z
26.8405550,75.7937917,2022-03-12T16:23:37Z
26.8404933,75.7938033,2022-03-12T16:23:38Z
26.8404350,75.7938083,2022-03-12T16:23:39Z
26.8403750,75.7938050,2022-03-12T16:23:40Z
26.8403167,75.7938017,2022-03-12T16:23:41Z
26.8402633,75.7938033,2022-03-12T16:23:42Z
26.8402133,75.7938000,2022-03-12T16:23:43Z
26.8401650,75.7937967,2022-03-12T16:23:44Z
26.8401167,75.7938033,2022-03-12T16:23:45Z
26.8400633,75.7938083,2022-03-12T16:23:46Z
26.8399950,75.7938167,2022-03-12T16:23:47Z
26.8399183,75.7938200,2022-03-12T16:23:48Z
26.8398433,75.7938167,2022-03-12T16:23:49Z
26.8397750,75.7938167,2022-03-12T16:23:50Z
26.8397183,75.7938150,2022-03-12T16:23:51Z
26.8396817,75.7938167,2022-03-12T16:23:52Z
26.8396567,75.7938150,2022-03-12T16:23:53Z
26.8396433,75.7938117,2022-03-12T16:23:54Z
26.8396317,75.7938117,2022-03-12T16:23:55Z
26.8396200,75.7938117,2022-03-12T16:23:56Z
26.8396117,75.7938167,2022-03-12T16:23:57Z
26.8396050,75.7938200,2022-03-12T16:23:58Z
26.8396033,75.7938183,2022-03-12T16:23:59Z
26.8396033,75.7938183,2022-03-12T16:24:00Z
26.8396033,75.7938183,2022-03-12T16:24:01Z
26.8396033,75.7938183,2022-03-12T16:24:02Z
26.8396033,75.7938183,2022-03-12T16:24:03Z
26.8396033,75.7938183,2022-03-12T16:24:04Z
26.8396033,75.7938183,2022-03-12T16:24:05Z
26.8396033,75.7938183,2022-03-12T16:24:06Z
26.8396033,75.7938183,2022-03-12T16:24:07Z
26.8396033,75.7938183,2022-03-12T16:24:08Z
26.8396033,75.7938183,2022-03-12T16:24:09Z
26.8396033,75.7938183,2022-03-12T16:24:10Z
26.8396033,75.7938183,2022-03-12T16:24:11Z
26.8396033,75.7938183,2022-03-12T16:24:12Z
26.8396033,75.7938183,2022-03-12T16:24:13Z
26.8396033,75.7938183,2022-03-12T16:24:14Z
26.8396033,75.7938183,2022-03-12T16:24:15Z
26.8396033,75.7938183,2022-03-12T16:24:16Z
26.8396033,75.7938183,2022-03-12T16:24:17Z
26.8396033,75.7938183,2022-03-12T16:24:18Z
26.8396033,75.7938183,2022-03-12T16:24:19Z
26.8396033,75.7938183,2022-03-12T16:24:20Z
26.8396033,75.7938183,2022-03-12T16:24:21Z
26.8396033,75.7938183,2022-03-12T16:24:22Z
26.8396033,75.7938183,2022-03-12T16:24:23Z
26.8396033,75.7938183,2022-03-12T16:24:24Z
26.8396033,75.7938183,2022-03-12T16:24:25Z
26.8396033,75.7938183,2022-03-12T16:24:26Z
26.8396033,75.7938183,2022-03-12T16:24:27Z
26.8396033,75.7938183,2022-03-12T16:24:28Z
26.8396033,75.7938183,2022-03-12T16:24:29Z
26.8396033,75.7938183,2022-03-12T16:24:30Z
26.8396033,75.7938183,2022-03-12T16:24:31Z
26.8396033,75.7938183,2022-03-12T16:24:32Z
26.8396033,75.7938183,2022-03-12T16:24:33Z
26.8396033,75.7938183,2022-03-12T16:24:34Z
26.8396033,75.7938183,2022-03-12T16:24:35Z
26.8396033,75.7938183,2022-03-12T16:24:36Z
26.8396033,75.7938183,2022-03-12T16:24:37Z
26.8396033,75.7938183,2022-03-12T16:24:38Z
26.8396033,75.7938183,2022-03-12T16:24:39Z
26.8396033,75.7938183,2022-03-12T16:24:40Z
26.8396033,75.7938183,2022-03-12T16:24:41Z
26.8396033,75.7938183,2022-03-12T16:24:42Z
26.8396033,75.7938183,2022-03-12T16:24:43Z
26.8396033,75.7938183,2022-03-12T16:24:44Z
26.8396033,75.7938183,2022-03-12T16:24:45Z
26.8396033,75.7938183,2022-03-12T16:24:46Z
26.8396033,75.7938183,2022-03-12T16:24:47Z
26.8396033,75.7938183,2022-03-12T16:24:48Z
26.8396033,75.7938183,2022-03-12T16:24:49Z
26.8396033,75.7938183,2022-03-12T16:24:50Z
26.8396033,75.7938183,2022-03-12T16:24:51Z
26.8396033,75.7938183,2022-03-12T16:24:52Z
26.8396033,75.7938183,2022-03-12T16:24:53Z
26.8396033,75.7938183,2022-03-12T16:24:54Z
26.8396033,75.7938183,2022-03-12T16:24:55Z
26.8396033,75.7938183,2022-03-12T16:24:56Z
26.8396033,75.7938183,2022-03-12T16:24:57Z
26.8396033,75.7938183,2022-03-12T16:24:58Z
26.8396033,75.7938183,2022-03-12T16:24:59Z
26.8396033,75.7938183,2022-03-12T16:25:00Z
26.8396033,75.7938183,2022-03-12T16:25:01Z
26.8396033,75.7938183,2022-03-12T16:25:02Z
26.8396033,75.7938183,2022-03-12T16:25:03Z
26.8396033,75.7938183,2022-03-12T16:25:04Z
26.8396033,75.7938183,2022-03-12T16:25:05Z
26.8396033,75.7938183,2022-03-12T16:25:06Z
26.8396033,75.7938183,2022-03-12T16:25:07Z
26.8396033,75.7938183,2022-03-12T16:25:08Z
26.8395767,75.7938233,2022-03-12T16:25:09Z
26.8395583,75.7938267,2022-03-12T16:25:10Z
26.8395450,75.7938283,2022-03-12T16:25:11Z
26.8395333,75.7938367,2022-03-12T16:25:12Z
26.8395233,75.7938433,2022-03-12T16:25:13Z
26.8395100,75.7938467,2022-03-12T16:25:14Z
26.8394967,75.7938533,2022-03-12T16:25:15Z
26.8394833,75.7938567,2022-03-12T16:25:16Z
26.8394633,75.7938583,2022-03-12T16:25:17Z
26.8394383,75.7938567,2022-03-12T16:25:18Z
26.8394083,75.7938583,2022-03-12T16:25:19Z
26.8393750,75.7938567,2022-03-12T16:25:20Z
26.8393450,75.7938517,2022-03-12T16:25:21Z
26.8393150,75.7938517,2022-03-12T16:25:22Z
26.8392850,75.7938483,2022-03-12T16:25:23Z
26.8392483,75.7938467,2022-03-12T16:25:24Z
26.8392117,75.7938450,2022-03-12T16:25:25Z
26.8391717,75.7938417,2022-03-12T16:25:26Z
26.8391367,75.7938400,2022-03-12T16:25:27Z
26.8390917,75.7938250,2022-03-12T16:25:28Z
26.8390450,75.7937967,2022-03-12T16:25:29Z
26.8389983,75.7937533,2022-03-12T16:25:30Z
26.8389650,75.7937000,2022-03-12T16:25:31Z
26.8389467,75.7936367,2022-03-12T16:25:32Z
26.8389433,75.7935717,2022-03-12T16:25:33Z
26.8389467,75.7934967,2022-03-12T16:25:34Z
26.8389500,75.7934217,2022-03-12T16:25:35Z
26.8389500,75.7933483,2022-03-12T16:25:36Z
26.8389583,75.7932767,2022-03-12T16:25:37Z
26.8389650,75.7932017,2022-03-12T16:25:38Z
26.8389700,75.7931150,2022-03-12T16:25:39Z
26.8389767,75.7930250,2022-03-12T16:25:40Z
26.8389817,75.7929250,2022-03-12T16:25:41Z
26.8389867,75.7928217,2022-03-12T16:25:42Z
26.8389917,75.7927133,2022-03-12T16:25:43Z
26.8389933,75.7925983,2022-03-12T16:25:44Z
26.8389967,75.7924867,2022-03-12T16:25:45Z
26.8389967,75.7923783,2022-03-12T16:25:46Z
26.8389983,75.7922700,2022-03-12T16:25:47Z
26.8389967,75.7921667,2022-03-12T16:25:48Z
26.8389983,75.7920583,2022-03-12T16:25:49Z
26.8389983,75.7919483,2022-03-12T16:25:50Z
26.8389983,75.7918417,2022-03-12T16:25:51Z
26.8390017,75.7917317,2022-03-12T16:25:52Z
26.8390067,75.7916200,2022-03-12T16:25:53Z
26.8390083,75.7915050,2022-03-12T16:25:54Z
26.8390100,75.7913850,2022-03-12T16:25:55Z
26.8390183,75.7912667,2022-03-12T16:25:56Z
26.8390217,75.7911550,2022-03-12T16:25:57Z
26.8390233,75.7910400,2022-03-12T16:25:58Z
26.8390150,75.7909217,2022-03-12T16:25:59Z
26.8390067,75.7907950,2022-03-12T16:26:00Z
26.8390017,75.7906550,2022-03-12T16:26:01Z
26.8389817,75.7905100,2022-03-12T16:26:02Z
26.8389733,75.7903617,2022-03-12T16:26:03Z
26.8389583,75.7902133,2022-03-12T16:26:04Z
26.8389383,75.7900717,2022-03-12T16:26:05Z
26.8389267,75.7899300,2022-03-12T16:26:06Z
26.8389100,75.7897883,2022-03-12T16:26:07Z
26.8388967,75.7896433,2022-03-12T16:26:08Z
26.8388850,75.7894900,2022-03-12T16:26:09Z
26.8388683,75.7893250,2022-03-12T16:26:10Z
26.8388467,75.7891583,2022-03-12T16:26:11Z
26.8388217,75.7889883,2022-03-12T16:26:12Z
26.8387900,75.7888200,2022-03-12T16:26:13Z
26.8387550,75.7886683,2022-03-12T16:26:14Z
26.8387217,75.7885117,2022-03-12T16:26:15Z
26.8386917,75.7883500,2022-03-12T16:26:16Z
26.8386567,75.7882017,2022-03-12T16:26:17Z
26.8386267,75.7880550,2022-03-12T16:26:18Z
26.8385950,75.7879167,2022-03-12T16:26:19Z
26.8385767,75.7877883,2022-03-12T16:26:20Z
26.8385583,75.7876583,2022-03-12T16:26:21Z
26.8385483,75.7875150,2022-03-12T16:26:22Z
26.8385400,75.7873667,2022-03-12T16:26:23Z
26.8385283,75.7872217,2022-03-12T16:26:24Z
26.8385200,75.7870733,2022-03-12T16:26:25Z
26.8385167,75.7869283,2022-03-12T16:26:26Z
26.8385183,75.7867883,2022-03-12T16:26:27Z
26.8385167,75.7866517,2022-03-12T16:26:28Z
26.8385200,75.7865067,2022-03-12T16:26:29Z
26.8385350,75.7863633,2022-03-12T16:26:30Z
26.8385550,75.7862117,2022-03-12T16:26:31Z
26.8385767,75.7860583,2022-03-12T16:26:32Z
26.8386017,75.7859100,2022-03-12T16:26:33Z
26.8386367,75.7857617,2022-03-12T16:26:34Z
26.8386683,75.7856200,2022-03-12T16:26:35Z
26.8387083,75.7854850,2022-03-12T16:26:36Z
26.8387350,75.7853633,2022-03-12T16:26:37Z
26.8387783,75.7852483,2022-03-12T16:26:38Z
26.8388233,75.7851333,2022-03-12T16:26:39Z
26.8388717,75.7850250,2022-03-12T16:26:40Z
26.8389167,75.7848883,2022-03-12T16:26:41Z
26.8389617,75.7847200,2022-03-12T16:26:42Z
26.8390050,75.7845600,2022-03-12T16:26:43Z
26.8390533,75.7844100,2022-03-12T16:26:44Z
26.8390883,75.7842683,2022-03-12T16:26:45Z
26.8391000,75.7841300,2022-03-12T16:26:46Z
26.8391033,75.7839950,2022-03-12T16:26:47Z
26.8390983,75.7838550,2022-03-12T16:26:48Z
26.8390850,75.7837200,2022-03-12T16:26:49Z
26.8390533,75.7835883,2022-03-12T16:26:50Z
26.8390267,75.7834467,2022-03-12T16:26:51Z
26.8389967,75.7832967,2022-03-12T16:26:52Z
26.8389683,75.7831367,2022-03-12T16:26:53Z
26.8389500,75.7829817,2022-03-12T16:26:54Z
26.8389267,75.7828333,2022-03-12T16:26:55Z
26.8389067,75.7826700,2022-03-12T16:26:56Z
26.8388833,75.7825200,2022-03-12T16:26:57Z
26.8388650,75.7823650,2022-03-12T16:26:58Z
26.8388550,75.7822117,2022-03-12T16:26:59Z
26.8388500,75.7820600,2022-03-12T16:27:00Z
26.8388467,75.7818967,2022-03-12T16:27:01Z
26.8388567,75.7817400,2022-03-12T16:27:02Z
26.8388783,75.7815833,2022-03-12T16:27:03Z
26.8389067,75.7814200,2022-03-12T16:27:04Z
26.8389333,75.7812533,2022-03-12T16:27:05Z
26.8389650,75.7810950,2022-03-12T16:27:06Z
26.8389917,75.7809383,2022-03-12T16:27:07Z
26.8390300,75.7807917,2022-03-12T16:27:08Z
26.8390683,75.7806433,2022-03-12T16:27:09Z
26.8391183,75.7804917,2022-03-12T16:27:10Z
26.8391567,75.7803400,2022-03-12T16:27:11Z
26.8391967,75.7801933,2022-03-12T16:27:12Z
26.8392433,75.7800550,2022-03-12T16:27:13Z
26.8392867,75.7799183,2022-03-12T16:27:14Z
26.8393333,75.7797833,2022-03-12T16:27:15Z
26.8393783,75.7796533,2022-03-12T16:27:16Z
26.8394183,75.7795217,2022-03-12T16:27:17Z
26.8394567,75.7793883,2022-03-12T16:27:18Z
26.8394917,75.7792550,2022-03-12T16:27:19Z
26.8395250,75.7791250,2022-03-12T16:27:20Z
26.8395583,75.7789967,2022-03-12T16:27:21Z
26.8395883,75.7788717,2022-03-12T16:27:22Z
26.8396200,75.7787500,2022-03-12T16:27:23Z
26.8396517,75.7786350,2022-03-12T16:27:24Z
26.8396783,75.7785283,2022-03-12T16:27:25Z
26.8397000,75.7784200,2022-03-12T16:27:26Z
26.8397150,75.7782983,2022-03-12T16:27:27Z
26.8397217,75.7781700,2022-03-12T16:27:28Z
26.8397233,75.7780567,2022-03-12T16:27:29Z
26.8397250,75.7779550,2022-03-12T16:27:30Z
26.8397250,75.7778633,2022-03-12T16:27:31Z
26.8397233,75.7777783,2022-03-12T16:27:32Z
26.8397300,75.7776950,2022-03-12T16:27:33Z
26.8397267,75.7776250,2022-03-12T16:27:34Z
26.8397300,75.7775633,2022-03-12T16:27:35Z
26.8397350,75.7775100,2022-03-12T16:27:36Z
26.8397283,75.7774683,2022-03-12T16:27:37Z
26.8397250,75.7774367,2022-03-12T16:27:38Z
26.8397250,75.7774200,2022-03-12T16:27:39Z
26.8397250,75.7774150,2022-03-12T16:27:40Z
26.8397267,75.7774150,2022-03-12T16:27:41Z
26.8397267,75.7774217,2022-03-12T16:27:42Z
26.8397267,75.7774217,2022-03-12T16:27:43Z
26.8397267,75.7774217,2022-03-12T16:27:44Z
26.8397267,75.7774217,2022-03-12T16:27:45Z
26.8397267,75.7774217,2022-03-12T16:27:46Z
26.8397267,75.7774217,2022-03-12T16:27:47Z
26.8397267,75.7774217,2022-03-12T16:27:48Z
26.8397267,75.7774217,2022-03-12T16:27:49Z
26.8397267,75.7774217,2022-03-12T16:27:50Z
26.8397267,75.7774217,2022-03-12T16:27:51Z
26.8397267,75.7774217,2022-03-12T16:27:52Z
26.8397267,75.7774217,2022-03-12T16:27:53Z
26.8397267,75.7774217,2022-03-12T16:27:54Z
26.8397267,75.7774217,2022-03-12T16:27:55Z
26.8397267,75.7774217,2022-03-12T16:27:56Z
26.8397267,75.7774217,2022-03-12T16:27:57Z
26.8397267,75.7774217,2022-03-12T16:27:58Z
26.8397267,75.7774217,2022-03-12T16:27:59Z
26.8397267,75.7774217,2022-03-12T16:28:00Z
26.8397267,75.7774217,2022-03-12T16:28:01Z
26.8397267,75.7774217,2022-03-12T16:28:02Z
26.8397267,75.7774217,2022-03-12T16:28:03Z
26.8397267,75.7774217,2022-03-12T16:28:04Z
26.8397267,75.7774217,2022-03-12T16:28:05Z
26.8397267,75.7774217,2022-03-12T16:28:06Z
26.8397267,75.7774217,2022-03-12T16:28:07Z
26.8397267,75.7774217,2022-03-12T16:28:08Z
26.8397267,75.7774217,2022-03-12T16:28:09Z
26.8397267,75.7774217,2022-03-12T16:28:10Z
26.8397267,75.7774217,2022-03-12T16:28:11Z
26.8397267,75.7774217,2022-03-12T16:28:12Z
26.8397267,75.7774217,2022-03-12T16:28:13Z
26.8397267,75.7774217,2022-03-12T16:28:14Z
26.8397267,75.7774217,2022-03-12T16:28:15Z
26.8397267,75.7774217,2022-03-12T16:28:16Z
26.8397267,75.7774217,2022-03-12T16:28:17Z
26.8397267,75.7774217,2022-03-12T16:28:18Z
26.8397267,75.7774217,2022-03-12T16:28:19Z
26.8397267,75.7774217,2022-03-12T16:28:20Z
26.8397267,75.7774217,2022-03-12T16:28:21Z
26.8397267,75.7774217,2022-03-12T16:28:22Z
26.8397267,75.7774217,2022-03-12T16:28:23Z
26.8397267,75.7774217,2022-03-12T16:28:24Z
26.8397267,75.7774217,2022-03-12T16:28:25Z
26.8397417,75.7773717,2022-03-12T16:28:26Z
26.8397450,75.7773500,2022-03-12T16:28:27Z
26.8397450,75.7773300,2022-03-12T16:28:28Z
26.8397433,75.7773133,2022-03-12T16:28:29Z
26.8397450,75.7772950,2022-03-12T16:28:30Z
26.8397467,75.7772783,2022-03-12T16:28:31Z
26.8397450,75.7772650,2022-03-12T16:28:32Z
26.8397450,75.7772500,2022-03-12T16:28:33Z
26.8397467,75.7772267,2022-03-12T16:28:34Z
26.8397517,75.7771883,2022-03-12T16:28:35Z
26.8397617,75.7771200,2022-03-12T16:28:36Z
26.8397767,75.7770367,2022-03-12T16:28:37Z
26.8397917,75.7769500,2022-03-12T16:28:38Z
26.8398133,75.7768533,2022-03-12T16:28:39Z
26.8398267,75.7767500,2022-03-12T16:28:40Z
26.8398450,75.7766350,2022-03-12T16:28:41Z
26.8398617,75.7765150,2022-03-12T16:28:42Z
26.8398900,75.7763933,2022-03-12T16:28:43Z
26.8399100,75.7762700,2022-03-12T16:28:44Z
26.8399183,75.7761400,2022-03-12T16:28:45Z
26.8399250,75.7760033,2022-03-12T16:28:46Z
26.8399383,75.7758717,2022-03-12T16:28:47Z
26.8399550,75.7757417,2022-03-12T16:28:48Z
26.8399750,75.7756117,2022-03-12T16:28:49Z
26.8399967,75.7754733,2022-03-12T16:28:50Z
26.8400117,75.7753350,2022-03-12T16:28:51Z
26.8400217,75.7752017,2022-03-12T16:28:52Z
26.8400350,75.7750717,2022-03-12T16:28:53Z
26.8400567,75.7749500,2022-03-12T16:28:54Z
26.8400717,75.7748400,2022-03-12T16:28:55Z
26.8400833,75.7747283,2022-03-12T16:28:56Z
26.8400950,75.7746150,2022-03-12T16:28:57Z
26.8401067,75.7745017,2022-03-12T16:28:58Z
26.8401183,75.7743933,2022-03-12T16:28:59Z
26.8401333,75.7742867,2022-03-12T16:29:00Z
26.8401500,75.7741783,2022-03-12T16:29:01Z
26.8401650,75.7740767,2022-03-12T16:29:02Z
26.8401783,75.7739700,2022-03-12T16:29:03Z
26.8401900,75.7738600,2022-03-12T16:29:04Z
26.8402050,75.7737517,2022-03-12T16:29:05Z
26.8402167,75.7736467,2022-03-12T16:29:06Z
26.8402283,75.7735350,2022-03-12T16:29:07Z
26.8402383,75.7734267,2022-03-12T16:29:08Z
26.8402500,75.7733150,2022-03-12T16:29:09Z
26.8402583,75.7732050,2022-03-12T16:29:10Z
26.8402683,75.7730967,2022-03-12T16:29:11Z
26.8402783,75.7729933,2022-03-12T16:29:12Z
26.8402967,75.7728883,2022-03-12T16:29:13Z
26.8403167,75.7727800,2022-03-12T16:29:14Z
26.8403317,75.7726767,2022-03-12T16:29:15Z
26.8403467,75.7725733,2022-03-12T16:29:16Z
26.8403567,75.7724733,2022-03-12T16:29:17Z
26.8403683,75.7723683,2022-03-12T16:29:18Z
26.8403783,75.7722567,2022-03-12T16:29:19Z
26.8403867,75.7721450,2022-03-12T16:29:20Z
26.8404000,75.7720300,2022-03-12T16:29:21Z
26.8404133,75.7719150,2022-03-12T16:29:22Z
26.8404200,75.7717983,2022-03-12T16:29:23Z
26.8404333,75.7716817,2022-03-12T16:29:24Z
26.8404433,75.7715783,2022-03-12T16:29:25Z
26.8404517,75.7714783,2022-03-12T16:29:26Z
26.8404617,75.7713800,2022-03-12T16:29:27Z
26.8404700,75.7712833,2022-03-12T16:29:28Z
26.8404800,75.7711900,2022-03-12T16:29:29Z
26.8404867,75.7710967,2022-03-12T16:29:30Z
26.8404867,75.7710017,2022-03-12T16:29:31Z
26.8404833,75.7709167,2022-03-12T16:29:32Z
26.8404800,75.7708317,2022-03-12T16:29:33Z
26.8404783,75.7707467,2022-03-12T16:29:34Z
26.8404733,75.7706583,2022-03-12T16:29:35Z
26.8404600,75.7705767,2022-03-12T16:29:36Z
26.8404417,75.7705017,2022-03-12T16:29:37Z
26.8404283,75.7704317,2022-03-12T16:29:38Z
26.8404117,75.7703567,2022-03-12T16:29:39Z
26.8403917,75.7702750,2022-03-12T16:29:40Z
26.8403633,75.7701950,2022-03-12T16:29:41Z
26.8403350,75.7701083,2022-03-12T16:29:42Z
26.8403017,75.7700150,2022-03-12T16:29:43Z
26.8402683,75.7699183,2022-03-12T16:29:44Z
26.8402350,75.7698133,2022-03-12T16:29:45Z
26.8401983,75.7697083,2022-03-12T16:29:46Z
26.8401583,75.7696000,2022-03-12T16:29:47Z
26.8401183,75.7694900,2022-03-12T16:29:48Z
26.8400783,75.7693783,2022-03-12T16:29:49Z
26.8400383,75.7692667,2022-03-12T16:29:50Z
26.8400000,75.7691533,2022-03-12T16:29:51Z
26.8399567,75.7690417,2022-03-12T16:29:52Z
26.8399150,75.7689300,2022-03-12T16:29:53Z
26.8398750,75.7688167,2022-03-12T16:29:54Z
26.8398367,75.7687150,2022-03-12T16:29:55Z
26.8398017,75.7686333,2022-03-12T16:29:56Z
26.8397700,75.7685500,2022-03-12T16:29:57Z
26.8397433,75.7684750,2022-03-12T16:29:58Z
26.8397150,75.7684083,2022-03-12T16:29:59Z
26.8396900,75.7683467,2022-03-12T16:30:00Z
26.8396617,75.7682900,2022-03-12T16:30:01Z
26.8396367,75.7682433,2022-03-12T16:30:02Z
26.8396167,75.7682033,2022-03-12T16:30:03Z
26.8396033,75.7681717,2022-03-12T16:30:04Z
26.8395917,75.7681483,2022-03-12T16:30:05Z
26.8395833,75.7681350,2022-03-12T16:30:06Z
26.8395800,75.7681300,2022-03-12T16:30:07Z
26.8395800,75.7681283,2022-03-12T16:30:08Z
26.8395783,75.7681250,2022-03-12T16:30:09Z
26.8395783,75.7681250,2022-03-12T16:30:10Z
26.8395783,75.7681250,2022-03-12T16:30:11Z
26.8395783,75.7681250,2022-03-12T16:30:12Z
26.8395783,75.7681250,2022-03-12T16:30:13Z
26.8395783,75.7681250,2022-03-12T16:30:14Z
26.8395783,75.7681250,2022-03-12T16:30:15Z
26.8395783,75.7681250,2022-03-12T16:30:16Z
26.8395783,75.7681250,2022-03-12T16:30:17Z
26.8395783,75.7681250,2022-03-12T16:30:18Z
26.8395783,75.7681250,2022-03-12T16:30:19Z
26.8395783,75.7681250,2022-03-12T16:30:20Z
26.8395783,75.7681250,2022-03-12T16:30:21Z
26.8395783,75.7681250,2022-03-12T16:30:22Z
26.8395783,75.7681250,2022-03-12T16:30:23Z
26.8395783,75.7681250,2022-03-12T16:30:24Z
26.8395783,75.7681250,2022-03-12T16:30:25Z
26.8395783,75.7681250,2022-03-12T16:30:26Z
26.8395783,75.7681250,2022-03-12T16:30:27Z
26.8395783,75.7681250,2022-03-12T16:30:28Z
26.8395783,75.7681250,2022-03-12T16:30:29Z
26.8395783,75.7681250,2022-03-12T16:30:30Z
26.8395783,75.7681250,2022-03-12T16:30:31Z
26.8395783,75.7681250,2022-03-12T16:30:32Z
26.8395783,75.7681250,2022-03-12T16:30:33Z
26.8395783,75.7681250,2022-03-12T16:30:34Z
26.8395783,75.7681250,2022-03-12T16:30:35Z
26.8395783,75.7681250,2022-03-12T16:30:36Z
26.8395783,75.7681250,2022-03-12T16:30:37Z
26.8395783,75.7681250,2022-03-12T16:30:38Z
26.8395783,75.7681250,2022-03-12T16:30:39Z
26.8395783,75.7681250,2022-03-12T16:30:40Z
26.8395783,75.7681250,2022-03-12T16:30:41Z
26.8395783,75.7681250,2022-03-12T16:30:42Z
26.8395783,75.7681250,2022-03-12T16:30:43Z
26.8395783,75.7681250,2022-03-12T16:30:44Z
26.8395783,75.7681250,2022-03-12T16:30:45Z
26.8395617,75.7680767,2022-03-12T16:30:46Z
26.8395583,75.7680350,2022-03-12T16:30:47Z
26.8395583,75.7679967,2022-03-12T16:30:48Z
26.8395600,75.7679683,2022-03-12T16:30:49Z
26.8395650,75.7679433,2022-03-12T16:30:50Z
26.8395683,75.7679200,2022-03-12T16:30:51Z
26.8395733,75.7678833,2022-03-12T16:30:52Z
26.8395800,75.7678317,2022-03-12T16:30:53Z
26.8395917,75.7677717,2022-03-12T16:30:54Z
26.8396083,75.7677200,2022-03-12T16:30:55Z
26.8396317,75.7676683,2022-03-12T16:30:56Z
26.8396683,75.7676117,2022-03-12T16:30:57Z
26.8397167,75.7675633,2022-03-12T16:30:58Z
26.8397817,75.7675250,2022-03-12T16:30:59Z
26.8398650,75.7674883,2022-03-12T16:31:00Z
26.8399483,75.7674500,2022-03-12T16:31:01Z
26.8400317,75.7674117,2022-03-12T16:31:02Z
26.8401217,75.7673733,2022-03-12T16:31:03Z
26.8402133,75.7673350,2022-03-12T16:31:04Z
26.8403067,75.7672967,2022-03-12T16:31:05Z
26.8404017,75.7672583,2022-03-12T16:31:06Z
26.8404950,75.7672167,2022-03-12T16:31:07Z
26.8405933,75.7671733,2022-03-12T16:31:08Z
26.8406933,75.7671317,2022-03-12T16:31:09Z
26.8407933,75.7670883,2022-03-12T16:31:10Z
26.8408950,75.7670450,2022-03-12T16:31:11Z
26.8409967,75.7670033,2022-03-12T16:31:12Z
26.8410950,75.7669567,2022-03-12T16:31:13Z
26.8411883,75.7669067,2022-03-12T16:31:14Z
26.8412917,75.7668600,2022-03-12T16:31:15Z
26.8413950,75.7668017,2022-03-12T16:31:16Z
26.8415017,75.7667517,2022-03-12T16:31:17Z
26.8416067,75.7667000,2022-03-12T16:31:18Z
26.8417083,75.7666550,2022-03-12T16:31:19Z
26.8418167,75.7666067,2022-03-12T16:31:20Z
26.8419250,75.7665517,2022-03-12T16:31:21Z
26.8420350,75.7664983,2022-03-12T16:31:22Z
26.8421417,75.7664483,2022-03-12T16:31:23Z
26.8422433,75.7664000,2022-03-12T16:31:24Z
26.8423467,75.7663517,2022-03-12T16:31:25Z
26.8424483,75.7663083,2022-03-12T16:31:26Z
26.8425500,75.7662633,2022-03-12T16:31:27Z
26.8426467,75.7662217,2022-03-12T16:31:28Z
26.8427433,75.7661767,2022-03-12T16:31:29Z
26.8428350,75.7661333,2022-03-12T16:31:30Z
26.8429300,75.7660833,2022-03-12T16:31:31Z
26.8430283,75.7660383,2022-03-12T16:31:32Z
26.8431217,75.7659933,2022-03-12T16:31:33Z
26.8432217,75.7659483,2022-03-12T16:31:34Z
26.8433217,75.7659017,2022-03-12T16:31:35Z
26.8434133,75.7658583,2022-03-12T16:31:36Z
26.8435100,75.7658183,2022-03-12T16:31:37Z
26.8436067,75.7657783,2022-03-12T16:31:38Z
26.8437000,75.7657283,2022-03-12T16:31:39Z
26.8438017,75.7656833,2022-03-12T16:31:40Z
26.8438983,75.7656350,2022-03-12T16:31:41Z
26.8439967,75.7655917,2022-03-12T16:31:42Z
26.8440933,75.7655483,2022-03-12T16:31:43Z
26.8441783,75.7655017,2022-03-12T16:31:44Z
26.8442633,75.7654583,2022-03-12T16:31:45Z
26.8443483,75.7654183,2022-03-12T16:31:46Z
26.8444350,75.7653817,2022-03-12T16:31:47Z
26.8445200,75.7653450,2022-03-12T16:31:48Z
26.8446050,75.7653033,2022-03-12T16:31:49Z
26.8446883,75.7652633,2022-03-12T16:31:50Z
26.8447683,75.7652250,2022-03-12T16:31:51Z
26.8448500,75.7651900,2022-03-12T16:31:52Z
26.8449317,75.7651600,2022-03-12T16:31:53Z
26.8450133,75.7651233,2022-03-12T16:31:54Z
26.8450967,75.7650867,2022-03-12T16:31:55Z
26.8451783,75.7650467,2022-03-12T16:31:56Z
26.8452583,75.7650083,2022-03-12T16:31:57Z
26.8453367,75.7649650,2022-03-12T16:31:58Z
26.8454133,75.7649250,2022-03-12T16:31:59Z
26.8454933,75.7648833,2022-03-12T16:32:00Z
26.8455733,75.7648317,2022-03-12T16:32:01Z
26.8456583,75.7647883,2022-03-12T16:32:02Z
26.8457350,75.7647433,2022-03-12T16:32:03Z
26.8458000,75.7647000,2022-03-12T16:32:04Z
26.8458567,75.7646650,2022-03-12T16:32:05Z
26.8458983,75.7646250,2022-03-12T16:32:06Z
26.8459267,75.7645733,2022-03-12T16:32:07Z
26.8459433,75.7645100,2022-03-12T16:32:08Z
26.8459467,75.7644367,2022-03-12T16:32:09Z
26.8459250,75.7643683,2022-03-12T16:32:10Z
26.8458817,75.7643100,2022-03-12T16:32:11Z
26.8458233,75.7642483,2022-03-12T16:32:12Z
26.8457533,75.7641850,2022-03-12T16:32:13Z
26.8456783,75.7641217,2022-03-12T16:32:14Z
26.8456033,75.7640517,2022-03-12T16:32:15Z
26.8455267,75.7639783,2022-03-12T16:32:16Z
26.8454450,75.7639150,2022-03-12T16:32:17Z
26.8453717,75.7638483,2022-03-12T16:32:18Z
26.8452967,75.7637833,2022-03-12T16:32:19Z
26.8452183,75.7637200,2022-03-12T16:32:20Z
26.8451417,75.7636600,2022-03-12T16:32:21Z
26.8450717,75.7636033,2022-03-12T16:32:22Z
26.8449933,75.7635533,2022-03-12T16:32:23Z
26.8449200,75.7635050,2022-03-12T16:32:24Z
26.8448483,75.7634600,2022-03-12T16:32:25Z
26.8447800,75.7634100,2022-03-12T16:32:26Z
26.8447067,75.7633600,2022-03-12T16:32:27Z
26.8446283,75.7633083,2022-03-12T16:32:28Z
26.8445483,75.7632583,2022-03-12T16:32:29Z
26.8444683,75.7632067,2022-03-12T16:32:30Z
26.8443867,75.7631567,2022-03-12T16:32:31Z
26.8443050,75.7631083,2022-03-12T16:32:32Z
26.8442283,75.7630650,2022-03-12T16:32:33Z
26.8441550,75.7630300,2022-03-12T16:32:34Z
26.8440833,75.7629950,2022-03-12T16:32:35Z
26.8440150,75.7629583,2022-03-12T16:32:36Z
26.8439467,75.7629233,2022-03-12T16:32:37Z
26.8438750,75.7628917,2022-03-12T16:32:38Z
26.8438017,75.7628600,2022-03-12T16:32:39Z
26.8437333,75.7628183,2022-03-12T16:32:40Z
26.8436683,75.7627800,2022-03-12T16:32:41Z
26.8436000,75.7627450,2022-03-12T16:32:42Z
26.8435300,75.7627117,2022-03-12T16:32:43Z
26.8434650,75.7626783,2022-03-12T16:32:44Z
26.8434050,75.7626433,2022-03-12T16:32:45Z
26.8433450,75.7626133,2022-03-12T16:32:46Z
26.8432900,75.7625833,2022-03-12T16:32:47Z
26.8432317,75.7625600,2022-03-12T16:32:48Z
26.8431683,75.7625350,2022-03-12T16:32:49Z
26.8430950,75.7625033,2022-03-12T16:32:50Z
26.8430267,75.7624733,2022-03-12T16:32:51Z
26.8429600,75.7624350,2022-03-12T16:32:52Z
26.8429017,75.7623983,2022-03-12T16:32:53Z
26.8428450,75.7623617,2022-03-12T16:32:54Z
26.8427883,75.7623283,2022-03-12T16:32:55Z
26.8427317,75.7622967,2022-03-12T16:32:56Z
26.8426767,75.7622667,2022-03-12T16:32:57Z
26.8426233,75.7622367,2022-03-12T16:32:58Z
26.8425750,75.7622017,2022-03-12T16:32:59Z
26.8425267,75.7621633,2022-03-12T16:33:00Z
26.8424717,75.7621267,2022-03-12T16:33:01Z
26.8424100,75.7620933,2022-03-12T16:33:02Z
26.8423433,75.7620550,2022-03-12T16:33:03Z
26.8422817,75.7620133,2022-03-12T16:33:04Z
26.8422200,75.7619717,2022-03-12T16:33:05Z
26.8421550,75.7619233,2022-03-12T16:33:06Z
26.8420883,75.7618750,2022-03-12T16:33:07Z
26.8420250,75.7618267,2022-03-12T16:33:08Z
26.8419600,75.7617767,2022-03-12T16:33:09Z
26.8419033,75.7617367,2022-03-12T16:33:10Z
26.8418467,75.7616983,2022-03-12T16:33:11Z
26.8417950,75.7616617,2022-03-12T16:33:12Z
26.8417450,75.7616267,2022-03-12T16:33:13Z
26.8416983,75.7615900,2022-03-12T16:33:14Z
26.8416533,75.7615600,2022-03-12T16:33:15Z
26.8416083,75.7615350,2022-03-12T16:33:16Z
26.8415617,75.7615083,2022-03-12T16:33:17Z
26.8415050,75.7614833,2022-03-12T16:33:18Z
26.8414483,75.7614450,2022-03-12T16:33:19Z
26.8413933,75.7614167,2022-03-12T16:33:20Z
26.8413283,75.7613800,2022-03-12T16:33:21Z
26.8412650,75.7613433,2022-03-12T16:33:22Z
26.8412067,75.7613117,2022-03-12T16:33:23Z
26.8411517,75.7612850,2022-03-12T16:33:24Z
26.8410983,75.7612617,2022-03-12T16:33:25Z
26.8410517,75.7612400,2022-03-12T16:33:26Z
26.8410050,75.7612083,2022-03-12T16:33:27Z
26.8409533,75.7611683,2022-03-12T16:33:28Z
26.8408900,75.7611217,2022-03-12T16:33:29Z
26.8408267,75.7610783,2022-03-12T16:33:30Z
26.8407533,75.7610250,2022-03-12T16:33:31Z
26.8406650,75.7609683,2022-03-12T16:33:32Z
26.8405767,75.7609167,2022-03-12T16:33:33Z
26.8404817,75.7608583,2022-03-12T16:33:34Z
26.8403933,75.7608033,2022-03-12T16:33:35Z
26.8403000,75.7607450,2022-03-12T16:33:36Z
26.8402150,75.7606833,2022-03-12T16:33:37Z
26.8401383,75.7606317,2022-03-12T16:33:38Z
26.8400433,75.7605817,2022-03-12T16:33:39Z
26.8399517,75.7605267,2022-03-12T16:33:40Z
26.8398567,75.7604700,2022-03-12T16:33:41Z
26.8397617,75.7604100,2022-03-12T16:33:42Z
26.8396650,75.7603483,2022-03-12T16:33:43Z
26.8395733,75.7602900,2022-03-12T16:33:44Z
26.8394800,75.7602467,2022-03-12T16:33:45Z
26.8393933,75.7602033,2022-03-12T16:33:46Z
26.8392983,75.7601600,2022-03-12T16:33:47Z
26.8392050,75.7601133,2022-03-12T16:33:48Z
26.8391167,75.7600650,2022-03-12T16:33:49Z
26.8390217,75.7600050,2022-03-12T16:33:50Z
26.8389250,75.7599517,2022-03-12T16:33:51Z
26.8388300,75.7599000,2022-03-12T16:33:52Z
26.8387367,75.7598500,2022-03-12T16:33:53Z
26.8386550,75.7598033,2022-03-12T16:33:54Z
26.8385783,75.7597483,2022-03-12T16:33:55Z
26.8384883,75.7596983,2022-03-12T16:33:56Z
26.8384117,75.7596450,2022-03-12T16:33:57Z
26.8383350,75.7595950,2022-03-12T16:33:58Z
26.8382567,75.7595433,2022-03-12T16:33:59Z
26.8381750,75.7594950,2022-03-12T16:34:00Z
26.8380850,75.7594500,2022-03-12T16:34:01Z
26.8379950,75.7594033,2022-03-12T16:34:02Z
26.8379133,75.7593583,2022-03-12T16:34:03Z
26.8378367,75.7593133,2022-03-12T16:34:04Z
26.8377550,75.7592733,2022-03-12T16:34:05Z
26.8376800,75.7592217,2022-03-12T16:34:06Z
26.8376017,75.7591667,2022-03-12T16:34:07Z
26.8375100,75.7591150,2022-03-12T16:34:08Z
26.8374217,75.7590683,2022-03-12T16:34:09Z
26.8373300,75.7590183,2022-03-12T16:34:10Z
26.8372300,75.7589667,2022-03-12T16:34:11Z
26.8371317,75.7589183,2022-03-12T16:34:12Z
26.8370383,75.7588717,2022-03-12T16:34:13Z
26.8369550,75.7588283,2022-03-12T16:34:14Z
26.8368767,75.7587917,2022-03-12T16:34:15Z
26.8368067,75.7587583,2022-03-12T16:34:16Z
26.8367400,75.7587367,2022-03-12T16:34:17Z
26.8366767,75.7587067,2022-03-12T16:34:18Z
26.8366100,75.7586733,2022-03-12T16:34:19Z
26.8365400,75.7586350,2022-03-12T16:34:20Z
26.8364683,75.7585900,2022-03-12T16:34:21Z
26.8363933,75.7585417,2022-03-12T16:34:22Z
26.8363150,75.7584850,2022-03-12T16:34:23Z
26.8362317,75.7584267,2022-03-12T16:34:24Z
26.8361400,75.7583717,2022-03-12T16:34:25Z
26.8360400,75.7583117,2022-03-12T16:34:26Z
26.8359367,75.7582533,2022-03-12T16:34:27Z
26.8358267,75.7581950,2022-03-12T16:34:28Z
26.8357183,75.7581317,2022-03-12T16:34:29Z
26.8356150,75.7580650,2022-03-12T16:34:30Z
26.8355050,75.7579917,2022-03-12T16:34:31Z
26.8353867,75.7579150,2022-03-12T16:34:32Z
26.8352883,75.7578500,2022-03-12T16:34:33Z
26.8351900,75.7577867,2022-03-12T16:34:34Z
26.8350867,75.7577317,2022-03-12T16:34:35Z
26.8349700,75.7576817,2022-03-12T16:34:36Z
26.8348633,75.7576183,2022-03-12T16:34:37Z
26.8347583,75.7575583,2022-03-12T16:34:38Z
26.8346567,75.7575017,2022-03-12T16:34:39Z
26.8345700,75.7574450,2022-03-12T16:34:40Z
26.8344667,75.7573867,2022-03-12T16:34:41Z
26.8343683,75.7573367,2022-03-12T16:34:42Z
26.8342667,75.7572867,2022-03-12T16:34:43Z
26.8341717,75.7572383,2022-03-12T16:34:44Z
26.8340850,75.7571883,2022-03-12T16:34:45Z
26.8340000,75.7571417,2022-03-12T16:34:46Z
26.8339150,75.7570967,2022-03-12T16:34:47Z
26.8338167,75.7570633,2022-03-12T16:34:48Z
26.8337167,75.7570283,2022-03-12T16:34:49Z
26.8336183,75.7569933,2022-03-12T16:34:50Z
26.8335333,75.7569633,2022-03-12T16:34:51Z
26.8334667,75.7569333,2022-03-12T16:34:52Z
26.8334083,75.7569033,2022-03-12T16:34:53Z
26.8333400,75.7568767,2022-03-12T16:34:54Z
26.8332667,75.7568417,2022-03-12T16:34:55Z
26.8331933,75.7568067,2022-03-12T16:34:56Z
26.8331183,75.7567733,2022-03-12T16:34:57Z
26.8330417,75.7567317,2022-03-12T16:34:58Z
26.8329517,75.7566800,2022-03-12T16:34:59Z
26.8328483,75.7566217,2022-03-12T16:35:00Z
26.8327517,75.7565617,2022-03-12T16:35:01Z
26.8326550,75.7565033,2022-03-12T16:35:02Z
26.8325567,75.7564450,2022-03-12T16:35:03Z
26.8324467,75.7563800,2022-03-12T16:35:04Z
26.8323400,75.7563150,2022-03-12T16:35:05Z
26.8322367,75.7562483,2022-03-12T16:35:06Z
26.8321317,75.7561800,2022-03-12T16:35:07Z
26.8320400,75.7561117,2022-03-12T16:35:08Z
26.8319483,75.7560417,2022-03-12T16:35:09Z
26.8318517,75.7559783,2022-03-12T16:35:10Z
26.8317617,75.7559067,2022-03-12T16:35:11Z
26.8316867,75.7558350,2022-03-12T16:35:12Z
26.8316117,75.7557700,2022-03-12T16:35:13Z
26.8315517,75.7557017,2022-03-12T16:35:14Z
26.8315117,75.7556467,2022-03-12T16:35:15Z
26.8314650,75.7555983,2022-03-12T16:35:16Z
26.8314167,75.7555550,2022-03-12T16:35:17Z
26.8313750,75.7555117,2022-03-12T16:35:18Z
26.8313150,75.7554667,2022-03-12T16:35:19Z
26.8312583,75.7554183,2022-03-12T16:35:20Z
26.8312033,75.7553700,2022-03-12T16:35:21Z
26.8311450,75.7553183,2022-03-12T16:35:22Z
26.8310900,75.7552867,2022-03-12T16:35:23Z
26.8310500,75.7552633,2022-03-12T16:35:24Z
26.8310333,75.7552383,2022-03-12T16:35:25Z
26.8310200,75.7552233,2022-03-12T16:35:26Z
26.8310000,75.7552083,2022-03-12T16:35:27Z
26.8309750,75.7551933,2022-03-12T16:35:28Z
26.8309383,75.7551683,2022-03-12T16:35:29Z
26.8309033,75.7551367,2022-03-12T16:35:30Z
26.8308583,75.7551000,2022-03-12T16:35:31Z
26.8308000,75.7550450,2022-03-12T16:35:32Z
26.8307317,75.7549833,2022-03-12T16:35:33Z
26.8306567,75.7549117,2022-03-12T16:35:34Z
26.8305767,75.7548450,2022-03-12T16:35:35Z
26.8304900,75.7547750,2022-03-12T16:35:36Z
26.8303933,75.7547000,2022-03-12T16:35:37Z
26.8302917,75.7546217,2022-03-12T16:35:38Z
26.8302033,75.7545483,2022-03-12T16:35:39Z
26.8301233,75.7544883,2022-03-12T16:35:40Z
26.8300483,75.7544300,2022-03-12T16:35:41Z
26.8299817,75.7543767,2022-03-12T16:35:42Z
26.8299200,75.7543333,2022-03-12T16:35:43Z
26.8298583,75.7542917,2022-03-12T16:35:44Z
26.8298017,75.7542500,2022-03-12T16:35:45Z
26.8297383,75.7542083,2022-03-12T16:35:46Z
26.8296683,75.7541600,2022-03-12T16:35:47Z
26.8295967,75.7541100,2022-03-12T16:35:48Z
26.8295117,75.7540600,2022-03-12T16:35:49Z
26.8294417,75.7540200,2022-03-12T16:35:50Z
26.8293633,75.7539733,2022-03-12T16:35:51Z
26.8292867,75.7539267,2022-03-12T16:35:52Z
26.8292067,75.7538833,2022-03-12T16:35:53Z
26.8291283,75.7538367,2022-03-12T16:35:54Z
26.8290533,75.7537883,2022-03-12T16:35:55Z
26.8289833,75.7537417,2022-03-12T16:35:56Z
26.8289200,75.7536950,2022-03-12T16:35:57Z
26.8288500,75.7536483,2022-03-12T16:35:58Z
26.8287750,75.7536050,2022-03-12T16:35:59Z
26.8287067,75.7535583,2022-03-12T16:36:00Z
26.8286367,75.7535083,2022-03-12T16:36:01Z
26.8285700,75.7534600,2022-03-12T16:36:02Z
26.8284983,75.7534100,2022-03-12T16:36:03Z
26.8284233,75.7533683,2022-03-12T16:36:04Z
26.8283500,75.7533317,2022-03-12T16:36:05Z
26.8282767,75.7532900,2022-03-12T16:36:06Z
26.8282033,75.7532517,2022-03-12T16:36:07Z
26.8281267,75.7532167,2022-03-12T16:36:08Z
26.8280567,75.7531733,2022-03-12T16:36:09Z
26.8279817,75.7531433,2022-03-12T16:36:10Z
26.8279167,75.7531117,2022-03-12T16:36:11Z
26.8278517,75.7530900,2022-03-12T16:36:12Z
26.8277850,75.7530600,2022-03-12T16:36:13Z
26.8277183,75.7530250,2022-03-12T16:36:14Z
26.8276350,75.7529867,2022-03-12T16:36:15Z
26.8275550,75.7529500,2022-03-12T16:36:16Z
26.8274767,75.7529150,2022-03-12T16:36:17Z
26.8273983,75.7528833,2022-03-12T16:36:18Z
26.8273333,75.7528550,2022-03-12T16:36:19Z
26.8272683,75.7528217,2022-03-12T16:36:20Z
26.8272000,75.7527833,2022-03-12T16:36:21Z
26.8271050,75.7527400,2022-03-12T16:36:22Z
26.8270083,75.7526900,2022-03-12T16:36:23Z
26.8269017,75.7526483,2022-03-12T16:36:24Z
26.8267917,75.7526100,2022-03-12T16:36:25Z
26.8266683,75.7525750,2022-03-12T16:36:26Z
26.8265400,75.7525517,2022-03-12T16:36:27Z
26.8263983,75.7525267,2022-03-12T16:36:28Z
26.8262717,75.7524917,2022-03-12T16:36:29Z
26.8261417,75.7524383,2022-03-12T16:36:30Z
26.8260217,75.7523767,2022-03-12T16:36:31Z
26.8259033,75.7523200,2022-03-12T16:36:32Z
26.8257933,75.7522700,2022-03-12T16:36:33Z
26.8256983,75.7522317,2022-03-12T16:36:34Z
26.8256267,75.7522033,2022-03-12T16:36:35Z
26.8255700,75.7521733,2022-03-12T16:36:36Z
26.8255300,75.7521467,2022-03-12T16:36:37Z
26.8254917,75.7521267,2022-03-12T16:36:38Z
26.8254533,75.7521050,2022-03-12T16:36:39Z
26.8254217,75.7520900,2022-03-12T16:36:40Z
26.8253833,75.7520700,2022-03-12T16:36:41Z
26.8253467,75.7520467,2022-03-12T16:36:42Z
26.8253067,75.7520200,2022-03-12T16:36:43Z
26.8252617,75.7519950,2022-03-12T16:36:44Z
26.8252217,75.7519783,2022-03-12T16:36:45Z
26.8251900,75.7519617,2022-03-12T16:36:46Z
26.8251600,75.7519450,2022-03-12T16:36:47Z
26.8251100,75.7519183,2022-03-12T16:36:48Z
26.8250583,75.7518950,2022-03-12T16:36:49Z
26.8250033,75.7518700,2022-03-12T16:36:50Z
26.8249433,75.7518433,2022-03-12T16:36:51Z
26.8248767,75.7518150,2022-03-12T16:36:52Z
26.8248167,75.7517883,2022-03-12T16:36:53Z
26.8247583,75.7517667,2022-03-12T16:36:54Z
26.8247000,75.7517483,2022-03-12T16:36:55Z
26.8246667,75.7517217,2022-03-12T16:36:56Z
26.8246400,75.7517100,2022-03-12T16:36:57Z
26.8246217,75.7517000,2022-03-12T16:36:58Z
26.8246067,75.7516900,2022-03-12T16:36:59Z
26.8245883,75.7516817,2022-03-12T16:37:00Z
26.8245683,75.7516717,2022-03-12T16:37:01Z
26.8245500,75.7516633,2022-03-12T16:37:02Z
26.8245250,75.7516533,2022-03-12T16:37:03Z
26.8244967,75.7516333,2022-03-12T16:37:04Z
26.8244633,75.7516117,2022-03-12T16:37:05Z
26.8244133,75.7515900,2022-03-12T16:37:06Z
26.8243517,75.7515667,2022-03-12T16:37:07Z
26.8242817,75.7515400,2022-03-12T16:37:08Z
26.8242067,75.7515083,2022-03-12T16:37:09Z
26.8241367,75.7514850,2022-03-12T16:37:10Z
26.8240633,75.7514600,2022-03-12T16:37:11Z
26.8239917,75.7514350,2022-03-12T16:37:12Z
26.8239133,75.7514083,2022-03-12T16:37:13Z
26.8238350,75.7513733,2022-03-12T16:37:14Z
26.8237667,75.7513433,2022-03-12T16:37:15Z
26.8237033,75.7513200,2022-03-12T16:37:16Z
26.8236433,75.7513017,2022-03-12T16:37:17Z
26.8235917,75.7512817,2022-03-12T16:37:18Z
26.8235467,75.7512683,2022-03-12T16:37:19Z
26.8235017,75.7512500,2022-03-12T16:37:20Z
26.8234600,75.7512250,2022-03-12T16:37:21Z
26.8234200,75.7512100,2022-03-12T16:37:22Z
26.8233867,75.7511900,2022-03-12T16:37:23Z
26.8233517,75.7511783,2022-03-12T16:37:24Z
26.8233183,75.7511633,2022-03-12T16:37:25Z
26.8232850,75.7511583,2022-03-12T16:37:26Z
26.8232467,75.7511483,2022-03-12T16:37:27Z
26.8232100,75.7511350,2022-03-12T16:37:28Z
26.8231717,75.7511200,2022-03-12T16:37:29Z
26.8231300,75.7511033,2022-03-12T16:37:30Z
26.8230900,75.7510800,2022-03-12T16:37:31Z
26.8230500,75.7510583,2022-03-12T16:37:32Z
26.8230133,75.7510500,2022-03-12T16:37:33Z
26.8229833,75.7510417,2022-03-12T16:37:34Z
26.8229517,75.7510367,2022-03-12T16:37:35Z
26.8229233,75.7510283,2022-03-12T16:37:36Z
26.8228950,75.7509967,2022-03-12T16:37:37Z
26.8228717,75.7509850,2022-03-12T16:37:38Z
26.8228533,75.7509783,2022-03-12T16:37:39Z
26.8228383,75.7509717,2022-03-12T16:37:40Z
26.8228267,75.7509617,2022-03-12T16:37:41Z
26.8228150,75.7509533,2022-03-12T16:37:42Z
26.8228050,75.7509433,2022-03-12T16:37:43Z
26.8227917,75.7509383,2022-03-12T16:37:44Z
26.8227817,75.7509333,2022-03-12T16:37:45Z
26.8227750,75.7509333,2022-03-12T16:37:46Z
26.8227700,75.7509317,2022-03-12T16:37:47Z
26.8227633,75.7509367,2022-03-12T16:37:48Z
26.8227533,75.7509417,2022-03-12T16:37:49Z
26.8227483,75.7509483,2022-03-12T16:37:50Z
26.8227483,75.7509483,2022-03-12T16:37:51Z
26.8227483,75.7509483,2022-03-12T16:37:52Z
26.8227483,75.7509483,2022-03-12T16:37:53Z
26.8227483,75.7509483,2022-03-12T16:37:54Z
26.8227483,75.7509483,2022-03-12T16:37:55Z
26.8227483,75.7509483,2022-03-12T16:37:56Z
26.8227483,75.7509483,2022-03-12T16:37:57Z
26.8227483,75.7509483,2022-03-12T16:37:58Z
26.8227483,75.7509483,2022-03-12T16:37:59Z
26.8227483,75.7509483,2022-03-12T16:38:00Z
26.8227483,75.7509483,2022-03-12T16:38:01Z
26.8227483,75.7509483,2022-03-12T16:38:02Z
26.8227483,75.7509483,2022-03-12T16:38:03Z
26.8227483,75.7509483,2022-03-12T16:38:04Z
26.8227483,75.7509483,2022-03-12T16:38:05Z
26.8227483,75.7509483,2022-03-12T16:38:06Z
26.8227483,75.7509483,2022-03-12T16:38:07Z
26.8227483,75.7509483,2022-03-12T16:38:08Z
26.8227483,75.7509483,2022-03-12T16:38:09Z
26.8227483,75.7509483,2022-03-12T16:38:10Z
26.8227483,75.7509483,2022-03-12T16:38:11Z
26.8227483,75.7509483,2022-03-12T16:38:12Z
26.8227483,75.7509483,2022-03-12T16:38:13Z
26.8227483,75.7509483,2022-03-12T16:38:14Z
26.8227483,75.7509483,2022-03-12T16:38:15Z
26.8227483,75.7509483,2022-03-12T16:38:16Z
26.8228183,75.7509950,2022-03-12T16:38:17Z
26.8228250,75.7510017,2022-03-12T16:38:18Z
26.8228267,75.7510033,2022-03-12T16:38:19Z
26.8228267,75.7510050,2022-03-12T16:38:20Z
26.8228267,75.7510050,2022-03-12T16:38:21Z
26.8228267,75.7510050,2022-03-12T16:38:22Z
26.8228267,75.7510050,2022-03-12T16:38:23Z
26.8228267,75.7510050,2022-03-12T16:38:24Z
26.8228267,75.7510050,2022-03-12T16:38:25Z
26.8228267,75.7510050,2022-03-12T16:38:26Z
26.8228267,75.7510050,2022-03-12T16:38:27Z
26.8228267,75.7510050,2022-03-12T16:38:28Z
26.8228267,75.7510050,2022-03-12T16:38:29Z
26.8228267,75.7510050,2022-03-12T16:38:30Z
26.8228267,75.7510050,2022-03-12T16:38:31Z
26.8228267,75.7510050,2022-03-12T16:38:32Z
26.8228267,75.7510050,2022-03-12T16:38:33Z
26.8228267,75.7510050,2022-03-12T16:38:34Z
26.8228267,75.7510050,2022-03-12T16:38:35Z
26.8228267,75.7510050,2022-03-12T16:38:36Z
26.8228267,75.7510050,2022-03-12T16:38:37Z
26.8229033,75.7510217,2022-03-12T16:38:38Z
26.8229033,75.7510317,2022-03-12T16:38:39Z
26.8229033,75.7510400,2022-03-12T16:38:40Z
26.8229050,75.7510467,2022-03-12T16:38:41Z
26.8229067,75.7510533,2022-03-12T16:38:42Z
26.8229100,75.7510583,2022-03-12T16:38:43Z
26.8229150,75.7510633,2022-03-12T16:38:44Z
26.8229200,75.7510750,2022-03-12T16:38:45Z
26.8229267,75.7510867,2022-03-12T16:38:46Z
26.8229283,75.7510933,2022-03-12T16:38:47Z
26.8229400,75.7511117,2022-03-12T16:38:48Z
26.8229417,75.7511183,2022-03-12T16:38:49Z
26.8229350,75.7511317,2022-03-12T16:38:50Z
26.8229250,75.7511400,2022-03-12T16:38:51Z
26.8229150,75.7511467,2022-03-12T16:38:52Z
26.8229067,75.7511533,2022-03-12T16:38:53Z
26.8228967,75.7511533,2022-03-12T16:38:54Z
26.8228867,75.7511500,2022-03-12T16:38:55Z
26.8228767,75.7511483,2022-03-12T16:38:56Z
26.8228683,75.7511483,2022-03-12T16:38:57Z
26.8228633,75.7511483,2022-03-12T16:38:58Z
26.8228600,75.7511467,2022-03-12T16:38:59Z
26.8228517,75.7511467,2022-03-12T16:39:00Z
26.8228467,75.7511417,2022-03-12T16:39:01Z
26.8228417,75.7511450,2022-03-12T16:39:02Z
26.8228350,75.7511500,2022-03-12T16:39:03Z
26.8228317,75.7511500,2022-03-12T16:39:04Z
26.8228367,75.7511500,2022-03-12T16:39:05Z
26.8228383,75.7511500,2022-03-12T16:39:06Z
26.8228367,75.7511500,2022-03-12T16:39:07Z
26.8228350,75.7511483,2022-03-12T16:39:08Z
26.8228383,75.7511467,2022-03-12T16:39:09Z
26.8228367,75.7511383,2022-03-12T16:39:10Z
26.8228367,75.7511350,2022-03-12T16:39:11Z
26.8228333,75.7511250,2022-03-12T16:39:12Z
26.8228250,75.7511217,2022-03-12T16:39:13Z
26.8228250,75.7511217,2022-03-12T16:39:14Z
26.8228250,75.7511217,2022-03-12T16:39:15Z
26.8228250,75.7511217,2022-03-12T16:39:16Z
26.8228433,75.7511000,2022-03-12T16:39:17Z
26.8228383,75.7510917,2022-03-12T16:39:18Z
26.8228317,75.7510750,2022-03-12T16:39:19Z
26.8228250,75.7510600,2022-03-12T16:39:20Z
26.8228167,75.7510450,2022-03-12T16:39:21Z
26.8228083,75.7510267,2022-03-12T16:39:22Z
26.8227967,75.7510050,2022-03-12T16:39:23Z
26.8227917,75.7509900,2022-03-12T16:39:24Z
26.8227850,75.7509783,2022-03-12T16:39:25Z
26.8227817,75.7509700,2022-03-12T16:39:26Z
26.8227800,75.7509700,2022-03-12T16:39:27Z
26.8227817,75.7509717,2022-03-12T16:39:28Z
26.8227800,75.7509717,2022-03-12T16:39:29Z
26.8227783,75.7509700,2022-03-12T16:39:30Z
26.8227750,75.7509667,2022-03-12T16:39:31Z
26.8227717,75.7509667,2022-03-12T16:39:32Z
26.8227650,75.7509650,2022-03-12T16:39:33Z
26.8227650,75.7509650,2022-03-12T16:39:34Z
26.8227650,75.7509650,2022-03-12T16:39:35Z
26.8227650,75.7509650,2022-03-12T16:39:36Z
26.8227650,75.7509650,2022-03-12T16:39:37Z
26.8227650,75.7509650,2022-03-12T16:39:38Z
26.8227650,75.7509650,2022-03-12T16:39:39Z
26.8227650,75.7509650,2022-03-12T16:39:40Z
26.8227650,75.7509650,2022-03-12T16:39:41Z
26.8227650,75.7509650,2022-03-12T16:39:42Z
26.8227650,75.7509650,2022-03-12T16:39:43Z
26.8227650,75.7509650,2022-03-12T16:39:44Z
26.8227650,75.7509650,2022-03-12T16:39:45Z
26.8227650,75.7509650,2022-03-12T16:39:46Z
26.8227650,75.7509650,2022-03-12T16:39:47Z
26.8227650,75.7509650,2022-03-12T16:39:48Z
26.8227650,75.7509650,2022-03-12T16:39:49Z
26.8227650,75.7509650,2022-03-12T16:39:50Z
26.8227650,75.7509650,2022-03-12T16:39:51Z
26.8227650,75.7509650,2022-03-12T16:39:52Z
26.8227650,75.7509650,2022-03-12T16:39:53Z
26.8227650,75.7509650,2022-03-12T16:39:54Z
26.8227650,75.7509650,2022-03-12T16:39:55Z
26.8227650,75.7509650,2022-03-12T16:39:56Z
26.8227650,75.7509650,2022-03-12T16:39:57Z
26.8227650,75.7509650,2022-03-12T16:39:58Z
26.8227650,75.7509650,2022-03-12T16:39:59Z
26.8227650,75.7509650,2022-03-12T16:40:00Z
26.8227650,75.7509650,2022-03-12T16:40:01Z
26.8227650,75.7509650,2022-03-12T16:40:02Z
26.8227650,75.7509650,2022-03-12T16:40:03Z
26.8227650,75.7509650,2022-03-12T16:40:04Z
26.8227650,75.7509650,2022-03-12T16:40:05Z
26.8227650,75.7509650,2022-03-12T16:40:06Z
26.8227650,75.7509650,2022-03-12T16:40:07Z
26.8227650,75.7509650,2022-03-12T16:40:08Z
26.8227650,75.7509650,2022-03-12T16:40:09Z
26.8227650,75.7509650,2022-03-12T16:40:10Z
26.8227650,75.7509650,2022-03-12T16:40:11Z
26.8227650,75.7509650,2022-03-12T16:40:12Z
26.8227650,75.7509650,2022-03-12T16:40:13Z
26.8227650,75.7509650,2022-03-12T16:40:14Z
26.8227650,75.7509650,2022-03-12T16:40:15Z
26.8227650,75.7509650,2022-03-12T16:40:16Z
26.8227650,75.7509650,2022-03-12T16:40:17Z
26.8227650,75.7509650,2022-03-12T16:40:18Z
26.8227700,75.7509583,2022-03-12T16:40:19Z
26.8227683,75.7509600,2022-03-12T16:40:20Z
26.8227667,75.7509617,2022-03-12T16:40:21Z
26.8227683,75.7509617,2022-03-12T16:40:22Z
26.8227683,75.7509617,2022-03-12T16:40:23Z
26.8227683,75.7509617,2022-03-12T16:40:24Z
26.8227683,75.7509617,2022-03-12T16:40:25Z
26.8227683,75.7509617,2022-03-12T16:40:26Z
26.8227683,75.7509617,2022-03-12T16:40:27Z
26.8227683,75.7509617,2022-03-12T16:40:28Z
26.8227683,75.7509617,2022-03-12T16:40:29Z
26.8227683,75.7509617,2022-03-12T16:40:30Z
26.8227683,75.7509617,2022-03-12T16:40:31Z
26.8227683,75.7509617,2022-03-12T16:40:32Z
26.8227683,75.7509617,2022-03-12T16:40:33Z
26.8227683,75.7509617,2022-03-12T16:40:34Z
26.8227733,75.7509883,2022-03-12T16:40:35Z
26.8227733,75.7509950,2022-03-12T16:40:36Z
26.8227767,75.7509983,2022-03-12T16:40:37Z
26.8227783,75.7510083,2022-03-12T16:40:38Z
26.8227817,75.7510117,2022-03-12T16:40:39Z
26.8227867,75.7510167,2022-03-12T16:40:40Z
26.8227900,75.7510167,2022-03-12T16:40:41Z
26.8227917,75.7510200,2022-03-12T16:40:42Z
26.8227950,75.7510217,2022-03-12T16:40:43Z
26.8228017,75.7510183,2022-03-12T16:40:44Z
26.8228017,75.7510100,2022-03-12T16:40:45Z
26.8228017,75.7510100,2022-03-12T16:40:46Z
26.8228017,75.7510067,2022-03-12T16:40:47Z
26.8228017,75.7510033,2022-03-12T16:40:48Z
26.8228067,75.7509983,2022-03-12T16:40:49Z
26.8228067,75.7509983,2022-03-12T16:40:50Z
26.8228067,75.7509983,2022-03-12T16:40:51Z
26.8228067,75.7509983,2022-03-12T16:40:52Z
26.8228067,75.7509983,2022-03-12T16:40:53Z
26.8228067,75.7509983,2022-03-12T16:40:54Z
26.8228067,75.7509983,2022-03-12T16:40:55Z
26.8228067,75.7509983,2022-03-12T16:40:56Z
26.8228067,75.7509983,2022-03-12T16:40:57Z
26.8228067,75.7509983,2022-03-12T16:40:58Z
26.8228067,75.7509983,2022-03-12T16:40:59Z
26.8228067,75.7509983,2022-03-12T16:41:00Z
26.8228067,75.7509983,2022-03-12T16:41:01Z
26.8228300,75.7510433,2022-03-12T16:41:02Z
26.8228283,75.7510467,2022-03-12T16:41:03Z
26.8228250,75.7510483,2022-03-12T16:41:04Z
26.8228183,75.7510483,2022-03-12T16:41:05Z
26.8228183,75.7510483,2022-03-12T16:41:06Z
26.8228183,75.7510483,2022-03-12T16:41:07Z
26.8228183,75.7510483,2022-03-12T16:41:08Z
26.8228183,75.7510483,2022-03-12T16:41:09Z
26.8228183,75.7510483,2022-03-12T16:41:10Z
26.8228050,75.7510983,2022-03-12T16:41:11Z
26.8228083,75.7511100,2022-03-12T16:41:12Z
26.8228117,75.7511183,2022-03-12T16:41:13Z
26.8228117,75.7511250,2022-03-12T16:41:14Z
26.8228100,75.7511317,2022-03-12T16:41:15Z
26.8228083,75.7511383,2022-03-12T16:41:16Z
26.8228067,75.7511417,2022-03-12T16:41:17Z
26.8228067,75.7511450,2022-03-12T16:41:18Z
26.8228033,75.7511483,2022-03-12T16:41:19Z
26.8228033,75.7511417,2022-03-12T16:41:20Z
26.8228017,75.7511417,2022-03-12T16:41:21Z
26.8228050,75.7511417,2022-03-12T16:41:22Z
26.8228050,75.7511417,2022-03-12T16:41:23Z
26.8228033,75.7511400,2022-03-12T16:41:24Z
26.8228033,75.7511400,2022-03-12T16:41:25Z
26.8228033,75.7511400,2022-03-12T16:41:26Z
26.8228033,75.7511400,2022-03-12T16:41:27Z
26.8228033,75.7511400,2022-03-12T16:41:28Z
26.8228033,75.7511400,2022-03-12T16:41:29Z
26.8228033,75.7511400,2022-03-12T16:41:30Z
26.8228033,75.7511400,2022-03-12T16:41:31Z
26.8228033,75.7511400,2022-03-12T16:41:32Z
26.8228033,75.7511400,2022-03-12T16:41:33Z
26.8228033,75.7511400,2022-03-12T16:41:34Z
26.8228033,75.7511400,2022-03-12T16:41:35Z
26.8228033,75.7511400,2022-03-12T16:41:36Z
26.8228033,75.7511400,2022-03-12T16:41:37Z
26.8228033,75.7511400,2022-03-12T16:41:38Z
26.8228033,75.7511400,2022-03-12T16:41:39Z
26.8228033,75.7511400,2022-03-12T16:41:40Z
26.8228033,75.7511400,2022-03-12T16:41:41Z
26.8228033,75.7511400,2022-03-12T16:41:42Z
26.8228033,75.7511400,2022-03-12T16:41:43Z
26.8228033,75.7511400,2022-03-12T16:41:44Z
26.8228033,75.7511400,2022-03-12T16:41:45Z
26.8228033,75.7511400,2022-03-12T16:41:46Z
26.8228033,75.7511400,2022-03-12T16:41:47Z
26.8228033,75.7511400,2022-03-12T16:41:48Z
26.8228033,75.7511400,2022-03-12T16:41:49Z
26.8228033,75.7511400,2022-03-12T16:41:50Z
26.8228367,75.7510567,2022-03-12T16:41:51Z
26.8228367,75.7510567,2022-03-12T16:41:52Z
26.8228333,75.7510583,2022-03-12T16:41:53Z
26.8228217,75.7510650,2022-03-12T16:41:54Z
26.8228217,75.7510650,2022-03-12T16:41:55Z
26.8228217,75.7510650,2022-03-12T16:41:56Z
26.8228217,75.7510650,2022-03-12T16:41:57Z
26.8228267,75.7510583,2022-03-12T16:41:58Z
26.8228283,75.7510617,2022-03-12T16:41:59Z
26.8228567,75.7510817,2022-03-12T16:42:00Z
26.8228583,75.7510717,2022-03-12T16:42:01Z
26.8228350,75.7510717,2022-03-12T16:42:02Z
26.8228233,75.7510700,2022-03-12T16:42:03Z
26.8228200,75.7510617,2022-03-12T16:42:04Z
26.8228217,75.7510550,2022-03-12T16:42:05Z
26.8228233,75.7510517,2022-03-12T16:42:06Z
26.8228367,75.7510450,2022-03-12T16:42:07Z
26.8228450,75.7510433,2022-03-12T16:42:08Z
26.8228500,75.7510450,2022-03-12T16:42:09Z
26.8228483,75.7510567,2022-03-12T16:42:10Z
26.8228517,75.7510700,2022-03-12T16:42:11Z
26.8228600,75.7510667,2022-03-12T16:42:12Z
26.8228817,75.7511100,2022-03-12T16:42:13Z
26.8228817,75.7511200,2022-03-12T16:42:14Z
26.8228783,75.7511250,2022-03-12T16:42:15Z
26.8228750,75.7511250,2022-03-12T16:42:16Z
26.8228683,75.7511200,2022-03-12T16:42:17Z
26.8228617,75.7510933,2022-03-12T16:42:18Z
26.8228633,75.7510883,2022-03-12T16:42:19Z
26.8228617,75.7510700,2022-03-12T16:42:20Z
26.8228567,75.7510683,2022-03-12T16:42:21Z
26.8228600,75.7510633,2022-03-12T16:42:22Z
26.8228617,75.7510633,2022-03-12T16:42:23Z
26.8228667,75.7510650,2022-03-12T16:42:24Z
26.8228733,75.7510633,2022-03-12T16:42:25Z
26.8228800,75.7510583,2022-03-12T16:42:26Z
26.8228950,75.7510517,2022-03-12T16:42:27Z
26.8229067,75.7510483,2022-03-12T16:42:28Z
26.8229200,75.7510417,2022-03-12T16:42:29Z
26.8229300,75.7510317,2022-03-12T16:42:30Z
26.8228783,75.7509733,2022-03-12T16:42:31Z
26.8228883,75.7509667,2022-03-12T16:42:32Z
26.8228783,75.7509617,2022-03-12T16:42:33Z
26.8228817,75.7509683,2022-03-12T16:42:34Z
26.8228683,75.7509783,2022-03-12T16:42:35Z
26.8228700,75.7509800,2022-03-12T16:42:36Z
26.8228700,75.7509833,2022-03-12T16:42:37Z
26.8228700,75.7509833,2022-03-12T16:42:38Z
26.8228600,75.7509867,2022-03-12T16:42:39Z
26.8228600,75.7509983,2022-03-12T16:42:40Z
26.8228600,75.7510017,2022-03-12T16:42:41Z
26.8228633,75.7510033,2022-03-12T16:42:42Z
26.8228600,75.7510133,2022-03-12T16:42:43Z
26.8228550,75.7510217,2022-03-12T16:42:44Z
26.8228550,75.7510217,2022-03-12T16:42:45Z
26.8228550,75.7510217,2022-03-12T16:42:46Z
26.8228550,75.7510217,2022-03-12T16:42:47Z
26.8228550,75.7510217,2022-03-12T16:42:48Z
26.8228550,75.7510217,2022-03-12T16:42:49Z
26.8228550,75.7510217,2022-03-12T16:42:50Z
26.8228550,75.7510217,2022-03-12T16:42:51Z
26.8228550,75.7510217,2022-03-12T16:42:52Z
26.8228550,75.7510217,2022-03-12T16:42:53Z
26.8228550,75.7510217,2022-03-12T16:42:54Z
26.8228550,75.7510217,2022-03-12T16:42:55Z
26.8228467,75.7510133,2022-03-12T16:42:56Z
26.8228433,75.7510133,2022-03-12T16:42:57Z
26.8228333,75.7510200,2022-03-12T16:42:58Z
26.8228283,75.7510283,2022-03-12T16:42:59Z
26.8228283,75.7510383,2022-03-12T16:43:00Z
26.8228333,75.7510417,2022-03-12T16:43:01Z
26.8228333,75.7510417,2022-03-12T16:43:02Z
26.8228400,75.7510450,2022-03-12T16:43:03Z
26.8228383,75.7510433,2022-03-12T16:43:04Z
26.8228400,75.7510433,2022-03-12T16:43:05Z
26.8228450,75.7510433,2022-03-12T16:43:06Z
26.8228450,75.7510383,2022-03-12T16:43:07Z
26.8228467,75.7510350,2022-03-12T16:43:08Z
26.8228433,75.7510383,2022-03-12T16:43:09Z
26.8228367,75.7510400,2022-03-12T16:43:10Z
26.8228300,75.7510433,2022-03-12T16:43:11Z
26.8228267,75.7510450,2022-03-12T16:43:12Z
26.8228217,75.7510467,2022-03-12T16:43:13Z
26.8228200,75.7510467,2022-03-12T16:43:14Z
26.8228183,75.7510483,2022-03-12T16:43:15Z
26.8228183,75.7510483,2022-03-12T16:43:16Z
26.8228250,75.7510567,2022-03-12T16:43:17Z
26.8228283,75.7510583,2022-03-12T16:43:18Z
26.8228250,75.7510617,2022-03-12T16:43:19Z
26.8228267,75.7510600,2022-03-12T16:43:20Z
26.8228300,75.7510567,2022-03-12T16:43:21Z
26.8228300,75.7510567,2022-03-12T16:43:22Z
26.8228300,75.7510567,2022-03-12T16:43:23Z
26.8228300,75.7510567,2022-03-12T16:43:24Z
26.8228300,75.7510567,2022-03-12T16:43:25Z
26.8228300,75.7510567,2022-03-12T16:43:26Z
26.8228300,75.7510567,2022-03-12T16:43:27Z
26.8228300,75.7510567,2022-03-12T16:43:28Z
26.8228300,75.7510567,2022-03-12T16:43:29Z
26.8228300,75.7510567,2022-03-12T16:43:30Z
26.8228300,75.7510567,2022-03-12T16:43:31Z
26.8228300,75.7510567,2022-03-12T16:43:32Z
26.8228300,75.7510567,2022-03-12T16:43:33Z
26.8228300,75.7510567,2022-03-12T16:43:34Z
26.8228300,75.7510567,2022-03-12T16:43:35Z
26.8228300,75.7510567,2022-03-12T16:43:36Z
26.8228300,75.7510567,2022-03-12T16:43:37Z
26.8228300,75.7510567,2022-03-12T16:43:38Z
26.8228300,75.7510567,2022-03-12T16:43:39Z
26.8228300,75.7510567,2022-03-12T16:43:40Z
26.8228300,75.7510567,2022-03-12T16:43:41Z
26.8228300,75.7510567,2022-03-12T16:43:42Z
26.8228300,75.7510567,2022-03-12T16:43:43Z
26.8228300,75.7510567,2022-03-12T16:43:44Z
26.8228300,75.7510567,2022-03-12T16:43:45Z
26.8228300,75.7510567,2022-03-12T16:43:46Z
26.8228300,75.7510567,2022-03-12T16:43:47Z
26.8228300,75.7510567,2022-03-12T16:43:48Z
26.8228300,75.7510567,2022-03-12T16:43:49Z
26.8228300,75.7510567,2022-03-12T16:43:50Z
26.8228300,75.7510567,2022-03-12T16:43:51Z
26.8228300,75.7510567,2022-03-12T16:43:52Z
26.8228300,75.7510567,2022-03-12T16:43:53Z
26.8228300,75.7510567,2022-03-12T16:43:54Z
26.8228300,75.7510567,2022-03-12T16:43:55Z
26.8228300,75.7510567,2022-03-12T16:43:56Z
26.8228300,75.7510567,2022-03-12T16:43:57Z
26.8228300,75.7510567,2022-03-12T16:43:58Z
26.8228300,75.7510567,2022-03-12T16:43:59Z
26.8228300,75.7510567,2022-03-12T16:44:00Z
26.8228300,75.7510567,2022-03-12T16:44:01Z
26.8228300,75.7510567,2022-03-12T16:44:02Z
26.8228300,75.7510567,2022-03-12T16:44:03Z
26.8228300,75.7510567,2022-03-12T16:44:04Z
26.8228300,75.7510567,2022-03-12T16:44:05Z
26.8228533,75.7510400,2022-03-12T16:44:06Z
26.8228533,75.7510450,2022-03-12T16:44:07Z
26.8228550,75.7510483,2022-03-12T16:44:08Z
26.8228550,75.7510550,2022-03-12T16:44:09Z
26.8228550,75.7510550,2022-03-12T16:44:10Z
26.8228550,75.7510550,2022-03-12T16:44:11Z
26.8228733,75.7510633,2022-03-12T16:44:12Z
26.8228783,75.7510683,2022-03-12T16:44:13Z
26.8228750,75.7510750,2022-03-12T16:44:14Z
26.8228717,75.7510833,2022-03-12T16:44:15Z
26.8228633,75.7510950,2022-03-12T16:44:16Z
26.8228583,75.7511083,2022-03-12T16:44:17Z
26.8228500,75.7511067,2022-03-12T16:44:18Z
26.8228417,75.7511117,2022-03-12T16:44:19Z
26.8228400,75.7511133,2022-03-12T16:44:20Z
26.8228417,75.7511183,2022-03-12T16:44:21Z
26.8228450,75.7511217,2022-03-12T16:44:22Z
26.8228467,75.7511267,2022-03-12T16:44:23Z
26.8228467,75.7511283,2022-03-12T16:44:24Z
26.8228467,75.7511317,2022-03-12T16:44:25Z
26.8228483,75.7511350,2022-03-12T16:44:26Z
26.8228483,75.7511350,2022-03-12T16:44:27Z
26.8228483,75.7511350,2022-03-12T16:44:28Z
26.8228483,75.7511350,2022-03-12T16:44:29Z
26.8228483,75.7511350,2022-03-12T16:44:30Z
26.8228483,75.7511350,2022-03-12T16:44:31Z
26.8228483,75.7511350,2022-03-12T16:44:32Z
26.8228483,75.7511350,2022-03-12T16:44:33Z
26.8228483,75.7511350,2022-03-12T16:44:34Z
26.8228483,75.7511350,2022-03-12T16:44:35Z
26.8228483,75.7511350,2022-03-12T16:44:36Z
26.8228483,75.7511350,2022-03-12T16:44:37Z
26.8228483,75.7511350,2022-03-12T16:44:38Z
26.8228483,75.7511350,2022-03-12T16:44:39Z
26.8228483,75.7511350,2022-03-12T16:44:40Z
26.8228483,75.7511350,2022-03-12T16:44:41Z
26.8228483,75.7511350,2022-03-12T16:44:42Z
26.8228483,75.7511350,2022-03-12T16:44:43Z
26.8228483,75.7511350,2022-03-12T16:44:44Z
26.8228483,75.7511350,2022-03-12T16:44:45Z
26.8228483,75.7511350,2022-03-12T16:44:46Z
26.8228483,75.7511350,2022-03-12T16:44:47Z
26.8228483,75.7511350,2022-03-12T16:44:48Z
26.8228483,75.7511350,2022-03-12T16:44:49Z
26.8228483,75.7511350,2022-03-12T16:44:50Z
26.8228483,75.7511350,2022-03-12T16:44:51Z
26.8228483,75.7511350,2022-03-12T16:44:52Z
26.8228483,75.7511350,2022-03-12T16:44:53Z
26.8228483,75.7511350,2022-03-12T16:44:54Z
26.8228483,75.7511350,2022-03-12T16:44:55Z
26.8228483,75.7511350,2022-03-12T16:44:56Z
26.8228483,75.7511350,2022-03-12T16:44:57Z
26.8228483,75.7511350,2022-03-12T16:44:58Z
26.8228483,75.7511350,2022-03-12T16:44:59Z
26.8228483,75.7511350,2022-03-12T16:45:00Z
26.8228483,75.7511350,2022-03-12T16:45:01Z
26.8228483,75.7511350,2022-03-12T16:45:02Z
26.8228483,75.7511350,2022-03-12T16:45:03Z
26.8228483,75.7511350,2022-03-12T16:45:04Z
26.8228483,75.7511350,2022-03-12T16:45:05Z
26.8228483,75.7511350,2022-03-12T16:45:06Z
26.8228483,75.7511350,2022-03-12T16:45:07Z
26.8228483,75.7511350,2022-03-12T16:45:08Z
26.8228483,75.7511350,2022-03-12T16:45:09Z
26.8228483,75.7511350,2022-03-12T16:45:10Z
26.8228483,75.7511350,2022-03-12T16:45:11Z
26.8228483,75.7511350,2022-03-12T16:45:12Z
26.8228483,75.7511350,2022-03-12T16:45:13Z
26.8228483,75.7511350,2022-03-12T16:45:14Z
26.8228483,75.7511350,2022-03-12T16:45:15Z
26.8228483,75.7511350,2022-03-12T16:45:16Z
26.8228483,75.7511350,2022-03-12T16:45:17Z
26.8228483,75.7511350,2022-03-12T16:45:18Z
26.8228483,75.7511350,2022-03-12T16:45:19Z
26.8228483,75.7511350,2022-03-12T16:45:20Z
26.8228483,75.7511350,2022-03-12T16:45:21Z
26.8228483,75.7511350,2022-03-12T16:45:22Z
26.8228483,75.7511350,2022-03-12T16:45:23Z
26.8228483,75.7511350,2022-03-12T16:45:24Z
26.8228483,75.7511350,2022-03-12T16:45:25Z
26.8228483,75.7511350,2022-03-12T16:45:26Z
26.8228483,75.7511350,2022-03-12T16:45:27Z
26.8228483,75.7511350,2022-03-12T16:45:28Z
26.8228483,75.7511350,2022-03-12T16:45:29Z
26.8228483,75.7511350,2022-03-12T16:45:30Z
26.8228483,75.7511350,2022-03-12T16:45:31Z
26.8228483,75.7511350,2022-03-12T16:45:32Z
26.8228483,75.7511350,2022-03-12T16:45:33Z
26.8228483,75.7511350,2022-03-12T16:45:34Z
26.8228400,75.7511517,2022-03-12T16:45:35Z
26.8228383,75.7511567,2022-03-12T16:45:36Z
26.8228333,75.7511617,2022-03-12T16:45:37Z
26.8228267,75.7511650,2022-03-12T16:45:38Z
26.8228233,75.7511633,2022-03-12T16:45:39Z
26.8228233,75.7511633,2022-03-12T16:45:40Z
26.8228233,75.7511633,2022-03-12T16:45:41Z
26.8228233,75.7511633,2022-03-12T16:45:42Z
26.8228233,75.7511633,2022-03-12T16:45:43Z
26.8228233,75.7511633,2022-03-12T16:45:44Z
26.8228217,75.7511633,2022-03-12T16:45:45Z
26.8228283,75.7511700,2022-03-12T16:45:46Z
26.8228300,75.7511683,2022-03-12T16:45:47Z
26.8228283,75.7511683,2022-03-12T16:45:48Z
26.8228267,75.7511717,2022-03-12T16:45:49Z
26.8228300,75.7511767,2022-03-12T16:45:50Z
26.8228350,75.7511783,2022-03-12T16:45:51Z
26.8228367,75.7511833,2022-03-12T16:45:52Z
26.8228417,75.7511833,2022-03-12T16:45:53Z
26.8228450,75.7511800,2022-03-12T16:45:54Z
26.8228450,75.7511800,2022-03-12T16:45:55Z
26.8228450,75.7511800,2022-03-12T16:45:56Z
26.8228450,75.7511800,2022-03-12T16:45:57Z
26.8228450,75.7511800,2022-03-12T16:45:58Z
26.8228350,75.7511750,2022-03-12T16:45:59Z
26.8228333,75.7511733,2022-03-12T16:46:00Z
26.8228317,75.7511633,2022-03-12T16:46:01Z
26.8228267,75.7511517,2022-03-12T16:46:02Z
26.8228200,75.7511467,2022-03-12T16:46:03Z
26.8228233,75.7511533,2022-03-12T16:46:04Z
26.8228250,75.7511517,2022-03-12T16:46:05Z
26.8228233,75.7511517,2022-03-12T16:46:06Z
26.8228233,75.7511517,2022-03-12T16:46:07Z
26.8228233,75.7511517,2022-03-12T16:46:08Z
26.8228233,75.7511517,2022-03-12T16:46:09Z
26.8228233,75.7511517,2022-03-12T16:46:10Z
26.8228233,75.7511517,2022-03-12T16:46:11Z
26.8228233,75.7511517,2022-03-12T16:46:12Z
26.8228233,75.7511517,2022-03-12T16:46:13Z
26.8228233,75.7511517,2022-03-12T16:46:14Z
26.8228233,75.7511517,2022-03-12T16:46:15Z
26.8228233,75.7511517,2022-03-12T16:46:16Z
26.8228233,75.7511517,2022-03-12T16:46:17Z
26.8228233,75.7511517,2022-03-12T16:46:18Z
26.8228233,75.7511517,2022-03-12T16:46:19Z
26.8228233,75.7511517,2022-03-12T16:46:20Z
26.8228233,75.7511517,2022-03-12T16:46:21Z
26.8228233,75.7511517,2022-03-12T16:46:22Z
26.8228233,75.7511517,2022-03-12T16:46:23Z
26.8228233,75.7511517,2022-03-12T16:46:24Z
26.8228233,75.7511517,2022-03-12T16:46:25Z
26.8228233,75.7511517,2022-03-12T16:46:26Z
26.8228233,75.7511517,2022-03-12T16:46:27Z
26.8228233,75.7511517,2022-03-12T16:46:28Z
26.8228233,75.7511517,2022-03-12T16:46:29Z
26.8228350,75.7511500,2022-03-12T16:46:30Z
26.8228333,75.7511483,2022-03-12T16:46:31Z
26.8228283,75.7511450,2022-03-12T16:46:32Z
26.8228300,75.7511483,2022-03-12T16:46:33Z
26.8228300,75.7511483,2022-03-12T16:46:34Z
26.8228300,75.7511483,2022-03-12T16:46:35Z
26.8228300,75.7511483,2022-03-12T16:46:36Z
26.8228300,75.7511483,2022-03-12T16:46:37Z
26.8228300,75.7511483,2022-03-12T16:46:38Z
26.8228300,75.7511483,2022-03-12T16:46:39Z
26.8228300,75.7511483,2022-03-12T16:46:40Z
26.8228300,75.7511483,2022-03-12T16:46:41Z
26.8228300,75.7511483,2022-03-12T16:46:42Z
26.8228300,75.7511483,2022-03-12T16:46:43Z
26.8228300,75.7511483,2022-03-12T16:46:44Z
26.8228300,75.7511483,2022-03-12T16:46:45Z
26.8228300,75.7511483,2022-03-12T16:46:46Z
26.8228300,75.7511483,2022-03-12T16:46:47Z
26.8228300,75.7511483,2022-03-12T16:46:48Z
26.8228300,75.7511483,2022-03-12T16:46:49Z
26.8228300,75.7511483,2022-03-12T16:46:50Z
26.8228300,75.7511483,2022-03-12T16:46:51Z
26.8228300,75.7511483,2022-03-12T16:46:52Z
26.8228300,75.7511483,2022-03-12T16:46:53Z
26.8228300,75.7511483,2022-03-12T16:46:54Z
26.8228300,75.7511483,2022-03-12T16:46:55Z
26.8228300,75.7511483,2022-03-12T16:46:56Z
26.8228300,75.7511483,2022-03-12T16:46:57Z
26.8228300,75.7511483,2022-03-12T16:46:58Z
26.8228300,75.7511483,2022-03-12T16:46:59Z
26.8228300,75.7511483,2022-03-12T16:47:00Z
26.8228300,75.7511483,2022-03-12T16:47:01Z
26.8228433,75.7511100,2022-03-12T16:47:02Z
26.8228450,75.7511100,2022-03-12T16:47:03Z
26.8228467,75.7511100,2022-03-12T16:47:04Z
26.8228500,75.7511083,2022-03-12T16:47:05Z
26.8228500,75.7511083,2022-03-12T16:47:06Z
26.8228500,75.7511083,2022-03-12T16:47:07Z
26.8228500,75.7511083,2022-03-12T16:47:08Z
26.8228500,75.7511083,2022-03-12T16:47:09Z
26.8228500,75.7511083,2022-03-12T16:47:10Z
26.8228500,75.7511083,2022-03-12T16:47:11Z
26.8228500,75.7511083,2022-03-12T16:47:12Z
26.8228500,75.7511083,2022-03-12T16:47:13Z
26.8228500,75.7511083,2022-03-12T16:47:14Z
26.8228500,75.7511083,2022-03-12T16:47:15Z
26.8228500,75.7511083,2022-03-12T16:47:16Z
26.8228500,75.7511083,2022-03-12T16:47:17Z
26.8228500,75.7511083,2022-03-12T16:47:18Z
26.8228500,75.7511083,2022-03-12T16:47:19Z
26.8228500,75.7511083,2022-03-12T16:47:20Z
26.8228500,75.7511083,2022-03-12T16:47:21Z
26.8228500,75.7511083,2022-03-12T16:47:22Z
26.8228500,75.7511083,2022-03-12T16:47:23Z
26.8228500,75.7511083,2022-03-12T16:47:24Z
26.8228500,75.7511083,2022-03-12T16:47:25Z
26.8228500,75.7511083,2022-03-12T16:47:26Z
26.8228500,75.7511083,2022-03-12T16:47:27Z
26.8228500,75.7511083,2022-03-12T16:47:28Z
26.8228500,75.7511083,2022-03-12T16:47:29Z
26.8228500,75.7511083,2022-03-12T16:47:30Z
26.8228500,75.7511083,2022-03-12T16:47:31Z
26.8228500,75.7511083,2022-03-12T16:47:32Z
26.8228500,75.7511083,2022-03-12T16:47:33Z
26.8228500,75.7511083,2022-03-12T16:47:34Z
26.8228500,75.7511083,2022-03-12T16:47:35Z
26.8228500,75.7511083,2022-03-12T16:47:36Z
26.8228500,75.7511083,2022-03-12T16:47:37Z
26.8228500,75.7511083,2022-03-12T16:47:38Z
26.8228500,75.7511083,2022-03-12T16:47:39Z
26.8228500,75.7511083,2022-03-12T16:47:40Z
26.8228500,75.7511083,2022-03-12T16:47:41Z
26.8228500,75.7511083,2022-03-12T16:47:42Z
26.8228500,75.7511083,2022-03-12T16:47:43Z
26.8228500,75.7511083,2022-03-12T16:47:44Z
26.8228500,75.7511083,2022-03-12T16:47:45Z
26.8228500,75.7511083,2022-03-12T16:47:46Z
26.8228500,75.7511083,2022-03-12T16:47:47Z
26.8228500,75.7511083,2022-03-12T16:47:48Z
26.8228500,75.7511083,2022-03-12T16:47:49Z
26.8228500,75.7511083,2022-03-12T16:47:50Z
26.8228500,75.7511083,2022-03-12T16:47:51Z
26.8228500,75.7511083,2022-03-12T16:47:52Z
26.8228500,75.7511083,2022-03-12T16:47:53Z
26.8228500,75.7511083,2022-03-12T16:47:54Z
26.8228500,75.7511083,2022-03-12T16:47:55Z
26.8228500,75.7511083,2022-03-12T16:47:56Z
26.8228500,75.7511083,2022-03-12T16:47:57Z
26.8228500,75.7511083,2022-03-12T16:47:58Z
26.8228500,75.7511083,2022-03-12T16:47:59Z
26.8228500,75.7511083,2022-03-12T16:48:00Z
26.8228500,75.7511083,2022-03-12T16:48:01Z
26.8228500,75.7511083,2022-03-12T16:48:02Z
26.8228500,75.7511083,2022-03-12T16:48:03Z
26.8228500,75.7511083,2022-03-12T16:48:04Z
26.8228500,75.7511083,2022-03-12T16:48:05Z
26.8228500,75.7511083,2022-03-12T16:48:06Z
26.8228500,75.7511083,2022-03-12T16:48:07Z
26.8228500,75.7511083,2022-03-12T16:48:08Z
26.8228500,75.7511083,2022-03-12T16:48:09Z
26.8228500,75.7511083,2022-03-12T16:48:10Z
26.8228500,75.7511083,2022-03-12T16:48:11Z
26.8228500,75.7511083,2022-03-12T16:48:12Z
26.8228500,75.7511083,2022-03-12T16:48:13Z
26.8228500,75.7511083,2022-03-12T16:48:14Z
26.8228500,75.7511083,2022-03-12T16:48:15Z
26.8228500,75.7511083,2022-03-12T16:48:16Z
26.8228500,75.7511083,2022-03-12T16:48:17Z
26.8228500,75.7511083,2022-03-12T16:48:18Z
26.8228567,75.7511650,2022-03-12T16:48:19Z
26.8228567,75.7511583,2022-03-12T16:48:20Z
26.8228550,75.7511500,2022-03-12T16:48:21Z
26.8228617,75.7511433,2022-03-12T16:48:22Z
26.8228517,75.7511367,2022-03-12T16:48:23Z
26.8228383,75.7511267,2022-03-12T16:48:24Z
26.8228283,75.7511150,2022-03-12T16:48:25Z
26.8228317,75.7511167,2022-03-12T16:48:26Z
26.8228367,75.7511233,2022-03-12T16:48:27Z
26.8228400,75.7511267,2022-03-12T16:48:28Z
26.8228450,75.7511283,2022-03-12T16:48:29Z
26.8228433,75.7511300,2022-03-12T16:48:30Z
26.8228467,75.7511317,2022-03-12T16:48:31Z
26.8228483,75.7511317,2022-03-12T16:48:32Z
26.8228483,75.7511300,2022-03-12T16:48:33Z
26.8228433,75.7511300,2022-03-12T16:48:34Z
26.8228483,75.7511350,2022-03-12T16:48:35Z
26.8228433,75.7511317,2022-03-12T16:48:36Z
26.8228333,75.7511300,2022-03-12T16:48:37Z
26.8228300,75.7511283,2022-03-12T16:48:38Z
26.8228300,75.7511250,2022-03-12T16:48:39Z
26.8228300,75.7511250,2022-03-12T16:48:40Z
26.8228300,75.7511250,2022-03-12T16:48:41Z
26.8228300,75.7511250,2022-03-12T16:48:42Z
26.8228617,75.7511517,2022-03-12T16:48:43Z
26.8228617,75.7511500,2022-03-12T16:48:44Z
26.8228617,75.7511500,2022-03-12T16:48:45Z
26.8228350,75.7511517,2022-03-12T16:48:46Z
26.8228533,75.7511500,2022-03-12T16:48:47Z
26.8228533,75.7511500,2022-03-12T16:48:48Z
26.8228533,75.7511500,2022-03-12T16:48:49Z
26.8228533,75.7511500,2022-03-12T16:48:50Z
26.8228550,75.7511600,2022-03-12T16:48:51Z
26.8228533,75.7511617,2022-03-12T16:48:52Z
26.8228550,75.7511567,2022-03-12T16:48:53Z
26.8228667,75.7511533,2022-03-12T16:48:54Z
26.8228667,75.7511533,2022-03-12T16:48:55Z
26.8228667,75.7511533,2022-03-12T16:48:56Z
26.8228667,75.7511533,2022-03-12T16:48:57Z
26.8228667,75.7511533,2022-03-12T16:48:58Z
26.8228667,75.7511533,2022-03-12T16:48:59Z
26.8228667,75.7511533,2022-03-12T16:49:00Z
26.8228667,75.7511533,2022-03-12T16:49:01Z
26.8228667,75.7511533,2022-03-12T16:49:02Z
26.8228667,75.7511533,2022-03-12T16:49:03Z
26.8228667,75.7511533,2022-03-12T16:49:04Z
26.8228667,75.7511533,2022-03-12T16:49:05Z
26.8228667,75.7511533,2022-03-12T16:49:06Z
26.8228667,75.7511533,2022-03-12T16:49:07Z
26.8228667,75.7511533,2022-03-12T16:49:08Z
26.8228667,75.7511533,2022-03-12T16:49:09Z
26.8228667,75.7511533,2022-03-12T16:49:10Z
26.8228667,75.7511533,2022-03-12T16:49:11Z
26.8228667,75.7511533,2022-03-12T16:49:12Z
26.8228800,75.7511617,2022-03-12T16:49:13Z
26.8228867,75.7511567,2022-03-12T16:49:14Z
26.8228950,75.7511500,2022-03-12T16:49:15Z
26.8228883,75.7511533,2022-03-12T16:49:16Z
26.8228833,75.7511567,2022-03-12T16:49:17Z
26.8228767,75.7511617,2022-03-12T16:49:18Z
26.8228767,75.7511617,2022-03-12T16:49:19Z
26.8228767,75.7511617,2022-03-12T16:49:20Z
26.8228767,75.7511617,2022-03-12T16:49:21Z
26.8228767,75.7511617,2022-03-12T16:49:22Z
26.8228767,75.7511617,2022-03-12T16:49:23Z
26.8228767,75.7511617,2022-03-12T16:49:24Z
26.8228767,75.7511617,2022-03-12T16:49:25Z
26.8228767,75.7511617,2022-03-12T16:49:26Z
26.8228433,75.7511500,2022-03-12T16:49:27Z
26.8228383,75.7511567,2022-03-12T16:49:28Z
26.8228333,75.7511633,2022-03-12T16:49:29Z
26.8228283,75.7511700,2022-03-12T16:49:30Z
26.8228267,75.7511700,2022-03-12T16:49:31Z
26.8228233,75.7511717,2022-03-12T16:49:32Z
26.8228200,75.7511717,2022-03-12T16:49:33Z
26.8228150,75.7511850,2022-03-12T16:49:34Z
26.8228100,75.7511950,2022-03-12T16:49:35Z
26.8228083,75.7512083,2022-03-12T16:49:36Z
26.8228067,75.7512183,2022-03-12T16:49:37Z
26.8228067,75.7512233,2022-03-12T16:49:38Z
26.8228100,75.7512317,2022-03-12T16:49:39Z
26.8228100,75.7512333,2022-03-12T16:49:40Z
26.8228150,75.7512367,2022-03-12T16:49:41Z
26.8228200,75.7512367,2022-03-12T16:49:42Z
26.8228233,75.7512333,2022-03-12T16:49:43Z
26.8228250,75.7512283,2022-03-12T16:49:44Z
26.8228217,75.7512217,2022-03-12T16:49:45Z
26.8228250,75.7512117,2022-03-12T16:49:46Z
26.8228267,75.7512033,2022-03-12T16:49:47Z
26.8228317,75.7511950,2022-03-12T16:49:48Z
26.8228317,75.7511883,2022-03-12T16:49:49Z
26.8228317,75.7511883,2022-03-12T16:49:50Z
26.8228317,75.7511883,2022-03-12T16:49:51Z
26.8228317,75.7511883,2022-03-12T16:49:52Z
26.8228317,75.7511883,2022-03-12T16:49:53Z
26.8228317,75.7511883,2022-03-12T16:49:54Z
26.8228317,75.7511883,2022-03-12T16:49:55Z
26.8228317,75.7511883,2022-03-12T16:49:56Z
26.8228317,75.7511883,2022-03-12T16:49:57Z
26.8228317,75.7511883,2022-03-12T16:49:58Z
26.8228317,75.7511883,2022-03-12T16:49:59Z
26.8228317,75.7511883,2022-03-12T16:50:00Z
26.8228317,75.7511883,2022-03-12T16:50:01Z
26.8228317,75.7511883,2022-03-12T16:50:02Z
26.8228317,75.7511883,2022-03-12T16:50:03Z
26.8228317,75.7511883,2022-03-12T16:50:04Z
26.8228317,75.7511883,2022-03-12T16:50:05Z
26.8228317,75.7511883,2022-03-12T16:50:06Z
26.8228317,75.7511883,2022-03-12T16:50:07Z
26.8228317,75.7511883,2022-03-12T16:50:08Z
26.8228317,75.7511883,2022-03-12T16:50:09Z
26.8228317,75.7511517,2022-03-12T16:50:10Z
26.8228267,75.7511600,2022-03-12T16:50:11Z
26.8228267,75.7511700,2022-03-12T16:50:12Z
26.8228283,75.7511833,2022-03-12T16:50:13Z
26.8228283,75.7511933,2022-03-12T16:50:14Z
26.8228317,75.7511967,2022-03-12T16:50:15Z
26.8229533,75.7512583,2022-03-12T16:50:16Z
26.8229583,75.7512650,2022-03-12T16:50:17Z
26.8229567,75.7512683,2022-03-12T16:50:18Z
26.8229517,75.7512683,2022-03-12T16:50:19Z
26.8229483,75.7512683,2022-03-12T16:50:20Z
26.8229433,75.7512667,2022-03-12T16:50:21Z
26.8229433,75.7512650,2022-03-12T16:50:22Z
26.8229417,75.7512633,2022-03-12T16:50:23Z
26.8229300,75.7512617,2022-03-12T16:50:24Z
26.8229250,75.7512567,2022-03-12T16:50:25Z
26.8229183,75.7512533,2022-03-12T16:50:26Z
26.8229133,75.7512517,2022-03-12T16:50:27Z
26.8229133,75.7512517,2022-03-12T16:50:28Z
26.8229133,75.7512517,2022-03-12T16:50:29Z
26.8229133,75.7512517,2022-03-12T16:50:30Z
26.8229133,75.7512517,2022-03-12T16:50:31Z
26.8229133,75.7512517,2022-03-12T16:50:32Z
26.8228933,75.7512000,2022-03-12T16:50:33Z
26.8228833,75.7511867,2022-03-12T16:50:34Z
26.8228783,75.7511733,2022-03-12T16:50:35Z
26.8228750,75.7511617,2022-03-12T16:50:36Z
26.8228683,75.7511483,2022-03-12T16:50:37Z
26.8228617,75.7511350,2022-03-12T16:50:38Z
26.8228600,75.7511250,2022-03-12T16:50:39Z
26.8228600,75.7511133,2022-03-12T16:50:40Z
26.8228617,75.7511050,2022-03-12T16:50:41Z
26.8228683,75.7511033,2022-03-12T16:50:42Z
26.8229117,75.7510817,2022-03-12T16:50:43Z
26.8229383,75.7510600,2022-03-12T16:50:44Z
26.8229450,75.7510633,2022-03-12T16:50:45Z
26.8229517,75.7510517,2022-03-12T16:50:46Z
26.8229583,75.7510667,2022-03-12T16:50:47Z
26.8229650,75.7510667,2022-03-12T16:50:48Z
26.8229500,75.7510467,2022-03-12T16:50:49Z
26.8229517,75.7510467,2022-03-12T16:50:50Z
26.8229450,75.7510517,2022-03-12T16:50:51Z
26.8228517,75.7510883,2022-03-12T16:50:52Z
26.8228350,75.7511000,2022-03-12T16:50:53Z
26.8228367,75.7511017,2022-03-12T16:50:54Z
26.8228367,75.7511000,2022-03-12T16:50:55Z
26.8228600,75.7511117,2022-03-12T16:50:56Z
26.8228650,75.7511117,2022-03-12T16:50:57Z
26.8228783,75.7511167,2022-03-12T16:50:58Z
26.8228867,75.7511183,2022-03-12T16:50:59Z
26.8228933,75.7511200,2022-03-12T16:51:00Z
26.8228900,75.7511250,2022-03-12T16:51:01Z
26.8228850,75.7511250,2022-03-12T16:51:02Z
26.8228850,75.7511283,2022-03-12T16:51:03Z
26.8228933,75.7511333,2022-03-12T16:51:04Z
26.8228933,75.7511350,2022-03-12T16:51:05Z
26.8228933,75.7511433,2022-03-12T16:51:06Z
26.8228983,75.7511433,2022-03-12T16:51:07Z
26.8229017,75.7511400,2022-03-12T16:51:08Z
26.8228900,75.7511317,2022-03-12T16:51:09Z
26.8228800,75.7511267,2022-03-12T16:51:10Z
26.8228667,75.7511200,2022-03-12T16:51:11Z
26.8228567,75.7511133,2022-03-12T16:51:12Z
26.8228483,75.7511083,2022-03-12T16:51:13Z
26.8228450,75.7510983,2022-03-12T16:51:14Z
26.8228450,75.7510883,2022-03-12T16:51:15Z
26.8228467,75.7510767,2022-03-12T16:51:16Z
26.8228550,75.7510733,2022-03-12T16:51:17Z
26.8228550,75.7510700,2022-03-12T16:51:18Z
26.8228483,75.7510650,2022-03-12T16:51:19Z
26.8228450,75.7510617,2022-03-12T16:51:20Z
26.8228450,75.7510600,2022-03-12T16:51:21Z
26.8228467,75.7510533,2022-03-12T16:51:22Z
26.8228500,75.7510500,2022-03-12T16:51:23Z
26.8228650,75.7510433,2022-03-12T16:51:24Z
26.8228717,75.7510350,2022-03-12T16:51:25Z
26.8228783,75.7510250,2022-03-12T16:51:26Z
26.8228883,75.7510117,2022-03-12T16:51:27Z
26.8228950,75.7510050,2022-03-12T16:51:28Z
26.8228967,75.7509967,2022-03-12T16:51:29Z
26.8228933,75.7509883,2022-03-12T16:51:30Z
26.8228900,75.7509783,2022-03-12T16:51:31Z
26.8228817,75.7509717,2022-03-12T16:51:32Z
26.8228767,75.7509667,2022-03-12T16:51:33Z
26.8228717,75.7509650,2022-03-12T16:51:34Z
26.8228650,75.7509617,2022-03-12T16:51:35Z
26.8228583,75.7509583,2022-03-12T16:51:36Z
26.8228483,75.7509533,2022-03-12T16:51:37Z
26.8228383,75.7509483,2022-03-12T16:51:38Z
26.8228300,75.7509450,2022-03-12T16:51:39Z
26.8228217,75.7509417,2022-03-12T16:51:40Z
26.8228150,75.7509383,2022-03-12T16:51:41Z
26.8228083,75.7509367,2022-03-12T16:51:42Z
26.8228033,75.7509333,2022-03-12T16:51:43Z
26.8227950,75.7509300,2022-03-12T16:51:44Z
26.8227917,75.7509283,2022-03-12T16:51:45Z
26.8227883,75.7509250,2022-03-12T16:51:46Z
26.8227817,75.7509233,2022-03-12T16:51:47Z
26.8227783,75.7509283,2022-03-12T16:51:48Z
26.8227783,75.7509300,2022-03-12T16:51:49Z
26.8227750,75.7509383,2022-03-12T16:51:50Z
26.8227733,75.7509383,2022-03-12T16:51:51Z
26.8227767,75.7509367,2022-03-12T16:51:52Z
26.8227850,75.7509383,2022-03-12T16:51:53Z
26.8227833,75.7509383,2022-03-12T16:51:54Z
26.8227800,75.7509300,2022-03-12T16:51:55Z
26.8227800,75.7509300,2022-03-12T16:51:56Z
26.8227850,75.7509233,2022-03-12T16:51:57Z
26.8227900,75.7509283,2022-03-12T16:51:58Z
26.8227917,75.7509267,2022-03-12T16:51:59Z
26.8227850,75.7509267,2022-03-12T16:52:00Z
26.8227850,75.7509267,2022-03-12T16:52:01Z
26.8227750,75.7509283,2022-03-12T16:52:02Z
26.8227767,75.7509300,2022-03-12T16:52:03Z
26.8227833,75.7509267,2022-03-12T16:52:04Z
26.8227883,75.7509233,2022-03-12T16:52:05Z
26.8227883,75.7509267,2022-03-12T16:52:06Z
26.8227883,75.7509267,2022-03-12T16:52:07Z
26.8227867,75.7509233,2022-03-12T16:52:08Z
26.8227817,75.7509150,2022-03-12T16:52:09Z
26.8227800,75.7509117,2022-03-12T16:52:10Z
26.8227800,75.7509000,2022-03-12T16:52:11Z
26.8227867,75.7509050,2022-03-12T16:52:12Z
26.8227900,75.7509033,2022-03-12T16:52:13Z
26.8227900,75.7509050,2022-03-12T16:52:14Z
26.8227900,75.7509050,2022-03-12T16:52:15Z
26.8227850,75.7509083,2022-03-12T16:52:16Z
26.8227783,75.7509083,2022-03-12T16:52:17Z
26.8227683,75.7509150,2022-03-12T16:52:18Z
26.8227633,75.7509183,2022-03-12T16:52:19Z
26.8227600,75.7509200,2022-03-12T16:52:20Z
26.8227600,75.7509200,2022-03-12T16:52:21Z
26.8227600,75.7509200,2022-03-12T16:52:22Z
26.8227500,75.7509283,2022-03-12T16:52:23Z
26.8227467,75.7509283,2022-03-12T16:52:24Z
26.8227433,75.7509283,2022-03-12T16:52:25Z
26.8227400,75.7509283,2022-03-12T16:52:26Z
26.8227350,75.7509317,2022-03-12T16:52:27Z
26.8227317,75.7509383,2022-03-12T16:52:28Z
26.8227317,75.7509417,2022-03-12T16:52:29Z
26.8227317,75.7509417,2022-03-12T16:52:30Z
26.8227317,75.7509417,2022-03-12T16:52:31Z
26.8227317,75.7509417,2022-03-12T16:52:32Z
26.8227317,75.7509417,2022-03-12T16:52:33Z
26.8227433,75.7509450,2022-03-12T16:52:34Z
26.8227467,75.7509483,2022-03-12T16:52:35Z
26.8227450,75.7509533,2022-03-12T16:52:36Z
26.8227450,75.7509550,2022-03-12T16:52:37Z
26.8227450,75.7509550,2022-03-12T16:52:38Z
26.8227450,75.7509550,2022-03-12T16:52:39Z
26.8227450,75.7509550,2022-03-12T16:52:40Z
26.8227450,75.7509550,2022-03-12T16:52:41Z
26.8227450,75.7509550,2022-03-12T16:52:42Z
26.8227450,75.7509550,2022-03-12T16:52:43Z
26.8227450,75.7509550,2022-03-12T16:52:44Z
26.8227450,75.7509550,2022-03-12T16:52:45Z
26.8227450,75.7509550,2022-03-12T16:52:46Z
26.8227450,75.7509550,2022-03-12T16:52:47Z
26.8227450,75.7509550,2022-03-12T16:52:48Z
26.8227417,75.7509533,2022-03-12T16:52:49Z
26.8227267,75.7509400,2022-03-12T16:52:50Z
26.8227100,75.7509267,2022-03-12T16:52:51Z
26.8226733,75.7509083,2022-03-12T16:52:52Z
26.8226233,75.7508883,2022-03-12T16:52:53Z
26.8225717,75.7508667,2022-03-12T16:52:54Z
26.8225200,75.7508417,2022-03-12T16:52:55Z
26.8224567,75.7508067,2022-03-12T16:52:56Z
26.8223900,75.7507683,2022-03-12T16:52:57Z
26.8223200,75.7507167,2022-03-12T16:52:58Z
26.8222483,75.7506667,2022-03-12T16:52:59Z
26.8221833,75.7506267,2022-03-12T16:53:00Z
26.8221183,75.7505833,2022-03-12T16:53:01Z
26.8220467,75.7505433,2022-03-12T16:53:02Z
26.8219750,75.7505067,2022-03-12T16:53:03Z
26.8218967,75.7504883,2022-03-12T16:53:04Z
26.8218167,75.7504617,2022-03-12T16:53:05Z
26.8217383,75.7504267,2022-03-12T16:53:06Z
26.8216600,75.7503783,2022-03-12T16:53:07Z
26.8215900,75.7503300,2022-03-12T16:53:08Z
26.8215367,75.7503167,2022-03-12T16:53:09Z
26.8214683,75.7502617,2022-03-12T16:53:10Z
26.8213750,75.7501967,2022-03-12T16:53:11Z
26.8212900,75.7501483,2022-03-12T16:53:12Z
26.8212033,75.7501033,2022-03-12T16:53:13Z
26.8211167,75.7500667,2022-03-12T16:53:14Z
26.8210317,75.7500317,2022-03-12T16:53:15Z
26.8209417,75.7499850,2022-03-12T16:53:16Z
26.8208383,75.7499350,2022-03-12T16:53:17Z
26.8207533,75.7498933,2022-03-12T16:53:18Z
26.8206683,75.7498533,2022-03-12T16:53:19Z
26.8205850,75.7498050,2022-03-12T16:53:20Z
26.8205017,75.7497617,2022-03-12T16:53:21Z
26.8204117,75.7497050,2022-03-12T16:53:22Z
26.8203217,75.7496500,2022-03-12T16:53:23Z
26.8202233,75.7496200,2022-03-12T16:53:24Z
26.8201267,75.7495900,2022-03-12T16:53:25Z
26.8200233,75.7495600,2022-03-12T16:53:26Z
26.8199233,75.7495217,2022-03-12T16:53:27Z
26.8198217,75.7494733,2022-03-12T16:53:28Z
26.8197250,75.7494250,2022-03-12T16:53:29Z
26.8196050,75.7493767,2022-03-12T16:53:30Z
26.8194967,75.7493317,2022-03-12T16:53:31Z
26.8193983,75.7492800,2022-03-12T16:53:32Z
26.8192883,75.7492333,2022-03-12T16:53:33Z
26.8191900,75.7491833,2022-03-12T16:53:34Z
26.8191100,75.7491117,2022-03-12T16:53:35Z
26.8190083,75.7490633,2022-03-12T16:53:36Z
26.8189083,75.7490150,2022-03-12T16:53:37Z
26.8187967,75.7489583,2022-03-12T16:53:38Z
26.8187000,75.7489083,2022-03-12T16:53:39Z
26.8186017,75.7488633,2022-03-12T16:53:40Z
26.8185067,75.7488200,2022-03-12T16:53:41Z
26.8184333,75.7487750,2022-03-12T16:53:42Z
26.8183483,75.7487250,2022-03-12T16:53:43Z
26.8182500,75.7486767,2022-03-12T16:53:44Z
26.8181717,75.7486217,2022-03-12T16:53:45Z
26.8180783,75.7485733,2022-03-12T16:53:46Z
26.8179817,75.7485317,2022-03-12T16:53:47Z
26.8178783,75.7484833,2022-03-12T16:53:48Z
26.8177683,75.7484300,2022-03-12T16:53:49Z
26.8176450,75.7483883,2022-03-12T16:53:50Z
26.8175267,75.7483500,2022-03-12T16:53:51Z
26.8174133,75.7483133,2022-03-12T16:53:52Z
26.8173017,75.7482817,2022-03-12T16:53:53Z
26.8172033,75.7482383,2022-03-12T16:53:54Z
26.8171033,75.7481917,2022-03-12T16:53:55Z
26.8170067,75.7481550,2022-03-12T16:53:56Z
26.8169333,75.7481150,2022-03-12T16:53:57Z
26.8168333,75.7480717,2022-03-12T16:53:58Z
26.8167533,75.7480467,2022-03-12T16:53:59Z
26.8166850,75.7480333,2022-03-12T16:54:00Z
26.8165467,75.7479867,2022-03-12T16:54:01Z
26.8164367,75.7479600,2022-03-12T16:54:02Z
26.8163167,75.7479400,2022-03-12T16:54:03Z
26.8162117,75.7479217,2022-03-12T16:54:04Z
26.8161050,75.7479000,2022-03-12T16:54:05Z
26.8160033,75.7478783,2022-03-12T16:54:06Z
26.8158917,75.7478467,2022-03-12T16:54:07Z
26.8157850,75.7478233,2022-03-12T16:54:08Z
26.8156867,75.7477967,2022-03-12T16:54:09Z
26.8155833,75.7477683,2022-03-12T16:54:10Z
26.8154733,75.7477417,2022-03-12T16:54:11Z
26.8153850,75.7477067,2022-03-12T16:54:12Z
26.8153167,75.7476667,2022-03-12T16:54:13Z
26.8152833,75.7476367,2022-03-12T16:54:14Z
26.8152567,75.7476033,2022-03-12T16:54:15Z
26.8152200,75.7475667,2022-03-12T16:54:16Z
26.8151750,75.7475217,2022-03-12T16:54:17Z
26.8151217,75.7474683,2022-03-12T16:54:18Z
26.8150700,75.7474117,2022-03-12T16:54:19Z
26.8150200,75.7473583,2022-03-12T16:54:20Z
26.8149800,75.7473083,2022-03-12T16:54:21Z
26.8149417,75.7472567,2022-03-12T16:54:22Z
26.8149250,75.7472100,2022-03-12T16:54:23Z
26.8149183,75.7471683,2022-03-12T16:54:24Z
26.8149583,75.7471467,2022-03-12T16:54:25Z
26.8149967,75.7471667,2022-03-12T16:54:26Z
26.8150383,75.7471950,2022-03-12T16:54:27Z
26.8150800,75.7472417,2022-03-12T16:54:28Z
26.8151333,75.7472983,2022-03-12T16:54:29Z
26.8152017,75.7473700,2022-03-12T16:54:30Z
26.8152717,75.7474383,2022-03-12T16:54:31Z
26.8153483,75.7474983,2022-03-12T16:54:32Z
26.8154433,75.7475617,2022-03-12T16:54:33Z
26.8155283,75.7476200,2022-03-12T16:54:34Z
26.8156250,75.7476733,2022-03-12T16:54:35Z
26.8157283,75.7477167,2022-03-12T16:54:36Z
26.8158417,75.7477433,2022-03-12T16:54:37Z
26.8159500,75.7477700,2022-03-12T16:54:38Z
26.8160533,75.7477967,2022-03-12T16:54:39Z
26.8161550,75.7478217,2022-03-12T16:54:40Z
26.8162550,75.7478500,2022-03-12T16:54:41Z
26.8163467,75.7478700,2022-03-12T16:54:42Z
26.8164517,75.7478983,2022-03-12T16:54:43Z
26.8165450,75.7479350,2022-03-12T16:54:44Z
26.8166433,75.7479667,2022-03-12T16:54:45Z
26.8167467,75.7480083,2022-03-12T16:54:46Z
26.8168433,75.7480450,2022-03-12T16:54:47Z
26.8169317,75.7480817,2022-03-12T16:54:48Z
26.8170200,75.7481200,2022-03-12T16:54:49Z
26.8171133,75.7481567,2022-03-12T16:54:50Z
26.8172083,75.7481900,2022-03-12T16:54:51Z
26.8173117,75.7482317,2022-03-12T16:54:52Z
26.8174200,75.7482783,2022-03-12T16:54:53Z
26.8175283,75.7483250,2022-03-12T16:54:54Z
26.8176417,75.7483667,2022-03-12T16:54:55Z
26.8177650,75.7484200,2022-03-12T16:54:56Z
26.8178933,75.7484800,2022-03-12T16:54:57Z
26.8180183,75.7485383,2022-03-12T16:54:58Z
26.8181317,75.7485917,2022-03-12T16:54:59Z
26.8182483,75.7486483,2022-03-12T16:55:00Z
26.8183700,75.7487033,2022-03-12T16:55:01Z
26.8184950,75.7487617,2022-03-12T16:55:02Z
26.8186183,75.7488183,2022-03-12T16:55:03Z
26.8187533,75.7489083,2022-03-12T16:55:04Z
26.8188817,75.7489733,2022-03-12T16:55:05Z
26.8190100,75.7490350,2022-03-12T16:55:06Z
26.8191400,75.7490967,2022-03-12T16:55:07Z
26.8192617,75.7491567,2022-03-12T16:55:08Z
26.8193717,75.7492150,2022-03-12T16:55:09Z
26.8194817,75.7492683,2022-03-12T16:55:10Z
26.8195900,75.7493167,2022-03-12T16:55:11Z
26.8197033,75.7493733,2022-03-12T16:55:12Z
26.8198283,75.7494400,2022-03-12T16:55:13Z
26.8199467,75.7495017,2022-03-12T16:55:14Z
26.8200600,75.7495550,2022-03-12T16:55:15Z
26.8201967,75.7496250,2022-03-12T16:55:16Z
26.8203267,75.7497217,2022-03-12T16:55:17Z
26.8204383,75.7497817,2022-03-12T16:55:18Z
26.8205483,75.7498283,2022-03-12T16:55:19Z
26.8206583,75.7498750,2022-03-12T16:55:20Z
26.8207667,75.7499200,2022-03-12T16:55:21Z
26.8208750,75.7499633,2022-03-12T16:55:22Z
26.8209800,75.7500100,2022-03-12T16:55:23Z
26.8210867,75.7500583,2022-03-12T16:55:24Z
26.8211967,75.7500933,2022-03-12T16:55:25Z
26.8213117,75.7501383,2022-03-12T16:55:26Z
26.8214183,75.7501917,2022-03-12T16:55:27Z
26.8215317,75.7502517,2022-03-12T16:55:28Z
26.8216433,75.7503150,2022-03-12T16:55:29Z
26.8217550,75.7503783,2022-03-12T16:55:30Z
26.8218667,75.7504333,2022-03-12T16:55:31Z
26.8219817,75.7504867,2022-03-12T16:55:32Z
26.8220983,75.7505483,2022-03-12T16:55:33Z
26.8222083,75.7506050,2022-03-12T16:55:34Z
26.8223183,75.7506567,2022-03-12T16:55:35Z
26.8224267,75.7507083,2022-03-12T16:55:36Z
26.8225300,75.7507600,2022-03-12T16:55:37Z
26.8226217,75.7508167,2022-03-12T16:55:38Z
26.8226967,75.7508567,2022-03-12T16:55:39Z
26.8227583,75.7508983,2022-03-12T16:55:40Z
26.8228017,75.7509233,2022-03-12T16:55:41Z
26.8228417,75.7509450,2022-03-12T16:55:42Z
26.8228850,75.7509600,2022-03-12T16:55:43Z
26.8229333,75.7509783,2022-03-12T16:55:44Z
26.8229817,75.7509950,2022-03-12T16:55:45Z
26.8230267,75.7510083,2022-03-12T16:55:46Z
26.8230783,75.7510367,2022-03-12T16:55:47Z
26.8231267,75.7510467,2022-03-12T16:55:48Z
26.8231867,75.7510567,2022-03-12T16:55:49Z
26.8232517,75.7510783,2022-03-12T16:55:50Z
26.8233183,75.7511083,2022-03-12T16:55:51Z
26.8233850,75.7511267,2022-03-12T16:55:52Z
26.8234600,75.7511383,2022-03-12T16:55:53Z
26.8235400,75.7511750,2022-03-12T16:55:54Z
26.8236350,75.7512033,2022-03-12T16:55:55Z
26.8237333,75.7512350,2022-03-12T16:55:56Z
26.8238300,75.7512667,2022-03-12T16:55:57Z
26.8239233,75.7512967,2022-03-12T16:55:58Z
26.8240250,75.7513433,2022-03-12T16:55:59Z
26.8241250,75.7513883,2022-03-12T16:56:00Z
26.8242200,75.7514300,2022-03-12T16:56:01Z
26.8243200,75.7514883,2022-03-12T16:56:02Z
26.8244167,75.7515367,2022-03-12T16:56:03Z
26.8245200,75.7515683,2022-03-12T16:56:04Z
26.8246083,75.7516067,2022-03-12T16:56:05Z
26.8247000,75.7516600,2022-03-12T16:56:06Z
26.8247850,75.7517033,2022-03-12T16:56:07Z
26.8248650,75.7517383,2022-03-12T16:56:08Z
26.8249450,75.7517667,2022-03-12T16:56:09Z
26.8250283,75.7518033,2022-03-12T16:56:10Z
26.8251067,75.7518467,2022-03-12T16:56:11Z
26.8251750,75.7518900,2022-03-12T16:56:12Z
26.8252367,75.7519367,2022-03-12T16:56:13Z
26.8252850,75.7519667,2022-03-12T16:56:14Z
26.8253283,75.7519983,2022-03-12T16:56:15Z
26.8253767,75.7520283,2022-03-12T16:56:16Z
26.8254300,75.7520517,2022-03-12T16:56:17Z
26.8254817,75.7520733,2022-03-12T16:56:18Z
26.8255317,75.7520917,2022-03-12T16:56:19Z
26.8255767,75.7521117,2022-03-12T16:56:20Z
26.8256267,75.7521383,2022-03-12T16:56:21Z
26.8256800,75.7521650,2022-03-12T16:56:22Z
26.8257400,75.7521917,2022-03-12T16:56:23Z
26.8258017,75.7522183,2022-03-12T16:56:24Z
26.8258650,75.7522333,2022-03-12T16:56:25Z
26.8259350,75.7522550,2022-03-12T16:56:26Z
26.8260217,75.7522917,2022-03-12T16:56:27Z
26.8261017,75.7523233,2022-03-12T16:56:28Z
26.8261833,75.7523617,2022-03-12T16:56:29Z
26.8262483,75.7524133,2022-03-12T16:56:30Z
26.8263133,75.7524483,2022-03-12T16:56:31Z
26.8263833,75.7524750,2022-03-12T16:56:32Z
26.8264617,75.7525000,2022-03-12T16:56:33Z
26.8265483,75.7525217,2022-03-12T16:56:34Z
26.8266333,75.7525400,2022-03-12T16:56:35Z
26.8267217,75.7525583,2022-03-12T16:56:36Z
26.8268183,75.7525900,2022-03-12T16:56:37Z
26.8269167,75.7526233,2022-03-12T16:56:38Z
26.8270167,75.7526517,2022-03-12T16:56:39Z
26.8271167,75.7526933,2022-03-12T16:56:40Z
26.8272183,75.7527417,2022-03-12T16:56:41Z
26.8273150,75.7527933,2022-03-12T16:56:42Z
26.8274000,75.7528233,2022-03-12T16:56:43Z
26.8274933,75.7528550,2022-03-12T16:56:44Z
26.8275917,75.7529000,2022-03-12T16:56:45Z
26.8276900,75.7529550,2022-03-12T16:56:46Z
26.8277950,75.7530233,2022-03-12T16:56:47Z
26.8278900,75.7530850,2022-03-12T16:56:48Z
26.8279800,75.7531283,2022-03-12T16:56:49Z
26.8280700,75.7531750,2022-03-12T16:56:50Z
26.8281550,75.7532250,2022-03-12T16:56:51Z
26.8282367,75.7532750,2022-03-12T16:56:52Z
26.8283283,75.7533267,2022-03-12T16:56:53Z
26.8284267,75.7533833,2022-03-12T16:56:54Z
26.8285233,75.7534367,2022-03-12T16:56:55Z
26.8286267,75.7534967,2022-03-12T16:56:56Z
26.8287383,75.7535633,2022-03-12T16:56:57Z
26.8288533,75.7536317,2022-03-12T16:56:58Z
26.8289633,75.7536867,2022-03-12T16:56:59Z
26.8290500,75.7537317,2022-03-12T16:57:00Z
26.8291633,75.7537983,2022-03-12T16:57:01Z
26.8292767,75.7538633,2022-03-12T16:57:02Z
26.8293900,75.7539400,2022-03-12T16:57:03Z
26.8295050,75.7540167,2022-03-12T16:57:04Z
26.8296100,75.7540850,2022-03-12T16:57:05Z
26.8297133,75.7541433,2022-03-12T16:57:06Z
26.8298133,75.7542417,2022-03-12T16:57:07Z
26.8299100,75.7543267,2022-03-12T16:57:08Z
26.8300000,75.7543933,2022-03-12T16:57:09Z
26.8300800,75.7544500,2022-03-12T16:57:10Z
26.8301567,75.7544967,2022-03-12T16:57:11Z
26.8302367,75.7545533,2022-03-12T16:57:12Z
26.8303167,75.7546200,2022-03-12T16:57:13Z
26.8303883,75.7546650,2022-03-12T16:57:14Z
26.8304650,75.7547167,2022-03-12T16:57:15Z
26.8305417,75.7547750,2022-03-12T16:57:16Z
26.8306167,75.7548283,2022-03-12T16:57:17Z
26.8307000,75.7549033,2022-03-12T16:57:18Z
26.8307800,75.7549633,2022-03-12T16:57:19Z
26.8308583,75.7550283,2022-03-12T16:57:20Z
26.8309383,75.7550850,2022-03-12T16:57:21Z
26.8310200,75.7551417,2022-03-12T16:57:22Z
26.8311067,75.7551983,2022-03-12T16:57:23Z
26.8311950,75.7552467,2022-03-12T16:57:24Z
26.8312700,75.7553033,2022-03-12T16:57:25Z
26.8313533,75.7553650,2022-03-12T16:57:26Z
26.8314400,75.7554250,2022-03-12T16:57:27Z
26.8315267,75.7554900,2022-03-12T16:57:28Z
26.8316133,75.7555650,2022-03-12T16:57:29Z
26.8316983,75.7556350,2022-03-12T16:57:30Z
26.8317867,75.7557183,2022-03-12T16:57:31Z
26.8318617,75.7558017,2022-03-12T16:57:32Z
26.8319517,75.7558567,2022-03-12T16:57:33Z
26.8320600,75.7559317,2022-03-12T16:57:34Z
26.8321633,75.7560133,2022-03-12T16:57:35Z
26.8322650,75.7560917,2022-03-12T16:57:36Z
26.8323600,75.7561550,2022-03-12T16:57:37Z
26.8324650,75.7562417,2022-03-12T16:57:38Z
26.8325633,75.7563067,2022-03-12T16:57:39Z
26.8326683,75.7563750,2022-03-12T16:57:40Z
26.8327900,75.7564550,2022-03-12T16:57:41Z
26.8329067,75.7565317,2022-03-12T16:57:42Z
26.8330567,75.7566583,2022-03-12T16:57:43Z
26.8331867,75.7567617,2022-03-12T16:57:44Z
26.8333017,75.7568283,2022-03-12T16:57:45Z
26.8334150,75.7568950,2022-03-12T16:57:46Z
26.8335133,75.7569567,2022-03-12T16:57:47Z
26.8336250,75.7570217,2022-03-12T16:57:48Z
26.8337383,75.7570833,2022-03-12T16:57:49Z
26.8338650,75.7571250,2022-03-12T16:57:50Z
26.8339867,75.7571583,2022-03-12T16:57:51Z
26.8341017,75.7572067,2022-03-12T16:57:52Z
26.8342117,75.7572550,2022-03-12T16:57:53Z
26.8343150,75.7573150,2022-03-12T16:57:54Z
26.8344267,75.7573617,2022-03-12T16:57:55Z
26.8345483,75.7574067,2022-03-12T16:57:56Z
26.8346767,75.7574667,2022-03-12T16:57:57Z
26.8347917,75.7575367,2022-03-12T16:57:58Z
26.8349100,75.7576233,2022-03-12T16:57:59Z
26.8350233,75.7577033,2022-03-12T16:58:00Z
26.8351367,75.7577783,2022-03-12T16:58:01Z
26.8352450,75.7578317,2022-03-12T16:58:02Z
26.8353600,75.7578850,2022-03-12T16:58:03Z
26.8354783,75.7579500,2022-03-12T16:58:04Z
26.8355967,75.7580267,2022-03-12T16:58:05Z
26.8357050,75.7580883,2022-03-12T16:58:06Z
26.8358250,75.7581517,2022-03-12T16:58:07Z
26.8359467,75.7582317,2022-03-12T16:58:08Z
26.8360583,75.7582900,2022-03-12T16:58:09Z
26.8361633,75.7583450,2022-03-12T16:58:10Z
26.8362717,75.7583950,2022-03-12T16:58:11Z
26.8363467,75.7584483,2022-03-12T16:58:12Z
26.8364183,75.7585017,2022-03-12T16:58:13Z
26.8365017,75.7585650,2022-03-12T16:58:14Z
26.8365817,75.7585983,2022-03-12T16:58:15Z
26.8366450,75.7586550,2022-03-12T16:58:16Z
26.8367167,75.7587017,2022-03-12T16:58:17Z
26.8367933,75.7587533,2022-03-12T16:58:18Z
26.8368667,75.7588033,2022-03-12T16:58:19Z
26.8369400,75.7588450,2022-03-12T16:58:20Z
26.8370117,75.7588783,2022-03-12T16:58:21Z
26.8370967,75.7589183,2022-03-12T16:58:22Z
26.8371933,75.7589567,2022-03-12T16:58:23Z
26.8373000,75.7589967,2022-03-12T16:58:24Z
26.8374067,75.7590450,2022-03-12T16:58:25Z
26.8375083,75.7590967,2022-03-12T16:58:26Z
26.8376217,75.7591567,2022-03-12T16:58:27Z
26.8377400,75.7592150,2022-03-12T16:58:28Z
26.8378467,75.7592700,2022-03-12T16:58:29Z
26.8379433,75.7593250,2022-03-12T16:58:30Z
26.8380200,75.7593683,2022-03-12T16:58:31Z
26.8380900,75.7594067,2022-03-12T16:58:32Z
26.8381567,75.7594367,2022-03-12T16:58:33Z
26.8382017,75.7594667,2022-03-12T16:58:34Z
26.8382250,75.7594867,2022-03-12T16:58:35Z
26.8382367,75.7595017,2022-03-12T16:58:36Z
26.8382567,75.7595150,2022-03-12T16:58:37Z
26.8382800,75.7595317,2022-03-12T16:58:38Z
26.8383100,75.7595450,2022-03-12T16:58:39Z
26.8383400,75.7595600,2022-03-12T16:58:40Z
26.8383617,75.7595717,2022-03-12T16:58:41Z
26.8383717,75.7595783,2022-03-12T16:58:42Z
26.8383750,75.7595833,2022-03-12T16:58:43Z
26.8383750,75.7595867,2022-03-12T16:58:44Z
26.8383800,75.7595917,2022-03-12T16:58:45Z
26.8383800,75.7595917,2022-03-12T16:58:46Z
26.8384017,75.7596117,2022-03-12T16:58:47Z
26.8384200,75.7596283,2022-03-12T16:58:48Z
26.8384517,75.7596467,2022-03-12T16:58:49Z
26.8384850,75.7596667,2022-03-12T16:58:50Z
26.8385200,75.7596867,2022-03-12T16:58:51Z
26.8385600,75.7597117,2022-03-12T16:58:52Z
26.8386100,75.7597450,2022-03-12T16:58:53Z
26.8386717,75.7597833,2022-03-12T16:58:54Z
26.8387417,75.7598300,2022-03-12T16:58:55Z
26.8388083,75.7598733,2022-03-12T16:58:56Z
26.8388833,75.7599100,2022-03-12T16:58:57Z
26.8389600,75.7599500,2022-03-12T16:58:58Z
26.8390417,75.7599983,2022-03-12T16:58:59Z
26.8391317,75.7600517,2022-03-12T16:59:00Z
26.8392200,75.7600983,2022-03-12T16:59:01Z
26.8393200,75.7601633,2022-03-12T16:59:02Z
26.8394217,75.7602267,2022-03-12T16:59:03Z
26.8395233,75.7602883,2022-03-12T16:59:04Z
26.8396267,75.7603483,2022-03-12T16:59:05Z
26.8397250,75.7604067,2022-03-12T16:59:06Z
26.8398133,75.7604550,2022-03-12T16:59:07Z
26.8398900,75.7604983,2022-03-12T16:59:08Z
26.8399417,75.7605300,2022-03-12T16:59:09Z
26.8400283,75.7605783,2022-03-12T16:59:10Z
26.8401183,75.7606183,2022-03-12T16:59:11Z
26.8402283,75.7606783,2022-03-12T16:59:12Z
26.8403433,75.7607317,2022-03-12T16:59:13Z
26.8404500,75.7607800,2022-03-12T16:59:14Z
26.8405617,75.7608433,2022-03-12T16:59:15Z
26.8406667,75.7609033,2022-03-12T16:59:16Z
26.8407717,75.7609717,2022-03-12T16:59:17Z
26.8408817,75.7610483,2022-03-12T16:59:18Z
26.8409967,75.7611050,2022-03-12T16:59:19Z
26.8411067,75.7611667,2022-03-12T16:59:20Z
26.8412167,75.7612233,2022-03-12T16:59:21Z
26.8413167,75.7612767,2022-03-12T16:59:22Z
26.8414150,75.7613300,2022-03-12T16:59:23Z
26.8414800,75.7613667,2022-03-12T16:59:24Z
26.8415633,75.7614133,2022-03-12T16:59:25Z
26.8416633,75.7614783,2022-03-12T16:59:26Z
26.8417567,75.7615400,2022-03-12T16:59:27Z
26.8418567,75.7616133,2022-03-12T16:59:28Z
26.8419583,75.7616933,2022-03-12T16:59:29Z
26.8420633,75.7617683,2022-03-12T16:59:30Z
26.8421733,75.7618467,2022-03-12T16:59:31Z
26.8422883,75.7619350,2022-03-12T16:59:32Z
26.8424000,75.7620083,2022-03-12T16:59:33Z
26.8425050,75.7620667,2022-03-12T16:59:34Z
26.8426117,75.7621267,2022-03-12T16:59:35Z
26.8427167,75.7621917,2022-03-12T16:59:36Z
26.8428133,75.7622333,2022-03-12T16:59:37Z
26.8428933,75.7622717,2022-03-12T16:59:38Z
26.8429633,75.7623083,2022-03-12T16:59:39Z
26.8430233,75.7623350,2022-03-12T16:59:40Z
26.8430667,75.7623500,2022-03-12T16:59:41Z
26.8431000,75.7623433,2022-03-12T16:59:42Z
26.8431183,75.7623200,2022-03-12T16:59:43Z
26.8431250,75.7622983,2022-03-12T16:59:44Z
26.8431267,75.7622800,2022-03-12T16:59:45Z
26.8431267,75.7622617,2022-03-12T16:59:46Z
26.8431317,75.7622433,2022-03-12T16:59:47Z
26.8431283,75.7622200,2022-03-12T16:59:48Z
26.8431283,75.7621850,2022-03-12T16:59:49Z
26.8431333,75.7621383,2022-03-12T16:59:50Z
26.8431533,75.7620783,2022-03-12T16:59:51Z
26.8431650,75.7620250,2022-03-12T16:59:52Z
26.8431850,75.7619750,2022-03-12T16:59:53Z
26.8432133,75.7619233,2022-03-12T16:59:54Z
26.8432400,75.7618683,2022-03-12T16:59:55Z
26.8432617,75.7618067,2022-03-12T16:59:56Z
26.8432800,75.7617550,2022-03-12T16:59:57Z
26.8433000,75.7616983,2022-03-12T16:59:58Z
26.8433217,75.7616383,2022-03-12T16:59:59Z
26.8433433,75.7615833,2022-03-12T17:00:00Z
26.8433633,75.7615367,2022-03-12T17:00:01Z
26.8433783,75.7614933,2022-03-12T17:00:02Z
26.8433967,75.7614450,2022-03-12T17:00:03Z
26.8434133,75.7613900,2022-03-12T17:00:04Z
26.8434433,75.7613367,2022-03-12T17:00:05Z
26.8434600,75.7613000,2022-03-12T17:00:06Z
26.8434800,75.7612633,2022-03-12T17:00:07Z
26.8435000,75.7612150,2022-03-12T17:00:08Z
26.8435100,75.7611633,2022-03-12T17:00:09Z
26.8435317,75.7611033,2022-03-12T17:00:10Z
26.8435650,75.7610283,2022-03-12T17:00:11Z
26.8436033,75.7609367,2022-03-12T17:00:12Z
26.8436333,75.7608567,2022-03-12T17:00:13Z
26.8436667,75.7607783,2022-03-12T17:00:14Z
26.8436917,75.7607150,2022-03-12T17:00:15Z
26.8437100,75.7606567,2022-03-12T17:00:16Z
26.8437233,75.7605933,2022-03-12T17:00:17Z
26.8437250,75.7605617,2022-03-12T17:00:18Z
26.8437333,75.7605367,2022-03-12T17:00:19Z
26.8437400,75.7605250,2022-03-12T17:00:20Z
26.8437450,75.7605117,2022-03-12T17:00:21Z
26.8437617,75.7604817,2022-03-12T17:00:22Z
26.8437750,75.7604533,2022-03-12T17:00:23Z
26.8437867,75.7604283,2022-03-12T17:00:24Z
26.8438017,75.7604250,2022-03-12T17:00:25Z
26.8438117,75.7604317,2022-03-12T17:00:26Z
26.8438217,75.7604250,2022-03-12T17:00:27Z
26.8438067,75.7604250,2022-03-12T17:00:28Z
26.8438150,75.7604250,2022-03-12T17:00:29Z
26.8438400,75.7604133,2022-03-12T17:00:30Z
26.8438683,75.7603800,2022-03-12T17:00:31Z
26.8439017,75.7603467,2022-03-12T17:00:32Z
26.8439417,75.7603167,2022-03-12T17:00:33Z
26.8439700,75.7603067,2022-03-12T17:00:34Z
26.8439833,75.7603017,2022-03-12T17:00:35Z
26.8439917,75.7602867,2022-03-12T17:00:36Z
26.8439983,75.7602683,2022-03-12T17:00:37Z
26.8440100,75.7602317,2022-03-12T17:00:38Z
26.8440233,75.7602017,2022-03-12T17:00:39Z
26.8440433,75.7601567,2022-03-12T17:00:40Z
26.8440617,75.7601017,2022-03-12T17:00:41Z
26.8440833,75.7600450,2022-03-12T17:00:42Z
26.8441033,75.7599833,2022-03-12T17:00:43Z
26.8441267,75.7599450,2022-03-12T17:00:44Z
26.8441367,75.7599100,2022-03-12T17:00:45Z
26.8441467,75.7598867,2022-03-12T17:00:46Z
26.8441600,75.7598550,2022-03-12T17:00:47Z
26.8441767,75.7598267,2022-03-12T17:00:48Z
26.8441817,75.7598033,2022-03-12T17:00:49Z
26.8441900,75.7597833,2022-03-12T17:00:50Z
26.8442000,75.7597667,2022-03-12T17:00:51Z
26.8442150,75.7597450,2022-03-12T17:00:52Z
26.8442333,75.7597133,2022-03-12T17:00:53Z
26.8442483,75.7596667,2022-03-12T17:00:54Z
26.8442683,75.7596150,2022-03-12T17:00:55Z
26.8442933,75.7595567,2022-03-12T17:00:56Z
26.8443183,75.7594833,2022-03-12T17:00:57Z
26.8443517,75.7593967,2022-03-12T17:00:58Z
26.8443850,75.7593200,2022-03-12T17:00:59Z
26.8444083,75.7592633,2022-03-12T17:01:00Z
26.8444300,75.7592250,2022-03-12T17:01:01Z
26.8444450,75.7592017,2022-03-12T17:01:02Z
26.8444517,75.7591867,2022-03-12T17:01:03Z
26.8444583,75.7591700,2022-03-12T17:01:04Z
26.8444650,75.7591550,2022-03-12T17:01:05Z
26.8444700,75.7591367,2022-03-12T17:01:06Z
26.8444833,75.7591150,2022-03-12T17:01:07Z
26.8445017,75.7590900,2022-03-12T17:01:08Z
26.8445233,75.7590483,2022-03-12T17:01:09Z
26.8445383,75.7589950,2022-03-12T17:01:10Z
26.8445633,75.7589367,2022-03-12T17:01:11Z
26.8445833,75.7588833,2022-03-12T17:01:12Z
26.8446050,75.7588317,2022-03-12T17:01:13Z
26.8446200,75.7587850,2022-03-12T17:01:14Z
26.8446300,75.7587467,2022-03-12T17:01:15Z
26.8446383,75.7587167,2022-03-12T17:01:16Z
26.8446483,75.7586850,2022-03-12T17:01:17Z
26.8446550,75.7586433,2022-03-12T17:01:18Z
26.8446617,75.7586100,2022-03-12T17:01:19Z
26.8446700,75.7585800,2022-03-12T17:01:20Z
26.8446850,75.7585500,2022-03-12T17:01:21Z
26.8447033,75.7585233,2022-03-12T17:01:22Z
26.8447233,75.7584983,2022-03-12T17:01:23Z
26.8447400,75.7584733,2022-03-12T17:01:24Z
26.8447500,75.7584500,2022-03-12T17:01:25Z
26.8447567,75.7584300,2022-03-12T17:01:26Z
26.8447700,75.7584083,2022-03-12T17:01:27Z
26.8447850,75.7583850,2022-03-12T17:01:28Z
26.8447950,75.7583633,2022-03-12T17:01:29Z
26.8448000,75.7583367,2022-03-12T17:01:30Z
26.8448067,75.7583167,2022-03-12T17:01:31Z
26.8448100,75.7582933,2022-03-12T17:01:32Z
26.8448100,75.7582750,2022-03-12T17:01:33Z
26.8448117,75.7582567,2022-03-12T17:01:34Z
26.8448150,75.7582317,2022-03-12T17:01:35Z
26.8448233,75.7581983,2022-03-12T17:01:36Z
26.8448333,75.7581633,2022-03-12T17:01:37Z
26.8448650,75.7581250,2022-03-12T17:01:38Z
26.8449167,75.7580700,2022-03-12T17:01:39Z
26.8449467,75.7580017,2022-03-12T17:01:40Z
26.8449667,75.7579483,2022-03-12T17:01:41Z
26.8449900,75.7578817,2022-03-12T17:01:42Z
26.8450017,75.7578183,2022-03-12T17:01:43Z
26.8450100,75.7577633,2022-03-12T17:01:44Z
26.8450183,75.7577317,2022-03-12T17:01:45Z
26.8450267,75.7576950,2022-03-12T17:01:46Z
26.8450333,75.7576667,2022-03-12T17:01:47Z
26.8450433,75.7576433,2022-03-12T17:01:48Z
26.8450583,75.7576317,2022-03-12T17:01:49Z
26.8450800,75.7576183,2022-03-12T17:01:50Z
26.8451050,75.7576233,2022-03-12T17:01:51Z
26.8451450,75.7576250,2022-03-12T17:01:52Z
26.8451817,75.7576283,2022-03-12T17:01:53Z
26.8452000,75.7576367,2022-03-12T17:01:54Z
26.8452250,75.7576467,2022-03-12T17:01:55Z
26.8452483,75.7576483,2022-03-12T17:01:56Z
26.8452683,75.7576517,2022-03-12T17:01:57Z
26.8453000,75.7576650,2022-03-12T17:01:58Z
26.8453367,75.7576767,2022-03-12T17:01:59Z
26.8453767,75.7576850,2022-03-12T17:02:00Z
26.8454217,75.7576983,2022-03-12T17:02:01Z
26.8454733,75.7577183,2022-03-12T17:02:02Z
26.8455267,75.7577333,2022-03-12T17:02:03Z
26.8455767,75.7577467,2022-03-12T17:02:04Z
26.8456233,75.7577517,2022-03-12T17:02:05Z
26.8456567,75.7577550,2022-03-12T17:02:06Z
26.8456883,75.7577450,2022-03-12T17:02:07Z
26.8457200,75.7577300,2022-03-12T17:02:08Z
26.8457433,75.7577067,2022-03-12T17:02:09Z
26.8457617,75.7576817,2022-03-12T17:02:10Z
26.8457733,75.7576400,2022-03-12T17:02:11Z
26.8457883,75.7575800,2022-03-12T17:02:12Z
26.8458050,75.7575150,2022-03-12T17:02:13Z
26.8458167,75.7574533,2022-03-12T17:02:14Z
26.8458250,75.7573800,2022-03-12T17:02:15Z
26.8458333,75.7573283,2022-03-12T17:02:16Z
26.8458383,75.7572817,2022-03-12T17:02:17Z
26.8458467,75.7572417,2022-03-12T17:02:18Z
26.8458500,75.7572067,2022-03-12T17:02:19Z
26.8458500,75.7571783,2022-03-12T17:02:20Z
26.8458533,75.7571483,2022-03-12T17:02:21Z
26.8458600,75.7571317,2022-03-12T17:02:22Z
26.8458783,75.7571267,2022-03-12T17:02:23Z
26.8458950,75.7571233,2022-03-12T17:02:24Z
26.8459317,75.7571150,2022-03-12T17:02:25Z
26.8459833,75.7571050,2022-03-12T17:02:26Z
26.8460367,75.7571117,2022-03-12T17:02:27Z
26.8461083,75.7571200,2022-03-12T17:02:28Z
26.8461883,75.7571333,2022-03-12T17:02:29Z
26.8462817,75.7571517,2022-03-12T17:02:30Z
26.8463750,75.7571667,2022-03-12T17:02:31Z
26.8464600,75.7571883,2022-03-12T17:02:32Z
26.8465333,75.7572100,2022-03-12T17:02:33Z
26.8466050,75.7572217,2022-03-12T17:02:34Z
26.8466683,75.7572250,2022-03-12T17:02:35Z
26.8467100,75.7572217,2022-03-12T17:02:36Z
26.8467383,75.7572183,2022-03-12T17:02:37Z
26.8467567,75.7572117,2022-03-12T17:02:38Z
26.8467600,75.7571883,2022-03-12T17:02:39Z
26.8467650,75.7571717,2022-03-12T17:02:40Z
26.8467683,75.7571533,2022-03-12T17:02:41Z
26.8467667,75.7571283,2022-03-12T17:02:42Z
26.8467650,75.7571050,2022-03-12T17:02:43Z
26.8467717,75.7570833,2022-03-12T17:02:44Z
26.8467800,75.7570550,2022-03-12T17:02:45Z
26.8467867,75.7570233,2022-03-12T17:02:46Z
26.8467967,75.7569750,2022-03-12T17:02:47Z
26.8468100,75.7569117,2022-03-12T17:02:48Z
26.8468267,75.7568383,2022-03-12T17:02:49Z
26.8468417,75.7567533,2022-03-12T17:02:50Z
26.8468617,75.7566617,2022-03-12T17:02:51Z
26.8468800,75.7565750,2022-03-12T17:02:52Z
26.8468950,75.7564917,2022-03-12T17:02:53Z
26.8469150,75.7564083,2022-03-12T17:02:54Z
26.8469333,75.7563217,2022-03-12T17:02:55Z
26.8469383,75.7562450,2022-03-12T17:02:56Z
26.8469583,75.7561550,2022-03-12T17:02:57Z
26.8469833,75.7560667,2022-03-12T17:02:58Z
26.8470067,75.7559767,2022-03-12T17:02:59Z
26.8470383,75.7558767,2022-03-12T17:03:00Z
26.8470667,75.7557850,2022-03-12T17:03:01Z
26.8470900,75.7556917,2022-03-12T17:03:02Z
26.8471167,75.7555983,2022-03-12T17:03:03Z
26.8471450,75.7554933,2022-03-12T17:03:04Z
26.8471917,75.7553800,2022-03-12T17:03:05Z
26.8472417,75.7552550,2022-03-12T17:03:06Z
26.8472833,75.7551283,2022-03-12T17:03:07Z
26.8473250,75.7550017,2022-03-12T17:03:08Z
26.8473533,75.7548800,2022-03-12T17:03:09Z
26.8473950,75.7547667,2022-03-12T17:03:10Z
26.8474367,75.7546300,2022-03-12T17:03:11Z
26.8474600,75.7545067,2022-03-12T17:03:12Z
26.8474867,75.7543783,2022-03-12T17:03:13Z
26.8475167,75.7542583,2022-03-12T17:03:14Z
26.8475500,75.7541333,2022-03-12T17:03:15Z
26.8475750,75.7540200,2022-03-12T17:03:16Z
26.8476017,75.7539167,2022-03-12T17:03:17Z
26.8476233,75.7538133,2022-03-12T17:03:18Z
26.8476433,75.7537133,2022-03-12T17:03:19Z
26.8476600,75.7536333,2022-03-12T17:03:20Z
26.8476800,75.7535550,2022-03-12T17:03:21Z
26.8476867,75.7534950,2022-03-12T17:03:22Z
26.8476983,75.7534483,2022-03-12T17:03:23Z
26.8477083,75.7534200,2022-03-12T17:03:24Z
26.8477133,75.7533967,2022-03-12T17:03:25Z
26.8477167,75.7533767,2022-03-12T17:03:26Z
26.8477283,75.7533500,2022-03-12T17:03:27Z
26.8477433,75.7533100,2022-03-12T17:03:28Z
26.8477550,75.7532717,2022-03-12T17:03:29Z
26.8477633,75.7532350,2022-03-12T17:03:30Z
26.8477683,75.7531983,2022-03-12T17:03:31Z
26.8477783,75.7531600,2022-03-12T17:03:32Z
26.8477867,75.7531217,2022-03-12T17:03:33Z
26.8477933,75.7530783,2022-03-12T17:03:34Z
26.8477983,75.7530400,2022-03-12T17:03:35Z
26.8478117,75.7529917,2022-03-12T17:03:36Z
26.8478300,75.7529433,2022-03-12T17:03:37Z
26.8478467,75.7528950,2022-03-12T17:03:38Z
26.8478550,75.7528583,2022-03-12T17:03:39Z
26.8478617,75.7528250,2022-03-12T17:03:40Z
26.8478750,75.7527867,2022-03-12T17:03:41Z
26.8478750,75.7527583,2022-03-12T17:03:42Z
26.8478767,75.7527283,2022-03-12T17:03:43Z
26.8478833,75.7527067,2022-03-12T17:03:44Z
26.8478933,75.7526767,2022-03-12T17:03:45Z
26.8479150,75.7526500,2022-03-12T17:03:46Z
26.8479400,75.7526317,2022-03-12T17:03:47Z
26.8479733,75.7526233,2022-03-12T17:03:48Z
26.8480033,75.7526217,2022-03-12T17:03:49Z
26.8480250,75.7526100,2022-03-12T17:03:50Z
26.8480383,75.7526067,2022-03-12T17:03:51Z
26.8480567,75.7526067,2022-03-12T17:03:52Z
26.8480833,75.7526117,2022-03-12T17:03:53Z
26.8481167,75.7526200,2022-03-12T17:03:54Z
26.8481617,75.7526283,2022-03-12T17:03:55Z
26.8482217,75.7526533,2022-03-12T17:03:56Z
26.8482833,75.7526700,2022-03-12T17:03:57Z
26.8483467,75.7526917,2022-03-12T17:03:58Z
26.8484083,75.7527200,2022-03-12T17:03:59Z
26.8484850,75.7527567,2022-03-12T17:04:00Z
26.8485533,75.7527883,2022-03-12T17:04:01Z
26.8486217,75.7528250,2022-03-12T17:04:02Z
26.8486900,75.7528717,2022-03-12T17:04:03Z
26.8487650,75.7529233,2022-03-12T17:04:04Z
26.8488450,75.7529833,2022-03-12T17:04:05Z
26.8489283,75.7530567,2022-03-12T17:04:06Z
26.8490117,75.7531250,2022-03-12T17:04:07Z
26.8490967,75.7532000,2022-03-12T17:04:08Z
26.8491867,75.7532783,2022-03-12T17:04:09Z
26.8492833,75.7533583,2022-03-12T17:04:10Z
26.8493767,75.7534317,2022-03-12T17:04:11Z
26.8494633,75.7535083,2022-03-12T17:04:12Z
26.8495517,75.7535767,2022-03-12T17:04:13Z
26.8496367,75.7536483,2022-03-12T17:04:14Z
26.8497200,75.7537183,2022-03-12T17:04:15Z
26.8498033,75.7537900,2022-03-12T17:04:16Z
26.8498933,75.7538667,2022-03-12T17:04:17Z
26.8499683,75.7539400,2022-03-12T17:04:18Z
26.8500450,75.7540067,2022-03-12T17:04:19Z
26.8501117,75.7540667,2022-03-12T17:04:20Z
26.8501767,75.7541183,2022-03-12T17:04:21Z
26.8502500,75.7541767,2022-03-12T17:04:22Z
26.8503267,75.7542483,2022-03-12T17:04:23Z
26.8504017,75.7543250,2022-03-12T17:04:24Z
26.8504817,75.7543933,2022-03-12T17:04:25Z
26.8505667,75.7544700,2022-03-12T17:04:26Z
26.8506483,75.7545483,2022-03-12T17:04:27Z
26.8507267,75.7546217,2022-03-12T17:04:28Z
26.8508050,75.7546983,2022-03-12T17:04:29Z
26.8508900,75.7547750,2022-03-12T17:04:30Z
26.8509783,75.7548483,2022-03-12T17:04:31Z
26.8510600,75.7549117,2022-03-12T17:04:32Z
26.8511400,75.7549867,2022-03-12T17:04:33Z
26.8512267,75.7550700,2022-03-12T17:04:34Z
26.8513167,75.7551400,2022-03-12T17:04:35Z
26.8514117,75.7552200,2022-03-12T17:04:36Z
26.8515033,75.7552967,2022-03-12T17:04:37Z
26.8515850,75.7553667,2022-03-12T17:04:38Z
26.8516733,75.7554400,2022-03-12T17:04:39Z
26.8517550,75.7555100,2022-03-12T17:04:40Z
26.8518467,75.7555750,2022-03-12T17:04:41Z
26.8519333,75.7556367,2022-03-12T17:04:42Z
26.8520333,75.7556883,2022-03-12T17:04:43Z
26.8521317,75.7557267,2022-03-12T17:04:44Z
26.8522200,75.7557633,2022-03-12T17:04:45Z
26.8523150,75.7557867,2022-03-12T17:04:46Z
26.8524067,75.7557850,2022-03-12T17:04:47Z
26.8524967,75.7557733,2022-03-12T17:04:48Z
26.8525867,75.7557617,2022-03-12T17:04:49Z
26.8526817,75.7557517,2022-03-12T17:04:50Z
26.8527883,75.7557467,2022-03-12T17:04:51Z
26.8528983,75.7557483,2022-03-12T17:04:52Z
26.8530000,75.7557733,2022-03-12T17:04:53Z
26.8530933,75.7558133,2022-03-12T17:04:54Z
26.8531983,75.7558483,2022-03-12T17:04:55Z
26.8532933,75.7559067,2022-03-12T17:04:56Z
26.8533817,75.7559650,2022-03-12T17:04:57Z
26.8534733,75.7560367,2022-03-12T17:04:58Z
26.8535633,75.7561000,2022-03-12T17:04:59Z
26.8536533,75.7561667,2022-03-12T17:05:00Z
26.8537383,75.7562383,2022-03-12T17:05:01Z
26.8538183,75.7563033,2022-03-12T17:05:02Z
26.8539033,75.7563667,2022-03-12T17:05:03Z
26.8539783,75.7564233,2022-03-12T17:05:04Z
26.8540533,75.7564700,2022-03-12T17:05:05Z
26.8541267,75.7565233,2022-03-12T17:05:06Z
26.8542017,75.7565833,2022-03-12T17:05:07Z
26.8542800,75.7566483,2022-03-12T17:05:08Z
26.8543617,75.7567067,2022-03-12T17:05:09Z
26.8544317,75.7567633,2022-03-12T17:05:10Z
26.8545067,75.7568267,2022-03-12T17:05:11Z
26.8545817,75.7568933,2022-03-12T17:05:12Z
26.8546617,75.7569567,2022-03-12T17:05:13Z
26.8547433,75.7570200,2022-03-12T17:05:14Z
26.8548150,75.7570767,2022-03-12T17:05:15Z
26.8548867,75.7571350,2022-03-12T17:05:16Z
26.8549733,75.7571983,2022-03-12T17:05:17Z
26.8550650,75.7572600,2022-03-12T17:05:18Z
26.8551500,75.7573200,2022-03-12T17:05:19Z
26.8552383,75.7573833,2022-03-12T17:05:20Z
26.8553283,75.7574517,2022-03-12T17:05:21Z
26.8554200,75.7575217,2022-03-12T17:05:22Z
26.8555150,75.7575933,2022-03-12T17:05:23Z
26.8556067,75.7576550,2022-03-12T17:05:24Z
26.8557050,75.7577150,2022-03-12T17:05:25Z
26.8557983,75.7577783,2022-03-12T17:05:26Z
26.8558767,75.7578350,2022-03-12T17:05:27Z
26.8559467,75.7579017,2022-03-12T17:05:28Z
26.8560083,75.7579483,2022-03-12T17:05:29Z
26.8560717,75.7579917,2022-03-12T17:05:30Z
26.8561317,75.7580333,2022-03-12T17:05:31Z
26.8561800,75.7580700,2022-03-12T17:05:32Z
26.8562250,75.7581017,2022-03-12T17:05:33Z
26.8562650,75.7581350,2022-03-12T17:05:34Z
26.8563000,75.7581583,2022-03-12T17:05:35Z
26.8563233,75.7581750,2022-03-12T17:05:36Z
26.8563350,75.7581850,2022-03-12T17:05:37Z
26.8563350,75.7581900,2022-03-12T17:05:38Z
26.8563267,75.7581800,2022-03-12T17:05:39Z
26.8563233,75.7581767,2022-03-12T17:05:40Z
26.8563233,75.7581767,2022-03-12T17:05:41Z
26.8563233,75.7581767,2022-03-12T17:05:42Z
26.8563233,75.7581767,2022-03-12T17:05:43Z
26.8563233,75.7581767,2022-03-12T17:05:44Z
26.8563233,75.7581767,2022-03-12T17:05:45Z
26.8563233,75.7581767,2022-03-12T17:05:46Z
26.8563233,75.7581767,2022-03-12T17:05:47Z
26.8563233,75.7581767,2022-03-12T17:05:48Z
26.8563233,75.7581767,2022-03-12T17:05:49Z
26.8563233,75.7581767,2022-03-12T17:05:50Z
26.8563233,75.7581767,2022-03-12T17:05:51Z
26.8563233,75.7581767,2022-03-12T17:05:52Z
26.8563233,75.7581767,2022-03-12T17:05:53Z
26.8563233,75.7581767,2022-03-12T17:05:54Z
26.8563233,75.7581767,2022-03-12T17:05:55Z
26.8563233,75.7581767,2022-03-12T17:05:56Z
26.8563233,75.7581767,2022-03-12T17:05:57Z
26.8563233,75.7581767,2022-03-12T17:05:58Z
26.8563233,75.7581767,2022-03-12T17:05:59Z
26.8563233,75.7581767,2022-03-12T17:06:00Z
26.8563233,75.7581767,2022-03-12T17:06:01Z
26.8563233,75.7581767,2022-03-12T17:06:02Z
26.8563233,75.7581767,2022-03-12T17:06:03Z
26.8563233,75.7581767,2022-03-12T17:06:04Z
26.8563233,75.7581767,2022-03-12T17:06:05Z
26.8563233,75.7581767,2022-03-12T17:06:06Z
26.8563233,75.7581767,2022-03-12T17:06:07Z
26.8563233,75.7581767,2022-03-12T17:06:08Z
26.8563233,75.7581767,2022-03-12T17:06:09Z
26.8563233,75.7581767,2022-03-12T17:06:10Z
