lat,lon,timestamp_utc
26.8018012,75.8488768,2024-02-15T05:36:22Z
26.8017971,75.8488826,2024-02-15T05:36:23Z
26.8017991,75.8488860,2024-02-15T05:36:24Z
26.8017947,75.8488830,2024-02-15T05:36:25Z
26.8017887,75.8488816,2024-02-15T05:36:26Z
26.8017847,75.8488820,2024-02-15T05:36:27Z
26.8017813,75.8488892,2024-02-15T05:36:28Z
26.8017800,75.8488924,2024-02-15T05:36:29Z
26.8017800,75.8488941,2024-02-15T05:36:30Z
26.8017788,75.8488956,2024-02-15T05:36:31Z
26.8017790,75.8488962,2024-02-15T05:36:32Z
26.8017786,75.8488963,2024-02-15T05:36:33Z
26.8017785,75.8488968,2024-02-15T05:36:34Z
26.8017785,75.8488968,2024-02-15T05:36:35Z
26.8017785,75.8488968,2024-02-15T05:36:36Z
26.8017785,75.8488969,2024-02-15T05:36:37Z
26.8017785,75.8488968,2024-02-15T05:36:38Z
26.8017785,75.8488968,2024-02-15T05:36:39Z
26.8017785,75.8488968,2024-02-15T05:36:40Z
26.8017785,75.8488968,2024-02-15T05:36:41Z
26.8017785,75.8488968,2024-02-15T05:36:42Z
26.8017785,75.8488968,2024-02-15T05:36:43Z
26.8017785,75.8488967,2024-02-15T05:36:44Z
26.8017785,75.8488967,2024-02-15T05:36:45Z
26.8017786,75.8488967,2024-02-15T05:36:46Z
26.8017785,75.8488967,2024-02-15T05:36:47Z
26.8017786,75.8488967,2024-02-15T05:36:48Z
26.8017785,75.8488967,2024-02-15T05:36:49Z
26.8017786,75.8488966,2024-02-15T05:36:50Z
26.8017787,75.8488966,2024-02-15T05:36:51Z
26.8017787,75.8488965,2024-02-15T05:36:52Z
26.8017743,75.8489052,2024-02-15T05:36:53Z
26.8017747,75.8489201,2024-02-15T05:36:54Z
26.8017757,75.8489503,2024-02-15T05:36:55Z
26.8017787,75.8489828,2024-02-15T05:36:56Z
26.8017830,75.8490207,2024-02-15T05:36:57Z
26.8017850,75.8490658,2024-02-15T05:36:58Z
26.8017876,75.8491248,2024-02-15T05:36:59Z
26.8017976,75.8491971,2024-02-15T05:37:00Z
26.8018034,75.8492794,2024-02-15T05:37:01Z
26.8018107,75.8493663,2024-02-15T05:37:02Z
26.8018139,75.8494471,2024-02-15T05:37:03Z
26.8018151,75.8495393,2024-02-15T05:37:04Z
26.8018155,75.8496410,2024-02-15T05:37:05Z
26.8018229,75.8497492,2024-02-15T05:37:06Z
26.8018273,75.8498664,2024-02-15T05:37:07Z
26.8018328,75.8499848,2024-02-15T05:37:08Z
26.8018340,75.8501046,2024-02-15T05:37:09Z
26.8018373,75.8502191,2024-02-15T05:37:10Z
26.8018369,75.8503447,2024-02-15T05:37:11Z
26.8018474,75.8504713,2024-02-15T05:37:12Z
26.8018582,75.8506015,2024-02-15T05:37:13Z
26.8018679,75.8507281,2024-02-15T05:37:14Z
26.8018805,75.8508435,2024-02-15T05:37:15Z
26.8018879,75.8509602,2024-02-15T05:37:16Z
26.8018933,75.8510687,2024-02-15T05:37:17Z
26.8018966,75.8511496,2024-02-15T05:37:18Z
26.8019029,75.8512008,2024-02-15T05:37:19Z
26.8019075,75.8512382,2024-02-15T05:37:20Z
26.8019141,75.8512612,2024-02-15T05:37:21Z
26.8019191,75.8512852,2024-02-15T05:37:22Z
26.8019211,75.8513282,2024-02-15T05:37:23Z
26.8019259,75.8513669,2024-02-15T05:37:24Z
26.8019293,75.8514065,2024-02-15T05:37:25Z
26.8019376,75.8514448,2024-02-15T05:37:26Z
26.8019465,75.8515135,2024-02-15T05:37:27Z
26.8019590,75.8515900,2024-02-15T05:37:28Z
26.8019748,75.8516674,2024-02-15T05:37:29Z
26.8019948,75.8517489,2024-02-15T05:37:30Z
26.8020092,75.8518364,2024-02-15T05:37:31Z
26.8020307,75.8519291,2024-02-15T05:37:32Z
26.8020447,75.8520337,2024-02-15T05:37:33Z
26.8020637,75.8521433,2024-02-15T05:37:34Z
26.8020848,75.8522634,2024-02-15T05:37:35Z
26.8021055,75.8523780,2024-02-15T05:37:36Z
26.8021215,75.8524907,2024-02-15T05:37:37Z
26.8021429,75.8526147,2024-02-15T05:37:38Z
26.8021638,75.8527397,2024-02-15T05:37:39Z
26.8021883,75.8528645,2024-02-15T05:37:40Z
26.8022097,75.8529930,2024-02-15T05:37:41Z
26.8022312,75.8531294,2024-02-15T05:37:42Z
26.8022550,75.8532691,2024-02-15T05:37:43Z
26.8022797,75.8534107,2024-02-15T05:37:44Z
26.8023074,75.8535565,2024-02-15T05:37:45Z
26.8023349,75.8537118,2024-02-15T05:37:46Z
26.8023589,75.8538579,2024-02-15T05:37:47Z
26.8023823,75.8540028,2024-02-15T05:37:48Z
26.8024114,75.8541394,2024-02-15T05:37:49Z
26.8024318,75.8542809,2024-02-15T05:37:50Z
26.8024567,75.8544242,2024-02-15T05:37:51Z
26.8024786,75.8545613,2024-02-15T05:37:52Z
26.8025008,75.8547074,2024-02-15T05:37:53Z
26.8025225,75.8548474,2024-02-15T05:37:54Z
26.8025468,75.8549833,2024-02-15T05:37:55Z
26.8025749,75.8551105,2024-02-15T05:37:56Z
26.8026025,75.8552381,2024-02-15T05:37:57Z
26.8026275,75.8553648,2024-02-15T05:37:58Z
26.8026563,75.8554848,2024-02-15T05:37:59Z
26.8026804,75.8556084,2024-02-15T05:38:00Z
26.8027007,75.8557130,2024-02-15T05:38:01Z
26.8027215,75.8558106,2024-02-15T05:38:02Z
26.8027363,75.8558926,2024-02-15T05:38:03Z
26.8027473,75.8559469,2024-02-15T05:38:04Z
26.8027575,75.8559801,2024-02-15T05:38:05Z
26.8027599,75.8560182,2024-02-15T05:38:06Z
26.8027670,75.8560519,2024-02-15T05:38:07Z
26.8027749,75.8560948,2024-02-15T05:38:08Z
26.8027868,75.8561410,2024-02-15T05:38:09Z
26.8028030,75.8561973,2024-02-15T05:38:10Z
26.8028250,75.8562616,2024-02-15T05:38:11Z
26.8028427,75.8563307,2024-02-15T05:38:12Z
26.8028591,75.8564020,2024-02-15T05:38:13Z
26.8028747,75.8564671,2024-02-15T05:38:14Z
26.8028842,75.8565295,2024-02-15T05:38:15Z
26.8028997,75.8565854,2024-02-15T05:38:16Z
26.8029122,75.8566445,2024-02-15T05:38:17Z
26.8029190,75.8566969,2024-02-15T05:38:18Z
26.8029279,75.8567328,2024-02-15T05:38:19Z
26.8029360,75.8567650,2024-02-15T05:38:20Z
26.8029434,75.8567972,2024-02-15T05:38:21Z
26.8029545,75.8568234,2024-02-15T05:38:22Z
26.8029634,75.8568490,2024-02-15T05:38:23Z
26.8029673,75.8568651,2024-02-15T05:38:24Z
26.8029681,75.8568736,2024-02-15T05:38:25Z
26.8029703,75.8568776,2024-02-15T05:38:26Z
26.8029706,75.8568816,2024-02-15T05:38:27Z
26.8029711,75.8568843,2024-02-15T05:38:28Z
26.8029742,75.8568893,2024-02-15T05:38:29Z
26.8029803,75.8568998,2024-02-15T05:38:30Z
26.8029868,75.8569189,2024-02-15T05:38:31Z
26.8029911,75.8569418,2024-02-15T05:38:32Z
26.8029963,75.8569696,2024-02-15T05:38:33Z
26.8030025,75.8570026,2024-02-15T05:38:34Z
26.8030101,75.8570363,2024-02-15T05:38:35Z
26.8030217,75.8570688,2024-02-15T05:38:36Z
26.8030405,75.8571028,2024-02-15T05:38:37Z
26.8030745,75.8571266,2024-02-15T05:38:38Z
26.8031255,75.8571493,2024-02-15T05:38:39Z
26.8031870,75.8571527,2024-02-15T05:38:40Z
26.8032531,75.8571445,2024-02-15T05:38:41Z
26.8033285,75.8571219,2024-02-15T05:38:42Z
26.8033952,75.8571050,2024-02-15T05:38:43Z
26.8034643,75.8570803,2024-02-15T05:38:44Z
26.8035417,75.8570445,2024-02-15T05:38:45Z
26.8036186,75.8570029,2024-02-15T05:38:46Z
26.8037094,75.8569681,2024-02-15T05:38:47Z
26.8038028,75.8569303,2024-02-15T05:38:48Z
26.8039034,75.8568870,2024-02-15T05:38:49Z
26.8040104,75.8568385,2024-02-15T05:38:50Z
26.8041155,75.8567983,2024-02-15T05:38:51Z
26.8042202,75.8567495,2024-02-15T05:38:52Z
26.8043242,75.8566944,2024-02-15T05:38:53Z
26.8044331,75.8566523,2024-02-15T05:38:54Z
26.8045392,75.8566100,2024-02-15T05:38:55Z
26.8046276,75.8565839,2024-02-15T05:38:56Z
26.8046853,75.8565562,2024-02-15T05:38:57Z
26.8047306,75.8565333,2024-02-15T05:38:58Z
26.8047630,75.8565165,2024-02-15T05:38:59Z
26.8047929,75.8565081,2024-02-15T05:39:00Z
26.8048228,75.8564953,2024-02-15T05:39:01Z
26.8048630,75.8564799,2024-02-15T05:39:02Z
26.8049121,75.8564724,2024-02-15T05:39:03Z
26.8049658,75.8564537,2024-02-15T05:39:04Z
26.8050104,75.8564349,2024-02-15T05:39:05Z
26.8050724,75.8564062,2024-02-15T05:39:06Z
26.8051297,75.8563744,2024-02-15T05:39:07Z
26.8051932,75.8563410,2024-02-15T05:39:08Z
26.8052675,75.8563022,2024-02-15T05:39:09Z
26.8053514,75.8562653,2024-02-15T05:39:10Z
26.8054400,75.8562216,2024-02-15T05:39:11Z
26.8055301,75.8561700,2024-02-15T05:39:12Z
26.8056335,75.8561213,2024-02-15T05:39:13Z
26.8057396,75.8560738,2024-02-15T05:39:14Z
26.8058508,75.8560285,2024-02-15T05:39:15Z
26.8059566,75.8559823,2024-02-15T05:39:16Z
26.8060678,75.8559278,2024-02-15T05:39:17Z
26.8061811,75.8558800,2024-02-15T05:39:18Z
26.8063080,75.8558254,2024-02-15T05:39:19Z
26.8064324,75.8557659,2024-02-15T05:39:20Z
26.8065587,75.8557040,2024-02-15T05:39:21Z
26.8066942,75.8556363,2024-02-15T05:39:22Z
26.8068302,75.8555699,2024-02-15T05:39:23Z
26.8069630,75.8555052,2024-02-15T05:39:24Z
26.8070897,75.8554386,2024-02-15T05:39:25Z
26.8072258,75.8553743,2024-02-15T05:39:26Z
26.8073613,75.8553109,2024-02-15T05:39:27Z
26.8074999,75.8552454,2024-02-15T05:39:28Z
26.8076383,75.8551798,2024-02-15T05:39:29Z
26.8077769,75.8551158,2024-02-15T05:39:30Z
26.8079136,75.8550448,2024-02-15T05:39:31Z
26.8080579,75.8549748,2024-02-15T05:39:32Z
26.8081937,75.8549011,2024-02-15T05:39:33Z
26.8083440,75.8548229,2024-02-15T05:39:34Z
26.8084882,75.8547432,2024-02-15T05:39:35Z
26.8086361,75.8546656,2024-02-15T05:39:36Z
26.8087875,75.8545901,2024-02-15T05:39:37Z
26.8089420,75.8545119,2024-02-15T05:39:38Z
26.8090953,75.8544319,2024-02-15T05:39:39Z
26.8092498,75.8543545,2024-02-15T05:39:40Z
26.8094032,75.8542720,2024-02-15T05:39:41Z
26.8095636,75.8541915,2024-02-15T05:39:42Z
26.8097217,75.8541059,2024-02-15T05:39:43Z
26.8098800,75.8540246,2024-02-15T05:39:44Z
26.8100444,75.8539365,2024-02-15T05:39:45Z
26.8102044,75.8538489,2024-02-15T05:39:46Z
26.8103698,75.8537664,2024-02-15T05:39:47Z
26.8105418,75.8536808,2024-02-15T05:39:48Z
26.8107148,75.8535960,2024-02-15T05:39:49Z
26.8108877,75.8535072,2024-02-15T05:39:50Z
26.8110608,75.8534247,2024-02-15T05:39:51Z
26.8112336,75.8533382,2024-02-15T05:39:52Z
26.8114088,75.8532585,2024-02-15T05:39:53Z
26.8115850,75.8531718,2024-02-15T05:39:54Z
26.8117629,75.8530859,2024-02-15T05:39:55Z
26.8119334,75.8530057,2024-02-15T05:39:56Z
26.8121137,75.8529177,2024-02-15T05:39:57Z
26.8122901,75.8528348,2024-02-15T05:39:58Z
26.8124652,75.8527489,2024-02-15T05:39:59Z
26.8126396,75.8526628,2024-02-15T05:40:00Z
26.8128144,75.8525734,2024-02-15T05:40:01Z
26.8129933,75.8524897,2024-02-15T05:40:02Z
26.8131659,75.8524080,2024-02-15T05:40:03Z
26.8133398,75.8523191,2024-02-15T05:40:04Z
26.8135078,75.8522347,2024-02-15T05:40:05Z
26.8136843,75.8521469,2024-02-15T05:40:06Z
26.8138586,75.8520573,2024-02-15T05:40:07Z
26.8140340,75.8519700,2024-02-15T05:40:08Z
26.8142119,75.8518835,2024-02-15T05:40:09Z
26.8143870,75.8518007,2024-02-15T05:40:10Z
26.8145623,75.8517143,2024-02-15T05:40:11Z
26.8147380,75.8516247,2024-02-15T05:40:12Z
26.8149084,75.8515376,2024-02-15T05:40:13Z
26.8150848,75.8514525,2024-02-15T05:40:14Z
26.8152659,75.8513705,2024-02-15T05:40:15Z
26.8154382,75.8512846,2024-02-15T05:40:16Z
26.8156106,75.8512073,2024-02-15T05:40:17Z
26.8157804,75.8511263,2024-02-15T05:40:18Z
26.8159397,75.8510498,2024-02-15T05:40:19Z
26.8160702,75.8509839,2024-02-15T05:40:20Z
26.8161934,75.8509308,2024-02-15T05:40:21Z
26.8163093,75.8508812,2024-02-15T05:40:22Z
26.8164180,75.8508325,2024-02-15T05:40:23Z
26.8165261,75.8507851,2024-02-15T05:40:24Z
26.8166242,75.8507384,2024-02-15T05:40:25Z
26.8166989,75.8507146,2024-02-15T05:40:26Z
26.8167602,75.8506886,2024-02-15T05:40:27Z
26.8168235,75.8506680,2024-02-15T05:40:28Z
26.8168812,75.8506359,2024-02-15T05:40:29Z
26.8169395,75.8506075,2024-02-15T05:40:30Z
26.8169998,75.8505803,2024-02-15T05:40:31Z
26.8170515,75.8505555,2024-02-15T05:40:32Z
26.8171002,75.8505281,2024-02-15T05:40:33Z
26.8171422,75.8505115,2024-02-15T05:40:34Z
26.8171791,75.8504963,2024-02-15T05:40:35Z
26.8172161,75.8504752,2024-02-15T05:40:36Z
26.8172635,75.8504476,2024-02-15T05:40:37Z
26.8173180,75.8504212,2024-02-15T05:40:38Z
26.8173698,75.8503953,2024-02-15T05:40:39Z
26.8174136,75.8503753,2024-02-15T05:40:40Z
26.8174689,75.8503497,2024-02-15T05:40:41Z
26.8175336,75.8503268,2024-02-15T05:40:42Z
26.8176058,75.8502910,2024-02-15T05:40:43Z
26.8176782,75.8502599,2024-02-15T05:40:44Z
26.8177508,75.8502339,2024-02-15T05:40:45Z
26.8178250,75.8502041,2024-02-15T05:40:46Z
26.8179004,75.8501718,2024-02-15T05:40:47Z
26.8179801,75.8501400,2024-02-15T05:40:48Z
26.8180627,75.8501102,2024-02-15T05:40:49Z
26.8181496,75.8500758,2024-02-15T05:40:50Z
26.8182297,75.8500370,2024-02-15T05:40:51Z
26.8183099,75.8499932,2024-02-15T05:40:52Z
26.8183972,75.8499508,2024-02-15T05:40:53Z
26.8184873,75.8499117,2024-02-15T05:40:54Z
26.8185745,75.8498726,2024-02-15T05:40:55Z
26.8186675,75.8498235,2024-02-15T05:40:56Z
26.8187695,75.8497741,2024-02-15T05:40:57Z
26.8188771,75.8497287,2024-02-15T05:40:58Z
26.8189835,75.8496802,2024-02-15T05:40:59Z
26.8190896,75.8496295,2024-02-15T05:41:00Z
26.8192007,75.8495828,2024-02-15T05:41:01Z
26.8193116,75.8495329,2024-02-15T05:41:02Z
26.8194249,75.8494793,2024-02-15T05:41:03Z
26.8195390,75.8494240,2024-02-15T05:41:04Z
26.8196546,75.8493746,2024-02-15T05:41:05Z
26.8197642,75.8493142,2024-02-15T05:41:06Z
26.8198749,75.8492630,2024-02-15T05:41:07Z
26.8199861,75.8492085,2024-02-15T05:41:08Z
26.8201017,75.8491518,2024-02-15T05:41:09Z
26.8202145,75.8490912,2024-02-15T05:41:10Z
26.8203400,75.8490316,2024-02-15T05:41:11Z
26.8204660,75.8489700,2024-02-15T05:41:12Z
26.8205934,75.8489089,2024-02-15T05:41:13Z
26.8207256,75.8488453,2024-02-15T05:41:14Z
26.8208498,75.8487911,2024-02-15T05:41:15Z
26.8209764,75.8487328,2024-02-15T05:41:16Z
26.8211105,75.8486804,2024-02-15T05:41:17Z
26.8212502,75.8486192,2024-02-15T05:41:18Z
26.8213859,75.8485574,2024-02-15T05:41:19Z
26.8215242,75.8484929,2024-02-15T05:41:20Z
26.8216617,75.8484218,2024-02-15T05:41:21Z
26.8218055,75.8483632,2024-02-15T05:41:22Z
26.8219449,75.8482964,2024-02-15T05:41:23Z
26.8220887,75.8482301,2024-02-15T05:41:24Z
26.8222211,75.8481642,2024-02-15T05:41:25Z
26.8223543,75.8480990,2024-02-15T05:41:26Z
26.8224853,75.8480344,2024-02-15T05:41:27Z
26.8226187,75.8479706,2024-02-15T05:41:28Z
26.8227455,75.8479088,2024-02-15T05:41:29Z
26.8228748,75.8478428,2024-02-15T05:41:30Z
26.8230052,75.8477778,2024-02-15T05:41:31Z
26.8231454,75.8477126,2024-02-15T05:41:32Z
26.8232805,75.8476610,2024-02-15T05:41:33Z
26.8234190,75.8475968,2024-02-15T05:41:34Z
26.8235526,75.8475328,2024-02-15T05:41:35Z
26.8236846,75.8474686,2024-02-15T05:41:36Z
26.8238142,75.8474062,2024-02-15T05:41:37Z
26.8239397,75.8473427,2024-02-15T05:41:38Z
26.8240655,75.8472847,2024-02-15T05:41:39Z
26.8241838,75.8472246,2024-02-15T05:41:40Z
26.8242977,75.8471692,2024-02-15T05:41:41Z
26.8244063,75.8471152,2024-02-15T05:41:42Z
26.8245133,75.8470588,2024-02-15T05:41:43Z
26.8246151,75.8470100,2024-02-15T05:41:44Z
26.8247085,75.8469648,2024-02-15T05:41:45Z
26.8248040,75.8469166,2024-02-15T05:41:46Z
26.8248906,75.8468658,2024-02-15T05:41:47Z
26.8249732,75.8468188,2024-02-15T05:41:48Z
26.8250548,75.8467801,2024-02-15T05:41:49Z
26.8251293,75.8467451,2024-02-15T05:41:50Z
26.8251838,75.8467152,2024-02-15T05:41:51Z
26.8252204,75.8466938,2024-02-15T05:41:52Z
26.8252480,75.8466781,2024-02-15T05:41:53Z
26.8252706,75.8466691,2024-02-15T05:41:54Z
26.8252884,75.8466591,2024-02-15T05:41:55Z
26.8253111,75.8466552,2024-02-15T05:41:56Z
26.8253309,75.8466523,2024-02-15T05:41:57Z
26.8253562,75.8466459,2024-02-15T05:41:58Z
26.8253893,75.8466365,2024-02-15T05:41:59Z
26.8254331,75.8466264,2024-02-15T05:42:00Z
26.8254769,75.8466103,2024-02-15T05:42:01Z
26.8255295,75.8465839,2024-02-15T05:42:02Z
26.8255798,75.8465638,2024-02-15T05:42:03Z
26.8256333,75.8465346,2024-02-15T05:42:04Z
26.8256940,75.8465051,2024-02-15T05:42:05Z
26.8257571,75.8464741,2024-02-15T05:42:06Z
26.8258285,75.8464422,2024-02-15T05:42:07Z
26.8259061,75.8464053,2024-02-15T05:42:08Z
26.8259903,75.8463663,2024-02-15T05:42:09Z
26.8260790,75.8463262,2024-02-15T05:42:10Z
26.8261644,75.8462833,2024-02-15T05:42:11Z
26.8262446,75.8462408,2024-02-15T05:42:12Z
26.8263330,75.8461939,2024-02-15T05:42:13Z
26.8264190,75.8461492,2024-02-15T05:42:14Z
26.8265098,75.8461009,2024-02-15T05:42:15Z
26.8266049,75.8460482,2024-02-15T05:42:16Z
26.8267080,75.8460056,2024-02-15T05:42:17Z
26.8268081,75.8459474,2024-02-15T05:42:18Z
26.8269074,75.8458982,2024-02-15T05:42:19Z
26.8270109,75.8458445,2024-02-15T05:42:20Z
26.8271100,75.8457897,2024-02-15T05:42:21Z
26.8272053,75.8457324,2024-02-15T05:42:22Z
26.8272971,75.8456795,2024-02-15T05:42:23Z
26.8273864,75.8456249,2024-02-15T05:42:24Z
26.8274701,75.8455778,2024-02-15T05:42:25Z
26.8275465,75.8455321,2024-02-15T05:42:26Z
26.8276195,75.8454804,2024-02-15T05:42:27Z
26.8276850,75.8454339,2024-02-15T05:42:28Z
26.8277396,75.8453868,2024-02-15T05:42:29Z
26.8277861,75.8453506,2024-02-15T05:42:30Z
26.8278226,75.8453197,2024-02-15T05:42:31Z
26.8278589,75.8452924,2024-02-15T05:42:32Z
26.8278934,75.8452704,2024-02-15T05:42:33Z
26.8279234,75.8452431,2024-02-15T05:42:34Z
26.8279525,75.8452131,2024-02-15T05:42:35Z
26.8279866,75.8451858,2024-02-15T05:42:36Z
26.8280158,75.8451645,2024-02-15T05:42:37Z
26.8280439,75.8451421,2024-02-15T05:42:38Z
26.8280756,75.8451163,2024-02-15T05:42:39Z
26.8281099,75.8450803,2024-02-15T05:42:40Z
26.8281540,75.8450424,2024-02-15T05:42:41Z
26.8282031,75.8450002,2024-02-15T05:42:42Z
26.8282626,75.8449589,2024-02-15T05:42:43Z
26.8283130,75.8449155,2024-02-15T05:42:44Z
26.8283673,75.8448660,2024-02-15T05:42:45Z
26.8284252,75.8448156,2024-02-15T05:42:46Z
26.8284955,75.8447599,2024-02-15T05:42:47Z
26.8285670,75.8446995,2024-02-15T05:42:48Z
26.8286420,75.8446355,2024-02-15T05:42:49Z
26.8287225,75.8445697,2024-02-15T05:42:50Z
26.8288085,75.8444971,2024-02-15T05:42:51Z
26.8289015,75.8444314,2024-02-15T05:42:52Z
26.8289907,75.8443560,2024-02-15T05:42:53Z
26.8290821,75.8442809,2024-02-15T05:42:54Z
26.8291749,75.8442062,2024-02-15T05:42:55Z
26.8292677,75.8441319,2024-02-15T05:42:56Z
26.8293641,75.8440533,2024-02-15T05:42:57Z
26.8294656,75.8439621,2024-02-15T05:42:58Z
26.8295700,75.8438753,2024-02-15T05:42:59Z
26.8296753,75.8437826,2024-02-15T05:43:00Z
26.8297845,75.8436959,2024-02-15T05:43:01Z
26.8298876,75.8436063,2024-02-15T05:43:02Z
26.8299872,75.8435187,2024-02-15T05:43:03Z
26.8300898,75.8434251,2024-02-15T05:43:04Z
26.8302030,75.8433349,2024-02-15T05:43:05Z
26.8303057,75.8432358,2024-02-15T05:43:06Z
26.8304069,75.8431288,2024-02-15T05:43:07Z
26.8305085,75.8430216,2024-02-15T05:43:08Z
26.8306106,75.8429121,2024-02-15T05:43:09Z
26.8307095,75.8428002,2024-02-15T05:43:10Z
26.8308046,75.8426981,2024-02-15T05:43:11Z
26.8309031,75.8425941,2024-02-15T05:43:12Z
26.8309962,75.8424856,2024-02-15T05:43:13Z
26.8310953,75.8423768,2024-02-15T05:43:14Z
26.8311937,75.8422611,2024-02-15T05:43:15Z
26.8312920,75.8421403,2024-02-15T05:43:16Z
26.8313954,75.8420132,2024-02-15T05:43:17Z
26.8314993,75.8418901,2024-02-15T05:43:18Z
26.8316039,75.8417712,2024-02-15T05:43:19Z
26.8316971,75.8416531,2024-02-15T05:43:20Z
26.8317857,75.8415340,2024-02-15T05:43:21Z
26.8318720,75.8414181,2024-02-15T05:43:22Z
26.8319599,75.8413037,2024-02-15T05:43:23Z
26.8320443,75.8411913,2024-02-15T05:43:24Z
26.8321277,75.8410776,2024-02-15T05:43:25Z
26.8322069,75.8409653,2024-02-15T05:43:26Z
26.8322867,75.8408615,2024-02-15T05:43:27Z
26.8323638,75.8407561,2024-02-15T05:43:28Z
26.8324329,75.8406560,2024-02-15T05:43:29Z
26.8324975,75.8405574,2024-02-15T05:43:30Z
26.8325572,75.8404580,2024-02-15T05:43:31Z
26.8326135,75.8403643,2024-02-15T05:43:32Z
26.8326767,75.8402586,2024-02-15T05:43:33Z
26.8327370,75.8401660,2024-02-15T05:43:34Z
26.8328014,75.8400619,2024-02-15T05:43:35Z
26.8328640,75.8399577,2024-02-15T05:43:36Z
26.8329306,75.8398547,2024-02-15T05:43:37Z
26.8329930,75.8397501,2024-02-15T05:43:38Z
26.8330569,75.8396417,2024-02-15T05:43:39Z
26.8331238,75.8395360,2024-02-15T05:43:40Z
26.8331839,75.8394308,2024-02-15T05:43:41Z
26.8332377,75.8393329,2024-02-15T05:43:42Z
26.8332879,75.8392304,2024-02-15T05:43:43Z
26.8333377,75.8391400,2024-02-15T05:43:44Z
26.8333852,75.8390439,2024-02-15T05:43:45Z
26.8334281,75.8389507,2024-02-15T05:43:46Z
26.8334690,75.8388646,2024-02-15T05:43:47Z
26.8335102,75.8387734,2024-02-15T05:43:48Z
26.8335531,75.8386900,2024-02-15T05:43:49Z
26.8335974,75.8386000,2024-02-15T05:43:50Z
26.8336399,75.8385090,2024-02-15T05:43:51Z
26.8336853,75.8384143,2024-02-15T05:43:52Z
26.8337294,75.8383146,2024-02-15T05:43:53Z
26.8337743,75.8382177,2024-02-15T05:43:54Z
26.8338240,75.8381202,2024-02-15T05:43:55Z
26.8338761,75.8380309,2024-02-15T05:43:56Z
26.8339259,75.8379309,2024-02-15T05:43:57Z
26.8339762,75.8378343,2024-02-15T05:43:58Z
26.8340243,75.8377297,2024-02-15T05:43:59Z
26.8340677,75.8376226,2024-02-15T05:44:00Z
26.8341180,75.8375246,2024-02-15T05:44:01Z
26.8341628,75.8374309,2024-02-15T05:44:02Z
26.8342069,75.8373503,2024-02-15T05:44:03Z
26.8342483,75.8372732,2024-02-15T05:44:04Z
26.8342932,75.8371892,2024-02-15T05:44:05Z
26.8343353,75.8371112,2024-02-15T05:44:06Z
26.8343805,75.8370312,2024-02-15T05:44:07Z
26.8344333,75.8369490,2024-02-15T05:44:08Z
26.8344824,75.8368740,2024-02-15T05:44:09Z
26.8345312,75.8367931,2024-02-15T05:44:10Z
26.8345881,75.8367105,2024-02-15T05:44:11Z
26.8346443,75.8366296,2024-02-15T05:44:12Z
26.8347017,75.8365427,2024-02-15T05:44:13Z
26.8347573,75.8364526,2024-02-15T05:44:14Z
26.8348146,75.8363622,2024-02-15T05:44:15Z
26.8348788,75.8362759,2024-02-15T05:44:16Z
26.8349431,75.8361910,2024-02-15T05:44:17Z
26.8350107,75.8361098,2024-02-15T05:44:18Z
26.8350812,75.8360299,2024-02-15T05:44:19Z
26.8351545,75.8359476,2024-02-15T05:44:20Z
26.8352315,75.8358663,2024-02-15T05:44:21Z
26.8353091,75.8357805,2024-02-15T05:44:22Z
26.8353974,75.8356932,2024-02-15T05:44:23Z
26.8354842,75.8356064,2024-02-15T05:44:24Z
26.8355778,75.8355248,2024-02-15T05:44:25Z
26.8356774,75.8354425,2024-02-15T05:44:26Z
26.8357775,75.8353569,2024-02-15T05:44:27Z
26.8358814,75.8352779,2024-02-15T05:44:28Z
26.8359848,75.8351987,2024-02-15T05:44:29Z
26.8360927,75.8351208,2024-02-15T05:44:30Z
26.8362032,75.8350438,2024-02-15T05:44:31Z
26.8363126,75.8349710,2024-02-15T05:44:32Z
26.8364253,75.8349063,2024-02-15T05:44:33Z
26.8365458,75.8348376,2024-02-15T05:44:34Z
26.8366622,75.8347761,2024-02-15T05:44:35Z
26.8367803,75.8347180,2024-02-15T05:44:36Z
26.8368987,75.8346551,2024-02-15T05:44:37Z
26.8370194,75.8345941,2024-02-15T05:44:38Z
26.8371420,75.8345334,2024-02-15T05:44:39Z
26.8372622,75.8344687,2024-02-15T05:44:40Z
26.8373878,75.8344019,2024-02-15T05:44:41Z
26.8375138,75.8343362,2024-02-15T05:44:42Z
26.8376409,75.8342699,2024-02-15T05:44:43Z
26.8377634,75.8342008,2024-02-15T05:44:44Z
26.8378864,75.8341406,2024-02-15T05:44:45Z
26.8380095,75.8340783,2024-02-15T05:44:46Z
26.8381358,75.8340114,2024-02-15T05:44:47Z
26.8382611,75.8339444,2024-02-15T05:44:48Z
26.8383819,75.8338810,2024-02-15T05:44:49Z
26.8385021,75.8338211,2024-02-15T05:44:50Z
26.8386164,75.8337659,2024-02-15T05:44:51Z
26.8387274,75.8337037,2024-02-15T05:44:52Z
26.8388346,75.8336489,2024-02-15T05:44:53Z
26.8389386,75.8335943,2024-02-15T05:44:54Z
26.8390422,75.8335474,2024-02-15T05:44:55Z
26.8391466,75.8334919,2024-02-15T05:44:56Z
26.8392445,75.8334413,2024-02-15T05:44:57Z
26.8393440,75.8333907,2024-02-15T05:44:58Z
26.8394430,75.8333294,2024-02-15T05:44:59Z
26.8395390,75.8332748,2024-02-15T05:45:00Z
26.8396356,75.8332153,2024-02-15T05:45:01Z
26.8397263,75.8331511,2024-02-15T05:45:02Z
26.8398179,75.8330808,2024-02-15T05:45:03Z
26.8399091,75.8330110,2024-02-15T05:45:04Z
26.8399998,75.8329432,2024-02-15T05:45:05Z
26.8400910,75.8328732,2024-02-15T05:45:06Z
26.8401812,75.8328075,2024-02-15T05:45:07Z
26.8402695,75.8327375,2024-02-15T05:45:08Z
26.8403557,75.8326709,2024-02-15T05:45:09Z
26.8404432,75.8326022,2024-02-15T05:45:10Z
26.8405311,75.8325349,2024-02-15T05:45:11Z
26.8406167,75.8324615,2024-02-15T05:45:12Z
26.8407066,75.8323910,2024-02-15T05:45:13Z
26.8407953,75.8323175,2024-02-15T05:45:14Z
26.8408842,75.8322470,2024-02-15T05:45:15Z
26.8409788,75.8321751,2024-02-15T05:45:16Z
26.8410736,75.8321068,2024-02-15T05:45:17Z
26.8411700,75.8320393,2024-02-15T05:45:18Z
26.8412676,75.8319736,2024-02-15T05:45:19Z
26.8413636,75.8319077,2024-02-15T05:45:20Z
26.8414576,75.8318427,2024-02-15T05:45:21Z
26.8415503,75.8317728,2024-02-15T05:45:22Z
26.8416489,75.8316983,2024-02-15T05:45:23Z
26.8417436,75.8316260,2024-02-15T05:45:24Z
26.8418410,75.8315485,2024-02-15T05:45:25Z
26.8419371,75.8314797,2024-02-15T05:45:26Z
26.8420382,75.8314094,2024-02-15T05:45:27Z
26.8421340,75.8313338,2024-02-15T05:45:28Z
26.8422300,75.8312647,2024-02-15T05:45:29Z
26.8423241,75.8312005,2024-02-15T05:45:30Z
26.8424225,75.8311384,2024-02-15T05:45:31Z
26.8425156,75.8310727,2024-02-15T05:45:32Z
26.8425739,75.8310321,2024-02-15T05:45:33Z
26.8426449,75.8309810,2024-02-15T05:45:34Z
26.8426594,75.8309715,2024-02-15T05:45:35Z
26.8426984,75.8309537,2024-02-15T05:45:36Z
26.8427468,75.8309281,2024-02-15T05:45:37Z
26.8427821,75.8309033,2024-02-15T05:45:38Z
26.8428122,75.8308709,2024-02-15T05:45:39Z
26.8428491,75.8308445,2024-02-15T05:45:40Z
26.8428852,75.8308116,2024-02-15T05:45:41Z
26.8429409,75.8307817,2024-02-15T05:45:42Z
26.8429907,75.8307400,2024-02-15T05:45:43Z
26.8430487,75.8307035,2024-02-15T05:45:44Z
26.8431114,75.8306611,2024-02-15T05:45:45Z
26.8431748,75.8306151,2024-02-15T05:45:46Z
26.8432289,75.8305648,2024-02-15T05:45:47Z
26.8433119,75.8305256,2024-02-15T05:45:48Z
26.8433816,75.8304787,2024-02-15T05:45:49Z
26.8434631,75.8304209,2024-02-15T05:45:50Z
26.8435383,75.8303642,2024-02-15T05:45:51Z
26.8436073,75.8303157,2024-02-15T05:45:52Z
26.8436751,75.8302615,2024-02-15T05:45:53Z
26.8437443,75.8302077,2024-02-15T05:45:54Z
26.8438067,75.8301532,2024-02-15T05:45:55Z
26.8438725,75.8301028,2024-02-15T05:45:56Z
26.8439235,75.8300705,2024-02-15T05:45:57Z
26.8439616,75.8300397,2024-02-15T05:45:58Z
26.8440031,75.8300083,2024-02-15T05:45:59Z
26.8440308,75.8299875,2024-02-15T05:46:00Z
26.8440596,75.8299651,2024-02-15T05:46:01Z
26.8440843,75.8299500,2024-02-15T05:46:02Z
26.8440988,75.8299371,2024-02-15T05:46:03Z
26.8441142,75.8299310,2024-02-15T05:46:04Z
26.8441195,75.8299258,2024-02-15T05:46:05Z
26.8441262,75.8299262,2024-02-15T05:46:06Z
26.8441260,75.8299271,2024-02-15T05:46:07Z
26.8441277,75.8299258,2024-02-15T05:46:08Z
26.8441379,75.8299168,2024-02-15T05:46:09Z
26.8441559,75.8299042,2024-02-15T05:46:10Z
26.8441820,75.8298841,2024-02-15T05:46:11Z
26.8442134,75.8298608,2024-02-15T05:46:12Z
26.8442450,75.8298378,2024-02-15T05:46:13Z
26.8442795,75.8298125,2024-02-15T05:46:14Z
26.8443160,75.8297806,2024-02-15T05:46:15Z
26.8443675,75.8297427,2024-02-15T05:46:16Z
26.8444296,75.8296988,2024-02-15T05:46:17Z
26.8444823,75.8296574,2024-02-15T05:46:18Z
26.8445386,75.8296160,2024-02-15T05:46:19Z
26.8445960,75.8295751,2024-02-15T05:46:20Z
26.8446645,75.8295364,2024-02-15T05:46:21Z
26.8447385,75.8294948,2024-02-15T05:46:22Z
26.8448077,75.8294430,2024-02-15T05:46:23Z
26.8448799,75.8293909,2024-02-15T05:46:24Z
26.8449593,75.8293393,2024-02-15T05:46:25Z
26.8450430,75.8292789,2024-02-15T05:46:26Z
26.8451287,75.8292131,2024-02-15T05:46:27Z
26.8452228,75.8291419,2024-02-15T05:46:28Z
26.8453260,75.8290780,2024-02-15T05:46:29Z
26.8454228,75.8290111,2024-02-15T05:46:30Z
26.8455208,75.8289461,2024-02-15T05:46:31Z
26.8456175,75.8288776,2024-02-15T05:46:32Z
26.8457134,75.8288105,2024-02-15T05:46:33Z
26.8458100,75.8287404,2024-02-15T05:46:34Z
26.8459030,75.8286712,2024-02-15T05:46:35Z
26.8459999,75.8286082,2024-02-15T05:46:36Z
26.8460962,75.8285408,2024-02-15T05:46:37Z
26.8461914,75.8284748,2024-02-15T05:46:38Z
26.8462873,75.8284110,2024-02-15T05:46:39Z
26.8463776,75.8283444,2024-02-15T05:46:40Z
26.8464746,75.8282795,2024-02-15T05:46:41Z
26.8465726,75.8282109,2024-02-15T05:46:42Z
26.8466665,75.8281405,2024-02-15T05:46:43Z
26.8467687,75.8280660,2024-02-15T05:46:44Z
26.8468736,75.8279885,2024-02-15T05:46:45Z
26.8469656,75.8279135,2024-02-15T05:46:46Z
26.8470662,75.8278430,2024-02-15T05:46:47Z
26.8471659,75.8277693,2024-02-15T05:46:48Z
26.8472607,75.8277075,2024-02-15T05:46:49Z
26.8473546,75.8276370,2024-02-15T05:46:50Z
26.8474417,75.8275749,2024-02-15T05:46:51Z
26.8475257,75.8275084,2024-02-15T05:46:52Z
26.8476042,75.8274459,2024-02-15T05:46:53Z
26.8476797,75.8273804,2024-02-15T05:46:54Z
26.8477699,75.8273198,2024-02-15T05:46:55Z
26.8478486,75.8272597,2024-02-15T05:46:56Z
26.8479255,75.8272129,2024-02-15T05:46:57Z
26.8479972,75.8271594,2024-02-15T05:46:58Z
26.8480759,75.8271033,2024-02-15T05:46:59Z
26.8481475,75.8270438,2024-02-15T05:47:00Z
26.8482247,75.8269859,2024-02-15T05:47:01Z
26.8483064,75.8269240,2024-02-15T05:47:02Z
26.8483901,75.8268677,2024-02-15T05:47:03Z
26.8484796,75.8268050,2024-02-15T05:47:04Z
26.8485665,75.8267386,2024-02-15T05:47:05Z
26.8486587,75.8266716,2024-02-15T05:47:06Z
26.8487531,75.8265994,2024-02-15T05:47:07Z
26.8488534,75.8265239,2024-02-15T05:47:08Z
26.8489549,75.8264423,2024-02-15T05:47:09Z
26.8490625,75.8263655,2024-02-15T05:47:10Z
26.8491758,75.8262825,2024-02-15T05:47:11Z
26.8492806,75.8261985,2024-02-15T05:47:12Z
26.8493869,75.8261225,2024-02-15T05:47:13Z
26.8494866,75.8260462,2024-02-15T05:47:14Z
26.8495837,75.8259695,2024-02-15T05:47:15Z
26.8496778,75.8258928,2024-02-15T05:47:16Z
26.8497773,75.8258105,2024-02-15T05:47:17Z
26.8498835,75.8257213,2024-02-15T05:47:18Z
26.8499830,75.8256430,2024-02-15T05:47:19Z
26.8500791,75.8255572,2024-02-15T05:47:20Z
26.8501698,75.8254800,2024-02-15T05:47:21Z
26.8502450,75.8254138,2024-02-15T05:47:22Z
26.8503097,75.8253504,2024-02-15T05:47:23Z
26.8503658,75.8253075,2024-02-15T05:47:24Z
26.8504079,75.8252492,2024-02-15T05:47:25Z
26.8504422,75.8252113,2024-02-15T05:47:26Z
26.8504720,75.8251834,2024-02-15T05:47:27Z
26.8505004,75.8251537,2024-02-15T05:47:28Z
26.8505280,75.8251260,2024-02-15T05:47:29Z
26.8505437,75.8251028,2024-02-15T05:47:30Z
26.8505573,75.8250957,2024-02-15T05:47:31Z
26.8505607,75.8250891,2024-02-15T05:47:32Z
26.8505611,75.8250891,2024-02-15T05:47:33Z
26.8505587,75.8250931,2024-02-15T05:47:34Z
26.8505582,75.8250944,2024-02-15T05:47:35Z
26.8505570,75.8250968,2024-02-15T05:47:36Z
26.8505548,75.8250971,2024-02-15T05:47:37Z
26.8505555,75.8250978,2024-02-15T05:47:38Z
26.8505549,75.8250984,2024-02-15T05:47:39Z
26.8505561,75.8250997,2024-02-15T05:47:40Z
26.8505552,75.8250998,2024-02-15T05:47:41Z
26.8505549,75.8251008,2024-02-15T05:47:42Z
26.8505542,75.8251006,2024-02-15T05:47:43Z
26.8505543,75.8251007,2024-02-15T05:47:44Z
26.8505540,75.8251007,2024-02-15T05:47:45Z
26.8505540,75.8251009,2024-02-15T05:47:46Z
26.8505540,75.8251010,2024-02-15T05:47:47Z
26.8505540,75.8251011,2024-02-15T05:47:48Z
26.8505540,75.8251011,2024-02-15T05:47:49Z
26.8505540,75.8251012,2024-02-15T05:47:50Z
26.8505539,75.8251012,2024-02-15T05:47:51Z
26.8505539,75.8251012,2024-02-15T05:47:52Z
26.8505539,75.8251012,2024-02-15T05:47:53Z
26.8505539,75.8251012,2024-02-15T05:47:54Z
26.8505539,75.8251013,2024-02-15T05:47:55Z
26.8505539,75.8251013,2024-02-15T05:47:56Z
26.8505539,75.8251013,2024-02-15T05:47:57Z
26.8505539,75.8251013,2024-02-15T05:47:58Z
26.8505538,75.8251013,2024-02-15T05:47:59Z
26.8505538,75.8251013,2024-02-15T05:48:00Z
26.8505538,75.8251014,2024-02-15T05:48:01Z
26.8505538,75.8251014,2024-02-15T05:48:02Z
26.8505538,75.8251014,2024-02-15T05:48:03Z
26.8505538,75.8251014,2024-02-15T05:48:04Z
26.8505538,75.8251014,2024-02-15T05:48:05Z
26.8505538,75.8251014,2024-02-15T05:48:06Z
26.8505538,75.8251014,2024-02-15T05:48:07Z
26.8505537,75.8251014,2024-02-15T05:48:08Z
26.8505537,75.8251015,2024-02-15T05:48:09Z
26.8505537,75.8251014,2024-02-15T05:48:10Z
26.8505537,75.8251015,2024-02-15T05:48:11Z
26.8505537,75.8251015,2024-02-15T05:48:12Z
26.8505537,75.8251014,2024-02-15T05:48:13Z
26.8505537,75.8251014,2024-02-15T05:48:14Z
26.8505550,75.8250982,2024-02-15T05:48:15Z
26.8505627,75.8250905,2024-02-15T05:48:16Z
26.8505754,75.8250788,2024-02-15T05:48:17Z
26.8505939,75.8250639,2024-02-15T05:48:18Z
26.8506194,75.8250415,2024-02-15T05:48:19Z
26.8506524,75.8250127,2024-02-15T05:48:20Z
26.8506844,75.8249840,2024-02-15T05:48:21Z
26.8507177,75.8249560,2024-02-15T05:48:22Z
26.8507536,75.8249253,2024-02-15T05:48:23Z
26.8507940,75.8248934,2024-02-15T05:48:24Z
26.8508339,75.8248730,2024-02-15T05:48:25Z
26.8508830,75.8248499,2024-02-15T05:48:26Z
26.8509354,75.8248233,2024-02-15T05:48:27Z
26.8509966,75.8248015,2024-02-15T05:48:28Z
26.8510610,75.8247870,2024-02-15T05:48:29Z
26.8511285,75.8247734,2024-02-15T05:48:30Z
26.8512035,75.8247743,2024-02-15T05:48:31Z
26.8512847,75.8247713,2024-02-15T05:48:32Z
26.8513781,75.8247664,2024-02-15T05:48:33Z
26.8514765,75.8247628,2024-02-15T05:48:34Z
26.8515748,75.8247597,2024-02-15T05:48:35Z
26.8516795,75.8247527,2024-02-15T05:48:36Z
26.8517823,75.8247413,2024-02-15T05:48:37Z
26.8518869,75.8247219,2024-02-15T05:48:38Z
26.8519962,75.8247076,2024-02-15T05:48:39Z
26.8521112,75.8246908,2024-02-15T05:48:40Z
26.8522290,75.8246743,2024-02-15T05:48:41Z
26.8523378,75.8246571,2024-02-15T05:48:42Z
26.8524394,75.8246373,2024-02-15T05:48:43Z
26.8525400,75.8246201,2024-02-15T05:48:44Z
26.8526433,75.8246013,2024-02-15T05:48:45Z
26.8527419,75.8245860,2024-02-15T05:48:46Z
26.8528343,75.8245722,2024-02-15T05:48:47Z
26.8529286,75.8245582,2024-02-15T05:48:48Z
26.8530247,75.8245382,2024-02-15T05:48:49Z
26.8531149,75.8245216,2024-02-15T05:48:50Z
26.8531993,75.8245038,2024-02-15T05:48:51Z
26.8532875,75.8244899,2024-02-15T05:48:52Z
26.8533712,75.8244781,2024-02-15T05:48:53Z
26.8534526,75.8244664,2024-02-15T05:48:54Z
26.8535359,75.8244535,2024-02-15T05:48:55Z
26.8536179,75.8244399,2024-02-15T05:48:56Z
26.8537060,75.8244209,2024-02-15T05:48:57Z
26.8537909,75.8244054,2024-02-15T05:48:58Z
26.8538741,75.8243891,2024-02-15T05:48:59Z
26.8539572,75.8243754,2024-02-15T05:49:00Z
26.8540377,75.8243615,2024-02-15T05:49:01Z
26.8541143,75.8243477,2024-02-15T05:49:02Z
26.8541831,75.8243349,2024-02-15T05:49:03Z
26.8542518,75.8243217,2024-02-15T05:49:04Z
26.8543203,75.8243076,2024-02-15T05:49:05Z
26.8543818,75.8242961,2024-02-15T05:49:06Z
26.8544324,75.8242879,2024-02-15T05:49:07Z
26.8544829,75.8242861,2024-02-15T05:49:08Z
26.8545297,75.8242818,2024-02-15T05:49:09Z
26.8545715,75.8242676,2024-02-15T05:49:10Z
26.8546000,75.8242570,2024-02-15T05:49:11Z
26.8546151,75.8242501,2024-02-15T05:49:12Z
26.8546248,75.8242452,2024-02-15T05:49:13Z
26.8546333,75.8242421,2024-02-15T05:49:14Z
26.8546467,75.8242350,2024-02-15T05:49:15Z
26.8546617,75.8242258,2024-02-15T05:49:16Z
26.8546759,75.8242160,2024-02-15T05:49:17Z
26.8546921,75.8242061,2024-02-15T05:49:18Z
26.8547113,75.8241945,2024-02-15T05:49:19Z
26.8547320,75.8241805,2024-02-15T05:49:20Z
26.8547537,75.8241679,2024-02-15T05:49:21Z
26.8547819,75.8241529,2024-02-15T05:49:22Z
26.8548181,75.8241416,2024-02-15T05:49:23Z
26.8548559,75.8241352,2024-02-15T05:49:24Z
26.8548976,75.8241316,2024-02-15T05:49:25Z
26.8549351,75.8241305,2024-02-15T05:49:26Z
26.8549562,75.8241316,2024-02-15T05:49:27Z
26.8549654,75.8241318,2024-02-15T05:49:28Z
26.8549683,75.8241317,2024-02-15T05:49:29Z
26.8549712,75.8241317,2024-02-15T05:49:30Z
26.8549744,75.8241324,2024-02-15T05:49:31Z
26.8549742,75.8241323,2024-02-15T05:49:32Z
26.8549820,75.8241307,2024-02-15T05:49:33Z
26.8549862,75.8241310,2024-02-15T05:49:34Z
26.8549857,75.8241309,2024-02-15T05:49:35Z
26.8549857,75.8241309,2024-02-15T05:49:36Z
26.8549903,75.8241311,2024-02-15T05:49:37Z
26.8549967,75.8241319,2024-02-15T05:49:38Z
26.8550087,75.8241336,2024-02-15T05:49:39Z
26.8550277,75.8241373,2024-02-15T05:49:40Z
26.8550482,75.8241435,2024-02-15T05:49:41Z
26.8550665,75.8241486,2024-02-15T05:49:42Z
26.8550876,75.8241542,2024-02-15T05:49:43Z
26.8551199,75.8241637,2024-02-15T05:49:44Z
26.8551599,75.8241729,2024-02-15T05:49:45Z
26.8551992,75.8241831,2024-02-15T05:49:46Z
26.8552433,75.8241953,2024-02-15T05:49:47Z
26.8553007,75.8242039,2024-02-15T05:49:48Z
26.8553653,75.8242086,2024-02-15T05:49:49Z
26.8554406,75.8242091,2024-02-15T05:49:50Z
26.8555144,75.8242054,2024-02-15T05:49:51Z
26.8555907,75.8241969,2024-02-15T05:49:52Z
26.8556725,75.8241860,2024-02-15T05:49:53Z
26.8557574,75.8241723,2024-02-15T05:49:54Z
26.8558478,75.8241583,2024-02-15T05:49:55Z
26.8559400,75.8241461,2024-02-15T05:49:56Z
26.8560287,75.8241340,2024-02-15T05:49:57Z
26.8561192,75.8241220,2024-02-15T05:49:58Z
26.8562136,75.8241090,2024-02-15T05:49:59Z
26.8563157,75.8240927,2024-02-15T05:50:00Z
26.8564208,75.8240778,2024-02-15T05:50:01Z
26.8565221,75.8240622,2024-02-15T05:50:02Z
26.8566235,75.8240473,2024-02-15T05:50:03Z
26.8567380,75.8240297,2024-02-15T05:50:04Z
26.8568504,75.8240138,2024-02-15T05:50:05Z
26.8569606,75.8239980,2024-02-15T05:50:06Z
26.8570625,75.8239842,2024-02-15T05:50:07Z
26.8571649,75.8239697,2024-02-15T05:50:08Z
26.8572646,75.8239545,2024-02-15T05:50:09Z
26.8573547,75.8239410,2024-02-15T05:50:10Z
26.8574410,75.8239290,2024-02-15T05:50:11Z
26.8575198,75.8239167,2024-02-15T05:50:12Z
26.8575826,75.8239080,2024-02-15T05:50:13Z
26.8576288,75.8239015,2024-02-15T05:50:14Z
26.8576604,75.8238985,2024-02-15T05:50:15Z
26.8576889,75.8238963,2024-02-15T05:50:16Z
26.8577157,75.8238921,2024-02-15T05:50:17Z
26.8577411,75.8238879,2024-02-15T05:50:18Z
26.8577664,75.8238867,2024-02-15T05:50:19Z
26.8577956,75.8238813,2024-02-15T05:50:20Z
26.8578275,75.8238718,2024-02-15T05:50:21Z
26.8578633,75.8238656,2024-02-15T05:50:22Z
26.8579065,75.8238585,2024-02-15T05:50:23Z
26.8579613,75.8238494,2024-02-15T05:50:24Z
26.8580189,75.8238392,2024-02-15T05:50:25Z
26.8580728,75.8238284,2024-02-15T05:50:26Z
26.8581325,75.8238175,2024-02-15T05:50:27Z
26.8581990,75.8238057,2024-02-15T05:50:28Z
26.8582697,75.8237950,2024-02-15T05:50:29Z
26.8583431,75.8237844,2024-02-15T05:50:30Z
26.8584128,75.8237801,2024-02-15T05:50:31Z
26.8585004,75.8237556,2024-02-15T05:50:32Z
26.8585901,75.8237559,2024-02-15T05:50:33Z
26.8586674,75.8237512,2024-02-15T05:50:34Z
26.8587518,75.8237447,2024-02-15T05:50:35Z
26.8588333,75.8237345,2024-02-15T05:50:36Z
26.8589146,75.8237215,2024-02-15T05:50:37Z
26.8589994,75.8237082,2024-02-15T05:50:38Z
26.8590740,75.8236882,2024-02-15T05:50:39Z
26.8591471,75.8236737,2024-02-15T05:50:40Z
26.8592269,75.8236622,2024-02-15T05:50:41Z
26.8593068,75.8236523,2024-02-15T05:50:42Z
26.8593827,75.8236383,2024-02-15T05:50:43Z
26.8594641,75.8236159,2024-02-15T05:50:44Z
26.8595455,75.8235972,2024-02-15T05:50:45Z
26.8596209,75.8235754,2024-02-15T05:50:46Z
26.8597039,75.8235541,2024-02-15T05:50:47Z
26.8597782,75.8235342,2024-02-15T05:50:48Z
26.8598538,75.8235219,2024-02-15T05:50:49Z
26.8599276,75.8235072,2024-02-15T05:50:50Z
26.8599680,75.8234916,2024-02-15T05:50:51Z
26.8600319,75.8234760,2024-02-15T05:50:52Z
26.8600860,75.8234612,2024-02-15T05:50:53Z
26.8601402,75.8234516,2024-02-15T05:50:54Z
26.8601844,75.8234405,2024-02-15T05:50:55Z
26.8602284,75.8234283,2024-02-15T05:50:56Z
26.8602544,75.8234228,2024-02-15T05:50:57Z
26.8602525,75.8234176,2024-02-15T05:50:58Z
26.8602438,75.8234172,2024-02-15T05:50:59Z
26.8602354,75.8234133,2024-02-15T05:51:00Z
26.8602347,75.8234105,2024-02-15T05:51:01Z
26.8602312,75.8234074,2024-02-15T05:51:02Z
26.8602338,75.8234041,2024-02-15T05:51:03Z
26.8602301,75.8234052,2024-02-15T05:51:04Z
26.8602304,75.8234029,2024-02-15T05:51:05Z
26.8602256,75.8234011,2024-02-15T05:51:06Z
26.8602229,75.8234007,2024-02-15T05:51:07Z
26.8602231,75.8234000,2024-02-15T05:51:08Z
26.8602224,75.8233988,2024-02-15T05:51:09Z
26.8602215,75.8233987,2024-02-15T05:51:10Z
26.8602217,75.8233986,2024-02-15T05:51:11Z
26.8602218,75.8233986,2024-02-15T05:51:12Z
26.8602523,75.8233971,2024-02-15T05:51:13Z
26.8602850,75.8233905,2024-02-15T05:51:14Z
26.8603283,75.8233869,2024-02-15T05:51:15Z
26.8603710,75.8233822,2024-02-15T05:51:16Z
26.8604259,75.8233643,2024-02-15T05:51:17Z
26.8604897,75.8233557,2024-02-15T05:51:18Z
26.8605652,75.8233431,2024-02-15T05:51:19Z
26.8606380,75.8233262,2024-02-15T05:51:20Z
26.8607223,75.8233184,2024-02-15T05:51:21Z
26.8608136,75.8233102,2024-02-15T05:51:22Z
26.8609169,75.8233015,2024-02-15T05:51:23Z
26.8610281,75.8232893,2024-02-15T05:51:24Z
26.8611474,75.8232731,2024-02-15T05:51:25Z
26.8612734,75.8232497,2024-02-15T05:51:26Z
26.8614033,75.8232238,2024-02-15T05:51:27Z
26.8615445,75.8232003,2024-02-15T05:51:28Z
26.8616862,75.8231770,2024-02-15T05:51:29Z
26.8618201,75.8231587,2024-02-15T05:51:30Z
26.8619489,75.8231428,2024-02-15T05:51:31Z
26.8620710,75.8231280,2024-02-15T05:51:32Z
26.8621986,75.8231080,2024-02-15T05:51:33Z
26.8623342,75.8230871,2024-02-15T05:51:34Z
26.8624654,75.8230677,2024-02-15T05:51:35Z
26.8625880,75.8230528,2024-02-15T05:51:36Z
26.8627052,75.8230387,2024-02-15T05:51:37Z
26.8628196,75.8230273,2024-02-15T05:51:38Z
26.8629300,75.8230189,2024-02-15T05:51:39Z
26.8630494,75.8230160,2024-02-15T05:51:40Z
26.8631692,75.8230100,2024-02-15T05:51:41Z
26.8632922,75.8229913,2024-02-15T05:51:42Z
26.8634151,75.8229803,2024-02-15T05:51:43Z
26.8635453,75.8229580,2024-02-15T05:51:44Z
26.8636769,75.8229368,2024-02-15T05:51:45Z
26.8638109,75.8229117,2024-02-15T05:51:46Z
26.8639458,75.8228854,2024-02-15T05:51:47Z
26.8640803,75.8228603,2024-02-15T05:51:48Z
26.8642196,75.8228429,2024-02-15T05:51:49Z
26.8643553,75.8228203,2024-02-15T05:51:50Z
26.8644907,75.8227982,2024-02-15T05:51:51Z
26.8646219,75.8227768,2024-02-15T05:51:52Z
26.8647427,75.8227539,2024-02-15T05:51:53Z
26.8648628,75.8227332,2024-02-15T05:51:54Z
26.8649781,75.8227059,2024-02-15T05:51:55Z
26.8650825,75.8226879,2024-02-15T05:51:56Z
26.8651911,75.8226672,2024-02-15T05:51:57Z
26.8652918,75.8226524,2024-02-15T05:51:58Z
26.8653818,75.8226382,2024-02-15T05:51:59Z
26.8654741,75.8226246,2024-02-15T05:52:00Z
26.8655651,75.8226141,2024-02-15T05:52:01Z
26.8656516,75.8225978,2024-02-15T05:52:02Z
26.8657328,75.8225864,2024-02-15T05:52:03Z
26.8658126,75.8225730,2024-02-15T05:52:04Z
26.8658875,75.8225618,2024-02-15T05:52:05Z
26.8659632,75.8225527,2024-02-15T05:52:06Z
26.8660367,75.8225435,2024-02-15T05:52:07Z
26.8661078,75.8225332,2024-02-15T05:52:08Z
26.8661718,75.8225285,2024-02-15T05:52:09Z
26.8662497,75.8225098,2024-02-15T05:52:10Z
26.8663115,75.8224980,2024-02-15T05:52:11Z
26.8663791,75.8224880,2024-02-15T05:52:12Z
26.8664342,75.8224837,2024-02-15T05:52:13Z
26.8664929,75.8224791,2024-02-15T05:52:14Z
26.8665527,75.8224739,2024-02-15T05:52:15Z
26.8666146,75.8224710,2024-02-15T05:52:16Z
26.8666822,75.8224695,2024-02-15T05:52:17Z
26.8667488,75.8224694,2024-02-15T05:52:18Z
26.8668152,75.8224670,2024-02-15T05:52:19Z
26.8668796,75.8224642,2024-02-15T05:52:20Z
26.8669445,75.8224566,2024-02-15T05:52:21Z
26.8670044,75.8224506,2024-02-15T05:52:22Z
26.8670659,75.8224462,2024-02-15T05:52:23Z
26.8671301,75.8224401,2024-02-15T05:52:24Z
26.8671991,75.8224330,2024-02-15T05:52:25Z
26.8672782,75.8224211,2024-02-15T05:52:26Z
26.8673558,75.8224246,2024-02-15T05:52:27Z
26.8674276,75.8224229,2024-02-15T05:52:28Z
26.8674975,75.8224215,2024-02-15T05:52:29Z
26.8675753,75.8224152,2024-02-15T05:52:30Z
26.8676551,75.8224091,2024-02-15T05:52:31Z
26.8677390,75.8224022,2024-02-15T05:52:32Z
26.8678282,75.8223955,2024-02-15T05:52:33Z
26.8679121,75.8223841,2024-02-15T05:52:34Z
26.8679892,75.8223724,2024-02-15T05:52:35Z
26.8680724,75.8223632,2024-02-15T05:52:36Z
26.8681548,75.8223557,2024-02-15T05:52:37Z
26.8682400,75.8223443,2024-02-15T05:52:38Z
26.8683288,75.8223356,2024-02-15T05:52:39Z
26.8684155,75.8223268,2024-02-15T05:52:40Z
26.8684987,75.8223144,2024-02-15T05:52:41Z
26.8685847,75.8223020,2024-02-15T05:52:42Z
26.8686680,75.8222883,2024-02-15T05:52:43Z
26.8687520,75.8222767,2024-02-15T05:52:44Z
26.8688418,75.8222605,2024-02-15T05:52:45Z
26.8689393,75.8222449,2024-02-15T05:52:46Z
26.8690349,75.8222266,2024-02-15T05:52:47Z
26.8691282,75.8222089,2024-02-15T05:52:48Z
26.8692280,75.8221837,2024-02-15T05:52:49Z
26.8693298,75.8221542,2024-02-15T05:52:50Z
26.8694409,75.8221290,2024-02-15T05:52:51Z
26.8695497,75.8221033,2024-02-15T05:52:52Z
26.8696634,75.8220711,2024-02-15T05:52:53Z
26.8697727,75.8220414,2024-02-15T05:52:54Z
26.8698856,75.8220080,2024-02-15T05:52:55Z
26.8699938,75.8219688,2024-02-15T05:52:56Z
26.8701010,75.8219272,2024-02-15T05:52:57Z
26.8702108,75.8218852,2024-02-15T05:52:58Z
26.8703232,75.8218454,2024-02-15T05:52:59Z
26.8704297,75.8218036,2024-02-15T05:53:00Z
26.8705430,75.8217620,2024-02-15T05:53:01Z
26.8706556,75.8217220,2024-02-15T05:53:02Z
26.8707569,75.8216830,2024-02-15T05:53:03Z
26.8708614,75.8216456,2024-02-15T05:53:04Z
26.8709600,75.8216072,2024-02-15T05:53:05Z
26.8710456,75.8215729,2024-02-15T05:53:06Z
26.8711288,75.8215452,2024-02-15T05:53:07Z
26.8712067,75.8215162,2024-02-15T05:53:08Z
26.8712772,75.8214950,2024-02-15T05:53:09Z
26.8713407,75.8214700,2024-02-15T05:53:10Z
26.8714060,75.8214552,2024-02-15T05:53:11Z
26.8714667,75.8214402,2024-02-15T05:53:12Z
26.8715307,75.8214284,2024-02-15T05:53:13Z
26.8715877,75.8214169,2024-02-15T05:53:14Z
26.8716320,75.8214076,2024-02-15T05:53:15Z
26.8716649,75.8214016,2024-02-15T05:53:16Z
26.8716766,75.8213954,2024-02-15T05:53:17Z
26.8716938,75.8213890,2024-02-15T05:53:18Z
26.8717233,75.8213820,2024-02-15T05:53:19Z
26.8717562,75.8213736,2024-02-15T05:53:20Z
26.8717930,75.8213648,2024-02-15T05:53:21Z
26.8718354,75.8213576,2024-02-15T05:53:22Z
26.8718923,75.8213461,2024-02-15T05:53:23Z
26.8719530,75.8213350,2024-02-15T05:53:24Z
26.8720174,75.8213086,2024-02-15T05:53:25Z
26.8720846,75.8212915,2024-02-15T05:53:26Z
26.8721566,75.8212744,2024-02-15T05:53:27Z
26.8722381,75.8212544,2024-02-15T05:53:28Z
26.8723278,75.8212334,2024-02-15T05:53:29Z
26.8724155,75.8212075,2024-02-15T05:53:30Z
26.8724988,75.8211835,2024-02-15T05:53:31Z
26.8725906,75.8211601,2024-02-15T05:53:32Z
26.8726866,75.8211379,2024-02-15T05:53:33Z
26.8727901,75.8211156,2024-02-15T05:53:34Z
26.8728953,75.8210926,2024-02-15T05:53:35Z
26.8730009,75.8210719,2024-02-15T05:53:36Z
26.8731039,75.8210480,2024-02-15T05:53:37Z
26.8732161,75.8210219,2024-02-15T05:53:38Z
26.8733367,75.8209948,2024-02-15T05:53:39Z
26.8734619,75.8209629,2024-02-15T05:53:40Z
26.8735870,75.8209352,2024-02-15T05:53:41Z
26.8737155,75.8209004,2024-02-15T05:53:42Z
26.8738512,75.8208647,2024-02-15T05:53:43Z
26.8739866,75.8208252,2024-02-15T05:53:44Z
26.8741161,75.8207919,2024-02-15T05:53:45Z
26.8742437,75.8207517,2024-02-15T05:53:46Z
26.8743634,75.8207227,2024-02-15T05:53:47Z
26.8744882,75.8206977,2024-02-15T05:53:48Z
26.8746053,75.8206719,2024-02-15T05:53:49Z
26.8747201,75.8206432,2024-02-15T05:53:50Z
26.8748286,75.8206150,2024-02-15T05:53:51Z
26.8749398,75.8205725,2024-02-15T05:53:52Z
26.8750423,75.8205489,2024-02-15T05:53:53Z
26.8751442,75.8205210,2024-02-15T05:53:54Z
26.8752197,75.8205007,2024-02-15T05:53:55Z
26.8752746,75.8204911,2024-02-15T05:53:56Z
26.8753104,75.8204852,2024-02-15T05:53:57Z
26.8753443,75.8204790,2024-02-15T05:53:58Z
26.8753758,75.8204744,2024-02-15T05:53:59Z
26.8754044,75.8204634,2024-02-15T05:54:00Z
26.8754318,75.8204594,2024-02-15T05:54:01Z
26.8754474,75.8204554,2024-02-15T05:54:02Z
26.8754555,75.8204536,2024-02-15T05:54:03Z
26.8754620,75.8204502,2024-02-15T05:54:04Z
26.8754674,75.8204490,2024-02-15T05:54:05Z
26.8754699,75.8204504,2024-02-15T05:54:06Z
26.8754673,75.8204517,2024-02-15T05:54:07Z
26.8754647,75.8204535,2024-02-15T05:54:08Z
26.8754657,75.8204555,2024-02-15T05:54:09Z
26.8754655,75.8204559,2024-02-15T05:54:10Z
26.8754652,75.8204547,2024-02-15T05:54:11Z
26.8754653,75.8204562,2024-02-15T05:54:12Z
26.8754657,75.8204565,2024-02-15T05:54:13Z
26.8754655,75.8204558,2024-02-15T05:54:14Z
26.8754641,75.8204555,2024-02-15T05:54:15Z
26.8754633,75.8204555,2024-02-15T05:54:16Z
26.8754631,75.8204558,2024-02-15T05:54:17Z
26.8754629,75.8204560,2024-02-15T05:54:18Z
26.8754625,75.8204555,2024-02-15T05:54:19Z
26.8754625,75.8204553,2024-02-15T05:54:20Z
26.8754635,75.8204533,2024-02-15T05:54:21Z
26.8754638,75.8204528,2024-02-15T05:54:22Z
26.8754638,75.8204526,2024-02-15T05:54:23Z
26.8754638,75.8204526,2024-02-15T05:54:24Z
26.8754639,75.8204526,2024-02-15T05:54:25Z
26.8754639,75.8204526,2024-02-15T05:54:26Z
26.8754639,75.8204525,2024-02-15T05:54:27Z
26.8754639,75.8204525,2024-02-15T05:54:28Z
26.8754639,75.8204525,2024-02-15T05:54:29Z
26.8754639,75.8204525,2024-02-15T05:54:30Z
26.8754664,75.8204523,2024-02-15T05:54:31Z
26.8754650,75.8204514,2024-02-15T05:54:32Z
26.8754661,75.8204506,2024-02-15T05:54:33Z
26.8754679,75.8204516,2024-02-15T05:54:34Z
26.8754776,75.8204528,2024-02-15T05:54:35Z
26.8754927,75.8204499,2024-02-15T05:54:36Z
26.8755145,75.8204492,2024-02-15T05:54:37Z
26.8755435,75.8204445,2024-02-15T05:54:38Z
26.8755750,75.8204390,2024-02-15T05:54:39Z
26.8756059,75.8204354,2024-02-15T05:54:40Z
26.8756326,75.8204326,2024-02-15T05:54:41Z
26.8756546,75.8204325,2024-02-15T05:54:42Z
26.8756718,75.8204300,2024-02-15T05:54:43Z
26.8756977,75.8204264,2024-02-15T05:54:44Z
26.8757334,75.8204197,2024-02-15T05:54:45Z
26.8757741,75.8204117,2024-02-15T05:54:46Z
26.8758184,75.8204043,2024-02-15T05:54:47Z
26.8758721,75.8203953,2024-02-15T05:54:48Z
26.8759362,75.8203842,2024-02-15T05:54:49Z
26.8760046,75.8203726,2024-02-15T05:54:50Z
26.8760817,75.8203587,2024-02-15T05:54:51Z
26.8761699,75.8203285,2024-02-15T05:54:52Z
26.8762572,75.8203095,2024-02-15T05:54:53Z
26.8763427,75.8202912,2024-02-15T05:54:54Z
26.8764398,75.8202702,2024-02-15T05:54:55Z
26.8765412,75.8202492,2024-02-15T05:54:56Z
26.8766397,75.8202243,2024-02-15T05:54:57Z
26.8767492,75.8202035,2024-02-15T05:54:58Z
26.8768535,75.8201910,2024-02-15T05:54:59Z
26.8769615,75.8201664,2024-02-15T05:55:00Z
26.8770697,75.8201412,2024-02-15T05:55:01Z
26.8771703,75.8201195,2024-02-15T05:55:02Z
26.8772723,75.8200930,2024-02-15T05:55:03Z
26.8773778,75.8200674,2024-02-15T05:55:04Z
26.8774793,75.8200389,2024-02-15T05:55:05Z
26.8775905,75.8200080,2024-02-15T05:55:06Z
26.8777009,75.8199826,2024-02-15T05:55:07Z
26.8778156,75.8199605,2024-02-15T05:55:08Z
26.8779308,75.8199347,2024-02-15T05:55:09Z
26.8780526,75.8199033,2024-02-15T05:55:10Z
26.8781747,75.8198725,2024-02-15T05:55:11Z
26.8783052,75.8198399,2024-02-15T05:55:12Z
26.8784323,75.8198086,2024-02-15T05:55:13Z
26.8785543,75.8197806,2024-02-15T05:55:14Z
26.8786802,75.8197540,2024-02-15T05:55:15Z
26.8788079,75.8197207,2024-02-15T05:55:16Z
26.8789384,75.8196864,2024-02-15T05:55:17Z
26.8790702,75.8196565,2024-02-15T05:55:18Z
26.8791980,75.8196202,2024-02-15T05:55:19Z
26.8793288,75.8195853,2024-02-15T05:55:20Z
26.8794658,75.8195623,2024-02-15T05:55:21Z
26.8796017,75.8195343,2024-02-15T05:55:22Z
26.8797411,75.8195066,2024-02-15T05:55:23Z
26.8798802,75.8194713,2024-02-15T05:55:24Z
26.8800224,75.8194377,2024-02-15T05:55:25Z
26.8801720,75.8194053,2024-02-15T05:55:26Z
26.8803208,75.8193660,2024-02-15T05:55:27Z
26.8804711,75.8193234,2024-02-15T05:55:28Z
26.8806308,75.8192799,2024-02-15T05:55:29Z
26.8807840,75.8192428,2024-02-15T05:55:30Z
26.8809442,75.8192019,2024-02-15T05:55:31Z
26.8811058,75.8191663,2024-02-15T05:55:32Z
26.8812692,75.8191353,2024-02-15T05:55:33Z
26.8814376,75.8190960,2024-02-15T05:55:34Z
26.8816086,75.8190661,2024-02-15T05:55:35Z
26.8817809,75.8190292,2024-02-15T05:55:36Z
26.8819490,75.8189903,2024-02-15T05:55:37Z
26.8821146,75.8189570,2024-02-15T05:55:38Z
26.8822704,75.8189214,2024-02-15T05:55:39Z
26.8824298,75.8188871,2024-02-15T05:55:40Z
26.8825835,75.8188518,2024-02-15T05:55:41Z
26.8827352,75.8188227,2024-02-15T05:55:42Z
26.8828749,75.8187885,2024-02-15T05:55:43Z
26.8829942,75.8187609,2024-02-15T05:55:44Z
26.8830969,75.8187308,2024-02-15T05:55:45Z
26.8831863,75.8186967,2024-02-15T05:55:46Z
26.8832607,75.8186553,2024-02-15T05:55:47Z
26.8833248,75.8185900,2024-02-15T05:55:48Z
26.8833692,75.8185071,2024-02-15T05:55:49Z
26.8833981,75.8184080,2024-02-15T05:55:50Z
26.8834293,75.8182966,2024-02-15T05:55:51Z
26.8834553,75.8181823,2024-02-15T05:55:52Z
26.8834718,75.8180641,2024-02-15T05:55:53Z
26.8834976,75.8179459,2024-02-15T05:55:54Z
26.8835225,75.8178129,2024-02-15T05:55:55Z
26.8835428,75.8176838,2024-02-15T05:55:56Z
26.8835717,75.8175431,2024-02-15T05:55:57Z
26.8835923,75.8174132,2024-02-15T05:55:58Z
26.8836164,75.8172806,2024-02-15T05:55:59Z
26.8836531,75.8171497,2024-02-15T05:56:00Z
26.8836826,75.8170165,2024-02-15T05:56:01Z
26.8837088,75.8168814,2024-02-15T05:56:02Z
26.8837431,75.8167510,2024-02-15T05:56:03Z
26.8837767,75.8166207,2024-02-15T05:56:04Z
26.8838085,75.8164889,2024-02-15T05:56:05Z
26.8838360,75.8163539,2024-02-15T05:56:06Z
26.8838586,75.8162124,2024-02-15T05:56:07Z
26.8838851,75.8160674,2024-02-15T05:56:08Z
26.8839114,75.8159316,2024-02-15T05:56:09Z
26.8839418,75.8157937,2024-02-15T05:56:10Z
26.8839631,75.8156522,2024-02-15T05:56:11Z
26.8839911,75.8155221,2024-02-15T05:56:12Z
26.8840168,75.8153971,2024-02-15T05:56:13Z
26.8840447,75.8152734,2024-02-15T05:56:14Z
26.8840679,75.8151487,2024-02-15T05:56:15Z
26.8840861,75.8150262,2024-02-15T05:56:16Z
26.8841016,75.8149270,2024-02-15T05:56:17Z
26.8841224,75.8148334,2024-02-15T05:56:18Z
26.8841476,75.8147288,2024-02-15T05:56:19Z
26.8841767,75.8146231,2024-02-15T05:56:20Z
26.8841975,75.8145089,2024-02-15T05:56:21Z
26.8842247,75.8143943,2024-02-15T05:56:22Z
26.8842464,75.8142736,2024-02-15T05:56:23Z
26.8842769,75.8141579,2024-02-15T05:56:24Z
26.8843086,75.8140468,2024-02-15T05:56:25Z
26.8843323,75.8139316,2024-02-15T05:56:26Z
26.8843580,75.8138251,2024-02-15T05:56:27Z
26.8843780,75.8137167,2024-02-15T05:56:28Z
26.8844053,75.8136163,2024-02-15T05:56:29Z
26.8844217,75.8135089,2024-02-15T05:56:30Z
26.8844378,75.8134066,2024-02-15T05:56:31Z
26.8844362,75.8133124,2024-02-15T05:56:32Z
26.8844452,75.8132173,2024-02-15T05:56:33Z
26.8844511,75.8131307,2024-02-15T05:56:34Z
26.8844608,75.8130465,2024-02-15T05:56:35Z
26.8844607,75.8129787,2024-02-15T05:56:36Z
26.8844548,75.8129136,2024-02-15T05:56:37Z
26.8844453,75.8128570,2024-02-15T05:56:38Z
26.8844260,75.8128075,2024-02-15T05:56:39Z
26.8844000,75.8127555,2024-02-15T05:56:40Z
26.8843744,75.8127263,2024-02-15T05:56:41Z
26.8843552,75.8127010,2024-02-15T05:56:42Z
26.8843414,75.8126853,2024-02-15T05:56:43Z
26.8843339,75.8126718,2024-02-15T05:56:44Z
26.8843311,75.8126676,2024-02-15T05:56:45Z
26.8843306,75.8126686,2024-02-15T05:56:46Z
26.8843296,75.8126730,2024-02-15T05:56:47Z
26.8843296,75.8126744,2024-02-15T05:56:48Z
26.8843307,75.8126759,2024-02-15T05:56:49Z
26.8843318,75.8126762,2024-02-15T05:56:50Z
26.8843323,75.8126772,2024-02-15T05:56:51Z
26.8843319,75.8126771,2024-02-15T05:56:52Z
26.8843340,75.8126773,2024-02-15T05:56:53Z
26.8843346,75.8126763,2024-02-15T05:56:54Z
26.8843371,75.8126774,2024-02-15T05:56:55Z
26.8843398,75.8126774,2024-02-15T05:56:56Z
26.8843406,75.8126767,2024-02-15T05:56:57Z
26.8843408,75.8126764,2024-02-15T05:56:58Z
26.8843404,75.8126759,2024-02-15T05:56:59Z
26.8843398,75.8126757,2024-02-15T05:57:00Z
26.8843342,75.8126727,2024-02-15T05:57:01Z
26.8843250,75.8126644,2024-02-15T05:57:02Z
26.8843190,75.8126629,2024-02-15T05:57:03Z
26.8843144,75.8126616,2024-02-15T05:57:04Z
26.8843119,75.8126596,2024-02-15T05:57:05Z
26.8843096,75.8126553,2024-02-15T05:57:06Z
26.8843056,75.8126490,2024-02-15T05:57:07Z
26.8842941,75.8126390,2024-02-15T05:57:08Z
26.8842745,75.8126227,2024-02-15T05:57:09Z
26.8842444,75.8125988,2024-02-15T05:57:10Z
26.8842084,75.8125745,2024-02-15T05:57:11Z
26.8841702,75.8125488,2024-02-15T05:57:12Z
26.8841135,75.8125202,2024-02-15T05:57:13Z
26.8840449,75.8124818,2024-02-15T05:57:14Z
26.8839690,75.8124440,2024-02-15T05:57:15Z
26.8838776,75.8124065,2024-02-15T05:57:16Z
26.8837875,75.8123805,2024-02-15T05:57:17Z
26.8836881,75.8123430,2024-02-15T05:57:18Z
26.8835817,75.8123095,2024-02-15T05:57:19Z
26.8834616,75.8122660,2024-02-15T05:57:20Z
26.8833418,75.8122277,2024-02-15T05:57:21Z
26.8832266,75.8121921,2024-02-15T05:57:22Z
26.8830955,75.8121595,2024-02-15T05:57:23Z
26.8829588,75.8121354,2024-02-15T05:57:24Z
26.8828277,75.8121027,2024-02-15T05:57:25Z
26.8826909,75.8120634,2024-02-15T05:57:26Z
26.8825457,75.8120089,2024-02-15T05:57:27Z
26.8823996,75.8119690,2024-02-15T05:57:28Z
26.8822479,75.8119221,2024-02-15T05:57:29Z
26.8820891,75.8118786,2024-02-15T05:57:30Z
26.8819412,75.8118397,2024-02-15T05:57:31Z
26.8817552,75.8117907,2024-02-15T05:57:32Z
26.8815852,75.8117444,2024-02-15T05:57:33Z
26.8814170,75.8116948,2024-02-15T05:57:34Z
26.8812474,75.8116505,2024-02-15T05:57:35Z
26.8810566,75.8115998,2024-02-15T05:57:36Z
26.8808710,75.8115523,2024-02-15T05:57:37Z
26.8806855,75.8115074,2024-02-15T05:57:38Z
26.8804956,75.8114641,2024-02-15T05:57:39Z
26.8803183,75.8114182,2024-02-15T05:57:40Z
26.8801406,75.8113736,2024-02-15T05:57:41Z
26.8799511,75.8113296,2024-02-15T05:57:42Z
26.8797720,75.8112846,2024-02-15T05:57:43Z
26.8795958,75.8112433,2024-02-15T05:57:44Z
26.8794273,75.8112050,2024-02-15T05:57:45Z
26.8792576,75.8111567,2024-02-15T05:57:46Z
26.8790857,75.8111148,2024-02-15T05:57:47Z
26.8789223,75.8110759,2024-02-15T05:57:48Z
26.8787613,75.8110319,2024-02-15T05:57:49Z
26.8786027,75.8109899,2024-02-15T05:57:50Z
26.8784500,75.8109506,2024-02-15T05:57:51Z
26.8783010,75.8109122,2024-02-15T05:57:52Z
26.8781562,75.8108729,2024-02-15T05:57:53Z
26.8780071,75.8108318,2024-02-15T05:57:54Z
26.8778611,75.8107909,2024-02-15T05:57:55Z
26.8777169,75.8107535,2024-02-15T05:57:56Z
26.8775772,75.8107158,2024-02-15T05:57:57Z
26.8774337,75.8106787,2024-02-15T05:57:58Z
26.8772891,75.8106413,2024-02-15T05:57:59Z
26.8771538,75.8106097,2024-02-15T05:58:00Z
26.8770064,75.8105709,2024-02-15T05:58:01Z
26.8768589,75.8105311,2024-02-15T05:58:02Z
26.8767146,75.8104926,2024-02-15T05:58:03Z
26.8765757,75.8104516,2024-02-15T05:58:04Z
26.8764427,75.8104186,2024-02-15T05:58:05Z
26.8763073,75.8103884,2024-02-15T05:58:06Z
26.8761763,75.8103576,2024-02-15T05:58:07Z
26.8760516,75.8103266,2024-02-15T05:58:08Z
26.8759362,75.8102952,2024-02-15T05:58:09Z
26.8758454,75.8102710,2024-02-15T05:58:10Z
26.8757649,75.8102455,2024-02-15T05:58:11Z
26.8756885,75.8102248,2024-02-15T05:58:12Z
26.8756325,75.8102042,2024-02-15T05:58:13Z
26.8756004,75.8101956,2024-02-15T05:58:14Z
26.8755786,75.8101868,2024-02-15T05:58:15Z
26.8755710,75.8101779,2024-02-15T05:58:16Z
26.8755596,75.8101712,2024-02-15T05:58:17Z
26.8755507,75.8101699,2024-02-15T05:58:18Z
26.8755402,75.8101711,2024-02-15T05:58:19Z
26.8755352,75.8101715,2024-02-15T05:58:20Z
26.8755288,75.8101752,2024-02-15T05:58:21Z
26.8755294,75.8101761,2024-02-15T05:58:22Z
26.8755309,75.8101766,2024-02-15T05:58:23Z
26.8755304,75.8101759,2024-02-15T05:58:24Z
26.8755296,75.8101762,2024-02-15T05:58:25Z
26.8755307,75.8101757,2024-02-15T05:58:26Z
26.8755312,75.8101760,2024-02-15T05:58:27Z
26.8755310,75.8101768,2024-02-15T05:58:28Z
26.8755290,75.8101750,2024-02-15T05:58:29Z
26.8755298,75.8101743,2024-02-15T05:58:30Z
26.8755293,75.8101751,2024-02-15T05:58:31Z
26.8755289,75.8101751,2024-02-15T05:58:32Z
26.8755289,75.8101752,2024-02-15T05:58:33Z
26.8755293,75.8101749,2024-02-15T05:58:34Z
26.8755295,75.8101748,2024-02-15T05:58:35Z
26.8755294,75.8101748,2024-02-15T05:58:36Z
26.8755294,75.8101747,2024-02-15T05:58:37Z
26.8755295,75.8101748,2024-02-15T05:58:38Z
26.8755295,75.8101747,2024-02-15T05:58:39Z
26.8755295,75.8101747,2024-02-15T05:58:40Z
26.8755295,75.8101747,2024-02-15T05:58:41Z
26.8755294,75.8101748,2024-02-15T05:58:42Z
26.8755294,75.8101748,2024-02-15T05:58:43Z
26.8755294,75.8101748,2024-02-15T05:58:44Z
26.8755294,75.8101748,2024-02-15T05:58:45Z
26.8755294,75.8101748,2024-02-15T05:58:46Z
26.8755293,75.8101748,2024-02-15T05:58:47Z
26.8755294,75.8101748,2024-02-15T05:58:48Z
26.8755294,75.8101748,2024-02-15T05:58:49Z
26.8755294,75.8101748,2024-02-15T05:58:50Z
26.8755294,75.8101748,2024-02-15T05:58:51Z
26.8755294,75.8101748,2024-02-15T05:58:52Z
26.8755294,75.8101748,2024-02-15T05:58:53Z
26.8755294,75.8101748,2024-02-15T05:58:54Z
26.8755293,75.8101748,2024-02-15T05:58:55Z
26.8755293,75.8101748,2024-02-15T05:58:56Z
26.8755293,75.8101748,2024-02-15T05:58:57Z
26.8755293,75.8101748,2024-02-15T05:58:58Z
26.8755293,75.8101748,2024-02-15T05:58:59Z
26.8755292,75.8101748,2024-02-15T05:59:00Z
26.8755292,75.8101747,2024-02-15T05:59:01Z
26.8755292,75.8101747,2024-02-15T05:59:02Z
26.8755292,75.8101747,2024-02-15T05:59:03Z
26.8755156,75.8101704,2024-02-15T05:59:04Z
26.8754943,75.8101631,2024-02-15T05:59:05Z
26.8754682,75.8101510,2024-02-15T05:59:06Z
26.8754404,75.8101290,2024-02-15T05:59:07Z
26.8754117,75.8100982,2024-02-15T05:59:08Z
26.8753750,75.8100595,2024-02-15T05:59:09Z
26.8753579,75.8100034,2024-02-15T05:59:10Z
26.8753582,75.8099375,2024-02-15T05:59:11Z
26.8753712,75.8098634,2024-02-15T05:59:12Z
26.8753849,75.8097798,2024-02-15T05:59:13Z
26.8753980,75.8096898,2024-02-15T05:59:14Z
26.8754183,75.8096028,2024-02-15T05:59:15Z
26.8754408,75.8094923,2024-02-15T05:59:16Z
26.8754716,75.8093918,2024-02-15T05:59:17Z
26.8754950,75.8092825,2024-02-15T05:59:18Z
26.8755141,75.8091896,2024-02-15T05:59:19Z
26.8755283,75.8091188,2024-02-15T05:59:20Z
26.8755426,75.8090409,2024-02-15T05:59:21Z
26.8755426,75.8089872,2024-02-15T05:59:22Z
26.8755506,75.8089524,2024-02-15T05:59:23Z
26.8755594,75.8089275,2024-02-15T05:59:24Z
26.8755746,75.8089139,2024-02-15T05:59:25Z
26.8755840,75.8089079,2024-02-15T05:59:26Z
26.8755990,75.8089110,2024-02-15T05:59:27Z
26.8756163,75.8089201,2024-02-15T05:59:28Z
26.8756314,75.8089427,2024-02-15T05:59:29Z
26.8756348,75.8089784,2024-02-15T05:59:30Z
26.8756274,75.8090162,2024-02-15T05:59:31Z
26.8756177,75.8090564,2024-02-15T05:59:32Z
26.8756063,75.8091136,2024-02-15T05:59:33Z
26.8755889,75.8091736,2024-02-15T05:59:34Z
26.8755746,75.8092463,2024-02-15T05:59:35Z
26.8755592,75.8093229,2024-02-15T05:59:36Z
26.8755380,75.8094052,2024-02-15T05:59:37Z
26.8755193,75.8094894,2024-02-15T05:59:38Z
26.8754978,75.8095721,2024-02-15T05:59:39Z
26.8754843,75.8096513,2024-02-15T05:59:40Z
26.8754761,75.8097236,2024-02-15T05:59:41Z
26.8754728,75.8097833,2024-02-15T05:59:42Z
26.8754808,75.8098414,2024-02-15T05:59:43Z
26.8755069,75.8098949,2024-02-15T05:59:44Z
26.8755324,75.8099450,2024-02-15T05:59:45Z
26.8755496,75.8099812,2024-02-15T05:59:46Z
26.8755773,75.8100142,2024-02-15T05:59:47Z
26.8756167,75.8100337,2024-02-15T05:59:48Z
26.8756456,75.8100410,2024-02-15T05:59:49Z
26.8756794,75.8100485,2024-02-15T05:59:50Z
26.8757054,75.8100526,2024-02-15T05:59:51Z
26.8757210,75.8100528,2024-02-15T05:59:52Z
26.8757245,75.8100573,2024-02-15T05:59:53Z
26.8757286,75.8100577,2024-02-15T05:59:54Z
26.8757306,75.8100617,2024-02-15T05:59:55Z
26.8757321,75.8100609,2024-02-15T05:59:56Z
26.8757324,75.8100639,2024-02-15T05:59:57Z
26.8757307,75.8100622,2024-02-15T05:59:58Z
26.8757301,75.8100657,2024-02-15T05:59:59Z
26.8757317,75.8100660,2024-02-15T06:00:00Z
26.8757341,75.8100657,2024-02-15T06:00:01Z
26.8757353,75.8100665,2024-02-15T06:00:02Z
26.8757367,75.8100663,2024-02-15T06:00:03Z
26.8757382,75.8100666,2024-02-15T06:00:04Z
26.8757394,75.8100672,2024-02-15T06:00:05Z
26.8757400,75.8100673,2024-02-15T06:00:06Z
26.8757402,75.8100670,2024-02-15T06:00:07Z
26.8757410,75.8100662,2024-02-15T06:00:08Z
26.8757412,75.8100661,2024-02-15T06:00:09Z
26.8757412,75.8100659,2024-02-15T06:00:10Z
26.8757413,75.8100661,2024-02-15T06:00:11Z
26.8757411,75.8100665,2024-02-15T06:00:12Z
26.8757411,75.8100666,2024-02-15T06:00:13Z
26.8757417,75.8100701,2024-02-15T06:00:14Z
26.8757402,75.8100719,2024-02-15T06:00:15Z
26.8757396,75.8100709,2024-02-15T06:00:16Z
26.8757400,75.8100715,2024-02-15T06:00:17Z
26.8757407,75.8100702,2024-02-15T06:00:18Z
26.8757423,75.8100698,2024-02-15T06:00:19Z
26.8757452,75.8100735,2024-02-15T06:00:20Z
26.8757479,75.8100746,2024-02-15T06:00:21Z
26.8757510,75.8100759,2024-02-15T06:00:22Z
26.8757520,75.8100762,2024-02-15T06:00:23Z
26.8757543,75.8100740,2024-02-15T06:00:24Z
26.8757554,75.8100731,2024-02-15T06:00:25Z
26.8757575,75.8100732,2024-02-15T06:00:26Z
26.8757580,75.8100736,2024-02-15T06:00:27Z
26.8757589,75.8100745,2024-02-15T06:00:28Z
26.8757595,75.8100748,2024-02-15T06:00:29Z
26.8757595,75.8100749,2024-02-15T06:00:30Z
26.8757596,75.8100750,2024-02-15T06:00:31Z
26.8757596,75.8100746,2024-02-15T06:00:32Z
26.8757596,75.8100745,2024-02-15T06:00:33Z
26.8757808,75.8100829,2024-02-15T06:00:34Z
26.8757840,75.8100887,2024-02-15T06:00:35Z
26.8757898,75.8100970,2024-02-15T06:00:36Z
26.8758143,75.8101036,2024-02-15T06:00:37Z
26.8758351,75.8101093,2024-02-15T06:00:38Z
26.8758564,75.8101087,2024-02-15T06:00:39Z
26.8758737,75.8101000,2024-02-15T06:00:40Z
26.8758891,75.8100912,2024-02-15T06:00:41Z
26.8759038,75.8100909,2024-02-15T06:00:42Z
26.8759172,75.8101003,2024-02-15T06:00:43Z
26.8759210,75.8101072,2024-02-15T06:00:44Z
26.8759189,75.8101168,2024-02-15T06:00:45Z
26.8759192,75.8101191,2024-02-15T06:00:46Z
26.8759211,75.8101222,2024-02-15T06:00:47Z
26.8759213,75.8101240,2024-02-15T06:00:48Z
26.8759213,75.8101244,2024-02-15T06:00:49Z
26.8759206,75.8101244,2024-02-15T06:00:50Z
26.8759192,75.8101305,2024-02-15T06:00:51Z
26.8759179,75.8101337,2024-02-15T06:00:52Z
26.8759109,75.8101291,2024-02-15T06:00:53Z
26.8759111,75.8101220,2024-02-15T06:00:54Z
26.8759131,75.8101160,2024-02-15T06:00:55Z
26.8759168,75.8101077,2024-02-15T06:00:56Z
26.8759218,75.8101038,2024-02-15T06:00:57Z
26.8759217,75.8100987,2024-02-15T06:00:58Z
26.8759211,75.8100980,2024-02-15T06:00:59Z
26.8759211,75.8101007,2024-02-15T06:01:00Z
26.8759185,75.8101020,2024-02-15T06:01:01Z
26.8759189,75.8101031,2024-02-15T06:01:02Z
26.8759215,75.8101056,2024-02-15T06:01:03Z
26.8759344,75.8101119,2024-02-15T06:01:04Z
26.8759440,75.8101139,2024-02-15T06:01:05Z
26.8759470,75.8101075,2024-02-15T06:01:06Z
26.8759489,75.8101081,2024-02-15T06:01:07Z
26.8759492,75.8101082,2024-02-15T06:01:08Z
26.8759498,75.8101098,2024-02-15T06:01:09Z
26.8759497,75.8101099,2024-02-15T06:01:10Z
26.8759480,75.8101114,2024-02-15T06:01:11Z
26.8759471,75.8101122,2024-02-15T06:01:12Z
26.8759462,75.8101126,2024-02-15T06:01:13Z
26.8759452,75.8101132,2024-02-15T06:01:14Z
26.8759445,75.8101126,2024-02-15T06:01:15Z
26.8759446,75.8101132,2024-02-15T06:01:16Z
26.8759443,75.8101143,2024-02-15T06:01:17Z
26.8759435,75.8101145,2024-02-15T06:01:18Z
26.8759433,75.8101154,2024-02-15T06:01:19Z
26.8759432,75.8101159,2024-02-15T06:01:20Z
26.8759431,75.8101161,2024-02-15T06:01:21Z
26.8759429,75.8101165,2024-02-15T06:01:22Z
26.8759434,75.8101167,2024-02-15T06:01:23Z
26.8759434,75.8101167,2024-02-15T06:01:24Z
26.8759434,75.8101167,2024-02-15T06:01:25Z
26.8759434,75.8101167,2024-02-15T06:01:26Z
26.8759434,75.8101167,2024-02-15T06:01:27Z
26.8759434,75.8101167,2024-02-15T06:01:28Z
26.8759434,75.8101167,2024-02-15T06:01:29Z
26.8759431,75.8101167,2024-02-15T06:01:30Z
26.8759427,75.8101168,2024-02-15T06:01:31Z
26.8759425,75.8101169,2024-02-15T06:01:32Z
26.8759427,75.8101170,2024-02-15T06:01:33Z
26.8759427,75.8101170,2024-02-15T06:01:34Z
26.8759427,75.8101170,2024-02-15T06:01:35Z
26.8759427,75.8101170,2024-02-15T06:01:36Z
26.8759427,75.8101170,2024-02-15T06:01:37Z
26.8759427,75.8101170,2024-02-15T06:01:38Z
26.8759429,75.8101170,2024-02-15T06:01:39Z
26.8759430,75.8101170,2024-02-15T06:01:40Z
26.8759433,75.8101169,2024-02-15T06:01:41Z
26.8759434,75.8101169,2024-02-15T06:01:42Z
26.8759435,75.8101169,2024-02-15T06:01:43Z
26.8759435,75.8101169,2024-02-15T06:01:44Z
26.8759435,75.8101170,2024-02-15T06:01:45Z
26.8759435,75.8101170,2024-02-15T06:01:46Z
26.8759435,75.8101170,2024-02-15T06:01:47Z
26.8759435,75.8101170,2024-02-15T06:01:48Z
26.8759435,75.8101170,2024-02-15T06:01:49Z
26.8759435,75.8101170,2024-02-15T06:01:50Z
26.8759435,75.8101169,2024-02-15T06:01:51Z
26.8759435,75.8101170,2024-02-15T06:01:52Z
26.8759435,75.8101170,2024-02-15T06:01:53Z
26.8759436,75.8101170,2024-02-15T06:01:54Z
26.8759436,75.8101169,2024-02-15T06:01:55Z
26.8759436,75.8101169,2024-02-15T06:01:56Z
26.8759436,75.8101169,2024-02-15T06:01:57Z
26.8759436,75.8101169,2024-02-15T06:01:58Z
26.8759436,75.8101169,2024-02-15T06:01:59Z
26.8759436,75.8101169,2024-02-15T06:02:00Z
26.8759575,75.8101274,2024-02-15T06:02:01Z
26.8759764,75.8101395,2024-02-15T06:02:02Z
26.8759994,75.8101518,2024-02-15T06:02:03Z
26.8760271,75.8101585,2024-02-15T06:02:04Z
26.8760566,75.8101660,2024-02-15T06:02:05Z
26.8760914,75.8101647,2024-02-15T06:02:06Z
26.8761199,75.8101697,2024-02-15T06:02:07Z
26.8761497,75.8101751,2024-02-15T06:02:08Z
26.8761865,75.8101845,2024-02-15T06:02:09Z
26.8762245,75.8101932,2024-02-15T06:02:10Z
26.8762633,75.8102023,2024-02-15T06:02:11Z
26.8763028,75.8102127,2024-02-15T06:02:12Z
26.8763436,75.8102234,2024-02-15T06:02:13Z
26.8763811,75.8102335,2024-02-15T06:02:14Z
26.8764187,75.8102458,2024-02-15T06:02:15Z
26.8764540,75.8102531,2024-02-15T06:02:16Z
26.8764888,75.8102579,2024-02-15T06:02:17Z
26.8765187,75.8102649,2024-02-15T06:02:18Z
26.8765371,75.8102724,2024-02-15T06:02:19Z
26.8765384,75.8102784,2024-02-15T06:02:20Z
26.8765377,75.8102777,2024-02-15T06:02:21Z
26.8765367,75.8102762,2024-02-15T06:02:22Z
26.8765359,75.8102745,2024-02-15T06:02:23Z
26.8765369,75.8102753,2024-02-15T06:02:24Z
26.8765380,75.8102760,2024-02-15T06:02:25Z
26.8765389,75.8102764,2024-02-15T06:02:26Z
26.8765386,75.8102760,2024-02-15T06:02:27Z
26.8765380,75.8102760,2024-02-15T06:02:28Z
26.8765377,75.8102750,2024-02-15T06:02:29Z
26.8765365,75.8102742,2024-02-15T06:02:30Z
26.8765364,75.8102741,2024-02-15T06:02:31Z
26.8765366,75.8102740,2024-02-15T06:02:32Z
26.8765366,75.8102740,2024-02-15T06:02:33Z
26.8765359,75.8102724,2024-02-15T06:02:34Z
26.8765358,75.8102720,2024-02-15T06:02:35Z
26.8765358,75.8102719,2024-02-15T06:02:36Z
26.8765607,75.8102788,2024-02-15T06:02:37Z
26.8765987,75.8102905,2024-02-15T06:02:38Z
26.8766415,75.8103001,2024-02-15T06:02:39Z
26.8766843,75.8103071,2024-02-15T06:02:40Z
26.8767388,75.8103162,2024-02-15T06:02:41Z
26.8767925,75.8103337,2024-02-15T06:02:42Z
26.8768427,75.8103516,2024-02-15T06:02:43Z
26.8769046,75.8103746,2024-02-15T06:02:44Z
26.8769615,75.8103933,2024-02-15T06:02:45Z
26.8770164,75.8104133,2024-02-15T06:02:46Z
26.8770765,75.8104291,2024-02-15T06:02:47Z
26.8771369,75.8104414,2024-02-15T06:02:48Z
26.8771950,75.8104587,2024-02-15T06:02:49Z
26.8772558,75.8104672,2024-02-15T06:02:50Z
26.8773240,75.8104887,2024-02-15T06:02:51Z
26.8773895,75.8105045,2024-02-15T06:02:52Z
26.8774560,75.8105217,2024-02-15T06:02:53Z
26.8775251,75.8105393,2024-02-15T06:02:54Z
26.8775852,75.8105519,2024-02-15T06:02:55Z
26.8776465,75.8105698,2024-02-15T06:02:56Z
26.8777093,75.8105861,2024-02-15T06:02:57Z
26.8777687,75.8106097,2024-02-15T06:02:58Z
26.8778301,75.8106255,2024-02-15T06:02:59Z
26.8778885,75.8106399,2024-02-15T06:03:00Z
26.8779402,75.8106573,2024-02-15T06:03:01Z
26.8779840,75.8106613,2024-02-15T06:03:02Z
26.8780029,75.8106615,2024-02-15T06:03:03Z
26.8780138,75.8106544,2024-02-15T06:03:04Z
26.8780268,75.8106499,2024-02-15T06:03:05Z
26.8780439,75.8106443,2024-02-15T06:03:06Z
26.8780599,75.8106363,2024-02-15T06:03:07Z
26.8780725,75.8106271,2024-02-15T06:03:08Z
26.8780915,75.8106151,2024-02-15T06:03:09Z
26.8781155,75.8106077,2024-02-15T06:03:10Z
26.8781413,75.8106020,2024-02-15T06:03:11Z
26.8781661,75.8106192,2024-02-15T06:03:12Z
26.8781858,75.8106253,2024-02-15T06:03:13Z
26.8782078,75.8106345,2024-02-15T06:03:14Z
26.8782390,75.8106429,2024-02-15T06:03:15Z
26.8782603,75.8106499,2024-02-15T06:03:16Z
26.8782765,75.8106548,2024-02-15T06:03:17Z
26.8782925,75.8106587,2024-02-15T06:03:18Z
26.8782937,75.8106705,2024-02-15T06:03:19Z
26.8782957,75.8106654,2024-02-15T06:03:20Z
26.8783023,75.8106633,2024-02-15T06:03:21Z
26.8783071,75.8106627,2024-02-15T06:03:22Z
26.8783084,75.8106646,2024-02-15T06:03:23Z
26.8783090,75.8106654,2024-02-15T06:03:24Z
26.8783103,75.8106641,2024-02-15T06:03:25Z
26.8783096,75.8106644,2024-02-15T06:03:26Z
26.8783106,75.8106648,2024-02-15T06:03:27Z
26.8783104,75.8106634,2024-02-15T06:03:28Z
26.8783104,75.8106631,2024-02-15T06:03:29Z
26.8783131,75.8106623,2024-02-15T06:03:30Z
26.8783135,75.8106622,2024-02-15T06:03:31Z
26.8783132,75.8106631,2024-02-15T06:03:32Z
26.8783107,75.8106631,2024-02-15T06:03:33Z
26.8783105,75.8106630,2024-02-15T06:03:34Z
26.8783112,75.8106621,2024-02-15T06:03:35Z
26.8783109,75.8106622,2024-02-15T06:03:36Z
26.8783108,75.8106622,2024-02-15T06:03:37Z
26.8783107,75.8106622,2024-02-15T06:03:38Z
26.8783107,75.8106622,2024-02-15T06:03:39Z
26.8783107,75.8106622,2024-02-15T06:03:40Z
26.8783107,75.8106622,2024-02-15T06:03:41Z
26.8783107,75.8106622,2024-02-15T06:03:42Z
26.8783108,75.8106621,2024-02-15T06:03:43Z
26.8783108,75.8106621,2024-02-15T06:03:44Z
26.8783113,75.8106621,2024-02-15T06:03:45Z
26.8783114,75.8106621,2024-02-15T06:03:46Z
26.8783115,75.8106621,2024-02-15T06:03:47Z
26.8783114,75.8106621,2024-02-15T06:03:48Z
26.8783114,75.8106620,2024-02-15T06:03:49Z
26.8783114,75.8106620,2024-02-15T06:03:50Z
26.8783114,75.8106621,2024-02-15T06:03:51Z
26.8783115,75.8106621,2024-02-15T06:03:52Z
26.8783115,75.8106621,2024-02-15T06:03:53Z
26.8783115,75.8106621,2024-02-15T06:03:54Z
26.8783115,75.8106621,2024-02-15T06:03:55Z
26.8783115,75.8106620,2024-02-15T06:03:56Z
26.8783114,75.8106620,2024-02-15T06:03:57Z
26.8783113,75.8106621,2024-02-15T06:03:58Z
26.8783109,75.8106622,2024-02-15T06:03:59Z
26.8783108,75.8106622,2024-02-15T06:04:00Z
26.8783108,75.8106622,2024-02-15T06:04:01Z
26.8783111,75.8106622,2024-02-15T06:04:02Z
26.8783115,75.8106621,2024-02-15T06:04:03Z
26.8783116,75.8106621,2024-02-15T06:04:04Z
26.8783116,75.8106621,2024-02-15T06:04:05Z
26.8783116,75.8106621,2024-02-15T06:04:06Z
26.8783116,75.8106620,2024-02-15T06:04:07Z
26.8783113,75.8106620,2024-02-15T06:04:08Z
26.8783113,75.8106620,2024-02-15T06:04:09Z
26.8783112,75.8106619,2024-02-15T06:04:10Z
26.8783112,75.8106619,2024-02-15T06:04:11Z
26.8783111,75.8106620,2024-02-15T06:04:12Z
26.8783110,75.8106622,2024-02-15T06:04:13Z
26.8783108,75.8106623,2024-02-15T06:04:14Z
26.8783107,75.8106623,2024-02-15T06:04:15Z
26.8783105,75.8106623,2024-02-15T06:04:16Z
26.8783105,75.8106623,2024-02-15T06:04:17Z
26.8783105,75.8106623,2024-02-15T06:04:18Z
26.8783108,75.8106623,2024-02-15T06:04:19Z
26.8783113,75.8106623,2024-02-15T06:04:20Z
26.8783114,75.8106624,2024-02-15T06:04:21Z
26.8783114,75.8106623,2024-02-15T06:04:22Z
26.8783114,75.8106623,2024-02-15T06:04:23Z
26.8783114,75.8106623,2024-02-15T06:04:24Z
26.8783111,75.8106626,2024-02-15T06:04:25Z
26.8783111,75.8106626,2024-02-15T06:04:26Z
26.8783111,75.8106627,2024-02-15T06:04:27Z
26.8783111,75.8106627,2024-02-15T06:04:28Z
26.8783111,75.8106627,2024-02-15T06:04:29Z
26.8783111,75.8106627,2024-02-15T06:04:30Z
26.8783111,75.8106626,2024-02-15T06:04:31Z
26.8783111,75.8106626,2024-02-15T06:04:32Z
26.8783111,75.8106626,2024-02-15T06:04:33Z
26.8783111,75.8106626,2024-02-15T06:04:34Z
26.8783111,75.8106626,2024-02-15T06:04:35Z
26.8783111,75.8106626,2024-02-15T06:04:36Z
26.8783111,75.8106626,2024-02-15T06:04:37Z
26.8783112,75.8106625,2024-02-15T06:04:38Z
26.8783112,75.8106626,2024-02-15T06:04:39Z
26.8783112,75.8106625,2024-02-15T06:04:40Z
26.8783111,75.8106626,2024-02-15T06:04:41Z
26.8783111,75.8106626,2024-02-15T06:04:42Z
26.8783112,75.8106626,2024-02-15T06:04:43Z
26.8783118,75.8106627,2024-02-15T06:04:44Z
26.8783121,75.8106628,2024-02-15T06:04:45Z
26.8783122,75.8106628,2024-02-15T06:04:46Z
26.8783122,75.8106628,2024-02-15T06:04:47Z
26.8783122,75.8106628,2024-02-15T06:04:48Z
26.8783122,75.8106628,2024-02-15T06:04:49Z
26.8783123,75.8106628,2024-02-15T06:04:50Z
26.8783123,75.8106628,2024-02-15T06:04:51Z
26.8783123,75.8106628,2024-02-15T06:04:52Z
26.8783123,75.8106628,2024-02-15T06:04:53Z
26.8783123,75.8106627,2024-02-15T06:04:54Z
26.8783122,75.8106627,2024-02-15T06:04:55Z
26.8783122,75.8106627,2024-02-15T06:04:56Z
26.8783122,75.8106627,2024-02-15T06:04:57Z
26.8783123,75.8106627,2024-02-15T06:04:58Z
26.8783122,75.8106627,2024-02-15T06:04:59Z
26.8783123,75.8106627,2024-02-15T06:05:00Z
26.8783122,75.8106627,2024-02-15T06:05:01Z
26.8783122,75.8106627,2024-02-15T06:05:02Z
26.8783122,75.8106627,2024-02-15T06:05:03Z
26.8783122,75.8106626,2024-02-15T06:05:04Z
26.8783122,75.8106627,2024-02-15T06:05:05Z
26.8783122,75.8106626,2024-02-15T06:05:06Z
26.8783122,75.8106626,2024-02-15T06:05:07Z
26.8783122,75.8106626,2024-02-15T06:05:08Z
26.8783122,75.8106626,2024-02-15T06:05:09Z
26.8783122,75.8106626,2024-02-15T06:05:10Z
26.8783122,75.8106626,2024-02-15T06:05:11Z
26.8783122,75.8106626,2024-02-15T06:05:12Z
26.8783121,75.8106626,2024-02-15T06:05:13Z
26.8783122,75.8106626,2024-02-15T06:05:14Z
26.8783122,75.8106626,2024-02-15T06:05:15Z
26.8783122,75.8106626,2024-02-15T06:05:16Z
26.8783122,75.8106626,2024-02-15T06:05:17Z
26.8783122,75.8106626,2024-02-15T06:05:18Z
26.8783121,75.8106626,2024-02-15T06:05:19Z
26.8783121,75.8106626,2024-02-15T06:05:20Z
26.8783121,75.8106625,2024-02-15T06:05:21Z
26.8783121,75.8106625,2024-02-15T06:05:22Z
26.8783121,75.8106625,2024-02-15T06:05:23Z
26.8783121,75.8106625,2024-02-15T06:05:24Z
26.8783121,75.8106625,2024-02-15T06:05:25Z
26.8783121,75.8106625,2024-02-15T06:05:26Z
26.8783121,75.8106625,2024-02-15T06:05:27Z
26.8783121,75.8106625,2024-02-15T06:05:28Z
26.8783121,75.8106625,2024-02-15T06:05:29Z
26.8783121,75.8106625,2024-02-15T06:05:30Z
26.8783121,75.8106624,2024-02-15T06:05:31Z
26.8783121,75.8106624,2024-02-15T06:05:32Z
26.8783121,75.8106624,2024-02-15T06:05:33Z
26.8783121,75.8106624,2024-02-15T06:05:34Z
26.8783121,75.8106624,2024-02-15T06:05:35Z
26.8783120,75.8106624,2024-02-15T06:05:36Z
26.8783120,75.8106624,2024-02-15T06:05:37Z
26.8783120,75.8106624,2024-02-15T06:05:38Z
26.8783120,75.8106624,2024-02-15T06:05:39Z
26.8783120,75.8106623,2024-02-15T06:05:40Z
26.8783120,75.8106623,2024-02-15T06:05:41Z
26.8783120,75.8106623,2024-02-15T06:05:42Z
26.8783120,75.8106622,2024-02-15T06:05:43Z
26.8783120,75.8106622,2024-02-15T06:05:44Z
26.8783120,75.8106622,2024-02-15T06:05:45Z
26.8783120,75.8106622,2024-02-15T06:05:46Z
26.8783120,75.8106622,2024-02-15T06:05:47Z
26.8783120,75.8106622,2024-02-15T06:05:48Z
26.8783120,75.8106622,2024-02-15T06:05:49Z
26.8783120,75.8106623,2024-02-15T06:05:50Z
26.8783120,75.8106623,2024-02-15T06:05:51Z
26.8783121,75.8106622,2024-02-15T06:05:52Z
26.8783121,75.8106622,2024-02-15T06:05:53Z
26.8783121,75.8106622,2024-02-15T06:05:54Z
26.8783121,75.8106623,2024-02-15T06:05:55Z
26.8783121,75.8106623,2024-02-15T06:05:56Z
26.8783121,75.8106623,2024-02-15T06:05:57Z
26.8783117,75.8106629,2024-02-15T06:05:58Z
26.8783368,75.8106652,2024-02-15T06:05:59Z
26.8783663,75.8106691,2024-02-15T06:06:00Z
26.8784027,75.8106750,2024-02-15T06:06:01Z
26.8784428,75.8106860,2024-02-15T06:06:02Z
26.8784844,75.8106982,2024-02-15T06:06:03Z
26.8785207,75.8107094,2024-02-15T06:06:04Z
26.8785648,75.8107197,2024-02-15T06:06:05Z
26.8786342,75.8107365,2024-02-15T06:06:06Z
26.8786960,75.8107541,2024-02-15T06:06:07Z
26.8787447,75.8107715,2024-02-15T06:06:08Z
26.8787951,75.8107818,2024-02-15T06:06:09Z
26.8788546,75.8108003,2024-02-15T06:06:10Z
26.8789058,75.8108194,2024-02-15T06:06:11Z
26.8789568,75.8108334,2024-02-15T06:06:12Z
26.8790067,75.8108426,2024-02-15T06:06:13Z
26.8790618,75.8108562,2024-02-15T06:06:14Z
26.8790979,75.8108633,2024-02-15T06:06:15Z
26.8791248,75.8108669,2024-02-15T06:06:16Z
26.8791505,75.8108740,2024-02-15T06:06:17Z
26.8791754,75.8108821,2024-02-15T06:06:18Z
26.8792061,75.8108912,2024-02-15T06:06:19Z
26.8792338,75.8108987,2024-02-15T06:06:20Z
26.8792687,75.8109044,2024-02-15T06:06:21Z
26.8793107,75.8109116,2024-02-15T06:06:22Z
26.8793494,75.8109194,2024-02-15T06:06:23Z
26.8793874,75.8109335,2024-02-15T06:06:24Z
26.8794249,75.8109502,2024-02-15T06:06:25Z
26.8794629,75.8109668,2024-02-15T06:06:26Z
26.8795078,75.8109828,2024-02-15T06:06:27Z
26.8795551,75.8109943,2024-02-15T06:06:28Z
26.8796121,75.8110082,2024-02-15T06:06:29Z
26.8796530,75.8110145,2024-02-15T06:06:30Z
26.8796954,75.8110314,2024-02-15T06:06:31Z
26.8797293,75.8110466,2024-02-15T06:06:32Z
26.8797613,75.8110645,2024-02-15T06:06:33Z
26.8797713,75.8110763,2024-02-15T06:06:34Z
26.8797638,75.8110658,2024-02-15T06:06:35Z
26.8797650,75.8110629,2024-02-15T06:06:36Z
26.8797660,75.8110620,2024-02-15T06:06:37Z
26.8797665,75.8110615,2024-02-15T06:06:38Z
26.8797658,75.8110618,2024-02-15T06:06:39Z
26.8797650,75.8110623,2024-02-15T06:06:40Z
26.8797653,75.8110631,2024-02-15T06:06:41Z
26.8797670,75.8110637,2024-02-15T06:06:42Z
26.8797673,75.8110638,2024-02-15T06:06:43Z
26.8797674,75.8110638,2024-02-15T06:06:44Z
26.8797702,75.8110615,2024-02-15T06:06:45Z
26.8797724,75.8110605,2024-02-15T06:06:46Z
26.8797735,75.8110586,2024-02-15T06:06:47Z
26.8797754,75.8110579,2024-02-15T06:06:48Z
26.8797764,75.8110579,2024-02-15T06:06:49Z
26.8797764,75.8110580,2024-02-15T06:06:50Z
26.8797767,75.8110583,2024-02-15T06:06:51Z
26.8797770,75.8110582,2024-02-15T06:06:52Z
26.8797745,75.8110575,2024-02-15T06:06:53Z
26.8797739,75.8110572,2024-02-15T06:06:54Z
26.8797738,75.8110572,2024-02-15T06:06:55Z
26.8797744,75.8110574,2024-02-15T06:06:56Z
26.8797745,75.8110574,2024-02-15T06:06:57Z
26.8797745,75.8110574,2024-02-15T06:06:58Z
26.8797745,75.8110575,2024-02-15T06:06:59Z
26.8797744,75.8110574,2024-02-15T06:07:00Z
26.8797749,75.8110576,2024-02-15T06:07:01Z
26.8797754,75.8110578,2024-02-15T06:07:02Z
26.8797755,75.8110578,2024-02-15T06:07:03Z
26.8797756,75.8110578,2024-02-15T06:07:04Z
26.8797756,75.8110578,2024-02-15T06:07:05Z
26.8797756,75.8110578,2024-02-15T06:07:06Z
26.8797756,75.8110578,2024-02-15T06:07:07Z
26.8797755,75.8110578,2024-02-15T06:07:08Z
26.8797755,75.8110578,2024-02-15T06:07:09Z
26.8797755,75.8110578,2024-02-15T06:07:10Z
26.8797755,75.8110578,2024-02-15T06:07:11Z
26.8797755,75.8110578,2024-02-15T06:07:12Z
26.8797755,75.8110578,2024-02-15T06:07:13Z
26.8797755,75.8110578,2024-02-15T06:07:14Z
26.8797755,75.8110578,2024-02-15T06:07:15Z
26.8797755,75.8110577,2024-02-15T06:07:16Z
26.8797754,75.8110577,2024-02-15T06:07:17Z
26.8797754,75.8110578,2024-02-15T06:07:18Z
26.8797754,75.8110578,2024-02-15T06:07:19Z
26.8797754,75.8110578,2024-02-15T06:07:20Z
26.8797754,75.8110577,2024-02-15T06:07:21Z
26.8797754,75.8110577,2024-02-15T06:07:22Z
26.8797756,75.8110578,2024-02-15T06:07:23Z
26.8797756,75.8110578,2024-02-15T06:07:24Z
26.8797757,75.8110579,2024-02-15T06:07:25Z
26.8797757,75.8110579,2024-02-15T06:07:26Z
26.8797757,75.8110579,2024-02-15T06:07:27Z
26.8797756,75.8110580,2024-02-15T06:07:28Z
26.8797756,75.8110580,2024-02-15T06:07:29Z
26.8797756,75.8110580,2024-02-15T06:07:30Z
26.8797757,75.8110580,2024-02-15T06:07:31Z
26.8797757,75.8110580,2024-02-15T06:07:32Z
26.8797757,75.8110579,2024-02-15T06:07:33Z
26.8797757,75.8110579,2024-02-15T06:07:34Z
26.8797756,75.8110579,2024-02-15T06:07:35Z
26.8797760,75.8110580,2024-02-15T06:07:36Z
26.8797766,75.8110582,2024-02-15T06:07:37Z
26.8797767,75.8110582,2024-02-15T06:07:38Z
26.8797767,75.8110582,2024-02-15T06:07:39Z
26.8797771,75.8110583,2024-02-15T06:07:40Z
26.8797771,75.8110584,2024-02-15T06:07:41Z
26.8797771,75.8110583,2024-02-15T06:07:42Z
26.8797771,75.8110583,2024-02-15T06:07:43Z
26.8797771,75.8110583,2024-02-15T06:07:44Z
26.8797771,75.8110582,2024-02-15T06:07:45Z
26.8797771,75.8110582,2024-02-15T06:07:46Z
26.8797771,75.8110582,2024-02-15T06:07:47Z
26.8797771,75.8110582,2024-02-15T06:07:48Z
26.8797771,75.8110582,2024-02-15T06:07:49Z
26.8797771,75.8110582,2024-02-15T06:07:50Z
26.8797771,75.8110582,2024-02-15T06:07:51Z
26.8797771,75.8110582,2024-02-15T06:07:52Z
26.8797771,75.8110582,2024-02-15T06:07:53Z
26.8797771,75.8110582,2024-02-15T06:07:54Z
26.8797771,75.8110582,2024-02-15T06:07:55Z
26.8797771,75.8110582,2024-02-15T06:07:56Z
26.8797771,75.8110582,2024-02-15T06:07:57Z
26.8797771,75.8110582,2024-02-15T06:07:58Z
26.8797771,75.8110582,2024-02-15T06:07:59Z
26.8797771,75.8110581,2024-02-15T06:08:00Z
26.8797771,75.8110581,2024-02-15T06:08:01Z
26.8797771,75.8110581,2024-02-15T06:08:02Z
26.8797771,75.8110581,2024-02-15T06:08:03Z
26.8797772,75.8110581,2024-02-15T06:08:04Z
26.8797772,75.8110581,2024-02-15T06:08:05Z
26.8797772,75.8110582,2024-02-15T06:08:06Z
26.8797772,75.8110582,2024-02-15T06:08:07Z
26.8797771,75.8110582,2024-02-15T06:08:08Z
26.8797771,75.8110581,2024-02-15T06:08:09Z
26.8797771,75.8110581,2024-02-15T06:08:10Z
26.8797771,75.8110581,2024-02-15T06:08:11Z
26.8797771,75.8110581,2024-02-15T06:08:12Z
26.8797770,75.8110581,2024-02-15T06:08:13Z
26.8797770,75.8110581,2024-02-15T06:08:14Z
26.8797770,75.8110581,2024-02-15T06:08:15Z
26.8797770,75.8110581,2024-02-15T06:08:16Z
26.8797768,75.8110580,2024-02-15T06:08:17Z
26.8797768,75.8110580,2024-02-15T06:08:18Z
26.8797769,75.8110580,2024-02-15T06:08:19Z
26.8797769,75.8110580,2024-02-15T06:08:20Z
26.8797769,75.8110580,2024-02-15T06:08:21Z
26.8797769,75.8110580,2024-02-15T06:08:22Z
26.8797769,75.8110580,2024-02-15T06:08:23Z
26.8797769,75.8110580,2024-02-15T06:08:24Z
26.8797769,75.8110580,2024-02-15T06:08:25Z
26.8797769,75.8110580,2024-02-15T06:08:26Z
26.8797769,75.8110580,2024-02-15T06:08:27Z
26.8797769,75.8110580,2024-02-15T06:08:28Z
26.8797769,75.8110580,2024-02-15T06:08:29Z
26.8797769,75.8110580,2024-02-15T06:08:30Z
26.8797769,75.8110580,2024-02-15T06:08:31Z
26.8797769,75.8110580,2024-02-15T06:08:32Z
26.8797769,75.8110580,2024-02-15T06:08:33Z
26.8797769,75.8110580,2024-02-15T06:08:34Z
26.8797769,75.8110580,2024-02-15T06:08:35Z
26.8797769,75.8110580,2024-02-15T06:08:36Z
26.8797769,75.8110580,2024-02-15T06:08:37Z
26.8797769,75.8110580,2024-02-15T06:08:38Z
26.8797769,75.8110580,2024-02-15T06:08:39Z
26.8797769,75.8110580,2024-02-15T06:08:40Z
26.8797769,75.8110580,2024-02-15T06:08:41Z
26.8797769,75.8110581,2024-02-15T06:08:42Z
26.8797769,75.8110581,2024-02-15T06:08:43Z
26.8797769,75.8110581,2024-02-15T06:08:44Z
26.8797769,75.8110581,2024-02-15T06:08:45Z
26.8797769,75.8110581,2024-02-15T06:08:46Z
26.8797769,75.8110581,2024-02-15T06:08:47Z
26.8797768,75.8110581,2024-02-15T06:08:48Z
26.8797768,75.8110581,2024-02-15T06:08:49Z
26.8797769,75.8110581,2024-02-15T06:08:50Z
26.8797769,75.8110581,2024-02-15T06:08:51Z
26.8797769,75.8110581,2024-02-15T06:08:52Z
26.8797769,75.8110581,2024-02-15T06:08:53Z
26.8797770,75.8110581,2024-02-15T06:08:54Z
26.8797772,75.8110580,2024-02-15T06:08:55Z
26.8797774,75.8110579,2024-02-15T06:08:56Z
26.8797775,75.8110577,2024-02-15T06:08:57Z
26.8797774,75.8110574,2024-02-15T06:08:58Z
26.8797774,75.8110574,2024-02-15T06:08:59Z
26.8797774,75.8110573,2024-02-15T06:09:00Z
26.8797774,75.8110574,2024-02-15T06:09:01Z
26.8797774,75.8110573,2024-02-15T06:09:02Z
26.8797774,75.8110573,2024-02-15T06:09:03Z
26.8797774,75.8110573,2024-02-15T06:09:04Z
26.8797773,75.8110573,2024-02-15T06:09:05Z
26.8797773,75.8110573,2024-02-15T06:09:06Z
26.8797773,75.8110573,2024-02-15T06:09:07Z
26.8797773,75.8110573,2024-02-15T06:09:08Z
26.8797773,75.8110573,2024-02-15T06:09:09Z
26.8797773,75.8110573,2024-02-15T06:09:10Z
26.8797773,75.8110573,2024-02-15T06:09:11Z
26.8797773,75.8110573,2024-02-15T06:09:12Z
26.8797772,75.8110573,2024-02-15T06:09:13Z
26.8797773,75.8110573,2024-02-15T06:09:14Z
26.8797773,75.8110573,2024-02-15T06:09:15Z
26.8797772,75.8110574,2024-02-15T06:09:16Z
26.8797772,75.8110573,2024-02-15T06:09:17Z
26.8797772,75.8110574,2024-02-15T06:09:18Z
26.8797772,75.8110574,2024-02-15T06:09:19Z
26.8797772,75.8110574,2024-02-15T06:09:20Z
26.8797772,75.8110574,2024-02-15T06:09:21Z
26.8797772,75.8110574,2024-02-15T06:09:22Z
26.8797772,75.8110574,2024-02-15T06:09:23Z
26.8797773,75.8110574,2024-02-15T06:09:24Z
26.8797773,75.8110574,2024-02-15T06:09:25Z
26.8797773,75.8110574,2024-02-15T06:09:26Z
26.8797773,75.8110574,2024-02-15T06:09:27Z
26.8797773,75.8110574,2024-02-15T06:09:28Z
26.8797772,75.8110574,2024-02-15T06:09:29Z
26.8797772,75.8110574,2024-02-15T06:09:30Z
26.8797772,75.8110574,2024-02-15T06:09:31Z
26.8797772,75.8110574,2024-02-15T06:09:32Z
26.8797773,75.8110574,2024-02-15T06:09:33Z
26.8797773,75.8110574,2024-02-15T06:09:34Z
26.8797773,75.8110574,2024-02-15T06:09:35Z
26.8797773,75.8110574,2024-02-15T06:09:36Z
26.8797773,75.8110574,2024-02-15T06:09:37Z
26.8797773,75.8110574,2024-02-15T06:09:38Z
26.8797773,75.8110574,2024-02-15T06:09:39Z
26.8797773,75.8110574,2024-02-15T06:09:40Z
26.8797773,75.8110574,2024-02-15T06:09:41Z
26.8797773,75.8110574,2024-02-15T06:09:42Z
26.8797773,75.8110574,2024-02-15T06:09:43Z
26.8797773,75.8110574,2024-02-15T06:09:44Z
26.8797773,75.8110574,2024-02-15T06:09:45Z
26.8797773,75.8110574,2024-02-15T06:09:46Z
26.8797773,75.8110575,2024-02-15T06:09:47Z
26.8797773,75.8110575,2024-02-15T06:09:48Z
26.8797773,75.8110575,2024-02-15T06:09:49Z
26.8797773,75.8110575,2024-02-15T06:09:50Z
26.8797773,75.8110574,2024-02-15T06:09:51Z
26.8797774,75.8110575,2024-02-15T06:09:52Z
26.8797774,75.8110575,2024-02-15T06:09:53Z
26.8797774,75.8110575,2024-02-15T06:09:54Z
26.8797774,75.8110575,2024-02-15T06:09:55Z
26.8797774,75.8110575,2024-02-15T06:09:56Z
26.8797775,75.8110575,2024-02-15T06:09:57Z
26.8797775,75.8110574,2024-02-15T06:09:58Z
26.8797775,75.8110575,2024-02-15T06:09:59Z
26.8797776,75.8110574,2024-02-15T06:10:00Z
26.8797776,75.8110574,2024-02-15T06:10:01Z
26.8797776,75.8110574,2024-02-15T06:10:02Z
26.8797775,75.8110574,2024-02-15T06:10:03Z
26.8797776,75.8110574,2024-02-15T06:10:04Z
26.8797776,75.8110574,2024-02-15T06:10:05Z
26.8797776,75.8110574,2024-02-15T06:10:06Z
26.8797776,75.8110574,2024-02-15T06:10:07Z
26.8797776,75.8110574,2024-02-15T06:10:08Z
26.8797906,75.8110585,2024-02-15T06:10:09Z
26.8798159,75.8110670,2024-02-15T06:10:10Z
26.8798378,75.8110800,2024-02-15T06:10:11Z
26.8798608,75.8110942,2024-02-15T06:10:12Z
26.8798864,75.8111081,2024-02-15T06:10:13Z
26.8799129,75.8111271,2024-02-15T06:10:14Z
26.8799350,75.8111528,2024-02-15T06:10:15Z
26.8799569,75.8111798,2024-02-15T06:10:16Z
26.8799867,75.8112061,2024-02-15T06:10:17Z
26.8800330,75.8112210,2024-02-15T06:10:18Z
26.8800943,75.8112433,2024-02-15T06:10:19Z
26.8801578,75.8112629,2024-02-15T06:10:20Z
26.8802185,75.8112832,2024-02-15T06:10:21Z
26.8802888,75.8113030,2024-02-15T06:10:22Z
26.8803626,75.8113273,2024-02-15T06:10:23Z
26.8804389,75.8113455,2024-02-15T06:10:24Z
26.8805202,75.8113719,2024-02-15T06:10:25Z
26.8806149,75.8113980,2024-02-15T06:10:26Z
26.8807129,75.8114245,2024-02-15T06:10:27Z
26.8808101,75.8114490,2024-02-15T06:10:28Z
26.8809058,75.8114841,2024-02-15T06:10:29Z
26.8810092,75.8115103,2024-02-15T06:10:30Z
26.8811108,75.8115360,2024-02-15T06:10:31Z
26.8812233,75.8115688,2024-02-15T06:10:32Z
26.8813413,75.8115960,2024-02-15T06:10:33Z
26.8814668,75.8116250,2024-02-15T06:10:34Z
26.8815932,75.8116556,2024-02-15T06:10:35Z
26.8817209,75.8116889,2024-02-15T06:10:36Z
26.8818534,75.8117205,2024-02-15T06:10:37Z
26.8819879,75.8117523,2024-02-15T06:10:38Z
26.8821222,75.8117860,2024-02-15T06:10:39Z
26.8822605,75.8118264,2024-02-15T06:10:40Z
26.8823950,75.8118598,2024-02-15T06:10:41Z
26.8825332,75.8118998,2024-02-15T06:10:42Z
26.8826657,75.8119340,2024-02-15T06:10:43Z
26.8828085,75.8119631,2024-02-15T06:10:44Z
26.8829534,75.8119988,2024-02-15T06:10:45Z
26.8830969,75.8120362,2024-02-15T06:10:46Z
26.8832370,75.8120700,2024-02-15T06:10:47Z
26.8833702,75.8121028,2024-02-15T06:10:48Z
26.8835081,75.8121311,2024-02-15T06:10:49Z
26.8836382,75.8121605,2024-02-15T06:10:50Z
26.8837610,75.8121872,2024-02-15T06:10:51Z
26.8838790,75.8122092,2024-02-15T06:10:52Z
26.8840007,75.8122346,2024-02-15T06:10:53Z
26.8841055,75.8122538,2024-02-15T06:10:54Z
26.8841919,75.8122607,2024-02-15T06:10:55Z
26.8842598,75.8122662,2024-02-15T06:10:56Z
26.8843153,75.8122674,2024-02-15T06:10:57Z
26.8843495,75.8122655,2024-02-15T06:10:58Z
26.8843784,75.8122693,2024-02-15T06:10:59Z
26.8844065,75.8122726,2024-02-15T06:11:00Z
26.8844376,75.8122776,2024-02-15T06:11:01Z
26.8844807,75.8122702,2024-02-15T06:11:02Z
26.8845236,75.8122654,2024-02-15T06:11:03Z
26.8845749,75.8122566,2024-02-15T06:11:04Z
26.8846217,75.8122547,2024-02-15T06:11:05Z
26.8846645,75.8122608,2024-02-15T06:11:06Z
26.8847091,75.8122671,2024-02-15T06:11:07Z
26.8847527,75.8122758,2024-02-15T06:11:08Z
26.8847994,75.8122927,2024-02-15T06:11:09Z
26.8848375,75.8123067,2024-02-15T06:11:10Z
26.8848770,75.8123250,2024-02-15T06:11:11Z
26.8849216,75.8123493,2024-02-15T06:11:12Z
26.8849565,75.8123837,2024-02-15T06:11:13Z
26.8849964,75.8124318,2024-02-15T06:11:14Z
26.8850390,75.8124717,2024-02-15T06:11:15Z
26.8850842,75.8125024,2024-02-15T06:11:16Z
26.8851319,75.8125312,2024-02-15T06:11:17Z
26.8851882,75.8125629,2024-02-15T06:11:18Z
26.8852492,75.8125892,2024-02-15T06:11:19Z
26.8853033,75.8126194,2024-02-15T06:11:20Z
26.8853712,75.8126431,2024-02-15T06:11:21Z
26.8854399,75.8126681,2024-02-15T06:11:22Z
26.8855158,75.8126960,2024-02-15T06:11:23Z
26.8855996,75.8127228,2024-02-15T06:11:24Z
26.8856874,75.8127464,2024-02-15T06:11:25Z
26.8857787,75.8127693,2024-02-15T06:11:26Z
26.8858719,75.8127916,2024-02-15T06:11:27Z
26.8859659,75.8128189,2024-02-15T06:11:28Z
26.8860730,75.8128460,2024-02-15T06:11:29Z
26.8861800,75.8128702,2024-02-15T06:11:30Z
26.8862954,75.8129017,2024-02-15T06:11:31Z
26.8864166,75.8129359,2024-02-15T06:11:32Z
26.8865315,75.8129667,2024-02-15T06:11:33Z
26.8866382,75.8129957,2024-02-15T06:11:34Z
26.8867428,75.8130187,2024-02-15T06:11:35Z
26.8868506,75.8130416,2024-02-15T06:11:36Z
26.8869552,75.8130744,2024-02-15T06:11:37Z
26.8870716,75.8131072,2024-02-15T06:11:38Z
26.8871944,75.8131386,2024-02-15T06:11:39Z
26.8873214,75.8131690,2024-02-15T06:11:40Z
26.8874530,75.8132034,2024-02-15T06:11:41Z
26.8875921,75.8132371,2024-02-15T06:11:42Z
26.8877295,75.8132769,2024-02-15T06:11:43Z
26.8878714,75.8133136,2024-02-15T06:11:44Z
26.8880057,75.8133474,2024-02-15T06:11:45Z
26.8881340,75.8133783,2024-02-15T06:11:46Z
26.8882600,75.8134083,2024-02-15T06:11:47Z
26.8883875,75.8134402,2024-02-15T06:11:48Z
26.8885093,75.8134663,2024-02-15T06:11:49Z
26.8886240,75.8134939,2024-02-15T06:11:50Z
26.8887438,75.8135128,2024-02-15T06:11:51Z
26.8888572,75.8135401,2024-02-15T06:11:52Z
26.8889754,75.8135704,2024-02-15T06:11:53Z
26.8890954,75.8136092,2024-02-15T06:11:54Z
26.8892186,75.8136432,2024-02-15T06:11:55Z
26.8893420,75.8136760,2024-02-15T06:11:56Z
26.8894514,75.8137075,2024-02-15T06:11:57Z
26.8895625,75.8137388,2024-02-15T06:11:58Z
26.8896692,75.8137629,2024-02-15T06:11:59Z
26.8897690,75.8137930,2024-02-15T06:12:00Z
26.8898613,75.8138171,2024-02-15T06:12:01Z
26.8899504,75.8138390,2024-02-15T06:12:02Z
26.8900325,75.8138563,2024-02-15T06:12:03Z
26.8901135,75.8138713,2024-02-15T06:12:04Z
26.8901937,75.8138905,2024-02-15T06:12:05Z
26.8902784,75.8139140,2024-02-15T06:12:06Z
26.8903635,75.8139386,2024-02-15T06:12:07Z
26.8904434,75.8139609,2024-02-15T06:12:08Z
26.8905231,75.8139793,2024-02-15T06:12:09Z
26.8905991,75.8139942,2024-02-15T06:12:10Z
26.8906649,75.8140096,2024-02-15T06:12:11Z
26.8907255,75.8140207,2024-02-15T06:12:12Z
26.8907819,75.8140378,2024-02-15T06:12:13Z
26.8908364,75.8140526,2024-02-15T06:12:14Z
26.8908875,75.8140698,2024-02-15T06:12:15Z
26.8909327,75.8140809,2024-02-15T06:12:16Z
26.8909680,75.8140885,2024-02-15T06:12:17Z
26.8909995,75.8140920,2024-02-15T06:12:18Z
26.8910215,75.8140979,2024-02-15T06:12:19Z
26.8910420,75.8141006,2024-02-15T06:12:20Z
26.8910569,75.8141068,2024-02-15T06:12:21Z
26.8910682,75.8141059,2024-02-15T06:12:22Z
26.8910700,75.8141071,2024-02-15T06:12:23Z
26.8910718,75.8141090,2024-02-15T06:12:24Z
26.8910723,75.8141091,2024-02-15T06:12:25Z
26.8910756,75.8141091,2024-02-15T06:12:26Z
26.8910771,75.8141084,2024-02-15T06:12:27Z
26.8910779,75.8141093,2024-02-15T06:12:28Z
26.8910772,75.8141092,2024-02-15T06:12:29Z
26.8910764,75.8141112,2024-02-15T06:12:30Z
26.8910753,75.8141109,2024-02-15T06:12:31Z
26.8910757,75.8141108,2024-02-15T06:12:32Z
26.8910749,75.8141100,2024-02-15T06:12:33Z
26.8910756,75.8141095,2024-02-15T06:12:34Z
26.8910763,75.8141096,2024-02-15T06:12:35Z
26.8910770,75.8141097,2024-02-15T06:12:36Z
26.8910772,75.8141097,2024-02-15T06:12:37Z
26.8910773,75.8141097,2024-02-15T06:12:38Z
26.8910773,75.8141098,2024-02-15T06:12:39Z
26.8910773,75.8141097,2024-02-15T06:12:40Z
26.8910773,75.8141098,2024-02-15T06:12:41Z
26.8910773,75.8141098,2024-02-15T06:12:42Z
26.8910773,75.8141098,2024-02-15T06:12:43Z
26.8910773,75.8141098,2024-02-15T06:12:44Z
26.8910773,75.8141098,2024-02-15T06:12:45Z
26.8910773,75.8141098,2024-02-15T06:12:46Z
26.8910769,75.8141099,2024-02-15T06:12:47Z
26.8910769,75.8141099,2024-02-15T06:12:48Z
26.8910768,75.8141099,2024-02-15T06:12:49Z
26.8910768,75.8141099,2024-02-15T06:12:50Z
26.8910768,75.8141099,2024-02-15T06:12:51Z
26.8910769,75.8141099,2024-02-15T06:12:52Z
26.8910769,75.8141099,2024-02-15T06:12:53Z
26.8910769,75.8141099,2024-02-15T06:12:54Z
26.8910842,75.8141120,2024-02-15T06:12:55Z
26.8910966,75.8141149,2024-02-15T06:12:56Z
26.8911105,75.8141200,2024-02-15T06:12:57Z
26.8911277,75.8141248,2024-02-15T06:12:58Z
26.8911493,75.8141305,2024-02-15T06:12:59Z
26.8911707,75.8141371,2024-02-15T06:13:00Z
26.8911911,75.8141423,2024-02-15T06:13:01Z
26.8912125,75.8141471,2024-02-15T06:13:02Z
26.8912402,75.8141547,2024-02-15T06:13:03Z
26.8912693,75.8141642,2024-02-15T06:13:04Z
26.8912947,75.8141702,2024-02-15T06:13:05Z
26.8913227,75.8141775,2024-02-15T06:13:06Z
26.8913535,75.8141903,2024-02-15T06:13:07Z
26.8913820,75.8142036,2024-02-15T06:13:08Z
26.8914132,75.8142144,2024-02-15T06:13:09Z
26.8914448,75.8142336,2024-02-15T06:13:10Z
26.8914696,75.8142446,2024-02-15T06:13:11Z
26.8914970,75.8142527,2024-02-15T06:13:12Z
26.8915238,75.8142600,2024-02-15T06:13:13Z
26.8915535,75.8142668,2024-02-15T06:13:14Z
26.8915828,75.8142662,2024-02-15T06:13:15Z
26.8916160,75.8142701,2024-02-15T06:13:16Z
26.8916441,75.8142747,2024-02-15T06:13:17Z
26.8916596,75.8142758,2024-02-15T06:13:18Z
26.8916686,75.8142791,2024-02-15T06:13:19Z
26.8916717,75.8142817,2024-02-15T06:13:20Z
26.8916735,75.8142827,2024-02-15T06:13:21Z
26.8916804,75.8142861,2024-02-15T06:13:22Z
26.8916811,75.8142850,2024-02-15T06:13:23Z
26.8916868,75.8142825,2024-02-15T06:13:24Z
26.8916875,75.8142809,2024-02-15T06:13:25Z
26.8916876,75.8142806,2024-02-15T06:13:26Z
26.8916883,75.8142810,2024-02-15T06:13:27Z
26.8916868,75.8142803,2024-02-15T06:13:28Z
26.8916935,75.8142806,2024-02-15T06:13:29Z
26.8916943,75.8142804,2024-02-15T06:13:30Z
26.8916969,75.8142809,2024-02-15T06:13:31Z
26.8916983,75.8142813,2024-02-15T06:13:32Z
26.8916988,75.8142807,2024-02-15T06:13:33Z
26.8916988,75.8142806,2024-02-15T06:13:34Z
26.8916978,75.8142805,2024-02-15T06:13:35Z
26.8916976,75.8142806,2024-02-15T06:13:36Z
26.8916959,75.8142807,2024-02-15T06:13:37Z
26.8916956,75.8142807,2024-02-15T06:13:38Z
26.8916938,75.8142806,2024-02-15T06:13:39Z
26.8916936,75.8142806,2024-02-15T06:13:40Z
26.8916934,75.8142806,2024-02-15T06:13:41Z
26.8916933,75.8142806,2024-02-15T06:13:42Z
26.8916933,75.8142806,2024-02-15T06:13:43Z
26.8916934,75.8142806,2024-02-15T06:13:44Z
26.8916934,75.8142806,2024-02-15T06:13:45Z
26.8916934,75.8142806,2024-02-15T06:13:46Z
26.8916934,75.8142806,2024-02-15T06:13:47Z
26.8916934,75.8142806,2024-02-15T06:13:48Z
26.8916934,75.8142806,2024-02-15T06:13:49Z
26.8916933,75.8142806,2024-02-15T06:13:50Z
26.8916933,75.8142806,2024-02-15T06:13:51Z
26.8916933,75.8142806,2024-02-15T06:13:52Z
26.8916933,75.8142806,2024-02-15T06:13:53Z
26.8916936,75.8142805,2024-02-15T06:13:54Z
26.8916936,75.8142805,2024-02-15T06:13:55Z
26.8916936,75.8142805,2024-02-15T06:13:56Z
26.8916936,75.8142805,2024-02-15T06:13:57Z
26.8916936,75.8142805,2024-02-15T06:13:58Z
26.8916936,75.8142805,2024-02-15T06:13:59Z
26.8916936,75.8142805,2024-02-15T06:14:00Z
26.8916935,75.8142805,2024-02-15T06:14:01Z
26.8916935,75.8142805,2024-02-15T06:14:02Z
26.8916935,75.8142805,2024-02-15T06:14:03Z
26.8916935,75.8142805,2024-02-15T06:14:04Z
26.8916934,75.8142805,2024-02-15T06:14:05Z
26.8916934,75.8142805,2024-02-15T06:14:06Z
26.8916934,75.8142805,2024-02-15T06:14:07Z
26.8916934,75.8142804,2024-02-15T06:14:08Z
26.8916933,75.8142804,2024-02-15T06:14:09Z
26.8916933,75.8142805,2024-02-15T06:14:10Z
26.8916933,75.8142805,2024-02-15T06:14:11Z
26.8916933,75.8142806,2024-02-15T06:14:12Z
26.8916932,75.8142806,2024-02-15T06:14:13Z
26.8916932,75.8142807,2024-02-15T06:14:14Z
26.8916932,75.8142807,2024-02-15T06:14:15Z
26.8916933,75.8142807,2024-02-15T06:14:16Z
26.8916933,75.8142807,2024-02-15T06:14:17Z
26.8916933,75.8142807,2024-02-15T06:14:18Z
26.8916934,75.8142807,2024-02-15T06:14:19Z
26.8916934,75.8142806,2024-02-15T06:14:20Z
26.8916933,75.8142805,2024-02-15T06:14:21Z
26.8916933,75.8142805,2024-02-15T06:14:22Z
26.8916933,75.8142805,2024-02-15T06:14:23Z
26.8916933,75.8142805,2024-02-15T06:14:24Z
26.8916932,75.8142805,2024-02-15T06:14:25Z
26.8916932,75.8142805,2024-02-15T06:14:26Z
26.8916932,75.8142805,2024-02-15T06:14:27Z
26.8916932,75.8142805,2024-02-15T06:14:28Z
26.8916932,75.8142805,2024-02-15T06:14:29Z
26.8916932,75.8142805,2024-02-15T06:14:30Z
26.8916931,75.8142805,2024-02-15T06:14:31Z
26.8916938,75.8142804,2024-02-15T06:14:32Z
26.8916940,75.8142804,2024-02-15T06:14:33Z
26.8916940,75.8142803,2024-02-15T06:14:34Z
26.8916940,75.8142803,2024-02-15T06:14:35Z
26.8916939,75.8142803,2024-02-15T06:14:36Z
26.8916939,75.8142803,2024-02-15T06:14:37Z
26.8916939,75.8142803,2024-02-15T06:14:38Z
26.8916939,75.8142803,2024-02-15T06:14:39Z
26.8916939,75.8142803,2024-02-15T06:14:40Z
26.8916939,75.8142803,2024-02-15T06:14:41Z
26.8916940,75.8142803,2024-02-15T06:14:42Z
26.8916940,75.8142803,2024-02-15T06:14:43Z
26.8916939,75.8142802,2024-02-15T06:14:44Z
26.8916938,75.8142802,2024-02-15T06:14:45Z
26.8916935,75.8142801,2024-02-15T06:14:46Z
26.8916934,75.8142801,2024-02-15T06:14:47Z
26.8916933,75.8142801,2024-02-15T06:14:48Z
26.8916933,75.8142801,2024-02-15T06:14:49Z
26.8916933,75.8142801,2024-02-15T06:14:50Z
26.8916933,75.8142801,2024-02-15T06:14:51Z
26.8916933,75.8142801,2024-02-15T06:14:52Z
26.8916933,75.8142801,2024-02-15T06:14:53Z
26.8916933,75.8142801,2024-02-15T06:14:54Z
26.8916933,75.8142800,2024-02-15T06:14:55Z
26.8916932,75.8142800,2024-02-15T06:14:56Z
26.8916932,75.8142798,2024-02-15T06:14:57Z
26.8916937,75.8142797,2024-02-15T06:14:58Z
26.8916941,75.8142797,2024-02-15T06:14:59Z
26.8916943,75.8142797,2024-02-15T06:15:00Z
26.8916943,75.8142797,2024-02-15T06:15:01Z
26.8916944,75.8142799,2024-02-15T06:15:02Z
26.8916943,75.8142799,2024-02-15T06:15:03Z
26.8916943,75.8142799,2024-02-15T06:15:04Z
26.8916942,75.8142799,2024-02-15T06:15:05Z
26.8916942,75.8142799,2024-02-15T06:15:06Z
26.8916942,75.8142799,2024-02-15T06:15:07Z
26.8916942,75.8142799,2024-02-15T06:15:08Z
26.8916941,75.8142799,2024-02-15T06:15:09Z
26.8916941,75.8142799,2024-02-15T06:15:10Z
26.8916942,75.8142799,2024-02-15T06:15:11Z
26.8916943,75.8142799,2024-02-15T06:15:12Z
26.8916942,75.8142799,2024-02-15T06:15:13Z
26.8916941,75.8142799,2024-02-15T06:15:14Z
26.8916941,75.8142798,2024-02-15T06:15:15Z
26.8916941,75.8142798,2024-02-15T06:15:16Z
26.8916940,75.8142798,2024-02-15T06:15:17Z
26.8916940,75.8142798,2024-02-15T06:15:18Z
26.8916940,75.8142798,2024-02-15T06:15:19Z
26.8916939,75.8142798,2024-02-15T06:15:20Z
26.8916940,75.8142798,2024-02-15T06:15:21Z
26.8916940,75.8142798,2024-02-15T06:15:22Z
26.8916939,75.8142799,2024-02-15T06:15:23Z
26.8916939,75.8142799,2024-02-15T06:15:24Z
26.8916939,75.8142798,2024-02-15T06:15:25Z
26.8916938,75.8142798,2024-02-15T06:15:26Z
26.8916938,75.8142798,2024-02-15T06:15:27Z
26.8916938,75.8142798,2024-02-15T06:15:28Z
26.8916937,75.8142798,2024-02-15T06:15:29Z
26.8916937,75.8142798,2024-02-15T06:15:30Z
26.8916936,75.8142798,2024-02-15T06:15:31Z
26.8916936,75.8142798,2024-02-15T06:15:32Z
26.8916936,75.8142798,2024-02-15T06:15:33Z
26.8916959,75.8142800,2024-02-15T06:15:34Z
26.8917045,75.8142829,2024-02-15T06:15:35Z
26.8917181,75.8142886,2024-02-15T06:15:36Z
26.8917303,75.8142919,2024-02-15T06:15:37Z
26.8917442,75.8142946,2024-02-15T06:15:38Z
26.8917615,75.8142984,2024-02-15T06:15:39Z
26.8917783,75.8143032,2024-02-15T06:15:40Z
26.8917939,75.8143073,2024-02-15T06:15:41Z
26.8918083,75.8143112,2024-02-15T06:15:42Z
26.8918244,75.8143162,2024-02-15T06:15:43Z
26.8918485,75.8143251,2024-02-15T06:15:44Z
26.8918781,75.8143345,2024-02-15T06:15:45Z
26.8919095,75.8143459,2024-02-15T06:15:46Z
26.8919408,75.8143595,2024-02-15T06:15:47Z
26.8919784,75.8143938,2024-02-15T06:15:48Z
26.8920082,75.8144391,2024-02-15T06:15:49Z
26.8920245,75.8144955,2024-02-15T06:15:50Z
26.8920319,75.8145632,2024-02-15T06:15:51Z
26.8920288,75.8146391,2024-02-15T06:15:52Z
26.8920229,75.8147140,2024-02-15T06:15:53Z
26.8919929,75.8147922,2024-02-15T06:15:54Z
26.8919534,75.8148793,2024-02-15T06:15:55Z
26.8919053,75.8149653,2024-02-15T06:15:56Z
26.8918533,75.8150704,2024-02-15T06:15:57Z
26.8917982,75.8151667,2024-02-15T06:15:58Z
26.8917458,75.8152726,2024-02-15T06:15:59Z
26.8916975,75.8153702,2024-02-15T06:16:00Z
26.8916443,75.8154813,2024-02-15T06:16:01Z
26.8915884,75.8155840,2024-02-15T06:16:02Z
26.8915319,75.8156849,2024-02-15T06:16:03Z
26.8914754,75.8157821,2024-02-15T06:16:04Z
26.8914278,75.8158571,2024-02-15T06:16:05Z
26.8913828,75.8159314,2024-02-15T06:16:06Z
26.8913456,75.8159974,2024-02-15T06:16:07Z
26.8913066,75.8160643,2024-02-15T06:16:08Z
26.8912611,75.8161328,2024-02-15T06:16:09Z
26.8912159,75.8162023,2024-02-15T06:16:10Z
26.8911648,75.8162786,2024-02-15T06:16:11Z
26.8911170,75.8163520,2024-02-15T06:16:12Z
26.8910624,75.8164267,2024-02-15T06:16:13Z
26.8910120,75.8165036,2024-02-15T06:16:14Z
26.8909667,75.8165796,2024-02-15T06:16:15Z
26.8909221,75.8166597,2024-02-15T06:16:16Z
26.8908927,75.8167372,2024-02-15T06:16:17Z
26.8908639,75.8168197,2024-02-15T06:16:18Z
26.8908336,75.8169003,2024-02-15T06:16:19Z
26.8908074,75.8169847,2024-02-15T06:16:20Z
26.8907814,75.8170554,2024-02-15T06:16:21Z
26.8907598,75.8171332,2024-02-15T06:16:22Z
26.8907342,75.8172153,2024-02-15T06:16:23Z
26.8907084,75.8172948,2024-02-15T06:16:24Z
26.8906827,75.8173704,2024-02-15T06:16:25Z
26.8906543,75.8174410,2024-02-15T06:16:26Z
26.8906286,75.8175150,2024-02-15T06:16:27Z
26.8906052,75.8175923,2024-02-15T06:16:28Z
26.8905776,75.8176640,2024-02-15T06:16:29Z
26.8905573,75.8177283,2024-02-15T06:16:30Z
26.8905381,75.8177908,2024-02-15T06:16:31Z
26.8905159,75.8178535,2024-02-15T06:16:32Z
26.8904970,75.8179201,2024-02-15T06:16:33Z
26.8904745,75.8179827,2024-02-15T06:16:34Z
26.8904538,75.8180498,2024-02-15T06:16:35Z
26.8904330,75.8181153,2024-02-15T06:16:36Z
26.8904056,75.8181855,2024-02-15T06:16:37Z
26.8903853,75.8182567,2024-02-15T06:16:38Z
26.8903539,75.8183255,2024-02-15T06:16:39Z
26.8903334,75.8183900,2024-02-15T06:16:40Z
26.8903281,75.8184623,2024-02-15T06:16:41Z
26.8903097,75.8185281,2024-02-15T06:16:42Z
26.8902891,75.8185814,2024-02-15T06:16:43Z
26.8902724,75.8186249,2024-02-15T06:16:44Z
26.8902694,75.8186700,2024-02-15T06:16:45Z
26.8902627,75.8187345,2024-02-15T06:16:46Z
26.8902536,75.8187903,2024-02-15T06:16:47Z
26.8902469,75.8188674,2024-02-15T06:16:48Z
26.8902283,75.8189439,2024-02-15T06:16:49Z
26.8902206,75.8190210,2024-02-15T06:16:50Z
26.8902129,75.8190937,2024-02-15T06:16:51Z
26.8902075,75.8191668,2024-02-15T06:16:52Z
26.8902125,75.8192367,2024-02-15T06:16:53Z
26.8902151,75.8193046,2024-02-15T06:16:54Z
26.8902061,75.8193731,2024-02-15T06:16:55Z
26.8901897,75.8194498,2024-02-15T06:16:56Z
26.8901689,75.8195363,2024-02-15T06:16:57Z
26.8901496,75.8196207,2024-02-15T06:16:58Z
26.8901192,75.8197034,2024-02-15T06:16:59Z
26.8900879,75.8197849,2024-02-15T06:17:00Z
26.8900546,75.8198736,2024-02-15T06:17:01Z
26.8900155,75.8199645,2024-02-15T06:17:02Z
26.8899772,75.8200630,2024-02-15T06:17:03Z
26.8899251,75.8201656,2024-02-15T06:17:04Z
26.8898767,75.8202750,2024-02-15T06:17:05Z
26.8898274,75.8203948,2024-02-15T06:17:06Z
26.8897763,75.8205136,2024-02-15T06:17:07Z
26.8897319,75.8206318,2024-02-15T06:17:08Z
26.8896865,75.8207569,2024-02-15T06:17:09Z
26.8896334,75.8208773,2024-02-15T06:17:10Z
26.8895835,75.8209973,2024-02-15T06:17:11Z
26.8895374,75.8211096,2024-02-15T06:17:12Z
26.8894878,75.8212323,2024-02-15T06:17:13Z
26.8894382,75.8213486,2024-02-15T06:17:14Z
26.8893922,75.8214628,2024-02-15T06:17:15Z
26.8893461,75.8215732,2024-02-15T06:17:16Z
26.8893008,75.8216795,2024-02-15T06:17:17Z
26.8892582,75.8217831,2024-02-15T06:17:18Z
26.8892123,75.8218769,2024-02-15T06:17:19Z
26.8891683,75.8219729,2024-02-15T06:17:20Z
26.8891244,75.8220746,2024-02-15T06:17:21Z
26.8890843,75.8221785,2024-02-15T06:17:22Z
26.8890468,75.8222856,2024-02-15T06:17:23Z
26.8890093,75.8223923,2024-02-15T06:17:24Z
26.8889722,75.8225004,2024-02-15T06:17:25Z
26.8889350,75.8226056,2024-02-15T06:17:26Z
26.8888963,75.8227131,2024-02-15T06:17:27Z
26.8888578,75.8228192,2024-02-15T06:17:28Z
26.8888156,75.8229320,2024-02-15T06:17:29Z
26.8887748,75.8230389,2024-02-15T06:17:30Z
26.8887332,75.8231398,2024-02-15T06:17:31Z
26.8886893,75.8232465,2024-02-15T06:17:32Z
26.8886451,75.8233515,2024-02-15T06:17:33Z
26.8885995,75.8234594,2024-02-15T06:17:34Z
26.8885519,75.8235706,2024-02-15T06:17:35Z
26.8885061,75.8236814,2024-02-15T06:17:36Z
26.8884552,75.8238062,2024-02-15T06:17:37Z
26.8884021,75.8239304,2024-02-15T06:17:38Z
26.8883483,75.8240562,2024-02-15T06:17:39Z
26.8882910,75.8241874,2024-02-15T06:17:40Z
26.8882306,75.8243203,2024-02-15T06:17:41Z
26.8881706,75.8244591,2024-02-15T06:17:42Z
26.8881100,75.8246062,2024-02-15T06:17:43Z
26.8880514,75.8247534,2024-02-15T06:17:44Z
26.8879927,75.8249050,2024-02-15T06:17:45Z
26.8879354,75.8250537,2024-02-15T06:17:46Z
26.8878774,75.8252075,2024-02-15T06:17:47Z
26.8878147,75.8253590,2024-02-15T06:17:48Z
26.8877494,75.8255123,2024-02-15T06:17:49Z
26.8876830,75.8256656,2024-02-15T06:17:50Z
26.8876185,75.8258154,2024-02-15T06:17:51Z
26.8875534,75.8259656,2024-02-15T06:17:52Z
26.8874890,75.8261189,2024-02-15T06:17:53Z
26.8874288,75.8262627,2024-02-15T06:17:54Z
26.8873720,75.8264013,2024-02-15T06:17:55Z
26.8873164,75.8265364,2024-02-15T06:17:56Z
26.8872605,75.8266668,2024-02-15T06:17:57Z
26.8872137,75.8267829,2024-02-15T06:17:58Z
26.8871726,75.8268916,2024-02-15T06:17:59Z
26.8871342,75.8269876,2024-02-15T06:18:00Z
26.8870992,75.8270818,2024-02-15T06:18:01Z
26.8870718,75.8271571,2024-02-15T06:18:02Z
26.8870511,75.8272157,2024-02-15T06:18:03Z
26.8870412,75.8272727,2024-02-15T06:18:04Z
26.8870514,75.8273259,2024-02-15T06:18:05Z
26.8870779,75.8273720,2024-02-15T06:18:06Z
26.8871145,75.8274097,2024-02-15T06:18:07Z
26.8871516,75.8274446,2024-02-15T06:18:08Z
26.8872003,75.8274838,2024-02-15T06:18:09Z
26.8872470,75.8275247,2024-02-15T06:18:10Z
26.8872933,75.8275663,2024-02-15T06:18:11Z
26.8873394,75.8276068,2024-02-15T06:18:12Z
26.8873830,75.8276457,2024-02-15T06:18:13Z
26.8874259,75.8276830,2024-02-15T06:18:14Z
26.8874712,75.8277187,2024-02-15T06:18:15Z
26.8875102,75.8277586,2024-02-15T06:18:16Z
26.8875478,75.8277910,2024-02-15T06:18:17Z
26.8875715,75.8278106,2024-02-15T06:18:18Z
26.8875838,75.8278214,2024-02-15T06:18:19Z
26.8875868,75.8278246,2024-02-15T06:18:20Z
26.8875868,75.8278245,2024-02-15T06:18:21Z
26.8875868,75.8278245,2024-02-15T06:18:22Z
26.8875868,75.8278245,2024-02-15T06:18:23Z
26.8875868,75.8278245,2024-02-15T06:18:24Z
26.8875868,75.8278245,2024-02-15T06:18:25Z
26.8875868,75.8278245,2024-02-15T06:18:26Z
26.8875868,75.8278245,2024-02-15T06:18:27Z
26.8875868,75.8278245,2024-02-15T06:18:28Z
26.8875868,75.8278245,2024-02-15T06:18:29Z
26.8875868,75.8278245,2024-02-15T06:18:30Z
26.8875868,75.8278245,2024-02-15T06:18:31Z
26.8875868,75.8278245,2024-02-15T06:18:32Z
26.8875868,75.8278245,2024-02-15T06:18:33Z
26.8875868,75.8278245,2024-02-15T06:18:34Z
26.8875868,75.8278245,2024-02-15T06:18:35Z
26.8875868,75.8278245,2024-02-15T06:18:36Z
26.8875868,75.8278245,2024-02-15T06:18:37Z
26.8875868,75.8278245,2024-02-15T06:18:38Z
26.8875868,75.8278245,2024-02-15T06:18:39Z
26.8875895,75.8278322,2024-02-15T06:18:40Z
26.8875979,75.8278435,2024-02-15T06:18:41Z
26.8876069,75.8278658,2024-02-15T06:18:42Z
26.8876210,75.8278893,2024-02-15T06:18:43Z
26.8876426,75.8279188,2024-02-15T06:18:44Z
26.8876655,75.8279462,2024-02-15T06:18:45Z
26.8876921,75.8279747,2024-02-15T06:18:46Z
26.8877222,75.8280041,2024-02-15T06:18:47Z
26.8877605,75.8280428,2024-02-15T06:18:48Z
26.8878104,75.8280905,2024-02-15T06:18:49Z
26.8878579,75.8281421,2024-02-15T06:18:50Z
26.8879081,75.8281944,2024-02-15T06:18:51Z
26.8879542,75.8282402,2024-02-15T06:18:52Z
26.8880003,75.8282873,2024-02-15T06:18:53Z
26.8880483,75.8283374,2024-02-15T06:18:54Z
26.8881024,75.8283924,2024-02-15T06:18:55Z
26.8881588,75.8284501,2024-02-15T06:18:56Z
26.8882243,75.8285157,2024-02-15T06:18:57Z
26.8882915,75.8285828,2024-02-15T06:18:58Z
26.8883564,75.8286476,2024-02-15T06:18:59Z
26.8884255,75.8287187,2024-02-15T06:19:00Z
26.8884904,75.8287864,2024-02-15T06:19:01Z
26.8885541,75.8288535,2024-02-15T06:19:02Z
26.8886173,75.8289204,2024-02-15T06:19:03Z
26.8886814,75.8289861,2024-02-15T06:19:04Z
26.8887510,75.8290550,2024-02-15T06:19:05Z
26.8888209,75.8291218,2024-02-15T06:19:06Z
26.8888908,75.8291907,2024-02-15T06:19:07Z
26.8889619,75.8292581,2024-02-15T06:19:08Z
26.8890337,75.8293270,2024-02-15T06:19:09Z
26.8891067,75.8294032,2024-02-15T06:19:10Z
26.8891835,75.8294812,2024-02-15T06:19:11Z
26.8892618,75.8295605,2024-02-15T06:19:12Z
26.8893475,75.8296470,2024-02-15T06:19:13Z
26.8894331,75.8297322,2024-02-15T06:19:14Z
26.8895123,75.8298103,2024-02-15T06:19:15Z
26.8895896,75.8298882,2024-02-15T06:19:16Z
26.8896693,75.8299682,2024-02-15T06:19:17Z
26.8897488,75.8300488,2024-02-15T06:19:18Z
26.8898275,75.8301271,2024-02-15T06:19:19Z
26.8898996,75.8302022,2024-02-15T06:19:20Z
26.8899616,75.8302703,2024-02-15T06:19:21Z
26.8900137,75.8303267,2024-02-15T06:19:22Z
26.8900522,75.8303655,2024-02-15T06:19:23Z
26.8900780,75.8303885,2024-02-15T06:19:24Z
26.8900928,75.8304049,2024-02-15T06:19:25Z
26.8901034,75.8304146,2024-02-15T06:19:26Z
26.8901140,75.8304248,2024-02-15T06:19:27Z
26.8901272,75.8304345,2024-02-15T06:19:28Z
26.8901420,75.8304511,2024-02-15T06:19:29Z
26.8901559,75.8304658,2024-02-15T06:19:30Z
26.8901680,75.8304792,2024-02-15T06:19:31Z
26.8901891,75.8305031,2024-02-15T06:19:32Z
26.8902100,75.8305249,2024-02-15T06:19:33Z
26.8902314,75.8305489,2024-02-15T06:19:34Z
26.8902556,75.8305746,2024-02-15T06:19:35Z
26.8902838,75.8306045,2024-02-15T06:19:36Z
26.8903193,75.8306407,2024-02-15T06:19:37Z
26.8903585,75.8306785,2024-02-15T06:19:38Z
26.8903975,75.8307200,2024-02-15T06:19:39Z
26.8904445,75.8307668,2024-02-15T06:19:40Z
26.8904936,75.8308164,2024-02-15T06:19:41Z
26.8905435,75.8308673,2024-02-15T06:19:42Z
26.8905877,75.8309171,2024-02-15T06:19:43Z
26.8906338,75.8309655,2024-02-15T06:19:44Z
26.8906825,75.8310131,2024-02-15T06:19:45Z
26.8907301,75.8310604,2024-02-15T06:19:46Z
26.8907772,75.8311081,2024-02-15T06:19:47Z
26.8908278,75.8311598,2024-02-15T06:19:48Z
26.8908788,75.8312123,2024-02-15T06:19:49Z
26.8909315,75.8312679,2024-02-15T06:19:50Z
26.8909865,75.8313244,2024-02-15T06:19:51Z
26.8910410,75.8313799,2024-02-15T06:19:52Z
26.8910981,75.8314369,2024-02-15T06:19:53Z
26.8911550,75.8314918,2024-02-15T06:19:54Z
26.8912082,75.8315428,2024-02-15T06:19:55Z
26.8912616,75.8315946,2024-02-15T06:19:56Z
26.8913106,75.8316458,2024-02-15T06:19:57Z
26.8913578,75.8316976,2024-02-15T06:19:58Z
26.8914074,75.8317464,2024-02-15T06:19:59Z
26.8914593,75.8317938,2024-02-15T06:20:00Z
26.8915100,75.8318410,2024-02-15T06:20:01Z
26.8915517,75.8318821,2024-02-15T06:20:02Z
26.8915887,75.8319198,2024-02-15T06:20:03Z
26.8916238,75.8319524,2024-02-15T06:20:04Z
26.8916583,75.8319849,2024-02-15T06:20:05Z
26.8916922,75.8320167,2024-02-15T06:20:06Z
26.8917279,75.8320501,2024-02-15T06:20:07Z
26.8917680,75.8320893,2024-02-15T06:20:08Z
26.8918121,75.8321341,2024-02-15T06:20:09Z
26.8918559,75.8321774,2024-02-15T06:20:10Z
26.8918963,75.8322206,2024-02-15T06:20:11Z
26.8919285,75.8322606,2024-02-15T06:20:12Z
26.8919539,75.8322939,2024-02-15T06:20:13Z
26.8919847,75.8323391,2024-02-15T06:20:14Z
26.8920282,75.8323894,2024-02-15T06:20:15Z
26.8920815,75.8324426,2024-02-15T06:20:16Z
26.8921411,75.8324932,2024-02-15T06:20:17Z
26.8921969,75.8325409,2024-02-15T06:20:18Z
26.8922466,75.8325868,2024-02-15T06:20:19Z
26.8922962,75.8326346,2024-02-15T06:20:20Z
26.8923347,75.8326725,2024-02-15T06:20:21Z
26.8923663,75.8327041,2024-02-15T06:20:22Z
26.8923905,75.8327277,2024-02-15T06:20:23Z
26.8924123,75.8327481,2024-02-15T06:20:24Z
26.8924316,75.8327661,2024-02-15T06:20:25Z
26.8924416,75.8327755,2024-02-15T06:20:26Z
26.8924473,75.8327805,2024-02-15T06:20:27Z
26.8924517,75.8327841,2024-02-15T06:20:28Z
26.8924566,75.8327895,2024-02-15T06:20:29Z
26.8924669,75.8327986,2024-02-15T06:20:30Z
26.8924786,75.8328094,2024-02-15T06:20:31Z
26.8924878,75.8328191,2024-02-15T06:20:32Z
26.8925002,75.8328279,2024-02-15T06:20:33Z
26.8925147,75.8328422,2024-02-15T06:20:34Z
26.8925383,75.8328625,2024-02-15T06:20:35Z
26.8925652,75.8328857,2024-02-15T06:20:36Z
26.8925939,75.8329146,2024-02-15T06:20:37Z
26.8926295,75.8329522,2024-02-15T06:20:38Z
26.8926703,75.8330010,2024-02-15T06:20:39Z
26.8927162,75.8330508,2024-02-15T06:20:40Z
26.8927633,75.8331018,2024-02-15T06:20:41Z
26.8928161,75.8331540,2024-02-15T06:20:42Z
26.8928763,75.8332097,2024-02-15T06:20:43Z
26.8929422,75.8332737,2024-02-15T06:20:44Z
26.8930098,75.8333391,2024-02-15T06:20:45Z
26.8930768,75.8334059,2024-02-15T06:20:46Z
26.8931428,75.8334715,2024-02-15T06:20:47Z
26.8932065,75.8335342,2024-02-15T06:20:48Z
26.8932726,75.8335975,2024-02-15T06:20:49Z
26.8933360,75.8336593,2024-02-15T06:20:50Z
26.8933955,75.8337195,2024-02-15T06:20:51Z
26.8934573,75.8337855,2024-02-15T06:20:52Z
26.8935166,75.8338494,2024-02-15T06:20:53Z
26.8935697,75.8339030,2024-02-15T06:20:54Z
26.8936148,75.8339487,2024-02-15T06:20:55Z
26.8936590,75.8339976,2024-02-15T06:20:56Z
26.8937083,75.8340548,2024-02-15T06:20:57Z
26.8937668,75.8341146,2024-02-15T06:20:58Z
26.8938317,75.8341738,2024-02-15T06:20:59Z
26.8939068,75.8342395,2024-02-15T06:21:00Z
26.8939801,75.8343059,2024-02-15T06:21:01Z
26.8940567,75.8343761,2024-02-15T06:21:02Z
26.8941317,75.8344493,2024-02-15T06:21:03Z
26.8942080,75.8345294,2024-02-15T06:21:04Z
26.8942923,75.8346156,2024-02-15T06:21:05Z
26.8943769,75.8347036,2024-02-15T06:21:06Z
26.8944642,75.8347937,2024-02-15T06:21:07Z
26.8945521,75.8348835,2024-02-15T06:21:08Z
26.8946382,75.8349676,2024-02-15T06:21:09Z
26.8947027,75.8350313,2024-02-15T06:21:10Z
26.8947569,75.8350873,2024-02-15T06:21:11Z
26.8948111,75.8351456,2024-02-15T06:21:12Z
26.8948718,75.8352072,2024-02-15T06:21:13Z
26.8949343,75.8352722,2024-02-15T06:21:14Z
26.8950003,75.8353353,2024-02-15T06:21:15Z
26.8950717,75.8354053,2024-02-15T06:21:16Z
26.8951409,75.8354770,2024-02-15T06:21:17Z
26.8952076,75.8355477,2024-02-15T06:21:18Z
26.8952739,75.8356186,2024-02-15T06:21:19Z
26.8953417,75.8356890,2024-02-15T06:21:20Z
26.8954071,75.8357522,2024-02-15T06:21:21Z
26.8954724,75.8358088,2024-02-15T06:21:22Z
26.8955332,75.8358688,2024-02-15T06:21:23Z
26.8955973,75.8359394,2024-02-15T06:21:24Z
26.8956595,75.8360080,2024-02-15T06:21:25Z
26.8957201,75.8360735,2024-02-15T06:21:26Z
26.8957771,75.8361322,2024-02-15T06:21:27Z
26.8958314,75.8361850,2024-02-15T06:21:28Z
26.8958823,75.8362349,2024-02-15T06:21:29Z
26.8959202,75.8362673,2024-02-15T06:21:30Z
26.8959389,75.8362859,2024-02-15T06:21:31Z
26.8959488,75.8362941,2024-02-15T06:21:32Z
26.8959561,75.8362994,2024-02-15T06:21:33Z
26.8959622,75.8363042,2024-02-15T06:21:34Z
26.8959679,75.8363089,2024-02-15T06:21:35Z
26.8959753,75.8363159,2024-02-15T06:21:36Z
26.8959841,75.8363213,2024-02-15T06:21:37Z
26.8959987,75.8363340,2024-02-15T06:21:38Z
26.8960216,75.8363524,2024-02-15T06:21:39Z
26.8960449,75.8363755,2024-02-15T06:21:40Z
26.8960703,75.8364015,2024-02-15T06:21:41Z
26.8960952,75.8364258,2024-02-15T06:21:42Z
26.8961167,75.8364474,2024-02-15T06:21:43Z
26.8961366,75.8364690,2024-02-15T06:21:44Z
26.8961577,75.8364906,2024-02-15T06:21:45Z
26.8961756,75.8365068,2024-02-15T06:21:46Z
26.8961944,75.8365258,2024-02-15T06:21:47Z
26.8962135,75.8365457,2024-02-15T06:21:48Z
26.8962320,75.8365683,2024-02-15T06:21:49Z
26.8962559,75.8365959,2024-02-15T06:21:50Z
26.8962818,75.8366215,2024-02-15T06:21:51Z
26.8963104,75.8366469,2024-02-15T06:21:52Z
26.8963440,75.8366753,2024-02-15T06:21:53Z
26.8963801,75.8367059,2024-02-15T06:21:54Z
26.8964196,75.8367418,2024-02-15T06:21:55Z
26.8964593,75.8367793,2024-02-15T06:21:56Z
26.8964941,75.8368132,2024-02-15T06:21:57Z
26.8965285,75.8368453,2024-02-15T06:21:58Z
26.8965563,75.8368726,2024-02-15T06:21:59Z
26.8965853,75.8369002,2024-02-15T06:22:00Z
26.8966130,75.8369291,2024-02-15T06:22:01Z
26.8966385,75.8369570,2024-02-15T06:22:02Z
26.8966656,75.8369823,2024-02-15T06:22:03Z
26.8966969,75.8370113,2024-02-15T06:22:04Z
26.8967250,75.8370390,2024-02-15T06:22:05Z
26.8967561,75.8370711,2024-02-15T06:22:06Z
26.8967892,75.8371068,2024-02-15T06:22:07Z
26.8968243,75.8371408,2024-02-15T06:22:08Z
26.8968605,75.8371771,2024-02-15T06:22:09Z
26.8968985,75.8372141,2024-02-15T06:22:10Z
26.8969312,75.8372448,2024-02-15T06:22:11Z
26.8969557,75.8372702,2024-02-15T06:22:12Z
26.8969764,75.8372915,2024-02-15T06:22:13Z
26.8969933,75.8373101,2024-02-15T06:22:14Z
26.8970088,75.8373293,2024-02-15T06:22:15Z
26.8970323,75.8373548,2024-02-15T06:22:16Z
26.8970609,75.8373862,2024-02-15T06:22:17Z
26.8970884,75.8374144,2024-02-15T06:22:18Z
26.8971184,75.8374448,2024-02-15T06:22:19Z
26.8971571,75.8374832,2024-02-15T06:22:20Z
26.8972033,75.8375295,2024-02-15T06:22:21Z
26.8972532,75.8375779,2024-02-15T06:22:22Z
26.8972996,75.8376259,2024-02-15T06:22:23Z
26.8973475,75.8376742,2024-02-15T06:22:24Z
26.8973990,75.8377280,2024-02-15T06:22:25Z
26.8974477,75.8377770,2024-02-15T06:22:26Z
26.8974970,75.8378248,2024-02-15T06:22:27Z
26.8975499,75.8378693,2024-02-15T06:22:28Z
26.8975990,75.8379112,2024-02-15T06:22:29Z
26.8976441,75.8379515,2024-02-15T06:22:30Z
26.8976867,75.8379902,2024-02-15T06:22:31Z
26.8977270,75.8380329,2024-02-15T06:22:32Z
26.8977670,75.8380770,2024-02-15T06:22:33Z
26.8978067,75.8381167,2024-02-15T06:22:34Z
26.8978455,75.8381568,2024-02-15T06:22:35Z
26.8978879,75.8381966,2024-02-15T06:22:36Z
26.8979257,75.8382312,2024-02-15T06:22:37Z
26.8979537,75.8382566,2024-02-15T06:22:38Z
26.8979690,75.8382730,2024-02-15T06:22:39Z
26.8979817,75.8382843,2024-02-15T06:22:40Z
26.8979955,75.8382968,2024-02-15T06:22:41Z
26.8980096,75.8383117,2024-02-15T06:22:42Z
26.8980301,75.8383316,2024-02-15T06:22:43Z
26.8980553,75.8383561,2024-02-15T06:22:44Z
26.8980751,75.8383799,2024-02-15T06:22:45Z
26.8980904,75.8384112,2024-02-15T06:22:46Z
26.8980981,75.8384411,2024-02-15T06:22:47Z
26.8980900,75.8384775,2024-02-15T06:22:48Z
26.8980668,75.8385190,2024-02-15T06:22:49Z
26.8980373,75.8385658,2024-02-15T06:22:50Z
26.8979992,75.8386141,2024-02-15T06:22:51Z
26.8979530,75.8386676,2024-02-15T06:22:52Z
26.8979100,75.8387163,2024-02-15T06:22:53Z
26.8978665,75.8387629,2024-02-15T06:22:54Z
26.8978280,75.8388020,2024-02-15T06:22:55Z
26.8977999,75.8388325,2024-02-15T06:22:56Z
26.8977773,75.8388567,2024-02-15T06:22:57Z
26.8977566,75.8388795,2024-02-15T06:22:58Z
26.8977384,75.8389017,2024-02-15T06:22:59Z
26.8977216,75.8389239,2024-02-15T06:23:00Z
26.8977075,75.8389488,2024-02-15T06:23:01Z
26.8976902,75.8389721,2024-02-15T06:23:02Z
26.8976649,75.8389992,2024-02-15T06:23:03Z
26.8976380,75.8390267,2024-02-15T06:23:04Z
26.8976042,75.8390584,2024-02-15T06:23:05Z
26.8975713,75.8390912,2024-02-15T06:23:06Z
26.8975456,75.8391240,2024-02-15T06:23:07Z
26.8975213,75.8391567,2024-02-15T06:23:08Z
26.8974970,75.8391927,2024-02-15T06:23:09Z
26.8974724,75.8392274,2024-02-15T06:23:10Z
26.8974480,75.8392641,2024-02-15T06:23:11Z
26.8974194,75.8393016,2024-02-15T06:23:12Z
26.8973887,75.8393396,2024-02-15T06:23:13Z
26.8973570,75.8393770,2024-02-15T06:23:14Z
26.8973239,75.8394146,2024-02-15T06:23:15Z
26.8972908,75.8394540,2024-02-15T06:23:16Z
26.8972637,75.8394906,2024-02-15T06:23:17Z
26.8972406,75.8395229,2024-02-15T06:23:18Z
26.8972148,75.8395567,2024-02-15T06:23:19Z
26.8971854,75.8395949,2024-02-15T06:23:20Z
26.8971510,75.8396354,2024-02-15T06:23:21Z
26.8971185,75.8396740,2024-02-15T06:23:22Z
26.8970852,75.8397144,2024-02-15T06:23:23Z
26.8970513,75.8397572,2024-02-15T06:23:24Z
26.8970221,75.8397944,2024-02-15T06:23:25Z
26.8969977,75.8398280,2024-02-15T06:23:26Z
26.8969736,75.8398604,2024-02-15T06:23:27Z
26.8969582,75.8398941,2024-02-15T06:23:28Z
26.8969541,75.8399322,2024-02-15T06:23:29Z
26.8969760,75.8399663,2024-02-15T06:23:30Z
26.8970071,75.8400003,2024-02-15T06:23:31Z
26.8970471,75.8400438,2024-02-15T06:23:32Z
26.8970923,75.8400927,2024-02-15T06:23:33Z
26.8971390,75.8401455,2024-02-15T06:23:34Z
26.8971876,75.8401959,2024-02-15T06:23:35Z
26.8972386,75.8402450,2024-02-15T06:23:36Z
26.8972953,75.8403034,2024-02-15T06:23:37Z
26.8973549,75.8403615,2024-02-15T06:23:38Z
26.8974173,75.8404212,2024-02-15T06:23:39Z
26.8974853,75.8404897,2024-02-15T06:23:40Z
26.8975510,75.8405571,2024-02-15T06:23:41Z
26.8976160,75.8406238,2024-02-15T06:23:42Z
26.8976842,75.8406896,2024-02-15T06:23:43Z
26.8977501,75.8407569,2024-02-15T06:23:44Z
26.8978210,75.8408294,2024-02-15T06:23:45Z
26.8978906,75.8409015,2024-02-15T06:23:46Z
26.8979604,75.8409739,2024-02-15T06:23:47Z
26.8980354,75.8410493,2024-02-15T06:23:48Z
26.8981101,75.8411209,2024-02-15T06:23:49Z
26.8981841,75.8411900,2024-02-15T06:23:50Z
26.8982550,75.8412574,2024-02-15T06:23:51Z
26.8983204,75.8413240,2024-02-15T06:23:52Z
26.8983845,75.8413919,2024-02-15T06:23:53Z
26.8984438,75.8414542,2024-02-15T06:23:54Z
26.8985020,75.8415132,2024-02-15T06:23:55Z
26.8985505,75.8415770,2024-02-15T06:23:56Z
26.8985993,75.8416314,2024-02-15T06:23:57Z
26.8986382,75.8416706,2024-02-15T06:23:58Z
26.8986585,75.8416896,2024-02-15T06:23:59Z
26.8986703,75.8417008,2024-02-15T06:24:00Z
26.8986816,75.8417119,2024-02-15T06:24:01Z
26.8986952,75.8417220,2024-02-15T06:24:02Z
26.8987094,75.8417355,2024-02-15T06:24:03Z
26.8987208,75.8417527,2024-02-15T06:24:04Z
26.8987255,75.8417809,2024-02-15T06:24:05Z
26.8987229,75.8418218,2024-02-15T06:24:06Z
26.8987096,75.8418625,2024-02-15T06:24:07Z
26.8986923,75.8418990,2024-02-15T06:24:08Z
26.8986683,75.8419441,2024-02-15T06:24:09Z
26.8986389,75.8419936,2024-02-15T06:24:10Z
26.8986022,75.8420522,2024-02-15T06:24:11Z
26.8985581,75.8421196,2024-02-15T06:24:12Z
26.8985190,75.8421851,2024-02-15T06:24:13Z
26.8984778,75.8422523,2024-02-15T06:24:14Z
26.8984387,75.8423259,2024-02-15T06:24:15Z
26.8984011,75.8424062,2024-02-15T06:24:16Z
26.8983596,75.8424873,2024-02-15T06:24:17Z
26.8983267,75.8425515,2024-02-15T06:24:18Z
26.8983024,75.8426093,2024-02-15T06:24:19Z
26.8982861,75.8426594,2024-02-15T06:24:20Z
26.8982651,75.8427053,2024-02-15T06:24:21Z
26.8982479,75.8427602,2024-02-15T06:24:22Z
26.8982292,75.8428203,2024-02-15T06:24:23Z
26.8982129,75.8428835,2024-02-15T06:24:24Z
26.8982027,75.8429460,2024-02-15T06:24:25Z
26.8981960,75.8430063,2024-02-15T06:24:26Z
26.8981904,75.8430691,2024-02-15T06:24:27Z
26.8981858,75.8431335,2024-02-15T06:24:28Z
26.8981825,75.8431908,2024-02-15T06:24:29Z
26.8981812,75.8432409,2024-02-15T06:24:30Z
26.8981815,75.8432885,2024-02-15T06:24:31Z
26.8981826,75.8433301,2024-02-15T06:24:32Z
26.8981885,75.8433625,2024-02-15T06:24:33Z
26.8981982,75.8433867,2024-02-15T06:24:34Z
26.8982136,75.8434058,2024-02-15T06:24:35Z
26.8982390,75.8434243,2024-02-15T06:24:36Z
26.8982779,75.8434303,2024-02-15T06:24:37Z
26.8983184,75.8434363,2024-02-15T06:24:38Z
26.8983594,75.8434342,2024-02-15T06:24:39Z
26.8983967,75.8434332,2024-02-15T06:24:40Z
26.8984328,75.8434355,2024-02-15T06:24:41Z
26.8984699,75.8434431,2024-02-15T06:24:42Z
26.8985093,75.8434569,2024-02-15T06:24:43Z
26.8985557,75.8434705,2024-02-15T06:24:44Z
26.8986026,75.8434799,2024-02-15T06:24:45Z
26.8986542,75.8434861,2024-02-15T06:24:46Z
26.8987120,75.8434940,2024-02-15T06:24:47Z
26.8987719,75.8434984,2024-02-15T06:24:48Z
26.8988351,75.8435025,2024-02-15T06:24:49Z
26.8988983,75.8435050,2024-02-15T06:24:50Z
26.8989714,75.8435120,2024-02-15T06:24:51Z
26.8990484,75.8435157,2024-02-15T06:24:52Z
26.8991252,75.8435180,2024-02-15T06:24:53Z
26.8992046,75.8435186,2024-02-15T06:24:54Z
26.8992848,75.8435199,2024-02-15T06:24:55Z
26.8993754,75.8435227,2024-02-15T06:24:56Z
26.8994735,75.8435278,2024-02-15T06:24:57Z
26.8995783,75.8435316,2024-02-15T06:24:58Z
26.8996774,75.8435341,2024-02-15T06:24:59Z
26.8997807,75.8435341,2024-02-15T06:25:00Z
26.8998796,75.8435343,2024-02-15T06:25:01Z
26.8999755,75.8435338,2024-02-15T06:25:02Z
26.9000719,75.8435327,2024-02-15T06:25:03Z
26.9001676,75.8435337,2024-02-15T06:25:04Z
26.9002633,75.8435345,2024-02-15T06:25:05Z
26.9003568,75.8435343,2024-02-15T06:25:06Z
26.9004430,75.8435340,2024-02-15T06:25:07Z
26.9005341,75.8435335,2024-02-15T06:25:08Z
26.9006115,75.8435330,2024-02-15T06:25:09Z
26.9006617,75.8435319,2024-02-15T06:25:10Z
26.9006962,75.8435315,2024-02-15T06:25:11Z
26.9007260,75.8435308,2024-02-15T06:25:12Z
26.9007607,75.8435305,2024-02-15T06:25:13Z
26.9008023,75.8435349,2024-02-15T06:25:14Z
26.9008525,75.8435359,2024-02-15T06:25:15Z
26.9009040,75.8435436,2024-02-15T06:25:16Z
26.9009555,75.8435572,2024-02-15T06:25:17Z
26.9010048,75.8435806,2024-02-15T06:25:18Z
26.9010477,75.8436145,2024-02-15T06:25:19Z
26.9010842,75.8436588,2024-02-15T06:25:20Z
26.9011139,75.8437084,2024-02-15T06:25:21Z
26.9011308,75.8437553,2024-02-15T06:25:22Z
26.9011374,75.8438074,2024-02-15T06:25:23Z
26.9011415,75.8438535,2024-02-15T06:25:24Z
26.9011403,75.8438898,2024-02-15T06:25:25Z
26.9011397,75.8439166,2024-02-15T06:25:26Z
26.9011382,75.8439408,2024-02-15T06:25:27Z
26.9011369,75.8439644,2024-02-15T06:25:28Z
26.9011325,75.8439891,2024-02-15T06:25:29Z
26.9011280,75.8440119,2024-02-15T06:25:30Z
26.9011225,75.8440321,2024-02-15T06:25:31Z
26.9011109,75.8440622,2024-02-15T06:25:32Z
26.9010999,75.8440974,2024-02-15T06:25:33Z
26.9010884,75.8441312,2024-02-15T06:25:34Z
26.9010746,75.8441712,2024-02-15T06:25:35Z
26.9010608,75.8442241,2024-02-15T06:25:36Z
26.9010474,75.8442946,2024-02-15T06:25:37Z
26.9010401,75.8443754,2024-02-15T06:25:38Z
26.9010364,75.8444590,2024-02-15T06:25:39Z
26.9010368,75.8445547,2024-02-15T06:25:40Z
26.9010404,75.8446564,2024-02-15T06:25:41Z
26.9010453,75.8447643,2024-02-15T06:25:42Z
26.9010492,75.8448852,2024-02-15T06:25:43Z
26.9010526,75.8450135,2024-02-15T06:25:44Z
26.9010506,75.8451459,2024-02-15T06:25:45Z
26.9010455,75.8452732,2024-02-15T06:25:46Z
26.9010357,75.8454109,2024-02-15T06:25:47Z
26.9010200,75.8455562,2024-02-15T06:25:48Z
26.9009992,75.8457012,2024-02-15T06:25:49Z
26.9009737,75.8458501,2024-02-15T06:25:50Z
26.9009446,75.8459971,2024-02-15T06:25:51Z
26.9009057,75.8461480,2024-02-15T06:25:52Z
26.9008580,75.8463016,2024-02-15T06:25:53Z
26.9008021,75.8464427,2024-02-15T06:25:54Z
26.9007311,75.8465817,2024-02-15T06:25:55Z
26.9006462,75.8467178,2024-02-15T06:25:56Z
26.9005478,75.8468382,2024-02-15T06:25:57Z
26.9004512,75.8469388,2024-02-15T06:25:58Z
26.9003582,75.8470186,2024-02-15T06:25:59Z
26.9002793,75.8470745,2024-02-15T06:26:00Z
26.9002202,75.8471138,2024-02-15T06:26:01Z
26.9001810,75.8471399,2024-02-15T06:26:02Z
26.9001543,75.8471566,2024-02-15T06:26:03Z
26.9001277,75.8471762,2024-02-15T06:26:04Z
26.9001017,75.8471916,2024-02-15T06:26:05Z
26.9000770,75.8472068,2024-02-15T06:26:06Z
26.9000460,75.8472262,2024-02-15T06:26:07Z
26.9000102,75.8472502,2024-02-15T06:26:08Z
26.8999714,75.8472753,2024-02-15T06:26:09Z
26.8999332,75.8472982,2024-02-15T06:26:10Z
26.8998969,75.8473196,2024-02-15T06:26:11Z
26.8998568,75.8473420,2024-02-15T06:26:12Z
26.8998184,75.8473644,2024-02-15T06:26:13Z
26.8997855,75.8473835,2024-02-15T06:26:14Z
26.8997633,75.8473970,2024-02-15T06:26:15Z
26.8997453,75.8474076,2024-02-15T06:26:16Z
26.8997285,75.8474178,2024-02-15T06:26:17Z
26.8997104,75.8474276,2024-02-15T06:26:18Z
26.8996927,75.8474363,2024-02-15T06:26:19Z
26.8996754,75.8474437,2024-02-15T06:26:20Z
26.8996598,75.8474492,2024-02-15T06:26:21Z
26.8996451,75.8474542,2024-02-15T06:26:22Z
26.8996289,75.8474595,2024-02-15T06:26:23Z
26.8996139,75.8474637,2024-02-15T06:26:24Z
26.8995989,75.8474687,2024-02-15T06:26:25Z
26.8995832,75.8474721,2024-02-15T06:26:26Z
26.8995689,75.8474756,2024-02-15T06:26:27Z
26.8995542,75.8474796,2024-02-15T06:26:28Z
26.8995348,75.8474837,2024-02-15T06:26:29Z
26.8995122,75.8474884,2024-02-15T06:26:30Z
26.8994815,75.8474932,2024-02-15T06:26:31Z
26.8994466,75.8475029,2024-02-15T06:26:32Z
26.8994087,75.8475089,2024-02-15T06:26:33Z
26.8993617,75.8475125,2024-02-15T06:26:34Z
26.8993022,75.8475106,2024-02-15T06:26:35Z
26.8992308,75.8475119,2024-02-15T06:26:36Z
26.8991528,75.8475147,2024-02-15T06:26:37Z
26.8990755,75.8475193,2024-02-15T06:26:38Z
26.8989908,75.8475256,2024-02-15T06:26:39Z
26.8988986,75.8475310,2024-02-15T06:26:40Z
26.8987969,75.8475348,2024-02-15T06:26:41Z
26.8986961,75.8475366,2024-02-15T06:26:42Z
26.8985936,75.8475414,2024-02-15T06:26:43Z
26.8985010,75.8475486,2024-02-15T06:26:44Z
26.8984354,75.8475557,2024-02-15T06:26:45Z
26.8983939,75.8475622,2024-02-15T06:26:46Z
26.8983653,75.8475676,2024-02-15T06:26:47Z
26.8983410,75.8475726,2024-02-15T06:26:48Z
26.8983158,75.8475786,2024-02-15T06:26:49Z
26.8982899,75.8475845,2024-02-15T06:26:50Z
26.8982594,75.8475912,2024-02-15T06:26:51Z
26.8982203,75.8475976,2024-02-15T06:26:52Z
26.8981671,75.8476081,2024-02-15T06:26:53Z
26.8981035,75.8476179,2024-02-15T06:26:54Z
26.8980348,75.8476291,2024-02-15T06:26:55Z
26.8979647,75.8476404,2024-02-15T06:26:56Z
26.8978851,75.8476532,2024-02-15T06:26:57Z
26.8977967,75.8476690,2024-02-15T06:26:58Z
26.8977030,75.8476867,2024-02-15T06:26:59Z
26.8975954,75.8477094,2024-02-15T06:27:00Z
26.8974891,75.8477380,2024-02-15T06:27:01Z
26.8973856,75.8477737,2024-02-15T06:27:02Z
26.8972819,75.8478193,2024-02-15T06:27:03Z
26.8971809,75.8478723,2024-02-15T06:27:04Z
26.8970800,75.8479401,2024-02-15T06:27:05Z
26.8969916,75.8480112,2024-02-15T06:27:06Z
26.8969048,75.8480924,2024-02-15T06:27:07Z
26.8968199,75.8481861,2024-02-15T06:27:08Z
26.8967467,75.8482845,2024-02-15T06:27:09Z
26.8966808,75.8483878,2024-02-15T06:27:10Z
26.8966237,75.8484928,2024-02-15T06:27:11Z
26.8965772,75.8485903,2024-02-15T06:27:12Z
26.8965411,75.8486750,2024-02-15T06:27:13Z
26.8965149,75.8487404,2024-02-15T06:27:14Z
26.8964931,75.8487939,2024-02-15T06:27:15Z
26.8964741,75.8488413,2024-02-15T06:27:16Z
26.8964603,75.8488767,2024-02-15T06:27:17Z
26.8964511,75.8488997,2024-02-15T06:27:18Z
26.8964428,75.8489209,2024-02-15T06:27:19Z
26.8964332,75.8489455,2024-02-15T06:27:20Z
26.8964206,75.8489752,2024-02-15T06:27:21Z
26.8964077,75.8490091,2024-02-15T06:27:22Z
26.8963910,75.8490509,2024-02-15T06:27:23Z
26.8963708,75.8491061,2024-02-15T06:27:24Z
26.8963484,75.8491694,2024-02-15T06:27:25Z
26.8963244,75.8492420,2024-02-15T06:27:26Z
26.8962961,75.8493249,2024-02-15T06:27:27Z
26.8962658,75.8494143,2024-02-15T06:27:28Z
26.8962331,75.8495098,2024-02-15T06:27:29Z
26.8961998,75.8496077,2024-02-15T06:27:30Z
26.8961637,75.8497139,2024-02-15T06:27:31Z
26.8961250,75.8498250,2024-02-15T06:27:32Z
26.8960853,75.8499367,2024-02-15T06:27:33Z
26.8960453,75.8500500,2024-02-15T06:27:34Z
26.8960033,75.8501707,2024-02-15T06:27:35Z
26.8959612,75.8502943,2024-02-15T06:27:36Z
26.8959159,75.8504290,2024-02-15T06:27:37Z
26.8958717,75.8505604,2024-02-15T06:27:38Z
26.8958266,75.8506945,2024-02-15T06:27:39Z
26.8957772,75.8508400,2024-02-15T06:27:40Z
26.8957287,75.8509821,2024-02-15T06:27:41Z
26.8956764,75.8511337,2024-02-15T06:27:42Z
26.8956249,75.8512852,2024-02-15T06:27:43Z
26.8955721,75.8514394,2024-02-15T06:27:44Z
26.8955168,75.8516024,2024-02-15T06:27:45Z
26.8954623,75.8517617,2024-02-15T06:27:46Z
26.8954057,75.8519280,2024-02-15T06:27:47Z
26.8953488,75.8520957,2024-02-15T06:27:48Z
26.8952924,75.8522616,2024-02-15T06:27:49Z
26.8952366,75.8524280,2024-02-15T06:27:50Z
26.8951808,75.8525973,2024-02-15T06:27:51Z
26.8951262,75.8527652,2024-02-15T06:27:52Z
26.8950701,75.8529369,2024-02-15T06:27:53Z
26.8950162,75.8531031,2024-02-15T06:27:54Z
26.8949633,75.8532633,2024-02-15T06:27:55Z
26.8949080,75.8534304,2024-02-15T06:27:56Z
26.8948543,75.8535899,2024-02-15T06:27:57Z
26.8948021,75.8537431,2024-02-15T06:27:58Z
26.8947425,75.8539184,2024-02-15T06:27:59Z
26.8936012,75.8585024,2024-02-15T06:28:24Z
26.8936280,75.8586435,2024-02-15T06:28:25Z
26.8936647,75.8587855,2024-02-15T06:28:26Z
26.8937122,75.8589198,2024-02-15T06:28:27Z
26.8937631,75.8590563,2024-02-15T06:28:28Z
26.8938215,75.8591835,2024-02-15T06:28:29Z
26.8938777,75.8593093,2024-02-15T06:28:30Z
26.8939431,75.8594389,2024-02-15T06:28:31Z
26.8940204,75.8595642,2024-02-15T06:28:32Z
26.8941021,75.8596909,2024-02-15T06:28:33Z
26.8941853,75.8598102,2024-02-15T06:28:34Z
26.8942755,75.8599265,2024-02-15T06:28:35Z
26.8943740,75.8600416,2024-02-15T06:28:36Z
26.8944729,75.8601518,2024-02-15T06:28:37Z
26.8945755,75.8602701,2024-02-15T06:28:38Z
26.8946781,75.8603875,2024-02-15T06:28:39Z
26.8947825,75.8605044,2024-02-15T06:28:40Z
26.8948899,75.8606250,2024-02-15T06:28:41Z
26.8949841,75.8607447,2024-02-15T06:28:42Z
26.8950762,75.8608685,2024-02-15T06:28:43Z
26.8951569,75.8610002,2024-02-15T06:28:44Z
26.8952203,75.8611312,2024-02-15T06:28:45Z
26.8952686,75.8612592,2024-02-15T06:28:46Z
26.8953103,75.8613884,2024-02-15T06:28:47Z
26.8953414,75.8615180,2024-02-15T06:28:48Z
26.8953651,75.8616494,2024-02-15T06:28:49Z
26.8953773,75.8617712,2024-02-15T06:28:50Z
26.8953816,75.8618973,2024-02-15T06:28:51Z
26.8953784,75.8620248,2024-02-15T06:28:52Z
26.8953666,75.8621530,2024-02-15T06:28:53Z
26.8953464,75.8622809,2024-02-15T06:28:54Z
26.8953178,75.8624160,2024-02-15T06:28:55Z
26.8952810,75.8625567,2024-02-15T06:28:56Z
26.8952400,75.8627044,2024-02-15T06:28:57Z
26.8951936,75.8628586,2024-02-15T06:28:58Z
26.8951435,75.8630143,2024-02-15T06:28:59Z
26.8950886,75.8631756,2024-02-15T06:29:00Z
26.8950351,75.8633314,2024-02-15T06:29:01Z
26.8949826,75.8634795,2024-02-15T06:29:02Z
26.8949219,75.8636314,2024-02-15T06:29:03Z
26.8948551,75.8637773,2024-02-15T06:29:04Z
26.8947782,75.8639252,2024-02-15T06:29:05Z
26.8947024,75.8640607,2024-02-15T06:29:06Z
26.8946194,75.8641994,2024-02-15T06:29:07Z
26.8945339,75.8643407,2024-02-15T06:29:08Z
26.8944511,75.8644730,2024-02-15T06:29:09Z
26.8943634,75.8646087,2024-02-15T06:29:10Z
26.8942778,75.8647375,2024-02-15T06:29:11Z
26.8942022,75.8648554,2024-02-15T06:29:12Z
26.8941249,75.8649672,2024-02-15T06:29:13Z
26.8940505,75.8650708,2024-02-15T06:29:14Z
26.8939709,75.8651815,2024-02-15T06:29:15Z
26.8938931,75.8653005,2024-02-15T06:29:16Z
26.8938165,75.8654164,2024-02-15T06:29:17Z
26.8937444,75.8655306,2024-02-15T06:29:18Z
26.8936691,75.8656538,2024-02-15T06:29:19Z
26.8935976,75.8657841,2024-02-15T06:29:20Z
26.8935278,75.8659189,2024-02-15T06:29:21Z
26.8934647,75.8660482,2024-02-15T06:29:22Z
26.8934048,75.8661804,2024-02-15T06:29:23Z
26.8933489,75.8663208,2024-02-15T06:29:24Z
26.8932928,75.8664596,2024-02-15T06:29:25Z
26.8932408,75.8665934,2024-02-15T06:29:26Z
26.8931885,75.8667317,2024-02-15T06:29:27Z
26.8931379,75.8668687,2024-02-15T06:29:28Z
26.8930846,75.8670083,2024-02-15T06:29:29Z
26.8930344,75.8671375,2024-02-15T06:29:30Z
26.8929853,75.8672619,2024-02-15T06:29:31Z
26.8929422,75.8673753,2024-02-15T06:29:32Z
26.8929052,75.8674726,2024-02-15T06:29:33Z
26.8928722,75.8675588,2024-02-15T06:29:34Z
26.8928405,75.8676442,2024-02-15T06:29:35Z
26.8928089,75.8677330,2024-02-15T06:29:36Z
26.8927757,75.8678257,2024-02-15T06:29:37Z
26.8927450,75.8679140,2024-02-15T06:29:38Z
26.8927129,75.8680033,2024-02-15T06:29:39Z
26.8926782,75.8680995,2024-02-15T06:29:40Z
26.8926417,75.8682020,2024-02-15T06:29:41Z
26.8926041,75.8683093,2024-02-15T06:29:42Z
26.8925605,75.8684298,2024-02-15T06:29:43Z
26.8925164,75.8685561,2024-02-15T06:29:44Z
26.8924712,75.8686848,2024-02-15T06:29:45Z
26.8924240,75.8688212,2024-02-15T06:29:46Z
26.8923776,75.8689587,2024-02-15T06:29:47Z
26.8923268,75.8691100,2024-02-15T06:29:48Z
26.8922734,75.8692640,2024-02-15T06:29:49Z
26.8922252,75.8694193,2024-02-15T06:29:50Z
26.8921674,75.8695885,2024-02-15T06:29:51Z
26.8921114,75.8697628,2024-02-15T06:29:52Z
26.8920567,75.8699384,2024-02-15T06:29:53Z
26.8920024,75.8701153,2024-02-15T06:29:54Z
26.8919480,75.8702958,2024-02-15T06:29:55Z
26.8918911,75.8704860,2024-02-15T06:29:56Z
26.8918364,75.8706739,2024-02-15T06:29:57Z
26.8917828,75.8708599,2024-02-15T06:29:58Z
26.8917289,75.8710509,2024-02-15T06:29:59Z
26.8916753,75.8712407,2024-02-15T06:30:00Z
26.8916192,75.8714396,2024-02-15T06:30:01Z
26.8915670,75.8716238,2024-02-15T06:30:02Z
26.8915142,75.8718125,2024-02-15T06:30:03Z
26.8914608,75.8720047,2024-02-15T06:30:04Z
26.8914095,75.8721875,2024-02-15T06:30:05Z
26.8913591,75.8723633,2024-02-15T06:30:06Z
26.8913085,75.8725403,2024-02-15T06:30:07Z
26.8912579,75.8727153,2024-02-15T06:30:08Z
26.8912063,75.8728928,2024-02-15T06:30:09Z
26.8911596,75.8730568,2024-02-15T06:30:10Z
26.8911114,75.8732266,2024-02-15T06:30:11Z
26.8910636,75.8733972,2024-02-15T06:30:12Z
26.8910194,75.8735590,2024-02-15T06:30:13Z
26.8909770,75.8737147,2024-02-15T06:30:14Z
26.8909342,75.8738722,2024-02-15T06:30:15Z
26.8908946,75.8740193,2024-02-15T06:30:16Z
26.8908567,75.8741603,2024-02-15T06:30:17Z
26.8908237,75.8742948,2024-02-15T06:30:18Z
26.8907925,75.8744273,2024-02-15T06:30:19Z
26.8907578,75.8745603,2024-02-15T06:30:20Z
26.8907190,75.8746859,2024-02-15T06:30:21Z
26.8906790,75.8748047,2024-02-15T06:30:22Z
26.8906381,75.8749292,2024-02-15T06:30:23Z
26.8905987,75.8750524,2024-02-15T06:30:24Z
26.8905594,75.8751816,2024-02-15T06:30:25Z
26.8905228,75.8753037,2024-02-15T06:30:26Z
26.8904847,75.8754317,2024-02-15T06:30:27Z
26.8904459,75.8755671,2024-02-15T06:30:28Z
26.8904101,75.8756947,2024-02-15T06:30:29Z
26.8903726,75.8758285,2024-02-15T06:30:30Z
26.8903344,75.8759660,2024-02-15T06:30:31Z
26.8902953,75.8761046,2024-02-15T06:30:32Z
26.8902547,75.8762501,2024-02-15T06:30:33Z
26.8902163,75.8763892,2024-02-15T06:30:34Z
26.8901767,75.8765348,2024-02-15T06:30:35Z
26.8901337,75.8766886,2024-02-15T06:30:36Z
26.8900920,75.8768380,2024-02-15T06:30:37Z
26.8900514,75.8769842,2024-02-15T06:30:38Z
26.8900084,75.8771377,2024-02-15T06:30:39Z
26.8899657,75.8772942,2024-02-15T06:30:40Z
26.8899210,75.8774574,2024-02-15T06:30:41Z
26.8898784,75.8776146,2024-02-15T06:30:42Z
26.8898342,75.8777767,2024-02-15T06:30:43Z
26.8897876,75.8779456,2024-02-15T06:30:44Z
26.8897438,75.8781116,2024-02-15T06:30:45Z
26.8897020,75.8782754,2024-02-15T06:30:46Z
26.8896580,75.8784457,2024-02-15T06:30:47Z
26.8896138,75.8786204,2024-02-15T06:30:48Z
26.8895692,75.8787941,2024-02-15T06:30:49Z
26.8895254,75.8789683,2024-02-15T06:30:50Z
26.8894810,75.8791422,2024-02-15T06:30:51Z
26.8894356,75.8793212,2024-02-15T06:30:52Z
26.8893917,75.8794936,2024-02-15T06:30:53Z
26.8893497,75.8796618,2024-02-15T06:30:54Z
26.8893072,75.8798348,2024-02-15T06:30:55Z
26.8892648,75.8800097,2024-02-15T06:30:56Z
26.8892220,75.8801908,2024-02-15T06:30:57Z
26.8891815,75.8803613,2024-02-15T06:30:58Z
26.8891380,75.8805393,2024-02-15T06:30:59Z
26.8890915,75.8807268,2024-02-15T06:31:00Z
26.8890459,75.8809061,2024-02-15T06:31:01Z
26.8890006,75.8810838,2024-02-15T06:31:02Z
26.8889551,75.8812662,2024-02-15T06:31:03Z
26.8889099,75.8814478,2024-02-15T06:31:04Z
26.8888624,75.8816321,2024-02-15T06:31:05Z
26.8888187,75.8818008,2024-02-15T06:31:06Z
26.8887734,75.8819740,2024-02-15T06:31:07Z
26.8887289,75.8821500,2024-02-15T06:31:08Z
26.8886888,75.8823207,2024-02-15T06:31:09Z
26.8886505,75.8824857,2024-02-15T06:31:10Z
26.8886120,75.8826515,2024-02-15T06:31:11Z
26.8885760,75.8828147,2024-02-15T06:31:12Z
26.8885386,75.8829846,2024-02-15T06:31:13Z
26.8885013,75.8831441,2024-02-15T06:31:14Z
26.8884610,75.8833020,2024-02-15T06:31:15Z
26.8884220,75.8834490,2024-02-15T06:31:16Z
26.8883865,75.8835775,2024-02-15T06:31:17Z
26.8883529,75.8836970,2024-02-15T06:31:18Z
26.8883172,75.8838210,2024-02-15T06:31:19Z
26.8882806,75.8839485,2024-02-15T06:31:20Z
26.8882438,75.8840789,2024-02-15T06:31:21Z
26.8882063,75.8842137,2024-02-15T06:31:22Z
26.8881694,75.8843520,2024-02-15T06:31:23Z
26.8881321,75.8844940,2024-02-15T06:31:24Z
26.8880981,75.8846270,2024-02-15T06:31:25Z
26.8880640,75.8847623,2024-02-15T06:31:26Z
26.8880286,75.8848991,2024-02-15T06:31:27Z
26.8879926,75.8850402,2024-02-15T06:31:28Z
26.8879549,75.8851909,2024-02-15T06:31:29Z
26.8879191,75.8853373,2024-02-15T06:31:30Z
26.8878800,75.8854934,2024-02-15T06:31:31Z
26.8878375,75.8856589,2024-02-15T06:31:32Z
26.8877955,75.8858179,2024-02-15T06:31:33Z
26.8877557,75.8859701,2024-02-15T06:31:34Z
26.8877161,75.8861258,2024-02-15T06:31:35Z
26.8876779,75.8862792,2024-02-15T06:31:36Z
26.8876391,75.8864316,2024-02-15T06:31:37Z
26.8876010,75.8865798,2024-02-15T06:31:38Z
26.8875632,75.8867269,2024-02-15T06:31:39Z
26.8875235,75.8868797,2024-02-15T06:31:40Z
26.8874848,75.8870298,2024-02-15T06:31:41Z
26.8874464,75.8871759,2024-02-15T06:31:42Z
26.8874058,75.8873284,2024-02-15T06:31:43Z
26.8873637,75.8874849,2024-02-15T06:31:44Z
26.8873224,75.8876407,2024-02-15T06:31:45Z
26.8872806,75.8877996,2024-02-15T06:31:46Z
26.8872385,75.8879606,2024-02-15T06:31:47Z
26.8871956,75.8881281,2024-02-15T06:31:48Z
26.8871534,75.8882888,2024-02-15T06:31:49Z
26.8871124,75.8884430,2024-02-15T06:31:50Z
26.8870702,75.8885981,2024-02-15T06:31:51Z
26.8870317,75.8887427,2024-02-15T06:31:52Z
26.8869970,75.8888788,2024-02-15T06:31:53Z
26.8869676,75.8889902,2024-02-15T06:31:54Z
26.8869402,75.8890929,2024-02-15T06:31:55Z
26.8869127,75.8891958,2024-02-15T06:31:56Z
26.8868864,75.8892944,2024-02-15T06:31:57Z
26.8868600,75.8893979,2024-02-15T06:31:58Z
26.8868328,75.8895075,2024-02-15T06:31:59Z
26.8868026,75.8896230,2024-02-15T06:32:00Z
26.8867705,75.8897480,2024-02-15T06:32:01Z
26.8867374,75.8898714,2024-02-15T06:32:02Z
26.8867017,75.8900046,2024-02-15T06:32:03Z
26.8866645,75.8901469,2024-02-15T06:32:04Z
26.8866279,75.8902912,2024-02-15T06:32:05Z
26.8865912,75.8904330,2024-02-15T06:32:06Z
26.8865554,75.8905779,2024-02-15T06:32:07Z
26.8865210,75.8907192,2024-02-15T06:32:08Z
26.8864890,75.8908604,2024-02-15T06:32:09Z
26.8864561,75.8909964,2024-02-15T06:32:10Z
26.8864205,75.8911294,2024-02-15T06:32:11Z
26.8863847,75.8912644,2024-02-15T06:32:12Z
26.8863492,75.8913884,2024-02-15T06:32:13Z
26.8863139,75.8915057,2024-02-15T06:32:14Z
26.8862784,75.8916295,2024-02-15T06:32:15Z
26.8862430,75.8917541,2024-02-15T06:32:16Z
26.8862063,75.8918849,2024-02-15T06:32:17Z
26.8861692,75.8920192,2024-02-15T06:32:18Z
26.8861306,75.8921559,2024-02-15T06:32:19Z
26.8860909,75.8922992,2024-02-15T06:32:20Z
26.8860517,75.8924395,2024-02-15T06:32:21Z
26.8860126,75.8925788,2024-02-15T06:32:22Z
26.8859728,75.8927231,2024-02-15T06:32:23Z
26.8859328,75.8928679,2024-02-15T06:32:24Z
26.8858907,75.8930184,2024-02-15T06:32:25Z
26.8858507,75.8931585,2024-02-15T06:32:26Z
26.8858089,75.8933035,2024-02-15T06:32:27Z
26.8857663,75.8934560,2024-02-15T06:32:28Z
26.8857258,75.8936043,2024-02-15T06:32:29Z
26.8856864,75.8937495,2024-02-15T06:32:30Z
26.8856451,75.8939004,2024-02-15T06:32:31Z
26.8856044,75.8940505,2024-02-15T06:32:32Z
26.8855631,75.8942056,2024-02-15T06:32:33Z
26.8855232,75.8943529,2024-02-15T06:32:34Z
26.8854828,75.8945050,2024-02-15T06:32:35Z
26.8854410,75.8946623,2024-02-15T06:32:36Z
26.8854008,75.8948142,2024-02-15T06:32:37Z
26.8853618,75.8949588,2024-02-15T06:32:38Z
26.8853219,75.8951057,2024-02-15T06:32:39Z
26.8852812,75.8952542,2024-02-15T06:32:40Z
26.8852406,75.8954006,2024-02-15T06:32:41Z
26.8852000,75.8955488,2024-02-15T06:32:42Z
26.8851603,75.8956976,2024-02-15T06:32:43Z
26.8851190,75.8958515,2024-02-15T06:32:44Z
26.8850784,75.8959994,2024-02-15T06:32:45Z
26.8850396,75.8961419,2024-02-15T06:32:46Z
26.8849995,75.8962900,2024-02-15T06:32:47Z
26.8849596,75.8964366,2024-02-15T06:32:48Z
26.8849189,75.8965866,2024-02-15T06:32:49Z
26.8848829,75.8967247,2024-02-15T06:32:50Z
26.8848487,75.8968641,2024-02-15T06:32:51Z
26.8848163,75.8969975,2024-02-15T06:32:52Z
26.8847872,75.8971157,2024-02-15T06:32:53Z
26.8847590,75.8972259,2024-02-15T06:32:54Z
26.8847298,75.8973302,2024-02-15T06:32:55Z
26.8847000,75.8974351,2024-02-15T06:32:56Z
26.8846692,75.8975476,2024-02-15T06:32:57Z
26.8846399,75.8976567,2024-02-15T06:32:58Z
26.8846072,75.8977738,2024-02-15T06:32:59Z
26.8845719,75.8978985,2024-02-15T06:33:00Z
26.8845369,75.8980241,2024-02-15T06:33:01Z
26.8845018,75.8981494,2024-02-15T06:33:02Z
26.8844645,75.8982819,2024-02-15T06:33:03Z
26.8844250,75.8984184,2024-02-15T06:33:04Z
26.8843833,75.8985581,2024-02-15T06:33:05Z
26.8843409,75.8986994,2024-02-15T06:33:06Z
26.8842978,75.8988437,2024-02-15T06:33:07Z
26.8842550,75.8989928,2024-02-15T06:33:08Z
26.8842149,75.8991353,2024-02-15T06:33:09Z
26.8841764,75.8992734,2024-02-15T06:33:10Z
26.8841369,75.8994158,2024-02-15T06:33:11Z
26.8840972,75.8995619,2024-02-15T06:33:12Z
26.8840559,75.8997126,2024-02-15T06:33:13Z
26.8840158,75.8998547,2024-02-15T06:33:14Z
