lat,lon,timestamp_utc
26.9828137,75.8530321,2020-02-20T04:13:06Z
26.9828111,75.8530344,2020-02-20T04:13:12Z
26.9828070,75.8530259,2020-02-20T04:13:18Z
26.9828100,75.8529673,2020-02-20T04:13:24Z
26.9828066,75.8529650,2020-02-20T04:13:30Z
26.9828033,75.8529570,2020-02-20T04:13:36Z
26.9828014,75.8529560,2020-02-20T04:13:42Z
26.9828016,75.8529550,2020-02-20T04:13:48Z
26.9828017,75.8529552,2020-02-20T04:13:54Z
26.9828018,75.8529548,2020-02-20T04:14:00Z
26.9828013,75.8529569,2020-02-20T04:14:05Z
26.9828014,75.8529561,2020-02-20T04:14:10Z
26.9828016,75.8529561,2020-02-20T04:14:16Z
26.9828016,75.8529548,2020-02-20T04:14:22Z
26.9828017,75.8529531,2020-02-20T04:14:28Z
26.9828018,75.8529523,2020-02-20T04:14:34Z
26.9828017,75.8529519,2020-02-20T04:14:39Z
26.9828018,75.8529516,2020-02-20T04:14:45Z
26.9828018,75.8529515,2020-02-20T04:14:51Z
26.9828018,75.8529510,2020-02-20T04:14:57Z
26.9828015,75.8529506,2020-02-20T04:15:03Z
26.9828015,75.8529504,2020-02-20T04:15:09Z
26.9828014,75.8529499,2020-02-20T04:15:14Z
26.9828008,75.8529478,2020-02-20T04:15:20Z
26.9828164,75.8529604,2020-02-20T04:15:26Z
26.9828321,75.8529756,2020-02-20T04:15:31Z
26.9828962,75.8530005,2020-02-20T04:15:36Z
26.9830312,75.8531064,2020-02-20T04:15:42Z
26.9830410,75.8531671,2020-02-20T04:15:47Z
26.9831217,75.8532776,2020-02-20T04:15:53Z
26.9835110,75.8535092,2020-02-20T04:15:59Z
26.9839131,75.8536553,2020-02-20T04:16:04Z
26.9845125,75.8538693,2020-02-20T04:16:10Z
26.9849795,75.8540006,2020-02-20T04:16:15Z
26.9852904,75.8540471,2020-02-20T04:16:21Z
26.9855973,75.8540366,2020-02-20T04:16:27Z
26.9857746,75.8540073,2020-02-20T04:16:32Z
26.9860086,75.8539862,2020-02-20T04:16:38Z
26.9861781,75.8539559,2020-02-20T04:16:44Z
26.9863026,75.8539648,2020-02-20T04:16:49Z
26.9865207,75.8540580,2020-02-20T04:16:54Z
26.9866897,75.8541625,2020-02-20T04:16:59Z
26.9869359,75.8543217,2020-02-20T04:17:05Z
26.9871806,75.8544644,2020-02-20T04:17:11Z
26.9873551,75.8546332,2020-02-20T04:17:17Z
26.9874412,75.8547311,2020-02-20T04:17:22Z
26.9876189,75.8548782,2020-02-20T04:17:28Z
26.9877815,75.8550157,2020-02-20T04:17:34Z
26.9879615,75.8551350,2020-02-20T04:17:40Z
26.9881578,75.8552615,2020-02-20T04:17:46Z
26.9883093,75.8554263,2020-02-20T04:17:51Z
26.9884428,75.8555610,2020-02-20T04:17:57Z
26.9885213,75.8556125,2020-02-20T04:18:02Z
26.9885965,75.8556178,2020-02-20T04:18:08Z
26.9887580,75.8556372,2020-02-20T04:18:14Z
26.9888809,75.8556311,2020-02-20T04:18:20Z
26.9889717,75.8556317,2020-02-20T04:18:26Z
26.9889934,75.8556417,2020-02-20T04:18:32Z
26.9889905,75.8556456,2020-02-20T04:18:37Z
26.9889923,75.8556492,2020-02-20T04:18:43Z
26.9889922,75.8556485,2020-02-20T04:18:48Z
26.9890931,75.8556316,2020-02-20T04:18:54Z
26.9891462,75.8556188,2020-02-20T04:19:00Z
26.9891336,75.8556354,2020-02-20T04:19:06Z
26.9891285,75.8556298,2020-02-20T04:19:12Z
26.9891736,75.8556107,2020-02-20T04:19:18Z
26.9891889,75.8556026,2020-02-20T04:19:24Z
26.9891937,75.8556013,2020-02-20T04:19:30Z
26.9891998,75.8556058,2020-02-20T04:19:36Z
26.9891950,75.8556049,2020-02-20T04:19:41Z
26.9891987,75.8556057,2020-02-20T04:19:47Z
26.9892000,75.8556044,2020-02-20T04:19:52Z
26.9892107,75.8556087,2020-02-20T04:19:58Z
26.9892164,75.8556138,2020-02-20T04:20:04Z
26.9893036,75.8555909,2020-02-20T04:20:10Z
26.9895302,75.8555488,2020-02-20T04:20:16Z
26.9898252,75.8554840,2020-02-20T04:20:22Z
26.9899852,75.8553529,2020-02-20T04:20:28Z
26.9901346,75.8550293,2020-02-20T04:20:33Z
26.9903130,75.8546080,2020-02-20T04:20:39Z
26.9904813,75.8541359,2020-02-20T04:20:45Z
26.9906807,75.8536300,2020-02-20T04:20:51Z
26.9906968,75.8532821,2020-02-20T04:20:57Z
26.9904986,75.8529903,2020-02-20T04:21:03Z
26.9903334,75.8526944,2020-02-20T04:21:08Z
26.9904682,75.8523243,2020-02-20T04:21:14Z
26.9907840,75.8519490,2020-02-20T04:21:20Z
26.9911425,75.8516958,2020-02-20T04:21:25Z
26.9915609,75.8514259,2020-02-20T04:21:31Z
26.9919743,75.8510626,2020-02-20T04:21:37Z
26.9922813,75.8506622,2020-02-20T04:21:43Z
26.9922861,75.8505456,2020-02-20T04:21:49Z
26.9922120,75.8505439,2020-02-20T04:21:54Z
26.9920196,75.8506335,2020-02-20T04:21:59Z
26.9919224,75.8506886,2020-02-20T04:22:05Z
26.9917753,75.8507222,2020-02-20T04:22:11Z
26.9916000,75.8508184,2020-02-20T04:22:17Z
26.9914499,75.8509438,2020-02-20T04:22:23Z
26.9912578,75.8510049,2020-02-20T04:22:29Z
26.9911021,75.8510936,2020-02-20T04:22:34Z
26.9909253,75.8512236,2020-02-20T04:22:39Z
26.9907915,75.8514071,2020-02-20T04:22:45Z
26.9906586,75.8514906,2020-02-20T04:22:51Z
26.9905450,75.8515197,2020-02-20T04:22:56Z
26.9904311,75.8516282,2020-02-20T04:23:01Z
26.9904260,75.8516607,2020-02-20T04:23:07Z
26.9904188,75.8516585,2020-02-20T04:23:12Z
26.9904092,75.8516556,2020-02-20T04:23:17Z
26.9904076,75.8516582,2020-02-20T04:23:23Z
26.9904068,75.8516577,2020-02-20T04:23:29Z
26.9904067,75.8516578,2020-02-20T04:23:35Z
26.9904067,75.8516578,2020-02-20T04:23:40Z
26.9904066,75.8516577,2020-02-20T04:23:45Z
26.9904064,75.8516577,2020-02-20T04:23:50Z
26.9904061,75.8516576,2020-02-20T04:23:56Z
26.9904060,75.8516575,2020-02-20T04:24:01Z
26.9904062,75.8516577,2020-02-20T04:24:07Z
26.9904061,75.8516578,2020-02-20T04:24:13Z
26.9904060,75.8516578,2020-02-20T04:24:19Z
26.9904060,75.8516579,2020-02-20T04:24:25Z
26.9904056,75.8516578,2020-02-20T04:24:31Z
26.9904055,75.8516578,2020-02-20T04:24:37Z
26.9904054,75.8516577,2020-02-20T04:24:43Z
26.9904054,75.8516578,2020-02-20T04:24:49Z
26.9904053,75.8516577,2020-02-20T04:24:55Z
26.9904054,75.8516579,2020-02-20T04:25:01Z
26.9904054,75.8516579,2020-02-20T04:25:07Z
26.9904055,75.8516582,2020-02-20T04:25:12Z
26.9904055,75.8516582,2020-02-20T04:25:17Z
26.9904054,75.8516583,2020-02-20T04:25:23Z
26.9903293,75.8517569,2020-02-20T04:25:28Z
26.9901702,75.8519048,2020-02-20T04:25:34Z
26.9899843,75.8520317,2020-02-20T04:25:40Z
26.9898574,75.8520308,2020-02-20T04:25:45Z
26.9897424,75.8519943,2020-02-20T04:25:50Z
26.9896821,75.8519916,2020-02-20T04:25:56Z
26.9896033,75.8519856,2020-02-20T04:26:02Z
26.9895229,75.8519747,2020-02-20T04:26:08Z
26.9894841,75.8519703,2020-02-20T04:26:13Z
26.9894728,75.8519604,2020-02-20T04:26:18Z
26.9894739,75.8519652,2020-02-20T04:26:24Z
26.9894733,75.8519653,2020-02-20T04:26:29Z
26.9894498,75.8519656,2020-02-20T04:26:35Z
26.9894062,75.8518404,2020-02-20T04:26:41Z
26.9893566,75.8515890,2020-02-20T04:26:46Z
26.9892499,75.8513611,2020-02-20T04:26:52Z
26.9891348,75.8511946,2020-02-20T04:26:57Z
26.9890015,75.8510530,2020-02-20T04:27:03Z
26.9888847,75.8508072,2020-02-20T04:27:08Z
26.9887442,75.8506548,2020-02-20T04:27:13Z
26.9886174,75.8505089,2020-02-20T04:27:18Z
26.9885001,75.8503806,2020-02-20T04:27:23Z
26.9883682,75.8502483,2020-02-20T04:27:29Z
26.9882200,75.8501834,2020-02-20T04:27:35Z
26.9881418,75.8501761,2020-02-20T04:27:41Z
26.9881362,75.8501757,2020-02-20T04:27:47Z
26.9881332,75.8501758,2020-02-20T04:27:53Z
26.9881332,75.8501755,2020-02-20T04:27:58Z
26.9880341,75.8501272,2020-02-20T04:28:04Z
26.9880155,75.8501054,2020-02-20T04:28:09Z
26.9879483,75.8500760,2020-02-20T04:28:15Z
26.9879055,75.8500723,2020-02-20T04:28:20Z
26.9879051,75.8500758,2020-02-20T04:28:26Z
26.9878192,75.8500836,2020-02-20T04:28:32Z
26.9877698,75.8500878,2020-02-20T04:28:37Z
26.9876935,75.8500678,2020-02-20T04:28:42Z
26.9876827,75.8500628,2020-02-20T04:28:48Z
26.9876784,75.8500614,2020-02-20T04:28:54Z
26.9876796,75.8500618,2020-02-20T04:29:00Z
26.9876793,75.8500622,2020-02-20T04:29:05Z
26.9876792,75.8500619,2020-02-20T04:29:11Z
26.9876794,75.8500618,2020-02-20T04:29:17Z
26.9876794,75.8500616,2020-02-20T04:29:22Z
26.9876774,75.8500615,2020-02-20T04:29:28Z
26.9876176,75.8499819,2020-02-20T04:29:34Z
26.9875800,75.8499486,2020-02-20T04:29:39Z
26.9875838,75.8499479,2020-02-20T04:29:45Z
26.9875700,75.8499356,2020-02-20T04:29:51Z
26.9875191,75.8499153,2020-02-20T04:29:56Z
26.9874438,75.8498689,2020-02-20T04:30:02Z
26.9873804,75.8498961,2020-02-20T04:30:08Z
26.9873752,75.8498996,2020-02-20T04:30:13Z
26.9871929,75.8498422,2020-02-20T04:30:19Z
26.9869701,75.8498310,2020-02-20T04:30:25Z
26.9867935,75.8498451,2020-02-20T04:30:30Z
26.9866566,75.8499580,2020-02-20T04:30:36Z
26.9866297,75.8500506,2020-02-20T04:30:42Z
26.9867332,75.8501427,2020-02-20T04:30:47Z
26.9868761,75.8502210,2020-02-20T04:30:53Z
26.9870067,75.8503222,2020-02-20T04:30:59Z
26.9871416,75.8504395,2020-02-20T04:31:05Z
26.9872520,75.8505203,2020-02-20T04:31:10Z
26.9873552,75.8506196,2020-02-20T04:31:16Z
26.9874236,75.8506919,2020-02-20T04:31:22Z
26.9874302,75.8507049,2020-02-20T04:31:27Z
26.9874293,75.8507048,2020-02-20T04:31:33Z
26.9874321,75.8507046,2020-02-20T04:31:39Z
26.9874321,75.8507046,2020-02-20T04:31:45Z
26.9874336,75.8507064,2020-02-20T04:31:51Z
26.9874384,75.8507108,2020-02-20T04:31:56Z
26.9874430,75.8508285,2020-02-20T04:32:01Z
26.9874528,75.8508747,2020-02-20T04:32:07Z
26.9874531,75.8508683,2020-02-20T04:32:13Z
26.9874531,75.8508566,2020-02-20T04:32:19Z
26.9874524,75.8508755,2020-02-20T04:32:25Z
26.9874442,75.8508776,2020-02-20T04:32:31Z
26.9874372,75.8508740,2020-02-20T04:32:37Z
26.9874272,75.8508618,2020-02-20T04:32:43Z
26.9874273,75.8508590,2020-02-20T04:32:49Z
26.9874238,75.8508502,2020-02-20T04:32:55Z
26.9874173,75.8508262,2020-02-20T04:33:01Z
26.9873913,75.8508060,2020-02-20T04:33:07Z
26.9873573,75.8507883,2020-02-20T04:33:13Z
26.9873372,75.8507938,2020-02-20T04:33:19Z
26.9873101,75.8508084,2020-02-20T04:33:25Z
26.9873008,75.8507986,2020-02-20T04:33:30Z
26.9873024,75.8507962,2020-02-20T04:33:36Z
26.9873034,75.8508006,2020-02-20T04:33:41Z
26.9872946,75.8507964,2020-02-20T04:33:47Z
26.9872818,75.8508019,2020-02-20T04:33:53Z
26.9872753,75.8508062,2020-02-20T04:33:59Z
26.9872739,75.8508061,2020-02-20T04:34:04Z
26.9872738,75.8508061,2020-02-20T04:34:10Z
26.9872783,75.8507993,2020-02-20T04:34:15Z
26.9872896,75.8507897,2020-02-20T04:34:21Z
26.9872707,75.8507729,2020-02-20T04:34:26Z
26.9872678,75.8507620,2020-02-20T04:34:32Z
26.9872662,75.8507565,2020-02-20T04:34:37Z
26.9872614,75.8507501,2020-02-20T04:34:43Z
26.9872411,75.8507571,2020-02-20T04:34:49Z
26.9872169,75.8507914,2020-02-20T04:34:54Z
26.9872127,75.8507938,2020-02-20T04:35:00Z
26.9872505,75.8507873,2020-02-20T04:35:06Z
26.9872614,75.8507976,2020-02-20T04:35:12Z
26.9872400,75.8508521,2020-02-20T04:35:18Z
26.9872809,75.8508811,2020-02-20T04:35:23Z
26.9873388,75.8509143,2020-02-20T04:35:28Z
26.9873740,75.8509400,2020-02-20T04:35:34Z
26.9873920,75.8509741,2020-02-20T04:35:40Z
26.9873715,75.8510132,2020-02-20T04:35:46Z
26.9873577,75.8510160,2020-02-20T04:35:52Z
26.9873170,75.8509875,2020-02-20T04:35:58Z
26.9872710,75.8509670,2020-02-20T04:36:04Z
26.9872480,75.8509390,2020-02-20T04:36:09Z
26.9872162,75.8509260,2020-02-20T04:36:15Z
26.9872054,75.8509224,2020-02-20T04:36:20Z
26.9871668,75.8509601,2020-02-20T04:36:26Z
26.9871643,75.8509338,2020-02-20T04:36:32Z
26.9871389,75.8509477,2020-02-20T04:36:38Z
26.9871246,75.8509593,2020-02-20T04:36:43Z
26.9871135,75.8509610,2020-02-20T04:36:48Z
26.9871010,75.8509669,2020-02-20T04:36:54Z
26.9870941,75.8509670,2020-02-20T04:37:00Z
26.9870924,75.8509652,2020-02-20T04:37:05Z
26.9870879,75.8509811,2020-02-20T04:37:11Z
26.9870939,75.8509821,2020-02-20T04:37:17Z
26.9870808,75.8509794,2020-02-20T04:37:23Z
26.9870765,75.8509782,2020-02-20T04:37:29Z
26.9870789,75.8509801,2020-02-20T04:37:34Z
26.9870813,75.8509775,2020-02-20T04:37:40Z
26.9870806,75.8509740,2020-02-20T04:37:45Z
26.9870805,75.8509739,2020-02-20T04:37:50Z
26.9870804,75.8509740,2020-02-20T04:37:56Z
26.9870805,75.8509741,2020-02-20T04:38:01Z
26.9870806,75.8509741,2020-02-20T04:38:07Z
26.9870807,75.8509740,2020-02-20T04:38:12Z
26.9870806,75.8509734,2020-02-20T04:38:17Z
26.9870805,75.8509734,2020-02-20T04:38:23Z
26.9870806,75.8509737,2020-02-20T04:38:29Z
26.9870806,75.8509738,2020-02-20T04:38:34Z
26.9870804,75.8509742,2020-02-20T04:38:40Z
26.9870804,75.8509741,2020-02-20T04:38:46Z
26.9870792,75.8509724,2020-02-20T04:38:52Z
26.9870537,75.8509844,2020-02-20T04:38:57Z
26.9870586,75.8509844,2020-02-20T04:39:02Z
26.9870542,75.8509884,2020-02-20T04:39:08Z
26.9870488,75.8509944,2020-02-20T04:39:14Z
26.9870482,75.8509950,2020-02-20T04:39:20Z
26.9870481,75.8509951,2020-02-20T04:39:25Z
26.9870482,75.8509951,2020-02-20T04:39:31Z
26.9870482,75.8509951,2020-02-20T04:39:36Z
26.9870481,75.8509952,2020-02-20T04:39:41Z
26.9870481,75.8509953,2020-02-20T04:39:47Z
26.9870483,75.8509952,2020-02-20T04:39:52Z
26.9870484,75.8509951,2020-02-20T04:39:58Z
26.9870485,75.8509950,2020-02-20T04:40:04Z
26.9870594,75.8510266,2020-02-20T04:40:10Z
26.9870616,75.8510302,2020-02-20T04:40:16Z
26.9870619,75.8510309,2020-02-20T04:40:22Z
26.9870619,75.8510310,2020-02-20T04:40:27Z
26.9870618,75.8510309,2020-02-20T04:40:33Z
26.9870619,75.8510309,2020-02-20T04:40:39Z
26.9870618,75.8510309,2020-02-20T04:40:44Z
26.9870467,75.8510303,2020-02-20T04:40:50Z
26.9870195,75.8509856,2020-02-20T04:40:56Z
26.9869913,75.8509554,2020-02-20T04:41:01Z
26.9869556,75.8509239,2020-02-20T04:41:07Z
26.9869358,75.8509145,2020-02-20T04:41:12Z
26.9869232,75.8509073,2020-02-20T04:41:17Z
26.9869226,75.8509033,2020-02-20T04:41:23Z
26.9869115,75.8508980,2020-02-20T04:41:29Z
26.9869028,75.8508804,2020-02-20T04:41:35Z
26.9869038,75.8508787,2020-02-20T04:41:41Z
26.9868940,75.8508724,2020-02-20T04:41:47Z
26.9868888,75.8508634,2020-02-20T04:41:52Z
26.9868389,75.8508336,2020-02-20T04:41:58Z
26.9868111,75.8508047,2020-02-20T04:42:03Z
26.9867741,75.8507818,2020-02-20T04:42:08Z
26.9867448,75.8507519,2020-02-20T04:42:14Z
26.9867438,75.8507468,2020-02-20T04:42:20Z
26.9867441,75.8507470,2020-02-20T04:42:25Z
26.9867423,75.8507394,2020-02-20T04:42:30Z
26.9867481,75.8507411,2020-02-20T04:42:36Z
26.9867291,75.8507485,2020-02-20T04:42:42Z
26.9867233,75.8507454,2020-02-20T04:42:47Z
26.9867155,75.8507443,2020-02-20T04:42:52Z
26.9867159,75.8507352,2020-02-20T04:42:58Z
26.9866864,75.8507245,2020-02-20T04:43:03Z
26.9866725,75.8507153,2020-02-20T04:43:09Z
26.9866429,75.8506856,2020-02-20T04:43:15Z
26.9866261,75.8506537,2020-02-20T04:43:21Z
26.9866204,75.8506399,2020-02-20T04:43:26Z
26.9866176,75.8506266,2020-02-20T04:43:31Z
26.9866193,75.8506132,2020-02-20T04:43:37Z
26.9866098,75.8505999,2020-02-20T04:43:42Z
26.9865988,75.8505970,2020-02-20T04:43:48Z
26.9866031,75.8505996,2020-02-20T04:43:54Z
26.9866147,75.8505989,2020-02-20T04:43:59Z
26.9866150,75.8505993,2020-02-20T04:44:05Z
26.9866081,75.8506045,2020-02-20T04:44:11Z
26.9866120,75.8506190,2020-02-20T04:44:17Z
26.9866218,75.8506072,2020-02-20T04:44:23Z
26.9866382,75.8506184,2020-02-20T04:44:29Z
26.9866524,75.8506284,2020-02-20T04:44:34Z
26.9866611,75.8506455,2020-02-20T04:44:40Z
26.9866695,75.8506100,2020-02-20T04:44:46Z
26.9866611,75.8505904,2020-02-20T04:44:52Z
26.9866477,75.8505739,2020-02-20T04:44:58Z
26.9866337,75.8505730,2020-02-20T04:45:03Z
26.9866344,75.8505706,2020-02-20T04:45:08Z
26.9866319,75.8505711,2020-02-20T04:45:14Z
26.9866299,75.8505713,2020-02-20T04:45:20Z
26.9866271,75.8505730,2020-02-20T04:45:26Z
26.9866235,75.8505644,2020-02-20T04:45:31Z
26.9866240,75.8505488,2020-02-20T04:45:37Z
26.9866055,75.8505177,2020-02-20T04:45:42Z
26.9866324,75.8504960,2020-02-20T04:45:48Z
26.9866094,75.8505106,2020-02-20T04:45:54Z
26.9866317,75.8505439,2020-02-20T04:46:00Z
26.9866292,75.8505505,2020-02-20T04:46:06Z
26.9866743,75.8506168,2020-02-20T04:46:12Z
26.9867157,75.8506356,2020-02-20T04:46:18Z
26.9867742,75.8506627,2020-02-20T04:46:24Z
26.9868066,75.8506555,2020-02-20T04:46:29Z
26.9868078,75.8506566,2020-02-20T04:46:35Z
26.9868078,75.8506576,2020-02-20T04:46:41Z
26.9868078,75.8506577,2020-02-20T04:46:47Z
26.9868081,75.8506567,2020-02-20T04:46:53Z
26.9868081,75.8506568,2020-02-20T04:46:58Z
26.9868082,75.8506565,2020-02-20T04:47:03Z
26.9868103,75.8506542,2020-02-20T04:48:57Z
26.9868127,75.8506520,2020-02-20T04:49:03Z
26.9868212,75.8506597,2020-02-20T04:49:09Z
26.9868281,75.8507044,2020-02-20T04:49:14Z
26.9868458,75.8507251,2020-02-20T04:49:20Z
26.9868611,75.8507099,2020-02-20T04:49:26Z
26.9868722,75.8507217,2020-02-20T04:49:32Z
26.9868754,75.8507174,2020-02-20T04:49:37Z
26.9868760,75.8507188,2020-02-20T04:49:43Z
26.9868760,75.8507189,2020-02-20T04:49:48Z
26.9868640,75.8506957,2020-02-20T04:49:54Z
26.9869273,75.8506634,2020-02-20T04:50:00Z
26.9869192,75.8506906,2020-02-20T04:50:06Z
26.9868958,75.8507012,2020-02-20T04:50:12Z
26.9868640,75.8507145,2020-02-20T04:50:18Z
26.9868632,75.8507086,2020-02-20T04:50:23Z
26.9868558,75.8507120,2020-02-20T04:50:29Z
26.9868564,75.8507070,2020-02-20T04:50:35Z
26.9868562,75.8507072,2020-02-20T04:50:40Z
26.9868562,75.8507074,2020-02-20T04:50:45Z
26.9868466,75.8507130,2020-02-20T04:50:51Z
26.9868405,75.8507186,2020-02-20T04:50:57Z
26.9868386,75.8507180,2020-02-20T04:51:02Z
26.9868362,75.8507164,2020-02-20T04:51:08Z
26.9868111,75.8507141,2020-02-20T04:51:14Z
26.9867728,75.8507098,2020-02-20T04:51:19Z
26.9867463,75.8507023,2020-02-20T04:51:25Z
26.9867169,75.8507042,2020-02-20T04:51:30Z
26.9866815,75.8506626,2020-02-20T04:51:36Z
26.9866512,75.8506293,2020-02-20T04:51:42Z
26.9866238,75.8506053,2020-02-20T04:51:47Z
26.9865957,75.8505925,2020-02-20T04:51:53Z
26.9865606,75.8505830,2020-02-20T04:51:59Z
26.9865561,75.8505753,2020-02-20T04:52:04Z
26.9865451,75.8505831,2020-02-20T04:52:10Z
26.9865423,75.8505764,2020-02-20T04:52:16Z
26.9865191,75.8505878,2020-02-20T04:52:22Z
26.9865323,75.8505318,2020-02-20T04:52:27Z
26.9863764,75.8505602,2020-02-20T04:52:32Z
26.9864506,75.8506460,2020-02-20T04:52:38Z
26.9864520,75.8506633,2020-02-20T04:52:44Z
26.9864444,75.8506732,2020-02-20T04:52:50Z
26.9864454,75.8506740,2020-02-20T04:52:56Z
26.9864349,75.8506798,2020-02-20T04:53:02Z
26.9864300,75.8506806,2020-02-20T04:53:08Z
26.9864245,75.8506848,2020-02-20T04:53:14Z
26.9864244,75.8506850,2020-02-20T04:53:20Z
26.9864243,75.8506851,2020-02-20T04:53:25Z
26.9864243,75.8506852,2020-02-20T04:53:31Z
26.9864242,75.8506852,2020-02-20T04:53:37Z
26.9864242,75.8506852,2020-02-20T04:53:43Z
26.9864242,75.8506852,2020-02-20T04:53:48Z
26.9864242,75.8506855,2020-02-20T04:53:54Z
26.9864241,75.8506855,2020-02-20T04:53:59Z
26.9864241,75.8506855,2020-02-20T04:54:05Z
26.9864252,75.8506887,2020-02-20T04:54:11Z
26.9864370,75.8507009,2020-02-20T04:54:17Z
26.9864640,75.8507167,2020-02-20T04:54:22Z
26.9864779,75.8507196,2020-02-20T04:54:28Z
26.9864890,75.8507235,2020-02-20T04:54:33Z
26.9864898,75.8507240,2020-02-20T04:54:39Z
26.9864898,75.8507239,2020-02-20T04:54:45Z
26.9864903,75.8507242,2020-02-20T04:54:51Z
26.9864904,75.8507242,2020-02-20T04:54:56Z
26.9864905,75.8507243,2020-02-20T04:55:02Z
26.9864905,75.8507244,2020-02-20T04:55:08Z
26.9864905,75.8507243,2020-02-20T04:55:14Z
26.9864781,75.8507437,2020-02-20T04:55:20Z
26.9864634,75.8507667,2020-02-20T04:55:26Z
26.9864436,75.8507880,2020-02-20T04:55:32Z
26.9864403,75.8507910,2020-02-20T04:55:37Z
26.9864430,75.8508165,2020-02-20T04:55:43Z
26.9864400,75.8508396,2020-02-20T04:55:49Z
26.9864326,75.8508456,2020-02-20T04:55:55Z
26.9864109,75.8508259,2020-02-20T04:56:01Z
26.9863927,75.8508126,2020-02-20T04:56:06Z
26.9863555,75.8508104,2020-02-20T04:56:12Z
26.9863184,75.8507898,2020-02-20T04:56:18Z
26.9862822,75.8507644,2020-02-20T04:56:24Z
26.9862611,75.8507492,2020-02-20T04:56:30Z
26.9862342,75.8507322,2020-02-20T04:56:36Z
26.9862117,75.8507356,2020-02-20T04:56:41Z
26.9862128,75.8507335,2020-02-20T04:56:46Z
26.9862092,75.8507358,2020-02-20T04:56:52Z
26.9862050,75.8507384,2020-02-20T04:56:58Z
26.9862041,75.8507437,2020-02-20T04:57:03Z
26.9862014,75.8507440,2020-02-20T04:57:09Z
26.9862000,75.8507509,2020-02-20T04:57:15Z
26.9861965,75.8507516,2020-02-20T04:57:21Z
26.9861897,75.8507418,2020-02-20T04:57:26Z
26.9861664,75.8507066,2020-02-20T04:57:31Z
26.9861383,75.8506707,2020-02-20T04:57:37Z
26.9861351,75.8506738,2020-02-20T04:57:42Z
26.9861365,75.8506729,2020-02-20T04:57:48Z
26.9861141,75.8506404,2020-02-20T04:57:54Z
26.9861024,75.8506366,2020-02-20T04:57:59Z
26.9860964,75.8506350,2020-02-20T04:58:05Z
26.9860903,75.8506329,2020-02-20T04:58:11Z
26.9860721,75.8506200,2020-02-20T04:58:17Z
26.9860273,75.8506148,2020-02-20T04:58:23Z
26.9859893,75.8506527,2020-02-20T04:58:29Z
26.9859466,75.8506487,2020-02-20T04:58:35Z
26.9860193,75.8505854,2020-02-20T04:58:40Z
26.9859983,75.8504975,2020-02-20T04:58:45Z
26.9859958,75.8504925,2020-02-20T04:58:50Z
26.9860028,75.8505293,2020-02-20T04:58:56Z
26.9859710,75.8505832,2020-02-20T04:59:02Z
26.9859525,75.8505700,2020-02-20T04:59:08Z
26.9859320,75.8505854,2020-02-20T04:59:14Z
26.9859059,75.8506245,2020-02-20T04:59:19Z
26.9858996,75.8506823,2020-02-20T04:59:25Z
26.9859081,75.8506911,2020-02-20T04:59:30Z
26.9859077,75.8506929,2020-02-20T04:59:35Z
26.9858982,75.8507056,2020-02-20T04:59:41Z
26.9858676,75.8507176,2020-02-20T04:59:47Z
26.9858676,75.8507190,2020-02-20T04:59:52Z
26.9858579,75.8507077,2020-02-20T04:59:57Z
26.9858554,75.8507044,2020-02-20T05:00:03Z
26.9858552,75.8507042,2020-02-20T05:00:09Z
26.9858550,75.8507040,2020-02-20T05:00:15Z
26.9858549,75.8507040,2020-02-20T05:00:20Z
26.9858548,75.8507039,2020-02-20T05:00:26Z
26.9858547,75.8507038,2020-02-20T05:00:31Z
26.9858546,75.8507037,2020-02-20T05:00:37Z
26.9858544,75.8507036,2020-02-20T05:00:42Z
26.9858543,75.8507035,2020-02-20T05:00:47Z
26.9858542,75.8507034,2020-02-20T05:00:53Z
26.9858541,75.8507034,2020-02-20T05:00:58Z
26.9858540,75.8507033,2020-02-20T05:01:04Z
26.9858497,75.8506823,2020-02-20T05:01:10Z
26.9858406,75.8506862,2020-02-20T05:01:15Z
26.9858349,75.8507069,2020-02-20T05:01:21Z
26.9858332,75.8507087,2020-02-20T05:01:27Z
26.9858319,75.8507088,2020-02-20T05:01:32Z
26.9858239,75.8507136,2020-02-20T05:01:38Z
26.9858157,75.8507064,2020-02-20T05:01:44Z
26.9858400,75.8507151,2020-02-20T05:01:50Z
26.9858465,75.8507155,2020-02-20T05:01:56Z
26.9858492,75.8507162,2020-02-20T05:02:02Z
26.9858482,75.8507160,2020-02-20T05:02:08Z
26.9858481,75.8507162,2020-02-20T05:02:13Z
26.9858490,75.8507163,2020-02-20T05:02:19Z
26.9858488,75.8507162,2020-02-20T05:02:25Z
26.9858491,75.8507158,2020-02-20T05:02:31Z
26.9858491,75.8507157,2020-02-20T05:02:36Z
26.9858490,75.8507155,2020-02-20T05:02:42Z
26.9858489,75.8507153,2020-02-20T05:02:48Z
26.9858453,75.8506935,2020-02-20T05:02:54Z
26.9858457,75.8506785,2020-02-20T05:03:00Z
26.9858469,75.8506694,2020-02-20T05:03:06Z
26.9858382,75.8506697,2020-02-20T05:03:12Z
26.9858371,75.8506670,2020-02-20T05:03:17Z
26.9858376,75.8506667,2020-02-20T05:03:23Z
26.9858372,75.8506658,2020-02-20T05:03:29Z
26.9858382,75.8506655,2020-02-20T05:03:35Z
26.9858382,75.8506652,2020-02-20T05:03:41Z
26.9858381,75.8506652,2020-02-20T05:03:46Z
26.9858553,75.8506943,2020-02-20T05:03:52Z
26.9857419,75.8507483,2020-02-20T05:03:57Z
26.9857428,75.8506958,2020-02-20T05:04:03Z
26.9857658,75.8506664,2020-02-20T05:04:09Z
26.9857668,75.8506600,2020-02-20T05:04:15Z
26.9858049,75.8506180,2020-02-20T05:04:21Z
26.9858088,75.8506152,2020-02-20T05:04:27Z
26.9858203,75.8506092,2020-02-20T05:04:33Z
26.9858212,75.8506050,2020-02-20T05:04:38Z
26.9858247,75.8505928,2020-02-20T05:04:44Z
26.9858206,75.8505938,2020-02-20T05:04:49Z
26.9858199,75.8505942,2020-02-20T05:04:54Z
26.9858204,75.8505932,2020-02-20T05:05:00Z
26.9858203,75.8505928,2020-02-20T05:05:05Z
26.9858204,75.8505920,2020-02-20T05:05:11Z
26.9858204,75.8505916,2020-02-20T05:05:16Z
26.9858215,75.8505867,2020-02-20T05:05:22Z
26.9858219,75.8505853,2020-02-20T05:05:27Z
26.9858220,75.8505842,2020-02-20T05:05:33Z
26.9858220,75.8505837,2020-02-20T05:05:39Z
26.9858042,75.8505433,2020-02-20T05:05:45Z
26.9857249,75.8505198,2020-02-20T05:05:50Z
26.9856819,75.8505296,2020-02-20T05:05:56Z
26.9856922,75.8504952,2020-02-20T05:06:01Z
26.9856917,75.8504894,2020-02-20T05:06:07Z
26.9856917,75.8504740,2020-02-20T05:06:13Z
26.9856926,75.8504752,2020-02-20T05:06:18Z
26.9856923,75.8504788,2020-02-20T05:06:24Z
26.9856926,75.8504776,2020-02-20T05:06:30Z
26.9856919,75.8504806,2020-02-20T05:06:35Z
26.9856918,75.8504806,2020-02-20T05:06:41Z
26.9856928,75.8504793,2020-02-20T05:06:46Z
26.9856943,75.8504754,2020-02-20T05:06:52Z
26.9856225,75.8505400,2020-02-20T05:06:58Z
26.9856156,75.8505238,2020-02-20T05:07:04Z
26.9855922,75.8505376,2020-02-20T05:07:10Z
26.9855979,75.8505317,2020-02-20T05:07:15Z
26.9855967,75.8505348,2020-02-20T05:07:20Z
26.9856034,75.8505446,2020-02-20T05:07:25Z
26.9856014,75.8505424,2020-02-20T05:07:31Z
26.9856011,75.8505428,2020-02-20T05:08:32Z
26.9855938,75.8505398,2020-02-20T05:08:37Z
26.9855432,75.8505354,2020-02-20T05:08:43Z
26.9855430,75.8505355,2020-02-20T05:08:49Z
26.9855408,75.8505359,2020-02-20T05:08:54Z
26.9855431,75.8505364,2020-02-20T05:09:00Z
26.9855438,75.8505365,2020-02-20T05:09:06Z
26.9855435,75.8505367,2020-02-20T05:09:12Z
26.9855434,75.8505367,2020-02-20T05:09:17Z
26.9855428,75.8505368,2020-02-20T05:09:23Z
26.9855479,75.8505671,2020-02-20T05:09:28Z
26.9855461,75.8505725,2020-02-20T05:09:33Z
26.9855446,75.8505836,2020-02-20T05:09:39Z
26.9855468,75.8505780,2020-02-20T05:09:45Z
26.9855570,75.8505630,2020-02-20T05:09:51Z
26.9855538,75.8505320,2020-02-20T05:09:57Z
26.9855810,75.8504909,2020-02-20T05:10:03Z
26.9856024,75.8504408,2020-02-20T05:10:09Z
26.9856409,75.8503963,2020-02-20T05:10:14Z
26.9856475,75.8503465,2020-02-20T05:10:20Z
26.9856985,75.8502953,2020-02-20T05:10:26Z
26.9860505,75.8501396,2020-02-20T06:09:02Z
26.9860384,75.8501541,2020-02-20T06:09:07Z
26.9860718,75.8500494,2020-02-20T06:09:12Z
26.9861158,75.8499720,2020-02-20T06:09:18Z
26.9861301,75.8499650,2020-02-20T06:09:23Z
26.9861226,75.8501754,2020-02-20T06:09:29Z
26.9861775,75.8501087,2020-02-20T06:09:35Z
26.9862184,75.8500449,2020-02-20T06:09:41Z
26.9860886,75.8501270,2020-02-20T06:09:47Z
26.9862333,75.8500876,2020-02-20T06:09:53Z
26.9862370,75.8501233,2020-02-20T06:09:58Z
26.9862404,75.8501229,2020-02-20T06:10:04Z
26.9862496,75.8501261,2020-02-20T06:10:09Z
26.9862508,75.8501248,2020-02-20T06:10:15Z
26.9862551,75.8501360,2020-02-20T06:10:21Z
26.9862787,75.8501730,2020-02-20T06:10:27Z
26.9863249,75.8501977,2020-02-20T06:10:32Z
26.9863368,75.8502162,2020-02-20T06:10:38Z
26.9863274,75.8502242,2020-02-20T06:10:44Z
26.9863234,75.8502400,2020-02-20T06:10:50Z
26.9863386,75.8502150,2020-02-20T06:10:56Z
26.9863368,75.8502411,2020-02-20T06:11:02Z
26.9863504,75.8502470,2020-02-20T06:11:07Z
26.9863932,75.8502500,2020-02-20T06:11:12Z
26.9864206,75.8502460,2020-02-20T06:11:18Z
26.9864205,75.8502458,2020-02-20T06:11:23Z
26.9864206,75.8502457,2020-02-20T06:11:29Z
26.9864351,75.8502134,2020-02-20T06:11:35Z
26.9864447,75.8502178,2020-02-20T06:11:40Z
26.9864435,75.8502170,2020-02-20T06:11:46Z
26.9864203,75.8502246,2020-02-20T06:11:51Z
26.9864246,75.8502249,2020-02-20T06:11:57Z
26.9863788,75.8502154,2020-02-20T06:12:03Z
26.9863870,75.8502184,2020-02-20T06:12:08Z
26.9863950,75.8502194,2020-02-20T06:12:14Z
26.9863949,75.8502194,2020-02-20T06:12:20Z
26.9863956,75.8502194,2020-02-20T06:12:26Z
26.9863921,75.8502054,2020-02-20T06:12:32Z
26.9863685,75.8501994,2020-02-20T06:12:38Z
26.9863819,75.8501969,2020-02-20T06:12:43Z
26.9863826,75.8501973,2020-02-20T06:12:48Z
26.9863830,75.8501974,2020-02-20T06:12:53Z
26.9863872,75.8501917,2020-02-20T06:12:58Z
26.9863870,75.8501954,2020-02-20T06:13:04Z
26.9864054,75.8501658,2020-02-20T06:13:10Z
26.9864092,75.8501749,2020-02-20T06:13:15Z
26.9864116,75.8501704,2020-02-20T06:13:21Z
26.9864101,75.8501637,2020-02-20T06:13:27Z
26.9864119,75.8501638,2020-02-20T06:13:32Z
26.9864147,75.8501626,2020-02-20T06:13:38Z
26.9864143,75.8501627,2020-02-20T06:13:43Z
26.9864147,75.8501626,2020-02-20T06:13:48Z
26.9864150,75.8501626,2020-02-20T06:13:54Z
26.9864150,75.8501626,2020-02-20T06:13:59Z
26.9864150,75.8501626,2020-02-20T06:14:05Z
26.9864151,75.8501626,2020-02-20T06:14:11Z
26.9864150,75.8501627,2020-02-20T06:14:17Z
26.9864150,75.8501627,2020-02-20T06:14:23Z
26.9864150,75.8501627,2020-02-20T06:14:29Z
26.9864150,75.8501627,2020-02-20T06:14:35Z
26.9864150,75.8501626,2020-02-20T06:14:41Z
26.9864150,75.8501627,2020-02-20T06:14:47Z
26.9864150,75.8501627,2020-02-20T06:14:52Z
26.9864151,75.8501627,2020-02-20T06:14:58Z
26.9864151,75.8501627,2020-02-20T06:15:03Z
26.9864151,75.8501627,2020-02-20T06:15:08Z
26.9864151,75.8501627,2020-02-20T06:15:14Z
26.9864151,75.8501627,2020-02-20T06:15:20Z
26.9864151,75.8501627,2020-02-20T06:15:26Z
26.9864151,75.8501627,2020-02-20T06:15:32Z
26.9864151,75.8501627,2020-02-20T06:15:39Z
26.9864151,75.8501627,2020-02-20T06:15:44Z
26.9864151,75.8501627,2020-02-20T06:15:50Z
26.9864150,75.8501628,2020-02-20T06:15:56Z
26.9864150,75.8501628,2020-02-20T06:16:02Z
26.9864151,75.8501628,2020-02-20T06:16:07Z
26.9864151,75.8501628,2020-02-20T06:16:12Z
26.9864151,75.8501628,2020-02-20T06:16:18Z
26.9864151,75.8501628,2020-02-20T06:16:24Z
26.9864152,75.8501628,2020-02-20T06:16:30Z
26.9864152,75.8501628,2020-02-20T06:16:36Z
26.9864152,75.8501628,2020-02-20T06:16:42Z
26.9864152,75.8501628,2020-02-20T06:16:48Z
26.9864151,75.8501628,2020-02-20T06:16:54Z
26.9864150,75.8501628,2020-02-20T06:16:59Z
26.9864151,75.8501628,2020-02-20T06:17:04Z
26.9864151,75.8501628,2020-02-20T06:17:09Z
26.9864150,75.8501628,2020-02-20T06:17:15Z
26.9864150,75.8501628,2020-02-20T06:17:20Z
26.9864149,75.8501628,2020-02-20T06:17:26Z
26.9864149,75.8501629,2020-02-20T06:17:31Z
26.9864149,75.8501629,2020-02-20T06:17:36Z
26.9864149,75.8501629,2020-02-20T06:17:41Z
26.9864149,75.8501630,2020-02-20T06:17:47Z
26.9864149,75.8501630,2020-02-20T06:17:53Z
26.9864149,75.8501630,2020-02-20T06:17:59Z
26.9864149,75.8501630,2020-02-20T06:18:05Z
26.9864148,75.8501630,2020-02-20T06:18:11Z
26.9864148,75.8501630,2020-02-20T06:18:17Z
26.9864149,75.8501630,2020-02-20T06:18:22Z
26.9864149,75.8501629,2020-02-20T06:18:28Z
26.9864148,75.8501630,2020-02-20T06:18:33Z
26.9864148,75.8501630,2020-02-20T06:18:39Z
26.9864149,75.8501630,2020-02-20T06:18:45Z
26.9864149,75.8501630,2020-02-20T06:18:50Z
26.9864149,75.8501630,2020-02-20T06:18:56Z
26.9864143,75.8501393,2020-02-20T06:19:02Z
26.9864328,75.8501363,2020-02-20T06:19:07Z
26.9864211,75.8501641,2020-02-20T06:19:13Z
26.9864082,75.8501958,2020-02-20T06:19:19Z
26.9864088,75.8502011,2020-02-20T06:19:25Z
26.9863938,75.8502229,2020-02-20T06:19:31Z
26.9863932,75.8502118,2020-02-20T06:19:37Z
26.9864206,75.8502339,2020-02-20T06:19:43Z
26.9864209,75.8502245,2020-02-20T06:19:49Z
26.9864214,75.8502302,2020-02-20T06:19:54Z
26.9864185,75.8502264,2020-02-20T06:20:00Z
26.9864173,75.8502237,2020-02-20T06:20:05Z
26.9864167,75.8502225,2020-02-20T06:20:10Z
26.9866816,75.8502932,2020-02-20T06:21:07Z
26.9868070,75.8503209,2020-02-20T06:21:12Z
26.9868861,75.8505398,2020-02-20T06:21:18Z
26.9869381,75.8506830,2020-02-20T06:21:23Z
26.9869448,75.8507594,2020-02-20T06:21:28Z
26.9869624,75.8507890,2020-02-20T06:21:34Z
26.9869707,75.8508079,2020-02-20T06:21:40Z
26.9869688,75.8508167,2020-02-20T06:21:45Z
26.9869695,75.8508186,2020-02-20T06:21:51Z
26.9869695,75.8508187,2020-02-20T06:21:57Z
26.9869693,75.8508197,2020-02-20T06:22:03Z
26.9869787,75.8508065,2020-02-20T06:22:08Z
26.9869777,75.8508088,2020-02-20T06:22:13Z
26.9869804,75.8508100,2020-02-20T06:22:19Z
26.9869804,75.8508105,2020-02-20T06:22:24Z
26.9869804,75.8508113,2020-02-20T06:22:30Z
26.9869804,75.8508117,2020-02-20T06:22:35Z
26.9869804,75.8508123,2020-02-20T06:22:41Z
26.9869858,75.8508084,2020-02-20T06:22:47Z
26.9869946,75.8508229,2020-02-20T06:22:53Z
26.9869985,75.8508322,2020-02-20T06:22:59Z
26.9869975,75.8508299,2020-02-20T06:23:05Z
26.9869976,75.8508299,2020-02-20T06:23:11Z
26.9869976,75.8508300,2020-02-20T06:23:17Z
26.9869977,75.8508302,2020-02-20T06:23:23Z
26.9869978,75.8508303,2020-02-20T06:23:29Z
26.9869951,75.8508305,2020-02-20T06:23:35Z
26.9869912,75.8508380,2020-02-20T06:23:40Z
26.9869855,75.8508389,2020-02-20T06:23:46Z
26.9869857,75.8508393,2020-02-20T06:23:51Z
26.9869818,75.8508408,2020-02-20T06:23:57Z
26.9869828,75.8508358,2020-02-20T06:24:03Z
26.9869832,75.8508354,2020-02-20T06:24:08Z
26.9869832,75.8508355,2020-02-20T06:24:14Z
26.9869832,75.8508355,2020-02-20T06:24:20Z
26.9869832,75.8508356,2020-02-20T06:24:26Z
26.9869832,75.8508339,2020-02-20T06:24:31Z
26.9869974,75.8508500,2020-02-20T06:24:37Z
26.9870388,75.8508493,2020-02-20T06:24:43Z
26.9870687,75.8508730,2020-02-20T06:24:49Z
26.9870707,75.8508998,2020-02-20T06:24:55Z
26.9870893,75.8509193,2020-02-20T06:25:01Z
26.9871237,75.8509142,2020-02-20T06:25:07Z
26.9871343,75.8509120,2020-02-20T06:25:13Z
26.9871518,75.8509042,2020-02-20T06:25:18Z
26.9871704,75.8508941,2020-02-20T06:25:23Z
26.9871977,75.8508776,2020-02-20T06:25:29Z
26.9872376,75.8508980,2020-02-20T06:25:34Z
26.9872876,75.8509353,2020-02-20T06:25:40Z
26.9873412,75.8509445,2020-02-20T06:25:46Z
26.9873859,75.8509434,2020-02-20T06:25:51Z
26.9873842,75.8509311,2020-02-20T06:25:57Z
26.9873610,75.8509123,2020-02-20T06:26:03Z
26.9873321,75.8508912,2020-02-20T06:26:09Z
26.9873033,75.8508734,2020-02-20T06:26:14Z
26.9872804,75.8508513,2020-02-20T06:26:19Z
26.9872606,75.8508356,2020-02-20T06:26:25Z
26.9872259,75.8508188,2020-02-20T06:26:31Z
26.9872086,75.8508048,2020-02-20T06:26:37Z
26.9871937,75.8508071,2020-02-20T06:26:42Z
26.9871725,75.8507950,2020-02-20T06:26:47Z
26.9871593,75.8507845,2020-02-20T06:26:53Z
26.9871863,75.8507672,2020-02-20T06:26:59Z
26.9872424,75.8507763,2020-02-20T06:27:05Z
26.9872687,75.8507795,2020-02-20T06:27:11Z
26.9873045,75.8507862,2020-02-20T06:27:16Z
26.9873460,75.8508122,2020-02-20T06:27:22Z
26.9873854,75.8508483,2020-02-20T06:27:36Z
26.9874012,75.8508737,2020-02-20T06:27:42Z
26.9874294,75.8508924,2020-02-20T06:27:48Z
26.9874456,75.8509204,2020-02-20T06:27:54Z
26.9874610,75.8509264,2020-02-20T06:27:59Z
26.9874708,75.8509529,2020-02-20T06:28:05Z
26.9874904,75.8509658,2020-02-20T06:28:10Z
26.9875269,75.8509805,2020-02-20T06:28:16Z
26.9875500,75.8509885,2020-02-20T06:28:22Z
26.9875626,75.8510031,2020-02-20T06:28:27Z
26.9875771,75.8510132,2020-02-20T06:28:33Z
26.9875970,75.8510217,2020-02-20T06:28:38Z
26.9876129,75.8510236,2020-02-20T06:28:43Z
26.9876184,75.8510218,2020-02-20T06:28:49Z
26.9876193,75.8510232,2020-02-20T06:28:54Z
26.9876087,75.8510246,2020-02-20T06:29:00Z
26.9876074,75.8510336,2020-02-20T06:29:06Z
26.9876088,75.8510443,2020-02-20T06:29:12Z
26.9876085,75.8510456,2020-02-20T06:29:17Z
26.9876084,75.8510458,2020-02-20T06:29:23Z
26.9876083,75.8510458,2020-02-20T06:29:28Z
26.9876083,75.8510457,2020-02-20T06:29:34Z
26.9876083,75.8510455,2020-02-20T06:29:40Z
26.9876080,75.8510454,2020-02-20T06:29:46Z
26.9876079,75.8510454,2020-02-20T06:29:52Z
26.9876098,75.8510388,2020-02-20T06:29:57Z
26.9876056,75.8510384,2020-02-20T06:30:03Z
26.9876116,75.8510309,2020-02-20T06:30:09Z
26.9876223,75.8510412,2020-02-20T06:30:14Z
26.9876480,75.8511004,2020-02-20T06:30:20Z
26.9876520,75.8511094,2020-02-20T06:30:25Z
26.9876545,75.8511143,2020-02-20T06:30:30Z
26.9876553,75.8511138,2020-02-20T06:30:36Z
26.9876805,75.8511394,2020-02-20T06:30:42Z
26.9877045,75.8511656,2020-02-20T06:30:47Z
26.9877233,75.8511966,2020-02-20T06:30:53Z
26.9877516,75.8512294,2020-02-20T06:30:59Z
26.9877512,75.8512349,2020-02-20T06:31:05Z
26.9877518,75.8512661,2020-02-20T06:31:11Z
26.9877652,75.8512851,2020-02-20T06:31:17Z
26.9877793,75.8513024,2020-02-20T06:31:22Z
26.9877913,75.8513080,2020-02-20T06:31:28Z
26.9878112,75.8513302,2020-02-20T06:31:34Z
26.9878249,75.8513447,2020-02-20T06:31:39Z
26.9878627,75.8513658,2020-02-20T06:31:45Z
26.9878715,75.8513710,2020-02-20T06:31:51Z
26.9878770,75.8513818,2020-02-20T06:31:57Z
26.9878739,75.8513965,2020-02-20T06:32:03Z
26.9878806,75.8514016,2020-02-20T06:32:08Z
26.9878988,75.8514285,2020-02-20T06:32:13Z
26.9879059,75.8514249,2020-02-20T06:32:19Z
26.9879039,75.8514250,2020-02-20T06:32:24Z
26.9879116,75.8514465,2020-02-20T06:32:30Z
26.9879163,75.8514856,2020-02-20T06:32:35Z
26.9879234,75.8515029,2020-02-20T06:32:41Z
26.9879210,75.8515447,2020-02-20T06:32:47Z
26.9879007,75.8515848,2020-02-20T06:32:53Z
26.9879109,75.8516170,2020-02-20T06:32:58Z
26.9879237,75.8516523,2020-02-20T06:33:04Z
26.9879258,75.8516930,2020-02-20T06:33:10Z
26.9879167,75.8517155,2020-02-20T06:33:15Z
26.9879010,75.8517353,2020-02-20T06:33:21Z
26.9878828,75.8517450,2020-02-20T06:33:26Z
26.9878468,75.8517609,2020-02-20T06:33:31Z
26.9878038,75.8517828,2020-02-20T06:33:37Z
26.9877866,75.8517905,2020-02-20T06:33:43Z
26.9877553,75.8517820,2020-02-20T06:33:48Z
26.9876872,75.8517826,2020-02-20T06:33:54Z
26.9876212,75.8517984,2020-02-20T06:34:00Z
26.9875662,75.8517894,2020-02-20T06:34:06Z
26.9874981,75.8517556,2020-02-20T06:34:12Z
26.9874527,75.8517111,2020-02-20T06:34:18Z
26.9874400,75.8517011,2020-02-20T06:34:23Z
26.9874461,75.8516946,2020-02-20T06:34:29Z
26.9874463,75.8516887,2020-02-20T06:34:35Z
26.9874413,75.8516784,2020-02-20T06:34:40Z
26.9874427,75.8516744,2020-02-20T06:34:45Z
26.9874400,75.8516761,2020-02-20T06:34:51Z
26.9874371,75.8516713,2020-02-20T06:34:56Z
26.9874335,75.8516653,2020-02-20T06:35:01Z
26.9874317,75.8516650,2020-02-20T06:35:06Z
26.9874317,75.8516649,2020-02-20T06:35:11Z
26.9874323,75.8516636,2020-02-20T06:35:17Z
26.9874292,75.8516706,2020-02-20T06:35:23Z
26.9874281,75.8516710,2020-02-20T06:35:29Z
26.9874280,75.8516711,2020-02-20T06:35:34Z
26.9874279,75.8516713,2020-02-20T06:35:39Z
26.9874278,75.8516712,2020-02-20T06:35:45Z
26.9874278,75.8516712,2020-02-20T06:35:50Z
26.9874278,75.8516711,2020-02-20T06:35:56Z
26.9874278,75.8516711,2020-02-20T06:36:02Z
26.9874278,75.8516711,2020-02-20T06:36:07Z
26.9874277,75.8516709,2020-02-20T06:36:13Z
26.9874276,75.8516710,2020-02-20T06:36:19Z
26.9874276,75.8516710,2020-02-20T06:36:24Z
26.9874340,75.8517028,2020-02-20T06:36:30Z
26.9875154,75.8517648,2020-02-20T06:36:36Z
26.9875660,75.8517838,2020-02-20T06:36:42Z
26.9876050,75.8517959,2020-02-20T06:36:47Z
26.9877033,75.8518132,2020-02-20T06:36:53Z
26.9877474,75.8518106,2020-02-20T06:36:58Z
26.9877810,75.8518265,2020-02-20T06:37:04Z
26.9877907,75.8518251,2020-02-20T06:37:10Z
26.9877917,75.8518232,2020-02-20T06:37:15Z
26.9877930,75.8518237,2020-02-20T06:37:21Z
26.9877930,75.8518239,2020-02-20T06:37:26Z
26.9877929,75.8518243,2020-02-20T06:37:32Z
26.9877929,75.8518243,2020-02-20T06:37:37Z
26.9877929,75.8518243,2020-02-20T06:37:43Z
26.9877929,75.8518244,2020-02-20T06:37:48Z
26.9877929,75.8518243,2020-02-20T06:37:54Z
26.9877929,75.8518243,2020-02-20T06:37:59Z
26.9877929,75.8518243,2020-02-20T06:38:05Z
26.9877929,75.8518244,2020-02-20T06:38:10Z
26.9878215,75.8518187,2020-02-20T06:38:16Z
26.9878962,75.8517878,2020-02-20T06:38:21Z
26.9879388,75.8518015,2020-02-20T06:38:26Z
26.9879396,75.8517972,2020-02-20T06:38:32Z
26.9879533,75.8518643,2020-02-20T06:38:38Z
26.9879187,75.8519462,2020-02-20T06:38:43Z
26.9878068,75.8519916,2020-02-20T06:38:49Z
26.9876749,75.8520180,2020-02-20T06:38:54Z
26.9875460,75.8520436,2020-02-20T06:39:00Z
26.9874367,75.8520607,2020-02-20T06:39:05Z
26.9873148,75.8520304,2020-02-20T06:39:11Z
26.9871423,75.8519640,2020-02-20T06:39:17Z
26.9870898,75.8519588,2020-02-20T06:39:22Z
26.9871282,75.8520605,2020-02-20T06:39:28Z
26.9872553,75.8521531,2020-02-20T06:39:34Z
26.9873910,75.8522415,2020-02-20T06:39:40Z
26.9875077,75.8523512,2020-02-20T06:39:46Z
26.9876731,75.8524710,2020-02-20T06:39:52Z
26.9878444,75.8525740,2020-02-20T06:39:58Z
26.9880565,75.8526755,2020-02-20T06:40:04Z
26.9882391,75.8527596,2020-02-20T06:40:10Z
26.9884080,75.8528381,2020-02-20T06:40:15Z
26.9885780,75.8528864,2020-02-20T06:40:21Z
26.9887074,75.8529809,2020-02-20T06:40:27Z
26.9887944,75.8530345,2020-02-20T06:40:32Z
26.9888627,75.8530933,2020-02-20T06:40:38Z
26.9889027,75.8531446,2020-02-20T06:40:44Z
26.9889021,75.8531376,2020-02-20T06:40:49Z
26.9889671,75.8531870,2020-02-20T06:40:55Z
26.9890643,75.8532621,2020-02-20T06:41:01Z
26.9891238,75.8533266,2020-02-20T06:41:07Z
26.9891061,75.8535022,2020-02-20T06:41:13Z
26.9890125,75.8536877,2020-02-20T06:41:19Z
26.9888697,75.8538900,2020-02-20T06:41:24Z
26.9886849,75.8541194,2020-02-20T06:41:30Z
26.9885884,75.8543022,2020-02-20T06:41:36Z
26.9884901,75.8544528,2020-02-20T06:41:41Z
26.9884517,75.8546236,2020-02-20T06:41:47Z
26.9884160,75.8548025,2020-02-20T06:41:53Z
26.9883968,75.8549729,2020-02-20T06:41:58Z
26.9883781,75.8551829,2020-02-20T06:42:03Z
26.9883373,75.8552909,2020-02-20T06:42:08Z
26.9883288,75.8552950,2020-02-20T06:42:14Z
26.9883262,75.8552917,2020-02-20T06:42:20Z
26.9883260,75.8552935,2020-02-20T06:42:26Z
26.9883214,75.8552956,2020-02-20T06:42:32Z
26.9883117,75.8553039,2020-02-20T06:42:38Z
26.9882559,75.8553348,2020-02-20T06:42:43Z
26.9880370,75.8552032,2020-02-20T06:42:49Z
26.9878445,75.8550747,2020-02-20T06:42:54Z
26.9876760,75.8549032,2020-02-20T06:43:00Z
26.9875042,75.8547386,2020-02-20T06:43:05Z
26.9873438,75.8546143,2020-02-20T06:43:11Z
26.9871559,75.8544533,2020-02-20T06:43:16Z
26.9869058,75.8543169,2020-02-20T06:43:22Z
26.9867369,75.8541946,2020-02-20T06:43:28Z
26.9864640,75.8540478,2020-02-20T06:43:34Z
26.9861784,75.8539719,2020-02-20T06:43:40Z
26.9859304,75.8539955,2020-02-20T06:43:46Z
26.9857139,75.8540277,2020-02-20T06:43:51Z
26.9854961,75.8540375,2020-02-20T06:43:57Z
26.9852197,75.8540087,2020-02-20T06:44:03Z
26.9849215,75.8539689,2020-02-20T06:44:09Z
26.9845906,75.8538885,2020-02-20T06:44:14Z
26.9841626,75.8537375,2020-02-20T06:44:20Z
26.9836817,75.8535509,2020-02-20T06:44:26Z
26.9833110,75.8533810,2020-02-20T06:44:31Z
26.9829097,75.8531151,2020-02-20T06:44:37Z
26.9824998,75.8529086,2020-02-20T06:44:43Z
26.9819956,75.8527964,2020-02-20T06:44:49Z
26.9814595,75.8526412,2020-02-20T06:44:55Z
26.9809390,75.8525537,2020-02-20T06:45:01Z
26.9804558,75.8525028,2020-02-20T06:45:07Z
26.9801213,75.8524874,2020-02-20T06:45:12Z
26.9799325,75.8524954,2020-02-20T06:45:18Z
26.9797413,75.8524719,2020-02-20T06:45:23Z
26.9796098,75.8524632,2020-02-20T06:45:29Z
26.9792516,75.8524099,2020-02-20T06:45:35Z
26.9787451,75.8523193,2020-02-20T06:45:41Z
26.9782138,75.8522158,2020-02-20T06:45:47Z
26.9777033,75.8521222,2020-02-20T06:45:52Z
26.9771793,75.8519907,2020-02-20T06:45:57Z
26.9766636,75.8517694,2020-02-20T06:46:03Z
26.9762584,75.8514374,2020-02-20T06:46:09Z
26.9757986,75.8512077,2020-02-20T06:46:15Z
26.9753805,75.8513518,2020-02-20T06:46:21Z
26.9750330,75.8515764,2020-02-20T06:46:26Z
26.9746412,75.8517157,2020-02-20T06:46:31Z
26.9741966,75.8518113,2020-02-20T06:46:37Z
26.9737103,75.8518221,2020-02-20T06:46:43Z
26.9733310,75.8517059,2020-02-20T06:46:48Z
26.9729396,75.8516971,2020-02-20T06:46:53Z
26.9724734,75.8517604,2020-02-20T06:46:59Z
26.9719746,75.8516775,2020-02-20T06:47:05Z
26.9714842,75.8516197,2020-02-20T06:47:11Z
26.9710907,75.8516287,2020-02-20T06:47:17Z
26.9706854,75.8514924,2020-02-20T06:47:23Z
26.9704821,75.8513136,2020-02-20T06:47:28Z
26.9702458,75.8511965,2020-02-20T06:47:33Z
26.9700572,75.8509566,2020-02-20T06:47:39Z
26.9700642,75.8506600,2020-02-20T06:47:44Z
26.9701226,75.8503024,2020-02-20T06:47:49Z
26.9701669,75.8498541,2020-02-20T06:47:55Z
26.9699290,75.8494291,2020-02-20T06:48:01Z
26.9695941,75.8492064,2020-02-20T06:48:07Z
26.9692111,75.8491628,2020-02-20T06:48:13Z
26.9689283,75.8491439,2020-02-20T06:48:18Z
26.9685324,75.8490055,2020-02-20T06:48:24Z
26.9681928,75.8486096,2020-02-20T06:48:29Z
26.9679414,75.8480578,2020-02-20T06:48:35Z
26.9676156,75.8476056,2020-02-20T06:48:41Z
26.9672423,75.8471002,2020-02-20T06:48:47Z
26.9669804,75.8467458,2020-02-20T06:48:52Z
26.9667206,75.8465069,2020-02-20T06:48:58Z
26.9663241,75.8464813,2020-02-20T06:49:04Z
26.9660335,75.8464885,2020-02-20T06:49:09Z
26.9656985,75.8464981,2020-02-20T06:49:15Z
26.9654164,75.8465730,2020-02-20T06:49:20Z
26.9651742,75.8466235,2020-02-20T06:49:25Z
26.9648862,75.8467513,2020-02-20T06:49:31Z
26.9645930,75.8467631,2020-02-20T06:49:37Z
26.9642481,75.8466935,2020-02-20T06:49:42Z
26.9639026,75.8465318,2020-02-20T06:49:48Z
26.9636189,75.8463885,2020-02-20T06:49:53Z
26.9633550,75.8462418,2020-02-20T06:49:59Z
26.9629988,75.8460923,2020-02-20T06:50:05Z
26.9625340,75.8459002,2020-02-20T06:50:11Z
26.9621313,75.8457104,2020-02-20T06:50:16Z
26.9616453,75.8454786,2020-02-20T06:50:22Z
26.9611695,75.8452834,2020-02-20T06:50:28Z
26.9607439,75.8451048,2020-02-20T06:50:34Z
26.9602988,75.8450141,2020-02-20T06:50:40Z
26.9598882,75.8448884,2020-02-20T06:50:46Z
26.9594945,75.8447205,2020-02-20T06:50:52Z
26.9591994,75.8445718,2020-02-20T06:50:57Z
26.9589592,75.8444735,2020-02-20T06:51:02Z
26.9587545,75.8444059,2020-02-20T06:51:08Z
26.9586916,75.8443730,2020-02-20T06:51:13Z
26.9586442,75.8444087,2020-02-20T06:51:19Z
26.9586505,75.8443921,2020-02-20T06:51:24Z
26.9586542,75.8444017,2020-02-20T06:51:30Z
26.9586576,75.8444109,2020-02-20T06:51:36Z
26.9586593,75.8444119,2020-02-20T06:51:42Z
26.9586582,75.8444119,2020-02-20T06:51:47Z
26.9586575,75.8444124,2020-02-20T06:51:53Z
26.9586575,75.8444127,2020-02-20T06:51:59Z
26.9586578,75.8444129,2020-02-20T06:52:04Z
26.9586578,75.8444127,2020-02-20T06:52:10Z
26.9586578,75.8444127,2020-02-20T06:52:15Z
26.9586578,75.8444127,2020-02-20T06:52:20Z
26.9586578,75.8444126,2020-02-20T06:52:26Z
26.9586577,75.8444127,2020-02-20T06:52:31Z
26.9586576,75.8444127,2020-02-20T06:52:37Z
26.9586575,75.8444128,2020-02-20T06:52:42Z
26.9586574,75.8444129,2020-02-20T06:52:48Z
26.9586573,75.8444130,2020-02-20T06:52:54Z
26.9586572,75.8444130,2020-02-20T06:52:59Z
26.9586571,75.8444130,2020-02-20T06:53:04Z
26.9586571,75.8444130,2020-02-20T06:53:10Z
26.9586570,75.8444130,2020-02-20T06:53:16Z
26.9586569,75.8444129,2020-02-20T06:53:21Z
26.9586568,75.8444129,2020-02-20T06:53:27Z
26.9586568,75.8444131,2020-02-20T06:53:32Z
26.9586568,75.8444131,2020-02-20T06:53:38Z
26.9586568,75.8444132,2020-02-20T06:53:44Z
26.9586568,75.8444133,2020-02-20T06:53:49Z
26.9586566,75.8444135,2020-02-20T06:53:55Z
26.9586567,75.8444137,2020-02-20T06:54:00Z
26.9586568,75.8444139,2020-02-20T06:54:06Z
26.9586568,75.8444141,2020-02-20T06:54:11Z
26.9586567,75.8444140,2020-02-20T06:54:17Z
26.9586567,75.8444141,2020-02-20T06:54:22Z
26.9586567,75.8444141,2020-02-20T06:54:28Z
26.9586567,75.8444143,2020-02-20T06:54:34Z
26.9586567,75.8444145,2020-02-20T06:54:40Z
26.9586567,75.8444145,2020-02-20T06:54:45Z
26.9586567,75.8444144,2020-02-20T06:54:51Z
26.9586567,75.8444146,2020-02-20T06:54:57Z
26.9586567,75.8444147,2020-02-20T06:55:03Z
26.9586568,75.8444147,2020-02-20T06:55:09Z
26.9586568,75.8444148,2020-02-20T06:55:15Z
26.9586569,75.8444148,2020-02-20T06:55:21Z
26.9586568,75.8444146,2020-02-20T06:55:26Z
26.9586568,75.8444146,2020-02-20T06:55:32Z
26.9586568,75.8444145,2020-02-20T06:55:37Z
26.9586569,75.8444146,2020-02-20T06:55:42Z
26.9586569,75.8444146,2020-02-20T06:55:47Z
26.9586569,75.8444146,2020-02-20T06:55:52Z
26.9586570,75.8444147,2020-02-20T06:55:58Z
26.9586570,75.8444147,2020-02-20T06:56:04Z
26.9586570,75.8444146,2020-02-20T06:56:09Z
26.9586571,75.8444144,2020-02-20T06:56:15Z
26.9586571,75.8444143,2020-02-20T06:56:21Z
26.9586572,75.8444143,2020-02-20T06:56:27Z
26.9586572,75.8444143,2020-02-20T06:56:32Z
26.9586572,75.8444144,2020-02-20T06:56:38Z
26.9586571,75.8444144,2020-02-20T06:56:44Z
26.9586571,75.8444144,2020-02-20T06:56:50Z
26.9586570,75.8444145,2020-02-20T06:56:56Z
26.9586606,75.8444080,2020-02-20T06:57:01Z
26.9586646,75.8443898,2020-02-20T06:57:07Z
26.9586648,75.8443964,2020-02-20T06:57:13Z
26.9586692,75.8443919,2020-02-20T06:57:19Z
26.9586494,75.8443670,2020-02-20T06:57:24Z
26.9586521,75.8442819,2020-02-20T06:57:30Z
26.9586289,75.8442224,2020-02-20T06:57:36Z
26.9586379,75.8441579,2020-02-20T06:57:41Z
26.9586808,75.8441002,2020-02-20T06:57:47Z
26.9587217,75.8440698,2020-02-20T06:57:53Z
26.9587562,75.8440337,2020-02-20T06:57:58Z
26.9588117,75.8439835,2020-02-20T06:58:04Z
26.9588452,75.8439393,2020-02-20T06:58:09Z
26.9588794,75.8438777,2020-02-20T06:58:15Z
26.9589032,75.8438198,2020-02-20T06:58:20Z
26.9589386,75.8437518,2020-02-20T06:58:26Z
26.9589704,75.8436888,2020-02-20T06:58:32Z
26.9589960,75.8436187,2020-02-20T06:58:38Z
26.9590203,75.8435584,2020-02-20T06:58:43Z
26.9590405,75.8435095,2020-02-20T06:58:48Z
26.9590691,75.8434608,2020-02-20T06:58:54Z
26.9590585,75.8434547,2020-02-20T06:58:59Z
26.9590503,75.8434474,2020-02-20T06:59:05Z
26.9590497,75.8434488,2020-02-20T06:59:10Z
26.9590498,75.8434496,2020-02-20T06:59:15Z
26.9590499,75.8434495,2020-02-20T06:59:21Z
26.9590503,75.8434497,2020-02-20T06:59:26Z
26.9590508,75.8434504,2020-02-20T06:59:32Z
26.9590508,75.8434506,2020-02-20T06:59:38Z
26.9590509,75.8434506,2020-02-20T06:59:43Z
26.9590509,75.8434506,2020-02-20T06:59:48Z
26.9590508,75.8434506,2020-02-20T06:59:54Z
26.9590508,75.8434506,2020-02-20T06:59:59Z
26.9590509,75.8434506,2020-02-20T07:00:05Z
26.9590508,75.8434506,2020-02-20T07:00:11Z
26.9590508,75.8434506,2020-02-20T07:00:16Z
26.9590509,75.8434506,2020-02-20T07:00:21Z
26.9590509,75.8434506,2020-02-20T07:00:27Z
26.9590509,75.8434506,2020-02-20T07:00:33Z
26.9590508,75.8434504,2020-02-20T07:00:39Z
26.9590507,75.8434504,2020-02-20T07:00:45Z
26.9590507,75.8434503,2020-02-20T07:00:51Z
26.9590506,75.8434503,2020-02-20T07:00:56Z
26.9590505,75.8434503,2020-02-20T07:01:02Z
26.9590504,75.8434503,2020-02-20T07:01:07Z
26.9590504,75.8434503,2020-02-20T07:01:13Z
26.9590503,75.8434503,2020-02-20T07:01:19Z
26.9590502,75.8434503,2020-02-20T07:01:25Z
26.9590502,75.8434504,2020-02-20T07:01:30Z
26.9590505,75.8434508,2020-02-20T07:01:36Z
26.9590504,75.8434508,2020-02-20T07:01:42Z
26.9590505,75.8434509,2020-02-20T07:01:48Z
26.9590505,75.8434510,2020-02-20T07:01:53Z
26.9590504,75.8434509,2020-02-20T07:01:59Z
26.9590503,75.8434509,2020-02-20T07:02:05Z
26.9590501,75.8434508,2020-02-20T07:02:11Z
26.9590500,75.8434507,2020-02-20T07:02:16Z
26.9590499,75.8434507,2020-02-20T07:02:22Z
26.9590498,75.8434507,2020-02-20T07:02:27Z
26.9590497,75.8434507,2020-02-20T07:02:33Z
26.9590496,75.8434508,2020-02-20T07:02:39Z
26.9590496,75.8434508,2020-02-20T07:02:44Z
26.9590496,75.8434491,2020-02-20T07:02:49Z
26.9590417,75.8434918,2020-02-20T07:02:54Z
26.9590415,75.8434943,2020-02-20T07:03:00Z
26.9590420,75.8434940,2020-02-20T07:03:06Z
26.9590419,75.8434948,2020-02-20T07:03:11Z
26.9590418,75.8434956,2020-02-20T07:03:17Z
26.9590418,75.8434962,2020-02-20T07:03:23Z
26.9591076,75.8432875,2020-02-20T07:10:46Z
26.9590475,75.8434104,2020-02-20T07:10:52Z
26.9589941,75.8434064,2020-02-20T07:10:57Z
26.9589820,75.8434598,2020-02-20T07:11:03Z
26.9589679,75.8435090,2020-02-20T07:11:08Z
26.9589481,75.8435653,2020-02-20T07:11:14Z
26.9589188,75.8436124,2020-02-20T07:11:19Z
26.9589058,75.8436653,2020-02-20T07:11:25Z
26.9588917,75.8437113,2020-02-20T07:11:30Z
26.9588752,75.8437588,2020-02-20T07:11:35Z
26.9588612,75.8438210,2020-02-20T07:11:41Z
26.9588507,75.8438688,2020-02-20T07:11:46Z
26.9588278,75.8439253,2020-02-20T07:11:51Z
26.9588029,75.8439641,2020-02-20T07:11:56Z
26.9588084,75.8439807,2020-02-20T07:12:02Z
26.9588080,75.8439868,2020-02-20T07:12:08Z
26.9588137,75.8439837,2020-02-20T07:12:14Z
26.9588157,75.8439782,2020-02-20T07:12:20Z
26.9588140,75.8439792,2020-02-20T07:12:25Z
26.9588140,75.8439792,2020-02-20T07:12:30Z
26.9588140,75.8439793,2020-02-20T07:12:35Z
26.9588140,75.8439794,2020-02-20T07:12:40Z
26.9588139,75.8439796,2020-02-20T07:12:46Z
26.9588137,75.8439800,2020-02-20T07:12:51Z
26.9588047,75.8439818,2020-02-20T07:12:56Z
26.9587874,75.8439839,2020-02-20T07:13:01Z
26.9587407,75.8440127,2020-02-20T07:13:07Z
26.9586938,75.8440513,2020-02-20T07:13:13Z
26.9586620,75.8440819,2020-02-20T07:13:19Z
26.9586297,75.8441584,2020-02-20T07:13:25Z
26.9586156,75.8442187,2020-02-20T07:13:30Z
26.9586292,75.8443001,2020-02-20T07:13:36Z
26.9586412,75.8443495,2020-02-20T07:13:41Z
26.9586618,75.8443954,2020-02-20T07:13:46Z
26.9586653,75.8444240,2020-02-20T07:13:51Z
26.9586658,75.8444228,2020-02-20T07:13:56Z
26.9586656,75.8444256,2020-02-20T07:14:02Z
26.9586650,75.8444264,2020-02-20T07:14:08Z
26.9586650,75.8444264,2020-02-20T07:14:13Z
26.9586650,75.8444265,2020-02-20T07:14:19Z
26.9586650,75.8444265,2020-02-20T07:14:25Z
26.9586649,75.8444265,2020-02-20T07:14:30Z
26.9586649,75.8444265,2020-02-20T07:14:36Z
26.9586649,75.8444265,2020-02-20T07:14:41Z
26.9586649,75.8444265,2020-02-20T07:14:46Z
26.9586649,75.8444265,2020-02-20T07:14:52Z
26.9586649,75.8444265,2020-02-20T07:14:57Z
26.9586649,75.8444265,2020-02-20T07:15:02Z
26.9586648,75.8444265,2020-02-20T07:15:07Z
26.9586649,75.8444265,2020-02-20T07:15:13Z
26.9586649,75.8444266,2020-02-20T07:15:18Z
26.9586728,75.8444206,2020-02-20T07:15:24Z
26.9586881,75.8444282,2020-02-20T07:15:29Z
26.9585924,75.8443729,2020-02-20T07:15:35Z
26.9583503,75.8442083,2020-02-20T07:15:41Z
26.9579823,75.8439871,2020-02-20T07:15:47Z
26.9575559,75.8437733,2020-02-20T07:15:53Z
26.9571224,75.8435722,2020-02-20T07:15:58Z
26.9566473,75.8433482,2020-02-20T07:16:04Z
26.9561287,75.8431304,2020-02-20T07:16:10Z
26.9556592,75.8429304,2020-02-20T07:16:16Z
26.9554289,75.8428777,2020-02-20T07:16:21Z
26.9551166,75.8428140,2020-02-20T07:16:26Z
26.9546648,75.8426096,2020-02-20T07:16:32Z
26.9543018,75.8425139,2020-02-20T07:16:37Z
26.9541080,75.8424905,2020-02-20T07:16:43Z
26.9539951,75.8424296,2020-02-20T07:16:48Z
26.9537396,75.8423150,2020-02-20T07:16:54Z
26.9534474,75.8422900,2020-02-20T07:16:59Z
26.9530263,75.8421456,2020-02-20T07:17:05Z
26.9525894,75.8419955,2020-02-20T07:17:10Z
26.9521188,75.8418538,2020-02-20T07:17:15Z
26.9516749,75.8417502,2020-02-20T07:17:20Z
26.9512836,75.8416696,2020-02-20T07:17:25Z
26.9507201,75.8414679,2020-02-20T07:17:31Z
26.9502480,75.8413237,2020-02-20T07:17:36Z
26.9497123,75.8411018,2020-02-20T07:17:42Z
26.9491905,75.8409477,2020-02-20T07:17:48Z
26.9487239,75.8408461,2020-02-20T07:17:54Z
26.9484043,75.8407728,2020-02-20T07:17:59Z
26.9480743,75.8406846,2020-02-20T07:18:05Z
26.9477576,75.8406023,2020-02-20T07:18:10Z
26.9473877,75.8404070,2020-02-20T07:18:16Z
26.9471641,75.8403360,2020-02-20T07:18:21Z
26.9469530,75.8402962,2020-02-20T07:18:26Z
26.9468152,75.8402660,2020-02-20T07:18:31Z
26.9466768,75.8402475,2020-02-20T07:18:37Z
26.9464678,75.8402016,2020-02-20T07:18:43Z
26.9463595,75.8401660,2020-02-20T07:18:49Z
26.9462086,75.8401338,2020-02-20T07:18:54Z
26.9460718,75.8400621,2020-02-20T07:19:00Z
26.9459865,75.8400619,2020-02-20T07:19:05Z
26.9457793,75.8400059,2020-02-20T07:19:10Z
26.9454821,75.8399350,2020-02-20T07:19:16Z
26.9451482,75.8398444,2020-02-20T07:19:22Z
26.9447199,75.8397471,2020-02-20T07:19:27Z
26.9443296,75.8396878,2020-02-20T07:19:33Z
26.9441285,75.8396593,2020-02-20T07:19:38Z
26.9439526,75.8395956,2020-02-20T07:19:44Z
26.9437400,75.8395492,2020-02-20T07:19:51Z
26.9433597,75.8394690,2020-02-20T07:19:56Z
26.9429185,75.8393815,2020-02-20T07:20:02Z
26.9425820,75.8392474,2020-02-20T07:20:07Z
26.9422647,75.8390597,2020-02-20T07:20:12Z
26.9420088,75.8388855,2020-02-20T07:20:17Z
26.9417128,75.8386998,2020-02-20T07:20:23Z
26.9413966,75.8384858,2020-02-20T07:20:29Z
26.9409969,75.8382104,2020-02-20T07:20:34Z
26.9406829,75.8380067,2020-02-20T07:20:39Z
26.9403295,75.8377766,2020-02-20T07:20:45Z
26.9400500,75.8375545,2020-02-20T07:20:51Z
26.9397771,75.8373706,2020-02-20T07:20:56Z
26.9395843,75.8372012,2020-02-20T07:21:01Z
26.9393952,75.8370431,2020-02-20T07:21:07Z
26.9392996,75.8369586,2020-02-20T07:21:12Z
26.9390098,75.8367147,2020-02-20T07:21:17Z
26.9386926,75.8363846,2020-02-20T07:21:22Z
26.9384076,75.8360767,2020-02-20T07:21:28Z
26.9381923,75.8358394,2020-02-20T07:21:33Z
26.9379490,75.8355811,2020-02-20T07:21:39Z
26.9376740,75.8353178,2020-02-20T07:21:45Z
26.9374514,75.8351159,2020-02-20T07:21:51Z
26.9372181,75.8348726,2020-02-20T07:21:56Z
26.9370941,75.8347415,2020-02-20T07:22:02Z
26.9370001,75.8346550,2020-02-20T07:22:07Z
26.9369981,75.8346623,2020-02-20T07:22:13Z
26.9369444,75.8346142,2020-02-20T07:22:18Z
26.9367504,75.8344310,2020-02-20T07:22:23Z
26.9364288,75.8341666,2020-02-20T07:22:28Z
26.9361064,75.8338844,2020-02-20T07:22:33Z
26.9357696,75.8336744,2020-02-20T07:22:39Z
26.9355130,75.8335588,2020-02-20T07:22:44Z
26.9351458,75.8334133,2020-02-20T07:22:51Z
26.9347766,75.8333132,2020-02-20T07:22:57Z
26.9344103,75.8332198,2020-02-20T07:23:03Z
26.9340398,75.8331408,2020-02-20T07:23:08Z
26.9337236,75.8330451,2020-02-20T07:23:13Z
26.9334460,75.8329909,2020-02-20T07:23:19Z
26.9331466,75.8328907,2020-02-20T07:23:25Z
26.9328245,75.8327932,2020-02-20T07:23:30Z
26.9325754,75.8327286,2020-02-20T07:23:36Z
26.9323682,75.8326588,2020-02-20T07:23:41Z
26.9321139,75.8325527,2020-02-20T07:23:46Z
26.9318346,75.8324794,2020-02-20T07:23:52Z
26.9314844,75.8323883,2020-02-20T07:23:57Z
26.9312251,75.8323119,2020-02-20T07:24:03Z
26.9308140,75.8322050,2020-02-20T07:24:08Z
26.9305161,75.8321096,2020-02-20T07:24:13Z
26.9303598,75.8320759,2020-02-20T07:24:18Z
26.9301180,75.8320112,2020-02-20T07:24:24Z
26.9299990,75.8319793,2020-02-20T07:24:30Z
26.9299279,75.8319551,2020-02-20T07:24:35Z
26.9297070,75.8318871,2020-02-20T07:24:41Z
26.9294134,75.8318348,2020-02-20T07:24:46Z
26.9291800,75.8318132,2020-02-20T07:24:52Z
26.9291290,75.8315562,2020-02-20T07:24:58Z
26.9292162,75.8312519,2020-02-20T07:25:04Z
26.9292925,75.8309424,2020-02-20T07:25:10Z
26.9293519,75.8306775,2020-02-20T07:25:16Z
26.9294485,75.8305041,2020-02-20T07:25:21Z
26.9295342,75.8302884,2020-02-20T07:25:27Z
26.9295878,75.8300248,2020-02-20T07:25:32Z
26.9296181,75.8298061,2020-02-20T07:25:37Z
26.9296418,75.8295317,2020-02-20T07:25:42Z
26.9296707,75.8292244,2020-02-20T07:25:48Z
26.9297354,75.8289633,2020-02-20T07:25:55Z
26.9296664,75.8287538,2020-02-20T07:26:00Z
26.9294793,75.8286861,2020-02-20T07:26:06Z
26.9293678,75.8286563,2020-02-20T07:26:11Z
26.9293079,75.8286350,2020-02-20T07:26:16Z
26.9292587,75.8286152,2020-02-20T07:26:22Z
26.9292108,75.8286102,2020-02-20T07:26:28Z
26.9290113,75.8285529,2020-02-20T07:26:34Z
26.9286862,75.8284507,2020-02-20T07:26:39Z
26.9284634,75.8283863,2020-02-20T07:26:44Z
26.9282057,75.8283264,2020-02-20T07:26:50Z
26.9279870,75.8282587,2020-02-20T07:26:55Z
26.9275442,75.8281381,2020-02-20T07:27:01Z
26.9271668,75.8280390,2020-02-20T07:27:06Z
26.9268700,75.8279644,2020-02-20T07:27:12Z
26.9266674,75.8278995,2020-02-20T07:27:19Z
26.9263068,75.8278073,2020-02-20T07:27:24Z
26.9261311,75.8277250,2020-02-20T07:27:29Z
26.9261157,75.8277098,2020-02-20T07:27:35Z
26.9261133,75.8275780,2020-02-20T07:27:41Z
26.9261556,75.8273128,2020-02-20T07:27:47Z
26.9261842,75.8270523,2020-02-20T07:27:52Z
26.9261983,75.8268514,2020-02-20T07:27:58Z
26.9261993,75.8268053,2020-02-20T07:28:03Z
26.9262114,75.8268100,2020-02-20T07:28:09Z
26.9262038,75.8268014,2020-02-20T07:28:14Z
26.9262046,75.8268019,2020-02-20T07:28:20Z
26.9262064,75.8268036,2020-02-20T07:28:26Z
26.9262070,75.8268040,2020-02-20T07:28:31Z
26.9262074,75.8268043,2020-02-20T07:28:37Z
26.9262073,75.8268042,2020-02-20T07:28:42Z
26.9262074,75.8268042,2020-02-20T07:28:47Z
26.9262074,75.8268042,2020-02-20T07:28:52Z
26.9262076,75.8268044,2020-02-20T07:28:57Z
26.9262143,75.8267942,2020-02-20T07:29:03Z
26.9262355,75.8267847,2020-02-20T07:29:08Z
26.9262375,75.8267609,2020-02-20T07:29:14Z
26.9262385,75.8267590,2020-02-20T07:29:19Z
26.9262385,75.8267591,2020-02-20T07:29:25Z
26.9262329,75.8267190,2020-02-20T07:29:30Z
26.9262331,75.8266987,2020-02-20T07:29:35Z
26.9262473,75.8263758,2020-02-20T07:29:41Z
26.9263612,75.8260379,2020-02-20T07:29:46Z
26.9264247,75.8257724,2020-02-20T07:29:52Z
26.9265000,75.8255358,2020-02-20T07:29:58Z
26.9265542,75.8252441,2020-02-20T07:30:04Z
26.9265583,75.8251376,2020-02-20T07:30:10Z
26.9265536,75.8251270,2020-02-20T07:30:15Z
26.9265605,75.8251210,2020-02-20T07:30:20Z
26.9265738,75.8251304,2020-02-20T07:30:26Z
26.9265746,75.8251296,2020-02-20T07:30:32Z
26.9265745,75.8251310,2020-02-20T07:30:38Z
26.9265765,75.8251331,2020-02-20T07:30:43Z
26.9265769,75.8251338,2020-02-20T07:30:49Z
26.9265668,75.8251172,2020-02-20T07:30:55Z
26.9265543,75.8251104,2020-02-20T07:31:00Z
26.9265564,75.8251230,2020-02-20T07:31:05Z
26.9265566,75.8251245,2020-02-20T07:31:10Z
26.9265678,75.8251341,2020-02-20T07:31:16Z
26.9265690,75.8251538,2020-02-20T07:31:22Z
26.9265694,75.8251614,2020-02-20T07:31:27Z
26.9265410,75.8251715,2020-02-20T07:31:33Z
26.9265412,75.8251739,2020-02-20T07:31:38Z
26.9265430,75.8251722,2020-02-20T07:31:44Z
26.9265397,75.8251716,2020-02-20T07:31:49Z
26.9265444,75.8251620,2020-02-20T07:31:55Z
26.9265501,75.8251587,2020-02-20T07:32:00Z
26.9265494,75.8251521,2020-02-20T07:32:06Z
26.9265657,75.8251232,2020-02-20T07:32:11Z
26.9265807,75.8251020,2020-02-20T07:32:17Z
26.9265946,75.8250571,2020-02-20T07:32:22Z
26.9266233,75.8250352,2020-02-20T07:32:27Z
26.9266332,75.8250260,2020-02-20T07:32:32Z
26.9266451,75.8250289,2020-02-20T07:32:38Z
26.9266468,75.8250260,2020-02-20T07:32:43Z
26.9266706,75.8249825,2020-02-20T07:32:49Z
26.9266861,75.8249428,2020-02-20T07:32:54Z
26.9266792,75.8249187,2020-02-20T07:33:00Z
26.9266711,75.8248630,2020-02-20T07:33:06Z
26.9266741,75.8248338,2020-02-20T07:33:11Z
26.9266700,75.8248082,2020-02-20T07:33:17Z
26.9266826,75.8248362,2020-02-20T07:33:23Z
26.9266830,75.8248412,2020-02-20T07:33:28Z
26.9266828,75.8248408,2020-02-20T07:33:34Z
26.9266225,75.8248166,2020-02-20T07:33:40Z
26.9266348,75.8248220,2020-02-20T07:33:46Z
26.9266482,75.8248246,2020-02-20T07:33:51Z
26.9266459,75.8248230,2020-02-20T07:33:57Z
26.9266457,75.8248228,2020-02-20T07:34:02Z
26.9266457,75.8248228,2020-02-20T07:34:07Z
26.9266459,75.8248229,2020-02-20T07:34:12Z
26.9266459,75.8248228,2020-02-20T07:34:17Z
26.9266462,75.8248231,2020-02-20T07:34:23Z
26.9266491,75.8248254,2020-02-20T07:34:29Z
26.9266483,75.8248239,2020-02-20T07:34:34Z
26.9266480,75.8248234,2020-02-20T07:34:40Z
26.9266462,75.8248194,2020-02-20T07:34:45Z
26.9266475,75.8248174,2020-02-20T07:34:51Z
26.9266484,75.8248172,2020-02-20T07:34:57Z
26.9266494,75.8248165,2020-02-20T07:35:02Z
26.9266496,75.8248163,2020-02-20T07:35:07Z
26.9266493,75.8248163,2020-02-20T07:35:13Z
26.9266492,75.8248164,2020-02-20T07:35:18Z
26.9266493,75.8248162,2020-02-20T07:35:24Z
26.9266492,75.8248163,2020-02-20T07:35:29Z
26.9266490,75.8248163,2020-02-20T07:35:35Z
26.9266489,75.8248165,2020-02-20T07:35:41Z
26.9266489,75.8248166,2020-02-20T07:35:47Z
26.9266505,75.8248159,2020-02-20T07:35:53Z
26.9266743,75.8248108,2020-02-20T07:35:58Z
26.9266860,75.8248026,2020-02-20T07:36:04Z
26.9266870,75.8248008,2020-02-20T07:36:10Z
26.9266830,75.8247892,2020-02-20T07:36:16Z
26.9266925,75.8247828,2020-02-20T07:36:22Z
26.9266951,75.8247399,2020-02-20T07:36:28Z
26.9266988,75.8247034,2020-02-20T07:36:34Z
26.9267054,75.8246593,2020-02-20T07:36:40Z
26.9267190,75.8246139,2020-02-20T07:36:46Z
26.9267343,75.8246038,2020-02-20T07:36:51Z
26.9267332,75.8245944,2020-02-20T07:36:56Z
26.9267321,75.8245916,2020-02-20T07:37:02Z
26.9267279,75.8245847,2020-02-20T07:37:07Z
26.9267372,75.8245718,2020-02-20T07:37:12Z
26.9267299,75.8245716,2020-02-20T07:37:18Z
26.9267285,75.8245692,2020-02-20T07:37:23Z
26.9267307,75.8245713,2020-02-20T07:37:29Z
26.9267371,75.8245763,2020-02-20T07:37:35Z
26.9267337,75.8245984,2020-02-20T07:37:41Z
26.9267250,75.8246368,2020-02-20T07:37:47Z
26.9267133,75.8246659,2020-02-20T07:37:53Z
26.9267064,75.8247054,2020-02-20T07:37:59Z
26.9267024,75.8247118,2020-02-20T07:38:04Z
26.9267009,75.8247136,2020-02-20T07:38:10Z
26.9267014,75.8247141,2020-02-20T07:38:16Z
26.9267011,75.8247140,2020-02-20T07:38:22Z
26.9267011,75.8247139,2020-02-20T07:38:28Z
26.9266793,75.8247031,2020-02-20T07:38:34Z
26.9266792,75.8247184,2020-02-20T07:38:40Z
26.9266806,75.8247209,2020-02-20T07:38:46Z
26.9266788,75.8247215,2020-02-20T07:38:52Z
26.9266788,75.8247215,2020-02-20T07:38:57Z
26.9266788,75.8247215,2020-02-20T07:39:02Z
26.9266788,75.8247215,2020-02-20T07:39:08Z
26.9266788,75.8247216,2020-02-20T07:39:14Z
26.9266788,75.8247216,2020-02-20T07:39:20Z
26.9266788,75.8247215,2020-02-20T07:39:25Z
26.9266787,75.8247216,2020-02-20T07:39:31Z
26.9266787,75.8247217,2020-02-20T07:39:37Z
26.9266787,75.8247217,2020-02-20T07:39:43Z
26.9266787,75.8247216,2020-02-20T07:39:49Z
26.9266788,75.8247218,2020-02-20T07:39:54Z
26.9266786,75.8247216,2020-02-20T07:39:59Z
26.9266785,75.8247216,2020-02-20T07:40:05Z
26.9266785,75.8247214,2020-02-20T07:40:10Z
26.9266785,75.8247215,2020-02-20T07:40:15Z
26.9266794,75.8247223,2020-02-20T07:40:21Z
26.9266794,75.8247223,2020-02-20T07:40:27Z
26.9266797,75.8247228,2020-02-20T07:40:33Z
26.9266805,75.8247236,2020-02-20T07:40:38Z
26.9266806,75.8247238,2020-02-20T07:40:44Z
26.9266805,75.8247237,2020-02-20T07:40:50Z
26.9266806,75.8247237,2020-02-20T07:40:56Z
26.9266805,75.8247237,2020-02-20T07:41:01Z
26.9266804,75.8247236,2020-02-20T07:41:07Z
26.9266805,75.8247237,2020-02-20T07:41:13Z
26.9266804,75.8247237,2020-02-20T07:41:19Z
26.9266804,75.8247237,2020-02-20T07:41:25Z
26.9266804,75.8247237,2020-02-20T07:41:31Z
26.9266803,75.8247237,2020-02-20T07:41:37Z
26.9266802,75.8247237,2020-02-20T07:41:43Z
26.9266802,75.8247237,2020-02-20T07:41:49Z
26.9266802,75.8247238,2020-02-20T07:41:55Z
26.9266801,75.8247237,2020-02-20T07:42:01Z
26.9266803,75.8247238,2020-02-20T07:42:07Z
26.9266802,75.8247238,2020-02-20T07:42:13Z
26.9266802,75.8247239,2020-02-20T07:42:19Z
26.9266802,75.8247239,2020-02-20T07:42:25Z
26.9266802,75.8247239,2020-02-20T07:42:31Z
26.9266802,75.8247239,2020-02-20T07:42:37Z
26.9266802,75.8247240,2020-02-20T07:42:42Z
26.9266802,75.8247239,2020-02-20T07:42:48Z
26.9266802,75.8247239,2020-02-20T07:42:53Z
26.9266802,75.8247239,2020-02-20T07:42:59Z
26.9266802,75.8247239,2020-02-20T07:43:05Z
26.9266804,75.8247267,2020-02-20T07:43:11Z
26.9266686,75.8247175,2020-02-20T07:43:17Z
26.9266683,75.8247180,2020-02-20T07:43:22Z
26.9266682,75.8247182,2020-02-20T07:43:28Z
26.9266683,75.8247182,2020-02-20T07:43:33Z
26.9266683,75.8247182,2020-02-20T07:43:39Z
26.9266684,75.8247183,2020-02-20T07:43:45Z
26.9266689,75.8247188,2020-02-20T07:43:51Z
26.9266689,75.8247188,2020-02-20T07:43:56Z
26.9266692,75.8247191,2020-02-20T07:44:02Z
26.9266693,75.8247192,2020-02-20T07:44:07Z
26.9266696,75.8247194,2020-02-20T07:44:13Z
26.9266698,75.8247196,2020-02-20T07:44:19Z
26.9266701,75.8247199,2020-02-20T07:44:25Z
26.9266705,75.8247202,2020-02-20T07:44:31Z
26.9266707,75.8247202,2020-02-20T07:44:36Z
26.9266709,75.8247204,2020-02-20T07:44:42Z
26.9266727,75.8247272,2020-02-20T07:44:48Z
26.9266764,75.8247310,2020-02-20T07:44:53Z
26.9266784,75.8247687,2020-02-20T07:44:59Z
26.9266922,75.8248178,2020-02-20T07:45:05Z
26.9267000,75.8248230,2020-02-20T07:45:10Z
26.9267010,75.8248239,2020-02-20T07:45:16Z
26.9267188,75.8248502,2020-02-20T07:45:22Z
26.9267378,75.8248650,2020-02-20T07:45:28Z
26.9267330,75.8248627,2020-02-20T07:45:34Z
26.9267376,75.8248613,2020-02-20T07:45:40Z
26.9267400,75.8248781,2020-02-20T07:45:46Z
26.9267465,75.8248892,2020-02-20T07:45:52Z
26.9267649,75.8249052,2020-02-20T07:45:58Z
26.9267665,75.8249662,2020-02-20T07:46:03Z
26.9267292,75.8249844,2020-02-20T07:46:08Z
26.9266453,75.8250220,2020-02-20T07:46:14Z
26.9266380,75.8250406,2020-02-20T07:46:20Z
26.9265782,75.8250383,2020-02-20T07:46:26Z
26.9265265,75.8250282,2020-02-20T07:46:31Z
26.9264677,75.8250171,2020-02-20T07:46:37Z
26.9264268,75.8250161,2020-02-20T07:46:42Z
26.9263958,75.8250221,2020-02-20T07:46:47Z
26.9263730,75.8250308,2020-02-20T07:46:52Z
26.9263280,75.8250379,2020-02-20T07:46:58Z
26.9263093,75.8250200,2020-02-20T07:47:03Z
26.9262616,75.8249979,2020-02-20T07:47:09Z
26.9261923,75.8250009,2020-02-20T07:47:15Z
26.9261462,75.8249920,2020-02-20T07:47:20Z
26.9260990,75.8249896,2020-02-20T07:47:26Z
26.9260634,75.8250100,2020-02-20T07:47:32Z
26.9260618,75.8250199,2020-02-20T07:47:38Z
26.9260591,75.8250184,2020-02-20T07:47:44Z
26.9260618,75.8250361,2020-02-20T07:47:50Z
26.9260590,75.8250387,2020-02-20T07:47:56Z
26.9260611,75.8250420,2020-02-20T07:48:01Z
26.9260573,75.8250430,2020-02-20T07:48:07Z
26.9260525,75.8250500,2020-02-20T07:48:12Z
26.9260524,75.8250506,2020-02-20T07:48:18Z
26.9260524,75.8250512,2020-02-20T07:48:24Z
26.9260523,75.8250512,2020-02-20T07:48:29Z
26.9260523,75.8250512,2020-02-20T07:48:35Z
26.9260521,75.8250514,2020-02-20T07:48:41Z
26.9260521,75.8250515,2020-02-20T07:48:47Z
26.9260520,75.8250516,2020-02-20T07:48:53Z
26.9260520,75.8250516,2020-02-20T07:48:58Z
26.9260520,75.8250516,2020-02-20T07:49:04Z
26.9260504,75.8250414,2020-02-20T07:49:09Z
26.9260301,75.8250659,2020-02-20T07:49:15Z
26.9259623,75.8250617,2020-02-20T07:49:21Z
26.9259440,75.8251128,2020-02-20T07:49:27Z
26.9259332,75.8251820,2020-02-20T07:49:33Z
26.9259043,75.8252400,2020-02-20T07:49:39Z
26.9258419,75.8252604,2020-02-20T07:49:45Z
26.9258160,75.8253229,2020-02-20T07:49:51Z
26.9258083,75.8253724,2020-02-20T07:49:57Z
26.9257808,75.8254168,2020-02-20T07:50:03Z
26.9257567,75.8254279,2020-02-20T07:50:09Z
26.9257599,75.8254333,2020-02-20T07:50:15Z
26.9257564,75.8254306,2020-02-20T07:50:21Z
26.9257561,75.8254303,2020-02-20T07:50:26Z
26.9257561,75.8254303,2020-02-20T07:50:32Z
26.9257551,75.8254270,2020-02-20T07:50:38Z
26.9256137,75.8253834,2020-02-20T07:50:44Z
26.9255671,75.8253780,2020-02-20T07:50:49Z
26.9255483,75.8253436,2020-02-20T07:50:54Z
26.9255441,75.8252920,2020-02-20T07:51:00Z
26.9255110,75.8252769,2020-02-20T07:51:05Z
26.9255185,75.8252252,2020-02-20T07:51:11Z
26.9255250,75.8251514,2020-02-20T07:51:17Z
26.9255283,75.8250951,2020-02-20T07:51:23Z
26.9255393,75.8250403,2020-02-20T07:51:29Z
26.9255453,75.8250097,2020-02-20T07:51:35Z
26.9255627,75.8249574,2020-02-20T07:51:41Z
26.9255734,75.8249113,2020-02-20T07:51:47Z
26.9255835,75.8248576,2020-02-20T07:51:53Z
26.9255945,75.8247948,2020-02-20T07:51:59Z
26.9255979,75.8247553,2020-02-20T07:52:04Z
26.9256009,75.8246917,2020-02-20T07:52:10Z
26.9256078,75.8246360,2020-02-20T07:52:16Z
26.9256088,75.8245698,2020-02-20T07:52:22Z
26.9256145,75.8245181,2020-02-20T07:52:28Z
26.9256054,75.8244868,2020-02-20T07:52:33Z
26.9256187,75.8244483,2020-02-20T07:52:39Z
26.9256237,75.8244086,2020-02-20T07:52:45Z
26.9256284,75.8244018,2020-02-20T07:52:51Z
26.9256327,75.8244028,2020-02-20T07:52:56Z
26.9256278,75.8243952,2020-02-20T07:53:02Z
26.9255980,75.8243731,2020-02-20T07:53:07Z
26.9255939,75.8243652,2020-02-20T07:53:13Z
26.9255944,75.8243667,2020-02-20T07:53:18Z
26.9255946,75.8243664,2020-02-20T07:53:24Z
26.9255867,75.8243598,2020-02-20T07:53:30Z
26.9255434,75.8243533,2020-02-20T07:53:36Z
26.9255178,75.8243100,2020-02-20T07:53:42Z
26.9254736,75.8242986,2020-02-20T07:53:48Z
26.9254190,75.8242816,2020-02-20T07:53:53Z
26.9253658,75.8242636,2020-02-20T07:53:59Z
26.9253293,75.8242619,2020-02-20T07:54:05Z
26.9252962,75.8242516,2020-02-20T07:54:11Z
26.9252898,75.8242448,2020-02-20T07:54:17Z
26.9252896,75.8242452,2020-02-20T07:54:22Z
26.9252896,75.8242453,2020-02-20T07:54:28Z
26.9252897,75.8242452,2020-02-20T07:54:34Z
26.9252897,75.8242452,2020-02-20T07:54:39Z
26.9252877,75.8242489,2020-02-20T07:54:45Z
26.9252702,75.8242286,2020-02-20T07:54:51Z
26.9252410,75.8241961,2020-02-20T07:54:56Z
26.9252033,75.8241604,2020-02-20T07:55:01Z
26.9252114,75.8241069,2020-02-20T07:55:07Z
26.9252135,75.8240229,2020-02-20T07:55:13Z
26.9252089,75.8240084,2020-02-20T07:55:19Z
26.9252157,75.8239864,2020-02-20T07:55:25Z
26.9252365,75.8239332,2020-02-20T07:55:31Z
26.9252245,75.8238588,2020-02-20T07:55:37Z
26.9252247,75.8238218,2020-02-20T07:55:43Z
26.9252246,75.8237931,2020-02-20T07:55:48Z
26.9252321,75.8237528,2020-02-20T07:55:53Z
26.9252375,75.8236734,2020-02-20T07:55:59Z
26.9252242,75.8235706,2020-02-20T07:56:05Z
26.9252727,75.8235632,2020-02-20T07:56:11Z
26.9252768,75.8235475,2020-02-20T07:56:17Z
26.9252992,75.8234889,2020-02-20T07:56:23Z
26.9252863,75.8234551,2020-02-20T07:56:28Z
26.9252765,75.8234331,2020-02-20T07:56:33Z
26.9252761,75.8234121,2020-02-20T07:56:39Z
26.9252762,75.8234107,2020-02-20T07:56:44Z
26.9252751,75.8234093,2020-02-20T07:56:49Z
26.9252663,75.8233923,2020-02-20T07:56:55Z
26.9252693,75.8233669,2020-02-20T07:57:00Z
26.9252705,75.8233670,2020-02-20T07:57:06Z
26.9252709,75.8233671,2020-02-20T07:57:12Z
26.9252709,75.8233654,2020-02-20T07:57:18Z
26.9252829,75.8233472,2020-02-20T07:57:24Z
26.9252918,75.8233463,2020-02-20T07:57:30Z
26.9252917,75.8233463,2020-02-20T07:57:36Z
26.9252972,75.8233454,2020-02-20T07:57:42Z
26.9252549,75.8232877,2020-02-20T07:57:48Z
26.9252520,75.8231980,2020-02-20T07:57:55Z
26.9252275,75.8231328,2020-02-20T07:58:01Z
26.9251941,75.8230737,2020-02-20T07:58:06Z
26.9251487,75.8230362,2020-02-20T07:58:12Z
26.9251038,75.8230156,2020-02-20T07:58:18Z
26.9250545,75.8229746,2020-02-20T07:58:24Z
26.9249980,75.8229449,2020-02-20T07:58:30Z
26.9249565,75.8229116,2020-02-20T07:58:35Z
26.9249133,75.8228856,2020-02-20T07:58:41Z
26.9248981,75.8228776,2020-02-20T07:58:47Z
26.9248749,75.8228593,2020-02-20T07:58:53Z
26.9248365,75.8228131,2020-02-20T07:58:59Z
26.9248158,75.8227820,2020-02-20T07:59:05Z
26.9248020,75.8227533,2020-02-20T07:59:10Z
26.9248168,75.8226776,2020-02-20T07:59:16Z
26.9247916,75.8226092,2020-02-20T07:59:21Z
26.9247751,75.8225588,2020-02-20T07:59:27Z
26.9247753,75.8225161,2020-02-20T07:59:32Z
26.9247942,75.8225024,2020-02-20T07:59:38Z
26.9247967,75.8224731,2020-02-20T07:59:44Z
26.9247918,75.8224609,2020-02-20T07:59:50Z
26.9247365,75.8224445,2020-02-20T07:59:56Z
26.9246443,75.8224242,2020-02-20T08:00:02Z
26.9245791,75.8223902,2020-02-20T08:00:08Z
26.9245190,75.8223807,2020-02-20T08:00:13Z
26.9244572,75.8223792,2020-02-20T08:00:19Z
26.9244048,75.8223675,2020-02-20T08:00:25Z
26.9243571,75.8223489,2020-02-20T08:00:30Z
26.9242969,75.8223234,2020-02-20T08:00:36Z
26.9242580,75.8223085,2020-02-20T08:00:42Z
26.9242083,75.8222974,2020-02-20T08:00:48Z
26.9241672,75.8223122,2020-02-20T08:00:54Z
26.9240923,75.8222764,2020-02-20T08:00:59Z
26.9240816,75.8223143,2020-02-20T08:01:05Z
26.9240831,75.8222888,2020-02-20T08:01:10Z
26.9240498,75.8222668,2020-02-20T08:01:16Z
26.9240403,75.8222755,2020-02-20T08:01:22Z
26.9240391,75.8222758,2020-02-20T08:01:28Z
26.9240391,75.8222754,2020-02-20T08:01:34Z
26.9240390,75.8222753,2020-02-20T08:01:40Z
26.9240387,75.8222752,2020-02-20T08:01:46Z
26.9240338,75.8222771,2020-02-20T08:01:51Z
26.9240327,75.8222774,2020-02-20T08:01:56Z
26.9240319,75.8222771,2020-02-20T08:02:02Z
26.9240316,75.8222773,2020-02-20T08:02:08Z
26.9240309,75.8222772,2020-02-20T08:02:14Z
26.9240301,75.8222782,2020-02-20T08:02:20Z
26.9240301,75.8222773,2020-02-20T08:02:26Z
26.9240299,75.8222776,2020-02-20T08:02:32Z
26.9240297,75.8222832,2020-02-20T08:02:37Z
26.9240255,75.8222564,2020-02-20T08:02:43Z
26.9240583,75.8222127,2020-02-20T08:02:49Z
26.9240703,75.8221877,2020-02-20T08:02:55Z
26.9241009,75.8221150,2020-02-20T08:03:01Z
26.9240916,75.8220767,2020-02-20T08:03:07Z
26.9240884,75.8219997,2020-02-20T08:03:13Z
26.9240783,75.8219099,2020-02-20T08:03:19Z
26.9241015,75.8218609,2020-02-20T08:03:25Z
26.9241241,75.8218092,2020-02-20T08:03:31Z
26.9241348,75.8217577,2020-02-20T08:03:37Z
26.9241295,75.8217128,2020-02-20T08:03:43Z
26.9241389,75.8216747,2020-02-20T08:03:49Z
26.9241278,75.8216448,2020-02-20T08:03:55Z
26.9241196,75.8216167,2020-02-20T08:04:00Z
26.9241498,75.8215498,2020-02-20T08:04:05Z
26.9241652,75.8214821,2020-02-20T08:04:11Z
26.9241894,75.8214309,2020-02-20T08:04:16Z
26.9242308,75.8213759,2020-02-20T08:04:21Z
26.9242230,75.8213309,2020-02-20T08:04:26Z
26.9242328,75.8212864,2020-02-20T08:04:32Z
26.9242364,75.8212168,2020-02-20T08:04:38Z
26.9242484,75.8211699,2020-02-20T08:04:44Z
26.9242679,75.8211187,2020-02-20T08:04:50Z
26.9242553,75.8210606,2020-02-20T08:04:56Z
26.9242674,75.8210101,2020-02-20T08:05:02Z
26.9242724,75.8209620,2020-02-20T08:05:08Z
26.9242582,75.8208966,2020-02-20T08:05:14Z
26.9242450,75.8208518,2020-02-20T08:05:19Z
26.9242785,75.8207929,2020-02-20T08:05:25Z
26.9242896,75.8207404,2020-02-20T08:05:30Z
26.9243320,75.8206523,2020-02-20T08:05:36Z
26.9243600,75.8205978,2020-02-20T08:05:42Z
26.9243689,75.8205490,2020-02-20T08:05:48Z
26.9243902,75.8204840,2020-02-20T08:05:54Z
26.9243755,75.8204519,2020-02-20T08:06:00Z
26.9243720,75.8204476,2020-02-20T08:06:06Z
26.9243704,75.8204492,2020-02-20T08:06:12Z
26.9243714,75.8204504,2020-02-20T08:06:18Z
26.9243724,75.8204511,2020-02-20T08:06:24Z
26.9243725,75.8204510,2020-02-20T08:06:30Z
26.9243713,75.8204483,2020-02-20T08:06:36Z
26.9243884,75.8204139,2020-02-20T08:06:42Z
26.9243766,75.8204136,2020-02-20T08:06:48Z
26.9243702,75.8204168,2020-02-20T08:06:54Z
26.9243706,75.8204156,2020-02-20T08:07:00Z
26.9243712,75.8204152,2020-02-20T08:07:06Z
26.9243710,75.8204149,2020-02-20T08:07:11Z
26.9243702,75.8204144,2020-02-20T08:07:17Z
26.9243700,75.8204140,2020-02-20T08:07:23Z
26.9243901,75.8203542,2020-02-20T08:07:29Z
26.9243945,75.8203421,2020-02-20T08:07:35Z
26.9243732,75.8202983,2020-02-20T08:07:41Z
26.9243790,75.8202900,2020-02-20T08:07:46Z
26.9243747,75.8202604,2020-02-20T08:07:52Z
26.9244078,75.8202124,2020-02-20T08:07:58Z
26.9244322,75.8201313,2020-02-20T08:08:04Z
26.9244137,75.8200944,2020-02-20T08:08:10Z
26.9244017,75.8200784,2020-02-20T08:08:16Z
26.9243983,75.8200762,2020-02-20T08:08:22Z
26.9244195,75.8200018,2020-02-20T08:08:28Z
26.9244353,75.8198955,2020-02-20T08:08:34Z
26.9244572,75.8198277,2020-02-20T08:08:39Z
26.9244574,75.8198009,2020-02-20T08:08:45Z
26.9244600,75.8197928,2020-02-20T08:08:50Z
26.9244595,75.8197920,2020-02-20T08:08:55Z
26.9244914,75.8197186,2020-02-20T08:09:01Z
26.9244868,75.8196098,2020-02-20T08:09:06Z
26.9245110,75.8194893,2020-02-20T08:09:12Z
26.9245403,75.8194102,2020-02-20T08:09:18Z
26.9245509,75.8193828,2020-02-20T08:09:24Z
26.9245511,75.8193694,2020-02-20T08:09:30Z
26.9245488,75.8193692,2020-02-20T08:09:36Z
26.9245474,75.8193685,2020-02-20T08:09:42Z
26.9245473,75.8193683,2020-02-20T08:09:48Z
26.9245472,75.8193682,2020-02-20T08:09:54Z
26.9245469,75.8193682,2020-02-20T08:09:59Z
26.9245468,75.8193681,2020-02-20T08:10:05Z
26.9245469,75.8193679,2020-02-20T08:10:11Z
26.9245467,75.8193679,2020-02-20T08:10:17Z
26.9245468,75.8193678,2020-02-20T08:10:23Z
26.9245468,75.8193676,2020-02-20T08:10:29Z
26.9245466,75.8193674,2020-02-20T08:10:35Z
26.9245465,75.8193673,2020-02-20T08:10:41Z
26.9245462,75.8193671,2020-02-20T08:10:47Z
26.9245460,75.8193670,2020-02-20T08:10:53Z
26.9245458,75.8193668,2020-02-20T08:10:59Z
26.9245456,75.8193667,2020-02-20T08:11:05Z
26.9245456,75.8193666,2020-02-20T08:11:10Z
26.9245455,75.8193665,2020-02-20T08:11:16Z
26.9245455,75.8193664,2020-02-20T08:11:22Z
26.9245721,75.8193061,2020-02-20T08:11:28Z
26.9245740,75.8192496,2020-02-20T08:11:34Z
26.9246133,75.8191655,2020-02-20T08:11:40Z
26.9246241,75.8191068,2020-02-20T08:11:46Z
26.9246290,75.8190725,2020-02-20T08:11:52Z
26.9246666,75.8190455,2020-02-20T08:11:58Z
26.9246838,75.8190388,2020-02-20T08:12:03Z
26.9246998,75.8190370,2020-02-20T08:12:09Z
26.9247107,75.8190433,2020-02-20T08:12:15Z
26.9247219,75.8190473,2020-02-20T08:12:21Z
26.9247215,75.8190469,2020-02-20T08:12:27Z
26.9247215,75.8190471,2020-02-20T08:12:33Z
26.9247216,75.8190472,2020-02-20T08:12:39Z
26.9247216,75.8190472,2020-02-20T08:12:45Z
26.9247128,75.8190649,2020-02-20T08:12:51Z
26.9246705,75.8190805,2020-02-20T08:12:57Z
26.9246444,75.8191137,2020-02-20T08:13:03Z
26.9246254,75.8191424,2020-02-20T08:13:09Z
26.9246316,75.8191498,2020-02-20T08:13:14Z
26.9246306,75.8192330,2020-02-20T08:13:20Z
26.9246252,75.8192453,2020-02-20T08:13:26Z
26.9246247,75.8192632,2020-02-20T08:13:32Z
26.9246192,75.8192654,2020-02-20T08:13:38Z
26.9245691,75.8192769,2020-02-20T08:13:44Z
26.9245392,75.8193045,2020-02-20T08:13:50Z
26.9244952,75.8193274,2020-02-20T08:13:56Z
26.9244672,75.8193514,2020-02-20T08:14:02Z
26.9244592,75.8193531,2020-02-20T08:14:08Z
26.9244603,75.8193581,2020-02-20T08:14:13Z
26.9244647,75.8193649,2020-02-20T08:14:18Z
26.9244517,75.8193541,2020-02-20T08:14:24Z
26.9244364,75.8193607,2020-02-20T08:14:30Z
26.9244337,75.8193523,2020-02-20T08:14:36Z
26.9244308,75.8193506,2020-02-20T08:14:42Z
26.9244279,75.8193499,2020-02-20T08:14:48Z
26.9244218,75.8193495,2020-02-20T08:14:54Z
26.9243833,75.8193365,2020-02-20T08:15:00Z
26.9243710,75.8193207,2020-02-20T08:15:06Z
26.9243666,75.8193187,2020-02-20T08:15:12Z
26.9243588,75.8193171,2020-02-20T08:15:18Z
26.9243570,75.8193177,2020-02-20T08:15:24Z
26.9243565,75.8193169,2020-02-20T08:15:30Z
26.9243565,75.8193170,2020-02-20T08:15:36Z
26.9243562,75.8193169,2020-02-20T08:15:45Z
26.9243559,75.8193167,2020-02-20T08:15:51Z
26.9243518,75.8193188,2020-02-20T08:15:57Z
26.9243431,75.8193031,2020-02-20T08:16:03Z
26.9241811,75.8193041,2020-02-20T08:16:09Z
26.9242057,75.8193002,2020-02-20T08:16:15Z
26.9242177,75.8193073,2020-02-20T08:16:21Z
26.9242162,75.8193367,2020-02-20T08:16:27Z
26.9242113,75.8193547,2020-02-20T08:16:33Z
26.9242112,75.8193563,2020-02-20T08:16:39Z
26.9242402,75.8194505,2020-02-20T08:16:45Z
26.9241478,75.8195531,2020-02-20T08:16:50Z
26.9241170,75.8195626,2020-02-20T08:16:55Z
26.9241312,75.8195656,2020-02-20T08:17:00Z
26.9241311,75.8195762,2020-02-20T08:17:06Z
26.9241377,75.8195772,2020-02-20T08:17:11Z
26.9241438,75.8195858,2020-02-20T08:17:17Z
26.9241434,75.8195871,2020-02-20T08:17:23Z
26.9241425,75.8195862,2020-02-20T08:17:29Z
26.9241706,75.8195768,2020-02-20T08:17:35Z
26.9241777,75.8195556,2020-02-20T08:17:41Z
26.9241818,75.8195479,2020-02-20T08:17:47Z
26.9241818,75.8195479,2020-02-20T08:17:53Z
26.9241823,75.8195474,2020-02-20T08:17:58Z
26.9241825,75.8195467,2020-02-20T08:18:04Z
26.9241832,75.8195456,2020-02-20T08:18:10Z
26.9242150,75.8195077,2020-02-20T08:18:16Z
26.9242171,75.8194157,2020-02-20T08:18:22Z
26.9242399,75.8193759,2020-02-20T08:18:28Z
26.9242584,75.8193690,2020-02-20T08:18:34Z
26.9242994,75.8193455,2020-02-20T08:18:40Z
26.9243013,75.8193548,2020-02-20T08:18:46Z
26.9243027,75.8193552,2020-02-20T08:18:52Z
26.9243419,75.8194125,2020-02-20T08:18:57Z
26.9243506,75.8194323,2020-02-20T08:19:02Z
26.9243561,75.8194534,2020-02-20T08:19:07Z
26.9243579,75.8194654,2020-02-20T08:19:13Z
26.9243889,75.8195351,2020-02-20T08:19:19Z
26.9243651,75.8195979,2020-02-20T08:19:25Z
26.9243826,75.8196321,2020-02-20T08:19:31Z
26.9243717,75.8196544,2020-02-20T08:19:37Z
26.9243766,75.8196927,2020-02-20T08:19:43Z
26.9243693,75.8197192,2020-02-20T08:19:49Z
26.9243573,75.8197388,2020-02-20T08:19:55Z
26.9243761,75.8197520,2020-02-20T08:20:01Z
26.9243769,75.8197598,2020-02-20T08:20:07Z
26.9243635,75.8197731,2020-02-20T08:20:13Z
26.9243557,75.8197792,2020-02-20T08:20:19Z
26.9243557,75.8197792,2020-02-20T08:20:25Z
26.9243573,75.8197796,2020-02-20T08:20:31Z
26.9243572,75.8197797,2020-02-20T08:20:37Z
26.9243760,75.8198587,2020-02-20T08:20:43Z
26.9244033,75.8198995,2020-02-20T08:20:48Z
26.9243675,75.8199239,2020-02-20T08:20:53Z
26.9243601,75.8199626,2020-02-20T08:20:59Z
26.9243418,75.8199812,2020-02-20T08:21:05Z
26.9243230,75.8200325,2020-02-20T08:21:11Z
26.9243086,75.8200838,2020-02-20T08:21:17Z
26.9243036,75.8201490,2020-02-20T08:21:23Z
26.9243094,75.8201774,2020-02-20T08:21:29Z
26.9243045,75.8202305,2020-02-20T08:21:35Z
26.9242984,75.8202584,2020-02-20T08:21:41Z
26.9242906,75.8202945,2020-02-20T08:21:47Z
26.9242729,75.8203085,2020-02-20T08:21:53Z
26.9242582,75.8203178,2020-02-20T08:21:59Z
26.9242636,75.8203202,2020-02-20T08:22:05Z
26.9242640,75.8203206,2020-02-20T08:22:11Z
26.9242637,75.8203209,2020-02-20T08:22:17Z
26.9242603,75.8203200,2020-02-20T08:22:23Z
26.9241704,75.8202947,2020-02-20T08:22:29Z
26.9241147,75.8202410,2020-02-20T08:22:35Z
26.9240694,75.8202364,2020-02-20T08:22:41Z
26.9240629,75.8202339,2020-02-20T08:22:47Z
26.9240598,75.8202338,2020-02-20T08:22:53Z
26.9240377,75.8202361,2020-02-20T08:22:59Z
26.9240206,75.8202504,2020-02-20T08:23:05Z
26.9240159,75.8202415,2020-02-20T08:23:11Z
26.9239861,75.8202259,2020-02-20T08:23:17Z
26.9239882,75.8202154,2020-02-20T08:23:23Z
26.9239961,75.8202100,2020-02-20T08:23:29Z
26.9239961,75.8202151,2020-02-20T08:23:35Z
26.9239992,75.8202009,2020-02-20T08:23:40Z
26.9240036,75.8202012,2020-02-20T08:23:46Z
26.9240059,75.8202007,2020-02-20T08:23:52Z
26.9240064,75.8202010,2020-02-20T08:23:58Z
26.9240043,75.8202030,2020-02-20T08:24:04Z
26.9239968,75.8202063,2020-02-20T08:24:10Z
26.9240059,75.8201942,2020-02-20T08:24:16Z
26.9240472,75.8201959,2020-02-20T08:24:22Z
26.9240749,75.8201778,2020-02-20T08:24:28Z
26.9241205,75.8201711,2020-02-20T08:24:34Z
26.9241581,75.8201648,2020-02-20T08:24:40Z
26.9241700,75.8201507,2020-02-20T08:24:46Z
26.9241691,75.8201520,2020-02-20T08:24:51Z
26.9241745,75.8201572,2020-02-20T08:24:57Z
26.9241744,75.8201580,2020-02-20T08:25:03Z
26.9241743,75.8201582,2020-02-20T08:25:09Z
26.9241742,75.8201584,2020-02-20T08:25:15Z
26.9241742,75.8201585,2020-02-20T08:25:21Z
26.9241742,75.8201585,2020-02-20T08:25:27Z
26.9241847,75.8201641,2020-02-20T08:25:33Z
26.9241878,75.8201802,2020-02-20T08:25:39Z
26.9241784,75.8201825,2020-02-20T08:25:45Z
26.9241867,75.8201690,2020-02-20T08:25:51Z
26.9241878,75.8201808,2020-02-20T08:25:57Z
26.9241880,75.8201861,2020-02-20T08:26:03Z
26.9241904,75.8201839,2020-02-20T08:26:09Z
26.9241915,75.8201803,2020-02-20T08:26:15Z
26.9241992,75.8201850,2020-02-20T08:26:21Z
26.9241994,75.8201851,2020-02-20T08:26:27Z
26.9241994,75.8201851,2020-02-20T08:26:33Z
26.9241993,75.8201852,2020-02-20T08:26:39Z
26.9242018,75.8201909,2020-02-20T08:26:45Z
26.9242106,75.8201967,2020-02-20T08:26:51Z
26.9242110,75.8202000,2020-02-20T08:26:57Z
26.9242109,75.8202002,2020-02-20T08:27:02Z
26.9242110,75.8202013,2020-02-20T08:27:08Z
26.9242110,75.8202014,2020-02-20T08:27:14Z
26.9242110,75.8202013,2020-02-20T08:27:20Z
26.9241923,75.8201969,2020-02-20T08:27:26Z
26.9241779,75.8201991,2020-02-20T08:27:32Z
26.9241697,75.8201944,2020-02-20T08:27:38Z
26.9241723,75.8202021,2020-02-20T08:27:44Z
26.9241447,75.8201848,2020-02-20T08:27:50Z
26.9241158,75.8201839,2020-02-20T08:27:56Z
26.9240853,75.8201819,2020-02-20T08:28:02Z
26.9240667,75.8201844,2020-02-20T08:28:08Z
26.9240470,75.8201827,2020-02-20T08:28:14Z
26.9240199,75.8201966,2020-02-20T08:28:20Z
26.9240180,75.8201952,2020-02-20T08:28:26Z
26.9240170,75.8201915,2020-02-20T08:28:32Z
26.9240170,75.8201915,2020-02-20T08:28:38Z
26.9240169,75.8201915,2020-02-20T08:28:44Z
26.9240168,75.8201914,2020-02-20T08:28:50Z
26.9240167,75.8201914,2020-02-20T08:28:56Z
26.9240167,75.8201915,2020-02-20T08:29:01Z
26.9240166,75.8201915,2020-02-20T08:29:07Z
26.9240165,75.8201915,2020-02-20T08:29:12Z
26.9240172,75.8201973,2020-02-20T08:29:18Z
26.9239953,75.8202033,2020-02-20T08:29:24Z
26.9239809,75.8202092,2020-02-20T08:29:29Z
26.9239702,75.8202006,2020-02-20T08:29:34Z
26.9239726,75.8202012,2020-02-20T08:29:40Z
26.9239723,75.8202021,2020-02-20T08:29:46Z
26.9239766,75.8202261,2020-02-20T08:29:52Z
26.9239859,75.8202037,2020-02-20T08:29:58Z
26.9239764,75.8202052,2020-02-20T08:30:04Z
26.9239807,75.8202048,2020-02-20T08:30:10Z
26.9239947,75.8202204,2020-02-20T08:30:16Z
26.9240334,75.8202407,2020-02-20T08:30:22Z
26.9240444,75.8202318,2020-02-20T08:30:28Z
26.9240456,75.8202792,2020-02-20T08:30:34Z
26.9240654,75.8203251,2020-02-20T08:30:40Z
26.9240678,75.8203501,2020-02-20T08:30:46Z
26.9240605,75.8203454,2020-02-20T08:30:52Z
26.9240449,75.8203734,2020-02-20T08:30:58Z
26.9240327,75.8203697,2020-02-20T08:31:04Z
26.9240338,75.8203712,2020-02-20T08:31:10Z
26.9240339,75.8203728,2020-02-20T08:31:16Z
26.9240338,75.8203740,2020-02-20T08:31:21Z
26.9240340,75.8203746,2020-02-20T08:31:26Z
26.9240339,75.8203744,2020-02-20T08:31:32Z
26.9240340,75.8203745,2020-02-20T08:31:38Z
26.9240340,75.8203745,2020-02-20T08:31:44Z
26.9240340,75.8203745,2020-02-20T08:31:50Z
26.9240341,75.8203744,2020-02-20T08:31:56Z
26.9240343,75.8203748,2020-02-20T08:32:02Z
26.9240345,75.8203746,2020-02-20T08:32:08Z
26.9240344,75.8203747,2020-02-20T08:32:14Z
26.9240345,75.8203747,2020-02-20T08:32:19Z
26.9240346,75.8203751,2020-02-20T08:32:25Z
26.9240347,75.8203751,2020-02-20T08:32:30Z
26.9240346,75.8203751,2020-02-20T08:32:36Z
26.9240347,75.8203750,2020-02-20T08:32:42Z
26.9240352,75.8203767,2020-02-20T08:32:48Z
26.9240353,75.8203770,2020-02-20T08:32:54Z
26.9240354,75.8203773,2020-02-20T08:33:00Z
26.9240354,75.8203773,2020-02-20T08:33:05Z
26.9240353,75.8203772,2020-02-20T08:33:11Z
26.9240353,75.8203772,2020-02-20T08:33:17Z
26.9240354,75.8203773,2020-02-20T08:33:23Z
26.9240354,75.8203774,2020-02-20T08:33:29Z
26.9240354,75.8203774,2020-02-20T08:33:35Z
26.9240356,75.8203776,2020-02-20T08:33:41Z
26.9240356,75.8203776,2020-02-20T08:33:47Z
26.9240357,75.8203777,2020-02-20T08:33:53Z
26.9240357,75.8203777,2020-02-20T08:33:59Z
26.9240358,75.8203778,2020-02-20T08:34:05Z
26.9240358,75.8203778,2020-02-20T08:34:11Z
26.9240358,75.8203779,2020-02-20T08:34:17Z
26.9240358,75.8203779,2020-02-20T08:34:23Z
26.9240359,75.8203781,2020-02-20T08:34:29Z
26.9240359,75.8203781,2020-02-20T08:34:35Z
26.9240358,75.8203782,2020-02-20T08:34:41Z
26.9240359,75.8203782,2020-02-20T08:34:47Z
26.9240359,75.8203782,2020-02-20T08:34:53Z
26.9240359,75.8203781,2020-02-20T08:34:59Z
26.9240359,75.8203782,2020-02-20T08:35:05Z
26.9240360,75.8203783,2020-02-20T08:35:11Z
26.9240360,75.8203783,2020-02-20T08:35:17Z
26.9240360,75.8203783,2020-02-20T08:35:23Z
26.9240360,75.8203784,2020-02-20T08:35:29Z
26.9240361,75.8203784,2020-02-20T08:35:35Z
26.9240361,75.8203785,2020-02-20T08:35:40Z
26.9240361,75.8203786,2020-02-20T08:35:46Z
26.9240361,75.8203785,2020-02-20T08:35:52Z
26.9240362,75.8203785,2020-02-20T08:35:58Z
26.9240362,75.8203785,2020-02-20T08:36:04Z
26.9240362,75.8203786,2020-02-20T08:36:10Z
26.9240362,75.8203787,2020-02-20T08:36:16Z
26.9240363,75.8203787,2020-02-20T08:36:22Z
26.9240365,75.8203786,2020-02-20T08:36:28Z
26.9240366,75.8203786,2020-02-20T08:36:34Z
26.9240367,75.8203786,2020-02-20T08:36:40Z
26.9240368,75.8203786,2020-02-20T08:36:46Z
26.9240368,75.8203785,2020-02-20T08:36:52Z
26.9240369,75.8203785,2020-02-20T08:36:58Z
26.9240370,75.8203783,2020-02-20T08:37:03Z
26.9240371,75.8203781,2020-02-20T08:37:08Z
26.9240372,75.8203780,2020-02-20T08:37:14Z
26.9240373,75.8203780,2020-02-20T08:37:19Z
26.9240373,75.8203780,2020-02-20T08:37:25Z
26.9240373,75.8203781,2020-02-20T08:37:31Z
26.9240373,75.8203780,2020-02-20T08:37:37Z
26.9240476,75.8203755,2020-02-20T08:37:43Z
26.9240444,75.8203806,2020-02-20T08:37:49Z
26.9240543,75.8203654,2020-02-20T08:37:55Z
26.9240802,75.8203727,2020-02-20T08:38:01Z
26.9241581,75.8203790,2020-02-20T08:38:07Z
26.9241853,75.8203757,2020-02-20T08:38:13Z
26.9241923,75.8203749,2020-02-20T08:38:19Z
26.9241917,75.8203725,2020-02-20T08:38:24Z
26.9241942,75.8203566,2020-02-20T08:38:29Z
26.9242022,75.8203519,2020-02-20T08:38:35Z
26.9241983,75.8203663,2020-02-20T08:38:41Z
26.9241987,75.8203718,2020-02-20T08:38:47Z
26.9241971,75.8203730,2020-02-20T08:38:53Z
26.9241967,75.8203731,2020-02-20T08:38:59Z
26.9241947,75.8203743,2020-02-20T08:39:05Z
26.9241458,75.8204433,2020-02-20T08:39:11Z
26.9241073,75.8204926,2020-02-20T08:39:16Z
26.9241024,75.8205458,2020-02-20T08:39:22Z
26.9241126,75.8206472,2020-02-20T08:39:28Z
26.9241332,75.8206990,2020-02-20T08:39:34Z
26.9241831,75.8207820,2020-02-20T08:39:40Z
26.9241904,75.8208411,2020-02-20T08:39:45Z
26.9241354,75.8208616,2020-02-20T08:39:51Z
26.9241477,75.8208967,2020-02-20T08:39:57Z
26.9241322,75.8209299,2020-02-20T08:40:03Z
26.9241486,75.8209757,2020-02-20T08:40:09Z
26.9241558,75.8210306,2020-02-20T08:40:15Z
26.9241267,75.8210722,2020-02-20T08:40:21Z
26.9240750,75.8211089,2020-02-20T08:40:27Z
26.9240533,75.8211280,2020-02-20T08:40:33Z
26.9240340,75.8211573,2020-02-20T08:40:39Z
26.9240309,75.8212018,2020-02-20T08:40:45Z
26.9240133,75.8212474,2020-02-20T08:40:51Z
26.9239872,75.8212992,2020-02-20T08:40:57Z
26.9240040,75.8213659,2020-02-20T08:41:03Z
26.9240180,75.8213669,2020-02-20T08:41:08Z
26.9240054,75.8213896,2020-02-20T08:41:14Z
26.9240034,75.8213924,2020-02-20T08:41:20Z
26.9240041,75.8213936,2020-02-20T08:41:26Z
26.9240040,75.8214316,2020-02-20T08:41:32Z
26.9239744,75.8215665,2020-02-20T08:41:37Z
26.9239504,75.8216366,2020-02-20T08:41:43Z
26.9239394,75.8216899,2020-02-20T08:41:49Z
26.9239316,75.8217567,2020-02-20T08:41:55Z
26.9239226,75.8217603,2020-02-20T08:42:01Z
26.9239089,75.8217760,2020-02-20T08:42:07Z
26.9239093,75.8217776,2020-02-20T08:42:13Z
26.9238926,75.8218403,2020-02-20T08:42:19Z
26.9238853,75.8218861,2020-02-20T08:42:24Z
26.9238506,75.8219510,2020-02-20T08:42:30Z
26.9238271,75.8219946,2020-02-20T08:42:35Z
26.9238249,75.8220394,2020-02-20T08:42:41Z
26.9238192,75.8220890,2020-02-20T08:42:47Z
26.9238145,75.8221148,2020-02-20T08:42:52Z
26.9238143,75.8221260,2020-02-20T08:42:58Z
26.9238158,75.8221269,2020-02-20T08:43:04Z
26.9237922,75.8221503,2020-02-20T08:43:10Z
26.9238194,75.8222466,2020-02-20T08:43:16Z
26.9238188,75.8223240,2020-02-20T08:43:22Z
26.9238061,75.8223498,2020-02-20T08:43:27Z
26.9238008,75.8223730,2020-02-20T08:43:33Z
26.9238009,75.8223872,2020-02-20T08:43:39Z
26.9238033,75.8224232,2020-02-20T08:43:45Z
26.9237948,75.8224387,2020-02-20T08:43:51Z
26.9237718,75.8224456,2020-02-20T08:43:57Z
26.9237730,75.8224532,2020-02-20T08:44:03Z
26.9237412,75.8224860,2020-02-20T08:44:09Z
26.9237343,75.8225020,2020-02-20T08:44:15Z
26.9237358,75.8224996,2020-02-20T08:44:21Z
26.9237135,75.8224886,2020-02-20T08:44:27Z
26.9236931,75.8224978,2020-02-20T08:44:33Z
26.9236928,75.8225346,2020-02-20T08:44:39Z
26.9236829,75.8225396,2020-02-20T08:44:45Z
26.9236436,75.8225575,2020-02-20T08:44:51Z
26.9236584,75.8226265,2020-02-20T08:44:57Z
26.9236526,75.8226376,2020-02-20T08:45:03Z
26.9236536,75.8226678,2020-02-20T08:45:09Z
26.9236453,75.8226787,2020-02-20T08:45:15Z
26.9236577,75.8226954,2020-02-20T08:45:21Z
26.9236918,75.8227459,2020-02-20T08:45:27Z
26.9237117,75.8227636,2020-02-20T08:45:33Z
26.9237310,75.8227729,2020-02-20T08:45:39Z
26.9236983,75.8227954,2020-02-20T08:45:45Z
26.9237121,75.8228149,2020-02-20T08:45:51Z
26.9237519,75.8228901,2020-02-20T08:45:57Z
26.9237303,75.8229501,2020-02-20T08:46:03Z
26.9236936,75.8230047,2020-02-20T08:46:09Z
26.9236177,75.8230418,2020-02-20T08:46:14Z
26.9235984,75.8230662,2020-02-20T08:46:20Z
26.9235981,75.8230978,2020-02-20T08:46:26Z
26.9236070,75.8231164,2020-02-20T08:46:32Z
26.9236167,75.8231181,2020-02-20T08:46:38Z
26.9236171,75.8231188,2020-02-20T08:46:44Z
26.9236180,75.8231195,2020-02-20T08:46:50Z
26.9236180,75.8231197,2020-02-20T08:46:56Z
26.9236176,75.8231198,2020-02-20T08:47:02Z
26.9236532,75.8231549,2020-02-20T08:47:08Z
26.9236415,75.8232331,2020-02-20T08:47:14Z
26.9236224,75.8232900,2020-02-20T08:47:20Z
26.9236524,75.8233813,2020-02-20T08:47:26Z
26.9236471,75.8234462,2020-02-20T08:47:32Z
26.9236057,75.8235317,2020-02-20T08:47:38Z
26.9235864,75.8235557,2020-02-20T08:47:44Z
26.9236324,75.8236006,2020-02-20T08:47:50Z
26.9235720,75.8236493,2020-02-20T08:47:56Z
26.9235958,75.8237021,2020-02-20T08:48:02Z
26.9236006,75.8237254,2020-02-20T08:48:07Z
26.9236010,75.8237348,2020-02-20T08:48:13Z
26.9235802,75.8237378,2020-02-20T08:48:19Z
26.9235786,75.8237436,2020-02-20T08:48:25Z
26.9235776,75.8237433,2020-02-20T08:48:31Z
26.9235800,75.8237449,2020-02-20T08:48:36Z
26.9235796,75.8237454,2020-02-20T08:48:42Z
26.9235784,75.8237502,2020-02-20T08:48:48Z
26.9234834,75.8238493,2020-02-20T08:48:54Z
26.9234405,75.8239716,2020-02-20T08:49:01Z
26.9234203,75.8240532,2020-02-20T08:49:06Z
26.9234086,75.8241132,2020-02-20T08:49:11Z
26.9234096,75.8241856,2020-02-20T08:49:17Z
26.9234006,75.8242416,2020-02-20T08:49:22Z
26.9233761,75.8242809,2020-02-20T08:49:28Z
26.9233722,75.8243001,2020-02-20T08:49:33Z
26.9233733,75.8243242,2020-02-20T08:49:39Z
26.9233739,75.8243256,2020-02-20T08:49:44Z
26.9233443,75.8243570,2020-02-20T08:49:50Z
26.9233252,75.8244187,2020-02-20T08:49:56Z
26.9233034,75.8244666,2020-02-20T08:50:02Z
26.9232940,75.8245204,2020-02-20T08:50:08Z
26.9233073,75.8245602,2020-02-20T08:50:14Z
26.9233060,75.8245635,2020-02-20T08:50:20Z
26.9232916,75.8246769,2020-02-20T08:50:26Z
26.9232956,75.8247748,2020-02-20T08:50:32Z
26.9232720,75.8248191,2020-02-20T08:50:37Z
26.9232382,75.8248982,2020-02-20T08:50:43Z
26.9232300,75.8249584,2020-02-20T08:50:48Z
26.9232339,75.8250080,2020-02-20T08:50:54Z
26.9232490,75.8250956,2020-02-20T08:51:00Z
26.9232582,75.8251232,2020-02-20T08:51:05Z
26.9232588,75.8251468,2020-02-20T08:51:10Z
26.9232282,75.8252127,2020-02-20T08:51:16Z
26.9232123,75.8252278,2020-02-20T08:51:22Z
26.9232300,75.8252661,2020-02-20T08:51:28Z
26.9232202,75.8252662,2020-02-20T08:51:33Z
26.9232178,75.8252794,2020-02-20T08:51:39Z
26.9232200,75.8252868,2020-02-20T08:51:45Z
26.9231864,75.8253196,2020-02-20T08:51:51Z
26.9231839,75.8253665,2020-02-20T08:51:57Z
26.9231881,75.8253868,2020-02-20T08:52:03Z
26.9231732,75.8254488,2020-02-20T08:52:09Z
26.9231673,75.8255230,2020-02-20T08:52:15Z
26.9231887,75.8255585,2020-02-20T08:52:21Z
26.9231975,75.8255900,2020-02-20T08:52:27Z
26.9232066,75.8256091,2020-02-20T08:52:33Z
26.9231427,75.8256579,2020-02-20T08:52:39Z
26.9231554,75.8256924,2020-02-20T08:52:45Z
26.9231801,75.8257250,2020-02-20T08:52:51Z
26.9231752,75.8257369,2020-02-20T08:52:57Z
26.9231747,75.8257376,2020-02-20T08:53:03Z
26.9231432,75.8257598,2020-02-20T08:53:09Z
26.9231406,75.8257806,2020-02-20T08:53:15Z
26.9231309,75.8257849,2020-02-20T08:53:21Z
26.9231301,75.8257862,2020-02-20T08:53:26Z
26.9231300,75.8257868,2020-02-20T08:53:32Z
26.9231316,75.8257909,2020-02-20T08:53:38Z
26.9230953,75.8259094,2020-02-20T08:53:44Z
26.9230821,75.8259946,2020-02-20T08:53:49Z
26.9230558,75.8260559,2020-02-20T08:53:55Z
26.9230640,75.8261044,2020-02-20T08:54:01Z
26.9230523,75.8261240,2020-02-20T08:54:07Z
26.9230383,75.8261528,2020-02-20T08:54:13Z
26.9229991,75.8261857,2020-02-20T08:54:19Z
26.9229822,75.8262346,2020-02-20T08:54:25Z
26.9229632,75.8262700,2020-02-20T08:54:31Z
26.9229612,75.8262877,2020-02-20T08:54:37Z
26.9229610,75.8263018,2020-02-20T08:54:43Z
26.9229642,75.8263134,2020-02-20T08:54:48Z
26.9229674,75.8263238,2020-02-20T08:54:54Z
26.9229674,75.8263241,2020-02-20T08:55:00Z
26.9229674,75.8263242,2020-02-20T08:55:05Z
26.9229666,75.8263242,2020-02-20T08:55:11Z
26.9229681,75.8263329,2020-02-20T08:55:17Z
26.9229649,75.8263390,2020-02-20T08:55:23Z
26.9229820,75.8263523,2020-02-20T08:55:29Z
26.9229818,75.8263610,2020-02-20T08:55:35Z
26.9230006,75.8263615,2020-02-20T08:55:41Z
26.9230526,75.8263718,2020-02-20T08:55:47Z
26.9230902,75.8263955,2020-02-20T08:55:53Z
26.9231518,75.8263928,2020-02-20T08:55:59Z
26.9231821,75.8263969,2020-02-20T08:56:05Z
26.9231797,75.8264019,2020-02-20T08:56:11Z
26.9231806,75.8263970,2020-02-20T08:56:17Z
26.9231809,75.8263912,2020-02-20T08:56:23Z
26.9231766,75.8264121,2020-02-20T08:56:29Z
26.9231822,75.8264667,2020-02-20T08:56:35Z
26.9231908,75.8265024,2020-02-20T08:56:40Z
26.9232086,75.8265490,2020-02-20T08:56:46Z
26.9232358,75.8265758,2020-02-20T08:56:52Z
26.9232455,75.8266066,2020-02-20T08:56:58Z
26.9232739,75.8266335,2020-02-20T08:57:04Z
26.9232870,75.8266533,2020-02-20T08:57:10Z
26.9233142,75.8266959,2020-02-20T08:57:16Z
26.9233336,75.8267411,2020-02-20T08:57:22Z
26.9233578,75.8267795,2020-02-20T08:57:28Z
26.9234010,75.8267968,2020-02-20T08:57:34Z
26.9234217,75.8268076,2020-02-20T08:57:40Z
26.9234328,75.8268144,2020-02-20T08:57:46Z
26.9234732,75.8268060,2020-02-20T08:57:52Z
26.9234751,75.8267978,2020-02-20T08:57:58Z
26.9234839,75.8267953,2020-02-20T08:58:04Z
26.9235134,75.8267992,2020-02-20T08:58:10Z
26.9235193,75.8268070,2020-02-20T08:58:16Z
26.9235133,75.8268086,2020-02-20T08:58:22Z
26.9235130,75.8268091,2020-02-20T08:58:28Z
26.9235131,75.8268091,2020-02-20T08:58:34Z
26.9235131,75.8268092,2020-02-20T08:58:40Z
26.9235129,75.8268097,2020-02-20T08:58:46Z
26.9235129,75.8268098,2020-02-20T08:58:52Z
26.9235458,75.8267846,2020-02-20T08:58:58Z
26.9235701,75.8267755,2020-02-20T08:59:04Z
26.9235876,75.8267702,2020-02-20T08:59:10Z
26.9236022,75.8267662,2020-02-20T08:59:16Z
26.9236035,75.8267674,2020-02-20T08:59:22Z
26.9236041,75.8267678,2020-02-20T08:59:28Z
26.9236041,75.8267703,2020-02-20T08:59:34Z
26.9236043,75.8267729,2020-02-20T08:59:40Z
26.9236045,75.8267738,2020-02-20T08:59:46Z
26.9236047,75.8267737,2020-02-20T08:59:52Z
26.9236048,75.8267737,2020-02-20T08:59:57Z
26.9236051,75.8267738,2020-02-20T09:00:02Z
26.9236053,75.8267739,2020-02-20T09:00:08Z
26.9236054,75.8267737,2020-02-20T09:00:14Z
26.9236056,75.8267735,2020-02-20T09:00:20Z
26.9236058,75.8267732,2020-02-20T09:00:26Z
26.9236059,75.8267730,2020-02-20T09:00:32Z
26.9236060,75.8267731,2020-02-20T09:00:38Z
26.9236061,75.8267734,2020-02-20T09:00:44Z
26.9236064,75.8267739,2020-02-20T09:00:50Z
26.9236067,75.8267743,2020-02-20T09:00:56Z
26.9236068,75.8267744,2020-02-20T09:01:02Z
26.9236070,75.8267745,2020-02-20T09:01:08Z
26.9236179,75.8267851,2020-02-20T09:01:14Z
26.9236288,75.8267869,2020-02-20T09:01:19Z
26.9236342,75.8267990,2020-02-20T09:01:24Z
26.9236353,75.8268006,2020-02-20T09:01:30Z
26.9236356,75.8268018,2020-02-20T09:01:36Z
26.9236359,75.8268024,2020-02-20T09:01:42Z
26.9236697,75.8268290,2020-02-20T09:01:48Z
26.9236894,75.8268245,2020-02-20T09:01:53Z
26.9236986,75.8268212,2020-02-20T09:01:59Z
26.9237028,75.8268220,2020-02-20T09:02:04Z
26.9237033,75.8268229,2020-02-20T09:02:10Z
26.9237035,75.8268241,2020-02-20T09:02:16Z
26.9237034,75.8268248,2020-02-20T09:02:22Z
26.9237034,75.8268249,2020-02-20T09:02:28Z
26.9237034,75.8268252,2020-02-20T09:02:34Z
26.9237035,75.8268254,2020-02-20T09:02:40Z
26.9237034,75.8268255,2020-02-20T09:02:46Z
26.9237200,75.8268250,2020-02-20T09:02:51Z
26.9237298,75.8268322,2020-02-20T09:02:56Z
26.9237293,75.8268388,2020-02-20T09:03:01Z
26.9237289,75.8268396,2020-02-20T09:03:07Z
26.9237290,75.8268400,2020-02-20T09:03:13Z
26.9237291,75.8268402,2020-02-20T09:03:19Z
26.9237291,75.8268408,2020-02-20T09:03:25Z
26.9237353,75.8268262,2020-02-20T09:03:31Z
26.9237412,75.8268333,2020-02-20T09:03:37Z
26.9237433,75.8268364,2020-02-20T09:03:43Z
26.9237441,75.8268376,2020-02-20T09:03:48Z
26.9237444,75.8268386,2020-02-20T09:03:54Z
26.9237444,75.8268387,2020-02-20T09:03:59Z
26.9237444,75.8268388,2020-02-20T09:04:05Z
26.9237473,75.8268409,2020-02-20T09:04:11Z
26.9237436,75.8268379,2020-02-20T09:04:17Z
26.9237500,75.8268549,2020-02-20T09:04:23Z
26.9237826,75.8268705,2020-02-20T09:04:29Z
26.9237852,75.8268664,2020-02-20T09:04:35Z
26.9237936,75.8268554,2020-02-20T09:04:41Z
26.9237884,75.8268678,2020-02-20T09:04:47Z
26.9237894,75.8268658,2020-02-20T09:04:53Z
26.9237894,75.8268664,2020-02-20T09:04:59Z
26.9237894,75.8268670,2020-02-20T09:05:05Z
26.9237835,75.8268809,2020-02-20T09:05:11Z
26.9237728,75.8268878,2020-02-20T09:05:17Z
26.9237728,75.8268981,2020-02-20T09:05:23Z
26.9237727,75.8268985,2020-02-20T09:05:29Z
26.9237726,75.8268989,2020-02-20T09:05:34Z
26.9237725,75.8268992,2020-02-20T09:05:40Z
26.9237726,75.8268994,2020-02-20T09:05:46Z
26.9237725,75.8268994,2020-02-20T09:05:51Z
26.9237724,75.8268995,2020-02-20T09:05:57Z
26.9237724,75.8268995,2020-02-20T09:06:03Z
26.9237723,75.8268995,2020-02-20T09:06:08Z
26.9237723,75.8268995,2020-02-20T09:06:14Z
26.9237722,75.8268995,2020-02-20T09:06:20Z
26.9237722,75.8268995,2020-02-20T09:06:26Z
26.9237725,75.8269023,2020-02-20T09:06:32Z
26.9237661,75.8269064,2020-02-20T09:06:38Z
26.9237647,75.8269089,2020-02-20T09:06:44Z
26.9237587,75.8269103,2020-02-20T09:06:50Z
26.9237565,75.8269023,2020-02-20T09:06:56Z
26.9237511,75.8269007,2020-02-20T09:07:02Z
26.9237532,75.8268968,2020-02-20T09:07:07Z
26.9237518,75.8268924,2020-02-20T09:07:13Z
26.9237524,75.8268930,2020-02-20T09:07:19Z
26.9237538,75.8268578,2020-02-20T09:07:25Z
26.9237558,75.8268524,2020-02-20T09:07:30Z
26.9237550,75.8268605,2020-02-20T09:07:35Z
26.9237568,75.8268739,2020-02-20T09:07:41Z
26.9237602,75.8268855,2020-02-20T09:07:47Z
26.9237921,75.8269114,2020-02-20T09:07:53Z
26.9238359,75.8269288,2020-02-20T09:07:59Z
26.9238835,75.8269648,2020-02-20T09:08:05Z
26.9239089,75.8269897,2020-02-20T09:08:11Z
26.9239478,75.8269858,2020-02-20T09:08:17Z
26.9239872,75.8270036,2020-02-20T09:08:23Z
26.9239997,75.8270028,2020-02-20T09:08:29Z
26.9240347,75.8270062,2020-02-20T09:08:34Z
26.9240778,75.8270253,2020-02-20T09:08:40Z
26.9241214,75.8270519,2020-02-20T09:08:46Z
26.9241476,75.8270631,2020-02-20T09:08:51Z
26.9241913,75.8270975,2020-02-20T09:08:57Z
26.9242542,75.8271075,2020-02-20T09:09:03Z
26.9243021,75.8271340,2020-02-20T09:09:09Z
26.9243522,75.8271473,2020-02-20T09:09:15Z
26.9244024,75.8271653,2020-02-20T09:09:21Z
26.9244444,75.8271839,2020-02-20T09:09:27Z
26.9244753,75.8271785,2020-02-20T09:09:33Z
26.9245361,75.8271870,2020-02-20T09:09:39Z
26.9245773,75.8271847,2020-02-20T09:09:45Z
26.9246347,75.8272078,2020-02-20T09:09:50Z
26.9246688,75.8272306,2020-02-20T09:09:56Z
26.9247066,75.8272498,2020-02-20T09:10:02Z
26.9247440,75.8272589,2020-02-20T09:10:08Z
26.9247799,75.8272552,2020-02-20T09:10:14Z
26.9248235,75.8272657,2020-02-20T09:10:20Z
26.9248669,75.8272733,2020-02-20T09:10:26Z
26.9249004,75.8272802,2020-02-20T09:10:31Z
26.9249732,75.8273025,2020-02-20T09:10:37Z
26.9250453,75.8272994,2020-02-20T09:10:43Z
26.9250942,75.8273167,2020-02-20T09:10:48Z
26.9251490,75.8273098,2020-02-20T09:10:54Z
26.9251586,75.8272970,2020-02-20T09:10:59Z
26.9252074,75.8273240,2020-02-20T09:11:05Z
26.9252235,75.8273228,2020-02-20T09:11:11Z
26.9252837,75.8273361,2020-02-20T09:11:17Z
26.9253204,75.8273196,2020-02-20T09:11:22Z
26.9253734,75.8273364,2020-02-20T09:11:28Z
26.9254228,75.8273514,2020-02-20T09:11:33Z
26.9254617,75.8273496,2020-02-20T09:11:39Z
26.9255164,75.8273496,2020-02-20T09:11:45Z
26.9255679,75.8273620,2020-02-20T09:11:51Z
26.9256066,75.8273868,2020-02-20T09:11:56Z
26.9256422,75.8274093,2020-02-20T09:12:02Z
26.9256594,75.8274124,2020-02-20T09:12:08Z
26.9256914,75.8273945,2020-02-20T09:12:14Z
26.9256977,75.8273941,2020-02-20T09:12:19Z
26.9257016,75.8273916,2020-02-20T09:12:25Z
26.9257016,75.8273915,2020-02-20T09:12:31Z
26.9257016,75.8273915,2020-02-20T09:12:36Z
26.9257227,75.8274177,2020-02-20T09:12:42Z
26.9257600,75.8274589,2020-02-20T09:12:48Z
26.9257822,75.8274703,2020-02-20T09:12:53Z
26.9258285,75.8274916,2020-02-20T09:12:59Z
26.9258488,75.8274996,2020-02-20T09:13:04Z
26.9258454,75.8274914,2020-02-20T09:13:10Z
26.9258463,75.8274956,2020-02-20T09:13:16Z
26.9258444,75.8274764,2020-02-20T09:13:22Z
26.9258439,75.8274772,2020-02-20T09:13:28Z
26.9258612,75.8274961,2020-02-20T09:13:34Z
26.9258592,75.8275120,2020-02-20T09:13:40Z
26.9258614,75.8275154,2020-02-20T09:13:46Z
26.9258697,75.8275292,2020-02-20T09:13:52Z
26.9259000,75.8275134,2020-02-20T09:13:58Z
26.9259390,75.8275310,2020-02-20T09:14:04Z
26.9259970,75.8275490,2020-02-20T09:14:10Z
26.9259962,75.8275466,2020-02-20T09:14:15Z
26.9260156,75.8275356,2020-02-20T09:14:21Z
26.9260449,75.8275645,2020-02-20T09:14:27Z
26.9260842,75.8275499,2020-02-20T09:14:32Z
26.9261138,75.8274750,2020-02-20T09:14:38Z
26.9261184,75.8274751,2020-02-20T09:14:44Z
26.9261256,75.8274767,2020-02-20T09:14:50Z
26.9261562,75.8274258,2020-02-20T09:14:56Z
26.9261533,75.8273510,2020-02-20T09:15:02Z
26.9261599,75.8272729,2020-02-20T09:15:08Z
26.9261810,75.8271983,2020-02-20T09:15:14Z
26.9261984,75.8271370,2020-02-20T09:15:20Z
26.9262045,75.8270860,2020-02-20T09:15:25Z
26.9262139,75.8270377,2020-02-20T09:15:30Z
26.9262138,75.8269688,2020-02-20T09:15:36Z
26.9262273,75.8269039,2020-02-20T09:15:42Z
26.9262522,75.8268368,2020-02-20T09:15:48Z
26.9262760,75.8267474,2020-02-20T09:15:54Z
26.9263370,75.8266587,2020-02-20T09:15:59Z
26.9262552,75.8266489,2020-02-20T09:16:05Z
26.9262188,75.8266800,2020-02-20T09:16:11Z
26.9262251,75.8266229,2020-02-20T09:16:17Z
26.9262398,75.8265816,2020-02-20T09:16:23Z
26.9262577,75.8264799,2020-02-20T09:16:29Z
26.9262726,75.8263996,2020-02-20T09:16:35Z
26.9262936,75.8263510,2020-02-20T09:16:41Z
26.9263129,75.8263052,2020-02-20T09:16:47Z
26.9263235,75.8262380,2020-02-20T09:16:52Z
26.9263512,75.8261692,2020-02-20T09:16:58Z
26.9263540,75.8261126,2020-02-20T09:17:03Z
26.9263749,75.8260411,2020-02-20T09:17:09Z
26.9264112,75.8259808,2020-02-20T09:17:15Z
26.9264058,75.8259164,2020-02-20T09:17:21Z
26.9263997,75.8258720,2020-02-20T09:17:26Z
26.9264114,75.8258404,2020-02-20T09:17:31Z
26.9264003,75.8257804,2020-02-20T09:17:37Z
26.9263714,75.8257128,2020-02-20T09:17:43Z
26.9263566,75.8256546,2020-02-20T09:17:49Z
26.9263285,75.8256140,2020-02-20T09:17:55Z
26.9263108,75.8256045,2020-02-20T09:18:00Z
26.9262754,75.8255927,2020-02-20T09:18:06Z
26.9262374,75.8255940,2020-02-20T09:18:11Z
26.9261969,75.8255464,2020-02-20T09:18:16Z
26.9261541,75.8255189,2020-02-20T09:18:22Z
26.9261177,75.8255085,2020-02-20T09:18:28Z
26.9260699,75.8254855,2020-02-20T09:18:34Z
26.9260129,75.8254793,2020-02-20T09:18:40Z
26.9259669,75.8254769,2020-02-20T09:18:45Z
26.9259188,75.8254693,2020-02-20T09:18:51Z
26.9259077,75.8254251,2020-02-20T09:18:57Z
26.9259111,75.8253697,2020-02-20T09:19:03Z
26.9258962,75.8253126,2020-02-20T09:19:09Z
26.9259038,75.8252527,2020-02-20T09:19:15Z
26.9259180,75.8252251,2020-02-20T09:19:21Z
26.9259296,75.8251761,2020-02-20T09:19:27Z
26.9259685,75.8251156,2020-02-20T09:19:33Z
26.9259792,75.8251044,2020-02-20T09:19:39Z
26.9259914,75.8250647,2020-02-20T09:19:45Z
26.9259978,75.8250519,2020-02-20T09:19:50Z
26.9259983,75.8250513,2020-02-20T09:19:56Z
26.9259947,75.8250514,2020-02-20T09:20:02Z
26.9259873,75.8250313,2020-02-20T09:20:08Z
26.9259873,75.8250203,2020-02-20T09:20:14Z
26.9259872,75.8250196,2020-02-20T09:20:20Z
26.9259872,75.8250198,2020-02-20T09:20:26Z
26.9260167,75.8250333,2020-02-20T09:20:32Z
26.9260788,75.8250477,2020-02-20T09:20:38Z
26.9260883,75.8250582,2020-02-20T09:20:44Z
26.9260954,75.8250464,2020-02-20T09:20:50Z
26.9261077,75.8250367,2020-02-20T09:20:56Z
26.9261166,75.8250350,2020-02-20T09:21:02Z
26.9261103,75.8250429,2020-02-20T09:21:08Z
26.9261033,75.8250849,2020-02-20T09:21:14Z
26.9260916,75.8250728,2020-02-20T09:21:20Z
26.9260748,75.8250424,2020-02-20T09:21:26Z
26.9260512,75.8249984,2020-02-20T09:21:31Z
26.9260513,75.8249933,2020-02-20T09:21:37Z
26.9260496,75.8249911,2020-02-20T09:21:43Z
26.9260482,75.8249906,2020-02-20T09:21:49Z
26.9260478,75.8249877,2020-02-20T09:21:55Z
26.9260478,75.8249870,2020-02-20T09:22:01Z
26.9260477,75.8249870,2020-02-20T09:22:06Z
26.9260544,75.8249982,2020-02-20T09:22:12Z
26.9260494,75.8249909,2020-02-20T09:22:18Z
26.9260507,75.8249772,2020-02-20T09:22:23Z
26.9260504,75.8249772,2020-02-20T09:22:28Z
26.9260503,75.8249775,2020-02-20T09:22:34Z
26.9260487,75.8249795,2020-02-20T09:22:40Z
26.9260489,75.8249794,2020-02-20T09:22:45Z
26.9260490,75.8249794,2020-02-20T09:22:51Z
26.9260491,75.8249796,2020-02-20T09:22:57Z
26.9260576,75.8249891,2020-02-20T09:23:03Z
26.9261252,75.8250037,2020-02-20T09:23:09Z
26.9261871,75.8250151,2020-02-20T09:23:15Z
26.9262774,75.8250332,2020-02-20T09:23:21Z
26.9264168,75.8250555,2020-02-20T09:23:26Z
26.9264990,75.8250896,2020-02-20T09:23:32Z
26.9265774,75.8250969,2020-02-20T09:23:37Z
26.9266222,75.8251687,2020-02-20T09:23:42Z
26.9265796,75.8253688,2020-02-20T09:23:48Z
26.9265512,75.8256132,2020-02-20T09:23:54Z
26.9265505,75.8256288,2020-02-20T09:24:00Z
26.9265265,75.8257091,2020-02-20T09:24:06Z
26.9265310,75.8258953,2020-02-20T09:24:11Z
26.9264688,75.8261325,2020-02-20T09:24:17Z
26.9264072,75.8263828,2020-02-20T09:24:23Z
26.9263476,75.8265473,2020-02-20T09:24:29Z
26.9262970,75.8267084,2020-02-20T09:24:34Z
26.9263058,75.8267883,2020-02-20T09:24:40Z
26.9262277,75.8271026,2020-02-20T09:24:46Z
26.9261680,75.8273611,2020-02-20T09:24:52Z
26.9261309,75.8275282,2020-02-20T09:24:58Z
26.9261139,75.8275948,2020-02-20T09:25:04Z
26.9261207,75.8276084,2020-02-20T09:25:10Z
26.9261231,75.8276076,2020-02-20T09:25:15Z
26.9261285,75.8276030,2020-02-20T09:25:20Z
26.9261285,75.8276213,2020-02-20T09:25:26Z
26.9261280,75.8276522,2020-02-20T09:25:32Z
26.9261355,75.8276638,2020-02-20T09:25:38Z
26.9261368,75.8276671,2020-02-20T09:25:44Z
26.9261163,75.8276748,2020-02-20T09:25:50Z
26.9261072,75.8277593,2020-02-20T09:25:56Z
26.9258936,75.8277282,2020-02-20T09:26:02Z
26.9256157,75.8276331,2020-02-20T09:26:07Z
26.9253478,75.8275394,2020-02-20T09:26:12Z
26.9252250,75.8274836,2020-02-20T09:26:18Z
26.9250703,75.8274359,2020-02-20T09:26:24Z
26.9247988,75.8273459,2020-02-20T09:26:29Z
26.9244882,75.8272713,2020-02-20T09:26:34Z
26.9241523,75.8272010,2020-02-20T09:26:39Z
26.9237705,75.8270931,2020-02-20T09:26:45Z
26.9235426,75.8270247,2020-02-20T09:26:50Z
26.9233084,75.8270060,2020-02-20T09:26:56Z
26.9231756,75.8270329,2020-02-20T09:27:02Z
26.9230272,75.8270540,2020-02-20T09:27:07Z
26.9228456,75.8269976,2020-02-20T09:27:12Z
26.9227988,75.8268134,2020-02-20T09:27:18Z
26.9228230,75.8267110,2020-02-20T09:27:24Z
26.9228833,75.8266015,2020-02-20T09:27:30Z
26.9229606,75.8265148,2020-02-20T09:27:35Z
26.9230158,75.8264426,2020-02-20T09:27:41Z
26.9230522,75.8263903,2020-02-20T09:27:47Z
26.9230776,75.8263154,2020-02-20T09:27:52Z
26.9231007,75.8262105,2020-02-20T09:27:58Z
26.9231306,75.8260960,2020-02-20T09:28:04Z
26.9231592,75.8259778,2020-02-20T09:28:09Z
26.9231950,75.8257497,2020-02-20T09:28:15Z
26.9232414,75.8255560,2020-02-20T09:28:20Z
26.9232650,75.8254415,2020-02-20T09:28:25Z
26.9233066,75.8252751,2020-02-20T09:28:31Z
26.9233515,75.8249777,2020-02-20T09:28:36Z
26.9234057,75.8246411,2020-02-20T09:28:42Z
26.9234681,75.8243182,2020-02-20T09:28:47Z
26.9234985,75.8241338,2020-02-20T09:28:53Z
26.9235164,75.8240936,2020-02-20T09:28:58Z
26.9235480,75.8239637,2020-02-20T09:29:03Z
26.9235786,75.8238025,2020-02-20T09:29:09Z
26.9236071,75.8236800,2020-02-20T09:29:14Z
26.9236034,75.8236195,2020-02-20T09:29:19Z
26.9236020,75.8235618,2020-02-20T09:29:25Z
26.9236109,75.8235564,2020-02-20T09:29:31Z
26.9236074,75.8235445,2020-02-20T09:29:36Z
26.9236088,75.8235556,2020-02-20T09:29:41Z
26.9236091,75.8235579,2020-02-20T09:29:47Z
26.9236088,75.8235567,2020-02-20T09:29:52Z
26.9236088,75.8235562,2020-02-20T09:29:57Z
26.9236088,75.8235562,2020-02-20T09:30:02Z
26.9236088,75.8235562,2020-02-20T09:30:08Z
26.9236087,75.8235558,2020-02-20T09:30:14Z
26.9236092,75.8235548,2020-02-20T09:30:20Z
26.9236364,75.8235038,2020-02-20T09:30:26Z
26.9236762,75.8234033,2020-02-20T09:30:32Z
26.9236902,75.8231732,2020-02-20T09:30:38Z
26.9236915,75.8230620,2020-02-20T09:30:43Z
26.9236914,75.8230070,2020-02-20T09:30:49Z
26.9237259,75.8228722,2020-02-20T09:30:54Z
26.9237227,75.8227527,2020-02-20T09:31:00Z
26.9234619,75.8226404,2020-02-20T09:31:06Z
26.9232523,75.8225630,2020-02-20T09:31:12Z
26.9230532,75.8224781,2020-02-20T09:31:18Z
26.9228132,75.8224346,2020-02-20T09:31:24Z
26.9226007,75.8223724,2020-02-20T09:31:29Z
26.9222420,75.8222922,2020-02-20T09:31:35Z
26.9219456,75.8222177,2020-02-20T09:31:41Z
26.9217074,75.8221307,2020-02-20T09:31:46Z
26.9213000,75.8220168,2020-02-20T09:31:52Z
26.9209836,75.8219066,2020-02-20T09:31:57Z
26.9207506,75.8218527,2020-02-20T09:32:03Z
26.9204699,75.8217899,2020-02-20T09:32:08Z
26.9201036,75.8217075,2020-02-20T09:32:14Z
26.9198274,75.8215963,2020-02-20T09:32:20Z
26.9195803,75.8215580,2020-02-20T09:32:25Z
26.9192351,75.8214732,2020-02-20T09:32:31Z
26.9189317,75.8213801,2020-02-20T09:32:37Z
26.9185423,75.8212720,2020-02-20T09:32:43Z
26.9181314,75.8211344,2020-02-20T09:32:49Z
26.9178506,75.8210542,2020-02-20T09:32:54Z
26.9175620,75.8209900,2020-02-20T09:33:00Z
26.9173391,75.8209314,2020-02-20T09:33:05Z
26.9172972,75.8208714,2020-02-20T09:33:11Z
26.9173100,75.8208672,2020-02-20T09:33:16Z
26.9173216,75.8208756,2020-02-20T09:33:22Z
26.9173215,75.8208754,2020-02-20T09:33:27Z
26.9173217,75.8208756,2020-02-20T09:33:33Z
26.9173217,75.8208755,2020-02-20T09:33:38Z
26.9173217,75.8208755,2020-02-20T09:33:44Z
26.9173217,75.8208756,2020-02-20T09:33:50Z
26.9173217,75.8208754,2020-02-20T09:33:56Z
26.9173217,75.8208754,2020-02-20T09:34:01Z
26.9173217,75.8208754,2020-02-20T09:34:07Z
26.9173217,75.8208755,2020-02-20T09:34:13Z
26.9173217,75.8208756,2020-02-20T09:34:18Z
26.9173218,75.8208760,2020-02-20T09:34:24Z
26.9173218,75.8208761,2020-02-20T09:34:30Z
26.9173218,75.8208762,2020-02-20T09:34:36Z
26.9172435,75.8208473,2020-02-20T09:34:42Z
26.9170022,75.8208036,2020-02-20T09:34:47Z
26.9168598,75.8207544,2020-02-20T09:34:52Z
26.9166516,75.8207235,2020-02-20T09:34:58Z
26.9164862,75.8206808,2020-02-20T09:35:04Z
26.9162610,75.8206106,2020-02-20T09:35:10Z
26.9160188,75.8204721,2020-02-20T09:35:15Z
26.9159987,75.8202623,2020-02-20T09:35:20Z
26.9160994,75.8198496,2020-02-20T09:35:26Z
26.9161979,75.8192552,2020-02-20T09:35:32Z
26.9162815,75.8187310,2020-02-20T09:35:38Z
26.9163071,75.8185049,2020-02-20T09:35:43Z
26.9161746,75.8180701,2020-02-20T09:35:48Z
26.9158932,75.8175539,2020-02-20T09:35:54Z
26.9157001,75.8173103,2020-02-20T09:35:59Z
26.9154684,75.8169988,2020-02-20T09:36:05Z
26.9151320,75.8168893,2020-02-20T09:36:11Z
26.9148800,75.8168274,2020-02-20T09:36:16Z
26.9145816,75.8167094,2020-02-20T09:36:22Z
26.9143064,75.8166540,2020-02-20T09:36:28Z
26.9141473,75.8165714,2020-02-20T09:36:33Z
26.9138579,75.8165262,2020-02-20T09:36:39Z
26.9134330,75.8163980,2020-02-20T09:36:45Z
26.9130557,75.8163182,2020-02-20T09:36:51Z
26.9126642,75.8161721,2020-02-20T09:36:57Z
26.9125733,75.8161642,2020-02-20T09:37:03Z
26.9125459,75.8161692,2020-02-20T09:37:08Z
26.9125373,75.8161620,2020-02-20T09:37:13Z
26.9125268,75.8161687,2020-02-20T09:37:19Z
26.9125264,75.8161698,2020-02-20T09:37:24Z
26.9124907,75.8161607,2020-02-20T09:37:30Z
26.9123580,75.8160371,2020-02-20T09:37:36Z
26.9123803,75.8157482,2020-02-20T09:37:41Z
26.9125017,75.8153166,2020-02-20T09:37:47Z
26.9125986,75.8148398,2020-02-20T09:37:53Z
26.9126916,75.8143467,2020-02-20T09:37:59Z
26.9127831,75.8139125,2020-02-20T09:38:04Z
26.9128826,75.8133651,2020-02-20T09:38:10Z
26.9129727,75.8128594,2020-02-20T09:38:16Z
26.9130264,75.8125003,2020-02-20T09:38:22Z
26.9130750,75.8121966,2020-02-20T09:38:28Z
26.9131374,75.8118589,2020-02-20T09:38:34Z
26.9131742,75.8117826,2020-02-20T09:38:39Z
26.9132605,75.8116209,2020-02-20T09:38:45Z
26.9132963,75.8113106,2020-02-20T09:38:50Z
26.9133870,75.8108226,2020-02-20T09:38:56Z
26.9134960,75.8104156,2020-02-20T09:39:01Z
26.9135822,75.8098805,2020-02-20T09:39:07Z
26.9136839,75.8093936,2020-02-20T09:39:13Z
26.9137531,75.8090697,2020-02-20T09:39:19Z
26.9137687,75.8089539,2020-02-20T09:39:24Z
26.9137876,75.8088466,2020-02-20T09:39:30Z
26.9137856,75.8088332,2020-02-20T09:39:35Z
26.9137893,75.8088391,2020-02-20T09:39:41Z
26.9137916,75.8088372,2020-02-20T09:39:47Z
26.9137912,75.8088365,2020-02-20T09:39:53Z
26.9137914,75.8088364,2020-02-20T09:39:59Z
26.9137918,75.8088359,2020-02-20T09:40:05Z
26.9137925,75.8088351,2020-02-20T09:40:10Z
26.9138099,75.8087816,2020-02-20T09:40:16Z
26.9138511,75.8085554,2020-02-20T09:40:22Z
26.9139316,75.8082573,2020-02-20T09:40:28Z
26.9140123,75.8078480,2020-02-20T09:40:34Z
26.9140938,75.8075136,2020-02-20T09:40:40Z
26.9141646,75.8072025,2020-02-20T09:40:46Z
26.9141837,75.8069856,2020-02-20T09:40:51Z
26.9142695,75.8066941,2020-02-20T09:40:56Z
26.9143173,75.8064450,2020-02-20T09:41:01Z
26.9143646,75.8062061,2020-02-20T09:41:07Z
26.9143771,75.8060611,2020-02-20T09:41:12Z
26.9143560,75.8058622,2020-02-20T09:41:18Z
26.9143785,75.8056976,2020-02-20T09:41:24Z
26.9144933,75.8055285,2020-02-20T09:41:29Z
26.9145594,75.8053154,2020-02-20T09:41:35Z
26.9145852,75.8051666,2020-02-20T09:41:40Z
26.9146261,75.8049340,2020-02-20T09:41:45Z
26.9146747,75.8046054,2020-02-20T09:41:51Z
26.9147415,75.8043718,2020-02-20T09:41:57Z
26.9147970,75.8041141,2020-02-20T09:42:03Z
26.9148650,75.8038430,2020-02-20T09:42:09Z
26.9149201,75.8035177,2020-02-20T09:42:14Z
26.9149839,75.8032391,2020-02-20T09:42:19Z
26.9150618,75.8029456,2020-02-20T09:42:25Z
26.9150706,75.8029626,2020-02-20T09:42:31Z
26.9151300,75.8027057,2020-02-20T09:42:36Z
26.9152170,75.8023289,2020-02-20T09:42:41Z
26.9153099,75.8017894,2020-02-20T09:42:47Z
26.9153854,75.8014530,2020-02-20T09:42:53Z
26.9154104,75.8013689,2020-02-20T09:42:59Z
26.9154094,75.8013592,2020-02-20T09:43:05Z
26.9154100,75.8013591,2020-02-20T09:43:10Z
26.9154069,75.8013575,2020-02-20T09:43:16Z
26.9154235,75.8012992,2020-02-20T09:43:21Z
26.9154683,75.8011380,2020-02-20T09:43:27Z
26.9155452,75.8009521,2020-02-20T09:43:33Z
26.9155985,75.8007298,2020-02-20T09:43:39Z
26.9157520,75.8005474,2020-02-20T09:43:45Z
26.9159813,75.8005885,2020-02-20T09:43:50Z
26.9163775,75.8007054,2020-02-20T09:43:56Z
26.9166127,75.8007832,2020-02-20T09:44:01Z
26.9167886,75.8006588,2020-02-20T09:44:07Z
26.9167926,75.8004575,2020-02-20T09:44:13Z
26.9167647,75.8003195,2020-02-20T09:44:18Z
26.9166694,75.7999027,2020-02-20T09:44:24Z
26.9164842,75.7994435,2020-02-20T09:44:30Z
26.9164334,75.7991186,2020-02-20T09:44:36Z
26.9165003,75.7990428,2020-02-20T09:44:41Z
26.9166105,75.7990190,2020-02-20T09:44:47Z
26.9167432,75.7991031,2020-02-20T09:44:52Z
26.9170108,75.7992134,2020-02-20T09:44:58Z
26.9173342,75.7993664,2020-02-20T09:45:04Z
26.9175891,75.7994805,2020-02-20T09:45:09Z
26.9178762,75.7996374,2020-02-20T09:45:15Z
26.9180812,75.7997649,2020-02-20T09:45:21Z
26.9182470,75.7998372,2020-02-20T09:45:27Z
26.9183698,75.7997819,2020-02-20T09:45:32Z
26.9184706,75.7994752,2020-02-20T09:45:38Z
26.9185596,75.7991453,2020-02-20T09:45:44Z
26.9186210,75.7989005,2020-02-20T09:45:49Z
26.9187091,75.7986576,2020-02-20T09:45:55Z
26.9187373,75.7986073,2020-02-20T09:46:00Z
26.9187571,75.7985770,2020-02-20T09:46:05Z
26.9187868,75.7984946,2020-02-20T09:46:11Z
26.9189303,75.7981329,2020-02-20T09:46:17Z
26.9191090,75.7975832,2020-02-20T09:46:23Z
26.9192715,75.7972380,2020-02-20T09:46:28Z
26.9193209,75.7970222,2020-02-20T09:46:33Z
26.9193506,75.7969521,2020-02-20T09:46:39Z
26.9194439,75.7967038,2020-02-20T09:46:44Z
26.9195764,75.7963461,2020-02-20T09:46:50Z
26.9197239,75.7958994,2020-02-20T09:46:56Z
26.9198701,75.7954242,2020-02-20T09:47:02Z
26.9199723,75.7950589,2020-02-20T09:47:07Z
26.9200954,75.7945938,2020-02-20T09:47:13Z
26.9202312,75.7942264,2020-02-20T09:47:19Z
26.9204803,75.7941011,2020-02-20T09:47:25Z
26.9206032,75.7940445,2020-02-20T09:47:30Z
26.9207348,75.7940502,2020-02-20T09:47:36Z
26.9209430,75.7940134,2020-02-20T09:47:42Z
26.9212410,75.7939524,2020-02-20T09:47:48Z
26.9216102,75.7938628,2020-02-20T09:47:53Z
26.9220960,75.7937593,2020-02-20T09:47:59Z
26.9225706,75.7936628,2020-02-20T09:48:05Z
26.9229776,75.7935696,2020-02-20T09:48:11Z
26.9233340,75.7935088,2020-02-20T09:48:17Z
26.9236020,75.7934292,2020-02-20T09:48:23Z
26.9238097,75.7933666,2020-02-20T09:48:29Z
26.9239580,75.7933466,2020-02-20T09:48:34Z
26.9240870,75.7933439,2020-02-20T09:48:40Z
26.9241728,75.7933019,2020-02-20T09:48:45Z
26.9242312,75.7933054,2020-02-20T09:48:50Z
26.9243602,75.7932847,2020-02-20T09:48:56Z
26.9246084,75.7932148,2020-02-20T09:49:02Z
26.9250385,75.7931264,2020-02-20T09:49:08Z
26.9252876,75.7930516,2020-02-20T09:49:13Z
26.9254774,75.7929039,2020-02-20T09:49:19Z
26.9256227,75.7926076,2020-02-20T09:49:24Z
26.9257531,75.7924094,2020-02-20T09:49:30Z
26.9258586,75.7923220,2020-02-20T09:49:36Z
26.9260901,75.7922224,2020-02-20T09:49:42Z
26.9263653,75.7922086,2020-02-20T09:49:48Z
26.9266203,75.7923918,2020-02-20T09:49:54Z
26.9267322,75.7925844,2020-02-20T09:50:00Z
26.9268010,75.7928648,2020-02-20T09:50:06Z
26.9266694,75.7932272,2020-02-20T09:50:12Z
26.9264454,75.7934477,2020-02-20T09:50:17Z
26.9260796,75.7935276,2020-02-20T09:50:23Z
26.9257955,75.7934106,2020-02-20T09:50:28Z
26.9255653,75.7931421,2020-02-20T09:50:34Z
26.9252343,75.7931004,2020-02-20T09:50:40Z
26.9248984,75.7931778,2020-02-20T09:50:46Z
26.9246273,75.7932680,2020-02-20T09:50:51Z
26.9244114,75.7933256,2020-02-20T09:50:57Z
26.9242365,75.7933584,2020-02-20T09:51:03Z
26.9240346,75.7934144,2020-02-20T09:51:08Z
26.9237988,75.7934744,2020-02-20T09:51:14Z
26.9234477,75.7935278,2020-02-20T09:51:20Z
26.9230916,75.7935981,2020-02-20T09:51:25Z
26.9226774,75.7937142,2020-02-20T09:51:31Z
26.9225067,75.7937746,2020-02-20T09:51:36Z
26.9224049,75.7938284,2020-02-20T09:51:42Z
26.9224146,75.7940025,2020-02-20T09:51:48Z
26.9224817,75.7942418,2020-02-20T09:51:54Z
26.9225650,75.7944107,2020-02-20T09:52:00Z
26.9225555,75.7946220,2020-02-20T09:52:06Z
26.9224760,75.7946614,2020-02-20T09:52:12Z
26.9222268,75.7945931,2020-02-20T09:52:18Z
26.9220209,75.7945334,2020-02-20T09:52:23Z
26.9218328,75.7945014,2020-02-20T09:52:29Z
26.9217751,75.7945485,2020-02-20T09:52:35Z
26.9217776,75.7944903,2020-02-20T09:52:40Z
26.9217729,75.7944550,2020-02-20T09:52:46Z
26.9217934,75.7945143,2020-02-20T09:52:52Z
26.9217858,75.7945074,2020-02-20T09:52:57Z
26.9217892,75.7945098,2020-02-20T09:53:03Z
26.9217866,75.7945258,2020-02-20T09:53:08Z
26.9217656,75.7945123,2020-02-20T09:53:13Z
26.9217784,75.7945073,2020-02-20T09:53:19Z
26.9217711,75.7945010,2020-02-20T09:53:25Z
26.9217661,75.7944977,2020-02-20T09:53:31Z
26.9217680,75.7944969,2020-02-20T09:53:37Z
26.9217679,75.7944964,2020-02-20T09:53:42Z
26.9217466,75.7945159,2020-02-20T09:53:48Z
26.9217101,75.7945129,2020-02-20T09:53:53Z
26.9216708,75.7945071,2020-02-20T09:53:58Z
26.9216937,75.7945352,2020-02-20T09:54:04Z
26.9216865,75.7945366,2020-02-20T09:54:09Z
26.9216704,75.7945499,2020-02-20T09:54:15Z
26.9216736,75.7945529,2020-02-20T09:54:21Z
26.9217544,75.7945506,2020-02-20T09:54:27Z
26.9217515,75.7946021,2020-02-20T09:54:32Z
26.9217686,75.7946098,2020-02-20T09:54:38Z
26.9217803,75.7946221,2020-02-20T09:54:44Z
26.9217784,75.7946360,2020-02-20T09:54:49Z
26.9217774,75.7946454,2020-02-20T09:54:55Z
26.9217766,75.7946489,2020-02-20T09:55:01Z
26.9217762,75.7946506,2020-02-20T09:55:07Z
26.9217761,75.7946508,2020-02-20T09:55:13Z
26.9217759,75.7946513,2020-02-20T09:55:18Z
26.9217753,75.7946517,2020-02-20T09:55:24Z
26.9217753,75.7946519,2020-02-20T09:55:30Z
26.9217752,75.7946527,2020-02-20T09:55:35Z
26.9217750,75.7946534,2020-02-20T09:55:40Z
26.9217746,75.7946546,2020-02-20T09:55:46Z
26.9217757,75.7946560,2020-02-20T09:55:52Z
26.9217650,75.7946559,2020-02-20T09:55:57Z
26.9217560,75.7946697,2020-02-20T09:56:02Z
26.9217527,75.7946779,2020-02-20T09:56:08Z
26.9217527,75.7946778,2020-02-20T09:56:14Z
26.8840088,75.8995981,2018-11-30T06:33:16Z
26.8845227,75.8977828,2018-11-30T06:33:29Z
26.8848069,75.8967795,2018-11-30T06:33:38Z
26.8852658,75.8950756,2018-11-30T06:33:51Z
26.8859158,75.8926850,2018-11-30T06:34:07Z
26.8866332,75.8900555,2018-11-30T06:34:24Z
26.8872389,75.8878065,2018-11-30T06:34:39Z
26.8879639,75.8849630,2018-11-30T06:34:57Z
26.8881488,75.8842411,2018-11-30T06:35:03Z
26.8884565,75.8830538,2018-11-30T06:35:14Z
26.8889489,75.8810657,2018-11-30T06:35:29Z
26.8894998,75.8788486,2018-11-30T06:35:44Z
26.8901893,75.8763507,2018-11-30T06:36:00Z
26.8905658,75.8750061,2018-11-30T06:36:10Z
26.8907079,75.8745026,2018-11-30T06:36:17Z
26.8908275,75.8738854,2018-11-30T06:36:26Z
26.8911119,75.8728739,2018-11-30T06:36:36Z
26.8916147,75.8711953,2018-11-30T06:36:50Z
26.8922928,75.8689768,2018-11-30T06:37:06Z
26.8929774,75.8670856,2018-11-30T06:37:20Z
26.8933870,75.8660347,2018-11-30T06:37:30Z
26.8934779,75.8658580,2018-11-30T06:37:33Z
26.8935905,75.8656923,2018-11-30T06:37:40Z
26.8938148,75.8653280,2018-11-30T06:37:48Z
26.8943768,75.8644311,2018-11-30T06:38:01Z
26.8948938,75.8634939,2018-11-30T06:38:12Z
26.8952971,75.8622409,2018-11-30T06:38:24Z
26.8953421,75.8619177,2018-11-30T06:38:27Z
26.8953372,75.8618029,2018-11-30T06:38:28Z
26.8952917,75.8614760,2018-11-30T06:38:31Z
26.8952658,75.8613750,2018-11-30T06:38:32Z
26.8952353,75.8612759,2018-11-30T06:38:33Z
26.8949850,75.8607894,2018-11-30T06:38:38Z
26.8949166,75.8607048,2018-11-30T06:38:39Z
26.8940506,75.8597432,2018-11-30T06:38:50Z
26.8930887,75.8584253,2018-11-30T06:39:03Z
26.8929197,75.8576506,2018-11-30T06:39:09Z
26.8929196,75.8574023,2018-11-30T06:39:11Z
26.8929399,75.8572742,2018-11-30T06:39:12Z
26.8929643,75.8571611,2018-11-30T06:39:13Z
26.8929893,75.8570426,2018-11-30T06:39:14Z
26.8930104,75.8569244,2018-11-30T06:39:15Z
26.8962966,75.8484877,2018-11-30T06:40:40Z
26.8972352,75.8477000,2018-11-30T06:40:51Z
26.8981021,75.8475059,2018-11-30T06:40:59Z
26.8990264,75.8473723,2018-11-30T06:41:09Z
26.8992531,75.8473433,2018-11-30T06:41:14Z
26.8993985,75.8473105,2018-11-30T06:41:25Z
26.8993492,75.8472515,2018-11-30T06:41:45Z
26.8995442,75.8472377,2018-11-30T06:41:56Z
26.9000779,75.8470624,2018-11-30T06:42:05Z
26.9004857,75.8467723,2018-11-30T06:42:11Z
26.9005453,75.8467006,2018-11-30T06:42:12Z
26.9005968,75.8466263,2018-11-30T06:42:13Z
26.9006443,75.8465450,2018-11-30T06:42:14Z
26.9006873,75.8464528,2018-11-30T06:42:15Z
26.9007252,75.8463537,2018-11-30T06:42:16Z
26.9007571,75.8462554,2018-11-30T06:42:17Z
26.9007851,75.8461558,2018-11-30T06:42:18Z
26.9009246,75.8450785,2018-11-30T06:42:28Z
26.9008933,75.8446204,2018-11-30T06:42:34Z
26.9008741,75.8445593,2018-11-30T06:42:41Z
26.9008487,75.8445126,2018-11-30T06:42:47Z
26.9008411,75.8444986,2018-11-30T06:42:48Z
26.9008289,75.8444791,2018-11-30T06:42:49Z
26.9006164,75.8441399,2018-11-30T06:42:58Z
26.9005566,75.8440115,2018-11-30T06:43:00Z
26.9005415,75.8439337,2018-11-30T06:43:01Z
26.9005408,75.8438716,2018-11-30T06:43:02Z
26.9005455,75.8438211,2018-11-30T06:43:03Z
26.9005606,75.8437608,2018-11-30T06:43:04Z
26.9005879,75.8437057,2018-11-30T06:43:05Z
26.9006220,75.8436572,2018-11-30T06:43:06Z
26.9006609,75.8436155,2018-11-30T06:43:07Z
26.9007054,75.8435840,2018-11-30T06:43:08Z
26.9007616,75.8435601,2018-11-30T06:43:09Z
26.9008130,75.8435488,2018-11-30T06:43:10Z
26.9008681,75.8435451,2018-11-30T06:43:11Z
26.9009328,75.8435459,2018-11-30T06:43:12Z
26.9018778,75.8435503,2018-11-30T06:43:25Z
26.9029221,75.8435840,2018-11-30T06:43:36Z
26.9033203,75.8437237,2018-11-30T06:43:42Z
26.9035056,75.8438249,2018-11-30T06:43:49Z
26.9037748,75.8440277,2018-11-30T06:43:59Z
26.9041940,75.8443932,2018-11-30T06:44:09Z
26.9045029,75.8446541,2018-11-30T06:44:18Z
26.9045467,75.8446796,2018-11-30T06:44:19Z
26.9051060,75.8450636,2018-11-30T06:44:30Z
26.9058560,75.8456074,2018-11-30T06:44:41Z
26.9067143,75.8461731,2018-11-30T06:44:53Z
26.9074406,75.8465129,2018-11-30T06:45:03Z
26.9086997,75.8468068,2018-11-30T06:45:17Z
26.9091283,75.8469101,2018-11-30T06:45:24Z
26.9100710,75.8471096,2018-11-30T06:45:36Z
26.9106507,75.8472293,2018-11-30T06:45:45Z
26.9109190,75.8472875,2018-11-30T06:45:54Z
26.9112588,75.8473658,2018-11-30T06:46:03Z
26.9121254,75.8475552,2018-11-30T06:46:16Z
26.9131842,75.8477950,2018-11-30T06:46:29Z
26.9139079,75.8479585,2018-11-30T06:46:39Z
26.9150733,75.8482323,2018-11-30T06:46:52Z
26.9161642,75.8484832,2018-11-30T06:47:06Z
26.9176621,75.8488401,2018-11-30T06:47:24Z
26.9179048,75.8488748,2018-11-30T06:47:29Z
26.9179769,75.8488635,2018-11-30T06:47:39Z
26.9179603,75.8488674,2018-11-30T06:47:55Z
26.9179492,75.8488710,2018-11-30T06:48:20Z
26.9180907,75.8488838,2018-11-30T06:48:35Z
26.9184964,75.8489169,2018-11-30T06:48:48Z
26.9188557,75.8488497,2018-11-30T06:48:56Z
26.9195228,75.8485521,2018-11-30T06:49:05Z
26.9204433,75.8478481,2018-11-30T06:49:16Z
26.9211191,75.8472734,2018-11-30T06:49:26Z
26.9217418,75.8467484,2018-11-30T06:49:36Z
26.9227867,75.8459530,2018-11-30T06:49:48Z
26.9235884,75.8455965,2018-11-30T06:49:57Z
26.9246372,75.8454558,2018-11-30T06:50:09Z
26.9251832,75.8454157,2018-11-30T06:50:17Z
26.9258082,75.8453546,2018-11-30T06:50:27Z
26.9267080,75.8452033,2018-11-30T06:50:37Z
26.9280140,75.8449997,2018-11-30T06:50:51Z
26.9288159,75.8448898,2018-11-30T06:51:03Z
26.9296123,75.8448834,2018-11-30T06:51:13Z
26.9305295,75.8450397,2018-11-30T06:51:24Z
26.9309464,75.8451512,2018-11-30T06:51:32Z
26.9319962,75.8453946,2018-11-30T06:51:45Z
26.9335156,75.8457077,2018-11-30T06:52:01Z
26.9340449,75.8457893,2018-11-30T06:52:09Z
26.9341872,75.8458075,2018-11-30T06:52:17Z
26.9345220,75.8458876,2018-11-30T06:52:26Z
26.9352054,75.8460152,2018-11-30T06:52:34Z
26.9365232,75.8462479,2018-11-30T06:52:45Z
26.9378472,75.8465235,2018-11-30T06:52:56Z
26.9387196,75.8467905,2018-11-30T06:53:05Z
26.9391286,75.8470456,2018-11-30T06:53:13Z
26.9397758,75.8475894,2018-11-30T06:53:22Z
26.9407504,75.8483140,2018-11-30T06:53:32Z
26.9415093,75.8487354,2018-11-30T06:53:40Z
26.9425541,75.8492033,2018-11-30T06:53:50Z
26.9439432,75.8498754,2018-11-30T06:54:02Z
26.9448321,75.8500545,2018-11-30T06:54:10Z
26.9455651,75.8500994,2018-11-30T06:54:18Z
26.9458146,75.8501488,2018-11-30T06:54:24Z
26.9460033,75.8501362,2018-11-30T06:54:32Z
26.9460492,75.8500894,2018-11-30T06:54:34Z
26.9460724,75.8500457,2018-11-30T06:54:35Z
26.9460876,75.8499939,2018-11-30T06:54:36Z
26.9460942,75.8499340,2018-11-30T06:54:37Z
26.9460965,75.8498708,2018-11-30T06:54:38Z
26.9460719,75.8490602,2018-11-30T06:54:48Z
26.9460842,75.8478079,2018-11-30T06:54:59Z
26.9460857,75.8473288,2018-11-30T06:55:05Z
26.9460864,75.8464478,2018-11-30T06:55:22Z
26.9460929,75.8457034,2018-11-30T06:55:34Z
26.9461023,75.8453785,2018-11-30T06:55:41Z
26.9461054,75.8449886,2018-11-30T06:55:51Z
26.9461038,75.8442582,2018-11-30T06:56:01Z
26.9461773,75.8435391,2018-11-30T06:56:12Z
26.9461836,75.8429916,2018-11-30T06:56:22Z
26.9461654,75.8420990,2018-11-30T06:56:35Z
26.9461313,75.8414994,2018-11-30T06:56:46Z
26.9461206,75.8408316,2018-11-30T06:56:57Z
26.9461179,75.8406076,2018-11-30T06:57:05Z
26.9461115,75.8405744,2018-11-30T06:57:14Z
26.9461211,75.8405697,2018-11-30T06:57:35Z
26.9461209,75.8404915,2018-11-30T06:57:56Z
26.9461378,75.8402739,2018-11-30T06:58:05Z
26.9461327,75.8402735,2018-11-30T06:58:17Z
26.9460997,75.8402871,2018-11-30T06:58:38Z
26.9461246,75.8402707,2018-11-30T06:59:03Z
26.9461380,75.8401957,2018-11-30T06:59:24Z
26.9462914,75.8400383,2018-11-30T06:59:31Z
26.9465946,75.8401274,2018-11-30T06:59:41Z
26.9469747,75.8402064,2018-11-30T06:59:55Z
26.9471909,75.8402560,2018-11-30T07:00:05Z
26.9472061,75.8402706,2018-11-30T07:00:19Z
26.9472147,75.8403142,2018-11-30T07:00:24Z
26.9472098,75.8403361,2018-11-30T07:00:25Z
26.9472015,75.8403538,2018-11-30T07:00:26Z
26.9471869,75.8403676,2018-11-30T07:00:27Z
26.9471645,75.8403777,2018-11-30T07:00:28Z
26.9471331,75.8403810,2018-11-30T07:00:29Z
26.9470962,75.8403734,2018-11-30T07:00:30Z
26.9470678,75.8403674,2018-11-30T07:00:31Z
26.9465460,75.8402189,2018-11-30T07:00:42Z
26.9463473,75.8401839,2018-11-30T07:00:50Z
26.9463670,75.8402056,2018-11-30T07:01:06Z
26.9462304,75.8401845,2018-11-30T07:01:22Z
26.9457472,75.8400286,2018-11-30T07:01:35Z
26.9455760,75.8400310,2018-11-30T07:01:44Z
26.9456034,75.8400233,2018-11-30T07:02:06Z
26.9455997,75.8400235,2018-11-30T07:02:28Z
26.9455724,75.8400154,2018-11-30T07:02:32Z
26.9453822,75.8399855,2018-11-30T07:02:44Z
26.9452709,75.8399920,2018-11-30T07:02:57Z
26.9452809,75.8400035,2018-11-30T07:03:14Z
26.9452695,75.8399999,2018-11-30T07:03:49Z
26.9452859,75.8400052,2018-11-30T07:04:23Z
26.9452848,75.8400067,2018-11-30T07:04:56Z
26.9452793,75.8400058,2018-11-30T07:05:32Z
26.9452728,75.8400161,2018-11-30T07:06:07Z
26.9452744,75.8400018,2018-11-30T07:06:36Z
26.9452708,75.8399913,2018-11-30T07:07:08Z
26.9452719,75.8399854,2018-11-30T07:07:45Z
26.9452713,75.8399849,2018-11-30T07:08:20Z
26.9452838,75.8399911,2018-11-30T07:08:56Z
26.9452760,75.8399782,2018-11-30T07:09:36Z
26.9452866,75.8399723,2018-11-30T07:10:09Z
26.9452742,75.8399694,2018-11-30T07:10:43Z
26.9452626,75.8399770,2018-11-30T07:11:26Z
26.9452589,75.8399775,2018-11-30T07:12:04Z
26.9452490,75.8399823,2018-11-30T07:12:44Z
26.9452726,75.8399805,2018-11-30T07:13:24Z
26.9453016,75.8399840,2018-11-30T07:14:03Z
26.9452996,75.8399898,2018-11-30T07:14:40Z
26.9453046,75.8399921,2018-11-30T07:15:18Z
26.9452992,75.8399839,2018-11-30T07:15:58Z
26.9452889,75.8400048,2018-11-30T07:16:33Z
26.9453125,75.8399921,2018-11-30T07:17:09Z
26.9453195,75.8399935,2018-11-30T07:17:40Z
26.9453142,75.8400109,2018-11-30T07:18:17Z
26.9452977,75.8399904,2018-11-30T07:18:57Z
26.9453007,75.8399690,2018-11-30T07:19:33Z
26.9453001,75.8399842,2018-11-30T07:20:09Z
26.9452932,75.8399699,2018-11-30T07:20:52Z
26.9452802,75.8399842,2018-11-30T07:21:31Z
26.9452718,75.8399761,2018-11-30T07:22:13Z
26.9452607,75.8399795,2018-11-30T07:22:51Z
26.9452551,75.8399745,2018-11-30T07:23:26Z
26.9452461,75.8399710,2018-11-30T07:24:02Z
26.9452531,75.8399691,2018-11-30T07:24:27Z
26.9452562,75.8399743,2018-11-30T07:25:01Z
26.9452372,75.8399908,2018-11-30T07:25:34Z
26.9452346,75.8399868,2018-11-30T07:26:05Z
26.9452458,75.8400051,2018-11-30T07:26:45Z
26.9452382,75.8399959,2018-11-30T07:27:21Z
26.9452363,75.8399880,2018-11-30T07:27:54Z
26.9452264,75.8399882,2018-11-30T07:28:31Z
26.9452128,75.8399829,2018-11-30T07:29:08Z
26.9452396,75.8399939,2018-11-30T07:29:49Z
26.9452469,75.8399816,2018-11-30T07:30:27Z
26.9452365,75.8399909,2018-11-30T07:31:06Z
26.9452544,75.8399901,2018-11-30T07:31:43Z
26.9452573,75.8399928,2018-11-30T07:32:17Z
26.9452677,75.8399943,2018-11-30T07:32:56Z
26.9452744,75.8399955,2018-11-30T07:33:31Z
26.9453036,75.8400051,2018-11-30T07:34:06Z
26.9453105,75.8400009,2018-11-30T07:34:35Z
26.9453044,75.8400057,2018-11-30T07:35:02Z
26.9453079,75.8400097,2018-11-30T07:35:25Z
26.9453084,75.8400149,2018-11-30T07:35:59Z
26.9452832,75.8400132,2018-11-30T07:36:37Z
26.9452739,75.8400246,2018-11-30T07:37:11Z
26.9452879,75.8400232,2018-11-30T07:37:39Z
26.9452870,75.8400149,2018-11-30T07:38:19Z
26.9453002,75.8400123,2018-11-30T07:38:53Z
26.9452854,75.8399943,2018-11-30T07:39:25Z
26.9452979,75.8399942,2018-11-30T07:39:56Z
26.9453254,75.8400056,2018-11-30T07:40:28Z
26.9453392,75.8400157,2018-11-30T07:41:03Z
26.9453350,75.8400290,2018-11-30T07:41:39Z
26.9453349,75.8400204,2018-11-30T07:42:16Z
26.9453501,75.8400093,2018-11-30T07:42:50Z
26.9453514,75.8400036,2018-11-30T07:43:21Z
26.9453356,75.8400015,2018-11-30T07:43:47Z
26.9453294,75.8399931,2018-11-30T07:44:15Z
26.9453119,75.8399972,2018-11-30T07:44:39Z
26.9453070,75.8399952,2018-11-30T07:45:11Z
26.9453195,75.8400053,2018-11-30T07:45:40Z
26.9453003,75.8399808,2018-11-30T07:46:13Z
26.9453025,75.8399768,2018-11-30T07:46:38Z
26.9453114,75.8399758,2018-11-30T07:47:09Z
26.9453040,75.8399791,2018-11-30T07:47:42Z
26.9452845,75.8399761,2018-11-30T07:48:14Z
26.9452833,75.8399882,2018-11-30T07:48:47Z
26.9453045,75.8399959,2018-11-30T07:49:16Z
26.9453150,75.8399993,2018-11-30T07:49:51Z
26.9452944,75.8400026,2018-11-30T07:50:24Z
26.9453084,75.8399955,2018-11-30T07:50:48Z
26.9452945,75.8399879,2018-11-30T07:51:18Z
26.9453081,75.8399926,2018-11-30T07:51:39Z
26.9453135,75.8399916,2018-11-30T07:52:07Z
26.9453112,75.8399897,2018-11-30T07:52:40Z
26.9453059,75.8399822,2018-11-30T07:53:14Z
26.9453147,75.8399916,2018-11-30T07:53:45Z
26.9453232,75.8400014,2018-11-30T07:54:15Z
26.9453131,75.8400073,2018-11-30T07:54:46Z
26.9452949,75.8400033,2018-11-30T07:55:21Z
26.9452794,75.8399991,2018-11-30T07:55:56Z
26.9452649,75.8399963,2018-11-30T07:56:22Z
26.9452475,75.8399745,2018-11-30T07:56:48Z
26.9452480,75.8399804,2018-11-30T07:57:17Z
26.9452796,75.8399651,2018-11-30T07:57:45Z
26.9453047,75.8399926,2018-11-30T07:58:13Z
26.9453085,75.8400088,2018-11-30T07:58:40Z
26.9453265,75.8400118,2018-11-30T07:59:05Z
26.9453422,75.8400155,2018-11-30T07:59:36Z
26.9453343,75.8400082,2018-11-30T08:00:04Z
26.9453221,75.8399881,2018-11-30T08:00:24Z
26.9452957,75.8399948,2018-11-30T08:00:46Z
26.9452944,75.8400006,2018-11-30T08:01:04Z
26.9452928,75.8400130,2018-11-30T08:01:23Z
26.9453024,75.8400199,2018-11-30T08:01:36Z
26.9452907,75.8400089,2018-11-30T08:01:47Z
26.9452784,75.8400015,2018-11-30T08:01:59Z
26.9452389,75.8399692,2018-11-30T08:02:07Z
26.9452247,75.8399642,2018-11-30T08:02:08Z
26.9449844,75.8399009,2018-11-30T08:02:19Z
26.9445193,75.8397883,2018-11-30T08:02:32Z
26.9442777,75.8397129,2018-11-30T08:02:41Z
26.9440567,75.8396348,2018-11-30T08:02:53Z
26.9437167,75.8395544,2018-11-30T08:03:03Z
26.9431993,75.8394573,2018-11-30T08:03:13Z
26.9428587,75.8393982,2018-11-30T08:03:19Z
26.9428007,75.8393931,2018-11-30T08:03:20Z
26.9421458,75.8390341,2018-11-30T08:03:31Z
26.9418473,75.8388453,2018-11-30T08:03:38Z
26.9414812,75.8386168,2018-11-30T08:03:46Z
26.9407022,75.8380926,2018-11-30T08:03:59Z
26.9402073,75.8377466,2018-11-30T08:04:10Z
26.9397340,75.8374073,2018-11-30T08:04:20Z
26.9390663,75.8368312,2018-11-30T08:04:33Z
26.9384927,75.8362475,2018-11-30T08:04:45Z
26.9381038,75.8358212,2018-11-30T08:04:53Z
26.9380488,75.8357675,2018-11-30T08:04:54Z
26.9376450,75.8353358,2018-11-30T08:05:03Z
26.9375886,75.8352856,2018-11-30T08:05:04Z
26.9368925,75.8347129,2018-11-30T08:05:16Z
26.9363025,75.8341588,2018-11-30T08:05:27Z
26.9361931,75.8340575,2018-11-30T08:05:29Z
26.9357046,75.8337407,2018-11-30T08:05:38Z
26.9350685,75.8335139,2018-11-30T08:05:49Z
26.9347793,75.8334212,2018-11-30T08:05:56Z
26.9347324,75.8334104,2018-11-30T08:05:57Z
26.9341415,75.8332383,2018-11-30T08:06:08Z
26.9336387,75.8331074,2018-11-30T08:06:19Z
26.9335045,75.8330601,2018-11-30T08:06:27Z
26.9331135,75.8329458,2018-11-30T08:06:37Z
26.9324695,75.8327507,2018-11-30T08:06:49Z
26.9322351,75.8326865,2018-11-30T08:06:57Z
26.9318370,75.8325822,2018-11-30T08:07:06Z
26.9311079,75.8323710,2018-11-30T08:07:19Z
26.9304682,75.8321774,2018-11-30T08:07:32Z
26.9300374,75.8320565,2018-11-30T08:07:42Z
26.9296462,75.8319629,2018-11-30T08:07:53Z
26.9293977,75.8319484,2018-11-30T08:08:05Z
26.9291939,75.8319366,2018-11-30T08:08:16Z
26.9291609,75.8318982,2018-11-30T08:08:20Z
26.9291545,75.8318796,2018-11-30T08:08:21Z
26.9291498,75.8318517,2018-11-30T08:08:22Z
26.9291485,75.8318207,2018-11-30T08:08:23Z
26.9291502,75.8317832,2018-11-30T08:08:24Z
26.9291548,75.8317430,2018-11-30T08:08:25Z
26.9292517,75.8312062,2018-11-30T08:08:35Z
26.9293829,75.8304080,2018-11-30T08:08:48Z
26.9295742,75.8295117,2018-11-30T08:09:01Z
26.9296726,75.8289542,2018-11-30T08:09:11Z
26.9295601,75.8287403,2018-11-30T08:09:19Z
26.9295225,75.8287301,2018-11-30T08:09:20Z
26.9289822,75.8285967,2018-11-30T08:09:30Z
26.9283848,75.8284519,2018-11-30T08:09:41Z
26.9279618,75.8283351,2018-11-30T08:09:50Z
26.9273459,75.8281509,2018-11-30T08:10:00Z
26.9268854,75.8280400,2018-11-30T08:10:10Z
26.9265137,75.8279285,2018-11-30T08:10:19Z
26.9261968,75.8278638,2018-11-30T08:10:28Z
26.9261293,75.8278546,2018-11-30T08:10:37Z
26.9260521,75.8277901,2018-11-30T08:10:42Z
26.9260500,75.8277721,2018-11-30T08:10:43Z
26.9260496,75.8277549,2018-11-30T08:10:44Z
26.9260519,75.8277373,2018-11-30T08:10:45Z
26.9260570,75.8277189,2018-11-30T08:10:46Z
26.9260662,75.8276987,2018-11-30T08:10:47Z
26.9260781,75.8276737,2018-11-30T08:10:48Z
26.9260910,75.8276425,2018-11-30T08:10:49Z
26.9261040,75.8276060,2018-11-30T08:10:50Z
26.9261459,75.8274053,2018-11-30T08:10:55Z
26.9261894,75.8269864,2018-11-30T08:11:04Z
26.9261733,75.8269485,2018-11-30T08:11:18Z
26.9262248,75.8268091,2018-11-30T08:11:29Z
26.9262342,75.8267756,2018-11-30T08:11:30Z
26.9262884,75.8263274,2018-11-30T08:11:40Z
26.9263763,75.8259016,2018-11-30T08:11:50Z
26.9263859,75.8258761,2018-11-30T08:12:00Z
26.9264013,75.8257629,2018-11-30T08:12:10Z
26.9264722,75.8254729,2018-11-30T08:12:21Z
26.9264737,75.8253744,2018-11-30T08:12:29Z
26.9264588,75.8253744,2018-11-30T08:12:44Z
26.9265282,75.8253669,2018-11-30T08:13:01Z
26.9264979,75.8253400,2018-11-30T08:13:14Z
26.9265009,75.8253399,2018-11-30T08:13:26Z
26.9265084,75.8252760,2018-11-30T08:13:37Z
26.9265206,75.8252507,2018-11-30T08:13:40Z
26.9265280,75.8252387,2018-11-30T08:13:41Z
26.9265503,75.8251486,2018-11-30T08:13:53Z
26.9265454,75.8251361,2018-11-30T08:13:54Z
26.9265392,75.8251110,2018-11-30T08:13:56Z
26.9265539,75.8250719,2018-11-30T08:14:07Z
26.9265830,75.8250731,2018-11-30T08:14:20Z
26.9266349,75.8250842,2018-11-30T08:14:33Z
26.9266527,75.8250475,2018-11-30T08:14:44Z
26.9266563,75.8250206,2018-11-30T08:14:56Z
26.9266559,75.8249730,2018-11-30T08:15:07Z
26.9266458,75.8249612,2018-11-30T08:15:23Z
26.9266499,75.8249034,2018-11-30T08:15:32Z
26.9266427,75.8248213,2018-11-30T08:15:44Z
26.9266508,75.8247916,2018-11-30T08:16:03Z
26.9266680,75.8247937,2018-11-30T08:16:20Z
26.9266914,75.8248024,2018-11-30T08:16:34Z
26.9266903,75.8247777,2018-11-30T08:16:48Z
26.9266893,75.8246880,2018-11-30T08:17:00Z
26.9267120,75.8246740,2018-11-30T08:17:11Z
26.9266192,75.8246159,2018-11-30T08:17:24Z
26.9265318,75.8245919,2018-11-30T08:17:29Z
26.9265096,75.8245689,2018-11-30T08:17:38Z
26.9264821,75.8245556,2018-11-30T08:17:43Z
26.9264702,75.8244725,2018-11-30T08:17:51Z
26.9264510,75.8244156,2018-11-30T08:18:01Z
26.9264703,75.8243339,2018-11-30T08:18:13Z
26.9264897,75.8242687,2018-11-30T08:18:19Z
26.9264962,75.8242208,2018-11-30T08:18:32Z
26.9264617,75.8241426,2018-11-30T08:18:46Z
26.9264877,75.8240909,2018-11-30T08:18:57Z
26.9264906,75.8240520,2018-11-30T08:19:15Z
26.9264942,75.8241391,2018-11-30T08:19:26Z
26.9264802,75.8241723,2018-11-30T08:19:37Z
26.9264607,75.8241125,2018-11-30T08:19:53Z
26.9265304,75.8241113,2018-11-30T08:20:05Z
26.9265821,75.8240898,2018-11-30T08:20:18Z
26.9265793,75.8240882,2018-11-30T08:20:27Z
26.9265634,75.8241183,2018-11-30T08:20:41Z
26.9265396,75.8241525,2018-11-30T08:21:02Z
26.9265261,75.8242251,2018-11-30T08:21:21Z
26.9265151,75.8242268,2018-11-30T08:21:37Z
26.9265277,75.8242027,2018-11-30T08:21:57Z
26.9265322,75.8241993,2018-11-30T08:22:17Z
26.9265308,75.8241939,2018-11-30T08:22:37Z
26.9265475,75.8241992,2018-11-30T08:22:59Z
26.9265314,75.8241928,2018-11-30T08:23:20Z
26.9265427,75.8241804,2018-11-30T08:23:41Z
26.9265602,75.8241854,2018-11-30T08:23:58Z
26.9265432,75.8241923,2018-11-30T08:24:19Z
26.9265335,75.8241988,2018-11-30T08:24:40Z
26.9265331,75.8241894,2018-11-30T08:24:59Z
26.9265840,75.8242287,2018-11-30T08:25:17Z
26.9265692,75.8242022,2018-11-30T08:25:35Z
26.9265209,75.8241827,2018-11-30T08:25:49Z
26.9264867,75.8241571,2018-11-30T08:26:06Z
26.9264671,75.8241581,2018-11-30T08:26:09Z
26.9264029,75.8241607,2018-11-30T08:26:20Z
26.9263931,75.8241385,2018-11-30T08:26:23Z
26.9263307,75.8241052,2018-11-30T08:26:32Z
26.9262990,75.8241022,2018-11-30T08:26:42Z
26.9262744,75.8241030,2018-11-30T08:26:54Z
26.9262767,75.8241254,2018-11-30T08:27:05Z
26.9263018,75.8241915,2018-11-30T08:27:22Z
26.9262553,75.8241965,2018-11-30T08:27:37Z
26.9264660,75.8242905,2018-11-30T08:28:07Z
26.9265594,75.8243362,2018-11-30T08:28:23Z
26.9266079,75.8243990,2018-11-30T08:28:42Z
26.9266209,75.8244253,2018-11-30T08:29:01Z
26.9265906,75.8244404,2018-11-30T08:29:20Z
26.9266528,75.8244618,2018-11-30T08:29:37Z
26.9265676,75.8243964,2018-11-30T08:29:53Z
26.9265809,75.8243959,2018-11-30T08:30:09Z
26.9263878,75.8243353,2018-11-30T08:30:27Z
26.9263257,75.8243823,2018-11-30T08:30:44Z
26.9263226,75.8243690,2018-11-30T08:30:59Z
26.9262226,75.8243244,2018-11-30T08:31:16Z
26.9261209,75.8243498,2018-11-30T08:31:37Z
26.9262682,75.8243526,2018-11-30T08:31:51Z
26.9263228,75.8244077,2018-11-30T08:31:56Z
26.9263712,75.8245229,2018-11-30T08:32:12Z
26.9264536,75.8245575,2018-11-30T08:32:29Z
26.9265059,75.8245365,2018-11-30T08:32:48Z
26.9264397,75.8246066,2018-11-30T08:33:06Z
26.9264732,75.8243797,2018-11-30T08:34:41Z
26.9264679,75.8244517,2018-11-30T08:34:55Z
26.9264781,75.8245021,2018-11-30T08:35:09Z
26.9262432,75.8246024,2018-11-30T08:35:27Z
26.9261618,75.8245953,2018-11-30T08:35:43Z
26.9261553,75.8246533,2018-11-30T08:36:01Z
26.9261893,75.8247231,2018-11-30T08:36:18Z
26.9262040,75.8247289,2018-11-30T08:36:35Z
26.9262171,75.8247266,2018-11-30T08:36:49Z
26.9262556,75.8246317,2018-11-30T08:37:06Z
26.9262841,75.8245771,2018-11-30T08:37:23Z
26.9262491,75.8245897,2018-11-30T08:37:42Z
26.9261366,75.8245462,2018-11-30T08:38:01Z
26.9261278,75.8245622,2018-11-30T08:38:22Z
26.9262045,75.8245638,2018-11-30T08:38:43Z
26.9263134,75.8246254,2018-11-30T08:39:00Z
26.9263242,75.8245235,2018-11-30T08:39:17Z
26.9263260,75.8244550,2018-11-30T08:39:38Z
26.9262160,75.8244480,2018-11-30T08:39:57Z
26.9261772,75.8242720,2018-11-30T08:40:16Z
26.9262270,75.8242063,2018-11-30T08:41:01Z
26.9262529,75.8240481,2018-11-30T08:42:09Z
26.9262161,75.8241250,2018-11-30T08:42:17Z
26.9261919,75.8241063,2018-11-30T08:42:25Z
26.9261996,75.8241253,2018-11-30T08:42:37Z
26.9262323,75.8241044,2018-11-30T08:42:49Z
26.9262726,75.8240139,2018-11-30T08:42:59Z
26.9262721,75.8239931,2018-11-30T08:43:03Z
26.9262910,75.8239395,2018-11-30T08:43:07Z
26.9263329,75.8238494,2018-11-30T08:43:17Z
26.9263787,75.8238426,2018-11-30T08:43:27Z
26.9263569,75.8238375,2018-11-30T08:43:40Z
26.9263365,75.8238085,2018-11-30T08:43:51Z
26.9263443,75.8237173,2018-11-30T08:44:07Z
26.9264166,75.8236426,2018-11-30T08:44:19Z
26.9264236,75.8236304,2018-11-30T08:44:34Z
26.9264164,75.8236308,2018-11-30T08:44:50Z
26.9263195,75.8237084,2018-11-30T08:45:04Z
26.9263692,75.8236771,2018-11-30T08:45:18Z
26.9264717,75.8236128,2018-11-30T08:45:32Z
26.9265384,75.8236813,2018-11-30T08:45:42Z
26.9265269,75.8236998,2018-11-30T08:45:59Z
26.9265193,75.8236968,2018-11-30T08:46:09Z
26.9265206,75.8236771,2018-11-30T08:46:21Z
26.9265357,75.8236670,2018-11-30T08:46:31Z
26.9265452,75.8236335,2018-11-30T08:46:41Z
26.9265844,75.8235790,2018-11-30T08:46:57Z
26.9266354,75.8235133,2018-11-30T08:47:09Z
26.9266235,75.8234863,2018-11-30T08:47:12Z
26.9266189,75.8234355,2018-11-30T08:47:23Z
26.9266076,75.8234368,2018-11-30T08:47:32Z
26.9266028,75.8234394,2018-11-30T08:47:40Z
26.9265803,75.8234295,2018-11-30T08:47:48Z
26.9265762,75.8234399,2018-11-30T08:47:59Z
26.9266079,75.8234272,2018-11-30T08:48:09Z
26.9266228,75.8233966,2018-11-30T08:48:21Z
26.9266207,75.8233948,2018-11-30T08:48:22Z
26.9266064,75.8233876,2018-11-30T08:48:34Z
26.9265993,75.8234055,2018-11-30T08:48:46Z
26.9265857,75.8234043,2018-11-30T08:48:57Z
26.9265777,75.8234207,2018-11-30T08:49:09Z
26.9265942,75.8234477,2018-11-30T08:49:22Z
26.9265922,75.8234402,2018-11-30T08:49:34Z
26.9265877,75.8234387,2018-11-30T08:49:44Z
26.9265810,75.8234825,2018-11-30T08:50:02Z
26.9265613,75.8234777,2018-11-30T08:50:17Z
26.9265645,75.8234671,2018-11-30T08:50:28Z
26.9265707,75.8234601,2018-11-30T08:50:42Z
26.9265739,75.8234371,2018-11-30T08:50:59Z
26.9265396,75.8234400,2018-11-30T08:51:10Z
26.9264598,75.8234816,2018-11-30T08:51:32Z
26.9264889,75.8234824,2018-11-30T08:51:48Z
26.9265051,75.8234931,2018-11-30T08:52:09Z
26.9265070,75.8234782,2018-11-30T08:52:21Z
26.9265006,75.8234358,2018-11-30T08:52:36Z
26.9264877,75.8233889,2018-11-30T08:52:53Z
26.9264653,75.8233738,2018-11-30T08:53:11Z
26.9264729,75.8233709,2018-11-30T08:53:31Z
26.9264723,75.8233972,2018-11-30T08:53:48Z
26.9265436,75.8234126,2018-11-30T08:53:59Z
26.9265744,75.8234164,2018-11-30T08:54:09Z
26.9265966,75.8234194,2018-11-30T08:54:19Z
26.9265943,75.8234200,2018-11-30T08:54:31Z
26.9265702,75.8235640,2018-11-30T08:54:45Z
26.9264298,75.8236515,2018-11-30T08:55:02Z
26.9264402,75.8237256,2018-11-30T08:55:15Z
26.9264198,75.8237132,2018-11-30T08:55:29Z
26.9264236,75.8236726,2018-11-30T08:55:40Z
26.9264236,75.8236634,2018-11-30T08:55:56Z
26.9264335,75.8236313,2018-11-30T08:56:05Z
26.9264376,75.8236867,2018-11-30T08:56:20Z
26.9264060,75.8236749,2018-11-30T08:56:32Z
26.9263512,75.8236639,2018-11-30T08:56:43Z
26.9263282,75.8236728,2018-11-30T08:56:59Z
26.9263024,75.8236827,2018-11-30T08:57:11Z
26.9262794,75.8237314,2018-11-30T08:57:22Z
26.9262397,75.8237530,2018-11-30T08:57:28Z
26.9261976,75.8237965,2018-11-30T08:57:39Z
26.9261568,75.8238157,2018-11-30T08:57:50Z
26.9261511,75.8238255,2018-11-30T08:58:07Z
26.9261035,75.8237801,2018-11-30T08:58:19Z
26.9260488,75.8237576,2018-11-30T08:58:28Z
26.9260109,75.8237231,2018-11-30T08:58:37Z
26.9259678,75.8236837,2018-11-30T08:58:50Z
26.9259517,75.8236952,2018-11-30T08:59:09Z
26.9259621,75.8236858,2018-11-30T08:59:21Z
26.9259838,75.8236539,2018-11-30T08:59:31Z
26.9259972,75.8236261,2018-11-30T08:59:40Z
26.9260198,75.8235879,2018-11-30T08:59:46Z
26.9260423,75.8235440,2018-11-30T08:59:57Z
26.9260501,75.8235209,2018-11-30T09:00:03Z
26.9261332,75.8235048,2018-11-30T09:00:15Z
26.9261340,75.8234775,2018-11-30T09:00:27Z
26.9261415,75.8234727,2018-11-30T09:00:35Z
26.9261744,75.8235365,2018-11-30T09:00:50Z
26.9261853,75.8235676,2018-11-30T09:01:04Z
26.9261870,75.8234987,2018-11-30T09:01:19Z
26.9262069,75.8234678,2018-11-30T09:01:32Z
26.9262147,75.8235209,2018-11-30T09:01:50Z
26.9262884,75.8236112,2018-11-30T09:02:08Z
26.9263393,75.8235089,2018-11-30T09:02:20Z
26.9257066,75.8232625,2018-11-30T09:05:05Z
26.9256550,75.8233190,2018-11-30T09:05:23Z
26.9258620,75.8233391,2018-11-30T09:05:36Z
26.9259436,75.8232432,2018-11-30T09:05:54Z
26.9257431,75.8230915,2018-11-30T09:06:15Z
26.9259830,75.8232526,2018-11-30T09:06:30Z
26.9261287,75.8234685,2018-11-30T09:06:46Z
26.9261219,75.8234584,2018-11-30T09:06:48Z
26.9261767,75.8233941,2018-11-30T09:07:07Z
26.9260869,75.8234111,2018-11-30T09:07:21Z
26.9264536,75.8235397,2018-11-30T09:08:12Z
26.9263760,75.8233055,2018-11-30T09:08:27Z
26.9263532,75.8234216,2018-11-30T09:08:45Z
26.9261945,75.8234292,2018-11-30T09:08:55Z
26.9261961,75.8234193,2018-11-30T09:09:09Z
26.9262311,75.8234717,2018-11-30T09:09:24Z
26.9262424,75.8235064,2018-11-30T09:09:36Z
26.9261374,75.8234203,2018-11-30T09:09:48Z
26.9261304,75.8233827,2018-11-30T09:09:58Z
26.9261382,75.8233719,2018-11-30T09:10:11Z
26.9260889,75.8233745,2018-11-30T09:10:20Z
26.9260718,75.8233569,2018-11-30T09:10:36Z
26.9261086,75.8233437,2018-11-30T09:10:45Z
26.9261034,75.8233406,2018-11-30T09:10:55Z
26.9260815,75.8233443,2018-11-30T09:11:11Z
26.9260571,75.8233398,2018-11-30T09:11:26Z
26.9260299,75.8233401,2018-11-30T09:11:35Z
26.9260149,75.8233404,2018-11-30T09:11:45Z
26.9259992,75.8233321,2018-11-30T09:11:56Z
26.9259330,75.8233184,2018-11-30T09:12:08Z
26.9259049,75.8232994,2018-11-30T09:12:20Z
26.9258863,75.8232711,2018-11-30T09:12:30Z
26.9258535,75.8232797,2018-11-30T09:12:46Z
26.9258440,75.8233162,2018-11-30T09:13:03Z
26.9258901,75.8232950,2018-11-30T09:13:17Z
26.9258960,75.8233084,2018-11-30T09:13:29Z
26.9258934,75.8233260,2018-11-30T09:13:48Z
26.9258828,75.8233589,2018-11-30T09:13:59Z
26.9258595,75.8234170,2018-11-30T09:14:10Z
26.9258360,75.8234603,2018-11-30T09:14:20Z
26.9258557,75.8234940,2018-11-30T09:14:31Z
26.9258675,75.8235908,2018-11-30T09:14:41Z
26.9258365,75.8236410,2018-11-30T09:14:53Z
26.9258320,75.8236479,2018-11-30T09:15:04Z
26.9258845,75.8236905,2018-11-30T09:15:15Z
26.9258565,75.8236842,2018-11-30T09:15:26Z
26.9258735,75.8236712,2018-11-30T09:15:43Z
26.9259082,75.8236937,2018-11-30T09:15:58Z
26.9259121,75.8237009,2018-11-30T09:16:08Z
26.9258931,75.8237113,2018-11-30T09:16:25Z
26.9259029,75.8237125,2018-11-30T09:16:43Z
26.9259268,75.8236729,2018-11-30T09:16:57Z
26.9258532,75.8237028,2018-11-30T09:17:11Z
26.9258750,75.8237556,2018-11-30T09:17:23Z
26.9258062,75.8238084,2018-11-30T09:17:38Z
26.9258272,75.8238313,2018-11-30T09:17:58Z
26.9258121,75.8237299,2018-11-30T09:18:11Z
26.9257315,75.8237321,2018-11-30T09:18:30Z
26.9257891,75.8236944,2018-11-30T09:18:47Z
26.9257892,75.8236350,2018-11-30T09:19:04Z
26.9257421,75.8236518,2018-11-30T09:19:20Z
26.9257009,75.8236288,2018-11-30T09:19:38Z
26.9256872,75.8235746,2018-11-30T09:19:52Z
26.9256864,75.8235678,2018-11-30T09:19:53Z
26.9255644,75.8235873,2018-11-30T09:20:09Z
26.9255383,75.8236240,2018-11-30T09:20:25Z
26.9255292,75.8236265,2018-11-30T09:20:26Z
26.9255196,75.8236296,2018-11-30T09:20:27Z
26.9255559,75.8235524,2018-11-30T09:20:42Z
26.9255578,75.8236179,2018-11-30T09:21:01Z
26.9256077,75.8236184,2018-11-30T09:21:17Z
26.9256840,75.8235873,2018-11-30T09:21:33Z
26.9257048,75.8235935,2018-11-30T09:21:50Z
26.9256112,75.8235941,2018-11-30T09:22:07Z
26.9256437,75.8235883,2018-11-30T09:22:23Z
26.9256822,75.8235688,2018-11-30T09:22:38Z
26.9256837,75.8235253,2018-11-30T09:22:53Z
26.9257547,75.8234806,2018-11-30T09:23:08Z
26.9257578,75.8234758,2018-11-30T09:23:20Z
26.9257696,75.8234790,2018-11-30T09:23:35Z
26.9257939,75.8235263,2018-11-30T09:23:52Z
26.9258196,75.8235884,2018-11-30T09:24:12Z
26.9258008,75.8236240,2018-11-30T09:24:29Z
26.9258349,75.8236583,2018-11-30T09:24:48Z
26.9258222,75.8236660,2018-11-30T09:25:03Z
26.9257764,75.8236341,2018-11-30T09:25:16Z
26.9258215,75.8235816,2018-11-30T09:25:22Z
26.9258959,75.8236909,2018-11-30T09:25:35Z
26.9258916,75.8237181,2018-11-30T09:25:38Z
26.9258802,75.8237466,2018-11-30T09:25:40Z
26.9258676,75.8237606,2018-11-30T09:25:41Z
26.9258331,75.8238391,2018-11-30T09:25:48Z
26.9257998,75.8238824,2018-11-30T09:25:58Z
26.9257875,75.8238861,2018-11-30T09:26:02Z
26.9257509,75.8239121,2018-11-30T09:26:12Z
26.9257362,75.8239615,2018-11-30T09:26:23Z
26.9257392,75.8239658,2018-11-30T09:26:39Z
26.9257268,75.8239599,2018-11-30T09:26:56Z
26.9257056,75.8239889,2018-11-30T09:27:09Z
26.9257027,75.8240062,2018-11-30T09:27:20Z
26.9256759,75.8240526,2018-11-30T09:27:30Z
26.9256714,75.8240588,2018-11-30T09:27:31Z
26.9256588,75.8240866,2018-11-30T09:27:42Z
26.9256317,75.8241283,2018-11-30T09:27:51Z
26.9256335,75.8241509,2018-11-30T09:27:58Z
26.9256543,75.8242072,2018-11-30T09:28:08Z
26.9256243,75.8243121,2018-11-30T09:28:18Z
26.9255752,75.8243254,2018-11-30T09:28:30Z
26.9255309,75.8243472,2018-11-30T09:28:49Z
26.9254757,75.8243452,2018-11-30T09:28:59Z
26.9254137,75.8243378,2018-11-30T09:29:09Z
26.9253977,75.8243479,2018-11-30T09:29:11Z
26.9253855,75.8243482,2018-11-30T09:29:12Z
26.9253730,75.8243459,2018-11-30T09:29:13Z
26.9253396,75.8243367,2018-11-30T09:29:16Z
26.9252545,75.8243147,2018-11-30T09:29:26Z
26.9252150,75.8243150,2018-11-30T09:29:43Z
26.9251978,75.8243153,2018-11-30T09:30:01Z
26.9252117,75.8243121,2018-11-30T09:30:17Z
26.9252110,75.8243166,2018-11-30T09:30:31Z
26.9251840,75.8243986,2018-11-30T09:30:42Z
26.9251346,75.8243940,2018-11-30T09:30:54Z
26.9250803,75.8243812,2018-11-30T09:31:04Z
26.9250508,75.8243505,2018-11-30T09:31:16Z
26.9249550,75.8242982,2018-11-30T09:31:28Z
26.9248830,75.8242576,2018-11-30T09:31:39Z
26.9248750,75.8242260,2018-11-30T09:31:48Z
26.9248894,75.8242111,2018-11-30T09:31:57Z
26.9248983,75.8241917,2018-11-30T09:32:08Z
26.9249047,75.8241825,2018-11-30T09:32:25Z
26.9249151,75.8241778,2018-11-30T09:32:41Z
26.9249160,75.8241752,2018-11-30T09:33:04Z
26.9249119,75.8241728,2018-11-30T09:33:26Z
26.9249123,75.8241803,2018-11-30T09:33:46Z
26.9249265,75.8241741,2018-11-30T09:33:59Z
26.9249137,75.8241870,2018-11-30T09:34:13Z
26.9249177,75.8241970,2018-11-30T09:34:30Z
26.9249250,75.8242021,2018-11-30T09:34:42Z
26.9249348,75.8242187,2018-11-30T09:34:52Z
26.9249329,75.8242399,2018-11-30T09:35:09Z
26.9249434,75.8242601,2018-11-30T09:35:26Z
26.9249509,75.8242359,2018-11-30T09:35:37Z
26.9249377,75.8241913,2018-11-30T09:35:57Z
26.9249258,75.8242127,2018-11-30T09:36:08Z
26.9249556,75.8242616,2018-11-30T09:36:19Z
26.9249679,75.8242899,2018-11-30T09:36:35Z
26.9250335,75.8243038,2018-11-30T09:36:47Z
26.9250746,75.8243308,2018-11-30T09:36:57Z
26.9250970,75.8243767,2018-11-30T09:37:07Z
26.9251070,75.8243741,2018-11-30T09:37:20Z
26.9250941,75.8243704,2018-11-30T09:37:36Z
26.9250856,75.8243742,2018-11-30T09:37:37Z
26.9250671,75.8244175,2018-11-30T09:37:47Z
26.9250669,75.8244206,2018-11-30T09:38:00Z
26.9250695,75.8244386,2018-11-30T09:38:16Z
26.9250759,75.8244730,2018-11-30T09:38:34Z
26.9250646,75.8244717,2018-11-30T09:38:42Z
26.9250321,75.8244310,2018-11-30T09:38:52Z
26.9250161,75.8243815,2018-11-30T09:39:05Z
26.9249963,75.8243650,2018-11-30T09:39:16Z
26.9249623,75.8243899,2018-11-30T09:39:26Z
26.9248924,75.8243809,2018-11-30T09:39:37Z
26.9248658,75.8243753,2018-11-30T09:39:47Z
26.9248638,75.8243810,2018-11-30T09:40:10Z
26.9248598,75.8243732,2018-11-30T09:40:38Z
26.9248623,75.8243767,2018-11-30T09:40:48Z
26.9248783,75.8243374,2018-11-30T09:40:59Z
26.9248561,75.8243076,2018-11-30T09:41:09Z
26.9248560,75.8243108,2018-11-30T09:41:18Z
26.9248088,75.8242986,2018-11-30T09:41:30Z
26.9247832,75.8242994,2018-11-30T09:41:39Z
26.9247636,75.8243095,2018-11-30T09:41:48Z
26.9247633,75.8243177,2018-11-30T09:41:59Z
26.9247607,75.8243412,2018-11-30T09:42:18Z
26.9247611,75.8243450,2018-11-30T09:42:29Z
26.9247659,75.8243395,2018-11-30T09:42:46Z
26.9247716,75.8243260,2018-11-30T09:43:10Z
26.9247747,75.8243111,2018-11-30T09:43:26Z
26.9247664,75.8243258,2018-11-30T09:43:40Z
26.9247615,75.8243270,2018-11-30T09:43:55Z
26.9247440,75.8243198,2018-11-30T09:44:09Z
26.9247416,75.8243022,2018-11-30T09:44:20Z
26.9247136,75.8243006,2018-11-30T09:44:30Z
26.9246836,75.8243228,2018-11-30T09:44:40Z
26.9246881,75.8243591,2018-11-30T09:44:50Z
26.9246893,75.8243674,2018-11-30T09:45:01Z
26.9246795,75.8243653,2018-11-30T09:45:12Z
26.9246795,75.8243719,2018-11-30T09:45:26Z
26.9247070,75.8243099,2018-11-30T09:45:36Z
26.9247058,75.8242882,2018-11-30T09:45:47Z
26.9247031,75.8242791,2018-11-30T09:46:01Z
26.9246883,75.8242989,2018-11-30T09:46:20Z
26.9246114,75.8243205,2018-11-30T09:46:31Z
26.9246154,75.8243159,2018-11-30T09:46:41Z
26.9246050,75.8242775,2018-11-30T09:46:52Z
26.9245488,75.8242455,2018-11-30T09:47:02Z
26.9245490,75.8242321,2018-11-30T09:47:11Z
26.9245610,75.8242433,2018-11-30T09:47:26Z
26.9245308,75.8242306,2018-11-30T09:47:37Z
26.9245476,75.8242375,2018-11-30T09:47:47Z
26.9245510,75.8242227,2018-11-30T09:48:06Z
26.9245828,75.8242222,2018-11-30T09:48:14Z
26.9245868,75.8242193,2018-11-30T09:48:27Z
26.9246561,75.8242134,2018-11-30T09:48:39Z
26.9246897,75.8241748,2018-11-30T09:48:45Z
26.9246919,75.8241648,2018-11-30T09:48:46Z
26.9247043,75.8240690,2018-11-30T09:48:58Z
26.9246843,75.8240297,2018-11-30T09:49:09Z
26.9246556,75.8240074,2018-11-30T09:49:17Z
26.9246701,75.8239815,2018-11-30T09:49:26Z
26.9246754,75.8239718,2018-11-30T09:49:43Z
26.9246782,75.8239547,2018-11-30T09:50:06Z
26.9246789,75.8239437,2018-11-30T09:50:37Z
26.9246563,75.8239586,2018-11-30T09:50:54Z
26.9246670,75.8239140,2018-11-30T09:51:02Z
26.9246788,75.8238487,2018-11-30T09:51:13Z
26.9246885,75.8238141,2018-11-30T09:51:23Z
26.9247019,75.8237887,2018-11-30T09:51:31Z
26.9247227,75.8237660,2018-11-30T09:51:41Z
26.9247081,75.8237815,2018-11-30T09:51:51Z
26.9246926,75.8237949,2018-11-30T09:52:03Z
26.9246798,75.8238254,2018-11-30T09:52:12Z
26.9246939,75.8238604,2018-11-30T09:52:30Z
26.9246856,75.8238856,2018-11-30T09:52:40Z
26.9246803,75.8239094,2018-11-30T09:53:08Z
26.9246862,75.8239054,2018-11-30T09:53:23Z
26.9246865,75.8239057,2018-11-30T09:53:47Z
26.9246842,75.8239135,2018-11-30T09:54:16Z
26.9246954,75.8239149,2018-11-30T09:54:44Z
26.9247005,75.8238957,2018-11-30T09:55:01Z
26.9247372,75.8239102,2018-11-30T09:55:11Z
26.9247522,75.8239297,2018-11-30T09:55:23Z
26.9247468,75.8239539,2018-11-30T09:55:33Z
26.9247343,75.8239783,2018-11-30T09:55:42Z
26.9247293,75.8239682,2018-11-30T09:55:52Z
26.9247356,75.8239606,2018-11-30T09:56:23Z
26.9247334,75.8239646,2018-11-30T09:56:58Z
26.9247448,75.8239667,2018-11-30T09:57:09Z
26.9247343,75.8239137,2018-11-30T09:57:18Z
26.9247544,75.8239027,2018-11-30T09:57:30Z
26.9247561,75.8239137,2018-11-30T09:57:38Z
26.9247867,75.8239377,2018-11-30T09:57:48Z
26.9248622,75.8239610,2018-11-30T09:57:58Z
26.9249384,75.8239701,2018-11-30T09:58:07Z
26.9250016,75.8239731,2018-11-30T09:58:14Z
26.9250519,75.8239431,2018-11-30T09:58:25Z
26.9250547,75.8239138,2018-11-30T09:58:38Z
26.9250393,75.8238660,2018-11-30T09:58:48Z
26.9250267,75.8238411,2018-11-30T09:59:06Z
26.9250428,75.8238380,2018-11-30T09:59:25Z
26.9250534,75.8238624,2018-11-30T09:59:52Z
26.9250452,75.8238289,2018-11-30T10:00:13Z
26.9250634,75.8238256,2018-11-30T10:00:33Z
26.9250509,75.8238281,2018-11-30T10:01:00Z
26.9250555,75.8238074,2018-11-30T10:01:23Z
26.9250565,75.8238281,2018-11-30T10:01:42Z
26.9251082,75.8238828,2018-11-30T10:01:59Z
26.9250495,75.8237830,2018-11-30T10:02:18Z
26.9250380,75.8237708,2018-11-30T10:02:37Z
26.9250304,75.8237940,2018-11-30T10:02:57Z
26.9250285,75.8238049,2018-11-30T10:03:21Z
26.9250267,75.8238290,2018-11-30T10:03:43Z
26.9250744,75.8238664,2018-11-30T10:04:00Z
26.9250757,75.8238869,2018-11-30T10:04:14Z
26.9250773,75.8239013,2018-11-30T10:04:39Z
26.9250736,75.8239046,2018-11-30T10:05:03Z
26.9250652,75.8239157,2018-11-30T10:05:30Z
26.9250636,75.8238925,2018-11-30T10:05:57Z
26.9250815,75.8239002,2018-11-30T10:06:26Z
26.9250547,75.8238991,2018-11-30T10:06:46Z
26.9250637,75.8239092,2018-11-30T10:07:15Z
26.9250704,75.8239016,2018-11-30T10:07:40Z
26.9250621,75.8238907,2018-11-30T10:07:59Z
26.9250613,75.8238925,2018-11-30T10:08:17Z
26.9250752,75.8239042,2018-11-30T10:08:37Z
26.9250752,75.8239083,2018-11-30T10:08:58Z
26.9250597,75.8239038,2018-11-30T10:09:23Z
26.9250607,75.8239092,2018-11-30T10:09:47Z
26.9250598,75.8239205,2018-11-30T10:10:11Z
26.9250595,75.8239189,2018-11-30T10:10:33Z
26.9250649,75.8238913,2018-11-30T10:11:00Z
26.9250700,75.8239004,2018-11-30T10:11:22Z
26.9250752,75.8238924,2018-11-30T10:11:46Z
26.9250820,75.8238926,2018-11-30T10:12:09Z
26.9250529,75.8239042,2018-11-30T10:12:21Z
26.9250658,75.8238738,2018-11-30T10:12:37Z
26.9250767,75.8237975,2018-11-30T10:12:49Z
26.9250741,75.8239036,2018-11-30T10:13:01Z
26.9250565,75.8238816,2018-11-30T10:13:17Z
26.9250460,75.8239410,2018-11-30T10:13:31Z
26.9250588,75.8239955,2018-11-30T10:13:43Z
26.9250938,75.8240000,2018-11-30T10:13:56Z
26.9251363,75.8240162,2018-11-30T10:14:08Z
26.9251618,75.8240681,2018-11-30T10:14:19Z
26.9251672,75.8241444,2018-11-30T10:14:32Z
26.9252028,75.8241616,2018-11-30T10:14:49Z
26.9251875,75.8241816,2018-11-30T10:15:05Z
26.9251838,75.8242341,2018-11-30T10:15:16Z
26.9251970,75.8242265,2018-11-30T10:15:18Z
26.9252127,75.8242303,2018-11-30T10:15:20Z
26.9252216,75.8242333,2018-11-30T10:15:21Z
26.9253295,75.8242670,2018-11-30T10:15:34Z
26.9254574,75.8242909,2018-11-30T10:15:47Z
26.9255550,75.8243684,2018-11-30T10:15:58Z
26.9255885,75.8244755,2018-11-30T10:16:09Z
26.9255829,75.8245912,2018-11-30T10:16:20Z
26.9255489,75.8247119,2018-11-30T10:16:32Z
26.9255383,75.8248258,2018-11-30T10:16:43Z
26.9255443,75.8248700,2018-11-30T10:16:47Z
26.9255184,75.8250240,2018-11-30T10:17:01Z
26.9254992,75.8251764,2018-11-30T10:17:15Z
26.9254710,75.8253012,2018-11-30T10:17:28Z
26.9255394,75.8253609,2018-11-30T10:17:39Z
26.9255774,75.8253767,2018-11-30T10:17:44Z
26.9256609,75.8254229,2018-11-30T10:17:56Z
26.9256794,75.8254341,2018-11-30T10:17:57Z
26.9257861,75.8253951,2018-11-30T10:18:07Z
26.9258006,75.8253932,2018-11-30T10:18:08Z
26.9258145,75.8253947,2018-11-30T10:18:09Z
26.9258617,75.8254289,2018-11-30T10:18:13Z
26.9259765,75.8254524,2018-11-30T10:18:24Z
26.9260607,75.8254444,2018-11-30T10:18:35Z
26.9261757,75.8254670,2018-11-30T10:18:45Z
26.9262029,75.8254765,2018-11-30T10:18:56Z
26.9262337,75.8254771,2018-11-30T10:19:10Z
26.9262841,75.8255057,2018-11-30T10:19:17Z
26.9263210,75.8255228,2018-11-30T10:19:22Z
26.9264337,75.8255427,2018-11-30T10:19:35Z
26.9264927,75.8254936,2018-11-30T10:19:43Z
26.9264999,75.8254832,2018-11-30T10:19:44Z
26.9265224,75.8253547,2018-11-30T10:19:59Z
26.9265511,75.8253352,2018-11-30T10:20:13Z
26.9265609,75.8253443,2018-11-30T10:20:36Z
26.9265470,75.8253621,2018-11-30T10:20:46Z
26.9265494,75.8253583,2018-11-30T10:20:58Z
26.9265148,75.8253359,2018-11-30T10:21:12Z
26.9265307,75.8253244,2018-11-30T10:21:22Z
26.9265398,75.8253317,2018-11-30T10:21:23Z
26.9265500,75.8253412,2018-11-30T10:21:24Z
26.9265590,75.8253525,2018-11-30T10:21:25Z
26.9265873,75.8254006,2018-11-30T10:21:29Z
26.9265914,75.8255281,2018-11-30T10:21:41Z
26.9266061,75.8256272,2018-11-30T10:21:54Z
26.9267028,75.8257792,2018-11-30T10:22:07Z
26.9267115,75.8258294,2018-11-30T10:22:19Z
26.9266737,75.8258468,2018-11-30T10:22:30Z
26.9266652,75.8258357,2018-11-30T10:22:40Z
26.9266502,75.8258660,2018-11-30T10:22:48Z
26.9266482,75.8258549,2018-11-30T10:22:49Z
26.9266195,75.8257862,2018-11-30T10:22:58Z
26.9265707,75.8258196,2018-11-30T10:23:07Z
26.9265437,75.8259465,2018-11-30T10:23:18Z
26.9265003,75.8260929,2018-11-30T10:23:31Z
26.9264654,75.8262242,2018-11-30T10:23:42Z
26.9264294,75.8263373,2018-11-30T10:23:54Z
26.9264116,75.8264621,2018-11-30T10:24:07Z
26.9263901,75.8265897,2018-11-30T10:24:19Z
26.9263764,75.8266157,2018-11-30T10:24:29Z
26.9263628,75.8266171,2018-11-30T10:24:38Z
26.9263330,75.8266338,2018-11-30T10:24:52Z
26.9262972,75.8267474,2018-11-30T10:25:02Z
26.9262863,75.8268391,2018-11-30T10:25:09Z
26.9262737,75.8269861,2018-11-30T10:25:22Z
26.9262651,75.8270478,2018-11-30T10:25:32Z
26.9262452,75.8270308,2018-11-30T10:25:44Z
26.9262413,75.8270448,2018-11-30T10:25:45Z
26.9262381,75.8270595,2018-11-30T10:25:46Z
26.9262083,75.8272083,2018-11-30T10:25:55Z
26.9261746,75.8273827,2018-11-30T10:26:07Z
26.9261583,75.8274800,2018-11-30T10:26:19Z
26.9261591,75.8275490,2018-11-30T10:26:31Z
26.9261430,75.8275884,2018-11-30T10:26:44Z
26.9261239,75.8276108,2018-11-30T10:26:58Z
26.9261019,75.8276907,2018-11-30T10:27:11Z
26.9260796,75.8277856,2018-11-30T10:27:21Z
26.9260009,75.8277790,2018-11-30T10:27:31Z
26.9259488,75.8278041,2018-11-30T10:27:39Z
26.9258847,75.8277717,2018-11-30T10:27:49Z
26.9257759,75.8277510,2018-11-30T10:28:00Z
26.9256885,75.8277114,2018-11-30T10:28:10Z
26.9255839,75.8276939,2018-11-30T10:28:21Z
26.9255196,75.8276630,2018-11-30T10:28:31Z
26.9254760,75.8276376,2018-11-30T10:28:37Z
26.9253624,75.8275656,2018-11-30T10:28:48Z
26.9252466,75.8275272,2018-11-30T10:29:00Z
26.9251396,75.8275325,2018-11-30T10:29:09Z
26.9250208,75.8275299,2018-11-30T10:29:21Z
26.9249252,75.8275207,2018-11-30T10:29:31Z
26.9248250,75.8274904,2018-11-30T10:29:42Z
26.9247412,75.8274734,2018-11-30T10:29:51Z
26.9246655,75.8274453,2018-11-30T10:29:59Z
26.9245901,75.8274402,2018-11-30T10:30:08Z
26.9244551,75.8273972,2018-11-30T10:30:20Z
26.9243439,75.8273620,2018-11-30T10:30:31Z
26.9242382,75.8273118,2018-11-30T10:30:43Z
26.9241803,75.8273213,2018-11-30T10:30:54Z
26.9240945,75.8272932,2018-11-30T10:31:06Z
26.9240067,75.8272754,2018-11-30T10:31:17Z
26.9239250,75.8272601,2018-11-30T10:31:27Z
26.9237905,75.8272253,2018-11-30T10:31:43Z
26.9237752,75.8271963,2018-11-30T10:31:53Z
26.9237486,75.8271776,2018-11-30T10:32:02Z
26.9237456,75.8271484,2018-11-30T10:32:24Z
26.9237299,75.8271579,2018-11-30T10:32:43Z
26.9237245,75.8271626,2018-11-30T10:33:00Z
26.9237336,75.8271662,2018-11-30T10:33:17Z
26.9237105,75.8271419,2018-11-30T10:33:26Z
26.9236184,75.8271165,2018-11-30T10:33:36Z
26.9235432,75.8270973,2018-11-30T10:33:47Z
26.9234711,75.8271092,2018-11-30T10:33:56Z
26.9233830,75.8270978,2018-11-30T10:34:09Z
26.9232957,75.8270945,2018-11-30T10:34:23Z
26.9232767,75.8270903,2018-11-30T10:34:27Z
26.9232192,75.8271439,2018-11-30T10:34:39Z
26.9231694,75.8271630,2018-11-30T10:34:48Z
26.9231543,75.8271773,2018-11-30T10:34:50Z
26.9230396,75.8272335,2018-11-30T10:35:03Z
26.9230039,75.8272627,2018-11-30T10:35:14Z
26.9229432,75.8273332,2018-11-30T10:35:25Z
26.9228617,75.8274012,2018-11-30T10:35:36Z
26.9228341,75.8274178,2018-11-30T10:35:43Z
26.9227988,75.8274068,2018-11-30T10:35:56Z
26.9227499,75.8274177,2018-11-30T10:36:07Z
26.9227563,75.8273678,2018-11-30T10:36:18Z
26.9227641,75.8273012,2018-11-30T10:36:29Z
26.9227315,75.8273025,2018-11-30T10:36:45Z
26.9226697,75.8273120,2018-11-30T10:36:55Z
26.9226082,75.8272636,2018-11-30T10:37:08Z
26.9225244,75.8272177,2018-11-30T10:37:18Z
26.9224905,75.8272045,2018-11-30T10:37:25Z
26.9224546,75.8271808,2018-11-30T10:37:34Z
26.9224349,75.8271212,2018-11-30T10:37:47Z
26.9224463,75.8270445,2018-11-30T10:37:58Z
26.9224520,75.8269823,2018-11-30T10:38:10Z
26.9224213,75.8269010,2018-11-30T10:38:21Z
26.9223879,75.8268015,2018-11-30T10:38:33Z
26.9223245,75.8267581,2018-11-30T10:38:44Z
26.9222760,75.8267256,2018-11-30T10:38:55Z
26.9222573,75.8266647,2018-11-30T10:39:06Z
26.9221764,75.8267121,2018-11-30T10:39:18Z
26.9221124,75.8267046,2018-11-30T10:39:31Z
26.9220572,75.8267197,2018-11-30T10:39:44Z
26.9220236,75.8266880,2018-11-30T10:39:56Z
26.9219875,75.8265711,2018-11-30T10:40:11Z
26.9219581,75.8263961,2018-11-30T10:40:21Z
26.9219272,75.8264100,2018-11-30T10:40:30Z
26.9218743,75.8263718,2018-11-30T10:40:45Z
26.9217848,75.8263302,2018-11-30T10:40:58Z
26.9217320,75.8263063,2018-11-30T10:41:09Z
26.9216735,75.8263078,2018-11-30T10:41:19Z
26.9216631,75.8262764,2018-11-30T10:41:33Z
26.9216503,75.8262793,2018-11-30T10:41:42Z
26.9216717,75.8262860,2018-11-30T10:41:44Z
26.9217148,75.8263582,2018-11-30T10:41:54Z
26.9217133,75.8263838,2018-11-30T10:42:05Z
26.9217281,75.8263822,2018-11-30T10:42:13Z
26.9217364,75.8263705,2018-11-30T10:42:22Z
26.9216945,75.8263740,2018-11-30T10:42:32Z
26.9216662,75.8263498,2018-11-30T10:42:43Z
26.9216527,75.8263338,2018-11-30T10:42:46Z
26.9216209,75.8263137,2018-11-30T10:42:59Z
26.9215767,75.8263316,2018-11-30T10:43:11Z
26.9215343,75.8263126,2018-11-30T10:43:23Z
26.9214961,75.8263679,2018-11-30T10:43:36Z
26.9214626,75.8263977,2018-11-30T10:43:50Z
26.9214466,75.8264460,2018-11-30T10:44:06Z
26.9214323,75.8264627,2018-11-30T10:44:24Z
26.9213953,75.8265276,2018-11-30T10:44:40Z
26.9213831,75.8265224,2018-11-30T10:44:54Z
26.9213887,75.8264829,2018-11-30T10:45:03Z
26.9213757,75.8264304,2018-11-30T10:45:11Z
26.9213462,75.8263915,2018-11-30T10:45:25Z
26.9213100,75.8263330,2018-11-30T10:45:34Z
26.9212589,75.8263120,2018-11-30T10:45:46Z
26.9212119,75.8263120,2018-11-30T10:45:59Z
26.9211756,75.8262916,2018-11-30T10:46:10Z
26.9211627,75.8262775,2018-11-30T10:46:27Z
26.9211147,75.8263849,2018-11-30T10:46:44Z
26.9211225,75.8264411,2018-11-30T10:47:02Z
26.9213164,75.8263812,2018-11-30T11:18:00Z
26.9213513,75.8264659,2018-11-30T11:18:12Z
26.9214339,75.8264912,2018-11-30T11:18:21Z
26.9214901,75.8265311,2018-11-30T11:18:32Z
26.9215295,75.8265384,2018-11-30T11:18:44Z
26.9216124,75.8264771,2018-11-30T11:18:53Z
26.9216848,75.8265011,2018-11-30T11:19:04Z
26.9217443,75.8265483,2018-11-30T11:19:16Z
26.9218268,75.8265992,2018-11-30T11:19:27Z
26.9218946,75.8266042,2018-11-30T11:19:38Z
26.9219554,75.8266518,2018-11-30T11:19:48Z
26.9220278,75.8267093,2018-11-30T11:20:00Z
26.9220918,75.8267440,2018-11-30T11:20:11Z
26.9222182,75.8268154,2018-11-30T11:20:24Z
26.9223838,75.8267647,2018-11-30T11:20:35Z
26.9225623,75.8266402,2018-11-30T11:20:45Z
26.9226970,75.8266282,2018-11-30T11:20:57Z
26.9227940,75.8265513,2018-11-30T11:21:06Z
26.9228745,75.8264798,2018-11-30T11:21:14Z
26.9229669,75.8265439,2018-11-30T11:21:25Z
26.9230000,75.8266005,2018-11-30T11:21:31Z
26.9231562,75.8266954,2018-11-30T11:21:44Z
26.9231913,75.8267114,2018-11-30T11:21:48Z
26.9233321,75.8268022,2018-11-30T11:22:01Z
26.9234313,75.8268366,2018-11-30T11:22:12Z
26.9235035,75.8268746,2018-11-30T11:22:23Z
26.9235863,75.8269019,2018-11-30T11:22:32Z
26.9236557,75.8269139,2018-11-30T11:22:41Z
26.9236859,75.8269243,2018-11-30T11:22:43Z
26.9237791,75.8269725,2018-11-30T11:22:51Z
26.9238859,75.8270002,2018-11-30T11:23:01Z
26.9239885,75.8269845,2018-11-30T11:23:13Z
26.9241167,75.8269945,2018-11-30T11:23:27Z
26.9242272,75.8270323,2018-11-30T11:23:38Z
26.9243613,75.8270812,2018-11-30T11:23:51Z
26.9244851,75.8271297,2018-11-30T11:24:02Z
26.9245696,75.8271543,2018-11-30T11:24:12Z
26.9247153,75.8271701,2018-11-30T11:24:25Z
26.9248524,75.8272014,2018-11-30T11:24:35Z
26.9248891,75.8272094,2018-11-30T11:24:38Z
26.9250646,75.8272995,2018-11-30T11:24:49Z
26.9251059,75.8273087,2018-11-30T11:24:54Z
26.9251788,75.8273112,2018-11-30T11:25:03Z
26.9252726,75.8273732,2018-11-30T11:25:15Z
26.9254399,75.8274080,2018-11-30T11:25:26Z
26.9255790,75.8274174,2018-11-30T11:25:38Z
26.9257350,75.8275504,2018-11-30T11:25:49Z
26.9257689,75.8275112,2018-11-30T11:25:51Z
26.9258622,75.8275266,2018-11-30T11:25:59Z
26.9258662,75.8275205,2018-11-30T11:26:00Z
26.9259596,75.8275108,2018-11-30T11:26:09Z
26.9260296,75.8275216,2018-11-30T11:26:16Z
26.9260397,75.8274958,2018-11-30T11:26:24Z
26.9260423,75.8274619,2018-11-30T11:26:27Z
26.9260429,75.8273314,2018-11-30T11:26:38Z
26.9260572,75.8271929,2018-11-30T11:26:50Z
26.9260569,75.8271411,2018-11-30T11:26:57Z
26.9261300,75.8269534,2018-11-30T11:27:10Z
26.9261683,75.8268306,2018-11-30T11:27:21Z
26.9261941,75.8268134,2018-11-30T11:27:30Z
26.9262412,75.8268594,2018-11-30T11:27:48Z
26.9262744,75.8269149,2018-11-30T11:28:02Z
26.9263021,75.8269534,2018-11-30T11:28:15Z
26.9263065,75.8269691,2018-11-30T11:28:27Z
26.9263024,75.8269730,2018-11-30T11:28:43Z
26.9263195,75.8269323,2018-11-30T11:28:53Z
26.9263489,75.8268125,2018-11-30T11:28:59Z
26.9263661,75.8265917,2018-11-30T11:29:08Z
26.9264378,75.8265636,2018-11-30T11:29:17Z
26.9264152,75.8265487,2018-11-30T11:29:22Z
26.9264340,75.8265017,2018-11-30T11:29:26Z
26.9264117,75.8263524,2018-11-30T11:29:36Z
26.9264110,75.8263053,2018-11-30T11:29:40Z
26.9264266,75.8262768,2018-11-30T11:29:42Z
26.9264424,75.8262631,2018-11-30T11:29:43Z
26.9264556,75.8262467,2018-11-30T11:29:44Z
26.9264628,75.8262320,2018-11-30T11:29:45Z
26.9264674,75.8262179,2018-11-30T11:29:46Z
26.9264746,75.8262059,2018-11-30T11:29:47Z
26.9264829,75.8261906,2018-11-30T11:29:48Z
26.9264910,75.8261741,2018-11-30T11:29:49Z
26.9265060,75.8261486,2018-11-30T11:29:51Z
26.9265159,75.8261385,2018-11-30T11:29:52Z
26.9265702,75.8261274,2018-11-30T11:29:56Z
26.9266659,75.8261359,2018-11-30T11:30:06Z
26.9266794,75.8261823,2018-11-30T11:30:10Z
26.9266978,75.8263495,2018-11-30T11:30:20Z
26.9267076,75.8263743,2018-11-30T11:30:30Z
26.9267225,75.8263735,2018-11-30T11:30:43Z
26.9267415,75.8263989,2018-11-30T11:30:55Z
26.9267207,75.8264189,2018-11-30T11:31:15Z
26.9267348,75.8264352,2018-11-30T11:31:35Z
26.9267551,75.8263499,2018-11-30T11:31:50Z
26.9267614,75.8262985,2018-11-30T11:31:55Z
26.9267929,75.8260505,2018-11-30T11:32:12Z
26.9266578,75.8258168,2018-11-30T11:32:27Z
26.9265512,75.8257421,2018-11-30T11:32:38Z
26.9264615,75.8259153,2018-11-30T11:32:46Z
26.9263645,75.8264851,2018-11-30T11:33:01Z
26.9262967,75.8266756,2018-11-30T11:33:13Z
26.9262197,75.8269885,2018-11-30T11:33:23Z
26.9261273,75.8274025,2018-11-30T11:33:34Z
26.9260816,75.8275818,2018-11-30T11:33:43Z
26.9260660,75.8277272,2018-11-30T11:33:55Z
26.9258704,75.8277236,2018-11-30T11:34:02Z
26.9253099,75.8275578,2018-11-30T11:34:15Z
26.9244947,75.8273465,2018-11-30T11:34:32Z
26.9239541,75.8271988,2018-11-30T11:34:45Z
26.9235662,75.8270994,2018-11-30T11:34:56Z
26.9232073,75.8270664,2018-11-30T11:35:07Z
26.9230694,75.8270677,2018-11-30T11:35:20Z
26.9230239,75.8270454,2018-11-30T11:35:32Z
26.9229172,75.8270191,2018-11-30T11:35:44Z
26.9228212,75.8269725,2018-11-30T11:36:00Z
26.9226905,75.8268842,2018-11-30T11:36:14Z
26.9225066,75.8267767,2018-11-30T11:36:30Z
26.9223676,75.8267505,2018-11-30T11:36:46Z
26.9222537,75.8267346,2018-11-30T11:36:59Z
26.9219631,75.8266173,2018-11-30T11:37:12Z
26.9216731,75.8265495,2018-11-30T11:37:21Z
26.9214809,75.8264892,2018-11-30T11:37:35Z
26.9213368,75.8264615,2018-11-30T11:37:49Z
26.9211264,75.8263824,2018-11-30T11:38:03Z
26.9209832,75.8263344,2018-11-30T11:38:18Z
26.9207179,75.8262761,2018-11-30T11:38:29Z
26.9205079,75.8262051,2018-11-30T11:38:40Z
26.9201182,75.8260894,2018-11-30T11:38:54Z
26.9198299,75.8259827,2018-11-30T11:39:06Z
26.9194023,75.8258722,2018-11-30T11:39:18Z
26.9191763,75.8258002,2018-11-30T11:39:28Z
26.9187705,75.8256801,2018-11-30T11:39:43Z
26.9185555,75.8256276,2018-11-30T11:39:55Z
26.9181084,75.8255139,2018-11-30T11:40:10Z
26.9178577,75.8254595,2018-11-30T11:40:20Z
26.9175403,75.8253555,2018-11-30T11:40:31Z
26.9172423,75.8252927,2018-11-30T11:40:41Z
26.9167166,75.8251133,2018-11-30T11:40:53Z
26.9161933,75.8249652,2018-11-30T11:41:05Z
26.9161683,75.8249651,2018-11-30T11:41:15Z
26.9161750,75.8249372,2018-11-30T11:41:36Z
26.9160845,75.8249165,2018-11-30T11:41:46Z
26.9158277,75.8248340,2018-11-30T11:41:58Z
26.9156671,75.8247940,2018-11-30T11:42:09Z
26.9156162,75.8247889,2018-11-30T11:42:19Z
26.9155057,75.8247615,2018-11-30T11:42:30Z
26.9154677,75.8247312,2018-11-30T11:42:42Z
26.9154343,75.8247270,2018-11-30T11:43:01Z
26.9154188,75.8247360,2018-11-30T11:43:29Z
26.9154400,75.8247279,2018-11-30T11:43:57Z
26.9153370,75.8246902,2018-11-30T11:44:13Z
26.9151443,75.8244767,2018-11-30T11:44:21Z
26.9151399,75.8244296,2018-11-30T11:44:22Z
26.9151410,75.8243801,2018-11-30T11:44:23Z
26.9151472,75.8243275,2018-11-30T11:44:24Z
26.9152377,75.8238840,2018-11-30T11:44:31Z
26.9153102,75.8235569,2018-11-30T11:44:39Z
26.9153929,75.8232096,2018-11-30T11:44:47Z
26.9154474,75.8229060,2018-11-30T11:44:55Z
26.9155732,75.8222673,2018-11-30T11:45:03Z
26.9157537,75.8213486,2018-11-30T11:45:15Z
26.9157750,75.8212761,2018-11-30T11:45:21Z
26.9157793,75.8211784,2018-11-30T11:45:37Z
26.9158432,75.8207268,2018-11-30T11:45:47Z
26.9159829,75.8201406,2018-11-30T11:45:55Z
26.9162186,75.8190101,2018-11-30T11:46:09Z
26.9162804,75.8186843,2018-11-30T11:46:15Z
26.9162819,75.8186322,2018-11-30T11:46:16Z
26.9162785,75.8185763,2018-11-30T11:46:17Z
26.9162677,75.8185253,2018-11-30T11:46:18Z
26.9162554,75.8184827,2018-11-30T11:46:19Z
26.9162390,75.8184320,2018-11-30T11:46:20Z
26.9162188,75.8183779,2018-11-30T11:46:21Z
26.9159528,75.8177591,2018-11-30T11:46:30Z
26.9155438,75.8170837,2018-11-30T11:46:41Z
26.9155013,75.8170397,2018-11-30T11:46:42Z
26.9154568,75.8170002,2018-11-30T11:46:43Z
26.9154086,75.8169633,2018-11-30T11:46:44Z
26.9153582,75.8169341,2018-11-30T11:46:45Z
26.9153050,75.8169111,2018-11-30T11:46:46Z
26.9152455,75.8168906,2018-11-30T11:46:47Z
26.9151786,75.8168717,2018-11-30T11:46:48Z
26.9144923,75.8167215,2018-11-30T11:46:59Z
26.9140693,75.8166213,2018-11-30T11:47:09Z
26.9132299,75.8164153,2018-11-30T11:47:21Z
26.9124501,75.8162190,2018-11-30T11:47:35Z
26.9123658,75.8161782,2018-11-30T11:47:37Z
26.9123258,75.8161436,2018-11-30T11:47:38Z
26.9122927,75.8160989,2018-11-30T11:47:39Z
26.9122694,75.8160497,2018-11-30T11:47:40Z
26.9122591,75.8159938,2018-11-30T11:47:41Z
26.9122610,75.8159440,2018-11-30T11:47:42Z
26.9122689,75.8158927,2018-11-30T11:47:43Z
26.9122826,75.8158386,2018-11-30T11:47:44Z
26.9122993,75.8157886,2018-11-30T11:47:45Z
26.9123189,75.8157342,2018-11-30T11:47:46Z
26.9125455,75.8149169,2018-11-30T11:47:58Z
26.9127753,75.8137305,2018-11-30T11:48:12Z
26.9129940,75.8126392,2018-11-30T11:48:27Z
26.9130439,75.8123680,2018-11-30T11:48:36Z
26.9130340,75.8123601,2018-11-30T11:48:46Z
26.9130611,75.8121034,2018-11-30T11:48:54Z
26.9132052,75.8114994,2018-11-30T11:49:05Z
26.9133926,75.8106395,2018-11-30T11:49:17Z
26.9135778,75.8096885,2018-11-30T11:49:29Z
26.9137632,75.8088494,2018-11-30T11:49:41Z
26.9138897,75.8082683,2018-11-30T11:49:51Z
26.9140566,75.8074010,2018-11-30T11:50:03Z
26.9141058,75.8071510,2018-11-30T11:50:10Z
26.9142053,75.8067866,2018-11-30T11:50:21Z
26.9142524,75.8065753,2018-11-30T11:50:29Z
26.9143184,75.8060124,2018-11-30T11:50:40Z
26.9142859,75.8058036,2018-11-30T11:50:48Z
26.9144333,75.8054537,2018-11-30T11:50:57Z
26.9145591,75.8048342,2018-11-30T11:51:07Z
26.9147215,75.8041305,2018-11-30T11:51:19Z
26.9149258,75.8032644,2018-11-30T11:51:33Z
26.9151590,75.8024558,2018-11-30T11:51:47Z
26.9153568,75.8015848,2018-11-30T11:52:02Z
26.9154028,75.8013848,2018-11-30T11:52:09Z
26.9154323,75.8013640,2018-11-30T11:52:25Z
26.9154509,75.8013287,2018-11-30T11:52:43Z
26.9155623,75.8008505,2018-11-30T11:52:53Z
26.9157676,75.8005590,2018-11-30T11:53:03Z
26.9158117,75.8005601,2018-11-30T11:53:04Z
26.9158500,75.8005648,2018-11-30T11:53:05Z
26.9159407,75.8005996,2018-11-30T11:53:07Z
26.9165712,75.8008197,2018-11-30T11:53:18Z
26.9166193,75.8008203,2018-11-30T11:53:19Z
26.9166607,75.8008159,2018-11-30T11:53:20Z
26.9166959,75.8008022,2018-11-30T11:53:21Z
26.9167259,75.8007789,2018-11-30T11:53:22Z
26.9167490,75.8007481,2018-11-30T11:53:23Z
26.9167673,75.8007067,2018-11-30T11:53:24Z
26.9167772,75.8006649,2018-11-30T11:53:25Z
26.9167817,75.8006158,2018-11-30T11:53:26Z
26.9167801,75.8005660,2018-11-30T11:53:27Z
26.9167702,75.8005022,2018-11-30T11:53:28Z
26.9167565,75.8004436,2018-11-30T11:53:29Z
26.9167379,75.8003789,2018-11-30T11:53:30Z
26.9167164,75.8003132,2018-11-30T11:53:31Z
26.9164245,75.7995247,2018-11-30T11:53:42Z
26.9163237,75.7991352,2018-11-30T11:53:49Z
26.9163236,75.7990910,2018-11-30T11:53:50Z
26.9163323,75.7990447,2018-11-30T11:53:51Z
26.9163488,75.7990070,2018-11-30T11:53:52Z
26.9163677,75.7989818,2018-11-30T11:53:53Z
26.9163915,75.7989613,2018-11-30T11:53:54Z
26.9164195,75.7989474,2018-11-30T11:53:55Z
26.9164519,75.7989406,2018-11-30T11:53:56Z
26.9164895,75.7989409,2018-11-30T11:53:57Z
26.9165312,75.7989489,2018-11-30T11:53:58Z
26.9165709,75.7989594,2018-11-30T11:53:59Z
26.9171240,75.7992089,2018-11-30T11:54:12Z
26.9179103,75.7996478,2018-11-30T11:54:27Z
26.9182156,75.7998317,2018-11-30T11:54:37Z
26.9183737,75.7997231,2018-11-30T11:54:44Z
26.9185043,75.7992613,2018-11-30T11:54:52Z
26.9187644,75.7984731,2018-11-30T11:55:04Z
26.9190512,75.7976565,2018-11-30T11:55:15Z
26.9192960,75.7970098,2018-11-30T11:55:24Z
26.9196008,75.7960944,2018-11-30T11:55:38Z
26.9199385,75.7949814,2018-11-30T11:55:53Z
26.9201278,75.7942913,2018-11-30T11:56:03Z
26.9201546,75.7942395,2018-11-30T11:56:04Z
26.9201882,75.7941924,2018-11-30T11:56:05Z
26.9202238,75.7941498,2018-11-30T11:56:06Z
26.9202639,75.7941127,2018-11-30T11:56:07Z
26.9203090,75.7940823,2018-11-30T11:56:08Z
26.9203515,75.7940594,2018-11-30T11:56:09Z
26.9203914,75.7940427,2018-11-30T11:56:10Z
26.9204295,75.7940280,2018-11-30T11:56:11Z
26.9208255,75.7939561,2018-11-30T11:56:23Z
26.9213336,75.7938504,2018-11-30T11:56:33Z
26.9222691,75.7936555,2018-11-30T11:56:47Z
26.9232112,75.7934504,2018-11-30T11:57:00Z
26.9241377,75.7932480,2018-11-30T11:57:14Z
26.9245807,75.7931529,2018-11-30T11:57:23Z
26.9252788,75.7930047,2018-11-30T11:57:36Z
26.9254703,75.7928282,2018-11-30T11:57:44Z
26.9256087,75.7924202,2018-11-30T11:57:55Z
26.9257331,75.7922629,2018-11-30T11:58:05Z
26.9257488,75.7922540,2018-11-30T11:58:07Z
26.9259425,75.7921846,2018-11-30T11:58:16Z
26.9263021,75.7921579,2018-11-30T11:58:26Z
26.9266000,75.7921125,2018-11-30T11:58:33Z
26.9269736,75.7916284,2018-11-30T11:58:44Z
26.9272935,75.7911723,2018-11-30T11:58:55Z
26.9275241,75.7908038,2018-11-30T11:59:05Z
26.9275186,75.7907719,2018-11-30T11:59:14Z
26.9274886,75.7907516,2018-11-30T11:59:24Z
26.9272993,75.7905761,2018-11-30T11:59:33Z
26.9270721,75.7903968,2018-11-30T11:59:46Z
26.9269177,75.7902666,2018-11-30T12:00:00Z
26.9268998,75.7902817,2018-11-30T12:00:20Z
26.9268904,75.7902775,2018-11-30T12:00:37Z
26.9268749,75.7902440,2018-11-30T12:00:48Z
26.9268224,75.7902532,2018-11-30T12:01:00Z
26.9268415,75.7902747,2018-11-30T12:01:12Z
26.9268409,75.7903123,2018-11-30T12:01:23Z
26.9267893,75.7902678,2018-11-30T12:01:40Z
26.9267761,75.7902075,2018-11-30T12:01:56Z
26.9267544,75.7901798,2018-11-30T12:02:16Z
26.9267868,75.7901863,2018-11-30T12:02:35Z
26.9267636,75.7900964,2018-11-30T12:02:54Z
26.9267852,75.7900492,2018-11-30T12:03:11Z
26.9267554,75.7900719,2018-11-30T12:03:35Z
26.9267843,75.7900710,2018-11-30T12:03:53Z
26.9268022,75.7901651,2018-11-30T12:04:10Z
26.9268160,75.7903324,2018-11-30T12:04:25Z
26.9268463,75.7903434,2018-11-30T12:04:43Z
26.9267755,75.7902888,2018-11-30T12:05:05Z
26.9267630,75.7900748,2018-11-30T12:05:21Z
26.9268420,75.7901810,2018-11-30T12:05:41Z
26.9269231,75.7902681,2018-11-30T12:05:58Z
26.9268992,75.7902497,2018-11-30T12:06:15Z
26.9268770,75.7903239,2018-11-30T12:06:31Z
26.9268889,75.7902779,2018-11-30T12:06:49Z
26.9268881,75.7902264,2018-11-30T12:07:06Z
26.9268306,75.7901272,2018-11-30T12:07:23Z
26.9267354,75.7902203,2018-11-30T12:07:38Z
26.9266825,75.7902399,2018-11-30T12:07:56Z
26.9267178,75.7902000,2018-11-30T12:08:17Z
26.9268408,75.7901490,2018-11-30T12:09:49Z
26.9268356,75.7902177,2018-11-30T12:10:08Z
26.9268810,75.7902827,2018-11-30T12:10:25Z
26.9268409,75.7903580,2018-11-30T12:10:43Z
26.9268164,75.7903474,2018-11-30T12:11:00Z
26.9268464,75.7902509,2018-11-30T12:11:18Z
26.9268504,75.7902261,2018-11-30T12:11:37Z
26.9268345,75.7901740,2018-11-30T12:12:00Z
26.9268276,75.7902804,2018-11-30T12:12:23Z
26.9268256,75.7902698,2018-11-30T12:12:45Z
26.9268640,75.7901787,2018-11-30T12:13:05Z
26.9268846,75.7902576,2018-11-30T12:13:29Z
26.9268705,75.7903107,2018-11-30T12:13:51Z
26.9268359,75.7902972,2018-11-30T12:14:10Z
26.9268715,75.7902538,2018-11-30T12:14:33Z
26.9268701,75.7902392,2018-11-30T12:14:55Z
26.9268390,75.7902544,2018-11-30T12:15:17Z
26.9268708,75.7902504,2018-11-30T12:15:39Z
26.9268262,75.7902631,2018-11-30T12:16:03Z
26.9268044,75.7902431,2018-11-30T12:16:22Z
26.9268123,75.7902026,2018-11-30T12:16:42Z
26.9268573,75.7901666,2018-11-30T12:17:04Z
26.9268596,75.7901643,2018-11-30T12:17:29Z
26.9269001,75.7901326,2018-11-30T12:17:48Z
26.9269116,75.7900418,2018-11-30T12:18:09Z
26.9268835,75.7901575,2018-11-30T12:18:26Z
26.9269017,75.7901510,2018-11-30T12:18:46Z
26.9268867,75.7900974,2018-11-30T12:19:08Z
26.9268653,75.7901294,2018-11-30T12:19:27Z
26.9268727,75.7901848,2018-11-30T12:19:48Z
26.9268076,75.7903305,2018-11-30T12:20:04Z
26.9267831,75.7903330,2018-11-30T12:20:18Z
26.9267376,75.7903342,2018-11-30T12:20:25Z
26.9265637,75.7905134,2018-11-30T12:20:42Z
26.9265537,75.7904279,2018-11-30T12:21:36Z
26.9265915,75.7904632,2018-11-30T12:21:54Z
26.9267165,75.7905211,2018-11-30T12:22:13Z
26.9267433,75.7905429,2018-11-30T12:22:32Z
26.9266625,75.7905562,2018-11-30T12:22:49Z
26.9268473,75.7905973,2018-11-30T12:23:07Z
26.9268919,75.7906281,2018-11-30T12:23:26Z
26.9268785,75.7906115,2018-11-30T12:23:42Z
26.9268479,75.7906744,2018-11-30T12:23:58Z
26.9268128,75.7906335,2018-11-30T12:24:15Z
26.9268013,75.7906517,2018-11-30T12:24:32Z
26.9268475,75.7906897,2018-11-30T12:24:52Z
26.9268483,75.7906513,2018-11-30T12:25:11Z
26.9268113,75.7906135,2018-11-30T12:25:26Z
26.9269001,75.7906041,2018-11-30T12:25:45Z
26.9269448,75.7906195,2018-11-30T12:26:06Z
26.9269444,75.7906353,2018-11-30T12:26:08Z
26.9268532,75.7902664,2018-12-01T03:03:56Z
26.9267634,75.7902087,2018-12-01T03:05:31Z
26.9261446,75.7901783,2018-12-01T03:05:44Z
26.9262451,75.7902817,2018-12-01T03:05:53Z
26.9267076,75.7903018,2018-12-01T03:06:04Z
26.9267618,75.7902508,2018-12-01T03:06:19Z
26.9268206,75.7902588,2018-12-01T03:06:39Z
26.9268290,75.7902577,2018-12-01T03:06:57Z
26.9268109,75.7902631,2018-12-01T03:07:19Z
26.9267999,75.7902756,2018-12-01T03:20:30Z
26.9268184,75.7902812,2018-12-01T03:20:51Z
26.9268287,75.7902843,2018-12-01T03:21:14Z
26.9268281,75.7902664,2018-12-01T03:21:36Z
26.9268131,75.7902231,2018-12-01T03:21:53Z
26.9268082,75.7902369,2018-12-01T03:22:06Z
26.9267817,75.7902123,2018-12-01T03:22:18Z
26.9268377,75.7902023,2018-12-01T03:22:29Z
26.9268463,75.7902021,2018-12-01T03:22:41Z
26.9268585,75.7901925,2018-12-01T03:22:59Z
26.9268571,75.7901772,2018-12-01T03:23:13Z
26.9269244,75.7901724,2018-12-01T03:23:31Z
26.9269377,75.7901694,2018-12-01T03:23:54Z
26.9269338,75.7901789,2018-12-01T03:24:09Z
26.9269363,75.7901721,2018-12-01T03:24:30Z
26.9269026,75.7901919,2018-12-01T03:24:58Z
26.9268832,75.7901978,2018-12-01T03:25:20Z
26.9268862,75.7902097,2018-12-01T03:25:43Z
26.9268468,75.7902209,2018-12-01T03:26:06Z
26.9268535,75.7902238,2018-12-01T03:26:26Z
26.9269108,75.7902120,2018-12-01T03:26:51Z
26.9269301,75.7902203,2018-12-01T03:26:57Z
26.9271524,75.7904029,2018-12-01T03:27:11Z
26.9274740,75.7907309,2018-12-01T03:27:25Z
26.9275350,75.7907596,2018-12-01T03:27:31Z
26.9275523,75.7907502,2018-12-01T03:27:32Z
26.9275714,75.7907337,2018-12-01T03:27:33Z
26.9277776,75.7904036,2018-12-01T03:27:41Z
26.9282636,75.7897148,2018-12-01T03:27:52Z
26.9286930,75.7891771,2018-12-01T03:28:02Z
26.9291282,75.7885997,2018-12-01T03:28:13Z
26.9293591,75.7883346,2018-12-01T03:28:21Z
26.9294459,75.7882803,2018-12-01T03:28:29Z
26.9294663,75.7883981,2018-12-01T03:28:34Z
26.9294514,75.7884272,2018-12-01T03:28:35Z
26.9294368,75.7884450,2018-12-01T03:28:36Z
26.9294123,75.7884726,2018-12-01T03:28:37Z
26.9293858,75.7885038,2018-12-01T03:28:38Z
26.9289999,75.7889874,2018-12-01T03:28:49Z
26.9283089,75.7899229,2018-12-01T03:29:05Z
26.9276177,75.7908669,2018-12-01T03:29:18Z
26.9268402,75.7919359,2018-12-01T03:29:32Z
26.9266112,75.7922593,2018-12-01T03:29:39Z
26.9265725,75.7923435,2018-12-01T03:29:41Z
26.9265657,75.7923897,2018-12-01T03:29:42Z
26.9265663,75.7924422,2018-12-01T03:29:43Z
26.9265753,75.7925016,2018-12-01T03:29:44Z
26.9265904,75.7925636,2018-12-01T03:29:45Z
26.9267039,75.7929683,2018-12-01T03:29:53Z
26.9266004,75.7933235,2018-12-01T03:30:03Z
26.9264734,75.7934632,2018-12-01T03:30:07Z
26.9264300,75.7934912,2018-12-01T03:30:08Z
26.9263804,75.7935162,2018-12-01T03:30:09Z
26.9263292,75.7935363,2018-12-01T03:30:10Z
26.9262732,75.7935523,2018-12-01T03:30:11Z
26.9262110,75.7935617,2018-12-01T03:30:12Z
26.9261485,75.7935654,2018-12-01T03:30:13Z
26.9260837,75.7935628,2018-12-01T03:30:14Z
26.9260170,75.7935546,2018-12-01T03:30:15Z
26.9259528,75.7935387,2018-12-01T03:30:16Z
26.9258884,75.7935144,2018-12-01T03:30:17Z
26.9258267,75.7934842,2018-12-01T03:30:18Z
26.9257647,75.7934480,2018-12-01T03:30:19Z
26.9257081,75.7934066,2018-12-01T03:30:20Z
26.9256544,75.7933588,2018-12-01T03:30:21Z
26.9256035,75.7933086,2018-12-01T03:30:22Z
26.9255611,75.7932614,2018-12-01T03:30:23Z
26.9254274,75.7931260,2018-12-01T03:30:26Z
26.9253775,75.7930965,2018-12-01T03:30:27Z
26.9253285,75.7930825,2018-12-01T03:30:28Z
26.9252891,75.7930807,2018-12-01T03:30:29Z
26.9252440,75.7930846,2018-12-01T03:30:30Z
26.9251996,75.7930920,2018-12-01T03:30:31Z
26.9246433,75.7932210,2018-12-01T03:30:40Z
26.9234296,75.7934705,2018-12-01T03:30:55Z
26.9225325,75.7936789,2018-12-01T03:31:06Z
26.9213190,75.7939707,2018-12-01T03:31:18Z
26.9206858,75.7941397,2018-12-01T03:31:26Z
26.9203406,75.7942291,2018-12-01T03:31:35Z
26.9203050,75.7942487,2018-12-01T03:31:36Z
26.9201826,75.7943633,2018-12-01T03:31:40Z
26.9201606,75.7944009,2018-12-01T03:31:41Z
26.9201391,75.7944431,2018-12-01T03:31:42Z
26.9201189,75.7944900,2018-12-01T03:31:43Z
26.9201001,75.7945392,2018-12-01T03:31:44Z
26.9199500,75.7951952,2018-12-01T03:31:54Z
26.9196972,75.7961281,2018-12-01T03:32:07Z
26.9194069,75.7969816,2018-12-01T03:32:17Z
26.9189504,75.7981491,2018-12-01T03:32:30Z
26.9186185,75.7984782,2018-12-01T03:32:39Z
26.9186384,75.7988223,2018-12-01T03:32:52Z
26.9184736,75.7993854,2018-12-01T03:33:03Z
26.9182934,75.8000070,2018-12-01T03:33:16Z
26.9181490,75.8003866,2018-12-01T03:33:25Z
26.9179543,75.8010511,2018-12-01T03:33:36Z
26.9176241,75.8019712,2018-12-01T03:33:48Z
26.9171558,75.8031264,2018-12-01T03:34:01Z
26.9169697,75.8041918,2018-12-01T03:34:11Z
26.9168621,75.8052150,2018-12-01T03:34:22Z
26.9167824,75.8059066,2018-12-01T03:34:32Z
26.9166941,75.8065838,2018-12-01T03:34:44Z
26.9165447,75.8075994,2018-12-01T03:34:57Z
26.9163754,75.8088896,2018-12-01T03:35:11Z
26.9163202,75.8091921,2018-12-01T03:35:18Z
26.9163011,75.8091524,2018-12-01T03:35:29Z
26.9162827,75.8091891,2018-12-01T03:35:45Z
26.9162132,75.8097127,2018-12-01T03:35:57Z
26.9161742,75.8102827,2018-12-01T03:36:08Z
26.9161774,75.8104543,2018-12-01T03:36:11Z
26.9163492,75.8114893,2018-12-01T03:36:24Z
26.9167067,75.8126153,2018-12-01T03:36:36Z
26.9167986,75.8141037,2018-12-01T03:36:50Z
26.9168718,75.8154313,2018-12-01T03:37:03Z
26.9168752,75.8158233,2018-12-01T03:37:10Z
26.9168783,75.8161781,2018-12-01T03:37:17Z
26.9168389,75.8167723,2018-12-01T03:37:27Z
26.9167071,75.8171743,2018-12-01T03:37:39Z
26.9165576,75.8178220,2018-12-01T03:37:48Z
26.9163858,75.8185457,2018-12-01T03:37:58Z
26.9162361,75.8193242,2018-12-01T03:38:07Z
26.9161295,75.8200074,2018-12-01T03:38:16Z
26.9161452,75.8200905,2018-12-01T03:38:24Z
26.9161198,75.8201699,2018-12-01T03:38:35Z
26.9160354,75.8205577,2018-12-01T03:38:48Z
26.9159244,75.8211241,2018-12-01T03:38:58Z
26.9157862,75.8218076,2018-12-01T03:39:08Z
26.9156018,75.8227440,2018-12-01T03:39:20Z
26.9154383,75.8236814,2018-12-01T03:39:31Z
26.9153506,75.8241900,2018-12-01T03:39:40Z
26.9152977,75.8244960,2018-12-01T03:39:53Z
26.9154157,75.8247075,2018-12-01T03:40:01Z
26.9155254,75.8247199,2018-12-01T03:40:04Z
26.9159917,75.8247554,2018-12-01T03:40:13Z
26.9166912,75.8250160,2018-12-01T03:40:26Z
26.9170877,75.8251371,2018-12-01T03:40:36Z
26.9177663,75.8253630,2018-12-01T03:40:47Z
26.9187190,75.8256633,2018-12-01T03:40:58Z
26.9202326,75.8260711,2018-12-01T03:41:15Z
26.9208905,75.8262510,2018-12-01T03:41:24Z
26.9218330,75.8265181,2018-12-01T03:41:35Z
26.9226680,75.8267390,2018-12-01T03:41:45Z
26.9227784,75.8266943,2018-12-01T03:41:51Z
26.9229810,75.8267081,2018-12-01T03:42:00Z
26.9231691,75.8267973,2018-12-01T03:42:10Z
26.9236369,75.8270180,2018-12-01T03:42:26Z
26.9240644,75.8271160,2018-12-01T03:42:41Z
26.9244593,75.8272513,2018-12-01T03:42:54Z
26.9246290,75.8272594,2018-12-01T03:43:04Z
26.9246632,75.8272668,2018-12-01T03:43:18Z
26.9246746,75.8272943,2018-12-01T03:43:36Z
26.9246872,75.8273030,2018-12-01T03:43:55Z
26.9247173,75.8273486,2018-12-01T03:44:15Z
26.9247273,75.8273805,2018-12-01T03:44:36Z
26.9246995,75.8273391,2018-12-01T03:44:54Z
26.9246950,75.8273621,2018-12-01T03:45:17Z
26.9246676,75.8273665,2018-12-01T03:45:39Z
26.9246636,75.8273786,2018-12-01T03:46:00Z
26.9246805,75.8273766,2018-12-01T03:46:19Z
26.9247083,75.8273409,2018-12-01T03:46:41Z
26.9247039,75.8273250,2018-12-01T03:47:03Z
26.9247322,75.8273011,2018-12-01T03:47:22Z
26.9247576,75.8272780,2018-12-01T03:47:47Z
26.9247558,75.8272749,2018-12-01T03:48:09Z
26.9247430,75.8272673,2018-12-01T03:48:33Z
26.9247381,75.8272740,2018-12-01T03:48:54Z
26.9247449,75.8272837,2018-12-01T03:49:18Z
26.9247428,75.8272570,2018-12-01T03:49:42Z
26.9247794,75.8272424,2018-12-01T03:50:08Z
26.9247584,75.8272609,2018-12-01T03:50:30Z
26.9247374,75.8272496,2018-12-01T03:50:53Z
26.9247166,75.8272569,2018-12-01T03:51:18Z
26.9247167,75.8272708,2018-12-01T03:51:47Z
26.9247472,75.8273029,2018-12-01T03:52:10Z
26.9247529,75.8273401,2018-12-01T03:52:38Z
26.9247685,75.8273808,2018-12-01T03:53:02Z
26.9247734,75.8274027,2018-12-01T03:53:21Z
26.9247861,75.8273776,2018-12-01T03:53:42Z
26.9248478,75.8273530,2018-12-01T03:54:04Z
26.9249022,75.8273087,2018-12-01T03:54:28Z
26.9249058,75.8273285,2018-12-01T03:54:49Z
26.9248883,75.8272876,2018-12-01T03:55:09Z
26.9248165,75.8272897,2018-12-01T03:55:28Z
26.9247830,75.8273093,2018-12-01T03:55:47Z
26.9247795,75.8273308,2018-12-01T03:56:07Z
26.9247788,75.8273511,2018-12-01T03:56:30Z
26.9247855,75.8273464,2018-12-01T03:56:49Z
26.9247643,75.8273289,2018-12-01T03:57:08Z
26.9247385,75.8273440,2018-12-01T03:57:33Z
26.9247071,75.8273522,2018-12-01T03:58:03Z
26.9246757,75.8272962,2018-12-01T03:58:31Z
26.9246718,75.8272682,2018-12-01T03:58:56Z
26.9246840,75.8272880,2018-12-01T03:59:22Z
26.9246867,75.8273023,2018-12-01T03:59:41Z
26.9246605,75.8272786,2018-12-01T04:00:03Z
26.9246846,75.8272546,2018-12-01T04:00:22Z
26.9246835,75.8272681,2018-12-01T04:00:43Z
26.9247090,75.8272449,2018-12-01T04:01:02Z
26.9248530,75.8273161,2018-12-01T04:01:17Z
26.9252226,75.8274228,2018-12-01T04:01:29Z
26.9257569,75.8275710,2018-12-01T04:01:43Z
26.9259904,75.8276373,2018-12-01T04:01:54Z
26.9261566,75.8276824,2018-12-01T04:02:06Z
26.9266619,75.8278448,2018-12-01T04:02:18Z
26.9270839,75.8279590,2018-12-01T04:02:27Z
26.9276333,75.8281235,2018-12-01T04:02:37Z
26.9284496,75.8283491,2018-12-01T04:02:51Z
26.9289211,75.8284827,2018-12-01T04:03:01Z
26.9291048,75.8285348,2018-12-01T04:03:10Z
26.9293019,75.8285818,2018-12-01T04:03:20Z
26.9294475,75.8286141,2018-12-01T04:03:36Z
26.9297132,75.8287777,2018-12-01T04:03:52Z
26.9297305,75.8290528,2018-12-01T04:04:02Z
26.9295933,75.8297398,2018-12-01T04:04:14Z
26.9294204,75.8305797,2018-12-01T04:04:27Z
26.9294058,75.8308636,2018-12-01T04:04:35Z
26.9296650,75.8309882,2018-12-01T04:04:45Z
26.9301873,75.8313293,2018-12-01T04:04:58Z
26.9304593,75.8314757,2018-12-01T04:05:04Z
26.9308919,75.8318324,2018-12-01T04:05:15Z
26.9311670,75.8319998,2018-12-01T04:05:27Z
26.9315477,75.8321313,2018-12-01T04:05:35Z
26.9325071,75.8324723,2018-12-01T04:05:49Z
26.9334473,75.8328240,2018-12-01T04:06:00Z
26.9340059,75.8330917,2018-12-01T04:06:08Z
26.9347894,75.8332807,2018-12-01T04:06:20Z
26.9352309,75.8334657,2018-12-01T04:06:29Z
26.9359731,75.8337363,2018-12-01T04:06:41Z
26.9360948,75.8338045,2018-12-01T04:06:43Z
26.9367527,75.8343601,2018-12-01T04:06:53Z
26.9373389,75.8348811,2018-12-01T04:07:03Z
26.9376981,75.8352263,2018-12-01T04:07:11Z
26.9380064,75.8355854,2018-12-01T04:07:20Z
26.9387094,75.8363435,2018-12-01T04:07:32Z
26.9392909,75.8369228,2018-12-01T04:07:41Z
26.9401424,75.8376112,2018-12-01T04:07:53Z
26.9409564,75.8381708,2018-12-01T04:08:05Z
26.9420051,75.8388644,2018-12-01T04:08:18Z
26.9429030,75.8393514,2018-12-01T04:08:28Z
26.9430071,75.8393757,2018-12-01T04:08:29Z
26.9437550,75.8394983,2018-12-01T04:08:37Z
26.9444435,75.8396414,2018-12-01T04:08:46Z
26.9450654,75.8397884,2018-12-01T04:08:55Z
26.9456516,75.8398836,2018-12-01T04:09:04Z
26.9458096,75.8399110,2018-12-01T04:09:13Z
26.9461604,75.8400097,2018-12-01T04:09:23Z
26.9467365,75.8401851,2018-12-01T04:09:36Z
26.9475299,75.8404223,2018-12-01T04:09:49Z
26.9483035,75.8406445,2018-12-01T04:10:02Z
26.9491559,75.8408767,2018-12-01T04:10:12Z
26.9504218,75.8412395,2018-12-01T04:10:26Z
26.9514952,75.8415656,2018-12-01T04:10:38Z
26.9530200,75.8420333,2018-12-01T04:10:53Z
26.9539369,75.8422990,2018-12-01T04:11:03Z
26.9546997,75.8425257,2018-12-01T04:11:13Z
26.9557212,75.8429249,2018-12-01T04:11:24Z
26.9569199,75.8434148,2018-12-01T04:11:35Z
26.9582380,75.8440506,2018-12-01T04:11:47Z
26.9585709,75.8442161,2018-12-01T04:11:53Z
26.9591888,75.8445120,2018-12-01T04:12:02Z
26.9600353,75.8448661,2018-12-01T04:12:11Z
26.9604244,75.8449431,2018-12-01T04:12:16Z
26.9608022,75.8449951,2018-12-01T04:12:24Z
26.9613238,75.8452413,2018-12-01T04:12:33Z
26.9617741,75.8454553,2018-12-01T04:12:42Z
26.9625895,75.8458855,2018-12-01T04:12:52Z
26.9638208,75.8465066,2018-12-01T04:13:05Z
26.9645612,75.8467828,2018-12-01T04:13:14Z
26.9647242,75.8468170,2018-12-01T04:13:17Z
26.9647834,75.8468177,2018-12-01T04:13:18Z
26.9648470,75.8468079,2018-12-01T04:13:19Z
26.9649133,75.8467900,2018-12-01T04:13:20Z
26.9649851,75.8467646,2018-12-01T04:13:21Z
26.9657960,75.8464559,2018-12-01T04:13:32Z
26.9667004,75.8464900,2018-12-01T04:13:42Z
26.9667791,75.8465190,2018-12-01T04:13:43Z
26.9668531,75.8465635,2018-12-01T04:13:44Z
26.9669195,75.8466237,2018-12-01T04:13:45Z
26.9669777,75.8467026,2018-12-01T04:13:46Z
26.9670340,75.8467936,2018-12-01T04:13:47Z
26.9676002,75.8476272,2018-12-01T04:13:57Z
26.9682389,75.8486466,2018-12-01T04:14:09Z
26.9683648,75.8489242,2018-12-01T04:14:12Z
26.9684190,75.8490045,2018-12-01T04:14:13Z
26.9684829,75.8490795,2018-12-01T04:14:14Z
26.9685462,75.8491362,2018-12-01T04:14:15Z
26.9686249,75.8491925,2018-12-01T04:14:16Z
26.9687051,75.8492350,2018-12-01T04:14:17Z
26.9687912,75.8492668,2018-12-01T04:14:18Z
26.9688794,75.8492864,2018-12-01T04:14:19Z
26.9689749,75.8493008,2018-12-01T04:14:20Z
26.9690671,75.8493133,2018-12-01T04:14:21Z
26.9697184,75.8493495,2018-12-01T04:14:28Z
26.9698022,75.8493809,2018-12-01T04:14:29Z
26.9698848,75.8494289,2018-12-01T04:14:30Z
26.9699511,75.8494814,2018-12-01T04:14:31Z
26.9700165,75.8495401,2018-12-01T04:14:32Z
26.9701384,75.8496799,2018-12-01T04:14:34Z
26.9701933,75.8497590,2018-12-01T04:14:35Z
26.9702419,75.8498465,2018-12-01T04:14:36Z
26.9703575,75.8506046,2018-12-01T04:14:44Z
26.9702438,75.8510598,2018-12-01T04:14:49Z
26.9702633,75.8511304,2018-12-01T04:14:50Z
26.9702933,75.8511891,2018-12-01T04:14:51Z
26.9703376,75.8512426,2018-12-01T04:14:52Z
26.9703860,75.8512879,2018-12-01T04:14:53Z
26.9704373,75.8513275,2018-12-01T04:14:54Z
26.9710418,75.8517292,2018-12-01T04:15:06Z
26.9713214,75.8517992,2018-12-01T04:15:10Z
26.9722927,75.8518877,2018-12-01T04:15:21Z
26.9726664,75.8518960,2018-12-01T04:15:25Z
26.9727405,75.8518868,2018-12-01T04:15:26Z
26.9728180,75.8518657,2018-12-01T04:15:27Z
26.9728917,75.8518389,2018-12-01T04:15:28Z
26.9729663,75.8518078,2018-12-01T04:15:29Z
26.9731291,75.8517571,2018-12-01T04:15:31Z
26.9732120,75.8517520,2018-12-01T04:15:32Z
26.9732945,75.8517592,2018-12-01T04:15:33Z
26.9733784,75.8517711,2018-12-01T04:15:34Z
26.9734646,75.8517905,2018-12-01T04:15:35Z
26.9739257,75.8518710,2018-12-01T04:15:40Z
26.9740251,75.8518644,2018-12-01T04:15:41Z
26.9749072,75.8516501,2018-12-01T04:15:50Z
26.9754438,75.8513114,2018-12-01T04:15:57Z
26.9755687,75.8512402,2018-12-01T04:15:59Z
26.9756398,75.8512103,2018-12-01T04:16:00Z
26.9757142,75.8511881,2018-12-01T04:16:01Z
26.9757903,75.8511794,2018-12-01T04:16:02Z
26.9758683,75.8511882,2018-12-01T04:16:03Z
26.9759534,75.8512179,2018-12-01T04:16:04Z
26.9760299,75.8512548,2018-12-01T04:16:05Z
26.9761112,75.8513025,2018-12-01T04:16:06Z
26.9761905,75.8513574,2018-12-01T04:16:07Z
26.9762664,75.8514204,2018-12-01T04:16:08Z
26.9763428,75.8514910,2018-12-01T04:16:09Z
26.9766626,75.8517692,2018-12-01T04:16:13Z
26.9767581,75.8518259,2018-12-01T04:16:14Z
26.9768606,75.8518773,2018-12-01T04:16:15Z
26.9779176,75.8521737,2018-12-01T04:16:25Z
26.9791083,75.8523493,2018-12-01T04:16:37Z
26.9801438,75.8524881,2018-12-01T04:16:47Z
26.9809989,75.8525609,2018-12-01T04:16:56Z
26.9813902,75.8526103,2018-12-01T04:17:03Z
26.9821550,75.8527963,2018-12-01T04:17:15Z
26.9829878,75.8531482,2018-12-01T04:17:26Z
26.9838595,75.8536440,2018-12-01T04:17:37Z
26.9851219,75.8540197,2018-12-01T04:17:52Z
26.9859629,75.8539913,2018-12-01T04:18:03Z
26.9863306,75.8539559,2018-12-01T04:18:09Z
26.9863764,75.8539671,2018-12-01T04:18:10Z
26.9864189,75.8539821,2018-12-01T04:18:11Z
26.9864573,75.8540017,2018-12-01T04:18:12Z
26.9864918,75.8540206,2018-12-01T04:18:13Z
26.9865197,75.8540390,2018-12-01T04:18:14Z
26.9867111,75.8541741,2018-12-01T04:18:23Z
26.9871913,75.8545205,2018-12-01T04:18:33Z
26.9873105,75.8545861,2018-12-01T04:18:39Z
26.9873182,75.8545818,2018-12-01T04:18:59Z
26.9873160,75.8545974,2018-12-01T04:19:21Z
26.9873180,75.8545997,2018-12-01T04:19:48Z
26.9873711,75.8546359,2018-12-01T04:20:07Z
26.9873893,75.8546505,2018-12-01T04:20:14Z
26.9873940,75.8546682,2018-12-01T04:20:15Z
26.9873983,75.8546926,2018-12-01T04:20:16Z
26.9874093,75.8547195,2018-12-01T04:20:17Z
26.9874270,75.8547414,2018-12-01T04:20:18Z
26.9874486,75.8547609,2018-12-01T04:20:19Z
26.9874736,75.8547796,2018-12-01T04:20:20Z
26.9875006,75.8547962,2018-12-01T04:20:21Z
26.9875717,75.8548507,2018-12-01T04:20:28Z
26.9877916,75.8550471,2018-12-01T04:20:38Z
26.9881371,75.8552816,2018-12-01T04:20:47Z
26.9882718,75.8554104,2018-12-01T04:20:51Z
26.9884588,75.8557427,2018-12-01T04:20:59Z
26.9885355,75.8562645,2018-12-01T04:21:07Z
26.9884873,75.8569457,2018-12-01T04:21:15Z
26.9884677,75.8576337,2018-12-01T04:21:24Z
26.9884693,75.8583794,2018-12-01T04:21:33Z
26.9884723,75.8585175,2018-12-01T04:21:38Z
26.9884822,75.8586942,2018-12-01T04:21:49Z
26.9884708,75.8592038,2018-12-01T04:22:00Z
26.9884796,75.8593706,2018-12-01T04:22:06Z
26.9884874,75.8596256,2018-12-01T04:22:14Z
26.9885480,75.8602198,2018-12-01T04:22:23Z
26.9886510,75.8608234,2018-12-01T04:22:32Z
26.9887969,75.8616337,2018-12-01T04:22:46Z
26.9888456,75.8617630,2018-12-01T04:22:48Z
26.9888782,75.8618231,2018-12-01T04:22:49Z
26.9889174,75.8618834,2018-12-01T04:22:50Z
26.9893263,75.8623638,2018-12-01T04:22:59Z
26.9894257,75.8625112,2018-12-01T04:23:02Z
26.9894503,75.8625644,2018-12-01T04:23:03Z
26.9897223,75.8631840,2018-12-01T04:23:14Z
26.9899860,75.8638719,2018-12-01T04:23:23Z
26.9905074,75.8650195,2018-12-01T04:23:36Z
26.9911795,75.8665053,2018-12-01T04:23:51Z
26.9913846,75.8671339,2018-12-01T04:23:58Z
26.9914695,75.8675298,2018-12-01T04:24:04Z
26.9915446,75.8681608,2018-12-01T04:24:13Z
26.9915578,75.8682332,2018-12-01T04:24:19Z
26.9915687,75.8682389,2018-12-01T04:24:50Z
26.9915704,75.8682635,2018-12-01T04:25:23Z
26.9915909,75.8683946,2018-12-01T04:25:35Z
26.9915948,75.8684014,2018-12-01T04:25:48Z
26.9915922,75.8684125,2018-12-01T04:26:29Z
26.9915986,75.8684049,2018-12-01T04:27:10Z
26.9916019,75.8684135,2018-12-01T04:27:50Z
26.9915961,75.8684022,2018-12-01T04:28:19Z
26.9915958,75.8684195,2018-12-01T04:28:45Z
26.9916011,75.8684382,2018-12-01T04:29:15Z
26.9915827,75.8684425,2018-12-01T04:29:42Z
26.9915632,75.8684383,2018-12-01T04:30:14Z
26.9915629,75.8684499,2018-12-01T04:30:45Z
26.9915520,75.8684494,2018-12-01T04:31:16Z
26.9915771,75.8684591,2018-12-01T04:31:47Z
26.9915724,75.8684563,2018-12-01T04:32:11Z
26.9915630,75.8684167,2018-12-01T04:32:37Z
26.9915363,75.8684215,2018-12-01T04:33:11Z
26.9915468,75.8684336,2018-12-01T04:33:43Z
26.9915369,75.8684317,2018-12-01T04:34:10Z
26.9915400,75.8683984,2018-12-01T04:34:34Z
26.9915628,75.8683866,2018-12-01T04:34:55Z
26.9915733,75.8683884,2018-12-01T04:35:22Z
26.9915628,75.8684008,2018-12-01T04:35:48Z
26.9915462,75.8684282,2018-12-01T04:36:15Z
26.9915476,75.8684388,2018-12-01T04:36:41Z
26.9915633,75.8684273,2018-12-01T04:37:07Z
26.9915795,75.8684110,2018-12-01T04:37:39Z
26.9915896,75.8684136,2018-12-01T04:38:17Z
26.9916136,75.8684092,2018-12-01T04:38:50Z
26.9916125,75.8684081,2018-12-01T04:39:26Z
26.9915833,75.8684216,2018-12-01T04:39:57Z
26.9915930,75.8684241,2018-12-01T04:40:33Z
26.9915947,75.8684102,2018-12-01T04:41:11Z
26.9915851,75.8684580,2018-12-01T04:41:43Z
26.9915998,75.8685337,2018-12-01T04:41:55Z
26.9916110,75.8685448,2018-12-01T04:42:36Z
26.9916061,75.8685468,2018-12-01T04:43:13Z
26.9916089,75.8685426,2018-12-01T04:43:46Z
26.9916164,75.8685335,2018-12-01T04:44:20Z
26.9916158,75.8685276,2018-12-01T04:44:47Z
26.9916104,75.8685252,2018-12-01T04:45:21Z
26.9916188,75.8685428,2018-12-01T04:45:56Z
26.9916188,75.8685432,2018-12-01T04:46:31Z
26.9916193,75.8685184,2018-12-01T04:47:10Z
26.9916172,75.8685222,2018-12-01T04:47:47Z
26.9916048,75.8685099,2018-12-01T04:48:19Z
26.9915789,75.8686145,2018-12-01T04:48:34Z
26.9916333,75.8690175,2018-12-01T04:48:46Z
26.9916863,75.8695420,2018-12-01T04:48:53Z
26.9917729,75.8703458,2018-12-01T04:49:03Z
26.9918436,75.8710048,2018-12-01T04:49:11Z
26.9918892,75.8713607,2018-12-01T04:49:21Z
26.9919226,75.8719125,2018-12-01T04:49:30Z
26.9920106,75.8727753,2018-12-01T04:49:39Z
26.9922338,75.8736830,2018-12-01T04:49:49Z
26.9923028,75.8738704,2018-12-01T04:49:51Z
26.9927158,75.8744853,2018-12-01T04:49:58Z
26.9930483,75.8747920,2018-12-01T04:50:05Z
26.9930896,75.8748177,2018-12-01T04:50:11Z
26.9930384,75.8747792,2018-12-01T04:50:34Z
26.9929884,75.8747249,2018-12-01T04:50:45Z
26.9929858,75.8747112,2018-12-01T04:51:04Z
26.9929920,75.8747224,2018-12-01T04:51:06Z
26.9929925,75.8747981,2018-12-01T04:51:11Z
26.9929657,75.8748162,2018-12-01T04:51:15Z
26.9929122,75.8747942,2018-12-01T04:51:19Z
26.9926891,75.8745398,2018-12-01T04:51:31Z
26.9922727,75.8739553,2018-12-01T04:51:42Z
26.9920535,75.8734207,2018-12-01T04:51:53Z
26.9919496,75.8728626,2018-12-01T04:52:01Z
26.9918808,75.8719733,2018-12-01T04:52:10Z
26.9917929,75.8710683,2018-12-01T04:52:19Z
26.9917067,75.8701323,2018-12-01T04:52:29Z
26.9916223,75.8691348,2018-12-01T04:52:39Z
26.9915680,75.8684754,2018-12-01T04:52:47Z
26.9914758,75.8676107,2018-12-01T04:52:58Z
26.9912418,75.8666445,2018-12-01T04:53:09Z
26.9907501,75.8655290,2018-12-01T04:53:22Z
26.9903305,75.8645985,2018-12-01T04:53:33Z
26.9900318,75.8639181,2018-12-01T04:53:44Z
26.9896954,75.8630769,2018-12-01T04:53:56Z
26.9895737,75.8627381,2018-12-01T04:54:03Z
26.9893565,75.8623993,2018-12-01T04:54:12Z
26.9888716,75.8617905,2018-12-01T04:54:24Z
26.9888444,75.8617251,2018-12-01T04:54:25Z
26.9888254,75.8616629,2018-12-01T04:54:26Z
26.9888122,75.8616025,2018-12-01T04:54:27Z
26.9887802,75.8614528,2018-12-01T04:54:30Z
26.9887550,75.8613542,2018-12-01T04:54:32Z
26.9887108,75.8610181,2018-12-01T04:54:41Z
26.9887067,75.8608452,2018-12-01T04:54:46Z
26.9886972,75.8607985,2018-12-01T04:54:47Z
26.9885995,75.8602732,2018-12-01T04:54:55Z
26.9885506,75.8593641,2018-12-01T04:55:07Z
26.9885450,75.8586860,2018-12-01T04:55:17Z
26.9885348,75.8577324,2018-12-01T04:55:29Z
26.9885691,75.8568637,2018-12-01T04:55:40Z
26.9885968,75.8560898,2018-12-01T04:55:50Z
26.9885841,75.8559760,2018-12-01T04:55:52Z
26.9885692,75.8559321,2018-12-01T04:55:53Z
26.9885316,75.8558670,2018-12-01T04:55:59Z
26.9884954,75.8557556,2018-12-01T04:56:12Z
26.9883403,75.8554881,2018-12-01T04:56:23Z
26.9881797,75.8553434,2018-12-01T04:56:33Z
26.9880775,75.8552560,2018-12-01T04:56:42Z
26.9877886,75.8550507,2018-12-01T04:56:53Z
26.9875211,75.8547983,2018-12-01T04:57:03Z
26.9872300,75.8545445,2018-12-01T04:57:14Z
26.9869400,75.8543355,2018-12-01T04:57:24Z
26.9866101,75.8541325,2018-12-01T04:57:34Z
26.9862112,75.8540064,2018-12-01T04:57:44Z
26.9857637,75.8540379,2018-12-01T04:57:54Z
26.9851610,75.8540483,2018-12-01T04:58:03Z
26.9850960,75.8540338,2018-12-01T04:58:04Z
26.9844019,75.8538547,2018-12-01T04:58:13Z
26.9833643,75.8534428,2018-12-01T04:58:24Z
26.9826907,75.8530204,2018-12-01T04:58:32Z
26.9818022,75.8527531,2018-12-01T04:58:41Z
26.9806251,75.8525377,2018-12-01T04:58:52Z
26.9799615,75.8525318,2018-12-01T04:59:00Z
26.9798328,75.8524265,2018-12-01T04:59:06Z
26.9798777,75.8521985,2018-12-01T04:59:15Z
26.9799136,75.8519472,2018-12-01T04:59:28Z
26.9799662,75.8516747,2018-12-01T04:59:40Z
26.9799948,75.8515210,2018-12-01T04:59:52Z
26.9800285,75.8515738,2018-12-01T05:00:07Z
26.9800899,75.8515899,2018-12-01T05:00:25Z
26.9801115,75.8516070,2018-12-01T05:00:41Z
26.9801199,75.8516251,2018-12-01T05:01:11Z
26.9801148,75.8516427,2018-12-01T05:01:49Z
26.9801122,75.8516391,2018-12-01T05:02:24Z
26.9801029,75.8516286,2018-12-01T05:02:53Z
26.9801047,75.8516090,2018-12-01T05:03:20Z
26.9800994,75.8515971,2018-12-01T05:03:49Z
26.9801000,75.8516024,2018-12-01T05:04:25Z
26.9801076,75.8515992,2018-12-01T05:05:01Z
26.9801135,75.8515905,2018-12-01T05:05:34Z
26.9801417,75.8515828,2018-12-01T05:06:11Z
26.9801437,75.8515971,2018-12-01T05:06:45Z
26.9801391,75.8516168,2018-12-01T05:07:15Z
26.9801308,75.8516023,2018-12-01T05:07:46Z
26.9801168,75.8515942,2018-12-01T05:08:21Z
26.9801184,75.8515938,2018-12-01T05:08:52Z
26.9801148,75.8515945,2018-12-01T05:09:28Z
26.9801294,75.8515945,2018-12-01T05:09:53Z
26.9801401,75.8516143,2018-12-01T05:10:20Z
26.9801487,75.8516041,2018-12-01T05:10:51Z
26.9801426,75.8516085,2018-12-01T05:11:18Z
26.9801469,75.8515822,2018-12-01T05:11:48Z
26.9801417,75.8515611,2018-12-01T05:12:20Z
26.9801071,75.8515836,2018-12-01T05:12:54Z
26.9801074,75.8515803,2018-12-01T05:13:22Z
26.9801196,75.8515805,2018-12-01T05:13:54Z
26.9801115,75.8515710,2018-12-01T05:14:32Z
26.9800749,75.8515626,2018-12-01T05:15:05Z
26.9800558,75.8515726,2018-12-01T05:15:31Z
26.9800577,75.8515943,2018-12-01T05:16:01Z
26.9800881,75.8516180,2018-12-01T05:16:32Z
26.9801100,75.8516208,2018-12-01T05:17:02Z
26.9801542,75.8516194,2018-12-01T05:17:34Z
26.9801593,75.8516136,2018-12-01T05:18:07Z
26.9801642,75.8516116,2018-12-01T05:18:42Z
26.9801593,75.8516048,2018-12-01T05:19:16Z
26.9801335,75.8515995,2018-12-01T05:19:55Z
26.9801277,75.8515987,2018-12-01T05:20:25Z
26.9801182,75.8515862,2018-12-01T05:21:03Z
26.9801132,75.8515732,2018-12-01T05:21:36Z
26.9801055,75.8515929,2018-12-01T05:22:16Z
26.9801253,75.8516212,2018-12-01T05:22:53Z
26.9801062,75.8516202,2018-12-01T05:23:31Z
26.9801223,75.8516038,2018-12-01T05:24:02Z
26.9801030,75.8515862,2018-12-01T05:24:35Z
26.9801016,75.8515958,2018-12-01T05:25:11Z
26.9800981,75.8516047,2018-12-01T05:25:44Z
26.9800801,75.8516073,2018-12-01T05:26:09Z
26.9800992,75.8516258,2018-12-01T05:26:47Z
26.9801327,75.8516256,2018-12-01T05:27:19Z
26.9801305,75.8516113,2018-12-01T05:27:51Z
26.9801229,75.8516241,2018-12-01T05:28:29Z
26.9801211,75.8516230,2018-12-01T05:29:05Z
26.9800995,75.8516311,2018-12-01T05:29:36Z
26.9800998,75.8516277,2018-12-01T05:30:05Z
26.9801169,75.8516248,2018-12-01T05:30:38Z
26.9801304,75.8516201,2018-12-01T05:31:11Z
26.9801236,75.8516234,2018-12-01T05:31:44Z
26.9801021,75.8516016,2018-12-01T05:32:18Z
26.9801278,75.8515914,2018-12-01T05:32:46Z
26.9801266,75.8515730,2018-12-01T05:33:13Z
26.9801064,75.8515693,2018-12-01T05:33:41Z
26.9800988,75.8515790,2018-12-01T05:34:13Z
26.9800820,75.8515624,2018-12-01T05:34:41Z
26.9800785,75.8515557,2018-12-01T05:35:11Z
26.9801119,75.8515675,2018-12-01T05:35:42Z
26.9800982,75.8515953,2018-12-01T05:36:07Z
26.9801017,75.8515862,2018-12-01T05:36:32Z
26.9801154,75.8515911,2018-12-01T05:36:59Z
26.9801265,75.8515816,2018-12-01T05:37:32Z
26.9801212,75.8515947,2018-12-01T05:38:03Z
26.9800935,75.8516006,2018-12-01T05:38:37Z
26.9801088,75.8516054,2018-12-01T05:39:07Z
26.9800903,75.8515886,2018-12-01T05:39:42Z
26.9801026,75.8516049,2018-12-01T05:40:13Z
26.9801043,75.8515895,2018-12-01T05:40:43Z
26.9801184,75.8515926,2018-12-01T05:41:12Z
26.9801224,75.8515796,2018-12-01T05:41:45Z
26.9801020,75.8515871,2018-12-01T05:42:21Z
26.9800883,75.8515686,2018-12-01T05:42:54Z
26.9800853,75.8515668,2018-12-01T05:43:20Z
26.9800701,75.8515624,2018-12-01T05:43:52Z
26.9800902,75.8515573,2018-12-01T05:44:26Z
26.9801235,75.8515489,2018-12-01T05:44:57Z
26.9801379,75.8515546,2018-12-01T05:45:23Z
26.9801184,75.8515689,2018-12-01T05:45:54Z
26.9801237,75.8515785,2018-12-01T05:46:19Z
26.9801472,75.8515720,2018-12-01T05:46:44Z
26.9801717,75.8515881,2018-12-01T05:47:08Z
26.9801661,75.8515874,2018-12-01T05:47:33Z
26.9801502,75.8515898,2018-12-01T05:47:57Z
26.9801077,75.8516134,2018-12-01T05:48:22Z
26.9800839,75.8516362,2018-12-01T05:48:51Z
26.9800930,75.8516240,2018-12-01T05:49:18Z
26.9801029,75.8516273,2018-12-01T05:49:37Z
26.9800962,75.8516194,2018-12-01T05:50:08Z
26.9801008,75.8516235,2018-12-01T05:50:38Z
26.9801034,75.8516347,2018-12-01T05:51:04Z
26.9801299,75.8516330,2018-12-01T05:51:36Z
26.9801211,75.8516349,2018-12-01T05:52:07Z
26.9801328,75.8516189,2018-12-01T05:52:37Z
26.9801136,75.8516173,2018-12-01T05:53:02Z
26.9801020,75.8516209,2018-12-01T05:53:25Z
26.9801257,75.8516180,2018-12-01T05:53:52Z
26.9801463,75.8516090,2018-12-01T05:54:22Z
26.9801470,75.8516141,2018-12-01T05:54:48Z
26.9801525,75.8516078,2018-12-01T05:55:14Z
26.9801554,75.8516123,2018-12-01T05:55:40Z
26.9801610,75.8516027,2018-12-01T05:56:15Z
26.9801675,75.8515861,2018-12-01T05:56:48Z
26.9801604,75.8515793,2018-12-01T05:57:23Z
26.9801461,75.8515967,2018-12-01T05:57:57Z
26.9801443,75.8515993,2018-12-01T05:58:18Z
26.9801495,75.8516033,2018-12-01T05:58:50Z
26.9801504,75.8516054,2018-12-01T05:59:24Z
26.9801604,75.8516080,2018-12-01T05:59:56Z
26.9801730,75.8516180,2018-12-01T06:00:20Z
26.9801474,75.8516185,2018-12-01T06:00:47Z
26.9801179,75.8516270,2018-12-01T06:01:18Z
26.9800951,75.8516231,2018-12-01T06:01:43Z
26.9800971,75.8516197,2018-12-01T06:02:07Z
26.9801497,75.8516041,2018-12-01T06:02:36Z
26.9801459,75.8516017,2018-12-01T06:02:57Z
26.9801417,75.8516016,2018-12-01T06:03:22Z
26.9801599,75.8515843,2018-12-01T06:03:49Z
26.9801584,75.8515747,2018-12-01T06:04:23Z
26.9801713,75.8515688,2018-12-01T06:04:51Z
26.9801812,75.8515853,2018-12-01T06:05:26Z
26.9801907,75.8515861,2018-12-01T06:05:59Z
26.9801834,75.8516009,2018-12-01T06:06:30Z
26.9801867,75.8515852,2018-12-01T06:07:05Z
26.9801764,75.8515831,2018-12-01T06:07:37Z
26.9801562,75.8515884,2018-12-01T06:08:11Z
26.9801542,75.8515836,2018-12-01T06:08:35Z
26.9801567,75.8515860,2018-12-01T06:09:09Z
26.9801805,75.8515785,2018-12-01T06:09:47Z
26.9801772,75.8515769,2018-12-01T06:10:17Z
26.9801612,75.8515957,2018-12-01T06:10:49Z
26.9801722,75.8515860,2018-12-01T06:11:20Z
26.9801640,75.8515931,2018-12-01T06:11:51Z
26.9801588,75.8515743,2018-12-01T06:12:23Z
26.9801472,75.8515800,2018-12-01T06:12:49Z
26.9801495,75.8515685,2018-12-01T06:13:17Z
26.9801664,75.8515745,2018-12-01T06:13:56Z
26.9800911,75.8515785,2018-12-01T06:14:12Z
26.9799650,75.8517282,2018-12-01T06:14:24Z
26.9799615,75.8517490,2018-12-01T06:14:25Z
26.9799096,75.8520698,2018-12-01T06:14:41Z
26.9798926,75.8521895,2018-12-01T06:14:52Z
26.9798711,75.8522976,2018-12-01T06:15:09Z
26.9798699,75.8523278,2018-12-01T06:15:19Z
26.9798670,75.8524376,2018-12-01T06:15:32Z
26.9798865,75.8524750,2018-12-01T06:15:35Z
26.9798985,75.8524874,2018-12-01T06:15:36Z
26.9799121,75.8524931,2018-12-01T06:15:37Z
26.9799349,75.8524993,2018-12-01T06:15:38Z
26.9799593,75.8525018,2018-12-01T06:15:39Z
26.9799890,75.8525031,2018-12-01T06:15:40Z
26.9804617,75.8524813,2018-12-01T06:15:50Z
26.9813375,75.8525914,2018-12-01T06:16:02Z
26.9824356,75.8528615,2018-12-01T06:16:15Z
26.9828478,75.8530343,2018-12-01T06:16:22Z
26.9835365,75.8534692,2018-12-01T06:16:32Z
26.9845694,75.8538621,2018-12-01T06:16:45Z
26.9849524,75.8539696,2018-12-01T06:16:52Z
26.9855144,75.8540186,2018-12-01T06:17:02Z
26.9860072,75.8539641,2018-12-01T06:17:13Z
26.9861569,75.8539525,2018-12-01T06:17:19Z
26.9865380,75.8540758,2018-12-01T06:17:29Z
26.9870537,75.8543835,2018-12-01T06:17:44Z
26.9873212,75.8545696,2018-12-01T06:17:55Z
26.9873510,75.8545886,2018-12-01T06:18:08Z
26.9873614,75.8545805,2018-12-01T06:18:35Z
26.9873632,75.8545787,2018-12-01T06:18:56Z
26.9874400,75.8546208,2018-12-01T06:19:08Z
26.9874490,75.8546219,2018-12-01T06:19:18Z
26.9874692,75.8545969,2018-12-01T06:19:35Z
26.9874281,75.8546103,2018-12-01T06:19:42Z
26.9874075,75.8546060,2018-12-01T06:19:43Z
26.9871535,75.8544759,2018-12-01T06:19:54Z
26.9867041,75.8542011,2018-12-01T06:20:05Z
26.9862232,75.8540064,2018-12-01T06:20:17Z
26.9861811,75.8540053,2018-12-01T06:20:18Z
26.9857435,75.8540543,2018-12-01T06:20:30Z
26.9853971,75.8540588,2018-12-01T06:20:44Z
26.9849958,75.8540136,2018-12-01T06:20:57Z
26.9844732,75.8538779,2018-12-01T06:21:08Z
26.9837252,75.8535873,2018-12-01T06:21:18Z
26.9830054,75.8532089,2018-12-01T06:21:28Z
26.9829658,75.8531855,2018-12-01T06:21:29Z
26.9827768,75.8530816,2018-12-01T06:21:37Z
26.9826791,75.8530092,2018-12-01T06:21:48Z
26.9827401,75.8530547,2018-12-01T06:22:08Z
26.9826800,75.8530384,2018-12-01T06:22:27Z
26.9826730,75.8530517,2018-12-01T06:22:43Z
26.9826687,75.8530578,2018-12-01T06:23:09Z
26.9826588,75.8530402,2018-12-01T06:23:39Z
26.9826593,75.8530375,2018-12-01T06:24:09Z
26.9826054,75.8529838,2018-12-01T06:24:27Z
26.9822740,75.8528945,2018-12-01T06:24:37Z
26.9817258,75.8527553,2018-12-01T06:24:47Z
26.9808202,75.8525527,2018-12-01T06:24:58Z
26.9794808,75.8524811,2018-12-01T06:25:13Z
26.9777514,75.8521851,2018-12-01T06:25:32Z
26.9766503,75.8518301,2018-12-01T06:25:45Z
26.9765696,75.8517763,2018-12-01T06:25:46Z
26.9764983,75.8517192,2018-12-01T06:25:47Z
26.9758319,75.8512138,2018-12-01T06:25:56Z
26.9757441,75.8511904,2018-12-01T06:25:57Z
26.9756631,75.8511838,2018-12-01T06:25:58Z
26.9755833,75.8511929,2018-12-01T06:25:59Z
26.9755086,75.8512197,2018-12-01T06:26:00Z
26.9754403,75.8512611,2018-12-01T06:26:01Z
26.9753787,75.8513129,2018-12-01T06:26:02Z
26.9747586,75.8517176,2018-12-01T06:26:13Z
26.9740886,75.8518445,2018-12-01T06:26:26Z
26.9737458,75.8518644,2018-12-01T06:26:36Z
26.9733309,75.8517459,2018-12-01T06:26:47Z
26.9731880,75.8516982,2018-12-01T06:26:50Z
26.9731352,75.8516934,2018-12-01T06:26:51Z
26.9730831,75.8516966,2018-12-01T06:26:52Z
26.9729912,75.8517190,2018-12-01T06:26:54Z
26.9728460,75.8517821,2018-12-01T06:26:57Z
26.9727920,75.8517995,2018-12-01T06:26:58Z
26.9727373,75.8518131,2018-12-01T06:26:59Z
26.9726807,75.8518197,2018-12-01T06:27:00Z
26.9726211,75.8518203,2018-12-01T06:27:01Z
26.9719445,75.8517174,2018-12-01T06:27:13Z
26.9713762,75.8516344,2018-12-01T06:27:28Z
26.9710147,75.8516058,2018-12-01T06:27:36Z
26.9703396,75.8512549,2018-12-01T06:27:50Z
26.9702415,75.8511935,2018-12-01T06:27:52Z
26.9701936,75.8511546,2018-12-01T06:27:53Z
26.9701405,75.8511172,2018-12-01T06:27:54Z
26.9701013,75.8510693,2018-12-01T06:27:55Z
26.9700702,75.8510211,2018-12-01T06:27:56Z
26.9700519,75.8509696,2018-12-01T06:27:57Z
26.9700428,75.8509083,2018-12-01T06:27:58Z
26.9700420,75.8508509,2018-12-01T06:27:59Z
26.9700458,75.8507915,2018-12-01T06:28:00Z
26.9700548,75.8507272,2018-12-01T06:28:01Z
26.9701931,75.8500094,2018-12-01T06:28:12Z
26.9701915,75.8499382,2018-12-01T06:28:13Z
26.9701823,75.8498676,2018-12-01T06:28:14Z
26.9701669,75.8497964,2018-12-01T06:28:15Z
26.9701440,75.8497248,2018-12-01T06:28:16Z
26.9701158,75.8496589,2018-12-01T06:28:17Z
26.9700849,75.8495972,2018-12-01T06:28:18Z
26.9700484,75.8495375,2018-12-01T06:28:19Z
26.9700039,75.8494803,2018-12-01T06:28:20Z
26.9699505,75.8494251,2018-12-01T06:28:21Z
26.9698965,75.8493753,2018-12-01T06:28:22Z
26.9697704,75.8492801,2018-12-01T06:28:24Z
26.9697036,75.8492426,2018-12-01T06:28:25Z
26.9696360,75.8492123,2018-12-01T06:28:26Z
26.9695655,75.8491888,2018-12-01T06:28:27Z
26.9694935,75.8491754,2018-12-01T06:28:28Z
26.9694157,75.8491669,2018-12-01T06:28:29Z
26.9685399,75.8490957,2018-12-01T06:28:41Z
26.9684715,75.8490653,2018-12-01T06:28:42Z
26.9684063,75.8490216,2018-12-01T06:28:43Z
26.9683417,75.8489633,2018-12-01T06:28:44Z
26.9682819,75.8488948,2018-12-01T06:28:45Z
26.9682281,75.8488154,2018-12-01T06:28:46Z
26.9681820,75.8487293,2018-12-01T06:28:47Z
26.9681411,75.8486389,2018-12-01T06:28:48Z
26.9679815,75.8482154,2018-12-01T06:28:53Z
26.9679412,75.8481399,2018-12-01T06:28:54Z
26.9675322,75.8475464,2018-12-01T06:29:04Z
26.9670173,75.8468370,2018-12-01T06:29:14Z
26.9668052,75.8465939,2018-12-01T06:29:18Z
26.9667425,75.8465475,2018-12-01T06:29:19Z
26.9666726,75.8465102,2018-12-01T06:29:20Z
26.9666053,75.8464832,2018-12-01T06:29:21Z
26.9665294,75.8464626,2018-12-01T06:29:22Z
26.9664454,75.8464488,2018-12-01T06:29:23Z
26.9663598,75.8464416,2018-12-01T06:29:24Z
26.9662859,75.8464406,2018-12-01T06:29:25Z
26.9654457,75.8465468,2018-12-01T06:29:36Z
26.9645883,75.8468570,2018-12-01T06:29:47Z
26.9645031,75.8468584,2018-12-01T06:29:48Z
26.9644160,75.8468481,2018-12-01T06:29:49Z
26.9643344,75.8468301,2018-12-01T06:29:50Z
26.9642526,75.8468071,2018-12-01T06:29:51Z
26.9635885,75.8464687,2018-12-01T06:30:01Z
26.9630643,75.8461685,2018-12-01T06:30:11Z
26.9623651,75.8458724,2018-12-01T06:30:21Z
26.9610142,75.8451993,2018-12-01T06:30:37Z
26.9602139,75.8449987,2018-12-01T06:30:46Z
26.9594384,75.8447289,2018-12-01T06:30:54Z
26.9584552,75.8442451,2018-12-01T06:31:06Z
26.9579618,75.8440279,2018-12-01T06:31:14Z
26.9576460,75.8438749,2018-12-01T06:31:22Z
26.9576764,75.8439031,2018-12-01T06:31:31Z
26.9576687,75.8439064,2018-12-01T06:31:54Z
26.9576917,75.8439047,2018-12-01T06:32:27Z
26.9576871,75.8439154,2018-12-01T06:33:02Z
26.9576959,75.8439161,2018-12-01T06:33:39Z
26.9576885,75.8439011,2018-12-01T06:34:12Z
26.9576971,75.8438975,2018-12-01T06:34:52Z
26.9577114,75.8438932,2018-12-01T06:35:30Z
26.9577099,75.8439177,2018-12-01T06:36:05Z
26.9577141,75.8439054,2018-12-01T06:36:37Z
26.9577036,75.8439085,2018-12-01T06:37:06Z
26.9577051,75.8439110,2018-12-01T06:37:39Z
26.9577183,75.8439161,2018-12-01T06:38:10Z
26.9577259,75.8439139,2018-12-01T06:38:39Z
26.9577378,75.8438998,2018-12-01T06:39:07Z
26.9577300,75.8438868,2018-12-01T06:39:36Z
26.9577351,75.8438872,2018-12-01T06:40:01Z
26.9575723,75.8437959,2018-12-01T06:40:12Z
26.9570588,75.8435207,2018-12-01T06:40:23Z
26.9560777,75.8431125,2018-12-01T06:40:38Z
26.9551218,75.8427618,2018-12-01T06:40:54Z
26.9541901,75.8424789,2018-12-01T06:41:08Z
26.9538932,75.8423931,2018-12-01T06:41:16Z
26.9534979,75.8422726,2018-12-01T06:41:25Z
26.9525796,75.8420059,2018-12-01T06:41:38Z
26.9512035,75.8416166,2018-12-01T06:41:54Z
26.9500569,75.8412731,2018-12-01T06:42:08Z
26.9494201,75.8410575,2018-12-01T06:42:18Z
26.9485967,75.8407960,2018-12-01T06:42:29Z
26.9477622,75.8405556,2018-12-01T06:42:40Z
26.9469824,75.8403299,2018-12-01T06:42:52Z
26.9463497,75.8402014,2018-12-01T06:43:01Z
26.9462905,75.8401827,2018-12-01T06:43:07Z
26.9463480,75.8402018,2018-12-01T06:43:30Z
26.9463234,75.8402206,2018-12-01T06:43:53Z
26.9460531,75.8401270,2018-12-01T06:44:04Z
26.9457365,75.8400562,2018-12-01T06:44:16Z
26.9452501,75.8399538,2018-12-01T06:44:26Z
26.9444676,75.8397518,2018-12-01T06:44:39Z
26.9440760,75.8396503,2018-12-01T06:44:48Z
26.9438815,75.8395638,2018-12-01T06:44:56Z
26.9438371,75.8395544,2018-12-01T06:44:57Z
26.9432517,75.8394460,2018-12-01T06:45:07Z
26.9425359,75.8392348,2018-12-01T06:45:18Z
26.9419197,75.8388520,2018-12-01T06:45:28Z
26.9418047,75.8388097,2018-12-01T06:45:35Z
26.9417931,75.8388481,2018-12-01T06:45:52Z
26.9417852,75.8389054,2018-12-01T06:46:06Z
26.9416877,75.8391535,2018-12-01T06:46:17Z
26.9416396,75.8392022,2018-12-01T06:46:21Z
26.9416215,75.8392054,2018-12-01T06:46:22Z
26.9415934,75.8392071,2018-12-01T06:46:23Z
26.9415703,75.8392042,2018-12-01T06:46:24Z
26.9415527,75.8391997,2018-12-01T06:46:25Z
26.9414894,75.8391577,2018-12-01T06:46:37Z
26.9414149,75.8391820,2018-12-01T06:46:54Z
26.9414168,75.8392053,2018-12-01T06:47:14Z
26.9414370,75.8391852,2018-12-01T06:47:28Z
26.9414561,75.8392039,2018-12-01T06:47:44Z
26.9414277,75.8392576,2018-12-01T06:48:01Z
26.9414305,75.8392896,2018-12-01T06:48:17Z
26.9414209,75.8393074,2018-12-01T06:48:45Z
26.9413881,75.8393207,2018-12-01T06:49:14Z
26.9413866,75.8393143,2018-12-01T06:49:43Z
26.9413603,75.8393394,2018-12-01T06:50:11Z
26.9413534,75.8393250,2018-12-01T06:50:40Z
26.9413423,75.8393329,2018-12-01T06:51:06Z
26.9413539,75.8393394,2018-12-01T06:51:31Z
26.9413471,75.8393344,2018-12-01T06:51:57Z
26.9413294,75.8393733,2018-12-01T06:52:29Z
26.9413602,75.8393809,2018-12-01T06:52:58Z
26.9413561,75.8393869,2018-12-01T06:53:23Z
26.9413594,75.8393848,2018-12-01T06:53:47Z
26.9413518,75.8393642,2018-12-01T06:54:11Z
26.9413333,75.8393368,2018-12-01T06:54:37Z
26.9413400,75.8393093,2018-12-01T06:55:03Z
26.9413383,75.8393297,2018-12-01T06:55:32Z
26.9413267,75.8393096,2018-12-01T06:56:05Z
26.9413246,75.8393002,2018-12-01T06:56:39Z
26.9413159,75.8393099,2018-12-01T06:57:14Z
26.9413244,75.8393109,2018-12-01T06:57:44Z
26.9413210,75.8392954,2018-12-01T06:58:18Z
26.9413317,75.8393025,2018-12-01T06:58:42Z
26.9413655,75.8393058,2018-12-01T06:59:07Z
26.9413787,75.8393153,2018-12-01T06:59:31Z
26.9413659,75.8393020,2018-12-01T06:59:54Z
26.9413630,75.8393095,2018-12-01T07:00:21Z
26.9413634,75.8393073,2018-12-01T07:00:50Z
26.9413718,75.8392968,2018-12-01T07:01:26Z
26.9413753,75.8392913,2018-12-01T07:02:00Z
26.9414023,75.8392901,2018-12-01T07:02:31Z
26.9414327,75.8392985,2018-12-01T07:02:56Z
26.9414387,75.8392857,2018-12-01T07:03:21Z
26.9414686,75.8392784,2018-12-01T07:03:45Z
26.9414575,75.8393027,2018-12-01T07:04:08Z
26.9414979,75.8393207,2018-12-01T07:04:33Z
26.9414728,75.8393234,2018-12-01T07:05:02Z
26.9414405,75.8393210,2018-12-01T07:05:30Z
26.9414852,75.8393073,2018-12-01T07:05:59Z
26.9414681,75.8393080,2018-12-01T07:06:26Z
26.9415002,75.8392892,2018-12-01T07:06:55Z
26.9414806,75.8392911,2018-12-01T07:07:22Z
26.9414635,75.8393087,2018-12-01T07:07:47Z
26.9414857,75.8393193,2018-12-01T07:08:14Z
26.9414566,75.8393174,2018-12-01T07:08:39Z
26.9414434,75.8393032,2018-12-01T07:09:12Z
26.9414447,75.8392951,2018-12-01T07:09:48Z
26.9414060,75.8392840,2018-12-01T07:10:19Z
26.9414090,75.8392778,2018-12-01T07:10:50Z
26.9414249,75.8392896,2018-12-01T07:11:15Z
26.9414316,75.8392907,2018-12-01T07:11:39Z
26.9414236,75.8392837,2018-12-01T07:12:18Z
26.9414312,75.8392770,2018-12-01T07:12:53Z
26.9414029,75.8392861,2018-12-01T07:13:20Z
26.9414122,75.8392959,2018-12-01T07:13:57Z
26.9414157,75.8393118,2018-12-01T07:14:27Z
26.9414270,75.8393229,2018-12-01T07:14:56Z
26.9414429,75.8393239,2018-12-01T07:15:27Z
26.9414376,75.8393586,2018-12-01T07:15:57Z
26.9414572,75.8393605,2018-12-01T07:16:23Z
26.9414283,75.8393130,2018-12-01T07:16:50Z
26.9414274,75.8393021,2018-12-01T07:17:21Z
26.9414424,75.8393398,2018-12-01T07:17:55Z
26.9414167,75.8393606,2018-12-01T07:18:30Z
26.9414371,75.8393406,2018-12-01T07:19:01Z
26.9414336,75.8393393,2018-12-01T07:19:36Z
26.9414336,75.8393446,2018-12-01T07:20:04Z
26.9414239,75.8393433,2018-12-01T07:20:38Z
26.9414067,75.8393321,2018-12-01T07:21:11Z
26.9414225,75.8393429,2018-12-01T07:21:48Z
26.9414198,75.8393528,2018-12-01T07:22:23Z
26.9414096,75.8393231,2018-12-01T07:22:57Z
26.9414133,75.8393159,2018-12-01T07:23:26Z
26.9414322,75.8393210,2018-12-01T07:23:48Z
26.9414160,75.8393161,2018-12-01T07:24:13Z
26.9414215,75.8393132,2018-12-01T07:24:43Z
26.9414200,75.8393225,2018-12-01T07:25:13Z
26.9414541,75.8393315,2018-12-01T07:25:49Z
26.9414452,75.8393208,2018-12-01T07:26:23Z
26.9414263,75.8393123,2018-12-01T07:26:57Z
26.9414275,75.8393304,2018-12-01T07:27:26Z
26.9414256,75.8393380,2018-12-01T07:27:57Z
26.9414316,75.8393312,2018-12-01T07:28:25Z
26.9414443,75.8393343,2018-12-01T07:29:00Z
26.9414395,75.8393542,2018-12-01T07:29:31Z
26.9414465,75.8393619,2018-12-01T07:29:58Z
26.9414465,75.8393757,2018-12-01T07:30:22Z
26.9414265,75.8393704,2018-12-01T07:30:44Z
26.9414436,75.8393592,2018-12-01T07:31:05Z
26.9414467,75.8393607,2018-12-01T07:31:26Z
26.9414443,75.8393405,2018-12-01T07:31:49Z
26.9414527,75.8393394,2018-12-01T07:32:11Z
26.9414471,75.8393478,2018-12-01T07:32:34Z
26.9414446,75.8393520,2018-12-01T07:32:56Z
26.9414496,75.8393620,2018-12-01T07:33:19Z
26.9414539,75.8393741,2018-12-01T07:33:39Z
26.9414646,75.8393882,2018-12-01T07:33:56Z
26.9414856,75.8393977,2018-12-01T07:34:16Z
26.9414919,75.8393840,2018-12-01T07:34:36Z
26.9414664,75.8393527,2018-12-01T07:34:57Z
26.9414627,75.8393564,2018-12-01T07:35:19Z
26.9414417,75.8393403,2018-12-01T07:35:42Z
26.9414378,75.8393296,2018-12-01T07:36:05Z
26.9414166,75.8393476,2018-12-01T07:36:31Z
26.9414047,75.8393659,2018-12-01T07:36:56Z
26.9414237,75.8393798,2018-12-01T07:37:17Z
26.9414175,75.8393918,2018-12-01T07:37:57Z
26.9414336,75.8393769,2018-12-01T07:38:25Z
26.9414427,75.8393743,2018-12-01T07:38:50Z
26.9414717,75.8393750,2018-12-01T07:39:13Z
26.9414989,75.8393840,2018-12-01T07:39:37Z
26.9415073,75.8393913,2018-12-01T07:39:59Z
26.9415036,75.8393901,2018-12-01T07:40:19Z
26.9414984,75.8393827,2018-12-01T07:40:42Z
26.9414901,75.8393736,2018-12-01T07:41:07Z
26.9414881,75.8393618,2018-12-01T07:41:34Z
26.9414637,75.8393234,2018-12-01T07:42:01Z
26.9414580,75.8393212,2018-12-01T07:42:21Z
26.9414552,75.8393193,2018-12-01T07:42:43Z
26.9414453,75.8393247,2018-12-01T07:43:09Z
26.9414284,75.8393276,2018-12-01T07:43:34Z
26.9414385,75.8393425,2018-12-01T07:44:02Z
26.9414624,75.8393446,2018-12-01T07:44:33Z
26.9414521,75.8393434,2018-12-01T07:45:00Z
26.9414324,75.8393238,2018-12-01T07:45:27Z
26.9414246,75.8393465,2018-12-01T07:45:58Z
26.9414127,75.8393369,2018-12-01T07:46:33Z
26.9413964,75.8392998,2018-12-01T07:47:02Z
26.9413931,75.8393034,2018-12-01T07:47:35Z
26.9413917,75.8393050,2018-12-01T07:48:07Z
26.9413953,75.8393013,2018-12-01T07:48:37Z
26.9413959,75.8393127,2018-12-01T07:49:13Z
26.9413982,75.8393229,2018-12-01T07:49:47Z
26.9413932,75.8393325,2018-12-01T07:50:18Z
26.9414044,75.8393327,2018-12-01T07:50:49Z
26.9414048,75.8393393,2018-12-01T07:51:17Z
26.9414029,75.8393374,2018-12-01T07:51:51Z
26.9414170,75.8393290,2018-12-01T07:52:18Z
26.9414020,75.8393305,2018-12-01T07:52:47Z
26.9414037,75.8393196,2018-12-01T07:53:19Z
26.9414132,75.8393079,2018-12-01T07:53:51Z
26.9414096,75.8393192,2018-12-01T07:54:18Z
26.9414113,75.8393062,2018-12-01T07:54:45Z
26.9414288,75.8393123,2018-12-01T07:55:13Z
26.9414303,75.8393049,2018-12-01T07:55:43Z
26.9414141,75.8392872,2018-12-01T07:56:05Z
26.9414269,75.8392974,2018-12-01T07:56:28Z
26.9414399,75.8392956,2018-12-01T07:57:01Z
26.9414174,75.8393109,2018-12-01T07:57:36Z
26.9414062,75.8393119,2018-12-01T07:58:02Z
26.9413989,75.8393095,2018-12-01T07:58:35Z
26.9413776,75.8393102,2018-12-01T07:59:05Z
26.9413781,75.8393032,2018-12-01T07:59:36Z
26.9413756,75.8392946,2018-12-01T08:00:04Z
26.9413864,75.8392861,2018-12-01T08:00:37Z
26.9413948,75.8392892,2018-12-01T08:01:09Z
26.9413881,75.8392749,2018-12-01T08:01:37Z
26.9413975,75.8392903,2018-12-01T08:02:00Z
26.9414140,75.8393019,2018-12-01T08:02:25Z
26.9414381,75.8393084,2018-12-01T08:02:47Z
26.9414393,75.8393156,2018-12-01T08:03:08Z
26.9414289,75.8393367,2018-12-01T08:03:34Z
26.9414618,75.8392585,2018-12-01T08:03:51Z
26.9414925,75.8392288,2018-12-01T08:04:10Z
26.9415578,75.8392006,2018-12-01T08:04:26Z
26.9416209,75.8391453,2018-12-01T08:04:43Z
26.9416494,75.8390363,2018-12-01T08:05:03Z
26.9416599,75.8390033,2018-12-01T08:05:05Z
26.9417371,75.8388308,2018-12-01T08:05:18Z
26.9417259,75.8387736,2018-12-01T08:05:23Z
26.9414574,75.8385366,2018-12-01T08:05:33Z
26.9408848,75.8381399,2018-12-01T08:05:47Z
26.9405811,75.8379411,2018-12-01T08:05:57Z
26.9403584,75.8377977,2018-12-01T08:06:14Z
26.9401523,75.8376895,2018-12-01T08:06:34Z
26.9401354,75.8376896,2018-12-01T08:06:53Z
26.9401203,75.8376744,2018-12-01T08:07:16Z
26.9401192,75.8376627,2018-12-01T08:07:40Z
26.9400025,75.8375608,2018-12-01T08:07:53Z
26.9395296,75.8371721,2018-12-01T08:08:09Z
26.9392619,75.8369822,2018-12-01T08:08:21Z
26.9392573,75.8369174,2018-12-01T08:08:32Z
26.9392895,75.8369063,2018-12-01T08:08:35Z
26.9393070,75.8369052,2018-12-01T08:08:36Z
26.9393225,75.8369065,2018-12-01T08:08:37Z
26.9393477,75.8369128,2018-12-01T08:08:38Z
26.9393697,75.8369185,2018-12-01T08:08:39Z
26.9393965,75.8369293,2018-12-01T08:08:40Z
26.9397775,75.8372213,2018-12-01T08:08:51Z
26.9401533,75.8375058,2018-12-01T08:09:02Z
26.9401773,75.8375291,2018-12-01T08:09:11Z
26.9402357,75.8375905,2018-12-01T08:09:28Z
26.9405292,75.8377999,2018-12-01T08:09:38Z
26.9410672,75.8381392,2018-12-01T08:09:48Z
26.9418964,75.8387300,2018-12-01T08:10:03Z
26.9427525,75.8392413,2018-12-01T08:10:15Z
26.9434468,75.8394120,2018-12-01T08:10:23Z
26.9439286,75.8394998,2018-12-01T08:10:31Z
26.9444369,75.8396321,2018-12-01T08:10:40Z
26.9454024,75.8398659,2018-12-01T08:10:54Z
26.9456176,75.8399149,2018-12-01T08:11:01Z
26.9455858,75.8398929,2018-12-01T08:11:17Z
26.9456406,75.8399028,2018-12-01T08:11:38Z
26.9461199,75.8399963,2018-12-01T08:11:54Z
26.9466822,75.8401476,2018-12-01T08:12:08Z
26.9472326,75.8402911,2018-12-01T08:12:23Z
26.9473475,75.8402944,2018-12-01T08:12:34Z
26.9473197,75.8403213,2018-12-01T08:12:54Z
26.9473341,75.8403370,2018-12-01T08:13:13Z
26.9473332,75.8403129,2018-12-01T08:13:34Z
26.9473318,75.8403091,2018-12-01T08:13:53Z
26.9473864,75.8403172,2018-12-01T08:14:14Z
26.9473862,75.8403169,2018-12-01T08:14:33Z
26.9473883,75.8403164,2018-12-01T08:14:53Z
26.9474020,75.8403085,2018-12-01T08:15:12Z
26.9474339,75.8402939,2018-12-01T08:15:32Z
26.9478433,75.8404698,2018-12-01T08:15:43Z
26.9485987,75.8406925,2018-12-01T08:15:55Z
26.9496542,75.8409909,2018-12-01T08:16:08Z
26.9508109,75.8413256,2018-12-01T08:16:22Z
26.9519293,75.8416696,2018-12-01T08:16:36Z
26.9531760,75.8420547,2018-12-01T08:16:50Z
26.9540405,75.8423232,2018-12-01T08:17:00Z
26.9548809,75.8425534,2018-12-01T08:17:11Z
26.9557155,75.8428707,2018-12-01T08:17:21Z
26.9566036,75.8432122,2018-12-01T08:17:31Z
26.9574590,75.8436148,2018-12-01T08:17:41Z
26.9584867,75.8440999,2018-12-01T08:17:53Z
26.9598510,75.8447844,2018-12-01T08:18:09Z
26.9604988,75.8449528,2018-12-01T08:18:17Z
26.9608064,75.8449781,2018-12-01T08:18:25Z
26.9608598,75.8449885,2018-12-01T08:18:26Z
26.9609173,75.8450044,2018-12-01T08:18:27Z
26.9616117,75.8453324,2018-12-01T08:18:37Z
26.9627437,75.8459216,2018-12-01T08:18:50Z
26.9636516,75.8463720,2018-12-01T08:19:03Z
26.9643170,75.8466594,2018-12-01T08:19:15Z
26.9647401,75.8468019,2018-12-01T08:19:25Z
26.9650465,75.8467346,2018-12-01T08:19:35Z
26.9657008,75.8464797,2018-12-01T08:19:48Z
26.9664047,75.8464408,2018-12-01T08:19:57Z
26.9667304,75.8464916,2018-12-01T08:20:01Z
26.9668012,75.8465284,2018-12-01T08:20:02Z
26.9668643,75.8465705,2018-12-01T08:20:03Z
26.9669300,75.8466276,2018-12-01T08:20:04Z
26.9669884,75.8466927,2018-12-01T08:20:05Z
26.9670410,75.8467585,2018-12-01T08:20:06Z
26.9670931,75.8468305,2018-12-01T08:20:07Z
26.9674494,75.8473208,2018-12-01T08:20:16Z
26.9676813,75.8476501,2018-12-01T08:20:26Z
26.9680810,75.8481927,2018-12-01T08:20:41Z
26.9683303,75.8487874,2018-12-01T08:20:50Z
26.9684099,75.8489121,2018-12-01T08:20:52Z
26.9684579,75.8489682,2018-12-01T08:20:53Z
26.9685095,75.8490193,2018-12-01T08:20:54Z
26.9685642,75.8490640,2018-12-01T08:20:55Z
26.9686218,75.8491049,2018-12-01T08:20:56Z
26.9686843,75.8491382,2018-12-01T08:20:57Z
26.9687510,75.8491635,2018-12-01T08:20:58Z
26.9688185,75.8491829,2018-12-01T08:20:59Z
26.9688857,75.8491961,2018-12-01T08:21:00Z
26.9697232,75.8492769,2018-12-01T08:21:13Z
26.9697807,75.8492960,2018-12-01T08:21:14Z
26.9698362,75.8493221,2018-12-01T08:21:15Z
26.9698903,75.8493546,2018-12-01T08:21:16Z
26.9699431,75.8493919,2018-12-01T08:21:17Z
26.9699944,75.8494320,2018-12-01T08:21:18Z
26.9700442,75.8494747,2018-12-01T08:21:19Z
26.9700895,75.8495259,2018-12-01T08:21:20Z
26.9701294,75.8495841,2018-12-01T08:21:21Z
26.9701687,75.8496463,2018-12-01T08:21:22Z
26.9702037,75.8497131,2018-12-01T08:21:23Z
26.9702363,75.8497785,2018-12-01T08:21:24Z
26.9702638,75.8498421,2018-12-01T08:21:25Z
26.9702804,75.8499101,2018-12-01T08:21:26Z
26.9702862,75.8499893,2018-12-01T08:21:27Z
26.9702874,75.8500643,2018-12-01T08:21:28Z
26.9702794,75.8501494,2018-12-01T08:21:29Z
26.9702676,75.8502286,2018-12-01T08:21:30Z
26.9702543,75.8503041,2018-12-01T08:21:31Z
26.9701249,75.8509244,2018-12-01T08:21:39Z
26.9701312,75.8510030,2018-12-01T08:21:40Z
26.9701483,75.8510795,2018-12-01T08:21:41Z
26.9701751,75.8511382,2018-12-01T08:21:42Z
26.9702110,75.8511866,2018-12-01T08:21:43Z
26.9702550,75.8512299,2018-12-01T08:21:44Z
26.9703080,75.8512685,2018-12-01T08:21:45Z
26.9703602,75.8513028,2018-12-01T08:21:46Z
26.9704170,75.8513359,2018-12-01T08:21:47Z
26.9712848,75.8517505,2018-12-01T08:22:00Z
26.9720790,75.8519007,2018-12-01T08:22:09Z
26.9728746,75.8519314,2018-12-01T08:22:18Z
26.9729482,75.8519147,2018-12-01T08:22:19Z
26.9731920,75.8517988,2018-12-01T08:22:22Z
26.9732722,75.8517839,2018-12-01T08:22:23Z
26.9733524,75.8517862,2018-12-01T08:22:24Z
26.9734291,75.8517982,2018-12-01T08:22:25Z
26.9735118,75.8518139,2018-12-01T08:22:26Z
26.9738325,75.8518828,2018-12-01T08:22:30Z
26.9745527,75.8518017,2018-12-01T08:22:38Z
26.9752282,75.8515199,2018-12-01T08:22:45Z
26.9757722,75.8511735,2018-12-01T08:22:52Z
26.9758386,75.8511598,2018-12-01T08:22:53Z
26.9759027,75.8511574,2018-12-01T08:22:54Z
26.9759697,75.8511657,2018-12-01T08:22:55Z
26.9760386,75.8511849,2018-12-01T08:22:56Z
26.9761070,75.8512153,2018-12-01T08:22:57Z
26.9761677,75.8512569,2018-12-01T08:22:58Z
26.9762299,75.8513053,2018-12-01T08:22:59Z
26.9768384,75.8518032,2018-12-01T08:23:08Z
26.9777475,75.8521216,2018-12-01T08:23:18Z
26.9788481,75.8523018,2018-12-01T08:23:30Z
26.9801473,75.8524467,2018-12-01T08:23:44Z
26.9810710,75.8525278,2018-12-01T08:23:54Z
26.9822044,75.8527860,2018-12-01T08:24:04Z
26.9828697,75.8530289,2018-12-01T08:24:11Z
26.9836693,75.8535004,2018-12-01T08:24:21Z
26.9846945,75.8538836,2018-12-01T08:24:33Z
26.9855286,75.8540288,2018-12-01T08:24:45Z
26.9858432,75.8540057,2018-12-01T08:24:51Z
26.9862306,75.8539407,2018-12-01T08:25:01Z
26.9862921,75.8539439,2018-12-01T08:25:02Z
26.9863514,75.8539563,2018-12-01T08:25:03Z
26.9864114,75.8539731,2018-12-01T08:25:04Z
26.9864708,75.8539966,2018-12-01T08:25:05Z
26.9865239,75.8540214,2018-12-01T08:25:06Z
26.9867768,75.8541654,2018-12-01T08:25:14Z
26.9867396,75.8541760,2018-12-01T08:25:27Z
26.9867676,75.8542040,2018-12-01T08:25:39Z
26.9868416,75.8542484,2018-12-01T08:25:52Z
26.9870587,75.8543836,2018-12-01T08:26:07Z
26.9871337,75.8544470,2018-12-01T08:26:20Z
26.9871751,75.8544831,2018-12-01T08:26:31Z
26.9873117,75.8546026,2018-12-01T08:26:43Z
26.9874914,75.8547606,2018-12-01T08:26:56Z
26.9876828,75.8549220,2018-12-01T08:27:09Z
26.9879735,75.8551171,2018-12-01T08:27:20Z
26.9879989,75.8551398,2018-12-01T08:27:32Z
26.9881361,75.8552047,2018-12-01T08:27:42Z
26.9882623,75.8552960,2018-12-01T08:27:52Z
26.9883082,75.8553317,2018-12-01T08:28:02Z
26.9884232,75.8554938,2018-12-01T08:28:13Z
26.9885070,75.8556420,2018-12-01T08:28:24Z
26.9885998,75.8559635,2018-12-01T08:28:36Z
26.9886017,75.8563048,2018-12-01T08:28:45Z
26.9886103,75.8564413,2018-12-01T08:28:54Z
26.9886034,75.8569154,2018-12-01T08:29:03Z
26.9885625,75.8577047,2018-12-01T08:29:16Z
26.9885595,75.8581050,2018-12-01T08:29:24Z
26.9885598,75.8586647,2018-12-01T08:29:33Z
26.9885492,75.8594348,2018-12-01T08:29:44Z
26.9886072,75.8598822,2018-12-01T08:29:55Z
26.9886456,75.8602734,2018-12-01T08:30:06Z
26.9886827,75.8604751,2018-12-01T08:30:16Z
26.9887422,75.8607301,2018-12-01T08:30:27Z
26.9887589,75.8608980,2018-12-01T08:30:39Z
26.9887900,75.8611124,2018-12-01T08:30:58Z
26.9888187,75.8613527,2018-12-01T08:31:15Z
26.9889403,75.8617797,2018-12-01T08:31:24Z
26.9889729,75.8618395,2018-12-01T08:31:25Z
26.9890070,75.8618977,2018-12-01T08:31:26Z
26.9890446,75.8619528,2018-12-01T08:31:27Z
26.9890859,75.8620079,2018-12-01T08:31:28Z
26.9895546,75.8625943,2018-12-01T08:31:40Z
26.9898583,75.8633557,2018-12-01T08:31:50Z
26.9903745,75.8646007,2018-12-01T08:32:03Z
26.9910904,75.8661747,2018-12-01T08:32:19Z
26.9914718,75.8671011,2018-12-01T08:32:29Z
26.9916093,75.8680171,2018-12-01T08:32:39Z
26.9917162,75.8693851,2018-12-01T08:32:51Z
26.9918069,75.8706432,2018-12-01T08:33:02Z
26.9919752,75.8722880,2018-12-01T08:33:16Z
26.9922082,75.8735917,2018-12-01T08:33:27Z
26.9926449,75.8743834,2018-12-01T08:33:35Z
26.9933256,75.8750027,2018-12-01T08:33:44Z
26.9939891,75.8753694,2018-12-01T08:33:54Z
26.9951526,75.8759423,2018-12-01T08:34:09Z
26.9961513,75.8763733,2018-12-01T08:34:21Z
26.9969952,75.8763900,2018-12-01T08:34:29Z
26.9987450,75.8763253,2018-12-01T08:34:43Z
26.9176192,75.8076293,2018-10-11T10:53:19Z
26.9178606,75.8075952,2018-10-11T10:53:30Z
26.9178445,75.8077173,2018-10-11T10:53:41Z
26.9179666,75.8077332,2018-10-11T10:53:51Z
26.9180380,75.8077641,2018-10-11T10:54:02Z
26.9181260,75.8077437,2018-10-11T10:54:13Z
26.9182188,75.8077636,2018-10-11T10:54:24Z
26.9182786,75.8078059,2018-10-11T10:54:34Z
26.9183673,75.8078399,2018-10-11T10:54:45Z
26.9184251,75.8079953,2018-10-11T10:54:55Z
26.9184100,75.8081422,2018-10-11T10:55:06Z
26.9183985,75.8082504,2018-10-11T10:55:16Z
26.9183979,75.8082961,2018-10-11T10:55:27Z
26.9183979,75.8083951,2018-10-11T10:55:38Z
26.9184000,75.8085168,2018-10-11T10:55:49Z
26.9183681,75.8086512,2018-10-11T10:56:00Z
26.9183255,75.8087930,2018-10-11T10:56:11Z
26.9183165,75.8089398,2018-10-11T10:56:22Z
26.9183361,75.8090678,2018-10-11T10:56:32Z
26.9183257,75.8090918,2018-10-11T10:56:42Z
26.9183257,75.8090918,2018-10-11T10:56:52Z
26.9183257,75.8090918,2018-10-11T10:57:02Z
26.9183257,75.8090918,2018-10-11T10:57:13Z
26.9182996,75.8091966,2018-10-11T10:57:24Z
26.9182932,75.8093193,2018-10-11T10:57:34Z
26.9182668,75.8094232,2018-10-11T10:57:44Z
26.9182151,75.8095419,2018-10-11T10:57:55Z
26.9182088,75.8096953,2018-10-11T10:58:06Z
26.9181652,75.8098419,2018-10-11T10:58:17Z
26.9182242,75.8099596,2018-10-11T10:58:28Z
26.9183166,75.8100289,2018-10-11T10:58:38Z
26.9184268,75.8100492,2018-10-11T10:58:48Z
26.9185339,75.8100945,2018-10-11T10:58:58Z
26.9186558,75.8101337,2018-10-11T10:59:09Z
26.9187798,75.8101733,2018-10-11T10:59:20Z
26.9189132,75.8102097,2018-10-11T10:59:31Z
26.9190116,75.8102505,2018-10-11T10:59:41Z
26.9190976,75.8102539,2018-10-11T10:59:52Z
26.9191121,75.8102544,2018-10-11T11:00:03Z
26.9192202,75.8101645,2018-10-11T11:00:14Z
26.9193047,75.8101115,2018-10-11T11:00:24Z
26.9193997,75.8100628,2018-10-11T11:00:35Z
26.9194767,75.8099347,2018-10-11T11:00:46Z
26.9195674,75.8098260,2018-10-11T11:00:57Z
26.9196200,75.8097420,2018-10-11T11:01:07Z
26.9196895,75.8096658,2018-10-11T11:01:18Z
26.9197582,75.8095723,2018-10-11T11:01:29Z
26.9198408,75.8094933,2018-10-11T11:01:40Z
26.9199165,75.8093829,2018-10-11T11:01:50Z
26.9199922,75.8092716,2018-10-11T11:02:01Z
26.9200980,75.8092200,2018-10-11T11:02:11Z
26.9201894,75.8091444,2018-10-11T11:02:21Z
26.9202959,75.8090850,2018-10-11T11:02:31Z
26.9203871,75.8089541,2018-10-11T11:02:42Z
26.9204206,75.8088448,2018-10-11T11:02:52Z
26.9204486,75.8087104,2018-10-11T11:03:03Z
26.9204699,75.8085406,2018-10-11T11:03:14Z
26.9205131,75.8084271,2018-10-11T11:03:25Z
26.9205100,75.8084164,2018-10-11T11:03:35Z
26.9205404,75.8083281,2018-10-11T11:03:46Z
26.9205156,75.8082285,2018-10-11T11:03:57Z
26.9205840,75.8081017,2018-10-11T11:04:08Z
26.9205938,75.8079955,2018-10-11T11:04:18Z
26.9206231,75.8078589,2018-10-11T11:04:29Z
26.9206487,75.8078220,2018-10-11T11:04:39Z
26.9206417,75.8077744,2018-10-11T11:04:50Z
26.9206786,75.8077781,2018-10-11T11:05:00Z
26.9207059,75.8078025,2018-10-11T11:05:11Z
26.9207128,75.8078164,2018-10-11T11:05:21Z
26.9207023,75.8077840,2018-10-11T11:05:32Z
26.9206975,75.8077390,2018-10-11T11:05:42Z
26.9207182,75.8077321,2018-10-11T11:05:53Z
26.9207019,75.8077593,2018-10-11T11:06:04Z
26.9207664,75.8077550,2018-10-11T11:06:15Z
26.9208272,75.8077788,2018-10-11T11:06:25Z
26.9207772,75.8077998,2018-10-11T11:06:35Z
26.9206633,75.8077555,2018-10-11T11:06:46Z
26.9206207,75.8078310,2018-10-11T11:06:57Z
26.9206252,75.8079485,2018-10-11T11:07:08Z
26.9205756,75.8080672,2018-10-11T11:07:18Z
26.9205788,75.8081193,2018-10-11T11:07:28Z
26.9205168,75.8082397,2018-10-11T11:07:38Z
26.9204937,75.8083754,2018-10-11T11:07:49Z
26.9205137,75.8085123,2018-10-11T11:07:59Z
26.9205137,75.8085123,2018-10-11T11:08:09Z
26.9205137,75.8085123,2018-10-11T11:08:20Z
26.9205137,75.8085123,2018-10-11T11:08:30Z
26.9204895,75.8085821,2018-10-11T11:08:41Z
26.9204513,75.8087032,2018-10-11T11:08:51Z
26.9204442,75.8087611,2018-10-11T11:09:02Z
26.9204357,75.8087367,2018-10-11T11:09:13Z
26.9204357,75.8087367,2018-10-11T11:09:24Z
26.9204357,75.8087367,2018-10-11T11:09:34Z
26.9204357,75.8087367,2018-10-11T11:09:45Z
26.9204365,75.8087320,2018-10-11T11:09:56Z
26.9204365,75.8087320,2018-10-11T11:10:06Z
26.9204365,75.8087320,2018-10-11T11:10:17Z
26.9204491,75.8086231,2018-10-11T11:10:28Z
26.9204784,75.8084618,2018-10-11T11:10:39Z
26.9205389,75.8083347,2018-10-11T11:10:50Z
26.9205356,75.8081767,2018-10-11T11:11:01Z
26.9205636,75.8080496,2018-10-11T11:11:11Z
26.9205900,75.8079048,2018-10-11T11:11:21Z
26.9205874,75.8077377,2018-10-11T11:11:32Z
26.9206237,75.8076083,2018-10-11T11:11:43Z
26.9206423,75.8074854,2018-10-11T11:11:54Z
26.9206772,75.8073135,2018-10-11T11:12:05Z
26.9207323,75.8072163,2018-10-11T11:12:16Z
26.9207529,75.8070840,2018-10-11T11:12:27Z
26.9207615,75.8069175,2018-10-11T11:12:38Z
26.9206257,75.8068421,2018-10-11T11:12:48Z
26.9205139,75.8067651,2018-10-11T11:12:59Z
26.9204984,75.8067416,2018-10-11T11:13:09Z
26.9205284,75.8067347,2018-10-11T11:13:20Z
26.9205284,75.8067347,2018-10-11T11:13:30Z
26.9205284,75.8067347,2018-10-11T11:13:40Z
26.9205501,75.8067540,2018-10-11T11:13:51Z
26.9205399,75.8067778,2018-10-11T11:14:01Z
26.9205474,75.8067818,2018-10-11T11:14:11Z
26.9205659,75.8067867,2018-10-11T11:14:22Z
26.9205659,75.8067867,2018-10-11T11:14:32Z
26.9205664,75.8067559,2018-10-11T11:14:43Z
26.9205688,75.8066976,2018-10-11T11:14:53Z
26.9205688,75.8066976,2018-10-11T11:15:04Z
26.9205688,75.8066976,2018-10-11T11:15:15Z
26.9204620,75.8066908,2018-10-11T11:15:25Z
26.9203328,75.8066525,2018-10-11T11:15:36Z
26.9201665,75.8066188,2018-10-11T11:15:46Z
26.9200419,75.8065960,2018-10-11T11:15:56Z
26.9198909,75.8065836,2018-10-11T11:16:07Z
26.9197987,75.8065130,2018-10-11T11:16:18Z
26.9196426,75.8064832,2018-10-11T11:16:29Z
26.9195113,75.8064551,2018-10-11T11:16:40Z
26.9194084,75.8063862,2018-10-11T11:16:51Z
26.9194084,75.8063862,2018-10-11T11:17:01Z
26.9194084,75.8063862,2018-10-11T11:17:12Z
26.9193723,75.8063873,2018-10-11T11:17:23Z
26.9192599,75.8063239,2018-10-11T11:17:34Z
26.9191840,75.8062801,2018-10-11T11:17:44Z
26.9191840,75.8062801,2018-10-11T11:17:55Z
26.9191181,75.8062427,2018-10-11T11:18:05Z
26.9190070,75.8061852,2018-10-11T11:18:16Z
26.9189109,75.8061401,2018-10-11T11:18:27Z
26.9188600,75.8062668,2018-10-11T11:18:38Z
26.9188480,75.8063843,2018-10-11T11:18:49Z
26.9188468,75.8065613,2018-10-11T11:19:00Z
26.9187885,75.8066520,2018-10-11T11:19:10Z
26.9187732,75.8067895,2018-10-11T11:19:20Z
26.9186571,75.8067979,2018-10-11T11:19:30Z
26.9184957,75.8067204,2018-10-11T11:19:41Z
26.9183826,75.8067045,2018-10-11T11:19:51Z
26.9182779,75.8066543,2018-10-11T11:20:01Z
26.9181267,75.8066276,2018-10-11T11:20:12Z
26.9180065,75.8065537,2018-10-11T11:20:22Z
26.9179179,75.8065852,2018-10-11T11:20:32Z
26.9178779,75.8067562,2018-10-11T11:20:43Z
26.9178614,75.8068854,2018-10-11T11:20:53Z
26.9178451,75.8070346,2018-10-11T11:21:04Z
26.9178118,75.8071726,2018-10-11T11:21:15Z
26.9177344,75.8072846,2018-10-11T11:21:26Z
26.9176947,75.8074145,2018-10-11T11:21:36Z
26.9176619,75.8075536,2018-10-11T11:21:47Z
26.9176085,75.8076414,2018-10-11T11:21:57Z
26.9175697,75.8076197,2018-10-11T11:22:07Z
26.9175358,75.8075676,2018-10-11T11:22:18Z
26.9174904,75.8075577,2018-10-11T11:22:29Z
26.9174874,75.8075794,2018-10-11T11:22:39Z
26.9174987,75.8075750,2018-10-11T11:22:50Z
26.9174803,75.8075960,2018-10-11T11:23:00Z
26.9174803,75.8075960,2018-10-11T11:23:10Z
26.9174803,75.8075960,2018-10-11T11:23:20Z
26.9174803,75.8075960,2018-10-11T11:23:31Z
26.9174803,75.8075960,2018-10-11T11:23:42Z
26.9174803,75.8075960,2018-10-11T11:23:52Z
26.9174803,75.8075960,2018-10-11T11:24:03Z
26.9174803,75.8075960,2018-10-11T11:24:14Z
26.9174803,75.8075960,2018-10-11T11:24:24Z
26.9174803,75.8075960,2018-10-11T11:24:35Z
26.9174803,75.8075960,2018-10-11T11:24:45Z
26.9174803,75.8075960,2018-10-11T11:24:55Z
26.9174803,75.8075960,2018-10-11T11:25:05Z
26.9174803,75.8075960,2018-10-11T11:25:15Z
26.9174803,75.8075960,2018-10-11T11:25:26Z
26.9174803,75.8075960,2018-10-11T11:25:37Z
26.9174803,75.8075960,2018-10-11T11:25:48Z
26.9174803,75.8075960,2018-10-11T11:25:59Z
26.9174803,75.8075960,2018-10-11T11:26:10Z
26.9174803,75.8075960,2018-10-11T11:26:20Z
26.9174803,75.8075960,2018-10-11T11:26:30Z
26.9174803,75.8075960,2018-10-11T11:26:41Z
26.9174803,75.8075960,2018-10-11T11:26:52Z
26.9174803,75.8075960,2018-10-11T11:27:02Z
26.9174803,75.8075960,2018-10-11T11:27:12Z
26.9174803,75.8075960,2018-10-11T11:27:23Z
26.9174803,75.8075960,2018-10-11T11:27:33Z
26.9174803,75.8075960,2018-10-11T11:27:43Z
26.9174803,75.8075960,2018-10-11T11:27:54Z
26.9174803,75.8075960,2018-10-11T11:28:05Z
26.9174803,75.8075960,2018-10-11T11:28:16Z
26.9174803,75.8075960,2018-10-11T11:28:26Z
26.9174803,75.8075960,2018-10-11T11:28:36Z
26.9174803,75.8075960,2018-10-11T11:28:47Z
26.9174803,75.8075960,2018-10-11T11:28:57Z
26.9174803,75.8075960,2018-10-11T11:29:08Z
26.9174803,75.8075960,2018-10-11T11:29:18Z
26.9174803,75.8075960,2018-10-11T11:29:28Z
26.9174803,75.8075960,2018-10-11T11:29:39Z
26.9174803,75.8075960,2018-10-11T11:29:50Z
26.9174803,75.8075960,2018-10-11T11:30:00Z
26.9174803,75.8075960,2018-10-11T11:30:11Z
26.9174803,75.8075960,2018-10-11T11:30:22Z
26.9174803,75.8075960,2018-10-11T11:30:32Z
26.9174803,75.8075960,2018-10-11T11:30:43Z
26.9174803,75.8075960,2018-10-11T11:30:54Z
26.9174803,75.8075960,2018-10-11T11:31:05Z
26.9174803,75.8075960,2018-10-11T11:31:15Z
26.9174803,75.8075960,2018-10-11T11:31:26Z
26.9174803,75.8075960,2018-10-11T11:31:36Z
26.9174803,75.8075960,2018-10-11T11:31:47Z
26.9174803,75.8075960,2018-10-11T11:31:58Z
26.9174803,75.8075960,2018-10-11T11:32:09Z
26.9174803,75.8075960,2018-10-11T11:32:20Z
26.9174803,75.8075960,2018-10-11T11:32:30Z
26.9174803,75.8075960,2018-10-11T11:32:41Z
26.9174803,75.8075960,2018-10-11T11:32:52Z
26.9174803,75.8075960,2018-10-11T11:33:02Z
26.9174803,75.8075960,2018-10-11T11:33:12Z
26.9174803,75.8075960,2018-10-11T11:33:22Z
26.9174803,75.8075960,2018-10-11T11:33:32Z
26.9174803,75.8075960,2018-10-11T11:33:43Z
26.9174803,75.8075960,2018-10-11T11:33:54Z
26.9174803,75.8075960,2018-10-11T11:34:04Z
26.9174803,75.8075960,2018-10-11T11:34:15Z
26.9174803,75.8075960,2018-10-11T11:34:26Z
26.9174803,75.8075960,2018-10-11T11:34:36Z
26.9174803,75.8075960,2018-10-11T11:34:47Z
26.9174803,75.8075960,2018-10-11T11:34:57Z
26.9174803,75.8075960,2018-10-11T11:35:08Z
26.9174803,75.8075960,2018-10-11T11:35:19Z
26.9174803,75.8075960,2018-10-11T11:35:29Z
26.9174803,75.8075960,2018-10-11T11:35:40Z
26.9174803,75.8075960,2018-10-11T11:35:50Z
26.9174803,75.8075960,2018-10-11T11:36:01Z
26.9174803,75.8075960,2018-10-11T11:36:12Z
26.9174803,75.8075960,2018-10-11T11:36:23Z
26.9174803,75.8075960,2018-10-11T11:36:34Z
26.9174803,75.8075960,2018-10-11T11:36:44Z
26.9174803,75.8075960,2018-10-11T11:36:55Z
26.9174803,75.8075960,2018-10-11T11:37:06Z
26.9174803,75.8075960,2018-10-11T11:37:17Z
26.9174803,75.8075960,2018-10-11T11:37:27Z
26.9174803,75.8075960,2018-10-11T11:37:38Z
26.9174803,75.8075960,2018-10-11T11:37:49Z
26.9174803,75.8075960,2018-10-11T11:38:00Z
26.9174803,75.8075960,2018-10-11T11:38:10Z
26.9174803,75.8075960,2018-10-11T11:38:21Z
26.9174803,75.8075960,2018-10-11T11:38:31Z
26.9174803,75.8075960,2018-10-11T11:38:41Z
26.9174803,75.8075960,2018-10-11T11:38:52Z
26.9174803,75.8075960,2018-10-11T11:39:02Z
26.9174803,75.8075960,2018-10-11T11:39:13Z
26.9174803,75.8075960,2018-10-11T11:39:23Z
26.9174803,75.8075960,2018-10-11T11:39:34Z
26.9174803,75.8075960,2018-10-11T11:39:44Z
26.9174803,75.8075960,2018-10-11T11:39:54Z
26.9174803,75.8075960,2018-10-11T11:40:05Z
26.9174803,75.8075960,2018-10-11T11:40:15Z
26.9174803,75.8075960,2018-10-11T11:40:26Z
26.9174803,75.8075960,2018-10-11T11:40:36Z
26.9174803,75.8075960,2018-10-11T11:40:47Z
26.9174803,75.8075960,2018-10-11T11:40:57Z
26.9174803,75.8075960,2018-10-11T11:41:08Z
26.9174803,75.8075960,2018-10-11T11:41:18Z
26.9174803,75.8075960,2018-10-11T11:41:29Z
26.9174803,75.8075960,2018-10-11T11:41:40Z
26.9174803,75.8075960,2018-10-11T11:41:51Z
26.9174803,75.8075960,2018-10-11T11:42:01Z
26.9174803,75.8075960,2018-10-11T11:42:11Z
26.9174803,75.8075960,2018-10-11T11:42:21Z
26.9174803,75.8075960,2018-10-11T11:42:32Z
26.9174803,75.8075960,2018-10-11T11:42:43Z
26.9174803,75.8075960,2018-10-11T11:42:53Z
26.9174803,75.8075960,2018-10-11T11:43:03Z
26.9174803,75.8075960,2018-10-11T11:43:14Z
26.9174803,75.8075960,2018-10-11T11:43:25Z
26.9174803,75.8075960,2018-10-11T11:43:36Z
26.9174803,75.8075960,2018-10-11T11:43:46Z
26.9174803,75.8075960,2018-10-11T11:43:56Z
26.9174803,75.8075960,2018-10-11T11:44:07Z
26.9174803,75.8075960,2018-10-11T11:44:18Z
26.9174803,75.8075960,2018-10-11T11:44:29Z
26.9174803,75.8075960,2018-10-11T11:44:39Z
26.9174803,75.8075960,2018-10-11T11:44:50Z
26.9174803,75.8075960,2018-10-11T11:45:00Z
26.9174803,75.8075960,2018-10-11T11:45:11Z
26.9174803,75.8075960,2018-10-11T11:45:21Z
26.9174803,75.8075960,2018-10-11T11:45:31Z
26.9174803,75.8075960,2018-10-11T11:45:42Z
26.9174803,75.8075960,2018-10-11T11:45:53Z
26.9174803,75.8075960,2018-10-11T11:46:04Z
26.9174803,75.8075960,2018-10-11T11:46:14Z
26.9174803,75.8075960,2018-10-11T11:46:25Z
26.9174803,75.8075960,2018-10-11T11:46:35Z
26.9174803,75.8075960,2018-10-11T11:46:45Z
26.9174803,75.8075960,2018-10-11T11:46:56Z
26.9174803,75.8075960,2018-10-11T11:47:07Z
26.9174803,75.8075960,2018-10-11T11:47:17Z
26.9174803,75.8075960,2018-10-11T11:47:28Z
26.9174803,75.8075960,2018-10-11T11:47:38Z
26.9174803,75.8075960,2018-10-11T11:47:48Z
26.9174803,75.8075960,2018-10-11T11:47:59Z
26.9174803,75.8075960,2018-10-11T11:48:10Z
26.9174803,75.8075960,2018-10-11T11:48:21Z
26.9174803,75.8075960,2018-10-11T11:48:31Z
26.9174803,75.8075960,2018-10-11T11:48:41Z
26.9174803,75.8075960,2018-10-11T11:48:52Z
26.9174803,75.8075960,2018-10-11T11:49:03Z
26.9174803,75.8075960,2018-10-11T11:49:14Z
26.9174803,75.8075960,2018-10-11T11:49:24Z
26.9174803,75.8075960,2018-10-11T11:49:34Z
26.9174803,75.8075960,2018-10-11T11:49:45Z
26.9174803,75.8075960,2018-10-11T11:49:56Z
26.9174803,75.8075960,2018-10-11T11:50:06Z
26.9174803,75.8075960,2018-10-11T11:50:17Z
26.9174803,75.8075960,2018-10-11T11:50:28Z
26.9174803,75.8075960,2018-10-11T11:50:38Z
26.9174803,75.8075960,2018-10-11T11:50:49Z
26.9174803,75.8075960,2018-10-11T11:50:59Z
26.9174803,75.8075960,2018-10-11T11:51:10Z
26.9174803,75.8075960,2018-10-11T11:51:21Z
26.9174803,75.8075960,2018-10-11T11:51:31Z
26.9174803,75.8075960,2018-10-11T11:51:42Z
26.9174803,75.8075960,2018-10-11T11:51:52Z
26.9174803,75.8075960,2018-10-11T11:52:03Z
26.9174803,75.8075960,2018-10-11T11:52:14Z
26.9174803,75.8075960,2018-10-11T11:52:24Z
26.9174803,75.8075960,2018-10-11T11:52:35Z
26.9174803,75.8075960,2018-10-11T11:52:46Z
26.9174803,75.8075960,2018-10-11T11:52:56Z
26.9174803,75.8075960,2018-10-11T11:53:06Z
26.9174803,75.8075960,2018-10-11T11:53:17Z
26.9174803,75.8075960,2018-10-11T11:53:28Z
26.9174803,75.8075960,2018-10-11T11:53:39Z
26.9174803,75.8075960,2018-10-11T11:53:50Z
26.9174803,75.8075960,2018-10-11T11:54:01Z
26.9174803,75.8075960,2018-10-11T11:54:12Z
26.9174803,75.8075960,2018-10-11T11:54:22Z
26.9174803,75.8075960,2018-10-11T11:54:32Z
26.9174803,75.8075960,2018-10-11T11:54:42Z
26.9174803,75.8075960,2018-10-11T11:54:53Z
26.9174803,75.8075960,2018-10-11T11:55:03Z
26.9174803,75.8075960,2018-10-11T11:55:14Z
26.9174803,75.8075960,2018-10-11T11:55:24Z
26.9174803,75.8075960,2018-10-11T11:55:34Z
26.9174803,75.8075960,2018-10-11T11:55:44Z
26.9174803,75.8075960,2018-10-11T11:55:55Z
26.9174803,75.8075960,2018-10-11T11:56:06Z
26.9174803,75.8075960,2018-10-11T11:56:17Z
26.9174803,75.8075960,2018-10-11T11:56:28Z
26.9174803,75.8075960,2018-10-11T11:56:38Z
26.9174803,75.8075960,2018-10-11T11:56:48Z
26.9174803,75.8075960,2018-10-11T11:56:59Z
26.9174803,75.8075960,2018-10-11T11:57:10Z
26.9174803,75.8075960,2018-10-11T11:57:21Z
26.9174803,75.8075960,2018-10-11T11:57:32Z
26.9174803,75.8075960,2018-10-11T11:57:42Z
26.9174803,75.8075960,2018-10-11T11:57:52Z
26.9174803,75.8075960,2018-10-11T11:58:02Z
26.9174803,75.8075960,2018-10-11T11:58:13Z
26.9174803,75.8075960,2018-10-11T11:58:23Z
26.9174803,75.8075960,2018-10-11T11:58:34Z
26.9174803,75.8075960,2018-10-11T11:58:44Z
26.9174803,75.8075960,2018-10-11T11:58:55Z
26.9174803,75.8075960,2018-10-11T11:59:05Z
26.9174803,75.8075960,2018-10-11T11:59:16Z
26.9174803,75.8075960,2018-10-11T11:59:26Z
26.9174803,75.8075960,2018-10-11T11:59:36Z
26.9174803,75.8075960,2018-10-11T11:59:47Z
26.9174803,75.8075960,2018-10-11T11:59:58Z
26.9174803,75.8075960,2018-10-11T12:00:08Z
26.9174803,75.8075960,2018-10-11T12:00:18Z
26.9174803,75.8075960,2018-10-11T12:00:29Z
26.9174803,75.8075960,2018-10-11T12:00:39Z
26.9174803,75.8075960,2018-10-11T12:00:49Z
26.9174803,75.8075960,2018-10-11T12:01:00Z
26.9174803,75.8075960,2018-10-11T12:01:10Z
26.9174803,75.8075960,2018-10-11T12:01:21Z
26.9174803,75.8075960,2018-10-11T12:01:31Z
26.9174803,75.8075960,2018-10-11T12:01:42Z
26.9174803,75.8075960,2018-10-11T12:01:53Z
26.9174803,75.8075960,2018-10-11T12:02:03Z
26.9174803,75.8075960,2018-10-11T12:02:14Z
26.9174803,75.8075960,2018-10-11T12:02:24Z
26.9174803,75.8075960,2018-10-11T12:02:34Z
26.9174803,75.8075960,2018-10-11T12:02:45Z
26.9174803,75.8075960,2018-10-11T12:02:55Z
26.9174803,75.8075960,2018-10-11T12:03:05Z
26.9174803,75.8075960,2018-10-11T12:03:16Z
26.9174803,75.8075960,2018-10-11T12:03:26Z
26.9174803,75.8075960,2018-10-11T12:03:36Z
26.9174803,75.8075960,2018-10-11T12:03:47Z
26.9174803,75.8075960,2018-10-11T12:03:57Z
26.9174803,75.8075960,2018-10-11T12:04:08Z
26.9174803,75.8075960,2018-10-11T12:04:19Z
26.9174859,75.8076232,2018-10-11T12:04:29Z
26.9174859,75.8076232,2018-10-11T12:04:39Z
26.9174859,75.8076232,2018-10-11T12:04:50Z
26.9174859,75.8076232,2018-10-11T12:05:00Z
26.9174859,75.8076232,2018-10-11T12:05:10Z
26.9174859,75.8076232,2018-10-11T12:05:21Z
26.9174859,75.8076232,2018-10-11T12:05:31Z
26.9174859,75.8076232,2018-10-11T12:05:42Z
26.9174859,75.8076232,2018-10-11T12:05:53Z
26.9174859,75.8076232,2018-10-11T12:06:03Z
26.9174859,75.8076232,2018-10-11T12:06:13Z
26.9174859,75.8076232,2018-10-11T12:06:23Z
26.9173388,75.8076826,2018-10-11T12:06:34Z
26.9173381,75.8076811,2018-10-11T12:06:44Z
26.9173473,75.8076662,2018-10-11T12:06:55Z
26.9173633,75.8076684,2018-10-11T12:07:07Z
26.9174264,75.8075953,2018-10-11T12:07:25Z
26.9174224,75.8075952,2018-10-11T12:07:36Z
26.9174224,75.8075952,2018-10-11T12:07:46Z
26.9174040,75.8076139,2018-10-11T12:07:56Z
26.9174021,75.8076176,2018-10-11T12:08:06Z
26.9174187,75.8076167,2018-10-11T12:08:17Z
26.9174276,75.8076166,2018-10-11T12:08:27Z
26.9174276,75.8076166,2018-10-11T12:08:39Z
26.9174599,75.8076339,2018-10-11T12:08:50Z
26.9174782,75.8076614,2018-10-11T12:09:14Z
26.9174244,75.8076263,2018-10-11T12:09:26Z
26.9174860,75.8076699,2018-10-11T12:09:36Z
26.9174860,75.8076699,2018-10-11T12:09:47Z
26.9175450,75.8076987,2018-10-11T12:09:58Z
26.9175450,75.8076987,2018-10-11T12:10:09Z
26.9174741,75.8076810,2018-10-11T12:10:20Z
26.9174741,75.8076810,2018-10-11T12:10:30Z
26.9174741,75.8076810,2018-10-11T12:10:40Z
26.9174741,75.8076810,2018-10-11T12:10:51Z
26.9174741,75.8076810,2018-10-11T12:11:01Z
26.9174741,75.8076810,2018-10-11T12:11:12Z
26.9174741,75.8076810,2018-10-11T12:11:23Z
26.9174741,75.8076810,2018-10-11T12:11:33Z
26.9174741,75.8076810,2018-10-11T12:11:43Z
26.9174741,75.8076810,2018-10-11T12:11:54Z
26.9174741,75.8076810,2018-10-11T12:12:05Z
26.9174741,75.8076810,2018-10-11T12:12:15Z
26.9174741,75.8076810,2018-10-11T12:12:26Z
26.9174741,75.8076810,2018-10-11T12:12:37Z
26.9175200,75.8076909,2018-10-11T12:12:48Z
26.9175200,75.8076909,2018-10-11T12:12:59Z
26.9175200,75.8076909,2018-10-11T12:13:10Z
26.9175200,75.8076909,2018-10-11T12:13:21Z
26.9175200,75.8076909,2018-10-11T12:13:31Z
26.9175200,75.8076909,2018-10-11T12:13:42Z
26.9175200,75.8076909,2018-10-11T12:13:52Z
26.9175200,75.8076909,2018-10-11T12:14:03Z
26.9175200,75.8076909,2018-10-11T12:14:14Z
26.9175200,75.8076909,2018-10-11T12:14:25Z
26.9175200,75.8076909,2018-10-11T12:14:35Z
26.9175200,75.8076909,2018-10-11T12:14:45Z
26.9175200,75.8076909,2018-10-11T12:14:56Z
26.9175200,75.8076909,2018-10-11T12:15:07Z
26.9175200,75.8076909,2018-10-11T12:15:18Z
26.9175200,75.8076909,2018-10-11T12:15:28Z
26.9175200,75.8076909,2018-10-11T12:15:38Z
26.9175200,75.8076909,2018-10-11T12:15:48Z
26.9175200,75.8076909,2018-10-11T12:15:59Z
26.9174960,75.8076896,2018-10-11T12:16:09Z
26.9174690,75.8076879,2018-10-11T12:16:19Z
26.9174690,75.8076879,2018-10-11T12:16:30Z
26.9174469,75.8076721,2018-10-11T12:16:40Z
26.9174469,75.8076721,2018-10-11T12:16:51Z
26.9174469,75.8076721,2018-10-11T12:17:01Z
26.9174469,75.8076721,2018-10-11T12:17:12Z
26.9174469,75.8076721,2018-10-11T12:17:23Z
26.9174469,75.8076721,2018-10-11T12:17:33Z
26.9174469,75.8076721,2018-10-11T12:17:43Z
26.9174469,75.8076721,2018-10-11T12:17:54Z
26.9174469,75.8076721,2018-10-11T12:18:05Z
26.9174469,75.8076721,2018-10-11T12:18:15Z
26.9174541,75.8076751,2018-10-11T12:18:25Z
26.9174567,75.8076764,2018-10-11T12:18:36Z
26.9174567,75.8076764,2018-10-11T12:18:46Z
26.9174567,75.8076764,2018-10-11T12:18:57Z
26.9174567,75.8076764,2018-10-11T12:19:07Z
26.9174573,75.8076774,2018-10-11T12:19:17Z
26.9174571,75.8076775,2018-10-11T12:19:28Z
26.9174583,75.8076773,2018-10-11T12:19:39Z
26.9174593,75.8076774,2018-10-11T12:19:49Z
26.9174597,75.8076776,2018-10-11T12:20:00Z
26.9174597,75.8076776,2018-10-11T12:20:10Z
26.9174609,75.8076770,2018-10-11T12:20:20Z
26.9174609,75.8076769,2018-10-11T12:20:31Z
26.9174609,75.8076769,2018-10-11T12:20:41Z
26.9174609,75.8076769,2018-10-11T12:20:52Z
26.9174609,75.8076769,2018-10-11T12:21:03Z
26.9174609,75.8076769,2018-10-11T12:21:14Z
26.9174609,75.8076769,2018-10-11T12:21:24Z
26.9174609,75.8076769,2018-10-11T12:21:34Z
26.9174609,75.8076769,2018-10-11T12:21:45Z
26.9174609,75.8076769,2018-10-11T12:21:55Z
26.9174609,75.8076769,2018-10-11T12:22:06Z
26.9174609,75.8076769,2018-10-11T12:22:16Z
26.9174609,75.8076769,2018-10-11T12:22:26Z
26.9174609,75.8076769,2018-10-11T12:22:37Z
26.9174609,75.8076769,2018-10-11T12:22:47Z
26.9174609,75.8076769,2018-10-11T12:22:57Z
26.9174609,75.8076769,2018-10-11T12:23:08Z
26.9174609,75.8076769,2018-10-11T12:23:18Z
26.9174609,75.8076769,2018-10-11T12:23:28Z
26.9174609,75.8076769,2018-10-11T12:23:39Z
26.9174609,75.8076769,2018-10-11T12:23:49Z
26.9174609,75.8076769,2018-10-11T12:24:00Z
26.9174609,75.8076769,2018-10-11T12:24:11Z
26.9174609,75.8076769,2018-10-11T12:24:22Z
26.9174609,75.8076769,2018-10-11T12:24:32Z
26.9174609,75.8076769,2018-10-11T12:24:42Z
26.9174609,75.8076769,2018-10-11T12:24:52Z
26.9174547,75.8076530,2018-10-11T12:25:03Z
26.9174547,75.8076524,2018-10-11T12:25:14Z
26.9174547,75.8076524,2018-10-11T12:25:24Z
26.9174547,75.8076524,2018-10-11T12:25:34Z
26.9174547,75.8076524,2018-10-11T12:25:45Z
26.9174547,75.8076524,2018-10-11T12:25:55Z
26.9174672,75.8076631,2018-10-11T12:26:06Z
26.9174836,75.8076670,2018-10-11T12:26:16Z
26.9174836,75.8076670,2018-10-11T12:26:26Z
26.9174836,75.8076670,2018-10-11T12:26:36Z
26.9174836,75.8076670,2018-10-11T12:26:47Z
26.9174836,75.8076670,2018-10-11T12:26:57Z
26.9174836,75.8076670,2018-10-11T12:27:07Z
26.9174836,75.8076670,2018-10-11T12:27:18Z
26.9174836,75.8076670,2018-10-11T12:27:28Z
26.9174836,75.8076670,2018-10-11T12:27:38Z
26.9174836,75.8076670,2018-10-11T12:27:49Z
26.9174836,75.8076670,2018-10-11T12:27:59Z
26.9174836,75.8076670,2018-10-11T12:28:09Z
26.9174836,75.8076670,2018-10-11T12:28:19Z
26.9174836,75.8076670,2018-10-11T12:28:30Z
26.9174836,75.8076670,2018-10-11T12:28:41Z
26.9174836,75.8076670,2018-10-11T12:28:51Z
26.9174836,75.8076670,2018-10-11T12:29:02Z
26.9174387,75.8076793,2018-10-11T12:29:12Z
26.9174387,75.8076793,2018-10-11T12:29:22Z
26.9174387,75.8076793,2018-10-11T12:29:32Z
26.9174387,75.8076793,2018-10-11T12:29:43Z
26.9174387,75.8076793,2018-10-11T12:29:53Z
26.9174387,75.8076793,2018-10-11T12:30:04Z
26.9174387,75.8076793,2018-10-11T12:30:14Z
26.9174387,75.8076793,2018-10-11T12:30:24Z
26.9174387,75.8076793,2018-10-11T12:30:34Z
26.9174387,75.8076793,2018-10-11T12:30:44Z
26.9174242,75.8076826,2018-10-11T12:30:55Z
26.9174242,75.8076826,2018-10-11T12:31:06Z
26.9174242,75.8076826,2018-10-11T12:31:17Z
26.9174242,75.8076826,2018-10-11T12:31:28Z
26.9174242,75.8076826,2018-10-11T12:31:39Z
26.9174242,75.8076826,2018-10-11T12:31:50Z
26.9174242,75.8076826,2018-10-11T12:32:01Z
26.9174242,75.8076826,2018-10-11T12:32:12Z
26.9174242,75.8076826,2018-10-11T12:32:23Z
26.9174242,75.8076826,2018-10-11T12:32:33Z
26.9174242,75.8076826,2018-10-11T12:32:43Z
26.9174242,75.8076826,2018-10-11T12:32:54Z
26.9174242,75.8076826,2018-10-11T12:33:05Z
26.9174242,75.8076826,2018-10-11T12:33:16Z
26.9174242,75.8076826,2018-10-11T12:33:27Z
26.9174242,75.8076826,2018-10-11T12:33:37Z
26.9174242,75.8076826,2018-10-11T12:33:48Z
26.9174242,75.8076826,2018-10-11T12:33:59Z
26.9174242,75.8076826,2018-10-11T12:34:09Z
26.9174242,75.8076826,2018-10-11T12:34:19Z
26.9174242,75.8076826,2018-10-11T12:34:29Z
26.9174242,75.8076826,2018-10-11T12:34:39Z
26.9174242,75.8076826,2018-10-11T12:34:50Z
26.9174242,75.8076826,2018-10-11T12:35:01Z
26.9174242,75.8076826,2018-10-11T12:35:11Z
26.9174242,75.8076826,2018-10-11T12:35:22Z
26.9174242,75.8076826,2018-10-11T12:35:32Z
26.9174242,75.8076826,2018-10-11T12:35:43Z
26.9174242,75.8076826,2018-10-11T12:35:53Z
26.9174242,75.8076826,2018-10-11T12:36:03Z
26.9174242,75.8076826,2018-10-11T12:36:14Z
26.9174242,75.8076826,2018-10-11T12:36:25Z
26.9174242,75.8076826,2018-10-11T12:36:35Z
26.9174242,75.8076826,2018-10-11T12:36:46Z
26.9174242,75.8076826,2018-10-11T12:36:57Z
26.9174242,75.8076826,2018-10-11T12:37:08Z
26.9174242,75.8076826,2018-10-11T12:37:19Z
26.9174242,75.8076826,2018-10-11T12:37:29Z
26.9174242,75.8076826,2018-10-11T12:37:40Z
26.9174242,75.8076826,2018-10-11T12:37:51Z
26.9174242,75.8076826,2018-10-11T12:38:02Z
26.9174242,75.8076826,2018-10-11T12:38:12Z
26.9174242,75.8076826,2018-10-11T12:38:23Z
26.9174284,75.8076861,2018-10-11T12:38:33Z
26.9174309,75.8076896,2018-10-11T12:38:43Z
26.9174309,75.8076896,2018-10-11T12:38:54Z
26.9174313,75.8076906,2018-10-11T12:39:05Z
26.9174317,75.8076916,2018-10-11T12:39:15Z
26.9174317,75.8076916,2018-10-11T12:39:25Z
26.9174317,75.8076916,2018-10-11T12:39:35Z
26.9174317,75.8076916,2018-10-11T12:39:45Z
26.9174317,75.8076916,2018-10-11T12:39:56Z
26.9174317,75.8076916,2018-10-11T12:40:07Z
26.9174317,75.8076916,2018-10-11T12:40:18Z
26.9174317,75.8076916,2018-10-11T12:40:28Z
26.9174351,75.8076947,2018-10-11T12:40:39Z
26.9174351,75.8076947,2018-10-11T12:40:49Z
26.9174346,75.8076952,2018-10-11T12:41:00Z
26.9174343,75.8076959,2018-10-11T12:41:11Z
26.9174337,75.8076965,2018-10-11T12:41:22Z
26.9174337,75.8076965,2018-10-11T12:41:32Z
26.9174337,75.8076965,2018-10-11T12:41:42Z
26.9174337,75.8076965,2018-10-11T12:41:52Z
26.9174337,75.8076965,2018-10-11T12:42:03Z
26.9174337,75.8076965,2018-10-11T12:42:14Z
26.9174337,75.8076965,2018-10-11T12:42:24Z
26.9174337,75.8076965,2018-10-11T12:42:34Z
26.9174337,75.8076965,2018-10-11T12:42:44Z
26.9174355,75.8076932,2018-10-11T12:42:55Z
26.9174355,75.8076932,2018-10-11T12:43:06Z
26.9174368,75.8076788,2018-10-11T12:43:17Z
26.9174368,75.8076788,2018-10-11T12:43:28Z
26.9174368,75.8076788,2018-10-11T12:43:38Z
26.9174368,75.8076788,2018-10-11T12:43:48Z
26.9174499,75.8076743,2018-10-11T12:43:59Z
26.9174499,75.8076743,2018-10-11T12:44:10Z
26.9174499,75.8076743,2018-10-11T12:44:20Z
26.9174499,75.8076743,2018-10-11T12:44:31Z
26.9174499,75.8076743,2018-10-11T12:44:41Z
26.9174499,75.8076743,2018-10-11T12:44:51Z
26.9174499,75.8076743,2018-10-11T12:45:02Z
26.9174516,75.8076739,2018-10-11T12:45:12Z
26.9174516,75.8076739,2018-10-11T12:45:22Z
26.9174516,75.8076739,2018-10-11T12:45:32Z
26.9174516,75.8076739,2018-10-11T12:45:43Z
26.9174516,75.8076739,2018-10-11T12:45:54Z
26.9174516,75.8076739,2018-10-11T12:46:05Z
26.9174516,75.8076739,2018-10-11T12:46:15Z
26.9174516,75.8076739,2018-10-11T12:46:26Z
26.9174516,75.8076739,2018-10-11T12:46:36Z
26.9174516,75.8076739,2018-10-11T12:46:47Z
26.9174516,75.8076739,2018-10-11T12:46:57Z
26.9174516,75.8076739,2018-10-11T12:47:07Z
26.9174516,75.8076739,2018-10-11T12:47:18Z
26.9174516,75.8076739,2018-10-11T12:47:29Z
26.9174516,75.8076739,2018-10-11T12:47:39Z
26.9174516,75.8076739,2018-10-11T12:47:50Z
26.9174516,75.8076739,2018-10-11T12:48:00Z
26.9174516,75.8076739,2018-10-11T12:48:10Z
26.9174516,75.8076739,2018-10-11T12:48:21Z
26.9174516,75.8076739,2018-10-11T12:48:31Z
26.9174516,75.8076739,2018-10-11T12:48:42Z
26.9174516,75.8076739,2018-10-11T12:48:52Z
26.9174516,75.8076739,2018-10-11T12:49:03Z
26.9174516,75.8076739,2018-10-11T12:49:14Z
26.9174516,75.8076739,2018-10-11T12:49:25Z
26.9174516,75.8076739,2018-10-11T12:49:35Z
26.9174516,75.8076739,2018-10-11T12:49:45Z
26.9174516,75.8076739,2018-10-11T12:49:55Z
26.9174516,75.8076739,2018-10-11T12:50:05Z
26.9174516,75.8076739,2018-10-11T12:50:16Z
26.9174516,75.8076739,2018-10-11T12:50:26Z
26.9174516,75.8076739,2018-10-11T12:50:37Z
26.9174516,75.8076739,2018-10-11T12:50:47Z
26.9174516,75.8076739,2018-10-11T12:50:58Z
26.9174516,75.8076739,2018-10-11T12:51:08Z
26.9174516,75.8076739,2018-10-11T12:51:19Z
26.9174516,75.8076739,2018-10-11T12:51:29Z
26.9174516,75.8076739,2018-10-11T12:51:40Z
26.9174516,75.8076739,2018-10-11T12:51:51Z
26.9174516,75.8076739,2018-10-11T12:52:01Z
26.9174516,75.8076739,2018-10-11T12:52:11Z
26.9174516,75.8076739,2018-10-11T12:52:21Z
26.9174516,75.8076739,2018-10-11T12:52:32Z
26.9174516,75.8076739,2018-10-11T12:52:42Z
26.9174516,75.8076739,2018-10-11T12:52:53Z
26.9174516,75.8076739,2018-10-11T12:53:03Z
26.9174516,75.8076739,2018-10-11T12:53:13Z
26.9174516,75.8076739,2018-10-11T12:53:24Z
26.9174516,75.8076739,2018-10-11T12:53:34Z
26.9174516,75.8076739,2018-10-11T12:53:44Z
26.9174516,75.8076739,2018-10-11T12:53:55Z
26.9174516,75.8076739,2018-10-11T12:54:06Z
26.9174516,75.8076739,2018-10-11T12:54:17Z
26.9174516,75.8076739,2018-10-11T12:54:27Z
26.9174516,75.8076739,2018-10-11T12:54:37Z
26.9174516,75.8076739,2018-10-11T12:54:48Z
26.9174516,75.8076739,2018-10-11T12:54:59Z
26.9174516,75.8076739,2018-10-11T12:55:10Z
26.9174516,75.8076739,2018-10-11T12:55:21Z
26.9174516,75.8076739,2018-10-11T12:55:31Z
26.9174516,75.8076739,2018-10-11T12:55:42Z
26.9174516,75.8076739,2018-10-11T12:55:52Z
26.9174516,75.8076739,2018-10-11T12:56:03Z
26.9174516,75.8076739,2018-10-11T12:56:14Z
26.9174516,75.8076739,2018-10-11T12:56:25Z
26.9174516,75.8076739,2018-10-11T12:56:36Z
26.9174516,75.8076739,2018-10-11T12:56:47Z
26.9174516,75.8076739,2018-10-11T12:56:57Z
26.9174516,75.8076739,2018-10-11T12:57:07Z
26.9174516,75.8076739,2018-10-11T12:57:18Z
26.9174516,75.8076739,2018-10-11T12:57:29Z
26.9174516,75.8076739,2018-10-11T12:57:39Z
26.9174516,75.8076739,2018-10-11T12:57:50Z
26.9174516,75.8076739,2018-10-11T12:58:01Z
26.9174516,75.8076739,2018-10-11T12:58:12Z
26.9174516,75.8076739,2018-10-11T12:58:23Z
26.9174516,75.8076739,2018-10-11T12:58:34Z
26.9174516,75.8076739,2018-10-11T12:58:44Z
26.9174516,75.8076739,2018-10-11T12:58:54Z
26.9174516,75.8076739,2018-10-11T12:59:05Z
26.9174516,75.8076739,2018-10-11T12:59:16Z
26.9174516,75.8076739,2018-10-11T12:59:26Z
26.9174516,75.8076739,2018-10-11T12:59:37Z
26.9174516,75.8076739,2018-10-11T12:59:48Z
26.9174516,75.8076739,2018-10-11T12:59:59Z
26.9174516,75.8076739,2018-10-11T13:00:10Z
26.9174516,75.8076739,2018-10-11T13:00:21Z
26.9174516,75.8076739,2018-10-11T13:00:31Z
26.9174516,75.8076739,2018-10-11T13:00:41Z
26.9174516,75.8076739,2018-10-11T13:00:51Z
26.9174516,75.8076739,2018-10-11T13:01:02Z
26.9174516,75.8076739,2018-10-11T13:01:13Z
26.9174516,75.8076739,2018-10-11T13:01:24Z
26.9174516,75.8076739,2018-10-11T13:01:35Z
26.9174516,75.8076739,2018-10-11T13:01:45Z
26.9174516,75.8076739,2018-10-11T13:01:56Z
26.9174516,75.8076739,2018-10-11T13:02:06Z
26.9174516,75.8076739,2018-10-11T13:02:17Z
26.9174516,75.8076739,2018-10-11T13:02:28Z
26.9174516,75.8076739,2018-10-11T13:02:38Z
26.9174516,75.8076739,2018-10-11T13:02:49Z
26.9174516,75.8076739,2018-10-11T13:03:00Z
26.9174516,75.8076739,2018-10-11T13:03:11Z
26.9174516,75.8076739,2018-10-11T13:03:21Z
26.9174516,75.8076739,2018-10-11T13:03:31Z
26.9174516,75.8076739,2018-10-11T13:03:42Z
26.9174516,75.8076739,2018-10-11T13:03:52Z
26.9174516,75.8076739,2018-10-11T13:04:03Z
26.9174516,75.8076739,2018-10-11T13:04:13Z
26.9174516,75.8076739,2018-10-11T13:04:23Z
26.9174516,75.8076739,2018-10-11T13:04:34Z
26.9174516,75.8076739,2018-10-11T13:04:44Z
26.9174516,75.8076739,2018-10-11T13:04:55Z
26.9174516,75.8076739,2018-10-11T13:05:05Z
26.9174516,75.8076739,2018-10-11T13:05:16Z
26.9174516,75.8076739,2018-10-11T13:05:26Z
26.9174516,75.8076739,2018-10-11T13:05:36Z
26.9174516,75.8076739,2018-10-11T13:05:47Z
26.9174516,75.8076739,2018-10-11T13:05:58Z
26.9174516,75.8076739,2018-10-11T13:06:09Z
26.9174516,75.8076739,2018-10-11T13:06:19Z
26.9174516,75.8076739,2018-10-11T13:06:30Z
26.9174516,75.8076739,2018-10-11T13:06:40Z
26.9174516,75.8076739,2018-10-11T13:06:51Z
26.9174516,75.8076739,2018-10-11T13:07:02Z
26.9174516,75.8076739,2018-10-11T13:07:13Z
26.9174516,75.8076739,2018-10-11T13:07:24Z
26.9174516,75.8076739,2018-10-11T13:07:34Z
26.9174516,75.8076739,2018-10-11T13:07:44Z
26.9174516,75.8076739,2018-10-11T13:07:55Z
26.9174516,75.8076739,2018-10-11T13:08:06Z
26.9174516,75.8076739,2018-10-11T13:08:17Z
26.9174516,75.8076739,2018-10-11T13:08:27Z
26.9174516,75.8076739,2018-10-11T13:08:38Z
26.9174516,75.8076739,2018-10-11T13:08:49Z
26.9174516,75.8076739,2018-10-11T13:08:59Z
26.9174516,75.8076739,2018-10-11T13:09:09Z
26.9174516,75.8076739,2018-10-11T13:09:19Z
26.9174516,75.8076739,2018-10-11T13:09:29Z
26.9174516,75.8076739,2018-10-11T13:09:40Z
26.9174516,75.8076739,2018-10-11T13:09:50Z
26.9174516,75.8076739,2018-10-11T13:10:01Z
26.9174516,75.8076739,2018-10-11T13:10:12Z
26.9174516,75.8076739,2018-10-11T13:10:22Z
26.9174516,75.8076739,2018-10-11T13:10:33Z
26.9174516,75.8076739,2018-10-11T13:10:44Z
26.9174516,75.8076739,2018-10-11T13:10:54Z
26.9174516,75.8076739,2018-10-11T13:11:05Z
26.9174516,75.8076739,2018-10-11T13:11:15Z
26.9174516,75.8076739,2018-10-11T13:11:25Z
26.9174516,75.8076739,2018-10-11T13:11:35Z
26.9174516,75.8076739,2018-10-11T13:11:46Z
26.9174516,75.8076739,2018-10-11T13:11:56Z
26.9174516,75.8076739,2018-10-11T13:12:07Z
26.9174516,75.8076739,2018-10-11T13:12:17Z
26.9174516,75.8076739,2018-10-11T13:12:28Z
26.9084144,75.8248790,2018-10-08T13:11:01Z
26.9085929,75.8241388,2018-10-08T13:11:12Z
26.9087483,75.8236776,2018-10-08T13:11:23Z
26.9089738,75.8234490,2018-10-08T13:11:33Z
26.9094073,75.8235939,2018-10-08T13:11:43Z
26.9099646,75.8237267,2018-10-08T13:11:53Z
26.9103210,75.8238514,2018-10-08T13:12:03Z
26.9106480,75.8238996,2018-10-08T13:12:13Z
26.9107903,75.8236976,2018-10-08T13:12:24Z
26.9108668,75.8232014,2018-10-08T13:12:34Z
26.9109386,75.8225569,2018-10-08T13:12:44Z
26.9110442,75.8219225,2018-10-08T13:12:55Z
26.9111550,75.8211475,2018-10-08T13:13:05Z
26.9112683,75.8205030,2018-10-08T13:13:15Z
26.9109435,75.8200374,2018-10-08T13:13:26Z
26.9103203,75.8198400,2018-10-08T13:13:36Z
26.9097880,75.8193042,2018-10-08T13:13:47Z
26.9093945,75.8188881,2018-10-08T13:13:58Z
26.9085524,75.8186840,2018-10-08T13:14:08Z
26.9079572,75.8183855,2018-10-08T13:14:19Z
26.9080993,75.8177185,2018-10-08T13:14:29Z
26.9082712,75.8169033,2018-10-08T13:14:39Z
26.9083972,75.8161790,2018-10-08T13:14:50Z
26.9084803,75.8155998,2018-10-08T13:15:01Z
26.9084802,75.8156015,2018-10-08T13:15:11Z
26.9085284,75.8154272,2018-10-08T13:15:22Z
26.9088125,75.8152815,2018-10-08T13:15:33Z
26.9096443,75.8153881,2018-10-08T13:15:44Z
26.9106084,75.8155343,2018-10-08T13:15:55Z
26.9114659,75.8157799,2018-10-08T13:16:05Z
26.9120065,75.8158202,2018-10-08T13:16:16Z
26.9124607,75.8154513,2018-10-08T13:16:26Z
26.9126699,75.8144026,2018-10-08T13:16:36Z
26.9129223,75.8132727,2018-10-08T13:16:47Z
26.9130678,75.8124905,2018-10-08T13:16:58Z
26.9131004,75.8124071,2018-10-08T13:17:09Z
26.9131004,75.8124071,2018-10-08T13:17:19Z
26.9131442,75.8121994,2018-10-08T13:17:30Z
26.9131968,75.8117459,2018-10-08T13:17:41Z
26.9133292,75.8112338,2018-10-08T13:17:52Z
26.9134984,75.8105712,2018-10-08T13:18:03Z
26.9136678,75.8097672,2018-10-08T13:18:13Z
26.9137806,75.8092161,2018-10-08T13:18:23Z
26.9138407,75.8089726,2018-10-08T13:18:34Z
26.9138455,75.8089551,2018-10-08T13:18:45Z
26.9138455,75.8089551,2018-10-08T13:18:55Z
26.9138455,75.8089551,2018-10-08T13:19:06Z
26.9138455,75.8089551,2018-10-08T13:19:16Z
26.9138837,75.8087515,2018-10-08T13:19:27Z
26.9143328,75.8088197,2018-10-08T13:19:37Z
26.9147101,75.8089962,2018-10-08T13:19:47Z
26.9149831,75.8091604,2018-10-08T13:19:57Z
26.9153684,75.8093332,2018-10-08T13:20:08Z
26.9158312,75.8095588,2018-10-08T13:20:18Z
26.9160340,75.8096763,2018-10-08T13:20:29Z
26.9160340,75.8096763,2018-10-08T13:20:40Z
26.9160340,75.8096763,2018-10-08T13:20:50Z
26.9160340,75.8096763,2018-10-08T13:21:01Z
26.9160340,75.8096763,2018-10-08T13:21:11Z
26.9160340,75.8096763,2018-10-08T13:21:22Z
26.9160340,75.8096763,2018-10-08T13:21:33Z
26.9160395,75.8096658,2018-10-08T13:21:43Z
26.9161983,75.8097235,2018-10-08T13:21:54Z
26.9166239,75.8098916,2018-10-08T13:22:04Z
26.9170211,75.8100089,2018-10-08T13:22:14Z
26.9173505,75.8101192,2018-10-08T13:22:24Z
26.9177654,75.8102064,2018-10-08T13:22:34Z
26.9180003,75.8102314,2018-10-08T13:22:45Z
26.9180818,75.8102492,2018-10-08T13:22:55Z
26.9181799,75.8098243,2018-10-08T13:23:06Z
26.9182250,75.8094204,2018-10-08T13:23:16Z
26.9182245,75.8093920,2018-10-08T13:23:27Z
26.9182245,75.8093920,2018-10-08T13:23:38Z
26.9182245,75.8093920,2018-10-08T13:23:49Z
26.9182245,75.8093920,2018-10-08T13:23:59Z
26.9182245,75.8093920,2018-10-08T13:24:10Z
26.9182196,75.8093609,2018-10-08T13:24:20Z
26.9182297,75.8092702,2018-10-08T13:24:30Z
26.9182654,75.8091776,2018-10-08T13:24:40Z
26.9182949,75.8090411,2018-10-08T13:24:50Z
26.9183159,75.8089310,2018-10-08T13:25:01Z
26.9183630,75.8087835,2018-10-08T13:25:12Z
26.9183784,75.8086379,2018-10-08T13:25:23Z
26.9184395,75.8085062,2018-10-08T13:25:33Z
26.9184651,75.8084105,2018-10-08T13:25:44Z
26.9184790,75.8083234,2018-10-08T13:25:54Z
26.9184695,75.8082167,2018-10-08T13:26:05Z
26.9184717,75.8080734,2018-10-08T13:26:16Z
26.9184949,75.8080545,2018-10-08T13:26:27Z
26.9185048,75.8079478,2018-10-08T13:26:37Z
26.9185159,75.8078045,2018-10-08T13:26:48Z
26.9185484,75.8076637,2018-10-08T13:26:59Z
26.9185609,75.8075525,2018-10-08T13:27:09Z
26.9185889,75.8073976,2018-10-08T13:27:20Z
26.9186156,75.8072415,2018-10-08T13:27:31Z
26.9186472,75.8071384,2018-10-08T13:27:41Z
26.9186690,75.8070096,2018-10-08T13:27:52Z
26.9187226,75.8068718,2018-10-08T13:28:03Z
26.9187247,75.8068442,2018-10-08T13:28:14Z
26.9187247,75.8068442,2018-10-08T13:28:25Z
26.9187681,75.8068125,2018-10-08T13:28:35Z
26.9187122,75.8066696,2018-10-08T13:28:46Z
26.9187219,75.8065168,2018-10-08T13:28:57Z
26.9187619,75.8063660,2018-10-08T13:29:08Z
26.9187881,75.8062490,2018-10-08T13:29:18Z
26.9187754,75.8062334,2018-10-08T13:29:28Z
26.9187754,75.8062334,2018-10-08T13:29:38Z
26.9187754,75.8062334,2018-10-08T13:29:49Z
26.9187796,75.8062555,2018-10-08T13:30:00Z
26.9187796,75.8062555,2018-10-08T13:30:10Z
26.9187796,75.8062555,2018-10-08T13:30:21Z
26.9188184,75.8062548,2018-10-08T13:30:32Z
26.9188407,75.8063581,2018-10-08T13:30:42Z
26.9188242,75.8065069,2018-10-08T13:30:52Z
26.9188149,75.8066386,2018-10-08T13:31:03Z
26.9188088,75.8067649,2018-10-08T13:31:14Z
26.9186448,75.8067317,2018-10-08T13:31:24Z
26.9184626,75.8067368,2018-10-08T13:31:35Z
26.9183208,75.8067001,2018-10-08T13:31:46Z
26.9181600,75.8066483,2018-10-08T13:31:57Z
26.9180383,75.8066239,2018-10-08T13:32:07Z
26.9179389,75.8065691,2018-10-08T13:32:18Z
26.9178710,75.8066511,2018-10-08T13:32:29Z
26.9178462,75.8067987,2018-10-08T13:32:40Z
26.9178194,75.8069110,2018-10-08T13:32:50Z
26.9178001,75.8070455,2018-10-08T13:33:00Z
26.9177316,75.8071560,2018-10-08T13:33:10Z
26.9177186,75.8073149,2018-10-08T13:33:21Z
26.9176832,75.8074335,2018-10-08T13:33:31Z
26.9176462,75.8075350,2018-10-08T13:33:41Z
26.9176136,75.8075460,2018-10-08T13:33:51Z
26.9175805,75.8075310,2018-10-08T13:34:02Z
26.9175381,75.8075213,2018-10-08T13:34:13Z
26.9175254,75.8075699,2018-10-08T13:34:24Z
26.9175154,75.8075847,2018-10-08T13:34:35Z
26.9174985,75.8076026,2018-10-08T13:34:46Z
26.9175067,75.8076327,2018-10-08T13:34:56Z
26.9174820,75.8076435,2018-10-08T13:35:07Z
26.9174906,75.8076505,2018-10-08T13:35:17Z
26.9174906,75.8076505,2018-10-08T13:35:28Z
26.9175146,75.8076564,2018-10-08T13:35:38Z
26.9175179,75.8076708,2018-10-08T13:35:49Z
26.9175139,75.8076319,2018-10-08T13:35:59Z
26.9175034,75.8076329,2018-10-08T13:36:10Z
26.9175034,75.8076329,2018-10-08T13:36:20Z
26.9175034,75.8076329,2018-10-08T13:36:31Z
26.9175034,75.8076329,2018-10-08T13:36:41Z
26.9175034,75.8076329,2018-10-08T13:36:52Z
26.9175034,75.8076329,2018-10-08T13:37:02Z
26.9175034,75.8076329,2018-10-08T13:37:13Z
26.9174978,75.8076342,2018-10-08T13:37:24Z
26.9174978,75.8076342,2018-10-08T13:37:34Z
26.9174978,75.8076342,2018-10-08T13:37:45Z
26.9174978,75.8076342,2018-10-08T13:37:55Z
26.9174978,75.8076342,2018-10-08T13:38:06Z
26.9174978,75.8076342,2018-10-08T13:38:16Z
26.9174978,75.8076342,2018-10-08T13:38:26Z
26.9174978,75.8076342,2018-10-08T13:38:37Z
26.9174978,75.8076342,2018-10-08T13:38:47Z
26.9174833,75.8076224,2018-10-08T13:38:57Z
26.9174833,75.8076224,2018-10-08T13:39:07Z
26.9174833,75.8076224,2018-10-08T13:39:18Z
26.9174833,75.8076224,2018-10-08T13:39:29Z
26.9174804,75.8076218,2018-10-08T13:39:39Z
26.9174804,75.8076218,2018-10-08T13:39:50Z
26.9174804,75.8076218,2018-10-08T13:40:00Z
26.9174897,75.8076323,2018-10-08T13:40:11Z
26.9174562,75.8076110,2018-10-08T13:40:22Z
26.9174385,75.8076169,2018-10-08T13:40:32Z
26.9174193,75.8076259,2018-10-08T13:40:43Z
26.9174011,75.8076141,2018-10-08T13:40:53Z
26.9174141,75.8075968,2018-10-08T13:41:04Z
26.9173861,75.8076381,2018-10-08T13:41:15Z
26.9173856,75.8075993,2018-10-08T13:41:26Z
26.9173856,75.8075993,2018-10-08T13:41:36Z
26.9174041,75.8076164,2018-10-08T13:41:47Z
26.9174041,75.8076164,2018-10-08T13:41:58Z
26.9174229,75.8076271,2018-10-08T13:42:09Z
26.9174229,75.8076271,2018-10-08T13:42:20Z
26.9174229,75.8076271,2018-10-08T13:42:30Z
26.9174229,75.8076271,2018-10-08T13:42:41Z
26.9174229,75.8076271,2018-10-08T13:42:51Z
26.9174229,75.8076271,2018-10-08T13:43:02Z
26.9174229,75.8076271,2018-10-08T13:43:12Z
26.9174229,75.8076271,2018-10-08T13:43:23Z
26.9174229,75.8076271,2018-10-08T13:43:33Z
26.9174275,75.8076193,2018-10-08T13:43:43Z
26.9174154,75.8076128,2018-10-08T13:43:54Z
26.9174159,75.8076122,2018-10-08T13:44:04Z
26.9174159,75.8076122,2018-10-08T13:44:14Z
26.9174159,75.8076122,2018-10-08T13:44:25Z
26.9174159,75.8076122,2018-10-08T13:44:35Z
26.9174159,75.8076122,2018-10-08T13:44:45Z
26.9174123,75.8076215,2018-10-08T13:44:55Z
26.9174126,75.8076236,2018-10-08T13:45:05Z
26.9174149,75.8076360,2018-10-08T13:45:16Z
26.9174149,75.8076360,2018-10-08T13:45:27Z
26.9174149,75.8076360,2018-10-08T13:45:37Z
26.9174149,75.8076360,2018-10-08T13:45:48Z
26.9174149,75.8076360,2018-10-08T13:45:59Z
26.9174149,75.8076360,2018-10-08T13:46:10Z
26.9174083,75.8076078,2018-10-08T13:46:20Z
26.9174083,75.8076078,2018-10-08T13:46:30Z
26.9174083,75.8076078,2018-10-08T13:46:41Z
26.9174083,75.8076078,2018-10-08T13:46:52Z
26.9174083,75.8076078,2018-10-08T13:47:03Z
26.9174083,75.8076078,2018-10-08T13:47:13Z
26.9174083,75.8076078,2018-10-08T13:47:24Z
26.9174083,75.8076078,2018-10-08T13:47:35Z
26.9174083,75.8076078,2018-10-08T13:47:45Z
26.9174083,75.8076078,2018-10-08T13:47:55Z
26.9174083,75.8076078,2018-10-08T13:48:06Z
26.9174083,75.8076078,2018-10-08T13:48:16Z
26.9174083,75.8076078,2018-10-08T13:48:26Z
26.9174083,75.8076078,2018-10-08T13:48:37Z
26.9174083,75.8076078,2018-10-08T13:48:47Z
26.9175428,75.8076343,2018-10-10T15:03:48Z
26.9174913,75.8076213,2018-10-10T15:03:59Z
26.9174762,75.8075893,2018-10-10T15:04:10Z
26.9175121,75.8076170,2018-10-10T15:04:20Z
26.9175078,75.8075932,2018-10-10T15:04:31Z
26.9175274,75.8075595,2018-10-10T15:04:41Z
26.9175493,75.8075720,2018-10-10T15:04:52Z
26.9175907,75.8075907,2018-10-10T15:05:03Z
26.9177119,75.8076663,2018-10-10T15:05:14Z
26.9178802,75.8077139,2018-10-10T15:05:25Z
26.9180012,75.8077590,2018-10-10T15:05:36Z
26.9181427,75.8077913,2018-10-10T15:05:46Z
26.9182378,75.8078100,2018-10-10T15:05:57Z
26.9183940,75.8078733,2018-10-10T15:06:08Z
26.9185323,75.8079283,2018-10-10T15:06:18Z
26.9185154,75.8080513,2018-10-10T15:06:29Z
26.9184862,75.8081899,2018-10-10T15:06:40Z
26.9184590,75.8083190,2018-10-10T15:06:51Z
26.9184467,75.8084947,2018-10-10T15:07:02Z
26.9184128,75.8086189,2018-10-10T15:07:12Z
26.9183973,75.8087818,2018-10-10T15:07:23Z
26.9183691,75.8089209,2018-10-10T15:07:34Z
26.9183242,75.8090364,2018-10-10T15:07:44Z
26.9182880,75.8091915,2018-10-10T15:07:54Z
26.9182504,75.8093481,2018-10-10T15:08:05Z
26.9182317,75.8095111,2018-10-10T15:08:16Z
26.9182290,75.8096523,2018-10-10T15:08:26Z
26.9182211,75.8097564,2018-10-10T15:08:36Z
26.9182165,75.8099132,2018-10-10T15:08:47Z
26.9181654,75.8099869,2018-10-10T15:08:58Z
26.9180865,75.8099502,2018-10-10T15:09:09Z
26.9179759,75.8099000,2018-10-10T15:09:19Z
26.9178465,75.8098010,2018-10-10T15:09:29Z
26.9177503,75.8097450,2018-10-10T15:09:39Z
26.9176193,75.8097378,2018-10-10T15:09:50Z
26.9175334,75.8096590,2018-10-10T15:10:01Z
26.9174836,75.8096159,2018-10-10T15:10:12Z
26.9173590,75.8095777,2018-10-10T15:10:22Z
26.9172234,75.8095375,2018-10-10T15:10:33Z
26.9171231,75.8095008,2018-10-10T15:10:44Z
26.9170113,75.8094991,2018-10-10T15:10:54Z
26.9169048,75.8094443,2018-10-10T15:11:05Z
26.9168314,75.8094017,2018-10-10T15:11:15Z
26.9167149,75.8093899,2018-10-10T15:11:26Z
26.9165539,75.8093593,2018-10-10T15:11:36Z
26.9164524,75.8093397,2018-10-10T15:11:46Z
26.9163703,75.8093670,2018-10-10T15:11:56Z
26.9163076,75.8094773,2018-10-10T15:12:06Z
26.9163293,75.8095979,2018-10-10T15:12:17Z
26.9164609,75.8097104,2018-10-10T15:12:28Z
26.9164955,75.8097499,2018-10-10T15:12:38Z
26.9164505,75.8098741,2018-10-10T15:12:49Z
26.9163660,75.8099988,2018-10-10T15:12:59Z
26.9163598,75.8101128,2018-10-10T15:13:10Z
26.9163505,75.8102340,2018-10-10T15:13:20Z
26.9163594,75.8103655,2018-10-10T15:13:30Z
26.9163687,75.8104835,2018-10-10T15:13:40Z
26.9163902,75.8106147,2018-10-10T15:13:51Z
26.9164618,75.8107638,2018-10-10T15:14:02Z
26.9165501,75.8109165,2018-10-10T15:14:13Z
26.9165744,75.8110404,2018-10-10T15:14:23Z
26.9166253,75.8111795,2018-10-10T15:14:34Z
26.9166632,75.8113124,2018-10-10T15:14:45Z
26.9167135,75.8114633,2018-10-10T15:14:55Z
26.9167676,75.8115850,2018-10-10T15:15:06Z
26.9168213,75.8117090,2018-10-10T15:15:17Z
26.9168683,75.8118532,2018-10-10T15:15:28Z
26.9168786,75.8119205,2018-10-10T15:15:38Z
26.9168987,75.8120551,2018-10-10T15:15:48Z
26.9169292,75.8121759,2018-10-10T15:15:59Z
26.9169419,75.8123120,2018-10-10T15:16:09Z
26.9169419,75.8124372,2018-10-10T15:16:20Z
26.9169512,75.8125615,2018-10-10T15:16:30Z
26.9169705,75.8127018,2018-10-10T15:16:40Z
26.9169728,75.8128510,2018-10-10T15:16:51Z
26.9169802,75.8130035,2018-10-10T15:17:02Z
26.9169889,75.8131359,2018-10-10T15:17:12Z
26.9169921,75.8132608,2018-10-10T15:17:23Z
26.9170099,75.8134016,2018-10-10T15:17:33Z
26.9169662,75.8135368,2018-10-10T15:17:43Z
26.9169847,75.8137059,2018-10-10T15:17:54Z
26.9170116,75.8138255,2018-10-10T15:18:05Z
26.9170263,75.8139418,2018-10-10T15:18:15Z
26.9170658,75.8140582,2018-10-10T15:18:25Z
26.9170581,75.8141803,2018-10-10T15:18:35Z
26.9170572,75.8143009,2018-10-10T15:18:45Z
26.9170774,75.8144378,2018-10-10T15:18:56Z
26.9170876,75.8145503,2018-10-10T15:19:07Z
26.9170919,75.8146704,2018-10-10T15:19:17Z
26.9171164,75.8147978,2018-10-10T15:19:28Z
26.9171147,75.8149342,2018-10-10T15:19:38Z
26.9171361,75.8150728,2018-10-10T15:19:49Z
26.9171550,75.8152238,2018-10-10T15:20:00Z
26.9171747,75.8153679,2018-10-10T15:20:10Z
26.9171901,75.8154850,2018-10-10T15:20:21Z
26.9171660,75.8156191,2018-10-10T15:20:31Z
26.9171752,75.8157779,2018-10-10T15:20:42Z
26.9171869,75.8159285,2018-10-10T15:20:53Z
26.9171473,75.8160751,2018-10-10T15:21:03Z
26.9171511,75.8162726,2018-10-10T15:21:14Z
26.9171175,75.8164004,2018-10-10T15:21:24Z
26.9171142,75.8165237,2018-10-10T15:21:35Z
26.9170757,75.8166592,2018-10-10T15:21:45Z
26.9170204,75.8167682,2018-10-10T15:21:55Z
26.9169874,75.8168903,2018-10-10T15:22:06Z
26.9169451,75.8170051,2018-10-10T15:22:16Z
26.9169049,75.8171215,2018-10-10T15:22:27Z
26.9168817,75.8172629,2018-10-10T15:22:37Z
26.9168604,75.8174064,2018-10-10T15:22:47Z
26.9168274,75.8175321,2018-10-10T15:22:58Z
26.9168300,75.8176706,2018-10-10T15:23:09Z
26.9168200,75.8178249,2018-10-10T15:23:19Z
26.9167992,75.8179731,2018-10-10T15:23:30Z
26.9167646,75.8180978,2018-10-10T15:23:41Z
26.9167023,75.8182174,2018-10-10T15:23:51Z
26.9166663,75.8183442,2018-10-10T15:24:02Z
26.9166259,75.8184682,2018-10-10T15:24:13Z
26.9166060,75.8186366,2018-10-10T15:24:24Z
26.9165848,75.8187731,2018-10-10T15:24:34Z
26.9165397,75.8189082,2018-10-10T15:24:45Z
26.9165303,75.8190471,2018-10-10T15:24:55Z
26.9164898,75.8191708,2018-10-10T15:25:05Z
26.9164705,75.8193281,2018-10-10T15:25:16Z
26.9164330,75.8194619,2018-10-10T15:25:27Z
26.9164062,75.8195867,2018-10-10T15:25:37Z
26.9163797,75.8197331,2018-10-10T15:25:47Z
26.9163487,75.8198352,2018-10-10T15:25:57Z
26.9163286,75.8199762,2018-10-10T15:26:07Z
26.9163103,75.8201083,2018-10-10T15:26:18Z
26.9163133,75.8202157,2018-10-10T15:26:28Z
26.9163373,75.8202616,2018-10-10T15:26:38Z
26.9164506,75.8203665,2018-10-10T15:26:49Z
26.9165524,75.8204584,2018-10-10T15:26:59Z
26.9166268,75.8205137,2018-10-10T15:27:09Z
26.9167089,75.8205538,2018-10-10T15:27:20Z
26.9168043,75.8206054,2018-10-10T15:27:31Z
26.9169268,75.8206186,2018-10-10T15:27:41Z
26.9170471,75.8206696,2018-10-10T15:27:52Z
26.9171795,75.8207097,2018-10-10T15:28:02Z
26.9173154,75.8207183,2018-10-10T15:28:12Z
26.9174269,75.8207814,2018-10-10T15:28:22Z
26.9175358,75.8208140,2018-10-10T15:28:33Z
26.9176778,75.8208421,2018-10-10T15:28:44Z
26.9178153,75.8209003,2018-10-10T15:28:54Z
26.9179352,75.8209069,2018-10-10T15:29:05Z
26.9180489,75.8209401,2018-10-10T15:29:16Z
26.9181663,75.8209786,2018-10-10T15:29:26Z
26.9182799,75.8209704,2018-10-10T15:29:37Z
26.9183698,75.8210236,2018-10-10T15:29:48Z
26.9185335,75.8210599,2018-10-10T15:29:59Z
26.9186953,75.8210736,2018-10-10T15:30:10Z
26.9188227,75.8211229,2018-10-10T15:30:21Z
26.9189128,75.8211822,2018-10-10T15:30:32Z
26.9190316,75.8212461,2018-10-10T15:30:42Z
26.9190644,75.8212761,2018-10-10T15:30:52Z
26.9190634,75.8212545,2018-10-10T15:31:02Z
26.9190667,75.8212579,2018-10-10T15:31:12Z
26.9190854,75.8212387,2018-10-10T15:31:23Z
26.9190854,75.8212387,2018-10-10T15:31:34Z
26.9190854,75.8212387,2018-10-10T15:31:44Z
26.9190851,75.8212378,2018-10-10T15:31:54Z
26.9190758,75.8211987,2018-10-10T15:32:05Z
26.9190708,75.8211904,2018-10-10T15:32:15Z
26.9191235,75.8211973,2018-10-10T15:32:26Z
26.9192410,75.8212770,2018-10-10T15:32:36Z
26.9193482,75.8212909,2018-10-10T15:32:46Z
26.9194530,75.8213159,2018-10-10T15:32:56Z
26.9195686,75.8213415,2018-10-10T15:33:06Z
26.9195999,75.8213436,2018-10-10T15:33:17Z
26.9197464,75.8213899,2018-10-10T15:33:28Z
26.9198855,75.8214283,2018-10-10T15:33:38Z
26.9199308,75.8214615,2018-10-10T15:33:48Z
26.9200359,75.8214951,2018-10-10T15:33:59Z
26.9201181,75.8215432,2018-10-10T15:34:10Z
26.9202604,75.8215411,2018-10-10T15:34:20Z
26.9203832,75.8215599,2018-10-10T15:34:30Z
26.9205012,75.8216496,2018-10-10T15:34:40Z
26.9206099,75.8216319,2018-10-10T15:34:51Z
26.9207045,75.8216678,2018-10-10T15:35:01Z
26.9208100,75.8217042,2018-10-10T15:35:11Z
26.9209150,75.8217356,2018-10-10T15:35:21Z
26.9210768,75.8217110,2018-10-10T15:35:32Z
26.9212256,75.8217617,2018-10-10T15:35:43Z
26.9212285,75.8217653,2018-10-10T15:35:54Z
26.9212150,75.8217918,2018-10-10T15:36:04Z
26.9210967,75.8217561,2018-10-10T15:36:15Z
26.9210018,75.8216639,2018-10-10T15:36:25Z
26.9208762,75.8215948,2018-10-10T15:36:36Z
26.9207586,75.8215745,2018-10-10T15:36:47Z
26.9206541,75.8215320,2018-10-10T15:36:57Z
26.9205992,75.8214765,2018-10-10T15:37:08Z
26.9205992,75.8214765,2018-10-10T15:37:18Z
26.9205186,75.8214396,2018-10-10T15:37:28Z
26.9204043,75.8214120,2018-10-10T15:37:39Z
26.9202813,75.8213629,2018-10-10T15:37:49Z
26.9201615,75.8213268,2018-10-10T15:38:00Z
26.9200465,75.8213049,2018-10-10T15:38:11Z
26.9199184,75.8212719,2018-10-10T15:38:22Z
26.9197780,75.8212193,2018-10-10T15:38:32Z
26.9196548,75.8211765,2018-10-10T15:38:43Z
26.9195141,75.8211433,2018-10-10T15:38:54Z
26.9193891,75.8211014,2018-10-10T15:39:05Z
26.9193444,75.8210984,2018-10-10T15:39:16Z
26.9192664,75.8210678,2018-10-10T15:39:26Z
26.9191381,75.8210473,2018-10-10T15:39:36Z
26.9190301,75.8210164,2018-10-10T15:39:47Z
26.9188933,75.8209780,2018-10-10T15:39:58Z
26.9188000,75.8209433,2018-10-10T15:40:08Z
26.9186966,75.8208994,2018-10-10T15:40:19Z
26.9185682,75.8208624,2018-10-10T15:40:29Z
26.9184579,75.8208244,2018-10-10T15:40:40Z
26.9183371,75.8208105,2018-10-10T15:40:50Z
26.9182347,75.8207726,2018-10-10T15:41:00Z
26.9180944,75.8207356,2018-10-10T15:41:11Z
26.9179444,75.8207083,2018-10-10T15:41:22Z
26.9178392,75.8206735,2018-10-10T15:41:33Z
26.9177082,75.8206290,2018-10-10T15:41:44Z
26.9176008,75.8205850,2018-10-10T15:41:55Z
26.9174535,75.8205716,2018-10-10T15:42:05Z
26.9173430,75.8205336,2018-10-10T15:42:16Z
26.9172156,75.8204997,2018-10-10T15:42:27Z
26.9170938,75.8204419,2018-10-10T15:42:37Z
26.9169863,75.8204480,2018-10-10T15:42:48Z
26.9168805,75.8204442,2018-10-10T15:42:58Z
26.9167065,75.8204230,2018-10-10T15:43:09Z
26.9165876,75.8204110,2018-10-10T15:43:19Z
26.9164496,75.8203751,2018-10-10T15:43:29Z
26.9163283,75.8203589,2018-10-10T15:43:39Z
26.9161916,75.8203241,2018-10-10T15:43:49Z
26.9161448,75.8202850,2018-10-10T15:44:00Z
26.9159837,75.8202109,2018-10-10T15:44:11Z
26.9158866,75.8202446,2018-10-10T15:44:22Z
26.9157412,75.8202390,2018-10-10T15:44:33Z
26.9156237,75.8202368,2018-10-10T15:44:44Z
26.9154791,75.8202093,2018-10-10T15:44:54Z
26.9153513,75.8201667,2018-10-10T15:45:05Z
26.9152168,75.8201301,2018-10-10T15:45:15Z
26.9150929,75.8200860,2018-10-10T15:45:26Z
26.9149794,75.8200582,2018-10-10T15:45:36Z
26.9148691,75.8200139,2018-10-10T15:45:47Z
26.9147388,75.8199703,2018-10-10T15:45:58Z
26.9146039,75.8199323,2018-10-10T15:46:08Z
26.9144904,75.8199069,2018-10-10T15:46:19Z
26.9143677,75.8198780,2018-10-10T15:46:30Z
26.9142522,75.8198447,2018-10-10T15:46:40Z
26.9141103,75.8198050,2018-10-10T15:46:51Z
26.9139963,75.8197566,2018-10-10T15:47:02Z
26.9139742,75.8197484,2018-10-10T15:47:13Z
26.9139240,75.8198162,2018-10-10T15:47:23Z
26.9137933,75.8198321,2018-10-10T15:47:34Z
26.9137973,75.8199101,2018-10-10T15:47:44Z
26.9137973,75.8199101,2018-10-10T15:47:54Z
26.9137919,75.8199112,2018-10-10T15:48:04Z
26.9137919,75.8199112,2018-10-10T15:48:14Z
26.9137898,75.8199093,2018-10-10T15:48:25Z
26.9138147,75.8199465,2018-10-10T15:48:36Z
26.9138417,75.8199699,2018-10-10T15:48:46Z
26.9138680,75.8199933,2018-10-10T15:48:57Z
26.9138528,75.8199866,2018-10-10T15:49:08Z
26.9138182,75.8199597,2018-10-10T15:49:18Z
26.9138182,75.8199597,2018-10-10T15:49:28Z
26.9138182,75.8199597,2018-10-10T15:49:39Z
26.9138182,75.8199597,2018-10-10T15:49:50Z
26.9138182,75.8199597,2018-10-10T15:50:01Z
26.9138218,75.8199789,2018-10-10T15:50:11Z
26.9138210,75.8199814,2018-10-10T15:50:22Z
26.9138212,75.8199818,2018-10-10T15:50:33Z
26.9138212,75.8199818,2018-10-10T15:50:43Z
26.9138212,75.8199818,2018-10-10T15:50:53Z
26.9138121,75.8200001,2018-10-10T15:51:03Z
26.9138118,75.8200163,2018-10-10T15:51:14Z
26.9138098,75.8200163,2018-10-10T15:51:24Z
26.9138113,75.8200166,2018-10-10T15:51:34Z
26.9138120,75.8200161,2018-10-10T15:51:44Z
26.9138120,75.8200161,2018-10-10T15:51:55Z
26.9138120,75.8200161,2018-10-10T15:52:06Z
26.9138120,75.8200161,2018-10-10T15:52:17Z
26.9138111,75.8200206,2018-10-10T15:52:28Z
26.9138111,75.8200206,2018-10-10T15:52:38Z
26.9137759,75.8199703,2018-10-10T15:52:49Z
26.9137801,75.8198554,2018-10-10T15:53:00Z
26.9138449,75.8197196,2018-10-10T15:53:12Z
26.9138838,75.8195820,2018-10-10T15:53:23Z
26.9139004,75.8194427,2018-10-10T15:53:34Z
26.9139299,75.8193056,2018-10-10T15:53:44Z
26.9139612,75.8191624,2018-10-10T15:53:55Z
26.9139904,75.8190332,2018-10-10T15:54:05Z
26.9140178,75.8188816,2018-10-10T15:54:15Z
26.9140619,75.8187594,2018-10-10T15:54:25Z
26.9140793,75.8186132,2018-10-10T15:54:37Z
26.9141039,75.8184580,2018-10-10T15:54:47Z
26.9141340,75.8183163,2018-10-10T15:54:57Z
26.9141688,75.8181643,2018-10-10T15:55:08Z
26.9141976,75.8180476,2018-10-10T15:55:19Z
26.9142329,75.8179008,2018-10-10T15:55:29Z
26.9142496,75.8177475,2018-10-10T15:55:40Z
26.9142768,75.8176181,2018-10-10T15:55:50Z
26.9143008,75.8174846,2018-10-10T15:56:01Z
26.9143590,75.8173766,2018-10-10T15:56:11Z
26.9143924,75.8172222,2018-10-10T15:56:22Z
26.9144305,75.8170957,2018-10-10T15:56:32Z
26.9144555,75.8169676,2018-10-10T15:56:42Z
26.9145636,75.8168489,2018-10-10T15:56:52Z
26.9146850,75.8168551,2018-10-10T15:57:03Z
26.9147838,75.8168756,2018-10-10T15:57:14Z
26.9149181,75.8169220,2018-10-10T15:57:24Z
26.9150547,75.8169625,2018-10-10T15:57:35Z
26.9151639,75.8170073,2018-10-10T15:57:46Z
26.9152826,75.8170436,2018-10-10T15:57:56Z
26.9154413,75.8171375,2018-10-10T15:58:07Z
26.9156138,75.8171604,2018-10-10T15:58:17Z
26.9157129,75.8170755,2018-10-10T15:58:28Z
26.9158175,75.8170887,2018-10-10T15:58:39Z
26.9159373,75.8171506,2018-10-10T15:58:49Z
26.9160399,75.8171897,2018-10-10T15:59:00Z
26.9161615,75.8172289,2018-10-10T15:59:10Z
26.9162663,75.8172705,2018-10-10T15:59:21Z
26.9163936,75.8173001,2018-10-10T15:59:32Z
26.9164874,75.8173118,2018-10-10T15:59:42Z
26.9165283,75.8172299,2018-10-10T15:59:52Z
26.9165906,75.8170524,2018-10-10T16:00:03Z
26.9166429,75.8169066,2018-10-10T16:00:13Z
26.9167174,75.8167962,2018-10-10T16:00:23Z
26.9167510,75.8166733,2018-10-10T16:00:34Z
26.9167791,75.8165606,2018-10-10T16:00:44Z
26.9167945,75.8164457,2018-10-10T16:00:54Z
26.9168071,75.8162642,2018-10-10T16:01:05Z
26.9169271,75.8162430,2018-10-10T16:01:16Z
26.9169271,75.8162430,2018-10-10T16:01:27Z
26.9169271,75.8162430,2018-10-10T16:01:37Z
26.9169271,75.8162430,2018-10-10T16:01:48Z
26.9169271,75.8162430,2018-10-10T16:01:58Z
26.9169331,75.8162469,2018-10-10T16:02:09Z
26.9169520,75.8162568,2018-10-10T16:02:19Z
26.9170108,75.8162447,2018-10-10T16:02:30Z
26.9170101,75.8161198,2018-10-10T16:02:40Z
26.9169891,75.8159750,2018-10-10T16:02:50Z
26.9169811,75.8158225,2018-10-10T16:03:00Z
26.9169702,75.8156709,2018-10-10T16:03:11Z
26.9169305,75.8155067,2018-10-10T16:03:21Z
26.9169221,75.8153517,2018-10-10T16:03:32Z
26.9168922,75.8152167,2018-10-10T16:03:42Z
26.9168589,75.8150904,2018-10-10T16:03:52Z
26.9168570,75.8149531,2018-10-10T16:04:03Z
26.9168350,75.8147730,2018-10-10T16:04:14Z
26.9167797,75.8146405,2018-10-10T16:04:25Z
26.9167637,75.8145165,2018-10-10T16:04:36Z
26.9167196,75.8143867,2018-10-10T16:04:46Z
26.9167099,75.8142243,2018-10-10T16:04:57Z
26.9167037,75.8140999,2018-10-10T16:05:08Z
26.9167985,75.8139858,2018-10-10T16:05:19Z
26.9167575,75.8138733,2018-10-10T16:05:29Z
26.9167758,75.8137208,2018-10-10T16:05:40Z
26.9168160,75.8135903,2018-10-10T16:05:51Z
26.9168087,75.8134363,2018-10-10T16:06:02Z
26.9167760,75.8132779,2018-10-10T16:06:13Z
26.9167561,75.8131349,2018-10-10T16:06:23Z
26.9167448,75.8129770,2018-10-10T16:06:34Z
26.9167345,75.8128345,2018-10-10T16:06:44Z
26.9167297,75.8126976,2018-10-10T16:06:55Z
26.9167381,75.8125483,2018-10-10T16:07:06Z
26.9167093,75.8124215,2018-10-10T16:07:16Z
26.9167279,75.8122882,2018-10-10T16:07:27Z
26.9166886,75.8121318,2018-10-10T16:07:38Z
26.9166621,75.8119683,2018-10-10T16:07:49Z
26.9166137,75.8118364,2018-10-10T16:07:59Z
26.9165517,75.8116787,2018-10-10T16:08:10Z
26.9164873,75.8115711,2018-10-10T16:08:20Z
26.9164547,75.8114158,2018-10-10T16:08:31Z
26.9164092,75.8112923,2018-10-10T16:08:42Z
26.9163714,75.8111542,2018-10-10T16:08:52Z
26.9163069,75.8110401,2018-10-10T16:09:03Z
26.9163311,75.8109777,2018-10-10T16:09:13Z
26.9163520,75.8108226,2018-10-10T16:09:24Z
26.9163695,75.8106931,2018-10-10T16:09:35Z
26.9163271,75.8105330,2018-10-10T16:09:46Z
26.9163052,75.8103897,2018-10-10T16:09:56Z
26.9162232,75.8102468,2018-10-10T16:10:07Z
26.9161726,75.8100796,2018-10-10T16:10:17Z
26.9163551,75.8099685,2018-10-10T16:10:28Z
26.9164165,75.8099774,2018-10-10T16:10:39Z
26.9164139,75.8099306,2018-10-10T16:10:50Z
26.9164068,75.8097991,2018-10-10T16:11:01Z
26.9163244,75.8096368,2018-10-10T16:11:11Z
26.9163325,75.8095062,2018-10-10T16:11:21Z
26.9163830,75.8093578,2018-10-10T16:11:32Z
26.9164455,75.8091938,2018-10-10T16:11:43Z
26.9164735,75.8090500,2018-10-10T16:11:53Z
26.9164533,75.8089056,2018-10-10T16:12:04Z
26.9164537,75.8087605,2018-10-10T16:12:14Z
26.9164770,75.8085931,2018-10-10T16:12:25Z
26.9164917,75.8084660,2018-10-10T16:12:35Z
26.9164923,75.8083004,2018-10-10T16:12:46Z
26.9164834,75.8081449,2018-10-10T16:12:56Z
26.9165063,75.8079884,2018-10-10T16:13:06Z
26.9165068,75.8078288,2018-10-10T16:13:17Z
26.9165322,75.8076853,2018-10-10T16:13:28Z
26.9165456,75.8075405,2018-10-10T16:13:39Z
26.9165386,75.8073927,2018-10-10T16:13:49Z
26.9166304,75.8072617,2018-10-10T16:14:00Z
26.9166581,75.8072477,2018-10-10T16:14:10Z
26.9167278,75.8072560,2018-10-10T16:14:20Z
26.9166518,75.8072084,2018-10-10T16:14:31Z
26.9166220,75.8070561,2018-10-10T16:14:42Z
26.9166337,75.8069775,2018-10-10T16:14:52Z
26.9166066,75.8068498,2018-10-10T16:15:03Z
26.9167358,75.8067639,2018-10-10T16:15:14Z
26.9168870,75.8067867,2018-10-10T16:15:25Z
26.9170357,75.8068432,2018-10-10T16:15:36Z
26.9171572,75.8068589,2018-10-10T16:15:46Z
26.9172864,75.8069234,2018-10-10T16:15:57Z
26.9173762,75.8068819,2018-10-10T16:16:08Z
26.9174365,75.8067240,2018-10-10T16:16:18Z
26.9174739,75.8065411,2018-10-10T16:16:29Z
26.9175656,75.8064936,2018-10-10T16:16:40Z
26.9176964,75.8065748,2018-10-10T16:16:51Z
26.9178372,75.8066147,2018-10-10T16:17:02Z
26.9178829,75.8067207,2018-10-10T16:17:13Z
26.9178794,75.8068510,2018-10-10T16:17:23Z
26.9178382,75.8069623,2018-10-10T16:17:33Z
26.9177910,75.8070935,2018-10-10T16:17:44Z
26.9177460,75.8072387,2018-10-10T16:17:55Z
26.9176969,75.8073922,2018-10-10T16:18:05Z
26.9176666,75.8075220,2018-10-10T16:18:15Z
26.9176255,75.8075387,2018-10-10T16:18:26Z
26.9175798,75.8075300,2018-10-10T16:18:36Z
26.9175145,75.8075223,2018-10-10T16:18:47Z
26.9175159,75.8075661,2018-10-10T16:18:57Z
26.9175150,75.8075752,2018-10-10T16:19:08Z
26.9175150,75.8075752,2018-10-10T16:19:19Z
26.9175150,75.8075752,2018-10-10T16:19:29Z
26.9175108,75.8076073,2018-10-10T16:19:40Z
26.9175108,75.8076073,2018-10-10T16:19:51Z
26.9174685,75.8076026,2018-10-10T16:20:01Z
26.9174686,75.8076025,2018-10-10T16:20:12Z
26.9174686,75.8076025,2018-10-10T16:20:22Z
26.9174686,75.8076025,2018-10-10T16:20:33Z
26.9174686,75.8076025,2018-10-10T16:20:43Z
26.9174686,75.8076025,2018-10-10T16:20:54Z
26.9174686,75.8076025,2018-10-10T16:21:04Z
26.9174686,75.8076025,2018-10-10T16:21:15Z
26.9174686,75.8076025,2018-10-10T16:21:25Z
26.9174686,75.8076025,2018-10-10T16:21:36Z
26.9174686,75.8076025,2018-10-10T16:21:46Z
26.9174686,75.8076025,2018-10-10T16:21:57Z
26.9174686,75.8076025,2018-10-10T16:22:08Z
26.9174686,75.8076025,2018-10-10T16:22:18Z
26.9174686,75.8076025,2018-10-10T16:22:28Z
26.9174686,75.8076025,2018-10-10T16:22:39Z
26.9174686,75.8076025,2018-10-10T16:22:49Z
26.9174686,75.8076025,2018-10-10T16:23:00Z
26.9174686,75.8076025,2018-10-10T16:23:10Z
26.9174686,75.8076025,2018-10-10T16:23:21Z
26.9174686,75.8076025,2018-10-10T16:23:32Z
26.9174686,75.8076025,2018-10-10T16:23:42Z
26.9174592,75.8076203,2018-10-10T16:23:53Z
26.9174592,75.8076203,2018-10-10T16:24:03Z
26.9174555,75.8076294,2018-10-10T16:24:13Z
26.9174598,75.8076356,2018-10-10T16:24:24Z
26.9174598,75.8076356,2018-10-10T16:24:35Z
26.9174598,75.8076356,2018-10-10T16:24:46Z
26.9174553,75.8076374,2018-10-10T16:24:57Z
26.9174553,75.8076374,2018-10-10T16:25:08Z
26.9174553,75.8076374,2018-10-10T16:25:18Z
26.9174553,75.8076374,2018-10-10T16:25:29Z
26.9174553,75.8076374,2018-10-10T16:25:40Z
26.9174553,75.8076374,2018-10-10T16:25:51Z
26.9174553,75.8076374,2018-10-10T16:26:02Z
26.9174553,75.8076374,2018-10-10T16:26:12Z
26.9174553,75.8076374,2018-10-10T16:26:22Z
26.9174553,75.8076374,2018-10-10T16:26:33Z
26.9174553,75.8076374,2018-10-10T16:26:44Z
26.9174553,75.8076374,2018-10-10T16:26:55Z
26.9174553,75.8076374,2018-10-10T16:27:06Z
26.9174553,75.8076374,2018-10-10T16:27:16Z
26.9174553,75.8076374,2018-10-10T16:27:27Z
26.9174555,75.8076424,2018-10-10T16:27:37Z
26.9174560,75.8076423,2018-10-10T16:27:47Z
26.9174558,75.8076420,2018-10-10T16:27:58Z
26.9174555,75.8076418,2018-10-10T16:28:08Z
26.9174509,75.8076486,2018-10-10T16:28:18Z
26.9174509,75.8076486,2018-10-10T16:28:29Z
26.9174509,75.8076486,2018-10-10T16:28:39Z
26.9174511,75.8076468,2018-10-10T16:28:49Z
26.9174512,75.8076466,2018-10-10T16:29:00Z
26.9174512,75.8076466,2018-10-10T16:29:10Z
26.9174540,75.8076420,2018-10-10T16:29:21Z
26.9174540,75.8076420,2018-10-10T16:29:31Z
26.9174540,75.8076420,2018-10-10T16:29:42Z
26.9174540,75.8076420,2018-10-10T16:29:53Z
26.9174540,75.8076420,2018-10-10T16:30:03Z
26.9174540,75.8076420,2018-10-10T16:30:14Z
26.9174540,75.8076420,2018-10-10T16:30:24Z
26.9174540,75.8076420,2018-10-10T16:30:35Z
26.9174540,75.8076420,2018-10-10T16:30:45Z
26.9174540,75.8076420,2018-10-10T16:30:56Z
26.9174540,75.8076420,2018-10-10T16:31:06Z
26.9174540,75.8076420,2018-10-10T16:31:17Z
26.9174540,75.8076420,2018-10-10T16:31:28Z
26.9174540,75.8076420,2018-10-10T16:31:38Z
26.9174540,75.8076420,2018-10-10T16:31:48Z
26.9174540,75.8076420,2018-10-10T16:31:58Z
26.9174540,75.8076420,2018-10-10T16:32:09Z
26.9174540,75.8076420,2018-10-10T16:32:19Z
26.9174540,75.8076420,2018-10-10T16:32:30Z
26.9174540,75.8076420,2018-10-10T16:32:41Z
26.9174540,75.8076420,2018-10-10T16:32:52Z
26.9174540,75.8076420,2018-10-10T16:33:02Z
26.9174540,75.8076420,2018-10-10T16:33:13Z
26.9174540,75.8076420,2018-10-10T16:33:23Z
26.9174540,75.8076420,2018-10-10T16:33:34Z
26.9174540,75.8076420,2018-10-10T16:33:45Z
26.9174540,75.8076420,2018-10-10T16:33:56Z
26.9174540,75.8076420,2018-10-10T16:34:07Z
26.9174577,75.8076501,2018-10-10T16:34:17Z
26.9174577,75.8076501,2018-10-10T16:34:27Z
26.9174557,75.8076359,2018-10-10T16:34:38Z
26.9174557,75.8076359,2018-10-10T16:34:48Z
26.9174557,75.8076359,2018-10-10T16:34:59Z
26.9174557,75.8076359,2018-10-10T16:35:09Z
26.9174557,75.8076359,2018-10-10T16:35:20Z
26.9174557,75.8076359,2018-10-10T16:35:30Z
26.9174557,75.8076359,2018-10-10T16:35:41Z
26.9174557,75.8076359,2018-10-10T16:35:52Z
26.9174557,75.8076359,2018-10-10T16:36:03Z
26.9174557,75.8076359,2018-10-10T16:36:14Z
26.9174557,75.8076359,2018-10-10T16:36:25Z
26.9174557,75.8076359,2018-10-10T16:36:35Z
26.9174557,75.8076359,2018-10-10T16:36:45Z
26.9174557,75.8076359,2018-10-10T16:36:56Z
26.9174557,75.8076359,2018-10-10T16:37:07Z
26.9174557,75.8076359,2018-10-10T16:37:17Z
26.9174557,75.8076359,2018-10-10T16:37:27Z
26.9174557,75.8076359,2018-10-10T16:37:38Z
26.9174557,75.8076359,2018-10-10T16:37:48Z
26.9174557,75.8076359,2018-10-10T16:37:59Z
26.9174557,75.8076359,2018-10-10T16:38:09Z
26.9174557,75.8076359,2018-10-10T16:38:20Z
26.9174557,75.8076359,2018-10-10T16:38:31Z
26.9174557,75.8076359,2018-10-10T16:38:41Z
26.9174557,75.8076359,2018-10-10T16:38:52Z
26.9174557,75.8076359,2018-10-10T16:39:02Z
26.9174557,75.8076359,2018-10-10T16:39:13Z
26.9174557,75.8076359,2018-10-10T16:39:24Z
26.9174557,75.8076359,2018-10-10T16:39:34Z
26.9174557,75.8076359,2018-10-10T16:39:45Z
26.9174557,75.8076359,2018-10-10T16:39:55Z
26.9174557,75.8076359,2018-10-10T16:40:05Z
26.9174557,75.8076359,2018-10-10T16:40:16Z
26.9174557,75.8076359,2018-10-10T16:40:26Z
26.9174557,75.8076359,2018-10-10T16:40:36Z
26.9174557,75.8076359,2018-10-10T16:40:46Z
26.9174557,75.8076359,2018-10-10T16:40:57Z
26.9174557,75.8076359,2018-10-10T16:41:08Z
26.9174557,75.8076359,2018-10-10T16:41:18Z
26.9174557,75.8076359,2018-10-10T16:41:29Z
26.9174557,75.8076359,2018-10-10T16:41:40Z
26.9174557,75.8076359,2018-10-10T16:41:51Z
26.9174557,75.8076359,2018-10-10T16:42:01Z
26.9174557,75.8076359,2018-10-10T16:42:11Z
26.9174557,75.8076359,2018-10-10T16:42:22Z
26.9174557,75.8076359,2018-10-10T16:42:32Z
26.9174557,75.8076359,2018-10-10T16:42:42Z
26.9174557,75.8076359,2018-10-10T16:42:53Z
26.9174557,75.8076359,2018-10-10T16:43:04Z
26.9174557,75.8076359,2018-10-10T16:43:15Z
26.9174557,75.8076359,2018-10-10T16:43:26Z
26.9174557,75.8076359,2018-10-10T16:43:37Z
26.9174557,75.8076359,2018-10-10T16:43:48Z
26.9174557,75.8076359,2018-10-10T16:43:59Z
26.9174557,75.8076359,2018-10-10T16:44:09Z
26.9174557,75.8076359,2018-10-10T16:44:19Z
26.9174557,75.8076359,2018-10-10T16:44:30Z
26.9174557,75.8076359,2018-10-10T16:44:40Z
26.9174557,75.8076359,2018-10-10T16:44:51Z
26.9174557,75.8076359,2018-10-10T16:45:02Z
26.9174557,75.8076359,2018-10-10T16:45:12Z
26.9174557,75.8076359,2018-10-10T16:45:23Z
26.9174557,75.8076359,2018-10-10T16:45:34Z
26.9174557,75.8076359,2018-10-10T16:45:45Z
26.9174557,75.8076359,2018-10-10T16:45:55Z
26.9174557,75.8076359,2018-10-10T16:46:05Z
26.9174557,75.8076359,2018-10-10T16:46:15Z
26.9174557,75.8076359,2018-10-10T16:46:26Z
26.9174557,75.8076359,2018-10-10T16:46:37Z
26.9174557,75.8076359,2018-10-10T16:46:48Z
26.9174557,75.8076359,2018-10-10T16:46:59Z
26.9174557,75.8076359,2018-10-10T16:47:10Z
26.9174557,75.8076359,2018-10-10T16:47:21Z
26.9174557,75.8076359,2018-10-10T16:47:31Z
26.9174557,75.8076359,2018-10-10T16:47:41Z
26.9174557,75.8076359,2018-10-10T16:47:52Z
26.9174557,75.8076359,2018-10-10T16:48:02Z
26.9174557,75.8076359,2018-10-10T16:48:13Z
26.9174557,75.8076359,2018-10-10T16:48:24Z
26.9174557,75.8076359,2018-10-10T16:48:35Z
26.9174557,75.8076359,2018-10-10T16:48:45Z
26.9174557,75.8076359,2018-10-10T16:48:56Z
26.9174557,75.8076359,2018-10-10T16:49:06Z
26.9174557,75.8076359,2018-10-10T16:49:16Z
26.9174557,75.8076359,2018-10-10T16:49:27Z
26.9174557,75.8076359,2018-10-10T16:49:38Z
26.9174557,75.8076359,2018-10-10T16:49:48Z
26.9174557,75.8076359,2018-10-10T16:49:58Z
26.9174557,75.8076359,2018-10-10T16:50:09Z
26.9174557,75.8076359,2018-10-10T16:50:20Z
26.9174557,75.8076359,2018-10-10T16:50:30Z
26.9174557,75.8076359,2018-10-10T16:50:41Z
26.9174557,75.8076359,2018-10-10T16:50:52Z
26.9174557,75.8076359,2018-10-10T16:51:03Z
26.9174557,75.8076359,2018-10-10T16:51:14Z
26.9174557,75.8076359,2018-10-10T16:51:25Z
26.9174557,75.8076359,2018-10-10T16:51:36Z
26.9174557,75.8076359,2018-10-10T16:51:46Z
26.9174557,75.8076359,2018-10-10T16:51:57Z
26.9174557,75.8076359,2018-10-10T16:52:07Z
26.9174557,75.8076359,2018-10-10T16:52:18Z
26.9174557,75.8076359,2018-10-10T16:52:29Z
26.9174557,75.8076359,2018-10-10T16:52:39Z
26.9174557,75.8076359,2018-10-10T16:52:50Z
26.9174557,75.8076359,2018-10-10T16:53:01Z
26.9174557,75.8076359,2018-10-10T16:53:12Z
26.9174557,75.8076359,2018-10-10T16:53:22Z
26.9174557,75.8076359,2018-10-10T16:53:32Z
26.9174557,75.8076359,2018-10-10T16:53:43Z
26.9174557,75.8076359,2018-10-10T16:53:53Z
26.9174557,75.8076359,2018-10-10T16:54:04Z
26.9174557,75.8076359,2018-10-10T16:54:15Z
26.9174557,75.8076359,2018-10-10T16:54:26Z
26.9174557,75.8076359,2018-10-10T16:54:36Z
26.9174557,75.8076359,2018-10-10T16:54:46Z
26.9174557,75.8076359,2018-10-10T16:54:56Z
26.9174557,75.8076359,2018-10-10T16:55:07Z
26.9174557,75.8076359,2018-10-10T16:55:17Z
26.9174557,75.8076359,2018-10-10T16:55:28Z
26.9174557,75.8076359,2018-10-10T16:55:38Z
26.9174557,75.8076359,2018-10-10T16:55:49Z
26.9174557,75.8076359,2018-10-10T16:55:59Z
26.9174557,75.8076359,2018-10-10T16:56:09Z
26.9174563,75.8076350,2018-10-10T16:56:20Z
26.9174563,75.8076350,2018-10-10T16:56:31Z
26.9174563,75.8076350,2018-10-10T16:56:41Z
26.9174563,75.8076350,2018-10-10T16:56:51Z
26.9174563,75.8076350,2018-10-10T16:57:01Z
26.9174563,75.8076350,2018-10-10T16:57:12Z
26.9174563,75.8076350,2018-10-10T16:57:22Z
26.9174563,75.8076350,2018-10-10T16:57:33Z
26.9174563,75.8076350,2018-10-10T16:57:43Z
26.9174563,75.8076350,2018-10-10T16:57:54Z
26.9174563,75.8076350,2018-10-10T16:58:04Z
26.9174563,75.8076350,2018-10-10T16:58:14Z
26.9174563,75.8076350,2018-10-10T16:58:25Z
26.9174563,75.8076350,2018-10-10T16:58:36Z
26.9174563,75.8076350,2018-10-10T16:58:46Z
26.9174563,75.8076350,2018-10-10T16:58:57Z
26.9174563,75.8076350,2018-10-10T16:59:08Z
26.9174563,75.8076350,2018-10-10T16:59:18Z
26.9174563,75.8076350,2018-10-10T16:59:29Z
26.9174563,75.8076350,2018-10-10T16:59:39Z
26.9174563,75.8076350,2018-10-10T16:59:49Z
26.9174563,75.8076350,2018-10-10T17:00:00Z
26.9174563,75.8076350,2018-10-10T17:00:11Z
26.9174563,75.8076350,2018-10-10T17:00:21Z
26.9174563,75.8076350,2018-10-10T17:00:32Z
26.9174563,75.8076350,2018-10-10T17:00:42Z
26.9174563,75.8076350,2018-10-10T17:00:52Z
26.9174563,75.8076350,2018-10-10T17:01:03Z
26.9174563,75.8076350,2018-10-10T17:01:13Z
26.9174563,75.8076350,2018-10-10T17:01:24Z
26.9174563,75.8076350,2018-10-10T17:01:34Z
26.9174563,75.8076350,2018-10-10T17:01:45Z
26.9174563,75.8076350,2018-10-10T17:01:55Z
26.9174563,75.8076350,2018-10-10T17:02:06Z
26.9174563,75.8076350,2018-10-10T17:02:16Z
26.9174563,75.8076350,2018-10-10T17:02:26Z
26.9174563,75.8076350,2018-10-10T17:02:37Z
26.9174563,75.8076350,2018-10-10T17:02:48Z
26.9174563,75.8076350,2018-10-10T17:02:59Z
26.9174563,75.8076350,2018-10-10T17:03:10Z
26.9174563,75.8076350,2018-10-10T17:03:20Z
26.9174563,75.8076350,2018-10-10T17:03:31Z
26.9174563,75.8076350,2018-10-10T17:03:41Z
26.9174563,75.8076350,2018-10-10T17:03:51Z
26.9174563,75.8076350,2018-10-10T17:04:02Z
26.9174563,75.8076350,2018-10-10T17:04:12Z
26.9174563,75.8076350,2018-10-10T17:04:23Z
26.9174563,75.8076350,2018-10-10T17:04:34Z
26.9174391,75.8076269,2018-10-10T17:04:44Z
26.9174269,75.8076192,2018-10-10T17:04:54Z
26.9174234,75.8076178,2018-10-10T17:05:05Z
26.9174234,75.8076178,2018-10-10T17:05:15Z
26.9174215,75.8076188,2018-10-10T17:05:26Z
26.9174215,75.8076188,2018-10-10T17:05:36Z
26.9174215,75.8076188,2018-10-10T17:05:47Z
26.9174066,75.8076187,2018-10-10T17:05:58Z
26.9174066,75.8076187,2018-10-10T17:06:09Z
26.9174066,75.8076187,2018-10-10T17:06:19Z
26.9174066,75.8076187,2018-10-10T17:06:30Z
26.9174066,75.8076187,2018-10-10T17:06:40Z
26.9174066,75.8076187,2018-10-10T17:06:51Z
26.9174066,75.8076187,2018-10-10T17:07:02Z
26.9174066,75.8076187,2018-10-10T17:07:12Z
26.9174066,75.8076187,2018-10-10T17:07:22Z
26.9174066,75.8076187,2018-10-10T17:07:33Z
26.9174066,75.8076187,2018-10-10T17:07:44Z
26.9174066,75.8076187,2018-10-10T17:07:54Z
26.9174066,75.8076187,2018-10-10T17:08:05Z
26.9174066,75.8076187,2018-10-10T17:08:15Z
26.9174066,75.8076187,2018-10-10T17:08:26Z
26.9174066,75.8076187,2018-10-10T17:08:37Z
26.9174066,75.8076187,2018-10-10T17:08:48Z
26.9174066,75.8076187,2018-10-10T17:08:58Z
26.9174066,75.8076187,2018-10-10T17:09:09Z
26.9174066,75.8076187,2018-10-10T17:09:19Z
26.9174066,75.8076187,2018-10-10T17:09:29Z
26.9174066,75.8076187,2018-10-10T17:09:40Z
26.9174066,75.8076187,2018-10-10T17:09:51Z
26.9174066,75.8076187,2018-10-10T17:10:01Z
26.9174066,75.8076187,2018-10-10T17:10:12Z
26.9174097,75.8076201,2018-10-10T17:10:22Z
26.9174097,75.8076201,2018-10-10T17:10:33Z
26.9174097,75.8076201,2018-10-10T17:10:43Z
26.9174089,75.8076192,2018-10-10T17:10:53Z
26.9174094,75.8076181,2018-10-10T17:11:04Z
26.9174094,75.8076181,2018-10-10T17:11:14Z
26.9174094,75.8076181,2018-10-10T17:11:25Z
26.9174094,75.8076181,2018-10-10T17:11:35Z
26.9174122,75.8076123,2018-10-10T17:11:45Z
26.9174122,75.8076121,2018-10-10T17:11:56Z
26.9174121,75.8076114,2018-10-10T17:12:07Z
26.9174121,75.8076114,2018-10-10T17:12:17Z
26.9174121,75.8076114,2018-10-10T17:12:27Z
26.9174121,75.8076114,2018-10-10T17:12:38Z
26.9174121,75.8076114,2018-10-10T17:12:48Z
26.9174121,75.8076114,2018-10-10T17:12:58Z
26.9174121,75.8076114,2018-10-10T17:13:08Z
26.9174121,75.8076114,2018-10-10T17:13:19Z
26.9174121,75.8076114,2018-10-10T17:13:30Z
26.9174121,75.8076114,2018-10-10T17:13:40Z
26.9174121,75.8076114,2018-10-10T17:13:51Z
26.9174121,75.8076114,2018-10-10T17:14:01Z
26.9174121,75.8076114,2018-10-10T17:14:12Z
26.9174121,75.8076114,2018-10-10T17:14:23Z
26.9174121,75.8076114,2018-10-10T17:14:33Z
26.9174121,75.8076114,2018-10-10T17:14:44Z
26.9174116,75.8076117,2018-10-10T17:14:55Z
26.9174115,75.8076116,2018-10-10T17:15:06Z
26.9174115,75.8076116,2018-10-10T17:15:16Z
26.9174131,75.8076124,2018-10-10T17:15:27Z
26.9174138,75.8076113,2018-10-10T17:15:38Z
26.9174141,75.8076149,2018-10-10T17:15:48Z
26.9174141,75.8076153,2018-10-10T17:15:58Z
26.9174152,75.8076152,2018-10-10T17:16:09Z
26.9174152,75.8076152,2018-10-10T17:16:19Z
26.9174151,75.8076156,2018-10-10T17:16:30Z
26.9174151,75.8076156,2018-10-10T17:16:40Z
26.9174151,75.8076156,2018-10-10T17:16:50Z
26.9174151,75.8076156,2018-10-10T17:17:01Z
26.9174151,75.8076156,2018-10-10T17:17:11Z
26.9174151,75.8076156,2018-10-10T17:17:22Z
26.9174151,75.8076156,2018-10-10T17:17:33Z
26.9174151,75.8076156,2018-10-10T17:17:44Z
26.9174151,75.8076156,2018-10-10T17:17:54Z
26.9174151,75.8076156,2018-10-10T17:18:04Z
26.9174151,75.8076156,2018-10-10T17:18:14Z
26.9174151,75.8076156,2018-10-10T17:18:25Z
26.9174151,75.8076156,2018-10-10T17:18:35Z
26.9174151,75.8076156,2018-10-10T17:18:46Z
26.9174151,75.8076156,2018-10-10T17:18:56Z
26.9174151,75.8076156,2018-10-10T17:19:06Z
26.9174151,75.8076156,2018-10-10T17:19:16Z
26.9174151,75.8076156,2018-10-10T17:19:27Z
26.9174151,75.8076156,2018-10-10T17:19:38Z
26.9174151,75.8076156,2018-10-10T17:19:48Z
26.9174151,75.8076156,2018-10-10T17:19:59Z
26.9174151,75.8076156,2018-10-10T17:20:10Z
26.9174151,75.8076156,2018-10-10T17:20:20Z
26.9174151,75.8076156,2018-10-10T17:20:31Z
26.9174151,75.8076156,2018-10-10T17:20:41Z
26.9174151,75.8076156,2018-10-10T17:20:52Z
26.9174151,75.8076156,2018-10-10T17:21:03Z
26.9174151,75.8076156,2018-10-10T17:21:14Z
26.9174151,75.8076156,2018-10-10T17:21:25Z
26.9174151,75.8076156,2018-10-10T17:21:35Z
26.9174151,75.8076156,2018-10-10T17:21:45Z
26.9174151,75.8076156,2018-10-10T17:21:55Z
26.9174151,75.8076156,2018-10-10T17:22:06Z
26.9174151,75.8076156,2018-10-10T17:22:17Z
26.9174151,75.8076156,2018-10-10T17:22:28Z
26.9174151,75.8076156,2018-10-10T17:22:38Z
26.9174151,75.8076156,2018-10-10T17:22:48Z
26.9174151,75.8076156,2018-10-10T17:22:59Z
26.9174151,75.8076156,2018-10-10T17:23:10Z
26.9174151,75.8076156,2018-10-10T17:23:21Z
26.9174151,75.8076156,2018-10-10T17:23:32Z
26.9174151,75.8076156,2018-10-10T17:23:43Z
26.9174151,75.8076156,2018-10-10T17:23:53Z
26.9174151,75.8076156,2018-10-10T17:24:03Z
26.9174151,75.8076156,2018-10-10T17:24:13Z
26.9174151,75.8076156,2018-10-10T17:24:24Z
26.9174151,75.8076156,2018-10-10T17:24:35Z
26.9174151,75.8076156,2018-10-10T17:24:45Z
26.9174151,75.8076156,2018-10-10T17:24:56Z
26.9174156,75.8076162,2018-10-10T17:25:06Z
26.9174156,75.8076162,2018-10-10T17:25:17Z
26.9174156,75.8076162,2018-10-10T17:25:28Z
26.9174156,75.8076162,2018-10-10T17:25:39Z
26.9174156,75.8076162,2018-10-10T17:25:49Z
26.9174156,75.8076162,2018-10-10T17:25:59Z
26.9174156,75.8076162,2018-10-10T17:26:09Z
26.9174156,75.8076162,2018-10-10T17:26:20Z
26.9174156,75.8076162,2018-10-10T17:26:31Z
26.9174016,75.8075958,2018-10-10T17:26:41Z
26.9174016,75.8075958,2018-10-10T17:26:52Z
26.9174016,75.8075958,2018-10-10T17:27:03Z
26.9174016,75.8075958,2018-10-10T17:27:13Z
26.9174016,75.8075958,2018-10-10T17:27:24Z
26.9173809,75.8075737,2018-10-10T17:27:34Z
26.9173670,75.8075494,2018-10-10T17:27:45Z
26.9173462,75.8075202,2018-10-10T17:27:56Z
26.9173411,75.8075165,2018-10-10T17:28:07Z
26.9173411,75.8075165,2018-10-10T17:28:17Z
26.9173411,75.8075165,2018-10-10T17:28:27Z
26.9173400,75.8075139,2018-10-10T17:28:38Z
26.9173403,75.8075139,2018-10-10T17:28:48Z
26.9173403,75.8075139,2018-10-10T17:28:59Z
26.9173403,75.8075139,2018-10-10T17:29:10Z
26.9173435,75.8075098,2018-10-10T17:29:20Z
26.9173437,75.8075095,2018-10-10T17:29:31Z
26.9173437,75.8075095,2018-10-10T17:29:41Z
26.9173437,75.8075095,2018-10-10T17:29:52Z
26.9173437,75.8075095,2018-10-10T17:30:03Z
26.9173437,75.8075095,2018-10-10T17:30:13Z
26.9173437,75.8075095,2018-10-10T17:30:24Z
26.9173437,75.8075095,2018-10-10T17:30:35Z
26.9173634,75.8075206,2018-10-10T17:30:46Z
26.9173634,75.8075206,2018-10-10T17:30:57Z
26.9173634,75.8075206,2018-10-10T17:31:07Z
26.9173634,75.8075206,2018-10-10T17:31:17Z
26.9173634,75.8075206,2018-10-10T17:31:27Z
26.9173634,75.8075206,2018-10-10T17:31:37Z
26.9173634,75.8075206,2018-10-10T17:31:47Z
26.9173634,75.8075206,2018-10-10T17:31:58Z
26.9173634,75.8075206,2018-10-10T17:32:09Z
26.9173634,75.8075206,2018-10-10T17:32:20Z
26.9173634,75.8075206,2018-10-10T17:32:31Z
26.9173634,75.8075206,2018-10-10T17:32:41Z
26.9173634,75.8075206,2018-10-10T17:32:52Z
26.9173967,75.8075572,2018-10-10T17:33:03Z
26.9173967,75.8075572,2018-10-10T17:33:13Z
26.9173967,75.8075572,2018-10-10T17:33:23Z
26.9173967,75.8075572,2018-10-10T17:33:34Z
26.9173967,75.8075572,2018-10-10T17:33:44Z
26.9173967,75.8075572,2018-10-10T17:33:55Z
26.9173967,75.8075572,2018-10-10T17:34:05Z
26.9173967,75.8075572,2018-10-10T17:34:16Z
26.9173967,75.8075572,2018-10-10T17:34:26Z
26.9173967,75.8075572,2018-10-10T17:34:37Z
26.9173967,75.8075572,2018-10-10T17:34:47Z
26.9174021,75.8075944,2018-10-10T17:34:58Z
26.9174037,75.8075950,2018-10-10T17:35:08Z
26.9174135,75.8076263,2018-10-10T17:35:19Z
26.9174135,75.8076263,2018-10-10T17:35:30Z
26.9174491,75.8076354,2018-10-10T17:35:40Z
26.9174490,75.8076352,2018-10-10T17:35:50Z
26.9174838,75.8076330,2018-10-10T17:36:01Z
26.9174843,75.8076377,2018-10-10T17:36:11Z
26.9174843,75.8076377,2018-10-10T17:36:22Z
26.9174843,75.8076377,2018-10-10T17:36:33Z
26.9174843,75.8076377,2018-10-10T17:36:43Z
26.9174843,75.8076377,2018-10-10T17:36:53Z
26.9174843,75.8076377,2018-10-10T17:37:04Z
26.9174843,75.8076377,2018-10-10T17:37:14Z
26.9174805,75.8076373,2018-10-10T17:37:25Z
26.9174788,75.8076373,2018-10-10T17:37:36Z
26.9174788,75.8076373,2018-10-10T17:37:47Z
26.9174788,75.8076373,2018-10-10T17:37:58Z
26.9174788,75.8076373,2018-10-10T17:38:09Z
26.9174788,75.8076373,2018-10-10T17:38:19Z
26.9174788,75.8076373,2018-10-10T17:38:29Z
26.9174788,75.8076373,2018-10-10T17:38:40Z
26.9174788,75.8076373,2018-10-10T17:38:50Z
26.9174788,75.8076373,2018-10-10T17:39:00Z
26.9174788,75.8076373,2018-10-10T17:39:11Z
26.9174788,75.8076373,2018-10-10T17:39:22Z
26.9174788,75.8076373,2018-10-10T17:39:32Z
26.9174788,75.8076373,2018-10-10T17:39:42Z
26.9174788,75.8076373,2018-10-10T17:39:52Z
26.9174788,75.8076373,2018-10-10T17:40:02Z
26.9174808,75.8076352,2018-10-10T17:40:13Z
26.9174809,75.8076351,2018-10-10T17:40:23Z
26.9174809,75.8076351,2018-10-10T17:40:34Z
26.9174809,75.8076351,2018-10-10T17:40:45Z
26.9174852,75.8076337,2018-10-10T17:40:55Z
26.9174852,75.8076337,2018-10-10T17:41:05Z
26.9174852,75.8076337,2018-10-10T17:41:16Z
26.9174852,75.8076337,2018-10-10T17:41:27Z
26.9174877,75.8076329,2018-10-10T17:41:38Z
26.9174877,75.8076329,2018-10-10T17:41:48Z
26.9174877,75.8076329,2018-10-10T17:41:59Z
26.9174877,75.8076329,2018-10-10T17:42:09Z
26.9174877,75.8076329,2018-10-10T17:42:20Z
26.9174877,75.8076329,2018-10-10T17:42:30Z
26.9174890,75.8076302,2018-10-10T17:42:41Z
26.9174887,75.8076301,2018-10-10T17:42:51Z
26.9174874,75.8076281,2018-10-10T17:43:02Z
26.9174860,75.8076280,2018-10-10T17:43:12Z
26.9174846,75.8076290,2018-10-10T17:43:23Z
26.9174846,75.8076290,2018-10-10T17:43:33Z
26.9174846,75.8076290,2018-10-10T17:43:43Z
26.9174846,75.8076290,2018-10-10T17:43:54Z
26.9174846,75.8076290,2018-10-10T17:44:04Z
26.9174846,75.8076290,2018-10-10T17:44:15Z
26.9174846,75.8076290,2018-10-10T17:44:26Z
26.9174846,75.8076290,2018-10-10T17:44:37Z
26.9174846,75.8076290,2018-10-10T17:44:47Z
26.9174846,75.8076290,2018-10-10T17:44:58Z
26.9174846,75.8076290,2018-10-10T17:45:09Z
26.9174846,75.8076290,2018-10-10T17:45:20Z
26.9174846,75.8076290,2018-10-10T17:45:31Z
26.9174846,75.8076290,2018-10-10T17:45:41Z
26.9174846,75.8076290,2018-10-10T17:45:52Z
26.9174846,75.8076290,2018-10-10T17:46:02Z
26.9174846,75.8076290,2018-10-10T17:46:12Z
26.9174846,75.8076290,2018-10-10T17:46:22Z
26.9174846,75.8076290,2018-10-10T17:46:32Z
26.9174846,75.8076290,2018-10-10T17:46:43Z
26.9174846,75.8076290,2018-10-10T17:46:54Z
26.9174846,75.8076290,2018-10-10T17:47:04Z
26.9174826,75.8076294,2018-10-10T17:47:15Z
26.9174826,75.8076294,2018-10-10T17:47:25Z
26.9174826,75.8076294,2018-10-10T17:47:35Z
26.9174826,75.8076294,2018-10-10T17:47:46Z
26.9174826,75.8076294,2018-10-10T17:47:56Z
26.9174826,75.8076294,2018-10-10T17:48:06Z
26.9174826,75.8076294,2018-10-10T17:48:16Z
26.9174826,75.8076294,2018-10-10T17:48:26Z
26.9174826,75.8076294,2018-10-10T17:48:37Z
26.9174826,75.8076294,2018-10-10T17:48:48Z
26.9174826,75.8076294,2018-10-10T17:48:59Z
26.9174826,75.8076294,2018-10-10T17:49:09Z
26.9174826,75.8076294,2018-10-10T17:49:19Z
26.9174826,75.8076294,2018-10-10T17:49:30Z
26.9174826,75.8076294,2018-10-10T17:49:40Z
26.9174826,75.8076294,2018-10-10T17:49:51Z
26.9174826,75.8076294,2018-10-10T17:50:01Z
26.9174826,75.8076294,2018-10-10T17:50:11Z
26.9174826,75.8076294,2018-10-10T17:50:22Z
26.9174826,75.8076294,2018-10-10T17:50:33Z
26.9174826,75.8076294,2018-10-10T17:50:43Z
26.9174826,75.8076294,2018-10-10T17:50:54Z
26.9174826,75.8076294,2018-10-10T17:51:04Z
26.9174826,75.8076294,2018-10-10T17:51:14Z
26.9174826,75.8076294,2018-10-10T17:51:24Z
26.9174826,75.8076294,2018-10-10T17:51:34Z
26.9174726,75.8076292,2018-10-10T17:51:44Z
26.9174721,75.8076278,2018-10-10T17:51:55Z
26.9174721,75.8076278,2018-10-10T17:52:06Z
26.9174721,75.8076278,2018-10-10T17:52:16Z
26.9174721,75.8076278,2018-10-10T17:52:27Z
26.9174721,75.8076278,2018-10-10T17:52:38Z
26.9174721,75.8076278,2018-10-10T17:52:49Z
26.9174721,75.8076278,2018-10-10T17:52:59Z
26.9174721,75.8076278,2018-10-10T17:53:10Z
26.9174721,75.8076278,2018-10-10T17:53:21Z
26.9174721,75.8076278,2018-10-10T17:53:32Z
26.9174721,75.8076278,2018-10-10T17:53:43Z
26.9174721,75.8076278,2018-10-10T17:53:53Z
26.9174721,75.8076278,2018-10-10T17:54:04Z
26.9174721,75.8076278,2018-10-10T17:54:14Z
26.9174721,75.8076278,2018-10-10T17:54:25Z
26.9174721,75.8076278,2018-10-10T17:54:35Z
26.9174721,75.8076278,2018-10-10T17:54:46Z
26.9174721,75.8076278,2018-10-10T17:54:56Z
26.9174721,75.8076278,2018-10-10T17:55:06Z
26.9174721,75.8076278,2018-10-10T17:55:17Z
26.9174721,75.8076278,2018-10-10T17:55:27Z
26.9174721,75.8076278,2018-10-10T17:55:38Z
26.9174721,75.8076278,2018-10-10T17:55:49Z
26.9174721,75.8076278,2018-10-10T17:56:00Z
26.9174721,75.8076278,2018-10-10T17:56:10Z
26.9174721,75.8076278,2018-10-10T17:56:20Z
26.9174721,75.8076278,2018-10-10T17:56:31Z
26.9174721,75.8076278,2018-10-10T17:56:42Z
26.9174638,75.8076232,2018-10-10T17:56:53Z
26.9174624,75.8076233,2018-10-10T17:57:04Z
26.9174611,75.8076233,2018-10-10T17:57:15Z
26.9174609,75.8076233,2018-10-10T17:57:26Z
26.9174609,75.8076233,2018-10-10T17:57:37Z
26.9174609,75.8076233,2018-10-10T17:57:48Z
26.9174609,75.8076233,2018-10-10T17:57:58Z
26.9174483,75.8076236,2018-10-10T17:58:08Z
26.9174483,75.8076236,2018-10-10T17:58:19Z
26.9174483,75.8076236,2018-10-10T17:58:29Z
26.9174483,75.8076236,2018-10-10T17:58:39Z
26.9174483,75.8076236,2018-10-10T17:58:50Z
26.9174483,75.8076236,2018-10-10T17:59:01Z
26.9174483,75.8076236,2018-10-10T17:59:12Z
26.9174483,75.8076236,2018-10-10T17:59:23Z
26.9174483,75.8076236,2018-10-10T17:59:33Z
26.9174483,75.8076236,2018-10-10T17:59:43Z
26.9174483,75.8076236,2018-10-10T17:59:54Z
26.9174483,75.8076236,2018-10-10T18:00:05Z
26.9174483,75.8076236,2018-10-10T18:00:16Z
26.9174483,75.8076236,2018-10-10T18:00:26Z
26.9174483,75.8076236,2018-10-10T18:00:36Z
26.9174483,75.8076236,2018-10-10T18:00:46Z
26.9174483,75.8076236,2018-10-10T18:00:57Z
26.9174483,75.8076236,2018-10-10T18:01:08Z
26.9174483,75.8076236,2018-10-10T18:01:18Z
26.9174483,75.8076236,2018-10-10T18:01:28Z
26.9174483,75.8076236,2018-10-10T18:01:38Z
26.9174483,75.8076236,2018-10-10T18:01:49Z
26.9174483,75.8076236,2018-10-10T18:02:00Z
26.9174483,75.8076236,2018-10-10T18:02:10Z
26.9174483,75.8076236,2018-10-10T18:02:21Z
26.9174483,75.8076236,2018-10-10T18:02:32Z
26.9174483,75.8076236,2018-10-10T18:02:42Z
26.9174483,75.8076236,2018-10-10T18:02:52Z
26.9174483,75.8076236,2018-10-10T18:03:02Z
26.9174483,75.8076236,2018-10-10T18:03:13Z
26.9174490,75.8076237,2018-10-10T18:03:23Z
26.9174490,75.8076237,2018-10-10T18:03:34Z
26.9174490,75.8076237,2018-10-10T18:03:45Z
26.9174490,75.8076237,2018-10-10T18:03:56Z
26.9174490,75.8076237,2018-10-10T18:04:06Z
26.9174490,75.8076237,2018-10-10T18:04:17Z
26.9174490,75.8076237,2018-10-10T18:04:27Z
26.9174490,75.8076237,2018-10-10T18:04:37Z
26.9174490,75.8076237,2018-10-10T18:04:48Z
26.9174490,75.8076237,2018-10-10T18:04:59Z
26.9174490,75.8076237,2018-10-10T18:05:10Z
26.9174490,75.8076237,2018-10-10T18:05:20Z
26.9174490,75.8076237,2018-10-10T18:05:31Z
26.9174490,75.8076237,2018-10-10T18:05:42Z
26.9174490,75.8076237,2018-10-10T18:05:52Z
26.9174490,75.8076237,2018-10-10T18:06:03Z
26.9174490,75.8076237,2018-10-10T18:06:14Z
26.9174490,75.8076237,2018-10-10T18:06:24Z
26.9174490,75.8076237,2018-10-10T18:06:35Z
26.9174490,75.8076237,2018-10-10T18:06:45Z
26.9174490,75.8076237,2018-10-10T18:06:55Z
26.9174490,75.8076237,2018-10-10T18:07:06Z
26.9174490,75.8076237,2018-10-10T18:07:17Z
26.9174490,75.8076237,2018-10-10T18:07:28Z
26.9174490,75.8076237,2018-10-10T18:07:39Z
26.9174490,75.8076237,2018-10-10T18:07:50Z
26.9174490,75.8076237,2018-10-10T18:08:00Z
26.9174490,75.8076237,2018-10-10T18:08:11Z
26.9174490,75.8076237,2018-10-10T18:08:22Z
26.9174490,75.8076237,2018-10-10T18:08:33Z
26.9174490,75.8076237,2018-10-10T18:08:43Z
26.9174490,75.8076237,2018-10-10T18:08:53Z
26.9174490,75.8076237,2018-10-10T18:09:04Z
26.9174490,75.8076237,2018-10-10T18:09:15Z
26.9174490,75.8076237,2018-10-10T18:09:25Z
26.9174490,75.8076237,2018-10-10T18:09:36Z
26.9174490,75.8076237,2018-10-10T18:09:47Z
26.9174490,75.8076237,2018-10-10T18:09:58Z
26.9174490,75.8076237,2018-10-10T18:10:08Z
26.9174490,75.8076237,2018-10-10T18:10:18Z
26.9174490,75.8076237,2018-10-10T18:10:28Z
26.9174490,75.8076237,2018-10-10T18:10:38Z
26.9174490,75.8076237,2018-10-10T18:10:49Z
26.9174490,75.8076237,2018-10-10T18:10:59Z
26.9174490,75.8076237,2018-10-10T18:11:09Z
26.9174490,75.8076237,2018-10-10T18:11:20Z
26.9174490,75.8076237,2018-10-10T18:11:31Z
26.9174490,75.8076237,2018-10-10T18:11:42Z
26.9174490,75.8076237,2018-10-10T18:11:52Z
26.9174490,75.8076237,2018-10-10T18:12:03Z
26.9174490,75.8076237,2018-10-10T18:12:14Z
26.9174490,75.8076237,2018-10-10T18:12:25Z
26.9174490,75.8076237,2018-10-10T18:12:36Z
26.9174490,75.8076237,2018-10-10T18:12:46Z
26.9174490,75.8076237,2018-10-10T18:12:57Z
26.9174490,75.8076237,2018-10-10T18:13:08Z
26.9174490,75.8076237,2018-10-10T18:13:18Z
26.9174490,75.8076237,2018-10-10T18:13:29Z
26.9174490,75.8076237,2018-10-10T18:13:40Z
26.9174490,75.8076237,2018-10-10T18:13:50Z
26.9174490,75.8076237,2018-10-10T18:14:00Z
26.9174490,75.8076237,2018-10-10T18:14:11Z
26.9174490,75.8076237,2018-10-10T18:14:21Z
26.9174490,75.8076237,2018-10-10T18:14:31Z
26.9174490,75.8076237,2018-10-10T18:14:42Z
26.9174490,75.8076237,2018-10-10T18:14:53Z
26.9174490,75.8076237,2018-10-10T18:15:04Z
26.9174490,75.8076237,2018-10-10T18:15:14Z
26.9174490,75.8076237,2018-10-10T18:15:25Z
26.9174490,75.8076237,2018-10-10T18:15:36Z
26.9174490,75.8076237,2018-10-10T18:15:47Z
26.9174490,75.8076237,2018-10-10T18:15:57Z
26.9174490,75.8076237,2018-10-10T18:16:08Z
26.9174490,75.8076237,2018-10-10T18:16:18Z
26.9174490,75.8076237,2018-10-10T18:16:28Z
26.9174490,75.8076237,2018-10-10T18:16:39Z
26.9174490,75.8076237,2018-10-10T18:16:50Z
26.9174490,75.8076237,2018-10-10T18:17:01Z
26.9174490,75.8076237,2018-10-10T18:17:12Z
26.9174490,75.8076237,2018-10-10T18:17:22Z
26.9174490,75.8076237,2018-10-10T18:17:33Z
26.9174490,75.8076237,2018-10-10T18:17:43Z
26.9174490,75.8076237,2018-10-10T18:17:54Z
26.9174490,75.8076237,2018-10-10T18:18:04Z
26.9174490,75.8076237,2018-10-10T18:18:15Z
26.9174490,75.8076237,2018-10-10T18:18:25Z
26.9174490,75.8076237,2018-10-10T18:18:36Z
26.9174490,75.8076237,2018-10-10T18:18:46Z
26.9174490,75.8076237,2018-10-10T18:18:57Z
26.9174490,75.8076237,2018-10-10T18:19:07Z
26.9174490,75.8076237,2018-10-10T18:19:18Z
26.9174490,75.8076237,2018-10-10T18:19:28Z
26.9174490,75.8076237,2018-10-10T18:19:39Z
26.9174490,75.8076237,2018-10-10T18:19:50Z
26.9174490,75.8076237,2018-10-10T18:20:01Z
26.9174490,75.8076237,2018-10-10T18:20:11Z
26.9174490,75.8076237,2018-10-10T18:20:22Z
26.9174490,75.8076237,2018-10-10T18:20:32Z
26.9174490,75.8076237,2018-10-10T18:20:43Z
26.9174490,75.8076237,2018-10-10T18:20:54Z
26.9174490,75.8076237,2018-10-10T18:21:05Z
26.9174490,75.8076237,2018-10-10T18:21:15Z
26.9174490,75.8076237,2018-10-10T18:21:26Z
26.9174490,75.8076237,2018-10-10T18:21:37Z
26.9174490,75.8076237,2018-10-10T18:21:47Z
26.9174490,75.8076237,2018-10-10T18:21:58Z
26.9174490,75.8076237,2018-10-10T18:22:09Z
26.9174490,75.8076237,2018-10-10T18:22:19Z
26.9174490,75.8076237,2018-10-10T18:22:30Z
26.9174490,75.8076237,2018-10-10T18:22:41Z
26.9174490,75.8076237,2018-10-10T18:22:51Z
26.9174490,75.8076237,2018-10-10T18:23:02Z
26.9174490,75.8076237,2018-10-10T18:23:12Z
26.9174490,75.8076237,2018-10-10T18:23:23Z
26.9174490,75.8076237,2018-10-10T18:23:34Z
26.9174490,75.8076237,2018-10-10T18:23:44Z
26.9174490,75.8076237,2018-10-10T18:23:54Z
26.9174490,75.8076237,2018-10-10T18:24:05Z
26.9174490,75.8076237,2018-10-10T18:24:15Z
26.9174490,75.8076237,2018-10-10T18:24:26Z
26.9174490,75.8076237,2018-10-10T18:24:36Z
26.9174490,75.8076237,2018-10-10T18:24:47Z
26.9174490,75.8076237,2018-10-10T18:24:57Z
26.9174490,75.8076237,2018-10-10T18:25:08Z
26.9174490,75.8076237,2018-10-10T18:25:18Z
26.9174490,75.8076237,2018-10-10T18:25:29Z
26.9174490,75.8076237,2018-10-10T18:25:40Z
26.9174490,75.8076237,2018-10-10T18:25:50Z
26.9174490,75.8076237,2018-10-10T18:26:00Z
26.9174490,75.8076237,2018-10-10T18:26:11Z
26.9174490,75.8076237,2018-10-10T18:26:22Z
26.9174490,75.8076237,2018-10-10T18:26:33Z
26.9174490,75.8076237,2018-10-10T18:26:43Z
26.9174490,75.8076237,2018-10-10T18:26:54Z
26.9174490,75.8076237,2018-10-10T18:27:05Z
26.9174490,75.8076237,2018-10-10T18:27:15Z
26.9174490,75.8076237,2018-10-10T18:27:26Z
26.9174490,75.8076237,2018-10-10T18:27:37Z
26.9174490,75.8076237,2018-10-10T18:27:47Z
26.9174490,75.8076237,2018-10-10T18:27:57Z
26.9174490,75.8076237,2018-10-10T18:28:08Z
26.9174490,75.8076237,2018-10-10T18:28:19Z
26.9174490,75.8076237,2018-10-10T18:28:30Z
26.9174490,75.8076237,2018-10-10T18:28:41Z
26.9174490,75.8076237,2018-10-10T18:28:51Z
26.9174490,75.8076237,2018-10-10T18:29:02Z
26.9174490,75.8076237,2018-10-10T18:29:13Z
26.9174490,75.8076237,2018-10-10T18:29:23Z
26.9174490,75.8076237,2018-10-10T18:29:34Z
26.9174490,75.8076237,2018-10-10T18:29:45Z
26.9174490,75.8076237,2018-10-10T18:29:56Z
26.9174490,75.8076237,2018-10-10T18:30:06Z
26.9174490,75.8076237,2018-10-10T18:30:16Z
26.9174490,75.8076237,2018-10-10T18:30:27Z
26.9174490,75.8076237,2018-10-10T18:30:37Z
26.9174490,75.8076237,2018-10-10T18:30:48Z
26.9174490,75.8076237,2018-10-10T18:30:59Z
26.9174490,75.8076237,2018-10-10T18:31:10Z
26.9174490,75.8076237,2018-10-10T18:31:20Z
26.9174490,75.8076237,2018-10-10T18:31:30Z
26.9174490,75.8076237,2018-10-10T18:31:40Z
26.9174490,75.8076237,2018-10-10T18:31:51Z
26.9174490,75.8076237,2018-10-10T18:32:02Z
26.9174490,75.8076237,2018-10-10T18:32:13Z
26.9174490,75.8076237,2018-10-10T18:32:24Z
26.9174490,75.8076237,2018-10-10T18:32:35Z
26.9174490,75.8076237,2018-10-10T18:32:46Z
26.9174490,75.8076237,2018-10-10T18:32:57Z
26.9174490,75.8076237,2018-10-10T18:33:08Z
26.9174490,75.8076237,2018-10-10T18:33:18Z
26.9174490,75.8076237,2018-10-10T18:33:29Z
26.9174482,75.8076218,2018-10-10T18:33:39Z
26.9174482,75.8076218,2018-10-10T18:33:49Z
26.9174482,75.8076218,2018-10-10T18:34:00Z
26.9174482,75.8076218,2018-10-10T18:34:11Z
26.9174482,75.8076218,2018-10-10T18:34:21Z
26.9174482,75.8076218,2018-10-10T18:34:32Z
26.9174482,75.8076218,2018-10-10T18:34:42Z
26.9174482,75.8076218,2018-10-10T18:34:52Z
26.9174482,75.8076218,2018-10-10T18:35:03Z
26.9174482,75.8076218,2018-10-10T18:35:14Z
26.9174482,75.8076218,2018-10-10T18:35:25Z
26.9174482,75.8076218,2018-10-10T18:35:36Z
26.9174480,75.8076238,2018-10-10T18:35:46Z
26.9174480,75.8076238,2018-10-10T18:35:56Z
26.9174480,75.8076238,2018-10-10T18:36:06Z
26.9174494,75.8076244,2018-10-10T18:36:16Z
26.9174496,75.8076244,2018-10-10T18:36:26Z
26.9174505,75.8076245,2018-10-10T18:36:37Z
26.9174509,75.8076248,2018-10-10T18:36:47Z
26.9174511,75.8076250,2018-10-10T18:36:58Z
26.9174511,75.8076250,2018-10-10T18:37:08Z
26.9174511,75.8076250,2018-10-10T18:37:19Z
26.9174511,75.8076250,2018-10-10T18:37:29Z
26.9174511,75.8076250,2018-10-10T18:37:40Z
26.9174511,75.8076250,2018-10-10T18:37:50Z
26.9174511,75.8076250,2018-10-10T18:38:01Z
26.9174511,75.8076250,2018-10-10T18:38:11Z
26.9174511,75.8076250,2018-10-10T18:38:22Z
26.9174511,75.8076250,2018-10-10T18:38:32Z
26.9174511,75.8076250,2018-10-10T18:38:43Z
26.9174490,75.8076282,2018-10-10T18:38:54Z
26.9174490,75.8076281,2018-10-10T18:39:05Z
26.9174490,75.8076281,2018-10-10T18:39:15Z
26.9174490,75.8076281,2018-10-10T18:39:26Z
26.9174483,75.8076281,2018-10-10T18:39:36Z
26.9174479,75.8076282,2018-10-10T18:39:46Z
26.9174479,75.8076282,2018-10-10T18:39:57Z
26.9174474,75.8076303,2018-10-10T18:40:07Z
26.9174474,75.8076309,2018-10-10T18:40:17Z
26.9174472,75.8076322,2018-10-10T18:40:28Z
26.9174469,75.8076331,2018-10-10T18:40:39Z
26.9174456,75.8076340,2018-10-10T18:40:49Z
26.9174446,75.8076357,2018-10-10T18:40:59Z
26.9174451,75.8076371,2018-10-10T18:41:10Z
26.9174451,75.8076372,2018-10-10T18:41:20Z
26.9174453,75.8076385,2018-10-10T18:41:30Z
26.9174453,75.8076385,2018-10-10T18:41:41Z
26.9174453,75.8076385,2018-10-10T18:41:52Z
26.9174453,75.8076385,2018-10-10T18:42:03Z
26.9174453,75.8076385,2018-10-10T18:42:14Z
26.9174453,75.8076385,2018-10-10T18:42:25Z
26.9174453,75.8076385,2018-10-10T18:42:36Z
26.9174465,75.8076390,2018-10-10T18:42:46Z
26.9174465,75.8076390,2018-10-10T18:42:56Z
26.9174472,75.8076384,2018-10-10T18:43:07Z
26.9174472,75.8076384,2018-10-10T18:43:18Z
26.9174482,75.8076374,2018-10-10T18:43:29Z
26.9174488,75.8076371,2018-10-10T18:43:40Z
26.9174488,75.8076371,2018-10-10T18:43:51Z
26.9174488,75.8076371,2018-10-10T18:44:01Z
26.9174488,75.8076371,2018-10-10T18:44:11Z
26.9174488,75.8076371,2018-10-10T18:44:21Z
26.9174488,75.8076371,2018-10-10T18:44:31Z
26.9174488,75.8076371,2018-10-10T18:44:42Z
26.9174488,75.8076371,2018-10-10T18:44:53Z
26.9174488,75.8076371,2018-10-10T18:45:03Z
26.9174488,75.8076371,2018-10-10T18:45:14Z
26.9174488,75.8076371,2018-10-10T18:45:24Z
26.9174488,75.8076371,2018-10-10T18:45:34Z
26.9174488,75.8076371,2018-10-10T18:45:45Z
26.9174488,75.8076371,2018-10-10T18:45:55Z
26.9174488,75.8076371,2018-10-10T18:46:06Z
26.9174488,75.8076371,2018-10-10T18:46:17Z
26.9174488,75.8076371,2018-10-10T18:46:28Z
26.9174488,75.8076371,2018-10-10T18:46:38Z
26.9174488,75.8076371,2018-10-10T18:46:49Z
26.9174488,75.8076371,2018-10-10T18:46:59Z
26.9174488,75.8076371,2018-10-10T18:47:10Z
26.9174488,75.8076371,2018-10-10T18:47:21Z
26.9174488,75.8076371,2018-10-10T18:47:32Z
26.9174488,75.8076371,2018-10-10T18:47:42Z
26.9174488,75.8076371,2018-10-10T18:47:53Z
26.9174488,75.8076371,2018-10-10T18:48:03Z
26.9174488,75.8076371,2018-10-10T18:48:14Z
26.9174488,75.8076371,2018-10-10T18:48:25Z
26.9174488,75.8076371,2018-10-10T18:48:36Z
26.9174488,75.8076371,2018-10-10T18:48:46Z
26.9174488,75.8076371,2018-10-10T18:48:56Z
26.9174488,75.8076371,2018-10-10T18:49:06Z
26.9174488,75.8076371,2018-10-10T18:49:17Z
26.9174488,75.8076371,2018-10-10T18:49:28Z
26.9174488,75.8076371,2018-10-10T18:49:38Z
26.9174488,75.8076371,2018-10-10T18:49:49Z
26.9174488,75.8076371,2018-10-10T18:50:00Z
26.9174488,75.8076371,2018-10-10T18:50:10Z
26.9174488,75.8076371,2018-10-10T18:50:20Z
26.9174488,75.8076371,2018-10-10T18:50:31Z
26.9174488,75.8076371,2018-10-10T18:50:41Z
26.9174488,75.8076371,2018-10-10T18:50:52Z
26.9174488,75.8076371,2018-10-10T18:51:02Z
26.9174488,75.8076371,2018-10-10T18:51:12Z
26.9174488,75.8076371,2018-10-10T18:51:22Z
26.9174619,75.8076288,2018-10-10T18:51:33Z
26.9174619,75.8076288,2018-10-10T18:51:44Z
26.9174619,75.8076288,2018-10-10T18:51:54Z
26.9174619,75.8076288,2018-10-10T18:52:04Z
26.9174619,75.8076288,2018-10-10T18:52:15Z
26.9174619,75.8076288,2018-10-10T18:52:25Z
26.9174619,75.8076288,2018-10-10T18:52:36Z
26.9174619,75.8076288,2018-10-10T18:52:47Z
26.9174619,75.8076288,2018-10-10T18:52:57Z
26.9174619,75.8076288,2018-10-10T18:53:08Z
26.9174586,75.8076358,2018-10-10T18:53:18Z
26.9174583,75.8076361,2018-10-10T18:53:28Z
26.9174583,75.8076358,2018-10-10T18:53:39Z
26.9174583,75.8076358,2018-10-10T18:53:50Z
26.9174583,75.8076358,2018-10-10T18:54:00Z
26.9174592,75.8076356,2018-10-10T18:54:11Z
26.9174592,75.8076356,2018-10-10T18:54:21Z
26.9174652,75.8076295,2018-10-10T18:54:32Z
26.9174652,75.8076295,2018-10-10T18:54:43Z
26.9174652,75.8076295,2018-10-10T18:54:53Z
26.9174652,75.8076295,2018-10-10T18:55:04Z
26.9174652,75.8076295,2018-10-10T18:55:14Z
26.9174652,75.8076295,2018-10-10T18:55:25Z
26.9174652,75.8076295,2018-10-10T18:55:35Z
26.9174652,75.8076295,2018-10-10T18:55:45Z
26.9174652,75.8076295,2018-10-10T18:55:55Z
26.9174652,75.8076295,2018-10-10T18:56:05Z
26.9174652,75.8076295,2018-10-10T18:56:16Z
26.9174652,75.8076295,2018-10-10T18:56:27Z
26.9174652,75.8076295,2018-10-10T18:56:38Z
26.9174652,75.8076295,2018-10-10T18:56:49Z
26.9174652,75.8076295,2018-10-10T18:56:59Z
26.9174652,75.8076295,2018-10-10T18:57:10Z
26.9174652,75.8076295,2018-10-10T18:57:20Z
26.9174652,75.8076295,2018-10-10T18:57:30Z
26.9174652,75.8076295,2018-10-10T18:57:40Z
26.9174652,75.8076295,2018-10-10T18:57:51Z
26.9174652,75.8076295,2018-10-10T18:58:01Z
26.9174652,75.8076295,2018-10-10T18:58:11Z
26.9174652,75.8076295,2018-10-10T18:58:22Z
26.9174652,75.8076295,2018-10-10T18:58:32Z
26.9174652,75.8076295,2018-10-10T18:58:43Z
26.9174652,75.8076295,2018-10-10T18:58:54Z
26.9174652,75.8076295,2018-10-10T18:59:04Z
26.9174652,75.8076295,2018-10-10T18:59:15Z
26.9174652,75.8076295,2018-10-10T18:59:26Z
26.9174652,75.8076295,2018-10-10T18:59:37Z
26.9174652,75.8076295,2018-10-10T18:59:48Z
26.9174652,75.8076295,2018-10-10T18:59:58Z
26.9174652,75.8076295,2018-10-10T19:00:09Z
26.9174652,75.8076295,2018-10-10T19:00:19Z
26.9174652,75.8076295,2018-10-10T19:00:30Z
26.9174652,75.8076295,2018-10-10T19:00:41Z
26.9174652,75.8076295,2018-10-10T19:00:51Z
26.9174652,75.8076295,2018-10-10T19:01:01Z
26.9174652,75.8076295,2018-10-10T19:01:11Z
26.9174652,75.8076295,2018-10-10T19:01:22Z
26.9174652,75.8076295,2018-10-10T19:01:32Z
26.9174652,75.8076295,2018-10-10T19:01:43Z
26.9174652,75.8076295,2018-10-10T19:01:54Z
26.9174652,75.8076295,2018-10-10T19:02:05Z
26.9174652,75.8076295,2018-10-10T19:02:15Z
26.9174652,75.8076295,2018-10-10T19:02:26Z
26.9174652,75.8076295,2018-10-10T19:02:37Z
26.9174652,75.8076295,2018-10-10T19:02:48Z
26.9174652,75.8076295,2018-10-10T19:02:59Z
26.9174652,75.8076295,2018-10-10T19:03:10Z
26.9174652,75.8076295,2018-10-10T19:03:20Z
26.9174652,75.8076295,2018-10-10T19:03:31Z
26.9174652,75.8076295,2018-10-10T19:03:42Z
26.9174652,75.8076295,2018-10-10T19:03:53Z
26.9174652,75.8076295,2018-10-10T19:04:04Z
26.9174652,75.8076295,2018-10-10T19:04:15Z
26.9174652,75.8076295,2018-10-10T19:04:26Z
26.9174652,75.8076295,2018-10-10T19:04:36Z
26.9174652,75.8076295,2018-10-10T19:04:47Z
26.9174652,75.8076295,2018-10-10T19:04:58Z
26.9174652,75.8076295,2018-10-10T19:05:08Z
26.9174652,75.8076295,2018-10-10T19:05:19Z
26.9174652,75.8076295,2018-10-10T19:05:30Z
26.9174652,75.8076295,2018-10-10T19:05:40Z
26.9174652,75.8076295,2018-10-10T19:05:51Z
26.9174652,75.8076295,2018-10-10T19:06:02Z
26.9174652,75.8076295,2018-10-10T19:06:13Z
26.9174652,75.8076295,2018-10-10T19:06:24Z
26.9174652,75.8076295,2018-10-10T19:06:35Z
26.9174652,75.8076295,2018-10-10T19:06:46Z
26.9174652,75.8076295,2018-10-10T19:06:56Z
26.9174652,75.8076295,2018-10-10T19:07:07Z
26.9174652,75.8076295,2018-10-10T19:07:17Z
26.9174652,75.8076295,2018-10-10T19:07:27Z
26.9174652,75.8076295,2018-10-10T19:07:38Z
26.9174652,75.8076295,2018-10-10T19:07:48Z
26.9174652,75.8076295,2018-10-10T19:07:59Z
26.9174652,75.8076295,2018-10-10T19:08:09Z
26.9174652,75.8076295,2018-10-10T19:08:20Z
26.9174652,75.8076295,2018-10-10T19:08:30Z
26.9174652,75.8076295,2018-10-10T19:08:40Z
26.9174652,75.8076295,2018-10-10T19:08:51Z
26.9174652,75.8076295,2018-10-10T19:09:02Z
26.9174652,75.8076295,2018-10-10T19:09:13Z
26.9174652,75.8076295,2018-10-10T19:09:23Z
26.9174652,75.8076295,2018-10-10T19:09:34Z
26.9174652,75.8076295,2018-10-10T19:09:44Z
26.9174652,75.8076295,2018-10-10T19:09:55Z
26.9174652,75.8076295,2018-10-10T19:10:05Z
26.9174652,75.8076295,2018-10-10T19:10:16Z
26.9174652,75.8076295,2018-10-10T19:10:27Z
26.9174652,75.8076295,2018-10-10T19:10:37Z
26.9174652,75.8076295,2018-10-10T19:10:48Z
26.9174652,75.8076295,2018-10-10T19:10:58Z
26.9174652,75.8076295,2018-10-10T19:11:09Z
26.9174652,75.8076295,2018-10-10T19:11:20Z
26.9174652,75.8076295,2018-10-10T19:11:30Z
26.9174620,75.8076316,2018-10-10T19:11:41Z
26.9174620,75.8076316,2018-10-10T19:11:51Z
26.9174620,75.8076316,2018-10-10T19:12:01Z
26.9174620,75.8076316,2018-10-10T19:12:11Z
26.9174609,75.8076320,2018-10-10T19:12:22Z
26.9174609,75.8076320,2018-10-10T19:12:32Z
26.9174609,75.8076320,2018-10-10T19:12:42Z
26.9174609,75.8076320,2018-10-10T19:12:52Z
26.9174609,75.8076320,2018-10-10T19:13:02Z
26.9174609,75.8076320,2018-10-10T19:13:13Z
26.9174609,75.8076320,2018-10-10T19:13:23Z
26.9174609,75.8076320,2018-10-10T19:13:34Z
26.9174609,75.8076320,2018-10-10T19:13:44Z
26.9174609,75.8076320,2018-10-10T19:13:55Z
26.9174609,75.8076320,2018-10-10T19:14:06Z
26.9174609,75.8076320,2018-10-10T19:14:17Z
26.9174609,75.8076320,2018-10-10T19:14:27Z
26.9174609,75.8076320,2018-10-10T19:14:38Z
26.9174609,75.8076320,2018-10-10T19:14:48Z
26.9174609,75.8076320,2018-10-10T19:14:59Z
26.9174609,75.8076320,2018-10-10T19:15:09Z
26.9174609,75.8076320,2018-10-10T19:15:20Z
26.9174609,75.8076320,2018-10-10T19:15:30Z
26.9174578,75.8076334,2018-10-10T19:15:40Z
26.9174578,75.8076334,2018-10-10T19:15:50Z
26.9174578,75.8076334,2018-10-10T19:16:01Z
26.9174578,75.8076334,2018-10-10T19:16:11Z
26.9174578,75.8076334,2018-10-10T19:16:22Z
26.9174578,75.8076334,2018-10-10T19:16:32Z
26.9174578,75.8076334,2018-10-10T19:16:43Z
26.9174578,75.8076334,2018-10-10T19:16:53Z
26.9174578,75.8076334,2018-10-10T19:17:03Z
26.9174578,75.8076334,2018-10-10T19:17:14Z
26.9174578,75.8076334,2018-10-10T19:17:24Z
26.9174578,75.8076334,2018-10-10T19:17:34Z
26.9174578,75.8076334,2018-10-10T19:17:44Z
26.9174578,75.8076334,2018-10-10T19:17:55Z
26.9174578,75.8076334,2018-10-10T19:18:05Z
26.9174578,75.8076334,2018-10-10T19:18:16Z
26.9174578,75.8076334,2018-10-10T19:18:27Z
26.9174578,75.8076334,2018-10-10T19:18:37Z
26.9174578,75.8076334,2018-10-10T19:18:47Z
26.9174578,75.8076334,2018-10-10T19:18:57Z
26.9174578,75.8076334,2018-10-10T19:19:07Z
26.9174578,75.8076334,2018-10-10T19:19:17Z
26.9174578,75.8076334,2018-10-10T19:19:28Z
26.9174578,75.8076334,2018-10-10T19:19:38Z
26.9174578,75.8076334,2018-10-10T19:19:48Z
26.9174578,75.8076334,2018-10-10T19:19:59Z
26.9174578,75.8076334,2018-10-10T19:20:10Z
26.9174578,75.8076334,2018-10-10T19:20:20Z
26.9174578,75.8076334,2018-10-10T19:20:30Z
26.9174578,75.8076334,2018-10-10T19:20:41Z
26.9174578,75.8076334,2018-10-10T19:20:52Z
26.9174578,75.8076334,2018-10-10T19:21:02Z
26.9174578,75.8076334,2018-10-10T19:21:12Z
26.9174578,75.8076334,2018-10-10T19:21:22Z
26.9174578,75.8076334,2018-10-10T19:21:32Z
26.9174578,75.8076334,2018-10-10T19:21:43Z
26.9174578,75.8076334,2018-10-10T19:21:53Z
26.9174578,75.8076334,2018-10-10T19:22:03Z
26.9174578,75.8076334,2018-10-10T19:22:14Z
26.9174578,75.8076334,2018-10-10T19:22:25Z
26.9174578,75.8076334,2018-10-10T19:22:36Z
26.9174578,75.8076334,2018-10-10T19:22:46Z
26.9174578,75.8076334,2018-10-10T19:22:57Z
26.9174578,75.8076334,2018-10-10T19:23:07Z
26.9174578,75.8076334,2018-10-10T19:23:18Z
26.9174578,75.8076334,2018-10-10T19:23:28Z
26.9174578,75.8076334,2018-10-10T19:23:38Z
26.9174578,75.8076334,2018-10-10T19:23:49Z
26.9174578,75.8076334,2018-10-10T19:23:59Z
26.9174578,75.8076334,2018-10-10T19:24:10Z
26.9174578,75.8076334,2018-10-10T19:24:21Z
26.9174578,75.8076334,2018-10-10T19:24:32Z
26.9174578,75.8076334,2018-10-10T19:24:42Z
26.9174578,75.8076334,2018-10-10T19:24:52Z
26.9174578,75.8076334,2018-10-10T19:25:03Z
26.9174578,75.8076334,2018-10-10T19:25:14Z
26.9174578,75.8076334,2018-10-10T19:25:24Z
26.9174578,75.8076334,2018-10-10T19:25:34Z
26.9174578,75.8076334,2018-10-10T19:25:45Z
26.9174578,75.8076334,2018-10-10T19:25:56Z
26.9174578,75.8076334,2018-10-10T19:26:07Z
26.9174578,75.8076334,2018-10-10T19:26:18Z
26.9174578,75.8076334,2018-10-10T19:26:28Z
26.9174578,75.8076334,2018-10-10T19:26:38Z
26.9174578,75.8076334,2018-10-10T19:26:49Z
26.9174578,75.8076334,2018-10-10T19:27:00Z
26.9174578,75.8076334,2018-10-10T19:27:11Z
26.9174578,75.8076334,2018-10-10T19:27:21Z
26.9174578,75.8076334,2018-10-10T19:27:31Z
26.9174578,75.8076334,2018-10-10T19:27:41Z
26.9174578,75.8076334,2018-10-10T19:27:52Z
26.9174578,75.8076334,2018-10-10T19:28:02Z
26.9174578,75.8076334,2018-10-10T19:28:13Z
26.9174578,75.8076334,2018-10-10T19:28:24Z
26.9174578,75.8076334,2018-10-10T19:28:34Z
26.9174578,75.8076334,2018-10-10T19:28:45Z
26.9174578,75.8076334,2018-10-10T19:28:56Z
26.9174578,75.8076334,2018-10-10T19:29:07Z
26.9174578,75.8076334,2018-10-10T19:29:17Z
26.9174578,75.8076334,2018-10-10T19:29:28Z
26.9174578,75.8076334,2018-10-10T19:29:39Z
26.9174578,75.8076334,2018-10-10T19:29:49Z
26.9174578,75.8076334,2018-10-10T19:29:59Z
26.9174578,75.8076334,2018-10-10T19:30:10Z
26.9174578,75.8076334,2018-10-10T19:30:21Z
26.9174578,75.8076334,2018-10-10T19:30:31Z
26.9174578,75.8076334,2018-10-10T19:30:41Z
26.9174578,75.8076334,2018-10-10T19:30:51Z
26.9174578,75.8076334,2018-10-10T19:31:01Z
26.9174578,75.8076334,2018-10-10T19:31:11Z
26.9174578,75.8076334,2018-10-10T19:31:22Z
26.9174578,75.8076334,2018-10-10T19:31:33Z
26.9174578,75.8076334,2018-10-10T19:31:44Z
26.9174578,75.8076334,2018-10-10T19:31:55Z
26.9174578,75.8076334,2018-10-10T19:32:05Z
26.9174549,75.8076326,2018-10-10T19:32:16Z
26.9174547,75.8076328,2018-10-10T19:32:26Z
26.9174547,75.8076328,2018-10-10T19:32:36Z
26.9174547,75.8076328,2018-10-10T19:32:46Z
26.9174547,75.8076328,2018-10-10T19:32:57Z
26.9174547,75.8076328,2018-10-10T19:33:09Z
26.9174547,75.8076328,2018-10-10T19:33:19Z
26.9174547,75.8076328,2018-10-10T19:33:30Z
26.9174547,75.8076328,2018-10-10T19:33:41Z
26.9174547,75.8076328,2018-10-10T19:33:52Z
26.9174547,75.8076328,2018-10-10T19:34:03Z
26.9174547,75.8076328,2018-10-10T19:34:13Z
26.9174547,75.8076328,2018-10-10T19:34:24Z
26.9174547,75.8076328,2018-10-10T19:34:34Z
26.9174547,75.8076328,2018-10-10T19:34:44Z
26.9174547,75.8076328,2018-10-10T19:34:54Z
26.9174547,75.8076328,2018-10-10T19:35:04Z
26.9174547,75.8076328,2018-10-10T19:35:14Z
26.9174547,75.8076328,2018-10-10T19:35:25Z
26.9174547,75.8076328,2018-10-10T19:35:35Z
26.9174547,75.8076328,2018-10-10T19:35:46Z
26.9174547,75.8076328,2018-10-10T19:35:57Z
26.9174547,75.8076328,2018-10-10T19:36:07Z
26.9174547,75.8076328,2018-10-10T19:36:17Z
26.9174547,75.8076328,2018-10-10T19:36:29Z
26.9174547,75.8076328,2018-10-10T19:36:39Z
26.9174547,75.8076328,2018-10-10T19:36:49Z
26.9174547,75.8076328,2018-10-10T19:36:59Z
26.9174547,75.8076328,2018-10-10T19:37:09Z
26.9174547,75.8076328,2018-10-10T19:37:19Z
26.9174547,75.8076328,2018-10-10T19:37:30Z
26.9174547,75.8076328,2018-10-10T19:37:41Z
26.9174547,75.8076328,2018-10-10T19:37:52Z
26.9174547,75.8076328,2018-10-10T19:38:02Z
26.9174547,75.8076328,2018-10-10T19:38:13Z
26.9174547,75.8076328,2018-10-10T19:38:23Z
26.9174547,75.8076328,2018-10-10T19:38:33Z
26.9174547,75.8076328,2018-10-10T19:38:43Z
26.9174547,75.8076328,2018-10-10T19:38:54Z
26.9174547,75.8076328,2018-10-10T19:39:04Z
26.9174547,75.8076328,2018-10-10T19:39:15Z
26.9174547,75.8076328,2018-10-10T19:39:25Z
26.9174547,75.8076328,2018-10-10T19:39:35Z
26.9174547,75.8076328,2018-10-10T19:39:46Z
26.9174547,75.8076328,2018-10-10T19:39:57Z
26.9174547,75.8076328,2018-10-10T19:40:07Z
26.9174547,75.8076328,2018-10-10T19:40:18Z
26.9174547,75.8076328,2018-10-10T19:40:28Z
26.9174547,75.8076328,2018-10-10T19:40:40Z
26.9174547,75.8076328,2018-10-10T19:40:50Z
26.9174547,75.8076328,2018-10-10T19:41:00Z
26.9174547,75.8076328,2018-10-10T19:41:11Z
26.9174547,75.8076328,2018-10-10T19:41:21Z
26.9174547,75.8076328,2018-10-10T19:41:32Z
26.9174547,75.8076328,2018-10-10T19:41:42Z
26.9174547,75.8076328,2018-10-10T19:41:53Z
26.9174547,75.8076328,2018-10-10T19:42:03Z
26.9174547,75.8076328,2018-10-10T19:42:14Z
26.9174547,75.8076328,2018-10-10T19:42:24Z
26.9174547,75.8076328,2018-10-10T19:42:35Z
26.9174547,75.8076328,2018-10-10T19:42:46Z
26.9174547,75.8076328,2018-10-10T19:42:56Z
26.9174547,75.8076328,2018-10-10T19:43:07Z
26.9174547,75.8076328,2018-10-10T19:43:18Z
26.9174547,75.8076328,2018-10-10T19:43:29Z
26.9174547,75.8076328,2018-10-10T19:43:39Z
26.9174547,75.8076328,2018-10-10T19:43:50Z
26.9174547,75.8076328,2018-10-10T19:44:01Z
26.9174547,75.8076328,2018-10-10T19:44:12Z
26.9174547,75.8076328,2018-10-10T19:44:22Z
26.9174547,75.8076328,2018-10-10T19:44:32Z
26.9174547,75.8076328,2018-10-10T19:44:43Z
26.9174547,75.8076328,2018-10-10T19:44:53Z
26.9174547,75.8076328,2018-10-10T19:45:04Z
26.9174547,75.8076328,2018-10-10T19:45:14Z
26.9174547,75.8076328,2018-10-10T19:45:24Z
26.9174547,75.8076328,2018-10-10T19:45:35Z
26.9174547,75.8076328,2018-10-10T19:45:46Z
26.9174547,75.8076328,2018-10-10T19:45:56Z
26.9174547,75.8076328,2018-10-10T19:46:07Z
26.9174547,75.8076328,2018-10-10T19:46:18Z
26.9174547,75.8076328,2018-10-10T19:46:29Z
26.9174547,75.8076328,2018-10-10T19:46:39Z
26.9174547,75.8076328,2018-10-10T19:46:49Z
26.9174547,75.8076328,2018-10-10T19:47:01Z
26.9174547,75.8076328,2018-10-10T19:47:11Z
26.9174547,75.8076328,2018-10-10T19:47:21Z
26.9174547,75.8076328,2018-10-10T19:47:32Z
26.9174547,75.8076328,2018-10-10T19:47:42Z
26.9174547,75.8076328,2018-10-10T19:47:53Z
26.9174547,75.8076328,2018-10-10T19:48:04Z
26.9174547,75.8076328,2018-10-10T19:48:14Z
26.9174547,75.8076328,2018-10-10T19:48:24Z
26.9174542,75.8076330,2018-10-10T19:48:35Z
26.9174542,75.8076330,2018-10-10T19:48:46Z
26.9174542,75.8076330,2018-10-10T19:48:57Z
26.9174542,75.8076330,2018-10-10T19:49:07Z
26.9174542,75.8076330,2018-10-10T19:49:17Z
26.9174542,75.8076330,2018-10-10T19:49:28Z
26.9174542,75.8076330,2018-10-10T19:49:39Z
26.9174542,75.8076330,2018-10-10T19:49:49Z
26.9174542,75.8076330,2018-10-10T19:50:01Z
26.9174542,75.8076330,2018-10-10T19:50:11Z
26.9174542,75.8076330,2018-10-10T19:50:22Z
26.9174542,75.8076330,2018-10-10T19:50:32Z
26.9174542,75.8076330,2018-10-10T19:50:42Z
26.9174542,75.8076330,2018-10-10T19:50:52Z
26.9174542,75.8076330,2018-10-10T19:51:03Z
26.9174542,75.8076330,2018-10-10T19:51:13Z
26.9174542,75.8076330,2018-10-10T19:51:24Z
26.9174542,75.8076330,2018-10-10T19:51:35Z
26.9174542,75.8076330,2018-10-10T19:51:46Z
26.9174542,75.8076330,2018-10-10T19:51:57Z
26.9174542,75.8076330,2018-10-10T19:52:07Z
26.9174542,75.8076330,2018-10-10T19:52:17Z
26.9174542,75.8076330,2018-10-10T19:52:28Z
26.9174542,75.8076330,2018-10-10T19:52:39Z
26.9174542,75.8076330,2018-10-10T19:52:50Z
26.9174542,75.8076330,2018-10-10T19:53:00Z
26.9174542,75.8076330,2018-10-10T19:53:11Z
26.9174542,75.8076330,2018-10-10T19:53:22Z
26.9174542,75.8076330,2018-10-10T19:53:33Z
26.9174542,75.8076330,2018-10-10T19:53:44Z
26.9174542,75.8076330,2018-10-10T19:53:55Z
26.9174542,75.8076330,2018-10-10T19:54:05Z
26.9174542,75.8076330,2018-10-10T19:54:15Z
26.9174542,75.8076330,2018-10-10T19:54:26Z
26.9174542,75.8076330,2018-10-10T19:54:37Z
26.9174542,75.8076330,2018-10-10T19:54:48Z
26.9174542,75.8076330,2018-10-10T19:54:58Z
26.9174542,75.8076330,2018-10-10T19:55:09Z
26.9174542,75.8076330,2018-10-10T19:55:19Z
26.9174542,75.8076330,2018-10-10T19:55:30Z
26.9174542,75.8076330,2018-10-10T19:55:40Z
26.9174542,75.8076330,2018-10-10T19:55:51Z
26.9174542,75.8076330,2018-10-10T19:56:01Z
26.9174542,75.8076330,2018-10-10T19:56:11Z
26.9174542,75.8076330,2018-10-10T19:56:21Z
26.9174542,75.8076330,2018-10-10T19:56:31Z
26.9174542,75.8076330,2018-10-10T19:56:42Z
26.9174542,75.8076330,2018-10-10T19:56:52Z
26.9174542,75.8076330,2018-10-10T19:57:02Z
26.9174542,75.8076330,2018-10-10T19:57:13Z
26.9174542,75.8076330,2018-10-10T19:57:23Z
26.9174542,75.8076330,2018-10-10T19:57:33Z
26.9174542,75.8076330,2018-10-10T19:57:44Z
26.9174542,75.8076330,2018-10-10T19:57:55Z
26.9174542,75.8076330,2018-10-10T19:58:06Z
26.9174542,75.8076330,2018-10-10T19:58:17Z
26.9174542,75.8076330,2018-10-10T19:58:28Z
26.9174542,75.8076330,2018-10-10T19:58:38Z
26.9174542,75.8076330,2018-10-10T19:58:49Z
26.9174542,75.8076330,2018-10-10T19:59:00Z
26.9174542,75.8076330,2018-10-10T19:59:11Z
26.9174542,75.8076330,2018-10-10T19:59:21Z
26.9174542,75.8076330,2018-10-10T19:59:31Z
26.9174542,75.8076330,2018-10-10T19:59:42Z
26.9174542,75.8076330,2018-10-10T19:59:53Z
26.9174542,75.8076330,2018-10-10T20:00:04Z
26.9174537,75.8076324,2018-10-10T20:00:15Z
26.9174538,75.8076324,2018-10-10T20:00:25Z
26.9174541,75.8076328,2018-10-10T20:00:36Z
26.9174541,75.8076328,2018-10-10T20:00:46Z
26.9174536,75.8076330,2018-10-10T20:00:57Z
26.9174536,75.8076330,2018-10-10T20:01:07Z
26.9174536,75.8076330,2018-10-10T20:01:18Z
26.9174536,75.8076330,2018-10-10T20:01:28Z
26.9174536,75.8076330,2018-10-10T20:01:39Z
26.9174536,75.8076330,2018-10-10T20:01:50Z
26.9174536,75.8076330,2018-10-10T20:02:01Z
26.9174536,75.8076330,2018-10-10T20:02:11Z
26.9174536,75.8076330,2018-10-10T20:02:22Z
26.9174536,75.8076330,2018-10-10T20:02:32Z
26.9174536,75.8076330,2018-10-10T20:02:43Z
26.9174536,75.8076330,2018-10-10T20:02:54Z
26.9174536,75.8076330,2018-10-10T20:03:04Z
26.9174536,75.8076330,2018-10-10T20:03:15Z
26.9174536,75.8076330,2018-10-10T20:03:25Z
26.9174536,75.8076330,2018-10-10T20:03:36Z
26.9174536,75.8076330,2018-10-10T20:03:46Z
26.9174536,75.8076330,2018-10-10T20:03:57Z
26.9174536,75.8076330,2018-10-10T20:04:07Z
26.9174536,75.8076330,2018-10-10T20:04:17Z
26.9174536,75.8076330,2018-10-10T20:04:27Z
26.9174536,75.8076330,2018-10-10T20:04:38Z
26.9174536,75.8076330,2018-10-10T20:04:49Z
26.9174536,75.8076330,2018-10-10T20:04:59Z
26.9174536,75.8076330,2018-10-10T20:05:10Z
26.9174536,75.8076330,2018-10-10T20:05:20Z
26.9174536,75.8076330,2018-10-10T20:05:30Z
26.9174536,75.8076330,2018-10-10T20:05:41Z
26.9174536,75.8076330,2018-10-10T20:05:51Z
26.9174536,75.8076330,2018-10-10T20:06:01Z
26.9174536,75.8076330,2018-10-10T20:06:11Z
26.9174536,75.8076330,2018-10-10T20:06:22Z
26.9174536,75.8076330,2018-10-10T20:06:32Z
26.9174536,75.8076330,2018-10-10T20:06:43Z
26.9174536,75.8076330,2018-10-10T20:06:53Z
26.9174536,75.8076330,2018-10-10T20:07:04Z
26.9174536,75.8076330,2018-10-10T20:07:15Z
26.9174536,75.8076330,2018-10-10T20:07:26Z
26.9174536,75.8076330,2018-10-10T20:07:37Z
26.9174536,75.8076330,2018-10-10T20:07:48Z
26.9174536,75.8076330,2018-10-10T20:07:58Z
26.9174536,75.8076330,2018-10-10T20:08:08Z
26.9174536,75.8076330,2018-10-10T20:08:19Z
26.9174536,75.8076330,2018-10-10T20:08:29Z
26.9174536,75.8076330,2018-10-10T20:08:40Z
26.9174536,75.8076330,2018-10-10T20:08:51Z
26.9174536,75.8076330,2018-10-10T20:09:01Z
26.9174536,75.8076330,2018-10-10T20:09:11Z
26.9174536,75.8076330,2018-10-10T20:09:22Z
26.9174536,75.8076330,2018-10-10T20:09:33Z
26.9174536,75.8076330,2018-10-10T20:09:43Z
26.9174536,75.8076330,2018-10-10T20:09:54Z
26.9174536,75.8076330,2018-10-10T20:10:05Z
26.9174536,75.8076330,2018-10-10T20:10:15Z
26.9174536,75.8076330,2018-10-10T20:10:26Z
26.9174536,75.8076330,2018-10-10T20:10:37Z
26.9174536,75.8076330,2018-10-10T20:10:47Z
26.9174536,75.8076330,2018-10-10T20:10:57Z
26.9174536,75.8076330,2018-10-10T20:11:08Z
26.9174536,75.8076330,2018-10-10T20:11:19Z
26.9174536,75.8076330,2018-10-10T20:11:30Z
26.9174536,75.8076330,2018-10-10T20:11:40Z
26.9174536,75.8076330,2018-10-10T20:11:50Z
26.9174536,75.8076330,2018-10-10T20:12:00Z
26.9174536,75.8076330,2018-10-10T20:12:10Z
26.9174536,75.8076330,2018-10-10T20:12:20Z
26.9174536,75.8076330,2018-10-10T20:12:31Z
26.9174536,75.8076330,2018-10-10T20:12:41Z
26.9174536,75.8076330,2018-10-10T20:12:51Z
26.9174536,75.8076330,2018-10-10T20:13:02Z
26.9174536,75.8076330,2018-10-10T20:13:13Z
26.9174501,75.8076279,2018-10-10T20:13:23Z
26.9174501,75.8076279,2018-10-10T20:13:33Z
26.9174501,75.8076279,2018-10-10T20:13:44Z
26.9174501,75.8076279,2018-10-10T20:13:55Z
26.9174501,75.8076279,2018-10-10T20:14:06Z
26.9174501,75.8076279,2018-10-10T20:14:17Z
26.9174501,75.8076279,2018-10-10T20:14:27Z
26.9174501,75.8076279,2018-10-10T20:14:38Z
26.9174501,75.8076279,2018-10-10T20:14:48Z
26.9174501,75.8076279,2018-10-10T20:14:59Z
26.9174501,75.8076279,2018-10-10T20:15:09Z
26.9174501,75.8076279,2018-10-10T20:15:19Z
26.9174501,75.8076279,2018-10-10T20:15:30Z
26.9174501,75.8076279,2018-10-10T20:15:40Z
26.9174501,75.8076279,2018-10-10T20:15:51Z
26.9174501,75.8076279,2018-10-10T20:16:02Z
26.9174501,75.8076279,2018-10-10T20:16:12Z
26.9174501,75.8076279,2018-10-10T20:16:23Z
26.9174501,75.8076279,2018-10-10T20:16:33Z
26.9174501,75.8076279,2018-10-10T20:16:43Z
26.9174501,75.8076279,2018-10-10T20:16:54Z
26.9174501,75.8076279,2018-10-10T20:17:05Z
26.9174501,75.8076279,2018-10-10T20:17:15Z
26.9174501,75.8076279,2018-10-10T20:17:26Z
26.9174501,75.8076279,2018-10-10T20:17:36Z
26.9174501,75.8076279,2018-10-10T20:17:47Z
26.9174501,75.8076279,2018-10-10T20:17:58Z
26.9174501,75.8076279,2018-10-10T20:18:08Z
26.9174501,75.8076279,2018-10-10T20:18:19Z
26.9174501,75.8076279,2018-10-10T20:18:30Z
26.9174501,75.8076279,2018-10-10T20:18:40Z
26.9174501,75.8076279,2018-10-10T20:18:51Z
26.9174501,75.8076279,2018-10-10T20:19:01Z
26.9174501,75.8076279,2018-10-10T20:19:12Z
26.9174501,75.8076279,2018-10-10T20:19:23Z
26.9174501,75.8076279,2018-10-10T20:19:34Z
26.9174501,75.8076279,2018-10-10T20:19:44Z
26.9174501,75.8076279,2018-10-10T20:19:55Z
26.9174501,75.8076279,2018-10-10T20:20:05Z
26.9174501,75.8076279,2018-10-10T20:20:16Z
26.9174501,75.8076279,2018-10-10T20:20:27Z
26.9174501,75.8076279,2018-10-10T20:20:37Z
26.9174501,75.8076279,2018-10-10T20:20:48Z
26.9174501,75.8076279,2018-10-10T20:20:58Z
26.9174501,75.8076279,2018-10-10T20:21:08Z
26.9174501,75.8076279,2018-10-10T20:21:19Z
26.9174501,75.8076279,2018-10-10T20:21:29Z
26.9174501,75.8076279,2018-10-10T20:21:39Z
26.9174501,75.8076279,2018-10-10T20:21:50Z
26.9174501,75.8076279,2018-10-10T20:22:00Z
26.9174501,75.8076279,2018-10-10T20:22:10Z
26.9174501,75.8076279,2018-10-10T20:22:20Z
26.9174501,75.8076279,2018-10-10T20:22:30Z
26.9174501,75.8076279,2018-10-10T20:22:40Z
26.9174501,75.8076279,2018-10-10T20:22:50Z
26.9174501,75.8076279,2018-10-10T20:23:01Z
26.9174501,75.8076279,2018-10-10T20:23:11Z
26.9174501,75.8076279,2018-10-10T20:23:22Z
26.9174501,75.8076279,2018-10-10T20:23:33Z
26.9174501,75.8076279,2018-10-10T20:23:43Z
26.9174501,75.8076279,2018-10-10T20:23:54Z
26.9174501,75.8076279,2018-10-10T20:24:04Z
26.9174501,75.8076279,2018-10-10T20:24:15Z
26.9174501,75.8076279,2018-10-10T20:24:26Z
26.9174501,75.8076279,2018-10-10T20:24:37Z
26.9174501,75.8076279,2018-10-10T20:24:47Z
26.9174501,75.8076279,2018-10-10T20:24:57Z
26.9174501,75.8076279,2018-10-10T20:25:08Z
26.9174507,75.8076270,2018-10-10T20:25:18Z
26.9174507,75.8076270,2018-10-10T20:25:29Z
26.9174507,75.8076270,2018-10-10T20:25:39Z
26.9174507,75.8076270,2018-10-10T20:25:50Z
26.9174507,75.8076270,2018-10-10T20:26:00Z
26.9174507,75.8076270,2018-10-10T20:26:11Z
26.9174507,75.8076270,2018-10-10T20:26:21Z
26.9174507,75.8076270,2018-10-10T20:26:31Z
26.9174507,75.8076270,2018-10-10T20:26:42Z
26.9174507,75.8076270,2018-10-10T20:26:53Z
26.9174507,75.8076270,2018-10-10T20:27:03Z
26.9174507,75.8076270,2018-10-10T20:27:13Z
26.9174507,75.8076270,2018-10-10T20:27:24Z
26.9174507,75.8076270,2018-10-10T20:27:35Z
26.9174507,75.8076270,2018-10-10T20:27:46Z
26.9174507,75.8076270,2018-10-10T20:27:57Z
26.9174507,75.8076270,2018-10-10T20:28:07Z
26.9174507,75.8076270,2018-10-10T20:28:18Z
26.9174507,75.8076270,2018-10-10T20:28:29Z
26.9174507,75.8076270,2018-10-10T20:28:40Z
26.9174507,75.8076270,2018-10-10T20:28:50Z
26.9174507,75.8076270,2018-10-10T20:29:00Z
26.9174507,75.8076270,2018-10-10T20:29:11Z
26.9174507,75.8076270,2018-10-10T20:29:22Z
26.9174507,75.8076270,2018-10-10T20:29:33Z
26.9174507,75.8076270,2018-10-10T20:29:43Z
26.9174507,75.8076270,2018-10-10T20:29:54Z
26.9174507,75.8076270,2018-10-10T20:30:05Z
26.9174507,75.8076270,2018-10-10T20:30:15Z
26.9174507,75.8076270,2018-10-10T20:30:26Z
26.9174507,75.8076270,2018-10-10T20:30:36Z
26.9174507,75.8076270,2018-10-10T20:30:46Z
26.9174507,75.8076270,2018-10-10T20:30:56Z
26.9174507,75.8076270,2018-10-10T20:31:07Z
26.9174507,75.8076270,2018-10-10T20:31:18Z
26.9174507,75.8076270,2018-10-10T20:31:29Z
26.9174507,75.8076270,2018-10-10T20:31:40Z
26.9174507,75.8076270,2018-10-10T20:31:50Z
26.9174507,75.8076270,2018-10-10T20:32:01Z
26.9174507,75.8076270,2018-10-10T20:32:12Z
26.9174507,75.8076270,2018-10-10T20:32:22Z
26.9174507,75.8076270,2018-10-10T20:32:32Z
26.9174507,75.8076270,2018-10-10T20:32:43Z
26.9174507,75.8076270,2018-10-10T20:32:53Z
26.9174507,75.8076270,2018-10-10T20:33:04Z
26.9174507,75.8076270,2018-10-10T20:33:14Z
26.9174507,75.8076270,2018-10-10T20:33:24Z
26.9174507,75.8076270,2018-10-10T20:33:35Z
26.9174507,75.8076270,2018-10-10T20:33:45Z
26.9174507,75.8076270,2018-10-10T20:33:56Z
26.9174507,75.8076270,2018-10-10T20:34:06Z
26.9174507,75.8076270,2018-10-10T20:34:17Z
26.9174507,75.8076270,2018-10-10T20:34:28Z
26.9174507,75.8076270,2018-10-10T20:34:38Z
26.9174507,75.8076270,2018-10-10T20:34:48Z
26.9174507,75.8076270,2018-10-10T20:34:58Z
26.9174507,75.8076270,2018-10-10T20:35:09Z
26.9174507,75.8076270,2018-10-10T20:35:20Z
26.9174507,75.8076270,2018-10-10T20:35:30Z
26.9174507,75.8076270,2018-10-10T20:35:41Z
26.9174507,75.8076270,2018-10-10T20:35:51Z
26.9174507,75.8076270,2018-10-10T20:36:01Z
26.9174507,75.8076270,2018-10-10T20:36:12Z
26.9174507,75.8076270,2018-10-10T20:36:23Z
26.9174507,75.8076270,2018-10-10T20:36:34Z
26.9174507,75.8076270,2018-10-10T20:36:44Z
26.9174507,75.8076270,2018-10-10T20:36:55Z
26.9174507,75.8076270,2018-10-10T20:37:05Z
26.9174507,75.8076270,2018-10-10T20:37:15Z
26.9174507,75.8076270,2018-10-10T20:37:26Z
26.9174507,75.8076270,2018-10-10T20:37:37Z
26.9174507,75.8076270,2018-10-10T20:37:47Z
26.9174507,75.8076270,2018-10-10T20:37:58Z
26.9174507,75.8076270,2018-10-10T20:38:09Z
26.9174507,75.8076270,2018-10-10T20:38:19Z
26.9174507,75.8076270,2018-10-10T20:38:29Z
26.9174507,75.8076270,2018-10-10T20:38:39Z
26.9174507,75.8076270,2018-10-10T20:38:50Z
26.9174507,75.8076270,2018-10-10T20:39:01Z
26.9174507,75.8076270,2018-10-10T20:39:11Z
26.9174507,75.8076270,2018-10-10T20:39:22Z
26.9174507,75.8076270,2018-10-10T20:39:32Z
26.9174507,75.8076270,2018-10-10T20:39:43Z
26.9174507,75.8076270,2018-10-10T20:39:53Z
26.9174507,75.8076270,2018-10-10T20:40:03Z
26.9174507,75.8076270,2018-10-10T20:40:14Z
26.9174507,75.8076270,2018-10-10T20:40:24Z
26.9174507,75.8076270,2018-10-10T20:40:35Z
26.9174507,75.8076270,2018-10-10T20:40:45Z
26.9174507,75.8076270,2018-10-10T20:40:56Z
26.9174507,75.8076270,2018-10-10T20:41:06Z
26.9174507,75.8076270,2018-10-10T20:41:17Z
26.9174507,75.8076270,2018-10-10T20:41:27Z
26.9174507,75.8076270,2018-10-10T20:41:37Z
26.9174507,75.8076270,2018-10-10T20:41:47Z
26.9174507,75.8076270,2018-10-10T20:41:57Z
26.9174507,75.8076270,2018-10-10T20:42:08Z
26.9174507,75.8076270,2018-10-10T20:42:18Z
26.9174507,75.8076270,2018-10-10T20:42:28Z
26.9174507,75.8076270,2018-10-10T20:42:39Z
26.9174507,75.8076270,2018-10-10T20:42:50Z
26.9174507,75.8076270,2018-10-10T20:43:00Z
26.9174507,75.8076270,2018-10-10T20:43:11Z
26.9174507,75.8076270,2018-10-10T20:43:21Z
26.9174507,75.8076270,2018-10-10T20:43:32Z
26.9174507,75.8076270,2018-10-10T20:43:42Z
26.9174507,75.8076270,2018-10-10T20:43:52Z
26.9174509,75.8076254,2018-10-10T20:44:02Z
26.9174509,75.8076253,2018-10-10T20:44:13Z
26.9174509,75.8076253,2018-10-10T20:44:23Z
26.9174509,75.8076253,2018-10-10T20:44:34Z
26.9174509,75.8076253,2018-10-10T20:44:44Z
26.9174509,75.8076253,2018-10-10T20:44:55Z
26.9174509,75.8076253,2018-10-10T20:45:06Z
26.9174509,75.8076253,2018-10-10T20:45:16Z
26.9174509,75.8076253,2018-10-10T20:45:27Z
26.9174509,75.8076253,2018-10-10T20:45:38Z
26.9174509,75.8076253,2018-10-10T20:45:49Z
26.9174509,75.8076253,2018-10-10T20:45:59Z
26.9174509,75.8076253,2018-10-10T20:46:09Z
26.9174509,75.8076253,2018-10-10T20:46:19Z
26.9174509,75.8076253,2018-10-10T20:46:29Z
26.9174509,75.8076253,2018-10-10T20:46:39Z
26.9174509,75.8076253,2018-10-10T20:46:49Z
26.9174509,75.8076253,2018-10-10T20:46:59Z
26.9174509,75.8076253,2018-10-10T20:47:10Z
26.9174509,75.8076253,2018-10-10T20:47:20Z
26.9174509,75.8076253,2018-10-10T20:47:30Z
26.9174509,75.8076253,2018-10-10T20:47:40Z
26.9174509,75.8076253,2018-10-10T20:47:50Z
26.9174509,75.8076253,2018-10-10T20:48:01Z
26.9174509,75.8076253,2018-10-10T20:48:12Z
26.9174509,75.8076253,2018-10-10T20:48:22Z
26.9174509,75.8076253,2018-10-10T20:48:33Z
26.9174509,75.8076253,2018-10-10T20:48:43Z
26.9174509,75.8076253,2018-10-10T20:48:53Z
26.9174509,75.8076253,2018-10-10T20:49:04Z
26.9174509,75.8076253,2018-10-10T20:49:15Z
26.9174509,75.8076253,2018-10-10T20:49:25Z
26.9174509,75.8076253,2018-10-10T20:49:36Z
26.9174509,75.8076253,2018-10-10T20:49:46Z
26.9174509,75.8076253,2018-10-10T20:49:57Z
26.9174509,75.8076253,2018-10-10T20:50:07Z
26.9174509,75.8076253,2018-10-10T20:50:17Z
26.9174509,75.8076253,2018-10-10T20:50:29Z
26.9174509,75.8076253,2018-10-10T20:50:39Z
26.9174509,75.8076253,2018-10-10T20:50:49Z
26.9174509,75.8076253,2018-10-10T20:51:00Z
26.9174509,75.8076253,2018-10-10T20:51:10Z
26.9174509,75.8076253,2018-10-10T20:51:20Z
26.9174509,75.8076253,2018-10-10T20:51:31Z
26.9174509,75.8076253,2018-10-10T20:51:41Z
26.9174509,75.8076253,2018-10-10T20:51:51Z
26.9174509,75.8076253,2018-10-10T20:52:02Z
26.9174509,75.8076253,2018-10-10T20:52:12Z
26.9174509,75.8076253,2018-10-10T20:52:23Z
26.9174509,75.8076253,2018-10-10T20:52:33Z
26.9174509,75.8076253,2018-10-10T20:52:43Z
26.9174509,75.8076253,2018-10-10T20:52:54Z
26.9174509,75.8076253,2018-10-10T20:53:05Z
26.9174509,75.8076253,2018-10-10T20:53:15Z
26.9174509,75.8076253,2018-10-10T20:53:26Z
26.9174509,75.8076253,2018-10-10T20:53:37Z
26.9174509,75.8076253,2018-10-10T20:53:48Z
26.9174509,75.8076253,2018-10-10T20:53:58Z
26.9174509,75.8076253,2018-10-10T20:54:08Z
26.9174509,75.8076253,2018-10-10T20:54:18Z
26.9174509,75.8076253,2018-10-10T20:54:29Z
26.9174509,75.8076253,2018-10-10T20:54:40Z
26.9174509,75.8076253,2018-10-10T20:54:50Z
26.9174509,75.8076253,2018-10-10T20:55:01Z
26.9174506,75.8076265,2018-10-10T20:55:12Z
26.9174506,75.8076265,2018-10-10T20:55:22Z
26.9174506,75.8076265,2018-10-10T20:55:33Z
26.9174506,75.8076265,2018-10-10T20:55:43Z
26.9174506,75.8076265,2018-10-10T20:55:54Z
26.9174506,75.8076265,2018-10-10T20:56:04Z
26.9174506,75.8076265,2018-10-10T20:56:15Z
26.9174506,75.8076265,2018-10-10T20:56:26Z
26.9174506,75.8076265,2018-10-10T20:56:36Z
26.9174506,75.8076265,2018-10-10T20:56:47Z
26.9174506,75.8076265,2018-10-10T20:56:58Z
26.9174506,75.8076265,2018-10-10T20:57:08Z
26.9174506,75.8076265,2018-10-10T20:57:18Z
26.9174506,75.8076265,2018-10-10T20:57:28Z
26.9174509,75.8076265,2018-10-10T20:57:38Z
26.9174509,75.8076265,2018-10-10T20:57:48Z
26.9174510,75.8076263,2018-10-10T20:57:58Z
26.9174510,75.8076263,2018-10-10T20:58:09Z
26.9174510,75.8076263,2018-10-10T20:58:20Z
26.9174510,75.8076263,2018-10-10T20:58:31Z
26.9174510,75.8076263,2018-10-10T20:58:41Z
26.9174510,75.8076263,2018-10-10T20:58:51Z
26.9174510,75.8076263,2018-10-10T20:59:01Z
26.9174510,75.8076263,2018-10-10T20:59:11Z
26.9174510,75.8076263,2018-10-10T20:59:22Z
26.9174510,75.8076263,2018-10-10T20:59:33Z
26.9174510,75.8076263,2018-10-10T20:59:43Z
26.9174510,75.8076263,2018-10-10T20:59:53Z
26.9174510,75.8076263,2018-10-10T21:00:03Z
26.9174510,75.8076263,2018-10-10T21:00:13Z
26.9174510,75.8076263,2018-10-10T21:00:24Z
26.9174510,75.8076263,2018-10-10T21:00:35Z
26.9174510,75.8076263,2018-10-10T21:00:45Z
26.9174510,75.8076263,2018-10-10T21:00:56Z
26.9174510,75.8076263,2018-10-10T21:01:06Z
26.9174510,75.8076263,2018-10-10T21:01:16Z
26.9174510,75.8076263,2018-10-10T21:01:27Z
26.9174510,75.8076263,2018-10-10T21:01:38Z
26.9174510,75.8076263,2018-10-10T21:01:49Z
26.9174510,75.8076263,2018-10-10T21:01:59Z
26.9174510,75.8076263,2018-10-10T21:02:10Z
26.9174510,75.8076263,2018-10-10T21:02:20Z
26.9174510,75.8076263,2018-10-10T21:02:30Z
26.9174510,75.8076263,2018-10-10T21:02:41Z
26.9174510,75.8076263,2018-10-10T21:02:51Z
26.9174510,75.8076263,2018-10-10T21:03:01Z
26.9174510,75.8076263,2018-10-10T21:03:12Z
26.9174510,75.8076263,2018-10-10T21:03:23Z
26.9174510,75.8076263,2018-10-10T21:03:34Z
26.9174510,75.8076263,2018-10-10T21:03:44Z
26.9174510,75.8076263,2018-10-10T21:03:54Z
26.9174510,75.8076263,2018-10-10T21:04:05Z
26.9174510,75.8076263,2018-10-10T21:04:15Z
26.9174510,75.8076263,2018-10-10T21:04:26Z
26.9174510,75.8076263,2018-10-10T21:04:37Z
26.9174510,75.8076263,2018-10-10T21:04:48Z
26.9174510,75.8076263,2018-10-10T21:04:59Z
26.9174510,75.8076263,2018-10-10T21:05:10Z
26.9174510,75.8076263,2018-10-10T21:05:20Z
26.9174510,75.8076263,2018-10-10T21:05:31Z
26.9174510,75.8076263,2018-10-10T21:05:41Z
26.9174510,75.8076263,2018-10-10T21:05:52Z
26.9174510,75.8076263,2018-10-10T21:06:02Z
26.9174510,75.8076263,2018-10-10T21:06:13Z
26.9174510,75.8076263,2018-10-10T21:06:23Z
26.9174510,75.8076263,2018-10-10T21:06:34Z
26.9174510,75.8076263,2018-10-10T21:06:44Z
26.9174510,75.8076263,2018-10-10T21:06:54Z
26.9174510,75.8076263,2018-10-10T21:07:05Z
26.9174510,75.8076263,2018-10-10T21:07:15Z
26.9174510,75.8076263,2018-10-10T21:07:26Z
26.9174510,75.8076263,2018-10-10T21:07:37Z
26.9174510,75.8076263,2018-10-10T21:07:48Z
26.9174510,75.8076263,2018-10-10T21:07:58Z
26.9174510,75.8076263,2018-10-10T21:08:08Z
26.9174510,75.8076263,2018-10-10T21:08:18Z
26.9174510,75.8076263,2018-10-10T21:08:29Z
26.9174510,75.8076263,2018-10-10T21:08:39Z
26.9174510,75.8076263,2018-10-10T21:08:50Z
26.9174510,75.8076263,2018-10-10T21:09:01Z
26.9174510,75.8076263,2018-10-10T21:09:12Z
26.9174510,75.8076263,2018-10-10T21:09:23Z
26.9174510,75.8076263,2018-10-10T21:09:33Z
26.9174510,75.8076263,2018-10-10T21:09:44Z
26.9174510,75.8076263,2018-10-10T21:09:55Z
26.9174523,75.8076279,2018-10-10T21:10:06Z
26.9174540,75.8076264,2018-10-10T21:10:16Z
26.9174546,75.8076264,2018-10-10T21:10:27Z
26.9174546,75.8076264,2018-10-10T21:10:38Z
26.9174546,75.8076264,2018-10-10T21:10:49Z
26.9174547,75.8076256,2018-10-10T21:11:00Z
26.9174550,75.8076249,2018-10-10T21:11:11Z
26.9174553,75.8076203,2018-10-10T21:11:22Z
26.9174553,75.8076203,2018-10-10T21:11:32Z
26.9174553,75.8076203,2018-10-10T21:11:42Z
26.9174562,75.8076183,2018-10-10T21:11:52Z
26.9174562,75.8076183,2018-10-10T21:12:03Z
26.9174562,75.8076183,2018-10-10T21:12:13Z
26.9174562,75.8076183,2018-10-10T21:12:24Z
26.9174562,75.8076183,2018-10-10T21:12:35Z
26.9174562,75.8076183,2018-10-10T21:12:45Z
26.9174562,75.8076183,2018-10-10T21:12:55Z
26.9174562,75.8076183,2018-10-10T21:13:06Z
26.9174562,75.8076183,2018-10-10T21:13:16Z
26.9174562,75.8076183,2018-10-10T21:13:27Z
26.9174562,75.8076183,2018-10-10T21:13:37Z
26.9174572,75.8076186,2018-10-10T21:13:48Z
26.9174573,75.8076186,2018-10-10T21:13:59Z
26.9174573,75.8076186,2018-10-10T21:14:10Z
26.9174573,75.8076186,2018-10-10T21:14:21Z
26.9174573,75.8076186,2018-10-10T21:14:32Z
26.9174573,75.8076186,2018-10-10T21:14:42Z
26.9174573,75.8076186,2018-10-10T21:14:53Z
26.9174573,75.8076186,2018-10-10T21:15:04Z
26.9174573,75.8076186,2018-10-10T21:15:14Z
26.9174573,75.8076186,2018-10-10T21:15:25Z
26.9174566,75.8076217,2018-10-10T21:15:36Z
26.9174566,75.8076217,2018-10-10T21:15:46Z
26.9174566,75.8076217,2018-10-10T21:15:57Z
26.9174566,75.8076217,2018-10-10T21:16:08Z
26.9174566,75.8076217,2018-10-10T21:16:18Z
26.9174566,75.8076217,2018-10-10T21:16:29Z
26.9174566,75.8076217,2018-10-10T21:16:40Z
26.9174566,75.8076217,2018-10-10T21:16:51Z
26.9174566,75.8076217,2018-10-10T21:17:02Z
26.9174566,75.8076217,2018-10-10T21:17:12Z
26.9174566,75.8076217,2018-10-10T21:17:23Z
26.9174566,75.8076217,2018-10-10T21:17:33Z
26.9174566,75.8076217,2018-10-10T21:17:44Z
26.9174566,75.8076217,2018-10-10T21:17:55Z
26.9174566,75.8076217,2018-10-10T21:18:06Z
26.9174566,75.8076217,2018-10-10T21:18:16Z
26.9174566,75.8076217,2018-10-10T21:18:26Z
26.9174566,75.8076217,2018-10-10T21:18:36Z
26.9174566,75.8076217,2018-10-10T21:18:47Z
26.9174566,75.8076217,2018-10-10T21:18:57Z
26.9174566,75.8076217,2018-10-10T21:19:08Z
26.9174566,75.8076217,2018-10-10T21:19:18Z
26.9174566,75.8076217,2018-10-10T21:19:28Z
26.9174566,75.8076217,2018-10-10T21:19:38Z
26.9174566,75.8076217,2018-10-10T21:19:48Z
26.9174566,75.8076217,2018-10-10T21:19:59Z
26.9174566,75.8076217,2018-10-10T21:20:10Z
26.9174566,75.8076217,2018-10-10T21:20:20Z
26.9174566,75.8076217,2018-10-10T21:20:31Z
26.9174566,75.8076217,2018-10-10T21:20:41Z
26.9174566,75.8076217,2018-10-10T21:20:51Z
26.9174566,75.8076217,2018-10-10T21:21:02Z
26.9174566,75.8076217,2018-10-10T21:21:12Z
26.9174566,75.8076217,2018-10-10T21:21:23Z
26.9174566,75.8076217,2018-10-10T21:21:34Z
26.9174566,75.8076217,2018-10-10T21:21:45Z
26.9174566,75.8076217,2018-10-10T21:21:55Z
26.9174566,75.8076217,2018-10-10T21:22:06Z
26.9174566,75.8076217,2018-10-10T21:22:17Z
26.9174566,75.8076217,2018-10-10T21:22:27Z
26.9174566,75.8076217,2018-10-10T21:22:38Z
26.9174566,75.8076217,2018-10-10T21:22:49Z
26.9174566,75.8076217,2018-10-10T21:23:00Z
26.9174566,75.8076217,2018-10-10T21:23:10Z
26.9174566,75.8076217,2018-10-10T21:23:20Z
26.9174566,75.8076217,2018-10-10T21:23:31Z
26.9174566,75.8076217,2018-10-10T21:23:42Z
26.9174566,75.8076217,2018-10-10T21:23:52Z
26.9174566,75.8076217,2018-10-10T21:24:03Z
26.9174566,75.8076217,2018-10-10T21:24:13Z
26.9174566,75.8076217,2018-10-10T21:24:23Z
26.9174566,75.8076217,2018-10-10T21:24:33Z
26.9174566,75.8076217,2018-10-10T21:24:43Z
26.9174566,75.8076217,2018-10-10T21:24:53Z
26.9174566,75.8076217,2018-10-10T21:25:04Z
26.9174566,75.8076217,2018-10-10T21:25:14Z
26.9174566,75.8076217,2018-10-10T21:25:24Z
26.9174566,75.8076217,2018-10-10T21:25:35Z
26.9174566,75.8076217,2018-10-10T21:25:46Z
26.9174566,75.8076217,2018-10-10T21:25:57Z
26.9174566,75.8076217,2018-10-10T21:26:08Z
26.9174566,75.8076217,2018-10-10T21:26:19Z
26.9174566,75.8076217,2018-10-10T21:26:29Z
26.9174566,75.8076217,2018-10-10T21:26:39Z
26.9174566,75.8076217,2018-10-10T21:26:50Z
26.9174566,75.8076217,2018-10-10T21:27:00Z
26.9174566,75.8076217,2018-10-10T21:27:11Z
26.9174566,75.8076217,2018-10-10T21:27:21Z
26.9174566,75.8076217,2018-10-10T21:27:32Z
26.9174566,75.8076217,2018-10-10T21:27:43Z
26.9174566,75.8076217,2018-10-10T21:27:53Z
26.9174566,75.8076217,2018-10-10T21:28:04Z
26.9174566,75.8076217,2018-10-10T21:28:15Z
26.9174566,75.8076217,2018-10-10T21:28:26Z
26.9174566,75.8076217,2018-10-10T21:28:36Z
26.9174566,75.8076217,2018-10-10T21:28:46Z
26.9174566,75.8076217,2018-10-10T21:28:56Z
26.9174566,75.8076217,2018-10-10T21:29:07Z
26.9174566,75.8076217,2018-10-10T21:29:17Z
26.9174566,75.8076217,2018-10-10T21:29:27Z
26.9174566,75.8076217,2018-10-10T21:29:38Z
26.9174566,75.8076217,2018-10-10T21:29:48Z
26.9174566,75.8076217,2018-10-10T21:29:59Z
26.9174566,75.8076217,2018-10-10T21:30:09Z
26.9174566,75.8076217,2018-10-10T21:30:20Z
26.9174566,75.8076217,2018-10-10T21:30:31Z
26.9174566,75.8076217,2018-10-10T21:30:42Z
26.9174566,75.8076217,2018-10-10T21:30:53Z
26.9174566,75.8076217,2018-10-10T21:31:04Z
26.9174566,75.8076217,2018-10-10T21:31:14Z
26.9174566,75.8076217,2018-10-10T21:31:25Z
26.9174566,75.8076217,2018-10-10T21:31:35Z
26.9174566,75.8076217,2018-10-10T21:31:45Z
26.9174566,75.8076217,2018-10-10T21:31:55Z
26.9174555,75.8076201,2018-10-10T21:32:06Z
26.9174558,75.8076206,2018-10-10T21:32:16Z
26.9174553,75.8076201,2018-10-10T21:32:26Z
26.9174553,75.8076201,2018-10-10T21:32:36Z
26.9174553,75.8076201,2018-10-10T21:32:46Z
26.9174553,75.8076201,2018-10-10T21:32:57Z
26.9174553,75.8076201,2018-10-10T21:33:07Z
26.9174553,75.8076201,2018-10-10T21:33:17Z
26.9174553,75.8076201,2018-10-10T21:33:27Z
26.9174553,75.8076201,2018-10-10T21:33:38Z
26.9174553,75.8076201,2018-10-10T21:33:49Z
26.9174553,75.8076201,2018-10-10T21:33:59Z
26.9174553,75.8076201,2018-10-10T21:34:10Z
26.9174553,75.8076201,2018-10-10T21:34:20Z
26.9174553,75.8076201,2018-10-10T21:34:30Z
26.9174553,75.8076201,2018-10-10T21:34:41Z
26.9174553,75.8076201,2018-10-10T21:34:51Z
26.9174553,75.8076201,2018-10-10T21:35:02Z
26.9174553,75.8076201,2018-10-10T21:35:13Z
26.9174553,75.8076201,2018-10-10T21:35:23Z
26.9174553,75.8076201,2018-10-10T21:35:33Z
26.9174553,75.8076201,2018-10-10T21:35:44Z
26.9174553,75.8076201,2018-10-10T21:35:55Z
26.9174553,75.8076201,2018-10-10T21:36:05Z
26.9174553,75.8076201,2018-10-10T21:36:15Z
26.9174553,75.8076201,2018-10-10T21:36:26Z
26.9174553,75.8076201,2018-10-10T21:36:36Z
26.9174553,75.8076201,2018-10-10T21:36:47Z
26.9174553,75.8076201,2018-10-10T21:36:57Z
26.9174553,75.8076201,2018-10-10T21:37:08Z
26.9174553,75.8076201,2018-10-10T21:37:19Z
26.9174553,75.8076201,2018-10-10T21:37:29Z
26.9174550,75.8076191,2018-10-10T21:37:40Z
26.9174550,75.8076191,2018-10-10T21:37:51Z
26.9174550,75.8076191,2018-10-10T21:38:02Z
26.9174550,75.8076191,2018-10-10T21:38:13Z
26.9174550,75.8076191,2018-10-10T21:38:23Z
26.9174550,75.8076191,2018-10-10T21:38:33Z
26.9174550,75.8076191,2018-10-10T21:38:44Z
26.9174550,75.8076191,2018-10-10T21:38:55Z
26.9174550,75.8076191,2018-10-10T21:39:05Z
26.9174550,75.8076191,2018-10-10T21:39:15Z
26.9174550,75.8076191,2018-10-10T21:39:26Z
26.9174550,75.8076191,2018-10-10T21:39:36Z
26.9174550,75.8076191,2018-10-10T21:39:47Z
26.9174550,75.8076191,2018-10-10T21:39:57Z
26.9174550,75.8076191,2018-10-10T21:40:08Z
26.9174550,75.8076191,2018-10-10T21:40:18Z
26.9174550,75.8076191,2018-10-10T21:40:28Z
26.9174550,75.8076191,2018-10-10T21:40:39Z
26.9174540,75.8076199,2018-10-10T21:40:49Z
26.9174539,75.8076198,2018-10-10T21:40:59Z
26.9174542,75.8076201,2018-10-10T21:41:10Z
26.9174542,75.8076201,2018-10-10T21:41:20Z
26.9174542,75.8076201,2018-10-10T21:41:30Z
26.9174540,75.8076190,2018-10-10T21:41:41Z
26.9174540,75.8076187,2018-10-10T21:41:51Z
26.9174540,75.8076187,2018-10-10T21:42:01Z
26.9174540,75.8076187,2018-10-10T21:42:11Z
26.9174540,75.8076187,2018-10-10T21:42:22Z
26.9174540,75.8076187,2018-10-10T21:42:32Z
26.9174540,75.8076187,2018-10-10T21:42:42Z
26.9174540,75.8076187,2018-10-10T21:42:53Z
26.9174540,75.8076187,2018-10-10T21:43:03Z
26.9174540,75.8076187,2018-10-10T21:43:14Z
26.9174540,75.8076187,2018-10-10T21:43:25Z
26.9174540,75.8076187,2018-10-10T21:43:35Z
26.9174540,75.8076187,2018-10-10T21:43:46Z
26.9174540,75.8076187,2018-10-10T21:43:56Z
26.9174540,75.8076187,2018-10-10T21:44:07Z
26.9174540,75.8076187,2018-10-10T21:44:18Z
26.9174540,75.8076187,2018-10-10T21:44:28Z
26.9174540,75.8076187,2018-10-10T21:44:39Z
26.9174540,75.8076187,2018-10-10T21:44:50Z
26.9174540,75.8076187,2018-10-10T21:45:01Z
26.9174540,75.8076187,2018-10-10T21:45:11Z
26.9174540,75.8076187,2018-10-10T21:45:21Z
26.9174540,75.8076187,2018-10-10T21:45:31Z
26.9174540,75.8076187,2018-10-10T21:45:42Z
26.9174540,75.8076187,2018-10-10T21:45:52Z
26.9174540,75.8076187,2018-10-10T21:46:02Z
26.9174540,75.8076187,2018-10-10T21:46:13Z
26.9174540,75.8076187,2018-10-10T21:46:24Z
26.9174540,75.8076187,2018-10-10T21:46:35Z
26.9174539,75.8076186,2018-10-10T21:46:46Z
26.9174538,75.8076186,2018-10-10T21:46:57Z
26.9174539,75.8076186,2018-10-10T21:47:07Z
26.9174539,75.8076186,2018-10-10T21:47:17Z
26.9174552,75.8076217,2018-10-10T21:47:27Z
26.9174553,75.8076217,2018-10-10T21:47:38Z
26.9174553,75.8076217,2018-10-10T21:47:48Z
26.9174556,75.8076221,2018-10-10T21:47:58Z
26.9174556,75.8076221,2018-10-10T21:48:09Z
26.9174556,75.8076221,2018-10-10T21:48:19Z
26.9174553,75.8076225,2018-10-10T21:48:29Z
26.9174553,75.8076227,2018-10-10T21:48:40Z
26.9174553,75.8076227,2018-10-10T21:48:51Z
26.9174553,75.8076227,2018-10-10T21:49:02Z
26.9174553,75.8076227,2018-10-10T21:49:12Z
26.9174553,75.8076227,2018-10-10T21:49:22Z
26.9174553,75.8076227,2018-10-10T21:49:33Z
26.9174553,75.8076227,2018-10-10T21:49:44Z
26.9174553,75.8076227,2018-10-10T21:49:54Z
26.9174553,75.8076227,2018-10-10T21:50:05Z
26.9174553,75.8076227,2018-10-10T21:50:16Z
26.9174553,75.8076227,2018-10-10T21:50:27Z
26.9174553,75.8076227,2018-10-10T21:50:38Z
26.9174553,75.8076227,2018-10-10T21:50:49Z
26.9174553,75.8076227,2018-10-10T21:51:00Z
26.9174553,75.8076227,2018-10-10T21:51:11Z
26.9174553,75.8076227,2018-10-10T21:51:21Z
26.9174553,75.8076227,2018-10-10T21:51:31Z
26.9174553,75.8076227,2018-10-10T21:51:42Z
26.9174553,75.8076227,2018-10-10T21:51:52Z
26.9174553,75.8076227,2018-10-10T21:52:03Z
26.9174553,75.8076227,2018-10-10T21:52:13Z
26.9174553,75.8076227,2018-10-10T21:52:24Z
26.9174553,75.8076227,2018-10-10T21:52:35Z
26.9174553,75.8076227,2018-10-10T21:52:46Z
26.9174553,75.8076227,2018-10-10T21:52:56Z
26.9174553,75.8076227,2018-10-10T21:53:06Z
26.9174553,75.8076227,2018-10-10T21:53:17Z
26.9174553,75.8076227,2018-10-10T21:53:28Z
26.9174553,75.8076227,2018-10-10T21:53:38Z
26.9174553,75.8076227,2018-10-10T21:53:49Z
26.9174553,75.8076227,2018-10-10T21:54:00Z
26.9174553,75.8076227,2018-10-10T21:54:11Z
26.9174553,75.8076227,2018-10-10T21:54:22Z
26.9174553,75.8076227,2018-10-10T21:54:32Z
26.9174553,75.8076227,2018-10-10T21:54:43Z
26.9174553,75.8076227,2018-10-10T21:54:53Z
26.9174553,75.8076227,2018-10-10T21:55:04Z
26.9174553,75.8076227,2018-10-10T21:55:15Z
26.9174553,75.8076227,2018-10-10T21:55:25Z
26.9174553,75.8076227,2018-10-10T21:55:35Z
26.9174553,75.8076227,2018-10-10T21:55:45Z
26.9174553,75.8076227,2018-10-10T21:55:56Z
26.9174553,75.8076227,2018-10-10T21:56:07Z
26.9174553,75.8076227,2018-10-10T21:56:18Z
26.9174553,75.8076227,2018-10-10T21:56:28Z
26.9174553,75.8076227,2018-10-10T21:56:38Z
26.9174553,75.8076227,2018-10-10T21:56:48Z
26.9174553,75.8076227,2018-10-10T21:56:59Z
26.9174553,75.8076227,2018-10-10T21:57:09Z
26.9174553,75.8076227,2018-10-10T21:57:20Z
26.9174553,75.8076227,2018-10-10T21:57:30Z
26.9174553,75.8076227,2018-10-10T21:57:41Z
26.9174553,75.8076227,2018-10-10T21:57:52Z
26.9174553,75.8076227,2018-10-10T21:58:02Z
26.9174553,75.8076227,2018-10-10T21:58:12Z
26.9174553,75.8076227,2018-10-10T21:58:23Z
26.9174553,75.8076227,2018-10-10T21:58:33Z
26.9174553,75.8076227,2018-10-10T21:58:43Z
26.9174553,75.8076227,2018-10-10T21:58:54Z
26.9174553,75.8076227,2018-10-10T21:59:04Z
26.9174553,75.8076227,2018-10-10T21:59:15Z
26.9174553,75.8076227,2018-10-10T21:59:25Z
26.9174553,75.8076227,2018-10-10T21:59:36Z
26.9174553,75.8076227,2018-10-10T21:59:46Z
26.9174553,75.8076227,2018-10-10T21:59:56Z
26.9174553,75.8076227,2018-10-10T22:00:07Z
26.9174553,75.8076227,2018-10-10T22:00:17Z
26.9174553,75.8076227,2018-10-10T22:00:28Z
26.9174553,75.8076227,2018-10-10T22:00:39Z
26.9174568,75.8076217,2018-10-10T22:00:50Z
26.9174568,75.8076217,2018-10-10T22:01:01Z
26.9174568,75.8076217,2018-10-10T22:01:12Z
26.9174568,75.8076217,2018-10-10T22:01:22Z
26.9174568,75.8076217,2018-10-10T22:01:33Z
26.9174568,75.8076217,2018-10-10T22:01:44Z
26.9174568,75.8076217,2018-10-10T22:01:54Z
26.9174568,75.8076217,2018-10-10T22:02:04Z
26.9174568,75.8076217,2018-10-10T22:02:15Z
26.9174568,75.8076217,2018-10-10T22:02:26Z
26.9174568,75.8076217,2018-10-10T22:02:36Z
26.9174568,75.8076217,2018-10-10T22:02:46Z
26.9174568,75.8076217,2018-10-10T22:02:57Z
26.9174568,75.8076217,2018-10-10T22:03:07Z
26.9174568,75.8076217,2018-10-10T22:03:17Z
26.9174568,75.8076217,2018-10-10T22:03:28Z
26.9174568,75.8076217,2018-10-10T22:03:38Z
26.9174568,75.8076217,2018-10-10T22:03:49Z
26.9174568,75.8076217,2018-10-10T22:03:59Z
26.9174568,75.8076217,2018-10-10T22:04:10Z
26.9174568,75.8076217,2018-10-10T22:04:21Z
26.9174568,75.8076217,2018-10-10T22:04:31Z
26.9174568,75.8076217,2018-10-10T22:04:41Z
26.9174568,75.8076217,2018-10-10T22:04:51Z
26.9174568,75.8076217,2018-10-10T22:05:02Z
26.9174568,75.8076217,2018-10-10T22:05:13Z
26.9174568,75.8076217,2018-10-10T22:05:24Z
26.9174568,75.8076217,2018-10-10T22:05:35Z
26.9174568,75.8076217,2018-10-10T22:05:45Z
26.9174568,75.8076217,2018-10-10T22:05:56Z
26.9174568,75.8076217,2018-10-10T22:06:07Z
26.9174568,75.8076217,2018-10-10T22:06:17Z
26.9174568,75.8076217,2018-10-10T22:06:28Z
26.9174568,75.8076217,2018-10-10T22:06:39Z
26.9174568,75.8076217,2018-10-10T22:06:50Z
26.9174568,75.8076217,2018-10-10T22:07:00Z
26.9174568,75.8076217,2018-10-10T22:07:11Z
26.9174568,75.8076217,2018-10-10T22:07:21Z
26.9174568,75.8076217,2018-10-10T22:07:32Z
26.9174568,75.8076217,2018-10-10T22:07:43Z
26.9174568,75.8076217,2018-10-10T22:07:54Z
26.9174568,75.8076217,2018-10-10T22:08:04Z
26.9174568,75.8076217,2018-10-10T22:08:15Z
26.9174568,75.8076217,2018-10-10T22:08:25Z
26.9174568,75.8076217,2018-10-10T22:08:36Z
26.9174568,75.8076217,2018-10-10T22:08:47Z
26.9174568,75.8076217,2018-10-10T22:08:57Z
26.9174568,75.8076217,2018-10-10T22:09:07Z
26.9174568,75.8076217,2018-10-10T22:09:18Z
26.9174568,75.8076217,2018-10-10T22:09:29Z
26.9174568,75.8076217,2018-10-10T22:09:39Z
26.9174568,75.8076217,2018-10-10T22:09:50Z
26.9174568,75.8076217,2018-10-10T22:10:01Z
26.9174568,75.8076217,2018-10-10T22:10:11Z
26.9174568,75.8076217,2018-10-10T22:10:21Z
26.9174568,75.8076217,2018-10-10T22:10:31Z
26.9174568,75.8076217,2018-10-10T22:10:42Z
26.9174568,75.8076217,2018-10-10T22:10:52Z
26.9174533,75.8076215,2018-10-10T22:11:03Z
26.9174533,75.8076215,2018-10-10T22:11:13Z
26.9174533,75.8076215,2018-10-10T22:11:23Z
26.9174533,75.8076215,2018-10-10T22:11:33Z
26.9174533,75.8076215,2018-10-10T22:11:44Z
26.9174533,75.8076215,2018-10-10T22:11:54Z
26.9174533,75.8076215,2018-10-10T22:12:05Z
26.9174533,75.8076215,2018-10-10T22:12:16Z
26.9174533,75.8076215,2018-10-10T22:12:26Z
26.9174533,75.8076215,2018-10-10T22:12:37Z
26.9174533,75.8076215,2018-10-10T22:12:48Z
26.9174533,75.8076215,2018-10-10T22:12:59Z
26.9174533,75.8076215,2018-10-10T22:13:09Z
26.9174533,75.8076215,2018-10-10T22:13:19Z
26.9174533,75.8076215,2018-10-10T22:13:30Z
26.9174533,75.8076215,2018-10-10T22:13:41Z
26.9174533,75.8076215,2018-10-10T22:13:51Z
26.9174533,75.8076215,2018-10-10T22:14:02Z
26.9174533,75.8076215,2018-10-10T22:14:13Z
26.9174533,75.8076215,2018-10-10T22:14:24Z
26.9174533,75.8076215,2018-10-10T22:14:34Z
26.9174533,75.8076215,2018-10-10T22:14:44Z
26.9174533,75.8076215,2018-10-10T22:14:54Z
26.9174533,75.8076215,2018-10-10T22:15:04Z
26.9174533,75.8076215,2018-10-10T22:15:15Z
26.9174533,75.8076215,2018-10-10T22:15:26Z
26.9174533,75.8076215,2018-10-10T22:15:37Z
26.9174533,75.8076215,2018-10-10T22:15:47Z
26.9174533,75.8076215,2018-10-10T22:15:58Z
26.9174533,75.8076215,2018-10-10T22:16:09Z
26.9174533,75.8076215,2018-10-10T22:16:20Z
26.9174533,75.8076215,2018-10-10T22:16:31Z
26.9174533,75.8076215,2018-10-10T22:16:41Z
26.9174533,75.8076215,2018-10-10T22:16:52Z
26.9174533,75.8076215,2018-10-10T22:17:03Z
26.9174533,75.8076215,2018-10-10T22:17:13Z
26.9174533,75.8076215,2018-10-10T22:17:23Z
26.9174533,75.8076215,2018-10-10T22:17:34Z
26.9174533,75.8076215,2018-10-10T22:17:45Z
26.9174533,75.8076215,2018-10-10T22:17:56Z
26.9174533,75.8076215,2018-10-10T22:18:06Z
26.9174533,75.8076215,2018-10-10T22:18:17Z
26.9174533,75.8076215,2018-10-10T22:18:28Z
26.9174533,75.8076215,2018-10-10T22:18:39Z
26.9174533,75.8076215,2018-10-10T22:18:49Z
26.9174533,75.8076215,2018-10-10T22:19:00Z
26.9174533,75.8076215,2018-10-10T22:19:11Z
26.9174533,75.8076215,2018-10-10T22:19:22Z
26.9174533,75.8076215,2018-10-10T22:19:32Z
26.9174533,75.8076215,2018-10-10T22:19:42Z
26.9174533,75.8076215,2018-10-10T22:19:52Z
26.9174533,75.8076215,2018-10-10T22:20:03Z
26.9174533,75.8076215,2018-10-10T22:20:13Z
26.9174533,75.8076215,2018-10-10T22:20:23Z
26.9174533,75.8076215,2018-10-10T22:20:34Z
26.9174533,75.8076215,2018-10-10T22:20:44Z
26.9174533,75.8076215,2018-10-10T22:20:54Z
26.9174533,75.8076215,2018-10-10T22:21:05Z
26.9174533,75.8076215,2018-10-10T22:21:15Z
26.9174533,75.8076215,2018-10-10T22:21:26Z
26.9174533,75.8076215,2018-10-10T22:21:36Z
26.9174533,75.8076215,2018-10-10T22:21:46Z
26.9174533,75.8076215,2018-10-10T22:21:57Z
26.9174533,75.8076215,2018-10-10T22:22:08Z
26.9174533,75.8076215,2018-10-10T22:22:18Z
26.9174533,75.8076215,2018-10-10T22:22:28Z
26.9174533,75.8076215,2018-10-10T22:22:38Z
26.9174533,75.8076215,2018-10-10T22:22:49Z
26.9174533,75.8076215,2018-10-10T22:22:59Z
26.9174533,75.8076215,2018-10-10T22:23:10Z
26.9174533,75.8076215,2018-10-10T22:23:21Z
26.9174533,75.8076215,2018-10-10T22:23:31Z
26.9174533,75.8076215,2018-10-10T22:23:42Z
26.9174533,75.8076215,2018-10-10T22:23:52Z
26.9174533,75.8076215,2018-10-10T22:24:02Z
26.9174513,75.8076202,2018-10-10T22:24:13Z
26.9174513,75.8076196,2018-10-10T22:24:24Z
26.9174513,75.8076196,2018-10-10T22:24:35Z
26.9174513,75.8076196,2018-10-10T22:24:45Z
26.9174513,75.8076196,2018-10-10T22:24:55Z
26.9174513,75.8076196,2018-10-10T22:25:05Z
26.9174513,75.8076196,2018-10-10T22:25:15Z
26.9174513,75.8076196,2018-10-10T22:25:26Z
26.9174513,75.8076196,2018-10-10T22:25:36Z
26.9174511,75.8076186,2018-10-10T22:25:47Z
26.9174511,75.8076186,2018-10-10T22:25:58Z
26.9174521,75.8076155,2018-10-10T22:26:08Z
26.9174521,75.8076155,2018-10-10T22:26:19Z
26.9174521,75.8076155,2018-10-10T22:26:29Z
26.9174521,75.8076155,2018-10-10T22:26:40Z
26.9174522,75.8076133,2018-10-10T22:26:50Z
26.9174522,75.8076133,2018-10-10T22:27:01Z
26.9174522,75.8076133,2018-10-10T22:27:11Z
26.9174522,75.8076133,2018-10-10T22:27:22Z
26.9174522,75.8076133,2018-10-10T22:27:33Z
26.9174522,75.8076133,2018-10-10T22:27:44Z
26.9174522,75.8076133,2018-10-10T22:27:54Z
26.9174522,75.8076129,2018-10-10T22:28:04Z
26.9174533,75.8076106,2018-10-10T22:28:14Z
26.9174533,75.8076106,2018-10-10T22:28:25Z
26.9174533,75.8076106,2018-10-10T22:28:36Z
26.9174533,75.8076106,2018-10-10T22:28:47Z
26.9174533,75.8076106,2018-10-10T22:28:58Z
26.9174533,75.8076106,2018-10-10T22:29:08Z
26.9174533,75.8076106,2018-10-10T22:29:19Z
26.9174533,75.8076106,2018-10-10T22:29:30Z
26.9174533,75.8076106,2018-10-10T22:29:40Z
26.9174533,75.8076106,2018-10-10T22:29:51Z
26.9174533,75.8076106,2018-10-10T22:30:02Z
26.9174533,75.8076106,2018-10-10T22:30:13Z
26.9174533,75.8076106,2018-10-10T22:30:23Z
26.9174533,75.8076106,2018-10-10T22:30:33Z
26.9174533,75.8076106,2018-10-10T22:30:44Z
26.9174533,75.8076106,2018-10-10T22:30:54Z
26.9174533,75.8076106,2018-10-10T22:31:04Z
26.9174533,75.8076106,2018-10-10T22:31:14Z
26.9174533,75.8076106,2018-10-10T22:31:24Z
26.9174533,75.8076106,2018-10-10T22:31:35Z
26.9174533,75.8076106,2018-10-10T22:31:45Z
26.9174533,75.8076106,2018-10-10T22:31:56Z
26.9174533,75.8076106,2018-10-10T22:32:06Z
26.9174533,75.8076106,2018-10-10T22:32:17Z
26.9174533,75.8076106,2018-10-10T22:32:27Z
26.9174533,75.8076106,2018-10-10T22:32:37Z
26.9174533,75.8076106,2018-10-10T22:32:47Z
26.9174533,75.8076106,2018-10-10T22:32:57Z
26.9174533,75.8076106,2018-10-10T22:33:08Z
26.9174533,75.8076106,2018-10-10T22:33:18Z
26.9174533,75.8076106,2018-10-10T22:33:29Z
26.9174533,75.8076106,2018-10-10T22:33:39Z
26.9174533,75.8076106,2018-10-10T22:33:50Z
26.9174533,75.8076106,2018-10-10T22:34:00Z
26.9174533,75.8076106,2018-10-10T22:34:11Z
26.9174533,75.8076106,2018-10-10T22:34:22Z
26.9174533,75.8076106,2018-10-10T22:34:32Z
26.9174533,75.8076106,2018-10-10T22:34:43Z
26.9174533,75.8076106,2018-10-10T22:34:53Z
26.9174533,75.8076106,2018-10-10T22:35:04Z
26.9174533,75.8076106,2018-10-10T22:35:14Z
26.9174533,75.8076106,2018-10-10T22:35:25Z
26.9174533,75.8076106,2018-10-10T22:35:35Z
26.9174533,75.8076106,2018-10-10T22:35:47Z
26.9174533,75.8076106,2018-10-10T22:35:57Z
26.9174533,75.8076106,2018-10-10T22:36:08Z
26.9174533,75.8076106,2018-10-10T22:36:18Z
26.9174533,75.8076106,2018-10-10T22:36:28Z
26.9174533,75.8076106,2018-10-10T22:36:38Z
26.9174533,75.8076106,2018-10-10T22:36:49Z
26.9174533,75.8076106,2018-10-10T22:37:00Z
26.9174533,75.8076106,2018-10-10T22:37:10Z
26.9174533,75.8076106,2018-10-10T22:37:20Z
26.9174533,75.8076106,2018-10-10T22:37:30Z
26.9174533,75.8076106,2018-10-10T22:37:40Z
26.9174553,75.8076087,2018-10-10T22:37:51Z
26.9174553,75.8076087,2018-10-10T22:38:01Z
26.9174553,75.8076087,2018-10-10T22:38:12Z
26.9174553,75.8076087,2018-10-10T22:38:23Z
26.9174553,75.8076087,2018-10-10T22:38:33Z
26.9174553,75.8076087,2018-10-10T22:38:44Z
26.9174553,75.8076087,2018-10-10T22:38:54Z
26.9174553,75.8076087,2018-10-10T22:39:05Z
26.9174553,75.8076087,2018-10-10T22:39:15Z
26.9174553,75.8076087,2018-10-10T22:39:26Z
26.9174553,75.8076087,2018-10-10T22:39:37Z
26.9174553,75.8076087,2018-10-10T22:39:48Z
26.9174553,75.8076087,2018-10-10T22:39:58Z
26.9174553,75.8076087,2018-10-10T22:40:09Z
26.9174553,75.8076087,2018-10-10T22:40:19Z
26.9174553,75.8076087,2018-10-10T22:40:30Z
26.9174553,75.8076087,2018-10-10T22:40:40Z
26.9174553,75.8076087,2018-10-10T22:40:50Z
26.9174553,75.8076087,2018-10-10T22:41:01Z
26.9174553,75.8076087,2018-10-10T22:41:12Z
26.9174553,75.8076087,2018-10-10T22:41:23Z
26.9174553,75.8076087,2018-10-10T22:41:34Z
26.9174553,75.8076087,2018-10-10T22:41:44Z
26.9174553,75.8076087,2018-10-10T22:41:54Z
26.9174553,75.8076087,2018-10-10T22:42:05Z
26.9174553,75.8076087,2018-10-10T22:42:15Z
26.9174553,75.8076087,2018-10-10T22:42:25Z
26.9174553,75.8076087,2018-10-10T22:42:36Z
26.9174553,75.8076087,2018-10-10T22:42:47Z
26.9174553,75.8076087,2018-10-10T22:42:58Z
26.9174553,75.8076087,2018-10-10T22:43:08Z
26.9174553,75.8076087,2018-10-10T22:43:18Z
26.9174553,75.8076087,2018-10-10T22:43:28Z
26.9174553,75.8076087,2018-10-10T22:43:38Z
26.9174553,75.8076087,2018-10-10T22:43:49Z
26.9174553,75.8076087,2018-10-10T22:43:59Z
26.9174553,75.8076087,2018-10-10T22:44:09Z
26.9174553,75.8076087,2018-10-10T22:44:20Z
26.9174553,75.8076087,2018-10-10T22:44:30Z
26.9174553,75.8076087,2018-10-10T22:44:41Z
26.9174553,75.8076087,2018-10-10T22:44:52Z
26.9174553,75.8076087,2018-10-10T22:45:03Z
26.9174553,75.8076087,2018-10-10T22:45:13Z
26.9174553,75.8076087,2018-10-10T22:45:25Z
26.9174553,75.8076087,2018-10-10T22:45:35Z
26.9174553,75.8076087,2018-10-10T22:45:46Z
26.9174553,75.8076087,2018-10-10T22:45:56Z
26.9174553,75.8076087,2018-10-10T22:46:06Z
26.9174553,75.8076087,2018-10-10T22:46:17Z
26.9174553,75.8076087,2018-10-10T22:46:27Z
26.9174553,75.8076087,2018-10-10T22:46:38Z
26.9174553,75.8076087,2018-10-10T22:46:48Z
26.9174553,75.8076087,2018-10-10T22:46:58Z
26.9174553,75.8076087,2018-10-10T22:47:09Z
26.9174553,75.8076087,2018-10-10T22:47:19Z
26.9174553,75.8076087,2018-10-10T22:47:30Z
26.9174553,75.8076087,2018-10-10T22:47:40Z
26.9174553,75.8076087,2018-10-10T22:47:51Z
26.9174553,75.8076087,2018-10-10T22:48:01Z
26.9174553,75.8076087,2018-10-10T22:48:12Z
26.9174553,75.8076087,2018-10-10T22:48:23Z
26.9174553,75.8076087,2018-10-10T22:48:34Z
26.9174553,75.8076087,2018-10-10T22:48:45Z
26.9174553,75.8076087,2018-10-10T22:48:56Z
26.9174553,75.8076087,2018-10-10T22:49:06Z
26.9174553,75.8076087,2018-10-10T22:49:17Z
26.9174553,75.8076087,2018-10-10T22:49:27Z
26.9174553,75.8076087,2018-10-10T22:49:38Z
26.9174553,75.8076087,2018-10-10T22:49:49Z
26.9174553,75.8076087,2018-10-10T22:49:59Z
26.9174553,75.8076087,2018-10-10T22:50:10Z
26.9174553,75.8076087,2018-10-10T22:50:20Z
26.9174553,75.8076087,2018-10-10T22:50:31Z
26.9174553,75.8076087,2018-10-10T22:50:41Z
26.9174553,75.8076087,2018-10-10T22:50:52Z
26.9174553,75.8076087,2018-10-10T22:51:02Z
26.9174553,75.8076087,2018-10-10T22:51:13Z
26.9174553,75.8076087,2018-10-10T22:51:23Z
26.9174553,75.8076087,2018-10-10T22:51:33Z
26.9174553,75.8076087,2018-10-10T22:51:44Z
26.9174553,75.8076087,2018-10-10T22:51:55Z
26.9174553,75.8076087,2018-10-10T22:52:06Z
26.9174553,75.8076087,2018-10-10T22:52:17Z
26.9174553,75.8076087,2018-10-10T22:52:28Z
26.9174553,75.8076087,2018-10-10T22:52:38Z
26.9174553,75.8076087,2018-10-10T22:52:49Z
26.9174553,75.8076087,2018-10-10T22:52:59Z
26.9174553,75.8076087,2018-10-10T22:53:10Z
26.9174553,75.8076087,2018-10-10T22:53:21Z
26.9174553,75.8076087,2018-10-10T22:53:32Z
26.9174553,75.8076087,2018-10-10T22:53:42Z
26.9174553,75.8076087,2018-10-10T22:53:53Z
26.9174553,75.8076087,2018-10-10T22:54:03Z
26.9174553,75.8076087,2018-10-10T22:54:14Z
26.9174553,75.8076087,2018-10-10T22:54:25Z
26.9174553,75.8076087,2018-10-10T22:54:35Z
26.9174553,75.8076087,2018-10-10T22:54:46Z
26.9174553,75.8076087,2018-10-10T22:54:57Z
26.9174553,75.8076087,2018-10-10T22:55:07Z
26.9174553,75.8076087,2018-10-10T22:55:18Z
26.9174553,75.8076087,2018-10-10T22:55:29Z
26.9174553,75.8076087,2018-10-10T22:55:40Z
26.9174553,75.8076087,2018-10-10T22:55:51Z
26.9174553,75.8076087,2018-10-10T22:56:01Z
26.9174553,75.8076087,2018-10-10T22:56:11Z
26.9174553,75.8076087,2018-10-10T22:56:23Z
26.9174553,75.8076087,2018-10-10T22:56:33Z
26.9174553,75.8076087,2018-10-10T22:56:43Z
26.9174553,75.8076087,2018-10-10T22:56:54Z
26.9174553,75.8076087,2018-10-10T22:57:05Z
26.9174553,75.8076087,2018-10-10T22:57:15Z
26.9174553,75.8076087,2018-10-10T22:57:25Z
26.9174553,75.8076087,2018-10-10T22:57:36Z
26.9174553,75.8076087,2018-10-10T22:57:46Z
26.9174553,75.8076087,2018-10-10T22:57:57Z
26.9174553,75.8076087,2018-10-10T22:58:08Z
26.9174553,75.8076087,2018-10-10T22:58:18Z
26.9174553,75.8076087,2018-10-10T22:58:29Z
26.9174553,75.8076087,2018-10-10T22:58:39Z
26.9174553,75.8076087,2018-10-10T22:58:49Z
26.9174553,75.8076087,2018-10-10T22:59:00Z
26.9174553,75.8076087,2018-10-10T22:59:10Z
26.9174553,75.8076087,2018-10-10T22:59:21Z
26.9174553,75.8076087,2018-10-10T22:59:32Z
26.9174553,75.8076087,2018-10-10T22:59:42Z
26.9174553,75.8076087,2018-10-10T22:59:52Z
26.9174553,75.8076087,2018-10-10T23:00:02Z
26.9174553,75.8076087,2018-10-10T23:00:12Z
26.9174553,75.8076087,2018-10-10T23:00:23Z
26.9174553,75.8076087,2018-10-10T23:00:34Z
26.9174553,75.8076087,2018-10-10T23:00:44Z
26.9174553,75.8076087,2018-10-10T23:00:54Z
26.9174553,75.8076087,2018-10-10T23:01:04Z
26.9174553,75.8076087,2018-10-10T23:01:15Z
26.9174553,75.8076087,2018-10-10T23:01:25Z
26.9174553,75.8076087,2018-10-10T23:01:36Z
26.9174553,75.8076087,2018-10-10T23:01:47Z
26.9174553,75.8076087,2018-10-10T23:01:58Z
26.9174553,75.8076087,2018-10-10T23:02:08Z
26.9174553,75.8076087,2018-10-10T23:02:19Z
26.9174553,75.8076087,2018-10-10T23:02:29Z
26.9174553,75.8076087,2018-10-10T23:02:40Z
26.9174553,75.8076087,2018-10-10T23:02:51Z
26.9174553,75.8076087,2018-10-10T23:03:02Z
26.9174553,75.8076087,2018-10-10T23:03:13Z
26.9174553,75.8076087,2018-10-10T23:03:23Z
26.9174553,75.8076087,2018-10-10T23:03:34Z
26.9174553,75.8076087,2018-10-10T23:03:44Z
26.9174553,75.8076087,2018-10-10T23:03:55Z
26.9174553,75.8076087,2018-10-10T23:04:06Z
26.9174553,75.8076087,2018-10-10T23:04:17Z
26.9174553,75.8076087,2018-10-10T23:04:27Z
26.9174553,75.8076087,2018-10-10T23:04:38Z
26.9174553,75.8076087,2018-10-10T23:04:48Z
26.9174553,75.8076087,2018-10-10T23:04:59Z
26.9174553,75.8076087,2018-10-10T23:05:10Z
26.9174553,75.8076087,2018-10-10T23:05:20Z
26.9174553,75.8076087,2018-10-10T23:05:31Z
26.9174553,75.8076087,2018-10-10T23:05:42Z
26.9174553,75.8076087,2018-10-10T23:05:53Z
26.9174582,75.8075931,2018-10-10T23:06:03Z
26.9174582,75.8075931,2018-10-10T23:06:13Z
26.9174691,75.8075860,2018-10-10T23:06:24Z
26.9174691,75.8075860,2018-10-10T23:06:34Z
26.9174691,75.8075860,2018-10-10T23:06:45Z
26.9174691,75.8075860,2018-10-10T23:06:55Z
26.9174691,75.8075860,2018-10-10T23:07:05Z
26.9174691,75.8075860,2018-10-10T23:07:15Z
26.9174691,75.8075860,2018-10-10T23:07:25Z
26.9174691,75.8075860,2018-10-10T23:07:35Z
26.9174691,75.8075860,2018-10-10T23:07:46Z
26.9174691,75.8075860,2018-10-10T23:07:56Z
26.9174691,75.8075860,2018-10-10T23:08:06Z
26.9174691,75.8075860,2018-10-10T23:08:17Z
26.9174691,75.8075860,2018-10-10T23:08:28Z
26.9174691,75.8075860,2018-10-10T23:08:38Z
26.9174691,75.8075860,2018-10-10T23:08:49Z
26.9174691,75.8075860,2018-10-10T23:09:00Z
26.9174691,75.8075860,2018-10-10T23:09:10Z
26.9174691,75.8075860,2018-10-10T23:09:21Z
26.9174691,75.8075860,2018-10-10T23:09:31Z
26.9174691,75.8075860,2018-10-10T23:09:42Z
26.9174691,75.8075860,2018-10-10T23:09:53Z
26.9174691,75.8075860,2018-10-10T23:10:03Z
26.9174691,75.8075860,2018-10-10T23:10:14Z
26.9174691,75.8075860,2018-10-10T23:10:24Z
26.9174691,75.8075860,2018-10-10T23:10:35Z
26.9174691,75.8075860,2018-10-10T23:10:46Z
26.9174691,75.8075860,2018-10-10T23:10:56Z
26.9174691,75.8075860,2018-10-10T23:11:06Z
26.9174691,75.8075860,2018-10-10T23:11:17Z
26.9174691,75.8075860,2018-10-10T23:11:28Z
26.9174691,75.8075860,2018-10-10T23:11:39Z
26.9174691,75.8075860,2018-10-10T23:11:50Z
26.9174691,75.8075860,2018-10-10T23:12:00Z
26.9174691,75.8075860,2018-10-10T23:12:11Z
26.9174691,75.8075860,2018-10-10T23:12:21Z
26.9174691,75.8075860,2018-10-10T23:12:32Z
26.9174691,75.8075860,2018-10-10T23:12:43Z
26.9174691,75.8075860,2018-10-10T23:12:54Z
26.9174691,75.8075860,2018-10-10T23:13:04Z
26.9174691,75.8075860,2018-10-10T23:13:14Z
26.9174691,75.8075860,2018-10-10T23:13:25Z
26.9174691,75.8075860,2018-10-10T23:13:35Z
26.9174691,75.8075860,2018-10-10T23:13:46Z
26.9174691,75.8075860,2018-10-10T23:13:56Z
26.9174691,75.8075860,2018-10-10T23:14:07Z
26.9174691,75.8075860,2018-10-10T23:14:17Z
26.9174691,75.8075860,2018-10-10T23:14:27Z
26.9174691,75.8075860,2018-10-10T23:14:38Z
26.9174691,75.8075860,2018-10-10T23:14:48Z
26.9174691,75.8075860,2018-10-10T23:14:59Z
26.9174691,75.8075860,2018-10-10T23:15:09Z
26.9174691,75.8075860,2018-10-10T23:15:19Z
26.9174691,75.8075860,2018-10-10T23:15:30Z
26.9174691,75.8075860,2018-10-10T23:15:41Z
26.9174691,75.8075860,2018-10-10T23:15:51Z
26.9174691,75.8075860,2018-10-10T23:16:01Z
26.9174691,75.8075860,2018-10-10T23:16:11Z
26.9174691,75.8075860,2018-10-10T23:16:21Z
26.9174691,75.8075860,2018-10-10T23:16:32Z
26.9174691,75.8075860,2018-10-10T23:16:42Z
26.9174691,75.8075860,2018-10-10T23:16:53Z
26.9174691,75.8075860,2018-10-10T23:17:04Z
26.9174691,75.8075860,2018-10-10T23:17:14Z
26.9174691,75.8075860,2018-10-10T23:17:25Z
26.9174691,75.8075860,2018-10-10T23:17:36Z
26.9174691,75.8075860,2018-10-10T23:17:47Z
26.9174691,75.8075860,2018-10-10T23:17:57Z
26.9174691,75.8075860,2018-10-10T23:18:08Z
26.9174691,75.8075860,2018-10-10T23:18:18Z
26.9174691,75.8075860,2018-10-10T23:18:28Z
26.9174691,75.8075860,2018-10-10T23:18:39Z
26.9174691,75.8075860,2018-10-10T23:18:49Z
26.9174691,75.8075860,2018-10-10T23:19:00Z
26.9174691,75.8075860,2018-10-10T23:19:10Z
26.9174691,75.8075860,2018-10-10T23:19:20Z
26.9174691,75.8075860,2018-10-10T23:19:30Z
26.9174691,75.8075860,2018-10-10T23:19:41Z
26.9174691,75.8075860,2018-10-10T23:19:52Z
26.9174691,75.8075860,2018-10-10T23:20:03Z
26.9174691,75.8075860,2018-10-10T23:20:14Z
26.9174691,75.8075860,2018-10-10T23:20:24Z
26.9174691,75.8075860,2018-10-10T23:20:35Z
26.9174691,75.8075860,2018-10-10T23:20:45Z
26.9174691,75.8075860,2018-10-10T23:20:55Z
26.9174691,75.8075860,2018-10-10T23:21:06Z
26.9174691,75.8075860,2018-10-10T23:21:16Z
26.9174691,75.8075860,2018-10-10T23:21:26Z
26.9174691,75.8075860,2018-10-10T23:21:36Z
26.9174691,75.8075860,2018-10-10T23:21:46Z
26.9174691,75.8075860,2018-10-10T23:21:57Z
26.9174691,75.8075860,2018-10-10T23:22:07Z
26.9174691,75.8075860,2018-10-10T23:22:18Z
26.9174691,75.8075860,2018-10-10T23:22:29Z
26.9174691,75.8075860,2018-10-10T23:22:40Z
26.9174691,75.8075860,2018-10-10T23:22:50Z
26.9174691,75.8075860,2018-10-10T23:23:01Z
26.9174691,75.8075860,2018-10-10T23:23:11Z
26.9174691,75.8075860,2018-10-10T23:23:22Z
26.9174691,75.8075860,2018-10-10T23:23:33Z
26.9174691,75.8075860,2018-10-10T23:23:44Z
26.9174691,75.8075860,2018-10-10T23:23:55Z
26.9174691,75.8075860,2018-10-10T23:24:05Z
26.9174691,75.8075860,2018-10-10T23:24:16Z
26.9174691,75.8075860,2018-10-10T23:24:27Z
26.9174691,75.8075860,2018-10-10T23:24:37Z
26.9174691,75.8075860,2018-10-10T23:24:47Z
26.9174691,75.8075860,2018-10-10T23:24:57Z
26.9174691,75.8075860,2018-10-10T23:25:07Z
26.9174691,75.8075860,2018-10-10T23:25:18Z
26.9174691,75.8075860,2018-10-10T23:25:29Z
26.9174691,75.8075860,2018-10-10T23:25:39Z
26.9174691,75.8075860,2018-10-10T23:25:50Z
26.9174691,75.8075860,2018-10-10T23:26:01Z
26.9174691,75.8075860,2018-10-10T23:26:11Z
26.9174691,75.8075860,2018-10-10T23:26:21Z
26.9174691,75.8075860,2018-10-10T23:26:32Z
26.9174691,75.8075860,2018-10-10T23:26:43Z
26.9174691,75.8075860,2018-10-10T23:26:54Z
26.9174691,75.8075860,2018-10-10T23:27:05Z
26.9174691,75.8075860,2018-10-10T23:27:15Z
26.9174691,75.8075860,2018-10-10T23:27:26Z
26.9174691,75.8075860,2018-10-10T23:27:37Z
26.9174691,75.8075860,2018-10-10T23:27:48Z
26.9174691,75.8075860,2018-10-10T23:27:59Z
26.9174691,75.8075860,2018-10-10T23:28:09Z
26.9174691,75.8075860,2018-10-10T23:28:19Z
26.9174691,75.8075860,2018-10-10T23:28:30Z
26.9174691,75.8075860,2018-10-10T23:28:41Z
26.9174691,75.8075860,2018-10-10T23:28:52Z
26.9174691,75.8075860,2018-10-10T23:29:02Z
26.9174691,75.8075860,2018-10-10T23:29:12Z
26.9174691,75.8075860,2018-10-10T23:29:23Z
26.9174691,75.8075860,2018-10-10T23:29:33Z
26.9174691,75.8075860,2018-10-10T23:29:44Z
26.9174691,75.8075860,2018-10-10T23:29:54Z
26.9174679,75.8075923,2018-10-10T23:30:05Z
26.9174679,75.8075923,2018-10-10T23:30:15Z
26.9174679,75.8075923,2018-10-10T23:30:26Z
26.9174679,75.8075923,2018-10-10T23:30:36Z
26.9174679,75.8075923,2018-10-10T23:30:47Z
26.9174679,75.8075923,2018-10-10T23:30:57Z
26.9174679,75.8075923,2018-10-10T23:31:07Z
26.9174679,75.8075923,2018-10-10T23:31:17Z
26.9174679,75.8075923,2018-10-10T23:31:28Z
26.9174679,75.8075923,2018-10-10T23:31:38Z
26.9174679,75.8075923,2018-10-10T23:31:48Z
26.9174679,75.8075923,2018-10-10T23:31:59Z
26.9174679,75.8075923,2018-10-10T23:32:10Z
26.9174679,75.8075923,2018-10-10T23:32:21Z
26.9174679,75.8075923,2018-10-10T23:32:31Z
26.9174679,75.8075923,2018-10-10T23:32:42Z
26.9174679,75.8075923,2018-10-10T23:32:52Z
26.9174679,75.8075923,2018-10-10T23:33:02Z
26.9174679,75.8075923,2018-10-10T23:33:13Z
26.9174679,75.8075923,2018-10-10T23:33:24Z
26.9174679,75.8075923,2018-10-10T23:33:34Z
26.9174679,75.8075923,2018-10-10T23:33:44Z
26.9174679,75.8075923,2018-10-10T23:33:55Z
26.9174679,75.8075923,2018-10-10T23:34:06Z
26.9174679,75.8075923,2018-10-10T23:34:17Z
26.9174679,75.8075923,2018-10-10T23:34:28Z
26.9174679,75.8075923,2018-10-10T23:34:39Z
26.9174679,75.8075923,2018-10-10T23:34:50Z
26.9174679,75.8075923,2018-10-10T23:35:01Z
26.9174679,75.8075923,2018-10-10T23:35:11Z
26.9174679,75.8075923,2018-10-10T23:35:22Z
26.9174679,75.8075923,2018-10-10T23:35:32Z
26.9174679,75.8075923,2018-10-10T23:35:43Z
26.9174679,75.8075923,2018-10-10T23:35:53Z
26.9174679,75.8075923,2018-10-10T23:36:04Z
26.9174679,75.8075923,2018-10-10T23:36:14Z
26.9174679,75.8075923,2018-10-10T23:36:25Z
26.9174679,75.8075923,2018-10-10T23:36:35Z
26.9174679,75.8075923,2018-10-10T23:36:46Z
26.9174679,75.8075923,2018-10-10T23:36:57Z
26.9174679,75.8075923,2018-10-10T23:37:08Z
26.9174679,75.8075923,2018-10-10T23:37:18Z
26.9174679,75.8075923,2018-10-10T23:37:29Z
26.9174679,75.8075923,2018-10-10T23:37:39Z
26.9174679,75.8075923,2018-10-10T23:37:49Z
26.9174679,75.8075923,2018-10-10T23:37:59Z
26.9174679,75.8075923,2018-10-10T23:38:09Z
26.9174679,75.8075923,2018-10-10T23:38:20Z
26.9174679,75.8075923,2018-10-10T23:38:31Z
26.9174679,75.8075923,2018-10-10T23:38:41Z
26.9174679,75.8075923,2018-10-10T23:38:51Z
26.9174679,75.8075923,2018-10-10T23:39:01Z
26.9174679,75.8075923,2018-10-10T23:39:12Z
26.9174679,75.8075923,2018-10-10T23:39:23Z
26.9174679,75.8075923,2018-10-10T23:39:33Z
26.9174679,75.8075923,2018-10-10T23:39:44Z
26.9174679,75.8075923,2018-10-10T23:39:54Z
26.9174679,75.8075923,2018-10-10T23:40:04Z
26.9174679,75.8075923,2018-10-10T23:40:15Z
26.9174679,75.8075923,2018-10-10T23:40:25Z
26.9174679,75.8075923,2018-10-10T23:40:36Z
26.9174679,75.8075923,2018-10-10T23:40:46Z
26.9174679,75.8075923,2018-10-10T23:40:57Z
26.9174679,75.8075923,2018-10-10T23:41:07Z
26.9174679,75.8075923,2018-10-10T23:41:17Z
26.9174679,75.8075923,2018-10-10T23:41:28Z
26.9174679,75.8075923,2018-10-10T23:41:38Z
26.9174679,75.8075923,2018-10-10T23:41:49Z
26.9174679,75.8075923,2018-10-10T23:41:59Z
26.9174679,75.8075923,2018-10-10T23:42:10Z
26.9174679,75.8075923,2018-10-10T23:42:20Z
26.9174679,75.8075923,2018-10-10T23:42:31Z
26.9174679,75.8075923,2018-10-10T23:42:42Z
26.9174679,75.8075923,2018-10-10T23:42:52Z
26.9174679,75.8075923,2018-10-10T23:43:03Z
26.9174679,75.8075923,2018-10-10T23:43:13Z
26.9174679,75.8075923,2018-10-10T23:43:24Z
26.9174679,75.8075923,2018-10-10T23:43:34Z
26.9174679,75.8075923,2018-10-10T23:43:44Z
26.9174679,75.8075923,2018-10-10T23:43:55Z
26.9174679,75.8075923,2018-10-10T23:44:06Z
26.9174679,75.8075923,2018-10-10T23:44:16Z
26.9174679,75.8075923,2018-10-10T23:44:26Z
26.9174679,75.8075923,2018-10-10T23:44:37Z
26.9174679,75.8075923,2018-10-10T23:44:47Z
26.9174679,75.8075923,2018-10-10T23:44:57Z
26.9174679,75.8075923,2018-10-10T23:45:08Z
26.9174679,75.8075923,2018-10-10T23:45:18Z
26.9174679,75.8075923,2018-10-10T23:45:29Z
26.9174679,75.8075923,2018-10-10T23:45:39Z
26.9174679,75.8075923,2018-10-10T23:45:49Z
26.9174679,75.8075923,2018-10-10T23:46:00Z
26.9174679,75.8075923,2018-10-10T23:46:11Z
26.9174679,75.8075923,2018-10-10T23:46:22Z
26.9174679,75.8075923,2018-10-10T23:46:32Z
26.9174679,75.8075923,2018-10-10T23:46:43Z
26.9174679,75.8075923,2018-10-10T23:46:53Z
26.9174631,75.8075959,2018-10-10T23:47:04Z
26.9174630,75.8075960,2018-10-10T23:47:14Z
26.9174630,75.8075960,2018-10-10T23:47:25Z
26.9174630,75.8075960,2018-10-10T23:47:35Z
26.9174630,75.8075960,2018-10-10T23:47:46Z
26.9174630,75.8075960,2018-10-10T23:47:56Z
26.9174630,75.8075960,2018-10-10T23:48:07Z
26.9174630,75.8075960,2018-10-10T23:48:17Z
26.9174630,75.8075960,2018-10-10T23:48:28Z
26.9174630,75.8075960,2018-10-10T23:48:39Z
26.9174630,75.8075960,2018-10-10T23:48:49Z
26.9174630,75.8075960,2018-10-10T23:48:59Z
26.9174630,75.8075960,2018-10-10T23:49:10Z
26.9174630,75.8075960,2018-10-10T23:49:21Z
26.9174630,75.8075960,2018-10-10T23:49:31Z
26.9174630,75.8075960,2018-10-10T23:49:42Z
26.9174630,75.8075960,2018-10-10T23:49:53Z
26.9174630,75.8075960,2018-10-10T23:50:04Z
26.9174630,75.8075960,2018-10-10T23:50:15Z
26.9174614,75.8075997,2018-10-10T23:50:25Z
26.9174614,75.8075997,2018-10-10T23:50:36Z
26.9174614,75.8075997,2018-10-10T23:50:47Z
26.9174587,75.8076012,2018-10-10T23:50:57Z
26.9174587,75.8076012,2018-10-10T23:51:08Z
26.9174587,75.8076012,2018-10-10T23:51:18Z
26.9174587,75.8076012,2018-10-10T23:51:29Z
26.9174587,75.8076012,2018-10-10T23:51:39Z
26.9174587,75.8076012,2018-10-10T23:51:50Z
26.9174569,75.8076027,2018-10-10T23:52:01Z
26.9174569,75.8076027,2018-10-10T23:52:11Z
26.9174569,75.8076027,2018-10-10T23:52:21Z
26.9174569,75.8076027,2018-10-10T23:52:32Z
26.9174569,75.8076027,2018-10-10T23:52:43Z
26.9174569,75.8076027,2018-10-10T23:52:53Z
26.9174569,75.8076027,2018-10-10T23:53:04Z
26.9174569,75.8076027,2018-10-10T23:53:14Z
26.9174569,75.8076027,2018-10-10T23:53:25Z
26.9174569,75.8076027,2018-10-10T23:53:35Z
26.9174569,75.8076027,2018-10-10T23:53:45Z
26.9174569,75.8076027,2018-10-10T23:53:56Z
26.9174569,75.8076027,2018-10-10T23:54:07Z
26.9174569,75.8076027,2018-10-10T23:54:17Z
26.9174569,75.8076027,2018-10-10T23:54:28Z
26.9174569,75.8076027,2018-10-10T23:54:39Z
26.9174569,75.8076027,2018-10-10T23:54:49Z
26.9174569,75.8076027,2018-10-10T23:54:59Z
26.9174569,75.8076027,2018-10-10T23:55:10Z
26.9174569,75.8076027,2018-10-10T23:55:20Z
26.9174569,75.8076027,2018-10-10T23:55:31Z
26.9174569,75.8076027,2018-10-10T23:55:42Z
26.9174569,75.8076027,2018-10-10T23:55:53Z
26.9174569,75.8076027,2018-10-10T23:56:04Z
26.9174569,75.8076027,2018-10-10T23:56:15Z
26.9174569,75.8076027,2018-10-10T23:56:26Z
26.9174569,75.8076027,2018-10-10T23:56:37Z
26.9174569,75.8076027,2018-10-10T23:56:48Z
26.9174569,75.8076027,2018-10-10T23:56:58Z
26.9174569,75.8076027,2018-10-10T23:57:09Z
26.9174569,75.8076027,2018-10-10T23:57:19Z
26.9174569,75.8076027,2018-10-10T23:57:29Z
26.9174569,75.8076027,2018-10-10T23:57:40Z
26.9174569,75.8076027,2018-10-10T23:57:50Z
26.9174569,75.8076027,2018-10-10T23:58:00Z
26.9174569,75.8076027,2018-10-10T23:58:11Z
26.9174569,75.8076027,2018-10-10T23:58:21Z
26.9174569,75.8076027,2018-10-10T23:58:32Z
26.9174569,75.8076027,2018-10-10T23:58:42Z
26.9174569,75.8076027,2018-10-10T23:58:52Z
26.9174569,75.8076027,2018-10-10T23:59:03Z
26.9174569,75.8076027,2018-10-10T23:59:13Z
26.9174569,75.8076027,2018-10-10T23:59:24Z
26.9174569,75.8076027,2018-10-10T23:59:35Z
26.9174569,75.8076027,2018-10-10T23:59:45Z
26.9174569,75.8076027,2018-10-10T23:59:56Z
26.9174569,75.8076027,2018-10-11T00:00:07Z
26.9174569,75.8076027,2018-10-11T00:00:17Z
26.9174569,75.8076027,2018-10-11T00:00:28Z
26.9174569,75.8076027,2018-10-11T00:00:38Z
26.9174569,75.8076027,2018-10-11T00:00:48Z
26.9174569,75.8076027,2018-10-11T00:00:59Z
26.9174569,75.8076027,2018-10-11T00:01:10Z
26.9174569,75.8076027,2018-10-11T00:01:20Z
26.9174569,75.8076027,2018-10-11T00:01:31Z
26.9174569,75.8076027,2018-10-11T00:01:42Z
26.9174569,75.8076027,2018-10-11T00:01:52Z
26.9174569,75.8076027,2018-10-11T00:02:03Z
26.9174569,75.8076027,2018-10-11T00:02:14Z
26.9174569,75.8076027,2018-10-11T00:02:24Z
26.9174569,75.8076027,2018-10-11T00:02:35Z
26.9174569,75.8076027,2018-10-11T00:02:45Z
26.9174569,75.8076027,2018-10-11T00:02:56Z
26.9174569,75.8076027,2018-10-11T00:03:06Z
26.9174569,75.8076027,2018-10-11T00:03:17Z
26.9174569,75.8076027,2018-10-11T00:03:27Z
26.9174569,75.8076027,2018-10-11T00:03:38Z
26.9174569,75.8076027,2018-10-11T00:03:49Z
26.9174569,75.8076027,2018-10-11T00:03:59Z
26.9174569,75.8076027,2018-10-11T00:04:10Z
26.9174569,75.8076027,2018-10-11T00:04:20Z
26.9174407,75.8075984,2018-10-11T00:04:31Z
26.9174407,75.8075984,2018-10-11T00:04:42Z
26.9174407,75.8075984,2018-10-11T00:04:52Z
26.9174407,75.8075984,2018-10-11T00:05:03Z
26.9174365,75.8075990,2018-10-11T00:05:14Z
26.9174347,75.8076036,2018-10-11T00:05:24Z
26.9174359,75.8076077,2018-10-11T00:05:34Z
26.9174357,75.8076080,2018-10-11T00:05:45Z
26.9174357,75.8076080,2018-10-11T00:05:55Z
26.9174357,75.8076080,2018-10-11T00:06:06Z
26.9174357,75.8076080,2018-10-11T00:06:16Z
26.9174357,75.8076080,2018-10-11T00:06:27Z
26.9174357,75.8076080,2018-10-11T00:06:38Z
26.9174357,75.8076080,2018-10-11T00:06:49Z
26.9174357,75.8076080,2018-10-11T00:07:00Z
26.9174357,75.8076080,2018-10-11T00:07:11Z
26.9174357,75.8076080,2018-10-11T00:07:21Z
26.9174357,75.8076080,2018-10-11T00:07:32Z
26.9174357,75.8076080,2018-10-11T00:07:42Z
26.9174357,75.8076080,2018-10-11T00:07:53Z
26.9174357,75.8076080,2018-10-11T00:08:03Z
26.9174357,75.8076080,2018-10-11T00:08:14Z
26.9174357,75.8076080,2018-10-11T00:08:25Z
26.9174357,75.8076080,2018-10-11T00:08:35Z
26.9174357,75.8076080,2018-10-11T00:08:46Z
26.9174357,75.8076080,2018-10-11T00:08:56Z
26.9174357,75.8076080,2018-10-11T00:09:06Z
26.9174357,75.8076080,2018-10-11T00:09:16Z
26.9174357,75.8076080,2018-10-11T00:09:27Z
26.9174357,75.8076080,2018-10-11T00:09:38Z
26.9174357,75.8076080,2018-10-11T00:09:48Z
26.9174357,75.8076080,2018-10-11T00:09:59Z
26.9174339,75.8076141,2018-10-11T00:10:10Z
26.9174302,75.8076142,2018-10-11T00:10:21Z
26.9174302,75.8076142,2018-10-11T00:10:31Z
26.9174302,75.8076142,2018-10-11T00:10:41Z
26.9174291,75.8076170,2018-10-11T00:10:52Z
26.9174291,75.8076170,2018-10-11T00:11:03Z
26.9174291,75.8076170,2018-10-11T00:11:13Z
26.9174291,75.8076170,2018-10-11T00:11:23Z
26.9174291,75.8076170,2018-10-11T00:11:33Z
26.9174291,75.8076170,2018-10-11T00:11:43Z
26.9174291,75.8076170,2018-10-11T00:11:54Z
26.9174291,75.8076170,2018-10-11T00:12:05Z
26.9174291,75.8076170,2018-10-11T00:12:15Z
26.9174291,75.8076170,2018-10-11T00:12:25Z
26.9174291,75.8076170,2018-10-11T00:12:36Z
26.9174291,75.8076170,2018-10-11T00:12:46Z
26.9174291,75.8076170,2018-10-11T00:12:56Z
26.9174291,75.8076170,2018-10-11T00:13:06Z
26.9174291,75.8076170,2018-10-11T00:13:17Z
26.9174291,75.8076170,2018-10-11T00:13:28Z
26.9174291,75.8076170,2018-10-11T00:13:38Z
26.9174291,75.8076170,2018-10-11T00:13:48Z
26.9174291,75.8076170,2018-10-11T00:13:59Z
26.9174291,75.8076170,2018-10-11T00:14:10Z
26.9174291,75.8076170,2018-10-11T00:14:21Z
26.9174291,75.8076170,2018-10-11T00:14:32Z
26.9174291,75.8076170,2018-10-11T00:14:43Z
26.9174291,75.8076170,2018-10-11T00:14:54Z
26.9174291,75.8076170,2018-10-11T00:15:04Z
26.9174291,75.8076170,2018-10-11T00:15:15Z
26.9174291,75.8076170,2018-10-11T00:15:25Z
26.9174291,75.8076170,2018-10-11T00:15:36Z
26.9174291,75.8076170,2018-10-11T00:15:46Z
26.9174291,75.8076170,2018-10-11T00:15:57Z
26.9174291,75.8076170,2018-10-11T00:16:08Z
26.9174291,75.8076170,2018-10-11T00:16:18Z
26.9174291,75.8076170,2018-10-11T00:16:29Z
26.9174291,75.8076170,2018-10-11T00:16:40Z
26.9174291,75.8076170,2018-10-11T00:16:51Z
26.9174291,75.8076170,2018-10-11T00:17:01Z
26.9174291,75.8076170,2018-10-11T00:17:12Z
26.9174291,75.8076170,2018-10-11T00:17:22Z
26.9174291,75.8076170,2018-10-11T00:17:33Z
26.9174291,75.8076170,2018-10-11T00:17:43Z
26.9174291,75.8076170,2018-10-11T00:17:53Z
26.9174291,75.8076170,2018-10-11T00:18:04Z
26.9174291,75.8076170,2018-10-11T00:18:14Z
26.9174291,75.8076170,2018-10-11T00:18:25Z
26.9174291,75.8076170,2018-10-11T00:18:36Z
26.9174291,75.8076170,2018-10-11T00:18:46Z
26.9174291,75.8076170,2018-10-11T00:18:57Z
26.9174291,75.8076170,2018-10-11T00:19:07Z
26.9174291,75.8076170,2018-10-11T00:19:18Z
26.9174291,75.8076170,2018-10-11T00:19:28Z
26.9174291,75.8076170,2018-10-11T00:19:39Z
26.9174291,75.8076170,2018-10-11T00:19:50Z
26.9174291,75.8076170,2018-10-11T00:20:01Z
26.9174291,75.8076170,2018-10-11T00:20:12Z
26.9174291,75.8076170,2018-10-11T00:20:23Z
26.9174291,75.8076170,2018-10-11T00:20:34Z
26.9174291,75.8076170,2018-10-11T00:20:44Z
26.9174291,75.8076170,2018-10-11T00:20:55Z
26.9174291,75.8076170,2018-10-11T00:21:06Z
26.9174291,75.8076170,2018-10-11T00:21:16Z
26.9174291,75.8076170,2018-10-11T00:21:27Z
26.9174291,75.8076170,2018-10-11T00:21:37Z
26.9174291,75.8076170,2018-10-11T00:21:47Z
26.9174291,75.8076170,2018-10-11T00:21:58Z
26.9174291,75.8076170,2018-10-11T00:22:08Z
26.9174291,75.8076170,2018-10-11T00:22:19Z
26.9174291,75.8076170,2018-10-11T00:22:29Z
26.9174291,75.8076170,2018-10-11T00:22:39Z
26.9174291,75.8076170,2018-10-11T00:22:50Z
26.9174291,75.8076170,2018-10-11T00:23:01Z
26.9174291,75.8076170,2018-10-11T00:23:11Z
26.9174291,75.8076170,2018-10-11T00:23:22Z
26.9174291,75.8076170,2018-10-11T00:23:33Z
26.9174291,75.8076170,2018-10-11T00:23:43Z
26.9174291,75.8076170,2018-10-11T00:23:53Z
26.9174291,75.8076170,2018-10-11T00:24:04Z
26.9174251,75.8076238,2018-10-11T00:24:14Z
26.9174224,75.8076297,2018-10-11T00:24:24Z
26.9174168,75.8076341,2018-10-11T00:24:35Z
26.9174161,75.8076343,2018-10-11T00:24:45Z
26.9174155,75.8076340,2018-10-11T00:24:55Z
26.9174142,75.8076337,2018-10-11T00:25:06Z
26.9174131,75.8076338,2018-10-11T00:25:17Z
26.9174131,75.8076339,2018-10-11T00:25:27Z
26.9174131,75.8076339,2018-10-11T00:25:37Z
26.9174131,75.8076339,2018-10-11T00:25:48Z
26.9174148,75.8076391,2018-10-11T00:25:58Z
26.9174148,75.8076391,2018-10-11T00:26:09Z
26.9174148,75.8076391,2018-10-11T00:26:20Z
26.9174148,75.8076391,2018-10-11T00:26:30Z
26.9174148,75.8076391,2018-10-11T00:26:40Z
26.9174148,75.8076391,2018-10-11T00:26:51Z
26.9174148,75.8076391,2018-10-11T00:27:01Z
26.9174148,75.8076391,2018-10-11T00:27:12Z
26.9174148,75.8076391,2018-10-11T00:27:23Z
26.9174148,75.8076391,2018-10-11T00:27:34Z
26.9174148,75.8076391,2018-10-11T00:27:44Z
26.9174148,75.8076391,2018-10-11T00:27:54Z
26.9174148,75.8076391,2018-10-11T00:28:04Z
26.9174148,75.8076391,2018-10-11T00:28:15Z
26.9174148,75.8076391,2018-10-11T00:28:25Z
26.9174148,75.8076391,2018-10-11T00:28:36Z
26.9174148,75.8076391,2018-10-11T00:28:46Z
26.9174148,75.8076391,2018-10-11T00:28:57Z
26.9174148,75.8076391,2018-10-11T00:29:08Z
26.9174148,75.8076391,2018-10-11T00:29:18Z
26.9174148,75.8076391,2018-10-11T00:29:29Z
26.9174148,75.8076391,2018-10-11T00:29:39Z
26.9174148,75.8076391,2018-10-11T00:29:50Z
26.9174148,75.8076391,2018-10-11T00:30:00Z
26.9174148,75.8076391,2018-10-11T00:30:10Z
26.9174148,75.8076391,2018-10-11T00:30:21Z
26.9174148,75.8076391,2018-10-11T00:30:31Z
26.9174148,75.8076391,2018-10-11T00:30:42Z
26.9174148,75.8076391,2018-10-11T00:30:53Z
26.9174148,75.8076391,2018-10-11T00:31:03Z
26.9174148,75.8076391,2018-10-11T00:31:14Z
26.9174148,75.8076391,2018-10-11T00:31:25Z
26.9174148,75.8076391,2018-10-11T00:31:35Z
26.9174148,75.8076391,2018-10-11T00:31:45Z
26.9174148,75.8076391,2018-10-11T00:31:55Z
26.9174148,75.8076391,2018-10-11T00:32:06Z
26.9174148,75.8076391,2018-10-11T00:32:16Z
26.9174148,75.8076391,2018-10-11T00:32:27Z
26.9174148,75.8076391,2018-10-11T00:32:38Z
26.9174148,75.8076391,2018-10-11T00:32:49Z
26.9174148,75.8076391,2018-10-11T00:32:59Z
26.9174148,75.8076391,2018-10-11T00:33:09Z
26.9174148,75.8076391,2018-10-11T00:33:20Z
26.9174148,75.8076391,2018-10-11T00:33:31Z
26.9174148,75.8076391,2018-10-11T00:33:41Z
26.9174148,75.8076391,2018-10-11T00:33:51Z
26.9174148,75.8076391,2018-10-11T00:34:02Z
26.9174148,75.8076391,2018-10-11T00:34:12Z
26.9174148,75.8076391,2018-10-11T00:34:22Z
26.9174148,75.8076391,2018-10-11T00:34:33Z
26.9174148,75.8076391,2018-10-11T00:34:44Z
26.9174148,75.8076391,2018-10-11T00:34:55Z
26.9174148,75.8076391,2018-10-11T00:35:06Z
26.9174148,75.8076391,2018-10-11T00:35:17Z
26.9174148,75.8076391,2018-10-11T00:35:27Z
26.9174148,75.8076391,2018-10-11T00:35:38Z
26.9174148,75.8076391,2018-10-11T00:35:49Z
26.9174148,75.8076391,2018-10-11T00:36:00Z
26.9174148,75.8076391,2018-10-11T00:36:10Z
26.9174148,75.8076391,2018-10-11T00:36:20Z
26.9174148,75.8076391,2018-10-11T00:36:31Z
26.9174148,75.8076391,2018-10-11T00:36:41Z
26.9174148,75.8076391,2018-10-11T00:36:52Z
26.9174148,75.8076391,2018-10-11T00:37:03Z
26.9174148,75.8076391,2018-10-11T00:37:13Z
26.9174148,75.8076391,2018-10-11T00:37:24Z
26.9174148,75.8076391,2018-10-11T00:37:34Z
26.9174148,75.8076391,2018-10-11T00:37:45Z
26.9174148,75.8076391,2018-10-11T00:37:55Z
26.9174148,75.8076391,2018-10-11T00:38:05Z
26.9174148,75.8076391,2018-10-11T00:38:16Z
26.9174148,75.8076391,2018-10-11T00:38:26Z
26.9174148,75.8076391,2018-10-11T00:38:36Z
26.9174148,75.8076391,2018-10-11T00:38:46Z
26.9174148,75.8076391,2018-10-11T00:38:57Z
26.9174148,75.8076391,2018-10-11T00:39:08Z
26.9174148,75.8076391,2018-10-11T00:39:18Z
26.9174148,75.8076391,2018-10-11T00:39:29Z
26.9174148,75.8076391,2018-10-11T00:39:39Z
26.9174148,75.8076391,2018-10-11T00:39:50Z
26.9174148,75.8076391,2018-10-11T00:40:00Z
26.9174148,75.8076391,2018-10-11T00:40:11Z
26.9174148,75.8076391,2018-10-11T00:40:21Z
26.9174148,75.8076391,2018-10-11T00:40:31Z
26.9174148,75.8076391,2018-10-11T00:40:41Z
26.9174148,75.8076391,2018-10-11T00:40:52Z
26.9174148,75.8076391,2018-10-11T00:41:02Z
26.9174148,75.8076391,2018-10-11T00:41:12Z
26.9174148,75.8076391,2018-10-11T00:41:23Z
26.9174148,75.8076391,2018-10-11T00:41:34Z
26.9174148,75.8076391,2018-10-11T00:41:44Z
26.9174148,75.8076391,2018-10-11T00:41:55Z
26.9174148,75.8076391,2018-10-11T00:42:05Z
26.9174148,75.8076391,2018-10-11T00:42:16Z
26.9174148,75.8076391,2018-10-11T00:42:26Z
26.9174148,75.8076391,2018-10-11T00:42:37Z
26.9174148,75.8076391,2018-10-11T00:42:47Z
26.9174148,75.8076391,2018-10-11T00:42:58Z
26.9174148,75.8076391,2018-10-11T00:43:08Z
26.9174148,75.8076391,2018-10-11T00:43:18Z
26.9174148,75.8076391,2018-10-11T00:43:28Z
26.9174148,75.8076391,2018-10-11T00:43:39Z
26.9174148,75.8076391,2018-10-11T00:43:50Z
26.9174148,75.8076391,2018-10-11T00:44:00Z
26.9174148,75.8076391,2018-10-11T00:44:11Z
26.9174148,75.8076391,2018-10-11T00:44:22Z
26.9174148,75.8076391,2018-10-11T00:44:33Z
26.9174148,75.8076391,2018-10-11T00:44:43Z
26.9174148,75.8076391,2018-10-11T00:44:53Z
26.9174148,75.8076391,2018-10-11T00:45:03Z
26.9174148,75.8076391,2018-10-11T00:45:13Z
26.9174148,75.8076391,2018-10-11T00:45:24Z
26.9174158,75.8076379,2018-10-11T00:45:35Z
26.9174158,75.8076379,2018-10-11T00:45:45Z
26.9174158,75.8076379,2018-10-11T00:45:56Z
26.9174158,75.8076379,2018-10-11T00:46:07Z
26.9174158,75.8076379,2018-10-11T00:46:17Z
26.9174158,75.8076379,2018-10-11T00:46:28Z
26.9174158,75.8076379,2018-10-11T00:46:38Z
26.9174158,75.8076379,2018-10-11T00:46:48Z
26.9174155,75.8076377,2018-10-11T00:46:59Z
26.9174156,75.8076376,2018-10-11T00:47:10Z
26.9174156,75.8076376,2018-10-11T00:47:21Z
26.9174156,75.8076376,2018-10-11T00:47:31Z
26.9174156,75.8076376,2018-10-11T00:47:42Z
26.9174156,75.8076376,2018-10-11T00:47:53Z
26.9174156,75.8076376,2018-10-11T00:48:03Z
26.9174156,75.8076376,2018-10-11T00:48:14Z
26.9174156,75.8076376,2018-10-11T00:48:24Z
26.9174156,75.8076376,2018-10-11T00:48:34Z
26.9174156,75.8076376,2018-10-11T00:48:45Z
26.9174156,75.8076376,2018-10-11T00:48:55Z
26.9174156,75.8076376,2018-10-11T00:49:06Z
26.9174156,75.8076376,2018-10-11T00:49:16Z
26.9174156,75.8076376,2018-10-11T00:49:27Z
26.9174156,75.8076376,2018-10-11T00:49:37Z
26.9174156,75.8076376,2018-10-11T00:49:48Z
26.9174156,75.8076376,2018-10-11T00:49:58Z
26.9174156,75.8076376,2018-10-11T00:50:08Z
26.9174156,75.8076376,2018-10-11T00:50:19Z
26.9174156,75.8076376,2018-10-11T00:50:29Z
26.9174113,75.8076374,2018-10-11T00:50:40Z
26.9174103,75.8076376,2018-10-11T00:50:50Z
26.9174102,75.8076377,2018-10-11T00:51:01Z
26.9174090,75.8076378,2018-10-11T00:51:12Z
26.9174088,75.8076384,2018-10-11T00:51:22Z
26.9174089,75.8076396,2018-10-11T00:51:33Z
26.9174089,75.8076396,2018-10-11T00:51:44Z
26.9174097,75.8076399,2018-10-11T00:51:54Z
26.9174097,75.8076403,2018-10-11T00:52:04Z
26.9174102,75.8076401,2018-10-11T00:52:15Z
26.9174102,75.8076401,2018-10-11T00:52:26Z
26.9174104,75.8076371,2018-10-11T00:52:37Z
26.9174101,75.8076351,2018-10-11T00:52:48Z
26.9174094,75.8076345,2018-10-11T00:52:59Z
26.9174089,75.8076333,2018-10-11T00:53:10Z
26.9174086,75.8076327,2018-10-11T00:53:21Z
26.9174086,75.8076327,2018-10-11T00:53:31Z
26.9174085,75.8076324,2018-10-11T00:53:42Z
26.9174100,75.8076319,2018-10-11T00:53:52Z
26.9174100,75.8076319,2018-10-11T00:54:03Z
26.9174103,75.8076320,2018-10-11T00:54:14Z
26.9174103,75.8076320,2018-10-11T00:54:24Z
26.9174103,75.8076325,2018-10-11T00:54:35Z
26.9174103,75.8076325,2018-10-11T00:54:45Z
26.9174109,75.8076317,2018-10-11T00:54:56Z
26.9174115,75.8076305,2018-10-11T00:55:06Z
26.9174119,75.8076284,2018-10-11T00:55:17Z
26.9174119,75.8076284,2018-10-11T00:55:27Z
26.9174134,75.8076246,2018-10-11T00:55:37Z
26.9174135,75.8076245,2018-10-11T00:55:48Z
26.9174136,75.8076249,2018-10-11T00:55:58Z
26.9174136,75.8076249,2018-10-11T00:56:09Z
26.9174136,75.8076249,2018-10-11T00:56:20Z
26.9174136,75.8076249,2018-10-11T00:56:30Z
26.9174136,75.8076249,2018-10-11T00:56:41Z
26.9174136,75.8076249,2018-10-11T00:56:52Z
26.9174136,75.8076249,2018-10-11T00:57:02Z
26.9174136,75.8076249,2018-10-11T00:57:13Z
26.9174136,75.8076249,2018-10-11T00:57:23Z
26.9174143,75.8076261,2018-10-11T00:57:33Z
26.9174143,75.8076261,2018-10-11T00:57:44Z
26.9174149,75.8076268,2018-10-11T00:57:55Z
26.9174147,75.8076268,2018-10-11T00:58:06Z
26.9174154,75.8076265,2018-10-11T00:58:16Z
26.9174154,75.8076265,2018-10-11T00:58:27Z
26.9174154,75.8076265,2018-10-11T00:58:37Z
26.9174154,75.8076265,2018-10-11T00:58:48Z
26.9174154,75.8076265,2018-10-11T00:58:58Z
26.9174154,75.8076265,2018-10-11T00:59:09Z
26.9174154,75.8076265,2018-10-11T00:59:20Z
26.9174154,75.8076265,2018-10-11T00:59:30Z
26.9174154,75.8076265,2018-10-11T00:59:41Z
26.9174154,75.8076265,2018-10-11T00:59:51Z
26.9174154,75.8076265,2018-10-11T01:00:02Z
26.9174154,75.8076265,2018-10-11T01:00:13Z
26.9174154,75.8076265,2018-10-11T01:00:24Z
26.9174154,75.8076265,2018-10-11T01:00:34Z
26.9174154,75.8076265,2018-10-11T01:00:44Z
26.9174154,75.8076265,2018-10-11T01:00:54Z
26.9174154,75.8076265,2018-10-11T01:01:04Z
26.9174154,75.8076265,2018-10-11T01:01:14Z
26.9174154,75.8076265,2018-10-11T01:01:25Z
26.9174154,75.8076265,2018-10-11T01:01:35Z
26.9174154,75.8076265,2018-10-11T01:01:45Z
26.9174154,75.8076265,2018-10-11T01:01:55Z
26.9174154,75.8076265,2018-10-11T01:02:06Z
26.9174169,75.8076270,2018-10-11T01:02:16Z
26.9174172,75.8076277,2018-10-11T01:02:26Z
26.9174172,75.8076277,2018-10-11T01:02:36Z
26.9174172,75.8076277,2018-10-11T01:02:46Z
26.9174172,75.8076277,2018-10-11T01:02:56Z
26.9174172,75.8076277,2018-10-11T01:03:07Z
26.9174172,75.8076277,2018-10-11T01:03:17Z
26.9174172,75.8076277,2018-10-11T01:03:28Z
26.9174172,75.8076277,2018-10-11T01:03:39Z
26.9174172,75.8076277,2018-10-11T01:03:50Z
26.9174172,75.8076277,2018-10-11T01:04:00Z
26.9174172,75.8076277,2018-10-11T01:04:10Z
26.9174172,75.8076277,2018-10-11T01:04:21Z
26.9174172,75.8076277,2018-10-11T01:04:31Z
26.9174172,75.8076277,2018-10-11T01:04:42Z
26.9174172,75.8076277,2018-10-11T01:04:52Z
26.9174172,75.8076277,2018-10-11T01:05:02Z
26.9174172,75.8076277,2018-10-11T01:05:13Z
26.9174172,75.8076277,2018-10-11T01:05:23Z
26.9174172,75.8076277,2018-10-11T01:05:34Z
26.9174172,75.8076277,2018-10-11T01:05:44Z
26.9174172,75.8076277,2018-10-11T01:05:54Z
26.9174172,75.8076277,2018-10-11T01:06:05Z
26.9174172,75.8076277,2018-10-11T01:06:16Z
26.9174172,75.8076277,2018-10-11T01:06:26Z
26.9174172,75.8076277,2018-10-11T01:06:36Z
26.9174172,75.8076277,2018-10-11T01:06:47Z
26.9174172,75.8076277,2018-10-11T01:06:58Z
26.9174172,75.8076277,2018-10-11T01:07:09Z
26.9174172,75.8076277,2018-10-11T01:07:20Z
26.9174172,75.8076277,2018-10-11T01:07:31Z
26.9174172,75.8076277,2018-10-11T01:07:41Z
26.9174172,75.8076277,2018-10-11T01:07:51Z
26.9174172,75.8076277,2018-10-11T01:08:02Z
26.9174172,75.8076277,2018-10-11T01:08:12Z
26.9174172,75.8076277,2018-10-11T01:08:23Z
26.9174172,75.8076277,2018-10-11T01:08:34Z
26.9174172,75.8076277,2018-10-11T01:08:44Z
26.9174172,75.8076277,2018-10-11T01:08:54Z
26.9174172,75.8076277,2018-10-11T01:09:05Z
26.9174172,75.8076277,2018-10-11T01:09:15Z
26.9174172,75.8076277,2018-10-11T01:09:26Z
26.9174172,75.8076277,2018-10-11T01:09:36Z
26.9174172,75.8076277,2018-10-11T01:09:47Z
26.9174172,75.8076277,2018-10-11T01:09:57Z
26.9174172,75.8076277,2018-10-11T01:10:07Z
26.9174172,75.8076277,2018-10-11T01:10:17Z
26.9174172,75.8076277,2018-10-11T01:10:28Z
26.9174172,75.8076277,2018-10-11T01:10:39Z
26.9174172,75.8076277,2018-10-11T01:10:50Z
26.9174172,75.8076277,2018-10-11T01:11:01Z
26.9174172,75.8076277,2018-10-11T01:11:11Z
26.9174172,75.8076277,2018-10-11T01:11:22Z
26.9174172,75.8076277,2018-10-11T01:11:32Z
26.9174172,75.8076277,2018-10-11T01:11:43Z
26.9174172,75.8076277,2018-10-11T01:11:54Z
26.9174172,75.8076277,2018-10-11T01:12:05Z
26.9174172,75.8076277,2018-10-11T01:12:15Z
26.9174172,75.8076277,2018-10-11T01:12:26Z
26.9174172,75.8076277,2018-10-11T01:12:36Z
26.9174172,75.8076277,2018-10-11T01:12:46Z
26.9174172,75.8076277,2018-10-11T01:12:57Z
26.9174172,75.8076277,2018-10-11T01:13:08Z
26.9174172,75.8076277,2018-10-11T01:13:18Z
26.9174172,75.8076277,2018-10-11T01:13:28Z
26.9174172,75.8076277,2018-10-11T01:13:39Z
26.9174172,75.8076277,2018-10-11T01:13:49Z
26.9174172,75.8076277,2018-10-11T01:14:00Z
26.9174172,75.8076277,2018-10-11T01:14:10Z
26.9174172,75.8076277,2018-10-11T01:14:21Z
26.9174172,75.8076277,2018-10-11T01:14:32Z
26.9174172,75.8076277,2018-10-11T01:14:42Z
26.9174172,75.8076277,2018-10-11T01:14:53Z
26.9174172,75.8076277,2018-10-11T01:15:04Z
26.9174172,75.8076277,2018-10-11T01:15:14Z
26.9174172,75.8076277,2018-10-11T01:15:25Z
26.9174172,75.8076277,2018-10-11T01:15:35Z
26.9174172,75.8076277,2018-10-11T01:15:45Z
26.9174172,75.8076277,2018-10-11T01:15:55Z
26.9174172,75.8076277,2018-10-11T01:16:06Z
26.9174172,75.8076277,2018-10-11T01:16:16Z
26.9174172,75.8076277,2018-10-11T01:16:27Z
26.9174172,75.8076277,2018-10-11T01:16:38Z
26.9174172,75.8076277,2018-10-11T01:16:48Z
26.9174172,75.8076277,2018-10-11T01:16:59Z
26.9174172,75.8076277,2018-10-11T01:17:09Z
26.9174172,75.8076277,2018-10-11T01:17:19Z
26.9174172,75.8076277,2018-10-11T01:17:29Z
26.9174172,75.8076277,2018-10-11T01:17:40Z
26.9174172,75.8076277,2018-10-11T01:17:50Z
26.9174172,75.8076277,2018-10-11T01:18:01Z
26.9174172,75.8076277,2018-10-11T01:18:12Z
26.9174172,75.8076277,2018-10-11T01:18:23Z
26.9174172,75.8076277,2018-10-11T01:18:34Z
26.9174172,75.8076277,2018-10-11T01:18:44Z
26.9174172,75.8076277,2018-10-11T01:18:54Z
26.9174172,75.8076277,2018-10-11T01:19:05Z
26.9174172,75.8076277,2018-10-11T01:19:16Z
26.9174172,75.8076277,2018-10-11T01:19:27Z
26.9174172,75.8076277,2018-10-11T01:19:37Z
26.9174172,75.8076277,2018-10-11T01:19:48Z
26.9174164,75.8076258,2018-10-11T01:19:58Z
26.9174164,75.8076258,2018-10-11T01:20:09Z
26.9174164,75.8076258,2018-10-11T01:20:20Z
26.9174164,75.8076258,2018-10-11T01:20:30Z
26.9174164,75.8076258,2018-10-11T01:20:41Z
26.9174164,75.8076258,2018-10-11T01:20:52Z
26.9174164,75.8076258,2018-10-11T01:21:03Z
26.9174164,75.8076258,2018-10-11T01:21:13Z
26.9174164,75.8076258,2018-10-11T01:21:24Z
26.9174164,75.8076258,2018-10-11T01:21:34Z
26.9174164,75.8076258,2018-10-11T01:21:45Z
26.9174164,75.8076258,2018-10-11T01:21:55Z
26.9174164,75.8076258,2018-10-11T01:22:05Z
26.9174164,75.8076258,2018-10-11T01:22:16Z
26.9174164,75.8076258,2018-10-11T01:22:26Z
26.9174164,75.8076258,2018-10-11T01:22:36Z
26.9174164,75.8076258,2018-10-11T01:22:47Z
26.9174164,75.8076258,2018-10-11T01:22:57Z
26.9174164,75.8076258,2018-10-11T01:23:08Z
26.9174164,75.8076258,2018-10-11T01:23:18Z
26.9174164,75.8076258,2018-10-11T01:23:29Z
26.9174164,75.8076258,2018-10-11T01:23:40Z
26.9174164,75.8076258,2018-10-11T01:23:50Z
26.9174164,75.8076258,2018-10-11T01:24:01Z
26.9174164,75.8076258,2018-10-11T01:24:11Z
26.9174164,75.8076258,2018-10-11T01:24:21Z
26.9174164,75.8076258,2018-10-11T01:24:32Z
26.9174164,75.8076258,2018-10-11T01:24:42Z
26.9174164,75.8076258,2018-10-11T01:24:53Z
26.9174164,75.8076258,2018-10-11T01:25:03Z
26.9174164,75.8076258,2018-10-11T01:25:14Z
26.9174164,75.8076258,2018-10-11T01:25:24Z
26.9174164,75.8076258,2018-10-11T01:25:34Z
26.9174164,75.8076258,2018-10-11T01:25:45Z
26.9174164,75.8076258,2018-10-11T01:25:56Z
26.9174164,75.8076258,2018-10-11T01:26:07Z
26.9174164,75.8076258,2018-10-11T01:26:17Z
26.9174164,75.8076258,2018-10-11T01:26:28Z
26.9174164,75.8076258,2018-10-11T01:26:38Z
26.9174164,75.8076258,2018-10-11T01:26:49Z
26.9174164,75.8076258,2018-10-11T01:27:00Z
26.9174164,75.8076258,2018-10-11T01:27:10Z
26.9174164,75.8076258,2018-10-11T01:27:20Z
26.9174164,75.8076258,2018-10-11T01:27:32Z
26.9174164,75.8076258,2018-10-11T01:27:42Z
26.9174164,75.8076258,2018-10-11T01:27:53Z
26.9174164,75.8076258,2018-10-11T01:28:03Z
26.9174164,75.8076258,2018-10-11T01:28:13Z
26.9174164,75.8076258,2018-10-11T01:28:24Z
26.9174164,75.8076258,2018-10-11T01:28:35Z
26.9174164,75.8076258,2018-10-11T01:28:45Z
26.9174164,75.8076258,2018-10-11T01:28:56Z
26.9174164,75.8076258,2018-10-11T01:29:06Z
26.9174164,75.8076258,2018-10-11T01:29:17Z
26.9174164,75.8076258,2018-10-11T01:29:27Z
26.9174164,75.8076258,2018-10-11T01:29:38Z
26.9174164,75.8076258,2018-10-11T01:29:48Z
26.9174164,75.8076258,2018-10-11T01:29:58Z
26.9174164,75.8076258,2018-10-11T01:30:09Z
26.9174164,75.8076258,2018-10-11T01:30:20Z
26.9174164,75.8076258,2018-10-11T01:30:30Z
26.9174164,75.8076258,2018-10-11T01:30:41Z
26.9174164,75.8076258,2018-10-11T01:30:51Z
26.9174164,75.8076258,2018-10-11T01:31:02Z
26.9174164,75.8076258,2018-10-11T01:31:12Z
26.9174164,75.8076258,2018-10-11T01:31:22Z
26.9174164,75.8076258,2018-10-11T01:31:33Z
26.9174164,75.8076258,2018-10-11T01:31:43Z
26.9174164,75.8076258,2018-10-11T01:31:53Z
26.9174164,75.8076258,2018-10-11T01:32:04Z
26.9174164,75.8076258,2018-10-11T01:32:14Z
26.9174164,75.8076258,2018-10-11T01:32:25Z
26.9174164,75.8076258,2018-10-11T01:32:36Z
26.9174164,75.8076258,2018-10-11T01:32:46Z
26.9174164,75.8076258,2018-10-11T01:32:56Z
26.9174164,75.8076258,2018-10-11T01:33:07Z
26.9174164,75.8076258,2018-10-11T01:33:18Z
26.9174164,75.8076258,2018-10-11T01:33:29Z
26.9174164,75.8076258,2018-10-11T01:33:39Z
26.9174164,75.8076258,2018-10-11T01:33:49Z
26.9174164,75.8076258,2018-10-11T01:33:59Z
26.9174164,75.8076258,2018-10-11T01:34:09Z
26.9174164,75.8076258,2018-10-11T01:34:20Z
26.9174164,75.8076258,2018-10-11T01:34:31Z
26.9174164,75.8076258,2018-10-11T01:34:42Z
26.9174164,75.8076258,2018-10-11T01:34:53Z
26.9174164,75.8076258,2018-10-11T01:35:04Z
26.9174164,75.8076258,2018-10-11T01:35:14Z
26.9174164,75.8076258,2018-10-11T01:35:24Z
26.9174164,75.8076258,2018-10-11T01:35:35Z
26.9174164,75.8076258,2018-10-11T01:35:45Z
26.9174164,75.8076258,2018-10-11T01:35:55Z
26.9174164,75.8076258,2018-10-11T01:36:06Z
26.9174164,75.8076258,2018-10-11T01:36:16Z
26.9174164,75.8076258,2018-10-11T01:36:27Z
26.9174164,75.8076258,2018-10-11T01:36:37Z
26.9174164,75.8076258,2018-10-11T01:36:48Z
26.9174164,75.8076258,2018-10-11T01:36:58Z
26.9174164,75.8076258,2018-10-11T01:37:09Z
26.9174164,75.8076258,2018-10-11T01:37:20Z
26.9174164,75.8076258,2018-10-11T01:37:30Z
26.9174164,75.8076258,2018-10-11T01:37:41Z
26.9174164,75.8076258,2018-10-11T01:37:51Z
26.9174164,75.8076258,2018-10-11T01:38:01Z
26.9174164,75.8076258,2018-10-11T01:38:12Z
26.9174164,75.8076258,2018-10-11T01:38:22Z
26.9174164,75.8076258,2018-10-11T01:38:33Z
26.9174164,75.8076258,2018-10-11T01:38:44Z
26.9174164,75.8076258,2018-10-11T01:38:55Z
26.9174164,75.8076258,2018-10-11T01:39:06Z
26.9174164,75.8076258,2018-10-11T01:39:16Z
26.9174164,75.8076258,2018-10-11T01:39:27Z
26.9174164,75.8076258,2018-10-11T01:39:38Z
26.9174164,75.8076258,2018-10-11T01:39:49Z
26.9174164,75.8076258,2018-10-11T01:39:59Z
26.9174164,75.8076258,2018-10-11T01:40:10Z
26.9174164,75.8076258,2018-10-11T01:40:20Z
26.9174164,75.8076258,2018-10-11T01:40:30Z
26.9174164,75.8076258,2018-10-11T01:40:41Z
26.9174164,75.8076258,2018-10-11T01:40:52Z
26.9174164,75.8076258,2018-10-11T01:41:03Z
26.9174164,75.8076258,2018-10-11T01:41:13Z
26.9174164,75.8076258,2018-10-11T01:41:24Z
26.9174164,75.8076258,2018-10-11T01:41:35Z
26.9174164,75.8076258,2018-10-11T01:41:46Z
26.9174164,75.8076258,2018-10-11T01:41:56Z
26.9174164,75.8076258,2018-10-11T01:42:06Z
26.9174164,75.8076258,2018-10-11T01:42:16Z
26.9174164,75.8076258,2018-10-11T01:42:27Z
26.9174164,75.8076258,2018-10-11T01:42:37Z
26.9174164,75.8076258,2018-10-11T01:42:48Z
26.9174164,75.8076258,2018-10-11T01:42:58Z
26.9174164,75.8076258,2018-10-11T01:43:09Z
26.9174164,75.8076258,2018-10-11T01:43:20Z
26.9174164,75.8076258,2018-10-11T01:43:30Z
26.9174164,75.8076258,2018-10-11T01:43:41Z
26.9174164,75.8076258,2018-10-11T01:43:51Z
26.9174164,75.8076258,2018-10-11T01:44:02Z
26.9174164,75.8076258,2018-10-11T01:44:13Z
26.9174164,75.8076258,2018-10-11T01:44:23Z
26.9174164,75.8076258,2018-10-11T01:44:33Z
26.9174164,75.8076258,2018-10-11T01:44:44Z
26.9174164,75.8076258,2018-10-11T01:44:55Z
26.9174164,75.8076258,2018-10-11T01:45:05Z
26.9174164,75.8076258,2018-10-11T01:45:16Z
26.9174164,75.8076258,2018-10-11T01:45:27Z
26.9174164,75.8076258,2018-10-11T01:45:37Z
26.9174164,75.8076258,2018-10-11T01:45:48Z
26.9174164,75.8076258,2018-10-11T01:45:58Z
26.9174164,75.8076258,2018-10-11T01:46:08Z
26.9174164,75.8076258,2018-10-11T01:46:18Z
26.9174164,75.8076258,2018-10-11T01:46:28Z
26.9174164,75.8076258,2018-10-11T01:46:38Z
26.9174164,75.8076258,2018-10-11T01:46:49Z
26.9174164,75.8076258,2018-10-11T01:47:00Z
26.9174164,75.8076258,2018-10-11T01:47:10Z
26.9174164,75.8076258,2018-10-11T01:47:21Z
26.9174178,75.8076250,2018-10-11T01:47:31Z
26.9174180,75.8076250,2018-10-11T01:47:42Z
26.9174180,75.8076250,2018-10-11T01:47:53Z
26.9174193,75.8076244,2018-10-11T01:48:03Z
26.9174266,75.8076244,2018-10-11T01:48:14Z
26.9174329,75.8076282,2018-10-11T01:48:24Z
26.9174332,75.8076291,2018-10-11T01:48:34Z
26.9174332,75.8076295,2018-10-11T01:48:45Z
26.9174338,75.8076306,2018-10-11T01:48:55Z
26.9174341,75.8076309,2018-10-11T01:49:06Z
26.9174339,75.8076315,2018-10-11T01:49:16Z
26.9174338,75.8076317,2018-10-11T01:49:26Z
26.9174331,75.8076329,2018-10-11T01:49:37Z
26.9174344,75.8076333,2018-10-11T01:49:47Z
26.9174345,75.8076350,2018-10-11T01:49:58Z
26.9174346,75.8076370,2018-10-11T01:50:08Z
26.9174340,75.8076377,2018-10-11T01:50:19Z
26.9174340,75.8076377,2018-10-11T01:50:30Z
26.9174340,75.8076377,2018-10-11T01:50:40Z
26.9174333,75.8076385,2018-10-11T01:50:51Z
26.9174333,75.8076385,2018-10-11T01:51:01Z
26.9174333,75.8076385,2018-10-11T01:51:12Z
26.9174333,75.8076385,2018-10-11T01:51:23Z
26.9174333,75.8076385,2018-10-11T01:51:33Z
26.9174333,75.8076385,2018-10-11T01:51:43Z
26.9174333,75.8076385,2018-10-11T01:51:54Z
26.9174333,75.8076385,2018-10-11T01:52:04Z
26.9174333,75.8076385,2018-10-11T01:52:15Z
26.9174333,75.8076385,2018-10-11T01:52:25Z
26.9174333,75.8076385,2018-10-11T01:52:35Z
26.9174333,75.8076385,2018-10-11T01:52:46Z
26.9174333,75.8076385,2018-10-11T01:52:56Z
26.9174333,75.8076385,2018-10-11T01:53:06Z
26.9174333,75.8076385,2018-10-11T01:53:17Z
26.9174333,75.8076385,2018-10-11T01:53:28Z
26.9174333,75.8076385,2018-10-11T01:53:39Z
26.9174275,75.8076347,2018-10-11T01:53:50Z
26.9174275,75.8076347,2018-10-11T01:54:00Z
26.9174275,75.8076347,2018-10-11T01:54:11Z
26.9174275,75.8076347,2018-10-11T01:54:21Z
26.9174275,75.8076347,2018-10-11T01:54:31Z
26.9174275,75.8076347,2018-10-11T01:54:42Z
26.9174275,75.8076347,2018-10-11T01:54:52Z
26.9174275,75.8076347,2018-10-11T01:55:03Z
26.9174275,75.8076347,2018-10-11T01:55:13Z
26.9174275,75.8076347,2018-10-11T01:55:24Z
26.9174275,75.8076347,2018-10-11T01:55:34Z
26.9174275,75.8076347,2018-10-11T01:55:45Z
26.9174275,75.8076347,2018-10-11T01:55:55Z
26.9174275,75.8076347,2018-10-11T01:56:06Z
26.9174275,75.8076347,2018-10-11T01:56:17Z
26.9174275,75.8076347,2018-10-11T01:56:27Z
26.9174275,75.8076347,2018-10-11T01:56:37Z
26.9174275,75.8076347,2018-10-11T01:56:48Z
26.9174275,75.8076347,2018-10-11T01:56:58Z
26.9174275,75.8076347,2018-10-11T01:57:09Z
26.9174275,75.8076347,2018-10-11T01:57:19Z
26.9174275,75.8076347,2018-10-11T01:57:29Z
26.9174275,75.8076347,2018-10-11T01:57:39Z
26.9174275,75.8076347,2018-10-11T01:57:50Z
26.9174275,75.8076347,2018-10-11T01:58:00Z
26.9174275,75.8076347,2018-10-11T01:58:11Z
26.9174275,75.8076347,2018-10-11T01:58:21Z
26.9174275,75.8076347,2018-10-11T01:58:31Z
26.9174275,75.8076347,2018-10-11T01:58:42Z
26.9174275,75.8076347,2018-10-11T01:58:53Z
26.9174275,75.8076347,2018-10-11T01:59:03Z
26.9174275,75.8076347,2018-10-11T01:59:13Z
26.9174275,75.8076347,2018-10-11T01:59:23Z
26.9174275,75.8076347,2018-10-11T01:59:34Z
26.9174275,75.8076347,2018-10-11T01:59:45Z
26.9174275,75.8076347,2018-10-11T01:59:55Z
26.9174275,75.8076347,2018-10-11T02:00:06Z
26.9174275,75.8076347,2018-10-11T02:00:17Z
26.9174275,75.8076347,2018-10-11T02:00:27Z
26.9174275,75.8076347,2018-10-11T02:00:38Z
26.9174275,75.8076347,2018-10-11T02:00:48Z
26.9174275,75.8076347,2018-10-11T02:00:59Z
26.9174275,75.8076347,2018-10-11T02:01:10Z
26.9174275,75.8076347,2018-10-11T02:01:20Z
26.9174275,75.8076347,2018-10-11T02:01:30Z
26.9174275,75.8076347,2018-10-11T02:01:41Z
26.9174275,75.8076347,2018-10-11T02:01:51Z
26.9174275,75.8076347,2018-10-11T02:02:02Z
26.9174275,75.8076347,2018-10-11T02:02:13Z
26.9174275,75.8076347,2018-10-11T02:02:23Z
26.9174275,75.8076347,2018-10-11T02:02:34Z
26.9174275,75.8076347,2018-10-11T02:02:44Z
26.9174275,75.8076347,2018-10-11T02:02:54Z
26.9174275,75.8076347,2018-10-11T02:03:05Z
26.9174275,75.8076347,2018-10-11T02:03:16Z
26.9174275,75.8076347,2018-10-11T02:03:26Z
26.9174275,75.8076347,2018-10-11T02:03:37Z
26.9174275,75.8076347,2018-10-11T02:03:47Z
26.9174275,75.8076347,2018-10-11T02:03:58Z
26.9174275,75.8076347,2018-10-11T02:04:09Z
26.9174275,75.8076347,2018-10-11T02:04:19Z
26.9174275,75.8076347,2018-10-11T02:04:29Z
26.9174275,75.8076347,2018-10-11T02:04:40Z
26.9174275,75.8076347,2018-10-11T02:04:51Z
26.9174275,75.8076347,2018-10-11T02:05:01Z
26.9174275,75.8076347,2018-10-11T02:05:11Z
26.9174275,75.8076347,2018-10-11T02:05:22Z
26.9174275,75.8076347,2018-10-11T02:05:32Z
26.9174275,75.8076347,2018-10-11T02:05:42Z
26.9174275,75.8076347,2018-10-11T02:05:53Z
26.9174275,75.8076347,2018-10-11T02:06:04Z
26.9174275,75.8076347,2018-10-11T02:06:14Z
26.9174275,75.8076347,2018-10-11T02:06:24Z
26.9174275,75.8076347,2018-10-11T02:06:35Z
26.9174275,75.8076347,2018-10-11T02:06:45Z
26.9174275,75.8076347,2018-10-11T02:06:56Z
26.9174275,75.8076347,2018-10-11T02:07:07Z
26.9174275,75.8076347,2018-10-11T02:07:18Z
26.9174275,75.8076347,2018-10-11T02:07:28Z
26.9174275,75.8076347,2018-10-11T02:07:39Z
26.9174275,75.8076347,2018-10-11T02:07:49Z
26.9174275,75.8076347,2018-10-11T02:07:59Z
26.9174254,75.8076233,2018-10-11T02:08:09Z
26.9174254,75.8076233,2018-10-11T02:08:20Z
26.9174254,75.8076233,2018-10-11T02:08:30Z
26.9174254,75.8076233,2018-10-11T02:08:41Z
26.9174254,75.8076233,2018-10-11T02:08:51Z
26.9174254,75.8076233,2018-10-11T02:09:01Z
26.9174254,75.8076233,2018-10-11T02:09:11Z
26.9174254,75.8076233,2018-10-11T02:09:21Z
26.9174254,75.8076233,2018-10-11T02:09:32Z
26.9174254,75.8076233,2018-10-11T02:09:42Z
26.9174254,75.8076233,2018-10-11T02:09:53Z
26.9174254,75.8076233,2018-10-11T02:10:04Z
26.9174254,75.8076233,2018-10-11T02:10:14Z
26.9174254,75.8076233,2018-10-11T02:10:25Z
26.9174254,75.8076233,2018-10-11T02:10:35Z
26.9174254,75.8076233,2018-10-11T02:10:45Z
26.9174254,75.8076233,2018-10-11T02:10:55Z
26.9174254,75.8076233,2018-10-11T02:11:05Z
26.9174254,75.8076233,2018-10-11T02:11:16Z
26.9174254,75.8076233,2018-10-11T02:11:26Z
26.9174254,75.8076233,2018-10-11T02:11:37Z
26.9174254,75.8076233,2018-10-11T02:11:47Z
26.9174254,75.8076233,2018-10-11T02:11:58Z
26.9174254,75.8076233,2018-10-11T02:12:09Z
26.9174254,75.8076233,2018-10-11T02:12:19Z
26.9174254,75.8076233,2018-10-11T02:12:30Z
26.9174254,75.8076233,2018-10-11T02:12:41Z
26.9174254,75.8076233,2018-10-11T02:12:52Z
26.9174254,75.8076233,2018-10-11T02:13:02Z
26.9174254,75.8076233,2018-10-11T02:13:13Z
26.9174254,75.8076233,2018-10-11T02:13:23Z
26.9174254,75.8076233,2018-10-11T02:13:34Z
26.9174254,75.8076233,2018-10-11T02:13:45Z
26.9174254,75.8076233,2018-10-11T02:13:55Z
26.9174254,75.8076233,2018-10-11T02:14:06Z
26.9174254,75.8076233,2018-10-11T02:14:16Z
26.9174254,75.8076233,2018-10-11T02:14:26Z
26.9174254,75.8076233,2018-10-11T02:14:37Z
26.9174254,75.8076233,2018-10-11T02:14:48Z
26.9174254,75.8076233,2018-10-11T02:14:58Z
26.9174254,75.8076233,2018-10-11T02:15:09Z
26.9174254,75.8076233,2018-10-11T02:15:20Z
26.9174254,75.8076233,2018-10-11T02:15:31Z
26.9174254,75.8076233,2018-10-11T02:15:41Z
26.9174254,75.8076233,2018-10-11T02:15:51Z
26.9174254,75.8076233,2018-10-11T02:16:01Z
26.9174254,75.8076233,2018-10-11T02:16:12Z
26.9174254,75.8076233,2018-10-11T02:16:23Z
26.9174254,75.8076233,2018-10-11T02:16:34Z
26.9174254,75.8076233,2018-10-11T02:16:44Z
26.9174254,75.8076233,2018-10-11T02:16:54Z
26.9174254,75.8076233,2018-10-11T02:17:04Z
26.9174184,75.8076263,2018-10-11T02:17:14Z
26.9174179,75.8076258,2018-10-11T02:17:24Z
26.9174173,75.8076252,2018-10-11T02:17:35Z
26.9174189,75.8076272,2018-10-11T02:17:46Z
26.9174189,75.8076272,2018-10-11T02:17:57Z
26.9174189,75.8076272,2018-10-11T02:18:08Z
26.9174189,75.8076272,2018-10-11T02:18:18Z
26.9174189,75.8076272,2018-10-11T02:18:29Z
26.9174189,75.8076272,2018-10-11T02:18:40Z
26.9174228,75.8076244,2018-10-11T02:18:50Z
26.9174263,75.8076228,2018-10-11T02:19:01Z
26.9174296,75.8076185,2018-10-11T02:19:11Z
26.9174307,75.8076170,2018-10-11T02:19:21Z
26.9174377,75.8076151,2018-10-11T02:19:32Z
26.9174368,75.8076138,2018-10-11T02:19:43Z
26.9174333,75.8076150,2018-10-11T02:19:54Z
26.9174330,75.8076166,2018-10-11T02:20:05Z
26.9174320,75.8076155,2018-10-11T02:20:15Z
26.9174321,75.8076155,2018-10-11T02:20:25Z
26.9174307,75.8076180,2018-10-11T02:20:36Z
26.9174304,75.8076174,2018-10-11T02:20:46Z
26.9174301,75.8076166,2018-10-11T02:20:57Z
26.9174300,75.8076164,2018-10-11T02:21:09Z
26.9174302,75.8076152,2018-10-11T02:21:19Z
26.9174302,75.8076152,2018-10-11T02:21:30Z
26.9174302,75.8076152,2018-10-11T02:21:41Z
26.9174302,75.8076152,2018-10-11T02:21:51Z
26.9174302,75.8076152,2018-10-11T02:22:02Z
26.9174302,75.8076152,2018-10-11T02:22:12Z
26.9174302,75.8076152,2018-10-11T02:22:22Z
26.9174302,75.8076152,2018-10-11T02:22:33Z
26.9174302,75.8076152,2018-10-11T02:22:43Z
26.9174302,75.8076152,2018-10-11T02:22:54Z
26.9174302,75.8076152,2018-10-11T02:23:05Z
26.9174302,75.8076152,2018-10-11T02:23:15Z
26.9174302,75.8076152,2018-10-11T02:23:26Z
26.9174302,75.8076152,2018-10-11T02:23:36Z
26.9174302,75.8076152,2018-10-11T02:23:47Z
26.9174302,75.8076152,2018-10-11T02:23:58Z
26.9174302,75.8076152,2018-10-11T02:24:09Z
26.9174302,75.8076152,2018-10-11T02:24:19Z
26.9174302,75.8076152,2018-10-11T02:24:30Z
26.9174302,75.8076152,2018-10-11T02:24:41Z
26.9174302,75.8076152,2018-10-11T02:24:51Z
26.9174275,75.8076136,2018-10-11T02:25:01Z
26.9174275,75.8076136,2018-10-11T02:25:12Z
26.9174275,75.8076136,2018-10-11T02:25:23Z
26.9174275,75.8076136,2018-10-11T02:25:33Z
26.9174275,75.8076136,2018-10-11T02:25:43Z
26.9174275,75.8076136,2018-10-11T02:25:54Z
26.9174275,75.8076136,2018-10-11T02:26:04Z
26.9174275,75.8076136,2018-10-11T02:26:15Z
26.9174275,75.8076136,2018-10-11T02:26:25Z
26.9174275,75.8076136,2018-10-11T02:26:36Z
26.9174275,75.8076136,2018-10-11T02:26:47Z
26.9174275,75.8076136,2018-10-11T02:26:58Z
26.9174275,75.8076136,2018-10-11T02:27:08Z
26.9174275,75.8076136,2018-10-11T02:27:19Z
26.9174275,75.8076136,2018-10-11T02:27:30Z
26.9174275,75.8076136,2018-10-11T02:27:40Z
26.9174275,75.8076136,2018-10-11T02:27:50Z
26.9174275,75.8076136,2018-10-11T02:28:01Z
26.9174275,75.8076136,2018-10-11T02:28:12Z
26.9174275,75.8076136,2018-10-11T02:28:22Z
26.9174275,75.8076136,2018-10-11T02:28:33Z
26.9174275,75.8076136,2018-10-11T02:28:43Z
26.9174275,75.8076136,2018-10-11T02:28:53Z
26.9174275,75.8076136,2018-10-11T02:29:04Z
26.9174275,75.8076136,2018-10-11T02:29:15Z
26.9174275,75.8076136,2018-10-11T02:29:25Z
26.9174275,75.8076136,2018-10-11T02:29:36Z
26.9174275,75.8076136,2018-10-11T02:29:47Z
26.9174275,75.8076136,2018-10-11T02:29:57Z
26.9174275,75.8076136,2018-10-11T02:30:08Z
26.9174275,75.8076136,2018-10-11T02:30:18Z
26.9174275,75.8076136,2018-10-11T02:30:28Z
26.9174275,75.8076136,2018-10-11T02:30:39Z
26.9174275,75.8076136,2018-10-11T02:30:50Z
26.9174275,75.8076136,2018-10-11T02:31:00Z
26.9174275,75.8076136,2018-10-11T02:31:11Z
26.9174275,75.8076136,2018-10-11T02:31:21Z
26.9174275,75.8076136,2018-10-11T02:31:32Z
26.9174275,75.8076136,2018-10-11T02:31:42Z
26.9174275,75.8076136,2018-10-11T02:31:52Z
26.9174275,75.8076136,2018-10-11T02:32:03Z
26.9174275,75.8076136,2018-10-11T02:32:14Z
26.9174275,75.8076136,2018-10-11T02:32:25Z
26.9174275,75.8076136,2018-10-11T02:32:35Z
26.9174275,75.8076136,2018-10-11T02:32:46Z
26.9174275,75.8076136,2018-10-11T02:32:57Z
26.9174275,75.8076136,2018-10-11T02:33:07Z
26.9174275,75.8076136,2018-10-11T02:33:18Z
26.9174275,75.8076136,2018-10-11T02:33:28Z
26.9174275,75.8076136,2018-10-11T02:33:39Z
26.9174275,75.8076136,2018-10-11T02:33:49Z
26.9174275,75.8076136,2018-10-11T02:34:00Z
26.9174275,75.8076136,2018-10-11T02:34:10Z
26.9174275,75.8076136,2018-10-11T02:34:21Z
26.9174275,75.8076136,2018-10-11T02:34:32Z
26.9174275,75.8076136,2018-10-11T02:34:43Z
26.9174275,75.8076136,2018-10-11T02:34:53Z
26.9174275,75.8076136,2018-10-11T02:35:04Z
26.9174275,75.8076136,2018-10-11T02:35:14Z
26.9174275,75.8076136,2018-10-11T02:35:25Z
26.9174275,75.8076136,2018-10-11T02:35:35Z
26.9174275,75.8076136,2018-10-11T02:35:46Z
26.9174275,75.8076136,2018-10-11T02:35:56Z
26.9174275,75.8076136,2018-10-11T02:36:07Z
26.9174275,75.8076136,2018-10-11T02:36:18Z
26.9174275,75.8076136,2018-10-11T02:36:29Z
26.9174275,75.8076136,2018-10-11T02:36:40Z
26.9174275,75.8076136,2018-10-11T02:36:50Z
26.9174275,75.8076136,2018-10-11T02:37:01Z
26.9174275,75.8076136,2018-10-11T02:37:12Z
26.9174275,75.8076136,2018-10-11T02:37:22Z
26.9174275,75.8076136,2018-10-11T02:37:33Z
26.9174275,75.8076136,2018-10-11T02:37:44Z
26.9174275,75.8076136,2018-10-11T02:37:55Z
26.9174275,75.8076136,2018-10-11T02:38:06Z
26.9174275,75.8076136,2018-10-11T02:38:17Z
26.9174275,75.8076136,2018-10-11T02:38:28Z
26.9174275,75.8076136,2018-10-11T02:38:38Z
26.9174275,75.8076136,2018-10-11T02:38:49Z
26.9174275,75.8076136,2018-10-11T02:39:00Z
26.9174275,75.8076136,2018-10-11T02:39:11Z
26.9174275,75.8076136,2018-10-11T02:39:21Z
26.9174275,75.8076136,2018-10-11T02:39:31Z
26.9174275,75.8076136,2018-10-11T02:39:41Z
26.9174275,75.8076136,2018-10-11T02:39:52Z
26.9174275,75.8076136,2018-10-11T02:40:03Z
26.9174275,75.8076136,2018-10-11T02:40:13Z
26.9174275,75.8076136,2018-10-11T02:40:24Z
26.9174275,75.8076136,2018-10-11T02:40:34Z
26.9174275,75.8076136,2018-10-11T02:40:45Z
26.9174275,75.8076136,2018-10-11T02:40:55Z
26.9174275,75.8076136,2018-10-11T02:41:06Z
26.9174275,75.8076136,2018-10-11T02:41:17Z
26.9174275,75.8076136,2018-10-11T02:41:28Z
26.9174275,75.8076136,2018-10-11T02:41:38Z
26.9174275,75.8076136,2018-10-11T02:41:48Z
26.9174275,75.8076136,2018-10-11T02:41:59Z
26.9174275,75.8076136,2018-10-11T02:42:09Z
26.9174275,75.8076136,2018-10-11T02:42:20Z
26.9174275,75.8076136,2018-10-11T02:42:31Z
26.9174275,75.8076136,2018-10-11T02:42:41Z
26.9174275,75.8076136,2018-10-11T02:42:51Z
26.9174275,75.8076136,2018-10-11T02:43:02Z
26.9174275,75.8076136,2018-10-11T02:43:13Z
26.9174275,75.8076136,2018-10-11T02:43:23Z
26.9174275,75.8076136,2018-10-11T02:43:34Z
26.9174275,75.8076136,2018-10-11T02:43:45Z
26.9174275,75.8076136,2018-10-11T02:43:55Z
26.9174275,75.8076136,2018-10-11T02:44:06Z
26.9174275,75.8076136,2018-10-11T02:44:16Z
26.9174275,75.8076136,2018-10-11T02:44:26Z
26.9174275,75.8076136,2018-10-11T02:44:37Z
26.9174275,75.8076136,2018-10-11T02:44:47Z
26.9174275,75.8076136,2018-10-11T02:44:57Z
26.9174275,75.8076136,2018-10-11T02:45:07Z
26.9174275,75.8076136,2018-10-11T02:45:18Z
26.9174275,75.8076136,2018-10-11T02:45:29Z
26.9174275,75.8076136,2018-10-11T02:45:39Z
26.9174275,75.8076136,2018-10-11T02:45:50Z
26.9174275,75.8076136,2018-10-11T02:46:00Z
26.9174275,75.8076136,2018-10-11T02:46:11Z
26.9174275,75.8076136,2018-10-11T02:46:21Z
26.9174275,75.8076136,2018-10-11T02:46:31Z
26.9174275,75.8076136,2018-10-11T02:46:42Z
26.9174275,75.8076136,2018-10-11T02:46:53Z
26.9174275,75.8076136,2018-10-11T02:47:03Z
26.9174275,75.8076136,2018-10-11T02:47:14Z
26.9174275,75.8076136,2018-10-11T02:47:24Z
26.9174275,75.8076136,2018-10-11T02:47:34Z
26.9174275,75.8076136,2018-10-11T02:47:45Z
26.9174275,75.8076136,2018-10-11T02:47:56Z
26.9174275,75.8076136,2018-10-11T02:48:07Z
26.9174267,75.8076154,2018-10-11T02:48:17Z
26.9174267,75.8076154,2018-10-11T02:48:28Z
26.9174267,75.8076154,2018-10-11T02:48:39Z
26.9174267,75.8076154,2018-10-11T02:48:50Z
26.9174267,75.8076154,2018-10-11T02:49:01Z
26.9174267,75.8076154,2018-10-11T02:49:12Z
26.9174267,75.8076154,2018-10-11T02:49:22Z
26.9174267,75.8076154,2018-10-11T02:49:32Z
26.9174267,75.8076154,2018-10-11T02:49:43Z
26.9174267,75.8076154,2018-10-11T02:49:54Z
26.9174267,75.8076154,2018-10-11T02:50:05Z
26.9174267,75.8076154,2018-10-11T02:50:15Z
26.9174267,75.8076154,2018-10-11T02:50:26Z
26.9174267,75.8076154,2018-10-11T02:50:36Z
26.9174267,75.8076154,2018-10-11T02:50:46Z
26.9174267,75.8076154,2018-10-11T02:50:56Z
26.9174267,75.8076154,2018-10-11T02:51:07Z
26.9174267,75.8076154,2018-10-11T02:51:17Z
26.9174267,75.8076154,2018-10-11T02:51:28Z
26.9174267,75.8076154,2018-10-11T02:51:38Z
26.9174267,75.8076154,2018-10-11T02:51:49Z
26.9174267,75.8076154,2018-10-11T02:51:59Z
26.9174267,75.8076154,2018-10-11T02:52:09Z
26.9174267,75.8076154,2018-10-11T02:52:19Z
26.9174267,75.8076154,2018-10-11T02:52:29Z
26.9174267,75.8076154,2018-10-11T02:52:40Z
26.9174267,75.8076154,2018-10-11T02:52:50Z
26.9174267,75.8076154,2018-10-11T02:53:00Z
26.9174267,75.8076154,2018-10-11T02:53:11Z
26.9174267,75.8076154,2018-10-11T02:53:22Z
26.9174267,75.8076154,2018-10-11T02:53:33Z
26.9174267,75.8076154,2018-10-11T02:53:44Z
26.9174267,75.8076154,2018-10-11T02:53:55Z
26.9174267,75.8076154,2018-10-11T02:54:05Z
26.9174267,75.8076154,2018-10-11T02:54:16Z
26.9174267,75.8076154,2018-10-11T02:54:26Z
26.9174267,75.8076154,2018-10-11T02:54:36Z
26.9174267,75.8076154,2018-10-11T02:54:47Z
26.9174267,75.8076154,2018-10-11T02:54:58Z
26.9174267,75.8076154,2018-10-11T02:55:09Z
26.9174267,75.8076154,2018-10-11T02:55:19Z
26.9174267,75.8076154,2018-10-11T02:55:30Z
26.9174267,75.8076154,2018-10-11T02:55:41Z
26.9174267,75.8076154,2018-10-11T02:55:52Z
26.9174267,75.8076154,2018-10-11T02:56:02Z
26.9174267,75.8076154,2018-10-11T02:56:12Z
26.9174267,75.8076154,2018-10-11T02:56:23Z
26.9174267,75.8076154,2018-10-11T02:56:34Z
26.9174267,75.8076154,2018-10-11T02:56:44Z
26.9174267,75.8076154,2018-10-11T02:56:54Z
26.9174267,75.8076154,2018-10-11T02:57:05Z
26.9174267,75.8076154,2018-10-11T02:57:15Z
26.9174259,75.8076179,2018-10-11T02:57:26Z
26.9174257,75.8076179,2018-10-11T02:57:37Z
26.9174257,75.8076179,2018-10-11T02:57:48Z
26.9174257,75.8076179,2018-10-11T02:57:59Z
26.9174253,75.8076186,2018-10-11T02:58:10Z
26.9174253,75.8076186,2018-10-11T02:58:21Z
26.9174253,75.8076186,2018-10-11T02:58:32Z
26.9174253,75.8076186,2018-10-11T02:58:43Z
26.9174253,75.8076186,2018-10-11T02:58:54Z
26.9174253,75.8076186,2018-10-11T02:59:05Z
26.9174253,75.8076186,2018-10-11T02:59:16Z
26.9174253,75.8076186,2018-10-11T02:59:26Z
26.9174253,75.8076186,2018-10-11T02:59:37Z
26.9174253,75.8076186,2018-10-11T02:59:48Z
26.9174253,75.8076186,2018-10-11T02:59:59Z
26.9174253,75.8076186,2018-10-11T03:00:10Z
26.9174253,75.8076186,2018-10-11T03:00:20Z
26.9174253,75.8076186,2018-10-11T03:00:31Z
26.9174253,75.8076186,2018-10-11T03:00:42Z
26.9174253,75.8076186,2018-10-11T03:00:52Z
26.9174253,75.8076186,2018-10-11T03:01:03Z
26.9174253,75.8076186,2018-10-11T03:01:14Z
26.9174253,75.8076186,2018-10-11T03:01:25Z
26.9174253,75.8076186,2018-10-11T03:01:36Z
26.9174253,75.8076186,2018-10-11T03:01:46Z
26.9174253,75.8076186,2018-10-11T03:01:57Z
26.9174253,75.8076186,2018-10-11T03:02:08Z
26.9174253,75.8076186,2018-10-11T03:02:19Z
26.9174253,75.8076186,2018-10-11T03:02:29Z
26.9174253,75.8076186,2018-10-11T03:02:39Z
26.9174253,75.8076186,2018-10-11T03:02:50Z
26.9174253,75.8076186,2018-10-11T03:03:01Z
26.9174253,75.8076186,2018-10-11T03:03:11Z
26.9174209,75.8076160,2018-10-11T03:03:21Z
26.9174209,75.8076160,2018-10-11T03:03:31Z
26.9174192,75.8076155,2018-10-11T03:03:42Z
26.9174192,75.8076155,2018-10-11T03:03:52Z
26.9174191,75.8076149,2018-10-11T03:04:02Z
26.9174191,75.8076149,2018-10-11T03:04:13Z
26.9174298,75.8076032,2018-10-11T03:04:24Z
26.9174389,75.8075956,2018-10-11T03:04:34Z
26.9174389,75.8075956,2018-10-11T03:04:45Z
26.9174389,75.8075956,2018-10-11T03:04:55Z
26.9174389,75.8075956,2018-10-11T03:05:05Z
26.9174389,75.8075956,2018-10-11T03:05:16Z
26.9174389,75.8075956,2018-10-11T03:05:27Z
26.9174389,75.8075956,2018-10-11T03:05:37Z
26.9174389,75.8075956,2018-10-11T03:05:47Z
26.9174389,75.8075956,2018-10-11T03:05:58Z
26.9174389,75.8075956,2018-10-11T03:06:08Z
26.9174389,75.8075956,2018-10-11T03:06:18Z
26.9174389,75.8075956,2018-10-11T03:06:29Z
26.9174389,75.8075956,2018-10-11T03:06:40Z
26.9174389,75.8075956,2018-10-11T03:06:51Z
26.9174389,75.8075956,2018-10-11T03:07:02Z
26.9174389,75.8075956,2018-10-11T03:07:12Z
26.9174389,75.8075956,2018-10-11T03:07:23Z
26.9174389,75.8075956,2018-10-11T03:07:33Z
26.9174389,75.8075956,2018-10-11T03:07:43Z
26.9174389,75.8075956,2018-10-11T03:07:53Z
26.9174389,75.8075956,2018-10-11T03:08:03Z
26.9174389,75.8075956,2018-10-11T03:08:14Z
26.9174389,75.8075956,2018-10-11T03:08:25Z
26.9174389,75.8075956,2018-10-11T03:08:35Z
26.9174389,75.8075956,2018-10-11T03:08:46Z
26.9174389,75.8075956,2018-10-11T03:08:57Z
26.9174389,75.8075956,2018-10-11T03:09:07Z
26.9174389,75.8075956,2018-10-11T03:09:17Z
26.9174389,75.8075956,2018-10-11T03:09:28Z
26.9174389,75.8075956,2018-10-11T03:09:39Z
26.9174389,75.8075956,2018-10-11T03:09:50Z
26.9174389,75.8075956,2018-10-11T03:10:00Z
26.9174389,75.8075956,2018-10-11T03:10:11Z
26.9174389,75.8075956,2018-10-11T03:10:21Z
26.9174389,75.8075956,2018-10-11T03:10:32Z
26.9174389,75.8075956,2018-10-11T03:10:42Z
26.9174389,75.8075956,2018-10-11T03:10:53Z
26.9174389,75.8075956,2018-10-11T03:11:04Z
26.9174389,75.8075956,2018-10-11T03:11:15Z
26.9174389,75.8075956,2018-10-11T03:11:25Z
26.9174389,75.8075956,2018-10-11T03:11:36Z
26.9174389,75.8075956,2018-10-11T03:11:47Z
26.9174388,75.8075990,2018-10-11T03:11:57Z
26.9174388,75.8075990,2018-10-11T03:12:08Z
26.9174388,75.8075990,2018-10-11T03:12:18Z
26.9174388,75.8075990,2018-10-11T03:12:29Z
26.9174363,75.8075982,2018-10-11T03:12:40Z
26.9174351,75.8076021,2018-10-11T03:12:50Z
26.9174356,75.8076027,2018-10-11T03:13:00Z
26.9174356,75.8076027,2018-10-11T03:13:10Z
26.9174356,75.8076027,2018-10-11T03:13:20Z
26.9174356,75.8076027,2018-10-11T03:13:30Z
26.9174356,75.8076027,2018-10-11T03:13:41Z
26.9174356,75.8076027,2018-10-11T03:13:51Z
26.9174356,75.8076027,2018-10-11T03:14:01Z
26.9174356,75.8076027,2018-10-11T03:14:12Z
26.9174356,75.8076027,2018-10-11T03:14:23Z
26.9174356,75.8076027,2018-10-11T03:14:33Z
26.9174317,75.8076094,2018-10-11T03:14:43Z
26.9174329,75.8076098,2018-10-11T03:14:53Z
26.9174330,75.8076103,2018-10-11T03:15:03Z
26.9174330,75.8076103,2018-10-11T03:15:14Z
26.9174213,75.8076184,2018-10-11T03:15:25Z
26.9174169,75.8076239,2018-10-11T03:15:36Z
26.9174131,75.8076281,2018-10-11T03:15:47Z
26.9174131,75.8076281,2018-10-11T03:15:57Z
26.9174089,75.8076277,2018-10-11T03:16:08Z
26.9174082,75.8076280,2018-10-11T03:16:18Z
26.9174082,75.8076280,2018-10-11T03:16:28Z
26.9174062,75.8076255,2018-10-11T03:16:39Z
26.9174062,75.8076255,2018-10-11T03:16:49Z
26.9174062,75.8076255,2018-10-11T03:17:00Z
26.9173899,75.8076134,2018-10-11T03:17:10Z
26.9173786,75.8076074,2018-10-11T03:17:21Z
26.9173786,75.8076074,2018-10-11T03:17:31Z
26.9173786,75.8076074,2018-10-11T03:17:42Z
26.9173786,75.8076074,2018-10-11T03:17:53Z
26.9173786,75.8076074,2018-10-11T03:18:04Z
26.9173786,75.8076074,2018-10-11T03:18:15Z
26.9173786,75.8076074,2018-10-11T03:18:25Z
26.9173786,75.8076074,2018-10-11T03:18:36Z
26.9173786,75.8076074,2018-10-11T03:18:47Z
26.9173786,75.8076074,2018-10-11T03:18:58Z
26.9173786,75.8076074,2018-10-11T03:19:09Z
26.9173786,75.8076074,2018-10-11T03:19:19Z
26.9173786,75.8076074,2018-10-11T03:19:30Z
26.9173786,75.8076074,2018-10-11T03:19:41Z
26.9173786,75.8076074,2018-10-11T03:19:51Z
26.9173786,75.8076074,2018-10-11T03:20:02Z
26.9173786,75.8076074,2018-10-11T03:20:13Z
26.9173786,75.8076074,2018-10-11T03:20:24Z
26.9173786,75.8076074,2018-10-11T03:20:35Z
26.9173786,75.8076074,2018-10-11T03:20:45Z
26.9173786,75.8076074,2018-10-11T03:20:56Z
26.9173786,75.8076074,2018-10-11T03:21:07Z
26.9173786,75.8076074,2018-10-11T03:21:17Z
26.9173786,75.8076074,2018-10-11T03:21:28Z
26.9173786,75.8076074,2018-10-11T03:21:38Z
26.9173786,75.8076074,2018-10-11T03:21:49Z
26.9173786,75.8076074,2018-10-11T03:21:59Z
26.9173786,75.8076074,2018-10-11T03:22:09Z
26.9173786,75.8076074,2018-10-11T03:22:19Z
26.9173786,75.8076074,2018-10-11T03:22:29Z
26.9173786,75.8076074,2018-10-11T03:22:40Z
26.9173786,75.8076074,2018-10-11T03:22:50Z
26.9173786,75.8076074,2018-10-11T03:23:01Z
26.9173786,75.8076074,2018-10-11T03:23:11Z
26.9173738,75.8076119,2018-10-11T03:23:21Z
26.9173571,75.8076165,2018-10-11T03:23:31Z
26.9173537,75.8076180,2018-10-11T03:23:42Z
26.9173537,75.8076181,2018-10-11T03:23:52Z
26.9173537,75.8076181,2018-10-11T03:24:03Z
26.9173537,75.8076181,2018-10-11T03:24:13Z
26.9173537,75.8076181,2018-10-11T03:24:24Z
26.9173537,75.8076181,2018-10-11T03:24:35Z
26.9173537,75.8076181,2018-10-11T03:24:46Z
26.9173537,75.8076181,2018-10-11T03:24:56Z
26.9173537,75.8076181,2018-10-11T03:25:08Z
26.9173537,75.8076181,2018-10-11T03:25:18Z
26.9173537,75.8076181,2018-10-11T03:25:28Z
26.9173537,75.8076181,2018-10-11T03:25:39Z
26.9173537,75.8076181,2018-10-11T03:25:50Z
26.9173537,75.8076181,2018-10-11T03:26:01Z
26.9173537,75.8076181,2018-10-11T03:26:11Z
26.9173537,75.8076181,2018-10-11T03:26:22Z
26.9173538,75.8076207,2018-10-11T03:26:33Z
26.9173538,75.8076207,2018-10-11T03:26:44Z
26.9173538,75.8076207,2018-10-11T03:26:55Z
26.9173538,75.8076207,2018-10-11T03:27:06Z
26.9173538,75.8076207,2018-10-11T03:27:17Z
26.9173538,75.8076207,2018-10-11T03:27:27Z
26.9173538,75.8076207,2018-10-11T03:27:38Z
26.9173538,75.8076207,2018-10-11T03:27:48Z
26.9173538,75.8076207,2018-10-11T03:27:58Z
26.9173538,75.8076207,2018-10-11T03:28:09Z
26.9173538,75.8076207,2018-10-11T03:28:20Z
26.9173538,75.8076207,2018-10-11T03:28:31Z
26.9173538,75.8076207,2018-10-11T03:28:41Z
26.9173538,75.8076207,2018-10-11T03:28:52Z
26.9173538,75.8076207,2018-10-11T03:29:03Z
26.9173538,75.8076207,2018-10-11T03:29:13Z
26.9173538,75.8076207,2018-10-11T03:29:23Z
26.9173538,75.8076207,2018-10-11T03:29:33Z
26.9173538,75.8076207,2018-10-11T03:29:44Z
26.9173538,75.8076207,2018-10-11T03:29:55Z
26.9173538,75.8076207,2018-10-11T03:30:05Z
26.9173538,75.8076207,2018-10-11T03:30:15Z
26.9173538,75.8076207,2018-10-11T03:30:26Z
26.9173538,75.8076207,2018-10-11T03:30:36Z
26.9173538,75.8076207,2018-10-11T03:30:47Z
26.9173538,75.8076207,2018-10-11T03:30:58Z
26.9173538,75.8076207,2018-10-11T03:31:09Z
26.9173538,75.8076207,2018-10-11T03:31:19Z
26.9173538,75.8076207,2018-10-11T03:31:30Z
26.9173538,75.8076207,2018-10-11T03:31:41Z
26.9173538,75.8076207,2018-10-11T03:31:52Z
26.9173538,75.8076207,2018-10-11T03:32:02Z
26.9173538,75.8076207,2018-10-11T03:32:13Z
26.9173538,75.8076207,2018-10-11T03:32:23Z
26.9173538,75.8076207,2018-10-11T03:32:33Z
26.9173538,75.8076207,2018-10-11T03:32:43Z
26.9173538,75.8076207,2018-10-11T03:32:54Z
26.9173538,75.8076207,2018-10-11T03:33:04Z
26.9173538,75.8076207,2018-10-11T03:33:14Z
26.9173538,75.8076207,2018-10-11T03:33:24Z
26.9173538,75.8076207,2018-10-11T03:33:34Z
26.9173538,75.8076207,2018-10-11T03:33:45Z
26.9173538,75.8076207,2018-10-11T03:33:55Z
26.9173538,75.8076207,2018-10-11T03:34:05Z
26.9173538,75.8076207,2018-10-11T03:34:15Z
26.9173538,75.8076207,2018-10-11T03:34:25Z
26.9173538,75.8076207,2018-10-11T03:34:36Z
26.9173538,75.8076207,2018-10-11T03:34:47Z
26.9173538,75.8076207,2018-10-11T03:34:57Z
26.9173538,75.8076207,2018-10-11T03:35:08Z
26.9173580,75.8076238,2018-10-11T03:35:19Z
26.9173580,75.8076238,2018-10-11T03:35:29Z
26.9173580,75.8076238,2018-10-11T03:35:39Z
26.9173580,75.8076238,2018-10-11T03:35:49Z
26.9173580,75.8076238,2018-10-11T03:36:00Z
26.9173580,75.8076238,2018-10-11T03:36:11Z
26.9173580,75.8076238,2018-10-11T03:36:22Z
26.9173580,75.8076238,2018-10-11T03:36:32Z
26.9173580,75.8076238,2018-10-11T03:36:43Z
26.9173580,75.8076238,2018-10-11T03:36:54Z
26.9173580,75.8076238,2018-10-11T03:37:05Z
26.9173580,75.8076238,2018-10-11T03:37:16Z
26.9173580,75.8076238,2018-10-11T03:37:26Z
26.9173580,75.8076238,2018-10-11T03:37:37Z
26.9173580,75.8076238,2018-10-11T03:37:48Z
26.9173580,75.8076238,2018-10-11T03:37:58Z
26.9173580,75.8076238,2018-10-11T03:38:08Z
26.9173580,75.8076238,2018-10-11T03:38:19Z
26.9173580,75.8076238,2018-10-11T03:38:29Z
26.9173580,75.8076238,2018-10-11T03:38:40Z
26.9173580,75.8076238,2018-10-11T03:38:51Z
26.9173580,75.8076238,2018-10-11T03:39:02Z
26.9173580,75.8076238,2018-10-11T03:39:12Z
26.9173580,75.8076238,2018-10-11T03:39:22Z
26.9173580,75.8076238,2018-10-11T03:39:33Z
26.9173580,75.8076238,2018-10-11T03:39:43Z
26.9173580,75.8076238,2018-10-11T03:39:54Z
26.9173580,75.8076238,2018-10-11T03:40:04Z
26.9173580,75.8076238,2018-10-11T03:40:15Z
26.9173580,75.8076238,2018-10-11T03:40:25Z
26.9173580,75.8076238,2018-10-11T03:40:36Z
26.9173580,75.8076238,2018-10-11T03:40:47Z
26.9173580,75.8076238,2018-10-11T03:40:57Z
26.9173580,75.8076238,2018-10-11T03:41:08Z
26.9173580,75.8076238,2018-10-11T03:41:18Z
26.9173580,75.8076238,2018-10-11T03:41:28Z
26.9173580,75.8076238,2018-10-11T03:41:38Z
26.9173580,75.8076238,2018-10-11T03:41:48Z
26.9173580,75.8076238,2018-10-11T03:41:58Z
26.9173580,75.8076238,2018-10-11T03:42:09Z
26.9173580,75.8076238,2018-10-11T03:42:19Z
26.9173580,75.8076238,2018-10-11T03:42:30Z
26.9173580,75.8076238,2018-10-11T03:42:41Z
26.9173580,75.8076238,2018-10-11T03:42:51Z
26.9173580,75.8076238,2018-10-11T03:43:02Z
26.9173580,75.8076238,2018-10-11T03:43:12Z
26.9173580,75.8076238,2018-10-11T03:43:23Z
26.9173580,75.8076238,2018-10-11T03:43:33Z
26.9173580,75.8076238,2018-10-11T03:43:43Z
26.9173580,75.8076238,2018-10-11T03:43:54Z
26.9173580,75.8076238,2018-10-11T03:44:04Z
26.9173580,75.8076238,2018-10-11T03:44:15Z
26.9173580,75.8076238,2018-10-11T03:44:25Z
26.9173580,75.8076238,2018-10-11T03:44:36Z
26.9173580,75.8076238,2018-10-11T03:44:46Z
26.9173580,75.8076238,2018-10-11T03:44:57Z
26.9173580,75.8076238,2018-10-11T03:45:07Z
26.9173580,75.8076238,2018-10-11T03:45:17Z
26.9173580,75.8076238,2018-10-11T03:45:28Z
26.9173580,75.8076238,2018-10-11T03:45:39Z
26.9173580,75.8076238,2018-10-11T03:45:49Z
26.9173580,75.8076238,2018-10-11T03:45:59Z
26.9173590,75.8076106,2018-10-11T03:46:10Z
26.9173590,75.8076106,2018-10-11T03:46:21Z
26.9173590,75.8076106,2018-10-11T03:46:31Z
26.9173652,75.8076135,2018-10-11T03:46:42Z
26.9173655,75.8076137,2018-10-11T03:46:52Z
26.9173655,75.8076137,2018-10-11T03:47:03Z
26.9173655,75.8076137,2018-10-11T03:47:13Z
26.9173655,75.8076137,2018-10-11T03:47:24Z
26.9173655,75.8076137,2018-10-11T03:47:34Z
26.9173655,75.8076137,2018-10-11T03:47:45Z
26.9173655,75.8076137,2018-10-11T03:47:55Z
26.9173688,75.8076140,2018-10-11T03:48:06Z
26.9173688,75.8076140,2018-10-11T03:48:17Z
26.9173756,75.8076139,2018-10-11T03:48:27Z
26.9173765,75.8076129,2018-10-11T03:48:38Z
26.9173804,75.8076164,2018-10-11T03:48:48Z
26.9173806,75.8076166,2018-10-11T03:48:58Z
26.9173806,75.8076166,2018-10-11T03:49:09Z
26.9173806,75.8076166,2018-10-11T03:49:19Z
26.9173806,75.8076166,2018-10-11T03:49:30Z
26.9173806,75.8076166,2018-10-11T03:49:41Z
26.9173806,75.8076166,2018-10-11T03:49:53Z
26.9216589,75.7872015,2018-10-13T09:54:21Z
26.9217211,75.7870594,2018-10-13T09:54:31Z
26.9217926,75.7870290,2018-10-13T09:54:42Z
26.9217788,75.7870858,2018-10-13T09:54:53Z
26.9218467,75.7869127,2018-10-13T09:55:04Z
26.9219121,75.7868761,2018-10-13T09:55:14Z
26.9219785,75.7867707,2018-10-13T09:55:25Z
26.9219850,75.7867568,2018-10-13T09:55:36Z
26.9219850,75.7867568,2018-10-13T09:55:47Z
26.9219850,75.7867568,2018-10-13T09:55:57Z
26.9220006,75.7867446,2018-10-13T09:56:08Z
26.9220029,75.7867676,2018-10-13T09:56:19Z
26.9220499,75.7866685,2018-10-13T09:56:29Z
26.9222482,75.7864642,2018-10-13T09:56:39Z
26.9226072,75.7860469,2018-10-13T09:56:49Z
26.9228063,75.7858012,2018-10-13T09:56:59Z
26.9230324,75.7855051,2018-10-13T09:57:10Z
26.9235338,75.7849884,2018-10-13T09:57:21Z
26.9244049,75.7849723,2018-10-13T09:57:31Z
26.9254875,75.7849110,2018-10-13T09:57:42Z
26.9262019,75.7848995,2018-10-13T09:57:53Z
26.9267805,75.7848743,2018-10-13T09:58:03Z
26.9277468,75.7848324,2018-10-13T09:58:13Z
26.9291050,75.7847396,2018-10-13T09:58:24Z
26.9303322,75.7846631,2018-10-13T09:58:34Z
26.9314413,75.7847190,2018-10-13T09:58:45Z
26.9314942,75.7847392,2018-10-13T09:58:55Z
26.9314942,75.7847392,2018-10-13T09:59:06Z
26.9314889,75.7847381,2018-10-13T09:59:16Z
26.9314889,75.7847381,2018-10-13T09:59:26Z
26.9316267,75.7847546,2018-10-13T09:59:36Z
26.9319628,75.7848258,2018-10-13T09:59:47Z
26.9321403,75.7848140,2018-10-13T09:59:57Z
26.9321621,75.7848184,2018-10-13T10:00:07Z
26.9322760,75.7848354,2018-10-13T10:00:18Z
26.9328399,75.7849348,2018-10-13T10:00:29Z
26.9337974,75.7850892,2018-10-13T10:00:40Z
26.9350240,75.7853030,2018-10-13T10:00:51Z
26.9361203,75.7854517,2018-10-13T10:01:01Z
26.9373685,75.7856883,2018-10-13T10:01:11Z
26.9384340,75.7859098,2018-10-13T10:01:22Z
26.9390532,75.7859941,2018-10-13T10:01:33Z
26.9399402,75.7857321,2018-10-13T10:01:44Z
26.9407250,75.7847163,2018-10-13T10:01:54Z
26.9407327,75.7835302,2018-10-13T10:02:05Z
26.9402677,75.7825305,2018-10-13T10:02:15Z
26.9400250,75.7820092,2018-10-13T10:02:26Z
26.9396963,75.7812466,2018-10-13T10:02:36Z
26.9396385,75.7803976,2018-10-13T10:02:47Z
26.9397010,75.7794034,2018-10-13T10:02:58Z
26.9397597,75.7785332,2018-10-13T10:03:08Z
26.9397918,75.7779010,2018-10-13T10:03:18Z
26.9398592,75.7772291,2018-10-13T10:03:28Z
26.9399382,75.7762184,2018-10-13T10:03:39Z
26.9399710,75.7752109,2018-10-13T10:03:50Z
26.9400033,75.7744005,2018-10-13T10:04:00Z
26.9400283,75.7741418,2018-10-13T10:04:11Z
26.9400949,75.7739810,2018-10-13T10:04:22Z
26.9401670,75.7737557,2018-10-13T10:04:32Z
26.9401740,75.7737477,2018-10-13T10:04:43Z
26.9401740,75.7737477,2018-10-13T10:04:53Z
26.9402487,75.7736912,2018-10-13T10:05:04Z
26.9404069,75.7736452,2018-10-13T10:05:15Z
26.9409416,75.7736801,2018-10-13T10:05:25Z
26.9414680,75.7736064,2018-10-13T10:05:36Z
26.9418082,75.7735553,2018-10-13T10:05:47Z
26.9418825,75.7734865,2018-10-13T10:05:58Z
26.9419079,75.7734744,2018-10-13T10:06:08Z
26.9421340,75.7733931,2018-10-13T10:06:18Z
26.9421373,75.7733914,2018-10-13T10:06:29Z
26.9421373,75.7733914,2018-10-13T10:06:40Z
26.9421369,75.7733735,2018-10-13T10:06:51Z
26.9421369,75.7733735,2018-10-13T10:07:02Z
26.9421369,75.7733735,2018-10-13T10:07:12Z
26.9421369,75.7733735,2018-10-13T10:07:23Z
26.9421364,75.7733833,2018-10-13T10:07:33Z
26.9421364,75.7733833,2018-10-13T10:07:44Z
26.9421364,75.7733833,2018-10-13T10:07:54Z
26.9421364,75.7733833,2018-10-13T10:08:05Z
26.9421364,75.7733833,2018-10-13T10:08:15Z
26.9421364,75.7733833,2018-10-13T10:08:25Z
26.9421364,75.7733833,2018-10-13T10:08:36Z
26.9421364,75.7733833,2018-10-13T10:08:46Z
26.9421407,75.7733819,2018-10-13T10:08:56Z
26.9421408,75.7733823,2018-10-13T10:09:07Z
26.9421408,75.7733823,2018-10-13T10:09:18Z
26.9421450,75.7733800,2018-10-13T10:09:28Z
26.9421450,75.7733800,2018-10-13T10:09:38Z
26.9421455,75.7733880,2018-10-13T10:09:49Z
26.9421594,75.7733963,2018-10-13T10:10:00Z
26.9423669,75.7733978,2018-10-13T10:10:10Z
26.9429535,75.7733757,2018-10-13T10:10:21Z
26.9439465,75.7733201,2018-10-13T10:10:31Z
26.9451356,75.7732437,2018-10-13T10:10:41Z
26.9461608,75.7731306,2018-10-13T10:10:52Z
26.9468310,75.7731238,2018-10-13T10:11:03Z
26.9478613,75.7730218,2018-10-13T10:11:13Z
26.9493080,75.7725037,2018-10-13T10:11:24Z
26.9505456,75.7716739,2018-10-13T10:11:34Z
26.9512239,75.7714005,2018-10-13T10:11:44Z
26.9512648,75.7713827,2018-10-13T10:11:55Z
26.9513723,75.7713737,2018-10-13T10:12:06Z
26.9521528,75.7713967,2018-10-13T10:12:17Z
26.9533075,75.7714191,2018-10-13T10:12:28Z
26.9546638,75.7714288,2018-10-13T10:12:39Z
26.9557861,75.7714515,2018-10-13T10:12:49Z
26.9571794,75.7714895,2018-10-13T10:13:00Z
26.9586073,75.7714820,2018-10-13T10:13:10Z
26.9594825,75.7715201,2018-10-13T10:13:21Z
26.9605339,75.7715504,2018-10-13T10:13:32Z
26.9620061,75.7716305,2018-10-13T10:13:42Z
26.9633855,75.7718142,2018-10-13T10:13:52Z
26.9644906,75.7720141,2018-10-13T10:14:03Z
26.9657365,75.7721739,2018-10-13T10:14:13Z
26.9664022,75.7722837,2018-10-13T10:14:24Z
26.9668208,75.7723522,2018-10-13T10:14:35Z
26.9676110,75.7724689,2018-10-13T10:14:46Z
26.9687681,75.7724849,2018-10-13T10:14:56Z
26.9702086,75.7723615,2018-10-13T10:15:07Z
26.9707692,75.7723297,2018-10-13T10:15:17Z
26.9711102,75.7723828,2018-10-13T10:15:27Z
26.9712180,75.7723774,2018-10-13T10:15:38Z
26.9712352,75.7723850,2018-10-13T10:15:48Z
26.9712430,75.7723845,2018-10-13T10:15:59Z
26.9712503,75.7723792,2018-10-13T10:16:09Z
26.9715105,75.7723887,2018-10-13T10:16:19Z
26.9723182,75.7723053,2018-10-13T10:16:30Z
26.9734455,75.7722430,2018-10-13T10:16:41Z
26.9743535,75.7722315,2018-10-13T10:16:52Z
26.9748755,75.7722912,2018-10-13T10:17:02Z
26.9758491,75.7724567,2018-10-13T10:17:13Z
26.9770741,75.7730173,2018-10-13T10:17:25Z
26.9785227,75.7736774,2018-10-13T10:17:35Z
26.9793090,75.7740660,2018-10-13T10:17:46Z
26.9800895,75.7743190,2018-10-13T10:17:56Z
26.9812280,75.7744649,2018-10-13T10:18:06Z
26.9825530,75.7743245,2018-10-13T10:18:16Z
26.9839272,75.7739183,2018-10-13T10:18:27Z
26.9174507,75.8076084,2018-10-03T12:10:50Z
26.9174507,75.8076084,2018-10-03T12:11:01Z
26.9174507,75.8076084,2018-10-03T12:11:12Z
26.9174507,75.8076084,2018-10-03T12:11:23Z
26.9174507,75.8076084,2018-10-03T12:11:34Z
26.9174507,75.8076084,2018-10-03T12:11:45Z
26.9174591,75.8076084,2018-10-03T12:11:55Z
26.9174591,75.8076049,2018-10-03T12:12:06Z
26.9174618,75.8075966,2018-10-03T12:12:16Z
26.9174579,75.8075797,2018-10-03T12:12:26Z
26.9174588,75.8075749,2018-10-03T12:12:37Z
26.9174594,75.8075748,2018-10-03T12:12:47Z
26.9174594,75.8075748,2018-10-03T12:12:58Z
26.9174594,75.8075748,2018-10-03T12:13:09Z
26.9174594,75.8075748,2018-10-03T12:13:19Z
26.9174594,75.8075748,2018-10-03T12:13:30Z
26.9174641,75.8075707,2018-10-03T12:13:41Z
26.9174641,75.8075707,2018-10-03T12:13:52Z
26.9174641,75.8075707,2018-10-03T12:14:03Z
26.9174641,75.8075707,2018-10-03T12:14:13Z
26.9174641,75.8075707,2018-10-03T12:14:23Z
26.9174641,75.8075707,2018-10-03T12:14:34Z
26.9174641,75.8075707,2018-10-03T12:14:45Z
26.9174641,75.8075707,2018-10-03T12:14:55Z
26.9174641,75.8075707,2018-10-03T12:15:06Z
26.9174641,75.8075707,2018-10-03T12:15:16Z
26.9174641,75.8075707,2018-10-03T12:15:27Z
26.9174641,75.8075707,2018-10-03T12:15:38Z
26.9174641,75.8075707,2018-10-03T12:15:48Z
26.9174641,75.8075707,2018-10-03T12:15:59Z
26.9174641,75.8075707,2018-10-03T12:16:10Z
26.9174641,75.8075707,2018-10-03T12:16:21Z
26.9174641,75.8075707,2018-10-03T12:16:31Z
26.9174641,75.8075707,2018-10-03T12:16:42Z
26.9174641,75.8075707,2018-10-03T12:16:53Z
26.9174641,75.8075707,2018-10-03T12:17:03Z
26.9174641,75.8075707,2018-10-03T12:17:13Z
26.9174641,75.8075707,2018-10-03T12:17:23Z
26.9174641,75.8075707,2018-10-03T12:17:34Z
26.9174641,75.8075707,2018-10-03T12:17:45Z
26.9174641,75.8075707,2018-10-03T12:17:56Z
26.9174641,75.8075707,2018-10-03T12:18:07Z
26.9174641,75.8075707,2018-10-03T12:18:18Z
26.9174690,75.8075741,2018-10-03T12:18:29Z
26.9174748,75.8075792,2018-10-03T12:18:40Z
26.9174748,75.8075792,2018-10-03T12:18:51Z
26.9174748,75.8075792,2018-10-03T12:19:01Z
26.9174748,75.8075792,2018-10-03T12:19:11Z
26.9174748,75.8075792,2018-10-03T12:19:21Z
26.9174748,75.8075792,2018-10-03T12:19:31Z
26.9174748,75.8075792,2018-10-03T12:19:42Z
26.9174748,75.8075792,2018-10-03T12:19:52Z
26.9174748,75.8075792,2018-10-03T12:20:02Z
26.9174743,75.8075829,2018-10-03T12:20:13Z
26.9174739,75.8075857,2018-10-03T12:20:23Z
26.9174739,75.8075857,2018-10-03T12:20:34Z
26.9174739,75.8075857,2018-10-03T12:20:44Z
26.9174739,75.8075857,2018-10-03T12:20:55Z
26.9174739,75.8075857,2018-10-03T12:21:06Z
26.9174682,75.8075932,2018-10-03T12:21:16Z
26.9174682,75.8075932,2018-10-03T12:21:27Z
26.9174682,75.8075932,2018-10-03T12:21:37Z
26.9174682,75.8075932,2018-10-03T12:21:47Z
26.9174682,75.8075932,2018-10-03T12:21:57Z
26.9174682,75.8075932,2018-10-03T12:22:08Z
26.9174682,75.8075932,2018-10-03T12:22:18Z
26.9174682,75.8075932,2018-10-03T12:22:29Z
26.9174682,75.8075932,2018-10-03T12:22:39Z
26.9174682,75.8075932,2018-10-03T12:22:49Z
26.9174682,75.8075932,2018-10-03T12:22:59Z
26.9174682,75.8075932,2018-10-03T12:23:10Z
26.9174682,75.8075932,2018-10-03T12:23:21Z
26.9174682,75.8075932,2018-10-03T12:23:32Z
26.9174682,75.8075932,2018-10-03T12:23:43Z
26.9174682,75.8075932,2018-10-03T12:23:53Z
26.9174682,75.8075932,2018-10-03T12:24:04Z
26.9174682,75.8075932,2018-10-03T12:24:14Z
26.9174682,75.8075932,2018-10-03T12:24:24Z
26.9174682,75.8075932,2018-10-03T12:24:35Z
26.9174682,75.8075932,2018-10-03T12:24:45Z
26.9174682,75.8075932,2018-10-03T12:24:56Z
26.9174682,75.8075932,2018-10-03T12:25:06Z
26.9174682,75.8075932,2018-10-03T12:25:16Z
26.9174682,75.8075932,2018-10-03T12:25:27Z
26.9174682,75.8075932,2018-10-03T12:25:37Z
26.9174682,75.8075932,2018-10-03T12:25:48Z
26.9174682,75.8075932,2018-10-03T12:25:58Z
26.9174682,75.8075932,2018-10-03T12:26:08Z
26.9174682,75.8075932,2018-10-03T12:26:18Z
26.9174682,75.8075932,2018-10-03T12:26:28Z
26.9174682,75.8075932,2018-10-03T12:26:38Z
26.9174682,75.8075932,2018-10-03T12:26:50Z
26.9174682,75.8075932,2018-10-03T12:27:00Z
26.9174682,75.8075932,2018-10-03T12:27:11Z
26.9174682,75.8075932,2018-10-03T12:27:22Z
26.9174682,75.8075932,2018-10-03T12:27:32Z
26.9174682,75.8075932,2018-10-03T12:27:43Z
26.9174632,75.8076190,2018-10-03T12:27:53Z
26.9174375,75.8076155,2018-10-03T12:28:03Z
26.9174253,75.8076082,2018-10-03T12:28:13Z
26.9174418,75.8075950,2018-10-03T12:28:24Z
26.9174337,75.8076059,2018-10-03T12:28:34Z
26.9174369,75.8076189,2018-10-03T12:28:45Z
26.9174344,75.8076164,2018-10-03T12:28:55Z
26.9174344,75.8076164,2018-10-03T12:29:05Z
26.9174344,75.8076164,2018-10-03T12:29:15Z
26.9174001,75.8076191,2018-10-03T12:29:25Z
26.9174001,75.8076191,2018-10-03T12:29:36Z
26.9174001,75.8076191,2018-10-03T12:29:47Z
26.9174001,75.8076191,2018-10-03T12:29:57Z
26.9174001,75.8076191,2018-10-03T12:30:07Z
26.9174114,75.8076315,2018-10-03T12:30:18Z
26.9173480,75.8076212,2018-10-03T12:30:29Z
26.9174712,75.8075775,2018-10-03T12:30:39Z
26.9174829,75.8075585,2018-10-03T12:30:50Z
26.9174620,75.8076009,2018-10-03T12:31:00Z
26.9174620,75.8076009,2018-10-03T12:31:10Z
26.9174477,75.8076153,2018-10-03T12:31:21Z
26.9174410,75.8076061,2018-10-03T12:31:32Z
26.9174488,75.8075740,2018-10-03T12:31:42Z
26.9174488,75.8075740,2018-10-03T12:31:52Z
26.9174983,75.8075532,2018-10-03T12:32:03Z
26.9175024,75.8075533,2018-10-03T12:32:13Z
26.9175119,75.8075928,2018-10-03T12:32:23Z
26.9175223,75.8075852,2018-10-03T12:32:33Z
26.9175754,75.8075858,2018-10-03T12:32:43Z
26.9176884,75.8076196,2018-10-03T12:32:54Z
26.9178176,75.8076504,2018-10-03T12:33:05Z
26.9179309,75.8076938,2018-10-03T12:33:15Z
26.9180767,75.8077369,2018-10-03T12:33:26Z
26.9181714,75.8077750,2018-10-03T12:33:36Z
26.9182835,75.8078216,2018-10-03T12:33:46Z
26.9183856,75.8078307,2018-10-03T12:33:56Z
26.9184957,75.8078460,2018-10-03T12:34:07Z
26.9185224,75.8077201,2018-10-03T12:34:17Z
26.9185366,75.8075735,2018-10-03T12:34:28Z
26.9185508,75.8074419,2018-10-03T12:34:38Z
26.9185607,75.8073210,2018-10-03T12:34:48Z
26.9186185,75.8071937,2018-10-03T12:34:59Z
26.9186491,75.8070735,2018-10-03T12:35:09Z
26.9186279,75.8070032,2018-10-03T12:35:20Z
26.9186294,75.8068817,2018-10-03T12:35:31Z
26.9186506,75.8067698,2018-10-03T12:35:41Z
26.9186832,75.8066181,2018-10-03T12:35:52Z
26.9187262,75.8065008,2018-10-03T12:36:02Z
26.9187441,75.8063680,2018-10-03T12:36:13Z
26.9187660,75.8062387,2018-10-03T12:36:24Z
26.9187784,75.8061388,2018-10-03T12:36:34Z
26.9187932,75.8060146,2018-10-03T12:36:44Z
26.9188095,75.8058730,2018-10-03T12:36:55Z
26.9188442,75.8057323,2018-10-03T12:37:05Z
26.9188760,75.8056052,2018-10-03T12:37:15Z
26.9188984,75.8054739,2018-10-03T12:37:26Z
26.9189168,75.8053585,2018-10-03T12:37:37Z
26.9189331,75.8052240,2018-10-03T12:37:49Z
26.9189457,75.8050757,2018-10-03T12:37:59Z
26.9189640,75.8049451,2018-10-03T12:38:09Z
26.9190093,75.8048126,2018-10-03T12:38:20Z
26.9190578,75.8046906,2018-10-03T12:38:31Z
26.9190790,75.8045944,2018-10-03T12:38:41Z
26.9191010,75.8044835,2018-10-03T12:38:52Z
26.9191218,75.8043391,2018-10-03T12:39:03Z
26.9191448,75.8042051,2018-10-03T12:39:13Z
26.9191679,75.8041122,2018-10-03T12:39:23Z
26.9191474,75.8040321,2018-10-03T12:39:33Z
26.9190027,75.8039671,2018-10-03T12:39:44Z
26.9189499,75.8039005,2018-10-03T12:39:54Z
26.9189235,75.8038235,2018-10-03T12:40:05Z
26.9189512,75.8036830,2018-10-03T12:40:15Z
26.9189733,75.8035636,2018-10-03T12:40:25Z
26.9190027,75.8034346,2018-10-03T12:40:36Z
26.9190399,75.8033495,2018-10-03T12:40:46Z
26.9190720,75.8032463,2018-10-03T12:40:57Z
26.9191186,75.8031067,2018-10-03T12:41:08Z
26.9191508,75.8030000,2018-10-03T12:41:18Z
26.9191824,75.8028855,2018-10-03T12:41:28Z
26.9192129,75.8027539,2018-10-03T12:41:39Z
26.9192399,75.8026932,2018-10-03T12:41:49Z
26.9192780,75.8025801,2018-10-03T12:42:00Z
26.9193262,75.8024399,2018-10-03T12:42:11Z
26.9193809,75.8023364,2018-10-03T12:42:21Z
26.9194485,75.8022296,2018-10-03T12:42:32Z
26.9194703,75.8021800,2018-10-03T12:42:43Z
26.9193883,75.8021765,2018-10-03T12:42:53Z
26.9193605,75.8020173,2018-10-03T12:43:04Z
26.9192866,75.8019502,2018-10-03T12:43:15Z
26.9192069,75.8019105,2018-10-03T12:43:25Z
26.9190859,75.8018763,2018-10-03T12:43:36Z
26.9189361,75.8018476,2018-10-03T12:43:46Z
26.9187888,75.8018082,2018-10-03T12:43:57Z
26.9186773,75.8017904,2018-10-03T12:44:07Z
26.9185360,75.8017356,2018-10-03T12:44:18Z
26.9184127,75.8017112,2018-10-03T12:44:29Z
26.9182512,75.8016572,2018-10-03T12:44:39Z
26.9181027,75.8016531,2018-10-03T12:44:50Z
26.9180290,75.8016013,2018-10-03T12:45:00Z
26.9179793,75.8014528,2018-10-03T12:45:11Z
26.9180266,75.8012811,2018-10-03T12:45:21Z
26.9180354,75.8011751,2018-10-03T12:45:31Z
26.9180450,75.8011728,2018-10-03T12:45:42Z
26.9180450,75.8011728,2018-10-03T12:45:53Z
26.9180450,75.8011728,2018-10-03T12:46:03Z
26.9180450,75.8011728,2018-10-03T12:46:14Z
26.9179646,75.8011682,2018-10-03T12:46:25Z
26.9178477,75.8011275,2018-10-03T12:46:35Z
26.9177277,75.8011163,2018-10-03T12:46:45Z
26.9175994,75.8011589,2018-10-03T12:46:56Z
26.9174768,75.8011424,2018-10-03T12:47:07Z
26.9173717,75.8010614,2018-10-03T12:47:17Z
26.9172484,75.8010134,2018-10-03T12:47:28Z
26.9171971,75.8009456,2018-10-03T12:47:38Z
26.9171178,75.8008384,2018-10-03T12:47:48Z
26.9170182,75.8007280,2018-10-03T12:47:59Z
26.9169558,75.8005969,2018-10-03T12:48:09Z
26.9169078,75.8004877,2018-10-03T12:48:20Z
26.9169091,75.8003907,2018-10-03T12:48:31Z
26.9169588,75.8003523,2018-10-03T12:48:41Z
26.9170133,75.8004070,2018-10-03T12:48:52Z
26.9170608,75.8005894,2018-10-03T12:54:46Z
26.9170254,75.8006126,2018-10-03T12:54:56Z
26.9170247,75.8006226,2018-10-03T12:55:07Z
26.9170569,75.8004974,2018-10-03T12:55:17Z
26.9170285,75.8004948,2018-10-03T12:55:27Z
26.9170296,75.8004765,2018-10-03T12:55:38Z
26.9170204,75.8004695,2018-10-03T12:55:48Z
26.9170709,75.8004625,2018-10-03T12:55:59Z
26.9170648,75.8005022,2018-10-03T12:56:09Z
26.9170312,75.8004250,2018-10-03T12:56:20Z
26.9170667,75.8004586,2018-10-03T12:56:30Z
26.9170809,75.8004416,2018-10-03T12:56:41Z
26.9171331,75.8004269,2018-10-03T12:56:52Z
26.9170973,75.8002872,2018-10-03T12:57:07Z
26.9169222,75.8006462,2018-10-03T13:04:20Z
26.9170737,75.8005576,2018-10-03T13:06:50Z
26.9170440,75.8005130,2018-10-03T13:07:00Z
26.9170393,75.8004909,2018-10-03T13:07:11Z
26.9170305,75.8005439,2018-10-03T13:07:21Z
26.9170122,75.8005757,2018-10-03T13:07:31Z
26.9170387,75.8005905,2018-10-03T13:07:42Z
26.9170324,75.8005508,2018-10-03T13:07:52Z
26.9170028,75.8005550,2018-10-03T13:08:02Z
26.9170012,75.8005731,2018-10-03T13:08:12Z
26.9169749,75.8006270,2018-10-03T13:08:22Z
26.9169824,75.8006221,2018-10-03T13:08:33Z
26.9170012,75.8006590,2018-10-03T13:08:43Z
26.9170055,75.8006482,2018-10-03T13:08:54Z
26.9170098,75.8005948,2018-10-03T13:09:04Z
26.9169784,75.8005443,2018-10-03T13:09:14Z
26.9169766,75.8003687,2018-10-03T13:09:25Z
26.9169631,75.8002499,2018-10-03T13:09:36Z
26.9169265,75.8002427,2018-10-03T13:09:54Z
26.9168825,75.8000650,2018-10-03T13:10:04Z
26.9168739,75.8001236,2018-10-03T13:10:15Z
26.9168592,75.8001103,2018-10-03T13:10:26Z
26.9169153,75.8002515,2018-10-03T13:10:37Z
26.9169502,75.8003131,2018-10-03T13:10:48Z
26.9170047,75.8002955,2018-10-03T13:11:00Z
26.9170334,75.8004369,2018-10-03T13:11:11Z
26.9170421,75.8004771,2018-10-03T13:11:24Z
26.9170141,75.8006165,2018-10-03T13:11:35Z
26.9170177,75.8005078,2018-10-03T13:11:45Z
26.9170304,75.8005089,2018-10-03T13:11:56Z
26.9170339,75.8004936,2018-10-03T13:12:07Z
26.9170176,75.8004728,2018-10-03T13:12:17Z
26.9170158,75.8004935,2018-10-03T13:12:28Z
26.9170528,75.8004828,2018-10-03T13:12:39Z
26.9170831,75.8004444,2018-10-03T13:12:49Z
26.9170834,75.8004642,2018-10-03T13:13:00Z
26.9171113,75.8005375,2018-10-03T13:13:11Z
26.9170800,75.8004819,2018-10-03T13:13:21Z
26.9170276,75.8004016,2018-10-03T13:13:32Z
26.9171298,75.8001857,2018-10-03T13:14:22Z
26.9168449,75.8003193,2018-10-03T13:14:48Z
26.9171250,75.8002212,2018-10-03T13:15:03Z
26.9171933,75.8002515,2018-10-03T13:15:14Z
26.9170696,75.8003497,2018-10-03T13:15:25Z
26.9170620,75.8004190,2018-10-03T13:15:35Z
26.9170267,75.8004507,2018-10-03T13:15:45Z
26.9170204,75.8004648,2018-10-03T13:15:55Z
26.9169470,75.8004278,2018-10-03T13:16:05Z
26.9169403,75.8005245,2018-10-03T13:16:16Z
26.9170223,75.8006098,2018-10-03T13:16:26Z
26.9170908,75.8006867,2018-10-03T13:16:37Z
26.9171443,75.8008093,2018-10-03T13:16:47Z
26.9172157,75.8008412,2018-10-03T13:16:58Z
26.9172157,75.8008412,2018-10-03T13:17:09Z
26.9172157,75.8008412,2018-10-03T13:17:19Z
26.9172157,75.8008412,2018-10-03T13:17:30Z
26.9172157,75.8008412,2018-10-03T13:17:40Z
26.9172157,75.8008412,2018-10-03T13:17:51Z
26.9171733,75.8009946,2018-10-03T13:18:01Z
26.9172303,75.8011285,2018-10-03T13:18:12Z
26.9173798,75.8011844,2018-10-03T13:18:23Z
26.9175007,75.8012317,2018-10-03T13:18:33Z
26.9176204,75.8013232,2018-10-03T13:18:44Z
26.9177185,75.8013952,2018-10-03T13:18:54Z
26.9178269,75.8014608,2018-10-03T13:19:05Z
26.9179258,75.8014763,2018-10-03T13:19:15Z
26.9178660,75.8015719,2018-10-03T13:19:26Z
26.9178104,75.8016762,2018-10-03T13:19:37Z
26.9177956,75.8018112,2018-10-03T13:19:48Z
26.9177233,75.8019541,2018-10-03T13:19:58Z
26.9176642,75.8021246,2018-10-03T13:20:08Z
26.9176454,75.8022780,2018-10-03T13:20:19Z
26.9175828,75.8023934,2018-10-03T13:20:29Z
26.9174954,75.8024911,2018-10-03T13:20:40Z
26.9174305,75.8025912,2018-10-03T13:20:50Z
26.9173995,75.8027238,2018-10-03T13:21:00Z
26.9173371,75.8028319,2018-10-03T13:21:10Z
26.9173302,75.8029576,2018-10-03T13:21:21Z
26.9172924,75.8031112,2018-10-03T13:21:32Z
26.9172937,75.8032550,2018-10-03T13:21:42Z
26.9172766,75.8033806,2018-10-03T13:21:53Z
26.9172367,75.8035290,2018-10-03T13:22:04Z
26.9172080,75.8036745,2018-10-03T13:22:14Z
26.9171972,75.8038242,2018-10-03T13:22:25Z
26.9171623,75.8039423,2018-10-03T13:22:35Z
26.9171375,75.8040556,2018-10-03T13:22:45Z
26.9171220,75.8042062,2018-10-03T13:22:56Z
26.9170680,75.8043411,2018-10-03T13:23:07Z
26.9171574,75.8044496,2018-10-03T13:23:17Z
26.9172476,75.8044781,2018-10-03T13:23:27Z
26.9173834,75.8045277,2018-10-03T13:23:38Z
26.9174939,75.8045445,2018-10-03T13:23:49Z
26.9175874,75.8045683,2018-10-03T13:23:59Z
26.9176834,75.8045955,2018-10-03T13:24:09Z
26.9177870,75.8046001,2018-10-03T13:24:19Z
26.9179021,75.8046339,2018-10-03T13:24:30Z
26.9179994,75.8046526,2018-10-03T13:24:40Z
26.9181250,75.8046729,2018-10-03T13:24:51Z
26.9182417,75.8046890,2018-10-03T13:25:01Z
26.9183564,75.8047136,2018-10-03T13:25:11Z
26.9184817,75.8047212,2018-10-03T13:25:22Z
26.9185650,75.8047525,2018-10-03T13:25:32Z
26.9186493,75.8047624,2018-10-03T13:25:43Z
26.9186644,75.8047639,2018-10-03T13:25:54Z
26.9186783,75.8047570,2018-10-03T13:26:04Z
26.9186870,75.8047563,2018-10-03T13:26:15Z
26.9187006,75.8047938,2018-10-03T13:26:26Z
26.9187952,75.8048103,2018-10-03T13:26:36Z
26.9189523,75.8048214,2018-10-03T13:26:47Z
26.9190370,75.8048904,2018-10-03T13:26:57Z
26.9190101,75.8050459,2018-10-03T13:27:07Z
26.9189681,75.8051611,2018-10-03T13:27:17Z
26.9189386,75.8052983,2018-10-03T13:27:27Z
26.9189021,75.8054516,2018-10-03T13:27:38Z
26.9188920,75.8056025,2018-10-03T13:27:49Z
26.9188614,75.8057331,2018-10-03T13:27:59Z
26.9188344,75.8059037,2018-10-03T13:28:10Z
26.9188432,75.8060335,2018-10-03T13:28:21Z
26.9188056,75.8061685,2018-10-03T13:28:31Z
26.9188018,75.8063034,2018-10-03T13:28:42Z
26.9187569,75.8064678,2018-10-03T13:28:53Z
26.9187284,75.8066314,2018-10-03T13:29:03Z
26.9187311,75.8067675,2018-10-03T13:29:14Z
26.9187552,75.8068758,2018-10-03T13:29:24Z
26.9187513,75.8070267,2018-10-03T13:29:34Z
26.9186441,75.8071795,2018-10-03T13:29:44Z
26.9186286,75.8073119,2018-10-03T13:29:55Z
26.9185861,75.8074991,2018-10-03T13:30:06Z
26.9185444,75.8076815,2018-10-03T13:30:18Z
26.9185177,75.8078575,2018-10-03T13:30:28Z
26.9184278,75.8078501,2018-10-03T13:30:38Z
26.9183173,75.8078214,2018-10-03T13:30:48Z
26.9181704,75.8077801,2018-10-03T13:30:58Z
26.9180504,75.8077614,2018-10-03T13:31:09Z
26.9179101,75.8077103,2018-10-03T13:31:20Z
26.9177777,75.8076838,2018-10-03T13:31:30Z
26.9176291,75.8076329,2018-10-03T13:31:41Z
26.9175748,75.8076130,2018-10-03T13:31:52Z
26.9175600,75.8075647,2018-10-03T13:32:02Z
26.9175370,75.8075593,2018-10-03T13:32:13Z
26.9175096,75.8075656,2018-10-03T13:32:24Z
26.9175030,75.8076023,2018-10-03T13:32:34Z
26.9174917,75.8076272,2018-10-03T13:32:44Z
26.9174576,75.8076561,2018-10-03T13:32:54Z
26.9174621,75.8076600,2018-10-03T13:33:05Z
26.9174682,75.8076690,2018-10-03T13:33:16Z
26.9174682,75.8076690,2018-10-03T13:33:26Z
26.9174900,75.8076579,2018-10-03T13:33:36Z
26.9174900,75.8076579,2018-10-03T13:33:46Z
26.9174900,75.8076579,2018-10-03T13:33:56Z
26.9174900,75.8076579,2018-10-03T13:34:06Z
26.9174900,75.8076579,2018-10-03T13:34:17Z
26.9174900,75.8076579,2018-10-03T13:34:27Z
26.9174900,75.8076579,2018-10-03T13:34:38Z
26.9174900,75.8076579,2018-10-03T13:34:48Z
26.9174900,75.8076579,2018-10-03T13:34:59Z
26.9174900,75.8076579,2018-10-03T13:35:10Z
26.9174900,75.8076579,2018-10-03T13:35:21Z
26.9174900,75.8076579,2018-10-03T13:35:31Z
26.9174900,75.8076579,2018-10-03T13:35:42Z
26.9174825,75.8076832,2018-10-03T13:35:52Z
26.9174831,75.8076837,2018-10-03T13:36:02Z
26.9174831,75.8076837,2018-10-03T13:36:13Z
26.9174702,75.8076682,2018-10-03T13:36:24Z
26.9174675,75.8076821,2018-10-03T13:36:35Z
26.9174758,75.8076656,2018-10-03T13:36:45Z
26.9174758,75.8076656,2018-10-03T13:36:55Z
26.8977883,75.8219266,2018-10-12T14:39:14Z
26.8988981,75.8166903,2018-10-12T14:39:25Z
26.8988981,75.8166903,2018-10-12T14:39:35Z
26.8988981,75.8166903,2018-10-12T14:39:45Z
26.8988981,75.8166903,2018-10-12T14:39:55Z
26.8988981,75.8166903,2018-10-12T14:40:05Z
26.8989216,75.8164156,2018-10-12T14:40:16Z
26.8995556,75.8163288,2018-10-12T14:40:27Z
26.9005708,75.8165736,2018-10-12T14:40:37Z
26.9016420,75.8168559,2018-10-12T14:40:47Z
26.9028183,75.8171640,2018-10-12T14:40:58Z
26.9039195,75.8174463,2018-10-12T14:41:08Z
26.9046877,75.8176324,2018-10-12T14:41:19Z
26.9054303,75.8178311,2018-10-12T14:41:29Z
26.9063391,75.8180766,2018-10-12T14:41:39Z
26.9074356,75.8183590,2018-10-12T14:41:49Z
26.9080261,75.8182936,2018-10-12T14:41:59Z
26.9081276,75.8175448,2018-10-12T14:42:10Z
26.9082599,75.8167495,2018-10-12T14:42:21Z
26.9083819,75.8159883,2018-10-12T14:42:32Z
26.9084610,75.8155664,2018-10-12T14:42:42Z
26.9084577,75.8155640,2018-10-12T14:42:52Z
26.9084577,75.8155640,2018-10-12T14:43:03Z
26.9084577,75.8155640,2018-10-12T14:43:13Z
26.9086245,75.8153431,2018-10-12T14:43:24Z
26.9093137,75.8153950,2018-10-12T14:43:34Z
26.9104289,75.8155074,2018-10-12T14:43:45Z
26.9114234,75.8157506,2018-10-12T14:43:55Z
26.9121198,75.8158037,2018-10-12T14:44:06Z
26.9124918,75.8152694,2018-10-12T14:44:16Z
26.9127060,75.8142472,2018-10-12T14:44:27Z
26.9129638,75.8129953,2018-10-12T14:44:38Z
26.9131686,75.8119523,2018-10-12T14:44:49Z
26.9133498,75.8112156,2018-10-12T14:44:59Z
26.9135458,75.8104045,2018-10-12T14:45:10Z
26.9137288,75.8094209,2018-10-12T14:45:21Z
26.9138247,75.8089748,2018-10-12T14:45:32Z
26.9138247,75.8089748,2018-10-12T14:45:42Z
26.9138247,75.8089748,2018-10-12T14:45:53Z
26.9138215,75.8089733,2018-10-12T14:46:04Z
26.9138336,75.8089507,2018-10-12T14:46:14Z
26.9139521,75.8086679,2018-10-12T14:46:24Z
26.9146180,75.8089566,2018-10-12T14:46:35Z
26.9151735,75.8092781,2018-10-12T14:46:46Z
26.9156805,75.8094808,2018-10-12T14:46:57Z
26.9159482,75.8096255,2018-10-12T14:47:07Z
26.9164810,75.8098943,2018-10-12T14:47:18Z
26.9167035,75.8100113,2018-10-12T14:47:28Z
26.9169195,75.8100484,2018-10-12T14:47:40Z
26.9171233,75.8100701,2018-10-12T14:47:51Z
26.9173103,75.8101310,2018-10-12T14:48:02Z
26.9175821,75.8101989,2018-10-12T14:48:12Z
26.9179206,75.8103067,2018-10-12T14:48:22Z
26.9181191,75.8101998,2018-10-12T14:48:33Z
26.9181486,75.8100144,2018-10-12T14:48:43Z
26.9181718,75.8098879,2018-10-12T14:48:53Z
26.9182457,75.8094261,2018-10-12T14:49:05Z
26.9183605,75.8089236,2018-10-12T14:49:16Z
26.9184418,75.8085052,2018-10-12T14:49:27Z
26.9184693,75.8082782,2018-10-12T14:49:37Z
26.9185296,75.8079953,2018-10-12T14:49:47Z
26.9183450,75.8078111,2018-10-12T14:49:58Z
26.9180051,75.8077285,2018-10-12T14:50:08Z
26.9176806,75.8075896,2018-10-12T14:50:19Z
26.9176507,75.8075926,2018-10-12T14:50:29Z
26.9176507,75.8075926,2018-10-12T14:50:40Z
26.9176507,75.8075926,2018-10-12T14:50:50Z
26.9176507,75.8075926,2018-10-12T14:51:01Z
26.9176352,75.8075985,2018-10-12T14:51:12Z
26.9176258,75.8076100,2018-10-12T14:51:22Z
26.9176402,75.8075961,2018-10-12T14:51:32Z
26.9176402,75.8075961,2018-10-12T14:51:43Z
26.9176208,75.8075845,2018-10-12T14:51:54Z
26.9175990,75.8076141,2018-10-12T14:52:04Z
26.9176051,75.8075997,2018-10-12T14:52:15Z
26.9175772,75.8075863,2018-10-12T14:52:26Z
26.9175628,75.8075673,2018-10-12T14:52:37Z
26.9175406,75.8075255,2018-10-12T14:52:48Z
26.9175171,75.8075878,2018-10-12T14:52:58Z
26.9174420,75.8075993,2018-10-12T14:53:09Z
26.9173975,75.8075978,2018-10-12T14:53:20Z
26.9174144,75.8075958,2018-10-12T14:53:31Z
26.9173954,75.8075378,2018-10-12T14:53:42Z
26.9173818,75.8075135,2018-10-12T14:53:52Z
26.9173818,75.8075135,2018-10-12T14:54:03Z
26.9173818,75.8075135,2018-10-12T14:54:13Z
26.9173686,75.8075468,2018-10-12T14:54:23Z
26.9173686,75.8075471,2018-10-12T14:54:34Z
26.9173686,75.8075471,2018-10-12T14:54:44Z
26.9173686,75.8075471,2018-10-12T14:54:54Z
26.9173686,75.8075471,2018-10-12T14:55:05Z
26.9173686,75.8075471,2018-10-12T14:55:16Z
26.9173686,75.8075471,2018-10-12T14:55:26Z
26.9173686,75.8075471,2018-10-12T14:55:36Z
26.9173686,75.8075471,2018-10-12T14:55:46Z
26.9173686,75.8075471,2018-10-12T14:55:57Z
26.9173686,75.8075471,2018-10-12T14:56:07Z
26.9173686,75.8075471,2018-10-12T14:56:18Z
26.9173686,75.8075471,2018-10-12T14:56:28Z
26.9173686,75.8075471,2018-10-12T14:56:39Z
26.9173686,75.8075471,2018-10-12T14:56:50Z
26.9173686,75.8075471,2018-10-12T14:57:01Z
26.9173686,75.8075471,2018-10-12T14:57:11Z
26.9173686,75.8075471,2018-10-12T14:57:21Z
26.9173686,75.8075471,2018-10-12T14:57:32Z
26.9173686,75.8075471,2018-10-12T14:57:43Z
26.9173686,75.8075471,2018-10-12T14:57:53Z
26.9173686,75.8075471,2018-10-12T14:58:04Z
26.9173686,75.8075471,2018-10-12T14:58:14Z
26.9173686,75.8075471,2018-10-12T14:58:25Z
26.9173686,75.8075471,2018-10-12T14:58:36Z
26.9173702,75.8075679,2018-10-12T14:58:46Z
26.9173700,75.8075721,2018-10-12T14:58:57Z
26.9173700,75.8075721,2018-10-12T14:59:07Z
26.9173700,75.8075721,2018-10-12T14:59:18Z
26.9173700,75.8075721,2018-10-12T14:59:29Z
26.9173700,75.8075721,2018-10-12T14:59:39Z
26.9173703,75.8075801,2018-10-12T14:59:50Z
26.9173704,75.8075802,2018-10-12T15:00:00Z
26.9173721,75.8075852,2018-10-12T15:00:11Z
26.9173734,75.8075891,2018-10-12T15:00:21Z
26.9173734,75.8075892,2018-10-12T15:00:32Z
26.9173734,75.8075892,2018-10-12T15:00:42Z
26.9173734,75.8075892,2018-10-12T15:00:52Z
26.9173734,75.8075892,2018-10-12T15:01:02Z
26.9173734,75.8075892,2018-10-12T15:01:12Z
26.9173734,75.8075892,2018-10-12T15:01:22Z
26.9173734,75.8075892,2018-10-12T15:01:33Z
26.9173734,75.8075892,2018-10-12T15:01:44Z
26.9173807,75.8076079,2018-10-12T15:01:54Z
26.9173901,75.8076161,2018-10-12T15:02:05Z
26.9173901,75.8076161,2018-10-12T15:02:16Z
26.9173901,75.8076161,2018-10-12T15:02:26Z
26.9173901,75.8076161,2018-10-12T15:02:36Z
26.9173901,75.8076161,2018-10-12T15:02:46Z
26.9173901,75.8076161,2018-10-12T15:02:57Z
26.9173901,75.8076161,2018-10-12T15:03:07Z
26.9173901,75.8076161,2018-10-12T15:03:18Z
26.9173901,75.8076161,2018-10-12T15:03:28Z
26.9173901,75.8076161,2018-10-12T15:03:39Z
26.9173901,75.8076161,2018-10-12T15:03:50Z
26.9173901,75.8076161,2018-10-12T15:04:00Z
26.9173901,75.8076161,2018-10-12T15:04:10Z
26.9173901,75.8076161,2018-10-12T15:04:21Z
26.9173901,75.8076161,2018-10-12T15:04:32Z
26.9173901,75.8076161,2018-10-12T15:04:42Z
26.9173901,75.8076161,2018-10-12T15:04:53Z
26.9173906,75.8076149,2018-10-12T15:05:03Z
26.9173906,75.8076149,2018-10-12T15:05:14Z
26.9173906,75.8076149,2018-10-12T15:05:24Z
26.9173906,75.8076149,2018-10-12T15:05:35Z
26.9173906,75.8076149,2018-10-12T15:05:45Z
26.9173906,75.8076149,2018-10-12T15:05:56Z
26.9173906,75.8076149,2018-10-12T15:06:06Z
26.9173906,75.8076149,2018-10-12T15:06:17Z
26.9173906,75.8076149,2018-10-12T15:06:27Z
26.9173906,75.8076149,2018-10-12T15:06:37Z
26.9173906,75.8076149,2018-10-12T15:06:47Z
26.9173895,75.8076141,2018-10-12T15:06:58Z
26.9173889,75.8076137,2018-10-12T15:07:09Z
26.9173888,75.8076136,2018-10-12T15:07:20Z
26.9173872,75.8076144,2018-10-12T15:07:31Z
26.9173825,75.8076140,2018-10-12T15:07:41Z
26.9173825,75.8076140,2018-10-12T15:07:52Z
26.9173825,75.8076140,2018-10-12T15:08:03Z
26.9173825,75.8076140,2018-10-12T15:08:14Z
26.9173825,75.8076140,2018-10-12T15:08:25Z
26.9173825,75.8076140,2018-10-12T15:08:35Z
26.9173825,75.8076140,2018-10-12T15:08:46Z
26.9173825,75.8076140,2018-10-12T15:08:57Z
26.9173713,75.8075945,2018-10-12T15:09:07Z
26.9173713,75.8075939,2018-10-12T15:09:18Z
26.9173706,75.8075870,2018-10-12T15:09:28Z
26.9173708,75.8075867,2018-10-12T15:09:39Z
26.9173708,75.8075867,2018-10-12T15:09:50Z
26.9173708,75.8075867,2018-10-12T15:10:01Z
26.9173708,75.8075867,2018-10-12T15:10:12Z
26.9173708,75.8075867,2018-10-12T15:10:22Z
26.9173708,75.8075867,2018-10-12T15:10:33Z
26.9173708,75.8075867,2018-10-12T15:10:44Z
26.9173708,75.8075867,2018-10-12T15:10:55Z
26.9173671,75.8075795,2018-10-12T15:11:05Z
26.9173672,75.8075801,2018-10-12T15:11:16Z
26.9173672,75.8075801,2018-10-12T15:11:26Z
26.9173679,75.8075821,2018-10-12T15:11:36Z
26.9173679,75.8075821,2018-10-12T15:11:47Z
26.9173679,75.8075821,2018-10-12T15:11:57Z
26.9173672,75.8075813,2018-10-12T15:12:08Z
26.9173672,75.8075813,2018-10-12T15:12:19Z
26.9173672,75.8075813,2018-10-12T15:12:29Z
26.9173672,75.8075813,2018-10-12T15:12:40Z
26.9173672,75.8075813,2018-10-12T15:12:50Z
26.9173672,75.8075813,2018-10-12T15:13:01Z
26.9173672,75.8075813,2018-10-12T15:13:11Z
26.9173672,75.8075813,2018-10-12T15:13:22Z
26.9173672,75.8075813,2018-10-12T15:13:32Z
26.9173672,75.8075813,2018-10-12T15:13:43Z
26.9173672,75.8075813,2018-10-12T15:13:54Z
26.9173672,75.8075813,2018-10-12T15:14:05Z
26.9173672,75.8075813,2018-10-12T15:14:15Z
26.9173672,75.8075813,2018-10-12T15:14:26Z
26.9173672,75.8075813,2018-10-12T15:14:37Z
26.9173672,75.8075813,2018-10-12T15:14:47Z
26.9173672,75.8075813,2018-10-12T15:14:58Z
26.9173672,75.8075813,2018-10-12T15:15:08Z
26.9173672,75.8075813,2018-10-12T15:15:19Z
26.9173672,75.8075813,2018-10-12T15:15:30Z
26.9173672,75.8075813,2018-10-12T15:15:41Z
26.9173672,75.8075813,2018-10-12T15:15:51Z
26.9173672,75.8075813,2018-10-12T15:16:02Z
26.9173672,75.8075813,2018-10-12T15:16:12Z
26.9173672,75.8075813,2018-10-12T15:16:23Z
26.9173672,75.8075813,2018-10-12T15:16:33Z
26.9173672,75.8075813,2018-10-12T15:16:43Z
26.9173672,75.8075813,2018-10-12T15:16:54Z
26.9173672,75.8075813,2018-10-12T15:17:04Z
26.9173672,75.8075813,2018-10-12T15:17:15Z
26.9173672,75.8075813,2018-10-12T15:17:26Z
26.9173672,75.8075813,2018-10-12T15:17:37Z
26.9173672,75.8075813,2018-10-12T15:17:48Z
26.9173672,75.8075813,2018-10-12T15:17:59Z
26.9173672,75.8075813,2018-10-12T15:18:09Z
26.9173672,75.8075813,2018-10-12T15:18:20Z
26.9173672,75.8075813,2018-10-12T15:18:31Z
26.9173672,75.8075813,2018-10-12T15:18:41Z
26.9173672,75.8075813,2018-10-12T15:18:51Z
26.9173672,75.8075813,2018-10-12T15:19:01Z
26.9173672,75.8075813,2018-10-12T15:19:11Z
26.9173672,75.8075813,2018-10-12T15:19:22Z
26.9173672,75.8075813,2018-10-12T15:19:32Z
26.9173672,75.8075813,2018-10-12T15:19:43Z
26.9173672,75.8075813,2018-10-12T15:19:53Z
26.9173672,75.8075813,2018-10-12T15:20:04Z
26.9173672,75.8075813,2018-10-12T15:20:15Z
26.9173672,75.8075813,2018-10-12T15:20:25Z
26.9173728,75.8076036,2018-10-12T15:20:35Z
26.9173728,75.8076036,2018-10-12T15:20:46Z
26.9173728,75.8076036,2018-10-12T15:20:56Z
26.9173728,75.8076036,2018-10-12T15:21:07Z
26.9173728,75.8076036,2018-10-12T15:21:17Z
26.9173728,75.8076036,2018-10-12T15:21:27Z
26.9173728,75.8076036,2018-10-12T15:21:38Z
26.9173728,75.8076036,2018-10-12T15:21:48Z
26.9173728,75.8076036,2018-10-12T15:21:59Z
26.9173721,75.8075974,2018-10-12T15:22:09Z
26.9173723,75.8075972,2018-10-12T15:22:20Z
26.9173723,75.8075972,2018-10-12T15:22:30Z
26.9173723,75.8075972,2018-10-12T15:22:41Z
26.9173723,75.8075972,2018-10-12T15:22:52Z
26.9173723,75.8075972,2018-10-12T15:23:02Z
26.9173723,75.8075972,2018-10-12T15:23:14Z
26.9173723,75.8075972,2018-10-12T15:23:24Z
26.9173723,75.8075972,2018-10-12T15:23:34Z
26.9173723,75.8075972,2018-10-12T15:23:45Z
26.9173723,75.8075972,2018-10-12T15:23:56Z
26.9173723,75.8075972,2018-10-12T15:24:06Z
26.9173723,75.8075972,2018-10-12T15:24:17Z
26.9173723,75.8075972,2018-10-12T15:24:28Z
26.9173358,75.8075730,2018-10-12T15:24:38Z
26.9173358,75.8075730,2018-10-12T15:24:49Z
26.9173358,75.8075730,2018-10-12T15:24:59Z
26.9173358,75.8075730,2018-10-12T15:25:09Z
26.9173358,75.8075730,2018-10-12T15:25:19Z
26.9173358,75.8075730,2018-10-12T15:25:30Z
26.9173358,75.8075730,2018-10-12T15:25:41Z
26.9173358,75.8075730,2018-10-12T15:25:51Z
26.9173358,75.8075730,2018-10-12T15:26:01Z
26.9173358,75.8075730,2018-10-12T15:26:12Z
26.9173348,75.8075688,2018-10-12T15:26:23Z
26.9173347,75.8075633,2018-10-12T15:26:34Z
26.9173348,75.8075616,2018-10-12T15:26:44Z
26.9173355,75.8075612,2018-10-12T15:26:55Z
26.9173376,75.8075623,2018-10-12T15:27:06Z
26.9173376,75.8075623,2018-10-12T15:27:17Z
26.9173376,75.8075623,2018-10-12T15:27:28Z
26.9173376,75.8075623,2018-10-12T15:27:38Z
26.9173376,75.8075623,2018-10-12T15:27:48Z
26.9173376,75.8075623,2018-10-12T15:27:59Z
26.9173376,75.8075623,2018-10-12T15:28:10Z
26.9173376,75.8075623,2018-10-12T15:28:21Z
26.9173376,75.8075623,2018-10-12T15:28:31Z
26.9173376,75.8075623,2018-10-12T15:28:42Z
26.9173376,75.8075623,2018-10-12T15:28:52Z
26.9173376,75.8075623,2018-10-12T15:29:02Z
26.9173376,75.8075623,2018-10-12T15:29:12Z
26.9173376,75.8075623,2018-10-12T15:29:23Z
26.9173376,75.8075623,2018-10-12T15:29:34Z
26.9173376,75.8075623,2018-10-12T15:29:44Z
26.9173376,75.8075623,2018-10-12T15:29:55Z
26.9173376,75.8075623,2018-10-12T15:30:05Z
26.9173376,75.8075623,2018-10-12T15:30:15Z
26.9173376,75.8075623,2018-10-12T15:30:26Z
26.9173376,75.8075623,2018-10-12T15:30:36Z
26.9173376,75.8075623,2018-10-12T15:30:47Z
26.9173376,75.8075623,2018-10-12T15:30:57Z
26.9173376,75.8075623,2018-10-12T15:31:08Z
26.9173376,75.8075623,2018-10-12T15:31:19Z
26.9173506,75.8075337,2018-10-12T15:31:30Z
26.9173506,75.8075337,2018-10-12T15:31:41Z
26.9173468,75.8075223,2018-10-12T15:31:51Z
26.9173468,75.8075223,2018-10-12T15:32:02Z
26.9173468,75.8075223,2018-10-12T15:32:13Z
26.9173468,75.8075223,2018-10-12T15:32:24Z
26.9254960,75.8193148,2018-10-07T03:28:39Z
26.9258001,75.8197657,2018-10-07T03:28:49Z
26.9258284,75.8200730,2018-10-07T03:28:59Z
26.9257372,75.8207120,2018-10-07T03:29:09Z
26.9255401,75.8213681,2018-10-07T03:29:19Z
26.9252951,75.8220628,2018-10-07T03:29:29Z
26.9249124,75.8223936,2018-10-07T03:29:40Z
26.9248537,75.8228284,2018-10-07T03:29:51Z
26.9253424,75.8233341,2018-10-07T03:30:02Z
26.9252342,75.8240359,2018-10-07T03:30:12Z
26.9252432,75.8242802,2018-10-07T03:30:22Z
26.9252372,75.8242901,2018-10-07T03:30:33Z
26.9251923,75.8243914,2018-10-07T03:30:44Z
26.9251960,75.8243922,2018-10-07T03:30:54Z
26.9251960,75.8243922,2018-10-07T03:31:05Z
26.9252099,75.8244712,2018-10-07T03:31:16Z
26.9252161,75.8244611,2018-10-07T03:31:26Z
26.9252309,75.8244228,2018-10-07T03:31:36Z
26.9252565,75.8243990,2018-10-07T03:31:49Z
26.9252340,75.8244368,2018-10-07T03:31:59Z
26.9252340,75.8244367,2018-10-07T03:32:09Z
26.9252340,75.8244367,2018-10-07T03:32:19Z
26.9252340,75.8244367,2018-10-07T03:32:29Z
26.9252340,75.8244367,2018-10-07T03:32:39Z
26.9252810,75.8245217,2018-10-07T03:32:50Z
26.9252813,75.8245102,2018-10-07T03:33:01Z
26.9252813,75.8245102,2018-10-07T03:33:12Z
26.9252364,75.8244987,2018-10-07T03:33:22Z
26.9252339,75.8246070,2018-10-07T03:33:32Z
26.9252427,75.8247125,2018-10-07T03:33:42Z
26.9252184,75.8248158,2018-10-07T03:33:53Z
26.9251780,75.8248251,2018-10-07T03:34:04Z
26.9252319,75.8248419,2018-10-07T03:34:14Z
26.9252319,75.8248419,2018-10-07T03:34:25Z
26.9252319,75.8248419,2018-10-07T03:34:36Z
26.9252319,75.8248419,2018-10-07T03:34:47Z
26.9252264,75.8248280,2018-10-07T03:34:57Z
26.9252192,75.8248304,2018-10-07T03:35:07Z
26.9252192,75.8248304,2018-10-07T03:35:17Z
26.9252186,75.8248455,2018-10-07T03:35:27Z
26.9252208,75.8248521,2018-10-07T03:35:38Z
26.9252208,75.8248521,2018-10-07T03:35:49Z
26.9252208,75.8248521,2018-10-07T03:35:59Z
26.9252189,75.8248313,2018-10-07T03:36:10Z
26.9252275,75.8248368,2018-10-07T03:36:20Z
26.9252275,75.8248368,2018-10-07T03:36:31Z
26.9252275,75.8248368,2018-10-07T03:36:41Z
26.9251718,75.8248140,2018-10-07T03:36:51Z
26.9251457,75.8248325,2018-10-07T03:37:02Z
26.9251388,75.8249088,2018-10-07T03:37:12Z
26.9251863,75.8249434,2018-10-07T03:37:23Z
26.9252209,75.8249560,2018-10-07T03:37:33Z
26.9252209,75.8249560,2018-10-07T03:37:44Z
26.9251739,75.8249733,2018-10-07T03:37:54Z
26.9251228,75.8249137,2018-10-07T03:38:05Z
26.9251852,75.8248301,2018-10-07T03:38:15Z
26.9252330,75.8247229,2018-10-07T03:38:25Z
26.9252376,75.8245953,2018-10-07T03:38:36Z
26.9252294,75.8244663,2018-10-07T03:38:47Z
26.9252003,75.8243998,2018-10-07T03:38:58Z
26.9251537,75.8243726,2018-10-07T03:39:09Z
26.9251537,75.8243726,2018-10-07T03:39:20Z
26.9251550,75.8243792,2018-10-07T03:39:31Z
26.9251227,75.8243871,2018-10-07T03:39:42Z
26.9251227,75.8243871,2018-10-07T03:39:53Z
26.9251227,75.8243871,2018-10-07T03:40:03Z
26.9251211,75.8243052,2018-10-07T03:40:14Z
26.9251073,75.8243032,2018-10-07T03:40:25Z
26.9251073,75.8243032,2018-10-07T03:40:35Z
26.9251073,75.8243032,2018-10-07T03:40:46Z
26.9251073,75.8243032,2018-10-07T03:40:56Z
26.9251073,75.8243032,2018-10-07T03:41:06Z
26.9251073,75.8243032,2018-10-07T03:41:17Z
26.9251073,75.8243032,2018-10-07T03:41:28Z
26.9251073,75.8243032,2018-10-07T03:41:39Z
26.9251073,75.8243032,2018-10-07T03:41:50Z
26.9251027,75.8242840,2018-10-07T03:42:01Z
26.9251156,75.8241695,2018-10-07T03:42:12Z
26.9250568,75.8241233,2018-10-07T03:42:22Z
26.9249711,75.8240831,2018-10-07T03:42:32Z
26.9249205,75.8240943,2018-10-07T03:42:44Z
26.9249317,75.8240783,2018-10-07T03:42:54Z
26.9249462,75.8241011,2018-10-07T03:43:05Z
26.9249462,75.8241011,2018-10-07T03:43:16Z
26.9249462,75.8241011,2018-10-07T03:43:27Z
26.9249462,75.8241011,2018-10-07T03:43:37Z
26.9249478,75.8240838,2018-10-07T03:43:47Z
26.9249478,75.8240838,2018-10-07T03:43:57Z
26.9249478,75.8240838,2018-10-07T03:44:08Z
26.9249583,75.8241056,2018-10-07T03:44:18Z
26.9249649,75.8241209,2018-10-07T03:44:28Z
26.9249649,75.8241302,2018-10-07T03:44:39Z
26.9249688,75.8241255,2018-10-07T03:44:49Z
26.9249687,75.8241256,2018-10-07T03:44:59Z
26.9249687,75.8241256,2018-10-07T03:45:10Z
26.9249687,75.8241256,2018-10-07T03:45:20Z
26.9249687,75.8241256,2018-10-07T03:45:30Z
26.9249687,75.8241256,2018-10-07T03:45:41Z
26.9249687,75.8241256,2018-10-07T03:45:51Z
26.9249628,75.8241159,2018-10-07T03:46:01Z
26.9249629,75.8241172,2018-10-07T03:46:11Z
26.9249422,75.8241257,2018-10-07T03:46:21Z
26.9248952,75.8240939,2018-10-07T03:46:31Z
26.9248853,75.8240465,2018-10-07T03:46:42Z
26.9249131,75.8239431,2018-10-07T03:46:53Z
26.9249599,75.8238525,2018-10-07T03:47:04Z
26.9249649,75.8238400,2018-10-07T03:47:15Z
26.9249649,75.8238400,2018-10-07T03:47:25Z
26.9249597,75.8238153,2018-10-07T03:47:36Z
26.9249268,75.8237744,2018-10-07T03:47:47Z
26.9249281,75.8237674,2018-10-07T03:47:58Z
26.9249246,75.8237432,2018-10-07T03:48:09Z
26.9249237,75.8237421,2018-10-07T03:48:19Z
26.9249266,75.8237345,2018-10-07T03:48:30Z
26.9249254,75.8237212,2018-10-07T03:48:41Z
26.9249254,75.8237214,2018-10-07T03:48:52Z
26.9249254,75.8237214,2018-10-07T03:49:02Z
26.9249254,75.8237214,2018-10-07T03:49:12Z
26.9249102,75.8236967,2018-10-07T03:49:23Z
26.9249263,75.8237178,2018-10-07T03:49:33Z
26.9249250,75.8237164,2018-10-07T03:49:43Z
26.9249495,75.8237459,2018-10-07T03:49:53Z
26.9249409,75.8237437,2018-10-07T03:50:03Z
26.9249072,75.8237495,2018-10-07T03:50:14Z
26.9249122,75.8238788,2018-10-07T03:50:25Z
26.9248225,75.8238787,2018-10-07T03:50:35Z
26.9247529,75.8238629,2018-10-07T03:50:45Z
26.9247404,75.8238503,2018-10-07T03:50:55Z
26.9247309,75.8238558,2018-10-07T03:51:06Z
26.9247454,75.8238731,2018-10-07T03:51:17Z
26.9247487,75.8238706,2018-10-07T03:51:28Z
26.9247268,75.8238552,2018-10-07T03:51:39Z
26.9247256,75.8238551,2018-10-07T03:51:50Z
26.9247256,75.8238551,2018-10-07T03:52:01Z
26.9247488,75.8238800,2018-10-07T03:52:12Z
26.9247727,75.8238831,2018-10-07T03:52:22Z
26.9247552,75.8238629,2018-10-07T03:52:32Z
26.9247137,75.8238423,2018-10-07T03:52:43Z
26.9247157,75.8238419,2018-10-07T03:52:53Z
26.9246913,75.8238373,2018-10-07T03:53:04Z
26.9247066,75.8237141,2018-10-07T03:53:15Z
26.9247497,75.8236730,2018-10-07T03:53:25Z
26.9247440,75.8236801,2018-10-07T03:53:36Z
26.9247199,75.8236935,2018-10-07T03:53:47Z
26.9247228,75.8237027,2018-10-07T03:53:58Z
26.9247292,75.8237319,2018-10-07T03:54:08Z
26.9247280,75.8237507,2018-10-07T03:54:18Z
26.9247280,75.8237507,2018-10-07T03:54:28Z
26.9247262,75.8238002,2018-10-07T03:54:38Z
26.9247241,75.8238320,2018-10-07T03:54:48Z
26.9247284,75.8238649,2018-10-07T03:54:59Z
26.9247171,75.8238769,2018-10-07T03:55:09Z
26.9247841,75.8239420,2018-10-07T03:55:20Z
26.9247867,75.8239431,2018-10-07T03:55:31Z
26.9248519,75.8239389,2018-10-07T03:55:42Z
26.9249306,75.8239815,2018-10-07T03:55:53Z
26.9249456,75.8240628,2018-10-07T03:56:03Z
26.9249574,75.8242010,2018-10-07T03:56:14Z
26.9249681,75.8243154,2018-10-07T03:56:24Z
26.9249458,75.8244220,2018-10-07T03:56:34Z
26.9249205,75.8244928,2018-10-07T03:56:44Z
26.9249281,75.8246539,2018-10-07T03:56:55Z
26.9249335,75.8248049,2018-10-07T03:57:06Z
26.9249224,75.8249674,2018-10-07T03:57:17Z
26.9249374,75.8251151,2018-10-07T03:57:28Z
26.9249759,75.8252082,2018-10-07T03:57:38Z
26.9249711,75.8252766,2018-10-07T03:57:48Z
26.9249596,75.8252920,2018-10-07T03:57:59Z
26.9248945,75.8252867,2018-10-07T03:58:10Z
26.9248335,75.8252430,2018-10-07T03:58:20Z
26.9248320,75.8252387,2018-10-07T03:58:31Z
26.9248357,75.8252408,2018-10-07T03:58:41Z
26.9248357,75.8252408,2018-10-07T03:58:52Z
26.9248357,75.8252408,2018-10-07T03:59:02Z
26.9248357,75.8252408,2018-10-07T03:59:13Z
26.9248330,75.8252422,2018-10-07T03:59:24Z
26.9248330,75.8252422,2018-10-07T03:59:35Z
26.9248330,75.8252422,2018-10-07T03:59:45Z
26.9248342,75.8252382,2018-10-07T03:59:55Z
26.9248342,75.8252382,2018-10-07T04:00:06Z
26.9248342,75.8252382,2018-10-07T04:00:16Z
26.9248342,75.8252382,2018-10-07T04:00:27Z
26.9248282,75.8252900,2018-10-07T04:00:38Z
26.9248151,75.8252858,2018-10-07T04:00:48Z
26.9248154,75.8252893,2018-10-07T04:00:58Z
26.9248149,75.8252910,2018-10-07T04:01:09Z
26.9248106,75.8252997,2018-10-07T04:01:19Z
26.9248106,75.8252997,2018-10-07T04:01:29Z
26.9248147,75.8252980,2018-10-07T04:01:40Z
26.9248147,75.8252980,2018-10-07T04:01:50Z
26.9248147,75.8252980,2018-10-07T04:02:00Z
26.9248147,75.8252980,2018-10-07T04:02:11Z
26.9248147,75.8252980,2018-10-07T04:02:22Z
26.9248147,75.8252980,2018-10-07T04:02:32Z
26.9248147,75.8252980,2018-10-07T04:02:43Z
26.9248147,75.8252980,2018-10-07T04:02:53Z
26.9248110,75.8252641,2018-10-07T04:03:04Z
26.9248307,75.8251532,2018-10-07T04:03:14Z
26.9247330,75.8250786,2018-10-07T04:03:24Z
26.9246343,75.8250457,2018-10-07T04:03:35Z
26.9245543,75.8250359,2018-10-07T04:03:45Z
26.9244656,75.8250590,2018-10-07T04:03:55Z
26.9243811,75.8250139,2018-10-07T04:04:05Z
26.9242761,75.8249897,2018-10-07T04:04:15Z
26.9242393,75.8249160,2018-10-07T04:04:25Z
26.9242551,75.8248705,2018-10-07T04:04:36Z
26.9242791,75.8248712,2018-10-07T04:04:47Z
26.9242860,75.8248699,2018-10-07T04:04:58Z
26.9242860,75.8248699,2018-10-07T04:05:09Z
26.9243100,75.8248584,2018-10-07T04:05:19Z
26.9243574,75.8248369,2018-10-07T04:05:30Z
26.9243824,75.8248274,2018-10-07T04:05:41Z
26.9243824,75.8248274,2018-10-07T04:05:51Z
26.9243824,75.8248274,2018-10-07T04:06:02Z
26.9244190,75.8248550,2018-10-07T04:06:13Z
26.9244551,75.8248645,2018-10-07T04:06:24Z
26.9244633,75.8248283,2018-10-07T04:06:34Z
26.9244633,75.8248283,2018-10-07T04:06:44Z
26.9244633,75.8248283,2018-10-07T04:06:55Z
26.9244839,75.8248234,2018-10-07T04:07:05Z
26.9244867,75.8248452,2018-10-07T04:07:16Z
26.9245051,75.8248538,2018-10-07T04:07:26Z
26.9245051,75.8248538,2018-10-07T04:07:37Z
26.9244814,75.8248472,2018-10-07T04:07:47Z
26.9244828,75.8248171,2018-10-07T04:07:58Z
26.9244967,75.8248463,2018-10-07T04:08:09Z
26.9245053,75.8248574,2018-10-07T04:08:19Z
26.9244910,75.8248431,2018-10-07T04:08:30Z
26.9245458,75.8248108,2018-10-07T04:08:40Z
26.9246052,75.8248357,2018-10-07T04:08:50Z
26.9246289,75.8248192,2018-10-07T04:09:00Z
26.9246331,75.8247963,2018-10-07T04:09:11Z
26.9246351,75.8247834,2018-10-07T04:09:21Z
26.9246174,75.8248140,2018-10-07T04:09:31Z
26.9246930,75.8248769,2018-10-07T04:09:41Z
26.9246232,75.8250145,2018-10-07T04:09:52Z
26.9245181,75.8250150,2018-10-07T04:10:02Z
26.9243986,75.8248646,2018-10-07T04:10:12Z
26.9243785,75.8247686,2018-10-07T04:10:22Z
26.9242970,75.8247529,2018-10-07T04:10:32Z
26.9242763,75.8247113,2018-10-07T04:10:42Z
26.9242793,75.8246572,2018-10-07T04:10:53Z
26.9242865,75.8246294,2018-10-07T04:11:04Z
26.9243038,75.8245165,2018-10-07T04:11:15Z
26.9243493,75.8244044,2018-10-07T04:11:26Z
26.9243961,75.8243539,2018-10-07T04:11:36Z
26.9244158,75.8242830,2018-10-07T04:11:47Z
26.9244658,75.8243522,2018-10-07T04:11:58Z
26.9245203,75.8244549,2018-10-07T04:12:08Z
26.9245089,75.8244574,2018-10-07T04:12:18Z
26.9245417,75.8244612,2018-10-07T04:12:29Z
26.9246445,75.8244457,2018-10-07T04:12:39Z
26.9246196,75.8244102,2018-10-07T04:12:50Z
26.9245896,75.8243177,2018-10-07T04:13:01Z
26.9245896,75.8243177,2018-10-07T04:13:11Z
26.9246444,75.8243213,2018-10-07T04:13:22Z
26.9246967,75.8243265,2018-10-07T04:13:32Z
26.9246988,75.8243283,2018-10-07T04:13:42Z
26.9247146,75.8242981,2018-10-07T04:13:52Z
26.9247372,75.8242795,2018-10-07T04:14:02Z
26.9247741,75.8242955,2018-10-07T04:14:13Z
26.9247680,75.8242680,2018-10-07T04:14:24Z
26.9247540,75.8242560,2018-10-07T04:14:35Z
26.9246972,75.8242000,2018-10-07T04:14:45Z
26.9246680,75.8242318,2018-10-07T04:14:56Z
26.9246062,75.8242029,2018-10-07T04:15:07Z
26.9245875,75.8241243,2018-10-07T04:15:17Z
26.9245803,75.8241085,2018-10-07T04:15:28Z
26.9245871,75.8241360,2018-10-07T04:15:38Z
26.9245540,75.8241343,2018-10-07T04:15:48Z
26.9245494,75.8241338,2018-10-07T04:15:59Z
26.9245415,75.8241269,2018-10-07T04:16:09Z
26.9245392,75.8241305,2018-10-07T04:16:20Z
26.9245335,75.8241320,2018-10-07T04:16:30Z
26.9245435,75.8241447,2018-10-07T04:16:41Z
26.9245435,75.8241447,2018-10-07T04:16:52Z
26.9245078,75.8240913,2018-10-07T04:17:03Z
26.9244296,75.8240457,2018-10-07T04:17:14Z
26.9244793,75.8240447,2018-10-07T04:17:25Z
26.9245864,75.8240629,2018-10-07T04:17:36Z
26.9246909,75.8240627,2018-10-07T04:17:47Z
26.9247527,75.8240632,2018-10-07T04:17:58Z
26.9247527,75.8240632,2018-10-07T04:18:08Z
26.9248062,75.8240427,2018-10-07T04:18:19Z
26.9248398,75.8240565,2018-10-07T04:18:29Z
26.9248733,75.8240538,2018-10-07T04:18:39Z
26.9249261,75.8239823,2018-10-07T04:18:50Z
26.9250156,75.8239834,2018-10-07T04:19:00Z
26.9250887,75.8240033,2018-10-07T04:19:10Z
26.9251071,75.8240076,2018-10-07T04:19:20Z
26.9251526,75.8240085,2018-10-07T04:19:30Z
26.9251980,75.8240556,2018-10-07T04:19:40Z
26.9252218,75.8241320,2018-10-07T04:19:50Z
26.9252545,75.8242664,2018-10-07T04:20:01Z
26.9253150,75.8243504,2018-10-07T04:20:12Z
26.9254106,75.8243802,2018-10-07T04:20:23Z
26.9253777,75.8243626,2018-10-07T04:20:33Z
26.9254373,75.8244030,2018-10-07T04:20:43Z
26.9255542,75.8245171,2018-10-07T04:20:53Z
26.9255530,75.8246337,2018-10-07T04:21:03Z
26.9255601,75.8247628,2018-10-07T04:21:13Z
26.9255667,75.8248825,2018-10-07T04:21:24Z
26.9255564,75.8250111,2018-10-07T04:21:34Z
26.9255155,75.8251619,2018-10-07T04:21:45Z
26.9254839,75.8252932,2018-10-07T04:21:55Z
26.9254784,75.8253967,2018-10-07T04:22:05Z
26.9254479,75.8255184,2018-10-07T04:22:15Z
26.9253874,75.8255962,2018-10-07T04:22:26Z
26.9253856,75.8255852,2018-10-07T04:22:37Z
26.9254119,75.8255100,2018-10-07T04:22:47Z
26.9254991,75.8254370,2018-10-07T04:22:57Z
26.9256008,75.8254673,2018-10-07T04:23:08Z
26.9256605,75.8255034,2018-10-07T04:23:18Z
26.9258204,75.8256153,2018-10-07T04:23:28Z
26.9257547,75.8257426,2018-10-07T04:23:39Z
26.9257243,75.8258734,2018-10-07T04:23:50Z
26.9256714,75.8259985,2018-10-07T04:24:01Z
26.9256864,75.8261608,2018-10-07T04:24:12Z
26.9257505,75.8262934,2018-10-07T04:24:22Z
26.9257639,75.8263970,2018-10-07T04:24:33Z
26.9258380,75.8264731,2018-10-07T04:24:44Z
26.9259355,75.8265185,2018-10-07T04:24:55Z
26.9260352,75.8265332,2018-10-07T04:25:06Z
26.9261484,75.8265467,2018-10-07T04:25:17Z
26.9262466,75.8265784,2018-10-07T04:25:27Z
26.9262847,75.8266093,2018-10-07T04:25:37Z
26.9262868,75.8266871,2018-10-07T04:25:48Z
26.9263342,75.8267331,2018-10-07T04:25:59Z
26.9262865,75.8267974,2018-10-07T04:26:09Z
26.9262511,75.8269195,2018-10-07T04:26:20Z
26.9262173,75.8270522,2018-10-07T04:26:30Z
26.9261865,75.8271702,2018-10-07T04:26:40Z
26.9261861,75.8272173,2018-10-07T04:26:51Z
26.9261961,75.8272446,2018-10-07T04:27:02Z
26.9261791,75.8273686,2018-10-07T04:27:13Z
26.9261472,75.8274397,2018-10-07T04:27:24Z
26.9261325,75.8275029,2018-10-07T04:27:34Z
26.9260686,75.8274706,2018-10-07T04:27:44Z
26.9259550,75.8273923,2018-10-07T04:27:55Z
26.9258599,75.8273257,2018-10-07T04:28:05Z
26.9257533,75.8272729,2018-10-07T04:28:15Z
26.9256699,75.8272014,2018-10-07T04:28:25Z
26.9255674,75.8271346,2018-10-07T04:28:36Z
26.9254606,75.8270676,2018-10-07T04:28:47Z
26.9253560,75.8270183,2018-10-07T04:28:58Z
26.9252632,75.8270721,2018-10-07T04:29:08Z
26.9252319,75.8271012,2018-10-07T04:29:19Z
26.9251342,75.8271073,2018-10-07T04:29:30Z
26.9249905,75.8270665,2018-10-07T04:29:41Z
26.9249049,75.8270616,2018-10-07T04:29:52Z
26.9247438,75.8270444,2018-10-07T04:30:02Z
26.9246566,75.8270047,2018-10-07T04:30:13Z
26.9245289,75.8269946,2018-10-07T04:30:24Z
26.9244245,75.8269603,2018-10-07T04:30:35Z
26.9243136,75.8269269,2018-10-07T04:30:46Z
26.9241851,75.8269286,2018-10-07T04:30:57Z
26.9240715,75.8269012,2018-10-07T04:31:08Z
26.9240229,75.8268966,2018-10-07T04:31:18Z
26.9240147,75.8269061,2018-10-07T04:31:29Z
26.9240147,75.8269061,2018-10-07T04:31:40Z
26.9240055,75.8269768,2018-10-07T04:31:51Z
26.9239992,75.8269700,2018-10-07T04:32:01Z
26.9239655,75.8269466,2018-10-07T04:32:12Z
26.9238845,75.8268896,2018-10-07T04:32:22Z
26.9238082,75.8268637,2018-10-07T04:32:32Z
26.9237543,75.8268414,2018-10-07T04:32:43Z
26.9237709,75.8268466,2018-10-07T04:32:53Z
26.9237600,75.8268414,2018-10-07T04:33:04Z
26.9236273,75.8267927,2018-10-07T04:33:15Z
26.9235217,75.8267353,2018-10-07T04:33:27Z
26.9234537,75.8267199,2018-10-07T04:33:37Z
26.9233572,75.8266894,2018-10-07T04:33:48Z
26.9232948,75.8266475,2018-10-07T04:33:59Z
26.9232244,75.8265946,2018-10-07T04:34:09Z
26.9231306,75.8265580,2018-10-07T04:34:19Z
26.9230977,75.8265438,2018-10-07T04:34:29Z
26.9230451,75.8264422,2018-10-07T04:34:40Z
26.9231130,75.8263803,2018-10-07T04:34:51Z
26.9231682,75.8262871,2018-10-07T04:35:01Z
26.9232015,75.8261576,2018-10-07T04:35:11Z
26.9232284,75.8261163,2018-10-07T04:35:22Z
26.9233118,75.8260778,2018-10-07T04:35:33Z
26.9234025,75.8261338,2018-10-07T04:35:44Z
26.9235364,75.8262127,2018-10-07T04:35:55Z
26.9236408,75.8262379,2018-10-07T04:36:05Z
26.9237601,75.8262664,2018-10-07T04:36:15Z
26.9238647,75.8262769,2018-10-07T04:36:26Z
26.9239380,75.8262934,2018-10-07T04:36:36Z
26.9239380,75.8262934,2018-10-07T04:36:47Z
26.9239622,75.8263139,2018-10-07T04:36:58Z
26.9239858,75.8263522,2018-10-07T04:37:09Z
26.9239858,75.8263522,2018-10-07T04:37:19Z
26.9239636,75.8263499,2018-10-07T04:37:31Z
26.9239560,75.8263426,2018-10-07T04:37:41Z
26.9239840,75.8263552,2018-10-07T04:37:52Z
26.9240265,75.8263446,2018-10-07T04:38:03Z
26.9239760,75.8263867,2018-10-07T04:38:13Z
26.9239529,75.8264257,2018-10-07T04:38:23Z
26.9239529,75.8264257,2018-10-07T04:38:34Z
26.9239529,75.8264257,2018-10-07T04:38:45Z
26.9239529,75.8264257,2018-10-07T04:38:56Z
26.9239673,75.8264808,2018-10-07T04:39:07Z
26.9239638,75.8265221,2018-10-07T04:39:18Z
26.9239425,75.8265959,2018-10-07T04:39:28Z
26.9240058,75.8266061,2018-10-07T04:39:39Z
26.9240102,75.8266921,2018-10-07T04:39:49Z
26.9240058,75.8266902,2018-10-07T04:39:59Z
26.9240048,75.8266899,2018-10-07T04:40:09Z
26.9240048,75.8266899,2018-10-07T04:40:20Z
26.9240048,75.8266899,2018-10-07T04:40:30Z
26.9240006,75.8267153,2018-10-07T04:40:40Z
26.9239900,75.8267981,2018-10-07T04:40:51Z
26.9239824,75.8267831,2018-10-07T04:41:01Z
26.9240307,75.8268629,2018-10-07T04:41:19Z
26.9240307,75.8268629,2018-10-07T04:41:29Z
26.9239953,75.8269041,2018-10-07T04:41:40Z
26.9239937,75.8269085,2018-10-07T04:41:50Z
26.9239937,75.8269085,2018-10-07T04:42:01Z
26.9239630,75.8268907,2018-10-07T04:42:11Z
26.9239506,75.8268663,2018-10-07T04:42:23Z
26.9239895,75.8268672,2018-10-07T04:42:34Z
26.9240167,75.8268523,2018-10-07T04:42:44Z
26.9240260,75.8268790,2018-10-07T04:42:54Z
26.9240475,75.8268449,2018-10-07T04:43:05Z
26.9240401,75.8268482,2018-10-07T04:43:15Z
26.9240044,75.8268783,2018-10-07T04:43:26Z
26.9240044,75.8268783,2018-10-07T04:43:37Z
26.9240033,75.8268808,2018-10-07T04:43:47Z
26.9239712,75.8268810,2018-10-07T04:43:58Z
26.9239469,75.8268946,2018-10-07T04:44:08Z
26.9239426,75.8269015,2018-10-07T04:44:20Z
26.9238722,75.8268671,2018-10-07T04:44:30Z
26.9238451,75.8268555,2018-10-07T04:44:41Z
26.9238451,75.8268555,2018-10-07T04:44:52Z
26.9238262,75.8268461,2018-10-07T04:45:02Z
26.9238145,75.8268484,2018-10-07T04:45:13Z
26.9238145,75.8268484,2018-10-07T04:45:23Z
26.9238695,75.8268993,2018-10-07T04:45:33Z
26.9239357,75.8268989,2018-10-07T04:45:43Z
26.9240100,75.8268805,2018-10-07T04:45:54Z
26.9240103,75.8268963,2018-10-07T04:46:04Z
26.9240469,75.8268682,2018-10-07T04:46:15Z
26.9240285,75.8268669,2018-10-07T04:46:25Z
26.9239946,75.8268169,2018-10-07T04:46:35Z
26.9239930,75.8268072,2018-10-07T04:46:45Z
26.9239886,75.8267942,2018-10-07T04:46:55Z
26.9239651,75.8268028,2018-10-07T04:47:06Z
26.9239545,75.8268116,2018-10-07T04:47:17Z
26.9239451,75.8268202,2018-10-07T04:47:27Z
26.9239083,75.8267985,2018-10-07T04:47:37Z
26.9239083,75.8267985,2018-10-07T04:47:48Z
26.9238904,75.8268010,2018-10-07T04:47:58Z
26.9238767,75.8268108,2018-10-07T04:48:08Z
26.9238765,75.8268153,2018-10-07T04:48:19Z
26.9238765,75.8268153,2018-10-07T04:48:29Z
26.9238765,75.8268153,2018-10-07T04:48:40Z
26.9238767,75.8268105,2018-10-07T04:48:51Z
26.9238739,75.8267978,2018-10-07T04:49:01Z
26.9238706,75.8267979,2018-10-07T04:49:12Z
26.9238706,75.8267979,2018-10-07T04:49:22Z
26.9238706,75.8267979,2018-10-07T04:49:32Z
26.9238752,75.8267978,2018-10-07T04:49:43Z
26.9238779,75.8267979,2018-10-07T04:49:54Z
26.9238937,75.8268058,2018-10-07T04:50:05Z
26.9238983,75.8267970,2018-10-07T04:50:15Z
26.9238983,75.8267968,2018-10-07T04:50:25Z
26.9238983,75.8267968,2018-10-07T04:50:35Z
26.9238983,75.8267968,2018-10-07T04:50:45Z
26.9238897,75.8268378,2018-10-07T04:50:56Z
26.9239102,75.8268772,2018-10-07T04:51:06Z
26.9239298,75.8268895,2018-10-07T04:51:16Z
26.9239308,75.8268986,2018-10-07T04:51:27Z
26.9239312,75.8268989,2018-10-07T04:51:37Z
26.9239300,75.8268990,2018-10-07T04:51:48Z
26.9239300,75.8268990,2018-10-07T04:51:59Z
26.9239300,75.8268990,2018-10-07T04:52:09Z
26.9239300,75.8268990,2018-10-07T04:52:19Z
26.9239300,75.8268990,2018-10-07T04:52:30Z
26.9239300,75.8268990,2018-10-07T04:52:40Z
26.9239159,75.8269072,2018-10-07T04:52:51Z
26.9239159,75.8269072,2018-10-07T04:53:01Z
26.9239139,75.8269098,2018-10-07T04:53:11Z
26.9239129,75.8268993,2018-10-07T04:53:22Z
26.9239129,75.8268993,2018-10-07T04:53:32Z
26.9238957,75.8268944,2018-10-07T04:53:43Z
26.9238613,75.8268734,2018-10-07T04:53:53Z
26.9238613,75.8268734,2018-10-07T04:54:04Z
26.9238495,75.8268445,2018-10-07T04:54:15Z
26.9239068,75.8268735,2018-10-07T04:54:25Z
26.9239842,75.8268816,2018-10-07T04:54:36Z
26.9239984,75.8268904,2018-10-07T04:54:46Z
26.9240537,75.8268829,2018-10-07T04:54:56Z
26.9240497,75.8268703,2018-10-07T04:55:06Z
26.9240497,75.8268703,2018-10-07T04:55:17Z
26.9240513,75.8268555,2018-10-07T04:55:27Z
26.9240741,75.8268717,2018-10-07T04:55:38Z
26.9240598,75.8268490,2018-10-07T04:55:49Z
26.9240723,75.8268545,2018-10-07T04:55:59Z
26.9240016,75.8268290,2018-10-07T04:56:10Z
26.9239117,75.8268246,2018-10-07T04:56:21Z
26.9239117,75.8268246,2018-10-07T04:56:31Z
26.9239211,75.8268128,2018-10-07T04:56:42Z
26.9239115,75.8268069,2018-10-07T04:56:53Z
26.9238750,75.8268400,2018-10-07T04:57:04Z
26.9237986,75.8268332,2018-10-07T04:57:14Z
26.9237281,75.8267555,2018-10-07T04:57:24Z
26.9236925,75.8267284,2018-10-07T04:57:34Z
26.9236688,75.8267170,2018-10-07T04:57:45Z
26.9236569,75.8266385,2018-10-07T04:57:56Z
26.9235944,75.8266079,2018-10-07T04:58:07Z
26.9236298,75.8265762,2018-10-07T04:58:18Z
26.9237087,75.8264495,2018-10-07T04:58:29Z
26.9237158,75.8263624,2018-10-07T04:58:40Z
26.9236527,75.8262690,2018-10-07T04:58:50Z
26.9235711,75.8262487,2018-10-07T04:59:00Z
26.9234964,75.8262828,2018-10-07T04:59:11Z
26.9234603,75.8263293,2018-10-07T04:59:21Z
26.9234603,75.8263301,2018-10-07T04:59:32Z
26.9234603,75.8263301,2018-10-07T04:59:42Z
26.9234603,75.8263301,2018-10-07T04:59:53Z
26.9234603,75.8263301,2018-10-07T05:00:03Z
26.9234603,75.8263301,2018-10-07T05:00:14Z
26.9234603,75.8263301,2018-10-07T05:00:24Z
26.9234603,75.8263301,2018-10-07T05:00:35Z
26.9234515,75.8263314,2018-10-07T05:00:45Z
26.9234343,75.8263366,2018-10-07T05:00:56Z
26.9234341,75.8263451,2018-10-07T05:01:07Z
26.9234253,75.8263058,2018-10-07T05:01:18Z
26.9234253,75.8263058,2018-10-07T05:01:28Z
26.9234306,75.8263073,2018-10-07T05:01:39Z
26.9234353,75.8263312,2018-10-07T05:01:49Z
26.9234347,75.8263317,2018-10-07T05:02:00Z
26.9234396,75.8263265,2018-10-07T05:02:10Z
26.9234976,75.8263503,2018-10-07T05:02:21Z
26.9235961,75.8263721,2018-10-07T05:02:31Z
26.9236309,75.8263707,2018-10-07T05:02:42Z
26.9236304,75.8263492,2018-10-07T05:02:52Z
26.9237238,75.8262937,2018-10-07T05:03:03Z
26.9237309,75.8262982,2018-10-07T05:03:14Z
26.9237177,75.8263112,2018-10-07T05:03:25Z
26.9237892,75.8266143,2018-10-07T05:05:03Z
26.9237376,75.8265909,2018-10-07T05:05:13Z
26.9237068,75.8266016,2018-10-07T05:05:24Z
26.9237614,75.8266415,2018-10-07T05:05:34Z
26.9237502,75.8267684,2018-10-07T05:05:45Z
26.9236480,75.8268200,2018-10-07T05:05:56Z
26.9236162,75.8268467,2018-10-07T05:06:07Z
26.9236423,75.8268231,2018-10-07T05:06:18Z
26.9236353,75.8268249,2018-10-07T05:06:29Z
26.9235490,75.8268037,2018-10-07T05:06:39Z
26.9235758,75.8266809,2018-10-07T05:06:50Z
26.9236571,75.8266428,2018-10-07T05:07:01Z
26.9236705,75.8267125,2018-10-07T05:07:11Z
26.9236760,75.8267623,2018-10-07T05:07:21Z
26.9237645,75.8267926,2018-10-07T05:07:31Z
26.9237917,75.8268131,2018-10-07T05:07:42Z
26.9237724,75.8267534,2018-10-07T05:07:53Z
26.9237724,75.8267534,2018-10-07T05:08:03Z
26.9237325,75.8267403,2018-10-07T05:08:13Z
26.9237468,75.8266363,2018-10-07T05:08:24Z
26.9238481,75.8266104,2018-10-07T05:08:35Z
26.9239433,75.8266218,2018-10-07T05:08:46Z
26.9239433,75.8266218,2018-10-07T05:08:57Z
26.9239433,75.8266218,2018-10-07T05:09:07Z
26.9238468,75.8265863,2018-10-07T05:09:18Z
26.9238455,75.8266648,2018-10-07T05:09:29Z
26.9238234,75.8267592,2018-10-07T05:09:40Z
26.9238225,75.8267999,2018-10-07T05:09:50Z
26.9238373,75.8268257,2018-10-07T05:10:01Z
26.9238813,75.8268633,2018-10-07T05:10:12Z
26.9239467,75.8269092,2018-10-07T05:10:23Z
26.9239917,75.8268798,2018-10-07T05:10:33Z
26.9239717,75.8269465,2018-10-07T05:10:45Z
26.9239773,75.8269475,2018-10-07T05:10:55Z
26.9239975,75.8269754,2018-10-07T05:11:06Z
26.9239248,75.8269402,2018-10-07T05:11:16Z
26.9238929,75.8269108,2018-10-07T05:11:27Z
26.9238709,75.8268924,2018-10-07T05:11:38Z
26.9237659,75.8265636,2018-10-07T05:12:11Z
26.9238397,75.8265061,2018-10-07T05:12:22Z
26.9238216,75.8263531,2018-10-07T05:12:33Z
26.9237507,75.8263084,2018-10-07T05:12:43Z
26.9236202,75.8262647,2018-10-07T05:12:53Z
26.9235585,75.8262717,2018-10-07T05:13:03Z
26.9234382,75.8262537,2018-10-07T05:13:14Z
26.9234511,75.8262099,2018-10-07T05:13:24Z
26.9234353,75.8261738,2018-10-07T05:13:34Z
26.9234699,75.8261002,2018-10-07T05:13:45Z
26.9235344,75.8260306,2018-10-07T05:13:56Z
26.9236548,75.8260678,2018-10-07T05:14:07Z
26.9237754,75.8260977,2018-10-07T05:14:18Z
26.9238529,75.8261127,2018-10-07T05:14:28Z
26.9238754,75.8261202,2018-10-07T05:14:39Z
26.9238793,75.8261133,2018-10-07T05:14:50Z
26.9238796,75.8261126,2018-10-07T05:15:00Z
26.9238796,75.8261126,2018-10-07T05:15:10Z
26.9238796,75.8261126,2018-10-07T05:15:20Z
26.9238796,75.8261126,2018-10-07T05:15:31Z
26.9238823,75.8261045,2018-10-07T05:15:42Z
26.9238823,75.8261045,2018-10-07T05:15:53Z
26.9238823,75.8261045,2018-10-07T05:16:04Z
26.9238823,75.8261045,2018-10-07T05:16:14Z
26.9238823,75.8261045,2018-10-07T05:16:25Z
26.9238823,75.8261045,2018-10-07T05:16:36Z
26.9238823,75.8261045,2018-10-07T05:16:46Z
26.9238823,75.8261045,2018-10-07T05:16:57Z
26.9238823,75.8261045,2018-10-07T05:17:08Z
26.9238823,75.8261045,2018-10-07T05:17:19Z
26.9238823,75.8261045,2018-10-07T05:17:29Z
26.9238823,75.8261045,2018-10-07T05:17:39Z
26.9238823,75.8261045,2018-10-07T05:17:50Z
26.9238823,75.8261045,2018-10-07T05:18:01Z
26.9238823,75.8261045,2018-10-07T05:18:11Z
26.9238823,75.8261045,2018-10-07T05:18:21Z
26.9238823,75.8261045,2018-10-07T05:18:31Z
26.9238823,75.8261045,2018-10-07T05:18:42Z
26.9238823,75.8261045,2018-10-07T05:18:52Z
26.9238823,75.8261045,2018-10-07T05:19:03Z
26.9238823,75.8261045,2018-10-07T05:19:13Z
26.9238823,75.8261045,2018-10-07T05:19:24Z
26.9238741,75.8260948,2018-10-07T05:19:35Z
26.9238710,75.8260912,2018-10-07T05:19:45Z
26.9238757,75.8260941,2018-10-07T05:19:56Z
26.9238851,75.8260925,2018-10-07T05:20:07Z
26.9238851,75.8260925,2018-10-07T05:20:18Z
26.9238902,75.8261018,2018-10-07T05:20:29Z
26.9238902,75.8261018,2018-10-07T05:20:39Z
26.9238902,75.8261018,2018-10-07T05:20:49Z
26.9239001,75.8260934,2018-10-07T05:21:00Z
26.9239001,75.8260934,2018-10-07T05:21:11Z
26.9239001,75.8260934,2018-10-07T05:21:21Z
26.9239001,75.8260934,2018-10-07T05:21:31Z
26.9239001,75.8260934,2018-10-07T05:21:42Z
26.9239001,75.8260934,2018-10-07T05:21:53Z
26.9239001,75.8260934,2018-10-07T05:22:03Z
26.9239158,75.8260846,2018-10-07T05:22:13Z
26.9239158,75.8260846,2018-10-07T05:22:24Z
26.9239332,75.8260536,2018-10-07T05:22:35Z
26.9239330,75.8260489,2018-10-07T05:22:45Z
26.9239330,75.8260489,2018-10-07T05:22:56Z
26.9239330,75.8260489,2018-10-07T05:23:07Z
26.9239330,75.8260489,2018-10-07T05:23:17Z
26.9239330,75.8260489,2018-10-07T05:23:28Z
26.9239330,75.8260489,2018-10-07T05:23:39Z
26.9239330,75.8260489,2018-10-07T05:23:49Z
26.9239330,75.8260489,2018-10-07T05:23:59Z
26.9239330,75.8260489,2018-10-07T05:24:10Z
26.9239299,75.8260429,2018-10-07T05:24:20Z
26.9239299,75.8260429,2018-10-07T05:24:31Z
26.9239299,75.8260429,2018-10-07T05:24:42Z
26.9239299,75.8260429,2018-10-07T05:24:53Z
26.9239299,75.8260429,2018-10-07T05:25:04Z
26.9239299,75.8260429,2018-10-07T05:25:15Z
26.9239299,75.8260429,2018-10-07T05:25:25Z
26.9239299,75.8260429,2018-10-07T05:25:35Z
26.9239299,75.8260429,2018-10-07T05:25:46Z
26.9239299,75.8260429,2018-10-07T05:25:56Z
26.9239299,75.8260429,2018-10-07T05:26:06Z
26.9239299,75.8260429,2018-10-07T05:26:17Z
26.9239299,75.8260429,2018-10-07T05:26:28Z
26.9239299,75.8260429,2018-10-07T05:26:39Z
26.9239299,75.8260429,2018-10-07T05:26:50Z
26.9239185,75.8260552,2018-10-07T05:27:00Z
26.9239185,75.8260552,2018-10-07T05:27:11Z
26.9239128,75.8260698,2018-10-07T05:27:21Z
26.9239128,75.8260698,2018-10-07T05:27:32Z
26.9239036,75.8260546,2018-10-07T05:27:43Z
26.9239155,75.8260327,2018-10-07T05:27:53Z
26.9238896,75.8260396,2018-10-07T05:28:04Z
26.9238783,75.8260045,2018-10-07T05:28:14Z
26.9238669,75.8259815,2018-10-07T05:28:25Z
26.9238630,75.8259541,2018-10-07T05:28:35Z
26.9238833,75.8259380,2018-10-07T05:28:45Z
26.9238833,75.8259380,2018-10-07T05:28:55Z
26.9238894,75.8259016,2018-10-07T05:29:06Z
26.9238894,75.8259016,2018-10-07T05:29:16Z
26.9238972,75.8257922,2018-10-07T05:29:26Z
26.9238827,75.8257921,2018-10-07T05:29:37Z
26.9238733,75.8258672,2018-10-07T05:29:48Z
26.9238743,75.8259514,2018-10-07T05:29:59Z
26.9238723,75.8258870,2018-10-07T05:30:10Z
26.9238789,75.8258707,2018-10-07T05:30:20Z
26.9238883,75.8258401,2018-10-07T05:30:30Z
26.9238883,75.8258401,2018-10-07T05:30:41Z
26.9238842,75.8258323,2018-10-07T05:30:52Z
26.9238837,75.8258399,2018-10-07T05:31:02Z
26.9238453,75.8258297,2018-10-07T05:31:12Z
26.9237621,75.8258026,2018-10-07T05:31:23Z
26.9237626,75.8258030,2018-10-07T05:31:34Z
26.9237105,75.8257892,2018-10-07T05:31:44Z
26.9236162,75.8257540,2018-10-07T05:31:55Z
26.9235250,75.8257583,2018-10-07T05:32:05Z
26.9234304,75.8257777,2018-10-07T05:32:16Z
26.9233518,75.8257902,2018-10-07T05:32:26Z
26.9233572,75.8258339,2018-10-07T05:32:36Z
26.9233449,75.8258717,2018-10-07T05:32:47Z
26.9233464,75.8258802,2018-10-07T05:32:58Z
26.9233464,75.8258802,2018-10-07T05:33:09Z
26.9233350,75.8259054,2018-10-07T05:33:19Z
26.9233335,75.8259258,2018-10-07T05:33:30Z
26.9233335,75.8259258,2018-10-07T05:33:40Z
26.9233335,75.8259258,2018-10-07T05:33:50Z
26.9233230,75.8259449,2018-10-07T05:34:00Z
26.9233134,75.8259645,2018-10-07T05:34:11Z
26.9232907,75.8260077,2018-10-07T05:34:21Z
26.9231776,75.8260364,2018-10-07T05:34:32Z
26.9231607,75.8261413,2018-10-07T05:34:43Z
26.9230917,75.8261745,2018-10-07T05:34:53Z
26.9230406,75.8262356,2018-10-07T05:35:04Z
26.9229501,75.8263045,2018-10-07T05:35:14Z
26.9228543,75.8264019,2018-10-07T05:35:25Z
26.9227366,75.8264650,2018-10-07T05:35:36Z
26.9226556,75.8265095,2018-10-07T05:35:46Z
26.9226188,75.8266332,2018-10-07T05:35:57Z
26.9225251,75.8266918,2018-10-07T05:36:07Z
26.9223948,75.8266850,2018-10-07T05:36:18Z
26.9222454,75.8266411,2018-10-07T05:36:29Z
26.9221518,75.8266270,2018-10-07T05:36:40Z
26.9220564,75.8265830,2018-10-07T05:36:50Z
26.9219649,75.8265397,2018-10-07T05:37:00Z
26.9219027,75.8265448,2018-10-07T05:37:10Z
26.9219907,75.8265725,2018-10-07T05:37:21Z
26.9221321,75.8266315,2018-10-07T05:37:32Z
26.9222658,75.8266224,2018-10-07T05:37:43Z
26.9223764,75.8266326,2018-10-07T05:37:53Z
26.9225119,75.8266703,2018-10-07T05:38:03Z
26.9226393,75.8267443,2018-10-07T05:38:14Z
26.9227142,75.8266425,2018-10-07T05:38:24Z
26.9228084,75.8265704,2018-10-07T05:38:34Z
26.9228855,75.8264471,2018-10-07T05:38:45Z
26.9229642,75.8263765,2018-10-07T05:38:56Z
26.9230467,75.8262607,2018-10-07T05:39:06Z
26.9231058,75.8261265,2018-10-07T05:39:17Z
26.9231307,75.8260223,2018-10-07T05:39:27Z
26.9232137,75.8259854,2018-10-07T05:39:38Z
26.9232226,75.8259338,2018-10-07T05:39:49Z
26.9232038,75.8259646,2018-10-07T05:40:00Z
26.9231479,75.8261971,2018-10-07T05:40:11Z
26.9230422,75.8264457,2018-10-07T05:40:21Z
26.9229808,75.8265617,2018-10-07T05:40:32Z
26.9230086,75.8266582,2018-10-07T05:40:43Z
26.9231540,75.8267471,2018-10-07T05:40:53Z
26.9232376,75.8268519,2018-10-07T05:41:03Z
26.9230521,75.8270001,2018-10-07T05:41:14Z
26.9229306,75.8271486,2018-10-07T05:41:25Z
26.9227576,75.8271220,2018-10-07T05:41:36Z
26.9226532,75.8269380,2018-10-07T05:41:46Z
26.9225391,75.8267391,2018-10-07T05:41:57Z
26.9221044,75.8265877,2018-10-07T05:42:07Z
26.9213328,75.8263288,2018-10-07T05:42:17Z
26.9207828,75.8261794,2018-10-07T05:42:28Z
26.9203366,75.8260286,2018-10-07T05:42:38Z
26.9196345,75.8258093,2018-10-07T05:42:48Z
26.9185964,75.8254948,2018-10-07T05:42:59Z
26.9179880,75.8253263,2018-10-07T05:43:09Z
26.9175225,75.8252395,2018-10-07T05:43:19Z
26.9170644,75.8251297,2018-10-07T05:43:30Z
26.9166937,75.8250279,2018-10-07T05:43:41Z
26.9161958,75.8248736,2018-10-07T05:43:51Z
26.9157590,75.8247908,2018-10-07T05:44:02Z
26.9156865,75.8247889,2018-10-07T05:44:13Z
26.9155505,75.8247544,2018-10-07T05:44:23Z
26.9152879,75.8246632,2018-10-07T05:44:34Z
26.9151572,75.8244290,2018-10-07T05:44:44Z
26.9152242,75.8239779,2018-10-07T05:44:55Z
26.9153811,75.8232243,2018-10-07T05:45:05Z
26.9152473,75.8230190,2018-10-07T05:45:16Z
26.9147173,75.8228774,2018-10-07T05:45:26Z
26.9141571,75.8226730,2018-10-07T05:45:37Z
26.9137525,75.8218080,2018-10-07T05:45:47Z
26.9136644,75.8210876,2018-10-07T05:45:57Z
26.9137732,75.8203056,2018-10-07T05:46:08Z
26.9137655,75.8201974,2018-10-07T05:46:18Z
26.9135490,75.8199747,2018-10-07T05:46:28Z
26.9128395,75.8198074,2018-10-07T05:46:39Z
26.9124612,75.8197512,2018-10-07T05:46:49Z
26.9121490,75.8200893,2018-10-07T05:47:00Z
26.9118287,75.8202131,2018-10-07T05:47:10Z
26.9115828,75.8201774,2018-10-07T05:47:21Z
26.9111127,75.8200622,2018-10-07T05:47:32Z
26.9109636,75.8200374,2018-10-07T05:47:42Z
26.9108482,75.8200471,2018-10-07T05:47:53Z
26.9108647,75.8200384,2018-10-07T05:48:04Z
26.9108796,75.8200360,2018-10-07T05:48:15Z
26.9109498,75.8200091,2018-10-07T05:48:26Z
26.9110601,75.8200147,2018-10-07T05:48:37Z
26.9112101,75.8200287,2018-10-07T05:48:48Z
26.9113267,75.8200321,2018-10-07T05:48:59Z
26.9113620,75.8199651,2018-10-07T05:49:10Z
26.9113879,75.8198559,2018-10-07T05:49:20Z
26.9114416,75.8198426,2018-10-07T05:49:30Z
26.9115373,75.8198468,2018-10-07T05:49:41Z
26.9116415,75.8198356,2018-10-07T05:49:51Z
26.9116585,75.8198123,2018-10-07T05:50:02Z
26.9116437,75.8197359,2018-10-07T05:50:12Z
26.9116286,75.8197167,2018-10-07T05:50:23Z
26.9116341,75.8196872,2018-10-07T05:50:33Z
26.9116537,75.8196947,2018-10-07T05:50:43Z
26.9116537,75.8196947,2018-10-07T05:50:53Z
26.9116596,75.8196858,2018-10-07T05:51:04Z
26.9116783,75.8196909,2018-10-07T05:51:14Z
26.9116783,75.8196909,2018-10-07T05:51:25Z
26.9117008,75.8196886,2018-10-07T05:51:35Z
26.9117356,75.8196918,2018-10-07T05:51:45Z
26.9117498,75.8197160,2018-10-07T05:51:56Z
26.9117688,75.8197226,2018-10-07T05:52:07Z
26.9117263,75.8197068,2018-10-07T05:52:17Z
26.9117176,75.8197134,2018-10-07T05:52:28Z
26.9117679,75.8197061,2018-10-07T05:52:38Z
26.9117041,75.8196616,2018-10-07T05:52:48Z
26.9116954,75.8196529,2018-10-07T05:52:58Z
26.9116954,75.8196529,2018-10-07T05:53:09Z
26.9116954,75.8196529,2018-10-07T05:53:20Z
26.9116954,75.8196529,2018-10-07T05:53:30Z
26.9116954,75.8196529,2018-10-07T05:53:41Z
26.9116954,75.8196529,2018-10-07T05:53:51Z
26.9116954,75.8196529,2018-10-07T05:54:01Z
26.9116954,75.8196529,2018-10-07T05:54:12Z
26.9116954,75.8196529,2018-10-07T05:54:22Z
26.9116954,75.8196529,2018-10-07T05:54:32Z
26.9116102,75.8197319,2018-10-07T05:54:43Z
26.9115903,75.8197353,2018-10-07T05:54:53Z
26.9115903,75.8197353,2018-10-07T05:55:04Z
26.9115735,75.8197583,2018-10-07T05:55:14Z
26.9115456,75.8197541,2018-10-07T05:55:25Z
26.9115215,75.8197312,2018-10-07T05:55:36Z
26.9115215,75.8197312,2018-10-07T05:55:47Z
26.9115215,75.8197312,2018-10-07T05:55:58Z
26.9115624,75.8196864,2018-10-07T05:56:08Z
26.9115779,75.8196578,2018-10-07T05:56:18Z
26.9115576,75.8196576,2018-10-07T05:56:28Z
26.9115506,75.8196754,2018-10-07T05:56:38Z
26.9115178,75.8197100,2018-10-07T05:56:48Z
26.9115093,75.8197550,2018-10-07T05:56:59Z
26.9115093,75.8197550,2018-10-07T05:57:09Z
26.9114861,75.8197690,2018-10-07T05:57:20Z
26.9115270,75.8197157,2018-10-07T05:57:30Z
26.9115580,75.8196832,2018-10-07T05:57:40Z
26.9115580,75.8196832,2018-10-07T05:57:50Z
26.9115984,75.8196701,2018-10-07T05:58:01Z
26.9115894,75.8197350,2018-10-07T05:58:12Z
26.9116386,75.8196480,2018-10-07T05:58:23Z
26.9117146,75.8195996,2018-10-07T05:58:34Z
26.9116172,75.8195590,2018-10-07T05:59:07Z
26.9116951,75.8195051,2018-10-07T05:59:19Z
26.9117632,75.8193758,2018-10-07T05:59:29Z
26.9117107,75.8193718,2018-10-07T05:59:40Z
26.9116418,75.8194595,2018-10-07T05:59:56Z
26.9116239,75.8194338,2018-10-07T06:00:07Z
26.9116727,75.8196019,2018-10-07T06:00:33Z
26.9116719,75.8195007,2018-10-07T06:00:44Z
26.9116875,75.8194485,2018-10-07T06:00:54Z
26.9115462,75.8193748,2018-10-07T06:01:25Z
26.9116499,75.8192841,2018-10-07T06:01:36Z
26.9117000,75.8192469,2018-10-07T06:01:46Z
26.9117097,75.8193073,2018-10-07T06:01:57Z
26.9116692,75.8193025,2018-10-07T06:02:07Z
26.9116144,75.8193390,2018-10-07T06:02:18Z
26.9116325,75.8193674,2018-10-07T06:02:29Z
26.9116588,75.8193430,2018-10-07T06:02:40Z
26.9116390,75.8194015,2018-10-07T06:02:50Z
26.9116271,75.8194014,2018-10-07T06:03:01Z
26.9116463,75.8195469,2018-10-07T06:03:11Z
26.9116348,75.8195161,2018-10-07T06:03:22Z
26.9116005,75.8194834,2018-10-07T06:03:33Z
26.9116097,75.8193883,2018-10-07T06:03:48Z
26.9116033,75.8194471,2018-10-07T06:03:59Z
26.9116363,75.8195726,2018-10-07T06:04:10Z
26.9115914,75.8196022,2018-10-07T06:04:20Z
26.9116240,75.8196394,2018-10-07T06:04:31Z
26.9116503,75.8196260,2018-10-07T06:04:42Z
26.9115241,75.8197814,2018-10-07T06:04:52Z
26.9114587,75.8198022,2018-10-07T06:05:03Z
26.9114962,75.8197820,2018-10-07T06:05:13Z
26.9115429,75.8197394,2018-10-07T06:05:24Z
26.9115544,75.8197488,2018-10-07T06:05:35Z
26.9115541,75.8197457,2018-10-07T06:05:45Z
26.9115766,75.8197208,2018-10-07T06:05:56Z
26.9115651,75.8196838,2018-10-07T06:06:06Z
26.9115857,75.8197010,2018-10-07T06:06:17Z
26.9115862,75.8196540,2018-10-07T06:06:28Z
26.9115858,75.8196459,2018-10-07T06:06:38Z
26.9115886,75.8196609,2018-10-07T06:06:48Z
26.9116366,75.8195837,2018-10-07T06:06:59Z
26.9115986,75.8196555,2018-10-07T06:07:09Z
26.9115604,75.8196969,2018-10-07T06:07:20Z
26.9115984,75.8196725,2018-10-07T06:07:30Z
26.9115984,75.8196725,2018-10-07T06:07:40Z
26.9115751,75.8196761,2018-10-07T06:07:51Z
26.9115841,75.8197221,2018-10-07T06:08:01Z
26.9115740,75.8197564,2018-10-07T06:08:12Z
26.9115716,75.8197271,2018-10-07T06:08:22Z
26.9115980,75.8197283,2018-10-07T06:08:33Z
26.9115695,75.8197405,2018-10-07T06:08:44Z
26.9115557,75.8197732,2018-10-07T06:08:54Z
26.9115810,75.8197680,2018-10-07T06:09:05Z
26.9115593,75.8197431,2018-10-07T06:09:16Z
26.9115706,75.8197050,2018-10-07T06:09:26Z
26.9115706,75.8197050,2018-10-07T06:09:36Z
26.9115706,75.8197050,2018-10-07T06:09:48Z
26.9115694,75.8197162,2018-10-07T06:09:58Z
26.9115787,75.8196864,2018-10-07T06:10:09Z
26.9115806,75.8196842,2018-10-07T06:10:19Z
26.9115572,75.8196869,2018-10-07T06:10:29Z
26.9115642,75.8196569,2018-10-07T06:10:40Z
26.9115632,75.8196735,2018-10-07T06:10:51Z
26.9115730,75.8196525,2018-10-07T06:11:01Z
26.9115849,75.8196394,2018-10-07T06:11:12Z
26.9116165,75.8196097,2018-10-07T06:11:23Z
26.9116616,75.8195509,2018-10-07T06:11:34Z
26.9116380,75.8195675,2018-10-07T06:11:45Z
26.9116599,75.8195701,2018-10-07T06:11:55Z
26.9115953,75.8195749,2018-10-07T06:12:05Z
26.9115682,75.8196437,2018-10-07T06:12:15Z
26.9115590,75.8196795,2018-10-07T06:12:25Z
26.9119525,75.8200251,2018-10-07T06:14:11Z
26.9121735,75.8198858,2018-10-07T06:14:22Z
26.9123984,75.8199778,2018-10-07T06:14:33Z
26.9123072,75.8199189,2018-10-07T06:14:43Z
26.9123899,75.8198817,2018-10-07T06:14:58Z
26.9122616,75.8199151,2018-10-07T06:15:08Z
26.9121309,75.8198288,2018-10-07T06:15:23Z
26.9121090,75.8198198,2018-10-07T06:15:34Z
26.9121581,75.8196786,2018-10-07T06:15:44Z
26.9119822,75.8196908,2018-10-07T06:15:54Z
26.9119838,75.8196842,2018-10-07T06:16:05Z
26.9120109,75.8196343,2018-10-07T06:16:15Z
26.9119924,75.8196494,2018-10-07T06:16:26Z
26.9120199,75.8196157,2018-10-07T06:16:37Z
26.9119943,75.8195412,2018-10-07T06:16:47Z
26.9120229,75.8194596,2018-10-07T06:16:58Z
26.9120229,75.8194596,2018-10-07T06:17:08Z
26.9120299,75.8194541,2018-10-07T06:17:19Z
26.9120299,75.8194541,2018-10-07T06:17:29Z
26.9120196,75.8194845,2018-10-07T06:17:40Z
26.9120036,75.8194936,2018-10-07T06:17:52Z
26.9119687,75.8194152,2018-10-07T06:18:02Z
26.9119462,75.8194583,2018-10-07T06:18:12Z
26.9119244,75.8193830,2018-10-07T06:18:23Z
26.9118390,75.8194694,2018-10-07T06:18:34Z
26.9118297,75.8195202,2018-10-07T06:18:45Z
26.9117163,75.8195364,2018-10-07T06:18:55Z
26.9116588,75.8195625,2018-10-07T06:19:05Z
26.9116609,75.8195244,2018-10-07T06:19:16Z
26.9116899,75.8194655,2018-10-07T06:19:26Z
26.9116955,75.8194305,2018-10-07T06:19:37Z
26.9116828,75.8193348,2018-10-07T06:19:48Z
26.9116828,75.8193348,2018-10-07T06:19:58Z
26.9116349,75.8193116,2018-10-07T06:20:09Z
26.9116294,75.8193018,2018-10-07T06:20:19Z
26.9116490,75.8193132,2018-10-07T06:20:29Z
26.9116594,75.8192936,2018-10-07T06:20:40Z
26.9116486,75.8192253,2018-10-07T06:20:51Z
26.9116680,75.8192085,2018-10-07T06:21:02Z
26.9116417,75.8192339,2018-10-07T06:21:12Z
26.9116221,75.8191944,2018-10-07T06:21:23Z
26.9114815,75.8195995,2018-10-07T06:21:41Z
26.9115712,75.8195014,2018-10-07T06:21:51Z
26.9117307,75.8191884,2018-10-07T06:24:00Z
26.9117748,75.8192469,2018-10-07T06:24:11Z
26.9117144,75.8193101,2018-10-07T06:24:21Z
26.9117188,75.8193340,2018-10-07T06:24:32Z
26.9117813,75.8193731,2018-10-07T06:24:42Z
26.9117890,75.8193797,2018-10-07T06:24:53Z
26.9117890,75.8193797,2018-10-07T06:25:03Z
26.9118734,75.8193368,2018-10-07T06:25:14Z
26.9119267,75.8193572,2018-10-07T06:25:25Z
26.9119519,75.8193615,2018-10-07T06:25:35Z
26.9119381,75.8193856,2018-10-07T06:25:46Z
26.9119293,75.8193893,2018-10-07T06:25:57Z
26.9119037,75.8194147,2018-10-07T06:26:08Z
26.9119096,75.8194190,2018-10-07T06:26:18Z
26.9119133,75.8194189,2018-10-07T06:26:29Z
26.9119133,75.8194189,2018-10-07T06:26:39Z
26.9119133,75.8194189,2018-10-07T06:26:50Z
26.9119133,75.8194189,2018-10-07T06:27:00Z
26.9119133,75.8194189,2018-10-07T06:27:11Z
26.9118950,75.8194309,2018-10-07T06:27:22Z
26.9118946,75.8194277,2018-10-07T06:27:33Z
26.9118946,75.8194277,2018-10-07T06:27:43Z
26.9118946,75.8194277,2018-10-07T06:27:54Z
26.9118946,75.8194277,2018-10-07T06:28:04Z
26.9118946,75.8194277,2018-10-07T06:28:14Z
26.9118706,75.8194054,2018-10-07T06:28:25Z
26.9118473,75.8194178,2018-10-07T06:28:35Z
26.9118913,75.8194108,2018-10-07T06:28:45Z
26.9118913,75.8194108,2018-10-07T06:28:56Z
26.9118913,75.8194108,2018-10-07T06:29:06Z
26.9118778,75.8194209,2018-10-07T06:29:16Z
26.9118793,75.8194200,2018-10-07T06:29:26Z
26.9118793,75.8194200,2018-10-07T06:29:37Z
26.9118793,75.8194200,2018-10-07T06:29:47Z
26.9118793,75.8194200,2018-10-07T06:29:58Z
26.9118793,75.8194200,2018-10-07T06:30:08Z
26.9118793,75.8194200,2018-10-07T06:30:19Z
26.9118793,75.8194200,2018-10-07T06:30:30Z
26.9118793,75.8194200,2018-10-07T06:30:40Z
26.9118817,75.8194352,2018-10-07T06:30:51Z
26.9118626,75.8194358,2018-10-07T06:31:01Z
26.9118627,75.8194365,2018-10-07T06:31:11Z
26.9118698,75.8194372,2018-10-07T06:31:22Z
26.9118535,75.8194431,2018-10-07T06:31:33Z
26.9118498,75.8194313,2018-10-07T06:31:43Z
26.9118498,75.8194313,2018-10-07T06:31:53Z
26.9118498,75.8194313,2018-10-07T06:32:04Z
26.9119038,75.8194018,2018-10-07T06:32:15Z
26.9119130,75.8193854,2018-10-07T06:32:25Z
26.9119130,75.8193854,2018-10-07T06:32:35Z
26.9119249,75.8193882,2018-10-07T06:32:46Z
26.9119188,75.8193898,2018-10-07T06:32:56Z
26.9119188,75.8193898,2018-10-07T06:33:07Z
26.9119188,75.8193898,2018-10-07T06:33:17Z
26.9118896,75.8194148,2018-10-07T06:33:28Z
26.9118724,75.8193957,2018-10-07T06:33:38Z
26.9118612,75.8192866,2018-10-07T06:33:48Z
26.9118244,75.8191718,2018-10-07T06:33:59Z
26.9117669,75.8191407,2018-10-07T06:34:10Z
26.9116682,75.8191202,2018-10-07T06:34:21Z
26.9116329,75.8190132,2018-10-07T06:34:32Z
26.9116169,75.8188833,2018-10-07T06:34:43Z
26.9116186,75.8188231,2018-10-07T06:34:54Z
26.9116429,75.8187900,2018-10-07T06:35:05Z
26.9116353,75.8188021,2018-10-07T06:35:16Z
26.9116278,75.8188029,2018-10-07T06:35:26Z
26.9116278,75.8188029,2018-10-07T06:35:37Z
26.9116264,75.8187999,2018-10-07T06:35:48Z
26.9116264,75.8187999,2018-10-07T06:35:59Z
26.9116201,75.8187869,2018-10-07T06:36:09Z
26.9116254,75.8188121,2018-10-07T06:36:19Z
26.9116054,75.8188497,2018-10-07T06:36:29Z
26.9116055,75.8188433,2018-10-07T06:36:40Z
26.9116055,75.8188433,2018-10-07T06:36:51Z
26.9116055,75.8188433,2018-10-07T06:37:01Z
26.9116055,75.8188433,2018-10-07T06:37:11Z
26.9116048,75.8188412,2018-10-07T06:37:22Z
26.9116046,75.8188416,2018-10-07T06:37:32Z
26.9116046,75.8188416,2018-10-07T06:37:43Z
26.9116046,75.8188416,2018-10-07T06:37:53Z
26.9115764,75.8188257,2018-10-07T06:38:03Z
26.9115507,75.8188132,2018-10-07T06:38:13Z
26.9115128,75.8188048,2018-10-07T06:38:24Z
26.9115128,75.8188048,2018-10-07T06:38:35Z
26.9116102,75.8188465,2018-10-07T06:38:46Z
26.9115980,75.8189853,2018-10-07T06:38:57Z
26.9115337,75.8190927,2018-10-07T06:39:07Z
26.9114567,75.8192208,2018-10-07T06:39:17Z
26.9114302,75.8193265,2018-10-07T06:39:27Z
26.9114577,75.8194745,2018-10-07T06:39:38Z
26.9114114,75.8196457,2018-10-07T06:39:49Z
26.9114328,75.8198164,2018-10-07T06:40:00Z
26.9114126,75.8199994,2018-10-07T06:40:11Z
26.9113856,75.8201056,2018-10-07T06:40:22Z
26.9114466,75.8201301,2018-10-07T06:40:32Z
26.9115717,75.8201629,2018-10-07T06:40:42Z
26.9117129,75.8201920,2018-10-07T06:40:53Z
26.9117770,75.8202309,2018-10-07T06:41:03Z
26.9118091,75.8203036,2018-10-07T06:41:13Z
26.9117204,75.8202782,2018-10-07T06:41:24Z
26.9116709,75.8203063,2018-10-07T06:41:34Z
26.9116709,75.8203063,2018-10-07T06:41:45Z
26.9115550,75.8202556,2018-10-07T06:41:56Z
26.9115516,75.8202453,2018-10-07T06:42:07Z
26.9115611,75.8202594,2018-10-07T06:42:18Z
26.9116532,75.8202833,2018-10-07T06:42:28Z
26.9117820,75.8202777,2018-10-07T06:42:39Z
26.9119015,75.8202939,2018-10-07T06:42:49Z
26.9120301,75.8202477,2018-10-07T06:42:59Z
26.9121361,75.8202120,2018-10-07T06:43:10Z
26.9122272,75.8201467,2018-10-07T06:43:20Z
26.9123296,75.8200508,2018-10-07T06:43:31Z
26.9124000,75.8199893,2018-10-07T06:43:41Z
26.9125149,75.8200223,2018-10-07T06:43:51Z
26.9126551,75.8200528,2018-10-07T06:44:02Z
26.9127760,75.8200852,2018-10-07T06:44:12Z
26.9129030,75.8201014,2018-10-07T06:44:23Z
26.9130188,75.8201272,2018-10-07T06:44:33Z
26.9131499,75.8201726,2018-10-07T06:44:44Z
26.9132886,75.8201875,2018-10-07T06:44:55Z
26.9134075,75.8202202,2018-10-07T06:45:06Z
26.9135234,75.8202561,2018-10-07T06:45:17Z
26.9136552,75.8202834,2018-10-07T06:45:27Z
26.9137477,75.8202901,2018-10-07T06:45:38Z
26.9137477,75.8202901,2018-10-07T06:45:48Z
26.9137477,75.8202901,2018-10-07T06:45:59Z
26.9137477,75.8202901,2018-10-07T06:46:09Z
26.9137451,75.8202850,2018-10-07T06:46:20Z
26.9137926,75.8203420,2018-10-07T06:46:31Z
26.9139040,75.8203702,2018-10-07T06:46:42Z
26.9140141,75.8204046,2018-10-07T06:46:52Z
26.9141380,75.8204182,2018-10-07T06:47:03Z
26.9142327,75.8204619,2018-10-07T06:47:13Z
26.9143666,75.8204911,2018-10-07T06:47:23Z
26.9144917,75.8205203,2018-10-07T06:47:34Z
26.9146202,75.8205574,2018-10-07T06:47:44Z
26.9147391,75.8205859,2018-10-07T06:47:54Z
26.9149017,75.8206158,2018-10-07T06:48:05Z
26.9150246,75.8206458,2018-10-07T06:48:16Z
26.9151219,75.8206663,2018-10-07T06:48:27Z
26.9152644,75.8207089,2018-10-07T06:48:38Z
26.9153850,75.8207377,2018-10-07T06:48:48Z
26.9154618,75.8207699,2018-10-07T06:48:58Z
26.9155365,75.8207299,2018-10-07T06:49:09Z
26.9155775,75.8205665,2018-10-07T06:49:20Z
26.9155983,75.8204506,2018-10-07T06:49:30Z
26.9156741,75.8203454,2018-10-07T06:49:40Z
26.9158097,75.8203813,2018-10-07T06:49:50Z
26.9159269,75.8203729,2018-10-07T06:50:01Z
26.9159243,75.8202476,2018-10-07T06:50:11Z
26.9159300,75.8200993,2018-10-07T06:50:22Z
26.9159818,75.8199395,2018-10-07T06:50:33Z
26.9160302,75.8197892,2018-10-07T06:50:44Z
26.9160797,75.8196566,2018-10-07T06:50:54Z
26.9160979,75.8195227,2018-10-07T06:51:05Z
26.9161191,75.8193745,2018-10-07T06:51:16Z
26.9161488,75.8192481,2018-10-07T06:51:26Z
26.9161950,75.8190868,2018-10-07T06:51:36Z
26.9162196,75.8189625,2018-10-07T06:51:47Z
26.9162457,75.8188326,2018-10-07T06:51:58Z
26.9162939,75.8187066,2018-10-07T06:52:09Z
26.9162906,75.8185440,2018-10-07T06:52:20Z
26.9163570,75.8184139,2018-10-07T06:52:31Z
26.9163641,75.8182805,2018-10-07T06:52:41Z
26.9164104,75.8181123,2018-10-07T06:52:51Z
26.9164460,75.8179967,2018-10-07T06:53:01Z
26.9164669,75.8178524,2018-10-07T06:53:11Z
26.9164934,75.8177044,2018-10-07T06:53:22Z
26.9164973,75.8175550,2018-10-07T06:53:32Z
26.9165354,75.8174218,2018-10-07T06:53:43Z
26.9165307,75.8173196,2018-10-07T06:53:54Z
26.9165039,75.8172955,2018-10-07T06:54:05Z
26.9165502,75.8171841,2018-10-07T06:54:16Z
26.9166221,75.8170054,2018-10-07T06:54:27Z
26.9166945,75.8168539,2018-10-07T06:54:38Z
26.9167501,75.8167293,2018-10-07T06:54:48Z
26.9168003,75.8165790,2018-10-07T06:54:59Z
26.9168237,75.8164299,2018-10-07T06:55:09Z
26.9168358,75.8163331,2018-10-07T06:55:19Z
26.9168345,75.8161869,2018-10-07T06:55:29Z
26.9168177,75.8160552,2018-10-07T06:55:40Z
26.9168381,75.8158983,2018-10-07T06:55:51Z
26.9168442,75.8157774,2018-10-07T06:56:01Z
26.9168517,75.8156252,2018-10-07T06:56:12Z
26.9168611,75.8154785,2018-10-07T06:56:23Z
26.9168723,75.8153323,2018-10-07T06:56:33Z
26.9168378,75.8152173,2018-10-07T06:56:43Z
26.9168242,75.8150943,2018-10-07T06:56:53Z
26.9168073,75.8149475,2018-10-07T06:57:03Z
26.9168060,75.8148084,2018-10-07T06:57:14Z
26.9167983,75.8146872,2018-10-07T06:57:25Z
26.9167696,75.8145532,2018-10-07T06:57:35Z
26.9168473,75.8144035,2018-10-07T06:57:46Z
26.9168823,75.8144232,2018-10-07T06:57:57Z
26.9169178,75.8144113,2018-10-07T06:58:07Z
26.9171508,75.8143700,2018-10-07T06:58:20Z
26.9172009,75.8144363,2018-10-07T06:58:31Z
26.9172309,75.8145627,2018-10-07T06:58:43Z
26.8359652,75.8906851,2018-10-03T06:43:23Z
26.8359112,75.8878587,2018-10-03T06:43:33Z
26.8358534,75.8850279,2018-10-03T06:43:43Z
26.8358208,75.8821913,2018-10-03T06:43:53Z
26.8357698,75.8793408,2018-10-03T06:44:03Z
26.8357054,75.8765333,2018-10-03T06:44:13Z
26.8356156,75.8737581,2018-10-03T06:44:23Z
26.8355372,75.8706798,2018-10-03T06:44:34Z
26.8354394,75.8679129,2018-10-03T06:44:44Z
26.8353733,75.8649236,2018-10-03T06:44:55Z
26.8353439,75.8622957,2018-10-03T06:45:05Z
26.8352604,75.8595162,2018-10-03T06:45:16Z
26.8352020,75.8568395,2018-10-03T06:45:27Z
26.8351198,75.8542803,2018-10-03T06:45:38Z
26.8350943,75.8517856,2018-10-03T06:45:49Z
26.8350573,75.8496206,2018-10-03T06:45:59Z
26.8350142,75.8474914,2018-10-03T06:46:09Z
26.8349417,75.8451655,2018-10-03T06:46:20Z
26.8348982,75.8430623,2018-10-03T06:46:30Z
26.8348548,75.8405169,2018-10-03T06:46:42Z
26.8347859,75.8383648,2018-10-03T06:46:52Z
26.8349399,75.8360157,2018-10-03T06:47:03Z
26.8357980,75.8340947,2018-10-03T06:47:13Z
26.8368127,75.8319585,2018-10-03T06:47:24Z
26.8376635,75.8300219,2018-10-03T06:47:34Z
26.8386463,75.8278261,2018-10-03T06:47:45Z
26.8395753,75.8258124,2018-10-03T06:47:55Z
26.8405371,75.8235609,2018-10-03T06:48:06Z
26.8414321,75.8215815,2018-10-03T06:48:16Z
26.8424517,75.8193924,2018-10-03T06:48:27Z
26.8436878,75.8176566,2018-10-03T06:48:37Z
26.8452558,75.8162740,2018-10-03T06:48:47Z
26.8470660,75.8148823,2018-10-03T06:48:58Z
26.8486885,75.8136162,2018-10-03T06:49:08Z
26.8558310,75.8081585,2018-10-03T06:49:51Z
26.8618590,75.8033758,2018-10-03T06:50:29Z
26.8632212,75.8024210,2018-10-03T06:50:39Z
26.8647466,75.8015693,2018-10-03T06:50:49Z
26.8663033,75.8010930,2018-10-03T06:50:59Z
26.8675716,75.8007467,2018-10-03T06:51:10Z
26.8682894,75.8005017,2018-10-03T06:51:21Z
26.8688709,75.8003494,2018-10-03T06:51:31Z
26.8695249,75.8001446,2018-10-03T06:51:41Z
26.8701457,75.7999595,2018-10-03T06:51:52Z
26.8706563,75.7997806,2018-10-03T06:52:02Z
26.8712310,75.7995654,2018-10-03T06:52:12Z
26.8718807,75.7994005,2018-10-03T06:52:23Z
26.8725157,75.7991951,2018-10-03T06:52:34Z
26.8730654,75.7990948,2018-10-03T06:52:45Z
26.8736862,75.7988787,2018-10-03T06:52:56Z
26.8742918,75.7986882,2018-10-03T06:53:07Z
26.8745742,75.7986381,2018-10-03T06:53:17Z
26.8745948,75.7986394,2018-10-03T06:53:28Z
26.8745948,75.7986394,2018-10-03T06:53:39Z
26.8745948,75.7986394,2018-10-03T06:53:50Z
26.8745948,75.7986394,2018-10-03T06:54:01Z
26.8745948,75.7986394,2018-10-03T06:54:11Z
26.8745948,75.7986394,2018-10-03T06:54:22Z
26.8746276,75.7986106,2018-10-03T06:54:32Z
26.8746276,75.7986106,2018-10-03T06:54:42Z
26.8746494,75.7985846,2018-10-03T06:54:53Z
26.8746575,75.7986005,2018-10-03T06:55:04Z
26.8746568,75.7985970,2018-10-03T06:55:14Z
26.8746637,75.7985833,2018-10-03T06:55:24Z
26.8746208,75.7986143,2018-10-03T06:55:35Z
26.8745946,75.7986329,2018-10-03T06:55:45Z
26.8746068,75.7986220,2018-10-03T06:55:56Z
26.8746214,75.7986135,2018-10-03T06:56:06Z
26.8746656,75.7986099,2018-10-03T06:56:17Z
26.8748074,75.7986316,2018-10-03T06:56:28Z
26.8750413,75.7985353,2018-10-03T06:56:39Z
26.8753746,75.7983993,2018-10-03T06:56:50Z
26.8758404,75.7982618,2018-10-03T06:57:01Z
26.8763308,75.7981250,2018-10-03T06:57:11Z
26.8768571,75.7979993,2018-10-03T06:57:21Z
26.8775786,75.7978037,2018-10-03T06:57:31Z
26.8783426,75.7976059,2018-10-03T06:57:41Z
26.8791785,75.7973525,2018-10-03T06:57:52Z
26.8800824,75.7970947,2018-10-03T06:58:03Z
26.8809669,75.7968356,2018-10-03T06:58:13Z
26.8819966,75.7965248,2018-10-03T06:58:24Z
26.8830025,75.7962029,2018-10-03T06:58:34Z
26.8842385,75.7957872,2018-10-03T06:58:45Z
26.8855106,75.7954008,2018-10-03T06:58:55Z
26.8869555,75.7949547,2018-10-03T06:59:06Z
26.8885552,75.7944816,2018-10-03T06:59:17Z
26.8899994,75.7940388,2018-10-03T06:59:27Z
26.8916576,75.7935295,2018-10-03T06:59:38Z
26.8933924,75.7929720,2018-10-03T06:59:49Z
26.8950869,75.7925121,2018-10-03T06:59:59Z
26.8970025,75.7919196,2018-10-03T07:00:09Z
26.8987591,75.7914085,2018-10-03T07:00:20Z
26.9005902,75.7908805,2018-10-03T07:00:31Z
26.9022258,75.7904269,2018-10-03T07:00:41Z
26.9038798,75.7900833,2018-10-03T07:00:51Z
26.9054381,75.7899964,2018-10-03T07:01:01Z
26.9069410,75.7900993,2018-10-03T07:01:11Z
26.9084684,75.7901919,2018-10-03T07:01:22Z
26.9099294,75.7903209,2018-10-03T07:01:33Z
26.9111728,75.7903412,2018-10-03T07:01:43Z
26.9122082,75.7903896,2018-10-03T07:01:53Z
26.9131667,75.7903830,2018-10-03T07:02:04Z
26.9139421,75.7904486,2018-10-03T07:02:15Z
26.9146199,75.7905413,2018-10-03T07:02:26Z
26.9151317,75.7906408,2018-10-03T07:02:36Z
26.9156085,75.7906080,2018-10-03T07:02:47Z
26.9159927,75.7905985,2018-10-03T07:02:57Z
26.9163040,75.7905788,2018-10-03T07:03:07Z
26.9165700,75.7905022,2018-10-03T07:03:17Z
26.9168516,75.7904295,2018-10-03T07:03:28Z
26.9171467,75.7902742,2018-10-03T07:03:39Z
26.9174214,75.7901080,2018-10-03T07:03:49Z
26.9176934,75.7899674,2018-10-03T07:03:59Z
26.9179589,75.7897716,2018-10-03T07:04:09Z
26.9180719,75.7896248,2018-10-03T07:04:19Z
26.9182179,75.7893981,2018-10-03T07:04:29Z
26.9184430,75.7890134,2018-10-03T07:04:40Z
26.9187161,75.7885830,2018-10-03T07:04:50Z
26.9190119,75.7882025,2018-10-03T07:05:01Z
26.9192363,75.7879452,2018-10-03T07:05:12Z
26.9194157,75.7877635,2018-10-03T07:05:23Z
26.9195728,75.7875939,2018-10-03T07:05:33Z
26.9197492,75.7873889,2018-10-03T07:05:43Z
26.9199678,75.7870746,2018-10-03T07:05:54Z
26.9202036,75.7867117,2018-10-03T07:06:05Z
26.9204313,75.7864155,2018-10-03T07:06:15Z
26.9207336,75.7860484,2018-10-03T07:06:25Z
26.9209891,75.7857886,2018-10-03T07:06:36Z
26.9212045,75.7855041,2018-10-03T07:06:46Z
26.9213960,75.7853196,2018-10-03T07:06:56Z
26.9216551,75.7849858,2018-10-03T07:07:07Z
26.9218569,75.7847151,2018-10-03T07:07:18Z
26.9220571,75.7844954,2018-10-03T07:07:28Z
26.9221889,75.7842859,2018-10-03T07:07:38Z
26.9222738,75.7842018,2018-10-03T07:07:49Z
26.9222676,75.7841673,2018-10-03T07:07:59Z
26.9222719,75.7841646,2018-10-03T07:08:10Z
26.9223751,75.7839981,2018-10-03T07:08:20Z
26.9223733,75.7839508,2018-10-03T07:08:31Z
26.9223799,75.7839512,2018-10-03T07:08:42Z
26.9223013,75.7839287,2018-10-03T07:08:52Z
26.9222007,75.7839932,2018-10-03T07:09:02Z
26.9221614,75.7840141,2018-10-03T07:09:12Z
26.9221053,75.7840375,2018-10-03T07:09:22Z
26.9220083,75.7841714,2018-10-03T07:09:32Z
26.9219260,75.7842678,2018-10-03T07:09:42Z
26.9218780,75.7843408,2018-10-03T07:09:52Z
26.9217652,75.7844876,2018-10-03T07:10:03Z
26.9217196,75.7845224,2018-10-03T07:10:13Z
26.9217287,75.7845171,2018-10-03T07:10:24Z
26.9217036,75.7845049,2018-10-03T07:10:35Z
26.9216676,75.7845589,2018-10-03T07:10:46Z
26.9215553,75.7846425,2018-10-03T07:10:56Z
26.9215936,75.7847504,2018-10-03T07:11:07Z
26.9216514,75.7846982,2018-10-03T07:11:18Z
26.9216872,75.7846926,2018-10-03T07:11:29Z
26.9216916,75.7846571,2018-10-03T07:11:39Z
26.9217558,75.7846657,2018-10-03T07:11:50Z
26.9217863,75.7846917,2018-10-03T07:12:01Z
26.9218370,75.7847337,2018-10-03T07:12:11Z
26.9219007,75.7847735,2018-10-03T07:12:22Z
26.9219803,75.7849071,2018-10-03T07:12:32Z
26.9219840,75.7849536,2018-10-03T07:12:43Z
26.9219667,75.7849531,2018-10-03T07:12:54Z
26.9219354,75.7849729,2018-10-03T07:13:04Z
26.9219090,75.7849758,2018-10-03T07:13:15Z
26.9219063,75.7849706,2018-10-03T07:13:25Z
26.9219030,75.7850349,2018-10-03T07:13:35Z
26.9218080,75.7851279,2018-10-03T07:13:46Z
26.9217538,75.7852119,2018-10-03T07:13:57Z
26.9216416,75.7853435,2018-10-03T07:14:08Z
26.9215668,75.7854295,2018-10-03T07:14:18Z
26.9215329,75.7855690,2018-10-03T07:14:29Z
26.9215059,75.7856802,2018-10-03T07:14:39Z
26.9214850,75.7857502,2018-10-03T07:14:49Z
26.9214080,75.7857997,2018-10-03T07:14:59Z
26.9213111,75.7858874,2018-10-03T07:15:10Z
26.9212831,75.7859991,2018-10-03T07:15:21Z
26.9213357,75.7861311,2018-10-03T07:15:32Z
26.9213536,75.7862484,2018-10-03T07:15:42Z
26.9212611,75.7863296,2018-10-03T07:15:52Z
26.9211460,75.7864207,2018-10-03T07:16:02Z
26.9210883,75.7865201,2018-10-03T07:16:13Z
26.9210860,75.7865655,2018-10-03T07:16:23Z
26.9210518,75.7866564,2018-10-03T07:16:34Z
26.9210300,75.7868001,2018-10-03T07:16:44Z
26.9211601,75.7869557,2018-10-03T07:16:55Z
26.9212810,75.7870140,2018-10-03T07:17:06Z
26.9213748,75.7870884,2018-10-03T07:17:16Z
26.9215187,75.7870911,2018-10-03T07:17:27Z
26.9216457,75.7870972,2018-10-03T07:17:37Z
26.9217058,75.7870502,2018-10-03T07:17:47Z
26.9217626,75.7869839,2018-10-03T07:17:58Z
26.9217238,75.7869976,2018-10-03T07:18:09Z
26.9217174,75.7869998,2018-10-03T07:18:20Z
26.9217174,75.7869998,2018-10-03T07:18:30Z
26.9217174,75.7869998,2018-10-03T07:18:40Z
26.9217290,75.7869992,2018-10-03T07:18:51Z
26.9217290,75.7869992,2018-10-03T07:19:02Z
26.9217234,75.7869650,2018-10-03T07:19:12Z
26.9217234,75.7869650,2018-10-03T07:19:23Z
26.9217234,75.7869650,2018-10-03T07:19:34Z
26.9217234,75.7869650,2018-10-03T07:19:45Z
26.9217234,75.7869650,2018-10-03T07:19:55Z
26.9217234,75.7869650,2018-10-03T07:20:06Z
26.9217234,75.7869650,2018-10-03T07:20:16Z
26.9217234,75.7869650,2018-10-03T07:20:26Z
26.9217234,75.7869650,2018-10-03T07:20:36Z
26.9217234,75.7869650,2018-10-03T07:20:47Z
26.9217234,75.7869650,2018-10-03T07:20:57Z
26.9217234,75.7869650,2018-10-03T07:21:07Z
26.9217234,75.7869650,2018-10-03T07:21:17Z
26.9217234,75.7869650,2018-10-03T07:21:28Z
26.9217234,75.7869650,2018-10-03T07:21:39Z
26.9217268,75.7869640,2018-10-03T07:21:50Z
26.9217320,75.7869795,2018-10-03T07:22:01Z
26.9217404,75.7870028,2018-10-03T07:22:11Z
26.9217404,75.7870028,2018-10-03T07:22:21Z
26.9217404,75.7870028,2018-10-03T07:22:32Z
26.9217404,75.7870028,2018-10-03T07:22:43Z
26.9217404,75.7870028,2018-10-03T07:22:53Z
26.9217257,75.7869994,2018-10-03T07:23:04Z
26.9217113,75.7869888,2018-10-03T07:23:14Z
26.9217113,75.7869888,2018-10-03T07:23:25Z
26.9217093,75.7869930,2018-10-03T07:23:36Z
26.9217100,75.7869915,2018-10-03T07:23:48Z
26.9216966,75.7870055,2018-10-03T07:23:58Z
26.9216966,75.7870055,2018-10-03T07:24:08Z
26.9216966,75.7870055,2018-10-03T07:24:18Z
26.9216966,75.7870055,2018-10-03T07:24:28Z
26.9216966,75.7870055,2018-10-03T07:24:39Z
26.9216966,75.7870055,2018-10-03T07:24:49Z
26.9217116,75.7869909,2018-10-03T07:24:59Z
26.9217294,75.7869896,2018-10-03T07:25:09Z
26.9217595,75.7869901,2018-10-03T07:25:19Z
26.9217585,75.7869924,2018-10-03T07:25:29Z
26.9217313,75.7869734,2018-10-03T07:25:40Z
26.9217208,75.7869660,2018-10-03T07:25:51Z
26.9217208,75.7869660,2018-10-03T07:26:02Z
26.9217231,75.7869592,2018-10-03T07:26:12Z
26.9217297,75.7869572,2018-10-03T07:26:23Z
26.9217237,75.7869652,2018-10-03T07:26:34Z
26.9217232,75.7869651,2018-10-03T07:26:44Z
26.9217279,75.7869905,2018-10-03T07:26:55Z
26.9217536,75.7869906,2018-10-03T07:27:05Z
26.9217854,75.7870448,2018-10-03T07:27:16Z
26.9216973,75.7870845,2018-10-03T07:27:27Z
26.9216747,75.7870914,2018-10-03T07:27:37Z
26.9216680,75.7871012,2018-10-03T07:27:48Z
26.9216404,75.7870935,2018-10-03T07:27:58Z
26.9216404,75.7870935,2018-10-03T07:28:08Z
26.9216404,75.7870935,2018-10-03T07:28:19Z
26.9216507,75.7871143,2018-10-03T07:28:30Z
26.9216507,75.7871143,2018-10-03T07:28:41Z
26.9216438,75.7871727,2018-10-03T07:28:51Z
26.9217735,75.7873438,2018-10-03T07:29:01Z
26.9222357,75.7875737,2018-10-03T07:29:12Z
26.9225616,75.7877880,2018-10-03T07:29:22Z
26.9228294,75.7879470,2018-10-03T07:29:33Z
26.9231468,75.7881926,2018-10-03T07:29:44Z
26.9234887,75.7883932,2018-10-03T07:29:55Z
26.9235251,75.7887312,2018-10-03T07:30:05Z
26.9238873,75.7889063,2018-10-03T07:30:15Z
26.9241907,75.7895184,2018-10-03T07:30:26Z
26.9244844,75.7901766,2018-10-03T07:30:36Z
26.9246800,75.7905575,2018-10-03T07:30:46Z
26.9247301,75.7905316,2018-10-03T07:30:57Z
26.9247301,75.7905316,2018-10-03T07:31:07Z
26.9248122,75.7904426,2018-10-03T07:31:18Z
26.9248289,75.7904408,2018-10-03T07:31:28Z
26.9248475,75.7904618,2018-10-03T07:31:39Z
26.9250660,75.7905221,2018-10-03T07:31:50Z
26.9252719,75.7907430,2018-10-03T07:32:00Z
26.9253269,75.7908046,2018-10-03T07:32:10Z
26.9253372,75.7908149,2018-10-03T07:32:21Z
26.9254162,75.7909489,2018-10-03T07:32:31Z
26.9254952,75.7911556,2018-10-03T07:32:42Z
26.9255388,75.7912542,2018-10-03T07:32:53Z
26.9256568,75.7915359,2018-10-03T07:33:04Z
26.9257770,75.7917825,2018-10-03T07:33:14Z
26.9259366,75.7920685,2018-10-03T07:33:25Z
26.9263547,75.7921309,2018-10-03T07:33:35Z
26.9267579,75.7924180,2018-10-03T07:33:46Z
26.9268812,75.7927485,2018-10-03T07:33:57Z
26.9267151,75.7932956,2018-10-03T07:34:08Z
26.9266857,75.7936659,2018-10-03T07:34:19Z
26.9270058,75.7943299,2018-10-03T07:34:30Z
26.9274050,75.7951320,2018-10-03T07:34:41Z
26.9277695,75.7958770,2018-10-03T07:34:51Z
26.9281150,75.7966135,2018-10-03T07:35:02Z
26.9283597,75.7971253,2018-10-03T07:35:12Z
26.9284544,75.7973132,2018-10-03T07:35:23Z
26.9284483,75.7973182,2018-10-03T07:35:34Z
26.9284483,75.7973182,2018-10-03T07:35:44Z
26.9284483,75.7973182,2018-10-03T07:35:55Z
26.9284483,75.7973182,2018-10-03T07:36:06Z
26.9284483,75.7973182,2018-10-03T07:36:17Z
26.9284483,75.7973182,2018-10-03T07:36:28Z
26.9284483,75.7973182,2018-10-03T07:36:38Z
26.9284476,75.7973350,2018-10-03T07:36:48Z
26.9283208,75.7972385,2018-10-03T07:36:58Z
26.9279973,75.7965513,2018-10-03T07:37:08Z
26.9275617,75.7956427,2018-10-03T07:37:19Z
26.9271703,75.7947859,2018-10-03T07:37:29Z
26.9267642,75.7939701,2018-10-03T07:37:40Z
26.9264195,75.7934596,2018-10-03T07:37:50Z
26.9258820,75.7933986,2018-10-03T07:38:01Z
26.9255032,75.7930512,2018-10-03T07:38:12Z
26.9252052,75.7930306,2018-10-03T07:38:22Z
26.9248089,75.7931399,2018-10-03T07:38:33Z
26.9245530,75.7932186,2018-10-03T07:38:44Z
26.9243079,75.7932283,2018-10-03T07:38:55Z
26.9241422,75.7932795,2018-10-03T07:39:06Z
26.9235334,75.7934218,2018-10-03T07:39:17Z
26.9228126,75.7936147,2018-10-03T07:39:28Z
26.9220731,75.7937586,2018-10-03T07:39:39Z
26.9214748,75.7938913,2018-10-03T07:39:50Z
26.9209355,75.7939566,2018-10-03T07:40:00Z
26.9204419,75.7941170,2018-10-03T07:40:10Z
26.9201560,75.7944590,2018-10-03T07:40:21Z
26.9200150,75.7950316,2018-10-03T07:40:31Z
26.9197581,75.7957779,2018-10-03T07:40:42Z
26.9195735,75.7964822,2018-10-03T07:40:53Z
26.9193671,75.7971799,2018-10-03T07:41:03Z
26.9192284,75.7976307,2018-10-03T07:41:14Z
26.9190743,75.7980571,2018-10-03T07:41:25Z
26.9189573,75.7984208,2018-10-03T07:41:36Z
26.9188353,75.7986687,2018-10-03T07:41:47Z
26.9186319,75.7992133,2018-10-03T07:41:58Z
26.9184558,75.7996899,2018-10-03T07:42:08Z
26.9183394,75.8000912,2018-10-03T07:42:19Z
26.9182062,75.8005189,2018-10-03T07:42:30Z
26.9180690,75.8009181,2018-10-03T07:42:40Z
26.9178835,75.8013768,2018-10-03T07:42:51Z
26.9176988,75.8018233,2018-10-03T07:43:02Z
26.9173926,75.8026073,2018-10-03T07:43:13Z
26.9172240,75.8031885,2018-10-03T07:43:23Z
26.9170903,75.8040319,2018-10-03T07:43:34Z
26.9170559,75.8043850,2018-10-03T07:43:44Z
26.9172538,75.8044166,2018-10-03T07:43:55Z
26.9172538,75.8044166,2018-10-03T07:44:05Z
26.9172890,75.8044040,2018-10-03T07:44:15Z
26.9174970,75.8044550,2018-10-03T07:44:25Z
26.9177254,75.8045244,2018-10-03T07:44:36Z
26.9179848,75.8045380,2018-10-03T07:44:47Z
26.9179826,75.8045463,2018-10-03T07:44:57Z
26.9179972,75.8045682,2018-10-03T07:45:07Z
26.9181397,75.8045906,2018-10-03T07:45:17Z
26.9182274,75.8046036,2018-10-03T07:45:28Z
26.9182274,75.8046036,2018-10-03T07:45:38Z
26.9182274,75.8046036,2018-10-03T07:45:48Z
26.9182799,75.8046314,2018-10-03T07:45:59Z
26.9183422,75.8046762,2018-10-03T07:46:10Z
26.9183505,75.8046791,2018-10-03T07:46:20Z
26.9183505,75.8046791,2018-10-03T07:46:30Z
26.9183812,75.8046658,2018-10-03T07:46:41Z
26.9183812,75.8046658,2018-10-03T07:46:52Z
26.9183812,75.8046658,2018-10-03T07:47:03Z
26.9183812,75.8046658,2018-10-03T07:47:13Z
26.9184166,75.8046903,2018-10-03T07:47:23Z
26.9186115,75.8047223,2018-10-03T07:47:34Z
26.9189654,75.8048384,2018-10-03T07:47:45Z
26.9190500,75.8050532,2018-10-03T07:47:55Z
26.9190190,75.8052616,2018-10-03T07:48:05Z
26.9189013,75.8057515,2018-10-03T07:48:15Z
26.9188615,75.8062976,2018-10-03T07:48:25Z
26.9187528,75.8067221,2018-10-03T07:48:36Z
26.9186901,75.8072969,2018-10-03T07:48:47Z
26.9185910,75.8077611,2018-10-03T07:48:57Z
26.9182121,75.8077423,2018-10-03T07:49:08Z
26.9176656,75.8075498,2018-10-03T07:49:19Z
26.9175920,75.8075702,2018-10-03T07:49:29Z
26.9176138,75.8075699,2018-10-03T07:49:39Z
26.9176203,75.8075688,2018-10-03T07:49:49Z
26.9176203,75.8075688,2018-10-03T07:50:00Z
26.9176167,75.8075636,2018-10-03T07:50:10Z
26.9161676,75.8197864,2018-10-11T05:33:46Z
26.9161560,75.8199852,2018-10-11T05:33:57Z
26.9161429,75.8202031,2018-10-11T05:34:07Z
26.9160438,75.8205828,2018-10-11T05:34:18Z
26.9158804,75.8211803,2018-10-11T05:34:29Z
26.9157311,75.8218687,2018-10-11T05:34:39Z
26.9156071,75.8225894,2018-10-11T05:34:50Z
26.9154722,75.8234359,2018-10-11T05:35:01Z
26.9153760,75.8239718,2018-10-11T05:35:11Z
26.9153216,75.8241090,2018-10-11T05:35:22Z
26.9153145,75.8241072,2018-10-11T05:35:33Z
26.9153145,75.8241072,2018-10-11T05:35:43Z
26.9153145,75.8241072,2018-10-11T05:35:54Z
26.9153145,75.8241072,2018-10-11T05:36:05Z
26.9153145,75.8241072,2018-10-11T05:36:15Z
26.9153145,75.8241072,2018-10-11T05:36:26Z
26.9152939,75.8242274,2018-10-11T05:36:37Z
26.9152656,75.8245006,2018-10-11T05:36:47Z
26.9152547,75.8247295,2018-10-11T05:36:58Z
26.9152197,75.8248867,2018-10-11T05:37:08Z
26.9152138,75.8252204,2018-10-11T05:37:19Z
26.9152264,75.8253045,2018-10-11T05:37:30Z
26.9152383,75.8253126,2018-10-11T05:37:41Z
26.9152383,75.8253126,2018-10-11T05:37:51Z
26.9152383,75.8253126,2018-10-11T05:38:02Z
26.9152383,75.8253126,2018-10-11T05:38:13Z
26.9152383,75.8253126,2018-10-11T05:38:23Z
26.9152383,75.8253126,2018-10-11T05:38:33Z
26.9152383,75.8253126,2018-10-11T05:38:44Z
26.9152630,75.8255146,2018-10-11T05:38:54Z
26.9150864,75.8263690,2018-10-11T05:39:05Z
26.9149310,75.8270771,2018-10-11T05:39:15Z
26.9147440,75.8277550,2018-10-11T05:39:26Z
26.9145710,75.8283960,2018-10-11T05:39:37Z
26.9144003,75.8291149,2018-10-11T05:39:47Z
26.9142143,75.8297754,2018-10-11T05:39:57Z
26.9139839,75.8307296,2018-10-11T05:40:07Z
26.9137700,75.8316727,2018-10-11T05:40:17Z
26.9136158,75.8324341,2018-10-11T05:40:27Z
26.9135965,75.8325064,2018-10-11T05:40:38Z
26.9134965,75.8329228,2018-10-11T05:40:49Z
26.9133533,75.8334787,2018-10-11T05:41:00Z
26.9130591,75.8341812,2018-10-11T05:41:10Z
26.9125840,75.8347001,2018-10-11T05:41:21Z
26.9121037,75.8352273,2018-10-11T05:41:32Z
26.9114536,75.8359516,2018-10-11T05:41:43Z
26.9108602,75.8365759,2018-10-11T05:41:54Z
26.9102132,75.8371909,2018-10-11T05:42:04Z
26.9095725,75.8376420,2018-10-11T05:42:14Z
26.9089182,75.8383161,2018-10-11T05:42:25Z
26.9084671,75.8389323,2018-10-11T05:42:35Z
26.9079431,75.8396860,2018-10-11T05:42:45Z
26.9073187,75.8406257,2018-10-11T05:42:56Z
26.9067811,75.8414628,2018-10-11T05:43:06Z
26.9064970,75.8420354,2018-10-11T05:43:16Z
26.9062339,75.8425499,2018-10-11T05:43:26Z
26.9058096,75.8430603,2018-10-11T05:43:36Z
26.9053142,75.8434572,2018-10-11T05:43:46Z
26.9046718,75.8440094,2018-10-11T05:43:57Z
26.9044936,75.8443986,2018-10-11T05:44:08Z
26.9049080,75.8449174,2018-10-11T05:44:19Z
26.9055270,75.8453712,2018-10-11T05:44:29Z
26.9062635,75.8458973,2018-10-11T05:44:40Z
26.9069003,75.8462844,2018-10-11T05:44:50Z
26.9078454,75.8466186,2018-10-11T05:45:01Z
26.9086505,75.8467651,2018-10-11T05:45:11Z
26.9086589,75.8467661,2018-10-11T05:45:22Z
26.9086882,75.8467832,2018-10-11T05:45:32Z
26.9090072,75.8468797,2018-10-11T05:45:43Z
26.9095422,75.8469916,2018-10-11T05:45:54Z
26.9100871,75.8471148,2018-10-11T05:46:04Z
26.9106631,75.8472495,2018-10-11T05:46:14Z
26.9108975,75.8472854,2018-10-11T05:46:25Z
26.9108978,75.8472857,2018-10-11T05:46:36Z
26.9108980,75.8472858,2018-10-11T05:46:47Z
26.9108980,75.8472858,2018-10-11T05:46:58Z
26.9110298,75.8473061,2018-10-11T05:47:08Z
26.9118766,75.8474692,2018-10-11T05:47:19Z
26.9131590,75.8477579,2018-10-11T05:47:30Z
26.9143323,75.8480228,2018-10-11T05:47:41Z
26.9156135,75.8483467,2018-10-11T05:47:51Z
26.9170118,75.8486555,2018-10-11T05:48:02Z
26.9179146,75.8487871,2018-10-11T05:48:13Z
26.9181093,75.8487482,2018-10-11T05:48:24Z
26.9181093,75.8487482,2018-10-11T05:48:34Z
26.9181110,75.8487452,2018-10-11T05:48:44Z
26.9181183,75.8487435,2018-10-11T05:48:55Z
26.9181183,75.8487435,2018-10-11T05:49:05Z
26.9180566,75.8487832,2018-10-11T05:49:15Z
26.9181029,75.8489090,2018-10-11T05:49:26Z
26.9181492,75.8489584,2018-10-11T05:49:37Z
26.9181608,75.8491273,2018-10-11T05:49:47Z
26.9181913,75.8492730,2018-10-11T05:49:57Z
26.9181872,75.8493857,2018-10-11T05:50:07Z
26.9181403,75.8495379,2018-10-11T05:50:17Z
26.9181108,75.8497124,2018-10-11T05:50:27Z
26.9181108,75.8498198,2018-10-11T05:50:38Z
26.9181034,75.8499364,2018-10-11T05:50:48Z
26.9180828,75.8501182,2018-10-11T05:50:58Z
26.9180543,75.8502582,2018-10-11T05:51:09Z
26.9180228,75.8503822,2018-10-11T05:51:19Z
26.9180008,75.8505206,2018-10-11T05:51:30Z
26.9180158,75.8506382,2018-10-11T05:51:40Z
26.9180168,75.8506472,2018-10-11T05:51:51Z
26.9180168,75.8506472,2018-10-11T05:52:02Z
26.9180168,75.8506472,2018-10-11T05:52:12Z
26.9181048,75.8506753,2018-10-11T05:52:22Z
26.9180383,75.8507431,2018-10-11T05:52:33Z
26.9179864,75.8507869,2018-10-11T05:52:43Z
26.9179446,75.8508251,2018-10-11T05:52:54Z
26.9178776,75.8508695,2018-10-11T05:53:05Z
26.9177782,75.8509503,2018-10-11T05:53:16Z
26.9176828,75.8509952,2018-10-11T05:53:27Z
26.9177369,75.8510243,2018-10-11T05:53:38Z
26.9178353,75.8510185,2018-10-11T05:53:49Z
26.9178705,75.8510041,2018-10-11T05:54:00Z
26.9178823,75.8510053,2018-10-11T05:54:11Z
26.9179684,75.8510189,2018-10-11T05:54:21Z
26.9180695,75.8510358,2018-10-11T05:54:32Z
26.9181588,75.8510592,2018-10-11T05:54:43Z
26.9181688,75.8510642,2018-10-11T05:54:53Z
26.9181730,75.8511381,2018-10-11T05:55:04Z
26.9180743,75.8511599,2018-10-11T05:55:14Z
26.9179769,75.8511906,2018-10-11T05:55:24Z
26.9179463,75.8512658,2018-10-11T05:55:35Z
26.9180333,75.8512733,2018-10-11T05:55:46Z
26.9180484,75.8512861,2018-10-11T05:55:58Z
26.9180943,75.8513001,2018-10-11T05:56:09Z
26.9181557,75.8513369,2018-10-11T05:56:19Z
26.9180828,75.8513449,2018-10-11T05:56:29Z
26.9179808,75.8513391,2018-10-11T05:56:39Z
26.9178826,75.8513599,2018-10-11T05:56:49Z
26.9178497,75.8514528,2018-10-11T05:56:59Z
26.9178186,75.8515685,2018-10-11T05:57:09Z
26.9178103,75.8517036,2018-10-11T05:57:19Z
26.9177716,75.8518208,2018-10-11T05:57:30Z
26.9177224,75.8519399,2018-10-11T05:57:40Z
26.9176530,75.8520391,2018-10-11T05:57:50Z
26.9175779,75.8521463,2018-10-11T05:58:01Z
26.9175601,75.8521719,2018-10-11T05:58:12Z
26.9175576,75.8521812,2018-10-11T05:58:22Z
26.9175065,75.8522885,2018-10-11T05:58:33Z
26.9174557,75.8524000,2018-10-11T05:58:44Z
26.9174224,75.8525185,2018-10-11T05:58:54Z
26.9174201,75.8526316,2018-10-11T05:59:05Z
26.9174474,75.8527362,2018-10-11T05:59:16Z
26.9174779,75.8528522,2018-10-11T05:59:26Z
26.9175121,75.8529528,2018-10-11T05:59:37Z
26.9175532,75.8530887,2018-10-11T05:59:48Z
26.9175767,75.8532026,2018-10-11T05:59:58Z
26.9176369,75.8533055,2018-10-11T06:00:09Z
26.9177024,75.8534063,2018-10-11T06:00:20Z
26.9177013,75.8535202,2018-10-11T06:00:30Z
26.9176703,75.8536215,2018-10-11T06:00:40Z
26.9176360,75.8537227,2018-10-11T06:00:52Z
26.9176323,75.8537746,2018-10-11T06:01:02Z
26.9176243,75.8537876,2018-10-11T06:01:13Z
26.9176798,75.8538432,2018-10-11T06:01:23Z
26.9176809,75.8538530,2018-10-11T06:01:34Z
26.9176625,75.8538019,2018-10-11T06:01:45Z
26.9176138,75.8537926,2018-10-11T06:01:56Z
26.9176223,75.8538240,2018-10-11T06:02:06Z
26.9176394,75.8538663,2018-10-11T06:02:16Z
26.9176262,75.8539123,2018-10-11T06:02:27Z
26.9176026,75.8539305,2018-10-11T06:02:38Z
26.9175890,75.8539426,2018-10-11T06:02:48Z
26.9175101,75.8539950,2018-10-11T06:02:58Z
26.9174575,75.8540178,2018-10-11T06:03:08Z
26.9174575,75.8540178,2018-10-11T06:03:19Z
26.9174575,75.8540178,2018-10-11T06:03:29Z
26.9174496,75.8540177,2018-10-11T06:03:39Z
26.9174221,75.8540572,2018-10-11T06:03:50Z
26.9173522,75.8541203,2018-10-11T06:04:00Z
26.9172780,75.8541832,2018-10-11T06:04:10Z
26.9172272,75.8542670,2018-10-11T06:04:21Z
26.9171938,75.8543583,2018-10-11T06:04:32Z
26.9171850,75.8544005,2018-10-11T06:04:43Z
26.9172120,75.8543980,2018-10-11T06:04:53Z
26.9172379,75.8543591,2018-10-11T06:05:03Z
26.9172876,75.8543218,2018-10-11T06:05:14Z
26.9173522,75.8542920,2018-10-11T06:05:24Z
26.9174392,75.8543413,2018-10-11T06:05:35Z
26.9174276,75.8544350,2018-10-11T06:05:45Z
26.9174440,75.8545555,2018-10-11T06:05:56Z
26.9174604,75.8546811,2018-10-11T06:06:06Z
26.9174547,75.8546801,2018-10-11T06:06:17Z
26.9174547,75.8546801,2018-10-11T06:06:28Z
26.9174572,75.8547065,2018-10-11T06:06:38Z
26.9174258,75.8548124,2018-10-11T06:06:49Z
26.9174238,75.8548183,2018-10-11T06:06:59Z
26.9174213,75.8548598,2018-10-11T06:07:10Z
26.9174930,75.8547810,2018-10-11T06:07:21Z
26.9175729,75.8547247,2018-10-11T06:07:31Z
26.9176406,75.8547242,2018-10-11T06:07:42Z
26.9176609,75.8547544,2018-10-11T06:07:52Z
26.9176890,75.8548545,2018-10-11T06:08:02Z
26.9177041,75.8549837,2018-10-11T06:08:14Z
26.9177285,75.8550449,2018-10-11T06:08:24Z
26.9177278,75.8550563,2018-10-11T06:08:34Z
26.9177236,75.8551745,2018-10-11T06:08:45Z
26.9177537,75.8553017,2018-10-11T06:08:55Z
26.9177882,75.8554253,2018-10-11T06:09:06Z
26.9178059,75.8555283,2018-10-11T06:09:16Z
26.9177325,75.8556202,2018-10-11T06:09:27Z
26.9176672,75.8557054,2018-10-11T06:09:37Z
26.9176398,75.8558185,2018-10-11T06:09:47Z
26.9176214,75.8559205,2018-10-11T06:09:58Z
26.9175987,75.8559997,2018-10-11T06:10:09Z
26.9175985,75.8560002,2018-10-11T06:10:19Z
26.9175526,75.8560590,2018-10-11T06:10:30Z
26.9175773,75.8560808,2018-10-11T06:10:40Z
26.9176017,75.8561862,2018-10-11T06:10:50Z
26.9176330,75.8562932,2018-10-11T06:11:01Z
26.9176840,75.8564037,2018-10-11T06:11:12Z
26.9176945,75.8564546,2018-10-11T06:11:22Z
26.9176945,75.8564546,2018-10-11T06:11:32Z
26.9176945,75.8564546,2018-10-11T06:11:43Z
26.9176945,75.8564546,2018-10-11T06:11:53Z
26.9176945,75.8564546,2018-10-11T06:12:03Z
26.9176945,75.8564546,2018-10-11T06:12:13Z
26.9176945,75.8564546,2018-10-11T06:12:25Z
26.9177184,75.8564922,2018-10-11T06:12:36Z
26.9177177,75.8564921,2018-10-11T06:12:46Z
26.9177176,75.8564892,2018-10-11T06:12:56Z
26.9177267,75.8565161,2018-10-11T06:13:06Z
26.9177288,75.8565213,2018-10-11T06:13:17Z
26.9177222,75.8565446,2018-10-11T06:13:28Z
26.9177222,75.8565446,2018-10-11T06:13:38Z
26.9177222,75.8565446,2018-10-11T06:13:49Z
26.9177222,75.8565446,2018-10-11T06:14:00Z
26.9177222,75.8565446,2018-10-11T06:14:10Z
26.9177319,75.8565682,2018-10-11T06:14:20Z
26.9177263,75.8565731,2018-10-11T06:14:31Z
26.9177263,75.8565731,2018-10-11T06:14:41Z
26.9177263,75.8565731,2018-10-11T06:14:52Z
26.9177263,75.8565731,2018-10-11T06:15:03Z
26.9177263,75.8565731,2018-10-11T06:15:13Z
26.9177263,75.8565731,2018-10-11T06:15:23Z
26.9177263,75.8565731,2018-10-11T06:15:34Z
26.9177263,75.8565731,2018-10-11T06:15:45Z
26.9177263,75.8565731,2018-10-11T06:15:56Z
26.9177263,75.8565731,2018-10-11T06:16:06Z
26.9177263,75.8565731,2018-10-11T06:16:17Z
26.9177263,75.8565731,2018-10-11T06:16:28Z
26.9177263,75.8565731,2018-10-11T06:16:38Z
26.9177263,75.8565731,2018-10-11T06:16:48Z
26.9177263,75.8565731,2018-10-11T06:16:58Z
26.9177263,75.8565731,2018-10-11T06:17:09Z
26.9177263,75.8565731,2018-10-11T06:17:20Z
26.9177263,75.8565731,2018-10-11T06:17:32Z
26.9177263,75.8565731,2018-10-11T06:17:42Z
26.9177263,75.8565731,2018-10-11T06:17:53Z
26.9177263,75.8565731,2018-10-11T06:18:03Z
26.9177263,75.8565731,2018-10-11T06:18:13Z
26.9177263,75.8565731,2018-10-11T06:18:25Z
26.9177263,75.8565731,2018-10-11T06:18:36Z
26.9177263,75.8565731,2018-10-11T06:18:47Z
26.9177177,75.8565836,2018-10-11T06:18:57Z
26.9177140,75.8565875,2018-10-11T06:19:08Z
26.9177140,75.8565875,2018-10-11T06:19:18Z
26.9177140,75.8565875,2018-10-11T06:19:28Z
26.9177140,75.8565875,2018-10-11T06:19:38Z
26.9177140,75.8565875,2018-10-11T06:19:49Z
26.9177140,75.8565875,2018-10-11T06:20:00Z
26.9177052,75.8565923,2018-10-11T06:20:10Z
26.9177028,75.8565963,2018-10-11T06:20:21Z
26.9177028,75.8565963,2018-10-11T06:20:31Z
26.9177028,75.8565963,2018-10-11T06:20:41Z
26.9177028,75.8565963,2018-10-11T06:20:53Z
26.9177028,75.8565963,2018-10-11T06:21:04Z
26.9177028,75.8565963,2018-10-11T06:21:14Z
26.9177028,75.8565963,2018-10-11T06:21:24Z
26.9177028,75.8565963,2018-10-11T06:21:35Z
26.9177028,75.8565963,2018-10-11T06:21:45Z
26.9177028,75.8565963,2018-10-11T06:21:56Z
26.9177028,75.8565963,2018-10-11T06:22:06Z
26.9177028,75.8565963,2018-10-11T06:22:17Z
26.9177028,75.8565963,2018-10-11T06:22:27Z
26.9177028,75.8565963,2018-10-11T06:22:38Z
26.9177028,75.8565963,2018-10-11T06:22:49Z
26.9177028,75.8565963,2018-10-11T06:23:00Z
26.9177028,75.8565963,2018-10-11T06:23:10Z
26.9177028,75.8565963,2018-10-11T06:23:21Z
26.9177028,75.8565963,2018-10-11T06:23:31Z
26.9177028,75.8565963,2018-10-11T06:23:42Z
26.9177028,75.8565963,2018-10-11T06:23:52Z
26.9177028,75.8565963,2018-10-11T06:24:03Z
26.9177028,75.8565963,2018-10-11T06:24:13Z
26.9177028,75.8565963,2018-10-11T06:24:23Z
26.9177028,75.8565963,2018-10-11T06:24:35Z
26.9177028,75.8565963,2018-10-11T06:24:45Z
26.9177028,75.8565963,2018-10-11T06:24:56Z
26.9177028,75.8565963,2018-10-11T06:25:07Z
26.9177028,75.8565963,2018-10-11T06:25:18Z
26.9177028,75.8565963,2018-10-11T06:25:28Z
26.9177028,75.8565963,2018-10-11T06:25:38Z
26.9177028,75.8565963,2018-10-11T06:25:49Z
26.9178213,75.8565819,2018-10-11T06:26:01Z
26.9178492,75.8566367,2018-10-11T06:26:11Z
26.9177883,75.8566913,2018-10-11T06:26:21Z
26.9177398,75.8567141,2018-10-11T06:26:31Z
26.9177398,75.8567141,2018-10-11T06:26:42Z
26.9177306,75.8567978,2018-10-11T06:26:53Z
26.9176923,75.8568261,2018-10-11T06:27:04Z
26.9176197,75.8568668,2018-10-11T06:27:14Z
26.9176096,75.8568634,2018-10-11T06:27:25Z
26.9175783,75.8569264,2018-10-11T06:27:35Z
26.9175775,75.8569264,2018-10-11T06:27:46Z
26.9175793,75.8569543,2018-10-11T06:27:56Z
26.9175762,75.8569608,2018-10-11T06:28:07Z
26.9175716,75.8570185,2018-10-11T06:28:18Z
26.9175664,75.8570765,2018-10-11T06:28:28Z
26.9175349,75.8571411,2018-10-11T06:28:39Z
26.9175355,75.8571445,2018-10-11T06:28:49Z
26.9175620,75.8571241,2018-10-11T06:29:00Z
26.9175676,75.8571274,2018-10-11T06:29:10Z
26.9175676,75.8571274,2018-10-11T06:29:21Z
26.9175774,75.8571395,2018-10-11T06:29:31Z
26.9175883,75.8572050,2018-10-11T06:29:42Z
26.9175805,75.8573136,2018-10-11T06:29:53Z
26.9175868,75.8574021,2018-10-11T06:30:04Z
26.9175235,75.8575022,2018-10-11T06:30:14Z
26.9174829,75.8574699,2018-10-11T06:30:25Z
26.9174355,75.8574701,2018-10-11T06:30:35Z
26.9173818,75.8575060,2018-10-11T06:30:46Z
26.9173064,75.8575748,2018-10-11T06:30:57Z
26.9172609,75.8576536,2018-10-11T06:31:07Z
26.9172812,75.8576540,2018-10-11T06:31:17Z
26.9172812,75.8576540,2018-10-11T06:31:28Z
26.9172678,75.8577501,2018-10-11T06:31:39Z
26.9172302,75.8578070,2018-10-11T06:31:49Z
26.9172052,75.8578559,2018-10-11T06:32:00Z
26.9171845,75.8579059,2018-10-11T06:32:10Z
26.9171623,75.8579945,2018-10-11T06:32:21Z
26.9171544,75.8581007,2018-10-11T06:32:32Z
26.9171039,75.8581994,2018-10-11T06:32:42Z
26.9170632,75.8582563,2018-10-11T06:32:52Z
26.9170470,75.8583325,2018-10-11T06:33:03Z
26.9170380,75.8584154,2018-10-11T06:33:14Z
26.9170344,75.8584242,2018-10-11T06:33:24Z
26.9170171,75.8584542,2018-10-11T06:33:35Z
26.9170188,75.8584163,2018-10-11T06:33:46Z
26.9170132,75.8583924,2018-10-11T06:33:56Z
26.9169983,75.8583540,2018-10-11T06:34:07Z
26.9168745,75.8583711,2018-10-11T06:34:18Z
26.9168822,75.8583986,2018-10-11T06:34:29Z
26.9169017,75.8585317,2018-10-11T06:34:39Z
26.9168837,75.8586509,2018-10-11T06:34:50Z
26.9168606,75.8587517,2018-10-11T06:35:00Z
26.9168480,75.8588919,2018-10-11T06:35:11Z
26.9168631,75.8590098,2018-10-11T06:35:22Z
26.9168739,75.8591153,2018-10-11T06:35:32Z
26.9168985,75.8592295,2018-10-11T06:35:43Z
26.9169027,75.8593614,2018-10-11T06:35:54Z
26.9168608,75.8594595,2018-10-11T06:36:05Z
26.9167953,75.8595531,2018-10-11T06:36:15Z
26.9167422,75.8596671,2018-10-11T06:36:26Z
26.9167110,75.8597940,2018-10-11T06:36:37Z
26.9167065,75.8598861,2018-10-11T06:36:47Z
26.9166908,75.8597553,2018-10-11T06:36:57Z
26.9167179,75.8596356,2018-10-11T06:37:07Z
26.9167720,75.8595359,2018-10-11T06:37:18Z
26.9168147,75.8594711,2018-10-11T06:37:28Z
26.9168538,75.8593533,2018-10-11T06:37:38Z
26.9168492,75.8592387,2018-10-11T06:37:49Z
26.9168365,75.8591211,2018-10-11T06:37:59Z
26.9167991,75.8590197,2018-10-11T06:38:09Z
26.9167969,75.8588825,2018-10-11T06:38:19Z
26.9167909,75.8587490,2018-10-11T06:38:30Z
26.9168314,75.8586336,2018-10-11T06:38:41Z
26.9168343,75.8585819,2018-10-11T06:38:52Z
26.9168343,75.8585819,2018-10-11T06:39:03Z
26.9168286,75.8586024,2018-10-11T06:39:13Z
26.9168286,75.8586024,2018-10-11T06:39:23Z
26.9168286,75.8586024,2018-10-11T06:39:34Z
26.9168286,75.8586024,2018-10-11T06:39:44Z
26.9168286,75.8586024,2018-10-11T06:39:55Z
26.9168286,75.8586024,2018-10-11T06:40:05Z
26.9168286,75.8586024,2018-10-11T06:40:15Z
26.9168286,75.8586024,2018-10-11T06:40:25Z
26.9168265,75.8586024,2018-10-11T06:40:36Z
26.9168265,75.8586024,2018-10-11T06:40:47Z
26.9168265,75.8586024,2018-10-11T06:40:57Z
26.9168265,75.8586024,2018-10-11T06:41:08Z
26.9168265,75.8586024,2018-10-11T06:41:18Z
26.9168265,75.8586024,2018-10-11T06:41:28Z
26.9168328,75.8586155,2018-10-11T06:41:39Z
26.9168328,75.8586158,2018-10-11T06:41:49Z
26.9168328,75.8586158,2018-10-11T06:42:00Z
26.9168405,75.8585214,2018-10-11T06:42:10Z
26.9168587,75.8584388,2018-10-11T06:42:20Z
26.9168697,75.8583980,2018-10-11T06:42:31Z
26.9169598,75.8583563,2018-10-11T06:42:42Z
26.9170210,75.8582706,2018-10-11T06:42:53Z
26.9170576,75.8581880,2018-10-11T06:43:04Z
26.9170901,75.8581096,2018-10-11T06:43:14Z
26.9170850,75.8581038,2018-10-11T06:43:25Z
26.9170640,75.8580577,2018-10-11T06:43:35Z
26.9170794,75.8580412,2018-10-11T06:43:46Z
26.9170849,75.8580370,2018-10-11T06:43:56Z
26.9170937,75.8580364,2018-10-11T06:44:07Z
26.9170819,75.8580425,2018-10-11T06:44:18Z
26.9169994,75.8580360,2018-10-11T06:44:28Z
26.9169681,75.8580021,2018-10-11T06:44:38Z
26.9169216,75.8579794,2018-10-11T06:44:48Z
26.9168908,75.8579630,2018-10-11T06:44:58Z
26.9168624,75.8580003,2018-10-11T06:45:09Z
26.9168322,75.8580235,2018-10-11T06:45:20Z
26.9168301,75.8580297,2018-10-11T06:45:30Z
26.9168203,75.8580435,2018-10-11T06:45:41Z
26.9168093,75.8580478,2018-10-11T06:45:51Z
26.9168096,75.8580784,2018-10-11T06:46:02Z
26.9167911,75.8580573,2018-10-11T06:46:12Z
26.9167778,75.8580290,2018-10-11T06:46:23Z
26.9168102,75.8579998,2018-10-11T06:46:34Z
26.9167955,75.8580042,2018-10-11T06:46:44Z
26.9167994,75.8580325,2018-10-11T06:46:55Z
26.9168788,75.8580393,2018-10-11T06:47:05Z
26.9169453,75.8580480,2018-10-11T06:47:15Z
26.9170604,75.8580363,2018-10-11T06:47:26Z
26.9170870,75.8580055,2018-10-11T06:47:36Z
26.9170846,75.8580064,2018-10-11T06:47:46Z
26.9170846,75.8580064,2018-10-11T06:47:56Z
26.9170846,75.8580064,2018-10-11T06:48:06Z
26.9170846,75.8580064,2018-10-11T06:48:16Z
26.9170846,75.8580064,2018-10-11T06:48:27Z
26.9170846,75.8580064,2018-10-11T06:48:38Z
26.9170846,75.8580064,2018-10-11T06:48:49Z
26.9170675,75.8580282,2018-10-11T06:48:59Z
26.9170439,75.8580417,2018-10-11T06:49:10Z
26.9170324,75.8580439,2018-10-11T06:49:20Z
26.9171215,75.8580483,2018-10-11T06:49:30Z
26.9171201,75.8579608,2018-10-11T06:49:40Z
26.9171135,75.8579531,2018-10-11T06:49:51Z
26.9171135,75.8579531,2018-10-11T06:50:02Z
26.9171268,75.8578739,2018-10-11T06:50:13Z
26.9171654,75.8577583,2018-10-11T06:50:24Z
26.9171986,75.8576413,2018-10-11T06:50:35Z
26.9172308,75.8575063,2018-10-11T06:50:46Z
26.9172566,75.8573645,2018-10-11T06:50:57Z
26.9172761,75.8573247,2018-10-11T06:51:08Z
26.9173133,75.8573194,2018-10-11T06:51:18Z
26.9173133,75.8573194,2018-10-11T06:51:29Z
26.9173133,75.8573194,2018-10-11T06:51:40Z
26.9173377,75.8573548,2018-10-11T06:51:51Z
26.9173377,75.8573548,2018-10-11T06:52:02Z
26.9173368,75.8573675,2018-10-11T06:52:13Z
26.9173374,75.8573653,2018-10-11T06:52:24Z
26.9173356,75.8573481,2018-10-11T06:52:35Z
26.9173468,75.8573465,2018-10-11T06:52:46Z
26.9173378,75.8573532,2018-10-11T06:52:56Z
26.9173378,75.8573532,2018-10-11T06:53:07Z
26.9173378,75.8573532,2018-10-11T06:53:17Z
26.9173621,75.8573495,2018-10-11T06:53:27Z
26.9173644,75.8573387,2018-10-11T06:53:37Z
26.9173788,75.8573429,2018-10-11T06:53:47Z
26.9173788,75.8573429,2018-10-11T06:53:58Z
26.9173788,75.8573429,2018-10-11T06:54:09Z
26.9173788,75.8573429,2018-10-11T06:54:19Z
26.9173788,75.8573429,2018-10-11T06:54:29Z
26.9173788,75.8573429,2018-10-11T06:54:40Z
26.9174661,75.8573878,2018-10-11T06:54:50Z
26.9175381,75.8573999,2018-10-11T06:55:01Z
26.9175381,75.8573999,2018-10-11T06:55:12Z
26.9175381,75.8573999,2018-10-11T06:55:23Z
26.9175381,75.8573999,2018-10-11T06:55:34Z
26.9175271,75.8573834,2018-10-11T06:55:45Z
26.9175404,75.8573813,2018-10-11T06:55:56Z
26.9175493,75.8573848,2018-10-11T06:56:07Z
26.9175493,75.8573848,2018-10-11T06:56:18Z
26.9175493,75.8573848,2018-10-11T06:56:28Z
26.9175493,75.8573848,2018-10-11T06:56:39Z
26.9175493,75.8573848,2018-10-11T06:56:50Z
26.9175493,75.8573848,2018-10-11T06:57:00Z
26.9175493,75.8573848,2018-10-11T06:57:11Z
26.9175493,75.8573848,2018-10-11T06:57:21Z
26.9175426,75.8573917,2018-10-11T06:57:31Z
26.9175426,75.8573917,2018-10-11T06:57:41Z
26.9175426,75.8573917,2018-10-11T06:57:51Z
26.9175426,75.8573917,2018-10-11T06:58:02Z
26.9175426,75.8573917,2018-10-11T06:58:13Z
26.9175426,75.8573917,2018-10-11T06:58:23Z
26.9175426,75.8573917,2018-10-11T06:58:34Z
26.9175426,75.8573917,2018-10-11T06:58:44Z
26.9175426,75.8573917,2018-10-11T06:58:54Z
26.9175273,75.8574387,2018-10-11T06:59:05Z
26.9175138,75.8574092,2018-10-11T06:59:16Z
26.9174953,75.8574062,2018-10-11T06:59:26Z
26.9175026,75.8574066,2018-10-11T06:59:37Z
26.9175392,75.8574090,2018-10-11T06:59:47Z
26.9175543,75.8574112,2018-10-11T06:59:58Z
26.9174172,75.8573322,2018-10-11T07:00:08Z
26.9173229,75.8573134,2018-10-11T07:00:19Z
26.9173607,75.8573781,2018-10-11T07:00:30Z
26.9174827,75.8574385,2018-10-11T07:00:41Z
26.9175275,75.8574891,2018-10-11T07:00:52Z
26.9175927,75.8574258,2018-10-11T07:01:03Z
26.9176279,75.8573076,2018-10-11T07:01:13Z
26.9176337,75.8572672,2018-10-11T07:01:24Z
26.9176450,75.8571685,2018-10-11T07:01:35Z
26.9176552,75.8571079,2018-10-11T07:01:46Z
26.9176721,75.8570424,2018-10-11T07:01:56Z
26.9176693,75.8569694,2018-10-11T07:02:07Z
26.9176997,75.8569282,2018-10-11T07:02:17Z
26.9177405,75.8568927,2018-10-11T07:02:27Z
26.9177554,75.8568421,2018-10-11T07:02:38Z
26.9177693,75.8567848,2018-10-11T07:02:48Z
26.9177697,75.8567849,2018-10-11T07:02:59Z
26.9177816,75.8567722,2018-10-11T07:03:09Z
26.9178498,75.8567404,2018-10-11T07:03:20Z
26.9178479,75.8566889,2018-10-11T07:03:31Z
26.9177721,75.8566182,2018-10-11T07:03:42Z
26.9177164,75.8565763,2018-10-11T07:03:52Z
26.9177130,75.8565710,2018-10-11T07:04:03Z
26.9177130,75.8565710,2018-10-11T07:04:14Z
26.9177288,75.8565177,2018-10-11T07:04:25Z
26.9177370,75.8564971,2018-10-11T07:04:35Z
26.9177536,75.8564621,2018-10-11T07:04:46Z
26.9177248,75.8564716,2018-10-11T07:04:56Z
26.9176669,75.8564349,2018-10-11T07:05:07Z
26.9176212,75.8563623,2018-10-11T07:05:18Z
26.9175863,75.8562587,2018-10-11T07:05:28Z
26.9175442,75.8561409,2018-10-11T07:05:39Z
26.9175573,75.8560314,2018-10-11T07:05:50Z
26.9176000,75.8559415,2018-10-11T07:06:00Z
26.9175985,75.8558544,2018-10-11T07:06:10Z
26.9175985,75.8558544,2018-10-11T07:06:21Z
26.9176380,75.8557240,2018-10-11T07:06:32Z
26.9176590,75.8556888,2018-10-11T07:06:42Z
26.9176646,75.8556701,2018-10-11T07:06:53Z
26.9176646,75.8556701,2018-10-11T07:07:03Z
26.9176954,75.8556310,2018-10-11T07:07:14Z
26.9177431,75.8555523,2018-10-11T07:07:25Z
26.9177923,75.8554952,2018-10-11T07:07:35Z
26.9177877,75.8554727,2018-10-11T07:07:46Z
26.9177766,75.8554660,2018-10-11T07:07:56Z
26.9177805,75.8554533,2018-10-11T07:08:06Z
26.9177805,75.8554533,2018-10-11T07:08:17Z
26.9177827,75.8554464,2018-10-11T07:08:27Z
26.9177790,75.8554414,2018-10-11T07:08:38Z
26.9177790,75.8554414,2018-10-11T07:08:49Z
26.9177759,75.8554301,2018-10-11T07:08:59Z
26.9177766,75.8554304,2018-10-11T07:09:09Z
26.9177766,75.8554304,2018-10-11T07:09:20Z
26.9177750,75.8554226,2018-10-11T07:09:30Z
26.9177750,75.8554226,2018-10-11T07:09:40Z
26.9177558,75.8554219,2018-10-11T07:09:51Z
26.9177247,75.8553330,2018-10-11T07:10:01Z
26.9177182,75.8552444,2018-10-11T07:10:11Z
26.9176907,75.8551654,2018-10-11T07:10:22Z
26.9176907,75.8551654,2018-10-11T07:10:33Z
26.9176907,75.8551654,2018-10-11T07:10:43Z
26.9176736,75.8551708,2018-10-11T07:10:53Z
26.9176736,75.8551708,2018-10-11T07:11:04Z
26.9176736,75.8551708,2018-10-11T07:11:15Z
26.9176689,75.8550705,2018-10-11T07:11:25Z
26.9176640,75.8549684,2018-10-11T07:11:35Z
26.9176521,75.8548649,2018-10-11T07:11:46Z
26.9176540,75.8547777,2018-10-11T07:11:57Z
26.9175675,75.8546900,2018-10-11T07:12:07Z
26.9174916,75.8546795,2018-10-11T07:12:17Z
26.9174841,75.8546686,2018-10-11T07:12:27Z
26.9174841,75.8546686,2018-10-11T07:12:37Z
26.9174841,75.8546686,2018-10-11T07:12:48Z
26.9174841,75.8546686,2018-10-11T07:12:58Z
26.9174841,75.8546686,2018-10-11T07:13:09Z
26.9174689,75.8546860,2018-10-11T07:13:20Z
26.9173898,75.8547511,2018-10-11T07:13:30Z
26.9174059,75.8547084,2018-10-11T07:13:41Z
26.9174262,75.8546337,2018-10-11T07:13:52Z
26.9174299,75.8545631,2018-10-11T07:14:03Z
26.9174150,75.8544638,2018-10-11T07:14:14Z
26.9174476,75.8543752,2018-10-11T07:14:24Z
26.9174162,75.8543077,2018-10-11T07:14:35Z
26.9173659,75.8542772,2018-10-11T07:14:46Z
26.9173155,75.8542461,2018-10-11T07:14:56Z
26.9172674,75.8542467,2018-10-11T07:15:07Z
26.9171892,75.8543223,2018-10-11T07:15:18Z
26.9171486,75.8543196,2018-10-11T07:15:29Z
26.9171735,75.8542739,2018-10-11T07:15:39Z
26.9172109,75.8541935,2018-10-11T07:15:49Z
26.9172622,75.8541197,2018-10-11T07:16:00Z
26.9173313,75.8540723,2018-10-11T07:16:10Z
26.9174052,75.8540181,2018-10-11T07:16:21Z
26.9174767,75.8539799,2018-10-11T07:16:32Z
26.9175408,75.8539604,2018-10-11T07:16:42Z
26.9175840,75.8539395,2018-10-11T07:16:53Z
26.9175896,75.8539140,2018-10-11T07:17:04Z
26.9175797,75.8538724,2018-10-11T07:17:14Z
26.9175706,75.8538091,2018-10-11T07:17:24Z
26.9175990,75.8537904,2018-10-11T07:17:34Z
26.9176269,75.8537041,2018-10-11T07:17:45Z
26.9176609,75.8535996,2018-10-11T07:17:56Z
26.9176847,75.8535443,2018-10-11T07:18:07Z
26.9176847,75.8535443,2018-10-11T07:18:17Z
26.9176853,75.8535463,2018-10-11T07:18:27Z
26.9176853,75.8535463,2018-10-11T07:18:37Z
26.9177188,75.8534972,2018-10-11T07:18:48Z
26.9177233,75.8534153,2018-10-11T07:18:58Z
26.9176590,75.8533098,2018-10-11T07:19:09Z
26.9175831,75.8532024,2018-10-11T07:19:20Z
26.9175224,75.8531056,2018-10-11T07:19:30Z
26.9175012,75.8530113,2018-10-11T07:19:40Z
26.9174646,75.8528781,2018-10-11T07:19:51Z
26.9174304,75.8527617,2018-10-11T07:20:02Z
26.9174031,75.8526307,2018-10-11T07:20:13Z
26.9173983,75.8525154,2018-10-11T07:20:23Z
26.9174520,75.8523974,2018-10-11T07:20:34Z
26.9174911,75.8522945,2018-10-11T07:20:44Z
26.9175490,75.8521876,2018-10-11T07:20:54Z
26.9175605,75.8521639,2018-10-11T07:21:05Z
26.9175670,75.8521429,2018-10-11T07:21:15Z
26.9175939,75.8520815,2018-10-11T07:21:25Z
26.9176651,75.8519652,2018-10-11T07:21:36Z
26.9177325,75.8518716,2018-10-11T07:21:46Z
26.9177787,75.8517607,2018-10-11T07:21:57Z
26.9177985,75.8516480,2018-10-11T07:22:07Z
26.9178223,75.8515497,2018-10-11T07:22:17Z
26.9178320,75.8514172,2018-10-11T07:22:28Z
26.9178940,75.8513206,2018-10-11T07:22:39Z
26.9179134,75.8513203,2018-10-11T07:22:50Z
26.9179134,75.8513203,2018-10-11T07:23:00Z
26.9179134,75.8513203,2018-10-11T07:23:10Z
26.9179134,75.8513203,2018-10-11T07:23:21Z
26.9179134,75.8513203,2018-10-11T07:23:32Z
26.9179134,75.8513203,2018-10-11T07:23:42Z
26.9179134,75.8513203,2018-10-11T07:23:52Z
26.9179345,75.8513158,2018-10-11T07:24:03Z
26.9180334,75.8513441,2018-10-11T07:24:14Z
26.9181491,75.8513656,2018-10-11T07:24:25Z
26.9181920,75.8513643,2018-10-11T07:24:35Z
26.9181920,75.8513643,2018-10-11T07:24:46Z
26.9181920,75.8513643,2018-10-11T07:24:56Z
26.9181920,75.8513643,2018-10-11T07:25:06Z
26.9181920,75.8513643,2018-10-11T07:25:17Z
26.9181663,75.8513172,2018-10-11T07:25:28Z
26.9180805,75.8512423,2018-10-11T07:25:38Z
26.9179868,75.8512319,2018-10-11T07:25:48Z
26.9179358,75.8511998,2018-10-11T07:25:59Z
26.9179738,75.8511900,2018-10-11T07:26:10Z
26.9180775,75.8511557,2018-10-11T07:26:20Z
26.9182060,75.8511117,2018-10-11T07:26:31Z
26.9181908,75.8510319,2018-10-11T07:26:42Z
26.9180671,75.8510017,2018-10-11T07:26:53Z
26.9179531,75.8509497,2018-10-11T07:27:03Z
26.9178499,75.8509371,2018-10-11T07:27:14Z
26.9177564,75.8509491,2018-10-11T07:27:24Z
26.9176688,75.8509228,2018-10-11T07:27:35Z
26.9177891,75.8508852,2018-10-11T07:27:45Z
26.9178864,75.8508486,2018-10-11T07:27:55Z
26.9179935,75.8508008,2018-10-11T07:28:06Z
26.9180834,75.8507476,2018-10-11T07:28:17Z
26.9181672,75.8506674,2018-10-11T07:28:28Z
26.9180599,75.8506185,2018-10-11T07:28:39Z
26.9180099,75.8505103,2018-10-11T07:28:49Z
26.9180143,75.8503734,2018-10-11T07:29:00Z
26.9180462,75.8502311,2018-10-11T07:29:10Z
26.9180720,75.8501109,2018-10-11T07:29:21Z
26.9180941,75.8499669,2018-10-11T07:29:32Z
26.9181138,75.8498351,2018-10-11T07:29:43Z
26.9181144,75.8498038,2018-10-11T07:29:54Z
26.9181042,75.8497366,2018-10-11T07:30:04Z
26.9181707,75.8495448,2018-10-11T07:30:15Z
26.9181674,75.8494168,2018-10-11T07:30:25Z
26.9181815,75.8492733,2018-10-11T07:30:36Z
26.9181622,75.8491308,2018-10-11T07:30:47Z
26.9180872,75.8491621,2018-10-11T07:30:57Z
26.9180511,75.8491837,2018-10-11T07:31:08Z
26.9180511,75.8491837,2018-10-11T07:31:19Z
26.9180511,75.8491837,2018-10-11T07:31:29Z
26.9180511,75.8491837,2018-10-11T07:31:39Z
26.9180511,75.8491837,2018-10-11T07:31:50Z
26.9180511,75.8491837,2018-10-11T07:32:01Z
26.9180511,75.8491837,2018-10-11T07:32:12Z
26.9180511,75.8491837,2018-10-11T07:32:22Z
26.9180511,75.8491837,2018-10-11T07:32:33Z
26.9180511,75.8491837,2018-10-11T07:32:43Z
26.9180515,75.8491835,2018-10-11T07:32:54Z
26.9180513,75.8491831,2018-10-11T07:33:05Z
26.9180513,75.8491831,2018-10-11T07:33:16Z
26.9180513,75.8491831,2018-10-11T07:33:27Z
26.9180513,75.8491831,2018-10-11T07:33:38Z
26.9180513,75.8491831,2018-10-11T07:33:48Z
26.9180513,75.8491831,2018-10-11T07:33:59Z
26.9180513,75.8491831,2018-10-11T07:34:10Z
26.9180513,75.8491831,2018-10-11T07:34:20Z
26.9180513,75.8491831,2018-10-11T07:34:31Z
26.9180513,75.8491831,2018-10-11T07:34:41Z
26.9180513,75.8491831,2018-10-11T07:34:52Z
26.9180513,75.8491831,2018-10-11T07:35:03Z
26.9180513,75.8491831,2018-10-11T07:35:14Z
26.9180513,75.8491831,2018-10-11T07:35:24Z
26.9180513,75.8491831,2018-10-11T07:35:35Z
26.9180513,75.8491831,2018-10-11T07:35:46Z
26.9180513,75.8491831,2018-10-11T07:35:57Z
26.9180513,75.8491831,2018-10-11T07:36:08Z
26.9180513,75.8491831,2018-10-11T07:36:19Z
26.9180513,75.8491831,2018-10-11T07:36:30Z
26.9180513,75.8491831,2018-10-11T07:36:40Z
26.9180513,75.8491831,2018-10-11T07:36:51Z
26.9180513,75.8491831,2018-10-11T07:37:02Z
26.9180513,75.8491831,2018-10-11T07:37:13Z
26.9180513,75.8491831,2018-10-11T07:37:24Z
26.9180513,75.8491831,2018-10-11T07:37:35Z
26.9180513,75.8491831,2018-10-11T07:37:46Z
26.9180513,75.8491831,2018-10-11T07:37:56Z
26.9180513,75.8491831,2018-10-11T07:38:06Z
26.9180513,75.8491831,2018-10-11T07:38:17Z
26.9180513,75.8491831,2018-10-11T07:38:28Z
26.9180513,75.8491831,2018-10-11T07:38:38Z
26.9180513,75.8491831,2018-10-11T07:38:48Z
26.9180513,75.8491831,2018-10-11T07:38:59Z
26.9180504,75.8491831,2018-10-11T07:39:10Z
26.9180504,75.8491831,2018-10-11T07:39:20Z
26.9180504,75.8491831,2018-10-11T07:39:31Z
26.9180504,75.8491831,2018-10-11T07:39:41Z
26.9180504,75.8491831,2018-10-11T07:39:52Z
26.9180490,75.8491790,2018-10-11T07:40:02Z
26.9180490,75.8491790,2018-10-11T07:40:13Z
26.9180490,75.8491790,2018-10-11T07:40:23Z
26.9180490,75.8491790,2018-10-11T07:40:34Z
26.9180490,75.8491790,2018-10-11T07:40:45Z
26.9180490,75.8491790,2018-10-11T07:40:56Z
26.9180490,75.8491790,2018-10-11T07:41:06Z
26.9180490,75.8491790,2018-10-11T07:41:17Z
26.9180490,75.8491790,2018-10-11T07:41:28Z
26.9180490,75.8491790,2018-10-11T07:41:39Z
26.9180490,75.8491790,2018-10-11T07:41:50Z
26.9180490,75.8491790,2018-10-11T07:42:00Z
26.9180490,75.8491790,2018-10-11T07:42:10Z
26.9180515,75.8491795,2018-10-11T07:42:21Z
26.9180517,75.8491793,2018-10-11T07:42:32Z
26.9180517,75.8491793,2018-10-11T07:42:42Z
26.9180517,75.8491793,2018-10-11T07:42:53Z
26.9180722,75.8491134,2018-10-11T07:43:04Z
26.9181527,75.8489863,2018-10-11T07:43:15Z
26.9181724,75.8489287,2018-10-11T07:43:26Z
26.9181734,75.8489355,2018-10-11T07:43:37Z
26.9181659,75.8489172,2018-10-11T07:43:47Z
26.9181785,75.8487453,2018-10-11T07:43:58Z
26.9181727,75.8487311,2018-10-11T07:44:09Z
26.9181727,75.8487311,2018-10-11T07:44:20Z
26.9181727,75.8487311,2018-10-11T07:44:31Z
26.9181727,75.8487311,2018-10-11T07:44:42Z
26.9181727,75.8487311,2018-10-11T07:44:53Z
26.9181774,75.8487532,2018-10-11T07:45:04Z
26.9181792,75.8489333,2018-10-11T07:45:15Z
26.9180720,75.8490518,2018-10-11T07:45:26Z
26.9180720,75.8490518,2018-10-11T07:45:37Z
26.9180720,75.8490518,2018-10-11T07:45:48Z
26.9180720,75.8490518,2018-10-11T07:45:58Z
26.9178889,75.8490232,2018-10-11T07:46:08Z
26.9172018,75.8488169,2018-10-11T07:46:19Z
26.9162442,75.8485739,2018-10-11T07:46:30Z
26.9150544,75.8483057,2018-10-11T07:46:41Z
26.9139771,75.8480648,2018-10-11T07:46:52Z
26.9129786,75.8478464,2018-10-11T07:47:02Z
26.9119109,75.8476074,2018-10-11T07:47:13Z
26.9112974,75.8474496,2018-10-11T07:47:24Z
26.9112949,75.8474471,2018-10-11T07:47:34Z
26.9112949,75.8474468,2018-10-11T07:47:44Z
26.9112947,75.8474466,2018-10-11T07:47:55Z
26.9112620,75.8474362,2018-10-11T07:48:06Z
26.9109117,75.8473469,2018-10-11T07:48:16Z
26.9101533,75.8471930,2018-10-11T07:48:27Z
26.9093940,75.8470523,2018-10-11T07:48:38Z
26.9092343,75.8470407,2018-10-11T07:48:49Z
26.9092343,75.8470407,2018-10-11T07:49:00Z
26.9089457,75.8469935,2018-10-11T07:49:11Z
26.9083587,75.8468494,2018-10-11T07:49:22Z
26.9077414,75.8466827,2018-10-11T07:49:33Z
26.9071337,75.8464996,2018-10-11T07:49:44Z
26.9066061,75.8460961,2018-10-11T07:49:54Z
26.9056306,75.8454303,2018-10-11T07:50:05Z
26.9046939,75.8446919,2018-10-11T07:50:15Z
26.9046685,75.8438441,2018-10-11T07:50:25Z
26.9055944,75.8429078,2018-10-11T07:50:36Z
26.9063913,75.8418943,2018-10-11T07:50:47Z
26.9067371,75.8413695,2018-10-11T07:50:57Z
26.9067818,75.8412882,2018-10-11T07:51:08Z
26.9067836,75.8412830,2018-10-11T07:51:18Z
26.9067836,75.8412830,2018-10-11T07:51:28Z
26.9067842,75.8412786,2018-10-11T07:51:38Z
26.9069285,75.8410317,2018-10-11T07:51:48Z
26.9072544,75.8405596,2018-10-11T07:51:59Z
26.9079809,75.8395146,2018-10-11T07:52:10Z
26.9084852,75.8388500,2018-10-11T07:52:20Z
26.9088417,75.8383430,2018-10-11T07:52:31Z
26.9093746,75.8377773,2018-10-11T07:52:42Z
26.9099488,75.8373455,2018-10-11T07:52:53Z
26.9105451,75.8368022,2018-10-11T07:53:04Z
26.9109563,75.8363314,2018-10-11T07:53:14Z
26.9112457,75.8360656,2018-10-11T07:53:25Z
26.9115212,75.8357711,2018-10-11T07:53:35Z
26.9120426,75.8351836,2018-10-11T07:53:46Z
26.9125408,75.8346479,2018-10-11T07:53:56Z
26.9128680,75.8342986,2018-10-11T07:54:07Z
26.9131604,75.8338895,2018-10-11T07:54:17Z
26.9132842,75.8335210,2018-10-11T07:54:28Z
26.9133586,75.8330450,2018-10-11T07:54:39Z
26.9135259,75.8325442,2018-10-11T07:54:49Z
26.9137450,75.8316563,2018-10-11T07:55:00Z
26.9139851,75.8306400,2018-10-11T07:55:10Z
26.9141673,75.8298942,2018-10-11T07:55:21Z
26.9143910,75.8289436,2018-10-11T07:55:32Z
26.9145707,75.8281812,2018-10-11T07:55:42Z
26.9147110,75.8277099,2018-10-11T07:55:53Z
26.9148676,75.8271252,2018-10-11T07:56:04Z
26.9150014,75.8266404,2018-10-11T07:56:15Z
26.9150996,75.8263042,2018-10-11T07:56:25Z
26.9151797,75.8259914,2018-10-11T07:56:36Z
26.9152579,75.8256800,2018-10-11T07:56:47Z
26.9152517,75.8256738,2018-10-11T07:56:57Z
26.9152517,75.8256738,2018-10-11T07:57:08Z
26.9152517,75.8256738,2018-10-11T07:57:19Z
26.9152517,75.8256738,2018-10-11T07:57:29Z
26.9152525,75.8256804,2018-10-11T07:57:40Z
26.9152593,75.8256570,2018-10-11T07:57:50Z
26.9152593,75.8256570,2018-10-11T07:58:00Z
26.9152593,75.8256570,2018-10-11T07:58:11Z
26.9152593,75.8256570,2018-10-11T07:58:22Z
26.9152593,75.8256570,2018-10-11T07:58:32Z
26.9152650,75.8255765,2018-10-11T07:58:43Z
26.9152263,75.8253079,2018-10-11T07:58:53Z
26.9152122,75.8250982,2018-10-11T07:59:04Z
26.9152151,75.8248125,2018-10-11T07:59:14Z
26.9152004,75.8244563,2018-10-11T07:59:25Z
26.9152056,75.8243120,2018-10-11T07:59:35Z
26.9152149,75.8242491,2018-10-11T07:59:46Z
26.9153056,75.8238271,2018-10-11T07:59:56Z
26.9154982,75.8229015,2018-10-11T08:00:07Z
26.9156902,75.8218844,2018-10-11T08:00:17Z
26.9156541,75.8214774,2018-10-11T08:00:28Z
26.9155932,75.8207876,2018-10-11T08:00:39Z
26.9149753,75.8205921,2018-10-11T08:00:50Z
26.9145252,75.8205027,2018-10-11T08:01:01Z
26.9139450,75.8203618,2018-10-11T08:01:12Z
26.9137789,75.8200026,2018-10-11T08:01:23Z
26.9139597,75.8196114,2018-10-11T08:01:34Z
26.9141814,75.8187661,2018-10-11T08:01:44Z
26.9143416,75.8178757,2018-10-11T08:01:54Z
26.9144831,75.8171713,2018-10-11T08:02:05Z
26.9145178,75.8169811,2018-10-11T08:02:16Z
26.9145306,75.8169375,2018-10-11T08:02:27Z
26.9143744,75.8167040,2018-10-11T08:02:38Z
26.9135712,75.8164553,2018-10-11T08:02:48Z
26.9127818,75.8162383,2018-10-11T08:02:59Z
26.9124280,75.8160990,2018-10-11T08:03:09Z
26.9124757,75.8156245,2018-10-11T08:03:20Z
26.9126093,75.8148494,2018-10-11T08:03:31Z
26.9128248,75.8137911,2018-10-11T08:03:41Z
26.9130001,75.8129934,2018-10-11T08:03:52Z
26.9130909,75.8126867,2018-10-11T08:04:02Z
26.9132340,75.8119782,2018-10-11T08:04:13Z
26.9133459,75.8115166,2018-10-11T08:04:23Z
26.9134327,75.8111017,2018-10-11T08:04:34Z
26.9135503,75.8104697,2018-10-11T08:04:45Z
26.9136380,75.8098905,2018-10-11T08:04:55Z
26.9137868,75.8092907,2018-10-11T08:05:06Z
26.9138595,75.8090726,2018-10-11T08:05:17Z
26.9139122,75.8087045,2018-10-11T08:05:28Z
26.9140634,75.8081130,2018-10-11T08:05:39Z
26.9141439,75.8076611,2018-10-11T08:05:49Z
26.9141615,75.8074748,2018-10-11T08:06:00Z
26.9142184,75.8072296,2018-10-11T08:06:11Z
26.9142959,75.8068080,2018-10-11T08:06:21Z
26.9143889,75.8062619,2018-10-11T08:06:31Z
26.9143463,75.8058535,2018-10-11T08:06:41Z
26.9144961,75.8055169,2018-10-11T08:06:52Z
26.9146337,75.8049093,2018-10-11T08:07:03Z
26.9147739,75.8043309,2018-10-11T08:07:13Z
26.9148811,75.8040144,2018-10-11T08:07:24Z
26.9150579,75.8032959,2018-10-11T08:07:34Z
26.9152818,75.8023558,2018-10-11T08:07:45Z
26.9154319,75.8015506,2018-10-11T08:07:55Z
26.9155362,75.8012232,2018-10-11T08:08:05Z
26.9156006,75.8010272,2018-10-11T08:08:16Z
26.9156764,75.8007562,2018-10-11T08:08:27Z
26.9159568,75.8006237,2018-10-11T08:08:38Z
26.9164632,75.8007504,2018-10-11T08:08:48Z
26.9168814,75.8006491,2018-10-11T08:08:59Z
26.9167715,75.8001846,2018-10-11T08:09:09Z
26.9165521,75.7995552,2018-10-11T08:09:20Z
26.9164322,75.7990395,2018-10-11T08:09:30Z
26.9168406,75.7991072,2018-10-11T08:09:40Z
26.9174084,75.7993857,2018-10-11T08:09:51Z
26.9179082,75.7996521,2018-10-11T08:10:01Z
26.9181180,75.7997726,2018-10-11T08:10:11Z
26.9182722,75.8001307,2018-10-11T08:10:22Z
26.9181720,75.8006057,2018-10-11T08:10:32Z
26.9179960,75.8011759,2018-10-11T08:10:42Z
26.9177510,75.8018057,2018-10-11T08:10:52Z
26.9174227,75.8025850,2018-10-11T08:11:03Z
26.9172140,75.8031818,2018-10-11T08:11:13Z
26.9171318,75.8037946,2018-10-11T08:11:24Z
26.9170569,75.8042906,2018-10-11T08:11:35Z
26.9169740,75.8047545,2018-10-11T08:11:46Z
26.9169222,75.8052206,2018-10-11T08:11:57Z
26.9169066,75.8053667,2018-10-11T08:12:07Z
26.9169122,75.8053758,2018-10-11T08:12:18Z
26.9169122,75.8053758,2018-10-11T08:12:29Z
26.9169122,75.8053758,2018-10-11T08:12:40Z
26.9169122,75.8053758,2018-10-11T08:12:50Z
26.9169311,75.8053848,2018-10-11T08:13:01Z
26.9169311,75.8053848,2018-10-11T08:13:11Z
26.9169712,75.8053677,2018-10-11T08:13:21Z
26.9169716,75.8053676,2018-10-11T08:13:31Z
26.9169716,75.8053676,2018-10-11T08:13:42Z
26.9169716,75.8053676,2018-10-11T08:13:53Z
26.9169716,75.8053676,2018-10-11T08:14:03Z
26.9169506,75.8053463,2018-10-11T08:14:14Z
26.9169676,75.8051855,2018-10-11T08:14:25Z
26.9169902,75.8050687,2018-10-11T08:14:35Z
26.9170261,75.8049328,2018-10-11T08:14:45Z
26.9169471,75.8048565,2018-10-11T08:14:56Z
26.9169414,75.8047621,2018-10-11T08:15:07Z
26.9169311,75.8047615,2018-10-11T08:15:18Z
26.9169097,75.8047796,2018-10-11T08:15:28Z
26.9169097,75.8047796,2018-10-11T08:15:38Z
26.9168951,75.8047880,2018-10-11T08:15:49Z
26.9168951,75.8047880,2018-10-11T08:16:00Z
26.9168535,75.8048129,2018-10-11T08:16:11Z
26.9168071,75.8048469,2018-10-11T08:16:22Z
26.9168071,75.8048469,2018-10-11T08:16:33Z
26.9168071,75.8048469,2018-10-11T08:16:43Z
26.9167798,75.8048475,2018-10-11T08:16:54Z
26.9167798,75.8048475,2018-10-11T08:17:04Z
26.9167798,75.8048475,2018-10-11T08:17:15Z
26.9167798,75.8048475,2018-10-11T08:17:26Z
26.9167798,75.8048475,2018-10-11T08:17:36Z
26.9167886,75.8048483,2018-10-11T08:17:47Z
26.9168235,75.8049752,2018-10-11T08:17:57Z
26.9168002,75.8050507,2018-10-11T08:18:08Z
26.9167520,75.8050248,2018-10-11T08:18:18Z
26.9167459,75.8050044,2018-10-11T08:18:29Z
26.9167196,75.8049114,2018-10-11T08:18:45Z
26.9166711,75.8048861,2018-10-11T08:18:56Z
26.9167111,75.8048173,2018-10-11T08:19:07Z
26.9167696,75.8047222,2018-10-11T08:19:18Z
26.9167577,75.8046932,2018-10-11T08:19:29Z
26.9168242,75.8046175,2018-10-11T08:19:39Z
26.9167810,75.8047193,2018-10-11T08:19:55Z
26.9167725,75.8046954,2018-10-11T08:20:06Z
26.9167701,75.8046950,2018-10-11T08:20:18Z
26.9175406,75.8077035,2018-10-12T09:25:20Z
26.9175792,75.8076781,2018-10-12T09:25:31Z
26.9176323,75.8077081,2018-10-12T09:25:41Z
26.9177432,75.8077246,2018-10-12T09:25:51Z
26.9178757,75.8077556,2018-10-12T09:26:02Z
26.9179843,75.8077630,2018-10-12T09:26:13Z
26.9180567,75.8077940,2018-10-12T09:26:23Z
26.9181652,75.8078156,2018-10-12T09:26:34Z
26.9182716,75.8078817,2018-10-12T09:26:45Z
26.9183603,75.8079214,2018-10-12T09:26:55Z
26.9184500,75.8080591,2018-10-12T09:27:06Z
26.9184673,75.8082091,2018-10-12T09:27:17Z
26.9184700,75.8083405,2018-10-12T09:27:28Z
26.9184277,75.8084760,2018-10-12T09:27:39Z
26.9183967,75.8086129,2018-10-12T09:27:49Z
26.9183546,75.8087763,2018-10-12T09:28:00Z
26.9183456,75.8089333,2018-10-12T09:28:11Z
26.9183144,75.8091079,2018-10-12T09:28:22Z
26.9182875,75.8092479,2018-10-12T09:28:33Z
26.9182436,75.8094088,2018-10-12T09:28:44Z
26.9181844,75.8095341,2018-10-12T09:28:54Z
26.9181631,75.8096659,2018-10-12T09:29:04Z
26.9181673,75.8097934,2018-10-12T09:29:16Z
26.9181893,75.8099087,2018-10-12T09:29:27Z
26.9183098,75.8099961,2018-10-12T09:29:37Z
26.9183884,75.8100600,2018-10-12T09:29:47Z
26.9185005,75.8100984,2018-10-12T09:29:58Z
26.9185972,75.8101277,2018-10-12T09:30:08Z
26.9187242,75.8101624,2018-10-12T09:30:19Z
26.9188341,75.8102136,2018-10-12T09:30:30Z
26.9189569,75.8102394,2018-10-12T09:30:40Z
26.9191023,75.8102973,2018-10-12T09:30:51Z
26.9191378,75.8102660,2018-10-12T09:31:01Z
26.9191722,75.8103015,2018-10-12T09:31:12Z
26.9192107,75.8104183,2018-10-12T09:31:22Z
26.9192043,75.8105706,2018-10-12T09:31:33Z
26.9191687,75.8107246,2018-10-12T09:31:44Z
26.9191437,75.8108700,2018-10-12T09:31:54Z
26.9191169,75.8110044,2018-10-12T09:32:04Z
26.9191018,75.8111197,2018-10-12T09:32:14Z
26.9190831,75.8112410,2018-10-12T09:32:25Z
26.9190399,75.8113440,2018-10-12T09:32:36Z
26.9190667,75.8112125,2018-10-12T09:32:47Z
26.9190791,75.8112114,2018-10-12T09:32:57Z
26.9191106,75.8112334,2018-10-12T09:33:08Z
26.9190806,75.8112271,2018-10-12T09:33:18Z
26.9190604,75.8111931,2018-10-12T09:33:29Z
26.9190854,75.8111687,2018-10-12T09:33:39Z
26.9190854,75.8111687,2018-10-12T09:33:50Z
26.9191321,75.8111218,2018-10-12T09:34:01Z
26.9190979,75.8111368,2018-10-12T09:34:12Z
26.9190950,75.8111743,2018-10-12T09:34:22Z
26.9190881,75.8112216,2018-10-12T09:34:32Z
26.9190970,75.8113609,2018-10-12T09:34:43Z
26.9190802,75.8112726,2018-10-12T09:34:53Z
26.9191038,75.8113081,2018-10-12T09:35:04Z
26.9191442,75.8112466,2018-10-12T09:35:14Z
26.9192219,75.8113109,2018-10-12T09:35:24Z
26.9191486,75.8113101,2018-10-12T09:35:34Z
26.9190813,75.8113929,2018-10-12T09:35:44Z
26.9190193,75.8115134,2018-10-12T09:35:55Z
26.9189761,75.8116317,2018-10-12T09:36:05Z
26.9189540,75.8117606,2018-10-12T09:36:15Z
26.9189277,75.8118719,2018-10-12T09:36:25Z
26.9189365,75.8119394,2018-10-12T09:36:35Z
26.9188964,75.8120511,2018-10-12T09:36:46Z
26.9189923,75.8121103,2018-10-12T09:36:57Z
26.9191190,75.8121506,2018-10-12T09:37:07Z
26.9192525,75.8122001,2018-10-12T09:37:18Z
26.9193735,75.8122389,2018-10-12T09:37:28Z
26.9194807,75.8122767,2018-10-12T09:37:39Z
26.9196079,75.8122999,2018-10-12T09:37:49Z
26.9197018,75.8122867,2018-10-12T09:37:59Z
26.9197296,75.8122963,2018-10-12T09:38:10Z
26.9197643,75.8123127,2018-10-12T09:38:21Z
26.9197643,75.8123127,2018-10-12T09:38:31Z
26.9197643,75.8123127,2018-10-12T09:38:42Z
26.9197414,75.8123428,2018-10-12T09:38:53Z
26.9197197,75.8123283,2018-10-12T09:39:03Z
26.9196996,75.8123458,2018-10-12T09:39:14Z
26.9196923,75.8123661,2018-10-12T09:39:25Z
26.9197024,75.8123828,2018-10-12T09:39:36Z
26.9197024,75.8123828,2018-10-12T09:39:47Z
26.9197137,75.8123888,2018-10-12T09:39:58Z
26.9197137,75.8123888,2018-10-12T09:40:08Z
26.9197137,75.8123888,2018-10-12T09:40:18Z
26.9197153,75.8123693,2018-10-12T09:40:29Z
26.9197153,75.8123693,2018-10-12T09:40:39Z
26.9197153,75.8123693,2018-10-12T09:40:49Z
26.9197410,75.8123504,2018-10-12T09:40:59Z
26.9197410,75.8123504,2018-10-12T09:41:09Z
26.9197410,75.8123504,2018-10-12T09:41:21Z
26.9197410,75.8123504,2018-10-12T09:41:31Z
26.9197410,75.8123504,2018-10-12T09:41:42Z
26.9197410,75.8123504,2018-10-12T09:41:53Z
26.9197410,75.8123504,2018-10-12T09:42:03Z
26.9197410,75.8123504,2018-10-12T09:42:13Z
26.9197420,75.8123190,2018-10-12T09:42:24Z
26.9197420,75.8123190,2018-10-12T09:42:35Z
26.9197420,75.8123190,2018-10-12T09:42:46Z
26.9197420,75.8123190,2018-10-12T09:42:56Z
26.9197420,75.8123190,2018-10-12T09:43:06Z
26.9197420,75.8123190,2018-10-12T09:43:16Z
26.9197420,75.8123190,2018-10-12T09:43:27Z
26.9197420,75.8123190,2018-10-12T09:43:37Z
26.9197420,75.8123190,2018-10-12T09:43:48Z
26.9197420,75.8123190,2018-10-12T09:43:59Z
26.9197420,75.8123190,2018-10-12T09:44:09Z
26.9197420,75.8123190,2018-10-12T09:44:19Z
26.9197420,75.8123190,2018-10-12T09:44:29Z
26.9197420,75.8123190,2018-10-12T09:44:40Z
26.9197420,75.8123190,2018-10-12T09:44:50Z
26.9197420,75.8123190,2018-10-12T09:45:01Z
26.9197420,75.8123190,2018-10-12T09:45:12Z
26.9197420,75.8123190,2018-10-12T09:45:22Z
26.9197420,75.8123190,2018-10-12T09:45:33Z
26.9197420,75.8123190,2018-10-12T09:45:43Z
26.9197481,75.8123255,2018-10-12T09:45:54Z
26.9197481,75.8123255,2018-10-12T09:46:04Z
26.9197481,75.8123255,2018-10-12T09:46:14Z
26.9197567,75.8123210,2018-10-12T09:46:24Z
26.9197567,75.8123210,2018-10-12T09:46:35Z
26.9197502,75.8123150,2018-10-12T09:46:45Z
26.9197502,75.8123150,2018-10-12T09:46:56Z
26.9197519,75.8123123,2018-10-12T09:47:06Z
26.9197519,75.8123123,2018-10-12T09:47:17Z
26.9197585,75.8123008,2018-10-12T09:47:27Z
26.9197582,75.8122909,2018-10-12T09:47:37Z
26.9197489,75.8122714,2018-10-12T09:47:48Z
26.9197576,75.8123261,2018-10-12T09:47:58Z
26.9197419,75.8123470,2018-10-12T09:48:08Z
26.9197419,75.8123470,2018-10-12T09:48:19Z
26.9197419,75.8123470,2018-10-12T09:48:29Z
26.9197419,75.8123470,2018-10-12T09:48:40Z
26.9197315,75.8123533,2018-10-12T09:48:51Z
26.9197315,75.8123533,2018-10-12T09:49:02Z
26.9197315,75.8123533,2018-10-12T09:49:13Z
26.9197384,75.8123577,2018-10-12T09:49:24Z
26.9197417,75.8123547,2018-10-12T09:49:34Z
26.9197417,75.8123547,2018-10-12T09:49:45Z
26.9197360,75.8123692,2018-10-12T09:49:56Z
26.9197358,75.8123798,2018-10-12T09:50:06Z
26.9197358,75.8123798,2018-10-12T09:50:16Z
26.9197358,75.8123798,2018-10-12T09:50:27Z
26.9197358,75.8123798,2018-10-12T09:50:38Z
26.9197358,75.8123798,2018-10-12T09:50:49Z
26.9197358,75.8123798,2018-10-12T09:50:59Z
26.9197358,75.8123798,2018-10-12T09:51:09Z
26.9197309,75.8123303,2018-10-12T09:51:21Z
26.9197309,75.8123303,2018-10-12T09:51:31Z
26.9197309,75.8123303,2018-10-12T09:51:41Z
26.9197309,75.8123303,2018-10-12T09:51:51Z
26.9197309,75.8123303,2018-10-12T09:52:02Z
26.9197309,75.8123303,2018-10-12T09:52:12Z
26.9196986,75.8123247,2018-10-12T09:52:22Z
26.9197212,75.8123316,2018-10-12T09:52:33Z
26.9197212,75.8123316,2018-10-12T09:52:43Z
26.9197450,75.8123247,2018-10-12T09:52:54Z
26.9197542,75.8123174,2018-10-12T09:53:05Z
26.9197531,75.8123206,2018-10-12T09:53:16Z
26.9197506,75.8123180,2018-10-12T09:53:27Z
26.9197506,75.8123180,2018-10-12T09:53:38Z
26.9197565,75.8123206,2018-10-12T09:53:49Z
26.9197757,75.8123231,2018-10-12T09:54:01Z
26.9198344,75.8123364,2018-10-12T09:54:11Z
26.9199144,75.8123617,2018-10-12T09:54:22Z
26.9199877,75.8123751,2018-10-12T09:54:32Z
26.9200071,75.8124011,2018-10-12T09:54:42Z
26.9200341,75.8124109,2018-10-12T09:54:53Z
26.9200456,75.8124237,2018-10-12T09:55:04Z
26.9201591,75.8124268,2018-10-12T09:55:15Z
26.9202318,75.8124452,2018-10-12T09:55:25Z
26.9203449,75.8124759,2018-10-12T09:55:36Z
26.9204545,75.8124946,2018-10-12T09:55:47Z
26.9205376,75.8125301,2018-10-12T09:55:57Z
26.9206348,75.8125681,2018-10-12T09:56:07Z
26.9207279,75.8126029,2018-10-12T09:56:18Z
26.9208387,75.8125994,2018-10-12T09:56:28Z
26.9209320,75.8126120,2018-10-12T09:56:38Z
26.9210194,75.8126708,2018-10-12T09:56:49Z
26.9210776,75.8126659,2018-10-12T09:56:59Z
26.9212156,75.8127230,2018-10-12T09:57:10Z
26.9213219,75.8127572,2018-10-12T09:57:21Z
26.9214649,75.8127903,2018-10-12T09:57:32Z
26.9215936,75.8128286,2018-10-12T09:57:43Z
26.9216966,75.8128356,2018-10-12T09:57:54Z
26.9217943,75.8128555,2018-10-12T09:58:05Z
26.9219041,75.8129098,2018-10-12T09:58:15Z
26.9219976,75.8129391,2018-10-12T09:58:26Z
26.9220728,75.8128982,2018-10-12T09:58:36Z
26.9220943,75.8128873,2018-10-12T09:58:47Z
26.9221489,75.8128997,2018-10-12T09:58:58Z
26.9221507,75.8129143,2018-10-12T09:59:08Z
26.9221389,75.8129686,2018-10-12T09:59:19Z
26.9221386,75.8130475,2018-10-12T09:59:30Z
26.9221118,75.8131271,2018-10-12T09:59:41Z
26.9220949,75.8132405,2018-10-12T09:59:51Z
26.9220880,75.8133832,2018-10-12T10:00:02Z
26.9220731,75.8134396,2018-10-12T10:00:12Z
26.9220374,75.8135309,2018-10-12T10:00:23Z
26.9220225,75.8136560,2018-10-12T10:00:34Z
26.9219991,75.8137555,2018-10-12T10:00:44Z
26.9219805,75.8138066,2018-10-12T10:00:55Z
26.9219796,75.8139342,2018-10-12T10:01:06Z
26.9219316,75.8140201,2018-10-12T10:01:16Z
26.9218805,75.8140901,2018-10-12T10:01:26Z
26.9218782,75.8142041,2018-10-12T10:01:36Z
26.9218639,75.8143084,2018-10-12T10:01:47Z
26.9218425,75.8143714,2018-10-12T10:01:57Z
26.9218478,75.8144289,2018-10-12T10:02:07Z
26.9218478,75.8144289,2018-10-12T10:02:18Z
26.9218384,75.8145245,2018-10-12T10:02:29Z
26.9218372,75.8145801,2018-10-12T10:02:39Z
26.9218289,75.8146687,2018-10-12T10:02:50Z
26.9217954,75.8147505,2018-10-12T10:03:00Z
26.9217530,75.8149396,2018-10-12T10:03:11Z
26.9217516,75.8149641,2018-10-12T10:03:22Z
26.9217458,75.8149849,2018-10-12T10:03:32Z
26.9217336,75.8150410,2018-10-12T10:03:42Z
26.9217113,75.8151629,2018-10-12T10:03:52Z
26.9216954,75.8152624,2018-10-12T10:04:02Z
26.9216892,75.8154091,2018-10-12T10:04:12Z
26.9216431,75.8155509,2018-10-12T10:04:23Z
26.9216145,75.8156969,2018-10-12T10:04:34Z
26.9215950,75.8158637,2018-10-12T10:04:44Z
26.9215455,75.8160058,2018-10-12T10:04:55Z
26.9214968,75.8161375,2018-10-12T10:05:05Z
26.9215189,75.8162823,2018-10-12T10:05:16Z
26.9214902,75.8164088,2018-10-12T10:05:27Z
26.9214625,75.8165677,2018-10-12T10:05:37Z
26.9214201,75.8166970,2018-10-12T10:05:47Z
26.9213800,75.8168443,2018-10-12T10:05:58Z
26.9213482,75.8169119,2018-10-12T10:06:08Z
26.9213534,75.8169009,2018-10-12T10:06:18Z
26.9213541,75.8169196,2018-10-12T10:06:28Z
26.9213582,75.8169257,2018-10-12T10:06:39Z
26.9213582,75.8169257,2018-10-12T10:06:50Z
26.9213236,75.8170681,2018-10-12T10:07:01Z
26.9213079,75.8172212,2018-10-12T10:07:12Z
26.9213036,75.8172538,2018-10-12T10:07:23Z
26.9212983,75.8172893,2018-10-12T10:07:33Z
26.9213017,75.8173972,2018-10-12T10:07:43Z
26.9213867,75.8174694,2018-10-12T10:07:54Z
26.9214914,75.8175344,2018-10-12T10:08:05Z
26.9216141,75.8175648,2018-10-12T10:08:15Z
26.9216967,75.8175945,2018-10-12T10:08:25Z
26.9217645,75.8176224,2018-10-12T10:08:35Z
26.9218773,75.8176146,2018-10-12T10:08:46Z
26.9219858,75.8176814,2018-10-12T10:08:56Z
26.9221038,75.8177094,2018-10-12T10:09:07Z
26.9222246,75.8177250,2018-10-12T10:09:17Z
26.9223481,75.8177752,2018-10-12T10:09:28Z
26.9224511,75.8177981,2018-10-12T10:09:39Z
26.9225807,75.8178110,2018-10-12T10:09:49Z
26.9226967,75.8178496,2018-10-12T10:10:00Z
26.9228099,75.8178798,2018-10-12T10:10:11Z
26.9229023,75.8179347,2018-10-12T10:10:21Z
26.9229987,75.8179750,2018-10-12T10:10:32Z
26.9231264,75.8180104,2018-10-12T10:10:42Z
26.9232229,75.8180254,2018-10-12T10:10:53Z
26.9233099,75.8180454,2018-10-12T10:11:03Z
26.9233969,75.8180771,2018-10-12T10:11:13Z
26.9234762,75.8181060,2018-10-12T10:11:24Z
26.9236003,75.8181572,2018-10-12T10:11:34Z
26.9236694,75.8181309,2018-10-12T10:11:44Z
26.9237700,75.8181668,2018-10-12T10:11:54Z
26.9238524,75.8182041,2018-10-12T10:12:05Z
26.9238795,75.8181928,2018-10-12T10:12:15Z
26.9238814,75.8181678,2018-10-12T10:12:25Z
26.9239042,75.8181691,2018-10-12T10:12:36Z
26.9239688,75.8181949,2018-10-12T10:12:46Z
26.9240562,75.8182163,2018-10-12T10:12:57Z
26.9241229,75.8182449,2018-10-12T10:13:08Z
26.9241951,75.8182577,2018-10-12T10:13:20Z
26.9242541,75.8182701,2018-10-12T10:13:30Z
26.9242857,75.8182654,2018-10-12T10:13:41Z
26.9243705,75.8182808,2018-10-12T10:13:52Z
26.9244849,75.8182541,2018-10-12T10:14:02Z
26.9246078,75.8182626,2018-10-12T10:14:13Z
26.9247022,75.8183427,2018-10-12T10:14:24Z
26.9247939,75.8183783,2018-10-12T10:14:34Z
26.9248836,75.8184265,2018-10-12T10:14:45Z
26.9249539,75.8184554,2018-10-12T10:14:56Z
26.9250759,75.8185326,2018-10-12T10:15:06Z
26.9251555,75.8186092,2018-10-12T10:15:16Z
26.9252143,75.8187069,2018-10-12T10:15:27Z
26.9252543,75.8187674,2018-10-12T10:15:37Z
26.9253278,75.8187527,2018-10-12T10:15:48Z
26.9254114,75.8187880,2018-10-12T10:15:59Z
26.9254994,75.8188354,2018-10-12T10:16:10Z
26.9254922,75.8189634,2018-10-12T10:16:20Z
26.9254949,75.8190806,2018-10-12T10:16:31Z
26.9254887,75.8192259,2018-10-12T10:16:41Z
26.9255730,75.8193581,2018-10-12T10:16:52Z
26.9256054,75.8194745,2018-10-12T10:17:02Z
26.9256021,75.8194916,2018-10-12T10:17:13Z
26.9256470,75.8195648,2018-10-12T10:17:24Z
26.9256975,75.8196662,2018-10-12T10:17:34Z
26.9258134,75.8197808,2018-10-12T10:17:45Z
26.9258937,75.8199369,2018-10-12T10:17:56Z
26.9259243,75.8199307,2018-10-12T10:18:06Z
26.9259357,75.8199571,2018-10-12T10:18:17Z
26.9258810,75.8200902,2018-10-12T10:18:27Z
26.9258464,75.8202591,2018-10-12T10:18:38Z
26.9257911,75.8204121,2018-10-12T10:18:49Z
26.9257917,75.8205812,2018-10-12T10:19:00Z
26.9257280,75.8207227,2018-10-12T10:19:10Z
26.9257074,75.8208467,2018-10-12T10:19:21Z
26.9256866,75.8210122,2018-10-12T10:19:31Z
26.9256326,75.8211416,2018-10-12T10:19:42Z
26.9256175,75.8212803,2018-10-12T10:19:52Z
26.9255931,75.8214334,2018-10-12T10:20:03Z
26.9255756,75.8215750,2018-10-12T10:20:14Z
26.9254963,75.8216761,2018-10-12T10:20:24Z
26.9254286,75.8217955,2018-10-12T10:20:34Z
26.9254051,75.8219434,2018-10-12T10:20:45Z
26.9253686,75.8220720,2018-10-12T10:20:56Z
26.9253255,75.8222195,2018-10-12T10:21:06Z
26.9252055,75.8223427,2018-10-12T10:21:16Z
26.9250933,75.8223738,2018-10-12T10:21:27Z
26.9249858,75.8223535,2018-10-12T10:21:37Z
26.9249049,75.8224127,2018-10-12T10:21:47Z
26.9248919,75.8225608,2018-10-12T10:21:57Z
26.9248341,75.8226659,2018-10-12T10:22:08Z
26.9248411,75.8228130,2018-10-12T10:22:18Z
26.9248776,75.8229802,2018-10-12T10:22:29Z
26.9249430,75.8230638,2018-10-12T10:22:40Z
26.9250348,75.8231205,2018-10-12T10:22:50Z
26.9251248,75.8231915,2018-10-12T10:23:00Z
26.9252313,75.8232612,2018-10-12T10:23:11Z
26.9252885,75.8233684,2018-10-12T10:23:21Z
26.9252999,75.8235304,2018-10-12T10:23:32Z
26.9252973,75.8236608,2018-10-12T10:23:43Z
26.9252726,75.8237878,2018-10-12T10:23:54Z
26.9252624,75.8237763,2018-10-12T10:24:04Z
26.9252624,75.8237763,2018-10-12T10:24:15Z
26.9252753,75.8239102,2018-10-12T10:24:26Z
26.9252683,75.8240548,2018-10-12T10:24:37Z
26.9252417,75.8242107,2018-10-12T10:24:47Z
26.9252414,75.8243208,2018-10-12T10:24:59Z
26.9253213,75.8243906,2018-10-12T10:25:09Z
26.9254534,75.8243990,2018-10-12T10:25:20Z
26.9254924,75.8244622,2018-10-12T10:25:31Z
26.9255836,75.8243614,2018-10-12T10:25:41Z
26.9256365,75.8242373,2018-10-12T10:25:52Z
26.9256610,75.8241817,2018-10-12T10:26:03Z
26.9256818,75.8242926,2018-10-12T10:26:13Z
26.9256766,75.8243902,2018-10-12T10:26:24Z
26.9256704,75.8245481,2018-10-12T10:26:34Z
26.9256499,75.8246896,2018-10-12T10:26:46Z
26.9256104,75.8248397,2018-10-12T10:26:56Z
26.9255976,75.8249416,2018-10-12T10:27:06Z
26.9256064,75.8250119,2018-10-12T10:27:17Z
26.9256037,75.8249924,2018-10-12T10:27:27Z
26.9256037,75.8249924,2018-10-12T10:27:38Z
26.9256037,75.8249924,2018-10-12T10:27:49Z
26.9256037,75.8249924,2018-10-12T10:27:59Z
26.9256037,75.8249924,2018-10-12T10:28:11Z
26.9256037,75.8249924,2018-10-12T10:28:22Z
26.9256072,75.8249921,2018-10-12T10:28:32Z
26.9256072,75.8249921,2018-10-12T10:28:42Z
26.9256072,75.8249921,2018-10-12T10:28:53Z
26.9255707,75.8250671,2018-10-12T10:29:04Z
26.9255393,75.8252244,2018-10-12T10:29:14Z
26.9255498,75.8253430,2018-10-12T10:29:25Z
26.9255035,75.8254080,2018-10-12T10:29:36Z
26.9255452,75.8254518,2018-10-12T10:29:47Z
26.9256393,75.8254894,2018-10-12T10:29:57Z
26.9257266,75.8255367,2018-10-12T10:30:08Z
26.9258147,75.8256868,2018-10-12T10:30:18Z
26.9258213,75.8258002,2018-10-12T10:30:29Z
26.9258013,75.8259471,2018-10-12T10:30:40Z
26.9257650,75.8261203,2018-10-12T10:30:50Z
26.9257797,75.8262702,2018-10-12T10:31:01Z
26.9258728,75.8263526,2018-10-12T10:31:11Z
26.9260045,75.8264085,2018-10-12T10:31:22Z
26.9261033,75.8264576,2018-10-12T10:31:32Z
26.9262238,75.8264818,2018-10-12T10:31:43Z
26.9263079,75.8265139,2018-10-12T10:31:53Z
26.9262971,75.8264982,2018-10-12T10:32:04Z
26.9262663,75.8266105,2018-10-12T10:32:15Z
26.9262916,75.8266793,2018-10-12T10:32:25Z
26.9263232,75.8267422,2018-10-12T10:32:35Z
26.9262695,75.8269238,2018-10-12T10:32:46Z
26.9262492,75.8270891,2018-10-12T10:32:56Z
26.9261872,75.8272237,2018-10-12T10:33:07Z
26.9261770,75.8273517,2018-10-12T10:33:18Z
26.9261482,75.8274613,2018-10-12T10:33:29Z
26.9261638,75.8275517,2018-10-12T10:33:39Z
26.9260649,75.8275449,2018-10-12T10:33:49Z
26.9259468,75.8274970,2018-10-12T10:34:00Z
26.9258710,75.8275318,2018-10-12T10:34:10Z
26.9257613,75.8275069,2018-10-12T10:34:21Z
26.9256639,75.8274302,2018-10-12T10:34:31Z
26.9255868,75.8273503,2018-10-12T10:34:41Z
26.9254894,75.8272947,2018-10-12T10:34:52Z
26.9254097,75.8272283,2018-10-12T10:35:02Z
26.9253374,75.8271823,2018-10-12T10:35:12Z
26.9252528,75.8272356,2018-10-12T10:35:23Z
26.9252408,75.8272476,2018-10-12T10:35:34Z
26.9252448,75.8272623,2018-10-12T10:35:45Z
26.9252124,75.8272815,2018-10-12T10:35:56Z
26.9252359,75.8272791,2018-10-12T10:36:06Z
26.9252359,75.8272791,2018-10-12T10:36:16Z
26.9252359,75.8272791,2018-10-12T10:36:27Z
26.9252359,75.8272791,2018-10-12T10:36:37Z
26.9252597,75.8272580,2018-10-12T10:36:48Z
26.9252597,75.8272580,2018-10-12T10:36:58Z
26.9252597,75.8272580,2018-10-12T10:37:09Z
26.9252597,75.8272580,2018-10-12T10:37:20Z
26.9252597,75.8272580,2018-10-12T10:37:30Z
26.9252597,75.8272580,2018-10-12T10:37:40Z
26.9252597,75.8272580,2018-10-12T10:37:51Z
26.9252728,75.8272530,2018-10-12T10:38:02Z
26.9252728,75.8272530,2018-10-12T10:38:12Z
26.9252728,75.8272530,2018-10-12T10:38:23Z
26.9252728,75.8272530,2018-10-12T10:38:34Z
26.9252728,75.8272530,2018-10-12T10:38:45Z
26.9252728,75.8272530,2018-10-12T10:38:55Z
26.9252728,75.8272530,2018-10-12T10:39:05Z
26.9252728,75.8272530,2018-10-12T10:39:15Z
26.9252728,75.8272530,2018-10-12T10:39:26Z
26.9252728,75.8272530,2018-10-12T10:39:36Z
26.9252728,75.8272530,2018-10-12T10:39:47Z
26.9252728,75.8272530,2018-10-12T10:39:58Z
26.9252728,75.8272530,2018-10-12T10:40:09Z
26.9252871,75.8272637,2018-10-12T10:40:19Z
26.9252993,75.8272696,2018-10-12T10:40:30Z
26.9253200,75.8272624,2018-10-12T10:40:40Z
26.9253208,75.8272608,2018-10-12T10:40:51Z
26.9253334,75.8272587,2018-10-12T10:41:02Z
26.9253334,75.8272587,2018-10-12T10:41:12Z
26.9253470,75.8272374,2018-10-12T10:41:22Z
26.9253470,75.8272374,2018-10-12T10:41:32Z
26.9252773,75.8272339,2018-10-12T10:41:43Z
26.9251706,75.8272327,2018-10-12T10:41:54Z
26.9250585,75.8272247,2018-10-12T10:42:04Z
26.9249835,75.8271974,2018-10-12T10:42:15Z
26.9248452,75.8271538,2018-10-12T10:42:26Z
26.9247118,75.8271201,2018-10-12T10:42:36Z
26.9245756,75.8271011,2018-10-12T10:42:46Z
26.9244611,75.8270906,2018-10-12T10:42:57Z
26.9244408,75.8270845,2018-10-12T10:43:08Z
26.9243804,75.8270685,2018-10-12T10:43:18Z
26.9242670,75.8270602,2018-10-12T10:43:29Z
26.9241699,75.8270383,2018-10-12T10:43:39Z
26.9240929,75.8270043,2018-10-12T10:43:49Z
26.9240059,75.8270027,2018-10-12T10:44:01Z
26.9240061,75.8270029,2018-10-12T10:44:12Z
26.9239883,75.8270113,2018-10-12T10:44:22Z
26.9239883,75.8270113,2018-10-12T10:44:33Z
26.9239883,75.8270113,2018-10-12T10:44:44Z
26.9239883,75.8270113,2018-10-12T10:44:54Z
26.9239878,75.8270193,2018-10-12T10:45:04Z
26.9239878,75.8270193,2018-10-12T10:45:15Z
26.9239808,75.8270239,2018-10-12T10:45:25Z
26.9239775,75.8270265,2018-10-12T10:45:35Z
26.9239675,75.8270293,2018-10-12T10:45:46Z
26.9239645,75.8270308,2018-10-12T10:45:57Z
26.9239650,75.8270287,2018-10-12T10:46:08Z
26.9239662,75.8270305,2018-10-12T10:46:18Z
26.9239666,75.8270282,2018-10-12T10:46:28Z
26.9239616,75.8270279,2018-10-12T10:46:38Z
26.9239542,75.8270329,2018-10-12T10:46:48Z
26.9239518,75.8270331,2018-10-12T10:46:59Z
26.9239549,75.8270326,2018-10-12T10:47:10Z
26.9239577,75.8270205,2018-10-12T10:47:20Z
26.9239621,75.8270111,2018-10-12T10:47:30Z
26.9239621,75.8270111,2018-10-12T10:47:41Z
26.9239696,75.8270190,2018-10-12T10:47:52Z
26.9239772,75.8270487,2018-10-12T10:48:02Z
26.9239574,75.8270784,2018-10-12T10:48:12Z
26.9238272,75.8270523,2018-10-12T10:48:23Z
26.9237291,75.8270341,2018-10-12T10:48:33Z
26.9236415,75.8270200,2018-10-12T10:48:44Z
26.9236351,75.8270004,2018-10-12T10:48:54Z
26.9236636,75.8270073,2018-10-12T10:49:04Z
26.9236593,75.8270106,2018-10-12T10:49:14Z
26.9237142,75.8269930,2018-10-12T10:49:24Z
26.9241020,75.8271194,2018-10-12T10:49:35Z
26.9247573,75.8273158,2018-10-12T10:49:45Z
26.9250786,75.8274399,2018-10-12T10:49:56Z
26.9249166,75.8274749,2018-10-12T10:50:06Z
26.9243632,75.8272907,2018-10-12T10:50:16Z
26.9237606,75.8270981,2018-10-12T10:50:27Z
26.9234502,75.8270590,2018-10-12T10:50:38Z
26.9233805,75.8270648,2018-10-12T10:50:48Z
26.9233301,75.8270393,2018-10-12T10:50:59Z
26.9232826,75.8270046,2018-10-12T10:51:10Z
26.9232392,75.8269964,2018-10-12T10:51:20Z
26.9232342,75.8269988,2018-10-12T10:51:30Z
26.9231691,75.8269857,2018-10-12T10:51:41Z
26.9230879,75.8270022,2018-10-12T10:51:52Z
26.9229539,75.8271041,2018-10-12T10:52:03Z
26.9228349,75.8272221,2018-10-12T10:52:14Z
26.9227712,75.8271792,2018-10-12T10:52:24Z
26.9226741,75.8270686,2018-10-12T10:52:35Z
26.9226395,75.8270259,2018-10-12T10:52:45Z
26.9225602,75.8268292,2018-10-12T10:52:56Z
26.9225203,75.8267641,2018-10-12T10:53:06Z
26.9223810,75.8267035,2018-10-12T10:53:16Z
26.9221252,75.8266354,2018-10-12T10:53:27Z
26.9217449,75.8265315,2018-10-12T10:53:38Z
26.9213099,75.8264340,2018-10-12T10:53:48Z
26.9211908,75.8263835,2018-10-12T10:53:59Z
26.9210788,75.8263670,2018-10-12T10:54:09Z
26.9209291,75.8263103,2018-10-12T10:54:20Z
26.9207422,75.8262487,2018-10-12T10:54:30Z
26.9205532,75.8262013,2018-10-12T10:54:40Z
26.9205042,75.8261730,2018-10-12T10:54:51Z
26.9202823,75.8261225,2018-10-12T10:55:01Z
26.9200179,75.8260224,2018-10-12T10:55:11Z
26.9197235,75.8259423,2018-10-12T10:55:22Z
26.9190928,75.8257552,2018-10-12T10:55:32Z
26.9185890,75.8256179,2018-10-12T10:55:42Z
26.9181899,75.8255578,2018-10-12T10:55:53Z
26.9179738,75.8254849,2018-10-12T10:56:04Z
26.9176414,75.8254175,2018-10-12T10:56:15Z
26.9173557,75.8252913,2018-10-12T10:56:26Z
26.9170757,75.8251784,2018-10-12T10:56:37Z
26.9170054,75.8251343,2018-10-12T10:56:47Z
26.9167801,75.8250722,2018-10-12T10:56:58Z
26.9163804,75.8249486,2018-10-12T10:57:08Z
26.9159708,75.8248175,2018-10-12T10:57:19Z
26.9157357,75.8247745,2018-10-12T10:57:30Z
26.9157357,75.8247745,2018-10-12T10:57:41Z
26.9157357,75.8247745,2018-10-12T10:57:52Z
26.9157357,75.8247745,2018-10-12T10:58:02Z
26.9157357,75.8247745,2018-10-12T10:58:12Z
26.9156731,75.8247604,2018-10-12T10:58:23Z
26.9156415,75.8247636,2018-10-12T10:58:34Z
26.9155675,75.8247423,2018-10-12T10:58:44Z
26.9153892,75.8247110,2018-10-12T10:58:55Z
26.9152401,75.8246488,2018-10-12T10:59:05Z
26.9151223,75.8244891,2018-10-12T10:59:15Z
26.9151865,75.8239926,2018-10-12T10:59:26Z
26.9152830,75.8234009,2018-10-12T10:59:36Z
26.9153345,75.8231238,2018-10-12T10:59:46Z
26.9150119,75.8229259,2018-10-12T10:59:56Z
26.9144335,75.8227987,2018-10-12T11:00:06Z
26.9141407,75.8225664,2018-10-12T11:00:17Z
26.9138089,75.8218343,2018-10-12T11:00:28Z
26.9136212,75.8211308,2018-10-12T11:00:38Z
26.9137660,75.8204304,2018-10-12T11:00:49Z
26.9137395,75.8201798,2018-10-12T11:01:00Z
26.9135096,75.8199617,2018-10-12T11:01:10Z
26.9130146,75.8198491,2018-10-12T11:01:21Z
26.9124120,75.8197481,2018-10-12T11:01:32Z
26.9119005,75.8201613,2018-10-12T11:01:42Z
26.9113023,75.8201796,2018-10-12T11:01:53Z
26.9107377,75.8200445,2018-10-12T11:02:03Z
26.9099007,75.8195801,2018-10-12T11:02:14Z
26.9095013,75.8190059,2018-10-12T11:02:25Z
26.9088383,75.8188291,2018-10-12T11:02:36Z
26.9075783,75.8185305,2018-10-12T11:02:46Z
26.9063019,75.8181721,2018-10-12T11:02:56Z
26.9049832,75.8178368,2018-10-12T11:03:06Z
26.9037108,75.8175070,2018-10-12T11:03:17Z
26.9027591,75.8173072,2018-10-12T11:03:27Z
26.9020517,75.8170944,2018-10-12T11:03:37Z
26.9011684,75.8168490,2018-10-12T11:03:48Z
26.8999196,75.8165535,2018-10-12T11:03:59Z
26.8992575,75.8165673,2018-10-12T11:04:10Z
26.8991561,75.8165924,2018-10-12T11:04:20Z
26.8989741,75.8168591,2018-10-12T11:04:31Z
26.8990786,75.8175450,2018-10-12T11:04:41Z
26.8993187,75.8181878,2018-10-12T11:04:52Z
26.8995679,75.8187736,2018-10-12T11:05:02Z
26.8997501,75.8191955,2018-10-12T11:05:12Z
26.8997500,75.8195081,2018-10-12T11:05:23Z
26.8995001,75.8199493,2018-10-12T11:05:33Z
26.8992531,75.8205440,2018-10-12T11:05:43Z
26.8989177,75.8213125,2018-10-12T11:05:54Z
26.8987662,75.8216754,2018-10-12T11:06:05Z
26.8984946,75.8215996,2018-10-12T11:06:16Z
26.8980207,75.8215410,2018-10-12T11:06:26Z
26.8978423,75.8220169,2018-10-12T11:06:36Z
26.8976949,75.8222270,2018-10-12T11:06:47Z
26.8976933,75.8222242,2018-10-12T11:06:57Z
26.8976958,75.8222145,2018-10-12T11:07:08Z
26.8976958,75.8222145,2018-10-12T11:07:18Z
26.8976958,75.8222145,2018-10-12T11:07:29Z
26.8976958,75.8222145,2018-10-12T11:07:40Z
26.8977326,75.8222267,2018-10-12T11:07:51Z
26.8977766,75.8222662,2018-10-12T11:08:02Z
26.8978082,75.8222752,2018-10-12T11:08:12Z
26.8978082,75.8222752,2018-10-12T11:08:22Z
26.8978082,75.8222752,2018-10-12T11:08:32Z
26.8978082,75.8222752,2018-10-12T11:08:43Z
26.8978082,75.8222752,2018-10-12T11:08:53Z
26.8978082,75.8222752,2018-10-12T11:09:04Z
26.8978082,75.8222752,2018-10-12T11:09:15Z
26.8978082,75.8222752,2018-10-12T11:09:26Z
26.8978082,75.8222752,2018-10-12T11:09:36Z
26.8978082,75.8222752,2018-10-12T11:09:46Z
26.8978082,75.8222752,2018-10-12T11:09:57Z
26.8978082,75.8222752,2018-10-12T11:10:08Z
26.8978082,75.8222752,2018-10-12T11:10:18Z
26.8978082,75.8222752,2018-10-12T11:10:28Z
26.8978082,75.8222752,2018-10-12T11:10:39Z
26.8978082,75.8222752,2018-10-12T11:10:49Z
26.8978082,75.8222752,2018-10-12T11:10:59Z
26.8978082,75.8222752,2018-10-12T11:11:10Z
26.8978082,75.8222752,2018-10-12T11:11:21Z
26.8978082,75.8222752,2018-10-12T11:11:31Z
26.8978082,75.8222752,2018-10-12T11:11:42Z
26.8978082,75.8222752,2018-10-12T11:11:52Z
26.8978082,75.8222752,2018-10-12T11:12:03Z
26.8978082,75.8222752,2018-10-12T11:12:14Z
26.8978082,75.8222752,2018-10-12T11:12:24Z
26.8978082,75.8222752,2018-10-12T11:12:34Z
26.8978082,75.8222752,2018-10-12T11:12:46Z
26.8978082,75.8222752,2018-10-12T11:12:56Z
26.8978082,75.8222752,2018-10-12T11:13:07Z
26.8978082,75.8222752,2018-10-12T11:13:18Z
26.8978082,75.8222752,2018-10-12T11:13:28Z
26.8978082,75.8222752,2018-10-12T11:13:39Z
26.8978082,75.8222752,2018-10-12T11:13:49Z
26.8978082,75.8222752,2018-10-12T11:13:59Z
26.8978082,75.8222752,2018-10-12T11:14:10Z
26.8978082,75.8222752,2018-10-12T11:14:20Z
26.8978082,75.8222752,2018-10-12T11:14:30Z
26.8978082,75.8222752,2018-10-12T11:14:40Z
26.8978082,75.8222752,2018-10-12T11:14:51Z
26.8978082,75.8222752,2018-10-12T11:15:02Z
26.8978082,75.8222752,2018-10-12T11:15:13Z
26.8978082,75.8222752,2018-10-12T11:15:24Z
26.8978082,75.8222752,2018-10-12T11:15:34Z
26.8978082,75.8222752,2018-10-12T11:15:45Z
26.8978082,75.8222752,2018-10-12T11:15:55Z
26.8978189,75.8222760,2018-10-12T11:16:05Z
26.8978189,75.8222760,2018-10-12T11:16:16Z
26.8978189,75.8222760,2018-10-12T11:16:27Z
26.8978189,75.8222760,2018-10-12T11:16:38Z
26.8978189,75.8222760,2018-10-12T11:16:48Z
26.8978189,75.8222760,2018-10-12T11:16:58Z
26.8978189,75.8222760,2018-10-12T11:17:08Z
26.8978189,75.8222760,2018-10-12T11:17:18Z
26.8978189,75.8222760,2018-10-12T11:17:28Z
26.8978335,75.8222820,2018-10-12T11:17:39Z
26.8978335,75.8222820,2018-10-12T11:17:49Z
26.8978335,75.8222820,2018-10-12T11:17:59Z
26.8978335,75.8222820,2018-10-12T11:18:10Z
26.8978335,75.8222820,2018-10-12T11:18:21Z
26.8978335,75.8222820,2018-10-12T11:18:32Z
26.8978335,75.8222820,2018-10-12T11:18:43Z
26.8978335,75.8222820,2018-10-12T11:18:53Z
26.8978335,75.8222820,2018-10-12T11:19:04Z
26.8978335,75.8222820,2018-10-12T11:19:14Z
26.8978335,75.8222820,2018-10-12T11:19:24Z
26.8978335,75.8222820,2018-10-12T11:19:35Z
26.8978335,75.8222820,2018-10-12T11:19:46Z
26.8978335,75.8222820,2018-10-12T11:19:56Z
26.8978335,75.8222820,2018-10-12T11:20:06Z
26.8978335,75.8222820,2018-10-12T11:20:17Z
26.8978335,75.8222820,2018-10-12T11:20:28Z
26.8978335,75.8222820,2018-10-12T11:20:39Z
26.8978335,75.8222820,2018-10-12T11:20:49Z
26.8978335,75.8222820,2018-10-12T11:21:00Z
26.8978335,75.8222820,2018-10-12T11:21:10Z
26.8978335,75.8222820,2018-10-12T11:21:21Z
26.8978335,75.8222820,2018-10-12T11:21:31Z
26.8978335,75.8222820,2018-10-12T11:21:42Z
26.8978335,75.8222820,2018-10-12T11:21:52Z
26.8978335,75.8222820,2018-10-12T11:22:02Z
26.8978335,75.8222820,2018-10-12T11:22:14Z
26.8978335,75.8222820,2018-10-12T11:22:24Z
26.8978335,75.8222820,2018-10-12T11:22:35Z
26.8978335,75.8222820,2018-10-12T11:22:46Z
26.8978335,75.8222820,2018-10-12T11:22:57Z
26.8978335,75.8222820,2018-10-12T11:23:08Z
26.8978335,75.8222820,2018-10-12T11:23:18Z
26.8978335,75.8222820,2018-10-12T11:23:29Z
26.8978335,75.8222820,2018-10-12T11:23:39Z
26.8978335,75.8222820,2018-10-12T11:23:49Z
26.8978251,75.8222670,2018-10-12T11:23:59Z
26.8978255,75.8222570,2018-10-12T11:24:10Z
26.8978255,75.8222570,2018-10-12T11:24:20Z
26.8978255,75.8222570,2018-10-12T11:24:31Z
26.8978255,75.8222570,2018-10-12T11:24:42Z
26.8978255,75.8222570,2018-10-12T11:24:52Z
26.8978255,75.8222570,2018-10-12T11:25:03Z
26.8978255,75.8222570,2018-10-12T11:25:13Z
26.8978255,75.8222570,2018-10-12T11:25:23Z
26.8978213,75.8222761,2018-10-12T11:25:33Z
26.9174581,75.8076497,2018-10-05T07:36:18Z
26.9174590,75.8076505,2018-10-05T07:36:29Z
26.9174590,75.8076505,2018-10-05T07:36:39Z
26.9173903,75.8077236,2018-10-05T07:36:50Z
26.9174360,75.8076589,2018-10-05T07:37:00Z
26.9174499,75.8076605,2018-10-05T07:37:10Z
26.9175180,75.8077154,2018-10-05T07:37:20Z
26.9175157,75.8076782,2018-10-05T07:37:31Z
26.9175026,75.8076466,2018-10-05T07:37:41Z
26.9175005,75.8076403,2018-10-05T07:37:52Z
26.9175063,75.8076526,2018-10-05T07:38:02Z
26.9174730,75.8076644,2018-10-05T07:38:12Z
26.9174584,75.8076456,2018-10-05T07:38:23Z
26.9174418,75.8076849,2018-10-05T07:38:34Z
26.9174374,75.8076976,2018-10-05T07:38:44Z
26.9174667,75.8076517,2018-10-05T07:38:55Z
26.9174955,75.8076337,2018-10-05T07:39:05Z
26.9174738,75.8076512,2018-10-05T07:39:15Z
26.9174857,75.8076649,2018-10-05T07:39:26Z
26.9174857,75.8076649,2018-10-05T07:39:37Z
26.9175024,75.8076591,2018-10-05T07:39:47Z
26.9175024,75.8076591,2018-10-05T07:39:58Z
26.9175138,75.8076143,2018-10-05T07:40:09Z
26.9175470,75.8075922,2018-10-05T07:40:20Z
26.9175208,75.8075794,2018-10-05T07:40:31Z
26.9174584,75.8075950,2018-10-05T07:40:42Z
26.9175107,75.8075894,2018-10-05T07:40:52Z
26.9175408,75.8075544,2018-10-05T07:41:02Z
26.9175714,75.8075710,2018-10-05T07:41:12Z
26.9175975,75.8075982,2018-10-05T07:41:22Z
26.9176280,75.8076114,2018-10-05T07:41:32Z
26.9176564,75.8074993,2018-10-05T07:41:43Z
26.9176519,75.8073726,2018-10-05T07:41:54Z
26.9177273,75.8072492,2018-10-05T07:42:05Z
26.9177995,75.8071245,2018-10-05T07:42:15Z
26.9178114,75.8069767,2018-10-05T07:42:26Z
26.9178495,75.8068426,2018-10-05T07:42:36Z
26.9178799,75.8067069,2018-10-05T07:42:47Z
26.9179143,75.8065862,2018-10-05T07:42:58Z
26.9177632,75.8065839,2018-10-05T07:43:09Z
26.9176243,75.8065989,2018-10-05T07:43:19Z
26.9175052,75.8065266,2018-10-05T07:43:30Z
26.9174863,75.8066188,2018-10-05T07:43:40Z
26.9174670,75.8067209,2018-10-05T07:43:51Z
26.9174252,75.8068327,2018-10-05T07:44:01Z
26.9173451,75.8068922,2018-10-05T07:44:12Z
26.9172414,75.8069145,2018-10-05T07:44:23Z
26.9171074,75.8069281,2018-10-05T07:44:34Z
26.9170230,75.8068633,2018-10-05T07:44:44Z
26.9169183,75.8068200,2018-10-05T07:44:55Z
26.9167918,75.8068039,2018-10-05T07:45:05Z
26.9166888,75.8068283,2018-10-05T07:45:15Z
26.9166899,75.8069472,2018-10-05T07:45:25Z
26.9166614,75.8070695,2018-10-05T07:45:36Z
26.9166798,75.8071976,2018-10-05T07:45:46Z
26.9166563,75.8072844,2018-10-05T07:45:56Z
26.9165788,75.8074280,2018-10-05T07:46:07Z
26.9165832,75.8075722,2018-10-05T07:46:17Z
26.9165636,75.8076867,2018-10-05T07:46:28Z
26.9165326,75.8078341,2018-10-05T07:46:39Z
26.9165542,75.8079825,2018-10-05T07:46:49Z
26.9165366,75.8080930,2018-10-05T07:46:59Z
26.9165589,75.8082352,2018-10-05T07:47:10Z
26.9165738,75.8084086,2018-10-05T07:47:21Z
26.9165928,75.8085559,2018-10-05T07:47:31Z
26.9165828,75.8086702,2018-10-05T07:47:41Z
26.9165813,75.8088105,2018-10-05T07:47:51Z
26.9166055,75.8089449,2018-10-05T07:48:01Z
26.9165989,75.8090935,2018-10-05T07:48:12Z
26.9165650,75.8092229,2018-10-05T07:48:22Z
26.9165371,75.8093261,2018-10-05T07:48:33Z
26.9164335,75.8094337,2018-10-05T07:48:44Z
26.9163754,75.8095435,2018-10-05T07:48:54Z
26.9163913,75.8096315,2018-10-05T07:49:04Z
26.9164693,75.8097092,2018-10-05T07:49:14Z
26.9164595,75.8098548,2018-10-05T07:49:24Z
26.9163656,75.8100048,2018-10-05T07:49:35Z
26.9163070,75.8100796,2018-10-05T07:49:45Z
26.9162882,75.8101778,2018-10-05T07:49:56Z
26.9162553,75.8102018,2018-10-05T07:50:06Z
26.9162422,75.8102731,2018-10-05T07:50:16Z
26.9162804,75.8104051,2018-10-05T07:50:27Z
26.9163032,75.8105376,2018-10-05T07:50:37Z
26.9163447,75.8106718,2018-10-05T07:50:47Z
26.9163783,75.8107250,2018-10-05T07:50:58Z
26.9164013,75.8108344,2018-10-05T07:51:08Z
26.9164314,75.8109213,2018-10-05T07:51:18Z
26.9164550,75.8110397,2018-10-05T07:51:29Z
26.9164550,75.8110397,2018-10-05T07:51:39Z
26.9164354,75.8110685,2018-10-05T07:51:50Z
26.9164156,75.8110388,2018-10-05T07:52:01Z
26.9164484,75.8111256,2018-10-05T07:52:12Z
26.9164541,75.8111738,2018-10-05T07:52:23Z
26.9164227,75.8112051,2018-10-05T07:52:33Z
26.9164063,75.8112327,2018-10-05T07:52:44Z
26.9164063,75.8112327,2018-10-05T07:52:55Z
26.9164048,75.8112388,2018-10-05T07:53:05Z
26.9163996,75.8112386,2018-10-05T07:53:16Z
26.9164117,75.8112371,2018-10-05T07:53:27Z
26.9164151,75.8112365,2018-10-05T07:53:37Z
26.9164151,75.8112365,2018-10-05T07:53:47Z
26.9163966,75.8112315,2018-10-05T07:53:58Z
26.9163963,75.8112441,2018-10-05T07:54:08Z
26.9164124,75.8112900,2018-10-05T07:54:19Z
26.9164716,75.8113177,2018-10-05T07:54:30Z
26.9164697,75.8113234,2018-10-05T07:54:40Z
26.9164605,75.8113282,2018-10-05T07:54:50Z
26.9164257,75.8114103,2018-10-05T07:55:01Z
26.9164164,75.8114348,2018-10-05T07:55:13Z
26.9164700,75.8114771,2018-10-05T07:55:23Z
26.9163918,75.8115154,2018-10-05T07:55:34Z
26.9162853,75.8115078,2018-10-05T07:55:45Z
26.9163085,75.8115517,2018-10-05T07:55:55Z
26.9163470,75.8115691,2018-10-05T07:56:05Z
26.9163167,75.8115626,2018-10-05T07:56:15Z
26.9163016,75.8115822,2018-10-05T07:56:25Z
26.9161779,75.8116574,2018-10-05T07:56:50Z
26.9162063,75.8117385,2018-10-05T07:57:04Z
26.9163459,75.8115011,2018-10-05T07:57:14Z
26.9164197,75.8114350,2018-10-05T07:57:24Z
26.9163535,75.8113612,2018-10-05T07:57:35Z
26.9163682,75.8112903,2018-10-05T07:57:45Z
26.9163271,75.8112854,2018-10-05T07:57:56Z
26.9163271,75.8112854,2018-10-05T07:58:06Z
26.9163447,75.8112747,2018-10-05T07:58:17Z
26.9163502,75.8112981,2018-10-05T07:58:27Z
26.9163411,75.8113053,2018-10-05T07:58:37Z
26.9163411,75.8113053,2018-10-05T07:58:48Z
26.9163411,75.8113053,2018-10-05T07:58:58Z
26.9163405,75.8112763,2018-10-05T07:59:09Z
26.9163881,75.8112690,2018-10-05T07:59:19Z
26.9163914,75.8112727,2018-10-05T07:59:30Z
26.9163626,75.8112386,2018-10-05T07:59:40Z
26.9163626,75.8112389,2018-10-05T07:59:50Z
26.9163327,75.8111942,2018-10-05T08:00:00Z
26.9163327,75.8111942,2018-10-05T08:00:11Z
26.9163327,75.8111942,2018-10-05T08:00:21Z
26.9162829,75.8111976,2018-10-05T08:00:31Z
26.9162359,75.8111876,2018-10-05T08:00:42Z
26.9162359,75.8111876,2018-10-05T08:00:53Z
26.9162359,75.8111876,2018-10-05T08:01:03Z
26.9162359,75.8111876,2018-10-05T08:01:13Z
26.9162359,75.8111876,2018-10-05T08:01:24Z
26.9162610,75.8112638,2018-10-05T08:01:35Z
26.9162610,75.8112638,2018-10-05T08:01:45Z
26.9162610,75.8112638,2018-10-05T08:01:55Z
26.9162713,75.8112944,2018-10-05T08:02:06Z
26.9162713,75.8112944,2018-10-05T08:02:17Z
26.9162875,75.8113199,2018-10-05T08:02:28Z
26.9162875,75.8113199,2018-10-05T08:02:38Z
26.9162875,75.8113199,2018-10-05T08:02:49Z
26.9162875,75.8113199,2018-10-05T08:03:00Z
26.9162875,75.8113199,2018-10-05T08:03:11Z
26.9162875,75.8113199,2018-10-05T08:03:21Z
26.9162875,75.8113199,2018-10-05T08:03:32Z
26.9162875,75.8113199,2018-10-05T08:03:43Z
26.9162875,75.8113199,2018-10-05T08:03:53Z
26.9162875,75.8113199,2018-10-05T08:04:04Z
26.9162875,75.8113199,2018-10-05T08:04:14Z
26.9162875,75.8113199,2018-10-05T08:04:25Z
26.9162875,75.8113199,2018-10-05T08:04:35Z
26.9162875,75.8113199,2018-10-05T08:04:45Z
26.9162875,75.8113199,2018-10-05T08:04:55Z
26.9162875,75.8113199,2018-10-05T08:05:06Z
26.9162875,75.8113199,2018-10-05T08:05:16Z
26.9163152,75.8113695,2018-10-05T08:05:26Z
26.9163564,75.8113852,2018-10-05T08:05:36Z
26.9163740,75.8113522,2018-10-05T08:05:47Z
26.9163448,75.8113632,2018-10-05T08:05:58Z
26.9162707,75.8113972,2018-10-05T08:06:08Z
26.9163506,75.8113302,2018-10-05T08:06:19Z
26.9163506,75.8113302,2018-10-05T08:06:30Z
26.9163146,75.8113305,2018-10-05T08:06:40Z
26.9163087,75.8113349,2018-10-05T08:06:51Z
26.9163124,75.8113506,2018-10-05T08:07:01Z
26.9163310,75.8113471,2018-10-05T08:07:12Z
26.9163218,75.8113130,2018-10-05T08:07:23Z
26.9163218,75.8113130,2018-10-05T08:07:34Z
26.9163288,75.8112980,2018-10-05T08:07:44Z
26.9163235,75.8112945,2018-10-05T08:07:55Z
26.9163379,75.8113566,2018-10-05T08:08:06Z
26.9163200,75.8113886,2018-10-05T08:08:16Z
26.9163050,75.8114223,2018-10-05T08:08:27Z
26.9163050,75.8114223,2018-10-05T08:08:38Z
26.9163284,75.8113642,2018-10-05T08:08:49Z
26.9163590,75.8112770,2018-10-05T08:08:59Z
26.9163595,75.8112840,2018-10-05T08:09:10Z
26.9163465,75.8112904,2018-10-05T08:09:20Z
26.9162915,75.8112703,2018-10-05T08:09:31Z
26.9162915,75.8112703,2018-10-05T08:09:42Z
26.9162915,75.8112703,2018-10-05T08:09:52Z
26.9162717,75.8112375,2018-10-05T08:10:03Z
26.9162717,75.8112375,2018-10-05T08:10:13Z
26.9162717,75.8112375,2018-10-05T08:10:24Z
26.9162717,75.8112375,2018-10-05T08:10:34Z
26.9162717,75.8112375,2018-10-05T08:10:44Z
26.9162717,75.8112375,2018-10-05T08:10:54Z
26.9162717,75.8112375,2018-10-05T08:11:04Z
26.9162619,75.8113022,2018-10-05T08:11:15Z
26.9162265,75.8112643,2018-10-05T08:11:26Z
26.9162265,75.8112643,2018-10-05T08:11:36Z
26.9162265,75.8112643,2018-10-05T08:11:46Z
26.9162265,75.8112643,2018-10-05T08:11:57Z
26.9162265,75.8112643,2018-10-05T08:12:07Z
26.9162265,75.8112643,2018-10-05T08:12:17Z
26.9162265,75.8112643,2018-10-05T08:12:27Z
26.9162579,75.8112426,2018-10-05T08:12:38Z
26.9162688,75.8112514,2018-10-05T08:12:48Z
26.9162695,75.8112506,2018-10-05T08:12:58Z
26.9162757,75.8112226,2018-10-05T08:13:21Z
26.9162704,75.8112491,2018-10-05T08:13:31Z
26.9163191,75.8113560,2018-10-05T08:13:42Z
26.9163014,75.8113499,2018-10-05T08:13:53Z
26.9162687,75.8112950,2018-10-05T08:14:03Z
26.9162794,75.8112947,2018-10-05T08:14:14Z
26.9162794,75.8112947,2018-10-05T08:14:24Z
26.9162180,75.8111738,2018-10-05T08:14:35Z
26.9162181,75.8111729,2018-10-05T08:14:45Z
26.9162084,75.8111897,2018-10-05T08:14:56Z
26.9162084,75.8111897,2018-10-05T08:15:07Z
26.9162084,75.8111897,2018-10-05T08:15:17Z
26.9162094,75.8112166,2018-10-05T08:15:27Z
26.9162065,75.8112419,2018-10-05T08:15:37Z
26.9161858,75.8112951,2018-10-05T08:15:47Z
26.9161918,75.8113496,2018-10-05T08:15:58Z
26.9162757,75.8113416,2018-10-05T08:16:09Z
26.9162825,75.8113333,2018-10-05T08:16:19Z
26.9162825,75.8113333,2018-10-05T08:16:29Z
26.9162825,75.8113333,2018-10-05T08:16:40Z
26.9162825,75.8113333,2018-10-05T08:16:51Z
26.9162825,75.8113333,2018-10-05T08:17:02Z
26.9162825,75.8113333,2018-10-05T08:17:12Z
26.9162825,75.8113333,2018-10-05T08:17:23Z
26.9162825,75.8113333,2018-10-05T08:17:34Z
26.9162825,75.8113333,2018-10-05T08:17:45Z
26.9163200,75.8113573,2018-10-05T08:17:56Z
26.9162708,75.8113084,2018-10-05T08:18:06Z
26.9162861,75.8112992,2018-10-05T08:18:17Z
26.9162861,75.8112992,2018-10-05T08:18:27Z
26.9162861,75.8112992,2018-10-05T08:18:37Z
26.9163256,75.8113073,2018-10-05T08:18:48Z
26.9163559,75.8112729,2018-10-05T08:18:59Z
26.9163554,75.8112792,2018-10-05T08:19:09Z
26.9163649,75.8112923,2018-10-05T08:19:20Z
26.9163646,75.8112596,2018-10-05T08:19:30Z
26.9163646,75.8112596,2018-10-05T08:19:41Z
26.9163646,75.8112596,2018-10-05T08:19:52Z
26.9163344,75.8112757,2018-10-05T08:20:03Z
26.9163421,75.8112797,2018-10-05T08:20:13Z
26.9163133,75.8113252,2018-10-05T08:20:24Z
26.9163029,75.8113280,2018-10-05T08:20:34Z
26.9162654,75.8113539,2018-10-05T08:20:45Z
26.9162528,75.8113472,2018-10-05T08:20:55Z
26.9162574,75.8113477,2018-10-05T08:21:06Z
26.9162840,75.8113455,2018-10-05T08:21:17Z
26.9162840,75.8113455,2018-10-05T08:21:27Z
26.9162840,75.8113455,2018-10-05T08:21:38Z
26.9163375,75.8113007,2018-10-05T08:21:49Z
26.9163375,75.8113007,2018-10-05T08:22:00Z
26.9163068,75.8112890,2018-10-05T08:22:11Z
26.9162548,75.8113445,2018-10-05T08:22:21Z
26.9162548,75.8113445,2018-10-05T08:22:31Z
26.9162492,75.8113635,2018-10-05T08:22:41Z
26.9162473,75.8113872,2018-10-05T08:22:52Z
26.9163029,75.8113653,2018-10-05T08:23:24Z
26.9162985,75.8113626,2018-10-05T08:23:35Z
26.9162985,75.8113626,2018-10-05T08:23:45Z
26.9163027,75.8112414,2018-10-05T08:23:56Z
26.9163279,75.8112739,2018-10-05T08:24:06Z
26.9163279,75.8112739,2018-10-05T08:24:17Z
26.9163704,75.8112619,2018-10-05T08:24:28Z
26.9163915,75.8112343,2018-10-05T08:24:39Z
26.9163901,75.8112577,2018-10-05T08:24:49Z
26.9163981,75.8112639,2018-10-05T08:24:59Z
26.9163966,75.8112697,2018-10-05T08:25:10Z
26.9163730,75.8112942,2018-10-05T08:25:21Z
26.9163730,75.8112942,2018-10-05T08:25:32Z
26.9163730,75.8112942,2018-10-05T08:25:43Z
26.9163730,75.8112942,2018-10-05T08:25:54Z
26.9163730,75.8112942,2018-10-05T08:26:04Z
26.9163730,75.8112942,2018-10-05T08:26:15Z
26.9163730,75.8112942,2018-10-05T08:26:26Z
26.9163730,75.8112942,2018-10-05T08:26:37Z
26.9163730,75.8112942,2018-10-05T08:26:47Z
26.9163730,75.8112942,2018-10-05T08:26:58Z
26.9163730,75.8112942,2018-10-05T08:27:08Z
26.9163730,75.8112942,2018-10-05T08:27:18Z
26.9163730,75.8112942,2018-10-05T08:27:29Z
26.9163150,75.8112763,2018-10-05T08:27:40Z
26.9163086,75.8112773,2018-10-05T08:27:51Z
26.9163086,75.8112773,2018-10-05T08:28:01Z
26.9163589,75.8112583,2018-10-05T08:28:12Z
26.9163979,75.8112513,2018-10-05T08:28:22Z
26.9163979,75.8112513,2018-10-05T08:28:33Z
26.9163979,75.8112513,2018-10-05T08:28:43Z
26.9163979,75.8112513,2018-10-05T08:28:54Z
26.9163418,75.8112814,2018-10-05T08:29:05Z
26.9163418,75.8112814,2018-10-05T08:29:15Z
26.9163418,75.8112814,2018-10-05T08:29:25Z
26.9163639,75.8113642,2018-10-05T08:29:36Z
26.9163639,75.8113642,2018-10-05T08:29:46Z
26.9163565,75.8113854,2018-10-05T08:29:57Z
26.9163737,75.8113630,2018-10-05T08:30:08Z
26.9163737,75.8113630,2018-10-05T08:30:18Z
26.9163737,75.8113630,2018-10-05T08:30:28Z
26.9163533,75.8113814,2018-10-05T08:30:39Z
26.9163591,75.8113788,2018-10-05T08:30:50Z
26.9163591,75.8113788,2018-10-05T08:31:01Z
26.9163367,75.8113747,2018-10-05T08:31:11Z
26.9163290,75.8113482,2018-10-05T08:31:21Z
26.9163210,75.8113404,2018-10-05T08:31:32Z
26.9163210,75.8113404,2018-10-05T08:31:42Z
26.9163073,75.8113237,2018-10-05T08:31:52Z
26.9163073,75.8113237,2018-10-05T08:32:02Z
26.9163073,75.8113237,2018-10-05T08:32:13Z
26.9163073,75.8113237,2018-10-05T08:32:24Z
26.9162912,75.8113291,2018-10-05T08:32:34Z
26.9162799,75.8113290,2018-10-05T08:32:44Z
26.9162799,75.8113290,2018-10-05T08:32:55Z
26.9162799,75.8113290,2018-10-05T08:33:06Z
26.9162799,75.8113290,2018-10-05T08:33:17Z
26.9162799,75.8113290,2018-10-05T08:33:28Z
26.9162799,75.8113290,2018-10-05T08:33:38Z
26.9163113,75.8113347,2018-10-05T08:33:49Z
26.9163113,75.8113347,2018-10-05T08:34:00Z
26.9163113,75.8113347,2018-10-05T08:34:11Z
26.9163445,75.8113017,2018-10-05T08:34:22Z
26.9163455,75.8113201,2018-10-05T08:34:33Z
26.9163603,75.8113259,2018-10-05T08:34:43Z
26.9163739,75.8113146,2018-10-05T08:34:53Z
26.9163739,75.8113146,2018-10-05T08:35:04Z
26.9163739,75.8113146,2018-10-05T08:35:15Z
26.9163587,75.8113086,2018-10-05T08:35:26Z
26.9163587,75.8113086,2018-10-05T08:35:36Z
26.9163141,75.8112704,2018-10-05T08:35:46Z
26.9162916,75.8112492,2018-10-05T08:35:57Z
26.9162916,75.8112492,2018-10-05T08:36:08Z
26.9163037,75.8112566,2018-10-05T08:36:18Z
26.9163171,75.8112685,2018-10-05T08:36:29Z
26.9163216,75.8112845,2018-10-05T08:36:40Z
26.9163071,75.8112900,2018-10-05T08:36:50Z
26.9163045,75.8113171,2018-10-05T08:37:01Z
26.9163045,75.8113171,2018-10-05T08:37:12Z
26.9163045,75.8113171,2018-10-05T08:37:22Z
26.9163045,75.8113171,2018-10-05T08:37:33Z
26.9163045,75.8113171,2018-10-05T08:37:44Z
26.9163045,75.8113171,2018-10-05T08:37:54Z
26.9163045,75.8113171,2018-10-05T08:38:05Z
26.9163135,75.8112527,2018-10-05T08:38:16Z
26.9163135,75.8112527,2018-10-05T08:38:27Z
26.9163276,75.8113051,2018-10-05T08:38:38Z
26.9162772,75.8112120,2018-10-05T08:38:48Z
26.9162570,75.8112513,2018-10-05T08:38:59Z
26.9162410,75.8112922,2018-10-05T08:39:09Z
26.9162410,75.8112922,2018-10-05T08:39:19Z
26.9162984,75.8113311,2018-10-05T08:39:29Z
26.9162978,75.8113296,2018-10-05T08:39:39Z
26.9162978,75.8113296,2018-10-05T08:39:50Z
26.9162978,75.8113296,2018-10-05T08:40:00Z
26.9163146,75.8112743,2018-10-05T08:40:11Z
26.9163297,75.8113115,2018-10-05T08:40:22Z
26.9163261,75.8113143,2018-10-05T08:40:32Z
26.9163261,75.8113143,2018-10-05T08:40:42Z
26.9162852,75.8113363,2018-10-05T08:40:52Z
26.9162858,75.8113226,2018-10-05T08:41:03Z
26.9162858,75.8113226,2018-10-05T08:41:14Z
26.9162858,75.8113226,2018-10-05T08:41:25Z
26.9163188,75.8113529,2018-10-05T08:41:35Z
26.9163257,75.8113227,2018-10-05T08:41:45Z
26.9163257,75.8113227,2018-10-05T08:41:56Z
26.9163257,75.8113227,2018-10-05T08:42:06Z
26.9163257,75.8113227,2018-10-05T08:42:16Z
26.9163186,75.8113068,2018-10-05T08:42:27Z
26.9163028,75.8113150,2018-10-05T08:42:37Z
26.9163028,75.8113150,2018-10-05T08:42:47Z
26.9163028,75.8113150,2018-10-05T08:42:58Z
26.9163028,75.8113150,2018-10-05T08:43:08Z
26.9163028,75.8113150,2018-10-05T08:43:18Z
26.9163026,75.8113368,2018-10-05T08:43:29Z
26.9163336,75.8112920,2018-10-05T08:43:39Z
26.9163679,75.8112743,2018-10-05T08:43:50Z
26.9163499,75.8112390,2018-10-05T08:44:00Z
26.9163380,75.8112392,2018-10-05T08:44:10Z
26.9163380,75.8112392,2018-10-05T08:44:21Z
26.9163380,75.8112392,2018-10-05T08:44:31Z
26.9163398,75.8112691,2018-10-05T08:44:41Z
26.9163317,75.8113028,2018-10-05T08:44:52Z
26.9163387,75.8112707,2018-10-05T08:45:02Z
26.9163397,75.8112526,2018-10-05T08:45:12Z
26.9163397,75.8112526,2018-10-05T08:45:22Z
26.9163364,75.8112812,2018-10-05T08:45:33Z
26.9163319,75.8112882,2018-10-05T08:45:44Z
26.9163319,75.8112882,2018-10-05T08:45:55Z
26.9163286,75.8113141,2018-10-05T08:46:06Z
26.9163286,75.8113141,2018-10-05T08:46:17Z
26.9163447,75.8113078,2018-10-05T08:46:27Z
26.9163475,75.8113077,2018-10-05T08:46:38Z
26.9163475,75.8113077,2018-10-05T08:46:48Z
26.9163475,75.8113077,2018-10-05T08:46:58Z
26.9163475,75.8113077,2018-10-05T08:47:08Z
26.9163475,75.8113077,2018-10-05T08:47:19Z
26.9163581,75.8112806,2018-10-05T08:47:29Z
26.9163581,75.8112806,2018-10-05T08:47:39Z
26.9163581,75.8112806,2018-10-05T08:47:49Z
26.9163581,75.8112806,2018-10-05T08:47:59Z
26.9163581,75.8112806,2018-10-05T08:48:10Z
26.9163581,75.8112806,2018-10-05T08:48:21Z
26.9163581,75.8112806,2018-10-05T08:48:31Z
26.9163581,75.8112806,2018-10-05T08:48:42Z
26.9163572,75.8112518,2018-10-05T08:48:52Z
26.9163588,75.8112450,2018-10-05T08:49:03Z
26.9163429,75.8112956,2018-10-05T08:49:13Z
26.9163434,75.8112930,2018-10-05T08:49:24Z
26.9163595,75.8112541,2018-10-05T08:49:34Z
26.9163595,75.8112541,2018-10-05T08:49:45Z
26.9163489,75.8112639,2018-10-05T08:49:55Z
26.9163132,75.8113127,2018-10-05T08:50:05Z
26.9162948,75.8112900,2018-10-05T08:50:16Z
26.9162948,75.8112900,2018-10-05T08:50:26Z
26.9162837,75.8112898,2018-10-05T08:50:37Z
26.9162968,75.8112970,2018-10-05T08:50:48Z
26.9163081,75.8113127,2018-10-05T08:50:58Z
26.9163081,75.8113127,2018-10-05T08:51:09Z
26.9163081,75.8113127,2018-10-05T08:51:20Z
26.9162972,75.8113527,2018-10-05T08:51:31Z
26.9163189,75.8113684,2018-10-05T08:51:41Z
26.9163393,75.8113463,2018-10-05T08:51:51Z
26.9163393,75.8113463,2018-10-05T08:52:01Z
26.9163558,75.8113327,2018-10-05T08:52:12Z
26.9163636,75.8113203,2018-10-05T08:52:23Z
26.9163636,75.8113203,2018-10-05T08:52:34Z
26.9163636,75.8113203,2018-10-05T08:52:44Z
26.9163535,75.8113239,2018-10-05T08:52:55Z
26.9163537,75.8113336,2018-10-05T08:53:05Z
26.9163537,75.8113336,2018-10-05T08:53:16Z
26.9163964,75.8114001,2018-10-05T08:53:26Z
26.9163869,75.8113830,2018-10-05T08:53:37Z
26.9163402,75.8113922,2018-10-05T08:53:48Z
26.9163395,75.8113918,2018-10-05T08:53:59Z
26.9163191,75.8113751,2018-10-05T08:54:09Z
26.9163191,75.8113751,2018-10-05T08:54:19Z
26.9163467,75.8113277,2018-10-05T08:54:29Z
26.9163545,75.8113642,2018-10-05T08:54:40Z
26.9163780,75.8114567,2018-10-05T08:54:50Z
26.9164254,75.8115594,2018-10-05T08:55:01Z
26.9164752,75.8116876,2018-10-05T08:55:12Z
26.9164919,75.8117680,2018-10-05T08:55:23Z
26.9164919,75.8117680,2018-10-05T08:55:33Z
26.9165050,75.8117885,2018-10-05T08:55:43Z
26.9165554,75.8118801,2018-10-05T08:55:54Z
26.9165732,75.8119310,2018-10-05T08:56:04Z
26.9166068,75.8120346,2018-10-05T08:56:14Z
26.9166484,75.8120947,2018-10-05T08:56:24Z
26.9166687,75.8121540,2018-10-05T08:56:35Z
26.9166796,75.8122802,2018-10-05T08:56:45Z
26.9166701,75.8124167,2018-10-05T08:56:56Z
26.9166615,75.8125422,2018-10-05T08:57:07Z
26.9166505,75.8126298,2018-10-05T08:57:18Z
26.9166280,75.8127582,2018-10-05T08:57:29Z
26.9166220,75.8128816,2018-10-05T08:57:39Z
26.9166133,75.8129971,2018-10-05T08:57:50Z
26.9166242,75.8130951,2018-10-05T08:58:00Z
26.9166365,75.8131327,2018-10-05T08:58:10Z
26.9166405,75.8130765,2018-10-05T08:58:21Z
26.9164697,75.8128981,2018-10-05T08:58:53Z
26.9163994,75.8128429,2018-10-05T08:59:04Z
26.9166244,75.8128221,2018-10-05T08:59:14Z
26.9168459,75.8129722,2018-10-05T08:59:25Z
26.9167151,75.8132625,2018-10-05T09:02:47Z
26.9166681,75.8133567,2018-10-05T09:02:58Z
26.9166661,75.8134619,2018-10-05T09:03:08Z
26.9166495,75.8135515,2018-10-05T09:03:18Z
26.9166613,75.8136720,2018-10-05T09:03:29Z
26.9166697,75.8136832,2018-10-05T09:03:39Z
26.9167169,75.8137648,2018-10-05T09:03:49Z
26.9167847,75.8137808,2018-10-05T09:03:59Z
26.9168780,75.8137135,2018-10-05T09:04:10Z
26.9169885,75.8137111,2018-10-05T09:04:21Z
26.9171062,75.8136637,2018-10-05T09:04:32Z
26.9172530,75.8136721,2018-10-05T09:04:43Z
26.9173897,75.8136604,2018-10-05T09:04:54Z
26.9175144,75.8136726,2018-10-05T09:05:05Z
26.9176854,75.8136338,2018-10-05T09:05:16Z
26.9178104,75.8135978,2018-10-05T09:05:27Z
26.9178775,75.8135794,2018-10-05T09:05:38Z
26.9179290,75.8135068,2018-10-05T09:05:48Z
26.9179704,75.8134191,2018-10-05T09:05:58Z
26.9179689,75.8133908,2018-10-05T09:06:09Z
26.9179689,75.8133908,2018-10-05T09:06:19Z
26.9179761,75.8134008,2018-10-05T09:06:29Z
26.9179935,75.8133141,2018-10-05T09:06:40Z
26.9180435,75.8132031,2018-10-05T09:06:51Z
26.9180984,75.8130956,2018-10-05T09:07:01Z
26.9180726,75.8129743,2018-10-05T09:07:12Z
26.9180931,75.8128525,2018-10-05T09:07:22Z
26.9181392,75.8127614,2018-10-05T09:07:33Z
26.9181442,75.8126518,2018-10-05T09:07:44Z
26.9181743,75.8125056,2018-10-05T09:07:55Z
26.9182244,75.8123748,2018-10-05T09:08:05Z
26.9182424,75.8121979,2018-10-05T09:08:16Z
26.9182781,75.8120890,2018-10-05T09:08:26Z
26.9183190,75.8119806,2018-10-05T09:08:37Z
26.9184016,75.8119636,2018-10-05T09:08:47Z
26.9185278,75.8119882,2018-10-05T09:08:58Z
26.9186242,75.8120465,2018-10-05T09:09:09Z
26.9186532,75.8120593,2018-10-05T09:09:20Z
26.9186532,75.8120593,2018-10-05T09:09:31Z
26.9186427,75.8121477,2018-10-05T09:09:41Z
26.9186133,75.8122822,2018-10-05T09:09:51Z
26.9186060,75.8123959,2018-10-05T09:10:01Z
26.9185886,75.8125186,2018-10-05T09:10:11Z
26.9185958,75.8126289,2018-10-05T09:10:22Z
26.9185809,75.8127616,2018-10-05T09:10:33Z
26.9185190,75.8128780,2018-10-05T09:10:44Z
26.9184824,75.8129909,2018-10-05T09:10:55Z
26.9184542,75.8131206,2018-10-05T09:11:06Z
26.9184452,75.8132405,2018-10-05T09:11:16Z
26.9184208,75.8133292,2018-10-05T09:11:26Z
26.9184470,75.8133855,2018-10-05T09:11:36Z
26.9185204,75.8134138,2018-10-05T09:11:47Z
26.9185231,75.8134142,2018-10-05T09:11:58Z
26.9185231,75.8134142,2018-10-05T09:12:09Z
26.9185231,75.8134142,2018-10-05T09:12:19Z
26.9185231,75.8134142,2018-10-05T09:12:30Z
26.9185452,75.8133392,2018-10-05T09:12:41Z
26.9185510,75.8132098,2018-10-05T09:12:51Z
26.9186066,75.8130695,2018-10-05T09:13:01Z
26.9186351,75.8129382,2018-10-05T09:13:12Z
26.9186531,75.8128333,2018-10-05T09:13:22Z
26.9186896,75.8126964,2018-10-05T09:13:33Z
26.9187168,75.8125780,2018-10-05T09:13:44Z
26.9187435,75.8124519,2018-10-05T09:13:55Z
26.9187694,75.8122967,2018-10-05T09:14:06Z
26.9187982,75.8121658,2018-10-05T09:14:16Z
26.9188044,75.8120567,2018-10-05T09:14:26Z
26.9188039,75.8120641,2018-10-05T09:14:36Z
26.9188700,75.8120311,2018-10-05T09:14:47Z
26.9188700,75.8120311,2018-10-05T09:14:58Z
26.9188824,75.8120448,2018-10-05T09:15:09Z
26.9188824,75.8120448,2018-10-05T09:15:19Z
26.9188824,75.8120448,2018-10-05T09:15:29Z
26.9188824,75.8120448,2018-10-05T09:15:39Z
26.9188883,75.8120427,2018-10-05T09:15:50Z
26.9188885,75.8120424,2018-10-05T09:16:00Z
26.9188885,75.8120424,2018-10-05T09:16:10Z
26.9188885,75.8120424,2018-10-05T09:16:21Z
26.9188872,75.8120388,2018-10-05T09:16:32Z
26.9188870,75.8120388,2018-10-05T09:16:43Z
26.9188970,75.8120491,2018-10-05T09:16:54Z
26.9188907,75.8120188,2018-10-05T09:17:05Z
26.9189072,75.8119156,2018-10-05T09:17:15Z
26.9189083,75.8117896,2018-10-05T09:17:26Z
26.9189116,75.8116473,2018-10-05T09:17:37Z
26.9189463,75.8115684,2018-10-05T09:17:47Z
26.9189700,75.8114679,2018-10-05T09:17:58Z
26.9189936,75.8113358,2018-10-05T09:18:08Z
26.9190189,75.8112198,2018-10-05T09:18:18Z
26.9190381,75.8110963,2018-10-05T09:18:29Z
26.9190561,75.8109867,2018-10-05T09:18:39Z
26.9190904,75.8108298,2018-10-05T09:18:49Z
26.9191172,75.8107018,2018-10-05T09:18:59Z
26.9191382,75.8106034,2018-10-05T09:19:09Z
26.9191706,75.8104993,2018-10-05T09:19:20Z
26.9191937,75.8103873,2018-10-05T09:19:30Z
26.9192143,75.8102680,2018-10-05T09:19:41Z
26.9192593,75.8101382,2018-10-05T09:19:52Z
26.9193411,75.8100659,2018-10-05T09:20:03Z
26.9194223,75.8099926,2018-10-05T09:20:14Z
26.9194650,75.8098912,2018-10-05T09:20:25Z
26.9195471,75.8097826,2018-10-05T09:20:36Z
26.9196071,75.8096996,2018-10-05T09:20:46Z
26.9196838,75.8096071,2018-10-05T09:20:56Z
26.9197474,75.8095021,2018-10-05T09:21:07Z
26.9198708,75.8094494,2018-10-05T09:21:18Z
26.9199502,75.8093658,2018-10-05T09:21:29Z
26.9200562,75.8092648,2018-10-05T09:21:39Z
26.9201425,75.8091831,2018-10-05T09:21:50Z
26.9202322,75.8090897,2018-10-05T09:22:01Z
26.9203193,75.8090011,2018-10-05T09:22:12Z
26.9203891,75.8089016,2018-10-05T09:22:22Z
26.9204236,75.8087782,2018-10-05T09:22:32Z
26.9204362,75.8086384,2018-10-05T09:22:43Z
26.9204861,75.8085141,2018-10-05T09:22:54Z
26.9205053,75.8084473,2018-10-05T09:23:04Z
26.9205089,75.8084344,2018-10-05T09:23:15Z
26.9205089,75.8084344,2018-10-05T09:23:26Z
26.9205089,75.8084344,2018-10-05T09:23:37Z
26.9205089,75.8084344,2018-10-05T09:23:47Z
26.9205089,75.8084344,2018-10-05T09:23:58Z
26.9205089,75.8084344,2018-10-05T09:24:08Z
26.9205089,75.8084344,2018-10-05T09:24:18Z
26.9205188,75.8084472,2018-10-05T09:24:29Z
26.9205194,75.8084541,2018-10-05T09:24:39Z
26.9205206,75.8084583,2018-10-05T09:24:49Z
26.9205206,75.8084583,2018-10-05T09:25:00Z
26.9205126,75.8084642,2018-10-05T09:25:11Z
26.9205126,75.8084642,2018-10-05T09:25:21Z
26.9205436,75.8084700,2018-10-05T09:25:31Z
26.9205576,75.8083583,2018-10-05T09:25:42Z
26.9205089,75.8082265,2018-10-05T09:25:53Z
26.9205422,75.8080909,2018-10-05T09:26:04Z
26.9205939,75.8080152,2018-10-05T09:26:15Z
26.9205671,75.8079367,2018-10-05T09:26:25Z
26.9206408,75.8078675,2018-10-05T09:26:35Z
26.9206364,75.8078051,2018-10-05T09:26:45Z
26.9206481,75.8077843,2018-10-05T09:26:56Z
26.9206774,75.8078072,2018-10-05T09:27:06Z
26.9207042,75.8078172,2018-10-05T09:27:17Z
26.9207164,75.8077759,2018-10-05T09:27:28Z
26.9207196,75.8077746,2018-10-05T09:27:39Z
26.9206728,75.8077056,2018-10-05T09:27:49Z
26.9206574,75.8076759,2018-10-05T09:28:00Z
26.9206687,75.8077246,2018-10-05T09:28:10Z
26.9207466,75.8077823,2018-10-05T09:28:21Z
26.9208417,75.8077433,2018-10-05T09:28:32Z
26.9208955,75.8076144,2018-10-05T09:28:42Z
26.9209340,75.8075036,2018-10-05T09:28:52Z
26.9209634,75.8073642,2018-10-05T09:29:03Z
26.9209716,75.8072287,2018-10-05T09:29:14Z
26.9210073,75.8070950,2018-10-05T09:29:25Z
26.9209258,75.8070158,2018-10-05T09:29:35Z
26.9208351,75.8069838,2018-10-05T09:29:45Z
26.9207474,75.8069090,2018-10-05T09:29:56Z
26.9206413,75.8068630,2018-10-05T09:30:07Z
26.9205459,75.8067941,2018-10-05T09:30:17Z
26.9205025,75.8067390,2018-10-05T09:30:27Z
26.9205013,75.8067844,2018-10-05T09:30:37Z
26.9205177,75.8068154,2018-10-05T09:30:48Z
26.9205177,75.8068154,2018-10-05T09:30:59Z
26.9204988,75.8068483,2018-10-05T09:31:09Z
26.9205186,75.8068590,2018-10-05T09:31:20Z
26.9205279,75.8068566,2018-10-05T09:31:30Z
26.9204879,75.8069048,2018-10-05T09:31:40Z
26.9204084,75.8068253,2018-10-05T09:31:50Z
26.9202978,75.8067532,2018-10-05T09:32:01Z
26.9201272,75.8066774,2018-10-05T09:32:12Z
26.9200085,75.8065562,2018-10-05T09:32:22Z
26.9198877,75.8065365,2018-10-05T09:32:32Z
26.9197625,75.8064573,2018-10-05T09:32:42Z
26.9196940,75.8064410,2018-10-05T09:32:53Z
26.9195620,75.8064195,2018-10-05T09:33:04Z
26.9194531,75.8063787,2018-10-05T09:33:14Z
26.9193655,75.8063281,2018-10-05T09:33:24Z
26.9192522,75.8062741,2018-10-05T09:33:34Z
26.9191645,75.8062402,2018-10-05T09:33:44Z
26.9190463,75.8062130,2018-10-05T09:33:54Z
26.9189127,75.8061753,2018-10-05T09:34:05Z
26.9188381,75.8062758,2018-10-05T09:34:15Z
26.9187910,75.8063545,2018-10-05T09:34:25Z
26.9187500,75.8064935,2018-10-05T09:34:35Z
26.9187362,75.8066555,2018-10-05T09:34:46Z
26.9186918,75.8068121,2018-10-05T09:34:57Z
26.9186616,75.8069674,2018-10-05T09:35:09Z
26.9186360,75.8071082,2018-10-05T09:35:19Z
26.9186291,75.8072429,2018-10-05T09:35:30Z
26.9185937,75.8073641,2018-10-05T09:35:40Z
26.9185930,75.8075046,2018-10-05T09:35:50Z
26.9185807,75.8076951,2018-10-05T09:36:01Z
26.9185560,75.8078287,2018-10-05T09:36:11Z
26.9184636,75.8078678,2018-10-05T09:36:22Z
26.9182864,75.8078330,2018-10-05T09:36:33Z
26.9181650,75.8077828,2018-10-05T09:36:44Z
26.9180916,75.8077554,2018-10-05T09:36:54Z
26.9179724,75.8076999,2018-10-05T09:37:05Z
26.9178475,75.8076595,2018-10-05T09:37:15Z
26.9177201,75.8076134,2018-10-05T09:37:26Z
26.9175963,75.8076205,2018-10-05T09:37:36Z
26.9175422,75.8075821,2018-10-05T09:37:46Z
26.9175444,75.8075570,2018-10-05T09:37:56Z
26.9174898,75.8075916,2018-10-05T09:38:07Z
26.9174869,75.8076312,2018-10-05T09:38:18Z
26.9174869,75.8076312,2018-10-05T09:38:29Z
26.9174801,75.8076287,2018-10-05T09:38:40Z
26.9174584,75.8076191,2018-10-05T09:38:50Z
26.9174500,75.8075969,2018-10-05T09:39:01Z
26.9174731,75.8076036,2018-10-05T09:39:12Z
26.9174731,75.8076036,2018-10-05T09:39:22Z
26.9174731,75.8076036,2018-10-05T09:39:32Z
26.9174731,75.8076036,2018-10-05T09:39:43Z
26.9174731,75.8076036,2018-10-05T09:39:53Z
26.9174731,75.8076036,2018-10-05T09:40:03Z
26.9174731,75.8076036,2018-10-05T09:40:14Z
26.9174731,75.8076036,2018-10-05T09:40:24Z
26.9174731,75.8076036,2018-10-05T09:40:34Z
26.9174731,75.8076036,2018-10-05T09:40:45Z
26.9174731,75.8076036,2018-10-05T09:40:56Z
26.9174731,75.8076036,2018-10-05T09:41:06Z
26.9174731,75.8076036,2018-10-05T09:41:17Z
26.9174731,75.8076036,2018-10-05T09:41:28Z
26.9174731,75.8076036,2018-10-05T09:41:38Z
26.9174731,75.8076036,2018-10-05T09:41:48Z
26.9174731,75.8076036,2018-10-05T09:41:59Z
26.9174731,75.8076036,2018-10-05T09:42:10Z
26.9174731,75.8076036,2018-10-05T09:42:20Z
26.9174615,75.8076024,2018-10-05T09:42:30Z
26.9174615,75.8076024,2018-10-05T09:42:41Z
26.9174615,75.8076024,2018-10-05T09:42:51Z
26.9174615,75.8076024,2018-10-05T09:43:02Z
26.9174615,75.8076024,2018-10-05T09:43:12Z
26.9174615,75.8076024,2018-10-05T09:43:23Z
26.9174615,75.8076024,2018-10-05T09:43:34Z
26.9174615,75.8076024,2018-10-05T09:43:45Z
26.9174498,75.8075993,2018-10-05T09:43:56Z
26.9174424,75.8075987,2018-10-05T09:44:06Z
26.9174424,75.8075987,2018-10-05T09:44:17Z
26.9174424,75.8075987,2018-10-05T09:44:27Z
26.9174424,75.8075987,2018-10-05T09:44:38Z
26.9174424,75.8075987,2018-10-05T09:44:49Z
26.9174424,75.8075987,2018-10-05T09:44:59Z
26.9174424,75.8075987,2018-10-05T09:45:10Z
26.9174424,75.8075987,2018-10-05T09:45:20Z
26.9174424,75.8075987,2018-10-05T09:45:31Z
26.9174424,75.8075987,2018-10-05T09:45:41Z
26.9174424,75.8075987,2018-10-05T09:45:52Z
26.9174424,75.8075987,2018-10-05T09:46:02Z
26.9174424,75.8075987,2018-10-05T09:46:13Z
26.9174424,75.8075987,2018-10-05T09:46:23Z
26.9174424,75.8075987,2018-10-05T09:46:34Z
26.9174424,75.8075987,2018-10-05T09:46:44Z
26.9174424,75.8075987,2018-10-05T09:46:55Z
26.9174424,75.8075987,2018-10-05T09:47:06Z
26.9174424,75.8075987,2018-10-05T09:47:16Z
26.9174424,75.8075987,2018-10-05T09:47:26Z
26.9174424,75.8075987,2018-10-05T09:47:37Z
26.9174424,75.8075987,2018-10-05T09:47:47Z
26.9174424,75.8075987,2018-10-05T09:47:57Z
26.9174424,75.8075987,2018-10-05T09:48:08Z
26.9174424,75.8075987,2018-10-05T09:48:18Z
26.9174424,75.8075987,2018-10-05T09:48:28Z
26.9174424,75.8075987,2018-10-05T09:48:38Z
26.9174424,75.8075987,2018-10-05T09:48:49Z
26.9174424,75.8075987,2018-10-05T09:48:59Z
26.9174435,75.8076067,2018-10-05T09:49:10Z
26.9174729,75.8076256,2018-10-05T09:49:22Z
26.9174729,75.8076256,2018-10-05T09:49:33Z
26.9174820,75.8076372,2018-10-05T09:49:44Z
26.9174297,75.8076261,2018-10-04T06:39:55Z
26.9174533,75.8076511,2018-10-04T06:40:06Z
26.9174348,75.8077087,2018-10-04T06:40:17Z
26.9174348,75.8077087,2018-10-04T06:40:27Z
26.9174348,75.8077087,2018-10-04T06:40:37Z
26.9174348,75.8077087,2018-10-04T06:40:48Z
26.9174306,75.8077006,2018-10-04T06:40:59Z
26.9174275,75.8077024,2018-10-04T06:41:09Z
26.9174261,75.8077018,2018-10-04T06:41:19Z
26.9174495,75.8076874,2018-10-04T06:41:30Z
26.9174463,75.8076885,2018-10-04T06:41:40Z
26.9174489,75.8076939,2018-10-04T06:41:50Z
26.9174565,75.8076693,2018-10-04T06:42:00Z
26.9174708,75.8076491,2018-10-04T06:42:10Z
26.9174452,75.8076508,2018-10-04T06:42:20Z
26.9174437,75.8076508,2018-10-04T06:42:31Z
26.9174245,75.8076730,2018-10-04T06:42:41Z
26.9174245,75.8076730,2018-10-04T06:42:52Z
26.9173986,75.8076737,2018-10-04T06:43:02Z
26.9174369,75.8076586,2018-10-04T06:43:13Z
26.9174369,75.8076586,2018-10-04T06:43:24Z
26.9174690,75.8076066,2018-10-04T06:43:35Z
26.9175255,75.8075694,2018-10-04T06:43:45Z
26.9175319,75.8075996,2018-10-04T06:43:56Z
26.9175691,75.8075898,2018-10-04T06:44:06Z
26.9176244,75.8076156,2018-10-04T06:44:16Z
26.9177400,75.8076445,2018-10-04T06:44:27Z
26.9178597,75.8076735,2018-10-04T06:44:37Z
26.9179831,75.8077236,2018-10-04T06:44:48Z
26.9180778,75.8077457,2018-10-04T06:44:58Z
26.9181982,75.8077864,2018-10-04T06:45:09Z
26.9183562,75.8078353,2018-10-04T06:45:19Z
26.9184742,75.8079065,2018-10-04T06:45:30Z
26.9184871,75.8080389,2018-10-04T06:45:40Z
26.9185239,75.8081366,2018-10-04T06:45:50Z
26.9185134,75.8082872,2018-10-04T06:46:01Z
26.9184859,75.8084407,2018-10-04T06:46:12Z
26.9184686,75.8086002,2018-10-04T06:46:22Z
26.9184390,75.8087688,2018-10-04T06:46:33Z
26.9184149,75.8089062,2018-10-04T06:46:43Z
26.9183860,75.8090548,2018-10-04T06:46:53Z
26.9183519,75.8091903,2018-10-04T06:47:04Z
26.9182819,75.8093089,2018-10-04T06:47:14Z
26.9182531,75.8094497,2018-10-04T06:47:25Z
26.9182421,75.8095956,2018-10-04T06:47:35Z
26.9182100,75.8097215,2018-10-04T06:47:45Z
26.9182136,75.8098704,2018-10-04T06:47:56Z
26.9181584,75.8099148,2018-10-04T06:48:07Z
26.9181496,75.8099160,2018-10-04T06:48:17Z
26.9182219,75.8099461,2018-10-04T06:48:27Z
26.9183646,75.8099758,2018-10-04T06:48:38Z
26.9185114,75.8100149,2018-10-04T06:48:49Z
26.9186138,75.8100561,2018-10-04T06:49:00Z
26.9187324,75.8100930,2018-10-04T06:49:10Z
26.9188367,75.8101555,2018-10-04T06:49:21Z
26.9189347,75.8102023,2018-10-04T06:49:31Z
26.9190538,75.8103275,2018-10-04T06:49:42Z
26.9191504,75.8104199,2018-10-04T06:49:52Z
26.9191917,75.8105391,2018-10-04T06:50:03Z
26.9191775,75.8106334,2018-10-04T06:50:13Z
26.9191520,75.8107786,2018-10-04T06:50:24Z
26.9191245,75.8109027,2018-10-04T06:50:34Z
26.9191252,75.8110069,2018-10-04T06:50:45Z
26.9191127,75.8111241,2018-10-04T06:50:55Z
26.9191178,75.8112589,2018-10-04T06:51:06Z
26.9190922,75.8113879,2018-10-04T06:51:16Z
26.9190678,75.8115151,2018-10-04T06:51:27Z
26.9190262,75.8116744,2018-10-04T06:51:38Z
26.9190186,75.8117805,2018-10-04T06:51:48Z
26.9189803,75.8118991,2018-10-04T06:51:58Z
26.9189555,75.8119554,2018-10-04T06:52:09Z
26.9189728,75.8120109,2018-10-04T06:52:20Z
26.9190275,75.8120471,2018-10-04T06:52:31Z
26.9191036,75.8121274,2018-10-04T06:52:41Z
26.9192173,75.8121610,2018-10-04T06:52:52Z
26.9193328,75.8121928,2018-10-04T06:53:03Z
26.9194343,75.8122144,2018-10-04T06:53:13Z
26.9195667,75.8122357,2018-10-04T06:53:23Z
26.9196756,75.8122548,2018-10-04T06:53:34Z
26.9197741,75.8122736,2018-10-04T06:53:44Z
26.9198565,75.8123132,2018-10-04T06:53:55Z
26.9199260,75.8123213,2018-10-04T06:54:06Z
26.9200830,75.8123823,2018-10-04T06:54:16Z
26.9201835,75.8124053,2018-10-04T06:54:27Z
26.9202766,75.8124473,2018-10-04T06:54:38Z
26.9203372,75.8124691,2018-10-04T06:54:49Z
26.9204452,75.8125001,2018-10-04T06:55:00Z
26.9205613,75.8125350,2018-10-04T06:55:10Z
26.9206605,75.8125528,2018-10-04T06:55:21Z
26.9207830,75.8125583,2018-10-04T06:55:32Z
26.9208415,75.8125295,2018-10-04T06:55:43Z
26.9208633,75.8125310,2018-10-04T06:55:54Z
26.9208633,75.8125310,2018-10-04T06:56:04Z
26.9208571,75.8125329,2018-10-04T06:56:15Z
26.9208290,75.8125427,2018-10-04T06:56:25Z
26.9207904,75.8126101,2018-10-04T06:56:35Z
26.9207554,75.8127495,2018-10-04T06:56:46Z
26.9207212,75.8128623,2018-10-04T06:56:56Z
26.9207385,75.8130240,2018-10-04T06:57:07Z
26.9207426,75.8131128,2018-10-04T06:57:18Z
26.9207076,75.8131992,2018-10-04T06:57:28Z
26.9206787,75.8133720,2018-10-04T06:57:39Z
26.9206564,75.8134731,2018-10-04T06:57:49Z
26.9206264,75.8135042,2018-10-04T06:58:00Z
26.9205909,75.8136456,2018-10-04T06:58:11Z
26.9206002,75.8137639,2018-10-04T06:58:22Z
26.9205862,75.8138896,2018-10-04T06:58:33Z
26.9205686,75.8140355,2018-10-04T06:58:44Z
26.9205486,75.8141647,2018-10-04T06:58:55Z
26.9205138,75.8142812,2018-10-04T06:59:05Z
26.9205175,75.8144095,2018-10-04T06:59:15Z
26.9204427,75.8145390,2018-10-04T06:59:26Z
26.9204223,75.8145860,2018-10-04T06:59:36Z
26.9205463,75.8148951,2018-10-04T07:00:04Z
26.9204408,75.8150756,2018-10-04T07:00:14Z
26.9203469,75.8151854,2018-10-04T07:00:25Z
26.9203263,75.8152214,2018-10-04T07:00:35Z
26.9202955,75.8153670,2018-10-04T07:00:46Z
26.9202546,75.8155112,2018-10-04T07:00:57Z
26.9202378,75.8156488,2018-10-04T07:01:07Z
26.9202818,75.8157071,2018-10-04T07:01:18Z
26.9203843,75.8157402,2018-10-04T07:01:29Z
26.9205097,75.8157753,2018-10-04T07:01:40Z
26.9206327,75.8157897,2018-10-04T07:01:51Z
26.9207243,75.8158378,2018-10-04T07:02:01Z
26.9208573,75.8158674,2018-10-04T07:02:12Z
26.9209643,75.8159044,2018-10-04T07:02:23Z
26.9210915,75.8159474,2018-10-04T07:02:34Z
26.9212128,75.8159547,2018-10-04T07:02:45Z
26.9213249,75.8159946,2018-10-04T07:02:56Z
26.9214339,75.8160137,2018-10-04T07:03:07Z
26.9215208,75.8160381,2018-10-04T07:03:18Z
26.9215923,75.8160547,2018-10-04T07:03:29Z
26.9217062,75.8160803,2018-10-04T07:03:39Z
26.9217975,75.8161145,2018-10-04T07:03:49Z
26.9218863,75.8161338,2018-10-04T07:03:59Z
26.9220412,75.8161963,2018-10-04T07:04:10Z
26.9221609,75.8162184,2018-10-04T07:04:20Z
26.9222211,75.8162803,2018-10-04T07:04:30Z
26.9222002,75.8163217,2018-10-04T07:04:40Z
26.9222286,75.8163374,2018-10-04T07:04:51Z
26.9223706,75.8163195,2018-10-04T07:05:01Z
26.9224363,75.8163110,2018-10-04T07:05:11Z
26.9224338,75.8163742,2018-10-04T07:05:22Z
26.9224889,75.8163971,2018-10-04T07:05:32Z
26.9226347,75.8164037,2018-10-04T07:05:42Z
26.9227420,75.8164117,2018-10-04T07:05:53Z
26.9228766,75.8164009,2018-10-04T07:06:04Z
26.9229928,75.8164187,2018-10-04T07:06:14Z
26.9231104,75.8164492,2018-10-04T07:06:25Z
26.9232233,75.8164771,2018-10-04T07:06:36Z
26.9233614,75.8165065,2018-10-04T07:06:47Z
26.9234466,75.8165524,2018-10-04T07:06:57Z
26.9234406,75.8165962,2018-10-04T07:07:08Z
26.9234399,75.8166950,2018-10-04T07:07:18Z
26.9234084,75.8167634,2018-10-04T07:07:29Z
26.9234084,75.8167634,2018-10-04T07:07:39Z
26.9233939,75.8168614,2018-10-04T07:07:50Z
26.9233827,75.8169830,2018-10-04T07:08:01Z
26.9233696,75.8171000,2018-10-04T07:08:11Z
26.9233805,75.8172023,2018-10-04T07:08:21Z
26.9233607,75.8172601,2018-10-04T07:08:31Z
26.9233363,75.8173307,2018-10-04T07:08:42Z
26.9233363,75.8173307,2018-10-04T07:08:52Z
26.9233363,75.8173307,2018-10-04T07:09:03Z
26.9233559,75.8173544,2018-10-04T07:09:14Z
26.9233248,75.8173898,2018-10-04T07:09:25Z
26.9232907,75.8174018,2018-10-04T07:09:35Z
26.9232824,75.8175027,2018-10-04T07:09:45Z
26.9232673,75.8176387,2018-10-04T07:09:56Z
26.9232612,75.8177367,2018-10-04T07:10:06Z
26.9233104,75.8178040,2018-10-04T07:10:17Z
26.9233702,75.8178597,2018-10-04T07:10:27Z
26.9234214,75.8179114,2018-10-04T07:10:38Z
26.9234116,75.8179404,2018-10-04T07:10:48Z
26.9233934,75.8179338,2018-10-04T07:10:59Z
26.9233934,75.8179338,2018-10-04T07:11:10Z
26.9234269,75.8179401,2018-10-04T07:11:21Z
26.9235197,75.8179847,2018-10-04T07:11:32Z
26.9236401,75.8181208,2018-10-04T07:11:43Z
26.9237656,75.8181572,2018-10-04T07:11:53Z
26.9238843,75.8181782,2018-10-04T07:12:04Z
26.9239700,75.8182176,2018-10-04T07:12:14Z
26.9240701,75.8182254,2018-10-04T07:12:25Z
26.9241908,75.8182326,2018-10-04T07:12:36Z
26.9243153,75.8182381,2018-10-04T07:12:47Z
26.9243608,75.8182239,2018-10-04T07:12:58Z
26.9244141,75.8182424,2018-10-04T07:13:09Z
26.9244125,75.8182404,2018-10-04T07:13:19Z
26.9244626,75.8182863,2018-10-04T07:13:29Z
26.9244993,75.8183898,2018-10-04T07:13:40Z
26.9245227,75.8184673,2018-10-04T07:13:51Z
26.9245227,75.8184673,2018-10-04T07:14:02Z
26.9245802,75.8185389,2018-10-04T07:14:12Z
26.9246299,75.8186170,2018-10-04T07:14:23Z
26.9246787,75.8186793,2018-10-04T07:14:33Z
26.9246957,75.8186828,2018-10-04T07:14:43Z
26.9246946,75.8187248,2018-10-04T07:14:54Z
26.9246744,75.8187907,2018-10-04T07:15:04Z
26.9246370,75.8188468,2018-10-04T07:15:15Z
26.9246061,75.8189112,2018-10-04T07:15:26Z
26.9245976,75.8189687,2018-10-04T07:15:36Z
26.9245336,75.8190032,2018-10-04T07:15:47Z
26.9245286,75.8190542,2018-10-04T07:15:58Z
26.9245220,75.8191215,2018-10-04T07:16:08Z
26.9244687,75.8192215,2018-10-04T07:16:18Z
26.9244426,75.8193600,2018-10-04T07:16:29Z
26.9244252,75.8194591,2018-10-04T07:16:39Z
26.9244000,75.8195696,2018-10-04T07:16:50Z
26.9243844,75.8196640,2018-10-04T07:17:01Z
26.9243804,75.8197581,2018-10-04T07:17:11Z
26.9243696,75.8198473,2018-10-04T07:17:21Z
26.9243711,75.8199216,2018-10-04T07:17:31Z
26.9243073,75.8200225,2018-10-04T07:17:42Z
26.9242854,75.8201583,2018-10-04T07:17:53Z
26.9242593,75.8202349,2018-10-04T07:18:03Z
26.9242623,75.8203297,2018-10-04T07:18:13Z
26.9242584,75.8203441,2018-10-04T07:18:23Z
26.9242359,75.8203718,2018-10-04T07:18:33Z
26.9242438,75.8203750,2018-10-04T07:18:44Z
26.9242278,75.8203310,2018-10-04T07:18:55Z
26.9242160,75.8203272,2018-10-04T07:19:05Z
26.9241467,75.8203298,2018-10-04T07:19:16Z
26.9241467,75.8203298,2018-10-04T07:19:27Z
26.9241467,75.8203298,2018-10-04T07:19:37Z
26.9241031,75.8203650,2018-10-04T07:19:47Z
26.9241087,75.8203667,2018-10-04T07:19:58Z
26.9241104,75.8203409,2018-10-04T07:20:09Z
26.9241099,75.8203352,2018-10-04T07:20:20Z
26.9241356,75.8203325,2018-10-04T07:20:31Z
26.9241191,75.8203362,2018-10-04T07:20:42Z
26.9241191,75.8203362,2018-10-04T07:20:53Z
26.9241434,75.8203425,2018-10-04T07:21:03Z
26.9241434,75.8203425,2018-10-04T07:21:13Z
26.9241434,75.8203425,2018-10-04T07:21:24Z
26.9241652,75.8203525,2018-10-04T07:21:34Z
26.9241812,75.8203488,2018-10-04T07:21:45Z
26.9241038,75.8203278,2018-10-04T07:21:56Z
26.9239905,75.8202439,2018-10-04T07:22:07Z
26.9239836,75.8202412,2018-10-04T07:22:17Z
26.9239788,75.8202189,2018-10-04T07:22:28Z
26.9239485,75.8202307,2018-10-04T07:22:38Z
26.9239485,75.8202307,2018-10-04T07:22:48Z
26.9239849,75.8202064,2018-10-04T07:22:59Z
26.9239774,75.8201493,2018-10-04T07:23:09Z
26.9240637,75.8201547,2018-10-04T07:23:20Z
26.9241555,75.8201662,2018-10-04T07:23:30Z
26.9241997,75.8201576,2018-10-04T07:23:40Z
26.9241997,75.8201576,2018-10-04T07:23:51Z
26.9241997,75.8201576,2018-10-04T07:24:02Z
26.9241774,75.8201451,2018-10-04T07:24:12Z
26.9241761,75.8201803,2018-10-04T07:24:23Z
26.9241761,75.8202879,2018-10-04T07:24:34Z
26.9241971,75.8203932,2018-10-04T07:24:44Z
26.9242024,75.8204126,2018-10-04T07:24:55Z
26.9241797,75.8204332,2018-10-04T07:25:06Z
26.9240632,75.8203989,2018-10-04T07:25:16Z
26.9239592,75.8204006,2018-10-04T07:25:26Z
26.9239540,75.8203988,2018-10-04T07:25:37Z
26.9239348,75.8204078,2018-10-04T07:25:47Z
26.9239410,75.8203347,2018-10-04T07:25:58Z
26.9239667,75.8202187,2018-10-04T07:26:08Z
26.9239653,75.8202129,2018-10-04T07:26:19Z
26.9240011,75.8202283,2018-10-04T07:26:30Z
26.9240397,75.8202223,2018-10-04T07:26:42Z
26.9240618,75.8202356,2018-10-04T07:26:52Z
26.9241023,75.8203272,2018-10-04T07:27:03Z
26.9240855,75.8203985,2018-10-04T07:27:14Z
26.9240955,75.8204276,2018-10-04T07:27:24Z
26.9240955,75.8204276,2018-10-04T07:27:34Z
26.9240279,75.8204757,2018-10-04T07:27:45Z
26.9240279,75.8204757,2018-10-04T07:27:55Z
26.9240279,75.8204757,2018-10-04T07:28:05Z
26.9240279,75.8204757,2018-10-04T07:28:16Z
26.9240279,75.8204757,2018-10-04T07:28:26Z
26.9240279,75.8204757,2018-10-04T07:28:36Z
26.9240279,75.8204757,2018-10-04T07:28:47Z
26.9240700,75.8204497,2018-10-04T07:28:58Z
26.9240700,75.8204497,2018-10-04T07:29:08Z
26.9240700,75.8204497,2018-10-04T07:29:18Z
26.9240542,75.8204662,2018-10-04T07:29:29Z
26.9240466,75.8204439,2018-10-04T07:29:40Z
26.9240913,75.8203839,2018-10-04T07:29:51Z
26.9242006,75.8203607,2018-10-04T07:30:02Z
26.9242389,75.8203803,2018-10-04T07:30:13Z
26.9242402,75.8204572,2018-10-04T07:30:23Z
26.9242569,75.8205514,2018-10-04T07:30:33Z
26.9242438,75.8207005,2018-10-04T07:30:44Z
26.9242249,75.8207592,2018-10-04T07:30:54Z
26.9241751,75.8208360,2018-10-04T07:31:04Z
26.9241420,75.8209767,2018-10-04T07:31:15Z
26.9240952,75.8211099,2018-10-04T07:31:25Z
26.9240915,75.8211812,2018-10-04T07:31:35Z
26.9240644,75.8212886,2018-10-04T07:31:46Z
26.9240564,75.8213563,2018-10-04T07:31:57Z
26.9240424,75.8213970,2018-10-04T07:32:08Z
26.9240115,75.8213936,2018-10-04T07:32:19Z
26.9239888,75.8213691,2018-10-04T07:32:30Z
26.9239738,75.8213658,2018-10-04T07:32:40Z
26.9239598,75.8213479,2018-10-04T07:32:51Z
26.9239431,75.8213334,2018-10-04T07:33:02Z
26.9239459,75.8213218,2018-10-04T07:33:12Z
26.9239500,75.8213162,2018-10-04T07:33:23Z
26.9239500,75.8213162,2018-10-04T07:33:33Z
26.9239500,75.8213162,2018-10-04T07:33:44Z
26.9239500,75.8213162,2018-10-04T07:33:54Z
26.9239500,75.8213162,2018-10-04T07:34:04Z
26.9239500,75.8213162,2018-10-04T07:34:15Z
26.9239743,75.8214008,2018-10-04T07:34:25Z
26.9240045,75.8214099,2018-10-04T07:34:36Z
26.9240089,75.8214193,2018-10-04T07:34:47Z
26.9240123,75.8214239,2018-10-04T07:34:58Z
26.9239955,75.8213471,2018-10-04T07:35:09Z
26.9239830,75.8213234,2018-10-04T07:35:19Z
26.9240017,75.8213484,2018-10-04T07:35:29Z
26.9240017,75.8213484,2018-10-04T07:35:40Z
26.9239978,75.8213784,2018-10-04T07:35:50Z
26.9239978,75.8213784,2018-10-04T07:36:01Z
26.9239978,75.8213784,2018-10-04T07:36:11Z
26.9239978,75.8213784,2018-10-04T07:36:22Z
26.9239978,75.8213784,2018-10-04T07:36:32Z
26.9239904,75.8214210,2018-10-04T07:36:42Z
26.9240003,75.8214273,2018-10-04T07:36:53Z
26.9240003,75.8214273,2018-10-04T07:37:03Z
26.9240258,75.8215158,2018-10-04T07:37:13Z
26.9240317,75.8216175,2018-10-04T07:37:23Z
26.9240098,75.8217395,2018-10-04T07:37:33Z
26.9239966,75.8218820,2018-10-04T07:37:43Z
26.9240027,75.8220155,2018-10-04T07:37:53Z
26.9239729,75.8221225,2018-10-04T07:38:03Z
26.9239426,75.8222459,2018-10-04T07:38:14Z
26.9239458,75.8224026,2018-10-04T07:38:25Z
26.9239369,75.8224510,2018-10-04T07:38:35Z
26.9239294,75.8224460,2018-10-04T07:38:45Z
26.9239294,75.8224460,2018-10-04T07:38:56Z
26.9238913,75.8223914,2018-10-04T07:39:07Z
26.9239584,75.8225039,2018-10-04T07:39:18Z
26.9240012,75.8226335,2018-10-04T07:39:28Z
26.9239588,75.8227318,2018-10-04T07:39:39Z
26.9239256,75.8227882,2018-10-04T07:39:49Z
26.9238761,75.8228809,2018-10-04T07:39:59Z
26.9238708,75.8229724,2018-10-04T07:40:09Z
26.9238175,75.8231051,2018-10-04T07:40:20Z
26.9238270,75.8231744,2018-10-04T07:40:30Z
26.9238342,75.8232402,2018-10-04T07:40:41Z
26.9239216,75.8234104,2018-10-04T07:40:51Z
26.9239938,75.8234828,2018-10-04T07:41:02Z
26.9240265,75.8235412,2018-10-04T07:41:13Z
26.9240840,75.8235422,2018-10-04T07:41:24Z
26.9241236,75.8236892,2018-10-04T07:41:47Z
26.9241452,75.8236137,2018-10-04T07:41:58Z
26.9242011,75.8235508,2018-10-04T07:42:09Z
26.9242011,75.8235508,2018-10-04T07:42:19Z
26.9241306,75.8235607,2018-10-04T07:42:29Z
26.9240986,75.8235280,2018-10-04T07:42:40Z
26.9240241,75.8235228,2018-10-04T07:42:50Z
26.9238860,75.8235153,2018-10-04T07:43:01Z
26.9238099,75.8235068,2018-10-04T07:43:11Z
26.9237793,75.8235613,2018-10-04T07:43:22Z
26.9237590,75.8236945,2018-10-04T07:43:33Z
26.9237621,75.8238075,2018-10-04T07:43:44Z
26.9236894,75.8238923,2018-10-04T07:43:55Z
26.9236304,75.8240102,2018-10-04T07:44:05Z
26.9236292,75.8241294,2018-10-04T07:44:15Z
26.9236399,75.8242162,2018-10-04T07:44:26Z
26.9236405,75.8243062,2018-10-04T07:44:36Z
26.9236390,75.8243954,2018-10-04T07:44:47Z
26.9236131,75.8245529,2018-10-04T07:44:58Z
26.9235798,75.8246144,2018-10-04T07:45:09Z
26.9235526,75.8247287,2018-10-04T07:45:20Z
26.9235657,75.8248036,2018-10-04T07:45:30Z
26.9234946,75.8249175,2018-10-04T07:45:40Z
26.9235054,75.8250503,2018-10-04T07:45:51Z
26.9234920,75.8251592,2018-10-04T07:46:02Z
26.9234764,75.8252602,2018-10-04T07:46:13Z
26.9234590,75.8253495,2018-10-04T07:46:23Z
26.9234451,75.8254295,2018-10-04T07:46:34Z
26.9234359,75.8255493,2018-10-04T07:46:44Z
26.9234239,75.8256023,2018-10-04T07:46:55Z
26.9234448,75.8256332,2018-10-04T07:47:06Z
26.9234587,75.8257491,2018-10-04T07:47:16Z
26.9235354,75.8259929,2018-10-04T07:47:27Z
26.9236551,75.8261149,2018-10-04T07:47:37Z
26.9237838,75.8261781,2018-10-04T07:47:48Z
26.9239016,75.8261993,2018-10-04T07:47:58Z
26.9240015,75.8262235,2018-10-04T07:48:09Z
26.9241047,75.8262605,2018-10-04T07:48:19Z
26.9242215,75.8263139,2018-10-04T07:48:29Z
26.9243514,75.8263263,2018-10-04T07:48:40Z
26.9244790,75.8263560,2018-10-04T07:48:51Z
26.9244873,75.8263566,2018-10-04T07:49:02Z
26.9244873,75.8263566,2018-10-04T07:49:13Z
26.9245166,75.8263132,2018-10-04T07:49:24Z
26.9245192,75.8263152,2018-10-04T07:49:35Z
26.9246087,75.8263766,2018-10-04T07:49:46Z
26.9247356,75.8264493,2018-10-04T07:49:57Z
26.9248639,75.8265228,2018-10-04T07:50:07Z
26.9249499,75.8266111,2018-10-04T07:50:17Z
26.9250635,75.8266735,2018-10-04T07:50:28Z
26.9251677,75.8267088,2018-10-04T07:50:39Z
26.9251903,75.8267272,2018-10-04T07:50:49Z
26.9252614,75.8268667,2018-10-04T07:50:59Z
26.9252664,75.8269157,2018-10-04T07:51:09Z
26.9252350,75.8269827,2018-10-04T07:51:20Z
26.9252082,75.8271326,2018-10-04T07:51:31Z
26.9253192,75.8272240,2018-10-04T07:51:42Z
26.9254305,75.8272675,2018-10-04T07:51:52Z
26.9255417,75.8273037,2018-10-04T07:52:02Z
26.9256198,75.8273114,2018-10-04T07:52:12Z
26.9257377,75.8273333,2018-10-04T07:52:23Z
26.9258233,75.8274221,2018-10-04T07:52:34Z
26.9259442,75.8274661,2018-10-04T07:52:45Z
26.9260308,75.8274985,2018-10-04T07:52:55Z
26.9260802,75.8275348,2018-10-04T07:53:06Z
26.9261784,75.8275718,2018-10-04T07:53:17Z
26.9261784,75.8275718,2018-10-04T07:53:27Z
26.9262133,75.8275803,2018-10-04T07:53:37Z
26.9262879,75.8276608,2018-10-04T07:53:48Z
26.9263940,75.8277101,2018-10-04T07:53:59Z
26.9265059,75.8276767,2018-10-04T07:54:09Z
26.9266166,75.8277071,2018-10-04T07:54:20Z
26.9267318,75.8277376,2018-10-04T07:54:30Z
26.9268099,75.8277402,2018-10-04T07:54:41Z
26.9269367,75.8277759,2018-10-04T07:54:52Z
26.9270429,75.8278089,2018-10-04T07:55:03Z
26.9271480,75.8278684,2018-10-04T07:55:13Z
26.9272563,75.8278971,2018-10-04T07:55:23Z
26.9273788,75.8279295,2018-10-04T07:55:33Z
26.9275050,75.8279664,2018-10-04T07:55:44Z
26.9276422,75.8280187,2018-10-04T07:55:55Z
26.9276427,75.8280072,2018-10-04T07:56:06Z
26.9276427,75.8280072,2018-10-04T07:56:16Z
26.9276427,75.8280072,2018-10-04T07:56:27Z
26.9276476,75.8279577,2018-10-04T07:56:38Z
26.9276687,75.8279651,2018-10-04T07:56:48Z
26.9276687,75.8279651,2018-10-04T07:56:59Z
26.9276687,75.8279651,2018-10-04T07:57:09Z
26.9276476,75.8278907,2018-10-04T07:57:19Z
26.9276476,75.8278907,2018-10-04T07:57:30Z
26.9276915,75.8278674,2018-10-04T07:57:40Z
26.9276915,75.8278674,2018-10-04T07:57:50Z
26.9276539,75.8279163,2018-10-04T07:58:01Z
26.9276539,75.8279163,2018-10-04T07:58:11Z
26.9276730,75.8279069,2018-10-04T07:58:21Z
26.9276730,75.8279069,2018-10-04T07:58:32Z
26.9276730,75.8279069,2018-10-04T07:58:42Z
26.9276730,75.8279069,2018-10-04T07:58:53Z
26.9276011,75.8279190,2018-10-04T07:59:03Z
26.9276143,75.8279508,2018-10-04T07:59:14Z
26.9276389,75.8279365,2018-10-04T07:59:25Z
26.9276411,75.8279364,2018-10-04T07:59:35Z
26.9276411,75.8279364,2018-10-04T07:59:46Z
26.9277191,75.8279141,2018-10-04T07:59:56Z
26.9169201,75.8162870,2018-10-07T10:58:44Z
26.9168394,75.8167143,2018-10-07T10:58:54Z
26.9166958,75.8171358,2018-10-07T10:59:05Z
26.9164848,75.8179950,2018-10-07T10:59:15Z
26.9162818,75.8190503,2018-10-07T10:59:26Z
26.9161903,75.8199526,2018-10-07T10:59:37Z
26.9161644,75.8200311,2018-10-07T10:59:47Z
26.9161370,75.8201992,2018-10-07T10:59:58Z
26.9160236,75.8205528,2018-10-07T11:00:08Z
26.9158081,75.8214000,2018-10-07T11:00:19Z
26.9156483,75.8221073,2018-10-07T11:00:30Z
26.9154810,75.8229671,2018-10-07T11:00:41Z
26.9153003,75.8237898,2018-10-07T11:00:51Z
26.9152336,75.8241921,2018-10-07T11:01:02Z
26.9152338,75.8241904,2018-10-07T11:01:13Z
26.9152338,75.8241904,2018-10-07T11:01:23Z
26.9152343,75.8241904,2018-10-07T11:01:34Z
26.9152343,75.8241904,2018-10-07T11:01:44Z
26.9152388,75.8241895,2018-10-07T11:01:55Z
26.9152392,75.8241891,2018-10-07T11:02:05Z
26.9152351,75.8242295,2018-10-07T11:02:16Z
26.9152352,75.8245093,2018-10-07T11:02:26Z
26.9152250,75.8248397,2018-10-07T11:02:37Z
26.9152073,75.8252021,2018-10-07T11:02:48Z
26.9152313,75.8255760,2018-10-07T11:02:59Z
26.9152065,75.8258860,2018-10-07T11:03:09Z
26.9150826,75.8264354,2018-10-07T11:03:20Z
26.9149054,75.8269243,2018-10-07T11:03:30Z
26.9147792,75.8273883,2018-10-07T11:03:40Z
26.9147220,75.8274948,2018-10-07T11:03:51Z
26.9145796,75.8280958,2018-10-07T11:04:02Z
26.9143779,75.8289704,2018-10-07T11:04:13Z
26.9141452,75.8299267,2018-10-07T11:04:23Z
26.9138908,75.8309966,2018-10-07T11:04:34Z
26.9136483,75.8320191,2018-10-07T11:04:45Z
26.9135658,75.8325382,2018-10-07T11:04:55Z
26.9136008,75.8328659,2018-10-07T11:05:06Z
26.9137740,75.8329465,2018-10-07T11:05:17Z
26.9138582,75.8329688,2018-10-07T11:05:28Z
26.9138582,75.8329688,2018-10-07T11:05:38Z
26.9138582,75.8329688,2018-10-07T11:05:48Z
26.9138582,75.8329688,2018-10-07T11:05:59Z
26.9140064,75.8329358,2018-10-07T11:06:10Z
26.9140764,75.8329209,2018-10-07T11:06:20Z
26.9141817,75.8329359,2018-10-07T11:06:31Z
26.9143200,75.8330053,2018-10-07T11:06:42Z
26.9143622,75.8330302,2018-10-07T11:06:52Z
26.9143156,75.8330510,2018-10-07T11:07:03Z
26.9142727,75.8330600,2018-10-07T11:07:14Z
26.9140484,75.8330040,2018-10-07T11:07:24Z
26.9139602,75.8329756,2018-10-07T11:07:35Z
26.9139650,75.8329793,2018-10-07T11:07:46Z
26.9139650,75.8329793,2018-10-07T11:07:56Z
26.9139650,75.8329793,2018-10-07T11:08:07Z
26.9139721,75.8329849,2018-10-07T11:08:18Z
26.9139946,75.8329792,2018-10-07T11:08:28Z
26.9141035,75.8329942,2018-10-07T11:08:39Z
26.9141989,75.8329994,2018-10-07T11:08:49Z
26.9143006,75.8330273,2018-10-07T11:09:00Z
26.9143961,75.8330948,2018-10-07T11:09:10Z
26.9144586,75.8331280,2018-10-07T11:09:21Z
26.9145645,75.8331528,2018-10-07T11:09:31Z
26.9146422,75.8331750,2018-10-07T11:09:41Z
26.9147604,75.8332024,2018-10-07T11:09:52Z
26.9147863,75.8332153,2018-10-07T11:10:02Z
26.9148629,75.8332357,2018-10-07T11:10:13Z
26.9149605,75.8332601,2018-10-07T11:10:23Z
26.9150783,75.8332870,2018-10-07T11:10:34Z
26.9151866,75.8333202,2018-10-07T11:10:44Z
26.9152658,75.8333305,2018-10-07T11:10:54Z
26.9153740,75.8333569,2018-10-07T11:11:05Z
26.9154697,75.8333705,2018-10-07T11:11:15Z
26.9155701,75.8334242,2018-10-07T11:11:26Z
26.9157265,75.8334302,2018-10-07T11:11:37Z
26.9158249,75.8334651,2018-10-07T11:11:47Z
26.9159229,75.8335262,2018-10-07T11:11:58Z
26.9160061,75.8335618,2018-10-07T11:12:08Z
26.9160903,75.8336038,2018-10-07T11:12:18Z
26.9161956,75.8336049,2018-10-07T11:12:28Z
26.9162975,75.8336256,2018-10-07T11:12:39Z
26.9164001,75.8337057,2018-10-07T11:12:49Z
26.9165368,75.8337409,2018-10-07T11:13:00Z
26.9166447,75.8337837,2018-10-07T11:13:10Z
26.9167449,75.8338211,2018-10-07T11:13:20Z
26.9168599,75.8338609,2018-10-07T11:13:31Z
26.9169704,75.8338815,2018-10-07T11:13:41Z
26.9170580,75.8339022,2018-10-07T11:13:52Z
26.9171648,75.8339298,2018-10-07T11:14:02Z
26.9172397,75.8339537,2018-10-07T11:14:12Z
26.9173551,75.8339879,2018-10-07T11:14:22Z
26.9174332,75.8339804,2018-10-07T11:14:32Z
26.9175555,75.8339702,2018-10-07T11:14:43Z
26.9176742,75.8339598,2018-10-07T11:14:53Z
26.9177881,75.8339523,2018-10-07T11:15:03Z
26.9178936,75.8339874,2018-10-07T11:15:13Z
26.9179233,75.8340222,2018-10-07T11:15:23Z
26.9179233,75.8340222,2018-10-07T11:15:34Z
26.9179036,75.8340376,2018-10-07T11:15:45Z
26.9178047,75.8340225,2018-10-07T11:15:56Z
26.9177132,75.8340075,2018-10-07T11:16:07Z
26.9177138,75.8340078,2018-10-07T11:16:18Z
26.9177138,75.8340078,2018-10-07T11:16:29Z
26.9177138,75.8340078,2018-10-07T11:16:40Z
26.9177138,75.8340078,2018-10-07T11:16:50Z
26.9177138,75.8340078,2018-10-07T11:17:01Z
26.9177138,75.8340078,2018-10-07T11:17:12Z
26.9176768,75.8339922,2018-10-07T11:17:22Z
26.9175767,75.8339577,2018-10-07T11:17:32Z
26.9174829,75.8339756,2018-10-07T11:17:43Z
26.9173794,75.8339666,2018-10-07T11:17:54Z
26.9173607,75.8339180,2018-10-07T11:18:05Z
26.9173607,75.8339180,2018-10-07T11:18:16Z
26.9173691,75.8339268,2018-10-07T11:18:26Z
26.9173736,75.8339286,2018-10-07T11:18:37Z
26.9173737,75.8339283,2018-10-07T11:18:47Z
26.9173737,75.8339283,2018-10-07T11:18:58Z
26.9173737,75.8339283,2018-10-07T11:19:08Z
26.9173737,75.8339283,2018-10-07T11:19:18Z
26.9173737,75.8339283,2018-10-07T11:19:28Z
26.9173737,75.8339283,2018-10-07T11:19:39Z
26.9173737,75.8339283,2018-10-07T11:19:50Z
26.9173958,75.8339201,2018-10-07T11:20:00Z
26.9175023,75.8339376,2018-10-07T11:20:10Z
26.9176399,75.8339404,2018-10-07T11:20:20Z
26.9177798,75.8339524,2018-10-07T11:20:31Z
26.9178924,75.8339777,2018-10-07T11:20:41Z
26.9179892,75.8340231,2018-10-07T11:20:52Z
26.9181072,75.8340224,2018-10-07T11:21:02Z
26.9181642,75.8340944,2018-10-07T11:21:13Z
26.9182888,75.8341062,2018-10-07T11:21:24Z
26.9184383,75.8341542,2018-10-07T11:21:35Z
26.9185203,75.8341701,2018-10-07T11:21:46Z
26.9186367,75.8342026,2018-10-07T11:21:56Z
26.9187789,75.8342559,2018-10-07T11:22:07Z
26.9188484,75.8342709,2018-10-07T11:22:17Z
26.9189165,75.8343026,2018-10-07T11:22:27Z
26.9189165,75.8343026,2018-10-07T11:22:37Z
26.9189165,75.8343026,2018-10-07T11:22:47Z
26.9189859,75.8343314,2018-10-07T11:22:57Z
26.9191049,75.8343443,2018-10-07T11:23:08Z
26.9192418,75.8343808,2018-10-07T11:23:18Z
26.9193230,75.8344293,2018-10-07T11:23:29Z
26.9194581,75.8344651,2018-10-07T11:23:40Z
26.9195902,75.8344717,2018-10-07T11:23:51Z
26.9197175,75.8345131,2018-10-07T11:24:01Z
26.9198011,75.8345283,2018-10-07T11:24:12Z
26.9198797,75.8345537,2018-10-07T11:24:23Z
26.9198684,75.8345519,2018-10-07T11:24:34Z
26.9198684,75.8345519,2018-10-07T11:24:45Z
26.9198684,75.8345519,2018-10-07T11:24:55Z
26.9198684,75.8345519,2018-10-07T11:25:05Z
26.9198073,75.8345431,2018-10-07T11:25:16Z
26.9196875,75.8345181,2018-10-07T11:25:26Z
26.9196523,75.8345300,2018-10-07T11:25:36Z
26.9196420,75.8345489,2018-10-07T11:25:47Z
26.9196420,75.8345489,2018-10-07T11:25:57Z
26.9196292,75.8345404,2018-10-07T11:26:07Z
26.9195708,75.8344996,2018-10-07T11:26:18Z
26.9194964,75.8344861,2018-10-07T11:26:29Z
26.9194964,75.8344861,2018-10-07T11:26:39Z
26.9194961,75.8344894,2018-10-07T11:26:50Z
26.9194961,75.8344894,2018-10-07T11:27:00Z
26.9195189,75.8344639,2018-10-07T11:27:10Z
26.9196008,75.8344006,2018-10-07T11:27:21Z
26.9197208,75.8344224,2018-10-07T11:27:32Z
26.9198281,75.8344235,2018-10-07T11:27:43Z
26.9198994,75.8344608,2018-10-07T11:27:53Z
26.9199070,75.8344502,2018-10-07T11:28:03Z
26.9199070,75.8344502,2018-10-07T11:28:14Z
26.9199070,75.8344502,2018-10-07T11:28:25Z
26.9199070,75.8344502,2018-10-07T11:28:36Z
26.9199216,75.8344404,2018-10-07T11:28:47Z
26.9199224,75.8344402,2018-10-07T11:28:57Z
26.9199224,75.8344402,2018-10-07T11:29:08Z
26.9199224,75.8344402,2018-10-07T11:29:19Z
26.9199126,75.8344730,2018-10-07T11:29:30Z
26.9200198,75.8344971,2018-10-07T11:29:41Z
26.9201249,75.8345125,2018-10-07T11:29:52Z
26.9201884,75.8345468,2018-10-07T11:30:02Z
26.9202728,75.8345836,2018-10-07T11:30:13Z
26.9203279,75.8345806,2018-10-07T11:30:23Z
26.9204137,75.8346090,2018-10-07T11:30:34Z
26.9205286,75.8346211,2018-10-07T11:30:44Z
26.9205305,75.8346055,2018-10-07T11:30:54Z
26.9205337,75.8345971,2018-10-07T11:31:05Z
26.9205337,75.8345971,2018-10-07T11:31:15Z
26.9205840,75.8346702,2018-10-07T11:31:25Z
26.9206907,75.8346754,2018-10-07T11:31:36Z
26.9206907,75.8346754,2018-10-07T11:31:47Z
26.9206907,75.8346754,2018-10-07T11:31:57Z
26.9206850,75.8347104,2018-10-07T11:32:08Z
26.9207936,75.8346911,2018-10-07T11:32:19Z
26.9208826,75.8347068,2018-10-07T11:32:30Z
26.9208688,75.8346724,2018-10-07T11:32:41Z
26.9208886,75.8345933,2018-10-07T11:32:52Z
26.9209540,75.8345381,2018-10-07T11:33:03Z
26.9209695,75.8344815,2018-10-07T11:33:13Z
26.9209938,75.8344764,2018-10-07T11:33:24Z
26.9210751,75.8344266,2018-10-07T11:33:35Z
26.9211441,75.8343951,2018-10-07T11:33:46Z
26.9210662,75.8344696,2018-10-07T11:33:57Z
26.9209454,75.8345212,2018-10-07T11:34:07Z
26.9209404,75.8345304,2018-10-07T11:34:17Z
26.9209404,75.8345304,2018-10-07T11:34:28Z
26.9209404,75.8345304,2018-10-07T11:34:38Z
26.9209404,75.8345304,2018-10-07T11:34:49Z
26.9209404,75.8345304,2018-10-07T11:35:00Z
26.9209404,75.8345304,2018-10-07T11:35:11Z
26.9210042,75.8344665,2018-10-07T11:35:22Z
26.9210562,75.8344295,2018-10-07T11:35:33Z
26.9210562,75.8344295,2018-10-07T11:35:44Z
26.9210562,75.8344295,2018-10-07T11:35:55Z
26.9210562,75.8344295,2018-10-07T11:36:05Z
26.9210562,75.8344295,2018-10-07T11:36:16Z
26.9210562,75.8344295,2018-10-07T11:36:26Z
26.9210562,75.8344295,2018-10-07T11:36:37Z
26.9210562,75.8344295,2018-10-07T11:36:47Z
26.9210562,75.8344295,2018-10-07T11:36:57Z
26.9210562,75.8344295,2018-10-07T11:37:07Z
26.9210562,75.8344295,2018-10-07T11:37:18Z
26.9210562,75.8344295,2018-10-07T11:37:29Z
26.9210611,75.8343805,2018-10-07T11:37:40Z
26.9210762,75.8343602,2018-10-07T11:37:50Z
26.9210762,75.8343602,2018-10-07T11:38:00Z
26.9210762,75.8343602,2018-10-07T11:38:10Z
26.9210762,75.8343602,2018-10-07T11:38:21Z
26.9210591,75.8344230,2018-10-07T11:38:32Z
26.9210642,75.8344645,2018-10-07T11:38:42Z
26.9210408,75.8344717,2018-10-07T11:38:53Z
26.9209338,75.8345043,2018-10-07T11:39:04Z
26.9208312,75.8344479,2018-10-07T11:39:15Z
26.9208002,75.8344335,2018-10-07T11:39:26Z
26.9208125,75.8344287,2018-10-07T11:39:37Z
26.9208125,75.8344287,2018-10-07T11:39:47Z
26.9208125,75.8344287,2018-10-07T11:39:58Z
26.9208125,75.8344287,2018-10-07T11:40:09Z
26.9208115,75.8344187,2018-10-07T11:40:19Z
26.9208118,75.8344182,2018-10-07T11:40:30Z
26.9208178,75.8344079,2018-10-07T11:40:41Z
26.9208227,75.8344048,2018-10-07T11:40:52Z
26.9208227,75.8344048,2018-10-07T11:41:02Z
26.9208227,75.8344048,2018-10-07T11:41:12Z
26.9208227,75.8344048,2018-10-07T11:41:23Z
26.9208227,75.8344048,2018-10-07T11:41:33Z
26.9208227,75.8344048,2018-10-07T11:41:44Z
26.9208227,75.8344048,2018-10-07T11:41:55Z
26.9208227,75.8344048,2018-10-07T11:42:05Z
26.9208227,75.8344048,2018-10-07T11:42:16Z
26.9208227,75.8344048,2018-10-07T11:42:27Z
26.9208276,75.8344040,2018-10-07T11:42:38Z
26.9208310,75.8344049,2018-10-07T11:42:49Z
26.9208330,75.8343992,2018-10-07T11:43:00Z
26.9208330,75.8343992,2018-10-07T11:43:10Z
26.9208378,75.8343974,2018-10-07T11:43:21Z
26.9208378,75.8343974,2018-10-07T11:43:31Z
26.9208403,75.8343930,2018-10-07T11:43:42Z
26.9208403,75.8343930,2018-10-07T11:43:53Z
26.9208403,75.8343930,2018-10-07T11:44:03Z
26.9208403,75.8343930,2018-10-07T11:44:14Z
26.9208403,75.8343930,2018-10-07T11:44:24Z
26.9208403,75.8343930,2018-10-07T11:44:35Z
26.9208463,75.8343868,2018-10-07T11:44:46Z
26.9208519,75.8343816,2018-10-07T11:44:57Z
26.9208524,75.8343816,2018-10-07T11:45:07Z
26.9208524,75.8343816,2018-10-07T11:45:18Z
26.9208524,75.8343816,2018-10-07T11:45:28Z
26.9208524,75.8343816,2018-10-07T11:45:38Z
26.9208524,75.8343816,2018-10-07T11:45:48Z
26.9208524,75.8343816,2018-10-07T11:45:59Z
26.9208524,75.8343816,2018-10-07T11:46:09Z
26.9208524,75.8343816,2018-10-07T11:46:20Z
26.9208524,75.8343816,2018-10-07T11:46:30Z
26.9208524,75.8343816,2018-10-07T11:46:40Z
26.9208524,75.8343816,2018-10-07T11:46:51Z
26.9208524,75.8343816,2018-10-07T11:47:02Z
26.9208524,75.8343816,2018-10-07T11:47:12Z
26.9208523,75.8343782,2018-10-07T11:47:22Z
26.9208568,75.8343779,2018-10-07T11:47:33Z
26.9208570,75.8343778,2018-10-07T11:47:43Z
26.9208570,75.8343778,2018-10-07T11:47:53Z
26.9208570,75.8343778,2018-10-07T11:48:04Z
26.9208570,75.8343778,2018-10-07T11:48:14Z
26.9208597,75.8343781,2018-10-07T11:48:24Z
26.9209167,75.8344904,2018-10-07T11:48:37Z
26.9210241,75.8345749,2018-10-07T11:48:47Z
26.9211463,75.8345519,2018-10-07T11:48:58Z
26.9212125,75.8344584,2018-10-07T11:49:08Z
26.9212400,75.8344352,2018-10-07T11:49:19Z
26.9213092,75.8344862,2018-10-07T11:49:29Z
26.9213090,75.8344866,2018-10-07T11:49:39Z
26.9213090,75.8344866,2018-10-07T11:49:49Z
26.9213090,75.8344866,2018-10-07T11:49:59Z
26.9213090,75.8344866,2018-10-07T11:50:09Z
26.9213090,75.8344866,2018-10-07T11:50:20Z
26.9213090,75.8344866,2018-10-07T11:50:30Z
26.9213287,75.8345034,2018-10-07T11:50:40Z
26.9213292,75.8345385,2018-10-07T11:50:50Z
26.9213303,75.8345443,2018-10-07T11:51:01Z
26.9213303,75.8345443,2018-10-07T11:51:11Z
26.9213303,75.8345443,2018-10-07T11:51:22Z
26.9213303,75.8345443,2018-10-07T11:51:33Z
26.9213303,75.8345443,2018-10-07T11:51:44Z
26.9213303,75.8345443,2018-10-07T11:51:55Z
26.9213303,75.8345443,2018-10-07T11:52:06Z
26.9213303,75.8345443,2018-10-07T11:52:17Z
26.9213303,75.8345443,2018-10-07T11:52:27Z
26.9213303,75.8345443,2018-10-07T11:52:38Z
26.9213303,75.8345443,2018-10-07T11:52:48Z
26.9213303,75.8345443,2018-10-07T11:52:59Z
26.9213323,75.8345437,2018-10-07T11:53:09Z
26.9213323,75.8345437,2018-10-07T11:53:20Z
26.9213323,75.8345437,2018-10-07T11:53:31Z
26.9213323,75.8345437,2018-10-07T11:53:42Z
26.9213323,75.8345437,2018-10-07T11:53:52Z
26.9213323,75.8345437,2018-10-07T11:54:02Z
26.9213323,75.8345437,2018-10-07T11:54:12Z
26.9213323,75.8345437,2018-10-07T11:54:23Z
26.9213323,75.8345437,2018-10-07T11:54:33Z
26.9213293,75.8345425,2018-10-07T11:54:43Z
26.9213036,75.8345564,2018-10-07T11:54:53Z
26.9212851,75.8344567,2018-10-07T11:55:04Z
26.9212754,75.8344118,2018-10-07T11:55:14Z
26.9212859,75.8343622,2018-10-07T11:55:25Z
26.9214192,75.8339529,2018-10-07T11:55:35Z
26.9215479,75.8333237,2018-10-07T11:55:46Z
26.9216965,75.8325604,2018-10-07T11:55:56Z
26.9217735,75.8322331,2018-10-07T11:56:06Z
26.9219192,75.8314800,2018-10-07T11:56:17Z
26.9221016,75.8306672,2018-10-07T11:56:28Z
26.9222587,75.8299553,2018-10-07T11:56:39Z
26.9223598,75.8294610,2018-10-07T11:56:50Z
26.9224808,75.8289180,2018-10-07T11:57:00Z
26.9225841,75.8284591,2018-10-07T11:57:11Z
26.9226620,75.8280461,2018-10-07T11:57:22Z
26.9227607,75.8275572,2018-10-07T11:57:33Z
26.9228237,75.8272615,2018-10-07T11:57:43Z
26.9228002,75.8271729,2018-10-07T11:57:53Z
26.9226982,75.8270488,2018-10-07T11:58:04Z
26.9226115,75.8268854,2018-10-07T11:58:14Z
26.9224247,75.8266774,2018-10-07T11:58:24Z
26.9221071,75.8265998,2018-10-07T11:58:35Z
26.9215439,75.8264327,2018-10-07T11:58:46Z
26.9211364,75.8263239,2018-10-07T11:58:56Z
26.9206833,75.8262039,2018-10-07T11:59:07Z
26.9200710,75.8260348,2018-10-07T11:59:17Z
26.9194288,75.8258233,2018-10-07T11:59:28Z
26.9185575,75.8255852,2018-10-07T11:59:39Z
26.9178730,75.8253978,2018-10-07T11:59:50Z
26.9171880,75.8252085,2018-10-07T12:00:00Z
26.9163460,75.8249588,2018-10-07T12:00:11Z
26.9160566,75.8248573,2018-10-07T12:00:21Z
26.9156998,75.8248344,2018-10-07T12:00:32Z
26.9155796,75.8248131,2018-10-07T12:00:42Z
26.9155675,75.8248108,2018-10-07T12:00:53Z
26.9154755,75.8247556,2018-10-07T12:01:04Z
26.9153112,75.8246749,2018-10-07T12:01:14Z
26.9152307,75.8240605,2018-10-07T12:01:25Z
26.9153604,75.8232520,2018-10-07T12:01:36Z
26.9151122,75.8229757,2018-10-07T12:01:46Z
26.9145265,75.8228490,2018-10-07T12:01:57Z
26.9141201,75.8225732,2018-10-07T12:02:07Z
26.9138480,75.8218914,2018-10-07T12:02:17Z
26.9136265,75.8212081,2018-10-07T12:02:28Z
26.9137727,75.8202432,2018-10-07T12:02:39Z
26.9139345,75.8195686,2018-10-07T12:02:50Z
26.9141515,75.8183845,2018-10-07T12:03:00Z
26.9144151,75.8170086,2018-10-07T12:03:11Z
26.9144340,75.8167900,2018-10-07T12:03:21Z
26.9139074,75.8165966,2018-10-07T12:03:31Z
26.9130610,75.8163812,2018-10-07T12:03:41Z
26.9125738,75.8162501,2018-10-07T12:03:52Z
26.9123535,75.8157261,2018-10-07T12:04:03Z
26.9125019,75.8149324,2018-10-07T12:04:14Z
26.9127800,75.8137342,2018-10-07T12:04:24Z
26.9130657,75.8126329,2018-10-07T12:04:34Z
26.9131353,75.8121818,2018-10-07T12:04:45Z
26.9131317,75.8121838,2018-10-07T12:04:55Z
26.9131317,75.8121838,2018-10-07T12:05:05Z
26.9131317,75.8121838,2018-10-07T12:05:16Z
26.9132208,75.8117663,2018-10-07T12:05:27Z
26.9134582,75.8106104,2018-10-07T12:05:38Z
26.9137324,75.8092126,2018-10-07T12:05:49Z
26.9138124,75.8088625,2018-10-07T12:05:59Z
26.9138124,75.8088625,2018-10-07T12:06:10Z
26.9138124,75.8088625,2018-10-07T12:06:20Z
26.9138124,75.8088625,2018-10-07T12:06:31Z
26.9138567,75.8087497,2018-10-07T12:06:42Z
26.9144060,75.8088783,2018-10-07T12:06:52Z
26.9153024,75.8093517,2018-10-07T12:07:02Z
26.9158186,75.8096164,2018-10-07T12:07:13Z
26.9160467,75.8096796,2018-10-07T12:07:23Z
26.9166644,75.8099345,2018-10-07T12:07:34Z
26.9170813,75.8100569,2018-10-07T12:07:45Z
26.9177075,75.8102467,2018-10-07T12:07:56Z
26.9180241,75.8102634,2018-10-07T12:08:07Z
26.9181476,75.8098445,2018-10-07T12:08:17Z
26.9183032,75.8091164,2018-10-07T12:08:27Z
26.9184413,75.8084936,2018-10-07T12:08:38Z
26.9185268,75.8080130,2018-10-07T12:08:48Z
26.9184289,75.8078626,2018-10-07T12:08:58Z
26.9180212,75.8077632,2018-10-07T12:09:09Z
26.9177027,75.8076536,2018-10-07T12:09:19Z
26.9175703,75.8076112,2018-10-07T12:09:30Z
26.9175554,75.8075781,2018-10-07T12:09:41Z
26.9175464,75.8075610,2018-10-07T12:09:52Z
26.9174928,75.8075714,2018-10-07T12:10:02Z
26.9174700,75.8075839,2018-10-07T12:10:12Z
26.9174700,75.8075839,2018-10-07T12:10:23Z
26.9174477,75.8076098,2018-10-07T12:10:33Z
26.9174383,75.8076236,2018-10-07T12:10:43Z
26.9174383,75.8076236,2018-10-07T12:10:54Z
26.9174383,75.8076236,2018-10-07T12:11:05Z
26.9174410,75.8076176,2018-10-07T12:11:16Z
26.9174410,75.8076176,2018-10-07T12:11:27Z
26.9174410,75.8076176,2018-10-07T12:11:37Z
26.9174410,75.8076176,2018-10-07T12:11:47Z
26.9174410,75.8076176,2018-10-07T12:11:57Z
26.9174625,75.8076680,2018-10-07T12:12:07Z
26.9462979,75.8402672,2018-10-06T09:32:42Z
26.9463379,75.8403686,2018-10-06T09:32:52Z
26.9463356,75.8403684,2018-10-06T09:33:03Z
26.9463356,75.8403684,2018-10-06T09:33:13Z
26.9463356,75.8403684,2018-10-06T09:33:23Z
26.9463243,75.8402851,2018-10-06T09:33:34Z
26.9463576,75.8402035,2018-10-06T09:33:44Z
26.9462968,75.8400916,2018-10-06T09:33:54Z
26.9462826,75.8400485,2018-10-06T09:34:05Z
26.9463214,75.8399985,2018-10-06T09:34:16Z
26.9463903,75.8400125,2018-10-06T09:34:26Z
26.9463836,75.8400248,2018-10-06T09:34:36Z
26.9463836,75.8400248,2018-10-06T09:34:47Z
26.9463836,75.8400248,2018-10-06T09:34:58Z
26.9463836,75.8400248,2018-10-06T09:35:08Z
26.9463836,75.8400248,2018-10-06T09:35:18Z
26.9463805,75.8400285,2018-10-06T09:35:29Z
26.9463802,75.8400289,2018-10-06T09:35:40Z
26.9463802,75.8400289,2018-10-06T09:35:50Z
26.9463802,75.8400289,2018-10-06T09:36:01Z
26.9463802,75.8400289,2018-10-06T09:36:12Z
26.9463802,75.8400289,2018-10-06T09:36:23Z
26.9463802,75.8400289,2018-10-06T09:36:34Z
26.9463802,75.8400289,2018-10-06T09:36:46Z
26.9463802,75.8400289,2018-10-06T09:36:56Z
26.9463802,75.8400289,2018-10-06T09:37:06Z
26.9463802,75.8400289,2018-10-06T09:37:16Z
26.9463802,75.8400289,2018-10-06T09:37:26Z
26.9463802,75.8400289,2018-10-06T09:37:37Z
26.9463802,75.8400289,2018-10-06T09:37:47Z
26.9463802,75.8400289,2018-10-06T09:37:58Z
26.9463802,75.8400289,2018-10-06T09:38:08Z
26.9463802,75.8400289,2018-10-06T09:38:18Z
26.9463802,75.8400289,2018-10-06T09:38:28Z
26.9463698,75.8400242,2018-10-06T09:38:38Z
26.9463698,75.8400242,2018-10-06T09:38:49Z
26.9463651,75.8400272,2018-10-06T09:38:59Z
26.9463651,75.8400272,2018-10-06T09:39:10Z
26.9463634,75.8400242,2018-10-06T09:39:20Z
26.9463633,75.8400240,2018-10-06T09:39:30Z
26.9463633,75.8400240,2018-10-06T09:39:40Z
26.9463633,75.8400240,2018-10-06T09:39:50Z
26.9463560,75.8400270,2018-10-06T09:40:01Z
26.9463560,75.8400270,2018-10-06T09:40:11Z
26.9463560,75.8400270,2018-10-06T09:40:22Z
26.9463560,75.8400270,2018-10-06T09:40:32Z
26.9463560,75.8400270,2018-10-06T09:40:42Z
26.9463560,75.8400270,2018-10-06T09:40:52Z
26.9463645,75.8400376,2018-10-06T09:41:03Z
26.9463645,75.8400376,2018-10-06T09:41:13Z
26.9463645,75.8400376,2018-10-06T09:41:23Z
26.9463645,75.8400376,2018-10-06T09:41:34Z
26.9463645,75.8400376,2018-10-06T09:41:45Z
26.9463645,75.8400376,2018-10-06T09:41:55Z
26.9463645,75.8400376,2018-10-06T09:42:05Z
26.9463645,75.8400376,2018-10-06T09:42:16Z
26.9463618,75.8400455,2018-10-06T09:42:26Z
26.9463618,75.8400455,2018-10-06T09:42:37Z
26.9463618,75.8400455,2018-10-06T09:42:47Z
26.9463618,75.8400455,2018-10-06T09:42:57Z
26.9463618,75.8400455,2018-10-06T09:43:07Z
26.9463596,75.8400724,2018-10-06T09:43:18Z
26.9463596,75.8400724,2018-10-06T09:43:28Z
26.9463596,75.8400724,2018-10-06T09:43:39Z
26.9463596,75.8400724,2018-10-06T09:43:50Z
26.9463596,75.8400724,2018-10-06T09:44:01Z
26.9463596,75.8400724,2018-10-06T09:44:12Z
26.9463596,75.8400724,2018-10-06T09:44:23Z
26.9463596,75.8400724,2018-10-06T09:44:34Z
26.9463596,75.8400724,2018-10-06T09:44:45Z
26.9463596,75.8400724,2018-10-06T09:44:56Z
26.9463561,75.8400784,2018-10-06T09:45:07Z
26.9463561,75.8400784,2018-10-06T09:45:18Z
26.9463561,75.8400784,2018-10-06T09:45:29Z
26.9463561,75.8400784,2018-10-06T09:45:39Z
26.9463561,75.8400784,2018-10-06T09:45:50Z
26.9463561,75.8400784,2018-10-06T09:46:01Z
26.9463372,75.8400775,2018-10-06T09:46:12Z
26.9463331,75.8401228,2018-10-06T09:46:22Z
26.9463426,75.8401886,2018-10-06T09:46:33Z
26.9463995,75.8402478,2018-10-06T09:46:44Z
26.9465189,75.8402759,2018-10-06T09:46:55Z
26.9465200,75.8402688,2018-10-06T09:47:06Z
26.9465581,75.8402896,2018-10-06T09:47:16Z
26.9465529,75.8402883,2018-10-06T09:47:27Z
26.9465529,75.8402883,2018-10-06T09:47:38Z
26.9463618,75.8402802,2018-10-06T09:47:49Z
26.9461521,75.8405106,2018-10-06T09:48:00Z
26.9461732,75.8410862,2018-10-06T09:48:10Z
26.9461814,75.8419012,2018-10-06T09:48:20Z
26.9461869,75.8429436,2018-10-06T09:48:30Z
26.9461826,75.8441119,2018-10-06T09:48:40Z
26.9461805,75.8450956,2018-10-06T09:48:51Z
26.9461646,75.8461892,2018-10-06T09:49:01Z
26.9461646,75.8476054,2018-10-06T09:49:12Z
26.9461657,75.8488097,2018-10-06T09:49:22Z
26.9461625,75.8498453,2018-10-06T09:49:33Z
26.9461463,75.8500462,2018-10-06T09:49:43Z
26.9461279,75.8501227,2018-10-06T09:49:53Z
26.9461299,75.8504733,2018-10-06T09:50:03Z
26.9455689,75.8502763,2018-10-06T09:50:13Z
26.9445997,75.8501112,2018-10-06T09:50:24Z
26.9434449,75.8497273,2018-10-06T09:50:35Z
26.9423496,75.8492171,2018-10-06T09:50:45Z
26.9411904,75.8486792,2018-10-06T09:50:56Z
26.9401323,75.8479959,2018-10-06T09:51:06Z
26.9392891,75.8472906,2018-10-06T09:51:16Z
26.9387485,75.8469560,2018-10-06T09:51:27Z
26.9379052,75.8466146,2018-10-06T09:51:37Z
26.9369218,75.8463725,2018-10-06T09:51:47Z
26.9357915,75.8461922,2018-10-06T09:51:57Z
26.9348231,75.8460012,2018-10-06T09:52:07Z
26.9343020,75.8459115,2018-10-06T09:52:18Z
26.9337265,75.8457755,2018-10-06T09:52:28Z
26.9329040,75.8456274,2018-10-06T09:52:38Z
26.9318670,75.8454260,2018-10-06T09:52:49Z
26.9310102,75.8451977,2018-10-06T09:52:59Z
26.9305469,75.8451157,2018-10-06T09:53:10Z
26.9297401,75.8450065,2018-10-06T09:53:20Z
26.9285824,75.8449900,2018-10-06T09:53:31Z
26.9272340,75.8451461,2018-10-06T09:53:42Z
26.9259995,75.8453833,2018-10-06T09:53:53Z
26.9247673,75.8455169,2018-10-06T09:54:03Z
26.9235400,75.8456838,2018-10-06T09:54:13Z
26.9222644,75.8464400,2018-10-06T09:54:24Z
26.9213349,75.8472339,2018-10-06T09:54:34Z
26.9204654,75.8479843,2018-10-06T09:54:44Z
26.9195495,75.8487159,2018-10-06T09:54:55Z
26.9187412,75.8489729,2018-10-06T09:55:05Z
26.9185578,75.8490303,2018-10-06T09:55:15Z
26.9185562,75.8490246,2018-10-06T09:55:26Z
26.9185562,75.8490246,2018-10-06T09:55:37Z
26.9185562,75.8490246,2018-10-06T09:55:48Z
26.9185247,75.8490537,2018-10-06T09:55:59Z
26.9181275,75.8490299,2018-10-06T09:56:10Z
26.9173184,75.8488613,2018-10-06T09:56:20Z
26.9163748,75.8486613,2018-10-06T09:56:32Z
26.9151742,75.8483638,2018-10-06T09:56:42Z
26.9140017,75.8480981,2018-10-06T09:56:53Z
26.9128690,75.8478151,2018-10-06T09:57:04Z
26.9119221,75.8476423,2018-10-06T09:57:15Z
26.9111949,75.8475022,2018-10-06T09:57:26Z
26.9104833,75.8473355,2018-10-06T09:57:36Z
26.9093754,75.8471153,2018-10-06T09:57:47Z
26.9082350,75.8468747,2018-10-06T09:57:58Z
26.9071987,75.8466114,2018-10-06T09:58:09Z
26.9062271,75.8461657,2018-10-06T09:58:20Z
26.9055328,75.8456659,2018-10-06T09:58:30Z
26.9050633,75.8453119,2018-10-06T09:58:40Z
26.9048898,75.8451668,2018-10-06T09:58:50Z
26.9048683,75.8451480,2018-10-06T09:59:01Z
26.9048503,75.8451240,2018-10-06T09:59:12Z
26.9047425,75.8450971,2018-10-06T09:59:22Z
26.9046123,75.8450042,2018-10-06T09:59:33Z
26.9044217,75.8448201,2018-10-06T09:59:43Z
26.9042613,75.8448183,2018-10-06T09:59:53Z
26.9039792,75.8449537,2018-10-06T10:00:04Z
26.9038671,75.8450161,2018-10-06T10:00:14Z
26.9035273,75.8452830,2018-10-06T10:00:25Z
26.9031806,75.8455595,2018-10-06T10:00:36Z
26.9026926,75.8458508,2018-10-06T10:00:46Z
26.9022949,75.8462738,2018-10-06T10:00:56Z
26.9018023,75.8470434,2018-10-06T10:01:07Z
26.9015753,75.8483249,2018-10-06T10:01:17Z
26.9017006,75.8497647,2018-10-06T10:01:27Z
26.9021626,75.8509369,2018-10-06T10:01:38Z
26.9019769,75.8516308,2018-10-06T10:01:48Z
26.9015202,75.8523320,2018-10-06T10:01:58Z
26.9010939,75.8529486,2018-10-06T10:02:08Z
26.9007976,75.8533105,2018-10-06T10:02:19Z
26.9005988,75.8534989,2018-10-06T10:02:30Z
26.9001468,75.8538673,2018-10-06T10:02:41Z
26.8998609,75.8541005,2018-10-06T10:02:53Z
26.8998060,75.8541685,2018-10-06T10:03:04Z
26.8997627,75.8542083,2018-10-06T10:03:15Z
26.8995618,75.8543783,2018-10-06T10:03:25Z
26.8994240,75.8546219,2018-10-06T10:03:35Z
26.8994182,75.8545985,2018-10-06T10:03:46Z
26.8994067,75.8545653,2018-10-06T10:03:56Z
26.8993404,75.8544967,2018-10-06T10:04:06Z
26.8992699,75.8545595,2018-10-06T10:04:16Z
26.8992225,75.8544596,2018-10-06T10:04:26Z
26.8992483,75.8543180,2018-10-06T10:04:37Z
26.8992638,75.8542591,2018-10-06T10:04:47Z
26.8993109,75.8542224,2018-10-06T10:04:58Z
26.8993439,75.8542047,2018-10-06T10:05:08Z
26.8993439,75.8542047,2018-10-06T10:05:19Z
26.8993439,75.8542047,2018-10-06T10:05:29Z
26.8993456,75.8542105,2018-10-06T10:05:40Z
26.8993465,75.8542108,2018-10-06T10:05:50Z
26.8993465,75.8542108,2018-10-06T10:06:01Z
26.8993498,75.8542278,2018-10-06T10:06:11Z
26.8993498,75.8542278,2018-10-06T10:06:21Z
26.8993125,75.8542239,2018-10-06T10:06:31Z
26.8993108,75.8542373,2018-10-06T10:06:42Z
26.8993193,75.8542422,2018-10-06T10:06:53Z
26.8993222,75.8542120,2018-10-06T10:07:03Z
26.8993276,75.8541451,2018-10-06T10:07:14Z
26.8992761,75.8540649,2018-10-06T10:07:24Z
26.8993134,75.8540152,2018-10-06T10:07:34Z
26.8993269,75.8539999,2018-10-06T10:07:44Z
26.8993104,75.8539898,2018-10-06T10:07:55Z
26.8993428,75.8539691,2018-10-06T10:08:05Z
26.8993428,75.8539691,2018-10-06T10:08:16Z
26.8994278,75.8539127,2018-10-06T10:08:27Z
26.8994880,75.8538796,2018-10-06T10:08:37Z
26.8995594,75.8539794,2018-10-06T10:08:48Z
26.8996202,75.8539808,2018-10-06T10:08:59Z
26.8996014,75.8539050,2018-10-06T10:09:10Z
26.8996986,75.8538146,2018-10-06T10:09:21Z
26.8997562,75.8537548,2018-10-06T10:09:31Z
26.8998387,75.8537463,2018-10-06T10:09:41Z
26.8999120,75.8536722,2018-10-06T10:09:52Z
26.8999635,75.8536422,2018-10-06T10:10:03Z
26.9000258,75.8535781,2018-10-06T10:10:14Z
26.9000848,75.8535324,2018-10-06T10:10:24Z
26.9001502,75.8534846,2018-10-06T10:10:35Z
26.9002037,75.8534258,2018-10-06T10:10:45Z
26.9002351,75.8534003,2018-10-06T10:10:55Z
26.9002466,75.8534457,2018-10-06T10:11:06Z
26.9002417,75.8534904,2018-10-06T10:11:17Z
26.9002882,75.8535811,2018-10-06T10:11:28Z
26.9002263,75.8536489,2018-10-06T10:11:39Z
26.9001922,75.8536982,2018-10-06T10:11:49Z
26.9001922,75.8536982,2018-10-06T10:12:00Z
26.9001922,75.8536982,2018-10-06T10:12:10Z
26.9001922,75.8536982,2018-10-06T10:12:20Z
26.9001922,75.8536982,2018-10-06T10:12:30Z
26.9001922,75.8536982,2018-10-06T10:12:41Z
26.9001922,75.8536982,2018-10-06T10:12:51Z
26.9001922,75.8536982,2018-10-06T10:13:02Z
26.9001922,75.8536982,2018-10-06T10:13:13Z
26.9001922,75.8536982,2018-10-06T10:13:24Z
26.9001949,75.8536945,2018-10-06T10:13:34Z
26.9001949,75.8536945,2018-10-06T10:13:45Z
26.9001949,75.8536945,2018-10-06T10:13:56Z
26.9001949,75.8536945,2018-10-06T10:14:07Z
26.9001949,75.8536945,2018-10-06T10:14:17Z
26.9001949,75.8536945,2018-10-06T10:14:28Z
26.9001949,75.8536945,2018-10-06T10:14:39Z
26.9001949,75.8536945,2018-10-06T10:14:49Z
26.9001949,75.8536945,2018-10-06T10:15:00Z
26.9001949,75.8536945,2018-10-06T10:15:11Z
26.9001949,75.8536945,2018-10-06T10:15:22Z
26.9002125,75.8537101,2018-10-06T10:15:33Z
26.9001931,75.8537163,2018-10-06T10:15:43Z
26.9001715,75.8537205,2018-10-06T10:15:54Z
26.9001715,75.8537205,2018-10-06T10:16:04Z
26.9001715,75.8537205,2018-10-06T10:16:14Z
26.9001715,75.8537205,2018-10-06T10:16:24Z
26.9001715,75.8537205,2018-10-06T10:16:35Z
26.9001715,75.8537205,2018-10-06T10:16:46Z
26.9001449,75.8536635,2018-10-06T10:16:56Z
26.9000606,75.8535830,2018-10-06T10:17:07Z
26.8999955,75.8536749,2018-10-06T10:17:17Z
26.8999224,75.8537458,2018-10-06T10:17:28Z
26.8998534,75.8538080,2018-10-06T10:17:38Z
26.8997765,75.8538755,2018-10-06T10:17:48Z
26.8997227,75.8539172,2018-10-06T10:17:59Z
26.8996471,75.8539789,2018-10-06T10:18:09Z
26.8995957,75.8540178,2018-10-06T10:18:20Z
26.8995720,75.8541003,2018-10-06T10:18:30Z
26.8996322,75.8541786,2018-10-06T10:18:40Z
26.8995581,75.8542295,2018-10-06T10:18:51Z
26.8994706,75.8542804,2018-10-06T10:19:01Z
26.8994048,75.8542763,2018-10-06T10:19:12Z
26.8993259,75.8542159,2018-10-06T10:19:23Z
26.8992438,75.8542843,2018-10-06T10:19:33Z
26.8991683,75.8544246,2018-10-06T10:19:44Z
26.8991024,75.8545462,2018-10-06T10:19:55Z
26.8991154,75.8545829,2018-10-06T10:20:06Z
26.8991083,75.8546180,2018-10-06T10:20:17Z
26.8990560,75.8547363,2018-10-06T10:20:28Z
26.8990368,75.8547508,2018-10-06T10:20:39Z
26.8990368,75.8547508,2018-10-06T10:20:50Z
26.8990029,75.8547796,2018-10-06T10:21:00Z
26.8990044,75.8547839,2018-10-06T10:21:11Z
26.8989599,75.8548166,2018-10-06T10:21:22Z
26.8988445,75.8549005,2018-10-06T10:21:33Z
26.8987544,75.8549722,2018-10-06T10:21:44Z
26.8986584,75.8550482,2018-10-06T10:21:55Z
26.8985648,75.8551031,2018-10-06T10:22:05Z
26.8984675,75.8551553,2018-10-06T10:22:16Z
26.8984470,75.8551990,2018-10-06T10:22:26Z
26.8984450,75.8552672,2018-10-06T10:22:37Z
26.8984329,75.8553351,2018-10-06T10:22:47Z
26.8985652,75.8553895,2018-10-06T10:22:58Z
26.8986420,75.8554148,2018-10-06T10:23:08Z
26.8986461,75.8554290,2018-10-06T10:23:19Z
26.8986683,75.8554802,2018-10-06T10:23:30Z
26.8986899,75.8555852,2018-10-06T10:23:40Z
26.8987255,75.8556274,2018-10-06T10:23:50Z
26.8986765,75.8556770,2018-10-06T10:24:01Z
26.8986152,75.8557683,2018-10-06T10:24:11Z
26.8985479,75.8558324,2018-10-06T10:24:21Z
26.8985046,75.8558796,2018-10-06T10:24:31Z
26.8985208,75.8559462,2018-10-06T10:24:43Z
26.8984982,75.8560416,2018-10-06T10:24:54Z
26.8985072,75.8560329,2018-10-06T10:25:04Z
26.8985090,75.8560161,2018-10-06T10:25:14Z
26.8985090,75.8560161,2018-10-06T10:25:24Z
26.8985090,75.8560161,2018-10-06T10:25:34Z
26.8985790,75.8560785,2018-10-06T10:25:45Z
26.8985655,75.8562080,2018-10-06T10:25:56Z
26.8985372,75.8562959,2018-10-06T10:26:07Z
26.8984951,75.8563535,2018-10-06T10:26:18Z
26.8985255,75.8564597,2018-10-06T10:26:28Z
26.8985415,75.8565649,2018-10-06T10:26:39Z
26.8985434,75.8566638,2018-10-06T10:26:49Z
26.8985419,75.8567270,2018-10-06T10:27:00Z
26.8985053,75.8567383,2018-10-06T10:27:10Z
26.8984060,75.8567170,2018-10-06T10:27:21Z
26.8983368,75.8567150,2018-10-06T10:27:32Z
26.8982950,75.8568556,2018-10-06T10:27:43Z
26.8982494,75.8569576,2018-10-06T10:27:53Z
26.8982255,75.8570781,2018-10-06T10:28:03Z
26.8982368,75.8571858,2018-10-06T10:28:14Z
26.8982345,75.8572697,2018-10-06T10:28:24Z
26.8982174,75.8573824,2018-10-06T10:28:35Z
26.8981942,75.8575081,2018-10-06T10:28:46Z
26.8981899,75.8576128,2018-10-06T10:28:56Z
26.8981556,75.8576878,2018-10-06T10:29:06Z
26.8981490,75.8577081,2018-10-06T10:29:17Z
26.8982083,75.8577764,2018-10-06T10:29:27Z
26.8982534,75.8577618,2018-10-06T10:29:38Z
26.8982203,75.8577420,2018-10-06T10:29:48Z
26.8982225,75.8577408,2018-10-06T10:29:59Z
26.8982204,75.8577651,2018-10-06T10:30:09Z
26.8982979,75.8577712,2018-10-06T10:30:20Z
26.8983890,75.8577941,2018-10-06T10:30:30Z
26.8984150,75.8578065,2018-10-06T10:30:40Z
26.8984150,75.8578065,2018-10-06T10:30:50Z
26.8984425,75.8577617,2018-10-06T10:31:01Z
26.8985115,75.8577889,2018-10-06T10:31:11Z
26.8985962,75.8577849,2018-10-06T10:31:21Z
26.8986956,75.8577921,2018-10-06T10:31:31Z
26.8987300,75.8576890,2018-10-06T10:31:41Z
26.8987425,75.8575689,2018-10-06T10:31:52Z
26.8986504,75.8574664,2018-10-06T10:32:02Z
26.8986031,75.8574512,2018-10-06T10:32:12Z
26.8986225,75.8574056,2018-10-06T10:32:22Z
26.8985466,75.8573305,2018-10-06T10:32:33Z
26.8985039,75.8572460,2018-10-06T10:32:44Z
26.8985015,75.8571813,2018-10-06T10:32:55Z
26.8985115,75.8571076,2018-10-06T10:33:06Z
26.8985275,75.8569865,2018-10-06T10:33:16Z
26.8985636,75.8568860,2018-10-06T10:33:26Z
26.8985552,75.8567648,2018-10-06T10:33:36Z
26.8985578,75.8566924,2018-10-06T10:33:47Z
26.8985596,75.8565872,2018-10-06T10:33:58Z
26.8985799,75.8564700,2018-10-06T10:34:09Z
26.8986426,75.8564053,2018-10-06T10:34:19Z
26.8986310,75.8562984,2018-10-06T10:34:29Z
26.8986065,75.8561886,2018-10-06T10:34:39Z
26.8986204,75.8560539,2018-10-06T10:34:50Z
26.8986932,75.8559929,2018-10-06T10:35:01Z
26.8987100,75.8558840,2018-10-06T10:35:11Z
26.8987083,75.8558546,2018-10-06T10:35:21Z
26.8986696,75.8557618,2018-10-06T10:35:32Z
26.8985675,75.8556671,2018-10-06T10:35:43Z
26.8984988,75.8555863,2018-10-06T10:35:54Z
26.8984947,75.8555095,2018-10-06T10:36:05Z
26.8985142,75.8554274,2018-10-06T10:36:16Z
26.8984533,75.8553810,2018-10-06T10:36:26Z
26.8984029,75.8552758,2018-10-06T10:36:36Z
26.8984122,75.8551931,2018-10-06T10:36:47Z
26.8984329,75.8551165,2018-10-06T10:36:58Z
26.8985605,75.8550673,2018-10-06T10:37:08Z
26.8986684,75.8549808,2018-10-06T10:37:19Z
26.8987785,75.8549235,2018-10-06T10:37:29Z
26.8988372,75.8548357,2018-10-06T10:37:39Z
26.8989177,75.8547665,2018-10-06T10:37:50Z
26.8990056,75.8546876,2018-10-06T10:38:00Z
26.8991017,75.8546303,2018-10-06T10:38:11Z
26.8991583,75.8545913,2018-10-06T10:38:21Z
26.8991832,75.8545592,2018-10-06T10:38:32Z
26.8992669,75.8545073,2018-10-06T10:38:42Z
26.8993256,75.8544954,2018-10-06T10:38:53Z
26.8992785,75.8545967,2018-10-06T10:39:04Z
26.8992118,75.8546828,2018-10-06T10:39:14Z
26.8991593,75.8548258,2018-10-06T10:39:25Z
26.8991024,75.8549696,2018-10-06T10:39:36Z
26.8990418,75.8550807,2018-10-06T10:39:46Z
26.8989854,75.8552065,2018-10-06T10:39:57Z
26.8989624,75.8553268,2018-10-06T10:40:08Z
26.8989562,75.8554743,2018-10-06T10:40:19Z
26.8989133,75.8555934,2018-10-06T10:40:29Z
26.8988746,75.8557039,2018-10-06T10:40:40Z
26.8988614,75.8558406,2018-10-06T10:40:51Z
26.8988281,75.8559594,2018-10-06T10:41:02Z
26.8987991,75.8560805,2018-10-06T10:41:12Z
26.8988027,75.8561990,2018-10-06T10:41:23Z
26.8988134,75.8562088,2018-10-06T10:41:34Z
26.8988395,75.8562689,2018-10-06T10:41:44Z
26.8988378,75.8563853,2018-10-06T10:41:54Z
26.8988296,75.8565150,2018-10-06T10:42:05Z
26.8988159,75.8566639,2018-10-06T10:42:16Z
26.8987964,75.8567873,2018-10-06T10:42:26Z
26.8987747,75.8569214,2018-10-06T10:42:36Z
26.8987776,75.8570336,2018-10-06T10:42:47Z
26.8988020,75.8571631,2018-10-06T10:42:58Z
26.8988193,75.8572952,2018-10-06T10:43:08Z
26.8988233,75.8573116,2018-10-06T10:43:19Z
26.8988862,75.8573226,2018-10-06T10:43:30Z
26.8989698,75.8574444,2018-10-06T10:43:41Z
26.8989987,75.8575738,2018-10-06T10:43:52Z
26.8990499,75.8576699,2018-10-06T10:44:02Z
26.8990919,75.8577896,2018-10-06T10:44:13Z
26.8991244,75.8579320,2018-10-06T10:44:23Z
26.8991300,75.8580805,2018-10-06T10:44:33Z
26.8991123,75.8582262,2018-10-06T10:44:44Z
26.8991028,75.8583732,2018-10-06T10:44:55Z
26.8991025,75.8584653,2018-10-06T10:45:06Z
26.8991584,75.8584936,2018-10-06T10:45:16Z
26.8992205,75.8586013,2018-10-06T10:45:27Z
26.8992273,75.8586136,2018-10-06T10:45:38Z
26.8992273,75.8586136,2018-10-06T10:45:49Z
26.8992270,75.8586156,2018-10-06T10:46:00Z
26.8992201,75.8586363,2018-10-06T10:46:10Z
26.8992021,75.8586630,2018-10-06T10:46:21Z
26.8992021,75.8586630,2018-10-06T10:46:31Z
26.8991770,75.8587617,2018-10-06T10:46:42Z
26.8990871,75.8588077,2018-10-06T10:46:54Z
26.8990676,75.8588534,2018-10-06T10:47:04Z
26.8990676,75.8588534,2018-10-06T10:47:15Z
26.8990741,75.8589306,2018-10-06T10:47:25Z
26.8991348,75.8589810,2018-10-06T10:47:36Z
26.8992067,75.8590040,2018-10-06T10:47:46Z
26.8992474,75.8590114,2018-10-06T10:47:57Z
26.8993114,75.8590172,2018-10-06T10:48:07Z
26.8994130,75.8590477,2018-10-06T10:48:17Z
26.8994964,75.8590447,2018-10-06T10:48:28Z
26.8995081,75.8590578,2018-10-06T10:48:38Z
26.8995081,75.8590578,2018-10-06T10:48:49Z
26.8995081,75.8590578,2018-10-06T10:49:00Z
26.8995081,75.8590578,2018-10-06T10:49:10Z
26.8995081,75.8590578,2018-10-06T10:49:21Z
26.8995081,75.8590578,2018-10-06T10:49:31Z
26.8995081,75.8590578,2018-10-06T10:49:41Z
26.8995081,75.8590578,2018-10-06T10:49:52Z
26.8995081,75.8590578,2018-10-06T10:50:02Z
26.8995081,75.8590578,2018-10-06T10:50:13Z
26.8995081,75.8590578,2018-10-06T10:50:24Z
26.8995081,75.8590578,2018-10-06T10:50:34Z
26.8995081,75.8590578,2018-10-06T10:50:45Z
26.8995081,75.8590578,2018-10-06T10:50:55Z
26.8995081,75.8590578,2018-10-06T10:51:06Z
26.8995081,75.8590578,2018-10-06T10:51:16Z
26.8995081,75.8590578,2018-10-06T10:51:26Z
26.8995081,75.8590578,2018-10-06T10:51:36Z
26.8995081,75.8590578,2018-10-06T10:51:47Z
26.8995081,75.8590578,2018-10-06T10:51:58Z
26.8995081,75.8590578,2018-10-06T10:52:08Z
26.8995081,75.8590578,2018-10-06T10:52:19Z
26.8995081,75.8590578,2018-10-06T10:52:30Z
26.8995081,75.8590578,2018-10-06T10:52:41Z
26.8995081,75.8590578,2018-10-06T10:52:51Z
26.8995081,75.8590578,2018-10-06T10:53:01Z
26.8995081,75.8590578,2018-10-06T10:53:12Z
26.8995081,75.8590578,2018-10-06T10:53:22Z
26.8995081,75.8590578,2018-10-06T10:53:32Z
26.8995081,75.8590578,2018-10-06T10:53:42Z
26.8995081,75.8590578,2018-10-06T10:53:52Z
26.8995081,75.8590578,2018-10-06T10:54:02Z
26.8995081,75.8590578,2018-10-06T10:54:12Z
26.8995081,75.8590578,2018-10-06T10:54:23Z
26.8995081,75.8590578,2018-10-06T10:54:34Z
26.8995081,75.8590578,2018-10-06T10:54:44Z
26.8995081,75.8590578,2018-10-06T10:54:55Z
26.8995081,75.8590578,2018-10-06T10:55:05Z
26.8995081,75.8590578,2018-10-06T10:55:16Z
26.8995081,75.8590578,2018-10-06T10:55:27Z
26.8995081,75.8590578,2018-10-06T10:55:37Z
26.8995081,75.8590578,2018-10-06T10:55:48Z
26.8995081,75.8590578,2018-10-06T10:55:58Z
26.8995016,75.8590383,2018-10-06T10:56:08Z
26.8994976,75.8590341,2018-10-06T10:56:19Z
26.8994976,75.8590341,2018-10-06T10:56:29Z
26.8994682,75.8590501,2018-10-06T10:56:39Z
26.8994826,75.8590541,2018-10-06T10:56:49Z
26.8995518,75.8590598,2018-10-06T10:56:59Z
26.8995673,75.8591070,2018-10-06T10:57:09Z
26.8995292,75.8592281,2018-10-06T10:57:20Z
26.8994415,75.8591839,2018-10-06T10:57:30Z
26.8994294,75.8592058,2018-10-06T10:57:40Z
26.8994451,75.8592123,2018-10-06T10:57:51Z
26.8994453,75.8592132,2018-10-06T10:58:01Z
26.8994453,75.8592132,2018-10-06T10:58:12Z
26.8994453,75.8592132,2018-10-06T10:58:22Z
26.8995269,75.8592864,2018-10-06T10:58:32Z
26.8995247,75.8594131,2018-10-06T10:58:43Z
26.8994881,75.8595312,2018-10-06T10:58:53Z
26.8994924,75.8596440,2018-10-06T10:59:03Z
26.8994845,75.8597448,2018-10-06T10:59:14Z
26.8994965,75.8598545,2018-10-06T10:59:25Z
26.8994666,75.8599588,2018-10-06T10:59:35Z
26.8994097,75.8600530,2018-10-06T10:59:45Z
26.8993006,75.8600510,2018-10-06T10:59:56Z
26.8992930,75.8600512,2018-10-06T11:00:07Z
26.8992482,75.8600446,2018-10-06T11:00:18Z
26.8992427,75.8600346,2018-10-06T11:00:28Z
26.8991579,75.8599753,2018-10-06T11:00:39Z
26.8991649,75.8599119,2018-10-06T11:00:49Z
26.8991889,75.8597847,2018-10-06T11:01:00Z
26.8991934,75.8596783,2018-10-06T11:01:11Z
26.8992227,75.8595590,2018-10-06T11:01:21Z
26.8992457,75.8594357,2018-10-06T11:01:32Z
26.8992711,75.8593272,2018-10-06T11:01:42Z
26.8992337,75.8592411,2018-10-06T11:01:52Z
26.8991312,75.8591911,2018-10-06T11:02:02Z
26.8991162,75.8591669,2018-10-06T11:02:13Z
26.8991351,75.8591455,2018-10-06T11:02:23Z
26.8990478,75.8591255,2018-10-06T11:02:34Z
26.8990494,75.8590301,2018-10-06T11:02:44Z
26.8990748,75.8589748,2018-10-06T11:02:55Z
26.8991005,75.8589521,2018-10-06T11:03:05Z
26.8991299,75.8589115,2018-10-06T11:03:16Z
26.8990612,75.8589288,2018-10-06T11:03:26Z
26.8990832,75.8588452,2018-10-06T11:03:37Z
26.8991375,75.8588180,2018-10-06T11:03:47Z
26.8992032,75.8588099,2018-10-06T11:03:57Z
26.8992131,75.8587814,2018-10-06T11:04:08Z
26.8992665,75.8587793,2018-10-06T11:04:18Z
26.8993274,75.8587504,2018-10-06T11:04:28Z
26.8993728,75.8587587,2018-10-06T11:04:39Z
26.8994276,75.8587710,2018-10-06T11:04:49Z
26.8994754,75.8587575,2018-10-06T11:05:00Z
26.8994234,75.8587161,2018-10-06T11:05:11Z
26.8994234,75.8587161,2018-10-06T11:05:21Z
26.8994275,75.8587261,2018-10-06T11:05:31Z
26.8993702,75.8587715,2018-10-06T11:05:41Z
26.8992834,75.8587311,2018-10-06T11:05:52Z
26.8992239,75.8587203,2018-10-06T11:06:02Z
26.8992118,75.8587659,2018-10-06T11:06:12Z
26.8992140,75.8587928,2018-10-06T11:06:23Z
26.8991790,75.8588064,2018-10-06T11:06:33Z
26.8992038,75.8587156,2018-10-06T11:06:43Z
26.8992334,75.8586253,2018-10-06T11:06:54Z
26.8991877,75.8585943,2018-10-06T11:07:05Z
26.8991877,75.8585943,2018-10-06T11:07:15Z
26.8991877,75.8585943,2018-10-06T11:07:25Z
26.8991877,75.8585943,2018-10-06T11:07:35Z
26.8991877,75.8585943,2018-10-06T11:07:46Z
26.8991877,75.8585943,2018-10-06T11:07:57Z
26.8991877,75.8585943,2018-10-06T11:08:08Z
26.8991877,75.8585943,2018-10-06T11:08:18Z
26.8991877,75.8585943,2018-10-06T11:08:29Z
26.8991877,75.8585943,2018-10-06T11:08:39Z
26.8991877,75.8585943,2018-10-06T11:08:49Z
26.8991877,75.8585943,2018-10-06T11:09:00Z
26.8991877,75.8585943,2018-10-06T11:09:11Z
26.8991877,75.8585943,2018-10-06T11:09:21Z
26.8991877,75.8585943,2018-10-06T11:09:31Z
26.8991877,75.8585943,2018-10-06T11:09:41Z
26.8991877,75.8585943,2018-10-06T11:09:52Z
26.8991877,75.8585943,2018-10-06T11:10:02Z
26.8991877,75.8585943,2018-10-06T11:10:13Z
26.8991877,75.8585943,2018-10-06T11:10:24Z
26.8991877,75.8585943,2018-10-06T11:10:35Z
26.8991994,75.8586115,2018-10-06T11:10:46Z
26.8991994,75.8586115,2018-10-06T11:10:57Z
26.8991994,75.8586115,2018-10-06T11:11:07Z
26.8991903,75.8586161,2018-10-06T11:11:17Z
26.8991903,75.8586161,2018-10-06T11:11:28Z
26.8991903,75.8586161,2018-10-06T11:11:38Z
26.8991903,75.8586161,2018-10-06T11:11:49Z
26.8991903,75.8586161,2018-10-06T11:12:00Z
26.8991871,75.8586026,2018-10-06T11:12:11Z
26.8991871,75.8586026,2018-10-06T11:12:22Z
26.8991871,75.8586026,2018-10-06T11:12:32Z
26.8991871,75.8586026,2018-10-06T11:12:42Z
26.8991871,75.8586026,2018-10-06T11:12:53Z
26.8991871,75.8586026,2018-10-06T11:13:03Z
26.8991871,75.8586026,2018-10-06T11:13:14Z
26.8991871,75.8586026,2018-10-06T11:13:24Z
26.8991871,75.8586026,2018-10-06T11:13:35Z
26.8991871,75.8586026,2018-10-06T11:13:46Z
26.8991871,75.8586026,2018-10-06T11:13:56Z
26.8991871,75.8586026,2018-10-06T11:14:07Z
26.8991871,75.8586026,2018-10-06T11:14:17Z
26.8991871,75.8586026,2018-10-06T11:14:27Z
26.8991874,75.8586046,2018-10-06T11:14:38Z
26.8991874,75.8586046,2018-10-06T11:14:48Z
26.8991874,75.8586046,2018-10-06T11:14:58Z
26.8991874,75.8586046,2018-10-06T11:15:09Z
26.8991874,75.8586046,2018-10-06T11:15:19Z
26.8991874,75.8586046,2018-10-06T11:15:29Z
26.8991818,75.8586074,2018-10-06T11:15:40Z
26.8991818,75.8586074,2018-10-06T11:15:50Z
26.8991818,75.8586074,2018-10-06T11:16:01Z
26.8991818,75.8586074,2018-10-06T11:16:12Z
26.8991818,75.8586074,2018-10-06T11:16:23Z
26.8991818,75.8586074,2018-10-06T11:16:34Z
26.8991818,75.8586074,2018-10-06T11:16:44Z
26.8991818,75.8586074,2018-10-06T11:16:54Z
26.8991818,75.8586074,2018-10-06T11:17:05Z
26.8991818,75.8586074,2018-10-06T11:17:15Z
26.8991818,75.8586074,2018-10-06T11:17:26Z
26.8991818,75.8586074,2018-10-06T11:17:37Z
26.8991818,75.8586074,2018-10-06T11:17:48Z
26.8991818,75.8586074,2018-10-06T11:17:58Z
26.8991818,75.8586074,2018-10-06T11:18:09Z
26.8991818,75.8586074,2018-10-06T11:18:19Z
26.8991818,75.8586074,2018-10-06T11:18:30Z
26.8991818,75.8586074,2018-10-06T11:18:40Z
26.8991818,75.8586074,2018-10-06T11:18:51Z
26.8991818,75.8586074,2018-10-06T11:19:02Z
26.8991818,75.8586074,2018-10-06T11:19:12Z
26.8991818,75.8586074,2018-10-06T11:19:22Z
26.8991818,75.8586074,2018-10-06T11:19:32Z
26.8991818,75.8586074,2018-10-06T11:19:44Z
26.8991929,75.8585959,2018-10-06T11:19:54Z
26.8991931,75.8585959,2018-10-06T11:20:05Z
26.8991931,75.8585959,2018-10-06T11:20:16Z
26.8991931,75.8585959,2018-10-06T11:20:27Z
26.8991931,75.8585959,2018-10-06T11:20:37Z
26.8991931,75.8585959,2018-10-06T11:20:47Z
26.8991931,75.8585959,2018-10-06T11:20:58Z
26.8991931,75.8585959,2018-10-06T11:21:08Z
26.8991931,75.8585959,2018-10-06T11:21:19Z
26.8991931,75.8585959,2018-10-06T11:21:30Z
26.8991931,75.8585959,2018-10-06T11:21:40Z
26.8991931,75.8585959,2018-10-06T11:21:50Z
26.8991931,75.8585959,2018-10-06T11:22:01Z
26.8991931,75.8585959,2018-10-06T11:22:12Z
26.8991931,75.8585959,2018-10-06T11:22:24Z
26.8991931,75.8585959,2018-10-06T11:22:34Z
26.8991931,75.8585959,2018-10-06T11:22:45Z
26.8991931,75.8585959,2018-10-06T11:22:56Z
26.8991931,75.8585959,2018-10-06T11:23:06Z
26.8991931,75.8585959,2018-10-06T11:23:16Z
26.8991931,75.8585959,2018-10-06T11:23:26Z
26.8991990,75.8585879,2018-10-06T11:23:37Z
26.8991990,75.8585879,2018-10-06T11:23:48Z
26.8992101,75.8585831,2018-10-06T11:23:59Z
26.8992101,75.8585831,2018-10-06T11:24:09Z
26.8992101,75.8585831,2018-10-06T11:24:20Z
26.8992386,75.8585716,2018-10-06T11:24:31Z
26.8992638,75.8584892,2018-10-06T11:24:41Z
26.8992399,75.8584448,2018-10-06T11:24:52Z
26.8992399,75.8584448,2018-10-06T11:25:02Z
26.8992399,75.8584448,2018-10-06T11:25:12Z
26.8990732,75.8584583,2018-10-06T11:25:22Z
26.8989478,75.8575827,2018-10-06T11:25:33Z
26.8988253,75.8568557,2018-10-06T11:25:43Z
26.8989156,75.8561008,2018-10-06T11:25:53Z
26.8990418,75.8552777,2018-10-06T11:26:04Z
26.8993612,75.8545959,2018-10-06T11:26:14Z
26.8998979,75.8540125,2018-10-06T11:26:25Z
26.9004906,75.8535026,2018-10-06T11:26:35Z
26.9009129,75.8530345,2018-10-06T11:26:45Z
26.9013428,75.8523520,2018-10-06T11:26:55Z
26.9017594,75.8517036,2018-10-06T11:27:06Z
26.9021636,75.8511241,2018-10-06T11:27:17Z
26.9018092,75.8506052,2018-10-06T11:27:28Z
26.9017061,75.8499528,2018-10-06T11:27:39Z
26.9016580,75.8490299,2018-10-06T11:27:49Z
26.9016113,75.8478332,2018-10-06T11:28:00Z
26.9020038,75.8464719,2018-10-06T11:28:11Z
26.9026079,75.8457575,2018-10-06T11:28:21Z
26.9031077,75.8452950,2018-10-06T11:28:32Z
26.9041899,75.8444470,2018-10-06T11:28:44Z
26.9055872,75.8429411,2018-10-06T11:28:55Z
26.9063282,75.8419839,2018-10-06T11:29:05Z
26.9066872,75.8414358,2018-10-06T11:29:15Z
26.9067232,75.8413741,2018-10-06T11:29:25Z
26.9067393,75.8413419,2018-10-06T11:29:35Z
26.9068492,75.8411530,2018-10-06T11:29:46Z
26.9072103,75.8406039,2018-10-06T11:29:57Z
26.9079372,75.8395028,2018-10-06T11:30:07Z
26.9085281,75.8387064,2018-10-06T11:30:17Z
26.9089439,75.8381573,2018-10-06T11:30:28Z
26.9095251,75.8375917,2018-10-06T11:30:39Z
26.9101868,75.8370286,2018-10-06T11:30:50Z
26.9108489,75.8363432,2018-10-06T11:31:00Z
26.9111893,75.8359685,2018-10-06T11:31:10Z
26.9115306,75.8355855,2018-10-06T11:31:21Z
26.9120269,75.8350436,2018-10-06T11:31:31Z
26.9125249,75.8345190,2018-10-06T11:31:41Z
26.9130236,75.8339354,2018-10-06T11:31:52Z
26.9132774,75.8333393,2018-10-06T11:32:03Z
26.9132860,75.8331422,2018-10-06T11:32:14Z
26.9132860,75.8331422,2018-10-06T11:32:24Z
26.9133092,75.8330896,2018-10-06T11:32:35Z
26.9134758,75.8326993,2018-10-06T11:32:46Z
26.9135155,75.8324992,2018-10-06T11:32:57Z
26.9137006,75.8318326,2018-10-06T11:33:07Z
26.9139315,75.8309295,2018-10-06T11:33:18Z
26.9141991,75.8297898,2018-10-06T11:33:28Z
26.9144300,75.8288238,2018-10-06T11:33:39Z
26.9146250,75.8280770,2018-10-06T11:33:49Z
26.9147782,75.8274219,2018-10-06T11:34:00Z
26.9148976,75.8269997,2018-10-06T11:34:11Z
26.9149803,75.8265897,2018-10-06T11:34:22Z
26.9150913,75.8261148,2018-10-06T11:34:32Z
26.9151305,75.8259712,2018-10-06T11:34:43Z
26.9151305,75.8259712,2018-10-06T11:34:53Z
26.9151457,75.8258753,2018-10-06T11:35:04Z
26.9151904,75.8256808,2018-10-06T11:35:15Z
26.9151798,75.8255260,2018-10-06T11:35:25Z
26.9151672,75.8254568,2018-10-06T11:35:36Z
26.9151250,75.8251931,2018-10-06T11:35:46Z
26.9151434,75.8248999,2018-10-06T11:35:57Z
26.9151293,75.8248126,2018-10-06T11:36:08Z
26.9151285,75.8245592,2018-10-06T11:36:18Z
26.9152133,75.8240038,2018-10-06T11:36:29Z
26.9155077,75.8226449,2018-10-06T11:36:39Z
26.9156617,75.8216411,2018-10-06T11:36:50Z
26.9155684,75.8214526,2018-10-06T11:37:00Z
26.9155652,75.8207662,2018-10-06T11:37:11Z
26.9150308,75.8206129,2018-10-06T11:37:21Z
26.9142340,75.8204364,2018-10-06T11:37:31Z
26.9137615,75.8201062,2018-10-06T11:37:41Z
26.9140035,75.8192821,2018-10-06T11:37:52Z
26.9141945,75.8183583,2018-10-06T11:38:03Z
26.9144044,75.8171788,2018-10-06T11:38:14Z
26.9144726,75.8168573,2018-10-06T11:38:25Z
26.9143005,75.8166599,2018-10-06T11:38:36Z
26.9134153,75.8163747,2018-10-06T11:38:47Z
26.9126429,75.8161989,2018-10-06T11:38:57Z
26.9124099,75.8158308,2018-10-06T11:39:08Z
26.9126385,75.8149508,2018-10-06T11:39:18Z
26.9128361,75.8139559,2018-10-06T11:39:29Z
26.9130242,75.8129955,2018-10-06T11:39:39Z
26.9132021,75.8122174,2018-10-06T11:39:49Z
26.9132820,75.8117259,2018-10-06T11:39:59Z
26.9134417,75.8109310,2018-10-06T11:40:10Z
26.9136453,75.8100400,2018-10-06T11:40:20Z
26.9138128,75.8090576,2018-10-06T11:40:31Z
26.9138429,75.8088887,2018-10-06T11:40:41Z
26.9138429,75.8088887,2018-10-06T11:40:51Z
26.9138429,75.8088887,2018-10-06T11:41:01Z
26.9138429,75.8088887,2018-10-06T11:41:12Z
26.9138429,75.8088887,2018-10-06T11:41:23Z
26.9141209,75.8087333,2018-10-06T11:41:34Z
26.9150463,75.8092286,2018-10-06T11:41:45Z
26.9155365,75.8093996,2018-10-06T11:41:55Z
26.9159354,75.8095948,2018-10-06T11:42:06Z
26.9160793,75.8097088,2018-10-06T11:42:16Z
26.9166599,75.8099657,2018-10-06T11:42:27Z
26.9169817,75.8100465,2018-10-06T11:42:38Z
26.9174035,75.8101451,2018-10-06T11:42:49Z
26.9178483,75.8102384,2018-10-06T11:43:00Z
26.9180075,75.8102675,2018-10-06T11:43:10Z
26.9180971,75.8100627,2018-10-06T11:43:20Z
26.9181740,75.8095975,2018-10-06T11:43:30Z
26.9182969,75.8090410,2018-10-06T11:43:40Z
26.9183490,75.8087593,2018-10-06T11:43:51Z
26.9184596,75.8083287,2018-10-06T11:44:01Z
26.9185058,75.8078689,2018-10-06T11:44:13Z
26.9182674,75.8077889,2018-10-06T11:44:23Z
26.9177497,75.8076587,2018-10-06T11:44:34Z
26.9176871,75.8076382,2018-10-06T11:44:44Z
26.9176871,75.8076382,2018-10-06T11:44:54Z
26.9176871,75.8076382,2018-10-06T11:45:05Z
26.9176871,75.8076382,2018-10-06T11:45:15Z
26.9176871,75.8076382,2018-10-06T11:45:26Z
26.9175959,75.8076109,2018-10-06T11:45:36Z
26.9175717,75.8076106,2018-10-06T11:45:47Z
26.9175311,75.8075502,2018-10-06T11:45:58Z
26.9174968,75.8075490,2018-10-06T11:46:09Z
26.9174507,75.8075647,2018-10-06T11:46:20Z
26.9174366,75.8075928,2018-10-06T11:46:31Z
26.9174366,75.8075928,2018-10-06T11:46:41Z
26.9174366,75.8075928,2018-10-06T11:46:52Z
26.9174366,75.8075928,2018-10-06T11:47:02Z
26.9174366,75.8075928,2018-10-06T11:47:12Z
26.9174366,75.8075928,2018-10-06T11:47:22Z
26.9174366,75.8075928,2018-10-06T11:47:33Z
26.9174366,75.8075928,2018-10-06T11:47:43Z
26.9174366,75.8075928,2018-10-06T11:47:53Z
26.9174366,75.8075928,2018-10-06T11:48:04Z
26.9174366,75.8075928,2018-10-06T11:48:15Z
26.9174366,75.8075928,2018-10-06T11:48:26Z
26.9174366,75.8075928,2018-10-06T11:48:37Z
26.9174366,75.8075928,2018-10-06T11:48:47Z
26.9174435,75.8075901,2018-10-06T11:48:57Z
26.9174503,75.8076012,2018-10-06T11:49:07Z
26.9174503,75.8076013,2018-10-06T11:49:17Z
26.9174503,75.8076013,2018-10-06T11:49:27Z
26.9174503,75.8076013,2018-10-06T11:49:37Z
26.9174503,75.8076013,2018-10-06T11:49:48Z
26.9174503,75.8076013,2018-10-06T11:49:59Z
26.9174503,75.8076013,2018-10-06T11:50:10Z
26.9174503,75.8076013,2018-10-06T11:50:20Z
26.9174503,75.8076013,2018-10-06T11:50:31Z
26.9174503,75.8076013,2018-10-06T11:50:42Z
26.9174503,75.8076013,2018-10-06T11:50:53Z
26.9174503,75.8076013,2018-10-06T11:51:03Z
26.9174503,75.8076013,2018-10-06T11:51:14Z
26.9174503,75.8076013,2018-10-06T11:51:24Z
26.9174503,75.8076013,2018-10-06T11:51:35Z
26.9174503,75.8076013,2018-10-06T11:51:45Z
26.9174503,75.8076013,2018-10-06T11:51:56Z
26.9174503,75.8076013,2018-10-06T11:52:06Z
26.9174503,75.8076013,2018-10-06T11:52:16Z
26.9174503,75.8076013,2018-10-06T11:52:27Z
26.9174503,75.8076013,2018-10-06T11:52:39Z
26.9174503,75.8076013,2018-10-06T11:52:49Z
26.9174503,75.8076013,2018-10-06T11:52:59Z
26.9174503,75.8076013,2018-10-06T11:53:11Z
26.9174503,75.8076013,2018-10-06T11:53:21Z
26.9174503,75.8076013,2018-10-06T11:53:32Z
26.9174503,75.8076013,2018-10-06T11:53:43Z
26.9174503,75.8076013,2018-10-06T11:53:54Z
26.9174503,75.8076013,2018-10-06T11:54:05Z
26.9174608,75.8076282,2018-10-06T11:54:16Z
26.9174292,75.8076988,2018-10-06T11:54:26Z
26.9174208,75.8076978,2018-10-06T11:54:37Z
26.9174208,75.8076978,2018-10-06T11:54:47Z
26.9174208,75.8076978,2018-10-06T11:54:58Z
26.9174208,75.8076978,2018-10-06T11:55:09Z
26.9174208,75.8076978,2018-10-06T11:55:20Z
26.9174281,75.8076484,2018-10-06T11:55:30Z
26.9174281,75.8076484,2018-10-06T11:55:40Z
26.9174281,75.8076484,2018-10-06T11:55:51Z
26.9174281,75.8076484,2018-10-06T11:56:01Z
26.9174281,75.8076484,2018-10-06T11:56:11Z
26.9174281,75.8076484,2018-10-06T11:56:22Z
26.9174281,75.8076484,2018-10-06T11:56:32Z
26.9174281,75.8076484,2018-10-06T11:56:43Z
26.9174281,75.8076484,2018-10-06T11:56:54Z
26.9174281,75.8076484,2018-10-06T11:57:05Z
26.9174281,75.8076484,2018-10-06T11:57:15Z
26.9174281,75.8076484,2018-10-06T11:57:26Z
26.9174281,75.8076484,2018-10-06T11:57:37Z
26.9174183,75.8076320,2018-10-06T11:57:48Z
26.9178468,75.8066458,2018-10-03T08:56:51Z
26.9176276,75.8065002,2018-10-03T08:57:02Z
26.9175257,75.8064594,2018-10-03T08:57:12Z
26.9175470,75.8066184,2018-10-03T08:57:22Z
26.9175218,75.8067210,2018-10-03T08:57:33Z
26.9174450,75.8068152,2018-10-03T08:57:44Z
26.9173413,75.8068656,2018-10-03T08:57:54Z
26.9171824,75.8068623,2018-10-03T08:58:04Z
26.9170733,75.8068602,2018-10-03T08:58:14Z
26.9169418,75.8068204,2018-10-03T08:58:24Z
26.9168189,75.8068167,2018-10-03T08:58:35Z
26.9167362,75.8068060,2018-10-03T08:58:45Z
26.9166743,75.8067872,2018-10-03T08:58:55Z
26.9165968,75.8068954,2018-10-03T08:59:05Z
26.9165263,75.8070094,2018-10-03T08:59:16Z
26.9165338,75.8071161,2018-10-03T08:59:26Z
26.9165205,75.8072809,2018-10-03T08:59:37Z
26.9165116,75.8073668,2018-10-03T08:59:47Z
26.9164836,75.8074590,2018-10-03T08:59:58Z
26.9164536,75.8075786,2018-10-03T09:00:09Z
26.9164220,75.8076968,2018-10-03T09:00:20Z
26.9164022,75.8078364,2018-10-03T09:00:30Z
26.9163638,75.8079677,2018-10-03T09:00:40Z
26.9163215,75.8080998,2018-10-03T09:00:50Z
26.9162968,75.8081832,2018-10-03T09:01:00Z
26.9162749,75.8083033,2018-10-03T09:01:11Z
26.9162589,75.8084189,2018-10-03T09:01:21Z
26.9162390,75.8085245,2018-10-03T09:01:31Z
26.9162222,75.8086624,2018-10-03T09:01:42Z
26.9161929,75.8088121,2018-10-03T09:01:53Z
26.9161923,75.8089428,2018-10-03T09:02:04Z
26.9161729,75.8090970,2018-10-03T09:02:15Z
26.9161760,75.8092595,2018-10-03T09:02:25Z
26.9161995,75.8093814,2018-10-03T09:02:35Z
26.9161783,75.8094924,2018-10-03T09:02:46Z
26.9161274,75.8095906,2018-10-03T09:02:56Z
26.9160803,75.8096828,2018-10-03T09:03:06Z
26.9160651,75.8097370,2018-10-03T09:03:17Z
26.9160347,75.8097962,2018-10-03T09:03:27Z
26.9160347,75.8097962,2018-10-03T09:03:38Z
26.9160287,75.8098361,2018-10-03T09:03:49Z
26.9159717,75.8098409,2018-10-03T09:04:00Z
26.9174811,75.8075978,2018-10-10T05:52:31Z
26.9174556,75.8075955,2018-10-10T05:52:42Z
26.9174556,75.8075955,2018-10-10T05:52:53Z
26.9174556,75.8075955,2018-10-10T05:53:03Z
26.9174556,75.8075955,2018-10-10T05:53:13Z
26.9174534,75.8075832,2018-10-10T05:53:24Z
26.9174534,75.8075832,2018-10-10T05:53:34Z
26.9174478,75.8075673,2018-10-10T05:53:45Z
26.9174478,75.8075673,2018-10-10T05:53:55Z
26.9174478,75.8075673,2018-10-10T05:54:06Z
26.9174478,75.8075673,2018-10-10T05:54:16Z
26.9174478,75.8075673,2018-10-10T05:54:27Z
26.9174478,75.8075673,2018-10-10T05:54:37Z
26.9174478,75.8075673,2018-10-10T05:54:47Z
26.9174565,75.8075617,2018-10-10T05:54:58Z
26.9174565,75.8075617,2018-10-10T05:55:09Z
26.9174565,75.8075617,2018-10-10T05:55:19Z
26.9174677,75.8075713,2018-10-10T05:55:29Z
26.9174677,75.8075713,2018-10-10T05:55:40Z
26.9174677,75.8075713,2018-10-10T05:55:50Z
26.9174527,75.8075802,2018-10-10T05:56:01Z
26.9174677,75.8076133,2018-10-10T05:56:12Z
26.9174599,75.8076245,2018-10-10T05:56:22Z
26.9174382,75.8076131,2018-10-10T05:56:32Z
26.9174390,75.8076072,2018-10-10T05:56:43Z
26.9174514,75.8075842,2018-10-10T05:56:54Z
26.9174514,75.8075842,2018-10-10T05:57:05Z
26.9174503,75.8076004,2018-10-10T05:57:15Z
26.9174538,75.8076021,2018-10-10T05:57:26Z
26.9174538,75.8076021,2018-10-10T05:57:36Z
26.9174538,75.8076021,2018-10-10T05:57:47Z
26.9174538,75.8076021,2018-10-10T05:57:57Z
26.9174538,75.8076021,2018-10-10T05:58:08Z
26.9174538,75.8076021,2018-10-10T05:58:18Z
26.9174538,75.8076021,2018-10-10T05:58:29Z
26.9174349,75.8075932,2018-10-10T05:58:39Z
26.9174346,75.8075932,2018-10-10T05:58:49Z
26.9174346,75.8075932,2018-10-10T05:59:00Z
26.9174346,75.8075932,2018-10-10T05:59:10Z
26.9174453,75.8075989,2018-10-10T05:59:20Z
26.9174453,75.8075989,2018-10-10T05:59:30Z
26.9174639,75.8075683,2018-10-10T05:59:41Z
26.9175343,75.8075416,2018-10-10T05:59:52Z
26.9175454,75.8075878,2018-10-10T06:00:02Z
26.9175677,75.8076010,2018-10-10T06:00:12Z
26.9176798,75.8076325,2018-10-10T06:00:22Z
26.9178103,75.8076649,2018-10-10T06:00:33Z
26.9179580,75.8076876,2018-10-10T06:00:44Z
26.9180869,75.8077052,2018-10-10T06:00:55Z
26.9182066,75.8077397,2018-10-10T06:01:05Z
26.9183377,75.8078033,2018-10-10T06:01:15Z
26.9184700,75.8078392,2018-10-10T06:01:25Z
26.9184881,75.8079897,2018-10-10T06:01:36Z
26.9184767,75.8081403,2018-10-10T06:01:46Z
26.9184397,75.8083040,2018-10-10T06:01:57Z
26.9184141,75.8084278,2018-10-10T06:02:07Z
26.9183999,75.8085691,2018-10-10T06:02:18Z
26.9183614,75.8087384,2018-10-10T06:02:29Z
26.9183610,75.8088679,2018-10-10T06:02:39Z
26.9183573,75.8090374,2018-10-10T06:02:50Z
26.9183328,75.8091534,2018-10-10T06:03:00Z
26.9182891,75.8093076,2018-10-10T06:03:10Z
26.9182749,75.8094603,2018-10-10T06:03:20Z
26.9182395,75.8095991,2018-10-10T06:03:30Z
26.9182216,75.8097323,2018-10-10T06:03:41Z
26.9181923,75.8098634,2018-10-10T06:03:52Z
26.9181735,75.8099271,2018-10-10T06:04:02Z
26.9182021,75.8099205,2018-10-10T06:04:12Z
26.9183205,75.8099903,2018-10-10T06:04:23Z
26.9184059,75.8100539,2018-10-10T06:04:33Z
26.9185355,75.8101122,2018-10-10T06:04:44Z
26.9186611,75.8101630,2018-10-10T06:04:54Z
26.9187669,75.8102118,2018-10-10T06:05:04Z
26.9188882,75.8102408,2018-10-10T06:05:15Z
26.9190163,75.8102490,2018-10-10T06:05:26Z
26.9191165,75.8102443,2018-10-10T06:05:37Z
26.9191747,75.8103260,2018-10-10T06:05:47Z
26.9191984,75.8104779,2018-10-10T06:05:57Z
26.9191788,75.8106172,2018-10-10T06:06:08Z
26.9191526,75.8107456,2018-10-10T06:06:19Z
26.9191200,75.8108830,2018-10-10T06:06:29Z
26.9190771,75.8110223,2018-10-10T06:06:40Z
26.9190766,75.8111315,2018-10-10T06:06:51Z
26.9190406,75.8112726,2018-10-10T06:07:02Z
26.9190050,75.8114166,2018-10-10T06:07:12Z
26.9189899,75.8115498,2018-10-10T06:07:22Z
26.9189906,75.8116762,2018-10-10T06:07:32Z
26.9189752,75.8118067,2018-10-10T06:07:43Z
26.9189405,75.8119198,2018-10-10T06:07:54Z
26.9189368,75.8119927,2018-10-10T06:08:05Z
26.9189073,75.8121208,2018-10-10T06:08:16Z
26.9188640,75.8122465,2018-10-10T06:08:27Z
26.9188252,75.8124039,2018-10-10T06:08:37Z
26.9188076,75.8125378,2018-10-10T06:08:48Z
26.9187983,75.8126920,2018-10-10T06:08:59Z
26.9187619,75.8128085,2018-10-10T06:09:09Z
26.9187151,75.8129616,2018-10-10T06:09:19Z
26.9187050,75.8130969,2018-10-10T06:09:30Z
26.9186783,75.8132419,2018-10-10T06:09:40Z
26.9186461,75.8133830,2018-10-10T06:09:50Z
26.9186152,75.8134795,2018-10-10T06:10:01Z
26.9185842,75.8136173,2018-10-10T06:10:11Z
26.9185563,75.8137627,2018-10-10T06:10:22Z
26.9185330,75.8139115,2018-10-10T06:10:33Z
26.9185076,75.8139439,2018-10-10T06:10:43Z
26.9185075,75.8139419,2018-10-10T06:10:54Z
26.9184848,75.8139413,2018-10-10T06:11:05Z
26.9184912,75.8139346,2018-10-10T06:11:16Z
26.9184913,75.8139345,2018-10-10T06:11:26Z
26.9184913,75.8139345,2018-10-10T06:11:36Z
26.9184801,75.8139456,2018-10-10T06:11:47Z
26.9184617,75.8139402,2018-10-10T06:11:58Z
26.9184707,75.8139631,2018-10-10T06:12:08Z
26.9184702,75.8140772,2018-10-10T06:12:18Z
26.9184450,75.8142289,2018-10-10T06:12:29Z
26.9184204,75.8143643,2018-10-10T06:12:40Z
26.9183964,75.8145081,2018-10-10T06:12:51Z
26.9183707,75.8146374,2018-10-10T06:13:01Z
26.9183380,75.8147785,2018-10-10T06:13:12Z
26.9183014,75.8149137,2018-10-10T06:13:23Z
26.9182926,75.8150328,2018-10-10T06:13:33Z
26.9182442,75.8151996,2018-10-10T06:13:44Z
26.9182157,75.8153131,2018-10-10T06:13:54Z
26.9181715,75.8154542,2018-10-10T06:14:05Z
26.9181559,75.8155859,2018-10-10T06:14:15Z
26.9181257,75.8156937,2018-10-10T06:14:26Z
26.9180688,75.8158268,2018-10-10T06:14:36Z
26.9180511,75.8159389,2018-10-10T06:14:47Z
26.9180272,75.8161133,2018-10-10T06:14:58Z
26.9179930,75.8162376,2018-10-10T06:15:08Z
26.9179460,75.8163128,2018-10-10T06:15:19Z
26.9179617,75.8164690,2018-10-10T06:15:30Z
26.9179330,75.8165234,2018-10-10T06:15:40Z
26.9179330,75.8165234,2018-10-10T06:15:50Z
26.9179330,75.8165234,2018-10-10T06:16:01Z
26.9178604,75.8165811,2018-10-10T06:16:12Z
26.9177708,75.8166653,2018-10-10T06:16:22Z
26.9177755,75.8166591,2018-10-10T06:16:32Z
26.9177755,75.8166591,2018-10-10T06:16:42Z
26.9177755,75.8166591,2018-10-10T06:16:53Z
26.9177755,75.8166591,2018-10-10T06:17:03Z
26.9177755,75.8166591,2018-10-10T06:17:13Z
26.9177755,75.8166591,2018-10-10T06:17:23Z
26.9178520,75.8165833,2018-10-10T06:17:34Z
26.9179298,75.8165478,2018-10-10T06:17:45Z
26.9180277,75.8166029,2018-10-10T06:17:56Z
26.9180979,75.8166475,2018-10-10T06:18:07Z
26.9181617,75.8166943,2018-10-10T06:18:18Z
26.9182532,75.8167054,2018-10-10T06:18:29Z
26.9183595,75.8167159,2018-10-10T06:18:39Z
26.9184913,75.8167532,2018-10-10T06:18:50Z
26.9185502,75.8167939,2018-10-10T06:19:00Z
26.9186153,75.8168211,2018-10-10T06:19:11Z
26.9187577,75.8167889,2018-10-10T06:19:21Z
26.9188806,75.8168212,2018-10-10T06:19:31Z
26.9190298,75.8168574,2018-10-10T06:19:42Z
26.9191395,75.8168651,2018-10-10T06:19:52Z
26.9192147,75.8168893,2018-10-10T06:20:03Z
26.9193273,75.8169179,2018-10-10T06:20:13Z
26.9194540,75.8169747,2018-10-10T06:20:24Z
26.9195563,75.8169737,2018-10-10T06:20:35Z
26.9196461,75.8169919,2018-10-10T06:20:45Z
26.9196602,75.8169558,2018-10-10T06:20:55Z
26.9197037,75.8169177,2018-10-10T06:21:06Z
26.9198790,75.8168249,2018-10-10T06:21:16Z
26.9199263,75.8166937,2018-10-10T06:21:27Z
26.9200091,75.8165443,2018-10-10T06:21:38Z
26.9200014,75.8163691,2018-10-10T06:21:49Z
26.9200278,75.8162290,2018-10-10T06:22:00Z
26.9200339,75.8160870,2018-10-10T06:22:10Z
26.9200794,75.8159472,2018-10-10T06:22:21Z
26.9201447,75.8157814,2018-10-10T06:22:32Z
26.9201442,75.8156374,2018-10-10T06:22:42Z
26.9201805,75.8154996,2018-10-10T06:22:53Z
26.9202325,75.8153885,2018-10-10T06:23:03Z
26.9202362,75.8152382,2018-10-10T06:23:14Z
26.9202859,75.8150965,2018-10-10T06:23:25Z
26.9202923,75.8150419,2018-10-10T06:23:36Z
26.9203928,75.8146543,2018-10-10T06:23:57Z
26.9203900,75.8145797,2018-10-10T06:24:08Z
26.9204154,75.8145188,2018-10-10T06:24:18Z
26.9204104,75.8143848,2018-10-10T06:24:29Z
26.9204456,75.8142613,2018-10-10T06:24:40Z
26.9205494,75.8141501,2018-10-10T06:24:51Z
26.9205560,75.8140067,2018-10-10T06:25:01Z
26.9206226,75.8138835,2018-10-10T06:25:11Z
26.9206571,75.8137364,2018-10-10T06:25:22Z
26.9206568,75.8135780,2018-10-10T06:25:32Z
26.9206729,75.8134409,2018-10-10T06:25:43Z
26.9206972,75.8132777,2018-10-10T06:25:53Z
26.9207042,75.8131180,2018-10-10T06:26:04Z
26.9207255,75.8130167,2018-10-10T06:26:14Z
26.9207782,75.8128735,2018-10-10T06:26:25Z
26.9208122,75.8127328,2018-10-10T06:26:36Z
26.9208295,75.8126209,2018-10-10T06:26:46Z
26.9208682,75.8125375,2018-10-10T06:26:56Z
26.9208829,75.8125205,2018-10-10T06:27:07Z
26.9208822,75.8125224,2018-10-10T06:27:18Z
26.9208742,75.8125407,2018-10-10T06:27:28Z
26.9208464,75.8125604,2018-10-10T06:27:39Z
26.9208443,75.8125519,2018-10-10T06:27:49Z
26.9208771,75.8125079,2018-10-10T06:28:00Z
26.9208956,75.8124151,2018-10-10T06:28:10Z
26.9209630,75.8122918,2018-10-10T06:28:21Z
26.9209566,75.8122019,2018-10-10T06:28:31Z
26.9209624,75.8120666,2018-10-10T06:28:41Z
26.9209889,75.8119485,2018-10-10T06:28:53Z
26.9210264,75.8117802,2018-10-10T06:29:03Z
26.9210279,75.8116089,2018-10-10T06:29:14Z
26.9209969,75.8115115,2018-10-10T06:29:24Z
26.9209769,75.8115065,2018-10-10T06:29:35Z
26.9209797,75.8115070,2018-10-10T06:29:45Z
26.9209797,75.8115070,2018-10-10T06:29:55Z
26.9209782,75.8114912,2018-10-10T06:30:07Z
26.9209782,75.8114912,2018-10-10T06:30:17Z
26.9209782,75.8114912,2018-10-10T06:30:28Z
26.9209782,75.8114912,2018-10-10T06:30:38Z
26.9209987,75.8114845,2018-10-10T06:30:49Z
26.9209987,75.8114845,2018-10-10T06:31:00Z
26.9209830,75.8115164,2018-10-10T06:31:11Z
26.9209830,75.8115164,2018-10-10T06:31:21Z
26.9209830,75.8115164,2018-10-10T06:31:32Z
26.9209830,75.8115164,2018-10-10T06:31:43Z
26.9209830,75.8115164,2018-10-10T06:31:54Z
26.9208829,75.8114783,2018-10-10T06:32:05Z
26.9207506,75.8114146,2018-10-10T06:32:16Z
26.9206355,75.8113634,2018-10-10T06:32:27Z
26.9205522,75.8113480,2018-10-10T06:32:37Z
26.9203957,75.8113104,2018-10-10T06:32:47Z
26.9202927,75.8112856,2018-10-10T06:32:57Z
26.9201445,75.8112578,2018-10-10T06:33:08Z
26.9200459,75.8112241,2018-10-10T06:33:18Z
26.9199433,75.8111835,2018-10-10T06:33:28Z
26.9198419,75.8111578,2018-10-10T06:33:38Z
26.9197488,75.8111495,2018-10-10T06:33:49Z
26.9196297,75.8111481,2018-10-10T06:33:59Z
26.9195148,75.8111567,2018-10-10T06:34:10Z
26.9193665,75.8111059,2018-10-10T06:34:21Z
26.9192732,75.8111055,2018-10-10T06:34:31Z
26.9191417,75.8110980,2018-10-10T06:34:42Z
26.9190831,75.8110754,2018-10-10T06:34:53Z
26.9190886,75.8109931,2018-10-10T06:35:04Z
26.9191068,75.8108353,2018-10-10T06:35:15Z
26.9191378,75.8106934,2018-10-10T06:35:25Z
26.9191533,75.8105698,2018-10-10T06:35:35Z
26.9191761,75.8104360,2018-10-10T06:35:46Z
26.9191930,75.8103414,2018-10-10T06:35:56Z
26.9191533,75.8103117,2018-10-10T06:36:07Z
26.9190650,75.8102287,2018-10-10T06:36:17Z
26.9189396,75.8101872,2018-10-10T06:36:28Z
26.9188130,75.8101422,2018-10-10T06:36:39Z
26.9186973,75.8101057,2018-10-10T06:36:49Z
26.9185835,75.8100622,2018-10-10T06:37:00Z
26.9184340,75.8100137,2018-10-10T06:37:11Z
26.9183337,75.8099687,2018-10-10T06:37:21Z
26.9181991,75.8098148,2018-10-10T06:37:32Z
26.9181859,75.8096651,2018-10-10T06:37:42Z
26.9182286,75.8095489,2018-10-10T06:37:53Z
26.9181962,75.8094389,2018-10-10T06:38:03Z
26.9182191,75.8093110,2018-10-10T06:38:14Z
26.9182776,75.8091780,2018-10-10T06:38:24Z
26.9182908,75.8090325,2018-10-10T06:38:35Z
26.9183345,75.8089055,2018-10-10T06:38:45Z
26.9183462,75.8087812,2018-10-10T06:38:55Z
26.9183756,75.8086392,2018-10-10T06:39:05Z
26.9184057,75.8085170,2018-10-10T06:39:16Z
26.9184774,75.8083495,2018-10-10T06:39:27Z
26.9184761,75.8082216,2018-10-10T06:39:38Z
26.9184944,75.8080627,2018-10-10T06:39:48Z
26.9185113,75.8079220,2018-10-10T06:39:59Z
26.9184519,75.8078260,2018-10-10T06:40:09Z
26.9183042,75.8078152,2018-10-10T06:40:20Z
26.9181797,75.8077911,2018-10-10T06:40:30Z
26.9180689,75.8077058,2018-10-10T06:40:41Z
26.9179729,75.8076874,2018-10-10T06:40:51Z
26.9178378,75.8076531,2018-10-10T06:41:01Z
26.9177285,75.8076059,2018-10-10T06:41:11Z
26.9176248,75.8075758,2018-10-10T06:41:21Z
26.9175817,75.8075730,2018-10-10T06:41:32Z
26.9175801,75.8075367,2018-10-10T06:41:42Z
26.9175395,75.8075282,2018-10-10T06:41:53Z
26.9175000,75.8075744,2018-10-10T06:42:04Z
26.9174856,75.8075821,2018-10-10T06:42:15Z
26.9174856,75.8075821,2018-10-10T06:42:26Z
26.9174856,75.8075821,2018-10-10T06:42:37Z
26.9174856,75.8075821,2018-10-10T06:42:48Z
26.9174854,75.8076067,2018-10-10T06:42:58Z
26.9174900,75.8076385,2018-10-10T06:43:08Z
26.9174629,75.8076523,2018-10-10T06:43:19Z
26.9174420,75.8076492,2018-10-10T06:43:30Z
26.9174531,75.8076453,2018-10-10T06:43:40Z
26.9250782,75.8136885,2018-10-06T03:31:44Z
26.9254038,75.8137546,2018-10-06T03:31:55Z
26.9256706,75.8140624,2018-10-06T03:32:06Z
26.9254688,75.8149103,2018-10-06T03:32:17Z
26.9253100,75.8157632,2018-10-06T03:32:27Z
26.9251124,75.8164288,2018-10-06T03:32:38Z
26.9249557,75.8172297,2018-10-06T03:32:48Z
26.9247860,75.8180077,2018-10-06T03:32:58Z
26.9247504,75.8183268,2018-10-06T03:33:08Z
26.9249975,75.8185187,2018-10-06T03:33:19Z
26.9256361,75.8186669,2018-10-06T03:33:29Z
26.9263442,75.8188449,2018-10-06T03:33:39Z
26.9270577,75.8190361,2018-10-06T03:33:50Z
26.9277467,75.8192056,2018-10-06T03:34:01Z
26.9282697,75.8193496,2018-10-06T03:34:11Z
26.9286967,75.8194214,2018-10-06T03:34:21Z
26.9292027,75.8195779,2018-10-06T03:34:32Z
26.9297197,75.8196919,2018-10-06T03:34:43Z
26.9302071,75.8198418,2018-10-06T03:34:53Z
26.9308404,75.8199907,2018-10-06T03:35:04Z
26.9313816,75.8201520,2018-10-06T03:35:14Z
26.9315649,75.8201865,2018-10-06T03:35:25Z
26.9318792,75.8202568,2018-10-06T03:35:36Z
26.9322463,75.8203336,2018-10-06T03:35:46Z
26.9325340,75.8204135,2018-10-06T03:35:56Z
26.9331082,75.8206066,2018-10-06T03:36:06Z
26.9336089,75.8207475,2018-10-06T03:36:17Z
26.9339522,75.8210554,2018-10-06T03:36:27Z
26.9341152,75.8215707,2018-10-06T03:36:37Z
26.9344683,75.8223295,2018-10-06T03:36:48Z
26.9345777,75.8226490,2018-10-06T03:36:58Z
26.9348658,75.8232809,2018-10-06T03:37:08Z
26.9350808,75.8238528,2018-10-06T03:37:19Z
26.9352964,75.8243437,2018-10-06T03:37:29Z
26.9355920,75.8245343,2018-10-06T03:37:39Z
26.9361626,75.8247276,2018-10-06T03:37:49Z
26.9366619,75.8248440,2018-10-06T03:38:00Z
26.9370616,75.8249445,2018-10-06T03:38:11Z
26.9373846,75.8249403,2018-10-06T03:38:21Z
26.9377024,75.8250841,2018-10-06T03:38:31Z
26.9381337,75.8252272,2018-10-06T03:38:41Z
26.9383485,75.8252957,2018-10-06T03:38:52Z
26.9386749,75.8253602,2018-10-06T03:39:02Z
26.9388714,75.8254121,2018-10-06T03:39:12Z
26.9390550,75.8254616,2018-10-06T03:39:23Z
26.9394586,75.8255793,2018-10-06T03:39:33Z
26.9396540,75.8256152,2018-10-06T03:39:44Z
26.9398600,75.8256717,2018-10-06T03:39:55Z
26.9402385,75.8257774,2018-10-06T03:40:06Z
26.9404765,75.8258581,2018-10-06T03:40:17Z
26.9408284,75.8259376,2018-10-06T03:40:28Z
26.9409701,75.8260333,2018-10-06T03:40:38Z
26.9409549,75.8265377,2018-10-06T03:40:48Z
26.9413546,75.8271749,2018-10-06T03:40:58Z
26.9421983,75.8274276,2018-10-06T03:41:09Z
26.9421796,75.8282014,2018-10-06T03:41:19Z
26.9420553,75.8286755,2018-10-06T03:41:30Z
26.9419752,75.8290445,2018-10-06T03:41:40Z
26.9416296,75.8294846,2018-10-06T03:41:50Z
26.9415592,75.8296740,2018-10-06T03:42:00Z
26.9415690,75.8298966,2018-10-06T03:42:11Z
26.9418957,75.8301592,2018-10-06T03:42:22Z
26.9424316,75.8304866,2018-10-06T03:42:33Z
26.9429197,75.8308643,2018-10-06T03:42:44Z
26.9434820,75.8313797,2018-10-06T03:42:55Z
26.9440225,75.8320054,2018-10-06T03:43:06Z
26.9443436,75.8324984,2018-10-06T03:43:16Z
26.9447232,75.8329029,2018-10-06T03:43:26Z
26.9450390,75.8334269,2018-10-06T03:43:36Z
26.9451847,75.8341731,2018-10-06T03:43:47Z
26.9453051,75.8347290,2018-10-06T03:43:57Z
26.9454863,75.8354201,2018-10-06T03:44:08Z
26.9455395,75.8358595,2018-10-06T03:44:19Z
26.9456905,75.8365262,2018-10-06T03:44:29Z
26.9458797,75.8373575,2018-10-06T03:44:40Z
26.9460347,75.8382025,2018-10-06T03:44:51Z
26.9461724,75.8389615,2018-10-06T03:45:01Z
26.9461828,75.8395637,2018-10-06T03:45:12Z
26.9461720,75.8397003,2018-10-06T03:45:23Z
26.9462886,75.8399706,2018-10-06T03:45:37Z
26.9470795,75.8402244,2018-10-06T03:45:47Z
26.9478351,75.8404387,2018-10-06T03:45:58Z
26.9487631,75.8406925,2018-10-06T03:46:08Z
26.9497761,75.8409989,2018-10-06T03:46:18Z
26.9509444,75.8413490,2018-10-06T03:46:29Z
26.9520797,75.8417019,2018-10-06T03:46:40Z
26.9532694,75.8420667,2018-10-06T03:46:51Z
26.9542275,75.8423460,2018-10-06T03:47:01Z
26.9552008,75.8426403,2018-10-06T03:47:12Z
26.9563640,75.8430702,2018-10-06T03:47:23Z
26.9574232,75.8435316,2018-10-06T03:47:33Z
26.9582561,75.8439188,2018-10-06T03:47:44Z
26.9588368,75.8442017,2018-10-06T03:47:55Z
26.9596583,75.8445666,2018-10-06T03:48:05Z
26.9604942,75.8448279,2018-10-06T03:48:16Z
26.9612400,75.8450598,2018-10-06T03:48:27Z
26.9622672,75.8455930,2018-10-06T03:48:38Z
26.9631326,75.8460446,2018-10-06T03:48:48Z
26.9641445,75.8465384,2018-10-06T03:48:59Z
26.9653143,75.8465591,2018-10-06T03:49:10Z
26.9665554,75.8463870,2018-10-06T03:49:21Z
26.9673529,75.8470959,2018-10-06T03:49:32Z
26.9679860,75.8479535,2018-10-06T03:49:43Z
26.9685203,75.8488905,2018-10-06T03:49:53Z
26.9695779,75.8491511,2018-10-06T03:50:04Z
26.9702479,75.8497996,2018-10-06T03:50:15Z
26.9701323,75.8506616,2018-10-06T03:50:25Z
26.9706171,75.8512906,2018-10-06T03:50:36Z
26.9713998,75.8516702,2018-10-06T03:50:47Z
26.9724337,75.8517706,2018-10-06T03:50:58Z
26.9733353,75.8516497,2018-10-06T03:51:08Z
26.9742095,75.8517949,2018-10-06T03:51:19Z
26.9751381,75.8514715,2018-10-06T03:51:29Z
26.9759484,75.8511324,2018-10-06T03:51:40Z
26.9768477,75.8517503,2018-10-06T03:51:50Z
26.9779983,75.8521046,2018-10-06T03:52:00Z
26.9791917,75.8523169,2018-10-06T03:52:11Z
26.9798377,75.8523688,2018-10-06T03:52:21Z
26.9799209,75.8519053,2018-10-06T03:52:32Z
26.9799918,75.8513941,2018-10-06T03:52:43Z
26.9800344,75.8509752,2018-10-06T03:52:54Z
26.9801007,75.8507514,2018-10-06T03:53:04Z
26.9800809,75.8507835,2018-10-06T03:53:15Z
26.9800696,75.8507957,2018-10-06T03:53:26Z
26.9800696,75.8507957,2018-10-06T03:53:36Z
26.9800696,75.8507957,2018-10-06T03:53:46Z
26.9800273,75.8509245,2018-10-06T03:53:57Z
26.9800109,75.8510091,2018-10-06T03:54:07Z
26.9800172,75.8513861,2018-10-06T03:54:18Z
26.9799259,75.8518729,2018-10-06T03:54:28Z
26.9798659,75.8523140,2018-10-06T03:54:39Z
26.9798749,75.8523239,2018-10-06T03:54:49Z
26.9802433,75.8523907,2018-10-06T03:54:59Z
26.9810815,75.8524997,2018-10-06T03:55:09Z
26.9820539,75.8527284,2018-10-06T03:55:20Z
26.9828514,75.8529663,2018-10-06T03:55:30Z
26.9835938,75.8534051,2018-10-06T03:55:41Z
26.9843435,75.8536957,2018-10-06T03:55:51Z
26.9850280,75.8539084,2018-10-06T03:56:02Z
26.9855232,75.8539513,2018-10-06T03:56:13Z
26.9858353,75.8539508,2018-10-06T03:56:23Z
26.9858359,75.8539495,2018-10-06T03:56:34Z
26.9858359,75.8539495,2018-10-06T03:56:45Z
26.9858359,75.8539495,2018-10-06T03:56:55Z
26.9858236,75.8538407,2018-10-06T03:57:06Z
26.9858705,75.8537422,2018-10-06T03:57:17Z
26.9859113,75.8536831,2018-10-06T03:57:27Z
26.9858879,75.8536242,2018-10-06T03:57:38Z
26.9858798,75.8535511,2018-10-06T03:57:49Z
26.9859391,75.8535284,2018-10-06T03:57:59Z
26.9859387,75.8535474,2018-10-06T03:58:10Z
26.9859387,75.8535474,2018-10-06T03:58:20Z
26.9859346,75.8535263,2018-10-06T03:58:31Z
26.9859346,75.8535263,2018-10-06T03:58:42Z
26.9859344,75.8535023,2018-10-06T03:58:53Z
26.9859328,75.8534956,2018-10-06T03:59:04Z
26.9859389,75.8535012,2018-10-06T03:59:14Z
26.9859314,75.8535074,2018-10-06T03:59:24Z
26.9859661,75.8534746,2018-10-06T03:59:34Z
26.9860031,75.8533847,2018-10-06T03:59:45Z
26.9860292,75.8533096,2018-10-06T03:59:55Z
26.9860530,75.8532722,2018-10-06T04:00:05Z
26.9860955,75.8532165,2018-10-06T04:00:16Z
26.9861094,75.8531910,2018-10-06T04:00:26Z
26.9861094,75.8531910,2018-10-06T04:00:37Z
26.9861384,75.8530796,2018-10-06T04:00:47Z
26.9862016,75.8529758,2018-10-06T04:00:58Z
26.9862345,75.8529007,2018-10-06T04:01:08Z
26.9862379,75.8528851,2018-10-06T04:01:18Z
26.9862561,75.8528700,2018-10-06T04:01:29Z
26.9863269,75.8528252,2018-10-06T04:01:40Z
26.9863921,75.8527678,2018-10-06T04:01:51Z
26.9864523,75.8526931,2018-10-06T04:02:02Z
26.9864912,75.8526348,2018-10-06T04:02:12Z
26.9864453,75.8525939,2018-10-06T04:02:23Z
26.9863993,75.8525373,2018-10-06T04:02:33Z
26.9863248,75.8525106,2018-10-06T04:02:44Z
26.9862556,75.8524609,2018-10-06T04:02:55Z
26.9862176,75.8524402,2018-10-06T04:03:06Z
26.9862636,75.8524324,2018-10-06T04:03:16Z
26.9863448,75.8524501,2018-10-06T04:03:27Z
26.9863365,75.8523816,2018-10-06T04:03:38Z
26.9862900,75.8523131,2018-10-06T04:03:48Z
26.9862575,75.8522569,2018-10-06T04:03:58Z
26.9862676,75.8522180,2018-10-06T04:04:09Z
26.9862909,75.8521680,2018-10-06T04:04:20Z
26.9863601,75.8521859,2018-10-06T04:04:30Z
26.9864203,75.8522462,2018-10-06T04:04:41Z
26.9864731,75.8522814,2018-10-06T04:04:52Z
26.9864731,75.8522814,2018-10-06T04:05:02Z
26.9864845,75.8522855,2018-10-06T04:05:12Z
26.9864928,75.8522857,2018-10-06T04:05:22Z
26.9864981,75.8522788,2018-10-06T04:05:33Z
26.9864960,75.8522466,2018-10-06T04:05:43Z
26.9864886,75.8522324,2018-10-06T04:05:53Z
26.9864860,75.8521845,2018-10-06T04:06:04Z
26.9865381,75.8521906,2018-10-06T04:06:14Z
26.9865460,75.8521737,2018-10-06T04:06:25Z
26.9865466,75.8521207,2018-10-06T04:06:35Z
26.9865466,75.8521207,2018-10-06T04:06:46Z
26.9865358,75.8521361,2018-10-06T04:06:56Z
26.9865339,75.8521443,2018-10-06T04:07:06Z
26.9865338,75.8521410,2018-10-06T04:07:16Z
26.9866126,75.8521680,2018-10-06T04:07:26Z
26.9866760,75.8521264,2018-10-06T04:07:37Z
26.9867115,75.8520559,2018-10-06T04:07:48Z
26.9867335,75.8519789,2018-10-06T04:07:59Z
26.9867467,75.8519016,2018-10-06T04:08:09Z
26.9867492,75.8518134,2018-10-06T04:08:20Z
26.9867339,75.8517260,2018-10-06T04:08:31Z
26.9867063,75.8516199,2018-10-06T04:08:42Z
26.9866863,75.8515427,2018-10-06T04:08:53Z
26.9866555,75.8514888,2018-10-06T04:09:03Z
26.9865920,75.8514298,2018-10-06T04:09:14Z
26.9865349,75.8513638,2018-10-06T04:09:24Z
26.9864784,75.8512951,2018-10-06T04:09:35Z
26.9864138,75.8512428,2018-10-06T04:09:45Z
26.9864050,75.8512075,2018-10-06T04:09:56Z
26.9865249,75.8512195,2018-10-06T04:10:06Z
26.9866345,75.8512230,2018-10-06T04:10:16Z
26.9866630,75.8512118,2018-10-06T04:10:27Z
26.9867328,75.8513008,2018-10-06T04:10:38Z
26.9867367,75.8513288,2018-10-06T04:10:48Z
26.9867587,75.8512640,2018-10-06T04:10:59Z
26.9867674,75.8512630,2018-10-06T04:11:10Z
26.9867674,75.8512630,2018-10-06T04:11:21Z
26.9867562,75.8512576,2018-10-06T04:11:31Z
26.9866818,75.8512363,2018-10-06T04:11:41Z
26.9866548,75.8512886,2018-10-06T04:11:51Z
26.9866356,75.8512898,2018-10-06T04:12:02Z
26.9865815,75.8512631,2018-10-06T04:12:13Z
26.9865815,75.8512604,2018-10-06T04:12:23Z
26.9866427,75.8512247,2018-10-06T04:12:33Z
26.9867330,75.8511572,2018-10-06T04:12:44Z
26.9868231,75.8511268,2018-10-06T04:12:55Z
26.9869238,75.8511080,2018-10-06T04:13:06Z
26.9869683,75.8511195,2018-10-06T04:13:17Z
26.9869732,75.8511142,2018-10-06T04:13:27Z
26.9869816,75.8511095,2018-10-06T04:13:38Z
26.9869858,75.8511097,2018-10-06T04:13:48Z
26.9869771,75.8510695,2018-10-06T04:13:59Z
26.9869386,75.8509589,2018-10-06T04:14:10Z
26.9869379,75.8508356,2018-10-06T04:14:21Z
26.9869653,75.8507830,2018-10-06T04:14:31Z
26.9869667,75.8507099,2018-10-06T04:14:42Z
26.9869528,75.8506490,2018-10-06T04:14:55Z
26.9869501,75.8506398,2018-10-06T04:15:05Z
26.9869921,75.8506646,2018-10-06T04:15:16Z
26.9870128,75.8506398,2018-10-06T04:15:37Z
26.9870438,75.8505473,2018-10-06T04:17:08Z
26.9870184,75.8505939,2018-10-06T04:17:19Z
26.9870184,75.8505939,2018-10-06T04:17:30Z
26.9870004,75.8506087,2018-10-06T04:17:40Z
26.9870004,75.8506087,2018-10-06T04:17:51Z
26.9870004,75.8506087,2018-10-06T04:18:02Z
26.9870004,75.8506087,2018-10-06T04:18:12Z
26.9870004,75.8506087,2018-10-06T04:18:23Z
26.9870004,75.8506087,2018-10-06T04:18:33Z
26.9870004,75.8506087,2018-10-06T04:18:43Z
26.9869993,75.8506274,2018-10-06T04:18:54Z
26.9870003,75.8506279,2018-10-06T04:19:05Z
26.9869918,75.8506325,2018-10-06T04:19:16Z
26.9869864,75.8506315,2018-10-06T04:19:27Z
26.9869864,75.8506315,2018-10-06T04:19:37Z
26.9869976,75.8506134,2018-10-06T04:19:48Z
26.9869951,75.8506120,2018-10-06T04:19:58Z
26.9869951,75.8506120,2018-10-06T04:20:08Z
26.9869951,75.8506120,2018-10-06T04:20:18Z
26.9869976,75.8506129,2018-10-06T04:20:29Z
26.9869649,75.8506338,2018-10-06T04:20:40Z
26.9869800,75.8507181,2018-10-06T04:20:50Z
26.9868510,75.8506663,2018-10-06T04:21:01Z
26.9868101,75.8506461,2018-10-06T04:21:11Z
26.9867795,75.8506726,2018-10-06T04:21:22Z
26.9866677,75.8507117,2018-10-06T04:21:33Z
26.9866564,75.8507120,2018-10-06T04:21:44Z
26.9866611,75.8506973,2018-10-06T04:21:54Z
26.9866908,75.8506657,2018-10-06T04:22:04Z
26.9866597,75.8506445,2018-10-06T04:22:15Z
26.9866057,75.8506277,2018-10-06T04:22:26Z
26.9865689,75.8505924,2018-10-06T04:22:36Z
26.9865529,75.8506148,2018-10-06T04:22:46Z
26.9865529,75.8506148,2018-10-06T04:22:57Z
26.9865513,75.8505934,2018-10-06T04:23:08Z
26.9865513,75.8505934,2018-10-06T04:23:18Z
26.9865513,75.8505934,2018-10-06T04:23:29Z
26.9865353,75.8506898,2018-10-06T04:23:39Z
26.9864923,75.8506299,2018-10-06T04:23:49Z
26.9863901,75.8506970,2018-10-06T04:24:00Z
26.9863811,75.8507037,2018-10-06T04:24:11Z
26.9863661,75.8507386,2018-10-06T04:24:23Z
26.9863661,75.8507389,2018-10-06T04:24:33Z
26.9863497,75.8507865,2018-10-06T04:24:44Z
26.9863705,75.8508406,2018-10-06T04:24:55Z
26.9863705,75.8508406,2018-10-06T04:25:05Z
26.9863742,75.8508465,2018-10-06T04:25:15Z
26.9863564,75.8508450,2018-10-06T04:25:26Z
26.9863363,75.8508522,2018-10-06T04:25:36Z
26.9863252,75.8508861,2018-10-06T04:25:46Z
26.9863252,75.8508861,2018-10-06T04:25:57Z
26.9863345,75.8508755,2018-10-06T04:26:08Z
26.9863683,75.8508979,2018-10-06T04:26:18Z
26.9863683,75.8508979,2018-10-06T04:26:29Z
26.9863683,75.8508979,2018-10-06T04:26:40Z
26.9863683,75.8508979,2018-10-06T04:26:50Z
26.9863683,75.8508979,2018-10-06T04:27:01Z
26.9863612,75.8509000,2018-10-06T04:27:11Z
26.9863063,75.8508941,2018-10-06T04:27:22Z
26.9862913,75.8508932,2018-10-06T04:27:33Z
26.9862781,75.8508890,2018-10-06T04:27:44Z
26.9862553,75.8509102,2018-10-06T04:27:54Z
26.9862000,75.8509251,2018-10-06T04:28:04Z
26.9861440,75.8509762,2018-10-06T04:28:14Z
26.9861032,75.8509832,2018-10-06T04:28:26Z
26.9860533,75.8509895,2018-10-06T04:28:37Z
26.9860260,75.8509820,2018-10-06T04:28:47Z
26.9860389,75.8509838,2018-10-06T04:28:57Z
26.9860434,75.8509355,2018-10-06T04:29:07Z
26.9860500,75.8509231,2018-10-06T04:29:18Z
26.9860569,75.8509226,2018-10-06T04:29:29Z
26.9859966,75.8508268,2018-10-06T04:29:39Z
26.9859879,75.8508436,2018-10-06T04:29:49Z
26.9859722,75.8508245,2018-10-06T04:30:00Z
26.9859147,75.8507842,2018-10-06T04:30:10Z
26.9859284,75.8508767,2018-10-06T04:31:52Z
26.9858892,75.8509016,2018-10-06T04:32:15Z
26.9858978,75.8508818,2018-10-06T04:32:25Z
26.9859131,75.8508211,2018-10-06T04:32:36Z
26.9859131,75.8508211,2018-10-06T04:32:47Z
26.9859131,75.8508211,2018-10-06T04:32:57Z
26.9858845,75.8508363,2018-10-06T04:33:08Z
26.9858845,75.8508363,2018-10-06T04:33:19Z
26.9858845,75.8508363,2018-10-06T04:33:29Z
26.9858784,75.8508490,2018-10-06T04:33:40Z
26.9858564,75.8508157,2018-10-06T04:33:50Z
26.9858865,75.8507599,2018-10-06T04:34:00Z
26.9859295,75.8506846,2018-10-06T04:34:11Z
26.9859590,75.8506074,2018-10-06T04:34:21Z
26.9859818,75.8505681,2018-10-06T04:34:32Z
26.9859818,75.8505681,2018-10-06T04:34:42Z
26.9859944,75.8505788,2018-10-06T04:34:53Z
26.9860515,75.8506186,2018-10-06T04:35:04Z
26.9860517,75.8506384,2018-10-06T04:35:15Z
26.9860202,75.8505960,2018-10-06T04:35:26Z
26.9859965,75.8505998,2018-10-06T04:35:37Z
26.9860124,75.8505561,2018-10-06T04:35:47Z
26.9860632,75.8504653,2018-10-06T04:35:58Z
26.9861179,75.8503782,2018-10-06T04:36:08Z
26.9861608,75.8503161,2018-10-06T04:36:19Z
26.9861872,75.8503062,2018-10-06T04:36:30Z
26.9861872,75.8503062,2018-10-06T04:36:40Z
26.9861872,75.8503062,2018-10-06T04:36:50Z
26.9861913,75.8503320,2018-10-06T04:37:01Z
26.9861033,75.8502790,2018-10-06T04:37:11Z
26.9860671,75.8502215,2018-10-06T04:37:22Z
26.9859818,75.8501944,2018-10-06T04:37:32Z
26.9859554,75.8501682,2018-10-06T04:37:42Z
26.9858930,75.8501022,2018-10-06T04:37:53Z
26.9858681,75.8500809,2018-10-06T04:38:03Z
26.9858681,75.8500809,2018-10-06T04:38:13Z
26.9858311,75.8500887,2018-10-06T04:38:24Z
26.9858311,75.8500887,2018-10-06T04:38:34Z
26.9858279,75.8500643,2018-10-06T04:38:44Z
26.9857419,75.8501341,2018-10-06T04:38:55Z
26.9856846,75.8502414,2018-10-06T04:39:06Z
26.9856189,75.8503178,2018-10-06T04:39:16Z
26.9855436,75.8504032,2018-10-06T04:39:26Z
26.9854894,75.8504871,2018-10-06T04:39:36Z
26.9854985,75.8506090,2018-10-06T04:39:47Z
26.9855122,75.8506105,2018-10-06T04:39:57Z
26.9855208,75.8505682,2018-10-06T04:40:08Z
26.9855215,75.8505664,2018-10-06T04:40:18Z
26.9855312,75.8505756,2018-10-06T04:40:28Z
26.9855312,75.8505756,2018-10-06T04:40:39Z
26.9855057,75.8505841,2018-10-06T04:40:49Z
26.9853336,75.8504699,2018-10-06T04:41:11Z
26.9855546,75.8504394,2018-10-06T04:41:22Z
26.9855788,75.8503843,2018-10-06T04:41:33Z
26.9857713,75.8504971,2018-10-06T04:41:44Z
26.9857447,75.8504846,2018-10-06T04:41:54Z
26.9857227,75.8505119,2018-10-06T04:42:05Z
26.9857547,75.8505176,2018-10-06T04:42:15Z
26.9857954,75.8505090,2018-10-06T04:42:26Z
26.9857954,75.8505090,2018-10-06T04:42:37Z
26.9857367,75.8505355,2018-10-06T04:42:48Z
26.9857279,75.8505393,2018-10-06T04:42:58Z
26.9857447,75.8505548,2018-10-06T04:43:09Z
26.9857447,75.8505548,2018-10-06T04:43:19Z
26.9857447,75.8505548,2018-10-06T04:43:29Z
26.9856986,75.8505783,2018-10-06T04:43:40Z
26.9856986,75.8505783,2018-10-06T04:43:51Z
26.9857398,75.8505398,2018-10-06T04:44:01Z
26.9857422,75.8505370,2018-10-06T04:44:11Z
26.9857422,75.8505370,2018-10-06T04:44:22Z
26.9857422,75.8505370,2018-10-06T04:44:33Z
26.9857422,75.8505370,2018-10-06T04:44:43Z
26.9857422,75.8505370,2018-10-06T04:44:54Z
26.9857422,75.8505370,2018-10-06T04:45:05Z
26.9857422,75.8505370,2018-10-06T04:45:15Z
26.9857594,75.8505281,2018-10-06T04:45:26Z
26.9857594,75.8505281,2018-10-06T04:45:37Z
26.9857594,75.8505281,2018-10-06T04:45:47Z
26.9857594,75.8505281,2018-10-06T04:45:57Z
26.9857594,75.8505281,2018-10-06T04:46:07Z
26.9857594,75.8505281,2018-10-06T04:46:18Z
26.9857594,75.8505281,2018-10-06T04:46:29Z
26.9857594,75.8505281,2018-10-06T04:46:40Z
26.9857594,75.8505281,2018-10-06T04:46:51Z
26.9857594,75.8505281,2018-10-06T04:47:02Z
26.9857683,75.8505500,2018-10-06T04:47:12Z
26.9858373,75.8505927,2018-10-06T04:47:22Z
26.9859533,75.8505943,2018-10-06T04:47:33Z
26.9860009,75.8505269,2018-10-06T04:47:44Z
26.9860593,75.8504463,2018-10-06T04:47:54Z
26.9860988,75.8503839,2018-10-06T04:48:05Z
26.9860879,75.8503319,2018-10-06T04:48:15Z
26.9860768,75.8503470,2018-10-06T04:48:26Z
26.9860771,75.8503520,2018-10-06T04:48:36Z
26.9860771,75.8503520,2018-10-06T04:48:47Z
26.9860771,75.8503520,2018-10-06T04:48:58Z
26.9860487,75.8502581,2018-10-06T04:49:09Z
26.9860256,75.8502004,2018-10-06T04:49:20Z
26.9859667,75.8501922,2018-10-06T04:49:31Z
26.9859642,75.8501881,2018-10-06T04:49:41Z
26.9859469,75.8500840,2018-10-06T04:49:51Z
26.9858943,75.8500170,2018-10-06T04:50:03Z
26.9858224,75.8500617,2018-10-06T04:50:23Z
26.9858188,75.8501394,2018-10-06T04:50:34Z
26.9858888,75.8500521,2018-10-06T04:51:10Z
26.9857873,75.8501099,2018-10-06T04:51:20Z
26.9857570,75.8501627,2018-10-06T04:51:30Z
26.9858139,75.8501266,2018-10-06T04:51:40Z
26.9858398,75.8500743,2018-10-06T04:51:51Z
26.9857999,75.8500455,2018-10-06T04:52:02Z
26.9856698,75.8500414,2018-10-06T04:52:12Z
26.9855518,75.8500082,2018-10-06T04:52:23Z
26.9854383,75.8499496,2018-10-06T04:52:33Z
26.9855202,75.8497465,2018-10-06T04:52:47Z
26.9854282,75.8498282,2018-10-06T04:53:05Z
26.9854393,75.8498314,2018-10-06T04:53:16Z
26.9854337,75.8498342,2018-10-06T04:53:26Z
26.9854466,75.8498162,2018-10-06T04:53:36Z
26.9854394,75.8498247,2018-10-06T04:53:47Z
26.9854371,75.8498266,2018-10-06T04:53:58Z
26.9854371,75.8498266,2018-10-06T04:54:09Z
26.9853982,75.8498281,2018-10-06T04:54:20Z
26.9854629,75.8498303,2018-10-06T04:54:30Z
26.9854863,75.8498520,2018-10-06T04:54:41Z
26.9854860,75.8498823,2018-10-06T04:54:51Z
26.9854860,75.8498823,2018-10-06T04:55:01Z
26.9855409,75.8498880,2018-10-06T04:55:12Z
26.9855775,75.8498970,2018-10-06T04:55:22Z
26.9855171,75.8498234,2018-10-06T04:55:33Z
26.9855454,75.8498747,2018-10-06T04:55:45Z
26.9855536,75.8498883,2018-10-06T04:55:55Z
26.9856439,75.8498888,2018-10-06T04:56:06Z
26.9855783,75.8498463,2018-10-06T04:56:17Z
26.9855199,75.8498835,2018-10-06T04:56:27Z
26.9854762,75.8499227,2018-10-06T04:56:37Z
26.9854762,75.8499227,2018-10-06T04:56:48Z
26.9854762,75.8499227,2018-10-06T04:56:58Z
26.9854411,75.8499244,2018-10-06T04:57:09Z
26.9853514,75.8499354,2018-10-06T04:57:19Z
26.9853171,75.8498949,2018-10-06T04:57:29Z
26.9851929,75.8498030,2018-10-06T04:57:43Z
26.9849178,75.8493895,2018-10-06T04:58:11Z
26.9849658,75.8499333,2018-10-06T04:58:33Z
26.9850207,75.8499175,2018-10-06T04:58:45Z
26.9853014,75.8501115,2018-10-06T04:59:22Z
26.9852212,75.8500777,2018-10-06T04:59:32Z
26.9852409,75.8501244,2018-10-06T04:59:43Z
26.9852188,75.8501462,2018-10-06T04:59:54Z
26.9852122,75.8501640,2018-10-06T05:00:04Z
26.9852122,75.8501640,2018-10-06T05:00:15Z
26.9852122,75.8501640,2018-10-06T05:00:27Z
26.9851995,75.8501740,2018-10-06T05:00:37Z
26.9852005,75.8501510,2018-10-06T05:00:47Z
26.9852002,75.8501446,2018-10-06T05:00:57Z
26.9852002,75.8501446,2018-10-06T05:01:08Z
26.9851969,75.8501293,2018-10-06T05:01:18Z
26.9851959,75.8501273,2018-10-06T05:01:28Z
26.9851959,75.8501273,2018-10-06T05:01:39Z
26.9851959,75.8501273,2018-10-06T05:01:50Z
26.9852042,75.8501076,2018-10-06T05:02:00Z
26.9851957,75.8501213,2018-10-06T05:02:10Z
26.9851946,75.8501196,2018-10-06T05:02:21Z
26.9851946,75.8501196,2018-10-06T05:02:32Z
26.9851946,75.8501196,2018-10-06T05:02:42Z
26.9851946,75.8501196,2018-10-06T05:02:53Z
26.9851946,75.8501196,2018-10-06T05:03:03Z
26.9851946,75.8501196,2018-10-06T05:03:14Z
26.9851946,75.8501196,2018-10-06T05:03:25Z
26.9851946,75.8501196,2018-10-06T05:03:35Z
26.9851807,75.8501254,2018-10-06T05:03:45Z
26.9851807,75.8501254,2018-10-06T05:03:56Z
26.9851807,75.8501254,2018-10-06T05:04:06Z
26.9851807,75.8501254,2018-10-06T05:04:16Z
26.9851807,75.8501254,2018-10-06T05:04:27Z
26.9851807,75.8501254,2018-10-06T05:04:37Z
26.9851807,75.8501254,2018-10-06T05:04:48Z
26.9851856,75.8501445,2018-10-06T05:04:58Z
26.9851858,75.8501478,2018-10-06T05:05:08Z
26.9852106,75.8500841,2018-10-06T05:05:19Z
26.9852623,75.8500134,2018-10-06T05:05:29Z
26.9853603,75.8499041,2018-10-06T05:05:39Z
26.9853541,75.8498244,2018-10-06T05:05:50Z
26.9854614,75.8495402,2018-10-06T05:06:18Z
26.9857992,75.8497087,2018-10-06T05:06:45Z
26.9856867,75.8497936,2018-10-06T05:06:55Z
26.9855865,75.8497963,2018-10-06T05:07:06Z
26.9856186,75.8498028,2018-10-06T05:07:16Z
26.9856922,75.8498245,2018-10-06T05:07:26Z
26.9857770,75.8498286,2018-10-06T05:07:37Z
26.9858909,75.8498804,2018-10-06T05:07:47Z
26.9860445,75.8498824,2018-10-06T05:07:57Z
26.9860794,75.8498616,2018-10-06T05:08:07Z
26.9862539,75.8501589,2018-10-06T05:14:07Z
26.9863316,75.8501954,2018-10-06T05:14:18Z
26.9863722,75.8501726,2018-10-06T05:14:28Z
26.9864042,75.8501443,2018-10-06T05:14:39Z
26.9864073,75.8501664,2018-10-06T05:14:49Z
26.9864561,75.8502114,2018-10-06T05:14:59Z
26.9868722,75.8507060,2018-10-06T05:15:56Z
26.9869566,75.8507676,2018-10-06T05:16:07Z
26.9870386,75.8508584,2018-10-06T05:16:18Z
26.9871271,75.8509065,2018-10-06T05:16:28Z
26.9872097,75.8508885,2018-10-06T05:16:39Z
26.9872090,75.8509164,2018-10-06T05:16:50Z
26.9871870,75.8509465,2018-10-06T05:17:00Z
26.9871800,75.8509605,2018-10-06T05:17:11Z
26.9871891,75.8509443,2018-10-06T05:17:21Z
26.9871777,75.8508901,2018-10-06T05:17:31Z
26.9871777,75.8508901,2018-10-06T05:17:42Z
26.9871833,75.8509080,2018-10-06T05:17:53Z
26.9871820,75.8509045,2018-10-06T05:18:04Z
26.9871920,75.8509088,2018-10-06T05:18:15Z
26.9871888,75.8509117,2018-10-06T05:18:26Z
26.9871888,75.8509117,2018-10-06T05:18:37Z
26.9873614,75.8509429,2018-10-06T05:18:48Z
26.9874111,75.8509790,2018-10-06T05:18:59Z
26.9873233,75.8508885,2018-10-06T05:19:09Z
26.9872328,75.8508254,2018-10-06T05:19:19Z
26.9873412,75.8507965,2018-10-06T05:19:30Z
26.9874149,75.8508346,2018-10-06T05:19:40Z
26.9873915,75.8508381,2018-10-06T05:19:50Z
26.9873874,75.8508372,2018-10-06T05:20:01Z
26.9873874,75.8508372,2018-10-06T05:20:12Z
26.9873874,75.8508372,2018-10-06T05:20:22Z
26.9873874,75.8508372,2018-10-06T05:20:32Z
26.9873853,75.8508444,2018-10-06T05:20:43Z
26.9873853,75.8508444,2018-10-06T05:20:54Z
26.9873853,75.8508444,2018-10-06T05:21:05Z
26.9873853,75.8508444,2018-10-06T05:21:16Z
26.9873853,75.8508444,2018-10-06T05:21:26Z
26.9873853,75.8508444,2018-10-06T05:21:37Z
26.9873853,75.8508444,2018-10-06T05:21:48Z
26.9873853,75.8508444,2018-10-06T05:21:58Z
26.9874182,75.8508366,2018-10-06T05:22:08Z
26.9874182,75.8508366,2018-10-06T05:22:19Z
26.9874182,75.8508366,2018-10-06T05:22:30Z
26.9874182,75.8508366,2018-10-06T05:22:41Z
26.9874182,75.8508366,2018-10-06T05:22:52Z
26.9874182,75.8508366,2018-10-06T05:23:02Z
26.9874182,75.8508366,2018-10-06T05:23:13Z
26.9874182,75.8508366,2018-10-06T05:23:23Z
26.9874182,75.8508366,2018-10-06T05:23:34Z
26.9874182,75.8508366,2018-10-06T05:23:44Z
26.9874182,75.8508366,2018-10-06T05:23:54Z
26.9874182,75.8508366,2018-10-06T05:24:05Z
26.9874418,75.8508433,2018-10-06T05:24:15Z
26.9874427,75.8508445,2018-10-06T05:24:26Z
26.9874427,75.8508445,2018-10-06T05:24:36Z
26.9874427,75.8508445,2018-10-06T05:24:46Z
26.9874427,75.8508445,2018-10-06T05:24:56Z
26.9874427,75.8508445,2018-10-06T05:25:07Z
26.9874427,75.8508445,2018-10-06T05:25:18Z
26.9874427,75.8508445,2018-10-06T05:25:28Z
26.9874427,75.8508445,2018-10-06T05:25:39Z
26.9874427,75.8508445,2018-10-06T05:25:49Z
26.9874427,75.8508445,2018-10-06T05:26:00Z
26.9874427,75.8508445,2018-10-06T05:26:11Z
26.9874427,75.8508445,2018-10-06T05:26:21Z
26.9874427,75.8508445,2018-10-06T05:26:32Z
26.9874427,75.8508445,2018-10-06T05:26:42Z
26.9874427,75.8508445,2018-10-06T05:26:52Z
26.9874427,75.8508445,2018-10-06T05:27:03Z
26.9874427,75.8508445,2018-10-06T05:27:14Z
26.9874427,75.8508445,2018-10-06T05:27:24Z
26.9874427,75.8508445,2018-10-06T05:27:36Z
26.9874376,75.8508522,2018-10-06T05:27:46Z
26.9874376,75.8508522,2018-10-06T05:27:56Z
26.9874376,75.8508522,2018-10-06T05:28:07Z
26.9874376,75.8508522,2018-10-06T05:28:18Z
26.9874376,75.8508522,2018-10-06T05:28:28Z
26.9874376,75.8508522,2018-10-06T05:28:39Z
26.9874376,75.8508522,2018-10-06T05:28:50Z
26.9874376,75.8508522,2018-10-06T05:29:00Z
26.9874376,75.8508522,2018-10-06T05:29:11Z
26.9874376,75.8508522,2018-10-06T05:29:22Z
26.9874376,75.8508522,2018-10-06T05:29:33Z
26.9874376,75.8508522,2018-10-06T05:29:43Z
26.9874376,75.8508522,2018-10-06T05:29:54Z
26.9874376,75.8508522,2018-10-06T05:30:04Z
26.9874376,75.8508522,2018-10-06T05:30:15Z
26.9874376,75.8508522,2018-10-06T05:30:26Z
26.9874351,75.8508500,2018-10-06T05:30:36Z
26.9874351,75.8508500,2018-10-06T05:30:47Z
26.9874351,75.8508500,2018-10-06T05:30:58Z
26.9874351,75.8508500,2018-10-06T05:31:08Z
26.9874351,75.8508500,2018-10-06T05:31:19Z
26.9874351,75.8508500,2018-10-06T05:31:29Z
26.9874351,75.8508500,2018-10-06T05:31:40Z
26.9874361,75.8508496,2018-10-06T05:31:50Z
26.9874361,75.8508496,2018-10-06T05:32:01Z
26.9874361,75.8508496,2018-10-06T05:32:11Z
26.9874361,75.8508496,2018-10-06T05:32:22Z
26.9874361,75.8508496,2018-10-06T05:32:32Z
26.9874361,75.8508496,2018-10-06T05:32:43Z
26.9874361,75.8508496,2018-10-06T05:32:53Z
26.9874361,75.8508496,2018-10-06T05:33:04Z
26.9874994,75.8509292,2018-10-06T05:33:15Z
26.9875948,75.8510215,2018-10-06T05:33:25Z
26.9877018,75.8511429,2018-10-06T05:33:36Z
26.9877862,75.8512773,2018-10-06T05:33:46Z
26.9878308,75.8513771,2018-10-06T05:33:57Z
26.9878871,75.8514777,2018-10-06T05:34:07Z
26.9879352,75.8516062,2018-10-06T05:34:17Z
26.9879443,75.8517323,2018-10-06T05:34:28Z
26.9879583,75.8518758,2018-10-06T05:34:39Z
26.9878538,75.8519908,2018-10-06T05:34:50Z
26.9877216,75.8520024,2018-10-06T05:35:01Z
26.9875661,75.8520363,2018-10-06T05:35:12Z
26.9874452,75.8520571,2018-10-06T05:35:22Z
26.9873135,75.8520070,2018-10-06T05:35:33Z
26.9872041,75.8519604,2018-10-06T05:35:43Z
26.9870721,75.8519326,2018-10-06T05:35:54Z
26.9871109,75.8520208,2018-10-06T05:36:05Z
26.9872172,75.8521098,2018-10-06T05:36:15Z
26.9873506,75.8521868,2018-10-06T05:36:26Z
26.9874811,75.8523006,2018-10-06T05:36:37Z
26.9875518,75.8523828,2018-10-06T05:36:48Z
26.9875907,75.8524260,2018-10-06T05:36:58Z
26.9877009,75.8524938,2018-10-06T05:37:09Z
26.9878264,75.8525474,2018-10-06T05:37:20Z
26.9879424,75.8525943,2018-10-06T05:37:30Z
26.9880473,75.8526669,2018-10-06T05:37:40Z
26.9881692,75.8527176,2018-10-06T05:37:51Z
26.9883001,75.8527736,2018-10-06T05:38:02Z
26.9883929,75.8528011,2018-10-06T05:38:13Z
26.9884953,75.8528396,2018-10-06T05:38:23Z
26.9886343,75.8528756,2018-10-06T05:38:34Z
26.9887535,75.8529672,2018-10-06T05:38:45Z
26.9888461,75.8530503,2018-10-06T05:38:56Z
26.9889474,75.8531578,2018-10-06T05:39:07Z
26.9890328,75.8532586,2018-10-06T05:39:18Z
26.9891609,75.8533160,2018-10-06T05:39:29Z
26.9891562,75.8534447,2018-10-06T05:39:39Z
26.9891004,75.8535735,2018-10-06T05:39:49Z
26.9890400,75.8537148,2018-10-06T05:40:00Z
26.9889577,75.8538097,2018-10-06T05:40:11Z
26.9888827,75.8539080,2018-10-06T05:40:22Z
26.9888029,75.8540172,2018-10-06T05:40:33Z
26.9887612,75.8541085,2018-10-06T05:40:43Z
26.9887084,75.8542240,2018-10-06T05:40:54Z
26.9886564,75.8543133,2018-10-06T05:41:05Z
26.9886390,75.8543369,2018-10-06T05:41:16Z
26.9886390,75.8543369,2018-10-06T05:41:27Z
26.9886390,75.8543369,2018-10-06T05:41:37Z
26.9886390,75.8543369,2018-10-06T05:41:47Z
26.9886390,75.8543369,2018-10-06T05:41:57Z
26.9886390,75.8543369,2018-10-06T05:42:08Z
26.9886390,75.8543369,2018-10-06T05:42:19Z
26.9886390,75.8543369,2018-10-06T05:42:30Z
26.9886390,75.8543369,2018-10-06T05:42:40Z
26.9886390,75.8543369,2018-10-06T05:42:50Z
26.9886390,75.8543369,2018-10-06T05:43:01Z
26.9886390,75.8543369,2018-10-06T05:43:12Z
26.9886390,75.8543369,2018-10-06T05:43:22Z
26.9886390,75.8543369,2018-10-06T05:43:32Z
26.9886390,75.8543369,2018-10-06T05:43:43Z
26.9886390,75.8543369,2018-10-06T05:43:54Z
26.9886390,75.8543369,2018-10-06T05:44:05Z
26.9886390,75.8543369,2018-10-06T05:44:16Z
26.9886390,75.8543369,2018-10-06T05:44:27Z
26.9886390,75.8543369,2018-10-06T05:44:38Z
26.9886390,75.8543369,2018-10-06T05:44:49Z
26.9886390,75.8543369,2018-10-06T05:44:59Z
26.9886224,75.8543742,2018-10-06T05:45:10Z
26.9886089,75.8544055,2018-10-06T05:45:20Z
26.9885906,75.8544559,2018-10-06T05:45:30Z
26.9885026,75.8545739,2018-10-06T05:45:41Z
26.9884598,75.8546891,2018-10-06T05:45:51Z
26.9884375,75.8548305,2018-10-06T05:46:02Z
26.9884156,75.8549385,2018-10-06T05:46:12Z
26.9883660,75.8550650,2018-10-06T05:46:23Z
26.9883495,75.8552043,2018-10-06T05:46:33Z
26.9883758,75.8553482,2018-10-06T05:46:43Z
26.9883917,75.8554242,2018-10-06T05:46:53Z
26.9884747,75.8555266,2018-10-06T05:47:04Z
26.9885635,75.8555801,2018-10-06T05:47:15Z
26.9886507,75.8555745,2018-10-06T05:47:26Z
26.9887539,75.8555749,2018-10-06T05:47:36Z
26.9888963,75.8556104,2018-10-06T05:47:46Z
26.9888650,75.8556008,2018-10-06T05:47:56Z
26.9888431,75.8556112,2018-10-06T05:48:07Z
26.9888431,75.8556112,2018-10-06T05:48:17Z
26.9888431,75.8556112,2018-10-06T05:48:28Z
26.9888104,75.8556453,2018-10-06T05:48:38Z
26.9886562,75.8556252,2018-10-06T05:48:49Z
26.9885249,75.8556310,2018-10-06T05:48:59Z
26.9884797,75.8556428,2018-10-06T05:49:09Z
26.9883989,75.8555511,2018-10-06T05:49:19Z
26.9883110,75.8554489,2018-10-06T05:49:29Z
26.9881521,75.8553094,2018-10-06T05:49:40Z
26.9878914,75.8551254,2018-10-06T05:49:50Z
26.9878499,75.8550755,2018-10-06T05:50:01Z
26.9877678,75.8550265,2018-10-06T05:50:12Z
26.9876350,75.8549137,2018-10-06T05:50:22Z
26.9874240,75.8546917,2018-10-06T05:50:33Z
26.9871347,75.8544124,2018-10-06T05:50:43Z
26.9865710,75.8540591,2018-10-06T05:50:54Z
26.9860151,75.8539671,2018-10-06T05:51:04Z
26.9856466,75.8540264,2018-10-06T05:51:15Z
26.9852095,75.8540190,2018-10-06T05:51:25Z
26.9846497,75.8539070,2018-10-06T05:51:35Z
26.9840081,75.8536666,2018-10-06T05:51:46Z
26.9833192,75.8533764,2018-10-06T05:51:57Z
26.9824666,75.8528643,2018-10-06T05:52:08Z
26.9813448,75.8525788,2018-10-06T05:52:18Z
26.9801893,75.8524601,2018-10-06T05:52:29Z
26.9791947,75.8523416,2018-10-06T05:52:39Z
26.9781018,75.8521604,2018-10-06T05:52:50Z
26.9771279,75.8519314,2018-10-06T05:53:01Z
26.9761912,75.8513607,2018-10-06T05:53:11Z
26.9755786,75.8512197,2018-10-06T05:53:22Z
26.9748865,75.8516447,2018-10-06T05:53:32Z
26.9742334,75.8518071,2018-10-06T05:53:42Z
26.9736114,75.8518361,2018-10-06T05:53:53Z
26.9730468,75.8517206,2018-10-06T05:54:03Z
26.9725491,75.8518531,2018-10-06T05:54:14Z
26.9719563,75.8517151,2018-10-06T05:54:25Z
26.9713282,75.8516349,2018-10-06T05:54:36Z
26.9707279,75.8512828,2018-10-06T05:54:47Z
26.9701588,75.8510173,2018-10-06T05:54:57Z
26.9701388,75.8504028,2018-10-06T05:55:07Z
26.9700633,75.8496008,2018-10-06T05:55:18Z
26.9693436,75.8491248,2018-10-06T05:55:28Z
26.9684035,75.8488441,2018-10-06T05:55:38Z
26.9678772,75.8479139,2018-10-06T05:55:50Z
26.9677503,75.8477342,2018-10-06T05:56:00Z
26.9678336,75.8476193,2018-10-06T05:56:10Z
26.9683586,75.8474449,2018-10-06T05:56:21Z
26.9688742,75.8472143,2018-10-06T05:56:31Z
26.9685039,75.8467003,2018-10-06T05:56:41Z
26.9685447,75.8459871,2018-10-06T05:56:52Z
26.9692409,75.8455480,2018-10-06T05:57:03Z
26.9701362,75.8460851,2018-10-06T05:57:14Z
26.9707114,75.8465621,2018-10-06T05:57:25Z
26.9709527,75.8468104,2018-10-06T05:57:36Z
26.9715682,75.8460963,2018-10-06T05:57:46Z
26.9714076,75.8455493,2018-10-06T05:57:57Z
26.9712193,75.8449014,2018-10-06T05:58:08Z
26.9721330,75.8448028,2018-10-06T05:58:18Z
26.9729812,75.8446557,2018-10-06T05:58:28Z
26.9736774,75.8446903,2018-10-06T05:58:39Z
26.9730310,75.8444686,2018-10-06T05:58:49Z
26.9720292,75.8443392,2018-10-06T05:58:59Z
26.9710169,75.8439316,2018-10-06T05:59:10Z
26.9704859,75.8434365,2018-10-06T05:59:21Z
26.9712014,75.8437881,2018-10-06T05:59:31Z
26.9721469,75.8438737,2018-10-06T05:59:42Z
26.9722687,75.8436015,2018-10-06T05:59:53Z
26.9715625,75.8432005,2018-10-06T06:00:03Z
26.9708414,75.8428683,2018-10-06T06:00:13Z
26.9714057,75.8427310,2018-10-06T06:00:23Z
26.9717756,75.8420223,2018-10-06T06:00:34Z
26.9720900,75.8416674,2018-10-06T06:00:44Z
26.9729744,75.8423738,2018-10-06T06:00:55Z
26.9736496,75.8428111,2018-10-06T06:01:05Z
26.9744445,75.8432105,2018-10-06T06:01:15Z
26.9747246,75.8432570,2018-10-06T06:01:25Z
26.9747549,75.8432528,2018-10-06T06:01:36Z
26.9747549,75.8432528,2018-10-06T06:01:47Z
26.9747920,75.8431745,2018-10-06T06:01:58Z
26.9747153,75.8430211,2018-10-06T06:02:09Z
26.9746234,75.8429387,2018-10-06T06:02:20Z
26.9743837,75.8425012,2018-10-06T06:02:31Z
26.9739289,75.8417503,2018-10-06T06:02:42Z
26.9734942,75.8410737,2018-10-06T06:02:52Z
26.9733714,75.8401486,2018-10-06T06:03:03Z
26.9728442,75.8392266,2018-10-06T06:03:14Z
26.9723059,75.8384143,2018-10-06T06:03:25Z
26.9725754,75.8378929,2018-10-06T06:03:36Z
26.9734522,75.8383869,2018-10-06T06:03:46Z
26.9743563,75.8385692,2018-10-06T06:03:56Z
26.9744726,75.8381703,2018-10-06T06:04:07Z
26.9737749,75.8375535,2018-10-06T06:04:18Z
26.9730756,75.8367856,2018-10-06T06:04:29Z
26.9722297,75.8362122,2018-10-06T06:04:39Z
26.9711597,75.8360329,2018-10-06T06:04:50Z
26.9703112,75.8357856,2018-10-06T06:05:01Z
26.9695895,75.8353274,2018-10-06T06:05:11Z
26.9685395,75.8350195,2018-10-06T06:05:22Z
26.9674385,75.8344322,2018-10-06T06:05:33Z
26.9663122,75.8337024,2018-10-06T06:05:43Z
26.9650883,75.8332658,2018-10-06T06:05:54Z
26.9639352,75.8325451,2018-10-06T06:06:04Z
26.9625608,75.8317920,2018-10-06T06:06:15Z
26.9613145,75.8316066,2018-10-06T06:06:25Z
26.9603919,75.8322783,2018-10-06T06:06:36Z
26.9591661,75.8321152,2018-10-06T06:06:46Z
26.9578966,75.8314232,2018-10-06T06:06:57Z
26.9566271,75.8308069,2018-10-06T06:07:07Z
26.9554295,75.8300775,2018-10-06T06:07:18Z
26.9543434,75.8291104,2018-10-06T06:07:29Z
26.9535204,75.8282509,2018-10-06T06:07:39Z
26.9527897,75.8273190,2018-10-06T06:07:50Z
26.9523113,75.8266622,2018-10-06T06:08:01Z
26.9516847,75.8257405,2018-10-06T06:08:11Z
26.9510942,75.8246089,2018-10-06T06:08:22Z
26.9502427,75.8234483,2018-10-06T06:08:33Z
26.9491571,75.8224517,2018-10-06T06:08:43Z
26.9481337,75.8213052,2018-10-06T06:08:54Z
26.9472754,75.8203561,2018-10-06T06:09:04Z
26.9462615,75.8192113,2018-10-06T06:09:15Z
26.9453482,75.8183520,2018-10-06T06:09:26Z
26.9441283,75.8182507,2018-10-06T06:09:36Z
26.9432053,75.8184028,2018-10-06T06:09:47Z
26.9432058,75.8181962,2018-10-06T06:09:58Z
26.9431129,75.8180928,2018-10-06T06:10:08Z
26.9431139,75.8180915,2018-10-06T06:10:19Z
26.9431139,75.8180915,2018-10-06T06:10:30Z
26.9430531,75.8180727,2018-10-06T06:10:40Z
26.9423778,75.8179227,2018-10-06T06:10:51Z
26.9414166,75.8179800,2018-10-06T06:11:02Z
26.9407084,75.8174976,2018-10-06T06:11:13Z
26.9403623,75.8167356,2018-10-06T06:11:23Z
26.9400414,75.8164372,2018-10-06T06:11:33Z
26.9400005,75.8164100,2018-10-06T06:11:44Z
26.9400022,75.8164133,2018-10-06T06:11:55Z
26.9400022,75.8164133,2018-10-06T06:12:06Z
26.9400022,75.8164133,2018-10-06T06:12:16Z
26.9400022,75.8164133,2018-10-06T06:12:27Z
26.9400022,75.8164133,2018-10-06T06:12:37Z
26.9400022,75.8164133,2018-10-06T06:12:47Z
26.9400022,75.8164133,2018-10-06T06:12:57Z
26.9400022,75.8164133,2018-10-06T06:13:08Z
26.9400022,75.8164133,2018-10-06T06:13:18Z
26.9400022,75.8164133,2018-10-06T06:13:29Z
26.9400114,75.8164242,2018-10-06T06:13:39Z
26.9399782,75.8164135,2018-10-06T06:13:50Z
26.9399110,75.8163390,2018-10-06T06:14:01Z
26.9398200,75.8162651,2018-10-06T06:14:11Z
26.9397691,75.8161868,2018-10-06T06:14:21Z
26.9397250,75.8161033,2018-10-06T06:14:31Z
26.9396131,75.8160239,2018-10-06T06:14:42Z
26.9395346,75.8160078,2018-10-06T06:14:53Z
26.9394128,75.8159620,2018-10-06T06:15:03Z
26.9393735,75.8159839,2018-10-06T06:15:14Z
26.9393379,75.8160075,2018-10-06T06:15:24Z
26.9393379,75.8160075,2018-10-06T06:15:35Z
26.9393379,75.8160075,2018-10-06T06:15:46Z
26.9393336,75.8160176,2018-10-06T06:15:57Z
26.9393327,75.8160196,2018-10-06T06:16:07Z
26.9393327,75.8160196,2018-10-06T06:16:17Z
26.9393327,75.8160196,2018-10-06T06:16:27Z
26.9393327,75.8160196,2018-10-06T06:16:38Z
26.9393333,75.8160088,2018-10-06T06:16:49Z
26.9393118,75.8160119,2018-10-06T06:16:59Z
26.9392358,75.8159947,2018-10-06T06:17:09Z
26.9391605,75.8160202,2018-10-06T06:17:19Z
26.9390936,75.8160140,2018-10-06T06:17:30Z
26.9389783,75.8160267,2018-10-06T06:17:40Z
26.9388667,75.8160270,2018-10-06T06:17:51Z
26.9388207,75.8159915,2018-10-06T06:18:01Z
26.9387383,75.8159482,2018-10-06T06:18:12Z
26.9386521,75.8158903,2018-10-06T06:18:22Z
26.9385541,75.8158389,2018-10-06T06:18:32Z
26.9384576,75.8157829,2018-10-06T06:18:42Z
26.9383447,75.8157178,2018-10-06T06:18:53Z
26.9382403,75.8156474,2018-10-06T06:19:03Z
26.9381406,75.8155958,2018-10-06T06:19:14Z
26.9380443,75.8155472,2018-10-06T06:19:24Z
26.9379283,75.8154820,2018-10-06T06:19:34Z
26.9378085,75.8154268,2018-10-06T06:19:44Z
26.9377441,75.8153355,2018-10-06T06:19:55Z
26.9376998,75.8152445,2018-10-06T06:20:05Z
26.9376323,75.8151956,2018-10-06T06:20:16Z
26.9375827,75.8152527,2018-10-06T06:20:27Z
26.9375466,75.8153506,2018-10-06T06:20:38Z
26.9375323,75.8154179,2018-10-06T06:20:48Z
26.9375988,75.8154780,2018-10-06T06:20:59Z
26.9375422,75.8155632,2018-10-06T06:21:09Z
26.9374815,75.8155779,2018-10-06T06:21:20Z
26.9374631,75.8155752,2018-10-06T06:21:30Z
26.9374631,75.8155752,2018-10-06T06:21:41Z
26.9374598,75.8156084,2018-10-06T06:21:51Z
26.9375033,75.8156641,2018-10-06T06:22:01Z
26.9375411,75.8156781,2018-10-06T06:22:12Z
26.9375411,75.8156781,2018-10-06T06:22:22Z
26.9376185,75.8157901,2018-10-06T06:22:33Z
26.9375030,75.8157203,2018-10-06T06:22:43Z
26.9374735,75.8156768,2018-10-06T06:22:54Z
26.9374735,75.8156768,2018-10-06T06:23:05Z
26.9374436,75.8156724,2018-10-06T06:23:16Z
26.9374102,75.8156650,2018-10-06T06:23:26Z
26.9373992,75.8156555,2018-10-06T06:23:36Z
26.9373992,75.8156555,2018-10-06T06:23:47Z
26.9373888,75.8156464,2018-10-06T06:23:57Z
26.9373888,75.8156464,2018-10-06T06:24:07Z
26.9373830,75.8156261,2018-10-06T06:24:18Z
26.9374260,75.8155832,2018-10-06T06:24:29Z
26.9374381,75.8155134,2018-10-06T06:24:40Z
26.9374010,75.8154545,2018-10-06T06:24:51Z
26.9375179,75.8155101,2018-10-06T06:25:02Z
26.9375395,75.8155056,2018-10-06T06:25:13Z
26.9374175,75.8154764,2018-10-06T06:25:23Z
26.9374677,75.8154657,2018-10-06T06:25:33Z
26.9374677,75.8154657,2018-10-06T06:25:44Z
26.9374694,75.8155083,2018-10-06T06:25:55Z
26.9374001,75.8154902,2018-10-06T06:26:05Z
26.9372575,75.8155361,2018-10-06T06:26:15Z
26.9372126,75.8155829,2018-10-06T06:26:25Z
26.9373264,75.8155426,2018-10-06T06:26:36Z
26.9373337,75.8155291,2018-10-06T06:26:46Z
26.9373329,75.8155083,2018-10-06T06:26:57Z
26.9373728,75.8154314,2018-10-06T06:27:08Z
26.9373922,75.8154096,2018-10-06T06:27:19Z
26.9373652,75.8154028,2018-10-06T06:27:30Z
26.9373652,75.8154028,2018-10-06T06:27:41Z
26.9373618,75.8153668,2018-10-06T06:27:51Z
26.9373848,75.8153833,2018-10-06T06:28:02Z
26.9373381,75.8154338,2018-10-06T06:28:12Z
26.9373390,75.8154699,2018-10-06T06:28:22Z
26.9373274,75.8154447,2018-10-06T06:28:33Z
26.9373274,75.8154447,2018-10-06T06:28:44Z
26.9373274,75.8154447,2018-10-06T06:28:54Z
26.9373158,75.8153974,2018-10-06T06:29:05Z
26.9372344,75.8153583,2018-10-06T06:29:15Z
26.9371843,75.8153279,2018-10-06T06:29:26Z
26.9371285,75.8152608,2018-10-06T06:29:36Z
26.9371310,75.8152428,2018-10-06T06:29:46Z
26.9371115,75.8152017,2018-10-06T06:29:56Z
26.9371112,75.8152014,2018-10-06T06:30:07Z
26.9371353,75.8151591,2018-10-06T06:30:17Z
26.9371201,75.8151758,2018-10-06T06:30:28Z
26.9371146,75.8151651,2018-10-06T06:30:38Z
26.9371146,75.8151651,2018-10-06T06:30:48Z
26.9371146,75.8151651,2018-10-06T06:30:59Z
26.9371146,75.8151651,2018-10-06T06:31:09Z
26.9371146,75.8151651,2018-10-06T06:31:19Z
26.9371146,75.8151651,2018-10-06T06:31:30Z
26.9371146,75.8151651,2018-10-06T06:31:41Z
26.9371271,75.8151357,2018-10-06T06:31:51Z
26.9371430,75.8150406,2018-10-06T06:32:02Z
26.9371749,75.8149981,2018-10-06T06:32:12Z
26.9372033,75.8150687,2018-10-06T06:32:24Z
26.9370537,75.8150755,2018-10-06T06:32:35Z
26.9371624,75.8151590,2018-10-06T06:32:51Z
26.9372536,75.8152982,2018-10-06T06:33:02Z
26.9372168,75.8152302,2018-10-06T06:33:12Z
26.9371761,75.8152528,2018-10-06T06:33:23Z
26.9371731,75.8152539,2018-10-06T06:33:33Z
26.9371949,75.8153148,2018-10-06T06:33:44Z
26.9371662,75.8153846,2018-10-06T06:33:55Z
26.9371702,75.8154100,2018-10-06T06:34:05Z
26.9371357,75.8154312,2018-10-06T06:34:15Z
26.9371308,75.8155260,2018-10-06T06:34:26Z
26.9372129,75.8156064,2018-10-06T06:34:37Z
26.9372206,75.8156087,2018-10-06T06:34:47Z
26.9372936,75.8156713,2018-10-06T06:34:57Z
26.9372991,75.8157104,2018-10-06T06:35:08Z
26.9373974,75.8157519,2018-10-06T06:35:19Z
26.9373911,75.8157973,2018-10-06T06:35:29Z
26.9373410,75.8158145,2018-10-06T06:35:39Z
26.9372650,75.8157656,2018-10-06T06:35:50Z
26.9372626,75.8157683,2018-10-06T06:36:00Z
26.9372626,75.8157683,2018-10-06T06:36:10Z
26.9372626,75.8157683,2018-10-06T06:36:21Z
26.9372626,75.8157683,2018-10-06T06:36:31Z
26.9372626,75.8157683,2018-10-06T06:36:42Z
26.9372626,75.8157683,2018-10-06T06:36:53Z
26.9372626,75.8157683,2018-10-06T06:37:04Z
26.9372223,75.8156865,2018-10-06T06:37:15Z
26.9371430,75.8156142,2018-10-06T06:37:25Z
26.9370648,75.8155405,2018-10-06T06:37:36Z
26.9370101,75.8155082,2018-10-06T06:37:46Z
26.9370101,75.8155082,2018-10-06T06:37:56Z
26.9370101,75.8155082,2018-10-06T06:38:06Z
26.9370101,75.8155082,2018-10-06T06:38:16Z
26.9370101,75.8155082,2018-10-06T06:38:26Z
26.9369306,75.8154298,2018-10-06T06:38:37Z
26.9369111,75.8154097,2018-10-06T06:38:47Z
26.9369111,75.8154097,2018-10-06T06:38:57Z
26.9369503,75.8153306,2018-10-06T06:39:08Z
26.9370153,75.8152447,2018-10-06T06:39:19Z
26.9370772,75.8151601,2018-10-06T06:39:29Z
26.9371380,75.8150808,2018-10-06T06:39:40Z
26.9371549,75.8150998,2018-10-06T06:39:51Z
26.9372420,75.8151882,2018-10-06T06:40:01Z
26.9373164,75.8152759,2018-10-06T06:40:12Z
26.9374109,75.8153756,2018-10-06T06:40:22Z
26.9374944,75.8154618,2018-10-06T06:40:32Z
26.9375848,75.8155383,2018-10-06T06:40:43Z
26.9375893,75.8155395,2018-10-06T06:40:54Z
26.9375647,75.8155327,2018-10-06T06:41:05Z
26.9374880,75.8155479,2018-10-06T06:41:15Z
26.9374614,75.8155110,2018-10-06T06:41:25Z
26.9374180,75.8154945,2018-10-06T06:41:36Z
26.9374372,75.8154937,2018-10-06T06:41:47Z
26.9374020,75.8154717,2018-10-06T06:41:57Z
26.9373159,75.8154215,2018-10-06T06:42:07Z
26.9371741,75.8154048,2018-10-06T06:42:18Z
26.9371927,75.8153680,2018-10-06T06:42:29Z
26.9371548,75.8153458,2018-10-06T06:42:40Z
26.9370889,75.8153064,2018-10-06T06:42:51Z
26.9370158,75.8152866,2018-10-06T06:43:02Z
26.9370174,75.8152756,2018-10-06T06:43:12Z
26.9370455,75.8153236,2018-10-06T06:43:23Z
26.9370313,75.8153141,2018-10-06T06:43:34Z
26.9370305,75.8153379,2018-10-06T06:44:13Z
26.9370266,75.8153545,2018-10-06T06:44:24Z
26.9370249,75.8154162,2018-10-06T06:44:34Z
26.9370249,75.8154162,2018-10-06T06:44:45Z
26.9370056,75.8154595,2018-10-06T06:44:55Z
26.9369996,75.8154718,2018-10-06T06:45:05Z
26.9369807,75.8154738,2018-10-06T06:45:15Z
26.9369700,75.8154170,2018-10-06T06:45:26Z
26.9370420,75.8154228,2018-10-06T06:45:37Z
26.9371497,75.8155227,2018-10-06T06:45:47Z
26.9372053,75.8155439,2018-10-06T06:45:57Z
26.9372896,75.8156034,2018-10-06T06:46:08Z
26.9373701,75.8156420,2018-10-06T06:46:19Z
26.9373376,75.8156576,2018-10-06T06:46:29Z
26.9374826,75.8156239,2018-10-06T06:46:39Z
26.9375875,75.8155260,2018-10-06T06:46:49Z
26.9375875,75.8155260,2018-10-06T06:46:59Z
26.9375168,75.8154992,2018-10-06T06:47:10Z
26.9375099,75.8154880,2018-10-06T06:47:20Z
26.9375017,75.8154918,2018-10-06T06:47:30Z
26.9375069,75.8154905,2018-10-06T06:47:41Z
26.9375069,75.8154905,2018-10-06T06:47:52Z
26.9375069,75.8154905,2018-10-06T06:48:02Z
26.9375069,75.8154987,2018-10-06T06:48:13Z
26.9375069,75.8154987,2018-10-06T06:48:23Z
26.9375069,75.8154987,2018-10-06T06:48:34Z
26.9375069,75.8154987,2018-10-06T06:48:44Z
26.9375069,75.8154987,2018-10-06T06:48:55Z
26.9375152,75.8155020,2018-10-06T06:49:06Z
26.9375152,75.8155020,2018-10-06T06:49:17Z
26.9375152,75.8155020,2018-10-06T06:49:28Z
26.9375152,75.8155020,2018-10-06T06:49:38Z
26.9375152,75.8155020,2018-10-06T06:49:49Z
26.9375152,75.8155020,2018-10-06T06:50:00Z
26.9375152,75.8155020,2018-10-06T06:50:11Z
26.9375152,75.8155020,2018-10-06T06:50:22Z
26.9375152,75.8155020,2018-10-06T06:50:32Z
26.9375152,75.8155020,2018-10-06T06:50:42Z
26.9375152,75.8155020,2018-10-06T06:50:52Z
26.9375152,75.8155020,2018-10-06T06:51:03Z
26.9375152,75.8155020,2018-10-06T06:51:13Z
26.9375152,75.8155020,2018-10-06T06:51:24Z
26.9375152,75.8155020,2018-10-06T06:51:35Z
26.9375152,75.8155020,2018-10-06T06:51:45Z
26.9375152,75.8155020,2018-10-06T06:51:55Z
26.9375157,75.8155004,2018-10-06T06:52:06Z
26.9375217,75.8155119,2018-10-06T06:52:16Z
26.9375380,75.8155203,2018-10-06T06:52:27Z
26.9375432,75.8155215,2018-10-06T06:52:38Z
26.9375432,75.8155215,2018-10-06T06:52:48Z
26.9375432,75.8155215,2018-10-06T06:52:58Z
26.9375641,75.8154741,2018-10-06T06:53:09Z
26.9375538,75.8153534,2018-10-06T06:53:19Z
26.9375669,75.8152546,2018-10-06T06:53:29Z
26.9375668,75.8152561,2018-10-06T06:53:39Z
26.9376429,75.8153440,2018-10-06T06:53:50Z
26.9377198,75.8154422,2018-10-06T06:54:01Z
26.9377778,75.8155095,2018-10-06T06:54:12Z
26.9378334,75.8154946,2018-10-06T06:54:22Z
26.9379242,75.8155170,2018-10-06T06:54:33Z
26.9380024,75.8155368,2018-10-06T06:54:44Z
26.9380788,75.8156087,2018-10-06T06:54:55Z
26.9381596,75.8156881,2018-10-06T06:55:06Z
26.9382655,75.8157555,2018-10-06T06:55:17Z
26.9383682,75.8158052,2018-10-06T06:55:28Z
26.9384838,75.8158338,2018-10-06T06:55:39Z
26.9385700,75.8158995,2018-10-06T06:55:50Z
26.9386727,75.8159747,2018-10-06T06:56:01Z
26.9387690,75.8160305,2018-10-06T06:56:11Z
26.9388510,75.8160667,2018-10-06T06:56:21Z
26.9389453,75.8160601,2018-10-06T06:56:31Z
26.9390591,75.8160526,2018-10-06T06:56:43Z
26.9391661,75.8160311,2018-10-06T06:56:53Z
26.9392812,75.8160195,2018-10-06T06:57:03Z
26.9393819,75.8160206,2018-10-06T06:57:14Z
26.9395116,75.8160403,2018-10-06T06:57:25Z
26.9396085,75.8160939,2018-10-06T06:57:35Z
26.9396727,75.8162000,2018-10-06T06:57:45Z
26.9397458,75.8162917,2018-10-06T06:57:56Z
26.9398263,75.8163821,2018-10-06T06:58:06Z
26.9399332,75.8164578,2018-10-06T06:58:16Z
26.9399252,75.8164881,2018-10-06T06:58:27Z
26.9399158,75.8164833,2018-10-06T06:58:37Z
26.9399158,75.8164833,2018-10-06T06:58:47Z
26.9399027,75.8164921,2018-10-06T06:58:58Z
26.9399160,75.8164646,2018-10-06T06:59:09Z
26.9400124,75.8164887,2018-10-06T06:59:19Z
26.9401110,75.8165641,2018-10-06T06:59:30Z
26.9402157,75.8166189,2018-10-06T06:59:40Z
26.9402793,75.8167392,2018-10-06T06:59:51Z
26.9403612,75.8168491,2018-10-06T07:00:01Z
26.9404212,75.8169665,2018-10-06T07:00:11Z
26.9405017,75.8170697,2018-10-06T07:00:22Z
26.9405641,75.8171632,2018-10-06T07:00:32Z
26.9406132,75.8172871,2018-10-06T07:00:43Z
26.9406541,75.8174298,2018-10-06T07:00:54Z
26.9407183,75.8175756,2018-10-06T07:01:05Z
26.9407952,75.8176778,2018-10-06T07:01:15Z
26.9408663,75.8177673,2018-10-06T07:01:26Z
26.9409458,75.8178333,2018-10-06T07:01:36Z
26.9410541,75.8179463,2018-10-06T07:01:47Z
26.9411468,75.8180122,2018-10-06T07:01:57Z
26.9412493,75.8180397,2018-10-06T07:02:07Z
26.9413508,75.8180631,2018-10-06T07:02:18Z
26.9414484,75.8180890,2018-10-06T07:02:28Z
26.9415607,75.8180661,2018-10-06T07:02:38Z
26.9416899,75.8180461,2018-10-06T07:02:48Z
26.9418248,75.8180216,2018-10-06T07:02:58Z
26.9419192,75.8179834,2018-10-06T07:03:09Z
26.9419800,75.8179260,2018-10-06T07:03:20Z
26.9419800,75.8179260,2018-10-06T07:03:30Z
26.9419800,75.8179260,2018-10-06T07:03:41Z
26.9419800,75.8179260,2018-10-06T07:03:52Z
26.9419800,75.8179260,2018-10-06T07:04:02Z
26.9419876,75.8179102,2018-10-06T07:04:13Z
26.9420313,75.8178786,2018-10-06T07:04:23Z
26.9420383,75.8178744,2018-10-06T07:04:33Z
26.9420383,75.8178744,2018-10-06T07:04:44Z
26.9420383,75.8178744,2018-10-06T07:04:55Z
26.9420196,75.8178808,2018-10-06T07:05:06Z
26.9420196,75.8178811,2018-10-06T07:05:17Z
26.9420189,75.8178845,2018-10-06T07:05:28Z
26.9420189,75.8178845,2018-10-06T07:05:38Z
26.9420189,75.8178845,2018-10-06T07:05:49Z
26.9420038,75.8178917,2018-10-06T07:05:59Z
26.9420441,75.8179401,2018-10-06T07:06:10Z
26.9421297,75.8179412,2018-10-06T07:06:21Z
26.9422321,75.8179335,2018-10-06T07:06:31Z
26.9423449,75.8179366,2018-10-06T07:06:41Z
26.9424578,75.8179732,2018-10-06T07:06:52Z
26.9425874,75.8180192,2018-10-06T07:07:03Z
26.9427189,75.8180433,2018-10-06T07:07:14Z
26.9428463,75.8180829,2018-10-06T07:07:25Z
26.9429613,75.8180998,2018-10-06T07:07:35Z
26.9430953,75.8181552,2018-10-06T07:07:46Z
26.9431977,75.8181784,2018-10-06T07:07:57Z
26.9432241,75.8182148,2018-10-06T07:08:08Z
26.9432254,75.8183128,2018-10-06T07:08:18Z
26.9432903,75.8184200,2018-10-06T07:08:28Z
26.9433387,75.8185023,2018-10-06T07:08:41Z
26.9433389,75.8184882,2018-10-06T07:08:51Z
26.9433561,75.8184836,2018-10-06T07:09:01Z
26.9432679,75.8185215,2018-10-06T07:09:11Z
26.9432840,75.8185398,2018-10-06T07:09:21Z
26.9432840,75.8185398,2018-10-06T07:09:32Z
26.9433120,75.8186112,2018-10-06T07:09:43Z
26.9432948,75.8187333,2018-10-06T07:09:53Z
26.9432896,75.8187439,2018-10-06T07:10:04Z
26.9432956,75.8188011,2018-10-06T07:10:15Z
26.9432599,75.8187058,2018-10-06T07:10:26Z
26.9432716,75.8187066,2018-10-06T07:10:36Z
26.9432737,75.8187104,2018-10-06T07:10:47Z
26.9432737,75.8187104,2018-10-06T07:10:57Z
26.9432737,75.8187104,2018-10-06T07:11:07Z
26.9432737,75.8187104,2018-10-06T07:11:18Z
26.9432737,75.8187104,2018-10-06T07:11:28Z
26.9432693,75.8187195,2018-10-06T07:11:39Z
26.9432693,75.8187195,2018-10-06T07:11:49Z
26.9432781,75.8187152,2018-10-06T07:11:59Z
26.9432825,75.8187138,2018-10-06T07:12:10Z
26.9432825,75.8187138,2018-10-06T07:12:20Z
26.9432825,75.8187138,2018-10-06T07:12:31Z
26.9432825,75.8187138,2018-10-06T07:12:42Z
26.9432825,75.8187138,2018-10-06T07:12:53Z
26.9432825,75.8187138,2018-10-06T07:13:04Z
26.9432825,75.8187138,2018-10-06T07:13:15Z
26.9432825,75.8187138,2018-10-06T07:13:26Z
26.9432825,75.8187138,2018-10-06T07:13:37Z
26.9432825,75.8187138,2018-10-06T07:13:48Z
26.9432825,75.8187138,2018-10-06T07:13:58Z
26.9432825,75.8187138,2018-10-06T07:14:08Z
26.9432725,75.8187211,2018-10-06T07:14:19Z
26.9432725,75.8187211,2018-10-06T07:14:30Z
26.9432725,75.8187211,2018-10-06T07:14:40Z
26.9432725,75.8187211,2018-10-06T07:14:51Z
26.9432725,75.8187211,2018-10-06T07:15:02Z
26.9432725,75.8187211,2018-10-06T07:15:13Z
26.9432725,75.8187211,2018-10-06T07:15:24Z
26.9432671,75.8187232,2018-10-06T07:15:34Z
26.9432926,75.8186553,2018-10-06T07:15:44Z
26.9432958,75.8186456,2018-10-06T07:15:54Z
26.9432878,75.8186272,2018-10-06T07:16:05Z
26.9432878,75.8186272,2018-10-06T07:16:16Z
26.9432922,75.8186233,2018-10-06T07:16:26Z
26.9432922,75.8186233,2018-10-06T07:16:37Z
26.9432922,75.8186233,2018-10-06T07:16:47Z
26.9432922,75.8186233,2018-10-06T07:16:58Z
26.9432992,75.8186404,2018-10-06T07:17:09Z
26.9432992,75.8186404,2018-10-06T07:17:20Z
26.9432992,75.8186404,2018-10-06T07:17:30Z
26.9432992,75.8186404,2018-10-06T07:17:40Z
26.9432992,75.8186404,2018-10-06T07:17:51Z
26.9432966,75.8186095,2018-10-06T07:18:01Z
26.9432788,75.8185653,2018-10-06T07:18:12Z
26.9432717,75.8185700,2018-10-06T07:18:22Z
26.9432606,75.8185674,2018-10-06T07:18:33Z
26.9432450,75.8185705,2018-10-06T07:18:44Z
26.9432447,75.8185705,2018-10-06T07:18:55Z
26.9432447,75.8185705,2018-10-06T07:19:05Z
26.9432415,75.8185717,2018-10-06T07:19:16Z
26.9432415,75.8185717,2018-10-06T07:19:26Z
26.9432248,75.8185874,2018-10-06T07:19:37Z
26.9432187,75.8185922,2018-10-06T07:19:48Z
26.9432187,75.8185922,2018-10-06T07:19:59Z
26.9432143,75.8185941,2018-10-06T07:20:09Z
26.9432143,75.8185941,2018-10-06T07:20:19Z
26.9432159,75.8185849,2018-10-06T07:20:29Z
26.9432172,75.8185706,2018-10-06T07:20:40Z
26.9432252,75.8185567,2018-10-06T07:20:51Z
26.9432300,75.8185308,2018-10-06T07:21:01Z
26.9432306,75.8185302,2018-10-06T07:21:11Z
26.9432306,75.8185302,2018-10-06T07:21:22Z
26.9432314,75.8185279,2018-10-06T07:21:32Z
26.9432312,75.8185272,2018-10-06T07:21:43Z
26.9432312,75.8185272,2018-10-06T07:21:53Z
26.9432300,75.8185255,2018-10-06T07:22:04Z
26.9432300,75.8185255,2018-10-06T07:22:14Z
26.9432300,75.8185255,2018-10-06T07:22:25Z
26.9432300,75.8185255,2018-10-06T07:22:36Z
26.9432300,75.8185255,2018-10-06T07:22:46Z
26.9432300,75.8185255,2018-10-06T07:22:56Z
26.9432300,75.8185255,2018-10-06T07:23:07Z
26.9432299,75.8185336,2018-10-06T07:23:18Z
26.9432303,75.8185342,2018-10-06T07:23:29Z
26.9432303,75.8185342,2018-10-06T07:23:40Z
26.9432303,75.8185342,2018-10-06T07:23:50Z
26.9432395,75.8185439,2018-10-06T07:24:01Z
26.9432472,75.8185434,2018-10-06T07:24:11Z
26.9432434,75.8185362,2018-10-06T07:24:22Z
26.9432434,75.8185362,2018-10-06T07:24:33Z
26.9432366,75.8185368,2018-10-06T07:24:43Z
26.9432366,75.8185368,2018-10-06T07:24:54Z
26.9432353,75.8185538,2018-10-06T07:25:05Z
26.9432335,75.8185625,2018-10-06T07:25:15Z
26.9432335,75.8185625,2018-10-06T07:25:26Z
26.9432335,75.8185625,2018-10-06T07:25:37Z
26.9432335,75.8185625,2018-10-06T07:25:48Z
26.9432390,75.8185670,2018-10-06T07:25:59Z
26.9432399,75.8185693,2018-10-06T07:26:10Z
26.9432390,75.8185714,2018-10-06T07:26:20Z
26.9432390,75.8185714,2018-10-06T07:26:31Z
26.9432361,75.8185641,2018-10-06T07:26:41Z
26.9432400,75.8185575,2018-10-06T07:26:52Z
26.9432433,75.8185591,2018-10-06T07:27:02Z
26.9432408,75.8185586,2018-10-06T07:27:13Z
26.9432388,75.8185724,2018-10-06T07:27:24Z
26.9432410,75.8185750,2018-10-06T07:27:35Z
26.9432409,75.8185747,2018-10-06T07:27:45Z
26.9432379,75.8185669,2018-10-06T07:27:56Z
26.9432379,75.8185669,2018-10-06T07:28:06Z
26.9432334,75.8185571,2018-10-06T07:28:17Z
26.9432337,75.8185570,2018-10-06T07:28:28Z
26.9432337,75.8185570,2018-10-06T07:28:38Z
26.9432337,75.8185570,2018-10-06T07:28:48Z
26.9432337,75.8185570,2018-10-06T07:28:59Z
26.9432337,75.8185570,2018-10-06T07:29:09Z
26.9432337,75.8185570,2018-10-06T07:29:20Z
26.9432337,75.8185570,2018-10-06T07:29:31Z
26.9432337,75.8185570,2018-10-06T07:29:42Z
26.9432337,75.8185570,2018-10-06T07:29:52Z
26.9432413,75.8185612,2018-10-06T07:30:02Z
26.9432413,75.8185610,2018-10-06T07:30:13Z
26.9432298,75.8185707,2018-10-06T07:30:23Z
26.9432298,75.8185707,2018-10-06T07:30:33Z
26.9432298,75.8185707,2018-10-06T07:30:44Z
26.9432298,75.8185707,2018-10-06T07:30:54Z
26.9432298,75.8185707,2018-10-06T07:31:05Z
26.9432298,75.8185707,2018-10-06T07:31:15Z
26.9432298,75.8185707,2018-10-06T07:31:25Z
26.9432298,75.8185707,2018-10-06T07:31:36Z
26.9432298,75.8185707,2018-10-06T07:31:47Z
26.9432298,75.8185707,2018-10-06T07:31:58Z
26.9432298,75.8185707,2018-10-06T07:32:08Z
26.9432295,75.8185735,2018-10-06T07:32:18Z
26.9432323,75.8185734,2018-10-06T07:32:29Z
26.9432323,75.8185734,2018-10-06T07:32:39Z
26.9432370,75.8185722,2018-10-06T07:32:49Z
26.9432439,75.8185666,2018-10-06T07:32:59Z
26.9432454,75.8185685,2018-10-06T07:33:10Z
26.9432454,75.8185685,2018-10-06T07:33:21Z
26.9432454,75.8185685,2018-10-06T07:33:31Z
26.9432392,75.8185478,2018-10-06T07:33:42Z
26.9432380,75.8185485,2018-10-06T07:33:53Z
26.9432384,75.8185367,2018-10-06T07:34:04Z
26.9432384,75.8185367,2018-10-06T07:34:15Z
26.9432384,75.8185367,2018-10-06T07:34:26Z
26.9432384,75.8185367,2018-10-06T07:34:36Z
26.9432440,75.8185263,2018-10-06T07:34:46Z
26.9433159,75.8185223,2018-10-06T07:34:56Z
26.9437768,75.8183930,2018-10-06T07:35:06Z
26.9445052,75.8182730,2018-10-06T07:35:16Z
26.9454954,75.8184747,2018-10-06T07:35:27Z
26.9462337,75.8191954,2018-10-06T07:35:37Z
26.9466419,75.8196896,2018-10-06T07:35:47Z
26.9472508,75.8203488,2018-10-06T07:35:58Z
26.9480873,75.8212390,2018-10-06T07:36:09Z
26.9489738,75.8222789,2018-10-06T07:36:20Z
26.9499050,75.8231153,2018-10-06T07:36:30Z
26.9506575,75.8239261,2018-10-06T07:36:41Z
26.9512974,75.8248690,2018-10-06T07:36:52Z
26.9517786,75.8258831,2018-10-06T07:37:03Z
26.9522588,75.8265877,2018-10-06T07:37:13Z
26.9526056,75.8270563,2018-10-06T07:37:23Z
26.9529236,75.8274746,2018-10-06T07:37:33Z
26.9533834,75.8281253,2018-10-06T07:37:44Z
26.9542889,75.8290788,2018-10-06T07:37:55Z
26.9551921,75.8299514,2018-10-06T07:38:06Z
26.9559716,75.8304180,2018-10-06T07:38:17Z
26.9565083,75.8307593,2018-10-06T07:38:28Z
26.9573968,75.8311790,2018-10-06T07:38:38Z
26.9583846,75.8316691,2018-10-06T07:38:49Z
26.9591184,75.8320535,2018-10-06T07:38:59Z
26.9597190,75.8321614,2018-10-06T07:39:10Z
26.9605698,75.8321621,2018-10-06T07:39:21Z
26.9613089,75.8316010,2018-10-06T07:39:31Z
26.9618766,75.8315755,2018-10-06T07:39:42Z
26.9625276,75.8317416,2018-10-06T07:39:53Z
26.9631655,75.8320883,2018-10-06T07:40:04Z
26.9638997,75.8324934,2018-10-06T07:40:14Z
26.9648157,75.8330882,2018-10-06T07:40:25Z
26.9658831,75.8336085,2018-10-06T07:40:36Z
26.9667799,75.8338536,2018-10-06T07:40:46Z
26.9674974,75.8344318,2018-10-06T07:40:56Z
26.9682353,75.8349066,2018-10-06T07:41:07Z
26.9689708,75.8351572,2018-10-06T07:41:17Z
26.9698366,75.8354015,2018-10-06T07:41:28Z
26.9704579,75.8358270,2018-10-06T07:41:39Z
26.9708424,75.8360326,2018-10-06T07:41:49Z
26.9717137,75.8359796,2018-10-06T07:41:59Z
26.9726166,75.8363044,2018-10-06T07:42:09Z
26.9733184,75.8370390,2018-10-06T07:42:20Z
26.9738650,75.8375773,2018-10-06T07:42:30Z
26.9745309,75.8381226,2018-10-06T07:42:41Z
26.9745424,75.8384371,2018-10-06T07:42:52Z
26.9738768,75.8384595,2018-10-06T07:43:03Z
26.9731953,75.8382006,2018-10-06T07:43:13Z
26.9725202,75.8378453,2018-10-06T07:43:24Z
26.9724126,75.8384620,2018-10-06T07:43:35Z
26.9729397,75.8392457,2018-10-06T07:43:45Z
26.9734335,75.8401326,2018-10-06T07:43:56Z
26.9735381,75.8409835,2018-10-06T07:44:07Z
26.9740154,75.8417907,2018-10-06T07:44:18Z
26.9744932,75.8425561,2018-10-06T07:44:29Z
26.9747859,75.8430717,2018-10-06T07:44:39Z
26.9742809,75.8431871,2018-10-06T07:44:50Z
26.9735811,75.8428343,2018-10-06T07:45:01Z
26.9728809,75.8423709,2018-10-06T07:45:12Z
26.9722044,75.8417995,2018-10-06T07:45:22Z
26.9717369,75.8417421,2018-10-06T07:45:32Z
26.9716129,75.8425147,2018-10-06T07:45:42Z
26.9708703,75.8426894,2018-10-06T07:45:53Z
26.9713516,75.8431047,2018-10-06T07:46:03Z
26.9721082,75.8434029,2018-10-06T07:46:13Z
26.9722353,75.8438728,2018-10-06T07:46:24Z
26.9714241,75.8437544,2018-10-06T07:46:34Z
26.9706391,75.8433785,2018-10-06T07:46:45Z
26.9708423,75.8438178,2018-10-06T07:46:56Z
26.9715975,75.8442305,2018-10-06T07:47:06Z
26.9725917,75.8443570,2018-10-06T07:47:17Z
26.9734013,75.8444841,2018-10-06T07:47:27Z
26.9736180,75.8447540,2018-10-06T07:47:37Z
26.9728050,75.8446035,2018-10-06T07:47:47Z
26.9719486,75.8447837,2018-10-06T07:47:58Z
26.9711553,75.8448468,2018-10-06T07:48:08Z
26.9714288,75.8454724,2018-10-06T07:48:18Z
26.9714856,75.8460434,2018-10-06T07:48:29Z
26.9709421,75.8466440,2018-10-06T07:48:39Z
26.9706100,75.8466071,2018-10-06T07:48:49Z
26.9704674,75.8460039,2018-10-06T07:49:00Z
26.9703052,75.8460047,2018-10-06T07:49:10Z
26.9696809,75.8458337,2018-10-06T07:49:21Z
26.9690852,75.8454577,2018-10-06T07:49:31Z
26.9684962,75.8459238,2018-10-06T07:49:41Z
26.9684138,75.8466118,2018-10-06T07:49:52Z
26.9688201,75.8472076,2018-10-06T07:50:03Z
26.9680628,75.8473566,2018-10-06T07:50:13Z
26.9676661,75.8475590,2018-10-06T07:50:25Z
26.9672634,75.8470333,2018-10-06T07:50:36Z
26.9665933,75.8464031,2018-10-06T07:50:47Z
26.9656116,75.8464456,2018-10-06T07:50:58Z
26.9647363,75.8466852,2018-10-06T07:51:08Z
26.9638042,75.8464507,2018-10-06T07:51:19Z
26.9630816,75.8461147,2018-10-06T07:51:30Z
26.9622804,75.8457528,2018-10-06T07:51:41Z
26.9613559,75.8453020,2018-10-06T07:51:51Z
26.9602387,75.8449455,2018-10-06T07:52:02Z
26.9592898,75.8446250,2018-10-06T07:52:12Z
26.9585847,75.8442844,2018-10-06T07:52:23Z
26.9585647,75.8442754,2018-10-06T07:52:33Z
26.9585433,75.8442936,2018-10-06T07:52:43Z
26.9585433,75.8442936,2018-10-06T07:52:53Z
26.9585433,75.8442936,2018-10-06T07:53:03Z
26.9585433,75.8442936,2018-10-06T07:53:14Z
26.9585497,75.8442998,2018-10-06T07:53:24Z
26.9584811,75.8443077,2018-10-06T07:53:35Z
26.9585077,75.8443174,2018-10-06T07:53:46Z
26.9585829,75.8443284,2018-10-06T07:53:56Z
26.9585833,75.8443284,2018-10-06T07:54:07Z
26.9585833,75.8443284,2018-10-06T07:54:17Z
26.9585833,75.8443284,2018-10-06T07:54:28Z
26.9584697,75.8442729,2018-10-06T07:54:39Z
26.9584554,75.8442621,2018-10-06T07:54:50Z
26.9583319,75.8441978,2018-10-06T07:55:00Z
26.9582226,75.8441450,2018-10-06T07:55:10Z
26.9581305,75.8441081,2018-10-06T07:55:21Z
26.9580278,75.8442020,2018-10-06T07:55:32Z
26.9578937,75.8442130,2018-10-06T07:55:42Z
26.9577886,75.8441865,2018-10-06T07:55:52Z
26.9577574,75.8441833,2018-10-06T07:56:03Z
26.9577574,75.8441833,2018-10-06T07:56:14Z
26.9577574,75.8441833,2018-10-06T07:56:24Z
26.9577469,75.8441705,2018-10-06T07:56:34Z
26.9577159,75.8441436,2018-10-06T07:56:44Z
26.9576177,75.8440880,2018-10-06T07:56:54Z
26.9574836,75.8440347,2018-10-06T07:57:05Z
26.9573406,75.8439662,2018-10-06T07:57:16Z
26.9572159,75.8438964,2018-10-06T07:57:27Z
26.9571540,75.8438701,2018-10-06T07:57:37Z
26.9571404,75.8438628,2018-10-06T07:57:47Z
26.9570930,75.8438502,2018-10-06T07:57:57Z
26.9570928,75.8438471,2018-10-06T07:58:08Z
26.9570928,75.8438471,2018-10-06T07:58:18Z
26.9570928,75.8438471,2018-10-06T07:58:29Z
26.9570928,75.8438471,2018-10-06T07:58:40Z
26.9570892,75.8438533,2018-10-06T07:58:51Z
26.9570882,75.8438503,2018-10-06T07:59:02Z
26.9569691,75.8438057,2018-10-06T07:59:12Z
26.9568417,75.8437435,2018-10-06T07:59:23Z
26.9566818,75.8436894,2018-10-06T07:59:34Z
26.9565456,75.8436303,2018-10-06T07:59:45Z
26.9564525,75.8435944,2018-10-06T07:59:55Z
26.9564498,75.8435946,2018-10-06T08:00:06Z
26.9564498,75.8435946,2018-10-06T08:00:17Z
26.9564498,75.8435946,2018-10-06T08:00:28Z
26.9564055,75.8435711,2018-10-06T08:00:38Z
26.9562925,75.8435170,2018-10-06T08:00:48Z
26.9561832,75.8434699,2018-10-06T08:00:59Z
26.9560616,75.8433901,2018-10-06T08:01:10Z
26.9559596,75.8433053,2018-10-06T08:01:20Z
26.9558342,75.8432725,2018-10-06T08:01:31Z
26.9557259,75.8432172,2018-10-06T08:01:41Z
26.9555866,75.8431644,2018-10-06T08:01:52Z
26.9554763,75.8431242,2018-10-06T08:02:02Z
26.9553419,75.8430790,2018-10-06T08:02:13Z
26.9552290,75.8430447,2018-10-06T08:02:23Z
26.9550997,75.8430175,2018-10-06T08:02:34Z
26.9549721,75.8429989,2018-10-06T08:02:44Z
26.9548496,75.8429580,2018-10-06T08:02:55Z
26.9547173,75.8429153,2018-10-06T08:03:06Z
26.9546010,75.8428712,2018-10-06T08:03:16Z
26.9545496,75.8427313,2018-10-06T08:03:27Z
26.9545582,75.8426554,2018-10-06T08:03:37Z
26.9544338,75.8426163,2018-10-06T08:03:47Z
26.9543197,75.8425967,2018-10-06T08:03:58Z
26.9541935,75.8425496,2018-10-06T08:04:09Z
26.9540620,75.8424890,2018-10-06T08:04:19Z
26.9541041,75.8423547,2018-10-06T08:04:29Z
26.9541151,75.8422285,2018-10-06T08:04:40Z
26.9540009,75.8421871,2018-10-06T08:04:50Z
26.9538687,75.8421761,2018-10-06T08:05:00Z
26.9537347,75.8421188,2018-10-06T08:05:11Z
26.9536195,75.8420654,2018-10-06T08:05:22Z
26.9534864,75.8420249,2018-10-06T08:05:32Z
26.9533635,75.8419711,2018-10-06T08:05:43Z
26.9532428,75.8419050,2018-10-06T08:05:53Z
26.9531321,75.8418542,2018-10-06T08:06:04Z
26.9530237,75.8417876,2018-10-06T08:06:14Z
26.9529100,75.8417191,2018-10-06T08:06:24Z
26.9528032,75.8416731,2018-10-06T08:06:34Z
26.9526688,75.8416498,2018-10-06T08:06:45Z
26.9525550,75.8416254,2018-10-06T08:06:56Z
26.9524325,75.8416354,2018-10-06T08:07:07Z
26.9522705,75.8416144,2018-10-06T08:07:18Z
26.9521286,75.8415852,2018-10-06T08:07:29Z
26.9520050,75.8415557,2018-10-06T08:07:39Z
26.9519102,75.8415204,2018-10-06T08:07:50Z
26.9517750,75.8414710,2018-10-06T08:08:01Z
26.9516500,75.8414509,2018-10-06T08:08:11Z
26.9515098,75.8414050,2018-10-06T08:08:22Z
26.9513791,75.8413448,2018-10-06T08:08:32Z
26.9512495,75.8412742,2018-10-06T08:08:43Z
26.9511298,75.8412164,2018-10-06T08:08:53Z
26.9510145,75.8411940,2018-10-06T08:09:03Z
26.9508850,75.8411571,2018-10-06T08:09:13Z
26.9507272,75.8411297,2018-10-06T08:09:24Z
26.9505841,75.8410992,2018-10-06T08:09:35Z
26.9505595,75.8409966,2018-10-06T08:09:46Z
26.9505943,75.8408580,2018-10-06T08:09:56Z
26.9506322,75.8407134,2018-10-06T08:10:06Z
26.9506629,75.8405734,2018-10-06T08:10:16Z
26.9507017,75.8404312,2018-10-06T08:10:27Z
26.9507248,75.8403106,2018-10-06T08:10:37Z
26.9507795,75.8401632,2018-10-06T08:10:48Z
26.9508195,75.8400421,2018-10-06T08:10:58Z
26.9508194,75.8399983,2018-10-06T08:11:09Z
26.9508194,75.8399983,2018-10-06T08:11:19Z
26.9508194,75.8399983,2018-10-06T08:11:30Z
26.9508624,75.8399372,2018-10-06T08:11:40Z
26.9508834,75.8398038,2018-10-06T08:11:51Z
26.9509322,75.8396769,2018-10-06T08:12:01Z
26.9509785,75.8395200,2018-10-06T08:12:12Z
26.9510086,75.8393797,2018-10-06T08:12:22Z
26.9510403,75.8392260,2018-10-06T08:12:33Z
26.9510653,75.8390991,2018-10-06T08:12:44Z
26.9511027,75.8389542,2018-10-06T08:12:54Z
26.9511300,75.8388074,2018-10-06T08:13:05Z
26.9511399,75.8386852,2018-10-06T08:13:15Z
26.9510682,75.8385605,2018-10-06T08:13:26Z
26.9509239,75.8385745,2018-10-06T08:13:38Z
26.9507877,75.8385068,2018-10-06T08:13:48Z
26.9506658,75.8384615,2018-10-06T08:13:59Z
26.9505534,75.8384116,2018-10-06T08:14:09Z
26.9504324,75.8383516,2018-10-06T08:14:20Z
26.9503238,75.8382981,2018-10-06T08:14:30Z
26.9502016,75.8382869,2018-10-06T08:14:41Z
26.9500650,75.8382356,2018-10-06T08:14:52Z
26.9499586,75.8382181,2018-10-06T08:15:03Z
26.9498055,75.8381966,2018-10-06T08:15:13Z
26.9497478,75.8380569,2018-10-06T08:15:24Z
26.9497452,75.8379066,2018-10-06T08:15:35Z
26.9497084,75.8378128,2018-10-06T08:15:45Z
26.9496938,75.8377257,2018-10-06T08:15:55Z
26.9496663,75.8376072,2018-10-06T08:16:06Z
26.9496214,75.8375698,2018-10-06T08:16:17Z
26.9496153,75.8376129,2018-10-06T08:16:27Z
26.9495712,75.8376108,2018-10-06T08:16:38Z
26.9495663,75.8376062,2018-10-06T08:16:48Z
26.9495418,75.8376526,2018-10-06T08:17:01Z
26.9495553,75.8376922,2018-10-06T08:17:11Z
26.9495408,75.8376322,2018-10-06T08:17:22Z
26.9495481,75.8376626,2018-10-06T08:17:40Z
26.9495211,75.8377233,2018-10-06T08:17:50Z
26.9495603,75.8376593,2018-10-06T08:18:00Z
26.9495907,75.8376792,2018-10-06T08:18:11Z
26.9495971,75.8376486,2018-10-06T08:18:21Z
26.9495819,75.8376370,2018-10-06T08:18:32Z
26.9495987,75.8377108,2018-10-06T08:19:40Z
26.9495566,75.8376313,2018-10-06T08:19:50Z
26.9495933,75.8377047,2018-10-06T08:20:01Z
26.9496551,75.8376512,2018-10-06T08:20:12Z
26.9495133,75.8374482,2018-10-06T08:20:22Z
26.9494671,75.8375319,2018-10-06T08:20:33Z
26.9494879,75.8375181,2018-10-06T08:20:44Z
26.9494765,75.8376792,2018-10-06T08:20:54Z
26.9496677,75.8376327,2018-10-06T08:21:04Z
26.9496313,75.8376077,2018-10-06T08:21:14Z
26.9496005,75.8376156,2018-10-06T08:21:24Z
26.9495371,75.8375916,2018-10-06T08:21:35Z
26.9262583,75.8269802,2018-10-04T08:52:44Z
26.9262906,75.8268495,2018-10-04T08:52:55Z
26.9263164,75.8267714,2018-10-04T08:53:05Z
26.9263018,75.8267290,2018-10-04T08:53:16Z
26.9263543,75.8266342,2018-10-04T08:53:27Z
26.9263891,75.8264806,2018-10-04T08:53:37Z
26.9264425,75.8263260,2018-10-04T08:53:48Z
26.9264909,75.8261824,2018-10-04T08:53:59Z
26.9265122,75.8260178,2018-10-04T08:54:09Z
26.9265399,75.8258899,2018-10-04T08:54:20Z
26.9265689,75.8257711,2018-10-04T08:54:31Z
26.9266446,75.8256716,2018-10-04T08:54:42Z
26.9267230,75.8256417,2018-10-04T08:54:53Z
26.9268342,75.8256909,2018-10-04T08:55:03Z
26.9269342,75.8257240,2018-10-04T08:55:14Z
26.9270325,75.8257676,2018-10-04T08:55:24Z
26.9271469,75.8258051,2018-10-04T08:55:34Z
26.9272762,75.8258576,2018-10-04T08:55:45Z
26.9273464,75.8258742,2018-10-04T08:55:56Z
26.9274130,75.8258562,2018-10-04T08:56:07Z
26.9274856,75.8257926,2018-10-04T08:56:17Z
26.9275003,75.8257557,2018-10-04T08:56:28Z
26.9275244,75.8257534,2018-10-04T08:56:39Z
26.9275310,75.8257453,2018-10-04T08:56:49Z
26.9275352,75.8257395,2018-10-04T08:57:00Z
26.9275395,75.8257569,2018-10-04T08:57:10Z
26.9275395,75.8257569,2018-10-04T08:57:21Z
26.9275395,75.8257569,2018-10-04T08:57:32Z
26.9275395,75.8257569,2018-10-04T08:57:42Z
26.9275863,75.8257883,2018-10-04T08:57:53Z
26.9275734,75.8257491,2018-10-04T08:58:03Z
26.9275570,75.8258068,2018-10-04T08:58:14Z
26.9274990,75.8259229,2018-10-04T08:58:25Z
26.9273873,75.8258758,2018-10-04T08:58:35Z
26.9272164,75.8257712,2018-10-04T08:58:47Z
26.9271066,75.8257344,2018-10-04T08:58:57Z
26.9269434,75.8257170,2018-10-04T08:59:08Z
26.9268112,75.8256673,2018-10-04T08:59:19Z
26.9266946,75.8256388,2018-10-04T08:59:30Z
26.9265953,75.8255293,2018-10-04T08:59:40Z
26.9265873,75.8254070,2018-10-04T08:59:50Z
26.9266163,75.8252824,2018-10-04T09:00:00Z
26.9266046,75.8251602,2018-10-04T09:00:11Z
26.9266129,75.8251663,2018-10-04T09:00:21Z
26.9266240,75.8250515,2018-10-04T09:00:32Z
26.9266650,75.8249674,2018-10-04T09:00:43Z
26.9266769,75.8248878,2018-10-04T09:00:53Z
26.9266769,75.8248878,2018-10-04T09:01:04Z
26.9266644,75.8248649,2018-10-04T09:01:14Z
26.9266352,75.8248260,2018-10-04T09:01:25Z
26.9266201,75.8248356,2018-10-04T09:01:37Z
26.9266313,75.8248131,2018-10-04T09:01:47Z
26.9266249,75.8247732,2018-10-04T09:01:58Z
26.9266411,75.8247285,2018-10-04T09:02:08Z
26.9266411,75.8247285,2018-10-04T09:02:19Z
26.9266475,75.8247500,2018-10-04T09:02:29Z
26.9266698,75.8247542,2018-10-04T09:02:40Z
26.9266420,75.8248680,2018-10-04T09:02:51Z
26.9266463,75.8250126,2018-10-04T09:03:01Z
26.9265859,75.8250834,2018-10-04T09:03:12Z
26.9264564,75.8250180,2018-10-04T09:03:22Z
26.9263413,75.8250245,2018-10-04T09:03:33Z
26.9262285,75.8249586,2018-10-04T09:03:43Z
26.9261542,75.8250033,2018-10-04T09:03:53Z
26.9260667,75.8250476,2018-10-04T09:04:03Z
26.9259721,75.8251716,2018-10-04T09:04:14Z
26.9259031,75.8253042,2018-10-04T09:04:24Z
26.9258246,75.8254506,2018-10-04T09:04:34Z
26.9256907,75.8254133,2018-10-04T09:04:45Z
26.9256423,75.8253075,2018-10-04T09:04:55Z
26.9255057,75.8252510,2018-10-04T09:05:06Z
26.9254883,75.8251928,2018-10-04T09:05:17Z
26.9254350,75.8251247,2018-10-04T09:05:28Z
26.9254332,75.8250147,2018-10-04T09:05:38Z
26.9254379,75.8248976,2018-10-04T09:05:48Z
26.9254601,75.8247752,2018-10-04T09:05:58Z
26.9254607,75.8247764,2018-10-04T09:06:09Z
26.9254607,75.8247764,2018-10-04T09:06:19Z
26.9254607,75.8247764,2018-10-04T09:06:30Z
26.9254717,75.8247442,2018-10-04T09:06:41Z
26.9254770,75.8247259,2018-10-04T09:06:51Z
26.9254938,75.8245955,2018-10-04T09:07:02Z
26.9254928,75.8244650,2018-10-04T09:07:13Z
26.9254010,75.8243736,2018-10-04T09:07:24Z
26.9252759,75.8243423,2018-10-04T09:07:34Z
26.9251663,75.8242537,2018-10-04T09:07:45Z
26.9251482,75.8241446,2018-10-04T09:07:55Z
26.9251681,75.8240154,2018-10-04T09:08:05Z
26.9251917,75.8238981,2018-10-04T09:08:15Z
26.9252035,75.8237486,2018-10-04T09:08:26Z
26.9252317,75.8236686,2018-10-04T09:08:37Z
26.9252149,75.8235885,2018-10-04T09:08:47Z
26.9252093,75.8234327,2018-10-04T09:08:58Z
26.9252363,75.8233379,2018-10-04T09:09:08Z
26.9251875,75.8232262,2018-10-04T09:09:18Z
26.9250939,75.8231551,2018-10-04T09:09:29Z
26.9250472,75.8231409,2018-10-04T09:09:40Z
26.9250054,75.8230856,2018-10-04T09:09:51Z
26.9248950,75.8229999,2018-10-04T09:10:02Z
26.9247823,75.8229254,2018-10-04T09:10:13Z
26.9247136,75.8228209,2018-10-04T09:10:23Z
26.9247019,75.8228426,2018-10-04T09:10:34Z
26.9247019,75.8228426,2018-10-04T09:10:44Z
26.9247019,75.8228426,2018-10-04T09:10:55Z
26.9246991,75.8228429,2018-10-04T09:11:05Z
26.9247201,75.8227634,2018-10-04T09:11:16Z
26.9247246,75.8227376,2018-10-04T09:11:27Z
26.9247246,75.8227376,2018-10-04T09:11:38Z
26.9247230,75.8226730,2018-10-04T09:11:48Z
26.9247644,75.8225202,2018-10-04T09:11:59Z
26.9247657,75.8225192,2018-10-04T09:12:10Z
26.9247646,75.8224513,2018-10-04T09:12:20Z
26.9246842,75.8224232,2018-10-04T09:12:31Z
26.9246184,75.8223609,2018-10-04T09:12:41Z
26.9246187,75.8222451,2018-10-04T09:12:52Z
26.9246334,75.8221125,2018-10-04T09:13:03Z
26.9246644,75.8219764,2018-10-04T09:13:13Z
26.9246943,75.8218321,2018-10-04T09:13:23Z
26.9247311,75.8216888,2018-10-04T09:13:34Z
26.9247545,75.8215625,2018-10-04T09:13:45Z
26.9247838,75.8214363,2018-10-04T09:13:55Z
26.9248118,75.8212998,2018-10-04T09:14:05Z
26.9248349,75.8211864,2018-10-04T09:14:16Z
26.9248610,75.8210296,2018-10-04T09:14:26Z
26.9248713,75.8209193,2018-10-04T09:14:36Z
26.9249261,75.8207927,2018-10-04T09:14:47Z
26.9249562,75.8206064,2018-10-04T09:14:58Z
26.9249848,75.8204632,2018-10-04T09:15:08Z
26.9250380,75.8203210,2018-10-04T09:15:19Z
26.9250404,75.8202108,2018-10-04T09:15:29Z
26.9250733,75.8200783,2018-10-04T09:15:40Z
26.9251131,75.8199470,2018-10-04T09:15:50Z
26.9251405,75.8198265,2018-10-04T09:16:01Z
26.9251729,75.8196825,2018-10-04T09:16:12Z
26.9251908,75.8195478,2018-10-04T09:16:22Z
26.9252094,75.8194106,2018-10-04T09:16:32Z
26.9251063,75.8193830,2018-10-04T09:16:43Z
26.9250764,75.8193655,2018-10-04T09:16:53Z
26.9250399,75.8193334,2018-10-04T09:17:04Z
26.9249361,75.8193323,2018-10-04T09:17:14Z
26.9248752,75.8195411,2018-10-04T09:17:24Z
26.9248201,75.8196825,2018-10-04T09:17:35Z
26.9247677,75.8198273,2018-10-04T09:17:46Z
26.9247213,75.8199778,2018-10-04T09:17:57Z
26.9247115,75.8201130,2018-10-04T09:18:08Z
26.9246117,75.8201280,2018-10-04T09:18:19Z
26.9245429,75.8200647,2018-10-04T09:18:29Z
26.9245290,75.8200218,2018-10-04T09:18:40Z
26.9245571,75.8199353,2018-10-04T09:18:51Z
26.9245646,75.8198726,2018-10-04T09:19:01Z
26.9245993,75.8197566,2018-10-04T09:19:11Z
26.9246282,75.8196407,2018-10-04T09:19:23Z
26.9246407,75.8195400,2018-10-04T09:19:34Z
26.9246882,75.8193800,2018-10-04T09:19:44Z
26.9246889,75.8192958,2018-10-04T09:19:55Z
26.9247402,75.8191828,2018-10-04T09:20:06Z
26.9247196,75.8191578,2018-10-04T09:20:16Z
26.9246895,75.8190473,2018-10-04T09:20:27Z
26.9247374,75.8188837,2018-10-04T09:20:37Z
26.9248193,75.8187660,2018-10-04T09:20:48Z
26.9249337,75.8186475,2018-10-04T09:20:58Z
26.9249746,75.8186309,2018-10-04T09:21:09Z
26.9250772,75.8186072,2018-10-04T09:21:20Z
26.9250801,75.8186008,2018-10-04T09:21:30Z
26.9251005,75.8184880,2018-10-04T09:21:41Z
26.9250189,75.8184798,2018-10-04T09:21:51Z
26.9249476,75.8184035,2018-10-04T09:22:02Z
26.9248743,75.8183165,2018-10-04T09:22:12Z
26.9247646,75.8182479,2018-10-04T09:22:23Z
26.9247515,75.8181409,2018-10-04T09:22:34Z
26.9247884,75.8180613,2018-10-04T09:22:44Z
26.9248284,75.8179814,2018-10-04T09:22:55Z
26.9248938,75.8179217,2018-10-04T09:23:06Z
26.9249264,75.8179566,2018-10-04T09:23:16Z
26.9249627,75.8179823,2018-10-04T09:23:27Z
26.9249824,75.8180059,2018-10-04T09:23:38Z
26.9250108,75.8179979,2018-10-04T09:23:49Z
26.9250073,75.8180325,2018-10-04T09:24:00Z
26.9250073,75.8180325,2018-10-04T09:24:10Z
26.9250073,75.8180325,2018-10-04T09:24:21Z
26.9250073,75.8180325,2018-10-04T09:24:31Z
26.9249921,75.8180397,2018-10-04T09:24:42Z
26.9249921,75.8180397,2018-10-04T09:24:52Z
26.9250063,75.8180157,2018-10-04T09:25:02Z
26.9250115,75.8180064,2018-10-04T09:25:13Z
26.9250197,75.8179959,2018-10-04T09:25:23Z
26.9249980,75.8179924,2018-10-04T09:25:35Z
26.9249806,75.8179225,2018-10-04T09:25:45Z
26.9249806,75.8179225,2018-10-04T09:25:55Z
26.9249528,75.8178826,2018-10-04T09:26:06Z
26.9249403,75.8178370,2018-10-04T09:26:16Z
26.9249556,75.8178322,2018-10-04T09:26:26Z
26.9248879,75.8178343,2018-10-04T09:27:51Z
26.9248825,75.8178416,2018-10-04T09:28:02Z
26.9248834,75.8178435,2018-10-04T09:28:12Z
26.9249300,75.8177705,2018-10-04T09:28:23Z
26.9249594,75.8176528,2018-10-04T09:28:34Z
26.9249988,75.8175116,2018-10-04T09:28:44Z
26.9250173,75.8174113,2018-10-04T09:28:55Z
26.9250399,75.8173411,2018-10-04T09:29:05Z
26.9250596,75.8172417,2018-10-04T09:29:15Z
26.9250704,75.8172380,2018-10-04T09:29:25Z
26.9250744,75.8171671,2018-10-04T09:29:36Z
26.9250774,75.8171293,2018-10-04T09:29:46Z
26.9251276,75.8169963,2018-10-04T09:29:57Z
26.9251486,75.8168925,2018-10-04T09:30:07Z
26.9251752,75.8168140,2018-10-04T09:30:18Z
26.9252119,75.8166996,2018-10-04T09:30:28Z
26.9252182,75.8166338,2018-10-04T09:30:38Z
26.9252550,75.8165138,2018-10-04T09:30:49Z
26.9253250,75.8163679,2018-10-04T09:31:00Z
26.9253438,75.8162338,2018-10-04T09:31:10Z
26.9253594,75.8161121,2018-10-04T09:31:20Z
26.9253716,75.8160409,2018-10-04T09:31:30Z
26.9253607,75.8159705,2018-10-04T09:31:41Z
26.9253544,75.8159233,2018-10-04T09:31:51Z
26.9253544,75.8159233,2018-10-04T09:32:02Z
26.9253582,75.8159130,2018-10-04T09:32:13Z
26.9253582,75.8159130,2018-10-04T09:32:24Z
26.9253582,75.8159130,2018-10-04T09:32:34Z
26.9253582,75.8159130,2018-10-04T09:32:45Z
26.9253582,75.8159130,2018-10-04T09:32:56Z
26.9253582,75.8159130,2018-10-04T09:33:07Z
26.9253611,75.8158990,2018-10-04T09:33:17Z
26.9253521,75.8158624,2018-10-04T09:33:27Z
26.9253188,75.8157914,2018-10-04T09:33:37Z
26.9252669,75.8157863,2018-10-04T09:33:48Z
26.9251894,75.8157125,2018-10-04T09:33:58Z
26.9251624,75.8156462,2018-10-04T09:34:09Z
26.9251765,75.8155095,2018-10-04T09:34:20Z
26.9252016,75.8154235,2018-10-04T09:34:30Z
26.9252502,75.8153237,2018-10-04T09:34:41Z
26.9252304,75.8152045,2018-10-04T09:34:52Z
26.9252591,75.8150789,2018-10-04T09:35:03Z
26.9252794,75.8150061,2018-10-04T09:35:13Z
26.9252909,75.8148799,2018-10-04T09:35:23Z
26.9252236,75.8148273,2018-10-04T09:35:34Z
26.9251304,75.8147918,2018-10-04T09:35:45Z
26.9250392,75.8147853,2018-10-04T09:35:56Z
26.9249169,75.8147432,2018-10-04T09:36:06Z
26.9248704,75.8147386,2018-10-04T09:36:17Z
26.9248221,75.8147212,2018-10-04T09:36:27Z
26.9248153,75.8147164,2018-10-04T09:36:38Z
26.9247203,75.8146750,2018-10-04T09:36:49Z
26.9246373,75.8146376,2018-10-04T09:36:59Z
26.9245570,75.8146193,2018-10-04T09:37:10Z
26.9244079,75.8145648,2018-10-04T09:37:21Z
26.9243012,75.8144970,2018-10-04T09:37:31Z
26.9242240,75.8145063,2018-10-04T09:37:42Z
26.9240442,75.8144873,2018-10-04T09:37:52Z
26.9239549,75.8144376,2018-10-04T09:38:03Z
26.9239598,75.8142973,2018-10-04T09:38:14Z
26.9240007,75.8141683,2018-10-04T09:38:24Z
26.9239944,75.8140637,2018-10-04T09:38:36Z
26.9239933,75.8139303,2018-10-04T09:38:46Z
26.9239881,75.8137994,2018-10-04T09:38:56Z
26.9240342,75.8136906,2018-10-04T09:39:07Z
26.9240734,75.8135774,2018-10-04T09:39:18Z
26.9240704,75.8134730,2018-10-04T09:39:28Z
26.9240913,75.8134222,2018-10-04T09:39:39Z
26.9241035,75.8133139,2018-10-04T09:39:49Z
26.9241084,75.8131977,2018-10-04T09:40:00Z
26.9241751,75.8130960,2018-10-04T09:40:11Z
26.9241959,75.8129901,2018-10-04T09:40:21Z
26.9242321,75.8128906,2018-10-04T09:40:31Z
26.9242413,75.8127603,2018-10-04T09:40:42Z
26.9242823,75.8126042,2018-10-04T09:40:52Z
26.9242920,75.8124987,2018-10-04T09:41:02Z
26.9242376,75.8124218,2018-10-04T09:41:13Z
26.9242321,75.8124081,2018-10-04T09:41:23Z
26.9242038,75.8123680,2018-10-04T09:41:34Z
26.9241142,75.8123375,2018-10-04T09:41:45Z
26.9240200,75.8123036,2018-10-04T09:41:56Z
26.9239863,75.8122929,2018-10-04T09:42:07Z
26.9238848,75.8122827,2018-10-04T09:42:17Z
26.9237477,75.8122403,2018-10-04T09:42:29Z
26.9236501,75.8121932,2018-10-04T09:42:40Z
26.9234986,75.8121665,2018-10-04T09:42:50Z
26.9233861,75.8121500,2018-10-04T09:43:01Z
26.9232695,75.8121036,2018-10-04T09:43:11Z
26.9231632,75.8120937,2018-10-04T09:43:22Z
26.9230342,75.8120548,2018-10-04T09:43:33Z
26.9229080,75.8120237,2018-10-04T09:43:43Z
26.9228018,75.8119966,2018-10-04T09:43:53Z
26.9227399,75.8119834,2018-10-04T09:44:03Z
26.9226351,75.8119434,2018-10-04T09:44:14Z
26.9225184,75.8119097,2018-10-04T09:44:24Z
26.9224139,75.8118728,2018-10-04T09:44:35Z
26.9223141,75.8118313,2018-10-04T09:44:45Z
26.9222044,75.8118183,2018-10-04T09:44:55Z
26.9220773,75.8117969,2018-10-04T09:45:05Z
26.9219624,75.8117673,2018-10-04T09:45:16Z
26.9219074,75.8117416,2018-10-04T09:45:26Z
26.9217685,75.8116980,2018-10-04T09:45:37Z
26.9217037,75.8116866,2018-10-04T09:45:47Z
26.9215728,75.8116506,2018-10-04T09:45:58Z
26.9214298,75.8115977,2018-10-04T09:46:08Z
26.9212981,75.8115806,2018-10-04T09:46:19Z
26.9211683,75.8115648,2018-10-04T09:46:29Z
26.9210278,75.8115239,2018-10-04T09:46:39Z
26.9209345,75.8114830,2018-10-04T09:46:49Z
26.9208689,75.8114743,2018-10-04T09:46:59Z
26.9208439,75.8114478,2018-10-04T09:47:10Z
26.9208138,75.8114125,2018-10-04T09:47:21Z
26.9207705,75.8114095,2018-10-04T09:47:32Z
26.9206553,75.8113972,2018-10-04T09:47:42Z
26.9205664,75.8113510,2018-10-04T09:47:53Z
26.9204374,75.8113311,2018-10-04T09:48:03Z
26.9202929,75.8112990,2018-10-04T09:48:13Z
26.9201429,75.8112556,2018-10-04T09:48:24Z
26.9200318,75.8112281,2018-10-04T09:48:34Z
26.9199153,75.8111908,2018-10-04T09:48:45Z
26.9198389,75.8111870,2018-10-04T09:48:55Z
26.9197204,75.8111796,2018-10-04T09:49:05Z
26.9195843,75.8111805,2018-10-04T09:49:15Z
26.9194401,75.8111701,2018-10-04T09:49:26Z
26.9193501,75.8111420,2018-10-04T09:49:37Z
26.9192306,75.8110914,2018-10-04T09:49:47Z
26.9191080,75.8110763,2018-10-04T09:49:58Z
26.9189668,75.8110588,2018-10-04T09:50:08Z
26.9189175,75.8109691,2018-10-04T09:50:18Z
26.9189027,75.8108437,2018-10-04T09:50:28Z
26.9189118,75.8107168,2018-10-04T09:50:38Z
26.9189187,75.8106060,2018-10-04T09:50:48Z
26.9189418,75.8104673,2018-10-04T09:50:58Z
26.9189542,75.8103596,2018-10-04T09:51:08Z
26.9189639,75.8102476,2018-10-04T09:51:19Z
26.9188713,75.8101875,2018-10-04T09:51:30Z
26.9187632,75.8101636,2018-10-04T09:51:40Z
26.9186444,75.8101144,2018-10-04T09:51:51Z
26.9185387,75.8100678,2018-10-04T09:52:01Z
26.9184166,75.8100416,2018-10-04T09:52:11Z
26.9183076,75.8099863,2018-10-04T09:52:22Z
26.9182067,75.8099431,2018-10-04T09:52:33Z
26.9182061,75.8098501,2018-10-04T09:52:43Z
26.9182061,75.8098501,2018-10-04T09:52:53Z
26.9182061,75.8098501,2018-10-04T09:53:03Z
26.9182061,75.8098501,2018-10-04T09:53:14Z
26.9182061,75.8098501,2018-10-04T09:53:24Z
26.9182128,75.8098750,2018-10-04T09:53:35Z
26.9182128,75.8098750,2018-10-04T09:53:46Z
26.9182128,75.8098750,2018-10-04T09:53:57Z
26.9182128,75.8098750,2018-10-04T09:54:07Z
26.9181861,75.8098109,2018-10-04T09:54:17Z
26.9182116,75.8096447,2018-10-04T09:54:28Z
26.9182284,75.8094886,2018-10-04T09:54:38Z
26.9181943,75.8093917,2018-10-04T09:54:48Z
26.9182033,75.8092699,2018-10-04T09:54:58Z
26.9182211,75.8091578,2018-10-04T09:55:08Z
26.9182589,75.8090145,2018-10-04T09:55:19Z
26.9183101,75.8088689,2018-10-04T09:55:29Z
26.9183200,75.8087250,2018-10-04T09:55:40Z
26.9183620,75.8085906,2018-10-04T09:55:50Z
26.9183883,75.8084748,2018-10-04T09:56:01Z
26.9184038,75.8083499,2018-10-04T09:56:11Z
26.9184224,75.8081781,2018-10-04T09:56:22Z
26.9184600,75.8080434,2018-10-04T09:56:32Z
26.9184890,75.8078854,2018-10-04T09:56:43Z
26.9183746,75.8078402,2018-10-04T09:56:54Z
26.9182553,75.8078225,2018-10-04T09:57:04Z
26.9181080,75.8077948,2018-10-04T09:57:14Z
26.9180145,75.8077655,2018-10-04T09:57:24Z
26.9178919,75.8077097,2018-10-04T09:57:35Z
26.9177533,75.8076626,2018-10-04T09:57:46Z
26.9176203,75.8076486,2018-10-04T09:57:57Z
26.9175714,75.8076174,2018-10-04T09:58:07Z
26.9175466,75.8075745,2018-10-04T09:58:18Z
26.9175161,75.8075571,2018-10-04T09:58:28Z
26.9174945,75.8075502,2018-10-04T09:58:39Z
26.9174874,75.8075973,2018-10-04T09:58:49Z
26.9174874,75.8075973,2018-10-04T09:58:59Z
26.9174748,75.8076114,2018-10-04T09:59:10Z
26.9174840,75.8076053,2018-10-04T09:59:21Z
26.9174839,75.8076052,2018-10-04T09:59:31Z
26.9174786,75.8076111,2018-10-04T09:59:41Z
26.9174799,75.8076097,2018-10-04T09:59:52Z
26.9174799,75.8076097,2018-10-04T10:00:02Z
26.9174784,75.8076292,2018-10-04T10:00:13Z
26.9174784,75.8076292,2018-10-04T10:00:23Z
26.9174784,75.8076292,2018-10-04T10:00:34Z
26.9174784,75.8076292,2018-10-04T10:00:45Z
26.9174784,75.8076292,2018-10-04T10:00:56Z
26.9174784,75.8076292,2018-10-04T10:01:07Z
26.9174784,75.8076292,2018-10-04T10:01:17Z
26.9174784,75.8076292,2018-10-04T10:01:28Z
26.9174784,75.8076292,2018-10-04T10:01:38Z
26.9174784,75.8076292,2018-10-04T10:01:48Z
26.9174784,75.8076292,2018-10-04T10:01:58Z
26.9174784,75.8076292,2018-10-04T10:02:08Z
26.9174784,75.8076292,2018-10-04T10:02:19Z
26.9174784,75.8076292,2018-10-04T10:02:29Z
26.9174784,75.8076292,2018-10-04T10:02:40Z
26.9174784,75.8076292,2018-10-04T10:02:50Z
26.9174784,75.8076292,2018-10-04T10:03:00Z
26.9174784,75.8076292,2018-10-04T10:03:10Z
26.9174784,75.8076292,2018-10-04T10:03:20Z
26.9174784,75.8076292,2018-10-04T10:03:31Z
26.9174784,75.8076292,2018-10-04T10:03:41Z
26.9174784,75.8076292,2018-10-04T10:03:52Z
26.9174784,75.8076292,2018-10-04T10:04:03Z
26.9174784,75.8076292,2018-10-04T10:04:13Z
26.9174784,75.8076292,2018-10-04T10:04:24Z
26.9174784,75.8076292,2018-10-04T10:04:35Z
26.9174784,75.8076292,2018-10-04T10:04:45Z
26.9174784,75.8076292,2018-10-04T10:04:55Z
26.9174784,75.8076292,2018-10-04T10:05:06Z
26.9174784,75.8076292,2018-10-04T10:05:17Z
26.9174784,75.8076292,2018-10-04T10:05:27Z
26.9174784,75.8076292,2018-10-04T10:05:38Z
26.9174784,75.8076292,2018-10-04T10:05:49Z
26.9174784,75.8076292,2018-10-04T10:06:00Z
26.9174784,75.8076292,2018-10-04T10:06:10Z
26.9174784,75.8076292,2018-10-04T10:06:21Z
26.9174784,75.8076292,2018-10-04T10:06:31Z
26.9174784,75.8076292,2018-10-04T10:06:41Z
26.9174784,75.8076292,2018-10-04T10:06:52Z
26.9174784,75.8076292,2018-10-04T10:07:02Z
26.9174784,75.8076292,2018-10-04T10:07:13Z
26.9174784,75.8076292,2018-10-04T10:07:23Z
26.9174247,75.8076486,2018-10-04T10:07:33Z
26.9174492,75.8076531,2018-10-04T10:07:43Z
26.9174492,75.8076531,2018-10-04T10:07:53Z
26.9174492,75.8076531,2018-10-04T10:08:04Z
26.9174492,75.8076531,2018-10-04T10:08:15Z
26.9174492,75.8076531,2018-10-04T10:08:25Z
26.9174492,75.8076531,2018-10-04T10:08:36Z
26.9174492,75.8076531,2018-10-04T10:08:47Z
26.9174492,75.8076531,2018-10-04T10:08:57Z
26.9174492,75.8076531,2018-10-04T10:09:08Z
26.9174309,75.8075870,2018-10-04T10:09:18Z
26.9174307,75.8075865,2018-10-04T10:09:29Z
26.9174307,75.8075865,2018-10-04T10:09:39Z
26.9174307,75.8075865,2018-10-04T10:09:50Z
26.9174307,75.8075865,2018-10-04T10:10:01Z
26.9174307,75.8075865,2018-10-04T10:10:11Z
26.9174307,75.8075865,2018-10-04T10:10:22Z
26.9174307,75.8075865,2018-10-04T10:10:32Z
26.9174307,75.8075865,2018-10-04T10:10:43Z
26.9174307,75.8075865,2018-10-04T10:10:54Z
26.9174307,75.8075865,2018-10-04T10:11:04Z
26.9174307,75.8075865,2018-10-04T10:11:15Z
26.9174307,75.8075865,2018-10-04T10:11:26Z
26.9174307,75.8075865,2018-10-04T10:11:37Z
26.9174307,75.8075865,2018-10-04T10:11:47Z
26.9174307,75.8075865,2018-10-04T10:11:58Z
26.9174307,75.8075865,2018-10-04T10:12:09Z
26.9174307,75.8075865,2018-10-04T10:12:19Z
26.9174307,75.8075865,2018-10-04T10:12:30Z
26.9174307,75.8075865,2018-10-04T10:12:41Z
26.9174307,75.8075865,2018-10-04T10:12:52Z
26.9174307,75.8075865,2018-10-04T10:13:03Z
26.9174307,75.8075865,2018-10-04T10:13:14Z
26.9174307,75.8075865,2018-10-04T10:13:25Z
26.9174307,75.8075865,2018-10-04T10:13:35Z
26.9174307,75.8075865,2018-10-04T10:13:45Z
26.9174655,75.8076227,2018-10-04T10:13:56Z
26.9174655,75.8076227,2018-10-04T10:14:06Z
26.9174930,75.8076150,2018-10-04T10:14:16Z
26.9174930,75.8076150,2018-10-04T10:14:27Z
26.9174930,75.8076150,2018-10-04T10:14:38Z
26.9174930,75.8076150,2018-10-04T10:14:48Z
26.9174930,75.8076150,2018-10-04T10:14:59Z
26.9174930,75.8076150,2018-10-04T10:15:10Z
26.9174930,75.8076150,2018-10-04T10:15:20Z
26.9174930,75.8076150,2018-10-04T10:15:31Z
26.9174930,75.8076150,2018-10-04T10:15:41Z
26.9174930,75.8076150,2018-10-04T10:15:51Z
26.9174930,75.8076150,2018-10-04T10:16:02Z
26.9174930,75.8076150,2018-10-04T10:16:13Z
26.9174930,75.8076150,2018-10-04T10:16:23Z
26.9174930,75.8076150,2018-10-04T10:16:34Z
26.9174930,75.8076150,2018-10-04T10:16:44Z
26.9174930,75.8076150,2018-10-04T10:16:55Z
26.9174930,75.8076150,2018-10-04T10:17:05Z
26.9174930,75.8076150,2018-10-04T10:17:15Z
26.9174930,75.8076150,2018-10-04T10:17:26Z
26.9174930,75.8076150,2018-10-04T10:17:37Z
26.9174930,75.8076150,2018-10-04T10:17:48Z
26.9174930,75.8076150,2018-10-04T10:17:58Z
26.9174930,75.8076150,2018-10-04T10:18:09Z
26.9174930,75.8076150,2018-10-04T10:18:20Z
26.9174930,75.8076150,2018-10-04T10:18:30Z
26.9174930,75.8076150,2018-10-04T10:18:40Z
26.9174930,75.8076150,2018-10-04T10:18:51Z
26.9174930,75.8076150,2018-10-04T10:19:02Z
26.9174930,75.8076150,2018-10-04T10:19:13Z
26.9174930,75.8076150,2018-10-04T10:19:23Z
26.9174930,75.8076150,2018-10-04T10:19:34Z
26.9174930,75.8076150,2018-10-04T10:19:44Z
26.9174930,75.8076150,2018-10-04T10:19:55Z
26.9174930,75.8076150,2018-10-04T10:20:06Z
26.9174930,75.8076150,2018-10-04T10:20:16Z
26.9174930,75.8076150,2018-10-04T10:20:26Z
26.9174930,75.8076150,2018-10-04T10:20:36Z
26.9174930,75.8076150,2018-10-04T10:20:47Z
26.9174930,75.8076150,2018-10-04T10:20:58Z
26.9174930,75.8076150,2018-10-04T10:21:09Z
26.9174930,75.8076150,2018-10-04T10:21:19Z
26.9174930,75.8076150,2018-10-04T10:21:29Z
26.9174930,75.8076150,2018-10-04T10:21:40Z
26.9174930,75.8076150,2018-10-04T10:21:51Z
26.9174930,75.8076150,2018-10-04T10:22:02Z
26.9174930,75.8076150,2018-10-04T10:22:12Z
26.9174930,75.8076150,2018-10-04T10:22:23Z
26.9174930,75.8076150,2018-10-04T10:22:34Z
26.9174930,75.8076150,2018-10-04T10:22:45Z
26.9174930,75.8076150,2018-10-04T10:22:56Z
26.9174930,75.8076150,2018-10-04T10:23:06Z
26.9174930,75.8076150,2018-10-04T10:23:17Z
26.9174930,75.8076150,2018-10-04T10:23:28Z
26.9174930,75.8076150,2018-10-04T10:23:39Z
26.9174930,75.8076150,2018-10-04T10:23:50Z
26.9174930,75.8076150,2018-10-04T10:24:01Z
26.9174930,75.8076150,2018-10-04T10:24:11Z
26.9174930,75.8076150,2018-10-04T10:24:22Z
26.9174930,75.8076150,2018-10-04T10:24:32Z
26.9174930,75.8076150,2018-10-04T10:24:42Z
26.9174930,75.8076150,2018-10-04T10:24:53Z
26.9174930,75.8076150,2018-10-04T10:25:03Z
26.9174930,75.8076150,2018-10-04T10:25:14Z
26.9174930,75.8076150,2018-10-04T10:25:25Z
26.9174930,75.8076150,2018-10-04T10:25:36Z
26.9174930,75.8076150,2018-10-04T10:25:47Z
26.9174930,75.8076150,2018-10-04T10:25:57Z
26.9174902,75.8076311,2018-10-04T10:26:07Z
26.9174902,75.8076311,2018-10-04T10:26:17Z
26.9174902,75.8076311,2018-10-04T10:26:28Z
26.9174902,75.8076311,2018-10-04T10:26:39Z
26.9174902,75.8076311,2018-10-04T10:26:50Z
26.9174902,75.8076311,2018-10-04T10:27:00Z
26.9174902,75.8076311,2018-10-04T10:27:11Z
26.9174902,75.8076311,2018-10-04T10:27:21Z
26.9174902,75.8076311,2018-10-04T10:27:31Z
26.9174902,75.8076311,2018-10-04T10:27:42Z
26.9174902,75.8076311,2018-10-04T10:27:52Z
26.9174902,75.8076311,2018-10-04T10:28:02Z
26.9174902,75.8076311,2018-10-04T10:28:13Z
26.9174902,75.8076311,2018-10-04T10:28:24Z
26.9174902,75.8076311,2018-10-04T10:28:35Z
26.9174902,75.8076311,2018-10-04T10:28:46Z
26.9174902,75.8076311,2018-10-04T10:28:57Z
26.9174902,75.8076311,2018-10-04T10:29:07Z
26.9174902,75.8076311,2018-10-04T10:29:18Z
26.9174902,75.8076311,2018-10-04T10:29:29Z
26.9174902,75.8076311,2018-10-04T10:29:40Z
26.9174902,75.8076311,2018-10-04T10:29:51Z
26.9174902,75.8076311,2018-10-04T10:30:02Z
26.9174902,75.8076311,2018-10-04T10:30:13Z
26.9174902,75.8076311,2018-10-04T10:30:23Z
26.9174902,75.8076311,2018-10-04T10:30:34Z
26.9174902,75.8076311,2018-10-04T10:30:45Z
26.9174902,75.8076311,2018-10-04T10:30:55Z
26.9174902,75.8076311,2018-10-04T10:31:05Z
26.9174902,75.8076311,2018-10-04T10:31:15Z
26.9174902,75.8076311,2018-10-04T10:31:26Z
26.9174902,75.8076311,2018-10-04T10:31:37Z
26.9174902,75.8076311,2018-10-04T10:31:47Z
26.9174902,75.8076311,2018-10-04T10:31:58Z
26.9174902,75.8076311,2018-10-04T10:32:08Z
26.9174902,75.8076311,2018-10-04T10:32:18Z
26.9174902,75.8076311,2018-10-04T10:32:28Z
26.9174902,75.8076311,2018-10-04T10:32:38Z
26.9174902,75.8076311,2018-10-04T10:32:49Z
26.9174902,75.8076311,2018-10-04T10:33:00Z
26.9174902,75.8076311,2018-10-04T10:33:10Z
26.9174902,75.8076311,2018-10-04T10:33:21Z
26.9174902,75.8076311,2018-10-04T10:33:31Z
26.9174902,75.8076311,2018-10-04T10:33:41Z
26.9174902,75.8076311,2018-10-04T10:33:52Z
26.9174902,75.8076311,2018-10-04T10:34:03Z
26.9174902,75.8076311,2018-10-04T10:34:14Z
26.9174902,75.8076311,2018-10-04T10:34:24Z
26.9174902,75.8076311,2018-10-04T10:34:35Z
26.9174996,75.8075788,2018-10-04T10:34:46Z
26.9174995,75.8075786,2018-10-04T10:34:57Z
26.9174995,75.8075786,2018-10-04T10:35:08Z
26.9174995,75.8075786,2018-10-04T10:35:18Z
26.9174995,75.8075786,2018-10-04T10:35:29Z
26.9174995,75.8075786,2018-10-04T10:35:39Z
26.9175422,75.8076344,2018-10-04T10:35:49Z
26.9175422,75.8076344,2018-10-04T10:36:00Z
26.9175422,75.8076344,2018-10-04T10:36:10Z
26.9175422,75.8076344,2018-10-04T10:36:21Z
26.9175422,75.8076344,2018-10-04T10:36:32Z
26.9175422,75.8076344,2018-10-04T10:36:42Z
26.9175422,75.8076344,2018-10-04T10:36:53Z
26.9175422,75.8076344,2018-10-04T10:37:03Z
26.9175422,75.8076344,2018-10-04T10:37:14Z
26.9175422,75.8076344,2018-10-04T10:37:24Z
26.9175422,75.8076344,2018-10-04T10:37:35Z
26.9175422,75.8076344,2018-10-04T10:37:45Z
26.9175422,75.8076344,2018-10-04T10:37:56Z
26.9175422,75.8076344,2018-10-04T10:38:07Z
26.9175422,75.8076344,2018-10-04T10:38:17Z
26.9175422,75.8076344,2018-10-04T10:38:27Z
26.9175422,75.8076344,2018-10-04T10:38:38Z
26.9175422,75.8076344,2018-10-04T10:38:49Z
26.9175422,75.8076344,2018-10-04T10:39:00Z
26.9175422,75.8076344,2018-10-04T10:39:11Z
26.9175422,75.8076344,2018-10-04T10:39:21Z
26.9175422,75.8076344,2018-10-04T10:39:31Z
26.9175422,75.8076344,2018-10-04T10:39:41Z
26.9175422,75.8076344,2018-10-04T10:39:52Z
26.9175422,75.8076344,2018-10-04T10:40:02Z
26.9175422,75.8076344,2018-10-04T10:40:12Z
26.9175422,75.8076344,2018-10-04T10:40:23Z
26.9175422,75.8076344,2018-10-04T10:40:34Z
26.9175422,75.8076344,2018-10-04T10:40:44Z
26.9175422,75.8076344,2018-10-04T10:40:54Z
26.9175422,75.8076344,2018-10-04T10:41:05Z
26.9175422,75.8076344,2018-10-04T10:41:15Z
26.9175422,75.8076344,2018-10-04T10:41:26Z
26.9175422,75.8076344,2018-10-04T10:41:37Z
26.9175422,75.8076344,2018-10-04T10:41:47Z
26.9175422,75.8076344,2018-10-04T10:41:58Z
26.9175422,75.8076344,2018-10-04T10:42:09Z
26.9175422,75.8076344,2018-10-04T10:42:20Z
26.9175422,75.8076344,2018-10-04T10:42:30Z
26.9175422,75.8076344,2018-10-04T10:42:41Z
26.9175422,75.8076344,2018-10-04T10:42:52Z
26.9175422,75.8076344,2018-10-04T10:43:03Z
26.9175422,75.8076344,2018-10-04T10:43:13Z
26.9175422,75.8076344,2018-10-04T10:43:24Z
26.9175422,75.8076344,2018-10-04T10:43:34Z
26.9175422,75.8076344,2018-10-04T10:43:44Z
26.9175422,75.8076344,2018-10-04T10:43:55Z
26.9175422,75.8076344,2018-10-04T10:44:06Z
26.9175422,75.8076344,2018-10-04T10:44:17Z
26.9175422,75.8076344,2018-10-04T10:44:27Z
26.9175422,75.8076344,2018-10-04T10:44:37Z
26.9175422,75.8076344,2018-10-04T10:44:48Z
26.9175422,75.8076344,2018-10-04T10:44:58Z
26.9175422,75.8076344,2018-10-04T10:45:08Z
26.9175422,75.8076344,2018-10-04T10:45:19Z
26.9175422,75.8076344,2018-10-04T10:45:29Z
26.9175422,75.8076344,2018-10-04T10:45:39Z
26.9175422,75.8076344,2018-10-04T10:45:50Z
26.9175422,75.8076344,2018-10-04T10:46:00Z
26.9175422,75.8076344,2018-10-04T10:46:11Z
26.9175422,75.8076344,2018-10-04T10:46:21Z
26.9175422,75.8076344,2018-10-04T10:46:32Z
26.9175422,75.8076344,2018-10-04T10:46:42Z
26.9175422,75.8076344,2018-10-04T10:46:52Z
26.9175422,75.8076344,2018-10-04T10:47:02Z
26.9175422,75.8076344,2018-10-04T10:47:13Z
26.9175422,75.8076344,2018-10-04T10:47:23Z
26.9175422,75.8076344,2018-10-04T10:47:34Z
26.9175422,75.8076344,2018-10-04T10:47:44Z
26.9175422,75.8076344,2018-10-04T10:47:55Z
26.9175422,75.8076344,2018-10-04T10:48:05Z
26.9175422,75.8076344,2018-10-04T10:48:16Z
26.9175422,75.8076344,2018-10-04T10:48:26Z
26.9175422,75.8076344,2018-10-04T10:48:36Z
26.9175422,75.8076344,2018-10-04T10:48:46Z
26.9175422,75.8076344,2018-10-04T10:48:57Z
26.9175422,75.8076344,2018-10-04T10:49:08Z
26.9175422,75.8076344,2018-10-04T10:49:18Z
26.9175422,75.8076344,2018-10-04T10:49:28Z
26.9175422,75.8076344,2018-10-04T10:49:39Z
26.9175422,75.8076344,2018-10-04T10:49:50Z
26.9175422,75.8076344,2018-10-04T10:50:00Z
26.9175422,75.8076344,2018-10-04T10:50:10Z
26.9175422,75.8076344,2018-10-04T10:50:21Z
26.9175422,75.8076344,2018-10-04T10:50:32Z
26.9175422,75.8076344,2018-10-04T10:50:42Z
26.9175422,75.8076344,2018-10-04T10:50:52Z
26.9175422,75.8076344,2018-10-04T10:51:03Z
26.9175422,75.8076344,2018-10-04T10:51:14Z
26.9175422,75.8076344,2018-10-04T10:51:24Z
26.9175422,75.8076344,2018-10-04T10:51:35Z
26.9174889,75.8076196,2018-10-04T10:51:45Z
26.9174475,75.8076176,2018-10-04T10:51:56Z
26.9174475,75.8076176,2018-10-04T10:52:07Z
26.9174475,75.8076176,2018-10-04T10:52:17Z
26.9174475,75.8076176,2018-10-04T10:52:28Z
26.9174475,75.8076176,2018-10-04T10:52:39Z
26.9174475,75.8076176,2018-10-04T10:52:49Z
26.9174475,75.8076176,2018-10-04T10:53:00Z
26.9174475,75.8076176,2018-10-04T10:53:10Z
26.9174475,75.8076176,2018-10-04T10:53:21Z
26.9174475,75.8076176,2018-10-04T10:53:31Z
26.9174475,75.8076176,2018-10-04T10:53:41Z
26.9174475,75.8076176,2018-10-04T10:53:52Z
26.9174475,75.8076176,2018-10-04T10:54:03Z
26.9174475,75.8076176,2018-10-04T10:54:13Z
26.9174475,75.8076176,2018-10-04T10:54:23Z
26.9174475,75.8076176,2018-10-04T10:54:33Z
26.9174475,75.8076176,2018-10-04T10:54:45Z
26.9174475,75.8076176,2018-10-04T10:54:55Z
26.9174486,75.8076182,2018-10-04T10:55:06Z
26.9174487,75.8076182,2018-10-04T10:55:16Z
26.9174487,75.8076182,2018-10-04T10:55:27Z
26.9174487,75.8076182,2018-10-04T10:55:38Z
26.9174487,75.8076182,2018-10-04T10:55:49Z
26.9174487,75.8076182,2018-10-04T10:55:59Z
26.9174487,75.8076182,2018-10-04T10:56:10Z
26.9174487,75.8076182,2018-10-04T10:56:21Z
26.9174487,75.8076182,2018-10-04T10:56:31Z
26.9174487,75.8076182,2018-10-04T10:56:42Z
26.9174487,75.8076182,2018-10-04T10:56:52Z
26.9174487,75.8076182,2018-10-04T10:57:03Z
26.9174487,75.8076182,2018-10-04T10:57:14Z
26.9174487,75.8076182,2018-10-04T10:57:25Z
26.9174487,75.8076182,2018-10-04T10:57:35Z
26.9174487,75.8076182,2018-10-04T10:57:45Z
26.9174487,75.8076182,2018-10-04T10:57:56Z
26.9174487,75.8076182,2018-10-04T10:58:07Z
26.9174487,75.8076182,2018-10-04T10:58:18Z
26.9174487,75.8076182,2018-10-04T10:58:28Z
26.9174487,75.8076182,2018-10-04T10:58:39Z
26.9174487,75.8076182,2018-10-04T10:58:50Z
26.9174487,75.8076182,2018-10-04T10:59:01Z
26.9174487,75.8076182,2018-10-04T10:59:11Z
26.9174487,75.8076182,2018-10-04T10:59:22Z
26.9174487,75.8076182,2018-10-04T10:59:32Z
26.9174487,75.8076182,2018-10-04T10:59:43Z
26.9174487,75.8076182,2018-10-04T10:59:54Z
26.9174487,75.8076182,2018-10-04T11:00:04Z
26.9174487,75.8076182,2018-10-04T11:00:15Z
26.9174487,75.8076182,2018-10-04T11:00:26Z
26.9174487,75.8076182,2018-10-04T11:00:36Z
26.9174487,75.8076182,2018-10-04T11:00:46Z
26.9174487,75.8076182,2018-10-04T11:00:56Z
26.9174487,75.8076182,2018-10-04T11:01:07Z
26.9174487,75.8076182,2018-10-04T11:01:18Z
26.9174487,75.8076182,2018-10-04T11:01:28Z
26.9174487,75.8076182,2018-10-04T11:01:38Z
26.9174487,75.8076182,2018-10-04T11:01:49Z
26.9174487,75.8076182,2018-10-04T11:01:59Z
26.9174487,75.8076182,2018-10-04T11:02:11Z
26.9174487,75.8076182,2018-10-04T11:02:21Z
26.9174487,75.8076182,2018-10-04T11:02:31Z
26.9174487,75.8076182,2018-10-04T11:02:41Z
26.9174487,75.8076182,2018-10-04T11:02:52Z
26.9174487,75.8076182,2018-10-04T11:03:03Z
26.9174487,75.8076182,2018-10-04T11:03:13Z
26.9174487,75.8076182,2018-10-04T11:03:24Z
26.9174487,75.8076182,2018-10-04T11:03:35Z
26.9174487,75.8076182,2018-10-04T11:03:45Z
26.9174487,75.8076182,2018-10-04T11:03:56Z
26.9174487,75.8076182,2018-10-04T11:04:07Z
26.9174487,75.8076182,2018-10-04T11:04:17Z
26.9174487,75.8076182,2018-10-04T11:04:28Z
26.9174487,75.8076182,2018-10-04T11:04:38Z
26.9174487,75.8076182,2018-10-04T11:04:49Z
26.9174487,75.8076182,2018-10-04T11:04:59Z
26.9174487,75.8076182,2018-10-04T11:05:10Z
26.9174487,75.8076182,2018-10-04T11:05:21Z
26.9174487,75.8076182,2018-10-04T11:05:31Z
26.9174487,75.8076182,2018-10-04T11:05:41Z
26.9174487,75.8076182,2018-10-04T11:05:52Z
26.9174487,75.8076182,2018-10-04T11:06:02Z
26.9174487,75.8076182,2018-10-04T11:06:12Z
26.9174487,75.8076182,2018-10-04T11:06:22Z
26.9174487,75.8076182,2018-10-04T11:06:33Z
26.9174487,75.8076182,2018-10-04T11:06:44Z
26.9174487,75.8076182,2018-10-04T11:06:54Z
26.9174487,75.8076182,2018-10-04T11:07:05Z
26.9174487,75.8076182,2018-10-04T11:07:16Z
26.9174487,75.8076182,2018-10-04T11:07:26Z
26.9174487,75.8076182,2018-10-04T11:07:36Z
26.9174487,75.8076182,2018-10-04T11:07:46Z
26.9174487,75.8076182,2018-10-04T11:07:56Z
26.9174487,75.8076182,2018-10-04T11:08:06Z
26.9174487,75.8076182,2018-10-04T11:08:16Z
26.9174487,75.8076182,2018-10-04T11:08:27Z
26.9174487,75.8076182,2018-10-04T11:08:38Z
26.9174487,75.8076182,2018-10-04T11:08:48Z
26.9174487,75.8076182,2018-10-04T11:08:59Z
26.9174487,75.8076182,2018-10-04T11:09:10Z
26.9174487,75.8076182,2018-10-04T11:09:20Z
26.9174487,75.8076182,2018-10-04T11:09:31Z
26.9174487,75.8076182,2018-10-04T11:09:42Z
26.9174487,75.8076182,2018-10-04T11:09:53Z
26.9174487,75.8076182,2018-10-04T11:10:04Z
26.9174487,75.8076182,2018-10-04T11:10:15Z
26.9174487,75.8076182,2018-10-04T11:10:25Z
26.9174487,75.8076182,2018-10-04T11:10:36Z
26.9174487,75.8076182,2018-10-04T11:10:46Z
26.9174487,75.8076182,2018-10-04T11:10:56Z
26.9174487,75.8076182,2018-10-04T11:11:07Z
26.9174487,75.8076182,2018-10-04T11:11:17Z
26.9174487,75.8076182,2018-10-04T11:11:27Z
26.9174487,75.8076182,2018-10-04T11:11:38Z
26.9174487,75.8076182,2018-10-04T11:11:48Z
26.9174487,75.8076182,2018-10-04T11:11:59Z
26.9174487,75.8076182,2018-10-04T11:12:10Z
26.9174487,75.8076182,2018-10-04T11:12:20Z
26.9174487,75.8076182,2018-10-04T11:12:30Z
26.9174487,75.8076182,2018-10-04T11:12:41Z
26.9174487,75.8076182,2018-10-04T11:12:51Z
26.9174487,75.8076182,2018-10-04T11:13:03Z
26.9174487,75.8076182,2018-10-04T11:13:13Z
26.9174487,75.8076182,2018-10-04T11:13:23Z
26.9174487,75.8076182,2018-10-04T11:13:34Z
26.9174487,75.8076182,2018-10-04T11:13:45Z
26.9174487,75.8076182,2018-10-04T11:13:56Z
26.9174487,75.8076182,2018-10-04T11:14:07Z
26.9174487,75.8076182,2018-10-04T11:14:17Z
26.9174487,75.8076182,2018-10-04T11:14:28Z
26.9174487,75.8076182,2018-10-04T11:14:39Z
26.9174487,75.8076182,2018-10-04T11:14:50Z
26.9174487,75.8076182,2018-10-04T11:15:01Z
26.9174487,75.8076182,2018-10-04T11:15:11Z
26.9174487,75.8076182,2018-10-04T11:15:22Z
26.9174487,75.8076182,2018-10-04T11:15:32Z
26.9174487,75.8076182,2018-10-04T11:15:42Z
26.9174487,75.8076182,2018-10-04T11:15:52Z
26.9174487,75.8076182,2018-10-04T11:16:03Z
26.9174487,75.8076182,2018-10-04T11:16:14Z
26.9174487,75.8076182,2018-10-04T11:16:24Z
26.9174487,75.8076182,2018-10-04T11:16:35Z
26.9174487,75.8076182,2018-10-04T11:16:46Z
26.9174487,75.8076182,2018-10-04T11:16:57Z
26.9174487,75.8076182,2018-10-04T11:17:08Z
26.9174487,75.8076182,2018-10-04T11:17:19Z
26.9174487,75.8076182,2018-10-04T11:17:29Z
26.9174487,75.8076182,2018-10-04T11:17:40Z
26.9174487,75.8076182,2018-10-04T11:17:50Z
26.9174487,75.8076182,2018-10-04T11:18:00Z
26.9174487,75.8076182,2018-10-04T11:18:11Z
26.9174487,75.8076182,2018-10-04T11:18:21Z
26.9174487,75.8076182,2018-10-04T11:18:32Z
26.9174487,75.8076182,2018-10-04T11:18:42Z
26.9174487,75.8076182,2018-10-04T11:18:52Z
26.9174487,75.8076182,2018-10-04T11:19:03Z
26.9174487,75.8076182,2018-10-04T11:19:13Z
26.9174487,75.8076182,2018-10-04T11:19:23Z
26.9174487,75.8076182,2018-10-04T11:19:33Z
26.9174487,75.8076182,2018-10-04T11:19:44Z
26.9174487,75.8076182,2018-10-04T11:19:54Z
26.9174487,75.8076182,2018-10-04T11:20:05Z
26.9174487,75.8076182,2018-10-04T11:20:16Z
26.9174487,75.8076182,2018-10-04T11:20:27Z
26.9174487,75.8076182,2018-10-04T11:20:38Z
26.9174487,75.8076182,2018-10-04T11:20:49Z
26.9174487,75.8076182,2018-10-04T11:20:59Z
26.9174487,75.8076182,2018-10-04T11:21:10Z
26.9174487,75.8076182,2018-10-04T11:21:21Z
26.9174487,75.8076182,2018-10-04T11:21:31Z
26.9174487,75.8076182,2018-10-04T11:21:41Z
26.9174487,75.8076182,2018-10-04T11:21:51Z
26.9174487,75.8076182,2018-10-04T11:22:01Z
26.9174487,75.8076182,2018-10-04T11:22:11Z
26.9174487,75.8076182,2018-10-04T11:22:21Z
26.9174487,75.8076182,2018-10-04T11:22:32Z
26.9174487,75.8076182,2018-10-04T11:22:42Z
26.9174487,75.8076182,2018-10-04T11:22:53Z
26.9174487,75.8076182,2018-10-04T11:23:03Z
26.9174487,75.8076182,2018-10-04T11:23:14Z
26.9174487,75.8076182,2018-10-04T11:23:24Z
26.9174487,75.8076182,2018-10-04T11:23:35Z
26.9174487,75.8076182,2018-10-04T11:23:45Z
26.9174487,75.8076182,2018-10-04T11:23:56Z
26.9174487,75.8076182,2018-10-04T11:24:06Z
26.9174487,75.8076182,2018-10-04T11:24:17Z
26.9174487,75.8076182,2018-10-04T11:24:27Z
26.9174487,75.8076182,2018-10-04T11:24:38Z
26.9174487,75.8076182,2018-10-04T11:24:48Z
26.9174487,75.8076182,2018-10-04T11:24:59Z
26.9174487,75.8076182,2018-10-04T11:25:10Z
26.9174487,75.8076182,2018-10-04T11:25:20Z
26.9174487,75.8076182,2018-10-04T11:25:30Z
26.9174487,75.8076182,2018-10-04T11:25:41Z
26.9174487,75.8076182,2018-10-04T11:25:52Z
26.9174487,75.8076182,2018-10-04T11:26:02Z
26.9174487,75.8076182,2018-10-04T11:26:12Z
26.9174487,75.8076182,2018-10-04T11:26:23Z
26.9174487,75.8076182,2018-10-04T11:26:33Z
26.9174487,75.8076182,2018-10-04T11:26:44Z
26.9174487,75.8076182,2018-10-04T11:26:55Z
26.9174487,75.8076182,2018-10-04T11:27:05Z
26.9174487,75.8076182,2018-10-04T11:27:16Z
26.9174487,75.8076182,2018-10-04T11:27:26Z
26.9174487,75.8076182,2018-10-04T11:27:37Z
26.9174487,75.8076182,2018-10-04T11:27:49Z
26.9030513,75.7888946,2016-10-26T06:30:38Z
26.9027214,75.7891998,2016-10-26T06:30:43Z
26.9025554,75.7894592,2016-10-26T06:30:48Z
26.9026603,75.7898788,2016-10-26T06:30:54Z
26.9026908,75.7902297,2016-10-26T06:30:59Z
26.9026775,75.7905883,2016-10-26T06:31:04Z
26.9026851,75.7910156,2016-10-26T06:31:09Z
26.9026718,75.7914962,2016-10-26T06:31:14Z
26.9026546,75.7919692,2016-10-26T06:31:19Z
26.9026374,75.7923202,2016-10-26T06:31:24Z
26.9026355,75.7926559,2016-10-26T06:31:29Z
26.9026088,75.7929229,2016-10-26T06:31:34Z
26.9025897,75.7931289,2016-10-26T06:31:39Z
26.9025745,75.7933273,2016-10-26T06:31:44Z
26.9025363,75.7934112,2016-10-26T06:31:49Z
26.9023818,75.7935333,2016-10-26T06:31:54Z
26.9021911,75.7937469,2016-10-26T06:31:59Z
26.9019374,75.7938690,2016-10-26T06:32:04Z
26.9017333,75.7941589,2016-10-26T06:32:09Z
26.9015254,75.7945785,2016-10-26T06:32:14Z
26.9012699,75.7951202,2016-10-26T06:32:19Z
26.9009914,75.7957000,2016-10-26T06:32:24Z
26.9007492,75.7962341,2016-10-26T06:32:29Z
26.9005641,75.7966308,2016-10-26T06:32:34Z
26.9003524,75.7970962,2016-10-26T06:32:39Z
26.9001789,75.7974929,2016-10-26T06:32:44Z
26.9001388,75.7975692,2016-10-26T06:32:49Z
26.9001369,75.7975692,2016-10-26T06:32:54Z
26.9001369,75.7975692,2016-10-26T06:32:59Z
26.9001388,75.7975616,2016-10-26T06:33:04Z
26.9001369,75.7975616,2016-10-26T06:33:09Z
26.9001369,75.7975692,2016-10-26T06:33:14Z
26.9001369,75.7975692,2016-10-26T06:33:19Z
26.9001369,75.7975616,2016-10-26T06:33:24Z
26.9001159,75.7975997,2016-10-26T06:33:29Z
26.9000110,75.7978057,2016-10-26T06:33:34Z
26.8998775,75.7981185,2016-10-26T06:33:39Z
26.8996696,75.7985153,2016-10-26T06:33:44Z
26.8994369,75.7989730,2016-10-26T06:33:49Z
26.8992042,75.7994384,2016-10-26T06:33:54Z
26.8989620,75.7999496,2016-10-26T06:33:59Z
26.8987407,75.8003768,2016-10-26T06:34:04Z
26.8986625,75.8006515,2016-10-26T06:34:09Z
26.8986854,75.8008193,2016-10-26T06:34:14Z
26.8987236,75.8009414,2016-10-26T06:34:19Z
26.8986129,75.8011322,2016-10-26T06:34:24Z
26.8983840,75.8012771,2016-10-26T06:34:29Z
26.8981399,75.8015899,2016-10-26T06:34:34Z
26.8979148,75.8020477,2016-10-26T06:34:39Z
26.8976306,75.8026504,2016-10-26T06:34:44Z
26.8972930,75.8033447,2016-10-26T06:34:49Z
26.8969688,75.8040618,2016-10-26T06:34:54Z
26.8966579,75.8047409,2016-10-26T06:34:59Z
26.8963451,75.8053665,2016-10-26T06:35:04Z
26.8960609,75.8059616,2016-10-26T06:35:09Z
26.8957996,75.8065643,2016-10-26T06:35:14Z
26.8955860,75.8070755,2016-10-26T06:35:19Z
26.8954448,75.8073806,2016-10-26T06:35:24Z
26.8954048,75.8075256,2016-10-26T06:35:29Z
26.8953456,75.8077545,2016-10-26T06:35:34Z
26.8952217,75.8081207,2016-10-26T06:35:39Z
26.8951950,75.8085021,2016-10-26T06:35:44Z
26.8952827,75.8089218,2016-10-26T06:35:49Z
26.8954963,75.8092422,2016-10-26T06:35:54Z
26.8958644,75.8095703,2016-10-26T06:35:59Z
26.8963050,75.8099136,2016-10-26T06:36:04Z
26.8966598,75.8101959,2016-10-26T06:36:09Z
26.8968429,75.8103942,2016-10-26T06:36:14Z
26.8968811,75.8104095,2016-10-26T06:36:19Z
26.8968906,75.8104171,2016-10-26T06:36:24Z
26.8968906,75.8104095,2016-10-26T06:36:29Z
26.8968887,75.8104095,2016-10-26T06:36:34Z
26.8968868,75.8104095,2016-10-26T06:36:39Z
26.8968849,75.8104095,2016-10-26T06:36:44Z
26.8968868,75.8104095,2016-10-26T06:36:49Z
26.8968887,75.8104095,2016-10-26T06:36:54Z
26.8968887,75.8104095,2016-10-26T06:36:59Z
26.8968944,75.8104095,2016-10-26T06:37:04Z
26.8968696,75.8104705,2016-10-26T06:37:09Z
26.8966636,75.8102874,2016-10-26T06:37:14Z
26.8963069,75.8100051,2016-10-26T06:37:19Z
26.8959426,75.8097000,2016-10-26T06:37:24Z
26.8957290,75.8095092,2016-10-26T06:37:29Z
26.8955688,75.8093719,2016-10-26T06:37:34Z
26.8955307,75.8093414,2016-10-26T06:37:39Z
26.8955326,75.8093566,2016-10-26T06:37:44Z
26.8955326,75.8093719,2016-10-26T06:37:49Z
26.8955097,75.8093872,2016-10-26T06:37:54Z
26.8955020,75.8093795,2016-10-26T06:37:59Z
26.8954982,75.8093795,2016-10-26T06:38:04Z
26.8954963,75.8093795,2016-10-26T06:38:09Z
26.8955001,75.8093795,2016-10-26T06:38:14Z
26.8955039,75.8093795,2016-10-26T06:38:19Z
26.8955078,75.8093872,2016-10-26T06:38:24Z
26.8955097,75.8093872,2016-10-26T06:38:29Z
26.8955097,75.8093872,2016-10-26T06:38:34Z
26.8955078,75.8093872,2016-10-26T06:38:39Z
26.8954277,75.8092880,2016-10-26T06:38:44Z
26.8952941,75.8091888,2016-10-26T06:38:49Z
26.8951549,75.8090820,2016-10-26T06:38:54Z
26.8949832,75.8089447,2016-10-26T06:38:59Z
26.8947372,75.8090515,2016-10-26T06:39:04Z
26.8944854,75.8094711,2016-10-26T06:39:09Z
26.8942451,75.8100051,2016-10-26T06:39:14Z
26.8939914,75.8105850,2016-10-26T06:39:19Z
26.8937072,75.8111724,2016-10-26T06:39:24Z
26.8934612,75.8117218,2016-10-26T06:39:29Z
26.8932132,75.8121871,2016-10-26T06:39:34Z
26.8930511,75.8125305,2016-10-26T06:39:39Z
26.8928966,75.8128356,2016-10-26T06:39:44Z
26.8927040,75.8132400,2016-10-26T06:39:49Z
26.8925380,75.8136520,2016-10-26T06:39:54Z
26.8924713,75.8140029,2016-10-26T06:39:59Z
26.8925704,75.8143539,2016-10-26T06:40:04Z
26.8927154,75.8144989,2016-10-26T06:40:09Z
26.8929424,75.8145904,2016-10-26T06:40:14Z
26.8932399,75.8146896,2016-10-26T06:40:19Z
26.8935642,75.8148040,2016-10-26T06:40:24Z
26.8938617,75.8148651,2016-10-26T06:40:29Z
26.8941364,75.8149566,2016-10-26T06:40:34Z
26.8944492,75.8150482,2016-10-26T06:40:39Z
26.8947372,75.8151397,2016-10-26T06:40:44Z
26.8950691,75.8152389,2016-10-26T06:40:49Z
26.8954410,75.8153076,2016-10-26T06:40:54Z
26.8958339,75.8154067,2016-10-26T06:40:59Z
26.8962841,75.8155364,2016-10-26T06:41:04Z
26.8967819,75.8156661,2016-10-26T06:41:09Z
26.8973140,75.8158035,2016-10-26T06:41:14Z
26.8978023,75.8159027,2016-10-26T06:41:19Z
26.8981609,75.8159942,2016-10-26T06:41:24Z
26.8982353,75.8160171,2016-10-26T06:41:29Z
26.8982372,75.8160018,2016-10-26T06:41:34Z
26.8982372,75.8160018,2016-10-26T06:41:39Z
26.8982372,75.8160018,2016-10-26T06:41:44Z
26.8982372,75.8160018,2016-10-26T06:41:49Z
26.8983993,75.8160476,2016-10-26T06:41:54Z
26.8986568,75.8161087,2016-10-26T06:41:59Z
26.8989582,75.8161849,2016-10-26T06:42:04Z
26.8993110,75.8162384,2016-10-26T06:42:09Z
26.8997535,75.8163681,2016-10-26T06:42:14Z
26.9003162,75.8165054,2016-10-26T06:42:19Z
26.9008979,75.8166580,2016-10-26T06:42:24Z
26.9013614,75.8168106,2016-10-26T06:42:29Z
26.9016075,75.8168640,2016-10-26T06:42:34Z
26.9018001,75.8169097,2016-10-26T06:42:39Z
26.9020538,75.8169860,2016-10-26T06:42:44Z
26.9023914,75.8170776,2016-10-26T06:42:49Z
26.9027824,75.8171997,2016-10-26T06:42:54Z
26.9031410,75.8172988,2016-10-26T06:42:59Z
26.9036140,75.8174362,2016-10-26T06:43:04Z
26.9040775,75.8175506,2016-10-26T06:43:09Z
26.9043388,75.8176193,2016-10-26T06:43:14Z
26.9043941,75.8176193,2016-10-26T06:43:19Z
26.9045162,75.8176574,2016-10-26T06:43:24Z
26.9047336,75.8177337,2016-10-26T06:43:29Z
26.9051399,75.8178482,2016-10-26T06:43:34Z
26.9056453,75.8180007,2016-10-26T06:43:39Z
26.9061107,75.8181076,2016-10-26T06:43:44Z
26.9066314,75.8182601,2016-10-26T06:43:49Z
26.9071540,75.8183670,2016-10-26T06:43:54Z
26.9075717,75.8184661,2016-10-26T06:43:59Z
26.9079284,75.8185195,2016-10-26T06:44:04Z
26.9082069,75.8185882,2016-10-26T06:44:09Z
26.9084491,75.8186492,2016-10-26T06:44:14Z
26.9086570,75.8187332,2016-10-26T06:44:19Z
26.9088573,75.8187942,2016-10-26T06:44:24Z
26.9090671,75.8188629,2016-10-26T06:44:29Z
26.9092807,75.8189315,2016-10-26T06:44:34Z
26.9093456,75.8189086,2016-10-26T06:44:39Z
26.9094047,75.8189086,2016-10-26T06:44:44Z
26.9094562,75.8189010,2016-10-26T06:44:49Z
26.9096412,75.8189544,2016-10-26T06:44:54Z
26.9098243,75.8188476,2016-10-26T06:44:59Z
26.9100151,75.8186416,2016-10-26T06:45:04Z
26.9102783,75.8185119,2016-10-26T06:45:09Z
26.9105644,75.8185272,2016-10-26T06:45:14Z
26.9108009,75.8185882,2016-10-26T06:45:19Z
26.9110279,75.8186340,2016-10-26T06:45:24Z
26.9112758,75.8187179,2016-10-26T06:45:29Z
26.9114170,75.8187484,2016-10-26T06:45:34Z
26.9114685,75.8187561,2016-10-26T06:45:39Z
26.9116344,75.8187637,2016-10-26T06:45:44Z
26.9118270,75.8187942,2016-10-26T06:45:49Z
26.9120445,75.8188858,2016-10-26T06:45:54Z
26.9122619,75.8190917,2016-10-26T06:45:59Z
26.9123535,75.8192367,2016-10-26T06:46:04Z
26.9123935,75.8194351,2016-10-26T06:46:09Z
26.9124488,75.8196182,2016-10-26T06:46:14Z
26.9125690,75.8197479,2016-10-26T06:46:19Z
26.9127998,75.8197860,2016-10-26T06:46:24Z
26.9130172,75.8198394,2016-10-26T06:46:29Z
26.9132823,75.8198699,2016-10-26T06:46:34Z
26.9135322,75.8199081,2016-10-26T06:46:39Z
26.9136905,75.8199234,2016-10-26T06:46:44Z
26.9137744,75.8199234,2016-10-26T06:46:49Z
26.9139575,75.8199768,2016-10-26T06:46:54Z
26.9141979,75.8200759,2016-10-26T06:46:59Z
26.9145336,75.8201522,2016-10-26T06:47:04Z
26.9147644,75.8202056,2016-10-26T06:47:09Z
26.9150009,75.8202514,2016-10-26T06:47:14Z
26.9152374,75.8203048,2016-10-26T06:47:19Z
26.9153995,75.8203430,2016-10-26T06:47:24Z
26.9155311,75.8203887,2016-10-26T06:47:29Z
26.9155712,75.8203887,2016-10-26T06:47:34Z
26.9155941,75.8203964,2016-10-26T06:47:39Z
26.9155902,75.8203964,2016-10-26T06:47:44Z
26.9155902,75.8203964,2016-10-26T06:47:49Z
26.9155902,75.8203964,2016-10-26T06:47:54Z
26.9155845,75.8203964,2016-10-26T06:47:59Z
26.9155750,75.8203964,2016-10-26T06:48:04Z
26.9155731,75.8203964,2016-10-26T06:48:09Z
26.9155654,75.8203887,2016-10-26T06:48:14Z
26.9155578,75.8203887,2016-10-26T06:48:19Z
26.9155540,75.8203887,2016-10-26T06:48:24Z
26.9155502,75.8203887,2016-10-26T06:48:29Z
26.9155540,75.8203887,2016-10-26T06:48:34Z
26.9155578,75.8203887,2016-10-26T06:48:39Z
26.9155521,75.8203887,2016-10-26T06:48:44Z
26.9155635,75.8203811,2016-10-26T06:48:49Z
26.9155635,75.8203735,2016-10-26T06:48:54Z
26.9155597,75.8203735,2016-10-26T06:48:59Z
26.9155540,75.8203735,2016-10-26T06:49:04Z
26.9155464,75.8203811,2016-10-26T06:49:09Z
26.9155349,75.8203887,2016-10-26T06:49:14Z
26.9155178,75.8203964,2016-10-26T06:49:19Z
26.9155159,75.8204116,2016-10-26T06:49:24Z
26.9155349,75.8204193,2016-10-26T06:49:29Z
26.9155864,75.8204345,2016-10-26T06:49:34Z
26.9156570,75.8204422,2016-10-26T06:49:39Z
26.9157447,75.8204574,2016-10-26T06:49:44Z
26.9158706,75.8205261,2016-10-26T06:49:49Z
26.9159717,75.8207321,2016-10-26T06:49:54Z
26.9159889,75.8209075,2016-10-26T06:49:59Z
26.9160327,75.8209381,2016-10-26T06:50:04Z
26.9160461,75.8209381,2016-10-26T06:50:09Z
26.9160881,75.8209762,2016-10-26T06:50:14Z
26.9161338,75.8209762,2016-10-26T06:50:19Z
26.9161472,75.8209533,2016-10-26T06:50:24Z
26.9161434,75.8209533,2016-10-26T06:50:29Z
26.9161434,75.8209533,2016-10-26T06:50:34Z
26.9161453,75.8209533,2016-10-26T06:50:39Z
26.9161510,75.8209533,2016-10-26T06:50:44Z
26.9161548,75.8209533,2016-10-26T06:50:49Z
26.9161605,75.8209533,2016-10-26T06:50:54Z
26.9161663,75.8209609,2016-10-26T06:50:59Z
26.9161720,75.8209609,2016-10-26T06:51:04Z
26.9161739,75.8209609,2016-10-26T06:51:09Z
26.9161739,75.8209609,2016-10-26T06:51:14Z
26.9161739,75.8209609,2016-10-26T06:51:19Z
26.9161872,75.8210372,2016-10-26T06:51:24Z
26.9162101,75.8211212,2016-10-26T06:51:29Z
26.9162445,75.8211593,2016-10-26T06:51:34Z
26.9163284,75.8211898,2016-10-26T06:51:39Z
26.9164047,75.8211288,2016-10-26T06:51:44Z
26.9163894,75.8211059,2016-10-26T06:51:49Z
26.9163913,75.8211059,2016-10-26T06:51:54Z
26.9163894,75.8211059,2016-10-26T06:51:59Z
26.9163894,75.8211059,2016-10-26T06:52:04Z
26.9163913,75.8211135,2016-10-26T06:52:09Z
26.9163913,75.8211135,2016-10-26T06:52:14Z
26.9163951,75.8211135,2016-10-26T06:52:19Z
26.9163951,75.8211135,2016-10-26T06:52:24Z
26.9163951,75.8211135,2016-10-26T06:52:29Z
26.9163970,75.8211135,2016-10-26T06:52:34Z
26.9163970,75.8211135,2016-10-26T06:52:39Z
26.9163970,75.8211135,2016-10-26T06:52:44Z
26.9163970,75.8211135,2016-10-26T06:52:49Z
26.9163990,75.8211135,2016-10-26T06:52:54Z
26.9163990,75.8211135,2016-10-26T06:52:59Z
26.9163970,75.8211135,2016-10-26T06:53:04Z
26.9163970,75.8211135,2016-10-26T06:53:09Z
26.9163970,75.8211135,2016-10-26T06:53:14Z
26.9163970,75.8211135,2016-10-26T06:53:19Z
26.9163970,75.8211212,2016-10-26T06:53:24Z
26.9163932,75.8211212,2016-10-26T06:53:29Z
26.9163837,75.8211212,2016-10-26T06:53:34Z
26.9163780,75.8211135,2016-10-26T06:53:39Z
26.9163894,75.8210525,2016-10-26T06:53:44Z
26.9163970,75.8210144,2016-10-26T06:53:49Z
26.9164047,75.8209915,2016-10-26T06:53:54Z
26.9164218,75.8209533,2016-10-26T06:53:59Z
26.9164028,75.8209381,2016-10-26T06:54:04Z
26.9163990,75.8209381,2016-10-26T06:54:09Z
26.9163932,75.8209762,2016-10-26T06:54:14Z
26.9163932,75.8209686,2016-10-26T06:54:19Z
26.9164066,75.8209762,2016-10-26T06:54:24Z
26.9164180,75.8209686,2016-10-26T06:54:29Z
26.9164123,75.8209533,2016-10-26T06:54:34Z
26.9163856,75.8209152,2016-10-26T06:54:39Z
26.9163894,75.8208694,2016-10-26T06:54:44Z
26.9164276,75.8208084,2016-10-26T06:54:49Z
26.9164905,75.8207931,2016-10-26T06:54:54Z
26.9165439,75.8207778,2016-10-26T06:54:59Z
26.9166107,75.8207702,2016-10-26T06:55:04Z
26.9166259,75.8207550,2016-10-26T06:55:09Z
26.9166336,75.8207626,2016-10-26T06:55:14Z
26.9166755,75.8207778,2016-10-26T06:55:19Z
26.9167232,75.8207855,2016-10-26T06:55:24Z
26.9167556,75.8207931,2016-10-26T06:55:29Z
26.9167804,75.8208084,2016-10-26T06:55:34Z
26.9167633,75.8208312,2016-10-26T06:55:39Z
26.9167613,75.8208312,2016-10-26T06:55:44Z
26.9167881,75.8208465,2016-10-26T06:55:49Z
26.9169006,75.8209686,2016-10-26T06:55:54Z
26.9169158,75.8209915,2016-10-26T06:55:59Z
26.9169578,75.8209991,2016-10-26T06:56:04Z
26.9170017,75.8209686,2016-10-26T06:56:09Z
26.9170074,75.8209686,2016-10-26T06:56:14Z
26.9170112,75.8209686,2016-10-26T06:56:19Z
26.9170131,75.8209609,2016-10-26T06:56:24Z
26.9170131,75.8209609,2016-10-26T06:56:29Z
26.9170131,75.8209609,2016-10-26T06:56:34Z
26.9170131,75.8209609,2016-10-26T06:56:39Z
26.9170150,75.8209609,2016-10-26T06:56:44Z
26.9170303,75.8208847,2016-10-26T06:56:49Z
26.9170341,75.8208770,2016-10-26T06:56:54Z
26.9170341,75.8208770,2016-10-26T06:56:59Z
26.9170398,75.8208770,2016-10-26T06:57:04Z
26.9170455,75.8208770,2016-10-26T06:57:09Z
26.9170475,75.8208770,2016-10-26T06:57:14Z
26.9170513,75.8208847,2016-10-26T06:57:19Z
26.9170551,75.8208847,2016-10-26T06:57:24Z
26.9170570,75.8208847,2016-10-26T06:57:29Z
26.9170646,75.8208847,2016-10-26T06:57:34Z
26.9170722,75.8208847,2016-10-26T06:57:39Z
26.9170799,75.8208923,2016-10-26T06:57:44Z
26.9170894,75.8208847,2016-10-26T06:57:49Z
26.9171047,75.8208541,2016-10-26T06:57:54Z
26.9171352,75.8208389,2016-10-26T06:57:59Z
26.9171772,75.8208312,2016-10-26T06:58:04Z
26.9171772,75.8208389,2016-10-26T06:58:09Z
26.9172477,75.8208541,2016-10-26T06:58:14Z
26.9172592,75.8208923,2016-10-26T06:58:19Z
26.9172649,75.8209152,2016-10-26T06:58:24Z
26.9173221,75.8209304,2016-10-26T06:58:29Z
26.9173641,75.8209381,2016-10-26T06:58:34Z
26.9173583,75.8210067,2016-10-26T06:58:39Z
26.9174022,75.8210144,2016-10-26T06:58:44Z
26.9174461,75.8210525,2016-10-26T06:58:49Z
26.9174919,75.8210906,2016-10-26T06:58:54Z
26.9175262,75.8210830,2016-10-26T06:58:59Z
26.9175605,75.8211822,2016-10-26T06:59:04Z
26.9175548,75.8212280,2016-10-26T06:59:09Z
26.9175567,75.8212280,2016-10-26T06:59:14Z
26.9175987,75.8212356,2016-10-26T06:59:19Z
26.9176044,75.8212509,2016-10-26T06:59:24Z
26.9176406,75.8212661,2016-10-26T06:59:29Z
26.9177684,75.8211898,2016-10-26T06:59:34Z
26.9177837,75.8211975,2016-10-26T06:59:39Z
26.9177665,75.8212127,2016-10-26T06:59:44Z
26.9177570,75.8212203,2016-10-26T06:59:49Z
26.9177646,75.8212356,2016-10-26T06:59:54Z
26.9177532,75.8212432,2016-10-26T06:59:59Z
26.9177551,75.8212432,2016-10-26T07:00:04Z
26.9177474,75.8212432,2016-10-26T07:00:09Z
26.9177913,75.8211975,2016-10-26T07:00:14Z
26.9177780,75.8211975,2016-10-26T07:00:19Z
26.9177608,75.8212051,2016-10-26T07:00:24Z
26.9177570,75.8212203,2016-10-26T07:00:29Z
26.9177589,75.8212203,2016-10-26T07:00:34Z
26.9177989,75.8211822,2016-10-26T07:00:39Z
26.9178695,75.8211364,2016-10-26T07:00:44Z
26.9179019,75.8210906,2016-10-26T07:00:49Z
26.9179096,75.8209762,2016-10-26T07:00:54Z
26.9179019,75.8209228,2016-10-26T07:00:59Z
26.9178829,75.8208770,2016-10-26T07:01:04Z
26.9178524,75.8208618,2016-10-26T07:01:09Z
26.9178409,75.8208541,2016-10-26T07:01:14Z
26.9178295,75.8208541,2016-10-26T07:01:19Z
26.9178180,75.8208694,2016-10-26T07:01:24Z
26.9178161,75.8208618,2016-10-26T07:01:29Z
26.9178161,75.8208618,2016-10-26T07:01:34Z
26.9178199,75.8208694,2016-10-26T07:01:39Z
26.9178295,75.8208694,2016-10-26T07:01:44Z
26.9178180,75.8209152,2016-10-26T07:01:49Z
26.9178237,75.8209152,2016-10-26T07:01:54Z
26.9178295,75.8209152,2016-10-26T07:01:59Z
26.9178256,75.8209152,2016-10-26T07:02:04Z
26.9177703,75.8209075,2016-10-26T07:02:09Z
26.9177246,75.8208770,2016-10-26T07:02:14Z
26.9176979,75.8208694,2016-10-26T07:02:19Z
26.9176826,75.8208694,2016-10-26T07:02:24Z
26.9176387,75.8208007,2016-10-26T07:02:29Z
26.9176025,75.8207855,2016-10-26T07:02:34Z
26.9175853,75.8207626,2016-10-26T07:02:39Z
26.9175891,75.8207626,2016-10-26T07:02:44Z
26.9179611,75.8207244,2016-10-26T07:03:48Z
26.9177780,75.8207931,2016-10-26T07:03:53Z
26.9178390,75.8207855,2016-10-26T07:03:58Z
26.9178428,75.8207855,2016-10-26T07:04:03Z
26.9178714,75.8208160,2016-10-26T07:04:08Z
26.9178905,75.8208618,2016-10-26T07:04:13Z
26.9179019,75.8209686,2016-10-26T07:04:18Z
26.9179191,75.8209762,2016-10-26T07:04:23Z
26.9179134,75.8210067,2016-10-26T07:04:28Z
26.9179534,75.8210144,2016-10-26T07:04:33Z
26.9179763,75.8210296,2016-10-26T07:04:38Z
26.9180088,75.8210601,2016-10-26T07:04:43Z
26.9180355,75.8210983,2016-10-26T07:04:48Z
26.9180450,75.8211517,2016-10-26T07:04:53Z
26.9181118,75.8211975,2016-10-26T07:04:58Z
26.9181194,75.8212127,2016-10-26T07:05:03Z
26.9181175,75.8212356,2016-10-26T07:05:08Z
26.9181289,75.8212432,2016-10-26T07:05:13Z
26.9181232,75.8212356,2016-10-26T07:05:18Z
26.9181213,75.8212356,2016-10-26T07:05:23Z
26.9181213,75.8212356,2016-10-26T07:05:28Z
26.9181194,75.8212356,2016-10-26T07:05:33Z
26.9180965,75.8212432,2016-10-26T07:05:38Z
26.9180316,75.8212661,2016-10-26T07:05:43Z
26.9179592,75.8212814,2016-10-26T07:05:48Z
26.9179096,75.8212814,2016-10-26T07:05:53Z
26.9179172,75.8212738,2016-10-26T07:05:58Z
26.9179191,75.8212661,2016-10-26T07:06:03Z
26.9179229,75.8212814,2016-10-26T07:06:08Z
26.9179286,75.8212814,2016-10-26T07:06:13Z
26.9179286,75.8212890,2016-10-26T07:06:18Z
26.9179267,75.8212814,2016-10-26T07:06:23Z
26.9179229,75.8212814,2016-10-26T07:06:28Z
26.9179267,75.8212890,2016-10-26T07:06:33Z
26.9179267,75.8212890,2016-10-26T07:06:38Z
26.9179248,75.8212890,2016-10-26T07:06:43Z
26.9179344,75.8213043,2016-10-26T07:06:48Z
26.9179477,75.8212966,2016-10-26T07:06:53Z
26.9179477,75.8212966,2016-10-26T07:06:58Z
26.9179935,75.8212966,2016-10-26T07:07:03Z
26.9180183,75.8212966,2016-10-26T07:07:08Z
26.9180030,75.8213195,2016-10-26T07:07:13Z
26.9180107,75.8213272,2016-10-26T07:07:18Z
26.9180183,75.8213272,2016-10-26T07:07:23Z
26.9180355,75.8213424,2016-10-26T07:07:28Z
26.9180450,75.8213577,2016-10-26T07:07:33Z
26.9180068,75.8213577,2016-10-26T07:07:38Z
26.9179801,75.8213729,2016-10-26T07:07:43Z
26.9179153,75.8213882,2016-10-26T07:07:48Z
26.9179248,75.8213806,2016-10-26T07:07:53Z
26.9179496,75.8213424,2016-10-26T07:07:58Z
26.9179477,75.8213272,2016-10-26T07:08:03Z
26.9179401,75.8213195,2016-10-26T07:08:08Z
26.9179573,75.8213272,2016-10-26T07:08:13Z
26.9180412,75.8213272,2016-10-26T07:08:18Z
26.9180774,75.8212966,2016-10-26T07:08:23Z
26.9180946,75.8212814,2016-10-26T07:08:28Z
26.9181156,75.8213043,2016-10-26T07:08:33Z
26.9181213,75.8212966,2016-10-26T07:08:38Z
26.9181194,75.8212966,2016-10-26T07:08:43Z
26.9181156,75.8212966,2016-10-26T07:08:48Z
26.9181289,75.8213043,2016-10-26T07:08:53Z
26.9181575,75.8212738,2016-10-26T07:08:58Z
26.9181690,75.8212738,2016-10-26T07:09:03Z
26.9181537,75.8212814,2016-10-26T07:09:08Z
26.9181461,75.8212814,2016-10-26T07:09:13Z
26.9181537,75.8212890,2016-10-26T07:09:18Z
26.9181556,75.8212890,2016-10-26T07:09:23Z
26.9181556,75.8212890,2016-10-26T07:09:28Z
26.9182262,75.8213424,2016-10-26T07:09:33Z
26.9182624,75.8213348,2016-10-26T07:09:38Z
26.9183330,75.8213729,2016-10-26T07:09:43Z
26.9183540,75.8214187,2016-10-26T07:09:48Z
26.9183807,75.8214340,2016-10-26T07:09:53Z
26.9183959,75.8214569,2016-10-26T07:09:58Z
26.9184188,75.8214645,2016-10-26T07:10:03Z
26.9184856,75.8214492,2016-10-26T07:10:08Z
26.9186000,75.8213882,2016-10-26T07:10:13Z
26.9186306,75.8213653,2016-10-26T07:10:18Z
26.9185962,75.8213729,2016-10-26T07:10:23Z
26.9185886,75.8213882,2016-10-26T07:10:28Z
26.9185409,75.8213729,2016-10-26T07:10:33Z
26.9185218,75.8213577,2016-10-26T07:10:38Z
26.9184989,75.8213500,2016-10-26T07:10:43Z
26.9184074,75.8213424,2016-10-26T07:10:48Z
26.9183311,75.8213272,2016-10-26T07:10:53Z
26.9182682,75.8212890,2016-10-26T07:10:58Z
26.9181900,75.8212585,2016-10-26T07:11:03Z
26.9181118,75.8212585,2016-10-26T07:11:08Z
26.9180316,75.8212356,2016-10-26T07:11:13Z
26.9179954,75.8211517,2016-10-26T07:11:18Z
26.9180316,75.8211441,2016-10-26T07:11:23Z
26.9180316,75.8211441,2016-10-26T07:11:28Z
26.9180316,75.8211441,2016-10-26T07:11:33Z
26.9180355,75.8211441,2016-10-26T07:11:38Z
26.9180240,75.8211822,2016-10-26T07:11:43Z
26.9180297,75.8212280,2016-10-26T07:11:48Z
26.9180221,75.8212509,2016-10-26T07:11:53Z
26.9180164,75.8212661,2016-10-26T07:11:58Z
26.9180240,75.8212738,2016-10-26T07:12:03Z
26.9180946,75.8213653,2016-10-26T07:12:08Z
26.9181842,75.8214187,2016-10-26T07:12:13Z
26.9182758,75.8214340,2016-10-26T07:12:18Z
26.9183216,75.8214416,2016-10-26T07:12:23Z
26.9183807,75.8214797,2016-10-26T07:12:28Z
26.9184055,75.8214950,2016-10-26T07:12:33Z
26.9184398,75.8214797,2016-10-26T07:12:38Z
26.9185161,75.8214492,2016-10-26T07:12:43Z
26.9185886,75.8214721,2016-10-26T07:12:48Z
26.9185733,75.8214721,2016-10-26T07:12:53Z
26.9185752,75.8214721,2016-10-26T07:12:58Z
26.9185848,75.8214721,2016-10-26T07:13:03Z
26.9186553,75.8214721,2016-10-26T07:13:08Z
26.9186611,75.8214721,2016-10-26T07:13:13Z
26.9186725,75.8214950,2016-10-26T07:13:18Z
26.9187450,75.8215179,2016-10-26T07:13:23Z
26.9188213,75.8215408,2016-10-26T07:13:28Z
26.9189319,75.8215103,2016-10-26T07:13:33Z
26.9189968,75.8215179,2016-10-26T07:13:38Z
26.9189662,75.8215179,2016-10-26T07:13:43Z
26.9189643,75.8215179,2016-10-26T07:13:48Z
26.9189548,75.8215179,2016-10-26T07:13:53Z
26.9189491,75.8215103,2016-10-26T07:13:58Z
26.9189472,75.8215103,2016-10-26T07:14:03Z
26.9189414,75.8215103,2016-10-26T07:14:08Z
26.9189453,75.8215103,2016-10-26T07:14:13Z
26.9189510,75.8215179,2016-10-26T07:14:18Z
26.9189453,75.8215103,2016-10-26T07:14:23Z
26.9189510,75.8215179,2016-10-26T07:14:28Z
26.9189567,75.8215179,2016-10-26T07:14:33Z
26.9189739,75.8215179,2016-10-26T07:14:38Z
26.9189910,75.8215103,2016-10-26T07:14:43Z
26.9189949,75.8215103,2016-10-26T07:14:48Z
26.9190025,75.8215179,2016-10-26T07:14:53Z
26.9190216,75.8215408,2016-10-26T07:14:58Z
26.9191474,75.8214721,2016-10-26T07:15:03Z
26.9191665,75.8215408,2016-10-26T07:15:08Z
26.9191913,75.8215637,2016-10-26T07:15:13Z
26.9192371,75.8215713,2016-10-26T07:15:18Z
26.9192771,75.8216247,2016-10-26T07:15:23Z
26.9193115,75.8216476,2016-10-26T07:15:28Z
26.9193267,75.8216552,2016-10-26T07:15:33Z
26.9193592,75.8216781,2016-10-26T07:15:38Z
26.9193725,75.8216857,2016-10-26T07:15:43Z
26.9194202,75.8216781,2016-10-26T07:15:48Z
26.9195098,75.8217163,2016-10-26T07:15:53Z
26.9195556,75.8217163,2016-10-26T07:15:58Z
26.9195785,75.8217315,2016-10-26T07:16:03Z
26.9196395,75.8217773,2016-10-26T07:16:08Z
26.9196929,75.8217926,2016-10-26T07:16:13Z
26.9197120,75.8218002,2016-10-26T07:16:18Z
26.9197883,75.8217391,2016-10-26T07:16:23Z
26.9198608,75.8216781,2016-10-26T07:16:28Z
26.9198894,75.8216552,2016-10-26T07:16:33Z
26.9198875,75.8216629,2016-10-26T07:16:38Z
26.9198989,75.8217086,2016-10-26T07:16:43Z
26.9198474,75.8217697,2016-10-26T07:16:48Z
26.9199104,75.8217468,2016-10-26T07:16:53Z
26.9199581,75.8217697,2016-10-26T07:16:58Z
26.9199924,75.8217773,2016-10-26T07:17:03Z
26.9200000,75.8217773,2016-10-26T07:17:08Z
26.9200248,75.8217773,2016-10-26T07:17:13Z
26.9199829,75.8217620,2016-10-26T07:17:18Z
26.9199771,75.8217620,2016-10-26T07:17:23Z
26.9199695,75.8217620,2016-10-26T07:17:28Z
26.9199619,75.8217620,2016-10-26T07:17:33Z
26.9199676,75.8217620,2016-10-26T07:17:38Z
26.9199714,75.8217620,2016-10-26T07:17:43Z
26.9199810,75.8217620,2016-10-26T07:17:48Z
26.9199848,75.8217620,2016-10-26T07:17:53Z
26.9199905,75.8217697,2016-10-26T07:17:58Z
26.9199943,75.8217697,2016-10-26T07:18:03Z
26.9200000,75.8217773,2016-10-26T07:18:08Z
26.9200038,75.8217849,2016-10-26T07:18:13Z
26.9200153,75.8217773,2016-10-26T07:18:18Z
26.9200286,75.8217849,2016-10-26T07:18:23Z
26.9200572,75.8217315,2016-10-26T07:18:28Z
26.9200592,75.8217315,2016-10-26T07:18:33Z
26.9200572,75.8217239,2016-10-26T07:18:38Z
26.9200572,75.8217239,2016-10-26T07:18:43Z
26.9200630,75.8217239,2016-10-26T07:18:48Z
26.9200706,75.8217239,2016-10-26T07:18:53Z
26.9200267,75.8217544,2016-10-26T07:18:58Z
26.9200153,75.8217697,2016-10-26T07:19:03Z
26.9200134,75.8217697,2016-10-26T07:19:08Z
26.9200038,75.8217697,2016-10-26T07:19:13Z
26.9200019,75.8217697,2016-10-26T07:19:18Z
26.9199981,75.8217697,2016-10-26T07:19:23Z
26.9199695,75.8217773,2016-10-26T07:19:28Z
26.9199676,75.8217773,2016-10-26T07:19:33Z
26.9199657,75.8217773,2016-10-26T07:19:38Z
26.9200000,75.8217468,2016-10-26T07:19:43Z
26.9200439,75.8217239,2016-10-26T07:19:48Z
26.9200496,75.8217544,2016-10-26T07:19:53Z
26.9200305,75.8217926,2016-10-26T07:19:58Z
26.9200744,75.8217773,2016-10-26T07:20:03Z
26.9201259,75.8217391,2016-10-26T07:20:08Z
26.9201583,75.8217086,2016-10-26T07:20:13Z
26.9202060,75.8217315,2016-10-26T07:20:18Z
26.9201831,75.8217544,2016-10-26T07:20:23Z
26.9201507,75.8217468,2016-10-26T07:20:28Z
26.9200649,75.8217697,2016-10-26T07:20:33Z
26.9200420,75.8217773,2016-10-26T07:20:38Z
26.9200286,75.8217849,2016-10-26T07:20:43Z
26.9200248,75.8217849,2016-10-26T07:20:48Z
26.9200344,75.8217926,2016-10-26T07:20:53Z
26.9200344,75.8217849,2016-10-26T07:20:58Z
26.9200382,75.8217849,2016-10-26T07:21:03Z
26.9200630,75.8217849,2016-10-26T07:21:08Z
26.9201316,75.8217773,2016-10-26T07:21:13Z
26.9201831,75.8217620,2016-10-26T07:21:18Z
26.9202003,75.8217163,2016-10-26T07:21:23Z
26.9201564,75.8217468,2016-10-26T07:21:28Z
26.9201278,75.8217773,2016-10-26T07:21:33Z
26.9201602,75.8218002,2016-10-26T07:21:38Z
26.9200077,75.8218231,2016-10-26T07:21:43Z
26.9199142,75.8218078,2016-10-26T07:21:48Z
26.9198818,75.8218002,2016-10-26T07:21:53Z
26.9198684,75.8218078,2016-10-26T07:21:58Z
26.9198493,75.8218002,2016-10-26T07:22:03Z
26.9198474,75.8218002,2016-10-26T07:22:08Z
26.9198455,75.8218002,2016-10-26T07:22:13Z
26.9198436,75.8218002,2016-10-26T07:22:18Z
26.9198436,75.8218002,2016-10-26T07:22:23Z
26.9198417,75.8218002,2016-10-26T07:22:28Z
26.9198474,75.8218002,2016-10-26T07:22:33Z
26.9198532,75.8218078,2016-10-26T07:22:38Z
26.9198627,75.8218078,2016-10-26T07:22:43Z
26.9198589,75.8218154,2016-10-26T07:22:48Z
26.9198551,75.8218154,2016-10-26T07:22:53Z
26.9198551,75.8218078,2016-10-26T07:22:58Z
26.9198703,75.8217239,2016-10-26T07:23:03Z
26.9197959,75.8216094,2016-10-26T07:23:08Z
26.9197158,75.8215255,2016-10-26T07:23:13Z
26.9196834,75.8214645,2016-10-26T07:23:18Z
26.9196434,75.8214263,2016-10-26T07:23:23Z
26.9195804,75.8213806,2016-10-26T07:23:28Z
26.9194602,75.8213958,2016-10-26T07:23:33Z
26.9193649,75.8214035,2016-10-26T07:23:38Z
26.9193782,75.8213806,2016-10-26T07:23:43Z
26.9193496,75.8213958,2016-10-26T07:23:48Z
26.9192676,75.8214416,2016-10-26T07:23:53Z
26.9192371,75.8214797,2016-10-26T07:23:58Z
26.9192085,75.8215026,2016-10-26T07:24:03Z
26.9191513,75.8214263,2016-10-26T07:24:08Z
26.9190673,75.8214416,2016-10-26T07:24:13Z
26.9190444,75.8214569,2016-10-26T07:24:18Z
26.9190349,75.8214874,2016-10-26T07:24:23Z
26.9190025,75.8214874,2016-10-26T07:24:28Z
26.9189777,75.8214874,2016-10-26T07:24:33Z
26.9189567,75.8214797,2016-10-26T07:24:38Z
26.9189014,75.8214874,2016-10-26T07:24:43Z
26.9189128,75.8214721,2016-10-26T07:24:48Z
26.9189052,75.8214721,2016-10-26T07:24:53Z
26.9188995,75.8214721,2016-10-26T07:24:58Z
26.9189376,75.8215026,2016-10-26T07:25:03Z
26.9189567,75.8215255,2016-10-26T07:25:08Z
26.9190196,75.8215408,2016-10-26T07:25:13Z
26.9191226,75.8215332,2016-10-26T07:25:18Z
26.9191360,75.8215713,2016-10-26T07:25:23Z
26.9191322,75.8215789,2016-10-26T07:25:28Z
26.9191303,75.8215789,2016-10-26T07:25:33Z
26.9190616,75.8215560,2016-10-26T07:25:38Z
26.9190025,75.8215484,2016-10-26T07:25:43Z
26.9189929,75.8215484,2016-10-26T07:25:48Z
26.9189548,75.8215408,2016-10-26T07:25:53Z
26.9189453,75.8215408,2016-10-26T07:25:58Z
26.9189510,75.8215484,2016-10-26T07:26:03Z
26.9189586,75.8215484,2016-10-26T07:26:08Z
26.9189605,75.8215484,2016-10-26T07:26:13Z
26.9189777,75.8215332,2016-10-26T07:26:18Z
26.9189643,75.8215179,2016-10-26T07:26:23Z
26.9189529,75.8214492,2016-10-26T07:26:28Z
26.9188823,75.8212814,2016-10-26T07:26:33Z
26.9189472,75.8212127,2016-10-26T07:26:38Z
26.9189910,75.8211746,2016-10-26T07:26:43Z
26.9190216,75.8211288,2016-10-26T07:26:48Z
26.9190177,75.8211288,2016-10-26T07:26:53Z
26.9190177,75.8211288,2016-10-26T07:26:58Z
26.9190120,75.8211288,2016-10-26T07:27:03Z
26.9190158,75.8211288,2016-10-26T07:27:08Z
26.9190196,75.8211288,2016-10-26T07:27:13Z
26.9190273,75.8211288,2016-10-26T07:27:18Z
26.9190330,75.8211364,2016-10-26T07:27:23Z
26.9190349,75.8211364,2016-10-26T07:27:28Z
26.9190292,75.8211288,2016-10-26T07:27:33Z
26.9190216,75.8211288,2016-10-26T07:27:38Z
26.9190158,75.8211288,2016-10-26T07:27:43Z
26.9190101,75.8211288,2016-10-26T07:27:48Z
26.9190101,75.8211288,2016-10-26T07:27:53Z
26.9190025,75.8211288,2016-10-26T07:27:58Z
26.9189968,75.8211364,2016-10-26T07:28:03Z
26.9189929,75.8211364,2016-10-26T07:28:08Z
26.9189891,75.8211364,2016-10-26T07:28:13Z
26.9189796,75.8211364,2016-10-26T07:28:18Z
26.9189376,75.8211669,2016-10-26T07:28:23Z
26.9189414,75.8211746,2016-10-26T07:28:28Z
26.9189434,75.8211746,2016-10-26T07:28:33Z
26.9189453,75.8211746,2016-10-26T07:28:38Z
26.9189434,75.8211746,2016-10-26T07:28:43Z
26.9189434,75.8211746,2016-10-26T07:28:48Z
26.9189453,75.8211288,2016-10-26T07:28:53Z
26.9189491,75.8210906,2016-10-26T07:28:58Z
26.9189376,75.8210830,2016-10-26T07:29:03Z
26.9189319,75.8210830,2016-10-26T07:29:08Z
26.9189205,75.8210601,2016-10-26T07:29:13Z
26.9188976,75.8209457,2016-10-26T07:29:18Z
26.9189128,75.8208312,2016-10-26T07:29:23Z
26.9189052,75.8208084,2016-10-26T07:29:28Z
26.9189014,75.8208084,2016-10-26T07:29:33Z
26.9188976,75.8208084,2016-10-26T07:29:38Z
26.9188957,75.8208007,2016-10-26T07:29:43Z
26.9188957,75.8208007,2016-10-26T07:29:48Z
26.9188938,75.8208007,2016-10-26T07:29:53Z
26.9188861,75.8207931,2016-10-26T07:29:58Z
26.9188804,75.8207931,2016-10-26T07:30:03Z
26.9188804,75.8207855,2016-10-26T07:30:08Z
26.9188842,75.8207855,2016-10-26T07:30:13Z
26.9188899,75.8207778,2016-10-26T07:30:18Z
26.9188976,75.8207778,2016-10-26T07:30:23Z
26.9188976,75.8207702,2016-10-26T07:30:28Z
26.9188957,75.8207702,2016-10-26T07:30:33Z
26.9189205,75.8207321,2016-10-26T07:30:38Z
26.9190139,75.8205490,2016-10-26T07:30:43Z
26.9190483,75.8204345,2016-10-26T07:30:48Z
26.9190006,75.8203659,2016-10-26T07:30:53Z
26.9189758,75.8203277,2016-10-26T07:30:58Z
26.9189796,75.8203277,2016-10-26T07:31:03Z
26.9190368,75.8202209,2016-10-26T07:31:08Z
26.9190425,75.8202133,2016-10-26T07:31:13Z
26.9190425,75.8202133,2016-10-26T07:31:18Z
26.9190464,75.8202133,2016-10-26T07:31:23Z
26.9190578,75.8202209,2016-10-26T07:31:28Z
26.9190845,75.8202133,2016-10-26T07:31:33Z
26.9191265,75.8201751,2016-10-26T07:31:38Z
26.9191837,75.8201141,2016-10-26T07:31:43Z
26.9191989,75.8201065,2016-10-26T07:31:48Z
26.9191989,75.8201065,2016-10-26T07:31:53Z
26.9192085,75.8201141,2016-10-26T07:31:58Z
26.9192523,75.8201065,2016-10-26T07:32:03Z
26.9192752,75.8201217,2016-10-26T07:32:08Z
26.9192848,75.8201446,2016-10-26T07:32:13Z
26.9193229,75.8201675,2016-10-26T07:32:18Z
26.9193534,75.8201828,2016-10-26T07:32:23Z
26.9193706,75.8202056,2016-10-26T07:32:28Z
26.9194107,75.8202438,2016-10-26T07:32:33Z
26.9194374,75.8202590,2016-10-26T07:32:38Z
26.9195327,75.8202209,2016-10-26T07:32:43Z
26.9195709,75.8202209,2016-10-26T07:32:48Z
26.9196128,75.8202667,2016-10-26T07:32:53Z
26.9196434,75.8202896,2016-10-26T07:32:58Z
26.9196643,75.8202972,2016-10-26T07:33:03Z
26.9196815,75.8203277,2016-10-26T07:33:08Z
26.9197139,75.8203277,2016-10-26T07:33:13Z
26.9197311,75.8203125,2016-10-26T07:33:18Z
26.9197902,75.8202819,2016-10-26T07:33:23Z
26.9198493,75.8202209,2016-10-26T07:33:28Z
26.9198799,75.8202362,2016-10-26T07:33:33Z
26.9199008,75.8202743,2016-10-26T07:33:38Z
26.9199180,75.8202896,2016-10-26T07:33:43Z
26.9199581,75.8203125,2016-10-26T07:33:48Z
26.9200057,75.8203430,2016-10-26T07:33:53Z
26.9200572,75.8203430,2016-10-26T07:33:58Z
26.9200935,75.8203430,2016-10-26T07:34:03Z
26.9201145,75.8203277,2016-10-26T07:34:08Z
26.9201393,75.8203201,2016-10-26T07:34:13Z
26.9201259,75.8203201,2016-10-26T07:34:18Z
26.9201240,75.8203201,2016-10-26T07:34:23Z
26.9201259,75.8203201,2016-10-26T07:34:28Z
26.9201297,75.8203201,2016-10-26T07:34:33Z
26.9201374,75.8203201,2016-10-26T07:34:38Z
26.9201469,75.8203277,2016-10-26T07:34:43Z
26.9201545,75.8203277,2016-10-26T07:34:48Z
26.9201602,75.8203277,2016-10-26T07:34:53Z
26.9201660,75.8203353,2016-10-26T07:34:58Z
26.9201641,75.8203353,2016-10-26T07:35:03Z
26.9200801,75.8204498,2016-10-26T07:35:08Z
26.9200534,75.8204803,2016-10-26T07:35:13Z
26.9200286,75.8205490,2016-10-26T07:35:18Z
26.9200458,75.8206024,2016-10-26T07:35:23Z
26.9200344,75.8206634,2016-10-26T07:35:28Z
26.9200210,75.8207092,2016-10-26T07:35:33Z
26.9200248,75.8207626,2016-10-26T07:35:38Z
26.9200477,75.8207778,2016-10-26T07:35:43Z
26.9200935,75.8207626,2016-10-26T07:35:48Z
26.9201011,75.8207702,2016-10-26T07:35:53Z
26.9201049,75.8207855,2016-10-26T07:35:58Z
26.9201030,75.8208465,2016-10-26T07:36:03Z
26.9201011,75.8208770,2016-10-26T07:36:08Z
26.9200992,75.8208847,2016-10-26T07:36:13Z
26.9201011,75.8208847,2016-10-26T07:36:18Z
26.9201107,75.8208923,2016-10-26T07:36:23Z
26.9201164,75.8208999,2016-10-26T07:36:28Z
26.9201259,75.8208999,2016-10-26T07:36:33Z
26.9201316,75.8209075,2016-10-26T07:36:38Z
26.9200611,75.8210601,2016-10-26T07:36:43Z
26.9200706,75.8210678,2016-10-26T07:36:48Z
26.9200420,75.8211364,2016-10-26T07:36:53Z
26.9200878,75.8212585,2016-10-26T07:36:58Z
26.9200458,75.8213424,2016-10-26T07:37:03Z
26.9199848,75.8214263,2016-10-26T07:37:08Z
26.9199523,75.8214874,2016-10-26T07:37:13Z
26.9199161,75.8215255,2016-10-26T07:37:18Z
26.9198360,75.8215637,2016-10-26T07:37:23Z
26.9197788,75.8216323,2016-10-26T07:37:28Z
26.9197597,75.8216476,2016-10-26T07:37:33Z
26.9197368,75.8216247,2016-10-26T07:37:38Z
26.9197025,75.8216323,2016-10-26T07:37:43Z
26.9196376,75.8216171,2016-10-26T07:37:48Z
26.9195613,75.8216171,2016-10-26T07:37:53Z
26.9195327,75.8216018,2016-10-26T07:37:58Z
26.9194564,75.8216018,2016-10-26T07:38:03Z
26.9193687,75.8216171,2016-10-26T07:38:08Z
26.9192733,75.8216094,2016-10-26T07:38:13Z
26.9192104,75.8215332,2016-10-26T07:38:18Z
26.9192428,75.8214569,2016-10-26T07:38:23Z
26.9192028,75.8214645,2016-10-26T07:38:28Z
26.9191226,75.8214874,2016-10-26T07:38:33Z
26.9189891,75.8215179,2016-10-26T07:38:38Z
26.9189052,75.8215332,2016-10-26T07:38:43Z
26.9187927,75.8214950,2016-10-26T07:38:48Z
26.9188175,75.8213729,2016-10-26T07:38:53Z
26.9187278,75.8213577,2016-10-26T07:38:58Z
26.9186992,75.8213958,2016-10-26T07:39:03Z
26.9187011,75.8214035,2016-10-26T07:39:08Z
26.9186973,75.8214111,2016-10-26T07:39:13Z
26.9187374,75.8214187,2016-10-26T07:39:18Z
26.9187393,75.8214340,2016-10-26T07:39:23Z
26.9187412,75.8214416,2016-10-26T07:39:28Z
26.9187412,75.8214416,2016-10-26T07:39:33Z
26.9187412,75.8214416,2016-10-26T07:39:38Z
26.9187393,75.8214416,2016-10-26T07:39:43Z
26.9187412,75.8214416,2016-10-26T07:39:48Z
26.9187431,75.8214492,2016-10-26T07:39:53Z
26.9187431,75.8214492,2016-10-26T07:39:58Z
26.9187335,75.8214492,2016-10-26T07:40:03Z
26.9187278,75.8214569,2016-10-26T07:40:08Z
26.9187259,75.8214569,2016-10-26T07:40:13Z
26.9187221,75.8214569,2016-10-26T07:40:18Z
26.9187240,75.8214569,2016-10-26T07:40:23Z
26.9187297,75.8214645,2016-10-26T07:40:28Z
26.9187355,75.8214645,2016-10-26T07:40:33Z
26.9187355,75.8214721,2016-10-26T07:40:38Z
26.9187374,75.8214721,2016-10-26T07:40:43Z
26.9187316,75.8214645,2016-10-26T07:40:48Z
26.9187183,75.8215026,2016-10-26T07:40:53Z
26.9187240,75.8214874,2016-10-26T07:40:58Z
26.9187278,75.8214874,2016-10-26T07:41:03Z
26.9187088,75.8215026,2016-10-26T07:41:08Z
26.9186992,75.8215103,2016-10-26T07:41:13Z
26.9186782,75.8214721,2016-10-26T07:41:18Z
26.9185924,75.8215026,2016-10-26T07:41:23Z
26.9185390,75.8214950,2016-10-26T07:41:28Z
26.9185371,75.8214950,2016-10-26T07:41:33Z
26.9185390,75.8214950,2016-10-26T07:41:38Z
26.9185523,75.8214492,2016-10-26T07:41:43Z
26.9185409,75.8214492,2016-10-26T07:41:48Z
26.9185466,75.8214263,2016-10-26T07:41:53Z
26.9185256,75.8214263,2016-10-26T07:41:58Z
26.9184951,75.8214263,2016-10-26T07:42:03Z
26.9185028,75.8214035,2016-10-26T07:42:08Z
26.9184970,75.8214035,2016-10-26T07:42:13Z
26.9184970,75.8214035,2016-10-26T07:42:18Z
26.9184494,75.8214187,2016-10-26T07:42:23Z
26.9184665,75.8214340,2016-10-26T07:42:28Z
26.9184875,75.8214645,2016-10-26T07:42:33Z
26.9185199,75.8215026,2016-10-26T07:42:38Z
26.9185428,75.8215332,2016-10-26T07:42:43Z
26.9185543,75.8215713,2016-10-26T07:42:48Z
26.9185943,75.8215789,2016-10-26T07:42:53Z
26.9186153,75.8215332,2016-10-26T07:42:58Z
26.9186592,75.8215179,2016-10-26T07:43:03Z
26.9187068,75.8215560,2016-10-26T07:43:08Z
26.9187698,75.8215713,2016-10-26T07:43:13Z
26.9188060,75.8215408,2016-10-26T07:43:18Z
26.9188556,75.8215713,2016-10-26T07:43:23Z
26.9188671,75.8215942,2016-10-26T07:43:28Z
26.9188957,75.8215408,2016-10-26T07:43:33Z
26.9189834,75.8215484,2016-10-26T07:43:38Z
26.9190235,75.8215637,2016-10-26T07:43:43Z
26.9190959,75.8215866,2016-10-26T07:43:48Z
26.9191398,75.8215866,2016-10-26T07:43:53Z
26.9191455,75.8215866,2016-10-26T07:43:58Z
26.9191436,75.8215866,2016-10-26T07:44:03Z
26.9191188,75.8215637,2016-10-26T07:44:08Z
26.9190578,75.8215484,2016-10-26T07:44:13Z
26.9190750,75.8215179,2016-10-26T07:44:18Z
26.9190731,75.8215103,2016-10-26T07:44:23Z
26.9190807,75.8215103,2016-10-26T07:44:28Z
26.9190959,75.8215179,2016-10-26T07:44:33Z
26.9190883,75.8215179,2016-10-26T07:44:38Z
26.9190750,75.8215484,2016-10-26T07:44:43Z
26.9190731,75.8215866,2016-10-26T07:44:48Z
26.9190769,75.8215866,2016-10-26T07:44:53Z
26.9190807,75.8215866,2016-10-26T07:44:58Z
26.9190807,75.8215866,2016-10-26T07:45:03Z
26.9190864,75.8215866,2016-10-26T07:45:08Z
26.9190692,75.8216018,2016-10-26T07:45:13Z
26.9190711,75.8216018,2016-10-26T07:45:18Z
26.9190692,75.8216018,2016-10-26T07:45:23Z
26.9190788,75.8216094,2016-10-26T07:45:28Z
26.9190769,75.8216323,2016-10-26T07:45:33Z
26.9191055,75.8216476,2016-10-26T07:45:38Z
26.9191436,75.8216705,2016-10-26T07:45:43Z
26.9191780,75.8216857,2016-10-26T07:45:48Z
26.9192276,75.8217315,2016-10-26T07:45:53Z
26.9192810,75.8217773,2016-10-26T07:45:58Z
26.9193210,75.8217926,2016-10-26T07:46:03Z
26.9193382,75.8217926,2016-10-26T07:46:08Z
26.9193553,75.8217926,2016-10-26T07:46:13Z
26.9193763,75.8217849,2016-10-26T07:46:18Z
26.9194030,75.8217849,2016-10-26T07:46:23Z
26.9194297,75.8217926,2016-10-26T07:46:28Z
26.9194507,75.8217773,2016-10-26T07:46:33Z
26.9194660,75.8217620,2016-10-26T07:46:38Z
26.9195194,75.8217697,2016-10-26T07:46:43Z
26.9195308,75.8217239,2016-10-26T07:46:48Z
26.9195289,75.8216705,2016-10-26T07:46:53Z
26.9195537,75.8215866,2016-10-26T07:46:58Z
26.9196472,75.8214950,2016-10-26T07:47:03Z
26.9197540,75.8214111,2016-10-26T07:47:08Z
26.9197731,75.8213500,2016-10-26T07:47:13Z
26.9197578,75.8213272,2016-10-26T07:47:18Z
26.9195632,75.8213577,2016-10-26T07:47:23Z
26.9194107,75.8213424,2016-10-26T07:47:28Z
26.9191474,75.8212890,2016-10-26T07:47:33Z
26.9191532,75.8211517,2016-10-26T07:47:38Z
26.9193344,75.8211212,2016-10-26T07:47:43Z
26.9194202,75.8210754,2016-10-26T07:47:48Z
26.9194488,75.8210372,2016-10-26T07:47:53Z
26.9194850,75.8210220,2016-10-26T07:47:58Z
26.9195003,75.8210220,2016-10-26T07:48:03Z
26.9195919,75.8210067,2016-10-26T07:48:08Z
26.9196739,75.8210144,2016-10-26T07:48:13Z
26.9197750,75.8209915,2016-10-26T07:48:18Z
26.9198799,75.8209838,2016-10-26T07:48:23Z
26.9197463,75.8209609,2016-10-26T07:48:28Z
26.9196090,75.8209304,2016-10-26T07:48:33Z
26.9194469,75.8208389,2016-10-26T07:48:38Z
26.9194068,75.8208465,2016-10-26T07:48:43Z
26.9193611,75.8207931,2016-10-26T07:48:48Z
26.9194526,75.8207702,2016-10-26T07:48:53Z
26.9195194,75.8207931,2016-10-26T07:48:58Z
26.9196338,75.8208465,2016-10-26T07:49:03Z
26.9197292,75.8208847,2016-10-26T07:49:08Z
26.9197616,75.8209228,2016-10-26T07:49:13Z
26.9197025,75.8209686,2016-10-26T07:49:18Z
26.9195823,75.8210067,2016-10-26T07:49:23Z
26.9195690,75.8209915,2016-10-26T07:49:28Z
26.9195098,75.8209838,2016-10-26T07:49:33Z
26.9195213,75.8209838,2016-10-26T07:49:38Z
26.9195976,75.8209838,2016-10-26T07:49:43Z
26.9196662,75.8209762,2016-10-26T07:49:48Z
26.9198017,75.8209304,2016-10-26T07:49:53Z
26.9195957,75.8210067,2016-10-26T07:49:58Z
26.9195632,75.8210296,2016-10-26T07:50:03Z
26.9195251,75.8210296,2016-10-26T07:50:08Z
26.9194908,75.8210372,2016-10-26T07:50:13Z
26.9194870,75.8210296,2016-10-26T07:50:18Z
26.9195098,75.8210220,2016-10-26T07:50:23Z
26.9195766,75.8210220,2016-10-26T07:50:28Z
26.9196128,75.8210220,2016-10-26T07:50:33Z
26.9196262,75.8210220,2016-10-26T07:50:38Z
26.9196624,75.8210449,2016-10-26T07:50:43Z
26.9197025,75.8210754,2016-10-26T07:50:48Z
26.9197216,75.8211059,2016-10-26T07:50:53Z
26.9196758,75.8210906,2016-10-26T07:50:58Z
26.9196472,75.8210525,2016-10-26T07:51:03Z
26.9196548,75.8210754,2016-10-26T07:51:08Z
26.9196262,75.8210830,2016-10-26T07:51:13Z
26.9196720,75.8210754,2016-10-26T07:51:18Z
26.9196681,75.8210678,2016-10-26T07:51:23Z
26.9196224,75.8210906,2016-10-26T07:51:28Z
26.9196262,75.8210830,2016-10-26T07:51:33Z
26.9195518,75.8211135,2016-10-26T07:51:38Z
26.9195480,75.8211135,2016-10-26T07:51:43Z
26.9196357,75.8210906,2016-10-26T07:51:48Z
26.9197273,75.8210601,2016-10-26T07:51:53Z
26.9196739,75.8209991,2016-10-26T07:51:58Z
26.9196834,75.8210983,2016-10-26T07:52:04Z
26.9195537,75.8213195,2016-10-26T07:52:09Z
26.9195480,75.8213272,2016-10-26T07:52:14Z
26.9194679,75.8215789,2016-10-26T07:52:19Z
26.9194622,75.8216781,2016-10-26T07:52:24Z
26.9194850,75.8217010,2016-10-26T07:52:29Z
26.9195327,75.8217010,2016-10-26T07:52:34Z
26.9195632,75.8217239,2016-10-26T07:52:39Z
26.9196033,75.8217849,2016-10-26T07:52:44Z
26.9196548,75.8218078,2016-10-26T07:52:49Z
26.9196968,75.8218154,2016-10-26T07:52:54Z
26.9197368,75.8218307,2016-10-26T07:52:59Z
26.9197826,75.8217849,2016-10-26T07:53:04Z
26.9198074,75.8217773,2016-10-26T07:53:09Z
26.9198188,75.8217849,2016-10-26T07:53:14Z
26.9198513,75.8218002,2016-10-26T07:53:19Z
26.9199142,75.8217849,2016-10-26T07:53:24Z
26.9199886,75.8217544,2016-10-26T07:53:29Z
26.9200153,75.8217620,2016-10-26T07:53:34Z
26.9200859,75.8217849,2016-10-26T07:53:39Z
26.9201107,75.8218078,2016-10-26T07:53:44Z
26.9201202,75.8218612,2016-10-26T07:53:49Z
26.9201831,75.8218841,2016-10-26T07:53:54Z
26.9202156,75.8218536,2016-10-26T07:53:59Z
26.9202232,75.8218536,2016-10-26T07:54:04Z
26.9202270,75.8218688,2016-10-26T07:54:09Z
26.9202442,75.8219070,2016-10-26T07:54:14Z
26.9202709,75.8219223,2016-10-26T07:54:19Z
26.9203052,75.8219223,2016-10-26T07:54:24Z
26.9203300,75.8219223,2016-10-26T07:54:29Z
26.9203948,75.8218612,2016-10-26T07:54:34Z
26.9204330,75.8218536,2016-10-26T07:54:39Z
26.9204463,75.8218841,2016-10-26T07:54:44Z
26.9204902,75.8219070,2016-10-26T07:54:49Z
26.9205474,75.8218841,2016-10-26T07:54:54Z
26.9205684,75.8219223,2016-10-26T07:54:59Z
26.9205970,75.8219528,2016-10-26T07:55:04Z
26.9206123,75.8219757,2016-10-26T07:55:09Z
26.9206504,75.8219985,2016-10-26T07:55:14Z
26.9207077,75.8218612,2016-10-26T07:55:19Z
26.9207420,75.8218002,2016-10-26T07:55:24Z
26.9207992,75.8218536,2016-10-26T07:55:29Z
26.9208183,75.8218536,2016-10-26T07:55:34Z
26.9208202,75.8218536,2016-10-26T07:55:39Z
26.9208183,75.8218536,2016-10-26T07:55:44Z
26.9208221,75.8218612,2016-10-26T07:55:49Z
26.9208240,75.8218765,2016-10-26T07:55:54Z
26.9208240,75.8218994,2016-10-26T07:55:59Z
26.9207935,75.8219375,2016-10-26T07:56:04Z
26.9207916,75.8219375,2016-10-26T07:56:09Z
26.9207973,75.8219375,2016-10-26T07:56:14Z
26.9208049,75.8219451,2016-10-26T07:56:19Z
26.9208087,75.8219451,2016-10-26T07:56:24Z
26.9208087,75.8219451,2016-10-26T07:56:29Z
26.9208049,75.8219451,2016-10-26T07:56:34Z
26.9208030,75.8219451,2016-10-26T07:56:39Z
26.9208068,75.8219451,2016-10-26T07:56:44Z
26.9208087,75.8219451,2016-10-26T07:56:49Z
26.9208106,75.8219451,2016-10-26T07:56:54Z
26.9208164,75.8219528,2016-10-26T07:56:59Z
26.9208145,75.8219528,2016-10-26T07:57:04Z
26.9208087,75.8219451,2016-10-26T07:57:09Z
26.9208049,75.8219528,2016-10-26T07:57:14Z
26.9208011,75.8219451,2016-10-26T07:57:19Z
26.9208030,75.8219528,2016-10-26T07:57:24Z
26.9208068,75.8219528,2016-10-26T07:57:29Z
26.9208049,75.8219528,2016-10-26T07:57:34Z
26.9208068,75.8219528,2016-10-26T07:57:39Z
26.9208068,75.8219528,2016-10-26T07:57:44Z
26.9208030,75.8219528,2016-10-26T07:57:49Z
26.9207992,75.8219528,2016-10-26T07:57:54Z
26.9207973,75.8219528,2016-10-26T07:57:59Z
26.9207954,75.8219528,2016-10-26T07:58:04Z
26.9208030,75.8219528,2016-10-26T07:58:09Z
26.9208068,75.8219528,2016-10-26T07:58:14Z
26.9208049,75.8219528,2016-10-26T07:58:19Z
26.9208030,75.8219528,2016-10-26T07:58:24Z
26.9207115,75.8219680,2016-10-26T07:58:29Z
26.9207115,75.8219528,2016-10-26T07:58:34Z
26.9207153,75.8219528,2016-10-26T07:58:39Z
26.9207210,75.8219528,2016-10-26T07:58:44Z
26.9207248,75.8219528,2016-10-26T07:58:49Z
26.9207305,75.8219528,2016-10-26T07:58:54Z
26.9207305,75.8219528,2016-10-26T07:58:59Z
26.9207229,75.8219528,2016-10-26T07:59:04Z
26.9207210,75.8219528,2016-10-26T07:59:09Z
26.9207172,75.8219528,2016-10-26T07:59:14Z
26.9207172,75.8219528,2016-10-26T07:59:19Z
26.9207172,75.8219528,2016-10-26T07:59:24Z
26.9207172,75.8219528,2016-10-26T07:59:29Z
26.9207172,75.8219528,2016-10-26T07:59:34Z
26.9207191,75.8219528,2016-10-26T07:59:39Z
26.9207210,75.8219528,2016-10-26T07:59:44Z
26.9207572,75.8219375,2016-10-26T07:59:49Z
26.9207992,75.8219223,2016-10-26T07:59:54Z
26.9208526,75.8219299,2016-10-26T07:59:59Z
26.9209423,75.8219528,2016-10-26T08:00:04Z
26.9209899,75.8219451,2016-10-26T08:00:09Z
26.9210700,75.8219375,2016-10-26T08:00:14Z
26.9211101,75.8219223,2016-10-26T08:00:19Z
26.9211406,75.8219451,2016-10-26T08:00:24Z
26.9211711,75.8219528,2016-10-26T08:00:29Z
26.9212169,75.8219680,2016-10-26T08:00:34Z
26.9212741,75.8219833,2016-10-26T08:00:39Z
26.9213161,75.8219833,2016-10-26T08:00:44Z
26.9213504,75.8219909,2016-10-26T08:00:49Z
26.9213752,75.8220062,2016-10-26T08:00:54Z
26.9214134,75.8220138,2016-10-26T08:00:59Z
26.9214363,75.8220214,2016-10-26T08:01:04Z
26.9215030,75.8220214,2016-10-26T08:01:09Z
26.9215354,75.8219909,2016-10-26T08:01:14Z
26.9215755,75.8219985,2016-10-26T08:01:19Z
26.9216232,75.8220062,2016-10-26T08:01:24Z
26.9216747,75.8220214,2016-10-26T08:01:29Z
26.9217472,75.8220672,2016-10-26T08:01:34Z
26.9217910,75.8221054,2016-10-26T08:01:39Z
26.9218368,75.8221359,2016-10-26T08:01:44Z
26.9218692,75.8221359,2016-10-26T08:01:49Z
26.9218959,75.8221511,2016-10-26T08:01:54Z
26.9219398,75.8221435,2016-10-26T08:01:59Z
26.9219799,75.8221511,2016-10-26T08:02:04Z
26.9220199,75.8221588,2016-10-26T08:02:09Z
26.9220752,75.8221740,2016-10-26T08:02:14Z
26.9221267,75.8221817,2016-10-26T08:02:19Z
26.9221477,75.8221893,2016-10-26T08:02:24Z
26.9221782,75.8222122,2016-10-26T08:02:29Z
26.9221878,75.8222122,2016-10-26T08:02:34Z
26.9222106,75.8222732,2016-10-26T08:02:39Z
26.9221954,75.8223190,2016-10-26T08:02:44Z
26.9221839,75.8223190,2016-10-26T08:02:49Z
26.9221839,75.8223114,2016-10-26T08:02:54Z
26.9221801,75.8223037,2016-10-26T08:02:59Z
26.9221801,75.8222885,2016-10-26T08:03:04Z
26.9221782,75.8222808,2016-10-26T08:03:09Z
26.9221839,75.8222885,2016-10-26T08:03:14Z
26.9221954,75.8223190,2016-10-26T08:03:19Z
26.9222106,75.8223266,2016-10-26T08:03:24Z
26.9222126,75.8223342,2016-10-26T08:03:29Z
26.9222183,75.8223342,2016-10-26T08:03:34Z
26.9222240,75.8223495,2016-10-26T08:03:39Z
26.9222393,75.8223571,2016-10-26T08:03:44Z
26.9222679,75.8223648,2016-10-26T08:03:49Z
26.9222755,75.8223419,2016-10-26T08:03:54Z
26.9222984,75.8223419,2016-10-26T08:03:59Z
26.9223346,75.8223571,2016-10-26T08:04:04Z
26.9223461,75.8223648,2016-10-26T08:04:09Z
26.9223651,75.8223571,2016-10-26T08:04:14Z
26.9223785,75.8223648,2016-10-26T08:04:19Z
26.9223842,75.8223648,2016-10-26T08:04:24Z
26.9223842,75.8223648,2016-10-26T08:04:29Z
26.9223785,75.8223648,2016-10-26T08:04:34Z
26.9223747,75.8223648,2016-10-26T08:04:39Z
26.9223842,75.8223342,2016-10-26T08:04:44Z
26.9224395,75.8223876,2016-10-26T08:04:49Z
26.9224739,75.8224182,2016-10-26T08:04:54Z
26.9224929,75.8224105,2016-10-26T08:04:59Z
26.9224910,75.8224182,2016-10-26T08:05:04Z
26.9224929,75.8224182,2016-10-26T08:05:09Z
26.9225101,75.8224334,2016-10-26T08:05:14Z
26.9225273,75.8224487,2016-10-26T08:05:19Z
26.9225425,75.8224563,2016-10-26T08:05:24Z
26.9225521,75.8224639,2016-10-26T08:05:29Z
26.9225616,75.8224716,2016-10-26T08:05:34Z
26.9225692,75.8224716,2016-10-26T08:05:39Z
26.9225730,75.8224792,2016-10-26T08:05:44Z
26.9225769,75.8224792,2016-10-26T08:05:49Z
26.9225769,75.8224792,2016-10-26T08:05:54Z
26.9225769,75.8224792,2016-10-26T08:05:59Z
26.9225711,75.8224792,2016-10-26T08:06:04Z
26.9225597,75.8224792,2016-10-26T08:06:09Z
26.9225482,75.8224792,2016-10-26T08:06:14Z
26.9225368,75.8224792,2016-10-26T08:06:19Z
26.9225311,75.8224792,2016-10-26T08:06:24Z
26.9225292,75.8224868,2016-10-26T08:06:29Z
26.9225330,75.8224868,2016-10-26T08:06:34Z
26.9225406,75.8224792,2016-10-26T08:06:39Z
26.9225692,75.8224792,2016-10-26T08:06:44Z
26.9225578,75.8224639,2016-10-26T08:06:49Z
26.9225616,75.8224563,2016-10-26T08:06:54Z
26.9225654,75.8224563,2016-10-26T08:06:59Z
26.9225673,75.8224563,2016-10-26T08:07:04Z
26.9225635,75.8224563,2016-10-26T08:07:09Z
26.9225597,75.8224563,2016-10-26T08:07:14Z
26.9225502,75.8224563,2016-10-26T08:07:19Z
26.9225444,75.8224563,2016-10-26T08:07:24Z
26.9225444,75.8224563,2016-10-26T08:07:29Z
26.9225425,75.8224639,2016-10-26T08:07:34Z
26.9225444,75.8224639,2016-10-26T08:07:39Z
26.9225444,75.8224639,2016-10-26T08:07:44Z
26.9225444,75.8224639,2016-10-26T08:07:49Z
26.9225444,75.8224639,2016-10-26T08:07:54Z
26.9225444,75.8224639,2016-10-26T08:07:59Z
26.9225463,75.8224639,2016-10-26T08:08:04Z
26.9225463,75.8224639,2016-10-26T08:08:09Z
26.9225482,75.8224639,2016-10-26T08:08:14Z
26.9225482,75.8224639,2016-10-26T08:08:19Z
26.9225482,75.8224639,2016-10-26T08:08:24Z
26.9225463,75.8224639,2016-10-26T08:08:29Z
26.9225463,75.8224639,2016-10-26T08:08:34Z
26.9225482,75.8224639,2016-10-26T08:08:39Z
26.9225482,75.8224639,2016-10-26T08:08:44Z
26.9225482,75.8224639,2016-10-26T08:08:49Z
26.9225482,75.8224716,2016-10-26T08:08:54Z
26.9225463,75.8224716,2016-10-26T08:08:59Z
26.9225463,75.8224716,2016-10-26T08:09:04Z
26.9225463,75.8224716,2016-10-26T08:09:09Z
26.9225463,75.8224716,2016-10-26T08:09:14Z
26.9225463,75.8224716,2016-10-26T08:09:19Z
26.9225463,75.8224716,2016-10-26T08:09:24Z
26.9225463,75.8224716,2016-10-26T08:09:29Z
26.9225482,75.8224716,2016-10-26T08:09:34Z
26.9225482,75.8224716,2016-10-26T08:09:39Z
26.9225482,75.8224716,2016-10-26T08:09:44Z
26.9225502,75.8224716,2016-10-26T08:09:49Z
26.9225502,75.8224716,2016-10-26T08:09:54Z
26.9225502,75.8224792,2016-10-26T08:09:59Z
26.9225502,75.8224792,2016-10-26T08:10:04Z
26.9225502,75.8224792,2016-10-26T08:10:09Z
26.9225502,75.8224792,2016-10-26T08:10:14Z
26.9225502,75.8224792,2016-10-26T08:10:19Z
26.9225502,75.8224792,2016-10-26T08:10:24Z
26.9225502,75.8224792,2016-10-26T08:10:29Z
26.9225521,75.8224792,2016-10-26T08:10:34Z
26.9225521,75.8224716,2016-10-26T08:10:39Z
26.9225521,75.8224716,2016-10-26T08:10:44Z
26.9225540,75.8224792,2016-10-26T08:10:49Z
26.9225540,75.8224792,2016-10-26T08:10:54Z
26.9225540,75.8224716,2016-10-26T08:10:59Z
26.9225559,75.8224716,2016-10-26T08:11:04Z
26.9225597,75.8224716,2016-10-26T08:11:09Z
26.9225635,75.8224716,2016-10-26T08:11:14Z
26.9225692,75.8224716,2016-10-26T08:11:19Z
26.9226036,75.8224716,2016-10-26T08:11:24Z
26.9226760,75.8224487,2016-10-26T08:11:29Z
26.9227046,75.8224411,2016-10-26T08:11:34Z
26.9227275,75.8224411,2016-10-26T08:11:39Z
26.9227352,75.8224487,2016-10-26T08:11:44Z
26.9227390,75.8224487,2016-10-26T08:11:49Z
26.9227447,75.8224563,2016-10-26T08:11:54Z
26.9227542,75.8224563,2016-10-26T08:11:59Z
26.9227695,75.8224792,2016-10-26T08:12:04Z
26.9227771,75.8224792,2016-10-26T08:12:09Z
26.9227809,75.8224868,2016-10-26T08:12:14Z
26.9227828,75.8224868,2016-10-26T08:12:19Z
26.9227828,75.8224792,2016-10-26T08:12:24Z
26.9227771,75.8224716,2016-10-26T08:12:29Z
26.9227676,75.8224716,2016-10-26T08:12:34Z
26.9227123,75.8224945,2016-10-26T08:12:39Z
26.9226894,75.8224945,2016-10-26T08:12:44Z
26.9226818,75.8224868,2016-10-26T08:12:49Z
26.9226799,75.8224868,2016-10-26T08:12:54Z
26.9226799,75.8224792,2016-10-26T08:12:59Z
26.9226818,75.8224716,2016-10-26T08:13:04Z
26.9226818,75.8224639,2016-10-26T08:13:09Z
26.9226875,75.8224639,2016-10-26T08:13:14Z
26.9226894,75.8224563,2016-10-26T08:13:19Z
26.9226894,75.8224487,2016-10-26T08:13:24Z
26.9226894,75.8224029,2016-10-26T08:13:29Z
26.9226970,75.8223648,2016-10-26T08:13:34Z
26.9227046,75.8223571,2016-10-26T08:13:39Z
26.9227199,75.8223495,2016-10-26T08:13:44Z
26.9227275,75.8223495,2016-10-26T08:13:49Z
26.9227352,75.8223495,2016-10-26T08:13:54Z
26.9227390,75.8223495,2016-10-26T08:13:59Z
26.9227428,75.8223571,2016-10-26T08:14:04Z
26.9227428,75.8223724,2016-10-26T08:14:09Z
26.9227447,75.8223800,2016-10-26T08:14:14Z
26.9227333,75.8223953,2016-10-26T08:14:19Z
26.9227294,75.8223953,2016-10-26T08:14:24Z
26.9227275,75.8224029,2016-10-26T08:14:29Z
26.9227256,75.8224029,2016-10-26T08:14:34Z
26.9227237,75.8224105,2016-10-26T08:14:39Z
26.9227237,75.8224182,2016-10-26T08:14:44Z
26.9227218,75.8224182,2016-10-26T08:14:49Z
26.9227237,75.8224258,2016-10-26T08:14:54Z
26.9227218,75.8224411,2016-10-26T08:14:59Z
26.9227180,75.8224487,2016-10-26T08:15:04Z
26.9227142,75.8224563,2016-10-26T08:15:09Z
26.9227104,75.8224487,2016-10-26T08:15:14Z
26.9227104,75.8224411,2016-10-26T08:15:19Z
26.9227046,75.8224334,2016-10-26T08:15:24Z
26.9227066,75.8224334,2016-10-26T08:15:29Z
26.9227123,75.8224258,2016-10-26T08:15:34Z
26.9227161,75.8224182,2016-10-26T08:15:39Z
26.9227218,75.8224105,2016-10-26T08:15:44Z
26.9227294,75.8224029,2016-10-26T08:15:49Z
26.9227256,75.8223953,2016-10-26T08:15:54Z
26.9227123,75.8223800,2016-10-26T08:15:59Z
26.9227256,75.8223495,2016-10-26T08:16:04Z
26.9227161,75.8223648,2016-10-26T08:16:09Z
26.9227142,75.8223648,2016-10-26T08:16:14Z
26.9227161,75.8223648,2016-10-26T08:16:19Z
26.9227161,75.8223724,2016-10-26T08:16:24Z
26.9227142,75.8224029,2016-10-26T08:16:29Z
26.9227008,75.8224411,2016-10-26T08:16:34Z
26.9226837,75.8224563,2016-10-26T08:16:39Z
26.9226779,75.8224563,2016-10-26T08:16:44Z
26.9226760,75.8224639,2016-10-26T08:16:49Z
26.9226684,75.8224563,2016-10-26T08:16:54Z
26.9226608,75.8224563,2016-10-26T08:16:59Z
26.9226551,75.8224563,2016-10-26T08:17:04Z
26.9226512,75.8224563,2016-10-26T08:17:09Z
26.9226455,75.8224563,2016-10-26T08:17:14Z
26.9226398,75.8224563,2016-10-26T08:17:19Z
26.9226360,75.8224563,2016-10-26T08:17:24Z
26.9226398,75.8224563,2016-10-26T08:17:29Z
26.9226474,75.8224487,2016-10-26T08:17:34Z
26.9226512,75.8224411,2016-10-26T08:17:39Z
26.9226551,75.8224334,2016-10-26T08:17:44Z
26.9226570,75.8224258,2016-10-26T08:17:49Z
26.9226551,75.8224182,2016-10-26T08:17:54Z
26.9226551,75.8224105,2016-10-26T08:17:59Z
26.9226608,75.8224105,2016-10-26T08:18:04Z
26.9226646,75.8224105,2016-10-26T08:18:09Z
26.9226684,75.8224105,2016-10-26T08:18:14Z
26.9226703,75.8224105,2016-10-26T08:18:19Z
26.9226703,75.8224105,2016-10-26T08:18:24Z
26.9226703,75.8224105,2016-10-26T08:18:29Z
26.9226703,75.8224105,2016-10-26T08:18:34Z
26.9226703,75.8224105,2016-10-26T08:18:39Z
26.9226703,75.8224105,2016-10-26T08:18:44Z
26.9226703,75.8224105,2016-10-26T08:18:49Z
26.9226703,75.8224105,2016-10-26T08:18:54Z
26.9226684,75.8224105,2016-10-26T08:18:59Z
26.9226684,75.8224105,2016-10-26T08:19:04Z
26.9226684,75.8224105,2016-10-26T08:19:09Z
26.9226665,75.8224182,2016-10-26T08:19:14Z
26.9226665,75.8224182,2016-10-26T08:19:19Z
26.9226665,75.8224182,2016-10-26T08:19:24Z
26.9226665,75.8224182,2016-10-26T08:19:29Z
26.9226665,75.8224182,2016-10-26T08:19:34Z
26.9226684,75.8224105,2016-10-26T08:19:39Z
26.9226684,75.8224182,2016-10-26T08:19:44Z
26.9226684,75.8224182,2016-10-26T08:19:49Z
26.9226684,75.8224182,2016-10-26T08:19:54Z
26.9226684,75.8224182,2016-10-26T08:19:59Z
26.9226703,75.8224182,2016-10-26T08:20:04Z
26.9226703,75.8224182,2016-10-26T08:20:09Z
26.9226703,75.8224182,2016-10-26T08:20:14Z
26.9226703,75.8224182,2016-10-26T08:20:19Z
26.9226703,75.8224182,2016-10-26T08:20:24Z
26.9226722,75.8224182,2016-10-26T08:20:29Z
26.9226722,75.8224182,2016-10-26T08:20:34Z
26.9226722,75.8224182,2016-10-26T08:20:39Z
26.9226741,75.8224182,2016-10-26T08:20:44Z
26.9226741,75.8224258,2016-10-26T08:20:49Z
26.9226741,75.8224258,2016-10-26T08:20:54Z
26.9226760,75.8224258,2016-10-26T08:20:59Z
26.9226760,75.8224258,2016-10-26T08:21:04Z
26.9226760,75.8224258,2016-10-26T08:21:09Z
26.9226760,75.8224258,2016-10-26T08:21:14Z
26.9226799,75.8224334,2016-10-26T08:21:19Z
26.9227046,75.8224411,2016-10-26T08:21:24Z
26.9227485,75.8224487,2016-10-26T08:21:29Z
26.9227848,75.8224334,2016-10-26T08:21:34Z
26.9228019,75.8224258,2016-10-26T08:21:39Z
26.9228134,75.8224334,2016-10-26T08:21:44Z
26.9228057,75.8224411,2016-10-26T08:21:49Z
26.9228019,75.8224411,2016-10-26T08:21:54Z
26.9227981,75.8224411,2016-10-26T08:21:59Z
26.9227886,75.8224334,2016-10-26T08:22:04Z
26.9227924,75.8224258,2016-10-26T08:22:09Z
26.9227886,75.8224258,2016-10-26T08:22:14Z
26.9227657,75.8224411,2016-10-26T08:22:19Z
26.9227581,75.8224411,2016-10-26T08:22:24Z
26.9227409,75.8224334,2016-10-26T08:22:29Z
26.9227161,75.8224258,2016-10-26T08:22:34Z
26.9226360,75.8224411,2016-10-26T08:22:39Z
26.9225635,75.8224487,2016-10-26T08:22:44Z
26.9225234,75.8224258,2016-10-26T08:22:49Z
26.9224834,75.8224182,2016-10-26T08:22:54Z
26.9224548,75.8224182,2016-10-26T08:22:59Z
26.9224243,75.8224029,2016-10-26T08:23:04Z
26.9223823,75.8223648,2016-10-26T08:23:09Z
26.9223480,75.8223419,2016-10-26T08:23:14Z
26.9222984,75.8223495,2016-10-26T08:23:19Z
26.9222984,75.8223419,2016-10-26T08:23:24Z
26.9222946,75.8223419,2016-10-26T08:23:29Z
26.9222946,75.8223342,2016-10-26T08:23:34Z
26.9222869,75.8223342,2016-10-26T08:23:39Z
26.9222946,75.8223342,2016-10-26T08:23:44Z
26.9223079,75.8223419,2016-10-26T08:23:49Z
26.9228191,75.8230743,2016-10-26T08:59:18Z
26.9227123,75.8231735,2016-10-26T08:59:23Z
26.9226760,75.8231353,2016-10-26T08:59:28Z
26.9226741,75.8230438,2016-10-26T08:59:33Z
26.9226646,75.8229141,2016-10-26T08:59:38Z
26.9226741,75.8229446,2016-10-26T08:59:43Z
26.9226512,75.8229599,2016-10-26T08:59:48Z
26.9226303,75.8229599,2016-10-26T08:59:53Z
26.9226245,75.8229522,2016-10-26T08:59:58Z
26.9226417,75.8229675,2016-10-26T09:00:03Z
26.9226703,75.8230209,2016-10-26T09:00:08Z
26.9226951,75.8230667,2016-10-26T09:00:13Z
26.9226989,75.8230743,2016-10-26T09:00:18Z
26.9227027,75.8230743,2016-10-26T09:00:23Z
26.9226989,75.8230743,2016-10-26T09:00:28Z
26.9226970,75.8230819,2016-10-26T09:00:33Z
26.9226875,75.8231124,2016-10-26T09:00:38Z
26.9226875,75.8231124,2016-10-26T09:00:43Z
26.9226875,75.8231124,2016-10-26T09:00:48Z
26.9226856,75.8231124,2016-10-26T09:00:53Z
26.9227066,75.8231201,2016-10-26T09:00:58Z
26.9226913,75.8230819,2016-10-26T09:01:03Z
26.9226894,75.8230743,2016-10-26T09:01:08Z
26.9227123,75.8230896,2016-10-26T09:01:13Z
26.9227638,75.8231048,2016-10-26T09:01:18Z
26.9227733,75.8231201,2016-10-26T09:01:23Z
26.9227752,75.8231124,2016-10-26T09:01:28Z
26.9227771,75.8231124,2016-10-26T09:01:33Z
26.9227790,75.8230972,2016-10-26T09:01:38Z
26.9227790,75.8230972,2016-10-26T09:01:43Z
26.9227848,75.8230056,2016-10-26T09:01:48Z
26.9227886,75.8230133,2016-10-26T09:01:53Z
26.9227981,75.8230133,2016-10-26T09:01:58Z
26.9227905,75.8230133,2016-10-26T09:02:03Z
26.9227886,75.8230133,2016-10-26T09:02:08Z
26.9223976,75.8224639,2016-10-26T09:02:13Z
26.9225158,75.8223953,2016-10-26T09:02:18Z
26.9227714,75.8222961,2016-10-26T09:02:23Z
26.9229698,75.8223114,2016-10-26T09:02:28Z
26.9231052,75.8222885,2016-10-26T09:02:33Z
26.9232769,75.8222732,2016-10-26T09:02:38Z
26.9234294,75.8223037,2016-10-26T09:02:43Z
26.9235572,75.8223571,2016-10-26T09:02:48Z
26.9236946,75.8224029,2016-10-26T09:02:53Z
26.9237937,75.8225936,2016-10-26T09:02:58Z
26.9238395,75.8229599,2016-10-26T09:03:03Z
26.9237918,75.8232192,2016-10-26T09:03:08Z
26.9237518,75.8234710,2016-10-26T09:03:13Z
26.9237022,75.8237380,2016-10-26T09:03:18Z
26.9236316,75.8240280,2016-10-26T09:03:23Z
26.9235668,75.8242874,2016-10-26T09:03:28Z
26.9235191,75.8245620,2016-10-26T09:03:33Z
26.9234771,75.8247680,2016-10-26T09:03:38Z
26.9234504,75.8248291,2016-10-26T09:03:43Z
26.9234104,75.8249740,2016-10-26T09:03:48Z
26.9233856,75.8252029,2016-10-26T09:03:53Z
26.9233322,75.8254470,2016-10-26T09:03:58Z
26.9232692,75.8256988,2016-10-26T09:04:03Z
26.9232158,75.8259124,2016-10-26T09:04:08Z
26.9232082,75.8260116,2016-10-26T09:04:13Z
26.9232196,75.8260345,2016-10-26T09:04:18Z
26.9232177,75.8260421,2016-10-26T09:04:23Z
26.9232196,75.8260269,2016-10-26T09:04:28Z
26.9232196,75.8260345,2016-10-26T09:04:33Z
26.9232177,75.8260345,2016-10-26T09:04:38Z
26.9232196,75.8260345,2016-10-26T09:04:43Z
26.9232196,75.8260421,2016-10-26T09:04:48Z
26.9232196,75.8260345,2016-10-26T09:04:53Z
26.9232215,75.8260269,2016-10-26T09:04:58Z
26.9232273,75.8260116,2016-10-26T09:05:03Z
26.9232501,75.8259963,2016-10-26T09:05:08Z
26.9233226,75.8260116,2016-10-26T09:05:13Z
26.9234828,75.8260345,2016-10-26T09:05:18Z
26.9235267,75.8260726,2016-10-26T09:05:23Z
26.9235706,75.8261108,2016-10-26T09:05:28Z
26.9236164,75.8261566,2016-10-26T09:05:33Z
26.9236602,75.8261642,2016-10-26T09:05:38Z
26.9236965,75.8261795,2016-10-26T09:05:43Z
26.9237213,75.8261871,2016-10-26T09:05:48Z
26.9237537,75.8261947,2016-10-26T09:05:53Z
26.9237880,75.8261871,2016-10-26T09:05:58Z
26.9238529,75.8262176,2016-10-26T09:06:03Z
26.9238910,75.8262481,2016-10-26T09:06:08Z
26.9239540,75.8262329,2016-10-26T09:06:13Z
26.9239730,75.8262786,2016-10-26T09:06:18Z
26.9240016,75.8262863,2016-10-26T09:06:23Z
26.9240303,75.8262786,2016-10-26T09:06:28Z
26.9240455,75.8262557,2016-10-26T09:06:33Z
26.9240550,75.8262634,2016-10-26T09:06:38Z
26.9240570,75.8262634,2016-10-26T09:06:43Z
26.9240570,75.8262634,2016-10-26T09:06:48Z
26.9240684,75.8262710,2016-10-26T09:06:53Z
26.9240818,75.8262710,2016-10-26T09:06:58Z
26.9240818,75.8262710,2016-10-26T09:07:03Z
26.9240818,75.8262786,2016-10-26T09:07:08Z
26.9240818,75.8262786,2016-10-26T09:07:13Z
26.9240856,75.8262863,2016-10-26T09:07:18Z
26.9241046,75.8263320,2016-10-26T09:07:23Z
26.9240798,75.8263015,2016-10-26T09:07:28Z
26.9240798,75.8263015,2016-10-26T09:07:33Z
26.9240818,75.8262939,2016-10-26T09:07:38Z
26.9240818,75.8262939,2016-10-26T09:07:43Z
26.9240894,75.8263397,2016-10-26T09:07:48Z
26.9241008,75.8263397,2016-10-26T09:07:53Z
26.9241027,75.8263397,2016-10-26T09:07:58Z
26.9241085,75.8263320,2016-10-26T09:08:03Z
26.9240837,75.8263473,2016-10-26T09:08:08Z
26.9240818,75.8263549,2016-10-26T09:08:13Z
26.9240646,75.8263549,2016-10-26T09:08:18Z
26.9240684,75.8263168,2016-10-26T09:08:23Z
26.9240589,75.8263244,2016-10-26T09:08:28Z
26.9240589,75.8263168,2016-10-26T09:08:33Z
26.9240589,75.8263244,2016-10-26T09:08:38Z
26.9240589,75.8263244,2016-10-26T09:08:43Z
26.9240589,75.8263244,2016-10-26T09:08:48Z
26.9240589,75.8263092,2016-10-26T09:08:53Z
26.9240036,75.8262863,2016-10-26T09:08:58Z
26.9239883,75.8262786,2016-10-26T09:09:03Z
26.9240169,75.8263320,2016-10-26T09:09:08Z
26.9239768,75.8263549,2016-10-26T09:09:13Z
26.9239826,75.8263473,2016-10-26T09:09:18Z
26.9239845,75.8263473,2016-10-26T09:09:23Z
26.9239864,75.8263473,2016-10-26T09:09:28Z
26.9239864,75.8263473,2016-10-26T09:09:33Z
26.9239883,75.8263473,2016-10-26T09:09:38Z
26.9239883,75.8263473,2016-10-26T09:09:43Z
26.9239845,75.8263702,2016-10-26T09:09:48Z
26.9239521,75.8263931,2016-10-26T09:09:53Z
26.9238929,75.8264312,2016-10-26T09:09:58Z
26.9238948,75.8264617,2016-10-26T09:10:03Z
26.9239177,75.8264999,2016-10-26T09:10:08Z
26.9239196,75.8265151,2016-10-26T09:10:13Z
26.9239158,75.8265380,2016-10-26T09:10:18Z
26.9239044,75.8265380,2016-10-26T09:10:23Z
26.9239006,75.8265457,2016-10-26T09:10:28Z
26.9238910,75.8265762,2016-10-26T09:10:33Z
26.9238739,75.8265991,2016-10-26T09:10:38Z
26.9238719,75.8266143,2016-10-26T09:10:43Z
26.9238777,75.8266220,2016-10-26T09:10:48Z
26.9238834,75.8266372,2016-10-26T09:10:53Z
26.9239044,75.8266067,2016-10-26T09:10:58Z
26.9239044,75.8266067,2016-10-26T09:11:03Z
26.9239044,75.8266067,2016-10-26T09:11:08Z
26.9239044,75.8266067,2016-10-26T09:11:13Z
26.9239158,75.8265762,2016-10-26T09:11:18Z
26.9239177,75.8265762,2016-10-26T09:11:23Z
26.9239177,75.8265686,2016-10-26T09:11:28Z
26.9239177,75.8265533,2016-10-26T09:11:33Z
26.9239387,75.8265228,2016-10-26T09:11:38Z
26.9239139,75.8264770,2016-10-26T09:11:43Z
26.9239234,75.8264846,2016-10-26T09:11:48Z
26.9239654,75.8265228,2016-10-26T09:11:53Z
26.9239788,75.8265380,2016-10-26T09:11:58Z
26.9238967,75.8265457,2016-10-26T09:12:03Z
26.9238872,75.8265533,2016-10-26T09:12:08Z
26.9238815,75.8265533,2016-10-26T09:12:13Z
26.9238796,75.8265609,2016-10-26T09:12:18Z
26.9238758,75.8265838,2016-10-26T09:12:23Z
26.9238529,75.8266372,2016-10-26T09:12:28Z
26.9238471,75.8266601,2016-10-26T09:12:33Z
26.9238224,75.8266754,2016-10-26T09:12:38Z
26.9238166,75.8266830,2016-10-26T09:12:43Z
26.9238166,75.8267059,2016-10-26T09:12:48Z
26.9238338,75.8266983,2016-10-26T09:12:53Z
26.9238338,75.8267059,2016-10-26T09:12:58Z
26.9238338,75.8267135,2016-10-26T09:13:03Z
26.9238338,75.8267211,2016-10-26T09:13:08Z
26.9238357,75.8267822,2016-10-26T09:13:13Z
26.9238224,75.8268585,2016-10-26T09:13:18Z
26.9238128,75.8269042,2016-10-26T09:13:23Z
26.9238052,75.8269348,2016-10-26T09:13:28Z
26.9238071,75.8269424,2016-10-26T09:13:33Z
26.9238185,75.8269271,2016-10-26T09:13:38Z
26.9238262,75.8269424,2016-10-26T09:13:43Z
26.9238243,75.8269424,2016-10-26T09:13:48Z
26.9238243,75.8269577,2016-10-26T09:13:53Z
26.9238243,75.8269577,2016-10-26T09:13:58Z
26.9238281,75.8269500,2016-10-26T09:14:03Z
26.9238338,75.8269271,2016-10-26T09:14:08Z
26.9238510,75.8268280,2016-10-26T09:14:13Z
26.9238491,75.8267593,2016-10-26T09:14:18Z
26.9238471,75.8267440,2016-10-26T09:14:23Z
26.9238433,75.8267745,2016-10-26T09:14:28Z
26.9238414,75.8267822,2016-10-26T09:14:33Z
26.9238395,75.8267898,2016-10-26T09:14:38Z
26.9238414,75.8267822,2016-10-26T09:14:43Z
26.9238414,75.8267822,2016-10-26T09:14:48Z
26.9238319,75.8267669,2016-10-26T09:14:53Z
26.9238491,75.8267822,2016-10-26T09:14:58Z
26.9238471,75.8267974,2016-10-26T09:15:03Z
26.9238452,75.8268051,2016-10-26T09:15:08Z
26.9238395,75.8268280,2016-10-26T09:15:13Z
26.9238491,75.8268661,2016-10-26T09:15:18Z
26.9240036,75.8267974,2016-10-26T09:15:23Z
26.9239864,75.8268127,2016-10-26T09:15:28Z
26.9239845,75.8269042,2016-10-26T09:15:33Z
26.9239902,75.8268814,2016-10-26T09:15:38Z
26.9239883,75.8268814,2016-10-26T09:15:43Z
26.9239864,75.8269271,2016-10-26T09:15:48Z
26.9239921,75.8269500,2016-10-26T09:15:53Z
26.9240016,75.8269577,2016-10-26T09:15:58Z
26.9240131,75.8269500,2016-10-26T09:16:03Z
26.9240150,75.8269424,2016-10-26T09:16:08Z
26.9240150,75.8269424,2016-10-26T09:16:13Z
26.9240150,75.8269500,2016-10-26T09:16:18Z
26.9240169,75.8269424,2016-10-26T09:16:23Z
26.9240169,75.8269424,2016-10-26T09:16:28Z
26.9240169,75.8269348,2016-10-26T09:16:33Z
26.9240169,75.8269271,2016-10-26T09:16:38Z
26.9240169,75.8269271,2016-10-26T09:16:43Z
26.9240150,75.8269271,2016-10-26T09:16:48Z
26.9240169,75.8269195,2016-10-26T09:16:53Z
26.9240169,75.8269195,2016-10-26T09:16:58Z
26.9240150,75.8269119,2016-10-26T09:17:03Z
26.9240131,75.8269271,2016-10-26T09:17:08Z
26.9240093,75.8269271,2016-10-26T09:17:13Z
26.9240074,75.8269424,2016-10-26T09:17:18Z
26.9240074,75.8269424,2016-10-26T09:17:23Z
26.9240055,75.8269424,2016-10-26T09:17:28Z
26.9240074,75.8269348,2016-10-26T09:17:33Z
26.9240055,75.8269271,2016-10-26T09:17:38Z
26.9239978,75.8269348,2016-10-26T09:17:43Z
26.9239921,75.8269424,2016-10-26T09:17:48Z
26.9239902,75.8269424,2016-10-26T09:17:53Z
26.9239883,75.8269500,2016-10-26T09:17:58Z
26.9239864,75.8269500,2016-10-26T09:18:03Z
26.9239673,75.8269424,2016-10-26T09:18:08Z
26.9239768,75.8269195,2016-10-26T09:18:13Z
26.9239635,75.8269271,2016-10-26T09:18:18Z
26.9239635,75.8269119,2016-10-26T09:18:23Z
26.9239521,75.8269042,2016-10-26T09:18:28Z
26.9239501,75.8268890,2016-10-26T09:18:33Z
26.9239063,75.8268508,2016-10-26T09:18:38Z
26.9238777,75.8268432,2016-10-26T09:18:43Z
26.9238834,75.8268203,2016-10-26T09:18:48Z
26.9238853,75.8268127,2016-10-26T09:18:53Z
26.9238853,75.8268051,2016-10-26T09:18:58Z
26.9238681,75.8267745,2016-10-26T09:19:03Z
26.9238986,75.8267669,2016-10-26T09:19:08Z
26.9239425,75.8267745,2016-10-26T09:19:13Z
26.9239921,75.8268585,2016-10-26T09:19:18Z
26.9240207,75.8268890,2016-10-26T09:19:23Z
26.9240360,75.8268585,2016-10-26T09:19:28Z
26.9240379,75.8268585,2016-10-26T09:19:33Z
26.9240379,75.8268508,2016-10-26T09:19:38Z
26.9240589,75.8268890,2016-10-26T09:19:43Z
26.9240550,75.8269119,2016-10-26T09:19:48Z
26.9240665,75.8268661,2016-10-26T09:19:53Z
26.9239940,75.8268737,2016-10-26T09:19:58Z
26.9239959,75.8268737,2016-10-26T09:20:03Z
26.9239959,75.8268737,2016-10-26T09:20:08Z
26.9239959,75.8268814,2016-10-26T09:20:13Z
26.9239959,75.8268737,2016-10-26T09:20:18Z
26.9239978,75.8268661,2016-10-26T09:20:23Z
26.9239978,75.8268585,2016-10-26T09:20:28Z
26.9239940,75.8268585,2016-10-26T09:20:33Z
26.9239921,75.8268508,2016-10-26T09:20:38Z
26.9239902,75.8268585,2016-10-26T09:20:43Z
26.9239444,75.8268508,2016-10-26T09:20:48Z
26.9239387,75.8268585,2016-10-26T09:20:53Z
26.9239234,75.8268814,2016-10-26T09:20:58Z
26.9238872,75.8269500,2016-10-26T09:21:03Z
26.9238815,75.8269424,2016-10-26T09:21:08Z
26.9238796,75.8269577,2016-10-26T09:21:13Z
26.9238796,75.8269500,2016-10-26T09:21:18Z
26.9238815,75.8269424,2016-10-26T09:21:23Z
26.9238815,75.8269424,2016-10-26T09:21:28Z
26.9238815,75.8269271,2016-10-26T09:21:33Z
26.9238681,75.8269042,2016-10-26T09:21:38Z
26.9238681,75.8269042,2016-10-26T09:21:43Z
26.9238681,75.8269042,2016-10-26T09:21:48Z
26.9238681,75.8269042,2016-10-26T09:21:53Z
26.9238681,75.8269042,2016-10-26T09:21:58Z
26.9238681,75.8269042,2016-10-26T09:22:03Z
26.9238681,75.8269042,2016-10-26T09:22:08Z
26.9238700,75.8269042,2016-10-26T09:22:13Z
26.9238681,75.8269119,2016-10-26T09:22:18Z
26.9238681,75.8269119,2016-10-26T09:22:23Z
26.9238681,75.8269119,2016-10-26T09:22:28Z
26.9238681,75.8269195,2016-10-26T09:22:33Z
26.9238433,75.8269729,2016-10-26T09:22:38Z
26.9238395,75.8269805,2016-10-26T09:22:43Z
26.9238777,75.8269577,2016-10-26T09:22:48Z
26.9238777,75.8269577,2016-10-26T09:22:53Z
26.9238777,75.8269577,2016-10-26T09:22:58Z
26.9238777,75.8269577,2016-10-26T09:23:03Z
26.9238777,75.8269653,2016-10-26T09:23:08Z
26.9238967,75.8269958,2016-10-26T09:23:13Z
26.9239387,75.8269958,2016-10-26T09:23:18Z
26.9240245,75.8268737,2016-10-26T09:23:23Z
26.9240360,75.8268661,2016-10-26T09:23:28Z
26.9240417,75.8268737,2016-10-26T09:23:33Z
26.9240550,75.8268661,2016-10-26T09:23:38Z
26.9240608,75.8268508,2016-10-26T09:23:43Z
26.9240608,75.8268508,2016-10-26T09:23:48Z
26.9240589,75.8268661,2016-10-26T09:23:53Z
26.9240436,75.8268890,2016-10-26T09:23:58Z
26.9240398,75.8268966,2016-10-26T09:24:03Z
26.9240398,75.8268966,2016-10-26T09:24:08Z
26.9240398,75.8268966,2016-10-26T09:24:13Z
26.9240379,75.8269042,2016-10-26T09:24:18Z
26.9240379,75.8269042,2016-10-26T09:24:23Z
26.9240360,75.8269119,2016-10-26T09:24:28Z
26.9240360,75.8269195,2016-10-26T09:24:33Z
26.9240360,75.8269195,2016-10-26T09:24:38Z
26.9240341,75.8269271,2016-10-26T09:24:43Z
26.9240341,75.8269348,2016-10-26T09:24:48Z
26.9240322,75.8269348,2016-10-26T09:24:53Z
26.9240207,75.8269805,2016-10-26T09:24:58Z
26.9240303,75.8269882,2016-10-26T09:25:03Z
26.9240322,75.8269805,2016-10-26T09:25:08Z
26.9240570,75.8269653,2016-10-26T09:25:13Z
26.9240646,75.8269577,2016-10-26T09:25:18Z
26.9240665,75.8269500,2016-10-26T09:25:23Z
26.9240684,75.8269348,2016-10-26T09:25:28Z
26.9240703,75.8269271,2016-10-26T09:25:33Z
26.9240703,75.8269271,2016-10-26T09:25:38Z
26.9240703,75.8269195,2016-10-26T09:25:43Z
26.9240703,75.8269119,2016-10-26T09:25:48Z
26.9240722,75.8269042,2016-10-26T09:25:53Z
26.9240722,75.8269042,2016-10-26T09:25:58Z
26.9240722,75.8268966,2016-10-26T09:26:03Z
26.9240722,75.8268966,2016-10-26T09:26:08Z
26.9240722,75.8268966,2016-10-26T09:26:13Z
26.9240741,75.8268814,2016-10-26T09:26:18Z
26.9240741,75.8268814,2016-10-26T09:26:23Z
26.9240684,75.8268661,2016-10-26T09:26:28Z
26.9240379,75.8268508,2016-10-26T09:26:33Z
26.9240570,75.8268508,2016-10-26T09:26:38Z
26.9240894,75.8268661,2016-10-26T09:26:43Z
26.9240875,75.8268890,2016-10-26T09:26:48Z
26.9241046,75.8269119,2016-10-26T09:26:53Z
26.9241180,75.8269195,2016-10-26T09:26:58Z
26.9240875,75.8269577,2016-10-26T09:27:03Z
26.9240760,75.8269653,2016-10-26T09:27:08Z
26.9240741,75.8269729,2016-10-26T09:27:13Z
26.9240684,75.8269805,2016-10-26T09:27:18Z
26.9240646,75.8269805,2016-10-26T09:27:23Z
26.9240646,75.8269805,2016-10-26T09:27:28Z
26.9240875,75.8269729,2016-10-26T09:27:33Z
26.9241199,75.8269653,2016-10-26T09:27:38Z
26.9241447,75.8269577,2016-10-26T09:27:43Z
26.9241714,75.8269577,2016-10-26T09:27:48Z
26.9241809,75.8269577,2016-10-26T09:27:53Z
26.9241924,75.8269729,2016-10-26T09:27:58Z
26.9242038,75.8269729,2016-10-26T09:28:03Z
26.9242153,75.8269729,2016-10-26T09:28:08Z
26.9242305,75.8269653,2016-10-26T09:28:13Z
26.9242153,75.8269577,2016-10-26T09:28:18Z
26.9242191,75.8269500,2016-10-26T09:28:23Z
26.9242172,75.8269500,2016-10-26T09:28:28Z
26.9242115,75.8269424,2016-10-26T09:28:33Z
26.9242057,75.8269348,2016-10-26T09:28:38Z
26.9241790,75.8269348,2016-10-26T09:28:43Z
26.9241333,75.8269348,2016-10-26T09:28:48Z
26.9241123,75.8269119,2016-10-26T09:28:53Z
26.9240875,75.8269195,2016-10-26T09:28:58Z
26.9240589,75.8269271,2016-10-26T09:29:03Z
26.9240379,75.8269348,2016-10-26T09:29:08Z
26.9240455,75.8269424,2016-10-26T09:29:13Z
26.9240417,75.8269424,2016-10-26T09:29:18Z
26.9240417,75.8269424,2016-10-26T09:29:23Z
26.9240417,75.8269424,2016-10-26T09:29:28Z
26.9240417,75.8269424,2016-10-26T09:29:33Z
26.9240436,75.8269424,2016-10-26T09:29:38Z
26.9240436,75.8269424,2016-10-26T09:29:43Z
26.9240436,75.8269424,2016-10-26T09:29:48Z
26.9240436,75.8269424,2016-10-26T09:29:53Z
26.9240436,75.8269424,2016-10-26T09:29:58Z
26.9240436,75.8269424,2016-10-26T09:30:03Z
26.9240436,75.8269424,2016-10-26T09:30:08Z
26.9240436,75.8269424,2016-10-26T09:30:13Z
26.9240455,75.8269424,2016-10-26T09:30:18Z
26.9240455,75.8269424,2016-10-26T09:30:23Z
26.9240455,75.8269424,2016-10-26T09:30:28Z
26.9240474,75.8269348,2016-10-26T09:30:33Z
26.9240474,75.8269348,2016-10-26T09:30:38Z
26.9240474,75.8269348,2016-10-26T09:30:43Z
26.9240474,75.8269348,2016-10-26T09:30:48Z
26.9240474,75.8269348,2016-10-26T09:30:53Z
26.9240474,75.8269348,2016-10-26T09:30:58Z
26.9240474,75.8269348,2016-10-26T09:31:03Z
26.9240474,75.8269348,2016-10-26T09:31:08Z
26.9240455,75.8269348,2016-10-26T09:31:13Z
26.9240398,75.8269271,2016-10-26T09:31:18Z
26.9240341,75.8269271,2016-10-26T09:31:23Z
26.9239864,75.8269195,2016-10-26T09:31:28Z
26.9239044,75.8268737,2016-10-26T09:31:33Z
26.9238777,75.8268356,2016-10-26T09:31:38Z
26.9238414,75.8268508,2016-10-26T09:31:43Z
26.9238357,75.8268661,2016-10-26T09:31:48Z
26.9238395,75.8268737,2016-10-26T09:31:53Z
26.9238452,75.8268814,2016-10-26T09:31:58Z
26.9238510,75.8268814,2016-10-26T09:32:03Z
26.9238567,75.8268890,2016-10-26T09:32:08Z
